Address,Opcode,Executed,Taken,Offset,Size,Flag_Write_PC,Flag_Instr_Opcode,Same_BBL,Routine_Type,Regs_Read,Regs_Write,Prev_Op_1,Prev_Size_1,Prev_Op_2,Prev_Size_2,Prev_Op_3,Prev_Size_3,Prev_Op_4,Prev_Size_4,Prev_Op_5,Prev_Size_5,Next_Op_1,Next_Size_1,Next_Op_2,Next_Size_2,Next_Op_3,Next_Size_3,Next_Op_4,Next_Size_4,Next_Op_5,Next_Size_5,br_is_loop_header,t_dominates,t_post_dominates,t_is_loop_head,t_is_backedge,t_successor_ends,t_is_loop_exit,t_has_call,f_dominates,f_post_dominates,f_is_loop_head,f_is_backedge,f_successor_ends,f_is_loop_exit,f_has_call,branch_bb_addr,taken_bb_addr,fall_bb_addr,taken_ubd,fall_ubd,taken_store,fall_store,Language,weight,rate,y,predicted,actual
0x4d4b71,JNZ,7,6,-33,2,0x4d4b6e,CMP,1,Leaf,rsp(-1) rcx(MOV) cl(MOV) ,rflags ,CMP,3,MOV,3,JZ,2,CMP,3,MOV,3,INC,3,INC,3,INC,3,ADD,7,XOR,2,0,0,0,1,1,JE,0,0,1,0,0,0,INC,1,0,5065579,5065552,5065587,0,0,0,0,fortran,8.864046685776603e-11,0.8571428571428571,1,1,1
0x4d4b69,JZ,7,0,13,2,0x4d4b66,CMP,1,Leaf,rsp(-1) rcx(MOV) cl(MOV) ,rflags ,CMP,3,MOV,3,JZ,2,CMP,3,MOV,3,MOV,3,CMP,3,JNZ,2,INC,3,INC,3,0,1,0,0,0,INC,1,0,1,0,0,0,JNE,0,0,5065571,5065590,5065579,0,0,0,0,fortran,8.864046685776603e-11,0.0,0,0,0
0x4d4b61,JZ,7,0,24,2,0x4d4b5e,CMP,1,Leaf,rsp(-1) rcx(MOV) cl(MOV) ,rflags ,CMP,3,MOV,3,JZ,2,CMP,3,MOV,2,MOV,3,CMP,3,JZ,2,MOV,3,CMP,3,0,1,0,0,0,INC,1,0,1,0,0,0,JE,0,0,5065563,5065593,5065571,0,0,0,0,fortran,8.864046685776603e-11,0.0,0,0,0
0x4d4b59,JZ,7,0,35,2,0x4d4b56,CMP,1,Leaf,rsp(-1) rcx(MOV) cl(MOV) ,rflags ,CMP,3,MOV,2,ADD,4,NOP,10,NOP,4,MOV,3,CMP,3,JZ,2,MOV,3,CMP,3,1,1,1,0,0,RET,1,0,1,0,0,0,JE,0,0,5065552,5065596,5065563,1,0,0,0,fortran,8.864046685776603e-11,0.0,0,0,0
0x4d4b1f,JZ,1,0,31,2,0x4d4b1c,TEST,1,Leaf,cl(MOV) ,rflags ,TEST,3,MOV,3,MOV,3,JZ,2,TEST,2,MOV,3,MOV,3,TEST,3,JZ,2,MOV,3,0,0,1,0,0,NOP,1,0,1,0,0,0,JE,0,0,5065494,5065534,5065505,0,1,0,1,fortran,1.266292383682372e-11,0.0,0,0,0
0x4d4b14,JZ,1,0,42,2,0x4d4b12,TEST,1,Leaf,cl(MOV) cl(MOV) ,rflags ,TEST,2,MOV,2,NOP,2,MOV,3,STOSQ,3,MOV,3,MOV,3,TEST,3,JZ,2,MOV,3,1,1,1,0,0,NOP,1,0,1,0,0,0,JE,0,0,5065488,5065534,5065494,0,1,0,1,fortran,1.266292383682372e-11,0.0,0,0,0
0x4cff2c,JZ,1,0,36,2,0x4cff28,CMP,1,NonLeaf,rsi(-1) ,rflags ,CMP,4,JZ,2,TEST,2,MOVZX,3,JZ,2,MOV,3,CALL_NEAR,5,TEST,3,JZ,2,MOV,3,0,1,0,0,0,JE,0,0,1,0,0,0,CALL,0,1,5046056,5046096,5046062,0,0,0,1,fortran,1.266292383682372e-11,0.0,0,0,0
0x4cff26,JZ,1,0,53,2,0x4cff24,TEST,1,NonLeaf,al(MOVZX) al(MOVZX) ,rflags ,TEST,2,MOVZX,3,JZ,2,TEST,3,MOV,3,CMP,4,JZ,2,MOV,3,CALL_NEAR,5,TEST,3,0,1,0,0,0,RET,0,0,1,0,0,0,JE,0,0,5046049,5046107,5046056,0,0,1,0,fortran,1.266292383682372e-11,0.0,0,0,0
0x4cff1f,JZ,2,1,105,2,0x4cff1c,TEST,1,NonLeaf,rbx(MOV) rbx(MOV) ,rflags ,TEST,3,MOV,3,SUB,4,PUSH,1,MOV,3,MOVZX,3,TEST,2,JZ,2,CMP,4,JZ,2,0,1,0,0,0,JMP,0,0,1,0,0,0,JE,0,0,5046032,5046152,5046049,0,0,0,0,fortran,2.532584767364744e-11,0.5,0,0,0
0x4c5fa2,JNZ,406,406,46,2,0x4c5f98,TEST,1,Leaf,eax(SHR) ,rflags ,MOV,3,MOV,2,TEST,5,SUB,6,AND,6,TEST,3,JZ,2,BSR,4,XOR,4,LEA,3,0,1,0,0,0,RET,0,0,1,0,0,0,JE,0,0,5005152,5005264,5005220,0,0,1,0,fortran,5.1411470777504314e-09,1.0,1,0,1
0x4c5ea4,JLE,1513,1513,39,2,0x4c5ea1,TEST,1,NonLeaf,r10(MOV) r10(MOV) ,rflags ,TEST,3,SUB,3,MOV,5,JNZ,2,CMP,4,NEG,3,ADD,3,XOR,2,SHL,4,XOR,3,0,1,1,0,0,RET,1,0,1,0,0,0,NOP,0,0,5004953,5005003,5004966,0,1,1,0,fortran,1.9159003765114287e-08,1.0,1,0,1
0x4c5e97,JNZ,1255,0,-23,2,0x4c5e93,CMP,1,NonLeaf,rbx(SUB) ,rflags ,CMP,4,MOV,4,DIV,3,SUB,4,SUB,4,MOV,5,SUB,3,TEST,3,JLE,2,NEG,3,1,1,1,1,1,JNE,0,0,0,1,0,0,JLE,1,0,5004928,5004928,5004953,1,0,1,0,fortran,1.5891969415213768e-08,0.0,0,1,0
0x4c5e7a,JS,1513,258,31,2,0x4c5e76,SUB,1,NonLeaf,rbx(SUB) ,rbx rflags ,SUB,4,ADD,3,LEA,8,MOV,5,MOV,5,LEA,4,MOV,4,SUB,4,SUB,4,DIV,3,0,1,1,0,0,JLE,1,0,1,0,0,0,LEA,0,0,5004897,5004953,5004924,0,0,0,0,fortran,1.9159003765114287e-08,0.170522141440846,0,0,0
0x4c5e5b,JBE,1513,111,133,6,0x4c5e58,CMP,1,NonLeaf,rcx(MOV) rdx(MOV) ,rflags ,CMP,3,XOR,3,MOV,5,MOV,3,JMP,5,MOV,5,MOV,5,LEA,8,ADD,3,SUB,4,0,1,0,0,0,JMP,0,0,1,1,0,0,JS,0,0,5004877,5005024,5004897,1,0,0,0,fortran,1.9159003765114287e-08,0.0733641771315267,0,0,0
0x4c5b0f,JZ,1513,1513,830,6,0x4c5af4,CMP,1,NonLeaf,r9(-1) ,rflags ,MOV,5,MOV,5,MOV,3,MOV,5,MOV,5,CMP,4,JZ,6,TEST,3,JZ,6,MOV,5,0,1,0,0,0,JBE,0,0,1,0,0,0,JE,1,0,5004000,5004877,5004053,0,0,0,0,fortran,1.9159003765114287e-08,1.0,1,1,1
0x4c53c5,JNZ,44,43,-53,2,0x4c53c2,TEST,1,NonLeaf,rdi(MOV) rdi(MOV) ,rflags ,TEST,3,MOV,3,ADD,4,JZ,2,TEST,2,POP,1,RET_NEAR,1,CMP,3,JNZ,2,MOV,5,0,0,0,1,1,JNE,0,0,0,1,0,0,RET,1,0,5002171,5002128,5002183,0,0,0,0,fortran,5.571686488202436e-10,0.9772727272727272,1,1,1
0x4c5393,JNZ,44,44,40,2,0x4c5390,CMP,1,NonLeaf,rdi(-1) ,rflags ,CMP,3,JZ,2,TEST,3,MOV,3,MOV,7,XOR,2,JMP,2,NOP,7,TEST,2,JZ,2,1,1,1,0,0,JNE,0,0,1,0,0,0,JMP,0,0,5002128,5002171,5002133,0,0,0,0,fortran,5.571686488202436e-10,1.0,1,1,1
0x4c538e,JZ,1,0,57,2,0x4c538b,TEST,1,NonLeaf,rdi(MOV) rdi(MOV) ,rflags ,TEST,3,MOV,3,MOV,7,PUSH,1,INVALID,0,CMP,3,JNZ,2,XOR,2,JMP,2,NOP,7,0,1,1,0,0,RET,0,0,1,0,1,0,JNE,0,0,5002112,5002183,5002128,0,0,0,0,fortran,1.266292383682372e-11,0.0,0,0,0
0x4c2662,JZ,1,0,457,6,0x4c265c,TEST,1,NonLeaf,rax(-1) rax(-1) ,rflags ,MOV,3,TEST,3,CALL_NEAR,5,LEA,4,MOV,7,MOV,4,MOV,4,LEA,4,MOV,3,MOV,4,0,0,0,0,0,CALL,0,1,1,0,0,0,CALL,0,1,4990556,4991019,4990568,0,1,1,1,fortran,1.266292383682372e-11,0.0,0,0,0
0x4c22f8,JZ,1,1,840,6,0x4c22e1,CMP,1,NonLeaf,rbx(-1) ,rflags ,MOV,4,MOV,8,MOV,7,CMP,4,ADD,4,MOV,3,MOV,4,SHL,4,CMP,4,LEA,5,0,1,0,0,0,CALL,1,1,1,0,0,0,JA,0,0,4989661,4990528,4989694,0,0,1,1,fortran,1.266292383682372e-11,1.0,1,0,1
0x4c22c0,JZ,1,1,29,2,0x4c22bc,CMP,1,NonLeaf,rbp(-1) ,rflags ,CMP,4,SHL,4,MOV,3,JNZ,2,TEST,3,ADD,4,MOV,4,MOV,3,MOV,4,MOV,4,0,1,1,0,0,JE,0,0,1,0,0,0,SHL,0,0,4989628,4989661,4989634,0,0,1,1,fortran,1.266292383682372e-11,1.0,1,1,1
0x4c2273,JZ,1,1,73,2,0x4c2270,TEST,1,NonLeaf,r15(-1) r15(-1) ,rflags ,TEST,3,NOP,8,XOR,2,AND,5,MOV,4,MOV,4,XOR,2,MOV,5,BT,4,JNB,2,0,1,1,0,0,JE,0,0,1,0,0,0,MOV,0,0,4989552,4989628,4989557,0,0,0,0,fortran,1.266292383682372e-11,1.0,1,0,1
0x4c2247,JZ,1,0,14,2,0x4c2242,AND,1,NonLeaf,eax(AND) ,eax rflags ,AND,5,JNZ,2,CMP,3,OR,9,SUB,7,LEA,4,SUB,3,OR,5,LEA,5,XOR,3,0,1,1,0,0,NOP,0,0,1,0,0,0,OR,0,0,4989506,4989525,4989513,0,0,1,1,fortran,1.266292383682372e-11,0.0,0,1,0
0x4c2240,JNZ,1,0,-19,2,0x4c223d,CMP,1,NonLeaf,rsp(-1) rdx(-1) ,rflags ,CMP,3,OR,9,SUB,7,JMP,2,MOV,3,AND,5,JZ,2,LEA,4,SUB,3,OR,5,1,1,0,0,0,OR,0,0,1,1,0,0,JE,1,0,4989501,4989485,4989506,1,0,1,0,fortran,1.266292383682372e-11,0.0,0,1,0
0x4c21d3,JNZ,3,3,-51,2,0x4c21cb,CMP,1,NonLeaf,r14(-1) ,rflags ,MOV,3,CMP,5,JBE,2,CMP,3,SUB,3,CMP,3,JNZ,2,MOV,5,MOV,5,CALL_NEAR,5,1,1,0,0,0,MOV,0,0,1,0,0,0,JNE,0,0,4989387,4989344,4989397,0,0,0,0,fortran,3.798877151047116e-11,1.0,1,0,1
0x4c21c9,JBE,3,1,-105,2,0x4c21c6,CMP,1,NonLeaf,r12(-1) rax(SUB) ,rflags ,CMP,3,SUB,3,MOV,3,LEA,4,ADD,3,CMP,5,MOV,3,JNZ,2,CMP,3,JNZ,2,0,0,0,0,0,JBE,1,0,0,0,1,1,JNE,0,0,4989348,4989280,4989387,0,0,0,0,fortran,3.798877151047116e-11,0.3333333333333333,0,0,0
0x4c2192,JNBE,1,1,57,2,0x4c2187,CMP,1,NonLeaf,r12(MOV) ,rflags ,LEA,4,MOV,3,CMP,4,ADD,3,MOV,4,JMP,2,NOP,10,MOV,4,ADD,4,ADD,4,0,1,0,1,0,JNE,0,0,1,0,0,0,JMP,0,0,4989304,4989387,4989332,0,0,0,0,fortran,1.266292383682372e-11,1.0,1,1,1
0x4c2176,JNZ,4,3,-22,2,0x4c2172,CMP,1,NonLeaf,r15(-1) ,rflags ,CMP,4,JBE,6,CMP,4,ADD,4,ADD,4,MOV,4,MOV,4,MOV,4,ADD,3,CMP,4,1,1,0,0,0,JBE,0,0,1,0,0,0,JA,0,0,4989298,4989280,4989304,1,0,0,0,fortran,5.065169534729488e-11,0.75,1,1,1
0x4c216c,JBE,4,1,149,6,0x4c2168,CMP,1,NonLeaf,rbp(-1) r13(ADD) ,rflags ,CMP,4,ADD,4,ADD,4,NOP,2,JMP,2,CMP,4,JNZ,2,MOV,4,MOV,4,MOV,4,0,1,0,0,0,MOV,1,0,0,0,1,1,JNE,0,0,4989280,4989441,4989298,0,0,0,0,fortran,5.065169534729488e-11,0.25,0,0,0
0x4c2145,JZ,1,0,196,6,0x4c213e,TEST,1,NonLeaf,rax(MOVZX) rax(MOVZX) ,rflags ,MOV,4,TEST,3,MOVZX,7,MOV,7,JZ,6,XOR,3,MOV,4,MOV,4,MOV,3,MOV,3,0,0,0,0,0,JMP,0,0,1,0,0,0,JMP,0,0,4989232,4989449,4989259,0,0,0,1,fortran,1.266292383682372e-11,0.0,0,0,0
0x4c212a,JZ,1,0,223,6,0x4c2123,TEST,1,NonLeaf,rax(MOV) rax(MOV) ,rflags ,MOV,4,TEST,3,MOV,7,JNZ,2,TEST,3,MOV,7,MOVZX,7,TEST,3,MOV,4,JZ,6,0,1,0,0,0,JMP,0,0,1,0,0,0,JE,0,0,4989212,4989449,4989232,0,1,0,1,fortran,1.266292383682372e-11,0.0,0,0,0
0x4c20e0,JZ,1,1,60,2,0x4c20dd,AND,1,NonLeaf,r15(AND) rsi(MOV) ,r15 rflags ,AND,3,MOV,7,MOV,3,MOVZX,4,MOV,3,XOR,2,XOR,2,MOV,5,NOP,5,MOV,2,0,1,1,0,0,JE,1,0,1,0,0,0,NOP,0,0,4989072,4989212,4989154,0,0,1,0,fortran,1.266292383682372e-11,1.0,1,0,1
0x4c0914,JZ,1,1,-269,6,0x4c090f,TEST,1,NonLeaf,eax(-1) eax(-1) ,rflags ,MOV,3,TEST,2,JMP,5,MOV,10,JMP,5,JMP,2,NOP,4,XOR,2,JMP,5,NOP,9,0,0,0,0,0,ADD,0,0,1,0,0,0,JMP,0,0,4983055,4982791,4983066,0,0,0,0,fortran,1.266292383682372e-11,1.0,1,0,1
0x4c0833,JZ,1,1,139,6,0x4c0830,TEST,1,NonLeaf,bpl(MOVZX) bpl(MOVZX) ,rflags ,TEST,3,MOV,3,MOVZX,3,MOV,4,MOV,7,MOV,4,XOR,3,CALL_NEAR,5,MOV,3,LEA,4,0,0,1,0,0,RET,0,0,1,0,0,0,CALL,0,1,4982808,4982974,4982841,0,0,0,1,fortran,1.266292383682372e-11,1.0,1,1,1
0x4c07e9,JNZ,1,0,10,2,0x4c07e6,TEST,1,NonLeaf,rbp(-1) rbp(-1) ,rflags ,TEST,3,MOV,5,MOV,7,ADD,6,JZ,6,JMP,5,MOV,3,MOV,7,TEST,3,JNZ,2,0,1,0,1,0,JNE,0,0,1,0,0,0,JMP,0,0,4982758,4982771,4982763,0,0,0,0,fortran,1.266292383682372e-11,0.0,0,1,0
0x4c07ce,JZ,1,1,338,6,0x4c07cb,TEST,1,NonLeaf,rax(MOV) rax(MOV) ,rflags ,TEST,3,MOV,7,SHL,4,LEA,4,MOV,7,ADD,6,MOV,7,MOV,5,TEST,3,JNZ,2,0,1,0,0,0,JMP,0,0,1,0,0,0,MOV,0,0,4982680,4983072,4982740,0,1,0,1,fortran,1.266292383682372e-11,1.0,1,0,1
0x4c0792,JZ,1,1,366,6,0x4c0785,TEST,1,NonLeaf,rip(JZ) ,rflags ,MOV,6,TEST,7,OR,3,AND,3,MOVZX,7,LEA,7,MOV,7,MOV,4,MOV,11,MOV,7,0,1,0,0,0,JMP,0,0,1,1,0,0,JE,0,0,4982623,4983040,4982680,0,0,1,1,fortran,1.266292383682372e-11,1.0,1,0,1
0x4c0726,JZ,1,0,619,6,0x4c0720,TEST,1,NonLeaf,rax(-1) rax(-1) ,rflags ,MOV,3,TEST,3,CALL_NEAR,5,LEA,4,MOV,5,MOV,4,LEA,7,LEA,7,MOV,3,MOV,3,0,1,0,0,0,JMP,0,0,1,0,0,0,CALL,0,1,4982560,4983185,4982572,0,1,0,1,fortran,1.266292383682372e-11,0.0,0,0,0
0x4c06bc,JZ,1,1,24,2,0x4c06b9,TEST,1,NonLeaf,rax(MOV) rax(MOV) ,rflags ,TEST,3,MOV,5,MOV,7,ADD,4,MOV,7,ADD,4,MOV,5,POP,1,POP,1,JMP,2,0,1,0,0,0,RET,0,0,1,0,0,0,JMP,0,0,4982412,4982484,4982462,0,0,0,0,fortran,1.266292383682372e-11,1.0,1,0,1
0x4c066f,JNZ,1,0,12,2,0x4c066c,TEST,1,NonLeaf,rdx(MOV) rdx(MOV) ,rflags ,TEST,3,MOV,7,SHL,4,LEA,4,CALL_NEAR,2,JMP,2,NOP,5,MOV,3,MOV,4,TEST,3,0,1,0,1,0,JNE,0,0,1,0,0,0,JMP,0,0,4982365,4982395,4982385,0,0,0,0,fortran,1.266292383682372e-11,0.0,0,1,0
0x4c0654,JZ,1,1,9,2,0x4c0651,TEST,1,NonLeaf,rax(MOV) rax(MOV) ,rflags ,TEST,3,SUB,4,MOV,3,PUSH,1,MOV,3,MOV,5,CALL_NEAR,2,LEA,4,SHL,4,MOV,7,0,1,1,0,0,JNE,0,0,1,0,0,0,CALL,0,1,4982336,4982365,4982358,0,0,0,1,fortran,1.266292383682372e-11,1.0,1,0,1
0x4c05ba,JZ,1,0,85,2,0x4c05b7,TEST,1,Leaf,rax(MOV) rax(MOV) ,rflags ,TEST,3,MOV,7,INVALID,0,INVALID,0,INVALID,0,MOV,4,MOV,2,MOV,6,MOV,3,MOV,4,0,1,0,0,0,JE,0,0,1,0,0,0,RET,0,0,4982192,4982287,4982204,0,1,0,1,fortran,1.266292383682372e-11,0.0,0,0,0
0x4be012,JZ,1,0,246,6,0x4be00e,CMP,1,NonLeaf,rdi(MOV) ,rflags ,CMP,4,MOV,7,CALL_NEAR,5,MOV,3,MOV,5,MOV,10,LEA,4,POP,1,POP,2,POP,2,0,1,0,0,0,CALL,0,1,1,1,0,0,RET,0,0,4972551,4972808,4972568,0,0,1,1,fortran,1.266292383682372e-11,0.0,0,0,0
0x4bdfe2,JZ,1,0,325,6,0x4bdfd8,TEST,1,NonLeaf,rax(-1) rax(-1) ,rflags ,MOV,7,TEST,3,CALL_NEAR,5,LEA,8,JNZ,2,MOV,6,XOR,3,MOV,3,MOV,6,MOV,5,0,0,0,0,0,MOV,0,0,1,0,0,0,CALL,0,1,4972504,4972839,4972520,0,0,0,1,fortran,1.266292383682372e-11,0.0,0,0,0
0x4bdfc9,JNZ,27,26,-25,2,0x4bdfc7,TEST,1,NonLeaf,cl(MOVZX) cl(MOVZX) ,rflags ,TEST,2,MOVZX,5,ADD,4,CMOVBE,4,CMP,3,LEA,8,CALL_NEAR,5,TEST,3,MOV,7,JZ,6,1,1,1,1,1,JNE,0,0,1,1,0,0,LEA,1,0,4972464,4972464,4972491,1,0,0,0,fortran,3.4189894359424045e-10,0.9629629629629628,1,1,1
0x4bdfa3,JZ,1,0,378,6,0x4bdfa1,TEST,1,NonLeaf,cl(MOVZX) cl(MOVZX) ,rflags ,TEST,2,MOV,3,MOVZX,5,CALL_NEAR,5,AND,4,MOV,5,NOP,2,SUB,3,LEA,4,CMP,3,0,1,0,0,0,JMP,1,0,1,0,0,0,NOP,0,0,4972441,4972829,4972457,0,0,0,0,fortran,1.266292383682372e-11,0.0,0,0,0
0x4bdf73,JNZ,1,0,-19,2,0x4bdf70,CMP,1,NonLeaf,rsp(-1) rcx(-1) ,rflags ,CMP,3,OR,9,SUB,7,NOP,7,JMP,2,AND,5,JZ,2,LEA,4,SUB,3,OR,5,1,1,0,0,0,OR,0,0,1,1,0,0,JE,1,0,4972400,4972384,4972405,1,0,1,0,fortran,1.266292383682372e-11,0.0,0,1,0
0x4bdee2,JNZ,1,1,78,2,0x4bdedd,CMP,1,NonLeaf,r12(-1) ,rflags ,CMP,5,JZ,2,MOV,8,MOV,11,MOV,7,MOV,11,LEA,4,POP,1,POP,2,POP,2,0,1,0,0,0,CALL,0,1,0,0,0,0,RET,1,0,4972253,4972336,4972260,0,0,1,1,fortran,1.266292383682372e-11,1.0,1,0,1
0x4bdedb,JZ,1,0,9,2,0x4bdebe,TEST,1,NonLeaf,r12(-1) r12(-1) ,rflags ,MOV,8,MOV,11,MOV,7,TEST,3,MOV,8,CMP,5,JNZ,2,MOV,11,LEA,4,POP,1,0,1,0,0,0,RET,1,0,1,0,0,0,JNE,0,0,4972222,4972260,4972253,0,0,1,0,fortran,1.266292383682372e-11,0.0,0,0,0
0x4bde53,JZ,1,1,107,2,0x4bde50,CMP,1,NonLeaf,rbx(-1) rax(-1) ,rflags ,CMP,3,MOV,5,MOV,7,JBE,6,MOV,7,MOV,3,SUB,3,MOV,3,SHR,4,LEA,8,0,0,1,0,0,JE,1,0,0,0,0,0,JE,0,0,4972112,4972222,4972117,0,0,1,0,fortran,1.266292383682372e-11,1.0,1,0,1
0x4bde0b,JBE,1,1,637,6,0x4bde00,CMP,1,NonLeaf,rax(-1) ,rflags ,MOV,7,CMP,4,JBE,6,MOV,7,CMP,4,CMP,4,MOV,7,JBE,6,CMP,4,MOV,7,0,1,0,0,0,JMP,0,0,1,0,0,0,JBE,0,0,4972032,4972680,4972049,0,0,0,1,fortran,1.266292383682372e-11,1.0,1,0,1
0x4bddfa,JBE,1,0,702,6,0x4bddef,CMP,1,NonLeaf,rax(-1) ,rflags ,MOV,7,CMP,4,JNBE,6,CMP,4,CMOVNBE,4,CMP,4,MOV,7,JBE,6,CMP,4,MOV,7,0,1,0,0,0,JMP,0,0,1,0,0,0,JBE,0,0,4972015,4972728,4972032,0,0,0,1,fortran,1.266292383682372e-11,0.0,0,0,0
0x4bdde9,JNBE,1,0,279,6,0x4bdde5,CMP,1,NonLeaf,rbx(-1) ,rflags ,CMP,4,CMOVNBE,4,CMP,3,AND,3,NEG,3,CMP,4,MOV,7,JBE,6,CMP,4,MOV,7,0,1,0,0,0,JNE,0,0,1,0,0,0,JBE,0,0,4971930,4972288,4972015,0,0,0,1,fortran,1.266292383682372e-11,0.0,0,0,0
0x4bdd2f,JZ,1,1,107,2,0x4bdd2c,CMP,1,NonLeaf,rbx(-1) rax(-1) ,rflags ,CMP,3,MOV,5,MOV,7,JBE,6,MOV,7,MOV,3,SUB,3,MOV,3,SHR,4,LEA,8,0,0,1,0,0,JA,1,0,0,0,0,0,JE,0,0,4971820,4971930,4971825,0,0,1,0,fortran,1.266292383682372e-11,1.0,1,0,1
0x4bdce7,JBE,1,1,849,6,0x4bdcdc,CMP,1,NonLeaf,rax(-1) ,rflags ,MOV,7,CMP,4,JBE,6,MOV,7,CMP,4,CMP,4,MOV,7,JBE,6,CMP,4,MOV,7,0,1,0,0,0,JMP,0,0,1,0,0,0,JBE,0,0,4971740,4972600,4971757,0,0,0,1,fortran,1.266292383682372e-11,1.0,1,0,1
0x4bdcd6,JBE,1,0,1010,6,0x4bdccb,CMP,1,NonLeaf,rax(-1) ,rflags ,MOV,7,CMP,4,JNBE,6,CMP,4,CMOVNBE,4,CMP,4,MOV,7,JBE,6,CMP,4,MOV,7,0,1,0,0,0,JMP,0,0,1,0,0,0,JBE,0,0,4971723,4972744,4971740,0,0,0,1,fortran,1.266292383682372e-11,0.0,0,0,0
0x4bdcc5,JNBE,1,0,595,6,0x4bdcc1,CMP,1,NonLeaf,rbx(-1) ,rflags ,CMP,4,CMOVNBE,4,CMP,3,AND,3,NEG,3,CMP,4,MOV,7,JBE,6,CMP,4,MOV,7,0,1,0,0,0,JNE,0,0,1,0,0,0,JBE,0,0,4971686,4972312,4971723,0,0,0,1,fortran,1.266292383682372e-11,0.0,0,0,0
0x4bdca0,JZ,1,0,1080,6,0x4bdc6c,TEST,1,NonLeaf,rbx(-1) rbx(-1) ,rflags ,MOV,8,MOV,8,MOV,8,MOV,8,MOV,7,LEA,4,MOV,3,AND,3,SHR,4,NEG,3,0,1,0,0,0,JMP,1,0,1,0,0,0,JA,0,0,4971628,4972760,4971686,0,0,1,0,fortran,1.266292383682372e-11,0.0,0,0,0
0x4bdc66,JZ,1,0,1217,6,0x4bdc5d,TEST,1,NonLeaf,rax(-1) rax(-1) ,rflags ,MOV,3,MOV,3,TEST,3,CALL_NEAR,5,SHL,4,TEST,3,MOV,10,MOV,7,MOV,8,MOV,8,0,1,0,0,0,MOV,1,0,1,0,0,0,JE,0,0,4971613,4972839,4971628,0,0,0,1,fortran,1.266292383682372e-11,0.0,0,0,0
0x4bdc1f,JZ,1,0,1315,6,0x4bdc12,TEST,1,NonLeaf,rax(-1) rax(-1) ,rflags ,MOV,7,MOV,3,TEST,3,CALL_NEAR,5,MOV,7,MOV,7,MOV,10,LEA,8,MOV,3,MUL,3,0,1,0,0,0,JMP,1,0,1,0,0,0,CALL,0,1,4971538,4972866,4971557,0,0,0,1,fortran,1.266292383682372e-11,0.0,0,0,0
0x4bb2ef,JZ,1,1,-637,6,0x4bb2ed,TEST,1,NonLeaf,ecx(MOV) ecx(MOV) ,rflags ,TEST,2,MOV,5,LEA,4,MOV,4,NOP,10,CMP,4,JZ,6,CMP,4,JNZ,6,MOV,5,0,0,0,0,0,JE,0,0,1,0,0,0,JE,0,0,4960992,4960370,4961013,0,0,0,0,fortran,1.266292383682372e-11,1.0,1,0,1
0x4bb298,JZ,1,1,303,6,0x4bb289,CMP,1,NonLeaf,rsp(-1) ,rflags ,MOV,4,MOV,5,CMP,6,MOV,5,JBE,2,MOV,5,MOV,5,MOV,5,ADD,3,ADD,3,0,1,0,0,0,JMP,0,0,1,0,0,0,CALL,0,1,4960905,4961223,4960926,0,1,1,1,fortran,1.266292383682372e-11,1.0,1,0,1
0x4bb21c,JZ,1,1,109,2,0x4bb219,CMP,1,NonLeaf,r8(-1) rsi(-1) ,rflags ,CMP,3,MOV,5,MOV,4,JNZ,6,MOV,4,MOV,3,SUB,3,MOV,3,SHR,4,LEA,8,0,0,1,0,0,JE,0,0,0,0,0,0,JE,0,0,4960793,4960905,4960798,0,0,1,0,fortran,1.266292383682372e-11,1.0,1,1,1
0x4bb1e0,JZ,1,1,434,6,0x4bb1d8,CMP,1,NonLeaf,rsi(-1) ,rflags ,MOV,4,CMP,4,JZ,6,MOV,4,CMP,4,CMP,4,MOV,4,JZ,6,CMP,4,MOV,4,0,1,0,0,0,JMP,0,0,1,0,0,0,JE,0,0,4960728,4961170,4960742,0,0,0,1,fortran,1.266292383682372e-11,1.0,1,0,1
0x4bb1d2,JZ,1,0,408,6,0x4bb1ca,CMP,1,NonLeaf,rsi(-1) ,rflags ,MOV,4,CMP,4,JNBE,6,CMP,4,CMOVNBE,4,CMP,4,MOV,4,JZ,6,CMP,4,MOV,4,0,1,0,0,0,JMP,0,0,1,0,0,0,JE,0,0,4960714,4961130,4960728,0,0,0,1,fortran,1.266292383682372e-11,0.0,0,0,0
0x4bb1c4,JNBE,1,0,404,6,0x4bb1c0,CMP,1,NonLeaf,r8(-1) ,rflags ,CMP,4,CMOVNBE,4,CMP,3,AND,3,NEG,3,CMP,4,MOV,4,JZ,6,CMP,4,MOV,4,0,1,0,0,0,JNE,0,0,1,0,0,0,JE,0,0,4960677,4961112,4960714,0,0,0,1,fortran,1.266292383682372e-11,0.0,0,0,0
0x4bb188,JNB,1,0,9,2,0x4bb175,CMP,1,NonLeaf,rip(JNB) rbx(-1) ,rflags ,MOV,4,MOV,5,MOV,3,CMP,7,CALL_NEAR,5,MOV,7,XOR,2,CMP,4,SETNZ,3,ADD,2,0,1,1,0,0,JE,0,0,1,0,0,0,MOV,0,0,4960629,4960657,4960650,0,0,0,1,fortran,1.266292383682372e-11,0.0,0,0,0
0x4bb157,JZ,1,0,637,6,0x4bb147,TEST,1,NonLeaf,rax(-1) rax(-1) ,rflags ,MOV,5,MOV,5,MOV,3,TEST,3,CALL_NEAR,5,LEA,4,MOV,3,MOV,3,MOV,5,MOV,4,0,1,0,0,0,CALL,1,1,1,0,0,0,CALL,0,1,4960583,4961236,4960605,0,0,1,1,fortran,1.266292383682372e-11,0.0,0,0,0
0x4bb0fe,JZ,1,1,562,6,0x4bb0f8,CMP,1,NonLeaf,rsp(-1) ,rflags ,CMP,6,NOP,3,JMP,5,MOV,4,LEA,4,MOV,5,CALL_NEAR,5,ADD,4,MOV,5,MOV,7,0,1,0,0,0,JMP,0,0,1,0,0,0,CALL,0,1,4960504,4961072,4960516,0,1,1,1,fortran,1.266292383682372e-11,1.0,1,1,1
0x4bb094,JNZ,2,2,-12,2,0x4bb090,CMP,1,NonLeaf,r14(-1) rbx(-1) ,rflags ,CMP,4,JZ,2,TEST,3,MOV,3,NOP,5,MOV,4,MOV,3,MOV,3,CALL_NEAR,5,TEST,2,1,1,0,0,0,JE,0,0,1,0,0,0,CALL,0,1,4960400,4960392,4960406,1,0,0,1,fortran,2.532584767364744e-11,1.0,1,1,1
0x4bb08e,JZ,2,1,106,2,0x4bb08b,TEST,1,NonLeaf,r14(MOV) r14(MOV) ,rflags ,TEST,3,MOV,3,NOP,5,JMP,2,MOV,3,CMP,4,JNZ,2,MOV,4,MOV,3,MOV,3,0,0,0,0,0,JE,1,0,0,0,1,1,JNE,0,0,4960392,4960504,4960400,0,0,0,0,fortran,2.532584767364744e-11,0.5,0,0,0
0x4bb07c,JZ,1,0,124,2,0x4bb079,TEST,1,NonLeaf,r13(MOV) r13(MOV) ,rflags ,TEST,3,MOV,7,MOV,6,JNZ,6,TEST,2,MOV,3,JMP,2,NOP,5,MOV,3,TEST,3,0,1,0,0,0,JE,0,0,1,0,0,0,JMP,0,0,4960370,4960504,4960382,0,0,0,0,fortran,1.266292383682372e-11,0.0,0,1,0
0x4bb03f,JNZ,1,1,-23,2,0x4bb03b,CMP,1,NonLeaf,rax(MOV) ,rflags ,CMP,4,MOV,3,JNZ,6,LEA,4,CMP,6,CMP,4,JNZ,6,MOV,4,TEST,2,JNZ,2,1,1,0,0,0,JNE,0,0,0,0,0,0,JNE,1,0,4960315,4960296,4960321,0,0,0,0,fortran,1.266292383682372e-11,1.0,1,1,1
0x4bb032,JNZ,1,1,686,6,0x4bb028,CMP,1,NonLeaf,r15(-1) rax(-1) ,rflags ,LEA,4,CMP,6,NOP,6,JMP,5,JZ,2,MOV,3,CMP,4,JNZ,2,CMP,4,JNZ,6,0,0,0,0,0,JE,1,0,1,0,0,0,MOV,0,0,4960296,4960992,4960312,0,0,1,0,fortran,1.266292383682372e-11,1.0,1,1,1
0x4bb01b,JZ,1,1,32,2,0x4bb011,CMP,1,NonLeaf,r15(-1) rbx(-1) ,rflags ,LEA,4,CMP,6,JBE,2,CMP,4,JZ,2,JMP,5,NOP,6,CMP,6,LEA,4,JNZ,6,0,1,0,1,0,JNE,0,0,1,0,0,0,JMP,0,0,4960273,4960315,4960285,0,0,0,0,fortran,1.266292383682372e-11,1.0,1,1,1
0x4bb00f,JBE,1,0,50,2,0x4bb00b,CMP,1,NonLeaf,rax(-1) ,rflags ,CMP,4,JZ,2,MOV,3,TEST,3,CALL_NEAR,5,CMP,6,LEA,4,JZ,2,JMP,5,NOP,6,0,1,0,0,0,JNE,0,0,1,0,0,0,JE,0,0,4960267,4960321,4960273,0,1,0,0,fortran,1.266292383682372e-11,0.0,0,0,0
0x4bb009,JZ,1,0,87,2,0x4bb003,TEST,1,NonLeaf,rax(-1) rax(-1) ,rflags ,MOV,3,TEST,3,CALL_NEAR,5,MOV,3,JZ,6,CMP,4,JBE,2,CMP,6,LEA,4,JZ,2,0,1,0,0,0,JNE,0,0,1,0,0,0,JBE,0,0,4960259,4960352,4960267,0,0,0,0,fortran,1.266292383682372e-11,0.0,0,0,0
0x4baff5,JZ,2,1,841,6,0x4bafef,TEST,1,NonLeaf,rax(-1) rax(-1) ,rflags ,MOV,3,TEST,3,CALL_NEAR,5,LEA,5,MOV,5,MOV,3,CALL_NEAR,5,TEST,3,MOV,3,JZ,2,0,1,0,0,0,RET,1,0,1,0,0,0,CALL,0,1,4960239,4961086,4960251,0,0,1,1,fortran,2.532584767364744e-11,0.5,0,0,0
0x4baa63,JNBE,562,0,13,2,0x4baa60,CMP,1,Leaf,rsi(-1) rdx(-1) ,rflags ,CMP,3,XOR,2,MOV,7,JNBE,2,MOV,3,RET_NEAR,2,NOP,9,MOV,7,MOV,7,MOV,5,0,1,0,0,0,RET,0,0,1,0,0,0,REPZ RET,0,0,4958807,4958832,4958821,0,0,1,0,fortran,7.11656319629493e-09,0.0,0,0,0
0x4baa55,JNBE,562,0,47,2,0x4baa4c,CMP,1,Leaf,rax(-1) ,rflags ,MOV,3,CMP,6,SYSCALL,2,MOV,2,MOV,3,MOV,7,XOR,2,CMP,3,JNBE,2,RET_NEAR,2,0,1,0,0,0,RET,0,0,1,0,0,0,JA,0,0,4958796,4958852,4958807,0,1,1,1,fortran,7.11656319629493e-09,0.0,0,0,0
0x4ba7cd,JNB,1,0,-182237,6,0x4ba7c7,CMP,1,Leaf,rax(-1) ,rflags ,CMP,6,SYSCALL,2,MOV,5,INVALID,0,INVALID,0,RET_NEAR,1,INVALID,0,INVALID,0,INVALID,0,INVALID,0,0,-1,-1,-1,-1,RET,-1,0,1,1,0,0,RET,0,0,4958151,4775920,4958163,1,0,1,0,fortran,1.266292383682372e-11,0.0,0,0,0
0x4aed77,JZ,1,1,7,2,0x4aed74,BSR,1,Leaf,edx(BSR) ,edx rflags ,BSR,3,AND,3,SHR,3,SUB,3,JMP,2,LEA,5,RET_NEAR,1,INVALID,0,INVALID,0,INVALID,0,0,1,1,0,0,RET,0,0,1,0,0,0,LEA,0,0,4910443,4910462,4910457,0,0,0,0,fortran,1.266292383682372e-11,1.0,1,1,1
0x4aed62,JZ,1,0,-54,2,0x4aed5f,BSR,1,Leaf,edx(BSR) ,edx rflags ,BSR,3,JNZ,2,MOV,5,MOV,6,BSF,4,LEA,5,JMP,2,SUB,3,SHR,3,AND,3,0,0,1,1,0,JE,0,0,1,0,0,0,JMP,0,0,4910431,4910380,4910436,0,0,0,0,fortran,1.266292383682372e-11,0.0,0,1,0
0x4aed5d,JNZ,2,1,14,2,0x4aed4e,BSF,1,Leaf,ecx(MOV) ,r9d rflags ,MOV,5,MOV,6,BSF,4,JZ,2,OR,2,BSR,3,JZ,2,LEA,5,JMP,2,SUB,3,0,1,1,0,0,JE,1,0,1,0,0,0,JE,0,0,4910414,4910443,4910431,1,0,0,0,fortran,2.532584767364744e-11,0.5,0,0,0
0x4aed2a,JNZ,1,1,36,2,0x4aed28,OR,1,Leaf,esi(OR) ecx(AND) ,esi rflags ,OR,2,MOV,2,XOR,2,AND,2,AND,2,MOVDQA,4,LEA,4,MOVDQA,4,PCMPEQB,4,PCMPEQB,4,0,1,1,0,0,JNE,0,0,1,0,1,0,JE,0,0,4910304,4910414,4910380,1,0,0,0,fortran,1.266292383682372e-11,1.0,1,0,1
0x4ac713,JBE,241,0,31,2,0x4ac710,CMP,1,NonLeaf,rax(SUB) rdx(SUB) ,rflags ,CMP,3,SUB,7,MOV,3,SUB,6,MOV,5,MOVSXD,3,MOV,3,MOV,3,CALL_NEAR,3,ADD,3,0,1,0,0,0,CALL,0,1,1,1,0,0,CALL,0,1,4900596,4900658,4900629,0,0,1,1,fortran,3.0517646446745166e-09,0.0,0,0,0
0x4ac6f2,JLE,241,0,-30,2,0x4ac6f0,TEST,1,NonLeaf,ebx(-1) ebx(-1) ,rflags ,TEST,2,NOP,7,XOR,3,RET_NEAR,1,POP,2,MOV,7,MOV,5,SUB,6,MOV,3,SUB,7,0,0,1,0,0,RET,0,0,1,0,0,0,JBE,0,0,4900592,4900564,4900596,0,0,0,0,fortran,3.0517646446745166e-09,0.0,0,0,0
0x4ac68a,JLE,241,241,92,2,0x4ac685,CMP,1,NonLeaf,edx(-1) ,rflags ,MOV,2,CMP,3,MOV,5,MOV,4,IMUL,4,MOV,6,XOR,3,SUB,7,JMP,2,NOP,2,0,1,0,0,0,NOP,0,0,1,0,0,0,JMP,0,0,4900485,4900582,4900492,0,0,0,0,fortran,3.0517646446745166e-09,1.0,1,0,1
0x4ac665,JZ,241,241,32,2,0x4ac65c,CMP,1,NonLeaf,esi(-1) ,rflags ,MOV,6,CMP,3,JZ,2,CMP,3,SUB,4,MOVZX,4,MOV,10,MOV,3,IMUL,4,MOV,4,0,0,1,0,0,JLE,0,0,1,0,0,0,MOV,0,0,4900444,4900485,4900455,0,1,0,1,fortran,3.0517646446745166e-09,1.0,1,0,1
0x4ac65a,JZ,241,0,43,2,0x4ac657,CMP,1,NonLeaf,esi(-1) ,rflags ,CMP,3,SUB,4,PUSH,1,PUSH,1,PUSH,2,CMP,3,MOV,6,JZ,2,MOVZX,4,MOV,10,0,1,1,0,0,JLE,0,0,1,0,0,0,JE,0,0,4900416,4900485,4900444,0,0,0,0,fortran,3.0517646446745166e-09,0.0,0,0,0
0x4a2a22,JNZ,1,1,-5127,6,0x4a2a1b,CMP,1,NonLeaf,rbp(-1) ,rflags ,CMP,7,JNZ,6,CMP,4,JMP,5,CALL_NEAR,5,MOV,5,MOV,5,MOV,3,CALL_NEAR,5,MOV,6,0,0,0,0,0,JLE,0,0,1,0,0,0,CALL,1,1,4860443,4855323,4860456,0,0,1,1,fortran,1.266292383682372e-11,1.0,1,1,1
0x4a25d3,JNB,406,0,1402,6,0x4a25cf,CMP,1,NonLeaf,rax(MOV) rbx(-1) ,rflags ,CMP,4,MOV,4,JMP,5,MOV,2,JZ,6,LEA,4,MOV,4,MOV,3,JMP,5,MOV,5,0,1,0,0,0,CALL,0,1,1,0,0,0,JMP,0,0,4859339,4860749,4859353,0,0,1,1,fortran,5.1411470777504314e-09,0.0,0,0,0
0x4a2548,JZ,1,0,14,2,0x4a2545,TEST,1,NonLeaf,rax(-1) rax(-1) ,rflags ,TEST,3,CALL_NEAR,5,SUB,2,MOV,3,MOV,5,MOV,4,MOV,4,ADD,4,MOV,4,OR,7,0,0,1,0,0,JMP,0,0,1,0,0,0,ADD,0,0,4859205,4859222,4859210,0,0,1,1,fortran,1.266292383682372e-11,0.0,0,0,0
0x4a252c,JNL,181,180,633,6,0x4a252a,CMP,1,NonLeaf,edx(TZCNT) eax(CMOVLE) ,rflags ,CMP,2,CMOVLE,4,CMP,4,TZCNT,5,MOV,4,MOV,4,MOV,5,MOV,3,SUB,2,CALL_NEAR,5,0,1,0,0,0,CALL,0,1,1,0,0,0,CALL,0,1,4859152,4859813,4859186,0,0,1,1,fortran,2.291989214465093e-09,0.994475138121547,1,1,1
0x4a24f4,JLE,269,88,-539,6,0x4a24ea,TEST,1,NonLeaf,r10d(-1) r10d(-1) ,rflags ,MOV,7,TEST,3,JMP,5,MOV,4,JNZ,2,MOV,4,MOV,4,MOV,5,MOV,4,CALL_NEAR,5,0,0,1,0,0,JMP,0,0,1,0,0,0,CALL,0,1,4859114,4858585,4859130,0,0,1,1,fortran,3.40632651210558e-09,0.3271375464684015,0,0,0
0x4a2486,JNL,1,0,-5012,6,0x4a2483,CMP,1,NonLeaf,eax(-1) r8d(-1) ,rflags ,CMP,3,JMP,5,TZCNT,6,JMP,5,MOV,6,LEA,4,SUB,4,MOV,3,LEA,4,MOV,3,0,0,0,0,0,CALL,0,1,1,0,0,0,CALL,0,1,4859011,4854002,4859020,0,0,1,1,fortran,1.266292383682372e-11,0.0,0,0,0
0x4a2343,JNLE,94,0,917,6,0x4a2340,CMP,1,NonLeaf,eax(-1) ,rflags ,CMP,3,JMP,5,CALL_NEAR,5,MOV,3,MOV,3,MOV,5,MOV,8,SUB,2,MOV,5,SHL,3,0,1,0,0,0,CALL,0,1,1,0,0,0,JMP,0,0,4858688,4859608,4858697,0,1,1,1,fortran,1.1903148406614296e-09,0.0,0,0,0
0x4a2317,JNB,82,82,-95,2,0x4a2312,CMP,1,NonLeaf,r11(-1) r9(-1) rax(MOV) ,rflags ,CMP,5,MOV,4,JNZ,2,JB,6,CMP,5,JMP,5,NOP,2,MOV,4,MOV,4,LEA,8,0,0,1,0,0,JE,0,0,1,0,0,0,JMP,0,0,4858638,4858552,4858649,0,0,0,0,fortran,1.038359754619545e-09,1.0,1,0,1
0x4a230c,JNZ,88,6,-84,2,0x4a2301,CMP,0,NonLeaf,r11(-1) r9(-1) rax(-1) ,rflags ,JB,6,CMP,5,MOV,4,MOV,4,JNZ,2,MOV,4,CMP,5,JNB,2,JMP,5,NOP,2,0,0,1,0,0,JE,0,0,1,0,0,0,JAE,0,0,4858636,4858552,4858638,0,0,0,0,fortran,1.1143372976404872e-09,0.0681818181818181,0,1,0
0x4a2306,JB,94,6,-250,6,0x4a2301,CMP,1,NonLeaf,r11(MOV) r9(-1) rax(MOV) ,rflags ,CMP,5,MOV,4,MOV,4,JNZ,2,CMP,3,JNZ,2,MOV,4,CMP,5,JNB,2,JMP,5,0,0,0,0,0,JNE,0,0,1,0,0,0,JNE,0,0,4858617,4858380,4858636,0,0,1,0,fortran,1.1903148406614296e-09,0.0638297872340425,0,0,0
0x4a22f7,JNZ,94,0,-63,2,0x4a22f4,CMP,1,NonLeaf,eax(LEA) r8d(-1) ,rflags ,CMP,3,LEA,4,NOP,9,JMP,5,MOV,3,MOV,4,MOV,4,CMP,5,JB,6,JNZ,2,0,0,1,0,0,JE,0,0,1,0,0,0,JB,0,0,4858608,4858552,4858617,0,0,0,0,fortran,1.1903148406614296e-09,0.0,0,0,0
0x4a22cc,JNLE,3080,3068,-364,6,0x4a22c9,TEST,1,NonLeaf,r10d(-1) r10d(-1) ,rflags ,TEST,3,JZ,6,CMP,7,SUB,4,NOP,6,MOV,7,MOV,6,MOV,3,JMP,5,NOP,9,0,0,0,1,1,JG,0,0,1,0,0,0,MOV,1,0,4858569,4858208,4858578,0,0,0,0,fortran,3.9001805417417064e-08,0.9961038961038962,1,1,1
0x4a22c3,JZ,3349,269,551,6,0x4a22bc,CMP,1,NonLeaf,r14(-1) ,rflags ,CMP,7,SUB,4,NOP,6,MOV,4,MOV,4,TEST,3,JNLE,6,MOV,7,MOV,6,MOV,3,0,1,0,0,0,JLE,1,0,1,0,0,0,JG,0,0,4858552,4859114,4858569,0,0,0,0,fortran,4.2408131929522644e-08,0.0803224843236787,0,0,0
0x4a2293,JL,310,57,1347,6,0x4a2290,CMP,1,NonLeaf,r8d(-1) eax(-1) ,rflags ,CMP,3,JNZ,6,TEST,2,SUB,3,TZCNT,5,SUB,3,MOV,4,MOV,2,MOV,3,CALL_NEAR,5,0,1,0,0,0,CALL,0,1,0,0,0,0,SUB,0,0,4858512,4859862,4858521,0,0,1,0,fortran,3.9255063894153536e-09,0.1838709677419354,0,0,0
0x4a228a,JNZ,310,0,391,6,0x4a2288,TEST,1,NonLeaf,edx(-1) edx(-1) ,rflags ,TEST,2,SUB,3,TZCNT,5,MOV,5,JZ,6,CMP,3,JL,6,SUB,3,MOV,4,MOV,2,0,1,0,0,0,JGE,0,0,1,0,0,0,JL,0,0,4858491,4858897,4858512,0,0,0,0,fortran,3.9255063894153536e-09,0.0,0,0,0
0x4a2275,JZ,310,0,576,6,0x4a2271,CMP,1,NonLeaf,r15d(-1) ,rflags ,CMP,4,JZ,2,TEST,3,LEA,4,LEA,8,MOV,5,TZCNT,5,SUB,3,TEST,2,JNZ,6,0,1,0,0,0,JLE,0,0,1,0,0,0,JNE,0,0,4858481,4859061,4858491,0,0,0,0,fortran,3.9255063894153536e-09,0.0,0,0,0
0x4a2236,JNZ,310,310,1533,6,0x4a2233,TEST,1,NonLeaf,r8(MOV) r8(MOV) ,rflags ,TEST,3,CMOVS,4,TEST,3,SUB,3,MOV,4,LEA,4,MOV,5,JMP,2,NOP,9,MOV,3,0,1,0,0,0,JMP,0,0,1,0,0,0,JMP,0,0,4858380,4859955,4858428,0,0,0,0,fortran,3.9255063894153536e-09,1.0,1,0,1
0x4a2202,JNLE,398,94,238,6,0x4a21ff,CMP,1,NonLeaf,r8d(-1) eax(LEA) ,rflags ,CMP,3,LEA,4,JZ,6,CMP,3,LEA,4,MOV,4,SUB,3,MOV,5,MOV,3,MOV,3,0,1,0,0,0,JNE,0,0,1,0,0,0,MOV,0,0,4858363,4858608,4858376,0,0,0,0,fortran,5.039843687055841e-09,0.236180904522613,0,0,0
0x4a21f5,JZ,398,94,331,6,0x4a21f2,CMP,1,NonLeaf,edx(LEA) r8d(ADD) ,rflags ,CMP,3,LEA,4,ADD,3,NOT,3,MOV,3,LEA,4,CMP,3,JNLE,6,MOV,4,SUB,3,0,1,0,0,0,JG,0,0,1,1,0,0,JG,0,0,4858270,4858688,4858363,0,0,0,0,fortran,5.039843687055841e-09,0.236180904522613,0,0,0
0x4a2180,JLE,398,398,416,6,0x4a217d,CMP,1,NonLeaf,rdx(LEA) rax(MOV) ,rflags ,CMP,3,MOV,4,LEA,4,MOV,3,MOV,4,LEA,8,MOV,4,MOV,4,MOV,3,CALL_NEAR,5,0,1,0,0,0,CALL,0,1,1,0,0,0,CALL,0,1,4858222,4858656,4858246,1,0,1,1,fortran,5.039843687055841e-09,1.0,1,0,1
0x4a2168,JNLE,3349,2951,336,6,0x4a2164,CMP,1,NonLeaf,r14(SUB) r10d(-1) ,rflags ,CMP,4,SUB,4,NOP,9,MOV,4,MOV,7,MOV,4,MOV,3,LEA,4,MOV,4,CMP,3,1,1,1,0,0,JE,0,0,1,0,0,0,JLE,0,0,4858208,4858552,4858222,0,0,0,0,fortran,4.2408131929522644e-08,0.8811585547924754,1,0,1
0x4a20fc,JNZ,5041,4715,-44,2,0x4a20f8,SUB,1,NonLeaf,r15(SUB) ,r15 rflags ,SUB,4,SUB,2,LEA,5,MOV,2,MOV,4,MOV,3,JMP,5,MOV,3,MOV,3,MOV,3,0,0,0,1,1,JAE,0,0,1,0,0,0,JMP,1,0,4858097,4858064,4858110,0,0,0,0,fortran,6.383379906142839e-08,0.9353302916088078,1,1,1
0x4a20e1,JNB,5041,0,2955,6,0x4a20d8,CMP,1,NonLeaf,rax(MOV) rbx(-1) ,rflags ,MOVZX,5,CMP,4,MOV,4,ADD,4,NOP,5,LEA,4,MOV,4,MOV,2,LEA,5,SUB,2,1,1,0,0,0,CALL,0,1,1,0,0,0,MOV,0,0,4858064,4861036,4858087,0,0,1,1,fortran,6.383379906142839e-08,0.0,0,0,0
0x4a20c5,JZ,326,0,-1453,6,0x4a20bc,TEST,1,NonLeaf,rdi(-1) rdi(-1) ,rflags ,MOV,3,MOV,3,TEST,3,JNLE,2,MOV,3,NOP,5,ADD,4,MOV,4,CMP,4,MOVZX,5,0,0,0,0,0,JNE,0,0,1,0,0,0,NOP,0,0,4858044,4856600,4858059,0,0,0,0,fortran,4.128113170804532e-09,0.0,0,0,0
0x4a20ba,JNLE,406,80,-91,2,0x4a20b3,CMP,1,NonLeaf,rdi(SUB) ,rflags ,MOV,3,CMP,4,SUB,3,JMP,5,ADD,3,TEST,3,MOV,3,MOV,3,JZ,6,NOP,5,0,0,0,0,0,JBE,0,0,1,0,0,0,JE,0,0,4858032,4857951,4858044,0,0,0,0,fortran,5.1411470777504314e-09,0.1970443349753694,0,0,0
0x4a20a2,JNZ,80,0,-2441,6,0x4a209f,CMP,1,NonLeaf,r15(-1) rax(-1) ,rflags ,CMP,3,CALL_NEAR,4,CMOVZ,4,TEST,3,MOV,3,ADD,3,JMP,5,SUB,3,CMP,4,MOV,3,0,0,0,0,0,JE,0,0,1,0,0,0,JMP,0,0,4858015,4855577,4858024,0,0,0,0,fortran,1.0130339069458976e-09,0.0,0,1,0
0x4a207e,JBE,80,0,2914,6,0x4a207b,CMP,1,NonLeaf,rax(SUB) rdx(SUB) ,rflags ,CMP,3,SUB,7,MOV,3,SUB,6,MOV,5,MOV,7,MOV,3,MOV,3,MOV,3,TEST,3,0,1,0,0,0,CALL,0,1,1,1,0,0,CALL,0,1,4857951,4860896,4857988,0,0,1,1,fortran,1.0130339069458976e-09,0.0,0,0,0
0x4a1ffa,JZ,4,1,-2754,6,0x4a1ff6,CMP,1,NonLeaf,rdi(MOV) ,rflags ,CMP,4,XOR,3,MOV,4,JMP,5,MOV,4,JMP,5,MOV,7,MOV,6,SUB,4,MOV,10,0,0,1,0,0,JE,0,0,1,0,0,0,JMP,0,0,4857839,4855096,4857856,0,0,1,0,fortran,5.065169534729488e-11,0.25,0,1,0
0x4a1fd4,JZ,93,0,18,2,0x4a1fcd,TEST,1,NonLeaf,rax(-1) rax(-1) ,rflags ,MOV,4,TEST,3,ADD,4,MOV,3,MOVSXD,3,LEA,4,MOV,4,MOV,4,MOV,4,MOV,4,0,1,1,0,0,JMP,0,0,1,0,0,0,MOV,0,0,4857777,4857830,4857814,0,0,0,1,fortran,1.1776519168246059e-09,0.0,0,0,0
0x4a1ef0,JNZ,87,87,1416,6,0x4a1eeb,TEST,1,NonLeaf,eax(XOR) eax(XOR) ,rflags ,MOV,3,TEST,2,XOR,4,BSR,6,MOV,3,MOV,3,TEST,3,JZ,6,SUB,3,TEST,3,0,1,0,0,0,JMP,1,0,1,0,0,0,MOV,0,0,4857569,4859000,4857590,0,0,0,0,fortran,1.1016743738036635e-09,1.0,1,0,1
0x4a1e64,JNZ,165,40,1481,6,0x4a1e62,TEST,1,NonLeaf,edx(MOV) edx(MOV) ,rflags ,TEST,2,MOV,3,JS,6,MOV,6,TEST,2,MOVSXD,4,MOV,6,MOV,10,MOV,10,LEA,5,0,1,0,0,0,JMP,0,0,1,0,0,0,JMP,0,0,4857439,4858925,4857450,0,0,1,1,fortran,2.0893824330759132e-09,0.2424242424242424,0,0,0
0x4a1e59,JS,165,0,1936,6,0x4a1e51,TEST,1,NonLeaf,eax(MOVSXD) eax(MOVSXD) ,rflags ,MOV,6,TEST,2,MOV,7,MOVSXD,4,JMP,2,MOV,3,TEST,2,JNZ,6,MOVSXD,4,MOV,6,0,1,0,0,0,JMP,0,0,1,1,0,0,JNE,0,0,4857414,4859369,4857439,0,0,1,0,fortran,2.0893824330759132e-09,0.0,0,0,0
0x4a1c5b,JZ,406,406,2416,6,0x4a1c59,TEST,1,NonLeaf,eax(MOV) eax(MOV) ,rflags ,TEST,2,MOV,6,JZ,6,TEST,2,MOVZX,6,MOV,7,TEST,3,JZ,6,MOV,4,CMP,4,0,1,0,0,0,JAE,0,0,1,0,0,0,JE,0,0,4856915,4859339,4856929,0,0,0,0,fortran,5.1411470777504314e-09,1.0,1,0,1
0x4a1c4d,JZ,406,0,1850,6,0x4a1c4b,TEST,1,NonLeaf,al(MOVZX) ,rflags ,TEST,2,MOVZX,6,JMP,5,MOV,10,MOV,6,MOV,6,TEST,2,JZ,6,MOV,7,TEST,3,0,1,0,0,0,JE,0,0,1,0,0,0,JE,0,0,4856901,4858759,4856915,0,0,0,0,fortran,5.1411470777504314e-09,0.0,0,1,0
0x4a1b3f,JLE,406,406,-3619,6,0x4a1b3c,TEST,1,NonLeaf,r9d(MOV) r9d(MOV) ,rflags ,TEST,3,MOV,7,JZ,6,MOV,3,TEST,6,MOVSXD,7,MOV,7,MOV,3,MOV,5,TEST,3,0,0,0,0,0,RET,0,0,1,0,0,0,JE,0,0,4856629,4853020,4856645,0,0,0,0,fortran,5.1411470777504314e-09,1.0,1,0,1
0x4a1b20,JNZ,406,0,3796,6,0x4a1b18,CMP,1,NonLeaf,rbp(-1) ,rflags ,CMP,8,JNZ,2,SUB,4,ADD,4,JNZ,6,TEST,6,MOV,3,JZ,6,MOV,7,TEST,3,0,1,0,0,0,CALL,0,1,1,1,0,0,JE,0,0,4856600,4860404,4856614,0,0,1,0,fortran,5.1411470777504314e-09,0.0,0,0,0
0x4a1aa2,JZ,406,406,1550,6,0x4a1a9f,TEST,1,NonLeaf,r11d(MOV) r11d(MOV) ,rflags ,TEST,3,MOV,7,MOV,7,JNZ,6,TEST,6,MOV,7,MOV,3,ADD,4,SAR,4,CMP,4,0,1,0,0,0,JG,0,0,1,0,0,0,JA,0,0,4856472,4858032,4856488,0,0,0,0,fortran,5.1411470777504314e-09,1.0,1,0,1
0x4a1a30,JS,241,0,2925,6,0x4a1a28,TEST,1,NonLeaf,eax(MOVSXD) eax(MOVSXD) ,rflags ,MOV,6,TEST,2,MOV,4,MOVSXD,4,NOP,7,ADD,4,MOV,7,MOV,6,MOV,10,MOV,10,0,1,0,0,0,JMP,0,0,1,0,0,0,MOV,0,0,4856352,4859293,4856374,0,1,1,1,fortran,3.0517646446745166e-09,0.0,0,0,0
0x4a19fc,JZ,154,0,3281,6,0x4a19f0,CMP,1,NonLeaf,rbp(-1) esi(MOV) ,rflags ,MOV,6,CMP,6,MOV,2,ADD,3,JZ,6,ADD,6,JMP,5,NOP,3,MOV,4,JMP,5,0,1,0,0,0,JMP,0,0,1,0,0,0,JMP,0,0,4856304,4859597,4856322,1,1,0,0,fortran,1.950090270870853e-09,0.0,0,0,0
0x4a19e5,JZ,154,0,3026,6,0x4a19df,CMP,1,NonLeaf,rbp(-1) esi(-1) ,rflags ,CMP,6,ADC,7,CMP,4,SETNLE,4,TEST,2,ADD,3,MOV,2,CMP,6,MOV,6,JZ,6,0,1,0,0,0,JE,0,0,1,0,0,0,MOV,0,0,4856287,4859319,4856299,0,1,0,1,fortran,1.950090270870853e-09,0.0,0,0,0
0x4a19c6,JNZ,154,154,25,2,0x4a19c0,CMP,1,NonLeaf,edi(-1) rbp(-1) ,rflags ,CMP,6,JZ,2,CMP,3,JZ,2,CMP,2,MOV,6,TEST,2,SETNLE,4,CMP,4,ADC,7,0,1,1,0,0,JE,0,0,1,0,0,0,ADC,0,0,4856256,4856287,4856264,0,0,0,1,fortran,1.950090270870853e-09,1.0,1,1,1
0x4a19be,JZ,170,16,-22,2,0x4a19bb,CMP,1,NonLeaf,esi(-1) ,rflags ,CMP,3,JZ,2,CMP,2,ADD,3,MOV,2,CMP,6,JNZ,2,MOV,6,TEST,2,SETNLE,4,1,1,0,0,0,JE,0,0,0,1,0,0,JNE,1,0,4856251,4856232,4856256,0,0,1,0,fortran,2.152697052260032e-09,0.0941176470588235,0,0,0
0x4a19b9,JZ,16,0,7,2,0x4a19b7,CMP,1,NonLeaf,esi(MOV) edx(-1) ,rflags ,CMP,2,ADD,3,MOV,2,SUB,4,MOV,6,CMP,3,JZ,2,CMP,6,JNZ,2,MOV,6,0,0,1,0,0,JNE,1,0,0,0,1,1,JE,0,0,4856232,4856256,4856251,0,0,0,0,fortran,2.0260678138917952e-10,0.0,0,0,0
0x4a199e,JNZ,154,154,29,2,0x4a199c,CMP,1,NonLeaf,esi(MOV) edx(MOV) ,rflags ,CMP,2,LEA,4,XOR,2,MOV,6,MOV,4,JMP,2,NOP,6,MOV,6,SUB,4,MOV,2,0,1,0,1,0,JE,0,0,1,0,0,0,JMP,0,0,4856204,4856251,4856224,0,0,0,0,fortran,1.950090270870853e-09,1.0,1,1,1
0x4a1986,JLE,154,0,3191,6,0x4a1982,CMP,1,NonLeaf,r13d(-1) ,rflags ,CMP,4,JZ,6,TEST,2,OR,3,AND,3,MOV,4,MOV,6,XOR,2,LEA,4,CMP,2,0,1,0,0,0,JNE,0,0,1,0,0,0,JNE,0,0,4856194,4859389,4856204,0,0,0,0,fortran,1.950090270870853e-09,0.0,0,0,0
0x4a197c,JZ,154,0,-1041,6,0x4a197a,TEST,1,NonLeaf,al(OR) al(OR) ,rflags ,TEST,2,OR,3,AND,3,MOV,2,JLE,6,CMP,4,JLE,6,MOV,4,MOV,6,XOR,2,0,0,1,0,0,JG,0,0,1,0,0,0,JLE,0,0,4856186,4855147,4856194,0,0,0,0,fortran,1.950090270870853e-09,0.0,0,1,0
0x4a1963,JNZ,406,0,1355,6,0x4a1960,TEST,1,NonLeaf,di(-1) di(-1) ,rflags ,TEST,3,NOP,5,JMP,2,MOV,3,CALL_NEAR,5,CMP,3,JLE,6,MOV,2,AND,3,OR,3,0,0,0,0,0,CALL,0,1,1,0,0,0,JLE,0,0,4856160,4857518,4856169,0,0,1,0,fortran,5.1411470777504314e-09,0.0,0,0,0
0x4a1941,JNZ,6801,6395,-33,2,0x4a193e,CMP,1,NonLeaf,edx(MOV) r13d(-1) ,rflags ,CMP,3,MOV,3,JBE,6,CMP,3,ADD,4,MOV,7,MOV,7,CALL_NEAR,5,MOV,3,JMP,2,1,1,0,0,0,JE,0,0,1,0,0,0,CALL,0,1,4856123,4856096,4856131,0,0,0,1,fortran,8.612054501423813e-08,0.9403028966328482,1,1,1
0x4a1935,JBE,6801,406,315,6,0x4a1932,CMP,1,NonLeaf,r12(-1) r15(ADD) ,rflags ,CMP,3,ADD,4,ADD,4,MOV,2,JZ,6,MOV,3,CMP,3,JNZ,2,MOV,7,MOV,7,0,1,1,0,0,MOV,1,0,0,0,1,1,JNE,0,0,4856110,4856432,4856123,0,0,0,0,fortran,8.612054501423813e-08,0.0596971033671518,0,0,0
0x4a1922,JZ,6395,0,1592,6,0x4a1920,CMP,1,NonLeaf,ebx(-1) edx(-1) ,rflags ,CMP,2,NOP,7,JMP,2,MOV,3,MOV,3,MOV,2,ADD,4,ADD,4,CMP,3,JBE,6,0,1,0,0,0,CALL,0,1,1,0,0,0,ADD,0,0,4856096,4857690,4856104,0,0,1,1,fortran,8.097939793648768e-08,0.0,0,0,0
0x4a18e9,JBE,406,0,412,6,0x4a18df,CMP,1,NonLeaf,r15(-1) r14(-1) ,rflags ,MOV,7,CMP,3,ADD,3,MOV,7,AND,8,MOV,7,MOV,7,MOV,7,MOV,6,MOV,7,0,0,1,0,0,JNE,0,0,1,0,0,0,JMP,0,0,4856021,4856453,4856047,0,1,0,1,fortran,5.1411470777504314e-09,0.0,0,1,0
0x4a18b3,JZ,406,0,14,2,0x4a18ae,AND,1,NonLeaf,eax(AND) ,eax rflags ,AND,5,JNZ,2,CMP,3,OR,9,SUB,7,LEA,4,SUB,3,OR,5,LEA,5,MOV,7,0,1,1,0,0,AND,0,0,1,0,0,0,OR,0,0,4855982,4856001,4855989,0,0,1,1,fortran,5.1411470777504314e-09,0.0,0,0,0
0x4a18ac,JNZ,406,0,-19,2,0x4a18a9,CMP,1,NonLeaf,rsp(-1) rsi(-1) ,rflags ,CMP,3,OR,9,SUB,7,JMP,2,MOV,3,AND,5,JZ,2,LEA,4,SUB,3,OR,5,1,1,0,0,0,OR,0,0,1,1,0,0,JE,1,0,4855977,4855961,4855982,1,0,1,0,fortran,5.1411470777504314e-09,0.0,0,1,0
0x4a1876,JNZ,406,0,5008,6,0x4a186e,CMP,1,NonLeaf,rbp(-1) ,rflags ,CMP,8,ADD,3,LEA,5,IMUL,8,MOV,7,LEA,4,MOV,3,AND,4,MOV,3,AND,7,0,1,0,0,0,CALL,0,1,1,0,0,0,JMP,0,0,4855888,4860934,4855932,0,0,1,0,fortran,5.1411470777504314e-09,0.0,0,0,0
0x4a1830,JZ,406,406,4180,6,0x4a182d,TEST,1,NonLeaf,rdi(MOV) rdi(MOV) ,rflags ,TEST,3,MOV,7,MOV,7,CALL_NEAR,5,MOV,7,CALL_NEAR,5,MOV,3,MOV,7,MOVSXD,7,IMUL,4,0,1,0,0,0,JMP,0,0,1,0,0,0,CALL,0,1,4855839,4860036,4855862,0,0,1,1,fortran,5.1411470777504314e-09,1.0,1,0,1
0x4a17f6,JZ,406,406,29,2,0x4a17e5,TEST,1,NonLeaf,r12(-1) ,rflags ,MOV,11,TEST,6,JNZ,6,TEST,2,MOV,6,MOV,7,MOV,4,MOV,3,MOV,6,MOV,7,0,1,1,0,0,CALL,0,1,1,0,0,0,MOV,0,0,4855781,4855827,4855800,0,0,1,1,fortran,5.1411470777504314e-09,1.0,1,0,1
0x4a17df,JNZ,406,0,2147,6,0x4a17dd,TEST,1,NonLeaf,eax(MOV) eax(MOV) ,rflags ,TEST,2,MOV,6,JZ,6,CMP,6,JNZ,2,TEST,6,MOV,11,JZ,2,MOV,7,MOV,4,0,1,0,0,0,JMP,0,0,1,0,0,0,JE,0,0,4855767,4857922,4855781,0,0,1,1,fortran,5.1411470777504314e-09,0.0,0,0,0
0x4a177d,JZ,406,406,1224,6,0x4a177b,TEST,1,NonLeaf,eax(-1) eax(-1) ,rflags ,TEST,2,XOR,3,NOP,3,JMP,5,MOV,7,MOV,6,TEST,2,JZ,6,MOV,7,TEST,3,0,1,0,0,0,JE,0,0,1,0,0,0,JE,0,0,4855675,4856901,4855683,0,0,0,0,fortran,5.1411470777504314e-09,1.0,1,0,1
0x4a1740,JS,313,281,2502,6,0x4a173d,TEST,1,NonLeaf,r8d(-1) r8d(-1) ,rflags ,TEST,3,JMP,5,MOV,5,CALL_NEAR,5,MOV,7,LEA,4,MOV,3,MOV,3,CALL_NEAR,5,MOV,4,0,1,0,0,0,CALL,0,1,1,0,0,0,CALL,1,1,4855613,4858118,4855622,0,0,1,1,fortran,3.9634951609258245e-09,0.8977635782747604,1,0,1
0x4a16d8,JNZ,406,406,160,6,0x4a16cf,AND,1,NonLeaf,edx(AND) ,edx rflags ,MOV,6,AND,3,SUB,2,SAR,4,MOV,6,MOV,5,CMP,3,JZ,6,TEST,2,JLE,6,0,1,0,0,0,XOR,0,0,1,0,0,0,JE,0,0,4855475,4855672,4855518,0,0,0,0,fortran,5.1411470777504314e-09,1.0,1,0,1
0x4a16aa,JZ,406,0,9,2,0x4a16a7,TEST,1,NonLeaf,dl(-1) ,rflags ,TEST,3,JNZ,2,TEST,2,MOVZX,6,MOV,6,SUB,7,MOV,3,SUB,3,MOV,3,MOV,7,0,0,1,0,0,JNE,0,0,0,0,0,0,SUB,0,0,4855463,4855475,4855468,1,0,1,1,fortran,5.1411470777504314e-09,0.0,0,1,0
0x4a168c,JNLE,1,0,-44,2,0x4a1686,CMP,1,NonLeaf,ecx(MOV) ,rflags ,MOV,3,CMP,3,IDIV,2,CDQ,1,MOV,3,ADD,3,LEA,4,MOV,2,MOV,6,MOVZX,6,1,1,0,0,0,MOV,0,0,0,1,0,0,MOV,1,0,4855394,4855392,4855438,0,0,0,1,fortran,1.266292383682372e-11,0.0,0,1,0
0x4a164f,JLE,1,0,-7,2,0x4a164d,CMP,1,NonLeaf,ecx(ADD) edi(-1) ,rflags ,CMP,2,ADD,2,LEA,3,NOP,5,MOV,5,MOV,6,JMP,2,NOP,7,MOV,2,MOV,2,1,1,1,1,1,JLE,0,0,1,1,0,0,JMP,1,0,4855368,4855368,4855377,1,0,0,0,fortran,1.266292383682372e-11,0.0,0,1,0
0x4a1638,JLE,241,240,4340,6,0x4a1635,CMP,1,NonLeaf,edi(MOV) ,rflags ,CMP,3,MOV,3,MOV,4,ADD,3,AND,3,MOV,5,NOP,5,LEA,3,ADD,2,CMP,2,0,1,0,0,0,JMP,1,0,1,0,0,0,NOP,0,0,4855323,4859692,4855358,0,0,1,0,fortran,3.0517646446745166e-09,0.995850622406639,1,0,1
0x4a1615,JNZ,241,241,5116,6,0x4a1613,TEST,1,NonLeaf,ecx(MOV) ecx(MOV) ,rflags ,TEST,2,MOV,3,JZ,6,CMP,3,MOV,3,MOV,3,CMP,4,LEA,4,SBB,2,AND,3,0,1,0,0,0,JNE,0,0,1,0,0,0,JLE,0,0,4855312,4860433,4855323,0,0,0,1,fortran,3.0517646446745166e-09,1.0,1,0,1
0x4a160a,JZ,406,165,141,6,0x4a1607,CMP,1,NonLeaf,eax(MOV) ,rflags ,CMP,3,MOV,3,JNZ,6,TEST,2,MOV,6,MOV,3,TEST,2,JNZ,6,MOV,3,CMP,4,0,1,1,0,0,JNE,1,0,1,0,0,0,JNE,0,0,4855300,4855447,4855312,0,0,0,0,fortran,5.1411470777504314e-09,0.4064039408866995,0,0,0
0x4a15b3,JZ,406,406,81,2,0x4a15ab,CMP,1,NonLeaf,rbp(-1) ,rflags ,CMP,8,CMOVZ,4,LEA,4,CMP,4,MOV,6,MOV,6,CMP,6,MOV,7,JZ,2,MOV,7,0,1,1,0,0,JE,1,0,1,0,0,0,JE,0,0,4855211,4855300,4855221,0,0,0,0,fortran,5.1411470777504314e-09,1.0,1,0,1
0x4a158f,JNZ,406,406,28,2,0x4a158c,TEST,1,NonLeaf,r13d(-1) r13d(-1) ,rflags ,TEST,3,JZ,2,CMP,5,JZ,2,CMP,3,TEST,6,JNZ,2,MOV,6,CMP,4,LEA,4,0,1,1,0,0,JE,0,0,1,0,0,0,JNE,0,0,4855180,4855211,4855185,0,0,0,0,fortran,5.1411470777504314e-09,1.0,1,0,1
0x4a156e,JNLE,406,0,23,2,0x4a156b,CMP,1,NonLeaf,r13d(-1) esi(-1) ,rflags ,CMP,3,JNZ,6,CMP,5,JZ,6,CMP,5,JMP,2,NOP,6,SUB,4,SUB,4,CMP,3,0,1,0,1,0,JE,0,0,1,0,0,0,JMP,0,0,4855147,4855173,4855152,0,0,0,0,fortran,5.1411470777504314e-09,0.0,0,0,0
0x4a154f,JBE,406,406,1041,6,0x4a1544,CMP,0,NonLeaf,di(-1) ,rflags ,JZ,6,CMP,5,AND,5,MOVZX,4,FNSTCW,3,CMP,5,JZ,6,CMP,5,JNZ,6,CMP,3,0,1,0,0,0,JNE,0,0,1,0,0,0,JE,0,0,4855119,4856160,4855125,0,0,0,0,fortran,5.1411470777504314e-09,1.0,1,0,1
0x4a1549,JZ,406,0,2438,6,0x4a1544,CMP,1,NonLeaf,di(AND) ,rflags ,CMP,5,AND,5,MOVZX,4,FNSTCW,3,NOP,3,JBE,6,CMP,5,JZ,6,CMP,5,JNZ,6,0,1,0,0,0,JNE,0,0,1,0,0,0,JBE,0,0,4855096,4857551,4855119,0,0,0,0,fortran,5.1411470777504314e-09,0.0,0,0,0
0x4a1530,JNZ,89,88,-16,2,0x4a152c,SUB,1,NonLeaf,rdi(SUB) ,rdi rflags ,SUB,4,JNZ,6,CMP,6,NOP,10,JMP,2,XOR,3,NOP,3,FNSTCW,3,MOVZX,4,AND,5,1,1,0,0,0,JNE,0,0,0,0,0,0,NOP,1,0,4855084,4855072,4855090,0,0,0,0,fortran,1.1270002214773112e-09,0.9887640449438202,1,1,1
0x4a1526,JNZ,88,87,3911,6,0x4a1520,CMP,1,NonLeaf,r8(-1) rdi(-1) ,rflags ,CMP,6,NOP,10,JMP,2,JZ,2,CMP,6,SUB,4,JNZ,2,XOR,3,NOP,3,FNSTCW,3,0,1,0,0,0,JMP,1,0,0,0,1,1,JNE,0,0,4855072,4858989,4855084,0,1,0,0,fortran,1.1143372976404872e-09,0.9886363636363636,1,0,1
0x4a1512,JZ,126,88,26,2,0x4a150c,CMP,1,NonLeaf,r8(MOV) r10(-1) ,rflags ,CMP,6,MOV,4,JZ,2,MOV,3,TEST,3,JMP,2,NOP,10,CMP,6,JNZ,6,SUB,4,0,1,0,1,0,JNE,0,0,1,0,0,0,JMP,0,0,4855048,4855084,4855060,0,0,0,0,fortran,1.5955284034397887e-09,0.6984126984126984,1,0,1
0x4a1506,JZ,126,0,44,2,0x4a1500,TEST,1,NonLeaf,r10(-1) r10(-1) ,rflags ,MOV,3,TEST,3,JNZ,2,MOV,6,CMP,5,MOV,4,CMP,6,JZ,2,JMP,2,NOP,10,0,1,0,0,0,NOP,0,0,1,0,0,0,JE,0,0,4855040,4855090,4855048,0,0,0,0,fortran,1.5955284034397887e-09,0.0,0,0,0
0x4a14fe,JNZ,141,15,58,2,0x4a14f3,CMP,1,NonLeaf,rbp(-1) ,rflags ,MOV,6,CMP,5,JZ,6,CMP,4,MOV,4,TEST,3,MOV,3,JZ,2,MOV,4,CMP,6,0,0,1,0,0,JE,0,0,1,0,0,0,JE,0,0,4855027,4855096,4855040,0,0,1,0,fortran,1.7854722609921444e-09,0.1063829787234042,0,0,0
0x4a14ed,JZ,142,4,2818,6,0x4a14e9,CMP,1,NonLeaf,r10(MOV) ,rflags ,CMP,4,MOV,4,JNZ,2,MOV,6,CMP,3,CMP,5,MOV,6,JNZ,2,TEST,3,MOV,3,0,1,0,0,0,JE,0,0,1,0,0,0,JNE,0,0,4855013,4857839,4855027,0,0,0,0,fortran,1.7981351848289683e-09,0.028169014084507,0,0,0
0x4a14e3,JNZ,373,264,85,2,0x4a14da,CMP,1,NonLeaf,eax(-1) ,rflags ,MOV,6,CMP,3,JZ,2,MOV,6,MOV,6,MOV,4,CMP,4,JZ,6,CMP,5,MOV,6,0,0,1,0,0,JE,0,0,0,0,0,0,JE,0,0,4855002,4855096,4855013,0,0,1,0,fortran,4.723270591135247e-09,0.707774798927614,1,0,1
0x4a14d8,JZ,406,33,13,2,0x4a14c9,CMP,1,NonLeaf,eax(-1) ,rflags ,MOV,6,MOV,6,CMP,3,CALL_NEAR,5,MOV,6,CMP,3,MOV,6,JNZ,2,MOV,4,CMP,4,0,1,0,0,0,JE,0,0,1,0,0,0,JNE,0,0,4854985,4855013,4855002,0,0,0,0,fortran,5.1411470777504314e-09,0.0812807881773399,0,0,0
0x4a14ab,JZ,406,0,1381,6,0x4a14a5,CMP,1,NonLeaf,edx(MOV) rbp(-1) ,rflags ,CMP,6,MOV,4,MOV,3,MOV,3,MOV,3,MOV,7,MOV,6,MOV,6,CALL_NEAR,5,CMP,3,0,1,0,0,0,JMP,0,0,1,1,0,0,CALL,0,1,4854945,4856336,4854961,0,0,0,1,fortran,5.1411470777504314e-09,0.0,0,1,0
0x4a145d,JNZ,1210,1210,-77,2,0x4a145a,TEST,1,NonLeaf,r8d(MOV) r8d(MOV) ,rflags ,TEST,3,MOV,7,JNZ,2,CMP,3,MOV,3,ADD,7,MOV,6,MOV,6,ADD,7,ADD,2,0,0,0,0,0,MOV,0,0,1,0,0,0,JMP,0,0,4854867,4854800,4854879,0,0,1,1,fortran,1.5322137842556703e-08,1.0,1,0,1
0x4a1451,JNZ,4919,3709,-65,2,0x4a144e,CMP,1,NonLeaf,eax(-1) ,rflags ,CMP,3,MOV,3,CALL_NEAR,5,ADD,4,ADD,4,MOV,7,TEST,3,JNZ,2,ADD,7,MOV,6,0,1,0,0,0,MOV,0,0,1,0,0,0,JNE,0,0,4854859,4854800,4854867,0,0,1,0,fortran,6.228892235333588e-08,0.7540150437080707,1,0,1
0x4a142e,JLE,406,406,100,2,0x4a1427,CMP,1,NonLeaf,rbp(-1) r15d(-1) ,rflags ,CMP,7,JL,2,MOV,2,CMP,3,MOV,10,CMP,5,JLE,2,MOV,7,ADD,4,ADD,4,0,1,1,0,0,MOV,1,0,1,0,0,0,JLE,0,0,4854823,4854930,4854832,1,0,0,0,fortran,5.1411470777504314e-09,1.0,1,0,1
0x4a1425,JL,5325,4919,18,2,0x4a1420,CMP,1,NonLeaf,r15d(-1) eax(MOV) ,rflags ,MOV,2,CMP,3,MOV,10,MOV,6,JMP,2,CMP,7,JLE,2,CMP,5,JLE,2,MOV,7,1,1,0,0,0,CALL,0,1,1,1,0,0,JLE,0,0,4854816,4854839,4854823,1,0,1,0,fortran,6.743006943108633e-08,0.9237558685446008,1,0,1
0x4a13e0,JLE,406,0,2018,6,0x4a13de,TEST,1,NonLeaf,eax(MOV) eax(MOV) ,rflags ,TEST,2,MOV,6,MOV,2,MOV,10,LEA,4,XOR,3,MOV,6,MOV,3,MOV,10,MOV,3,0,0,0,0,0,JMP,0,0,1,0,0,0,JMP,0,0,4854744,4856770,4854758,0,1,0,1,fortran,5.1411470777504314e-09,0.0,0,0,0
0x4a13b0,JNZ,366,366,18,2,0x4a13aa,TEST,1,NonLeaf,r12(-1) ,rflags ,TEST,6,LEA,5,SUB,3,MOV,6,MOV,2,MOV,7,TEST,3,JLE,6,MOV,6,LEA,4,0,1,0,0,0,MOV,0,0,1,0,0,0,JLE,0,0,4854698,4854722,4854706,0,0,1,0,fortran,4.6346301242774815e-09,1.0,1,0,1
0x4a1384,JNLE,472,106,-20,2,0x4a1381,CMP,1,NonLeaf,r15d(-1) ebx(ADD) ,rflags ,CMP,3,ADD,4,MOV,5,CALL_NEAR,5,MOV,3,MOV,6,MOV,7,MOV,7,MOV,2,MOV,6,0,0,0,1,1,CALL,0,1,1,1,0,0,LEA,1,0,4854648,4854640,4854662,0,0,1,1,fortran,5.976900050980796e-09,0.2245762711864407,0,1,0
0x4a133a,JLE,366,0,4689,6,0x4a1337,TEST,1,NonLeaf,r15d(MOV) r15d(MOV) ,rflags ,TEST,3,XOR,3,MOV,7,JZ,6,CMP,4,MOV,7,MOV,7,MOV,3,MOV,7,MOV,7,0,1,0,0,0,JMP,0,0,1,0,0,0,NOP,0,0,4854573,4859275,4854592,0,0,1,1,fortran,4.6346301242774815e-09,0.0,0,0,0
0x4a1327,JZ,281,40,3294,6,0x4a1323,CMP,1,NonLeaf,r13d(-1) ,rflags ,CMP,4,JZ,2,TEST,2,MOV,3,LEA,4,MOV,7,XOR,3,TEST,3,JLE,6,MOV,7,0,1,0,0,0,JMP,0,0,0,0,0,0,JLE,0,0,4854563,4857861,4854573,0,0,1,0,fortran,3.558281598147465e-09,0.1423487544483986,0,0,0
0x4a1321,JZ,406,125,12,2,0x4a131f,TEST,1,NonLeaf,eax(MOV) eax(MOV) ,rflags ,TEST,2,MOV,3,LEA,4,MOV,7,AND,8,CMP,4,JZ,6,MOV,7,XOR,3,TEST,3,0,1,0,0,0,JLE,0,0,1,0,0,0,JE,0,0,4854545,4854573,4854563,0,0,0,0,fortran,5.1411470777504314e-09,0.3078817733990148,0,0,0
0x4a12da,JZ,406,0,14,2,0x4a12d5,AND,1,NonLeaf,eax(AND) ,eax rflags ,AND,5,JNZ,2,CMP,3,OR,9,SUB,7,LEA,4,SUB,3,OR,5,LEA,5,MOV,11,0,1,1,0,0,AND,0,0,1,0,0,0,OR,0,0,4854485,4854504,4854492,0,0,1,1,fortran,5.1411470777504314e-09,0.0,0,0,0
0x4a12d3,JNZ,406,0,-19,2,0x4a12d0,CMP,1,NonLeaf,rsp(-1) rdx(-1) ,rflags ,CMP,3,OR,9,SUB,7,NOP,9,JMP,2,AND,5,JZ,2,LEA,4,SUB,3,OR,5,1,1,0,0,0,OR,0,0,1,1,0,0,JE,1,0,4854480,4854464,4854485,1,0,1,0,fortran,5.1411470777504314e-09,0.0,0,1,0
0x4a1294,JNBE,406,0,6239,6,0x4a128d,CMP,1,NonLeaf,r14(LEA) ,rflags ,CMP,7,LEA,8,MOV,7,JB,6,CMP,3,LEA,4,MOV,3,AND,4,MOV,3,AND,7,0,1,0,0,0,CALL,0,1,1,0,0,0,JMP,0,0,4854398,4860659,4854426,0,0,1,0,fortran,5.1411470777504314e-09,0.0,0,0,0
0x4a1278,JB,406,0,6110,6,0x4a1275,CMP,1,NonLeaf,rdi(-1) rax(MOVSXD) ,rflags ,CMP,3,MOVSXD,7,JNBE,6,CMP,3,MOV,10,MOV,7,LEA,8,CMP,7,JNBE,6,LEA,4,0,0,0,0,0,JMP,1,0,1,0,0,0,JA,0,0,4854382,4860502,4854398,0,0,1,0,fortran,5.1411470777504314e-09,0.0,0,0,0
0x4a1268,JNBE,406,0,6126,6,0x4a1265,CMP,1,NonLeaf,rdi(MOV) rax(MOV) ,rflags ,CMP,3,MOV,10,MOV,7,ADD,7,JBE,6,MOVSXD,7,CMP,3,JB,6,MOV,7,LEA,8,0,1,0,0,0,JMP,1,0,1,0,0,0,JB,0,0,4854356,4860502,4854382,0,0,1,0,fortran,5.1411470777504314e-09,0.0,0,0,0
0x4a118e,JZ,165,165,3256,6,0x4a1187,CMP,1,NonLeaf,rbp(-1) ,rflags ,CMP,7,JZ,6,MOV,6,CMP,2,MOV,3,MOV,4,TEST,2,MOV,2,JS,6,MOV,5,0,1,0,0,0,JS,0,0,1,0,0,0,JS,0,0,4854151,4857414,4854164,0,0,1,0,fortran,2.0893824330759132e-09,1.0,1,0,1
0x4a1181,JZ,406,241,2207,6,0x4a1179,CMP,1,NonLeaf,al(MOV) ,rflags ,MOV,6,CMP,2,MOV,3,MOV,4,MOVSXD,3,CMP,7,JZ,6,MOV,4,TEST,2,MOV,2,0,1,0,0,0,JS,0,0,1,0,0,0,JE,0,0,4854104,4856352,4854151,0,0,1,0,fortran,5.1411470777504314e-09,0.5935960591133005,1,0,1
0x4a10ec,JL,87,0,5973,6,0x4a10e9,CMP,1,NonLeaf,eax(-1) r8d(-1) ,rflags ,CMP,3,JNZ,6,TEST,3,SUB,3,MOV,6,MOVSXD,3,MOV,3,ADD,4,SUB,3,MOV,3,0,1,0,0,0,CALL,0,1,0,0,0,0,CALL,0,1,4853993,4859969,4854002,0,0,1,1,fortran,1.1016743738036635e-09,0.0,0,0,0
0x4a10e3,JNZ,88,1,5024,6,0x4a10e0,TEST,1,NonLeaf,r14d(-1) r14d(-1) ,rflags ,TEST,3,SUB,3,MOV,6,CMOVLE,3,CMP,2,CMP,3,JL,6,MOVSXD,3,MOV,3,ADD,4,0,1,0,0,0,JGE,0,0,1,0,0,0,JL,0,0,4853975,4859011,4853993,0,0,0,0,fortran,1.1143372976404872e-09,0.0113636363636363,0,0,0
0x4a10cb,JZ,1,0,12,2,0x4a10c8,TEST,1,NonLeaf,rcx(MOV) rcx(MOV) ,rflags ,TEST,3,MOV,4,MOV,2,TZCNT,5,MOV,4,TZCNT,5,CMP,2,CMOVLE,3,MOV,6,SUB,3,0,0,1,0,0,JNE,0,0,1,0,0,0,CMOVLE,0,0,4853945,4853975,4853965,0,0,0,0,fortran,1.266292383682372e-11,0.0,0,0,0
0x4a10a2,JZ,1,0,-42,2,0x4a109f,TEST,1,NonLeaf,rdx(MOV) rdx(MOV) ,rflags ,TEST,3,MOV,3,LEA,8,MOVSXD,3,MOV,3,BSR,6,XOR,4,TEST,2,MOV,3,JZ,6,1,1,0,0,0,JNE,0,0,0,0,0,0,JE,1,0,4853902,4853880,4853924,0,0,0,0,fortran,1.266292383682372e-11,0.0,0,0,0
0x4a1064,JNZ,88,87,6224,6,0x4a1060,CMP,1,NonLeaf,rcx(MOV) ,rflags ,CMP,4,MOV,4,JNZ,6,TEST,3,MOV,3,LEA,4,MOV,5,JMP,2,NOP,3,ADD,4,0,1,0,0,0,JMP,0,0,1,0,0,0,JMP,0,0,4853852,4860084,4853866,0,0,0,0,fortran,1.1143372976404872e-09,0.9886363636363636,1,1,1
0x4a1056,JNZ,88,0,6252,6,0x4a1053,TEST,1,NonLeaf,rdx(MOV) rdx(MOV) ,rflags ,TEST,3,MOV,3,MOV,4,JLE,6,MOV,3,MOV,4,CMP,4,JNZ,6,LEA,4,MOV,5,0,1,0,0,0,JMP,0,0,1,0,0,0,JNE,0,0,4853836,4860098,4853852,0,0,0,0,fortran,1.1143372976404872e-09,0.0,0,0,0
0x4a1046,JLE,93,5,274,6,0x4a1036,TEST,1,NonLeaf,rdx(-1) rdx(-1) ,rflags ,MOV,3,MOV,7,MOV,3,TEST,3,MOV,6,MOV,4,MOV,3,TEST,3,JNZ,6,MOV,4,0,0,1,0,0,JE,1,0,1,0,0,0,JNE,0,0,4853808,4854104,4853836,0,0,1,0,fortran,1.1776519168246059e-09,0.053763440860215,0,0,0
0x4a0fd2,JS,115,26,-1145,6,0x4a0fd0,TEST,1,NonLeaf,eax(-1) eax(-1) ,rflags ,TEST,2,CALL_NEAR,5,MOV,3,MOV,4,MOV,4,NOP,8,MOV,4,MOV,4,LEA,8,MOV,4,0,0,0,0,0,MOV,0,0,1,0,0,0,NOP,0,0,4853712,4852569,4853720,0,0,0,0,fortran,1.4562362412347279e-09,0.2260869565217391,0,0,0
0x4a0b86,JZ,115,99,-94,2,0x4a0b83,TEST,1,NonLeaf,rdx(-1) rdx(-1) ,rflags ,TEST,3,JNLE,2,CMP,2,SUB,3,ADD,3,MOV,4,MOV,4,MOV,4,MOV,4,LEA,8,0,1,0,0,0,CALL,0,1,1,0,0,0,CALL,0,1,4852611,4852520,4852616,0,0,1,1,fortran,1.4562362412347279e-09,0.8608695652173913,1,0,1
0x4a0b81,JNLE,1209,1094,-36,2,0x4a0b7f,CMP,1,NonLeaf,eax(SUB) ecx(MOV) ,rflags ,CMP,2,SUB,3,ADD,3,MOV,4,SUB,4,TEST,3,JZ,2,MOV,4,MOV,4,MOV,4,1,1,1,0,0,JBE,0,0,1,0,0,0,JE,0,0,4852593,4852573,4852611,0,0,0,0,fortran,1.5309474918719877e-08,0.9048800661703889,1,1,1
0x4a0b68,JBE,1209,93,1224,6,0x4a0b61,CMP,1,NonLeaf,r13(-1) ,rflags ,CMP,7,SUB,4,MOV,4,JZ,6,JL,6,MOV,3,SUB,4,MOV,4,ADD,3,SUB,3,0,1,1,0,0,JLE,1,0,1,0,0,0,MOV,0,0,4852573,4853808,4852590,0,0,1,0,fortran,1.5309474918719877e-08,0.0769230769230769,0,0,0
0x4a0b53,JZ,115,115,1133,6,0x4a0b49,CMP,0,NonLeaf,rbx(-1) rbp(-1) ,rflags ,JL,6,CMP,4,CALL_NEAR,5,LEA,8,LEA,8,MOV,4,SUB,4,CMP,7,JBE,6,MOV,3,0,1,0,0,0,CALL,0,1,1,0,0,0,MOV,0,0,4852563,4853696,4852569,0,0,1,0,fortran,1.4562362412347279e-09,1.0,1,0,1
0x4a0b4d,JL,115,0,1171,6,0x4a0b49,CMP,1,NonLeaf,rbx(-1) rbp(-1) ,rflags ,CMP,4,CALL_NEAR,5,LEA,8,LEA,8,MOV,4,JZ,6,MOV,4,SUB,4,CMP,7,JBE,6,0,1,0,0,0,CALL,0,1,1,0,0,0,JE,0,0,4852553,4853728,4852563,0,0,1,0,fortran,1.4562362412347279e-09,0.0,0,0,0
0x4a0ac5,JLE,93,93,55,2,0x4a0ac2,CMP,1,NonLeaf,edx(-1) ,rflags ,CMP,3,MOV,4,ADD,3,XOR,3,MOV,3,TEST,3,MOV,5,MOV,4,CMOVNLE,4,XOR,2,0,1,1,0,0,JMP,0,0,1,0,0,0,CALL,0,1,4852418,4852476,4852423,0,0,1,1,fortran,1.1776519168246059e-09,1.0,1,1,1
0x4a0a86,JNZ,93,93,5374,6,0x4a0a83,TEST,1,NonLeaf,dl(LEA) ,rflags ,TEST,3,LEA,4,JLE,6,MOV,4,CMP,4,LEA,3,TEST,2,MOV,3,CMOVNS,3,SAR,3,0,1,0,0,0,CALL,0,1,1,0,0,0,JS,0,0,4852351,4857732,4852364,1,0,1,0,fortran,1.1776519168246059e-09,1.0,1,0,1
0x4a0a79,JLE,406,313,3268,6,0x4a0a71,CMP,1,NonLeaf,r8d(-1) ,rflags ,MOV,4,CMP,4,AND,4,MOV,8,LEA,5,LEA,4,TEST,3,JNZ,6,LEA,3,TEST,2,0,1,0,0,0,JS,1,0,1,0,0,0,JNE,1,0,4852320,4855613,4852351,0,0,0,0,fortran,5.1411470777504314e-09,0.770935960591133,1,0,1
0x4a0a52,JZ,406,0,14,2,0x4a0a4c,AND,1,NonLeaf,ecx(AND) ,ecx rflags ,AND,6,JNZ,2,CMP,3,OR,9,SUB,7,LEA,4,SUB,3,OR,5,LEA,5,MOV,8,0,1,1,0,0,JLE,0,0,1,0,0,0,OR,0,0,4852300,4852320,4852308,0,0,1,1,fortran,5.1411470777504314e-09,0.0,0,0,0
0x4a0a4a,JNZ,406,0,-19,2,0x4a0a47,CMP,1,NonLeaf,rsp(-1) rdx(-1) ,rflags ,CMP,3,OR,9,SUB,7,JMP,2,MOV,3,AND,6,JZ,2,LEA,4,SUB,3,OR,5,1,1,0,0,0,OR,0,0,1,1,0,0,JE,1,0,4852295,4852279,4852300,1,0,1,0,fortran,5.1411470777504314e-09,0.0,0,1,0
0x4a0a03,JZ,406,0,14,2,0x4a09fd,AND,1,NonLeaf,edx(AND) ,edx rflags ,AND,6,JNZ,2,CMP,3,OR,9,SUB,7,LEA,4,SUB,3,OR,5,LEA,5,AND,4,0,1,1,0,0,JMP,0,0,1,0,0,0,OR,0,0,4852221,4852241,4852229,0,0,1,1,fortran,5.1411470777504314e-09,0.0,0,0,0
0x4a09fb,JNZ,406,0,-19,2,0x4a09f8,CMP,1,NonLeaf,rsp(-1) rsi(-1) ,rflags ,CMP,3,OR,9,SUB,7,NOP,6,JMP,2,AND,6,JZ,2,LEA,4,SUB,3,OR,5,1,1,0,0,0,OR,0,0,1,1,0,0,JE,1,0,4852216,4852200,4852221,1,0,1,0,fortran,5.1411470777504314e-09,0.0,0,1,0
0x4a09ab,JZ,406,0,14,2,0x4a09a5,AND,1,NonLeaf,edx(AND) ,edx rflags ,AND,6,JNZ,2,CMP,3,OR,9,SUB,7,LEA,4,SUB,3,OR,5,MOV,3,LEA,5,0,1,1,0,0,JMP,0,0,1,0,0,0,OR,0,0,4852133,4852153,4852141,0,0,1,1,fortran,5.1411470777504314e-09,0.0,0,1,0
0x4a09a3,JNZ,406,0,-19,2,0x4a09a0,CMP,1,NonLeaf,rsp(-1) rsi(-1) ,rflags ,CMP,3,OR,9,SUB,7,NOP,9,JMP,2,AND,6,JZ,2,LEA,4,SUB,3,OR,5,1,1,0,0,0,OR,0,0,1,1,0,0,JE,1,0,4852128,4852112,4852133,1,0,1,0,fortran,5.1411470777504314e-09,0.0,0,1,0
0x4a088f,JNZ,406,0,19,2,0x4a088d,TEST,1,NonLeaf,eax(-1) eax(-1) ,rflags ,TEST,2,CALL_NEAR,5,MOVSD_XMM,8,NOP,4,JMP,5,JMP,5,NOP,10,FSTP,2,MOV,7,MOVSXD,5,0,0,0,0,0,JMP,1,0,1,0,0,0,JMP,0,0,4851853,4851874,4851857,1,0,1,0,fortran,5.1411470777504314e-09,0.0,0,0,0
0x4a076f,JZ,406,406,273,6,0x4a076d,TEST,1,NonLeaf,eax(-1) eax(-1) ,rflags ,TEST,2,CALL_NEAR,5,MOVSD_XMM,8,MOVAPD,4,MOVSD_XMM,4,MOV,7,MOVSXD,5,MOV,6,MOV,7,MOV,6,0,1,0,0,0,CALL,0,1,1,0,0,0,CMOVE,1,0,4851565,4851840,4851573,0,0,1,1,fortran,5.1411470777504314e-09,1.0,1,0,1
0x4a06e7,JZ,406,406,113,2,0x4a06e0,TEST,1,NonLeaf,r13b(-1) ,rflags ,MOV,3,TEST,4,MOV,11,MOV,10,MOV,11,FLD,2,FLD,2,FSTP,3,FSTP,6,CALL_NEAR,5,0,1,0,0,0,CALL,0,1,1,0,0,0,CALL,0,1,4851424,4851544,4851433,0,0,1,1,fortran,5.1411470777504314e-09,1.0,1,0,1
0x4a05d4,JNS,406,406,236,6,0x4a05ba,TEST,1,NonLeaf,r13b(MOVZX) r13b(MOVZX) ,rflags ,MOV,6,MOV,3,MOV,7,MOV,4,MOV,3,MOV,4,MOV,7,MOV,3,MOVZX,3,LEA,3,0,0,0,0,0,MOV,0,0,1,0,0,0,MOV,0,0,4851113,4851392,4851162,0,0,1,1,fortran,5.1411470777504314e-09,1.0,1,1,1
0x4a05a3,JNZ,406,0,173,6,0x4a0597,AND,1,NonLeaf,ecx(AND) ,ecx rflags ,MOV,6,MOVZX,3,AND,3,AND,3,SHR,3,MOV,7,MOVZX,6,MOV,4,TEST,3,MOV,3,0,1,0,0,0,JNE,0,0,1,0,0,0,JNS,0,0,4851040,4851280,4851113,0,0,1,1,fortran,5.1411470777504314e-09,0.0,0,0,0
0x4a0532,JLE,451,450,-278,6,0x4a052c,TEST,1,NonLeaf,eax(MOV) eax(MOV) ,rflags ,MOV,4,TEST,2,LEA,3,MOV,5,MOV,4,ADD,4,MOV,2,POP,1,POP,1,RET_NEAR,1,0,0,0,0,0,JE,0,0,1,0,0,0,RET,0,0,4850976,4850716,4851000,0,0,0,0,fortran,5.710978650407498e-09,0.9977827050997784,1,0,1
0x4a04d1,JNZ,13,0,-17,2,0x4a04cb,TEST,1,NonLeaf,rcx(-1) rcx(-1) ,rflags ,MOV,3,TEST,3,JNZ,2,CMP,5,LEA,4,MOV,8,ADD,4,ADD,3,POP,1,MOV,2,1,1,0,0,0,JNE,0,0,0,0,0,0,RET,1,0,4850891,4850880,4850899,1,0,0,1,fortran,1.6461800987870836e-10,0.0,0,1,0
0x4a04b2,JZ,1513,13,25,2,0x4a04ac,CMP,1,NonLeaf,rdi(MOV) rdx(-1) ,rflags ,CMP,6,LEA,4,MOV,4,JZ,2,MOV,4,JMP,5,NOP,7,LEA,4,CMP,5,JNZ,2,0,1,0,1,0,JNE,0,0,1,0,0,0,JMP,0,0,4850852,4850891,4850868,0,0,0,0,fortran,1.9159003765114287e-08,0.0085922009253139,0,1,0
0x4a04a2,JZ,1513,0,49,2,0x4a0494,TEST,1,NonLeaf,rdx(MOV) rdx(MOV) ,rflags ,MOV,4,MOV,3,MOV,4,TEST,3,SUB,3,MOV,4,LEA,4,CMP,6,JZ,2,JMP,5,0,1,0,0,0,RET,0,0,1,0,0,0,JE,0,0,4850821,4850899,4850852,0,0,1,0,fortran,1.9159003765114287e-08,0.0,0,0,0
0x4a044b,JZ,1500,225,22,2,0x4a0448,TEST,1,NonLeaf,rax(-1) rax(-1) ,rflags ,TEST,3,CALL_NEAR,5,MOV,3,MOV,5,MOV,5,MOV,4,LEA,4,MOV,4,MOV,4,MOV,4,0,1,1,0,0,RET,0,0,1,0,0,0,MOV,0,0,4850760,4850785,4850765,0,0,0,1,fortran,1.899438575523558e-08,0.15,0,1,0
0x4a0430,JLE,1513,1513,64,2,0x4a042d,CMP,1,NonLeaf,r9(-1) rdx(MOV) ,rflags ,CMP,3,MOV,4,JZ,6,TEST,3,MOV,4,MOV,4,MOV,5,MOV,5,MOV,3,CALL_NEAR,5,0,1,0,0,0,CALL,0,1,1,0,0,0,MOV,0,0,4850729,4850800,4850738,1,0,1,0,fortran,1.9159003765114287e-08,1.0,1,0,1
0x4a0423,JZ,5796,4283,205,6,0x4a0420,TEST,1,NonLeaf,r9(MOV) r9(MOV) ,rflags ,TEST,3,MOV,4,JZ,6,CMP,5,JZ,2,MOV,4,CMP,3,JLE,2,MOV,4,MOV,5,0,1,0,0,0,CALL,0,1,1,0,0,0,JLE,0,0,4850716,4850928,4850729,0,0,1,0,fortran,7.33943065582303e-08,0.7389579020013802,1,0,1
0x4a0416,JZ,3823,451,266,6,0x4a0411,CMP,1,NonLeaf,r10(-1) ,rflags ,CMP,5,JZ,2,TEST,2,MOV,4,SUB,4,MOV,4,TEST,3,JZ,6,MOV,4,CMP,3,0,1,0,0,0,JLE,0,0,0,0,0,0,JE,0,0,4850705,4850976,4850716,0,0,1,0,fortran,4.8410357828177087e-08,0.1179701804865289,0,0,0
0x4a040f,JZ,5797,1974,13,2,0x4a040d,TEST,1,NonLeaf,eax(MOV) eax(MOV) ,rflags ,TEST,2,MOV,4,SUB,4,MOV,3,PUSH,1,CMP,5,JZ,6,MOV,4,TEST,3,JZ,6,0,1,0,0,0,JE,0,0,1,0,0,0,JE,0,0,4850688,4850716,4850705,0,0,0,0,fortran,7.340696948206712e-08,0.3405209591167845,0,0,0
0x49f037,JNB,241,0,2778,6,0x49f034,CMP,1,NonLeaf,edx(-1) ,rflags ,CMP,3,JNZ,6,CMP,7,JMP,2,MOV,4,MOV,2,ADD,4,ADD,3,MOV,3,MOVSXD,3,0,1,0,0,0,JMP,0,0,1,0,0,0,MOV,0,0,4845620,4848401,4845629,0,1,1,1,fortran,3.0517646446745166e-09,0.0,0,0,0
0x49f02e,JNZ,241,0,4039,6,0x49f027,CMP,1,NonLeaf,rbp(-1) ,rflags ,CMP,7,JMP,2,MOV,4,LEA,4,MOV,4,CMP,3,JNB,6,MOV,2,ADD,4,ADD,3,0,1,0,0,0,JAE,0,0,1,0,0,0,JAE,0,0,4845607,4849653,4845620,0,0,0,0,fortran,3.0517646446745166e-09,0.0,0,0,0
0x49efdf,JZ,241,241,72,2,0x49efd8,CMP,1,NonLeaf,rbp(-1) ,rflags ,CMP,7,JMP,2,MOV,4,LEA,4,MOV,4,CMP,3,JNB,2,MOV,2,ADD,4,ADD,3,0,1,0,0,0,JNE,0,0,1,0,0,0,JAE,0,0,4845528,4845607,4845537,0,0,0,0,fortran,3.0517646446745166e-09,1.0,1,0,1
0x49ef79,JNS,241,0,56,2,0x49ef76,TEST,1,NonLeaf,rax(-1) rax(-1) ,rflags ,TEST,3,MOV,3,MOV,3,ADD,3,ADD,4,NEG,3,MOV,10,MOV,6,MOV,7,JMP,5,0,1,0,0,0,JMP,0,0,1,0,0,0,JMP,0,0,4845430,4845489,4845435,0,1,1,1,fortran,3.0517646446745166e-09,0.0,0,1,0
0x49ef60,JZ,241,241,120,2,0x49ef56,CMP,1,NonLeaf,rbp(-1) ,rflags ,MOV,3,CMP,7,JMP,5,ADD,3,JZ,6,CMP,3,JNB,2,MOV,2,ADD,4,ADD,3,0,1,0,0,0,JE,0,0,1,0,0,0,JAE,0,0,4845398,4845528,4845410,0,0,0,0,fortran,3.0517646446745166e-09,1.0,1,0,1
0x49ec36,JNB,406,0,184,6,0x49ec30,CMP,1,NonLeaf,edx(MOV) ,rflags ,CMP,6,MOV,4,JMP,5,MOV,4,LEA,4,MOV,2,ADD,4,ADD,3,MOV,4,MOVSD_XMM,4,0,1,0,0,0,JMP,0,0,1,0,0,0,MOV,0,0,4844588,4844782,4844604,0,1,1,1,fortran,5.1411470777504314e-09,0.0,0,1,0
0x49ec10,JNS,406,406,-497,6,0x49ec0e,TEST,1,NonLeaf,eax(-1) eax(-1) ,rflags ,TEST,2,CALL_NEAR,5,MOV,7,MOV,3,MOV,3,JMP,5,MOV,4,LEA,4,MOV,4,JMP,5,0,0,0,0,0,JBE,0,0,1,0,0,0,JMP,1,0,4844558,4844063,4844566,0,0,0,0,fortran,5.1411470777504314e-09,1.0,1,1,1
0x49ebd0,JZ,406,406,92,2,0x49ebbb,TEST,1,NonLeaf,esi(-1) esi(-1) ,rflags ,MOV,6,MOVZX,7,MOV,6,TEST,2,SHL,3,MOV,4,ADD,4,AND,4,LEA,4,MOV,4,0,1,0,0,0,JAE,0,0,1,0,0,0,FSTP,0,0,4844320,4844588,4844498,0,0,0,1,fortran,5.1411470777504314e-09,1.0,1,1,1
0x49ea30,JBE,406,406,-13300,6,0x49ea2e,CMP,1,NonLeaf,eax(-1) edx(SUB) ,rflags ,CMP,2,ADD,2,SUB,2,MOV,5,MOV,6,JMP,5,MOV,3,CMP,3,JNB,6,MOV,2,0,0,0,0,0,JNE,0,0,1,0,0,0,JMP,1,0,4844063,4830780,4844086,0,0,0,0,fortran,5.1411470777504314e-09,1.0,1,1,1
0x49d567,JZ,241,241,-177,6,0x49d560,CMP,1,NonLeaf,rbp(-1) ,rflags ,CMP,7,JMP,5,MOV,7,MOV,7,CALL_NEAR,5,MOV,7,MOV,7,MOV,3,MOV,3,MOV,7,0,0,1,0,0,JE,0,0,1,0,0,0,CALL,0,1,4838752,4838582,4838765,0,0,0,1,fortran,3.0517646446745166e-09,1.0,1,1,1
0x49d532,JZ,241,241,-115,2,0x49d52b,CMP,1,NonLeaf,rbp(-1) ,rflags ,CMP,7,JMP,5,MOV,10,JMP,5,MOV,7,MOV,7,MOV,3,MOV,3,MOV,7,CALL_NEAR,5,0,0,1,0,0,JG,0,0,1,0,0,0,CALL,0,1,4838699,4838591,4838708,0,0,0,1,fortran,3.0517646446745166e-09,1.0,1,1,1
0x49d4ee,JZ,241,241,-6124,6,0x49d4e7,CMP,1,NonLeaf,rbp(-1) ,rflags ,CMP,7,JZ,6,CMP,8,JNLE,6,CMP,3,CMP,7,JNZ,6,MOV,7,MOV,4,SUB,4,0,0,1,0,0,JNE,0,0,1,0,0,0,JNE,0,0,4838631,4832514,4838644,0,0,1,0,fortran,3.0517646446745166e-09,1.0,1,0,1
0x49d4e1,JZ,241,0,-6111,6,0x49d4d9,CMP,1,NonLeaf,rbp(-1) ,rflags ,CMP,8,JNLE,6,CMP,3,SUB,7,MOV,3,CMP,7,JZ,6,CMP,7,JNZ,6,MOV,7,0,0,1,0,0,JNE,0,0,1,0,0,0,JE,0,0,4838617,4832514,4838631,0,0,1,0,fortran,3.0517646446745166e-09,0.0,0,0,0
0x49d4d3,JNLE,241,0,-6097,6,0x49d4d0,CMP,1,NonLeaf,rax(MOVSXD) rdx(SUB) ,rflags ,CMP,3,SUB,7,MOV,3,MOVSXD,7,JZ,2,CMP,8,JZ,6,CMP,7,JZ,6,CMP,7,0,0,1,0,0,JNE,0,0,1,0,0,0,JE,0,0,4838591,4832514,4838617,1,0,1,0,fortran,3.0517646446745166e-09,0.0,0,0,0
0x49d4bd,JZ,241,241,110,2,0x49d4b6,CMP,1,NonLeaf,rbp(-1) ,rflags ,CMP,7,JNZ,6,MOV,7,MOV,7,CMP,8,MOVSXD,7,MOV,3,SUB,7,CMP,3,JNLE,6,0,1,0,0,0,JE,0,0,1,1,0,0,JG,0,0,4838582,4838699,4838591,0,0,0,0,fortran,3.0517646446745166e-09,1.0,1,0,1
0x49d4b0,JNZ,241,241,176,6,0x49d49a,CMP,1,NonLeaf,rbp(-1) ,rflags ,MOV,7,MOV,7,CMP,8,CALL_NEAR,5,SETZ,3,CMP,7,JZ,2,MOVSXD,7,MOV,3,SUB,7,0,1,0,0,0,JE,0,0,1,1,0,0,JE,0,0,4838554,4838752,4838582,0,0,0,0,fortran,3.0517646446745166e-09,1.0,1,0,1
0x49cd89,JB,406,406,52,2,0x49cd86,CMP,1,NonLeaf,edx(MOV) ,rflags ,CMP,3,MOV,3,JBE,2,CMP,3,SUB,3,MOV,4,LEA,4,MOV,4,MOV,2,MOV,5,0,1,0,0,0,JMP,0,0,1,0,0,0,MOV,0,0,4836739,4836797,4836747,1,0,1,1,fortran,5.1411470777504314e-09,1.0,1,1,1
0x49cd81,JBE,406,0,74,2,0x49cd7e,CMP,1,NonLeaf,eax(SUB) ,rflags ,CMP,3,SUB,3,MOVZX,4,MOV,7,MOV,7,MOV,3,CMP,3,JB,2,MOV,4,LEA,4,0,1,0,0,0,CALL,0,1,1,0,0,0,JB,0,0,4836709,4836811,4836739,0,0,1,0,fortran,5.1411470777504314e-09,0.0,0,0,0
0x49cc53,JNBE,241,0,-3187,6,0x49cc51,CMP,1,NonLeaf,al(SUB) ,rflags ,CMP,2,SUB,3,MOV,6,MOVZX,3,MOV,7,MOVSX,7,SUB,3,CDQE,2,MOVZX,7,MOV,8,0,0,0,0,0,JNE,0,0,0,0,0,0,JMP,1,0,4836414,4833248,4836441,0,0,0,0,fortran,3.0517646446745166e-09,0.0,0,1,0
0x49cb14,JBE,241,241,298,6,0x49cb0a,CMP,1,NonLeaf,rbp(-1) ,rflags ,CMP,10,JNBE,6,CMP,10,MOV,10,MOV,7,MOVSXD,7,ADD,4,CMP,7,JNBE,6,LEA,4,0,1,0,0,0,JA,0,0,1,0,0,0,JA,0,0,4836106,4836414,4836122,0,0,1,0,fortran,3.0517646446745166e-09,1.0,1,0,1
0x49cb04,JNBE,241,0,-3088,6,0x49cafa,CMP,1,NonLeaf,rbp(-1) ,rflags ,CMP,10,MOV,10,MOV,7,NEG,6,JNS,2,CMP,10,JBE,6,MOVSXD,7,ADD,4,CMP,7,0,0,0,0,0,JMP,1,0,1,0,0,0,JBE,0,0,4836090,4833012,4836106,0,0,1,0,fortran,3.0517646446745166e-09,0.0,0,0,0
0x49cae1,JNS,241,241,25,2,0x49cad9,TEST,1,NonLeaf,eax(MOV) eax(MOV) ,rflags ,MOV,6,TEST,2,MOV,2,MOV,4,LEA,4,NEG,6,MOV,7,MOV,10,CMP,10,JNBE,6,0,1,1,0,0,JA,0,0,1,0,0,0,MOV,0,0,4836055,4836090,4836067,0,0,0,1,fortran,3.0517646446745166e-09,1.0,1,1,1
0x49cac5,JB,241,241,173,6,0x49cac2,CMP,1,NonLeaf,edx(MOV) ,rflags ,CMP,3,MOV,3,JBE,6,CMP,3,SUB,3,MOV,4,LEA,4,MOV,4,MOV,2,TEST,2,0,1,0,0,0,JMP,0,0,1,0,0,0,MOV,0,0,4836031,4836210,4836043,1,0,1,1,fortran,3.0517646446745166e-09,1.0,1,1,1
0x49cab9,JBE,241,0,308,6,0x49cab6,CMP,1,NonLeaf,eax(SUB) ,rflags ,CMP,3,SUB,3,MOVZX,4,MOV,7,MOV,7,MOV,3,CMP,3,JB,6,MOV,4,LEA,4,0,1,0,0,0,CALL,0,1,1,0,0,0,JB,0,0,4835990,4836333,4836031,0,0,1,0,fortran,3.0517646446745166e-09,0.0,0,0,0
0x49ca16,JBE,406,406,1314,6,0x49ca0c,CMP,1,NonLeaf,rbp(-1) ,rflags ,CMP,10,JZ,6,ADD,3,MOV,6,CALL_NEAR,5,MOV,6,CMP,6,JLE,6,CMP,10,JNBE,6,0,1,0,0,0,JMP,0,0,1,0,0,0,JLE,0,0,4835852,4837176,4835868,0,0,0,0,fortran,5.1411470777504314e-09,1.0,1,0,1
0x49c957,JZ,406,406,1038,6,0x49c954,CMP,1,NonLeaf,cl(MOVZX) ,rflags ,CMP,3,MOVZX,4,MOV,7,LEA,4,MOV,3,MOVZX,3,MOV,10,SUB,3,CMP,3,JBE,2,0,1,0,0,0,JBE,0,0,1,0,0,0,JBE,0,0,4835643,4836709,4835677,0,0,1,1,fortran,5.1411470777504314e-09,1.0,1,0,1
0x49c86c,JNBE,241,0,-2188,6,0x49c86a,CMP,1,NonLeaf,al(SUB) ,rflags ,CMP,2,SUB,3,MOV,6,MOVZX,4,MOV,7,JMP,5,MOV,10,JMP,5,CMP,8,JZ,6,0,0,0,0,0,JNE,0,0,1,0,0,0,JMP,0,0,4835375,4833248,4835442,0,0,0,0,fortran,3.0517646446745166e-09,0.0,0,0,0
0x49c806,JNBE,406,0,113,2,0x49c804,CMP,1,NonLeaf,al(SUB) ,rflags ,CMP,2,SUB,3,MOV,6,MOVZX,4,MOV,7,MOVSX,7,MOV,10,SUB,3,CDQE,2,MOVZX,7,1,1,0,0,0,JMP,1,0,1,0,0,0,JMP,0,0,4835301,4835447,4835336,0,0,1,1,fortran,5.1411470777504314e-09,0.0,0,0,0
0x49bfa2,JNBE,406,0,1630,6,0x49bfa0,CMP,1,NonLeaf,al(SUB) ,rflags ,CMP,2,SUB,3,MOV,6,MOVZX,4,MOV,7,MOVSX,7,MOV,7,MOV,10,SUB,3,CDQE,2,1,1,0,0,0,JMP,1,0,1,0,0,0,JMP,0,0,4833153,4834816,4833192,0,0,1,1,fortran,5.1411470777504314e-09,0.0,0,0,0
0x49bf58,JNBE,647,0,126,2,0x49bf56,CMP,1,NonLeaf,al(SUB) ,rflags ,CMP,2,SUB,3,MOV,6,MOVZX,4,MOV,7,MOVSX,7,MOV,10,SUB,3,CDQE,2,MOVZX,7,1,1,0,0,0,MOV,1,0,1,0,0,0,JMP,0,0,4833079,4833238,4833114,0,0,1,1,fortran,8.192911722424947e-09,0.0,0,0,0
0x49beee,JLE,241,241,-2226,6,0x49beeb,CMP,1,NonLeaf,r13(-1) rax(CDQE) ,rflags ,CMP,3,CDQE,2,ADD,3,SUB,2,MOV,5,MOV,7,MOV,7,JMP,5,CALL_NEAR,5,MOV,7,0,0,0,0,0,JNE,0,0,0,0,0,0,JMP,1,0,4832985,4830780,4833012,0,0,0,1,fortran,3.0517646446745166e-09,1.0,1,1,1
0x49bed3,JNZ,241,0,-2061,6,0x49bed0,CMP,1,NonLeaf,r13(-1) rax(-1) ,rflags ,CMP,3,CALL_NEAR,3,MOV,3,SUB,3,MOV,3,MOV,6,MOV,5,SUB,2,ADD,3,CDQE,2,0,0,0,0,0,MOV,1,0,1,0,0,0,JLE,0,0,4832976,4830918,4832985,0,0,1,0,fortran,3.0517646446745166e-09,0.0,0,0,0
0x49beb7,JBE,241,0,6719,6,0x49beb0,CMP,1,NonLeaf,rbp(-1) rdx(SUB) ,rflags ,CMP,7,SUB,7,MOV,3,MOV,7,JNBE,2,MOV,7,MOV,3,SUB,3,MOV,3,CALL_NEAR,3,0,1,0,0,0,CALL,0,1,1,1,0,0,CALL,0,1,4832927,4839670,4832957,0,0,1,1,fortran,3.0517646446745166e-09,0.0,0,0,0
0x49be9d,JNBE,241,0,87,2,0x49be9b,CMP,1,NonLeaf,ecx(MOV) eax(SUB) ,rflags ,CMP,2,ADD,6,MOV,6,SUB,6,MOV,5,MOV,7,MOV,3,SUB,7,CMP,7,JBE,6,0,0,0,0,0,JMP,1,0,0,0,0,0,JBE,0,0,4832900,4833012,4832927,0,0,1,0,fortran,3.0517646446745166e-09,0.0,0,0,0
0x49be7e,JNZ,241,0,-1976,6,0x49be7b,CMP,1,NonLeaf,r10(MOV) rax(-1) ,rflags ,CMP,3,MOV,7,CALL_NEAR,5,MOV,6,MOV,7,MOV,5,SUB,6,MOV,6,ADD,6,CMP,2,0,0,0,0,0,MOV,1,0,1,0,0,0,JA,0,0,4832884,4830918,4832900,0,0,1,1,fortran,3.0517646446745166e-09,0.0,0,0,0
0x49be52,JLE,241,0,77,2,0x49be50,TEST,1,NonLeaf,ecx(ADD) ecx(ADD) ,rflags ,TEST,2,ADD,6,ADD,7,JZ,6,CMP,10,MOVSXD,3,MOV,5,MOV,3,MOV,3,MOV,7,0,1,0,0,0,JBE,0,0,1,0,0,0,CALL,0,1,4832842,4832927,4832852,0,0,0,1,fortran,3.0517646446745166e-09,0.0,0,1,0
0x49bddf,JZ,241,241,107,2,0x49bdd8,CMP,1,NonLeaf,rbp(-1) ,rflags ,CMP,7,JZ,2,CMP,8,ADD,7,JZ,6,CMP,7,JNZ,2,MOV,4,CMP,4,JNB,6,0,0,0,0,0,JLE,0,0,1,0,0,0,JNE,0,0,4832728,4832842,4832737,0,0,0,0,fortran,3.0517646446745166e-09,1.0,1,0,1
0x49bdd6,JZ,241,0,116,2,0x49bdce,CMP,1,NonLeaf,rbp(-1) ,rflags ,CMP,8,ADD,7,JZ,6,CMP,10,MOV,3,CMP,7,JZ,2,CMP,7,JNZ,2,MOV,4,0,1,0,0,0,JLE,0,0,1,0,0,0,JE,0,0,4832718,4832842,4832728,0,0,0,0,fortran,3.0517646446745166e-09,0.0,0,0,0
0x49bdc1,JZ,241,0,-1787,6,0x49bdb7,CMP,1,NonLeaf,rbp(-1) ,rflags ,CMP,10,MOV,3,MOV,4,LEA,4,JNB,6,ADD,7,CMP,8,JZ,2,CMP,7,JZ,2,0,0,0,0,0,MOV,1,0,1,0,0,0,ADD,0,0,4832695,4830918,4832711,0,0,1,1,fortran,3.0517646446745166e-09,0.0,0,0,0
0x49bda6,JNB,241,0,7155,6,0x49bda2,CMP,1,NonLeaf,rax(MOV) r14(-1) ,rflags ,CMP,4,MOV,4,JZ,6,TEST,3,JZ,6,LEA,4,MOV,4,MOV,3,CMP,10,JZ,6,0,1,0,0,0,CALL,0,1,1,0,0,0,MOV,0,0,4832670,4839833,4832684,0,0,1,1,fortran,3.0517646446745166e-09,0.0,0,0,0
0x49bd98,JZ,241,0,5800,6,0x49bd95,TEST,1,NonLeaf,r10d(-1) r10d(-1) ,rflags ,TEST,3,JZ,6,CMP,7,ADC,3,CMP,3,MOV,4,CMP,4,JNB,6,LEA,4,MOV,4,0,1,0,0,0,JE,0,0,1,0,0,0,JAE,0,0,4832661,4838464,4832670,0,0,0,0,fortran,3.0517646446745166e-09,0.0,0,0,0
0x49bd8f,JZ,241,0,6911,6,0x49bd88,CMP,1,NonLeaf,rbp(-1) ,rflags ,CMP,7,ADC,3,CMP,3,OR,6,OR,3,TEST,3,JZ,6,MOV,4,CMP,4,JNB,6,0,1,0,0,0,JLE,0,0,1,0,0,0,JE,0,0,4832627,4839566,4832661,0,0,0,0,fortran,3.0517646446745166e-09,0.0,0,0,0
0x49bd5f,JZ,241,241,20,2,0x49bd58,CMP,1,NonLeaf,rbp(-1) ,rflags ,CMP,7,JZ,2,CMP,8,SUB,6,ADD,6,CMP,7,LEA,3,SETZ,3,TEST,2,CMOVNZ,3,0,0,1,0,0,JE,0,0,1,0,0,0,CMOVNE,0,0,4832600,4832627,4832609,0,0,0,0,fortran,3.0517646446745166e-09,1.0,1,0,1
0x49bd56,JZ,241,0,29,2,0x49bd4e,CMP,1,NonLeaf,rbp(-1) ,rflags ,CMP,8,SUB,6,ADD,6,MOV,6,JNZ,6,CMP,7,JZ,2,CMP,7,LEA,3,SETZ,3,0,1,1,0,0,JE,0,0,1,0,0,0,JE,0,0,4832572,4832627,4832600,0,0,0,0,fortran,3.0517646446745166e-09,0.0,0,0,0
0x49bd36,JNZ,241,0,6250,6,0x49bd22,CMP,1,NonLeaf,rbp(-1) ,rflags ,MOV,6,MOV,7,CMP,7,CMOVNS,4,MOV,5,MOV,6,ADD,6,SUB,6,CMP,8,JZ,2,0,1,0,0,0,JE,0,0,1,0,0,0,JE,0,0,4832514,4838816,4832572,0,0,0,0,fortran,3.0517646446745166e-09,0.0,0,0,0
0x49bcb5,JS,241,241,6247,6,0x49bcae,CMP,1,NonLeaf,rbp(-1) ,rflags ,CMP,7,MOV,7,MOV,10,XOR,3,MOV,10,JNZ,6,CMP,8,JNZ,6,CMP,7,JZ,6,0,1,0,0,0,JMP,0,0,1,0,0,0,JNE,0,0,4832430,4838684,4832443,0,0,1,0,fortran,3.0517646446745166e-09,1.0,1,0,1
0x49b70c,JZ,647,647,-60,2,0x49b703,CMP,1,NonLeaf,rdx(-1) ,rflags ,MOV,6,CMP,3,ADD,2,JNLE,6,CMP,3,ADD,7,MOV,3,JMP,5,MOV,4,LEA,4,0,0,0,0,0,JE,1,0,1,0,0,0,JMP,0,0,4830977,4830928,4830990,0,0,0,1,fortran,8.192911722424947e-09,1.0,1,0,1
0x49b6fb,JNLE,647,0,2041,6,0x49b6f8,CMP,1,NonLeaf,rax(-1) rsi(MOVSXD) ,rflags ,CMP,3,MOVSXD,3,SUB,2,MOV,5,JMP,5,ADD,2,CMP,3,MOV,6,JZ,2,ADD,7,0,0,0,0,0,JMP,1,0,1,0,0,0,JE,0,0,4830958,4833012,4830977,0,1,1,1,fortran,8.192911722424947e-09,0.0,0,0,0
0x49b6d7,JZ,647,647,-1787,6,0x49b6d0,CMP,1,NonLeaf,rbp(-1) ,rflags ,CMP,7,MOV,10,JZ,2,CMP,3,XOR,3,MOV,7,CALL_NEAR,5,JMP,5,MOV,5,SUB,2,0,0,1,0,0,CALL,0,1,1,0,0,0,CALL,0,1,4830928,4829148,4830941,0,0,1,1,fortran,8.192911722424947e-09,1.0,1,0,1
0x49b6c4,JZ,647,647,42,2,0x49b6c1,CMP,1,NonLeaf,rax(-1) rsi(SUB) ,rflags ,CMP,3,XOR,3,SUB,3,MOV,3,MOV,6,MOV,10,CMP,7,JZ,6,MOV,7,CALL_NEAR,5,0,1,0,0,0,JG,0,0,0,0,0,0,MOV,1,0,4830891,4830958,4830918,0,0,0,1,fortran,8.192911722424947e-09,1.0,1,1,1
0x49b68f,JBE,647,0,2168,6,0x49b688,CMP,1,NonLeaf,rbp(-1) rdx(SUB) ,rflags ,CMP,7,SUB,7,MOV,3,MOV,6,MOV,7,SUB,3,MOV,3,MOV,6,MOV,3,MOV,3,0,1,0,0,0,CALL,0,1,1,1,0,0,CALL,0,1,4830826,4833031,4830869,0,0,1,1,fortran,8.192911722424947e-09,0.0,0,0,0
0x49b63f,JNZ,647,0,2271,6,0x49b63c,TEST,1,NonLeaf,r12(-1) r12(-1) ,rflags ,TEST,3,JNBE,6,CMP,3,ADD,3,MOV,6,MOV,7,MOV,5,MOV,6,LEA,4,MOV,3,0,1,0,0,0,CALL,0,1,1,1,0,0,CALL,0,1,4830780,4833054,4830789,0,0,1,1,fortran,8.192911722424947e-09,0.0,0,0,0
0x49b1d7,JNBE,647,0,29,2,0x49b1b0,CMP,1,NonLeaf,al(SUB) ,rflags ,MOV,7,MOV,10,MOV,10,MOV,10,CMP,2,MOVSX,7,SUB,3,CDQE,2,MOVZX,7,MOV,8,0,0,1,0,0,JMP,0,0,0,0,0,0,MOV,0,0,4829490,4829684,4829657,0,0,0,0,fortran,8.192911722424947e-09,0.0,0,0,0
0x49b0f0,JNZ,647,0,3852,6,0x49b0e8,CMP,1,NonLeaf,rip(JNZ) ,rflags ,CMP,8,JNZ,6,CMP,8,JNZ,6,CMP,8,MOV,7,MOV,11,MOV,10,MOV,10,MOV,11,0,0,0,0,0,MOV,0,0,1,0,0,0,MOV,0,0,4829416,4833276,4829430,0,0,1,1,fortran,8.192911722424947e-09,0.0,0,0,0
0x49b0e2,JNZ,647,0,3866,6,0x49b0da,CMP,1,NonLeaf,rip(JNZ) ,rflags ,CMP,8,JNZ,6,CMP,8,JZ,6,CMP,3,CMP,8,JNZ,6,MOV,7,MOV,11,MOV,10,0,0,0,0,0,MOV,0,0,1,0,0,0,JNE,0,0,4829402,4833276,4829416,0,0,1,0,fortran,8.192911722424947e-09,0.0,0,0,0
0x49b0d4,JNZ,647,0,3880,6,0x49b0cc,CMP,1,NonLeaf,rip(JNZ) ,rflags ,CMP,8,JZ,6,CMP,3,MOV,7,MOV,7,CMP,8,JNZ,6,CMP,8,JNZ,6,MOV,7,0,1,0,0,0,MOV,0,0,1,0,0,0,JNE,0,0,4829388,4833276,4829402,0,0,1,0,fortran,8.192911722424947e-09,0.0,0,0,0
0x49b0c6,JZ,647,0,-248,6,0x49b0c3,CMP,1,NonLeaf,rax(MOV) ,rflags ,CMP,3,MOV,7,MOV,7,JNLE,6,CMP,7,CMP,8,JNZ,6,CMP,8,JNZ,6,CMP,8,0,0,0,0,0,XOR,1,0,1,0,0,0,JNE,0,0,4829365,4829134,4829388,0,0,1,0,fortran,8.192911722424947e-09,0.0,0,0,0
0x49b0af,JNLE,647,0,402,6,0x49b0a8,CMP,1,NonLeaf,r12(-1) ,rflags ,CMP,7,NOP,3,JMP,5,CALL_NEAR,5,XOR,2,MOV,7,MOV,7,CMP,3,JZ,6,CMP,8,0,1,0,0,0,JMP,1,0,1,0,0,0,JE,0,0,4829352,4829761,4829365,0,0,1,1,fortran,8.192911722424947e-09,0.0,0,0,0
0x49b033,JZ,647,647,-446,6,0x49b030,CMP,1,NonLeaf,eax(-1) ,rflags ,CMP,3,NOP,7,RET_NEAR,1,POP,1,POP,2,MOV,5,JMP,2,MOV,3,MOV,3,MOV,3,0,0,0,0,0,JNE,0,0,1,0,0,0,JMP,1,0,4829232,4828789,4829241,0,0,0,0,fortran,8.192911722424947e-09,1.0,1,1,1
0x49b00e,JNZ,647,0,132,6,0x49b00c,TEST,1,NonLeaf,eax(MOV) eax(MOV) ,rflags ,TEST,2,MOV,6,JZ,2,SUB,4,MOV,7,MOV,6,LEA,4,POP,1,POP,2,POP,2,0,0,0,0,0,CALL,0,1,0,1,0,0,MOV,0,0,4829190,4829330,4829204,0,0,1,0,fortran,8.192911722424947e-09,0.0,0,0,0
0x49aff7,JNZ,647,647,15,2,0x49aff0,TEST,1,NonLeaf,r14(-1) ,rflags ,TEST,7,CALL_NEAR,5,MOV,3,CALL_NEAR,5,MOV,7,MOV,7,SUB,4,JZ,2,MOV,6,TEST,2,0,1,0,0,0,JNE,0,0,1,0,0,0,JE,0,0,4829168,4829190,4829177,0,0,0,1,fortran,8.192911722424947e-09,1.0,1,0,1
0x49afc8,JZ,647,647,224,6,0x49afbb,CMP,1,NonLeaf,r12(-1) rax(-1) ,rflags ,MOV,10,CMP,3,CALL_NEAR,4,MOV,3,SUB,3,MOV,11,XOR,3,MOV,7,CALL_NEAR,5,MOV,3,0,1,0,0,0,JG,0,0,1,0,0,0,XOR,1,0,4829115,4829352,4829134,0,0,0,1,fortran,8.192911722424947e-09,1.0,1,1,1
0x49af9e,JBE,647,0,665,6,0x49af97,CMP,1,NonLeaf,rbp(-1) rax(SUB) ,rflags ,CMP,7,SUB,6,MOV,3,SUB,11,MOV,11,MOV,7,MOV,3,MOV,3,SUB,3,MOV,3,0,1,0,0,0,CALL,0,1,1,1,0,0,CALL,0,1,4829041,4829751,4829092,0,0,1,1,fortran,8.192911722424947e-09,0.0,0,0,0
0x49aee1,JNZ,647,647,144,6,0x49aec2,TEST,1,NonLeaf,r12d(-1) ,rflags ,MOV,10,MOV,7,MOV,7,TEST,7,CALL_NEAR,5,MOV,5,TEST,3,JZ,6,LEA,7,MOV,3,0,1,1,0,0,JBE,0,0,1,0,0,0,JE,0,0,4828866,4829041,4828903,0,0,1,0,fortran,8.192911722424947e-09,1.0,1,1,1
0x49ae8f,JNZ,647,0,433,6,0x49ae8b,TEST,1,NonLeaf,r12b(-1) ,rflags ,TEST,4,JZ,6,TEST,3,JNZ,6,TEST,4,MOV,3,MOV,5,MOV,3,MOV,7,MOV,4,0,1,0,0,0,CALL,1,1,1,0,0,0,CALL,0,1,4828811,4829248,4828821,0,0,1,1,fortran,8.192911722424947e-09,0.0,0,0,0
0x49ae85,JZ,647,0,922,6,0x49ae82,TEST,1,NonLeaf,rbx(-1) rbx(-1) ,rflags ,TEST,3,JNZ,6,TEST,4,MOV,3,MOV,10,TEST,4,JNZ,6,MOV,3,MOV,5,MOV,3,0,1,0,0,0,JMP,1,0,1,0,0,0,JNE,0,0,4828802,4829727,4828811,0,0,1,0,fortran,8.192911722424947e-09,0.0,0,0,0
0x49ae7c,JNZ,647,0,900,6,0x49ae78,TEST,1,NonLeaf,r12b(MOV) ,rflags ,TEST,4,MOV,3,MOV,10,JNZ,6,TEST,2,TEST,3,JZ,6,TEST,4,JNZ,6,MOV,3,0,1,0,0,0,JMP,1,0,1,0,0,0,JE,0,0,4828789,4829696,4828802,1,0,1,0,fortran,8.192911722424947e-09,0.0,0,0,0
0x49ae65,JNZ,647,647,459,6,0x49ae63,TEST,1,NonLeaf,eax(MOV) eax(MOV) ,rflags ,TEST,2,MOV,6,MOV,6,MOV,3,MOV,7,MOV,10,MOV,3,TEST,4,JNZ,6,TEST,3,0,1,0,0,0,JE,0,0,1,0,0,0,MOV,0,0,4828720,4829232,4828779,0,0,0,1,fortran,8.192911722424947e-09,1.0,1,0,1
0x49ac25,JNZ,242,1,-37,2,0x49ac18,TEST,1,Leaf,rdx(SHR) rdx(SHR) ,rflags ,MOV,2,MOV,3,MOVZX,5,TEST,3,SUB,3,MOV,3,RET_NEAR,1,INVALID,0,INVALID,0,INVALID,0,1,1,1,1,1,JNE,0,0,1,1,0,0,RET,1,0,4828160,4828160,4828199,0,0,1,0,fortran,3.06442756851134e-09,0.0041322314049586,0,1,0
0x49ab74,JZ,241,241,124,2,0x49ab71,CMP,1,Leaf,edx(-1) ,rflags ,CMP,3,CMOVZ,4,MOV,5,MOV,6,TEST,2,CMP,3,JZ,2,CMP,3,MOV,2,JZ,2,0,1,0,0,0,NOP,1,0,1,0,0,0,JE,1,0,4828000,4828144,4828022,0,0,0,0,fortran,3.0517646446745166e-09,1.0,1,0,1
0x4993b8,JZ,1,1,23,2,0x4993b2,TEST,1,NonLeaf,esi(-1) esi(-1) ,rflags ,MOV,3,PUSH,1,TEST,2,XOR,2,INVALID,0,LEA,4,XOR,2,XOR,2,CALL_NEAR,5,TEST,2,0,1,1,0,0,RET,0,0,1,0,0,0,CALL,0,1,4821936,4821967,4821946,0,0,1,1,fortran,1.266292383682372e-11,1.0,1,0,1
0x4d4b2a,JZ,1,1,20,2,0x4d4b27,TEST,1,Leaf,cl(MOV) ,rflags ,TEST,3,MOV,3,MOV,3,JZ,2,TEST,3,MOV,3,MOV,3,ADD,4,MOV,3,TEST,3,0,0,1,0,0,NOP,1,0,1,0,0,0,JNE,0,0,5065505,5065534,5065516,0,1,0,1,fortran,1.266292383682372e-11,1.0,1,0,1
0x48df7e,JZ,1,0,82,2,0x48df7c,TEST,1,NonLeaf,eax(MOV) eax(MOV) ,rflags ,TEST,2,MOV,6,JZ,2,MOV,2,PUSH,1,MOVZX,7,MOV,10,CALL_NEAR,5,MOV,6,MOV,7,0,1,0,0,0,JMP,0,0,0,0,0,0,CALL,0,1,4775798,4775888,4775808,0,0,1,1,fortran,1.266292383682372e-11,0.0,0,1,0
0x48df74,JZ,1,0,12,2,0x48df6a,TEST,1,NonLeaf,rax(MOV) rax(MOV) ,rflags ,MOV,2,PUSH,1,MOV,3,PUSH,1,TEST,3,MOV,6,TEST,2,JZ,2,MOVZX,7,MOV,10,0,1,0,0,0,CALL,0,1,1,0,0,0,JE,0,0,4775776,4775808,4775798,0,0,1,0,fortran,1.266292383682372e-11,0.0,0,0,0
0x48dedd,JZ,1,1,-14,2,0x48ded9,CMP,1,NonLeaf,r8d(-1) ,rflags ,CMP,4,RET_NEAR,1,POP,1,POP,1,ADD,7,MOV,5,ADD,7,SUB,3,SHL,3,POP,1,0,0,0,0,0,RET,0,0,0,0,0,0,RET,0,0,4775641,4775631,4775647,0,0,0,0,fortran,1.266292383682372e-11,1.0,1,0,1
0x48decd,JNZ,2,2,-85,2,0x48dec9,CMP,1,NonLeaf,r8d(-1) ,rflags ,CMP,4,JNZ,2,CMP,3,OR,2,LEA,4,ADD,7,POP,1,POP,1,RET_NEAR,1,CMP,4,0,0,0,1,1,JA,0,0,0,0,0,0,RET,1,0,4775625,4775544,4775631,0,0,0,0,fortran,2.532584767364744e-11,1.0,1,1,1
0x48dec7,JNZ,3,1,18,2,0x48dec4,CMP,1,NonLeaf,dl(-1) ,rflags ,CMP,3,OR,2,LEA,4,ADD,4,SHL,3,CMP,4,JNZ,2,ADD,7,POP,1,POP,1,0,1,0,0,0,JE,1,0,1,0,0,0,JNE,0,0,4775607,4775641,4775625,0,0,0,0,fortran,3.798877151047116e-11,0.3333333333333333,0,0,0
0x48deb5,JBE,1,0,-21,2,0x48deb1,CMP,1,NonLeaf,dil(LEA) ,rflags ,CMP,4,LEA,3,MOVSX,3,LEA,4,ADD,4,SHL,3,ADD,4,LEA,4,OR,2,CMP,3,1,1,1,1,1,JBE,0,0,0,1,0,0,JNE,0,0,4775584,4775584,4775607,0,0,0,0,fortran,1.266292383682372e-11,0.0,0,1,0
0x48de81,JNBE,3,0,94,2,0x48de7e,CMP,1,NonLeaf,dl(LEA) ,rflags ,CMP,3,LEA,3,MOVSX,3,XOR,2,XOR,3,MOVSX,4,LEA,4,SUB,3,LEA,3,CMP,4,1,1,0,0,0,RET,1,0,1,0,0,0,JA,0,0,4775544,4775647,4775555,0,0,0,0,fortran,3.798877151047116e-11,0.0,0,0,0
0x48de6d,JNZ,1,0,147,6,0x48de63,TEST,1,NonLeaf,eax(-1) eax(-1) ,rflags ,LEA,8,TEST,2,CALL_NEAR,5,LEA,5,SUB,7,XOR,3,XOR,2,MOVSX,3,LEA,3,CMP,3,0,1,0,0,0,CALL,0,1,1,0,0,0,XOR,0,0,4775523,4775680,4775539,0,0,1,0,fortran,1.266292383682372e-11,0.0,0,0,0
0x48de08,JZ,1,0,8,2,0x48de06,TEST,1,NonLeaf,eax(MOV) eax(MOV) ,rflags ,TEST,2,MOV,6,INVALID,0,INVALID,0,INVALID,0,RET_NEAR,1,NOP,5,PUSH,1,CALL_NEAR,5,MOV,2,0,1,0,0,0,CALL,0,1,1,0,0,0,RET,0,0,4775424,4775440,4775434,0,0,1,0,fortran,1.266292383682372e-11,0.0,0,0,0
0x48d66e,JNBE,1,0,-1449,6,0x48d66a,CMP,1,NonLeaf,rcx(SUB) ,rflags ,CMP,4,SUB,3,MOV,3,JBE,2,CMP,4,NEG,3,LEA,4,MOV,4,JMP,5,NOP,4,0,0,1,0,0,JE,0,0,1,0,0,0,JMP,0,0,4773476,4772037,4773492,0,0,0,1,fortran,1.266292383682372e-11,0.0,0,0,0
0x48d662,JBE,1,0,38,2,0x48d65e,CMP,1,NonLeaf,rcx(SUB) ,rflags ,CMP,4,SUB,3,MOV,3,NOP,4,JMP,5,MOV,3,SUB,3,CMP,4,JNBE,6,NEG,3,0,1,0,0,0,JMP,0,0,1,0,0,0,JA,0,0,4773464,4773512,4773476,0,0,1,0,fortran,1.266292383682372e-11,0.0,0,0,0
0x48d5dd,JB,1,0,-1500,6,0x48d5da,CMP,1,NonLeaf,rcx(-1) r9(-1) ,rflags ,CMP,3,JZ,6,TEST,4,MOV,3,MOV,7,MOV,7,MOV,7,MOV,3,JMP,5,NOP,7,0,0,1,0,0,JE,0,0,1,0,0,0,JMP,0,0,4773338,4771841,4773347,0,0,0,1,fortran,1.266292383682372e-11,0.0,0,0,0
0x48d5d4,JZ,1,0,-1491,6,0x48d5d0,TEST,1,NonLeaf,rax(-1) ,rflags ,TEST,4,MOV,3,MOV,7,JB,2,CMP,3,CMP,3,JB,6,MOV,7,MOV,7,MOV,3,0,0,1,0,0,JE,0,0,1,0,0,0,JB,0,0,4773328,4771841,4773338,1,0,0,0,fortran,1.266292383682372e-11,0.0,0,0,0
0x48d5c4,JB,1,0,12,2,0x48d5c1,CMP,1,NonLeaf,rcx(ADD) r8(-1) ,rflags ,CMP,3,ADD,4,MOV,3,JNZ,2,MOV,4,MOV,7,MOV,3,TEST,4,JZ,6,CMP,3,0,1,1,0,0,JE,0,0,1,0,0,0,MOV,0,0,4773309,4773328,4773318,0,0,0,1,fortran,1.266292383682372e-11,0.0,0,1,0
0x48d5b8,JNZ,1,0,5,2,0x48d5b0,CMP,1,NonLeaf,rbx(-1) ,rflags ,MOV,4,CMP,4,RET_NEAR,1,POP,2,POP,2,MOV,3,ADD,4,CMP,3,JB,2,MOV,7,0,1,1,0,0,JB,0,0,1,0,0,0,MOV,0,0,4773296,4773309,4773306,0,0,0,1,fortran,1.266292383682372e-11,0.0,0,1,0
0x48d5a3,JNZ,4,4,-27,2,0x48d5a0,CMP,1,NonLeaf,rdx(ADD) rcx(-1) ,rflags ,CMP,3,ADD,4,JZ,6,CMP,7,ADD,4,ADD,4,POP,1,POP,1,POP,2,POP,2,1,1,0,0,0,JE,0,0,0,0,0,0,RET,1,0,4773276,4773256,4773285,0,0,0,0,fortran,5.065169534729488e-11,1.0,1,1,1
0x48d596,JZ,4,1,346,6,0x48d58f,CMP,1,NonLeaf,rax(ADD) ,rflags ,CMP,7,ADD,4,MOV,3,NOP,5,JMP,2,ADD,4,CMP,3,JNZ,2,ADD,4,POP,1,0,0,0,0,0,RET,1,0,0,0,1,1,JNE,0,0,4773256,4773616,4773276,0,0,1,0,fortran,5.065169534729488e-11,0.25,0,0,0
0x48d575,JZ,1,0,367,6,0x48d56f,CMP,1,NonLeaf,rax(-1) ,rflags ,CMP,6,JZ,2,TEST,3,MOV,7,JZ,2,ADD,4,XOR,2,JMP,2,NOP,5,MOV,3,0,1,0,0,0,NOP,0,0,1,0,0,0,JMP,0,0,4773231,4773604,4773243,0,1,0,0,fortran,1.266292383682372e-11,0.0,0,0,0
0x48d56d,JZ,1,0,56,2,0x48d56a,TEST,1,NonLeaf,rcx(MOV) rcx(MOV) ,rflags ,TEST,3,MOV,7,JZ,2,TEST,3,MOV,7,CMP,6,JZ,6,ADD,4,XOR,2,JMP,2,0,0,0,0,0,RET,0,0,1,0,0,0,JE,0,0,4773219,4773285,4773231,0,0,0,0,fortran,1.266292383682372e-11,0.0,0,0,0
0x48d561,JZ,1,0,68,2,0x48d55e,TEST,1,NonLeaf,rax(MOV) rax(MOV) ,rflags ,TEST,3,MOV,7,MOV,7,CALL_NEAR,5,JZ,2,MOV,7,TEST,3,JZ,2,CMP,6,JZ,6,0,1,0,0,0,RET,0,0,1,0,0,0,JE,0,0,4773207,4773285,4773219,0,0,0,0,fortran,1.266292383682372e-11,0.0,0,0,0
0x48d549,JZ,1,1,14,2,0x48d546,TEST,1,NonLeaf,rdi(MOV) rdi(MOV) ,rflags ,TEST,3,MOV,7,MOV,6,JZ,2,TEST,3,CALL_NEAR,5,MOV,7,MOV,7,TEST,3,JZ,2,0,1,1,0,0,JE,0,0,1,0,0,0,CALL,0,1,4773183,4773207,4773195,0,0,0,1,fortran,1.266292383682372e-11,1.0,1,1,1
0x48d4f4,JZ,1,1,75,2,0x48d4ee,TEST,1,NonLeaf,rax(-1) rax(-1) ,rflags ,MOV,3,TEST,3,CALL_NEAR,5,MOV,5,CALL_NEAR,5,MOV,6,XOR,2,XOR,3,XOR,2,XOR,2,0,1,1,0,0,JE,0,0,1,0,0,0,XOR,0,0,4773102,4773183,4773110,0,0,0,0,fortran,1.266292383682372e-11,1.0,1,0,1
0x48d4cd,JZ,1,1,18,2,0x48d4ca,TEST,1,NonLeaf,rax(MOV) rax(MOV) ,rflags ,TEST,3,MOV,7,JNZ,6,TEST,2,CALL_NEAR,5,CMP,3,JNZ,2,MOV,11,CALL_NEAR,5,MOV,5,0,1,1,0,0,CALL,0,1,1,0,0,0,JNE,0,0,4773059,4773087,4773071,0,0,1,0,fortran,1.266292383682372e-11,1.0,1,0,1
0x48d486,JZ,1,1,61,2,0x48d484,TEST,1,NonLeaf,eax(MOV) eax(MOV) ,rflags ,TEST,2,MOV,6,CALL_NEAR,5,JZ,6,CMP,3,MOV,5,NOP,3,MOV,3,CALL_NEAR,5,XOR,2,0,1,1,0,0,JE,0,0,1,0,0,0,NOP,0,0,4772990,4773059,4773000,0,0,0,0,fortran,1.266292383682372e-11,1.0,1,1,1
0x48d46a,JZ,1,1,406,6,0x48d460,TEST,1,NonLeaf,rax(-1) rax(-1) ,rflags ,MOV,7,TEST,3,CALL_NEAR,5,MOV,6,SETZ,3,CMP,3,JZ,6,CALL_NEAR,5,MOV,6,TEST,2,0,1,0,0,0,JMP,0,0,1,0,0,0,JE,0,0,4772960,4773376,4772976,0,0,1,0,fortran,1.266292383682372e-11,1.0,1,0,1
0x48d3b0,JZ,1,1,6,2,0x48d3ae,TEST,1,NonLeaf,edx(MOV) edx(MOV) ,rflags ,TEST,2,MOV,4,MOV,6,CALL_NEAR,5,MOV,4,MOV,4,XOR,2,MOV,3,CALL_NEAR,5,MOV,11,0,0,1,0,0,CALL,0,1,1,0,0,0,MOV,0,0,4772772,4772790,4772786,0,0,1,1,fortran,1.266292383682372e-11,1.0,1,0,1
0x48d38c,JZ,1,0,1078,6,0x48d389,TEST,1,NonLeaf,rax(-1) rax(-1) ,rflags ,TEST,3,CALL_NEAR,5,MOV,3,MOV,3,CALL_NEAR,5,MOV,3,MOV,3,MOV,3,MOV,4,CALL_NEAR,5,0,1,0,0,0,CALL,0,1,1,0,0,0,CALL,0,1,4772745,4773826,4772754,0,0,1,1,fortran,1.266292383682372e-11,0.0,0,0,0
0x48d368,JZ,1,0,78,2,0x48d365,TEST,1,NonLeaf,rax(MOV) rax(MOV) ,rflags ,TEST,3,MOV,7,MOV,3,MOV,7,MOV,10,MOV,4,MOV,4,ADD,4,MOV,3,CALL_NEAR,5,0,1,0,0,0,CALL,0,1,1,0,0,0,CALL,0,1,4772664,4772790,4772714,0,0,1,1,fortran,1.266292383682372e-11,0.0,0,0,0
0x48d323,JZ,1,1,13,2,0x48d31b,CMP,1,NonLeaf,rbx(-1) ,rflags ,CMP,8,JNZ,6,AND,3,JNZ,6,MOV,2,MOV,11,MOV,3,CALL_NEAR,5,MOV,7,LEA,4,0,0,1,0,0,CALL,0,1,1,0,0,0,MOV,0,0,4772635,4772656,4772645,0,0,1,1,fortran,1.266292383682372e-11,1.0,1,0,1
0x48d2f7,JZ,1,1,36,2,0x48d2f4,TEST,1,NonLeaf,rax(MOV) rax(MOV) ,rflags ,TEST,3,MOV,7,JNZ,6,TEST,2,MOV,7,TEST,7,MOV,4,MOV,6,MOV,2,JNZ,6,0,1,1,0,0,JE,0,0,1,0,0,0,JNE,0,0,4772589,4772635,4772601,0,1,0,1,fortran,1.266292383682372e-11,1.0,1,1,1
0x48d2c3,JZ,1,1,42,2,0x48d2c0,TEST,1,NonLeaf,rdx(MOV) rdx(MOV) ,rflags ,TEST,3,MOV,7,MOV,7,MOV,7,MOV,7,MOV,4,TEST,2,MOV,6,JZ,2,MOV,7,0,1,1,0,0,JE,0,0,1,0,0,0,JE,0,0,4772537,4772589,4772549,0,0,0,1,fortran,1.266292383682372e-11,1.0,1,0,1
0x48d294,JZ,1,0,37,2,0x48d291,TEST,1,NonLeaf,rax(MOV) rax(MOV) ,rflags ,TEST,3,MOV,7,MOV,7,MOV,4,ADD,4,ADD,4,MOV,3,LEA,7,MOV,7,MOV,7,0,0,1,0,0,JE,0,0,1,0,0,0,MOV,0,0,4772490,4772537,4772502,0,0,0,1,fortran,1.266292383682372e-11,0.0,0,0,0
0x48d261,JZ,1,0,1206,6,0x48d25e,TEST,1,NonLeaf,rdx(MOV) rdx(MOV) ,rflags ,TEST,3,MOV,7,MOV,7,MOV,4,ADD,4,MOV,3,LEA,7,MOV,7,MOV,3,ADD,4,0,1,0,0,0,JMP,0,0,1,0,0,0,MOV,0,0,4772439,4773655,4772455,0,0,0,1,fortran,1.266292383682372e-11,0.0,0,0,0
0x48d22e,JZ,1,1,1265,6,0x48d22b,TEST,1,NonLeaf,rcx(MOV) rcx(MOV) ,rflags ,TEST,3,MOV,7,MOV,4,MOV,4,ADD,4,MOV,3,LEA,7,MOV,7,MOV,3,ADD,4,0,1,0,0,0,JMP,0,0,1,0,0,0,MOV,0,0,4772388,4773663,4772404,0,0,0,1,fortran,1.266292383682372e-11,1.0,1,0,1
0x48d1fe,JZ,1,1,1324,6,0x48d1fb,TEST,1,NonLeaf,rsi(MOV) rsi(MOV) ,rflags ,TEST,3,MOV,4,MOV,4,MOV,7,ADD,4,MOV,3,LEA,7,MOV,7,MOV,3,ADD,4,0,1,0,0,0,JMP,0,0,1,0,0,0,MOV,0,0,4772343,4773674,4772356,0,0,0,1,fortran,1.266292383682372e-11,1.0,1,0,1
0x48d1ce,JZ,1,0,1386,6,0x48d1cb,TEST,1,NonLeaf,rsi(MOV) rsi(MOV) ,rflags ,TEST,3,MOV,4,MOV,4,MOV,4,ADD,4,MOV,3,LEA,7,MOV,7,MOV,3,ADD,4,0,1,0,0,0,JMP,0,0,1,0,0,0,MOV,0,0,4772295,4773688,4772308,0,0,0,1,fortran,1.266292383682372e-11,0.0,0,0,0
0x48d1a1,JZ,1,0,1448,6,0x48d19e,TEST,1,NonLeaf,rsi(MOV) rsi(MOV) ,rflags ,TEST,3,MOV,4,MOV,4,MOV,4,ADD,4,MOV,3,LEA,7,MOV,7,MOV,3,ADD,4,0,1,0,0,0,JMP,0,0,1,0,0,0,MOV,0,0,4772250,4773705,4772263,0,0,0,1,fortran,1.266292383682372e-11,0.0,0,0,0
0x48d120,JZ,1,0,1620,6,0x48d11d,TEST,1,NonLeaf,rax(MOV) rax(MOV) ,rflags ,TEST,3,MOV,4,JZ,6,TEST,3,NOP,10,MOV,3,ADD,4,MOV,3,MOV,6,MOV,8,0,1,0,0,0,JMP,0,0,1,0,0,0,MOV,0,0,4772121,4773748,4772134,0,1,0,1,fortran,1.266292383682372e-11,0.0,0,0,0
0x48d113,JZ,1,0,422,6,0x48d110,TEST,1,NonLeaf,rdi(-1) rdi(-1) ,rflags ,TEST,3,NOP,10,JNZ,2,TEST,3,MOV,3,MOV,4,TEST,3,JZ,6,MOV,3,ADD,4,0,1,1,0,0,JE,0,0,1,0,0,0,JE,0,0,4772112,4772537,4772121,0,0,0,0,fortran,1.266292383682372e-11,0.0,0,1,0
0x48d0eb,JBE,1,1,1389,6,0x48d0e8,CMP,1,NonLeaf,ecx(SAR) ,rflags ,CMP,3,SAR,2,LEA,3,JBE,2,CMP,4,MOV,3,SUB,2,MOV,4,ADD,4,MOV,3,0,1,0,0,0,JBE,0,0,1,0,0,0,JNE,0,0,4772067,4773464,4772081,0,0,0,1,fortran,1.266292383682372e-11,1.0,1,1,1
0x48d0e1,JBE,4,3,-41,2,0x48d0dd,CMP,1,NonLeaf,rcx(SUB) ,rflags ,CMP,4,SUB,3,MOV,3,JBE,2,CMP,4,LEA,3,SAR,2,CMP,3,JBE,6,MOV,3,0,1,0,0,0,MOV,0,0,1,0,0,0,JBE,0,0,4772055,4772024,4772067,0,0,0,0,fortran,5.065169534729488e-11,0.75,1,0,1
0x48d0d5,JBE,11,7,-20,2,0x48d0d1,CMP,1,NonLeaf,rax(-1) ,rflags ,CMP,4,JZ,2,TEST,3,MOV,3,ADD,4,MOV,3,SUB,3,CMP,4,JBE,2,LEA,3,1,1,0,0,0,MOV,0,0,1,0,0,0,JBE,0,0,4772049,4772033,4772055,0,0,1,0,fortran,1.392921622050609e-10,0.6363636363636364,1,0,1
0x48d0cf,JZ,11,1,65,2,0x48d0cc,TEST,1,NonLeaf,rax(MOV) rax(MOV) ,rflags ,TEST,3,MOV,3,ADD,4,MOV,4,MOV,3,CMP,4,JBE,2,MOV,3,SUB,3,CMP,4,0,0,1,0,0,JE,1,0,0,0,1,1,JBE,0,0,4772037,4772112,4772049,0,0,0,0,fortran,1.392921622050609e-10,0.0909090909090909,0,0,0
0x48d078,JZ,1,0,152,6,0x48d075,TEST,1,NonLeaf,rax(MOV) rax(MOV) ,rflags ,TEST,3,LEA,4,MOV,3,JZ,6,MOV,4,MOV,6,MOV,6,MOV,6,MOV,10,MOV,10,0,1,1,0,0,JE,0,0,1,0,0,0,JMP,0,0,4771950,4772112,4771966,0,0,0,0,fortran,1.266292383682372e-11,0.0,0,0,0
0x48d068,JZ,1,0,712,6,0x48d061,TEST,1,NonLeaf,rdx(ADD) rdx(ADD) ,rflags ,MOV,4,TEST,3,MOV,7,MOV,7,MOV,3,MOV,3,LEA,4,TEST,3,JZ,6,MOV,6,0,1,1,0,0,CALL,0,1,1,0,0,0,JE,0,0,4771897,4772656,4771950,0,0,1,0,fortran,1.266292383682372e-11,0.0,0,0,0
0x48d037,JNZ,1,1,-41,2,0x48d02d,CMP,1,NonLeaf,rdx(ADD) rsi(-1) ,rflags ,MOV,7,CMP,3,SHR,4,MOV,4,MOV,4,MOV,7,SUB,3,MOV,3,ADD,4,ADD,3,0,0,0,1,1,JNE,0,0,0,1,0,0,JE,1,0,4771861,4771854,4771897,0,0,0,1,fortran,1.266292383682372e-11,1.0,1,1,1
0x48d013,JNZ,4,3,-27,2,0x48d010,CMP,1,NonLeaf,ecx(MOV) ,rflags ,CMP,3,MOV,2,JZ,2,CMP,3,ADD,4,MOV,4,ADD,4,ADD,4,MOV,4,MOV,4,1,1,0,0,0,JE,0,0,1,0,0,0,JNE,0,0,4771854,4771832,4771861,0,0,0,1,fortran,5.065169534729488e-11,0.75,1,1,1
0x48d00c,JZ,3,1,45,2,0x48d009,CMP,1,NonLeaf,rdx(ADD) rsi(-1) ,rflags ,CMP,3,ADD,4,ADD,4,JZ,6,CMP,3,MOV,2,CMP,3,JNZ,2,MOV,4,ADD,4,0,0,1,0,0,JE,1,0,0,0,1,1,JNE,0,0,4771841,4771897,4771854,0,0,1,0,fortran,3.798877151047116e-11,0.3333333333333333,0,0,0
0x48cffb,JZ,3,1,1461,6,0x48cff8,CMP,1,NonLeaf,ecx(-1) ,rflags ,CMP,3,NOP,6,JMP,2,XOR,2,SUB,3,ADD,4,ADD,4,CMP,3,JZ,2,MOV,2,0,1,0,0,0,JNE,0,0,1,1,0,0,JE,0,0,4771832,4773296,4771841,0,0,0,0,fortran,3.798877151047116e-11,0.3333333333333333,0,0,0
0x48cfdd,JZ,1,0,92,2,0x48cfcc,TEST,1,NonLeaf,rsi(MOVZX) rsi(MOVZX) ,rflags ,MOV,7,MOV,7,TEST,3,ADD,4,MOV,3,LEA,8,SHL,4,SUB,3,XOR,2,JMP,2,0,1,1,0,0,JE,0,0,1,0,0,0,JMP,0,0,4771756,4771897,4771807,0,1,1,0,fortran,1.266292383682372e-11,0.0,0,0,0
0x48cfa6,JZ,1,0,1068,6,0x48cfa0,TEST,1,NonLeaf,rax(-1) rax(-1) ,rflags ,MOV,3,TEST,3,CALL_NEAR,5,MOV,3,MOV,5,MOV,7,MOV,7,MOV,7,MOVZX,4,MOV,3,0,0,0,0,0,CALL,0,1,1,0,0,0,JE,0,0,4771744,4772818,4771756,0,0,1,1,fortran,1.266292383682372e-11,0.0,0,0,0
0x48cf80,JZ,1,0,1106,6,0x48cf72,CMP,1,NonLeaf,rip(JZ) ,rflags ,MOV,6,CMP,8,SETNZ,3,CMP,3,XOR,2,MOV,5,XOR,3,XOR,3,XOR,2,MOV,5,0,1,0,0,0,CALL,0,1,1,0,0,0,CALL,0,1,4771678,4772818,4771718,0,0,1,1,fortran,1.266292383682372e-11,0.0,0,0,0
0x48cf44,JNZ,1,1,16,2,0x48cf35,CMP,1,NonLeaf,rip(JNZ) ,rflags ,MOV,7,CMP,8,OR,3,MOV,2,SHL,4,CALL_NEAR,5,CDQE,2,MOV,7,MOV,5,CALL_NEAR,5,0,1,1,0,0,CALL,0,1,1,0,0,0,CALL,0,1,4771616,4771668,4771654,0,0,1,1,fortran,1.266292383682372e-11,1.0,1,1,1
0x48ce25,JNZ,1,1,33,2,0x48cddc,CMP,1,Leaf,edx(-1) ,rflags ,MOV,7,MOV,7,MOV,7,MOV,7,MOV,7,TEST,2,MOV,10,SETNZ,3,TEST,2,SETNZ,3,0,1,1,0,0,POP,0,0,1,0,0,0,MOV,0,0,4771292,4771398,4771367,0,0,0,1,fortran,1.266292383682372e-11,1.0,1,0,1
0x48cdda,JNZ,20,19,-42,2,0x48cdd7,TEST,1,Leaf,rax(MOV) rax(MOV) ,rflags ,TEST,3,MOV,3,ADD,4,NOP,4,MOV,4,CMP,3,MOV,7,MOV,7,MOV,7,MOV,7,0,0,0,1,1,JA,0,0,1,1,0,0,JNE,1,0,4771280,4771248,4771292,1,0,0,1,fortran,2.532584767364744e-10,0.95,1,1,1
0x48cdb8,JNBE,20,1,24,2,0x48cdb4,CMP,1,Leaf,rax(SUB) ,rflags ,CMP,4,SUB,4,NOP,7,MOV,7,PUSH,1,JMP,7,NOP,7,MOV,4,NOP,4,ADD,4,1,1,1,0,0,JNE,0,0,1,0,0,0,JMP,0,0,4771248,4771280,4771258,0,0,0,0,fortran,2.532584767364744e-10,0.05,0,0,0
0x48cd4d,JZ,1,0,259,6,0x48cd4a,TEST,1,Leaf,rax(MOV) rax(MOV) ,rflags ,TEST,3,MOV,7,MOV,3,INVALID,0,INVALID,0,PUSH,2,MOV,7,XOR,2,MOV,7,MOV,7,0,1,1,0,0,REPZ RET,0,0,1,0,0,0,NOP,0,0,4771136,4771408,4771155,0,0,0,1,fortran,1.266292383682372e-11,0.0,0,0,0
0x48cc99,JZ,1,0,-810,6,0x48cc8d,AND,1,Leaf,ecx(AND) ,ecx rflags ,MOV,6,AND,6,JMP,5,MOV,6,MOV,6,OR,3,MOV,6,MOV,6,JMP,5,AND,3,0,0,1,0,0,JLE,0,0,1,0,0,0,JMP,0,0,4770957,4770159,4770975,0,0,0,1,fortran,1.266292383682372e-11,0.0,0,1,0
0x48cc65,JNBE,1,1,40,2,0x48cc62,CMP,1,Leaf,edx(LEA) ,rflags ,CMP,3,LEA,4,ADD,3,JNZ,6,MOV,6,JMP,7,MOV,2,OR,6,OR,6,MOV,6,0,1,0,0,0,JE,0,0,1,0,0,0,JMP,0,0,4770907,4770957,4770919,0,0,0,0,fortran,1.266292383682372e-11,1.0,1,0,1
0x48cc55,JNZ,1,0,-742,6,0x48cc4b,CMP,1,Leaf,r13d(-1) ,rflags ,MOV,6,CMP,4,JZ,6,MOV,6,MOV,6,ADD,3,LEA,4,CMP,3,JNBE,2,JMP,7,0,0,0,0,0,JLE,0,0,1,0,0,0,JA,0,0,4770891,4770159,4770907,0,0,0,0,fortran,1.266292383682372e-11,0.0,0,0,0
0x48cc45,JZ,1,0,211,6,0x48cc29,CMP,1,Leaf,r13d(AND) ,rflags ,MOV,6,MOV,6,MOV,6,MOV,6,CMP,4,CMP,4,MOV,6,JNZ,6,ADD,3,LEA,4,0,1,0,0,0,JMP,0,0,1,0,0,0,JNE,0,0,4770800,4771096,4770891,0,0,0,0,fortran,1.266292383682372e-11,0.0,0,0,0
0x48cbd5,JZ,1,1,-535,6,0x48cbce,TEST,1,Leaf,rip(JZ) ,rflags ,TEST,7,OR,10,JZ,2,AND,6,JZ,6,OR,10,JMP,5,NOP,6,MOV,6,MOV,5,0,0,1,0,0,JLE,0,0,1,0,0,0,JMP,0,0,4770766,4770238,4770779,0,0,0,1,fortran,1.266292383682372e-11,1.0,1,1,1
0x48cbc2,JZ,1,0,12,2,0x48cbbc,AND,1,Leaf,esi(AND) ,esi rflags ,AND,6,JZ,6,CMP,5,AND,5,OR,10,OR,10,TEST,7,JZ,6,OR,10,JMP,5,0,1,1,0,0,JE,0,0,1,0,0,0,OR,0,0,4770748,4770766,4770756,0,0,0,1,fortran,1.266292383682372e-11,0.0,0,1,0
0x48cbb6,JZ,1,0,314,6,0x48cbb1,CMP,1,Leaf,eax(AND) ,rflags ,CMP,5,AND,5,OR,10,JZ,2,TEST,3,AND,6,JZ,2,OR,10,TEST,7,JZ,6,0,1,0,0,0,JE,0,0,1,1,0,0,JE,0,0,4770732,4771056,4770748,0,0,0,0,fortran,1.266292383682372e-11,0.0,0,0,0
0x48cba0,JZ,1,0,12,2,0x48cb9d,TEST,1,Leaf,dl(MOV) ,rflags ,TEST,3,MOV,6,OR,7,JZ,2,TEST,6,OR,10,AND,5,CMP,5,JZ,6,AND,6,0,1,1,0,0,JE,0,0,1,0,0,0,OR,0,0,4770711,4770732,4770722,0,0,0,1,fortran,1.266292383682372e-11,0.0,0,1,0
0x48cb8e,JZ,1,0,9,2,0x48cb88,TEST,1,Leaf,esi(-1) ,rflags ,TEST,6,NOP,4,JMP,5,MOV,6,MOV,6,OR,7,MOV,6,TEST,3,JZ,2,OR,10,0,1,1,0,0,JE,0,0,1,0,0,0,OR,0,0,4770696,4770711,4770704,0,0,0,1,fortran,1.266292383682372e-11,0.0,0,1,0
0x48caab,JZ,1,0,29,2,0x48caa7,ADD,1,Leaf,eax(ADD) rsp(-1) ,eax rflags ,ADD,4,MOV,7,NOP,2,JMP,2,XOR,2,OR,10,ADD,3,AND,3,MOV,7,NOP,4,0,0,1,0,0,RET,0,0,1,0,0,0,NOP,0,0,4770464,4770504,4770477,1,1,1,1,fortran,1.266292383682372e-11,0.0,0,0,0
0x48ca85,JZ,29,1,27,2,0x48ca7d,CMP,1,Leaf,r8d(-1) ,rflags ,MOV,4,CMP,4,AND,3,ADD,3,JZ,2,ADD,4,ADD,4,ADD,3,BT,4,JB,2,0,1,1,0,0,JE,1,0,0,0,0,0,ADD,0,0,4770429,4770464,4770439,0,1,0,0,fortran,3.6722479126788785e-10,0.0344827586206896,0,0,0
0x48ca75,JZ,29,29,8,2,0x48ca72,AND,1,Leaf,ecx(AND) ,ecx rflags ,AND,3,ADD,4,MOV,4,JZ,2,MOV,4,ADD,3,AND,3,CMP,4,MOV,4,JZ,2,0,1,1,0,0,JE,0,0,1,0,0,0,AND,0,0,4770410,4770429,4770423,0,0,1,0,fortran,3.6722479126788785e-10,1.0,1,1,1
0x48ca68,JZ,30,1,31,2,0x48ca61,CMP,1,Leaf,edi(-1) ,rflags ,MOV,4,CMP,3,CPUID,2,MOV,2,MOV,5,MOV,4,ADD,4,AND,3,JZ,2,ADD,3,0,1,0,0,0,ADD,0,0,1,1,0,0,JE,0,0,4770401,4770439,4770410,1,0,0,0,fortran,3.798877151047116e-10,0.0333333333333333,0,0,0
0x48c9f8,JZ,1,0,208,6,0x48c9f6,TEST,1,Leaf,al(-1) ,rflags ,TEST,2,CPUID,2,MOV,2,MOV,7,MOV,2,LEA,5,MOV,8,MOV,8,MOV,8,MOV,8,0,0,1,0,0,RET,0,0,1,0,0,0,JMP,0,0,4770270,4770504,4770302,0,0,1,1,fortran,1.266292383682372e-11,0.0,0,0,0
0x48c9d8,JZ,1,0,240,6,0x48c9d6,TEST,1,Leaf,ebx(-1) ebx(-1) ,rflags ,TEST,2,CPUID,2,MOV,2,XOR,2,MOV,5,ADD,3,MOV,5,AND,3,MOV,2,MOV,7,0,0,1,0,0,RET,0,0,1,0,0,0,JE,0,0,4770251,4770504,4770270,0,1,1,1,fortran,1.266292383682372e-11,0.0,0,0,0
0x48c9c5,JLE,1,0,259,6,0x48c9be,CMP,1,Leaf,rip(JLE) ,rflags ,CMP,7,JZ,6,CMP,3,AND,3,MOV,2,MOV,5,XOR,2,MOV,2,CPUID,2,TEST,2,0,0,1,0,0,RET,0,0,1,0,0,0,JE,0,0,4770238,4770504,4770251,0,0,1,0,fortran,1.266292383682372e-11,0.0,0,0,0
0x48c9b8,JZ,1,1,464,6,0x48c9b5,CMP,1,Leaf,edx(AND) ,rflags ,CMP,3,AND,3,MOV,2,XGETBV,3,XOR,2,CMP,7,JLE,6,MOV,5,XOR,2,MOV,2,0,1,0,0,0,JE,0,0,1,1,0,0,JLE,0,0,4770219,4770696,4770238,0,0,0,0,fortran,1.266292383682372e-11,1.0,1,0,1
0x48c9a5,JZ,1,0,291,6,0x48c99f,TEST,1,Leaf,esi(MOV) ,rflags ,TEST,6,MOV,6,MOV,6,MOV,6,MOV,6,XOR,2,XGETBV,3,MOV,2,AND,3,CMP,3,0,1,1,0,0,RET,0,0,1,0,0,0,JE,0,0,4770201,4770504,4770219,0,0,1,0,fortran,1.266292383682372e-11,0.0,0,0,0
0x48c976,JLE,1,0,35,2,0x48c96f,CMP,1,Leaf,rip(JLE) ,rflags ,CMP,7,MOV,6,XOR,3,XOR,3,JZ,6,MOV,5,XOR,2,CPUID,2,MOV,6,MOV,6,0,1,1,0,0,JE,0,0,1,0,0,0,MOV,0,0,4770159,4770201,4770168,0,0,0,1,fortran,1.266292383682372e-11,0.0,0,0,0
0x48c951,JZ,1,1,671,6,0x48c94b,CMP,1,Leaf,edx(-1) ,rflags ,CMP,6,JNZ,2,CMP,6,JNZ,2,MOV,6,CMP,6,JZ,6,XOR,3,XOR,3,MOV,6,0,1,0,0,0,JE,0,0,0,0,0,0,JE,0,0,4770123,4770800,4770135,1,0,1,0,fortran,1.266292383682372e-11,1.0,1,0,1
0x48c949,JNZ,1,0,14,2,0x48c943,CMP,1,Leaf,ecx(-1) ,rflags ,CMP,6,JNZ,2,MOV,6,CMP,6,SUB,7,CMP,6,JZ,6,CMP,6,JZ,6,XOR,3,0,0,0,0,0,JE,0,0,1,0,0,0,JE,0,0,4770115,4770135,4770123,0,0,0,0,fortran,1.266292383682372e-11,0.0,0,0,0
0x48c941,JNZ,1,0,22,2,0x48c935,CMP,1,Leaf,ebx(-1) ,rflags ,MOV,6,CMP,6,SUB,7,CPUID,2,PUSH,1,CMP,6,JNZ,2,CMP,6,JZ,6,CMP,6,0,1,0,0,0,JE,0,0,1,0,0,0,JNE,0,0,4770080,4770135,4770115,0,0,0,0,fortran,1.266292383682372e-11,0.0,0,0,0
0x48bea4,JZ,1,0,43,2,0x48bea1,TEST,1,NonLeaf,rbp(MOV) rbp(MOV) ,rflags ,TEST,3,MOV,3,JZ,2,TEST,3,SUB,4,MOV,5,MOV,3,CALL_NEAR,5,LEA,4,TEST,3,0,0,1,0,0,RET,0,0,1,0,0,0,CALL,0,1,4767390,4767439,4767398,0,0,0,1,fortran,1.266292383682372e-11,0.0,0,0,0
0x489afd,JNB,34,0,17651,6,0x489af7,CMP,1,Leaf,rax(-1) ,rflags ,CMP,6,SYSCALL,2,MOV,5,INVALID,0,INVALID,0,RET_NEAR,1,INVALID,0,INVALID,0,INVALID,0,INVALID,0,0,-1,-1,-1,-1,RET,-1,0,1,1,0,0,RET,0,0,4758263,4775920,4758275,1,0,1,0,fortran,4.3053941045200644e-10,0.0,0,0,0
0x489a93,JZ,34,34,-56,2,0x489a90,TEST,1,Leaf,dl(-1) ,rflags ,TEST,3,NOP,3,RET_NEAR,1,POP,2,POP,2,TEST,7,MOVSXD,3,MOVSXD,3,JZ,2,MOV,3,0,0,0,0,0,MOVSXD,0,0,1,0,0,0,JE,0,0,4758160,4758107,4758165,0,0,0,0,fortran,4.3053941045200644e-10,1.0,1,0,1
0x489a80,JNBE,34,0,77,2,0x489a7a,CMP,1,Leaf,rax(-1) ,rflags ,CMP,6,SYSCALL,2,MOV,5,MOV,3,MOV,3,POP,1,POP,1,POP,2,POP,2,POP,2,0,1,0,0,0,JMP,0,0,0,1,0,0,RET,0,0,4758138,4758221,4758146,1,0,1,0,fortran,4.3053941045200644e-10,0.0,0,0,0
0x489a59,JZ,34,34,55,2,0x489a42,TEST,1,Leaf,rdi(-1) rdi(-1) ,rflags ,MOV,3,PUSH,1,MOV,3,PUSH,1,MOV,3,MOVSXD,3,MOVSXD,3,MOV,3,MOV,3,MOVSXD,3,0,1,0,0,0,JE,0,0,1,0,0,0,MOVSXD,0,0,4758080,4758160,4758107,0,0,0,0,fortran,4.3053941045200644e-10,1.0,1,0,1
0x48900d,JNB,2,0,20451,6,0x489007,CMP,1,Leaf,rax(-1) ,rflags ,CMP,6,SYSCALL,2,MOV,5,INVALID,0,INVALID,0,RET_NEAR,1,INVALID,0,INVALID,0,INVALID,0,INVALID,0,0,-1,-1,-1,-1,RET,-1,0,1,1,0,0,RET,0,0,4755463,4775920,4755475,1,0,1,0,fortran,2.532584767364744e-11,0.0,0,0,0
0x488f99,JB,158,0,-31,2,0x488f96,CMP,1,NonLeaf,rbx(-1) rax(NEG) ,rflags ,CMP,3,NEG,3,MOV,3,NOP,5,RET_NEAR,1,LEA,4,JMP,2,INVALID,0,INVALID,0,INVALID,0,0,0,0,0,0,RET,0,0,1,0,0,0,JMP,0,0,4755344,4755322,4755355,0,0,0,0,fortran,2.0007419662181478e-09,0.0,0,1,0
0x488f78,JNS,1,1,-57,2,0x488f6f,TEST,1,NonLeaf,eax(-1) eax(-1) ,rflags ,MOV,7,TEST,2,CALL_NEAR,5,XOR,2,NOP,5,MOV,7,ADD,4,MOV,3,POP,1,POP,1,0,0,0,0,0,JE,0,0,0,0,0,0,RET,0,0,4755311,4755263,4755322,0,0,0,0,fortran,1.266292383682372e-11,1.0,1,1,1
0x488f57,JS,561,0,35,2,0x488f55,TEST,1,NonLeaf,eax(-1) eax(-1) ,rflags ,TEST,2,CALL_NEAR,5,NOP,1,JB,2,ADD,3,ADD,4,MOV,3,POP,1,POP,1,RET_NEAR,1,0,0,0,0,0,RET,0,0,0,0,0,0,RET,0,0,4755285,4755322,4755289,0,0,0,0,fortran,7.103900272458106e-09,0.0,0,0,0
0x488f4d,JB,403,0,45,2,0x488f4a,ADD,1,NonLeaf,rdi(ADD) rbx(-1) ,rdi rflags ,ADD,3,MOV,3,JLE,2,JZ,2,CMP,4,NOP,1,CALL_NEAR,5,TEST,2,JS,2,ADD,4,0,0,0,0,0,RET,0,0,0,0,0,0,CALL,0,1,4755271,4755322,4755279,0,0,0,1,fortran,5.103158306239959e-09,0.0,0,1,0
0x488f45,JLE,561,158,75,2,0x488f3f,CMP,0,NonLeaf,rbp(-1) ,rflags ,JZ,2,CMP,4,JNZ,2,TEST,2,MOV,6,MOV,3,ADD,3,JB,2,NOP,1,CALL_NEAR,5,0,1,0,0,0,JB,0,0,1,0,0,0,JB,0,0,4755269,4755344,4755271,0,0,0,0,fortran,7.103900272458106e-09,0.2816399286987522,0,0,0
0x488f43,JZ,877,316,22,2,0x488f3f,CMP,1,NonLeaf,rbp(-1) ,rflags ,CMP,4,JNZ,2,TEST,2,MOV,6,JZ,2,JLE,2,MOV,3,ADD,3,JB,2,NOP,1,0,1,0,0,0,RET,0,0,1,0,0,0,JLE,0,0,4755263,4755289,4755269,0,0,0,0,fortran,1.1105384204894402e-08,0.3603192702394527,0,0,0
0x488f3d,JNZ,876,0,43,2,0x488f3b,TEST,1,NonLeaf,eax(MOV) eax(MOV) ,rflags ,TEST,2,MOV,6,JZ,2,TEST,3,MOV,7,CMP,4,JZ,2,JLE,2,MOV,3,ADD,3,0,0,0,0,0,CALL,0,1,0,0,0,0,JE,0,0,4755253,4755304,4755263,0,0,1,0,fortran,1.1092721281057578e-08,0.0,0,0,0
0x488f33,JZ,877,1,53,2,0x488f30,TEST,1,NonLeaf,rbx(MOV) rbx(MOV) ,rflags ,TEST,3,MOV,7,SUB,4,PUSH,1,MOV,3,MOV,6,TEST,2,JNZ,2,CMP,4,JZ,2,0,1,0,0,0,CALL,0,1,1,0,0,0,JNE,0,0,4755232,4755304,4755253,0,0,1,0,fortran,1.1105384204894402e-08,0.0011402508551881,0,0,0
0x488e1d,JNB,1,0,20947,6,0x488e17,CMP,1,Leaf,rax(-1) ,rflags ,CMP,6,SYSCALL,2,MOV,5,INVALID,0,INVALID,0,RET_NEAR,1,INVALID,0,INVALID,0,INVALID,0,INVALID,0,0,-1,-1,-1,-1,RET,-1,0,1,1,0,0,RET,0,0,4754967,4775920,4754979,1,0,1,0,fortran,1.266292383682372e-11,0.0,0,0,0
0x488286,JNB,2,0,23914,6,0x488280,CMP,1,Leaf,rax(-1) ,rflags ,CMP,6,SYSCALL,2,MOV,5,INVALID,0,INVALID,0,RET_NEAR,1,INVALID,0,INVALID,0,INVALID,0,INVALID,0,0,-1,-1,-1,-1,RET,-1,0,1,1,0,0,RET,0,0,4752000,4775920,4752012,1,0,1,0,fortran,2.532584767364744e-11,0.0,0,0,0
0x488277,JNZ,2,0,22,2,0x488270,CMP,1,Leaf,rip(JNZ) ,rflags ,CMP,7,INVALID,0,INVALID,0,INVALID,0,INVALID,0,INVALID,0,INVALID,0,INVALID,0,INVALID,0,INVALID,0,0,1,1,0,0,CALL,0,1,-1,-1,-1,-1,SYSCALL,-1,1,4751984,4752013,4751993,0,0,1,0,fortran,2.532584767364744e-11,0.0,0,1,0
0x48809d,JNB,7,6,24403,6,0x488097,CMP,1,Leaf,rax(-1) ,rflags ,CMP,6,SYSCALL,2,MOV,5,INVALID,0,INVALID,0,RET_NEAR,1,INVALID,0,INVALID,0,INVALID,0,INVALID,0,0,-1,-1,-1,-1,RET,-1,0,1,1,0,0,RET,0,0,4751511,4775920,4751523,1,0,1,0,fortran,8.864046685776603e-11,0.8571428571428571,1,0,1
0x488046,JNB,5,0,24490,6,0x488040,CMP,1,Leaf,rax(-1) ,rflags ,CMP,6,SYSCALL,2,MOV,5,INVALID,0,INVALID,0,RET_NEAR,1,INVALID,0,INVALID,0,INVALID,0,INVALID,0,0,-1,-1,-1,-1,RET,-1,0,1,1,0,0,RET,0,0,4751424,4775920,4751436,1,0,1,0,fortran,6.33146191841186e-11,0.0,0,0,0
0x488037,JNZ,5,0,22,2,0x488030,CMP,1,Leaf,rip(JNZ) ,rflags ,CMP,7,INVALID,0,INVALID,0,INVALID,0,INVALID,0,INVALID,0,INVALID,0,INVALID,0,INVALID,0,INVALID,0,0,1,1,0,0,CALL,0,1,-1,-1,-1,-1,SYSCALL,-1,1,4751408,4751437,4751417,0,0,1,0,fortran,6.33146191841186e-11,0.0,0,1,0
0x487fe6,JNB,2,0,24586,6,0x487fe0,CMP,1,Leaf,rax(-1) ,rflags ,CMP,6,SYSCALL,2,MOV,5,INVALID,0,INVALID,0,RET_NEAR,1,INVALID,0,INVALID,0,INVALID,0,INVALID,0,0,-1,-1,-1,-1,RET,-1,0,1,1,0,0,RET,0,0,4751328,4775920,4751340,1,0,1,0,fortran,2.532584767364744e-11,0.0,0,0,0
0x487fd7,JNZ,2,0,22,2,0x487fd0,CMP,1,Leaf,rip(JNZ) ,rflags ,CMP,7,INVALID,0,INVALID,0,INVALID,0,INVALID,0,INVALID,0,INVALID,0,INVALID,0,INVALID,0,INVALID,0,0,1,1,0,0,CALL,0,1,-1,-1,-1,-1,SYSCALL,-1,1,4751312,4751341,4751321,0,0,1,0,fortran,2.532584767364744e-11,0.0,0,1,0
0x487f86,JNB,2,0,24682,6,0x487f80,CMP,1,Leaf,rax(-1) ,rflags ,CMP,6,SYSCALL,2,MOV,5,INVALID,0,INVALID,0,RET_NEAR,1,INVALID,0,INVALID,0,INVALID,0,INVALID,0,0,-1,-1,-1,-1,RET,-1,0,1,1,0,0,RET,0,0,4751232,4775920,4751244,1,0,1,0,fortran,2.532584767364744e-11,0.0,0,0,0
0x487f77,JNZ,2,0,22,2,0x487f70,CMP,1,Leaf,rip(JNZ) ,rflags ,CMP,7,INVALID,0,INVALID,0,INVALID,0,INVALID,0,INVALID,0,INVALID,0,INVALID,0,INVALID,0,INVALID,0,0,1,1,0,0,CALL,0,1,-1,-1,-1,-1,SYSCALL,-1,1,4751216,4751245,4751225,0,0,1,0,fortran,2.532584767364744e-11,0.0,0,1,0
0x487f2a,JNBE,5,0,26,2,0x487f24,CMP,1,Leaf,rax(-1) ,rflags ,CMP,6,SYSCALL,2,MOV,5,MOV,3,MOVSXD,3,RET_NEAR,2,NOP,2,MOV,7,MOV,7,MOV,5,0,1,0,0,0,RET,0,0,1,0,0,0,REPZ RET,0,0,4751140,4751172,4751148,1,0,1,0,fortran,6.33146191841186e-11,0.0,0,0,0
0x487f15,JNBE,5,0,27,2,0x487f10,CMP,1,Leaf,edi(-1) ,rflags ,MOV,2,CMP,3,INVALID,0,INVALID,0,INVALID,0,MOVSXD,3,MOV,3,MOV,5,SYSCALL,2,CMP,6,0,1,0,0,0,RET,0,0,1,0,0,0,SYSCALL,0,1,4751120,4751152,4751127,0,0,1,0,fortran,6.33146191841186e-11,0.0,0,0,0
0x487edb,JNBE,2,0,25,2,0x487ed5,CMP,1,Leaf,rax(-1) ,rflags ,CMP,6,SYSCALL,2,MOV,5,MOV,3,MOV,3,RET_NEAR,2,NOP,1,MOV,7,MOV,7,MOV,5,0,1,0,0,0,RET,0,0,1,0,0,0,REPZ RET,0,0,4751061,4751092,4751069,1,0,1,0,fortran,2.532584767364744e-11,0.0,0,0,0
0x487ec6,JNBE,2,0,26,2,0x487ec0,CMP,1,Leaf,edi(-1) ,rflags ,MOV,3,CMP,3,INVALID,0,INVALID,0,INVALID,0,MOV,3,MOV,3,MOV,5,SYSCALL,2,CMP,6,0,1,0,0,0,RET,0,0,1,0,0,0,SYSCALL,0,1,4751040,4751072,4751048,0,0,1,0,fortran,2.532584767364744e-11,0.0,0,0,0
0x486c5c,JNZ,2,0,-124,2,0x486c52,CMP,1,NonLeaf,r12d(-1) ,rflags ,MOV,3,MOV,3,CMP,4,CPUID,2,MOV,5,MOVZX,4,XOR,2,JMP,5,NOP,7,SUB,6,1,1,1,0,0,CALL,0,1,1,0,0,0,JMP,0,0,4746315,4746208,4746334,0,0,1,0,fortran,2.532584767364744e-11,0.0,0,0,0
0x486bf4,JNZ,2,2,148,6,0x486bf1,TEST,1,NonLeaf,rax(-1) rax(-1) ,rflags ,TEST,3,CALL_NEAR,5,MOV,2,MOV,2,MOV,3,LEA,5,MOV,3,MOV,2,MOV,2,CALL_NEAR,5,0,1,1,0,0,RET,1,0,1,0,0,0,CALL,0,1,4746225,4746376,4746234,0,0,0,1,fortran,2.532584767364744e-11,1.0,1,0,1
0x486b38,JNZ,4,3,-32,2,0x486b35,CMP,1,NonLeaf,eax(AND) ,rflags ,CMP,3,AND,3,SHR,3,JZ,6,TEST,2,JMP,5,NOP,1,ADD,3,MOV,2,MOV,2,1,1,0,0,0,JE,0,0,1,0,0,0,JMP,1,0,4746031,4746008,4746042,0,0,0,0,fortran,5.065169534729488e-11,0.75,1,1,1
0x486a9b,JZ,2,2,213,6,0x486a98,SUB,1,NonLeaf,ebp(SUB) r14d(-1) ,ebp rflags ,SUB,3,MOV,3,SUB,6,JNZ,2,CMP,3,AND,5,ADD,4,CMP,3,JNZ,6,SHR,4,0,1,0,0,0,JMP,0,0,1,0,0,0,JNE,0,0,4745871,4746096,4745889,0,0,0,0,fortran,2.532584767364744e-11,1.0,1,0,1
0x486a8d,JNZ,1,0,-40,2,0x486a8a,CMP,1,NonLeaf,edx(-1) ,rflags ,CMP,3,JNZ,2,CMP,3,AND,3,SHR,3,SUB,6,MOV,3,SUB,3,JZ,6,AND,5,0,0,0,0,0,JE,0,0,0,0,0,0,JE,1,0,4745866,4745829,4745871,0,0,0,0,fortran,1.266292383682372e-11,0.0,0,1,0
0x486a88,JNZ,1,0,-35,2,0x486a85,CMP,1,NonLeaf,eax(AND) ,rflags ,CMP,3,AND,3,SHR,3,JZ,6,AND,3,CMP,3,JNZ,2,SUB,6,MOV,3,SUB,3,1,1,0,0,0,JE,0,0,1,0,0,0,JNE,0,0,4745855,4745829,4745866,0,0,0,0,fortran,1.266292383682372e-11,0.0,0,1,0
0x486a15,JZ,1,1,282,6,0x486a11,CMP,1,NonLeaf,r14d(-1) ,rflags ,CMP,4,JZ,6,CMP,4,JZ,6,CMP,4,NOP,5,ADD,3,MOV,2,MOV,2,XCHG,3,0,1,0,1,0,JNE,1,0,1,0,0,0,NOP,0,0,4745745,4746031,4745755,0,0,0,0,fortran,1.266292383682372e-11,1.0,1,0,1
0x486a0b,JZ,1,0,332,6,0x486a07,CMP,1,NonLeaf,r14d(-1) ,rflags ,CMP,4,JZ,6,CMP,4,JZ,6,CMP,4,CMP,4,JZ,6,NOP,5,ADD,3,MOV,2,0,1,0,1,0,JNE,1,0,1,0,0,0,JE,0,0,4745735,4746071,4745745,0,0,0,0,fortran,1.266292383682372e-11,0.0,0,0,0
0x486a01,JZ,1,0,258,6,0x4869fd,CMP,1,NonLeaf,r14d(-1) ,rflags ,CMP,4,JZ,6,CMP,4,JZ,6,MOV,5,CMP,4,JZ,6,CMP,4,JZ,6,NOP,5,0,1,0,1,0,JNE,1,0,1,0,0,0,JE,0,0,4745725,4745987,4745735,0,0,0,0,fortran,1.266292383682372e-11,0.0,0,0,0
0x4869f7,JZ,2,1,136,6,0x4869f3,CMP,1,NonLeaf,r14d(-1) ,rflags ,CMP,4,JZ,6,MOV,5,TEST,3,XOR,2,CMP,4,JZ,6,CMP,4,JZ,6,CMP,4,0,1,0,1,0,JNE,1,0,1,0,0,0,JE,0,0,4745715,4745855,4745725,0,0,0,0,fortran,2.532584767364744e-11,0.5,0,0,0
0x4869ed,JZ,2,0,237,6,0x4869e5,TEST,1,NonLeaf,r14d(-1) r14d(-1) ,rflags ,MOV,5,TEST,3,XOR,2,JZ,2,AND,3,CMP,4,JZ,6,CMP,4,JZ,6,CMP,4,0,1,0,1,0,JNE,1,0,1,0,0,0,JE,0,0,4745699,4745946,4745715,0,0,0,0,fortran,2.532584767364744e-11,0.0,0,0,0
0x4869e1,JZ,2,0,-73,2,0x4869de,AND,1,NonLeaf,edx(AND) ,edx rflags ,AND,3,MOV,2,XCHG,3,CPUID,2,XCHG,3,XOR,2,TEST,3,MOV,5,JZ,6,CMP,4,0,0,0,0,0,XOR,1,0,1,0,0,0,JE,0,0,4745680,4745624,4745699,0,0,0,0,fortran,2.532584767364744e-11,0.0,0,0,0
0x486987,JNZ,4,4,-119,2,0x486984,CMP,1,NonLeaf,eax(MOVZX) ,rflags ,CMP,3,MOVZX,3,JZ,2,TEST,2,SHR,3,CMP,4,MOV,5,JNZ,2,NOP,4,XOR,2,1,1,0,0,0,JE,0,0,1,0,0,0,JNE,0,0,4745601,4745488,4745609,0,0,0,1,fortran,5.065169534729488e-11,1.0,1,0,1
0x48697f,JZ,2,0,25,2,0x48697d,TEST,1,NonLeaf,ebx(SHR) ebx(SHR) ,rflags ,TEST,2,SHR,3,JZ,2,CMP,3,JZ,6,MOVZX,3,CMP,3,JNZ,2,CMP,4,MOV,5,0,0,0,0,0,XOR,1,0,0,0,1,1,JNE,0,0,4745594,4745624,4745601,0,0,0,0,fortran,2.532584767364744e-11,0.0,0,0,0
0x486963,JZ,2,2,23,2,0x486960,TEST,1,NonLeaf,rax(-1) rax(-1) ,rflags ,TEST,3,CALL_NEAR,5,MOV,3,MOV,3,MOV,5,MOVZX,4,MOVZX,3,CMP,3,JZ,6,CMP,3,0,0,0,0,0,JE,0,0,1,0,0,0,JE,0,0,4745568,4745594,4745573,0,0,0,0,fortran,2.532584767364744e-11,1.0,1,1,1
0x486920,JNZ,2,2,32,2,0x48691b,CMP,1,NonLeaf,eax(-1) ,rflags ,NOP,2,CMP,3,JZ,6,CMP,5,NOP,1,CMP,4,JNZ,2,CMP,7,JNZ,2,CMP,7,0,1,1,0,0,CALL,0,1,1,0,0,0,JNE,0,0,4745499,4745536,4745506,0,0,1,0,fortran,2.532584767364744e-11,1.0,1,0,1
0x486915,JZ,4,2,187,6,0x486910,CMP,1,NonLeaf,eax(-1) ,rflags ,CMP,5,NOP,1,JMP,5,JNZ,2,LEA,4,CMP,3,NOP,2,JNZ,2,CMP,4,JNZ,2,0,1,0,0,0,JE,1,0,1,0,0,0,JNE,0,0,4745488,4745680,4745499,0,0,0,0,fortran,5.065169534729488e-11,0.5,0,0,0
0x486908,JNZ,2,2,121,2,0x486902,TEST,1,NonLeaf,esi(-1) esi(-1) ,rflags ,LEA,4,TEST,2,SUB,2,IMUL,2,SAR,3,JMP,5,NOP,1,CMP,5,JZ,6,CMP,3,0,1,0,1,0,JNE,0,0,1,0,0,0,JMP,1,0,4745446,4745601,4745482,0,0,0,0,fortran,2.532584767364744e-11,1.0,1,1,1
0x4868e0,JS,2,0,184,6,0x4868de,TEST,1,NonLeaf,esi(-1) esi(-1) ,rflags ,TEST,2,SUB,4,MOV,2,PUSH,1,PUSH,1,MOV,3,LEA,6,MOV,3,MOV,5,MOV,2,0,1,0,0,0,XOR,1,0,1,0,0,0,JNE,0,0,4745424,4745624,4745446,0,0,0,0,fortran,2.532584767364744e-11,0.0,0,0,0
0x486745,JZ,14,0,11,2,0x486743,CMP,1,Leaf,rdi(-1) al(MOVZX) ,rflags ,CMP,2,MOVZX,3,INVALID,0,INVALID,0,INVALID,0,SBB,2,OR,3,RET_NEAR,1,NOP,3,XOR,2,0,1,0,0,0,RET,0,0,1,0,0,0,RET,0,0,4745024,4745040,4745031,0,0,0,0,fortran,1.7728093371553206e-10,0.0,0,0,0
0x47960e,JNB,198483993,0,-142,6,0x479580,SUB,1,Leaf,rdx(SUB) ,rdx rflags ,LEA,7,MOVAPS,3,PALIGNR,6,MOVAPS,4,PALIGNR,6,MOVDQU,5,ADD,7,ADD,3,ADD,3,LEA,7,1,1,1,1,1,JAE,0,0,1,1,0,0,JMP,1,0,4691328,4691328,4691476,1,1,1,1,fortran,0.0025133876861876,0.0,0,1,0
0x478952,JNB,198483993,0,6190,6,0x47894f,CMP,1,Leaf,rdx(-1) rcx(MOV) ,rflags ,CMP,3,MOV,7,JZ,6,AND,4,MOV,3,LEA,7,SUB,7,MOVSXD,4,ADD,3,JMP,3,0,0,0,0,0,JAE,1,0,1,0,0,0,JMP,0,0,4688200,4694400,4688216,1,1,1,0,fortran,0.0025133876861876,0.0,0,0,0
0x478942,JZ,198483993,0,158,6,0x47893e,AND,1,Leaf,r9(AND) ,r9 rflags ,AND,4,MOV,3,ADD,3,SUB,3,SUB,3,MOV,7,CMP,3,JNB,6,LEA,7,SUB,7,0,1,0,0,0,JAE,1,0,1,0,0,0,JAE,0,0,4688160,4688352,4688200,0,0,0,0,fortran,0.0025133876861876,0.0,0,0,0
0x478905,JNB,309241272,198483993,27,2,0x4788fe,CMP,1,Leaf,rdx(-1) ,rflags ,CMP,7,UD2,2,JMP,2,LEA,4,MOVSXD,4,ADD,3,ADD,3,LEA,7,MOVSXD,4,LEA,4,0,1,0,0,0,JE,0,0,1,0,0,0,JMP,1,0,4688126,4688160,4688135,1,1,0,0,fortran,0.0039158986745384,0.641841859323357,1,0,1
0x4788d6,JB,309241272,309241272,40,2,0x4788d3,CMP,1,Leaf,rdi(-1) rsi(-1) ,rflags ,CMP,3,MOV,3,INVALID,0,INVALID,0,INVALID,0,JZ,6,CMP,7,JNB,6,LEA,7,MOVSXD,4,0,1,0,0,0,JAE,1,0,1,0,0,0,JE,1,0,4688080,4688126,4688088,0,0,0,0,fortran,0.0039158986745384,1.0,1,0,1
0x473394,JNZ,1294,1294,34,2,0x473392,AND,1,Leaf,ecx(AND) esi(SHL) ,ecx rflags ,AND,2,OR,2,PMOVMSKB,4,PMOVMSKB,4,SHL,2,MOVDQA,4,LEA,4,MOVDQA,4,PCMPEQB,4,PCMPEQB,4,0,1,1,0,0,RET,1,0,1,0,1,0,JE,0,0,4666192,4666294,4666262,0,0,0,0,fortran,1.6385823444849894e-08,1.0,1,0,1
0x472848,JNZ,200646567,200646566,-303,6,0x472840,AND,1,Leaf,edx(AND) ,edx rflags ,MOV,5,AND,3,NOP,10,NOP,2,JNZ,2,RET_NEAR,2,MOV,7,CMP,3,CMOVNBE,4,MOV,3,0,0,0,0,0,JE,0,0,1,0,0,0,REPZ RET,1,0,4663360,4663065,4663374,0,0,0,0,fortran,0.0025407721960411,0.999999995016112,1,1,1
0x472832,JNZ,569277615,368631379,-82,2,0x47280a,DEC,1,Leaf,ecx(DEC) ,ecx rflags ,LEA,4,LEA,4,MOV,4,MOV,4,MOV,4,NOP,2,NOP,10,AND,3,MOV,5,JNZ,6,0,0,0,1,1,JE,0,0,1,0,0,0,NOP,1,0,4663306,4663264,4663348,1,0,1,0,fortran,0.0072087190807536,0.64754237526097,1,1,1
0x472808,JZ,569277946,331,56,2,0x4727e0,DEC,1,Leaf,ecx(DEC) ,ecx rflags ,LEA,4,LEA,4,MOV,4,MOV,4,MOV,4,DEC,2,MOV,3,MOV,4,MOV,4,MOV,4,1,0,1,0,0,JNE,1,0,1,0,0,0,JNE,0,0,4663264,4663360,4663306,0,1,0,1,fortran,0.0072087232721814,5.814382979803683e-07,0,0,0
0x4727de,JZ,200646567,0,98,2,0x4727db,SHR,1,Leaf,ecx(SHR) ,ecx rflags ,SHR,3,MOV,2,JNBE,2,CMP,7,NOP,10,DEC,2,MOV,3,MOV,4,MOV,4,MOV,4,0,1,1,0,0,JNE,0,0,1,0,1,0,JE,0,0,4663257,4663360,4663264,0,1,0,1,fortran,0.0025407721960411,0.0,0,0,0
0x4727d7,JNBE,200646567,0,121,2,0x4727d0,CMP,1,Leaf,rdx(-1) ,rflags ,CMP,7,NOP,10,NOP,5,JNZ,2,LEA,4,MOV,2,SHR,3,JZ,2,DEC,2,MOV,3,0,1,0,0,0,JE,0,0,1,0,0,0,JE,1,0,4663248,4663376,4663257,0,0,0,0,fortran,0.0025407721960411,0.0,0,1,0
0x4727bf,JNZ,1,0,-15,2,0x4727b5,INC,1,Leaf,ecx(INC) ,ecx rflags ,LEA,4,LEA,4,INC,2,MOV,2,MOVZX,3,NOP,5,NOP,10,CMP,7,JNBE,2,MOV,2,1,1,1,1,1,JNE,0,0,1,1,0,0,NOP,1,0,4663216,4663216,4663233,1,0,1,0,fortran,1.266292383682372e-11,0.0,0,1,0
0x47279a,JZ,200646567,200646566,54,2,0x472797,AND,1,Leaf,ecx(AND) ,ecx rflags ,AND,3,MOV,2,MOV,5,NOP,3,RET_NEAR,2,LEA,5,SUB,3,NOP,2,NOP,10,MOVZX,3,0,1,1,0,0,JA,1,0,1,0,0,0,NOP,0,0,4663184,4663248,4663196,0,1,0,0,fortran,0.0025407721960411,0.999999995016112,1,1,1
0x472789,JNZ,77769480,0,-25,2,0x47277e,SUB,1,Leaf,edx(SUB) ,edx rflags ,LEA,4,LEA,4,SUB,3,MOV,4,MOV,3,RET_NEAR,2,NOP,3,MOV,5,MOV,2,AND,3,1,1,1,1,1,JNE,0,0,0,1,0,0,REPZ RET,1,0,4663152,4663152,4663179,1,0,1,0,fortran,0.0009847890020693,0.0,0,1,0
0x47276a,JZ,200648238,122878758,33,2,0x472764,AND,1,Leaf,edx(AND) ,edx rflags ,AND,6,ADD,4,ADD,4,MOV,3,MOV,3,NOP,4,MOV,3,MOV,4,MOV,3,MOV,4,0,1,1,0,0,REPZ RET,1,0,1,0,0,0,NOP,0,0,4663140,4663179,4663148,0,0,0,0,fortran,0.0025407933557868,0.6124088565382767,1,1,1
0x472754,JZ,200648238,1248,16,2,0x472751,TEST,1,Leaf,dl(-1) ,rflags ,TEST,3,ADD,4,ADD,4,MOV,2,MOV,2,MOV,3,MOV,3,ADD,4,ADD,4,AND,6,0,1,1,0,0,JE,0,0,1,0,0,0,ADD,0,0,4663121,4663140,4663126,1,0,0,1,fortran,0.0025407933557868,6.219840315766939e-06,0,1,0
0x472743,JZ,200648238,200647723,14,2,0x472740,TEST,1,Leaf,dl(-1) ,rflags ,TEST,3,NOP,4,ADD,4,ADD,4,MOV,3,MOV,2,MOV,2,ADD,4,ADD,4,TEST,3,0,1,1,0,0,JE,0,0,1,0,0,0,ADD,0,0,4663104,4663121,4663109,0,0,0,1,fortran,0.0025407933557868,0.9999974333191004,1,1,1
0x47272c,JZ,200648238,200647330,20,2,0x472729,TEST,1,Leaf,dl(-1) ,rflags ,TEST,3,INC,3,INC,3,MOV,2,MOVZX,3,MOVZX,3,MOV,3,ADD,4,ADD,4,NOP,4,0,1,1,0,0,JE,0,0,1,0,0,0,NOP,0,0,4663081,4663104,4663086,0,0,0,1,fortran,0.0025407933557868,0.9999954746674624,1,1,1
0x47271c,JZ,200648238,200647083,13,2,0x472719,TEST,1,Leaf,dl(-1) ,rflags ,TEST,3,JNB,2,MOV,3,CMP,4,INVALID,0,MOVZX,3,MOV,2,INC,3,INC,3,TEST,3,0,1,1,0,0,JE,0,0,1,0,0,0,INC,0,0,4663065,4663081,4663070,0,0,0,1,fortran,0.0025407933557868,0.9999942436574,1,1,1
0x472717,JNB,200648239,200646567,121,2,0x472710,CMP,1,Leaf,rdx(-1) ,rflags ,MOV,3,CMP,4,INVALID,0,INVALID,0,INVALID,0,TEST,3,JZ,2,MOVZX,3,MOV,2,INC,3,0,1,0,0,0,JE,0,0,1,0,0,0,JE,1,0,4663056,4663184,4663065,0,0,1,0,fortran,0.0025407933684498,0.9999916670088492,1,0,1
0x4726c7,JBE,2,2,26,2,0x4726c4,SUB,1,Leaf,r11(SUB) rdx(BSF) ,r11 rflags ,SUB,3,BSF,4,NOP,3,XCHG,3,JZ,2,MOVZX,4,MOVZX,4,LEA,7,MOV,3,MOV,3,0,0,0,0,0,RET,0,0,1,0,0,0,RET,0,0,4662976,4663009,4662985,0,1,0,0,fortran,2.532584767364744e-11,1.0,1,0,1
0x4aed4c,JZ,4,3,-32,2,0x4aed4a,OR,1,Leaf,esi(OR) ecx(PMOVMSKB) ,esi rflags ,OR,2,MOV,2,PMOVMSKB,4,PMOVMSKB,4,PCMPEQB,4,BSF,4,MOV,6,MOV,5,JNZ,2,BSR,3,1,1,1,1,1,JE,0,0,0,1,0,0,JNE,0,0,4910380,4910380,4910414,0,1,0,0,fortran,5.065169534729488e-11,0.75,1,1,1
0x470e12,JNZ,2,2,6318,6,0x470e0c,SUB,1,Leaf,edx(SUB) ,edx rflags ,SUB,6,VPMOVMSKB,4,VPSUBB,4,VPCMPEQB,4,VPCMPEQB,4,SUB,4,JBE,6,ADD,4,ADD,4,NOP,6,0,0,0,0,0,JBE,0,0,1,0,0,0,JBE,0,0,4656583,4662976,4656664,1,0,0,0,fortran,2.532584767364744e-11,1.0,1,1,1
0x470dc5,JNBE,2,0,107,2,0x470dc2,CMP,1,Leaf,eax(-1) ,rflags ,CMP,3,JNBE,2,CMP,3,VMOVDQA,8,VMOVDQA,8,VMOVDQU,4,VMOVDQU,4,VPCMPGTB,4,VPCMPGTB,4,VPCMPGTB,4,0,0,0,0,0,JE,0,0,1,0,0,0,JNE,0,0,4656578,4656688,4656583,1,0,0,0,fortran,2.532584767364744e-11,0.0,0,0,0
0x470dc0,JNBE,2,0,112,2,0x470dbd,CMP,1,Leaf,ecx(AND) ,rflags ,CMP,3,VMOVDQA,8,VMOVDQA,8,VMOVDQA,8,AND,4,CMP,3,JNBE,2,VMOVDQU,4,VMOVDQU,4,VPCMPGTB,4,0,1,0,0,0,JE,0,0,1,0,0,0,JA,0,0,4656534,4656688,4656578,1,0,0,0,fortran,2.532584767364744e-11,0.0,0,0,0
0x470d90,JZ,2,0,6496,6,0x470d8c,CMP,1,Leaf,rdx(-1) ,rflags ,CMP,4,JZ,6,TEST,3,JNZ,6,TEST,10,MOV,3,MOV,2,MOV,2,AND,4,AND,4,0,1,0,0,0,RET,0,0,1,0,0,0,JA,0,0,4656524,4663024,4656534,0,0,0,0,fortran,2.532584767364744e-11,0.0,0,0,0
0x470d86,JZ,2,0,6491,6,0x470d83,TEST,1,Leaf,rdx(-1) rdx(-1) ,rflags ,TEST,3,JNZ,6,TEST,10,MOV,3,INVALID,0,CMP,4,JZ,6,MOV,3,MOV,2,MOV,2,0,1,0,0,0,RET,0,0,1,0,0,0,JE,0,0,4656515,4663009,4656524,0,0,0,0,fortran,2.532584767364744e-11,0.0,0,0,0
0x470d7d,JNZ,2,0,90003,6,0x470d73,TEST,1,Leaf,rax(MOV) ,rflags ,TEST,10,MOV,3,INVALID,0,INVALID,0,INVALID,0,TEST,3,JZ,6,CMP,4,JZ,6,MOV,3,0,-1,-1,-1,-1,JE,-1,0,1,1,0,0,JE,0,0,4656496,4746512,4656515,0,0,0,0,fortran,2.532584767364744e-11,0.0,0,0,0
0x466ce9,JNZ,81,0,-25,2,0x466cde,SUB,1,Leaf,edx(SUB) ,edx rflags ,LEA,4,LEA,4,SUB,3,MOV,4,MOV,3,MOV,3,RET_NEAR,1,NOP,1,MOV,2,AND,3,1,1,1,1,1,JNE,0,0,0,1,0,0,RET,1,0,4615376,4615376,4615403,1,0,1,0,fortran,1.0256968307827211e-09,0.0,0,1,0
0x466cc6,JZ,488,407,37,2,0x466cc0,AND,1,Leaf,edx(AND) ,edx rflags ,AND,6,NOP,3,ADD,4,ADD,4,MOV,3,NOP,8,MOV,3,MOV,4,MOV,3,MOV,4,0,1,1,0,0,RET,1,0,1,0,0,0,NOP,0,0,4615360,4615403,4615368,0,0,0,0,fortran,6.179506832369975e-09,0.8340163934426229,1,1,1
0x466cad,JZ,488,487,19,2,0x466caa,TEST,1,Leaf,dl(-1) ,rflags ,TEST,3,ADD,4,ADD,4,MOV,2,MOV,2,MOV,3,MOV,3,ADD,4,ADD,4,NOP,3,0,1,1,0,0,JE,0,0,1,0,0,0,NOP,0,0,4615338,4615360,4615343,1,0,0,1,fortran,6.179506832369975e-09,0.9979508196721312,1,1,1
0x466c9c,JZ,488,408,14,2,0x466c99,TEST,1,Leaf,dl(-1) ,rflags ,TEST,3,ADD,4,ADD,4,MOV,3,MOVZX,3,MOV,2,MOV,2,ADD,4,ADD,4,TEST,3,0,1,1,0,0,JE,0,0,1,0,0,0,ADD,0,0,4615321,4615338,4615326,0,0,0,1,fortran,6.179506832369975e-09,0.8360655737704918,1,1,1
0x466c89,JZ,488,406,16,2,0x466c86,TEST,1,Leaf,dl(-1) ,rflags ,TEST,3,INC,3,INC,3,MOV,2,MOVZX,3,MOVZX,3,MOV,3,ADD,4,ADD,4,TEST,3,0,1,1,0,0,JE,0,0,1,0,0,0,ADD,0,0,4615302,4615321,4615307,0,0,0,1,fortran,6.179506832369975e-09,0.8319672131147541,1,1,1
0x466c79,JZ,488,80,13,2,0x466c76,TEST,1,Leaf,dl(-1) ,rflags ,TEST,3,JNB,2,CMP,4,INVALID,0,INVALID,0,MOVZX,3,MOV,2,INC,3,INC,3,TEST,3,0,1,1,0,0,JE,0,0,1,0,0,0,INC,0,0,4615286,4615302,4615291,0,0,0,1,fortran,6.179506832369975e-09,0.1639344262295081,0,1,0
0x466c74,JNB,488,0,124,2,0x466c70,CMP,1,Leaf,rdx(-1) ,rflags ,CMP,4,INVALID,0,INVALID,0,INVALID,0,INVALID,0,TEST,3,JZ,2,MOVZX,3,MOV,2,INC,3,0,1,0,0,0,JE,0,0,1,0,0,0,JE,1,0,4615280,4615408,4615286,0,0,0,0,fortran,6.179506832369975e-09,0.0,0,0,0
0x466c4b,JZ,875,510,-161,6,0x466c48,TEST,1,Leaf,dl(-1) ,rflags ,TEST,3,MOV,2,JZ,2,TEST,3,JNZ,2,MOV,5,RET_NEAR,1,MOV,2,MOV,4,RET_NEAR,1,0,0,0,0,0,REPZ RET,0,0,1,0,0,0,RET,0,0,4615240,4615082,4615249,0,0,0,1,fortran,1.1080058357220756e-08,0.5828571428571429,1,0,1
0x466c44,JZ,875,423,4,2,0x466c41,TEST,1,Leaf,dl(-1) ,rflags ,TEST,3,JNZ,2,TEST,3,JNZ,2,TEST,3,MOV,2,TEST,3,JZ,6,MOV,5,RET_NEAR,1,0,1,1,0,0,JE,0,0,1,0,0,0,MOV,0,0,4615233,4615240,4615238,0,0,0,1,fortran,1.1080058357220756e-08,0.4834285714285714,0,1,0
0x466c3f,JNZ,1159,284,24,2,0x466c3c,TEST,1,Leaf,dl(-1) ,rflags ,TEST,3,JNZ,2,TEST,3,MOVQ,5,RET_NEAR,2,TEST,3,JZ,2,MOV,2,TEST,3,JZ,6,0,1,0,0,0,RET,0,0,1,0,0,0,JE,0,0,4615228,4615255,4615233,0,0,1,0,fortran,1.4676328726878692e-08,0.2450388265746333,0,0,0
0x466c3a,JNZ,38256021,38254862,36,2,0x466c37,TEST,1,Leaf,dl(-1) ,rflags ,TEST,3,MOVQ,5,RET_NEAR,2,JNZ,2,CMP,3,TEST,3,JNZ,2,TEST,3,JZ,2,MOV,2,0,1,0,0,0,RET,0,0,1,0,0,0,JNE,0,0,4615218,4615262,4615228,0,0,1,0,fortran,0.0004844330802229,0.999969704115334,1,1,1
0x466c2e,JNZ,536893103,320404343,-30,2,0x466c2b,CMP,1,Leaf,rdx(-1) rcx(ADD) ,rflags ,CMP,3,ADD,4,MOVDQA,6,MOVDQA,6,MOVDQA,6,RET_NEAR,2,MOVQ,5,TEST,3,JNZ,2,TEST,3,1,1,1,1,1,JNE,0,0,1,1,0,0,REPZ RET,1,0,4615184,4615184,4615216,1,0,1,0,fortran,0.0067986364718049,0.5967749282113612,1,1,1
0x466c05,JZ,294254465,77765705,-91,2,0x466c02,CMP,1,Leaf,rcx(AND) rdx(AND) ,rflags ,CMP,3,AND,4,ADD,3,MOVDQU,7,MOVDQU,6,NOP,9,MOVDQA,5,MOVDQA,6,MOVDQA,6,MOVDQA,6,0,0,0,0,0,REPZ RET,1,0,1,0,0,0,NOP,0,0,4615104,4615082,4615175,0,0,0,0,fortran,0.0037261218789403,0.2642804587519173,0,0,0
0x466ba8,JNBE,152763424,143468027,8,2,0x466b98,CMP,1,Leaf,rdx(-1) ,rflags ,MOVDQU,7,MOVDQU,5,CMP,4,JBE,6,CMP,4,RET_NEAR,2,NOP,4,MOVDQU,6,MOVDQU,7,RET_NEAR,1,0,1,0,0,0,RET,0,0,0,0,0,0,REPZ RET,0,0,4615064,4615088,4615082,0,0,1,0,fortran,0.0019344316031644,0.9391516846336202,1,0,1
0x466b92,JBE,191019445,38256021,160,6,0x466b8e,CMP,1,Leaf,rdx(-1) ,rflags ,CMP,4,JNBE,2,CMP,4,PSHUFD,6,PUNPCKLWD,5,CMP,4,MOVDQU,5,MOVDQU,7,JNBE,2,RET_NEAR,2,0,1,0,0,0,JNE,0,0,1,0,0,0,JA,0,0,4615054,4615218,4615064,0,0,0,1,fortran,0.0024188646833873,0.2002729146239536,0,1,0
0x466b8c,JNBE,485273910,294254465,52,2,0x466b88,CMP,1,Leaf,rdx(-1) ,rflags ,CMP,4,PSHUFD,6,PUNPCKLWD,5,PUNPCKLBW,5,MOV,3,CMP,4,JBE,6,CMP,4,MOVDQU,5,MOVDQU,7,0,1,0,0,0,JE,0,0,1,0,0,0,JBE,1,0,4615024,4615104,4615054,1,0,1,0,fortran,0.0061449865623276,0.606367783093882,1,0,1
0x466507,JBE,169,163,13,2,0x466504,SUB,1,Leaf,r11(SUB) rdx(BSF) ,r11 rflags ,SUB,3,BSF,4,NOP,10,NOP,1,XCHG,3,MOVZX,4,MOVZX,4,SUB,2,RET_NEAR,1,XOR,2,0,0,0,0,0,RET,0,0,1,0,0,0,RET,0,0,4613376,4613396,4613385,0,0,0,0,fortran,2.1400341284232086e-09,0.9644970414201184,1,0,1
0x4664f0,JZ,80,80,16,2,0x4664ed,TEST,1,Leaf,r8d(-1) r8d(-1) ,rflags ,TEST,3,LEA,4,LEA,4,LEA,5,NOP,2,XCHG,3,NOP,1,NOP,10,BSF,4,SUB,3,0,0,1,0,0,JBE,0,0,1,0,0,0,NOP,0,0,4613349,4613376,4613362,0,0,0,0,fortran,1.0130339069458976e-09,1.0,1,0,1
0x46578a,JNZ,1,1,3419,6,0x465787,SUB,1,Leaf,edx(SUB) r9d(SHR) ,edx rflags ,SUB,3,SHR,3,SHR,2,PMOVMSKB,5,PSUBB,4,MOVDQA,4,LEA,5,CMP,3,JB,6,TEST,3,0,0,0,0,0,JE,0,0,0,0,0,0,JB,0,0,4609888,4613349,4609936,0,0,0,0,fortran,1.266292383682372e-11,1.0,1,1,1
0x46530a,JNZ,79,79,4571,6,0x465307,SUB,1,Leaf,edx(SUB) r9d(SHR) ,edx rflags ,SUB,3,SHR,3,SHR,2,PMOVMSKB,5,PSUBB,4,MOVDQA,4,LEA,5,CMP,3,JB,6,TEST,3,0,0,0,0,0,JE,0,0,0,0,0,0,JB,0,0,4608736,4613349,4608784,0,0,0,0,fortran,1.0003709831090739e-09,1.0,1,1,1
0x464d6a,JNBE,80,80,9,2,0x464d66,CMP,0,Leaf,ecx(-1) eax(-1) ,rflags ,JZ,2,CMP,2,AND,3,AND,3,XOR,3,MOV,3,XCHG,1,XCHG,3,LEA,4,SUB,3,0,1,1,0,0,JMP,0,0,1,0,0,0,XCHG,0,0,4607338,4607347,4607340,0,1,0,0,fortran,1.0130339069458976e-09,1.0,1,0,1
0x464d68,JZ,80,0,40,2,0x464d66,CMP,1,Leaf,ecx(AND) eax(AND) ,rflags ,CMP,2,AND,3,AND,3,XOR,3,MOV,5,JNBE,2,MOV,3,XCHG,1,XCHG,3,LEA,4,0,1,0,0,0,JNE,0,0,1,0,0,0,JA,0,0,4607312,4607376,4607338,0,0,0,0,fortran,1.0130339069458976e-09,0.0,0,0,0
0x464d42,JBE,79,0,6098,6,0x464d3e,SUB,1,Leaf,r11(SUB) ,r11 rflags ,SUB,4,JNZ,6,SUB,6,PMOVMSKB,4,PSUBB,4,ADD,4,ADD,4,AND,4,AND,4,MOV,5,0,0,0,0,0,RET,0,0,1,0,0,0,ADD,0,0,4607294,4613396,4607304,0,0,0,0,fortran,1.0003709831090739e-09,0.0,0,0,0
0x464d38,JNZ,168,89,6088,6,0x464d32,SUB,1,Leaf,edx(SUB) ,edx rflags ,SUB,6,PMOVMSKB,4,PSUBB,4,PCMPEQB,4,PCMPEQB,4,SUB,4,JBE,6,ADD,4,ADD,4,AND,4,0,0,0,0,0,JBE,0,0,1,0,0,0,JBE,0,0,4607244,4613376,4607294,1,0,0,0,fortran,2.127371204586385e-09,0.5297619047619048,1,1,1
0x464d0a,JNBE,168,0,70,2,0x464d07,CMP,1,Leaf,eax(-1) ,rflags ,CMP,3,JNBE,2,CMP,3,AND,4,AND,4,MOVLPD,4,MOVLPD,4,MOVHPD,5,MOVHPD,5,PXOR,4,0,0,0,0,0,JE,0,0,1,0,0,0,JNE,0,0,4607239,4607312,4607244,1,0,0,0,fortran,2.127371204586385e-09,0.0,0,0,0
0x464d05,JNBE,169,1,75,2,0x464d02,CMP,1,Leaf,ecx(AND) ,rflags ,CMP,3,AND,4,AND,4,MOV,2,MOV,2,CMP,3,JNBE,2,MOVLPD,4,MOVLPD,4,MOVHPD,5,0,1,0,0,0,JE,0,0,1,0,0,0,JA,0,0,4607219,4607312,4607239,1,0,0,0,fortran,2.1400341284232086e-09,0.0059171597633136,0,0,0
0x464ced,JZ,169,0,6195,6,0x464ce9,CMP,1,Leaf,rdx(-1) ,rflags ,CMP,4,JZ,6,TEST,3,INVALID,0,INVALID,0,MOV,3,MOV,2,MOV,2,AND,4,AND,4,0,1,0,0,0,RET,0,0,1,0,0,0,JA,0,0,4607209,4613408,4607219,0,0,0,0,fortran,2.1400341284232086e-09,0.0,0,0,0
0x464ce3,JZ,169,0,6193,6,0x464ce0,TEST,1,Leaf,rdx(-1) rdx(-1) ,rflags ,TEST,3,INVALID,0,INVALID,0,INVALID,0,INVALID,0,CMP,4,JZ,6,MOV,3,MOV,2,MOV,2,0,1,0,0,0,RET,0,0,1,0,0,0,JE,0,0,4607200,4613396,4607209,0,0,0,0,fortran,2.1400341284232086e-09,0.0,0,0,0
0x464c96,JZ,7,6,-54,2,0x464c94,TEST,1,Leaf,edx(PMOVMSKB) edx(PMOVMSKB) ,rflags ,TEST,2,LEA,4,PMOVMSKB,4,PCMPEQB,5,JNZ,2,SUB,3,BSF,4,ADD,3,RET_NEAR,1,NOP,3,0,0,0,1,1,JNE,0,0,0,0,0,0,SUB,1,0,4607111,4607072,4607128,0,0,0,0,fortran,8.864046685776603e-11,0.8571428571428571,1,1,1
0x464c85,JNZ,9,2,75,2,0x464c83,TEST,1,Leaf,edx(PMOVMSKB) edx(PMOVMSKB) ,rflags ,TEST,2,PMOVMSKB,4,PCMPEQB,5,JNZ,2,TEST,2,PCMPEQB,5,PMOVMSKB,4,LEA,4,TEST,2,JZ,2,0,1,0,0,0,RET,1,0,1,0,0,0,JE,0,0,4607098,4607184,4607111,1,0,0,0,fortran,1.1396631453141347e-10,0.2222222222222222,0,1,0
0x464c78,JNZ,15,6,72,2,0x464c76,TEST,1,Leaf,edx(PMOVMSKB) edx(PMOVMSKB) ,rflags ,TEST,2,PMOVMSKB,4,PCMPEQB,5,JNZ,2,TEST,2,PCMPEQB,5,PMOVMSKB,4,TEST,2,JNZ,2,PCMPEQB,5,0,1,0,0,0,RET,1,0,1,0,0,0,JNE,0,0,4607085,4607168,4607098,1,0,0,0,fortran,1.899438575523558e-10,0.4,0,1,0
0x464c6b,JNZ,34,19,69,2,0x464c69,TEST,1,Leaf,edx(PMOVMSKB) edx(PMOVMSKB) ,rflags ,TEST,2,PMOVMSKB,4,PCMPEQB,5,NOP,9,PXOR,4,PCMPEQB,5,PMOVMSKB,4,TEST,2,JNZ,2,PCMPEQB,5,1,1,0,0,0,RET,1,0,1,0,0,0,JNE,0,0,4607072,4607152,4607085,1,0,0,0,fortran,4.3053941045200644e-10,0.5588235294117647,1,1,1
0x464c45,JNZ,11,0,83,2,0x464c43,AND,1,Leaf,edx(AND) esi(SHL) ,edx rflags ,AND,2,PMOVMSKB,4,SHL,2,SUB,3,MOV,5,PXOR,4,PXOR,4,PXOR,4,PXOR,4,NOP,9,0,0,0,0,0,SUB,0,0,0,0,0,0,NOP,0,0,4607018,4607128,4607047,0,0,0,0,fortran,1.392921622050609e-10,0.0,0,1,0
0x464c1f,JNZ,524,507,124,2,0x464c1d,TEST,1,Leaf,edx(PMOVMSKB) edx(PMOVMSKB) ,rflags ,TEST,2,PMOVMSKB,4,PCMPEQB,4,MOVDQU,4,JNBE,2,MOV,3,AND,4,JMP,2,MOV,3,AND,4,0,0,0,0,0,RET,0,0,1,0,0,0,JMP,0,0,4606993,4607131,4607009,1,0,0,0,fortran,6.635372090495629e-09,0.9675572519083968,1,1,1
0x464c0f,JNBE,535,11,27,2,0x464c0c,CMP,1,Leaf,ecx(AND) ,rflags ,CMP,3,PXOR,4,AND,3,MOV,2,XOR,3,MOVDQU,4,PCMPEQB,4,PMOVMSKB,4,TEST,2,JNZ,2,0,1,0,0,0,JNE,0,0,1,0,0,0,JNE,0,0,4606976,4607018,4606993,1,0,0,0,fortran,6.774664252700691e-09,0.0205607476635514,0,0,0
0x4a1b2f,JZ,406,0,-3603,6,0x4a1b26,TEST,1,NonLeaf,r12(-1) ,rflags ,MOV,3,TEST,6,JNZ,6,CMP,8,JNZ,2,MOV,7,TEST,3,JLE,6,MOVSXD,7,MOV,7,0,0,0,0,0,RET,0,0,1,0,0,0,JLE,0,0,4856614,4853020,4856629,0,0,0,0,fortran,5.1411470777504314e-09,0.0,0,0,0
0x464a4d,JZ,3,0,27,2,0x464a4a,TEST,1,NonLeaf,rax(-1) rax(-1) ,rflags ,TEST,3,CALL_NEAR,5,MOV,3,LEA,4,CALL_NEAR,5,ADD,4,MOV,3,MOV,3,POP,1,POP,1,0,1,0,0,0,RET,0,0,1,0,0,0,JMP,0,0,4606538,4606568,4606543,0,0,0,0,fortran,3.798877151047116e-11,0.0,0,0,0
0x4a1a8b,JNZ,406,0,4401,6,0x4a1a85,TEST,1,NonLeaf,r12(MOV) ,rflags ,TEST,6,MOV,7,MOV,7,MOV,7,JMP,5,MOV,7,MOV,7,TEST,3,JZ,6,MOV,7,0,1,0,0,0,CALL,0,1,1,0,0,0,MOV,0,0,4856453,4860860,4856465,0,0,1,0,fortran,5.1411470777504314e-09,0.0,0,0,0
0x4a196c,JLE,406,252,-1025,6,0x4a1969,CMP,1,NonLeaf,eax(-1) ,rflags ,CMP,3,JNZ,6,TEST,3,NOP,5,JMP,2,MOV,2,AND,3,OR,3,TEST,2,JZ,6,0,0,1,0,0,JG,0,0,1,0,0,0,OR,0,0,4856169,4855147,4856178,0,0,0,0,fortran,5.1411470777504314e-09,0.6206896551724138,1,0,1
0x4a16a5,JNZ,406,0,7,2,0x4a16a3,TEST,1,NonLeaf,eax(MOV) eax(MOV) ,rflags ,TEST,2,MOVZX,6,MOV,6,MOV,2,LEA,4,TEST,3,JZ,2,SUB,7,MOV,3,SUB,3,0,1,0,0,0,SUB,0,0,1,0,0,0,JE,0,0,4855447,4855468,4855463,0,0,1,0,fortran,5.1411470777504314e-09,0.0,0,0,0
0x460603,JS,1,1,13,2,0x460601,TEST,1,NonLeaf,eax(MOV) eax(MOV) ,rflags ,TEST,2,MOV,11,MOV,6,INVALID,0,INVALID,0,JMP,5,NOP,6,SUB,4,MOV,5,CALL_NEAR,5,0,1,0,0,0,CALL,0,1,1,0,0,0,JMP,0,0,4589040,4589072,4589061,0,0,1,0,fortran,1.266292383682372e-11,1.0,1,0,1
0x460376,JNZ,1,1,-180,6,0x460372,CMP,1,NonLeaf,rbp(-1) ,rflags ,CMP,4,JNZ,6,CMP,4,JMP,5,MOV,11,CMP,4,JNZ,6,CMP,4,JNZ,6,CMP,4,0,0,0,0,0,ADD,0,0,1,0,0,0,JNE,0,0,4588402,4588226,4588412,0,0,0,0,fortran,1.266292383682372e-11,1.0,1,0,1
0x46036c,JNZ,2,1,-170,6,0x460368,CMP,1,NonLeaf,rbp(-1) ,rflags ,CMP,4,JMP,5,MOV,11,MOV,11,MOV,11,CMP,4,JNZ,6,CMP,4,JNZ,6,CMP,4,0,0,0,0,0,ADD,0,0,1,0,0,0,JNE,0,0,4588392,4588226,4588402,0,0,0,0,fortran,2.532584767364744e-11,0.5,0,0,0
0x4602e6,JZ,1,1,4,2,0x4602e3,TEST,1,NonLeaf,rax(MOV) rax(MOV) ,rflags ,TEST,3,MOV,7,JNZ,2,TEST,2,MOVSX,5,CALL_NEAR,2,MOV,10,ADD,4,POP,1,POP,1,0,1,1,0,0,RET,0,0,1,0,0,0,CALL,0,1,4588252,4588266,4588264,0,0,1,1,fortran,1.266292383682372e-11,1.0,1,0,1
0x4602d1,JZ,1,1,11,2,0x4602ce,TEST,1,NonLeaf,r12(-1) r12(-1) ,rflags ,TEST,3,JNZ,2,TEST,3,MOV,3,ADD,4,MOVSX,5,TEST,2,JNZ,2,MOV,7,TEST,3,0,0,1,0,0,JE,0,0,1,0,0,0,JNE,0,0,4588238,4588252,4588243,0,0,0,0,fortran,1.266292383682372e-11,1.0,1,0,1
0x4602cc,JNZ,45,44,-20,2,0x4602c9,TEST,1,NonLeaf,rbp(MOV) rbp(MOV) ,rflags ,TEST,3,MOV,3,ADD,4,JZ,6,CMP,4,TEST,3,JZ,2,MOVSX,5,TEST,2,JNZ,2,1,1,0,0,0,JE,0,0,1,1,0,0,JE,1,0,4588230,4588216,4588238,0,0,0,0,fortran,5.698315726570673e-10,0.9777777777777776,1,1,1
0x4602bc,JZ,44,2,172,6,0x4602b8,CMP,1,NonLeaf,rbp(-1) ,rflags ,CMP,4,NOP,4,JMP,2,XOR,3,JZ,2,ADD,4,MOV,3,TEST,3,JNZ,2,TEST,3,0,1,0,0,0,JNE,0,0,1,0,0,0,ADD,0,0,4588216,4588392,4588226,0,0,0,0,fortran,5.571686488202436e-10,0.0454545454545454,0,0,0
0x4602ad,JZ,1,0,47,2,0x4602a2,TEST,1,NonLeaf,rbx(MOV) rbx(MOV) ,rflags ,MOV,8,TEST,3,MOV,10,MOV,7,MOV,7,XOR,3,JMP,2,NOP,4,CMP,4,JZ,6,0,1,1,0,0,JE,0,0,1,0,0,0,JMP,0,0,4588160,4588252,4588207,0,0,0,0,fortran,1.266292383682372e-11,0.0,0,1,0
0x45ff64,JZ,1,0,-20,2,0x45ff61,TEST,1,NonLeaf,rax(-1) rax(-1) ,rflags ,TEST,3,CALL_NEAR,2,MOV,3,MOV,5,JMP,5,POP,1,POP,1,POP,2,MOV,3,XOR,2,0,0,0,0,0,JMP,0,0,1,0,0,0,JMP,0,0,4587361,4587344,4587366,0,0,0,0,fortran,1.266292383682372e-11,0.0,0,0,0
0x45fe72,JNBE,30,30,190,6,0x45fe6e,CMP,1,NonLeaf,rcx(SHR) ,rflags ,CMP,4,SHR,4,MOV,3,SUB,4,JZ,6,CMP,4,MOV,8,MOV,8,MOV,8,MOV,3,0,1,0,0,0,CALL,0,1,1,0,0,0,JBE,0,0,4587107,4587312,4587128,0,0,1,1,fortran,3.798877151047116e-10,1.0,1,0,1
0x45fe5d,JZ,30,26,195,6,0x45fe5a,CMP,1,NonLeaf,r14(-1) rax(LEA) ,rflags ,CMP,3,LEA,4,JNZ,2,TEST,2,AND,4,SUB,4,MOV,3,SHR,4,CMP,4,JNBE,6,0,1,0,0,0,JMP,0,0,0,1,0,0,JA,0,0,4587094,4587296,4587107,0,0,0,0,fortran,3.798877151047116e-10,0.8666666666666667,1,0,1
0x45fe54,JNZ,30,0,15,2,0x45fe52,TEST,1,NonLeaf,eax(MOV) eax(MOV) ,rflags ,TEST,2,AND,4,MOV,6,NOP,5,JMP,2,LEA,4,CMP,3,JZ,6,SUB,4,MOV,3,0,1,1,0,0,JA,0,0,1,0,0,0,JE,0,0,4587080,4587107,4587094,0,0,0,0,fortran,3.798877151047116e-10,0.0,0,0,0
0x45fdf6,JZ,30,30,82,2,0x45fdf3,TEST,1,NonLeaf,dl(MOV) ,rflags ,TEST,3,MOV,4,JZ,6,TEST,3,JNZ,6,MOV,6,TEST,2,JNZ,6,MOV,3,POP,1,0,1,0,0,0,JNE,0,0,1,0,0,0,JNE,0,0,4586991,4587080,4587000,1,0,0,0,fortran,3.798877151047116e-10,1.0,1,1,1
0x45fde9,JZ,30,0,359,6,0x45fde6,TEST,1,NonLeaf,rbp(-1) rbp(-1) ,rflags ,TEST,3,JNZ,6,DEC,2,JMP,2,JNZ,6,MOV,4,TEST,3,JZ,2,MOV,6,TEST,2,0,0,0,0,0,JMP,0,0,1,0,0,0,JE,0,0,4586982,4587344,4586991,0,0,0,0,fortran,3.798877151047116e-10,0.0,0,0,0
0x45fde0,JNZ,30,0,9658,6,0x45fdde,DEC,1,NonLeaf,rbx(-1) ,rflags ,DEC,2,JMP,2,JNZ,6,DEC_LOCK,3,JZ,2,TEST,3,JZ,6,MOV,4,TEST,3,JZ,2,0,-1,-1,-1,-1,CALL,-1,1,0,1,0,0,JE,0,0,4586974,4596634,4586982,0,0,1,0,fortran,3.798877151047116e-10,0.0,0,0,0
0x45fdd1,JZ,30,30,13,2,0x45fdca,CMP,1,NonLeaf,rip(JZ) ,rflags ,CMP,7,JZ,6,MOV,3,TEST,3,CALL_NEAR,5,DEC_LOCK,3,JNZ,6,JMP,2,DEC,2,JNZ,6,0,1,0,0,0,JNE,0,0,1,0,0,0,JNE,0,0,4586954,4586974,4586963,0,0,1,0,fortran,3.798877151047116e-10,1.0,1,1,1
0x45fdc4,JZ,30,0,300,6,0x45fdbe,TEST,1,NonLeaf,rax(-1) rax(-1) ,rflags ,MOV,3,TEST,3,CALL_NEAR,5,MOV,3,MOV,3,CMP,7,JZ,2,DEC_LOCK,3,JNZ,6,JMP,2,0,1,0,0,0,CALL,0,1,1,0,0,0,JE,0,0,4586942,4587248,4586954,0,0,1,0,fortran,3.798877151047116e-10,0.0,0,0,0
0x45fd99,JZ,30,30,26,2,0x45fd92,CMP,1,NonLeaf,rbx(-1) ,rflags ,CMP,7,AND,4,MOV,4,MOV,4,JNZ,6,MOV,3,AND,7,ADD,4,SUB,3,CMP,3,0,1,1,0,0,CALL,0,1,1,0,0,0,CMOVB,0,0,4586886,4586931,4586907,0,0,1,0,fortran,3.798877151047116e-10,1.0,1,1,1
0x45fd80,JNZ,30,0,9727,6,0x45fd7d,CMPXCHG,1,NonLeaf,rbx(-1) esi(-1) eax(CMPXCHG) ,eax rflags ,CMPXCHG,3,JMP,2,JNZ,6,CMPXCHG_LOCK,4,JZ,2,MOV,4,MOV,4,AND,4,CMP,7,JZ,2,0,-1,-1,-1,-1,CALL,-1,1,0,1,0,0,JE,0,0,4586877,4596607,4586886,0,0,1,0,fortran,3.798877151047116e-10,0.0,0,0,0
0x45fd6f,JZ,30,30,14,2,0x45fd68,CMP,1,NonLeaf,rip(JZ) ,rflags ,CMP,7,MOV,5,JNZ,6,AND,3,MOV,3,CMPXCHG_LOCK,4,JNZ,6,JMP,2,CMPXCHG,3,JNZ,6,0,1,0,0,0,JNE,0,0,1,0,0,0,JNE,0,0,4586851,4586877,4586865,0,0,1,0,fortran,3.798877151047116e-10,1.0,1,1,1
0x45fd5d,JNZ,30,0,187,6,0x45fd5a,AND,1,NonLeaf,eax(AND) ,eax rflags ,AND,3,MOV,3,JZ,6,TEST,3,MOV,4,MOV,5,CMP,7,JZ,2,CMPXCHG_LOCK,4,JNZ,6,0,0,0,0,0,CALL,0,1,1,0,0,0,JE,0,0,4586839,4587032,4586851,0,0,1,0,fortran,3.798877151047116e-10,0.0,0,0,0
0x45fd51,JZ,30,0,199,6,0x45fd4e,TEST,1,NonLeaf,rbx(MOV) rbx(MOV) ,rflags ,TEST,3,MOV,4,MOV,7,JNZ,6,TEST,3,MOV,3,AND,3,JNZ,6,MOV,5,CMP,7,0,1,0,0,0,CALL,0,1,1,0,0,0,JNE,0,0,4586819,4587032,4586839,0,0,1,0,fortran,3.798877151047116e-10,0.0,0,0,0
0x45fd3d,JNZ,31,1,538,6,0x45fd3a,TEST,1,NonLeaf,rcx(MOV) rcx(MOV) ,rflags ,TEST,3,MOV,7,JNBE,6,PUSH,1,PUSH,1,MOV,7,MOV,4,TEST,3,JZ,6,MOV,3,0,1,0,0,0,CALL,0,1,1,0,0,0,JE,0,0,4586803,4587351,4586819,0,0,1,0,fortran,3.9255063894153525e-10,0.032258064516129,0,0,0
0x45fd2d,JNBE,31,0,590,6,0x45fd26,CMP,1,NonLeaf,rdx(OR) rax(MOV) ,rflags ,PUSH,1,PUSH,1,PUSH,2,CMP,3,IMUL,4,MOV,7,TEST,3,JNZ,6,MOV,7,MOV,4,0,1,0,0,0,JE,0,0,1,0,0,0,JNE,0,0,4586768,4587387,4586803,0,0,0,0,fortran,3.9255063894153525e-10,0.0,0,0,0
0x49c980,JNBE,406,0,-2464,6,0x49c97e,CMP,1,NonLeaf,al(SUB) ,rflags ,CMP,2,SUB,3,MOV,6,MOVZX,3,JBE,2,MOVSX,7,SUB,3,CDQE,2,MOVZX,7,MOV,8,0,0,0,0,0,JNE,0,0,1,0,0,0,JMP,0,0,4835698,4833248,4835718,0,0,0,0,fortran,5.1411470777504314e-09,0.0,0,0,0
0x45f7f6,JNZ,34,0,34,2,0x45f7f3,TEST,1,Leaf,rdx(OR) rax(SUB) ,rflags ,TEST,3,SUB,4,OR,3,MOV,3,SUB,3,SUB,7,SUB,7,JMP,5,NOP,5,RET_NEAR,2,0,1,0,0,0,JMP,0,0,1,0,0,0,JMP,0,0,4585428,4585496,4585464,0,0,0,1,fortran,4.3053941045200644e-10,0.0,0,1,0
0x45f7b1,JNBE,26,14,31,2,0x45f7ab,CMP,1,Leaf,rax(-1) ,rflags ,CMP,6,JBE,2,CMP,7,JNZ,2,TEST,2,AND,4,LEA,4,MOV,7,MOV,7,NOP,1,0,0,0,0,0,AND,0,0,1,0,0,0,JMP,0,0,4585387,4585424,4585395,1,1,0,1,fortran,3.2923601975741667e-10,0.5384615384615384,1,0,1
0x45f7a9,JBE,34,8,39,2,0x45f7a2,CMP,1,Leaf,rax(-1) rip(JBE) ,rflags ,CMP,7,JNZ,2,TEST,2,MOV,6,NOP,4,CMP,6,JNBE,2,AND,4,LEA,4,MOV,7,0,0,0,0,0,AND,0,0,1,0,0,0,JA,0,0,4585378,4585424,4585387,1,0,0,0,fortran,4.3053941045200644e-10,0.2352941176470588,0,0,0
0x45f7a0,JNZ,34,0,48,2,0x45f79e,TEST,1,Leaf,edx(MOV) edx(MOV) ,rflags ,TEST,2,MOV,6,NOP,4,JMP,5,MOV,3,CMP,7,JBE,2,CMP,6,JNBE,2,AND,4,0,1,0,0,0,AND,0,0,1,0,0,0,JBE,0,0,4585368,4585424,4585378,0,0,0,0,fortran,4.3053941045200644e-10,0.0,0,0,0
0x45f77c,JZ,936,936,14,2,0x45f775,TEST,1,Leaf,al(-1) ,rflags ,MOV,5,TEST,2,JNZ,2,TEST,2,LEA,4,MOV,3,AND,6,MOV,3,XOR,2,MOV,3,0,1,1,0,0,JMP,0,0,1,0,0,0,MOV,0,0,4585333,4585354,4585342,0,0,0,0,fortran,1.1852496711267004e-08,1.0,1,1,1
0x45f773,JNZ,970,34,37,2,0x45f771,TEST,1,Leaf,al(MOV) ,rflags ,TEST,2,LEA,4,MOV,4,JZ,6,TEST,3,TEST,2,MOV,5,JZ,2,MOV,3,AND,6,0,1,0,0,0,JNE,0,0,1,0,0,0,JE,0,0,4585321,4585368,4585333,0,0,0,0,fortran,1.2283036121719008e-08,0.0350515463917525,0,0,0
0x45f763,JZ,2270,1300,173,6,0x45f760,TEST,1,Leaf,rdi(-1) rdi(-1) ,rflags ,TEST,3,JNZ,6,TEST,3,MOV,7,INVALID,0,MOV,4,LEA,4,TEST,2,JNZ,2,TEST,2,0,1,0,0,0,REPZ RET,0,0,1,0,0,0,JNE,0,0,4585312,4585488,4585321,0,0,0,0,fortran,2.8744837109589845e-08,0.5726872246696035,1,0,1
0x45f75a,JNZ,2270,0,184,6,0x45f757,TEST,1,Leaf,rax(MOV) rax(MOV) ,rflags ,TEST,3,MOV,7,INVALID,0,INVALID,0,INVALID,0,TEST,3,JZ,6,MOV,4,LEA,4,TEST,2,0,1,0,0,0,JMP,0,0,1,0,0,0,JE,0,0,4585296,4585490,4585312,0,0,0,0,fortran,2.8744837109589845e-08,0.0,0,0,0
0x45f3eb,JNZ,947,947,-90,2,0x45f3e8,TEST,1,NonLeaf,rax(-1) rax(-1) ,rflags ,TEST,3,NOP,3,JMP,2,JNZ,6,CMPXCHG,3,NOP,1,MOV,3,MOV,3,CALL_NEAR,5,MOV,3,0,0,1,0,0,JE,0,0,1,0,0,0,CALL,0,1,4584424,4584337,4584429,0,0,0,1,fortran,1.1991788873472064e-08,1.0,1,1,1
0x45f3dd,JNZ,947,0,11933,6,0x45f3da,CMPXCHG,1,NonLeaf,rbx(-1) esi(-1) eax(CMPXCHG) ,eax rflags ,CMPXCHG,3,JMP,2,JNZ,6,CMPXCHG_LOCK,4,JZ,2,JMP,2,NOP,3,TEST,3,JNZ,2,NOP,1,0,-1,-1,-1,-1,CALL,-1,1,0,1,0,0,JMP,0,0,4584410,4596346,4584419,0,0,1,0,fortran,1.1991788873472064e-08,0.0,0,0,0
0x45f3cc,JZ,947,947,14,2,0x45f3c5,CMP,1,NonLeaf,rip(JZ) ,rflags ,CMP,7,MOV,5,NOP,4,RET_NEAR,1,POP,1,CMPXCHG_LOCK,4,JNZ,6,JMP,2,CMPXCHG,3,JNZ,6,0,1,0,0,0,JNE,0,0,1,0,0,0,JNE,0,0,4584384,4584410,4584398,0,0,1,0,fortran,1.1991788873472064e-08,1.0,1,1,1
0x45f3ac,JNZ,947,0,11955,6,0x45f3aa,DEC,1,NonLeaf,rbx(-1) ,rflags ,DEC,2,JMP,2,JNZ,6,DEC_LOCK,3,JZ,2,ADD,4,MOV,3,POP,1,POP,1,RET_NEAR,1,0,-1,-1,-1,-1,CALL,-1,1,0,1,0,0,RET,0,0,4584362,4596319,4584370,0,0,1,0,fortran,1.1991788873472064e-08,0.0,0,0,0
0x45f39d,JZ,947,947,13,2,0x45f396,CMP,1,NonLeaf,rip(JZ) ,rflags ,CMP,7,JZ,2,TEST,3,JNZ,2,MOV,3,DEC_LOCK,3,JNZ,6,JMP,2,DEC,2,JNZ,6,0,1,0,0,0,JNE,0,0,1,0,0,0,JNE,0,0,4584342,4584362,4584351,0,0,1,0,fortran,1.1991788873472064e-08,1.0,1,1,1
0x45f394,JZ,947,0,30,2,0x45f391,TEST,1,NonLeaf,rbx(-1) rbx(-1) ,rflags ,TEST,3,JNZ,2,MOV,3,TEST,3,CALL_NEAR,5,CMP,7,JZ,2,DEC_LOCK,3,JNZ,6,JMP,2,0,1,1,0,0,RET,0,0,1,0,0,0,JE,0,0,4584337,4584370,4584342,0,0,0,0,fortran,1.1991788873472064e-08,0.0,0,0,0
0x45f38f,JNZ,947,947,89,2,0x45f389,TEST,1,NonLeaf,rbx(-1) rbx(-1) ,rflags ,MOV,3,TEST,3,CALL_NEAR,5,MOV,3,MOV,3,TEST,3,JZ,2,CMP,7,JZ,2,DEC_LOCK,3,0,1,0,0,0,JNE,0,0,1,1,0,0,JE,0,0,4584329,4584424,4584337,0,0,0,0,fortran,1.1991788873472064e-08,1.0,1,1,1
0x45f36f,JZ,947,947,81,2,0x45f36c,AND,1,NonLeaf,eax(AND) ,eax rflags ,AND,3,MOV,3,JZ,2,TEST,3,MOV,4,XOR,2,MOV,3,CALL_NEAR,5,MOV,3,MOV,3,0,1,0,0,0,JE,0,0,0,0,0,0,CALL,0,1,4584297,4584384,4584305,0,0,0,1,fortran,1.1991788873472064e-08,1.0,1,1,1
0x45f367,JZ,947,0,10,2,0x45f364,TEST,1,NonLeaf,rbx(MOV) rbx(MOV) ,rflags ,TEST,3,MOV,4,MOV,7,JNZ,6,TEST,3,MOV,3,AND,3,JZ,2,XOR,2,MOV,3,0,1,0,0,0,CALL,0,1,1,0,0,0,JE,0,0,4584281,4584305,4584297,0,0,1,0,fortran,1.1991788873472064e-08,0.0,0,0,0
0x45f353,JNZ,947,0,185,6,0x45f350,TEST,1,NonLeaf,rax(MOV) rax(MOV) ,rflags ,TEST,3,MOV,7,SUB,4,PUSH,1,MOV,3,MOV,7,MOV,4,TEST,3,JZ,2,MOV,3,0,1,0,0,0,JMP,0,0,1,0,0,0,JE,0,0,4584256,4584460,4584281,0,0,0,0,fortran,1.1991788873472064e-08,0.0,0,0,0
0x45c76d,JZ,532,532,-1435,6,0x45c76b,TEST,1,NonLeaf,eax(MOV) eax(MOV) ,rflags ,TEST,2,MOV,6,MOV,4,MOV,4,MOV,4,JMP,2,NOP,3,MOV,4,LEA,5,CMP,4,0,0,0,0,0,JMP,0,0,1,0,0,0,JMP,0,0,4573029,4571602,4573043,0,0,0,0,fortran,6.736675481190219e-09,1.0,1,0,1
0x45c714,JZ,435,435,-1346,6,0x45c712,TEST,1,NonLeaf,eax(MOV) eax(MOV) ,rflags ,TEST,2,MOV,4,MOV,6,JZ,6,MOV,3,XOR,2,MOV,3,MOV,3,MOV,2,CALL_NEAR,5,0,0,0,0,0,JMP,0,0,0,0,0,0,CALL,0,1,4572936,4571602,4572954,0,1,0,1,fortran,5.508371869018318e-09,1.0,1,0,1
0x45c702,JZ,435,0,607,6,0x45c6fc,TEST,1,NonLeaf,rax(-1) rax(-1) ,rflags ,MOV,3,TEST,3,CALL_NEAR,5,MOV,4,MOV,3,MOV,6,MOV,4,TEST,2,JZ,6,XOR,2,0,0,0,0,0,JMP,0,0,1,0,0,0,JE,0,0,4572924,4573537,4572936,0,0,0,0,fortran,5.508371869018318e-09,0.0,0,0,0
0x45c5f4,JBE,5,5,18,2,0x45c5ed,CMP,1,NonLeaf,rbx(-1) ,rflags ,CMP,7,MOV,4,JNBE,2,MOV,4,MOV,4,MOV,8,MOV,8,XOR,2,CMP,7,SETNZ,3,0,1,1,0,0,JMP,0,0,1,0,0,0,MOV,0,0,4572653,4572678,4572662,0,0,1,1,fortran,6.33146191841186e-11,1.0,1,0,1
0x45c5e7,JNBE,5,0,6,2,0x45c5d0,CMP,1,NonLeaf,r14(-1) ,rflags ,MOV,4,MOV,4,MOV,4,MOV,4,CMP,7,MOV,4,CMP,7,JBE,2,MOV,8,MOV,8,0,1,1,0,0,JBE,0,0,1,0,0,0,MOV,0,0,4572624,4572653,4572649,0,0,0,1,fortran,6.33146191841186e-11,0.0,0,0,0
0x45c5ca,JNZ,5,0,949,6,0x45c5c6,CMP,1,NonLeaf,rdx(MOV) r15(-1) ,rflags ,CMP,4,LEA,5,MOV,4,JMP,5,MOV,5,CMP,7,MOV,4,MOV,4,MOV,4,MOV,4,0,1,0,0,0,JMP,0,0,1,0,0,0,JA,0,0,4572605,4573567,4572624,0,0,0,1,fortran,6.33146191841186e-11,0.0,0,0,0
0x45c5a3,JNZ,3,0,-1838,6,0x45c59c,CMP,1,NonLeaf,rbp(-1) ,rflags ,CMP,7,OR,6,JNBE,2,CMP,4,JNZ,6,JMP,5,MOV,5,MOV,5,JMP,5,MOV,4,0,0,0,0,0,OR,0,0,1,0,0,0,JMP,0,0,4572566,4570741,4572585,0,0,1,0,fortran,3.798877151047116e-11,0.0,0,0,0
0x45c594,JNBE,8,5,41,2,0x45c590,CMP,1,NonLeaf,rbx(-1) ,rflags ,CMP,4,JNZ,6,TEST,3,MOV,4,JBE,2,OR,6,CMP,7,JNZ,6,JMP,5,MOV,5,0,1,0,0,0,JNE,0,0,1,0,0,0,JNE,0,0,4572560,4572605,4572566,0,0,0,1,fortran,1.0130339069458976e-10,0.625,1,0,1
0x45c581,JBE,8,8,15,2,0x45c571,CMP,1,NonLeaf,r13(-1) ,rflags ,MOV,4,MOV,4,CMP,8,JNZ,6,CMP,4,MOV,4,TEST,3,JNZ,6,CMP,4,JNBE,2,0,0,1,0,0,JA,0,0,1,0,0,0,JNE,0,0,4572529,4572560,4572547,0,0,0,0,fortran,1.0130339069458976e-10,1.0,1,0,1
0x45c56b,JNZ,8,0,1051,6,0x45c567,CMP,1,NonLeaf,r13(-1) rdx(-1) ,rflags ,CMP,4,JNZ,6,CMP,4,MOV,4,MOV,4,CMP,8,MOV,4,MOV,4,JBE,2,MOV,4,0,0,0,0,0,JE,0,0,1,0,0,0,JBE,0,0,4572519,4573574,4572529,0,0,1,1,fortran,1.0130339069458976e-10,0.0,0,0,0
0x45c561,JNZ,8,0,1061,6,0x45c55d,CMP,1,NonLeaf,r13(-1) rax(MOV) ,rflags ,CMP,4,MOV,4,MOV,4,JNZ,6,CMP,4,CMP,4,JNZ,6,CMP,8,MOV,4,MOV,4,0,1,0,0,0,JE,0,0,1,0,0,0,JNE,0,0,4572501,4573574,4572519,0,0,1,0,fortran,1.0130339069458976e-10,0.0,0,0,0
0x45c54f,JNZ,8,0,1183,6,0x45c54b,CMP,1,NonLeaf,rax(AND) r12(LEA) ,rflags ,CMP,4,SUB,3,MOV,3,LEA,5,AND,4,MOV,4,MOV,4,CMP,4,JNZ,6,CMP,4,0,1,0,0,0,CALL,0,1,1,1,0,0,JNE,0,0,4572469,4573678,4572501,0,0,1,0,fortran,1.0130339069458976e-10,0.0,0,0,0
0x45c500,JNBE,903,903,340,6,0x45c4fc,CMP,1,NonLeaf,r10(SHR) ,rflags ,CMP,4,SHR,4,MOV,3,JBE,2,CMP,4,ADD,4,JMP,5,MOV,2,MOV,2,SHL,3,0,1,0,0,0,JMP,0,0,1,0,0,0,JMP,0,0,4572405,4572756,4572422,0,1,0,0,fortran,1.1434620224651821e-08,1.0,1,0,1
0x45c4f3,JBE,903,0,57,2,0x45c4ef,CMP,1,NonLeaf,r10(SHR) ,rflags ,CMP,4,SHR,4,MOV,3,RET_NEAR,1,XOR,2,MOV,3,SHR,4,CMP,4,JNBE,6,ADD,4,0,1,0,0,0,JMP,0,0,1,0,0,0,JA,0,0,4572392,4572460,4572405,1,0,0,0,fortran,1.1434620224651821e-08,0.0,0,1,0
0x45c3f1,JZ,916,916,-468,6,0x45c3ee,CMP,1,NonLeaf,rdx(MOV) rax(LEA) ,rflags ,CMP,3,MOV,4,LEA,5,LEA,5,NOP,10,CMP,4,JNBE,6,MOV,3,MOV,4,JMP,2,0,0,0,0,0,SHL,0,0,1,0,0,0,JA,0,0,4572128,4571677,4572151,0,0,0,0,fortran,1.1599238234530529e-08,1.0,1,0,1
0x45c341,JNZ,15,8,500,6,0x45c33e,CMP,1,NonLeaf,r13(MOV) rdx(-1) ,rflags ,CMP,3,MOV,4,JZ,2,TEST,2,ADD,2,MOV,2,ADD,4,ADD,2,NOT,2,AND,2,0,1,0,0,0,JNE,1,0,1,0,0,0,JMP,0,0,4571962,4572469,4571975,0,1,0,1,fortran,1.899438575523558e-10,0.5333333333333333,1,1,1
0x45c338,JZ,93,78,-8,2,0x45c336,TEST,1,NonLeaf,esi(-1) eax(ADD) ,rflags ,TEST,2,ADD,2,ADD,4,NOP,8,JMP,5,MOV,4,CMP,3,JNZ,6,MOV,2,ADD,4,1,1,0,0,0,ADD,0,0,1,1,0,0,JNE,1,0,4571958,4571952,4571962,1,0,0,0,fortran,1.1776519168246059e-09,0.8387096774193549,1,1,1
0x45c2ad,JNZ,435,435,1088,6,0x45c2a9,TEST,1,NonLeaf,rbp(-1) ,rflags ,TEST,4,JNB,6,CMP,3,AND,4,MOV,4,MOV,3,CALL_NEAR,5,CMP,7,MOV,5,JBE,6,0,1,0,0,0,CALL,1,1,1,0,0,0,CALL,0,1,4571817,4572909,4571827,0,0,1,1,fortran,5.508371869018318e-09,1.0,1,0,1
0x45c2a3,JNB,967,532,1165,6,0x45c2a0,CMP,1,NonLeaf,rax(AND) rcx(LEA) ,rflags ,CMP,3,AND,4,MOV,4,LEA,4,MOV,4,TEST,4,JNZ,6,MOV,3,CALL_NEAR,5,CMP,7,0,1,0,0,0,MOV,1,0,1,0,0,0,JNE,0,0,4571792,4572976,4571817,1,0,1,0,fortran,1.2245047350208538e-08,0.5501551189245087,1,0,1
0x45c28a,JNZ,42,0,804,6,0x45c288,TEST,1,NonLeaf,esi(MOV) esi(MOV) ,rflags ,TEST,2,MOV,6,JZ,2,CMP,3,JNZ,6,MOV,4,LEA,4,MOV,4,AND,4,CMP,3,0,1,0,0,0,JMP,0,0,0,0,0,0,JAE,1,0,4571778,4572590,4571792,0,0,0,0,fortran,5.318428011465963e-10,0.0,0,1,0
0x45c280,JZ,51,9,16,2,0x45c27d,CMP,1,NonLeaf,edi(-1) ,rflags ,CMP,3,JNZ,6,TEST,2,MOV,7,MOV,2,MOV,6,TEST,2,JNZ,6,MOV,4,LEA,4,0,0,0,0,0,JAE,1,0,1,0,0,0,JNE,0,0,4571773,4571792,4571778,0,0,0,0,fortran,6.458091156780096e-10,0.1764705882352941,0,0,0
0x45c277,JNZ,51,0,664,6,0x45c275,TEST,1,NonLeaf,esi(MOV) esi(MOV) ,rflags ,TEST,2,MOV,7,MOV,2,JZ,2,CMP,3,CMP,3,JZ,2,MOV,6,TEST,2,JNZ,6,0,0,0,0,0,SUB,0,0,1,0,0,0,JE,0,0,4571756,4572431,4571773,0,0,0,0,fortran,6.458091156780096e-10,0.0,0,0,0
0x45c26a,JZ,53,2,38,2,0x45c267,CMP,1,NonLeaf,eax(LEA) ,rflags ,CMP,3,LEA,3,JNZ,6,TEST,2,MOV,7,MOV,2,MOV,7,TEST,2,JNZ,6,CMP,3,0,0,0,0,0,JAE,1,0,1,0,0,0,JNE,0,0,4571748,4571792,4571756,0,0,0,0,fortran,6.711349633516572e-10,0.0377358490566037,0,0,0
0x45c25e,JNZ,53,0,689,6,0x45c25c,TEST,1,NonLeaf,esi(MOV) esi(MOV) ,rflags ,TEST,2,MOV,7,MOV,2,JNBE,2,CMP,3,LEA,3,CMP,3,JZ,2,MOV,2,MOV,7,0,1,0,0,0,SUB,0,0,1,0,0,0,JE,0,0,4571731,4572431,4571748,0,0,0,0,fortran,6.711349633516572e-10,0.0,0,0,0
0x45c251,JNBE,967,914,63,2,0x45c24e,CMP,1,NonLeaf,eax(LEA) ,rflags ,CMP,3,LEA,3,JBE,6,CMP,2,JZ,2,MOV,2,MOV,7,TEST,2,JNZ,6,LEA,3,0,1,0,0,0,JAE,1,0,1,0,0,0,JNE,0,0,4571723,4571792,4571731,0,0,0,0,fortran,1.2245047350208538e-08,0.9451913133402275,1,0,1
0x45c245,JBE,982,15,241,6,0x45c243,CMP,1,NonLeaf,eax(-1) esi(-1) ,rflags ,CMP,2,JZ,2,TEST,2,SHL,2,MOV,5,LEA,3,CMP,3,JNBE,2,MOV,2,MOV,7,0,0,0,1,0,JE,0,0,0,0,0,0,JA,0,0,4571715,4571958,4571723,0,0,0,0,fortran,1.2434991207760894e-08,0.015274949083503,0,0,0
0x45c241,JZ,982,0,10,2,0x45c23f,TEST,1,NonLeaf,eax(-1) eax(-1) ,rflags ,TEST,2,SHL,2,MOV,5,MOV,7,MOV,2,CMP,2,JBE,6,LEA,3,CMP,3,JNBE,2,1,1,0,0,0,JA,0,0,1,0,0,0,JBE,0,0,4571711,4571723,4571715,0,0,0,0,fortran,1.2434991207760894e-08,0.0,0,0,0
0x45c217,JNBE,975,916,457,6,0x45c210,CMP,1,NonLeaf,r14(-1) ,rflags ,CMP,7,NOP,7,JMP,5,MOV,4,JMP,5,LEA,4,LEA,4,MOV,2,LEA,5,SHR,3,0,1,0,0,0,JE,0,0,1,0,0,0,SHL,0,0,4571664,4572128,4571677,0,0,0,0,fortran,1.2346350740903128e-08,0.9394871794871796,1,0,1
0x45c1cc,JNZ,1,0,1358,6,0x45c1ca,TEST,1,NonLeaf,eax(MOV) eax(MOV) ,rflags ,TEST,2,MOV,4,MOV,6,LEA,4,MOV,4,MOV,3,JMP,5,NOP,6,MOV,3,SHR,4,0,0,0,0,0,CALL,0,1,0,0,0,0,JMP,0,0,4571542,4572954,4571602,1,0,1,0,fortran,1.266292383682372e-11,0.0,0,0,0
0x45c184,JBE,1,1,18,2,0x45c163,CMP,1,NonLeaf,rdx(SUB) ,rflags ,MOV,4,MOV,4,MOV,3,MOV,4,MOV,4,MOV,8,MOV,8,XOR,2,CMP,7,SETNZ,3,0,1,1,0,0,JNE,0,0,1,0,0,0,MOV,0,0,4571482,4571542,4571526,0,0,1,1,fortran,1.266292383682372e-11,1.0,1,0,1
0x45c154,JBE,3,2,-329,6,0x45c151,CMP,1,NonLeaf,rdx(-1) rcx(LEA) ,rflags ,CMP,3,LEA,4,JNZ,6,CMP,3,MOV,4,SUB,3,ADD,3,MOV,3,CMP,7,MOV,3,0,0,0,0,0,JE,0,0,1,0,0,0,JBE,1,0,4571469,4571147,4571482,0,1,1,1,fortran,3.798877151047116e-11,0.6666666666666666,1,0,1
0x45c147,JNZ,4,1,-316,6,0x45c144,CMP,1,NonLeaf,rax(MOV) rbx(-1) ,rflags ,CMP,3,MOV,4,NOP,3,JMP,2,LEA,7,LEA,4,CMP,3,JBE,6,SUB,3,ADD,3,0,0,0,0,0,JE,0,0,1,0,0,0,JBE,0,0,4571456,4571147,4571469,0,0,1,0,fortran,5.065169534729488e-11,0.25,0,0,0
0x45c108,JNZ,1,0,-159,6,0x45c105,CMP,1,NonLeaf,rax(MOV) rsi(LEA) ,rflags ,CMP,3,MOV,4,LEA,5,SHL,3,SUB,4,MOV,4,MOV,4,MOV,3,JMP,5,NOP,2,0,0,0,0,0,JAE,0,0,0,0,0,0,JMP,0,0,4571367,4571241,4571406,0,0,0,1,fortran,1.266292383682372e-11,0.0,0,0,0
0x45c0db,JNBE,1,0,69,2,0x45c0d7,CMP,1,NonLeaf,rax(SHR) ,rflags ,CMP,4,SHR,4,MOV,3,NOP,6,JMP,5,LEA,3,LEA,7,CDQE,2,MOV,6,MOV,6,0,1,0,0,0,JA,0,0,1,0,0,0,LEA,0,0,4571344,4571424,4571357,0,1,0,0,fortran,1.266292383682372e-11,0.0,0,1,0
0x45c034,JNBE,1,1,156,6,0x45c030,CMP,1,NonLeaf,rax(SHR) ,rflags ,CMP,4,SHR,4,MOV,3,JBE,6,CMP,7,LEA,3,LEA,4,MOV,6,CDQE,2,MOV,3,0,1,0,0,0,JA,0,0,1,0,0,0,SAR,0,0,4571177,4571344,4571194,0,1,0,0,fortran,1.266292383682372e-11,1.0,1,1,1
0x45c023,JBE,11,10,-163,6,0x45c01c,CMP,1,NonLeaf,rdx(-1) ,rflags ,CMP,7,JZ,6,MOV,4,MOV,4,CMP,3,MOV,3,SHR,4,CMP,4,JNBE,6,LEA,3,0,1,0,0,0,MOV,0,0,1,0,0,0,JA,0,0,4571164,4571008,4571177,0,0,0,0,fortran,1.392921622050609e-10,0.9090909090909092,1,1,1
0x45c016,JZ,11,0,882,6,0x45c00b,CMP,1,NonLeaf,r14(-1) rdx(-1) ,rflags ,MOV,4,MOV,4,CMP,3,JZ,6,CMP,3,CMP,7,JBE,6,MOV,3,SHR,4,CMP,4,0,1,0,0,0,JE,1,0,1,0,0,0,JBE,0,0,4571147,4572040,4571164,0,0,1,0,fortran,1.392921622050609e-10,0.0,0,0,0
0x45c005,JZ,4,4,315,6,0x45c002,CMP,1,NonLeaf,r9(-1) r15(-1) ,rflags ,CMP,3,JNBE,2,CMP,7,AND,4,JNBE,6,CMP,3,MOV,4,MOV,4,JZ,6,CMP,7,0,1,0,0,0,JNE,0,0,0,0,0,0,JE,0,0,4571138,4571456,4571147,0,0,0,1,fortran,5.065169534729488e-11,1.0,1,1,1
0x45c000,JNBE,12,8,11,2,0x45bff9,CMP,1,NonLeaf,r14(-1) ,rflags ,CMP,7,AND,4,JNBE,6,CMP,7,JBE,6,CMP,3,JZ,6,CMP,3,MOV,4,MOV,4,0,1,0,0,0,JE,0,0,1,0,0,0,JE,0,0,4571125,4571147,4571138,0,0,1,0,fortran,1.5195508604188463e-10,0.6666666666666666,1,0,1
0x45bfef,JNBE,12,0,1666,6,0x45bfe8,CMP,1,NonLeaf,rdx(-1) rbp(-1) ,rflags ,CMP,7,JBE,6,CMP,4,MOV,4,MOV,4,AND,4,CMP,7,JNBE,2,CMP,3,JZ,6,0,0,0,0,0,JE,0,0,0,0,0,0,JA,0,0,4571112,4572785,4571125,0,1,0,0,fortran,1.5195508604188463e-10,0.0,0,0,0
0x45bfe2,JBE,12,0,1679,6,0x45bfde,CMP,1,NonLeaf,rdx(MOV) ,rflags ,CMP,4,MOV,4,MOV,4,JZ,6,CMP,3,CMP,7,JNBE,6,AND,4,CMP,7,JNBE,2,0,1,0,0,0,JE,0,0,1,0,0,0,JA,0,0,4571094,4572785,4571112,0,0,0,0,fortran,1.5195508604188463e-10,0.0,0,0,0
0x45bfd0,JZ,987,975,576,6,0x45bfcd,CMP,1,NonLeaf,rbx(MOV) r15(-1) ,rflags ,CMP,3,MOV,4,JZ,6,MOV,4,MOV,4,MOV,4,MOV,4,CMP,4,JBE,6,CMP,7,1,1,0,0,0,JA,1,0,1,0,0,0,JBE,0,0,4571081,4571664,4571094,0,0,0,0,fortran,1.2498305826945012e-08,0.9878419452887538,1,0,1
0x45bfc3,JZ,11,0,589,6,0x45bfaf,SUB,1,NonLeaf,r13d(SUB) ,r13d rflags ,MOV,4,MOV,4,MOV,4,MOV,4,SUB,4,MOV,4,CMP,3,JZ,6,MOV,4,MOV,4,0,0,0,0,0,JA,1,0,0,0,1,1,JE,0,0,4571044,4571664,4571081,0,0,0,0,fortran,1.392921622050609e-10,0.0,0,0,0
0x45bed2,JNZ,916,914,28,2,0x45bece,TEST,1,NonLeaf,rbp(-1) ,rflags ,TEST,4,ADD,4,JNBE,6,CMP,4,SHR,4,MOV,3,MOV,5,MOV,4,CALL_NEAR,5,MOV,5,0,0,1,0,0,SUB,0,0,1,0,0,0,CALL,0,1,4570830,4570862,4570836,0,0,1,1,fortran,1.1599238234530529e-08,0.9978165938864628,1,1,1
0x45bec4,JNBE,914,903,1572,6,0x45bec0,CMP,1,NonLeaf,r10(SHR) ,rflags ,CMP,4,SHR,4,MOV,3,JBE,6,CMP,4,ADD,4,TEST,4,JNZ,2,MOV,3,MOV,5,0,1,0,0,0,JBE,0,0,1,0,0,0,ADD,0,0,4570809,4572392,4570826,0,1,0,0,fortran,1.1573912386856881e-08,0.9879649890590808,1,1,1
0x45beb3,JBE,916,2,1563,6,0x45beaf,CMP,1,NonLeaf,r10(SHR) ,rflags ,CMP,4,SHR,4,MOV,3,NOP,7,RET_NEAR,1,MOV,3,SHR,4,CMP,4,JNBE,6,ADD,4,0,1,0,0,0,JMP,0,0,1,0,0,0,JA,0,0,4570792,4572366,4570809,1,0,0,0,fortran,1.1599238234530529e-08,0.0021834061135371,0,1,0
0x45be86,JNZ,9,0,3304,6,0x45be84,TEST,1,NonLeaf,eax(MOV) eax(MOV) ,rflags ,TEST,2,ADD,4,MOV,6,OR,5,JZ,2,MOV,3,ADD,7,POP,1,POP,1,POP,2,0,1,0,0,0,CALL,0,1,1,0,0,0,MOV,0,0,4570746,4574062,4570764,1,0,1,0,fortran,1.1396631453141347e-10,0.0,0,0,0
0x45be73,JZ,1,1,7,2,0x45be64,CMP,1,NonLeaf,rbp(-1) ,rflags ,MOV,4,MOV,4,CMP,7,OR,6,JNZ,6,OR,5,MOV,6,ADD,4,TEST,2,JNZ,6,0,0,1,0,0,JNE,0,0,0,0,0,0,OR,0,0,4570718,4570746,4570741,0,0,0,1,fortran,1.266292383682372e-11,1.0,1,1,1
0x45be58,JNZ,1,0,3340,6,0x45be54,CMP,1,NonLeaf,r13(-1) rdx(MOV) ,rflags ,CMP,4,MOV,4,JZ,6,TEST,3,JZ,6,OR,6,CMP,7,MOV,4,MOV,4,JZ,2,0,1,0,0,0,JMP,0,0,1,0,0,0,JE,0,0,4570704,4574052,4570718,0,0,0,1,fortran,1.266292383682372e-11,0.0,0,0,0
0x45be4a,JZ,1,0,2027,6,0x45be47,TEST,1,NonLeaf,r13(-1) r13(-1) ,rflags ,TEST,3,JZ,6,CMP,3,MOV,4,LEA,5,MOV,4,CMP,4,JNZ,6,OR,6,CMP,7,0,1,0,0,0,CALL,0,1,1,0,0,0,JNE,0,0,4570695,4572725,4570704,0,0,1,0,fortran,1.266292383682372e-11,0.0,0,0,0
0x45be41,JZ,61,60,173,6,0x45be3e,CMP,1,NonLeaf,r13(MOV) rax(LEA) ,rflags ,CMP,3,MOV,4,LEA,5,LEA,5,SHR,4,TEST,3,JZ,6,MOV,4,CMP,4,JNZ,6,0,0,0,0,0,SUB,0,0,1,0,0,0,JE,0,0,4570665,4570862,4570695,0,0,1,0,fortran,7.724383540462468e-10,0.9836065573770492,1,0,1
0x45be27,JNBE,977,916,129,2,0x45be20,CMP,1,NonLeaf,r14(-1) ,rflags ,CMP,7,JNZ,2,TEST,3,MOV,3,JZ,6,MOV,3,SHR,4,LEA,5,LEA,5,MOV,4,0,1,0,0,0,JBE,0,0,1,0,0,0,JE,0,0,4570656,4570792,4570665,0,0,0,0,fortran,1.2371676588576774e-08,0.9375639713408394,1,0,1
0x45bdca,JZ,28,28,86,2,0x45bdc7,TEST,1,NonLeaf,rcx(MOV) rcx(MOV) ,rflags ,TEST,3,LEA,4,LEA,4,MOV,5,MOV,3,MOV,4,MOV,3,CMP,9,JZ,2,CMPXCHG_LOCK,6,0,0,0,0,0,JA,0,0,1,0,0,0,JE,0,0,4570540,4570656,4570572,0,0,0,0,fortran,3.545618674310641e-10,1.0,1,0,1
0x45bdaa,JNBE,977,949,118,2,0x45bda3,CMP,1,NonLeaf,r14(-1) rip(JNBE) ,rflags ,CMP,7,JZ,6,TEST,3,CMOVNB,4,CMP,4,MOV,3,SHR,4,SUB,4,MOV,3,MOV,5,0,1,0,0,0,JA,0,0,1,0,0,0,JE,0,0,4570531,4570656,4570540,0,0,0,0,fortran,1.2371676588576774e-08,0.9713408393039918,1,0,1
0x45bd9d,JZ,977,0,3492,6,0x45bd9a,TEST,1,NonLeaf,rdi(-1) rdi(-1) ,rflags ,TEST,3,CMOVNB,4,CMP,4,SUB,7,PUSH,1,CMP,7,JNBE,2,MOV,3,SHR,4,SUB,4,0,1,0,0,0,CALL,0,1,1,0,0,0,JA,0,0,4570477,4574017,4570531,0,0,1,0,fortran,1.2371676588576774e-08,0.0,0,0,0
0x45bd67,JNBE,977,0,1904,6,0x45bd60,CMP,1,NonLeaf,rsi(-1) ,rflags ,MOV,3,CMP,4,INVALID,0,INVALID,0,INVALID,0,PUSH,2,LEA,4,PUSH,2,MOV,3,MOV,6,0,1,0,0,0,RET,0,0,1,0,0,0,JE,0,0,4570464,4572375,4570477,0,0,1,1,fortran,1.2371676588576774e-08,0.0,0,0,0
0x45bb3e,JZ,1,1,-1156,6,0x45bb2d,TEST,1,NonLeaf,r15(-1) r15(-1) ,rflags ,MOV,3,MOV,7,MOV,4,TEST,3,OR,4,SUB,4,AND,4,MOV,3,OR,4,CMP,4,0,0,1,0,0,JB,0,0,1,0,0,0,JA,0,0,4569881,4568762,4569924,0,1,0,1,fortran,1.266292383682372e-11,1.0,1,0,1
0x45bb08,JNZ,1,0,521,6,0x45bb05,TEST,1,NonLeaf,rdx(MOV) rdx(MOV) ,rflags ,TEST,3,MOV,7,JZ,6,TEST,3,CALL_NEAR,6,MOV,7,MOV,4,SUB,3,ADD,3,MOV,7,0,1,0,0,0,CALL,0,1,1,0,0,0,MOV,0,0,4569854,4570385,4569870,0,0,1,0,fortran,1.266292383682372e-11,0.0,0,0,0
0x45baf8,JZ,1,0,187,6,0x45baf5,TEST,1,NonLeaf,rax(-1) rax(-1) ,rflags ,TEST,3,CALL_NEAR,6,MOV,3,MOV,3,ADD,3,MOV,7,TEST,3,JNZ,6,MOV,7,MOV,4,0,0,0,0,0,CALL,0,1,1,0,0,0,JNE,0,0,4569845,4570035,4569854,0,0,1,0,fortran,1.266292383682372e-11,0.0,0,0,0
0x45babe,JZ,1,1,324,6,0x45babb,AND,1,NonLeaf,edx(AND) ,edx rflags ,AND,3,MOV,3,MOV,7,ADD,3,SUB,3,MOV,5,SUB,3,LEA,4,MOV,4,ADD,3,0,1,0,0,0,JMP,0,0,1,0,0,0,MOV,0,0,4569784,4570114,4569796,0,0,1,1,fortran,1.266292383682372e-11,1.0,1,1,1
0x45baa6,JZ,1,1,18,2,0x45baa4,TEST,1,NonLeaf,al(-1) al(-1) ,rflags ,TEST,2,JB,6,CMP,3,SETNZ,3,TEST,3,MOV,3,SUB,3,ADD,3,MOV,7,MOV,3,0,0,1,0,0,JE,0,0,1,0,0,0,MOV,0,0,4569764,4569784,4569768,0,0,0,1,fortran,1.266292383682372e-11,1.0,1,1,1
0x45ba9e,JB,1,0,367,6,0x45ba9b,CMP,1,NonLeaf,r8(-1) rcx(-1) ,rflags ,CMP,3,SETNZ,3,TEST,3,JNZ,6,TEST,7,TEST,2,JZ,2,MOV,3,SUB,3,ADD,3,0,1,0,0,0,JE,0,0,1,0,0,0,JE,0,0,4569749,4570125,4569764,0,0,0,0,fortran,1.266292383682372e-11,0.0,0,1,0
0x45ba8f,JNZ,1,0,273,6,0x45ba88,TEST,1,NonLeaf,rip(JNZ) ,rflags ,TEST,7,NOP,4,JMP,5,MOV,5,OR,4,TEST,3,SETNZ,3,CMP,3,JB,6,TEST,2,0,1,0,0,0,JE,0,0,1,0,0,0,JB,0,0,4569736,4570016,4569749,0,0,0,0,fortran,1.266292383682372e-11,0.0,0,1,0
0x45ba6a,JZ,400,0,30,2,0x45ba67,TEST,1,NonLeaf,sil(-1) sil(-1) ,rflags ,TEST,3,JNZ,2,MOV,7,CMP,3,LEA,4,ADD,3,MOV,7,OR,4,MOV,5,JMP,5,0,0,0,0,0,JNE,0,0,1,0,0,0,JMP,0,0,4569703,4569736,4569708,0,0,0,1,fortran,5.065169534729488e-09,0.0,0,0,0
0x45ba65,JNZ,401,1,35,2,0x45ba5b,CMP,1,NonLeaf,r8(-1) rcx(LEA) ,rflags ,MOV,7,CMP,3,LEA,4,ADD,7,MOV,3,TEST,3,JZ,2,ADD,3,MOV,7,OR,4,0,1,0,0,0,JNE,0,0,1,0,0,0,JE,0,0,4569677,4569736,4569703,0,0,0,0,fortran,5.077832458566312e-09,0.0024937655860349,0,0,0
0x45ba47,JZ,401,1,431,6,0x45ba3f,CMP,1,NonLeaf,rip(JZ) ,rflags ,CMP,8,XOR,2,MOV,5,JNZ,6,TEST,3,MOV,3,ADD,7,LEA,4,CMP,3,MOV,7,0,1,0,0,0,JMP,0,0,1,1,0,0,JNE,0,0,4569663,4570102,4569677,0,0,1,1,fortran,5.077832458566312e-09,0.0024937655860349,0,0,0
0x45ba32,JNZ,401,0,763,6,0x45ba2f,TEST,1,NonLeaf,rax(MOV) rax(MOV) ,rflags ,TEST,3,MOV,7,JZ,6,MOV,5,MOV,4,MOV,5,XOR,2,CMP,8,JZ,6,MOV,3,0,1,0,0,0,CALL,0,1,1,1,0,0,XOR,0,0,4569640,4570413,4569656,0,0,1,0,fortran,5.077832458566312e-09,0.0,0,0,0
0x45ba22,JZ,401,0,814,6,0x45ba16,TEST,1,NonLeaf,rax(-1) rax(-1) ,rflags ,MOV,5,MOV,4,TEST,3,NOP,1,MOV,3,MOV,7,TEST,3,JNZ,6,MOV,5,XOR,2,0,1,0,0,0,JMP,0,0,1,0,0,0,JNE,0,0,4569618,4570448,4569640,0,0,0,0,fortran,5.077832458566312e-09,0.0,0,0,0
0x45b9b2,JBE,34,1,-684,6,0x45b9a4,CMP,1,NonLeaf,r12(ADD) rip(JBE) ,rflags ,MOV,7,CMP,7,ADD,7,JNLE,6,MOV,6,MOV,7,JMP,5,NOP,4,MOV,7,MOV,7,0,0,1,0,0,ADD,0,0,1,0,0,0,JMP,0,0,4569501,4568838,4569528,0,0,0,1,fortran,4.3053941045200644e-10,0.0294117647058823,0,0,0
0x45b997,JNLE,34,29,505,6,0x45b98b,CMP,1,NonLeaf,edx(LEA) rip(JNLE) ,rflags ,MOV,6,CMP,6,LEA,3,MOV,4,OR,4,ADD,7,CMP,7,MOV,7,JBE,6,MOV,7,0,1,0,0,0,JMP,0,0,1,1,0,0,JBE,0,0,4569463,4570000,4569501,0,0,1,1,fortran,4.3053941045200644e-10,0.8529411764705882,1,0,1
0x45b971,JZ,34,0,-536,6,0x45b96d,CMP,1,NonLeaf,rax(-1) ,rflags ,CMP,4,CALL_NEAR,5,MOV,3,MOV,5,MOV,5,MOV,6,MOV,3,OR,4,MOV,4,LEA,3,0,0,0,0,0,JE,0,0,1,0,0,0,JG,0,0,4569453,4568921,4569463,0,0,0,1,fortran,4.3053941045200644e-10,0.0,0,0,0
0x45b881,JNLE,401,401,383,6,0x45b87b,TEST,1,NonLeaf,r14(AND) r14(AND) ,rflags ,MOV,3,TEST,3,AND,3,ADD,3,CMOVNZ,4,TEST,2,JZ,6,CMP,7,MOV,3,JNBE,2,0,1,0,0,0,CALL,0,1,1,0,0,0,JE,0,0,4569168,4569600,4569223,0,0,1,0,fortran,5.077832458566312e-09,1.0,1,0,1
0x45b753,JB,34,34,509,6,0x45b750,CMP,1,NonLeaf,rbp(-1) r12(AND) ,rflags ,CMP,3,AND,3,NOT,3,MOV,3,LEA,5,TEST,3,JZ,6,MOV,4,JMP,5,NOP,5,0,1,0,0,0,CALL,0,1,1,0,0,0,JE,0,0,4568898,4569424,4568921,0,0,1,0,fortran,4.3053941045200644e-10,1.0,1,0,1
0x45b73c,JNL,34,0,-295,6,0x45b736,CMP,1,NonLeaf,rip(JNL) eax(MOV) ,rflags ,CMP,6,MOV,6,NOP,7,JMP,2,MOV,7,LEA,5,MOV,3,NOT,3,AND,3,CMP,3,0,0,0,0,0,MOV,0,0,0,0,0,0,JB,0,0,4568880,4568597,4568898,0,0,1,0,fortran,4.3053941045200644e-10,0.0,0,0,0
0x45b6d2,JB,401,0,758,6,0x45b6cf,CMP,1,NonLeaf,rdx(AND) rcx(LEA) ,rflags ,CMP,3,AND,4,LEA,4,MOV,4,JB,2,SUB,3,XOR,2,CMP,7,SETNZ,3,LEA,4,0,1,0,0,0,JMP,0,0,1,0,0,0,MOV,0,0,4568771,4569544,4568792,0,1,1,1,fortran,5.077832458566312e-09,0.0,0,0,0
0x45b6c1,JB,401,11,95,2,0x45b6ba,CMP,1,NonLeaf,rbx(-1) rdx(-1) ,rflags ,CMP,7,MOV,5,MOV,7,OR,4,ADD,7,MOV,4,LEA,4,AND,4,CMP,3,JB,6,0,1,0,0,0,JMP,0,0,1,1,0,0,JB,0,0,4568762,4568864,4568771,0,0,1,0,fortran,5.077832458566312e-09,0.027431421446384,0,0,0
0x45b62d,JZ,401,401,547,6,0x45b626,CMP,1,NonLeaf,rbx(-1) ,rflags ,CMP,7,AND,4,MOV,5,MOV,4,MOV,4,MOV,3,MOV,3,SUB,3,AND,7,ADD,4,0,1,0,0,0,JG,0,0,1,0,0,0,JLE,0,0,4568601,4569168,4568627,0,0,0,0,fortran,5.077832458566312e-09,1.0,1,1,1
0x45b602,JZ,435,0,320,6,0x45b5fb,TEST,1,NonLeaf,rsi(-1) rsi(-1) ,rflags ,LEA,4,TEST,3,MOV,7,SUB,4,MOV,3,CMP,7,JBE,6,MOV,4,MOV,4,MOV,5,0,1,0,0,0,JB,0,0,1,0,0,0,JBE,0,0,4568544,4568898,4568584,0,0,0,0,fortran,5.508371869018318e-09,0.0,0,0,0
0x45b51a,JB,913,913,-1835,6,0x45b517,CMP,1,NonLeaf,r14(-1) rax(ADD) ,rflags ,CMP,3,ADD,3,AND,4,MOV,4,JMP,5,ADD,4,MOV,6,JMP,5,ADD,4,MOV,6,0,0,0,0,0,JE,0,0,1,0,0,0,JMP,0,0,4568332,4566511,4568352,0,0,0,0,fortran,1.1561249463020055e-08,1.0,1,1,1
0x45b406,JZ,1,0,127,2,0x45b401,CMP,1,NonLeaf,rax(-1) ,rflags ,CMP,5,JNZ,6,CMP,4,MOV,4,JNZ,6,MOV,4,MOV,4,MOV,4,MOV,4,JMP,5,0,1,0,0,0,JE,0,0,1,0,0,0,JMP,0,0,4568065,4568197,4568072,0,0,0,1,fortran,1.266292383682372e-11,0.0,0,0,0
0x45b3fb,JNZ,1,0,176,6,0x45b3f7,CMP,1,NonLeaf,rbx(-1) rcx(MOV) ,rflags ,CMP,4,MOV,4,JNZ,6,CMP,4,JMP,5,CMP,5,JZ,2,MOV,4,MOV,4,MOV,4,0,0,0,0,0,CALL,0,1,0,1,0,0,JE,0,0,4568051,4568235,4568065,0,0,1,0,fortran,1.266292383682372e-11,0.0,0,0,0
0x45b3ed,JNZ,1,0,190,6,0x45b3e9,CMP,1,NonLeaf,rbx(-1) rdx(-1) ,rflags ,CMP,4,JMP,5,MOV,6,ADD,4,JMP,5,MOV,4,CMP,4,JNZ,6,CMP,5,JZ,2,0,1,0,0,0,CALL,0,1,1,0,0,0,JNE,0,0,4568041,4568235,4568051,0,0,1,0,fortran,1.266292383682372e-11,0.0,0,0,0
0x45b046,JB,887,729,-295,6,0x45b03f,CMP,1,NonLeaf,rax(AND) rip(JB) ,rflags ,CMP,7,AND,4,MOV,4,MOV,7,RET_NEAR,1,MOV,7,MOV,5,MOV,5,CALL_NEAR,5,JMP,5,0,0,1,0,0,JNE,0,0,1,0,0,0,CALL,0,1,4567088,4566815,4567116,0,0,0,1,fortran,1.1232013443262641e-08,0.8218714768883878,1,1,1
0x45afd7,JNZ,6,0,489,6,0x45afd4,TEST,1,NonLeaf,rdx(MOV) rdx(MOV) ,rflags ,TEST,3,MOV,4,JBE,2,MOV,4,MOV,4,ADD,3,JMP,5,NOP,3,MOV,3,MOV,3,0,0,0,0,0,JNE,0,0,0,1,0,0,JMP,0,0,4566992,4567488,4567005,0,0,0,0,fortran,7.597754302094232e-11,0.0,0,0,0
0x45afce,JBE,7,1,15,2,0x45afbe,CMP,1,NonLeaf,r14(-1) ,rflags ,MOV,4,MOV,4,CMP,8,JNZ,6,CMP,4,MOV,4,TEST,3,JNZ,6,ADD,3,JMP,5,0,0,1,0,0,JMP,0,0,1,0,0,0,JNE,0,0,4566974,4567005,4566992,0,0,0,0,fortran,8.864046685776603e-11,0.1428571428571428,0,0,0
0x45afb8,JNZ,7,0,572,6,0x45afb4,CMP,1,NonLeaf,r14(-1) rdx(-1) ,rflags ,CMP,4,JNZ,6,CMP,4,MOV,4,MOV,4,CMP,8,MOV,4,MOV,4,JBE,2,MOV,4,0,0,0,0,0,JE,0,0,1,0,0,0,JBE,0,0,4566964,4567540,4566974,0,0,1,1,fortran,8.864046685776603e-11,0.0,0,0,0
0x45afae,JNZ,7,0,582,6,0x45afaa,CMP,1,NonLeaf,r14(-1) rax(MOV) ,rflags ,CMP,4,MOV,4,MOV,4,JNZ,6,CMP,4,CMP,4,JNZ,6,CMP,8,MOV,4,MOV,4,0,1,0,0,0,JE,0,0,1,0,0,0,JNE,0,0,4566946,4567540,4566964,0,0,1,0,fortran,8.864046685776603e-11,0.0,0,0,0
0x45af9c,JNZ,7,0,1051,6,0x45af98,CMP,1,NonLeaf,rax(AND) r14(-1) rax(AND) ,rflags ,CMP,4,AND,4,MOV,4,NOP,8,JMP,5,MOV,4,MOV,4,CMP,4,JNZ,6,CMP,4,0,1,0,0,0,CALL,0,1,1,1,0,0,JNE,0,0,4566928,4567991,4566946,0,0,1,0,fortran,8.864046685776603e-11,0.0,0,0,0
0x45af7a,JNZ,913,0,27753,6,0x45af76,CMPXCHG,1,NonLeaf,rbp(-1) esi(-1) eax(CMPXCHG) ,eax rflags ,CMPXCHG,4,JMP,2,JNZ,6,CMPXCHG_LOCK,5,JZ,2,MOV,3,JMP,5,NOP,8,MOV,4,AND,4,0,-1,-1,-1,-1,CALL,-1,1,0,1,0,0,JMP,0,0,4566902,4594659,4566912,0,0,1,0,fortran,1.1561249463020055e-08,0.0,0,0,0
0x45af67,JZ,913,913,15,2,0x45af60,CMP,1,NonLeaf,rip(JZ) ,rflags ,CMP,7,MOV,3,MOV,5,NOP,3,RET_NEAR,1,CMPXCHG_LOCK,5,JNZ,6,JMP,2,CMPXCHG,4,JNZ,6,0,1,0,0,0,JNE,0,0,1,0,0,0,JNE,0,0,4566872,4566902,4566889,0,0,1,0,fortran,1.1561249463020055e-08,1.0,1,1,1
0x45af40,JNZ,913,0,27783,6,0x45af3d,DEC,1,NonLeaf,rbp(-1) ,rflags ,DEC,3,JMP,2,JNZ,6,DEC_LOCK,4,JZ,2,ADD,4,POP,1,POP,1,POP,2,POP,2,0,-1,-1,-1,-1,CALL,-1,1,0,1,0,0,RET,0,0,4566845,4594631,4566854,0,0,1,0,fortran,1.1561249463020055e-08,0.0,0,0,0
0x45af2f,JZ,913,913,14,2,0x45af28,CMP,1,NonLeaf,rip(JZ) ,rflags ,CMP,7,JNZ,6,TEST,3,CALL_NEAR,5,AND,7,DEC_LOCK,4,JNZ,6,JMP,2,DEC,3,JNZ,6,0,1,0,0,0,JNE,0,0,1,0,0,0,JNE,0,0,4566824,4566845,4566833,0,0,1,0,fortran,1.1561249463020055e-08,1.0,1,1,1
0x45af22,JNZ,913,0,-373,6,0x45af1f,TEST,1,NonLeaf,r13d(-1) r13d(-1) ,rflags ,TEST,3,CALL_NEAR,5,AND,7,MOV,7,MOV,4,CMP,7,JZ,2,DEC_LOCK,4,JNZ,6,JMP,2,0,0,0,0,0,RET,0,0,1,0,0,0,JE,0,0,4566815,4566445,4566824,0,0,0,0,fortran,1.1561249463020055e-08,0.0,0,0,0
0x45af02,JZ,887,887,302,6,0x45aefb,CMP,1,NonLeaf,rbp(-1) ,rflags ,CMP,7,JZ,6,TEST,4,JBE,2,CMP,7,MOV,4,MOV,7,AND,7,CALL_NEAR,5,TEST,3,0,1,0,0,0,JB,0,0,1,0,0,0,CALL,0,1,4566779,4567088,4566792,0,0,0,1,fortran,1.1232013443262641e-08,1.0,1,1,1
0x45aef5,JZ,887,1,393,6,0x45aef1,TEST,1,NonLeaf,rbp(-1) ,rflags ,TEST,4,JBE,2,CMP,7,MOV,4,MOV,4,CMP,7,JZ,6,MOV,4,MOV,7,AND,7,0,1,0,0,0,CALL,0,1,1,1,0,0,JE,0,0,4566769,4567166,4566779,0,0,1,0,fortran,1.1232013443262641e-08,0.0011273957158962,0,0,0
0x45aeef,JBE,913,26,48,2,0x45aee8,CMP,1,NonLeaf,r12(-1) ,rflags ,CMP,7,MOV,4,MOV,4,OR,4,MOV,3,TEST,4,JZ,6,CMP,7,JZ,6,MOV,4,0,1,1,0,0,JNE,0,0,1,0,0,0,JE,0,0,4566760,4566815,4566769,0,0,0,0,fortran,1.1561249463020055e-08,0.0284775465498357,0,1,0
0x45aebf,JBE,26,10,18,2,0x45aeb0,CMP,1,NonLeaf,r12(-1) ,rflags ,MOV,4,MOV,4,CMP,7,JNZ,6,CMP,4,MOV,8,MOV,8,MOV,4,MOV,4,MOV,3,0,1,1,0,0,MOV,0,0,1,0,0,0,MOV,0,0,4566704,4566737,4566721,0,0,1,1,fortran,3.2923601975741667e-10,0.3846153846153846,0,1,0
0x45aeaa,JNZ,26,0,1328,6,0x45aea6,CMP,1,NonLeaf,rdx(LEA) rax(MOV) ,rflags ,CMP,4,LEA,4,MOV,4,AND,5,JZ,6,CMP,7,MOV,4,MOV,4,JBE,2,MOV,8,0,1,0,0,0,JMP,0,0,1,0,0,0,JBE,0,0,4566686,4568026,4566704,0,0,0,1,fortran,3.2923601975741667e-10,0.0,0,0,0
0x45ae93,JZ,26,7,253,6,0x45ae8d,TEST,1,NonLeaf,r14(-1) r15(-1) ,rflags ,TEST,6,JZ,6,CMP,4,JNZ,6,TEST,3,AND,5,MOV,4,LEA,4,CMP,4,JNZ,6,0,1,0,0,0,JNE,0,0,1,0,0,0,AND,0,0,4566669,4566928,4566681,0,0,0,1,fortran,3.2923601975741667e-10,0.2692307692307692,0,1,0
0x45ae87,JZ,913,887,480,6,0x45ae83,CMP,1,NonLeaf,rbp(-1) r14(-1) ,rflags ,CMP,4,JNZ,6,TEST,3,MOV,4,JBE,2,TEST,6,JZ,6,AND,5,MOV,4,LEA,4,0,1,0,0,0,JMP,0,0,1,0,0,0,JE,0,0,4566659,4567143,4566669,0,0,1,0,fortran,1.1561249463020055e-08,0.9715224534501644,1,0,1
0x45ae7d,JNZ,4,1,1388,6,0x45ae7a,TEST,1,NonLeaf,rdx(MOV) rdx(MOV) ,rflags ,TEST,3,MOV,4,JBE,2,MOV,4,MOV,4,CMP,4,JZ,6,TEST,6,JZ,6,AND,5,0,1,0,0,0,JNE,0,0,0,1,0,0,JE,0,0,4566646,4568041,4566659,0,0,0,0,fortran,5.065169534729488e-11,0.25,0,0,0
0x45ae74,JBE,6,2,15,2,0x45ae64,CMP,1,NonLeaf,rbx(-1) ,rflags ,MOV,4,MOV,4,CMP,8,JNZ,6,CMP,4,MOV,4,TEST,3,JNZ,6,CMP,4,JZ,6,0,0,1,0,0,JE,0,0,1,0,0,0,JNE,0,0,4566628,4566659,4566646,0,0,0,0,fortran,7.597754302094232e-11,0.3333333333333333,0,1,0
0x45ae5e,JNZ,6,0,1471,6,0x45ae5a,CMP,1,NonLeaf,rbx(-1) rdx(-1) ,rflags ,CMP,4,JNZ,6,CMP,4,MOV,4,MOV,4,CMP,8,MOV,4,MOV,4,JBE,2,MOV,4,0,0,0,0,0,JE,0,0,1,0,0,0,JBE,0,0,4566618,4568093,4566628,0,0,1,1,fortran,7.597754302094232e-11,0.0,0,0,0
0x45ae54,JNZ,6,0,1481,6,0x45ae50,CMP,1,NonLeaf,rbx(-1) rax(MOV) ,rflags ,CMP,4,MOV,4,MOV,4,JNZ,6,CMP,4,CMP,4,JNZ,6,CMP,8,MOV,4,MOV,4,0,1,0,0,0,JE,0,0,1,0,0,0,JNE,0,0,4566600,4568093,4566618,0,0,1,0,fortran,7.597754302094232e-11,0.0,0,0,0
0x45ae42,JNZ,6,0,1703,6,0x45ae3e,CMP,1,NonLeaf,rax(AND) rbx(SUB) rax(AND) ,rflags ,CMP,4,AND,4,MOV,4,ADD,3,SUB,3,MOV,4,MOV,4,CMP,4,JNZ,6,CMP,4,0,1,0,0,0,CALL,0,1,1,1,0,0,JNE,0,0,4566573,4568297,4566600,0,0,1,0,fortran,7.597754302094232e-11,0.0,0,0,0
0x45ae2b,JNZ,913,907,88,2,0x45ae27,TEST,1,NonLeaf,rbx(-1) ,rflags ,TEST,4,JNZ,6,TEST,2,MOV,6,JNB,6,MOV,3,SUB,3,ADD,3,MOV,4,AND,4,0,1,1,0,0,JE,0,0,1,0,0,0,JNE,0,0,4566567,4566659,4566573,0,1,0,0,fortran,1.1561249463020055e-08,0.9934282584884996,1,1,1
0x45ae21,JNZ,913,0,1350,6,0x45ae1f,TEST,1,NonLeaf,esi(MOV) esi(MOV) ,rflags ,TEST,2,MOV,6,JNB,6,CMP,7,JBE,6,TEST,4,JNZ,2,MOV,3,SUB,3,ADD,3,0,1,0,0,0,CALL,0,1,1,1,0,0,JNE,0,0,4566553,4567911,4566567,0,0,1,0,fortran,1.1561249463020055e-08,0.0,0,0,0
0x45ae13,JNB,913,0,1835,6,0x45ae0c,CMP,1,NonLeaf,r15(-1) rbp(-1) ,rflags ,CMP,7,JBE,6,CMP,4,AND,4,MOV,3,MOV,6,TEST,2,JNZ,6,TEST,4,JNZ,2,0,0,0,0,0,JMP,0,0,1,0,0,0,JNE,0,0,4566540,4568382,4566553,0,0,0,0,fortran,1.1561249463020055e-08,0.0,0,0,0
0x45ae06,JBE,913,0,1848,6,0x45ae02,CMP,1,NonLeaf,rax(-1) ,rflags ,CMP,4,AND,4,MOV,3,JZ,6,TEST,2,CMP,7,JNB,6,MOV,6,TEST,2,JNZ,6,0,1,0,0,0,JMP,0,0,1,0,0,0,JAE,0,0,4566523,4568382,4566540,0,0,0,0,fortran,1.1561249463020055e-08,0.0,0,0,0
0x45adf5,JZ,913,0,1850,6,0x45adf3,TEST,1,NonLeaf,al(MOV) ,rflags ,TEST,2,MOV,4,JZ,6,TEST,4,JZ,6,MOV,3,AND,4,CMP,4,JBE,6,CMP,7,0,1,0,0,0,JMP,0,0,1,0,0,0,JBE,0,0,4566511,4568367,4566523,0,0,0,0,fortran,1.1561249463020055e-08,0.0,0,0,0
0x45ade9,JZ,913,913,1827,6,0x45ade5,TEST,1,NonLeaf,rbp(-1) ,rflags ,TEST,4,JZ,6,CMP,3,LEA,4,MOV,4,MOV,4,TEST,2,JZ,6,MOV,3,AND,4,0,1,0,0,0,JB,0,0,1,0,0,0,JE,0,0,4566501,4568332,4566511,0,0,0,0,fortran,1.1561249463020055e-08,1.0,1,0,1
0x45addf,JZ,913,0,1460,6,0x45addc,CMP,1,NonLeaf,rbx(-1) rax(MOV) ,rflags ,CMP,3,LEA,4,MOV,4,JZ,6,TEST,3,TEST,4,JZ,6,MOV,4,TEST,2,JZ,6,0,1,0,0,0,JMP,0,0,1,0,0,0,JE,0,0,4566484,4567955,4566501,1,0,0,0,fortran,1.1561249463020055e-08,0.0,0,0,0
0x45adce,JZ,913,913,394,6,0x45adcb,TEST,1,NonLeaf,r13d(-1) r13d(-1) ,rflags ,TEST,3,XOR,3,JNZ,6,TEST,2,NOP,4,MOV,4,LEA,4,CMP,3,JZ,6,TEST,4,0,1,0,0,0,JE,0,0,1,1,0,0,JE,0,0,4566472,4566872,4566484,0,0,0,0,fortran,1.1561249463020055e-08,1.0,1,1,1
0x45adc2,JNZ,913,0,550,6,0x45adc0,TEST,1,NonLeaf,al(-1) ,rflags ,TEST,2,NOP,4,RET_NEAR,1,POP,2,POP,2,XOR,3,TEST,3,JZ,6,MOV,4,LEA,4,0,1,0,0,0,JNE,0,0,1,0,0,0,JE,0,0,4566464,4567016,4566472,0,0,0,0,fortran,1.1561249463020055e-08,0.0,0,0,0
0x45ada2,JZ,17,17,11,2,0x45ada0,TEST,1,NonLeaf,cl(-1) cl(-1) ,rflags ,TEST,2,JZ,2,TEST,3,JNZ,2,CMP,3,CMP,3,JNZ,6,ADD,4,POP,1,POP,1,0,0,0,0,0,RET,0,0,1,0,0,0,JNE,0,0,4566432,4566445,4566436,0,0,0,0,fortran,2.1526970522600322e-10,1.0,1,1,1
0x45ad9e,JZ,23,6,15,2,0x45ad9b,TEST,1,NonLeaf,r8(-1) r8(-1) ,rflags ,TEST,3,JNZ,2,CMP,3,CMPXCHG_LOCK,5,JZ,2,TEST,2,JZ,2,CMP,3,JNZ,6,ADD,4,0,0,0,0,0,RET,0,0,1,0,0,0,JE,0,0,4566427,4566445,4566432,0,0,0,0,fortran,2.912472482469456e-10,0.2608695652173913,0,0,0
0x45ad99,JNZ,23,0,-57,2,0x45ad96,CMP,1,NonLeaf,r8(-1) rax(-1) ,rflags ,CMP,3,CMPXCHG_LOCK,5,JZ,2,CMP,9,MOV,3,TEST,3,JZ,2,TEST,2,JZ,2,CMP,3,0,1,0,0,0,JE,0,0,1,0,0,0,JE,1,0,4566418,4566368,4566427,0,0,0,0,fortran,2.912472482469456e-10,0.0,0,0,0
0x45ad8f,JZ,23,23,3,2,0x45ad86,CMP,1,NonLeaf,fs(-1) ,rflags ,CMP,9,MOV,3,MOV,4,LEA,3,SHR,3,CMPXCHG_LOCK,5,CMP,3,JNZ,2,TEST,3,JZ,2,0,1,1,0,0,JNE,0,0,1,0,0,0,-1,0,-1,4566399,4566418,4566417,0,0,1,0,fortran,2.912472482469456e-10,1.0,1,1,1
0x45ad73,JZ,17,17,12,2,0x45ad71,TEST,1,NonLeaf,cl(-1) cl(-1) ,rflags ,TEST,2,JZ,2,TEST,3,MOV,3,JZ,6,MOV,4,SHR,3,LEA,3,MOV,4,MOV,3,0,0,1,0,0,JE,0,0,1,0,0,0,LEA,0,0,4566385,4566399,4566389,0,0,1,0,fortran,2.1526970522600322e-10,1.0,1,1,1
0x45ad6f,JZ,23,6,16,2,0x45ad6c,TEST,1,NonLeaf,r8(-1) r8(-1) ,rflags ,TEST,3,MOV,3,JZ,6,CMP,3,NOP,6,TEST,2,JZ,2,MOV,4,SHR,3,LEA,3,1,1,1,0,0,JE,0,0,1,0,0,0,JE,0,0,4566380,4566399,4566385,0,0,1,0,fortran,2.912472482469456e-10,0.2608695652173913,0,0,0
0x45ad47,JZ,23,0,836,6,0x45ad44,CMP,1,NonLeaf,rbx(-1) r8(MOV) ,rflags ,CMP,3,LEA,5,MOV,5,MOV,3,SUB,4,TEST,3,MOV,5,SETNZ,3,JMP,2,NOP,6,0,1,0,0,0,MOV,0,0,1,0,0,0,JMP,0,0,4566315,4567179,4566349,0,0,0,0,fortran,2.912472482469456e-10,0.0,0,0,0
0x45ad28,JZ,23,23,3,2,0x45ad1f,CMP,1,NonLeaf,fs(-1) ,rflags ,CMP,9,JNZ,6,TEST,2,LEA,4,MOV,6,AND_LOCK,5,SHR,4,SUB,4,MOV,3,MOV,5,0,1,1,0,0,JE,0,0,1,0,0,0,-1,0,-1,4566303,4566315,4566314,0,0,1,0,fortran,2.912472482469456e-10,1.0,1,1,1
0x45ad19,JNZ,23,0,1673,6,0x45ad17,TEST,1,NonLeaf,esi(MOV) esi(MOV) ,rflags ,TEST,2,LEA,4,MOV,6,JNB,6,CMP,7,CMP,9,JZ,2,AND_LOCK,5,SHR,4,SUB,4,0,1,0,0,0,CALL,0,1,1,1,0,0,JE,0,0,4566285,4567970,4566303,0,0,1,0,fortran,2.912472482469456e-10,0.0,0,0,0
0x45ad07,JNB,23,0,1478,6,0x45ad00,CMP,1,NonLeaf,rax(AND) rdi(-1) ,rflags ,CMP,7,AND,4,JBE,6,CMP,4,MOV,4,MOV,6,LEA,4,TEST,2,JNZ,6,CMP,9,0,0,0,0,0,JE,0,0,0,0,0,0,JNE,0,0,4566268,4567757,4566285,0,0,0,0,fortran,2.912472482469456e-10,0.0,0,0,0
0x45acf6,JBE,23,0,1495,6,0x45acf2,CMP,1,NonLeaf,rax(MOV) ,rflags ,CMP,4,MOV,4,LEA,4,JNBE,6,CMP,7,AND,4,CMP,7,JNB,6,MOV,6,LEA,4,0,1,0,0,0,JE,0,0,1,0,0,0,JAE,0,0,4566250,4567757,4566268,0,1,0,0,fortran,2.912472482469456e-10,0.0,0,0,0
0x45ace4,JNBE,936,913,220,6,0x45acdd,CMP,1,NonLeaf,r12(-1) rip(JNBE) ,rflags ,CMP,7,JNZ,6,TEST,2,JBE,6,CMP,4,LEA,4,MOV,4,CMP,4,JBE,6,AND,4,0,1,0,0,0,JNE,0,0,1,0,0,0,JBE,0,0,4566237,4566464,4566250,0,0,0,0,fortran,1.1852496711267004e-08,0.9754273504273504,1,0,1
0x45acd7,JNZ,936,0,1564,6,0x45acd5,TEST,1,NonLeaf,al(-1) ,rflags ,TEST,2,JBE,6,CMP,4,JNZ,6,TEST,4,CMP,7,JNBE,6,LEA,4,MOV,4,CMP,4,0,0,0,0,0,JMP,0,0,1,0,0,0,JA,0,0,4566229,4567795,4566237,0,0,0,0,fortran,1.1852496711267004e-08,0.0,0,0,0
0x45accf,JBE,936,0,1572,6,0x45accb,CMP,1,NonLeaf,r12(-1) ,rflags ,CMP,4,JNZ,6,TEST,4,JNBE,6,CMP,3,TEST,2,JNZ,6,CMP,7,JNBE,6,LEA,4,0,1,0,0,0,JMP,0,0,1,0,0,0,JNE,0,0,4566219,4567795,4566229,0,0,0,0,fortran,1.1852496711267004e-08,0.0,0,0,0
0x45acc5,JNZ,936,0,1564,6,0x45acc1,TEST,1,NonLeaf,sil(-1) ,rflags ,TEST,4,JNBE,6,CMP,3,NEG,3,MOV,3,CMP,4,JBE,6,TEST,2,JNZ,6,CMP,7,0,0,0,0,0,JMP,0,0,1,0,0,0,JBE,0,0,4566209,4567777,4566219,0,0,0,0,fortran,1.1852496711267004e-08,0.0,0,0,0
0x45acbb,JNBE,936,0,1574,6,0x45acb8,CMP,1,NonLeaf,rsi(-1) rdx(NEG) ,rflags ,CMP,3,NEG,3,MOV,3,AND,4,MOV,3,TEST,4,JNZ,6,CMP,4,JBE,6,TEST,2,0,1,0,0,0,JMP,0,0,1,0,0,0,JNE,0,0,4566160,4567777,4566209,0,0,0,0,fortran,1.1852496711267004e-08,0.0,0,0,0
0x45a45e,JZ,1,1,35,2,0x45a457,CMP,1,NonLeaf,r14(-1) ,rflags ,CMP,7,JNZ,2,CMP,6,ADD,4,MOV,4,MOV,4,OR,3,OR,3,MOV,4,MOV,4,0,1,0,0,0,JMP,0,0,1,0,0,0,OR,0,0,4564055,4564097,4564064,0,0,1,0,fortran,1.266292383682372e-11,1.0,1,0,1
0x45a455,JNZ,127,126,-21,2,0x45a44f,CMP,1,NonLeaf,edx(ADD) ,rflags ,CMP,6,ADD,4,MOV,4,MOV,4,ADD,3,CMP,7,JZ,2,MOV,4,OR,3,OR,3,1,1,1,1,1,JNE,0,0,1,1,0,0,JE,1,0,4564032,4564032,4564055,1,0,1,0,fortran,1.6081913272766122e-09,0.9921259842519684,1,1,1
0x45a41d,JNZ,20,18,-373,6,0x45a418,CMP,1,NonLeaf,rsp(-1) rax(LEA) ,rflags ,CMP,5,LEA,4,ADD,4,NOP,8,JNZ,6,ADD,4,POP,1,POP,1,POP,2,POP,2,0,0,0,1,1,JNE,0,0,1,1,0,0,RET,1,0,4563984,4563624,4564003,0,1,0,0,fortran,2.532584767364744e-10,0.9,1,1,1
0x45a3da,JZ,16,11,-282,6,0x45a3d4,TEST,1,NonLeaf,rbp(-1) r13(-1) ,rflags ,TEST,6,JZ,2,CMP,4,JNZ,6,TEST,3,AND,5,JMP,5,NOP,6,ADD,3,OR,4,0,1,0,0,0,JNE,0,0,1,0,0,0,JMP,0,0,4563924,4563648,4563936,0,0,0,1,fortran,2.0260678138917952e-10,0.6875,1,0,1
0x45a3d2,JZ,16,0,30,2,0x45a3ce,CMP,1,NonLeaf,r14(-1) rbp(-1) ,rflags ,CMP,4,JNZ,6,TEST,3,MOV,4,JBE,2,TEST,6,JZ,6,AND,5,JMP,5,NOP,6,0,1,0,0,0,JNE,0,0,1,0,0,0,JE,0,0,4563918,4563952,4563924,0,0,1,0,fortran,2.0260678138917952e-10,0.0,0,0,0
0x45a3c8,JNZ,4,0,844,6,0x45a3c5,TEST,1,NonLeaf,rdx(MOV) rdx(MOV) ,rflags ,TEST,3,MOV,4,JBE,2,MOV,4,MOV,4,CMP,4,JZ,2,TEST,6,JZ,6,AND,5,0,1,0,0,0,JNE,0,0,0,1,0,0,JE,0,0,4563905,4564756,4563918,0,0,0,0,fortran,5.065169534729488e-11,0.0,0,0,0
0x45a3bf,JBE,8,4,15,2,0x45a3af,CMP,1,NonLeaf,rbx(-1) ,rflags ,MOV,4,MOV,4,CMP,8,JNZ,6,CMP,4,MOV,4,TEST,3,JNZ,6,CMP,4,JZ,2,0,0,1,0,0,JE,0,0,1,0,0,0,JNE,0,0,4563887,4563918,4563905,0,0,0,0,fortran,1.0130339069458976e-10,0.5,0,1,0
0x45a3a9,JNZ,8,0,235,6,0x45a3a5,CMP,1,NonLeaf,rbx(-1) rdx(-1) ,rflags ,CMP,4,JNZ,6,CMP,4,MOV,4,MOV,4,CMP,8,MOV,4,MOV,4,JBE,2,MOV,4,0,0,0,0,0,JE,0,0,1,0,0,0,JBE,0,0,4563877,4564116,4563887,0,0,0,1,fortran,1.0130339069458976e-10,0.0,0,0,0
0x45a39f,JNZ,8,0,245,6,0x45a39b,CMP,1,NonLeaf,rbx(-1) rax(MOV) ,rflags ,CMP,4,MOV,4,MOV,4,JNZ,6,CMP,4,CMP,4,JNZ,6,CMP,8,MOV,4,MOV,4,0,1,0,0,0,JE,0,0,1,0,0,0,JNE,0,0,4563859,4564116,4563877,0,0,0,0,fortran,1.0130339069458976e-10,0.0,0,0,0
0x45a38d,JNZ,8,0,506,6,0x45a389,CMP,1,NonLeaf,rax(AND) rbx(SUB) rax(AND) ,rflags ,CMP,4,AND,4,MOV,4,ADD,3,SUB,3,MOV,4,MOV,4,CMP,4,JNZ,6,CMP,4,0,1,0,0,0,JE,0,0,1,0,0,0,JNE,0,0,4563832,4564359,4563859,0,0,0,0,fortran,1.0130339069458976e-10,0.0,0,0,0
0x45a376,JNZ,16,8,88,2,0x45a374,TEST,1,NonLeaf,al(MOV) ,rflags ,TEST,2,AND,4,MOV,4,LEA,4,AND,4,MOV,3,SUB,3,ADD,3,MOV,4,AND,4,1,1,0,0,0,JE,0,0,1,0,0,0,JNE,0,0,4563801,4563918,4563832,0,0,0,0,fortran,2.0260678138917952e-10,0.5,0,1,0
0x45a350,JZ,16,4,192,6,0x45a345,TEST,1,NonLeaf,r15(-1) r15(-1) ,rflags ,MOV,4,MOV,4,TEST,3,OR,4,MOV,4,MOV,3,MOV,4,MOV,4,MOV,3,AND,4,0,0,1,0,0,JNE,1,0,0,0,0,0,MOV,0,0,4563766,4563984,4563798,0,0,0,0,fortran,2.0260678138917952e-10,0.25,0,0,0
0x45a324,JBE,16,10,18,2,0x45a315,CMP,1,NonLeaf,r12(-1) ,rflags ,MOV,4,MOV,4,CMP,7,MOV,4,JNZ,6,MOV,8,MOV,8,MOV,3,MOV,4,MOV,4,0,1,1,0,0,JE,0,0,1,0,0,0,MOV,0,0,4563729,4563766,4563750,0,0,1,1,fortran,2.0260678138917952e-10,0.625,1,1,1
0x45a30b,JNZ,3,0,977,6,0x45a308,TEST,1,NonLeaf,rax(MOV) rax(MOV) ,rflags ,TEST,3,MOV,4,JBE,2,MOV,4,MOV,4,MOV,4,CMP,7,MOV,4,MOV,4,JBE,2,0,1,0,0,0,JNE,0,0,0,1,0,0,JBE,0,0,4563716,4564700,4563729,0,0,0,1,fortran,3.798877151047116e-11,0.0,0,0,0
0x45a302,JBE,11,8,15,2,0x45a2f2,CMP,1,NonLeaf,rbp(-1) ,rflags ,MOV,4,MOV,4,CMP,8,JNZ,6,CMP,4,MOV,4,TEST,3,JNZ,6,MOV,4,CMP,7,0,0,1,0,0,JBE,0,0,1,0,0,0,JNE,0,0,4563698,4563729,4563716,0,0,1,0,fortran,1.392921622050609e-10,0.7272727272727273,1,0,1
0x45a2ec,JNZ,11,0,550,6,0x45a2e8,CMP,1,NonLeaf,rbp(-1) rax(-1) ,rflags ,CMP,4,JNZ,6,CMP,4,MOV,4,MOV,4,CMP,8,MOV,4,MOV,4,JBE,2,MOV,4,0,0,0,0,0,JE,0,0,1,0,0,0,JBE,0,0,4563688,4564242,4563698,0,0,0,1,fortran,1.392921622050609e-10,0.0,0,0,0
0x45a2e2,JNZ,11,0,560,6,0x45a2de,CMP,1,NonLeaf,rbp(-1) r13(MOV) ,rflags ,CMP,4,MOV,4,MOV,4,JNZ,6,CMP,5,CMP,4,JNZ,6,CMP,8,MOV,4,MOV,4,0,1,0,0,0,JE,0,0,1,0,0,0,JNE,0,0,4563670,4564242,4563688,0,0,0,0,fortran,1.392921622050609e-10,0.0,0,0,0
0x45a2d0,JNZ,11,0,752,6,0x45a2cb,CMP,1,NonLeaf,rax(AND) rbp(-1) rax(AND) ,rflags ,CMP,5,AND,4,ADD,3,MOV,4,NOP,5,MOV,4,MOV,4,CMP,4,JNZ,6,CMP,4,0,0,0,0,0,JE,0,0,0,1,0,0,JNE,0,0,4563648,4564416,4563670,0,0,1,0,fortran,1.392921622050609e-10,0.0,0,0,0
0x45a2b0,JNZ,20,4,169,6,0x45a2ad,TEST,1,NonLeaf,rbx(XCHG) rbx(XCHG) ,rflags ,TEST,3,XCHG,3,XOR,2,NOP,5,SUB,5,JMP,5,NOP,5,MOV,4,ADD,3,AND,4,1,1,0,1,0,JNE,0,0,1,0,0,0,JMP,0,0,4563624,4563801,4563638,0,0,0,0,fortran,2.532584767364744e-10,0.2,0,0,0
0x45a269,JZ,3,1,457,6,0x45a261,CMP,1,NonLeaf,rip(JZ) ,rflags ,CMP,8,SUB,4,PUSH,1,PUSH,1,PUSH,2,CMP,9,JZ,2,OR_LOCK,5,LEA,4,MOV,9,0,1,0,0,0,NOP,0,0,1,0,0,0,JE,1,0,4563536,4564018,4563567,0,0,0,0,fortran,3.798877151047116e-11,0.3333333333333333,0,0,0
0x459431,JZ,158,0,-56,2,0x45942e,SUB,1,NonLeaf,r13(SUB) rax(-1) ,r13 rflags ,SUB,3,JZ,2,TEST,3,NOP,1,CALL_NEAR,6,MOV,4,SUB,3,SUB,4,OR,4,MOV,4,0,0,0,0,0,XOR,0,0,1,0,0,0,JMP,0,0,4559918,4559865,4559923,0,0,0,1,fortran,2.0007419662181478e-09,0.0,0,0,0
0x45942c,JZ,158,0,-51,2,0x459429,TEST,1,NonLeaf,rax(-1) rax(-1) ,rflags ,TEST,3,NOP,1,CALL_NEAR,6,XOR,2,JNZ,2,SUB,3,JZ,2,MOV,4,SUB,3,SUB,4,0,0,0,0,0,XOR,0,0,1,0,0,0,JE,0,0,4559912,4559865,4559918,0,0,0,0,fortran,2.0007419662181478e-09,0.0,0,0,0
0x45941e,JNZ,158,0,47,2,0x45941b,TEST,1,NonLeaf,rax(MOV) rax(MOV) ,rflags ,TEST,3,MOV,7,CALL_NEAR,6,NEG,3,MOV,3,XOR,2,CALL_NEAR,6,NOP,1,TEST,3,JZ,2,0,1,0,0,0,CALL,0,1,1,1,0,0,CALL,0,1,4559892,4559949,4559904,0,0,1,1,fortran,2.0007419662181478e-09,0.0,0,0,0
0x4593f7,JZ,158,158,17,2,0x4593f4,CMP,1,NonLeaf,rax(-1) rdx(ADD) ,rflags ,CMP,3,MOV,3,ADD,4,MOV,3,CALL_NEAR,6,XOR,2,POP,1,POP,1,POP,2,POP,2,0,1,0,0,0,CALL,0,1,0,0,0,0,XOR,0,0,4559850,4559880,4559865,0,0,1,0,fortran,2.0007419662181478e-09,1.0,1,0,1
0x4593da,JLE,158,0,31,2,0x4593d7,AND,1,NonLeaf,rcx(AND) rax(NEG) ,rcx rflags ,AND,3,SUB,3,NEG,3,LEA,4,AND,4,MOV,3,XOR,2,MOV,3,CALL_NEAR,6,MOV,3,0,1,0,0,0,XOR,0,0,1,0,0,0,CALL,0,1,4559792,4559865,4559836,0,0,0,1,fortran,2.0007419662181478e-09,0.0,0,1,0
0x4588f4,JZ,647,0,68,2,0x4588e5,TEST,1,NonLeaf,r13(-1) r13(-1) ,rflags ,MOV,4,MOV,4,MOV,4,TEST,3,CALL_NEAR,5,MOV,4,MOV,4,MOV,4,MOV,11,ADD,4,0,1,0,0,0,JMP,0,0,1,0,0,0,MOV,0,0,4557029,4557112,4557046,0,0,1,1,fortran,8.192911722424947e-09,0.0,0,0,0
0x4588c6,JNZ,647,647,90,2,0x4588c3,TEST,1,NonLeaf,rdx(-1) rdx(-1) ,rflags ,TEST,3,SUB,4,MOV,3,PUSH,1,MOV,3,XOR,2,MOV,3,CALL_NEAR,5,MOV,3,XOR,2,0,1,0,0,0,JMP,0,0,1,0,0,0,CALL,0,1,4556976,4557088,4557000,1,0,0,1,fortran,8.192911722424947e-09,1.0,1,0,1
0x457479,JS,647,647,103,2,0x457471,TEST,1,Leaf,edx(-1) edx(-1) ,rflags ,MOV,6,TEST,2,MOV,8,MOV,7,MOV,6,MOV,7,MOV,8,MOV,8,MOV,8,MOV,7,0,1,1,0,0,RET,0,0,1,0,0,0,MOV,0,0,4551793,4551904,4551803,0,0,1,1,fortran,8.192911722424947e-09,1.0,1,0,1
0x45745a,JZ,647,647,23,2,0x457407,TEST,1,Leaf,rax(MOV) rax(MOV) ,rflags ,MOV,8,MOV,8,MOV,8,MOV,8,MOV,8,MOV,6,MOV,7,MOV,8,TEST,2,MOV,6,0,1,1,0,0,JS,0,0,1,0,0,0,MOV,0,0,4551632,4551793,4551772,0,0,1,1,fortran,8.192911722424947e-09,1.0,1,0,1
0x456baf,JNZ,562,80,-15,2,0x456bac,CMP,1,NonLeaf,rax(ADD) r15(-1) ,rflags ,CMP,3,ADD,4,MOV,3,MOVZX,5,NOP,6,JMP,5,MOV,5,CALL_NEAR,5,MOV,5,JMP,5,1,1,1,1,1,JNE,0,0,1,1,0,0,JMP,0,0,4549536,4549536,4549553,1,0,1,0,fortran,7.11656319629493e-09,0.1423487544483986,0,1,0
0x456b60,JBE,562,482,-208,6,0x456b5c,CMP,1,NonLeaf,r15(CMOVBE) ,rflags ,CMP,4,CMOVBE,4,CMP,3,SUB,3,JNB,2,MOV,3,MOV,3,ADD,3,CALL_NEAR,5,MOV,5,0,1,0,0,0,JE,0,0,1,0,0,0,CALL,0,1,4549458,4549264,4549478,0,0,0,1,fortran,7.11656319629493e-09,0.8576512455516014,1,1,1
0x456b50,JNB,562,0,-71,2,0x456b4d,CMP,1,NonLeaf,rdi(MOV) r15(MOV) ,rflags ,CMP,3,MOV,5,MOV,5,MOV,3,SUB,4,SUB,3,CMP,3,CMOVBE,4,CMP,4,JBE,6,1,1,1,0,0,JE,0,0,1,0,0,0,JBE,0,0,4549443,4549385,4549458,0,1,0,0,fortran,7.11656319629493e-09,0.0,0,0,0
0x456b0c,JZ,562,562,116,2,0x456b09,TEST,1,NonLeaf,rbx(SUB) rbx(SUB) ,rflags ,TEST,3,SUB,3,MOV,5,ADD,3,ADD,3,MOV,8,MOV,3,SUB,7,CMP,3,JBE,6,0,1,1,0,0,SUB,1,0,1,0,0,0,JBE,0,0,4549385,4549504,4549390,0,0,0,0,fortran,7.11656319629493e-09,1.0,1,0,1
0x456ab5,JBE,482,482,227,6,0x456ab1,CMP,1,NonLeaf,r15(-1) ,rflags ,CMP,4,JZ,6,OR,2,SETNB,3,CMP,3,MOVDQU,5,CMP,4,MOVDQU,4,JZ,2,MOVZX,4,0,0,0,0,0,NOP,0,0,1,0,0,0,JE,0,0,4549297,4549528,4549307,0,0,0,1,fortran,6.103529289349033e-09,1.0,1,0,1
0x456aab,JZ,482,0,237,6,0x456aa9,OR,1,NonLeaf,dl(OR) al(SETNB) ,dl rflags ,OR,2,SETNB,3,CMP,3,SETNB,3,LEA,4,CMP,4,JBE,6,MOVDQU,5,CMP,4,MOVDQU,4,0,1,0,0,0,NOP,0,0,1,0,0,0,JBE,0,0,4549269,4549528,4549297,0,0,0,0,fortran,6.103529289349033e-09,0.0,0,0,0
0x456a93,JZ,482,0,115,2,0x456a90,TEST,1,NonLeaf,r15(-1) r15(-1) ,rflags ,TEST,3,NOP,9,JMP,5,SUB,7,MOV,3,LEA,4,CMP,3,LEA,4,SETNB,3,CMP,3,0,0,1,0,0,SUB,0,0,1,0,0,0,JE,0,0,4549264,4549382,4549269,0,0,0,0,fortran,6.103529289349033e-09,0.0,0,0,0
0x456a66,JZ,1856,1294,288,6,0x456a63,TEST,1,NonLeaf,rdx(-1) rdx(-1) ,rflags ,TEST,3,SUB,4,PUSH,1,PUSH,1,PUSH,2,MOV,6,MOV,3,MOV,3,MOV,3,SUB,7,0,1,1,0,0,RET,1,0,1,0,0,0,JMP,0,0,4549200,4549510,4549228,0,0,0,0,fortran,2.3502386641144826e-08,0.697198275862069,1,0,1
0x4568b5,JZ,647,647,6,2,0x4568b2,TEST,1,NonLeaf,rdi(MOV) rdi(MOV) ,rflags ,TEST,3,MOV,2,MOV,4,SUB,4,MOV,3,TEST,2,JZ,2,MOV,4,MOV,2,OR,3,0,1,1,0,0,RET,0,0,1,0,0,0,JE,0,0,4548768,4548795,4548791,0,0,1,0,fortran,8.192911722424947e-09,1.0,1,0,1
0x455da0,JNBE,3,0,-432,6,0x455d9c,CMP,1,NonLeaf,rbx(-1) rax(MOV) ,rflags ,CMP,4,MOV,4,NOP,7,RET_NEAR,1,POP,2,JMP,5,NOP,5,MOV,3,JMP,5,NOP,8,0,0,0,0,0,JBE,0,0,1,0,0,0,JMP,0,0,4545944,4545520,4545958,0,0,0,0,fortran,3.798877151047116e-11,0.0,0,0,0
0x455d79,JNZ,3,2,-209,6,0x455d76,TEST,1,NonLeaf,rbx(MOV) rbx(MOV) ,rflags ,TEST,3,MOV,4,MOV,10,NOP,4,JNZ,6,ADD,4,MOV,3,POP,1,POP,1,POP,2,0,0,0,1,1,JNE,0,0,0,1,0,0,RET,1,0,4545896,4545704,4545919,0,0,0,0,fortran,3.798877151047116e-11,0.6666666666666666,1,1,1
0x455cca,JZ,1,1,158,6,0x455cc8,TEST,1,NonLeaf,eax(MOV) eax(MOV) ,rflags ,TEST,2,MOV,6,JZ,6,CMP,3,AND,6,XOR,3,MOV,7,TEST,3,JZ,2,CMP,4,0,0,1,0,0,JNE,0,0,1,0,0,0,XOR,0,0,4545730,4545896,4545744,0,0,1,0,fortran,1.266292383682372e-11,1.0,1,0,1
0x455cbc,JZ,2,1,172,6,0x455cb9,CMP,1,NonLeaf,edx(AND) ,rflags ,CMP,3,AND,6,JNZ,6,TEST,3,MOV,2,MOV,6,TEST,2,JZ,6,XOR,3,MOV,7,0,0,1,0,0,JNE,0,0,1,0,0,0,JE,0,0,4545715,4545896,4545730,0,0,1,0,fortran,2.532584767364744e-11,0.5,0,0,0
0x455cad,JNZ,3,1,187,6,0x455caa,TEST,1,NonLeaf,dl(MOV) ,rflags ,TEST,3,MOV,2,NOP,3,MOV,9,SUB,7,AND,6,CMP,3,JZ,6,MOV,6,TEST,2,1,1,1,0,0,JNE,0,0,1,0,0,0,JE,0,0,4545704,4545896,4545715,0,1,1,0,fortran,3.798877151047116e-11,0.3333333333333333,0,0,0
0x455c89,JZ,1,0,246,6,0x455c86,TEST,1,NonLeaf,rbx(MOV) rbx(MOV) ,rflags ,TEST,3,MOV,7,JNZ,2,TEST,3,MOV,2,MOV,6,SUB,7,MOV,9,NOP,3,MOV,2,0,0,1,0,0,RET,0,0,1,0,0,0,NOP,0,0,4545663,4545919,4545679,0,0,0,0,fortran,1.266292383682372e-11,0.0,0,0,0
0x455c7d,JNZ,3,2,-60,2,0x455c7a,TEST,1,NonLeaf,rbx(MOV) rbx(MOV) ,rflags ,TEST,3,MOV,2,MOV,4,MOV,2,MOV,11,MOV,7,TEST,3,JZ,6,MOV,6,SUB,7,0,0,0,1,1,JLE,0,0,0,1,0,0,JE,1,0,4545652,4545601,4545663,0,0,1,0,fortran,3.798877151047116e-11,0.6666666666666666,1,1,1
0x455c50,JLE,3,3,328,6,0x455c4e,TEST,1,NonLeaf,edx(MOV) edx(MOV) ,rflags ,TEST,2,MOV,7,MOV,6,JZ,2,TEST,3,MOV,7,MOV,4,CMP,4,JNBE,2,MOV,11,1,1,0,0,0,JA,0,0,1,0,0,0,JA,0,0,4545601,4545944,4545622,0,0,0,0,fortran,3.798877151047116e-11,1.0,1,0,1
0x455bd1,JZ,1,0,430,6,0x455bce,TEST,1,NonLeaf,rbx(MOV) rbx(MOV) ,rflags ,TEST,3,MOV,6,MOV,7,SUB,4,PUSH,1,MOV,6,SUB,7,JMP,2,NOP,10,MOV,7,0,1,1,0,0,RET,0,0,1,0,0,0,JMP,0,0,4545456,4545919,4545495,0,0,0,0,fortran,1.266292383682372e-11,0.0,0,0,0
0x455854,JZ,182,182,63,2,0x455850,SUB,1,NonLeaf,rsi(SUB) rbx(-1) ,rsi rflags ,SUB,4,MOV,4,JNZ,6,TEST,2,SETNZ,3,MOV,7,MOV,5,SUB,6,MOV,3,SUB,7,0,1,0,0,0,RET,0,0,1,0,0,0,JBE,0,0,4544588,4544659,4544598,1,0,1,0,fortran,2.3046521383019164e-09,1.0,1,0,1
0x455814,JBE,182,182,56,2,0x455811,CMP,1,NonLeaf,rdx(MOV) rsi(MOV) ,rflags ,CMP,3,MOV,4,MOV,4,SUB,4,MOV,3,MOV,6,TEST,2,JLE,6,MOV,7,MOV,4,0,1,0,0,0,JE,0,0,1,0,0,0,JLE,0,0,4544512,4544588,4544534,0,0,0,0,fortran,2.3046521383019164e-09,1.0,1,1,1
0x452922,JZ,647,0,10,2,0x45291d,CMP,1,NonLeaf,rsp(-1) rbx(ADD) ,rflags ,CMP,5,ADD,7,CALL_NEAR,5,MOV,3,MOV,3,MOV,5,MOV,3,ADD,7,POP,1,POP,1,0,1,1,0,0,RET,0,0,1,0,0,0,MOV,0,0,4532502,4532524,4532516,1,0,0,1,fortran,8.192911722424947e-09,0.0,0,1,0
0x4528c4,JZ,647,0,124,2,0x4528b5,TEST,1,NonLeaf,rsi(-1) rsi(-1) ,rflags ,MOV,12,TEST,3,SUB,7,PUSH,1,PUSH,1,LEA,4,MOV,3,MOV,3,XOR,3,XOR,2,0,1,0,0,0,JMP,0,0,1,0,0,0,MOV,0,0,4532384,4532544,4532422,0,0,0,0,fortran,8.192911722424947e-09,0.0,0,0,0
0x48de95,JNBE,3,2,34,2,0x48de91,CMP,1,NonLeaf,dil(LEA) ,rflags ,CMP,4,LEA,3,SUB,3,LEA,4,MOVSX,4,NOP,9,LEA,3,ADD,4,LEA,4,MOVSX,3,0,1,1,0,0,JNE,0,0,1,0,0,0,NOP,0,0,4775555,4775607,4775575,0,0,0,0,fortran,3.798877151047116e-11,0.6666666666666666,1,0,1
0x45072d,JNZ,182,0,139,6,0x45072b,DEC,1,NonLeaf,rsi(-1) ,rflags ,DEC,2,JMP,2,JNZ,6,DEC_LOCK,3,JZ,2,NOP,5,ADD,4,MOV,2,POP,1,POP,1,0,-1,-1,-1,-1,CALL,-1,1,0,1,0,0,NOP,0,0,4523819,4523960,4523827,0,0,1,0,fortran,2.3046521383019164e-09,0.0,0,0,0
0x45071e,JZ,182,182,13,2,0x450717,CMP,1,NonLeaf,rip(JZ) ,rflags ,CMP,7,MOV,8,JNZ,2,SUB,4,MOV,7,DEC_LOCK,3,JNZ,6,JMP,2,DEC,2,JNZ,6,0,1,0,0,0,JNE,0,0,1,0,0,0,JNE,0,0,4523791,4523819,4523808,0,0,1,0,fortran,2.3046521383019164e-09,1.0,1,1,1
0x45070d,JNZ,182,0,43,2,0x450709,SUB,1,NonLeaf,rsi(MOV) ,rflags ,SUB,4,MOV,7,JNZ,2,TEST,6,NEG,2,MOV,8,CMP,7,JZ,2,DEC_LOCK,3,JNZ,6,0,0,1,0,0,RET,0,0,1,0,0,0,JE,0,0,4523778,4523832,4523791,0,0,0,1,fortran,2.3046521383019164e-09,0.0,0,0,0
0x450700,JNZ,182,0,56,2,0x4506fa,TEST,1,NonLeaf,rbx(-1) ,rflags ,TEST,6,NEG,2,SETNZ,3,TEST,2,XOR,2,MOV,7,SUB,4,JNZ,2,MOV,8,CMP,7,0,1,1,0,0,RET,0,0,1,0,0,0,JNE,0,0,4523761,4523832,4523778,0,0,0,1,fortran,2.3046521383019164e-09,0.0,0,0,0
0x4506e9,JBE,182,0,106,2,0x4506e6,CMP,1,NonLeaf,rax(SUB) rdx(SUB) ,rflags ,CMP,3,SUB,7,MOV,3,SUB,6,MOV,5,MOV,3,CALL_NEAR,3,XOR,2,TEST,2,SETNZ,3,0,1,0,0,0,CALL,0,1,1,1,0,0,CALL,0,1,4523722,4523859,4523755,0,0,1,1,fortran,2.3046521383019164e-09,0.0,0,0,0
0x4506ae,JNZ,182,0,239,6,0x4506ab,CMPXCHG,1,NonLeaf,rdx(-1) esi(-1) eax(CMPXCHG) ,eax rflags ,CMPXCHG,3,JMP,2,JNZ,6,CMPXCHG_LOCK,4,JZ,2,MOV,7,MOV,7,MOV,4,ADD,4,MOV,7,0,-1,-1,-1,-1,CALL,-1,1,0,1,0,0,MOV,0,0,4523691,4523933,4523700,0,0,1,1,fortran,2.3046521383019164e-09,0.0,0,0,0
0x45069d,JZ,182,182,14,2,0x450696,CMP,1,NonLeaf,rip(JZ) ,rflags ,CMP,7,MOV,5,JZ,2,CMP,4,MOV,9,CMPXCHG_LOCK,4,JNZ,6,JMP,2,CMPXCHG,3,JNZ,6,0,1,0,0,0,JNE,0,0,1,0,0,0,JNE,0,0,4523665,4523691,4523679,0,0,1,0,fortran,2.3046521383019164e-09,1.0,1,1,1
0x45068f,JZ,182,0,55,2,0x45068b,CMP,1,NonLeaf,r8(MOV) rdx(MOV) ,rflags ,CMP,4,MOV,9,MOV,7,JNZ,2,AND,5,MOV,5,CMP,7,JZ,2,CMPXCHG_LOCK,4,JNZ,6,0,1,1,0,0,ADD,0,0,1,0,0,0,JE,0,0,4523643,4523718,4523665,0,0,1,0,fortran,2.3046521383019164e-09,0.0,0,0,0
0x450679,JNZ,182,0,81,2,0x450674,AND,1,NonLeaf,eax(AND) ,eax rflags ,AND,5,MOV,2,JZ,6,TEST,3,SUB,4,MOV,7,MOV,9,CMP,4,JZ,2,MOV,5,0,1,1,0,0,JBE,0,0,1,0,0,0,JE,0,0,4523634,4523722,4523643,0,0,0,0,fortran,2.3046521383019164e-09,0.0,0,0,0
0x45066c,JZ,182,0,220,6,0x450669,TEST,1,NonLeaf,rdi(-1) rdi(-1) ,rflags ,TEST,3,SUB,4,MOV,3,PUSH,1,PUSH,1,MOV,2,AND,5,JNZ,2,MOV,7,MOV,9,0,1,0,0,0,JMP,0,0,1,0,0,0,JNE,0,0,4523616,4523848,4523634,0,0,0,0,fortran,2.3046521383019164e-09,0.0,0,0,0
0x48d174,JZ,1,1,1513,6,0x48d171,TEST,1,NonLeaf,rsi(MOV) rsi(MOV) ,rflags ,TEST,3,MOV,4,MOV,7,MOV,5,MOV,6,MOV,3,LEA,7,MOV,7,MOV,3,ADD,4,0,1,0,0,0,JMP,0,0,1,0,0,0,MOV,0,0,4772205,4773725,4772218,0,0,0,1,fortran,1.266292383682372e-11,1.0,1,0,1
0x44ff38,JZ,647,241,57,2,0x44ff27,TEST,1,NonLeaf,al(-1) al(-1) ,rflags ,MOV,5,MOV,5,MOV,5,TEST,2,SUB,7,MOVAPS,5,MOVAPS,5,MOVAPS,5,MOVAPS,8,MOVAPS,8,0,1,1,0,0,CALL,0,1,1,0,0,0,MOVAPS,0,0,4521760,4521841,4521786,0,0,1,1,fortran,8.192911722424947e-09,0.3724884080370942,0,0,0
0x44f020,JS,1639,0,-96,2,0x44f01c,ADD,1,Leaf,r11(ADD) ,r11 rflags ,ADD,4,MUL,3,ADC,3,MOV,3,MOV,5,MOV,4,ADD,3,ADC,3,MOV,5,ADD,3,0,1,0,0,0,MOV,0,0,1,1,0,0,ADD,0,0,4517913,4517824,4517922,0,0,1,1,fortran,2.075453216855408e-08,0.0,0,0,0
0x44ef46,JNZ,4739,0,10,2,0x44ef43,DEC,1,Leaf,r11(DEC) ,r11 rflags ,DEC,3,JNLE,2,JZ,2,CMP,3,JZ,2,MOV,3,JMP,5,LEA,5,LEA,5,NEG,3,0,1,0,0,0,JMP,0,0,1,0,0,0,JMP,0,0,4517699,4517712,4517704,1,0,0,1,fortran,6.00095960627076e-08,0.0,0,0,0
0x44ef41,JNLE,4775,36,68,2,0x44ef3c,CMP,0,Leaf,ebx(-1) ,rflags ,JZ,2,CMP,3,JZ,2,AND,3,ADC,4,DEC,3,JNZ,2,MOV,3,JMP,5,LEA,5,0,1,0,0,0,JMP,0,0,1,0,0,0,JNE,0,0,4517697,4517765,4517699,0,0,0,0,fortran,6.046546132083326e-08,0.0075392670157068,0,0,0
0x44ef3f,JZ,6378,1603,91,2,0x44ef3c,CMP,1,Leaf,ebx(-1) ,rflags ,CMP,3,JZ,2,AND,3,ADC,4,ADD,3,JNLE,2,DEC,3,JNZ,2,MOV,3,JMP,5,0,1,0,0,0,JMP,0,0,1,0,0,0,JG,0,0,4517692,4517786,4517697,0,0,0,0,fortran,8.076412823126168e-08,0.2513327061774851,0,0,0
0x44ef3a,JZ,6378,0,52,2,0x44ef37,AND,1,Leaf,ebx(AND) ,ebx rflags ,AND,3,ADC,4,ADD,3,MOV,3,MUL,3,CMP,3,JZ,2,JNLE,2,DEC,3,JNZ,2,0,1,0,0,0,JMP,0,0,1,0,0,0,JE,0,0,4517664,4517742,4517692,0,0,0,0,fortran,8.076412823126168e-08,0.0,0,0,0
0x48be9c,JZ,1,0,51,2,0x48be99,TEST,1,NonLeaf,rsi(-1) rsi(-1) ,rflags ,TEST,3,SUB,4,MOV,3,PUSH,1,PUSH,1,MOV,3,TEST,3,JZ,2,MOV,5,MOV,3,0,1,1,0,0,RET,0,0,1,0,0,0,JE,0,0,4767376,4767439,4767390,0,0,0,0,fortran,1.266292383682372e-11,0.0,0,0,0
0x44eb58,JLE,414,414,292,6,0x44eb44,CMP,1,Recursive,rbx(-1) ,rflags ,LEA,4,MOV,4,LEA,8,CMP,4,MOV,4,ADD,4,MOV,3,LEA,4,MOV,3,MOV,3,0,0,1,0,0,RET,0,0,1,0,0,0,JMP,0,0,4516676,4516988,4516702,0,1,0,0,fortran,5.2424504684450204e-09,1.0,1,0,1
0x44eb2d,JBE,414,0,355,6,0x44eb29,CMP,1,Recursive,rcx(MOV) ,rflags ,CMP,4,MOV,3,JZ,6,TEST,3,XOR,2,MOV,4,MOV,4,CALL_NEAR,5,MOV,4,CMP,4,0,1,0,0,0,JE,0,0,1,0,0,0,CALL,1,1,4516646,4517008,4516659,0,0,0,1,fortran,5.2424504684450204e-09,0.0,0,1,0
0x44eb20,JZ,414,0,348,6,0x44eb1d,TEST,1,Recursive,r8(-1) r8(-1) ,rflags ,TEST,3,XOR,2,JNLE,6,MOV,4,CMP,4,MOV,3,CMP,4,JBE,6,MOV,4,MOV,4,0,0,1,0,0,RET,1,0,1,0,0,0,JBE,0,0,4516635,4516988,4516646,0,0,0,0,fortran,5.2424504684450204e-09,0.0,0,0,0
0x44eb15,JNLE,414,0,179,6,0x44eb0d,CMP,1,Recursive,r8(-1) ,rflags ,MOV,4,CMP,4,SUB,4,MOV,3,PUSH,1,XOR,2,TEST,3,JZ,6,MOV,3,CMP,4,0,1,0,0,0,JMP,1,0,1,0,0,0,JE,1,0,4516592,4516808,4516635,0,0,0,0,fortran,5.2424504684450204e-09,0.0,0,0,0
0x44ea89,JB,36,36,67,2,0x44ea85,SUB,1,Leaf,rdx(SUB) ,rdx rflags ,SUB,4,LEA,4,MOV,4,SHRD,4,XOR,2,NOP,5,SHRD,4,MOV,4,MOV,3,SHRD,4,0,0,1,0,0,RET,0,0,1,0,0,0,NOP,0,0,4516464,4516556,4516491,0,0,1,0,fortran,4.558652581256539e-10,1.0,1,0,1
0x44ea49,JB,573,573,16,2,0x44ea45,SUB,1,Leaf,rdx(SUB) ,rdx rflags ,SUB,4,SHRD,4,XOR,2,MOV,4,MOV,3,MOV,4,LEA,4,LEA,4,JMP,2,SHRD,4,0,1,0,0,0,RET,0,0,1,0,0,0,JMP,0,0,4516408,4516441,4516427,0,0,1,0,fortran,7.255855358499991e-09,1.0,1,0,1
0x44ea36,JNZ,609,36,58,2,0x44ea2f,SHR,0,Leaf,r9(-1) cl(-1) ,r9 rflags ,RET_NEAR,1,MOV,3,SHR,3,JMP,2,LEA,4,MOV,3,MOV,4,XOR,2,SHRD,4,SUB,4,0,1,0,0,0,JB,0,0,1,0,0,0,JB,0,0,4516406,4516464,4516408,0,0,0,0,fortran,7.711720616625646e-09,0.0591133004926108,0,0,0
0x44ea0c,JNB,609,609,42,2,0x44ea09,CMP,1,Leaf,eax(-1) ,rflags ,CMP,3,JMP,5,SUB,4,LEA,4,LEA,4,MOV,3,XOR,2,SHRD,4,SUB,4,JB,2,0,1,0,0,0,JNE,0,0,1,0,0,0,JB,0,0,4516361,4516406,4516366,0,0,0,0,fortran,7.711720616625646e-09,1.0,1,0,1
0x44e9e5,JNZ,609,609,36,2,0x44e9e2,AND,1,Leaf,eax(AND) ,eax rflags ,AND,3,MOV,2,INVALID,0,INVALID,0,INVALID,0,MOV,3,MOV,4,XOR,2,SHRD,4,MOV,4,0,1,0,0,0,JAE,0,0,1,0,0,0,JMP,0,0,4516320,4516361,4516327,0,0,0,0,fortran,7.711720616625646e-09,1.0,1,1,1
0x44e93f,JB,58,58,16,2,0x44e93b,SUB,1,Leaf,rdx(SUB) ,rdx rflags ,SUB,4,SHLD,4,XOR,2,MOV,4,MOV,3,MOV,4,LEA,4,LEA,4,JMP,2,SHLD,4,0,1,0,0,0,RET,0,0,1,0,0,0,JMP,0,0,4516142,4516175,4516161,0,0,1,0,fortran,7.344495825357757e-10,1.0,1,1,1
0x44e92c,JNZ,58,0,52,2,0x44e925,SHL,0,Leaf,r9(-1) cl(-1) ,r9 rflags ,RET_NEAR,1,MOV,3,SHL,3,JMP,2,LEA,4,MOV,3,MOV,4,XOR,2,SHLD,4,SUB,4,0,1,0,0,0,JB,0,0,1,0,0,0,JB,0,0,4516140,4516192,4516142,0,0,0,0,fortran,7.344495825357757e-10,0.0,0,0,0
0x44e902,JNB,474,58,42,2,0x44e8ff,CMP,1,Leaf,eax(-1) ,rflags ,CMP,3,JMP,5,SUB,4,LEA,4,MOV,4,MOV,3,XOR,2,SHLD,4,SUB,4,JB,2,0,1,0,0,0,JNE,0,0,1,0,0,0,JB,0,0,4516095,4516140,4516100,0,0,0,0,fortran,6.002225898654443e-09,0.1223628691983122,0,0,0
0x44e8df,JNZ,474,474,32,2,0x44e8dc,AND,1,Leaf,eax(AND) ,eax rflags ,AND,3,MOV,2,LEA,5,LEA,5,INVALID,0,MOV,3,MOV,4,XOR,2,SHLD,4,MOV,4,0,1,0,0,0,JAE,0,0,1,0,0,0,JMP,0,0,4516048,4516095,4516065,0,0,0,0,fortran,6.002225898654443e-09,1.0,1,1,1
0x44e8b5,JZ,117,3,-21,2,0x44e8b2,CMP,1,Leaf,rax(MOV) rcx(MOV) ,rflags ,CMP,3,MOV,4,MOV,4,JZ,2,CMP,4,CMP,3,SBB,2,AND,3,SUB,3,RET_NEAR,1,1,1,0,0,0,JE,0,0,1,0,0,0,RET,1,0,4516010,4516000,4516023,0,1,0,0,fortran,1.4815620889083751e-09,0.0256410256410256,0,0,0
0x44e8a8,JZ,3,1,32,2,0x44e8a4,CMP,1,Leaf,rdx(SUB) ,rflags ,CMP,4,SUB,4,NOP,8,JMP,2,JNS,2,MOV,4,MOV,4,CMP,3,JZ,2,CMP,3,0,0,0,0,0,RET,1,0,0,0,1,1,JE,0,0,4516000,4516040,4516010,0,0,0,0,fortran,3.798877151047116e-11,0.3333333333333333,0,0,0
0x44e894,JNS,115,115,22,2,0x44e890,SUB,1,Leaf,rdx(SUB) ,rdx rflags ,SUB,4,INVALID,0,INVALID,0,INVALID,0,INVALID,0,JMP,2,NOP,8,SUB,4,CMP,4,JZ,2,0,1,0,1,0,JE,0,0,1,0,0,0,JMP,0,0,4515984,4516010,4515990,0,0,0,0,fortran,1.4562362412347279e-09,1.0,1,1,1
0x44bc22,JZ,7,2,21,2,0x44bc20,CMP,1,NonLeaf,al(-1) ,rflags ,CMP,2,NOP,6,JMP,5,MOV,5,MOVZX,4,CMP,4,MOV,3,SETZ,3,SUB,3,TEST,2,0,1,1,0,0,JMP,0,0,1,0,0,0,CMOVNE,0,0,4504608,4504631,4504612,0,0,0,0,fortran,8.864046685776603e-11,0.2857142857142857,0,0,0
0x44bc0a,JBE,12,7,22,2,0x44bc07,CMP,1,NonLeaf,cl(LEA) ,rflags ,CMP,3,LEA,4,LEA,3,NOP,5,SUB,3,MOVZX,4,MOV,5,JMP,5,NOP,6,CMP,2,1,1,0,0,0,JE,0,0,1,1,0,0,JMP,1,0,4504576,4504608,4504588,0,0,0,1,fortran,1.5195508604188463e-10,0.5833333333333334,1,1,1
0x44bb0d,JLE,2,2,14,2,0x44bb0a,TEST,1,NonLeaf,rbp(SUB) rbp(SUB) ,rflags ,TEST,3,SUB,5,CALL_NEAR,5,LEA,4,SUB,3,MOV,12,MOV,4,MOV,5,MOVSXD,3,XOR,3,0,0,1,0,0,CALL,0,1,0,0,0,0,MOV,0,0,4504325,4504347,4504335,0,0,1,1,fortran,2.532584767364744e-11,1.0,1,0,1
0x44bacc,JNLE,2,0,775,6,0x44bac8,CMP,1,NonLeaf,rdx(-1) ,rflags ,CMP,4,JZ,6,CMP,4,MOVSXD,3,SUB,2,MOV,5,MOV,5,MOV,5,SUB,2,LEA,8,0,1,0,0,0,CALL,0,1,1,0,0,0,CALL,0,1,4504264,4505043,4504274,0,0,1,1,fortran,2.532584767364744e-11,0.0,0,0,0
0x44bac2,JZ,2,0,1064,6,0x44babe,CMP,1,NonLeaf,rdx(MOVSXD) ,rflags ,CMP,4,MOVSXD,3,SUB,2,AND,3,LEA,3,CMP,4,JNLE,6,MOV,5,MOV,5,MOV,5,0,1,0,0,0,CALL,0,1,1,0,0,0,JG,0,0,4504232,4505322,4504264,0,0,1,0,fortran,2.532584767364744e-11,0.0,0,0,0
0x44baa2,JNZ,2,0,415,6,0x44ba9f,CMP,1,NonLeaf,r13(-1) r14(-1) ,rflags ,CMP,3,JMP,5,MOV,7,XOR,3,MOV,8,LEA,3,MOV,2,SAR,3,SHR,3,LEA,3,0,1,0,0,0,CALL,0,1,1,0,0,0,JE,1,0,4504223,4504641,4504232,0,0,1,0,fortran,2.532584767364744e-11,0.0,0,0,0
0x44b927,JLE,4,0,2118,6,0x44b924,CMP,1,NonLeaf,ebx(SUB) ,rflags ,CMP,3,MOV,8,SUB,3,MOV,3,SUB,3,MOV,5,MOV,3,LEA,4,SUB,3,MOV,3,0,1,0,0,0,JMP,0,0,1,0,0,0,MOV,1,0,4503805,4505965,4503853,0,0,0,1,fortran,5.065169534729488e-11,0.0,0,1,0
0x44b8f7,JZ,4,0,142,6,0x44b8f4,TEST,1,NonLeaf,rax(-1) rax(-1) ,rflags ,TEST,3,JNZ,6,MOV,3,TEST,2,DIV,3,BSR,4,MOV,8,XOR,4,MOVSXD,3,MOV,3,0,1,0,0,0,XOR,0,0,1,0,0,0,JLE,0,0,4503796,4503941,4503805,0,0,1,1,fortran,5.065169534729488e-11,0.0,0,0,0
0x44b8ee,JNZ,4,0,130,6,0x44b8e9,TEST,1,NonLeaf,esi(MOV) esi(MOV) ,rflags ,MOV,3,TEST,2,DIV,3,MOV,3,MOV,3,TEST,3,JZ,6,BSR,4,MOV,8,XOR,4,1,1,0,0,0,JGE,0,0,1,0,0,0,JE,0,0,4503776,4503920,4503796,0,0,0,0,fortran,5.065169534729488e-11,0.0,0,0,0
0x44b800,JNLE,2,0,2304,6,0x44b7f6,CMP,1,NonLeaf,esi(SUB) ,rflags ,MOV,4,CMP,6,SUB,2,XOR,4,BSR,9,CMP,3,JLE,6,LEA,3,MOV,2,AND,3,0,0,0,0,0,JE,1,0,1,0,0,0,JLE,0,0,4503517,4505856,4503558,0,0,1,0,fortran,2.532584767364744e-11,0.0,0,0,0
0x44b6d9,JLE,2,2,260,6,0x44b6d6,TEST,1,NonLeaf,rax(MOV) rax(MOV) ,rflags ,TEST,3,MOV,5,MOV,8,MOV,3,CALL_NEAR,5,MOV,5,LEA,8,MOV,5,MOV,5,MOV,6,0,1,1,0,0,JG,0,0,1,0,0,0,JMP,0,0,4503238,4503517,4503263,1,0,1,1,fortran,2.532584767364744e-11,1.0,1,0,1
0x44b65c,JZ,3,0,-12,2,0x44b658,CMP,1,NonLeaf,r13b(MOVSX) ,rflags ,CMP,4,MOVSX,4,ADD,4,NOP,10,MOV,3,MOV,3,JMP,5,MOV,3,MOV,3,XOR,2,1,1,1,1,1,JE,0,0,1,1,0,0,JMP,1,0,4503120,4503120,4503134,0,0,0,0,fortran,3.798877151047116e-11,0.0,0,1,0
0x44af77,JZ,1,0,-1652,6,0x44af73,CMP,1,NonLeaf,r9d(-1) ,rflags ,CMP,4,JNZ,6,MOV,3,CMP,3,MOV,3,JMP,5,LEA,4,MOVSX,4,MOV,8,JMP,5,0,0,0,0,0,JBE,1,0,1,0,0,0,JMP,0,0,4501363,4499715,4501373,0,0,0,0,fortran,1.266292383682372e-11,0.0,0,0,0
0x44af6d,JNZ,6,5,-1642,6,0x44af67,CMP,1,NonLeaf,dl(-1) ,rflags ,MOV,3,CMP,3,MOV,3,MOV,4,NOP,2,CMP,4,JZ,6,JMP,5,LEA,4,MOVSX,4,0,0,0,0,0,JBE,1,0,1,0,0,0,JE,0,0,4501351,4499715,4501363,0,0,0,0,fortran,7.597754302094232e-11,0.8333333333333334,1,0,1
0x44ae43,JZ,1,1,33,2,0x44ae40,TEST,1,NonLeaf,sil(-1) sil(-1) ,rflags ,TEST,3,JNZ,2,CMP,2,ADD,4,NOP,5,CMP,4,JNZ,2,XOR,2,JMP,2,NOP,1,0,1,1,0,0,JMP,1,0,1,0,0,0,JNE,0,0,4501056,4501092,4501061,0,0,1,0,fortran,1.266292383682372e-11,1.0,1,0,1
0x44ae3e,JNZ,1,0,-6,2,0x44ae3c,CMP,1,NonLeaf,rbx(-1) cl(-1) ,rflags ,CMP,2,ADD,4,NOP,5,JMP,2,MOVZX,6,TEST,3,JZ,2,CMP,4,JNZ,2,XOR,2,1,1,0,0,0,ADD,0,0,1,1,0,0,JE,0,0,4501052,4501048,4501056,1,0,0,0,fortran,1.266292383682372e-11,0.0,0,1,0
0x44adff,JNZ,3,0,4981,6,0x44adf1,CMP,1,NonLeaf,rsp(-1) ,rflags ,MOV,5,SETZ,3,CMP,6,XOR,2,JZ,6,MOV,3,MOV,6,JMP,5,NOP,5,TEST,3,0,1,0,0,0,JMP,1,0,1,0,0,0,JMP,0,0,4500975,4505972,4500997,0,0,0,0,fortran,3.798877151047116e-11,0.0,0,0,0
0x44ade9,JZ,3,0,2093,6,0x44ade5,CMP,1,NonLeaf,rdx(-1) rax(MOVSX) ,rflags ,CMP,4,MOVSX,5,NOP,2,JMP,5,MOVSX,5,XOR,2,CMP,6,SETZ,3,MOV,5,JNZ,6,0,1,0,0,0,JNE,0,0,1,0,0,0,JNE,0,0,4500960,4503062,4500975,0,0,1,1,fortran,3.798877151047116e-11,0.0,0,0,0
0x44ad62,JNS,2,2,-1058,6,0x44ad59,CMP,1,NonLeaf,rsp(-1) ,rflags ,CMP,9,JMP,5,CALL_NEAR,5,MOV,3,MOVSXD,3,CMP,5,LEA,4,JZ,6,MOV,4,JMP,2,0,0,1,0,0,JE,0,0,1,0,0,0,JE,0,0,4500825,4499776,4500840,0,0,0,0,fortran,2.532584767364744e-11,1.0,1,0,1
0x44abc2,JZ,4,4,3322,6,0x44abb6,CMP,1,NonLeaf,r12(-1) ,rflags ,MOV,8,CMP,4,MOV,5,JNZ,6,TEST,3,CMP,4,JNZ,6,CMP,6,MOV,8,MOV,8,0,1,0,0,0,NOP,1,0,1,0,0,0,JNE,0,0,4500401,4503740,4500424,0,0,0,0,fortran,5.065169534729488e-11,1.0,1,0,1
0x44abab,JNZ,4,0,2283,6,0x44aba8,TEST,1,NonLeaf,rax(-1) rax(-1) ,rflags ,TEST,3,CALL_NEAR,5,MOV,3,MOV,3,MOV,2,MOV,5,CMP,4,MOV,8,JZ,6,CMP,4,0,1,0,0,0,JMP,0,0,0,1,0,0,JE,0,0,4500392,4502678,4500401,0,0,1,1,fortran,5.065169534729488e-11,0.0,0,0,0
0x44ab82,JLE,4,0,47,2,0x44ab80,TEST,1,NonLeaf,ebp(XOR) ebp(XOR) ,rflags ,TEST,2,XOR,4,BSR,9,CALL_NEAR,5,MOV,3,MOV,5,MOV,2,MOV,3,MOV,3,CALL_NEAR,5,0,1,1,0,0,JE,0,0,1,0,0,0,CALL,0,1,4500339,4500401,4500356,0,0,1,1,fortran,5.065169534729488e-11,0.0,0,0,0
0x44ab3c,JZ,4,0,4497,6,0x44ab32,CMP,1,NonLeaf,r13(-1) rsp(-1) ,rflags ,MOV,5,CMP,5,JNZ,2,MOV,3,MOV,3,MOV,5,MOV,5,MOV,3,MOV,5,MOV,5,0,1,0,0,0,CALL,0,1,1,1,0,0,CALL,0,1,4500274,4504781,4500290,1,1,1,1,fortran,5.065169534729488e-11,0.0,0,0,0
0x44aae9,JZ,4,4,-57,2,0x44aae2,TEST,1,NonLeaf,r12(-1) r12(-1) ,rflags ,MOV,4,TEST,3,XOR,3,JZ,2,TEST,3,LEA,4,MOV,3,MOV,3,MOV,3,MOV,3,0,1,0,0,0,CALL,0,1,1,0,0,0,CALL,0,1,4500191,4500144,4500203,0,0,1,1,fortran,5.065169534729488e-11,1.0,1,0,1
0x44aadd,JZ,6,2,-14,2,0x44aada,TEST,1,NonLeaf,r14d(-1) ebp(-1) ,rflags ,TEST,3,JZ,2,TEST,3,ADD,4,ADD,2,XOR,3,TEST,3,MOV,4,JZ,2,LEA,4,1,1,0,0,0,JE,0,0,1,0,0,0,JE,0,0,4500186,4500175,4500191,1,1,0,0,fortran,7.597754302094232e-11,0.3333333333333333,0,0,0
0x44aad8,JZ,6,4,90,2,0x44aad5,TEST,1,NonLeaf,r14d(-1) r14d(-1) ,rflags ,TEST,3,ADD,4,ADD,2,CALL_NEAR,5,LEA,8,TEST,3,JZ,2,XOR,3,TEST,3,MOV,4,0,0,1,0,0,JE,1,0,0,0,1,1,JE,0,0,4500175,4500274,4500186,0,0,0,0,fortran,7.597754302094232e-11,0.6666666666666666,1,0,1
0x44aa4a,JLE,4,0,10,2,0x44aa44,CMP,1,NonLeaf,rax(CDQE) rdx(MOV) ,rflags ,MOV,3,CMP,3,SUB,3,CDQE,2,MOV,3,MOV,3,SUB,3,CDQE,2,ADD,3,MOV,5,0,1,1,0,0,JLE,0,0,1,0,0,0,CDQE,0,0,4500028,4500052,4500044,1,0,1,0,fortran,5.065169534729488e-11,0.0,0,0,0
0x44a9b6,JNZ,6,2,3274,6,0x44a9b3,TEST,1,NonLeaf,r14(-1) r14(-1) ,rflags ,TEST,3,JL,6,CMP,6,JNLE,6,CMP,3,MOV,3,LEA,8,MOV,9,MOV,8,MOV,5,0,1,0,0,0,CALL,0,1,1,0,0,0,MOV,1,0,4499891,4503168,4499900,0,0,1,1,fortran,7.597754302094232e-11,0.3333333333333333,0,0,0
0x44a9ad,JL,6,0,5926,6,0x44a9a7,CMP,1,NonLeaf,rax(-1) ,rflags ,CMP,6,JNLE,6,CMP,3,MOV,8,SUB,3,TEST,3,JNZ,6,MOV,3,LEA,8,MOV,9,0,1,0,0,0,JE,1,0,1,0,0,0,JNE,0,0,4499879,4505811,4499891,0,0,1,0,fortran,7.597754302094232e-11,0.0,0,0,0
0x44a9a1,JNLE,6,0,5983,6,0x44a99e,CMP,1,NonLeaf,rax(SUB) rdx(SUB) ,rflags ,CMP,3,MOV,8,SUB,3,MOV,5,SUB,3,CMP,6,JL,6,TEST,3,JNZ,6,MOV,3,0,1,0,0,0,JE,1,0,1,0,0,0,JL,0,0,4499848,4505856,4499879,0,0,1,0,fortran,7.597754302094232e-11,0.0,0,0,0
0x44a975,JS,6,1,3893,6,0x44a972,TEST,1,NonLeaf,rax(-1) rax(-1) ,rflags ,TEST,3,JZ,6,CMP,4,NOP,5,MOV,8,MOV,3,SUB,3,CMP,3,CMOVNLE,4,ADD,3,0,1,0,0,0,JMP,0,0,1,0,0,0,CMOVG,0,0,4499826,4503722,4499835,0,0,0,0,fortran,7.597754302094232e-11,0.1666666666666666,0,0,0
0x44a96c,JZ,6,0,1600,6,0x44a968,CMP,1,NonLeaf,r9d(-1) ,rflags ,CMP,4,NOP,5,MOV,8,JNZ,6,TEST,3,TEST,3,JS,6,MOV,3,SUB,3,CMP,3,0,1,0,0,0,JNE,1,0,1,0,0,0,JS,1,0,4499816,4501420,4499826,0,0,0,0,fortran,7.597754302094232e-11,0.0,0,1,0
0x44a955,JNZ,6,1,1233,6,0x44a952,TEST,1,NonLeaf,rdi(-1) rdi(-1) ,rflags ,TEST,3,JZ,2,TEST,3,MOV,3,JZ,2,MOV,8,NOP,5,CMP,4,JZ,6,TEST,3,0,1,0,0,0,JMP,0,0,1,0,0,0,NOP,0,0,4499794,4501030,4499803,0,0,0,0,fortran,7.597754302094232e-11,0.1666666666666666,0,0,0
0x44a950,JZ,6,0,-112,2,0x44a94d,TEST,1,NonLeaf,r13(-1) r13(-1) ,rflags ,TEST,3,MOV,3,JZ,2,TEST,3,MOV,5,TEST,3,JNZ,6,MOV,8,NOP,5,CMP,4,0,0,0,0,0,JNE,1,0,1,0,0,0,JNE,0,0,4499789,4499680,4499794,0,0,0,0,fortran,7.597754302094232e-11,0.0,0,0,0
0x44a948,JZ,6,0,5,2,0x44a945,TEST,1,NonLeaf,rax(MOV) rax(MOV) ,rflags ,TEST,3,MOV,5,NOP,3,JNZ,6,TEST,3,MOV,3,TEST,3,JZ,2,TEST,3,JNZ,6,0,1,1,0,0,JE,0,0,1,0,0,0,MOV,0,0,4499776,4499789,4499786,0,0,0,1,fortran,7.597754302094232e-11,0.0,0,0,0
0x44a937,JNZ,2,2,1058,6,0x44a934,TEST,1,NonLeaf,r13(-1) r13(-1) ,rflags ,TEST,3,JNZ,2,CMP,3,MOV,3,MOV,3,NOP,3,MOV,5,TEST,3,JZ,2,MOV,3,0,1,0,0,0,JNS,0,0,1,0,0,0,NOP,0,0,4499764,4500825,4499773,0,0,0,0,fortran,2.532584767364744e-11,1.0,1,0,1
0x44a932,JNZ,6,4,14,2,0x44a92f,CMP,1,NonLeaf,r14(-1) r13(MOV) ,rflags ,CMP,3,MOV,3,MOV,3,JZ,2,CMP,4,TEST,3,JNZ,6,NOP,3,MOV,5,TEST,3,0,0,1,0,0,JE,0,0,1,0,0,0,JNE,0,0,4499759,4499776,4499764,0,0,0,0,fortran,7.597754302094232e-11,0.6666666666666666,1,0,1
0x44a927,JZ,1,0,-15,2,0x44a923,CMP,1,NonLeaf,rax(SUB) ,rflags ,CMP,4,SUB,3,LEA,4,SUB,4,NOP,7,MOV,3,MOV,3,CMP,3,JNZ,2,TEST,3,1,1,1,1,1,JE,0,0,1,1,0,0,MOV,1,0,4499736,4499736,4499753,1,0,0,0,fortran,1.266292383682372e-11,0.0,0,1,0
0x44a90c,JNZ,5,4,35,2,0x44a908,CMP,1,NonLeaf,rbp(-1) ,rflags ,CMP,4,JBE,2,CMP,3,MOV,3,NOP,3,MOV,3,NOP,7,SUB,4,LEA,4,SUB,3,0,0,1,0,0,JNE,1,0,1,0,0,0,NOP,0,0,4499720,4499759,4499726,0,0,0,0,fortran,6.33146191841186e-11,0.8,1,0,1
0x44a906,JBE,6,1,41,2,0x44a903,CMP,1,NonLeaf,r13(-1) r14(-1) ,rflags ,CMP,3,MOV,3,NOP,3,JMP,5,XORPD,4,CMP,4,JNZ,2,MOV,3,NOP,7,SUB,4,0,1,1,0,0,JNE,1,0,1,0,0,0,JNE,0,0,4499715,4499759,4499720,0,0,0,0,fortran,7.597754302094232e-11,0.1666666666666666,0,0,0
0x44a7de,JBE,5,5,-680,6,0x44a7dc,CMP,1,NonLeaf,al(LEA) ,rflags ,CMP,2,LEA,4,NOP,7,JMP,5,MOV,8,MOV,7,MOV,4,CMP,2,JZ,6,CMP,2,0,0,0,0,0,JE,0,0,1,0,0,0,JE,1,0,4499416,4498742,4499428,0,0,0,0,fortran,6.33146191841186e-11,1.0,1,1,1
0x44a7bb,JZ,1,1,328,6,0x44a7b8,TEST,1,NonLeaf,r11d(MOV) r11d(MOV) ,rflags ,TEST,3,MOV,5,JBE,2,CMP,2,LEA,3,NEG,3,MOV,8,JMP,5,NOP,7,LEA,4,0,0,1,0,0,JBE,0,0,1,0,0,0,JMP,0,0,4499379,4499715,4499393,0,0,0,1,fortran,1.266292383682372e-11,1.0,1,1,1
0x44a7b1,JBE,1,0,-49,2,0x44a7af,CMP,1,NonLeaf,al(LEA) ,rflags ,CMP,2,LEA,3,MOVSX,3,MOV,8,LEA,4,MOV,5,TEST,3,JZ,6,NEG,3,MOV,8,0,0,0,1,1,JL,0,0,1,0,0,0,JE,1,0,4499349,4499328,4499379,0,0,0,0,fortran,1.266292383682372e-11,0.0,0,1,0
0x44a789,JZ,1,0,5798,6,0x44a780,CMP,0,NonLeaf,r10(-1) r8(-1) ,rflags ,JL,6,CMP,3,NOP,3,SUB,3,ADD,3,SUB,3,MOVSXD,3,LEA,4,ADD,4,LEA,4,0,1,0,0,0,JLE,0,0,1,0,0,0,MOVSXD,0,0,4499337,4505135,4499343,0,0,0,0,fortran,1.266292383682372e-11,0.0,0,0,0
0x44a783,JL,1,0,5819,6,0x44a780,CMP,1,NonLeaf,r10(SUB) r8(MOV) ,rflags ,CMP,3,NOP,3,SUB,3,ADD,3,MOV,3,JZ,6,SUB,3,MOVSXD,3,LEA,4,ADD,4,1,1,0,0,0,JE,1,0,1,0,0,0,JE,0,0,4499328,4505150,4499337,0,0,0,0,fortran,1.266292383682372e-11,0.0,0,0,0
0x44a723,JS,1,0,2637,6,0x44a720,TEST,1,NonLeaf,r11(-1) r11(-1) ,rflags ,TEST,3,NOP,4,LEA,7,JZ,6,CMP,4,MOV,10,MOV,3,IMUL,3,MOV,3,SAR,4,0,1,0,0,0,JMP,0,0,1,0,0,0,SUB,0,0,4499232,4501872,4499241,0,0,0,0,fortran,1.266292383682372e-11,0.0,0,0,0
0x44a705,JNZ,1,1,3459,6,0x44a702,TEST,1,NonLeaf,r14(-1) r14(-1) ,rflags ,TEST,3,JNZ,2,TEST,2,LEA,7,MOV,4,CMP,4,JZ,6,LEA,7,NOP,4,TEST,3,0,1,0,0,0,JMP,0,0,1,0,0,0,JE,0,0,4499202,4502664,4499211,0,0,0,0,fortran,1.266292383682372e-11,1.0,1,0,1
0x44a700,JNZ,1,0,32,2,0x44a6fe,TEST,1,NonLeaf,eax(MOV) eax(MOV) ,rflags ,TEST,2,LEA,7,MOV,4,JNZ,6,CMP,5,TEST,3,JNZ,6,CMP,4,JZ,6,LEA,7,0,0,0,0,0,JS,0,0,1,0,0,0,JNE,0,0,4499187,4499232,4499202,0,0,0,0,fortran,1.266292383682372e-11,0.0,0,0,0
0x44a6ed,JNZ,1,0,2045,6,0x44a6e8,CMP,1,NonLeaf,rsp(-1) ,rflags ,CMP,5,JNBE,6,CMP,2,LEA,3,MOV,8,MOV,4,LEA,7,TEST,2,JNZ,2,TEST,3,0,1,0,0,0,JNE,0,0,1,0,0,0,JNE,0,0,4499176,4501226,4499187,0,0,0,0,fortran,1.266292383682372e-11,0.0,0,1,0
0x44a6e2,JNBE,1,0,542,6,0x44a6e0,CMP,1,NonLeaf,al(LEA) ,rflags ,CMP,2,LEA,3,MOV,8,LEA,4,JZ,6,CMP,5,JNZ,6,MOV,4,LEA,7,TEST,2,0,1,0,0,0,MOV,1,0,1,0,0,0,JNE,0,0,4499165,4499712,4499176,0,0,0,0,fortran,1.266292383682372e-11,0.0,0,0,0
0x44a6cb,JZ,1,1,2252,6,0x44a6c8,CMP,1,NonLeaf,cl(-1) ,rflags ,CMP,3,JZ,6,CMP,3,MOVSX,4,JZ,6,LEA,4,MOV,8,LEA,3,CMP,2,JNBE,6,0,1,0,0,0,JMP,0,0,1,0,0,0,MOV,0,0,4499144,4501399,4499153,0,0,1,1,fortran,1.266292383682372e-11,1.0,1,0,1
0x44a6c2,JZ,1,0,2240,6,0x44a6bf,CMP,1,NonLeaf,cl(MOVSX) ,rflags ,CMP,3,MOVSX,4,JZ,6,MOV,4,AND,2,CMP,3,JZ,6,LEA,4,MOV,8,LEA,3,0,1,0,0,0,JMP,0,0,1,0,0,0,JE,0,0,4499131,4501378,4499144,0,0,1,0,fortran,1.266292383682372e-11,0.0,0,0,0
0x44a6b5,JZ,1,1,2219,6,0x44a6af,AND,1,NonLeaf,cl(AND) al(SETZ) ,cl rflags ,MOV,4,AND,2,SETZ,3,CMP,4,SETZ,3,MOVSX,4,CMP,3,JZ,6,CMP,3,JZ,6,0,1,0,0,0,MOV,0,0,0,0,0,0,JE,0,0,4499103,4501344,4499131,0,0,1,0,fortran,1.266292383682372e-11,1.0,1,0,1
0x44a64a,JNZ,5,5,5544,6,0x44a63d,CMP,1,NonLeaf,r9d(-1) ,rflags ,MOVSX,4,LEA,5,CMP,4,MOV,5,JNZ,2,MOV,3,MOV,3,SUB,3,JMP,2,NOP,5,0,1,0,0,0,NOP,0,0,1,0,0,0,JMP,0,0,4499000,4504562,4499024,0,0,0,0,fortran,6.33146191841186e-11,1.0,1,1,1
0x44a636,JNZ,5,0,-22,2,0x44a634,TEST,1,NonLeaf,cl(MOVZX) cl(MOVZX) ,rflags ,TEST,2,MOVZX,6,JNZ,6,CMP,4,ADD,4,MOV,5,CMP,4,LEA,5,MOVSX,4,JNZ,6,1,1,0,0,0,JNE,0,0,0,0,0,0,JNE,1,0,4498990,4498976,4499000,0,0,0,0,fortran,6.33146191841186e-11,0.0,0,1,0
0x44a616,JNZ,6,1,618,6,0x44a612,CMP,1,NonLeaf,rbp(-1) sil(-1) ,rflags ,CMP,4,JZ,2,TEST,3,NEG,3,SETZ,4,XOR,2,JMP,2,ADD,4,CMP,4,JNZ,6,0,1,0,0,0,JMP,0,0,1,0,0,0,JMP,0,0,4498962,4499584,4498972,0,0,0,0,fortran,7.597754302094232e-11,0.1666666666666666,0,0,0
0x44a610,JZ,6,0,40,2,0x44a60d,TEST,1,NonLeaf,sil(-1) sil(-1) ,rflags ,TEST,3,NEG,3,SETZ,4,TEST,3,XOR,2,CMP,4,JNZ,6,XOR,2,JMP,2,ADD,4,0,1,0,0,0,JNE,0,0,1,0,0,0,JNE,0,0,4498945,4499000,4498962,0,0,0,0,fortran,7.597754302094232e-11,0.0,0,0,0
0x44a5fb,JNZ,6,0,6734,6,0x44a5f8,TEST,1,NonLeaf,rcx(-1) rcx(-1) ,rflags ,TEST,3,JZ,6,CMP,6,JZ,6,CMP,4,XOR,2,TEST,3,SETZ,4,NEG,3,TEST,3,0,1,0,0,0,JAE,0,0,1,0,0,0,JE,1,0,4498936,4505673,4498945,0,0,0,0,fortran,7.597754302094232e-11,0.0,0,0,0
0x44a5f2,JZ,6,0,6670,6,0x44a5ec,CMP,1,NonLeaf,rsp(-1) ,rflags ,CMP,6,JZ,6,CMP,4,JBE,6,CMP,2,TEST,3,JNZ,6,XOR,2,TEST,3,SETZ,4,0,1,0,0,0,JE,0,0,1,1,0,0,JNE,1,0,4498924,4505600,4498936,0,0,0,0,fortran,7.597754302094232e-11,0.0,0,0,0
0x44a5e6,JZ,6,0,586,6,0x44a5e2,CMP,1,NonLeaf,r9d(-1) ,rflags ,CMP,4,JBE,6,CMP,2,LEA,4,XOR,3,CMP,6,JZ,6,TEST,3,JNZ,6,XOR,2,0,1,0,0,0,JA,0,0,1,1,0,0,JE,0,0,4498914,4499504,4498924,0,0,0,0,fortran,7.597754302094232e-11,0.0,0,0,0
0x44a5dc,JBE,8,2,620,6,0x44a5da,CMP,1,NonLeaf,al(LEA) ,rflags ,CMP,2,LEA,4,XOR,3,MOV,3,NOP,8,CMP,4,JZ,6,CMP,6,JZ,6,TEST,3,1,1,0,0,0,ADD,0,0,1,1,0,0,JE,0,0,4498902,4499528,4498914,0,0,0,0,fortran,1.0130339069458976e-10,0.25,0,0,0
0x44a5c2,JZ,1,0,2394,6,0x44a5be,CMP,1,NonLeaf,r9d(-1) ,rflags ,CMP,4,JNZ,2,CMP,3,JNZ,2,TEST,3,NOP,8,MOV,3,XOR,3,LEA,4,CMP,2,0,1,0,0,0,JBE,0,0,1,0,0,0,NOP,0,0,4498878,4501276,4498888,0,0,0,0,fortran,1.266292383682372e-11,0.0,0,0,0
0x44a5bc,JNZ,4,3,20,2,0x44a5b9,CMP,1,NonLeaf,r8(-1) rbx(-1) ,rflags ,CMP,3,JNZ,2,TEST,3,MOVZX,6,JNZ,6,CMP,4,JZ,6,NOP,8,MOV,3,XOR,3,0,0,0,0,0,XOR,0,0,1,0,0,0,JE,0,0,4498873,4498896,4498878,0,0,0,0,fortran,5.065169534729488e-11,0.75,1,0,1
0x44a5b7,JNZ,4,0,-23,2,0x44a5b4,TEST,1,NonLeaf,r10b(MOVZX) r10b(MOVZX) ,rflags ,TEST,3,MOVZX,6,JNZ,6,CMP,4,ADD,4,CMP,3,JNZ,2,CMP,4,JZ,6,NOP,8,1,1,0,0,0,JNE,0,0,0,0,0,0,JNE,1,0,4498862,4498848,4498873,0,0,0,0,fortran,5.065169534729488e-11,0.0,0,1,0
0x44a592,JNZ,4,0,762,6,0x44a58f,CMP,1,NonLeaf,sil(-1) dil(-1) ,rflags ,CMP,3,JZ,2,TEST,3,JBE,6,CMP,2,XOR,2,JMP,2,NOP,4,ADD,4,CMP,4,0,1,0,0,0,JE,0,0,1,0,0,0,JMP,0,0,4498831,4499596,4498840,0,0,0,0,fortran,5.065169534729488e-11,0.0,0,1,0
0x44a58d,JZ,4,0,44,2,0x44a58a,TEST,1,NonLeaf,sil(-1) sil(-1) ,rflags ,TEST,3,JBE,6,CMP,2,SETNZ,4,CMP,4,CMP,3,JNZ,6,XOR,2,JMP,2,NOP,4,0,1,0,0,0,JNE,0,0,1,0,0,0,JNE,0,0,4498826,4498873,4498831,0,0,0,0,fortran,5.065169534729488e-11,0.0,0,0,0
0x44a584,JBE,4,0,2196,6,0x44a582,CMP,1,NonLeaf,al(LEA) ,rflags ,CMP,2,SETNZ,4,CMP,4,LEA,4,JBE,2,TEST,3,JZ,2,CMP,3,JNZ,6,XOR,2,0,1,0,0,0,JNE,0,0,1,0,0,0,JE,0,0,4498806,4501016,4498826,0,0,0,0,fortran,5.065169534729488e-11,0.0,0,0,0
0x44a574,JBE,6,2,92,2,0x44a572,CMP,1,NonLeaf,al(LEA) ,rflags ,CMP,2,LEA,4,MOV,4,MOVSX,4,MOV,6,LEA,4,CMP,4,SETNZ,4,CMP,2,JBE,6,0,1,0,0,0,XOR,0,0,1,0,0,0,JBE,0,0,4498790,4498896,4498806,0,0,0,0,fortran,7.597754302094232e-11,0.3333333333333333,0,0,0
0x44a554,JNZ,3,0,6742,6,0x44a546,CMP,1,NonLeaf,rsp(-1) ,rflags ,MOV,5,SETZ,3,CMP,6,XOR,2,JZ,6,MOV,3,MOV,3,MOV,6,MOVSX,4,MOV,4,0,1,0,0,0,JMP,0,0,1,0,0,0,MOV,0,0,4498756,4505514,4498778,0,0,0,0,fortran,3.798877151047116e-11,0.0,0,0,0
0x44a53e,JZ,6,3,2210,6,0x44a536,CMP,1,NonLeaf,r13b(-1) ,rflags ,MOV,4,CMP,4,JNBE,6,CMP,2,SUB,3,XOR,2,CMP,6,SETZ,3,MOV,5,JNZ,6,0,1,0,0,0,JE,0,0,1,0,0,0,JNE,1,0,4498742,4500960,4498756,0,0,0,1,fortran,7.597754302094232e-11,0.5,0,0,0
0x44a530,JNBE,1,0,680,6,0x44a52e,CMP,1,NonLeaf,al(SUB) ,rflags ,CMP,2,SUB,3,MOVZX,4,JNZ,2,TEST,2,CMP,4,MOV,4,JZ,6,XOR,2,CMP,6,0,0,0,0,0,JBE,0,0,0,0,0,0,JE,0,0,4498727,4499416,4498742,0,0,0,0,fortran,1.266292383682372e-11,0.0,0,0,0
0x44a525,JNZ,1,0,-21,2,0x44a523,TEST,1,NonLeaf,dl(MOVZX) dl(MOVZX) ,rflags ,TEST,2,MOVZX,5,JNZ,6,CMP,4,ADD,4,MOVZX,4,SUB,3,CMP,2,JNBE,6,CMP,4,1,1,0,0,0,JNE,0,0,0,0,0,0,JA,1,0,4498718,4498704,4498727,0,0,0,0,fortran,1.266292383682372e-11,0.0,0,1,0
0x44a503,JNZ,6,5,725,6,0x44a500,CMP,1,NonLeaf,r13b(-1) sil(-1) ,rflags ,CMP,3,JZ,6,TEST,3,MOVZX,5,JZ,6,MOV,5,JMP,2,ADD,4,CMP,4,JNZ,6,0,0,0,0,0,JBE,0,0,1,0,0,0,JMP,0,0,4498688,4499416,4498697,0,0,0,0,fortran,7.597754302094232e-11,0.8333333333333334,1,1,1
0x44a4fa,JZ,6,0,4479,6,0x44a4f7,TEST,1,NonLeaf,sil(MOVZX) sil(MOVZX) ,rflags ,TEST,3,MOVZX,5,JZ,6,MOV,8,CMP,4,CMP,3,JNZ,6,MOV,5,JMP,2,ADD,4,0,1,0,0,0,JMP,0,0,1,0,0,0,JNE,0,0,4498674,4503161,4498688,0,0,0,0,fortran,7.597754302094232e-11,0.0,0,0,0
0x44a4ec,JZ,6,0,2276,6,0x44a4e0,CMP,1,NonLeaf,r13b(-1) ,rflags ,MOV,8,CMP,4,JZ,6,MOV,3,CMP,4,MOVZX,5,TEST,3,JZ,6,CMP,3,JNZ,6,0,1,0,0,0,JMP,0,0,0,1,0,0,JE,0,0,4498656,4500944,4498674,0,0,0,0,fortran,7.597754302094232e-11,0.0,0,0,0
0x44a4da,JZ,6,0,902,6,0x44a4d3,CMP,1,NonLeaf,r13b(-1) ,rflags ,MOV,3,CMP,4,JNZ,2,TEST,5,MOVSX,4,CMP,4,MOV,8,JZ,6,MOVZX,5,TEST,3,0,1,0,0,0,JMP,0,0,1,0,0,0,JE,0,0,4498643,4499552,4498656,0,0,1,1,fortran,7.597754302094232e-11,0.0,0,0,0
0x44a4d1,JNZ,6,0,-17,2,0x44a4cc,TEST,1,NonLeaf,rdx(MOV) rax(MOVSX) ,rflags ,TEST,5,MOVSX,4,MOVSX,4,ADD,4,NOP,7,CMP,4,MOV,3,JZ,6,CMP,4,MOV,8,1,1,1,1,1,JNE,0,0,1,1,0,0,JE,1,0,4498624,4498624,4498643,0,0,0,0,fortran,7.597754302094232e-11,0.0,0,1,0
0x44a474,JNZ,6,0,6977,6,0x44a464,TEST,1,NonLeaf,edx(-1) edx(-1) ,rflags ,MOV,5,MOV,5,MOV,4,TEST,2,SUB,7,XOR,2,MOV,9,MOV,4,MOV,5,MOV,3,0,1,0,0,0,JA,0,0,1,0,0,0,MOV,0,0,4498512,4505525,4498554,0,0,0,1,fortran,7.597754302094232e-11,0.0,0,0,0
0x44a25b,JZ,3,0,37,2,0x44a254,CMP,1,NonLeaf,rbx(-1) ,rflags ,CMP,7,JNZ,6,MOV,4,TEST,3,MOV,10,MOV,2,JMP,2,NOP,7,TEST,3,JZ,2,0,1,0,0,0,JMP,0,0,0,0,0,0,JMP,0,0,4498004,4498048,4498013,0,0,0,0,fortran,3.798877151047116e-11,0.0,0,0,0
0x44a24e,JNZ,3,0,274,6,0x44a247,TEST,1,NonLeaf,rsi(ADD) rax(MOV) ,rflags ,MOV,4,TEST,3,MOV,10,ADD,4,JZ,2,CMP,7,JZ,2,MOV,2,JMP,2,NOP,7,0,1,0,0,0,CALL,0,1,1,0,0,0,JE,0,0,4497977,4498272,4498004,0,0,1,0,fortran,3.798877151047116e-11,0.0,0,0,0
0x44a237,JZ,6,3,38,2,0x44a234,TEST,1,NonLeaf,r15b(MOV) r15b(MOV) ,rflags ,TEST,3,MOV,3,CMOVNZ,3,TEST,2,OR,3,ADD,4,MOV,10,TEST,3,MOV,4,JNZ,6,0,0,0,0,0,JMP,0,0,1,0,0,0,JNE,0,0,4497972,4498013,4497977,0,0,0,1,fortran,7.597754302094232e-11,0.5,0,0,0
0x44a223,JNZ,6,0,-391,6,0x44a220,TEST,1,NonLeaf,r14d(-1) r14d(-1) ,rflags ,TEST,3,NOP,5,JMP,5,CALL_NEAR,5,MOV,3,OR,3,TEST,2,CMOVNZ,3,MOV,3,TEST,3,0,0,0,0,0,CALL,0,1,1,0,0,0,MOV,0,0,4497952,4497564,4497961,0,0,1,0,fortran,7.597754302094232e-11,0.0,0,0,0
0x44a1f2,JLE,6,6,46,2,0x44a1e9,CMP,0,NonLeaf,r14d(-1) ,rflags ,JZ,2,CMP,7,AND,3,SETNZ,3,TEST,3,CMP,7,JZ,2,CMP,7,MOV,2,JNZ,6,0,1,0,0,0,JNE,0,0,1,0,0,0,JE,0,0,4497906,4497952,4497908,0,0,0,0,fortran,7.597754302094232e-11,1.0,1,0,1
0x44a1f0,JZ,6,0,120,2,0x44a1e9,CMP,1,NonLeaf,r14d(-1) ,rflags ,CMP,7,AND,3,SETNZ,3,TEST,3,SUB,4,JLE,2,CMP,7,JZ,2,CMP,7,MOV,2,0,1,0,0,0,JE,0,0,1,0,0,0,JLE,0,0,4497894,4498024,4497906,0,0,0,0,fortran,7.597754302094232e-11,0.0,0,0,0
0x44a1d0,JNZ,6,4,22,2,0x44a1c8,TEST,1,NonLeaf,r9d(-1) r9d(-1) ,rflags ,MOV,5,TEST,3,AND,4,AND,3,MOV,3,MOV,5,MOV,2,SHL,3,SUB,4,TEST,3,0,1,1,0,0,JE,0,0,1,0,0,0,SETNE,0,0,4497864,4497894,4497874,0,0,0,0,fortran,7.597754302094232e-11,0.6666666666666666,1,1,1
0x44a096,JZ,6,6,-202,6,0x44a093,TEST,1,NonLeaf,ax(-1) ax(-1) ,rflags ,TEST,3,XOR,3,NOP,1,RET_NEAR,1,POP,2,CALL_NEAR,5,NOP,7,MOV,6,JMP,5,NOP,5,0,0,1,0,0,JGE,0,0,0,0,0,0,CALL,0,1,4497552,4497356,4497564,0,0,0,1,fortran,7.597754302094232e-11,1.0,1,0,1
0x44a036,JLE,6,6,370,6,0x44a02f,CMP,1,NonLeaf,rbx(-1) ,rflags ,CMP,7,JL,2,MOV,6,CMP,7,NOP,9,MOV,7,TEST,2,MOV,7,JNZ,2,MOVSD_XMM,8,0,1,0,0,0,AND,0,0,0,0,0,0,JNE,0,0,4497455,4497832,4497468,0,0,0,1,fortran,7.597754302094232e-11,1.0,1,0,1
0x449fd3,JNL,6,6,92,2,0x449fcc,CMP,1,NonLeaf,rbx(-1) ,rflags ,CMP,7,JNZ,6,MOV,6,CMP,4,JZ,2,CMP,7,JNL,6,MOV,7,TEST,2,MOV,7,0,0,0,0,0,JLE,0,0,0,0,0,0,JGE,0,0,4497356,4497455,4497365,0,0,0,0,fortran,7.597754302094232e-11,1.0,1,0,1
0x449fb0,JBE,6,6,224,6,0x449fa6,CMP,0,NonLeaf,ax(-1) ,rflags ,JZ,6,CMP,4,AND,4,MOVZX,5,FNSTCW,4,CMP,4,JZ,2,CMP,4,MOV,6,JNZ,6,0,1,0,0,0,JE,0,0,1,0,0,0,JE,0,0,4497328,4497552,4497334,0,0,0,0,fortran,7.597754302094232e-11,1.0,1,0,1
0x449faa,JZ,6,0,254,6,0x449fa6,CMP,1,NonLeaf,ax(AND) ,rflags ,CMP,4,AND,4,MOVZX,5,FNSTCW,4,SUB,4,JBE,6,CMP,4,JZ,2,CMP,4,MOV,6,0,1,0,0,0,JMP,0,0,1,0,0,0,JBE,0,0,4497280,4497576,4497328,0,0,0,0,fortran,7.597754302094232e-11,0.0,0,0,0
0x449efb,JZ,1,1,-226,6,0x449ef8,TEST,1,NonLeaf,rdx(MOV) rdx(MOV) ,rflags ,TEST,3,MOV,3,MOV,8,ADD,3,IMUL,9,MOV,3,MOV,3,CALL_NEAR,5,MOV,3,MOV,3,0,0,0,0,0,MOV,0,0,0,0,0,0,CALL,0,1,4497112,4496921,4497153,0,0,1,1,fortran,1.266292383682372e-11,1.0,1,1,1
0x449e13,JNZ,5,0,238,6,0x449e10,TEST,1,NonLeaf,rdx(MOV) rdx(MOV) ,rflags ,TEST,3,MOV,8,CDQE,2,MOV,3,JLE,6,MOV,3,MOV,7,ADD,4,MOV,3,POP,1,0,0,0,0,0,CALL,0,1,0,0,0,0,MOV,0,0,4496899,4497153,4496921,0,0,1,1,fortran,6.33146191841186e-11,0.0,0,0,0
0x449dfd,JLE,1,1,219,6,0x449dfa,CMP,1,NonLeaf,rdx(-1) rsi(MOVSXD) ,rflags ,CMP,3,MOVSXD,3,SUB,2,MOV,5,JLE,2,MOV,3,CDQE,2,MOV,8,TEST,3,JNZ,6,0,1,0,0,0,JE,0,0,0,0,0,0,JNE,0,0,4496880,4497112,4496899,1,0,1,0,fortran,1.266292383682372e-11,1.0,1,0,1
0x449dee,JLE,6,5,21,2,0x449deb,TEST,1,NonLeaf,rdx(MOV) rdx(MOV) ,rflags ,TEST,3,MOV,3,NOP,6,JMP,5,MOVSX,4,MOV,5,SUB,2,MOVSXD,3,CMP,3,JLE,6,0,1,0,0,0,JNE,0,0,1,0,0,0,JLE,0,0,4496872,4496899,4496880,0,0,0,0,fortran,7.597754302094232e-11,0.8333333333333334,1,0,1
0x449d6f,JZ,1,0,9,2,0x449d6c,CMP,1,NonLeaf,eax(-1) ,rflags ,CMP,3,JLE,2,LEA,3,LEA,5,TEST,3,MOV,2,JMP,2,NOP,3,MOV,3,TEST,3,0,1,0,0,0,JNE,0,0,1,0,0,0,JMP,0,0,4496748,4496760,4496753,0,0,0,0,fortran,1.266292383682372e-11,0.0,0,0,0
0x449d6a,JLE,7,6,126,2,0x449d5f,TEST,1,NonLeaf,r12d(SUB) r12d(SUB) ,rflags ,LEA,3,LEA,5,TEST,3,ADD,4,SUB,4,CMP,3,JZ,2,MOV,2,JMP,2,NOP,3,0,1,1,0,0,JLE,1,0,1,0,0,0,JE,0,0,4496722,4496872,4496748,0,0,0,0,fortran,8.864046685776603e-11,0.8571428571428571,1,0,1
0x449d43,JZ,3,3,8,2,0x449d40,TEST,1,NonLeaf,r13(-1) r13(-1) ,rflags ,TEST,3,JBE,2,CMP,4,MOVSX,4,LEA,3,CMP,4,JZ,2,ADD,3,MOVSX,4,LEA,5,0,1,0,0,0,MOVSX,0,0,1,0,0,0,JE,0,0,4496704,4496715,4496709,0,0,0,0,fortran,3.798877151047116e-11,1.0,1,0,1
0x449d3e,JBE,7,4,20,2,0x449d3a,CMP,1,NonLeaf,sil(LEA) ,rflags ,CMP,4,MOVSX,4,LEA,3,MOVZX,3,NOP,6,TEST,3,JZ,2,CMP,4,JZ,2,ADD,3,1,1,1,0,0,JLE,0,0,1,0,0,0,JE,0,0,4496688,4496722,4496704,0,0,0,0,fortran,8.864046685776603e-11,0.5714285714285714,1,1,1
0x446d41,JNZ,240,240,-565,6,0x446d3b,TEST,1,NonLeaf,edx(-1) ,rflags ,TEST,6,JMP,5,MOV,3,JMP,5,MOV,10,MOVSX,6,MOV,4,CMP,4,JZ,2,TEST,2,0,0,0,0,0,JE,0,0,1,0,0,0,JE,0,0,4484411,4483852,4484423,0,0,0,0,fortran,3.0391017208376926e-09,1.0,1,0,1
0x446c82,JNZ,241,0,424,6,0x446c7f,TEST,1,NonLeaf,rcx(-1) rcx(-1) ,rflags ,TEST,3,RET_NEAR,1,POP,2,POP,2,POP,2,MOV,5,MOV,5,JMP,5,MOVZX,6,ADD,4,0,1,0,0,0,CALL,0,1,1,0,0,0,JMP,0,0,4484223,4484650,4484232,0,0,1,0,fortran,3.0517646446745166e-09,0.0,0,0,0
0x446c48,JBE,241,241,40,2,0x446c45,CMP,1,NonLeaf,r10(-1) rdx(MOV) ,rflags ,CMP,3,NEG,3,MOV,10,MOV,3,JZ,6,MOV,7,MOV,7,JMP,5,NOP,3,MOV,7,0,0,1,0,0,RET,0,0,1,0,0,0,JMP,0,0,4484149,4484208,4484170,0,0,0,1,fortran,3.0517646446745166e-09,1.0,1,1,1
0x446c2f,JZ,241,0,452,6,0x446c2d,TEST,1,NonLeaf,ecx(MOV) ecx(MOV) ,rflags ,TEST,2,MOV,4,JNZ,6,TEST,3,MOV,3,MOV,3,MOV,10,NEG,3,CMP,3,JBE,2,0,1,0,0,0,JBE,0,0,1,0,0,0,JBE,0,0,4484137,4484595,4484149,0,0,0,0,fortran,3.0517646446745166e-09,0.0,0,1,0
0x446c23,JNZ,241,0,221,6,0x446c20,TEST,1,NonLeaf,r11d(-1) r11d(-1) ,rflags ,TEST,3,MOV,3,JZ,2,TEST,3,MOV,4,MOV,4,TEST,2,JZ,6,MOV,3,MOV,10,0,1,0,0,0,JE,0,0,1,0,0,0,JE,0,0,4484128,4484352,4484137,0,0,1,0,fortran,3.0517646446745166e-09,0.0,0,0,0
0x446c1b,JZ,241,241,5,2,0x446c18,TEST,1,NonLeaf,rax(MOV) rax(MOV) ,rflags ,TEST,3,MOV,4,JZ,6,CMP,3,MOV,3,MOV,3,TEST,3,JNZ,6,MOV,4,TEST,2,0,1,1,0,0,JNE,0,0,1,0,0,0,MOV,0,0,4484116,4484128,4484125,0,0,0,1,fortran,3.0517646446745166e-09,1.0,1,0,1
0x446c0e,JZ,241,0,378,6,0x446c0b,CMP,1,NonLeaf,rcx(MOV) r12(-1) ,rflags ,CMP,3,MOV,3,JNZ,2,LEA,4,TEST,3,MOV,4,TEST,3,JZ,2,MOV,3,TEST,3,0,0,0,0,0,JE,0,0,0,0,0,0,JE,0,0,4484107,4484488,4484116,0,0,0,0,fortran,3.0517646446745166e-09,0.0,0,0,0
0x446c06,JNZ,482,241,-73,2,0x446bff,TEST,1,NonLeaf,sil(MOVZX) sil(MOVZX) ,rflags ,LEA,4,TEST,3,ADD,3,MOVZX,4,MOVZX,4,MOV,3,CMP,3,JZ,6,MOV,4,TEST,3,0,0,0,0,0,JE,0,0,0,0,0,0,MOV,0,0,4484080,4484029,4484104,0,0,0,0,fortran,6.103529289349033e-09,0.5,0,1,0
0x446bea,JZ,482,0,198,6,0x446be7,CMP,1,NonLeaf,r10(-1) rdi(-1) ,rflags ,CMP,3,JB,6,CMP,3,JNL,2,CMP,2,IMUL,4,MOVZX,4,MOVZX,4,ADD,3,TEST,3,0,1,0,0,0,JBE,0,0,1,0,0,0,JNE,0,0,4484071,4484272,4484080,0,1,0,0,fortran,6.103529289349033e-09,0.0,0,0,0
0x446be1,JB,482,0,223,6,0x446bde,CMP,1,NonLeaf,rdi(-1) r10(-1) ,rflags ,CMP,3,JNL,2,CMP,2,MOVZX,4,JNBE,2,CMP,3,JZ,6,IMUL,4,MOVZX,4,MOVZX,4,0,1,0,0,0,JMP,0,0,1,0,0,0,JE,0,0,4484062,4484288,4484071,0,0,0,0,fortran,6.103529289349033e-09,0.0,0,0,0
0x446bdc,JNL,482,0,47,2,0x446bda,CMP,1,NonLeaf,esi(MOVZX) edx(-1) ,rflags ,CMP,2,MOVZX,4,JNBE,2,CMP,4,MOV,3,CMP,3,JB,6,CMP,3,JZ,6,IMUL,4,0,0,0,0,0,JE,0,0,1,0,0,0,JB,0,0,4484054,4484107,4484062,0,0,0,0,fortran,6.103529289349033e-09,0.0,0,0,0
0x446bd4,JNBE,241,0,-100,2,0x446bd0,CMP,1,NonLeaf,r9b(LEA) ,rflags ,CMP,4,MOV,3,LEA,4,MOV,3,JZ,6,MOVZX,4,CMP,2,JNL,2,CMP,3,JB,6,0,0,0,0,0,JE,0,0,0,0,0,0,JGE,0,0,4484038,4483952,4484054,0,0,0,0,fortran,3.0517646446745166e-09,0.0,0,0,0
0x446bc0,JZ,241,0,371,6,0x446bbd,CMP,1,NonLeaf,rax(-1) r9(-1) ,rflags ,CMP,3,JZ,2,TEST,3,LEA,4,MOVZX,4,MOV,3,LEA,4,MOV,3,CMP,4,JNBE,2,0,1,0,0,0,JMP,0,0,1,0,0,0,JA,0,0,4484029,4484403,4484038,0,1,0,0,fortran,3.0517646446745166e-09,0.0,0,0,0
0x446b66,JBE,241,241,112,2,0x446b62,CMP,1,NonLeaf,r9b(LEA) ,rflags ,CMP,4,LEA,4,MOV,5,MOVSXD,3,MOV,3,NOP,8,TEST,3,JZ,6,CMP,4,JNZ,6,0,1,0,0,0,JGE,0,0,1,0,0,0,NOP,0,0,4483913,4484054,4483944,0,0,0,0,fortran,3.0517646446745166e-09,1.0,1,1,1
0x446b43,JZ,241,0,581,6,0x446b40,CMP,1,NonLeaf,rax(-1) r12(-1) ,rflags ,CMP,3,JZ,6,MOV,4,MOVZX,7,MOV,8,LEA,4,XOR,3,XOR,3,MOV,3,MOVSXD,3,0,0,0,0,0,JE,0,0,1,0,0,0,JBE,0,0,4483904,4484488,4483913,0,0,0,1,fortran,3.0517646446745166e-09,0.0,0,0,0
0x446b3a,JZ,241,0,590,6,0x446b20,TEST,1,NonLeaf,r14b(-1) r14b(-1) ,rflags ,MOV,4,MOVZX,7,MOV,8,MOVZX,4,TEST,3,CMP,3,JZ,6,LEA,4,XOR,3,XOR,3,0,0,0,0,0,JE,0,0,1,0,0,0,JE,0,0,4483869,4484488,4483904,0,0,0,0,fortran,3.0517646446745166e-09,0.0,0,0,0
0x446b10,JZ,241,241,367,6,0x446b0c,CMP,1,NonLeaf,edx(-1) ,rflags ,NOP,1,CMP,3,JZ,6,TEST,2,JZ,6,LEA,3,XOR,2,XOR,2,MOVSXD,3,TEST,3,0,0,0,0,0,JNE,0,0,1,0,0,0,LEA,0,0,4483852,4484223,4483862,0,0,0,0,fortran,3.0517646446745166e-09,1.0,1,0,1
0x446b06,JZ,1,0,377,6,0x446b04,TEST,1,NonLeaf,edx(-1) edx(-1) ,rflags ,TEST,2,JZ,6,CMP,4,JZ,6,MOV,8,CMP,3,NOP,1,JZ,6,LEA,3,XOR,2,0,0,0,0,0,JNE,0,0,0,0,0,0,JE,0,0,4483844,4484223,4483852,0,0,0,0,fortran,1.266292383682372e-11,0.0,0,0,0
0x446afe,JZ,241,240,573,6,0x446afa,CMP,1,NonLeaf,r14b(-1) ,rflags ,CMP,4,JZ,6,MOV,8,CMP,4,JZ,6,TEST,2,JZ,6,CMP,3,NOP,1,JZ,6,0,1,0,0,0,JNE,0,0,1,0,0,0,JE,0,0,4483834,4484411,4483844,0,0,0,0,fortran,3.0517646446745166e-09,0.995850622406639,1,0,1
0x446ae2,JZ,241,241,652,6,0x446ade,CMP,1,NonLeaf,r14b(-1) ,rflags ,CMP,4,JZ,6,TEST,3,JNZ,2,TEST,6,CMP,4,MOV,8,JZ,6,CMP,4,JZ,6,0,1,0,0,0,JMP,0,0,1,0,0,0,JE,0,0,4483806,4484462,4483816,0,0,1,1,fortran,3.0517646446745166e-09,1.0,1,0,1
0x446ad8,JZ,241,0,685,6,0x446ad5,TEST,1,NonLeaf,r14b(-1) r14b(-1) ,rflags ,TEST,3,JNZ,2,TEST,6,MOVSX,4,MOVZX,5,CMP,4,JZ,6,CMP,4,MOV,8,JZ,6,0,1,0,0,0,MOV,0,0,1,0,0,0,JE,0,0,4483797,4484485,4483806,0,0,0,0,fortran,3.0517646446745166e-09,0.0,0,0,0
0x446abd,JZ,241,241,24,2,0x446ab7,TEST,1,NonLeaf,r15(MOV) rax(MOVSX) ,rflags ,TEST,6,MOVSX,4,MOV,3,MOV,4,MOVZX,5,NOP,1,ADD,4,MOVZX,5,MOVSX,4,TEST,6,0,1,1,0,0,JE,1,0,1,0,0,0,NOP,0,0,4483751,4483797,4483775,0,0,0,0,fortran,3.0517646446745166e-09,1.0,1,0,1
0x446aa1,JNBE,241,0,447,6,0x446a9e,CMP,1,NonLeaf,edx(-1) ,rflags ,CMP,3,JZ,6,CMP,3,XOR,2,XOR,2,MOVZX,5,MOV,4,MOV,3,MOVSX,4,TEST,6,0,0,0,0,0,XOR,1,0,1,0,0,0,JE,0,0,4483742,4484192,4483751,0,0,1,0,fortran,3.0517646446745166e-09,0.0,0,0,0
0x446a98,JZ,241,0,456,6,0x446a95,CMP,1,NonLeaf,edx(-1) ,rflags ,CMP,3,XOR,2,XOR,2,JNZ,6,MOV,4,CMP,3,JNBE,6,MOVZX,5,MOV,4,MOV,3,0,1,0,0,0,XOR,1,0,1,0,0,0,JA,0,0,4483733,4484192,4483742,0,0,1,0,fortran,3.0517646446745166e-09,0.0,0,0,0
0x446a8b,JNZ,241,0,1007,6,0x446a81,TEST,1,NonLeaf,ecx(-1) ecx(-1) ,rflags ,MOV,4,MOV,4,TEST,2,SUB,4,PUSH,1,XOR,2,XOR,2,CMP,3,JZ,6,CMP,3,0,1,0,0,0,JA,0,0,1,0,0,0,XOR,0,0,4483696,4484730,4483729,0,0,0,0,fortran,3.0517646446745166e-09,0.0,0,0,0
0x44699a,JZ,1,0,44,2,0x446997,TEST,1,NonLeaf,rax(-1) rax(-1) ,rflags ,TEST,3,CALL_NEAR,5,MOV,5,MOV,3,PUSH,1,MOV,3,MOV,4,MOV,4,XOR,9,ROL,4,0,1,0,0,0,JMP,0,0,1,0,0,0,XOR,0,0,4483479,4483526,4483484,0,1,0,1,fortran,1.266292383682372e-11,0.0,0,0,0
0x4468f5,JZ,1,0,16,2,0x4468f2,TEST,1,NonLeaf,r8(-1) r8(-1) ,rflags ,TEST,3,MOV,3,RET_NEAR,1,POP,1,POP,1,LEA,4,MOV,8,JMP,2,MOV,5,MOV,5,0,0,0,0,0,CALL,0,1,0,0,0,0,JMP,0,0,4483314,4483333,4483319,0,0,1,1,fortran,1.266292383682372e-11,0.0,0,0,0
0x4468df,JNZ,1,0,269,6,0x4468d9,DEC,1,NonLeaf,rip(JNZ) ,rflags ,DEC,6,JMP,2,JNZ,6,DEC_LOCK,7,JZ,2,ADD,4,MOV,3,POP,1,POP,1,RET_NEAR,1,0,-1,-1,-1,-1,CALL,-1,1,0,1,0,0,RET,0,0,4483289,4483564,4483301,0,0,1,0,fortran,1.266292383682372e-11,0.0,0,0,0
0x4468c8,JZ,1,1,17,2,0x4468c1,CMP,1,NonLeaf,rip(JZ) ,rflags ,CMP,7,ADD,8,MOV,7,LEA,5,MOV,4,DEC_LOCK,7,JNZ,6,JMP,2,DEC,6,JNZ,6,0,1,0,0,0,JNE,0,0,1,0,0,0,JNE,0,0,4483265,4483289,4483274,0,0,1,0,fortran,1.266292383682372e-11,1.0,1,1,1
0x446885,JZ,1,1,109,2,0x446882,TEST,1,NonLeaf,rax(MOV) rax(MOV) ,rflags ,TEST,3,MOV,8,MOV,3,JNZ,2,TEST,3,MOV,3,MOV,3,JMP,2,MOV,3,NOP,6,0,0,0,0,0,JE,1,0,1,0,0,0,JMP,0,0,4483191,4483314,4483207,0,0,0,0,fortran,1.266292383682372e-11,1.0,1,0,1
0x446837,JZ,1,1,64,2,0x446834,TEST,1,NonLeaf,rax(MOV) rax(MOV) ,rflags ,TEST,3,MOV,4,NOP,8,XOR,3,MOV,3,LEA,4,MOV,3,SHL,4,CMP,6,JNZ,2,1,1,0,0,0,JE,0,0,1,0,0,0,JNE,0,0,4483120,4483191,4483129,0,0,1,0,fortran,1.266292383682372e-11,1.0,1,0,1
0x44681c,JZ,1,0,233,6,0x446819,TEST,1,NonLeaf,rbp(MOV) rbp(MOV) ,rflags ,TEST,3,MOV,3,JNZ,6,CMPXCHG,7,JMP,2,MOV,3,XOR,3,NOP,8,MOV,4,TEST,3,0,1,0,0,0,CALL,0,1,1,0,0,0,NOP,0,0,4483094,4483333,4483106,0,0,1,0,fortran,1.266292383682372e-11,0.0,0,0,0
0x446810,JNZ,1,0,445,6,0x446809,CMPXCHG,1,NonLeaf,rip(JNZ) esi(-1) eax(CMPXCHG) ,eax rflags ,CMPXCHG,7,JMP,2,JNZ,6,CMPXCHG_LOCK,8,JZ,2,MOV,3,TEST,3,JZ,6,MOV,3,XOR,3,0,-1,-1,-1,-1,CALL,-1,1,0,1,0,0,JE,0,0,4483081,4483533,4483094,0,0,1,0,fortran,1.266292383682372e-11,0.0,0,0,0
0x4467f7,JZ,1,1,18,2,0x4467f0,CMP,1,NonLeaf,rip(JZ) ,rflags ,CMP,7,SUB,4,MOV,3,PUSH,1,XOR,2,CMPXCHG_LOCK,8,JNZ,6,JMP,2,CMPXCHG,7,JNZ,6,0,1,0,0,0,JNE,0,0,1,0,0,0,JNE,0,0,4483040,4483081,4483065,0,0,1,0,fortran,1.266292383682372e-11,1.0,1,1,1
0x446743,JB,1,0,-14,2,0x44673c,CMP,1,NonLeaf,rbp(ADD) ,rflags ,CMP,7,ADD,4,CALL_NEAR,3,MOV,3,JNB,2,MOV,2,CALL_NEAR,5,NOP,4,MOV,4,MOV,4,0,0,0,1,1,CALL,0,1,0,1,0,0,CALL,1,1,4482872,4482869,4482885,0,0,1,1,fortran,1.266292383682372e-11,0.0,0,1,0
0x446730,JNB,1,0,21,2,0x44672a,CMP,1,NonLeaf,rax(MOV) ,rflags ,CMP,6,MOV,5,JZ,2,TEST,3,JNZ,6,MOV,3,CALL_NEAR,3,ADD,4,CMP,7,JB,2,0,0,1,0,0,CALL,0,1,1,0,0,0,MOV,0,0,4482853,4482885,4482866,0,0,1,0,fortran,1.266292383682372e-11,0.0,0,0,0
0x446723,JZ,1,0,34,2,0x446720,TEST,1,NonLeaf,r12b(-1) r12b(-1) ,rflags ,TEST,3,JNZ,6,MOV,4,TEST,3,MOV,4,MOV,5,CMP,6,JNB,2,MOV,3,CALL_NEAR,3,0,1,1,0,0,CALL,0,1,1,0,0,0,JAE,0,0,4482848,4482885,4482853,0,0,1,0,fortran,1.266292383682372e-11,0.0,0,0,0
0x44671a,JNZ,1,0,142,6,0x446713,TEST,1,NonLeaf,rax(MOV) rax(MOV) ,rflags ,MOV,4,TEST,3,MOV,4,JNZ,2,TEST,3,TEST,3,JZ,2,MOV,5,CMP,6,JNB,2,0,1,0,0,0,CALL,0,1,0,1,0,0,JE,1,0,4482831,4482984,4482848,0,0,1,0,fortran,1.266292383682372e-11,0.0,0,1,0
0x4466fe,JZ,1,1,114,2,0x4466fa,CMP,1,NonLeaf,r8(-1) ,rflags ,CMP,4,JZ,6,CMP,4,MOV,3,MOV,4,CMP,4,JZ,2,SUB,4,TEST,3,JNZ,2,0,1,0,0,0,CALL,1,1,1,0,0,0,JE,0,0,4482810,4482928,4482816,0,0,1,0,fortran,1.266292383682372e-11,1.0,1,0,1
0x4466f4,JZ,1,0,156,6,0x4466f0,CMP,1,NonLeaf,r8(MOV) ,rflags ,CMP,4,MOV,3,MOV,4,SUB,4,JZ,2,CMP,4,JZ,2,CMP,4,JZ,2,SUB,4,1,1,0,0,0,CALL,1,1,1,0,0,0,JE,0,0,4482789,4482960,4482810,0,0,1,0,fortran,1.266292383682372e-11,0.0,0,0,0
0x4466e3,JZ,2,1,44,2,0x4466db,TEST,1,NonLeaf,rax(MOV) rax(MOV) ,rflags ,LEA,5,TEST,3,SHL,4,MOV,3,MOV,4,SUB,4,MOV,4,MOV,3,CMP,4,JZ,6,1,1,1,0,0,JNE,1,0,1,0,1,0,JE,0,0,4482768,4482831,4482789,0,1,1,1,fortran,2.532584767364744e-11,0.5,0,0,0
0x4466c9,JZ,1,0,87,2,0x4466c6,TEST,1,NonLeaf,r13(MOV) r13(MOV) ,rflags ,TEST,3,MOV,4,SUB,4,MOV,2,PUSH,1,NOP,5,MOV,4,MOV,3,SHL,4,TEST,3,1,1,1,0,0,JE,1,0,1,0,0,0,NOP,0,0,4482754,4482848,4482763,0,0,0,0,fortran,1.266292383682372e-11,0.0,0,0,0
0x446698,JNZ,1,0,8,2,0x446696,TEST,1,Leaf,eax(MOV) eax(MOV) ,rflags ,TEST,2,MOV,6,INVALID,0,INVALID,0,INVALID,0,JMP,5,NOP,1,XOR,2,RET_NEAR,1,INVALID,0,0,1,0,0,0,RET,0,0,1,0,0,0,JMP,0,0,4482704,4482720,4482714,0,0,0,0,fortran,1.266292383682372e-11,0.0,0,0,0
0x44667b,JNZ,2,0,-43,2,0x446676,CMP,1,NonLeaf,rbx(-1) r14(-1) ,rflags ,CMP,5,JNZ,2,TEST,2,CALL_NEAR,5,MOV,3,LEA,5,JMP,2,NOP,4,XOR,2,JMP,2,0,0,0,0,0,JE,0,0,1,0,0,0,JMP,1,0,4482678,4482640,4482685,0,1,0,0,fortran,2.532584767364744e-11,0.0,0,1,0
0x446674,JNZ,8,6,-36,2,0x446672,TEST,1,NonLeaf,eax(-1) eax(-1) ,rflags ,TEST,2,CALL_NEAR,5,MOV,3,MOV,3,LEA,4,CMP,5,JNZ,2,LEA,5,JMP,2,NOP,4,0,0,0,0,0,JE,0,0,1,0,0,0,JNE,0,0,4482674,4482640,4482678,0,0,0,0,fortran,1.0130339069458976e-10,0.75,1,0,1
0x446661,JNZ,806,798,-17,2,0x44665d,CMP,1,NonLeaf,r12w(-1) rbx(-1) ,rflags ,CMP,4,JZ,2,TEST,3,MOV,4,ADD,4,LEA,4,MOV,3,MOV,3,CALL_NEAR,5,TEST,2,1,1,0,0,0,JE,0,0,1,0,0,0,CALL,0,1,4482653,4482640,4482659,0,0,0,1,fortran,1.0206316612479918e-08,0.9900744416873448,1,1,1
0x44665b,JZ,804,17,-69,2,0x446658,TEST,1,NonLeaf,rbx(MOV) rbx(MOV) ,rflags ,TEST,3,MOV,4,ADD,4,NOP,9,JMP,2,CMP,4,JNZ,2,LEA,4,MOV,3,MOV,3,0,0,1,0,0,RET,1,0,0,0,1,1,JNE,0,0,4482640,4482582,4482653,1,0,0,0,fortran,1.0180990764806271e-08,0.0211442786069651,0,0,0
0x446643,JNZ,19,19,26,2,0x446640,TEST,1,NonLeaf,rbx(MOV) rbx(MOV) ,rflags ,TEST,3,LEA,4,MOV,4,LEA,4,MOVZX,4,JMP,2,NOP,9,ADD,4,MOV,4,TEST,3,0,1,0,1,0,JNE,0,0,1,0,0,0,JMP,0,0,4482608,4482653,4482629,0,0,0,0,fortran,2.405955528996507e-10,1.0,1,1,1
0x4465e8,JNZ,19,19,72,2,0x4465e4,CMP,1,NonLeaf,rbx(-1) ,rflags ,CMP,4,JZ,6,TEST,2,MOVZX,3,MOV,3,MOV,4,OR,3,TEST,3,JNZ,2,JMP,2,0,1,0,0,0,JNE,0,0,1,0,0,0,JNE,0,0,4482532,4482608,4482538,1,0,0,0,fortran,2.405955528996507e-10,1.0,1,1,1
0x4465de,JZ,19,0,170,6,0x4465dc,TEST,1,NonLeaf,al(MOVZX) al(MOVZX) ,rflags ,TEST,2,MOVZX,3,MOV,3,JZ,6,TEST,3,CMP,4,JNZ,2,MOV,4,OR,3,TEST,3,0,0,0,0,0,JMP,0,0,1,0,0,0,JNE,0,0,4482518,4482696,4482532,0,0,0,0,fortran,2.405955528996507e-10,0.0,0,0,0
0x4465d0,JZ,19,0,184,6,0x4465cd,TEST,1,NonLeaf,rbp(MOV) rbp(MOV) ,rflags ,TEST,3,MOV,7,CALL_NEAR,5,SUB,4,MOV,3,MOV,3,MOVZX,3,TEST,2,JZ,6,CMP,4,0,1,0,0,0,JMP,0,0,1,0,0,0,JE,0,0,4482502,4482696,4482518,0,0,0,0,fortran,2.405955528996507e-10,0.0,0,0,0
0x445ef2,JB,14,12,-39,2,0x445eef,CMP,1,NonLeaf,r15(-1) r14(MOV) ,rflags ,CMP,3,MOV,3,JNS,2,TEST,2,CALL_NEAR,3,ADD,4,XOR,2,POP,1,POP,1,POP,2,0,0,0,1,1,CALL,0,1,0,0,0,0,RET,1,0,4480748,4480715,4480756,0,0,1,0,fortran,1.7728093371553206e-10,0.8571428571428571,1,1,1
0x445eea,JNS,14,0,-42,2,0x445ee8,TEST,1,NonLeaf,eax(-1) eax(-1) ,rflags ,TEST,2,CALL_NEAR,3,MOV,3,ADD,5,IMUL,4,MOV,3,CMP,3,JB,2,ADD,4,XOR,2,0,1,0,0,0,JE,0,0,1,0,0,0,JB,0,0,4480744,4480704,4480748,0,0,0,0,fortran,1.7728093371553206e-10,0.0,0,0,0
0x445eb6,JNZ,2,2,21,2,0x445eaa,TEST,1,NonLeaf,rdx(-1) rdx(-1) ,rflags ,MOV,5,MOV,4,TEST,3,SUB,4,PUSH,1,JMP,2,NOP,6,JZ,2,LEA,4,CMP,3,0,1,0,1,0,CALL,0,1,1,0,0,0,JMP,0,0,4480656,4480715,4480696,0,0,1,0,fortran,2.532584767364744e-11,1.0,1,0,1
0x445b66,JBE,10,0,7,2,0x445b63,CMP,1,Leaf,eax(LEA) ,rflags ,CMP,3,LEA,3,INVALID,0,INVALID,0,INVALID,0,JMP,5,MOV,7,MOV,7,OR,3,RET_NEAR,1,0,1,0,0,0,RET,0,0,1,0,0,0,JMP,0,0,4479840,4479853,4479848,0,0,1,0,fortran,1.266292383682372e-10,0.0,0,0,0
0x445a8b,JZ,10,0,-14,2,0x445a88,TEST,1,Leaf,r8(-1) r8(-1) ,rflags ,TEST,3,NOP,3,RET_NEAR,1,ADD,7,JNS,2,MOV,5,MOV,3,MOV,5,MOV,4,MOV,4,0,0,0,0,0,RET,0,0,1,0,0,0,RET,0,0,4479624,4479613,4479629,0,0,0,1,fortran,1.266292383682372e-10,0.0,0,0,0
0x445a7b,JNS,10,10,13,2,0x445a79,TEST,1,Leaf,edx(-1) edx(-1) ,rflags ,TEST,2,JNBE,6,MOV,3,CMP,6,SYSCALL,2,ADD,7,RET_NEAR,1,NOP,3,TEST,3,JZ,2,0,1,0,0,0,JE,0,0,0,0,0,0,RET,0,0,4479609,4479624,4479613,0,0,0,0,fortran,1.266292383682372e-10,1.0,1,1,1
0x445a73,JNBE,10,0,207,6,0x445a6a,CMP,1,Leaf,rax(-1) ,rflags ,MOV,3,CMP,6,SYSCALL,2,MOV,2,MOV,3,TEST,2,JNS,2,ADD,7,RET_NEAR,1,NOP,3,0,1,0,0,0,JMP,0,0,1,0,0,0,JNS,0,0,4479594,4479810,4479609,0,0,1,0,fortran,1.266292383682372e-10,0.0,0,0,0
0x44597d,JZ,10,0,187,6,0x445977,TEST,1,Leaf,rsi(-1) rsi(-1) ,rflags ,MOV,3,TEST,3,SUB,7,INVALID,0,INVALID,0,MOV,4,MOV,3,MOV,5,MOV,4,MOV,5,0,1,1,0,0,SYSCALL,0,1,1,0,0,0,MOV,0,0,4479344,4479544,4479363,1,0,0,1,fortran,1.266292383682372e-10,0.0,0,0,0
0x44584f,JZ,10,0,121,2,0x44584b,CMP,1,NonLeaf,rsi(-1) ,rflags ,CMP,4,JNBE,2,CMP,3,MOV,3,LEA,3,SUB,7,XOR,2,MOV,5,MOV,4,LEA,5,0,0,0,0,0,RET,1,0,1,0,0,0,MOV,0,0,4479051,4479176,4479057,0,1,1,1,fortran,1.266292383682372e-10,0.0,0,0,0
0x445849,JNBE,10,0,127,2,0x445846,CMP,1,NonLeaf,edx(LEA) ,rflags ,CMP,3,MOV,3,LEA,3,INVALID,0,INVALID,0,CMP,4,JZ,2,SUB,7,XOR,2,MOV,5,0,1,0,0,0,RET,1,0,1,0,0,0,JE,0,0,4479040,4479176,4479051,0,0,1,0,fortran,1.266292383682372e-10,0.0,0,0,0
0x4bdf7a,JZ,1,0,14,2,0x4bdf75,AND,1,NonLeaf,eax(AND) ,eax rflags ,AND,5,JNZ,2,CMP,3,OR,9,SUB,7,LEA,4,SUB,3,OR,5,LEA,5,MOV,3,0,1,1,0,0,CALL,0,1,1,0,0,0,OR,0,0,4972405,4972424,4972412,0,0,1,1,fortran,1.266292383682372e-11,0.0,0,0,0
0x4bb19f,JZ,1,0,234,6,0x4bb19c,TEST,1,NonLeaf,r8(-1) r8(-1) ,rflags ,TEST,3,ADD,2,SETNZ,3,CMP,4,XOR,2,LEA,4,MOV,3,AND,3,SHR,4,NEG,3,0,1,1,0,0,JE,0,0,1,0,0,0,JA,0,0,4960657,4960905,4960677,0,0,1,0,fortran,1.266292383682372e-11,0.0,0,0,0
0x44039b,JNZ,3,2,-11,2,0x440397,SUB,1,NonLeaf,rbx(SUB) ,rbx rflags ,SUB,4,CALL_NEAR,7,NOP,10,JZ,2,TEST,3,POP,1,JMP,5,INVALID,0,INVALID,0,INVALID,0,0,0,0,1,1,CALL,0,1,0,1,0,0,JMP,1,0,4457367,4457360,4457373,0,0,1,0,fortran,3.798877151047116e-11,0.6666666666666666,1,1,1
0x440384,JZ,1,0,25,2,0x440381,TEST,1,NonLeaf,rbx(SAR) rbx(SAR) ,rflags ,TEST,3,SAR,4,SUB,7,MOV,5,PUSH,1,NOP,10,CALL_NEAR,7,SUB,4,JNZ,2,POP,1,0,1,1,0,0,JMP,0,0,1,0,0,0,NOP,0,0,4457328,4457373,4457350,0,0,0,0,fortran,1.266292383682372e-11,0.0,0,0,0
0x44035e,JNZ,3,2,-22,2,0x44035b,CMP,1,NonLeaf,rbx(ADD) r14(-1) ,rflags ,CMP,3,ADD,4,CALL_NEAR,7,MOV,2,MOV,3,POP,1,POP,1,POP,2,POP,2,POP,2,0,0,0,1,1,CALL,0,1,0,1,0,0,RET,1,0,4457303,4457288,4457312,0,0,1,0,fortran,3.798877151047116e-11,0.6666666666666666,1,1,1
0x440343,JZ,1,0,29,2,0x440340,TEST,1,NonLeaf,r14(-1) r14(-1) ,rflags ,TEST,3,CALL_NEAR,5,SAR,4,SUB,7,XOR,2,NOP,3,MOV,3,MOV,3,MOV,2,CALL_NEAR,7,0,1,1,0,0,RET,0,0,1,0,0,0,NOP,0,0,4457280,4457312,4457285,0,0,0,0,fortran,1.266292383682372e-11,0.0,0,0,0
0x440306,JZ,1,1,34,2,0x440303,TEST,1,NonLeaf,r14(SAR) r14(SAR) ,rflags ,TEST,3,XOR,2,PUSH,1,MOV,2,PUSH,1,NOP,8,MOV,3,MOV,3,MOV,2,CALL_NEAR,7,0,1,1,0,0,CALL,0,1,1,0,0,0,NOP,0,0,4457184,4457256,4457224,0,0,1,0,fortran,1.266292383682372e-11,1.0,1,0,1
0x4401ed,JZ,1,0,99,2,0x440197,TEST,1,NonLeaf,rbx(-1) rbx(-1) ,rflags ,MOV,11,MOV,11,MOV,11,MOV,11,MOV,11,LEA,5,XOR,2,DIV,3,MOV,7,MOV,11,0,1,0,0,0,JMP,0,0,1,0,0,0,DIV,0,0,4456848,4457040,4456943,0,0,0,0,fortran,1.266292383682372e-11,0.0,0,0,0
0x440174,JZ,1,1,28,2,0x440172,TEST,1,NonLeaf,eax(-1) eax(-1) ,rflags ,TEST,2,SYSCALL,2,MOV,4,MOV,3,MOV,8,MOV,5,CALL_NEAR,5,MOV,3,MOV,3,SUB,3,0,1,0,0,0,JE,0,0,1,0,0,0,CALL,0,1,4456818,4456848,4456822,0,0,1,1,fortran,1.266292383682372e-11,1.0,1,0,1
0x440110,JZ,1,0,112,2,0x44010d,TEST,1,NonLeaf,rbx(-1) rbx(-1) ,rflags ,TEST,3,AND,3,NEG,3,MOV,11,MOV,3,LEA,5,XOR,2,MOV,3,DIV,3,IMUL,4,0,1,0,0,0,JMP,0,0,1,0,0,0,ADD,0,0,4456692,4456832,4456722,0,0,0,0,fortran,1.266292383682372e-11,0.0,0,0,0
0x44009c,JNZ,4,3,-12,2,0x440099,CMP,1,NonLeaf,rcx(-1) ,rflags ,CMP,3,JNB,2,CMP,3,ADD,4,NOP,6,MOV,4,MOV,4,MOV,4,MOV,4,CMP,3,1,1,0,0,0,JAE,0,0,1,0,0,0,JMP,1,0,4456601,4456592,4456606,1,0,0,0,fortran,5.065169534729488e-11,0.75,1,1,1
0x440097,JNB,3,0,41,2,0x440094,CMP,1,NonLeaf,rcx(ADD) rax(-1) ,rflags ,CMP,3,ADD,4,NOP,6,JMP,2,JB,2,CMP,3,JNZ,2,MOV,4,MOV,4,MOV,4,0,0,0,0,0,XOR,1,0,0,0,1,1,JNE,0,0,4456592,4456640,4456601,0,0,0,0,fortran,3.798877151047116e-11,0.0,0,0,0
0x440086,JB,1,1,19,2,0x440083,CMP,1,NonLeaf,rcx(-1) rax(ADD) ,rflags ,CMP,3,ADD,3,SUB,3,SHL,4,LEA,8,JMP,2,NOP,6,ADD,4,CMP,3,JNB,2,0,1,0,1,0,JNE,0,0,1,0,0,0,JMP,0,0,4456554,4456601,4456584,0,0,0,0,fortran,1.266292383682372e-11,1.0,1,1,1
0x440068,JZ,1,0,88,2,0x440065,TEST,1,NonLeaf,rcx(MOV) rcx(MOV) ,rflags ,TEST,3,MOV,7,SUB,4,PUSH,1,PUSH,1,MOV,7,LEA,8,SHL,4,SUB,3,ADD,3,0,1,0,0,0,XOR,0,0,1,0,0,0,JB,0,0,4456528,4456640,4456554,0,0,0,0,fortran,1.266292383682372e-11,0.0,0,0,0
0x43ff56,JZ,1,0,-1133,6,0x43ff48,AND,1,NonLeaf,ecx(AND) ,ecx rflags ,MOV,8,AND,6,JZ,2,CMP,4,JZ,2,JMP,5,LEA,4,CMP,3,JBE,6,NOP,2,0,0,1,0,0,JLE,0,0,1,0,0,0,JMP,0,0,4456264,4455145,4456284,0,0,0,0,fortran,1.266292383682372e-11,0.0,0,0,0
0x43ff46,JZ,1,0,-98,2,0x43ff42,CMP,1,NonLeaf,r15d(-1) ,rflags ,CMP,4,JZ,2,CMP,4,JBE,2,JMP,5,AND,6,MOV,8,JZ,6,JMP,5,LEA,4,0,0,0,0,0,JMP,0,0,0,0,0,0,JE,0,0,4456258,4456164,4456264,0,0,1,1,fortran,1.266292383682372e-11,0.0,0,0,0
0x43ff40,JZ,1,0,-92,2,0x43ff3c,CMP,1,NonLeaf,r15d(-1) ,rflags ,CMP,4,JBE,2,JMP,5,JNBE,6,CMP,3,CMP,4,JZ,2,AND,6,MOV,8,JZ,6,0,0,0,0,0,JMP,0,0,1,0,0,0,JE,0,0,4456252,4456164,4456258,0,0,1,0,fortran,1.266292383682372e-11,0.0,0,0,0
0x43ff3a,JBE,1,0,88,2,0x43ff2c,CMP,0,NonLeaf,eax(-1) ,rflags ,JMP,5,JNBE,6,CMP,3,MOV,8,AND,3,CMP,4,JZ,2,CMP,4,JZ,2,AND,6,0,1,0,0,0,JE,0,0,1,0,0,0,JE,0,0,4456250,4456338,4456252,0,0,0,0,fortran,1.266292383682372e-11,0.0,0,1,0
0x43feda,JNZ,1,1,96,2,0x43fed6,CMP,1,NonLeaf,r15d(-1) ,rflags ,CMP,4,JMP,5,MOV,6,MOV,8,OR,3,MOV,2,OR,6,OR,6,MOV,8,MOV,6,0,1,0,0,0,JBE,0,0,1,0,0,0,OR,0,0,4456150,4456250,4456156,0,0,0,0,fortran,1.266292383682372e-11,1.0,1,1,1
0x43fe13,JNBE,1,1,195,6,0x43fe09,CMP,0,NonLeaf,r15d(-1) ,rflags ,JZ,6,CMP,4,JBE,6,JZ,6,CMP,4,CMP,4,NOP,3,JZ,6,JNBE,6,CMP,4,0,1,0,0,0,JNE,0,0,1,0,0,0,JE,0,0,4455955,4456150,4455961,0,0,0,0,fortran,1.266292383682372e-11,1.0,1,0,1
0x43fe0d,JZ,1,0,215,6,0x43fe09,CMP,1,NonLeaf,r15d(-1) ,rflags ,CMP,4,JBE,6,JZ,6,CMP,4,ADD,3,JNBE,6,CMP,4,NOP,3,JZ,6,JNBE,6,0,0,0,0,0,JMP,0,0,1,0,0,0,JA,0,0,4455945,4456164,4455955,0,0,1,0,fortran,1.266292383682372e-11,0.0,0,0,0
0x43fe03,JBE,1,0,154,6,0x43fdf9,CMP,0,NonLeaf,r15d(-1) ,rflags ,JZ,6,CMP,4,ADD,3,JNZ,6,MOV,8,CMP,4,JZ,6,JNBE,6,CMP,4,NOP,3,0,1,0,0,0,JE,0,0,1,0,0,0,JE,0,0,4455939,4456093,4455945,0,0,0,0,fortran,1.266292383682372e-11,0.0,0,0,0
0x43fdfd,JZ,1,0,231,6,0x43fdf9,CMP,1,NonLeaf,r15d(ADD) ,rflags ,CMP,4,ADD,3,JNZ,6,MOV,8,CMP,4,JBE,6,CMP,4,JZ,6,JNBE,6,CMP,4,0,1,0,0,0,JMP,0,0,1,0,0,0,JBE,0,0,4455926,4456164,4455939,0,0,1,0,fortran,1.266292383682372e-11,0.0,0,0,0
0x43fdf0,JNZ,1,0,-775,6,0x43fde4,CMP,1,NonLeaf,r14d(-1) ,rflags ,MOV,8,CMP,4,JZ,6,MOV,6,MOV,6,ADD,3,CMP,4,JZ,6,JBE,6,CMP,4,0,0,1,0,0,JLE,0,0,1,0,0,0,JE,0,0,4455908,4455145,4455926,0,0,0,0,fortran,1.266292383682372e-11,0.0,0,0,0
0x43fdde,JZ,1,0,151,6,0x43fdc2,CMP,1,NonLeaf,r14d(AND) ,rflags ,MOV,6,MOV,6,MOV,6,MOV,6,CMP,4,CMP,4,MOV,8,JNZ,6,ADD,3,CMP,4,0,1,0,0,0,JMP,0,0,1,0,0,0,JNE,0,0,4455817,4456053,4455908,0,0,1,1,fortran,1.266292383682372e-11,0.0,0,0,0
0x43fd74,JZ,1,1,-572,6,0x43fd6d,TEST,1,NonLeaf,rip(JZ) ,rflags ,TEST,7,OR,10,JZ,2,AND,6,JZ,6,OR,10,JMP,5,MOV,6,MOV,5,CPUID,2,0,0,1,0,0,JLE,0,0,1,0,0,0,JMP,0,0,4455789,4455224,4455802,0,0,0,1,fortran,1.266292383682372e-11,1.0,1,1,1
0x43fd61,JZ,1,0,12,2,0x43fd5b,AND,1,NonLeaf,esi(AND) ,esi rflags ,AND,6,JZ,6,CMP,5,AND,5,OR,10,OR,10,TEST,7,JZ,6,OR,10,JMP,5,0,1,1,0,0,JE,0,0,1,0,0,0,OR,0,0,4455771,4455789,4455779,0,0,0,1,fortran,1.266292383682372e-11,0.0,0,1,0
0x43fd55,JZ,1,0,248,6,0x43fd50,CMP,1,NonLeaf,eax(AND) ,rflags ,CMP,5,AND,5,OR,10,JZ,2,TEST,3,AND,6,JZ,2,OR,10,TEST,7,JZ,6,0,1,0,0,0,JE,0,0,1,1,0,0,JE,0,0,4455755,4456013,4455771,0,0,0,0,fortran,1.266292383682372e-11,0.0,0,0,0
0x43fd3f,JZ,1,0,12,2,0x43fd3c,TEST,1,NonLeaf,dl(MOV) ,rflags ,TEST,3,MOV,6,OR,7,JZ,2,TEST,6,OR,10,AND,5,CMP,5,JZ,6,AND,6,0,1,1,0,0,JE,0,0,1,0,0,0,OR,0,0,4455734,4455755,4455745,0,0,0,1,fortran,1.266292383682372e-11,0.0,0,1,0
0x43fd2d,JZ,1,0,9,2,0x43fd27,TEST,1,NonLeaf,esi(-1) ,rflags ,TEST,6,JMP,5,MOV,6,MOV,6,MOV,6,OR,7,MOV,6,TEST,3,JZ,2,OR,10,0,1,1,0,0,JE,0,0,1,0,0,0,OR,0,0,4455719,4455734,4455727,0,0,0,1,fortran,1.266292383682372e-11,0.0,0,1,0
0x43fc2d,JZ,1,0,35,2,0x43fc26,ADD,1,NonLeaf,eax(ADD) rsp(-1) ,eax rflags ,ADD,7,MOV,7,JMP,2,XOR,2,XOR,2,OR,10,ADD,3,AND,3,MOV,7,NOP,10,0,0,1,0,0,CALL,0,1,1,0,0,0,NOP,0,0,4455455,4455504,4455471,1,1,1,1,fortran,1.266292383682372e-11,0.0,0,1,0
0x43fc17,JB,30,5,-63,2,0x43fc13,BT,1,NonLeaf,r11d(-1) edi(ADD) ,rflags ,BT,4,ADD,3,ADD,4,ADD,4,JZ,2,XOR,2,XOR,2,JMP,2,MOV,7,ADD,7,1,1,0,0,0,CPUID,0,0,1,0,0,0,JMP,0,0,4455443,4455384,4455449,0,0,0,0,fortran,3.798877151047116e-10,0.1666666666666666,0,1,0
0x43fc06,JZ,29,1,25,2,0x43fbfd,CMP,1,NonLeaf,r8d(-1) ,rflags ,MOV,5,CMP,4,AND,3,ADD,3,JZ,2,ADD,4,ADD,4,ADD,3,BT,4,JB,2,0,1,1,0,0,JE,1,0,0,0,0,0,ADD,0,0,4455421,4455455,4455432,0,1,0,0,fortran,3.6722479126788785e-10,0.0344827586206896,0,0,0
0x43fbf5,JZ,29,29,8,2,0x43fbf2,AND,1,NonLeaf,ecx(AND) ,ecx rflags ,AND,3,ADD,4,MOV,4,JZ,2,MOV,4,ADD,3,AND,3,CMP,4,MOV,5,JZ,2,0,1,1,0,0,JE,0,0,1,0,0,0,AND,0,0,4455402,4455421,4455415,0,0,1,0,fortran,3.6722479126788785e-10,1.0,1,1,1
0x43fbe8,JZ,30,1,32,2,0x43fbe1,CMP,1,NonLeaf,edi(-1) ,rflags ,MOV,4,CMP,3,CPUID,2,MOV,2,MOV,5,MOV,4,ADD,4,AND,3,JZ,2,ADD,3,0,1,0,0,0,ADD,0,0,1,1,0,0,JE,0,0,4455393,4455432,4455402,1,0,0,0,fortran,3.798877151047116e-10,0.0333333333333333,0,0,0
0x43fb72,JZ,1,0,222,6,0x43fb70,TEST,1,NonLeaf,al(-1) ,rflags ,TEST,2,CPUID,2,MOV,2,MOV,7,MOV,2,MOV,8,MOV,8,XOR,2,MOV,8,MOV,11,0,0,1,0,0,CALL,0,1,1,0,0,0,JMP,0,0,4455256,4455504,4455288,0,0,1,1,fortran,1.266292383682372e-11,0.0,0,0,0
0x43fb52,JZ,1,0,254,6,0x43fb50,TEST,1,NonLeaf,ebx(-1) ebx(-1) ,rflags ,TEST,2,CPUID,2,MOV,2,XOR,2,MOV,5,ADD,3,MOV,5,AND,3,MOV,2,MOV,7,0,0,1,0,0,CALL,0,1,1,0,0,0,JE,0,0,4455237,4455504,4455256,0,1,1,1,fortran,1.266292383682372e-11,0.0,0,0,0
0x43fb3f,JLE,1,0,273,6,0x43fb38,CMP,1,NonLeaf,rip(JLE) ,rflags ,CMP,7,JZ,6,CMP,3,AND,3,MOV,2,MOV,5,XOR,2,MOV,2,CPUID,2,TEST,2,0,0,1,0,0,CALL,0,1,1,0,0,0,JE,0,0,4455224,4455504,4455237,0,0,1,0,fortran,1.266292383682372e-11,0.0,0,0,0
0x43fb32,JZ,1,1,501,6,0x43fb2f,CMP,1,NonLeaf,edx(AND) ,rflags ,CMP,3,AND,3,MOV,2,XGETBV,3,XOR,2,CMP,7,JLE,6,MOV,5,XOR,2,MOV,2,0,1,0,0,0,JE,0,0,1,1,0,0,JLE,0,0,4455205,4455719,4455224,0,0,0,0,fortran,1.266292383682372e-11,1.0,1,0,1
0x43fb1f,JZ,1,0,305,6,0x43fb19,TEST,1,NonLeaf,esi(MOV) ,rflags ,TEST,6,MOV,6,MOV,6,MOV,6,MOV,6,XOR,2,XGETBV,3,MOV,2,AND,3,CMP,3,0,1,1,0,0,CALL,0,1,1,0,0,0,JE,0,0,4455187,4455504,4455205,0,0,1,0,fortran,1.266292383682372e-11,0.0,0,0,0
0x43faf0,JLE,1,0,35,2,0x43fae9,CMP,1,NonLeaf,rip(JLE) ,rflags ,CMP,7,MOV,8,XOR,3,XOR,3,JZ,6,MOV,5,XOR,2,CPUID,2,MOV,6,MOV,6,0,1,1,0,0,JE,0,0,1,0,0,0,MOV,0,0,4455145,4455187,4455154,0,0,0,1,fortran,1.266292383682372e-11,0.0,0,0,0
0x43fac9,JZ,1,1,704,6,0x43fac3,CMP,1,NonLeaf,edx(-1) ,rflags ,CMP,6,JNZ,2,CMP,6,JNZ,2,MOV,6,CMP,6,JZ,6,XOR,3,XOR,3,MOV,8,0,1,0,0,0,JE,0,0,0,0,0,0,JE,0,0,4455107,4455817,4455119,1,0,1,0,fortran,1.266292383682372e-11,1.0,1,0,1
0x43fac1,JNZ,1,0,14,2,0x43fabb,CMP,1,NonLeaf,ecx(-1) ,rflags ,CMP,6,JNZ,2,MOV,6,MOV,5,MOV,4,CMP,6,JZ,6,CMP,6,JZ,6,XOR,3,0,0,0,0,0,JE,0,0,1,0,0,0,JE,0,0,4455099,4455119,4455107,0,0,0,0,fortran,1.266292383682372e-11,0.0,0,0,0
0x43fab9,JNZ,1,0,22,2,0x43fa9f,CMP,1,NonLeaf,ebx(-1) ,rflags ,MOV,6,MOV,5,MOV,4,MOV,5,CMP,6,CMP,6,JNZ,2,CMP,6,JZ,6,CMP,6,0,1,0,0,0,JE,0,0,1,0,0,0,JNE,0,0,4455040,4455119,4455099,0,0,0,0,fortran,1.266292383682372e-11,0.0,0,1,0
0x43f9d1,JNZ,1,0,124,2,0x43f9cf,TEST,1,NonLeaf,eax(-1) eax(-1) ,rflags ,TEST,2,CALL_NEAR,5,LEA,5,CALL_NEAR,3,MOV,4,MOV,9,MOV,5,MOV,9,MOV,5,LEA,5,0,1,0,0,0,CALL,0,1,1,0,0,0,CALL,0,1,4454863,4454989,4454867,0,0,1,1,fortran,1.266292383682372e-11,0.0,0,0,0
0x43f9b0,JZ,1,0,21,2,0x43f9ad,TEST,1,NonLeaf,r13(-1) r13(-1) ,rflags ,TEST,3,JNZ,6,TEST,2,MOV,6,CALL_NEAR,5,MOV,7,MOV,5,MOV,4,CALL_NEAR,3,LEA,5,0,1,1,0,0,CALL,0,1,1,0,0,0,CALL,0,1,4454829,4454853,4454834,0,0,1,1,fortran,1.266292383682372e-11,0.0,0,0,0
0x43f9a7,JNZ,1,0,194,6,0x43f9a5,TEST,1,NonLeaf,eax(MOV) eax(MOV) ,rflags ,TEST,2,MOV,6,CALL_NEAR,5,MOV,3,XOR,2,TEST,3,JZ,2,MOV,7,MOV,5,MOV,4,0,1,0,0,0,CALL,0,1,1,1,0,0,JE,0,0,4454815,4455017,4454829,0,0,1,0,fortran,1.266292383682372e-11,0.0,0,0,0
0x43f991,JZ,1,0,14,2,0x43f98e,TEST,1,NonLeaf,r14(-1) r14(-1) ,rflags ,TEST,3,CALL_NEAR,5,MOV,4,MOV,5,MOV,7,XOR,2,XOR,2,MOV,3,CALL_NEAR,5,MOV,6,0,1,1,0,0,JNE,0,0,1,0,0,0,CALL,0,1,4454798,4454815,4454803,0,0,0,1,fortran,1.266292383682372e-11,0.0,0,0,0
0x43f96b,JZ,1,1,14,2,0x43f968,TEST,1,NonLeaf,r12(-1) r12(-1) ,rflags ,TEST,3,MOV,9,MOV,4,MOV,9,XOR,2,XOR,2,XOR,2,MOV,3,CALL_NEAR,5,MOV,7,0,1,1,0,0,CALL,0,1,1,0,0,0,CALL,0,1,4454726,4454777,4454765,0,0,1,1,fortran,1.266292383682372e-11,1.0,1,0,1
0x43f92f,JB,15,14,-31,2,0x43f928,CMP,1,NonLeaf,rbx(ADD) ,rflags ,CMP,7,MOV,4,ADD,4,CALL_NEAR,3,JNZ,6,MOV,7,MOV,5,MOV,4,CALL_NEAR,5,MOV,7,0,1,0,0,0,JNE,0,0,0,0,0,0,CALL,1,1,4454688,4454672,4454705,0,0,0,1,fortran,1.899438575523558e-10,0.9333333333333332,1,1,1
0x43f917,JNZ,14,0,270,6,0x43f910,CMP,1,NonLeaf,rbx(-1) ,rflags ,MOV,3,CMP,4,NOP,2,JMP,2,MOV,5,CALL_NEAR,3,ADD,4,MOV,4,CMP,7,JB,2,0,0,0,0,0,CALL,1,1,0,0,1,1,CALL,0,1,4454672,4454949,4454685,0,0,1,1,fortran,1.7728093371553206e-10,0.0,0,0,0
0x43f901,JNZ,1,0,292,6,0x43f8f3,CMP,1,NonLeaf,rip(JNZ) ,rflags ,MOV,7,CMP,7,JNB,2,CMP,6,MOV,5,MOV,5,JMP,2,NOP,2,CMP,4,MOV,3,0,1,0,0,0,CALL,0,1,1,0,0,0,JMP,0,0,4454643,4454949,4454663,0,0,1,0,fortran,1.266292383682372e-11,0.0,0,0,0
0x43f8f1,JNB,1,0,64,2,0x43f8eb,CMP,1,NonLeaf,rax(MOV) ,rflags ,CMP,6,MOV,5,JLE,6,CMP,5,MOV,6,CMP,7,MOV,7,JNZ,6,MOV,5,JMP,2,0,1,0,0,0,CALL,0,1,1,0,0,0,JNE,0,0,4454630,4454705,4454643,0,0,1,0,fortran,1.266292383682372e-11,0.0,0,0,0
0x43f8e0,JLE,1,0,315,6,0x43f8db,CMP,1,NonLeaf,eax(-1) ,rflags ,CMP,5,MOV,6,JNZ,6,TEST,2,MOV,6,MOV,5,CMP,6,JNB,2,CMP,7,MOV,7,0,0,0,0,0,CALL,0,1,0,0,0,0,JAE,0,0,4454619,4454939,4454630,0,0,1,0,fortran,1.266292383682372e-11,0.0,0,0,0
0x43f8cf,JNZ,1,0,352,6,0x43f8cd,TEST,1,NonLeaf,edx(MOV) edx(MOV) ,rflags ,TEST,2,MOV,6,JS,6,TEST,2,CALL_NEAR,5,MOV,6,CMP,5,JLE,6,MOV,5,CMP,6,0,1,0,0,0,JBE,0,0,1,0,0,0,MOV,0,0,4454599,4454959,4454613,0,0,0,1,fortran,1.266292383682372e-11,0.0,0,0,0
0x43f8c1,JS,1,0,379,6,0x43f8bf,TEST,1,NonLeaf,eax(-1) eax(-1) ,rflags ,TEST,2,CALL_NEAR,5,JNZ,2,TEST,2,MOV,6,MOV,6,TEST,2,JNZ,6,MOV,6,CMP,5,0,1,0,0,0,CALL,0,1,1,0,0,0,JNE,0,0,4454591,4454972,4454599,0,0,1,0,fortran,1.266292383682372e-11,0.0,0,0,0
0x43f8b8,JNZ,1,0,46,2,0x43f8b6,TEST,1,NonLeaf,edx(MOV) edx(MOV) ,rflags ,TEST,2,MOV,6,CALL_NEAR,5,JNZ,2,CMP,5,CALL_NEAR,5,TEST,2,JS,6,MOV,6,TEST,2,0,1,0,0,0,JAE,0,0,1,0,0,0,CALL,0,1,4454576,4454630,4454586,0,0,0,1,fortran,1.266292383682372e-11,0.0,0,1,0
0x43f85e,JZ,1,0,488,6,0x43f84d,TEST,1,NonLeaf,rax(MOV) rax(MOV) ,rflags ,MOV,5,MOV,4,MOV,5,TEST,3,SUB,7,MOV,6,XOR,2,TEST,2,SETZ,3,MOV,6,0,1,0,0,0,JMP,0,0,1,0,0,0,SETE,0,0,4454448,4454982,4454500,0,0,0,0,fortran,1.266292383682372e-11,0.0,0,0,0
0x43f58d,JZ,1,0,81,2,0x43f58a,TEST,1,NonLeaf,rbx(-1) rbx(-1) ,rflags ,TEST,3,CALL_NEAR,5,LEA,7,JZ,2,TEST,3,MOV,3,POP,1,POP,1,POP,2,RET_NEAR,1,0,1,0,0,0,CALL,0,1,1,0,0,0,RET,0,0,4453770,4453854,4453775,0,1,1,0,fortran,1.266292383682372e-11,0.0,0,0,0
0x43f57c,JZ,1,1,14,2,0x43f579,TEST,1,NonLeaf,r12(-1) r12(-1) ,rflags ,TEST,3,MOV,3,MOV,4,JNZ,2,CMP,4,LEA,7,CALL_NEAR,5,TEST,3,JZ,2,MOV,3,0,1,1,0,0,JE,0,0,1,0,0,0,CALL,0,1,4453753,4453770,4453758,0,0,0,1,fortran,1.266292383682372e-11,1.0,1,1,1
0x43f512,JNZ,1,0,23,2,0x43f50e,CMP,1,NonLeaf,rax(-1) rbp(-1) ,rflags ,CMP,4,JZ,2,TEST,3,MOV,7,CALL_NEAR,5,JMP,5,NOP,7,CMP,4,JZ,2,MOV,3,0,1,0,1,0,JNE,0,0,1,0,0,0,JMP,0,0,4453646,4453673,4453652,0,0,0,0,fortran,1.266292383682372e-11,0.0,0,1,0
0x43f50c,JZ,1,0,38,2,0x43f509,TEST,1,NonLeaf,rax(MOV) rax(MOV) ,rflags ,TEST,3,MOV,7,CALL_NEAR,5,LEA,7,JZ,2,CMP,4,JNZ,2,JMP,5,NOP,7,CMP,4,0,1,0,0,0,JE,0,0,1,0,0,0,JNE,0,0,4453634,4453682,4453646,0,0,0,0,fortran,1.266292383682372e-11,0.0,0,0,0
0x43f4f4,JZ,1,1,14,2,0x43f4f1,TEST,1,NonLeaf,r12(MOV) r12(MOV) ,rflags ,TEST,3,MOV,7,JZ,6,TEST,2,MOV,2,LEA,7,CALL_NEAR,5,MOV,7,TEST,3,JZ,2,0,1,1,0,0,JE,0,0,1,0,0,0,CALL,0,1,4453610,4453634,4453622,0,0,0,1,fortran,1.266292383682372e-11,1.0,1,1,1
0x43f4e4,JZ,1,0,204,6,0x43f4e2,TEST,1,NonLeaf,eax(MOV) eax(MOV) ,rflags ,TEST,2,MOV,2,JZ,6,PUSH,1,MOV,3,MOV,7,TEST,3,JZ,2,LEA,7,CALL_NEAR,5,0,0,0,0,0,RET,0,0,1,0,0,0,JE,0,0,4453600,4453808,4453610,0,0,0,0,fortran,1.266292383682372e-11,0.0,0,0,0
0x43f4da,JZ,1,0,214,6,0x43f4d2,TEST,1,NonLeaf,rdi(-1) rdi(-1) ,rflags ,PUSH,1,MOV,3,PUSH,1,TEST,3,PUSH,2,MOV,2,TEST,2,JZ,6,MOV,7,TEST,3,0,1,0,0,0,RET,0,0,1,0,0,0,JE,0,0,4453584,4453808,4453600,0,0,0,0,fortran,1.266292383682372e-11,0.0,0,0,0
0x43f39d,JZ,1,1,45,2,0x43f36d,CMP,1,NonLeaf,rip(JZ) ,rflags ,MOV,4,MOV,4,MOV,4,MOV,4,MOV,3,LEA,7,CALL_NEAR,5,MOV,7,MOV,7,LEA,7,0,1,0,0,0,POP,0,0,1,0,0,0,CALL,0,1,4453229,4453322,4453279,0,0,1,1,fortran,1.266292383682372e-11,1.0,1,1,1
0x43f36b,JZ,1,0,114,2,0x43f368,TEST,1,NonLeaf,r8d(MOV) r8d(MOV) ,rflags ,TEST,3,MOV,3,JZ,2,TEST,3,INVALID,0,CMP,8,MOV,5,PUSH,1,MOV,7,MOV,8,0,0,0,0,0,RET,0,0,1,0,0,0,JE,0,0,4453221,4453341,4453229,0,0,0,1,fortran,1.266292383682372e-11,0.0,0,0,0
0x43f363,JZ,1,0,122,2,0x43f360,TEST,1,NonLeaf,rdi(-1) rdi(-1) ,rflags ,TEST,3,INVALID,0,INVALID,0,INVALID,0,INVALID,0,MOV,3,TEST,3,JZ,2,CMP,8,MOV,5,0,1,0,0,0,RET,0,0,1,0,0,0,JE,0,0,4453216,4453341,4453221,0,0,0,0,fortran,1.266292383682372e-11,0.0,0,0,0
0x436bcb,JBE,159,0,69,2,0x436bc8,CMP,1,Leaf,r8(-1) rsi(-1) ,rflags ,CMP,3,JNZ,2,MOV,3,MOV,3,PUSH,1,DIV,3,MOV,3,XOR,2,POP,1,POP,1,0,1,0,0,0,JNE,0,0,1,0,0,0,DIV,0,0,4418504,4418576,4418509,0,0,0,0,fortran,2.0134048900549717e-09,0.0,0,1,0
0x436bc6,JNZ,159,0,26,2,0x436bb2,TEST,1,Leaf,rcx(-1) rcx(-1) ,rflags ,MOV,3,MOV,3,PUSH,1,PUSH,1,MOV,3,CMP,3,JBE,2,DIV,3,MOV,3,XOR,2,0,1,0,0,0,JA,0,0,1,0,0,0,JBE,0,0,4418480,4418528,4418504,0,0,0,0,fortran,2.0134048900549717e-09,0.0,0,0,0
0x436a9e,JNBE,165,165,114,2,0x436a9b,CMP,1,Leaf,rdx(-1) rsi(-1) ,rflags ,CMP,3,JNZ,2,MOV,3,MOV,3,TEST,3,TEST,3,MOV,3,JNZ,2,MOV,5,XOR,2,0,1,0,0,0,RET,0,0,1,0,0,0,JNE,0,0,4418203,4418320,4418208,0,0,0,0,fortran,2.0893824330759132e-09,1.0,1,0,1
0x436a99,JNZ,165,0,55,2,0x436a90,TEST,1,Leaf,rcx(-1) rcx(-1) ,rflags ,MOV,3,MOV,3,TEST,3,INVALID,0,INVALID,0,CMP,3,JNBE,2,TEST,3,MOV,3,JNZ,2,0,1,0,0,0,JA,0,0,1,0,0,0,JA,0,0,4418192,4418256,4418203,0,0,0,0,fortran,2.0893824330759132e-09,0.0,0,0,0
0x432325,JNZ,7129126,4266718,-133,6,0x432322,CMP,1,NonLeaf,ebp(-1) r14d(-1) ,rflags ,CMP,3,CALL_NEAR,5,MOV,3,MOV,2,LEA,8,ADD,7,POP,1,POP,1,POP,2,POP,2,0,0,0,1,1,CALL,0,1,0,1,0,0,RET,1,0,4399906,4399776,4399915,1,0,1,0,fortran,9.027557956111974e-05,0.598491035226478,1,1,1
0x432297,JLE,2862408,0,148,6,0x432294,TEST,1,NonLeaf,r14d(-1) r14d(-1) ,rflags ,TEST,3,CALL_NEAR,5,MOV,5,MOV,5,MOV,3,NOP,3,LEA,8,LEA,8,MOV,2,NEG,8,0,1,1,0,0,RET,0,0,1,0,0,0,NOP,0,0,4399764,4399915,4399773,0,0,0,0,fortran,3.6246454493914913e-05,0.0,0,0,0
0x4321b1,JNZ,13702116,3717086,-9,2,0x4321af,CMP,1,NonLeaf,eax(SUB) edx(-1) ,rflags ,CMP,2,MULSD,4,SUB,3,NOP,7,XOR,2,MOVSD_XMM,8,JMP,5,MOV,2,MOV,3,JMP,2,1,1,1,1,1,JNE,0,0,0,1,0,0,JMP,1,0,4399528,4399528,4399539,1,0,0,0,fortran,0.0001735088513113,0.2712782463672034,0,1,0
0x432195,JNL,9991522,6492,30,2,0x432183,ADD,0,NonLeaf,rsp(-1) ,rsp rflags ,RET_NEAR,1,POP,2,POP,2,POP,2,POP,2,MOVSD_XMM,8,XOR,2,NOP,7,SUB,3,MULSD,4,0,1,1,0,0,JMP,1,0,1,0,0,0,NOP,0,0,4399509,4399539,4399511,0,0,0,0,fortran,0.0001265218820999,0.000649750858778,0,0,0
0x43203e,JNLE,3143525,3143525,417,6,0x43203c,TEST,1,NonLeaf,ecx(ADD) ecx(ADD) ,rflags ,TEST,2,ADD,2,MOV,7,LEA,4,LEA,4,MOV,2,SUB,3,JZ,6,MOVSXD,3,LEA,4,0,0,0,0,0,JMP,0,0,1,0,0,0,JE,0,0,4399144,4399583,4399172,0,0,0,0,fortran,3.9806217654151285e-05,1.0,1,0,1
0x432022,JLE,3143525,0,445,6,0x432020,TEST,1,NonLeaf,ebp(-1) ebp(-1) ,rflags ,TEST,2,NOP,5,JNLE,6,TEST,3,ADD,3,MOVSXD,3,LEA,4,LEA,4,MOV,7,ADD,2,0,1,0,0,0,JMP,0,0,1,0,0,0,JG,0,0,4399136,4399583,4399144,0,0,0,0,fortran,3.9806217654151285e-05,0.0,0,0,0
0x431fff,JNZ,1758858,1758858,-530,6,0x431ffd,CMP,1,NonLeaf,ecx(LEA) edx(-1) ,rflags ,CMP,2,LEA,3,JNL,2,CMP,2,ADD,3,SUB,3,ADDSD,4,LEA,3,ADD,3,TEST,3,0,0,0,0,0,JLE,0,0,1,0,0,0,JG,0,0,4399098,4398573,4399109,0,0,0,0,fortran,2.227228489378809e-05,1.0,1,0,1
0x431ff8,JNL,321654,321654,-16,2,0x431ff6,CMP,1,NonLeaf,ebx(-1) edx(ADD) ,rflags ,CMP,2,ADD,3,JNZ,2,CMP,6,MOVSXD,3,LEA,3,CMP,2,JNZ,6,SUB,3,ADDSD,4,1,1,0,0,0,JNE,0,0,0,1,0,0,JNE,1,0,4399091,4399080,4399098,0,0,0,0,fortran,4.073080103809697e-06,1.0,1,1,1
0x431ff1,JNZ,321654,321654,9,2,0x431feb,CMP,1,NonLeaf,r8(-1) rcx(MOVSXD) ,rflags ,CMP,6,MOVSXD,3,NOP,5,JMP,2,JZ,2,ADD,3,CMP,2,JNL,2,LEA,3,CMP,2,0,0,1,0,0,JNE,1,0,0,0,1,1,JGE,0,0,4399080,4399098,4399091,0,0,0,0,fortran,4.073080103809697e-06,1.0,1,0,1
0x431fdf,JZ,1758858,321654,20,2,0x431fda,CMP,1,NonLeaf,r8(-1) ,rflags ,CMP,5,JLE,2,MOV,5,CMP,3,JMP,5,JMP,2,NOP,5,MOVSXD,3,CMP,6,JNZ,2,0,1,0,1,0,JGE,0,0,1,0,0,0,JMP,0,0,4399066,4399091,4399073,0,0,0,0,fortran,2.227228489378809e-05,0.1828766165318633,0,1,0
0x431fd8,JLE,1758858,0,34,2,0x431fd0,CMP,1,NonLeaf,ebx(-1) ,rflags ,MOV,5,CMP,3,JMP,5,CALL_NEAR,5,LEA,8,CMP,5,JZ,2,JMP,2,NOP,5,MOVSXD,3,0,1,1,0,0,JNE,0,0,1,0,0,0,JE,0,0,4399056,4399098,4399066,0,0,0,0,fortran,2.227228489378809e-05,0.0,0,0,0
0x431fb8,JNZ,66956320,64172870,-64,2,0x431fb5,CMP,1,NonLeaf,eax(LEA) r12d(-1) ,rflags ,CMP,3,MOV,2,LEA,3,CALL_NEAR,5,MOV,2,MOV,4,LEA,8,CALL_NEAR,5,JMP,5,CMP,3,0,1,0,0,0,CALL,0,1,1,0,0,0,CALL,1,1,4399024,4398968,4399034,0,0,1,1,fortran,0.0008478627805539,0.9584288682532134,1,1,1
0x431f93,JLE,64172870,4064559,477,6,0x431f90,CMP,1,NonLeaf,r12d(-1) ebp(-1) ,rflags ,CMP,3,CALL_NEAR,5,ADD,3,LEA,8,LEA,8,LEA,8,LEA,8,MOV,2,CALL_NEAR,5,LEA,3,0,0,0,0,0,CALL,1,1,0,0,1,1,CALL,0,1,4398992,4399472,4399001,0,0,1,1,fortran,0.0008126161652003,0.0633376534351666,0,0,0
0x431f6a,JNZ,9991534,6848009,47,2,0x431f67,TEST,1,NonLeaf,r12d(-1) r12d(-1) ,rflags ,TEST,3,CALL_NEAR,5,MOV,3,MOV,2,LEA,8,JMP,5,NOP,7,LEA,8,LEA,8,ADD,3,0,1,0,1,0,CALL,0,1,1,0,0,0,JMP,0,0,4398951,4399001,4398956,0,0,1,0,fortran,0.000126522034055,0.6853811436762363,1,0,1
0x431f2a,JNZ,34026168,24034634,-114,2,0x431f27,CMP,1,NonLeaf,ebp(-1) ,rflags ,CMP,3,CALL_NEAR,5,MOV,3,MOV,2,LEA,8,LEA,8,LEA,8,LEA,8,MOV,2,XOR,2,0,0,0,1,1,CALL,0,1,0,1,0,0,CALL,1,1,4398887,4398776,4398892,0,0,1,1,fortran,0.0004308707738429,0.7063573541399079,1,1,1
0x431eb1,JLE,9991534,0,123,2,0x431eae,CMP,1,NonLeaf,ebp(-1) ,rflags ,CMP,3,CALL_NEAR,5,MOV,3,MOV,2,LEA,8,NOP,5,LEA,8,LEA,8,LEA,8,MOV,2,0,1,1,0,0,CALL,0,1,1,0,0,0,NOP,0,0,4398766,4398892,4398771,0,0,1,0,fortran,0.000126522034055,0.0,0,0,0
0x431df6,JLE,9991534,3143525,554,6,0x431df3,TEST,1,NonLeaf,r12d(ADD) r12d(ADD) ,rflags ,TEST,3,LEA,3,ADD,3,JZ,6,JP,2,MOVSXD,3,LEA,8,MOV,2,MOV,5,CALL_NEAR,5,0,0,0,0,0,JLE,0,0,0,0,0,0,MOVSXD,0,0,4398573,4399136,4398588,0,0,0,0,fortran,0.000126522034055,0.3146188563237637,0,0,0
0x431de7,JZ,9991534,1758858,489,6,0x431de1,UCOMISD,0,NonLeaf,xmm1(-1) xmm2(-1) ,rflags ,JP,2,UCOMISD,4,JNBE,2,UCOMISD,4,ADDSD,4,ADD,3,LEA,3,TEST,3,JLE,6,MOVSXD,3,0,1,0,0,0,JLE,0,0,0,0,0,0,JLE,0,0,4398567,4399056,4398573,0,0,0,0,fortran,0.000126522034055,0.1760348310879991,0,0,0
0x431de5,JP,9991534,0,8,2,0x431de1,UCOMISD,1,NonLeaf,xmm1(-1) xmm2(-1) ,rflags ,UCOMISD,4,JNBE,2,UCOMISD,4,ADDSD,4,SUB,3,JZ,6,ADD,3,LEA,3,TEST,3,JLE,6,0,1,0,0,0,JLE,0,0,1,0,0,0,JE,0,0,4398561,4398573,4398567,0,0,0,0,fortran,0.000126522034055,0.0,0,0,0
0x431ddf,JNBE,112088471,102725519,-15,2,0x431ddb,UCOMISD,1,NonLeaf,xmm2(-1) xmm1(ADDSD) ,rflags ,UCOMISD,4,ADDSD,4,SUB,3,ADDSD,4,NOP,7,UCOMISD,4,JP,2,JZ,6,ADD,3,LEA,3,1,1,1,1,1,JA,0,0,0,1,0,0,JP,1,0,4398544,4398544,4398561,1,0,0,0,fortran,0.001419367771259,0.9164681976971566,1,1,1
0x431dc7,JBE,9991534,628582,26,2,0x431dc3,UCOMISD,1,NonLeaf,xmm2(MOVSD_XMM) xmm1(MULSD) ,rflags ,UCOMISD,4,SHL,3,MOVSD_XMM,8,LEA,3,MULSD,4,NOP,7,ADDSD,4,SUB,3,ADDSD,4,UCOMISD,4,0,1,1,0,0,JP,1,0,1,0,0,0,NOP,0,0,4398507,4398561,4398537,0,0,0,0,fortran,0.000126522034055,0.0629114608427494,0,0,0
0x431da9,JNZ,12,0,-9,2,0x431da7,CMP,1,NonLeaf,eax(ADD) edx(-1) ,rflags ,CMP,2,MULSD,4,ADD,3,NOP,5,MOVSD_XMM,8,CVTSI2SD,6,MULSD,4,LEA,3,MOVSD_XMM,8,SHL,3,1,1,1,1,1,JNE,0,0,0,1,0,0,JBE,1,0,4398496,4398496,4398507,1,0,0,0,fortran,1.5195508604188463e-10,0.0,0,1,0
0x431d8d,JLE,9991534,9991522,1032,6,0x431d8a,CMP,1,NonLeaf,edx(MOV) ,rflags ,CMP,3,MOVSD_XMM,9,MOV,8,MOV,7,MOV,3,MOVSD_XMM,8,NOP,5,ADD,3,MULSD,4,CMP,2,0,1,0,0,0,JGE,1,0,1,0,0,0,NOP,1,0,4398444,4399509,4398483,0,0,0,0,fortran,0.000126522034055,0.9999987989832192,1,0,1
0x431b46,JL,84524629,84524629,108,2,0x431b43,CMP,1,NonLeaf,rdx(-1) rcx(-1) ,rflags ,CMP,3,JZ,6,CMP,4,MOV,5,MOV,5,LEA,8,MOV,3,MOV,5,MOV,3,CALL_NEAR,5,0,0,0,0,0,CALL,0,1,0,0,0,0,CALL,0,1,4397891,4398002,4397896,0,0,1,1,fortran,0.0010703289393627,1.0,1,0,1
0x431b3d,JZ,84524629,0,236,6,0x431b39,CMP,1,NonLeaf,rdx(MOV) ,rflags ,CMP,4,MOV,5,MOV,5,MOV,5,JLE,6,CMP,3,JL,2,LEA,8,MOV,3,MOV,5,0,1,0,1,0,JL,0,0,1,0,0,0,JL,0,0,4397866,4398121,4397891,0,0,0,0,fortran,0.0010703289393627,0.0,0,0,0
0x431b24,JLE,84524629,0,476,6,0x431b21,TEST,1,NonLeaf,rbx(-1) rbx(-1) ,rflags ,TEST,3,JNZ,2,CMP,3,JLE,6,TEST,2,MOV,5,MOV,5,MOV,5,CMP,4,JZ,6,0,1,0,0,0,JMP,0,0,1,0,0,0,JE,0,0,4397857,4398336,4397866,0,0,1,0,fortran,0.0010703289393627,0.0,0,0,0
0x431b1f,JNZ,84524629,0,41,2,0x431b1c,CMP,1,NonLeaf,eax(-1) ,rflags ,CMP,3,JLE,6,TEST,2,MOV,4,NOP,10,TEST,3,JLE,6,MOV,5,MOV,5,MOV,5,0,1,0,0,0,CALL,0,1,1,0,0,0,JLE,0,0,4397852,4397896,4397857,0,0,1,0,fortran,0.0010703289393627,0.0,0,0,0
0x431b16,JLE,156628531,72103902,156,6,0x431b14,TEST,1,NonLeaf,eax(MOV) eax(MOV) ,rflags ,TEST,2,MOV,4,NOP,10,JMP,2,MOV,8,CMP,3,JNZ,2,TEST,3,JLE,6,MOV,5,0,1,0,0,0,CALL,0,1,1,0,0,0,JNE,0,0,4397840,4398002,4397852,0,0,1,0,fortran,0.0019833751587265,0.4603497302799832,0,0,0
0x431ace,JNZ,44017702,44017702,-1527,6,0x431ac4,UCOMISD,0,NonLeaf,xmm0(-1) xmm1(-1) ,rflags ,JP,6,UCOMISD,4,DIVSD,4,MOVAPD,4,MOVAPD,4,MOV,9,MOV,5,LEA,5,JMP,5,ADD,4,0,0,0,0,0,JBE,0,0,1,0,0,0,JMP,1,0,4397774,4396247,4397780,0,0,0,1,fortran,0.000557392807898,1.0,1,1,1
0x4318cb,JZ,44017702,0,772,6,0x4318c4,CMP,1,NonLeaf,rsi(AND) ,rflags ,CMP,7,AND,6,MOV,3,MOV,3,MOV,8,CVTSI2SD,5,CVTSI2SD,10,CVTSI2SD,10,MOVSD_XMM,8,MULSD,4,0,1,0,0,0,JNE,0,0,1,1,0,0,JMP,0,0,4397131,4398031,4397265,0,0,0,0,fortran,0.000557392807898,0.0,0,1,0
0x431834,JLE,940844035,896826333,-12,2,0x43182e,CMP,1,NonLeaf,rax(ADD) ,rflags ,CMP,6,ADD,3,ADD,3,NOP,5,MOV,5,CVTSI2SD,5,MOV,8,MOVSD_XMM,8,MOV,3,MOV,3,1,1,1,1,1,JLE,0,0,1,1,0,0,MOVSD,1,0,4397096,4397096,4397110,1,0,0,1,fortran,0.0119138363575349,0.9532146664457516,1,1,1
0x431818,JNLE,44017702,0,1167,6,0x43180a,CMP,1,NonLeaf,rax(MOV) ,rflags ,MOV,8,CMP,6,MOV,8,JMP,5,MOV,12,MOV,5,NOP,5,ADD,3,ADD,3,CMP,6,0,1,0,0,0,JMP,1,0,1,0,0,0,NOP,0,0,4397058,4398247,4397086,0,0,0,0,fortran,0.000557392807898,0.0,0,0,0
0x4316ae,JZ,156628531,156628531,1122,6,0x4316aa,CMP,1,NonLeaf,r9(-1) ,rflags ,CMP,4,JZ,6,TEST,3,MOV,5,CALL_NEAR,5,MOV,5,TEST,3,JLE,6,CMP,4,JNZ,6,0,1,0,0,0,JLE,0,0,1,0,0,0,JLE,0,0,4396714,4397840,4396724,0,0,0,0,fortran,0.0019833751587265,1.0,1,0,1
0x4316a4,JZ,156628531,0,-148,6,0x4316a1,TEST,1,NonLeaf,r9(MOV) r9(MOV) ,rflags ,TEST,3,MOV,5,CALL_NEAR,5,MOV,3,MOV,3,CMP,4,JZ,6,MOV,5,TEST,3,JLE,6,0,1,0,0,0,JS,0,0,1,0,0,0,JE,0,0,4396700,4396560,4396714,0,0,1,0,fortran,0.0019833751587265,0.0,0,0,0
0x431673,JS,156628531,0,19,2,0x431669,TEST,1,NonLeaf,rbx(-1) rbx(-1) ,rflags ,MOV,7,TEST,3,MOV,4,JNL,6,CMP,3,MOV,4,MOV,5,MOV,3,CALL_NEAR,5,LEA,8,1,1,1,0,0,CALL,0,1,1,0,0,0,CALL,0,1,4396649,4396678,4396661,0,0,1,1,fortran,0.0019833751587265,0.0,0,0,0
0x43165f,JNL,156628531,44017702,753,6,0x43165c,CMP,1,NonLeaf,rbp(-1) rax(MOVSXD) ,rflags ,CMP,3,MOVSXD,8,CALL_NEAR,5,ADD,4,MOV,3,MOV,4,TEST,3,MOV,7,JS,2,MOV,4,0,0,1,0,0,CALL,1,1,1,0,0,0,MOV,0,0,4396628,4397392,4396645,0,0,1,0,fortran,0.0019833751587265,0.2810324640023598,0,0,0
0x4315bb,JLE,44017702,0,917,6,0x4315b9,TEST,1,NonLeaf,eax(MOV) eax(MOV) ,rflags ,TEST,2,MOV,5,SUB,3,MOV,7,CALL_NEAR,5,LEA,8,XOR,2,MOV,3,SUB,4,MOV,5,0,1,1,0,0,CALL,1,1,1,0,0,0,JMP,0,0,4396458,4397392,4396481,0,0,1,1,fortran,0.000557392807898,0.0,0,0,0
0x43158e,JL,44017702,0,28,2,0x43158b,CMP,1,NonLeaf,rbx(-1) rsi(ADD) ,rflags ,CMP,3,ADD,4,JNZ,2,MULSD,4,SUBSD,4,MOV,3,LEA,5,SUB,3,XOR,2,LEA,8,0,0,1,0,0,JLE,0,0,1,0,0,0,CALL,0,1,4396427,4396458,4396432,0,1,1,1,fortran,0.000557392807898,0.0,0,1,0
0x431585,JNZ,176070808,132053106,-29,2,0x43157a,CMP,1,NonLeaf,rax(ADD) rcx(-1) ,rflags ,MULSD,4,SUBSD,4,CMP,3,MOV,4,CVTSI2SD,5,ADD,4,CMP,3,JL,2,MOV,3,LEA,5,1,1,1,1,1,JNE,0,0,1,1,0,0,ADD,1,0,4396392,4396392,4396423,1,0,1,0,fortran,0.002229571231592,0.75,1,1,1
0x431551,JLE,44017702,0,1984,6,0x43154e,TEST,1,NonLeaf,rsi(CMOVLE) rsi(CMOVLE) ,rflags ,TEST,3,CMOVLE,4,MOV,5,CMP,4,JNBE,2,LEA,5,LEA,4,LEA,4,NOP,4,CVTTSD2SI,5,0,1,0,0,0,JMP,1,0,1,0,0,0,NOP,0,0,4396353,4398353,4396375,0,0,0,0,fortran,0.000557392807898,0.0,0,0,0
0x43153f,JNBE,44017702,0,-15,2,0x431537,UCOMISD,1,NonLeaf,xmm3(-1) xmm0(-1) ,rflags ,LEA,4,UCOMISD,4,MOV,3,MULSD,4,NOP,6,CMP,4,MOV,5,CMOVLE,4,TEST,3,JLE,6,0,0,0,0,0,MOV,0,0,0,1,0,0,JLE,0,0,4396343,4396336,4396353,1,0,0,0,fortran,0.000557392807898,0.0,0,0,0
0x431504,JB,44017702,44017702,1868,6,0x431500,UCOMISD,1,NonLeaf,xmm0(-1) xmm2(MOVSD_XMM) ,rflags ,UCOMISD,4,MOVSD_XMM,8,MOV,5,MOV,5,MOVSD_XMM,8,NOP,6,MULSD,4,MOV,3,LEA,3,UCOMISD,4,0,1,0,0,0,JMP,1,0,1,0,0,0,NOP,0,0,4396262,4398160,4396298,0,0,0,0,fortran,0.000557392807898,1.0,1,0,1
0x4314e0,JBE,44017702,0,1685,6,0x4314d7,UCOMISD,1,NonLeaf,xmm0(-1) xmm1(-1) ,rflags ,MOV,5,UCOMISD,4,JNP,6,UCOMISD,4,DIVSD,4,MOVSD_XMM,8,MOV,5,MOV,5,MOVSD_XMM,8,UCOMISD,4,0,1,0,0,0,JMP,0,0,1,1,0,0,JB,0,0,4396247,4397941,4396262,1,0,0,1,fortran,0.000557392807898,0.0,0,0,0
0x4314d1,JNP,44017702,44017702,1533,6,0x4314cd,UCOMISD,1,NonLeaf,xmm0(DIVSD) xmm1(XORPD) ,rflags ,UCOMISD,4,DIVSD,4,XORPD,4,MULSD,4,MOVAPD,4,UCOMISD,4,MOV,5,JBE,6,MOVSD_XMM,8,MOV,5,0,0,0,0,0,JNE,0,0,0,0,0,0,JBE,0,0,4396212,4397774,4396247,0,0,0,0,fortran,0.000557392807898,1.0,1,1,1
0x431430,JNLE,44017702,44017702,978,6,0x43142c,CMP,1,NonLeaf,r12d(-1) ,rflags ,CMP,4,JZ,6,TEST,3,MOV,11,MOV,8,CMP,4,CVTSI2SD,10,MOVSD_XMM,8,MOVSD_XMM,8,JZ,2,0,1,0,0,0,JG,0,0,1,0,0,0,JE,1,0,4396076,4397058,4396086,0,0,1,0,fortran,0.000557392807898,1.0,1,0,1
0x431426,JZ,44017702,0,1670,6,0x431423,TEST,1,NonLeaf,rcx(MOV) rcx(MOV) ,rflags ,TEST,3,MOV,11,MOV,8,CALL_NEAR,5,LEA,8,CMP,4,JNLE,6,CMP,4,CVTSI2SD,10,MOVSD_XMM,8,0,1,0,0,0,JP,1,0,1,0,0,0,JG,0,0,4396048,4397740,4396076,0,0,0,0,fortran,0.000557392807898,0.0,0,0,0
0x4313f5,JS,44017702,0,27,2,0x4313e8,TEST,1,NonLeaf,rbx(MOVSXD) rbx(MOVSXD) ,rflags ,MOV,7,MOV,3,TEST,3,MOV,3,MOVSXD,3,LEA,8,LEA,4,LEA,8,CALL_NEAR,5,MOV,8,0,1,1,0,0,JE,0,0,1,0,0,0,CALL,0,1,4396000,4396048,4396023,0,0,1,1,fortran,0.000557392807898,0.0,0,1,0
0x4313c0,JNZ,44017702,44017702,32,2,0x4313b1,CMP,1,NonLeaf,rdi(-1) ,rflags ,MOV,5,MOV,5,CMP,5,SUB,7,PUSH,1,MOV,8,ADD,7,POP,1,POP,1,POP,2,0,1,0,0,0,JS,0,0,1,0,0,0,MOV,1,0,4395936,4396000,4395970,0,0,1,1,fortran,0.000557392807898,1.0,1,1,1
0x43137b,JLE,37763805,0,25,2,0x431378,TEST,1,NonLeaf,rbp(-1) rbp(-1) ,rflags ,TEST,3,JMP,5,XOR,3,JMP,5,MOVSXD,3,LEA,8,LEA,5,LEA,5,CALL_NEAR,5,SUB,3,0,1,1,0,0,JMP,0,0,1,0,0,0,CALL,0,1,4395896,4395924,4395901,0,0,0,1,fortran,0.0004782001865036,0.0,0,0,0
0x43133b,JZ,131129190,37763805,61,2,0x431335,CMP,1,NonLeaf,r12(-1) ,rflags ,CMP,6,ADD,2,MOV,9,MOV,5,MOV,2,MOV,4,ADD,4,POP,1,POP,1,POP,2,0,1,0,0,0,JLE,0,0,1,1,0,0,RET,0,0,4395811,4395896,4395837,0,1,0,1,fortran,0.0016604789457543,0.2879893103892428,0,0,0
0x4312f9,JL,1793407384,1793407384,-25,2,0x4312f6,CMP,1,NonLeaf,rax(ADD) rdx(SUB) ,rflags ,CMP,3,ADD,3,SUB,4,IMUL,6,ADD,4,LEA,4,MOV,3,SAR,4,AND,5,MOV,5,1,1,1,1,1,JL,0,0,1,1,0,0,JMP,0,0,4395744,4395744,4395771,1,0,0,1,fortran,0.0227097811119892,1.0,1,1,1
0x4312d0,JZ,3674225446,131129190,66,2,0x4312cc,CMP,1,NonLeaf,rsi(SUB) ,rflags ,CMP,4,SUB,4,ADD,3,IMUL,4,MOV,5,MOV,3,XOR,3,MOV,5,NOP,3,MOV,5,0,1,1,0,0,MOV,1,0,1,0,0,0,NOP,0,0,4395720,4395794,4395730,0,0,1,0,fortran,0.0465264369820176,0.0356889341514837,0,0,0
0x4312b4,JNZ,3674225446,1771548128,20,2,0x4312b0,TEST,1,NonLeaf,sil(-1) ,rflags ,TEST,4,NOP,8,JLE,2,CMP,4,MOV,3,MOV,3,SAR,3,MOV,5,IMUL,4,ADD,3,1,1,1,0,0,JE,0,0,1,0,0,0,ADD,0,0,4395696,4395720,4395702,1,0,0,0,fortran,0.0465264369820176,0.4821555329242581,0,0,0
0x4312a6,JLE,131129190,0,125,2,0x4312a2,CMP,1,NonLeaf,rsi(MOV) ,rflags ,CMP,4,MOV,3,JNZ,2,CMP,3,SUB,4,NOP,8,TEST,4,JNZ,2,MOV,3,SAR,3,0,1,1,0,0,JE,1,0,1,0,0,0,NOP,0,0,4395682,4395811,4395688,0,0,1,0,fortran,0.0016604789457543,0.0,0,0,0
0x43129d,JNZ,393387570,262258380,-117,2,0x43129a,CMP,1,NonLeaf,rbp(-1) rsi(SUB) ,rflags ,CMP,3,SUB,4,MOV,5,AND,5,SAR,4,MOV,3,CMP,4,JLE,2,NOP,8,TEST,4,0,0,0,1,1,JNE,0,0,1,1,0,0,MOV,1,0,4395646,4395560,4395679,0,0,0,0,fortran,0.0049814368372631,0.6666666666666666,1,1,1
0x431279,JL,1150806278,757418708,-25,2,0x431276,CMP,1,NonLeaf,rax(ADD) rdx(SUB) ,rflags ,CMP,3,ADD,3,SUB,4,IMUL,6,ADD,4,ADD,3,ADD,3,SUB,4,MOV,3,SAR,4,1,1,1,1,1,JL,0,0,1,1,0,0,ADD,0,0,4395616,4395616,4395643,1,0,0,0,fortran,0.0145725722492525,0.658163517595965,1,1,1
0x43124d,JLE,393387570,0,255,6,0x431247,CMP,1,NonLeaf,rbp(-1) r8(-1) ,rflags ,MOV,3,CMP,3,ADD,3,IMUL,4,MOV,5,MOV,3,XOR,2,NOP,8,MOV,5,ADD,4,0,1,0,0,0,JMP,0,0,1,0,0,0,NOP,0,0,4395591,4395852,4395603,0,0,0,0,fortran,0.0049814368372631,0.0,0,0,0
0x43122c,JNZ,393387570,262258380,27,2,0x431228,TEST,1,NonLeaf,sil(-1) ,rflags ,TEST,4,NOP,6,SUB,3,XOR,3,MOV,3,MOV,3,SHR,4,ADD,3,SAR,3,MOV,5,1,1,1,0,0,JLE,0,0,1,0,0,0,ADD,0,0,4395560,4395591,4395566,0,0,0,0,fortran,0.0049814368372631,0.6666666666666666,1,1,1
0x431213,JNL,131129190,0,349,6,0x431210,CMP,1,NonLeaf,rbp(-1) rsi(-1) ,rflags ,CMP,3,MOV,3,CALL_NEAR,5,LEA,4,SUB,3,MOV,3,XOR,3,SUB,3,NOP,6,TEST,4,0,1,0,0,0,JMP,1,0,1,0,0,0,NOP,0,0,4395536,4395888,4395545,0,0,0,0,fortran,0.0016604789457543,0.0,0,0,0
0x4311e7,JLE,131129190,131129190,41,2,0x4311e4,CMP,1,NonLeaf,rsi(MOVSXD) r13(LEA) ,rflags ,CMP,3,LEA,4,ADD,3,MOVSXD,3,ADD,3,MOV,3,SUB,3,LEA,8,XOR,2,LEA,8,0,1,1,0,0,JGE,0,0,1,0,0,0,CALL,0,1,4395485,4395536,4395497,0,1,0,1,fortran,0.0016604789457543,1.0,1,1,1
0x4311d1,JLE,131129190,0,405,6,0x4311ce,CMP,1,NonLeaf,edx(-1) ,rflags ,CMP,3,JNZ,2,SUB,4,JNZ,2,CMP,6,ADD,3,MOVSXD,3,ADD,3,LEA,4,CMP,3,0,1,0,0,0,JMP,0,0,1,0,0,0,MOVSXD,0,0,4395470,4395878,4395479,1,1,0,0,fortran,0.0016604789457543,0.0,0,0,0
0x4311bc,JZ,131129190,0,12,2,0x4311b6,CMP,1,NonLeaf,rdi(-1) rbp(-1) ,rflags ,CMP,6,JLE,2,MOV,3,TEST,3,MOVSXD,3,JMP,2,CMP,6,JNZ,2,SUB,4,JNZ,2,0,1,0,1,0,JNE,0,0,1,0,0,0,JMP,0,0,4395446,4395464,4395454,0,0,0,0,fortran,0.0016604789457543,0.0,0,1,0
0x4311b4,JLE,131129190,0,26,2,0x4311ae,TEST,1,NonLeaf,rbp(MOVSXD) rbp(MOVSXD) ,rflags ,MOV,3,TEST,3,MOVSXD,3,JZ,6,CMP,5,CMP,6,JZ,2,JMP,2,CMP,6,JNZ,2,0,1,1,0,0,JLE,0,0,1,0,0,0,JE,0,0,4395435,4395470,4395446,0,0,0,0,fortran,0.0016604789457543,0.0,0,0,0
0x4311a5,JZ,131129190,0,430,6,0x4311a0,CMP,1,NonLeaf,rdi(-1) ,rflags ,CMP,5,SUB,4,MOV,3,PUSH,1,PUSH,1,MOVSXD,3,TEST,3,MOV,3,JLE,2,CMP,6,0,1,0,0,0,RET,1,0,1,0,0,0,JLE,0,0,4395408,4395859,4395435,0,0,1,0,fortran,0.0016604789457543,0.0,0,0,0
0x43115e,JLE,249941598,0,23,2,0x43115b,TEST,1,NonLeaf,r14(-1) r14(-1) ,rflags ,TEST,3,JMP,5,MOV,3,RET_NEAR,1,POP,1,LEA,8,LEA,4,LEA,4,CALL_NEAR,5,SUB,4,0,1,1,0,0,JMP,0,0,1,0,0,0,CALL,0,1,4395355,4395381,4395360,0,0,0,1,fortran,0.003164991419128,0.0,0,0,0
0x431105,JZ,421275534,249941598,86,2,0x431100,CMP,1,NonLeaf,r13(-1) ,rflags ,CMP,5,ADD,4,MOV,3,MOV,5,MOV,4,MOV,4,MOV,4,IMUL,6,MOV,4,LEA,4,0,1,0,0,0,JLE,0,0,1,1,0,0,RET,0,0,4395252,4395355,4395271,0,1,0,1,fortran,0.0053345800013592,0.5932972077129929,1,0,1
0x4310c8,JNZ,1478807396,1478807396,-16,2,0x4310c4,SUB,1,NonLeaf,r15(SUB) ,r15 rflags ,SUB,4,JNZ,6,CMP,6,NOP,5,JMP,5,CMP,4,JNLE,6,LEA,4,JMP,5,NOP,3,1,1,0,0,0,JNE,0,0,1,0,0,0,JG,1,0,4395204,4395192,4395210,0,0,0,0,fortran,0.0187260254248796,1.0,1,1,1
0x4310be,JNZ,1478807396,217556888,-753,6,0x4310b8,CMP,1,NonLeaf,rdx(-1) r15(-1) ,rflags ,CMP,6,NOP,5,JMP,5,JZ,2,MOV,3,SUB,4,JNZ,2,CMP,4,JNLE,6,LEA,4,0,0,0,0,0,JLE,1,0,0,0,1,1,JNE,0,0,4395192,4394445,4395204,0,1,0,0,fortran,0.0187260254248796,0.1471164457173163,0,0,0
0x4310ac,JZ,421275534,217556888,24,2,0x4310a3,CMP,1,NonLeaf,rdx(MOV) rax(-1) ,rflags ,MOV,3,CMP,6,MOV,3,JLE,6,TEST,3,JMP,5,NOP,5,CMP,6,JNZ,6,SUB,4,0,1,0,1,0,JNE,0,0,1,0,0,0,JMP,0,0,4395171,4395204,4395182,0,0,0,0,fortran,0.0053345800013592,0.5164242175051162,1,1,1
0x43109a,JLE,184071511,0,185,6,0x431097,TEST,1,NonLeaf,rax(-1) rax(-1) ,rflags ,TEST,3,JMP,2,MOV,5,AND,5,SAR,4,MOV,3,CMP,6,MOV,3,JZ,2,JMP,5,0,1,0,0,0,JMP,0,0,1,0,0,0,MOV,0,0,4395159,4395347,4395168,0,0,0,0,fortran,0.002330883524322,0.0,0,0,0
0x43107e,JL,285614891,285614891,-38,2,0x43107b,CMP,1,NonLeaf,rcx(ADD) r8(SUB) ,rflags ,CMP,3,ADD,3,IMUL,4,SUB,4,ADD,5,SUB,4,MOV,3,SAR,4,AND,5,MOV,5,1,1,1,1,1,JL,0,0,1,1,0,0,JMP,0,0,4395096,4395096,4395136,1,0,0,1,fortran,0.0036167196113957,1.0,1,1,1
0x431045,JZ,4249372911,421275534,155,6,0x431041,CMP,1,NonLeaf,rdi(SUB) ,rflags ,CMP,4,SUB,4,ADD,3,IMUL,6,ADD,3,MOV,3,MOV,5,NOP,5,MOV,5,MOV,5,0,1,1,0,0,MOV,1,0,1,0,0,0,NOP,0,0,4395069,4395232,4395083,0,0,1,0,fortran,0.0538094855262549,0.0991382829474624,0,0,0
0x431024,JNZ,4249372911,2029695591,25,2,0x431020,TEST,1,NonLeaf,dil(-1) ,rflags ,TEST,4,NOP,4,JLE,6,CMP,4,MOV,3,MOV,3,SAR,3,MOV,5,ADD,3,IMUL,6,1,1,1,0,0,JE,0,0,1,0,0,0,ADD,0,0,4395040,4395069,4395046,1,0,0,0,fortran,0.0538094855262549,0.4776459099990718,0,0,0
0x431016,JLE,421275534,0,222,6,0x431012,CMP,1,NonLeaf,rdi(MOV) ,rflags ,CMP,4,MOV,3,JNZ,6,CMP,3,SUB,4,NOP,4,TEST,4,JNZ,2,MOV,3,SAR,3,0,1,1,0,0,JE,1,0,1,0,0,0,NOP,0,0,4395026,4395252,4395036,0,0,1,0,fortran,0.0053345800013592,0.0,0,0,0
0x431009,JNZ,336297461,208712593,-129,6,0x431006,CMP,1,NonLeaf,r14(-1) rdi(SUB) ,rflags ,CMP,3,SUB,4,MOV,5,AND,5,SAR,4,MOV,3,CMP,4,JLE,6,NOP,4,TEST,4,0,0,0,1,1,JNE,0,0,1,1,0,0,MOV,1,0,4394984,4394888,4395023,0,0,0,0,fortran,0.0042585091351601,0.6206189971799996,1,1,1
0x430fe6,JL,3481452196,3145154735,-38,2,0x430fe3,CMP,1,NonLeaf,rcx(ADD) r8(SUB) ,rflags ,CMP,3,ADD,3,IMUL,4,SUB,4,ADD,5,SUB,5,SUB,4,MOV,3,SAR,4,AND,5,1,1,1,1,1,JL,0,0,0,1,0,0,JNE,0,0,4394944,4394944,4394984,1,0,0,1,fortran,0.0440853639994906,0.9034031082240946,1,1,1
0x430fb3,JLE,336297461,0,53,2,0x430fad,CMP,1,NonLeaf,r14(-1) r10(-1) ,rflags ,MOV,3,CMP,3,ADD,3,IMUL,6,LEA,4,MOV,3,NOP,8,MOV,5,MOV,5,ADD,4,0,1,1,0,0,JNE,0,0,1,0,0,0,NOP,0,0,4394925,4394984,4394933,1,0,1,0,fortran,0.0042585091351601,0.0,0,0,0
0x430f8c,JNZ,336297461,216917006,33,2,0x430f88,TEST,1,NonLeaf,dil(-1) ,rflags ,TEST,4,NOP,6,JNL,6,CMP,3,SUB,3,MOV,3,SHR,4,ADD,3,SAR,3,MOV,5,1,1,1,0,0,JLE,0,0,1,0,0,0,ADD,0,0,4394888,4394925,4394894,0,0,0,0,fortran,0.0042585091351601,0.6450152949563898,1,1,1
0x430f7c,JNL,421275534,293690666,150,6,0x430f79,CMP,1,NonLeaf,r14(-1) rdi(-1) ,rflags ,CMP,3,SUB,3,XOR,2,MOV,3,MOV,4,NOP,6,TEST,4,JNZ,2,MOV,3,SHR,4,0,1,1,0,0,JLE,1,0,1,0,0,0,NOP,0,0,4394865,4395026,4394882,0,0,0,0,fortran,0.0053345800013592,0.69714626722187,1,0,1
0x430f6b,JZ,109893916,52432183,6,2,0x430f68,CMP,1,NonLeaf,r11(-1) rdx(-1) ,rflags ,CMP,3,ADD,3,JB,2,CMP,3,MOVDQA,6,MOV,4,MOV,3,XOR,2,SUB,3,CMP,3,0,0,1,0,0,JGE,0,0,0,0,0,0,MOV,0,0,4394853,4394865,4394861,0,0,0,1,fortran,0.0013915782884383,0.4771163400892912,0,0,0
0x430f63,JB,811701159,701807243,-17,2,0x430f60,CMP,1,NonLeaf,rax(ADD) r10(-1) ,rflags ,CMP,3,MOVDQA,6,ADD,4,ADD,4,PUNPCKLQDQ,4,ADD,3,CMP,3,JZ,2,MOV,4,MOV,3,1,1,1,1,1,JB,0,0,1,1,0,0,JE,1,0,4394834,4394834,4394853,1,0,1,0,fortran,0.0102785099546785,0.8646128383808307,1,1,1
0x430f3d,JZ,109893916,0,48,2,0x430f3a,ADD,1,NonLeaf,r11(ADD) r11(ADD) ,r11 rflags ,ADD,3,MOV,3,SHR,3,MOV,3,SUB,3,MOV,4,LEA,4,XOR,2,MOVQ,5,PUNPCKLQDQ,4,0,1,0,0,0,MOV,1,0,1,0,0,0,PUNPCKLQDQ,0,0,4394798,4394861,4394815,0,0,1,1,fortran,0.0013915782884383,0.0,0,0,0
0x430f2c,JZ,332592484,311381618,69,2,0x430f29,CMP,1,NonLeaf,rax(-1) rdx(-1) ,rflags ,CMP,3,MOV,4,ADD,4,JBE,6,MOV,4,SUB,3,MOV,3,SHR,3,MOV,3,ADD,3,0,0,1,0,0,JGE,1,0,0,0,0,0,JE,0,0,4394793,4394865,4394798,0,1,0,0,fortran,0.004211593293592,0.9362256604692244,1,0,1
0x430f1b,JBE,45802952,24537440,616,6,0x430f0f,CMP,1,NonLeaf,rax(-1) ,rflags ,MOV,4,LEA,4,CMP,4,JBE,6,MOV,4,ADD,4,MOV,4,CMP,3,JZ,2,SUB,3,0,0,0,0,0,JMP,0,0,1,0,0,0,MOV,0,0,4394767,4395395,4394785,0,0,0,1,fortran,0.0005799992926776,0.5357174358543528,1,0,1
0x430f09,JBE,69279658,23476706,626,6,0x430efd,CMP,1,NonLeaf,rax(-1) ,rflags ,MOV,4,LEA,4,CMP,4,JBE,6,MOV,4,CMP,4,LEA,4,MOV,4,JBE,6,ADD,4,0,0,0,0,0,JMP,0,0,1,0,0,0,JBE,0,0,4394749,4395387,4394767,0,0,0,1,fortran,0.0008772830326951,0.338868676285902,0,0,0
0x430ef7,JBE,118261452,48981794,652,6,0x430eeb,CMP,1,NonLeaf,rax(-1) ,rflags ,MOV,4,LEA,4,CMP,4,JBE,6,MOV,4,CMP,4,LEA,4,MOV,4,JBE,6,CMP,4,0,0,0,0,0,JMP,0,0,1,0,0,0,JBE,0,0,4394731,4395395,4394749,0,0,0,1,fortran,0.0014975357595081,0.4141822476524303,0,0,0
0x430ee5,JBE,149353910,31092458,662,6,0x430ed9,CMP,1,NonLeaf,rax(-1) ,rflags ,MOV,4,LEA,4,CMP,4,JBE,6,MOV,3,CMP,4,LEA,4,MOV,4,JBE,6,CMP,4,0,1,0,0,0,JMP,0,0,1,0,0,0,JBE,0,0,4394713,4395387,4394731,0,0,0,1,fortran,0.0018912571870618,0.2081797389837333,0,0,0
0x430ed3,JBE,332592484,183238574,688,6,0x430ec8,CMP,1,NonLeaf,rax(-1) ,rflags ,MOV,3,LEA,4,CMP,4,JZ,2,TEST,3,CMP,4,LEA,4,MOV,4,JBE,6,CMP,4,0,1,0,0,0,JMP,0,0,1,0,0,0,JBE,0,0,4394696,4395395,4394713,0,0,0,1,fortran,0.004211593293592,0.5509402130686754,1,0,1
0x430ec6,JZ,421275534,88683050,104,2,0x430ec3,TEST,1,NonLeaf,rax(CMOVBE) rax(CMOVBE) ,rflags ,TEST,3,CMOVBE,4,CMP,4,CMOVNBE,4,CMP,3,CMP,4,LEA,4,MOV,3,JBE,6,CMP,4,0,1,0,0,0,JE,0,0,1,0,0,0,JBE,0,0,4394660,4394798,4394696,0,0,0,1,fortran,0.0053345800013592,0.2105108007530292,0,0,0
0x430e9e,JNL,421275534,0,211,6,0x430e9b,CMP,1,NonLeaf,rsi(-1) rdi(-1) ,rflags ,CMP,3,JNZ,2,CMP,3,ADD,4,MOV,4,MOV,3,MOV,3,LEA,4,SUB,3,AND,3,0,1,1,0,0,JGE,1,0,1,0,0,0,JE,0,0,4394651,4394865,4394660,0,0,0,0,fortran,0.0053345800013592,0.0,0,0,0
0x430e99,JNZ,2168250353,1746974819,-25,2,0x430e96,CMP,1,NonLeaf,rax(ADD) rsi(-1) ,rflags ,CMP,3,ADD,4,MOV,4,ADD,3,IMUL,6,CMP,3,JNL,6,MOV,3,MOV,3,LEA,4,1,1,1,1,1,JNE,0,0,0,1,0,0,JGE,1,0,4394624,4394624,4394651,1,0,1,0,fortran,0.0274563890792051,0.8057071530429494,1,1,1
0x430e6c,JLE,421275534,0,708,6,0x430e69,TEST,1,NonLeaf,r15(-1) r15(-1) ,rflags ,TEST,3,AND,4,LEA,5,OR,5,SUB,3,LEA,4,XOR,2,MOV,5,NOP,3,MOV,5,0,1,0,0,0,JMP,1,0,1,0,0,0,NOP,0,0,4394592,4395312,4394610,0,0,0,0,fortran,0.0053345800013592,0.0,0,0,0
0x430e52,JZ,421275534,0,14,2,0x430e4d,AND,1,NonLeaf,eax(AND) ,eax rflags ,AND,5,JNZ,2,CMP,3,OR,9,SUB,7,LEA,4,SUB,3,OR,5,LEA,5,AND,4,0,1,1,0,0,JLE,0,0,1,0,0,0,OR,0,0,4394573,4394592,4394580,0,0,0,1,fortran,0.0053345800013592,0.0,0,0,0
0x430e4b,JNZ,421275534,0,-19,2,0x430e48,CMP,1,NonLeaf,rsp(-1) rdx(-1) ,rflags ,CMP,3,OR,9,SUB,7,JMP,2,MOV,3,AND,5,JZ,2,LEA,4,SUB,3,OR,5,1,1,0,0,0,OR,0,0,1,1,0,0,JE,1,0,4394568,4394552,4394573,1,0,1,0,fortran,0.0053345800013592,0.0,0,1,0
0x430de5,JLE,421275534,89332138,50,2,0x430de2,CMP,1,NonLeaf,rdi(LEA) rcx(LEA) ,rflags ,CMP,3,LEA,4,ADD,3,LEA,4,JLE,6,MOV,3,XOR,2,MOV,4,SUB,3,LEA,8,0,1,1,0,0,JMP,0,0,1,0,0,0,CALL,0,1,4394459,4394519,4394471,0,1,0,1,fortran,0.0053345800013592,0.2120515690806768,0,0,0
0x430dd1,JLE,421275534,0,771,6,0x430dcd,CMP,1,NonLeaf,r14(-1) ,rflags ,CMP,4,JZ,6,MOV,3,CMP,6,JNZ,2,LEA,4,ADD,3,LEA,4,CMP,3,JLE,2,0,0,0,0,0,JMP,0,0,0,0,0,0,LEA,0,0,4394445,4395220,4394455,0,0,0,0,fortran,0.0053345800013592,0.0,0,0,0
0x430dbc,JNZ,1831797895,1831797895,-28,2,0x430db8,SUB,1,NonLeaf,rax(SUB) ,rax rflags ,SUB,4,JNZ,6,CMP,6,JNZ,6,CMP,6,CMP,6,MOV,3,JZ,6,CMP,4,JLE,6,1,1,0,0,0,JNE,0,0,0,0,0,0,JE,1,0,4394424,4394400,4394430,0,0,0,0,fortran,0.023195917228839,1.0,1,1,1
0x430db2,JNZ,1642770931,133807730,741,6,0x430dac,CMP,1,NonLeaf,r12(-1) rax(-1) ,rflags ,CMP,6,JNZ,6,CMP,6,JMP,5,JZ,2,SUB,4,JNZ,2,CMP,6,MOV,3,JZ,6,0,0,0,0,0,JLE,1,0,0,0,1,1,JNE,0,0,4394412,4395159,4394424,0,1,0,0,fortran,0.0208022831806009,0.0814524578411839,0,0,0
0x430da6,JNZ,1831797895,189026964,898,6,0x430da0,CMP,1,NonLeaf,rbx(-1) rax(-1) ,rflags ,CMP,6,JMP,5,JZ,2,CMP,6,JNZ,6,CMP,6,JNZ,6,SUB,4,JNZ,2,CMP,6,0,0,0,0,0,JMP,1,0,1,0,0,0,JNE,0,0,4394400,4395304,4394412,0,0,0,0,fortran,0.023195917228839,0.1031920412813882,0,0,0
0x430d99,JZ,373098475,322834694,31,2,0x430d93,CMP,1,NonLeaf,rsi(-1) r14(-1) ,rflags ,CMP,6,JNZ,6,CMP,6,JLE,2,MOV,3,JMP,5,CMP,6,JNZ,6,CMP,6,JNZ,6,0,1,0,1,0,JNE,0,0,1,0,0,0,JMP,0,0,4394387,4394424,4394395,0,0,0,0,fortran,0.00472451757256,0.8652801220910914,1,1,1
0x430d8d,JNZ,421275534,48177059,923,6,0x430d87,CMP,1,NonLeaf,rdi(-1) r14(-1) ,rflags ,CMP,6,JLE,2,MOV,3,TEST,3,JZ,6,CMP,6,JZ,2,JMP,5,CMP,6,JNZ,6,0,1,0,0,0,JMP,0,0,1,0,0,0,JE,0,0,4394375,4395304,4394387,0,0,0,0,fortran,0.0053345800013592,0.1143599737268388,0,0,0
0x430d85,JLE,421275534,0,57,2,0x430d7f,TEST,1,NonLeaf,r14(-1) r14(-1) ,rflags ,MOV,3,TEST,3,JZ,6,TEST,3,IMUL,5,CMP,6,JNZ,6,CMP,6,JZ,2,JMP,5,0,1,0,0,0,JE,0,0,1,0,0,0,JNE,0,0,4394367,4394430,4394375,0,0,0,0,fortran,0.0053345800013592,0.0,0,0,0
0x430d79,JZ,421275534,0,963,6,0x430d76,TEST,1,NonLeaf,rax(IMUL) rax(IMUL) ,rflags ,TEST,3,IMUL,5,MOV,4,SUB,4,MOV,3,TEST,3,MOV,3,JLE,2,CMP,6,JNZ,6,0,1,0,0,0,RET,1,0,1,0,0,0,JLE,0,0,4394320,4395324,4394367,0,0,1,0,fortran,0.0053345800013592,0.0,0,0,0
0x430ce9,JNZ,18722783,1732646,-417,6,0x430ce6,CMP,1,NonLeaf,rsi(MOV) rdx(MOV) ,rflags ,CMP,3,MOV,5,MOV,5,JL,2,CMP,3,JMP,2,TEST,3,MOV,2,JS,6,ADD,4,0,0,0,0,0,JLE,1,0,1,0,0,0,JMP,0,0,4394204,4393800,4394223,0,0,0,0,fortran,0.0002370851751423,0.092542118337856,0,0,0
0x430cda,JL,18944333,221550,102,2,0x430cd7,CMP,1,NonLeaf,rdi(-1) rax(ADD) ,rflags ,CMP,3,ADD,4,JMP,2,NEG,3,MOV,4,MOV,5,MOV,5,CMP,3,JNZ,6,JMP,2,1,0,0,0,0,JMP,1,0,1,0,0,0,JNE,0,0,4394195,4394304,4394204,0,0,1,0,fortran,0.0002398906459184,0.0116947902045429,0,0,0
0x430b4b,JLE,1732646,0,369,6,0x430b48,CMP,1,NonLeaf,rsi(-1) rdx(-1) ,rflags ,CMP,3,JZ,6,CMP,3,MOV,5,MOV,4,MOV,3,MOV,3,MOV,3,CALL_NEAR,5,MOV,5,0,0,0,0,0,CALL,0,1,0,0,0,0,CALL,0,1,4393800,4394172,4393809,0,0,1,1,fortran,2.1940364334177272e-05,0.0,0,0,0
0x430b42,JZ,1954196,1954196,401,6,0x430b3f,CMP,1,NonLeaf,rsi(MOV) rdx(MOV) ,rflags ,CMP,3,MOV,5,MOV,4,MOV,5,JLE,6,CMP,3,JLE,6,MOV,3,MOV,3,MOV,3,0,1,0,1,0,JL,0,0,1,0,0,0,JLE,0,0,4393777,4394195,4393800,0,0,0,0,fortran,2.4745835110225565e-05,1.0,1,1,1
0x430b2b,JLE,1954196,0,533,6,0x430b28,TEST,1,NonLeaf,rdi(MOVSXD) rdi(MOVSXD) ,rflags ,TEST,3,MOVSXD,3,JL,6,JNLE,2,CMP,2,MOV,5,MOV,4,MOV,5,CMP,3,JZ,6,0,1,0,0,0,JMP,0,0,1,0,0,0,JE,0,0,4393765,4394304,4393777,0,0,1,0,fortran,2.4745835110225565e-05,0.0,0,0,0
0x430b1f,JL,7129126,5174930,413,6,0x430b1b,CMP,0,NonLeaf,rdi(-1) eax(-1) ,rflags ,JNLE,2,CMP,2,MOV,2,JMP,5,MOV,4,MOVSXD,3,TEST,3,JLE,6,MOV,5,MOV,4,0,1,0,0,0,CALL,0,1,1,0,0,0,JLE,0,0,4393759,4394172,4393765,0,0,1,0,fortran,9.027557956111974e-05,0.7258856134679061,1,0,1
0x430b1d,JNLE,9289379,2160253,52,2,0x430b1b,CMP,1,NonLeaf,rdi(-1) eax(MOV) ,rflags ,CMP,2,MOV,2,JMP,5,MOV,4,NEG,3,JL,6,MOVSXD,3,TEST,3,JLE,6,MOV,5,0,1,0,0,0,CALL,0,1,1,0,0,0,JL,0,0,4393753,4393809,4393759,0,0,1,0,fortran,0.0001176306987683,0.2325508518922524,0,0,0
0x4309e3,JZ,9289379,9289379,310,6,0x4309e0,CMP,1,NonLeaf,rax(-1) rdx(-1) ,rflags ,CMP,3,NOP,10,RET_NEAR,1,POP,2,POP,2,MOV,2,MOV,3,MOVSXD,3,CMP,3,JNLE,6,0,1,0,0,0,JG,1,0,1,0,0,0,JG,0,0,4393440,4393753,4393449,0,0,0,0,fortran,0.0001176306987683,1.0,1,0,1
0x43099f,JNZ,9289379,9289379,65,2,0x43099c,TEST,1,NonLeaf,rdx(MOV) rdx(MOV) ,rflags ,TEST,3,MOV,4,NOP,6,RET_NEAR,1,POP,2,MOV,2,MOVSXD,3,ADD,4,MOV,2,XOR,2,0,1,0,0,0,JE,1,0,1,0,0,0,JS,1,0,4393368,4393440,4393377,0,0,0,1,fortran,0.0001176306987683,1.0,1,1,1
0x43095a,JNZ,9289379,9289379,62,2,0x430957,TEST,1,NonLeaf,rax(MOV) rax(MOV) ,rflags ,TEST,3,MOV,4,SUB,4,MOV,3,PUSH,1,MOV,2,MOV,2,MOVSXD,3,XOR,2,ADD,4,0,1,0,0,0,JNE,1,0,1,0,0,0,JS,1,0,4393280,4393368,4393308,0,0,0,1,fortran,0.0001176306987683,1.0,1,1,1
0x430872,JLE,21535849,0,-261,6,0x43086f,TEST,1,NonLeaf,rcx(-1) rcx(-1) ,rflags ,TEST,3,JNZ,2,TEST,3,JNZ,2,SUB,4,LEA,4,LEA,4,CALL_NEAR,5,MOV,5,JMP,5,0,0,0,0,0,MOV,0,0,1,0,0,0,CALL,0,1,4393071,4392813,4393080,0,0,0,1,fortran,0.0002727068156483,0.0,0,0,0
0x43086d,JNZ,21535849,0,34,2,0x43086a,TEST,1,NonLeaf,rdi(-1) rdi(-1) ,rflags ,TEST,3,JNZ,2,SUB,4,MOV,5,CMOVNLE,4,TEST,3,JLE,6,LEA,4,LEA,4,CALL_NEAR,5,0,1,0,0,0,JMP,0,0,1,0,0,0,JLE,0,0,4393066,4393103,4393071,0,0,1,0,fortran,0.0002727068156483,0.0,0,0,0
0x430868,JNZ,77958120,56422271,-48,2,0x430864,SUB,1,NonLeaf,rax(SUB) ,rax rflags ,SUB,4,MOV,5,CMOVNLE,4,CMP,7,SETNLE,4,TEST,3,JNZ,2,TEST,3,JLE,6,LEA,4,1,1,1,1,1,JNE,0,0,0,1,0,0,JNE,1,0,4393016,4393016,4393066,1,0,1,0,fortran,0.0009871777360219,0.7237510473572221,1,1,1
0x430828,JLE,21535849,0,66,2,0x430825,TEST,1,NonLeaf,rax(LEA) rax(LEA) ,rflags ,TEST,3,ADD,3,LEA,5,SUB,3,MOV,5,SUB,3,LEA,4,NOP,7,ADD,5,MOV,3,0,1,1,0,0,JNE,1,0,1,0,0,0,NOP,0,0,4392981,4393066,4393002,0,0,0,0,fortran,0.0002727068156483,0.0,0,0,0
0x430813,JNZ,331639514,310103665,-51,2,0x43080f,SUB,1,NonLeaf,rsi(SUB) ,rsi rflags ,SUB,4,MOV,5,CMOVNLE,4,CMP,6,SETNLE,4,MOV,5,SUB,3,LEA,5,ADD,3,TEST,3,1,1,1,1,1,JNE,0,0,1,1,0,0,JLE,1,0,4392928,4392928,4392981,1,0,1,0,fortran,0.0041995259070632,0.9350624756976336,1,1,1
0x4307b4,JLE,21535849,0,297,6,0x4307b1,TEST,1,NonLeaf,r13(SUB) r13(SUB) ,rflags ,TEST,3,SUB,3,MOVSXD,3,ADD,3,MOV,4,LEA,8,MOV,3,MOV,3,NEG,3,XOR,2,0,1,0,0,0,JS,1,0,1,0,0,0,NOP,1,0,4392861,4393181,4392890,0,0,1,0,fortran,0.0002727068156483,0.0,0,0,0
0x430645,JNLE,21535849,21535849,344,6,0x430642,CMP,1,NonLeaf,r9d(MOV) r10d(MOV) ,rflags ,CMP,3,MOVSXD,3,MOV,3,MOV,3,JMP,5,JL,2,TEST,3,JLE,2,MOV,4,MOV,4,0,1,0,0,0,JLE,1,0,1,0,0,0,JL,0,0,4392505,4392861,4392523,0,0,1,0,fortran,0.0002727068156483,1.0,1,0,1
0x4305e9,JNLE,41541216,41541216,374,6,0x4305e7,CMP,1,NonLeaf,rdi(-1) eax(MOV) ,rflags ,CMP,2,MOV,2,JZ,2,CMP,3,NOP,2,NOP,1,JL,2,MOVSXD,3,TEST,3,JLE,6,0,1,0,0,0,CALL,0,1,1,0,0,0,JL,0,0,4392421,4392799,4392431,0,0,1,0,fortran,0.000526033254297,1.0,1,0,1
0x4305e3,JZ,63077065,21535849,86,2,0x4305e0,CMP,1,NonLeaf,rax(-1) rdx(-1) ,rflags ,CMP,3,NOP,2,RET_NEAR,1,POP,2,POP,2,MOV,2,CMP,2,JNLE,6,NOP,1,JL,2,0,1,0,0,0,JG,0,0,1,0,0,0,JG,1,0,4392416,4392505,4392421,0,0,0,0,fortran,0.0007987400699453,0.3414212281437001,0,1,0
0x4305d1,JNZ,2437050,2215500,-17,2,0x4305ce,CMP,1,NonLeaf,rax(ADD) rcx(-1) ,rflags ,CMP,3,ADD,4,MOV,5,MOV,5,NOP,6,ADD,4,POP,1,POP,1,POP,2,POP,2,1,1,1,1,1,JNE,0,0,1,1,0,0,RET,1,0,4392384,4392384,4392403,1,0,1,0,fortran,3.086017853653125e-05,0.9090909090909092,1,1,1
0x4305af,JS,221550,0,-28,2,0x4305ab,TEST,1,NonLeaf,ecx(-1) ecx(-1) ,rflags ,MOV,2,TEST,2,MOV,2,JNZ,2,TEST,3,MOVSXD,3,XOR,2,ADD,4,NOP,6,MOV,5,0,0,0,0,0,RET,1,0,1,0,0,0,NOP,0,0,4392361,4392339,4392369,0,1,0,0,fortran,2.8054707760482952e-06,0.0,0,0,0
0x4305a7,JNZ,63298615,63077065,57,2,0x4305a4,TEST,1,NonLeaf,rdx(MOV) rdx(MOV) ,rflags ,TEST,3,MOV,4,NOP,2,RET_NEAR,1,POP,2,MOV,2,TEST,2,MOV,2,JS,2,MOVSXD,3,0,1,0,0,0,JE,1,0,1,0,0,0,JS,1,0,4392352,4392416,4392361,0,0,0,1,fortran,0.0008015455407214,0.9964999234185457,1,1,1
0x43056a,JNZ,63298615,63298615,54,2,0x430567,TEST,1,NonLeaf,rax(MOV) rax(MOV) ,rflags ,TEST,3,MOV,4,SUB,4,MOV,3,PUSH,1,MOV,2,MOV,2,MOVSXD,3,XOR,2,ADD,4,0,1,0,0,0,JNE,1,0,1,0,0,0,JS,1,0,4392272,4392352,4392300,0,0,0,1,fortran,0.0008015455407214,1.0,1,1,1
0x430510,JNZ,18578758,18578758,-226,6,0x430505,XOR,0,Leaf,esi(-1) esi(-1) ,esi rflags ,NOP,2,RET_NEAR,2,JMP,5,XOR,2,LEA,8,MOV,8,NOP,2,RET_NEAR,1,MOVSD_XMM,8,MOV,7,0,0,0,0,0,JBE,0,0,1,0,0,0,RET,1,0,4392208,4391982,4392214,0,0,0,1,fortran,0.0002352613975367,1.0,1,1,1
0x4304f3,JL,18578758,0,25,2,0x4304f0,CMP,1,Leaf,rsi(-1) rcx(-1) ,rflags ,CMP,3,JNZ,2,MULSD,4,SUBSD,4,CMP,3,SUB,3,LEA,5,LEA,8,XOR,2,JMP,5,0,1,0,0,0,REPZ RET,0,0,1,0,0,0,JMP,0,0,4392176,4392204,4392181,0,1,0,0,fortran,0.0002352613975367,0.0,0,0,0
0x4304ee,JNZ,74315032,55736274,-30,2,0x4304e3,CMP,1,Leaf,rax(ADD) rcx(ADD) ,rflags ,MULSD,4,SUBSD,4,CMP,3,ADD,4,MOV,5,CMP,3,JL,2,SUB,3,LEA,5,LEA,8,1,1,1,1,1,JNE,0,0,0,1,0,0,JL,1,0,4392144,4392144,4392176,1,0,1,0,fortran,0.0009410455901471,0.75,1,1,1
0x4304bc,JLE,18578758,0,135,6,0x4304b9,TEST,1,Leaf,rcx(CMOVLE) rcx(CMOVLE) ,rflags ,TEST,3,CMOVLE,4,CMP,4,MOV,5,MOVSXD,3,ADD,4,MOV,5,NOP,5,CVTTSD2SI,5,CVTSI2SD,5,0,1,0,0,0,JMP,1,0,1,0,0,0,NOP,0,0,4392105,4392259,4392130,0,1,0,0,fortran,0.0002352613975367,0.0,0,0,0
0x4304a5,JNBE,20135739,7294349,-13,2,0x4304a1,UCOMISD,1,Leaf,xmm1(-1) xmm0(MULSD) ,rflags ,UCOMISD,4,SUB,3,MOV,2,MULSD,4,NOP,6,MOV,2,MOVSXD,3,MOV,5,CMP,4,CMOVLE,4,1,1,1,1,1,JA,0,0,1,1,0,0,MOV,1,0,4392088,4392088,4392103,1,0,0,1,fortran,0.0002549773293551,0.3622588175184432,0,1,0
0x430490,JBE,18578758,5737368,25,2,0x43048c,UCOMISD,1,Leaf,xmm1(MOVSD_XMM) xmm0(-1) ,rflags ,UCOMISD,4,SUB,3,MOVSD_XMM,8,MOV,2,JNB,2,NOP,6,MULSD,4,MOV,2,SUB,3,UCOMISD,4,0,1,1,0,0,JLE,1,0,1,0,0,0,NOP,0,0,4392065,4392105,4392082,0,0,0,0,fortran,0.0002352613975367,0.3088133232587453,0,0,0
0x430460,JB,18578758,18578758,217,6,0x43045c,UCOMISD,1,Leaf,xmm0(-1) xmm2(MOVSD_XMM) ,rflags ,UCOMISD,4,MOVSD_XMM,8,MOV,6,MOV,5,MOV,4,NOP,10,MULSD,4,MOV,2,LEA,3,UCOMISD,4,0,1,0,0,0,JMP,1,0,1,0,0,0,NOP,0,0,4391997,4392249,4392038,0,0,0,0,fortran,0.0002352613975367,1.0,1,0,1
0x430437,JBE,18578758,268571,234,6,0x43042e,UCOMISD,1,Leaf,xmm0(-1) xmm1(-1) ,rflags ,MOV,5,UCOMISD,4,JNP,6,UCOMISD,4,XORPD,4,MOVSD_XMM,8,MOV,4,MOV,5,MOV,6,MOVSD_XMM,8,0,1,0,0,0,JMP,0,0,1,1,0,0,JB,0,0,4391982,4392225,4391997,1,0,0,1,fortran,0.0002352613975367,0.0144558102323093,0,0,0
0x430428,JNP,18578758,18578758,232,6,0x430424,UCOMISD,1,Leaf,xmm0(-1) xmm1(XORPD) ,rflags ,UCOMISD,4,XORPD,4,INVALID,0,INVALID,0,INVALID,0,UCOMISD,4,MOV,5,JBE,6,MOVSD_XMM,8,MOV,4,0,1,0,0,0,JNE,0,0,1,0,0,0,JBE,0,0,4391968,4392208,4391982,0,0,0,0,fortran,0.0002352613975367,1.0,1,1,1
0x4303bb,JNLE,438383,0,-11,2,0x4303b8,CMP,1,Leaf,rax(SUB) rdx(-1) ,rflags ,CMP,3,MULSD,4,SUB,4,NOP,1,MOV,5,MOVSD_XMM,4,RET_NEAR,1,MOVSD_XMM,8,CVTSI2SD,6,MULSD,4,1,1,1,1,1,JG,0,0,1,1,0,0,RET,1,0,4391856,4391856,4391869,1,0,0,1,fortran,5.551210540358293e-06,0.0,0,1,0
0x43039c,JNLE,5022661,4584278,-191,6,0x430399,TEST,1,Leaf,rdx(-1) rdx(-1) ,rflags ,TEST,3,JMP,5,LEA,4,JZ,2,CMP,6,MOVSD_XMM,8,MOV,5,NOP,1,SUB,4,MULSD,4,0,0,0,0,0,RET,1,0,1,0,0,0,NOP,0,0,4391833,4391645,4391842,0,0,1,0,fortran,6.360157370118487e-05,0.9127189750612276,1,0,1
0x43038e,JZ,14864,0,-15,2,0x430388,CMP,1,Leaf,rdi(-1) rcx(-1) ,rflags ,CMP,6,JNLE,2,CMP,3,ADD,4,MOV,5,LEA,4,JMP,5,TEST,3,JNLE,6,MOVSD_XMM,8,0,0,0,1,1,JG,0,0,0,0,0,0,JMP,1,0,4391816,4391807,4391824,1,0,0,0,fortran,1.882216999105478e-07,0.0,0,1,0
0x430386,JNLE,14864,0,113,2,0x430383,CMP,1,Leaf,rcx(ADD) rdx(-1) ,rflags ,CMP,3,ADD,4,MOV,5,JNZ,2,MOVSXD,3,CMP,6,JZ,2,LEA,4,JMP,5,TEST,3,1,1,0,0,0,JMP,1,0,1,0,0,0,JE,0,0,4391807,4391927,4391816,0,0,0,0,fortran,1.882216999105478e-07,0.0,0,0,0
0x430378,JNZ,604462,589598,24,2,0x430370,CMP,1,Leaf,rdi(-1) ,rflags ,MOVSXD,3,CMP,5,JNZ,6,CMP,6,ADD,4,MOV,5,ADD,4,CMP,3,JNLE,2,CMP,6,0,1,0,0,0,JMP,0,0,1,0,0,0,MOV,0,0,4391792,4391824,4391802,0,0,0,0,fortran,7.65425626825414e-06,0.9754095377376908,1,1,1
0x43036a,JNZ,702743,98281,-237,6,0x430364,CMP,1,Leaf,rsp(-1) ,rflags ,CMP,6,ADD,4,NOP,7,JMP,5,ADDSD,4,CMP,5,MOVSXD,3,JNZ,2,MOV,5,ADD,4,0,0,1,0,0,DIVSD,0,0,1,0,0,0,JNE,0,0,4391776,4391549,4391792,0,0,0,0,fortran,8.89878108586101e-06,0.1398534030221574,0,0,0
0x4302bc,JLE,5022661,5022661,221,6,0x4302b4,CMP,1,Leaf,rdx(MOVSXD) ,rflags ,MULSD,4,CMP,4,MOVSXD,3,CVTSI2SD,5,DIVSD,4,MOVSD_XMM,8,MOV,5,NOP,1,ADD,4,MULSD,4,0,1,0,0,0,JG,1,0,1,0,0,0,NOP,1,0,4391596,4391833,4391618,0,0,0,0,fortran,6.360157370118487e-05,1.0,1,0,1
0x430277,JZ,5022661,702743,233,6,0x430270,CMP,1,Leaf,r10(AND) ,rflags ,CMP,7,AND,7,MOV,3,MOV,5,MOV,3,CVTSI2SD,5,CVTSI2SD,7,CVTSI2SD,7,MOVSD_XMM,8,MULSD,4,0,1,0,0,0,JNE,0,0,1,1,0,0,DIVSD,0,0,4391432,4391776,4391549,0,0,0,0,fortran,6.360157370118487e-05,0.1399144795955769,0,0,0
0x4301fc,JLE,105438410,100854116,-12,2,0x4301f6,CMP,1,Leaf,rax(ADD) ,rflags ,CMP,6,ADD,3,ADD,3,NOP,3,MOV,5,CVTSI2SD,5,MOV,5,MOV,3,IMUL,5,MOV,3,1,1,1,1,1,JLE,0,0,1,1,0,0,MOV,1,0,4391408,4391408,4391422,1,0,0,1,fortran,0.0013351585553057,0.9565215939807894,1,1,1
0x4301e2,JNLE,5022661,438367,515,6,0x4301d7,CMP,1,Leaf,rax(MOV) ,rflags ,MOV,5,CMP,6,MOV,4,JLE,6,CMP,3,MOV,5,NOP,3,ADD,3,ADD,3,CMP,6,0,1,0,0,0,JMP,1,0,1,0,0,0,NOP,0,0,4391379,4391909,4391400,0,0,0,0,fortran,6.360157370118487e-05,0.0872778393763783,0,0,0
0x4301cd,JLE,5022661,0,283,6,0x4301ca,CMP,1,Leaf,edx(-1) ,rflags ,CMP,3,JL,6,CMP,4,MOV,3,JZ,6,MOV,4,CMP,6,MOV,5,JNLE,6,MOV,5,0,1,0,0,0,JE,1,0,1,0,0,0,JG,0,0,4391370,4391656,4391379,0,0,0,1,fortran,6.360157370118487e-05,0.0,0,0,0
0x4301c4,JL,5022661,0,571,6,0x4301c0,CMP,1,Leaf,r9d(MOV) ,rflags ,CMP,4,MOV,3,JZ,6,TEST,3,MOV,4,CMP,3,JLE,6,MOV,4,CMP,6,MOV,5,0,1,0,0,0,JNE,0,0,1,0,0,0,JLE,0,0,4391357,4391935,4391370,0,0,0,0,fortran,6.360157370118487e-05,0.0,0,0,0
0x4301b7,JZ,5022661,0,393,6,0x4301b4,TEST,1,Leaf,r8(MOV) r8(MOV) ,rflags ,TEST,3,MOV,4,INVALID,0,INVALID,0,INVALID,0,MOV,3,CMP,4,JL,6,CMP,3,JLE,6,0,1,0,0,0,RET,1,0,1,0,0,0,JL,0,0,4391344,4391744,4391357,0,0,1,0,fortran,6.360157370118487e-05,0.0,0,0,0
0x4301a9,JNZ,374287848,354304780,-17,2,0x4301a6,CMP,1,Leaf,rax(ADD) rcx(-1) ,rflags ,CMP,3,ADD,4,MOV,5,MOV,5,NOP,7,RET_NEAR,2,INVALID,0,INVALID,0,INVALID,0,INVALID,0,1,1,1,1,1,JNE,0,0,0,1,0,0,REPZ RET,1,0,4391320,4391320,4391339,1,0,1,0,fortran,0.0047395785122726,0.9466104280254378,1,1,1
0x43018f,JS,19983068,0,28,2,0x43018d,TEST,1,Leaf,edx(-1) edx(-1) ,rflags ,TEST,2,XOR,2,MOV,2,ADD,4,MOVSXD,3,NOP,7,MOV,5,MOV,5,ADD,4,CMP,3,0,1,1,0,0,REPZ RET,1,0,1,0,0,0,NOP,0,0,4391296,4391339,4391313,0,0,0,0,fortran,0.00025304406811,0.0,0,0,0
0x43009c,JL,207237576,200330000,64,2,0x430099,CMP,1,Leaf,rcx(-1) r11(ADD) ,rflags ,CMP,3,ADD,4,SUB,3,JNZ,2,MOV,5,POP,1,POP,1,POP,2,POP,2,SUB,3,0,0,0,0,0,RET,0,0,1,0,0,0,JMP,0,0,4391065,4391132,4391070,0,1,0,0,fortran,0.0026242336410159,0.9666683227369924,1,1,1
0x430090,JNZ,580474774,373237198,-16,2,0x430088,CMP,1,Leaf,rax(ADD) rdi(LEA) ,rflags ,MOV,5,CMP,3,MOV,4,ADD,4,NOP,4,SUB,3,ADD,4,CMP,3,JL,2,POP,1,1,1,1,1,1,JNE,0,0,1,1,0,0,ADD,1,0,4391040,4391040,4391058,1,0,1,0,fortran,0.0073505078523594,0.6429860774621706,1,1,1
0x430069,JL,207237576,0,122,2,0x430063,CMP,1,Leaf,r11(-1) rax(-1) ,rflags ,MOV,3,CMP,3,SUB,2,ADD,3,MOV,2,MOV,3,LEA,4,MOV,3,NEG,3,LEA,4,0,1,0,0,0,JMP,1,0,1,0,0,0,NOP,0,0,4391006,4391139,4391019,0,0,0,0,fortran,0.0026242336410159,0.0,0,0,0
0x43005a,JZ,114045202,66925331,-10,2,0x430054,CMP,1,Leaf,r10(-1) rax(ADD) ,rflags ,CMP,6,ADD,4,NOP,7,JNZ,2,MOV,5,MOV,2,ADD,3,SUB,2,CMP,3,MOV,3,1,1,1,1,1,JE,0,0,1,1,0,0,MOV,1,0,4390992,4390992,4391004,1,0,0,0,fortran,0.0014441457068811,0.5868316231313264,1,1,1
0x430047,JNZ,207237576,160117705,23,2,0x430038,CMP,1,Leaf,r10(-1) ,rflags ,MOV,5,MOV,5,CMP,5,JNZ,2,SUB,4,NOP,7,ADD,4,CMP,6,JZ,2,MOV,2,0,1,1,0,0,JL,1,0,1,0,0,0,NOP,0,0,4390968,4391006,4390985,0,0,1,0,fortran,0.0026242336410159,0.7726287292609522,1,1,1
0x430036,JNZ,244726162,123745861,-38,2,0x430032,SUB,1,Leaf,rax(SUB) ,rax rflags ,SUB,4,MOV,5,CMOVS,4,TEST,3,SAR,4,CMP,5,MOV,5,MOV,5,JNZ,2,NOP,7,1,1,1,1,1,JNE,0,0,0,1,0,0,JNE,1,0,4390928,4390928,4390968,1,0,1,0,fortran,0.0030989487502841,0.5056503153921075,1,1,1
0x430009,JLE,207237576,86257275,47,2,0x430006,TEST,1,Leaf,rax(SUB) rax(SUB) ,rflags ,TEST,3,SUB,3,MOV,3,MOV,3,JNZ,2,NOP,5,MOV,3,ADD,5,MOV,3,LEA,7,0,1,1,0,0,JNE,1,0,1,0,0,0,NOP,0,0,4390909,4390968,4390923,0,0,0,0,fortran,0.0026242336410159,0.4162241069640768,0,0,0
0x42fffb,JNZ,242556238,35318662,-43,2,0x42fff7,SUB,1,Leaf,r8(SUB) ,r8 rflags ,SUB,4,MOV,5,CMOVS,4,TEST,3,SAR,4,MOV,3,MOV,3,SUB,3,TEST,3,JLE,2,1,1,1,1,1,JNE,0,0,1,1,0,0,JLE,1,0,4390864,4390864,4390909,1,0,1,0,fortran,0.0030714711679404,0.1456101986542189,0,1,0
0x42ff98,JLE,120980301,75864211,24,2,0x42ff95,TEST,1,Leaf,rdx(MOV) rdx(MOV) ,rflags ,TEST,3,MOV,5,JLE,2,LEA,4,CMP,3,MOV,5,MOV,7,SUB,3,MOV,5,JMP,2,0,0,0,0,0,XOR,0,0,1,0,0,0,JMP,0,0,4390800,4390832,4390810,0,0,1,1,fortran,0.001531964337319,0.627079039917416,1,0,1
0x42ff8e,JLE,207237576,86257275,34,2,0x42ff87,CMP,1,Leaf,rcx(-1) r13(-1) ,rflags ,LEA,4,CMP,3,JLE,6,TEST,3,SUB,3,MOV,5,TEST,3,JLE,2,MOV,5,MOV,7,0,1,0,0,0,XOR,0,0,1,0,0,0,JLE,0,0,4390791,4390832,4390800,0,0,1,0,fortran,0.0026242336410159,0.4162241069640768,0,0,0
0x42ff81,JLE,207237576,0,314,6,0x42ff7e,TEST,1,Leaf,r13(SUB) r13(SUB) ,rflags ,TEST,3,SUB,3,MOVSXD,3,ADD,3,MOV,2,CMP,3,LEA,4,JLE,2,MOV,5,TEST,3,0,1,0,0,0,JS,1,0,1,0,0,0,JLE,1,0,4390752,4391099,4390791,0,0,1,0,fortran,0.0026242336410159,0.0,0,0,0
0x42fe44,JNZ,2160253,2160253,-348,6,0x42fe3a,UCOMISD,0,Leaf,xmm2(-1) xmm3(-1) ,rflags ,JP,6,UCOMISD,4,ADDSD,4,ADDSD,4,ADDSD,4,MOVAPD,5,JMP,2,NOP,7,SQRTSD,4,MOVAPD,4,0,0,0,0,0,RET,1,0,1,0,0,0,JMP,0,0,4390468,4390120,4390474,0,0,0,0,fortran,2.7355119207269952e-05,1.0,1,0,1
0x42fe3e,JP,2160253,0,-342,6,0x42fe3a,UCOMISD,1,Leaf,xmm2(ADDSD) xmm3(-1) ,rflags ,UCOMISD,4,ADDSD,4,ADDSD,4,ADDSD,4,ADDSD,4,JNZ,6,MOVAPD,5,JMP,2,NOP,7,SQRTSD,4,0,0,0,0,0,RET,1,0,1,0,0,0,JNE,0,0,4390360,4390120,4390468,0,0,0,0,fortran,2.7355119207269952e-05,0.0,0,0,0
0x42fdd2,JZ,2160253,0,363,6,0x42fdd0,TEST,1,Leaf,eax(-1) eax(-1) ,rflags ,TEST,2,JNLE,6,CMP,3,NEG,2,MOV,2,SQRTSD,4,MOVSD_XMM,9,MOVAPD,4,MOVAPD,4,MOVAPD,4,0,1,0,0,0,JMP,0,0,1,0,0,0,JP,0,0,4390352,4390717,4390360,0,0,0,0,fortran,2.7355119207269952e-05,0.0,0,0,0
0x42fdca,JNLE,2160253,0,-226,6,0x42fdc7,CMP,1,Leaf,eax(NEG) ,rflags ,CMP,3,NEG,2,MOV,2,JNLE,6,CMP,3,TEST,2,JZ,6,SQRTSD,4,MOVSD_XMM,9,MOVAPD,4,0,0,0,0,0,RET,1,0,1,0,0,0,JE,0,0,4390339,4390120,4390352,0,0,0,0,fortran,2.7355119207269952e-05,0.0,0,0,0
0x42fdbd,JNLE,2160253,0,-213,6,0x42fdba,CMP,1,Leaf,edx(-1) ,rflags ,CMP,3,XOR,2,CMOVNZ,3,LEA,3,CMP,3,MOV,2,NEG,2,CMP,3,JNLE,6,TEST,2,0,0,0,0,0,RET,1,0,1,0,0,0,JG,0,0,4390330,4390120,4390339,0,0,0,0,fortran,2.7355119207269952e-05,0.0,0,0,0
0x42fd96,JLE,2160253,2160253,36,2,0x42fd94,TEST,1,Leaf,esi(-1) esi(-1) ,rflags ,TEST,2,SAR,2,OR,6,AND,6,MOV,2,ADD,2,CMP,3,JZ,2,ADD,2,CMP,3,0,1,1,0,0,JG,0,0,1,0,0,0,JE,0,0,4390276,4390330,4390296,0,0,0,0,fortran,2.7355119207269952e-05,1.0,1,0,1
0x42fd7e,JNLE,2160253,0,-150,6,0x42fd7b,CMP,1,Leaf,esi(SUB) ,rflags ,CMP,3,SUB,2,SUB,6,SAR,3,MOV,2,MOV,2,AND,6,OR,6,SAR,2,TEST,2,0,0,0,0,0,RET,1,0,1,0,0,0,JLE,0,0,4390254,4390120,4390276,0,0,0,0,fortran,2.7355119207269952e-05,0.0,0,0,0
0x42fd65,JNZ,2160253,0,-5,2,0x42fd63,ADD,1,Leaf,eax(ADD) eax(ADD) ,eax rflags ,ADD,2,ADD,3,NOP,1,XOR,2,JZ,6,MOV,5,SUB,2,MOV,2,SAR,3,SUB,6,1,1,1,1,1,JNE,0,0,1,1,0,0,SUB,1,0,4390240,4390240,4390247,1,0,0,0,fortran,2.7355119207269952e-05,0.0,0,1,0
0x42fd57,JZ,2160253,0,492,6,0x42fd55,TEST,1,Leaf,eax(SHL) eax(SHL) ,rflags ,TEST,2,SHL,3,MOV,3,SAR,4,MOV,5,XOR,2,NOP,1,ADD,3,ADD,2,JNZ,2,0,1,0,0,0,JMP,1,0,1,0,0,0,NOP,0,0,4390208,4390723,4390237,0,0,0,0,fortran,2.7355119207269952e-05,0.0,0,0,0
0x42fcc5,JNZ,2160253,2160253,123,2,0x42fcc3,OR,1,Leaf,ecx(OR) eax(MOV) ,ecx rflags ,OR,2,AND,6,MOV,2,SAR,4,MOV,3,SAR,3,SUB,6,CVTSI2SD,4,MULSD,4,UCOMISD,8,0,1,0,0,0,JE,0,0,1,0,0,0,JNP,1,0,4390057,4390208,4390087,0,0,1,0,fortran,2.7355119207269952e-05,1.0,1,1,1
0x42fca7,JNZ,2160253,0,65,2,0x42fca5,TEST,1,Leaf,eax(-1) eax(-1) ,rflags ,TEST,2,JNB,2,UCOMISD,4,MOV,5,MOVSD_XMM,6,MOVSD_XMM,6,MOV,5,MOV,3,SAR,4,MOV,2,0,0,0,0,0,RET,1,0,1,0,0,0,JNE,0,0,4390053,4390120,4390057,0,0,0,1,fortran,2.7355119207269952e-05,0.0,0,0,0
0x42fca3,JNB,2160253,0,85,2,0x42fc9f,UCOMISD,1,Leaf,xmm3(XORPD) xmm1(-1) ,rflags ,UCOMISD,4,MOV,5,MOVSD_XMM,6,XORPD,4,INVALID,0,TEST,2,JNZ,2,MOVSD_XMM,6,MOV,5,MOV,3,0,1,0,0,0,JNE,1,0,1,0,0,0,JNE,0,0,4390032,4390136,4390053,0,0,0,0,fortran,2.7355119207269952e-05,0.0,0,0,0
0x42fb18,JNZ,153581945,4320833,-429,6,0x42faee,UCOMISD,0,Leaf,xmm2(-1) xmm3(-1) ,rflags ,NOP,6,RET_NEAR,2,MULSD,8,MULSD,4,MOVSD_XMM,6,MOV,5,MOVSD_XMM,6,MULSD,4,RET_NEAR,1,NOP,2,0,0,0,0,0,RET,0,0,1,0,0,0,RET,0,0,4389656,4389227,4389662,0,0,0,1,fortran,0.0019447964722462,0.0281337301725147,0,0,0
0x42f986,JLE,13053995,13053995,394,6,0x42f978,CMP,1,Leaf,edx(-1) ,rflags ,MOVSD_XMM,8,CMP,6,NOP,4,RET_NEAR,1,MOVSD_XMM,8,CMP,6,JNLE,6,MOVSD_XMM,8,MOVSD_XMM,8,MULSD,4,0,1,0,0,0,REPZ RET,0,0,1,0,0,0,JG,0,0,4389240,4389648,4389260,0,0,0,0,fortran,0.0001653017444512,1.0,1,0,1
0x42f965,JNP,153581945,153581945,435,6,0x42f961,UCOMISD,1,Leaf,xmm2(ADDSD) xmm0(ADDSD) ,rflags ,UCOMISD,4,ADDSD,4,MULSD,4,ADDSD,4,MOVAPD,4,MOVSD_XMM,8,RET_NEAR,1,NOP,4,CMP,6,MOVSD_XMM,8,0,1,0,0,0,JNE,0,0,0,0,0,0,RET,0,0,4388880,4389656,4389227,0,0,0,0,fortran,0.0019447964722462,1.0,1,1,1
0x42f80a,JNBE,166635940,13053995,366,6,0x42f804,CMP,1,Leaf,esi(LEA) ,rflags ,CMP,6,LEA,6,AND,6,MOV,2,SAR,4,MOVSD_XMM,8,ADDSD,8,MOVSD_XMM,8,MULSD,4,MOVSD_XMM,8,0,1,0,0,0,JLE,0,0,1,0,0,0,JNP,0,0,4388832,4389240,4388880,0,0,0,1,fortran,0.0021100982166975,0.0783384124697229,0,0,0
0x42d7f5,JNZ,2160253,702155,27,2,0x42d7ed,UCOMISD,0,NonLeaf,xmm0(-1) rsp(-1) ,rflags ,JP,2,UCOMISD,6,MOVSD_XMM,6,CALL_NEAR,5,MOV,5,LEA,5,LEA,5,LEA,5,NOP,1,ADD,7,0,0,0,0,0,CALL,0,1,1,0,0,0,RET,0,0,4380661,4380688,4380663,1,1,1,0,fortran,2.7355119207269952e-05,0.3250336881837451,0,0,0
0x42d7f3,JP,2160253,0,29,2,0x42d7ed,UCOMISD,1,NonLeaf,xmm0(MOVSD_XMM) rsp(-1) ,rflags ,UCOMISD,6,MOVSD_XMM,6,CALL_NEAR,5,MOV,5,LEA,8,JNZ,2,LEA,5,LEA,5,LEA,5,NOP,1,0,1,0,0,0,CALL,0,1,1,0,0,0,JNE,0,0,4380647,4380688,4380661,1,0,1,0,fortran,2.7355119207269952e-05,0.0,0,0,0
0x42d6cd,JB,2160253,2160253,19,2,0x42d6bf,UCOMISD,1,NonLeaf,xmm0(-1) rip(JB) ,rflags ,MOVSD_XMM,6,UCOMISD,8,CALL_NEAR,5,MOVSD_XMM,6,MOVSD_XMM,6,ADD,7,POP,1,RET_NEAR,1,NOP,8,LEA,5,0,1,0,0,0,CALL,0,1,1,0,0,0,RET,0,0,4380351,4380384,4380367,0,0,1,0,fortran,2.7355119207269952e-05,1.0,1,0,1
0x42d3e7,JBE,2158187,169289,479,6,0x42d250,UCOMISD,0,Recursive,xmm1(-1) xmm5(-1) ,rflags ,ADDSD,5,ADDSD,4,MULSD,4,ADDSD,8,MULSD,4,MOVSD_XMM,8,MULSD,4,SUBSD,5,ADDSD,5,JMP,5,0,1,0,0,0,JMP,0,0,1,0,0,0,MULSD,0,0,4379602,4380102,4379629,0,0,0,0,fortran,2.7328957606623077e-05,0.0784403761119865,0,0,0
0x42d226,JZ,2158187,0,847,6,0x42d224,TEST,1,Recursive,al(-1) al(-1) ,rflags ,TEST,2,SETNBE,3,UCOMISD,5,JBE,6,ADDSD,4,MOVSD_XMM,8,SUBSD,5,ADDSD,5,ADDSD,4,ADDSD,4,0,1,0,0,0,JMP,0,0,1,0,0,0,ADDSD,0,0,4379172,4380021,4379180,0,0,0,0,fortran,2.7328957606623077e-05,0.0,0,0,0
0x42d216,JBE,2158187,169289,927,6,0x42d1ec,UCOMISD,1,Recursive,xmm11(MULSD) xmm5(-1) ,rflags ,ADDSD,4,MULSD,4,MOVAPD,5,ADDSD,4,ADDSD,5,UCOMISD,5,SETNBE,3,TEST,2,JZ,6,MOVSD_XMM,8,0,1,0,0,0,JMP,0,0,1,0,0,0,SETA,0,0,4379036,4380085,4379164,0,0,0,0,fortran,2.7328957606623077e-05,0.0784403761119865,0,0,0
0x42d196,JNZ,2159858,1671,-1283,6,0x42d191,CMP,1,Recursive,eax(-1) ,rflags ,CMP,5,JMP,5,JNZ,6,JMP,5,XORPD,4,SUBSD,8,MOVAPD,4,MOVAPD,4,MOVAPD,5,MULSD,5,0,0,0,0,0,ADDSD,0,0,1,0,0,0,JBE,0,0,4379025,4377747,4379036,1,0,1,0,fortran,2.7350117352354407e-05,0.0007736619722222,0,0,0
0x42cedc,JNB,2160580,327,-1908,6,0x42cecc,UCOMISD,1,Recursive,xmm0(-1) xmm5(MOVSD_XMM) ,rflags ,MOVSD_XMM,6,MOVSD_XMM,6,UCOMISD,4,MOVSD_XMM,6,MOVSD_XMM,6,MOVAPD,5,MOVAPD,4,MOVAPD,4,CALL_NEAR,5,JMP,5,0,0,1,0,0,JE,0,0,1,0,0,0,CALL,0,1,4378304,4376424,4378338,0,0,0,1,fortran,2.7359259983364596e-05,0.0001513482490812,0,0,0
0x42ce91,JBE,2160580,0,1399,6,0x42ce32,UCOMISD,1,Recursive,xmm3(-1) xmm5(-1) ,rflags ,MOVAPD,4,ADDSD,4,SUBSD,4,ADDSD,4,ADDSD,5,MULSD,4,MOVSD_XMM,6,MOVSD_XMM,6,MOVSD_XMM,6,MOVSD_XMM,6,0,1,0,0,0,JMP,0,0,1,1,0,0,CALL,0,1,4378143,4379656,4378263,0,0,0,1,fortran,2.7359259983364596e-05,0.0,0,0,0
0x42cc8d,JZ,2160580,2159858,1284,6,0x42cc87,CMP,1,Recursive,ecx(-1) ,rflags ,CMP,6,SHL,3,AND,5,SUBSD,9,MOV,4,MOV,4,LEA,3,LEA,3,MOVSD_XMM,6,MOVSXD,3,0,1,0,0,0,JNE,0,0,1,0,0,0,ADDSD,0,0,4377660,4379025,4377747,0,0,0,1,fortran,2.7359259983364596e-05,0.9996658304714476,1,0,1
0x42cc2e,JNLE,2160580,170276,1306,6,0x42cc28,CMP,1,Recursive,esi(AND) ,rflags ,CMP,6,AND,6,SAR,3,MOV,2,MOV,3,MOV,2,OR,6,SHL,4,MOV,2,MOV,2,0,1,0,0,0,JMP,0,0,1,0,0,0,OR,0,0,4377629,4378952,4377652,1,1,0,0,fortran,2.7359259983364596e-05,0.0788103194512584,0,0,0
0x42cbf8,JNLE,2160580,2160580,37,2,0x42cbf0,CMP,1,Recursive,ecx(SAR) ,rflags ,MOV,2,CMP,6,SAR,4,MOV,3,MOVAPD,4,MULSD,8,MOVSD_XMM,8,MOVSD_XMM,5,MOV,4,MOV,3,0,1,1,0,0,JG,0,0,1,0,0,0,MOV,0,0,4377560,4377629,4377594,0,0,0,1,fortran,2.7359259983364596e-05,1.0,1,1,1
0x42cb78,JNZ,164475360,164475360,-913,6,0x42cb50,UCOMISD,0,Recursive,xmm3(-1) rip(JNZ) ,rflags ,NOP,7,JMP,5,XORPD,4,MOVSD_XMM,8,JMP,5,DIVSD,4,MOVAPD,4,JMP,5,NOP,5,MOVSD_XMM,8,0,0,0,0,0,JP,0,0,0,0,0,0,JMP,0,0,4377464,4376551,4377470,0,0,0,0,fortran,0.0020827389567141,1.0,1,1,1
0x42cb2d,JBE,34072412,14261383,1608,6,0x42caa5,UCOMISD,1,Recursive,xmm2(SUBSD) xmm5(-1) ,rflags ,ADDSD,4,MOVAPD,5,SUBSD,4,MULSD,4,MULSD,5,SUBSD,5,MULSD,8,ADDSD,5,JMP,5,NOP,6,0,1,0,0,0,JMP,0,0,1,1,0,0,JMP,0,0,4377207,4378997,4377395,1,1,0,0,fortran,0.0004314563580928,0.4185610047213564,0,0,0
0x42ca71,JNBE,139308550,105236138,1378,6,0x42ca6e,CMP,1,Recursive,edx(LEA) ,rflags ,CMP,3,LEA,6,NOP,6,JMP,5,JNBE,6,SUBSD,8,MOVSD_XMM,8,MOVSD_XMM,9,MOVAPD,4,MOVAPD,5,0,1,0,0,0,JMP,0,0,1,0,0,0,JBE,0,0,4377192,4378579,4377207,0,0,1,0,fortran,0.0017640535584683,0.7554176538338817,1,0,1
0x42ca20,JNZ,164475360,164475360,-583,6,0x42ca03,UCOMISD,0,Recursive,xmm4(-1) xmm1(-1) ,rflags ,NOP,2,JMP,5,MULSD,4,MOVSD_XMM,8,JBE,6,MOVAPD,4,MULSD,4,JMP,5,NOP,5,TEST,2,0,0,0,0,0,JNP,0,0,1,0,0,0,JMP,0,0,4377120,4376537,4377126,0,0,0,0,fortran,0.0020827389567141,1.0,1,1,1
0x42c8a4,JNZ,164475360,164475360,-217,6,0x42c890,TEST,0,Recursive,edx(-1) edx(-1) ,rflags ,MOVAPD,4,NOP,6,JMP,2,JZ,6,TEST,2,NOP,6,JMP,2,NOP,6,MOVSD_XMM,5,MOV,4,0,0,0,0,0,JNP,0,0,1,0,0,0,JMP,0,0,4376736,4376523,4376746,0,0,0,0,fortran,0.0020827389567141,1.0,1,1,1
0x42c7f5,JNZ,164475360,164475360,-927,6,0x42c7eb,UCOMISD,0,Recursive,xmm3(-1) xmm5(-1) ,rflags ,JP,6,UCOMISD,4,XORPD,4,JNP,6,UCOMISD,8,JMP,5,TEST,2,JNZ,2,TEST,2,JNZ,6,0,0,0,0,0,JA,0,0,1,0,0,0,JMP,0,0,4376565,4375638,4376571,0,0,0,0,fortran,0.0020827389567141,1.0,1,1,1
0x42c7ef,JP,164475360,0,-921,6,0x42c7eb,UCOMISD,1,Recursive,xmm3(-1) xmm5(XORPD) ,rflags ,UCOMISD,4,XORPD,4,JNP,6,UCOMISD,8,JNP,6,JNZ,6,JMP,5,TEST,2,JNZ,2,TEST,2,0,0,0,0,0,JA,0,0,1,0,0,0,JNE,0,0,4376551,4375638,4376565,0,0,0,0,fortran,0.0020827389567141,0.0,0,0,0
0x42c7e1,JNP,164475360,164475360,919,6,0x42c7d9,UCOMISD,1,Recursive,xmm3(-1) rip(JNP) ,rflags ,UCOMISD,8,JNP,6,UCOMISD,8,JNP,6,UCOMISD,4,XORPD,4,UCOMISD,4,JP,6,JNZ,6,JMP,5,0,1,0,0,0,JNE,0,0,1,0,0,0,JP,0,0,4376537,4377464,4376551,0,0,0,0,fortran,0.0020827389567141,1.0,1,1,1
0x42c7d3,JNP,164475360,164475360,589,6,0x42c7cb,UCOMISD,1,Recursive,xmm3(-1) rip(JNP) ,rflags ,UCOMISD,8,JNP,6,UCOMISD,4,MOVSD_XMM,8,JNLE,6,UCOMISD,8,JNP,6,XORPD,4,UCOMISD,4,JP,6,0,1,0,0,0,JNE,0,0,1,0,0,0,JNP,0,0,4376523,4377120,4376537,0,0,0,0,fortran,0.0020827389567141,1.0,1,1,1
0x42c7c5,JNP,164475360,164475360,219,6,0x42c7c1,UCOMISD,1,Recursive,xmm3(-1) xmm1(MOVSD_XMM) ,rflags ,UCOMISD,4,MOVSD_XMM,8,JNLE,6,JZ,6,CMP,6,UCOMISD,8,JNP,6,UCOMISD,8,JNP,6,XORPD,4,0,1,0,0,0,JNE,0,0,1,0,0,0,JNP,0,0,4376505,4376736,4376523,0,0,0,0,fortran,0.0020827389567141,1.0,1,1,1
0x42c7b3,JNLE,164475360,0,205,6,0x42c7a7,CMP,0,Recursive,esi(-1) ,rflags ,JZ,6,CMP,6,AND,6,MOV,2,SAR,4,MOVSD_XMM,8,UCOMISD,4,JNP,6,UCOMISD,8,JNP,6,0,0,0,0,0,MOVSD,0,0,0,0,0,0,JNP,0,0,4376499,4376704,4376505,0,0,0,0,fortran,0.0020827389567141,0.0,0,0,0
0x42c7ad,JZ,164475360,0,227,6,0x42c7a7,CMP,1,Recursive,esi(AND) ,rflags ,CMP,6,AND,6,MOV,2,SAR,4,MOV,3,JNLE,6,MOVSD_XMM,8,UCOMISD,4,JNP,6,UCOMISD,8,0,1,0,0,0,JE,0,0,1,0,0,0,JG,0,0,4376472,4376720,4376499,0,0,0,0,fortran,0.0020827389567141,0.0,0,0,0
0x42c76a,JZ,164475360,164475360,286,6,0x42c768,TEST,1,Recursive,bl(-1) bl(-1) ,rflags ,TEST,2,JBE,6,MOVSD_XMM,7,MOVSD_XMM,7,MOVSD_XMM,6,STMXCSR,5,MOV,4,AND,6,AND,3,OR,2,0,0,1,0,0,RET,0,0,1,0,0,0,JMP,0,0,4376424,4376712,4376432,0,0,0,1,fortran,0.0020827389567141,1.0,1,1,1
0x42c762,JBE,164475360,2160580,1142,6,0x42c73d,UCOMISD,1,Recursive,xmm0(-1) xmm5(MOVSD_XMM) ,rflags ,MOVSD_XMM,7,MOVSD_XMM,7,MOVSD_XMM,6,MOVSD_XMM,6,MOVSD_XMM,7,TEST,2,JZ,6,STMXCSR,5,MOV,4,AND,6,0,1,0,0,0,JG,0,0,1,1,0,0,JE,0,0,4376370,4377560,4376424,0,0,1,0,fortran,0.0020827389567141,0.0131361925579612,0,0,0
0x42c6ef,JBE,164475360,0,1137,6,0x42c6a8,UCOMISD,1,Recursive,xmm3(-1) xmm5(-1) ,rflags ,MOVAPD,4,ADDSD,4,SUBSD,4,ADDSD,4,MOVAPD,4,MULSD,4,MOVSD_XMM,7,MOVSD_XMM,7,MOVSD_XMM,6,MOVSD_XMM,6,0,1,0,0,0,JMP,0,0,1,1,0,0,CALL,0,1,4376228,4377440,4376309,0,0,0,1,fortran,0.0020827389567141,0.0,0,0,0
0x42c599,JZ,164475360,139308550,1231,6,0x42c593,CMP,1,Recursive,ecx(-1) ,rflags ,CMP,6,SHL,3,AND,5,MOV,2,SUBSD,8,MOV,4,SUBSD,4,MOVSXD,3,MOVSD_XMM,5,MOVSD_XMM,9,0,1,0,0,0,JA,0,0,1,0,0,0,MOVSD,0,0,4375883,4377192,4375967,0,0,0,1,fortran,0.0020827389567141,0.8469873542152454,1,1,1
0x42c53d,JNLE,164475360,42905509,1131,6,0x42c537,CMP,1,Recursive,esi(AND) ,rflags ,CMP,6,AND,6,SAR,3,MOV,2,MOV,3,MOV,2,OR,6,SHL,4,MOV,2,MOV,2,0,1,0,0,0,JMP,0,0,1,0,0,0,OR,0,0,4375852,4377000,4375875,1,1,0,0,fortran,0.0020827389567141,0.260862836840728,0,0,0
0x42c506,JNLE,164475360,164475360,38,2,0x42c4fe,CMP,1,Recursive,ecx(SAR) ,rflags ,MOV,2,CMP,6,SAR,4,MOV,3,MOVAPD,5,MULSD,8,MOVSD_XMM,9,MOVSD_XMM,5,MOV,4,MOV,3,0,1,1,0,0,JG,0,0,1,0,0,0,MOV,0,0,4375781,4375852,4375816,0,0,0,1,fortran,0.0020827389567141,1.0,1,1,1
0x42c4b7,JNZ,164475360,0,1217,6,0x42c4b5,TEST,1,Recursive,al(SETNBE) al(SETNBE) ,rflags ,TEST,2,SETNBE,3,UCOMISD,4,MOVSD_XMM,8,JBE,6,MOVSD_XMM,9,MOVAPD,4,MOVAPD,5,MULSD,5,MOVAPD,4,0,1,0,0,0,JA,0,0,1,0,0,0,SUBSD,0,0,4375733,4376952,4375741,0,0,0,0,fortran,0.0020827389567141,0.0,0,0,0
0x42c4a0,JBE,164475360,0,1712,6,0x42c49c,UCOMISD,1,Recursive,xmm3(-1) xmm5(-1) ,rflags ,UCOMISD,4,XOR,2,JNZ,6,MOV,4,CMP,2,MOVSD_XMM,8,UCOMISD,4,SETNBE,3,TEST,2,JNZ,6,0,1,0,0,0,JMP,0,0,1,0,0,0,SETA,0,0,4375708,4377424,4375718,0,0,0,0,fortran,0.0020827389567141,0.0,0,0,0
0x42c494,JNZ,164475360,0,4441,6,0x42c48e,CMP,1,Recursive,ebp(MOV) eax(AND) ,rflags ,MOV,4,CMP,2,AND,3,MOV,2,MOV,4,XOR,2,UCOMISD,4,JBE,6,MOVSD_XMM,8,UCOMISD,4,0,1,0,0,0,JMP,0,0,1,0,0,0,XOR,0,0,4375680,4380141,4375706,0,0,0,0,fortran,0.0020827389567141,0.0,0,0,0
0x42c47a,JNLE,164475360,0,929,6,0x42c474,CMP,1,Recursive,esi(AND) ,rflags ,CMP,6,AND,6,MOV,2,SAR,4,MOV,3,STMXCSR,5,MOV,4,MOV,2,AND,3,CMP,2,0,0,0,0,0,JP,0,0,1,0,0,0,JNE,0,0,4375653,4376603,4375680,0,0,0,1,fortran,0.0020827389567141,0.0,0,0,0
0x42c45f,JNBE,164475360,0,929,6,0x42c459,CMP,1,Recursive,esi(LEA) ,rflags ,CMP,6,LEA,3,MOV,3,SHR,4,XORPD,4,MOV,3,SAR,4,MOV,2,AND,6,CMP,6,0,1,0,0,0,JNE,0,0,1,0,0,0,JG,0,0,4375638,4376576,4375653,0,0,0,0,fortran,0.0020827389567141,0.0,0,0,0
0x42c442,JZ,164475360,164475360,854,6,0x42c440,TEST,1,Recursive,eax(MOV) eax(MOV) ,rflags ,TEST,2,MOV,4,MOVSD_XMM,5,MOV,4,MOVSD_XMM,5,MOV,3,XORPD,4,SHR,4,MOV,3,LEA,3,0,1,0,0,0,JE,0,0,1,0,0,0,MOV,0,0,4375584,4376472,4375624,0,0,0,0,fortran,0.0020827389567141,1.0,1,1,1
0x4a2a15,JNZ,241,240,-5114,6,0x4a2a11,CMP,1,NonLeaf,rbp(-1) ,rflags ,CMP,4,JMP,5,CALL_NEAR,5,MOV,7,CALL_NEAR,5,CMP,7,JNZ,6,MOV,5,MOV,5,MOV,3,0,0,0,0,0,JLE,0,0,1,0,0,0,JNE,0,0,4860433,4855323,4860443,0,0,1,0,fortran,3.0517646446745166e-09,0.995850622406639,1,0,1
0x4a17c9,JNZ,406,406,14,2,0x4a17c7,TEST,1,NonLeaf,al(MOVZX) ,rflags ,TEST,2,ADD,4,MOVZX,6,MOV,6,MOV,4,CMP,6,JZ,6,MOV,6,TEST,2,JNZ,6,0,1,0,0,0,JNE,0,0,1,0,0,0,JE,0,0,4855751,4855767,4855755,0,0,0,0,fortran,5.1411470777504314e-09,1.0,1,0,1
0x427449,JNZ,164475360,164475360,-71,2,0x427440,ADD,0,NonLeaf,rsp(-1) ,rsp rflags ,JMP,5,ADD,4,MOV,5,MOVAPD,4,MOVAPD,4,MOVQ,5,AND,3,CMP,3,JNBE,2,MOVQ,5,0,0,0,0,0,RET,0,0,1,0,0,0,JA,0,0,4355145,4355074,4355147,1,0,0,0,fortran,0.0020827389567141,1.0,1,1,1
0x427400,JNP,164475360,164475360,73,2,0x4273fc,UCOMISD,1,NonLeaf,xmm0(-1) xmm1(XORPD) ,rflags ,UCOMISD,4,XORPD,4,JNBE,2,MOVSD_XMM,6,CMP,3,ADD,4,RET_NEAR,1,CMP,7,JZ,2,MOVQ,5,0,1,0,0,0,JNE,0,0,0,0,0,0,RET,0,0,4355064,4355145,4355074,0,0,0,0,fortran,0.0020827389567141,1.0,1,1,1
0x4273f6,JNBE,164475360,0,17,2,0x4273ed,CMP,1,NonLeaf,rax(AND) rdx(MOV) ,rflags ,MOVSD_XMM,6,CMP,3,MOVSD_XMM,5,AND,3,MOVQ,5,XORPD,4,UCOMISD,4,JNP,2,ADD,4,RET_NEAR,1,0,1,0,0,0,JE,0,0,1,0,0,0,JNP,0,0,4355020,4355079,4355064,0,0,0,0,fortran,0.0020827389567141,0.0,0,0,0
0x427333,JZ,412,412,45,2,0x427330,CMP,1,Leaf,edi(-1) ,rflags ,CMP,3,INVALID,0,INVALID,0,INVALID,0,INVALID,0,JLE,2,CMP,3,MOV,5,JZ,2,CMP,3,0,1,0,0,0,RET,0,0,1,0,0,0,JLE,0,0,4354864,4354912,4354869,0,0,0,0,fortran,5.2171246207713726e-09,1.0,1,0,1
0x4a1223,JZ,406,406,3410,6,0x4a1220,TEST,1,NonLeaf,rax(MOV) rax(MOV) ,rflags ,TEST,3,MOV,7,MOV,6,CMOVNZ,7,MOV,6,MOVZX,3,MOV,10,LEA,3,MOV,6,MOV,5,0,1,0,0,0,JMP,0,0,1,0,0,0,JBE,0,0,4854297,4857717,4854313,0,1,1,1,fortran,5.1411470777504314e-09,1.0,1,0,1
0x4a10b3,JZ,1,0,3654,6,0x4a10ae,TEST,1,NonLeaf,ecx(XOR) ecx(XOR) ,rflags ,MOV,3,TEST,2,XOR,4,BSR,6,JZ,2,MOV,4,TZCNT,5,MOV,2,MOV,4,TEST,3,0,0,0,0,0,JE,0,0,1,0,0,0,JE,1,0,4853924,4857593,4853945,0,0,0,0,fortran,1.266292383682372e-11,0.0,0,0,0
0x425bc8,JNZ,6,0,153,6,0x425bbf,XOR,1,NonLeaf,rdx(XOR) fs(-1) ,rdx rflags ,XOR,9,MOV,5,JZ,2,CMP,4,XOR,2,ADD,4,POP,1,POP,1,POP,2,RET_NEAR,1,0,1,0,0,0,CALL,0,1,1,0,0,0,RET,0,0,4348858,4349025,4348878,0,0,1,0,fortran,7.597754302094232e-11,0.0,0,0,0
0x425bb8,JZ,6,0,128,2,0x425bb4,CMP,1,NonLeaf,rbx(-1) rsp(-1) ,rflags ,CMP,4,XOR,2,MOVDQA,5,CALL_NEAR,5,MOV,3,MOV,5,XOR,9,JNZ,6,ADD,4,POP,1,0,1,0,0,0,CALL,0,1,1,1,0,0,JNE,0,0,4348850,4348984,4348858,1,0,1,0,fortran,7.597754302094232e-11,0.0,0,0,0
0x425b8c,JZ,6,6,148,6,0x425b81,CMP,1,NonLeaf,ecx(-1) ,rflags ,MOV,8,CMP,3,XOR,2,MOV,5,MOV,9,JLE,2,CMP,3,JZ,2,CMP,3,NOP,4,0,1,0,0,0,CALL,0,1,1,0,0,0,JLE,0,0,4348768,4348960,4348818,0,0,1,0,fortran,7.597754302094232e-11,1.0,1,0,1
0x425ab7,JNBE,6,0,153,6,0x425ab4,CMP,1,NonLeaf,edi(-1) ,rflags ,CMP,3,SUB,4,INVALID,0,INVALID,0,INVALID,0,MOV,2,JMP,7,NOP,10,MOV,5,XOR,2,0,1,0,0,0,CALL,1,1,1,0,0,0,JMP,0,0,4348592,4348752,4348605,0,0,1,0,fortran,7.597754302094232e-11,0.0,0,0,0
0x425a6a,JNZ,6,0,58,2,0x425a61,XOR,1,NonLeaf,rax(XOR) fs(-1) ,rax rflags ,XOR,9,MOV,5,CALL_NEAR,5,MOVSXD,3,MOV,3,ADD,4,RET_NEAR,1,NOP,7,MOV,3,JMP,2,0,0,0,0,0,CALL,0,1,1,0,0,0,RET,0,0,4348508,4348580,4348524,0,0,1,0,fortran,7.597754302094232e-11,0.0,0,0,0
0x425a37,JNBE,6,0,97,2,0x425a34,CMP,1,NonLeaf,ecx(-1) ,rflags ,CMP,3,XOR,2,MOV,5,MOV,9,SUB,4,MOV,2,JMP,7,NOP,6,MOV,4,MOV,5,0,1,0,0,0,CALL,0,1,1,0,0,0,JMP,0,0,4348448,4348568,4348473,0,0,1,0,fortran,7.597754302094232e-11,0.0,0,0,0
0x424b90,JZ,6,0,-80,2,0x424b8d,CMP,1,NonLeaf,eax(-1) ,rflags ,CMP,3,JZ,2,CMP,3,CALL_NEAR,5,MOV,3,MOV,3,CALL_NEAR,5,JMP,2,NOP,4,MOV,7,0,0,1,0,0,JE,0,0,1,0,0,0,CALL,0,1,4344717,4344640,4344722,0,0,1,1,fortran,7.597754302094232e-11,0.0,0,0,0
0x424b8b,JZ,6,0,21,2,0x424b88,CMP,1,NonLeaf,eax(-1) ,rflags ,CMP,3,CALL_NEAR,5,MOV,3,NOP,5,RET_NEAR,1,CMP,3,JZ,2,MOV,3,CALL_NEAR,5,JMP,2,0,1,0,0,0,JE,0,0,1,0,0,0,JE,0,0,4344712,4344736,4344717,0,0,1,0,fortran,7.597754302094232e-11,0.0,0,0,0
0x424b5b,JZ,6,6,18,2,0x424b58,TEST,1,NonLeaf,rdi(MOV) rdi(MOV) ,rflags ,TEST,3,MOV,10,AND,7,MOV,7,JZ,2,CALL_NEAR,5,MOV,11,POP,1,RET_NEAR,1,NOP,1,0,1,1,0,0,RET,0,0,1,0,0,0,CALL,0,1,4344640,4344685,4344669,0,0,0,1,fortran,7.597754302094232e-11,1.0,1,0,1
0x424b3e,JZ,6,6,66,2,0x424b37,TEST,1,NonLeaf,rbx(-1) ,rflags ,TEST,7,JS,2,TEST,2,MOVZX,7,CALL_NEAR,5,MOV,7,AND,7,MOV,10,TEST,3,JZ,2,0,1,0,0,0,CALL,0,1,1,0,0,0,JE,0,0,4344631,4344704,4344640,0,0,1,1,fortran,7.597754302094232e-11,1.0,1,0,1
0x424b35,JS,14,8,59,2,0x424b33,TEST,1,NonLeaf,al(MOVZX) al(MOVZX) ,rflags ,TEST,2,MOVZX,7,CALL_NEAR,5,MOV,7,MOV,6,TEST,7,JZ,2,MOV,7,AND,7,MOV,10,0,1,0,0,0,RET,0,0,1,0,0,0,JE,0,0,4344620,4344688,4344631,1,0,1,0,fortran,1.7728093371553206e-10,0.5714285714285714,1,0,1
0x424afe,JZ,14,14,28,2,0x424afb,TEST,1,NonLeaf,rdi(MOV) rdi(MOV) ,rflags ,TEST,3,MOV,7,MOV,3,PUSH,1,INVALID,0,CALL_NEAR,5,MOV,11,MOV,10,MOV,6,MOV,7,0,1,1,0,0,CALL,0,1,1,0,0,0,CALL,0,1,4344560,4344602,4344576,0,0,1,1,fortran,1.7728093371553206e-10,1.0,1,1,1
0x424ab9,JLE,8,0,-881,6,0x424ab0,CMP,1,NonLeaf,rsp(-1) ecx(MOV) ,rflags ,MOV,5,CMP,4,MOV,4,CALL_NEAR,5,MOV,5,MOV,5,LEA,5,MOV,5,SUB,3,CALL_NEAR,5,0,0,0,0,0,MOV,0,0,0,0,0,0,CALL,0,1,4344492,4343624,4344511,0,1,0,1,fortran,1.0130339069458976e-10,0.0,0,0,0
0x424a28,JLE,6,0,-636,6,0x424a26,TEST,1,NonLeaf,edx(MOV) edx(MOV) ,rflags ,TEST,2,MOV,7,CALL_NEAR,5,MOV,3,MOV,3,MOV,5,MOV,5,MOV,3,CALL_NEAR,5,JMP,5,0,0,1,0,0,JE,0,0,0,0,0,0,CALL,0,1,4344351,4343724,4344366,0,0,0,1,fortran,7.597754302094232e-11,0.0,0,1,0
0x4248b8,JNZ,14,14,-506,6,0x4248b5,CMP,1,NonLeaf,eax(-1) ,rflags ,CMP,3,JZ,2,CMP,3,JBE,2,CMP,3,NOP,2,JMP,2,NOP,6,CMP,4,MOV,5,0,0,0,0,0,JA,0,0,1,0,0,0,JMP,0,0,4343989,4343486,4343998,0,0,0,0,fortran,1.7728093371553206e-10,1.0,1,1,1
0x4248b3,JZ,14,0,-108,2,0x4248b0,CMP,1,NonLeaf,eax(-1) ,rflags ,CMP,3,JBE,2,CMP,3,LEA,3,NOP,5,CMP,3,JNZ,6,NOP,2,JMP,2,NOP,6,0,0,0,0,0,CALL,0,1,1,0,0,0,JNE,0,0,4343984,4343879,4343989,0,0,1,0,fortran,1.7728093371553206e-10,0.0,0,0,0
0x4248ae,JBE,14,0,-103,2,0x4248ab,CMP,1,NonLeaf,edx(LEA) ,rflags ,CMP,3,LEA,3,NOP,5,JMP,5,JNS,6,CMP,3,JZ,2,CMP,3,JNZ,6,NOP,2,0,0,0,0,0,CALL,0,1,1,0,0,0,JE,0,0,4343976,4343879,4343984,0,0,1,0,fortran,1.7728093371553206e-10,0.0,0,0,0
0x424898,JNS,6,6,-496,6,0x424890,CMP,1,NonLeaf,r15(-1) ,rflags ,CMP,8,CALL_NEAR,5,MOV,3,NOP,5,JMP,5,JMP,5,NOP,5,LEA,3,CMP,3,JBE,2,0,0,1,0,0,MOV,0,0,1,0,0,0,JMP,0,0,4343952,4343464,4343966,0,0,1,0,fortran,7.597754302094232e-11,1.0,1,1,1
0x424845,JNZ,14,14,99,2,0x424842,CMP,1,NonLeaf,eax(-1) ,rflags ,CMP,3,JZ,2,NOP,2,CMP,3,JZ,2,MOV,3,CALL_NEAR,5,TEST,8,MOV,11,JNZ,6,0,1,0,0,0,JBE,0,0,0,0,0,0,CALL,0,1,4343874,4343976,4343879,0,0,0,1,fortran,1.7728093371553206e-10,1.0,1,1,1
0x424840,JZ,14,0,7,2,0x42483b,CMP,1,NonLeaf,eax(-1) ,rflags ,NOP,2,CMP,3,JZ,2,CMP,3,JZ,6,CMP,3,JNZ,2,MOV,3,CALL_NEAR,5,TEST,8,0,0,0,0,0,CALL,0,1,1,0,0,0,JNE,0,0,4343867,4343879,4343874,0,0,1,0,fortran,1.7728093371553206e-10,0.0,0,0,0
0x424839,JZ,14,0,14,2,0x424836,CMP,1,NonLeaf,eax(-1) ,rflags ,CMP,3,JZ,6,CMP,3,CALL_NEAR,5,MOV,7,CMP,3,NOP,2,JZ,2,CMP,3,JNZ,2,0,1,0,0,0,CALL,0,1,1,0,0,0,JE,0,0,4343862,4343879,4343867,0,0,1,0,fortran,1.7728093371553206e-10,0.0,0,0,0
0x424830,JZ,14,0,320,6,0x42482d,CMP,1,NonLeaf,eax(-1) ,rflags ,CMP,3,CALL_NEAR,5,MOV,7,MOV,3,MOV,11,CMP,3,JZ,2,CMP,3,NOP,2,JZ,2,0,1,0,0,0,JE,1,0,1,0,0,0,JE,0,0,4343853,4344176,4343862,0,0,1,0,fortran,1.7728093371553206e-10,0.0,0,0,0
0x4247e9,JLE,6,0,-154,6,0x4247e7,TEST,1,NonLeaf,eax(MOV) eax(MOV) ,rflags ,TEST,2,MOV,7,NOP,3,JMP,7,JNBE,6,MOV,5,MOV,5,MOV,3,CALL_NEAR,5,MOV,7,0,0,1,0,0,JG,0,0,0,0,0,0,CALL,0,1,4343776,4343631,4343791,1,0,1,1,fortran,7.597754302094232e-11,0.0,0,1,0
0x4247d0,JNBE,20,0,-256,6,0x4247cd,CMP,1,NonLeaf,eax(-1) ,rflags ,CMP,3,JNZ,2,TEST,4,MOV,7,MOV,4,JMP,7,NOP,3,MOV,7,TEST,2,JLE,6,0,0,0,0,0,CALL,0,1,1,0,0,0,JMP,0,0,4343757,4343504,4343766,0,0,1,0,fortran,2.532584767364744e-10,0.0,0,0,0
0x4247cb,JNZ,20,0,-67,2,0x4247c7,TEST,1,NonLeaf,r15(-1) ,rflags ,TEST,4,MOV,7,MOV,4,JZ,2,CMP,3,CMP,3,JNBE,6,JMP,7,NOP,3,MOV,7,0,0,1,0,0,CALL,0,1,0,0,0,0,JA,0,0,4343751,4343688,4343757,0,0,1,0,fortran,2.532584767364744e-10,0.0,0,0,0
0x4247ba,JZ,20,8,13,2,0x4247b7,CMP,1,NonLeaf,eax(-1) ,rflags ,CMP,3,JZ,2,TEST,2,MOV,7,CALL_NEAR,5,MOV,4,MOV,7,TEST,4,JNZ,2,CMP,3,0,0,1,0,0,JNE,0,0,1,0,0,0,MOV,0,0,4343735,4343751,4343740,0,0,0,1,fortran,2.532584767364744e-10,0.4,0,0,0
0x4247b5,JZ,20,0,18,2,0x4247b3,TEST,1,NonLeaf,eax(MOV) eax(MOV) ,rflags ,TEST,2,MOV,7,CALL_NEAR,5,MOV,3,MOV,4,CMP,3,JZ,2,MOV,4,MOV,7,TEST,4,0,1,1,0,0,JNE,0,0,1,0,0,0,JE,0,0,4343724,4343751,4343735,0,0,0,0,fortran,2.532584767364744e-10,0.0,0,0,0
0x424767,JZ,20,12,33,2,0x424764,TEST,1,NonLeaf,rdi(MOV) rdi(MOV) ,rflags ,TEST,3,MOV,7,JNLE,2,MOV,7,TEST,2,CALL_NEAR,5,MOV,11,MOV,11,NOP,4,MOV,7,0,0,1,0,0,CALL,0,1,1,0,0,0,CALL,0,1,4343645,4343688,4343657,0,0,1,1,fortran,2.532584767364744e-10,0.6,1,1,1
0x42475b,JNLE,20,0,45,2,0x424752,TEST,1,NonLeaf,eax(SUB) eax(SUB) ,rflags ,MOV,7,TEST,2,SUB,3,MOV,7,NOP,7,MOV,7,TEST,3,JZ,2,CALL_NEAR,5,MOV,11,0,0,1,0,0,CALL,0,1,1,0,0,0,JE,0,0,4343631,4343688,4343645,0,0,1,0,fortran,2.532584767364744e-10,0.0,0,0,0
0x424708,JZ,8,8,909,6,0x424703,CMP,1,NonLeaf,rsp(-1) ,rflags ,CMP,5,CMOVLE,3,CMP,2,MOV,7,JZ,6,XOR,2,TEST,2,JNLE,2,JMP,2,NOP,10,0,1,0,0,0,CALL,0,1,1,0,0,0,JG,0,0,4343543,4344469,4343566,1,0,1,0,fortran,1.0130339069458976e-10,1.0,1,0,1
0x4246f1,JZ,8,0,716,6,0x4246ec,TEST,1,NonLeaf,rsi(MOV) rsi(MOV) ,rflags ,MOV,2,TEST,3,MOV,5,MOV,7,NOP,3,MOV,7,CMP,2,CMOVLE,3,CMP,5,JZ,6,0,1,0,0,0,JLE,0,0,1,0,0,0,JE,0,0,4343520,4344253,4343543,0,0,0,0,fortran,1.0130339069458976e-10,0.0,0,0,0
0x4246c2,JNBE,20,0,14,2,0x4246be,CMP,1,NonLeaf,r12d(-1) ,rflags ,CMP,4,MOV,11,MOV,11,CALL_NEAR,5,MOV,3,MOV,3,JMP,7,NOP,2,MOV,5,MOV,3,0,0,0,0,0,CALL,0,1,1,0,0,0,JMP,0,0,4343486,4343504,4343492,0,0,1,0,fortran,2.532584767364744e-10,0.0,0,0,0
0x42469a,JNS,6,6,494,6,0x424698,TEST,1,NonLeaf,al(-1) al(-1) ,rflags ,TEST,2,JNZ,6,TEST,2,NOP,7,RET_NEAR,1,MOV,3,CALL_NEAR,5,MOV,11,MOV,11,CMP,4,0,1,0,0,0,CALL,0,1,1,0,0,0,CALL,0,1,4343448,4343944,4343456,0,0,1,1,fortran,7.597754302094232e-11,1.0,1,1,1
0x424692,JNZ,6,0,246,6,0x424690,TEST,1,NonLeaf,al(-1) ,rflags ,TEST,2,NOP,7,RET_NEAR,1,POP,2,POP,2,TEST,2,JNS,6,MOV,3,CALL_NEAR,5,MOV,11,0,0,1,0,0,CALL,0,1,1,0,0,0,JNS,0,0,4343440,4343688,4343448,0,0,1,0,fortran,7.597754302094232e-11,0.0,0,0,0
0x424671,JNZ,20,0,1142,6,0x424668,XOR,1,NonLeaf,rax(XOR) fs(-1) ,rax rflags ,XOR,9,MOV,8,NOP,8,JNZ,6,CMP,3,ADD,7,POP,1,POP,1,POP,2,POP,2,0,1,0,0,0,CALL,0,1,1,0,0,0,RET,0,0,4343392,4344551,4343415,0,0,1,0,fortran,2.532584767364744e-10,0.0,0,0,0
0x424652,JNZ,20,0,-226,6,0x42464f,CMP,1,NonLeaf,rbx(ADD) r13(-1) ,rflags ,CMP,3,ADD,3,ADD,4,NOP,5,CALL_NEAR,5,NOP,8,MOV,8,XOR,9,JNZ,6,ADD,7,0,0,0,1,1,JNE,0,0,1,0,0,0,NOP,1,0,4343368,4343152,4343384,0,0,1,0,fortran,2.532584767364744e-10,0.0,0,1,0
0x4245a3,JLE,6,6,237,6,0x4245a1,TEST,1,NonLeaf,ecx(MOV) ecx(MOV) ,rflags ,TEST,2,MOV,7,JNZ,6,TEST,2,MOV,7,MOV,7,TEST,2,JZ,6,CMP,3,JZ,6,0,1,0,0,0,JNE,0,0,1,0,0,0,JE,0,0,4343194,4343440,4343209,0,0,0,0,fortran,7.597754302094232e-11,1.0,1,0,1
0x424594,JNZ,20,14,636,6,0x424592,TEST,1,NonLeaf,al(MOVZX) ,rflags ,TEST,2,MOV,7,MOVZX,8,LEA,4,AND,8,MOV,7,TEST,2,JLE,6,MOV,7,TEST,2,1,1,0,0,0,CALL,0,1,1,0,0,0,JLE,0,0,4343152,4343824,4343194,1,0,1,0,fortran,2.532584767364744e-10,0.7,1,0,1
0x424566,JZ,20,0,250,6,0x42455b,TEST,1,NonLeaf,r13(-1) r13(-1) ,rflags ,MOV,5,MOV,3,TEST,3,XOR,2,LEA,7,NOP,4,MOV,7,AND,8,LEA,4,MOVZX,8,0,1,1,0,0,JNE,1,0,1,0,0,0,NOP,0,0,4343122,4343392,4343148,0,0,0,0,fortran,2.532584767364744e-10,0.0,0,0,0
0x42454c,JZ,20,8,1204,6,0x424540,CMP,1,NonLeaf,esi(-1) ,rflags ,MOV,5,MOV,4,CMP,3,XOR,2,MOV,8,LEA,7,XOR,2,TEST,3,MOV,3,MOV,5,0,1,0,0,0,JMP,0,0,1,1,0,0,JE,0,0,4343056,4344320,4343122,0,0,0,1,fortran,2.532584767364744e-10,0.4,0,0,0
0x4236f2,JZ,2,2,-504,6,0x4236ef,CMP,1,NonLeaf,edx(AND) ,rflags ,CMP,3,AND,3,MOV,2,JZ,6,CMP,3,CMP,3,JZ,6,CMP,3,JZ,6,CMP,3,0,0,0,0,0,CALL,0,1,1,0,0,0,JE,0,0,4339434,4338938,4339448,0,0,1,0,fortran,2.532584767364744e-11,1.0,1,0,1
0x4236e4,JZ,6,4,-490,6,0x4236e1,CMP,1,NonLeaf,eax(-1) ,rflags ,CMP,3,JZ,6,CMP,3,JZ,6,CMP,3,MOV,2,AND,3,CMP,3,JZ,6,CMP,3,0,0,0,0,0,CALL,0,1,1,0,0,0,JE,0,0,4339425,4338938,4339434,0,0,1,0,fortran,7.597754302094232e-11,0.6666666666666666,1,0,1
0x4236db,JZ,8,2,-481,6,0x4236d8,CMP,1,NonLeaf,eax(-1) ,rflags ,CMP,3,JZ,6,CMP,3,JZ,6,CMP,3,CMP,3,JZ,6,MOV,2,AND,3,CMP,3,0,0,0,0,0,CALL,0,1,1,0,0,0,JE,0,0,4339416,4338938,4339425,0,0,1,0,fortran,1.0130339069458976e-10,0.25,0,0,0
0x4236d2,JZ,8,0,-472,6,0x4236cf,CMP,1,NonLeaf,eax(-1) ,rflags ,CMP,3,JZ,6,CMP,3,CALL_NEAR,5,MOV,3,CMP,3,JZ,6,CMP,3,JZ,6,MOV,2,0,0,0,0,0,CALL,0,1,1,0,0,0,JE,0,0,4339407,4338938,4339416,0,0,1,0,fortran,1.0130339069458976e-10,0.0,0,0,0
0x4236c9,JZ,8,0,-463,6,0x4236c6,CMP,1,NonLeaf,eax(-1) ,rflags ,CMP,3,CALL_NEAR,5,MOV,3,MOV,6,NOP,5,CMP,3,JZ,6,CMP,3,JZ,6,CMP,3,0,0,0,0,0,CALL,0,1,1,0,0,0,JE,0,0,4339398,4338938,4339407,0,0,1,0,fortran,1.0130339069458976e-10,0.0,0,0,0
0x423644,JZ,8,8,116,2,0x423640,CMP,1,NonLeaf,r13b(-1) ,rflags ,CMP,4,NOP,10,JMP,5,CALL_NEAR,5,MOV,6,CMP,3,JZ,6,CMP,3,JZ,6,MOV,2,0,0,0,0,0,CALL,1,1,1,0,0,0,JE,0,0,4339264,4339384,4339270,0,0,1,0,fortran,1.0130339069458976e-10,1.0,1,0,1
0x42352d,JZ,8,8,-245,6,0x42352a,TEST,1,NonLeaf,rdi(MOV) rdi(MOV) ,rflags ,TEST,3,MOV,10,AND,7,MOV,7,MOV,10,CALL_NEAR,5,MOV,11,JMP,5,NOP,8,MOV,7,0,0,1,0,0,JNE,0,0,1,0,0,0,CALL,0,1,4338962,4338744,4338995,0,0,0,1,fortran,1.0130339069458976e-10,1.0,1,1,1
0x4234f3,JNZ,62,62,-62,2,0x4234f0,CMP,1,NonLeaf,eax(-1) ,rflags ,CMP,3,CALL_NEAR,5,MOV,3,CALL_NEAR,5,MOV,3,MOV,5,MOV,6,MOV,3,CALL_NEAR,5,MOV,10,0,0,0,1,1,JA,0,0,0,0,0,0,MOV,1,0,4338928,4338869,4338933,0,0,0,0,fortran,7.851012778830705e-10,1.0,1,1,1
0x4234d2,JZ,6,6,11,2,0x4234cc,TEST,1,NonLeaf,edx(-1) ,rflags ,TEST,6,JNZ,6,TEST,3,SHL,3,MOV,3,CMP,3,JZ,6,MOVSX,3,MOV,3,CALL_NEAR,5,0,0,0,0,0,CALL,0,1,1,0,0,0,JE,0,0,4338892,4338909,4338900,0,0,1,0,fortran,7.597754302094232e-11,1.0,1,0,1
0x4234c6,JNZ,14,8,378,6,0x4234c3,TEST,1,NonLeaf,rdx(SHL) rbp(-1) ,rflags ,TEST,3,SHL,3,MOV,3,JNBE,2,CMP,3,TEST,6,JZ,2,CMP,3,JZ,6,MOVSX,3,0,1,0,0,0,JE,1,0,1,0,0,0,JE,0,0,4338877,4339264,4338892,0,0,0,0,fortran,1.7728093371553206e-10,0.5714285714285714,1,0,1
0x4234bb,JNBE,70,56,34,2,0x4234b8,CMP,1,NonLeaf,ecx(LEA) ,rflags ,CMP,3,LEA,3,JZ,2,CMP,3,CALL_NEAR,5,MOV,3,SHL,3,TEST,3,JNZ,6,TEST,6,1,1,0,0,0,CALL,0,1,1,0,0,0,JNE,0,0,4338869,4338909,4338877,0,0,1,0,fortran,8.864046685776603e-10,0.8,1,0,1
0x4234b3,JZ,8,0,66,2,0x4234b0,CMP,1,NonLeaf,eax(-1) ,rflags ,CMP,3,CALL_NEAR,5,MOV,3,NOP,3,MOVSX,4,LEA,3,CMP,3,JNBE,2,MOV,3,SHL,3,0,1,0,0,0,MOV,1,0,1,0,1,0,JA,0,0,4338864,4338933,4338869,0,0,0,0,fortran,1.0130339069458976e-10,0.0,0,0,0
0x423446,JNZ,8,0,911,6,0x42343d,XOR,1,NonLeaf,rax(XOR) fs(-1) ,rax rflags ,XOR,9,MOV,5,MOV,6,JZ,6,TEST,7,ADD,4,POP,1,POP,1,POP,2,POP,2,0,1,0,0,0,CALL,0,1,1,0,0,0,RET,0,0,4338744,4339669,4338764,0,0,1,0,fortran,1.0130339069458976e-10,0.0,0,0,0
0x42342c,JZ,8,8,500,6,0x423425,TEST,1,NonLeaf,rbx(-1) ,rflags ,TEST,7,JBE,2,CMP,3,LEA,3,JZ,6,MOV,6,MOV,5,XOR,9,JNZ,6,ADD,4,0,0,0,0,0,CALL,0,1,1,0,0,0,MOV,0,0,4338725,4339232,4338738,0,0,1,1,fortran,1.0130339069458976e-10,1.0,1,0,1
0x423423,JBE,8,0,61,2,0x423420,CMP,1,NonLeaf,ecx(LEA) ,rflags ,CMP,3,LEA,3,JZ,6,CMP,3,CALL_NEAR,5,TEST,7,JZ,6,MOV,6,MOV,5,XOR,9,0,1,0,0,0,JNE,0,0,1,0,0,0,JE,0,0,4338717,4338784,4338725,0,0,0,0,fortran,1.0130339069458976e-10,0.0,0,0,0
0x423417,JZ,8,0,313,6,0x423414,CMP,1,NonLeaf,eax(-1) ,rflags ,CMP,3,CALL_NEAR,5,XOR,2,MOV,5,MOV,9,LEA,3,CMP,3,JBE,2,TEST,7,JZ,6,0,1,0,0,0,JE,0,0,1,0,0,0,JBE,0,0,4338708,4339024,4338717,0,0,0,0,fortran,1.0130339069458976e-10,0.0,0,0,0
0x423161,JBE,1,1,-65,2,0x42315e,CMP,1,NonLeaf,ecx(LEA) ,rflags ,CMP,3,MOV,3,LEA,3,CALL_NEAR,5,MOV,3,JMP,5,NOP,8,MOV,3,CALL_NEAR,5,CMP,3,0,1,0,0,0,JNE,0,0,1,0,0,0,JMP,1,0,4338008,4337952,4338019,1,0,0,0,fortran,1.266292383682372e-11,1.0,1,1,1
0x42312c,JNZ,1,1,-1311,6,0x423126,TEST,1,NonLeaf,rax(SHL) r13(-1) ,rflags ,MOV,3,TEST,3,SHL,3,MOV,3,NOP,2,MOV,10,TEST,3,JZ,6,MOV,3,MOV,3,0,0,0,0,0,CALL,1,1,1,0,0,0,JE,0,0,4337952,4336653,4337970,0,0,1,0,fortran,1.266292383682372e-11,1.0,1,0,1
0x4230c0,JNBE,9,0,-1863,6,0x4230bd,CMP,1,NonLeaf,eax(LEA) ,rflags ,CMP,3,LEA,3,JZ,6,MOV,3,CMP,3,JMP,7,NOP,3,TEST,3,JZ,6,NOP,7,0,0,0,0,0,MOVSX,1,0,1,0,0,0,JMP,0,0,4337850,4335993,4337862,0,0,0,0,fortran,1.1396631453141347e-10,0.0,0,0,0
0x4230b4,JZ,9,0,348,6,0x4230ae,CMP,1,NonLeaf,eax(-1) ,rflags ,MOV,3,CMP,3,CALL_NEAR,5,MOV,3,CALL_NEAR,5,LEA,3,CMP,3,JNBE,6,JMP,7,NOP,3,0,1,0,0,0,JNE,0,0,1,0,0,0,JA,0,0,4337838,4338192,4337850,0,1,0,0,fortran,1.1396631453141347e-10,0.0,0,0,0
0x422d83,JZ,4,4,1133,6,0x422d80,TEST,1,NonLeaf,r13d(-1) r13d(-1) ,rflags ,TEST,3,NOP,10,JMP,5,CALL_NEAR,5,MOV,3,MOV,5,MOV,6,JMP,5,NOP,7,LEA,7,0,1,0,0,0,CALL,0,1,0,0,0,0,JMP,0,0,4337024,4338160,4337033,0,0,1,0,fortran,5.065169534729488e-11,1.0,1,0,1
0x422cad,JZ,1,0,1283,6,0x422caa,CMP,1,NonLeaf,eax(-1) ,rflags ,CMP,3,JZ,6,CMP,3,JZ,6,MOV,3,MOV,5,MOV,3,CALL_NEAR,5,JMP,5,NOP,3,0,0,0,0,0,JMP,0,0,1,0,0,0,CALL,0,1,4336810,4338096,4336819,0,0,0,1,fortran,1.266292383682372e-11,0.0,0,0,0
0x422ca4,JZ,1,0,1292,6,0x422ca1,CMP,1,NonLeaf,eax(-1) ,rflags ,CMP,3,JZ,6,MOV,3,CMP,3,CALL_NEAR,5,CMP,3,JZ,6,MOV,5,MOV,3,CALL_NEAR,5,0,1,0,0,0,JMP,0,0,1,0,0,0,JE,0,0,4336801,4338096,4336810,0,0,0,0,fortran,1.266292383682372e-11,0.0,0,0,0
0x422c9b,JZ,1,0,997,6,0x422c95,CMP,1,NonLeaf,eax(-1) ,rflags ,MOV,3,CMP,3,CALL_NEAR,5,MOV,3,CALL_NEAR,5,CMP,3,JZ,6,CMP,3,JZ,6,MOV,5,0,0,0,0,0,JMP,0,0,1,0,0,0,JE,0,0,4336789,4337792,4336801,0,0,0,0,fortran,1.266292383682372e-11,0.0,0,0,0
0x422c4d,JZ,6,0,28,2,0x422c4a,TEST,1,NonLeaf,rdi(-1) rdi(-1) ,rflags ,TEST,3,JNZ,6,MOV,7,TEST,2,CALL_NEAR,5,CALL_NEAR,5,MOV,11,MOV,10,MOV,10,JMP,5,0,1,1,0,0,JMP,0,0,1,0,0,0,CALL,0,1,4336714,4336745,4336719,0,0,1,1,fortran,7.597754302094232e-11,0.0,0,1,0
0x422c44,JNZ,6,0,1164,6,0x422c3b,TEST,1,NonLeaf,eax(-1) eax(-1) ,rflags ,MOV,7,TEST,2,CALL_NEAR,5,MOV,3,MOV,3,TEST,3,JZ,2,CALL_NEAR,5,MOV,11,MOV,10,0,1,0,0,0,JE,0,0,0,0,0,0,JE,0,0,4336699,4337872,4336714,0,0,0,0,fortran,7.597754302094232e-11,0.0,0,0,0
0x422bf1,JNZ,1,1,-59,2,0x422beb,CMP,1,NonLeaf,eax(-1) ,rflags ,MOV,3,CMP,3,CALL_NEAR,5,MOV,3,CALL_NEAR,5,MOV,7,CMP,7,JZ,6,MOV,6,MOV,3,0,0,0,0,0,JA,0,0,0,0,0,0,JE,0,0,4336619,4336566,4336627,1,0,0,0,fortran,1.266292383682372e-11,1.0,1,1,1
0x422bbc,JNBE,8,0,-579,6,0x422bb9,CMP,1,NonLeaf,eax(LEA) ,rflags ,CMP,3,LEA,3,JZ,2,MOV,3,CMP,3,JMP,7,NOP,7,MOV,5,MOV,3,MOV,6,0,0,0,0,0,MOVSX,0,0,1,0,0,0,JMP,0,0,4336566,4335993,4336578,0,0,0,0,fortran,1.0130339069458976e-10,0.0,0,0,0
0x422bb4,JZ,7,0,63,2,0x422bae,CMP,1,NonLeaf,eax(-1) ,rflags ,MOV,3,CMP,3,CALL_NEAR,5,MOV,3,CALL_NEAR,5,LEA,3,CMP,3,JNBE,6,JMP,7,NOP,7,0,0,0,0,0,JE,0,0,0,0,0,0,JA,0,0,4336558,4336627,4336566,0,1,0,0,fortran,8.864046685776603e-11,0.0,0,0,0
0x4229a5,JNZ,6,0,2569,6,0x42299c,XOR,1,NonLeaf,rax(XOR) fs(-1) ,rax rflags ,XOR,9,MOV,5,MOV,6,MOV,6,OR,3,ADD,7,POP,1,POP,1,POP,2,POP,2,0,1,0,0,0,CALL,0,1,1,0,0,0,RET,0,0,4336023,4338606,4336043,0,0,1,0,fortran,7.597754302094232e-11,0.0,0,0,0
0x422973,JNZ,1,1,1933,6,0x42296e,TEST,1,NonLeaf,rax(MOV) rdx(MOVSXD) ,rflags ,TEST,5,MOVSXD,3,MOV,3,CALL_NEAR,5,MOV,3,MOVSX,4,MOVZX,7,TEST,2,JZ,2,OR,3,0,1,0,0,0,CALL,0,1,0,0,0,0,MOVSX,0,0,4335976,4337920,4335993,0,0,1,0,fortran,1.266292383682372e-11,1.0,1,0,1
0x422931,JNBE,6,0,72,2,0x42292e,CMP,1,NonLeaf,eax(LEA) ,rflags ,CMP,3,LEA,3,JZ,6,MOV,3,CMP,3,JMP,7,NOP,6,MOV,5,MOV,3,CALL_NEAR,5,0,0,0,0,0,MOVSX,0,0,1,0,0,0,JMP,0,0,4335915,4335993,4335923,0,0,0,0,fortran,7.597754302094232e-11,0.0,0,0,0
0x422925,JZ,6,0,315,6,0x42291f,CMP,1,NonLeaf,eax(-1) ,rflags ,MOV,3,CMP,3,CALL_NEAR,5,XOR,2,MOV,5,LEA,3,CMP,3,JNBE,2,JMP,7,NOP,6,0,1,0,0,0,JE,0,0,1,0,0,0,JA,0,0,4335903,4336224,4335915,0,1,0,0,fortran,7.597754302094232e-11,0.0,0,0,0
0x42144f,JZ,6,6,28,2,0x42144c,TEST,1,NonLeaf,rdi(-1) rdi(-1) ,rflags ,TEST,3,JNZ,2,MOV,7,TEST,2,CALL_NEAR,5,CALL_NEAR,5,MOV,11,MOV,10,MOV,10,JMP,5,0,1,1,0,0,JMP,0,0,1,0,0,0,CALL,0,1,4330572,4330603,4330577,0,0,1,1,fortran,7.597754302094232e-11,1.0,1,1,1
0x42144a,JNZ,6,0,54,2,0x421441,TEST,1,NonLeaf,eax(-1) eax(-1) ,rflags ,MOV,7,TEST,2,CALL_NEAR,5,MOV,3,MOV,3,TEST,3,JZ,2,CALL_NEAR,5,MOV,11,MOV,10,0,1,0,0,0,JE,0,0,1,0,0,0,JE,0,0,4330561,4330624,4330572,0,0,0,0,fortran,7.597754302094232e-11,0.0,0,0,0
0x421369,JBE,10,10,-57,2,0x421366,CMP,1,NonLeaf,ecx(LEA) ,rflags ,CMP,3,MOV,2,LEA,3,CALL_NEAR,5,MOV,3,JMP,5,MOVSX,4,MOV,3,MOV,6,CALL_NEAR,5,0,1,0,0,0,JNE,0,0,1,0,0,0,JMP,1,0,4330337,4330288,4330347,0,0,0,0,fortran,1.266292383682372e-10,1.0,1,1,1
0x42134b,JZ,4,0,-388,6,0x421348,TEST,1,NonLeaf,rax(-1) r14(-1) ,rflags ,TEST,3,JNZ,6,TEST,3,JNZ,6,TEST,3,MOV,3,CALL_NEAR,5,MOV,3,CALL_NEAR,5,LEA,3,0,0,0,0,0,MOVSX,1,0,1,0,0,0,CALL,0,1,4330312,4329927,4330321,0,0,0,1,fortran,5.065169534729488e-11,0.0,0,0,0
0x421342,JNZ,4,0,366,6,0x42133f,TEST,1,NonLeaf,rax(-1) r13(-1) ,rflags ,TEST,3,JNZ,6,TEST,3,SHL,3,MOV,3,TEST,3,JZ,6,MOV,3,CALL_NEAR,5,MOV,3,0,1,0,0,0,CALL,1,1,1,0,0,0,JE,0,0,4330303,4330672,4330312,0,0,1,0,fortran,5.065169534729488e-11,0.0,0,0,0
0x421339,JNZ,10,6,223,6,0x421336,TEST,1,NonLeaf,rax(SHL) rbp(-1) ,rflags ,TEST,3,SHL,3,MOV,3,NOP,10,JMP,2,TEST,3,JNZ,6,TEST,3,JZ,6,MOV,3,0,1,0,0,0,XOR,1,0,1,0,0,0,JNE,0,0,4330288,4330520,4330303,0,0,0,0,fortran,1.266292383682372e-10,0.6,1,0,1
0x42129d,JNZ,6,0,685,6,0x421294,XOR,1,NonLeaf,rax(XOR) fs(-1) ,rax rflags ,XOR,9,MOV,5,MOV,6,MOV,6,OR,3,ADD,7,POP,1,POP,1,POP,2,POP,2,0,1,0,0,0,CALL,0,1,1,0,0,0,RET,0,0,4330127,4330826,4330147,0,0,1,0,fortran,7.597754302094232e-11,0.0,0,0,0
0x421184,JNBE,6,0,67,2,0x421181,CMP,1,NonLeaf,eax(LEA) ,rflags ,CMP,3,LEA,3,MOV,2,CALL_NEAR,5,XOR,2,JMP,7,NOP,3,MOV,3,MOV,6,CALL_NEAR,5,0,1,0,0,0,MOVSX,0,0,1,0,0,0,JMP,0,0,4329852,4329927,4329862,0,0,0,0,fortran,7.597754302094232e-11,0.0,0,0,0
0x4210c0,JZ,6,0,-289,6,0x4210bd,TEST,1,NonLeaf,rdi(MOV) rdi(MOV) ,rflags ,TEST,3,MOV,7,XOR,2,CALL_NEAR,5,MOV,2,MOV,3,CALL_NEAR,5,MOV,11,MOV,10,MOV,3,0,0,1,0,0,JNE,0,0,1,0,0,0,CALL,0,1,4329654,4329375,4329670,0,0,0,1,fortran,7.597754302094232e-11,0.0,0,0,0
0x4210a1,JNZ,6,0,79,2,0x42109f,TEST,1,NonLeaf,eax(MOV) eax(MOV) ,rflags ,TEST,2,MOV,3,MOV,3,MOV,4,JZ,2,MOV,3,LEA,7,MOV,2,CALL_NEAR,5,XOR,2,0,1,0,0,0,JMP,0,0,1,1,0,0,CALL,0,1,4329621,4329712,4329635,0,0,0,1,fortran,7.597754302094232e-11,0.0,0,0,0
0x421093,JZ,6,0,105,2,0x421090,CMP,1,NonLeaf,ebp(-1) ,rflags ,CMP,3,NOP,3,XOR,3,XOR,3,JMP,5,MOV,4,MOV,3,MOV,3,TEST,2,JNZ,2,0,1,0,0,0,JNE,0,0,1,0,0,0,JNE,0,0,4329616,4329724,4329621,0,0,1,0,fortran,7.597754302094232e-11,0.0,0,0,0
0x421028,JBE,4,4,-282,6,0x421025,CMP,1,NonLeaf,rax(-1) rsi(-1) ,rflags ,CMP,3,JB,6,JNBE,6,CMP,3,SBB,5,CMP,3,MOV,6,LEA,5,JNZ,6,MOV,5,0,0,0,1,1,JE,0,0,1,0,0,0,JNE,1,0,4329509,4329230,4329518,0,0,0,0,fortran,5.065169534729488e-11,1.0,1,1,1
0x42101f,JB,4,0,-273,6,0x421016,CMP,0,NonLeaf,r10(-1) rdi(-1) ,rflags ,JNBE,6,CMP,3,SBB,5,MOV,3,SUB,4,CMP,3,JBE,6,CMP,3,MOV,6,LEA,5,0,0,0,1,1,JE,0,0,1,0,0,0,JBE,0,0,4329503,4329230,4329509,1,0,0,0,fortran,5.065169534729488e-11,0.0,0,0,0
0x421019,JNBE,4,0,-229,6,0x421016,CMP,1,NonLeaf,r10(ADD) rdi(SBB) ,rflags ,CMP,3,SBB,5,MOV,3,SUB,4,ADD,3,JB,6,CMP,3,JBE,6,CMP,3,MOV,6,0,0,0,0,0,JE,1,0,1,0,0,0,JB,0,0,4329435,4329268,4329503,0,0,0,0,fortran,5.065169534729488e-11,0.0,0,0,0
0x420fd5,JB,4,0,-161,6,0x420fd2,CMP,1,NonLeaf,r12(-1) r9(-1) ,rflags ,CMP,3,JNBE,2,NOP,8,RET_NEAR,1,POP,2,MOV,3,MOV,5,MOV,3,IMUL,4,MOVSX,4,0,0,0,0,0,JE,1,0,0,0,0,0,JA,0,0,4329426,4329268,4329435,0,1,0,1,fortran,5.065169534729488e-11,0.0,0,0,0
0x420fd0,JNBE,4,0,11,2,0x420fb6,ADD,0,NonLeaf,rsp(-1) ,rsp rflags ,NOP,8,RET_NEAR,1,POP,2,POP,2,POP,2,CMP,3,JB,6,MOV,3,MOV,5,MOV,3,0,1,0,0,0,JA,0,0,1,0,0,0,JB,0,0,4329424,4329435,4329426,0,0,1,0,fortran,5.065169534729488e-11,0.0,0,0,0
0x420fb0,JNZ,6,0,400,6,0x420fa7,XOR,1,NonLeaf,rbx(XOR) fs(-1) ,rbx rflags ,XOR,9,MOV,8,MOV,5,CALL_NEAR,5,MOV,3,ADD,7,POP,1,POP,1,POP,2,POP,2,0,1,0,0,0,CALL,0,1,1,0,0,0,RET,0,0,4329375,4329792,4329398,0,0,1,0,fortran,7.597754302094232e-11,0.0,0,0,0
0x420f2e,JNB,4,4,162,6,0x420f2b,CMP,1,NonLeaf,r8(-1) r10(-1) ,rflags ,CMP,3,SUB,3,JZ,6,TEST,3,MOVZX,4,CMP,3,MOV,6,LEA,5,JZ,6,NOP,8,0,1,0,0,0,JA,0,0,1,0,0,0,JE,1,0,4329256,4329424,4329268,0,0,0,0,fortran,5.065169534729488e-11,1.0,1,0,1
0x420f22,JZ,10,6,366,6,0x420f1f,TEST,1,NonLeaf,sil(MOVZX) sil(MOVZX) ,rflags ,TEST,3,MOVZX,4,ADD,4,ADC,5,ADD,4,SUB,3,CMP,3,JNB,6,CMP,3,MOV,6,1,0,0,0,0,JE,1,0,1,0,0,0,JAE,0,0,4329230,4329616,4329256,0,1,0,0,fortran,1.266292383682372e-10,0.6,1,0,1
0x420ee8,JZ,6,0,415,6,0x420ee6,TEST,1,NonLeaf,al(MOVZX) al(MOVZX) ,rflags ,TEST,2,LEA,4,MOVZX,4,MOV,3,MOV,3,SUB,3,XOR,3,XOR,3,MOVSX,4,MOV,6,0,1,0,0,0,NOP,0,0,1,0,0,0,MOV,0,0,4329182,4329607,4329198,0,1,0,1,fortran,7.597754302094232e-11,0.0,0,0,0
0x420ec0,JNZ,6,0,416,6,0x420eb7,TEST,1,NonLeaf,r12d(-1) r12d(-1) ,rflags ,MOV,3,MOV,3,TEST,3,CALL_NEAR,5,MOV,2,MOV,3,MOV,5,XOR,2,MOV,3,CALL_NEAR,5,0,1,0,0,0,JMP,0,0,1,1,0,0,CALL,0,1,4329143,4329568,4329158,0,0,0,1,fortran,7.597754302094232e-11,0.0,0,0,0
0x420eaa,JZ,6,0,454,6,0x420ea3,CMP,1,NonLeaf,esi(-1) ,rflags ,MOV,4,CMP,3,XOR,2,MOV,8,MOV,9,MOV,2,CALL_NEAR,5,TEST,3,MOV,3,MOV,3,0,1,0,0,0,JMP,0,0,1,0,0,0,CALL,0,1,4329072,4329584,4329136,0,0,0,1,fortran,7.597754302094232e-11,0.0,0,0,0
0x420db6,JNL,92,0,26,2,0x420db4,CMP,1,NonLeaf,edx(MOVSXD) eax(MOV) ,rflags ,CMP,2,MOV,6,MOVSXD,7,JZ,2,TEST,3,LEA,3,MOV,6,MOV,4,ADD,4,POP,1,0,1,0,0,0,CALL,0,1,0,1,0,0,RET,0,0,4328871,4328912,4328888,1,0,1,1,fortran,1.1649889929877823e-09,0.0,0,0,0
0x420da5,JZ,112,20,123,2,0x420da2,TEST,1,NonLeaf,rdi(MOV) rdi(MOV) ,rflags ,TEST,3,MOV,7,SUB,4,MOV,3,PUSH,1,MOVSXD,7,MOV,6,CMP,2,JNL,2,LEA,3,0,1,0,0,0,CALL,0,1,1,0,0,0,JGE,0,0,4328848,4328992,4328871,0,0,1,0,fortran,1.4182474697242567e-09,0.1785714285714285,0,0,0
0x420c40,JZ,8,8,-75,2,0x420c39,TEST,1,NonLeaf,rbx(-1) ,rflags ,TEST,7,XOR,2,OR,7,NOP,9,RET_NEAR,1,NOP,6,MOV,3,CALL_NEAR,5,CMP,3,JZ,2,0,0,0,0,0,RET,0,0,1,0,0,0,NOP,0,0,4328496,4328437,4328514,0,0,0,0,fortran,1.0130339069458976e-10,1.0,1,0,1
0x420bc7,JNBE,20,6,86,2,0x420bc4,CMP,1,NonLeaf,edx(LEA) ,rflags ,CMP,3,LEA,3,JZ,6,CMP,3,CALL_NEAR,5,JMP,7,MOV,7,CMP,7,JZ,6,OR,7,0,1,0,0,0,RET,0,0,1,0,0,0,JMP,0,0,4328385,4328477,4328393,0,0,1,0,fortran,2.532584767364744e-10,0.3,0,0,0
0x420bbb,JZ,20,0,245,6,0x420bb8,CMP,1,NonLeaf,eax(-1) ,rflags ,CMP,3,CALL_NEAR,5,MOV,3,AND,7,CALL_NEAR,5,LEA,3,CMP,3,JNBE,2,JMP,7,MOV,7,0,1,0,0,0,RET,0,0,1,0,0,0,JA,0,0,4328376,4328624,4328385,0,0,0,0,fortran,2.532584767364744e-10,0.0,0,0,0
0x420b93,JZ,53,13,-30,2,0x420b90,CMP,1,NonLeaf,eax(-1) ,rflags ,CMP,3,NOP,6,RET_NEAR,1,POP,1,MOV,6,JMP,2,INVALID,0,INVALID,0,INVALID,0,INVALID,0,0,0,0,1,1,CALL,0,1,1,0,0,0,JMP,1,0,4328336,4328309,4328341,0,0,1,0,fortran,6.711349633516572e-10,0.2452830188679245,0,1,0
0x420b80,JNZ,62,62,-16,2,0x420b7d,CMP,1,NonLeaf,eax(-1) ,rflags ,CMP,3,CALL_NEAR,5,MOV,3,JNZ,2,CMP,3,MOV,6,POP,1,RET_NEAR,1,NOP,6,CMP,3,0,1,0,0,0,JNE,0,0,1,1,0,0,RET,1,0,4328317,4328304,4328322,0,0,0,1,fortran,7.851012778830705e-10,1.0,1,1,1
0x420b73,JNZ,62,53,29,2,0x420b70,CMP,1,NonLeaf,eax(-1) ,rflags ,CMP,3,NOP,10,JMP,2,MOV,3,PUSH,1,MOV,3,CALL_NEAR,5,CMP,3,JNZ,2,MOV,6,0,1,0,0,0,JE,0,0,0,0,1,1,CALL,0,1,4328304,4328336,4328309,0,0,0,1,fortran,7.851012778830705e-10,0.8548387096774194,1,1,1
0x420b50,JNZ,81,75,-16,2,0x420b4d,CMP,1,NonLeaf,eax(-1) ,rflags ,CMP,3,CALL_NEAR,5,MOV,3,JZ,2,CMP,3,CMP,3,SETZ,3,MOVZX,3,NEG,2,POP,1,0,1,0,0,0,JE,0,0,1,1,0,0,RET,1,0,4328269,4328256,4328274,0,1,0,0,fortran,1.0256968307827211e-09,0.925925925925926,1,1,1
0x420b43,JZ,75,0,15,2,0x420b40,CMP,1,NonLeaf,eax(-1) ,rflags ,CMP,3,NOP,10,JMP,2,MOV,3,PUSH,1,MOV,3,CALL_NEAR,5,CMP,3,JNZ,2,CMP,3,0,0,1,0,0,RET,1,0,0,0,1,1,CALL,0,1,4328256,4328274,4328261,1,0,0,1,fortran,9.49719287761779e-10,0.0,0,0,0
0x420a5b,JNZ,216,216,-141,6,0x420a57,CMP,1,NonLeaf,rax(MOV) ,rflags ,CMP,4,MOV,7,MOV,3,MOVZX,4,MOV,3,ADD,8,JMP,5,MOV,7,IMUL,8,MOV,4,0,0,1,0,0,JMP,0,0,1,0,0,0,JMP,0,0,4328016,4327886,4328033,0,0,0,1,fortran,2.7351915487539236e-09,1.0,1,1,1
0x420984,JZ,216,216,-188,6,0x420982,TEST,1,NonLeaf,al(-1) ,rflags ,TEST,2,JZ,6,CMP,8,MOV,7,JNZ,6,MOV,3,MOV,4,TEST,2,MOV,3,JZ,2,0,1,0,0,0,JL,0,0,1,0,0,0,JE,0,0,4327810,4327624,4327818,0,0,0,0,fortran,2.7351915487539236e-09,1.0,1,0,1
0x42095f,JZ,216,216,345,6,0x42095a,CMP,1,NonLeaf,rbx(-1) ,rflags ,CMP,5,MOV,6,AND,3,MOV,10,MOVZX,7,TEST,2,JNZ,6,MOV,7,CMP,8,JZ,6,0,1,0,0,0,JMP,0,0,1,0,0,0,JNE,0,0,4327770,4328120,4327781,0,0,0,0,fortran,2.7351915487539236e-09,1.0,1,0,1
0x420909,JZ,216,216,81,2,0x420907,TEST,1,NonLeaf,al(MOVZX) ,rflags ,TEST,2,MOVZX,7,JMP,2,SETZ,3,CMP,3,MOV,6,AND,7,MOVSXD,3,ADD,7,MOVSX,3,0,1,0,0,0,JE,0,0,1,0,0,0,JE,0,0,4327680,4327770,4327691,0,0,0,1,fortran,2.7351915487539236e-09,1.0,1,1,1
0x4208e7,JNZ,3,3,361,6,0x4208e1,CMP,1,NonLeaf,eax(-1) ,rflags ,MOV,3,CMP,3,CALL_NEAR,5,JL,6,CMP,3,MOVZX,7,NOP,4,CMP,3,SETZ,3,JMP,2,0,0,0,0,0,JNE,0,0,1,0,0,0,NOP,0,0,4327649,4328016,4327661,0,0,0,0,fortran,3.798877151047116e-11,1.0,1,0,1
0x4208d6,JL,216,213,362,6,0x4208d3,CMP,1,NonLeaf,edx(MOVSXD) rax(MOV) ,rflags ,CMP,3,MOVSXD,4,MOV,7,NOP,7,RET_NEAR,1,CALL_NEAR,5,CMP,3,MOV,3,JNZ,6,MOVZX,7,0,1,0,0,0,MOV,0,0,1,0,0,0,CALL,0,1,4327624,4328000,4327644,1,0,1,1,fortran,2.7351915487539236e-09,0.9861111111111112,1,1,1
0x4208b5,JNZ,296,0,627,6,0x4208ac,XOR,1,NonLeaf,rsi(XOR) fs(-1) ,rsi rflags ,XOR,9,MOV,5,MOV,6,OR,2,AND,3,ADD,4,POP,1,RET_NEAR,1,NOP,7,MOV,7,0,1,0,0,0,CALL,0,1,1,0,0,0,RET,0,0,4327591,4328232,4327611,0,0,1,0,fortran,3.748225455699821e-09,0.0,0,0,0
0x420892,JZ,296,264,102,2,0x420890,TEST,1,NonLeaf,cl(-1) cl(-1) ,rflags ,TEST,2,OR,2,SETZ,4,MOV,6,CMP,3,MOV,5,SHL,3,AND,3,OR,2,MOV,6,0,0,0,0,0,JMP,0,0,1,0,0,0,MOV,0,0,4327568,4327672,4327572,0,0,0,0,fortran,3.748225455699821e-09,0.8918918918918919,1,1,1
0x420861,JZ,296,216,159,6,0x42085e,CMP,1,NonLeaf,eax(MOV) ,rflags ,CMP,3,MOV,6,XOR,2,MOV,5,MOV,9,MOVZX,7,MOV,10,AND,3,CMP,3,SETZ,3,0,1,0,0,0,JE,0,0,1,0,0,0,OR,0,0,4327488,4327680,4327527,0,0,0,1,fortran,3.748225455699821e-09,0.7297297297297297,1,0,1
0x4207f9,JZ,168,0,27,2,0x4207f6,TEST,1,NonLeaf,rax(-1) rax(-1) ,rflags ,TEST,3,CALL_NEAR,5,MOV,3,MOV,7,MOV,7,MOV,4,MOV,5,JMP,5,XOR,2,JMP,5,0,1,0,0,0,CALL,0,1,1,0,0,0,JMP,0,0,4327414,4327444,4327419,0,1,1,1,fortran,2.127371204586385e-09,0.0,0,0,0
0x4207de,JNZ,509,341,-14,2,0x4207db,TEST,1,NonLeaf,rax(MOV) rax(MOV) ,rflags ,TEST,3,MOV,4,CMOVZ,4,CMP,3,NOP,7,MOV,7,MOV,7,MOV,3,CALL_NEAR,5,TEST,3,1,1,1,1,1,JNE,0,0,0,1,0,0,CALL,1,1,4327376,4327376,4327392,1,0,0,1,fortran,6.445428232943273e-09,0.6699410609037328,1,1,1
0x4207c7,JZ,168,0,73,2,0x4207c4,TEST,1,NonLeaf,rax(MOV) rax(MOV) ,rflags ,TEST,3,MOV,4,OR,7,MOV,7,MOV,7,NOP,7,CMP,3,CMOVZ,4,MOV,4,TEST,3,0,1,0,0,0,JMP,1,0,1,0,0,0,NOP,0,0,4327339,4327440,4327369,0,0,0,0,fortran,2.127371204586385e-09,0.0,0,0,0
0x4207a9,JZ,168,0,96,2,0x4207a7,TEST,1,NonLeaf,edi(MOV) edi(MOV) ,rflags ,TEST,2,MOV,3,JNZ,2,MOV,3,TEST,3,MOV,7,MOV,7,OR,7,MOV,4,TEST,3,0,1,0,0,0,JMP,1,0,1,0,0,0,JE,0,0,4327332,4327433,4327339,0,0,0,1,fortran,2.127371204586385e-09,0.0,0,0,0
0x4207a2,JNZ,925,757,-83,2,0x42079c,TEST,1,NonLeaf,rax(-1) rax(-1) ,rflags ,MOV,3,TEST,3,CALL_NEAR,5,MOV,3,LEA,4,MOV,3,TEST,2,JZ,2,MOV,7,MOV,7,0,0,0,0,0,JNE,1,0,1,0,0,0,JE,0,0,4327324,4327247,4327332,0,0,0,0,fortran,1.171320454906194e-08,0.8183783783783783,1,0,1
0x42076c,JBE,168,0,12,2,0x420769,CMP,1,NonLeaf,ecx(SUB) ,rflags ,CMP,3,MOV,3,SUB,3,JBE,2,CMP,3,NOP,2,POP,1,POP,1,POP,2,RET_NEAR,1,0,0,0,0,0,RET,0,0,1,0,0,0,NOP,0,0,4327267,4327288,4327278,0,0,1,0,fortran,2.127371204586385e-09,0.0,0,0,0
0x420761,JBE,336,168,23,2,0x42075e,CMP,1,NonLeaf,eax(LEA) ,rflags ,CMP,3,LEA,3,JNZ,2,TEST,2,MOV,3,SUB,3,MOV,3,CMP,3,JBE,2,NOP,2,0,1,0,0,0,RET,0,0,1,0,0,0,JBE,0,0,4327259,4327288,4327267,0,0,1,0,fortran,4.25474240917277e-09,0.5,0,0,0
0x420759,JNZ,1261,925,23,2,0x420757,TEST,1,NonLeaf,esi(MOV) esi(MOV) ,rflags ,TEST,2,MOV,3,MOV,2,MOV,3,MOV,8,LEA,3,CMP,3,JBE,2,SUB,3,MOV,3,0,0,0,0,0,RET,0,0,1,0,0,0,JBE,0,0,4327247,4327280,4327259,0,0,0,0,fortran,1.5967946958234712e-08,0.7335448057097541,1,0,1
0x420745,JZ,1429,925,75,2,0x420742,TEST,1,NonLeaf,rdx(MOV) rdx(MOV) ,rflags ,TEST,3,MOV,4,MOV,7,PUSH,1,MOV,3,MOV,8,MOV,3,MOV,2,MOV,3,TEST,2,0,1,0,0,0,CALL,0,1,1,0,0,0,MOV,1,0,4327216,4327312,4327239,0,0,1,1,fortran,1.8095318162821097e-08,0.6473058082575227,1,0,1
0x4206c9,JZ,7,6,7,2,0x4206c6,TEST,1,NonLeaf,rdi(MOV) rdi(MOV) ,rflags ,TEST,3,MOV,8,LEA,4,MOV,2,MOV,7,CALL_NEAR,5,LEA,4,LEA,4,MOV,7,MOV,11,0,1,1,0,0,CALL,0,1,1,0,0,0,CALL,0,1,4327089,4327120,4327115,0,0,1,1,fortran,8.864046685776603e-11,0.8571428571428571,1,0,1
0x4206ac,JNLE,117,110,-12,2,0x4206aa,CMP,1,NonLeaf,esi(-1) eax(ADD) ,rflags ,CMP,2,XOR,2,ADD,4,MOVSX,4,NOP,3,AND,3,MOV,7,MOV,2,LEA,4,MOV,8,1,1,1,1,1,JG,0,0,1,1,0,0,AND,1,0,4327072,4327072,4327086,1,0,0,0,fortran,1.4815620889083751e-09,0.9401709401709402,1,1,1
0x420693,JLE,7,0,138,6,0x420691,TEST,1,NonLeaf,esi(MOV) esi(MOV) ,rflags ,TEST,2,MOV,4,MOV,3,JMP,5,ADD,4,XOR,2,XOR,2,NOP,3,MOVSX,4,ADD,4,0,1,0,0,0,JMP,1,0,1,0,0,0,NOP,0,0,4327050,4327197,4327065,0,0,0,0,fortran,8.864046685776603e-11,0.0,0,0,0
0x420641,JNZ,7,7,73,2,0x42063e,TEST,1,NonLeaf,r12b(-1) r12b(-1) ,rflags ,TEST,3,JNZ,6,TEST,3,MOV,4,MOV,4,OR,7,JMP,5,NOP,1,MOV,4,LEA,4,0,1,0,0,0,JLE,0,0,1,0,0,0,JMP,1,0,4326974,4327050,4326979,0,0,0,1,fortran,8.864046685776603e-11,1.0,1,1,1
0x420638,JNZ,7,0,-182,6,0x420635,TEST,1,NonLeaf,rdx(MOV) rdx(MOV) ,rflags ,TEST,3,MOV,4,MOV,4,CALL_NEAR,5,MOV,3,TEST,3,JNZ,2,OR,7,JMP,5,NOP,1,0,0,0,0,0,CALL,1,1,1,0,0,0,JNE,0,0,4326957,4326786,4326974,0,0,1,0,fortran,8.864046685776603e-11,0.0,0,0,0
0x4205ab,JNZ,168,0,374,6,0x4205a2,XOR,1,NonLeaf,rax(XOR) fs(-1) ,rax rflags ,XOR,9,MOV,5,CALL_NEAR,5,MOV,7,JNZ,2,ADD,4,POP,1,POP,1,POP,2,POP,2,0,1,0,0,0,CALL,0,1,1,0,0,0,RET,0,0,4326813,4327201,4326833,0,0,1,0,fortran,2.127371204586385e-09,0.0,0,0,0
0x42056f,JZ,7,7,177,6,0x42056c,CMP,1,NonLeaf,eax(-1) ,rflags ,CMP,3,MOV,7,JZ,6,TEST,2,MOV,3,MOV,8,MOV,5,XOR,2,MOV,3,CALL_NEAR,5,0,1,0,0,0,CALL,0,1,1,0,0,0,MOV,1,0,4326764,4326944,4326773,0,0,1,1,fortran,8.864046685776603e-11,1.0,1,0,1
0x42055f,JZ,7,7,161,6,0x42055d,TEST,1,NonLeaf,eax(MOV) eax(MOV) ,rflags ,TEST,2,MOV,3,MOV,4,ADD,4,MOV,7,MOV,7,CMP,3,JZ,6,MOV,8,MOV,5,0,1,0,0,0,CALL,0,1,1,0,0,0,MOV,0,0,4326721,4326912,4326757,0,0,1,1,fortran,8.864046685776603e-11,1.0,1,0,1
0x42053f,JNZ,7,0,129,2,0x42053c,AND,1,NonLeaf,edx(AND) ,edx rflags ,AND,3,JNZ,6,TEST,3,JNZ,6,STOSQ,3,MOV,4,MOV,6,MOV,7,ADD,4,MOV,4,0,0,0,0,0,JMP,0,0,0,1,0,0,JE,0,0,4326716,4326848,4326721,0,0,1,1,fortran,8.864046685776603e-11,0.0,0,0,0
0x420536,JNZ,7,0,154,6,0x420533,TEST,1,NonLeaf,dl(-1) ,rflags ,TEST,3,JNZ,6,STOSQ,3,TEST,3,SHR,3,AND,3,JNZ,2,MOV,4,MOV,6,MOV,7,0,0,0,0,0,JE,0,0,0,0,0,0,JNE,0,0,4326707,4326864,4326716,1,1,1,0,fortran,8.864046685776603e-11,0.0,0,0,0
0x42052d,JNZ,7,0,187,6,0x420527,TEST,0,NonLeaf,dl(-1) ,rflags ,STOSQ,3,TEST,3,SHR,3,XOR,2,MOV,2,TEST,3,JNZ,6,AND,3,JNZ,2,MOV,4,0,1,0,0,0,JE,0,0,1,0,0,0,JNE,0,0,4326701,4326888,4326707,0,0,1,0,fortran,8.864046685776603e-11,0.0,0,1,0
0x42051a,JNZ,7,0,350,6,0x420516,TEST,1,NonLeaf,dil(-1) ,rflags ,TEST,4,JNZ,6,TEST,4,JNZ,6,MOV,4,MOV,2,XOR,2,SHR,3,TEST,3,STOSQ,3,0,1,0,0,0,JMP,0,0,1,1,0,0,TEST,0,0,4326678,4327032,4326688,1,0,1,0,fortran,8.864046685776603e-11,0.0,0,0,0
0x420510,JNZ,7,0,336,6,0x42050c,TEST,1,NonLeaf,dil(-1) ,rflags ,TEST,4,JNZ,6,MOV,4,MOV,4,MOV,8,TEST,4,JNZ,6,MOV,2,XOR,2,SHR,3,0,1,0,0,0,JMP,0,0,1,1,0,0,JNE,0,0,4326668,4327008,4326678,1,0,1,0,fortran,8.864046685776603e-11,0.0,0,0,0
0x420506,JNZ,7,0,330,6,0x4204be,TEST,1,NonLeaf,dil(LEA) ,rflags ,MOV,4,MOV,4,MOV,8,MOV,8,MOV,7,TEST,4,JNZ,6,TEST,4,JNZ,6,MOV,2,0,1,0,0,0,JMP,0,0,1,1,0,0,JNE,0,0,4326561,4326992,4326668,0,0,1,0,fortran,8.864046685776603e-11,0.0,0,0,0
0x420467,JNZ,480,319,-15,2,0x420464,TEST,1,NonLeaf,rbx(MOV) rbx(MOV) ,rflags ,TEST,3,MOV,4,CALL_NEAR,5,MOV,3,NOP,5,JMP,5,NOP,2,MOV,11,MOV,3,CALL_NEAR,5,0,0,0,1,1,CALL,0,1,1,1,0,0,JMP,1,0,4326496,4326488,4326505,0,0,1,0,fortran,6.078203441675385e-09,0.6645833333333333,1,1,1
0x42044d,JZ,161,0,336,6,0x42044a,TEST,1,NonLeaf,rbx(MOV) rbx(MOV) ,rflags ,TEST,3,MOV,11,MOV,4,MOV,7,MOV,8,NOP,5,MOV,3,CALL_NEAR,5,MOV,4,TEST,3,0,0,1,0,0,JNE,0,0,1,0,0,0,NOP,0,0,4326416,4326813,4326483,0,0,0,0,fortran,2.0387307377286187e-09,0.0,0,0,0
0x42040e,JZ,161,0,109,2,0x420404,TEST,1,NonLeaf,rax(MOV) rax(MOV) ,rflags ,MOV,7,TEST,3,MOV,7,JNZ,2,TEST,2,MOV,7,MOV,7,MOV,7,MOV,7,MOV,8,0,0,0,0,0,CALL,0,1,1,0,0,0,JE,1,0,4326397,4326523,4326416,0,1,1,1,fortran,2.0387307377286187e-09,0.0,0,0,0
0x4203fb,JNZ,161,0,117,2,0x4203f9,TEST,1,NonLeaf,eax(-1) eax(-1) ,rflags ,TEST,2,CALL_NEAR,5,MOV,3,JNZ,6,CMP,6,MOV,7,TEST,3,MOV,7,JZ,2,MOV,7,0,0,0,0,0,MOV,0,0,1,0,0,0,JE,0,0,4326393,4326512,4326397,0,0,1,1,fortran,2.0387307377286187e-09,0.0,0,0,0
0x4203eb,JNZ,162,1,133,6,0x4203e5,CMP,1,NonLeaf,edx(-1) rbx(-1) ,rflags ,CMP,6,JZ,6,TEST,3,MOV,7,LEA,4,MOV,3,CALL_NEAR,5,TEST,2,JNZ,2,MOV,7,0,0,0,0,0,MOV,0,0,1,0,0,0,CALL,0,1,4326373,4326512,4326385,0,0,1,1,fortran,2.0513936615654427e-09,0.0061728395061728,0,1,0
0x4203df,JZ,168,6,145,6,0x4203dc,TEST,1,NonLeaf,rdi(MOV) rdi(MOV) ,rflags ,TEST,3,MOV,7,LEA,4,MOVSXD,3,LEA,4,CMP,6,JNZ,6,MOV,3,CALL_NEAR,5,TEST,2,0,1,0,0,0,MOV,0,0,1,0,0,0,JNE,0,0,4326339,4326512,4326373,0,0,1,0,fortran,2.127371204586385e-09,0.0357142857142857,0,0,0
0x4203be,JNLE,2663,2495,-14,2,0x4203bc,CMP,1,NonLeaf,edx(-1) eax(ADD) ,rflags ,CMP,2,XOR,3,ADD,4,MOVSX,5,NOP,3,AND,3,MOV,7,LEA,4,MOVSXD,3,LEA,4,1,1,1,1,1,JG,0,0,1,1,0,0,AND,1,0,4326320,4326320,4326336,1,0,0,0,fortran,3.3721366177461574e-08,0.936913255726624,1,1,1
0x4203a5,JLE,168,0,881,6,0x4203a3,TEST,1,NonLeaf,edx(MOV) edx(MOV) ,rflags ,TEST,2,MOV,4,MOV,3,JZ,6,AND,4,XOR,2,NOP,3,MOVSX,5,ADD,4,XOR,3,0,1,0,0,0,JMP,1,0,1,0,0,0,NOP,0,0,4326300,4327190,4326315,0,0,0,0,fortran,2.127371204586385e-09,0.0,0,0,0
0x420396,JZ,168,0,257,6,0x420392,AND,1,NonLeaf,r12d(AND) ,r12d rflags ,AND,4,XOR,4,SHR,4,MOV,5,XOR,2,MOV,3,MOV,4,TEST,2,JLE,6,XOR,2,0,1,0,0,0,CALL,1,1,1,0,0,0,JLE,0,0,4326240,4326551,4326300,0,0,1,0,fortran,2.127371204586385e-09,0.0,0,0,0
0x4201f5,JNZ,80,75,-69,2,0x4201f1,SUB,1,NonLeaf,rbp(SUB) ,rbp rflags ,SUB,4,MOV,11,ADD,4,MOV,10,MOV,11,ADD,4,POP,1,POP,1,RET_NEAR,1,INVALID,0,0,0,0,1,1,JE,0,0,1,1,0,0,RET,1,0,4325837,4325808,4325879,0,0,0,0,fortran,1.0130339069458976e-09,0.9375,1,1,1
0x4201ba,JZ,80,74,19,2,0x4201b7,TEST,1,NonLeaf,rdi(MOV) rdi(MOV) ,rflags ,TEST,3,MOV,7,NOP,2,SUB,4,MOV,3,CALL_NEAR,5,MOV,7,CALL_NEAR,5,MOV,11,MOV,10,1,1,1,0,0,JNE,0,0,1,0,0,0,CALL,0,1,4325808,4325837,4325820,0,0,1,1,fortran,1.0130339069458976e-09,0.925,1,0,1
0x420165,JNZ,7,0,14,2,0x420162,TEST,1,NonLeaf,rdi(MOV) rdi(MOV) ,rflags ,TEST,3,MOV,4,JZ,2,TEST,3,SUB,4,JMP,2,NOP,7,MOV,3,MOV,3,CALL_NEAR,5,0,1,0,1,0,CALL,0,1,1,0,0,0,JMP,0,0,4325726,4325747,4325735,0,0,1,0,fortran,8.864046685776603e-11,0.0,0,0,0
0x42015c,JZ,7,0,52,2,0x420159,TEST,1,NonLeaf,rdi(-1) rdi(-1) ,rflags ,TEST,3,SUB,4,PUSH,1,MOV,3,PUSH,1,MOV,4,TEST,3,JNZ,2,JMP,2,NOP,7,0,1,0,0,0,RET,0,0,1,0,0,0,JNE,0,0,4325712,4325776,4325726,0,1,0,0,fortran,8.864046685776603e-11,0.0,0,0,0
0x420040,JBE,5,5,-1685,6,0x42003d,CMP,1,Recursive,eax(SUB) ,rflags ,CMP,3,SUB,3,JNZ,6,CMP,9,JMP,5,JMP,5,NOP,5,MOV,8,JMP,5,MOV,3,0,0,0,0,0,JE,0,0,1,0,0,0,JMP,1,0,4325434,4323755,4325446,0,0,1,0,fortran,6.33146191841186e-11,1.0,1,1,1
0x420034,JNZ,5,0,-1682,6,0x42002b,CMP,1,Recursive,r12(-1) ,rflags ,CMP,9,JMP,5,MOV,3,MOV,3,MOV,5,SUB,3,CMP,3,JBE,6,JMP,5,NOP,5,0,0,0,0,0,JNE,0,0,1,0,0,0,JBE,0,0,4325419,4323746,4325434,0,0,0,0,fortran,6.33146191841186e-11,0.0,0,0,0
0x41fff7,JNZ,2,2,-185,6,0x41fff4,CMP,1,Recursive,eax(-1) ,rflags ,CMP,3,MOV,7,JZ,6,TEST,2,MOV,3,MOV,3,TEST,2,JZ,6,MOV,7,CMP,3,0,0,0,0,0,JMP,0,0,1,0,0,0,JE,0,0,4325364,4325182,4325373,0,0,1,0,fortran,2.532584767364744e-11,1.0,1,0,1
0x41ffe7,JZ,2,2,260,6,0x41ffe5,TEST,1,Recursive,eax(MOV) eax(MOV) ,rflags ,TEST,2,MOV,3,JZ,6,CMP,3,JZ,6,MOV,7,CMP,3,JNZ,6,MOV,3,TEST,2,0,1,0,0,0,CALL,0,1,1,0,0,0,MOV,0,0,4325346,4325611,4325357,0,0,1,1,fortran,2.532584767364744e-11,1.0,1,0,1
0x41ffdc,JZ,2,0,-1783,6,0x41ffd9,CMP,1,Recursive,ebp(-1) ,rflags ,CMP,3,JZ,6,MOV,7,MOV,3,CMP,3,MOV,3,TEST,2,JZ,6,MOV,7,CMP,3,0,0,0,0,0,JMP,0,0,1,0,0,0,JE,0,0,4325337,4323557,4325346,0,0,0,0,fortran,2.532584767364744e-11,0.0,0,0,0
0x41ffd3,JZ,7,5,-1774,6,0x41ffc6,CMP,1,Recursive,ebp(-1) ,rflags ,MOV,7,MOV,3,CMP,3,MOV,3,MOV,5,CMP,3,JZ,6,MOV,3,TEST,2,JZ,6,0,0,0,0,0,JMP,0,0,1,0,0,0,JE,0,0,4325310,4323557,4325337,0,0,0,0,fortran,8.864046685776603e-11,0.7142857142857143,1,0,1
0x41ffb8,JNBE,7,0,-263,6,0x41ffb5,CMP,1,Recursive,eax(SUB) ,rflags ,CMP,3,SUB,3,MOV,7,JZ,6,TEST,2,MOV,5,MOV,3,CMP,3,MOV,3,MOV,7,0,0,0,0,0,JMP,1,0,1,0,0,0,JE,0,0,4325298,4325041,4325310,0,0,1,1,fortran,8.864046685776603e-11,0.0,0,0,0
0x41ffa5,JZ,7,7,261,6,0x41ffa3,TEST,1,Recursive,eax(MOV) eax(MOV) ,rflags ,TEST,2,MOV,3,JMP,5,CALL_NEAR,5,MOV,3,MOV,7,SUB,3,CMP,3,JNBE,6,MOV,5,0,1,0,0,0,CALL,0,1,1,0,0,0,MOV,0,0,4325280,4325546,4325291,0,0,1,1,fortran,8.864046685776603e-11,1.0,1,0,1
0x41feab,JBE,3,3,-1947,6,0x41fea8,CMP,1,Recursive,eax(SUB) ,rflags ,CMP,3,SUB,3,JMP,5,MOV,4,MOV,5,MOV,8,JMP,5,NOP,2,MOV,3,CALL_NEAR,5,0,0,1,0,0,JE,0,0,-1,-1,-1,-1,JMP,-1,0,4325029,4323088,4325041,0,0,1,1,fortran,3.798877151047116e-11,1.0,1,1,1
0x41fcfe,JZ,12,0,12,2,0x41fcfb,CMP,1,Recursive,eax(-1) ,rflags ,CMP,3,JZ,6,CMP,3,MOV,7,JZ,6,MOV,3,MOV,7,LEA,5,LEA,5,MOV,5,0,0,1,0,0,CALL,0,1,0,0,0,0,MOV,0,0,4324603,4324618,4324608,0,0,1,1,fortran,1.5195508604188463e-10,0.0,0,0,0
0x41fcf5,JZ,12,0,1001,6,0x41fcf2,CMP,1,Recursive,eax(-1) ,rflags ,CMP,3,MOV,7,JZ,6,TEST,2,MOV,3,CMP,3,JZ,2,MOV,3,MOV,7,LEA,5,0,0,0,0,0,JMP,1,0,0,0,0,0,JE,0,0,4324594,4325598,4324603,0,0,1,0,fortran,1.5195508604188463e-10,0.0,0,0,0
0x41fce5,JZ,12,12,503,6,0x41fce3,TEST,1,Recursive,eax(MOV) eax(MOV) ,rflags ,TEST,2,MOV,3,NOP,5,JMP,5,MOV,3,MOV,7,CMP,3,JZ,6,CMP,3,JZ,2,0,0,0,0,0,CALL,0,1,0,0,0,0,MOV,0,0,4324576,4325084,4324587,0,0,1,1,fortran,1.5195508604188463e-10,1.0,1,0,1
0x41fc51,JNBE,22,0,15,2,0x41fc4e,CMP,1,Recursive,eax(LEA) ,rflags ,CMP,3,LEA,3,MOV,6,MOV,5,NOP,3,JMP,7,NOP,6,MOV,8,JMP,5,NOP,3,0,0,0,0,0,JMP,0,0,1,0,0,0,JMP,0,0,4324427,4324448,4324435,0,0,1,0,fortran,2.785843244101218e-10,0.0,0,0,0
0x41fb52,JZ,3,3,-621,6,0x41fb49,CMP,1,Recursive,rbx(-1) ,rflags ,MOV,4,CMP,5,MOVZX,5,MOV,4,CALL_NEAR,5,JMP,5,NOP,3,MOV,5,JMP,5,NOP,6,0,0,0,0,0,JMP,0,0,1,0,0,0,JMP,1,0,4324160,4323557,4324184,0,0,0,0,fortran,3.798877151047116e-11,1.0,1,0,1
0x41fa28,JZ,9,9,1063,6,0x41fa25,CMP,1,Recursive,ebp(-1) ,rflags ,CMP,3,JBE,6,JZ,6,CMP,3,MOV,7,CMP,3,JZ,6,JMP,5,NOP,4,LEA,5,0,1,0,0,0,CALL,0,1,1,0,0,0,JE,0,0,4323877,4324943,4323886,0,0,1,0,fortran,1.1396631453141347e-10,1.0,1,0,1
0x41fa1f,JBE,9,0,921,6,0x41fa16,CMP,0,Recursive,ebp(-1) ,rflags ,JZ,6,CMP,3,MOV,7,JZ,6,TEST,2,CMP,3,JZ,6,CMP,3,JZ,6,JMP,5,0,1,0,0,0,JNE,1,0,1,0,0,0,JE,0,0,4323871,4324792,4323877,0,0,0,0,fortran,1.1396631453141347e-10,0.0,0,0,0
0x41fa19,JZ,12,3,1127,6,0x41fa16,CMP,1,Recursive,ebp(-1) ,rflags ,CMP,3,MOV,7,JZ,6,TEST,2,MOV,4,JBE,6,CMP,3,JZ,6,CMP,3,JZ,6,0,1,0,0,0,CALL,0,1,1,0,0,0,JBE,0,0,4323862,4324992,4323871,0,0,1,0,fortran,1.5195508604188463e-10,0.25,0,0,0
0x41fa09,JZ,12,12,1079,6,0x41fa07,TEST,1,Recursive,ebp(MOV) ebp(MOV) ,rflags ,TEST,2,MOV,4,MOV,3,NOP,3,JMP,5,MOV,7,CMP,3,JZ,6,JBE,6,CMP,3,0,1,0,0,0,CALL,0,1,1,0,0,0,MOV,0,0,4323840,4324928,4323855,0,0,1,1,fortran,1.5195508604188463e-10,1.0,1,0,1
0x41f9cb,JZ,7,7,1493,6,0x41f9c8,CMP,1,Recursive,eax(-1) ,rflags ,CMP,3,MOV,7,JZ,6,TEST,2,MOV,3,MOV,6,TEST,2,JNZ,6,MOV,3,MOV,5,0,1,0,0,0,JE,0,0,1,0,0,0,JNE,0,0,4323784,4325280,4323793,0,0,0,0,fortran,8.864046685776603e-11,1.0,1,0,1
0x41f9bb,JZ,7,7,1496,6,0x41f9b9,TEST,1,Recursive,eax(MOV) eax(MOV) ,rflags ,TEST,2,MOV,3,MOV,3,MOV,3,MOV,5,MOV,7,CMP,3,JZ,6,MOV,6,TEST,2,0,1,0,0,0,CALL,0,1,1,0,0,0,MOV,0,0,4323755,4325267,4323777,0,0,1,1,fortran,8.864046685776603e-11,1.0,1,0,1
0x41f9a5,JNZ,2,0,1707,6,0x41f9a2,CMP,1,Recursive,eax(-1) ,rflags ,CMP,3,JZ,6,CMP,3,JZ,6,CMP,3,MOV,5,MOV,3,MOV,3,MOV,3,TEST,2,0,0,0,0,0,JMP,1,0,0,0,0,0,JE,0,0,4323746,4325456,4323755,0,0,1,1,fortran,2.532584767364744e-11,0.0,0,0,0
0x41f99c,JZ,7,5,1679,6,0x41f999,CMP,1,Recursive,ebp(-1) ,rflags ,CMP,3,JZ,6,CMP,3,MOV,7,JZ,6,CMP,3,JNZ,6,MOV,5,MOV,3,MOV,3,0,1,0,0,0,JNE,0,0,1,0,0,0,JNE,0,0,4323737,4325419,4323746,0,0,0,0,fortran,8.864046685776603e-11,0.7142857142857143,1,0,1
0x41f993,JZ,7,0,1366,6,0x41f990,CMP,1,Recursive,eax(-1) ,rflags ,CMP,3,MOV,7,JZ,6,TEST,2,MOV,3,CMP,3,JZ,6,CMP,3,JNZ,6,MOV,5,0,1,0,0,0,JNE,0,0,1,0,0,0,JE,0,0,4323728,4325097,4323737,0,0,0,0,fortran,8.864046685776603e-11,0.0,0,0,0
0x41f983,JZ,7,7,1477,6,0x41f981,TEST,1,Recursive,eax(MOV) eax(MOV) ,rflags ,TEST,2,MOV,3,MOV,4,MOV,5,CALL_NEAR,5,MOV,7,CMP,3,JZ,6,CMP,3,JZ,6,0,1,0,0,0,CALL,0,1,1,0,0,0,MOV,0,0,4323701,4325192,4323721,0,0,1,1,fortran,8.864046685776603e-11,1.0,1,0,1
0x41f85c,JZ,1,1,-244,6,0x41f859,CMP,1,Recursive,eax(-1) ,rflags ,CMP,3,JZ,2,CMP,3,MOV,2,MOV,7,MOV,3,MOV,2,JMP,2,NOP,7,MOV,3,0,0,0,0,0,JNE,0,0,1,0,0,0,JMP,0,0,4323417,4323176,4323426,0,0,0,1,fortran,1.266292383682372e-11,1.0,1,0,1
0x41f857,JZ,1,0,-87,2,0x41f854,CMP,1,Recursive,eax(-1) ,rflags ,CMP,3,MOV,2,MOV,7,JZ,6,TEST,2,CMP,3,JZ,6,MOV,3,MOV,2,JMP,2,0,0,0,0,0,MOV,0,0,1,0,0,0,JE,0,0,4323412,4323328,4323417,0,0,0,0,fortran,1.266292383682372e-11,0.0,0,0,0
0x41f845,JZ,1,1,1067,6,0x41f843,TEST,1,Recursive,ebp(MOV) ebp(MOV) ,rflags ,TEST,2,MOV,3,MOV,7,MOV,5,CALL_NEAR,5,MOV,7,MOV,2,CMP,3,JZ,2,CMP,3,0,1,0,0,0,CALL,0,1,1,0,0,0,MOV,0,0,4323392,4324464,4323403,0,0,1,1,fortran,1.266292383682372e-11,1.0,1,0,1
0x41f807,JNZ,24,0,-348,6,0x41f805,TEST,1,Recursive,ebp(MOV) ebp(MOV) ,rflags ,TEST,2,MOV,2,MOV,3,NOP,9,JMP,7,MOV,3,CALL_NEAR,5,MOV,2,JMP,5,NOP,4,0,0,0,0,0,MOV,0,0,0,0,0,0,CALL,0,1,4323333,4322987,4323341,0,0,1,1,fortran,3.0391017208376926e-10,0.0,0,1,0
0x41f7ea,JNBE,34,0,-312,6,0x41f7e7,CMP,1,Recursive,eax(LEA) ,rflags ,CMP,3,LEA,3,MOV,7,JZ,6,TEST,2,JMP,7,NOP,9,MOV,3,MOV,2,TEST,2,0,0,0,1,1,JA,0,0,1,0,0,0,JMP,0,0,4323300,4322994,4323312,0,0,0,0,fortran,4.3053941045200644e-10,0.0,0,1,0
0x41f7d7,JZ,34,17,153,6,0x41f7d5,TEST,1,Recursive,ebp(-1) ebp(-1) ,rflags ,TEST,2,MOV,7,MOV,3,MOV,5,CALL_NEAR,5,MOV,7,LEA,3,CMP,3,JNBE,6,JMP,7,0,1,0,0,0,CALL,0,1,1,0,0,0,MOV,0,0,4323285,4323440,4323293,0,0,1,1,fortran,4.3053941045200644e-10,0.5,0,0,0
0x41f77b,JNZ,10,0,2439,6,0x41f76d,XOR,1,Recursive,rcx(XOR) fs(-1) ,rcx rflags ,MOV,5,XOR,9,MOV,5,NOP,7,MOV,8,ADD,4,POP,1,POP,1,POP,2,POP,2,0,1,0,0,0,CALL,0,1,1,0,0,0,RET,0,0,4323176,4325634,4323201,0,0,1,0,fortran,1.266292383682372e-10,0.0,0,0,0
0x41f753,JNL,3,3,402,6,0x41f750,CMP,1,Recursive,eax(-1) rdx(-1) ,rflags ,CMP,3,JZ,6,TEST,2,MOV,3,MOV,3,MOV,8,NOP,7,MOV,5,XOR,9,MOV,5,0,-1,-1,-1,-1,JMP,-1,0,1,1,0,0,NOP,0,0,4323152,4323557,4323161,0,0,0,1,fortran,3.798877151047116e-11,1.0,1,0,1
0x41f74a,JZ,3,0,411,6,0x41f748,TEST,1,Recursive,eax(MOV) eax(MOV) ,rflags ,TEST,2,MOV,3,MOV,3,MOV,5,JZ,6,CMP,3,JNL,6,MOV,8,NOP,7,MOV,5,0,-1,-1,-1,-1,JMP,-1,0,1,1,0,0,JGE,0,0,4323141,4323557,4323152,0,0,0,0,fortran,3.798877151047116e-11,0.0,0,0,0
0x41f737,JZ,3,0,2094,6,0x41f734,CMP,1,Recursive,eax(-1) ,rflags ,CMP,3,MOV,7,JZ,6,TEST,2,MOV,3,MOV,5,MOV,3,MOV,3,TEST,2,JZ,6,0,1,0,0,0,JE,0,0,1,0,0,0,MOV,0,0,4323124,4325221,4323133,0,0,0,1,fortran,3.798877151047116e-11,0.0,0,0,0
0x41f727,JZ,3,3,2094,6,0x41f725,TEST,1,Recursive,eax(MOV) eax(MOV) ,rflags ,TEST,2,MOV,3,MOV,3,MOV,7,MOV,3,MOV,7,CMP,3,JZ,6,MOV,5,MOV,3,0,1,0,0,0,CALL,0,1,1,0,0,0,MOV,0,0,4323088,4325205,4323117,0,0,1,1,fortran,3.798877151047116e-11,1.0,1,0,1
0x41f701,JNZ,3,3,1956,6,0x41f6ff,TEST,1,Recursive,edx(MOV) edx(MOV) ,rflags ,TEST,2,MOV,8,MOV,7,JZ,6,TEST,2,CMP,3,JNZ,6,MOV,5,MOV,3,MOV,7,0,1,0,0,0,JBE,0,0,1,0,0,0,JNE,0,0,4323063,4325029,4323079,0,0,0,0,fortran,3.798877151047116e-11,1.0,1,0,1
0x41f6ea,JZ,3,3,2006,6,0x41f6e8,TEST,1,Recursive,eax(MOV) eax(MOV) ,rflags ,TEST,2,MOV,3,MOV,4,MOV,5,CALL_NEAR,5,MOV,7,MOV,8,TEST,2,JNZ,6,CMP,3,0,1,0,0,0,CALL,0,1,1,0,0,0,MOV,0,0,4323036,4325056,4323056,0,0,1,1,fortran,3.798877151047116e-11,1.0,1,0,1
0x41f6b5,JNBE,34,0,1451,6,0x41f6b2,CMP,1,Recursive,ebp(-1) ,rflags ,CMP,3,MOV,7,JZ,6,TEST,2,MOV,9,MOV,2,JMP,7,NOP,4,LEA,5,LEA,5,1,1,0,0,0,JMP,1,0,1,0,0,0,JMP,0,0,4322994,4324448,4323003,0,0,1,0,fortran,4.3053941045200644e-10,0.0,0,0,0
0x41f6a5,JZ,10,10,360,6,0x41f6a3,TEST,1,Recursive,ebp(MOV) ebp(MOV) ,rflags ,TEST,2,MOV,9,MOV,3,MOV,9,MOV,5,MOV,7,CMP,3,JNBE,6,MOV,2,JMP,7,0,1,0,0,0,CALL,0,1,1,0,0,0,MOV,0,0,4322912,4323341,4322987,0,0,1,1,fortran,1.266292383682372e-10,1.0,1,0,1
0x41f5b3,JNZ,34,5,-35,2,0x41f5ae,TEST,1,NonLeaf,rcx(MOV) rsi(MOVSXD) ,rflags ,TEST,5,MOVSXD,3,MOV,4,CALL_NEAR,5,MOV,3,SUB,4,ADD,4,CMP,4,SBB,2,ADD,3,0,1,0,0,0,MOV,0,0,1,1,0,0,JMP,1,0,4322727,4322704,4322741,0,0,1,1,fortran,4.3053941045200644e-10,0.1470588235294117,0,1,0
0x41f4cf,JZ,1,0,-519,6,0x41f4ca,CMP,1,NonLeaf,edx(-1) ,rflags ,MOV,2,CMP,3,JZ,6,CMP,3,MOV,5,SUB,4,ADD,4,MOV,2,JMP,5,NOP,4,0,0,1,0,0,RET,0,0,1,0,0,0,JMP,0,0,4322506,4321992,4322517,0,0,0,1,fortran,1.266292383682372e-11,0.0,0,0,0
0x41f4c4,JZ,1,0,-508,6,0x41f4c1,CMP,1,NonLeaf,edx(MOV) ,rflags ,CMP,3,MOV,5,MOV,2,CALL_NEAR,5,MOV,3,CMP,3,MOV,2,JZ,6,SUB,4,ADD,4,0,0,1,0,0,RET,0,0,1,0,0,0,JE,0,0,4322490,4321992,4322506,0,0,0,0,fortran,1.266292383682372e-11,0.0,0,0,0
0x41f22c,JNBE,112,0,948,6,0x41f229,CMP,1,NonLeaf,eax(LEA) ,rflags ,CMP,3,LEA,3,MOV,2,CALL_NEAR,5,SUB,4,JMP,7,NOP,7,MOV,5,XOR,2,MOV,3,0,1,0,0,0,JMP,0,0,1,0,0,0,JMP,0,0,4321828,4322784,4321842,0,0,0,0,fortran,1.4182474697242567e-09,0.0,0,0,0
0x41f1dc,JL,333,83,-131,6,0x41f1d6,CMP,1,Recursive,eax(ADD) rbx(-1) ,rflags ,MOV,3,CMP,3,ADD,3,MOV,3,JNZ,2,MOV,7,XOR,2,POP,1,RET_NEAR,1,NOP,3,0,0,0,1,1,JNE,0,0,0,0,0,0,RET,1,0,4321744,4321625,4321762,0,1,0,1,fortran,4.216753637662299e-09,0.2492492492492492,0,1,0
0x41f1ce,JNZ,501,501,-85,2,0x41f1c7,TEST,1,Recursive,rdi(MOV) rdi(MOV) ,rflags ,MOV,4,TEST,3,MOV,4,RET_NEAR,1,POP,1,MOV,3,ADD,3,CMP,3,MOV,3,JL,6,0,0,0,1,0,CALL,0,1,0,0,0,0,JL,0,0,4321731,4321657,4321744,0,0,1,1,fortran,6.344124842248684e-09,1.0,1,1,1
0x41f181,JZ,2176,839,-25,2,0x41f17e,TEST,1,Recursive,rax(-1) rax(-1) ,rflags ,TEST,3,CALL_NEAR,5,JZ,2,MOV,4,TEST,3,JMP,2,NOP,3,MOV,4,TEST,3,JNZ,2,0,1,0,0,0,JE,0,0,1,0,0,0,JMP,1,0,4321662,4321640,4321667,0,0,1,0,fortran,2.7554522268928412e-08,0.3855698529411764,0,1,0
0x41f177,JZ,839,333,89,2,0x41f170,TEST,1,Recursive,rdi(MOV) rdi(MOV) ,rflags ,MOV,4,TEST,3,MOV,4,MOV,4,NOP,4,CALL_NEAR,5,TEST,3,JZ,2,JMP,2,NOP,3,0,0,0,0,0,JL,1,0,0,0,1,1,CALL,0,1,4321640,4321744,4321657,0,0,1,1,fortran,1.0624193099095101e-08,0.3969010727056019,0,0,0
0x41f160,JNZ,1670,1169,25,2,0x41f15d,TEST,1,Recursive,rdi(MOV) rdi(MOV) ,rflags ,TEST,3,MOV,4,JLE,6,CMP,3,JZ,2,JMP,2,NOP,4,MOV,4,MOV,4,TEST,3,1,1,0,1,0,CALL,0,1,1,0,0,0,JMP,0,0,4321625,4321657,4321634,0,0,1,0,fortran,2.1147082807495614e-08,0.7,1,0,1
0x41f153,JLE,1587,0,143,6,0x41f150,CMP,1,Recursive,eax(-1) rdi(-1) ,rflags ,CMP,3,JZ,2,CMP,3,MOV,3,NOP,3,MOV,4,TEST,3,JNZ,2,JMP,2,NOP,4,0,1,0,0,0,RET,0,0,1,0,1,0,JNE,0,0,4321616,4321762,4321625,0,0,1,0,fortran,2.0096060129039245e-08,0.0,0,0,0
0x41f14e,JZ,1587,0,58,2,0x41f14b,CMP,1,Recursive,eax(MOV) ,rflags ,CMP,3,MOV,3,NOP,3,RET_NEAR,1,POP,1,CMP,3,JLE,6,MOV,4,TEST,3,JNZ,2,0,1,0,0,0,JNE,0,0,1,0,0,0,JLE,0,0,4321608,4321672,4321616,0,0,0,0,fortran,2.0096060129039245e-08,0.0,0,0,0
0x41f141,JNLE,1682,757,119,2,0x41f138,CMP,1,Recursive,edx(LEA) rdi(-1) ,rflags ,MOV,3,MOV,3,CMP,3,LEA,3,MOV,3,POP,1,RET_NEAR,1,NOP,3,MOV,3,CMP,3,0,1,0,0,0,RET,0,0,0,0,0,0,RET,0,0,4321586,4321720,4321603,0,0,1,0,fortran,2.1299037893537497e-08,0.4500594530321046,0,0,0
0x41f130,JZ,3269,1587,24,2,0x41f12d,CMP,1,Recursive,rdi(-1) ,rflags ,CMP,3,JZ,6,MOV,3,PUSH,1,TEST,3,MOV,3,LEA,3,CMP,3,MOV,3,MOV,3,0,1,0,0,0,JE,0,0,1,0,0,0,JG,0,0,4321581,4321608,4321586,0,0,0,1,fortran,4.139509802257674e-08,0.485469562557357,0,0,0
0x41f127,JZ,3269,0,216,6,0x41f120,TEST,1,Recursive,rdi(-1) rdi(-1) ,rflags ,MOV,3,PUSH,1,TEST,3,INVALID,0,INVALID,0,CMP,3,JZ,2,MOV,3,LEA,3,CMP,3,0,1,0,0,0,RET,0,0,1,0,0,0,JE,0,0,4321568,4321791,4321581,0,0,0,0,fortran,4.139509802257674e-08,0.0,0,0,0
0x41f113,JZ,147,0,-28,2,0x41f110,CMP,1,NonLeaf,eax(-1) ,rflags ,CMP,3,NOP,6,RET_NEAR,1,POP,2,POP,1,JMP,2,INVALID,0,INVALID,0,INVALID,0,INVALID,0,0,0,0,0,0,JNE,0,0,1,0,0,0,JMP,1,0,4321552,4321527,4321557,0,0,0,0,fortran,1.8614498040130865e-09,0.0,0,1,0
0x41f0fe,JNZ,147,147,-46,2,0x41f0fc,TEST,1,NonLeaf,ebp(-1) ebp(-1) ,rflags ,TEST,2,JNZ,2,TEST,3,JNZ,2,MOV,3,MOV,5,POP,1,POP,1,POP,2,RET_NEAR,1,1,1,0,0,0,CALL,0,1,1,0,0,0,MOV,1,0,4321532,4321488,4321536,1,0,1,0,fortran,1.8614498040130865e-09,1.0,1,0,1
0x41f0f5,JNZ,147,147,27,2,0x41f0ef,CMP,1,NonLeaf,eax(MOV) ,rflags ,MOV,3,CMP,3,MOV,3,MOVSX,4,MOV,3,TEST,3,JNZ,2,TEST,2,JNZ,2,MOV,5,0,1,0,0,0,JE,0,0,1,0,0,0,JNE,0,0,4321499,4321552,4321527,0,0,0,0,fortran,1.8614498040130865e-09,1.0,1,1,1
0x41efed,JZ,35,10,51,2,0x41efe9,CMP,1,NonLeaf,rsi(-1) ,rflags ,CMP,4,MOV,3,JZ,2,AND,4,MOV,4,MOV,3,MOV,4,MOV,3,MOV,3,MOV,3,0,1,0,0,0,JMP,0,0,1,0,0,0,MOV,0,0,4321257,4321312,4321263,0,0,1,1,fortran,4.4320233428883017e-10,0.2857142857142857,0,0,0
0x41efe4,JZ,35,35,5,2,0x41efe0,AND,1,NonLeaf,r9d(AND) ,r9d rflags ,AND,4,MOV,4,ADD,4,XOR,2,JZ,2,MOV,3,CMP,4,JZ,2,MOV,3,MOV,4,0,1,1,0,0,JE,0,0,1,0,0,0,MOV,0,0,4321248,4321257,4321254,0,0,0,1,fortran,4.4320233428883017e-10,1.0,1,1,1
0x41efd4,JZ,35,35,12,2,0x41efd0,TEST,1,NonLeaf,r9b(-1) ,rflags ,TEST,4,ADD,4,MOV,6,JZ,2,STOSQ,3,XOR,2,ADD,4,MOV,4,AND,4,JZ,2,0,1,1,0,0,JE,0,0,1,0,0,0,MOV,0,0,4321232,4321248,4321238,1,0,0,1,fortran,4.4320233428883017e-10,1.0,1,1,1
0x41efc4,JZ,35,35,12,2,0x41efbd,TEST,0,NonLeaf,r9b(-1) ,rflags ,STOSQ,3,TEST,4,SHR,3,XOR,2,MOV,3,MOV,6,ADD,4,TEST,4,JZ,2,XOR,2,0,1,1,0,0,JE,0,0,1,0,0,0,ADD,0,0,4321220,4321232,4321222,0,0,0,1,fortran,4.4320233428883017e-10,1.0,1,1,1
0x41efaf,JNZ,35,0,177,6,0x41efab,TEST,1,NonLeaf,dil(-1) ,rflags ,TEST,4,JNZ,6,TEST,4,JNZ,6,MOV,4,MOV,3,XOR,2,SHR,3,TEST,4,STOSQ,3,0,0,0,0,0,JMP,0,0,0,1,0,0,TEST,0,0,4321195,4321376,4321205,1,0,1,0,fortran,4.4320233428883017e-10,0.0,0,0,0
0x41efa5,JNZ,35,0,163,6,0x41efa1,TEST,1,NonLeaf,dil(-1) ,rflags ,TEST,4,JNZ,6,MOV,4,MOV,6,MOV,3,TEST,4,JNZ,6,MOV,3,XOR,2,SHR,3,0,0,0,0,0,JE,0,0,0,0,0,0,JNE,0,0,4321185,4321352,4321195,1,0,1,0,fortran,4.4320233428883017e-10,0.0,0,0,0
0x41ef9b,JNZ,35,0,149,6,0x41ef8a,TEST,1,NonLeaf,r8b(-1) ,rflags ,MOV,4,MOV,6,MOV,3,TEST,4,LEA,4,TEST,4,JNZ,6,TEST,4,JNZ,6,MOV,3,0,1,0,0,0,JE,0,0,1,0,0,0,JNE,0,0,4321158,4321328,4321185,0,0,1,0,fortran,4.4320233428883017e-10,0.0,0,0,0
0x41ef80,JZ,35,0,248,6,0x41ef7d,CMP,1,NonLeaf,r8(MOV) rax(LEA) ,rflags ,CMP,3,LEA,7,MOV,4,MOV,4,SUB,4,LEA,4,TEST,4,MOV,3,MOV,6,MOV,4,0,1,0,0,0,CALL,0,1,1,1,0,0,JNE,0,0,4321120,4321400,4321158,0,0,1,1,fortran,4.4320233428883017e-10,0.0,0,0,0
0x41ef5c,JNZ,158,158,-20,2,0x41ef59,CMP,1,Recursive,rbx(-1) ,rflags ,CMP,3,JZ,2,TEST,3,MOV,4,CALL_NEAR,5,POP,1,RET_NEAR,1,INVALID,0,INVALID,0,INVALID,0,1,1,0,0,0,CALL,0,1,0,1,0,0,RET,1,0,4321113,4321096,4321118,0,0,1,0,fortran,2.0007419662181478e-09,1.0,1,1,1
0x41ef57,JZ,158,79,7,2,0x41ef54,TEST,1,Recursive,rbx(MOV) rbx(MOV) ,rflags ,TEST,3,MOV,4,CALL_NEAR,5,MOV,3,NOP,4,CMP,3,JNZ,2,POP,1,RET_NEAR,1,INVALID,0,0,0,1,0,0,RET,1,0,0,0,1,1,JNE,0,0,4321104,4321118,4321113,0,0,0,0,fortran,2.0007419662181478e-09,0.5,0,0,0
0x41ef40,JNZ,79,79,25,2,0x41ef3d,TEST,1,Recursive,rbx(MOV) rbx(MOV) ,rflags ,TEST,3,MOV,4,PUSH,1,NOP,3,RET_NEAR,1,JMP,2,NOP,4,MOV,3,CALL_NEAR,5,MOV,4,0,1,0,1,0,JNE,0,0,1,0,0,0,JMP,0,0,4321080,4321113,4321090,0,0,0,0,fortran,1.0003709831090739e-09,1.0,1,1,1
0x41ef32,JZ,638,79,6,2,0x41ef20,CMP,1,Recursive,rdi(-1) ,rflags ,MOV,8,MOV,7,CMP,3,INVALID,0,INVALID,0,RET_NEAR,1,NOP,3,PUSH,1,MOV,4,TEST,3,0,1,0,0,0,JNE,0,0,1,0,0,0,RET,0,0,4321056,4321080,4321076,0,0,1,0,fortran,8.078945407893533e-09,0.1238244514106583,0,0,0
0x41eefb,JNZ,1,0,7,2,0x41eef2,XOR,1,NonLeaf,rax(XOR) fs(-1) ,rax rflags ,XOR,9,MOV,5,LDMXCSR,5,MOV,4,AND,2,ADD,4,RET_NEAR,1,CALL_NEAR,5,NOP,9,INVALID,0,0,1,0,0,0,CALL,0,1,1,0,0,0,RET,0,0,4320912,4321026,4321021,0,0,1,0,fortran,1.266292383682372e-11,0.0,0,0,0
0x41e7ec,JNZ,12,11,-20,2,0x41e7e8,CMP,1,NonLeaf,rax(ADD) ,rflags ,CMP,4,MOV,6,ADD,4,MOV,6,NOP,5,JMP,5,MOV,5,XOR,2,CALL_NEAR,5,CALL_NEAR,5,1,1,1,1,1,JNE,0,0,1,1,0,0,JMP,1,0,4319192,4319192,4319214,1,0,1,0,fortran,1.5195508604188463e-10,0.9166666666666666,1,1,1
0x41e7cb,JNZ,1,0,-352,6,0x41e7c8,TEST,1,NonLeaf,rbx(-1) rbx(-1) ,rflags ,TEST,3,RET_NEAR,1,POP,2,POP,2,POP,1,XOR,2,NOP,5,MOV,6,ADD,4,MOV,6,0,0,1,0,0,JE,1,0,1,0,0,0,NOP,0,0,4319176,4318827,4319185,0,0,0,0,fortran,1.266292383682372e-11,0.0,0,0,0
0x41e7bb,JNZ,1,0,68,2,0x41e7b2,XOR,1,NonLeaf,rax(XOR) fs(-1) ,rax rflags ,XOR,9,MOV,5,CALL_NEAR,5,MOV,5,JZ,2,ADD,4,POP,1,POP,1,POP,2,POP,2,0,0,0,0,0,CALL,0,1,1,0,0,0,RET,0,0,4319149,4319231,4319165,0,0,1,0,fortran,1.266292383682372e-11,0.0,0,0,0
0x41e7a1,JZ,1,1,12,2,0x41e79e,TEST,1,NonLeaf,rbp(-1) rbp(-1) ,rflags ,TEST,3,JNZ,2,MOV,3,CMP,4,ADD,4,MOV,5,CALL_NEAR,5,MOV,5,XOR,9,JNZ,2,0,1,1,0,0,JNE,0,0,1,0,0,0,CALL,0,1,4319134,4319149,4319139,0,0,0,1,fortran,1.266292383682372e-11,1.0,1,1,1
0x41e714,JZ,1,1,138,6,0x41e711,TEST,1,NonLeaf,r8b(-1) r8b(-1) ,rflags ,TEST,3,JNZ,2,MOV,7,MOVSXD,3,CMP,4,MOV,4,AND,3,CMP,4,JNZ,6,MOV,4,0,1,0,0,0,JE,1,0,1,0,0,0,JNE,0,0,4318993,4319134,4319002,0,0,0,0,fortran,1.266292383682372e-11,1.0,1,0,1
0x41e66d,JZ,1,1,164,6,0x41e66b,TEST,1,NonLeaf,dl(-1) dl(-1) ,rflags ,TEST,2,MOV,8,JZ,2,TEST,2,JZ,6,MOV,5,AND,3,CMP,4,JNZ,6,MOV,5,0,1,0,0,0,JE,1,0,1,0,0,0,JNE,0,0,4318827,4318993,4318835,0,0,0,0,fortran,1.266292383682372e-11,1.0,1,0,1
0x41e659,JZ,1,1,367,6,0x41e656,TEST,1,NonLeaf,r12(-1) r12(-1) ,rflags ,TEST,3,JNZ,2,TEST,3,JNLE,6,CMP,3,TEST,2,JZ,2,MOV,8,TEST,2,JZ,6,0,1,0,0,0,JNE,0,0,0,0,0,0,JE,1,0,4318806,4319176,4318815,0,0,0,0,fortran,1.266292383682372e-11,1.0,1,0,1
0x41e654,JNZ,1,0,11,2,0x41e651,TEST,1,NonLeaf,r13(-1) r13(-1) ,rflags ,TEST,3,JNLE,6,CMP,3,ADD,2,MOVZX,4,TEST,3,JZ,6,TEST,2,JZ,2,MOV,8,0,1,0,0,0,JE,1,0,1,0,0,0,JE,0,0,4318801,4318815,4318806,0,0,0,0,fortran,1.266292383682372e-11,0.0,0,0,0
0x41e64b,JNLE,1,0,424,6,0x41e648,CMP,1,NonLeaf,ecx(ADD) ,rflags ,CMP,3,ADD,2,MOVZX,4,ADD,2,MOVZX,3,TEST,3,JNZ,2,TEST,3,JZ,6,TEST,2,0,1,0,0,0,CALL,1,1,1,0,0,0,JNE,0,0,4318759,4319219,4318801,0,0,1,0,fortran,1.266292383682372e-11,0.0,0,0,0
0x41e61b,JZ,1,1,12,2,0x41e618,TEST,1,NonLeaf,rbp(MOV) rbp(MOV) ,rflags ,TEST,3,XOR,2,MOV,5,MOV,9,SUB,4,MOV,5,CALL_NEAR,5,TEST,3,SETNZ,3,TEST,3,0,1,1,0,0,JG,0,0,1,0,0,0,CALL,0,1,4318704,4318759,4318749,0,0,0,1,fortran,1.266292383682372e-11,1.0,1,0,1
0x45b60f,JBE,435,34,289,6,0x45b608,CMP,1,NonLeaf,rip(JBE) rdi(-1) ,rflags ,CMP,7,JZ,6,LEA,4,TEST,3,MOV,7,MOV,4,MOV,4,MOV,5,AND,4,CMP,7,0,1,0,0,0,JGE,0,0,1,0,0,0,MOV,0,0,4568584,4568880,4568597,0,0,0,1,fortran,5.508371869018318e-09,0.0781609195402298,0,1,0
0x45a278,JZ,2,2,3,2,0x45a26f,CMP,1,NonLeaf,fs(-1) ,rflags ,CMP,9,JZ,6,CMP,8,SUB,4,PUSH,1,OR_LOCK,5,LEA,4,MOV,9,LEA,4,LEA,4,0,1,1,0,0,NOP,0,0,1,0,0,0,-1,0,-1,4563567,4563579,4563578,0,0,1,0,fortran,2.532584767364744e-11,1.0,1,1,1
0x41c9bd,JNZ,3,0,18,2,0x41c9b4,XOR,1,NonLeaf,rcx(XOR) fs(-1) ,rcx rflags ,XOR,9,MOV,5,MOVZX,4,MOV,3,LEA,3,ADD,4,POP,1,RET_NEAR,1,NOP,3,MOV,5,0,1,0,0,0,CALL,0,1,1,0,0,0,RET,0,0,4311471,4311503,4311487,0,0,1,0,fortran,3.798877151047116e-11,0.0,0,0,0
0x41c995,JLE,3,0,51,2,0x41c993,TEST,1,NonLeaf,eax(MOV) eax(MOV) ,rflags ,TEST,2,MOV,4,JZ,2,TEST,3,CALL_NEAR,5,MOV,7,MOVSXD,4,MOV,3,LEA,3,MOV,3,0,0,0,0,0,JMP,0,0,1,0,0,0,MOVZX,0,0,4311439,4311496,4311447,0,0,0,1,fortran,3.798877151047116e-11,0.0,0,0,0
0x41c98d,JZ,3,0,59,2,0x41c98a,TEST,1,NonLeaf,rax(-1) rax(-1) ,rflags ,TEST,3,CALL_NEAR,5,XOR,2,MOV,5,MOV,9,MOV,4,TEST,2,JLE,2,MOV,7,MOVSXD,4,0,1,0,0,0,JMP,0,0,1,0,0,0,JLE,0,0,4311434,4311496,4311439,0,0,0,0,fortran,3.798877151047116e-11,0.0,0,0,0
0x41c938,JS,3,0,24,2,0x41c934,TEST,1,NonLeaf,eax(-1) eax(-1) ,rflags ,MOV,2,TEST,2,CALL_NEAR,2,MOV,3,MOVSXD,3,MOV,2,MOV,7,SUB,3,ADD,2,MOV,4,0,1,0,0,0,JMP,0,0,1,0,0,0,JMP,0,0,4311348,4311376,4311354,0,1,0,1,fortran,3.798877151047116e-11,0.0,0,0,0
0x41c90c,JL,3,3,20,2,0x41c90a,CMP,1,NonLeaf,ebp(-1) edx(ADD) ,rflags ,CMP,2,ADD,3,MOV,4,MOV,4,MOV,3,ADD,2,MOV,3,MOV,3,POP,1,POP,1,0,1,0,0,0,CALL,0,1,1,0,0,0,MOV,0,0,4311283,4311328,4311310,1,1,1,1,fortran,3.798877151047116e-11,1.0,1,1,1
0x41c8b2,JNLE,657,0,-24,2,0x41c8af,CMP,1,Leaf,esi(-1) rax(-1) ,rflags ,CMP,3,JS,2,TEST,2,ADD,3,NOP,7,MOV,3,MOV,2,RET_NEAR,1,NOP,6,ADD,3,0,0,0,0,0,RET,0,0,1,0,0,0,RET,0,0,4311215,4311194,4311220,0,1,0,1,fortran,8.319540960793184e-09,0.0,0,0,0
0x41c8ad,JS,657,0,-19,2,0x41c8ab,TEST,1,Leaf,esi(ADD) esi(ADD) ,rflags ,TEST,2,ADD,3,NOP,7,RET_NEAR,1,NOP,1,CMP,3,JNLE,2,MOV,3,MOV,2,RET_NEAR,1,0,0,0,0,0,RET,0,0,1,0,0,0,JG,0,0,4311211,4311194,4311215,0,0,0,0,fortran,8.319540960793184e-09,0.0,0,0,0
0x41c894,JZ,657,657,20,2,0x41c891,CMP,1,Leaf,edx(-1) ,rflags ,CMP,3,JZ,2,CMP,3,JZ,2,TEST,3,TEST,2,JZ,2,MOV,5,NOP,1,RET_NEAR,1,0,1,0,0,0,ADD,0,0,1,0,0,0,JE,0,0,4311185,4311208,4311190,0,0,0,0,fortran,8.319540960793184e-09,1.0,1,0,1
0x41c88f,JZ,657,0,49,2,0x41c88c,CMP,1,Leaf,edx(-1) ,rflags ,CMP,3,JZ,2,TEST,3,MOV,7,INVALID,0,CMP,3,JZ,2,TEST,2,JZ,2,MOV,5,0,1,0,0,0,JMP,0,0,1,0,0,0,JE,0,0,4311180,4311232,4311185,0,0,0,0,fortran,8.319540960793184e-09,0.0,0,0,0
0x41c88a,JZ,657,0,16,2,0x41c887,TEST,1,Leaf,rax(MOV) rax(MOV) ,rflags ,TEST,3,MOV,7,INVALID,0,INVALID,0,INVALID,0,CMP,3,JZ,2,CMP,3,JZ,2,TEST,2,0,1,0,0,0,RET,0,0,1,0,0,0,JE,0,0,4311168,4311194,4311180,0,0,0,0,fortran,8.319540960793184e-09,0.0,0,0,0
0x41c7e1,JLE,340,340,30,2,0x41c7da,CMP,1,NonLeaf,r8d(MOVSXD) ,rflags ,CMP,7,XOR,2,MOVSXD,4,JZ,6,TEST,3,CMP,3,JZ,2,MOV,3,CMP,3,JNLE,2,0,1,0,0,0,RET,0,0,1,0,0,0,JE,0,0,4310996,4311039,4311011,0,0,0,0,fortran,4.305394104520065e-09,1.0,1,0,1
0x41c7ce,JZ,340,0,154,6,0x41c7cb,TEST,1,NonLeaf,rcx(MOV) rcx(MOV) ,rflags ,TEST,3,MOV,3,MOV,7,PUSH,1,INVALID,0,MOVSXD,4,XOR,2,CMP,7,JLE,2,CMP,3,0,1,0,0,0,RET,0,0,1,0,0,0,JLE,0,0,4310976,4311144,4310996,0,0,0,0,fortran,4.305394104520065e-09,0.0,0,0,0
0x41c789,JZ,3,3,31,2,0x41c780,TEST,1,NonLeaf,eax(MOV) eax(MOV) ,rflags ,MOV,7,TEST,2,MOV,3,CALL_NEAR,5,MOV,3,MOV,7,MOV,7,ADD,4,MOV,2,POP,1,0,1,0,0,0,JMP,0,0,1,1,0,0,MOV,0,0,4310909,4310952,4310923,0,0,0,1,fortran,3.798877151047116e-11,1.0,1,0,1
0x41c773,JZ,3,0,38,2,0x41c76b,CMP,1,NonLeaf,rdi(-1) ,rflags ,CMP,8,SUB,4,MOV,3,PUSH,1,XOR,2,MOV,3,CALL_NEAR,5,MOV,3,TEST,2,MOV,7,0,1,1,0,0,RET,0,0,1,0,0,0,CALL,0,1,4310880,4310937,4310901,0,0,0,1,fortran,3.798877151047116e-11,0.0,0,0,0
0x41c721,JS,329,0,43,2,0x41c71f,TEST,1,NonLeaf,eax(-1) eax(-1) ,rflags ,TEST,2,CALL_NEAR,3,MOV,3,MOV,3,MOVSXD,3,MOV,7,JMP,2,NOP,4,MOV,3,MOV,7,0,1,0,0,0,RET,0,0,1,0,0,0,JMP,0,0,4310815,4310860,4310819,0,0,0,0,fortran,4.166101942315004e-09,0.0,0,0,0
0x41c70d,JLE,331,2,35,2,0x41c70b,TEST,1,NonLeaf,esi(MOV) esi(MOV) ,rflags ,TEST,2,MOV,3,NOP,3,RET_NEAR,1,POP,1,MOV,4,MOVSXD,3,MOV,3,MOV,3,CALL_NEAR,3,0,1,0,0,0,JMP,0,0,1,0,0,0,CALL,0,1,4310792,4310832,4310799,0,1,1,1,fortran,4.191427789988651e-09,0.0060422960725075,0,0,0
0x41c6d6,JLE,14,0,31,2,0x41c6d4,TEST,1,NonLeaf,esi(-1) esi(-1) ,rflags ,TEST,2,JLE,2,CMP,2,MOV,3,MOVSXD,4,MOV,3,SUB,2,MOVSXD,3,ADD,3,CALL_NEAR,5,0,0,1,0,0,XOR,0,0,1,0,0,0,CALL,0,1,4310740,4310773,4310744,0,1,1,1,fortran,1.7728093371553206e-10,0.0,0,0,0
0x41c6d2,JLE,346,332,35,2,0x41c6d0,CMP,1,NonLeaf,edx(MOV) esi(MOVSXD) ,rflags ,CMP,2,MOV,3,MOVSXD,4,JZ,2,CMP,3,TEST,2,JLE,2,MOV,3,SUB,2,MOVSXD,3,0,1,1,0,0,XOR,0,0,1,0,0,0,JLE,0,0,4310729,4310773,4310740,1,0,1,0,fortran,4.381371647541007e-09,0.9595375722543352,1,0,1
0x41c6c7,JZ,348,331,65,2,0x41c6c4,CMP,1,NonLeaf,esi(-1) ,rflags ,CMP,3,JZ,6,TEST,3,MOV,3,MOV,7,MOVSXD,4,MOV,3,CMP,2,JLE,2,TEST,2,0,1,0,0,0,JLE,0,0,1,0,0,0,JLE,0,0,4310724,4310792,4310729,0,0,0,0,fortran,4.406697495214655e-09,0.9511494252873564,1,0,1
0x41c6be,JZ,348,0,138,6,0x41c6bb,TEST,1,NonLeaf,rax(MOV) rax(MOV) ,rflags ,TEST,3,MOV,3,MOV,7,PUSH,1,INVALID,0,CMP,3,JZ,2,MOVSXD,4,MOV,3,CMP,2,0,1,0,0,0,RET,0,0,1,0,0,0,JE,0,0,4310704,4310856,4310724,0,0,0,0,fortran,4.406697495214655e-09,0.0,0,0,0
0x41c659,JNL,1887,0,5,2,0x41c653,CMP,1,NonLeaf,rcx(-1) edx(-1) ,rflags ,MOV,3,CMP,3,ADD,3,JNLE,2,CMP,3,MOV,3,POP,1,POP,1,POP,2,RET_NEAR,1,0,0,1,0,0,RET,0,0,1,0,0,0,MOV,0,0,4310608,4310622,4310619,0,0,0,1,fortran,2.3894937280086363e-08,0.0,0,0,0
0x41c64e,JNLE,1887,0,26,2,0x41c64b,CMP,1,NonLeaf,edx(LEA) r8d(MOV) ,rflags ,CMP,3,LEA,3,MOV,4,MOVSXD,4,MOV,3,ADD,3,CMP,3,MOV,3,JNL,2,MOV,3,0,1,0,0,0,CALL,0,1,1,0,0,0,JGE,0,0,4310576,4310632,4310608,1,0,1,1,fortran,2.3894937280086363e-08,0.0,0,0,0
0x41c5fe,JZ,5,0,33,2,0x41c5fb,TEST,1,NonLeaf,rax(MOV) rax(MOV) ,rflags ,TEST,3,MOV,3,MOV,7,PUSH,1,INVALID,0,MOV,3,CALL_NEAR,5,MOV,7,CALL_NEAR,5,MOV,11,0,1,1,0,0,RET,0,0,1,0,0,0,CALL,0,1,4310512,4310559,4310528,0,0,0,1,fortran,6.33146191841186e-11,0.0,0,1,0
0x41c594,JNZ,5,1,13,2,0x41c592,TEST,1,NonLeaf,esi(-1) esi(-1) ,rflags ,TEST,2,SUB,4,MOV,2,PUSH,1,MOV,3,MOV,6,MOV,5,MOV,5,CALL_NEAR,5,MOV,3,0,1,1,0,0,CALL,0,1,1,0,0,0,MOV,0,0,4310400,4310433,4310422,0,0,1,0,fortran,6.33146191841186e-11,0.2,0,0,0
0x41c35c,JNZ,320,0,-227,6,0x41c359,CMP,1,NonLeaf,rbp(ADD) r13(-1) ,rflags ,CMP,3,ADD,3,ADD,4,MOV,7,OR,2,ADD,4,POP,1,POP,1,POP,2,POP,2,0,0,0,1,1,JE,0,0,0,1,0,0,RET,1,0,4309842,4309625,4309858,0,0,1,0,fortran,4.0521356277835904e-09,0.0,0,1,0
0x41c2fa,JNBE,320,0,246,6,0x41c2f7,CMP,1,NonLeaf,ebx(-1) ,rflags ,CMP,3,CALL_NEAR,5,MOV,3,MOV,7,MOVSXD,7,MOV,2,JMP,7,NOP,7,MOV,5,MOV,4,0,1,0,0,0,CALL,0,1,1,1,0,0,JMP,0,0,4309751,4310000,4309760,0,0,1,0,fortran,4.0521356277835904e-09,0.0,0,0,0
0x41c2db,JNZ,160,0,337,6,0x41c2d3,TEST,1,NonLeaf,r15(-1) ,rflags ,TEST,8,JZ,2,TEST,3,CALL_NEAR,5,MOV,3,MOVSXD,7,MOV,7,MOV,3,CALL_NEAR,5,CMP,3,0,1,0,0,0,JE,0,0,1,0,0,0,CALL,0,1,4309715,4310060,4309729,0,0,0,1,fortran,2.0260678138917952e-09,0.0,0,0,0
0x41c2d1,JZ,160,0,38,2,0x41c2ce,TEST,1,NonLeaf,rax(-1) rax(-1) ,rflags ,TEST,3,CALL_NEAR,5,MOV,3,MOV,6,NOP,8,TEST,8,JNZ,6,MOVSXD,7,MOV,7,MOV,3,0,0,1,0,0,JA,0,0,1,0,0,0,JNE,0,0,4309710,4309751,4309715,0,0,0,0,fortran,2.0260678138917952e-09,0.0,0,0,0
0x41c2a4,JNZ,160,160,28,2,0x41c2a1,CMP,1,NonLeaf,ebx(-1) ,rflags ,CMP,3,JNZ,6,TEST,2,MOVZX,8,JZ,6,TEST,2,JZ,2,MOV,6,TEST,2,JZ,6,0,1,0,0,0,CALL,0,1,1,0,0,0,JE,0,0,4309665,4309696,4309670,0,0,1,0,fortran,2.0260678138917952e-09,1.0,1,0,1
0x41c29b,JNZ,320,160,357,6,0x41c299,TEST,1,NonLeaf,al(MOVZX) ,rflags ,TEST,2,MOVZX,8,JZ,6,TEST,3,ADD,8,CMP,3,JNZ,2,TEST,2,JZ,2,MOV,6,0,1,0,0,0,CALL,0,1,1,0,0,0,JNE,0,0,4309649,4310016,4309665,1,0,1,0,fortran,4.0521356277835904e-09,0.5,0,0,0
0x41c28b,JZ,320,0,199,6,0x41c288,TEST,1,NonLeaf,rdx(MOV) rdx(MOV) ,rflags ,TEST,3,ADD,8,MOV,7,JZ,6,MOV,3,MOVZX,8,TEST,2,JNZ,6,CMP,3,JNZ,2,1,1,1,0,0,JNE,0,0,1,0,0,0,JNE,0,0,4309625,4309842,4309649,0,0,0,0,fortran,4.0521356277835904e-09,0.0,0,1,0
0x41c273,JZ,320,0,239,6,0x41c26d,TEST,1,NonLeaf,r13(-1) r13(-1) ,rflags ,MOV,3,TEST,3,XOR,2,JZ,6,MOV,5,MOV,7,ADD,8,TEST,3,JZ,6,MOVZX,8,0,1,1,0,0,RET,0,0,1,0,1,0,JE,0,0,4309611,4309858,4309625,0,0,0,1,fortran,4.0521356277835904e-09,0.0,0,0,0
0x41c265,JZ,320,160,443,6,0x41c259,CMP,1,NonLeaf,esi(-1) ,rflags ,MOV,5,MOV,4,CMP,3,SUB,4,MOV,2,XOR,2,TEST,3,MOV,3,JZ,6,MOV,7,0,1,0,0,0,JMP,0,0,1,1,0,0,JE,0,0,4309568,4310048,4309611,0,0,0,0,fortran,4.0521356277835904e-09,0.5,0,0,0
0x41b8e6,JNZ,160,0,13,2,0x41b8d6,XOR,1,NonLeaf,rax(XOR) fs(-1) ,rax rflags ,MOV,7,XOR,9,MOV,5,CALL_NEAR,5,MOV,3,ADD,4,POP,1,POP,1,POP,2,POP,2,0,1,0,0,0,CALL,0,1,1,0,0,0,RET,0,0,4307153,4307187,4307176,0,0,1,0,fortran,2.0260678138917952e-09,0.0,0,0,0
0x41b836,JNZ,252,0,26,2,0x41b82d,TEST,1,NonLeaf,r12(-1) ,rflags ,TEST,9,JS,2,SUB,2,JLE,2,TEST,2,MOVSXD,3,MOVSXD,3,MOV,5,POP,1,LEA,4,0,1,0,0,0,JE,0,0,1,0,0,0,JMP,1,0,4306989,4307024,4307000,0,0,0,0,fortran,3.191056806879577e-09,0.0,0,1,0
0x41b82b,JS,252,0,69,2,0x41b829,SUB,1,NonLeaf,ebp(SUB) ebx(-1) ,ebp rflags ,SUB,2,JLE,2,TEST,2,JZ,2,TEST,3,TEST,9,JNZ,2,MOVSXD,3,MOVSXD,3,MOV,5,0,0,0,0,0,RET,1,0,1,0,0,0,JNE,0,0,4306985,4307056,4306989,0,0,0,0,fortran,3.191056806879577e-09,0.0,0,0,0
0x41b827,JLE,252,0,73,2,0x41b825,TEST,1,NonLeaf,ebx(-1) ebx(-1) ,rflags ,TEST,2,JZ,2,TEST,3,CALL_NEAR,5,MOV,2,SUB,2,JS,2,TEST,9,JNZ,2,MOVSXD,3,0,0,0,0,0,RET,1,0,1,0,0,0,JS,0,0,4306981,4307056,4306985,0,0,0,0,fortran,3.191056806879577e-09,0.0,0,0,0
0x41b823,JZ,252,0,77,2,0x41b820,TEST,1,NonLeaf,rax(-1) rax(-1) ,rflags ,TEST,3,CALL_NEAR,5,MOV,2,PUSH,1,MOV,2,TEST,2,JLE,2,SUB,2,JS,2,TEST,9,0,1,0,0,0,RET,1,0,1,0,0,0,JLE,0,0,4306976,4307056,4306981,0,0,0,0,fortran,3.191056806879577e-09,0.0,0,0,0
0x41b0a8,JNZ,84,84,10,2,0x41b0a5,CMP,1,NonLeaf,eax(-1) ,rflags ,CMP,3,JZ,2,CMP,3,MOV,5,MOV,4,MOV,4,ADD,4,MOVSXD,3,MOV,3,MOV,5,0,0,1,0,0,CALL,0,1,1,0,0,0,ADD,0,0,4305061,4305074,4305066,0,0,1,1,fortran,1.0636856022931923e-09,1.0,1,0,1
0x41b0a3,JZ,84,0,61,2,0x41b0a0,CMP,1,NonLeaf,eax(MOV) ,rflags ,CMP,3,MOV,5,MOV,4,LEA,4,CALL_NEAR,5,CMP,3,JNZ,2,MOV,4,ADD,4,MOVSXD,3,0,1,0,0,0,JMP,0,0,1,0,0,0,JNE,0,0,4305043,4305120,4305061,0,0,1,0,fortran,1.0636856022931923e-09,0.0,0,0,0
0x41b079,JS,84,0,119,2,0x41b076,TEST,1,NonLeaf,r9d(-1) r9d(-1) ,rflags ,TEST,3,JNZ,6,TEST,7,SUB,3,ADD,3,MOVSXD,3,MOV,5,MOV,3,MOV,3,MOV,5,0,1,0,0,0,CALL,0,1,1,0,0,0,CALL,0,1,4305014,4305136,4305019,0,0,1,1,fortran,1.0636856022931923e-09,0.0,0,0,0
0x41b070,JNZ,84,0,192,6,0x41b069,TEST,1,NonLeaf,rbp(-1) ,rflags ,TEST,7,SUB,3,ADD,3,ADD,3,CMOVNLE,4,TEST,3,JS,2,MOVSXD,3,MOV,5,MOV,3,0,1,0,0,0,JE,0,0,1,0,0,0,JS,0,0,4304973,4305200,4305014,0,0,0,0,fortran,1.0636856022931923e-09,0.0,0,1,0
0x41b047,JZ,84,0,-230,6,0x41b041,TEST,1,NonLeaf,rax(-1) rax(-1) ,rflags ,MOV,3,TEST,3,CALL_NEAR,5,MOV,3,MOV,2,MOV,3,XOR,3,MOV,3,SUB,3,CMP,3,0,0,1,0,0,JNE,0,0,1,0,0,0,JNE,0,0,4304961,4304737,4304973,0,0,0,0,fortran,1.0636856022931923e-09,0.0,0,0,0
0x41b024,JNZ,84,84,14,2,0x41b01b,TEST,1,NonLeaf,ebx(-1) ebx(-1) ,rflags ,MOV,4,MOV,3,TEST,2,CALL_NEAR,5,MOV,3,CMP,3,MOV,3,CMOVNL,3,ADD,3,MOV,5,0,1,1,0,0,CALL,0,1,1,0,0,0,ADD,0,0,4304923,4304946,4304934,0,0,1,0,fortran,1.0636856022931923e-09,1.0,1,0,1
0x41af72,JNZ,84,0,403,6,0x41af69,XOR,1,NonLeaf,rax(XOR) fs(-1) ,rax rflags ,XOR,9,MOV,8,CALL_NEAR,5,MOV,3,MOV,5,ADD,7,POP,1,POP,1,POP,2,POP,2,0,1,0,0,0,CALL,0,1,1,0,0,0,RET,0,0,4304737,4305157,4304760,0,0,1,0,fortran,1.0636856022931923e-09,0.0,0,0,0
0x41af1f,JNZ,84,84,135,6,0x41af19,OR,1,NonLeaf,rax(OR) rdx(-1) ,rax rflags ,MOV,3,OR,3,MOV,3,CALL_NEAR,5,MOV,2,TEST,3,JNZ,2,TEST,2,MOV,5,MOV,3,0,0,0,0,0,CALL,0,1,1,0,0,0,JNE,0,0,4304662,4304806,4304677,0,0,1,0,fortran,1.0636856022931923e-09,1.0,1,0,1
0x41af02,JZ,84,0,142,6,0x41aefa,CMP,1,NonLeaf,rsi(-1) ,rflags ,MOV,5,CMP,3,XOR,2,MOV,8,MOV,9,MOV,4,MOV,3,MOV,2,CALL_NEAR,5,MOV,3,0,1,0,0,0,CALL,0,1,1,0,0,0,CALL,0,1,4304592,4304784,4304648,0,1,1,1,fortran,1.0636856022931923e-09,0.0,0,0,0
0x41acdf,JL,174,0,57,2,0x41acdd,CMP,1,NonLeaf,ebx(-1) ebp(-1) ,rflags ,CMP,2,JNZ,2,TEST,9,JZ,2,MOV,3,MOV,2,MOV,5,MOV,3,SUB,2,MOVSXD,3,0,1,0,0,0,JMP,0,0,1,0,0,0,CALL,0,1,4304093,4304152,4304097,1,0,0,1,fortran,2.2033487476073274e-09,0.0,0,1,0
0x41acdb,JNZ,174,0,112,2,0x41acd2,TEST,1,NonLeaf,r12(-1) ,rflags ,TEST,9,JZ,2,MOV,3,TEST,3,CALL_NEAR,5,CMP,2,JL,2,MOV,2,MOV,5,MOV,3,0,1,0,0,0,JE,0,0,1,0,0,0,JL,0,0,4304082,4304203,4304093,0,0,0,0,fortran,2.2033487476073274e-09,0.0,0,0,0
0x41acd0,JZ,174,0,112,2,0x41acca,TEST,1,NonLeaf,rax(-1) rax(-1) ,rflags ,MOV,3,TEST,3,CALL_NEAR,5,MOV,3,MOV,2,TEST,9,JNZ,2,CMP,2,JL,2,MOV,2,0,1,0,0,0,RET,0,0,1,0,0,0,JNE,0,0,4304074,4304192,4304082,0,0,0,0,fortran,2.2033487476073274e-09,0.0,0,0,0
0x41acb9,JS,174,174,119,2,0x41acb7,TEST,1,NonLeaf,ebx(MOVSXD) ebx(MOVSXD) ,rflags ,TEST,2,MOVSXD,4,SUB,4,PUSH,1,MOVSXD,3,CMP,3,JZ,2,MOV,2,MOV,3,CALL_NEAR,5,0,1,0,0,0,JMP,0,0,1,0,0,0,JE,0,0,4304032,4304176,4304059,0,0,0,0,fortran,2.2033487476073274e-09,1.0,1,0,1
0x4197e9,JZ,281,46,4768,6,0x4197e6,CMP,1,NonLeaf,r8d(LEA) ebx(-1) ,rflags ,CMP,3,LEA,4,JBE,6,UCOMISD,4,MOVSD_XMM,8,MOV,3,JMP,5,NOP,9,MOV,5,MOV,6,0,1,0,0,0,JMP,1,0,1,0,0,0,JMP,0,0,4298722,4303497,4298735,0,0,0,0,fortran,3.558281598147465e-09,0.1637010676156583,0,0,0
0x4197dc,JBE,281,0,4789,6,0x4197d8,UCOMISD,1,NonLeaf,xmm0(-1) xmm1(MOVSD_XMM) ,rflags ,UCOMISD,4,MOVSD_XMM,8,NOP,4,JMP,5,CMOVS,3,LEA,4,CMP,3,JZ,6,MOV,3,JMP,5,0,1,0,0,0,JMP,1,0,1,0,0,0,JE,0,0,4298704,4303505,4298722,0,0,0,0,fortran,3.558281598147465e-09,0.0,0,0,0
0x419433,JNZ,159,0,5838,6,0x41942b,TEST,1,NonLeaf,r15(-1) ,rflags ,TEST,8,CMOVZ,3,MOV,5,MOV,5,CMP,4,MOVSXD,3,MOVSX,3,MOV,3,CALL_NEAR,5,JMP,5,0,1,0,0,0,JE,0,0,0,0,0,0,CALL,1,1,4297754,4303617,4297785,0,0,0,1,fortran,2.0134048900549717e-09,0.0,0,1,0
0x419414,JZ,159,0,-1418,6,0x419411,TEST,1,NonLeaf,rax(-1) rax(-1) ,rflags ,TEST,3,CALL_NEAR,5,MOV,3,MOV,2,JS,6,CMP,4,MOV,5,MOV,5,CMOVZ,3,TEST,8,0,0,1,0,0,JNE,1,0,1,0,0,0,JNE,0,0,4297745,4296330,4297754,0,0,0,0,fortran,2.0134048900549717e-09,0.0,0,0,0
0x419401,JS,159,0,-1399,6,0x4193f9,CMP,1,NonLeaf,r15(-1) ,rflags ,CMP,8,JLE,6,MOV,7,TEST,2,MOV,6,MOV,2,MOV,3,CALL_NEAR,5,TEST,3,JZ,6,0,0,1,0,0,JNE,1,0,1,0,0,0,CALL,0,1,4297721,4296330,4297735,0,0,0,1,fortran,2.0134048900549717e-09,0.0,0,0,0
0x4193f3,JLE,159,0,-1385,6,0x4193ea,TEST,1,NonLeaf,ebx(-1) ebx(-1) ,rflags ,MOV,7,TEST,2,MOV,6,MOV,3,CALL_NEAR,5,CMP,8,JS,6,MOV,2,MOV,3,CALL_NEAR,5,0,0,1,0,0,JNE,1,0,1,0,0,0,JS,0,0,4297697,4296330,4297721,0,0,0,0,fortran,2.0134048900549717e-09,0.0,0,0,0
0x41933d,JZ,159,159,5711,6,0x419337,TEST,1,NonLeaf,r11b(-1) r11b(-1) ,rflags ,MOV,3,TEST,3,SUB,2,MOV,2,CMOVLE,3,SUB,3,LEA,7,LEA,7,MOV,6,MOV,5,0,1,0,0,0,JMP,0,0,1,0,0,0,SUB,0,0,4297476,4303244,4297539,0,0,0,0,fortran,2.0134048900549717e-09,1.0,1,0,1
0x419302,JLE,553,553,-114,2,0x4192ff,CMP,1,NonLeaf,r8d(-1) r10d(MOV) ,rflags ,CMP,3,MOV,3,MOV,2,JZ,2,CMP,2,MOV,6,MOV,5,MOV,10,MOV,2,ADD,3,0,0,0,1,1,JE,0,0,0,1,0,0,JE,1,0,4297471,4297360,4297476,0,0,0,1,fortran,7.002596881763517e-09,1.0,1,1,1
0x4192f8,JZ,431,113,12,2,0x4192f6,CMP,1,NonLeaf,esi(-1) eax(LEA) ,rflags ,CMP,2,LEA,5,JBE,6,UCOMISD,4,MOVSD_XMM,8,MOV,2,MOV,3,CMP,3,JLE,2,MOV,6,0,0,1,0,0,JE,1,0,1,0,0,0,MOV,0,0,4297457,4297476,4297466,0,0,1,0,fortran,5.457720173671023e-09,0.2621809744779582,0,0,0
0x4192eb,JBE,712,281,1253,6,0x4192e7,UCOMISD,1,NonLeaf,xmm1(MOVSD_XMM) xmm0(-1) ,rflags ,UCOMISD,4,MOVSD_XMM,8,MOVSD_XMM,8,MULSD,4,JS,6,LEA,5,CMP,2,JZ,2,MOV,2,MOV,3,0,1,0,0,0,JBE,0,0,1,0,0,0,JE,0,0,4297427,4298704,4297457,0,0,0,0,fortran,9.016001771818491e-09,0.3946629213483146,0,0,0
0x4192cd,JS,712,68,4819,6,0x4192cb,TEST,1,NonLeaf,edi(-1) edi(-1) ,rflags ,TEST,2,JNZ,2,CMP,2,MULSD,4,ADD,3,MULSD,4,MOVSD_XMM,8,MOVSD_XMM,8,UCOMISD,4,JBE,6,0,1,0,0,0,JMP,0,0,1,1,0,0,JBE,0,0,4297419,4302240,4297427,0,0,0,1,fortran,9.016001771818491e-09,0.095505617977528,0,0,0
0x4192c9,JNZ,1709,1145,-9,2,0x4192c7,CMP,1,NonLeaf,eax(ADD) edx(-1) ,rflags ,CMP,2,MULSD,4,ADD,3,NOP,6,XOR,2,TEST,2,JS,6,MULSD,4,MOVSD_XMM,8,MOVSD_XMM,8,1,1,1,1,1,JNE,0,0,0,1,0,0,JS,0,0,4297408,4297408,4297419,1,0,0,0,fortran,2.1640936837131742e-08,0.6699824458747806,1,1,1
0x4192ae,JZ,712,148,5028,6,0x4192ac,SUB,1,NonLeaf,edx(SUB) eax(SAR) ,edx rflags ,SUB,2,XOR,2,MOV,2,SAR,3,MOV,2,MOVAPD,4,XOR,2,NOP,6,ADD,3,MULSD,4,1,1,0,0,0,JMP,0,0,1,0,0,0,NOP,0,0,4297360,4302418,4297396,0,0,0,0,fortran,9.016001771818491e-09,0.2078651685393258,0,0,0
0x41926c,JS,159,0,6259,6,0x419269,ADD,1,NonLeaf,ebx(ADD) ,ebx rflags ,ADD,3,MOV,2,JZ,6,TEST,2,JZ,6,MOVAPD,4,MOVSD_XMM,8,MOV,3,XOR,3,XOR,3,0,1,0,0,0,JMP,1,0,1,0,0,0,NOP,0,0,4297319,4303583,4297330,0,0,0,0,fortran,2.0134048900549717e-09,0.0,0,0,0
0x419261,JZ,159,0,4655,6,0x41925f,TEST,1,NonLeaf,ecx(-1) ecx(-1) ,rflags ,TEST,2,JZ,6,TEST,7,JZ,2,TEST,3,MOV,2,ADD,3,JS,6,MOVAPD,4,MOVSD_XMM,8,0,0,0,0,0,CALL,1,1,1,0,0,0,JS,0,0,4297311,4301968,4297319,1,0,1,0,fortran,2.0134048900549717e-09,0.0,0,0,0
0x419250,JZ,159,159,15,2,0x41924d,TEST,1,NonLeaf,r11b(-1) r11b(-1) ,rflags ,TEST,3,JNB,6,UCOMISD,4,SUBSD,4,JNBE,6,TEST,7,JZ,6,TEST,2,JZ,6,MOV,2,0,1,0,0,0,JE,0,0,1,0,0,0,JE,0,0,4297293,4297311,4297298,0,0,0,0,fortran,2.0134048900549717e-09,1.0,1,1,1
0x419247,JNB,159,0,4681,6,0x419243,UCOMISD,1,NonLeaf,xmm5(-1) xmm2(SUBSD) ,rflags ,UCOMISD,4,SUBSD,4,JNBE,6,UCOMISD,4,MOVSD_XMM,8,TEST,3,JZ,2,TEST,7,JZ,6,TEST,2,0,0,0,0,0,CALL,1,1,0,0,0,0,JE,0,0,4297279,4301968,4297293,0,0,1,0,fortran,2.0134048900549717e-09,0.0,0,0,0
0x419239,JNBE,320,161,4695,6,0x419235,UCOMISD,1,NonLeaf,xmm1(MOVSD_XMM) xmm0(-1) ,rflags ,UCOMISD,4,MOVSD_XMM,8,JBE,2,MOVSD_XMM,8,MULSD,8,SUBSD,4,UCOMISD,4,JNB,6,TEST,3,JZ,2,0,0,0,0,0,CALL,1,1,1,0,0,0,JAE,0,0,4297261,4301968,4297279,0,0,1,0,fortran,4.0521356277835904e-09,0.503125,1,0,1
0x41922b,JBE,320,0,34,2,0x41920b,UCOMISD,1,NonLeaf,xmm0(-1) xmm1(-1) ,rflags ,MOVSD_XMM,8,MULSD,8,MOVAPD,4,SUBSD,4,DIVSD,4,MOVSD_XMM,8,UCOMISD,4,JNBE,6,SUBSD,4,UCOMISD,4,0,1,0,0,0,JE,0,0,1,0,0,0,JA,0,0,4297219,4297293,4297261,0,0,0,0,fortran,4.0521356277835904e-09,0.0,0,0,0
0x4191fd,JS,320,0,5181,6,0x4191fb,TEST,1,NonLeaf,ecx(-1) ecx(-1) ,rflags ,TEST,2,JNZ,2,CMP,2,MULSD,4,ADD,3,MOVAPD,4,MOVAPD,4,UCOMISD,4,DIVSD,4,SUBSD,4,0,1,0,0,0,JMP,0,0,1,1,0,0,JBE,0,0,4297211,4302394,4297219,0,0,0,1,fortran,4.0521356277835904e-09,0.0,0,0,0
0x4191f9,JNZ,4480,4160,-9,2,0x4191f7,CMP,1,NonLeaf,eax(ADD) edx(-1) ,rflags ,CMP,2,MULSD,4,ADD,3,NOP,5,XOR,2,TEST,2,JS,6,MOVAPD,4,MOVAPD,4,UCOMISD,4,1,1,1,1,1,JNE,0,0,0,1,0,0,JS,1,0,4297200,4297200,4297211,1,0,0,0,fortran,5.6729898788970274e-08,0.9285714285714286,1,1,1
0x4191d7,JZ,320,0,5998,6,0x4191d5,SUB,1,NonLeaf,edx(SUB) eax(SAR) ,edx rflags ,SUB,2,XOR,2,MOV,2,SAR,3,MOV,2,MOVAPD,4,MOVSD_XMM,8,XOR,2,NOP,5,ADD,3,0,1,0,0,0,JMP,1,0,1,0,0,0,NOP,0,0,4297164,4303173,4297181,0,0,0,0,fortran,4.0521356277835904e-09,0.0,0,0,0
0x4191b6,JZ,320,0,5139,6,0x4191b3,CMP,1,NonLeaf,eax(-1) ,rflags ,CMP,3,JB,6,JZ,6,CMP,3,MOV,6,MOVSD_XMM,8,MOVSD_XMM,8,MOV,2,SAR,3,MOV,2,0,1,0,0,0,JE,0,0,1,0,0,0,MOVSD,0,0,4297139,4302281,4297148,0,0,0,0,fortran,4.0521356277835904e-09,0.0,0,0,0
0x4191ad,JB,320,0,5153,6,0x4191a4,CMP,0,NonLeaf,eax(-1) ,rflags ,JZ,6,CMP,3,MOV,6,MOV,7,MOV,6,CMP,3,JZ,6,MOVSD_XMM,8,MOVSD_XMM,8,MOV,2,0,1,0,0,0,JMP,0,0,1,0,0,0,JE,0,0,4297133,4302286,4297139,0,0,0,0,fortran,4.0521356277835904e-09,0.0,0,0,0
0x4191a7,JZ,320,0,5176,6,0x4191a4,CMP,1,NonLeaf,eax(MOV) ,rflags ,CMP,3,MOV,6,MOV,7,MOV,6,MOV,7,JB,6,CMP,3,JZ,6,MOVSD_XMM,8,MOVSD_XMM,8,0,1,0,0,0,JMP,0,0,1,0,0,0,JB,0,0,4297071,4302303,4297133,0,0,0,0,fortran,4.0521356277835904e-09,0.0,0,0,0
0x419169,JNZ,406,86,-825,6,0x419166,CMP,1,NonLeaf,eax(MOV) ,rflags ,CMP,3,MOV,4,CMOVZ,4,SETNP,3,UCOMISD,4,MOV,5,MOV,5,MOV,6,MOV,5,MOV,6,0,0,0,0,0,JE,1,0,1,0,0,0,JE,0,0,4297037,4296240,4297071,0,0,1,1,fortran,5.1411470777504314e-09,0.2118226600985221,0,0,0
0x41913f,JZ,406,406,14,2,0x41913c,TEST,1,NonLeaf,r14d(-1) r14d(-1) ,rflags ,TEST,3,JB,6,UCOMISD,4,AND,4,ANDPD,4,MOVSD_XMM,8,XORPD,4,XORPD,4,MOV,6,UCOMISD,4,0,1,1,0,0,JNE,0,0,1,0,0,0,XORPD,0,0,4297020,4297037,4297025,0,0,0,0,fortran,5.1411470777504314e-09,1.0,1,1,1
0x419136,JB,406,0,1418,6,0x419132,UCOMISD,1,NonLeaf,xmm2(MOVSD_XMM) xmm1(ANDPD) ,rflags ,UCOMISD,4,AND,4,ANDPD,4,MOVSD_XMM,8,MOVMSKPD,5,TEST,3,JZ,2,MOVSD_XMM,8,XORPD,4,XORPD,4,0,1,0,0,0,SETP,1,0,1,0,0,0,JE,0,0,4296976,4298432,4297020,0,0,0,0,fortran,5.1411470777504314e-09,0.0,0,0,0
0x418e9e,JNZ,406,0,7201,6,0x418e8e,XOR,1,NonLeaf,rax(XOR) fs(-1) ,rax rflags ,MOV,7,XOR,9,MOV,4,CALL_NEAR,5,MOV,3,LEA,4,POP,1,POP,2,POP,2,POP,2,0,1,0,0,0,CALL,0,1,1,0,0,0,RET,0,0,4296330,4303551,4296356,0,0,1,0,fortran,5.1411470777504314e-09,0.0,0,0,0
0x418e41,JZ,86,6,7,2,0x418e30,CMP,1,NonLeaf,eax(-1) ,rflags ,MOV,5,MOV,2,MOV,7,CMP,3,JZ,6,MOV,5,MOV,7,MOV,3,MOV,5,CALL_NEAR,5,0,1,1,0,0,CALL,0,1,1,0,0,0,MOV,0,0,4296240,4296264,4296259,0,0,1,0,fortran,1.0890114499668402e-09,0.0697674418604651,0,0,0
0x4cff39,JZ,1,1,34,2,0x4cff36,TEST,1,NonLeaf,rax(-1) rax(-1) ,rflags ,TEST,3,CALL_NEAR,5,MOV,3,JZ,2,CMP,4,MOV,3,ADD,4,MOV,4,MOV,3,ADD,4,0,0,0,0,0,RET,0,0,0,0,0,0,MOV,0,0,5046070,5046107,5046075,0,1,1,1,fortran,1.266292383682372e-11,1.0,1,0,1
0x418c96,JZ,406,406,1146,6,0x418c86,CMP,1,NonLeaf,r11d(MOV) ,rflags ,MOV,7,LEA,5,CMP,4,SUB,3,AND,4,JLE,6,CMP,4,JZ,6,CMP,4,JNZ,6,0,1,0,0,0,JB,1,0,1,0,0,0,JLE,0,0,4295803,4296976,4295836,0,0,0,0,fortran,5.1411470777504314e-09,1.0,1,0,1
0x418c42,JZ,406,0,646,6,0x418c3f,CMP,1,NonLeaf,edx(MOV) ,rflags ,CMP,3,MOV,7,XOR,2,MOV,4,MOV,9,MOV,3,LEA,7,LEA,7,MOV,3,MOV,7,0,1,0,0,0,JE,0,0,1,0,0,0,CALL,0,1,4295680,4296392,4295752,0,0,0,1,fortran,5.1411470777504314e-09,0.0,0,1,0
0x4187a0,JZ,84,84,10,2,0x41879b,TEST,1,NonLeaf,ebp(-1) ebp(-1) ,rflags ,MOV,3,TEST,2,JNZ,2,OR,3,MOV,3,LEA,4,MOV,4,ADD,4,POP,1,POP,1,0,0,1,0,0,RET,0,0,0,0,0,0,MOV,0,0,4294555,4294570,4294562,0,0,0,1,fortran,1.0636856022931923e-09,1.0,1,1,1
0x418799,JNZ,159,75,-57,2,0x418796,OR,1,NonLeaf,rax(OR) r13(MOV) ,rax rflags ,OR,3,MOV,3,MOV,3,MOV,3,CALL_NEAR,5,TEST,2,MOV,3,JZ,2,LEA,4,MOV,4,0,0,0,1,1,CALL,0,1,1,1,0,0,JE,1,0,4294541,4294496,4294555,0,0,1,0,fortran,2.0134048900549717e-09,0.4716981132075472,0,1,0
0x41874a,JS,84,0,110,2,0x418747,TEST,1,NonLeaf,rsi(-1) rsi(-1) ,rflags ,TEST,3,JZ,2,MOV,5,OR,3,MOV,3,LEA,4,MOV,4,XOR,2,NOP,10,XOR,2,0,1,0,0,0,JE,0,0,1,0,0,0,NOP,0,0,4294471,4294584,4294476,0,0,1,1,fortran,1.0636856022931923e-09,0.0,0,0,0
0x418745,JZ,84,0,101,2,0x41873d,OR,1,NonLeaf,rcx(OR) rdi(-1) ,rcx rflags ,MOV,5,OR,3,MOV,3,MOV,3,MOV,3,TEST,3,JS,2,LEA,4,MOV,4,XOR,2,0,1,1,0,0,RET,0,0,1,0,0,0,JS,0,0,4294452,4294570,4294471,0,0,0,0,fortran,1.0636856022931923e-09,0.0,0,1,0
0x41872e,JBE,84,0,171,6,0x41872a,CMP,1,NonLeaf,rcx(-1) ,rflags ,CMP,4,SUB,4,PUSH,1,PUSH,1,PUSH,2,MOV,3,MOV,3,MOV,3,OR,3,MOV,5,0,1,0,0,0,CALL,0,1,1,0,0,0,JE,0,0,4294432,4294617,4294452,0,0,1,0,fortran,1.0636856022931923e-09,0.0,0,0,0
0x4183f7,JNS,485,485,-37,2,0x4183f5,TEST,1,Leaf,ecx(ADD) ecx(ADD) ,rflags ,TEST,2,MOV,3,ADD,2,RET_NEAR,1,CMOVS,3,MOV,6,LEA,3,CMP,3,JNBE,2,MOV,10,0,0,0,0,0,JBE,0,0,0,0,0,0,JA,0,0,4293616,4293586,4293625,0,0,0,0,fortran,6.141518060859504e-09,1.0,1,1,1
0x4183de,JBE,726,726,58,2,0x4183db,CMP,1,Leaf,eax(SUB) ,rflags ,CMP,3,SUB,3,MOV,6,JS,2,MOV,3,LEA,5,MOV,5,TEST,2,CMOVS,3,RET_NEAR,1,0,1,0,0,0,RET,0,0,0,0,0,0,RET,0,0,4293586,4293656,4293600,0,0,0,0,fortran,9.19328270553402e-09,1.0,1,0,1
0x4183d0,JS,241,0,41,2,0x4183cb,TEST,1,Leaf,ecx(CMOVLE) ecx(CMOVLE) ,rflags ,MOV,3,TEST,2,CMOVLE,3,TEST,2,LEA,4,MOV,6,SUB,3,CMP,3,JBE,2,LEA,5,0,0,0,0,0,JA,0,0,0,0,0,0,JBE,0,0,4293579,4293625,4293586,0,0,0,0,fortran,3.0517646446745166e-09,0.0,0,0,0
0x4183b6,JNBE,726,0,106,2,0x4183b3,CMP,1,Leaf,edx(SUB) ,rflags ,CMP,3,SUB,3,INVALID,0,INVALID,0,INVALID,0,JMP,7,NOP,1,MOV,2,LEA,4,TEST,2,0,1,0,0,0,RET,0,0,1,0,0,0,JMP,0,0,4293552,4293664,4293560,0,0,0,0,fortran,9.19328270553402e-09,0.0,0,0,0
0x417f06,JZ,241,161,508,6,0x417efa,TEST,0,NonLeaf,edi(-1) edi(-1) ,rflags ,MOV,4,JS,6,TEST,2,CMOVZ,4,CMP,5,MOV,5,MOV,8,SUB,3,ADD,3,MOV,4,0,1,0,0,0,JMP,0,0,1,0,0,0,MOV,0,0,4292354,4292866,4292364,0,0,1,1,fortran,3.0517646446745166e-09,0.6680497925311203,1,0,1
0x417efc,JS,241,0,492,6,0x417efa,TEST,1,NonLeaf,edi(MOV) edi(MOV) ,rflags ,TEST,2,CMOVZ,4,CMP,5,SUB,2,MOV,3,MOV,4,JZ,6,MOV,5,MOV,8,SUB,3,0,1,0,0,0,JMP,0,0,1,0,0,0,JE,0,0,4292328,4292840,4292354,0,0,1,0,fortran,3.0517646446745166e-09,0.0,0,0,0
0x417e24,JNBE,161,0,-1856,6,0x417e1f,CMP,1,NonLeaf,eax(LEA) ,rflags ,CMP,5,MOV,8,LEA,7,NOP,8,JMP,5,MOVZX,5,LEA,4,MOV,8,CMP,5,MOV,5,0,0,1,0,0,JLE,0,0,1,0,0,0,JMP,0,0,4292112,4290276,4292138,0,0,0,1,fortran,2.0387307377286187e-09,0.0,0,0,0
0x417de6,JNLE,161,161,-2002,6,0x417de4,TEST,1,NonLeaf,edi(MOV) edi(MOV) ,rflags ,TEST,2,MOV,4,NOP,7,JMP,5,CMOVZ,4,MOV,5,MOV,5,MOV,3,CALL_NEAR,5,MOV,5,0,0,0,0,0,JLE,0,0,1,0,0,0,CALL,1,1,4292064,4290068,4292076,0,0,0,1,fortran,2.0387307377286187e-09,1.0,1,1,1
0x417d92,JNZ,406,0,527,6,0x417d89,TEST,1,NonLeaf,r12(-1) ,rflags ,TEST,9,CALL_NEAR,5,MOV,3,MOV,3,MOVSXD,3,MOV,5,JMP,5,NOP,6,CMP,5,JNZ,6,0,1,0,0,0,CALL,0,1,0,1,0,0,JMP,0,0,4291977,4292513,4291992,0,0,1,0,fortran,5.1411470777504314e-09,0.0,0,0,0
0x417d52,JZ,241,0,15,2,0x417d50,CMP,1,NonLeaf,al(MOVZX) ,rflags ,CMP,2,MOVZX,5,JZ,2,CMP,5,ADD,3,SUB,5,MOV,4,ADD,4,MOV,4,MOV,5,0,1,1,0,0,CALL,0,1,1,0,0,0,ADD,0,0,4291915,4291937,4291924,0,0,1,1,fortran,3.0517646446745166e-09,0.0,0,0,0
0x417d49,JZ,406,165,64,2,0x417d44,CMP,1,NonLeaf,rsp(-1) ,rflags ,CMP,5,ADD,3,MOVSXD,5,JNZ,2,CMP,3,MOVZX,5,CMP,2,JZ,2,SUB,5,MOV,4,0,1,1,0,0,JNE,0,0,1,0,0,0,JE,0,0,4291908,4291977,4291915,0,0,0,0,fortran,5.1411470777504314e-09,0.4064039408866995,0,0,0
0x417d14,JNL,406,406,40,2,0x417d07,CMP,1,NonLeaf,ebp(-1) rsp(-1) ,rflags ,MOV,5,MOV,4,CMP,4,CALL_NEAR,5,MOV,4,MOV,4,LEA,5,LEA,3,SUB,2,LEA,5,0,1,1,0,0,ADD,1,0,1,0,0,0,NOP,0,0,4291847,4291900,4291862,0,0,0,0,fortran,5.1411470777504314e-09,1.0,1,0,1
0x417ce6,JLE,406,0,94,2,0x417ce4,TEST,1,NonLeaf,eax(MOV) eax(MOV) ,rflags ,TEST,2,MOV,4,JNLE,2,CMP,2,MOV,5,CMP,2,MOV,3,MOV,3,CMOVNLE,3,MOV,5,0,1,1,0,0,JE,1,0,1,0,0,0,CALL,0,1,4291808,4291908,4291816,0,0,0,1,fortran,5.1411470777504314e-09,0.0,0,0,0
0x417cc4,JZ,406,406,28,2,0x417cc2,TEST,1,NonLeaf,edx(MOV) edx(MOV) ,rflags ,TEST,2,MOV,4,JZ,6,MOV,2,CMP,4,XOR,2,NOP,8,ADD,3,ADD,4,MOV,5,0,1,1,0,0,JLE,1,0,1,0,0,0,NOP,0,0,4291774,4291808,4291782,0,0,0,0,fortran,5.1411470777504314e-09,1.0,1,0,1
0x417cb8,JZ,406,165,840,6,0x417cb2,CMP,1,NonLeaf,rsp(-1) ,rflags ,MOV,2,CMP,4,ADD,3,AND,3,SBB,2,MOV,4,TEST,2,JZ,2,XOR,2,NOP,8,0,1,0,0,0,JMP,0,0,1,1,0,0,JE,0,0,4291735,4292608,4291774,0,0,0,0,fortran,5.1411470777504314e-09,0.4064039408866995,0,0,0
0x417c39,JLE,205,205,907,6,0x417c36,CMP,1,NonLeaf,r9d(-1) ebp(-1) ,rflags ,CMP,3,JLE,2,TEST,3,ADD,4,MOV,3,MOVSXD,3,MOV,3,MOV,3,MOV,3,MOV,5,0,1,0,0,0,CALL,1,1,1,0,0,0,CALL,0,1,4291638,4292548,4291647,0,0,1,1,fortran,2.5958993865488628e-09,1.0,1,0,1
0x417c34,JLE,406,201,99,2,0x417c31,TEST,1,NonLeaf,r9d(-1) r9d(-1) ,rflags ,TEST,3,ADD,4,MOV,3,JZ,2,TEST,3,CMP,3,JLE,6,MOVSXD,3,MOV,3,MOV,3,0,1,1,0,0,JE,1,0,1,0,0,0,JLE,0,0,4291633,4291735,4291638,0,0,1,0,fortran,5.1411470777504314e-09,0.4950738916256157,0,0,0
0x417c28,JZ,406,205,9,2,0x417c25,TEST,1,NonLeaf,r11d(-1) r11d(-1) ,rflags ,TEST,3,JZ,6,CMP,5,JZ,6,CMP,5,MOV,3,ADD,4,TEST,3,JLE,2,CMP,3,0,1,1,0,0,JLE,0,0,1,0,0,0,ADD,0,0,4291621,4291633,4291626,0,0,0,1,fortran,5.1411470777504314e-09,0.5049261083743842,1,0,1
0x417c1f,JZ,406,0,1094,6,0x417c1a,CMP,1,NonLeaf,rsp(-1) ,rflags ,CMP,5,JZ,6,CMP,5,JZ,6,TEST,9,TEST,3,JZ,2,MOV,3,ADD,4,TEST,3,0,1,0,0,0,JMP,0,0,0,1,0,0,JE,0,0,4291610,4292709,4291621,0,0,1,0,fortran,5.1411470777504314e-09,0.0,0,0,0
0x417c14,JZ,406,0,1033,6,0x417c0f,CMP,1,NonLeaf,rsp(-1) ,rflags ,CMP,5,JZ,6,TEST,9,JZ,2,TEST,3,CMP,5,JZ,6,TEST,3,JZ,2,MOV,3,0,1,0,0,0,JMP,0,0,1,0,0,0,JE,0,0,4291599,4292637,4291610,0,0,1,0,fortran,5.1411470777504314e-09,0.0,0,0,0
0x417c09,JZ,406,406,1056,6,0x417c00,TEST,1,NonLeaf,r12(-1) ,rflags ,TEST,9,JZ,2,TEST,3,JNZ,6,TEST,9,CMP,5,JZ,6,CMP,5,JZ,6,TEST,3,0,1,0,0,0,CALL,0,1,0,1,0,0,JE,0,0,4291584,4292649,4291599,0,0,1,0,fortran,5.1411470777504314e-09,1.0,1,0,1
0x417bfe,JZ,406,0,17,2,0x417bfb,TEST,1,NonLeaf,r15d(-1) r15d(-1) ,rflags ,TEST,3,JNZ,6,TEST,9,MOV,6,SUB,4,TEST,9,JZ,6,CMP,5,JZ,6,CMP,5,0,1,1,0,0,JE,0,0,1,0,0,0,JE,0,0,4291579,4291599,4291584,0,0,0,0,fortran,5.1411470777504314e-09,0.0,0,1,0
0x417bf5,JNZ,406,0,1376,6,0x417bec,TEST,1,NonLeaf,r12(-1) ,rflags ,TEST,9,MOV,6,SUB,4,JNZ,6,TEST,3,TEST,3,JZ,2,TEST,9,JZ,6,CMP,5,0,1,0,0,0,JE,0,0,1,0,0,0,JE,1,0,4291564,4292949,4291579,0,0,0,0,fortran,5.1411470777504314e-09,0.0,0,1,0
0x417bdc,JNZ,406,205,772,6,0x417bd9,TEST,1,NonLeaf,r9d(-1) r9d(-1) ,rflags ,TEST,3,JLE,6,TEST,3,NOP,5,RET_NEAR,1,SUB,4,MOV,6,TEST,9,JNZ,6,TEST,3,0,0,0,0,0,JMP,0,0,1,0,0,0,MOV,0,0,4291545,4292320,4291554,0,0,0,0,fortran,5.1411470777504314e-09,0.5049261083743842,1,0,1
0x417bd3,JLE,406,0,781,6,0x417bd0,TEST,1,NonLeaf,r15d(-1) r15d(-1) ,rflags ,TEST,3,NOP,5,RET_NEAR,1,POP,2,POP,2,TEST,3,JNZ,6,SUB,4,MOV,6,TEST,9,0,1,0,0,0,JMP,0,0,1,0,0,0,JNE,0,0,4291536,4292320,4291545,0,0,0,0,fortran,5.1411470777504314e-09,0.0,0,0,0
0x417b89,JNZ,406,406,71,2,0x417b85,CMP,1,NonLeaf,r13d(-1) ,rflags ,CMP,4,JZ,2,CMP,4,JZ,2,CMP,5,MOV,4,TEST,2,JZ,2,NOP,5,TEST,9,0,1,0,0,0,JLE,0,0,1,0,0,0,JE,0,0,4291461,4291536,4291467,0,0,0,0,fortran,5.1411470777504314e-09,1.0,1,0,1
0x417b83,JZ,406,0,21,2,0x417b7f,CMP,1,NonLeaf,r13d(-1) ,rflags ,CMP,4,JZ,2,CMP,5,JNZ,2,TEST,2,CMP,4,JNZ,2,MOV,4,TEST,2,JZ,2,0,0,0,0,0,JNE,1,0,1,0,0,0,JNE,0,0,4291455,4291480,4291461,0,0,0,0,fortran,5.1411470777504314e-09,0.0,0,0,0
0x417b7d,JZ,406,0,27,2,0x417b78,CMP,1,NonLeaf,rsp(-1) ,rflags ,CMP,5,JNZ,2,TEST,2,SHR,3,MOV,3,CMP,4,JZ,2,CMP,4,JNZ,2,MOV,4,0,0,0,0,0,JNE,1,0,1,0,0,0,JE,0,0,4291448,4291480,4291455,0,0,0,0,fortran,5.1411470777504314e-09,0.0,0,0,0
0x417b76,JNZ,406,0,34,2,0x417b74,TEST,1,NonLeaf,al(SHR) al(SHR) ,rflags ,TEST,2,SHR,3,MOV,3,JZ,2,MOVSXD,5,CMP,5,JZ,2,CMP,4,JZ,2,CMP,4,0,1,0,0,0,JNE,1,0,1,0,0,0,JE,0,0,4291438,4291480,4291448,0,0,0,0,fortran,5.1411470777504314e-09,0.0,0,0,0
0x417b6c,JZ,406,0,75,2,0x417b5c,TEST,1,NonLeaf,rax(-1) rax(-1) ,rflags ,MOVSXD,5,MOV,5,MOV,3,TEST,3,CALL_NEAR,5,MOV,3,SHR,3,TEST,2,JNZ,2,CMP,5,0,0,0,0,0,RET,1,0,1,0,0,0,JNE,0,0,4291420,4291511,4291438,0,0,0,0,fortran,5.1411470777504314e-09,0.0,0,0,0
0x417b3f,JNS,406,406,8,2,0x417b36,CMP,1,NonLeaf,r12(-1) ,rflags ,CMP,9,ADC,4,LEA,4,NOT,3,CMP,5,SUB,3,XOR,3,MOV,3,MOV,3,MOV,5,0,1,1,0,0,CALL,0,1,1,0,0,0,XOR,0,0,4291361,4291399,4291393,0,0,1,0,fortran,5.1411470777504314e-09,1.0,1,1,1
0x417b13,JLE,406,0,661,6,0x417b10,TEST,1,NonLeaf,r13d(-1) r13d(-1) ,rflags ,TEST,3,NOP,5,JMP,5,CMOVZ,4,MOV,5,MOV,4,LEA,4,ADD,5,CMP,5,NOT,3,0,1,0,0,0,JNE,0,0,0,0,0,0,LEA,0,0,4291344,4292008,4291353,0,0,0,0,fortran,5.1411470777504314e-09,0.0,0,0,0
0x4178fb,JZ,241,241,-757,6,0x4178f8,CMP,1,NonLeaf,edi(-1) ,rflags ,CMP,3,NOP,5,JMP,7,MOV,6,JNBE,6,MOV,5,MOV,3,CALL_NEAR,5,NOP,2,JLE,6,0,0,0,0,0,JE,0,0,0,0,0,0,CALL,0,1,4290808,4290054,4290817,0,0,0,1,fortran,3.0517646446745166e-09,1.0,1,1,1
0x4178e0,JNBE,406,0,249,6,0x4178d9,CMP,1,NonLeaf,rax(MOV) ,rflags ,CMP,7,MOV,8,JNZ,2,CMP,5,MOV,4,MOV,6,JMP,7,NOP,5,CMP,3,JZ,6,0,1,0,0,0,JLE,0,0,1,0,0,0,JMP,1,0,4290769,4291033,4290790,0,1,0,0,fortran,5.1411470777504314e-09,0.0,0,1,0
0x4178cf,JNZ,406,0,-119,2,0x4178ca,CMP,1,NonLeaf,rsp(-1) ,rflags ,CMP,5,MOV,4,MOV,5,MOV,8,MOV,2,MOV,8,CMP,7,JNBE,6,MOV,6,JMP,7,0,0,0,0,0,JNE,0,0,0,0,0,0,JA,0,0,4290762,4290648,4290769,0,0,0,0,fortran,5.1411470777504314e-09,0.0,0,0,0
0x417865,JNZ,406,241,-472,6,0x417858,CMP,1,NonLeaf,rsp(-1) ,rflags ,LEA,4,MOV,4,CMP,5,NOP,4,JZ,2,MOV,8,JMP,5,NOP,8,CMP,5,SBB,4,0,0,0,0,0,JLE,0,0,1,0,0,0,JMP,1,0,4290648,4290189,4290667,0,0,0,1,fortran,5.1411470777504314e-09,0.5935960591133005,1,1,1
0x41781a,JBE,165,165,176,6,0x417817,CMP,1,NonLeaf,eax(SUB) ,rflags ,CMP,3,SUB,3,MOV,6,MOV,5,MOV,8,MOVSXD,3,MOV,2,MOV,5,SUB,3,LEA,5,0,0,0,0,0,JNE,0,0,1,0,0,0,CALL,0,1,4290561,4290762,4290592,0,0,0,1,fortran,2.0893824330759132e-09,1.0,1,1,1
0x4177ff,JZ,40,0,-23,2,0x4177fc,CMP,1,NonLeaf,rbx(ADD) ,rflags ,CMP,3,SUB,3,LEA,4,ADD,4,SUB,4,MOV,8,MOV,5,MOV,6,SUB,3,CMP,3,1,1,0,0,0,JE,0,0,0,1,0,0,JBE,1,0,4290541,4290536,4290561,0,0,0,1,fortran,5.065169534729488e-10,0.0,0,1,0
0x4177e0,JNLE,40,40,13,2,0x4177d8,TEST,1,NonLeaf,r11d(-1) r11d(-1) ,rflags ,MOV,2,MOV,3,TEST,3,JNZ,6,CMP,3,JMP,2,NOP,4,TEST,3,JZ,2,SUB,4,0,1,0,1,0,JE,0,0,1,0,0,0,JMP,0,0,4290520,4290541,4290530,0,0,0,0,fortran,5.065169534729488e-10,1.0,1,0,1
0x4177d2,JNZ,165,125,2316,6,0x4177cf,CMP,1,NonLeaf,rbx(-1) ,rflags ,CMP,3,MOV,4,MOV,8,MOV,4,JNZ,6,TEST,3,MOV,3,MOV,2,JNLE,2,JMP,2,0,1,0,0,0,JMP,0,0,1,0,0,0,JG,0,0,4290511,4292830,4290520,0,0,0,0,fortran,2.0893824330759132e-09,0.7575757575757576,1,0,1
0x4177b9,JNZ,165,0,343,6,0x4177aa,CMP,1,NonLeaf,rsp(-1) ,rflags ,MOV,3,LEA,4,MOVSXD,3,CMP,5,SUB,3,MOV,4,MOV,8,MOV,4,CMP,3,JNZ,6,0,0,0,0,0,JLE,0,0,1,0,0,0,MOV,0,0,4290464,4290832,4290495,0,0,0,1,fortran,2.0893824330759132e-09,0.0,0,0,0
0x41772b,JNLE,40,40,-27,2,0x417729,CMP,1,NonLeaf,edx(LEA) edi(LEA) ,rflags ,CMP,2,LEA,4,ADD,4,LEA,3,MOV,5,CMP,2,JNZ,6,XOR,2,CMP,7,MOV,4,0,0,0,1,1,JNE,0,0,0,0,0,0,JNE,1,0,4290329,4290320,4290349,0,0,0,0,fortran,5.065169534729488e-10,1.0,1,1,1
0x417717,JNZ,447,407,-31,2,0x417714,CMP,1,NonLeaf,dl(MOVZX) ,rflags ,CMP,3,MOVZX,4,JLE,2,CMP,2,ADD,4,MOV,5,LEA,3,ADD,4,LEA,4,CMP,2,1,1,0,0,0,JNE,0,0,1,0,0,0,JG,0,0,4290320,4290296,4290329,0,0,0,0,fortran,5.660326955060203e-09,0.9105145413870246,1,1,1
0x41770e,JLE,1,0,31,2,0x41770c,CMP,1,NonLeaf,edx(LEA) edi(LEA) ,rflags ,CMP,2,ADD,4,LEA,4,LEA,3,JNZ,6,MOVZX,4,CMP,3,JNZ,2,MOV,5,LEA,3,0,0,0,0,0,JNE,1,0,0,0,1,1,JNE,0,0,4290305,4290349,4290320,0,0,0,0,fortran,1.266292383682372e-11,0.0,0,0,0
0x4176fb,JNZ,407,406,1045,6,0x4176f8,CMP,1,NonLeaf,dl(-1) ,rflags ,CMP,3,NOP,6,JMP,2,XOR,2,XOR,2,LEA,3,LEA,4,ADD,4,CMP,2,JLE,2,0,0,0,0,0,JLE,1,0,1,0,0,0,JLE,0,0,4290296,4291344,4290305,0,0,0,0,fortran,5.153810001587254e-09,0.9975429975429976,1,1,1
0x4176e6,JLE,406,0,2321,6,0x4176e4,TEST,1,NonLeaf,ebp(-1) ebp(-1) ,rflags ,TEST,2,MOV,4,CMOVL,3,CMP,2,MOV,5,XOR,2,XOR,2,JMP,2,NOP,6,CMP,3,0,1,0,0,0,JMP,0,0,1,0,0,0,JMP,0,0,4290276,4292599,4290284,0,0,0,0,fortran,5.1411470777504314e-09,0.0,0,0,0
0x4176cd,JS,241,161,1859,6,0x4176cb,TEST,1,NonLeaf,eax(MOV) eax(MOV) ,rflags ,TEST,2,MOV,4,JNLE,2,MOV,2,CMP,3,LEA,3,MOV,5,CMP,2,CMOVL,3,MOV,4,0,1,0,0,0,JA,0,0,1,0,0,0,MOV,0,0,4290247,4292112,4290259,0,0,1,1,fortran,3.0517646446745166e-09,0.6680497925311203,1,0,1
0x4176c5,JNLE,1,0,-21,2,0x4176c0,CMP,1,NonLeaf,edx(SUB) ,rflags ,MOV,2,CMP,3,SUB,2,SAR,3,IMUL,3,MOV,4,TEST,2,JS,6,LEA,3,MOV,5,1,1,1,1,1,JG,0,0,0,1,0,0,JS,1,0,4290224,4290224,4290247,0,0,0,0,fortran,1.266292383682372e-11,0.0,0,1,0
0x4176a2,JLE,241,240,37,2,0x41769f,CMP,1,NonLeaf,esi(SUB) ,rflags ,CMP,3,SUB,2,XOR,3,MOV,2,SAR,3,MOV,6,NOP,6,MOV,2,SAR,3,ADD,3,0,1,1,0,0,JS,1,0,1,0,0,0,NOP,0,0,4290189,4290247,4290212,0,0,0,0,fortran,3.0517646446745166e-09,0.995850622406639,1,0,1
0x41762b,JLE,241,241,2237,6,0x417629,CMP,1,NonLeaf,esi(-1) eax(ADD) ,rflags ,CMP,2,ADD,3,MOV,2,JLE,2,CMP,2,MOV,5,MOV,5,MOV,3,CALL_NEAR,5,MOV,5,0,1,0,0,0,JS,0,0,0,0,0,0,CALL,1,1,4290084,4292328,4290097,0,0,0,1,fortran,3.0517646446745166e-09,1.0,1,1,1
0x417622,JLE,241,0,15,2,0x417620,CMP,1,NonLeaf,esi(MOV) eax(NEG) ,rflags ,CMP,2,NEG,2,MOV,2,MOV,4,MOV,4,MOV,2,ADD,3,CMP,2,JLE,6,MOV,5,0,1,0,0,0,CALL,1,1,1,0,0,0,JLE,0,0,4290068,4290097,4290084,0,0,1,0,fortran,3.0517646446745166e-09,0.0,0,0,0
0x41760e,JZ,241,161,2002,6,0x41760b,TEST,1,NonLeaf,r9d(MOV) r9d(MOV) ,rflags ,TEST,3,MOV,5,JNZ,6,NOP,3,CMP,4,MOV,4,MOV,4,MOV,2,NEG,2,CMP,2,0,1,0,0,0,JG,0,0,1,0,0,0,JLE,0,0,4290054,4292064,4290068,0,0,0,0,fortran,3.0517646446745166e-09,0.6680497925311203,1,1,1
0x4175ed,JBE,241,241,779,6,0x4175dc,CMP,0,NonLeaf,edi(-1) ,rflags ,JZ,6,MOV,4,LEA,4,CMP,3,MOVZX,5,CMP,4,JZ,2,CMP,4,NOP,3,JNZ,6,0,1,0,0,0,JE,0,0,1,0,0,0,JE,0,0,4290029,4290808,4290035,0,0,0,0,fortran,3.0517646446745166e-09,1.0,1,0,1
0x4175e7,JZ,241,0,665,6,0x4175dc,CMP,1,NonLeaf,edi(-1) ,rflags ,MOV,4,LEA,4,CMP,3,MOVZX,5,JZ,6,JBE,6,CMP,4,JZ,2,CMP,4,NOP,3,0,1,0,0,0,JS,0,0,1,0,0,0,JBE,0,0,4290007,4290688,4290029,0,0,0,0,fortran,3.0517646446745166e-09,0.0,0,0,0
0x4175d1,JZ,406,165,463,6,0x4175ce,CMP,1,NonLeaf,edi(MOV) ,rflags ,CMP,3,CMOVNZ,4,MOV,5,MOV,3,CMP,5,MOVZX,5,CMP,3,LEA,4,MOV,4,JZ,6,0,1,0,0,0,JNE,0,0,1,0,0,0,JE,0,0,4289981,4290464,4290007,0,0,1,1,fortran,5.1411470777504314e-09,0.4064039408866995,0,0,0
0x417598,JZ,406,165,37,2,0x41758d,CMP,1,NonLeaf,rsp(-1) ,rflags ,LEA,3,MOV,4,CMP,4,XOR,3,CALL_NEAR,5,LEA,3,MOV,5,XOR,2,MOVSXD,3,MOV,4,0,1,1,0,0,JE,0,0,1,0,0,0,CALL,0,1,4289930,4289981,4289946,0,1,0,1,fortran,5.1411470777504314e-09,0.4064039408866995,0,1,0
0x417560,JS,406,0,3403,6,0x41755a,TEST,1,NonLeaf,eax(MOV) eax(MOV) ,rflags ,MOV,4,TEST,2,MOV,3,MOV,3,MOV,4,LEA,7,MOV,7,MOV,3,MOV,3,MOV,3,0,1,0,0,0,CALL,1,1,1,0,0,0,CALL,0,1,4289824,4293291,4289894,0,0,1,1,fortran,5.1411470777504314e-09,0.0,0,0,0
0x4174f9,JZ,490,160,15,2,0x4174f7,TEST,1,Leaf,edx(-1) edx(-1) ,rflags ,TEST,2,JZ,2,CMP,3,JZ,2,CMP,3,XOR,2,NOP,3,RET_NEAR,1,NOP,7,CMP,7,0,0,0,0,0,AND,0,0,1,0,0,0,RET,0,0,4289783,4289800,4289787,0,0,0,0,fortran,6.204832680043623e-09,0.3265306122448979,0,0,0
0x4174f5,JZ,490,0,19,2,0x4174f2,CMP,1,Leaf,edx(-1) ,rflags ,CMP,3,JZ,2,CMP,3,MOV,2,MOV,2,TEST,2,JZ,2,XOR,2,NOP,3,RET_NEAR,1,0,1,0,0,0,AND,0,0,1,0,0,0,JE,0,0,4289778,4289800,4289783,0,0,0,0,fortran,6.204832680043623e-09,0.0,0,0,0
0x4174f0,JZ,490,0,38,2,0x4174ed,CMP,1,Leaf,edx(MOV) ,rflags ,CMP,3,MOV,2,MOV,2,JNZ,2,MOV,5,CMP,3,JZ,2,TEST,2,JZ,2,XOR,2,0,0,0,0,0,REPZ RET,0,0,1,0,0,0,JE,0,0,4289769,4289814,4289778,0,0,0,0,fortran,6.204832680043623e-09,0.0,0,0,0
0x4174e7,JNZ,490,0,47,2,0x4174e0,TEST,1,Leaf,esi(-1) esi(-1) ,rflags ,MOV,5,TEST,2,INVALID,0,INVALID,0,INVALID,0,MOV,2,MOV,2,CMP,3,JZ,2,CMP,3,0,1,0,0,0,REPZ RET,0,0,1,0,0,0,JE,0,0,4289760,4289814,4289769,0,0,0,0,fortran,6.204832680043623e-09,0.0,0,0,0
0x41743d,JZ,160,160,131,6,0x417434,CMP,1,NonLeaf,edx(-1) ,rflags ,MOV,6,CMP,3,SUB,4,INVALID,0,INVALID,0,JLE,2,CMP,3,JZ,2,CMP,3,NOP,3,0,1,0,0,0,RET,0,0,1,0,0,0,JLE,0,0,4289584,4289728,4289603,0,0,1,0,fortran,2.0260678138917952e-09,1.0,1,0,1
0x4172dc,JNBE,84,0,100,2,0x4172d9,CMP,1,NonLeaf,esi(-1) ,rflags ,CMP,3,JZ,2,TEST,3,SUB,4,INVALID,0,MOV,2,JMP,7,NOP,9,MOV,3,MOV,4,0,1,0,0,0,CALL,0,1,1,0,0,0,JMP,0,0,4289241,4289344,4289246,0,1,1,0,fortran,1.0636856022931923e-09,0.0,0,0,0
0x4172d7,JZ,84,0,121,2,0x4172d4,TEST,1,NonLeaf,rdi(-1) rdi(-1) ,rflags ,TEST,3,SUB,4,INVALID,0,INVALID,0,INVALID,0,CMP,3,JNBE,2,MOV,2,JMP,7,NOP,9,0,1,0,0,0,RET,0,0,1,0,0,0,JA,0,0,4289232,4289360,4289241,0,0,0,0,fortran,1.0636856022931923e-09,0.0,0,0,0
0x4171c7,JZ,160,160,128,2,0x4171c4,CMP,1,NonLeaf,bl(-1) ,rflags ,CMP,3,JNZ,6,TEST,9,JZ,2,TEST,3,TEST,2,LEA,4,MOV,2,JLE,2,LEA,3,0,1,0,0,0,JMP,0,0,1,0,0,0,JLE,0,0,4288964,4289095,4288969,0,0,0,1,fortran,2.0260678138917952e-09,1.0,1,0,1
0x4171be,JNZ,160,0,173,6,0x4171b5,TEST,1,NonLeaf,r12(-1) ,rflags ,TEST,9,JZ,2,TEST,3,CALL_NEAR,5,MOV,3,CMP,3,JZ,2,TEST,2,LEA,4,MOV,2,0,1,0,0,0,JE,0,0,1,0,0,0,JE,0,0,4288949,4289131,4288964,0,0,0,0,fortran,2.0260678138917952e-09,0.0,0,0,0
0x4171b3,JZ,160,0,-73,2,0x4171b0,TEST,1,NonLeaf,rax(-1) rax(-1) ,rflags ,TEST,3,CALL_NEAR,5,MOV,3,LEA,4,JNLE,2,TEST,9,JNZ,6,CMP,3,JZ,2,TEST,2,0,0,0,0,0,RET,0,0,1,0,0,0,JNE,0,0,4288944,4288874,4288949,0,0,0,0,fortran,2.0260678138917952e-09,0.0,0,0,0
0x4170f0,JZ,160,160,367,6,0x4170ed,SUB,1,NonLeaf,edx(SUB) ,edx rflags ,SUB,3,JZ,2,CMP,3,JZ,6,CMP,3,MOV,3,MOV,3,MOV,5,MOV,3,TEST,2,0,1,0,0,0,JMP,0,0,1,0,0,0,JNE,0,0,4288749,4289119,4288758,0,0,0,0,fortran,2.0260678138917952e-09,1.0,1,0,1
0x4170eb,JZ,160,0,53,2,0x4170e8,CMP,1,NonLeaf,eax(-1) ,rflags ,CMP,3,JZ,6,CMP,3,MOV,6,MOV,7,SUB,3,JZ,6,MOV,3,MOV,3,MOV,5,0,1,0,0,0,MOV,0,0,1,0,0,0,JE,1,0,4288744,4288800,4288749,0,0,0,0,fortran,2.0260678138917952e-09,0.0,0,1,0
0x4170e2,JZ,160,0,150,6,0x4170df,CMP,1,NonLeaf,eax(MOV) ,rflags ,CMP,3,MOV,6,MOV,7,SUB,4,PUSH,1,CMP,3,JZ,2,SUB,3,JZ,6,MOV,3,0,1,0,0,0,JMP,0,0,1,0,0,0,JE,0,0,4288704,4288888,4288744,0,0,0,0,fortran,2.0260678138917952e-09,0.0,0,0,0
0x416d21,JNZ,160,0,27,2,0x416d1a,TEST,1,NonLeaf,rbx(-1) ,rflags ,TEST,7,JZ,2,TEST,3,CALL_NEAR,5,SUB,4,MOV,3,XOR,2,ADD,4,POP,1,POP,1,0,1,0,0,0,JE,0,0,1,0,0,0,XOR,0,0,4287770,4287804,4287779,0,0,0,1,fortran,2.0260678138917952e-09,0.0,0,0,0
0x416d18,JZ,160,0,24,2,0x416d15,TEST,1,NonLeaf,rax(-1) rax(-1) ,rflags ,TEST,3,CALL_NEAR,5,SUB,4,MOV,3,PUSH,1,TEST,7,JNZ,2,MOV,3,XOR,2,ADD,4,0,1,0,0,0,RET,0,0,1,0,0,0,JNE,0,0,4287765,4287792,4287770,0,0,0,0,fortran,2.0260678138917952e-09,0.0,0,0,0
0x416737,JNZ,2,0,72,2,0x41672e,XOR,1,NonLeaf,rcx(XOR) fs(-1) ,rcx rflags ,XOR,9,MOV,4,XOR,2,NOP,6,JNZ,2,LEA,4,POP,1,POP,2,POP,2,POP,1,0,1,0,0,0,CALL,0,1,1,0,0,0,RET,0,0,4286250,4286335,4286265,0,0,1,0,fortran,2.532584767364744e-11,0.0,0,0,0
0x416720,JNZ,2,0,-107,2,0x41671d,TEST,1,NonLeaf,r13(-1) r13(-1) ,rflags ,TEST,3,JNZ,6,MOV,3,TEST,3,CALL_NEAR,5,NOP,6,XOR,2,MOV,4,XOR,9,JNZ,2,0,0,0,0,0,CALL,0,1,1,0,0,0,NOP,1,0,4286237,4286133,4286242,0,0,1,0,fortran,2.532584767364744e-11,0.0,0,0,0
0x416717,JNZ,2,0,-135,6,0x416711,TEST,1,NonLeaf,rax(-1) rax(-1) ,rflags ,MOV,3,TEST,3,CALL_NEAR,5,LEA,7,MOV,7,TEST,3,JNZ,2,NOP,6,XOR,2,MOV,4,0,1,0,0,0,JE,0,0,1,0,0,0,JNE,0,0,4286225,4286096,4286237,0,0,0,0,fortran,2.532584767364744e-11,0.0,0,0,0
0x41667f,JZ,2,2,127,2,0x41667c,TEST,1,NonLeaf,r13(MOV) r13(MOV) ,rflags ,TEST,3,MOV,6,JS,6,TEST,2,CALL_NEAR,5,MOV,5,CALL_NEAR,5,JMP,2,NOP,3,TEST,3,0,1,1,1,0,CALL,0,1,1,0,0,0,CALL,0,1,4286070,4286206,4286081,0,0,1,1,fortran,2.532584767364744e-11,1.0,1,0,1
0x416670,JS,2,0,184,6,0x41666e,TEST,1,NonLeaf,eax(-1) eax(-1) ,rflags ,TEST,2,CALL_NEAR,5,MOV,5,MOV,3,LEA,7,MOV,6,TEST,3,JZ,2,MOV,5,CALL_NEAR,5,0,0,0,0,0,XOR,0,0,1,0,0,0,JE,0,0,4286062,4286248,4286070,0,0,0,0,fortran,2.532584767364744e-11,0.0,0,0,0
0x416654,JNZ,2,0,212,6,0x416652,TEST,1,NonLeaf,eax(-1) eax(-1) ,rflags ,TEST,2,CALL_NEAR,5,MOV,3,MOV,3,MOV,2,LEA,7,MOV,3,MOV,5,CALL_NEAR,5,TEST,2,0,0,0,0,0,XOR,0,0,1,0,0,0,CALL,0,1,4286034,4286248,4286042,0,0,0,1,fortran,2.532584767364744e-11,0.0,0,0,0
0x41663f,JZ,2,0,233,6,0x41663c,TEST,1,NonLeaf,rdi(-1) rdi(-1) ,rflags ,TEST,3,SUB,3,AND,4,ADD,4,CDQE,2,MOV,2,MOV,3,MOV,3,CALL_NEAR,5,TEST,2,0,1,0,0,0,XOR,0,0,1,0,0,0,CALL,0,1,4285952,4286248,4286021,0,1,0,1,fortran,2.532584767364744e-11,0.0,0,0,0
0x416412,JS,2,0,94,2,0x416410,TEST,1,NonLeaf,eax(-1) eax(-1) ,rflags ,TEST,2,NOP,6,JMP,5,MOV,5,NOP,1,MOV,9,MOV,3,JMP,5,NOP,3,MOV,5,0,1,0,0,0,CALL,0,1,1,0,0,0,MOV,0,0,4285456,4285552,4285460,0,0,1,1,fortran,2.532584767364744e-11,0.0,0,0,0
0x416385,JZ,2,2,139,6,0x41637d,CMP,1,NonLeaf,r12(-1) ,rflags ,MOV,2,CMP,6,CALL_NEAR,5,MOV,3,MOV,5,TEST,2,MOV,3,JS,6,XOR,3,TEST,2,0,1,0,0,0,JS,0,0,1,0,0,0,JS,0,0,4285309,4285456,4285323,0,0,0,0,fortran,2.532584767364744e-11,1.0,1,0,1
0x41631e,JNZ,2,0,493,6,0x416315,XOR,1,NonLeaf,rcx(XOR) fs(-1) ,rcx rflags ,XOR,9,MOV,4,XOR,2,MOV,3,MOV,2,LEA,4,POP,1,POP,2,POP,2,POP,2,0,1,0,0,0,CALL,0,1,1,0,0,0,RET,0,0,4285201,4285707,4285220,0,0,1,0,fortran,2.532584767364744e-11,0.0,0,0,0
0x4162e5,JZ,2,2,12,2,0x4162e2,TEST,1,NonLeaf,r13d(-1) r13d(-1) ,rflags ,TEST,3,JNZ,6,TEST,3,JNZ,6,TEST,3,MOV,5,CALL_NEAR,5,MOV,2,CALL_NEAR,5,JMP,2,0,1,1,0,0,CALL,0,1,1,0,0,0,CALL,0,1,4285154,4285169,4285159,0,0,1,1,fortran,2.532584767364744e-11,1.0,1,0,1
0x4162dc,JNZ,2,0,276,6,0x4162d9,TEST,1,NonLeaf,r14d(-1) r14d(-1) ,rflags ,TEST,3,JNZ,6,TEST,3,JZ,6,CMP,3,TEST,3,JZ,2,MOV,5,CALL_NEAR,5,MOV,2,0,0,0,0,0,CALL,0,1,0,1,0,0,JE,0,0,4285145,4285424,4285154,0,0,1,0,fortran,2.532584767364744e-11,0.0,0,0,0
0x4162d3,JNZ,2,0,269,6,0x4162d0,TEST,1,NonLeaf,r12d(-1) r12d(-1) ,rflags ,TEST,3,JZ,6,CMP,3,XOR,3,JZ,6,TEST,3,JNZ,6,TEST,3,JZ,2,MOV,5,0,1,0,0,0,CALL,0,1,1,0,0,0,JNE,0,0,4285136,4285408,4285145,0,0,1,0,fortran,2.532584767364744e-11,0.0,0,0,0
0x4162ca,JZ,2,0,350,6,0x4162c7,CMP,1,NonLeaf,ebx(-1) ,rflags ,CMP,3,XOR,3,JZ,6,CMP,3,XOR,3,TEST,3,JNZ,6,TEST,3,JNZ,6,TEST,3,0,1,0,0,0,CALL,0,1,1,1,0,0,JNE,0,0,4285124,4285480,4285136,0,0,1,0,fortran,2.532584767364744e-11,0.0,0,0,0
0x4162be,JZ,2,0,386,6,0x4162bb,CMP,1,NonLeaf,ebx(-1) ,rflags ,CMP,3,XOR,3,JZ,6,TEST,2,XOR,3,XOR,3,CMP,3,JZ,6,TEST,3,JNZ,6,0,1,0,0,0,CALL,0,1,1,1,0,0,JE,0,0,4285112,4285504,4285124,0,0,1,0,fortran,2.532584767364744e-11,0.0,0,0,0
0x4162b2,JZ,2,0,239,6,0x4162b0,TEST,1,NonLeaf,ebx(-1) ebx(-1) ,rflags ,TEST,2,XOR,3,CALL_NEAR,5,MOV,3,JS,2,XOR,3,CMP,3,JZ,6,XOR,3,CMP,3,0,0,0,0,0,CALL,0,1,0,1,0,0,JE,0,0,4285101,4285345,4285112,0,0,1,0,fortran,2.532584767364744e-11,0.0,0,0,0
0x41624d,JNBE,2,0,265,6,0x416247,CMP,1,NonLeaf,r12(-1) ,rflags ,CMP,6,JNBE,6,MOV,5,CMP,3,JB,6,MOV,5,JMP,7,NOP,1,MOV,5,CALL_NEAR,5,0,0,0,0,0,CALL,0,1,0,0,0,0,JMP,0,0,4284999,4285270,4285011,0,0,1,0,fortran,2.532584767364744e-11,0.0,0,1,0
0x416241,JNBE,2,0,247,6,0x416239,CMP,1,NonLeaf,eax(-1) ,rflags ,MOV,5,CMP,3,JB,6,JZ,6,CMP,3,CMP,6,JNBE,6,MOV,5,JMP,7,NOP,1,0,1,0,0,0,CALL,0,1,0,0,0,0,JA,0,0,4284985,4285240,4284999,0,0,1,0,fortran,2.532584767364744e-11,0.0,0,0,0
0x416233,JB,2,0,277,6,0x41622a,CMP,0,NonLeaf,eax(-1) ,rflags ,JZ,6,CMP,3,MOV,5,JNZ,6,MOV,2,CMP,3,MOV,5,JNBE,6,CMP,6,JNBE,6,0,1,0,0,0,JBE,0,0,1,0,0,0,JA,0,0,4284979,4285256,4284985,0,0,0,0,fortran,2.532584767364744e-11,0.0,0,0,0
0x41622d,JZ,2,0,467,6,0x41622a,CMP,1,NonLeaf,eax(MOV) ,rflags ,CMP,3,MOV,5,JNZ,6,MOV,2,TEST,2,JB,6,CMP,3,MOV,5,JNBE,6,CMP,6,0,1,0,0,0,JMP,0,0,1,0,0,0,JB,0,0,4284965,4285440,4284979,0,0,0,0,fortran,2.532584767364744e-11,0.0,0,0,0
0x41621f,JNZ,2,0,230,6,0x41621b,TEST,1,NonLeaf,eax(-1) eax(-1) ,rflags ,MOV,2,TEST,2,CALL_NEAR,5,MOV,3,JZ,6,MOV,5,CMP,3,JZ,6,JB,6,CMP,3,0,0,0,0,0,CALL,0,1,1,0,0,0,JE,0,0,4284955,4285189,4284965,0,0,1,0,fortran,2.532584767364744e-11,0.0,0,0,0
0x41620d,JZ,2,0,243,6,0x416207,TEST,1,NonLeaf,rsi(MOV) rsi(MOV) ,rflags ,MOV,3,TEST,3,SUB,3,AND,4,ADD,4,MOV,3,CALL_NEAR,5,TEST,2,MOV,2,JNZ,6,0,1,0,0,0,MOV,0,0,1,0,0,0,CALL,0,1,4284896,4285184,4284947,0,0,0,1,fortran,2.532584767364744e-11,0.0,0,0,0
0x4161da,JZ,2,0,134,6,0x4161d6,CMP,1,NonLeaf,rsi(-1) ,rflags ,CMP,4,XOR,2,MOV,4,MOV,9,SUB,4,MOV,3,MOV,5,MOV,4,MOV,3,LEA,3,0,1,0,0,0,CALL,0,1,1,0,0,0,JE,0,0,4284848,4285024,4284896,0,0,1,0,fortran,2.532584767364744e-11,0.0,0,0,0
0x415f8f,JZ,160,0,25,2,0x415f8c,CMP,1,Leaf,eax(-1) ,rflags ,CMP,3,JZ,2,CMP,3,JZ,2,TEST,2,RET_NEAR,2,NOP,5,MOV,7,JMP,5,NOP,4,0,1,0,0,0,JMP,0,0,1,0,0,0,REPZ RET,0,0,4284300,4284328,4284305,0,0,0,0,fortran,2.0260678138917952e-09,0.0,0,0,0
0x415f8a,JZ,328,168,46,2,0x415f87,CMP,1,Leaf,eax(-1) ,rflags ,CMP,3,JZ,2,TEST,2,MOV,3,INVALID,0,CMP,3,JZ,2,RET_NEAR,2,NOP,5,MOV,7,0,1,0,0,0,JMP,0,0,1,0,0,0,JE,0,0,4284295,4284344,4284300,0,0,0,0,fortran,4.15343901847818e-09,0.5121951219512195,1,0,1
0x415f85,JZ,342,14,19,2,0x415f83,TEST,1,Leaf,eax(MOV) eax(MOV) ,rflags ,TEST,2,MOV,3,INVALID,0,INVALID,0,INVALID,0,CMP,3,JZ,2,CMP,3,JZ,2,RET_NEAR,2,0,1,0,0,0,JMP,0,0,1,0,0,0,JE,0,0,4284288,4284312,4284295,0,0,0,0,fortran,4.330719952193712e-09,0.0409356725146198,0,0,0
0x415ebe,JLE,4,4,18,2,0x415eb4,CMP,1,NonLeaf,eax(-1) ,rflags ,MOV,5,CMP,5,CALL_NEAR,5,MOV,3,MOV,2,POP,1,POP,1,MOV,2,POP,2,RET_NEAR,1,0,1,0,0,0,CALL,0,1,1,0,0,0,RET,0,0,4284084,4284112,4284096,0,0,1,0,fortran,5.065169534729488e-11,1.0,1,0,1
0x415e89,JNZ,2,0,6,2,0x415e87,TEST,1,NonLeaf,eax(-1) eax(-1) ,rflags ,TEST,2,CALL_NEAR,5,MOV,3,MOV,3,JNZ,2,MOV,4,ADD,4,POP,1,POP,1,RET_NEAR,1,0,0,1,0,0,RET,0,0,1,0,0,0,MOV,0,0,4284039,4284047,4284043,0,0,0,1,fortran,2.532584767364744e-11,0.0,0,0,0
0x415e7a,JNZ,2,0,21,2,0x415e78,TEST,1,NonLeaf,edx(MOV) edx(MOV) ,rflags ,TEST,2,MOV,5,MOV,2,CALL_NEAR,5,SUB,4,MOV,3,MOV,3,CALL_NEAR,5,TEST,2,JNZ,2,0,1,1,0,0,RET,0,0,1,0,0,0,CALL,0,1,4284017,4284047,4284028,0,0,0,1,fortran,2.532584767364744e-11,0.0,0,0,0
0x415dfb,JNL,5,5,81,2,0x415df8,CMP,1,NonLeaf,rdx(LEA) rax(LEA) ,rflags ,CMP,3,LEA,4,LEA,7,JNLE,2,MOV,4,MOV,3,CALL_NEAR,5,NOP,3,MOV,4,MOV,3,0,1,0,0,0,JMP,0,0,1,0,0,0,CALL,0,1,4283885,4283980,4283901,0,0,0,1,fortran,6.33146191841186e-11,1.0,1,0,1
0x415deb,JNLE,5,0,61,2,0x415de0,CMP,1,NonLeaf,rdx(-1) ,rflags ,MOV,4,CMP,7,NOP,4,RET_NEAR,1,POP,2,LEA,7,LEA,4,CMP,3,JNL,2,MOV,3,0,1,0,0,0,CALL,0,1,1,0,0,0,JGE,0,0,4283872,4283944,4283885,0,0,1,0,fortran,6.33146191841186e-11,0.0,0,0,0
0x415dd1,JLE,329,2,6,2,0x415dc6,CMP,1,NonLeaf,rdx(ADD) rbx(-1) ,rflags ,MOV,4,MOV,3,CMP,4,ADD,3,MOV,3,MOV,4,POP,1,POP,1,POP,2,RET_NEAR,1,0,0,1,0,0,RET,0,0,1,0,0,0,MOV,0,0,4283843,4283863,4283859,0,0,0,1,fortran,4.166101942315004e-09,0.0060790273556231,0,0,0
0x415d5f,JLE,329,0,100,2,0x415d5c,CMP,1,NonLeaf,eax(ADD) rbx(-1) ,rflags ,CMP,3,ADD,2,SUB,3,MOV,2,MOV,4,MOV,3,JMP,2,NOP,10,MOV,3,CALL_NEAR,5,0,0,1,0,0,JLE,0,0,1,0,0,0,JMP,0,0,4283729,4283843,4283745,0,0,1,1,fortran,4.166101942315004e-09,0.0,0,0,0
0x415d3d,JL,324,0,51,2,0x415d3a,CMP,1,NonLeaf,rax(ADD) rdi(-1) ,rflags ,CMP,3,ADD,3,JL,2,CMP,3,JNLE,2,SUB,3,ADD,4,MOV,3,MOV,3,CALL_NEAR,5,0,0,0,0,0,CALL,0,1,0,0,0,0,CALL,0,1,4283703,4283760,4283711,0,1,1,1,fortran,4.102787323130885e-09,0.0,0,1,0
0x415d35,JL,324,0,59,2,0x415d32,CMP,1,NonLeaf,rdi(-1) rdx(-1) ,rflags ,CMP,3,JNLE,2,CMP,3,LEA,7,LEA,5,ADD,3,CMP,3,JL,2,SUB,3,ADD,4,0,0,0,0,0,CALL,0,1,1,0,0,0,JL,0,0,4283698,4283760,4283703,0,0,1,0,fortran,4.102787323130885e-09,0.0,0,0,0
0x415d30,JNLE,324,0,64,2,0x415d2d,CMP,1,NonLeaf,rsi(LEA) rcx(LEA) ,rflags ,CMP,3,LEA,7,LEA,5,MOV,4,JZ,6,CMP,3,JL,2,ADD,3,CMP,3,JL,2,0,1,0,0,0,CALL,0,1,1,0,0,0,JL,0,0,4283677,4283760,4283698,0,0,1,0,fortran,4.102787323130885e-09,0.0,0,0,0
0x415d17,JZ,329,5,201,6,0x415d15,TEST,1,NonLeaf,eax(MOVSXD) eax(MOVSXD) ,rflags ,TEST,2,MOV,4,MOV,3,MOVSXD,4,PUSH,1,MOV,4,LEA,5,LEA,7,CMP,3,JNLE,2,0,1,0,0,0,JG,0,0,1,0,0,0,JG,0,0,4283648,4283872,4283677,0,0,1,0,fortran,4.166101942315004e-09,0.0151975683890577,0,1,0
0x415cdb,JNZ,4,0,21,2,0x415cd9,TEST,1,NonLeaf,eax(-1) eax(-1) ,rflags ,TEST,2,CALL_NEAR,5,MOV,3,PUSH,1,INVALID,0,MOV,4,CALL_NEAR,5,MOV,3,POP,1,JMP,5,0,1,0,0,0,RET,0,0,1,0,0,0,CALL,0,1,4283609,4283632,4283613,0,0,0,1,fortran,5.065169534729488e-11,0.0,0,0,0
0x415cac,JLE,5,5,6,2,0x415ca4,CMP,1,NonLeaf,rdx(ADD) rbx(-1) ,rflags ,MOV,4,CMP,4,ADD,4,MOVSXD,3,CALL_NEAR,5,MOV,4,SUB,3,SETNZ,3,MOVZX,3,NEG,2,0,1,1,0,0,NEG,0,0,1,0,0,0,MOV,0,0,4283549,4283570,4283566,0,0,1,1,fortran,6.33146191841186e-11,1.0,1,0,1
0x415c7a,JZ,5,5,20,2,0x415c76,CMP,1,NonLeaf,rdi(-1) rsi(MOV) ,rflags ,CMP,4,MOV,4,JZ,2,TEST,2,MOV,7,MOV,3,XOR,2,CALL_NEAR,5,TEST,3,JS,2,0,1,0,0,0,CALL,0,1,1,0,0,0,CALL,0,1,4283506,4283534,4283516,0,1,1,1,fortran,6.33146191841186e-11,1.0,1,0,1
0x415c70,JZ,9,4,77,2,0x415c6e,TEST,1,NonLeaf,eax(MOV) eax(MOV) ,rflags ,TEST,2,MOV,7,MOV,3,MOV,3,PUSH,1,MOV,4,CMP,4,JZ,2,MOV,3,XOR,2,0,1,0,0,0,RET,0,0,1,0,0,0,JE,0,0,4283488,4283581,4283506,0,0,0,0,fortran,1.1396631453141347e-10,0.4444444444444444,0,0,0
0x415c17,JS,4,0,25,2,0x415c14,TEST,1,NonLeaf,rsi(-1) rsi(-1) ,rflags ,TEST,3,ADD,4,NOP,10,RET_NEAR,1,MOV,7,MOV,4,MOV,3,RET_NEAR,1,NOP,7,ADD,4,0,1,0,0,0,CALL,0,1,1,0,0,0,RET,0,0,4283412,4283440,4283417,0,0,1,1,fortran,5.065169534729488e-11,0.0,0,0,0
0x415bf3,JZ,4,4,53,2,0x415bf0,CMP,1,NonLeaf,edx(-1) ,rflags ,CMP,3,INVALID,0,INVALID,0,INVALID,0,INVALID,0,CMP,3,JZ,2,TEST,2,JZ,2,MOV,7,0,1,0,0,0,JMP,0,0,1,0,0,0,JE,0,0,4283376,4283432,4283381,0,0,0,0,fortran,5.065169534729488e-11,1.0,1,0,1
0x415b1e,JNLE,1,1,-81,2,0x415b18,CMP,1,NonLeaf,rax(MOV) rcx(-1) ,rflags ,MOV,3,CMP,3,MOV,4,LEA,4,NOP,6,SUB,3,MOV,3,MOV,3,MOV,3,ADD,4,0,0,0,0,0,CALL,0,1,0,0,0,0,CALL,0,1,4283152,4283085,4283168,1,1,1,1,fortran,1.266292383682372e-11,1.0,1,0,1
0x415aff,JNZ,2,0,-161,6,0x415afb,CMP,1,NonLeaf,rbx(-1) r12(LEA) ,rflags ,CMP,4,LEA,5,MOV,4,CALL_NEAR,5,SUB,3,JMP,5,NOP,6,LEA,4,MOV,4,CMP,3,0,0,0,0,0,CALL,0,1,1,0,0,0,JMP,0,0,4283122,4282974,4283141,0,0,1,0,fortran,2.532584767364744e-11,0.0,0,0,0
0x415acb,JL,1,0,-123,2,0x415ac8,CMP,1,NonLeaf,rsi(-1) rcx(-1) ,rflags ,CMP,3,JL,2,CMP,3,XOR,3,NOP,8,LEA,4,MOV,3,SUB,3,SUB,3,MOV,3,0,0,0,0,0,JE,0,0,0,0,0,0,CALL,0,1,4283080,4282960,4283085,0,1,0,1,fortran,1.266292383682372e-11,0.0,0,1,0
0x415ac6,JL,1,0,-118,2,0x415ac3,CMP,1,NonLeaf,rcx(-1) rax(-1) ,rflags ,CMP,3,XOR,3,NOP,8,RET_NEAR,1,POP,2,CMP,3,JL,2,LEA,4,MOV,3,SUB,3,0,0,0,0,0,JE,0,0,1,0,0,0,JL,0,0,4283072,4282960,4283080,0,0,0,0,fortran,1.266292383682372e-11,0.0,0,0,0
0x415a83,JLE,2,2,189,6,0x415a74,CMP,1,NonLeaf,rbp(-1) ,rflags ,MOV,4,MOV,4,CMP,7,JS,6,TEST,3,MOV,3,MOV,3,MOV,3,CALL_NEAR,5,ADD,4,0,1,0,0,0,CALL,0,1,1,0,0,0,CALL,0,1,4282996,4283200,4283017,0,0,1,1,fortran,2.532584767364744e-11,1.0,1,0,1
0x415a4a,JNL,1,1,214,6,0x415a47,CMP,1,NonLeaf,rcx(-1) rax(-1) ,rflags ,CMP,3,XOR,3,JNLE,2,CMP,3,ADD,3,SUB,3,LEA,5,CMP,4,JZ,2,MOV,3,0,0,0,0,0,CALL,0,1,0,0,0,0,JE,0,0,4282948,4283168,4282960,1,0,1,0,fortran,1.266292383682372e-11,1.0,1,1,1
0x415a42,JNLE,2,1,126,2,0x415a3f,CMP,1,NonLeaf,rdi(LEA) rsi(ADD) ,rflags ,CMP,3,ADD,3,LEA,5,MOVSXD,3,MOV,4,XOR,3,CMP,3,JNL,6,SUB,3,LEA,5,0,1,0,0,0,JL,0,0,1,0,0,0,JGE,0,0,4282928,4283072,4282948,0,0,0,0,fortran,2.532584767364744e-11,0.5,0,0,0
0x415a2a,JZ,3,1,230,6,0x415a28,TEST,1,NonLeaf,edx(MOV) edx(MOV) ,rflags ,TEST,2,MOV,4,MOV,3,MOV,3,PUSH,1,MOV,4,MOVSXD,3,LEA,5,ADD,3,CMP,3,0,1,0,0,0,JG,0,0,1,0,0,0,JG,0,0,4282896,4283152,4282928,0,0,1,0,fortran,3.798877151047116e-11,0.3333333333333333,0,0,0
0x4159b9,JNLE,5,0,-32,2,0x4159b6,TEST,1,NonLeaf,rbp(SUB) rbp(SUB) ,rflags ,TEST,3,SUB,3,ADD,3,JS,2,MOV,3,POP,1,MOV,3,SUB,3,POP,1,POP,2,0,0,0,1,1,CALL,0,1,1,0,0,0,RET,1,0,4282806,4282777,4282811,0,1,1,0,fortran,6.33146191841186e-11,0.0,0,0,0
0x4159ae,JS,5,0,34,2,0x4159a8,TEST,1,NonLeaf,rax(-1) rax(-1) ,rflags ,MOV,3,TEST,3,CALL_NEAR,5,MOV,3,MOV,3,ADD,3,SUB,3,TEST,3,JNLE,2,POP,1,0,1,0,0,0,CALL,0,1,1,0,0,0,SUB,0,0,4282792,4282832,4282800,0,0,1,0,fortran,6.33146191841186e-11,0.0,0,0,0
0x41598e,JLE,5,0,88,2,0x415982,TEST,1,NonLeaf,rdx(-1) rdx(-1) ,rflags ,PUSH,1,PUSH,1,PUSH,2,PUSH,2,MOV,3,MOV,3,MOV,3,MOV,3,MOV,4,MOV,3,0,1,0,0,0,JMP,0,0,1,0,0,0,MOV,0,0,4282752,4282854,4282768,0,0,0,0,fortran,6.33146191841186e-11,0.0,0,0,0
0x415932,JZ,4,4,8,2,0x415930,TEST,1,NonLeaf,eax(MOV) eax(MOV) ,rflags ,TEST,2,MOV,6,JNZ,2,TEST,2,MOV,6,CMP,4,JBE,2,MOV,5,MOV,7,CALL_NEAR,5,0,1,0,0,0,CALL,0,1,1,0,0,0,JBE,0,0,4282666,4282682,4282676,0,0,1,0,fortran,5.065169534729488e-11,1.0,1,0,1
0x415928,JNZ,4,0,-101,2,0x415926,TEST,1,NonLeaf,edx(MOV) edx(MOV) ,rflags ,TEST,2,MOV,6,NOP,1,JMP,2,MOV,3,MOV,6,TEST,2,JZ,2,CMP,4,JBE,2,0,0,0,0,0,MOV,0,0,1,0,0,0,JE,0,0,4282656,4282563,4282666,0,0,1,0,fortran,5.065169534729488e-11,0.0,0,0,0
0x4158e6,JNZ,5,0,107,2,0x4158da,XOR,1,NonLeaf,rcx(XOR) fs(-1) ,rcx rflags ,MOV,3,XOR,9,MOV,8,MOV,8,MOV,7,ADD,7,POP,1,POP,1,RET_NEAR,1,NOP,6,0,1,0,0,0,CALL,0,1,1,0,0,0,RET,0,0,4282578,4282705,4282600,0,0,1,0,fortran,6.33146191841186e-11,0.0,0,0,0
0x4158c1,JZ,5,4,95,2,0x4158bc,CMP,1,NonLeaf,eax(AND) ,rflags ,CMP,5,AND,5,MOV,4,MOV,4,MOV,5,MOV,7,MOV,8,MOV,8,XOR,9,MOV,3,0,1,0,0,0,JNE,0,0,0,0,0,0,MOV,0,0,4282521,4282656,4282563,0,0,0,1,fortran,6.33146191841186e-11,0.8,1,1,1
0x415897,JZ,5,0,97,2,0x415892,CMP,1,NonLeaf,eax(-1) ,rflags ,MOV,2,CMP,3,CALL_NEAR,5,MOV,3,MOV,5,MOV,4,MOV,4,MOV,5,MOV,4,MOV,5,0,1,0,0,0,CALL,0,1,1,0,0,0,JE,0,0,4282514,4282616,4282521,0,0,1,1,fortran,6.33146191841186e-11,0.0,0,0,0
0x4157b6,JBE,5,3,9,2,0x4157b3,CMP,1,NonLeaf,edi(-1) ,rflags ,CMP,3,XOR,2,JZ,2,CMP,3,MOV,3,CALL_NEAR,5,MOV,2,MOV,3,CALL_NEAR,5,ADD,4,0,0,1,0,0,CALL,0,1,1,0,0,0,CALL,0,1,4282289,4282303,4282296,0,0,1,1,fortran,6.33146191841186e-11,0.6,1,0,1
0x4157af,JZ,5,0,33,2,0x4157ac,CMP,1,NonLeaf,edi(MOV) ,rflags ,CMP,3,MOV,3,SUB,4,MOV,3,PUSH,1,XOR,2,CMP,3,JBE,2,CALL_NEAR,5,MOV,2,0,1,0,0,0,JMP,0,0,1,0,0,0,JBE,0,0,4282272,4282320,4282289,0,0,0,0,fortran,6.33146191841186e-11,0.0,0,0,0
0x415507,JNZ,9,4,-70,2,0x415504,TEST,1,Recursive,rbx(MOV) rbx(MOV) ,rflags ,TEST,3,MOV,4,NOP,1,JMP,2,MOV,3,NOP,7,XOR,2,JMP,2,INVALID,0,INVALID,0,0,0,0,1,1,JE,0,0,1,0,0,0,NOP,1,0,4281600,4281537,4281609,0,0,0,0,fortran,1.1396631453141347e-10,0.4444444444444444,0,1,0
0x4154f8,JNZ,5,5,-36,2,0x4154f4,CMP,1,Recursive,rbp(-1) rax(MOV) ,rflags ,CMP,4,MOV,4,NOP,4,RET_NEAR,1,POP,1,MOV,3,JMP,2,NOP,1,MOV,4,TEST,3,0,0,0,0,0,CALL,0,1,1,0,0,0,JMP,1,0,4281584,4281556,4281594,0,0,1,0,fortran,6.33146191841186e-11,1.0,1,1,1
0x4154e3,JZ,9,9,29,2,0x4154e0,TEST,1,Recursive,rax(-1) rax(-1) ,rflags ,TEST,3,CALL_NEAR,5,MOV,3,MOV,4,JZ,2,ADD,4,POP,1,POP,1,RET_NEAR,1,NOP,4,0,1,0,0,0,JNE,0,0,0,1,0,0,RET,1,0,4281568,4281600,4281573,0,0,0,0,fortran,1.1396631453141347e-10,1.0,1,1,1
0x4154d2,JZ,7,5,30,2,0x4154ce,CMP,1,Recursive,rbp(-1) rdx(MOV) ,rflags ,CMP,4,MOV,4,JZ,2,TEST,3,MOV,4,MOV,4,MOV,3,CALL_NEAR,5,TEST,3,JZ,2,0,1,0,0,0,JNE,0,0,0,0,0,0,CALL,0,1,4281546,4281584,4281556,0,0,0,1,fortran,8.864046685776603e-11,0.7142857142857143,1,0,1
0x4154c8,JZ,9,2,12,2,0x4154c5,TEST,1,Recursive,rax(MOV) rax(MOV) ,rflags ,TEST,3,MOV,4,JZ,2,TEST,3,SUB,4,MOV,4,CMP,4,JZ,2,MOV,4,MOV,3,1,1,0,0,0,CALL,0,1,1,0,0,0,JE,0,0,4281537,4281556,4281546,0,0,1,0,fortran,1.1396631453141347e-10,0.2222222222222222,0,0,0
0x4154bf,JZ,11,6,81,2,0x4154bc,TEST,1,Recursive,rdi(-1) rdi(-1) ,rflags ,TEST,3,SUB,4,MOV,3,PUSH,1,MOV,3,MOV,4,TEST,3,JZ,2,MOV,4,CMP,4,0,1,0,0,0,JMP,0,0,1,0,1,0,JE,0,0,4281520,4281616,4281537,0,0,0,0,fortran,1.392921622050609e-10,0.5454545454545454,1,0,1
0x4153a9,JZ,1,1,13,2,0x4153a6,TEST,1,NonLeaf,rbx(-1) rbx(-1) ,rflags ,TEST,3,JNZ,2,TEST,3,MOV,7,CALL_NEAR,5,POP,1,MOV,5,JMP,5,POP,1,RET_NEAR,1,0,1,0,0,0,RET,0,0,1,0,0,0,JMP,0,0,4281254,4281270,4281259,0,0,0,0,fortran,1.266292383682372e-11,1.0,1,0,1
0x4153a4,JNZ,4,3,-20,2,0x4153a1,TEST,1,NonLeaf,rdi(MOV) rdi(MOV) ,rflags ,TEST,3,MOV,7,CALL_NEAR,5,MOV,5,NOP,9,TEST,3,JZ,2,POP,1,MOV,5,JMP,5,1,1,0,0,0,CALL,0,1,1,1,0,0,JE,1,0,4281242,4281232,4281254,0,0,1,0,fortran,5.065169534729488e-11,0.75,1,0,1
0x415379,JZ,1,1,33,2,0x415376,TEST,1,NonLeaf,rbx(MOV) rbx(MOV) ,rflags ,TEST,3,MOV,5,PUSH,1,INVALID,0,INVALID,0,MOV,5,CALL_NEAR,5,JMP,2,NOP,9,MOV,5,0,1,1,1,0,JNE,0,0,1,0,0,0,CALL,0,1,4281200,4281242,4281211,0,0,0,1,fortran,1.266292383682372e-11,1.0,1,1,1
0x41533f,JZ,5,5,7,2,0x41533c,TEST,1,NonLeaf,rax(MOV) rax(MOV) ,rflags ,TEST,3,LEA,7,MOV,5,NOP,6,JMP,5,CALL_NEAR,5,MOV,3,CALL_NEAR,5,NOP,2,JMP,2,0,1,1,0,0,CALL,0,1,1,0,0,0,CALL,0,1,4281136,4281158,4281153,0,0,1,1,fortran,6.33146191841186e-11,1.0,1,0,1
0x4152f4,JZ,2,2,12,2,0x4152f1,TEST,1,NonLeaf,rax(MOV) rax(MOV) ,rflags ,TEST,3,MOV,5,JNZ,2,TEST,2,JZ,2,MOV,5,CALL_NEAR,5,POP,1,POP,1,MOV,3,0,0,1,0,0,RET,0,0,1,0,0,0,CALL,0,1,4281068,4281088,4281078,0,0,0,1,fortran,2.532584767364744e-11,1.0,1,0,1
0x4152ea,JNZ,5,3,22,2,0x4152e8,TEST,1,NonLeaf,ebp(-1) ebp(-1) ,rflags ,TEST,2,JZ,2,TEST,2,MOV,6,CALL_NEAR,5,MOV,5,TEST,3,JZ,2,MOV,5,CALL_NEAR,5,0,1,1,0,0,RET,0,0,1,0,0,0,JE,0,0,4281064,4281088,4281068,0,0,0,0,fortran,6.33146191841186e-11,0.6,1,0,1
0x4152e6,JZ,5,5,74,2,0x4152e4,TEST,1,NonLeaf,eax(MOV) eax(MOV) ,rflags ,TEST,2,MOV,6,CALL_NEAR,5,JZ,2,TEST,3,TEST,2,JNZ,2,MOV,5,TEST,3,JZ,2,0,1,0,0,0,JE,0,0,1,1,0,0,JNE,0,0,4281054,4281136,4281064,0,0,0,0,fortran,6.33146191841186e-11,1.0,1,0,1
0x4152d7,JZ,2,2,7,2,0x4152d4,TEST,1,NonLeaf,rax(MOV) rax(MOV) ,rflags ,TEST,3,LEA,7,MOV,5,JNZ,2,TEST,2,CALL_NEAR,5,MOV,6,TEST,2,JZ,2,TEST,2,0,0,1,0,0,JE,0,0,1,0,0,0,CALL,0,1,4281032,4281054,4281049,0,0,0,1,fortran,2.532584767364744e-11,1.0,1,1,1
0x4152c6,JNZ,5,3,24,2,0x4152c4,TEST,1,NonLeaf,ebp(-1) ebp(-1) ,rflags ,TEST,2,CALL_NEAR,5,MOV,3,CALL_NEAR,5,MOV,10,MOV,5,LEA,7,TEST,3,JZ,2,CALL_NEAR,5,0,1,1,0,0,JE,0,0,1,0,0,0,JE,0,0,4281028,4281054,4281032,0,0,0,0,fortran,6.33146191841186e-11,0.6,1,0,1
0x41527b,JNZ,15,10,-20,2,0x415274,CMP,1,NonLeaf,rdx(ADD) ,rflags ,CMP,7,ADD,4,JZ,6,CMP,3,MOV,5,MOV,7,MOV,3,CALL_NEAR,5,MOV,7,MOV,7,0,0,0,1,1,JE,0,0,1,1,0,0,CALL,1,1,4280944,4280935,4280957,0,0,0,1,fortran,1.899438575523558e-10,0.6666666666666666,1,1,1
0x41526a,JZ,15,3,166,6,0x415267,CMP,1,NonLeaf,rdx(-1) rbx(-1) ,rflags ,CMP,3,MOV,5,CALL_NEAR,5,MOV,5,JZ,2,ADD,4,CMP,7,JNZ,2,MOV,7,MOV,3,1,1,0,0,0,JMP,0,0,1,1,0,0,JNE,0,0,4280935,4281104,4280944,0,1,1,0,fortran,1.899438575523558e-10,0.2,0,0,0
0x415256,JZ,2,2,12,2,0x415253,TEST,1,NonLeaf,rax(MOV) rax(MOV) ,rflags ,TEST,3,MOV,5,JNZ,2,MOV,10,TEST,2,MOV,5,CALL_NEAR,5,MOV,5,CMP,3,JZ,6,0,0,1,0,0,MOV,0,0,1,0,0,0,CALL,0,1,4280910,4280930,4280920,0,0,0,1,fortran,2.532584767364744e-11,1.0,1,1,1
0x41524c,JNZ,5,3,22,2,0x415240,TEST,1,NonLeaf,ebp(-1) ebp(-1) ,rflags ,MOV,10,TEST,2,SETZ,4,CMP,3,CALL_NEAR,3,MOV,5,TEST,3,JZ,2,MOV,5,CALL_NEAR,5,0,1,1,0,0,MOV,0,0,1,0,0,0,JE,0,0,4280896,4280930,4280910,0,0,0,0,fortran,6.33146191841186e-11,0.6,1,0,1
0x41522e,JZ,5,0,18,2,0x41522b,TEST,1,NonLeaf,rdi(MOV) rdi(MOV) ,rflags ,TEST,3,XOR,3,MOV,4,JNZ,6,TEST,2,MOV,3,XOR,3,CALL_NEAR,3,CMP,3,SETZ,4,0,1,1,0,0,JNE,0,0,1,0,0,0,CALL,0,1,4280868,4280896,4280880,0,0,1,1,fortran,6.33146191841186e-11,0.0,0,1,0
0x41521e,JNZ,5,0,258,6,0x41521c,TEST,1,NonLeaf,edx(MOV) edx(MOV) ,rflags ,TEST,2,MOV,3,MOV,3,PUSH,1,MOV,2,MOV,4,XOR,3,TEST,3,JZ,2,MOV,3,0,1,0,0,0,CALL,0,1,1,1,0,0,JE,0,0,4280848,4281120,4280868,0,0,1,0,fortran,6.33146191841186e-11,0.0,0,0,0
0x4150f8,JNZ,2,0,40,2,0x4150f6,TEST,1,NonLeaf,eax(-1) eax(-1) ,rflags ,TEST,2,CALL_NEAR,3,MOV,3,MOV,3,MOV,4,MOV,7,MOV,7,ADD,4,POP,1,POP,1,0,1,0,0,0,CALL,0,1,1,0,0,0,RET,0,0,4280566,4280608,4280570,0,0,1,1,fortran,2.532584767364744e-11,0.0,0,0,0
0x4150dd,JNZ,2,2,59,2,0x4150db,TEST,1,NonLeaf,esi(MOV) esi(MOV) ,rflags ,TEST,2,MOV,3,JNZ,2,TEST,2,MOV,3,CALL_NEAR,5,CDQE,2,ADD,3,MOV,4,MOV,3,0,1,0,0,0,CALL,0,1,1,0,0,0,CALL,0,1,4280536,4280600,4280543,0,0,1,1,fortran,2.532584767364744e-11,1.0,1,0,1
0x4150d6,JNZ,2,0,19,2,0x4150d4,TEST,1,NonLeaf,eax(MOV) eax(MOV) ,rflags ,TEST,2,MOV,3,SUB,4,MOV,3,PUSH,1,MOV,3,TEST,2,JNZ,2,CALL_NEAR,5,CDQE,2,0,1,1,0,0,CALL,0,1,1,0,0,0,JNE,0,0,4280512,4280553,4280536,0,0,1,0,fortran,2.532584767364744e-11,0.0,0,0,0
0x4150af,JZ,344,344,7,2,0x4150ac,TEST,1,Leaf,rax(MOV) rax(MOV) ,rflags ,TEST,3,ADD,7,MOV,5,INVALID,0,INVALID,0,JMP,5,RET_NEAR,1,INVALID,0,INVALID,0,INVALID,0,0,1,0,0,0,RET,0,0,1,0,0,0,JMP,0,0,4280480,4280502,4280497,0,0,0,0,fortran,4.356045799867361e-09,1.0,1,1,1
0x41508f,JNZ,63,62,-15,2,0x41508c,CMP,1,NonLeaf,ecx(ADD) ,rflags ,CMP,3,ADD,3,ADD,3,SHL,3,MOV,3,MOV,7,POP,1,RET_NEAR,1,INVALID,0,INVALID,0,1,1,1,1,1,JNE,0,0,1,1,0,0,RET,1,0,4280448,4280448,4280465,1,0,0,1,fortran,7.977642017198942e-10,0.984126984126984,1,1,1
0x415070,JZ,1,1,7,2,0x41506d,TEST,1,NonLeaf,rax(MOV) rax(MOV) ,rflags ,TEST,3,LEA,7,MOV,5,CALL_NEAR,5,MOV,5,CALL_NEAR,5,XOR,2,XOR,2,MOV,5,MOV,3,0,0,1,0,0,MOV,0,0,1,0,0,0,CALL,0,1,4280417,4280439,4280434,0,0,0,1,fortran,1.266292383682372e-11,1.0,1,0,1
0x414fa8,JS,1,0,207,6,0x414fa6,TEST,1,NonLeaf,edi(MOV) edi(MOV) ,rflags ,TEST,2,MOV,6,CALL_NEAR,5,JZ,2,TEST,3,CALL_NEAR,5,MOV,3,CALL_NEAR,5,MOV,4,MOVSXD,7,0,1,1,0,0,MOV,0,0,1,0,0,0,CALL,0,1,4280224,4280439,4280238,0,0,0,1,fortran,1.266292383682372e-11,0.0,0,0,0
0x414f99,JZ,1,1,7,2,0x414f96,TEST,1,NonLeaf,rax(MOV) rax(MOV) ,rflags ,TEST,3,LEA,7,MOV,5,CALL_NEAR,5,MOV,3,CALL_NEAR,5,MOV,6,TEST,2,JS,6,CALL_NEAR,5,0,0,1,0,0,JS,0,0,1,0,0,0,CALL,0,1,4280202,4280224,4280219,0,0,0,1,fortran,1.266292383682372e-11,1.0,1,0,1
0x414ed4,JS,1,0,204,6,0x414ed2,TEST,1,NonLeaf,edi(MOV) edi(MOV) ,rflags ,TEST,2,MOV,6,CALL_NEAR,5,JZ,2,TEST,3,CALL_NEAR,5,MOV,3,CALL_NEAR,5,MOV,4,MOVSXD,7,0,1,1,0,0,JS,0,0,1,0,0,0,CALL,0,1,4280012,4280224,4280026,0,0,0,1,fortran,1.266292383682372e-11,0.0,0,0,0
0x414ec5,JZ,1,1,7,2,0x414ec2,TEST,1,NonLeaf,rax(MOV) rax(MOV) ,rflags ,TEST,3,LEA,7,MOV,5,CALL_NEAR,5,MOV,3,CALL_NEAR,5,MOV,6,TEST,2,JS,6,CALL_NEAR,5,0,0,1,0,0,JS,0,0,1,0,0,0,CALL,0,1,4279990,4280012,4280007,0,0,0,1,fortran,1.266292383682372e-11,1.0,1,0,1
0x414df9,JS,1,0,211,6,0x414df7,TEST,1,NonLeaf,edi(MOV) edi(MOV) ,rflags ,TEST,2,PUSH,1,MOV,6,INVALID,0,INVALID,0,CALL_NEAR,5,MOV,3,CALL_NEAR,5,MOV,4,MOVSXD,7,0,1,1,0,0,JS,0,0,1,0,0,0,CALL,0,1,4279792,4280012,4279807,0,0,0,1,fortran,1.266292383682372e-11,0.0,0,0,0
0x414dc6,JNZ,342,0,26,2,0x414dc0,TEST,1,Leaf,rdi(-1) ,rflags ,TEST,6,INVALID,0,INVALID,0,INVALID,0,INVALID,0,AND,7,MOV,8,MOV,3,JMP,5,NOP,1,0,1,0,0,0,JMP,0,0,1,0,0,0,JMP,0,0,4279744,4279776,4279752,0,1,0,1,fortran,4.330719952193712e-09,0.0,0,0,0
0x414d4b,JZ,342,342,93,2,0x414d41,TEST,1,NonLeaf,rdi(-1) ,rflags ,MOV,3,TEST,7,PUSH,1,INVALID,0,INVALID,0,CMP,4,JNZ,2,MOV,7,TEST,3,JZ,2,0,1,0,0,0,RET,0,0,1,0,0,0,JNE,0,0,4279616,4279720,4279629,0,0,0,0,fortran,4.330719952193712e-09,1.0,1,0,1
0x414993,JZ,2,2,-15,2,0x414990,TEST,1,NonLeaf,r13(-1) r13(-1) ,rflags ,TEST,3,RET_NEAR,1,POP,2,POP,2,POP,2,MOV,5,CALL_NEAR,5,MOV,3,POP,1,POP,1,0,0,0,0,0,RET,0,0,0,0,0,0,CALL,0,1,4278672,4278660,4278677,0,0,0,1,fortran,2.532584767364744e-11,1.0,1,0,1
0x41495e,JZ,344,344,38,2,0x414954,TEST,1,NonLeaf,r13(-1) r13(-1) ,rflags ,LEA,7,TEST,3,JZ,6,TEST,3,JNZ,2,CALL_NEAR,5,TEST,2,JZ,2,ADD_LOCK,8,MOV,5,0,0,0,0,0,RET,1,0,1,0,0,0,CALL,0,1,4278612,4278660,4278624,0,0,0,1,fortran,4.356045799867361e-09,1.0,1,0,1
0x41494e,JZ,3,0,-191,6,0x41494b,TEST,1,NonLeaf,rbx(-1) rbx(-1) ,rflags ,TEST,3,JNZ,2,TEST,2,MOV,7,MOV,7,TEST,3,LEA,7,JZ,2,CALL_NEAR,5,TEST,2,0,0,0,0,0,JE,0,0,0,0,0,0,JE,0,0,4278603,4278415,4278612,0,0,0,0,fortran,3.798877151047116e-11,0.0,0,0,0
0x414949,JNZ,5,2,71,2,0x414947,TEST,1,NonLeaf,edx(-1) edx(-1) ,rflags ,TEST,2,MOV,7,MOV,7,MOV,7,MOV,7,TEST,3,JZ,6,TEST,3,LEA,7,JZ,2,0,1,0,0,0,JE,1,0,1,0,0,0,JE,0,0,4278599,4278672,4278603,0,0,0,0,fortran,6.33146191841186e-11,0.4,0,0,0
0x414922,JZ,5,0,37,2,0x41491f,TEST,1,NonLeaf,rbx(MOV) rbx(MOV) ,rflags ,TEST,3,MOV,3,MOV,5,CALL_NEAR,5,MOV,2,MOV,7,MOV,7,MOV,7,MOV,7,MOV,7,0,1,1,0,0,JNE,0,0,1,0,0,0,MOV,0,0,4278559,4278599,4278564,0,0,0,1,fortran,6.33146191841186e-11,0.0,0,0,0
0x414889,JNZ,2,2,135,6,0x414886,TEST,1,NonLeaf,r14d(-1) r14d(-1) ,rflags ,TEST,3,XOR,2,JNZ,2,TEST,3,MOV,4,TEST,3,JZ,6,MOV,5,CALL_NEAR,5,TEST,3,0,1,0,0,0,CALL,0,1,0,0,0,0,JE,0,0,4278404,4278544,4278415,0,0,1,0,fortran,2.532584767364744e-11,1.0,1,0,1
0x414882,JNZ,8,6,-17,2,0x41487f,TEST,1,NonLeaf,rbx(MOV) rbx(MOV) ,rflags ,TEST,3,MOV,4,JLE,6,JL,2,CMP,2,XOR,2,TEST,3,JNZ,6,TEST,3,JZ,6,0,0,0,1,1,JL,0,0,0,0,0,0,JNE,1,0,4278395,4278385,4278404,0,0,0,0,fortran,1.0130339069458976e-10,0.75,1,1,1
0x414875,JLE,11,3,359,6,0x414871,CMP,0,NonLeaf,ebp(-1) rbx(-1) ,rflags ,JL,2,CMP,2,JZ,2,TEST,3,MOV,4,MOV,4,TEST,3,JNZ,2,XOR,2,TEST,3,0,1,0,0,0,JMP,1,0,1,0,0,0,JNE,0,0,4278389,4278748,4278395,0,1,0,0,fortran,1.392921622050609e-10,0.2727272727272727,0,0,0
0x414873,JL,13,2,-11,2,0x414871,CMP,1,NonLeaf,ebp(-1) rbx(-1) ,rflags ,CMP,2,JZ,2,TEST,3,MOV,4,NOP,6,JLE,6,MOV,4,TEST,3,JNZ,2,XOR,2,1,1,0,0,0,MOV,1,0,1,0,0,0,JLE,0,0,4278385,4278376,4278389,1,0,0,0,fortran,1.6461800987870836e-10,0.1538461538461538,0,0,0
0x41486f,JZ,7,0,21,2,0x41486c,TEST,1,NonLeaf,rbx(MOV) rbx(MOV) ,rflags ,TEST,3,MOV,4,NOP,6,JMP,2,MOV,7,CMP,2,JL,2,JLE,6,MOV,4,TEST,3,1,1,0,0,0,JNE,1,0,1,0,1,0,JL,0,0,4278380,4278404,4278385,0,0,0,0,fortran,8.864046685776603e-11,0.0,0,0,0
0x414857,JNZ,447,442,-26,2,0x414851,CMP,1,NonLeaf,rax(ADD) ,rflags ,CMP,6,ADD,4,JZ,6,CMP,2,JZ,2,MOV,7,JMP,2,NOP,6,MOV,4,TEST,3,0,0,0,1,1,JE,0,0,1,0,0,0,JMP,1,0,4278349,4278333,4278361,0,0,0,0,fortran,5.660326955060203e-09,0.988814317673378,1,1,1
0x414847,JZ,761,341,269,6,0x414845,CMP,1,NonLeaf,rbx(-1) ebp(-1) ,rflags ,CMP,2,JZ,2,TEST,3,MOV,3,MOV,5,ADD,4,CMP,6,JNZ,2,MOV,7,JMP,2,0,0,0,0,0,JE,1,0,0,0,0,0,JNE,0,0,4278341,4278612,4278349,0,0,0,0,fortran,9.63648503982285e-09,0.4480946123521682,0,0,0
0x414843,JZ,788,27,10,2,0x414840,TEST,1,NonLeaf,rbx(MOV) rbx(MOV) ,rflags ,TEST,3,MOV,3,MOV,5,NOP,6,CALL_NEAR,5,CMP,2,JZ,6,ADD,4,CMP,6,JNZ,2,1,1,0,0,0,JNE,0,0,1,0,0,0,JE,0,0,4278333,4278349,4278341,0,0,0,0,fortran,9.978383983417092e-09,0.0342639593908629,0,0,0
0x414826,JZ,346,346,18,2,0x41481d,TEST,1,NonLeaf,r13(MOV) r13(MOV) ,rflags ,PUSH,1,MOV,2,PUSH,1,PUSH,2,TEST,3,MOV,5,CALL_NEAR,5,NOP,6,MOV,5,MOV,3,0,1,1,1,0,MOV,0,0,1,0,0,0,CALL,0,1,4278288,4278328,4278312,0,0,0,1,fortran,4.381371647541007e-09,1.0,1,1,1
0x414801,JNZ,5,0,9,2,0x4147ee,XOR,1,NonLeaf,rsi(XOR) fs(-1) ,rsi rflags ,MOV,3,MOV,7,XOR,9,MOV,5,CALL_NEAR,5,ADD,4,POP,1,POP,1,RET_NEAR,1,CALL_NEAR,5,0,1,0,0,0,CALL,0,1,1,0,0,0,RET,0,0,4278249,4278282,4278275,0,0,1,0,fortran,6.33146191841186e-11,0.0,0,0,0
0x41479e,JZ,5,5,7,2,0x41476f,TEST,1,NonLeaf,rax(MOV) rax(MOV) ,rflags ,MOV,9,MOV,9,MOV,9,MOV,9,MOV,8,CALL_NEAR,5,MOV,6,MOV,5,MOV,7,MOV,3,0,1,1,0,0,CALL,0,1,1,0,0,0,CALL,0,1,4278055,4278181,4278176,0,0,1,1,fortran,6.33146191841186e-11,1.0,1,0,1
0x4146c3,JNL,2,0,-30,2,0x4146bc,CMP,1,Recursive,rbx(-1) edx(MOV) ,rflags ,MOV,4,CMP,3,MOV,3,CALL_NEAR,5,MOV,4,MOV,4,MOV,4,MOV,4,MOV,3,JMP,2,0,0,1,0,0,RET,0,0,1,0,0,0,JMP,0,0,4277945,4277925,4277957,1,1,0,1,fortran,2.532584767364744e-11,0.0,0,0,0
0x414694,JNL,6,2,17,2,0x41468d,CMP,1,Recursive,rbx(-1) ecx(MOV) ,rflags ,MOV,4,CMP,3,MOV,3,CALL_NEAR,5,MOV,4,MOV,4,MOV,4,MOV,4,MOV,3,MOV,3,0,0,1,0,0,RET,0,0,1,0,0,0,MOV,0,0,4277898,4277925,4277910,1,1,0,1,fortran,7.597754302094232e-11,0.3333333333333333,0,0,0
0x41467f,JNL,6,0,102,2,0x41467b,CMP,0,Recursive,rsi(-1) eax(-1) ,rflags ,JNLE,2,CMP,2,MOV,2,JZ,2,MOV,3,MOV,4,CALL_NEAR,5,MOV,3,CMP,3,MOV,4,0,1,0,0,0,CALL,0,1,1,0,0,0,CALL,0,1,4277887,4277989,4277889,0,1,1,1,fortran,7.597754302094232e-11,0.0,0,0,0
0x41467d,JNLE,8,2,51,2,0x41467b,CMP,1,Recursive,rsi(-1) eax(MOV) ,rflags ,CMP,2,MOV,2,JZ,2,MOV,3,PUSH,1,JNL,2,MOV,4,CALL_NEAR,5,MOV,3,CMP,3,0,1,0,0,0,CALL,0,1,1,0,0,0,JGE,0,0,4277881,4277936,4277887,1,0,1,0,fortran,1.0130339069458976e-10,0.25,0,0,0
0x414677,JZ,13,5,105,2,0x414670,TEST,1,Recursive,rsi(-1) rsi(-1) ,rflags ,MOV,3,PUSH,1,TEST,3,INVALID,0,INVALID,0,MOV,2,CMP,2,JNLE,2,JNL,2,MOV,4,0,1,0,0,0,RET,0,0,1,0,0,0,JG,0,0,4277872,4277984,4277881,0,0,0,0,fortran,1.6461800987870836e-10,0.3846153846153846,0,0,0
0x41461f,JNL,7,5,49,2,0x41461b,CMP,0,Recursive,rsi(-1) eax(-1) ,rflags ,JNLE,2,CMP,2,MOV,2,JZ,2,MOV,3,MOV,4,CALL_NEAR,5,MOV,4,MOV,3,POP,1,0,1,0,0,0,JMP,0,0,1,0,0,0,CALL,0,1,4277791,4277840,4277793,0,1,0,1,fortran,8.864046685776603e-11,0.7142857142857143,1,0,1
0x41461d,JNLE,8,1,27,2,0x41461b,CMP,1,Recursive,rsi(-1) eax(MOV) ,rflags ,CMP,2,MOV,2,JZ,2,MOV,3,PUSH,1,JNL,2,MOV,4,CALL_NEAR,5,MOV,4,MOV,3,0,1,0,0,0,CALL,0,1,1,0,0,0,JGE,0,0,4277785,4277816,4277791,1,0,1,0,fortran,1.0130339069458976e-10,0.125,0,0,0
0x414617,JZ,8,0,73,2,0x414610,TEST,1,Recursive,rsi(-1) rsi(-1) ,rflags ,MOV,3,PUSH,1,TEST,3,INVALID,0,INVALID,0,MOV,2,CMP,2,JNLE,2,JNL,2,MOV,4,0,1,0,0,0,RET,0,0,1,0,0,0,JG,0,0,4277776,4277856,4277785,0,0,0,0,fortran,1.0130339069458976e-10,0.0,0,0,0
0x4145a6,JZ,2,2,90,2,0x4145a3,TEST,1,Recursive,rbp(MOV) rbp(MOV) ,rflags ,TEST,3,MOV,4,JZ,2,TEST,3,MOV,4,MOV,3,CMP,3,JNLE,2,MOV,4,MOV,4,0,1,0,0,0,JMP,0,0,1,0,0,0,JG,0,0,4277663,4277760,4277672,0,0,0,0,fortran,2.532584767364744e-11,1.0,1,0,1
0x41459d,JZ,5,3,83,2,0x41459a,TEST,1,Recursive,rbx(MOV) rbx(MOV) ,rflags ,TEST,3,MOV,4,SUB,4,PUSH,1,PUSH,1,MOV,4,TEST,3,JZ,2,MOV,3,CMP,3,0,1,0,0,0,RET,0,0,1,0,0,0,JE,0,0,4277648,4277744,4277663,0,0,0,0,fortran,6.33146191841186e-11,0.6,1,0,1
0x414277,JNZ,2,0,-43,2,0x414270,TEST,1,NonLeaf,rbx(-1) ,rflags ,TEST,7,NOP,3,JMP,2,CALL_NEAR,5,MOV,7,MOV,4,MOV,3,CALL_NEAR,3,MOV,7,MOV,3,0,0,1,0,0,JE,0,0,1,0,0,0,CALL,0,1,4276848,4276812,4276857,0,0,1,1,fortran,2.532584767364744e-11,0.0,0,0,0
0x41425d,JZ,2,2,-69,2,0x414253,TEST,1,NonLeaf,rbx(-1) ,rflags ,TEST,10,MOV,7,JNZ,2,CMP,3,JZ,2,MOV,7,CALL_NEAR,5,JMP,2,NOP,3,TEST,7,0,0,1,0,0,CALL,0,1,0,0,0,0,CALL,0,1,4276812,4276760,4276831,0,0,1,1,fortran,2.532584767364744e-11,1.0,1,1,1
0x41424a,JNZ,326,326,-62,2,0x414247,CMP,1,NonLeaf,edx(-1) ,rflags ,CMP,3,JZ,2,TEST,2,MOV,3,NOP,6,MOV,7,TEST,10,JZ,2,MOV,7,CALL_NEAR,5,0,0,0,0,0,JNE,0,0,0,0,0,0,JE,0,0,4276807,4276748,4276812,0,0,0,1,fortran,4.128113170804532e-09,1.0,1,1,1
0x414245,JZ,328,2,43,2,0x414243,TEST,1,NonLeaf,edx(MOV) edx(MOV) ,rflags ,TEST,2,MOV,3,NOP,6,JMP,5,POP,1,CMP,3,JNZ,2,MOV,7,TEST,10,JZ,2,0,1,0,0,0,JNE,0,0,1,0,0,0,JNE,0,0,4276800,4276848,4276807,0,0,0,0,fortran,4.15343901847818e-09,0.0060975609756097,0,0,0
0x41422a,JZ,328,0,7,2,0x414227,TEST,1,NonLeaf,rdi(MOV) rdi(MOV) ,rflags ,TEST,3,MOV,7,CALL_NEAR,5,MOV,3,JNZ,2,CALL_NEAR,5,MOV,3,POP,1,JMP,5,NOP,6,0,1,1,0,0,JMP,0,0,1,0,0,0,CALL,0,1,4276768,4276785,4276780,0,0,0,1,fortran,4.15343901847818e-09,0.0,0,0,0
0x414216,JNZ,326,0,73,2,0x41420c,TEST,1,NonLeaf,rbx(-1) ,rflags ,TEST,10,JZ,2,TEST,2,MOV,3,JZ,2,MOV,3,CALL_NEAR,5,MOV,7,TEST,3,JZ,2,0,0,0,0,0,CALL,0,1,0,1,0,0,CALL,0,1,4276748,4276831,4276760,0,0,1,1,fortran,4.128113170804532e-09,0.0,0,0,0
0x41420a,JZ,328,328,54,2,0x414208,TEST,1,NonLeaf,edx(MOV) edx(MOV) ,rflags ,TEST,2,MOV,3,JZ,2,TEST,3,MOV,7,TEST,10,JNZ,2,MOV,3,CALL_NEAR,5,MOV,7,0,1,0,0,0,JE,0,0,0,0,0,0,JNE,0,0,4276741,4276800,4276748,0,0,0,0,fortran,4.15343901847818e-09,1.0,1,1,1
0x414203,JZ,328,0,9,2,0x414200,TEST,1,NonLeaf,rax(MOV) rax(MOV) ,rflags ,TEST,3,MOV,7,CALL_NEAR,5,MOV,3,PUSH,1,MOV,3,TEST,2,JZ,2,TEST,10,JNZ,2,0,1,0,0,0,JNE,0,0,1,0,0,0,JE,0,0,4276729,4276748,4276741,0,0,0,0,fortran,4.15343901847818e-09,0.0,0,0,0
0x4141c7,JZ,14,0,7,2,0x4141c4,TEST,1,NonLeaf,rdi(MOV) rdi(MOV) ,rflags ,TEST,3,MOV,7,CALL_NEAR,5,MOV,3,JNZ,2,CALL_NEAR,5,MOV,3,POP,1,JMP,5,NOP,9,0,1,1,0,0,JMP,0,0,1,0,0,0,CALL,0,1,4276669,4276686,4276681,0,0,0,1,fortran,1.7728093371553206e-10,0.0,0,0,0
0x4141b3,JNZ,14,0,45,2,0x4141a9,TEST,1,NonLeaf,rbx(-1) ,rflags ,TEST,10,CALL_NEAR,5,MOV,3,PUSH,1,INVALID,0,MOV,3,CALL_NEAR,5,MOV,7,TEST,3,JZ,2,0,1,0,0,0,CALL,0,1,1,1,0,0,CALL,0,1,4276649,4276704,4276661,0,0,1,1,fortran,1.7728093371553206e-10,0.0,0,0,0
0x414177,JNZ,328,0,-264,6,0x414170,TEST,1,NonLeaf,rbx(-1) ,rflags ,TEST,7,NOP,2,JMP,5,AND,7,CALL_NEAR,5,MOV,5,XOR,2,CALL_NEAR,5,MOV,7,JMP,5,0,0,1,0,0,MOV,0,0,1,0,0,0,CALL,0,1,4276592,4276335,4276605,0,0,1,1,fortran,4.15343901847818e-09,0.0,0,0,0
0x4140aa,JNZ,174,160,-142,6,0x4140a8,TEST,1,NonLeaf,edx(-1) edx(-1) ,rflags ,TEST,2,NOP,3,JMP,5,MOV,5,POP,1,ADD,4,MOV,3,POP,1,POP,1,JMP,5,0,0,0,0,0,JE,0,0,1,0,0,0,JMP,0,0,4276392,4276252,4276400,0,0,0,0,fortran,2.2033487476073274e-09,0.9195402298850576,1,0,1
0x414069,JZ,328,328,263,6,0x414062,CMP,1,NonLeaf,rbx(-1) ,rflags ,CMP,7,JNZ,2,TEST,2,MOV,3,MOV,7,MOV,7,ADD,4,MOV,3,MOV,5,POP,1,0,1,0,0,0,JNE,0,0,0,1,0,0,MOV,0,0,4276322,4276592,4276335,0,0,0,1,fortran,4.15343901847818e-09,1.0,1,1,1
0x414060,JNZ,328,0,15,2,0x41405e,TEST,1,NonLeaf,eax(MOV) eax(MOV) ,rflags ,TEST,2,MOV,3,MOV,7,JZ,2,CMP,7,CMP,7,JZ,6,MOV,7,ADD,4,MOV,3,0,1,1,0,0,MOV,0,0,1,0,0,0,JE,0,0,4276308,4276335,4276322,0,0,1,0,fortran,4.15343901847818e-09,0.0,0,0,0
0x414052,JZ,328,0,110,2,0x41404b,CMP,1,NonLeaf,rbx(-1) ,rflags ,CMP,7,JZ,6,CMP,4,AND,4,MOVZX,7,MOV,7,MOV,3,TEST,2,JNZ,2,CMP,7,0,1,0,0,0,JMP,0,0,1,0,0,0,JNE,0,0,4276299,4276416,4276308,1,0,1,0,fortran,4.15343901847818e-09,0.0,0,0,0
0x414045,JZ,328,0,267,6,0x414041,CMP,1,NonLeaf,ax(AND) ,rflags ,CMP,4,AND,4,MOVZX,7,MOV,7,JZ,6,CMP,7,JZ,2,MOV,7,MOV,3,TEST,2,0,1,0,0,0,CALL,0,1,1,0,0,0,JE,0,0,4276271,4276560,4276299,0,0,1,0,fortran,4.15343901847818e-09,0.0,0,0,0
0x414029,JZ,328,0,215,6,0x414025,CMP,1,NonLeaf,rax(-1) ,rflags ,CMP,4,JZ,6,CMP,3,JNZ,6,MOV,6,MOV,7,MOVZX,7,AND,4,CMP,4,JZ,6,0,1,0,0,0,JNE,0,0,1,0,0,0,JE,0,0,4276261,4276480,4276271,0,1,0,1,fortran,4.15343901847818e-09,0.0,0,0,0
0x41401f,JZ,328,328,257,6,0x41401c,CMP,1,NonLeaf,edx(-1) ,rflags ,CMP,3,JNZ,6,MOV,6,AND,6,JZ,2,CMP,4,JZ,6,MOV,7,MOVZX,7,AND,4,0,1,0,0,0,JMP,0,0,1,1,0,0,JE,0,0,4276252,4276512,4276261,0,0,1,0,fortran,4.15343901847818e-09,1.0,1,0,1
0x414016,JNZ,342,174,146,6,0x41400a,AND,1,NonLeaf,ebp(AND) ,ebp rflags ,MOV,6,AND,6,JZ,2,TEST,3,MOV,8,CMP,3,JZ,6,CMP,4,JZ,6,MOV,7,0,1,0,0,0,JNE,0,0,1,0,0,0,JE,0,0,4276234,4276392,4276252,0,0,0,0,fortran,4.330719952193712e-09,0.5087719298245614,1,1,1
0x414008,JZ,342,0,-67,2,0x414005,TEST,1,NonLeaf,rax(MOV) rax(MOV) ,rflags ,TEST,3,MOV,8,MOV,7,CALL_NEAR,5,JZ,6,AND,6,MOV,6,JNZ,6,CMP,3,JZ,6,0,0,0,0,0,RET,0,0,1,0,0,0,JNE,0,0,4276214,4276165,4276234,0,0,0,0,fortran,4.330719952193712e-09,0.0,0,0,0
0x413fd8,JZ,342,342,30,2,0x413fd0,CMP,1,NonLeaf,rbx(-1) ,rflags ,CMP,8,NOP,4,RET_NEAR,1,POP,1,POP,1,TEST,6,JZ,2,TEST,6,MOV,3,JZ,6,0,1,1,0,0,JE,0,0,1,0,0,0,JE,0,0,4276176,4276214,4276186,0,0,1,0,fortran,4.330719952193712e-09,1.0,1,0,1
0x413fa2,JZ,342,342,46,2,0x413f9e,TEST,1,NonLeaf,bpl(-1) ,rflags ,TEST,4,JNZ,6,TEST,7,MOV,3,MOV,4,MOV,7,TEST,3,JZ,2,MOV,3,TEST,2,0,1,0,0,0,JE,0,0,1,0,0,0,JE,0,0,4276126,4276176,4276132,0,0,0,0,fortran,4.330719952193712e-09,1.0,1,0,1
0x413f98,JNZ,342,0,248,6,0x413f91,TEST,1,NonLeaf,rbx(-1) ,rflags ,TEST,7,MOV,3,MOV,4,MOV,7,JZ,2,TEST,4,JZ,2,MOV,7,TEST,3,JZ,2,0,1,0,0,0,JMP,0,0,1,0,0,0,JE,0,0,4276113,4276368,4276126,1,0,0,0,fortran,4.330719952193712e-09,0.0,0,0,0
0x413f81,JZ,342,342,16,2,0x413f7b,TEST,1,NonLeaf,ebp(MOV) ,rflags ,TEST,6,MOV,2,SUB,4,MOV,3,PUSH,1,MOV,7,MOV,4,MOV,3,TEST,7,JNZ,6,0,1,1,0,0,JNE,0,0,1,0,0,0,MOV,0,0,4276080,4276113,4276099,0,0,0,1,fortran,4.330719952193712e-09,1.0,1,1,1
0x413df7,JNZ,3,0,134,6,0x413df5,TEST,1,NonLeaf,eax(-1) eax(-1) ,rflags ,TEST,2,CALL_NEAR,5,NOP,9,JMP,5,CALL_NEAR,5,MOV,7,MOV,4,MOV,3,CALL_NEAR,3,JMP,5,0,1,0,0,0,CALL,0,1,1,1,0,0,CALL,0,1,4275701,4275837,4275709,0,0,1,1,fortran,3.798877151047116e-11,0.0,0,0,0
0x413b97,JNZ,168,0,-1967,6,0x413b8f,CMP,1,NonLeaf,rbx(-1) ,rflags ,CMP,8,JNZ,6,AND,6,JNZ,6,TEST,2,MOV,6,XOR,3,XOR,2,XOR,2,XOR,2,0,0,1,0,0,JNE,0,0,1,0,0,0,CALL,0,1,4275087,4273128,4275101,0,0,0,1,fortran,2.127371204586385e-09,0.0,0,1,0
0x413b89,JNZ,342,174,-1953,6,0x413b83,AND,1,NonLeaf,ebp(AND) ,ebp rflags ,AND,6,JNZ,6,TEST,2,MOV,3,NOP,7,CMP,8,JNZ,6,MOV,6,XOR,3,XOR,2,0,0,1,0,0,JNE,0,0,1,0,0,0,JNE,0,0,4275075,4273128,4275087,0,0,0,0,fortran,4.330719952193712e-09,0.5087719298245614,1,1,1
0x413b7d,JNZ,342,0,-1941,6,0x413b7b,TEST,1,NonLeaf,esi(MOV) esi(MOV) ,rflags ,TEST,2,MOV,3,NOP,7,MOV,7,MOV,7,AND,6,JNZ,6,CMP,8,JNZ,6,MOV,6,0,0,1,0,0,JNE,0,0,1,0,0,0,JNE,0,0,4275064,4273128,4275075,0,0,0,0,fortran,4.330719952193712e-09,0.0,0,0,0
0x413b61,JNZ,328,0,23,2,0x413b5a,TEST,1,NonLeaf,rbx(-1) ,rflags ,TEST,7,JNZ,2,TEST,2,MOV,6,MOV,4,MOV,7,MOV,7,NOP,7,MOV,3,TEST,2,0,0,1,0,0,JNE,0,0,1,0,0,0,NOP,0,0,4275034,4275064,4275043,0,0,0,1,fortran,4.15343901847818e-09,0.0,0,0,0
0x413b58,JNZ,328,0,32,2,0x413b56,TEST,1,NonLeaf,ecx(MOV) ecx(MOV) ,rflags ,TEST,2,MOV,6,MOV,4,CMOVZ,4,MOV,5,TEST,7,JNZ,2,MOV,7,MOV,7,NOP,7,0,0,1,0,0,JNE,0,0,1,0,0,0,JNE,0,0,4275024,4275064,4275034,0,0,0,0,fortran,4.15343901847818e-09,0.0,0,0,0
0x413b34,JZ,328,0,828,6,0x413b30,CMP,1,NonLeaf,rax(-1) ,rflags ,CMP,4,NOP,9,JMP,5,CALL_NEAR,5,MOV,3,MOV,5,TEST,4,MOV,5,CMOVZ,4,MOV,4,0,1,0,0,0,JMP,0,0,1,0,0,0,MOV,0,0,4274992,4275824,4275002,0,0,1,1,fortran,4.15343901847818e-09,0.0,0,0,0
0x4139d1,JZ,14,14,423,6,0x4139cf,TEST,1,NonLeaf,edx(MOV) edx(MOV) ,rflags ,TEST,2,MOV,3,MOV,8,MOV,10,JZ,6,CMP,4,JZ,6,MOV,5,MOV,5,MOV,3,0,0,0,0,0,JNE,0,0,1,0,0,0,JE,0,0,4274636,4275064,4274647,0,0,0,0,fortran,1.7728093371553206e-10,1.0,1,0,1
0x4139b4,JZ,14,0,1163,6,0x4139b0,TEST,1,NonLeaf,bpl(-1) ,rflags ,TEST,4,JZ,6,CMP,4,JZ,6,MOV,7,MOV,10,MOV,8,MOV,3,TEST,2,JZ,6,0,1,0,0,0,JMP,0,0,1,0,0,0,MOV,0,0,4274608,4275775,4274618,0,0,1,1,fortran,1.7728093371553206e-10,0.0,0,0,0
0x4139aa,JZ,14,0,1209,6,0x4139a6,CMP,1,NonLeaf,rax(-1) ,rflags ,CMP,4,JZ,6,MOV,7,TEST,3,CALL_NEAR,5,TEST,4,JZ,6,MOV,10,MOV,8,MOV,3,0,1,0,0,0,JMP,0,0,1,0,0,0,JE,0,0,4274598,4275811,4274608,0,0,1,0,fortran,1.7728093371553206e-10,0.0,0,0,0
0x4139a0,JZ,342,328,400,6,0x413996,TEST,1,NonLeaf,r12d(-1) r12d(-1) ,rflags ,MOV,7,TEST,3,CALL_NEAR,5,MOV,6,MOV,3,CMP,4,JZ,6,TEST,4,JZ,6,MOV,10,0,1,0,0,0,JE,0,0,1,0,0,0,JE,0,0,4274582,4274992,4274598,0,0,0,0,fortran,4.330719952193712e-09,0.95906432748538,1,0,1
0x41396f,JZ,342,342,1211,6,0x413968,TEST,1,NonLeaf,rbx(-1) ,rflags ,TEST,7,JZ,6,CMP,4,MOV,7,JS,6,MOV,6,MOV,3,MOV,3,MOV,7,MOV,3,0,1,0,0,0,CALL,0,1,1,1,0,0,CALL,0,1,4274536,4275754,4274549,0,0,1,1,fortran,4.330719952193712e-09,1.0,1,0,1
0x4138ce,JZ,342,342,842,6,0x4138c8,TEST,1,NonLeaf,ebp(-1) ,rflags ,TEST,6,NOP,4,MOV,7,MOV,7,MOV,7,MOV,4,TEST,3,JLE,6,MOV,7,CMP,7,0,1,0,0,0,JMP,0,0,1,0,0,0,JLE,0,0,4274376,4275224,4274388,0,0,0,0,fortran,4.330719952193712e-09,1.0,1,1,1
0x413822,JZ,342,342,166,6,0x41381c,TEST,1,NonLeaf,ebp(-1) ,rflags ,TEST,6,JZ,6,TEST,7,JZ,2,CMP,6,MOV,7,CMP,4,JNZ,6,MOV,7,TEST,3,0,1,0,0,0,JE,0,0,1,0,0,0,JNE,0,0,4274204,4274376,4274216,0,0,0,0,fortran,4.330719952193712e-09,1.0,1,1,1
0x413816,JZ,3,3,1498,6,0x41380f,TEST,1,NonLeaf,rbx(-1) ,rflags ,TEST,7,JZ,2,CMP,6,MOV,3,JZ,6,TEST,6,JZ,6,MOV,7,CMP,4,JNZ,6,0,1,0,0,0,CALL,0,1,0,1,0,0,JE,0,0,4274191,4275696,4274204,0,0,1,0,fortran,3.798877151047116e-11,1.0,1,0,1
0x41380d,JZ,342,339,15,2,0x413807,CMP,1,NonLeaf,rbx(-1) eax(MOV) ,rflags ,CMP,6,MOV,3,JZ,6,CMP,4,MOV,7,TEST,7,JZ,6,TEST,6,JZ,6,MOV,7,0,1,1,0,0,JE,0,0,1,0,0,0,JE,0,0,4274180,4274204,4274191,0,0,0,0,fortran,4.330719952193712e-09,0.9912280701754386,1,0,1
0x4137fe,JZ,342,342,1346,6,0x4137fa,CMP,1,NonLeaf,rdi(MOV) ,rflags ,CMP,4,MOV,7,MOV,4,JNZ,6,MOV,5,MOV,3,CMP,6,JZ,2,TEST,7,JZ,6,0,1,0,0,0,JMP,0,0,1,1,0,0,JE,0,0,4274159,4275520,4274180,1,0,1,0,fortran,4.330719952193712e-09,1.0,1,0,1
0x4137e9,JNZ,342,0,1167,6,0x4137de,TEST,1,NonLeaf,ebp(-1) ,rflags ,MOV,5,TEST,6,JZ,6,CMP,8,MOV,7,MOV,4,MOV,7,CMP,4,JZ,6,MOV,3,0,1,0,0,0,CALL,0,1,1,1,0,0,JE,0,0,4274142,4275320,4274159,0,0,1,1,fortran,4.330719952193712e-09,0.0,0,0,0
0x4137d8,JZ,342,342,1408,6,0x4137d0,CMP,1,NonLeaf,r13(MOV) ,rflags ,CMP,8,MOV,7,MOV,7,JNZ,6,MOV,5,TEST,6,MOV,5,JNZ,6,MOV,4,MOV,7,0,1,0,0,0,JMP,0,0,1,1,0,0,JNE,0,0,4274114,4275544,4274142,1,0,1,0,fortran,4.330719952193712e-09,1.0,1,1,1
0x4137bc,JNZ,342,0,1252,6,0x4137b1,TEST,1,NonLeaf,ebp(-1) ,rflags ,MOV,5,TEST,6,MOV,6,MOV,4,MOV,7,MOV,7,MOV,7,CMP,8,JZ,6,TEST,6,0,1,0,0,0,CALL,0,1,1,1,0,0,JE,0,0,4274097,4275360,4274114,0,0,1,1,fortran,4.330719952193712e-09,0.0,0,0,0
0x413790,JNZ,342,0,1336,6,0x41378a,TEST,1,NonLeaf,ebp(-1) ,rflags ,TEST,6,MOV,6,MOV,3,MOV,7,MOV,10,MOV,10,MOV,7,MOV,4,MOV,6,TEST,6,0,1,0,0,0,CALL,0,1,1,0,0,0,MOV,0,0,4274058,4275400,4274070,0,0,1,1,fortran,4.330719952193712e-09,0.0,0,0,0
0x41376a,JNZ,342,0,1438,6,0x413764,TEST,1,NonLeaf,ebp(-1) ,rflags ,TEST,6,JZ,6,CMP,7,MOV,7,MOV,7,MOV,10,MOV,7,MOV,3,MOV,6,TEST,6,0,1,0,0,0,CALL,0,1,1,0,0,0,MOV,0,0,4274020,4275464,4274032,0,0,1,1,fortran,4.330719952193712e-09,0.0,0,0,0
0x41375e,JZ,342,342,1554,6,0x413757,CMP,1,NonLeaf,rax(MOV) ,rflags ,CMP,7,MOV,7,MOV,7,JNZ,6,MOV,5,TEST,6,JNZ,6,MOV,10,MOV,7,MOV,3,0,1,0,0,0,JMP,0,0,1,1,0,0,JNE,0,0,4273993,4275568,4274020,0,0,1,0,fortran,4.330719952193712e-09,1.0,1,1,1
0x413743,JNZ,342,0,1253,6,0x413738,TEST,1,NonLeaf,ebp(-1) ,rflags ,MOV,5,TEST,6,JZ,6,CMP,8,MOV,7,MOV,7,MOV,7,CMP,7,JZ,6,TEST,6,0,1,0,0,0,CALL,0,1,1,1,0,0,JE,0,0,4273976,4275240,4273993,0,0,1,1,fortran,4.330719952193712e-09,0.0,0,0,0
0x413732,JZ,342,342,1614,6,0x41372a,CMP,1,NonLeaf,r13(MOV) ,rflags ,CMP,8,MOV,7,MOV,7,JNZ,6,MOV,5,TEST,6,MOV,5,JNZ,6,MOV,7,MOV,7,0,1,0,0,0,JMP,0,0,1,1,0,0,JNE,0,0,4273948,4275584,4273976,1,0,1,0,fortran,4.330719952193712e-09,1.0,1,1,1
0x413716,JNZ,342,0,1338,6,0x413704,TEST,1,NonLeaf,ebp(-1) ,rflags ,MOV,5,MOV,7,TEST,6,MOV,10,JNZ,2,MOV,7,MOV,7,CMP,8,JZ,6,TEST,6,0,1,0,0,0,CALL,0,1,1,1,0,0,JE,0,0,4273924,4275280,4273948,0,0,1,1,fortran,4.330719952193712e-09,0.0,0,0,0
0x4136f8,JNZ,342,0,12,2,0x4136f5,CMP,1,NonLeaf,eax(-1) ,rflags ,CMP,3,MOV,6,JNZ,6,TEST,3,JNZ,6,MOV,10,TEST,6,MOV,7,MOV,5,JNZ,6,0,0,1,0,0,JNE,0,0,1,0,0,0,MOV,0,0,4273909,4273924,4273914,0,0,0,1,fortran,4.330719952193712e-09,0.0,0,1,0
0x4136e9,JNZ,328,0,1834,6,0x4136e6,TEST,1,NonLeaf,r13d(-1) r13d(-1) ,rflags ,TEST,3,JNZ,6,NOP,2,TEST,4,JNZ,6,MOV,6,CMP,3,JNZ,2,MOV,10,TEST,6,0,1,0,0,0,CALL,0,1,1,0,0,0,MOV,0,0,4273894,4275731,4273903,0,0,1,0,fortran,4.15343901847818e-09,0.0,0,0,0
0x4136e0,JNZ,328,0,1776,6,0x4136da,TEST,1,NonLeaf,bpl(-1) ,rflags ,NOP,2,TEST,4,JNZ,6,TEST,4,NOP,8,TEST,3,JNZ,6,MOV,6,CMP,3,JNZ,2,0,0,0,0,0,CALL,0,1,1,0,0,0,JNE,0,0,4273882,4275664,4273894,0,0,1,0,fortran,4.15343901847818e-09,0.0,0,0,0
0x4136d4,JNZ,328,0,884,6,0x4136d0,TEST,1,NonLeaf,bpl(-1) ,rflags ,TEST,4,NOP,8,JMP,5,CALL_NEAR,5,MOV,3,TEST,4,NOP,2,JNZ,6,TEST,3,JNZ,6,0,1,0,0,0,CALL,0,1,1,0,0,0,JNE,0,0,4273872,4274760,4273882,0,0,1,0,fortran,4.15343901847818e-09,0.0,0,0,0
0x413605,JNZ,168,168,-747,6,0x413602,CMP,1,NonLeaf,eax(MOV) ,rflags ,CMP,3,MOV,3,MOV,7,CALL_NEAR,5,MOV,3,TEST,6,JZ,6,MOV,5,MOV,5,MOV,3,0,0,0,0,0,JNE,0,0,0,0,0,0,JE,0,0,4273656,4272922,4273675,0,0,0,0,fortran,2.127371204586385e-09,1.0,1,0,1
0x41347f,JNZ,328,328,-392,6,0x41347c,TEST,1,NonLeaf,r11d(MOV) r11d(MOV) ,rflags ,TEST,3,MOV,4,NOP,6,JMP,5,ADD,4,MOV,5,MOV,5,MOV,3,CALL_NEAR,5,JMP,5,0,0,0,0,0,JNE,0,0,1,0,0,0,CALL,0,1,4273272,4272887,4273285,0,0,1,1,fortran,4.15343901847818e-09,1.0,1,1,1
0x4133f9,JNZ,342,0,2858,6,0x4133f0,XOR,1,NonLeaf,rax(XOR) fs(-1) ,rax rflags ,XOR,9,MOV,8,NOP,7,CALL_NEAR,5,MOV,3,ADD,7,POP,1,POP,1,POP,2,POP,2,0,1,0,0,0,CALL,0,1,1,0,0,0,RET,0,0,4273128,4276003,4273151,0,0,1,0,fortran,4.330719952193712e-09,0.0,0,0,0
0x4133c0,JZ,14,14,821,6,0x4133b7,TEST,1,NonLeaf,r13d(-1) r13d(-1) ,rflags ,MOV,6,TEST,3,JNZ,6,MOV,7,TEST,4,CMP,3,JZ,6,MOV,5,MOV,5,MOV,3,0,0,0,0,0,JNE,0,0,1,0,0,0,JE,0,0,4273079,4273909,4273094,0,0,0,0,fortran,1.7728093371553206e-10,1.0,1,0,1
0x4133b1,JNZ,14,0,1647,6,0x4133a6,TEST,1,NonLeaf,bpl(-1) ,rflags ,MOV,7,TEST,4,MOV,7,JZ,6,TEST,3,TEST,3,MOV,6,JZ,6,CMP,3,JZ,6,0,1,0,0,0,JE,0,0,1,0,0,0,JE,0,0,4273055,4274720,4273079,0,0,0,0,fortran,1.7728093371553206e-10,0.0,0,0,0
0x413399,JZ,342,328,823,6,0x413396,TEST,1,NonLeaf,r12d(-1) r12d(-1) ,rflags ,TEST,3,MOV,10,JNZ,6,TEST,6,NOP,5,MOV,7,TEST,4,MOV,7,JNZ,6,TEST,3,0,1,0,0,0,JNE,0,0,1,0,0,0,JNE,0,0,4273046,4273872,4273055,0,0,0,1,fortran,4.330719952193712e-09,0.95906432748538,1,0,1
0x413386,JNZ,342,0,722,6,0x413380,TEST,1,NonLeaf,ebp(-1) ,rflags ,TEST,6,NOP,5,JZ,6,CMP,4,JZ,2,MOV,10,TEST,3,JZ,6,MOV,7,TEST,4,0,1,0,0,0,CALL,0,1,1,0,0,0,MOV,0,0,4273024,4273752,4273036,0,0,1,1,fortran,4.330719952193712e-09,0.0,0,0,0
0x413375,JZ,342,0,1789,6,0x413371,CMP,1,NonLeaf,rdx(-1) ,rflags ,CMP,4,JZ,2,TEST,3,MOV,7,JNZ,6,NOP,5,TEST,6,JNZ,6,MOV,10,TEST,3,0,1,0,0,0,CALL,0,1,1,0,0,0,NOP,0,0,4273009,4274802,4273019,0,0,1,0,fortran,4.330719952193712e-09,0.0,0,0,0
0x41336f,JZ,342,0,17,2,0x41336c,TEST,1,NonLeaf,r10d(MOV) r10d(MOV) ,rflags ,TEST,3,MOV,7,JNZ,6,TEST,6,JNZ,2,CMP,4,JZ,6,NOP,5,TEST,6,JNZ,6,0,0,0,0,0,JNE,0,0,1,0,0,0,JE,0,0,4272997,4273024,4273009,0,0,0,0,fortran,4.330719952193712e-09,0.0,0,0,0
0x41335f,JNZ,342,0,1873,6,0x413359,TEST,1,NonLeaf,ebp(-1) ,rflags ,TEST,6,JNZ,2,TEST,2,JZ,6,CMP,3,MOV,7,TEST,3,JZ,2,CMP,4,JZ,6,0,1,0,0,0,CALL,0,1,1,0,0,0,JE,0,0,4272985,4274864,4272997,0,0,1,0,fortran,4.330719952193712e-09,0.0,0,0,0
0x413357,JNZ,342,0,41,2,0x413355,TEST,1,NonLeaf,eax(-1) eax(-1) ,rflags ,TEST,2,JZ,6,CMP,3,MOV,3,JZ,6,TEST,6,JNZ,6,MOV,7,TEST,3,JZ,2,0,0,0,0,0,JNE,0,0,1,0,0,0,JNE,0,0,4272981,4273024,4272985,0,0,0,0,fortran,4.330719952193712e-09,0.0,0,0,0
0x41334f,JZ,342,0,737,6,0x41334c,CMP,1,NonLeaf,eax(MOV) ,rflags ,CMP,3,MOV,3,JZ,6,CMP,4,JZ,2,TEST,2,JNZ,2,TEST,6,JNZ,6,MOV,7,0,1,0,0,0,JNE,0,0,1,0,0,0,JNE,0,0,4272969,4273712,4272981,0,0,0,0,fortran,4.330719952193712e-09,0.0,0,0,0
0x41333d,JZ,342,342,12,2,0x413336,TEST,1,NonLeaf,rbx(-1) ,rflags ,TEST,7,JZ,6,TEST,6,JNZ,2,TEST,2,CMP,4,JZ,6,MOV,3,CMP,3,JZ,6,0,1,0,0,0,JE,0,0,1,0,0,0,JE,0,0,4272950,4272969,4272959,0,0,0,0,fortran,4.330719952193712e-09,1.0,1,1,1
0x413330,JZ,342,0,1952,6,0x41332a,TEST,1,NonLeaf,ebp(-1) ,rflags ,TEST,6,JNZ,2,TEST,2,JNZ,6,TEST,6,TEST,7,JZ,2,CMP,4,JZ,6,MOV,3,0,1,0,0,0,CALL,0,1,0,1,0,0,JE,0,0,4272938,4274896,4272950,0,0,1,0,fortran,4.330719952193712e-09,0.0,0,0,0
0x413328,JNZ,342,0,14,2,0x413326,TEST,1,NonLeaf,eax(-1) eax(-1) ,rflags ,TEST,2,JNZ,6,TEST,6,JZ,6,CMP,3,TEST,6,JZ,6,TEST,7,JZ,2,CMP,4,0,0,1,0,0,JE,0,0,1,0,0,0,JE,0,0,4272934,4272950,4272938,0,0,0,0,fortran,4.330719952193712e-09,0.0,0,0,0
0x413320,JNZ,342,0,384,6,0x41331a,TEST,1,NonLeaf,ebp(-1) ,rflags ,TEST,6,JZ,6,CMP,3,MOV,3,JNZ,6,TEST,2,JNZ,2,TEST,6,JZ,6,TEST,7,0,1,0,0,0,JE,0,0,1,0,0,0,JNE,0,0,4272922,4273312,4272934,0,0,0,0,fortran,4.330719952193712e-09,0.0,0,0,0
0x413314,JZ,174,0,759,6,0x413311,CMP,1,NonLeaf,eax(MOV) ,rflags ,CMP,3,MOV,3,JNZ,6,AND,7,OR,7,TEST,6,JNZ,6,TEST,2,JNZ,2,TEST,6,0,0,0,0,0,JE,0,0,0,0,0,0,JNE,0,0,4272910,4273675,4272922,0,0,0,0,fortran,2.2033487476073274e-09,0.0,0,0,0
0x413308,JNZ,342,168,744,6,0x413301,AND,1,NonLeaf,r14d(AND) ,r14d rflags ,AND,7,OR,7,MOV,3,JZ,6,CMP,4,MOV,3,CMP,3,JZ,6,TEST,6,JNZ,6,0,1,0,0,0,CALL,0,1,1,0,0,0,JE,0,0,4272887,4273648,4272910,0,0,1,0,fortran,4.330719952193712e-09,0.4912280701754385,0,0,0
0x4132f1,JZ,14,0,1807,6,0x4132ed,CMP,1,NonLeaf,rdx(-1) ,rflags ,CMP,4,JZ,6,TEST,3,JZ,6,MOV,3,MOV,3,OR,7,AND,7,JNZ,6,MOV,3,0,1,0,0,0,CALL,0,1,0,0,0,0,JNE,0,0,4272877,4274688,4272887,0,0,1,1,fortran,1.7728093371553206e-10,0.0,0,0,0
0x4132e7,JZ,342,328,401,6,0x4132e4,TEST,1,NonLeaf,r12d(-1) r12d(-1) ,rflags ,TEST,3,JZ,6,MOV,3,CMP,5,MOV,7,CMP,4,JZ,6,MOV,3,OR,7,AND,7,0,1,0,0,0,JNE,0,0,1,0,0,0,JE,0,0,4272868,4273272,4272877,0,0,0,0,fortran,4.330719952193712e-09,0.95906432748538,1,0,1
0x4132de,JZ,342,0,506,6,0x4132d6,CMP,1,NonLeaf,rax(-1) ,rflags ,MOV,3,CMP,5,MOV,7,CALL_NEAR,5,MOV,3,TEST,3,JZ,6,CMP,4,JZ,6,MOV,3,0,1,0,0,0,JS,0,0,1,0,0,0,JE,1,0,4272847,4273368,4272868,0,0,0,0,fortran,4.330719952193712e-09,0.0,0,0,0
0x4132b5,JZ,342,342,13,2,0x4132ae,AND,1,NonLeaf,r13d(AND) ,r13d rflags ,AND,7,MOV,3,JNZ,6,MOV,6,TEST,3,MOV,11,MOV,5,MOV,3,CALL_NEAR,5,MOV,7,0,1,1,0,0,CALL,0,1,1,0,0,0,MOV,0,0,4272811,4272834,4272823,0,0,1,1,fortran,4.330719952193712e-09,1.0,1,1,1
0x4132a5,JNZ,342,0,323,6,0x41329c,TEST,1,NonLeaf,rbx(-1) ,rflags ,MOV,6,TEST,3,SETZ,3,MOV,7,TEST,3,MOV,3,AND,7,JZ,2,MOV,11,MOV,5,0,1,1,0,0,JNE,1,0,1,0,0,0,JE,0,0,4272781,4273128,4272811,0,0,0,0,fortran,4.330719952193712e-09,0.0,0,0,0
0x413288,JZ,342,342,5,2,0x413285,AND,1,NonLeaf,edx(AND) ,edx rflags ,AND,3,MOV,5,ADD,4,XOR,3,JZ,2,MOV,3,XOR,2,TEST,3,MOV,7,SETZ,3,0,1,1,0,0,JNE,0,0,1,0,0,0,MOV,0,0,4272773,4272781,4272778,0,0,1,1,fortran,4.330719952193712e-09,1.0,1,1,1
0x413277,JZ,342,342,14,2,0x413274,TEST,1,NonLeaf,dl(-1) ,rflags ,TEST,3,ADD,4,MOV,6,JZ,2,STOSQ,3,XOR,3,ADD,4,MOV,5,AND,3,JZ,2,0,1,1,0,0,JE,0,0,1,0,0,0,MOV,0,0,4272756,4272773,4272761,1,0,0,1,fortran,4.330719952193712e-09,1.0,1,1,1
0x413268,JZ,342,342,12,2,0x413262,TEST,0,NonLeaf,dl(-1) ,rflags ,STOSQ,3,TEST,3,SHR,3,XOR,2,MOV,2,MOV,6,ADD,4,TEST,3,JZ,2,XOR,3,0,1,1,0,0,JE,0,0,1,0,0,0,ADD,0,0,4272744,4272756,4272746,0,0,0,1,fortran,4.330719952193712e-09,1.0,1,1,1
0x413255,JNZ,342,0,523,6,0x413251,TEST,1,NonLeaf,dil(-1) ,rflags ,TEST,4,JNZ,6,TEST,4,JNZ,6,TEST,4,MOV,2,XOR,2,SHR,3,TEST,3,STOSQ,3,0,0,0,0,0,JMP,0,0,0,1,0,0,TEST,0,0,4272721,4273248,4272731,1,0,1,0,fortran,4.330719952193712e-09,0.0,0,0,0
0x41324b,JNZ,342,0,501,6,0x413247,TEST,1,NonLeaf,dil(-1) ,rflags ,TEST,4,JNZ,6,TEST,4,MOV,5,LEA,4,TEST,4,JNZ,6,MOV,2,XOR,2,SHR,3,0,0,0,0,0,JE,0,0,0,0,0,0,JNE,0,0,4272711,4273216,4272721,1,0,1,0,fortran,4.330719952193712e-09,0.0,0,0,0
0x413241,JNZ,342,0,489,6,0x41323d,TEST,1,NonLeaf,dil(LEA) ,rflags ,TEST,4,MOV,5,LEA,4,JS,6,TEST,2,TEST,4,JNZ,6,TEST,4,JNZ,6,MOV,2,0,0,0,0,0,JE,0,0,0,0,0,0,JNE,0,0,4272692,4273194,4272711,0,0,1,0,fortran,4.330719952193712e-09,0.0,0,0,0
0x41322e,JS,342,0,482,6,0x41322c,TEST,1,NonLeaf,ebp(MOV) ebp(MOV) ,rflags ,TEST,2,XOR,2,MOV,8,MOV,9,MOV,2,LEA,4,MOV,5,TEST,4,JNZ,6,TEST,4,0,1,0,0,0,JE,0,0,1,0,0,0,JNE,0,0,4272640,4273168,4272692,0,0,0,0,fortran,4.330719952193712e-09,0.0,0,0,0
0x4130f4,JNZ,160,160,-3451,6,0x4130f2,TEST,1,NonLeaf,eax(MOV) eax(MOV) ,rflags ,TEST,2,MOV,4,JMP,5,CALL_NEAR,5,MOV,3,MOV,4,MOV,3,MOV,3,MOV,3,CALL_NEAR,5,0,0,0,0,0,CALL,0,1,1,0,0,0,CALL,0,1,4272366,4268921,4272378,0,0,1,1,fortran,2.0260678138917952e-09,1.0,1,0,1
0x412db4,JNZ,252,252,-3914,6,0x412db0,CMP,1,NonLeaf,r10d(-1) ,rflags ,CMP,4,NOP,1,JMP,5,MOV,7,MOV,11,TEST,2,JNLE,6,NOP,6,MOV,7,TEST,8,0,0,0,0,0,MOV,0,0,1,0,0,0,JG,0,0,4271536,4267626,4271546,0,0,0,0,fortran,3.191056806879577e-09,1.0,1,0,1
0x48ca96,JB,30,5,-62,2,0x48ca92,BT,1,Leaf,r10d(-1) edi(ADD) ,rflags ,BT,4,ADD,3,ADD,4,ADD,4,JZ,2,XOR,2,XOR,2,JMP,2,NOP,2,MOV,7,1,1,0,0,0,CPUID,0,0,1,0,0,0,JMP,0,0,4770450,4770392,4770456,0,0,0,0,fortran,3.798877151047116e-10,0.1666666666666666,0,1,0
0x4128da,JZ,168,168,-2330,6,0x4128d8,TEST,1,NonLeaf,ebx(-1) ebx(-1) ,rflags ,TEST,2,NOP,3,JMP,2,ADD,4,JNZ,2,MOV,7,MOV,3,JMP,5,NOP,1,TEST,2,0,0,0,0,0,MOV,0,0,0,0,0,0,JMP,0,0,4270296,4267968,4270304,0,0,0,0,fortran,2.127371204586385e-09,1.0,1,0,1
0x412785,JZ,252,0,2606,6,0x412776,CMP,1,NonLeaf,r13(-1) ,rflags ,MOV,7,CMP,8,SUB,2,MOV,7,LEA,3,MOV,7,SUB,6,JMP,5,NOP,3,CMP,4,0,1,0,0,0,CALL,0,1,0,0,0,0,JMP,0,0,4269912,4272563,4269963,0,0,1,0,fortran,3.191056806879577e-09,0.0,0,0,0
0x41264a,JNZ,174,174,-668,6,0x412646,CMP,1,NonLeaf,rsp(-1) ,rflags ,CMP,4,MOV,3,MOV,3,MOV,3,MOV,3,CALL_NEAR,5,JMP,2,NOP,9,TEST,2,JZ,6,0,0,0,0,0,CALL,0,1,1,0,0,0,CALL,0,1,4269638,4268974,4269648,1,1,1,1,fortran,2.2033487476073274e-09,1.0,1,0,1
0x41262a,JZ,160,160,2756,6,0x412626,CMP,1,NonLeaf,r12d(-1) ,rflags ,CMP,4,JBE,6,NOP,2,JZ,2,CMP,4,CMP,4,JNZ,6,MOV,3,MOV,3,MOV,3,0,1,0,0,0,JNE,0,0,1,0,0,0,JNE,0,0,4269606,4272366,4269616,0,0,0,0,fortran,2.0260678138917952e-09,1.0,1,0,1
0x412620,JBE,160,0,2273,6,0x412618,CMP,0,NonLeaf,r12d(-1) ,rflags ,NOP,2,JZ,2,CMP,4,JZ,6,TEST,2,CMP,4,JZ,6,CMP,4,JNZ,6,MOV,3,0,1,0,0,0,JE,0,0,1,0,0,0,JE,0,0,4269598,4271873,4269606,0,0,0,0,fortran,2.0260678138917952e-09,0.0,0,0,0
0x41261c,JZ,160,0,-76,2,0x412618,CMP,1,NonLeaf,r12d(-1) ,rflags ,CMP,4,JZ,6,TEST,2,NOP,2,JMP,5,NOP,2,JBE,6,CMP,4,JZ,6,CMP,4,0,0,0,0,0,CALL,0,1,1,0,0,0,JBE,0,0,4269592,4269520,4269598,0,0,1,0,fortran,2.0260678138917952e-09,0.0,0,0,0
0x412612,JZ,320,160,2647,6,0x412610,TEST,1,NonLeaf,ebx(-1) ebx(-1) ,rflags ,TEST,2,NOP,2,JMP,5,SUB,6,MOV,7,CMP,4,JZ,2,NOP,2,JBE,6,CMP,4,0,0,0,0,0,CALL,0,1,1,0,0,0,JE,0,0,4269584,4272233,4269592,0,0,1,0,fortran,4.0521356277835904e-09,0.5,0,0,0
0x412570,JZ,84,84,29,2,0x412568,CMP,1,NonLeaf,r12d(-1) ,rflags ,NOP,4,CMP,4,JZ,6,TEST,2,NOP,7,MOV,3,MOV,3,MOV,5,MOV,3,CALL_NEAR,5,0,0,0,0,0,CALL,0,1,1,0,0,0,CALL,0,1,4269416,4269453,4269426,0,0,1,1,fortran,1.0636856022931923e-09,1.0,1,0,1
0x412562,JZ,168,84,2823,6,0x412560,TEST,1,NonLeaf,ebx(-1) ebx(-1) ,rflags ,TEST,2,NOP,7,JMP,5,CALL_NEAR,5,MOV,3,CMP,4,NOP,4,JZ,2,MOV,3,MOV,3,0,0,0,0,0,CALL,0,1,1,0,0,0,JE,0,0,4269408,4272233,4269416,0,0,1,0,fortran,2.127371204586385e-09,0.5,0,0,0
0x4123f4,JZ,80,80,29,2,0x4123f0,CMP,1,NonLeaf,r12d(-1) ,rflags ,CMP,4,JZ,6,TEST,2,NOP,4,JMP,5,MOV,3,MOV,3,MOV,5,MOV,3,CALL_NEAR,5,0,1,0,0,0,CALL,0,1,1,0,0,0,CALL,0,1,4269040,4269073,4269046,0,0,1,1,fortran,1.0130339069458976e-09,1.0,1,0,1
0x4123ea,JZ,160,80,3199,6,0x4123e8,TEST,1,NonLeaf,ebx(-1) ebx(-1) ,rflags ,TEST,2,NOP,4,JMP,5,SUB,6,MOV,7,CMP,4,JZ,2,MOV,3,MOV,3,MOV,5,0,0,0,0,0,CALL,0,1,1,0,0,0,JE,0,0,4269032,4272233,4269040,0,0,1,0,fortran,2.0260678138917952e-09,0.5,0,0,0
0x4123a8,JZ,174,174,670,6,0x412398,CMP,1,NonLeaf,r12d(-1) ,rflags ,MOV,3,MOV,3,MOV,3,MOV,3,CMP,4,CALL_NEAR,5,JMP,5,NOP,8,MOV,4,MOV,7,0,0,0,0,0,JNE,0,0,0,0,0,0,CALL,0,1,4268952,4269638,4268974,0,0,0,1,fortran,2.2033487476073274e-09,1.0,1,1,1
0x412392,JZ,348,174,3287,6,0x412390,TEST,1,NonLeaf,ebx(-1) ebx(-1) ,rflags ,TEST,2,NOP,1,JMP,5,CALL_NEAR,5,MOV,3,CMP,4,MOV,3,MOV,3,MOV,3,MOV,3,0,0,0,0,0,CALL,0,1,1,0,0,0,JE,0,0,4268944,4272233,4268952,0,0,1,0,fortran,4.406697495214655e-09,0.5,0,0,0
0x411ffc,JZ,168,0,3702,6,0x411ff7,CMP,1,NonLeaf,rsp(-1) ,rflags ,CMP,5,JNZ,6,MOV,3,TEST,3,ADD,8,MOV,5,MOV,5,XOR,2,MOV,3,JMP,5,0,1,0,0,0,NOP,0,0,1,0,0,0,JMP,0,0,4268023,4271730,4268034,0,0,0,0,fortran,2.127371204586385e-09,0.0,0,0,0
0x411fdd,JZ,672,672,-258,6,0x411fd8,CMP,1,NonLeaf,rsp(-1) rax(MOV) ,rflags ,CMP,5,MOV,5,ADD,5,ADD,6,MOV,5,ADD,8,TEST,3,MOV,3,JNZ,6,CMP,5,0,0,1,0,0,RET,0,0,1,0,0,0,JNE,0,0,4267976,4267739,4268003,1,0,0,1,fortran,8.50948481834554e-09,1.0,1,0,1
0x411f9c,JZ,6,6,3732,6,0x411f98,CMP,1,NonLeaf,r12d(-1) ,rflags ,CMP,4,JZ,6,TEST,2,NOP,1,JMP,5,MOV,3,MOV,3,MOV,5,MOV,3,CALL_NEAR,5,0,0,0,0,0,CALL,0,1,1,0,0,0,CALL,0,1,4267928,4271664,4267938,0,0,1,1,fortran,7.597754302094232e-11,1.0,1,0,1
0x411f92,JZ,12,6,4311,6,0x411f90,TEST,1,NonLeaf,ebx(-1) ebx(-1) ,rflags ,TEST,2,NOP,1,JMP,5,MOV,11,MOV,11,CMP,4,JZ,6,MOV,3,MOV,3,MOV,5,0,0,0,0,0,CALL,0,1,1,0,0,0,JE,0,0,4267920,4272233,4267928,0,0,1,0,fortran,1.5195508604188463e-10,0.5,0,0,0
0x411f6e,JS,252,0,3681,6,0x411f65,TEST,1,NonLeaf,esi(MOVSXD) esi(MOVSXD) ,rflags ,MOV,7,TEST,2,CMOVNL,3,CMP,2,SUB,6,MOV,11,MOV,11,JMP,5,NOP,1,TEST,2,0,0,0,0,0,JNE,0,0,0,1,0,0,JMP,0,0,4267833,4271567,4267892,0,0,1,1,fortran,3.191056806879577e-09,0.0,0,0,0
0x411f1f,JLE,252,0,3753,6,0x411f1d,TEST,1,NonLeaf,esi(-1) esi(-1) ,rflags ,TEST,2,JNBE,6,CMP,3,LEA,4,JBE,2,MOV,7,MOV,3,MOV,5,CALL_NEAR,5,MOV,7,0,0,0,0,0,MOV,0,0,0,0,0,0,CALL,0,1,4267805,4271560,4267813,0,0,0,1,fortran,3.191056806879577e-09,0.0,0,0,0
0x411f17,JNBE,4,0,3737,6,0x411f14,CMP,1,NonLeaf,eax(LEA) ,rflags ,CMP,3,LEA,4,JBE,2,CMP,3,LEA,4,TEST,2,JLE,6,MOV,7,MOV,3,MOV,5,0,0,0,0,0,JNE,0,0,0,0,0,0,JLE,0,0,4267792,4271536,4267805,0,0,0,0,fortran,5.065169534729488e-11,0.0,0,0,0
0x411f0e,JBE,252,248,15,2,0x411f0b,CMP,1,NonLeaf,eax(LEA) ,rflags ,CMP,3,LEA,4,JZ,6,TEST,2,JZ,6,LEA,4,CMP,3,JNBE,6,TEST,2,JLE,6,0,1,0,0,0,JLE,0,0,1,0,0,0,JA,0,0,4267783,4267805,4267792,0,0,0,0,fortran,3.191056806879577e-09,0.984126984126984,1,0,1
0x411f01,JZ,504,252,3759,6,0x411eff,TEST,1,NonLeaf,ebx(-1) ebx(-1) ,rflags ,TEST,2,JZ,6,TEST,2,MOVSXD,7,NOP,6,LEA,4,CMP,3,JBE,2,LEA,4,CMP,3,0,1,0,0,0,JNE,0,0,1,0,0,0,JBE,0,0,4267775,4271536,4267783,0,0,0,0,fortran,6.382113613759155e-09,0.5,0,0,0
0x411ef9,JZ,1429,925,-143,6,0x411ef7,TEST,1,NonLeaf,esi(MOVSXD) esi(MOVSXD) ,rflags ,TEST,2,MOVSXD,7,NOP,6,RET_NEAR,1,POP,2,TEST,2,JZ,6,LEA,4,CMP,3,JBE,2,0,0,0,0,0,MOV,0,0,1,0,0,0,JE,0,0,4267760,4267626,4267775,0,0,0,0,fortran,1.8095318162821097e-08,0.6473058082575227,1,0,1
0x411e90,JNBE,1429,0,3976,6,0x411e8d,CMP,1,NonLeaf,edx(LEA) ,rflags ,CMP,3,CMOVNZ,4,LEA,4,CMP,4,SUB,7,JMP,7,NOP,3,MOV,3,MOV,5,MOV,3,0,1,0,0,0,MOV,0,0,1,0,0,0,JMP,0,0,4267633,4271640,4267670,0,0,0,0,fortran,1.8095318162821097e-08,0.0,0,0,0
0x411e64,JZ,1429,1429,140,6,0x411e59,CMP,1,NonLeaf,r13(-1) ,rflags ,MOV,3,CMP,8,JZ,6,MOV,3,TEST,3,MOV,7,XOR,2,MOV,7,SUB,7,CMP,4,0,1,0,0,0,JE,0,0,1,0,0,0,MOV,0,0,4267609,4267760,4267626,0,0,0,0,fortran,1.8095318162821097e-08,1.0,1,0,1
0x411e53,JZ,1429,0,4181,6,0x411e4d,TEST,1,NonLeaf,rax(-1) rax(-1) ,rflags ,MOV,3,TEST,3,CALL_NEAR,5,MOV,3,JNZ,6,CMP,8,MOV,3,JZ,6,MOV,7,XOR,2,0,1,0,0,0,JE,0,0,1,0,0,0,JE,0,0,4267597,4271784,4267609,0,0,0,0,fortran,1.8095318162821097e-08,0.0,0,0,0
0x411e3f,JNZ,1429,0,385,6,0x411e3a,TEST,1,NonLeaf,r13(-1) ,rflags ,TEST,5,CALL_NEAR,5,MOV,3,XOR,2,AND,8,MOV,3,CALL_NEAR,5,TEST,3,MOV,3,JZ,6,0,1,0,0,0,MOV,0,0,1,0,0,0,CALL,0,1,4267578,4267968,4267589,1,0,0,1,fortran,1.8095318162821097e-08,0.0,0,1,0
0x411e22,JZ,1429,1429,24,2,0x411e20,TEST,1,NonLeaf,al(-1) ,rflags ,TEST,2,NOP,3,MOV,3,MOV,5,MOV,7,TEST,2,JZ,2,AND,8,XOR,2,MOV,3,0,1,1,0,0,JNE,0,0,1,0,0,0,JE,0,0,4267552,4267578,4267556,0,0,0,0,fortran,1.8095318162821097e-08,1.0,1,1,1
0x411de4,JNZ,672,0,484,6,0x411de2,TEST,1,NonLeaf,al(MOVZX) ,rflags ,TEST,2,MOVZX,8,MOV,3,MOV,5,MOV,5,MOV,7,MOV,3,CMP,7,MOVZX,8,SETNZ,3,0,0,0,0,0,JE,0,0,1,0,0,0,NOP,0,0,4267482,4267976,4267498,0,0,1,1,fortran,8.50948481834554e-09,0.0,0,0,0
0x411dc2,JZ,504,0,4278,6,0x411db8,CMP,1,NonLeaf,rsp(-1) ,rflags ,MOV,5,CMP,5,JZ,6,MOV,3,TEST,3,MOV,5,MOV,5,MOV,5,MOV,3,MOVZX,8,0,0,0,0,0,JMP,0,0,1,0,0,0,MOV,0,0,4267448,4271736,4267464,0,0,0,0,fortran,6.382113613759155e-09,0.0,0,0,0
0x411db2,JZ,672,168,581,6,0x411dac,TEST,1,NonLeaf,r13(-1) r13(-1) ,rflags ,MOV,3,TEST,3,ADD,8,JZ,6,MOV,5,CMP,5,MOV,5,JZ,6,MOV,5,MOV,5,0,0,0,0,0,JE,0,0,0,0,0,0,JE,0,0,4267428,4268023,4267448,0,0,0,0,fortran,8.50948481834554e-09,0.25,0,0,0
0x411d9e,JZ,672,0,317,6,0x411d93,CMP,1,NonLeaf,rsp(-1) ,rflags ,MOV,5,CMP,6,SHR,3,MOV,9,MOV,3,ADD,8,TEST,3,MOV,3,JZ,6,CMP,5,0,0,1,0,0,RET,0,0,1,0,0,0,JE,0,0,4267391,4267739,4267428,1,0,0,1,fortran,8.50948481834554e-09,0.0,0,0,0
0x411d79,JZ,672,0,679,6,0x411d77,TEST,1,NonLeaf,ecx(MOV) ecx(MOV) ,rflags ,TEST,2,MOV,7,JZ,6,MOV,5,MOV,5,MOV,5,MOV,3,MOV,9,SHR,3,CMP,6,0,1,0,0,0,JE,0,0,1,0,0,0,JE,0,0,4267376,4268064,4267391,0,0,0,1,fortran,8.50948481834554e-09,0.0,0,0,0
0x411d6a,JZ,672,174,4390,6,0x411d51,CMP,1,NonLeaf,esi(-1) ,rflags ,MOV,5,MOV,5,MOV,5,MOV,3,MOV,4,MOV,7,TEST,2,JZ,6,MOV,5,MOV,3,0,1,0,0,0,JMP,0,0,1,1,0,0,JE,0,0,4267328,4271760,4267376,0,0,1,0,fortran,8.50948481834554e-09,0.2589285714285714,0,0,0
0x411b5c,JNZ,329,329,-1279,6,0x411b58,CMP,1,NonLeaf,rdi(MOV) ,rflags ,CMP,4,MOV,7,MOV,3,JZ,6,TEST,3,ADD,8,MOV,7,MOV,4,MOV,7,MOV,3,0,0,0,0,0,JE,0,0,1,0,0,0,CALL,0,1,4266830,4265565,4266850,0,1,0,1,fortran,4.166101942315004e-09,1.0,1,1,1
0x411b48,JZ,329,0,-785,6,0x411b45,TEST,1,NonLeaf,rax(-1) rax(-1) ,rflags ,TEST,3,CALL_NEAR,5,MOV,5,MOV,7,CALL_NEAR,5,MOV,3,MOV,7,CMP,4,JNZ,6,ADD,8,0,0,0,0,0,CALL,0,1,1,0,0,0,JNE,0,0,4266821,4266039,4266830,0,0,1,1,fortran,4.166101942315004e-09,0.0,0,0,0
0x411912,JZ,329,329,534,6,0x41190b,TEST,1,NonLeaf,rbx(-1) ,rflags ,TEST,7,JNZ,6,TEST,2,MOV,3,NOP,9,CMP,5,MOVSXD,3,JZ,6,MOV,7,MOV,7,0,1,0,0,0,CALL,1,1,1,0,0,0,JE,0,0,4266251,4266792,4266264,0,0,1,0,fortran,4.166101942315004e-09,1.0,1,0,1
0x44e911,JB,416,416,20,2,0x44e90d,SUB,1,Leaf,rdx(SUB) ,rdx rflags ,SUB,4,SHLD,4,XOR,2,MOV,3,JNB,2,MOV,4,MOV,4,LEA,4,LEA,4,JMP,2,0,1,0,0,0,RET,0,0,1,0,0,0,JMP,0,0,4516100,4516133,4516115,0,0,1,0,fortran,5.2677763161186675e-09,1.0,1,1,1
0x411714,JZ,329,329,503,6,0x411712,TEST,1,NonLeaf,esi(MOV) esi(MOV) ,rflags ,TEST,2,MOV,3,JNZ,6,TEST,2,JZ,6,XOR,2,MOV,3,CALL_NEAR,5,MOV,7,MOV,7,0,0,0,0,0,JE,0,0,1,0,0,0,CALL,1,1,4265743,4266251,4265754,0,0,0,1,fortran,4.166101942315004e-09,1.0,1,1,1
0x411709,JNZ,329,0,151,6,0x411707,TEST,1,NonLeaf,eax(-1) eax(-1) ,rflags ,TEST,2,JZ,6,CMP,3,MOV,3,MOV,7,MOV,3,TEST,2,JZ,6,XOR,2,MOV,3,0,1,0,0,0,JE,0,0,1,0,0,0,JE,0,0,4265735,4265888,4265743,0,0,0,0,fortran,4.166101942315004e-09,0.0,0,0,0
0x411701,JZ,329,0,263,6,0x4116fe,CMP,1,NonLeaf,eax(MOV) ,rflags ,CMP,3,MOV,3,MOV,7,MOV,10,MOV,10,TEST,2,JNZ,6,MOV,3,TEST,2,JZ,6,0,1,0,0,0,JE,1,0,1,0,0,0,JNE,0,0,4265680,4265992,4265735,0,0,0,0,fortran,4.166101942315004e-09,0.0,0,0,0
0x4116bd,JNZ,329,0,1565,6,0x4116b4,XOR,1,NonLeaf,rax(XOR) fs(-1) ,rax rflags ,XOR,9,MOV,5,CALL_NEAR,5,MOV,7,MOV,6,ADD,4,POP,1,POP,1,POP,2,POP,2,0,1,0,0,0,CALL,0,1,1,0,0,0,RET,0,0,4265647,4267226,4265667,0,0,1,0,fortran,4.166101942315004e-09,0.0,0,0,0
0x411693,JNZ,329,328,10,2,0x411690,TEST,1,NonLeaf,r12d(-1) r12d(-1) ,rflags ,TEST,3,ADD,8,JZ,6,CMP,4,MOV,7,MOV,3,CALL_NEAR,5,MOV,6,MOV,7,CALL_NEAR,5,0,1,1,0,0,CALL,0,1,1,0,0,0,CALL,0,1,4265616,4265629,4265621,0,0,1,1,fortran,4.166101942315004e-09,0.9969604863221884,1,0,1
0x411682,JZ,329,0,862,6,0x41167e,CMP,1,NonLeaf,rax(MOV) ,rflags ,CMP,4,MOV,7,MOV,7,MOV,7,MOV,7,ADD,8,TEST,3,JNZ,2,MOV,3,CALL_NEAR,5,0,1,0,0,0,CALL,0,1,1,0,0,0,ADD,0,0,4265577,4266464,4265608,1,0,1,1,fortran,4.166101942315004e-09,0.0,0,0,0
0x411660,JZ,329,1,9,2,0x41165d,TEST,1,NonLeaf,r12d(-1) r12d(-1) ,rflags ,TEST,3,JZ,2,CMP,3,NOP,3,MOV,3,MOV,7,MOV,7,MOV,7,MOV,7,CMP,4,0,0,1,0,0,JE,0,0,0,0,0,0,MOV,0,0,4265565,4265577,4265570,0,0,1,1,fortran,4.166101942315004e-09,0.0030395136778115,0,0,0
0x411616,JNZ,329,329,186,6,0x411614,TEST,1,NonLeaf,eax(MOV) eax(MOV) ,rflags ,TEST,2,MOV,6,MOV,7,MOV,7,XOR,2,MOV,7,MOV,3,CMP,3,JZ,2,TEST,2,0,1,0,0,0,JE,0,0,1,0,0,0,JE,1,0,4265440,4265680,4265500,0,0,1,0,fortran,4.166101942315004e-09,1.0,1,0,1
0x411583,JNZ,330,0,37,2,0x411581,TEST,1,NonLeaf,edx(MOV) edx(MOV) ,rflags ,TEST,2,MOV,3,JNZ,2,TEST,2,JZ,2,MOV,7,MOV,7,MOV,7,MOV,7,POP,1,0,1,0,0,0,JNE,0,0,0,0,0,0,MOV,0,0,4265342,4265384,4265349,0,0,0,1,fortran,4.178764866151827e-09,0.0,0,0,0
0x41157c,JNZ,330,0,76,2,0x41157a,TEST,1,NonLeaf,edx(-1) edx(-1) ,rflags ,TEST,2,JZ,2,CMP,3,MOV,3,JNZ,2,MOV,3,TEST,2,JNZ,2,MOV,7,MOV,7,0,1,0,0,0,JNE,0,0,1,0,0,0,JNE,0,0,4265338,4265416,4265342,0,0,0,0,fortran,4.178764866151827e-09,0.0,0,0,0
0x411578,JZ,330,0,13,2,0x411575,CMP,1,NonLeaf,edx(MOV) ,rflags ,CMP,3,MOV,3,JNZ,2,TEST,2,MOV,3,TEST,2,JNZ,2,MOV,3,TEST,2,JNZ,2,0,1,0,0,0,MOV,0,0,1,0,0,0,JNE,0,0,4265330,4265349,4265338,0,0,1,0,fortran,4.178764866151827e-09,0.0,0,0,0
0x411570,JNZ,343,13,49,2,0x41156e,TEST,1,NonLeaf,ecx(MOV) ecx(MOV) ,rflags ,TEST,2,MOV,3,MOV,3,MOV,7,PUSH,1,MOV,3,CMP,3,JZ,2,TEST,2,JNZ,2,0,1,1,0,0,RET,0,0,1,0,0,0,JE,0,0,4265312,4265377,4265330,0,0,0,0,fortran,4.343382876030536e-09,0.0379008746355685,0,0,0
0x410577,JZ,342,0,33,2,0x410575,TEST,1,Leaf,edx(-1) edx(-1) ,rflags ,TEST,2,JNZ,2,TEST,3,INVALID,0,INVALID,0,MOVSXD,3,MOV,4,MOV,3,MOV,6,MOV,5,0,1,0,0,0,JMP,0,0,1,1,0,0,JMP,0,0,4261237,4261272,4261241,0,1,0,0,fortran,4.330719952193712e-09,0.0,0,0,0
0x410573,JNZ,342,0,61,2,0x410570,TEST,1,Leaf,rdi(-1) ,rflags ,TEST,3,INVALID,0,INVALID,0,INVALID,0,INVALID,0,TEST,2,JZ,2,MOVSXD,3,MOV,4,MOV,3,0,1,0,0,0,REPZ RET,0,0,1,0,0,0,JE,0,0,4261232,4261296,4261237,0,0,0,0,fortran,4.330719952193712e-09,0.0,0,0,0
0x4104ba,JZ,412,412,14,2,0x4104b4,TEST,1,NonLeaf,rdi(-1) ,rflags ,MOV,3,TEST,3,PUSH,1,PUSH,1,PUSH,2,POP,1,POP,1,POP,2,RET_NEAR,1,NOP,7,0,1,0,0,0,CALL,0,1,1,0,0,0,RET,0,0,4261040,4261064,4261052,0,0,1,0,fortran,5.2171246207713726e-09,1.0,1,0,1
0x410483,JZ,84,84,13,2,0x410480,TEST,1,Leaf,rdi(-1) ,rflags ,TEST,3,INVALID,0,INVALID,0,INVALID,0,INVALID,0,RET_NEAR,2,NOP,9,MOVSXD,3,MOV,2,MOV,4,0,1,0,0,0,JMP,0,0,1,0,0,0,REPZ RET,0,0,4260992,4261008,4260997,0,0,0,0,fortran,1.0636856022931923e-09,1.0,1,1,1
0x410453,JZ,6,6,13,2,0x410450,TEST,1,Leaf,rdi(-1) ,rflags ,TEST,3,INVALID,0,INVALID,0,INVALID,0,INVALID,0,RET_NEAR,2,NOP,9,MOVSXD,3,MOV,2,MOV,4,0,1,0,0,0,JMP,0,0,1,0,0,0,REPZ RET,0,0,4260944,4260960,4260949,0,0,0,0,fortran,7.597754302094232e-11,1.0,1,1,1
0x41023c,JZ,1555,0,42,2,0x410239,TEST,1,NonLeaf,rax(-1) rax(-1) ,rflags ,TEST,3,CALL_NEAR,5,MOV,4,NOP,3,JMP,2,MOV,7,JMP,2,CMP,6,JZ,6,XOR,2,0,1,0,0,0,CALL,0,1,1,0,0,0,JMP,0,0,4260409,4260454,4260414,0,0,1,0,fortran,1.969084656626089e-08,0.0,0,0,0
0x4101f0,JZ,1555,1555,9,2,0x4101e5,TEST,1,NonLeaf,rbx(-1) ,rflags ,MOVSXD,5,TEST,6,JZ,6,CMP,4,MOV,7,ADD,7,ADD,7,ADD,4,POP,1,RET_NEAR,1,0,1,1,0,0,ADD,0,0,1,0,0,0,ADD,0,0,4260325,4260345,4260338,0,0,1,1,fortran,1.969084656626089e-08,1.0,1,1,1
0x4101b8,JZ,1555,1555,120,2,0x4101b1,TEST,1,NonLeaf,rbx(-1) ,rflags ,TEST,7,MOV,7,MOV,7,SUB,3,MOV,7,MOV,3,MOV,4,LEA,5,TEST,2,JNZ,2,0,1,0,0,0,CALL,0,1,1,0,0,0,JNE,0,0,4260273,4260400,4260282,0,0,1,0,fortran,1.969084656626089e-08,1.0,1,0,1
0x410166,JNL,1555,1555,58,2,0x410163,CMP,1,NonLeaf,rcx(MOV) rdx(MOVSXD) ,rflags ,CMP,3,MOVSXD,3,MOV,7,JZ,2,CMP,4,MOV,2,CMP,6,JNZ,6,CMP,11,JNZ,6,0,1,0,0,0,MOV,0,0,1,0,0,0,JNE,0,0,4260185,4260256,4260200,1,0,1,0,fortran,1.969084656626089e-08,1.0,1,0,1
0x410157,JZ,1555,0,90,2,0x410153,CMP,1,NonLeaf,rdi(MOV) ,rflags ,CMP,4,MOV,4,MOV,7,SUB,4,MOV,3,MOV,7,MOVSXD,3,CMP,3,JNL,2,MOV,2,0,1,0,0,0,JE,0,0,1,0,0,0,JGE,0,0,4260160,4260273,4260185,0,0,0,0,fortran,1.969084656626089e-08,0.0,0,0,0
0x40f9d4,JZ,2,0,-50,2,0x40f9d0,CMP,1,NonLeaf,rsp(-1) ,rflags ,CMP,4,NOP,8,JMP,5,MOV,8,MOV,7,MOV,8,JMP,5,NOP,5,MOV,3,CALL_NEAR,5,0,0,0,0,0,CALL,0,1,1,0,0,0,JMP,0,0,4258256,4258210,4258262,1,0,1,1,fortran,2.532584767364744e-11,0.0,0,0,0
0x40f92c,JZ,2,2,-859,6,0x40f920,AND,1,NonLeaf,ebp(AND) ,ebp rflags ,MOV,6,AND,6,NOP,1,JMP,5,CALL_NEAR,5,MOV,6,MOV,7,MOV,6,MOV,5,MOV,3,0,0,1,0,0,JE,0,0,1,0,0,0,CALL,0,1,4258080,4257233,4258098,0,0,0,1,fortran,2.532584767364744e-11,1.0,1,1,1
0x40f726,JNZ,2,0,857,6,0x40f71d,XOR,1,NonLeaf,rax(XOR) fs(-1) ,rax rflags ,XOR,9,MOV,5,MOV,2,MOV,7,MOV,3,ADD,4,POP,1,POP,1,RET_NEAR,1,NOP,5,0,1,0,0,0,CALL,0,1,1,0,0,0,RET,0,0,4257560,4258431,4257580,0,0,1,0,fortran,2.532584767364744e-11,0.0,0,0,0
0x40f70a,JNZ,2,2,14,2,0x40f705,CMP,1,NonLeaf,eax(AND) ,rflags ,CMP,5,AND,5,MOV,2,CALL_NEAR,5,MOV,3,MOV,3,MOV,7,MOV,2,MOV,5,XOR,9,0,1,1,0,0,JNE,0,0,1,0,0,0,MOV,0,0,4257534,4257560,4257548,0,0,0,1,fortran,2.532584767364744e-11,1.0,1,0,1
0x40f6bf,JZ,2,0,63,2,0x40f6bc,TEST,1,NonLeaf,rax(-1) rax(-1) ,rflags ,TEST,3,CALL_NEAR,5,MOV,3,MOV,3,MOV,3,MOV,3,CALL_NEAR,5,JMP,2,NOP,5,CMP,3,0,0,1,0,0,JNE,0,0,1,0,0,0,CALL,0,1,4257468,4257534,4257473,0,0,0,1,fortran,2.532584767364744e-11,0.0,0,1,0
0x40f64d,JZ,2,2,97,2,0x40f645,CMP,1,NonLeaf,rax(-1) ,rflags ,MOV,3,CMP,5,CALL_NEAR,5,MOV,3,JNZ,6,TEST,6,JZ,6,MOV,3,MOV,4,MOV,3,0,1,0,0,0,CALL,0,1,1,0,0,0,JE,0,0,4257349,4257454,4257359,0,0,1,0,fortran,2.532584767364744e-11,1.0,1,0,1
0x40f637,JNZ,2,0,945,6,0x40f632,TEST,1,NonLeaf,eax(-1) ,rflags ,TEST,5,JNZ,6,TEST,2,MOV,2,NOP,7,MOV,3,CALL_NEAR,5,CMP,5,MOV,3,JZ,2,0,1,0,0,0,CALL,0,1,1,0,0,0,MOV,0,0,4257330,4258280,4257341,0,0,1,0,fortran,2.532584767364744e-11,0.0,0,0,0
0x40f62c,JNZ,2,0,210,6,0x40f62a,TEST,1,NonLeaf,al(MOV) ,rflags ,TEST,2,MOV,2,NOP,7,JZ,6,CMP,3,TEST,5,JNZ,6,MOV,3,CALL_NEAR,5,CMP,5,0,1,1,0,0,JNE,0,0,1,0,0,0,JNE,0,0,4257320,4257534,4257330,0,0,0,0,fortran,2.532584767364744e-11,0.0,0,0,0
0x40f606,JZ,2,2,970,6,0x40f603,CMP,1,NonLeaf,eax(MOV) ,rflags ,CMP,3,MOV,4,JS,6,TEST,2,MOV,3,MOV,3,CMP,3,JZ,6,CMP,3,JZ,6,0,1,0,0,0,JE,0,0,1,0,0,0,JE,0,0,4257279,4258256,4257292,0,0,0,0,fortran,2.532584767364744e-11,1.0,1,0,1
0x40f5f9,JS,2,0,1095,6,0x40f5f7,TEST,1,NonLeaf,eax(MOV) eax(MOV) ,rflags ,TEST,2,MOV,3,JNZ,2,MOV,4,TEST,6,MOV,4,CMP,3,JZ,6,MOV,3,CMP,3,0,1,0,0,0,CALL,0,1,0,1,0,0,JE,0,0,4257268,4258368,4257279,0,0,1,0,fortran,2.532584767364744e-11,0.0,0,0,0
0x40f5f2,JNZ,2,0,13,2,0x40f5e8,TEST,1,NonLeaf,rbx(-1) ,rflags ,MOV,4,TEST,6,JS,6,TEST,2,JNLE,6,MOV,3,TEST,2,JS,6,MOV,4,CMP,3,0,1,1,0,0,JE,0,0,1,0,0,0,JS,0,0,4257256,4257279,4257268,0,0,0,0,fortran,2.532584767364744e-11,0.0,0,1,0
0x40f5e2,JS,2,0,894,6,0x40f5e0,TEST,1,NonLeaf,eax(-1) eax(-1) ,rflags ,TEST,2,JNLE,6,JZ,6,CMP,3,JZ,6,TEST,6,MOV,4,JNZ,2,MOV,3,TEST,2,0,0,0,0,0,CALL,0,1,0,1,0,0,JNE,0,0,4257248,4258144,4257256,0,0,1,1,fortran,2.532584767364744e-11,0.0,0,0,0
0x40f5da,JNLE,2,0,246,6,0x40f5d1,CMP,0,NonLeaf,eax(-1) ,rflags ,JZ,6,CMP,3,JZ,6,CMP,3,CALL_NEAR,5,TEST,2,JS,6,TEST,6,MOV,4,JNZ,2,0,1,0,0,0,JNE,0,0,1,0,0,0,JS,0,0,4257242,4257488,4257248,0,0,0,0,fortran,2.532584767364744e-11,0.0,0,0,0
0x40f5d4,JZ,2,0,924,6,0x40f5d1,CMP,1,NonLeaf,eax(-1) ,rflags ,CMP,3,JZ,6,CMP,3,CALL_NEAR,5,MOV,4,JNLE,6,TEST,2,JS,6,TEST,6,MOV,4,0,1,0,0,0,JMP,0,0,1,0,0,0,JG,0,0,4257233,4258160,4257242,0,0,0,0,fortran,2.532584767364744e-11,0.0,0,0,0
0x40f5cb,JZ,2,2,853,6,0x40f5c8,CMP,1,NonLeaf,eax(-1) ,rflags ,CMP,3,CALL_NEAR,5,MOV,4,MOV,3,JNZ,6,CMP,3,JZ,6,JNLE,6,TEST,2,JS,6,0,1,0,0,0,JE,0,0,1,1,0,0,JE,0,0,4257224,4258080,4257233,0,0,0,0,fortran,2.532584767364744e-11,1.0,1,0,1
0x40f5b6,JNZ,2,0,386,6,0x40f5a7,TEST,1,NonLeaf,ebp(-1) ,rflags ,MOV,5,MOV,4,TEST,6,JNZ,6,MOV,5,MOV,3,MOV,4,CALL_NEAR,5,CMP,3,JZ,6,0,1,0,0,0,CALL,0,1,1,1,0,0,CALL,0,1,4257191,4257592,4257212,0,0,1,1,fortran,2.532584767364744e-11,0.0,0,0,0
0x40f5a1,JNZ,2,0,447,6,0x40f592,TEST,1,NonLeaf,ebp(-1) ,rflags ,MOV,5,MOV,4,TEST,6,JNZ,6,MOV,5,TEST,6,MOV,4,MOV,5,JNZ,6,MOV,3,0,1,0,0,0,CALL,0,1,1,1,0,0,JNE,0,0,4257170,4257632,4257191,0,0,1,1,fortran,2.532584767364744e-11,0.0,0,0,0
0x40f58c,JNZ,2,2,500,6,0x40f57d,TEST,1,NonLeaf,ebp(-1) ,rflags ,MOV,5,MOV,4,TEST,6,JNZ,6,MOV,5,TEST,6,MOV,4,MOV,5,JNZ,6,TEST,6,0,1,0,0,0,CALL,0,1,1,1,0,0,JNE,0,0,4257149,4257664,4257170,0,0,1,1,fortran,2.532584767364744e-11,1.0,1,0,1
0x40f577,JNZ,2,0,553,6,0x40f568,TEST,1,NonLeaf,ebp(-1) ,rflags ,MOV,5,MOV,4,TEST,6,JNZ,6,MOV,5,TEST,6,MOV,4,MOV,5,JNZ,6,TEST,6,0,1,0,0,0,CALL,0,1,1,1,0,0,JNE,0,0,4257128,4257696,4257149,0,0,1,1,fortran,2.532584767364744e-11,0.0,0,0,0
0x40f562,JNZ,2,0,614,6,0x40f553,TEST,1,NonLeaf,ebp(-1) ,rflags ,MOV,5,MOV,4,TEST,6,JNZ,6,MOV,5,TEST,6,MOV,4,MOV,5,JNZ,6,TEST,6,0,1,0,0,0,CALL,0,1,1,1,0,0,JNE,0,0,4257107,4257736,4257128,0,0,1,1,fortran,2.532584767364744e-11,0.0,0,0,0
0x40f54d,JNZ,2,0,675,6,0x40f53e,TEST,1,NonLeaf,ebp(-1) ,rflags ,MOV,5,MOV,4,TEST,6,JNZ,6,MOV,5,TEST,6,MOV,4,MOV,5,JNZ,6,TEST,6,0,1,0,0,0,CALL,0,1,1,1,0,0,JNE,0,0,4257086,4257776,4257107,0,0,1,1,fortran,2.532584767364744e-11,0.0,0,0,0
0x40f538,JNZ,2,0,736,6,0x40f529,TEST,1,NonLeaf,ebp(-1) ,rflags ,MOV,5,MOV,4,TEST,6,JNZ,6,MOV,5,TEST,6,MOV,4,MOV,5,JNZ,6,TEST,6,0,1,0,0,0,CALL,0,1,1,1,0,0,JNE,0,0,4257065,4257816,4257086,0,0,1,1,fortran,2.532584767364744e-11,0.0,0,0,0
0x40f523,JNZ,2,0,797,6,0x40f514,TEST,1,NonLeaf,ebp(-1) ,rflags ,MOV,5,MOV,4,TEST,6,JNZ,6,MOV,5,TEST,6,MOV,4,MOV,5,JNZ,6,TEST,6,0,1,0,0,0,CALL,0,1,1,1,0,0,JNE,0,0,4257044,4257856,4257065,0,0,1,1,fortran,2.532584767364744e-11,0.0,0,0,0
0x40f50e,JNZ,2,0,858,6,0x40f4ff,TEST,1,NonLeaf,ebp(-1) ,rflags ,MOV,5,MOV,4,TEST,6,JNZ,6,MOV,5,TEST,6,MOV,4,MOV,5,JNZ,6,TEST,6,0,1,0,0,0,CALL,0,1,1,1,0,0,JNE,0,0,4257023,4257896,4257044,0,0,1,1,fortran,2.532584767364744e-11,0.0,0,0,0
0x40f4f9,JNZ,2,0,919,6,0x40f4ea,TEST,1,NonLeaf,ebp(-1) ,rflags ,MOV,5,MOV,4,TEST,6,JNZ,6,MOV,5,TEST,6,MOV,4,MOV,5,JNZ,6,TEST,6,0,1,0,0,0,CALL,0,1,1,1,0,0,JNE,0,0,4257002,4257936,4257023,0,0,1,1,fortran,2.532584767364744e-11,0.0,0,0,0
0x40f4e4,JNZ,2,0,980,6,0x40f4d5,TEST,1,NonLeaf,ebp(-1) ,rflags ,MOV,5,MOV,4,TEST,6,JNZ,6,MOV,5,TEST,6,MOV,4,MOV,5,JNZ,6,TEST,6,0,1,0,0,0,CALL,0,1,1,1,0,0,JNE,0,0,4256981,4257976,4257002,0,0,1,1,fortran,2.532584767364744e-11,0.0,0,0,0
0x40f4cf,JNZ,2,0,1041,6,0x40f4c1,TEST,1,NonLeaf,ebp(-1) ,rflags ,MOV,5,MOV,3,TEST,6,JNZ,6,MOV,5,TEST,6,MOV,4,MOV,5,JNZ,6,TEST,6,0,1,0,0,0,CALL,0,1,1,1,0,0,JNE,0,0,4256961,4258016,4256981,0,0,1,1,fortran,2.532584767364744e-11,0.0,0,0,0
0x40f4bb,JNZ,2,0,1093,6,0x40f4b0,TEST,1,NonLeaf,ebp(-1) ,rflags ,MOV,5,TEST,6,CALL_NEAR,5,XOR,2,MOV,5,TEST,6,MOV,3,MOV,5,JNZ,6,TEST,6,0,1,0,0,0,CALL,0,1,1,1,0,0,JNE,0,0,4256944,4258048,4256961,0,0,1,1,fortran,2.532584767364744e-11,0.0,0,0,0
0x40f153,JNZ,2,2,-496,6,0x40f14f,CMP,1,NonLeaf,rbx(-1) ,rflags ,CMP,4,CALL_NEAR,5,LEA,5,LEA,5,NOP,1,MOV,4,TEST,3,JZ,6,CALL_NEAR,5,JMP,5,0,0,1,0,0,JNE,0,0,0,0,0,0,JE,0,0,4256079,4255587,4256089,0,0,0,0,fortran,2.532584767364744e-11,1.0,1,1,1
0x40f0dc,JNZ,2,0,929,6,0x40f0d3,XOR,1,NonLeaf,rcx(XOR) fs(-1) ,rcx rflags ,XOR,9,MOV,4,MOV,3,MOV,12,NOP,5,LEA,4,POP,1,POP,2,POP,2,POP,2,0,1,0,0,0,CALL,0,1,1,0,0,0,RET,0,0,4255951,4256893,4255970,0,0,1,0,fortran,2.532584767364744e-11,0.0,0,0,0
0x40f0a9,JZ,2,2,415,6,0x40f0a6,TEST,1,NonLeaf,rax(-1) rax(-1) ,rflags ,TEST,3,JZ,6,CMP,4,JZ,6,CMP,4,MOV,5,XOR,2,CALL_NEAR,5,NOP,5,MOV,12,0,0,0,0,0,JMP,0,0,1,0,0,0,CALL,0,1,4255910,4256328,4255919,0,0,1,1,fortran,2.532584767364744e-11,1.0,1,0,1
0x40f0a0,JZ,2,0,448,6,0x40f09c,CMP,1,NonLeaf,rax(-1) ,rflags ,CMP,4,JZ,6,CMP,4,MOV,7,JNZ,2,TEST,3,JZ,6,MOV,5,XOR,2,CALL_NEAR,5,0,1,0,0,0,JMP,0,0,1,0,0,0,JE,0,0,4255900,4256352,4255910,0,0,1,0,fortran,2.532584767364744e-11,0.0,0,0,0
0x40f096,JZ,2,0,434,6,0x40f092,CMP,1,NonLeaf,rax(MOV) ,rflags ,CMP,4,MOV,7,JNZ,2,TEST,2,MOV,8,CMP,4,JZ,6,TEST,3,JZ,6,MOV,5,0,1,0,0,0,JMP,0,0,1,0,0,0,JE,0,0,4255883,4256328,4255900,0,0,1,0,fortran,2.532584767364744e-11,0.0,0,0,0
0x40f089,JNZ,2,0,111,2,0x40f087,TEST,1,NonLeaf,eax(MOVSXD) eax(MOVSXD) ,rflags ,TEST,2,MOV,8,MOV,9,MOV,7,MOVSXD,7,MOV,7,CMP,4,JZ,6,CMP,4,JZ,6,0,1,0,0,0,JNE,0,0,1,0,0,0,JE,0,0,4255848,4255992,4255883,1,0,1,0,fortran,2.532584767364744e-11,0.0,0,0,0
0x40f008,JNZ,2,0,-758,6,0x40effd,CMP,1,NonLeaf,rbx(-1) ,rflags ,MOV,7,CMP,4,JNZ,6,MOV,7,CMP,4,MOV,7,JMP,5,NOP,6,MOV,7,JMP,5,0,0,0,0,0,JE,0,0,0,0,0,0,JMP,0,0,4255741,4254994,4255758,0,0,0,1,fortran,2.532584767364744e-11,0.0,0,1,0
0x40eff7,JNZ,2,0,-761,6,0x40efec,CMP,1,NonLeaf,rbx(-1) ,rflags ,MOV,7,CMP,4,JNZ,6,MOV,7,CMP,4,CMP,4,MOV,7,JNZ,6,MOV,7,JMP,5,0,0,0,0,0,JE,0,0,0,0,0,0,JNE,0,0,4255724,4254974,4255741,0,0,0,1,fortran,2.532584767364744e-11,0.0,0,0,0
0x40efe6,JNZ,2,0,-764,6,0x40efdb,CMP,1,NonLeaf,rbx(-1) ,rflags ,MOV,7,CMP,4,JNZ,6,MOV,7,CMP,4,CMP,4,MOV,7,JNZ,6,CMP,4,MOV,7,0,0,0,0,0,JE,0,0,0,0,0,0,JNE,0,0,4255707,4254954,4255724,0,0,0,1,fortran,2.532584767364744e-11,0.0,0,1,0
0x40efd5,JNZ,2,0,-767,6,0x40efca,CMP,1,NonLeaf,rbx(-1) ,rflags ,MOV,7,CMP,4,JNZ,6,MOV,7,CMP,4,CMP,4,MOV,7,JNZ,6,CMP,4,MOV,7,0,0,0,0,0,JE,0,0,0,0,0,0,JNE,0,0,4255690,4254934,4255707,0,0,0,1,fortran,2.532584767364744e-11,0.0,0,1,0
0x40efc4,JNZ,2,0,-770,6,0x40efb9,CMP,1,NonLeaf,rbx(-1) ,rflags ,MOV,7,CMP,4,JNZ,6,MOV,7,CMP,4,CMP,4,MOV,7,JNZ,6,CMP,4,MOV,7,0,0,0,0,0,JE,0,0,0,0,0,0,JNE,0,0,4255673,4254914,4255690,0,0,0,1,fortran,2.532584767364744e-11,0.0,0,1,0
0x40efb3,JNZ,2,0,-773,6,0x40efa8,CMP,1,NonLeaf,rbx(-1) ,rflags ,MOV,7,CMP,4,NOP,4,JMP,5,MOV,7,CMP,4,MOV,7,JNZ,6,CMP,4,MOV,7,0,0,0,0,0,JE,0,0,0,0,0,0,JNE,0,0,4255656,4254894,4255673,0,0,0,1,fortran,2.532584767364744e-11,0.0,0,1,0
0x40ef73,JZ,2,2,445,6,0x40ef6e,TEST,1,NonLeaf,r13(-1) ,rflags ,TEST,5,JNZ,6,TEST,2,MOV,3,JZ,6,MOV,8,MOV,3,CALL_NEAR,5,MOV,3,JMP,5,0,1,0,0,0,CALL,0,1,1,0,0,0,CALL,0,1,4255598,4256048,4255609,0,0,1,1,fortran,2.532584767364744e-11,1.0,1,0,1
0x40ef68,JNZ,2,0,344,6,0x40ef66,TEST,1,NonLeaf,eax(MOV) eax(MOV) ,rflags ,TEST,2,MOV,3,JZ,6,CMP,4,JZ,6,TEST,5,JZ,6,MOV,8,MOV,3,CALL_NEAR,5,0,0,0,0,0,MOV,0,0,1,0,0,0,JE,0,0,4255587,4255936,4255598,0,0,1,0,fortran,2.532584767364744e-11,0.0,0,0,0
0x40ef53,JZ,2,2,493,6,0x40ef49,TEST,1,NonLeaf,edx(MOV) edx(MOV) ,rflags ,MOV,8,TEST,2,MOV,4,MOV,5,CALL_NEAR,5,CMP,4,JZ,6,MOV,3,TEST,2,JNZ,6,0,1,0,0,0,CALL,0,1,1,0,0,0,JE,0,0,4255552,4256064,4255577,0,0,1,0,fortran,2.532584767364744e-11,1.0,1,0,1
0x40ef25,JZ,2,0,731,6,0x40ef22,CMP,1,NonLeaf,eax(-1) ,rflags ,CMP,3,JZ,6,CMP,3,MOV,2,MOV,8,MOVSXD,4,MOV,4,MOV,8,CALL_NEAR,5,MOV,5,0,1,0,0,0,CALL,0,1,0,1,0,0,CALL,0,1,4255522,4256256,4255531,0,0,1,1,fortran,2.532584767364744e-11,0.0,0,0,0
0x40ef1c,JZ,2,0,495,6,0x40ef19,CMP,1,NonLeaf,eax(MOV) ,rflags ,CMP,3,MOV,2,MOV,8,MOV,8,MOV,8,CMP,3,JZ,6,MOVSXD,4,MOV,4,MOV,8,0,0,0,0,0,JMP,0,0,0,0,0,0,JE,0,0,4255511,4256011,4255522,0,0,1,0,fortran,2.532584767364744e-11,0.0,0,0,0
0x40eeec,JZ,2,2,380,6,0x40eee7,TEST,1,NonLeaf,r13(-1) ,rflags ,TEST,5,JZ,6,MOV,9,MOV,12,MOV,12,MOVSXD,4,MOV,9,MOV,8,MOV,8,MOV,8,0,1,0,0,0,JNE,0,0,1,0,0,0,MOV,0,0,4255463,4255848,4255474,0,0,1,1,fortran,2.532584767364744e-11,1.0,1,0,1
0x40eee1,JZ,2,0,751,6,0x40ee6c,CMP,1,NonLeaf,rbx(-1) ,rflags ,MOV,9,MOV,12,MOV,12,MOV,9,MOV,5,TEST,5,JZ,6,MOVSXD,4,MOV,9,MOV,8,0,1,0,0,0,CALL,0,1,1,1,0,0,JE,0,0,4255296,4256208,4255463,0,0,1,0,fortran,2.532584767364744e-11,0.0,0,0,0
0x40ee3a,JNZ,2,0,1608,6,0x40ee36,CMP,1,NonLeaf,r12(-1) eax(MOV) ,rflags ,CMP,4,MOV,4,MOV,8,CALL_NEAR,5,MOVSXD,4,MOV,3,MOV,5,MOV,5,MOV,4,MOV,5,0,1,0,0,0,CALL,0,1,1,0,0,0,JE,0,0,4255274,4256898,4255296,0,0,1,1,fortran,2.532584767364744e-11,0.0,0,0,0
0x40ee1b,JZ,2,0,381,6,0x40ee18,CMP,1,NonLeaf,eax(-1) ,rflags ,CMP,3,JZ,6,CMP,3,MOV,3,JZ,6,MOVSXD,4,CALL_NEAR,5,MOV,8,MOV,4,CMP,4,0,0,0,0,0,JMP,0,0,0,1,0,0,CALL,0,1,4255256,4255640,4255265,0,0,1,1,fortran,2.532584767364744e-11,0.0,0,0,0
0x40ee12,JZ,2,0,390,6,0x40ee0f,CMP,1,NonLeaf,eax(MOV) ,rflags ,CMP,3,MOV,3,JZ,6,MOV,3,TEST,3,CMP,3,JZ,6,MOVSXD,4,CALL_NEAR,5,MOV,8,0,1,0,0,0,JMP,0,0,1,0,0,0,JE,0,0,4255244,4255640,4255256,0,0,1,0,fortran,2.532584767364744e-11,0.0,0,0,0
0x40ee06,JZ,2,0,1434,6,0x40ee00,TEST,1,NonLeaf,rax(-1) rax(-1) ,rflags ,MOV,3,TEST,3,CALL_NEAR,5,MOV,3,MOV,3,MOV,3,CMP,3,JZ,6,CMP,3,JZ,6,0,1,0,0,0,CALL,0,1,1,0,0,0,JE,0,0,4255232,4256672,4255244,0,0,1,0,fortran,2.532584767364744e-11,0.0,0,0,0
0x40edbc,JZ,2,2,57,2,0x40edb6,TEST,1,NonLeaf,rax(-1) rax(-1) ,rflags ,MOV,3,TEST,3,CALL_NEAR,5,MOV,4,MOV,4,MOV,6,TEST,2,JS,2,CMP,2,JZ,2,0,0,0,0,0,CALL,0,1,1,0,0,0,JS,0,0,4255158,4255221,4255166,0,0,1,0,fortran,2.532584767364744e-11,1.0,1,0,1
0x40eda3,JZ,2,0,973,6,0x40eda0,TEST,1,NonLeaf,ah(-1) ,rflags ,TEST,3,NOP,3,JMP,2,JZ,2,TEST,3,MOV,4,MOV,4,CALL_NEAR,5,TEST,3,MOV,3,0,1,0,0,0,CALL,0,1,0,0,0,0,CALL,0,1,4255136,4256112,4255145,0,0,1,1,fortran,2.532584767364744e-11,0.0,0,1,0
0x40ed83,JNZ,2,2,-59,2,0x40ed80,CMP,1,NonLeaf,edx(MOV) ,rflags ,CMP,3,MOV,3,JNZ,2,TEST,2,MOV,4,TEST,3,JNZ,6,MOV,8,TEST,3,JZ,2,0,0,0,0,0,JB,0,0,0,0,0,0,JNE,0,0,4255101,4255048,4255109,0,0,0,0,fortran,2.532584767364744e-11,1.0,1,1,1
0x40ed7b,JNZ,2,0,-71,2,0x40ed79,TEST,1,NonLeaf,al(MOV) ,rflags ,TEST,2,MOV,4,MOV,7,JNZ,2,CMP,3,MOV,3,CMP,3,JNZ,2,TEST,3,JNZ,6,0,0,0,0,0,JLE,0,0,1,0,0,0,JNE,0,0,4255093,4255028,4255101,0,0,0,0,fortran,2.532584767364744e-11,0.0,0,0,0
0x40ed48,JB,2,2,88,2,0x40ed43,CMP,0,NonLeaf,edx(-1) ,rflags ,JZ,2,CMP,3,MOV,3,JLE,6,TEST,2,CMP,3,JZ,2,MOV,5,MOV,3,CALL_NEAR,5,0,1,0,0,0,JE,0,0,1,0,0,0,JE,0,0,4255048,4255136,4255050,0,0,0,0,fortran,2.532584767364744e-11,1.0,1,1,1
0x40ed26,JNZ,2,2,79,2,0x40ed23,CMP,1,NonLeaf,rbx(-1) ,rflags ,CMP,3,JNZ,2,TEST,2,MOV,3,JZ,6,MOV,4,TEST,2,JZ,6,MOV,4,TEST,2,0,0,0,0,0,JNE,0,0,1,0,0,0,JE,0,0,4255011,4255093,4255016,0,0,0,0,fortran,2.532584767364744e-11,1.0,1,0,1
0x40ed21,JNZ,2,0,63,2,0x40ed1f,TEST,1,NonLeaf,eax(MOV) eax(MOV) ,rflags ,TEST,2,MOV,3,JZ,6,CMP,4,JZ,6,CMP,3,JNZ,2,MOV,4,TEST,2,JZ,6,0,1,0,0,0,JE,0,0,1,0,0,0,JNE,0,0,4255004,4255072,4255011,0,0,0,0,fortran,2.532584767364744e-11,0.0,0,0,0
0x40ec94,JZ,2,2,788,6,0x40ec90,CMP,1,NonLeaf,rbx(-1) ,rflags ,CMP,4,JZ,6,CMP,4,JZ,6,CMP,4,CMP,4,JZ,6,CMP,4,JZ,6,CMP,4,0,1,0,0,0,JNE,0,0,1,0,0,0,JE,0,0,4254864,4255656,4254874,0,0,1,0,fortran,2.532584767364744e-11,1.0,1,0,1
0x40ec8a,JZ,2,2,918,6,0x40ec86,CMP,1,NonLeaf,rbx(-1) ,rflags ,CMP,4,JZ,6,CMP,4,JZ,6,CMP,4,CMP,4,JZ,6,CMP,4,JZ,6,CMP,4,0,1,0,0,0,JMP,0,0,1,1,0,0,JE,0,0,4254854,4255776,4254864,0,0,1,0,fortran,2.532584767364744e-11,1.0,1,0,1
0x40ec80,JZ,2,2,944,6,0x40ec7c,CMP,1,NonLeaf,rbx(-1) ,rflags ,CMP,4,JZ,6,CMP,4,JZ,6,CMP,3,CMP,4,JZ,6,CMP,4,JZ,6,CMP,4,0,1,0,0,0,JMP,0,0,1,1,0,0,JE,0,0,4254844,4255792,4254854,0,0,1,0,fortran,2.532584767364744e-11,1.0,1,0,1
0x40ec76,JZ,2,0,970,6,0x40ec72,CMP,1,NonLeaf,rbx(-1) ,rflags ,CMP,4,JZ,6,CMP,3,XOR,2,MOV,4,CMP,4,JZ,6,CMP,4,JZ,6,CMP,4,0,1,0,0,0,JMP,0,0,1,1,0,0,JE,0,0,4254834,4255808,4254844,0,0,1,0,fortran,2.532584767364744e-11,0.0,0,0,0
0x40ec6c,JZ,2,2,1004,6,0x40ec69,CMP,1,NonLeaf,rdx(-1) ,rflags ,CMP,3,XOR,2,MOV,4,MOV,9,SUB,4,CMP,4,JZ,6,CMP,4,JZ,6,CMP,4,0,1,0,0,0,JMP,0,0,1,1,0,0,JE,0,0,4254784,4255832,4254834,0,0,1,0,fortran,2.532584767364744e-11,1.0,1,0,1
0x40e94c,JZ,2,0,-33,2,0x40e949,CMP,1,NonLeaf,rbp(-1) rax(-1) ,rflags ,CMP,3,CALL_NEAR,3,MOV,3,MOV,3,NOP,8,POP,1,POP,1,POP,2,RET_NEAR,1,INVALID,0,0,0,0,0,0,RET,0,0,1,0,0,0,RET,0,0,4254025,4253995,4254030,0,0,1,0,fortran,2.532584767364744e-11,0.0,0,0,0
0x40e929,JNZ,2,2,23,2,0x40e923,TEST,1,NonLeaf,rax(-1) rax(-1) ,rflags ,MOV,3,TEST,3,CALL_NEAR,3,MOV,3,MOV,3,POP,1,POP,1,MOV,8,POP,2,RET_NEAR,1,0,1,0,0,0,CALL,0,1,1,0,0,0,RET,0,0,4253987,4254016,4253995,0,0,1,1,fortran,2.532584767364744e-11,1.0,1,0,1
0x40e8b1,JNZ,342,0,23,2,0x40e8ae,TEST,1,NonLeaf,rbx(MOV) rbx(MOV) ,rflags ,TEST,3,MOV,7,PUSH,1,PUSH,1,MOV,3,JMP,2,NOP,3,MOV,3,CALL_NEAR,5,TEST,3,0,1,0,1,0,CALL,0,1,1,0,0,0,JMP,0,0,4253856,4253896,4253875,0,0,1,0,fortran,4.330719952193712e-09,0.0,0,0,0
0x40e894,JNZ,346,0,7,2,0x40e892,TEST,1,Leaf,al(MOV) ,rflags ,TEST,2,MOV,2,INVALID,0,INVALID,0,INVALID,0,AND,3,MOV,2,RET_NEAR,2,INVALID,0,INVALID,0,0,1,1,0,0,REPZ RET,0,0,1,0,0,0,MOV,0,0,4253840,4253851,4253846,0,1,0,1,fortran,4.381371647541007e-09,0.0,0,0,0
0x40e830,JZ,2,0,48,2,0x40e82e,TEST,1,NonLeaf,ebp(-1) ebp(-1) ,rflags ,TEST,2,JZ,2,CMP,4,JZ,2,MOV,3,POP,1,POP,1,MOV,3,POP,2,JMP,5,0,1,0,0,0,CALL,0,1,0,1,0,0,JMP,0,0,4253742,4253792,4253746,0,0,1,0,fortran,2.532584767364744e-11,0.0,0,0,0
0x40e82c,JZ,2,0,68,2,0x40e828,CMP,1,NonLeaf,rax(-1) ,rflags ,CMP,4,JZ,2,MOV,3,TEST,3,CALL_NEAR,5,TEST,2,JZ,2,POP,1,POP,1,MOV,3,0,1,0,0,0,JNE,0,0,1,0,0,0,JE,0,0,4253736,4253808,4253742,0,0,0,0,fortran,2.532584767364744e-11,0.0,0,0,0
0x40e826,JZ,2,0,-25,2,0x40e820,TEST,1,NonLeaf,rax(-1) rax(-1) ,rflags ,MOV,3,TEST,3,CALL_NEAR,5,MOV,3,NOP,6,CMP,4,JZ,2,TEST,2,JZ,2,POP,1,0,0,0,0,0,RET,0,0,1,0,0,0,JE,0,0,4253728,4253709,4253736,0,0,0,0,fortran,2.532584767364744e-11,0.0,0,0,0
0x40e80b,JZ,2,2,13,2,0x40e808,AND,1,NonLeaf,edx(AND) ,edx rflags ,AND,3,JNZ,2,TEST,3,MOV,2,CALL_NEAR,5,POP,1,POP,1,POP,2,RET_NEAR,1,NOP,6,0,1,0,0,0,CALL,0,1,1,0,0,0,RET,0,0,4253704,4253720,4253709,0,0,1,0,fortran,2.532584767364744e-11,1.0,1,0,1
0x40e806,JNZ,2,0,58,2,0x40e803,TEST,1,NonLeaf,dl(MOV) ,rflags ,TEST,3,MOV,2,CALL_NEAR,5,MOV,3,PUSH,1,AND,3,JZ,2,POP,1,POP,1,POP,2,0,1,0,0,0,CALL,0,1,1,1,0,0,JE,0,0,4253697,4253760,4253704,0,1,1,0,fortran,2.532584767364744e-11,0.0,0,0,0
0x40e7ce,JNZ,2,0,-24,2,0x40e7cb,CMP,1,NonLeaf,rax(-1) r15(-1) ,rflags ,CMP,3,CALL_NEAR,5,MOV,3,JZ,2,TEST,3,JMP,2,NOP,6,MOV,3,ADD,4,POP,1,0,1,0,0,0,ADD,0,0,1,0,0,0,JMP,0,0,4253643,4253622,4253648,0,0,0,0,fortran,2.532584767364744e-11,0.0,0,1,0
0x40e7c1,JZ,2,0,-65,2,0x40e7be,TEST,1,NonLeaf,rbx(MOV) rbx(MOV) ,rflags ,TEST,3,MOV,4,ADD,4,JZ,2,TEST,2,MOV,3,CALL_NEAR,5,CMP,3,JNZ,2,JMP,2,0,0,0,0,0,CALL,0,1,0,0,0,0,CALL,0,1,4253626,4253568,4253635,0,0,1,1,fortran,2.532584767364744e-11,0.0,0,0,0
0x40e7b4,JZ,2,2,36,2,0x40e7b2,TEST,1,NonLeaf,eax(-1) eax(-1) ,rflags ,TEST,2,CALL_NEAR,5,MOV,3,MOV,3,MOV,3,ADD,4,MOV,4,TEST,3,JZ,2,MOV,3,0,1,0,0,0,RET,0,0,0,0,0,0,ADD,0,0,4253618,4253656,4253622,0,0,0,0,fortran,2.532584767364744e-11,1.0,1,1,1
0x44b809,JLE,2,2,662,6,0x44b806,CMP,1,NonLeaf,esi(-1) ,rflags ,CMP,3,JNLE,6,MOV,4,CMP,6,SUB,2,LEA,3,MOV,2,AND,3,MOVSXD,3,SAR,3,0,1,0,0,0,JNE,1,0,1,0,0,0,JNE,1,0,4503558,4504223,4503567,0,0,0,0,fortran,2.532584767364744e-11,1.0,1,0,1
0x40e750,JZ,2,0,31,2,0x40e747,CMP,1,NonLeaf,rsi(-1) rdx(-1) ,rflags ,LEA,4,CMP,5,JLE,6,TEST,2,SUB,4,JMP,5,NOP,9,CMP,6,LEA,4,JNZ,2,0,1,0,1,0,JNE,0,0,1,0,0,0,JMP,0,0,4253511,4253551,4253522,0,0,0,0,fortran,2.532584767364744e-11,0.0,0,1,0
0x40e741,JLE,2,0,169,6,0x40e73f,TEST,1,NonLeaf,eax(MOV) eax(MOV) ,rflags ,TEST,2,SUB,4,PUSH,1,MOV,3,PUSH,1,CMP,5,LEA,4,JZ,2,JMP,5,NOP,9,0,1,0,0,0,JMP,0,0,1,0,0,0,JE,0,0,4253472,4253674,4253511,0,0,0,0,fortran,2.532584767364744e-11,0.0,0,0,0
0x40e63d,JNZ,248,248,-13,2,0x40e63a,SUB,1,Leaf,eax(SUB) ,eax rflags ,SUB,3,JNZ,2,CMP,4,SUB,4,NOP,9,RET_NEAR,2,INVALID,0,INVALID,0,INVALID,0,INVALID,0,1,1,0,0,0,JNE,0,0,0,1,0,0,REPZ RET,1,0,4253242,4253232,4253247,0,0,0,0,fortran,3.140405111532282e-09,1.0,1,1,1
0x40e638,JNZ,248,4,7,2,0x40e634,CMP,1,Leaf,rdx(SUB) ,rflags ,CMP,4,SUB,4,NOP,9,JMP,2,LEA,5,SUB,3,JNZ,2,RET_NEAR,2,INVALID,0,INVALID,0,0,0,1,0,0,REPZ RET,1,0,0,0,1,1,JNE,0,0,4253232,4253247,4253242,0,0,0,0,fortran,3.140405111532282e-09,0.0161290322580645,0,0,0
0x40e61e,JNZ,4,0,33,2,0x40e619,CMP,1,Leaf,rdi(-1) rdx(MOVSXD) ,rflags ,CMP,5,MOVSXD,3,JLE,2,MOV,2,TEST,2,LEA,5,JMP,2,NOP,9,SUB,4,CMP,4,0,0,1,0,0,REPZ RET,0,0,1,0,0,0,JMP,0,0,4253206,4253247,4253216,0,1,0,0,fortran,5.065169534729488e-11,0.0,0,0,0
0x40e614,JLE,4,0,43,2,0x40e610,TEST,1,Leaf,esi(-1) esi(-1) ,rflags ,MOV,2,TEST,2,INVALID,0,INVALID,0,INVALID,0,MOVSXD,3,CMP,5,JNZ,2,LEA,5,JMP,2,0,1,1,0,0,REPZ RET,0,0,1,0,0,0,JNE,0,0,4253200,4253247,4253206,0,0,0,0,fortran,5.065169534729488e-11,0.0,0,0,0
0x40e5e6,JZ,30,0,22,2,0x40e5e3,TEST,1,NonLeaf,rax(-1) rax(-1) ,rflags ,TEST,3,CALL_NEAR,5,JZ,2,TEST,3,JZ,2,ADD,4,RET_NEAR,1,NOP,3,MOV,5,MOV,5,0,1,0,0,0,CALL,0,1,1,0,0,0,RET,0,0,4253155,4253180,4253160,0,0,1,0,fortran,3.798877151047116e-10,0.0,0,0,0
0x40e5dc,JZ,30,0,20,2,0x40e5d9,TEST,1,NonLeaf,rsi(-1) rsi(-1) ,rflags ,TEST,3,JZ,2,TEST,3,SUB,4,INVALID,0,CALL_NEAR,5,TEST,3,JZ,2,ADD,4,RET_NEAR,1,0,0,0,0,0,JMP,0,0,0,1,0,0,CALL,0,1,4253145,4253168,4253150,0,0,0,1,fortran,3.798877151047116e-10,0.0,0,0,0
0x40e5d7,JZ,30,0,25,2,0x40e5d4,TEST,1,NonLeaf,rdi(-1) rdi(-1) ,rflags ,TEST,3,SUB,4,INVALID,0,INVALID,0,INVALID,0,TEST,3,JZ,2,CALL_NEAR,5,TEST,3,JZ,2,0,1,0,0,0,JMP,0,0,1,0,0,0,JE,0,0,4253136,4253168,4253145,0,0,0,0,fortran,3.798877151047116e-10,0.0,0,0,0
0x40e558,JZ,34,0,7,2,0x40e555,TEST,1,NonLeaf,rax(-1) rax(-1) ,rflags ,TEST,3,CALL_NEAR,5,CMOVZ,4,TEST,3,MOV,5,ADD,4,RET_NEAR,1,MOV,5,CALL_NEAR,5,NOP,7,0,1,0,0,0,CALL,0,1,1,0,0,0,RET,0,0,4253013,4253023,4253018,0,0,1,0,fortran,4.3053941045200644e-10,0.0,0,0,0
0x40e4aa,JZ,7,1,23,2,0x40e4a8,TEST,1,NonLeaf,eax(-1) eax(-1) ,rflags ,TEST,2,CALL_NEAR,5,MOV,4,MOV,4,MOV,3,MOV,3,JMP,2,NOP,7,MOV,4,MOV,3,0,1,0,0,0,CALL,1,1,1,0,0,0,JMP,0,0,4252840,4252865,4252844,0,0,1,0,fortran,8.864046685776603e-11,0.1428571428571428,0,0,0
0x40e462,JNZ,134,134,-18,2,0x40e460,TEST,1,NonLeaf,dl(MOVZX) dl(MOVZX) ,rflags ,TEST,2,MOVZX,4,MOV,3,JZ,2,LEA,4,MOV,3,CALL_NEAR,5,MOV,3,MOV,3,MOV,3,1,1,0,0,0,JE,0,0,1,1,0,0,CALL,1,1,4252764,4252752,4252772,0,0,0,1,fortran,1.6968317941343783e-09,1.0,1,1,1
0x40e457,JZ,134,7,97,2,0x40e450,CMP,1,NonLeaf,dl(-1) ,rflags ,LEA,4,CMP,3,NOP,6,JMP,2,LEA,4,MOV,3,MOVZX,4,TEST,2,JNZ,2,MOV,3,0,1,0,0,0,JMP,1,0,1,0,0,0,MOV,0,0,4252752,4252856,4252761,0,0,1,0,fortran,1.6968317941343783e-09,0.0522388059701492,0,0,0
0x40e43e,JZ,7,0,146,6,0x40e43c,TEST,1,NonLeaf,dl(-1) dl(-1) ,rflags ,TEST,2,JZ,2,CMP,3,MOVZX,3,ADD,4,LEA,4,JMP,2,NOP,6,CMP,3,LEA,4,0,1,1,0,0,CALL,1,1,1,0,0,0,JMP,0,0,4252732,4252880,4252740,0,0,1,0,fortran,8.864046685776603e-11,0.0,0,0,0
0x40e43a,JZ,7,0,-10,2,0x40e437,CMP,1,NonLeaf,dl(MOVZX) ,rflags ,CMP,3,MOVZX,3,ADD,4,NOP,5,JMP,2,TEST,2,JZ,6,LEA,4,JMP,2,NOP,6,1,1,0,0,0,ADD,0,0,1,1,0,0,JE,0,0,4252724,4252720,4252732,0,0,0,0,fortran,8.864046685776603e-11,0.0,0,0,0
0x40e40c,JZ,1,0,220,6,0x40e406,TEST,1,NonLeaf,rax(-1) rax(-1) ,rflags ,MOV,3,TEST,3,CALL_NEAR,5,MOV,3,JZ,6,MOV,3,MOV,3,CALL_NEAR,5,LEA,4,CALL_NEAR,5,0,0,0,0,0,RET,0,0,1,0,0,0,CALL,0,1,4252678,4252904,4252690,0,0,0,1,fortran,1.266292383682372e-11,0.0,0,0,0
0x40e3f8,JZ,1,0,240,6,0x40e3f2,TEST,1,NonLeaf,rax(-1) rax(-1) ,rflags ,MOV,3,TEST,3,CALL_NEAR,5,PUSH,1,PUSH,1,MOV,3,CALL_NEAR,5,TEST,3,MOV,3,JZ,6,0,1,0,0,0,RET,0,0,1,0,0,0,CALL,0,1,4252658,4252904,4252670,0,0,0,1,fortran,1.266292383682372e-11,0.0,0,0,0
0x40e2f8,JNZ,1,0,201,6,0x40e2ef,XOR,1,NonLeaf,rax(XOR) fs(-1) ,rax rflags ,XOR,9,MOV,8,MOV,7,MOV,10,CALL_NEAR,5,ADD,7,POP,1,POP,1,POP,2,POP,2,0,1,0,0,0,CALL,0,1,1,0,0,0,RET,0,0,4252391,4252609,4252414,0,0,1,0,fortran,1.266292383682372e-11,0.0,0,0,0
0x40e2c6,JZ,1,0,74,2,0x40e2c3,CMP,1,NonLeaf,eax(-1) ,rflags ,CMP,3,CALL_NEAR,5,MOV,5,MOV,3,MOV,5,CDQE,2,MOV,3,MOV,4,CALL_NEAR,5,MOV,10,0,1,0,0,0,JE,0,0,1,0,0,0,CALL,0,1,4252355,4252432,4252360,0,1,0,1,fortran,1.266292383682372e-11,0.0,0,1,0
0x40e2ab,JNZ,1,0,261,6,0x40e2a9,TEST,1,NonLeaf,eax(MOV) eax(MOV) ,rflags ,TEST,2,MOV,6,XOR,2,MOV,8,MOV,9,MOV,5,MOV,3,MOV,5,CALL_NEAR,5,CMP,3,0,1,0,0,0,CALL,0,1,1,1,0,0,CALL,0,1,4252288,4252592,4252337,0,0,1,1,fortran,1.266292383682372e-11,0.0,0,0,0
0x44aa5f,JLE,4,4,10,2,0x44aa5c,CMP,1,NonLeaf,r13(-1) rax(ADD) ,rflags ,CMP,3,MOV,5,ADD,3,CDQE,2,SUB,3,MOV,3,MOV,5,MOV,3,MOV,5,MOV,6,0,1,1,0,0,JMP,0,0,1,0,0,0,MOV,0,0,4500052,4500073,4500065,1,0,1,1,fortran,5.065169534729488e-11,1.0,1,1,1
0x40d79b,JNZ,2,0,24,2,0x40d790,XOR,1,NonLeaf,rcx(XOR) fs(-1) ,rcx rflags ,MOV,2,XOR,9,MOV,5,JNZ,2,MOV,6,ADD,4,POP,1,RET_NEAR,1,NOP,5,MOVSXD,5,0,1,0,0,0,CALL,0,1,1,0,0,0,RET,0,0,4249483,4249523,4249501,0,0,1,0,fortran,2.532584767364744e-11,0.0,0,0,0
0x40d775,JZ,2,2,22,2,0x40d772,TEST,1,NonLeaf,rbx(MOV) rbx(MOV) ,rflags ,TEST,3,XOR,2,MOV,5,MOV,9,MOV,6,LEA,5,CALL_NEAR,5,TEST,2,MOV,6,JNZ,2,0,1,1,0,0,JNE,0,0,1,0,0,0,CALL,0,1,4249424,4249483,4249463,0,0,0,1,fortran,2.532584767364744e-11,1.0,1,1,1
0x40d5ae,JNZ,12,11,-14,2,0x40d5aa,CMP,1,NonLeaf,rbx(ADD) ,rflags ,CMP,4,ADD,4,CALL_NEAR,3,MOV,3,JZ,2,POP,1,RET_NEAR,1,INVALID,0,INVALID,0,INVALID,0,0,0,0,1,1,CALL,0,1,0,1,0,0,RET,1,0,4248998,4248992,4249008,0,0,1,0,fortran,1.5195508604188463e-10,0.9166666666666666,1,1,1
0x40d59e,JZ,1,0,18,2,0x40d590,CMP,1,NonLeaf,rip(JZ) ,rflags ,MOV,5,PUSH,1,CMP,8,INVALID,0,INVALID,0,MOV,3,CALL_NEAR,3,ADD,4,CMP,4,JNZ,2,0,1,1,0,0,RET,0,0,1,0,1,0,CALL,0,1,4248976,4249008,4248992,0,0,0,1,fortran,1.266292383682372e-11,0.0,0,0,0
0x40d533,JZ,1,1,77,2,0x40d519,TEST,1,NonLeaf,rax(-1) rax(-1) ,rflags ,MOV,10,MOV,10,MOV,3,TEST,3,CALL_NEAR,5,MOV,10,MOV,7,CALL_NEAR,5,MOVSXD,7,MOV,5,0,1,0,0,0,RET,0,0,1,0,0,0,CALL,0,1,4248857,4248960,4248885,0,0,0,1,fortran,1.266292383682372e-11,1.0,1,0,1
0x40d065,JZ,3,3,100,2,0x40d05f,TEST,1,NonLeaf,rax(-1) rax(-1) ,rflags ,MOV,3,TEST,3,CALL_NEAR,5,MOV,3,PUSH,1,MOVZX,3,TEST,2,JZ,2,CALL_NEAR,5,MOV,3,0,1,0,0,0,RET,0,0,1,0,0,0,JE,0,0,4247647,4247753,4247655,0,0,1,0,fortran,3.798877151047116e-11,1.0,1,0,1
0x40cfe5,JZ,1,1,55,2,0x40cfdf,TEST,1,NonLeaf,rax(-1) rax(-1) ,rflags ,MOV,3,TEST,3,CALL_NEAR,5,MOV,3,PUSH,1,MOVSX,4,TEST,2,JZ,2,CALL_NEAR,5,MOV,3,0,1,0,0,0,RET,0,0,1,0,0,0,JE,0,0,4247519,4247580,4247527,0,0,1,0,fortran,1.266292383682372e-11,1.0,1,0,1
0x40ccc7,JZ,1,1,89,2,0x40ccc1,TEST,1,NonLeaf,rax(-1) rax(-1) ,rflags ,MOV,3,TEST,3,CALL_NEAR,5,MOV,3,SUB,4,MOV,7,MOV,3,MOV,7,CALL_NEAR,5,TEST,2,0,1,0,0,0,MOV,0,0,1,0,0,0,CALL,0,1,4246721,4246816,4246729,0,0,1,1,fortran,1.266292383682372e-11,1.0,1,1,1
0x40cc5f,JZ,5,5,35,2,0x40cc5c,TEST,1,NonLeaf,rax(-1) rax(-1) ,rflags ,TEST,3,CALL_NEAR,5,MOV,3,MOV,3,PUSH,1,MOVZX,3,MOV,2,AND,3,CMP,3,JZ,2,0,1,0,0,0,RET,0,0,1,0,0,0,JE,0,0,4246620,4246658,4246625,0,1,1,0,fortran,6.33146191841186e-11,1.0,1,0,1
0x40cadb,JZ,1,1,13,2,0x40cad4,CMP,1,NonLeaf,rip(JZ) ,rflags ,CMP,7,CALL_NEAR,5,MOV,5,MOV,5,CALL_NEAR,5,ADD,4,RET_NEAR,1,NOP,6,ADD,4,JMP,5,0,1,0,0,0,JMP,0,0,1,0,0,0,RET,0,0,4246228,4246248,4246237,0,0,0,0,fortran,1.266292383682372e-11,1.0,1,0,1
0x40ca24,JNZ,1,1,22,2,0x40ca22,TEST,1,NonLeaf,eax(-1) eax(-1) ,rflags ,TEST,2,MOV,6,MOV,3,JZ,2,MOV,6,RET_NEAR,1,NOP,9,MOV,6,TEST,2,JZ,2,0,0,0,0,0,CALL,0,1,0,0,0,0,RET,0,0,4246050,4246074,4246054,0,0,1,0,fortran,1.266292383682372e-11,1.0,1,0,1
0x40ca17,JZ,1,0,11,2,0x40ca0e,CMP,1,NonLeaf,edi(-1) ,rflags ,MOV,6,CMP,3,MOV,3,JZ,2,MOV,6,MOV,3,MOV,6,TEST,2,JNZ,2,RET_NEAR,1,0,1,1,0,0,JNE,0,0,1,0,0,0,MOV,0,0,4246027,4246050,4246041,0,0,0,1,fortran,1.266292383682372e-11,0.0,0,0,0
0x40ca09,JZ,1,0,39,2,0x40ca00,CMP,1,NonLeaf,edi(-1) ,rflags ,MOV,6,CMP,3,MOV,3,JLE,2,MOV,6,MOV,3,CMP,3,MOV,6,JZ,2,MOV,3,0,0,0,0,0,JE,0,0,1,0,0,0,JE,0,0,4246013,4246064,4246027,0,0,0,1,fortran,1.266292383682372e-11,0.0,0,0,0
0x486b29,JZ,3,0,-401,6,0x486b27,TEST,1,NonLeaf,al(-1) ,rflags ,TEST,2,XCHG,3,CPUID,2,XCHG,3,MOV,2,SHR,3,AND,3,CMP,3,JNZ,2,JMP,5,0,0,0,0,0,XOR,1,0,0,0,1,1,JNE,0,0,4746008,4745624,4746031,0,1,0,0,fortran,3.798877151047116e-11,0.0,0,0,0
0x40c9fb,JLE,1,0,53,2,0x40c9f2,CMP,1,NonLeaf,edi(-1) ,rflags ,MOV,6,CMP,3,MOV,3,JZ,2,MOV,6,MOV,3,CMP,3,MOV,6,JZ,2,MOV,3,0,0,0,0,0,JE,0,0,1,0,0,0,JE,0,0,4245999,4246064,4246013,0,0,0,1,fortran,1.266292383682372e-11,0.0,0,0,0
0x40c9ed,JZ,1,0,67,2,0x40c9e4,CMP,1,NonLeaf,edi(-1) ,rflags ,MOV,6,CMP,3,MOV,3,JZ,2,MOV,6,MOV,3,CMP,3,MOV,6,JLE,2,MOV,3,0,0,0,0,0,JE,0,0,1,0,0,0,JLE,0,0,4245985,4246064,4245999,0,0,0,1,fortran,1.266292383682372e-11,0.0,0,1,0
0x40c9df,JZ,1,0,81,2,0x40c9d6,CMP,1,NonLeaf,edi(-1) ,rflags ,MOV,6,CMP,3,MOV,2,JLE,2,TEST,2,MOV,3,CMP,3,MOV,6,JZ,2,MOV,3,0,0,0,0,0,JE,0,0,1,0,0,0,JE,0,0,4245972,4246064,4245985,0,0,0,1,fortran,1.266292383682372e-11,0.0,0,0,0
0x40c9d2,JLE,1,0,94,2,0x40c9d0,TEST,1,NonLeaf,edi(-1) edi(-1) ,rflags ,TEST,2,INVALID,0,INVALID,0,INVALID,0,INVALID,0,MOV,2,CMP,3,MOV,6,JZ,2,MOV,3,0,1,0,0,0,JE,0,0,1,0,0,0,JE,0,0,4245968,4246064,4245972,0,0,0,1,fortran,1.266292383682372e-11,0.0,0,0,0
0x40c7c8,JNZ,5040,4960,-768,6,0x40c7c3,CMP,1,Leaf,r9d(ADD) rsp(-1) ,rflags ,CMP,5,ADD,3,ADD,3,ADD,5,ADD,3,ADD,4,POP,1,POP,1,POP,2,POP,2,0,0,0,1,1,JLE,0,0,0,1,0,0,RET,1,0,4245425,4244680,4245454,0,1,0,0,fortran,6.382113613759156e-08,0.984126984126984,1,1,1
0x40c704,JZ,5040,0,173,6,0x40c6ff,CMP,1,Leaf,r15d(-1) rsp(-1) ,rflags ,CMP,5,JB,6,CMP,3,MOVHPD,6,MOVLPD,6,MOV,5,MOV,5,MOV,5,MOV,5,MOV,5,0,0,1,0,0,JNE,0,0,0,0,0,0,MOVSD,0,0,4245247,4245425,4245258,0,0,0,1,fortran,6.382113613759156e-08,0.0,0,1,0
0x40c6f9,JB,156240,151200,-249,6,0x40c6f6,CMP,1,Leaf,r12d(ADD) r13d(-1) ,rflags ,CMP,3,MOVHPD,6,MOVLPD,6,MOVHPD,6,MOVLPD,6,CMP,5,JZ,6,MOV,5,MOV,5,MOV,5,1,1,1,1,1,JB,0,0,1,1,0,0,JE,0,0,4244992,4244992,4245247,1,0,1,0,fortran,1.978455220265338e-06,0.967741935483871,1,1,1
0x40c5ec,JZ,5040,0,286,6,0x40c5ea,TEST,1,Leaf,eax(MOV) eax(MOV) ,rflags ,TEST,2,MOV,4,JZ,6,OR,3,SETNB,4,MOV,5,MOV,3,MOV,3,XOR,3,MOVSD_XMM,5,0,1,0,0,0,MOVSD,0,0,1,0,0,0,XOR,0,0,4244966,4245258,4244978,0,0,1,0,fortran,6.382113613759156e-08,0.0,0,0,0
0x40c5e0,JZ,5040,0,512,6,0x40c5dd,OR,1,Leaf,eax(OR) r11d(SETNB) ,eax rflags ,OR,3,SETNB,4,CMP,3,XOR,3,SETNB,3,MOV,4,TEST,2,JZ,6,MOV,5,MOV,3,0,0,0,0,0,NOP,0,0,1,0,0,0,JE,0,0,4244939,4245472,4244966,0,0,0,0,fortran,6.382113613759156e-08,0.0,0,0,0
0x40c5c5,JZ,5040,0,539,6,0x40c5c2,TEST,1,Leaf,eax(-1) r11d(-1) ,rflags ,TEST,3,OR,3,SETNB,4,CMP,3,XOR,3,XOR,2,CMP,3,SETNB,3,XOR,3,CMP,3,0,1,0,0,0,NOP,0,0,1,0,0,0,JE,0,0,4244689,4245472,4244939,0,0,0,0,fortran,6.382113613759156e-08,0.0,0,0,0
0x40c4cb,JLE,5040,0,742,6,0x40c4c8,TEST,1,Leaf,r15d(-1) r15d(-1) ,rflags ,TEST,3,NOP,3,MOV,5,LEA,4,MOV,4,MOV,5,MOV,5,LEA,4,MOV,5,ADD,3,1,1,1,0,0,JNE,0,0,1,0,0,0,JE,0,0,4244680,4245425,4244689,0,0,0,1,fortran,6.382113613759156e-08,0.0,0,0,0
0x40c43a,JNZ,5040,4960,-746,6,0x40c435,CMP,1,Leaf,r11d(ADD) rsp(-1) ,rflags ,CMP,5,ADD,3,ADD,5,ADD,3,ADD,4,MOV,5,MOV,5,LEA,4,MOV,5,MOV,5,0,0,0,1,1,JLE,0,0,1,1,0,0,NOP,1,0,4244518,4243792,4244544,0,0,0,1,fortran,6.382113613759156e-08,0.984126984126984,1,1,1
0x40c37e,JZ,5040,0,168,6,0x40c37a,CMP,1,Leaf,ebp(-1) rsp(-1) ,rflags ,CMP,4,JB,6,CMP,3,MOVHPD,5,MOVLPD,5,MOV,5,MOV,5,MOV,5,MOV,5,MOV,5,0,0,1,0,0,JNE,0,0,0,0,0,0,MOVSD,0,0,4244346,4244518,4244356,0,0,0,1,fortran,6.382113613759156e-08,0.0,0,1,0
0x40c374,JB,156240,151200,-239,6,0x40c371,CMP,1,Leaf,r9d(ADD) ebx(-1) ,rflags ,CMP,3,MOVHPD,5,MOVLPD,5,MOVHPD,5,MOVLPD,5,CMP,4,JZ,6,MOV,5,MOV,5,MOV,5,1,1,1,1,1,JB,0,0,1,1,0,0,JE,0,0,4244101,4244101,4244346,1,0,1,0,fortran,1.978455220265338e-06,0.967741935483871,1,1,1
0x40c272,JZ,5040,0,274,6,0x40c26f,TEST,1,Leaf,r9d(MOV) r9d(MOV) ,rflags ,TEST,3,MOV,5,JZ,6,OR,3,SETNB,4,MOV,4,MOV,3,MOV,3,XOR,3,MOVSD_XMM,5,0,1,0,0,0,MOVSD,0,0,1,0,0,0,XOR,0,0,4244074,4244356,4244088,0,0,1,0,fortran,6.382113613759156e-08,0.0,0,0,0
0x40c264,JZ,5040,0,1596,6,0x40c261,OR,1,Leaf,eax(OR) r8d(SETNB) ,eax rflags ,OR,3,SETNB,4,CMP,3,XOR,3,SETNB,3,MOV,5,TEST,3,JZ,6,MOV,4,MOV,3,0,0,0,0,0,NOP,0,0,1,0,0,0,JE,0,0,4244047,4245664,4244074,0,0,0,0,fortran,6.382113613759156e-08,0.0,0,0,0
0x40c249,JZ,5040,0,1623,6,0x40c246,TEST,0,Leaf,eax(-1) r9d(-1) ,rflags ,TEST,3,OR,3,MOVZX,4,SETNB,4,CMP,3,XOR,2,CMP,3,SETNB,3,XOR,3,CMP,3,0,1,0,0,0,NOP,0,0,1,0,0,0,JE,0,0,4243800,4245664,4244047,0,0,0,0,fortran,6.382113613759156e-08,0.0,0,0,0
0x40c152,JLE,5040,0,724,6,0x40c150,TEST,1,Leaf,ebp(-1) ebp(-1) ,rflags ,TEST,2,NOP,10,SUB,5,MOV,5,NEG,3,MOV,5,LEA,4,LEA,4,MOV,5,MOV,5,1,1,1,0,0,JNE,0,0,1,0,0,0,JE,0,0,4243792,4244518,4243800,0,0,0,1,fortran,6.382113613759156e-08,0.0,0,0,0
0x40c03f,JLE,80,0,1935,6,0x40c03d,TEST,1,Leaf,eax(MOV) eax(MOV) ,rflags ,TEST,2,MOV,2,MOV,4,MOV,2,MOV,5,MOVSXD,3,MOV,9,MOV,6,LEA,4,XOR,2,0,1,1,0,0,RET,1,0,1,0,0,0,NOP,0,0,4243488,4245454,4243525,0,1,0,1,fortran,1.0130339069458976e-09,0.0,0,0,0
0x40c00c,JNZ,80514,79236,-124,2,0x40c009,CMP,1,Leaf,r14d(-1) r8d(ADD) ,rflags ,CMP,3,ADD,5,ADD,3,ADD,4,JNZ,2,POP,1,POP,1,POP,2,POP,2,POP,2,0,0,0,1,1,JLE,0,0,0,1,0,0,RET,1,0,4243453,4243344,4243470,0,0,0,0,fortran,1.019542649798025e-06,0.984126984126984,1,1,1
0x40bffb,JNZ,5072382,4991868,-59,2,0x40bff9,CMP,1,Leaf,ecx(ADD) esi(-1) ,rflags ,CMP,2,ADD,3,MOVSD_XMM,5,ADD,3,MOVSD_XMM,5,ADD,4,ADD,3,ADD,5,CMP,3,JNZ,2,1,1,1,1,1,JNE,0,0,0,1,0,0,JNE,0,0,4243392,4243392,4243453,1,0,1,0,fortran,6.423118693727557e-05,0.984126984126984,1,1,1
0x40bf93,JLE,80514,0,106,2,0x40bf90,TEST,1,Leaf,r13d(-1) r13d(-1) ,rflags ,TEST,3,MOV,3,LEA,3,MOV,4,LEA,4,MOV,4,MOV,5,ADD,3,CDQE,2,IMUL,4,1,1,1,0,0,JNE,0,0,1,0,0,0,NOP,0,0,4243344,4243453,4243349,0,0,0,0,fortran,1.019542649798025e-06,0.0,0,0,0
0x40bf54,JNZ,80514,79236,-124,2,0x40bf4f,CMP,1,Leaf,r15d(ADD) rsp(-1) ,rflags ,CMP,5,ADD,5,ADD,4,JNZ,2,CMP,3,MOV,5,MOV,5,MOV,6,MOV,5,MOV,5,0,0,0,1,1,JLE,0,0,1,1,0,0,MOV,1,0,4243270,4243160,4243286,0,0,0,0,fortran,1.019542649798025e-06,0.984126984126984,1,1,1
0x40bf44,JNZ,5072382,4991868,-68,2,0x40bf41,CMP,1,Leaf,r9d(ADD) r8d(-1) ,rflags ,CMP,3,ADD,3,ADD,4,JNZ,2,CMP,3,ADD,4,ADD,5,CMP,5,JNZ,2,MOV,5,0,0,0,1,1,JLE,0,0,0,1,0,0,JNE,1,0,4243258,4243200,4243270,0,0,0,0,fortran,6.423118693727557e-05,0.984126984126984,1,1,1
0x40bf38,JNZ,25361910,20289528,-16,2,0x40bf35,CMP,1,Leaf,rax(ADD) rcx(LEA) ,rflags ,CMP,3,ADD,4,MOVSD_XMM,5,MOVSD_XMM,4,NOP,5,ADD,4,ADD,3,CMP,3,JNZ,2,ADD,4,1,1,1,1,1,JNE,0,0,0,1,0,0,JNE,0,0,4243240,4243240,4243258,1,0,1,0,fortran,0.0003211559346863,0.8,1,1,1
0x40bf03,JLE,5072382,0,55,2,0x40bf00,TEST,1,Leaf,r11d(-1) r11d(-1) ,rflags ,TEST,3,LEA,5,ADD,3,MOV,6,SUB,5,MOV,4,LEA,4,LEA,3,MOV,3,MOVSXD,3,1,1,1,0,0,JNE,0,0,1,0,0,0,NOP,0,0,4243200,4243258,4243205,0,0,0,0,fortran,6.423118693727557e-05,0.0,0,0,0
0x40bede,JLE,80514,0,104,2,0x40bedc,TEST,1,Leaf,eax(MOV) eax(MOV) ,rflags ,TEST,2,MOV,4,NOP,4,SHL,4,MOV,3,MOV,5,MOV,5,MOV,3,SUB,5,MOV,6,1,1,1,0,0,JNE,0,0,1,0,0,0,LEA,0,0,4243160,4243270,4243168,0,0,0,0,fortran,1.019542649798025e-06,0.0,0,0,0
0x40be4f,JLE,1278,0,447,6,0x40be4d,TEST,1,Leaf,eax(MOV) eax(MOV) ,rflags ,TEST,2,MOV,2,MOV,4,MOV,3,MOV,5,MOVSXD,3,XOR,2,MOVSXD,3,TEST,3,MOVSXD,3,0,1,1,0,0,RET,1,0,1,0,0,0,NOP,0,0,4242992,4243470,4243029,0,1,0,1,fortran,1.6183216663460714e-08,0.0,0,0,0
0x40be2b,JNZ,3825,3570,-57,2,0x40be28,CMP,1,NonLeaf,rdi(-1) rdx(ADD) ,rflags ,CMP,3,MOVSD_XMM,5,MOVSD_XMM,8,MOVSD_XMM,5,MOV,8,JMP,2,INVALID,0,INVALID,0,INVALID,0,INVALID,0,1,1,1,1,1,JNE,0,0,1,1,0,0,JMP,0,0,4242930,4242930,4242989,1,0,1,0,fortran,4.843568367585073e-08,0.9333333333333332,1,1,1
0x40bde7,JNZ,255,238,-20,2,0x40bddf,CMP,1,NonLeaf,r8d(ADD) rsp(-1) ,rflags ,CMP,8,ADD,3,ADD,4,JLE,2,CMP,3,JMP,5,LEA,4,MOVSD_XMM,8,MOV,8,ADD,4,0,0,0,1,1,JLE,0,0,1,1,0,0,JMP,1,0,4242904,4242899,4242921,0,0,0,0,fortran,3.2290455783900483e-09,0.9333333333333332,1,1,1
0x40bdd6,JLE,255,255,24,2,0x40bdd3,CMP,1,NonLeaf,ecx(-1) r10d(-1) ,rflags ,CMP,3,MOV,3,MOV,3,JNLE,6,CMP,3,ADD,4,ADD,3,CMP,8,JNZ,2,JMP,5,1,1,0,0,0,LEA,0,0,1,1,0,0,JNE,0,0,4242899,4242926,4242904,0,0,0,0,fortran,3.2290455783900483e-09,1.0,1,0,1
0x40bdc7,JNLE,17,0,-14769,6,0x40bdc4,CMP,1,NonLeaf,r9d(-1) r11d(-1) ,rflags ,CMP,3,JL,6,CMP,7,JMP,5,MOVSD_XMM,6,MOV,3,MOV,3,CMP,3,JLE,2,ADD,4,0,0,1,0,0,JNE,0,0,1,0,0,0,MOV,0,0,4242884,4228118,4242893,0,0,0,0,fortran,2.1526970522600322e-10,0.0,0,0,0
0x40bdbe,JL,41,24,-14760,6,0x40bdb7,CMP,1,NonLeaf,rsp(-1) edx(-1) ,rflags ,CMP,7,JMP,5,MOVSD_XMM,6,MOVSD_XMM,9,MOVSD_XMM,9,CMP,3,JNLE,6,MOV,3,MOV,3,CMP,3,0,0,1,0,0,JNE,0,0,1,0,0,0,JG,0,0,4242871,4228118,4242884,0,0,0,0,fortran,5.191798773097724e-10,0.5853658536585366,1,0,1
0x40ba6f,JZ,1,0,485,6,0x40ba6c,TEST,1,NonLeaf,rdi(MOV) rdi(MOV) ,rflags ,TEST,3,MOV,5,CALL_NEAR,5,JZ,2,TEST,3,ADD,7,POP,1,POP,1,POP,2,POP,2,0,1,0,0,0,RET,0,0,1,0,0,0,JMP,0,0,4242023,4242516,4242037,0,0,0,0,fortran,1.266292383682372e-11,0.0,0,0,0
0x40ba60,JZ,1,0,7,2,0x40ba5d,TEST,1,NonLeaf,rdi(MOV) rdi(MOV) ,rflags ,TEST,3,MOV,8,CALL_NEAR,5,JZ,2,TEST,3,CALL_NEAR,5,MOV,5,TEST,3,JZ,6,ADD,7,0,1,1,0,0,JE,0,0,1,0,0,0,CALL,0,1,4242005,4242023,4242018,0,0,0,1,fortran,1.266292383682372e-11,0.0,0,1,0
0x40ba4e,JZ,1,0,7,2,0x40ba4b,TEST,1,NonLeaf,rdi(MOV) rdi(MOV) ,rflags ,TEST,3,MOV,8,CALL_NEAR,5,JZ,2,TEST,3,CALL_NEAR,5,MOV,8,TEST,3,JZ,2,CALL_NEAR,5,0,1,1,0,0,JE,0,0,1,0,0,0,CALL,0,1,4241987,4242005,4242000,0,0,0,1,fortran,1.266292383682372e-11,0.0,0,0,0
0x40ba3c,JZ,1,0,7,2,0x40ba39,TEST,1,NonLeaf,rdi(MOV) rdi(MOV) ,rflags ,TEST,3,MOV,5,CALL_NEAR,5,JZ,2,TEST,3,CALL_NEAR,5,MOV,8,TEST,3,JZ,2,CALL_NEAR,5,0,1,1,0,0,JE,0,0,1,0,0,0,CALL,0,1,4241972,4241987,4241982,0,0,0,1,fortran,1.266292383682372e-11,0.0,0,0,0
0x40ba2d,JZ,1,0,7,2,0x40ba2a,TEST,1,NonLeaf,rdi(MOV) rdi(MOV) ,rflags ,TEST,3,MOV,5,CALL_NEAR,5,JZ,2,TEST,3,CALL_NEAR,5,MOV,5,TEST,3,JZ,2,CALL_NEAR,5,0,1,1,0,0,JE,0,0,1,0,0,0,CALL,0,1,4241957,4241972,4241967,0,0,0,1,fortran,1.266292383682372e-11,0.0,0,0,0
0x40ba1e,JZ,1,0,7,2,0x40ba1b,TEST,1,NonLeaf,rdi(MOV) rdi(MOV) ,rflags ,TEST,3,MOV,5,CALL_NEAR,5,JZ,2,TEST,3,CALL_NEAR,5,MOV,5,TEST,3,JZ,2,CALL_NEAR,5,0,1,1,0,0,JE,0,0,1,0,0,0,CALL,0,1,4241942,4241957,4241952,0,0,0,1,fortran,1.266292383682372e-11,0.0,0,0,0
0x40ba0f,JZ,1,0,7,2,0x40ba0c,TEST,1,NonLeaf,rdi(MOV) rdi(MOV) ,rflags ,TEST,3,MOV,8,CALL_NEAR,5,JZ,2,TEST,3,CALL_NEAR,5,MOV,5,TEST,3,JZ,2,CALL_NEAR,5,0,1,1,0,0,JE,0,0,1,0,0,0,CALL,0,1,4241924,4241942,4241937,0,0,0,1,fortran,1.266292383682372e-11,0.0,0,0,0
0x40b9fd,JZ,1,0,7,2,0x40b9fa,TEST,1,NonLeaf,rdi(MOV) rdi(MOV) ,rflags ,TEST,3,MOV,8,CALL_NEAR,5,JZ,2,TEST,3,CALL_NEAR,5,MOV,8,TEST,3,JZ,2,CALL_NEAR,5,0,1,1,0,0,JE,0,0,1,0,0,0,CALL,0,1,4241906,4241924,4241919,0,0,0,1,fortran,1.266292383682372e-11,0.0,0,0,0
0x40b9eb,JZ,1,0,7,2,0x40b9e8,TEST,1,NonLeaf,rdi(MOV) rdi(MOV) ,rflags ,TEST,3,MOV,8,CALL_NEAR,5,JZ,2,TEST,3,CALL_NEAR,5,MOV,8,TEST,3,JZ,2,CALL_NEAR,5,0,1,1,0,0,JE,0,0,1,0,0,0,CALL,0,1,4241888,4241906,4241901,0,0,0,1,fortran,1.266292383682372e-11,0.0,0,0,0
0x40b9d9,JZ,1,0,7,2,0x40b9d6,TEST,1,NonLeaf,rdi(MOV) rdi(MOV) ,rflags ,TEST,3,MOV,8,CALL_NEAR,5,JZ,2,TEST,3,CALL_NEAR,5,MOV,8,TEST,3,JZ,2,CALL_NEAR,5,0,1,1,0,0,JE,0,0,1,0,0,0,CALL,0,1,4241870,4241888,4241883,0,0,0,1,fortran,1.266292383682372e-11,0.0,0,0,0
0x40b9c7,JZ,1,0,7,2,0x40b9c4,TEST,1,NonLeaf,rdi(MOV) rdi(MOV) ,rflags ,TEST,3,MOV,8,CALL_NEAR,5,JZ,2,TEST,3,CALL_NEAR,5,MOV,8,TEST,3,JZ,2,CALL_NEAR,5,0,1,1,0,0,JE,0,0,1,0,0,0,CALL,0,1,4241852,4241870,4241865,0,0,0,1,fortran,1.266292383682372e-11,0.0,0,0,0
0x40b9b5,JZ,1,0,7,2,0x40b9b2,TEST,1,NonLeaf,rdi(MOV) rdi(MOV) ,rflags ,TEST,3,MOV,8,CALL_NEAR,5,MOV,3,JZ,2,CALL_NEAR,5,MOV,8,TEST,3,JZ,2,CALL_NEAR,5,0,1,1,0,0,JE,0,0,1,0,0,0,CALL,0,1,4241834,4241852,4241847,0,0,0,1,fortran,1.266292383682372e-11,0.0,0,0,0
0x40b9a0,JZ,1,0,10,2,0x40b99d,TEST,1,NonLeaf,r13(-1) r13(-1) ,rflags ,TEST,3,CALL_NEAR,5,JZ,2,TEST,3,MOV,8,MOV,3,CALL_NEAR,5,MOV,8,TEST,3,JZ,2,0,1,1,0,0,JE,0,0,1,0,0,0,CALL,0,1,4241821,4241834,4241826,0,0,0,1,fortran,1.266292383682372e-11,0.0,0,0,0
0x40b996,JZ,1,0,7,2,0x40b993,TEST,1,NonLeaf,rdi(MOV) rdi(MOV) ,rflags ,TEST,3,MOV,8,CALL_NEAR,5,JZ,2,TEST,3,CALL_NEAR,5,TEST,3,JZ,2,MOV,3,CALL_NEAR,5,0,1,1,0,0,JE,0,0,1,0,0,0,CALL,0,1,4241803,4241821,4241816,0,0,0,1,fortran,1.266292383682372e-11,0.0,0,0,0
0x40b984,JZ,1,0,7,2,0x40b981,TEST,1,NonLeaf,rdi(MOV) rdi(MOV) ,rflags ,TEST,3,MOV,8,CALL_NEAR,5,JZ,2,TEST,3,CALL_NEAR,5,MOV,8,TEST,3,JZ,2,CALL_NEAR,5,0,1,1,0,0,JE,0,0,1,0,0,0,CALL,0,1,4241785,4241803,4241798,0,0,0,1,fortran,1.266292383682372e-11,0.0,0,0,0
0x40b972,JZ,1,0,7,2,0x40b96f,TEST,1,NonLeaf,rdi(MOV) rdi(MOV) ,rflags ,TEST,3,MOV,8,CALL_NEAR,5,JZ,2,TEST,3,CALL_NEAR,5,MOV,8,TEST,3,JZ,2,CALL_NEAR,5,0,1,1,0,0,JE,0,0,1,0,0,0,CALL,0,1,4241767,4241785,4241780,0,0,0,1,fortran,1.266292383682372e-11,0.0,0,0,0
0x40b960,JZ,1,0,7,2,0x40b95d,TEST,1,NonLeaf,rdi(MOV) rdi(MOV) ,rflags ,TEST,3,MOV,8,CALL_NEAR,5,JZ,2,TEST,3,CALL_NEAR,5,MOV,8,TEST,3,JZ,2,CALL_NEAR,5,0,1,1,0,0,JE,0,0,1,0,0,0,CALL,0,1,4241749,4241767,4241762,0,0,0,1,fortran,1.266292383682372e-11,0.0,0,0,0
0x40b94e,JZ,1,0,7,2,0x40b94b,TEST,1,NonLeaf,rdi(MOV) rdi(MOV) ,rflags ,TEST,3,MOV,8,CALL_NEAR,5,JZ,2,TEST,3,CALL_NEAR,5,MOV,8,TEST,3,JZ,2,CALL_NEAR,5,0,1,1,0,0,JE,0,0,1,0,0,0,CALL,0,1,4241731,4241749,4241744,0,0,0,1,fortran,1.266292383682372e-11,0.0,0,0,0
0x40b93c,JZ,1,0,7,2,0x40b939,TEST,1,NonLeaf,rdi(MOV) rdi(MOV) ,rflags ,TEST,3,MOV,8,CALL_NEAR,5,JZ,2,TEST,3,CALL_NEAR,5,MOV,8,TEST,3,JZ,2,CALL_NEAR,5,0,1,1,0,0,JE,0,0,1,0,0,0,CALL,0,1,4241713,4241731,4241726,0,0,0,1,fortran,1.266292383682372e-11,0.0,0,0,0
0x40b92a,JZ,1,0,7,2,0x40b927,TEST,1,NonLeaf,rdi(MOV) rdi(MOV) ,rflags ,TEST,3,MOV,8,CALL_NEAR,5,MOV,3,JZ,2,CALL_NEAR,5,MOV,8,TEST,3,JZ,2,CALL_NEAR,5,0,1,1,0,0,JE,0,0,1,0,0,0,CALL,0,1,4241695,4241713,4241708,0,0,0,1,fortran,1.266292383682372e-11,0.0,0,0,0
0x40b915,JZ,1,0,10,2,0x40b912,TEST,1,NonLeaf,r12(-1) r12(-1) ,rflags ,TEST,3,CALL_NEAR,5,MOV,3,JZ,2,TEST,3,MOV,3,CALL_NEAR,5,MOV,8,TEST,3,JZ,2,0,1,1,0,0,JE,0,0,1,0,0,0,CALL,0,1,4241682,4241695,4241687,0,0,0,1,fortran,1.266292383682372e-11,0.0,0,1,0
0x40b908,JZ,1,0,10,2,0x40b905,TEST,1,NonLeaf,r14(-1) r14(-1) ,rflags ,TEST,3,CALL_NEAR,5,MOV,8,JZ,2,CMP,9,MOV,3,CALL_NEAR,5,TEST,3,JZ,2,MOV,3,0,1,1,0,0,JE,0,0,1,0,0,0,CALL,0,1,4241669,4241682,4241674,0,0,0,1,fortran,1.266292383682372e-11,0.0,0,1,0
0x40b8f6,JZ,1,0,15,2,0x40b8ed,CMP,1,NonLeaf,rsp(-1) ,rflags ,CMP,9,MOV,8,MOV,8,MOV,3,JMP,5,MOV,8,CALL_NEAR,5,TEST,3,JZ,2,MOV,3,0,1,1,0,0,JE,0,0,1,0,0,0,CALL,0,1,4241645,4241669,4241656,0,1,0,1,fortran,1.266292383682372e-11,0.0,0,1,0
0x40b8cf,JNZ,5120,5040,-581,6,0x40b8c8,CMP,1,NonLeaf,ebp(ADD) rsp(-1) ,rflags ,CMP,7,ADD,3,ADD,3,ADD,3,MOV,8,JMP,5,MOV,3,MOV,8,MOV,8,CMP,9,0,0,0,1,1,JLE,0,0,1,1,0,0,JMP,1,0,4241591,4241034,4241621,0,0,0,0,fortran,6.483417004453746e-08,0.984375,1,1,1
0x40b8b1,JNZ,322560,317440,-401,6,0x40b8ad,CMP,1,NonLeaf,edi(-1) rsp(-1) ,rflags ,CMP,4,ADD,3,ADD,3,ADD,8,ADD,3,MOV,8,ADD,3,ADD,3,ADD,3,CMP,7,0,0,0,1,1,JLE,0,0,0,1,0,0,JNE,1,0,4241556,4241184,4241591,0,0,0,0,fortran,4.084552712805859e-06,0.984126984126984,1,1,1
0x40b81d,JZ,322560,0,119,2,0x40b815,CMP,1,NonLeaf,r10d(-1) rsp(-1) ,rflags ,CMP,8,JNBE,6,CMP,7,MOVHPD,5,MOVHPD,5,MOV,8,MOV,3,ADD,3,ADD,3,LEA,5,0,0,1,0,0,JNE,0,0,0,0,0,0,MOVSD,0,0,4241429,4241556,4241439,0,0,0,1,fortran,4.084552712805859e-06,0.0,0,1,0
0x40b80f,JNBE,9999360,9676800,-192,6,0x40b808,CMP,1,NonLeaf,rsp(-1) ebx(ADD) ,rflags ,CMP,7,MOVHPD,5,MOVHPD,5,MOVLPD,5,MOVLPD,5,CMP,8,JZ,2,MOV,8,MOV,3,ADD,3,1,1,1,1,1,JA,0,0,1,1,0,0,JE,0,0,4241231,4241231,4241429,1,0,1,0,fortran,0.0001266211340969,0.967741935483871,1,1,1
0x40b73e,JNZ,322560,0,225,6,0x40b738,TEST,1,NonLeaf,ebx(MOV) ebx(MOV) ,rflags ,LEA,4,TEST,2,MOV,8,MOV,7,JLE,6,MOV,3,MOV,3,MOV,3,XOR,2,MOVSD_XMM,5,0,1,0,0,0,MOVSD,0,0,1,0,0,0,XOR,0,0,4241193,4241439,4241220,0,0,1,0,fortran,4.084552712805859e-06,0.0,0,0,0
0x40b723,JLE,322560,0,369,6,0x40b720,TEST,1,NonLeaf,r10d(MOV) r10d(MOV) ,rflags ,TEST,3,NOP,5,MOV,8,SUB,3,MOV,3,MOV,7,MOV,8,TEST,2,LEA,4,JNZ,6,1,1,1,0,0,JNE,0,0,1,0,0,0,JNE,0,0,4241184,4241556,4241193,0,0,0,0,fortran,4.084552712805859e-06,0.0,0,0,0
0x40b695,JLE,5120,0,546,6,0x40b692,TEST,1,NonLeaf,r13d(MOV) r13d(MOV) ,rflags ,TEST,3,MOV,8,MOV,4,MOV,7,LEA,3,MOV,8,MOV,5,MOV,3,MOV,8,LEA,4,1,1,1,0,0,JNE,0,0,1,0,0,0,NOP,0,0,4241034,4241591,4241051,0,0,0,1,fortran,6.483417004453746e-08,0.0,0,0,0
0x40b62a,JZ,80,1,688,6,0x40b61c,CMP,1,NonLeaf,eax(ADD) rsp(-1) ,rflags ,MOV,7,CMP,7,ADD,3,MOV,7,CALL_NEAR,5,MOV,7,JMP,5,ADD,3,MOV,7,JMP,5,0,1,1,0,0,MOV,1,0,1,0,0,0,JMP,0,0,4240914,4241626,4240944,0,0,0,1,fortran,1.0130339069458976e-09,0.0125,0,0,0
0x40b58b,JNZ,5120,5040,-184,6,0x40b588,CMP,1,NonLeaf,r11d(ADD) ebp(-1) ,rflags ,CMP,3,ADD,8,ADD,4,JNZ,2,CMP,3,MOVSD_XMM,9,LEA,8,MOV,12,MOV,11,MOV,11,0,0,0,1,1,JLE,0,0,1,1,0,0,MOVSD,1,0,4240764,4240595,4240785,0,0,0,1,fortran,6.483417004453746e-08,0.984375,1,1,1
0x40b57a,JNZ,322560,317440,-98,2,0x40b577,CMP,1,NonLeaf,esi(ADD) r8d(-1) ,rflags ,CMP,3,ADD,3,ADD,3,JNZ,2,ADDSD,4,ADD,4,ADD,8,CMP,3,JNZ,6,MOVSD_XMM,9,0,0,0,1,1,JLE,0,0,0,1,0,0,JNE,1,0,4240753,4240664,4240764,0,0,0,0,fortran,4.084552712805859e-06,0.984126984126984,1,1,1
0x40b56f,JNZ,20321280,19998720,-71,2,0x40b564,CMP,1,NonLeaf,rdx(-1) rax(ADD) ,rflags ,ADDSD,4,MULSD,4,CMP,3,MOVSD_XMM,5,ADDSD,4,ADD,3,ADD,3,CMP,3,JNZ,2,ADD,4,1,1,1,1,1,JNE,0,0,0,1,0,0,JNE,0,0,4240680,4240680,4240753,1,0,0,0,fortran,0.0002573268209067,0.984126984126984,1,1,1
0x40b522,JLE,322560,0,79,2,0x40b518,TEST,1,NonLeaf,edi(MOV) edi(MOV) ,rflags ,MOV,3,LEA,5,TEST,2,NOP,6,LEA,8,NOP,4,MOVSD_XMM,4,ADD,4,MULSD,4,ADDSD,4,1,1,1,0,0,JNE,0,0,1,0,0,0,NOP,0,0,4240664,4240753,4240676,0,0,0,0,fortran,4.084552712805859e-06,0.0,0,0,0
0x40b4d5,JLE,5120,0,167,6,0x40b4d3,TEST,1,NonLeaf,ebx(-1) ebx(-1) ,rflags ,TEST,2,LEA,4,MOV,2,MOV,6,MOV,8,MOV,8,MOV,8,MOV,2,MOV,8,LEA,5,1,1,1,0,0,JNE,0,0,1,0,0,0,NOP,0,0,4240595,4240764,4240603,0,0,0,0,fortran,6.483417004453746e-08,0.0,0,0,0
0x40b49a,JLE,80,0,256,6,0x40b498,TEST,1,NonLeaf,ebp(MOV) ebp(MOV) ,rflags ,TEST,2,MOV,2,MOV,12,MOV,8,JNLE,6,MOV,8,MOV,8,ADD,3,ADD,8,XORPD,4,0,1,1,0,0,CALL,0,1,1,0,0,0,LEA,0,0,4240514,4240794,4240544,0,1,1,0,fortran,1.0130339069458976e-09,0.0,0,0,0
0x40b47c,JNLE,80,80,463,6,0x40b479,CMP,1,NonLeaf,eax(MOV) ,rflags ,CMP,3,MOV,7,JZ,6,CMP,3,MOV,8,MOV,8,MOV,12,MOV,2,TEST,2,JLE,6,0,1,0,0,0,MOV,0,0,1,1,0,0,JLE,0,0,4240498,4240971,4240514,1,0,1,1,fortran,1.0130339069458976e-09,1.0,1,0,1
0x40b46c,JZ,80,80,2042,6,0x40b469,CMP,1,NonLeaf,rax(MOV) ,rflags ,CMP,3,MOV,8,CALL_NEAR,5,LEA,8,CALL_NEAR,5,MOV,7,CMP,3,JNLE,6,MOV,8,MOV,12,0,1,0,0,0,CALL,0,1,1,1,0,0,JG,0,0,4240481,4242534,4240498,0,0,1,0,fortran,1.0130339069458976e-09,1.0,1,0,1
0x40b398,JNZ,5120,5040,-5028,6,0x40b391,CMP,1,NonLeaf,eax(MOV) rsp(-1) ,rflags ,CMP,7,MOV,7,ADD,8,ADD,8,MOV,8,MOV,3,LEA,8,MOV,12,MOV,11,MOV,12,0,0,0,1,1,JLE,0,0,1,1,0,0,MOV,1,0,4240218,4235252,4240286,0,0,0,0,fortran,6.483417004453746e-08,0.984375,1,1,1
0x40b32d,JZ,322560,5120,42,2,0x40b326,CMP,1,NonLeaf,rsp(-1) eax(MOV) ,rflags ,CMP,7,MOV,7,ADD,3,ADD,8,ADD,8,MOV,8,JMP,5,MOV,8,ADD,3,MOV,8,0,1,1,0,0,MOV,1,0,1,0,0,0,JMP,0,0,4240113,4240215,4240175,0,0,0,0,fortran,4.084552712805859e-06,0.0158730158730158,0,0,0
0x40b2eb,JNZ,20321280,19998720,-3475,6,0x40b2e7,CMP,1,NonLeaf,rsp(-1) eax(MOV) ,rflags ,CMP,4,ADD,9,ADD,9,ADD,9,MOV,7,MOV,8,ADD,8,ADD,3,MOV,8,ADD,8,0,0,0,1,1,ADD,0,0,0,1,0,0,JE,1,0,4240047,4236632,4240113,0,0,1,1,fortran,0.0002573268209067,0.984126984126984,1,1,1
0x40affc,JZ,20321280,10160640,691,6,0x40afea,CMP,1,NonLeaf,rsp(-1) ,rflags ,MOVSD_XMM,10,CMP,8,ADD,3,MOV,8,MOVSD_XMM,10,MOV,8,CDQE,2,MOV,8,MOV,8,MOV,8,0,1,1,0,0,JNE,0,0,1,0,0,0,DIVSD,0,0,4239291,4240047,4239362,0,0,1,0,fortran,0.0002573268209067,0.5,0,1,0
0x40afb5,JBE,40642560,20321280,-777,6,0x40afb1,CMP,1,NonLeaf,r14d(-1) ,rflags ,CMP,4,ADD,4,MOVHPD,6,MOVLPD,5,MOVHPD,6,MOV,7,MOV,3,MOV,3,MOVSD_XMM,10,MOV,3,0,0,0,1,1,ADDPD,0,0,1,1,0,0,JE,1,0,4239074,4238508,4239291,1,0,0,0,fortran,0.0005146536418135,0.5,0,1,0
0x40a714,JZ,20321280,10160640,702,6,0x40a70a,TEST,1,NonLeaf,edx(SHR) edx(SHR) ,rflags ,MOV,8,TEST,2,SHR,4,LEA,5,SHL,4,MOV,3,MOV,8,MOV,8,MOVSD_XMM,7,ADD,4,0,1,1,0,0,LEA,0,0,1,0,0,0,DIVSD,0,0,4237026,4237778,4237082,1,0,1,0,fortran,0.0002573268209067,0.5,0,1,0
0x40a176,JLE,322560,0,4475,6,0x40a173,TEST,0,NonLeaf,r15d(-1) r15d(-1) ,rflags ,TEST,3,MOV,7,LEA,4,MOV,8,MOV,8,MOVSD_XMM,9,MOV,3,MOV,8,MOV,8,MOV,8,1,1,1,0,0,JE,0,0,1,0,0,0,MOV,0,0,4235616,4240113,4235644,0,0,1,1,fortran,4.084552712805859e-06,0.0,0,0,0
0x409ffd,JLE,5120,0,5695,6,0x409ffb,TEST,1,NonLeaf,edx(MOV) edx(MOV) ,rflags ,TEST,2,MOV,7,MOVAPD,5,MOVAPD,5,MOVAPD,5,MOV,8,MOV,8,MOVSXD,3,MOV,8,MOV,8,1,1,0,0,0,JMP,0,0,1,0,0,0,MOV,0,0,4235252,4240956,4235267,0,0,1,1,fortran,6.483417004453746e-08,0.0,0,0,0
0x409f12,JLE,80,0,5263,6,0x409f10,TEST,1,NonLeaf,eax(MOV) eax(MOV) ,rflags ,TEST,2,MOV,2,CALL_NEAR,5,XOR,2,MOV,4,MOVSD_XMM,10,ADD,3,MOV,8,MOVSD_XMM,10,MOV,7,0,1,1,0,0,CALL,0,1,1,0,0,0,MOVAPD,0,0,4235022,4240289,4235032,0,1,1,1,fortran,1.0130339069458976e-09,0.0,0,0,0
0x409e4d,JNZ,5120,5040,-4517,6,0x409e46,CMP,1,NonLeaf,rsp(-1) eax(MOV) ,rflags ,CMP,7,MOV,7,ADD,8,ADD,8,ADD,8,MOV,8,LEA,8,MOV,8,MOV,8,MOV,8,0,0,0,1,1,JLE,0,0,1,1,0,0,MOV,1,0,4234775,4230312,4234835,0,0,0,0,fortran,6.483417004453746e-08,0.984375,1,1,1
0x409e0b,JNZ,322560,317440,-4195,6,0x409e04,CMP,1,NonLeaf,rsp(-1) eax(MOV) ,rflags ,CMP,7,MOV,7,ADD,8,ADD,8,MOV,8,MOV,3,MOV,3,ADD,8,MOV,8,ADD,8,0,0,0,1,1,JLE,0,0,1,1,0,0,MOV,1,0,4234717,4230568,4234769,0,0,0,0,fortran,4.084552712805859e-06,0.984126984126984,1,1,1
0x409dc6,JNZ,20321280,19998720,-3246,6,0x409dbf,CMP,1,NonLeaf,rsp(-1) eax(MOV) ,rflags ,CMP,7,MOV,7,ADD,8,ADD,4,ADD,7,MOV,8,MOV,3,MOV,3,MOV,3,ADD,8,0,0,0,1,1,MOV,0,0,1,1,0,0,MOV,1,0,4234655,4231448,4234700,0,0,1,0,fortran,0.0002573268209067,0.984126984126984,1,1,1
0x409d99,JNZ,101606400,81285120,-2707,6,0x409d95,CMP,1,NonLeaf,rbx(ADD) ,rflags ,CMP,4,ADD,9,ADD,9,ADD,9,ADD,9,MOV,3,MOV,3,ADD,7,ADD,4,ADD,8,0,0,0,1,1,JE,0,0,1,1,0,0,JNE,1,0,4234605,4231942,4234655,0,0,1,1,fortran,0.0012866341045338,0.8,1,1,1
0x409b43,JZ,101606400,50803200,554,6,0x409b3b,CMP,1,NonLeaf,rsp(-1) ,rflags ,CMP,8,ADD,3,MOV,8,MOV,3,MOV,3,MOV,8,MOVSXD,3,MOV,8,MOV,8,MOV,8,0,1,1,0,0,JNE,0,0,1,0,0,0,MOV,0,0,4234007,4234605,4234057,0,0,1,1,fortran,0.0012866341045338,0.5,0,1,0
0x409b11,JBE,203212800,101606400,-700,6,0x409b0e,CMP,1,NonLeaf,edx(-1) ,rflags ,CMP,3,ADD,4,MOVHPD,6,MOVLPD,5,SUBPD,4,MOV,4,MOV,3,MOV,3,MOV,3,MOV,3,0,0,0,1,1,MOVAPD,0,0,1,1,0,0,JE,1,0,4233717,4233301,4234007,1,0,0,0,fortran,0.0025732682090676,0.5,0,1,0
0x4093b6,JZ,101606400,50803200,728,6,0x4093ac,TEST,1,NonLeaf,edx(SHR) edx(SHR) ,rflags ,MOV,8,TEST,2,ADD,3,MOV,8,MOV,8,MOV,8,MOV,8,MOV,3,MOV,8,SUB,3,1,1,1,0,0,MOV,0,0,1,0,0,0,SUBSD,0,0,4231942,4232846,4232124,1,0,1,1,fortran,0.0012866341045338,0.5,0,0,0
0x408db1,JLE,322560,0,9611,6,0x408daf,TEST,1,NonLeaf,ecx(MOV) ecx(MOV) ,rflags ,TEST,2,MOV,7,NOP,7,MOV,3,MOV,3,MOVSD_XMM,8,MOV,7,XOR,2,MOVSD_XMM,10,MOV,7,1,1,0,0,0,JMP,0,0,1,0,0,0,MOV,0,0,4230568,4240188,4230583,0,0,1,1,fortran,4.084552712805859e-06,0.0,0,0,0
0x408cb1,JLE,5120,0,4454,6,0x408caf,TEST,1,NonLeaf,esi(MOV) esi(MOV) ,rflags ,TEST,2,MOV,7,MOVAPD,9,UNPCKLPD,4,MOVAPD,4,MOV,8,MOV,8,XOR,3,MOV,8,MOV,8,1,1,1,0,0,JNE,0,0,1,0,0,0,NOP,0,0,4230312,4234775,4230327,0,0,1,1,fortran,6.483417004453746e-08,0.0,0,0,0
0x408bbb,JLE,80,0,4768,6,0x408bb9,TEST,1,NonLeaf,eax(MOV) eax(MOV) ,rflags ,TEST,2,MOV,2,CALL_NEAR,5,XOR,2,MOV,5,MOVSD_XMM,9,MOV,8,ADD,3,MOV,7,MOV,8,0,1,1,0,0,CALL,0,1,1,0,0,0,MOVAPD,0,0,4230071,4234843,4230081,0,1,1,1,fortran,1.0130339069458976e-09,0.0,0,0,0
0x4089ee,JNZ,5120,5040,-813,6,0x4089e7,CMP,1,NonLeaf,rsp(-1) eax(MOV) ,rflags ,CMP,7,MOV,7,ADD,8,MOV,8,ADD,8,MOV,8,MOVSD_XMM,9,LEA,8,MOV,8,MOV,8,0,0,0,1,1,JLE,0,0,1,1,0,0,MOV,1,0,4229576,4228801,4229620,0,0,0,0,fortran,6.483417004453746e-08,0.984375,1,1,1
0x4089c2,JNZ,322560,317440,-682,6,0x4089ba,CMP,1,NonLeaf,r13d(ADD) rsp(-1) ,rflags ,CMP,8,ADD,8,ADD,4,JNZ,6,CMP,3,ADD,8,MOV,8,ADD,8,MOV,7,CMP,7,0,0,0,1,1,JLE,0,0,0,1,0,0,JNE,1,0,4229550,4228888,4229576,0,0,0,1,fortran,4.084552712805859e-06,0.984126984126984,1,1,1
0x4089a8,JNZ,20321280,19998720,-480,6,0x4089a5,CMP,1,NonLeaf,r12(ADD) rbx(-1) ,rflags ,CMP,3,ADD,4,MOVAPD,5,JZ,2,OR,2,ADD,4,ADD,8,CMP,8,JNZ,6,ADD,8,0,0,0,1,1,JP,0,0,0,1,0,0,JNE,1,0,4229537,4229064,4229550,0,0,0,0,fortran,0.0002573268209067,0.984126984126984,1,1,1
0x40899a,JZ,20321280,20297209,7,2,0x408998,OR,1,NonLeaf,edx(OR) eax(SETNBE) ,edx rflags ,OR,2,SETNBE,3,UCOMISD,5,XOR,2,SETP,3,MOVAPD,5,ADD,4,CMP,3,JNZ,6,ADD,4,0,1,1,0,0,JNE,0,0,1,0,0,0,MOVAPD,0,0,4229508,4229537,4229532,0,0,0,0,fortran,0.0002573268209067,0.9988154781588562,1,1,1
0x40897e,JP,20321280,0,13179,6,0x40897a,UCOMISD,1,NonLeaf,xmm0(SQRTSD) xmm0(SQRTSD) ,rflags ,UCOMISD,4,SQRTSD,4,ADDSD,4,MULSD,4,ADDSD,4,XOR,2,UCOMISD,5,SETP,3,XOR,2,UCOMISD,5,0,1,0,0,0,CALL,0,1,1,1,0,0,JE,0,0,4229277,4242681,4229508,0,0,1,0,fortran,0.0002573268209067,0.0,0,0,0
0x408848,JP,20321280,0,13537,6,0x408844,UCOMISD,1,NonLeaf,xmm5(SQRTSD) xmm5(SQRTSD) ,rflags ,UCOMISD,4,SQRTSD,4,DIVSD,4,MULSD,9,MULSD,9,MOVSD_XMM,8,MOVAPD,4,MOVSD_XMM,10,MOVAPD,10,MOVSD_XMM,9,1,1,0,0,0,CALL,0,1,1,1,0,0,CALL,0,1,4229064,4242729,4229198,0,0,1,1,fortran,0.0002573268209067,0.0,0,0,0
0x40871b,JLE,322560,0,659,6,0x408718,TEST,1,NonLeaf,r14d(MOV) r14d(MOV) ,rflags ,TEST,3,NOP,6,LEA,8,LEA,4,LEA,4,MOVSD_XMM,9,MOV,8,LEA,4,MOV,3,MOVAPD,4,1,1,1,0,0,JNE,0,0,1,0,0,0,NOP,0,0,4228888,4229550,4228897,0,0,0,1,fortran,4.084552712805859e-06,0.0,0,0,0
0x4086ca,JLE,5120,0,766,6,0x4086c8,TEST,1,NonLeaf,edi(MOV) edi(MOV) ,rflags ,TEST,2,MOV,7,MOVSD_XMM,9,MOVSD_XMM,9,MOV,7,MOV,8,MOV,8,MOV,6,MOV,3,MOV,8,1,1,1,0,0,JNE,0,0,1,0,0,0,NOP,0,0,4228801,4229576,4228816,0,0,1,0,fortran,6.483417004453746e-08,0.0,0,0,0
0x408622,JLE,80,0,986,6,0x4085ee,CMP,1,NonLeaf,eax(MOV) ,rflags ,MOVSD_XMM,9,ORPD,4,ANDNPD,4,ANDPD,4,CMPSD_XMM,5,MOVSD_XMM,9,MOV,8,ADD,3,MOV,7,MOVSD_XMM,9,0,1,1,0,0,CALL,0,1,1,0,0,0,MOVSD,0,0,4228542,4229628,4228648,0,1,1,1,fortran,1.0130339069458976e-09,0.0,0,0,0
0x408465,JLE,1,0,13448,6,0x408463,TEST,1,NonLeaf,eax(MOV) eax(MOV) ,rflags ,TEST,2,MOV,2,MOV,11,MOV,8,JNZ,6,MOV,8,MOV,8,ADD,3,MOV,8,MOV,7,0,1,1,0,0,JE,1,0,1,0,0,0,MOV,0,0,4228174,4241645,4228203,0,1,0,1,fortran,1.266292383682372e-11,0.0,0,0,0
0x408427,JNZ,64,63,-33,2,0x408422,CMP,1,NonLeaf,rax(ADD) rsp(-1) ,rflags ,CMP,5,ADD,8,ADD,4,JNL,6,CMP,7,JMP,2,MOV,8,MOVSD_XMM,8,MOVSD_XMM,9,MOV,2,0,0,0,1,1,JGE,0,0,1,1,0,0,JMP,1,0,4228118,4228102,4228137,0,0,0,0,fortran,8.104271255567181e-10,0.984375,1,1,1
0x408410,JNL,64,41,14759,6,0x408409,CMP,1,NonLeaf,edx(LEA) rsp(-1) ,rflags ,CMP,7,LEA,3,LEA,8,XOR,2,SUB,3,ADD,4,ADD,8,CMP,5,JNZ,2,JMP,2,1,1,0,0,0,JL,0,0,1,1,0,0,JNE,0,0,4228102,4242871,4228118,0,0,0,0,fortran,8.104271255567181e-10,0.640625,1,0,1
0x40831a,JNZ,1,0,14211,6,0x408318,TEST,1,NonLeaf,eax(MOV) eax(MOV) ,rflags ,TEST,2,MOV,2,MOV,8,JNZ,6,CMP,8,MOV,8,MOV,7,MOV,8,MOV,7,MOV,8,0,0,0,0,0,JE,1,0,1,0,0,0,LEA,0,0,4227854,4242077,4227872,0,0,0,1,fortran,1.266292383682372e-11,0.0,0,0,0
0x408308,JNZ,64,63,-379,6,0x408300,CMP,1,NonLeaf,r11d(ADD) rsp(-1) ,rflags ,CMP,8,ADD,8,ADD,4,JNZ,6,CMP,7,MOV,8,MOV,2,TEST,2,JNZ,6,MOV,8,0,0,0,1,1,JLE,0,0,1,1,0,0,JNE,1,0,4227828,4227469,4227854,0,0,0,0,fortran,8.104271255567181e-10,0.984375,1,1,1
0x4082ee,JNZ,4032,3968,-316,6,0x4082e7,CMP,1,NonLeaf,ecx(ADD) rsp(-1) ,rflags ,CMP,7,ADD,3,ADD,8,ADD,3,MOVSD_XMM,7,ADD,4,ADD,8,CMP,8,JNZ,6,MOV,8,0,0,0,1,1,JLE,0,0,0,1,0,0,JNE,1,0,4227801,4227506,4227828,0,0,0,0,fortran,5.1056908910073244e-08,0.984126984126984,1,1,1
0x408293,JZ,4032,4032,70,2,0x40825d,CMP,1,NonLeaf,rsp(-1) r8d(-1) ,rflags ,MOVSD_XMM,7,MOV,9,MOVSD_XMM,8,MOV,9,MOV,9,MOV,8,MOVSD_XMM,8,ADD,3,MOVSD_XMM,7,MOV,9,0,0,1,0,0,JNE,0,0,1,0,0,0,MOVSD,0,0,4227658,4227801,4227733,0,0,0,1,fortran,5.1056908910073244e-08,1.0,1,1,1
0x408244,JZ,4032,0,149,6,0x408240,CMP,1,NonLeaf,rsp(-1) ebx(-1) ,rflags ,CMP,4,JNBE,2,CMP,7,MOVSD_XMM,5,MOVSD_XMM,8,MOV,8,MOVSD_XMM,8,ADD,3,CMP,5,MOVSD_XMM,7,0,0,1,0,0,JNE,0,0,0,0,0,0,JE,0,0,4227648,4227801,4227658,0,0,0,1,fortran,5.1056908910073244e-08,0.0,0,0,0
0x40823e,JNBE,124992,120960,-114,2,0x408237,CMP,1,NonLeaf,rsp(-1) edi(ADD) ,rflags ,CMP,7,MOVSD_XMM,5,MOVSD_XMM,8,MOVSD_XMM,5,MOVSD_XMM,8,CMP,4,JZ,6,MOV,8,MOVSD_XMM,8,ADD,3,1,1,1,1,1,JA,0,0,1,1,0,0,JE,0,0,4227532,4227532,4227648,1,0,1,0,fortran,1.5827641762122705e-06,0.967741935483871,1,1,1
0x4081c1,JNZ,4032,0,137,6,0x4081be,TEST,1,NonLeaf,r9d(-1) r9d(-1) ,rflags ,TEST,3,JLE,6,TEST,2,MOV,4,LEA,5,MOV,3,XOR,2,MOVSD_XMM,8,MOV,8,ADD,3,0,1,0,0,0,JE,0,0,1,0,0,0,XOR,0,0,4227518,4227658,4227527,0,0,1,0,fortran,5.1056908910073244e-08,0.0,0,1,0
0x4081b8,JLE,4032,0,289,6,0x4081b6,TEST,1,NonLeaf,eax(MOV) eax(MOV) ,rflags ,TEST,2,MOV,4,LEA,5,LEA,4,MOV,5,TEST,3,JNZ,6,MOV,3,XOR,2,MOVSD_XMM,8,1,1,1,0,0,JNE,0,0,1,0,0,0,JNE,0,0,4227506,4227801,4227518,0,0,0,0,fortran,5.1056908910073244e-08,0.0,0,0,0
0x408196,JLE,64,0,350,6,0x408194,TEST,1,NonLeaf,eax(MOV) eax(MOV) ,rflags ,TEST,2,MOV,7,MOV,7,ADD,3,MOV,7,MOV,8,MOV,5,LEA,4,LEA,5,MOV,4,1,1,1,0,0,JNE,0,0,1,0,0,0,LEA,0,0,4227469,4227828,4227484,0,0,0,0,fortran,8.104271255567181e-10,0.0,0,0,0
0x408122,JLE,1,0,14697,6,0x408101,CMP,1,NonLeaf,rsp(-1) ,rflags ,MOVSD_XMM,9,MOV,8,MOVSD_XMM,8,CMP,8,JNZ,6,MOV,8,TEST,3,MOV,6,CMOVZ,9,MOV,8,0,1,0,0,0,JE,1,0,1,0,0,0,MOV,0,0,4227329,4242059,4227368,0,0,0,1,fortran,1.266292383682372e-11,0.0,0,0,0
0x4080fb,JNZ,66,65,-322,6,0x4080f3,CMP,1,NonLeaf,r11d(ADD) rsp(-1) ,rflags ,CMP,8,ADD,8,ADD,4,JNZ,6,CMP,8,CMP,8,MOVSD_XMM,8,MOV,8,MOVSD_XMM,9,JLE,6,0,0,0,1,1,JLE,0,0,1,1,0,0,JLE,1,0,4227303,4227001,4227329,0,0,0,1,fortran,8.357529732303654e-10,0.9848484848484848,1,1,1
0x4080e1,JNZ,4158,4092,-258,6,0x4080d9,CMP,1,NonLeaf,r12d(ADD) rsp(-1) ,rflags ,CMP,8,ADD,3,ADD,8,ADD,4,MOV,9,ADD,4,ADD,8,CMP,8,JNZ,6,CMP,8,0,0,0,1,1,JLE,0,0,0,1,0,0,JNE,1,0,4227274,4227039,4227303,0,0,0,0,fortran,5.265243731351304e-08,0.984126984126984,1,1,1
0x408090,JZ,4158,4158,58,2,0x40805a,CMP,1,NonLeaf,rsp(-1) r8d(-1) ,rflags ,MOV,9,MOV,9,MOV,9,MOV,9,MOV,9,MOV,8,ADD,3,MOV,9,MOV,9,MOV,9,0,0,1,0,0,JNE,0,0,1,0,0,0,MOV,0,0,4227162,4227274,4227218,0,0,0,1,fortran,5.265243731351304e-08,1.0,1,1,1
0x408058,JZ,4158,0,114,2,0x408054,CMP,1,NonLeaf,rsp(-1) ebx(-1) ,rflags ,CMP,4,JNBE,2,CMP,7,MOV,8,MOV,8,CMP,5,LEA,4,MOV,9,MOV,9,MOV,9,0,0,1,0,0,JNE,0,0,0,0,0,0,JE,0,0,4227156,4227274,4227162,0,0,0,1,fortran,5.265243731351304e-08,0.0,0,0,0
0x408052,JNBE,128898,124740,-93,2,0x40804b,CMP,1,NonLeaf,rsp(-1) edi(ADD) ,rflags ,CMP,7,MOV,8,MOV,8,MOV,8,MOV,8,CMP,4,JZ,2,CMP,5,LEA,4,MOV,9,1,1,1,1,1,JA,0,0,1,1,0,0,JE,0,0,4227061,4227061,4227156,1,0,1,0,fortran,1.632225556718904e-06,0.967741935483871,1,1,1
0x407fee,JNZ,4158,0,108,2,0x407feb,TEST,1,NonLeaf,r9d(-1) r9d(-1) ,rflags ,TEST,3,JLE,6,TEST,2,MOV,4,LEA,5,MOV,3,XOR,2,MOV,7,MOV,8,ADD,3,0,1,0,0,0,JE,0,0,1,0,0,0,XOR,0,0,4227051,4227162,4227056,0,0,1,0,fortran,5.265243731351304e-08,0.0,0,1,0
0x407fe5,JLE,4158,0,229,6,0x407fe3,TEST,1,NonLeaf,eax(MOV) eax(MOV) ,rflags ,TEST,2,MOV,4,LEA,5,LEA,4,MOV,6,TEST,3,JNZ,2,MOV,3,XOR,2,MOV,7,1,1,1,0,0,JNE,0,0,1,0,0,0,JNE,0,0,4227039,4227274,4227051,0,0,0,0,fortran,5.265243731351304e-08,0.0,0,0,0
0x407fc2,JLE,66,0,293,6,0x407fc0,TEST,1,NonLeaf,eax(MOV) eax(MOV) ,rflags ,TEST,2,MOV,7,MOV,7,ADD,3,MOV,7,MOV,8,MOV,6,LEA,4,LEA,5,MOV,4,1,1,1,0,0,JNE,0,0,1,0,0,0,LEA,0,0,4227001,4227303,4227016,0,0,0,0,fortran,8.357529732303654e-10,0.0,0,0,0
0x407f09,JLE,1,0,1314,6,0x407f07,TEST,1,NonLeaf,esi(MOV) esi(MOV) ,rflags ,TEST,2,MOV,7,MOV,8,MOV,8,MOV,8,MOV,7,MOV,4,XOR,2,MOV,8,ADD,8,0,1,0,0,0,JNE,1,0,1,0,0,0,MOV,0,0,4226816,4228139,4226831,0,0,1,1,fortran,1.266292383682372e-11,0.0,0,0,0
0x407ee2,JNZ,64,63,-924,6,0x407edb,CMP,1,NonLeaf,rsp(-1) eax(MOV) ,rflags ,CMP,7,MOV,7,ADD,8,MOV,8,ADD,8,MOV,8,MOV,8,MOV,8,MOV,7,TEST,2,0,0,0,1,1,JLE,0,0,1,1,0,0,MOV,1,0,4226732,4225862,4226792,0,0,0,0,fortran,8.104271255567181e-10,0.984375,1,1,1
0x407ea6,JNZ,4032,3968,-780,6,0x407e9f,CMP,1,NonLeaf,rsp(-1) eax(MOV) ,rflags ,CMP,7,MOV,7,ADD,8,ADD,8,MOV,8,ADD,8,MOV,8,ADD,8,MOV,8,ADD,8,0,0,0,1,1,JLE,0,0,0,1,0,0,JNE,1,0,4226680,4225946,4226732,0,0,0,1,fortran,5.1056908910073244e-08,0.984126984126984,1,1,1
0x407e72,JNZ,254016,249984,-546,6,0x407e6a,CMP,1,NonLeaf,rbx(ADD) rsp(-1) ,rflags ,CMP,8,ADD,7,ADD,7,ADD,4,JNZ,6,ADD,8,MOV,8,ADD,8,ADD,8,MOV,7,0,0,0,1,1,NOP,0,0,0,1,0,0,JNE,1,0,4226648,4226128,4226680,0,0,1,1,fortran,3.216585261334614e-06,0.984126984126984,1,1,1
0x407e52,JNZ,1270080,1016064,-370,6,0x407e4b,CMP,1,NonLeaf,r11(ADD) ,rflags ,CMP,7,MOV,8,MOV,8,MOV,8,MOV,8,ADD,4,ADD,7,ADD,7,CMP,8,JNZ,6,0,0,0,1,1,ADD,0,0,1,1,0,0,JNE,1,0,4226528,4226272,4226648,0,0,1,0,fortran,1.6082926306673072e-05,0.8,1,1,1
0x407ba0,JLE,4032,0,728,6,0x407b9e,TEST,1,NonLeaf,edx(MOV) edx(MOV) ,rflags ,TEST,2,MOV,4,LEA,4,ADD,8,MOV,8,MOV,8,MOV,8,LEA,7,XOR,2,LEA,4,1,1,1,0,0,JNE,0,0,1,0,0,0,NOP,0,0,4225946,4226680,4225958,0,0,1,1,fortran,5.1056908910073244e-08,0.0,0,0,0
0x407b4f,JLE,64,0,861,6,0x407b4d,TEST,1,NonLeaf,ecx(MOV) ecx(MOV) ,rflags ,TEST,2,MOV,7,MOV,8,MOV,8,MOV,8,MOV,8,MOV,8,MOV,11,LEA,5,MOV,5,1,1,1,0,0,JNE,0,0,1,0,0,0,LEA,0,0,4225862,4226732,4225877,0,0,1,1,fortran,8.104271255567181e-10,0.0,0,0,0
0x407a06,JLE,1,0,1274,6,0x4079cb,TEST,1,NonLeaf,ecx(MOV) ecx(MOV) ,rflags ,MOVSD_XMM,9,MOVSD_XMM,9,MOVSD_XMM,9,CVTPS2PD,3,CVTPS2PD,3,MOV,8,ADD,8,MOV,5,MOV,11,MOV,8,0,1,1,0,0,JLE,0,0,1,0,0,0,MOV,0,0,4225279,4226816,4225548,0,0,0,1,fortran,1.266292383682372e-11,0.0,0,0,0
0x4074fe,JNZ,15520,15280,-3326,6,0x4074f7,CMP,1,NonLeaf,rsp(-1) eax(MOV) ,rflags ,CMP,7,MOV,7,ADD,8,MOV,8,ADD,8,ADD,7,POP,1,POP,1,POP,2,POP,2,0,0,0,1,1,JLE,0,0,0,1,0,0,RET,1,0,4224200,4220928,4224260,0,1,0,0,fortran,1.9652857794750413e-07,0.9845360824742267,1,1,1
0x4074c2,JNZ,977760,962240,-3146,6,0x4074bb,CMP,1,NonLeaf,rsp(-1) eax(MOV) ,rflags ,CMP,7,MOV,7,ADD,8,MOV,8,ADD,8,ADD,8,MOV,8,ADD,8,MOV,8,ADD,8,0,0,0,1,1,JLE,0,0,0,1,0,0,JNE,1,0,4224140,4221048,4224200,0,0,0,1,fortran,1.238130041069276e-05,0.984126984126984,1,1,1
0x407486,JNZ,61598880,60621120,-2662,6,0x40747f,CMP,1,NonLeaf,ebx(-1) rsp(-1) ,rflags ,CMP,7,MOVSD_XMM,10,SUBSD,5,MOVSD_XMM,10,MOVSD_XMM,10,ADD,8,MOV,8,ADD,8,MOV,8,ADD,8,0,0,0,1,1,CALL,0,1,0,1,0,0,JNE,1,0,4224078,4221472,4224140,1,0,1,1,fortran,0.0007800219258736,0.984126984126984,1,1,1
0x406881,JLE,977760,0,3083,6,0x40687f,TEST,1,NonLeaf,eax(MOV) eax(MOV) ,rflags ,TEST,2,MOV,7,NOP,4,MOV,8,ADD,8,MOV,8,MOVSD_XMM,9,MOVSD_XMM,9,MOV,5,MOVSD_XMM,9,1,1,1,0,0,JNE,0,0,1,0,0,0,MOV,0,0,4221048,4224140,4221063,0,0,1,1,fortran,1.238130041069276e-05,0.0,0,0,0
0x406809,JLE,15520,0,3263,6,0x406807,TEST,1,NonLeaf,edx(MOV) edx(MOV) ,rflags ,TEST,2,MOV,7,NOP,5,MOV,7,SUB,7,MOVSXD,8,MOV,12,IMUL,9,MOV,11,ADD,8,1,1,1,0,0,JNE,0,0,1,0,0,0,NOP,0,0,4220928,4224200,4220943,0,0,1,1,fortran,1.9652857794750413e-07,0.0,0,0,0
0x406729,JLE,240,0,3547,6,0x4066b1,TEST,1,NonLeaf,r8d(MOV) r8d(MOV) ,rflags ,MOVSD_XMM,6,MOVSD_XMM,6,MULSD,5,MULSD,5,MOVSD_XMM,6,MOV,8,MOV,11,SUB,7,LEA,4,LEA,8,0,1,1,0,0,RET,0,0,1,0,0,0,NOP,0,0,4220462,4224260,4220719,0,0,0,1,fortran,3.0391017208376926e-09,0.0,0,0,0
0x406609,JZ,160,80,3853,6,0x406606,CMP,1,NonLeaf,ecx(-1) ,rflags ,CMP,3,JZ,6,CMP,3,SUB,3,SUB,3,MOV,11,CMP,3,MOV,11,SETZ,3,MOVZX,3,0,1,0,0,0,JMP,0,0,1,0,0,0,MOV,0,0,4220422,4224278,4220431,0,0,1,1,fortran,2.0260678138917952e-09,0.5,0,0,0
0x406600,JZ,240,80,3891,6,0x4065fd,CMP,1,NonLeaf,ecx(MOV) ,rflags ,CMP,3,SUB,3,SUB,3,MOV,7,CMOVS,4,CMP,3,JZ,6,MOV,11,CMP,3,MOV,11,0,1,0,0,0,JMP,0,0,1,0,0,0,JE,0,0,4220208,4224307,4220422,0,0,1,0,fortran,3.0391017208376926e-09,0.3333333333333333,0,0,0
0x406503,JZ,80,0,24,2,0x406500,TEST,1,NonLeaf,rdi(MOV) rdi(MOV) ,rflags ,TEST,3,MOV,8,CALL_NEAR,5,JZ,2,TEST,3,ADD,7,POP,1,POP,1,POP,2,POP,2,0,1,0,0,0,RET,0,0,1,0,0,0,JMP,0,0,4220152,4220187,4220165,0,0,0,0,fortran,1.0130339069458976e-09,0.0,0,0,0
0x4064f1,JZ,80,0,7,2,0x4064ee,TEST,1,NonLeaf,rdi(MOV) rdi(MOV) ,rflags ,TEST,3,MOV,8,CALL_NEAR,5,JZ,2,TEST,3,CALL_NEAR,5,MOV,8,TEST,3,JZ,2,ADD,7,0,1,1,0,0,JE,0,0,1,0,0,0,CALL,0,1,4220134,4220152,4220147,0,0,0,1,fortran,1.0130339069458976e-09,0.0,0,1,0
0x4064df,JZ,80,0,7,2,0x4064dc,TEST,1,NonLeaf,rdi(MOV) rdi(MOV) ,rflags ,TEST,3,MOV,8,CALL_NEAR,5,MOV,3,JZ,2,CALL_NEAR,5,MOV,8,TEST,3,JZ,2,CALL_NEAR,5,0,1,1,0,0,JE,0,0,1,0,0,0,CALL,0,1,4220116,4220134,4220129,0,0,0,1,fortran,1.0130339069458976e-09,0.0,0,0,0
0x4064ca,JZ,80,0,10,2,0x4064c7,TEST,1,NonLeaf,r12(-1) r12(-1) ,rflags ,TEST,3,CALL_NEAR,5,MOV,3,JZ,2,TEST,3,MOV,3,CALL_NEAR,5,MOV,8,TEST,3,JZ,2,0,1,1,0,0,JE,0,0,1,0,0,0,CALL,0,1,4220103,4220116,4220108,0,0,0,1,fortran,1.0130339069458976e-09,0.0,0,1,0
0x4064bd,JZ,80,0,10,2,0x4064ba,TEST,1,NonLeaf,r13(-1) r13(-1) ,rflags ,TEST,3,CALL_NEAR,5,MOV,3,JZ,2,TEST,3,MOV,3,CALL_NEAR,5,TEST,3,JZ,2,MOV,3,0,1,1,0,0,JE,0,0,1,0,0,0,CALL,0,1,4220090,4220103,4220095,0,0,0,1,fortran,1.0130339069458976e-09,0.0,0,1,0
0x4064b0,JZ,80,0,10,2,0x4064ad,TEST,1,NonLeaf,rbp(MOV) rbp(MOV) ,rflags ,TEST,3,MOV,3,MOV,3,MOV,3,JNZ,6,MOV,3,CALL_NEAR,5,TEST,3,JZ,2,MOV,3,0,1,1,0,0,JE,0,0,1,0,0,0,CALL,0,1,4220077,4220090,4220082,0,0,0,1,fortran,1.0130339069458976e-09,0.0,0,1,0
0x40649e,JNZ,5120,5040,-2998,6,0x406497,CMP,1,NonLeaf,rsp(-1) eax(MOV) ,rflags ,CMP,7,MOV,7,ADD,8,MOV,8,ADD,8,MOV,3,MOV,3,MOV,3,TEST,3,JZ,2,0,0,0,1,1,JLE,0,0,1,1,0,0,MOV,1,0,4219976,4217064,4220068,0,0,0,0,fortran,6.483417004453746e-08,0.984375,1,1,1
0x406442,JNZ,322560,317440,-2562,6,0x40643b,CMP,1,NonLeaf,rsp(-1) eax(MOV) ,rflags ,CMP,7,MOV,7,ADD,8,MOV,8,ADD,8,ADD,8,MOV,8,ADD,8,ADD,8,MOV,8,0,0,0,1,1,JLE,0,0,0,1,0,0,JNE,1,0,4219908,4217408,4219976,0,0,0,1,fortran,4.084552712805859e-06,0.984126984126984,1,1,1
0x4063fe,JNZ,20321280,19998720,-1742,6,0x4063fb,CMP,1,NonLeaf,r11d(-1) ecx(ADD) ,rflags ,CMP,3,MOVSD_XMM,6,ADDSD,4,DIVSD,6,MULSD,4,ADD,8,MOV,8,ADD,8,ADD,8,MOV,8,0,0,0,1,1,MOVSD,0,0,0,1,0,0,JNE,1,0,4219801,4218160,4219908,0,0,1,1,fortran,0.0002573268209067,0.984126984126984,1,1,1
0x405a43,JLE,322560,0,2497,6,0x405a40,TEST,1,NonLeaf,r11d(-1) r11d(-1) ,rflags ,TEST,3,NOP,6,MOV,8,MOV,8,ADD,8,MOV,8,MOV,8,MOV,8,MOV,8,MOV,8,1,1,1,0,0,JNE,0,0,1,0,0,0,ADD,0,0,4217408,4219908,4217417,0,0,1,1,fortran,4.084552712805859e-06,0.0,0,0,0
0x4058f1,JLE,5120,0,2903,6,0x4058ef,TEST,1,NonLeaf,eax(MOV) eax(MOV) ,rflags ,TEST,2,MOV,7,NOP,3,MOV,7,MOV,3,MOVSXD,8,MOV,8,IMUL,9,MOV,12,MOV,12,1,1,1,0,0,JNE,0,0,1,0,0,0,NOP,0,0,4217064,4219976,4217079,0,0,1,1,fortran,6.483417004453746e-08,0.0,0,0,0
0x40572f,JLE,80,0,3454,6,0x40572d,TEST,1,NonLeaf,ecx(MOV) ecx(MOV) ,rflags ,TEST,2,MOV,7,MOV,8,JNZ,6,CMP,7,MOV,8,MOV,8,MOV,8,MOVSD_XMM,6,MOV,11,0,1,1,0,0,JE,0,0,1,0,0,0,MOV,0,0,4216614,4220077,4216629,0,0,0,1,fortran,1.0130339069458976e-09,0.0,0,0,0
0x405718,JNZ,5040,4960,-1192,6,0x405711,CMP,1,NonLeaf,rsp(-1) eax(MOV) ,rflags ,CMP,7,MOV,7,ADD,8,MOV,8,ADD,8,MOV,8,MOV,7,TEST,2,JLE,6,MOV,8,0,0,0,1,1,JLE,0,0,1,1,0,0,MOV,1,0,4216538,4215408,4216606,0,0,0,0,fortran,6.382113613759156e-08,0.984126984126984,1,1,1
0x4056d4,JNZ,317520,312480,-636,6,0x4056d2,CMP,1,NonLeaf,edi(-1) ecx(-1) ,rflags ,CMP,2,MOVSD_XMM,5,ADDSD,4,MULSD,5,ADDSD,5,ADD,8,MOV,8,ADD,8,ADD,8,MOV,8,0,0,0,1,1,MOVSD,0,0,0,1,0,0,JNE,1,0,4216293,4215896,4216538,0,0,1,1,fortran,4.020731576668268e-06,0.984126984126984,1,1,1
0x405272,JLE,5040,0,1128,6,0x405270,TEST,1,NonLeaf,edi(-1) edi(-1) ,rflags ,TEST,2,NOP,10,MOVSD_XMM,6,MOVSD_XMM,10,MOVSD_XMM,7,MOV,8,MOV,7,MOV,8,MOV,8,MOV,8,1,1,1,0,0,JNE,0,0,1,0,0,0,MOV,0,0,4215408,4216538,4215416,0,0,1,1,fortran,6.382113613759156e-08,0.0,0,0,0
0x4050c7,JNZ,5040,4960,-567,6,0x4050c0,CMP,1,NonLeaf,rsp(-1) eax(MOV) ,rflags ,CMP,7,MOV,7,ADD,8,MOV,8,ADD,8,MOV,8,MOV,8,MOV,7,MOV,8,MOV,8,0,0,0,1,1,JLE,0,0,1,1,0,0,MOVSD,1,0,4214929,4214416,4214989,0,0,0,1,fortran,6.382113613759156e-08,0.984126984126984,1,1,1
0x40508b,JNZ,317520,312480,-331,6,0x405087,CMP,1,NonLeaf,rsp(-1) ebx(ADD) ,rflags ,CMP,4,MOVSD_XMM,7,MULSD,4,MOVSD_XMM,7,ADDSD,4,ADD,8,MOV,8,ADD,8,MOV,8,ADD,8,0,0,0,1,1,CALL,0,1,0,1,0,0,JNE,1,0,4214805,4214592,4214929,1,0,1,1,fortran,4.020731576668268e-06,0.984126984126984,1,1,1
0x404e96,JLE,5040,0,507,6,0x404e94,TEST,1,NonLeaf,edx(MOV) edx(MOV) ,rflags ,TEST,2,MOV,4,NOP,7,MOV,8,MOV,8,MOV,8,MOV,8,XOR,2,MOVSD_XMM,4,MOV,3,1,1,1,0,0,JNE,0,0,1,0,0,0,NOP,0,0,4214416,4214929,4214428,0,0,1,1,fortran,6.382113613759156e-08,0.0,0,0,0
0x404d36,JLE,80,0,2544,6,0x404d33,TEST,1,NonLeaf,r8d(MOV) r8d(MOV) ,rflags ,TEST,3,MOV,8,MOV,8,MOV,8,MOV,8,MOV,8,MOV,8,MOV,8,MOV,8,MOV,8,0,1,1,0,0,JLE,0,0,1,0,0,0,NOP,0,0,4214059,4216614,4214076,0,0,0,1,fortran,1.0130339069458976e-09,0.0,0,0,0
0x404d0d,JNZ,5120,5040,-1101,6,0x404d06,CMP,1,NonLeaf,rsp(-1) eax(MOV) ,rflags ,CMP,7,MOV,7,ADD,8,MOV,8,ADD,8,MOV,8,MOV,8,MOV,8,MOV,8,TEST,3,0,0,0,1,1,JLE,0,0,1,1,0,0,MOV,1,0,4213975,4212928,4214035,0,0,0,0,fortran,6.483417004453746e-08,0.984375,1,1,1
0x404cd1,JNZ,322560,317440,-801,6,0x404cca,CMP,1,NonLeaf,rsp(-1) eax(MOV) ,rflags ,CMP,7,MOV,7,ADD,8,MOV,8,ADD,8,ADD,8,MOV,8,ADD,8,MOV,8,ADD,8,0,0,0,1,1,JLE,0,0,0,1,0,0,JNE,1,0,4213915,4213168,4213975,0,0,0,1,fortran,4.084552712805859e-06,0.984126984126984,1,1,1
0x404c95,JNZ,20321280,19998720,-501,6,0x404c90,CMP,1,NonLeaf,rsp(-1) r12d(ADD) ,rflags ,CMP,5,MOVSD_XMM,5,MOVSD_XMM,5,MOVSD_XMM,5,MOVSD_XMM,5,ADD,8,MOV,8,ADD,8,MOV,8,ADD,8,0,0,0,1,1,MOVAPD,0,0,0,1,0,0,JNE,1,0,4213663,4213408,4213915,0,0,1,1,fortran,0.0002573268209067,0.984126984126984,1,1,1
0x4049b6,JLE,322560,0,741,6,0x4049b4,TEST,1,NonLeaf,esi(MOV) esi(MOV) ,rflags ,TEST,2,MOV,4,NOP,7,MOV,8,ADD,3,MOV,8,MOV,8,XOR,2,MOV,8,MOV,8,1,1,1,0,0,JNE,0,0,1,0,0,0,NOP,0,0,4213168,4213915,4213180,0,0,1,1,fortran,4.084552712805859e-06,0.0,0,0,0
0x4048c9,JLE,5120,0,1038,6,0x4048c7,TEST,1,NonLeaf,edi(MOV) edi(MOV) ,rflags ,TEST,2,MOV,7,NOP,7,MOV,8,SUB,3,MOVSXD,8,MOV,8,IMUL,9,MOV,12,MOV,12,1,1,1,0,0,JNE,0,0,1,0,0,0,NOP,0,0,4212928,4213975,4212943,0,0,1,1,fortran,6.483417004453746e-08,0.0,0,0,0
0x404750,JLE,80,0,1499,6,0x40474d,TEST,1,NonLeaf,r10d(MOV) r10d(MOV) ,rflags ,TEST,3,MOV,8,MOV,8,MOV,8,MOV,8,MOV,8,MOV,8,MOV,8,MOV,8,MOV,11,0,1,1,0,0,JLE,0,0,1,0,0,0,NOP,0,0,4212549,4214059,4212566,0,0,0,1,fortran,1.0130339069458976e-09,0.0,0,0,0
0x404727,JNZ,5040,4960,-567,6,0x404720,CMP,1,NonLeaf,rsp(-1) eax(MOV) ,rflags ,CMP,7,MOV,7,ADD,8,MOV,8,ADD,8,MOV,8,MOV,8,MOV,8,MOV,8,TEST,3,0,0,0,1,1,JLE,0,0,1,1,0,0,MOV,1,0,4212465,4211952,4212525,0,0,0,0,fortran,6.382113613759156e-08,0.984126984126984,1,1,1
0x4046eb,JNZ,317520,312480,-331,6,0x4046e7,CMP,1,NonLeaf,rsp(-1) ebx(ADD) ,rflags ,CMP,4,MOVSD_XMM,7,MULSD,4,MOVSD_XMM,7,ADDSD,4,ADD,8,MOV,8,ADD,8,MOV,8,ADD,8,0,0,0,1,1,CALL,0,1,0,1,0,0,JNE,1,0,4212341,4212128,4212465,1,0,1,1,fortran,4.020731576668268e-06,0.984126984126984,1,1,1
0x4044f8,JLE,5040,0,505,6,0x4044f5,TEST,1,NonLeaf,r9d(MOV) r9d(MOV) ,rflags ,TEST,3,MOV,5,NOP,10,MOV,8,MOV,8,MOV,8,MOV,8,XOR,2,MOVSD_XMM,4,MOV,3,1,1,1,0,0,JNE,0,0,1,0,0,0,NOP,0,0,4211952,4212465,4211966,0,0,1,1,fortran,6.382113613759156e-08,0.0,0,0,0
0x4043b6,JLE,80,0,911,6,0x404381,TEST,1,NonLeaf,r11d(MOV) r11d(MOV) ,rflags ,MOVSD_XMM,6,MOVSD_XMM,5,MOVSD_XMM,9,ADDSD,4,MOVSD_XMM,6,MOV,8,MOV,8,MOV,8,MOV,12,MOV,12,0,1,1,0,0,JLE,0,0,1,0,0,0,NOP,0,0,4211560,4212549,4211644,0,0,0,1,fortran,1.0130339069458976e-09,0.0,0,0,0
0x403b9c,JZ,1,1,1401,6,0x403b9a,TEST,1,NonLeaf,eax(MOV) eax(MOV) ,rflags ,TEST,2,MOV,12,MOV,7,CALL_NEAR,5,LEA,8,LEA,8,MOV,11,MOV,12,MOV,11,MOV,11,0,1,0,0,0,CALL,0,1,1,0,0,0,CALL,0,1,4209543,4210965,4209570,0,0,1,1,fortran,1.266292383682372e-11,1.0,1,0,1
0x403a5b,JNZ,1,1,1612,6,0x403a59,TEST,1,NonLeaf,edx(MOV) edx(MOV) ,rflags ,TEST,2,MOV,12,MOV,7,CALL_NEAR,5,LEA,8,LEA,8,MOV,11,MOV,12,MOV,11,MOV,11,0,1,0,0,0,CALL,0,1,1,0,0,0,CALL,0,1,4209222,4210855,4209249,0,0,1,1,fortran,1.266292383682372e-11,1.0,1,0,1
0x403297,JZ,80,0,62,2,0x403294,TEST,1,NonLeaf,rdi(MOV) rdi(MOV) ,rflags ,TEST,3,MOV,5,CALL_NEAR,5,JZ,2,TEST,3,ADD,7,POP,1,POP,1,POP,2,POP,2,0,1,0,0,0,RET,0,0,1,0,0,0,JMP,0,0,4207247,4207317,4207257,0,0,0,0,fortran,1.0130339069458976e-09,0.0,0,0,0
0x403288,JZ,80,0,7,2,0x403285,TEST,1,NonLeaf,rdi(MOV) rdi(MOV) ,rflags ,TEST,3,MOV,5,CALL_NEAR,5,JZ,2,TEST,3,CALL_NEAR,5,MOV,5,TEST,3,JZ,2,ADD,7,0,1,1,0,0,JE,0,0,1,0,0,0,CALL,0,1,4207232,4207247,4207242,0,0,0,1,fortran,1.0130339069458976e-09,0.0,0,1,0
0x403279,JZ,80,0,7,2,0x403276,TEST,1,NonLeaf,rdi(MOV) rdi(MOV) ,rflags ,TEST,3,MOV,8,CALL_NEAR,5,JZ,2,TEST,3,CALL_NEAR,5,MOV,5,TEST,3,JZ,2,CALL_NEAR,5,0,1,1,0,0,JE,0,0,1,0,0,0,CALL,0,1,4207214,4207232,4207227,0,0,0,1,fortran,1.0130339069458976e-09,0.0,0,0,0
0x403267,JZ,80,0,7,2,0x403264,TEST,1,NonLeaf,rdi(MOV) rdi(MOV) ,rflags ,TEST,3,MOV,5,CALL_NEAR,5,MOV,8,JZ,2,CALL_NEAR,5,MOV,8,TEST,3,JZ,2,CALL_NEAR,5,0,1,1,0,0,JE,0,0,1,0,0,0,CALL,0,1,4207199,4207214,4207209,0,0,0,1,fortran,1.0130339069458976e-09,0.0,0,0,0
0x403250,JZ,80,0,15,2,0x403247,CMP,1,NonLeaf,rsp(-1) ,rflags ,CMP,9,CALL_NEAR,5,LEA,8,CALL_NEAR,5,MOV,5,MOV,8,CALL_NEAR,5,MOV,5,TEST,3,JZ,2,0,1,1,0,0,JE,0,0,1,0,0,0,CALL,0,1,4207175,4207199,4207186,0,1,0,1,fortran,1.0130339069458976e-09,0.0,0,0,0
0x403192,JNZ,152155584,76077792,315,6,0x403190,TEST,1,NonLeaf,edx(-1) edx(-1) ,rflags ,TEST,2,NOP,3,JMP,5,MOV,6,XOR,2,XOR,2,MOV,5,JMP,5,MOVAPD,4,MOV,12,0,1,0,0,0,JMP,0,0,1,0,0,0,JMP,0,0,4206992,4207309,4207000,0,0,0,0,fortran,0.0019267345715394,0.5,0,0,0
0x40317a,JNZ,152155584,76077792,325,6,0x403178,TEST,1,NonLeaf,eax(-1) eax(-1) ,rflags ,TEST,2,NOP,3,JMP,5,MOV,6,XOR,2,XOR,2,MOV,6,JMP,5,NOP,3,TEST,2,0,1,0,0,0,JMP,0,0,1,0,0,0,JMP,0,0,4206968,4207295,4206976,0,0,0,0,fortran,0.0019267345715394,0.5,0,0,0
0x403162,JNZ,152155584,76077792,356,6,0x403160,TEST,1,NonLeaf,eax(-1) eax(-1) ,rflags ,TEST,2,NOP,2,JMP,5,JNZ,2,CMP,3,XOR,2,MOV,6,JMP,5,NOP,3,TEST,2,0,1,0,0,0,JMP,0,0,1,0,0,0,JMP,0,0,4206944,4207302,4206952,0,0,0,0,fortran,0.0019267345715394,0.5,0,0,0
0x403134,JBE,599,80,155,6,0x40311e,UCOMISD,1,NonLeaf,xmm1(-1) xmm7(-1) ,rflags ,MOVSD_XMM,9,MOVSD_XMM,9,UCOMISD,4,JNZ,6,CMP,4,MOVAPD,4,JMP,5,ADD,4,CMP,3,JZ,6,0,0,1,0,0,CALL,1,1,0,0,0,0,JMP,0,0,4206878,4207055,4206906,0,0,1,0,fortran,7.585091378257408e-09,0.1335559265442404,0,0,0
0x403118,JNZ,38336,37737,-156,6,0x403114,CMP,1,NonLeaf,rsp(-1) eax(MOV) ,rflags ,CMP,4,MOV,7,ADD,8,ADD,5,JNZ,2,UCOMISD,4,MOVSD_XMM,9,MOVSD_XMM,9,JBE,6,MOVAPD,4,0,0,0,1,1,JLE,0,0,1,1,0,0,JBE,1,0,4206848,4206716,4206878,0,0,0,1,fortran,4.854458482084741e-07,0.984375,1,1,1
0x4030fe,JNZ,2415168,2376832,-94,2,0x4030fb,CMP,1,NonLeaf,r8d(ADD) r11d(-1) ,rflags ,CMP,3,ADD,3,ADD,4,JNZ,2,CMP,2,ADD,5,ADD,8,MOV,7,CMP,4,JNZ,6,0,0,0,1,1,JLE,0,0,0,1,0,0,JNE,1,0,4206836,4206752,4206848,0,0,0,1,fortran,3.058308843713387e-05,0.984126984126984,1,1,1
0x4030f2,JNZ,152155584,149740416,-50,2,0x4030f0,CMP,1,NonLeaf,esi(ADD) edi(-1) ,rflags ,CMP,2,ADD,3,ADD,3,JNZ,2,MOVAPD,4,ADD,4,ADD,3,CMP,3,JNZ,2,ADD,5,0,0,0,1,1,JLE,0,0,0,1,0,0,JNE,1,0,4206826,4206784,4206836,0,0,0,0,fortran,0.0019267345715394,0.984126984126984,1,1,1
0x4030e8,JNZ,760777920,608622336,-24,2,0x4030da,CMP,1,NonLeaf,ecx(-1) eax(ADD) ,rflags ,MOVAPD,4,ADDSD,4,MULSD,4,CMP,2,ADD,4,ADD,3,ADD,3,CMP,2,JNZ,2,ADD,4,1,1,1,1,1,JNE,0,0,0,1,0,0,JNE,0,0,4206800,4206800,4206826,1,0,0,0,fortran,0.0096336728576971,0.8,1,1,1
0x4030c2,JLE,152155584,0,40,2,0x4030c0,TEST,1,NonLeaf,ecx(MOV) ecx(MOV) ,rflags ,TEST,2,NOP,10,LEA,5,MOV,5,MOV,3,XOR,2,NOP,10,MOVSD_XMM,6,ADD,4,CMP,2,1,1,1,0,0,JNE,0,0,1,0,0,0,NOP,0,0,4206784,4206826,4206788,0,0,0,0,fortran,0.0019267345715394,0.0,0,0,0
0x4030a3,JLE,2415168,0,81,2,0x4030a0,TEST,1,NonLeaf,r10d(MOV) r10d(MOV) ,rflags ,TEST,3,NOP,1,LEA,4,MOV,3,MOV,6,LEA,4,MOV,3,MOV,5,LEA,5,NOP,10,1,1,1,0,0,JNE,0,0,1,0,0,0,NOP,0,0,4206752,4206836,4206757,0,0,0,0,fortran,3.058308843713387e-05,0.0,0,0,0
0x403085,JLE,38336,0,123,2,0x403083,TEST,1,NonLeaf,eax(MOV) eax(MOV) ,rflags ,TEST,2,MOV,7,MOVAPD,4,MOVAPD,4,LEA,4,MOV,8,MOV,3,MOV,6,MOV,3,LEA,4,1,1,1,0,0,JNE,0,0,1,0,0,0,NOP,0,0,4206716,4206848,4206727,0,0,1,0,fortran,4.854458482084741e-07,0.0,0,0,0
0x403035,JNZ,38336,37737,-802,6,0x40302e,CMP,1,NonLeaf,rsp(-1) eax(MOV) ,rflags ,CMP,7,MOV,7,ADD,8,MOV,8,ADD,8,MOV,7,MOV,5,MOV,3,MOV,4,MOV,8,0,0,0,1,1,JLE,0,0,1,1,0,0,MOVAPD,1,0,4206607,4205843,4206651,0,0,0,1,fortran,4.854458482084741e-07,0.984375,1,1,1
0x403009,JNZ,2415168,2376832,-689,6,0x403002,CMP,1,NonLeaf,rsp(-1) eax(MOV) ,rflags ,CMP,7,MOV,7,ADD,8,MOV,8,ADD,8,ADD,8,MOV,8,ADD,8,MOV,7,CMP,7,0,0,0,1,1,JLE,0,0,0,1,0,0,JNE,1,0,4206563,4205912,4206607,0,0,0,1,fortran,3.058308843713387e-05,0.984126984126984,1,1,1
0x402fdd,JNZ,152155584,149740416,-557,6,0x402fd8,CMP,1,NonLeaf,r15d(ADD) rsp(-1) ,rflags ,CMP,5,ADD,5,ADD,3,ADD,3,ADD,3,ADD,8,MOV,8,ADD,8,MOV,7,CMP,7,0,0,0,1,1,JLE,0,0,0,1,0,0,JNE,1,0,4206531,4206000,4206563,0,0,0,1,fortran,0.0019267345715394,0.984126984126984,1,1,1
0x402f63,JZ,152155584,76077792,96,2,0x402f5f,CMP,1,NonLeaf,rsp(-1) eax(MOV) ,rflags ,CMP,4,ADD,3,MOV,4,JNBE,2,CMP,4,MOVSXD,3,MOV,5,ADD,3,LEA,8,LEA,4,0,0,1,0,0,JNE,0,0,0,0,0,0,MOVSD,0,0,4206424,4206531,4206437,0,0,0,1,fortran,0.0019267345715394,0.5,0,1,0
0x402f56,JNBE,304311168,152155584,-99,2,0x402f52,CMP,1,NonLeaf,rsp(-1) ecx(ADD) ,rflags ,CMP,4,ADD,4,MOVHPD,6,MOVLPD,5,SUBPD,4,MOV,4,ADD,3,CMP,4,JZ,2,MOVSXD,3,1,1,1,1,1,JA,0,0,1,1,0,0,JE,0,0,4206323,4206323,4206424,1,0,1,0,fortran,0.0038534691430788,0.5,0,1,0
0x402ec0,JZ,152155584,0,165,6,0x402eba,ADD,1,NonLeaf,ecx(ADD) ecx(ADD) ,ecx rflags ,MOV,4,ADD,2,MOV,4,SHR,2,MOV,4,LEA,5,MOV,5,XOR,2,SHL,4,LEA,4,0,1,0,0,0,MOVSD,0,0,1,0,0,0,XOR,0,0,4206250,4206437,4206278,0,0,1,0,fortran,0.0019267345715394,0.0,0,0,0
0x402ea4,JZ,76077792,0,287,6,0x402ea2,CMP,1,NonLeaf,edi(-1) edx(-1) ,rflags ,CMP,2,MOVSD_XMM,5,SUBSD,4,MULSD,4,MOVSD_XMM,6,MOV,2,MOV,2,SUB,2,MOV,4,SHR,2,0,0,1,0,0,JNE,0,0,0,0,0,0,JE,0,0,4206242,4206531,4206250,0,0,0,1,fortran,0.0009633672857697,0.0,0,0,0
0x402e18,JZ,76077792,76077792,138,6,0x402dd8,CMP,1,NonLeaf,edx(-1) ,rflags ,MOVSD_XMM,6,SUBSD,4,MULSD,4,MOVSD_XMM,7,MOVSD_XMM,4,MOVSD_XMM,5,CMP,3,MOV,3,MOVSD_XMM,6,MULSD,5,0,1,1,0,0,JE,0,0,1,0,0,0,JE,0,0,4206035,4206242,4206110,0,0,0,1,fortran,0.0009633672857697,1.0,1,0,1
0x402dcd,JNBE,152155584,152155584,915,6,0x402dca,CMP,1,NonLeaf,edi(-1) ,rflags ,CMP,3,CMOVNBE,3,CMP,2,SHR,4,SHL,4,MOVSD_XMM,5,CMP,3,MOV,6,MOVSD_XMM,6,MULSD,5,0,1,0,0,0,JNE,0,0,1,0,0,0,JE,0,0,4206008,4206944,4206035,0,0,0,1,fortran,0.0019267345715394,1.0,1,1,1
0x402db2,JLE,152155584,0,529,6,0x402db0,TEST,1,NonLeaf,edi(MOV) edi(MOV) ,rflags ,TEST,2,LEA,5,ADD,5,MOV,5,LEA,4,MOV,3,MOV,2,SHL,4,SHR,4,CMP,2,1,1,1,0,0,JNE,0,0,1,0,0,0,JA,0,0,4206000,4206531,4206008,0,0,0,0,fortran,0.0019267345715394,0.0,0,0,0
0x402d61,JLE,2415168,0,642,6,0x402d5f,TEST,1,NonLeaf,edx(MOV) edx(MOV) ,rflags ,TEST,2,MOV,7,NOP,3,MOV,4,ADD,3,MOV,8,MOV,5,MOV,6,MOV,2,MOV,5,1,1,1,0,0,JNE,0,0,1,0,0,0,LEA,0,0,4205912,4206563,4205927,0,0,1,0,fortran,3.058308843713387e-05,0.0,0,0,0
0x402d1c,JLE,38336,0,755,6,0x402d1a,TEST,1,NonLeaf,ecx(MOV) ecx(MOV) ,rflags ,TEST,2,MOV,7,UNPCKLPD,4,MOVAPD,4,UNPCKLPD,5,MOV,8,MOV,8,MOV,11,MOV,2,MOV,8,1,1,1,0,0,JNE,0,0,1,0,0,0,NOP,0,0,4205843,4206607,4205858,0,0,1,1,fortran,4.854458482084741e-07,0.0,0,0,0
0x402cc8,JNZ,38336,37737,-175,6,0x402cc4,CMP,1,NonLeaf,rsp(-1) eax(MOV) ,rflags ,CMP,4,MOV,7,ADD,5,MOV,8,ADD,5,DIVSD,4,MOV,8,MOV,11,MOVAPD,5,MOV,3,0,0,0,1,1,JLE,0,0,1,1,0,0,UNPCKLPD,1,0,4205739,4205593,4205774,0,0,0,1,fortran,4.854458482084741e-07,0.984375,1,1,1
0x402ca9,JNZ,2415168,2376832,-105,2,0x402ca6,CMP,1,NonLeaf,ebx(ADD) r12d(-1) ,rflags ,CMP,3,ADD,3,ADD,3,JNZ,2,CMP,3,ADD,5,MOV,8,ADD,5,MOV,7,CMP,4,0,0,0,1,1,JLE,0,0,0,1,0,0,JNE,1,0,4205728,4205632,4205739,0,0,0,1,fortran,3.058308843713387e-05,0.984126984126984,1,1,1
0x402c9e,JNZ,152155584,149740416,-62,2,0x402c9b,CMP,1,NonLeaf,r8d(ADD) r10d(-1) ,rflags ,CMP,3,ADD,3,ADD,4,JNZ,2,ADDSD,4,ADD,3,ADD,3,CMP,3,JNZ,2,ADD,5,0,0,0,1,1,JLE,0,0,0,1,0,0,JNE,1,0,4205716,4205664,4205728,0,0,0,0,fortran,0.0019267345715394,0.984126984126984,1,1,1
0x402c92,JNZ,760777920,608622336,-34,2,0x402c80,CMP,1,NonLeaf,edx(-1) eax(ADD) ,rflags ,ADDSD,4,ADDSD,4,MULSD,4,MULSD,4,CMP,2,ADD,4,ADD,3,CMP,3,JNZ,2,ADD,3,1,1,1,1,1,JNE,0,0,0,1,0,0,JNE,0,0,4205680,4205680,4205716,1,0,0,0,fortran,0.0096336728576971,0.8,1,1,1
0x402c62,JLE,152155584,0,50,2,0x402c60,TEST,1,NonLeaf,edx(MOV) edx(MOV) ,rflags ,TEST,2,NOP,6,MOV,2,MOV,6,XOR,2,LEA,4,LEA,4,XOR,2,NOP,2,MOVSD_XMM,6,1,1,1,0,0,JNE,0,0,1,0,0,0,NOP,0,0,4205664,4205716,4205668,0,0,0,0,fortran,0.0019267345715394,0.0,0,0,0
0x402c42,JLE,2415168,0,94,2,0x402c40,TEST,1,NonLeaf,ebp(MOV) ebp(MOV) ,rflags ,TEST,2,LEA,4,MOV,2,MOV,5,MOV,5,MOV,8,LEA,4,XOR,2,MOV,6,MOV,2,1,1,1,0,0,JNE,0,0,1,0,0,0,NOP,0,0,4205632,4205728,4205636,0,0,0,0,fortran,3.058308843713387e-05,0.0,0,0,0
0x402c22,JLE,38336,0,137,6,0x402c20,TEST,1,NonLeaf,esi(MOV) esi(MOV) ,rflags ,TEST,2,MOV,7,MOV,7,ADD,3,LEA,4,MOV,8,MOV,5,MOV,5,MOV,2,LEA,4,1,1,1,0,0,JNE,0,0,1,0,0,0,LEA,0,0,4205593,4205739,4205608,0,0,1,0,fortran,4.854458482084741e-07,0.0,0,0,0
0x402bc7,JLE,599,0,1501,6,0x402bad,TEST,1,NonLeaf,eax(MOV) eax(MOV) ,rflags ,MOVSD_XMM,9,MOVSD_XMM,6,MOV,7,MOV,2,TEST,2,MOV,3,MOV,8,MOV,6,MOV,5,MOV,8,0,1,0,0,0,JA,0,0,1,0,0,0,MOV,0,0,4205464,4207012,4205517,0,0,1,1,fortran,7.585091378257408e-09,0.0,0,0,0
0x402ac9,JNZ,38336,37737,-481,6,0x402ac2,CMP,1,NonLeaf,rsp(-1) eax(MOV) ,rflags ,CMP,7,MOV,7,ADD,8,MOV,8,ADD,8,MOV,5,MOV,8,MOV,8,XOR,2,MOV,8,0,0,0,1,1,JLE,0,0,1,1,0,0,MOV,1,0,4205219,4204776,4205263,0,0,0,0,fortran,4.854458482084741e-07,0.984375,1,1,1
0x402a9d,JNZ,2415168,2376832,-365,6,0x402a99,CMP,1,NonLeaf,rsp(-1) eax(MOV) ,rflags ,CMP,4,MOV,7,ADD,5,MOV,8,ADD,5,ADD,8,MOV,8,ADD,8,MOV,7,CMP,7,0,0,0,1,1,JLE,0,0,0,1,0,0,JNE,1,0,4205184,4204848,4205219,0,0,0,1,fortran,3.058308843713387e-05,0.984126984126984,1,1,1
0x402a7a,JNZ,152155584,149740416,-282,6,0x402a75,CMP,1,NonLeaf,r11d(ADD) rsp(-1) ,rflags ,CMP,5,ADD,3,ADD,5,ADD,4,MOVSD_XMM,4,ADD,5,MOV,8,ADD,5,MOV,7,CMP,4,0,0,0,1,1,JLE,0,0,0,1,0,0,JNE,1,0,4205161,4204896,4205184,0,0,0,1,fortran,0.0019267345715394,0.984126984126984,1,1,1
0x402a46,JZ,152155584,76077792,35,2,0x402a43,CMP,1,NonLeaf,r13d(-1) r12d(-1) ,rflags ,CMP,3,ADD,3,JB,2,CMP,3,ADD,4,MOVSXD,3,ADD,3,MOVSD_XMM,6,LEA,4,MULSD,5,0,0,1,0,0,JNE,0,0,0,0,0,0,MOVSD,0,0,4205120,4205161,4205128,0,0,0,1,fortran,0.0019267345715394,0.5,0,0,0
0x402a3e,JB,304311168,152155584,-43,2,0x402a3b,CMP,1,NonLeaf,edx(ADD) r10d(-1) ,rflags ,CMP,3,ADD,4,MOVAPD,6,SUBPD,4,MULPD,4,ADD,3,CMP,3,JZ,2,MOVSXD,3,ADD,3,1,1,1,1,1,JB,0,0,1,1,0,0,JE,0,0,4205075,4205075,4205120,1,0,1,0,fortran,0.0038534691430788,0.5,0,1,0
0x4029fd,JZ,152155584,0,75,2,0x4029fa,ADD,1,NonLeaf,r13d(ADD) r13d(ADD) ,r13d rflags ,ADD,3,MOV,3,SHR,3,MOV,3,SUB,3,LEA,5,XOR,2,XOR,2,SHL,4,LEA,4,0,1,0,0,0,MOVSD,0,0,1,0,0,0,ADD,0,0,4205033,4205128,4205055,0,0,1,0,fortran,0.0019267345715394,0.0,0,0,0
0x4029e3,JZ,76077792,0,134,6,0x4029e1,CMP,1,NonLeaf,esi(-1) eax(-1) ,rflags ,CMP,2,MOVSD_XMM,5,SUBSD,4,MULSD,5,MOVSD_XMM,5,MOV,3,MOV,2,SUB,3,MOV,3,SHR,3,0,0,1,0,0,JNE,0,0,0,0,0,0,JE,0,0,4205025,4205161,4205033,0,0,0,0,fortran,0.0009633672857697,0.0,0,0,0
0x4029a4,JZ,76077792,76077792,61,2,0x40298b,CMP,1,NonLeaf,eax(-1) ,rflags ,MOVSD_XMM,4,SUBSD,4,MULSD,5,MOV,5,MOVSD_XMM,4,MOVSD_XMM,6,CMP,3,MOV,2,MOVSD_XMM,5,MULSD,5,0,1,1,0,0,JE,0,0,1,0,0,0,JE,0,0,4204933,4205025,4204966,0,0,0,1,fortran,0.0009633672857697,1.0,1,0,1
0x40297f,JNBE,152155584,152155584,2065,6,0x402978,CMP,1,NonLeaf,esi(-1) ,rflags ,MOV,2,MOV,2,CMP,3,CMOVBE,3,CMP,2,MOVSD_XMM,6,CMP,3,MOVSD_XMM,4,MOV,5,MULSD,5,0,1,0,0,0,JNE,0,0,1,0,0,0,JE,0,0,4204904,4206992,4204933,0,0,0,1,fortran,0.0019267345715394,1.0,1,0,1
0x402962,JLE,152155584,0,263,6,0x402960,TEST,1,NonLeaf,esi(MOV) esi(MOV) ,rflags ,TEST,2,NOP,3,LEA,5,LEA,4,MOV,5,MOV,3,SHL,4,SHR,4,CMP,2,CMOVBE,3,1,1,1,0,0,JNE,0,0,1,0,0,0,JA,0,0,4204896,4205161,4204904,0,0,0,0,fortran,0.0019267345715394,0.0,0,0,0
0x402939,JLE,2415168,0,327,6,0x402937,TEST,1,NonLeaf,edi(MOV) edi(MOV) ,rflags ,TEST,2,MOV,7,NOP,10,MOV,4,ADD,3,MOV,8,MOV,6,MOV,2,MOV,5,LEA,4,1,1,1,0,0,JNE,0,0,1,0,0,0,NOP,0,0,4204848,4205184,4204863,0,0,1,0,fortran,3.058308843713387e-05,0.0,0,0,0
0x4028f3,JLE,38336,0,432,6,0x4028f0,TEST,1,NonLeaf,r8d(MOV) r8d(MOV) ,rflags ,TEST,3,MOV,8,UNPCKLPD,4,MOVAPD,5,MOV,7,MOV,8,MOV,8,MOV,8,MOV,2,MOV,5,1,1,1,0,0,JNE,0,0,1,0,0,0,NOP,0,0,4204776,4205219,4204793,0,0,1,1,fortran,4.854458482084741e-07,0.0,0,0,0
0x40288c,JNZ,38336,37737,-163,6,0x402888,CMP,1,NonLeaf,rsp(-1) eax(MOV) ,rflags ,CMP,4,MOV,7,ADD,5,MOV,8,ADD,5,MOVAPD,5,MOV,8,MOV,5,MOV,5,DIVSD,5,0,0,0,1,1,JLE,0,0,1,1,0,0,UNPCKLPD,1,0,4204655,4204521,4204690,0,0,0,1,fortran,4.854458482084741e-07,0.984375,1,1,1
0x40286d,JNZ,2415168,2376832,-93,2,0x40286a,CMP,1,NonLeaf,ebx(ADD) r12d(-1) ,rflags ,CMP,3,ADD,3,ADD,3,JNZ,2,CMP,3,ADD,5,MOV,8,ADD,5,MOV,7,CMP,4,0,0,0,1,1,JLE,0,0,0,1,0,0,JNE,1,0,4204644,4204560,4204655,0,0,0,1,fortran,3.058308843713387e-05,0.984126984126984,1,1,1
0x402862,JNZ,152155584,149740416,-50,2,0x40285f,CMP,1,NonLeaf,r8d(ADD) r10d(-1) ,rflags ,CMP,3,ADD,3,ADD,4,JNZ,2,ADDSD,4,ADD,3,ADD,3,CMP,3,JNZ,2,ADD,5,0,0,0,1,1,JLE,0,0,0,1,0,0,JNE,1,0,4204632,4204592,4204644,0,0,0,0,fortran,0.0019267345715394,0.984126984126984,1,1,1
0x402856,JNZ,760777920,608622336,-22,2,0x402850,CMP,1,NonLeaf,edx(-1) eax(ADD) ,rflags ,ADDSD,4,CMP,2,ADD,4,MULSD,6,MOVSD_XMM,6,ADD,4,ADD,3,CMP,3,JNZ,2,ADD,3,1,1,1,1,1,JNE,0,0,0,1,0,0,JNE,0,0,4204608,4204608,4204632,1,0,0,0,fortran,0.0096336728576971,0.8,1,1,1
0x402832,JLE,152155584,0,38,2,0x402830,TEST,1,NonLeaf,edx(MOV) edx(MOV) ,rflags ,TEST,2,NOP,6,MOV,2,MOV,6,XOR,2,LEA,4,LEA,4,XOR,2,NOP,2,MOVSD_XMM,6,1,1,1,0,0,JNE,0,0,1,0,0,0,NOP,0,0,4204592,4204632,4204596,0,0,0,0,fortran,0.0019267345715394,0.0,0,0,0
0x43f8a9,JNZ,45,44,-9,2,0x43f8a4,CMP,1,NonLeaf,rdi(ADD) ,rflags ,CMP,5,ADD,4,NOP,4,MOV,7,MOV,7,CALL_NEAR,5,MOV,6,TEST,2,JNZ,2,CALL_NEAR,5,1,1,1,1,1,JNE,0,0,1,1,0,0,CALL,1,1,4454560,4454560,4454571,1,0,0,1,fortran,5.698315726570673e-10,0.9777777777777776,1,1,1
0x402812,JLE,2415168,0,82,2,0x402810,TEST,1,NonLeaf,ebp(MOV) ebp(MOV) ,rflags ,TEST,2,NOP,2,LEA,4,MOV,2,MOV,5,MOV,8,LEA,4,XOR,2,MOV,6,MOV,2,1,1,1,0,0,JNE,0,0,1,0,0,0,NOP,0,0,4204560,4204644,4204564,0,0,0,0,fortran,3.058308843713387e-05,0.0,0,0,0
0x4027f4,JLE,38336,0,123,2,0x4027f1,TEST,1,NonLeaf,r9d(MOV) r9d(MOV) ,rflags ,TEST,3,MOV,8,MOV,7,LEA,4,MOV,8,MOV,8,MOV,5,MOV,5,MOV,2,LEA,4,1,1,1,0,0,JNE,0,0,1,0,0,0,NOP,0,0,4204521,4204655,4204534,0,0,1,0,fortran,4.854458482084741e-07,0.0,0,0,0
0x40279f,JLE,599,0,2833,6,0x402797,TEST,1,NonLeaf,eax(MOV) eax(MOV) ,rflags ,MOVSD_XMM,6,TEST,2,MOVSD_XMM,6,MOVSD_XMM,6,MOVSD_XMM,6,MOV,8,MOV,3,MOV,6,MOV,5,MOV,8,0,1,0,0,0,JMP,0,0,1,0,0,0,MOV,0,0,4204419,4207280,4204453,0,1,0,1,fortran,7.585091378257408e-09,0.0,0,0,0
0x4026bd,JNZ,38336,37737,-540,6,0x4026b6,CMP,1,NonLeaf,rsp(-1) eax(MOV) ,rflags ,CMP,7,MOV,7,ADD,8,MOV,8,ADD,8,MOV,3,MOV,8,MOV,8,XOR,2,MOV,8,0,0,0,1,1,JLE,0,0,1,1,0,0,MOV,1,0,4204183,4203681,4204227,0,0,0,0,fortran,4.854458482084741e-07,0.984375,1,1,1
0x402691,JNZ,2415168,2376832,-433,6,0x40268d,CMP,1,NonLeaf,rsp(-1) eax(MOV) ,rflags ,CMP,4,MOV,7,ADD,5,MOV,8,ADD,5,ADD,8,MOV,8,ADD,8,MOV,7,CMP,7,0,0,0,1,1,JLE,0,0,0,1,0,0,JNE,1,0,4204148,4203744,4204183,0,0,0,1,fortran,3.058308843713387e-05,0.984126984126984,1,1,1
0x40266e,JNZ,152155584,149740416,-334,6,0x40266a,CMP,1,NonLeaf,ebx(ADD) rsp(-1) ,rflags ,CMP,4,ADD,5,ADD,3,ADD,3,ADD,3,ADD,5,MOV,8,ADD,5,MOV,7,CMP,4,0,0,0,1,1,JLE,0,0,0,1,0,0,JNE,1,0,4204124,4203808,4204148,0,0,0,1,fortran,0.0019267345715394,0.984126984126984,1,1,1
0x402624,JZ,152155584,76077792,56,2,0x402621,CMP,1,NonLeaf,r14d(-1) eax(MOV) ,rflags ,CMP,3,ADD,3,MOV,4,JB,2,CMP,3,MOVSXD,3,MOV,5,MOV,5,ADD,3,MOVSD_XMM,7,0,0,1,0,0,JNE,0,0,0,0,0,0,MOVSD,0,0,4204058,4204124,4204070,0,0,0,1,fortran,0.0019267345715394,0.5,0,1,0
0x402618,JB,304311168,152155584,-64,2,0x402615,CMP,1,NonLeaf,edx(ADD) r11d(-1) ,rflags ,CMP,3,ADD,4,MOVAPD,6,ADDPD,4,MULPD,5,MOV,4,ADD,3,CMP,3,JZ,2,MOVSXD,3,1,1,1,1,1,JB,0,0,1,1,0,0,JE,0,0,4203992,4203992,4204058,1,0,1,0,fortran,0.0038534691430788,0.5,0,1,0
0x4025b4,JZ,152155584,0,114,2,0x4025ae,ADD,1,NonLeaf,edi(ADD) edi(ADD) ,edi rflags ,MOV,4,ADD,2,MOV,3,SHR,3,MOV,3,LEA,5,MOV,5,XOR,2,SHL,4,LEA,4,0,1,0,0,0,MOVSD,0,0,1,0,0,0,XOR,0,0,4203933,4204070,4203958,0,0,1,0,fortran,0.0019267345715394,0.0,0,0,0
0x402597,JZ,76077792,0,197,6,0x402595,CMP,1,NonLeaf,ecx(-1) edx(-1) ,rflags ,CMP,2,MOVSD_XMM,5,ADDSD,5,MULSD,5,SUBSD,4,MOV,3,MOV,2,SUB,3,MOV,3,SHR,3,0,0,1,0,0,JNE,0,0,0,0,0,0,JE,0,0,4203925,4204124,4203933,0,0,0,1,fortran,0.0009633672857697,0.0,0,0,0
0x40256d,JZ,76077792,76077792,40,2,0x40254a,CMP,1,NonLeaf,edx(-1) ,rflags ,MOVSD_XMM,4,ADDSD,5,MULSD,5,SUBSD,4,MULSD,4,MOVSD_XMM,7,MOV,3,MOVSD_XMM,5,MULSD,4,SUBSD,4,0,1,1,0,0,JE,0,0,1,0,0,0,MOVSD,0,0,4203843,4203925,4203887,0,0,0,1,fortran,0.0009633672857697,1.0,1,0,1
0x40253d,JNBE,152155584,152155584,3131,6,0x40253a,CMP,1,NonLeaf,ecx(-1) ,rflags ,CMP,3,CMOVNBE,3,CMP,2,SHR,4,SHL,4,MOVSD_XMM,7,CMP,3,MOV,6,MOVSD_XMM,4,MULSD,4,0,1,0,0,0,JNE,0,0,1,0,0,0,JE,0,0,4203816,4206968,4203843,0,0,0,1,fortran,0.0019267345715394,1.0,1,1,1
0x402522,JLE,152155584,0,314,6,0x402520,TEST,1,NonLeaf,ecx(MOV) ecx(MOV) ,rflags ,TEST,2,NOP,2,LEA,5,MOV,5,LEA,5,MOV,3,MOV,2,SHL,4,SHR,4,CMP,2,1,1,1,0,0,JNE,0,0,1,0,0,0,JA,0,0,4203808,4204124,4203816,0,0,0,0,fortran,0.0019267345715394,0.0,0,0,0
0x4024eb,JLE,2415168,0,393,6,0x4024e8,TEST,1,NonLeaf,r10d(MOV) r10d(MOV) ,rflags ,TEST,3,MOV,8,NOP,1,MOV,4,ADD,3,MOV,8,MOV,5,MOV,5,ADD,5,MOV,2,1,1,1,0,0,JNE,0,0,1,0,0,0,NOP,0,0,4203744,4204148,4203761,0,0,1,0,fortran,3.058308843713387e-05,0.0,0,0,0
0x4024ac,JLE,38336,0,491,6,0x4024a9,TEST,1,NonLeaf,r11d(MOV) r11d(MOV) ,rflags ,TEST,3,MOV,8,UNPCKLPD,5,MOVAPD,5,MULSD,5,MOV,8,MOV,8,MOV,8,MOV,2,MOV,5,1,1,1,0,0,JNE,0,0,1,0,0,0,NOP,0,0,4203681,4204183,4203698,0,0,1,1,fortran,4.854458482084741e-07,0.0,0,0,0
0x40243c,JNZ,38336,37737,-160,6,0x402438,CMP,1,NonLeaf,rsp(-1) eax(MOV) ,rflags ,CMP,4,MOV,7,ADD,5,MOV,8,ADD,5,MOVAPD,5,DIVSD,5,MOV,8,MOVAPD,5,MOV,8,0,0,0,1,1,JLE,0,0,1,1,0,0,UNPCKLPD,1,0,4203551,4203420,4203586,0,0,0,1,fortran,4.854458482084741e-07,0.984375,1,1,1
0x40241d,JNZ,2415168,2376832,-93,2,0x40241a,CMP,1,NonLeaf,ebx(ADD) r12d(-1) ,rflags ,CMP,3,ADD,3,ADD,3,JNZ,2,CMP,3,ADD,5,MOV,8,ADD,5,MOV,7,CMP,4,0,0,0,1,1,JLE,0,0,0,1,0,0,JNE,1,0,4203540,4203456,4203551,0,0,0,1,fortran,3.058308843713387e-05,0.984126984126984,1,1,1
0x402412,JNZ,152155584,149740416,-50,2,0x40240f,CMP,1,NonLeaf,r8d(ADD) r10d(-1) ,rflags ,CMP,3,ADD,3,ADD,4,JNZ,2,ADDSD,4,ADD,3,ADD,3,CMP,3,JNZ,2,ADD,5,0,0,0,1,1,JLE,0,0,0,1,0,0,JNE,1,0,4203528,4203488,4203540,0,0,0,0,fortran,0.0019267345715394,0.984126984126984,1,1,1
0x402406,JNZ,760777920,608622336,-22,2,0x402400,CMP,1,NonLeaf,edx(-1) eax(ADD) ,rflags ,ADDSD,4,CMP,2,ADD,4,MULSD,6,MOVSD_XMM,6,ADD,4,ADD,3,CMP,3,JNZ,2,ADD,3,1,1,1,1,1,JNE,0,0,0,1,0,0,JNE,0,0,4203504,4203504,4203528,1,0,0,0,fortran,0.0096336728576971,0.8,1,1,1
0x4023e2,JLE,152155584,0,38,2,0x4023e0,TEST,1,NonLeaf,edx(MOV) edx(MOV) ,rflags ,TEST,2,NOP,6,MOV,2,MOV,6,XOR,2,LEA,4,LEA,4,XOR,2,NOP,2,MOVSD_XMM,6,1,1,1,0,0,JNE,0,0,1,0,0,0,NOP,0,0,4203488,4203528,4203492,0,0,0,0,fortran,0.0019267345715394,0.0,0,0,0
0x4023c2,JLE,2415168,0,82,2,0x4023c0,TEST,1,NonLeaf,ebp(MOV) ebp(MOV) ,rflags ,TEST,2,NOP,1,LEA,4,MOV,2,MOV,5,MOV,8,LEA,4,XOR,2,MOV,6,MOV,2,1,1,1,0,0,JNE,0,0,1,0,0,0,NOP,0,0,4203456,4203540,4203460,0,0,0,0,fortran,3.058308843713387e-05,0.0,0,0,0
0x4023a5,JLE,38336,0,122,2,0x4023a3,TEST,1,NonLeaf,ebx(MOV) ebx(MOV) ,rflags ,TEST,2,MOV,7,MOV,7,LEA,4,MOV,8,MOV,8,MOV,5,MOV,5,MOV,2,LEA,4,1,1,1,0,0,JNE,0,0,1,0,0,0,NOP,0,0,4203420,4203551,4203431,0,0,1,0,fortran,4.854458482084741e-07,0.0,0,0,0
0x40234f,JLE,599,0,887,6,0x40234d,TEST,1,NonLeaf,eax(MOV) eax(MOV) ,rflags ,TEST,2,MOVAPD,4,MOV,7,MOV,8,SUB,3,MOV,8,MOV,8,MOV,6,MOV,5,MOV,8,1,1,1,0,0,CALL,0,1,1,0,0,0,MOV,0,0,4203330,4204230,4203349,0,1,1,1,fortran,7.585091378257408e-09,0.0,0,0,0
0x40225a,JBE,80,0,3957,6,0x402256,UCOMISD,1,NonLeaf,xmm2(MOVSD_XMM) xmm7(MULSD) ,rflags ,UCOMISD,4,MULSD,4,MULSD,4,MOVSD_XMM,6,MOVAPD,4,MOV,8,MOV,5,MOV,5,MOV,8,MOVSD_XMM,8,0,1,1,0,0,CALL,1,1,1,0,0,0,MOV,0,0,4203066,4207055,4203104,0,0,1,1,fortran,1.0130339069458976e-09,0.0,0,0,0
0x402181,JNZ,5120,5040,-244,6,0x40217d,CMP,1,NonLeaf,rsp(-1) eax(MOV) ,rflags ,CMP,4,MOV,7,ADD,5,MOV,8,ADD,5,MOVSD_XMM,9,LEA,8,MOVSD_XMM,6,MOV,12,MOVSD_XMM,9,0,0,0,1,1,JLE,0,0,1,1,0,0,MOVSD,1,0,4202852,4202637,4202887,0,0,0,1,fortran,6.483417004453746e-08,0.984375,1,1,1
0x40215e,JNZ,322560,317440,-163,6,0x402156,CMP,1,NonLeaf,r12d(ADD) rsp(-1) ,rflags ,CMP,8,ADD,8,ADD,4,JNZ,2,CMP,3,ADD,5,MOV,8,ADD,5,MOV,7,CMP,4,0,0,0,1,1,JLE,0,0,0,1,0,0,JNE,1,0,4202826,4202683,4202852,0,0,0,1,fortran,4.084552712805859e-06,0.984126984126984,1,1,1
0x402148,JNZ,20321280,19998720,-88,2,0x402145,CMP,1,NonLeaf,r9d(ADD) r10d(-1) ,rflags ,CMP,3,ADD,3,ADD,4,MOVAPD,4,JNZ,2,ADD,4,ADD,8,CMP,8,JNZ,6,ADD,5,0,0,0,1,1,JLE,0,0,0,1,0,0,JNE,1,0,4202814,4202736,4202826,0,0,0,0,fortran,0.0002573268209067,0.984126984126984,1,1,1
0x402138,JNZ,101606400,81285120,-48,2,0x40212e,CMP,1,NonLeaf,ecx(-1) eax(ADD) ,rflags ,MOVAPD,4,ADDSD,4,CMP,2,MULSD,4,MOVSD_XMM,5,MOVAPD,4,ADD,4,ADD,3,CMP,3,JNZ,2,1,1,1,1,1,JNE,0,0,1,1,0,0,MOVAPD,0,0,4202760,4202760,4202810,1,0,1,0,fortran,0.0012866341045338,0.8,1,1,1
0x4020f2,JLE,20321280,0,76,2,0x4020f0,TEST,1,NonLeaf,ecx(MOV) ecx(MOV) ,rflags ,TEST,2,NOP,8,LEA,5,MOV,8,MOV,2,LEA,4,LEA,4,LEA,4,XOR,2,NOP,6,1,1,1,0,0,JNE,0,0,1,0,0,0,NOP,0,0,4202736,4202814,4202740,0,0,0,0,fortran,0.0002573268209067,0.0,0,0,0
0x4020be,JLE,322560,0,140,6,0x4020bb,TEST,1,NonLeaf,r13d(MOV) r13d(MOV) ,rflags ,TEST,3,LEA,4,MOV,3,ADD,8,MOV,6,MOV,8,LEA,4,XOR,3,MOV,6,MOV,2,1,1,1,0,0,JNE,0,0,1,0,0,0,NOP,0,0,4202683,4202826,4202692,0,0,0,0,fortran,4.084552712805859e-06,0.0,0,0,0
0x402093,JLE,5120,0,209,6,0x402091,TEST,1,NonLeaf,ebp(MOV) ebp(MOV) ,rflags ,TEST,2,MOV,4,MOV,8,SUB,3,SUB,3,MOV,8,MOV,5,MOV,6,ADD,8,MOV,3,1,1,1,0,0,JNE,0,0,1,0,0,0,LEA,0,0,4202637,4202852,4202649,0,0,1,0,fortran,6.483417004453746e-08,0.0,0,0,0
0x401fc4,JLE,80,0,460,6,0x401fb5,TEST,1,NonLeaf,eax(MOV) eax(MOV) ,rflags ,MOVAPD,4,MOVSD_XMM,9,TEST,2,XORPD,4,MOV,2,MOV,8,ADD,3,MOV,7,MOV,8,MOV,5,0,1,1,0,0,CALL,1,1,1,0,0,0,MOV,0,0,4202415,4202896,4202442,0,1,1,1,fortran,1.0130339069458976e-09,0.0,0,0,0
0x401f20,JNZ,5280,5200,-304,6,0x401f1c,CMP,1,NonLeaf,rsp(-1) eax(MOV) ,rflags ,CMP,4,MOV,7,ADD,5,MOV,8,ADD,5,MOV,8,MOV,8,MOV,8,MOV,8,MOV,8,0,0,0,1,1,JLE,0,0,0,1,0,0,CALL,1,1,4202243,4201968,4202278,0,1,0,1,fortran,6.686023785842925e-08,0.9848484848484848,1,1,1
0x401efd,JNZ,332640,327360,-210,6,0x401ef9,CMP,1,NonLeaf,rsp(-1) eax(MOV) ,rflags ,CMP,4,MOV,7,ADD,8,MOV,8,ADD,5,ADD,5,MOV,8,ADD,5,MOV,7,CMP,4,0,0,0,1,1,JLE,0,0,0,1,0,0,JNE,1,0,4202205,4202027,4202243,0,0,0,1,fortran,4.212194985081042e-06,0.984126984126984,1,1,1
0x401ed8,JNZ,20956320,20623680,-93,2,0x401ed5,CMP,1,NonLeaf,r12d(-1) r14d(-1) ,rflags ,CMP,3,CALL_NEAR,5,LEA,4,MOV,3,XOR,2,MOV,3,ADD,5,MOV,8,ADD,8,MOV,7,0,0,0,1,1,CALL,0,1,1,1,0,0,MOV,1,0,4202197,4202107,4202202,1,0,1,0,fortran,0.0002653682840601,0.984126984126984,1,1,1
0x401e69,JLE,332640,0,4826,6,0x401e67,TEST,1,NonLeaf,eax(MOV) eax(MOV) ,rflags ,TEST,2,SHL,4,MOV,2,LEA,8,MOV,2,MOV,3,MOV,3,MOV,3,MOV,3,MOV,5,0,1,0,1,0,JE,0,0,1,0,0,0,MOV,0,0,4202044,4206915,4202095,0,0,0,0,fortran,4.212194985081042e-06,0.0,0,0,0
0x401e36,JLE,332640,0,167,6,0x401e33,TEST,1,NonLeaf,r13d(MOV) r13d(MOV) ,rflags ,TEST,3,MOV,8,MOV,7,LEA,4,MOV,8,MOV,8,MOV,5,MOV,6,ADD,8,MOV,2,1,1,1,0,0,JNE,0,0,1,0,0,0,JLE,0,0,4202027,4202205,4202044,0,0,1,0,fortran,4.212194985081042e-06,0.0,0,0,0
0x401dfb,JLE,5280,0,264,6,0x401df8,TEST,1,NonLeaf,r14d(MOV) r14d(MOV) ,rflags ,TEST,3,MOV,8,MOV,7,MOV,5,MOV,7,MOV,8,MOV,5,MOV,8,MOV,2,MOV,8,1,1,1,0,0,JNE,0,0,1,0,0,0,MOV,0,0,4201968,4202243,4201985,0,0,1,1,fortran,6.686023785842925e-08,0.0,0,0,0
0x401d96,JL,80,0,400,6,0x401d93,CMP,1,NonLeaf,eax(MOV) ,rflags ,CMP,3,MOV,3,CALL_NEAR,5,MOV,3,MOV,3,MOV,8,ADD,3,MOV,8,MOV,7,ADD,8,0,1,1,0,0,CALL,0,1,1,0,0,0,MOV,0,0,4201872,4202278,4201884,0,1,1,1,fortran,1.0130339069458976e-09,0.0,0,0,0
0x401bc6,JNZ,81792,80514,-987,6,0x401bbf,CMP,1,Leaf,rsp(-1) eax(MOV) ,rflags ,CMP,7,MOV,7,ADD,5,MOV,4,ADD,8,ADD,7,POP,1,POP,1,POP,2,POP,2,0,0,0,1,1,JLE,0,0,0,1,0,0,RET,1,0,4201367,4200427,4201420,0,1,0,0,fortran,1.0357258664614857e-06,0.984375,1,1,1
0x401b91,JNZ,5152896,5071104,-832,6,0x401b8d,CMP,1,Leaf,rsp(-1) eax(MOV) ,rflags ,CMP,4,MOV,7,ADD,8,MOV,8,ADD,5,ADD,8,MOV,8,ADD,8,MOV,4,ADD,5,0,0,0,1,1,JLE,0,0,0,1,0,0,JNE,1,0,4201319,4200529,4201367,0,0,0,1,fortran,6.52507295870736e-05,0.984126984126984,1,1,1
0x401b61,JNZ,324632448,319479552,-625,6,0x401b5d,CMP,0,Leaf,rsp(-1) eax(-1) ,rflags ,CMP,4,MOV,4,ADD,5,ADD,5,MOV,5,ADD,5,MOV,5,ADD,5,MOV,8,ADD,8,0,0,0,1,1,JLE,0,0,0,1,0,0,JNE,1,0,4201265,4200688,4201319,0,0,0,1,fortran,0.0041107959639856,0.984126984126984,1,1,1
0x401b2b,JNZ,1623162240,1298529792,-315,6,0x401b22,CMP,1,Leaf,rsi(ADD) rsp(-1) ,rflags ,MOVSD_XMM,4,CMP,5,ADD,4,ADD,6,MOV,5,ADD,5,MOV,5,MOV,5,ADD,5,ADD,5,0,0,0,1,1,NOP,0,0,0,1,0,0,JNE,1,0,4201230,4200944,4201265,1,0,1,1,fortran,0.0205539798199281,0.8,1,1,1
0x401b08,JNZ,3820843904,2197681664,-136,6,0x401aff,CMP,1,Leaf,rax(ADD) rsp(-1) ,rflags ,ADDSD,4,CMP,5,ADD,4,MULSD,5,ADD,5,MOV,5,MOV,5,ADD,6,ADD,4,CMP,5,0,0,0,1,1,MOV,0,0,1,1,0,0,JNE,1,0,4201099,4201088,4201230,0,0,0,1,fortran,0.0483830553487442,0.5751822684248553,1,1,1
0x4018f6,JLE,324632448,0,571,6,0x4018f4,TEST,1,Leaf,eax(MOV) eax(MOV) ,rflags ,TEST,2,MOV,4,NOP,4,MOV,5,SUB,3,MOV,4,MOV,5,MOV,5,MOV,5,MOV,5,1,1,1,0,0,JNE,0,0,1,0,0,0,NOP,0,0,4200688,4201265,4200700,0,0,1,1,fortran,0.0041107959639856,0.0,0,0,0
0x401857,JLE,5152896,0,784,6,0x401855,TEST,1,Leaf,edx(MOV) edx(MOV) ,rflags ,TEST,2,MOV,4,MOV,5,MOV,3,MOV,5,MOV,5,MOV,8,ADD,8,MOV,8,MOV,8,1,1,1,0,0,JNE,0,0,1,0,0,0,NOP,0,0,4200529,4201319,4200541,0,0,1,1,fortran,6.52507295870736e-05,0.0,0,0,0
0x4017f1,JLE,81792,0,934,6,0x4017ef,TEST,1,Leaf,ecx(MOV) ecx(MOV) ,rflags ,TEST,2,MOV,4,MOV,7,SUB,3,MOV,5,MOVSXD,8,MOV,8,IMUL,5,MOV,5,MOV,8,1,1,1,0,0,JNE,0,0,1,0,0,0,MOV,0,0,4200427,4201367,4200439,0,0,1,1,fortran,1.0357258664614857e-06,0.0,0,0,0
0x40173c,JLE,1278,0,1168,6,0x40173a,TEST,1,Leaf,ecx(MOV) ecx(MOV) ,rflags ,TEST,2,MOV,2,SUB,3,MOV,8,SUB,3,MOV,3,LEA,4,SUB,3,ADD,3,XORPD,4,0,1,1,0,0,RET,0,0,1,0,0,0,MOV,0,0,4199952,4201420,4200258,0,0,0,1,fortran,1.6183216663460714e-08,0.0,0,0,0
0x4015f5,JZ,1,1,19,2,0x4015ed,CMP,1,NonLeaf,rip(JZ) ,rflags ,CMP,8,CALL_NEAR,5,MOV,5,MOV,5,JZ,2,MOV,5,TEST,3,JZ,2,MOV,5,CALL_NEAR,2,0,1,1,0,0,JMP,0,0,1,0,0,0,JE,0,0,4199917,4199944,4199927,0,0,0,0,fortran,1.266292383682372e-11,1.0,1,0,1
0x4015dc,JZ,1,0,17,2,0x4015d6,TEST,1,NonLeaf,rax(MOV) rax(MOV) ,rflags ,MOV,3,TEST,3,MOV,5,PUSH,1,INVALID,0,MOV,5,MOV,5,CALL_NEAR,5,CMP,8,JZ,2,0,1,1,0,0,JE,0,0,1,0,0,0,CALL,0,1,4199888,4199917,4199902,0,0,0,1,fortran,1.266292383682372e-11,0.0,0,1,0
0x4015ba,JZ,1,0,9,2,0x4015b7,TEST,1,NonLeaf,rax(MOV) rax(MOV) ,rflags ,TEST,3,MOV,5,CALL_NEAR,5,MOV,3,PUSH,1,MOV,5,CALL_NEAR,2,POP,1,MOV,7,RET_NEAR,2,0,1,1,0,0,MOV,0,0,1,0,0,0,CALL,0,1,4199858,4199875,4199868,0,0,1,1,fortran,1.266292383682372e-11,0.0,0,1,0
0x4015a7,JNZ,1,0,36,2,0x4015a0,CMP,1,NonLeaf,rip(JNZ) ,rflags ,CMP,7,INVALID,0,INVALID,0,INVALID,0,INVALID,0,PUSH,1,MOV,3,CALL_NEAR,5,MOV,5,TEST,3,0,1,1,0,0,REPZ RET,0,0,1,0,0,0,CALL,0,1,4199840,4199883,4199849,0,0,0,1,fortran,1.266292383682372e-11,0.0,0,0,0
0x401580,JNZ,1,0,4,2,0x40157d,SAR,1,Leaf,rax(SAR) ,rax rflags ,SAR,3,ADD,3,SHR,4,MOV,3,MOV,3,POP,1,RET_NEAR,1,MOV,5,TEST,3,JZ,2,0,1,0,0,0,JE,0,0,1,0,0,0,RET,0,0,4199776,4199812,4199810,0,0,0,0,fortran,1.266292383682372e-11,0.0,0,0,0
0x401543,JNBE,1,0,4,2,0x40153c,CMP,1,Leaf,rax(SUB) ,rflags ,MOV,3,CMP,4,SUB,6,PUSH,1,MOV,5,POP,1,RET_NEAR,1,MOV,5,TEST,3,JZ,2,0,1,0,0,0,JE,0,0,1,0,0,0,RET,0,0,4199728,4199751,4199749,0,0,0,0,fortran,1.266292383682372e-11,0.0,0,0,0
0x401492,JNZ,1,1,-160,6,0x40148e,CMP,1,NonLeaf,r8d(-1) ,rflags ,CMP,4,JBE,6,CMP,3,LEA,3,JNZ,2,CMP,4,JNZ,6,LEA,4,CMP,3,JNBE,6,0,0,1,0,0,JE,0,0,1,0,0,0,JNE,0,0,4199566,4199410,4199576,0,0,0,0,fortran,1.266292383682372e-11,1.0,1,0,1
0x401488,JBE,1,0,-150,6,0x401485,CMP,1,NonLeaf,eax(LEA) ,rflags ,CMP,3,LEA,3,JNZ,2,MOVZX,3,AND,6,CMP,4,JNZ,6,CMP,4,JNZ,6,LEA,4,0,0,1,0,0,JE,0,0,1,0,0,0,JNE,0,0,4199554,4199410,4199566,0,0,0,0,fortran,1.266292383682372e-11,0.0,0,0,0
0x401480,JNZ,2,2,-31,2,0x401477,AND,1,NonLeaf,ecx(AND) ,ecx rflags ,MOVZX,3,AND,6,CPUID,2,MOV,3,LEA,3,LEA,3,CMP,3,JBE,6,CMP,4,JNZ,6,1,1,0,0,0,JE,0,0,0,1,0,0,JBE,1,0,4199535,4199521,4199554,0,0,0,0,fortran,2.532584767364744e-11,1.0,1,1,1
0x40146b,JZ,2,1,126,2,0x401465,CMP,1,NonLeaf,ecx(-1) ,rflags ,CMP,6,JZ,2,TEST,2,JMP,2,MOV,6,MOV,2,LEA,3,MOV,3,CPUID,2,AND,6,0,1,0,0,0,JMP,1,0,1,0,0,0,MOV,0,0,4199525,4199657,4199533,1,0,0,0,fortran,2.532584767364744e-11,0.5,0,0,0
0x401463,JZ,2,0,31,2,0x401461,TEST,1,NonLeaf,ebx(-1) ebx(-1) ,rflags ,TEST,2,JMP,2,MOV,6,XOR,2,JLE,2,CMP,6,JZ,2,MOV,2,LEA,3,MOV,3,0,0,1,0,0,JBE,1,0,1,0,0,0,JE,0,0,4199521,4199554,4199525,0,0,0,0,fortran,2.532584767364744e-11,0.0,0,0,0
0x401455,JLE,1,0,45,2,0x401451,CMP,1,NonLeaf,r10d(-1) ,rflags ,CMP,4,JZ,2,AND,6,MOV,5,MOV,2,XOR,2,MOV,6,JMP,2,TEST,2,JZ,2,0,1,1,0,0,JBE,0,0,1,0,0,0,JMP,0,0,4199505,4199554,4199511,0,0,0,0,fortran,1.266292383682372e-11,0.0,0,0,0
0x40144f,JZ,1,0,-93,2,0x401449,AND,1,NonLeaf,esi(AND) ,esi rflags ,AND,6,MOV,5,MOV,2,SHR,3,JMP,5,CMP,4,JLE,2,XOR,2,MOV,6,JMP,2,0,0,1,0,0,JE,0,0,1,0,0,0,JLE,0,0,4199487,4199410,4199505,0,0,0,0,fortran,1.266292383682372e-11,0.0,0,0,0
0x4013fd,JLE,1,0,-276,6,0x4013fa,TEST,1,NonLeaf,rbp(-1) rbp(-1) ,rflags ,TEST,3,JZ,6,TEST,2,MOVZX,7,JNZ,2,MOV,2,MOV,3,CQO,2,IDIV,3,MOV,3,0,0,1,0,0,JLE,0,0,1,0,0,0,JMP,0,0,4199418,4199145,4199427,0,1,0,0,fortran,1.266292383682372e-11,0.0,0,0,0
0x4013f4,JZ,1,0,-267,6,0x4013f2,TEST,1,NonLeaf,eax(-1) eax(-1) ,rflags ,TEST,2,MOVZX,7,JNZ,2,TEST,2,CPUID,2,TEST,3,JLE,6,MOV,2,MOV,3,CQO,2,0,0,1,0,0,JLE,0,0,1,0,0,0,JLE,0,0,4199410,4199145,4199418,0,0,0,0,fortran,1.266292383682372e-11,0.0,0,0,0
0x4013e9,JNZ,4,4,-25,2,0x4013e7,TEST,1,NonLeaf,al(-1) ,rflags ,TEST,2,CPUID,2,MOV,3,LEA,3,MOV,2,MOVZX,7,TEST,2,JZ,6,TEST,3,JLE,6,1,1,0,0,0,JE,0,0,0,0,0,0,MOVZX,1,0,4199391,4199376,4199403,0,0,0,0,fortran,5.065169534729488e-11,1.0,1,0,1
0x4013db,JZ,4,1,100,2,0x4013d8,CMP,1,NonLeaf,edx(AND) r8d(-1) ,rflags ,CMP,3,AND,3,SHR,3,MOV,2,NOP,5,MOV,2,LEA,3,MOV,3,CPUID,2,TEST,2,0,1,0,0,0,JE,1,0,1,0,0,0,MOV,0,0,4199376,4199487,4199389,0,0,0,0,fortran,5.065169534729488e-11,0.25,0,0,0
0x4013b1,JLE,1,0,58,2,0x4013ad,CMP,1,NonLeaf,r10d(MOV) ,rflags ,CMP,4,MOV,7,JLE,6,MOV,6,MOV,3,MOV,7,MOV,7,XOR,2,MOV,6,JMP,2,0,1,0,0,0,MOVZX,0,0,1,0,0,0,JMP,0,0,4199334,4199403,4199347,0,0,0,0,fortran,1.266292383682372e-11,0.0,0,0,0
0x4013a0,JLE,1,0,305,6,0x401394,TEST,1,NonLeaf,rax(-1) rax(-1) ,rflags ,MOV,6,MOV,3,TEST,3,CALL_NEAR,5,MOV,3,MOV,7,CMP,4,JLE,2,MOV,7,MOV,7,0,1,0,0,0,CALL,0,1,1,1,0,0,JLE,0,0,4199316,4199633,4199334,0,0,1,0,fortran,1.266292383682372e-11,0.0,0,0,0
0x40131d,JLE,1,0,-175,6,0x40131a,TEST,1,NonLeaf,rbp(-1) rbp(-1) ,rflags ,TEST,3,MOV,7,SAR,3,MOV,3,MOV,7,MOV,3,MOV,7,AND,4,SAR,3,MOV,7,0,0,0,0,0,RET,0,0,1,0,0,0,RET,0,0,4199194,4199022,4199203,0,1,0,1,fortran,1.266292383682372e-11,0.0,0,0,0
0x4012ec,JLE,1,0,46,2,0x4012e9,TEST,1,NonLeaf,r12(-1) r12(-1) ,rflags ,TEST,3,JNBE,2,CMP,6,ADD,3,MOV,3,MOV,3,MOV,7,AND,4,SAR,3,MOV,7,0,1,1,0,0,JLE,0,0,1,0,0,0,MOV,0,0,4199145,4199194,4199150,0,1,0,1,fortran,1.266292383682372e-11,0.0,0,0,0
0x401263,JZ,1,1,282,6,0x401260,CMP,1,NonLeaf,eax(MOV) ,rflags ,CMP,3,MOV,6,SUB,4,PUSH,1,PUSH,1,CMP,3,JZ,2,ADD,4,POP,1,POP,1,0,1,0,0,0,CALL,0,1,1,0,0,0,JE,0,0,4198992,4199293,4199017,0,0,1,0,fortran,1.266292383682372e-11,1.0,1,0,1
0x40122c,JZ,1,0,17,2,0x401225,CMP,1,NonLeaf,rip(JZ) ,rflags ,CMP,7,CALL_NEAR,5,NOP,3,CALL_NEAR,5,CALL_NEAR,5,XOR,2,XOR,2,XOR,2,ADD,4,JMP,5,0,1,0,0,0,CALL,0,1,1,1,0,0,JMP,0,0,4198949,4198973,4198958,0,0,1,0,fortran,1.266292383682372e-11,0.0,0,0,0
0x4011aa,JZ,1,1,19,2,0x4011a7,TEST,1,Leaf,rax(MOV) rax(MOV) ,rflags ,TEST,3,MOV,7,INVALID,0,INVALID,0,INVALID,0,MOV,5,MOV,5,MOV,3,CMPSB,2,JNZ,2,0,1,0,0,0,RET,1,0,1,0,0,0,MOV,0,0,4198816,4198845,4198828,0,0,0,0,fortran,1.266292383682372e-11,1.0,1,0,1
0x401181,JZ,1,0,14,2,0x40117f,TEST,1,NonLeaf,eax(MOV) eax(MOV) ,rflags ,TEST,2,MOV,6,CALL_NEAR,5,SUB,4,INVALID,0,MOV,7,CALL_NEAR,5,MOV,7,ADD,4,JMP,5,0,1,1,0,0,JMP,0,0,1,0,0,0,CALL,0,1,4198777,4198799,4198787,0,0,0,1,fortran,1.266292383682372e-11,0.0,0,0,0
0x40034e,JZ,1,1,7,2,0x40034b,TEST,1,NonLeaf,rax(MOV) rax(MOV) ,rflags ,TEST,3,MOV,7,SUB,4,INVALID,0,INVALID,0,CALL_NEAR,5,ADD,4,RET_NEAR,1,INVALID,0,INVALID,0,0,1,1,0,0,RET,0,0,1,0,0,0,CALL,0,1,4195136,4195157,4195152,0,0,0,1,fortran,1.266292383682372e-11,1.0,1,0,1
