Address,Opcode,Executed,Taken,Offset,Size,Flag_Write_PC,Flag_Instr_Opcode,Same_BBL,Routine_Type,Regs_Read,Regs_Write,Prev_Op_1,Prev_Size_1,Prev_Op_2,Prev_Size_2,Prev_Op_3,Prev_Size_3,Prev_Op_4,Prev_Size_4,Prev_Op_5,Prev_Size_5,Next_Op_1,Next_Size_1,Next_Op_2,Next_Size_2,Next_Op_3,Next_Size_3,Next_Op_4,Next_Size_4,Next_Op_5,Next_Size_5,br_is_loop_header,t_dominates,t_post_dominates,t_is_loop_head,t_is_backedge,t_successor_ends,t_is_loop_exit,t_has_call,f_dominates,f_post_dominates,f_is_loop_head,f_is_backedge,f_successor_ends,f_is_loop_exit,f_has_call,branch_bb_addr,taken_bb_addr,fall_bb_addr,taken_ubd,fall_ubd,taken_store,fall_store,Language,weight,rate,y,predicted,actual
0x540b61,JNZ,7,6,-33,2,0x540b5e,CMP,1,Leaf,rsp(-1) rcx(MOV) cl(MOV) ,rflags ,CMP,3,MOV,3,JZ,2,CMP,3,MOV,3,INC,3,INC,3,INC,3,ADD,7,XOR,2,0,0,0,1,1,JE,0,0,1,0,0,0,INC,1,0,5507931,5507904,5507939,0,0,0,0,cpp,3.3153544296740137e-11,0.8571428571428571,1,1,1
0x540b59,JZ,7,0,13,2,0x540b56,CMP,1,Leaf,rsp(-1) rcx(MOV) cl(MOV) ,rflags ,CMP,3,MOV,3,JZ,2,CMP,3,MOV,3,MOV,3,CMP,3,JNZ,2,INC,3,INC,3,0,1,0,0,0,INC,1,0,1,0,0,0,JNE,0,0,5507923,5507942,5507931,0,0,0,0,cpp,3.3153544296740137e-11,0.0,0,0,0
0x540b51,JZ,7,0,24,2,0x540b4e,CMP,1,Leaf,rsp(-1) rcx(MOV) cl(MOV) ,rflags ,CMP,3,MOV,3,JZ,2,CMP,3,MOV,2,MOV,3,CMP,3,JZ,2,MOV,3,CMP,3,0,1,0,0,0,INC,1,0,1,0,0,0,JE,0,0,5507915,5507945,5507923,0,0,0,0,cpp,3.3153544296740137e-11,0.0,0,0,0
0x540b49,JZ,7,0,35,2,0x540b46,CMP,1,Leaf,rsp(-1) rcx(MOV) cl(MOV) ,rflags ,CMP,3,MOV,2,ADD,4,NOP,10,NOP,4,MOV,3,CMP,3,JZ,2,MOV,3,CMP,3,1,1,1,0,0,RET,1,0,1,0,0,0,JE,0,0,5507904,5507948,5507915,1,0,0,0,cpp,3.3153544296740137e-11,0.0,0,0,0
0x540b1a,JZ,1,1,20,2,0x540b17,TEST,1,Leaf,cl(MOV) ,rflags ,TEST,3,MOV,3,MOV,3,JZ,2,TEST,3,MOV,3,MOV,3,ADD,4,MOV,3,TEST,3,0,0,1,0,0,NOP,1,0,1,0,0,0,JNE,0,0,5507857,5507886,5507868,0,1,0,1,cpp,4.736220613820021e-12,1.0,1,0,1
0x540b0f,JZ,1,0,31,2,0x540b0c,TEST,1,Leaf,cl(MOV) ,rflags ,TEST,3,MOV,3,MOV,3,JZ,2,TEST,2,MOV,3,MOV,3,TEST,3,JZ,2,MOV,3,0,0,1,0,0,NOP,1,0,1,0,0,0,JE,0,0,5507846,5507886,5507857,0,1,0,1,cpp,4.736220613820021e-12,0.0,0,0,0
0x540b04,JZ,1,0,42,2,0x540b02,TEST,1,Leaf,cl(MOV) cl(MOV) ,rflags ,TEST,2,MOV,2,NOP,2,MOV,3,STOSQ,3,MOV,3,MOV,3,TEST,3,JZ,2,MOV,3,1,1,1,0,0,NOP,1,0,1,0,0,0,JE,0,0,5507840,5507886,5507846,0,1,0,1,cpp,4.736220613820021e-12,0.0,0,0,0
0x53dde9,JZ,1,1,34,2,0x53dde6,TEST,1,NonLeaf,rax(-1) rax(-1) ,rflags ,TEST,3,CALL_NEAR,5,MOV,3,JZ,2,CMP,4,MOV,3,ADD,4,MOV,4,MOV,3,ADD,4,0,0,0,0,0,RET,0,0,0,0,0,0,MOV,0,0,5496294,5496331,5496299,0,1,1,1,cpp,4.736220613820021e-12,1.0,1,0,1
0x53dddc,JZ,1,0,36,2,0x53ddd8,CMP,1,NonLeaf,rsi(-1) ,rflags ,CMP,4,JZ,2,TEST,2,MOVZX,3,JZ,2,MOV,3,CALL_NEAR,5,TEST,3,JZ,2,MOV,3,0,1,0,0,0,JE,0,0,1,0,0,0,CALL,0,1,5496280,5496320,5496286,0,0,0,1,cpp,4.736220613820021e-12,0.0,0,0,0
0x53ddd6,JZ,1,0,53,2,0x53ddd4,TEST,1,NonLeaf,al(MOVZX) al(MOVZX) ,rflags ,TEST,2,MOVZX,3,JZ,2,TEST,3,MOV,3,CMP,4,JZ,2,MOV,3,CALL_NEAR,5,TEST,3,0,1,0,0,0,RET,0,0,1,0,0,0,JE,0,0,5496273,5496331,5496280,0,0,1,0,cpp,4.736220613820021e-12,0.0,0,0,0
0x53ddcf,JZ,2,1,105,2,0x53ddcc,TEST,1,NonLeaf,rbx(MOV) rbx(MOV) ,rflags ,TEST,3,MOV,3,SUB,4,PUSH,1,MOV,3,MOVZX,3,TEST,2,JZ,2,CMP,4,JZ,2,0,1,0,0,0,JMP,0,0,1,0,0,0,JE,0,0,5496256,5496376,5496273,0,0,0,0,cpp,9.47244122764004e-12,0.5,0,0,0
0x533b25,JNZ,44,43,-53,2,0x533b22,TEST,1,NonLeaf,rdi(MOV) rdi(MOV) ,rflags ,TEST,3,MOV,3,ADD,4,JZ,2,TEST,2,POP,1,RET_NEAR,1,CMP,3,JNZ,2,MOV,5,0,0,0,1,1,JNE,0,0,0,1,0,0,RET,1,0,5454619,5454576,5454631,0,0,0,0,cpp,2.0839370700808087e-10,0.9772727272727272,1,1,1
0x533af3,JNZ,44,44,40,2,0x533af0,CMP,1,NonLeaf,rdi(-1) ,rflags ,CMP,3,JZ,2,TEST,3,MOV,3,MOV,7,XOR,2,JMP,2,NOP,7,TEST,2,JZ,2,1,1,1,0,0,JNE,0,0,1,0,0,0,JMP,0,0,5454576,5454619,5454581,0,0,0,0,cpp,2.0839370700808087e-10,1.0,1,0,1
0x533aee,JZ,1,0,57,2,0x533aeb,TEST,1,NonLeaf,rdi(MOV) rdi(MOV) ,rflags ,TEST,3,MOV,3,MOV,7,PUSH,1,INVALID,0,CMP,3,JNZ,2,XOR,2,JMP,2,NOP,7,0,1,1,0,0,RET,0,0,1,0,1,0,JNE,0,0,5454560,5454631,5454576,0,0,0,0,cpp,4.736220613820021e-12,0.0,0,0,0
0x5303b2,JZ,1,0,457,6,0x5303ac,TEST,1,NonLeaf,rax(-1) rax(-1) ,rflags ,MOV,3,TEST,3,CALL_NEAR,5,LEA,4,MOV,7,MOV,4,MOV,4,LEA,4,MOV,3,MOV,4,0,0,0,0,0,CALL,0,1,1,0,0,0,CALL,0,1,5440428,5440891,5440440,0,1,1,1,cpp,4.736220613820021e-12,0.0,0,0,0
0x530048,JZ,1,1,840,6,0x530031,CMP,1,NonLeaf,rbx(-1) ,rflags ,MOV,4,MOV,8,MOV,7,CMP,4,ADD,4,MOV,3,MOV,4,SHL,4,CMP,4,LEA,5,0,1,0,0,0,CALL,1,1,1,0,0,0,JA,0,0,5439533,5440400,5439566,0,0,1,1,cpp,4.736220613820021e-12,1.0,1,0,1
0x530010,JZ,1,1,29,2,0x53000c,CMP,1,NonLeaf,rbp(-1) ,rflags ,CMP,4,SHL,4,MOV,3,JNZ,2,TEST,3,ADD,4,MOV,4,MOV,3,MOV,4,MOV,4,0,1,1,0,0,JE,0,0,1,0,0,0,SHL,0,0,5439500,5439533,5439506,0,0,1,1,cpp,4.736220613820021e-12,1.0,1,0,1
0x52ffc3,JZ,1,1,73,2,0x52ffc0,TEST,1,NonLeaf,r15(-1) r15(-1) ,rflags ,TEST,3,NOP,8,XOR,2,AND,5,MOV,4,MOV,4,XOR,2,MOV,5,BT,4,JNB,2,0,1,1,0,0,JE,0,0,1,0,0,0,MOV,0,0,5439424,5439500,5439429,0,0,0,0,cpp,4.736220613820021e-12,1.0,1,0,1
0x52ff97,JZ,1,0,14,2,0x52ff92,AND,1,NonLeaf,eax(AND) ,eax rflags ,AND,5,JNZ,2,CMP,3,OR,9,SUB,7,LEA,4,SUB,3,OR,5,LEA,5,XOR,3,0,1,1,0,0,NOP,0,0,1,0,0,0,OR,0,0,5439378,5439397,5439385,0,0,1,1,cpp,4.736220613820021e-12,0.0,0,0,0
0x52ff90,JNZ,1,0,-19,2,0x52ff8d,CMP,1,NonLeaf,rsp(-1) rdx(-1) ,rflags ,CMP,3,OR,9,SUB,7,JMP,2,MOV,3,AND,5,JZ,2,LEA,4,SUB,3,OR,5,1,1,0,0,0,OR,0,0,1,1,0,0,JE,1,0,5439373,5439357,5439378,1,0,1,0,cpp,4.736220613820021e-12,0.0,0,1,0
0x52ff23,JNZ,3,3,-51,2,0x52ff1b,CMP,1,NonLeaf,r14(-1) ,rflags ,MOV,3,CMP,5,JBE,2,CMP,3,SUB,3,CMP,3,JNZ,2,MOV,5,MOV,5,CALL_NEAR,5,1,1,0,0,0,MOV,0,0,1,0,0,0,JNE,0,0,5439259,5439216,5439269,0,0,0,0,cpp,1.420866184146006e-11,1.0,1,0,1
0x52ff19,JBE,3,1,-105,2,0x52ff16,CMP,1,NonLeaf,r12(-1) rax(SUB) ,rflags ,CMP,3,SUB,3,MOV,3,LEA,4,ADD,3,CMP,5,MOV,3,JNZ,2,CMP,3,JNZ,2,0,0,0,0,0,JBE,1,0,0,0,1,1,JNE,0,0,5439220,5439152,5439259,0,0,0,0,cpp,1.420866184146006e-11,0.3333333333333333,0,0,0
0x52fee2,JNBE,1,1,57,2,0x52fed7,CMP,1,NonLeaf,r12(MOV) ,rflags ,LEA,4,MOV,3,CMP,4,ADD,3,MOV,4,JMP,2,NOP,10,MOV,4,ADD,4,ADD,4,0,1,0,1,0,JNE,0,0,1,0,0,0,JMP,0,0,5439176,5439259,5439204,0,0,0,0,cpp,4.736220613820021e-12,1.0,1,0,1
0x52fec6,JNZ,4,3,-22,2,0x52fec2,CMP,1,NonLeaf,r15(-1) ,rflags ,CMP,4,JBE,6,CMP,4,ADD,4,ADD,4,MOV,4,MOV,4,MOV,4,ADD,3,CMP,4,1,1,0,0,0,JBE,0,0,1,0,0,0,JA,0,0,5439170,5439152,5439176,1,0,0,0,cpp,1.894488245528008e-11,0.75,1,1,1
0x52febc,JBE,4,1,149,6,0x52feb8,CMP,1,NonLeaf,rbp(-1) r13(ADD) ,rflags ,CMP,4,ADD,4,ADD,4,NOP,2,JMP,2,CMP,4,JNZ,2,MOV,4,MOV,4,MOV,4,0,1,0,0,0,MOV,1,0,0,0,1,1,JNE,0,0,5439152,5439313,5439170,0,0,0,0,cpp,1.894488245528008e-11,0.25,0,0,0
0x52fe95,JZ,1,0,196,6,0x52fe8e,TEST,1,NonLeaf,rax(MOVZX) rax(MOVZX) ,rflags ,MOV,4,TEST,3,MOVZX,7,MOV,7,JZ,6,XOR,3,MOV,4,MOV,4,MOV,3,MOV,3,0,0,0,0,0,JMP,0,0,1,0,0,0,JMP,0,0,5439104,5439321,5439131,0,0,0,1,cpp,4.736220613820021e-12,0.0,0,0,0
0x52fe7a,JZ,1,0,223,6,0x52fe73,TEST,1,NonLeaf,rax(MOV) rax(MOV) ,rflags ,MOV,4,TEST,3,MOV,7,JNZ,2,TEST,3,MOV,7,MOVZX,7,TEST,3,MOV,4,JZ,6,0,1,0,0,0,JMP,0,0,1,0,0,0,JE,0,0,5439084,5439321,5439104,0,1,0,1,cpp,4.736220613820021e-12,0.0,0,0,0
0x52fe30,JZ,1,1,60,2,0x52fe2d,AND,1,NonLeaf,r15(AND) rsi(MOV) ,r15 rflags ,AND,3,MOV,7,MOV,3,MOVZX,4,MOV,3,XOR,2,XOR,2,MOV,5,NOP,5,MOV,2,0,1,1,0,0,JE,1,0,1,0,0,0,NOP,0,0,5438944,5439084,5439026,0,0,1,0,cpp,4.736220613820021e-12,1.0,1,0,1
0x52e664,JZ,1,1,-269,6,0x52e65f,TEST,1,NonLeaf,eax(-1) eax(-1) ,rflags ,MOV,3,TEST,2,JMP,5,MOV,10,JMP,5,JMP,2,NOP,4,XOR,2,JMP,5,NOP,9,0,0,0,0,0,ADD,0,0,1,0,0,0,JMP,0,0,5432927,5432663,5432938,0,0,0,0,cpp,4.736220613820021e-12,1.0,1,0,1
0x52e583,JZ,1,1,139,6,0x52e580,TEST,1,NonLeaf,bpl(MOVZX) bpl(MOVZX) ,rflags ,TEST,3,MOV,3,MOVZX,3,MOV,4,MOV,7,MOV,4,XOR,3,CALL_NEAR,5,MOV,3,LEA,4,0,0,1,0,0,RET,0,0,1,0,0,0,CALL,0,1,5432680,5432846,5432713,0,0,0,1,cpp,4.736220613820021e-12,1.0,1,0,1
0x52e539,JNZ,1,0,10,2,0x52e536,TEST,1,NonLeaf,rbp(-1) rbp(-1) ,rflags ,TEST,3,MOV,5,MOV,7,ADD,6,JZ,6,JMP,5,MOV,3,MOV,7,TEST,3,JNZ,2,0,1,0,1,0,JNE,0,0,1,0,0,0,JMP,0,0,5432630,5432643,5432635,0,0,0,0,cpp,4.736220613820021e-12,0.0,0,0,0
0x52e51e,JZ,1,1,338,6,0x52e51b,TEST,1,NonLeaf,rax(MOV) rax(MOV) ,rflags ,TEST,3,MOV,7,SHL,4,LEA,4,MOV,7,ADD,6,MOV,7,MOV,5,TEST,3,JNZ,2,0,1,0,0,0,JMP,0,0,1,0,0,0,MOV,0,0,5432552,5432944,5432612,0,1,0,1,cpp,4.736220613820021e-12,1.0,1,0,1
0x52e4e2,JZ,1,1,366,6,0x52e4d5,TEST,1,NonLeaf,rip(JZ) ,rflags ,MOV,6,TEST,7,OR,3,AND,3,MOVZX,7,LEA,7,MOV,7,MOV,4,MOV,11,MOV,7,0,1,0,0,0,JMP,0,0,1,1,0,0,JE,0,0,5432495,5432912,5432552,0,0,1,1,cpp,4.736220613820021e-12,1.0,1,0,1
0x52e476,JZ,1,0,619,6,0x52e470,TEST,1,NonLeaf,rax(-1) rax(-1) ,rflags ,MOV,3,TEST,3,CALL_NEAR,5,LEA,4,MOV,5,MOV,4,LEA,7,LEA,7,MOV,3,MOV,3,0,1,0,0,0,JMP,0,0,1,0,0,0,CALL,0,1,5432432,5433057,5432444,0,1,0,1,cpp,4.736220613820021e-12,0.0,0,0,0
0x52e40c,JZ,1,1,24,2,0x52e409,TEST,1,NonLeaf,rax(MOV) rax(MOV) ,rflags ,TEST,3,MOV,5,MOV,7,ADD,4,MOV,7,ADD,4,MOV,5,POP,1,POP,1,JMP,2,0,1,0,0,0,RET,0,0,1,0,0,0,JMP,0,0,5432284,5432356,5432334,0,0,0,0,cpp,4.736220613820021e-12,1.0,1,0,1
0x52e3bf,JNZ,1,0,12,2,0x52e3bc,TEST,1,NonLeaf,rdx(MOV) rdx(MOV) ,rflags ,TEST,3,MOV,7,SHL,4,LEA,4,CALL_NEAR,2,JMP,2,NOP,5,MOV,3,MOV,4,TEST,3,0,1,0,1,0,JNE,0,0,1,0,0,0,JMP,0,0,5432237,5432267,5432257,0,0,0,0,cpp,4.736220613820021e-12,0.0,0,0,0
0x52e3a4,JZ,1,1,9,2,0x52e3a1,TEST,1,NonLeaf,rax(MOV) rax(MOV) ,rflags ,TEST,3,SUB,4,MOV,3,PUSH,1,MOV,3,MOV,5,CALL_NEAR,2,LEA,4,SHL,4,MOV,7,0,1,1,0,0,JNE,0,0,1,0,0,0,CALL,0,1,5432208,5432237,5432230,0,0,0,1,cpp,4.736220613820021e-12,1.0,1,0,1
0x52e30a,JZ,1,0,85,2,0x52e307,TEST,1,Leaf,rax(MOV) rax(MOV) ,rflags ,TEST,3,MOV,7,INVALID,0,INVALID,0,INVALID,0,MOV,4,MOV,2,MOV,6,MOV,3,MOV,4,0,1,0,0,0,JE,0,0,1,0,0,0,RET,0,0,5432064,5432159,5432076,0,1,0,1,cpp,4.736220613820021e-12,0.0,0,0,0
0x52bd32,JZ,1,0,325,6,0x52bd28,TEST,1,NonLeaf,rax(-1) rax(-1) ,rflags ,MOV,7,TEST,3,CALL_NEAR,5,LEA,8,JNZ,2,MOV,6,XOR,3,MOV,3,MOV,6,MOV,5,0,0,0,0,0,MOV,0,0,1,0,0,0,CALL,0,1,5422376,5422711,5422392,0,0,0,1,cpp,4.736220613820021e-12,0.0,0,0,0
0x52bd19,JNZ,27,26,-25,2,0x52bd17,TEST,1,NonLeaf,cl(MOVZX) cl(MOVZX) ,rflags ,TEST,2,MOVZX,5,ADD,4,CMOVBE,4,CMP,3,LEA,8,CALL_NEAR,5,TEST,3,MOV,7,JZ,6,1,1,1,1,1,JNE,0,0,1,1,0,0,LEA,1,0,5422336,5422336,5422363,1,0,0,0,cpp,1.2787795657314056e-10,0.9629629629629628,1,1,1
0x52bcf3,JZ,1,0,378,6,0x52bcf1,TEST,1,NonLeaf,cl(MOVZX) cl(MOVZX) ,rflags ,TEST,2,MOV,3,MOVZX,5,CALL_NEAR,5,AND,4,MOV,5,NOP,2,SUB,3,LEA,4,CMP,3,0,1,0,0,0,JMP,1,0,1,0,0,0,NOP,0,0,5422313,5422701,5422329,0,0,0,0,cpp,4.736220613820021e-12,0.0,0,0,0
0x52bcca,JZ,1,0,14,2,0x52bcc5,AND,1,NonLeaf,eax(AND) ,eax rflags ,AND,5,JNZ,2,CMP,3,OR,9,SUB,7,LEA,4,SUB,3,OR,5,LEA,5,MOV,3,0,1,1,0,0,CALL,0,1,1,0,0,0,OR,0,0,5422277,5422296,5422284,0,0,1,1,cpp,4.736220613820021e-12,0.0,0,0,0
0x52bcc3,JNZ,1,0,-19,2,0x52bcc0,CMP,1,NonLeaf,rsp(-1) rcx(-1) ,rflags ,CMP,3,OR,9,SUB,7,NOP,7,JMP,2,AND,5,JZ,2,LEA,4,SUB,3,OR,5,1,1,0,0,0,OR,0,0,1,1,0,0,JE,1,0,5422272,5422256,5422277,1,0,1,0,cpp,4.736220613820021e-12,0.0,0,1,0
0x52bc32,JNZ,1,1,78,2,0x52bc2d,CMP,1,NonLeaf,r12(-1) ,rflags ,CMP,5,JZ,2,MOV,8,MOV,11,MOV,7,MOV,11,LEA,4,POP,1,POP,2,POP,2,0,1,0,0,0,CALL,0,1,0,0,0,0,RET,1,0,5422125,5422208,5422132,0,0,1,1,cpp,4.736220613820021e-12,1.0,1,0,1
0x52bc2b,JZ,1,0,9,2,0x52bc0e,TEST,1,NonLeaf,r12(-1) r12(-1) ,rflags ,MOV,8,MOV,11,MOV,7,TEST,3,MOV,8,CMP,5,JNZ,2,MOV,11,LEA,4,POP,1,0,1,0,0,0,RET,1,0,1,0,0,0,JNE,0,0,5422094,5422132,5422125,0,0,1,0,cpp,4.736220613820021e-12,0.0,0,0,0
0x52bba3,JZ,1,1,107,2,0x52bba0,CMP,1,NonLeaf,rbx(-1) rax(-1) ,rflags ,CMP,3,MOV,5,MOV,7,JBE,6,MOV,7,MOV,3,SUB,3,MOV,3,SHR,4,LEA,8,0,0,1,0,0,JE,1,0,0,0,0,0,JE,0,0,5421984,5422094,5421989,0,0,1,0,cpp,4.736220613820021e-12,1.0,1,0,1
0x52bb5b,JBE,1,1,637,6,0x52bb50,CMP,1,NonLeaf,rax(-1) ,rflags ,MOV,7,CMP,4,JBE,6,MOV,7,CMP,4,CMP,4,MOV,7,JBE,6,CMP,4,MOV,7,0,1,0,0,0,JMP,0,0,1,0,0,0,JBE,0,0,5421904,5422552,5421921,0,0,0,1,cpp,4.736220613820021e-12,1.0,1,0,1
0x52bb4a,JBE,1,0,702,6,0x52bb3f,CMP,1,NonLeaf,rax(-1) ,rflags ,MOV,7,CMP,4,JNBE,6,CMP,4,CMOVNBE,4,CMP,4,MOV,7,JBE,6,CMP,4,MOV,7,0,1,0,0,0,JMP,0,0,1,0,0,0,JBE,0,0,5421887,5422600,5421904,0,0,0,1,cpp,4.736220613820021e-12,0.0,0,0,0
0x52bb39,JNBE,1,0,279,6,0x52bb35,CMP,1,NonLeaf,rbx(-1) ,rflags ,CMP,4,CMOVNBE,4,CMP,3,AND,3,NEG,3,CMP,4,MOV,7,JBE,6,CMP,4,MOV,7,0,1,0,0,0,JNE,0,0,1,0,0,0,JBE,0,0,5421802,5422160,5421887,0,0,0,1,cpp,4.736220613820021e-12,0.0,0,0,0
0x52ba7f,JZ,1,1,107,2,0x52ba7c,CMP,1,NonLeaf,rbx(-1) rax(-1) ,rflags ,CMP,3,MOV,5,MOV,7,JBE,6,MOV,7,MOV,3,SUB,3,MOV,3,SHR,4,LEA,8,0,0,1,0,0,JA,1,0,0,0,0,0,JE,0,0,5421692,5421802,5421697,0,0,1,0,cpp,4.736220613820021e-12,1.0,1,0,1
0x52ba37,JBE,1,1,849,6,0x52ba2c,CMP,1,NonLeaf,rax(-1) ,rflags ,MOV,7,CMP,4,JBE,6,MOV,7,CMP,4,CMP,4,MOV,7,JBE,6,CMP,4,MOV,7,0,1,0,0,0,JMP,0,0,1,0,0,0,JBE,0,0,5421612,5422472,5421629,0,0,0,1,cpp,4.736220613820021e-12,1.0,1,0,1
0x52ba26,JBE,1,0,1010,6,0x52ba1b,CMP,1,NonLeaf,rax(-1) ,rflags ,MOV,7,CMP,4,JNBE,6,CMP,4,CMOVNBE,4,CMP,4,MOV,7,JBE,6,CMP,4,MOV,7,0,1,0,0,0,JMP,0,0,1,0,0,0,JBE,0,0,5421595,5422616,5421612,0,0,0,1,cpp,4.736220613820021e-12,0.0,0,0,0
0x52b9f0,JZ,1,0,1080,6,0x52b9bc,TEST,1,NonLeaf,rbx(-1) rbx(-1) ,rflags ,MOV,8,MOV,8,MOV,8,MOV,8,MOV,7,LEA,4,MOV,3,AND,3,SHR,4,NEG,3,0,1,0,0,0,JMP,1,0,1,0,0,0,JA,0,0,5421500,5422632,5421558,0,0,1,0,cpp,4.736220613820021e-12,0.0,0,0,0
0x52b9b6,JZ,1,0,1217,6,0x52b9ad,TEST,1,NonLeaf,rax(-1) rax(-1) ,rflags ,MOV,3,MOV,3,TEST,3,CALL_NEAR,5,SHL,4,TEST,3,MOV,10,MOV,7,MOV,8,MOV,8,0,1,0,0,0,MOV,1,0,1,0,0,0,JE,0,0,5421485,5422711,5421500,0,0,0,1,cpp,4.736220613820021e-12,0.0,0,0,0
0x52903f,JZ,1,1,-637,6,0x52903d,TEST,1,NonLeaf,ecx(MOV) ecx(MOV) ,rflags ,TEST,2,MOV,5,LEA,4,MOV,4,NOP,10,CMP,4,JZ,6,CMP,4,JNZ,6,MOV,5,0,0,0,0,0,JE,0,0,1,0,0,0,JE,0,0,5410864,5410242,5410885,0,0,0,0,cpp,4.736220613820021e-12,1.0,1,0,1
0x528fe8,JZ,1,1,303,6,0x528fd9,CMP,1,NonLeaf,rsp(-1) ,rflags ,MOV,4,MOV,5,CMP,6,MOV,5,JBE,2,MOV,5,MOV,5,MOV,5,ADD,3,ADD,3,0,1,0,0,0,JMP,0,0,1,0,0,0,CALL,0,1,5410777,5411095,5410798,0,1,1,1,cpp,4.736220613820021e-12,1.0,1,0,1
0x528f30,JZ,1,1,434,6,0x528f28,CMP,1,NonLeaf,rsi(-1) ,rflags ,MOV,4,CMP,4,JZ,6,MOV,4,CMP,4,CMP,4,MOV,4,JZ,6,CMP,4,MOV,4,0,1,0,0,0,JMP,0,0,1,0,0,0,JE,0,0,5410600,5411042,5410614,0,0,0,1,cpp,4.736220613820021e-12,1.0,1,0,1
0x528f22,JZ,1,0,408,6,0x528f1a,CMP,1,NonLeaf,rsi(-1) ,rflags ,MOV,4,CMP,4,JNBE,6,CMP,4,CMOVNBE,4,CMP,4,MOV,4,JZ,6,CMP,4,MOV,4,0,1,0,0,0,JMP,0,0,1,0,0,0,JE,0,0,5410586,5411002,5410600,0,0,0,1,cpp,4.736220613820021e-12,0.0,0,0,0
0x528f14,JNBE,1,0,404,6,0x528f10,CMP,1,NonLeaf,r8(-1) ,rflags ,CMP,4,CMOVNBE,4,CMP,3,AND,3,NEG,3,CMP,4,MOV,4,JZ,6,CMP,4,MOV,4,0,1,0,0,0,JNE,0,0,1,0,0,0,JE,0,0,5410549,5410984,5410586,0,0,0,1,cpp,4.736220613820021e-12,0.0,0,0,0
0x528eef,JZ,1,0,234,6,0x528eec,TEST,1,NonLeaf,r8(-1) r8(-1) ,rflags ,TEST,3,ADD,2,SETNZ,3,CMP,4,XOR,2,LEA,4,MOV,3,AND,3,SHR,4,NEG,3,0,1,1,0,0,JE,0,0,1,0,0,0,JA,0,0,5410529,5410777,5410549,0,0,1,0,cpp,4.736220613820021e-12,0.0,0,0,0
0x528ed8,JNB,1,0,9,2,0x528ec5,CMP,1,NonLeaf,rip(JNB) rbx(-1) ,rflags ,MOV,4,MOV,5,MOV,3,CMP,7,CALL_NEAR,5,MOV,7,XOR,2,CMP,4,SETNZ,3,ADD,2,0,1,1,0,0,JE,0,0,1,0,0,0,MOV,0,0,5410501,5410529,5410522,0,0,0,1,cpp,4.736220613820021e-12,0.0,0,0,0
0x528ea7,JZ,1,0,637,6,0x528e97,TEST,1,NonLeaf,rax(-1) rax(-1) ,rflags ,MOV,5,MOV,5,MOV,3,TEST,3,CALL_NEAR,5,LEA,4,MOV,3,MOV,3,MOV,5,MOV,4,0,1,0,0,0,CALL,1,1,1,0,0,0,CALL,0,1,5410455,5411108,5410477,0,0,1,1,cpp,4.736220613820021e-12,0.0,0,0,0
0x528e4e,JZ,1,1,562,6,0x528e48,CMP,1,NonLeaf,rsp(-1) ,rflags ,CMP,6,NOP,3,JMP,5,MOV,4,LEA,4,MOV,5,CALL_NEAR,5,ADD,4,MOV,5,MOV,7,0,1,0,0,0,JMP,0,0,1,0,0,0,CALL,0,1,5410376,5410944,5410388,0,1,1,1,cpp,4.736220613820021e-12,1.0,1,0,1
0x528de4,JNZ,2,2,-12,2,0x528de0,CMP,1,NonLeaf,r14(-1) rbx(-1) ,rflags ,CMP,4,JZ,2,TEST,3,MOV,3,NOP,5,MOV,4,MOV,3,MOV,3,CALL_NEAR,5,TEST,2,1,1,0,0,0,JE,0,0,1,0,0,0,CALL,0,1,5410272,5410264,5410278,1,0,0,1,cpp,9.47244122764004e-12,1.0,1,0,1
0x528dde,JZ,2,1,106,2,0x528ddb,TEST,1,NonLeaf,r14(MOV) r14(MOV) ,rflags ,TEST,3,MOV,3,NOP,5,JMP,2,MOV,3,CMP,4,JNZ,2,MOV,4,MOV,3,MOV,3,0,0,0,0,0,JE,1,0,0,0,1,1,JNE,0,0,5410264,5410376,5410272,0,0,0,0,cpp,9.47244122764004e-12,0.5,0,0,0
0x528dcc,JZ,1,0,124,2,0x528dc9,TEST,1,NonLeaf,r13(MOV) r13(MOV) ,rflags ,TEST,3,MOV,7,MOV,6,JNZ,6,TEST,2,MOV,3,JMP,2,NOP,5,MOV,3,TEST,3,0,1,0,0,0,JE,0,0,1,0,0,0,JMP,0,0,5410242,5410376,5410254,0,0,0,0,cpp,4.736220613820021e-12,0.0,0,0,0
0x528d6b,JZ,1,1,32,2,0x528d61,CMP,1,NonLeaf,r15(-1) rbx(-1) ,rflags ,LEA,4,CMP,6,JBE,2,CMP,4,JZ,2,JMP,5,NOP,6,CMP,6,LEA,4,JNZ,6,0,1,0,1,0,JNE,0,0,1,0,0,0,JMP,0,0,5410145,5410187,5410157,0,0,0,0,cpp,4.736220613820021e-12,1.0,1,0,1
0x528d59,JZ,1,0,87,2,0x528d53,TEST,1,NonLeaf,rax(-1) rax(-1) ,rflags ,MOV,3,TEST,3,CALL_NEAR,5,MOV,3,JZ,6,CMP,4,JBE,2,CMP,6,LEA,4,JZ,2,0,1,0,0,0,JNE,0,0,1,0,0,0,JBE,0,0,5410131,5410224,5410139,0,0,0,0,cpp,4.736220613820021e-12,0.0,0,0,0
0x528d45,JZ,2,1,841,6,0x528d3f,TEST,1,NonLeaf,rax(-1) rax(-1) ,rflags ,MOV,3,TEST,3,CALL_NEAR,5,LEA,5,MOV,5,MOV,3,CALL_NEAR,5,TEST,3,MOV,3,JZ,2,0,1,0,0,0,RET,1,0,1,0,0,0,CALL,0,1,5410111,5410958,5410123,0,0,1,1,cpp,9.47244122764004e-12,0.5,0,0,0
0x528af3,JNBE,213,0,13,2,0x528af0,CMP,1,Leaf,rsi(-1) rdx(-1) ,rflags ,CMP,3,XOR,2,MOV,7,JNBE,2,MOV,3,RET_NEAR,2,NOP,9,MOV,7,MOV,7,MOV,5,0,1,0,0,0,RET,0,0,1,0,0,0,REPZ RET,0,0,5409511,5409536,5409525,0,0,1,0,cpp,1.0088149907436644e-09,0.0,0,0,0
0x528ae5,JNBE,213,0,47,2,0x528adc,CMP,1,Leaf,rax(-1) ,rflags ,MOV,3,CMP,6,SYSCALL,2,MOV,2,MOV,3,MOV,7,XOR,2,CMP,3,JNBE,2,RET_NEAR,2,0,1,0,0,0,RET,0,0,1,0,0,0,JA,0,0,5409500,5409556,5409511,0,1,1,1,cpp,1.0088149907436644e-09,0.0,0,0,0
0x52878d,JNB,1,0,-88525,6,0x528787,CMP,1,Leaf,rax(-1) ,rflags ,CMP,6,SYSCALL,2,MOV,5,INVALID,0,INVALID,0,RET_NEAR,1,INVALID,0,INVALID,0,INVALID,0,INVALID,0,0,-1,-1,-1,-1,RET,-1,0,1,1,0,0,RET,0,0,5408647,5320128,5408659,1,0,1,0,cpp,4.736220613820021e-12,0.0,0,0,0
0x51f133,JZ,1,0,27,2,0x51f12f,CMP,1,NonLeaf,rax(-1) ,rflags ,CMP,4,CALL_NEAR,5,MOV,5,MOV,5,MOV,6,LEA,4,MOV,3,MOV,5,MOV,3,CALL_NEAR,5,0,1,1,0,0,RET,0,0,1,0,0,0,CALL,0,1,5370159,5370190,5370165,0,0,0,1,cpp,4.736220613820021e-12,0.0,0,0,0
0x51f0f8,JZ,1,0,120,2,0x51f0f3,CMP,1,NonLeaf,eax(AND) ,rflags ,CMP,5,AND,5,MOV,4,JS,2,TEST,2,MOV,5,LEA,4,CMP,6,JBE,2,MOV,5,0,1,0,0,0,JA,0,0,1,1,0,0,JBE,0,0,5370090,5370224,5370106,0,0,0,0,cpp,4.736220613820021e-12,0.0,0,0,0
0x51f0e8,JS,1,0,35,2,0x51f0e6,TEST,1,NonLeaf,eax(-1) eax(-1) ,rflags ,TEST,2,CALL_NEAR,6,MOV,3,MOV,3,JBE,6,MOV,4,AND,5,CMP,5,JZ,2,MOV,5,0,0,0,0,0,MOV,0,0,1,0,0,0,JE,0,0,5370086,5370123,5370090,0,0,0,0,cpp,4.736220613820021e-12,0.0,0,0,0
0x51f0b3,JS,1,0,88,2,0x51f0b1,TEST,1,NonLeaf,eax(MOV) eax(MOV) ,rflags ,TEST,2,MOV,3,SUB,7,MOV,3,PUSH,1,MOV,7,MOV,5,SUB,6,MOV,3,SUB,7,0,1,0,0,0,MOV,0,0,1,0,0,0,JBE,0,0,5370016,5370123,5370037,0,0,0,0,cpp,4.736220613820021e-12,0.0,0,0,0
0x51ee55,JNZ,125391,67321,-37,2,0x51ee48,TEST,1,Leaf,rdx(SHR) rdx(SHR) ,rflags ,MOV,2,MOV,3,MOVZX,5,TEST,3,SUB,3,MOV,3,RET_NEAR,1,INVALID,0,INVALID,0,INVALID,0,1,1,1,1,1,JNE,0,0,1,1,0,0,RET,1,0,5369392,5369392,5369431,0,0,1,0,cpp,5.938794389875062e-07,0.5368886124203491,1,1,1
0x51edf8,JNZ,30917,28977,-24,2,0x51edee,TEST,1,Leaf,rdi(SHR) rdi(SHR) ,rflags ,MOV,2,MOVZX,5,TEST,3,AND,3,SUB,4,JMP,2,NOP,4,MOV,3,SHR,4,SUB,4,1,1,1,1,1,JNE,0,0,1,1,0,0,JMP,1,0,5369312,5369312,5369338,1,0,1,0,cpp,1.4642973271747357e-07,0.9372513503897532,1,1,1
0x51eda9,JZ,1940,1940,55,2,0x51eda6,CMP,1,Leaf,edx(-1) ,rflags ,CMP,3,JZ,2,CMP,3,CMOVZ,4,MOV,5,CMP,3,MOV,2,JZ,2,NOP,6,MOV,3,0,1,0,1,0,JNE,1,0,1,0,0,0,JE,1,0,5369254,5369312,5369259,0,0,1,0,cpp,9.188267990810841e-09,1.0,1,0,1
0x51eda4,JZ,60010,58070,124,2,0x51eda1,CMP,1,Leaf,edx(-1) ,rflags ,CMP,3,CMOVZ,4,MOV,5,MOV,6,TEST,2,CMP,3,JZ,2,CMP,3,MOV,2,JZ,2,0,1,0,0,0,NOP,1,0,1,0,0,0,JE,1,0,5369232,5369376,5369254,0,0,0,0,cpp,2.842205990353394e-07,0.9676720546575572,1,0,1
0x51ec77,JZ,8,8,73,2,0x51ec74,TEST,1,Leaf,rsi(-1) rsi(-1) ,rflags ,TEST,3,JNZ,2,MOV,3,MOV,2,TEST,5,BSR,4,XOR,4,LEA,3,SHL,3,MOV,5,0,1,0,0,0,RET,0,0,1,0,0,0,RET,0,0,5368948,5369024,5368953,0,1,1,1,cpp,3.788976491056016e-11,1.0,1,0,1
0x51ec72,JNZ,18790,18782,46,2,0x51ec68,TEST,1,Leaf,eax(SHR) ,rflags ,MOV,3,MOV,2,TEST,5,SUB,6,AND,6,TEST,3,JZ,2,BSR,4,XOR,4,LEA,3,0,1,0,0,0,RET,0,0,1,0,0,0,JE,0,0,5368880,5368992,5368948,0,0,1,0,cpp,8.89935853336782e-08,0.999574241617882,1,0,1
0x51eb74,JLE,74804,74804,39,2,0x51eb71,TEST,1,NonLeaf,r10(MOV) r10(MOV) ,rflags ,TEST,3,SUB,3,MOV,5,JNZ,2,CMP,4,NEG,3,ADD,3,XOR,2,SHL,4,XOR,3,0,1,1,0,0,RET,1,0,1,0,0,0,NOP,0,0,5368681,5368731,5368694,0,1,1,0,cpp,3.542882467961929e-07,1.0,1,0,1
0x51eb67,JNZ,56657,0,-23,2,0x51eb63,CMP,1,NonLeaf,rbx(SUB) ,rflags ,CMP,4,MOV,4,DIV,3,SUB,4,SUB,4,MOV,5,SUB,3,TEST,3,JLE,2,NEG,3,1,1,1,1,1,JNE,0,0,0,1,0,0,JLE,1,0,5368656,5368656,5368681,1,0,1,0,cpp,2.683400513172009e-07,0.0,0,1,0
0x51eb4a,JS,74804,18147,31,2,0x51eb46,SUB,1,NonLeaf,rbx(SUB) ,rbx rflags ,SUB,4,ADD,3,LEA,8,MOV,5,MOV,5,LEA,4,MOV,4,SUB,4,SUB,4,DIV,3,0,1,1,0,0,JLE,1,0,1,0,0,0,LEA,0,0,5368625,5368681,5368652,0,0,0,0,cpp,3.542882467961929e-07,0.2425939789316079,0,0,0
0x51eb2b,JBE,74804,1750,133,6,0x51eb28,CMP,1,NonLeaf,rcx(MOV) rdx(MOV) ,rflags ,CMP,3,XOR,3,MOV,5,MOV,3,JMP,5,MOV,5,MOV,5,LEA,8,ADD,3,SUB,4,0,1,0,0,0,JMP,0,0,1,1,0,0,JS,0,0,5368605,5368752,5368625,1,0,0,0,cpp,3.542882467961929e-07,0.0233944708839099,0,0,0
0x51e7df,JZ,74804,74804,830,6,0x51e7c4,CMP,1,NonLeaf,r9(-1) ,rflags ,MOV,5,MOV,5,MOV,3,MOV,5,MOV,5,CMP,4,JZ,6,TEST,3,JZ,6,MOV,5,0,1,0,0,0,JBE,0,0,1,0,0,0,JE,1,0,5367728,5368605,5367781,0,0,0,0,cpp,3.542882467961929e-07,1.0,1,0,1
0x51c858,JZ,1,1,23,2,0x51c852,TEST,1,NonLeaf,esi(-1) esi(-1) ,rflags ,MOV,3,PUSH,1,TEST,2,XOR,2,INVALID,0,LEA,4,XOR,2,XOR,2,CALL_NEAR,5,TEST,2,0,1,1,0,0,RET,0,0,1,0,0,0,CALL,0,1,5359696,5359727,5359706,0,0,1,1,cpp,4.736220613820021e-12,1.0,1,0,1
0x512d44,JZ,1,0,12,2,0x512d3a,TEST,1,NonLeaf,rax(MOV) rax(MOV) ,rflags ,MOV,2,PUSH,1,MOV,3,PUSH,1,TEST,3,MOV,6,TEST,2,JZ,2,MOVZX,7,MOV,10,0,1,0,0,0,CALL,0,1,1,0,0,0,JE,0,0,5319984,5320016,5320006,0,0,1,0,cpp,4.736220613820021e-12,0.0,0,0,0
0x512cad,JZ,1,1,-14,2,0x512ca9,CMP,1,NonLeaf,r8d(-1) ,rflags ,CMP,4,RET_NEAR,1,POP,1,POP,1,ADD,7,MOV,5,ADD,7,SUB,3,SHL,3,POP,1,0,0,0,0,0,RET,0,0,0,0,0,0,RET,0,0,5319849,5319839,5319855,0,0,0,0,cpp,4.736220613820021e-12,1.0,1,0,1
0x512c97,JNZ,3,1,18,2,0x512c94,CMP,1,NonLeaf,dl(-1) ,rflags ,CMP,3,OR,2,LEA,4,ADD,4,SHL,3,CMP,4,JNZ,2,ADD,7,POP,1,POP,1,0,1,0,0,0,JE,1,0,1,0,0,0,JNE,0,0,5319815,5319849,5319833,0,0,0,0,cpp,1.420866184146006e-11,0.3333333333333333,0,0,0
0x512c85,JBE,1,0,-21,2,0x512c81,CMP,1,NonLeaf,dil(LEA) ,rflags ,CMP,4,LEA,3,MOVSX,3,LEA,4,ADD,4,SHL,3,ADD,4,LEA,4,OR,2,CMP,3,1,1,1,1,1,JBE,0,0,0,1,0,0,JNE,0,0,5319792,5319792,5319815,0,0,0,0,cpp,4.736220613820021e-12,0.0,0,1,0
0x512c65,JNBE,3,2,34,2,0x512c61,CMP,1,NonLeaf,dil(LEA) ,rflags ,CMP,4,LEA,3,SUB,3,LEA,4,MOVSX,4,NOP,9,LEA,3,ADD,4,LEA,4,MOVSX,3,0,1,1,0,0,JNE,0,0,1,0,0,0,NOP,0,0,5319763,5319815,5319783,0,0,0,0,cpp,1.420866184146006e-11,0.6666666666666666,1,0,1
0x512c51,JNBE,3,0,94,2,0x512c4e,CMP,1,NonLeaf,dl(LEA) ,rflags ,CMP,3,LEA,3,MOVSX,3,XOR,2,XOR,3,MOVSX,4,LEA,4,SUB,3,LEA,3,CMP,4,1,1,0,0,0,RET,1,0,1,0,0,0,JA,0,0,5319752,5319855,5319763,0,0,0,0,cpp,1.420866184146006e-11,0.0,0,0,0
0x512c3d,JNZ,1,0,147,6,0x512c33,TEST,1,NonLeaf,eax(-1) eax(-1) ,rflags ,LEA,8,TEST,2,CALL_NEAR,5,LEA,5,SUB,7,XOR,3,XOR,2,MOVSX,3,LEA,3,CMP,3,0,1,0,0,0,CALL,0,1,1,0,0,0,XOR,0,0,5319731,5319888,5319747,0,0,1,0,cpp,4.736220613820021e-12,0.0,0,0,0
0x512bf8,JZ,128,128,24,2,0x512bf0,CMP,1,Leaf,rip(JZ) ,rflags ,CMP,8,INVALID,0,INVALID,0,INVALID,0,INVALID,0,MOV,3,MOV,4,JMP,5,NOP,10,RET_NEAR,2,0,1,0,0,0,REPZ RET,0,0,1,0,0,0,JMP,0,0,5319664,5319696,5319674,0,0,0,0,cpp,6.062362385689625e-10,1.0,1,0,1
0x512b98,JZ,1,0,8,2,0x512b96,TEST,1,NonLeaf,eax(MOV) eax(MOV) ,rflags ,TEST,2,MOV,6,INVALID,0,INVALID,0,INVALID,0,RET_NEAR,1,NOP,5,PUSH,1,CALL_NEAR,5,MOV,2,0,1,0,0,0,CALL,0,1,1,0,0,0,RET,0,0,5319568,5319584,5319578,0,0,1,0,cpp,4.736220613820021e-12,0.0,0,0,0
0x5123fe,JNBE,1,0,-1449,6,0x5123fa,CMP,1,NonLeaf,rcx(SUB) ,rflags ,CMP,4,SUB,3,MOV,3,JBE,2,CMP,4,NEG,3,LEA,4,MOV,4,JMP,5,NOP,4,0,0,1,0,0,JE,0,0,1,0,0,0,JMP,0,0,5317620,5316181,5317636,0,0,0,1,cpp,4.736220613820021e-12,0.0,0,0,0
0x51236d,JB,1,0,-1500,6,0x51236a,CMP,1,NonLeaf,rcx(-1) r9(-1) ,rflags ,CMP,3,JZ,6,TEST,4,MOV,3,MOV,7,MOV,7,MOV,7,MOV,3,JMP,5,NOP,7,0,0,1,0,0,JE,0,0,1,0,0,0,JMP,0,0,5317482,5315985,5317491,0,0,0,1,cpp,4.736220613820021e-12,0.0,0,0,0
0x512364,JZ,1,0,-1491,6,0x512360,TEST,1,NonLeaf,rax(-1) ,rflags ,TEST,4,MOV,3,MOV,7,JB,2,CMP,3,CMP,3,JB,6,MOV,7,MOV,7,MOV,3,0,0,1,0,0,JE,0,0,1,0,0,0,JB,0,0,5317472,5315985,5317482,1,0,0,0,cpp,4.736220613820021e-12,0.0,0,0,0
0x512354,JB,1,0,12,2,0x512351,CMP,1,NonLeaf,rcx(ADD) r8(-1) ,rflags ,CMP,3,ADD,4,MOV,3,JNZ,2,MOV,4,MOV,7,MOV,3,TEST,4,JZ,6,CMP,3,0,1,1,0,0,JE,0,0,1,0,0,0,MOV,0,0,5317453,5317472,5317462,0,0,0,1,cpp,4.736220613820021e-12,0.0,0,1,0
0x512348,JNZ,1,0,5,2,0x512340,CMP,1,NonLeaf,rbx(-1) ,rflags ,MOV,4,CMP,4,RET_NEAR,1,POP,2,POP,2,MOV,3,ADD,4,CMP,3,JB,2,MOV,7,0,1,1,0,0,JB,0,0,1,0,0,0,MOV,0,0,5317440,5317453,5317450,0,0,0,1,cpp,4.736220613820021e-12,0.0,0,0,0
0x512333,JNZ,4,4,-27,2,0x512330,CMP,1,NonLeaf,rdx(ADD) rcx(-1) ,rflags ,CMP,3,ADD,4,JZ,6,CMP,7,ADD,4,ADD,4,POP,1,POP,1,POP,2,POP,2,1,1,0,0,0,JE,0,0,0,0,0,0,RET,1,0,5317420,5317400,5317429,0,0,0,0,cpp,1.894488245528008e-11,1.0,1,1,1
0x512326,JZ,4,1,346,6,0x51231f,CMP,1,NonLeaf,rax(ADD) ,rflags ,CMP,7,ADD,4,MOV,3,NOP,5,JMP,2,ADD,4,CMP,3,JNZ,2,ADD,4,POP,1,0,0,0,0,0,RET,1,0,0,0,1,1,JNE,0,0,5317400,5317760,5317420,0,0,1,0,cpp,1.894488245528008e-11,0.25,0,0,0
0x512305,JZ,1,0,367,6,0x5122ff,CMP,1,NonLeaf,rax(-1) ,rflags ,CMP,6,JZ,2,TEST,3,MOV,7,JZ,2,ADD,4,XOR,2,JMP,2,NOP,5,MOV,3,0,1,0,0,0,NOP,0,0,1,0,0,0,JMP,0,0,5317375,5317748,5317387,0,1,0,0,cpp,4.736220613820021e-12,0.0,0,0,0
0x5122fd,JZ,1,0,56,2,0x5122fa,TEST,1,NonLeaf,rcx(MOV) rcx(MOV) ,rflags ,TEST,3,MOV,7,JZ,2,TEST,3,MOV,7,CMP,6,JZ,6,ADD,4,XOR,2,JMP,2,0,0,0,0,0,RET,0,0,1,0,0,0,JE,0,0,5317363,5317429,5317375,0,0,0,0,cpp,4.736220613820021e-12,0.0,0,0,0
0x512284,JZ,1,1,75,2,0x51227e,TEST,1,NonLeaf,rax(-1) rax(-1) ,rflags ,MOV,3,TEST,3,CALL_NEAR,5,MOV,5,CALL_NEAR,5,MOV,6,XOR,2,XOR,3,XOR,2,XOR,2,0,1,1,0,0,JE,0,0,1,0,0,0,XOR,0,0,5317246,5317327,5317254,0,0,0,0,cpp,4.736220613820021e-12,1.0,1,0,1
0x512216,JZ,1,1,61,2,0x512214,TEST,1,NonLeaf,eax(MOV) eax(MOV) ,rflags ,TEST,2,MOV,6,CALL_NEAR,5,JZ,6,CMP,3,MOV,5,NOP,3,MOV,3,CALL_NEAR,5,XOR,2,0,1,1,0,0,JE,0,0,1,0,0,0,NOP,0,0,5317134,5317203,5317144,0,0,0,0,cpp,4.736220613820021e-12,1.0,1,0,1
0x512140,JZ,1,1,6,2,0x51213e,TEST,1,NonLeaf,edx(MOV) edx(MOV) ,rflags ,TEST,2,MOV,4,MOV,6,CALL_NEAR,5,MOV,4,MOV,4,XOR,2,MOV,3,CALL_NEAR,5,MOV,11,0,0,1,0,0,CALL,0,1,1,0,0,0,MOV,0,0,5316916,5316934,5316930,0,0,1,1,cpp,4.736220613820021e-12,1.0,1,0,1
0x51211c,JZ,1,0,1078,6,0x512119,TEST,1,NonLeaf,rax(-1) rax(-1) ,rflags ,TEST,3,CALL_NEAR,5,MOV,3,MOV,3,CALL_NEAR,5,MOV,3,MOV,3,MOV,3,MOV,4,CALL_NEAR,5,0,1,0,0,0,CALL,0,1,1,0,0,0,CALL,0,1,5316889,5317970,5316898,0,0,1,1,cpp,4.736220613820021e-12,0.0,0,0,0
0x5120f8,JZ,1,0,78,2,0x5120f5,TEST,1,NonLeaf,rax(MOV) rax(MOV) ,rflags ,TEST,3,MOV,7,MOV,3,MOV,7,MOV,10,MOV,4,MOV,4,ADD,4,MOV,3,CALL_NEAR,5,0,1,0,0,0,CALL,0,1,1,0,0,0,CALL,0,1,5316808,5316934,5316858,0,0,1,1,cpp,4.736220613820021e-12,0.0,0,0,0
0x5120b3,JZ,1,1,13,2,0x5120ab,CMP,1,NonLeaf,rbx(-1) ,rflags ,CMP,8,JNZ,6,AND,3,JNZ,6,MOV,2,MOV,11,MOV,3,CALL_NEAR,5,MOV,7,LEA,4,0,0,1,0,0,CALL,0,1,1,0,0,0,MOV,0,0,5316779,5316800,5316789,0,0,1,1,cpp,4.736220613820021e-12,1.0,1,0,1
0x512087,JZ,1,1,36,2,0x512084,TEST,1,NonLeaf,rax(MOV) rax(MOV) ,rflags ,TEST,3,MOV,7,JNZ,6,TEST,2,MOV,7,TEST,7,MOV,4,MOV,6,MOV,2,JNZ,6,0,1,1,0,0,JE,0,0,1,0,0,0,JNE,0,0,5316733,5316779,5316745,0,1,0,1,cpp,4.736220613820021e-12,1.0,1,0,1
0x512024,JZ,1,0,37,2,0x512021,TEST,1,NonLeaf,rax(MOV) rax(MOV) ,rflags ,TEST,3,MOV,7,MOV,7,MOV,4,ADD,4,ADD,4,MOV,3,LEA,7,MOV,7,MOV,7,0,0,1,0,0,JE,0,0,1,0,0,0,MOV,0,0,5316634,5316681,5316646,0,0,0,1,cpp,4.736220613820021e-12,0.0,0,0,0
0x511ff1,JZ,1,0,1206,6,0x511fee,TEST,1,NonLeaf,rdx(MOV) rdx(MOV) ,rflags ,TEST,3,MOV,7,MOV,7,MOV,4,ADD,4,MOV,3,LEA,7,MOV,7,MOV,3,ADD,4,0,1,0,0,0,JMP,0,0,1,0,0,0,MOV,0,0,5316583,5317799,5316599,0,0,0,1,cpp,4.736220613820021e-12,0.0,0,0,0
0x511fbe,JZ,1,1,1265,6,0x511fbb,TEST,1,NonLeaf,rcx(MOV) rcx(MOV) ,rflags ,TEST,3,MOV,7,MOV,4,MOV,4,ADD,4,MOV,3,LEA,7,MOV,7,MOV,3,ADD,4,0,1,0,0,0,JMP,0,0,1,0,0,0,MOV,0,0,5316532,5317807,5316548,0,0,0,1,cpp,4.736220613820021e-12,1.0,1,0,1
0x511f8e,JZ,1,1,1324,6,0x511f8b,TEST,1,NonLeaf,rsi(MOV) rsi(MOV) ,rflags ,TEST,3,MOV,4,MOV,4,MOV,7,ADD,4,MOV,3,LEA,7,MOV,7,MOV,3,ADD,4,0,1,0,0,0,JMP,0,0,1,0,0,0,MOV,0,0,5316487,5317818,5316500,0,0,0,1,cpp,4.736220613820021e-12,1.0,1,0,1
0x511f5e,JZ,1,0,1386,6,0x511f5b,TEST,1,NonLeaf,rsi(MOV) rsi(MOV) ,rflags ,TEST,3,MOV,4,MOV,4,MOV,4,ADD,4,MOV,3,LEA,7,MOV,7,MOV,3,ADD,4,0,1,0,0,0,JMP,0,0,1,0,0,0,MOV,0,0,5316439,5317832,5316452,0,0,0,1,cpp,4.736220613820021e-12,0.0,0,0,0
0x511f04,JZ,1,1,1513,6,0x511f01,TEST,1,NonLeaf,rsi(MOV) rsi(MOV) ,rflags ,TEST,3,MOV,4,MOV,7,MOV,5,MOV,6,MOV,3,LEA,7,MOV,7,MOV,3,ADD,4,0,1,0,0,0,JMP,0,0,1,0,0,0,MOV,0,0,5316349,5317869,5316362,0,0,0,1,cpp,4.736220613820021e-12,1.0,1,0,1
0x511eb0,JZ,1,0,1620,6,0x511ead,TEST,1,NonLeaf,rax(MOV) rax(MOV) ,rflags ,TEST,3,MOV,4,JZ,6,TEST,3,NOP,10,MOV,3,ADD,4,MOV,3,MOV,6,MOV,8,0,1,0,0,0,JMP,0,0,1,0,0,0,MOV,0,0,5316265,5317892,5316278,0,1,0,1,cpp,4.736220613820021e-12,0.0,0,0,0
0x511ea3,JZ,1,0,422,6,0x511ea0,TEST,1,NonLeaf,rdi(-1) rdi(-1) ,rflags ,TEST,3,NOP,10,JNZ,2,TEST,3,MOV,3,MOV,4,TEST,3,JZ,6,MOV,3,ADD,4,0,1,1,0,0,JE,0,0,1,0,0,0,JE,0,0,5316256,5316681,5316265,0,0,0,0,cpp,4.736220613820021e-12,0.0,0,0,0
0x511e71,JBE,4,3,-41,2,0x511e6d,CMP,1,NonLeaf,rcx(SUB) ,rflags ,CMP,4,SUB,3,MOV,3,JBE,2,CMP,4,LEA,3,SAR,2,CMP,3,JBE,6,MOV,3,0,1,0,0,0,MOV,0,0,1,0,0,0,JBE,0,0,5316199,5316168,5316211,0,0,0,0,cpp,1.894488245528008e-11,0.75,1,0,1
0x511e65,JBE,11,7,-20,2,0x511e61,CMP,1,NonLeaf,rax(-1) ,rflags ,CMP,4,JZ,2,TEST,3,MOV,3,ADD,4,MOV,3,SUB,3,CMP,4,JBE,2,LEA,3,1,1,0,0,0,MOV,0,0,1,0,0,0,JBE,0,0,5316193,5316177,5316199,0,0,1,0,cpp,5.209842675202023e-11,0.6363636363636364,1,0,1
0x511e5f,JZ,11,1,65,2,0x511e5c,TEST,1,NonLeaf,rax(MOV) rax(MOV) ,rflags ,TEST,3,MOV,3,ADD,4,MOV,4,MOV,3,CMP,4,JBE,2,MOV,3,SUB,3,CMP,4,0,0,1,0,0,JE,1,0,0,0,1,1,JBE,0,0,5316181,5316256,5316193,0,0,0,0,cpp,5.209842675202023e-11,0.0909090909090909,0,0,0
0x511e08,JZ,1,0,152,6,0x511e05,TEST,1,NonLeaf,rax(MOV) rax(MOV) ,rflags ,TEST,3,LEA,4,MOV,3,JZ,6,MOV,4,MOV,6,MOV,6,MOV,6,MOV,10,MOV,10,0,1,1,0,0,JE,0,0,1,0,0,0,JMP,0,0,5316094,5316256,5316110,0,0,0,0,cpp,4.736220613820021e-12,0.0,0,0,0
0x511df8,JZ,1,0,712,6,0x511df1,TEST,1,NonLeaf,rdx(ADD) rdx(ADD) ,rflags ,MOV,4,TEST,3,MOV,7,MOV,7,MOV,3,MOV,3,LEA,4,TEST,3,JZ,6,MOV,6,0,1,1,0,0,CALL,0,1,1,0,0,0,JE,0,0,5316041,5316800,5316094,0,0,1,0,cpp,4.736220613820021e-12,0.0,0,0,0
0x511dc7,JNZ,1,1,-41,2,0x511dbd,CMP,1,NonLeaf,rdx(ADD) rsi(-1) ,rflags ,MOV,7,CMP,3,SHR,4,MOV,4,MOV,4,MOV,7,SUB,3,MOV,3,ADD,4,ADD,3,0,0,0,1,1,JNE,0,0,0,1,0,0,JE,1,0,5316005,5315998,5316041,0,0,0,1,cpp,4.736220613820021e-12,1.0,1,1,1
0x511da3,JNZ,4,3,-27,2,0x511da0,CMP,1,NonLeaf,ecx(MOV) ,rflags ,CMP,3,MOV,2,JZ,2,CMP,3,ADD,4,MOV,4,ADD,4,ADD,4,MOV,4,MOV,4,1,1,0,0,0,JE,0,0,1,0,0,0,JNE,0,0,5315998,5315976,5316005,0,0,0,1,cpp,1.894488245528008e-11,0.75,1,0,1
0x511d9c,JZ,3,1,45,2,0x511d99,CMP,1,NonLeaf,rdx(ADD) rsi(-1) ,rflags ,CMP,3,ADD,4,ADD,4,JZ,6,CMP,3,MOV,2,CMP,3,JNZ,2,MOV,4,ADD,4,0,0,1,0,0,JE,1,0,0,0,1,1,JNE,0,0,5315985,5316041,5315998,0,0,1,0,cpp,1.420866184146006e-11,0.3333333333333333,0,0,0
0x511d8b,JZ,3,1,1461,6,0x511d88,CMP,1,NonLeaf,ecx(-1) ,rflags ,CMP,3,NOP,6,JMP,2,XOR,2,SUB,3,ADD,4,ADD,4,CMP,3,JZ,2,MOV,2,0,1,0,0,0,JNE,0,0,1,1,0,0,JE,0,0,5315976,5317440,5315985,0,0,0,0,cpp,1.420866184146006e-11,0.3333333333333333,0,0,0
0x511d6d,JZ,1,0,92,2,0x511d5c,TEST,1,NonLeaf,rsi(MOVZX) rsi(MOVZX) ,rflags ,MOV,7,MOV,7,TEST,3,ADD,4,MOV,3,LEA,8,SHL,4,SUB,3,XOR,2,JMP,2,0,1,1,0,0,JE,0,0,1,0,0,0,JMP,0,0,5315900,5316041,5315951,0,1,1,0,cpp,4.736220613820021e-12,0.0,0,0,0
0x511d36,JZ,1,0,1068,6,0x511d30,TEST,1,NonLeaf,rax(-1) rax(-1) ,rflags ,MOV,3,TEST,3,CALL_NEAR,5,MOV,3,MOV,5,MOV,7,MOV,7,MOV,7,MOVZX,4,MOV,3,0,0,0,0,0,CALL,0,1,1,0,0,0,JE,0,0,5315888,5316962,5315900,0,0,1,1,cpp,4.736220613820021e-12,0.0,0,0,0
0x511d10,JZ,1,0,1106,6,0x511d02,CMP,1,NonLeaf,rip(JZ) ,rflags ,MOV,6,CMP,8,SETNZ,3,CMP,3,XOR,2,MOV,5,XOR,3,XOR,3,XOR,2,MOV,5,0,1,0,0,0,CALL,0,1,1,0,0,0,CALL,0,1,5315822,5316962,5315862,0,0,1,1,cpp,4.736220613820021e-12,0.0,0,0,0
0x511cd4,JNZ,1,1,16,2,0x511cc5,CMP,1,NonLeaf,rip(JNZ) ,rflags ,MOV,7,CMP,8,OR,3,MOV,2,SHL,4,CALL_NEAR,5,CDQE,2,MOV,7,MOV,5,CALL_NEAR,5,0,1,1,0,0,CALL,0,1,1,0,0,0,CALL,0,1,5315760,5315812,5315798,0,0,1,1,cpp,4.736220613820021e-12,1.0,1,0,1
0x511bb5,JNZ,1,1,33,2,0x511b6c,CMP,1,Leaf,edx(-1) ,rflags ,MOV,7,MOV,7,MOV,7,MOV,7,MOV,7,TEST,2,MOV,10,SETNZ,3,TEST,2,SETNZ,3,0,1,1,0,0,POP,0,0,1,0,0,0,MOV,0,0,5315436,5315542,5315511,0,0,0,1,cpp,4.736220613820021e-12,1.0,1,0,1
0x511b6a,JNZ,20,19,-42,2,0x511b67,TEST,1,Leaf,rax(MOV) rax(MOV) ,rflags ,TEST,3,MOV,3,ADD,4,NOP,4,MOV,4,CMP,3,MOV,7,MOV,7,MOV,7,MOV,7,0,0,0,1,1,JA,0,0,1,1,0,0,JNE,1,0,5315424,5315392,5315436,1,0,0,1,cpp,9.47244122764004e-11,0.95,1,1,1
0x511add,JZ,1,0,259,6,0x511ada,TEST,1,Leaf,rax(MOV) rax(MOV) ,rflags ,TEST,3,MOV,7,MOV,3,INVALID,0,INVALID,0,PUSH,2,MOV,7,XOR,2,MOV,7,MOV,7,0,1,1,0,0,REPZ RET,0,0,1,0,0,0,NOP,0,0,5315280,5315552,5315299,0,0,0,1,cpp,4.736220613820021e-12,0.0,0,0,0
0x511a29,JZ,1,0,-810,6,0x511a1d,AND,1,Leaf,ecx(AND) ,ecx rflags ,MOV,6,AND,6,JMP,5,MOV,6,MOV,6,OR,3,MOV,6,MOV,6,JMP,5,AND,3,0,0,1,0,0,JLE,0,0,1,0,0,0,JMP,0,0,5315101,5314303,5315119,0,0,0,1,cpp,4.736220613820021e-12,0.0,0,0,0
0x5119f5,JNBE,1,1,40,2,0x5119f2,CMP,1,Leaf,edx(LEA) ,rflags ,CMP,3,LEA,4,ADD,3,JNZ,6,MOV,6,JMP,7,MOV,2,OR,6,OR,6,MOV,6,0,1,0,0,0,JE,0,0,1,0,0,0,JMP,0,0,5315051,5315101,5315063,0,0,0,0,cpp,4.736220613820021e-12,1.0,1,0,1
0x5119e5,JNZ,1,0,-742,6,0x5119db,CMP,1,Leaf,r13d(-1) ,rflags ,MOV,6,CMP,4,JZ,6,MOV,6,MOV,6,ADD,3,LEA,4,CMP,3,JNBE,2,JMP,7,0,0,0,0,0,JLE,0,0,1,0,0,0,JA,0,0,5315035,5314303,5315051,0,0,0,0,cpp,4.736220613820021e-12,0.0,0,0,0
0x511965,JZ,1,1,-535,6,0x51195e,TEST,1,Leaf,rip(JZ) ,rflags ,TEST,7,OR,10,JZ,2,AND,6,JZ,6,OR,10,JMP,5,NOP,6,MOV,6,MOV,5,0,0,1,0,0,JLE,0,0,1,0,0,0,JMP,0,0,5314910,5314382,5314923,0,0,0,1,cpp,4.736220613820021e-12,1.0,1,0,1
0x511952,JZ,1,0,12,2,0x51194c,AND,1,Leaf,esi(AND) ,esi rflags ,AND,6,JZ,6,CMP,5,AND,5,OR,10,OR,10,TEST,7,JZ,6,OR,10,JMP,5,0,1,1,0,0,JE,0,0,1,0,0,0,OR,0,0,5314892,5314910,5314900,0,0,0,1,cpp,4.736220613820021e-12,0.0,0,0,0
0x511946,JZ,1,0,314,6,0x511941,CMP,1,Leaf,eax(AND) ,rflags ,CMP,5,AND,5,OR,10,JZ,2,TEST,3,AND,6,JZ,2,OR,10,TEST,7,JZ,6,0,1,0,0,0,JE,0,0,1,1,0,0,JE,0,0,5314876,5315200,5314892,0,0,0,0,cpp,4.736220613820021e-12,0.0,0,0,0
0x511930,JZ,1,0,12,2,0x51192d,TEST,1,Leaf,dl(MOV) ,rflags ,TEST,3,MOV,6,OR,7,JZ,2,TEST,6,OR,10,AND,5,CMP,5,JZ,6,AND,6,0,1,1,0,0,JE,0,0,1,0,0,0,OR,0,0,5314855,5314876,5314866,0,0,0,1,cpp,4.736220613820021e-12,0.0,0,0,0
0x51191e,JZ,1,0,9,2,0x511918,TEST,1,Leaf,esi(-1) ,rflags ,TEST,6,NOP,4,JMP,5,MOV,6,MOV,6,OR,7,MOV,6,TEST,3,JZ,2,OR,10,0,1,1,0,0,JE,0,0,1,0,0,0,OR,0,0,5314840,5314855,5314848,0,0,0,1,cpp,4.736220613820021e-12,0.0,0,0,0
0x511826,JB,30,5,-62,2,0x511822,BT,1,Leaf,r10d(-1) edi(ADD) ,rflags ,BT,4,ADD,3,ADD,4,ADD,4,JZ,2,XOR,2,XOR,2,JMP,2,NOP,2,MOV,7,1,1,0,0,0,CPUID,0,0,1,0,0,0,JMP,0,0,5314594,5314536,5314600,0,0,0,0,cpp,1.4208661841460057e-10,0.1666666666666666,0,1,0
0x511815,JZ,29,1,27,2,0x51180d,CMP,1,Leaf,r8d(-1) ,rflags ,MOV,4,CMP,4,AND,3,ADD,3,JZ,2,ADD,4,ADD,4,ADD,3,BT,4,JB,2,0,1,1,0,0,JE,1,0,0,0,0,0,ADD,0,0,5314573,5314608,5314583,0,1,0,0,cpp,1.3735039780078059e-10,0.0344827586206896,0,0,0
0x5117f8,JZ,30,1,31,2,0x5117f1,CMP,1,Leaf,edi(-1) ,rflags ,MOV,4,CMP,3,CPUID,2,MOV,2,MOV,5,MOV,4,ADD,4,AND,3,JZ,2,ADD,3,0,1,0,0,0,ADD,0,0,1,1,0,0,JE,0,0,5314545,5314583,5314554,1,0,0,0,cpp,1.4208661841460057e-10,0.0333333333333333,0,0,0
0x511788,JZ,1,0,208,6,0x511786,TEST,1,Leaf,al(-1) ,rflags ,TEST,2,CPUID,2,MOV,2,MOV,7,MOV,2,LEA,5,MOV,8,MOV,8,MOV,8,MOV,8,0,0,1,0,0,RET,0,0,1,0,0,0,JMP,0,0,5314414,5314648,5314446,0,0,1,1,cpp,4.736220613820021e-12,0.0,0,0,0
0x511768,JZ,1,0,240,6,0x511766,TEST,1,Leaf,ebx(-1) ebx(-1) ,rflags ,TEST,2,CPUID,2,MOV,2,XOR,2,MOV,5,ADD,3,MOV,5,AND,3,MOV,2,MOV,7,0,0,1,0,0,RET,0,0,1,0,0,0,JE,0,0,5314395,5314648,5314414,0,1,1,1,cpp,4.736220613820021e-12,0.0,0,0,0
0x511755,JLE,1,0,259,6,0x51174e,CMP,1,Leaf,rip(JLE) ,rflags ,CMP,7,JZ,6,CMP,3,AND,3,MOV,2,MOV,5,XOR,2,MOV,2,CPUID,2,TEST,2,0,0,1,0,0,RET,0,0,1,0,0,0,JE,0,0,5314382,5314648,5314395,0,0,1,0,cpp,4.736220613820021e-12,0.0,0,0,0
0x511748,JZ,1,1,464,6,0x511745,CMP,1,Leaf,edx(AND) ,rflags ,CMP,3,AND,3,MOV,2,XGETBV,3,XOR,2,CMP,7,JLE,6,MOV,5,XOR,2,MOV,2,0,1,0,0,0,JE,0,0,1,1,0,0,JLE,0,0,5314363,5314840,5314382,0,0,0,0,cpp,4.736220613820021e-12,1.0,1,0,1
0x511735,JZ,1,0,291,6,0x51172f,TEST,1,Leaf,esi(MOV) ,rflags ,TEST,6,MOV,6,MOV,6,MOV,6,MOV,6,XOR,2,XGETBV,3,MOV,2,AND,3,CMP,3,0,1,1,0,0,RET,0,0,1,0,0,0,JE,0,0,5314345,5314648,5314363,0,0,1,0,cpp,4.736220613820021e-12,0.0,0,0,0
0x511706,JLE,1,0,35,2,0x5116ff,CMP,1,Leaf,rip(JLE) ,rflags ,CMP,7,MOV,6,XOR,3,XOR,3,JZ,6,MOV,5,XOR,2,CPUID,2,MOV,6,MOV,6,0,1,1,0,0,JE,0,0,1,0,0,0,MOV,0,0,5314303,5314345,5314312,0,0,0,1,cpp,4.736220613820021e-12,0.0,0,0,0
0x5116e1,JZ,1,1,671,6,0x5116db,CMP,1,Leaf,edx(-1) ,rflags ,CMP,6,JNZ,2,CMP,6,JNZ,2,MOV,6,CMP,6,JZ,6,XOR,3,XOR,3,MOV,6,0,1,0,0,0,JE,0,0,0,0,0,0,JE,0,0,5314267,5314944,5314279,1,0,1,0,cpp,4.736220613820021e-12,1.0,1,0,1
0x5116d9,JNZ,1,0,14,2,0x5116d3,CMP,1,Leaf,ecx(-1) ,rflags ,CMP,6,JNZ,2,MOV,6,CMP,6,SUB,7,CMP,6,JZ,6,CMP,6,JZ,6,XOR,3,0,0,0,0,0,JE,0,0,1,0,0,0,JE,0,0,5314259,5314279,5314267,0,0,0,0,cpp,4.736220613820021e-12,0.0,0,0,0
0x5116d1,JNZ,1,0,22,2,0x5116c5,CMP,1,Leaf,ebx(-1) ,rflags ,MOV,6,CMP,6,SUB,7,CPUID,2,PUSH,1,CMP,6,JNZ,2,CMP,6,JZ,6,CMP,6,0,1,0,0,0,JE,0,0,1,0,0,0,JNE,0,0,5314224,5314279,5314259,0,0,0,0,cpp,4.736220613820021e-12,0.0,0,0,0
0x510d7e,JNZ,41,32,-46,2,0x510d7c,TEST,1,NonLeaf,eax(-1) eax(-1) ,rflags ,TEST,2,CALL_NEAR,5,MOV,3,MOV,3,MOV,3,ADD,7,MOV,5,ADD,4,POP,1,POP,1,0,0,0,0,0,JE,0,0,1,0,0,0,RET,1,0,5311868,5311824,5311872,0,0,0,0,cpp,1.9418504516662083e-10,0.7804878048780488,1,0,1
0x510d6c,JNZ,49,8,-28,2,0x510d66,CMP,1,NonLeaf,r13(-1) rax(-1) ,rflags ,MOV,3,CMP,3,CALL_NEAR,5,MOV,3,ADD,4,MOV,3,MOV,3,MOV,3,CALL_NEAR,5,TEST,2,0,1,0,0,0,JE,0,0,1,0,0,0,CALL,0,1,5311846,5311824,5311854,0,0,0,1,cpp,2.32074810077181e-10,0.1632653061224489,0,0,0
0x510d58,JZ,40,0,72,2,0x510d55,CMP,1,NonLeaf,rbx(LEA) ,rflags ,CMP,3,LEA,5,NOP,5,JMP,2,MOV,7,ADD,4,MOV,3,CALL_NEAR,5,CMP,3,MOV,3,0,1,0,0,0,RET,1,0,1,0,0,0,ADD,0,0,5311824,5311904,5311834,0,0,0,0,cpp,1.894488245528008e-10,0.0,0,0,0
0x510314,JZ,1,0,43,2,0x510311,TEST,1,NonLeaf,rbp(MOV) rbp(MOV) ,rflags ,TEST,3,MOV,3,JZ,2,TEST,3,SUB,4,MOV,5,MOV,3,CALL_NEAR,5,LEA,4,TEST,3,0,0,1,0,0,RET,0,0,1,0,0,0,CALL,0,1,5309198,5309247,5309206,0,0,0,1,cpp,4.736220613820021e-12,0.0,0,0,0
0x51030c,JZ,1,0,51,2,0x510309,TEST,1,NonLeaf,rsi(-1) rsi(-1) ,rflags ,TEST,3,SUB,4,MOV,3,PUSH,1,PUSH,1,MOV,3,TEST,3,JZ,2,MOV,5,MOV,3,0,1,1,0,0,RET,0,0,1,0,0,0,JE,0,0,5309184,5309247,5309198,0,0,0,0,cpp,4.736220613820021e-12,0.0,0,0,0
0x50df6d,JNB,58,0,20051,6,0x50df67,CMP,1,Leaf,rax(-1) ,rflags ,CMP,6,SYSCALL,2,MOV,5,INVALID,0,INVALID,0,RET_NEAR,1,INVALID,0,INVALID,0,INVALID,0,INVALID,0,0,-1,-1,-1,-1,RET,-1,0,1,1,0,0,RET,0,0,5300071,5320128,5300083,1,0,1,0,cpp,2.7470079560156117e-10,0.0,0,0,0
0x50df03,JZ,62,62,-56,2,0x50df00,TEST,1,Leaf,dl(-1) ,rflags ,TEST,3,NOP,3,RET_NEAR,1,POP,2,POP,2,TEST,7,MOVSXD,3,MOVSXD,3,JZ,2,MOV,3,0,0,0,0,0,MOVSXD,0,0,1,0,0,0,JE,0,0,5299968,5299915,5299973,0,0,0,0,cpp,2.936456780568413e-10,1.0,1,0,1
0x50def0,JNBE,62,0,77,2,0x50deea,CMP,1,Leaf,rax(-1) ,rflags ,CMP,6,SYSCALL,2,MOV,5,MOV,3,MOV,3,POP,1,POP,1,POP,2,POP,2,POP,2,0,1,0,0,0,JMP,0,0,0,1,0,0,RET,0,0,5299946,5300029,5299954,1,0,1,0,cpp,2.936456780568413e-10,0.0,0,0,0
0x50dec9,JZ,62,62,55,2,0x50deb2,TEST,1,Leaf,rdi(-1) rdi(-1) ,rflags ,MOV,3,PUSH,1,MOV,3,PUSH,1,MOV,3,MOVSXD,3,MOVSXD,3,MOV,3,MOV,3,MOVSXD,3,0,1,0,0,0,JE,0,0,1,0,0,0,MOVSXD,0,0,5299888,5299968,5299915,0,0,0,0,cpp,2.936456780568413e-10,1.0,1,0,1
0x50d349,JB,70,0,-31,2,0x50d346,CMP,1,NonLeaf,rbx(-1) rax(NEG) ,rflags ,CMP,3,NEG,3,MOV,3,NOP,5,RET_NEAR,1,LEA,4,JMP,2,INVALID,0,INVALID,0,INVALID,0,0,0,0,0,0,RET,0,0,1,0,0,0,JMP,0,0,5296960,5296938,5296971,0,0,0,0,cpp,3.3153544296740144e-10,0.0,0,0,0
0x50d328,JNS,1,1,-57,2,0x50d31f,TEST,1,NonLeaf,eax(-1) eax(-1) ,rflags ,MOV,7,TEST,2,CALL_NEAR,5,XOR,2,NOP,5,MOV,7,ADD,4,MOV,3,POP,1,POP,1,0,0,0,0,0,JE,0,0,0,0,0,0,RET,0,0,5296927,5296879,5296938,0,0,0,0,cpp,4.736220613820021e-12,1.0,1,0,1
0x50d307,JS,212,0,35,2,0x50d305,TEST,1,NonLeaf,eax(-1) eax(-1) ,rflags ,TEST,2,CALL_NEAR,5,NOP,1,JB,2,ADD,3,ADD,4,MOV,3,POP,1,POP,1,RET_NEAR,1,0,0,0,0,0,RET,0,0,0,0,0,0,RET,0,0,5296901,5296938,5296905,0,0,0,0,cpp,1.0040787701298442e-09,0.0,0,0,0
0x50d2fd,JB,142,0,45,2,0x50d2fa,ADD,1,NonLeaf,rdi(ADD) rbx(-1) ,rdi rflags ,ADD,3,MOV,3,JLE,2,JZ,2,CMP,4,NOP,1,CALL_NEAR,5,TEST,2,JS,2,ADD,4,0,0,0,0,0,RET,0,0,0,0,0,0,CALL,0,1,5296887,5296938,5296895,0,0,0,1,cpp,6.725433271624428e-10,0.0,0,1,0
0x50d2f5,JLE,212,70,75,2,0x50d2ef,CMP,0,NonLeaf,rbp(-1) ,rflags ,JZ,2,CMP,4,JNZ,2,TEST,2,MOV,6,MOV,3,ADD,3,JB,2,NOP,1,CALL_NEAR,5,0,1,0,0,0,JB,0,0,1,0,0,0,JB,0,0,5296885,5296960,5296887,0,0,0,0,cpp,1.0040787701298442e-09,0.330188679245283,0,0,0
0x50d2ed,JNZ,351,0,43,2,0x50d2eb,TEST,1,NonLeaf,eax(MOV) eax(MOV) ,rflags ,TEST,2,MOV,6,JZ,2,TEST,3,MOV,7,CMP,4,JZ,2,JLE,2,MOV,3,ADD,3,0,0,0,0,0,CALL,0,1,0,0,0,0,JE,0,0,5296869,5296920,5296879,0,0,1,0,cpp,1.662413435450827e-09,0.0,0,0,0
0x50d2e3,JZ,352,1,53,2,0x50d2e0,TEST,1,NonLeaf,rbx(MOV) rbx(MOV) ,rflags ,TEST,3,MOV,7,SUB,4,PUSH,1,MOV,3,MOV,6,TEST,2,JNZ,2,CMP,4,JZ,2,0,1,0,0,0,CALL,0,1,1,0,0,0,JNE,0,0,5296848,5296920,5296869,0,0,1,0,cpp,1.667149656064647e-09,0.002840909090909,0,0,0
0x50cba6,JNB,11,0,25114,6,0x50cba0,CMP,1,Leaf,rax(-1) ,rflags ,CMP,6,SYSCALL,2,MOV,5,INVALID,0,INVALID,0,RET_NEAR,1,INVALID,0,INVALID,0,INVALID,0,INVALID,0,0,-1,-1,-1,-1,RET,-1,0,1,1,0,0,RET,0,0,5295008,5320128,5295020,1,0,1,0,cpp,5.209842675202023e-11,0.0,0,0,0
0x50c986,JNB,187,0,25658,6,0x50c980,CMP,1,Leaf,rax(-1) ,rflags ,CMP,6,SYSCALL,2,MOV,5,INVALID,0,INVALID,0,RET_NEAR,1,INVALID,0,INVALID,0,INVALID,0,INVALID,0,0,-1,-1,-1,-1,RET,-1,0,1,1,0,0,RET,0,0,5294464,5320128,5294476,1,0,1,0,cpp,8.856732547843437e-10,0.0,0,0,0
0x50c977,JNZ,187,0,22,2,0x50c970,CMP,1,Leaf,rip(JNZ) ,rflags ,CMP,7,INVALID,0,INVALID,0,INVALID,0,INVALID,0,INVALID,0,INVALID,0,INVALID,0,INVALID,0,INVALID,0,0,1,1,0,0,CALL,0,1,-1,-1,-1,-1,SYSCALL,-1,1,5294448,5294477,5294457,0,0,1,0,cpp,8.856732547843437e-10,0.0,0,0,0
0x50c926,JNB,12,0,25754,6,0x50c920,CMP,1,Leaf,rax(-1) ,rflags ,CMP,6,SYSCALL,2,MOV,5,INVALID,0,INVALID,0,RET_NEAR,1,INVALID,0,INVALID,0,INVALID,0,INVALID,0,0,-1,-1,-1,-1,RET,-1,0,1,1,0,0,RET,0,0,5294368,5320128,5294380,1,0,1,0,cpp,5.6834647365840245e-11,0.0,0,0,0
0x50c917,JNZ,12,0,22,2,0x50c910,CMP,1,Leaf,rip(JNZ) ,rflags ,CMP,7,INVALID,0,INVALID,0,INVALID,0,INVALID,0,INVALID,0,INVALID,0,INVALID,0,INVALID,0,INVALID,0,0,1,1,0,0,CALL,0,1,-1,-1,-1,-1,SYSCALL,-1,1,5294352,5294381,5294361,0,0,1,0,cpp,5.6834647365840245e-11,0.0,0,0,0
0x50c8c6,JNB,11,0,25850,6,0x50c8c0,CMP,1,Leaf,rax(-1) ,rflags ,CMP,6,SYSCALL,2,MOV,5,INVALID,0,INVALID,0,RET_NEAR,1,INVALID,0,INVALID,0,INVALID,0,INVALID,0,0,-1,-1,-1,-1,RET,-1,0,1,1,0,0,RET,0,0,5294272,5320128,5294284,1,0,1,0,cpp,5.209842675202023e-11,0.0,0,0,0
0x50c8b7,JNZ,11,0,22,2,0x50c8b0,CMP,1,Leaf,rip(JNZ) ,rflags ,CMP,7,INVALID,0,INVALID,0,INVALID,0,INVALID,0,INVALID,0,INVALID,0,INVALID,0,INVALID,0,INVALID,0,0,1,1,0,0,CALL,0,1,-1,-1,-1,-1,SYSCALL,-1,1,5294256,5294285,5294265,0,0,1,0,cpp,5.209842675202023e-11,0.0,0,0,0
0x50c87a,JNBE,1,0,26,2,0x50c874,CMP,1,Leaf,rax(-1) ,rflags ,CMP,6,SYSCALL,2,MOV,5,MOV,3,MOVSXD,3,RET_NEAR,2,NOP,2,MOV,7,MOV,7,MOV,5,0,1,0,0,0,RET,0,0,1,0,0,0,REPZ RET,0,0,5294196,5294228,5294204,1,0,1,0,cpp,4.736220613820021e-12,0.0,0,0,0
0x50c865,JNBE,1,0,27,2,0x50c860,CMP,1,Leaf,edi(-1) ,rflags ,MOV,2,CMP,3,INVALID,0,INVALID,0,INVALID,0,MOVSXD,3,MOV,3,MOV,5,SYSCALL,2,CMP,6,0,1,0,0,0,RET,0,0,1,0,0,0,SYSCALL,0,1,5294176,5294208,5294183,0,0,1,0,cpp,4.736220613820021e-12,0.0,0,0,0
0x50308e,JNBE,128,0,18,2,0x503089,CMP,1,NonLeaf,edi(-1) ,rflags ,MOV,2,CMP,3,JZ,6,CMP,3,SUB,7,ADD,7,POP,1,POP,1,POP,2,POP,2,0,1,0,0,0,JE,0,0,1,0,0,0,RET,0,0,5255305,5255328,5255312,0,0,1,0,cpp,6.062362385689625e-10,0.0,0,0,0
0x503083,JZ,128,0,285,6,0x503080,CMP,1,NonLeaf,edi(-1) ,rflags ,CMP,3,SUB,7,PUSH,1,PUSH,1,PUSH,2,CMP,3,MOV,2,JNBE,2,ADD,7,POP,1,0,1,0,0,0,RET,0,0,1,0,0,0,JA,0,0,5255280,5255584,5255305,0,0,0,0,cpp,6.062362385689625e-10,0.0,0,0,0
0x503051,JZ,128,128,19,2,0x50304a,CMP,1,NonLeaf,rbp(-1) ,rflags ,CMP,7,JMP,5,MOV,4,MOV,8,JBE,2,MOV,3,CALL_NEAR,5,MOV,4,JMP,5,MOV,6,0,1,0,0,0,JMP,0,0,1,0,0,0,CALL,0,1,5255242,5255268,5255251,0,0,0,1,cpp,6.062362385689625e-10,1.0,1,0,1
0x502f6a,JNZ,128,0,26,2,0x502f64,CMP,1,NonLeaf,r12(-1) ,rflags ,CMP,6,XOR,9,ROR,4,JZ,2,MOV,4,TEST,3,JZ,2,MOV,3,CALL_NEAR,5,MOVZX,3,0,1,0,0,0,JE,0,0,1,0,0,0,JE,0,0,5255012,5255044,5255020,0,0,1,0,cpp,6.062362385689625e-10,0.0,0,0,0
0x502f55,JZ,128,128,15,2,0x502f4d,CMP,1,NonLeaf,rax(MOV) ,rflags ,MOV,4,CMP,4,MOV,4,JZ,6,TEST,3,ROR,4,XOR,9,CMP,6,JNZ,2,TEST,3,0,1,1,0,0,JNE,0,0,1,0,0,0,XOR,0,0,5254985,5255012,5254999,0,0,0,0,cpp,6.062362385689625e-10,1.0,1,0,1
0x502f43,JZ,128,128,263,6,0x502f40,TEST,1,NonLeaf,r12(MOV) r12(MOV) ,rflags ,TEST,3,MOV,4,MOV,3,MOV,4,MOV,7,MOV,4,CMP,4,MOV,4,JZ,2,ROR,4,0,1,0,0,0,JE,0,0,1,1,0,0,JE,0,0,5254958,5255242,5254985,0,0,0,0,cpp,6.062362385689625e-10,1.0,1,0,1
0x502f2c,JZ,256,128,-31,2,0x502f24,TEST,1,NonLeaf,edi(-1) ,rflags ,MOV,2,TEST,6,JZ,2,CMP,2,NOP,10,MOV,7,MOV,4,MOV,3,MOV,4,TEST,3,0,0,1,0,0,RET,0,0,1,0,0,0,JE,0,0,5254948,5254925,5254958,0,0,0,0,cpp,1.212472477137925e-09,0.5,0,0,0
0x502f22,JZ,256,0,-21,2,0x502f20,CMP,1,NonLeaf,edi(-1) eax(-1) ,rflags ,CMP,2,NOP,10,RET_NEAR,1,POP,2,POP,1,TEST,6,MOV,2,JZ,2,MOV,7,MOV,4,0,0,1,0,0,RET,0,0,1,0,0,0,JE,0,0,5254944,5254925,5254948,0,0,0,0,cpp,1.212472477137925e-09,0.0,0,0,0
0x502f0b,JBE,256,256,21,2,0x502f05,CMP,1,NonLeaf,edx(LEA) ,rflags ,CMP,6,ADD,4,MOV,2,PUSH,1,PUSH,1,SUB,4,POP,1,POP,1,POP,2,RET_NEAR,1,0,1,0,0,0,JE,0,0,1,1,0,0,RET,0,0,5254896,5254944,5254925,0,0,0,0,cpp,1.212472477137925e-09,1.0,1,0,1
0x501d1c,JNZ,2,0,-124,2,0x501d12,CMP,1,NonLeaf,r12d(-1) ,rflags ,MOV,3,MOV,3,CMP,4,CPUID,2,MOV,5,MOVZX,4,XOR,2,JMP,5,NOP,7,SUB,6,1,1,1,0,0,CALL,0,1,1,0,0,0,JMP,0,0,5250315,5250208,5250334,0,0,1,0,cpp,9.47244122764004e-12,0.0,0,0,0
0x501cb4,JNZ,2,2,148,6,0x501cb1,TEST,1,NonLeaf,rax(-1) rax(-1) ,rflags ,TEST,3,CALL_NEAR,5,MOV,2,MOV,2,MOV,3,LEA,5,MOV,3,MOV,2,MOV,2,CALL_NEAR,5,0,1,1,0,0,RET,1,0,1,0,0,0,CALL,0,1,5250225,5250376,5250234,0,0,0,1,cpp,9.47244122764004e-12,1.0,1,0,1
0x501bf8,JNZ,4,3,-32,2,0x501bf5,CMP,1,NonLeaf,eax(AND) ,rflags ,CMP,3,AND,3,SHR,3,JZ,6,TEST,2,JMP,5,NOP,1,ADD,3,MOV,2,MOV,2,1,1,0,0,0,JE,0,0,1,0,0,0,JMP,1,0,5250031,5250008,5250042,0,0,0,0,cpp,1.894488245528008e-11,0.75,1,1,1
0x501be9,JZ,3,0,-401,6,0x501be7,TEST,1,NonLeaf,al(-1) ,rflags ,TEST,2,XCHG,3,CPUID,2,XCHG,3,MOV,2,SHR,3,AND,3,CMP,3,JNZ,2,JMP,5,0,0,0,0,0,XOR,1,0,0,0,1,1,JNE,0,0,5250008,5249624,5250031,0,1,0,0,cpp,1.420866184146006e-11,0.0,0,0,0
0x501b5b,JZ,2,2,213,6,0x501b58,SUB,1,NonLeaf,ebp(SUB) r14d(-1) ,ebp rflags ,SUB,3,MOV,3,SUB,6,JNZ,2,CMP,3,AND,5,ADD,4,CMP,3,JNZ,6,SHR,4,0,1,0,0,0,JMP,0,0,1,0,0,0,JNE,0,0,5249871,5250096,5249889,0,0,0,0,cpp,9.47244122764004e-12,1.0,1,0,1
0x501b4d,JNZ,1,0,-40,2,0x501b4a,CMP,1,NonLeaf,edx(-1) ,rflags ,CMP,3,JNZ,2,CMP,3,AND,3,SHR,3,SUB,6,MOV,3,SUB,3,JZ,6,AND,5,0,0,0,0,0,JE,0,0,0,0,0,0,JE,1,0,5249866,5249829,5249871,0,0,0,0,cpp,4.736220613820021e-12,0.0,0,1,0
0x501b48,JNZ,1,0,-35,2,0x501b45,CMP,1,NonLeaf,eax(AND) ,rflags ,CMP,3,AND,3,SHR,3,JZ,6,AND,3,CMP,3,JNZ,2,SUB,6,MOV,3,SUB,3,1,1,0,0,0,JE,0,0,1,0,0,0,JNE,0,0,5249855,5249829,5249866,0,0,0,0,cpp,4.736220613820021e-12,0.0,0,1,0
0x501ad5,JZ,1,1,282,6,0x501ad1,CMP,1,NonLeaf,r14d(-1) ,rflags ,CMP,4,JZ,6,CMP,4,JZ,6,CMP,4,NOP,5,ADD,3,MOV,2,MOV,2,XCHG,3,0,1,0,1,0,JNE,1,0,1,0,0,0,NOP,0,0,5249745,5250031,5249755,0,0,0,0,cpp,4.736220613820021e-12,1.0,1,0,1
0x501acb,JZ,1,0,332,6,0x501ac7,CMP,1,NonLeaf,r14d(-1) ,rflags ,CMP,4,JZ,6,CMP,4,JZ,6,CMP,4,CMP,4,JZ,6,NOP,5,ADD,3,MOV,2,0,1,0,1,0,JNE,1,0,1,0,0,0,JE,0,0,5249735,5250071,5249745,0,0,0,0,cpp,4.736220613820021e-12,0.0,0,0,0
0x501ac1,JZ,1,0,258,6,0x501abd,CMP,1,NonLeaf,r14d(-1) ,rflags ,CMP,4,JZ,6,CMP,4,JZ,6,MOV,5,CMP,4,JZ,6,CMP,4,JZ,6,NOP,5,0,1,0,1,0,JNE,1,0,1,0,0,0,JE,0,0,5249725,5249987,5249735,0,0,0,0,cpp,4.736220613820021e-12,0.0,0,0,0
0x501ab7,JZ,2,1,136,6,0x501ab3,CMP,1,NonLeaf,r14d(-1) ,rflags ,CMP,4,JZ,6,MOV,5,TEST,3,XOR,2,CMP,4,JZ,6,CMP,4,JZ,6,CMP,4,0,1,0,1,0,JNE,1,0,1,0,0,0,JE,0,0,5249715,5249855,5249725,0,0,0,0,cpp,9.47244122764004e-12,0.5,0,0,0
0x501aad,JZ,2,0,237,6,0x501aa5,TEST,1,NonLeaf,r14d(-1) r14d(-1) ,rflags ,MOV,5,TEST,3,XOR,2,JZ,2,AND,3,CMP,4,JZ,6,CMP,4,JZ,6,CMP,4,0,1,0,1,0,JNE,1,0,1,0,0,0,JE,0,0,5249699,5249946,5249715,0,0,0,0,cpp,9.47244122764004e-12,0.0,0,0,0
0x501aa1,JZ,2,0,-73,2,0x501a9e,AND,1,NonLeaf,edx(AND) ,edx rflags ,AND,3,MOV,2,XCHG,3,CPUID,2,XCHG,3,XOR,2,TEST,3,MOV,5,JZ,6,CMP,4,0,0,0,0,0,XOR,1,0,1,0,0,0,JE,0,0,5249680,5249624,5249699,0,0,0,0,cpp,9.47244122764004e-12,0.0,0,0,0
0x501a47,JNZ,4,4,-119,2,0x501a44,CMP,1,NonLeaf,eax(MOVZX) ,rflags ,CMP,3,MOVZX,3,JZ,2,TEST,2,SHR,3,CMP,4,MOV,5,JNZ,2,NOP,4,XOR,2,1,1,0,0,0,JE,0,0,1,0,0,0,JNE,0,0,5249601,5249488,5249609,0,0,0,1,cpp,1.894488245528008e-11,1.0,1,1,1
0x501a3f,JZ,2,0,25,2,0x501a3d,TEST,1,NonLeaf,ebx(SHR) ebx(SHR) ,rflags ,TEST,2,SHR,3,JZ,2,CMP,3,JZ,6,MOVZX,3,CMP,3,JNZ,2,CMP,4,MOV,5,0,0,0,0,0,XOR,1,0,0,0,1,1,JNE,0,0,5249594,5249624,5249601,0,0,0,0,cpp,9.47244122764004e-12,0.0,0,0,0
0x501a23,JZ,2,2,23,2,0x501a20,TEST,1,NonLeaf,rax(-1) rax(-1) ,rflags ,TEST,3,CALL_NEAR,5,MOV,3,MOV,3,MOV,5,MOVZX,4,MOVZX,3,CMP,3,JZ,6,CMP,3,0,0,0,0,0,JE,0,0,1,0,0,0,JE,0,0,5249568,5249594,5249573,0,0,0,0,cpp,9.47244122764004e-12,1.0,1,0,1
0x5019e0,JNZ,2,2,32,2,0x5019db,CMP,1,NonLeaf,eax(-1) ,rflags ,NOP,2,CMP,3,JZ,6,CMP,5,NOP,1,CMP,4,JNZ,2,CMP,7,JNZ,2,CMP,7,0,1,1,0,0,CALL,0,1,1,0,0,0,JNE,0,0,5249499,5249536,5249506,0,0,1,0,cpp,9.47244122764004e-12,1.0,1,0,1
0x5019d5,JZ,4,2,187,6,0x5019d0,CMP,1,NonLeaf,eax(-1) ,rflags ,CMP,5,NOP,1,JMP,5,JNZ,2,LEA,4,CMP,3,NOP,2,JNZ,2,CMP,4,JNZ,2,0,1,0,0,0,JE,1,0,1,0,0,0,JNE,0,0,5249488,5249680,5249499,0,0,0,0,cpp,1.894488245528008e-11,0.5,0,0,0
0x5019c8,JNZ,2,2,121,2,0x5019c2,TEST,1,NonLeaf,esi(-1) esi(-1) ,rflags ,LEA,4,TEST,2,SUB,2,IMUL,2,SAR,3,JMP,5,NOP,1,CMP,5,JZ,6,CMP,3,0,1,0,1,0,JNE,0,0,1,0,0,0,JMP,1,0,5249446,5249601,5249482,0,0,0,0,cpp,9.47244122764004e-12,1.0,1,1,1
0x5019a0,JS,2,0,184,6,0x50199e,TEST,1,NonLeaf,esi(-1) esi(-1) ,rflags ,TEST,2,SUB,4,MOV,2,PUSH,1,PUSH,1,MOV,3,LEA,6,MOV,3,MOV,5,MOV,2,0,1,0,0,0,XOR,1,0,1,0,0,0,JNE,0,0,5249424,5249624,5249446,0,0,0,0,cpp,9.47244122764004e-12,0.0,0,0,0
0x501805,JZ,14,0,11,2,0x501803,CMP,1,Leaf,rdi(-1) al(MOVZX) ,rflags ,CMP,2,MOVZX,3,INVALID,0,INVALID,0,INVALID,0,SBB,2,OR,3,RET_NEAR,1,NOP,3,XOR,2,0,1,0,0,0,RET,0,0,1,0,0,0,RET,0,0,5249024,5249040,5249031,0,0,0,0,cpp,6.630708859348029e-11,0.0,0,0,0
0x50129e,JNZ,11,11,106,2,0x501299,CMP,1,NonLeaf,r12(-1) ,rflags ,CMP,5,JNZ,2,TEST,2,AND,3,SETZ,3,TEST,3,JNZ,2,MOV,3,LEA,4,SUB,3,0,0,0,0,0,XOR,0,0,0,0,0,0,JNE,0,0,5247641,5247752,5247648,0,0,0,0,cpp,5.209842675202023e-11,1.0,1,0,1
0x501256,JZ,11,11,1392,6,0x501254,TEST,1,NonLeaf,dl(MOVZX) dl(MOVZX) ,rflags ,TEST,2,MOVZX,3,SUB,4,PUSH,1,MOV,3,MOVZX,3,TEST,2,JZ,6,MOV,3,MOV,3,0,1,0,0,0,JMP,0,0,1,0,0,0,JE,0,0,5247552,5248966,5247580,0,0,0,0,cpp,5.209842675202023e-11,1.0,1,0,1
0x4f33d6,JNB,90519357,75196918,-79,2,0x4f33c7,SUB,1,Leaf,rdx(SUB) ,rdx rflags ,LEA,4,LEA,4,SUB,7,MOVAPS,4,MOVAPS,4,MOVDQU,5,ADD,7,SUB,3,SUB,3,LEA,7,1,1,1,1,1,JAE,0,0,1,1,0,0,JMP,1,0,5190535,5190535,5190616,1,1,1,1,cpp,0.0004287196445731,0.8307274873815111,1,1,1
0x4f3355,JNB,75026389,62222129,-85,2,0x4f3340,SUB,1,Leaf,rdx(SUB) ,rdx rflags ,LEA,7,LEA,7,SUB,7,MOVAPS,4,MOVAPS,4,MOVDQU,5,ADD,7,ADD,3,ADD,3,LEA,7,1,1,1,1,1,JAE,0,0,1,1,0,0,JMP,1,0,5190400,5190400,5190487,1,1,1,1,cpp,0.0003553415301622,0.829336581825896,1,1,1
0x4f32f1,JNB,12804260,0,6031,6,0x4f32ea,CMP,1,Leaf,r9(ADD) rip(JNB) ,rflags ,CMP,7,ADD,3,SHR,4,MOV,3,NOP,7,SUB,7,NOP,2,MOVDQA,4,MOVDQA,4,MOVAPS,4,0,0,0,0,0,JAE,1,0,1,0,0,0,NOP,1,0,5190368,5196416,5190391,0,0,1,0,cpp,6.0643800156711135e-05,0.0,0,0,0
0x4f32b9,JZ,15322439,15322439,199,6,0x4f32b5,AND,1,Leaf,r9(AND) ,r9 rflags ,AND,4,MOV,3,SUB,3,SUB,3,XOR,3,LEA,7,SUB,7,MOVSXD,4,ADD,3,JMP,3,0,1,0,0,0,SUB,0,0,1,0,0,0,JMP,1,0,5190291,5190528,5190335,0,1,0,0,cpp,7.257045144579982e-05,1.0,1,0,1
0x4f328d,JNBE,15322439,0,6563,6,0x4f328a,CMP,1,Leaf,rdx(-1) rcx(SHL) ,rflags ,CMP,3,SHL,3,MOV,7,NOP,10,NOP,4,ADD,3,ADD,3,MOVDQU,5,LEA,4,MOV,3,0,1,0,0,0,JAE,1,0,1,0,0,0,JE,1,0,5190272,5196848,5190291,1,1,0,0,cpp,7.257045144579982e-05,0.0,0,1,0
0x4f3242,JZ,12804260,12804260,158,6,0x4f323e,AND,1,Leaf,r9(AND) ,r9 rflags ,AND,4,MOV,3,ADD,3,SUB,3,SUB,3,MOV,7,CMP,3,JNB,6,LEA,7,SUB,7,0,1,0,0,0,JAE,1,0,1,0,0,0,JAE,0,0,5190176,5190368,5190216,0,0,0,0,cpp,6.0643800156711135e-05,1.0,1,0,1
0x4f3205,JNB,16111910,12804260,27,2,0x4f31fe,CMP,1,Leaf,rdx(-1) ,rflags ,CMP,7,UD2,2,JMP,2,LEA,4,MOVSXD,4,ADD,3,ADD,3,LEA,7,MOVSXD,4,LEA,4,0,1,0,0,0,JE,0,0,1,0,0,0,JMP,1,0,5190142,5190176,5190151,1,1,0,0,cpp,7.630956027001292e-05,0.7947077658700924,1,0,1
0x4f31e5,JNB,18733735,15322439,155,6,0x4f31de,CMP,1,Leaf,rdx(-1) ,rflags ,CMP,7,JZ,6,JB,2,CMP,3,MOV,3,LEA,7,MOVSXD,4,LEA,4,JMP,2,UD2,2,0,1,0,0,0,JA,0,0,1,0,0,0,JMP,1,0,5190110,5190272,5190123,0,1,0,0,cpp,8.87271018808416e-05,0.8179062530776697,1,0,1
0x4f31d8,JZ,18733735,0,9334,6,0x4f31d3,CMP,0,Leaf,rdi(-1) rsi(-1) ,rflags ,JB,2,CMP,3,MOV,3,INVALID,0,INVALID,0,CMP,7,JNB,6,LEA,7,MOVSXD,4,LEA,4,0,1,0,0,0,RET,1,0,1,0,0,0,JAE,0,0,5190104,5199438,5190110,0,0,0,0,cpp,8.87271018808416e-05,0.0,0,0,0
0x4f31d6,JB,34845645,16111910,40,2,0x4f31d3,CMP,1,Leaf,rdi(-1) rsi(-1) ,rflags ,CMP,3,MOV,3,INVALID,0,INVALID,0,INVALID,0,JZ,6,CMP,7,JNB,6,LEA,7,MOVSXD,4,0,1,0,0,0,JAE,1,0,1,0,0,0,JE,1,0,5190096,5190142,5190104,0,0,0,0,cpp,0.0001650366621508,0.4623794451214779,0,0,0
0x4f061c,JNZ,32,31,20,2,0x4f061a,CMP,1,Leaf,al(-1) cl(-1) ,rflags ,CMP,2,SHR,3,SHR,3,JNZ,2,CMP,3,AND,5,AND,6,SUB,2,RET_NEAR,1,NOP,4,0,0,0,0,0,RET,0,0,1,0,0,0,RET,0,0,5178906,5178928,5178910,1,1,0,0,cpp,1.5155905964224063e-10,0.96875,1,1,1
0x4f0612,JNZ,32,32,8,2,0x4f060f,CMP,1,Leaf,ax(-1) cx(-1) ,rflags ,CMP,3,SHR,4,SHR,4,JNZ,2,CMP,2,SHR,3,SHR,3,CMP,2,JNZ,2,AND,5,0,0,1,0,0,JNE,0,0,1,0,0,0,SHR,0,0,5178895,5178906,5178900,0,1,0,0,cpp,1.5155905964224063e-10,1.0,1,1,1
0x4f01d7,JNZ,1,0,1068,6,0x4f01d4,CMP,1,Leaf,rcx(MOV) rax(MOV) ,rflags ,CMP,3,MOV,4,MOV,4,JNB,6,PTEST,5,MOVZX,4,MOVZX,4,SUB,2,RET_NEAR,1,NOP,8,0,0,0,0,0,JNE,0,0,1,0,0,0,RET,0,0,5177804,5178883,5177821,0,0,0,0,cpp,4.736220613820021e-12,0.0,0,0,0
0x4f01c6,JNB,1,0,1058,6,0x4f01c1,PTEST,1,Leaf,xmm0(-1) xmm2(PXOR) ,rflags ,PTEST,5,PXOR,4,MOV,2,MOVDQU,5,MOVDQU,5,MOV,4,MOV,4,CMP,3,JNZ,6,MOVZX,4,0,0,0,0,0,JNE,0,0,1,0,0,0,JNE,0,0,5177777,5178856,5177804,0,0,0,0,cpp,4.736220613820021e-12,0.0,0,0,0
0x4efdc8,JNZ,1561,1452,2152,6,0x4efdc6,CMP,1,Leaf,al(MOVZX) cl(MOVZX) ,rflags ,CMP,2,MOVZX,4,MOVZX,4,JNZ,6,CMP,2,AND,5,AND,6,SUB,2,RET_NEAR,1,NOP,4,0,0,0,0,0,RET,0,0,1,0,0,0,RET,0,0,5176766,5178928,5176782,1,1,0,0,cpp,7.393240378173052e-09,0.9301729660474056,1,1,1
0x4efdb8,JNZ,1,0,2135,6,0x4efdb6,CMP,1,Leaf,ecx(MOV) eax(MOV) ,rflags ,CMP,2,MOV,3,MOV,3,NOP,10,NOP,1,MOVZX,4,MOVZX,4,CMP,2,JNZ,6,AND,5,0,0,0,0,0,JNE,0,0,0,0,0,0,JNE,0,0,5176752,5178895,5176766,0,0,0,0,cpp,4.736220613820021e-12,0.0,0,0,0
0x4efcc8,JNZ,40,32,2375,6,0x4efcc6,CMP,1,Leaf,ecx(MOV) eax(MOV) ,rflags ,CMP,2,MOV,3,MOV,3,NOP,10,NOP,1,MOVZX,4,MOVZX,4,SUB,2,RET_NEAR,1,NOP,7,0,0,0,0,0,JNE,0,0,1,0,0,0,RET,0,0,5176512,5178895,5176526,0,0,0,0,cpp,1.894488245528008e-10,0.8,1,0,1
0x4ef210,JNB,1,1,-395,6,0x4ef20c,CMP,1,Leaf,rdx(-1) ,rflags ,CMP,4,ADD,7,ADD,7,JNB,6,PTEST,5,CMP,4,JB,2,MOVDQU,4,PXOR,4,PTEST,5,0,0,0,0,0,JAE,0,0,1,0,0,0,JB,0,0,5173758,5173381,5173782,1,0,0,0,cpp,4.736220613820021e-12,1.0,1,0,1
0x4ef1f8,JNB,1,0,2413,6,0x4ef1f3,PTEST,1,Leaf,xmm0(-1) xmm2(PXOR) ,rflags ,PTEST,5,PXOR,5,MOVDQU,5,JNB,6,PTEST,5,ADD,7,ADD,7,CMP,4,JNB,6,CMP,4,0,0,0,0,0,JMP,0,0,1,0,0,0,JAE,0,0,5173737,5176165,5173758,0,0,0,0,cpp,4.736220613820021e-12,0.0,0,0,0
0x4ef1e3,JNB,1,0,2450,6,0x4ef1de,PTEST,1,Leaf,xmm0(-1) xmm2(PXOR) ,rflags ,PTEST,5,PXOR,5,MOVDQU,5,JNB,6,PTEST,5,MOVDQU,5,PXOR,5,PTEST,5,JNB,6,ADD,7,0,0,0,0,0,JMP,0,0,1,0,0,0,JAE,0,0,5173716,5176181,5173737,0,0,0,0,cpp,4.736220613820021e-12,0.0,0,0,0
0x4ef1ce,JNB,1,0,2481,6,0x4ef1c9,PTEST,1,Leaf,xmm0(-1) xmm2(PXOR) ,rflags ,PTEST,5,PXOR,5,MOVDQU,5,JNB,6,PTEST,5,MOVDQU,5,PXOR,5,PTEST,5,JNB,6,MOVDQU,5,0,0,0,0,0,JMP,0,0,1,0,0,0,JAE,0,0,5173695,5176191,5173716,0,0,0,0,cpp,4.736220613820021e-12,0.0,0,0,0
0x4ef1b9,JNB,1,0,2512,6,0x4ef1b4,PTEST,1,Leaf,xmm0(-1) xmm2(PXOR) ,rflags ,PTEST,5,PXOR,5,MOVDQU,5,JNB,6,PTEST,5,MOVDQU,5,PXOR,5,PTEST,5,JNB,6,MOVDQU,5,0,0,0,0,0,JMP,0,0,1,0,0,0,JAE,0,0,5173674,5176201,5173695,0,0,0,0,cpp,4.736220613820021e-12,0.0,0,0,0
0x4ef1a4,JNB,1,0,2543,6,0x4ef19f,PTEST,1,Leaf,xmm0(-1) xmm2(PXOR) ,rflags ,PTEST,5,PXOR,5,MOVDQU,5,JNB,6,PTEST,5,MOVDQU,5,PXOR,5,PTEST,5,JNB,6,MOVDQU,5,0,0,0,0,0,JMP,0,0,1,0,0,0,JAE,0,0,5173653,5176211,5173674,0,0,0,0,cpp,4.736220613820021e-12,0.0,0,0,0
0x4ef18f,JNB,1,0,2574,6,0x4ef18a,PTEST,1,Leaf,xmm0(-1) xmm2(PXOR) ,rflags ,PTEST,5,PXOR,5,MOVDQU,5,JNB,6,PTEST,5,MOVDQU,5,PXOR,5,PTEST,5,JNB,6,MOVDQU,5,0,0,0,0,0,ADD,0,0,1,0,0,0,JAE,0,0,5173632,5176221,5173653,0,0,0,0,cpp,4.736220613820021e-12,0.0,0,0,0
0x4ef165,JNB,1,0,2632,6,0x4ef160,PTEST,1,Leaf,xmm0(-1) xmm2(PXOR) ,rflags ,PTEST,5,PXOR,4,MOVDQU,4,SUB,7,JNBE,6,MOVDQU,5,PXOR,5,PTEST,5,JNB,6,MOVDQU,5,0,0,0,0,0,ADD,0,0,1,0,0,0,JAE,0,0,5173585,5176237,5173611,0,0,0,0,cpp,4.736220613820021e-12,0.0,0,0,0
0x4ef14b,JNBE,1,0,285,6,0x4ef144,CMP,1,Leaf,rdx(-1) ,rflags ,CMP,7,JNBE,6,CMP,7,UD2,2,JMP,2,SUB,7,MOVDQU,4,PXOR,4,PTEST,5,JNB,6,0,1,0,0,0,JAE,0,0,1,0,0,0,JAE,0,0,5173572,5173864,5173585,1,1,0,0,cpp,4.736220613820021e-12,0.0,0,0,0
0x4ef13e,JNBE,1,0,818,6,0x4ef137,CMP,1,Leaf,rdx(-1) ,rflags ,CMP,7,UD2,2,JMP,2,ADD,3,MOVSXD,4,CMP,7,JNBE,6,SUB,7,MOVDQU,4,PXOR,4,0,1,0,0,0,JA,0,0,1,0,0,0,JA,0,0,5173559,5174384,5173572,0,0,0,0,cpp,4.736220613820021e-12,0.0,0,0,0
0x4ef105,JNB,1,0,2682,6,0x4ef100,PTEST,1,Leaf,xmm0(-1) xmm2(PXOR) ,rflags ,PTEST,5,PXOR,5,MOVDQU,5,JNB,6,PTEST,5,SUB,4,ADD,4,ADD,4,ADD,4,ADD,4,0,0,0,0,0,JMP,0,0,1,0,0,0,ADD,0,0,5173494,5176191,5173515,0,0,0,0,cpp,4.736220613820021e-12,0.0,0,0,0
0x4ef0f0,JNB,1,0,2713,6,0x4ef0eb,PTEST,1,Leaf,xmm0(-1) xmm2(PXOR) ,rflags ,PTEST,5,PXOR,5,MOVDQU,5,JB,2,CMP,4,MOVDQU,5,PXOR,5,PTEST,5,JNB,6,SUB,4,0,0,0,0,0,JMP,0,0,1,0,0,0,JAE,0,0,5173473,5176201,5173494,0,0,0,0,cpp,4.736220613820021e-12,0.0,0,0,0
0x4ef0df,JB,1,0,56,2,0x4ef0db,CMP,1,Leaf,rdx(-1) ,rflags ,CMP,4,JNB,6,PTEST,5,PXOR,5,MOVDQU,5,MOVDQU,5,PXOR,5,PTEST,5,JNB,6,MOVDQU,5,0,1,0,0,0,JMP,0,0,1,0,0,0,JAE,0,0,5173467,5173527,5173473,0,0,0,0,cpp,4.736220613820021e-12,0.0,0,0,0
0x4ef0d5,JNB,1,0,2750,6,0x4ef0d0,PTEST,1,Leaf,xmm0(-1) xmm2(PXOR) ,rflags ,PTEST,5,PXOR,5,MOVDQU,5,JNB,6,PTEST,5,CMP,4,JB,2,MOVDQU,5,PXOR,5,PTEST,5,0,0,0,0,0,JMP,0,0,1,0,0,0,JB,0,0,5173446,5176211,5173467,0,0,0,0,cpp,4.736220613820021e-12,0.0,0,0,0
0x4ef0ab,JNB,1,0,2810,6,0x4ef0a6,PTEST,1,Leaf,xmm0(-1) xmm2(PXOR) ,rflags ,PTEST,5,PXOR,5,MOVDQU,5,JNB,6,PTEST,5,MOVDQU,5,PXOR,5,PTEST,5,JNB,6,MOVDQU,5,0,0,0,0,0,ADD,0,0,1,0,0,0,JAE,0,0,5173404,5176229,5173425,0,0,0,0,cpp,4.736220613820021e-12,0.0,0,0,0
0x4ef096,JNB,1,0,2839,6,0x4ef091,PTEST,1,Leaf,xmm0(-1) xmm2(PXOR) ,rflags ,PTEST,5,PXOR,4,MOVDQU,4,SUB,4,JNBE,6,MOVDQU,5,PXOR,5,PTEST,5,JNB,6,MOVDQU,5,0,0,0,0,0,ADD,0,0,1,0,0,0,JAE,0,0,5173381,5176237,5173404,0,0,0,0,cpp,4.736220613820021e-12,0.0,0,0,0
0x4ef07f,JNBE,1,1,184,6,0x4ef078,CMP,1,Leaf,rdx(-1) ,rflags ,CMP,7,JZ,6,TEST,7,ADD,3,SUB,3,SUB,4,MOVDQU,4,PXOR,4,PTEST,5,JNB,6,0,1,0,0,0,JA,0,0,1,0,0,0,JAE,0,0,5173368,5173559,5173381,0,1,0,0,cpp,4.736220613820021e-12,1.0,1,0,1
0x4ef072,JZ,1,0,1294,6,0x4ef06b,TEST,1,Leaf,rdi(SUB) ,rflags ,TEST,7,ADD,3,SUB,3,SUB,3,ADD,4,CMP,7,JNBE,6,SUB,4,MOVDQU,4,PXOR,4,0,1,0,0,0,JA,0,0,1,0,0,0,JA,0,0,5173335,5174656,5173368,0,0,0,0,cpp,4.736220613820021e-12,0.0,0,0,0
0x4ef051,JNB,1,0,2908,6,0x4ef04c,PTEST,1,Leaf,xmm0(-1) xmm2(PXOR) ,rflags ,PTEST,5,PXOR,4,MOVDQU,4,MOVDQU,4,NOP,7,MOV,3,AND,4,ADD,4,SUB,3,SUB,3,0,1,0,0,0,ADD,0,0,1,0,0,0,JE,0,0,5173312,5176237,5173335,0,0,0,0,cpp,4.736220613820021e-12,0.0,0,0,0
0x4ef00e,JZ,7785,6184,34,2,0x4ef00a,CMP,1,Leaf,rdx(-1) ,rflags ,CMP,4,JNBE,2,CMP,4,PXOR,4,INVALID,0,ADD,3,ADD,3,LEA,7,MOVSXD,4,ADD,3,0,1,0,0,0,RET,0,0,1,0,0,0,JMP,0,0,5173258,5173296,5173264,0,0,0,0,cpp,3.6871477478588865e-08,0.7943481053307643,1,0,1
0x4ef008,JNBE,7786,1,56,2,0x4ef004,CMP,1,Leaf,rdx(-1) ,rflags ,CMP,4,PXOR,4,INVALID,0,INVALID,0,INVALID,0,CMP,4,JZ,2,ADD,3,ADD,3,LEA,7,0,1,0,0,0,JAE,0,0,1,0,0,0,JE,0,0,5173248,5173312,5173258,0,0,0,0,cpp,3.6876213699202686e-08,0.0001284356537374,0,0,0
0x52ba15,JNBE,1,0,595,6,0x52ba11,CMP,1,NonLeaf,rbx(-1) ,rflags ,CMP,4,CMOVNBE,4,CMP,3,AND,3,NEG,3,CMP,4,MOV,7,JBE,6,CMP,4,MOV,7,0,1,0,0,0,JNE,0,0,1,0,0,0,JBE,0,0,5421558,5422184,5421595,0,0,0,1,cpp,4.736220613820021e-12,0.0,0,0,0
0x528d8f,JNZ,1,1,-23,2,0x528d8b,CMP,1,NonLeaf,rax(MOV) ,rflags ,CMP,4,MOV,3,JNZ,6,LEA,4,CMP,6,CMP,4,JNZ,6,MOV,4,TEST,2,JNZ,2,1,1,0,0,0,JNE,0,0,0,0,0,0,JNE,1,0,5410187,5410168,5410193,0,0,0,0,cpp,4.736220613820021e-12,1.0,1,1,1
0x528d82,JNZ,1,1,686,6,0x528d78,CMP,1,NonLeaf,r15(-1) rax(-1) ,rflags ,LEA,4,CMP,6,NOP,6,JMP,5,JZ,2,MOV,3,CMP,4,JNZ,2,CMP,4,JNZ,6,0,0,0,0,0,JE,1,0,1,0,0,0,MOV,0,0,5410168,5410864,5410184,0,0,1,0,cpp,4.736220613820021e-12,1.0,1,0,1
0x528d5f,JBE,1,0,50,2,0x528d5b,CMP,1,NonLeaf,rax(-1) ,rflags ,CMP,4,JZ,2,MOV,3,TEST,3,CALL_NEAR,5,CMP,6,LEA,4,JZ,2,JMP,5,NOP,6,0,1,0,0,0,JNE,0,0,1,0,0,0,JE,0,0,5410139,5410193,5410145,0,1,0,0,cpp,4.736220613820021e-12,0.0,0,0,0
0x4eb884,JZ,27175,3744,-30,2,0x4eb882,OR,1,Leaf,ecx(OR) edx(PMOVMSKB) ,ecx rflags ,OR,2,PMOVMSKB,4,PMOVMSKB,4,PCMPEQB,4,PCMPEQB,4,BSF,3,LEA,5,RET_NEAR,1,INVALID,0,INVALID,0,1,1,1,1,1,JE,0,0,0,1,0,0,RET,1,0,5159014,5159014,5159046,0,1,0,0,cpp,1.2870679518055906e-07,0.1377736890524379,0,1,0
0x4eb864,JNZ,754621,731190,34,2,0x4eb862,AND,1,Leaf,ecx(AND) esi(SHL) ,ecx rflags ,AND,2,OR,2,PMOVMSKB,4,PMOVMSKB,4,SHL,2,MOVDQA,4,LEA,4,MOVDQA,4,PCMPEQB,4,PCMPEQB,4,0,1,1,0,0,RET,1,0,1,0,1,0,JE,0,0,5158944,5159046,5159014,0,0,0,0,cpp,3.574051535821478e-06,0.9689499762132248,1,1,1
0x4ea4c8,JNZ,3519,3256,-303,6,0x4ea4c0,AND,1,Leaf,edx(AND) ,edx rflags ,MOV,5,AND,3,NOP,10,NOP,2,JNZ,2,RET_NEAR,2,MOV,7,CMP,3,CMOVNBE,4,MOV,3,0,0,0,0,0,JE,0,0,1,0,0,0,REPZ RET,1,0,5153984,5153689,5153998,0,0,0,0,cpp,1.666676034003265e-08,0.9252628587666952,1,0,1
0x4ea4b2,JNZ,772,232,-82,2,0x4ea48a,DEC,1,Leaf,ecx(DEC) ,ecx rflags ,LEA,4,LEA,4,MOV,4,MOV,4,MOV,4,NOP,2,NOP,10,AND,3,MOV,5,JNZ,6,0,0,0,1,1,JE,0,0,1,0,0,0,NOP,1,0,5153930,5153888,5153972,1,0,1,0,cpp,3.6563623138690556e-09,0.3005181347150259,0,1,0
0x4ea488,JZ,3751,2979,56,2,0x4ea460,DEC,1,Leaf,ecx(DEC) ,ecx rflags ,LEA,4,LEA,4,MOV,4,MOV,4,MOV,4,DEC,2,MOV,3,MOV,4,MOV,4,MOV,4,1,0,1,0,0,JNE,1,0,1,0,0,0,JNE,0,0,5153888,5153984,5153930,0,1,0,1,cpp,1.7765563522438895e-08,0.7941882164756066,1,0,1
0x4ea45e,JZ,3519,0,98,2,0x4ea45b,SHR,1,Leaf,ecx(SHR) ,ecx rflags ,SHR,3,MOV,2,JNBE,2,CMP,7,NOP,10,DEC,2,MOV,3,MOV,4,MOV,4,MOV,4,0,1,1,0,0,JNE,0,0,1,0,1,0,JE,0,0,5153881,5153984,5153888,0,1,0,1,cpp,1.666676034003265e-08,0.0,0,0,0
0x4ea457,JNBE,3519,0,121,2,0x4ea450,CMP,1,Leaf,rdx(-1) ,rflags ,CMP,7,NOP,10,NOP,5,JNZ,2,LEA,4,MOV,2,SHR,3,JZ,2,DEC,2,MOV,3,0,1,0,0,0,JE,0,0,1,0,0,0,JE,1,0,5153872,5154000,5153881,0,0,0,0,cpp,1.666676034003265e-08,0.0,0,0,0
0x4ea41a,JZ,3519,3519,54,2,0x4ea417,AND,1,Leaf,ecx(AND) ,ecx rflags ,AND,3,MOV,2,MOV,5,NOP,3,RET_NEAR,2,LEA,5,SUB,3,NOP,2,NOP,10,MOVZX,3,0,1,1,0,0,JA,1,0,1,0,0,0,NOP,0,0,5153808,5153872,5153820,0,1,0,0,cpp,1.666676034003265e-08,1.0,1,0,1
0x4ea409,JNZ,48436,0,-25,2,0x4ea3fe,SUB,1,Leaf,edx(SUB) ,edx rflags ,LEA,4,LEA,4,SUB,3,MOV,4,MOV,3,RET_NEAR,2,NOP,3,MOV,5,MOV,2,AND,3,1,1,1,1,1,JNE,0,0,0,1,0,0,REPZ RET,1,0,5153776,5153776,5153803,1,0,1,0,cpp,2.294035816509865e-07,0.0,0,1,0
0x4ea3d4,JZ,209871,199157,16,2,0x4ea3d1,TEST,1,Leaf,dl(-1) ,rflags ,TEST,3,ADD,4,ADD,4,MOV,2,MOV,2,MOV,3,MOV,3,ADD,4,ADD,4,AND,6,0,1,1,0,0,JE,0,0,1,0,0,0,ADD,0,0,5153745,5153764,5153750,1,0,0,1,cpp,9.939953564430215e-07,0.9489495928451288,1,0,1
0x4ea3c3,JZ,209871,189737,14,2,0x4ea3c0,TEST,1,Leaf,dl(-1) ,rflags ,TEST,3,NOP,4,ADD,4,ADD,4,MOV,3,MOV,2,MOV,2,ADD,4,ADD,4,TEST,3,0,1,1,0,0,JE,0,0,1,0,0,0,ADD,0,0,5153728,5153745,5153733,0,0,0,1,cpp,9.939953564430215e-07,0.9040648779488352,1,0,1
0x4ea3ac,JZ,209871,91198,20,2,0x4ea3a9,TEST,1,Leaf,dl(-1) ,rflags ,TEST,3,INC,3,INC,3,MOV,2,MOVZX,3,MOVZX,3,MOV,3,ADD,4,ADD,4,NOP,4,0,1,1,0,0,JE,0,0,1,0,0,0,NOP,0,0,5153705,5153728,5153710,0,0,0,1,cpp,9.939953564430215e-07,0.4345431241095721,0,0,0
0x4ea39c,JZ,209871,128647,13,2,0x4ea399,TEST,1,Leaf,dl(-1) ,rflags ,TEST,3,JNB,2,MOV,3,CMP,4,INVALID,0,MOVZX,3,MOV,2,INC,3,INC,3,TEST,3,0,1,1,0,0,JE,0,0,1,0,0,0,INC,0,0,5153689,5153705,5153694,0,0,0,1,cpp,9.939953564430215e-07,0.6129813075651234,1,0,1
0x4ea397,JNB,210134,3519,121,2,0x4ea390,CMP,1,Leaf,rdx(-1) ,rflags ,MOV,3,CMP,4,INVALID,0,INVALID,0,INVALID,0,TEST,3,JZ,2,MOVZX,3,MOV,2,INC,3,0,1,0,0,0,JE,0,0,1,0,0,0,JE,1,0,5153680,5153808,5153689,0,0,1,0,cpp,9.95240982464456e-07,0.0167464570226617,0,0,0
0x4dea13,JNZ,2652,2614,-285,6,0x4dea10,AND,1,Leaf,edx(AND) ,edx rflags ,AND,3,NOP,10,NOP,2,JNZ,2,LEA,4,MOV,3,RET_NEAR,1,NOP,3,MOV,7,CMP,3,0,0,0,0,0,JE,0,0,1,0,0,0,RET,1,0,5106192,5105910,5106201,0,0,0,0,cpp,1.2560457067850694e-08,0.9856711915535444,1,0,1
0x4de9d8,JZ,1698,1562,56,2,0x4de9b0,DEC,1,Leaf,ecx(DEC) ,ecx rflags ,LEA,4,LEA,4,MOV,4,MOV,4,MOV,4,DEC,2,MOV,3,MOV,4,MOV,4,MOV,4,1,0,1,0,0,JNE,1,0,1,0,0,0,JNE,0,0,5106096,5106192,5106138,0,1,0,1,cpp,8.042102602266395e-09,0.9199057714958776,1,0,1
0x4de98f,JNZ,4842,3874,-15,2,0x4de985,INC,1,Leaf,ecx(INC) ,ecx rflags ,LEA,4,LEA,4,INC,2,MOV,2,MOVZX,3,NOP,5,NOP,10,CMP,7,JNBE,2,MOV,2,1,1,1,1,1,JNE,0,0,1,1,0,0,NOP,1,0,5106048,5106048,5106065,1,0,1,0,cpp,2.2932780212116542e-08,0.8000826104915324,1,1,1
0x4de975,JZ,2652,1684,43,2,0x4de972,AND,1,Leaf,ecx(AND) ,ecx rflags ,AND,3,MOV,2,NOP,1,RET_NEAR,1,MOV,3,LEA,5,SUB,3,NOP,1,MOVZX,3,MOV,2,0,1,1,0,0,JA,1,0,1,0,0,0,NOP,0,0,5106032,5106080,5106039,0,1,0,0,cpp,1.2560457067850694e-08,0.6349924585218703,1,0,1
0x4de969,JNZ,6203,0,-25,2,0x4de95e,SUB,1,Leaf,edx(SUB) ,edx rflags ,LEA,4,LEA,4,SUB,3,MOV,4,MOV,3,MOV,3,RET_NEAR,1,NOP,1,MOV,2,AND,3,1,1,1,1,1,JNE,0,0,0,1,0,0,RET,1,0,5106000,5106000,5106027,1,0,1,0,cpp,2.9378776467525585e-08,0.0,0,1,0
0x4de946,JZ,786949,780746,37,2,0x4de940,AND,1,Leaf,edx(AND) ,edx rflags ,AND,6,NOP,3,ADD,4,ADD,4,MOV,3,NOP,8,MOV,3,MOV,4,MOV,3,MOV,4,0,1,1,0,0,RET,1,0,1,0,0,0,NOP,0,0,5105984,5106027,5105992,0,0,0,0,cpp,3.727164075825051e-06,0.992117659467132,1,0,1
0x4de92d,JZ,786949,774681,19,2,0x4de92a,TEST,1,Leaf,dl(-1) ,rflags ,TEST,3,ADD,4,ADD,4,MOV,2,MOV,2,MOV,3,MOV,3,ADD,4,ADD,4,NOP,3,0,1,1,0,0,JE,0,0,1,0,0,0,NOP,0,0,5105962,5105984,5105967,1,0,0,1,cpp,3.727164075825051e-06,0.9844106797263864,1,0,1
0x4de91c,JZ,786949,715026,14,2,0x4de919,TEST,1,Leaf,dl(-1) ,rflags ,TEST,3,ADD,4,ADD,4,MOV,3,MOVZX,3,MOV,2,MOV,2,ADD,4,ADD,4,TEST,3,0,1,1,0,0,JE,0,0,1,0,0,0,ADD,0,0,5105945,5105962,5105950,0,0,0,1,cpp,3.727164075825051e-06,0.9086052590447412,1,0,1
0x4de909,JZ,786949,701839,16,2,0x4de906,TEST,1,Leaf,dl(-1) ,rflags ,TEST,3,INC,3,INC,3,MOV,2,MOVZX,3,MOVZX,3,MOV,3,ADD,4,ADD,4,TEST,3,0,1,1,0,0,JE,0,0,1,0,0,0,ADD,0,0,5105926,5105945,5105931,0,0,0,1,cpp,3.727164075825051e-06,0.8918481375540219,1,0,1
0x4de8f9,JZ,786949,84117,13,2,0x4de8f6,TEST,1,Leaf,dl(-1) ,rflags ,TEST,3,JNB,2,CMP,4,INVALID,0,INVALID,0,MOVZX,3,MOV,2,INC,3,INC,3,TEST,3,0,1,1,0,0,JE,0,0,1,0,0,0,INC,0,0,5105910,5105926,5105915,0,0,0,1,cpp,3.727164075825051e-06,0.1068900271809227,0,0,0
0x4de8f4,JNB,786987,2652,124,2,0x4de8f0,CMP,1,Leaf,rdx(-1) ,rflags ,CMP,4,INVALID,0,INVALID,0,INVALID,0,INVALID,0,TEST,3,JZ,2,MOVZX,3,MOV,2,INC,3,0,1,0,0,0,JE,0,0,1,0,0,0,JE,1,0,5105904,5106032,5105910,0,0,0,0,cpp,3.727344052208377e-06,0.0033698142408959,0,0,0
0x4de8ba,JNZ,126008,126008,36,2,0x4de8b7,TEST,1,Leaf,dl(-1) ,rflags ,TEST,3,MOVQ,5,RET_NEAR,2,JNZ,2,CMP,3,TEST,3,JNZ,2,TEST,3,JZ,2,MOV,2,0,1,0,0,0,RET,0,0,1,0,0,0,JNE,0,0,5105842,5105886,5105852,0,0,1,0,cpp,5.968016871062331e-07,1.0,1,0,1
0x4de8ae,JNZ,5398614,5356792,-30,2,0x4de8ab,CMP,1,Leaf,rdx(-1) rcx(ADD) ,rflags ,CMP,3,ADD,4,MOVDQA,6,MOVDQA,6,MOVDQA,6,RET_NEAR,2,MOVQ,5,TEST,3,JNZ,2,TEST,3,1,1,1,1,1,JNE,0,0,1,1,0,0,REPZ RET,1,0,5105808,5105808,5105840,1,0,1,0,cpp,2.5569026912857355e-05,0.9922531968390406,1,1,1
0x4de885,JZ,41822,0,-91,2,0x4de882,CMP,1,Leaf,rcx(AND) rdx(AND) ,rflags ,CMP,3,AND,4,ADD,3,MOVDQU,7,MOVDQU,6,NOP,9,MOVDQA,5,MOVDQA,6,MOVDQA,6,MOVDQA,6,0,0,0,0,0,REPZ RET,1,0,1,0,0,0,NOP,0,0,5105728,5105706,5105799,0,0,0,0,cpp,1.980782185111809e-07,0.0,0,0,0
0x4de828,JNBE,7,7,8,2,0x4de818,CMP,1,Leaf,rdx(-1) ,rflags ,MOVDQU,7,MOVDQU,5,CMP,4,JBE,6,CMP,4,RET_NEAR,2,NOP,4,MOVDQU,6,MOVDQU,7,RET_NEAR,1,0,1,0,0,0,RET,0,0,0,0,0,0,REPZ RET,0,0,5105688,5105712,5105706,0,0,1,0,cpp,3.3153544296740137e-11,1.0,1,0,1
0x4de812,JBE,126015,126008,160,6,0x4de80e,CMP,1,Leaf,rdx(-1) ,rflags ,CMP,4,JNBE,2,CMP,4,PSHUFD,6,PUNPCKLWD,5,CMP,4,MOVDQU,5,MOVDQU,7,JNBE,2,RET_NEAR,2,0,1,0,0,0,JNE,0,0,1,0,0,0,JA,0,0,5105678,5105842,5105688,0,0,0,1,cpp,5.968348406505299e-07,0.9999444510574138,1,0,1
0x4de80c,JNBE,167837,41822,52,2,0x4de808,CMP,1,Leaf,rdx(-1) ,rflags ,CMP,4,PSHUFD,6,PUNPCKLWD,5,PUNPCKLBW,5,MOV,3,CMP,4,JBE,6,CMP,4,MOVDQU,5,MOVDQU,7,0,1,0,0,0,JE,0,0,1,0,0,0,JBE,1,0,5105648,5105728,5105678,1,0,1,0,cpp,7.949130591617108e-07,0.2491822422946072,0,0,0
0x4dde57,JZ,1,1,7,2,0x4dde54,BSR,1,Leaf,edx(BSR) ,edx rflags ,BSR,3,AND,3,SHR,3,SUB,3,JMP,2,LEA,5,RET_NEAR,1,INVALID,0,INVALID,0,INVALID,0,0,1,1,0,0,RET,0,0,1,0,0,0,LEA,0,0,5103179,5103198,5103193,0,0,0,0,cpp,4.736220613820021e-12,1.0,1,0,1
0x4dde42,JZ,1,0,-54,2,0x4dde3f,BSR,1,Leaf,edx(BSR) ,edx rflags ,BSR,3,JNZ,2,MOV,5,MOV,6,BSF,4,LEA,5,JMP,2,SUB,3,SHR,3,AND,3,0,0,1,1,0,JE,0,0,1,0,0,0,JMP,0,0,5103167,5103116,5103172,0,0,0,0,cpp,4.736220613820021e-12,0.0,0,0,0
0x4dde3d,JNZ,2,1,14,2,0x4dde2e,BSF,1,Leaf,ecx(MOV) ,r9d rflags ,MOV,5,MOV,6,BSF,4,JZ,2,OR,2,BSR,3,JZ,2,LEA,5,JMP,2,SUB,3,0,1,1,0,0,JE,1,0,1,0,0,0,JE,0,0,5103150,5103179,5103167,1,0,0,0,cpp,9.47244122764004e-12,0.5,0,0,0
0x4dde2c,JZ,4,3,-32,2,0x4dde2a,OR,1,Leaf,esi(OR) ecx(PMOVMSKB) ,esi rflags ,OR,2,MOV,2,PMOVMSKB,4,PMOVMSKB,4,PCMPEQB,4,BSF,4,MOV,6,MOV,5,JNZ,2,BSR,3,1,1,1,1,1,JE,0,0,0,1,0,0,JNE,0,0,5103116,5103116,5103150,0,1,0,0,cpp,1.894488245528008e-11,0.75,1,1,1
0x4dde0a,JNZ,1,1,36,2,0x4dde08,OR,1,Leaf,esi(OR) ecx(AND) ,esi rflags ,OR,2,MOV,2,XOR,2,AND,2,AND,2,MOVDQA,4,LEA,4,MOVDQA,4,PCMPEQB,4,PCMPEQB,4,0,1,1,0,0,JNE,0,0,1,0,1,0,JE,0,0,5103040,5103150,5103116,1,0,0,0,cpp,4.736220613820021e-12,1.0,1,1,1
0x4ddd97,JBE,7,1,13,2,0x4ddd94,SUB,1,Leaf,r11(SUB) rdx(BSF) ,r11 rflags ,SUB,3,BSF,4,NOP,10,NOP,1,XCHG,3,MOVZX,4,MOVZX,4,SUB,2,RET_NEAR,1,XOR,2,0,0,0,0,0,RET,0,0,1,0,0,0,RET,0,0,5102992,5103012,5103001,0,0,0,0,cpp,3.3153544296740137e-11,0.1428571428571428,0,0,0
0x4ddd80,JZ,1,0,16,2,0x4ddd7d,TEST,1,Leaf,r8d(-1) r8d(-1) ,rflags ,TEST,3,LEA,4,LEA,4,LEA,5,NOP,2,XCHG,3,NOP,1,NOP,10,BSF,4,SUB,3,0,0,1,0,0,JBE,0,0,1,0,0,0,NOP,0,0,5102965,5102992,5102978,0,0,0,0,cpp,4.736220613820021e-12,0.0,0,0,0
0x4ddc1a,JNZ,1,1,347,6,0x4ddc17,SUB,1,Leaf,edx(SUB) r9d(SHR) ,edx rflags ,SUB,3,SHR,3,SHR,2,PMOVMSKB,5,PSUBB,4,MOVDQA,4,LEA,5,CMP,3,JB,6,TEST,3,0,0,0,0,0,JE,0,0,0,0,0,0,JB,0,0,5102576,5102965,5102624,0,0,0,0,cpp,4.736220613820021e-12,1.0,1,1,1
0x4dc5fa,JNBE,1,0,9,2,0x4dc5f6,CMP,0,Leaf,ecx(-1) eax(-1) ,rflags ,JZ,2,CMP,2,AND,3,AND,3,XOR,3,MOV,3,XCHG,1,XCHG,3,LEA,4,SUB,3,0,1,1,0,0,JMP,0,0,1,0,0,0,XCHG,0,0,5096954,5096963,5096956,0,1,0,0,cpp,4.736220613820021e-12,0.0,0,0,0
0x4dc5c8,JNZ,6,6,6088,6,0x4dc5c2,SUB,1,Leaf,edx(SUB) ,edx rflags ,SUB,6,PMOVMSKB,4,PSUBB,4,PCMPEQB,4,PCMPEQB,4,SUB,4,JBE,6,ADD,4,ADD,4,AND,4,0,0,0,0,0,JBE,0,0,1,0,0,0,JBE,0,0,5096860,5102992,5096910,1,0,0,0,cpp,2.8417323682920123e-11,1.0,1,1,1
0x4dc59a,JNBE,6,0,70,2,0x4dc597,CMP,1,Leaf,eax(-1) ,rflags ,CMP,3,JNBE,2,CMP,3,AND,4,AND,4,MOVLPD,4,MOVLPD,4,MOVHPD,5,MOVHPD,5,PXOR,4,0,0,0,0,0,JE,0,0,1,0,0,0,JNE,0,0,5096855,5096928,5096860,1,0,0,0,cpp,2.8417323682920123e-11,0.0,0,0,0
0x4dc595,JNBE,7,1,75,2,0x4dc592,CMP,1,Leaf,ecx(AND) ,rflags ,CMP,3,AND,4,AND,4,MOV,2,MOV,2,CMP,3,JNBE,2,MOVLPD,4,MOVLPD,4,MOVHPD,5,0,1,0,0,0,JE,0,0,1,0,0,0,JA,0,0,5096835,5096928,5096855,1,0,0,0,cpp,3.3153544296740137e-11,0.1428571428571428,0,0,0
0x4dc57d,JZ,7,0,6195,6,0x4dc579,CMP,1,Leaf,rdx(-1) ,rflags ,CMP,4,JZ,6,TEST,3,INVALID,0,INVALID,0,MOV,3,MOV,2,MOV,2,AND,4,AND,4,0,1,0,0,0,RET,0,0,1,0,0,0,JA,0,0,5096825,5103024,5096835,0,0,0,0,cpp,3.3153544296740137e-11,0.0,0,0,0
0x4dc573,JZ,7,0,6193,6,0x4dc570,TEST,1,Leaf,rdx(-1) rdx(-1) ,rflags ,TEST,3,INVALID,0,INVALID,0,INVALID,0,INVALID,0,CMP,4,JZ,6,MOV,3,MOV,2,MOV,2,0,1,0,0,0,RET,0,0,1,0,0,0,JE,0,0,5096816,5103012,5096825,0,0,0,0,cpp,3.3153544296740137e-11,0.0,0,0,0
0x4dc46b,JNZ,16,16,69,2,0x4dc469,TEST,1,Leaf,edx(PMOVMSKB) edx(PMOVMSKB) ,rflags ,TEST,2,PMOVMSKB,4,PCMPEQB,5,NOP,9,PXOR,4,PCMPEQB,5,PMOVMSKB,4,TEST,2,JNZ,2,PCMPEQB,5,1,1,0,0,0,RET,1,0,1,0,0,0,JNE,0,0,5096544,5096624,5096557,1,0,0,0,cpp,7.577952982112033e-11,1.0,1,1,1
0x4dc445,JNZ,250,241,83,2,0x4dc443,AND,1,Leaf,edx(AND) esi(SHL) ,edx rflags ,AND,2,PMOVMSKB,4,SHL,2,SUB,3,MOV,5,PXOR,4,PXOR,4,PXOR,4,PXOR,4,NOP,9,0,0,0,0,0,SUB,0,0,0,0,0,0,NOP,0,0,5096490,5096600,5096519,0,0,0,0,cpp,1.184055153455005e-09,0.964,1,1,1
0x4dc41f,JNZ,22869,22862,124,2,0x4dc41d,TEST,1,Leaf,edx(PMOVMSKB) edx(PMOVMSKB) ,rflags ,TEST,2,PMOVMSKB,4,PCMPEQB,4,MOVDQU,4,JNBE,2,MOV,3,AND,4,JMP,2,MOV,3,AND,4,0,0,0,0,0,RET,0,0,1,0,0,0,JMP,0,0,5096465,5096603,5096481,1,0,0,0,cpp,1.0831262921745005e-07,0.999693908784818,1,0,1
0x4dc40f,JNBE,23119,250,27,2,0x4dc40c,CMP,1,Leaf,ecx(AND) ,rflags ,CMP,3,PXOR,4,AND,3,MOV,2,XOR,3,MOVDQU,4,PCMPEQB,4,PMOVMSKB,4,TEST,2,JNZ,2,0,1,0,0,0,JNE,0,0,1,0,0,0,JNE,0,0,5096448,5096490,5096465,1,0,0,0,cpp,1.0949668437090507e-07,0.0108136165059042,0,0,0
0x4db2b4,JNBE,161816,0,60,2,0x4db2b1,CMP,1,Leaf,eax(-1) ,rflags ,CMP,3,JNBE,2,CMP,3,AND,4,AND,4,MOVDQU,4,MOVDQU,4,PXOR,4,PCMPEQB,4,PCMPEQB,4,0,0,0,0,0,JE,0,0,1,0,0,0,JNE,0,0,5092017,5092080,5092022,1,0,0,0,cpp,7.663962748459004e-07,0.0,0,0,0
0x4db2af,JNBE,161816,0,65,2,0x4db2ac,CMP,1,Leaf,ecx(AND) ,rflags ,CMP,3,AND,4,AND,4,MOV,2,MOV,2,CMP,3,JNBE,2,MOVDQU,4,MOVDQU,4,PXOR,4,0,1,0,0,0,JE,0,0,1,0,0,0,JA,0,0,5092000,5092080,5092017,1,0,0,0,cpp,7.663962748459004e-07,0.0,0,0,0
0x4d7d33,JS,1,1,13,2,0x4d7d31,TEST,1,NonLeaf,eax(MOV) eax(MOV) ,rflags ,TEST,2,MOV,11,MOV,6,INVALID,0,INVALID,0,JMP,5,NOP,6,SUB,4,MOV,5,CALL_NEAR,5,0,1,0,0,0,CALL,0,1,1,0,0,0,JMP,0,0,5078304,5078336,5078325,0,0,1,0,cpp,4.736220613820021e-12,1.0,1,0,1
0x4d7aa6,JNZ,1,1,-180,6,0x4d7aa2,CMP,1,NonLeaf,rbp(-1) ,rflags ,CMP,4,JNZ,6,CMP,4,JMP,5,MOV,11,CMP,4,JNZ,6,CMP,4,JNZ,6,CMP,4,0,0,0,0,0,ADD,0,0,1,0,0,0,JNE,0,0,5077666,5077490,5077676,0,0,0,0,cpp,4.736220613820021e-12,1.0,1,0,1
0x4d7a9c,JNZ,2,1,-170,6,0x4d7a98,CMP,1,NonLeaf,rbp(-1) ,rflags ,CMP,4,JMP,5,MOV,11,MOV,11,MOV,11,CMP,4,JNZ,6,CMP,4,JNZ,6,CMP,4,0,0,0,0,0,ADD,0,0,1,0,0,0,JNE,0,0,5077656,5077490,5077666,0,0,0,0,cpp,9.47244122764004e-12,0.5,0,0,0
0x4d7a16,JZ,1,1,4,2,0x4d7a13,TEST,1,NonLeaf,rax(MOV) rax(MOV) ,rflags ,TEST,3,MOV,7,JNZ,2,TEST,2,MOVSX,5,CALL_NEAR,2,MOV,10,ADD,4,POP,1,POP,1,0,1,1,0,0,RET,0,0,1,0,0,0,CALL,0,1,5077516,5077530,5077528,0,0,1,1,cpp,4.736220613820021e-12,1.0,1,0,1
0x4d7a01,JZ,1,1,11,2,0x4d79fe,TEST,1,NonLeaf,r12(-1) r12(-1) ,rflags ,TEST,3,JNZ,2,TEST,3,MOV,3,ADD,4,MOVSX,5,TEST,2,JNZ,2,MOV,7,TEST,3,0,0,1,0,0,JE,0,0,1,0,0,0,JNE,0,0,5077502,5077516,5077507,0,0,0,0,cpp,4.736220613820021e-12,1.0,1,0,1
0x4d79fc,JNZ,45,44,-20,2,0x4d79f9,TEST,1,NonLeaf,rbp(MOV) rbp(MOV) ,rflags ,TEST,3,MOV,3,ADD,4,JZ,6,CMP,4,TEST,3,JZ,2,MOVSX,5,TEST,2,JNZ,2,1,1,0,0,0,JE,0,0,1,1,0,0,JE,1,0,5077494,5077480,5077502,0,0,0,0,cpp,2.1312992762190086e-10,0.9777777777777776,1,0,1
0x4d79ec,JZ,44,2,172,6,0x4d79e8,CMP,1,NonLeaf,rbp(-1) ,rflags ,CMP,4,NOP,4,JMP,2,XOR,3,JZ,2,ADD,4,MOV,3,TEST,3,JNZ,2,TEST,3,0,1,0,0,0,JNE,0,0,1,0,0,0,ADD,0,0,5077480,5077656,5077490,0,0,0,0,cpp,2.0839370700808087e-10,0.0454545454545454,0,0,0
0x4d79dd,JZ,1,0,47,2,0x4d79d2,TEST,1,NonLeaf,rbx(MOV) rbx(MOV) ,rflags ,MOV,8,TEST,3,MOV,10,MOV,7,MOV,7,XOR,3,JMP,2,NOP,4,CMP,4,JZ,6,0,1,1,0,0,JE,0,0,1,0,0,0,JMP,0,0,5077424,5077516,5077471,0,0,0,0,cpp,4.736220613820021e-12,0.0,0,0,0
0x4d7694,JZ,1,0,-20,2,0x4d7691,TEST,1,NonLeaf,rax(-1) rax(-1) ,rflags ,TEST,3,CALL_NEAR,2,MOV,3,MOV,5,JMP,5,POP,1,POP,1,POP,2,MOV,3,XOR,2,0,0,0,0,0,JMP,0,0,1,0,0,0,JMP,0,0,5076625,5076608,5076630,0,0,0,0,cpp,4.736220613820021e-12,0.0,0,0,0
0x4d746d,JNZ,1,1,538,6,0x4d746a,TEST,1,NonLeaf,rcx(MOV) rcx(MOV) ,rflags ,TEST,3,MOV,7,JNBE,6,PUSH,1,PUSH,1,MOV,7,MOV,4,TEST,3,JZ,6,MOV,3,0,1,0,0,0,CALL,0,1,1,0,0,0,JE,0,0,5076067,5076615,5076083,0,0,1,0,cpp,4.736220613820021e-12,1.0,1,0,1
0x4d745d,JNBE,1,0,590,6,0x4d7456,CMP,1,NonLeaf,rdx(OR) rax(MOV) ,rflags ,PUSH,1,PUSH,1,PUSH,2,CMP,3,IMUL,4,MOV,7,TEST,3,JNZ,6,MOV,7,MOV,4,0,1,0,0,0,JE,0,0,1,0,0,0,JNE,0,0,5076032,5076651,5076067,0,0,0,0,cpp,4.736220613820021e-12,0.0,0,0,0
0x4d6f26,JNZ,58,0,34,2,0x4d6f23,TEST,1,Leaf,rdx(OR) rax(SUB) ,rflags ,TEST,3,SUB,4,OR,3,MOV,3,SUB,3,SUB,7,SUB,7,JMP,5,NOP,5,RET_NEAR,2,0,1,0,0,0,JMP,0,0,1,0,0,0,JMP,0,0,5074692,5074760,5074728,0,0,0,1,cpp,2.7470079560156117e-10,0.0,0,0,0
0x4d6ee1,JNBE,58,0,31,2,0x4d6edb,CMP,1,Leaf,rax(-1) ,rflags ,CMP,6,JBE,2,CMP,7,JNZ,2,TEST,2,AND,4,LEA,4,MOV,7,MOV,7,NOP,1,0,0,0,0,0,AND,0,0,1,0,0,0,JMP,0,0,5074651,5074688,5074659,1,1,0,1,cpp,2.7470079560156117e-10,0.0,0,0,0
0x4d6ed9,JBE,58,0,39,2,0x4d6ed2,CMP,1,Leaf,rax(-1) rip(JBE) ,rflags ,CMP,7,JNZ,2,TEST,2,MOV,6,NOP,4,CMP,6,JNBE,2,AND,4,LEA,4,MOV,7,0,0,0,0,0,AND,0,0,1,0,0,0,JA,0,0,5074642,5074688,5074651,1,0,0,0,cpp,2.7470079560156117e-10,0.0,0,0,0
0x4d6ed0,JNZ,58,0,48,2,0x4d6ece,TEST,1,Leaf,edx(MOV) edx(MOV) ,rflags ,TEST,2,MOV,6,NOP,4,JMP,5,MOV,3,CMP,7,JBE,2,CMP,6,JNBE,2,AND,4,0,1,0,0,0,AND,0,0,1,0,0,0,JBE,0,0,5074632,5074688,5074642,0,0,0,0,cpp,2.7470079560156117e-10,0.0,0,0,0
0x4d6eac,JZ,53906230,53906230,14,2,0x4d6ea5,TEST,1,Leaf,al(-1) ,rflags ,MOV,5,TEST,2,JNZ,2,TEST,2,LEA,4,MOV,3,AND,6,MOV,3,XOR,2,MOV,3,0,1,1,0,0,JMP,0,0,1,0,0,0,MOV,0,0,5074597,5074618,5074606,0,0,0,0,cpp,0.0002553117977393,1.0,1,0,1
0x4d6ea3,JNZ,53906288,58,37,2,0x4d6ea1,TEST,1,Leaf,al(MOV) ,rflags ,TEST,2,LEA,4,MOV,4,JZ,6,TEST,3,TEST,2,MOV,5,JZ,2,MOV,3,AND,6,0,1,0,0,0,JNE,0,0,1,0,0,0,JE,0,0,5074585,5074632,5074597,0,0,0,0,cpp,0.0002553120724401,1.0759412705248783e-06,0,0,0
0x4d6e93,JZ,55127490,1221202,173,6,0x4d6e90,TEST,1,Leaf,rdi(-1) rdi(-1) ,rflags ,TEST,3,JNZ,6,TEST,3,MOV,7,INVALID,0,MOV,4,LEA,4,TEST,2,JNZ,2,TEST,2,0,1,0,0,0,REPZ RET,0,0,1,0,0,0,JNE,0,0,5074576,5074752,5074585,0,0,0,0,cpp,0.0002610959545261,0.0221523236410727,0,0,0
0x4d6b1b,JNZ,53906303,53906303,-90,2,0x4d6b18,TEST,1,NonLeaf,rax(-1) rax(-1) ,rflags ,TEST,3,NOP,3,JMP,2,JNZ,6,CMPXCHG,3,NOP,1,MOV,3,MOV,3,CALL_NEAR,5,MOV,3,0,0,1,0,0,JE,0,0,1,0,0,0,CALL,0,1,5073688,5073601,5073693,0,0,0,1,cpp,0.0002553121434834,1.0,1,0,1
0x4d6b0d,JNZ,53906303,0,11933,6,0x4d6b0a,CMPXCHG,1,NonLeaf,rbx(-1) esi(-1) eax(CMPXCHG) ,eax rflags ,CMPXCHG,3,JMP,2,JNZ,6,CMPXCHG_LOCK,4,JZ,2,JMP,2,NOP,3,TEST,3,JNZ,2,NOP,1,0,-1,-1,-1,-1,CALL,-1,1,0,1,0,0,JMP,0,0,5073674,5085610,5073683,0,0,1,0,cpp,0.0002553121434834,0.0,0,0,0
0x4d6afc,JZ,53906303,53906303,14,2,0x4d6af5,CMP,1,NonLeaf,rip(JZ) ,rflags ,CMP,7,MOV,5,NOP,4,RET_NEAR,1,POP,1,CMPXCHG_LOCK,4,JNZ,6,JMP,2,CMPXCHG,3,JNZ,6,0,1,0,0,0,JNE,0,0,1,0,0,0,JNE,0,0,5073648,5073674,5073662,0,0,1,0,cpp,0.0002553121434834,1.0,1,0,1
0x4d6adc,JNZ,53906303,0,11955,6,0x4d6ada,DEC,1,NonLeaf,rbx(-1) ,rflags ,DEC,2,JMP,2,JNZ,6,DEC_LOCK,3,JZ,2,ADD,4,MOV,3,POP,1,POP,1,RET_NEAR,1,0,-1,-1,-1,-1,CALL,-1,1,0,1,0,0,RET,0,0,5073626,5085583,5073634,0,0,1,0,cpp,0.0002553121434834,0.0,0,0,0
0x4d6acd,JZ,53906303,53906303,13,2,0x4d6ac6,CMP,1,NonLeaf,rip(JZ) ,rflags ,CMP,7,JZ,2,TEST,3,JNZ,2,MOV,3,DEC_LOCK,3,JNZ,6,JMP,2,DEC,2,JNZ,6,0,1,0,0,0,JNE,0,0,1,0,0,0,JNE,0,0,5073606,5073626,5073615,0,0,1,0,cpp,0.0002553121434834,1.0,1,0,1
0x4d6ac4,JZ,53906303,0,30,2,0x4d6ac1,TEST,1,NonLeaf,rbx(-1) rbx(-1) ,rflags ,TEST,3,JNZ,2,MOV,3,TEST,3,CALL_NEAR,5,CMP,7,JZ,2,DEC_LOCK,3,JNZ,6,JMP,2,0,1,1,0,0,RET,0,0,1,0,0,0,JE,0,0,5073601,5073634,5073606,0,0,0,0,cpp,0.0002553121434834,0.0,0,0,0
0x4d6abf,JNZ,53906303,53906303,89,2,0x4d6ab9,TEST,1,NonLeaf,rbx(-1) rbx(-1) ,rflags ,MOV,3,TEST,3,CALL_NEAR,5,MOV,3,MOV,3,TEST,3,JZ,2,CMP,7,JZ,2,DEC_LOCK,3,0,1,0,0,0,JNE,0,0,1,1,0,0,JE,0,0,5073593,5073688,5073601,0,0,0,0,cpp,0.0002553121434834,1.0,1,0,1
0x4d6a83,JNZ,53906303,0,185,6,0x4d6a80,TEST,1,NonLeaf,rax(MOV) rax(MOV) ,rflags ,TEST,3,MOV,7,SUB,4,PUSH,1,MOV,3,MOV,7,MOV,4,TEST,3,JZ,2,MOV,3,0,1,0,0,0,JMP,0,0,1,0,0,0,JE,0,0,5073520,5073724,5073545,0,0,0,0,cpp,0.0002553121434834,0.0,0,0,0
0x5122f1,JZ,1,0,68,2,0x5122ee,TEST,1,NonLeaf,rax(MOV) rax(MOV) ,rflags ,TEST,3,MOV,7,MOV,7,CALL_NEAR,5,JZ,2,MOV,7,TEST,3,JZ,2,CMP,6,JZ,6,0,1,0,0,0,RET,0,0,1,0,0,0,JE,0,0,5317351,5317429,5317363,0,0,0,0,cpp,4.736220613820021e-12,0.0,0,0,0
0x5121fa,JZ,1,1,406,6,0x5121f0,TEST,1,NonLeaf,rax(-1) rax(-1) ,rflags ,MOV,7,TEST,3,CALL_NEAR,5,MOV,6,SETZ,3,CMP,3,JZ,6,CALL_NEAR,5,MOV,6,TEST,2,0,1,0,0,0,JMP,0,0,1,0,0,0,JE,0,0,5317104,5317520,5317120,0,0,1,0,cpp,4.736220613820021e-12,1.0,1,0,1
0x511e7b,JBE,1,1,1389,6,0x511e78,CMP,1,NonLeaf,ecx(SAR) ,rflags ,CMP,3,SAR,2,LEA,3,JBE,2,CMP,4,MOV,3,SUB,2,MOV,4,ADD,4,MOV,3,0,1,0,0,0,JBE,0,0,1,0,0,0,JNE,0,0,5316211,5317608,5316225,0,0,0,1,cpp,4.736220613820021e-12,1.0,1,0,1
0x51183b,JZ,1,0,29,2,0x511837,ADD,1,Leaf,eax(ADD) rsp(-1) ,eax rflags ,ADD,4,MOV,7,NOP,2,JMP,2,XOR,2,OR,10,ADD,3,AND,3,MOV,7,NOP,4,0,0,1,0,0,RET,0,0,1,0,0,0,NOP,0,0,5314608,5314648,5314621,1,1,1,1,cpp,4.736220613820021e-12,0.0,0,0,0
0x4d42da,JZ,1796879,0,31,2,0x4d42d4,CMP,1,NonLeaf,r12(-1) ,rflags ,CMP,6,JNZ,2,CMP,4,MOV,4,JNZ,2,MOV,4,MOV,4,MOV,4,MOV,4,JMP,5,0,1,0,0,0,JE,0,0,1,0,0,0,JMP,0,0,5063380,5063417,5063388,0,0,0,1,cpp,8.510415360340304e-06,0.0,0,0,0
0x4d42d2,JNZ,1796879,0,79,2,0x4d42ce,CMP,1,NonLeaf,r13(-1) rdx(MOV) ,rflags ,CMP,4,MOV,4,JNZ,2,CMP,4,JMP,5,CMP,6,JZ,2,MOV,4,MOV,4,MOV,4,0,0,0,0,0,CALL,0,1,0,1,0,0,JE,0,0,5063370,5063457,5063380,0,0,1,0,cpp,8.510415360340304e-06,0.0,0,0,0
0x4d42c8,JNZ,1796879,0,89,2,0x4d42c4,CMP,1,NonLeaf,r13(-1) rax(-1) ,rflags ,CMP,4,JMP,5,AND,4,MOV,3,MOV,3,MOV,4,CMP,4,JNZ,2,CMP,6,JZ,2,0,1,0,0,0,CALL,0,1,1,0,0,0,JNE,0,0,5063364,5063457,5063370,0,0,1,0,cpp,8.510415360340304e-06,0.0,0,0,0
0x4d415e,JZ,11343571,0,170,6,0x4d4159,CMP,1,NonLeaf,rax(-1) ,rflags ,CMP,5,JNZ,6,CMP,4,MOV,4,JNZ,6,MOV,4,MOV,4,MOV,4,MOV,4,JMP,5,0,1,0,0,0,JE,0,0,1,0,0,0,JMP,0,0,5063001,5063176,5063012,0,0,0,1,cpp,5.372565480453098e-05,0.0,0,0,0
0x4d4153,JNZ,11343571,0,219,6,0x4d414f,CMP,1,NonLeaf,r13(-1) rcx(MOV) ,rflags ,CMP,4,MOV,4,JNZ,6,CMP,4,JMP,5,CMP,5,JZ,6,MOV,4,MOV,4,MOV,4,0,0,0,0,0,CALL,0,1,0,1,0,0,JE,0,0,5062987,5063214,5063001,0,0,1,0,cpp,5.372565480453098e-05,0.0,0,0,0
0x4d4145,JNZ,11343571,0,233,6,0x4d4141,CMP,1,NonLeaf,r13(-1) rdx(-1) ,rflags ,CMP,4,JMP,5,MOV,4,CALL_NEAR,5,MOV,4,MOV,4,CMP,4,JNZ,6,CMP,5,JZ,6,0,1,0,0,0,CALL,0,1,1,0,0,0,JNE,0,0,5062977,5063214,5062987,0,0,1,0,cpp,5.372565480453098e-05,0.0,0,0,0
0x4d3ed3,JBE,288445,285636,18,2,0x4d3ebb,CMP,1,NonLeaf,rsp(-1) ,rflags ,MOV,4,MOV,4,MOV,4,MOV,4,CMP,8,MOV,8,MOV,8,MOV,4,XOR,2,CMP,7,0,1,1,0,0,JMP,0,0,1,0,0,0,MOV,0,0,5062331,5062373,5062357,0,0,1,1,cpp,1.3661391549533158e-06,0.9902615749969664,1,0,1
0x4d3eb5,JNZ,288445,0,384,6,0x4d3eb1,CMP,1,NonLeaf,rdx(MOV) r15(-1) ,rflags ,CMP,4,LEA,5,MOV,4,NOP,3,JMP,2,CMP,8,MOV,4,MOV,4,MOV,4,MOV,4,0,1,0,0,0,MOV,0,0,1,0,0,0,JBE,0,0,5062312,5062709,5062331,0,0,0,1,cpp,1.3661391549533158e-06,0.0,0,0,0
0x4d3e9d,JZ,132609,132609,-1435,6,0x4d3e9b,TEST,1,NonLeaf,eax(MOV) eax(MOV) ,rflags ,TEST,2,MOV,6,MOV,4,MOV,4,MOV,4,JMP,2,NOP,3,MOV,4,LEA,5,CMP,4,0,0,0,0,0,JMP,0,0,1,0,0,0,JMP,0,0,5062293,5060866,5062307,0,0,0,0,cpp,6.280654793780591e-07,1.0,1,0,1
0x4d3e44,JZ,201,201,-1346,6,0x4d3e42,TEST,1,NonLeaf,eax(MOV) eax(MOV) ,rflags ,TEST,2,MOV,4,MOV,6,JZ,6,MOV,3,XOR,2,MOV,3,MOV,3,MOV,2,CALL_NEAR,5,0,0,0,0,0,JMP,0,0,0,0,0,0,CALL,0,1,5062200,5060866,5062218,0,1,0,1,cpp,9.51980343377824e-10,1.0,1,0,1
0x4d3e32,JZ,201,0,607,6,0x4d3e2c,TEST,1,NonLeaf,rax(-1) rax(-1) ,rflags ,MOV,3,TEST,3,CALL_NEAR,5,MOV,4,MOV,3,MOV,6,MOV,4,TEST,2,JZ,6,XOR,2,0,0,0,0,0,JMP,0,0,1,0,0,0,JE,0,0,5062188,5062801,5062200,0,0,0,0,cpp,9.51980343377824e-10,0.0,0,0,0
0x4d3d24,JBE,18900827,8686512,18,2,0x4d3d1d,CMP,1,NonLeaf,rbx(-1) ,rflags ,CMP,7,MOV,4,JNBE,2,MOV,4,MOV,4,MOV,8,MOV,8,XOR,2,CMP,7,SETNZ,3,0,1,1,0,0,JMP,0,0,1,0,0,0,MOV,0,0,5061917,5061942,5061926,0,0,1,1,cpp,8.951848645564602e-05,0.459583699697373,0,0,0
0x4d3d17,JNBE,18900827,8393486,6,2,0x4d3d00,CMP,1,NonLeaf,r14(-1) ,rflags ,MOV,4,MOV,4,MOV,4,MOV,4,CMP,7,MOV,4,CMP,7,JBE,2,MOV,8,MOV,8,0,1,1,0,0,JBE,0,0,1,0,0,0,MOV,0,0,5061888,5061917,5061913,0,0,0,1,cpp,8.951848645564602e-05,0.4440803569071342,0,0,0
0x4d3cfa,JNZ,18900827,0,949,6,0x4d3cf6,CMP,1,NonLeaf,rdx(MOV) r15(-1) ,rflags ,CMP,4,LEA,5,MOV,4,JMP,5,MOV,5,CMP,7,MOV,4,MOV,4,MOV,4,MOV,4,0,1,0,0,0,JMP,0,0,1,0,0,0,JA,0,0,5061869,5062831,5061888,0,0,0,1,cpp,8.951848645564602e-05,0.0,0,0,0
0x4d3cd3,JNZ,712786,0,-1838,6,0x4d3ccc,CMP,1,NonLeaf,rbp(-1) ,rflags ,CMP,7,OR,6,JNBE,2,CMP,4,JNZ,6,JMP,5,MOV,5,MOV,5,JMP,5,MOV,4,0,0,0,0,0,OR,0,0,1,0,0,0,JMP,0,0,5061830,5060005,5061849,0,0,1,0,cpp,3.375911746442317e-06,0.0,0,0,0
0x4d3cc4,JNBE,19613613,18900827,41,2,0x4d3cc0,CMP,1,NonLeaf,rbx(-1) ,rflags ,CMP,4,JNZ,6,TEST,3,MOV,4,JBE,2,OR,6,CMP,7,JNZ,6,JMP,5,MOV,5,0,1,0,0,0,JNE,0,0,1,0,0,0,JNE,0,0,5061824,5061869,5061830,0,0,0,1,cpp,9.289439820208834e-05,0.9636586079270556,1,0,1
0x4d3cba,JNZ,13375906,11343571,1159,6,0x4d3cb7,TEST,1,NonLeaf,rdx(MOV) rdx(MOV) ,rflags ,TEST,3,MOV,4,JBE,2,MOV,4,MOV,4,CMP,4,JNBE,2,OR,6,CMP,7,JNZ,6,0,1,0,0,0,JNE,0,0,0,1,0,0,JA,0,0,5061811,5062977,5061824,0,0,0,0,cpp,6.335124172571889e-05,0.8480600117853699,1,0,1
0x4d3cb1,JBE,19613613,6237707,15,2,0x4d3ca1,CMP,1,NonLeaf,r13(-1) ,rflags ,MOV,4,MOV,4,CMP,8,JNZ,6,CMP,4,MOV,4,TEST,3,JNZ,6,CMP,4,JNBE,2,0,0,1,0,0,JA,0,0,1,0,0,0,JNE,0,0,5061793,5061824,5061811,0,0,0,0,cpp,9.289439820208834e-05,0.3180294726932768,0,0,0
0x4d3c9b,JNZ,19613613,0,1051,6,0x4d3c97,CMP,1,NonLeaf,r13(-1) rdx(-1) ,rflags ,CMP,4,JNZ,6,CMP,4,MOV,4,MOV,4,CMP,8,MOV,4,MOV,4,JBE,2,MOV,4,0,0,0,0,0,JE,0,0,1,0,0,0,JBE,0,0,5061783,5062838,5061793,0,0,1,1,cpp,9.289439820208834e-05,0.0,0,0,0
0x4d3c91,JNZ,19613613,0,1061,6,0x4d3c8d,CMP,1,NonLeaf,r13(-1) rax(MOV) ,rflags ,CMP,4,MOV,4,MOV,4,JNZ,6,CMP,4,CMP,4,JNZ,6,CMP,8,MOV,4,MOV,4,0,1,0,0,0,JE,0,0,1,0,0,0,JNE,0,0,5061765,5062838,5061783,0,0,1,0,cpp,9.289439820208834e-05,0.0,0,0,0
0x4d3c7f,JNZ,19613613,0,1183,6,0x4d3c7b,CMP,1,NonLeaf,rax(AND) r12(LEA) ,rflags ,CMP,4,SUB,3,MOV,3,LEA,5,AND,4,MOV,4,MOV,4,CMP,4,JNZ,6,CMP,4,0,1,0,0,0,CALL,0,1,1,1,0,0,JNE,0,0,5061733,5062942,5061765,0,0,1,0,cpp,9.289439820208834e-05,0.0,0,0,0
0x4d3c30,JNBE,23322,22488,340,6,0x4d3c2c,CMP,1,NonLeaf,r10(SHR) ,rflags ,CMP,4,SHR,4,MOV,3,JBE,2,CMP,4,ADD,4,JMP,5,MOV,2,MOV,2,SHL,3,0,1,0,0,0,JMP,0,0,1,0,0,0,JMP,0,0,5061669,5062020,5061686,0,1,0,0,cpp,1.1045813715551053e-07,0.964239773604322,1,0,1
0x4d3c23,JBE,25339,2017,57,2,0x4d3c1f,CMP,1,NonLeaf,r10(SHR) ,rflags ,CMP,4,SHR,4,MOV,3,RET_NEAR,1,XOR,2,MOV,3,SHR,4,CMP,4,JNBE,6,ADD,4,0,1,0,0,0,JMP,0,0,1,0,0,0,JA,0,0,5061656,5061724,5061669,1,0,0,0,cpp,1.2001109413358549e-07,0.0796006156517621,0,0,0
0x4d3bc6,JNBE,2107157,288445,738,6,0x4d3bc1,CMP,1,NonLeaf,rsp(-1) ,rflags ,CMP,5,JNZ,6,TEST,3,MOV,4,JBE,2,OR,6,CMP,7,JNZ,6,JMP,5,NOP,4,0,1,0,0,0,JNE,0,0,1,0,0,0,JNE,0,0,5061569,5062312,5061580,0,0,0,1,cpp,9.979960419955152e-06,0.1368882337671089,0,0,0
0x4d3bbb,JNZ,2107157,1796879,1801,6,0x4d3bb8,TEST,1,NonLeaf,rax(MOV) rax(MOV) ,rflags ,TEST,3,MOV,4,JBE,2,MOV,4,MOV,5,CMP,5,JNBE,6,OR,6,CMP,7,JNZ,6,0,1,0,0,0,JNE,0,0,0,1,0,0,JA,0,0,5061556,5063364,5061569,0,0,0,0,cpp,9.979960419955152e-06,0.8527504120480819,1,0,1
0x4d3bb2,JBE,2107157,0,15,2,0x4d3ba1,CMP,1,NonLeaf,r13(-1) ,rflags ,MOV,4,MOV,5,CMP,8,JNZ,6,CMP,4,MOV,4,TEST,3,JNZ,6,CMP,5,JNBE,6,0,0,1,0,0,JA,0,0,1,0,0,0,JNE,0,0,5061537,5061569,5061556,0,0,0,0,cpp,9.979960419955152e-06,0.0,0,0,0
0x4d3b9b,JNZ,2107157,0,1502,6,0x4d3b97,CMP,1,NonLeaf,r13(-1) rax(-1) ,rflags ,CMP,4,JNZ,6,CMP,5,MOV,4,MOV,4,CMP,8,MOV,5,MOV,4,JBE,2,MOV,4,0,0,0,0,0,JE,0,0,1,0,0,0,JBE,0,0,5061527,5063033,5061537,0,0,1,1,cpp,9.979960419955152e-06,0.0,0,0,0
0x4d3b91,JNZ,2107157,0,1512,6,0x4d3b8c,CMP,1,NonLeaf,r13(-1) r12(MOV) ,rflags ,CMP,5,MOV,4,MOV,4,JNZ,6,MOV,4,CMP,4,JNZ,6,CMP,8,MOV,5,MOV,4,0,1,0,0,0,JE,0,0,1,0,0,0,JNE,0,0,5061508,5063033,5061527,0,0,1,0,cpp,9.979960419955152e-06,0.0,0,0,0
0x4d3b69,JZ,753111,310278,1868,6,0x4d3b65,CMP,1,NonLeaf,rdx(-1) rcx(MOV) ,rflags ,CMP,4,MOV,3,MOV,4,JZ,6,CMP,4,MOV,3,SUB,3,CMP,5,MOV,4,JNZ,6,0,1,0,0,0,JMP,0,0,0,1,0,0,JNE,0,0,5061470,5063349,5061487,0,0,0,1,cpp,3.566899842694609e-06,0.4119950445551851,0,0,0
0x4d3b58,JZ,2107157,1354046,1945,6,0x4d3b54,CMP,1,NonLeaf,rax(-1) r13(-1) ,rflags ,CMP,4,JNBE,2,CMP,3,AND,4,MOV,3,MOV,4,MOV,3,CMP,4,JZ,6,MOV,3,0,1,0,0,0,JMP,0,0,1,0,0,0,JE,0,0,5061460,5063409,5061470,0,0,0,0,cpp,9.979960419955152e-06,0.6425937886925369,1,0,1
0x4d3b52,JNBE,4827302,2720145,-18,2,0x4d3b4f,CMP,1,NonLeaf,r14(-1) rbx(AND) ,rflags ,CMP,3,AND,4,MOV,3,MOV,4,MOV,4,CMP,4,JZ,6,MOV,4,MOV,3,CMP,4,1,1,0,0,0,MOV,0,0,1,1,0,0,JE,1,0,5061444,5061440,5061460,0,0,0,0,cpp,2.286316724153461e-05,0.5634917807089758,1,0,1
0x4d3b2b,JNBE,2880703,773546,-478,6,0x4d3b27,CMP,1,NonLeaf,r14(-1) rdx(-1) ,rflags ,CMP,4,JZ,6,CMP,3,MOV,4,LEA,5,MOV,3,MOV,4,JMP,2,NOP,6,MOV,4,0,0,0,0,0,SHL,0,0,1,0,0,0,JMP,1,0,5061415,5060941,5061425,0,0,0,0,cpp,1.3643644930893174e-05,0.2685268144616088,0,0,0
0x4d3b21,JZ,10623441,7742738,-468,6,0x4d3b1e,CMP,1,NonLeaf,rdx(MOV) rax(LEA) ,rflags ,CMP,3,MOV,4,LEA,5,LEA,5,NOP,10,CMP,4,JNBE,6,MOV,3,MOV,4,JMP,2,0,0,0,0,0,SHL,0,0,1,0,0,0,JA,0,0,5061392,5060941,5061415,0,0,0,0,cpp,5.0314960253900775e-05,0.7288352239166198,1,0,1
0x4d3af6,JZ,5474633,5474633,-1356,6,0x4d3af3,CMP,1,NonLeaf,r8d(-1) eax(SUB) ,rflags ,CMP,3,SUB,3,SHR,3,MOV,4,JMP,5,MOV,5,JMP,5,NOP,10,LEA,5,LEA,5,0,0,0,0,0,JNE,0,0,1,0,0,0,JMP,0,0,5061353,5060010,5061372,0,0,0,0,cpp,2.592906966769934e-05,1.0,1,0,1
0x4d3ac8,JZ,3901424,3901424,7,2,0x4d3abe,CMP,1,NonLeaf,rbp(-1) ,rflags ,MOV,3,CMP,7,OR,6,JMP,5,LEA,7,OR,5,MOV,6,ADD,4,TEST,2,JNZ,6,0,1,1,0,0,JNE,0,0,1,0,0,0,OR,0,0,5061304,5061327,5061322,0,0,0,1,cpp,1.847800477205216e-05,1.0,1,0,1
0x4d3aa3,JNBE,512908,348307,325,6,0x4d3a9f,CMP,1,NonLeaf,rax(SHR) ,rflags ,CMP,4,SHR,4,MOV,3,NOP,7,JMP,5,LEA,3,LEA,7,JMP,5,OR,6,CMP,7,0,1,0,0,0,JMP,0,0,1,0,0,0,JMP,0,0,5061272,5061608,5061289,0,1,0,0,cpp,2.429245442593199e-06,0.6790827984745802,1,0,1
0x4d3a71,JNZ,27248973,19613613,500,6,0x4d3a6e,CMP,1,NonLeaf,r13(MOV) rdx(-1) ,rflags ,CMP,3,MOV,4,JZ,2,TEST,2,ADD,2,MOV,2,ADD,4,ADD,2,NOT,2,AND,2,0,1,0,0,0,JNE,1,0,1,0,0,0,JMP,0,0,5061226,5061733,5061239,0,1,0,1,cpp,0.000129057147628,0.719792742280599,1,0,1
0x4d3a68,JZ,251531737,224282764,-8,2,0x4d3a66,TEST,1,NonLeaf,esi(-1) eax(ADD) ,rflags ,TEST,2,ADD,2,ADD,4,NOP,8,JMP,5,MOV,4,CMP,3,JNZ,6,MOV,2,ADD,4,1,1,0,0,0,ADD,0,0,1,1,0,0,JNE,1,0,5061222,5061216,5061226,1,0,0,0,cpp,0.0011913097978093,0.8916678534287703,1,1,1
0x4d39f7,JBE,1,1,-856,6,0x4d39eb,CMP,1,NonLeaf,r14(-1) ,rflags ,MOV,5,CMP,7,CALL_NEAR,5,MOV,3,JNZ,6,CMP,6,MOV,5,JBE,6,CMP,6,MOV,5,0,0,1,1,1,JMP,0,0,1,0,0,0,JBE,0,0,5061099,5060255,5061117,0,0,0,0,cpp,4.736220613820021e-12,1.0,1,0,1
0x4d39dd,JNZ,202,201,1088,6,0x4d39d9,TEST,1,NonLeaf,rbp(-1) ,rflags ,TEST,4,JNB,6,CMP,3,AND,4,MOV,4,MOV,3,CALL_NEAR,5,CMP,7,MOV,5,JBE,6,0,1,0,0,0,CALL,1,1,1,0,0,0,CALL,0,1,5061081,5062173,5061091,0,0,1,1,cpp,9.567165639916442e-10,0.995049504950495,1,0,1
0x4d39d3,JNB,132811,132609,1165,6,0x4d39d0,CMP,1,NonLeaf,rax(AND) rcx(LEA) ,rflags ,CMP,3,AND,4,MOV,4,LEA,4,MOV,4,TEST,4,JNZ,6,MOV,3,CALL_NEAR,5,CMP,7,0,1,0,0,0,MOV,1,0,1,0,0,0,JNE,0,0,5061056,5062240,5061081,1,0,1,0,cpp,6.290221959420507e-07,0.9984790416456468,1,0,1
0x4d39ba,JNZ,753276,718360,804,6,0x4d39b8,TEST,1,NonLeaf,esi(MOV) esi(MOV) ,rflags ,TEST,2,MOV,6,JZ,2,CMP,3,JNZ,6,MOV,4,LEA,4,MOV,4,AND,4,CMP,3,0,1,0,0,0,JMP,0,0,0,0,0,0,JAE,1,0,5061042,5061854,5061056,0,0,0,0,cpp,3.56768131909589e-06,0.9536477997440512,1,0,1
0x4d39b0,JZ,773324,20048,16,2,0x4d39ad,CMP,1,NonLeaf,edi(-1) ,rflags ,CMP,3,JNZ,6,TEST,2,MOV,7,MOV,2,MOV,6,TEST,2,JNZ,6,MOV,4,LEA,4,0,0,0,0,0,JAE,1,0,1,0,0,0,JNE,0,0,5061037,5061056,5061042,0,0,0,0,cpp,3.662633069961753e-06,0.0259244508123373,0,0,0
0x4d39a7,JNZ,2754114,1980790,664,6,0x4d39a5,TEST,1,NonLeaf,esi(MOV) esi(MOV) ,rflags ,TEST,2,MOV,7,MOV,2,JZ,2,CMP,3,CMP,3,JZ,2,MOV,6,TEST,2,JNZ,6,0,0,0,0,0,SUB,0,0,1,0,0,0,JE,0,0,5061020,5061695,5061037,0,0,0,0,cpp,1.3044091499610312e-05,0.7192113325737424,1,0,1
0x4d399a,JZ,2814398,60284,38,2,0x4d3997,CMP,1,NonLeaf,eax(LEA) ,rflags ,CMP,3,LEA,3,JNZ,6,TEST,2,MOV,7,MOV,2,MOV,7,TEST,2,JNZ,6,CMP,3,0,0,0,0,0,JAE,1,0,1,0,0,0,JNE,0,0,5061012,5061056,5061020,0,0,0,0,cpp,1.3329609823093838e-05,0.0214198560402615,0,0,0
0x4d3981,JNBE,12611695,17563,63,2,0x4d397e,CMP,1,NonLeaf,eax(LEA) ,rflags ,CMP,3,LEA,3,JBE,6,CMP,2,JZ,2,MOV,2,MOV,7,TEST,2,JNZ,6,LEA,3,0,1,0,0,0,JAE,1,0,1,0,0,0,JNE,0,0,5060987,5061056,5060995,0,0,0,0,cpp,5.973176983421088e-05,0.0013925963163555,0,0,0
0x4d3975,JBE,27238991,14770089,241,6,0x4d3973,CMP,1,NonLeaf,eax(-1) esi(-1) ,rflags ,CMP,2,JZ,2,TEST,2,SHL,2,MOV,5,LEA,3,CMP,3,JNBE,2,MOV,2,MOV,7,0,0,0,1,0,JE,0,0,0,0,0,0,JA,0,0,5060979,5061222,5060987,0,0,0,0,cpp,0.0001290098706738,0.5422406799135842,1,0,1
0x4d3971,JZ,27381784,142793,10,2,0x4d396f,TEST,1,NonLeaf,eax(-1) eax(-1) ,rflags ,TEST,2,SHL,2,MOV,5,MOV,7,MOV,2,CMP,2,JBE,6,LEA,3,CMP,3,JNBE,2,1,1,0,0,0,JA,0,0,1,0,0,0,JBE,0,0,5060975,5060987,5060979,0,0,0,0,cpp,0.0001296861698239,0.0052148903080967,0,0,0
0x4d3947,JNBE,21853581,10623441,457,6,0x4d3940,CMP,1,NonLeaf,r14(-1) ,rflags ,CMP,7,NOP,7,JMP,5,MOV,4,JMP,5,LEA,4,LEA,4,MOV,2,LEA,5,SHR,3,0,1,0,0,0,JE,0,0,1,0,0,0,SHL,0,0,5060928,5061392,5060941,0,0,0,0,cpp,0.0001035033808179,0.4861190026476668,0,0,0
0x4d391b,JNBE,1103565,512908,381,6,0x4d3917,CMP,1,NonLeaf,rax(SHR) ,rflags ,CMP,4,SHR,4,MOV,3,NOP,6,JMP,5,LEA,3,LEA,7,JMP,5,MOV,4,JMP,5,0,1,0,0,0,JA,0,0,1,0,0,0,JMP,0,0,5060880,5061272,5060897,0,1,0,0,cpp,5.2267273016902905e-06,0.4647737106559196,0,0,0
0x4d38b4,JBE,15543586,4309947,18,2,0x4d3893,CMP,1,NonLeaf,rdx(SUB) ,rflags ,MOV,4,MOV,4,MOV,3,MOV,4,MOV,4,MOV,8,MOV,8,XOR,2,CMP,7,SETNZ,3,0,1,1,0,0,JNE,0,0,1,0,0,0,MOV,0,0,5060746,5060806,5060790,0,0,1,1,cpp,7.361785242588427e-05,0.277281381529333,0,0,0
0x4d385b,JNBE,3581096,1103565,181,6,0x4d3857,CMP,1,NonLeaf,rax(SHR) ,rflags ,CMP,4,SHR,4,MOV,3,NOP,2,JMP,5,LEA,3,LEA,7,JMP,2,NOP,3,MOV,4,0,1,0,0,0,JA,0,0,1,0,0,0,JMP,0,0,5060688,5060880,5060705,0,1,0,0,cpp,1.696086069526842e-05,0.3081640369317103,0,0,0
0x4d3838,JNZ,9713587,2684077,-159,6,0x4d3835,CMP,1,NonLeaf,rax(MOV) rsi(LEA) ,rflags ,CMP,3,MOV,4,LEA,5,SHL,3,SUB,4,MOV,4,MOV,4,MOV,3,JMP,5,NOP,2,0,0,0,0,0,JAE,0,0,0,0,0,0,JMP,0,0,5060631,5060505,5060670,0,0,0,1,cpp,4.600569098353417e-05,0.2763219189780253,0,0,0
0x4d380b,JNBE,10061894,3581096,69,2,0x4d3807,CMP,1,NonLeaf,rax(SHR) ,rflags ,CMP,4,SHR,4,MOV,3,NOP,6,JMP,5,LEA,3,LEA,7,CDQE,2,MOV,6,MOV,6,0,1,0,0,0,JA,0,0,1,0,0,0,LEA,0,0,5060608,5060688,5060621,0,1,0,0,cpp,4.765534977687198e-05,0.3559067507568654,0,0,0
0x4d37d0,JZ,3991690,2929427,352,6,0x4d37cd,CMP,1,NonLeaf,rdx(-1) rcx(-1) ,rflags ,CMP,3,JB,2,CMP,3,MOV,4,MOV,4,MOV,4,MOV,4,MOV,3,MOV,4,MOV,4,0,1,0,0,0,JMP,0,0,1,0,0,0,MOV,0,0,5060557,5060912,5060566,0,0,0,1,cpp,1.890552446197924e-05,0.7338813885847849,1,0,1
0x4d37cb,JB,7566598,3574908,-11,2,0x4d37c8,CMP,1,NonLeaf,rdx(-1) rcx(MOV) ,rflags ,CMP,3,MOV,4,MOV,4,JMP,5,MOV,4,CMP,3,JZ,6,MOV,4,MOV,4,MOV,3,1,1,0,0,0,MOV,0,0,1,1,0,0,JE,1,0,5060548,5060544,5060557,0,0,0,0,cpp,3.583707742408934e-05,0.4724590892763168,0,0,0
0x4d37a5,JNB,5438653,3991690,31,2,0x4d37a1,CMP,1,NonLeaf,rdx(OR) rdi(MOV) ,rflags ,CMP,4,OR,4,MOV,4,JZ,6,CMP,3,MOV,4,MOV,4,MOV,4,MOV,4,MOV,4,0,1,0,1,0,JB,0,0,1,0,0,0,JMP,0,0,5060505,5060548,5060519,0,0,0,1,cpp,2.5758660450014092e-05,0.7339482772664482,1,0,1
0x4d3793,JZ,10098047,7343471,171,6,0x4d3790,CMP,1,NonLeaf,rax(MOV) rsi(LEA) ,rflags ,CMP,3,MOV,4,LEA,5,SAR,4,SUB,4,MOV,4,OR,4,CMP,4,JNB,2,MOV,4,0,0,0,0,0,JMP,0,0,0,0,0,0,JAE,0,0,5060487,5060670,5060505,0,0,1,0,cpp,4.782657836072341e-05,0.727216955912366,1,0,1
0x4d3764,JNBE,19811634,10061894,156,6,0x4d3760,CMP,1,NonLeaf,rax(SHR) ,rflags ,CMP,4,SHR,4,MOV,3,JBE,6,CMP,7,LEA,3,LEA,4,MOV,6,CDQE,2,MOV,3,0,1,0,0,0,JA,0,0,1,0,0,0,SAR,0,0,5060441,5060608,5060458,0,1,0,0,cpp,9.383226934425758e-05,0.507878047817762,1,0,1
0x4d3753,JBE,41417362,21605728,-163,6,0x4d374c,CMP,1,NonLeaf,rdx(-1) ,rflags ,CMP,7,JZ,6,MOV,4,MOV,4,CMP,3,MOV,3,SHR,4,CMP,4,JNBE,6,LEA,3,0,1,0,0,0,MOV,0,0,1,0,0,0,JA,0,0,5060428,5060272,5060441,0,0,0,0,cpp,0.0001961617636744,0.5216587188725347,1,0,1
0x4d3746,JZ,45318786,3901424,882,6,0x4d373b,CMP,1,NonLeaf,r14(-1) rdx(-1) ,rflags ,MOV,4,MOV,4,CMP,3,JZ,6,CMP,3,CMP,7,JBE,6,MOV,3,SHR,4,CMP,4,0,1,0,0,0,JE,1,0,1,0,0,0,JBE,0,0,5060411,5061304,5060428,0,0,1,0,cpp,0.0002146397684464,0.0860884490595136,0,0,0
0x4d3735,JZ,38081155,28033112,315,6,0x4d3732,CMP,1,NonLeaf,r9(-1) r15(-1) ,rflags ,CMP,3,JNBE,2,CMP,7,AND,4,JNBE,6,CMP,3,MOV,4,MOV,4,JZ,6,CMP,7,0,1,0,0,0,JNE,0,0,0,0,0,0,JE,0,0,5060402,5060720,5060411,0,0,0,1,cpp,0.000180360751309,0.7361413276461809,1,0,1
0x4d3730,JNBE,60862372,22781217,11,2,0x4d3729,CMP,1,NonLeaf,r14(-1) ,rflags ,CMP,7,AND,4,JNBE,6,CMP,7,JBE,6,CMP,3,JZ,6,CMP,3,MOV,4,MOV,4,0,1,0,0,0,JE,0,0,1,0,0,0,JE,0,0,5060389,5060411,5060402,0,0,1,0,cpp,0.0002882576208723,0.3743070841865972,0,0,0
0x4d371f,JNBE,60862372,0,1666,6,0x4d3718,CMP,1,NonLeaf,rdx(-1) rbp(-1) ,rflags ,CMP,7,JBE,6,CMP,4,MOV,4,MOV,4,AND,4,CMP,7,JNBE,2,CMP,3,JZ,6,0,0,0,0,0,JE,0,0,0,0,0,0,JA,0,0,5060376,5062049,5060389,0,1,0,0,cpp,0.0002882576208723,0.0,0,0,0
0x4d3712,JBE,60862372,0,1679,6,0x4d370e,CMP,1,NonLeaf,rdx(MOV) ,rflags ,CMP,4,MOV,4,MOV,4,JZ,6,CMP,3,CMP,7,JNBE,6,AND,4,CMP,7,JNBE,2,0,1,0,0,0,JE,0,0,1,0,0,0,JA,0,0,5060358,5062049,5060376,0,0,0,0,cpp,0.0002882576208723,0.0,0,0,0
0x4d3700,JZ,82715953,21853581,576,6,0x4d36fd,CMP,1,NonLeaf,rbx(MOV) r15(-1) ,rflags ,CMP,3,MOV,4,JZ,6,MOV,4,MOV,4,MOV,4,MOV,4,CMP,4,JBE,6,CMP,7,1,1,0,0,0,JA,1,0,1,0,0,0,JBE,0,0,5060345,5060928,5060358,0,0,0,0,cpp,0.0003917610016903,0.2642003169569962,0,0,0
0x4d36f3,JZ,41417362,0,589,6,0x4d36df,SUB,1,NonLeaf,r13d(SUB) ,r13d rflags ,MOV,4,MOV,4,MOV,4,MOV,4,SUB,4,MOV,4,CMP,3,JZ,6,MOV,4,MOV,4,0,0,0,0,0,JA,1,0,0,0,1,1,JE,0,0,5060308,5060928,5060345,0,0,0,0,cpp,0.0001961617636744,0.0,0,0,0
0x4d3602,JNZ,12252320,9138367,28,2,0x4d35fe,TEST,1,NonLeaf,rbp(-1) ,rflags ,TEST,4,ADD,4,JNBE,6,CMP,4,SHR,4,MOV,3,MOV,5,MOV,4,CALL_NEAR,5,MOV,5,0,0,1,0,0,SUB,0,0,1,0,0,0,CALL,0,1,5060094,5060126,5060100,0,0,1,1,cpp,5.8029690551119314e-05,0.7458478883999112,1,0,1
0x4d35f4,JNBE,1799337,25339,1572,6,0x4d35f0,CMP,1,NonLeaf,r10(SHR) ,rflags ,CMP,4,SHR,4,MOV,3,JBE,6,CMP,4,ADD,4,TEST,4,JNZ,2,MOV,3,MOV,5,0,1,0,0,0,JBE,0,0,1,0,0,0,ADD,0,0,5060073,5061656,5060090,0,1,0,0,cpp,8.522056990609074e-06,0.01408240924296,0,0,0
0x4d35e3,JBE,12252320,10452983,1563,6,0x4d35df,CMP,1,NonLeaf,r10(SHR) ,rflags ,CMP,4,SHR,4,MOV,3,NOP,7,RET_NEAR,1,MOV,3,SHR,4,CMP,4,JNBE,6,ADD,4,0,1,0,0,0,JMP,0,0,1,0,0,0,JA,0,0,5060056,5061630,5060073,1,0,0,0,cpp,5.8029690551119314e-05,0.8531431598260575,1,0,1
0x4d35b6,JNZ,34328483,0,3304,6,0x4d35b4,TEST,1,NonLeaf,eax(MOV) eax(MOV) ,rflags ,TEST,2,ADD,4,MOV,6,OR,5,JZ,2,MOV,3,ADD,7,POP,1,POP,1,POP,2,0,1,0,0,0,CALL,0,1,1,0,0,0,MOV,0,0,5060010,5063326,5060028,1,0,1,0,cpp,0.0001625872688257,0.0,0,0,0
0x4d35a3,JZ,7133080,7133080,7,2,0x4d3594,CMP,1,NonLeaf,rbp(-1) ,rflags ,MOV,4,MOV,4,CMP,7,OR,6,JNZ,6,OR,5,MOV,6,ADD,4,TEST,2,JNZ,6,0,0,1,0,0,JNE,0,0,0,0,0,0,OR,0,0,5059982,5060010,5060005,0,0,0,1,cpp,3.3783840536027314e-05,1.0,1,0,1
0x4d3588,JNZ,7133080,0,3340,6,0x4d3584,CMP,1,NonLeaf,r13(-1) rdx(MOV) ,rflags ,CMP,4,MOV,4,JZ,6,TEST,3,JZ,6,OR,6,CMP,7,MOV,4,MOV,4,JZ,2,0,1,0,0,0,JMP,0,0,1,0,0,0,JE,0,0,5059968,5063316,5059982,0,0,0,1,cpp,3.3783840536027314e-05,0.0,0,0,0
0x4d357a,JZ,7133080,0,2027,6,0x4d3577,TEST,1,NonLeaf,r13(-1) r13(-1) ,rflags ,TEST,3,JZ,6,CMP,3,MOV,4,LEA,5,MOV,4,CMP,4,JNZ,6,OR,6,CMP,7,0,1,0,0,0,CALL,0,1,1,0,0,0,JNE,0,0,5059959,5061989,5059968,0,0,1,0,cpp,3.3783840536027314e-05,0.0,0,0,0
0x4d3571,JZ,36179350,29046270,173,6,0x4d356e,CMP,1,NonLeaf,r13(MOV) rax(LEA) ,rflags ,CMP,3,MOV,4,LEA,5,LEA,5,SHR,4,TEST,3,JZ,6,MOV,4,CMP,4,JNZ,6,0,0,0,0,0,SUB,0,0,1,0,0,0,JE,0,0,5059929,5060126,5059959,0,0,1,0,cpp,0.0001713533832646,0.8028411234585475,1,0,1
0x4d3557,JNBE,48431670,12252320,129,2,0x4d3550,CMP,1,NonLeaf,r14(-1) ,rflags ,CMP,7,JNZ,2,TEST,3,MOV,3,JZ,6,MOV,3,SHR,4,LEA,5,LEA,5,MOV,4,0,1,0,0,0,JBE,0,0,1,0,0,0,JE,0,0,5059920,5060056,5059929,0,0,0,0,cpp,0.0002293830738157,0.2529815717690511,0,0,0
0x4d350c,JZ,5474633,5474633,3,2,0x4d3503,CMP,1,NonLeaf,fs(-1) ,rflags ,CMP,9,MOV,3,MOV,4,JZ,2,TEST,3,CMPXCHG_LOCK,6,CMP,3,MOV,3,JNZ,2,JMP,5,0,1,1,0,0,JNE,0,0,1,0,0,0,-1,0,-1,5059836,5059855,5059854,0,0,1,0,cpp,2.592906966769934e-05,1.0,1,0,1
0x4d34fa,JZ,24029929,18555296,86,2,0x4d34f7,TEST,1,NonLeaf,rcx(MOV) rcx(MOV) ,rflags ,TEST,3,LEA,4,LEA,4,MOV,5,MOV,3,MOV,4,MOV,3,CMP,9,JZ,2,CMPXCHG_LOCK,6,0,0,0,0,0,JA,0,0,1,0,0,0,JE,0,0,5059804,5059920,5059836,0,0,0,0,cpp,0.0001138110450784,0.7721743996829953,1,0,1
0x4d34da,JNBE,53906303,29876374,118,2,0x4d34d3,CMP,1,NonLeaf,r14(-1) rip(JNBE) ,rflags ,CMP,7,JZ,6,TEST,3,CMOVNB,4,CMP,4,MOV,3,SHR,4,SUB,4,MOV,3,MOV,5,0,1,0,0,0,JA,0,0,1,0,0,0,JE,0,0,5059795,5059920,5059804,0,0,0,0,cpp,0.0002553121434834,0.5542278423359881,1,0,1
0x4d34cd,JZ,53906303,0,3492,6,0x4d34ca,TEST,1,NonLeaf,rdi(-1) rdi(-1) ,rflags ,TEST,3,CMOVNB,4,CMP,4,SUB,7,PUSH,1,CMP,7,JNBE,2,MOV,3,SHR,4,SUB,4,0,1,0,0,0,CALL,0,1,1,0,0,0,JA,0,0,5059741,5063281,5059795,0,0,1,0,cpp,0.0002553121434834,0.0,0,0,0
0x4d3497,JNBE,53906303,0,1904,6,0x4d3490,CMP,1,NonLeaf,rsi(-1) ,rflags ,MOV,3,CMP,4,INVALID,0,INVALID,0,INVALID,0,PUSH,2,LEA,4,PUSH,2,MOV,3,MOV,6,0,1,0,0,0,RET,0,0,1,0,0,0,JE,0,0,5059728,5061639,5059741,0,0,1,1,cpp,0.0002553121434834,0.0,0,0,0
0x4d326e,JZ,1,1,-1156,6,0x4d325d,TEST,1,NonLeaf,r15(-1) r15(-1) ,rflags ,MOV,3,MOV,7,MOV,4,TEST,3,OR,4,SUB,4,AND,4,MOV,3,OR,4,CMP,4,0,0,1,0,0,JB,0,0,1,0,0,0,JA,0,0,5059145,5058026,5059188,0,1,0,1,cpp,4.736220613820021e-12,1.0,1,0,1
0x4d3238,JNZ,1,0,521,6,0x4d3235,TEST,1,NonLeaf,rdx(MOV) rdx(MOV) ,rflags ,TEST,3,MOV,7,JZ,6,TEST,3,CALL_NEAR,6,MOV,7,MOV,4,SUB,3,ADD,3,MOV,7,0,1,0,0,0,CALL,0,1,1,0,0,0,MOV,0,0,5059118,5059649,5059134,0,0,1,0,cpp,4.736220613820021e-12,0.0,0,0,0
0x4d3228,JZ,1,0,187,6,0x4d3225,TEST,1,NonLeaf,rax(-1) rax(-1) ,rflags ,TEST,3,CALL_NEAR,6,MOV,3,MOV,3,ADD,3,MOV,7,TEST,3,JNZ,6,MOV,7,MOV,4,0,0,0,0,0,CALL,0,1,1,0,0,0,JNE,0,0,5059109,5059299,5059118,0,0,1,0,cpp,4.736220613820021e-12,0.0,0,0,0
0x4d31ee,JZ,1,1,324,6,0x4d31eb,AND,1,NonLeaf,edx(AND) ,edx rflags ,AND,3,MOV,3,MOV,7,ADD,3,SUB,3,MOV,5,SUB,3,LEA,4,MOV,4,ADD,3,0,1,0,0,0,JMP,0,0,1,0,0,0,MOV,0,0,5059048,5059378,5059060,0,0,1,1,cpp,4.736220613820021e-12,1.0,1,0,1
0x4d31bf,JNZ,1,0,273,6,0x4d31b8,TEST,1,NonLeaf,rip(JNZ) ,rflags ,TEST,7,NOP,4,JMP,5,MOV,5,OR,4,TEST,3,SETNZ,3,CMP,3,JB,6,TEST,2,0,1,0,0,0,JE,0,0,1,0,0,0,JB,0,0,5059000,5059280,5059013,0,0,0,0,cpp,4.736220613820021e-12,0.0,0,0,0
0x4d319a,JZ,139,0,30,2,0x4d3197,TEST,1,NonLeaf,sil(-1) sil(-1) ,rflags ,TEST,3,JNZ,2,MOV,7,CMP,3,LEA,4,ADD,3,MOV,7,OR,4,MOV,5,JMP,5,0,0,0,0,0,JNE,0,0,1,0,0,0,JMP,0,0,5058967,5059000,5058972,0,0,0,1,cpp,6.583346653209827e-10,0.0,0,0,0
0x4d3195,JNZ,140,1,35,2,0x4d318b,CMP,1,NonLeaf,r8(-1) rcx(LEA) ,rflags ,MOV,7,CMP,3,LEA,4,ADD,7,MOV,3,TEST,3,JZ,2,ADD,3,MOV,7,OR,4,0,1,0,0,0,JNE,0,0,1,0,0,0,JE,0,0,5058941,5059000,5058967,0,0,0,0,cpp,6.630708859348029e-10,0.0071428571428571,0,0,0
0x4d3177,JZ,140,1,431,6,0x4d316f,CMP,1,NonLeaf,rip(JZ) ,rflags ,CMP,8,XOR,2,MOV,5,JNZ,6,TEST,3,MOV,3,ADD,7,LEA,4,CMP,3,MOV,7,0,1,0,0,0,JMP,0,0,1,1,0,0,JNE,0,0,5058927,5059366,5058941,0,0,1,1,cpp,6.630708859348029e-10,0.0071428571428571,0,0,0
0x4d3162,JNZ,140,0,763,6,0x4d315f,TEST,1,NonLeaf,rax(MOV) rax(MOV) ,rflags ,TEST,3,MOV,7,JZ,6,MOV,5,MOV,4,MOV,5,XOR,2,CMP,8,JZ,6,MOV,3,0,1,0,0,0,CALL,0,1,1,1,0,0,XOR,0,0,5058904,5059677,5058920,0,0,1,0,cpp,6.630708859348029e-10,0.0,0,0,0
0x4d3152,JZ,140,0,814,6,0x4d3146,TEST,1,NonLeaf,rax(-1) rax(-1) ,rflags ,MOV,5,MOV,4,TEST,3,NOP,1,MOV,3,MOV,7,TEST,3,JNZ,6,MOV,5,XOR,2,0,1,0,0,0,JMP,0,0,1,0,0,0,JNE,0,0,5058882,5059712,5058904,0,0,0,0,cpp,6.630708859348029e-10,0.0,0,0,0
0x4d30e2,JBE,61,0,-684,6,0x4d30d4,CMP,1,NonLeaf,r12(ADD) rip(JBE) ,rflags ,MOV,7,CMP,7,ADD,7,JNLE,6,MOV,6,MOV,7,JMP,5,NOP,4,MOV,7,MOV,7,0,0,1,0,0,ADD,0,0,1,0,0,0,JMP,0,0,5058765,5058102,5058792,0,0,0,1,cpp,2.8890945744302127e-10,0.0,0,0,0
0x4d30c7,JNLE,61,4,505,6,0x4d30bb,CMP,1,NonLeaf,edx(LEA) rip(JNLE) ,rflags ,MOV,6,CMP,6,LEA,3,MOV,4,OR,4,ADD,7,CMP,7,MOV,7,JBE,6,MOV,7,0,1,0,0,0,JMP,0,0,1,1,0,0,JBE,0,0,5058727,5059264,5058765,0,0,1,1,cpp,2.8890945744302127e-10,0.0655737704918032,0,0,0
0x4d30a1,JZ,61,0,-536,6,0x4d309d,CMP,1,NonLeaf,rax(-1) ,rflags ,CMP,4,CALL_NEAR,5,MOV,3,MOV,5,MOV,5,MOV,6,MOV,3,OR,4,MOV,4,LEA,3,0,0,0,0,0,JE,0,0,1,0,0,0,JG,0,0,5058717,5058185,5058727,0,0,0,1,cpp,2.8890945744302127e-10,0.0,0,0,0
0x4d2fb1,JNLE,140,140,383,6,0x4d2fab,TEST,1,NonLeaf,r14(AND) r14(AND) ,rflags ,MOV,3,TEST,3,AND,3,ADD,3,CMOVNZ,4,TEST,2,JZ,6,CMP,7,MOV,3,JNBE,2,0,1,0,0,0,CALL,0,1,1,0,0,0,JE,0,0,5058432,5058864,5058487,0,0,1,0,cpp,6.630708859348029e-10,1.0,1,0,1
0x4d2e83,JB,61,61,509,6,0x4d2e80,CMP,1,NonLeaf,rbp(-1) r12(AND) ,rflags ,CMP,3,AND,3,NOT,3,MOV,3,LEA,5,TEST,3,JZ,6,MOV,4,JMP,5,NOP,5,0,1,0,0,0,CALL,0,1,1,0,0,0,JE,0,0,5058162,5058688,5058185,0,0,1,0,cpp,2.8890945744302127e-10,1.0,1,0,1
0x4d2e6c,JNL,61,0,-295,6,0x4d2e66,CMP,1,NonLeaf,rip(JNL) eax(MOV) ,rflags ,CMP,6,MOV,6,NOP,7,JMP,2,MOV,7,LEA,5,MOV,3,NOT,3,AND,3,CMP,3,0,0,0,0,0,MOV,0,0,0,0,0,0,JB,0,0,5058144,5057861,5058162,0,0,1,0,cpp,2.8890945744302127e-10,0.0,0,0,0
0x4d2df1,JB,140,75,95,2,0x4d2dea,CMP,1,NonLeaf,rbx(-1) rdx(-1) ,rflags ,CMP,7,MOV,5,MOV,7,OR,4,ADD,7,MOV,4,LEA,4,AND,4,CMP,3,JB,6,0,1,0,0,0,JMP,0,0,1,1,0,0,JB,0,0,5058026,5058128,5058035,0,0,1,0,cpp,6.630708859348029e-10,0.5357142857142857,1,0,1
0x4d2d5d,JZ,140,140,547,6,0x4d2d56,CMP,1,NonLeaf,rbx(-1) ,rflags ,CMP,7,AND,4,MOV,5,MOV,4,MOV,4,MOV,3,MOV,3,SUB,3,AND,7,ADD,4,0,1,0,0,0,JG,0,0,1,0,0,0,JLE,0,0,5057865,5058432,5057891,0,0,0,0,cpp,6.630708859348029e-10,1.0,1,0,1
0x4d2d3f,JBE,201,61,289,6,0x4d2d38,CMP,1,NonLeaf,rip(JBE) rdi(-1) ,rflags ,CMP,7,JZ,6,LEA,4,TEST,3,MOV,7,MOV,4,MOV,4,MOV,5,AND,4,CMP,7,0,1,0,0,0,JGE,0,0,1,0,0,0,MOV,0,0,5057848,5058144,5057861,0,0,0,1,cpp,9.51980343377824e-10,0.3034825870646766,0,0,0
0x4d2d32,JZ,201,0,320,6,0x4d2d2b,TEST,1,NonLeaf,rsi(-1) rsi(-1) ,rflags ,LEA,4,TEST,3,MOV,7,SUB,4,MOV,3,CMP,7,JBE,6,MOV,4,MOV,4,MOV,5,0,1,0,0,0,JB,0,0,1,0,0,0,JBE,0,0,5057808,5058162,5057848,0,0,0,0,cpp,9.51980343377824e-10,0.0,0,0,0
0x4d2c4a,JB,29878041,29878041,-1835,6,0x4d2c47,CMP,1,NonLeaf,r14(-1) rax(ADD) ,rflags ,CMP,3,ADD,3,AND,4,MOV,4,JMP,5,ADD,4,MOV,6,JMP,5,ADD,4,MOV,6,0,0,0,0,0,JE,0,0,1,0,0,0,JMP,0,0,5057596,5055775,5057616,0,0,0,0,cpp,0.0001415089936847,1.0,1,1,1
0x4d2b36,JZ,722410,3354,127,2,0x4d2b31,CMP,1,NonLeaf,rax(-1) ,rflags ,CMP,5,JNZ,6,CMP,4,MOV,4,JNZ,6,MOV,4,MOV,4,MOV,4,MOV,4,JMP,5,0,1,0,0,0,JE,0,0,1,0,0,0,JMP,0,0,5057329,5057461,5057336,0,0,0,1,cpp,3.421493133629721e-06,0.0046427928738527,0,0,0
0x4d2b2b,JNZ,722410,0,176,6,0x4d2b27,CMP,1,NonLeaf,rbx(-1) rcx(MOV) ,rflags ,CMP,4,MOV,4,JNZ,6,CMP,4,JMP,5,CMP,5,JZ,2,MOV,4,MOV,4,MOV,4,0,0,0,0,0,CALL,0,1,0,1,0,0,JE,0,0,5057315,5057499,5057329,0,0,1,0,cpp,3.421493133629721e-06,0.0,0,0,0
0x4d2b1d,JNZ,722410,0,190,6,0x4d2b19,CMP,1,NonLeaf,rbx(-1) rdx(-1) ,rflags ,CMP,4,JMP,5,MOV,6,ADD,4,JMP,5,MOV,4,CMP,4,JNZ,6,CMP,5,JZ,2,0,1,0,0,0,CALL,0,1,1,0,0,0,JNE,0,0,5057305,5057499,5057315,0,0,1,0,cpp,3.421493133629721e-06,0.0,0,0,0
0x4d298f,JZ,534685,504312,84,2,0x4d298c,CMP,1,NonLeaf,r14(-1) rdx(-1) ,rflags ,CMP,3,JMP,5,MOV,4,JNZ,6,CMPXCHG,4,MOV,4,MOV,4,MOV,4,MOV,4,MOV,4,0,1,0,0,0,JMP,0,0,1,0,0,0,JMP,0,0,5056908,5056995,5056913,0,1,1,1,cpp,2.5323861189003574e-06,0.9431945912079076,1,0,1
0x4d290d,JZ,3509624,534685,127,2,0x4d2908,CMP,1,NonLeaf,rax(-1) ,rflags ,CMP,5,JNZ,6,CMP,4,MOV,4,JNZ,6,MOV,4,MOV,4,MOV,4,MOV,4,JMP,5,0,1,0,0,0,JE,0,0,1,0,0,0,JMP,0,0,5056776,5056908,5056783,0,0,0,1,cpp,1.6622353535557476e-05,0.1523482287561288,0,0,0
0x4d2902,JNZ,3509624,0,176,6,0x4d28fe,CMP,1,NonLeaf,r14(-1) rcx(MOV) ,rflags ,CMP,4,MOV,4,JNZ,6,CMP,4,CALL_NEAR,5,CMP,5,JZ,2,MOV,4,MOV,4,MOV,4,0,0,0,0,0,CALL,0,1,0,1,0,0,JE,0,0,5056762,5056946,5056776,0,0,1,0,cpp,1.6622353535557476e-05,0.0,0,0,0
0x4d28f4,JNZ,3509624,0,190,6,0x4d28f0,CMP,1,NonLeaf,r14(-1) rdx(-1) ,rflags ,CMP,4,CALL_NEAR,5,JMP,5,CALL_NEAR,5,XOR,2,MOV,4,CMP,4,JNZ,6,CMP,5,JZ,2,0,1,0,0,0,CALL,0,1,1,0,0,0,JNE,0,0,5056752,5056946,5056762,0,0,1,0,cpp,1.6622353535557476e-05,0.0,0,0,0
0x4d2707,JNZ,7866011,3509624,489,6,0x4d2704,TEST,1,NonLeaf,rdx(MOV) rdx(MOV) ,rflags ,TEST,3,MOV,4,JBE,2,MOV,4,MOV,4,ADD,3,JMP,5,NOP,3,MOV,3,MOV,3,0,0,0,0,0,JNE,0,0,0,1,0,0,JMP,0,0,5056256,5056752,5056269,0,0,0,0,cpp,3.725516344673503e-05,0.4461758316890225,0,0,0
0x4d26fe,JBE,16987730,9121719,15,2,0x4d26ee,CMP,1,NonLeaf,r14(-1) ,rflags ,MOV,4,MOV,4,CMP,8,JNZ,6,CMP,4,MOV,4,TEST,3,JNZ,6,ADD,3,JMP,5,0,0,1,0,0,JMP,0,0,1,0,0,0,JNE,0,0,5056238,5056269,5056256,0,0,0,0,cpp,8.045763700800878e-05,0.5369592641276969,1,0,1
0x4d26e8,JNZ,16987730,0,572,6,0x4d26e4,CMP,1,NonLeaf,r14(-1) rdx(-1) ,rflags ,CMP,4,JNZ,6,CMP,4,MOV,4,MOV,4,CMP,8,MOV,4,MOV,4,JBE,2,MOV,4,0,0,0,0,0,JE,0,0,1,0,0,0,JBE,0,0,5056228,5056804,5056238,0,0,1,1,cpp,8.045763700800878e-05,0.0,0,0,0
0x4d26de,JNZ,16987730,0,582,6,0x4d26da,CMP,1,NonLeaf,r14(-1) rax(MOV) ,rflags ,CMP,4,MOV,4,MOV,4,JNZ,6,CMP,4,CMP,4,JNZ,6,CMP,8,MOV,4,MOV,4,0,1,0,0,0,JE,0,0,1,0,0,0,JNE,0,0,5056210,5056804,5056228,0,0,1,0,cpp,8.045763700800878e-05,0.0,0,0,0
0x4d26cc,JNZ,16987730,0,1051,6,0x4d26c8,CMP,1,NonLeaf,rax(AND) r14(-1) rax(AND) ,rflags ,CMP,4,AND,4,MOV,4,NOP,8,JMP,5,MOV,4,MOV,4,CMP,4,JNZ,6,CMP,4,0,1,0,0,0,CALL,0,1,1,1,0,0,JNE,0,0,5056192,5057255,5056210,0,0,1,0,cpp,8.045763700800878e-05,0.0,0,0,0
0x4d26aa,JNZ,29878041,0,27753,6,0x4d26a6,CMPXCHG,1,NonLeaf,rbp(-1) esi(-1) eax(CMPXCHG) ,eax rflags ,CMPXCHG,4,JMP,2,JNZ,6,CMPXCHG_LOCK,5,JZ,2,MOV,3,JMP,5,NOP,8,MOV,4,AND,4,0,-1,-1,-1,-1,CALL,-1,1,0,1,0,0,JMP,0,0,5056166,5083923,5056176,0,0,1,0,cpp,0.0001415089936847,0.0,0,0,0
0x4d2697,JZ,29878041,29878041,15,2,0x4d2690,CMP,1,NonLeaf,rip(JZ) ,rflags ,CMP,7,MOV,3,MOV,5,NOP,3,RET_NEAR,1,CMPXCHG_LOCK,5,JNZ,6,JMP,2,CMPXCHG,4,JNZ,6,0,1,0,0,0,JNE,0,0,1,0,0,0,JNE,0,0,5056136,5056166,5056153,0,0,1,0,cpp,0.0001415089936847,1.0,1,0,1
0x4d2670,JNZ,29878041,0,27783,6,0x4d266d,DEC,1,NonLeaf,rbp(-1) ,rflags ,DEC,3,JMP,2,JNZ,6,DEC_LOCK,4,JZ,2,ADD,4,POP,1,POP,1,POP,2,POP,2,0,-1,-1,-1,-1,CALL,-1,1,0,1,0,0,RET,0,0,5056109,5083895,5056118,0,0,1,0,cpp,0.0001415089936847,0.0,0,0,0
0x4d2652,JNZ,29878041,0,-373,6,0x4d264f,TEST,1,NonLeaf,r13d(-1) r13d(-1) ,rflags ,TEST,3,CALL_NEAR,5,AND,7,MOV,7,MOV,4,CMP,7,JZ,2,DEC_LOCK,4,JNZ,6,JMP,2,0,0,0,0,0,RET,0,0,1,0,0,0,JE,0,0,5056079,5055709,5056088,0,0,0,0,cpp,0.0001415089936847,0.0,0,0,0
0x4d2632,JZ,568255,568255,302,6,0x4d262b,CMP,1,NonLeaf,rbp(-1) ,rflags ,CMP,7,JZ,6,TEST,4,JBE,2,CMP,7,MOV,4,MOV,7,AND,7,CALL_NEAR,5,TEST,3,0,1,0,0,0,JB,0,0,1,0,0,0,CALL,0,1,5056043,5056352,5056056,0,0,0,1,cpp,2.691381044906296e-06,1.0,1,0,1
0x4d2625,JZ,568255,150791,393,6,0x4d2621,TEST,1,NonLeaf,rbp(-1) ,rflags ,TEST,4,JBE,2,CMP,7,MOV,4,MOV,4,CMP,7,JZ,6,MOV,4,MOV,7,AND,7,0,1,0,0,0,CALL,0,1,1,1,0,0,JE,0,0,5056033,5056430,5056043,0,0,1,0,cpp,2.691381044906296e-06,0.2653579818919323,0,0,0
0x4d25ef,JBE,29861784,11771716,18,2,0x4d25e0,CMP,1,NonLeaf,r12(-1) ,rflags ,MOV,4,MOV,4,CMP,7,JNZ,6,CMP,4,MOV,8,MOV,8,MOV,4,MOV,4,MOV,3,0,1,1,0,0,MOV,0,0,1,0,0,0,MOV,0,0,5055968,5056001,5055985,0,0,1,1,cpp,0.0001414319969462,0.3942067225454447,0,0,0
0x4d25da,JNZ,29861784,0,1328,6,0x4d25d6,CMP,1,NonLeaf,rdx(LEA) rax(MOV) ,rflags ,CMP,4,LEA,4,MOV,4,AND,5,JZ,6,CMP,7,MOV,4,MOV,4,JBE,2,MOV,8,0,1,0,0,0,JMP,0,0,1,0,0,0,JBE,0,0,5055950,5057290,5055968,0,0,0,1,cpp,0.0001414319969462,0.0,0,0,0
0x4d25c3,JZ,29861784,16987730,253,6,0x4d25bd,TEST,1,NonLeaf,r14(-1) r15(-1) ,rflags ,TEST,6,JZ,6,CMP,4,JNZ,6,TEST,3,AND,5,MOV,4,LEA,4,CMP,4,JNZ,6,0,1,0,0,0,JNE,0,0,1,0,0,0,AND,0,0,5055933,5056192,5055945,0,0,0,1,cpp,0.0001414319969462,0.568878604171807,1,0,1
0x4d25b7,JZ,29878041,16257,480,6,0x4d25b3,CMP,1,NonLeaf,rbp(-1) r14(-1) ,rflags ,CMP,4,JNZ,6,TEST,3,MOV,4,JBE,2,TEST,6,JZ,6,AND,5,MOV,4,LEA,4,0,1,0,0,0,JMP,0,0,1,0,0,0,JE,0,0,5055923,5056407,5055933,0,0,1,0,cpp,0.0001415089936847,0.0005441119784258,0,0,0
0x4d25ad,JNZ,3096166,722410,1388,6,0x4d25aa,TEST,1,NonLeaf,rdx(MOV) rdx(MOV) ,rflags ,TEST,3,MOV,4,JBE,2,MOV,4,MOV,4,CMP,4,JZ,6,TEST,6,JZ,6,AND,5,0,1,0,0,0,JNE,0,0,0,1,0,0,JE,0,0,5055910,5057305,5055923,0,0,0,0,cpp,1.4664125233008678e-05,0.2333240530384998,0,0,0
0x4d25a4,JBE,5000059,1903893,15,2,0x4d2594,CMP,1,NonLeaf,rbx(-1) ,rflags ,MOV,4,MOV,4,CMP,8,JNZ,6,CMP,4,MOV,4,TEST,3,JNZ,6,CMP,4,JZ,6,0,0,1,0,0,JE,0,0,1,0,0,0,JNE,0,0,5055892,5055923,5055910,0,0,0,0,cpp,2.368138250611632e-05,0.380774106865539,0,0,0
0x4d258e,JNZ,5000059,0,1471,6,0x4d258a,CMP,1,NonLeaf,rbx(-1) rdx(-1) ,rflags ,CMP,4,JNZ,6,CMP,4,MOV,4,MOV,4,CMP,8,MOV,4,MOV,4,JBE,2,MOV,4,0,0,0,0,0,JE,0,0,1,0,0,0,JBE,0,0,5055882,5057357,5055892,0,0,1,1,cpp,2.368138250611632e-05,0.0,0,0,0
0x4d2584,JNZ,5000059,0,1481,6,0x4d2580,CMP,1,NonLeaf,rbx(-1) rax(MOV) ,rflags ,CMP,4,MOV,4,MOV,4,JNZ,6,CMP,4,CMP,4,JNZ,6,CMP,8,MOV,4,MOV,4,0,1,0,0,0,JE,0,0,1,0,0,0,JNE,0,0,5055864,5057357,5055882,0,0,1,0,cpp,2.368138250611632e-05,0.0,0,0,0
0x4d2572,JNZ,5000059,0,1703,6,0x4d256e,CMP,1,NonLeaf,rax(AND) rbx(SUB) rax(AND) ,rflags ,CMP,4,AND,4,MOV,4,ADD,3,SUB,3,MOV,4,MOV,4,CMP,4,JNZ,6,CMP,4,0,1,0,0,0,CALL,0,1,1,1,0,0,JNE,0,0,5055837,5057561,5055864,0,0,1,0,cpp,2.368138250611632e-05,0.0,0,0,0
0x4d255b,JNZ,29878041,24877982,88,2,0x4d2557,TEST,1,NonLeaf,rbx(-1) ,rflags ,TEST,4,JNZ,6,TEST,2,MOV,6,JNB,6,MOV,3,SUB,3,ADD,3,MOV,4,AND,4,0,1,1,0,0,JE,0,0,1,0,0,0,JNE,0,0,5055831,5055923,5055837,0,1,0,0,cpp,0.0001415089936847,0.8326510429515778,1,0,1
0x4d2551,JNZ,29878041,0,1350,6,0x4d254f,TEST,1,NonLeaf,esi(MOV) esi(MOV) ,rflags ,TEST,2,MOV,6,JNB,6,CMP,7,JBE,6,TEST,4,JNZ,2,MOV,3,SUB,3,ADD,3,0,1,0,0,0,CALL,0,1,1,1,0,0,JNE,0,0,5055817,5057175,5055831,0,0,1,0,cpp,0.0001415089936847,0.0,0,0,0
0x4d2543,JNB,29878041,0,1835,6,0x4d253c,CMP,1,NonLeaf,r15(-1) rbp(-1) ,rflags ,CMP,7,JBE,6,CMP,4,AND,4,MOV,3,MOV,6,TEST,2,JNZ,6,TEST,4,JNZ,2,0,0,0,0,0,JMP,0,0,1,0,0,0,JNE,0,0,5055804,5057646,5055817,0,0,0,0,cpp,0.0001415089936847,0.0,0,0,0
0x4d2536,JBE,29878041,0,1848,6,0x4d2532,CMP,1,NonLeaf,rax(-1) ,rflags ,CMP,4,AND,4,MOV,3,JZ,6,TEST,2,CMP,7,JNB,6,MOV,6,TEST,2,JNZ,6,0,1,0,0,0,JMP,0,0,1,0,0,0,JAE,0,0,5055787,5057646,5055804,0,0,0,0,cpp,0.0001415089936847,0.0,0,0,0
0x4d2525,JZ,29878041,0,1850,6,0x4d2523,TEST,1,NonLeaf,al(MOV) ,rflags ,TEST,2,MOV,4,JZ,6,TEST,4,JZ,6,MOV,3,AND,4,CMP,4,JBE,6,CMP,7,0,1,0,0,0,JMP,0,0,1,0,0,0,JBE,0,0,5055775,5057631,5055787,0,0,0,0,cpp,0.0001415089936847,0.0,0,0,0
0x4d2519,JZ,29878041,29878041,1827,6,0x4d2515,TEST,1,NonLeaf,rbp(-1) ,rflags ,TEST,4,JZ,6,CMP,3,LEA,4,MOV,4,MOV,4,TEST,2,JZ,6,MOV,3,AND,4,0,1,0,0,0,JB,0,0,1,0,0,0,JE,0,0,5055765,5057596,5055775,0,0,0,0,cpp,0.0001415089936847,1.0,1,0,1
0x4d250f,JZ,29878041,0,1460,6,0x4d250c,CMP,1,NonLeaf,rbx(-1) rax(MOV) ,rflags ,CMP,3,LEA,4,MOV,4,JZ,6,TEST,3,TEST,4,JZ,6,MOV,4,TEST,2,JZ,6,0,1,0,0,0,JMP,0,0,1,0,0,0,JE,0,0,5055748,5057219,5055765,1,0,0,0,cpp,0.0001415089936847,0.0,0,0,0
0x4d24fe,JZ,29878041,29878041,394,6,0x4d24fb,TEST,1,NonLeaf,r13d(-1) r13d(-1) ,rflags ,TEST,3,XOR,3,JNZ,6,TEST,2,NOP,4,MOV,4,LEA,4,CMP,3,JZ,6,TEST,4,0,1,0,0,0,JE,0,0,1,1,0,0,JE,0,0,5055736,5056136,5055748,0,0,0,0,cpp,0.0001415089936847,1.0,1,0,1
0x4d24f2,JNZ,29878041,0,550,6,0x4d24f0,TEST,1,NonLeaf,al(-1) ,rflags ,TEST,2,NOP,4,RET_NEAR,1,POP,2,POP,2,XOR,3,TEST,3,JZ,6,MOV,4,LEA,4,0,1,0,0,0,JNE,0,0,1,0,0,0,JE,0,0,5055728,5056280,5055736,0,0,0,0,cpp,0.0001415089936847,0.0,0,0,0
0x4d24d2,JZ,18451641,18451641,11,2,0x4d24d0,TEST,1,NonLeaf,cl(-1) cl(-1) ,rflags ,TEST,2,JZ,2,TEST,3,JNZ,2,CMP,3,CMP,3,JNZ,6,ADD,4,POP,1,POP,1,0,0,0,0,0,RET,0,0,1,0,0,0,JNE,0,0,5055696,5055709,5055700,0,0,0,0,cpp,8.739104246300665e-05,1.0,1,0,1
0x4d24ce,JZ,24028189,5576548,15,2,0x4d24cb,TEST,1,NonLeaf,r8(-1) r8(-1) ,rflags ,TEST,3,JNZ,2,CMP,3,CMPXCHG_LOCK,5,JZ,2,TEST,2,JZ,2,CMP,3,JNZ,6,ADD,4,0,0,0,0,0,RET,0,0,1,0,0,0,JE,0,0,5055691,5055709,5055696,0,0,0,0,cpp,0.0001138028040545,0.2320835748378706,0,0,0
0x4d24c9,JNZ,24028189,0,-57,2,0x4d24c6,CMP,1,NonLeaf,r8(-1) rax(-1) ,rflags ,CMP,3,CMPXCHG_LOCK,5,JZ,2,CMP,9,MOV,3,TEST,3,JZ,2,TEST,2,JZ,2,CMP,3,0,1,0,0,0,JE,0,0,1,0,0,0,JE,1,0,5055682,5055632,5055691,0,0,0,0,cpp,0.0001138028040545,0.0,0,0,0
0x4d24bf,JZ,24028189,24028189,3,2,0x4d24b6,CMP,1,NonLeaf,fs(-1) ,rflags ,CMP,9,MOV,3,MOV,4,LEA,3,SHR,3,CMPXCHG_LOCK,5,CMP,3,JNZ,2,TEST,3,JZ,2,0,1,1,0,0,JNE,0,0,1,0,0,0,-1,0,-1,5055663,5055682,5055681,0,0,1,0,cpp,0.0001138028040545,1.0,1,0,1
0x4d24a3,JZ,18451641,18451641,12,2,0x4d24a1,TEST,1,NonLeaf,cl(-1) cl(-1) ,rflags ,TEST,2,JZ,2,TEST,3,MOV,3,JZ,6,MOV,4,SHR,3,LEA,3,MOV,4,MOV,3,0,0,1,0,0,JE,0,0,1,0,0,0,LEA,0,0,5055649,5055663,5055653,0,0,1,0,cpp,8.739104246300665e-05,1.0,1,0,1
0x4d249f,JZ,24028189,5576548,16,2,0x4d249c,TEST,1,NonLeaf,r8(-1) r8(-1) ,rflags ,TEST,3,MOV,3,JZ,6,CMP,3,NOP,6,TEST,2,JZ,2,MOV,4,SHR,3,LEA,3,1,1,1,0,0,JE,0,0,1,0,0,0,JE,0,0,5055644,5055663,5055649,0,0,1,0,cpp,0.0001138028040545,0.2320835748378706,0,0,0
0x4d2477,JZ,24028189,0,836,6,0x4d2474,CMP,1,NonLeaf,rbx(-1) r8(MOV) ,rflags ,CMP,3,LEA,5,MOV,5,MOV,3,SUB,4,TEST,3,MOV,5,SETNZ,3,JMP,2,NOP,6,0,1,0,0,0,MOV,0,0,1,0,0,0,JMP,0,0,5055579,5056443,5055613,0,0,0,0,cpp,0.0001138028040545,0.0,0,0,0
0x4d2458,JZ,24028189,24028189,3,2,0x4d244f,CMP,1,NonLeaf,fs(-1) ,rflags ,CMP,9,JNZ,6,TEST,2,LEA,4,MOV,6,AND_LOCK,5,SHR,4,SUB,4,MOV,3,MOV,5,0,1,1,0,0,JE,0,0,1,0,0,0,-1,0,-1,5055567,5055579,5055578,0,0,1,0,cpp,0.0001138028040545,1.0,1,0,1
0x4d2449,JNZ,24028189,0,1673,6,0x4d2447,TEST,1,NonLeaf,esi(MOV) esi(MOV) ,rflags ,TEST,2,LEA,4,MOV,6,JNB,6,CMP,7,CMP,9,JZ,2,AND_LOCK,5,SHR,4,SUB,4,0,1,0,0,0,CALL,0,1,1,1,0,0,JE,0,0,5055549,5057234,5055567,0,0,1,0,cpp,0.0001138028040545,0.0,0,0,0
0x4d2437,JNB,24028189,0,1478,6,0x4d2430,CMP,1,NonLeaf,rax(AND) rdi(-1) ,rflags ,CMP,7,AND,4,JBE,6,CMP,4,MOV,4,MOV,6,LEA,4,TEST,2,JNZ,6,CMP,9,0,0,0,0,0,JE,0,0,0,0,0,0,JNE,0,0,5055532,5057021,5055549,0,0,0,0,cpp,0.0001138028040545,0.0,0,0,0
0x4d2426,JBE,24028189,0,1495,6,0x4d2422,CMP,1,NonLeaf,rax(MOV) ,rflags ,CMP,4,MOV,4,LEA,4,JNBE,6,CMP,7,AND,4,CMP,7,JNB,6,MOV,6,LEA,4,0,1,0,0,0,JE,0,0,1,0,0,0,JAE,0,0,5055514,5057021,5055532,0,1,0,0,cpp,0.0001138028040545,0.0,0,0,0
0x4d2414,JNBE,53906230,29878041,220,6,0x4d240d,CMP,1,NonLeaf,r12(-1) rip(JNBE) ,rflags ,CMP,7,JNZ,6,TEST,2,JBE,6,CMP,4,LEA,4,MOV,4,CMP,4,JBE,6,AND,4,0,1,0,0,0,JNE,0,0,1,0,0,0,JBE,0,0,5055501,5055728,5055514,0,0,0,0,cpp,0.0002553117977393,0.5542595169426614,1,0,1
0x4d2407,JNZ,53906230,0,1564,6,0x4d2405,TEST,1,NonLeaf,al(-1) ,rflags ,TEST,2,JBE,6,CMP,4,JNZ,6,TEST,4,CMP,7,JNBE,6,LEA,4,MOV,4,CMP,4,0,0,0,0,0,JMP,0,0,1,0,0,0,JA,0,0,5055493,5057059,5055501,0,0,0,0,cpp,0.0002553117977393,0.0,0,0,0
0x4d23ff,JBE,53906230,0,1572,6,0x4d23fb,CMP,1,NonLeaf,r12(-1) ,rflags ,CMP,4,JNZ,6,TEST,4,JNBE,6,CMP,3,TEST,2,JNZ,6,CMP,7,JNBE,6,LEA,4,0,1,0,0,0,JMP,0,0,1,0,0,0,JNE,0,0,5055483,5057059,5055493,0,0,0,0,cpp,0.0002553117977393,0.0,0,0,0
0x4d23f5,JNZ,53906230,0,1564,6,0x4d23f1,TEST,1,NonLeaf,sil(-1) ,rflags ,TEST,4,JNBE,6,CMP,3,NEG,3,MOV,3,CMP,4,JBE,6,TEST,2,JNZ,6,CMP,7,0,0,0,0,0,JMP,0,0,1,0,0,0,JBE,0,0,5055473,5057041,5055483,0,0,0,0,cpp,0.0002553117977393,0.0,0,0,0
0x4d23eb,JNBE,53906230,0,1574,6,0x4d23e8,CMP,1,NonLeaf,rsi(-1) rdx(NEG) ,rflags ,CMP,3,NEG,3,MOV,3,AND,4,MOV,3,TEST,4,JNZ,6,CMP,4,JBE,6,TEST,2,0,1,0,0,0,JMP,0,0,1,0,0,0,JNE,0,0,5055424,5057041,5055473,0,0,0,0,cpp,0.0002553117977393,0.0,0,0,0
0x4d222f,JZ,1407,430,96,2,0x4d222c,CMP,1,NonLeaf,rbx(-1) rdx(-1) ,rflags ,CMP,3,JMP,5,MOV,5,MOV,5,CALL_NEAR,5,MOV,4,MOV,4,MOV,4,MOV,4,MOV,4,0,1,0,0,0,JMP,0,0,1,0,0,0,JMP,0,0,5055020,5055119,5055025,0,1,1,1,cpp,6.663862403644769e-09,0.3056147832267235,0,0,0
0x4d20bc,JZ,22,3,86,2,0x4d20b9,CMP,1,NonLeaf,rbp(-1) rax(-1) ,rflags ,CMP,3,JMP,5,MOV,5,MOV,5,CALL_NEAR,5,MOV,4,MOV,4,MOV,4,MOV,4,MOV,4,0,1,0,0,0,JMP,0,0,1,0,0,0,JMP,0,0,5054649,5054738,5054654,0,1,1,1,cpp,1.0419685350404044e-10,0.1363636363636363,0,0,0
0x4d1e61,JZ,48327,1407,971,6,0x4d1e5c,CMP,1,NonLeaf,rax(-1) ,rflags ,CMP,5,JNZ,6,CMP,4,MOV,4,JNZ,6,MOV,4,MOV,4,MOV,4,MOV,4,JMP,5,0,1,0,0,0,JE,0,0,1,0,0,0,JMP,0,0,5054044,5055020,5054055,0,0,0,1,cpp,2.288873336040801e-07,0.0291141597864547,0,0,0
0x4d1e56,JNZ,48327,0,1020,6,0x4d1e52,CMP,1,NonLeaf,rbx(-1) rcx(MOV) ,rflags ,CMP,4,MOV,4,JNZ,6,CMP,4,JMP,5,CMP,5,JZ,6,MOV,4,MOV,4,MOV,4,0,0,0,0,0,CALL,0,1,0,1,0,0,JE,0,0,5054030,5055058,5054044,0,0,1,0,cpp,2.288873336040801e-07,0.0,0,0,0
0x4d1e48,JNZ,48327,0,1034,6,0x4d1e44,CMP,1,NonLeaf,rbx(-1) rdx(-1) ,rflags ,CMP,4,JMP,5,MOV,4,MOV,4,MOV,4,MOV,4,CMP,4,JNZ,6,CMP,5,JZ,6,0,1,0,0,0,CALL,0,1,1,0,0,0,JNE,0,0,5054020,5055058,5054030,0,0,1,0,cpp,2.288873336040801e-07,0.0,0,0,0
0x4d1e29,JZ,862,22,656,6,0x4d1e24,CMP,1,NonLeaf,r13(-1) ,rflags ,CMP,5,JNZ,6,CMP,4,MOV,4,JNZ,6,MOV,4,MOV,4,MOV,4,MOV,4,JMP,5,0,1,0,0,0,JE,0,0,1,0,0,0,JMP,0,0,5053988,5054649,5053999,0,0,0,1,cpp,4.082622169112858e-09,0.025522041763341,0,0,0
0x4d1e1e,JNZ,862,0,705,6,0x4d1e1a,CMP,1,NonLeaf,rbp(-1) rdx(MOV) ,rflags ,CMP,4,MOV,4,JNZ,6,CMP,4,JMP,5,CMP,5,JZ,6,MOV,4,MOV,4,MOV,4,0,0,0,0,0,CALL,0,1,0,1,0,0,JE,0,0,5053974,5054687,5053988,0,0,1,0,cpp,4.082622169112858e-09,0.0,0,0,0
0x4d1e10,JNZ,862,0,719,6,0x4d1e0c,CMP,1,NonLeaf,rbp(-1) rax(-1) ,rflags ,CMP,4,JMP,5,MOV,5,MOV,5,CALL_NEAR,5,MOV,4,CMP,4,JNZ,6,CMP,5,JZ,6,0,1,0,0,0,CALL,0,1,1,0,0,0,JNE,0,0,5053964,5054687,5053974,0,0,1,0,cpp,4.082622169112858e-09,0.0,0,0,0
0x4d1b8e,JZ,1,1,35,2,0x4d1b87,CMP,1,NonLeaf,r14(-1) ,rflags ,CMP,7,JNZ,2,CMP,6,ADD,4,MOV,4,MOV,4,OR,3,OR,3,MOV,4,MOV,4,0,1,0,0,0,JMP,0,0,1,0,0,0,OR,0,0,5053319,5053361,5053328,0,0,1,0,cpp,4.736220613820021e-12,1.0,1,0,1
0x4d1b85,JNZ,127,126,-21,2,0x4d1b7f,CMP,1,NonLeaf,edx(ADD) ,rflags ,CMP,6,ADD,4,MOV,4,MOV,4,ADD,3,CMP,7,JZ,2,MOV,4,OR,3,OR,3,1,1,1,1,1,JNE,0,0,1,1,0,0,JE,1,0,5053296,5053296,5053319,1,0,1,0,cpp,6.015000179551426e-10,0.9921259842519684,1,1,1
0x4d1b4d,JNZ,32647440,29382696,-373,6,0x4d1b48,CMP,1,NonLeaf,rsp(-1) rax(LEA) ,rflags ,CMP,5,LEA,4,ADD,4,NOP,8,JNZ,6,ADD,4,POP,1,POP,1,POP,2,POP,2,0,0,0,1,1,JNE,0,0,1,1,0,0,RET,1,0,5053248,5052888,5053267,0,1,0,0,cpp,0.0001546254783164,0.9,1,1,1
0x4d1b32,JNZ,188,107,-172,6,0x4d1b27,TEST,1,NonLeaf,r15(-1) r15(-1) ,rflags ,MOV,4,MOV,4,TEST,3,OR,4,ADD,3,NOP,8,ADD,4,LEA,4,CMP,5,JNZ,6,0,0,0,0,0,MOV,0,0,1,0,0,0,NOP,1,0,5053216,5053062,5053240,0,0,0,0,cpp,8.904094753981638e-10,0.5691489361702128,1,0,1
0x4d1b0a,JZ,18553368,965690,-282,6,0x4d1b04,TEST,1,NonLeaf,rbp(-1) r13(-1) ,rflags ,TEST,6,JZ,2,CMP,4,JNZ,6,TEST,3,AND,5,JMP,5,NOP,6,ADD,3,OR,4,0,1,0,0,0,JNE,0,0,1,0,0,0,JMP,0,0,5053188,5052912,5053200,0,0,0,1,cpp,8.787284397738872e-05,0.0520493098611529,0,0,0
0x4d1b02,JZ,18553556,188,30,2,0x4d1afe,CMP,1,NonLeaf,r14(-1) rbp(-1) ,rflags ,CMP,4,JNZ,6,TEST,3,MOV,4,JBE,2,TEST,6,JZ,6,AND,5,JMP,5,NOP,6,0,1,0,0,0,JNE,0,0,1,0,0,0,JE,0,0,5053182,5053216,5053188,0,0,1,0,cpp,8.787373438686412e-05,1.0132828445393433e-05,0,0,0
0x4d1af8,JNZ,6903292,48327,844,6,0x4d1af5,TEST,1,NonLeaf,rdx(MOV) rdx(MOV) ,rflags ,TEST,3,MOV,4,JBE,2,MOV,4,MOV,4,CMP,4,JZ,2,TEST,6,JZ,6,AND,5,0,1,0,0,0,JNE,0,0,0,1,0,0,JE,0,0,5053169,5054020,5053182,0,0,0,0,cpp,3.269551387361884e-05,0.0070005730599256,0,0,0
0x4d1aef,JBE,11895666,4992374,15,2,0x4d1adf,CMP,1,NonLeaf,rbx(-1) ,rflags ,MOV,4,MOV,4,CMP,8,JNZ,6,CMP,4,MOV,4,TEST,3,JNZ,6,CMP,4,JZ,2,0,0,1,0,0,JE,0,0,1,0,0,0,JNE,0,0,5053151,5053182,5053169,0,0,0,0,cpp,5.634049852431795e-05,0.4196800750794449,0,0,0
0x4d1ad9,JNZ,11895666,0,235,6,0x4d1ad5,CMP,1,NonLeaf,rbx(-1) rdx(-1) ,rflags ,CMP,4,JNZ,6,CMP,4,MOV,4,MOV,4,CMP,8,MOV,4,MOV,4,JBE,2,MOV,4,0,0,0,0,0,JE,0,0,1,0,0,0,JBE,0,0,5053141,5053380,5053151,0,0,0,1,cpp,5.634049852431795e-05,0.0,0,0,0
0x4d1acf,JNZ,11895666,0,245,6,0x4d1acb,CMP,1,NonLeaf,rbx(-1) rax(MOV) ,rflags ,CMP,4,MOV,4,MOV,4,JNZ,6,CMP,4,CMP,4,JNZ,6,CMP,8,MOV,4,MOV,4,0,1,0,0,0,JE,0,0,1,0,0,0,JNE,0,0,5053123,5053380,5053141,0,0,0,0,cpp,5.634049852431795e-05,0.0,0,0,0
0x4d1abd,JNZ,11895666,0,506,6,0x4d1ab9,CMP,1,NonLeaf,rax(AND) rbx(SUB) rax(AND) ,rflags ,CMP,4,AND,4,MOV,4,ADD,3,SUB,3,MOV,4,MOV,4,CMP,4,JNZ,6,CMP,4,0,1,0,0,0,JE,0,0,1,0,0,0,JNE,0,0,5053096,5053623,5053123,0,0,0,0,cpp,5.634049852431795e-05,0.0,0,0,0
0x4d1aa6,JNZ,18553556,6657890,88,2,0x4d1aa4,TEST,1,NonLeaf,al(MOV) ,rflags ,TEST,2,AND,4,MOV,4,LEA,4,AND,4,MOV,3,SUB,3,ADD,3,MOV,4,AND,4,1,1,0,0,0,JE,0,0,1,0,0,0,JNE,0,0,5053065,5053182,5053096,0,0,0,0,cpp,8.787373438686412e-05,0.3588471126505345,0,0,0
0x4d1a80,JZ,18553368,3551495,192,6,0x4d1a75,TEST,1,NonLeaf,r15(-1) r15(-1) ,rflags ,MOV,4,MOV,4,TEST,3,OR,4,MOV,4,MOV,3,MOV,4,MOV,4,MOV,3,AND,4,0,0,1,0,0,JNE,1,0,0,0,0,0,MOV,0,0,5053030,5053248,5053062,0,0,0,0,cpp,8.787284397738872e-05,0.1914205011187187,0,0,0
0x4d1a54,JBE,18553368,11296911,18,2,0x4d1a45,CMP,1,NonLeaf,r12(-1) ,rflags ,MOV,4,MOV,4,CMP,7,MOV,4,JNZ,6,MOV,8,MOV,8,MOV,3,MOV,4,MOV,4,0,1,1,0,0,JE,0,0,1,0,0,0,MOV,0,0,5052993,5053030,5053014,0,0,1,1,cpp,8.787284397738872e-05,0.6088873459524977,1,0,1
0x4d1a3b,JNZ,228016,862,977,6,0x4d1a38,TEST,1,NonLeaf,rax(MOV) rax(MOV) ,rflags ,TEST,3,MOV,4,JBE,2,MOV,4,MOV,4,MOV,4,CMP,7,MOV,4,MOV,4,JBE,2,0,1,0,0,0,JNE,0,0,0,1,0,0,JBE,0,0,5052980,5053964,5052993,0,0,0,1,cpp,1.0799340794807855e-06,0.0037804364605992,0,0,0
0x4d1a32,JBE,965690,737674,15,2,0x4d1a22,CMP,1,NonLeaf,rbp(-1) ,rflags ,MOV,4,MOV,4,CMP,8,JNZ,6,CMP,4,MOV,4,TEST,3,JNZ,6,MOV,4,CMP,7,0,0,1,0,0,JBE,0,0,1,0,0,0,JNE,0,0,5052962,5052993,5052980,0,0,1,0,cpp,4.573720884559856e-06,0.7638828195383611,1,0,1
0x4d1a12,JNZ,965690,0,560,6,0x4d1a0e,CMP,1,NonLeaf,rbp(-1) r13(MOV) ,rflags ,CMP,4,MOV,4,MOV,4,JNZ,6,CMP,5,CMP,4,JNZ,6,CMP,8,MOV,4,MOV,4,0,1,0,0,0,JE,0,0,1,0,0,0,JNE,0,0,5052934,5053506,5052952,0,0,0,0,cpp,4.573720884559856e-06,0.0,0,0,0
0x4d1a00,JNZ,965690,0,752,6,0x4d19fb,CMP,1,NonLeaf,rax(AND) rbp(-1) rax(AND) ,rflags ,CMP,5,AND,4,ADD,3,MOV,4,NOP,5,MOV,4,MOV,4,CMP,4,JNZ,6,CMP,4,0,0,0,0,0,JE,0,0,0,1,0,0,JNE,0,0,5052912,5053680,5052934,0,0,1,0,cpp,4.573720884559856e-06,0.0,0,0,0
0x4d19e0,JNZ,32647440,3551576,169,6,0x4d19dd,TEST,1,NonLeaf,rbx(XCHG) rbx(XCHG) ,rflags ,TEST,3,XCHG,3,XOR,2,NOP,5,SUB,5,JMP,5,NOP,5,MOV,4,ADD,3,AND,4,1,1,0,1,0,JNE,0,0,1,0,0,0,JMP,0,0,5052888,5053065,5052902,0,0,0,0,cpp,0.0001546254783164,0.1087857424655654,0,0,0
0x4d19a8,JZ,3264744,3264744,3,2,0x4d199f,CMP,1,NonLeaf,fs(-1) ,rflags ,CMP,9,JZ,6,CMP,8,SUB,4,PUSH,1,OR_LOCK,5,LEA,4,MOV,9,LEA,4,LEA,4,0,1,1,0,0,NOP,0,0,1,0,0,0,-1,0,-1,5052831,5052843,5052842,0,0,1,0,cpp,1.546254783164523e-05,1.0,1,0,1
0x4d1999,JZ,3264745,1,457,6,0x4d1991,CMP,1,NonLeaf,rip(JZ) ,rflags ,CMP,8,SUB,4,PUSH,1,PUSH,1,PUSH,2,CMP,9,JZ,2,OR_LOCK,5,LEA,4,MOV,9,0,1,0,0,0,NOP,0,0,1,0,0,0,JE,1,0,5052800,5053282,5052831,0,0,0,0,cpp,1.5462552567865842e-05,3.063026361936384e-07,0,0,0
0x4d0b61,JZ,70,0,-56,2,0x4d0b5e,SUB,1,NonLeaf,r13(SUB) rax(-1) ,r13 rflags ,SUB,3,JZ,2,TEST,3,NOP,1,CALL_NEAR,6,MOV,4,SUB,3,SUB,4,OR,4,MOV,4,0,0,0,0,0,XOR,0,0,1,0,0,0,JMP,0,0,5049182,5049129,5049187,0,0,0,1,cpp,3.3153544296740144e-10,0.0,0,0,0
0x4d0b5c,JZ,70,0,-51,2,0x4d0b59,TEST,1,NonLeaf,rax(-1) rax(-1) ,rflags ,TEST,3,NOP,1,CALL_NEAR,6,XOR,2,JNZ,2,SUB,3,JZ,2,MOV,4,SUB,3,SUB,4,0,0,0,0,0,XOR,0,0,1,0,0,0,JE,0,0,5049176,5049129,5049182,0,0,0,0,cpp,3.3153544296740144e-10,0.0,0,0,0
0x4d0b4e,JNZ,70,0,47,2,0x4d0b4b,TEST,1,NonLeaf,rax(MOV) rax(MOV) ,rflags ,TEST,3,MOV,7,CALL_NEAR,6,NEG,3,MOV,3,XOR,2,CALL_NEAR,6,NOP,1,TEST,3,JZ,2,0,1,0,0,0,CALL,0,1,1,1,0,0,CALL,0,1,5049156,5049213,5049168,0,0,1,1,cpp,3.3153544296740144e-10,0.0,0,0,0
0x4d0b27,JZ,70,70,17,2,0x4d0b24,CMP,1,NonLeaf,rax(-1) rdx(ADD) ,rflags ,CMP,3,MOV,3,ADD,4,MOV,3,CALL_NEAR,6,XOR,2,POP,1,POP,1,POP,2,POP,2,0,1,0,0,0,CALL,0,1,0,0,0,0,XOR,0,0,5049114,5049144,5049129,0,0,1,0,cpp,3.3153544296740144e-10,1.0,1,0,1
0x4cf51a,JZ,11,11,78,2,0x4cf517,TEST,1,NonLeaf,rdi(MOV) rdi(MOV) ,rflags ,TEST,3,MOV,4,MOV,8,JZ,2,MOV,3,MOV,2,TEST,3,JZ,2,AND,3,MOV,4,0,1,1,0,0,RET,0,0,1,0,0,0,JE,0,0,5043475,5043560,5043484,0,0,0,0,cpp,5.209842675202023e-11,1.0,1,0,1
0x4cf509,JZ,11,11,10,2,0x4cf501,CMP,1,NonLeaf,rdi(-1) ,rflags ,MOV,3,CMP,5,PUSH,1,INVALID,0,INVALID,0,MOV,8,MOV,4,TEST,3,JZ,2,MOV,2,0,1,1,0,0,JE,0,0,1,0,0,0,MOV,0,0,5043456,5043475,5043467,0,0,0,1,cpp,5.209842675202023e-11,1.0,1,0,1
0x4cec67,JZ,11,11,15,2,0x4cec64,TEST,1,NonLeaf,rdi(MOV) rdi(MOV) ,rflags ,TEST,3,MOV,4,JNZ,2,TEST,3,MOV,3,CALL_NEAR,5,MOV,8,MOV,3,POP,1,JMP,5,0,1,1,0,0,JMP,0,0,1,0,0,0,CALL,0,1,5041248,5041270,5041257,0,0,0,1,cpp,5.209842675202023e-11,1.0,1,0,1
0x4cec49,JZ,11,11,23,2,0x4cec46,TEST,1,NonLeaf,rax(MOV) rax(MOV) ,rflags ,TEST,3,MOV,4,JZ,2,TEST,3,JZ,2,NOP,5,MOV,8,MOV,3,TEST,3,JNZ,2,0,1,1,0,0,JE,1,0,1,0,0,0,NOP,0,0,5041218,5041248,5041227,0,0,0,0,cpp,5.209842675202023e-11,1.0,1,0,1
0x4cec3b,JZ,11,11,7,2,0x4cec38,TEST,1,NonLeaf,rdi(MOV) rdi(MOV) ,rflags ,TEST,3,MOV,4,MOV,3,PUSH,1,INVALID,0,TEST,3,JZ,2,MOV,4,TEST,3,JZ,2,0,1,1,0,0,JE,0,0,1,0,0,0,JE,0,0,5041200,5041218,5041213,0,0,0,0,cpp,5.209842675202023e-11,1.0,1,0,1
0x4ceba9,JS,11,0,103,2,0x4ceba1,TEST,1,Leaf,edx(-1) edx(-1) ,rflags ,MOV,6,TEST,2,MOV,8,MOV,7,MOV,6,MOV,7,MOV,8,MOV,8,MOV,8,MOV,7,0,1,1,0,0,RET,0,0,1,0,0,0,MOV,0,0,5041057,5041168,5041067,0,0,1,1,cpp,5.209842675202023e-11,0.0,0,0,0
0x4ceb8a,JZ,11,0,23,2,0x4ceb37,TEST,1,Leaf,rax(MOV) rax(MOV) ,rflags ,MOV,8,MOV,8,MOV,8,MOV,8,MOV,8,MOV,6,MOV,7,MOV,8,TEST,2,MOV,6,0,1,1,0,0,JS,0,0,1,0,0,0,MOV,0,0,5040896,5041057,5041036,0,0,1,1,cpp,5.209842675202023e-11,0.0,0,0,0
0x4ce704,JZ,1,0,124,2,0x4ce701,AND,1,NonLeaf,edx(AND) ,edx rflags ,AND,3,JZ,2,TEST,3,LEA,7,MOV,2,OR,3,MOV,4,MOV,4,MOV,2,MOV,8,0,1,0,0,0,CALL,0,1,0,1,0,0,MOV,0,0,5039873,5040000,5039878,0,0,1,1,cpp,4.736220613820021e-12,0.0,0,0,0
0x4ce6de,JZ,1,1,7,2,0x4ce6d9,TEST,1,NonLeaf,r12(-1) r12(-1) ,rflags ,MOV,2,TEST,3,MOV,2,JZ,6,CMP,3,TEST,3,JNZ,2,MOV,4,OR,3,LEA,7,0,1,0,0,0,JE,0,0,1,0,0,0,JNE,0,0,5039831,5039845,5039840,0,0,1,0,cpp,4.736220613820021e-12,1.0,1,0,1
0x4ce6d1,JZ,1,0,255,6,0x4ce6ce,CMP,1,NonLeaf,eax(-1) ,rflags ,CMP,3,CALL_NEAR,3,MOV,3,JBE,6,CMP,3,MOV,2,TEST,3,MOV,2,JZ,2,TEST,3,0,1,0,0,0,JMP,0,0,1,0,0,0,JE,0,0,5039822,5040080,5039831,0,0,0,0,cpp,4.736220613820021e-12,0.0,0,0,0
0x4ce6c2,JBE,1,0,277,6,0x4ce6bf,CMP,1,NonLeaf,rax(SUB) rcx(SUB) ,rflags ,CMP,3,SUB,7,MOV,3,MOV,7,SUB,4,MOV,3,CALL_NEAR,3,CMP,3,JZ,6,MOV,2,0,1,0,0,0,CALL,0,1,1,1,0,0,CALL,0,1,5039760,5040087,5039816,0,0,1,1,cpp,4.736220613820021e-12,0.0,0,0,0
0x4ce2df,JNZ,475,307,-15,2,0x4ce2dc,CMP,1,NonLeaf,rax(ADD) r15(-1) ,rflags ,CMP,3,ADD,4,MOV,3,MOVZX,5,NOP,6,JMP,5,MOV,5,CALL_NEAR,5,MOV,5,JMP,5,1,1,1,1,1,JNE,0,0,1,1,0,0,JMP,0,0,5038800,5038800,5038817,1,0,1,0,cpp,2.2497047915645102e-09,0.6463157894736842,1,1,1
0x4ce290,JBE,174,171,-208,6,0x4ce28c,CMP,1,NonLeaf,r15(CMOVBE) ,rflags ,CMP,4,CMOVBE,4,CMP,3,SUB,3,JNB,2,MOV,3,MOV,3,ADD,3,CALL_NEAR,5,MOV,5,0,1,0,0,0,JE,0,0,1,0,0,0,CALL,0,1,5038722,5038528,5038742,0,0,0,1,cpp,8.241023868046836e-10,0.9827586206896552,1,1,1
0x4ce280,JNB,174,0,-71,2,0x4ce27d,CMP,1,NonLeaf,rdi(MOV) r15(MOV) ,rflags ,CMP,3,MOV,5,MOV,5,MOV,3,SUB,4,SUB,3,CMP,3,CMOVBE,4,CMP,4,JBE,6,1,1,1,0,0,JE,0,0,1,0,0,0,JBE,0,0,5038707,5038649,5038722,0,1,0,0,cpp,8.241023868046836e-10,0.0,0,0,0
0x4ce23c,JZ,174,174,116,2,0x4ce239,TEST,1,NonLeaf,rbx(SUB) rbx(SUB) ,rflags ,TEST,3,SUB,3,MOV,5,ADD,3,ADD,3,MOV,8,MOV,3,SUB,7,CMP,3,JBE,6,0,1,1,0,0,SUB,1,0,1,0,0,0,JBE,0,0,5038649,5038768,5038654,0,0,0,0,cpp,8.241023868046836e-10,1.0,1,0,1
0x4ce222,JNZ,1,0,9,2,0x4ce21b,CMP,1,NonLeaf,r15(-1) ,rflags ,MOV,3,CMP,4,MOVZX,4,JZ,2,MOV,3,MOVZX,4,MOV,3,ADD,3,ADD,3,MOV,5,0,0,1,0,0,MOV,0,0,1,0,0,0,MOV,0,0,5038615,5038635,5038628,0,0,1,1,cpp,4.736220613820021e-12,0.0,0,0,0
0x4ce215,JZ,2,1,22,2,0x4ce20e,CMP,1,NonLeaf,r15(-1) ,rflags ,MOV,3,CMP,4,MOVZX,4,JS,2,SUB,4,MOVZX,4,CMP,4,MOV,3,JNZ,2,MOVZX,4,0,0,1,0,0,MOV,0,0,1,0,0,0,JNE,0,0,5038602,5038635,5038615,0,0,1,1,cpp,9.47244122764004e-12,0.5,0,0,0
0x4ce208,JS,2,0,35,2,0x4ce204,SUB,1,NonLeaf,rax(SUB) ,rax rflags ,SUB,4,MOV,3,MOV,3,MOVZX,4,JZ,2,MOVZX,4,CMP,4,MOV,3,JZ,2,MOVZX,4,0,0,1,0,0,MOV,0,0,1,0,0,0,JE,0,0,5038586,5038635,5038602,0,0,1,1,cpp,9.47244122764004e-12,0.0,0,0,0
0x4ce1f8,JZ,3,1,51,2,0x4ce1f0,CMP,1,NonLeaf,r15(-1) ,rflags ,MOVDQU,4,CMP,4,MOVDQU,5,JBE,6,CMP,4,MOVZX,4,MOV,3,MOV,3,SUB,4,JS,2,0,0,1,0,0,MOV,0,0,1,0,0,0,JS,0,0,5038571,5038635,5038586,0,0,1,1,cpp,1.420866184146006e-11,0.3333333333333333,0,0,0
0x4ce1e5,JBE,171,168,227,6,0x4ce1e1,CMP,1,NonLeaf,r15(-1) ,rflags ,CMP,4,JZ,6,OR,2,SETNB,3,CMP,3,MOVDQU,5,CMP,4,MOVDQU,4,JZ,2,MOVZX,4,0,0,0,0,0,NOP,0,0,1,0,0,0,JE,0,0,5038561,5038792,5038571,0,0,0,1,cpp,8.098937249632235e-10,0.9824561403508772,1,0,1
0x4ce1db,JZ,171,0,237,6,0x4ce1d9,OR,1,NonLeaf,dl(OR) al(SETNB) ,dl rflags ,OR,2,SETNB,3,CMP,3,SETNB,3,LEA,4,CMP,4,JBE,6,MOVDQU,5,CMP,4,MOVDQU,4,0,1,0,0,0,NOP,0,0,1,0,0,0,JBE,0,0,5038533,5038792,5038561,0,0,0,0,cpp,8.098937249632235e-10,0.0,0,0,0
0x4ce1c3,JZ,171,0,115,2,0x4ce1c0,TEST,1,NonLeaf,r15(-1) r15(-1) ,rflags ,TEST,3,NOP,9,JMP,5,SUB,7,MOV,3,LEA,4,CMP,3,LEA,4,SETNB,3,CMP,3,0,0,1,0,0,SUB,0,0,1,0,0,0,JE,0,0,5038528,5038646,5038533,0,0,0,0,cpp,8.098937249632235e-10,0.0,0,0,0
0x4ce196,JZ,174,0,288,6,0x4ce193,TEST,1,NonLeaf,rdx(-1) rdx(-1) ,rflags ,TEST,3,SUB,4,PUSH,1,PUSH,1,PUSH,2,MOV,6,MOV,3,MOV,3,MOV,3,SUB,7,0,1,1,0,0,RET,1,0,1,0,0,0,JMP,0,0,5038464,5038774,5038492,0,0,0,0,cpp,8.241023868046836e-10,0.0,0,0,0
0x4ce088,JNZ,1,1,-58,2,0x4ce085,CMP,1,NonLeaf,eax(-1) ,rflags ,CMP,3,CALL_NEAR,3,MOV,3,JBE,2,CMP,3,MOV,4,LEA,7,LEA,7,MOV,2,TEST,3,0,0,0,0,0,RET,0,0,1,0,0,0,JE,0,0,5038213,5038158,5038218,0,0,0,0,cpp,4.736220613820021e-12,1.0,1,0,1
0x4ce07d,JBE,1,0,129,2,0x4ce07a,CMP,1,NonLeaf,rax(SUB) rdx(SUB) ,rflags ,CMP,3,SUB,7,MOV,3,SUB,6,MOV,5,MOV,3,CALL_NEAR,3,CMP,3,JNZ,2,MOV,4,0,1,0,0,0,CALL,0,1,1,1,0,0,CALL,0,1,5038174,5038334,5038207,0,0,1,1,cpp,4.736220613820021e-12,0.0,0,0,0
0x4ce05c,JNZ,1,0,100,2,0x4ce05a,TEST,1,NonLeaf,al(MOV) ,rflags ,TEST,2,MOV,2,NOP,5,RET_NEAR,1,POP,2,MOV,7,MOV,5,SUB,6,MOV,3,SUB,7,0,1,0,0,0,JG,0,0,1,0,0,0,JBE,0,0,5038168,5038272,5038174,0,0,0,0,cpp,4.736220613820021e-12,0.0,0,0,0
0x4ce04c,JZ,1,1,12,2,0x4ce044,CMP,1,NonLeaf,rdi(-1) ,rflags ,MOV,3,CMP,5,PUSH,1,PUSH,1,PUSH,2,POP,1,POP,1,POP,2,RET_NEAR,1,NOP,5,0,1,0,0,0,JNE,0,0,1,0,0,0,RET,0,0,5038144,5038168,5038158,0,0,0,0,cpp,4.736220613820021e-12,1.0,1,0,1
0x4cdfe5,JZ,12,12,6,2,0x4cdfe2,TEST,1,NonLeaf,rdi(MOV) rdi(MOV) ,rflags ,TEST,3,MOV,2,MOV,4,SUB,4,MOV,3,TEST,2,JZ,2,MOV,4,MOV,2,OR,3,0,1,1,0,0,RET,0,0,1,0,0,0,JE,0,0,5038032,5038059,5038055,0,0,1,0,cpp,5.6834647365840245e-11,1.0,1,0,1
0x4cdb8d,JNZ,13,13,12,2,0x4cdb8b,TEST,1,NonLeaf,eax(MOV) eax(MOV) ,rflags ,TEST,2,MOV,6,SUB,4,PUSH,1,INVALID,0,MOV,10,MOV,7,MOV,5,SUB,6,MOV,3,0,1,1,0,0,JBE,0,0,1,0,0,0,MOV,0,0,5036928,5036953,5036943,0,0,0,1,cpp,6.157086797966026e-11,1.0,1,0,1
0x4cd9c7,JNZ,11,0,8043,6,0x4cd9c5,DEC,1,NonLeaf,rdx(-1) ,rflags ,DEC,2,JMP,2,JNZ,6,DEC_LOCK,3,JZ,2,MOV,6,JMP,5,MOV,8,MOV,9,JMP,5,0,-1,-1,-1,-1,CALL,-1,1,0,1,0,0,JMP,0,0,5036485,5044530,5036493,0,0,1,0,cpp,5.209842675202023e-11,0.0,0,0,0
0x4cd9b8,JZ,11,11,13,2,0x4cd9b1,CMP,1,NonLeaf,rip(JZ) ,rflags ,CMP,7,MOV,8,JNZ,6,MOV,6,MOV,3,DEC_LOCK,3,JNZ,6,JMP,2,DEC,2,JNZ,6,0,1,0,0,0,JNE,0,0,1,0,0,0,JNE,0,0,5036457,5036485,5036474,0,0,1,0,cpp,5.209842675202023e-11,1.0,1,0,1
0x4cd9a3,JNZ,11,0,-233,6,0x4cd998,TEST,1,NonLeaf,eax(SUB) eax(SUB) ,rflags ,MOV,6,MOV,3,TEST,2,SUB,3,MOV,3,MOV,8,CMP,7,JZ,2,DEC_LOCK,3,JNZ,6,0,0,1,0,0,JNE,0,0,1,0,0,0,JE,0,0,5036434,5036218,5036457,0,0,1,1,cpp,5.209842675202023e-11,0.0,0,0,0
0x4cd990,JNZ,11,0,61,2,0x4cd97f,AND,1,NonLeaf,esi(AND) ,esi rflags ,MOV,4,MOV,7,AND,6,ADD,7,ADD,4,MOV,3,SUB,3,TEST,2,MOV,3,MOV,6,0,1,0,0,0,JMP,0,0,1,0,0,0,JNE,0,0,5036397,5036493,5036434,0,0,0,1,cpp,5.209842675202023e-11,0.0,0,0,0
0x4cd953,JNZ,11,0,8132,6,0x4cd950,CMPXCHG,1,NonLeaf,rdx(-1) esi(-1) eax(CMPXCHG) ,eax rflags ,CMPXCHG,3,JMP,2,JNZ,6,CMPXCHG_LOCK,4,JZ,2,MOV,7,MOV,7,MOV,2,MOV,4,MOV,7,0,-1,-1,-1,-1,CALL,-1,1,0,1,0,0,MOV,0,0,5036368,5044503,5036377,0,0,1,1,cpp,5.209842675202023e-11,0.0,0,0,0
0x4cd942,JZ,11,11,14,2,0x4cd93b,CMP,1,NonLeaf,rip(JZ) ,rflags ,CMP,7,MOV,5,JZ,2,CMP,4,MOV,9,CMPXCHG_LOCK,4,JNZ,6,JMP,2,CMPXCHG,3,JNZ,6,0,1,0,0,0,JNE,0,0,1,0,0,0,JNE,0,0,5036342,5036368,5036356,0,0,1,0,cpp,5.209842675202023e-11,1.0,1,0,1
0x4cd934,JZ,11,0,57,2,0x4cd930,CMP,1,NonLeaf,r8(MOV) rdx(MOV) ,rflags ,CMP,4,MOV,9,MOV,7,NOP,10,RET_NEAR,1,MOV,5,CMP,7,JZ,2,CMPXCHG_LOCK,4,JNZ,6,0,1,1,0,0,JNE,0,0,1,0,0,0,JE,0,0,5036320,5036397,5036342,0,0,1,0,cpp,5.209842675202023e-11,0.0,0,0,0
0x4cd903,JZ,11,11,12,2,0x4cd901,TEST,1,NonLeaf,ebp(-1) ebp(-1) ,rflags ,TEST,2,JNZ,6,DEC,6,JMP,2,JNZ,6,XOR,2,MOV,3,CALL_NEAR,5,ADD,4,POP,1,0,0,1,0,0,RET,0,0,1,0,0,0,CALL,0,1,5036289,5036303,5036293,0,0,0,1,cpp,5.209842675202023e-11,1.0,1,0,1
0x4cd8fb,JNZ,11,0,8189,6,0x4cd8f5,DEC,1,NonLeaf,rip(JNZ) ,rflags ,DEC,6,JMP,2,JNZ,6,DEC_LOCK,7,JZ,2,TEST,2,JZ,2,XOR,2,MOV,3,CALL_NEAR,5,0,-1,-1,-1,-1,CALL,-1,1,0,1,0,0,JE,0,0,5036277,5044472,5036289,0,0,1,0,cpp,5.209842675202023e-11,0.0,0,0,0
0x4cd8e4,JZ,11,11,17,2,0x4cd8dd,CMP,1,NonLeaf,rip(JZ) ,rflags ,CMP,7,MOV,11,JNZ,2,MOV,6,TEST,2,DEC_LOCK,7,JNZ,6,JMP,2,DEC,6,JNZ,6,0,1,0,0,0,JNE,0,0,1,0,0,0,JNE,0,0,5036242,5036277,5036262,0,0,1,0,cpp,5.209842675202023e-11,1.0,1,0,1
0x4cd8d0,JNZ,11,0,49,2,0x4cd8c8,TEST,1,NonLeaf,ecx(SUB) ecx(SUB) ,rflags ,MOV,6,TEST,2,MOV,11,SUB,3,MOV,4,MOV,11,CMP,7,JZ,2,DEC_LOCK,7,JNZ,6,0,1,1,0,0,JE,0,0,1,0,0,0,JE,0,0,5036218,5036289,5036242,0,0,0,1,cpp,5.209842675202023e-11,0.0,0,0,0
0x4cd89f,JZ,11,11,129,2,0x4cd894,AND,1,NonLeaf,eax(AND) ,eax rflags ,MOV,6,AND,5,ADD,3,MOV,2,MOV,7,MOV,7,ADD,7,MOV,7,MOV,4,SUB,3,0,1,0,0,0,JE,0,0,1,0,0,0,MOV,0,0,5036160,5036320,5036193,0,0,0,1,cpp,5.209842675202023e-11,1.0,1,0,1
0x4cd873,JNZ,11,0,8294,6,0x4cd86c,CMPXCHG,1,NonLeaf,rip(JNZ) esi(-1) eax(CMPXCHG) ,eax rflags ,CMPXCHG,7,JMP,2,JNZ,6,CMPXCHG_LOCK,8,JZ,2,MOV,7,MOV,2,MOV,6,MOV,7,MOV,2,0,-1,-1,-1,-1,CALL,-1,1,0,1,0,0,MOV,0,0,5036140,5044441,5036153,0,0,1,1,cpp,5.209842675202023e-11,0.0,0,0,0
0x4cd85a,JZ,11,11,18,2,0x4cd853,CMP,1,NonLeaf,rip(JZ) ,rflags ,CMP,7,XOR,2,MOV,5,JZ,2,CMP,7,CMPXCHG_LOCK,8,JNZ,6,JMP,2,CMPXCHG,7,JNZ,6,0,1,0,0,0,JNE,0,0,1,0,0,0,JNE,0,0,5036108,5036140,5036124,0,0,1,0,cpp,5.209842675202023e-11,1.0,1,0,1
0x4cd84a,JZ,11,0,54,2,0x4cd843,CMP,1,NonLeaf,rdx(MOV) rip(JZ) ,rflags ,CMP,7,MOV,9,CALL_NEAR,5,MOV,3,MOV,5,MOV,5,XOR,2,CMP,7,JZ,2,CMPXCHG_LOCK,8,0,1,1,0,0,JE,0,0,1,0,0,0,JE,0,0,5036090,5036160,5036108,0,0,1,0,cpp,5.209842675202023e-11,0.0,0,0,0
0x4cd825,JZ,11,11,435,6,0x4cd81e,TEST,1,NonLeaf,rax(MOV) rax(MOV) ,rflags ,SETNZ,4,TEST,3,MOV,5,MOV,2,XOR,2,XOR,2,MOV,5,MOV,3,CALL_NEAR,5,MOV,9,0,1,0,0,0,JMP,0,0,1,0,0,0,CALL,0,1,5036051,5036504,5036075,0,0,1,1,cpp,5.209842675202023e-11,1.0,1,0,1
0x4cd80d,JNZ,22,11,258,6,0x4cd80b,TEST,1,NonLeaf,al(MOV) ,rflags ,TEST,2,MOV,2,SUB,4,MOV,3,PUSH,1,OR,2,XOR,2,MOV,2,MOV,5,TEST,3,0,1,1,0,0,RET,0,0,1,0,0,0,JE,0,0,5036032,5036303,5036051,0,1,0,1,cpp,1.0419685350404044e-10,0.5,0,0,0
0x4cd781,JNZ,11,0,8505,6,0x4cd77b,DEC,1,NonLeaf,rip(JNZ) ,rflags ,DEC,6,JMP,2,JNZ,6,DEC_LOCK,7,JZ,2,JMP,2,NOP,7,MOV,4,ADD,7,MOV,7,0,-1,-1,-1,-1,CALL,-1,1,0,1,0,0,JMP,0,0,5035899,5044410,5035911,0,0,1,0,cpp,5.209842675202023e-11,0.0,0,0,0
0x4cd76a,JZ,11,11,17,2,0x4cd763,CMP,1,NonLeaf,rip(JZ) ,rflags ,CMP,7,MOV,11,NOP,7,RET_NEAR,1,POP,1,DEC_LOCK,7,JNZ,6,JMP,2,DEC,6,JNZ,6,0,1,0,0,0,JNE,0,0,1,0,0,0,JNE,0,0,5035864,5035899,5035884,0,0,1,0,cpp,5.209842675202023e-11,1.0,1,0,1
0x4cd73e,JZ,11,11,12,2,0x4cd73c,TEST,1,NonLeaf,ebp(-1) ebp(-1) ,rflags ,TEST,2,JZ,2,MOV,11,SUB,7,JNZ,6,XOR,2,MOV,3,CALL_NEAR,5,ADD,4,POP,1,0,0,1,0,0,RET,0,0,1,0,0,0,CALL,0,1,5035836,5035850,5035840,0,0,0,1,cpp,5.209842675202023e-11,1.0,1,0,1
0x4cd722,JNZ,11,0,8573,6,0x4cd720,DEC,1,NonLeaf,rdx(-1) ,rflags ,DEC,2,JMP,2,JNZ,6,DEC_LOCK,3,JZ,2,SUB,7,MOV,11,JZ,2,TEST,2,JZ,2,0,-1,-1,-1,-1,CALL,-1,1,0,1,0,0,JE,0,0,5035808,5044383,5035816,0,0,1,1,cpp,5.209842675202023e-11,0.0,0,0,0
0x4cd713,JZ,11,11,13,2,0x4cd70c,CMP,1,NonLeaf,rip(JZ) ,rflags ,CMP,7,MOV,8,JNZ,2,SUB,4,MOV,7,DEC_LOCK,3,JNZ,6,JMP,2,DEC,2,JNZ,6,0,1,0,0,0,JNE,0,0,1,0,0,0,JNE,0,0,5035780,5035808,5035797,0,0,1,0,cpp,5.209842675202023e-11,1.0,1,0,1
0x4cd702,JNZ,11,0,38,2,0x4cd6fe,SUB,1,NonLeaf,rdx(MOV) ,rflags ,SUB,4,MOV,7,JNZ,2,MOV,2,TEST,2,MOV,8,CMP,7,JZ,2,DEC_LOCK,3,JNZ,6,0,0,1,0,0,JE,0,0,1,0,0,0,JE,0,0,5035767,5035816,5035780,0,0,1,1,cpp,5.209842675202023e-11,0.0,0,0,0
0x4cd6f5,JNZ,11,0,51,2,0x4cd6f1,TEST,1,NonLeaf,eax(-1) eax(-1) ,rflags ,MOV,2,TEST,2,AND,4,JNZ,2,TEST,3,MOV,7,SUB,4,JNZ,2,MOV,8,CMP,7,0,0,1,0,0,JE,0,0,0,0,0,0,JNE,0,0,5035757,5035816,5035767,0,0,1,1,cpp,5.209842675202023e-11,0.0,0,0,0
0x4cd6bb,JZ,11,11,213,6,0x4cd6b8,CMP,1,NonLeaf,rbx(-1) rdx(-1) ,rflags ,CMP,3,JZ,2,TEST,3,MOV,7,AND,5,MOV,4,TEST,3,JZ,2,CMP,3,JNZ,2,0,1,0,0,0,JMP,0,0,1,0,0,0,JE,0,0,5035704,5035920,5035713,0,0,1,0,cpp,5.209842675202023e-11,1.0,1,0,1
0x4cd6b6,JZ,11,0,55,2,0x4cd6b3,TEST,1,NonLeaf,rdx(MOV) rdx(MOV) ,rflags ,TEST,3,MOV,7,AND,5,MOV,2,ADD,4,CMP,3,JZ,6,MOV,4,TEST,3,JZ,2,0,1,0,0,0,JNE,0,0,1,0,0,0,JE,0,0,5035692,5035757,5035704,0,0,1,0,cpp,5.209842675202023e-11,0.0,0,0,0
0x4cd687,JNZ,11,0,8701,6,0x4cd684,CMPXCHG,1,NonLeaf,rdx(-1) esi(-1) eax(CMPXCHG) ,eax rflags ,CMPXCHG,3,JMP,2,JNZ,6,CMPXCHG_LOCK,4,JZ,2,MOV,7,MOV,7,MOV,4,MOV,2,ADD,4,0,-1,-1,-1,-1,CALL,-1,1,0,1,0,0,MOV,0,0,5035652,5044356,5035661,0,0,1,1,cpp,5.209842675202023e-11,0.0,0,0,0
0x4cd676,JZ,11,11,14,2,0x4cd66f,CMP,1,NonLeaf,rip(JZ) ,rflags ,CMP,7,MOV,5,JZ,2,CMP,4,MOV,9,CMPXCHG_LOCK,4,JNZ,6,JMP,2,CMPXCHG,3,JNZ,6,0,1,0,0,0,JNE,0,0,1,0,0,0,JNE,0,0,5035626,5035652,5035640,0,0,1,0,cpp,5.209842675202023e-11,1.0,1,0,1
0x4cd668,JZ,11,0,55,2,0x4cd664,CMP,1,NonLeaf,r8(MOV) rdx(MOV) ,rflags ,CMP,4,MOV,9,MOV,7,JNZ,2,AND,5,MOV,5,CMP,7,JZ,2,CMPXCHG_LOCK,4,JNZ,6,0,1,1,0,0,AND,0,0,1,0,0,0,JE,0,0,5035604,5035679,5035626,0,0,1,0,cpp,5.209842675202023e-11,0.0,0,0,0
0x4cd652,JNZ,11,0,90,2,0x4cd64d,AND,1,NonLeaf,eax(AND) ,eax rflags ,AND,5,MOV,2,MOV,7,ADD,7,MOV,2,MOV,7,MOV,9,CMP,4,JZ,2,MOV,5,0,1,1,0,0,JE,0,0,1,0,0,0,JE,0,0,5035579,5035692,5035604,0,0,0,0,cpp,5.209842675202023e-11,0.0,0,0,0
0x4cd62e,JNZ,11,0,8759,6,0x4cd627,CMPXCHG,1,NonLeaf,rip(JNZ) esi(-1) eax(CMPXCHG) ,eax rflags ,CMPXCHG,7,JMP,2,JNZ,6,CMPXCHG_LOCK,8,JZ,2,MOV,7,MOV,2,ADD,7,MOV,7,MOV,2,0,-1,-1,-1,-1,CALL,-1,1,0,1,0,0,MOV,0,0,5035559,5044325,5035572,0,0,1,1,cpp,5.209842675202023e-11,0.0,0,0,0
0x4cd615,JZ,11,11,18,2,0x4cd60e,CMP,1,NonLeaf,rip(JZ) ,rflags ,CMP,7,XOR,2,MOV,5,JZ,2,CMP,7,CMPXCHG_LOCK,8,JNZ,6,JMP,2,CMPXCHG,7,JNZ,6,0,1,0,0,0,JNE,0,0,1,0,0,0,JNE,0,0,5035527,5035559,5035543,0,0,1,0,cpp,5.209842675202023e-11,1.0,1,0,1
0x4cd605,JZ,11,0,54,2,0x4cd5fe,CMP,1,NonLeaf,rdx(MOV) rip(JZ) ,rflags ,CMP,7,MOV,9,CALL_NEAR,5,MOV,3,MOV,5,MOV,5,XOR,2,CMP,7,JZ,2,CMPXCHG_LOCK,8,0,1,1,0,0,JNE,0,0,1,0,0,0,JE,0,0,5035509,5035579,5035527,0,0,1,0,cpp,5.209842675202023e-11,0.0,0,0,0
0x4cd5e0,JZ,11,11,507,6,0x4cd5d9,TEST,1,NonLeaf,rax(MOV) rax(MOV) ,rflags ,SETNZ,4,TEST,3,XOR,2,MOV,5,JZ,6,XOR,2,MOV,5,MOV,3,CALL_NEAR,5,MOV,9,0,1,0,0,0,JMP,0,0,1,0,0,0,CALL,0,1,5035474,5035995,5035494,0,0,1,1,cpp,5.209842675202023e-11,1.0,1,0,1
0x4cd5cc,JZ,33,22,382,6,0x4cd5c9,TEST,1,NonLeaf,rdi(-1) ,rflags ,TEST,3,SUB,4,MOV,3,PUSH,1,PUSH,1,MOV,5,XOR,2,TEST,3,SETNZ,4,JZ,6,0,1,1,0,0,RET,0,0,1,0,0,0,JE,0,0,5035456,5035850,5035474,0,0,0,0,cpp,1.5629528025606067e-10,0.6666666666666666,1,0,1
0x4cd588,JNZ,1,0,8898,6,0x4cd586,DEC,1,NonLeaf,rdx(-1) ,rflags ,DEC,2,JMP,2,JNZ,6,DEC_LOCK,3,JZ,2,JMP,5,NOP,5,ADD,4,JMP,5,CALL_NEAR,5,0,-1,-1,-1,-1,CALL,-1,1,0,1,0,0,JMP,0,0,5035398,5044298,5035406,0,0,1,0,cpp,4.736220613820021e-12,0.0,0,0,0
0x4cd579,JZ,1,1,13,2,0x4cd572,CMP,1,NonLeaf,rip(JZ) ,rflags ,CMP,7,MOV,8,JNZ,6,SUB,4,JZ,6,DEC_LOCK,3,JNZ,6,JMP,2,DEC,2,JNZ,6,0,1,0,0,0,JNE,0,0,1,0,0,0,JNE,0,0,5035370,5035398,5035387,0,0,1,0,cpp,4.736220613820021e-12,1.0,1,0,1
0x4cd564,JNZ,1,0,-204,6,0x4cd560,SUB,1,NonLeaf,rdx(-1) ,rflags ,SUB,4,JZ,6,TEST,3,MOV,7,NOP,8,MOV,8,CMP,7,JZ,2,DEC_LOCK,3,JNZ,6,0,0,1,0,0,JNE,0,0,1,0,0,0,JE,0,0,5035360,5035160,5035370,0,0,1,1,cpp,4.736220613820021e-12,0.0,0,0,0
0x4cd55a,JZ,1,0,-194,6,0x4cd557,TEST,1,NonLeaf,rdx(MOV) rdx(MOV) ,rflags ,TEST,3,MOV,7,NOP,8,JMP,5,MOV,7,SUB,4,JNZ,6,MOV,8,CMP,7,JZ,2,0,0,1,0,0,JNE,0,0,1,0,0,0,JNE,0,0,5035344,5035160,5035360,0,0,1,1,cpp,4.736220613820021e-12,0.0,0,0,0
0x4cd4d0,JNBE,3,0,-432,6,0x4cd4cc,CMP,1,NonLeaf,rbx(-1) rax(MOV) ,rflags ,CMP,4,MOV,4,NOP,7,RET_NEAR,1,POP,2,JMP,5,NOP,5,MOV,3,JMP,5,NOP,8,0,0,0,0,0,JBE,0,0,1,0,0,0,JMP,0,0,5035208,5034784,5035222,0,0,0,0,cpp,1.420866184146006e-11,0.0,0,0,0
0x4cd4a9,JNZ,3,2,-209,6,0x4cd4a6,TEST,1,NonLeaf,rbx(MOV) rbx(MOV) ,rflags ,TEST,3,MOV,4,MOV,10,NOP,4,JNZ,6,ADD,4,MOV,3,POP,1,POP,1,POP,2,0,0,0,1,1,JNE,0,0,0,1,0,0,RET,1,0,5035160,5034968,5035183,0,0,0,0,cpp,1.420866184146006e-11,0.6666666666666666,1,1,1
0x4cd479,JBE,1,0,306,6,0x4cd476,CMP,1,NonLeaf,r13(-1) rax(SUB) ,rflags ,CMP,3,SUB,6,MOV,3,MOV,7,JZ,6,XOR,2,XOR,2,MOV,3,CALL_NEAR,4,CMP,4,0,1,0,0,0,CALL,0,1,1,1,0,0,CALL,0,1,5035110,5035435,5035135,0,0,1,1,cpp,4.736220613820021e-12,0.0,0,0,0
0x4cd460,JZ,1,1,176,6,0x4cd45e,TEST,1,NonLeaf,al(MOV) ,rflags ,TEST,2,MOV,2,JNZ,2,CMP,7,MOV,7,MOV,7,MOV,3,SUB,6,CMP,3,JBE,6,0,1,0,0,0,JMP,0,0,0,1,0,0,JBE,0,0,5035100,5035280,5035110,1,0,1,0,cpp,4.736220613820021e-12,1.0,1,0,1
0x4cd45a,JNZ,1,0,12,2,0x4cd453,CMP,1,NonLeaf,rip(JNZ) ,rflags ,CMP,7,MOV,7,MOV,7,MOV,4,MOV,7,MOV,2,TEST,2,JZ,6,MOV,7,MOV,3,0,1,1,0,0,JBE,0,0,1,0,0,0,JE,0,0,5035091,5035110,5035100,0,0,0,0,cpp,4.736220613820021e-12,0.0,0,0,0
0x4cd434,JNZ,1,0,188,6,0x4cd432,TEST,1,NonLeaf,eax(CMPXCHG) eax(CMPXCHG) ,rflags ,TEST,2,CMPXCHG,3,JMP,2,CMPXCHG_LOCK,4,JZ,2,MOV,7,MOV,4,MOV,7,MOV,7,CMP,7,0,1,0,0,0,CALL,0,1,1,0,0,0,MOV,1,0,5035058,5035248,5035066,0,0,1,1,cpp,4.736220613820021e-12,0.0,0,0,0
0x4cd427,JZ,1,1,8,2,0x4cd420,CMP,1,NonLeaf,rip(JZ) ,rflags ,CMP,7,MOV,5,XOR,2,JZ,6,CMP,4,CMPXCHG_LOCK,4,JMP,2,CMPXCHG,3,TEST,2,JNZ,6,0,1,0,0,0,CMPXCHG,0,0,1,0,0,0,JMP,0,0,5035033,5035055,5035049,0,0,1,0,cpp,4.736220613820021e-12,1.0,1,0,1
0x4cd413,JZ,1,0,389,6,0x4cd40f,CMP,1,NonLeaf,rbp(-1) rdx(-1) ,rflags ,CMP,4,JZ,2,TEST,3,MOV,7,XOR,3,XOR,2,MOV,5,CMP,7,JZ,2,CMPXCHG_LOCK,4,0,1,0,0,0,JMP,1,0,1,0,0,0,JE,0,0,5035023,5035416,5035033,0,0,1,0,cpp,4.736220613820021e-12,0.0,0,0,0
0x4cd40d,JZ,1,0,70,2,0x4cd40a,TEST,1,NonLeaf,rdx(MOV) rdx(MOV) ,rflags ,TEST,3,MOV,7,XOR,3,JZ,6,TEST,2,CMP,4,JZ,6,XOR,2,MOV,5,CMP,7,1,1,1,0,0,JNE,1,0,1,0,0,0,JE,0,0,5035011,5035091,5035023,0,0,0,0,cpp,4.736220613820021e-12,0.0,0,0,0
0x4cd3fa,JZ,1,0,158,6,0x4cd3f8,TEST,1,NonLeaf,eax(MOV) eax(MOV) ,rflags ,TEST,2,MOV,6,JZ,6,CMP,3,AND,6,XOR,3,MOV,7,TEST,3,JZ,2,CMP,4,0,0,1,0,0,JNE,0,0,1,0,0,0,XOR,0,0,5034994,5035160,5035008,0,0,1,0,cpp,4.736220613820021e-12,0.0,0,0,0
0x4cd3ec,JZ,2,1,172,6,0x4cd3e9,CMP,1,NonLeaf,edx(AND) ,rflags ,CMP,3,AND,6,JNZ,6,TEST,3,MOV,2,MOV,6,TEST,2,JZ,6,XOR,3,MOV,7,0,0,1,0,0,JNE,0,0,1,0,0,0,JE,0,0,5034979,5035160,5034994,0,0,1,0,cpp,9.47244122764004e-12,0.5,0,0,0
0x4cd3dd,JNZ,3,1,187,6,0x4cd3da,TEST,1,NonLeaf,dl(MOV) ,rflags ,TEST,3,MOV,2,NOP,3,MOV,9,SUB,7,AND,6,CMP,3,JZ,6,MOV,6,TEST,2,1,1,1,0,0,JNE,0,0,1,0,0,0,JE,0,0,5034968,5035160,5034979,0,1,1,0,cpp,1.420866184146006e-11,0.3333333333333333,0,0,0
0x4cd3b9,JZ,1,0,246,6,0x4cd3b6,TEST,1,NonLeaf,rbx(MOV) rbx(MOV) ,rflags ,TEST,3,MOV,7,JNZ,2,TEST,3,MOV,2,MOV,6,SUB,7,MOV,9,NOP,3,MOV,2,0,0,1,0,0,RET,0,0,1,0,0,0,NOP,0,0,5034927,5035183,5034943,0,0,0,0,cpp,4.736220613820021e-12,0.0,0,0,0
0x4cd380,JLE,3,3,328,6,0x4cd37e,TEST,1,NonLeaf,edx(MOV) edx(MOV) ,rflags ,TEST,2,MOV,7,MOV,6,JZ,2,TEST,3,MOV,7,MOV,4,CMP,4,JNBE,2,MOV,11,1,1,0,0,0,JA,0,0,1,0,0,0,JA,0,0,5034865,5035208,5034886,0,0,0,0,cpp,1.420866184146006e-11,1.0,1,0,1
0x4cd301,JZ,1,0,430,6,0x4cd2fe,TEST,1,NonLeaf,rbx(MOV) rbx(MOV) ,rflags ,TEST,3,MOV,6,MOV,7,SUB,4,PUSH,1,MOV,6,SUB,7,JMP,2,NOP,10,MOV,7,0,1,1,0,0,RET,0,0,1,0,0,0,JMP,0,0,5034720,5035183,5034759,0,0,0,0,cpp,4.736220613820021e-12,0.0,0,0,0
0x4ccf84,JZ,7,7,63,2,0x4ccf80,SUB,1,NonLeaf,rsi(SUB) rbx(-1) ,rsi rflags ,SUB,4,MOV,4,JNZ,6,TEST,2,SETNZ,3,MOV,7,MOV,5,SUB,6,MOV,3,SUB,7,0,1,0,0,0,RET,0,0,1,0,0,0,JBE,0,0,5033852,5033923,5033862,1,0,1,0,cpp,3.3153544296740137e-11,1.0,1,0,1
0x4ccf76,JNZ,1,0,135,6,0x4ccf74,TEST,1,NonLeaf,al(-1) al(-1) ,rflags ,TEST,2,SETNZ,3,TEST,2,CALL_NEAR,5,SAR,4,MOV,4,SUB,4,JZ,2,MOV,7,MOV,5,0,0,0,0,0,RET,0,0,0,0,0,0,JE,0,0,5033844,5033981,5033852,0,0,0,0,cpp,4.736220613820021e-12,0.0,0,0,0
0x4ccf4e,JLE,1,1,146,6,0x4ccf4c,TEST,1,NonLeaf,eax(MOV) eax(MOV) ,rflags ,TEST,2,MOV,6,JBE,2,CMP,3,MOV,4,MOV,7,MOV,4,MOV,4,SUB,3,SAR,4,0,1,0,0,0,CALL,0,1,1,0,0,0,CALL,0,1,5033798,5033952,5033812,0,0,1,1,cpp,4.736220613820021e-12,1.0,1,0,1
0x4ccf44,JBE,7,6,56,2,0x4ccf41,CMP,1,NonLeaf,rdx(MOV) rsi(MOV) ,rflags ,CMP,3,MOV,4,MOV,4,SUB,4,MOV,3,MOV,6,TEST,2,JLE,6,MOV,7,MOV,4,0,1,0,0,0,JE,0,0,1,0,0,0,JLE,0,0,5033776,5033852,5033798,0,0,0,0,cpp,3.3153544296740137e-11,0.8571428571428571,1,0,1
0x4cce74,JNZ,13,0,-72,2,0x4cce72,TEST,1,NonLeaf,al(-1) al(-1) ,rflags ,TEST,2,SETZ,3,CMP,3,CALL_NEAR,5,SAR,4,MOV,4,JMP,5,NOP,1,MOV,3,SUB,3,0,0,0,0,0,JMP,0,0,1,0,0,0,JMP,0,0,5033586,5033516,5033590,0,0,0,0,cpp,6.157086797966026e-11,0.0,0,0,0
0x4cce48,JLE,13,13,152,6,0x4cce46,TEST,1,NonLeaf,eax(MOV) eax(MOV) ,rflags ,TEST,2,MOV,6,NOP,10,JMP,5,MOV,5,MOV,7,MOV,3,MOV,4,MOV,4,SUB,3,0,1,0,0,0,CALL,0,1,1,0,0,0,CALL,0,1,5033536,5033696,5033550,0,0,1,1,cpp,6.157086797966026e-11,1.0,1,0,1
0x4ccdfe,JZ,1,1,-160,6,0x4ccdf8,AND,1,NonLeaf,edi(AND) ,edi rflags ,AND,6,JNLE,6,MOV,2,TEST,2,MOV,3,MOV,4,JMP,5,NOP,3,MOV,4,MOV,4,0,0,1,0,0,JE,0,0,1,0,0,0,JMP,0,0,5033464,5033310,5033476,0,0,0,1,cpp,4.736220613820021e-12,1.0,1,0,1
0x4ccdf2,JNLE,1,0,-148,6,0x4ccdee,TEST,1,NonLeaf,ecx(MOV) ecx(MOV) ,rflags ,MOV,2,TEST,2,MOV,3,MOV,4,MOV,4,AND,6,JZ,6,MOV,4,JMP,5,NOP,3,0,0,1,0,0,JE,0,0,1,0,0,0,JE,0,0,5033420,5033310,5033464,0,0,0,0,cpp,4.736220613820021e-12,0.0,0,0,0
0x4ccdc2,JZ,1,0,206,6,0x4ccdbf,CMP,1,NonLeaf,rax(MOV) rsi(-1) ,rflags ,CMP,3,MOV,4,JNZ,6,TEST,6,MOV,4,MOV,4,MOV,6,MOV,4,MOV,2,OR,3,0,1,0,0,0,JMP,0,0,1,0,0,0,MOV,0,0,5033403,5033616,5033416,0,0,1,0,cpp,4.736220613820021e-12,0.0,0,0,0
0x4ccdb5,JNZ,1,0,321,6,0x4ccdaf,TEST,1,NonLeaf,edi(-1) ,rflags ,TEST,6,MOV,4,JZ,6,CMP,5,NOP,3,MOV,4,CMP,3,JZ,6,MOV,4,MOV,6,0,1,0,0,0,CALL,0,1,1,1,0,0,JE,0,0,5033391,5033718,5033403,0,0,1,0,cpp,4.736220613820021e-12,0.0,0,0,0
0x4ccda5,JZ,1,1,283,6,0x4ccda0,CMP,1,NonLeaf,rbx(-1) ,rflags ,CMP,5,NOP,3,RET_NEAR,1,POP,2,POP,1,MOV,4,TEST,6,JNZ,6,MOV,4,CMP,3,0,0,0,0,0,CALL,0,1,1,0,0,0,MOV,0,0,5033376,5033664,5033387,0,0,1,0,cpp,4.736220613820021e-12,1.0,1,0,1
0x4ccd89,JZ,13,13,11,2,0x4ccd86,TEST,1,NonLeaf,ah(-1) ,rflags ,TEST,3,JNZ,6,TEST,2,MOV,2,MOV,3,CMP,3,JZ,6,MOVZX,4,POP,1,POP,1,0,0,0,0,0,MOVZX,0,0,1,0,0,0,JE,0,0,5033350,5033364,5033355,0,0,0,0,cpp,6.157086797966026e-11,1.0,1,0,1
0x4ccd80,JNZ,13,0,144,6,0x4ccd7e,TEST,1,NonLeaf,al(MOV) ,rflags ,TEST,2,MOV,2,MOV,3,MOV,4,LEA,4,TEST,3,JZ,2,CMP,3,JZ,6,MOVZX,4,0,1,0,0,0,CALL,0,1,1,0,0,0,JE,0,0,5033329,5033488,5033350,0,0,1,0,cpp,6.157086797966026e-11,0.0,0,0,0
0x4ccd6b,JZ,13,13,213,6,0x4ccd67,CMP,1,NonLeaf,rbx(-1) rdx(-1) ,rflags ,CMP,4,JZ,6,CMP,3,MOV,4,JZ,6,LEA,4,MOV,4,MOV,3,MOV,2,TEST,2,0,1,0,0,0,JLE,0,0,1,0,0,0,JNE,0,0,5033319,5033536,5033329,0,0,0,1,cpp,6.157086797966026e-11,1.0,1,0,1
0x4ccd61,JZ,187,174,287,6,0x4ccd5e,CMP,1,NonLeaf,ebp(-1) ,rflags ,CMP,3,MOV,4,JZ,6,TEST,3,MOV,4,CMP,4,JZ,6,LEA,4,MOV,4,MOV,3,0,1,0,0,0,JMP,0,0,1,0,0,0,JE,0,0,5033310,5033600,5033319,0,0,0,0,cpp,8.856732547843437e-10,0.93048128342246,1,0,1
0x4ccd54,JZ,186,0,364,6,0x4ccd51,TEST,1,NonLeaf,rsi(MOV) rsi(MOV) ,rflags ,TEST,3,MOV,4,JZ,2,MOV,2,TEST,6,MOV,4,CMP,3,JZ,6,CMP,4,JZ,6,0,0,0,0,0,CALL,0,1,1,0,0,0,MOV,0,0,5033293,5033664,5033306,0,0,1,0,cpp,8.809370341705237e-10,0.0,0,0,0
0x4ccd4b,JZ,187,1,85,2,0x4ccd43,TEST,1,NonLeaf,edi(-1) ,rflags ,MOV,2,TEST,6,JNZ,6,TEST,4,MOV,2,MOV,4,TEST,3,JZ,6,MOV,4,CMP,3,0,1,0,0,0,JE,0,0,1,0,0,0,JE,0,0,5033283,5033376,5033293,0,0,0,0,cpp,8.856732547843437e-10,0.0053475935828877,0,0,0
0x4ccd3d,JNZ,187,0,355,6,0x4ccd39,TEST,1,NonLeaf,dil(MOV) ,rflags ,TEST,4,MOV,2,MOV,3,PUSH,1,PUSH,1,TEST,6,MOV,2,JZ,2,MOV,4,TEST,3,0,1,0,0,0,JMP,0,0,1,0,0,0,JE,0,0,5033264,5033632,5033283,1,0,1,0,cpp,8.856732547843437e-10,0.0,0,0,0
0x4ccc9d,JZ,11,11,86,2,0x4ccc99,CMP,1,NonLeaf,rdi(-1) ,rflags ,CMP,4,SUB,4,MOV,3,PUSH,1,PUSH,1,MOV,6,TEST,2,JLE,2,MOV,7,MOV,4,0,1,1,0,0,JMP,0,0,1,0,0,0,JLE,0,0,5033104,5033203,5033119,0,0,0,0,cpp,5.209842675202023e-11,1.0,1,0,1
0x4cc8b2,JZ,11,11,-280,6,0x4cc8af,TEST,1,NonLeaf,r13(MOV) r13(MOV) ,rflags ,TEST,3,MOV,3,MOV,3,CALL_NEAR,5,MOV,5,LEA,4,MOV,5,MOV,3,MOV,3,CALL_NEAR,5,0,0,0,0,0,RET,1,0,1,0,0,0,CALL,0,1,5032105,5031834,5032120,0,0,0,1,cpp,5.209842675202023e-11,1.0,1,0,1
0x4cc850,JNZ,11,11,67,2,0x4cc845,CMP,1,NonLeaf,r13d(AND) ,rflags ,MOV,4,CMP,7,AND,7,OR,3,AND,6,MOV,8,MOV,5,SUB,6,MOV,3,SUB,7,0,1,0,0,0,CALL,0,1,1,0,0,0,JBE,0,0,5031980,5032083,5032018,0,0,1,0,cpp,5.209842675202023e-11,1.0,1,0,1
0x4cc826,JS,11,0,1027,6,0x4cc823,TEST,1,NonLeaf,r14d(MOV) r14d(MOV) ,rflags ,TEST,3,MOV,3,CALL_NEAR,5,JNZ,6,MOV,5,MOV,4,MOV,5,AND,6,OR,3,AND,7,0,1,0,0,0,JMP,1,0,1,0,0,0,JNE,0,0,5031971,5033001,5031980,0,0,0,1,cpp,5.209842675202023e-11,0.0,0,0,0
0x4cc815,JNZ,11,0,1113,6,0x4cc808,AND,1,NonLeaf,edx(MOV) ,edx rflags ,MOV,5,MOV,5,AND,3,OR,3,JNZ,2,CALL_NEAR,5,MOV,3,TEST,3,JS,6,MOV,4,0,1,0,0,0,CALL,0,1,1,0,0,0,CALL,0,1,5031941,5033070,5031963,0,0,1,1,cpp,5.209842675202023e-11,0.0,0,0,0
0x4cc803,JNZ,11,11,-54,2,0x4cc800,CMP,1,NonLeaf,rax(-1) r8(-1) ,rflags ,CMP,3,NOP,6,JZ,2,TEST,2,JZ,6,OR,3,AND,3,MOV,5,MOV,5,JNZ,6,0,0,0,1,1,JE,0,0,0,1,0,0,JNE,1,0,5031936,5031885,5031941,1,0,0,0,cpp,5.209842675202023e-11,1.0,1,1,1
0x4cc7f8,JZ,11,11,13,2,0x4cc7f6,TEST,1,NonLeaf,cl(-1) cl(-1) ,rflags ,TEST,2,JZ,6,NOP,1,CMP,3,JZ,6,NOP,6,CMP,3,JNZ,2,OR,3,AND,3,0,0,1,0,0,JNE,1,0,1,0,0,0,NOP,0,0,5031926,5031941,5031930,0,0,0,0,cpp,5.209842675202023e-11,1.0,1,0,1
0x4cc7f0,JZ,22,11,912,6,0x4cc7ec,CMP,1,NonLeaf,cl(-1) ,rflags ,NOP,1,CMP,3,JZ,6,CMP,3,JNLE,6,TEST,2,JZ,2,NOP,6,CMP,3,JNZ,2,0,1,0,0,0,JMP,0,0,1,0,0,0,JE,0,0,5031916,5032832,5031926,0,0,0,0,cpp,1.0419685350404044e-10,0.5,0,0,0
0x4cc7e6,JZ,22,0,938,6,0x4cc7e3,CMP,1,NonLeaf,cl(-1) ,rflags ,CMP,3,JNLE,6,JZ,6,CMP,3,MOVZX,3,CMP,3,NOP,1,JZ,6,TEST,2,JZ,2,0,1,0,0,0,JMP,0,0,1,0,0,0,JE,0,0,5031907,5032848,5031916,0,0,0,0,cpp,1.0419685350404044e-10,0.0,0,0,0
0x4cc7dd,JNLE,22,0,867,6,0x4cc7d4,CMP,0,NonLeaf,cl(-1) ,rflags ,JZ,6,CMP,3,MOVZX,3,ADD,4,MOV,3,CMP,3,JZ,6,CMP,3,NOP,1,JZ,6,0,1,0,0,0,JE,0,0,1,0,0,0,JE,0,0,5031901,5032768,5031907,0,0,0,0,cpp,1.0419685350404044e-10,0.0,0,0,0
0x4cc7d7,JZ,22,0,921,6,0x4cc7d4,CMP,1,NonLeaf,cl(MOVZX) ,rflags ,CMP,3,MOVZX,3,ADD,4,MOV,3,LEA,4,JNLE,6,CMP,3,JZ,6,CMP,3,NOP,1,1,1,0,0,0,JMP,0,0,1,0,0,0,JG,0,0,5031885,5032816,5031901,0,0,1,0,cpp,1.0419685350404044e-10,0.0,0,0,0
0x4cc778,JZ,11,11,1160,6,0x4cc775,CMP,1,NonLeaf,dl(MOVZX) ,rflags ,CMP,3,MOV,3,MOVZX,3,MOV,3,JNZ,2,CMP,3,JZ,2,CMP,3,JZ,6,MOV,7,0,1,0,0,0,JMP,0,0,1,0,0,0,JE,0,0,5031788,5032960,5031806,0,0,0,0,cpp,5.209842675202023e-11,1.0,1,0,1
0x4cc6df,JBE,11,0,97,2,0x4cc6dc,CMP,1,NonLeaf,rax(SUB) rdx(SUB) ,rflags ,CMP,3,SUB,7,MOV,3,SUB,6,MOV,5,MOV,3,CALL_NEAR,6,MOV,2,JMP,5,NOP,7,0,1,0,0,0,CALL,0,1,1,1,0,0,CALL,0,1,5031616,5031744,5031649,0,0,1,1,cpp,5.209842675202023e-11,0.0,0,0,0
0x4cc5f6,JLE,11,11,92,2,0x4cc5f4,TEST,1,NonLeaf,eax(MOV) eax(MOV) ,rflags ,TEST,2,MOV,6,JZ,6,TEST,4,CALL_NEAR,5,MOV,7,CMP,5,JZ,2,MOV,3,CALL_NEAR,5,0,1,1,0,0,CALL,0,1,1,0,0,0,JE,0,0,5031406,5031506,5031416,0,0,1,0,cpp,5.209842675202023e-11,1.0,1,0,1
0x4cc5e8,JZ,11,11,216,6,0x4cc5e4,TEST,1,NonLeaf,rbx(-1) ,rflags ,TEST,4,CALL_NEAR,5,XOR,2,MOV,3,JZ,6,MOV,6,TEST,2,JLE,2,MOV,7,CMP,5,0,1,0,0,0,JBE,0,0,1,1,0,0,JLE,0,0,5031396,5031616,5031406,0,0,0,0,cpp,5.209842675202023e-11,1.0,1,0,1
0x4cc5bd,JZ,11,0,251,6,0x4cc5ba,CMP,1,NonLeaf,eax(MOV) ,rflags ,CMP,3,MOV,3,MOV,3,PUSH,1,PUSH,1,MOV,2,XOR,3,AND,6,CMP,6,JZ,6,0,1,1,0,0,RET,0,0,1,0,0,0,JE,0,0,5031344,5031608,5031363,0,0,0,0,cpp,5.209842675202023e-11,0.0,0,0,0
0x4cc546,JNZ,187,0,-65,2,0x4cc540,TEST,1,NonLeaf,rbx(-1) ,rflags ,TEST,6,NOP,5,JMP,5,SUB,6,MOV,11,JMP,2,NOP,6,LEA,3,MOV,3,MOV,3,0,0,1,0,0,RET,0,0,1,0,0,0,JMP,0,0,5031232,5031173,5031240,1,0,1,0,cpp,8.856732547843437e-10,0.0,0,0,0
0x4cc4ff,JLE,187,187,65,2,0x4cc4e9,TEST,1,NonLeaf,eax(MOV) eax(MOV) ,rflags ,MOV,4,MOV,4,MOV,4,MOV,4,MOV,4,MOV,4,MOV,4,XOR,2,CMP,3,POP,1,0,1,0,0,0,JNE,0,0,1,0,0,0,MOV,0,0,5031135,5031232,5031169,0,0,0,0,cpp,8.856732547843437e-10,1.0,1,0,1
0x4cc4d8,JZ,187,187,7,2,0x4cc4d5,TEST,1,NonLeaf,ax(MOVZX) ax(MOVZX) ,rflags ,TEST,3,MOVZX,7,MOV,3,CALL_NEAR,4,MOV,3,TEST,3,JNZ,2,MOV,6,MOV,4,TEST,2,0,1,1,0,0,JLE,0,0,1,0,0,0,JNE,0,0,5031115,5031135,5031130,0,0,1,0,cpp,8.856732547843437e-10,1.0,1,0,1
0x4cc4b8,JNB,187,0,200,6,0x4cc4b5,CMP,1,NonLeaf,rdx(SUB) rax(-1) ,rflags ,CMP,3,SUB,7,MOV,3,MOV,7,MOV,3,MOV,3,MOV,3,MOV,3,CALL_NEAR,4,MOV,3,0,1,0,0,0,CALL,0,1,1,1,0,0,CALL,0,1,5031076,5031296,5031102,0,0,1,1,cpp,8.856732547843437e-10,0.0,0,0,0
0x4cc44d,JZ,187,187,291,6,0x4cc44a,CMP,1,NonLeaf,rax(MOV) rsi(MOV) ,rflags ,CMP,3,MOV,4,MOV,4,JNZ,6,MOV,3,MOV,7,MOV,6,SUB,7,MOV,3,SUB,7,0,1,0,0,0,JMP,0,0,1,0,0,0,JBE,0,0,5030978,5031280,5030995,0,0,0,0,cpp,8.856732547843437e-10,1.0,1,0,1
0x4cc43c,JNZ,187,0,228,6,0x4cc430,TEST,1,NonLeaf,rdi(-1) ,rflags ,MOV,3,MOV,3,TEST,6,NOP,5,RET_NEAR,1,MOV,4,MOV,4,CMP,3,JZ,6,MOV,7,0,1,0,0,0,JMP,0,0,1,0,0,0,JE,0,0,5030960,5031200,5030978,0,0,1,0,cpp,8.856732547843437e-10,0.0,0,0,0
0x4cc420,JNZ,188,187,16,2,0x4cc414,TEST,1,NonLeaf,rdx(-1) rdx(-1) ,rflags ,PUSH,1,MOV,3,PUSH,1,PUSH,2,PUSH,2,POP,1,POP,1,POP,2,POP,2,POP,2,0,1,0,0,0,JNE,0,0,1,0,0,0,RET,0,0,5030928,5030960,5030946,0,0,0,0,cpp,8.904094753981638e-10,0.9946808510638298,1,0,1
0x4cbb90,JZ,174,0,24,2,0x4cbb8d,TEST,1,NonLeaf,r12(-1) r12(-1) ,rflags ,TEST,3,JNZ,6,SUB,3,MOV,3,DIV,3,LEA,5,MOV,3,MOV,3,CALL_NEAR,5,SUB,3,0,0,1,0,0,SUB,0,0,1,0,0,0,CALL,0,1,5028749,5028776,5028754,0,0,0,1,cpp,8.241023868046836e-10,0.0,0,0,0
0x4cbb87,JNZ,174,0,153,6,0x4cbb84,SUB,1,NonLeaf,r15(SUB) rdx(DIV) ,r15 rflags ,SUB,3,MOV,3,DIV,3,XOR,2,MOV,3,TEST,3,JZ,2,LEA,5,MOV,3,MOV,3,0,1,0,0,0,JNE,0,0,1,0,0,0,JE,0,0,5028737,5028896,5028749,0,0,0,0,cpp,8.241023868046836e-10,0.0,0,0,0
0x4cbb77,JBE,174,0,10,2,0x4cbb73,CMP,1,NonLeaf,rcx(SUB) ,rflags ,CMP,4,XOR,2,SUB,4,MOV,4,JZ,6,MOV,3,XOR,2,DIV,3,MOV,3,SUB,3,0,1,1,0,0,JNE,0,0,1,0,0,0,DIV,0,0,5028713,5028737,5028729,0,0,0,0,cpp,8.241023868046836e-10,0.0,0,0,0
0x4cbb63,JZ,174,0,413,6,0x4cbb60,CMP,1,NonLeaf,eax(-1) ,rflags ,CMP,3,CALL_NEAR,4,MOV,3,MOV,5,JBE,6,MOV,4,SUB,4,XOR,2,CMP,4,JBE,2,0,1,0,0,0,JMP,0,0,1,0,0,0,JBE,0,0,5028704,5029120,5028713,0,0,0,0,cpp,8.241023868046836e-10,0.0,0,0,0
0x4cbb4e,JBE,174,0,548,6,0x4cbb4b,CMP,1,NonLeaf,r14(SUB) rax(SUB) ,rflags ,CMP,3,SUB,6,MOV,3,SUB,7,MOV,6,MOV,5,MOV,3,CALL_NEAR,4,CMP,3,JZ,6,0,1,0,0,0,CALL,0,1,1,1,0,0,CALL,0,1,5028654,5029234,5028692,0,0,1,1,cpp,8.241023868046836e-10,0.0,0,0,0
0x4cbb2c,JZ,768282,768108,124,2,0x4cbb29,TEST,1,NonLeaf,rax(LEA) rax(LEA) ,rflags ,TEST,3,LEA,4,MOV,3,SUB,3,ADD,3,MOV,7,MOV,6,SUB,7,MOV,3,SUB,6,0,1,0,0,0,SUB,0,0,1,0,0,0,JBE,0,0,5028645,5028776,5028654,0,0,0,0,cpp,3.638753045626873e-06,0.9997735206603824,1,0,1
0x4cbb01,JZ,768192,0,36,2,0x4cbafb,TEST,1,NonLeaf,rdx(SUB) rdx(SUB) ,rflags ,MOV,3,TEST,3,XOR,3,SUB,3,JBE,6,CMP,3,MOV,3,CMOVNBE,4,MOV,3,CALL_NEAR,5,0,0,1,0,0,JE,0,0,0,0,0,0,CALL,0,1,5028603,5028645,5028611,0,1,0,1,cpp,3.638326785771629e-06,0.0,0,0,0
0x4cbaef,JBE,768282,90,209,6,0x4cbaec,CMP,1,NonLeaf,rdx(MOV) rdi(MOV) ,rflags ,CMP,3,MOV,4,MOV,4,JZ,6,CMP,5,SUB,3,XOR,3,TEST,3,MOV,3,JZ,2,0,1,0,0,0,JMP,0,0,1,0,0,0,XOR,0,0,5028580,5028800,5028597,0,1,0,0,cpp,3.638753045626873e-06,0.000117144486009,0,0,0
0x4cbade,JZ,768282,0,242,6,0x4cbad9,CMP,1,NonLeaf,eax(AND) ,rflags ,CMP,5,AND,5,MOV,3,MOV,3,MOV,2,MOV,4,MOV,4,CMP,3,JBE,6,SUB,3,0,1,0,0,0,JA,0,0,1,0,0,0,JBE,0,0,5028556,5028816,5028580,0,0,0,0,cpp,3.638753045626873e-06,0.0,0,0,0
0x4cbac6,JZ,872235,103953,232,6,0x4cbac3,TEST,1,NonLeaf,rdx(-1) rdx(-1) ,rflags ,TEST,3,SUB,4,PUSH,1,MOV,3,PUSH,1,MOV,2,MOV,3,MOV,3,AND,5,CMP,5,0,1,1,0,0,RET,0,0,1,0,0,0,JE,0,0,5028528,5028782,5028556,0,0,0,0,cpp,4.131097387095306e-06,0.1191800374898966,0,0,0
0x4cb44e,JS,187,187,13,2,0x4cb44b,TEST,1,NonLeaf,rdx(MOV) rdx(MOV) ,rflags ,TEST,3,MOV,8,SUB,3,MOV,3,OR,5,ADD,3,MOV,8,ADD,4,POP,1,POP,1,0,1,1,0,0,RET,0,0,1,0,0,0,MOV,0,0,5026883,5026907,5026896,0,1,0,1,cpp,8.856732547843437e-10,1.0,1,0,1
0x4cb436,JNS,187,187,-38,2,0x4cb433,TEST,1,NonLeaf,rax(-1) rax(-1) ,rflags ,TEST,3,CALL_NEAR,5,JNZ,2,MOV,3,MOV,3,OR,5,MOV,3,SUB,3,MOV,8,TEST,3,0,1,0,0,0,JLE,0,0,1,0,0,0,SUB,1,0,5026867,5026832,5026872,0,0,0,1,cpp,8.856732547843437e-10,1.0,1,0,1
0x4cb42c,JNZ,187,0,80,2,0x4cb41b,TEST,1,NonLeaf,r12(-1) ,rflags ,MOV,3,MOV,3,MOV,5,TEST,6,JLE,2,CALL_NEAR,5,TEST,3,JNS,2,OR,5,MOV,3,1,1,0,0,0,CALL,0,1,1,0,0,0,CALL,0,1,5026843,5026940,5026862,0,0,1,1,cpp,8.856732547843437e-10,0.0,0,0,0
0x4cb419,JLE,187,187,87,2,0x4cb416,TEST,1,NonLeaf,rbx(SUB) rbx(SUB) ,rflags ,TEST,3,ADD,3,SUB,3,NOP,3,JMP,2,TEST,6,MOV,5,MOV,3,MOV,3,JNZ,2,0,1,0,0,0,JMP,1,0,0,0,1,1,JNE,0,0,5026832,5026928,5026843,0,0,0,0,cpp,8.856732547843437e-10,1.0,1,0,1
0x4cb403,JLE,187,0,117,2,0x4cb400,TEST,1,NonLeaf,rdx(-1) rdx(-1) ,rflags ,TEST,3,SUB,4,PUSH,1,PUSH,1,MOV,3,MOV,3,MOV,3,JMP,2,NOP,3,SUB,3,0,1,0,0,0,JMP,0,0,1,0,0,0,JMP,0,0,5026800,5026936,5026821,0,0,0,0,cpp,8.856732547843437e-10,0.0,0,0,0
0x4ca8dc,JZ,1,0,33,2,0x4ca8d9,TEST,1,NonLeaf,rax(-1) rax(-1) ,rflags ,TEST,3,CALL_NEAR,5,MOV,3,PUSH,1,INVALID,0,MOV,4,MOV,4,MOV,4,MOV,4,MOV,4,0,1,1,0,0,RET,0,0,1,0,0,0,MOV,0,0,5023961,5023997,5023966,0,0,0,1,cpp,4.736220613820021e-12,0.0,0,0,0
0x4c987d,JS,12,0,11,2,0x4c987b,TEST,1,Leaf,eax(MOV) eax(MOV) ,rflags ,TEST,2,MOV,3,JZ,2,TEST,6,INVALID,0,RET_NEAR,2,NOP,7,MOV,7,MOV,7,MOV,5,0,0,0,0,0,RET,0,0,1,0,0,0,REPZ RET,0,0,5019768,5019784,5019775,0,0,1,0,cpp,5.6834647365840245e-11,0.0,0,0,0
0x4c9876,JZ,12,0,18,2,0x4c9870,TEST,1,Leaf,rdi(-1) ,rflags ,TEST,6,INVALID,0,INVALID,0,INVALID,0,INVALID,0,MOV,3,TEST,2,JS,2,RET_NEAR,2,NOP,7,0,1,0,0,0,RET,0,0,1,0,0,0,JS,0,0,5019760,5019784,5019768,0,0,1,0,cpp,5.6834647365840245e-11,0.0,0,0,0
0x502f6f,JZ,128,0,21,2,0x502f6c,TEST,1,NonLeaf,rbp(-1) rbp(-1) ,rflags ,TEST,3,JNZ,2,CMP,6,XOR,9,ROR,4,MOV,3,CALL_NEAR,5,MOVZX,3,MOV,4,CALL_NEAR,2,0,0,0,0,0,JE,0,0,1,0,0,0,CALL,0,1,5255020,5255044,5255025,0,0,1,1,cpp,6.062362385689625e-10,0.0,0,0,0
0x4c57c3,JBE,40754,0,31,2,0x4c57c0,CMP,1,NonLeaf,rax(SUB) rdx(SUB) ,rflags ,CMP,3,SUB,7,MOV,3,SUB,6,MOV,5,MOVSXD,3,MOV,3,MOV,3,CALL_NEAR,3,ADD,3,0,1,0,0,0,CALL,0,1,1,1,0,0,CALL,0,1,5003172,5003234,5003205,0,0,1,1,cpp,1.930199348956211e-07,0.0,0,0,0
0x4c57a2,JLE,40754,0,-30,2,0x4c57a0,TEST,1,NonLeaf,ebx(-1) ebx(-1) ,rflags ,TEST,2,NOP,7,XOR,3,RET_NEAR,1,POP,2,MOV,7,MOV,5,SUB,6,MOV,3,SUB,7,0,0,1,0,0,RET,0,0,1,0,0,0,JBE,0,0,5003168,5003140,5003172,0,0,0,0,cpp,1.930199348956211e-07,0.0,0,0,0
0x4c573a,JLE,40754,40754,92,2,0x4c5735,CMP,1,NonLeaf,edx(-1) ,rflags ,MOV,2,CMP,3,MOV,5,MOV,4,IMUL,4,MOV,6,XOR,3,SUB,7,JMP,2,NOP,2,0,1,0,0,0,NOP,0,0,1,0,0,0,JMP,0,0,5003061,5003158,5003068,0,0,0,0,cpp,1.930199348956211e-07,1.0,1,0,1
0x4c5715,JZ,5820,5820,32,2,0x4c570c,CMP,1,NonLeaf,esi(-1) ,rflags ,MOV,6,CMP,3,JZ,2,CMP,3,SUB,4,MOVZX,4,MOV,10,MOV,3,IMUL,4,MOV,4,0,0,1,0,0,JLE,0,0,1,0,0,0,MOV,0,0,5003020,5003061,5003031,0,1,0,1,cpp,2.756480397243252e-08,1.0,1,0,1
0x4c570a,JZ,40754,34934,43,2,0x4c5707,CMP,1,NonLeaf,esi(-1) ,rflags ,CMP,3,SUB,4,PUSH,1,PUSH,1,PUSH,2,CMP,3,MOV,6,JZ,2,MOVZX,4,MOV,10,0,1,1,0,0,JLE,0,0,1,0,0,0,JE,0,0,5002992,5003061,5003020,0,0,0,0,cpp,1.930199348956211e-07,0.8571919320802865,1,0,1
0x4c5126,JZ,11,11,50,2,0x4c5122,TEST,1,NonLeaf,rbx(-1) ,rflags ,TEST,4,JZ,2,TEST,3,CALL_NEAR,5,MOV,3,TEST,3,JZ,2,MOV,6,MOV,5,TEST,2,0,0,1,0,0,RET,0,0,1,0,0,0,JE,0,0,5001506,5001560,5001512,1,0,0,0,cpp,5.209842675202023e-11,1.0,1,0,1
0x4c5120,JZ,11,0,68,2,0x4c511d,TEST,1,NonLeaf,rax(-1) rax(-1) ,rflags ,TEST,3,CALL_NEAR,5,MOV,3,MOV,3,MOV,3,TEST,4,JZ,2,TEST,3,JZ,2,MOV,6,0,1,0,0,0,CALL,0,1,1,0,0,0,JE,0,0,5001501,5001572,5001506,0,0,1,0,cpp,5.209842675202023e-11,0.0,0,0,0
0x4c50c7,JZ,11,0,153,6,0x4c50c4,TEST,1,NonLeaf,rax(-1) rax(-1) ,rflags ,TEST,3,CALL_NEAR,5,PUSH,1,MOV,5,MOV,3,LEA,7,LEA,7,MOV,3,XOR,2,MOV,3,0,1,0,0,0,JMP,0,0,1,0,0,0,CALL,0,1,5001412,5001568,5001421,0,0,0,1,cpp,5.209842675202023e-11,0.0,0,0,0
0x4c4ecd,JNZ,6,0,139,6,0x4c4ecb,DEC,1,NonLeaf,rsi(-1) ,rflags ,DEC,2,JMP,2,JNZ,6,DEC_LOCK,3,JZ,2,NOP,5,ADD,4,MOV,2,POP,1,POP,1,0,-1,-1,-1,-1,CALL,-1,1,0,1,0,0,NOP,0,0,5000907,5001048,5000915,0,0,1,0,cpp,2.8417323682920123e-11,0.0,0,0,0
0x4c4ebe,JZ,6,6,13,2,0x4c4eb7,CMP,1,NonLeaf,rip(JZ) ,rflags ,CMP,7,MOV,8,JNZ,2,SUB,4,MOV,7,DEC_LOCK,3,JNZ,6,JMP,2,DEC,2,JNZ,6,0,1,0,0,0,JNE,0,0,1,0,0,0,JNE,0,0,5000879,5000907,5000896,0,0,1,0,cpp,2.8417323682920123e-11,1.0,1,0,1
0x4c4ead,JNZ,6,0,43,2,0x4c4ea9,SUB,1,NonLeaf,rsi(MOV) ,rflags ,SUB,4,MOV,7,JNZ,2,TEST,6,NEG,2,MOV,8,CMP,7,JZ,2,DEC_LOCK,3,JNZ,6,0,0,1,0,0,RET,0,0,1,0,0,0,JE,0,0,5000866,5000920,5000879,0,0,0,1,cpp,2.8417323682920123e-11,0.0,0,0,0
0x4c4ea0,JNZ,6,0,56,2,0x4c4e9a,TEST,1,NonLeaf,rbx(-1) ,rflags ,TEST,6,NEG,2,SETNZ,3,TEST,2,XOR,2,MOV,7,SUB,4,JNZ,2,MOV,8,CMP,7,0,1,1,0,0,RET,0,0,1,0,0,0,JNE,0,0,5000849,5000920,5000866,0,0,0,1,cpp,2.8417323682920123e-11,0.0,0,0,0
0x4c4e89,JBE,6,0,106,2,0x4c4e86,CMP,1,NonLeaf,rax(SUB) rdx(SUB) ,rflags ,CMP,3,SUB,7,MOV,3,SUB,6,MOV,5,MOV,3,CALL_NEAR,3,XOR,2,TEST,2,SETNZ,3,0,1,0,0,0,CALL,0,1,1,1,0,0,CALL,0,1,5000810,5000947,5000843,0,0,1,1,cpp,2.8417323682920123e-11,0.0,0,0,0
0x4c4e4e,JNZ,6,0,239,6,0x4c4e4b,CMPXCHG,1,NonLeaf,rdx(-1) esi(-1) eax(CMPXCHG) ,eax rflags ,CMPXCHG,3,JMP,2,JNZ,6,CMPXCHG_LOCK,4,JZ,2,MOV,7,MOV,7,MOV,4,ADD,4,MOV,7,0,-1,-1,-1,-1,CALL,-1,1,0,1,0,0,MOV,0,0,5000779,5001021,5000788,0,0,1,1,cpp,2.8417323682920123e-11,0.0,0,0,0
0x4c4e3d,JZ,6,6,14,2,0x4c4e36,CMP,1,NonLeaf,rip(JZ) ,rflags ,CMP,7,MOV,5,JZ,2,CMP,4,MOV,9,CMPXCHG_LOCK,4,JNZ,6,JMP,2,CMPXCHG,3,JNZ,6,0,1,0,0,0,JNE,0,0,1,0,0,0,JNE,0,0,5000753,5000779,5000767,0,0,1,0,cpp,2.8417323682920123e-11,1.0,1,0,1
0x4c4e2f,JZ,6,0,55,2,0x4c4e2b,CMP,1,NonLeaf,r8(MOV) rdx(MOV) ,rflags ,CMP,4,MOV,9,MOV,7,JNZ,2,AND,5,MOV,5,CMP,7,JZ,2,CMPXCHG_LOCK,4,JNZ,6,0,1,1,0,0,ADD,0,0,1,0,0,0,JE,0,0,5000731,5000806,5000753,0,0,1,0,cpp,2.8417323682920123e-11,0.0,0,0,0
0x4c4e19,JNZ,6,0,81,2,0x4c4e14,AND,1,NonLeaf,eax(AND) ,eax rflags ,AND,5,MOV,2,JZ,6,TEST,3,SUB,4,MOV,7,MOV,9,CMP,4,JZ,2,MOV,5,0,1,1,0,0,JBE,0,0,1,0,0,0,JE,0,0,5000722,5000810,5000731,0,0,0,0,cpp,2.8417323682920123e-11,0.0,0,0,0
0x4c4e0c,JZ,6,0,220,6,0x4c4e09,TEST,1,NonLeaf,rdi(-1) rdi(-1) ,rflags ,TEST,3,SUB,4,MOV,3,PUSH,1,PUSH,1,MOV,2,AND,5,JNZ,2,MOV,7,MOV,9,0,1,0,0,0,JMP,0,0,1,0,0,0,JNE,0,0,5000704,5000936,5000722,0,0,0,0,cpp,2.8417323682920123e-11,0.0,0,0,0
0x4c4a06,JNZ,11,0,181,6,0x4c4a04,DEC,1,NonLeaf,rdx(-1) ,rflags ,DEC,2,JMP,2,JNZ,6,DEC_LOCK,3,JZ,2,JMP,5,CALL_NEAR,5,JMP,5,TEST,6,MOV,3,0,-1,-1,-1,-1,CALL,-1,1,0,1,0,0,JMP,0,0,4999684,4999867,4999692,0,0,1,0,cpp,5.209842675202023e-11,0.0,0,0,0
0x4c49f7,JZ,11,11,13,2,0x4c49f0,CMP,1,NonLeaf,rip(JZ) ,rflags ,CMP,7,MOV,8,NOP,7,JMP,5,MOV,2,DEC_LOCK,3,JNZ,6,JMP,2,DEC,2,JNZ,6,0,1,0,0,0,JNE,0,0,1,0,0,0,JNE,0,0,4999656,4999684,4999673,0,0,1,0,cpp,5.209842675202023e-11,1.0,1,0,1
0x4c49a5,JZ,11,11,-57,2,0x4c49a0,CMP,1,NonLeaf,rbx(-1) ,rflags ,CMP,5,NOP,4,RET_NEAR,1,POP,2,POP,1,MOV,3,CALL_NEAR,5,JMP,2,NOP,7,CALL_NEAR,5,0,0,1,0,0,JE,0,0,1,0,0,0,CALL,0,1,4999584,4999532,4999591,0,0,0,1,cpp,5.209842675202023e-11,1.0,1,0,1
0x4c4985,JZ,11,0,16,2,0x4c497e,CMP,1,NonLeaf,rbx(-1) rip(JZ) ,rflags ,CMP,7,JZ,2,CMP,7,JZ,2,CMP,7,MOV,6,MOV,3,CALL_NEAR,5,POP,1,MOV,2,0,0,1,0,0,RET,0,0,1,0,0,0,CALL,0,1,4999550,4999573,4999559,0,0,0,1,cpp,5.209842675202023e-11,0.0,0,1,0
0x4c497c,JZ,11,0,25,2,0x4c4975,CMP,1,NonLeaf,rbx(-1) rip(JZ) ,rflags ,CMP,7,JZ,2,CMP,7,JNZ,6,DEC,6,CMP,7,JZ,2,MOV,6,MOV,3,CALL_NEAR,5,0,0,1,0,0,RET,0,0,1,0,0,0,JE,0,0,4999541,4999573,4999550,0,0,0,0,cpp,5.209842675202023e-11,0.0,0,0,0
0x4c4973,JZ,11,0,34,2,0x4c496c,CMP,1,NonLeaf,rbx(-1) rip(JZ) ,rflags ,CMP,7,JNZ,6,DEC,6,JMP,2,JNZ,6,CMP,7,JZ,2,CMP,7,JZ,2,MOV,6,0,1,1,0,0,RET,0,0,1,0,0,0,JE,0,0,4999532,4999573,4999541,0,0,0,0,cpp,5.209842675202023e-11,0.0,0,0,0
0x4c48f7,JLE,11,11,169,6,0x4c48f5,TEST,1,NonLeaf,eax(MOV) eax(MOV) ,rflags ,TEST,2,MOV,6,CALL_NEAR,5,MOV,3,XOR,2,MOV,7,MOV,5,XOR,2,CMP,7,JZ,2,0,1,0,0,0,JE,0,0,1,0,0,0,JE,0,0,4999407,4999584,4999421,0,0,0,0,cpp,5.209842675202023e-11,1.0,1,0,1
0x4c48df,JBE,11,0,306,6,0x4c48dc,CMP,1,NonLeaf,rdx(SUB) rax(SUB) ,rflags ,CMP,3,SUB,6,MOV,3,SUB,7,MOV,5,XOR,2,MOV,3,CALL_NEAR,5,MOV,6,TEST,2,0,1,0,0,0,CALL,0,1,1,1,0,0,CALL,0,1,4999360,4999697,4999397,0,0,1,1,cpp,5.209842675202023e-11,0.0,0,0,0
0x4c48b4,JZ,11,11,308,6,0x4c48b0,SUB,1,NonLeaf,rdx(MOV) ,rflags ,SUB,4,MOV,7,JNZ,2,AND,3,JNZ,6,NOP,6,MOV,7,MOV,5,SUB,7,MOV,3,0,1,0,0,0,JE,0,0,1,0,0,0,NOP,0,0,4999337,4999656,4999354,0,0,1,0,cpp,5.209842675202023e-11,1.0,1,0,1
0x4c48a7,JNZ,11,0,25,2,0x4c48a4,AND,1,NonLeaf,ch(AND) ,ch rflags ,AND,3,JNZ,6,AND,3,SAR,3,SHL,3,MOV,7,SUB,4,JZ,6,NOP,6,MOV,7,0,1,1,0,0,JBE,0,0,1,0,0,0,JE,0,0,4999332,4999360,4999337,0,0,0,1,cpp,5.209842675202023e-11,0.0,0,0,0
0x4c489e,JNZ,11,11,306,6,0x4c489b,AND,1,NonLeaf,dh(AND) ,dh rflags ,AND,3,SAR,3,SHL,3,MOV,2,MOV,2,AND,3,JNZ,2,MOV,7,SUB,4,JZ,6,0,1,0,0,0,CALL,0,1,1,1,0,0,JNE,0,0,4999315,4999632,4999332,0,0,1,0,cpp,5.209842675202023e-11,1.0,1,0,1
0x4c4872,JNZ,11,0,496,6,0x4c486e,CMPXCHG,1,NonLeaf,r8(-1) esi(-1) eax(CMPXCHG) ,eax rflags ,CMPXCHG,4,JMP,2,JNZ,6,CMPXCHG_LOCK,5,JZ,2,MOV,7,MOV,7,MOV,2,MOV,4,ADD,5,0,-1,-1,-1,-1,CALL,-1,1,0,1,0,0,MOV,0,0,4999278,4999778,4999288,0,0,1,1,cpp,5.209842675202023e-11,0.0,0,0,0
0x4c485f,JZ,11,11,15,2,0x4c4858,CMP,1,NonLeaf,rip(JZ) ,rflags ,CMP,7,MOV,5,JZ,2,CMP,4,MOV,9,CMPXCHG_LOCK,5,JNZ,6,JMP,2,CMPXCHG,4,JNZ,6,0,1,0,0,0,JNE,0,0,1,0,0,0,JNE,0,0,4999251,4999278,4999265,0,0,1,0,cpp,5.209842675202023e-11,1.0,1,0,1
0x4c4851,JZ,11,0,59,2,0x4c484d,CMP,1,NonLeaf,r9(MOV) r8(MOV) ,rflags ,CMP,4,MOV,9,MOV,7,JNZ,2,AND,5,MOV,5,CMP,7,JZ,2,CMPXCHG_LOCK,5,JNZ,6,0,1,1,0,0,MOV,0,0,1,0,0,0,JE,0,0,4999229,4999308,4999251,0,0,1,0,cpp,5.209842675202023e-11,0.0,0,0,0
0x4c483b,JNZ,11,0,88,2,0x4c4836,AND,1,NonLeaf,eax(AND) ,eax rflags ,AND,5,MOV,2,JNZ,6,MOV,2,TEST,3,MOV,7,MOV,9,CMP,4,JZ,2,MOV,5,0,1,1,0,0,JNE,0,0,1,0,0,0,JE,0,0,4999220,4999315,4999229,0,0,0,0,cpp,5.209842675202023e-11,0.0,0,0,0
0x4c482e,JNZ,11,11,394,6,0x4c4829,TEST,1,NonLeaf,dh(MOV) ,rflags ,MOV,2,TEST,3,MOV,3,MOV,2,PUSH,1,MOV,2,AND,5,JNZ,2,MOV,7,MOV,9,0,1,0,0,0,CALL,0,1,1,1,0,0,JNE,0,0,4999200,4999608,4999220,0,0,1,0,cpp,5.209842675202023e-11,1.0,1,0,1
0x4c1d38,JNZ,7,7,-2967,6,0x4c1d2e,CMP,1,NonLeaf,eax(-1) ,rflags ,MOV,7,CMP,3,CALL_NEAR,5,MOV,7,MOV,3,CMP,7,JZ,6,MOV,7,MOV,6,CALL_NEAR,5,0,0,0,0,0,JNE,0,0,1,0,0,0,JE,1,0,4988206,4985249,4988222,0,0,0,0,cpp,3.3153544296740137e-11,1.0,1,0,1
0x4c1536,JNL,1936,0,-5012,6,0x4c1533,CMP,1,NonLeaf,eax(-1) r8d(-1) ,rflags ,CMP,3,JMP,5,TZCNT,6,JMP,5,MOV,6,LEA,4,SUB,4,MOV,3,LEA,4,MOV,3,0,0,0,0,0,CALL,0,1,1,0,0,0,CALL,0,1,4986163,4981154,4986172,0,0,1,1,cpp,9.169323108355561e-09,0.0,0,0,0
0x4c1439,JZ,18790,18790,-3010,6,0x4c1437,TEST,1,NonLeaf,al(-1) ,rflags ,TEST,2,JMP,5,MOV,3,MOV,4,LEA,4,MOV,6,TEST,2,JZ,6,MOV,7,TEST,3,0,0,0,0,0,JNE,0,0,1,0,0,0,JE,0,0,4985911,4982903,4985919,0,0,0,0,cpp,8.89935853336782e-08,1.0,1,0,1
0x4c11ac,JNZ,75074,56284,-44,2,0x4c11a8,SUB,1,NonLeaf,r15(SUB) ,r15 rflags ,SUB,4,SUB,2,LEA,5,MOV,2,MOV,4,MOV,3,JMP,5,MOV,3,MOV,3,MOV,3,0,0,0,1,1,JAE,0,0,1,0,0,0,JMP,1,0,4985249,4985216,4985262,0,0,0,0,cpp,3.555670263619242e-07,0.7497136158989797,1,1,1
0x4c1191,JNB,75074,7,2955,6,0x4c1188,CMP,1,NonLeaf,rax(MOV) rbx(-1) ,rflags ,MOVZX,5,CMP,4,MOV,4,ADD,4,NOP,5,LEA,4,MOV,4,MOV,2,LEA,5,SUB,2,1,1,0,0,0,CALL,0,1,1,0,0,0,MOV,0,0,4985216,4988188,4985239,0,0,1,1,cpp,3.555670263619242e-07,9.324133521592029e-05,0,0,0
0x4c1175,JZ,18790,0,-1453,6,0x4c116c,TEST,1,NonLeaf,rdi(-1) rdi(-1) ,rflags ,MOV,3,MOV,3,TEST,3,JNLE,2,MOV,3,NOP,5,ADD,4,MOV,4,CMP,4,MOVZX,5,0,0,0,0,0,JNE,0,0,1,0,0,0,NOP,0,0,4985196,4983752,4985211,0,0,0,0,cpp,8.89935853336782e-08,0.0,0,0,0
0x4c116a,JNLE,18790,0,-91,2,0x4c1163,CMP,1,NonLeaf,rdi(SUB) ,rflags ,MOV,3,CMP,4,SUB,3,JMP,5,ADD,3,TEST,3,MOV,3,MOV,3,JZ,6,NOP,5,0,0,0,0,0,JBE,0,0,1,0,0,0,JE,0,0,4985184,4985103,4985196,0,0,0,0,cpp,8.89935853336782e-08,0.0,0,0,0
0x4c0fa0,JNZ,16764,16764,1416,6,0x4c0f9b,TEST,1,NonLeaf,eax(XOR) eax(XOR) ,rflags ,MOV,3,TEST,2,XOR,4,BSR,6,MOV,3,MOV,3,TEST,3,JZ,6,SUB,3,TEST,3,0,1,0,0,0,JMP,1,0,1,0,0,0,MOV,0,0,4984721,4986152,4984742,0,0,0,0,cpp,7.939800237007882e-08,1.0,1,0,1
0x4c0f14,JNZ,18790,0,1481,6,0x4c0f12,TEST,1,NonLeaf,edx(MOV) edx(MOV) ,rflags ,TEST,2,MOV,3,JS,6,MOV,6,TEST,2,MOVSXD,4,MOV,6,MOV,10,MOV,10,LEA,5,0,1,0,0,0,JMP,0,0,1,0,0,0,JMP,0,0,4984591,4986077,4984602,0,0,1,1,cpp,8.89935853336782e-08,0.0,0,0,0
0x4c0f09,JS,18790,0,1936,6,0x4c0f01,TEST,1,NonLeaf,eax(MOVSXD) eax(MOVSXD) ,rflags ,MOV,6,TEST,2,MOV,7,MOVSXD,4,JMP,2,MOV,3,TEST,2,JNZ,6,MOVSXD,4,MOV,6,0,1,0,0,0,JMP,0,0,1,1,0,0,JNE,0,0,4984566,4986521,4984591,0,0,1,0,cpp,8.89935853336782e-08,0.0,0,0,0
0x4c0cfd,JZ,18790,18790,1850,6,0x4c0cfb,TEST,1,NonLeaf,al(MOVZX) ,rflags ,TEST,2,MOVZX,6,JMP,5,MOV,10,MOV,6,MOV,6,TEST,2,JZ,6,MOV,7,TEST,3,0,1,0,0,0,JE,0,0,1,0,0,0,JE,0,0,4984053,4985911,4984067,0,0,0,0,cpp,8.89935853336782e-08,1.0,1,0,1
0x4c0bdf,JZ,18790,18790,-3603,6,0x4c0bd6,TEST,1,NonLeaf,r12(-1) ,rflags ,MOV,3,TEST,6,JNZ,6,CMP,8,JNZ,2,MOV,7,TEST,3,JLE,6,MOVSXD,7,MOV,7,0,0,0,0,0,RET,0,0,1,0,0,0,JLE,0,0,4983766,4980172,4983781,0,0,0,0,cpp,8.89935853336782e-08,1.0,1,0,1
0x4c0bd0,JNZ,18790,0,3796,6,0x4c0bc8,CMP,1,NonLeaf,rbp(-1) ,rflags ,CMP,8,JNZ,2,SUB,4,ADD,4,JNZ,6,TEST,6,MOV,3,JZ,6,MOV,7,TEST,3,0,1,0,0,0,CALL,0,1,1,1,0,0,JE,0,0,4983752,4987556,4983766,0,0,1,0,cpp,8.89935853336782e-08,0.0,0,0,0
0x4c0b52,JZ,18790,18790,1550,6,0x4c0b4f,TEST,1,NonLeaf,r11d(MOV) r11d(MOV) ,rflags ,TEST,3,MOV,7,MOV,7,JNZ,6,TEST,6,MOV,7,MOV,3,ADD,4,SAR,4,CMP,4,0,1,0,0,0,JG,0,0,1,0,0,0,JA,0,0,4983624,4985184,4983640,0,0,0,0,cpp,8.89935853336782e-08,1.0,1,0,1
0x4c0aac,JZ,7570,0,3281,6,0x4c0aa0,CMP,1,NonLeaf,rbp(-1) esi(MOV) ,rflags ,MOV,6,CMP,6,MOV,2,ADD,3,JZ,6,ADD,6,JMP,5,NOP,3,MOV,4,JMP,5,0,1,0,0,0,JMP,0,0,1,0,0,0,JMP,0,0,4983456,4986749,4983474,1,1,0,0,cpp,3.5853190046617555e-08,0.0,0,0,0
0x4c0a95,JZ,7570,0,3026,6,0x4c0a8f,CMP,1,NonLeaf,rbp(-1) esi(-1) ,rflags ,CMP,6,ADC,7,CMP,4,SETNLE,4,TEST,2,ADD,3,MOV,2,CMP,6,MOV,6,JZ,6,0,1,0,0,0,JE,0,0,1,0,0,0,MOV,0,0,4983439,4986471,4983451,0,1,0,1,cpp,3.5853190046617555e-08,0.0,0,0,0
0x4c0a76,JNZ,7570,7570,25,2,0x4c0a70,CMP,1,NonLeaf,edi(-1) rbp(-1) ,rflags ,CMP,6,JZ,2,CMP,3,JZ,2,CMP,2,MOV,6,TEST,2,SETNLE,4,CMP,4,ADC,7,0,1,1,0,0,JE,0,0,1,0,0,0,ADC,0,0,4983408,4983439,4983416,0,0,0,1,cpp,3.5853190046617555e-08,1.0,1,1,1
0x4c0a6e,JZ,7570,0,-22,2,0x4c0a6b,CMP,1,NonLeaf,esi(-1) ,rflags ,CMP,3,JZ,2,CMP,2,ADD,3,MOV,2,CMP,6,JNZ,2,MOV,6,TEST,2,SETNLE,4,1,1,0,0,0,JE,0,0,0,1,0,0,JNE,1,0,4983403,4983384,4983408,0,0,1,0,cpp,3.5853190046617555e-08,0.0,0,0,0
0x4c0a4e,JNZ,7570,7570,29,2,0x4c0a4c,CMP,1,NonLeaf,esi(MOV) edx(MOV) ,rflags ,CMP,2,LEA,4,XOR,2,MOV,6,MOV,4,JMP,2,NOP,6,MOV,6,SUB,4,MOV,2,0,1,0,1,0,JE,0,0,1,0,0,0,JMP,0,0,4983356,4983403,4983376,0,0,0,0,cpp,3.5853190046617555e-08,1.0,1,0,1
0x4c0a36,JLE,7570,0,3191,6,0x4c0a32,CMP,1,NonLeaf,r13d(-1) ,rflags ,CMP,4,JZ,6,TEST,2,OR,3,AND,3,MOV,4,MOV,6,XOR,2,LEA,4,CMP,2,0,1,0,0,0,JNE,0,0,1,0,0,0,JNE,0,0,4983346,4986541,4983356,0,0,0,0,cpp,3.5853190046617555e-08,0.0,0,0,0
0x4c0a1c,JLE,18790,11220,-1025,6,0x4c0a19,CMP,1,NonLeaf,eax(-1) ,rflags ,CMP,3,JNZ,6,TEST,3,NOP,5,JMP,2,MOV,2,AND,3,OR,3,TEST,2,JZ,6,0,0,1,0,0,JG,0,0,1,0,0,0,OR,0,0,4983321,4982299,4983330,0,0,0,0,cpp,8.89935853336782e-08,0.5971261309207025,1,0,1
0x4c09f1,JNZ,75074,56284,-33,2,0x4c09ee,CMP,1,NonLeaf,edx(MOV) r13d(-1) ,rflags ,CMP,3,MOV,3,JBE,6,CMP,3,ADD,4,MOV,7,MOV,7,CALL_NEAR,5,MOV,3,JMP,2,1,1,0,0,0,JE,0,0,1,0,0,0,CALL,0,1,4983275,4983248,4983283,0,0,0,1,cpp,3.555670263619242e-07,0.7497136158989797,1,0,1
0x4c09d2,JZ,56284,0,1592,6,0x4c09d0,CMP,1,NonLeaf,ebx(-1) edx(-1) ,rflags ,CMP,2,NOP,7,JMP,2,MOV,3,MOV,3,MOV,2,ADD,4,ADD,4,CMP,3,JBE,6,0,1,0,0,0,CALL,0,1,1,0,0,0,ADD,0,0,4983248,4984842,4983256,0,0,1,1,cpp,2.665734410282461e-07,0.0,0,0,0
0x4c0999,JBE,18790,0,412,6,0x4c098f,CMP,1,NonLeaf,r15(-1) r14(-1) ,rflags ,MOV,7,CMP,3,ADD,3,MOV,7,AND,8,MOV,7,MOV,7,MOV,7,MOV,6,MOV,7,0,0,1,0,0,JNE,0,0,1,0,0,0,JMP,0,0,4983173,4983605,4983199,0,1,0,1,cpp,8.89935853336782e-08,0.0,0,0,0
0x4c0963,JZ,18790,0,14,2,0x4c095e,AND,1,NonLeaf,eax(AND) ,eax rflags ,AND,5,JNZ,2,CMP,3,OR,9,SUB,7,LEA,4,SUB,3,OR,5,LEA,5,MOV,7,0,1,1,0,0,AND,0,0,1,0,0,0,OR,0,0,4983134,4983153,4983141,0,0,1,1,cpp,8.89935853336782e-08,0.0,0,0,0
0x4c095c,JNZ,18790,0,-19,2,0x4c0959,CMP,1,NonLeaf,rsp(-1) rsi(-1) ,rflags ,CMP,3,OR,9,SUB,7,JMP,2,MOV,3,AND,5,JZ,2,LEA,4,SUB,3,OR,5,1,1,0,0,0,OR,0,0,1,1,0,0,JE,1,0,4983129,4983113,4983134,1,0,1,0,cpp,8.89935853336782e-08,0.0,0,1,0
0x4c0926,JNZ,18790,0,5008,6,0x4c091e,CMP,1,NonLeaf,rbp(-1) ,rflags ,CMP,8,ADD,3,LEA,5,IMUL,8,MOV,7,LEA,4,MOV,3,AND,4,MOV,3,AND,7,0,1,0,0,0,CALL,0,1,1,0,0,0,JMP,0,0,4983040,4988086,4983084,0,0,1,0,cpp,8.89935853336782e-08,0.0,0,0,0
0x4c08e0,JZ,18790,18790,4180,6,0x4c08dd,TEST,1,NonLeaf,rdi(MOV) rdi(MOV) ,rflags ,TEST,3,MOV,7,MOV,7,CALL_NEAR,5,MOV,7,CALL_NEAR,5,MOV,3,MOV,7,MOVSXD,7,IMUL,4,0,1,0,0,0,JMP,0,0,1,0,0,0,CALL,0,1,4982991,4987188,4983014,0,0,1,1,cpp,8.89935853336782e-08,1.0,1,0,1
0x4c08a6,JZ,18790,18790,29,2,0x4c0895,TEST,1,NonLeaf,r12(-1) ,rflags ,MOV,11,TEST,6,JNZ,6,TEST,2,MOV,6,MOV,7,MOV,4,MOV,3,MOV,6,MOV,7,0,1,1,0,0,CALL,0,1,1,0,0,0,MOV,0,0,4982933,4982979,4982952,0,0,1,1,cpp,8.89935853336782e-08,1.0,1,0,1
0x4c088f,JNZ,18790,0,2147,6,0x4c088d,TEST,1,NonLeaf,eax(MOV) eax(MOV) ,rflags ,TEST,2,MOV,6,JZ,6,CMP,6,JNZ,2,TEST,6,MOV,11,JZ,2,MOV,7,MOV,4,0,1,0,0,0,JMP,0,0,1,0,0,0,JE,0,0,4982919,4985074,4982933,0,0,1,1,cpp,8.89935853336782e-08,0.0,0,0,0
0x4c0881,JZ,18790,0,3951,6,0x4c087b,CMP,1,NonLeaf,r12(-1) ,rflags ,CMP,6,JNZ,2,TEST,2,ADD,4,MOVZX,6,MOV,6,TEST,2,JNZ,6,TEST,6,MOV,11,0,1,0,0,0,JLE,0,0,0,0,0,0,JNE,0,0,4982907,4986864,4982919,0,0,0,0,cpp,8.89935853336782e-08,0.0,0,0,0
0x4c0879,JNZ,18790,0,14,2,0x4c0877,TEST,1,NonLeaf,al(-1) ,rflags ,TEST,2,ADD,4,MOVZX,6,MOV,6,MOV,4,CMP,6,JZ,6,MOV,6,TEST,2,JNZ,6,0,1,0,0,0,JNE,0,0,1,0,0,0,JE,0,0,4982903,4982919,4982907,0,0,0,0,cpp,8.89935853336782e-08,0.0,0,0,0
0x4c082d,JZ,18790,18790,1224,6,0x4c082b,TEST,1,NonLeaf,eax(-1) eax(-1) ,rflags ,TEST,2,XOR,3,NOP,3,JMP,5,MOV,7,MOV,6,TEST,2,JZ,6,MOV,7,TEST,3,0,1,0,0,0,JE,0,0,1,0,0,0,JE,0,0,4982827,4984053,4982835,0,0,0,0,cpp,8.89935853336782e-08,1.0,1,0,1
0x4c07f0,JS,77,0,2502,6,0x4c07ed,TEST,1,NonLeaf,r8d(-1) r8d(-1) ,rflags ,TEST,3,JMP,5,MOV,5,CALL_NEAR,5,MOV,7,LEA,4,MOV,3,MOV,3,CALL_NEAR,5,MOV,4,0,1,0,0,0,CALL,0,1,1,0,0,0,CALL,1,1,4982765,4985270,4982774,0,0,1,1,cpp,3.6468898726414154e-10,0.0,0,0,0
0x4c07c3,JZ,90,90,4008,6,0x4c07c0,CMP,1,NonLeaf,rax(-1) r13(-1) ,rflags ,CMP,3,CALL_NEAR,5,MOV,3,MOV,3,MOVSXD,3,MOV,6,TEST,2,JZ,6,MOV,7,CALL_NEAR,5,0,1,0,0,0,JMP,0,0,0,0,0,0,JE,0,0,4982720,4986731,4982729,0,0,0,0,cpp,4.262598552438017e-10,1.0,1,0,1
0x4c07ac,JZ,90,90,3690,6,0x4c07aa,TEST,1,NonLeaf,edx(MOV) edx(MOV) ,rflags ,TEST,2,MOV,6,JLE,6,TEST,2,JZ,6,MOVSXD,3,MOV,3,MOV,3,CALL_NEAR,5,CMP,3,0,1,0,0,0,CALL,0,1,1,0,0,0,CALL,0,1,4982692,4986390,4982706,0,0,1,1,cpp,4.262598552438017e-10,1.0,1,0,1
0x4c079e,JLE,18790,18700,138,6,0x4c079c,TEST,1,NonLeaf,edi(-1) edi(-1) ,rflags ,TEST,2,JZ,6,CMP,3,MOV,5,JNZ,6,MOV,6,TEST,2,JZ,6,MOVSXD,3,MOV,3,0,0,0,0,0,XOR,0,0,1,0,0,0,JE,0,0,4982684,4982824,4982692,0,0,0,0,cpp,8.89935853336782e-08,0.9952102182011708,1,0,1
0x4c0796,JZ,18790,0,146,6,0x4c0793,CMP,1,NonLeaf,esi(MOV) ,rflags ,CMP,3,MOV,5,JNZ,6,MOV,6,AND,3,TEST,2,JLE,6,MOV,6,TEST,2,JZ,6,0,0,0,0,0,XOR,0,0,1,0,0,0,JLE,0,0,4982670,4982824,4982684,0,0,0,0,cpp,8.89935853336782e-08,0.0,0,0,0
0x4c0788,JNZ,18790,0,160,6,0x4c077f,AND,1,NonLeaf,edx(AND) ,edx rflags ,MOV,6,AND,3,SUB,2,SAR,4,MOV,6,MOV,5,CMP,3,JZ,6,TEST,2,JLE,6,0,1,0,0,0,XOR,0,0,1,0,0,0,JE,0,0,4982627,4982824,4982670,0,0,0,0,cpp,8.89935853336782e-08,0.0,0,0,0
0x4c075a,JZ,18790,18790,9,2,0x4c0757,TEST,1,NonLeaf,dl(-1) ,rflags ,TEST,3,JNZ,2,TEST,2,MOVZX,6,MOV,6,SUB,7,MOV,3,SUB,3,MOV,3,MOV,7,0,0,1,0,0,JNE,0,0,0,0,0,0,SUB,0,0,4982615,4982627,4982620,1,0,1,1,cpp,8.89935853336782e-08,1.0,1,0,1
0x4c0755,JNZ,18790,0,7,2,0x4c0753,TEST,1,NonLeaf,eax(MOV) eax(MOV) ,rflags ,TEST,2,MOVZX,6,MOV,6,MOV,2,LEA,4,TEST,3,JZ,2,SUB,7,MOV,3,SUB,3,0,1,0,0,0,SUB,0,0,1,0,0,0,JE,0,0,4982599,4982620,4982615,0,0,1,0,cpp,8.89935853336782e-08,0.0,0,0,0
0x4c06ba,JZ,18790,18790,141,6,0x4c06b7,CMP,1,NonLeaf,eax(MOV) ,rflags ,CMP,3,MOV,3,JNZ,6,TEST,2,MOV,6,MOV,3,TEST,2,JNZ,6,MOV,3,CMP,4,0,1,1,0,0,JNE,1,0,1,0,0,0,JNE,0,0,4982452,4982599,4982464,0,0,0,0,cpp,8.89935853336782e-08,1.0,1,0,1
0x4c0663,JZ,18790,18790,81,2,0x4c065b,CMP,1,NonLeaf,rbp(-1) ,rflags ,CMP,8,CMOVZ,4,LEA,4,CMP,4,MOV,6,MOV,6,CMP,6,MOV,7,JZ,2,MOV,7,0,1,1,0,0,JE,1,0,1,0,0,0,JE,0,0,4982363,4982452,4982373,0,0,0,0,cpp,8.89935853336782e-08,1.0,1,0,1
0x4c063f,JNZ,18790,18790,28,2,0x4c063c,TEST,1,NonLeaf,r13d(-1) r13d(-1) ,rflags ,TEST,3,JZ,2,CMP,5,JZ,2,CMP,3,TEST,6,JNZ,2,MOV,6,CMP,4,LEA,4,0,1,1,0,0,JE,0,0,1,0,0,0,JNE,0,0,4982332,4982363,4982337,0,0,0,0,cpp,8.89935853336782e-08,1.0,1,0,1
0x4c061e,JNLE,18790,0,23,2,0x4c061b,CMP,1,NonLeaf,r13d(-1) esi(-1) ,rflags ,CMP,3,JNZ,6,CMP,5,JZ,6,CMP,5,JMP,2,NOP,6,SUB,4,SUB,4,CMP,3,0,1,0,1,0,JE,0,0,1,0,0,0,JMP,0,0,4982299,4982325,4982304,0,0,0,0,cpp,8.89935853336782e-08,0.0,0,0,0
0x4c05ff,JBE,18790,18790,1041,6,0x4c05f4,CMP,0,NonLeaf,di(-1) ,rflags ,JZ,6,CMP,5,AND,5,MOVZX,4,FNSTCW,3,CMP,5,JZ,6,CMP,5,JNZ,6,CMP,3,0,1,0,0,0,JNE,0,0,1,0,0,0,JE,0,0,4982271,4983312,4982277,0,0,0,0,cpp,8.89935853336782e-08,1.0,1,0,1
0x4c05f9,JZ,18790,0,2438,6,0x4c05f4,CMP,1,NonLeaf,di(AND) ,rflags ,CMP,5,AND,5,MOVZX,4,FNSTCW,3,NOP,3,JBE,6,CMP,5,JZ,6,CMP,5,JNZ,6,0,1,0,0,0,JNE,0,0,1,0,0,0,JBE,0,0,4982248,4984703,4982271,0,0,0,0,cpp,8.89935853336782e-08,0.0,0,0,0
0x4c05e0,JNZ,74,54,-16,2,0x4c05dc,SUB,1,NonLeaf,rdi(SUB) ,rdi rflags ,SUB,4,JNZ,6,CMP,6,NOP,10,JMP,2,XOR,3,NOP,3,FNSTCW,3,MOVZX,4,AND,5,1,1,0,0,0,JNE,0,0,0,0,0,0,NOP,1,0,4982236,4982224,4982242,0,0,0,0,cpp,3.5048032542268145e-10,0.7297297297297297,1,1,1
0x4c05d6,JNZ,54,34,3911,6,0x4c05d0,CMP,1,NonLeaf,r8(-1) rdi(-1) ,rflags ,CMP,6,NOP,10,JMP,2,JZ,2,CMP,6,SUB,4,JNZ,2,XOR,3,NOP,3,FNSTCW,3,0,1,0,0,0,JMP,1,0,0,0,1,1,JNE,0,0,4982224,4986141,4982236,0,1,0,0,cpp,2.5575591314628107e-10,0.6296296296296297,1,0,1
0x4c05c2,JZ,54,54,26,2,0x4c05bc,CMP,1,NonLeaf,r8(MOV) r10(-1) ,rflags ,CMP,6,MOV,4,JZ,2,MOV,3,TEST,3,JMP,2,NOP,10,CMP,6,JNZ,6,SUB,4,0,1,0,1,0,JNE,0,0,1,0,0,0,JMP,0,0,4982200,4982236,4982212,0,0,0,0,cpp,2.5575591314628107e-10,1.0,1,0,1
0x4c05b6,JZ,54,0,44,2,0x4c05b0,TEST,1,NonLeaf,r10(-1) r10(-1) ,rflags ,MOV,3,TEST,3,JNZ,2,MOV,6,CMP,5,MOV,4,CMP,6,JZ,2,JMP,2,NOP,10,0,1,0,0,0,NOP,0,0,1,0,0,0,JE,0,0,4982192,4982242,4982200,0,0,0,0,cpp,2.5575591314628107e-10,0.0,0,0,0
0x4c05ae,JNZ,7514,7460,58,2,0x4c05a3,CMP,1,NonLeaf,rbp(-1) ,rflags ,MOV,6,CMP,5,JZ,6,CMP,4,MOV,4,TEST,3,MOV,3,JZ,2,MOV,4,CMP,6,0,0,1,0,0,JE,0,0,1,0,0,0,JE,0,0,4982179,4982248,4982192,0,0,1,0,cpp,3.5587961692243643e-08,0.9928134149587436,1,0,1
0x4c059d,JZ,11220,11166,2818,6,0x4c0599,CMP,1,NonLeaf,r10(MOV) ,rflags ,CMP,4,MOV,4,JNZ,2,MOV,6,CMP,3,CMP,5,MOV,6,JNZ,2,TEST,3,MOV,3,0,1,0,0,0,JE,0,0,1,0,0,0,JNE,0,0,4982165,4984991,4982179,0,0,0,0,cpp,5.314039528706063e-08,0.9951871657754012,1,0,1
0x4c0593,JNZ,18790,7570,85,2,0x4c058a,CMP,1,NonLeaf,eax(-1) ,rflags ,MOV,6,CMP,3,JZ,2,MOV,6,MOV,6,MOV,4,CMP,4,JZ,6,CMP,5,MOV,6,0,0,1,0,0,JE,0,0,0,0,0,0,JE,0,0,4982154,4982248,4982165,0,0,1,0,cpp,8.89935853336782e-08,0.4028738690792975,0,0,0
0x4c0588,JZ,18790,0,13,2,0x4c0579,CMP,1,NonLeaf,eax(-1) ,rflags ,MOV,6,MOV,6,CMP,3,CALL_NEAR,5,MOV,6,CMP,3,MOV,6,JNZ,2,MOV,4,CMP,4,0,1,0,0,0,JE,0,0,1,0,0,0,JNE,0,0,4982137,4982165,4982154,0,0,0,0,cpp,8.89935853336782e-08,0.0,0,0,0
0x4c055b,JZ,18790,0,1381,6,0x4c0555,CMP,1,NonLeaf,edx(MOV) rbp(-1) ,rflags ,CMP,6,MOV,4,MOV,3,MOV,3,MOV,3,MOV,7,MOV,6,MOV,6,CALL_NEAR,5,CMP,3,0,1,0,0,0,JMP,0,0,1,1,0,0,CALL,0,1,4982097,4983488,4982113,0,0,0,1,cpp,8.89935853336782e-08,0.0,0,0,0
0x4c050d,JNZ,3448,3448,-77,2,0x4c050a,TEST,1,NonLeaf,r8d(MOV) r8d(MOV) ,rflags ,TEST,3,MOV,7,JNZ,2,CMP,3,MOV,3,ADD,7,MOV,6,MOV,6,ADD,7,ADD,2,0,0,0,0,0,MOV,0,0,1,0,0,0,JMP,0,0,4982019,4981952,4982031,0,0,1,1,cpp,1.6330488676451432e-08,1.0,1,0,1
0x4c0501,JNZ,18790,15342,-65,2,0x4c04fe,CMP,1,NonLeaf,eax(-1) ,rflags ,CMP,3,MOV,3,CALL_NEAR,5,ADD,4,ADD,4,MOV,7,TEST,3,JNZ,2,ADD,7,MOV,6,0,1,0,0,0,MOV,0,0,1,0,0,0,JNE,0,0,4982011,4981952,4982019,0,0,1,0,cpp,8.89935853336782e-08,0.8164981373070782,1,0,1
0x4c04de,JLE,18790,18790,100,2,0x4c04d7,CMP,1,NonLeaf,rbp(-1) r15d(-1) ,rflags ,CMP,7,JL,2,MOV,2,CMP,3,MOV,10,CMP,5,JLE,2,MOV,7,ADD,4,ADD,4,0,1,1,0,0,MOV,1,0,1,0,0,0,JLE,0,0,4981975,4982082,4981984,1,0,0,0,cpp,8.89935853336782e-08,1.0,1,0,1
0x4c04d5,JL,37580,18790,18,2,0x4c04d0,CMP,1,NonLeaf,r15d(-1) eax(MOV) ,rflags ,MOV,2,CMP,3,MOV,10,MOV,6,JMP,2,CMP,7,JLE,2,CMP,5,JLE,2,MOV,7,1,1,0,0,0,CALL,0,1,1,1,0,0,JLE,0,0,4981968,4981991,4981975,1,0,1,0,cpp,1.7798717066735637e-07,0.5,0,0,0
0x4c0490,JLE,18790,0,2018,6,0x4c048e,TEST,1,NonLeaf,eax(MOV) eax(MOV) ,rflags ,TEST,2,MOV,6,MOV,2,MOV,10,LEA,4,XOR,3,MOV,6,MOV,3,MOV,10,MOV,3,0,0,0,0,0,JMP,0,0,1,0,0,0,JMP,0,0,4981896,4983922,4981910,0,1,0,1,cpp,8.89935853336782e-08,0.0,0,0,0
0x4c046c,JLE,18790,0,2004,6,0x4c0469,TEST,1,NonLeaf,r11d(MOV) r11d(MOV) ,rflags ,TEST,3,MOV,7,JNZ,2,TEST,6,LEA,5,MOV,6,LEA,4,MOV,10,MOV,2,MOV,6,0,1,0,0,0,JLE,0,0,0,0,0,0,MOV,0,0,4981858,4983872,4981874,0,0,0,1,cpp,8.89935853336782e-08,0.0,0,0,0
0x4c0460,JNZ,18790,0,18,2,0x4c045a,TEST,1,NonLeaf,r12(-1) ,rflags ,TEST,6,LEA,5,SUB,3,MOV,6,MOV,2,MOV,7,TEST,3,JLE,6,MOV,6,LEA,4,0,1,0,0,0,MOV,0,0,1,0,0,0,JLE,0,0,4981850,4981874,4981858,0,0,1,0,cpp,8.89935853336782e-08,0.0,0,0,0
0x4c0434,JNLE,37494,18704,-20,2,0x4c0431,CMP,1,NonLeaf,r15d(-1) ebx(ADD) ,rflags ,CMP,3,ADD,4,MOV,5,CALL_NEAR,5,MOV,3,MOV,6,MOV,7,MOV,7,MOV,2,MOV,6,0,0,0,1,1,CALL,0,1,1,1,0,0,LEA,1,0,4981800,4981792,4981814,0,0,1,1,cpp,1.7757985569456785e-07,0.4988531498373073,0,1,0
0x4c03ea,JLE,18790,0,4689,6,0x4c03e7,TEST,1,NonLeaf,r15d(MOV) r15d(MOV) ,rflags ,TEST,3,XOR,3,MOV,7,JZ,6,CMP,4,MOV,7,MOV,7,MOV,3,MOV,7,MOV,7,0,1,0,0,0,JMP,0,0,1,0,0,0,NOP,0,0,4981725,4986427,4981744,0,0,1,1,cpp,8.89935853336782e-08,0.0,0,0,0
0x4c03d1,JZ,18790,18790,12,2,0x4c03cf,TEST,1,NonLeaf,eax(MOV) eax(MOV) ,rflags ,TEST,2,MOV,3,LEA,4,MOV,7,AND,8,CMP,4,JZ,6,MOV,7,XOR,3,TEST,3,0,1,0,0,0,JLE,0,0,1,0,0,0,JE,0,0,4981697,4981725,4981715,0,0,0,0,cpp,8.89935853336782e-08,1.0,1,0,1
0x4c038a,JZ,18790,0,14,2,0x4c0385,AND,1,NonLeaf,eax(AND) ,eax rflags ,AND,5,JNZ,2,CMP,3,OR,9,SUB,7,LEA,4,SUB,3,OR,5,LEA,5,MOV,11,0,1,1,0,0,AND,0,0,1,0,0,0,OR,0,0,4981637,4981656,4981644,0,0,1,1,cpp,8.89935853336782e-08,0.0,0,0,0
0x4c0383,JNZ,18790,0,-19,2,0x4c0380,CMP,1,NonLeaf,rsp(-1) rdx(-1) ,rflags ,CMP,3,OR,9,SUB,7,NOP,9,JMP,2,AND,5,JZ,2,LEA,4,SUB,3,OR,5,1,1,0,0,0,OR,0,0,1,1,0,0,JE,1,0,4981632,4981616,4981637,1,0,1,0,cpp,8.89935853336782e-08,0.0,0,1,0
0x4c0344,JNBE,18790,0,6239,6,0x4c033d,CMP,1,NonLeaf,r14(LEA) ,rflags ,CMP,7,LEA,8,MOV,7,JB,6,CMP,3,LEA,4,MOV,3,AND,4,MOV,3,AND,7,0,1,0,0,0,CALL,0,1,1,0,0,0,JMP,0,0,4981550,4987811,4981578,0,0,1,0,cpp,8.89935853336782e-08,0.0,0,0,0
0x4c0328,JB,18790,0,6110,6,0x4c0325,CMP,1,NonLeaf,rdi(-1) rax(MOVSXD) ,rflags ,CMP,3,MOVSXD,7,JNBE,6,CMP,3,MOV,10,MOV,7,LEA,8,CMP,7,JNBE,6,LEA,4,0,0,0,0,0,JMP,1,0,1,0,0,0,JA,0,0,4981534,4987654,4981550,0,0,1,0,cpp,8.89935853336782e-08,0.0,0,0,0
0x4c0318,JNBE,18790,0,6126,6,0x4c0315,CMP,1,NonLeaf,rdi(MOV) rax(MOV) ,rflags ,CMP,3,MOV,10,MOV,7,ADD,7,JBE,6,MOVSXD,7,CMP,3,JB,6,MOV,7,LEA,8,0,1,0,0,0,JMP,1,0,1,0,0,0,JB,0,0,4981508,4987654,4981534,0,0,1,0,cpp,8.89935853336782e-08,0.0,0,0,0
0x4c02d3,JZ,18790,18790,3410,6,0x4c02d0,TEST,1,NonLeaf,rax(MOV) rax(MOV) ,rflags ,TEST,3,MOV,7,MOV,6,CMOVNZ,7,MOV,6,MOVZX,3,MOV,10,LEA,3,MOV,6,MOV,5,0,1,0,0,0,JMP,0,0,1,0,0,0,JBE,0,0,4981449,4984869,4981465,0,1,1,1,cpp,8.89935853336782e-08,1.0,1,0,1
0x4c023e,JZ,18790,18790,3256,6,0x4c0237,CMP,1,NonLeaf,rbp(-1) ,rflags ,CMP,7,JZ,6,MOV,6,CMP,2,MOV,3,MOV,4,TEST,2,MOV,2,JS,6,MOV,5,0,1,0,0,0,JS,0,0,1,0,0,0,JS,0,0,4981303,4984566,4981316,0,0,1,0,cpp,8.89935853336782e-08,1.0,1,0,1
0x4c0231,JZ,18790,0,2207,6,0x4c0229,CMP,1,NonLeaf,al(MOV) ,rflags ,MOV,6,CMP,2,MOV,3,MOV,4,MOVSXD,3,CMP,7,JZ,6,MOV,4,TEST,2,MOV,2,0,1,0,0,0,JS,0,0,1,0,0,0,JE,0,0,4981256,4983504,4981303,0,0,1,0,cpp,8.89935853336782e-08,0.0,0,0,0
0x4c019c,JL,16764,0,5973,6,0x4c0199,CMP,1,NonLeaf,eax(-1) r8d(-1) ,rflags ,CMP,3,JNZ,6,TEST,3,SUB,3,MOV,6,MOVSXD,3,MOV,3,ADD,4,SUB,3,MOV,3,0,1,0,0,0,CALL,0,1,0,0,0,0,CALL,0,1,4981145,4987121,4981154,0,0,1,1,cpp,7.939800237007882e-08,0.0,0,0,0
0x4c0193,JNZ,18700,1936,5024,6,0x4c0190,TEST,1,NonLeaf,r14d(-1) r14d(-1) ,rflags ,TEST,3,SUB,3,MOV,6,CMOVLE,3,CMP,2,CMP,3,JL,6,MOVSXD,3,MOV,3,ADD,4,0,1,0,0,0,JGE,0,0,1,0,0,0,JL,0,0,4981127,4986163,4981145,0,0,0,0,cpp,8.85673254784344e-08,0.1035294117647058,0,0,0
0x4c0114,JNZ,18700,16764,6224,6,0x4c0110,CMP,1,NonLeaf,rcx(MOV) ,rflags ,CMP,4,MOV,4,JNZ,6,TEST,3,MOV,3,LEA,4,MOV,5,JMP,2,NOP,3,ADD,4,0,1,0,0,0,JMP,0,0,1,0,0,0,JMP,0,0,4981004,4987236,4981018,0,0,0,0,cpp,8.85673254784344e-08,0.8964705882352941,1,0,1
0x4c0106,JNZ,18700,0,6252,6,0x4c0103,TEST,1,NonLeaf,rdx(MOV) rdx(MOV) ,rflags ,TEST,3,MOV,3,MOV,4,JLE,6,MOV,3,MOV,4,CMP,4,JNZ,6,LEA,4,MOV,5,0,1,0,0,0,JMP,0,0,1,0,0,0,JNE,0,0,4980988,4987250,4981004,0,0,0,0,cpp,8.85673254784344e-08,0.0,0,0,0
0x4c00f6,JLE,18713,13,274,6,0x4c00e6,TEST,1,NonLeaf,rdx(-1) rdx(-1) ,rflags ,MOV,3,MOV,7,MOV,3,TEST,3,MOV,6,MOV,4,MOV,3,TEST,3,JNZ,6,MOV,4,0,0,1,0,0,JE,1,0,1,0,0,0,JNE,0,0,4980960,4981256,4980988,0,0,1,0,cpp,8.862889634641404e-08,0.0006947042163202,0,0,0
0x4c0082,JS,22920,4220,-1145,6,0x4c0080,TEST,1,NonLeaf,eax(-1) eax(-1) ,rflags ,TEST,2,CALL_NEAR,5,MOV,3,MOV,4,MOV,4,NOP,8,MOV,4,MOV,4,LEA,8,MOV,4,0,0,0,0,0,MOV,0,0,1,0,0,0,NOP,0,0,4980864,4979721,4980872,0,0,0,0,cpp,1.0855417646875489e-07,0.1841186736474694,0,0,0
0x4bfc36,JZ,22920,22916,-94,2,0x4bfc33,TEST,1,NonLeaf,rdx(-1) rdx(-1) ,rflags ,TEST,3,JNLE,2,CMP,2,SUB,3,ADD,3,MOV,4,MOV,4,MOV,4,MOV,4,LEA,8,0,1,0,0,0,CALL,0,1,1,0,0,0,CALL,0,1,4979763,4979672,4979768,0,0,1,1,cpp,1.0855417646875489e-07,0.999825479930192,1,0,1
0x4bfc31,JNLE,243269,220349,-36,2,0x4bfc2f,CMP,1,NonLeaf,eax(SUB) ecx(MOV) ,rflags ,CMP,2,SUB,3,ADD,3,MOV,4,SUB,4,TEST,3,JZ,2,MOV,4,MOV,4,MOV,4,1,1,1,0,0,JBE,0,0,1,0,0,0,JE,0,0,4979745,4979725,4979763,0,0,0,0,cpp,1.1521756525033823e-06,0.9057833098339698,1,0,1
0x4bfc03,JZ,22920,22920,1133,6,0x4bfbf9,CMP,0,NonLeaf,rbx(-1) rbp(-1) ,rflags ,JL,6,CMP,4,CALL_NEAR,5,LEA,8,LEA,8,MOV,4,SUB,4,CMP,7,JBE,6,MOV,3,0,1,0,0,0,CALL,0,1,1,0,0,0,MOV,0,0,4979715,4980848,4979721,0,0,1,0,cpp,1.0855417646875489e-07,1.0,1,0,1
0x4bfbfd,JL,22920,0,1171,6,0x4bfbf9,CMP,1,NonLeaf,rbx(-1) rbp(-1) ,rflags ,CMP,4,CALL_NEAR,5,LEA,8,LEA,8,MOV,4,JZ,6,MOV,4,SUB,4,CMP,7,JBE,6,0,1,0,0,0,CALL,0,1,1,0,0,0,JE,0,0,4979705,4980880,4979715,0,0,1,0,cpp,1.0855417646875489e-07,0.0,0,0,0
0x4bfb75,JLE,18713,18713,55,2,0x4bfb72,CMP,1,NonLeaf,edx(-1) ,rflags ,CMP,3,MOV,4,ADD,3,XOR,3,MOV,3,TEST,3,MOV,5,MOV,4,CMOVNLE,4,XOR,2,0,1,1,0,0,JMP,0,0,1,0,0,0,CALL,0,1,4979570,4979628,4979575,0,0,1,1,cpp,8.862889634641404e-08,1.0,1,0,1
0x4bfb36,JNZ,18713,18713,5374,6,0x4bfb33,TEST,1,NonLeaf,dl(LEA) ,rflags ,TEST,3,LEA,4,JLE,6,MOV,4,CMP,4,LEA,3,TEST,2,MOV,3,CMOVNS,3,SAR,3,0,1,0,0,0,CALL,0,1,1,0,0,0,JS,0,0,4979503,4984884,4979516,1,0,1,0,cpp,8.862889634641404e-08,1.0,1,0,1
0x4bfb29,JLE,18790,77,3268,6,0x4bfb21,CMP,1,NonLeaf,r8d(-1) ,rflags ,MOV,4,CMP,4,AND,4,MOV,8,LEA,5,LEA,4,TEST,3,JNZ,6,LEA,3,TEST,2,0,1,0,0,0,JS,1,0,1,0,0,0,JNE,1,0,4979472,4982765,4979503,0,0,0,0,cpp,8.89935853336782e-08,0.0040979244278871,0,0,0
0x4bfb02,JZ,18790,0,14,2,0x4bfafc,AND,1,NonLeaf,ecx(AND) ,ecx rflags ,AND,6,JNZ,2,CMP,3,OR,9,SUB,7,LEA,4,SUB,3,OR,5,LEA,5,MOV,8,0,1,1,0,0,JLE,0,0,1,0,0,0,OR,0,0,4979452,4979472,4979460,0,0,1,1,cpp,8.89935853336782e-08,0.0,0,0,0
0x4bfafa,JNZ,18790,0,-19,2,0x4bfaf7,CMP,1,NonLeaf,rsp(-1) rdx(-1) ,rflags ,CMP,3,OR,9,SUB,7,JMP,2,MOV,3,AND,6,JZ,2,LEA,4,SUB,3,OR,5,1,1,0,0,0,OR,0,0,1,1,0,0,JE,1,0,4979447,4979431,4979452,1,0,1,0,cpp,8.89935853336782e-08,0.0,0,1,0
0x4bfab3,JZ,18790,0,14,2,0x4bfaad,AND,1,NonLeaf,edx(AND) ,edx rflags ,AND,6,JNZ,2,CMP,3,OR,9,SUB,7,LEA,4,SUB,3,OR,5,LEA,5,AND,4,0,1,1,0,0,JMP,0,0,1,0,0,0,OR,0,0,4979373,4979393,4979381,0,0,1,1,cpp,8.89935853336782e-08,0.0,0,0,0
0x4bfaab,JNZ,18790,0,-19,2,0x4bfaa8,CMP,1,NonLeaf,rsp(-1) rsi(-1) ,rflags ,CMP,3,OR,9,SUB,7,NOP,6,JMP,2,AND,6,JZ,2,LEA,4,SUB,3,OR,5,1,1,0,0,0,OR,0,0,1,1,0,0,JE,1,0,4979368,4979352,4979373,1,0,1,0,cpp,8.89935853336782e-08,0.0,0,1,0
0x4bfa5b,JZ,18790,0,14,2,0x4bfa55,AND,1,NonLeaf,edx(AND) ,edx rflags ,AND,6,JNZ,2,CMP,3,OR,9,SUB,7,LEA,4,SUB,3,OR,5,MOV,3,LEA,5,0,1,1,0,0,JMP,0,0,1,0,0,0,OR,0,0,4979285,4979305,4979293,0,0,1,1,cpp,8.89935853336782e-08,0.0,0,0,0
0x4bfa53,JNZ,18790,0,-19,2,0x4bfa50,CMP,1,NonLeaf,rsp(-1) rsi(-1) ,rflags ,CMP,3,OR,9,SUB,7,NOP,9,JMP,2,AND,6,JZ,2,LEA,4,SUB,3,OR,5,1,1,0,0,0,OR,0,0,1,1,0,0,JE,1,0,4979280,4979264,4979285,1,0,1,0,cpp,8.89935853336782e-08,0.0,0,1,0
0x4bf93f,JNZ,18790,0,19,2,0x4bf93d,TEST,1,NonLeaf,eax(-1) eax(-1) ,rflags ,TEST,2,CALL_NEAR,5,MOVSD_XMM,8,NOP,4,JMP,5,JMP,5,NOP,10,FSTP,2,MOV,7,MOVSXD,5,0,0,0,0,0,JMP,1,0,1,0,0,0,JMP,0,0,4979005,4979026,4979009,1,0,1,0,cpp,8.89935853336782e-08,0.0,0,0,0
0x4bf81f,JZ,18790,18790,273,6,0x4bf81d,TEST,1,NonLeaf,eax(-1) eax(-1) ,rflags ,TEST,2,CALL_NEAR,5,MOVSD_XMM,8,MOVAPD,4,MOVSD_XMM,4,MOV,7,MOVSXD,5,MOV,6,MOV,7,MOV,6,0,1,0,0,0,CALL,0,1,1,0,0,0,CMOVE,1,0,4978717,4978992,4978725,0,0,1,1,cpp,8.89935853336782e-08,1.0,1,0,1
0x4bf684,JNS,18790,18790,236,6,0x4bf66a,TEST,1,NonLeaf,r13b(MOVZX) r13b(MOVZX) ,rflags ,MOV,6,MOV,3,MOV,7,MOV,4,MOV,3,MOV,4,MOV,7,MOV,3,MOVZX,3,LEA,3,0,0,0,0,0,MOV,0,0,1,0,0,0,MOV,0,0,4978265,4978544,4978314,0,0,1,1,cpp,8.89935853336782e-08,1.0,1,0,1
0x4bf653,JNZ,18790,0,173,6,0x4bf647,AND,1,NonLeaf,ecx(AND) ,ecx rflags ,MOV,6,MOVZX,3,AND,3,AND,3,SHR,3,MOV,7,MOVZX,6,MOV,4,TEST,3,MOV,3,0,1,0,0,0,JNE,0,0,1,0,0,0,JNS,0,0,4978192,4978432,4978265,0,0,1,1,cpp,8.89935853336782e-08,0.0,0,0,0
0x4bf581,JNZ,9588,0,-17,2,0x4bf57b,TEST,1,NonLeaf,rcx(-1) rcx(-1) ,rflags ,MOV,3,TEST,3,JNZ,2,CMP,5,LEA,4,MOV,8,ADD,4,ADD,3,POP,1,MOV,2,1,1,0,0,0,JNE,0,0,0,0,0,0,RET,1,0,4978043,4978032,4978051,1,0,0,1,cpp,4.5410883245306354e-08,0.0,0,1,0
0x4bf562,JZ,74804,9588,25,2,0x4bf55c,CMP,1,NonLeaf,rdi(MOV) rdx(-1) ,rflags ,CMP,6,LEA,4,MOV,4,JZ,2,MOV,4,JMP,5,NOP,7,LEA,4,CMP,5,JNZ,2,0,1,0,1,0,JNE,0,0,1,0,0,0,JMP,0,0,4978004,4978043,4978020,0,0,0,0,cpp,3.542882467961929e-07,0.1281749639056734,0,0,0
0x4bf552,JZ,74804,0,49,2,0x4bf544,TEST,1,NonLeaf,rdx(MOV) rdx(MOV) ,rflags ,MOV,4,MOV,3,MOV,4,TEST,3,SUB,3,MOV,4,LEA,4,CMP,6,JZ,2,JMP,5,0,1,0,0,0,RET,0,0,1,0,0,0,JE,0,0,4977973,4978051,4978004,0,0,1,0,cpp,3.542882467961929e-07,0.0,0,0,0
0x4bf4fb,JZ,65216,19500,22,2,0x4bf4f8,TEST,1,NonLeaf,rax(-1) rax(-1) ,rflags ,TEST,3,CALL_NEAR,5,MOV,3,MOV,5,MOV,5,MOV,4,LEA,4,MOV,4,MOV,4,MOV,4,0,1,1,0,0,RET,0,0,1,0,0,0,MOV,0,0,4977912,4977937,4977917,0,0,0,1,cpp,3.088773635508865e-07,0.2990063788027478,0,0,0
0x4bf4e0,JLE,74804,74804,64,2,0x4bf4dd,CMP,1,NonLeaf,r9(-1) rdx(MOV) ,rflags ,CMP,3,MOV,4,JZ,6,TEST,3,MOV,4,MOV,4,MOV,5,MOV,5,MOV,3,CALL_NEAR,5,0,1,0,0,0,CALL,0,1,1,0,0,0,MOV,0,0,4977881,4977952,4977890,1,0,1,0,cpp,3.542882467961929e-07,1.0,1,0,1
0x4bf4d3,JZ,75074,270,205,6,0x4bf4d0,TEST,1,NonLeaf,r9(MOV) r9(MOV) ,rflags ,TEST,3,MOV,4,JZ,6,CMP,5,JZ,2,MOV,4,CMP,3,JLE,2,MOV,4,MOV,5,0,1,0,0,0,CALL,0,1,1,0,0,0,JLE,0,0,4977868,4978080,4977881,0,0,1,0,cpp,3.555670263619242e-07,0.0035964515011854,0,0,0
0x4bf4bf,JZ,75074,75074,13,2,0x4bf4bd,TEST,1,NonLeaf,eax(MOV) eax(MOV) ,rflags ,TEST,2,MOV,4,SUB,4,MOV,3,PUSH,1,CMP,5,JZ,6,MOV,4,TEST,3,JZ,6,0,1,0,0,0,JE,0,0,1,0,0,0,JE,0,0,4977840,4977868,4977857,0,0,0,0,cpp,3.555670263619242e-07,1.0,1,0,1
0x4be0de,JNZ,58070,0,4039,6,0x4be0d7,CMP,1,NonLeaf,rbp(-1) ,rflags ,CMP,7,JMP,2,MOV,4,LEA,4,MOV,4,CMP,3,JNB,6,MOV,2,ADD,4,ADD,3,0,1,0,0,0,JAE,0,0,1,0,0,0,JAE,0,0,4972759,4976805,4972772,0,0,0,0,cpp,2.750323310445286e-07,0.0,0,0,0
0x4be08f,JZ,58070,58070,72,2,0x4be088,CMP,1,NonLeaf,rbp(-1) ,rflags ,CMP,7,JMP,2,MOV,4,LEA,4,MOV,4,CMP,3,JNB,2,MOV,2,ADD,4,ADD,3,0,1,0,0,0,JNE,0,0,1,0,0,0,JAE,0,0,4972680,4972759,4972689,0,0,0,0,cpp,2.750323310445286e-07,1.0,1,0,1
0x4be05a,JNZ,2,2,-110,2,0x4be057,ADD,1,NonLeaf,eax(ADD) ,eax rflags ,ADD,3,CALL_NEAR,5,MOV,3,MOV,5,JMP,5,JMP,5,MOV,7,MOV,10,XOR,3,JMP,5,0,0,0,0,0,JE,0,0,1,0,0,0,JMP,1,0,4972631,4972524,4972636,0,0,0,0,cpp,9.47244122764004e-12,1.0,1,1,1
0x4be029,JNS,58070,58070,56,2,0x4be026,TEST,1,NonLeaf,rax(MOV) rax(MOV) ,rflags ,TEST,3,MOV,3,MOV,3,ADD,3,ADD,4,NEG,3,MOV,10,MOV,6,MOV,7,JMP,5,0,1,0,0,0,JMP,0,0,1,0,0,0,JMP,0,0,4972582,4972641,4972587,0,1,1,1,cpp,2.750323310445286e-07,1.0,1,0,1
0x4be010,JZ,58070,58070,120,2,0x4be006,CMP,1,NonLeaf,rbp(-1) ,rflags ,MOV,3,CMP,7,JMP,5,ADD,3,JZ,6,CMP,3,JNB,2,MOV,2,ADD,4,ADD,3,0,1,0,0,0,JE,0,0,1,0,0,0,JAE,0,0,4972550,4972680,4972562,0,0,0,0,cpp,2.750323310445286e-07,1.0,1,0,1
0x4bdff8,JZ,18790,0,-14466,6,0x4bdff2,CMP,1,NonLeaf,ecx(MOV) ,rflags ,CMP,6,MOV,6,MOV,3,MOV,4,LEA,4,ADD,3,JMP,5,CMP,7,MOV,3,JZ,2,0,0,0,0,0,MOV,1,0,1,0,0,0,JMP,0,0,4972524,4958070,4972542,0,1,1,0,cpp,8.89935853336782e-08,0.0,0,0,0
0x4bdfdf,JNB,18790,2,107,2,0x4bdfdb,CMP,1,NonLeaf,rax(MOV) r14(-1) ,rflags ,CMP,4,MOV,4,JMP,5,MOV,10,MOV,10,LEA,4,MOV,4,MOV,3,MOV,6,CMP,6,0,1,0,0,0,CALL,0,1,1,0,0,0,MOV,0,0,4972503,4972618,4972513,0,0,1,1,cpp,8.89935853336782e-08,0.0001064395955295,0,0,0
0x4bdf18,JNBE,1940,0,141,6,0x4bdf16,CMP,1,NonLeaf,al(SUB) ,rflags ,CMP,2,SUB,3,MOV,6,MOVZX,4,MOV,7,MOVSX,7,MOV,10,MOV,10,SUB,3,CDQE,2,0,1,0,0,0,JMP,0,0,1,0,0,0,JMP,0,0,4972279,4972453,4972318,0,0,1,1,cpp,9.188267990810841e-09,0.0,0,0,0
0x4bde95,JZ,60010,60010,-12311,6,0x4bde8e,CMP,1,NonLeaf,rbp(-1) ,rflags ,CMP,7,JMP,5,MOV,4,LEA,4,MOV,4,MOV,4,CMP,4,JNB,2,LEA,4,MOV,4,0,0,0,0,0,JE,0,0,1,0,0,0,JAE,0,0,4972174,4959870,4972187,0,0,0,0,cpp,2.842205990353394e-07,1.0,1,0,1
0x4bdce6,JNB,18790,0,184,6,0x4bdce0,CMP,1,NonLeaf,edx(MOV) ,rflags ,CMP,6,MOV,4,JMP,5,MOV,4,LEA,4,MOV,2,ADD,4,ADD,3,MOV,4,MOVSD_XMM,4,0,1,0,0,0,JMP,0,0,1,0,0,0,MOV,0,0,4971740,4971934,4971756,0,1,1,1,cpp,8.89935853336782e-08,0.0,0,0,0
0x4bdcc0,JNS,18790,18790,-497,6,0x4bdcbe,TEST,1,NonLeaf,eax(-1) eax(-1) ,rflags ,TEST,2,CALL_NEAR,5,MOV,7,MOV,3,MOV,3,JMP,5,MOV,4,LEA,4,MOV,4,JMP,5,0,0,0,0,0,JBE,0,0,1,0,0,0,JMP,1,0,4971710,4971215,4971718,0,0,0,0,cpp,8.89935853336782e-08,1.0,1,0,1
0x4bdc80,JZ,18790,18790,92,2,0x4bdc6b,TEST,1,NonLeaf,esi(-1) esi(-1) ,rflags ,MOV,6,MOVZX,7,MOV,6,TEST,2,SHL,3,MOV,4,ADD,4,AND,4,LEA,4,MOV,4,0,1,0,0,0,JAE,0,0,1,0,0,0,FSTP,0,0,4971472,4971740,4971650,0,0,0,1,cpp,8.89935853336782e-08,1.0,1,0,1
0x4bdae0,JBE,18790,18790,-13300,6,0x4bdade,CMP,1,NonLeaf,eax(-1) edx(SUB) ,rflags ,CMP,2,ADD,2,SUB,2,MOV,5,MOV,6,JMP,5,MOV,3,CMP,3,JNB,6,MOV,2,0,0,0,0,0,JNE,0,0,1,0,0,0,JMP,1,0,4971215,4957932,4971238,0,0,0,0,cpp,8.89935853336782e-08,1.0,1,1,1
0x4bca76,JNB,16850,0,2617,6,0x4bca73,CMP,1,NonLeaf,edx(MOV) ,rflags ,CMP,3,MOV,3,JMP,5,JNZ,6,MOV,6,MOV,2,ADD,4,ADD,3,MOV,3,MOV,3,0,1,0,0,0,JMP,0,0,1,0,0,0,MOV,0,0,4967024,4969647,4967036,0,1,1,1,cpp,7.980531734286736e-08,0.0,0,0,0
0x4bc993,JNBE,29096,0,-6639,6,0x4bc991,CMP,1,NonLeaf,ecx(MOV) eax(SUB) ,rflags ,CMP,2,MOV,7,MOV,6,SUB,6,MOV,5,ADD,6,XOR,2,JMP,5,MOV,7,CALL_NEAR,5,0,0,0,0,0,JMP,1,0,1,0,0,0,JMP,0,0,4966777,4960164,4966809,0,1,1,1,cpp,1.378050749797073e-07,0.0,0,0,0
0x4bc973,JNZ,29096,0,-8701,6,0x4bc970,CMP,1,NonLeaf,r11(MOV) rax(-1) ,rflags ,CMP,3,MOV,7,CALL_NEAR,5,MOV,6,MOV,7,MOV,5,SUB,6,MOV,6,MOV,7,CMP,2,0,0,0,0,0,MOV,1,0,1,0,0,0,JA,0,0,4966761,4958070,4966777,0,0,1,0,cpp,1.378050749797073e-07,0.0,0,0,0
0x4bc617,JZ,60010,60010,-177,6,0x4bc610,CMP,1,NonLeaf,rbp(-1) ,rflags ,CMP,7,JMP,5,MOV,7,MOV,7,CALL_NEAR,5,MOV,7,MOV,7,MOV,3,MOV,3,MOV,7,0,0,1,0,0,JE,0,0,1,0,0,0,CALL,0,1,4965904,4965734,4965917,0,0,0,1,cpp,2.842205990353394e-07,1.0,1,0,1
0x4bc5e2,JZ,58070,58070,-115,2,0x4bc5db,CMP,1,NonLeaf,rbp(-1) ,rflags ,CMP,7,JMP,5,MOV,10,JMP,5,MOV,7,MOV,7,MOV,3,MOV,3,MOV,7,CALL_NEAR,5,0,0,1,0,0,JG,0,0,1,0,0,0,CALL,0,1,4965851,4965743,4965860,0,0,0,1,cpp,2.750323310445286e-07,1.0,1,0,1
0x4bc59e,JZ,54759,54759,-6124,6,0x4bc597,CMP,1,NonLeaf,rbp(-1) ,rflags ,CMP,7,JZ,6,CMP,8,JNLE,6,CMP,3,CMP,7,JNZ,6,MOV,7,MOV,4,SUB,4,0,0,1,0,0,JNE,0,0,1,0,0,0,JNE,0,0,4965783,4959666,4965796,0,0,1,0,cpp,2.593507045921705e-07,1.0,1,0,1
0x4bc591,JZ,60010,5251,-6111,6,0x4bc589,CMP,1,NonLeaf,rbp(-1) ,rflags ,CMP,8,JNLE,6,CMP,3,SUB,7,MOV,3,CMP,7,JZ,6,CMP,7,JNZ,6,MOV,7,0,0,1,0,0,JNE,0,0,1,0,0,0,JE,0,0,4965769,4959666,4965783,0,0,1,0,cpp,2.842205990353394e-07,0.0875020829861689,0,0,0
0x4bc583,JNLE,60010,0,-6097,6,0x4bc580,CMP,1,NonLeaf,rax(MOVSXD) rdx(SUB) ,rflags ,CMP,3,SUB,7,MOV,3,MOVSXD,7,JZ,2,CMP,8,JZ,6,CMP,7,JZ,6,CMP,7,0,0,1,0,0,JNE,0,0,1,0,0,0,JE,0,0,4965743,4959666,4965769,1,0,1,0,cpp,2.842205990353394e-07,0.0,0,0,0
0x4bc560,JNZ,60010,60010,176,6,0x4bc54a,CMP,1,NonLeaf,rbp(-1) ,rflags ,MOV,7,MOV,7,CMP,8,CALL_NEAR,5,SETZ,3,CMP,7,JZ,2,MOVSXD,7,MOV,3,SUB,7,0,1,0,0,0,JE,0,0,1,1,0,0,JE,0,0,4965706,4965904,4965734,0,0,0,0,cpp,2.842205990353394e-07,1.0,1,0,1
0x4bc4f7,JZ,60010,60010,6551,6,0x4bc4f0,CMP,1,NonLeaf,rbp(-1) ,rflags ,CMP,7,JMP,5,MOV,3,MOV,6,MOV,3,MOV,4,CMP,4,JNB,6,LEA,4,MOV,4,0,1,0,0,0,JE,0,0,1,0,0,0,JAE,0,0,4965616,4972174,4965629,0,0,0,0,cpp,2.842205990353394e-07,1.0,1,0,1
0x4bc38c,JBE,10305,10305,-7328,6,0x4bc385,CMP,1,NonLeaf,rbp(-1) rax(CDQE) ,rflags ,CMP,7,CDQE,2,ADD,2,SUB,2,MOV,5,JMP,5,XOR,2,OR,4,MOV,3,SCASB,2,0,0,0,0,0,JNE,0,0,1,0,0,0,JMP,1,0,4965230,4957932,4965266,0,0,0,0,cpp,4.8806753425415315e-08,1.0,1,0,1
0x4bc368,JNZ,10305,0,-7154,6,0x4bc361,CMP,1,NonLeaf,rbp(-1) rax(-1) ,rflags ,CMP,7,CALL_NEAR,4,MOV,3,MOV,3,MOV,7,MOV,6,MOV,6,MOV,5,SUB,2,ADD,2,0,0,0,0,0,MOV,1,0,1,0,0,0,JBE,0,0,4965217,4958070,4965230,0,0,1,0,cpp,4.8806753425415315e-08,0.0,0,0,0
0x4bc33b,JNBE,10305,10305,21,2,0x4bc334,CMP,1,NonLeaf,rbp(-1) rax(SUB) ,rflags ,CMP,7,SUB,6,MOV,3,MOV,7,JMP,5,MOV,7,CALL_NEAR,5,MOV,7,MOV,7,MOV,3,0,1,1,0,0,CALL,0,1,1,0,0,0,CALL,0,1,4965156,4965200,4965181,0,0,1,1,cpp,4.8806753425415315e-08,1.0,1,0,1
0x4bc2df,JZ,6545,6545,-7155,6,0x4bc2d8,CMP,1,NonLeaf,rbp(-1) ,rflags ,CMP,7,JNBE,6,CMP,3,LEA,4,SUB,3,MOV,3,MOV,6,CALL_NEAR,5,MOV,6,JMP,5,0,0,1,0,0,JNE,0,0,1,0,0,0,CALL,0,1,4965080,4957932,4965093,0,0,0,1,cpp,3.099856391745203e-08,1.0,1,0,1
0x4bc26d,JZ,6545,6545,107,2,0x4bc263,CMP,1,NonLeaf,rbp(-1) ,rflags ,MOV,3,CMP,7,ADD,7,MOV,7,JNBE,6,TEST,3,MOV,7,MOV,7,JZ,2,MOVSXD,3,0,1,0,0,0,JE,0,0,1,0,0,0,JE,0,0,4964949,4965080,4964975,0,0,0,1,cpp,3.099856391745203e-08,1.0,1,0,1
0x4bc24f,JNBE,6545,0,-4779,6,0x4bc248,CMP,1,NonLeaf,rbp(-1) rax(CDQE) ,rflags ,CMP,7,CDQE,2,SUB,6,MOV,3,MOV,6,MOV,7,ADD,7,CMP,7,MOV,3,JZ,2,0,0,0,0,0,JMP,1,0,1,0,0,0,JE,0,0,4964919,4960164,4964949,0,0,1,0,cpp,3.099856391745203e-08,0.0,0,0,0
0x4bc231,JNZ,6545,0,-6843,6,0x4bc223,CMP,1,NonLeaf,rbp(-1) rax(-1) ,rflags ,MOV,7,CMP,7,CALL_NEAR,3,MOV,3,MOV,7,MOV,6,MOV,3,SUB,6,CDQE,2,CMP,7,0,0,0,0,0,MOV,1,0,1,0,0,0,JA,0,0,4964899,4958070,4964919,0,0,1,0,cpp,3.099856391745203e-08,0.0,0,0,0
0x4bc206,JBE,6545,0,248,6,0x4bc1ff,CMP,1,NonLeaf,rbp(-1) rdx(SUB) ,rflags ,CMP,7,SUB,7,MOV,3,MOV,7,JNBE,6,MOV,3,MOV,7,MOV,7,MOV,3,CALL_NEAR,3,0,1,0,0,0,CALL,0,1,1,1,0,0,CALL,0,1,4964846,4965118,4964876,0,0,1,1,cpp,3.099856391745203e-08,0.0,0,0,0
0x4bc1e8,JNBE,5748,0,-4676,6,0x4bc1e5,CMP,1,NonLeaf,r13d(-1) eax(SUB) ,rflags ,CMP,3,MOV,7,ADD,7,SUB,6,MOV,5,MOV,7,MOV,3,SUB,7,CMP,7,JBE,6,0,0,0,0,0,JMP,1,0,0,0,0,0,JBE,0,0,4964812,4960164,4964846,0,0,1,0,cpp,2.722379608823748e-08,0.0,0,0,0
0x4bc1c6,JNZ,5748,0,-6736,6,0x4bc1c3,CMP,1,NonLeaf,rcx(MOV) rax(-1) ,rflags ,CMP,3,MOV,7,CALL_NEAR,5,MOV,7,MOV,7,MOV,5,SUB,6,ADD,7,MOV,7,CMP,3,0,0,0,0,0,MOV,1,0,1,0,0,0,JA,0,0,4964796,4958070,4964812,0,0,1,1,cpp,2.722379608823748e-08,0.0,0,0,0
0x4bc199,JZ,6545,797,85,2,0x4bc196,TEST,1,NonLeaf,r13d(-1) r13d(-1) ,rflags ,TEST,3,JNZ,2,CMP,7,JS,6,MOV,6,MOVSXD,3,MOV,5,MOV,3,MOV,3,MOV,7,0,0,0,0,0,JBE,0,0,1,0,0,0,CALL,0,1,4964758,4964846,4964763,0,0,0,1,cpp,3.099856391745203e-08,0.121772345301757,0,0,0
0x4bc194,JNZ,6545,0,90,2,0x4bc18d,CMP,1,NonLeaf,rbp(-1) ,rflags ,CMP,7,JS,6,MOV,6,SUB,3,MOV,7,TEST,3,JZ,2,MOVSXD,3,MOV,5,MOV,3,0,1,0,0,0,JBE,0,0,1,0,0,0,JE,0,0,4964749,4964846,4964758,0,0,0,0,cpp,3.099856391745203e-08,0.0,0,0,0
0x4bc187,JS,16850,10305,413,6,0x4bc17e,SUB,1,NonLeaf,r13d(SUB) eax(MOV) ,r13d rflags ,MOV,6,SUB,3,MOV,7,MOV,7,MOV,10,CMP,7,JNZ,2,TEST,3,JZ,2,MOVSXD,3,0,1,0,0,0,JA,0,0,1,0,0,0,JNE,0,0,4964720,4965156,4964749,0,0,0,0,cpp,7.980531734286736e-08,0.6115727002967359,1,0,1
0x4bc131,JNZ,16850,0,657,6,0x4bc12a,CMP,1,NonLeaf,rbp(-1) ,rflags ,CMP,7,JZ,6,CMP,7,JZ,6,TEST,3,MOV,6,CMP,3,JZ,6,MOV,3,MOVSXD,3,0,0,0,0,0,JS,0,0,1,0,0,0,JE,0,0,4964650,4965314,4964663,0,0,1,0,cpp,7.980531734286736e-08,0.0,0,0,0
0x4bc124,JZ,16850,0,670,6,0x4bc11d,CMP,1,NonLeaf,rbp(-1) ,rflags ,CMP,7,JZ,6,TEST,3,MOV,3,MOV,10,CMP,7,JNZ,6,MOV,6,CMP,3,JZ,6,0,1,0,0,0,JS,0,0,1,0,0,0,JNE,0,0,4964637,4965314,4964650,0,0,1,0,cpp,7.980531734286736e-08,0.0,0,0,0
0x4bc117,JZ,16850,0,792,6,0x4bc114,TEST,1,NonLeaf,r10(-1) r10(-1) ,rflags ,TEST,3,MOV,3,MOV,10,CALL_NEAR,5,MOV,5,CMP,7,JZ,6,CMP,7,JNZ,6,MOV,6,0,1,0,0,0,JG,0,0,0,0,0,0,JE,0,0,4964628,4965423,4964637,0,0,0,0,cpp,7.980531734286736e-08,0.0,0,0,0
0x4bbf8d,JNBE,71644,0,-3837,6,0x4bbf8b,CMP,1,NonLeaf,al(SUB) ,rflags ,CMP,2,SUB,3,MOV,6,JZ,6,CMP,2,JMP,5,MOV,3,CALL_NEAR,5,TEST,2,JNZ,6,0,0,0,0,0,JNE,0,0,1,0,0,0,JMP,1,0,4964226,4960400,4964243,0,0,0,0,cpp,3.393217896565216e-07,0.0,0,1,0
0x4bbf7c,JZ,71644,0,-3729,6,0x4bbf7a,CMP,1,NonLeaf,al(MOVZX) ,rflags ,CMP,2,MOVZX,3,MOV,7,ADD,3,AND,4,MOV,6,SUB,3,CMP,2,JNBE,6,JMP,5,0,0,0,0,0,JMP,0,0,1,0,0,0,JA,0,0,4964208,4960491,4964226,0,1,0,1,cpp,3.393217896565216e-07,0.0,0,0,0
0x4bbecc,JBE,71644,71644,164,6,0x4bbec2,CMP,1,NonLeaf,rbp(-1) ,rflags ,CMP,10,JNBE,6,MOV,6,CMP,5,CALL_NEAR,5,MOVSXD,7,ADD,4,CMP,7,JNBE,6,LEA,4,0,1,0,0,0,JE,0,0,1,0,0,0,JA,0,0,4964034,4964208,4964050,0,0,0,0,cpp,3.393217896565216e-07,1.0,1,0,1
0x4bbebc,JNBE,71644,0,-3864,6,0x4bbeb1,CMP,1,NonLeaf,eax(-1) ,rflags ,MOV,6,CMP,5,CALL_NEAR,5,LEA,7,JMP,5,CMP,10,JBE,6,MOVSXD,7,ADD,4,CMP,7,0,0,0,0,0,JMP,1,0,1,0,0,0,JBE,0,0,4964017,4960164,4964034,0,0,1,0,cpp,3.393217896565216e-07,0.0,0,0,0
0x4bbdc4,JNBE,1940,0,66,2,0x4bbdc2,CMP,1,NonLeaf,al(SUB) ,rflags ,CMP,2,SUB,3,MOV,6,MOVZX,4,MOV,7,MOVSX,7,MOV,10,SUB,3,CDQE,2,MOVZX,7,0,1,0,0,0,JMP,0,0,1,0,0,0,JMP,0,0,4963747,4963846,4963782,0,0,1,1,cpp,9.188267990810841e-09,0.0,0,0,0
0x4bbac6,JBE,18790,18790,1314,6,0x4bbabc,CMP,1,NonLeaf,rbp(-1) ,rflags ,CMP,10,JZ,6,ADD,3,MOV,6,CALL_NEAR,5,MOV,6,CMP,6,JLE,6,CMP,10,JNBE,6,0,1,0,0,0,JMP,0,0,1,0,0,0,JLE,0,0,4963004,4964328,4963020,0,0,0,0,cpp,8.89935853336782e-08,1.0,1,0,1
0x4bbab6,JZ,18790,0,-2834,6,0x4bbab3,ADD,1,NonLeaf,eax(ADD) ,eax rflags ,ADD,3,MOV,6,CALL_NEAR,5,LEA,7,JMP,2,CMP,10,JBE,6,MOV,6,CMP,6,JLE,6,0,0,0,0,0,JMP,1,0,0,0,0,0,JBE,0,0,4962989,4960164,4963004,0,0,1,0,cpp,8.89935853336782e-08,0.0,0,0,0
0x4bba30,JNBE,18790,0,-2464,6,0x4bba2e,CMP,1,NonLeaf,al(SUB) ,rflags ,CMP,2,SUB,3,MOV,6,MOVZX,3,JBE,2,MOVSX,7,SUB,3,CDQE,2,MOVZX,7,MOV,8,0,0,0,0,0,JNE,0,0,1,0,0,0,JMP,0,0,4962850,4960400,4962870,0,0,0,0,cpp,8.89935853336782e-08,0.0,0,0,0
0x4bba20,JBE,18790,18790,129,2,0x4bba1d,CMP,1,NonLeaf,edx(SUB) ,rflags ,CMP,3,SUB,3,MOV,10,MOVZX,3,JZ,6,MOVZX,3,MOV,6,SUB,3,CMP,2,JNBE,6,0,1,0,0,0,CALL,0,1,0,0,0,0,JA,0,0,4962829,4962977,4962850,0,0,1,1,cpp,8.89935853336782e-08,1.0,1,0,1
0x4bba07,JZ,18790,0,1038,6,0x4bba04,CMP,1,NonLeaf,cl(MOVZX) ,rflags ,CMP,3,MOVZX,4,MOV,7,LEA,4,MOV,3,MOVZX,3,MOV,10,SUB,3,CMP,3,JBE,2,0,1,0,0,0,JBE,0,0,1,0,0,0,JBE,0,0,4962795,4963861,4962829,0,0,1,1,cpp,8.89935853336782e-08,0.0,0,0,0
0x4bb91c,JNBE,5820,0,-2188,6,0x4bb91a,CMP,1,NonLeaf,al(SUB) ,rflags ,CMP,2,SUB,3,MOV,6,MOVZX,4,MOV,7,JMP,5,MOV,10,JMP,5,CMP,8,JZ,6,0,0,0,0,0,JNE,0,0,1,0,0,0,JMP,0,0,4962527,4960400,4962594,0,0,0,0,cpp,2.756480397243252e-08,0.0,0,0,0
0x4baf9e,JLE,60010,60010,-2226,6,0x4baf9b,CMP,1,NonLeaf,r13(-1) rax(CDQE) ,rflags ,CMP,3,CDQE,2,ADD,3,SUB,2,MOV,5,MOV,7,MOV,7,JMP,5,CALL_NEAR,5,MOV,7,0,0,0,0,0,JNE,0,0,0,0,0,0,JMP,1,0,4960137,4957932,4960164,0,0,0,1,cpp,2.842205990353394e-07,1.0,1,1,1
0x4baf83,JNZ,60010,0,-2061,6,0x4baf80,CMP,1,NonLeaf,r13(-1) rax(-1) ,rflags ,CMP,3,CALL_NEAR,3,MOV,3,SUB,3,MOV,3,MOV,6,MOV,5,SUB,2,ADD,3,CDQE,2,0,0,0,0,0,MOV,1,0,1,0,0,0,JLE,0,0,4960128,4958070,4960137,0,0,1,0,cpp,2.842205990353394e-07,0.0,0,0,0
0x4baf67,JBE,60010,0,6719,6,0x4baf60,CMP,1,NonLeaf,rbp(-1) rdx(SUB) ,rflags ,CMP,7,SUB,7,MOV,3,MOV,7,JNBE,2,MOV,7,MOV,3,SUB,3,MOV,3,CALL_NEAR,3,0,1,0,0,0,CALL,0,1,1,1,0,0,CALL,0,1,4960079,4966822,4960109,0,0,1,1,cpp,2.842205990353394e-07,0.0,0,0,0
0x4baf4d,JNBE,5820,0,87,2,0x4baf4b,CMP,1,NonLeaf,ecx(MOV) eax(SUB) ,rflags ,CMP,2,ADD,6,MOV,6,SUB,6,MOV,5,MOV,7,MOV,3,SUB,7,CMP,7,JBE,6,0,0,0,0,0,JMP,1,0,0,0,0,0,JBE,0,0,4960052,4960164,4960079,0,0,1,0,cpp,2.756480397243252e-08,0.0,0,0,0
0x4baf2e,JNZ,5820,0,-1976,6,0x4baf2b,CMP,1,NonLeaf,r10(MOV) rax(-1) ,rflags ,CMP,3,MOV,7,CALL_NEAR,5,MOV,6,MOV,7,MOV,5,SUB,6,MOV,6,ADD,6,CMP,2,0,0,0,0,0,MOV,1,0,1,0,0,0,JA,0,0,4960036,4958070,4960052,0,0,1,1,cpp,2.756480397243252e-08,0.0,0,0,0
0x4baf02,JLE,60010,54190,77,2,0x4baf00,TEST,1,NonLeaf,ecx(ADD) ecx(ADD) ,rflags ,TEST,2,ADD,6,ADD,7,JZ,6,CMP,10,MOVSXD,3,MOV,5,MOV,3,MOV,3,MOV,7,0,1,0,0,0,JBE,0,0,1,0,0,0,CALL,0,1,4959994,4960079,4960004,0,0,0,1,cpp,2.842205990353394e-07,0.9030161639726711,1,1,1
0x4bae8f,JZ,54759,54759,107,2,0x4bae88,CMP,1,NonLeaf,rbp(-1) ,rflags ,CMP,7,JZ,2,CMP,8,ADD,7,JZ,6,CMP,7,JNZ,2,MOV,4,CMP,4,JNB,6,0,0,0,0,0,JLE,0,0,1,0,0,0,JNE,0,0,4959880,4959994,4959889,0,0,0,0,cpp,2.593507045921705e-07,1.0,1,0,1
0x4bae86,JZ,60010,5251,116,2,0x4bae7e,CMP,1,NonLeaf,rbp(-1) ,rflags ,CMP,8,ADD,7,JZ,6,CMP,10,MOV,3,CMP,7,JZ,2,CMP,7,JNZ,2,MOV,4,0,1,0,0,0,JLE,0,0,1,0,0,0,JE,0,0,4959870,4959994,4959880,0,0,0,0,cpp,2.842205990353394e-07,0.0875020829861689,0,0,0
0x4bae48,JZ,60010,60010,5800,6,0x4bae45,TEST,1,NonLeaf,r10d(-1) r10d(-1) ,rflags ,TEST,3,JZ,6,CMP,7,ADC,3,CMP,3,MOV,4,CMP,4,JNB,6,LEA,4,MOV,4,0,1,0,0,0,JE,0,0,1,0,0,0,JAE,0,0,4959813,4965616,4959822,0,0,0,0,cpp,2.842205990353394e-07,1.0,1,0,1
0x4bae3f,JZ,60010,54190,6911,6,0x4bae38,CMP,1,NonLeaf,rbp(-1) ,rflags ,CMP,7,ADC,3,CMP,3,OR,6,OR,3,TEST,3,JZ,6,MOV,4,CMP,4,JNB,6,0,1,0,0,0,JLE,0,0,1,0,0,0,JE,0,0,4959779,4966718,4959813,0,0,0,0,cpp,2.842205990353394e-07,0.9030161639726711,1,0,1
0x4bae0f,JZ,54759,54759,20,2,0x4bae08,CMP,1,NonLeaf,rbp(-1) ,rflags ,CMP,7,JZ,2,CMP,8,SUB,6,ADD,6,CMP,7,LEA,3,SETZ,3,TEST,2,CMOVNZ,3,0,0,1,0,0,JE,0,0,1,0,0,0,CMOVNE,0,0,4959752,4959779,4959761,0,0,0,0,cpp,2.593507045921705e-07,1.0,1,0,1
0x4bae06,JZ,60010,5251,29,2,0x4badfe,CMP,1,NonLeaf,rbp(-1) ,rflags ,CMP,8,SUB,6,ADD,6,MOV,6,JNZ,6,CMP,7,JZ,2,CMP,7,LEA,3,SETZ,3,0,1,1,0,0,JE,0,0,1,0,0,0,JE,0,0,4959724,4959779,4959752,0,0,0,0,cpp,2.842205990353394e-07,0.0875020829861689,0,0,0
0x4bade6,JNZ,60010,0,6250,6,0x4badd2,CMP,1,NonLeaf,rbp(-1) ,rflags ,MOV,6,MOV,7,CMP,7,CMOVNS,4,MOV,5,MOV,6,ADD,6,SUB,6,CMP,8,JZ,2,0,1,0,0,0,JE,0,0,1,0,0,0,JE,0,0,4959666,4965968,4959724,0,0,0,0,cpp,2.842205990353394e-07,0.0,0,0,0
0x4bad65,JS,60010,60010,6247,6,0x4bad5e,CMP,1,NonLeaf,rbp(-1) ,rflags ,CMP,7,MOV,7,MOV,10,XOR,3,MOV,10,JNZ,6,CMP,8,JNZ,6,CMP,7,JZ,6,0,1,0,0,0,JMP,0,0,1,0,0,0,JNE,0,0,4959582,4965836,4959595,0,0,1,0,cpp,2.842205990353394e-07,1.0,1,0,1
0x4bad2b,JNB,1940,0,12609,6,0x4bad28,CMP,1,NonLeaf,edx(-1) ,rflags ,CMP,3,JZ,6,MOV,3,CMP,7,MOV,10,MOV,2,ADD,4,ADD,3,MOV,3,MOV,3,0,1,0,0,0,JMP,0,0,1,0,0,0,MOV,0,0,4959528,4972140,4959537,0,1,1,1,cpp,9.188267990810841e-09,0.0,0,0,0
0x4bad22,JZ,1940,0,6996,6,0x4bad18,CMP,1,NonLeaf,rbp(-1) ,rflags ,MOV,3,CMP,7,MOV,10,JMP,5,JNZ,6,CMP,3,JNB,6,MOV,2,ADD,4,ADD,3,0,1,0,0,0,JE,0,0,1,0,0,0,JAE,0,0,4959512,4966518,4959528,0,0,0,0,cpp,9.188267990810841e-09,0.0,0,0,0
0x4bad03,JNZ,4,4,-1670,6,0x4bad00,ADD,1,NonLeaf,eax(ADD) ,eax rflags ,ADD,3,CALL_NEAR,5,MOV,3,JMP,2,MOV,4,JMP,5,MOV,10,CMP,7,MOV,3,JZ,6,0,0,0,0,0,JE,0,0,1,0,0,0,JMP,1,0,4959488,4957821,4959497,0,0,0,0,cpp,1.894488245528008e-11,1.0,1,1,1
0x4ba7bc,JZ,144020,76982,-60,2,0x4ba7b3,CMP,1,NonLeaf,rdx(-1) ,rflags ,MOV,6,CMP,3,ADD,2,JNLE,6,CMP,3,ADD,7,MOV,3,JMP,5,MOV,4,LEA,4,0,0,0,0,0,JE,1,0,1,0,0,0,JMP,0,0,4958129,4958080,4958142,0,0,0,1,cpp,6.821104928023593e-07,0.534522982919039,1,0,1
0x4ba7ab,JNLE,144020,0,2041,6,0x4ba7a8,CMP,1,NonLeaf,rax(-1) rsi(MOVSXD) ,rflags ,CMP,3,MOVSXD,3,SUB,2,MOV,5,JMP,5,ADD,2,CMP,3,MOV,6,JZ,2,ADD,7,0,0,0,0,0,JMP,1,0,1,0,0,0,JE,0,0,4958110,4960164,4958129,0,1,1,1,cpp,6.821104928023593e-07,0.0,0,0,0
0x4ba787,JZ,76982,76982,-1787,6,0x4ba780,CMP,1,NonLeaf,rbp(-1) ,rflags ,CMP,7,MOV,10,JZ,2,CMP,3,XOR,3,MOV,7,CALL_NEAR,5,JMP,5,MOV,5,SUB,2,0,0,1,0,0,CALL,0,1,1,0,0,0,CALL,0,1,4958080,4956300,4958093,0,0,1,1,cpp,3.646037352930928e-07,1.0,1,0,1
0x4ba774,JZ,144020,144020,42,2,0x4ba771,CMP,1,NonLeaf,rax(-1) rsi(SUB) ,rflags ,CMP,3,XOR,3,SUB,3,MOV,3,MOV,6,MOV,10,CMP,7,JZ,6,MOV,7,CALL_NEAR,5,0,1,0,0,0,JG,0,0,0,0,0,0,MOV,1,0,4958043,4958110,4958070,0,0,0,1,cpp,6.821104928023593e-07,1.0,1,0,1
0x4ba73f,JBE,144020,0,2168,6,0x4ba738,CMP,1,NonLeaf,rbp(-1) rdx(SUB) ,rflags ,CMP,7,SUB,7,MOV,3,MOV,6,MOV,7,SUB,3,MOV,3,MOV,6,MOV,3,MOV,3,0,1,0,0,0,CALL,0,1,1,1,0,0,CALL,0,1,4957978,4960183,4958021,0,0,1,1,cpp,6.821104928023593e-07,0.0,0,0,0
0x4ba6ef,JNZ,144020,0,2271,6,0x4ba6ec,TEST,1,NonLeaf,r12(-1) r12(-1) ,rflags ,TEST,3,JNBE,6,CMP,3,ADD,3,MOV,6,MOV,7,MOV,5,MOV,6,LEA,4,MOV,3,0,1,0,0,0,CALL,0,1,1,1,0,0,CALL,0,1,4957932,4960206,4957941,0,0,1,1,cpp,6.821104928023593e-07,0.0,0,0,0
0x4ba698,JZ,29580,29580,84,2,0x4ba68e,CMP,1,NonLeaf,rbp(-1) ,rflags ,LEA,3,CMP,7,JZ,6,CMP,5,MOV,6,TEST,3,JLE,2,MOVSXD,3,MOV,5,MOV,3,0,0,0,0,0,JNE,0,0,1,0,0,0,JLE,0,0,4957838,4957932,4957850,0,0,0,0,cpp,1.400974057567962e-07,1.0,1,0,1
0x4ba688,JZ,29580,0,238,6,0x4ba683,CMP,1,NonLeaf,eax(MOV) ,rflags ,CMP,5,MOV,6,MOV,3,MOV,4,LEA,4,CMP,7,LEA,3,JZ,2,TEST,3,JLE,2,0,0,0,0,0,MOV,1,0,1,0,0,0,JE,0,0,4957821,4958070,4957838,0,0,1,0,cpp,1.400974057567962e-07,0.0,0,0,0
0x4ba66c,JNB,29580,4,1676,6,0x4ba668,CMP,1,NonLeaf,rax(MOV) r14(-1) ,rflags ,CMP,4,MOV,4,MOVZX,3,MOV,3,ADD,3,LEA,4,MOV,4,MOV,3,MOV,6,CMP,5,0,1,0,0,0,CALL,0,1,1,0,0,0,MOV,0,0,4957793,4959480,4957810,0,0,1,1,cpp,1.400974057567962e-07,0.0001352265043948,0,0,0
0x4ba64f,JNB,29580,0,382,6,0x4ba64c,CMP,1,NonLeaf,edx(MOV) ,rflags ,CMP,3,MOV,3,JNBE,6,CMP,3,ADD,7,MOV,2,ADD,4,ADD,3,MOV,3,MOVZX,3,0,1,0,0,0,JMP,0,0,1,0,0,0,MOV,0,0,4957769,4958157,4957781,0,1,1,1,cpp,1.400974057567962e-07,0.0,0,0,0
0x4ba602,JLE,29580,29580,71,2,0x4ba5ff,TEST,1,NonLeaf,r13d(-1) r13d(-1) ,rflags ,TEST,3,JNZ,2,CMP,7,SUB,4,MOV,7,MOVSXD,3,MOV,5,MOV,3,MOV,3,MOV,7,0,0,0,0,0,JAE,0,0,1,0,0,0,CALL,0,1,4957695,4957769,4957700,0,0,0,1,cpp,1.400974057567962e-07,1.0,1,0,1
0x4ba5e5,JNZ,29580,0,-714,6,0x4ba5de,CMP,1,NonLeaf,rbp(-1) ,rflags ,CMP,7,JMP,5,MOV,7,JZ,6,CMP,3,MOV,7,SUB,4,CMP,7,JNZ,2,TEST,3,0,0,0,0,0,JMP,0,0,1,0,0,0,JNE,0,0,4957662,4956955,4957675,0,0,1,0,cpp,1.400974057567962e-07,0.0,0,0,0
0x4ba287,JNBE,144020,0,29,2,0x4ba260,CMP,1,NonLeaf,al(SUB) ,rflags ,MOV,7,MOV,10,MOV,10,MOV,10,CMP,2,MOVSX,7,SUB,3,CDQE,2,MOVZX,7,MOV,8,0,0,1,0,0,JMP,0,0,0,0,0,0,MOV,0,0,4956642,4956836,4956809,0,0,0,0,cpp,6.821104928023593e-07,0.0,0,0,0
0x4ba1a0,JNZ,76982,0,3852,6,0x4ba198,CMP,1,NonLeaf,rip(JNZ) ,rflags ,CMP,8,JNZ,6,CMP,8,JNZ,6,CMP,8,MOV,7,MOV,11,MOV,10,MOV,10,MOV,11,0,0,0,0,0,MOV,0,0,1,0,0,0,MOV,0,0,4956568,4960428,4956582,0,0,1,1,cpp,3.646037352930928e-07,0.0,0,0,0
0x4ba192,JNZ,76982,0,3866,6,0x4ba18a,CMP,1,NonLeaf,rip(JNZ) ,rflags ,CMP,8,JNZ,6,CMP,8,JZ,6,CMP,3,CMP,8,JNZ,6,MOV,7,MOV,11,MOV,10,0,0,0,0,0,MOV,0,0,1,0,0,0,JNE,0,0,4956554,4960428,4956568,0,0,1,0,cpp,3.646037352930928e-07,0.0,0,0,0
0x4ba184,JNZ,76982,0,3880,6,0x4ba17c,CMP,1,NonLeaf,rip(JNZ) ,rflags ,CMP,8,JZ,6,CMP,3,MOV,7,MOV,7,CMP,8,JNZ,6,CMP,8,JNZ,6,MOV,7,0,1,0,0,0,MOV,0,0,1,0,0,0,JNE,0,0,4956540,4960428,4956554,0,0,1,0,cpp,3.646037352930928e-07,0.0,0,0,0
0x4ba176,JZ,610601,533619,-248,6,0x4ba173,CMP,1,NonLeaf,rax(MOV) ,rflags ,CMP,3,MOV,7,MOV,7,JNLE,6,CMP,7,CMP,8,JNZ,6,CMP,8,JNZ,6,CMP,8,0,0,0,0,0,XOR,1,0,1,0,0,0,JNE,0,0,4956517,4956286,4956540,0,0,1,0,cpp,2.891941043019118e-06,0.8739242156498269,1,0,1
0x4ba15f,JNLE,610601,0,402,6,0x4ba158,CMP,1,NonLeaf,r12(-1) ,rflags ,CMP,7,NOP,3,JMP,5,CALL_NEAR,5,XOR,2,MOV,7,MOV,7,CMP,3,JZ,6,CMP,8,0,1,0,0,0,JMP,1,0,1,0,0,0,JE,0,0,4956504,4956913,4956517,0,0,1,1,cpp,2.891941043019118e-06,0.0,0,0,0
0x4ba13c,JZ,610601,610601,-120,6,0x4ba13a,TEST,1,NonLeaf,eax(MOV) eax(MOV) ,rflags ,TEST,2,MOV,6,JNZ,6,DEC,2,JMP,2,LEA,7,XOR,2,CALL_NEAR,5,JMP,5,NOP,3,0,0,1,0,0,MOV,0,0,0,0,0,0,CALL,0,1,4956468,4956356,4956482,0,0,0,1,cpp,2.891941043019118e-06,1.0,1,0,1
0x4ba12e,JNZ,610601,0,21282,6,0x4ba12c,DEC,1,NonLeaf,rdx(-1) ,rflags ,DEC,2,JMP,2,JNZ,6,DEC_LOCK,3,JZ,2,MOV,6,TEST,2,JZ,6,LEA,7,XOR,2,0,-1,-1,-1,-1,CALL,-1,1,0,1,0,0,JE,0,0,4956460,4977744,4956468,0,0,1,0,cpp,2.891941043019118e-06,0.0,0,0,0
0x4ba0e3,JZ,610600,610600,-446,6,0x4ba0e0,CMP,1,NonLeaf,eax(-1) ,rflags ,CMP,3,NOP,7,RET_NEAR,1,POP,1,POP,2,MOV,5,JMP,2,MOV,3,MOV,3,MOV,3,0,0,0,0,0,JNE,0,0,1,0,0,0,JMP,1,0,4956384,4955941,4956393,0,0,0,0,cpp,2.8919363067985043e-06,1.0,1,0,1
0x4ba0b4,JZ,610601,610601,92,2,0x4ba0b0,SUB,1,NonLeaf,rdx(MOV) ,rflags ,SUB,4,MOV,7,JNZ,2,TEST,7,CALL_NEAR,5,MOV,6,TEST,2,JNZ,6,MOV,6,LEA,4,0,1,0,0,0,JE,0,0,0,0,0,0,JNE,0,0,4956329,4956432,4956342,0,0,1,0,cpp,2.891941043019118e-06,1.0,1,0,1
0x4ba0a7,JNZ,610601,0,15,2,0x4ba0a0,TEST,1,NonLeaf,r14(-1) ,rflags ,TEST,7,CALL_NEAR,5,MOV,3,CALL_NEAR,5,MOV,7,MOV,7,SUB,4,JZ,2,MOV,6,TEST,2,0,1,0,0,0,JNE,0,0,1,0,0,0,JE,0,0,4956320,4956342,4956329,0,0,0,1,cpp,2.891941043019118e-06,0.0,0,0,0
0x4ba078,JZ,610601,610601,224,6,0x4ba06b,CMP,1,NonLeaf,r12(-1) rax(-1) ,rflags ,MOV,10,CMP,3,CALL_NEAR,4,MOV,3,SUB,3,MOV,11,XOR,3,MOV,7,CALL_NEAR,5,MOV,3,0,1,0,0,0,JG,0,0,1,0,0,0,XOR,1,0,4956267,4956504,4956286,0,0,0,1,cpp,2.891941043019118e-06,1.0,1,0,1
0x4ba04e,JBE,610601,0,665,6,0x4ba047,CMP,1,NonLeaf,rbp(-1) rax(SUB) ,rflags ,CMP,7,SUB,6,MOV,3,SUB,11,MOV,11,MOV,7,MOV,3,MOV,3,SUB,3,MOV,3,0,1,0,0,0,CALL,0,1,1,1,0,0,CALL,0,1,4956193,4956903,4956244,0,0,1,1,cpp,2.891941043019118e-06,0.0,0,0,0
0x4ba005,JNZ,610601,0,21552,6,0x4ba002,CMPXCHG,1,NonLeaf,rdx(-1) esi(-1) eax(CMPXCHG) ,eax rflags ,CMPXCHG,3,JMP,2,JNZ,6,CMPXCHG_LOCK,4,JZ,2,MOV,7,MOV,7,MOV,4,ADD,4,MOV,7,0,-1,-1,-1,-1,CALL,-1,1,0,1,0,0,MOV,0,0,4956162,4977717,4956171,0,0,1,1,cpp,2.891941043019118e-06,0.0,0,0,0
0x4b9ff4,JZ,610601,610601,14,2,0x4b9fed,CMP,1,NonLeaf,rip(JZ) ,rflags ,CMP,7,MOV,3,MOV,5,JZ,2,CMP,4,CMPXCHG_LOCK,4,JNZ,6,JMP,2,CMPXCHG,3,JNZ,6,0,1,0,0,0,JNE,0,0,1,0,0,0,JNE,0,0,4956133,4956162,4956150,0,0,1,0,cpp,2.891941043019118e-06,1.0,1,0,1
0x4b9fe3,JZ,610601,0,58,2,0x4b9fdf,CMP,1,NonLeaf,r10(MOV) rdx(MOV) ,rflags ,CMP,4,MOV,9,MOV,7,JNZ,2,AND,7,MOV,5,MOV,3,CMP,7,JZ,2,CMPXCHG_LOCK,4,0,1,1,0,0,ADD,0,0,1,0,0,0,JE,0,0,4956111,4956189,4956133,0,0,1,0,cpp,2.891941043019118e-06,0.0,0,0,0
0x4b9fcd,JNZ,610601,0,84,2,0x4b9fc6,AND,1,NonLeaf,r12d(AND) ,r12d rflags ,AND,7,MOV,10,MOV,3,CALL_NEAR,5,MOV,5,MOV,7,MOV,9,CMP,4,JZ,2,MOV,5,0,0,1,0,0,JBE,0,0,1,0,0,0,JE,0,0,4956102,4956193,4956111,0,0,1,0,cpp,2.891941043019118e-06,0.0,0,0,0
0x4b9f9f,JZ,610601,610601,869,6,0x4b9f9c,TEST,1,NonLeaf,rax(MOV) rax(MOV) ,rflags ,TEST,3,MOV,5,JNZ,6,MOV,10,MOV,7,LEA,7,MOV,3,MOV,5,CALL_NEAR,5,MOV,3,0,1,0,0,0,JMP,0,0,1,0,0,0,CALL,0,1,4956055,4956932,4956069,0,0,1,1,cpp,2.891941043019118e-06,1.0,1,0,1
0x4b9f91,JNZ,610601,0,144,6,0x4b9f72,TEST,1,NonLeaf,r12d(-1) ,rflags ,MOV,10,MOV,7,MOV,7,TEST,7,CALL_NEAR,5,MOV,5,TEST,3,JZ,6,LEA,7,MOV,3,0,1,1,0,0,JBE,0,0,1,0,0,0,JE,0,0,4956018,4956193,4956055,0,0,1,0,cpp,2.891941043019118e-06,0.0,0,0,0
0x4b9f3f,JNZ,610601,0,433,6,0x4b9f3b,TEST,1,NonLeaf,r12b(-1) ,rflags ,TEST,4,JZ,6,TEST,3,JNZ,6,TEST,4,MOV,3,MOV,5,MOV,3,MOV,7,MOV,4,0,1,0,0,0,CALL,1,1,1,0,0,0,CALL,0,1,4955963,4956400,4955973,0,0,1,1,cpp,2.891941043019118e-06,0.0,0,0,0
0x4b9f35,JZ,610601,0,922,6,0x4b9f32,TEST,1,NonLeaf,rbx(-1) rbx(-1) ,rflags ,TEST,3,JNZ,6,TEST,4,MOV,3,MOV,10,TEST,4,JNZ,6,MOV,3,MOV,5,MOV,3,0,1,0,0,0,JMP,1,0,1,0,0,0,JNE,0,0,4955954,4956879,4955963,0,0,1,0,cpp,2.891941043019118e-06,0.0,0,0,0
0x4b9f2c,JNZ,610601,0,900,6,0x4b9f28,TEST,1,NonLeaf,r12b(MOV) ,rflags ,TEST,4,MOV,3,MOV,10,JNZ,6,TEST,2,TEST,3,JZ,6,TEST,4,JNZ,6,MOV,3,0,1,0,0,0,JMP,1,0,1,0,0,0,JE,0,0,4955941,4956848,4955954,1,0,1,0,cpp,2.891941043019118e-06,0.0,0,0,0
0x4b9f15,JNZ,610601,610600,459,6,0x4b9f13,TEST,1,NonLeaf,eax(MOV) eax(MOV) ,rflags ,TEST,2,MOV,6,MOV,6,MOV,3,MOV,7,MOV,10,MOV,3,TEST,4,JNZ,6,TEST,3,0,1,0,0,0,JE,0,0,1,0,0,0,MOV,0,0,4955872,4956384,4955931,0,0,0,1,cpp,2.891941043019118e-06,0.9999983622693052,1,0,1
0x4b8f00,JS,4,0,-96,2,0x4b8efc,ADD,1,Leaf,r11(ADD) ,r11 rflags ,ADD,4,MUL,3,ADC,3,MOV,3,MOV,5,MOV,4,ADD,3,ADC,3,MOV,5,ADD,3,0,1,0,0,0,MOV,0,0,1,1,0,0,ADD,0,0,4951801,4951712,4951810,0,0,1,1,cpp,1.894488245528008e-11,0.0,0,0,0
0x4b8e26,JNZ,65486,0,10,2,0x4b8e23,DEC,1,Leaf,r11(DEC) ,r11 rflags ,DEC,3,JNLE,2,JZ,2,CMP,3,JZ,2,MOV,3,JMP,5,LEA,5,LEA,5,NEG,3,0,1,0,0,0,JMP,0,0,1,0,0,0,JMP,0,0,4951587,4951600,4951592,1,0,0,1,cpp,3.1015614311661786e-07,0.0,0,0,0
0x4b8e21,JNLE,65486,0,68,2,0x4b8e1c,CMP,0,Leaf,ebx(-1) ,rflags ,JZ,2,CMP,3,JZ,2,AND,3,ADC,4,DEC,3,JNZ,2,MOV,3,JMP,5,LEA,5,0,1,0,0,0,JMP,0,0,1,0,0,0,JNE,0,0,4951585,4951653,4951587,0,0,0,0,cpp,3.1015614311661786e-07,0.0,0,0,0
0x4b8e1f,JZ,65490,4,91,2,0x4b8e1c,CMP,1,Leaf,ebx(-1) ,rflags ,CMP,3,JZ,2,AND,3,ADC,4,ADD,3,JNLE,2,DEC,3,JNZ,2,MOV,3,JMP,5,0,1,0,0,0,JMP,0,0,1,0,0,0,JG,0,0,4951580,4951674,4951585,0,0,0,0,cpp,3.101750879990732e-07,6.10780271797221e-05,0,0,0
0x4b8e1a,JZ,65490,0,52,2,0x4b8e17,AND,1,Leaf,ebx(AND) ,ebx rflags ,AND,3,ADC,4,ADD,3,MOV,3,MUL,3,CMP,3,JZ,2,JNLE,2,DEC,3,JNZ,2,0,1,0,0,0,JMP,0,0,1,0,0,0,JE,0,0,4951552,4951630,4951580,0,0,0,0,cpp,3.101750879990732e-07,0.0,0,0,0
0x4b8a38,JLE,4,4,292,6,0x4b8a24,CMP,1,Recursive,rbx(-1) ,rflags ,LEA,4,MOV,4,LEA,8,CMP,4,MOV,4,ADD,4,MOV,3,LEA,4,MOV,3,MOV,3,0,0,1,0,0,RET,0,0,1,0,0,0,JMP,0,0,4950564,4950876,4950590,0,1,0,0,cpp,1.894488245528008e-11,1.0,1,0,1
0x4b8a0d,JBE,4,0,355,6,0x4b8a09,CMP,1,Recursive,rcx(MOV) ,rflags ,CMP,4,MOV,3,JZ,6,TEST,3,XOR,2,MOV,4,MOV,4,CALL_NEAR,5,MOV,4,CMP,4,0,1,0,0,0,JE,0,0,1,0,0,0,CALL,1,1,4950534,4950896,4950547,0,0,0,1,cpp,1.894488245528008e-11,0.0,0,0,0
0x4b8a00,JZ,4,0,348,6,0x4b89fd,TEST,1,Recursive,r8(-1) r8(-1) ,rflags ,TEST,3,XOR,2,JNLE,6,MOV,4,CMP,4,MOV,3,CMP,4,JBE,6,MOV,4,MOV,4,0,0,1,0,0,RET,1,0,1,0,0,0,JBE,0,0,4950523,4950876,4950534,0,0,0,0,cpp,1.894488245528008e-11,0.0,0,0,0
0x4b8929,JB,37400,37400,16,2,0x4b8925,SUB,1,Leaf,rdx(SUB) ,rdx rflags ,SUB,4,SHRD,4,XOR,2,MOV,4,MOV,3,MOV,4,LEA,4,LEA,4,JMP,2,SHRD,4,0,1,0,0,0,RET,0,0,1,0,0,0,JMP,0,0,4950296,4950329,4950315,0,0,1,0,cpp,1.7713465095686877e-07,1.0,1,0,1
0x4b8916,JNZ,37400,0,58,2,0x4b890f,SHR,0,Leaf,r9(-1) cl(-1) ,r9 rflags ,RET_NEAR,1,MOV,3,SHR,3,JMP,2,LEA,4,MOV,3,MOV,4,XOR,2,SHRD,4,SUB,4,0,1,0,0,0,JB,0,0,1,0,0,0,JB,0,0,4950294,4950352,4950296,0,0,0,0,cpp,1.7713465095686877e-07,0.0,0,0,0
0x4b88ec,JNB,37400,37400,42,2,0x4b88e9,CMP,1,Leaf,eax(-1) ,rflags ,CMP,3,JMP,5,SUB,4,LEA,4,LEA,4,MOV,3,XOR,2,SHRD,4,SUB,4,JB,2,0,1,0,0,0,JNE,0,0,1,0,0,0,JB,0,0,4950249,4950294,4950254,0,0,0,0,cpp,1.7713465095686877e-07,1.0,1,0,1
0x4b88c5,JNZ,37400,37400,36,2,0x4b88c2,AND,1,Leaf,eax(AND) ,eax rflags ,AND,3,MOV,2,INVALID,0,INVALID,0,INVALID,0,MOV,3,MOV,4,XOR,2,SHRD,4,MOV,4,0,1,0,0,0,JAE,0,0,1,0,0,0,JMP,0,0,4950208,4950249,4950215,0,0,0,0,cpp,1.7713465095686877e-07,1.0,1,0,1
0x4b87f1,JB,18814,18814,20,2,0x4b87ed,SUB,1,Leaf,rdx(SUB) ,rdx rflags ,SUB,4,SHLD,4,XOR,2,MOV,3,JNB,2,MOV,4,MOV,4,LEA,4,LEA,4,JMP,2,0,1,0,0,0,RET,0,0,1,0,0,0,JMP,0,0,4949988,4950021,4950003,0,0,1,0,cpp,8.910725462840988e-08,1.0,1,1,1
0x4b87e2,JNB,18814,0,42,2,0x4b87df,CMP,1,Leaf,eax(-1) ,rflags ,CMP,3,JMP,5,SUB,4,LEA,4,MOV,4,MOV,3,XOR,2,SHLD,4,SUB,4,JB,2,0,1,0,0,0,JNE,0,0,1,0,0,0,JB,0,0,4949983,4950028,4949988,0,0,0,0,cpp,8.910725462840988e-08,0.0,0,0,0
0x4b87bf,JNZ,18814,18814,32,2,0x4b87bc,AND,1,Leaf,eax(AND) ,eax rflags ,AND,3,MOV,2,LEA,5,LEA,5,INVALID,0,MOV,3,MOV,4,XOR,2,SHLD,4,MOV,4,0,1,0,0,0,JAE,0,0,1,0,0,0,JMP,0,0,4949936,4949983,4949953,0,0,0,0,cpp,8.910725462840988e-08,1.0,1,0,1
0x4b8795,JZ,22940,25,-21,2,0x4b8792,CMP,1,Leaf,rax(MOV) rcx(MOV) ,rflags ,CMP,3,MOV,4,MOV,4,JZ,2,CMP,4,CMP,3,SBB,2,AND,3,SUB,3,RET_NEAR,1,1,1,0,0,0,JE,0,0,1,0,0,0,RET,1,0,4949898,4949888,4949911,0,1,0,0,cpp,1.0864890088103129e-07,0.0010897994768962,0,1,0
0x4b8788,JZ,25,5,32,2,0x4b8784,CMP,1,Leaf,rdx(SUB) ,rflags ,CMP,4,SUB,4,NOP,8,JMP,2,JNS,2,MOV,4,MOV,4,CMP,3,JZ,2,CMP,3,0,0,0,0,0,RET,1,0,0,0,1,1,JE,0,0,4949888,4949928,4949898,0,0,0,0,cpp,1.1840551534550048e-10,0.2,0,0,0
0x4b8774,JNS,22920,22920,22,2,0x4b8770,SUB,1,Leaf,rdx(SUB) ,rdx rflags ,SUB,4,INVALID,0,INVALID,0,INVALID,0,INVALID,0,JMP,2,NOP,8,SUB,4,CMP,4,JZ,2,0,1,0,1,0,JE,0,0,1,0,0,0,JMP,0,0,4949872,4949898,4949878,0,0,0,0,cpp,1.0855417646875489e-07,1.0,1,1,1
0x4b3682,JLE,8,0,1092,6,0x4b3680,TEST,1,NonLeaf,ebp(-1) ebp(-1) ,rflags ,TEST,2,CALL_NEAR,5,MOV,5,MOV,3,LEA,8,MOV,5,MOVSXD,3,MOV,7,SUB,2,MOV,5,0,1,0,0,0,JMP,0,0,1,0,0,0,JMP,0,0,4929152,4930246,4929160,0,0,1,1,cpp,3.788976491056016e-11,0.0,0,0,0
0x4b35ea,JZ,10,2,21,2,0x4b35e8,CMP,1,NonLeaf,al(-1) ,rflags ,CMP,2,NOP,6,JMP,5,MOV,5,MOVZX,4,CMP,4,MOV,3,SETZ,3,SUB,3,TEST,2,0,1,1,0,0,JMP,0,0,1,0,0,0,CMOVNE,0,0,4929000,4929023,4929004,0,0,0,0,cpp,4.7362206138200205e-11,0.2,0,0,0
0x4b35d2,JBE,20,10,22,2,0x4b35cf,CMP,1,NonLeaf,cl(LEA) ,rflags ,CMP,3,LEA,4,LEA,3,NOP,7,SUB,3,MOVZX,4,MOV,5,JMP,5,NOP,6,CMP,2,1,1,0,0,0,JE,0,0,1,1,0,0,JMP,1,0,4928968,4929000,4928980,0,0,0,1,cpp,9.47244122764004e-11,0.5,0,1,0
0x4b345c,JNZ,8,8,514,6,0x4b3459,CMP,1,NonLeaf,r13(-1) r14(-1) ,rflags ,CMP,3,JMP,5,MOV,7,XOR,3,MOV,8,LEA,3,MOV,2,SAR,3,SHR,3,LEA,3,0,1,0,0,0,CALL,0,1,1,0,0,0,JE,0,0,4928601,4929118,4928610,0,0,1,0,cpp,3.788976491056016e-11,1.0,1,0,1
0x4b3382,JLE,8,0,-32,2,0x4b337f,TEST,1,NonLeaf,r13d(SUB) r13d(SUB) ,rflags ,TEST,3,SUB,3,MOV,3,MOV,3,MOV,6,MOV,5,MOV,3,MOV,5,MOV,3,CALL_NEAR,5,0,0,1,0,0,JMP,0,0,1,0,0,0,CALL,0,1,4928368,4928354,4928388,0,0,0,1,cpp,3.788976491056016e-11,0.0,0,0,0
0x4b332b,JNL,8,8,69,2,0x4b3328,CMP,1,NonLeaf,ebp(-1) ,rflags ,CMP,3,NOP,4,JMP,5,AND,4,SUB,4,MOV,8,ADD,3,JMP,5,SUB,9,XOR,2,0,1,0,0,0,JLE,1,0,1,0,0,0,JMP,0,0,4928296,4928368,4928301,0,1,0,1,cpp,3.788976491056016e-11,1.0,1,0,1
0x4b32ae,JNZ,8,8,122,2,0x4b32a9,TEST,1,NonLeaf,ebp(-1) ebp(-1) ,rflags ,MOV,3,TEST,2,DIV,3,MOV,3,MOV,3,TEST,3,JZ,6,BSR,4,MOV,8,MOV,3,1,1,0,0,0,JGE,0,0,1,0,0,0,JE,0,0,4928160,4928296,4928176,0,0,0,0,cpp,3.788976491056016e-11,1.0,1,0,1
0x4b3254,JZ,2,0,-12,2,0x4b3250,CMP,1,NonLeaf,r13b(MOVSX) ,rflags ,CMP,4,MOVSX,4,ADD,4,NOP,7,MOV,6,MOV,3,JMP,5,MOV,3,MOV,5,XOR,2,1,1,1,1,1,JE,0,0,1,1,0,0,JMP,1,0,4928072,4928072,4928086,0,0,0,0,cpp,9.47244122764004e-12,0.0,0,1,0
0x4b3112,JLE,8,8,839,6,0x4b310f,CMP,1,NonLeaf,eax(-1) ,rflags ,CMP,3,JNLE,6,MOV,2,CMP,5,SUB,2,LEA,3,MOV,2,AND,3,MOVSXD,3,SAR,3,0,1,0,0,0,JNE,0,0,1,0,0,0,JNE,0,0,4927759,4928601,4927768,0,0,0,0,cpp,3.788976491056016e-11,1.0,1,0,1
0x4b3109,JNLE,8,0,2215,6,0x4b3102,CMP,1,NonLeaf,eax(SUB) ,rflags ,MOV,2,CMP,5,SUB,2,XOR,4,BSR,9,CMP,3,JLE,6,LEA,3,MOV,2,AND,3,0,0,0,0,0,JE,0,0,1,0,0,0,JLE,0,0,4927721,4929968,4927759,0,0,1,0,cpp,3.788976491056016e-11,0.0,0,0,0
0x4b2fdc,JLE,8,8,269,6,0x4b2fd9,TEST,1,NonLeaf,rax(MOV) rax(MOV) ,rflags ,TEST,3,MOV,8,MOV,8,MOV,3,CALL_NEAR,5,MOV,5,LEA,8,MOV,5,MOV,5,MOV,6,0,1,1,0,0,JG,0,0,1,0,0,0,JMP,0,0,4927430,4927721,4927458,0,0,0,1,cpp,3.788976491056016e-11,1.0,1,0,1
0x4b28fc,JNZ,2,0,4353,6,0x4b28f2,CMP,1,NonLeaf,rsp(-1) ,rflags ,SETZ,4,CMP,6,XOR,3,JZ,6,CMP,4,MOV,5,MOV,6,JMP,5,NOP,6,TEST,3,0,1,0,0,0,MOV,1,0,1,0,0,0,JMP,0,0,4925679,4930045,4925698,0,0,0,1,cpp,9.47244122764004e-12,0.0,0,0,0
0x4b28e9,JZ,2,0,2340,6,0x4b28e5,CMP,1,NonLeaf,rdx(-1) rax(MOVSX) ,rflags ,CMP,4,MOVSX,5,NOP,2,JMP,5,MOVSX,5,XOR,3,CMP,6,SETZ,4,JNZ,6,MOV,5,0,1,0,0,0,JNE,0,0,1,0,0,0,JNE,0,0,4925664,4928013,4925679,0,0,1,0,cpp,9.47244122764004e-12,0.0,0,0,0
0x4b28be,JNZ,2,0,-2774,6,0x4b28bc,TEST,1,NonLeaf,eax(MOV) eax(MOV) ,rflags ,TEST,2,MOVSS,8,MOV,4,NOP,6,MOV,3,XORPS,3,JMP,5,NOP,4,ADD,4,MOVSX,5,0,0,1,0,0,RET,0,0,0,0,0,0,JMP,0,0,4925616,4922856,4925636,0,0,0,0,cpp,9.47244122764004e-12,0.0,0,0,0
0x4b2128,JZ,8,8,4445,6,0x4b211c,CMP,1,NonLeaf,r15(-1) ,rflags ,MOV,8,CMP,4,MOV,5,JNZ,6,TEST,3,CMP,4,JZ,6,MOV,5,MOV,8,LEA,4,0,1,0,0,0,MOV,0,0,1,0,0,0,JE,0,0,4923671,4928133,4923694,0,0,0,0,cpp,3.788976491056016e-11,1.0,1,0,1
0x4b2111,JNZ,8,0,3285,6,0x4b210e,TEST,1,NonLeaf,rax(-1) rax(-1) ,rflags ,TEST,3,CALL_NEAR,5,MOV,3,MOV,3,MOV,3,MOV,5,CMP,4,MOV,8,JZ,6,CMP,4,0,1,0,0,0,JMP,0,0,0,1,0,0,JE,0,0,4923662,4926950,4923671,0,0,1,1,cpp,3.788976491056016e-11,0.0,0,0,0
0x4ef17a,JNB,1,0,2603,6,0x4ef175,PTEST,1,Leaf,xmm0(-1) xmm2(PXOR) ,rflags ,PTEST,5,PXOR,5,MOVDQU,5,JNB,6,PTEST,5,MOVDQU,5,PXOR,5,PTEST,5,JNB,6,MOVDQU,5,0,0,0,0,0,ADD,0,0,1,0,0,0,JAE,0,0,5173611,5176229,5173632,0,0,0,0,cpp,4.736220613820021e-12,0.0,0,0,0
0x4b20e3,JLE,8,0,52,2,0x4b20e0,TEST,1,NonLeaf,r12d(XOR) r12d(XOR) ,rflags ,TEST,3,XOR,4,MOV,5,BSR,9,LEA,4,MOV,5,MOV,3,MOV,3,MOV,3,CALL_NEAR,5,0,1,1,0,0,JE,0,0,1,0,0,0,CALL,0,1,4923594,4923671,4923621,0,0,1,1,cpp,3.788976491056016e-11,0.0,0,0,0
0x4b2098,JZ,8,0,5681,6,0x4b2095,CMP,1,NonLeaf,r13(-1) rax(MOV) ,rflags ,CMP,3,MOV,4,MOV,5,MOV,3,MOV,5,MOV,5,MOV,5,MOV,3,MOV,5,MOV,5,0,1,0,0,0,CALL,0,1,1,1,0,0,CALL,0,1,4923524,4929225,4923550,0,0,1,1,cpp,3.788976491056016e-11,0.0,0,0,0
0x4b203a,JZ,8,8,-58,2,0x4b2033,TEST,1,NonLeaf,rbp(-1) rbp(-1) ,rflags ,MOV,4,TEST,3,XOR,3,JZ,2,TEST,3,LEA,4,MOV,3,MOV,3,MOV,3,MOV,3,0,1,0,0,0,CALL,0,1,1,0,0,0,CALL,0,1,4923440,4923392,4923452,0,0,1,1,cpp,3.788976491056016e-11,1.0,1,0,1
0x4b202e,JZ,8,0,-15,2,0x4b202b,TEST,1,NonLeaf,r15d(-1) r12d(-1) ,rflags ,TEST,3,JZ,2,TEST,3,ADD,4,ADD,3,XOR,3,TEST,3,MOV,4,JZ,2,LEA,4,1,1,0,0,0,JE,0,0,1,0,0,0,JE,0,0,4923435,4923423,4923440,1,1,0,0,cpp,3.788976491056016e-11,0.0,0,0,0
0x4ef0c0,JNB,1,0,2781,6,0x4ef0bb,PTEST,1,Leaf,xmm0(-1) xmm2(PXOR) ,rflags ,PTEST,5,PXOR,5,MOVDQU,5,JNB,6,PTEST,5,MOVDQU,5,PXOR,5,PTEST,5,JNB,6,CMP,4,0,0,0,0,0,ADD,0,0,1,0,0,0,JAE,0,0,5173425,5176221,5173446,0,0,0,0,cpp,4.736220613820021e-12,0.0,0,0,0
0x4b2029,JZ,8,8,91,2,0x4b2026,TEST,1,NonLeaf,r15d(-1) r15d(-1) ,rflags ,TEST,3,ADD,4,ADD,3,CALL_NEAR,5,LEA,8,TEST,3,JZ,2,XOR,3,TEST,3,MOV,4,0,0,1,0,0,JE,1,0,0,0,1,1,JE,0,0,4923423,4923524,4923435,0,0,0,0,cpp,3.788976491056016e-11,1.0,1,0,1
0x4b1fa5,JLE,8,8,13,2,0x4b1fa2,CMP,1,NonLeaf,r13(-1) rax(ADD) ,rflags ,CMP,3,MOV,8,ADD,3,CDQE,2,SUB,3,MOV,3,MOV,8,MOV,3,XOR,3,MOV,4,0,1,1,0,0,JMP,0,0,1,0,0,0,MOV,0,0,4923287,4923314,4923303,1,0,1,1,cpp,3.788976491056016e-11,1.0,1,1,1
0x4b1f8d,JLE,8,0,10,2,0x4b1f87,CMP,1,NonLeaf,rax(CDQE) rcx(MOV) ,rflags ,MOV,3,CMP,3,SUB,3,CDQE,2,MOV,3,MOV,3,SUB,3,CDQE,2,ADD,3,MOV,8,0,1,1,0,0,JLE,0,0,1,0,0,0,CDQE,0,0,4923263,4923287,4923279,1,0,1,0,cpp,3.788976491056016e-11,0.0,0,0,0
0x4b1efc,JNZ,8,8,4225,6,0x4b1ef9,TEST,1,NonLeaf,r14(-1) r14(-1) ,rflags ,TEST,3,JL,6,CMP,4,JNLE,6,CMP,3,MOV,3,LEA,8,MOV,9,XOR,2,MOV,5,0,1,0,0,0,CALL,0,1,1,0,0,0,MOV,0,0,4923129,4927357,4923138,0,0,1,1,cpp,3.788976491056016e-11,1.0,1,0,1
0x4b1ef3,JL,8,0,6802,6,0x4b1eef,CMP,1,NonLeaf,rax(-1) ,rflags ,CMP,4,JNLE,6,CMP,3,MOV,8,SUB,3,TEST,3,JNZ,6,MOV,3,LEA,8,MOV,9,0,1,0,0,0,JE,0,0,1,0,0,0,JNE,0,0,4923119,4929925,4923129,0,0,1,0,cpp,3.788976491056016e-11,0.0,0,0,0
0x4b1ee9,JNLE,8,0,6855,6,0x4b1ee6,CMP,1,NonLeaf,rax(SUB) rdx(SUB) ,rflags ,CMP,3,MOV,8,SUB,3,MOV,5,SUB,3,CMP,4,JL,6,TEST,3,JNZ,6,MOV,3,0,1,0,0,0,JE,0,0,1,0,0,0,JL,0,0,4923088,4929968,4923119,0,0,1,0,cpp,3.788976491056016e-11,0.0,0,0,0
0x4b1ebd,JS,8,0,5046,6,0x4b1eba,TEST,1,NonLeaf,rax(-1) rax(-1) ,rflags ,TEST,3,JZ,6,CMP,4,NOP,1,MOV,8,MOV,3,SUB,3,CMP,3,CMOVNLE,4,ADD,3,0,1,0,0,0,JMP,0,0,1,0,0,0,CMOVG,0,0,4923066,4928115,4923075,0,0,0,0,cpp,3.788976491056016e-11,0.0,0,0,0
0x4b1eb4,JZ,8,0,3028,6,0x4b1eb0,CMP,1,NonLeaf,r9d(-1) ,rflags ,CMP,4,NOP,1,MOV,8,JNZ,6,TEST,3,TEST,3,JS,6,MOV,3,SUB,3,CMP,3,0,1,0,0,0,JNE,0,0,1,0,0,0,JS,1,0,4923056,4926088,4923066,0,0,0,0,cpp,3.788976491056016e-11,0.0,0,0,0
0x4b1ea1,JNZ,8,0,2693,6,0x4b1e9e,TEST,1,NonLeaf,rsi(-1) rsi(-1) ,rflags ,TEST,3,JZ,6,TEST,3,MOV,3,JZ,2,MOV,8,NOP,1,CMP,4,JZ,6,TEST,3,0,1,0,0,0,JMP,0,0,1,0,0,0,NOP,0,0,4923038,4925734,4923047,0,0,0,0,cpp,3.788976491056016e-11,0.0,0,0,0
0x4b1e98,JZ,10,2,2584,6,0x4b1e95,TEST,1,NonLeaf,r13(-1) r13(-1) ,rflags ,TEST,3,MOV,3,JZ,2,TEST,3,MOV,5,TEST,3,JNZ,6,MOV,8,NOP,1,CMP,4,0,0,0,0,0,JNE,1,0,1,0,0,0,JNE,0,0,4923029,4925616,4923038,0,0,0,0,cpp,4.7362206138200205e-11,0.2,0,0,0
0x4b1e90,JZ,10,0,5,2,0x4b1e8d,TEST,1,NonLeaf,rax(MOV) rax(MOV) ,rflags ,TEST,3,MOV,5,NOP,3,JNZ,6,TEST,3,MOV,3,TEST,3,JZ,6,TEST,3,JNZ,6,0,1,1,0,0,JE,0,0,1,0,0,0,MOV,0,0,4923016,4923029,4923026,0,0,0,1,cpp,4.7362206138200205e-11,0.0,0,0,0
0x4b1e7f,JNZ,2,0,2362,6,0x4b1e7c,TEST,1,NonLeaf,r13(-1) r13(-1) ,rflags ,TEST,3,JNZ,2,CMP,3,MOV,3,MOV,3,NOP,3,MOV,5,TEST,3,JZ,2,MOV,3,0,1,0,0,0,JNS,0,0,1,0,0,0,NOP,0,0,4923004,4925369,4923013,0,0,0,0,cpp,9.47244122764004e-12,0.0,0,0,0
0x4b1e7a,JNZ,10,8,14,2,0x4b1e77,CMP,1,NonLeaf,r14(-1) r13(MOV) ,rflags ,CMP,3,MOV,3,MOV,3,JZ,2,CMP,4,TEST,3,JNZ,6,NOP,3,MOV,5,TEST,3,0,0,1,0,0,JE,0,0,1,0,0,0,JNE,0,0,4922999,4923016,4923004,0,0,0,0,cpp,4.7362206138200205e-11,0.8,1,0,1
0x4b1e6f,JZ,2,0,-15,2,0x4b1e6b,CMP,1,NonLeaf,rax(SUB) ,rflags ,CMP,4,SUB,3,LEA,4,SUB,4,NOP,7,MOV,3,MOV,3,CMP,3,JNZ,2,TEST,3,1,1,1,1,1,JE,0,0,1,1,0,0,MOV,1,0,4922976,4922976,4922993,1,0,0,0,cpp,9.47244122764004e-12,0.0,0,1,0
0x4b1e54,JNZ,10,8,35,2,0x4b1e50,CMP,1,NonLeaf,rbp(-1) ,rflags ,CMP,4,JBE,2,CMP,3,MOV,3,NOP,5,MOV,3,NOP,7,SUB,4,LEA,4,SUB,3,0,0,1,0,0,JNE,1,0,1,0,0,0,NOP,0,0,4922960,4922999,4922966,0,0,0,0,cpp,4.7362206138200205e-11,0.8,1,0,1
0x4b1e37,JNZ,10,10,17,2,0x4b1e34,CMP,1,NonLeaf,cl(-1) ,rflags ,CMP,3,MOV,4,NOP,3,JMP,5,MOV,3,CMP,4,JNZ,6,NOP,5,MOV,3,CMP,3,0,0,0,0,0,MOV,1,0,1,0,0,0,JNE,0,0,4922932,4922952,4922937,0,0,0,0,cpp,4.7362206138200205e-11,1.0,1,0,1
0x4b1dae,JBE,10,10,-680,6,0x4b1dac,CMP,1,NonLeaf,al(LEA) ,rflags ,CMP,2,LEA,4,NOP,6,JMP,5,MOV,8,MOV,7,MOV,4,CMP,2,JZ,6,CMP,2,0,0,0,0,0,JE,0,0,1,0,0,0,JE,1,0,4922792,4922118,4922804,0,0,0,0,cpp,4.7362206138200205e-11,1.0,1,0,1
0x52bd62,JZ,1,0,246,6,0x52bd5e,CMP,1,NonLeaf,rdi(MOV) ,rflags ,CMP,4,MOV,7,CALL_NEAR,5,MOV,3,MOV,5,MOV,10,LEA,4,POP,1,POP,2,POP,2,0,1,0,0,0,CALL,0,1,1,1,0,0,RET,0,0,5422423,5422680,5422440,0,0,1,1,cpp,4.736220613820021e-12,0.0,0,0,0
0x4b1c1d,JNZ,10,10,6558,6,0x4b1c0d,CMP,1,NonLeaf,r9d(-1) ,rflags ,MOV,3,MOVSX,4,LEA,5,CMP,4,MOV,5,MOV,3,SUB,3,JMP,2,NOP,5,CMP,4,0,1,0,0,0,NOP,0,0,1,0,0,0,JMP,0,0,4922376,4928955,4922403,0,0,0,0,cpp,4.7362206138200205e-11,1.0,1,0,1
0x4b1c06,JNZ,10,0,-22,2,0x4b1c04,TEST,1,NonLeaf,cl(MOVZX) cl(MOVZX) ,rflags ,TEST,2,MOVZX,6,JNZ,6,CMP,4,ADD,4,MOV,5,CMP,4,LEA,5,MOVSX,4,MOV,3,1,1,0,0,0,JNE,0,0,0,0,0,0,JNE,1,0,4922366,4922352,4922376,0,0,0,0,cpp,4.7362206138200205e-11,0.0,0,1,0
0x4b1be3,JNZ,10,0,3181,6,0x4b1be0,CMP,1,NonLeaf,rbp(-1) al(-1) ,rflags ,CMP,3,JZ,2,TEST,2,NEG,3,SETZ,4,XOR,2,JMP,2,NOP,3,ADD,4,CMP,4,0,1,0,0,0,JMP,0,0,1,0,0,0,JMP,0,0,4922336,4925520,4922345,0,0,0,0,cpp,4.7362206138200205e-11,0.0,0,0,0
0x4b1bde,JZ,10,0,42,2,0x4b1bdc,TEST,1,NonLeaf,al(-1) al(-1) ,rflags ,TEST,2,NEG,3,SETZ,4,TEST,3,XOR,2,CMP,3,JNZ,6,XOR,2,JMP,2,NOP,3,0,1,0,0,0,JNE,0,0,1,0,0,0,JNE,0,0,4922320,4922376,4922336,0,0,0,0,cpp,4.7362206138200205e-11,0.0,0,0,0
0x4b1bca,JNZ,10,0,8031,6,0x4b1bc5,TEST,1,NonLeaf,rcx(-1) rcx(-1) ,rflags ,MOV,2,TEST,3,JZ,6,TEST,3,JZ,6,XOR,2,TEST,3,SETZ,4,NEG,3,TEST,2,0,1,0,0,0,JAE,0,0,1,0,0,0,JE,1,0,4922309,4930345,4922320,0,0,0,0,cpp,4.7362206138200205e-11,0.0,0,0,0
0x4b1bbf,JZ,10,0,7964,6,0x4b1bbc,TEST,1,NonLeaf,r10(-1) r10(-1) ,rflags ,TEST,3,JZ,6,CMP,4,JBE,6,CMP,2,TEST,3,MOV,2,JNZ,6,XOR,2,TEST,3,0,1,0,0,0,JE,0,0,1,1,0,0,JNE,1,0,4922300,4930267,4922309,0,0,0,0,cpp,4.7362206138200205e-11,0.0,0,0,0
0x4b1bb6,JZ,10,0,586,6,0x4b1bb2,CMP,1,NonLeaf,r9d(-1) ,rflags ,CMP,4,JBE,6,CMP,2,LEA,4,XOR,3,TEST,3,JZ,6,TEST,3,MOV,2,JNZ,6,0,1,0,0,0,JA,0,0,1,1,0,0,JE,0,0,4922290,4922880,4922300,0,0,0,0,cpp,4.7362206138200205e-11,0.0,0,0,0
0x4b1bac,JBE,18,8,620,6,0x4b1baa,CMP,1,NonLeaf,al(LEA) ,rflags ,CMP,2,LEA,4,XOR,3,MOV,3,NOP,6,CMP,4,JZ,6,TEST,3,JZ,6,TEST,3,1,1,0,0,0,ADD,0,0,1,1,0,0,JE,0,0,4922278,4922904,4922290,0,0,0,0,cpp,8.525197104876037e-11,0.4444444444444444,0,0,0
0x4b1b8e,JNZ,2,2,18,2,0x4b1b89,CMP,1,NonLeaf,rsp(-1) rbx(-1) ,rflags ,CMP,5,JNZ,2,TEST,3,MOVZX,6,JNZ,6,CMP,4,JZ,6,NOP,6,MOV,3,XOR,3,0,0,0,0,0,XOR,0,0,1,0,0,0,JE,0,0,4922249,4922272,4922256,0,0,0,0,cpp,9.47244122764004e-12,1.0,1,0,1
0x4b1b87,JNZ,2,0,-23,2,0x4b1b84,TEST,1,NonLeaf,r8b(MOVZX) r8b(MOVZX) ,rflags ,TEST,3,MOVZX,6,JNZ,6,CMP,4,ADD,4,CMP,5,JNZ,2,CMP,4,JZ,6,NOP,6,1,1,0,0,0,JNE,0,0,0,0,0,0,JNE,1,0,4922238,4922224,4922249,0,0,0,0,cpp,9.47244122764004e-12,0.0,0,1,0
0x4b1b61,JNZ,2,0,3323,6,0x4b1b5e,CMP,1,NonLeaf,sil(-1) dil(-1) ,rflags ,CMP,3,JZ,2,TEST,3,JBE,6,CMP,2,XOR,2,JMP,2,NOP,5,ADD,4,CMP,4,0,1,0,0,0,JE,0,0,1,0,0,0,JMP,0,0,4922206,4925532,4922215,0,0,0,0,cpp,9.47244122764004e-12,0.0,0,0,0
0x4b1b5c,JZ,2,0,45,2,0x4b1b59,TEST,1,NonLeaf,sil(-1) sil(-1) ,rflags ,TEST,3,JBE,6,CMP,2,SETNZ,4,CMP,4,CMP,3,JNZ,6,XOR,2,JMP,2,NOP,5,0,1,0,0,0,JNE,0,0,1,0,0,0,JNE,0,0,4922201,4922249,4922206,0,0,0,0,cpp,9.47244122764004e-12,0.0,0,0,0
0x4b1b53,JBE,2,0,3525,6,0x4b1b51,CMP,1,NonLeaf,al(LEA) ,rflags ,CMP,2,SETNZ,4,CMP,4,LEA,4,JBE,2,TEST,3,JZ,2,CMP,3,JNZ,6,XOR,2,0,1,0,0,0,JNE,0,0,1,0,0,0,JE,0,0,4922181,4925720,4922201,0,0,0,0,cpp,9.47244122764004e-12,0.0,0,0,0
0x4b1b21,JNZ,8,0,8045,6,0x4b1b17,CMP,1,NonLeaf,rsp(-1) ,rflags ,SETZ,4,CMP,6,XOR,3,JZ,6,MOV,4,MOV,5,MOV,3,MOV,6,MOVSX,4,MOV,4,0,1,0,0,0,JMP,0,0,1,0,0,0,MOV,0,0,4922132,4930190,4922151,0,0,0,1,cpp,3.788976491056016e-11,0.0,0,0,0
0x4b1b0e,JZ,10,2,3538,6,0x4b1b06,CMP,1,NonLeaf,r13b(-1) ,rflags ,MOV,4,CMP,4,JNBE,6,CMP,2,SUB,3,XOR,3,CMP,6,SETZ,4,JNZ,6,MOV,5,0,1,0,0,0,JE,0,0,1,0,0,0,JNE,1,0,4922118,4925664,4922132,0,0,0,0,cpp,4.7362206138200205e-11,0.2,0,0,0
0x4b1ad3,JNZ,10,10,725,6,0x4b1ad0,CMP,1,NonLeaf,r13b(-1) sil(-1) ,rflags ,CMP,3,JZ,6,TEST,3,MOVZX,5,JZ,6,MOV,5,JMP,2,ADD,4,CMP,4,JNZ,6,0,0,0,0,0,JBE,0,0,1,0,0,0,JMP,0,0,4922064,4922792,4922073,0,0,0,0,cpp,4.7362206138200205e-11,1.0,1,0,1
0x4b1aca,JZ,10,0,5292,6,0x4b1ac7,TEST,1,NonLeaf,sil(MOVZX) sil(MOVZX) ,rflags ,TEST,3,MOVZX,5,JZ,6,MOV,8,CMP,4,CMP,3,JNZ,6,MOV,5,JMP,2,ADD,4,0,1,0,0,0,JMP,0,0,1,0,0,0,JNE,0,0,4922050,4927350,4922064,0,0,0,0,cpp,4.7362206138200205e-11,0.0,0,0,0
0x4b1abc,JZ,10,0,3604,6,0x4b1ab0,CMP,1,NonLeaf,r13b(-1) ,rflags ,MOV,8,CMP,4,JZ,6,MOV,3,CMP,4,MOVZX,5,TEST,3,JZ,6,CMP,3,JNZ,6,0,1,0,0,0,JMP,0,0,0,1,0,0,JE,0,0,4922032,4925648,4922050,0,0,0,0,cpp,4.7362206138200205e-11,0.0,0,0,0
0x4b1aaa,JZ,10,0,3462,6,0x4b1aa3,CMP,1,NonLeaf,r13b(-1) ,rflags ,MOV,3,CMP,4,JNZ,2,TEST,5,MOVSX,4,CMP,4,MOV,8,JZ,6,MOVZX,5,TEST,3,0,1,0,0,0,JMP,0,0,1,0,0,0,JE,0,0,4922019,4925488,4922032,0,0,1,1,cpp,4.7362206138200205e-11,0.0,0,0,0
0x4b1aa1,JNZ,10,0,-17,2,0x4b1a9c,TEST,1,NonLeaf,rdx(MOV) rax(MOVSX) ,rflags ,TEST,5,MOVSX,4,MOVSX,4,ADD,4,NOP,7,CMP,4,MOV,3,JZ,6,CMP,4,MOV,8,1,1,1,1,1,JNE,0,0,1,1,0,0,JE,1,0,4922000,4922000,4922019,0,0,0,0,cpp,4.7362206138200205e-11,0.0,0,1,0
0x4b1a44,JNZ,10,0,8280,6,0x4b1a34,TEST,1,NonLeaf,edx(-1) edx(-1) ,rflags ,MOV,5,MOV,5,MOV,4,TEST,2,SUB,7,XOR,2,MOV,9,MOV,4,MOV,5,MOV,3,0,1,0,0,0,JA,0,0,1,0,0,0,MOV,0,0,4921888,4930204,4921930,0,0,0,1,cpp,4.7362206138200205e-11,0.0,0,0,0
0x52b96f,JZ,1,0,1315,6,0x52b962,TEST,1,NonLeaf,rax(-1) rax(-1) ,rflags ,MOV,7,MOV,3,TEST,3,CALL_NEAR,5,MOV,7,MOV,7,MOV,10,LEA,8,MOV,3,MUL,3,0,1,0,0,0,JMP,1,0,1,0,0,0,CALL,0,1,5421410,5422738,5421429,0,0,0,1,cpp,4.736220613820021e-12,0.0,0,0,0
0x4b1827,JZ,8,8,28,2,0x4b1824,TEST,1,NonLeaf,r15b(MOV) r15b(MOV) ,rflags ,TEST,3,MOV,3,CMOVNZ,3,TEST,2,OR,3,ADD,4,TEST,6,MOV,4,JNZ,6,CMP,4,0,0,0,0,0,JMP,0,0,1,0,0,0,JNE,0,0,4921380,4921411,4921385,0,0,0,1,cpp,3.788976491056016e-11,1.0,1,0,1
0x4b1813,JNZ,8,0,-391,6,0x4b1810,TEST,1,NonLeaf,r14d(-1) r14d(-1) ,rflags ,TEST,3,NOP,5,JMP,5,CALL_NEAR,5,MOV,3,OR,3,TEST,2,CMOVNZ,3,MOV,3,TEST,3,0,0,0,0,0,CALL,0,1,1,0,0,0,MOV,0,0,4921360,4920972,4921369,0,0,1,0,cpp,3.788976491056016e-11,0.0,0,0,0
0x4b17e2,JLE,8,8,46,2,0x4b17d9,CMP,0,NonLeaf,r14d(-1) ,rflags ,JZ,2,CMP,7,AND,3,SETNZ,3,TEST,3,CMP,7,JZ,2,CMP,7,MOV,2,JNZ,6,0,1,0,0,0,JNE,0,0,1,0,0,0,JE,0,0,4921314,4921360,4921316,0,0,0,0,cpp,3.788976491056016e-11,1.0,1,0,1
0x4b17e0,JZ,8,0,112,2,0x4b17d9,CMP,1,NonLeaf,r14d(-1) ,rflags ,CMP,7,AND,3,SETNZ,3,TEST,3,SUB,4,JLE,2,CMP,7,JZ,2,CMP,7,MOV,2,0,1,0,0,0,JE,0,0,1,0,0,0,JLE,0,0,4921302,4921424,4921314,0,0,0,0,cpp,3.788976491056016e-11,0.0,0,0,0
0x4b17c0,JNZ,8,0,22,2,0x4b17b8,TEST,1,NonLeaf,r9d(-1) r9d(-1) ,rflags ,MOV,5,TEST,3,AND,4,AND,3,MOV,3,MOV,5,MOV,2,SHL,3,SUB,4,TEST,3,0,1,1,0,0,JE,0,0,1,0,0,0,SETNE,0,0,4921272,4921302,4921282,0,0,0,0,cpp,3.788976491056016e-11,0.0,0,0,0
0x4b1686,JZ,8,8,-186,6,0x4b1683,TEST,1,NonLeaf,ax(-1) ax(-1) ,rflags ,TEST,3,XOR,3,NOP,1,RET_NEAR,1,POP,2,CALL_NEAR,5,NOP,7,MOV,6,JMP,5,NOP,5,0,0,1,0,0,JGE,0,0,0,0,0,0,CALL,0,1,4920960,4920780,4920972,0,0,0,1,cpp,3.788976491056016e-11,1.0,1,0,1
0x4b162b,JLE,8,8,365,6,0x4b1624,CMP,1,NonLeaf,rbx(-1) ,rflags ,CMP,7,JL,2,MOV,6,CMP,4,NOP,4,MOV,7,TEST,2,MOV,7,JNZ,2,MOVSS,8,0,1,0,0,0,AND,0,0,0,0,0,0,JNE,0,0,4920868,4921240,4920881,0,0,0,1,cpp,3.788976491056016e-11,1.0,1,0,1
0x4b15d0,JNL,8,8,84,2,0x4b15cc,CMP,1,NonLeaf,rbx(-1) ,rflags ,CMP,4,JNZ,6,MOV,6,CMP,4,JZ,2,CMP,7,JNL,6,MOV,7,TEST,2,MOV,7,0,0,0,0,0,JLE,0,0,0,0,0,0,JGE,0,0,4920780,4920868,4920786,0,0,0,0,cpp,3.788976491056016e-11,1.0,1,0,1
0x4b15b0,JBE,8,8,208,6,0x4b15a6,CMP,0,NonLeaf,ax(-1) ,rflags ,JZ,6,CMP,4,AND,4,MOVZX,5,FNSTCW,4,CMP,4,JZ,2,CMP,4,MOV,6,JNZ,6,0,1,0,0,0,JE,0,0,1,0,0,0,JE,0,0,4920752,4920960,4920758,0,0,0,0,cpp,3.788976491056016e-11,1.0,1,0,1
0x4b15aa,JZ,8,0,238,6,0x4b15a6,CMP,1,NonLeaf,ax(AND) ,rflags ,CMP,4,AND,4,MOVZX,5,FNSTCW,4,SUB,4,JBE,6,CMP,4,JZ,2,CMP,4,MOV,6,0,1,0,0,0,JMP,0,0,1,0,0,0,JBE,0,0,4920704,4920984,4920752,0,0,0,0,cpp,3.788976491056016e-11,0.0,0,0,0
0x4b1413,JNZ,16,0,238,6,0x4b1410,TEST,1,NonLeaf,rdx(MOV) rdx(MOV) ,rflags ,TEST,3,MOV,8,CDQE,2,MOV,3,JLE,6,MOV,3,MOV,7,ADD,4,MOV,3,POP,1,0,0,0,0,0,CALL,0,1,0,0,0,0,MOV,0,0,4920323,4920577,4920345,0,0,1,1,cpp,7.577952982112033e-11,0.0,0,0,0
0x4b13ee,JLE,16,16,21,2,0x4b13eb,TEST,1,NonLeaf,rdx(MOV) rdx(MOV) ,rflags ,TEST,3,MOV,3,NOP,6,JMP,5,MOVSX,4,MOV,5,SUB,2,MOVSXD,3,CMP,3,JLE,6,0,1,0,0,0,JNE,0,0,1,0,0,0,JLE,0,0,4920296,4920323,4920304,0,0,0,0,cpp,7.577952982112033e-11,1.0,1,0,1
0x4b136a,JLE,16,16,126,2,0x4b135f,TEST,1,NonLeaf,r12d(SUB) r12d(SUB) ,rflags ,LEA,3,LEA,5,TEST,3,ADD,4,SUB,4,CMP,3,JZ,2,MOV,2,JMP,2,NOP,3,0,1,1,0,0,JLE,1,0,1,0,0,0,JE,0,0,4920146,4920296,4920172,0,0,0,0,cpp,7.577952982112033e-11,1.0,1,0,1
0x4b1343,JZ,8,8,8,2,0x4b1340,TEST,1,NonLeaf,r13(-1) r13(-1) ,rflags ,TEST,3,JBE,2,CMP,4,MOVSX,4,LEA,3,CMP,4,JZ,2,ADD,3,MOVSX,4,LEA,5,0,1,0,0,0,MOVSX,0,0,1,0,0,0,JE,0,0,4920128,4920139,4920133,0,0,0,0,cpp,3.788976491056016e-11,1.0,1,0,1
0x4b133e,JBE,16,8,20,2,0x4b133a,CMP,1,NonLeaf,sil(LEA) ,rflags ,CMP,4,MOVSX,4,LEA,3,MOVZX,3,NOP,6,TEST,3,JZ,2,CMP,4,JZ,2,ADD,3,1,1,1,0,0,JLE,0,0,1,0,0,0,JE,0,0,4920112,4920146,4920128,0,0,0,0,cpp,7.577952982112033e-11,0.5,0,0,0
0x4b0dfa,JZ,10,0,44,2,0x4b0df7,TEST,1,NonLeaf,rax(-1) rax(-1) ,rflags ,TEST,3,CALL_NEAR,5,MOV,5,MOV,3,PUSH,1,MOV,3,MOV,4,MOV,4,XOR,9,ROL,4,0,1,0,0,0,JMP,0,0,1,0,0,0,XOR,0,0,4918775,4918822,4918780,0,1,0,1,cpp,4.7362206138200205e-11,0.0,0,0,0
0x4b0d55,JZ,1,0,16,2,0x4b0d52,TEST,1,NonLeaf,r8(-1) r8(-1) ,rflags ,TEST,3,MOV,3,RET_NEAR,1,POP,1,POP,1,LEA,4,MOV,8,JMP,2,MOV,5,MOV,5,0,0,0,0,0,CALL,0,1,0,0,0,0,JMP,0,0,4918610,4918629,4918615,0,0,1,1,cpp,4.736220613820021e-12,0.0,0,0,0
0x4b0d3f,JNZ,10,0,269,6,0x4b0d39,DEC,1,NonLeaf,rip(JNZ) ,rflags ,DEC,6,JMP,2,JNZ,6,DEC_LOCK,7,JZ,2,ADD,4,MOV,3,POP,1,POP,1,RET_NEAR,1,0,-1,-1,-1,-1,CALL,-1,1,0,1,0,0,RET,0,0,4918585,4918860,4918597,0,0,1,0,cpp,4.7362206138200205e-11,0.0,0,0,0
0x4b0d28,JZ,10,10,17,2,0x4b0d21,CMP,1,NonLeaf,rip(JZ) ,rflags ,CMP,7,ADD,8,MOV,7,LEA,5,MOV,4,DEC_LOCK,7,JNZ,6,JMP,2,DEC,6,JNZ,6,0,1,0,0,0,JNE,0,0,1,0,0,0,JNE,0,0,4918561,4918585,4918570,0,0,1,0,cpp,4.7362206138200205e-11,1.0,1,0,1
0x4b0cfc,JZ,9,0,83,2,0x4b0cf8,CMP,1,NonLeaf,rdx(MOV) ,rflags ,CMP,4,NOP,6,MOV,3,JMP,2,MOV,3,MOV,3,ADD,4,SHL,4,MOV,4,LEA,5,0,1,0,0,0,MOV,0,0,1,0,0,0,LEA,0,0,4918520,4918607,4918526,0,1,0,1,cpp,4.262598552438018e-11,0.0,0,0,0
0x4b0caa,JNZ,9,9,69,2,0x4b0ca4,CMP,1,NonLeaf,r8(-1) rcx(SHL) ,rflags ,CMP,6,SHL,4,MOV,3,LEA,4,JZ,2,SHL,4,LEA,5,JMP,2,NOP,9,SUB,4,0,1,0,0,0,NOP,1,0,1,0,0,0,JMP,0,0,4918425,4918511,4918444,0,0,0,0,cpp,4.262598552438018e-11,1.0,1,1,1
0x4b0c97,JZ,10,1,64,2,0x4b0c94,TEST,1,NonLeaf,rax(MOV) rax(MOV) ,rflags ,TEST,3,MOV,4,NOP,8,XOR,3,MOV,3,LEA,4,MOV,3,SHL,4,CMP,6,JNZ,2,1,1,0,0,0,JE,0,0,1,0,0,0,JNE,0,0,4918416,4918487,4918425,0,0,1,0,cpp,4.7362206138200205e-11,0.1,0,0,0
0x4b0c7c,JZ,10,0,233,6,0x4b0c79,TEST,1,NonLeaf,rbp(MOV) rbp(MOV) ,rflags ,TEST,3,MOV,3,JNZ,6,CMPXCHG,7,JMP,2,MOV,3,XOR,3,NOP,8,MOV,4,TEST,3,0,1,0,0,0,CALL,0,1,1,0,0,0,NOP,0,0,4918390,4918629,4918402,0,0,1,0,cpp,4.7362206138200205e-11,0.0,0,0,0
0x4b0c70,JNZ,10,0,445,6,0x4b0c69,CMPXCHG,1,NonLeaf,rip(JNZ) esi(-1) eax(CMPXCHG) ,eax rflags ,CMPXCHG,7,JMP,2,JNZ,6,CMPXCHG_LOCK,8,JZ,2,MOV,3,TEST,3,JZ,6,MOV,3,XOR,3,0,-1,-1,-1,-1,CALL,-1,1,0,1,0,0,JE,0,0,4918377,4918829,4918390,0,0,1,0,cpp,4.7362206138200205e-11,0.0,0,0,0
0x4b0c57,JZ,10,10,18,2,0x4b0c50,CMP,1,NonLeaf,rip(JZ) ,rflags ,CMP,7,SUB,4,MOV,3,PUSH,1,XOR,2,CMPXCHG_LOCK,8,JNZ,6,JMP,2,CMPXCHG,7,JNZ,6,0,1,0,0,0,JNE,0,0,1,0,0,0,JNE,0,0,4918336,4918377,4918361,0,0,1,0,cpp,4.7362206138200205e-11,1.0,1,0,1
0x4b0ba3,JB,1,0,-14,2,0x4b0b9c,CMP,1,NonLeaf,rbp(ADD) ,rflags ,CMP,7,ADD,4,CALL_NEAR,3,MOV,3,JNB,2,MOV,2,CALL_NEAR,5,NOP,4,MOV,4,MOV,4,0,0,0,1,1,CALL,0,1,0,1,0,0,CALL,1,1,4918168,4918165,4918181,0,0,1,1,cpp,4.736220613820021e-12,0.0,0,1,0
0x4b0b90,JNB,1,0,21,2,0x4b0b8a,CMP,1,NonLeaf,rax(MOV) ,rflags ,CMP,6,MOV,5,JZ,2,TEST,3,JNZ,6,MOV,3,CALL_NEAR,3,ADD,4,CMP,7,JB,2,0,0,1,0,0,CALL,0,1,1,0,0,0,MOV,0,0,4918149,4918181,4918162,0,0,1,0,cpp,4.736220613820021e-12,0.0,0,0,0
0x4b0b7a,JNZ,1,0,142,6,0x4b0b73,TEST,1,NonLeaf,rax(MOV) rax(MOV) ,rflags ,MOV,4,TEST,3,MOV,4,JNZ,2,TEST,3,TEST,3,JZ,2,MOV,5,CMP,6,JNB,2,0,1,0,0,0,CALL,0,1,0,1,0,0,JE,1,0,4918127,4918280,4918144,0,0,1,0,cpp,4.736220613820021e-12,0.0,0,0,0
0x4b0b5e,JZ,10,10,114,2,0x4b0b5a,CMP,1,NonLeaf,r8(-1) ,rflags ,CMP,4,JZ,6,CMP,4,MOV,3,MOV,4,CMP,4,JZ,2,SUB,4,TEST,3,JNZ,2,0,1,0,0,0,CALL,1,1,1,0,0,0,JE,0,0,4918106,4918224,4918112,0,0,1,0,cpp,4.7362206138200205e-11,1.0,1,0,1
0x4b0b54,JZ,10,0,156,6,0x4b0b50,CMP,1,NonLeaf,r8(MOV) ,rflags ,CMP,4,MOV,3,MOV,4,SUB,4,JZ,2,CMP,4,JZ,2,CMP,4,JZ,2,SUB,4,1,1,0,0,0,CALL,1,1,1,0,0,0,JE,0,0,4918085,4918256,4918106,0,0,1,0,cpp,4.7362206138200205e-11,0.0,0,0,0
0x4b0b43,JZ,11,1,44,2,0x4b0b3b,TEST,1,NonLeaf,rax(MOV) rax(MOV) ,rflags ,LEA,5,TEST,3,SHL,4,MOV,3,MOV,4,SUB,4,MOV,4,MOV,3,CMP,4,JZ,6,1,1,1,0,0,JNE,1,0,1,0,1,0,JE,0,0,4918064,4918127,4918085,0,1,1,1,cpp,5.209842675202023e-11,0.0909090909090909,0,0,0
0x4b0b29,JZ,1,0,87,2,0x4b0b26,TEST,1,NonLeaf,r13(MOV) r13(MOV) ,rflags ,TEST,3,MOV,4,SUB,4,MOV,2,PUSH,1,NOP,5,MOV,4,MOV,3,SHL,4,TEST,3,1,1,1,0,0,JE,1,0,1,0,0,0,NOP,0,0,4918050,4918144,4918059,0,0,0,0,cpp,4.736220613820021e-12,0.0,0,0,0
0x4b0afb,JNZ,1,0,-43,2,0x4b0af6,CMP,1,NonLeaf,rbx(-1) r14(-1) ,rflags ,CMP,5,JNZ,2,TEST,2,CALL_NEAR,5,MOV,3,LEA,5,JMP,2,NOP,4,XOR,2,JMP,2,0,0,0,0,0,JE,0,0,1,0,0,0,JMP,1,0,4918006,4917968,4918013,0,1,0,0,cpp,4.736220613820021e-12,0.0,0,0,0
0x4b0af4,JNZ,7,6,-36,2,0x4b0af2,TEST,1,NonLeaf,eax(-1) eax(-1) ,rflags ,TEST,2,CALL_NEAR,5,MOV,3,MOV,3,LEA,4,CMP,5,JNZ,2,LEA,5,JMP,2,NOP,4,0,0,0,0,0,JE,0,0,1,0,0,0,JNE,0,0,4918002,4917968,4918006,0,0,0,0,cpp,3.3153544296740137e-11,0.8571428571428571,1,0,1
0x4b0ae1,JNZ,290,283,-17,2,0x4b0add,CMP,1,NonLeaf,r12w(-1) rbx(-1) ,rflags ,CMP,4,JZ,2,TEST,3,MOV,4,ADD,4,LEA,4,MOV,3,MOV,3,CALL_NEAR,5,TEST,2,1,1,0,0,0,JE,0,0,1,0,0,0,CALL,0,1,4917981,4917968,4917987,0,0,0,1,cpp,1.373503978007806e-09,0.9758620689655172,1,0,1
0x4b0adb,JZ,289,6,-69,2,0x4b0ad8,TEST,1,NonLeaf,rbx(MOV) rbx(MOV) ,rflags ,TEST,3,MOV,4,ADD,4,NOP,9,JMP,2,CMP,4,JNZ,2,LEA,4,MOV,3,MOV,3,0,0,1,0,0,RET,1,0,0,0,1,1,JNE,0,0,4917968,4917910,4917981,1,0,0,0,cpp,1.3687677573939859e-09,0.0207612456747404,0,0,0
0x4b0ac3,JNZ,7,7,26,2,0x4b0ac0,TEST,1,NonLeaf,rbx(MOV) rbx(MOV) ,rflags ,TEST,3,LEA,4,MOV,4,LEA,4,MOVZX,4,JMP,2,NOP,9,ADD,4,MOV,4,TEST,3,0,1,0,1,0,JNE,0,0,1,0,0,0,JMP,0,0,4917936,4917981,4917957,0,0,0,0,cpp,3.3153544296740137e-11,1.0,1,0,1
0x4b0a68,JNZ,7,7,72,2,0x4b0a64,CMP,1,NonLeaf,rbx(-1) ,rflags ,CMP,4,JZ,6,TEST,2,MOVZX,3,MOV,3,MOV,4,OR,3,TEST,3,JNZ,2,JMP,2,0,1,0,0,0,JNE,0,0,1,0,0,0,JNE,0,0,4917860,4917936,4917866,1,0,0,0,cpp,3.3153544296740137e-11,1.0,1,0,1
0x4b0a5e,JZ,7,0,170,6,0x4b0a5c,TEST,1,NonLeaf,al(MOVZX) al(MOVZX) ,rflags ,TEST,2,MOVZX,3,MOV,3,JZ,6,TEST,3,CMP,4,JNZ,2,MOV,4,OR,3,TEST,3,0,0,0,0,0,JMP,0,0,1,0,0,0,JNE,0,0,4917846,4918024,4917860,0,0,0,0,cpp,3.3153544296740137e-11,0.0,0,0,0
0x4b0a50,JZ,7,0,184,6,0x4b0a4d,TEST,1,NonLeaf,rbp(MOV) rbp(MOV) ,rflags ,TEST,3,MOV,7,CALL_NEAR,5,SUB,4,MOV,3,MOV,3,MOVZX,3,TEST,2,JZ,6,CMP,4,0,1,0,0,0,JMP,0,0,1,0,0,0,JE,0,0,4917830,4918024,4917846,0,0,0,0,cpp,3.3153544296740137e-11,0.0,0,0,0
0x4b0372,JB,14,12,-39,2,0x4b036f,CMP,1,NonLeaf,r15(-1) r14(MOV) ,rflags ,CMP,3,MOV,3,JNS,2,TEST,2,CALL_NEAR,3,ADD,4,XOR,2,POP,1,POP,1,POP,2,0,0,0,1,1,CALL,0,1,0,0,0,0,RET,1,0,4916076,4916043,4916084,0,0,1,0,cpp,6.630708859348029e-11,0.8571428571428571,1,1,1
0x4b036a,JNS,14,0,-42,2,0x4b0368,TEST,1,NonLeaf,eax(-1) eax(-1) ,rflags ,TEST,2,CALL_NEAR,3,MOV,3,ADD,5,IMUL,4,MOV,3,CMP,3,JB,2,ADD,4,XOR,2,0,1,0,0,0,JE,0,0,1,0,0,0,JB,0,0,4916072,4916032,4916076,0,0,0,0,cpp,6.630708859348029e-11,0.0,0,0,0
0x4b0336,JNZ,2,2,21,2,0x4b032a,TEST,1,NonLeaf,rdx(-1) rdx(-1) ,rflags ,MOV,5,MOV,4,TEST,3,SUB,4,PUSH,1,JMP,2,NOP,6,JZ,2,LEA,4,CMP,3,0,1,0,1,0,CALL,0,1,1,0,0,0,JMP,0,0,4915984,4916043,4916024,0,0,1,0,cpp,9.47244122764004e-12,1.0,1,0,1
0x4ea3ea,JZ,209871,161435,33,2,0x4ea3e4,AND,1,Leaf,edx(AND) ,edx rflags ,AND,6,ADD,4,ADD,4,MOV,3,MOV,3,NOP,4,MOV,3,MOV,4,MOV,3,MOV,4,0,1,1,0,0,REPZ RET,1,0,1,0,0,0,NOP,0,0,5153764,5153803,5153772,0,0,0,0,cpp,9.939953564430215e-07,0.7692106103272963,1,0,1
0x4aa5ec,JZ,2,2,17,2,0x4aa5e9,TEST,1,Leaf,rcx(MOV) rcx(MOV) ,rflags ,TEST,3,MOV,5,MOV,4,LEA,4,MOV,7,MOV,7,LEA,4,MOV,4,MOV,4,MOV,7,0,1,1,0,0,MOV,0,0,1,0,0,0,MOV,0,0,4892132,4892157,4892142,0,0,1,1,cpp,9.47244122764004e-12,1.0,1,0,1
0x4aa5d3,JZ,2,2,17,2,0x4aa5d0,TEST,1,Leaf,rcx(MOV) rcx(MOV) ,rflags ,TEST,3,MOV,5,MOV,4,LEA,4,MOV,7,MOV,7,LEA,4,MOV,4,MOV,5,TEST,3,0,1,1,0,0,JE,0,0,1,0,0,0,MOV,0,0,4892107,4892132,4892117,0,0,0,1,cpp,9.47244122764004e-12,1.0,1,0,1
0x4aa5ba,JZ,2,2,17,2,0x4aa5b7,TEST,1,Leaf,rcx(MOV) rcx(MOV) ,rflags ,TEST,3,MOV,5,MOV,4,LEA,4,MOV,7,MOV,7,LEA,4,MOV,4,MOV,5,TEST,3,0,1,1,0,0,JE,0,0,1,0,0,0,MOV,0,0,4892082,4892107,4892092,0,0,0,1,cpp,9.47244122764004e-12,1.0,1,0,1
0x4aa5a1,JZ,2,2,17,2,0x4aa59e,TEST,1,Leaf,rcx(MOV) rcx(MOV) ,rflags ,TEST,3,MOV,5,MOV,4,LEA,4,MOV,7,MOV,7,LEA,4,MOV,4,MOV,5,TEST,3,0,1,1,0,0,JE,0,0,1,0,0,0,MOV,0,0,4892057,4892082,4892067,0,0,0,1,cpp,9.47244122764004e-12,1.0,1,0,1
0x4aa588,JZ,2,2,17,2,0x4aa585,TEST,1,Leaf,rcx(MOV) rcx(MOV) ,rflags ,TEST,3,MOV,5,MOV,4,LEA,4,MOV,7,MOV,7,LEA,4,MOV,4,MOV,5,TEST,3,0,1,1,0,0,JE,0,0,1,0,0,0,MOV,0,0,4892032,4892057,4892042,0,0,0,1,cpp,9.47244122764004e-12,1.0,1,0,1
0x4aa56f,JZ,2,2,17,2,0x4aa56c,TEST,1,Leaf,rcx(MOV) rcx(MOV) ,rflags ,TEST,3,MOV,5,MOV,4,LEA,4,MOV,7,MOV,7,LEA,4,MOV,4,MOV,5,TEST,3,0,1,1,0,0,JE,0,0,1,0,0,0,MOV,0,0,4892007,4892032,4892017,0,0,0,1,cpp,9.47244122764004e-12,1.0,1,0,1
0x4aa556,JZ,2,2,17,2,0x4aa553,TEST,1,Leaf,rcx(MOV) rcx(MOV) ,rflags ,TEST,3,MOV,5,MOV,4,LEA,4,MOV,7,MOV,7,LEA,4,MOV,4,MOV,5,TEST,3,0,1,1,0,0,JE,0,0,1,0,0,0,MOV,0,0,4891982,4892007,4891992,0,0,0,1,cpp,9.47244122764004e-12,1.0,1,0,1
0x4aa53d,JZ,2,2,17,2,0x4aa53a,TEST,1,Leaf,rcx(MOV) rcx(MOV) ,rflags ,TEST,3,MOV,5,MOV,4,LEA,4,MOV,7,MOV,7,LEA,4,MOV,4,MOV,5,TEST,3,0,1,1,0,0,JE,0,0,1,0,0,0,MOV,0,0,4891957,4891982,4891967,0,0,0,1,cpp,9.47244122764004e-12,1.0,1,0,1
0x4aa524,JZ,2,0,17,2,0x4aa521,TEST,1,Leaf,rcx(MOV) rcx(MOV) ,rflags ,TEST,3,MOV,5,MOV,4,LEA,4,MOV,7,MOV,7,LEA,4,MOV,4,MOV,5,TEST,3,0,1,1,0,0,JE,0,0,1,0,0,0,MOV,0,0,4891932,4891957,4891942,0,0,0,1,cpp,9.47244122764004e-12,0.0,0,0,0
0x4aa50b,JZ,2,0,17,2,0x4aa508,TEST,1,Leaf,rcx(MOV) rcx(MOV) ,rflags ,TEST,3,MOV,5,MOV,4,MOV,7,JZ,2,MOV,7,LEA,4,MOV,4,MOV,5,TEST,3,0,1,1,0,0,JE,0,0,1,0,0,0,MOV,0,0,4891907,4891932,4891917,0,0,0,1,cpp,9.47244122764004e-12,0.0,0,0,0
0x4aa4f6,JZ,2,0,13,2,0x4aa4f3,TEST,1,Leaf,rcx(MOV) rcx(MOV) ,rflags ,TEST,3,MOV,5,MOV,4,LEA,4,MOV,7,MOV,7,MOV,4,MOV,5,TEST,3,JZ,2,0,1,1,0,0,JE,0,0,1,0,0,0,MOV,0,0,4891886,4891907,4891896,0,0,0,1,cpp,9.47244122764004e-12,0.0,0,0,0
0x4aa4dd,JZ,2,2,17,2,0x4aa4da,TEST,1,Leaf,rcx(MOV) rcx(MOV) ,rflags ,TEST,3,MOV,5,MOV,4,CMOVNZ,4,MOV,5,MOV,7,LEA,4,MOV,4,MOV,5,TEST,3,0,1,1,0,0,JE,0,0,1,0,0,0,MOV,0,0,4891844,4891886,4891871,0,0,0,1,cpp,9.47244122764004e-12,1.0,1,0,1
0x4aa4be,JZ,2,0,364,6,0x4aa4b7,TEST,1,Leaf,rdi(-1) rdi(-1) ,rflags ,MOV,4,TEST,3,MOV,7,INVALID,0,INVALID,0,CMP,4,MOV,5,CMOVNZ,4,MOV,4,MOV,5,0,1,1,0,0,RET,0,0,1,0,0,0,JE,0,0,4891824,4892202,4891844,0,0,0,1,cpp,9.47244122764004e-12,0.0,0,0,0
0x4aa08c,JNZ,1,0,-728,6,0x4aa087,CMP,1,NonLeaf,r13(-1) ,rflags ,CMP,5,JMP,5,MOV,10,NOP,4,JMP,2,LEA,4,POP,1,POP,2,POP,2,POP,2,0,0,0,0,0,JNE,0,0,1,0,0,0,RET,1,0,4890759,4890036,4890770,0,0,0,0,cpp,4.736220613820021e-12,0.0,0,1,0
0x4a9dae,JZ,1,1,729,6,0x4a9da9,CMP,1,NonLeaf,r13(-1) ,rflags ,CMP,5,JZ,2,TEST,2,MOV,5,MOV,6,CMP,8,JNZ,6,LEA,7,MOV,5,MOV,5,0,1,0,0,0,JNE,0,0,1,0,0,0,JNE,0,0,4890025,4890759,4890036,0,0,0,0,cpp,4.736220613820021e-12,1.0,1,0,1
0x4a9da7,JZ,1,0,-39,2,0x4a9da5,TEST,1,NonLeaf,edx(MOV) edx(MOV) ,rflags ,TEST,2,MOV,5,MOV,6,MOV,11,RET_NEAR,1,CMP,5,JZ,6,CMP,8,JNZ,6,LEA,7,0,0,0,0,0,RET,1,0,1,0,0,0,JE,0,0,4890010,4889984,4890025,0,0,0,0,cpp,4.736220613820021e-12,0.0,0,0,0
0x4a9cb0,JZ,1,1,234,6,0x4a9ca6,CMP,1,NonLeaf,rbp(-1) ,rflags ,CMP,10,JZ,6,CMP,6,MOV,7,JZ,6,TEST,3,JZ,6,MOV,6,LEA,7,MOV,5,0,0,0,0,0,JE,1,0,1,0,0,0,JE,0,0,4889766,4890010,4889782,0,0,0,0,cpp,4.736220613820021e-12,1.0,1,0,1
0x4a9ca0,JZ,1,0,239,6,0x4a9c9a,CMP,1,NonLeaf,rax(MOV) ,rflags ,CMP,6,MOV,7,JZ,6,TEST,3,JNZ,6,CMP,10,JZ,6,TEST,3,JZ,6,MOV,6,0,1,0,0,0,MOV,1,0,1,0,0,0,JE,0,0,4889747,4889999,4889766,0,0,1,0,cpp,4.736220613820021e-12,0.0,0,0,0
0x4a9c8d,JZ,1,0,227,6,0x4a9c8a,TEST,1,NonLeaf,r13(-1) r13(-1) ,rflags ,TEST,3,JNZ,6,TEST,5,JZ,6,MOV,7,MOV,7,CMP,6,JZ,6,CMP,10,JZ,6,0,0,0,0,0,XOR,1,0,1,0,0,0,JE,0,0,4889738,4889968,4889747,0,0,1,0,cpp,4.736220613820021e-12,0.0,0,0,0
0x4a9c79,JZ,1,1,1023,6,0x4a9c69,CMP,1,NonLeaf,edi(-1) ,rflags ,MOV,7,MOV,6,CMP,3,SUB,7,PUSH,1,TEST,5,JNZ,6,TEST,3,JZ,6,MOV,7,0,1,0,0,0,JMP,0,0,1,0,0,0,JNE,0,0,4889680,4890744,4889727,0,0,1,0,cpp,4.736220613820021e-12,1.0,1,0,1
0x4a815b,JNZ,2,1,-11,2,0x4a8157,SUB,1,NonLeaf,rbx(SUB) ,rbx rflags ,SUB,4,CALL_NEAR,7,NOP,10,JZ,2,TEST,3,POP,1,JMP,5,INVALID,0,INVALID,0,INVALID,0,0,0,0,1,1,CALL,0,1,0,1,0,0,JMP,1,0,4882775,4882768,4882781,0,0,1,0,cpp,9.47244122764004e-12,0.5,0,1,0
0x4a8144,JZ,1,0,25,2,0x4a8141,TEST,1,NonLeaf,rbx(SAR) rbx(SAR) ,rflags ,TEST,3,SAR,4,SUB,7,MOV,5,PUSH,1,NOP,10,CALL_NEAR,7,SUB,4,JNZ,2,POP,1,0,1,1,0,0,JMP,0,0,1,0,0,0,NOP,0,0,4882736,4882781,4882758,0,0,0,0,cpp,4.736220613820021e-12,0.0,0,0,0
0x4a811e,JNZ,12,11,-22,2,0x4a811b,CMP,1,NonLeaf,rbx(ADD) r14(-1) ,rflags ,CMP,3,ADD,4,CALL_NEAR,7,MOV,2,MOV,3,POP,1,POP,1,POP,2,POP,2,POP,2,0,0,0,1,1,CALL,0,1,0,1,0,0,RET,1,0,4882711,4882696,4882720,0,0,1,0,cpp,5.6834647365840245e-11,0.9166666666666666,1,1,1
0x4a8103,JZ,1,0,29,2,0x4a8100,TEST,1,NonLeaf,r14(-1) r14(-1) ,rflags ,TEST,3,CALL_NEAR,5,SAR,4,SUB,7,XOR,2,NOP,3,MOV,3,MOV,3,MOV,2,CALL_NEAR,7,0,1,1,0,0,RET,0,0,1,0,0,0,NOP,0,0,4882688,4882720,4882693,0,0,0,0,cpp,4.736220613820021e-12,0.0,0,0,0
0x4a80c6,JZ,1,1,34,2,0x4a80c3,TEST,1,NonLeaf,r14(SAR) r14(SAR) ,rflags ,TEST,3,XOR,2,PUSH,1,MOV,2,PUSH,1,NOP,8,MOV,3,MOV,3,MOV,2,CALL_NEAR,7,0,1,1,0,0,CALL,0,1,1,0,0,0,NOP,0,0,4882592,4882664,4882632,0,0,1,0,cpp,4.736220613820021e-12,1.0,1,0,1
0x4a7fad,JZ,1,0,99,2,0x4a7f57,TEST,1,NonLeaf,rbx(-1) rbx(-1) ,rflags ,MOV,11,MOV,11,MOV,11,MOV,11,MOV,11,LEA,5,XOR,2,DIV,3,MOV,7,MOV,11,0,1,0,0,0,JMP,0,0,1,0,0,0,DIV,0,0,4882256,4882448,4882351,0,0,0,0,cpp,4.736220613820021e-12,0.0,0,0,0
0x4a7f34,JZ,1,1,28,2,0x4a7f32,TEST,1,NonLeaf,eax(-1) eax(-1) ,rflags ,TEST,2,SYSCALL,2,MOV,4,MOV,3,MOV,8,MOV,5,CALL_NEAR,5,MOV,3,MOV,3,SUB,3,0,1,0,0,0,JE,0,0,1,0,0,0,CALL,0,1,4882226,4882256,4882230,0,0,1,1,cpp,4.736220613820021e-12,1.0,1,0,1
0x4a7ed0,JZ,1,0,112,2,0x4a7ecd,TEST,1,NonLeaf,rbx(-1) rbx(-1) ,rflags ,TEST,3,AND,3,NEG,3,MOV,11,MOV,3,LEA,5,XOR,2,MOV,3,DIV,3,IMUL,4,0,1,0,0,0,JMP,0,0,1,0,0,0,ADD,0,0,4882100,4882240,4882130,0,0,0,0,cpp,4.736220613820021e-12,0.0,0,0,0
0x4a7e5c,JNZ,4,3,-12,2,0x4a7e59,CMP,1,NonLeaf,rcx(-1) ,rflags ,CMP,3,JNB,2,CMP,3,ADD,4,NOP,6,MOV,4,MOV,4,MOV,4,MOV,4,CMP,3,1,1,0,0,0,JAE,0,0,1,0,0,0,JMP,1,0,4882009,4882000,4882014,1,0,0,0,cpp,1.894488245528008e-11,0.75,1,1,1
0x4a7e57,JNB,3,0,41,2,0x4a7e54,CMP,1,NonLeaf,rcx(ADD) rax(-1) ,rflags ,CMP,3,ADD,4,NOP,6,JMP,2,JB,2,CMP,3,JNZ,2,MOV,4,MOV,4,MOV,4,0,0,0,0,0,XOR,1,0,0,0,1,1,JNE,0,0,4882000,4882048,4882009,0,0,0,0,cpp,1.420866184146006e-11,0.0,0,0,0
0x4a7e46,JB,1,1,19,2,0x4a7e43,CMP,1,NonLeaf,rcx(-1) rax(ADD) ,rflags ,CMP,3,ADD,3,SUB,3,SHL,4,LEA,8,JMP,2,NOP,6,ADD,4,CMP,3,JNB,2,0,1,0,1,0,JNE,0,0,1,0,0,0,JMP,0,0,4881962,4882009,4881992,0,0,0,0,cpp,4.736220613820021e-12,1.0,1,1,1
0x4a7e28,JZ,1,0,88,2,0x4a7e25,TEST,1,NonLeaf,rcx(MOV) rcx(MOV) ,rflags ,TEST,3,MOV,7,SUB,4,PUSH,1,PUSH,1,MOV,7,LEA,8,SHL,4,SUB,3,ADD,3,0,1,0,0,0,XOR,0,0,1,0,0,0,JB,0,0,4881936,4882048,4881962,0,0,0,0,cpp,4.736220613820021e-12,0.0,0,0,0
0x4a7d16,JZ,1,0,-1133,6,0x4a7d08,AND,1,NonLeaf,ecx(AND) ,ecx rflags ,MOV,8,AND,6,JZ,2,CMP,4,JZ,2,JMP,5,LEA,4,CMP,3,JBE,6,NOP,2,0,0,1,0,0,JLE,0,0,1,0,0,0,JMP,0,0,4881672,4880553,4881692,0,0,0,0,cpp,4.736220613820021e-12,0.0,0,0,0
0x4a7d06,JZ,1,0,-98,2,0x4a7d02,CMP,1,NonLeaf,r15d(-1) ,rflags ,CMP,4,JZ,2,CMP,4,JBE,2,JMP,5,AND,6,MOV,8,JZ,6,JMP,5,LEA,4,0,0,0,0,0,JMP,0,0,0,0,0,0,JE,0,0,4881666,4881572,4881672,0,0,1,1,cpp,4.736220613820021e-12,0.0,0,0,0
0x4a7d00,JZ,1,0,-92,2,0x4a7cfc,CMP,1,NonLeaf,r15d(-1) ,rflags ,CMP,4,JBE,2,JMP,5,JNBE,6,CMP,3,CMP,4,JZ,2,AND,6,MOV,8,JZ,6,0,0,0,0,0,JMP,0,0,1,0,0,0,JE,0,0,4881660,4881572,4881666,0,0,1,0,cpp,4.736220613820021e-12,0.0,0,0,0
0x4a7cfa,JBE,1,0,88,2,0x4a7cec,CMP,0,NonLeaf,eax(-1) ,rflags ,JMP,5,JNBE,6,CMP,3,MOV,8,AND,3,CMP,4,JZ,2,CMP,4,JZ,2,AND,6,0,1,0,0,0,JE,0,0,1,0,0,0,JE,0,0,4881658,4881746,4881660,0,0,0,0,cpp,4.736220613820021e-12,0.0,0,0,0
0x4a7c9a,JNZ,1,1,96,2,0x4a7c96,CMP,1,NonLeaf,r15d(-1) ,rflags ,CMP,4,JMP,5,MOV,6,MOV,8,OR,3,MOV,2,OR,6,OR,6,MOV,8,MOV,6,0,1,0,0,0,JBE,0,0,1,0,0,0,OR,0,0,4881558,4881658,4881564,0,0,0,0,cpp,4.736220613820021e-12,1.0,1,0,1
0x4a7bcd,JZ,1,0,215,6,0x4a7bc9,CMP,1,NonLeaf,r15d(-1) ,rflags ,CMP,4,JBE,6,JZ,6,CMP,4,ADD,3,JNBE,6,CMP,4,NOP,3,JZ,6,JNBE,6,0,0,0,0,0,JMP,0,0,1,0,0,0,JA,0,0,4881353,4881572,4881363,0,0,1,0,cpp,4.736220613820021e-12,0.0,0,0,0
0x4a7bc3,JBE,1,0,154,6,0x4a7bb9,CMP,0,NonLeaf,r15d(-1) ,rflags ,JZ,6,CMP,4,ADD,3,JNZ,6,MOV,8,CMP,4,JZ,6,JNBE,6,CMP,4,NOP,3,0,1,0,0,0,JE,0,0,1,0,0,0,JE,0,0,4881347,4881501,4881353,0,0,0,0,cpp,4.736220613820021e-12,0.0,0,0,0
0x4a7bbd,JZ,1,0,231,6,0x4a7bb9,CMP,1,NonLeaf,r15d(ADD) ,rflags ,CMP,4,ADD,3,JNZ,6,MOV,8,CMP,4,JBE,6,CMP,4,JZ,6,JNBE,6,CMP,4,0,1,0,0,0,JMP,0,0,1,0,0,0,JBE,0,0,4881334,4881572,4881347,0,0,1,0,cpp,4.736220613820021e-12,0.0,0,0,0
0x4a7bb0,JNZ,1,0,-775,6,0x4a7ba4,CMP,1,NonLeaf,r14d(-1) ,rflags ,MOV,8,CMP,4,JZ,6,MOV,6,MOV,6,ADD,3,CMP,4,JZ,6,JBE,6,CMP,4,0,0,1,0,0,JLE,0,0,1,0,0,0,JE,0,0,4881316,4880553,4881334,0,0,0,0,cpp,4.736220613820021e-12,0.0,0,0,0
0x4a7b9e,JZ,1,0,151,6,0x4a7b82,CMP,1,NonLeaf,r14d(AND) ,rflags ,MOV,6,MOV,6,MOV,6,MOV,6,CMP,4,CMP,4,MOV,8,JNZ,6,ADD,3,CMP,4,0,1,0,0,0,JMP,0,0,1,0,0,0,JNE,0,0,4881225,4881461,4881316,0,0,1,1,cpp,4.736220613820021e-12,0.0,0,0,0
0x4a7b21,JZ,1,0,12,2,0x4a7b1b,AND,1,NonLeaf,esi(AND) ,esi rflags ,AND,6,JZ,6,CMP,5,AND,5,OR,10,OR,10,TEST,7,JZ,6,OR,10,JMP,5,0,1,1,0,0,JE,0,0,1,0,0,0,OR,0,0,4881179,4881197,4881187,0,0,0,1,cpp,4.736220613820021e-12,0.0,0,0,0
0x4a7b15,JZ,1,0,248,6,0x4a7b10,CMP,1,NonLeaf,eax(AND) ,rflags ,CMP,5,AND,5,OR,10,JZ,2,TEST,3,AND,6,JZ,2,OR,10,TEST,7,JZ,6,0,1,0,0,0,JE,0,0,1,1,0,0,JE,0,0,4881163,4881421,4881179,0,0,0,0,cpp,4.736220613820021e-12,0.0,0,0,0
0x4a7aff,JZ,1,0,12,2,0x4a7afc,TEST,1,NonLeaf,dl(MOV) ,rflags ,TEST,3,MOV,6,OR,7,JZ,2,TEST,6,OR,10,AND,5,CMP,5,JZ,6,AND,6,0,1,1,0,0,JE,0,0,1,0,0,0,OR,0,0,4881142,4881163,4881153,0,0,0,1,cpp,4.736220613820021e-12,0.0,0,0,0
0x4a7aed,JZ,1,0,9,2,0x4a7ae7,TEST,1,NonLeaf,esi(-1) ,rflags ,TEST,6,JMP,5,MOV,6,MOV,6,MOV,6,OR,7,MOV,6,TEST,3,JZ,2,OR,10,0,1,1,0,0,JE,0,0,1,0,0,0,OR,0,0,4881127,4881142,4881135,0,0,0,1,cpp,4.736220613820021e-12,0.0,0,0,0
0x4a79ed,JZ,1,0,35,2,0x4a79e6,ADD,1,NonLeaf,eax(ADD) rsp(-1) ,eax rflags ,ADD,7,MOV,7,JMP,2,XOR,2,XOR,2,OR,10,ADD,3,AND,3,MOV,7,NOP,10,0,0,1,0,0,CALL,0,1,1,0,0,0,NOP,0,0,4880863,4880912,4880879,1,1,1,1,cpp,4.736220613820021e-12,0.0,0,0,0
0x4a79d7,JB,30,5,-63,2,0x4a79d3,BT,1,NonLeaf,r11d(-1) edi(ADD) ,rflags ,BT,4,ADD,3,ADD,4,ADD,4,JZ,2,XOR,2,XOR,2,JMP,2,MOV,7,ADD,7,1,1,0,0,0,CPUID,0,0,1,0,0,0,JMP,0,0,4880851,4880792,4880857,0,0,0,0,cpp,1.4208661841460057e-10,0.1666666666666666,0,1,0
0x4a79c6,JZ,29,1,25,2,0x4a79bd,CMP,1,NonLeaf,r8d(-1) ,rflags ,MOV,5,CMP,4,AND,3,ADD,3,JZ,2,ADD,4,ADD,4,ADD,3,BT,4,JB,2,0,1,1,0,0,JE,1,0,0,0,0,0,ADD,0,0,4880829,4880863,4880840,0,1,0,0,cpp,1.3735039780078059e-10,0.0344827586206896,0,0,0
0x4a79b5,JZ,29,29,8,2,0x4a79b2,AND,1,NonLeaf,ecx(AND) ,ecx rflags ,AND,3,ADD,4,MOV,4,JZ,2,MOV,4,ADD,3,AND,3,CMP,4,MOV,5,JZ,2,0,1,1,0,0,JE,0,0,1,0,0,0,AND,0,0,4880810,4880829,4880823,0,0,1,0,cpp,1.3735039780078059e-10,1.0,1,0,1
0x4a79a8,JZ,30,1,32,2,0x4a79a1,CMP,1,NonLeaf,edi(-1) ,rflags ,MOV,4,CMP,3,CPUID,2,MOV,2,MOV,5,MOV,4,ADD,4,AND,3,JZ,2,ADD,3,0,1,0,0,0,ADD,0,0,1,1,0,0,JE,0,0,4880801,4880840,4880810,1,0,0,0,cpp,1.4208661841460057e-10,0.0333333333333333,0,0,0
0x4a7932,JZ,1,0,222,6,0x4a7930,TEST,1,NonLeaf,al(-1) ,rflags ,TEST,2,CPUID,2,MOV,2,MOV,7,MOV,2,MOV,8,MOV,8,XOR,2,MOV,8,MOV,11,0,0,1,0,0,CALL,0,1,1,0,0,0,JMP,0,0,4880664,4880912,4880696,0,0,1,1,cpp,4.736220613820021e-12,0.0,0,0,0
0x4a78ff,JLE,1,0,273,6,0x4a78f8,CMP,1,NonLeaf,rip(JLE) ,rflags ,CMP,7,JZ,6,CMP,3,AND,3,MOV,2,MOV,5,XOR,2,MOV,2,CPUID,2,TEST,2,0,0,1,0,0,CALL,0,1,1,0,0,0,JE,0,0,4880632,4880912,4880645,0,0,1,0,cpp,4.736220613820021e-12,0.0,0,0,0
0x4a78f2,JZ,1,1,501,6,0x4a78ef,CMP,1,NonLeaf,edx(AND) ,rflags ,CMP,3,AND,3,MOV,2,XGETBV,3,XOR,2,CMP,7,JLE,6,MOV,5,XOR,2,MOV,2,0,1,0,0,0,JE,0,0,1,1,0,0,JLE,0,0,4880613,4881127,4880632,0,0,0,0,cpp,4.736220613820021e-12,1.0,1,0,1
0x4a78df,JZ,1,0,305,6,0x4a78d9,TEST,1,NonLeaf,esi(MOV) ,rflags ,TEST,6,MOV,6,MOV,6,MOV,6,MOV,6,XOR,2,XGETBV,3,MOV,2,AND,3,CMP,3,0,1,1,0,0,CALL,0,1,1,0,0,0,JE,0,0,4880595,4880912,4880613,0,0,1,0,cpp,4.736220613820021e-12,0.0,0,0,0
0x4a78b0,JLE,1,0,35,2,0x4a78a9,CMP,1,NonLeaf,rip(JLE) ,rflags ,CMP,7,MOV,8,XOR,3,XOR,3,JZ,6,MOV,5,XOR,2,CPUID,2,MOV,6,MOV,6,0,1,1,0,0,JE,0,0,1,0,0,0,MOV,0,0,4880553,4880595,4880562,0,0,0,1,cpp,4.736220613820021e-12,0.0,0,0,0
0x4a7889,JZ,1,1,704,6,0x4a7883,CMP,1,NonLeaf,edx(-1) ,rflags ,CMP,6,JNZ,2,CMP,6,JNZ,2,MOV,6,CMP,6,JZ,6,XOR,3,XOR,3,MOV,8,0,1,0,0,0,JE,0,0,0,0,0,0,JE,0,0,4880515,4881225,4880527,1,0,1,0,cpp,4.736220613820021e-12,1.0,1,0,1
0x4a7881,JNZ,1,0,14,2,0x4a787b,CMP,1,NonLeaf,ecx(-1) ,rflags ,CMP,6,JNZ,2,MOV,6,MOV,5,MOV,4,CMP,6,JZ,6,CMP,6,JZ,6,XOR,3,0,0,0,0,0,JE,0,0,1,0,0,0,JE,0,0,4880507,4880527,4880515,0,0,0,0,cpp,4.736220613820021e-12,0.0,0,0,0
0x4a7879,JNZ,1,0,22,2,0x4a785f,CMP,1,NonLeaf,ebx(-1) ,rflags ,MOV,6,MOV,5,MOV,4,MOV,5,CMP,6,CMP,6,JNZ,2,CMP,6,JZ,6,CMP,6,0,1,0,0,0,JE,0,0,1,0,0,0,JNE,0,0,4880448,4880527,4880507,0,0,0,0,cpp,4.736220613820021e-12,0.0,0,0,0
0x4a7791,JNZ,1,0,124,2,0x4a778f,TEST,1,NonLeaf,eax(-1) eax(-1) ,rflags ,TEST,2,CALL_NEAR,5,LEA,5,CALL_NEAR,3,MOV,4,MOV,9,MOV,5,MOV,9,MOV,5,LEA,5,0,1,0,0,0,CALL,0,1,1,0,0,0,CALL,0,1,4880271,4880397,4880275,0,0,1,1,cpp,4.736220613820021e-12,0.0,0,0,0
0x4a7770,JZ,1,0,21,2,0x4a776d,TEST,1,NonLeaf,r13(-1) r13(-1) ,rflags ,TEST,3,JNZ,6,TEST,2,MOV,6,CALL_NEAR,5,MOV,7,MOV,5,MOV,4,CALL_NEAR,3,LEA,5,0,1,1,0,0,CALL,0,1,1,0,0,0,CALL,0,1,4880237,4880261,4880242,0,0,1,1,cpp,4.736220613820021e-12,0.0,0,0,0
0x4a7767,JNZ,1,0,194,6,0x4a7765,TEST,1,NonLeaf,eax(MOV) eax(MOV) ,rflags ,TEST,2,MOV,6,CALL_NEAR,5,MOV,3,XOR,2,TEST,3,JZ,2,MOV,7,MOV,5,MOV,4,0,1,0,0,0,CALL,0,1,1,1,0,0,JE,0,0,4880223,4880425,4880237,0,0,1,0,cpp,4.736220613820021e-12,0.0,0,0,0
0x4a7751,JZ,1,0,14,2,0x4a774e,TEST,1,NonLeaf,r14(-1) r14(-1) ,rflags ,TEST,3,CALL_NEAR,5,MOV,4,MOV,5,MOV,7,XOR,2,XOR,2,MOV,3,CALL_NEAR,5,MOV,6,0,1,1,0,0,JNE,0,0,1,0,0,0,CALL,0,1,4880206,4880223,4880211,0,0,0,1,cpp,4.736220613820021e-12,0.0,0,0,0
0x4a772b,JZ,1,1,14,2,0x4a7728,TEST,1,NonLeaf,r12(-1) r12(-1) ,rflags ,TEST,3,MOV,9,MOV,4,MOV,9,XOR,2,XOR,2,XOR,2,MOV,3,CALL_NEAR,5,MOV,7,0,1,1,0,0,CALL,0,1,1,0,0,0,CALL,0,1,4880134,4880185,4880173,0,0,1,1,cpp,4.736220613820021e-12,1.0,1,0,1
0x4a76ef,JB,13,12,-31,2,0x4a76e8,CMP,1,NonLeaf,rbx(ADD) ,rflags ,CMP,7,MOV,4,ADD,4,CALL_NEAR,3,JNZ,6,MOV,7,MOV,5,MOV,4,CALL_NEAR,5,MOV,7,0,1,0,0,0,JNE,0,0,0,0,0,0,CALL,1,1,4880096,4880080,4880113,0,0,0,1,cpp,6.157086797966026e-11,0.9230769230769232,1,1,1
0x4a76d7,JNZ,12,0,270,6,0x4a76d0,CMP,1,NonLeaf,rbx(-1) ,rflags ,MOV,3,CMP,4,NOP,2,JMP,2,MOV,5,CALL_NEAR,3,ADD,4,MOV,4,CMP,7,JB,2,0,0,0,0,0,CALL,1,1,0,0,1,1,CALL,0,1,4880080,4880357,4880093,0,0,1,1,cpp,5.6834647365840245e-11,0.0,0,0,0
0x4a76c1,JNZ,1,0,292,6,0x4a76b3,CMP,1,NonLeaf,rip(JNZ) ,rflags ,MOV,7,CMP,7,JNB,2,CMP,6,MOV,5,MOV,5,JMP,2,NOP,2,CMP,4,MOV,3,0,1,0,0,0,CALL,0,1,1,0,0,0,JMP,0,0,4880051,4880357,4880071,0,0,1,0,cpp,4.736220613820021e-12,0.0,0,0,0
0x4a76b1,JNB,1,0,64,2,0x4a76ab,CMP,1,NonLeaf,rax(MOV) ,rflags ,CMP,6,MOV,5,JLE,6,CMP,5,MOV,6,CMP,7,MOV,7,JNZ,6,MOV,5,JMP,2,0,1,0,0,0,CALL,0,1,1,0,0,0,JNE,0,0,4880038,4880113,4880051,0,0,1,0,cpp,4.736220613820021e-12,0.0,0,0,0
0x4a76a0,JLE,1,0,315,6,0x4a769b,CMP,1,NonLeaf,eax(-1) ,rflags ,CMP,5,MOV,6,JNZ,6,TEST,2,MOV,6,MOV,5,CMP,6,JNB,2,CMP,7,MOV,7,0,0,0,0,0,CALL,0,1,0,0,0,0,JAE,0,0,4880027,4880347,4880038,0,0,1,0,cpp,4.736220613820021e-12,0.0,0,0,0
0x4a768f,JNZ,1,0,352,6,0x4a768d,TEST,1,NonLeaf,edx(MOV) edx(MOV) ,rflags ,TEST,2,MOV,6,JS,6,TEST,2,CALL_NEAR,5,MOV,6,CMP,5,JLE,6,MOV,5,CMP,6,0,1,0,0,0,JBE,0,0,1,0,0,0,MOV,0,0,4880007,4880367,4880021,0,0,0,1,cpp,4.736220613820021e-12,0.0,0,0,0
0x4a7681,JS,1,0,379,6,0x4a767f,TEST,1,NonLeaf,eax(-1) eax(-1) ,rflags ,TEST,2,CALL_NEAR,5,JNZ,2,TEST,2,MOV,6,MOV,6,TEST,2,JNZ,6,MOV,6,CMP,5,0,1,0,0,0,CALL,0,1,1,0,0,0,JNE,0,0,4879999,4880380,4880007,0,0,1,0,cpp,4.736220613820021e-12,0.0,0,0,0
0x4a7678,JNZ,1,0,46,2,0x4a7676,TEST,1,NonLeaf,edx(MOV) edx(MOV) ,rflags ,TEST,2,MOV,6,CALL_NEAR,5,JNZ,2,CMP,5,CALL_NEAR,5,TEST,2,JS,6,MOV,6,TEST,2,0,1,0,0,0,JAE,0,0,1,0,0,0,CALL,0,1,4879984,4880038,4879994,0,0,0,1,cpp,4.736220613820021e-12,0.0,0,0,0
0x4a7669,JNZ,45,44,-9,2,0x4a7664,CMP,1,NonLeaf,rdi(ADD) ,rflags ,CMP,5,ADD,4,NOP,4,MOV,7,MOV,7,CALL_NEAR,5,MOV,6,TEST,2,JNZ,2,CALL_NEAR,5,1,1,1,1,1,JNE,0,0,1,1,0,0,CALL,1,1,4879968,4879968,4879979,1,0,0,1,cpp,2.1312992762190086e-10,0.9777777777777776,1,1,1
0x4a761e,JZ,1,0,488,6,0x4a760d,TEST,1,NonLeaf,rax(MOV) rax(MOV) ,rflags ,MOV,5,MOV,4,MOV,5,TEST,3,SUB,7,MOV,6,XOR,2,TEST,2,SETZ,3,MOV,6,0,1,0,0,0,JMP,0,0,1,0,0,0,SETE,0,0,4879856,4880390,4879908,0,0,0,0,cpp,4.736220613820021e-12,0.0,0,0,0
0x4a751f,JZ,1,1,-74,2,0x4a751c,TEST,1,NonLeaf,rdx(MOV) rdx(MOV) ,rflags ,TEST,3,MOV,3,MOV,7,CALL_NEAR,5,MOV,7,MOV,3,CMP,3,JNB,2,JMP,2,NOP,5,0,1,0,0,0,NOP,0,0,1,0,0,0,JAE,0,0,4879634,4879573,4879649,0,0,0,0,cpp,4.736220613820021e-12,1.0,1,0,1
0x4a74fa,JZ,1,0,89,2,0x4a74f7,TEST,1,NonLeaf,rbx(MOV) rbx(MOV) ,rflags ,TEST,3,MOV,7,JNZ,6,MOV,3,MOV,4,MOV,4,MOV,3,MOV,3,MOV,7,CALL_NEAR,5,1,1,0,0,0,JMP,1,0,1,0,0,0,CALL,0,1,4879600,4879699,4879612,0,0,0,1,cpp,4.736220613820021e-12,0.0,0,0,0
0x4a74ea,JNZ,1,1,-145,6,0x4a74e0,TEST,1,NonLeaf,r14(-1) r14(-1) ,rflags ,MOV,3,MOV,4,TEST,3,NOP,4,LEA,7,MOV,7,TEST,3,JZ,2,MOV,4,MOV,3,0,0,1,0,0,JE,1,0,0,0,1,1,JE,0,0,4879584,4879449,4879600,0,0,0,0,cpp,4.736220613820021e-12,1.0,1,0,1
0x4a7493,JNZ,9,0,200,6,0x4a748c,TEST,1,NonLeaf,rbx(-1) ,rflags ,MOVZX,3,TEST,4,SHR,4,MOVZX,4,MOV,5,MOVZX,3,LEA,4,LEA,4,MOV,2,CALL_NEAR,5,0,1,0,0,0,CALL,0,1,1,1,0,0,CALL,0,1,4879475,4879707,4879513,0,0,1,1,cpp,4.262598552438018e-11,0.0,0,0,0
0x4a746d,JZ,9,0,259,6,0x4a746a,TEST,1,NonLeaf,r14(-1) r14(-1) ,rflags ,TEST,3,CALL_NEAR,5,LEA,7,JZ,2,TEST,3,MOV,4,MOV,4,MOV,4,MOV,5,MOVZX,4,0,1,0,0,0,CALL,0,1,1,0,0,0,JNE,0,0,4879466,4879728,4879475,0,0,1,1,cpp,4.262598552438018e-11,0.0,0,0,0
0x4a745c,JZ,9,9,14,2,0x4a7459,TEST,1,NonLeaf,r13(-1) r13(-1) ,rflags ,TEST,3,JZ,6,MOV,3,TEST,3,CALL_NEAR,5,LEA,7,CALL_NEAR,5,TEST,3,JZ,6,MOV,4,0,1,1,0,0,JE,0,0,1,0,0,0,CALL,0,1,4879449,4879466,4879454,0,0,0,1,cpp,4.262598552438018e-11,1.0,1,0,1
0x4a7453,JZ,8,0,157,6,0x4a744d,TEST,1,NonLeaf,rax(-1) rax(-1) ,rflags ,MOV,3,TEST,3,CALL_NEAR,5,MOV,3,MOV,3,TEST,3,JZ,2,LEA,7,CALL_NEAR,5,TEST,3,0,0,0,1,0,JE,0,0,0,1,0,0,JE,0,0,4879437,4879600,4879449,0,0,0,0,cpp,3.788976491056016e-11,0.0,0,0,0
0x4a7440,JB,8,0,-16,2,0x4a743d,CMP,1,NonLeaf,rbp(-1) rbx(-1) ,rflags ,CMP,3,JZ,6,TEST,3,MOV,4,NOP,5,MOV,3,MOV,3,CALL_NEAR,5,TEST,3,MOV,3,1,1,0,0,0,JE,0,0,1,0,0,0,CALL,1,1,4879421,4879408,4879426,1,0,0,1,cpp,3.788976491056016e-11,0.0,0,1,0
0x4a7424,JNZ,9,8,25,2,0x4a7421,TEST,1,NonLeaf,rbx(MOV) rbx(MOV) ,rflags ,TEST,3,MOV,7,CALL_NEAR,5,LEA,7,JZ,2,JMP,5,NOP,5,MOV,4,TEST,3,JZ,6,0,1,0,1,0,JB,0,0,1,0,0,0,JMP,0,0,4879386,4879421,4879398,0,0,0,0,cpp,4.262598552438018e-11,0.8888888888888888,1,0,1
0x4a740c,JZ,9,9,14,2,0x4a7409,TEST,1,NonLeaf,r13(MOV) r13(MOV) ,rflags ,TEST,3,MOV,7,SUB,4,PUSH,1,MOV,3,LEA,7,CALL_NEAR,5,MOV,7,TEST,3,JNZ,2,0,1,1,0,0,JNE,0,0,1,0,0,0,CALL,0,1,4879344,4879386,4879374,0,0,0,1,cpp,4.262598552438018e-11,1.0,1,0,1
0x4a734d,JZ,1,0,81,2,0x4a734a,TEST,1,NonLeaf,rbx(-1) rbx(-1) ,rflags ,TEST,3,CALL_NEAR,5,LEA,7,JZ,2,TEST,3,MOV,3,POP,1,POP,1,POP,2,RET_NEAR,1,0,1,0,0,0,CALL,0,1,1,0,0,0,RET,0,0,4879178,4879262,4879183,0,1,1,0,cpp,4.736220613820021e-12,0.0,0,0,0
0x4a733c,JZ,1,1,14,2,0x4a7339,TEST,1,NonLeaf,r12(-1) r12(-1) ,rflags ,TEST,3,MOV,3,MOV,4,JNZ,2,CMP,4,LEA,7,CALL_NEAR,5,TEST,3,JZ,2,MOV,3,0,1,1,0,0,JE,0,0,1,0,0,0,CALL,0,1,4879161,4879178,4879166,0,0,0,1,cpp,4.736220613820021e-12,1.0,1,0,1
0x4a732a,JNZ,1,1,-26,2,0x4a7326,TEST,1,NonLeaf,rbx(-1) ,rflags ,TEST,4,JZ,2,TEST,3,MOV,4,LEA,4,CMP,4,JNZ,2,MOV,4,MOV,3,TEST,3,1,1,0,0,0,JE,0,0,1,0,0,0,JNE,0,0,4879142,4879120,4879148,0,0,0,0,cpp,4.736220613820021e-12,1.0,1,0,1
0x4a7317,JZ,1,1,105,2,0x4a7314,CMP,1,NonLeaf,rdx(MOV) rbp(-1) ,rflags ,CMP,3,MOV,4,NOP,9,JMP,2,LEA,7,LEA,4,MOV,4,TEST,3,JZ,2,TEST,4,0,1,0,0,0,CALL,1,1,0,0,0,0,JE,0,0,4879120,4879232,4879129,0,0,1,0,cpp,4.736220613820021e-12,1.0,1,0,1
0x4a72fc,JZ,1,0,61,2,0x4a72f9,TEST,1,NonLeaf,rbx(MOV) rbx(MOV) ,rflags ,TEST,3,MOV,7,JNZ,2,TEST,3,MOV,4,LEA,7,JMP,2,NOP,9,MOV,4,CMP,3,0,0,1,0,0,JE,0,0,1,0,0,0,JMP,0,0,4879090,4879161,4879102,0,0,0,0,cpp,4.736220613820021e-12,0.0,0,0,0
0x4a72cc,JZ,1,1,38,2,0x4a72c9,TEST,1,NonLeaf,rax(MOV) rax(MOV) ,rflags ,TEST,3,MOV,7,CALL_NEAR,5,LEA,7,JZ,2,CMP,4,JNZ,2,JMP,5,NOP,7,CMP,4,0,1,0,0,0,JE,0,0,1,0,0,0,JNE,0,0,4879042,4879090,4879054,0,0,0,0,cpp,4.736220613820021e-12,1.0,1,0,1
0x4a72b4,JZ,1,1,14,2,0x4a72b1,TEST,1,NonLeaf,r12(MOV) r12(MOV) ,rflags ,TEST,3,MOV,7,JZ,6,TEST,2,MOV,2,LEA,7,CALL_NEAR,5,MOV,7,TEST,3,JZ,2,0,1,1,0,0,JE,0,0,1,0,0,0,CALL,0,1,4879018,4879042,4879030,0,0,0,1,cpp,4.736220613820021e-12,1.0,1,0,1
0x4a72a4,JZ,1,0,204,6,0x4a72a2,TEST,1,NonLeaf,eax(MOV) eax(MOV) ,rflags ,TEST,2,MOV,2,JZ,6,PUSH,1,MOV,3,MOV,7,TEST,3,JZ,2,LEA,7,CALL_NEAR,5,0,0,0,0,0,RET,0,0,1,0,0,0,JE,0,0,4879008,4879216,4879018,0,0,0,0,cpp,4.736220613820021e-12,0.0,0,0,0
0x4a729a,JZ,1,0,214,6,0x4a7292,TEST,1,NonLeaf,rdi(-1) rdi(-1) ,rflags ,PUSH,1,MOV,3,PUSH,1,TEST,3,PUSH,2,MOV,2,TEST,2,JZ,6,MOV,7,TEST,3,0,1,0,0,0,RET,0,0,1,0,0,0,JE,0,0,4878992,4879216,4879008,0,0,0,0,cpp,4.736220613820021e-12,0.0,0,0,0
0x4a715d,JZ,1,1,45,2,0x4a712d,CMP,1,NonLeaf,rip(JZ) ,rflags ,MOV,4,MOV,4,MOV,4,MOV,4,MOV,3,LEA,7,CALL_NEAR,5,MOV,7,MOV,7,LEA,7,0,1,0,0,0,POP,0,0,1,0,0,0,CALL,0,1,4878637,4878730,4878687,0,0,1,1,cpp,4.736220613820021e-12,1.0,1,0,1
0x4a712b,JZ,1,0,114,2,0x4a7128,TEST,1,NonLeaf,r8d(MOV) r8d(MOV) ,rflags ,TEST,3,MOV,3,JZ,2,TEST,3,INVALID,0,CMP,8,MOV,5,PUSH,1,MOV,7,MOV,8,0,0,0,0,0,RET,0,0,1,0,0,0,JE,0,0,4878629,4878749,4878637,0,0,0,1,cpp,4.736220613820021e-12,0.0,0,0,0
0x4a7123,JZ,1,0,122,2,0x4a7120,TEST,1,NonLeaf,rdi(-1) rdi(-1) ,rflags ,TEST,3,INVALID,0,INVALID,0,INVALID,0,INVALID,0,MOV,3,TEST,3,JZ,2,CMP,8,MOV,5,0,1,0,0,0,RET,0,0,1,0,0,0,JE,0,0,4878624,4878749,4878629,0,0,0,0,cpp,4.736220613820021e-12,0.0,0,0,0
0x4a6b30,JNZ,3555,3554,-112,2,0x4a6b29,TEST,1,NonLeaf,rdx(MOV) rdx(MOV) ,rflags ,MOV,4,TEST,3,LEA,5,SUB,6,MOV,4,MOV,5,MOV,4,ADD,4,MOV,5,MOV,5,0,0,0,1,1,JNE,0,0,1,1,0,0,MOV,1,0,4877077,4876992,4877106,0,0,1,1,cpp,1.6837264282130173e-08,0.99971870604782,1,1,1
0x4a6b13,JNLE,3613,58,-43,2,0x4a6b11,TEST,1,NonLeaf,eax(-1) eax(-1) ,rflags ,TEST,2,CALL_NEAR,2,MOV,5,MOV,3,MOV,4,MOV,5,MOV,4,SUB,6,LEA,5,TEST,3,0,1,0,0,0,JE,0,0,0,1,0,0,JNE,1,0,4877073,4877032,4877077,0,0,1,1,cpp,1.7111965077731734e-08,0.0160531414337115,0,0,0
0x4a6afa,JZ,58,0,118,2,0x4a6af2,TEST,1,NonLeaf,r14(-1) r14(-1) ,rflags ,MOV,5,TEST,3,MOV,5,MOV,5,NOP,5,MOV,3,LEA,4,MOV,4,MOV,3,MOV,5,0,0,0,0,0,JMP,1,0,1,0,0,0,MOV,0,0,4877032,4877168,4877052,0,0,0,0,cpp,2.7470079560156117e-10,0.0,0,0,0
0x4a6adc,JNZ,3555,3555,35,2,0x4a6acb,TEST,1,NonLeaf,r13(-1) r13(-1) ,rflags ,MOV,4,MOV,5,MOV,5,TEST,3,MOV,5,JMP,5,NOP,5,MOV,5,MOV,5,TEST,3,1,1,0,1,0,CALL,0,1,1,0,0,0,JMP,0,0,4876992,4877055,4877022,0,0,1,0,cpp,1.6837264282130173e-08,1.0,1,0,1
0x4a6aab,JZ,1,0,158,6,0x4a6aa3,TEST,1,NonLeaf,rax(MOV) rax(MOV) ,rflags ,MOV,5,TEST,3,MOV,4,MOV,5,MOV,5,LEA,4,MOV,4,MOV,5,NOP,2,SUB,6,0,1,1,0,0,CALL,0,1,1,0,0,0,NOP,0,0,4876944,4877129,4876977,0,1,1,1,cpp,4.736220613820021e-12,0.0,0,0,0
0x4a6a7f,JNZ,1,0,371,6,0x4a6a7a,CMP,1,NonLeaf,rsp(-1) rax(ADD) ,rflags ,CMP,5,ADD,4,MOV,4,MOV,4,MOV,4,MOV,3,MOV,3,CALL_NEAR,5,MOV,5,MOV,5,0,0,0,0,0,CALL,0,1,1,0,0,0,CALL,0,1,4876901,4877298,4876933,1,1,1,1,cpp,4.736220613820021e-12,0.0,0,1,0
0x4a6a44,JNZ,3636,81,-36,2,0x4a6a3e,CMP,1,NonLeaf,r13(-1) rax(-1) ,rflags ,CMP,6,JZ,2,CMP,5,ADD,4,ADD,4,MOV,5,MOV,5,MOV,5,ADD,4,JMP,2,1,1,0,0,0,ADD,0,0,1,0,0,0,JMP,0,0,4876862,4876832,4876870,0,0,1,1,cpp,1.7220898151849595e-08,0.0222772277227722,0,1,0
0x4a6a3c,JZ,3636,1,31,2,0x4a6a37,CMP,1,NonLeaf,rax(ADD) rsp(-1) ,rflags ,CMP,5,ADD,4,ADD,4,MOV,5,MOV,5,CMP,6,JNZ,2,MOV,5,MOV,5,MOV,5,0,1,1,0,0,MOV,1,0,0,0,1,1,JNE,0,0,4876851,4876891,4876862,0,0,0,0,cpp,1.7220898151849595e-08,0.0002750275027502,0,0,0
0x4a69fd,JBE,102,43,-93,2,0x4a69fa,CMP,1,NonLeaf,rax(MOV) r12(-1) ,rflags ,CMP,3,MOV,5,CALL_NEAR,5,MOV,3,MOV,3,MOV,3,JMP,2,NOP,4,LEA,7,ADD,4,0,1,0,0,0,JA,0,0,1,0,0,0,JMP,0,0,4876789,4876704,4876799,1,0,0,0,cpp,4.83094502609642e-10,0.4215686274509804,0,0,0
0x4a69b5,JNB,93,0,-1128,6,0x4a69b2,CMP,1,NonLeaf,rbp(-1) r14(-1) ,rflags ,CMP,3,LEA,4,JNBE,6,CMP,3,ADD,5,MOV,5,LEA,5,MOV,5,MOV,5,MOV,4,0,0,0,0,0,XOR,1,0,0,0,1,1,CALL,0,1,4876722,4875597,4876731,0,0,0,1,cpp,4.4046851708526187e-10,0.0,0,0,0
0x4a69a8,JNBE,43,9,494,6,0x4a69a5,CMP,1,NonLeaf,rax(ADD) r12(-1) ,rflags ,CMP,3,ADD,5,NOP,7,JMP,2,MOV,5,LEA,4,CMP,3,JNB,6,MOV,5,LEA,5,0,1,0,0,0,JMP,1,0,1,0,0,0,LEA,0,0,4876704,4877206,4876718,0,0,0,0,cpp,2.0365748639426086e-10,0.2093023255813953,0,0,0
0x4a6912,JS,7188,3555,-58,2,0x4a6910,TEST,1,NonLeaf,eax(-1) eax(-1) ,rflags ,TEST,2,CALL_NEAR,2,MOV,3,MOV,3,MOV,4,ADD,4,JMP,2,NOP,6,MOV,4,MOV,3,0,1,0,0,0,JE,0,0,1,0,0,0,JMP,1,0,4876560,4876504,4876564,0,0,1,0,cpp,3.4043953772138306e-08,0.4945742904841402,0,0,0
0x4a68fe,JZ,3555,2,266,6,0x4a68fb,CMP,1,NonLeaf,r15(MOV) rax(LEA) ,rflags ,CMP,3,LEA,7,MOV,8,MOV,4,LEA,5,MOV,4,MOV,3,MOV,3,CALL_NEAR,2,TEST,2,0,0,0,0,0,JMP,1,0,0,0,1,1,CALL,0,1,4876504,4876808,4876548,0,0,0,1,cpp,1.6837264282130173e-08,0.00056258790436,0,0,0
0x4a68ca,JZ,3635,0,318,6,0x4a68c7,CMP,1,NonLeaf,r14(-1) rax(LEA) ,rflags ,CMP,3,LEA,7,JZ,6,CMP,5,MOV,5,MOV,3,JMP,2,NOP,3,MOV,3,SUB,4,0,1,0,0,0,JMP,0,0,1,0,0,0,JMP,0,0,4876480,4876808,4876496,1,0,0,0,cpp,1.7216161931235773e-08,0.0,0,0,0
0x4a68ba,JZ,3636,1,350,6,0x4a68b5,CMP,1,NonLeaf,rax(MOV) rsp(-1) ,rflags ,CMP,5,MOV,5,MOV,5,ADD,6,MOV,5,LEA,7,CMP,3,JZ,6,MOV,3,JMP,2,1,1,1,0,0,JMP,1,0,1,0,0,0,JE,0,0,4876448,4876824,4876480,0,0,0,0,cpp,1.7220898151849595e-08,0.0002750275027502,0,0,0
0x4a6873,JZ,1,0,854,6,0x4a686b,TEST,1,NonLeaf,rax(MOV) rax(MOV) ,rflags ,MOV,5,TEST,3,MOV,4,JZ,6,TEST,3,MOV,3,LEA,7,MOV,9,ADD,4,MOV,4,0,1,0,0,0,JMP,0,0,1,0,0,0,NOP,0,0,4876391,4877257,4876409,0,0,0,1,cpp,4.736220613820021e-12,0.0,0,0,0
0x4a6861,JZ,1,0,851,6,0x4a685e,TEST,1,NonLeaf,r13(MOV) r13(MOV) ,rflags ,TEST,3,MOV,5,MOV,5,CMOVNZ,4,LEA,7,MOV,4,TEST,3,MOV,5,JZ,6,MOV,3,0,1,0,0,0,CALL,0,1,1,0,0,0,JE,0,0,4876372,4877236,4876391,0,0,1,1,cpp,4.736220613820021e-12,0.0,0,0,0
0x4a683a,JNZ,1,0,26,2,0x4a682f,TEST,1,NonLeaf,rbx(-1) ,rflags ,LEA,7,TEST,4,JNZ,6,CMP,4,MOV,5,TEST,6,LEA,7,LEA,7,CMOVNZ,4,MOV,5,0,1,1,0,0,JE,0,0,1,0,0,0,CMOVNE,0,0,4876335,4876372,4876348,0,0,0,0,cpp,4.736220613820021e-12,0.0,0,0,0
0x4a6829,JNZ,1,0,969,6,0x4a6825,CMP,1,NonLeaf,rdx(MOV) rax(MOV) ,rflags ,CMP,4,MOV,5,MOV,5,JZ,2,CMP,6,TEST,4,LEA,7,JNZ,2,TEST,6,LEA,7,0,0,0,0,0,CALL,0,1,0,0,0,0,JNE,0,0,4876315,4877298,4876335,0,0,1,0,cpp,4.736220613820021e-12,0.0,0,0,0
0x4a6819,JZ,1,0,22,2,0x4a6813,CMP,1,NonLeaf,rsp(-1) ,rflags ,CMP,6,MOV,5,MOV,5,JNZ,2,TEST,3,MOV,5,MOV,5,CMP,4,JNZ,6,TEST,4,0,0,0,0,0,JNE,0,0,0,0,0,0,JNE,0,0,4876297,4876335,4876315,0,0,0,0,cpp,4.736220613820021e-12,0.0,0,0,0
0x4a67ce,JZ,1,1,935,6,0x4a67ca,TEST,1,NonLeaf,rbx(-1) ,rflags ,TEST,4,MOV,8,JZ,2,MOV,5,TEST,3,MOV,4,MOV,4,TEST,3,JZ,6,LEA,5,0,1,0,0,0,CALL,0,1,1,0,0,0,JE,0,0,4876234,4877173,4876244,0,0,1,0,cpp,4.736220613820021e-12,1.0,1,0,1
0x4a67c0,JZ,1,0,10,2,0x4a67b8,TEST,1,NonLeaf,rax(-1) rax(-1) ,rflags ,MOV,5,TEST,3,CALL_NEAR,5,MOV,3,MOV,8,MOV,8,TEST,4,JZ,6,MOV,4,MOV,4,0,1,1,0,0,JE,0,0,1,0,0,0,MOV,0,0,4876216,4876234,4876226,0,0,0,1,cpp,4.736220613820021e-12,0.0,0,0,0
0x4a67a2,JZ,1,0,-458,6,0x4a6797,TEST,1,NonLeaf,rax(-1) rax(-1) ,rflags ,MOV,5,MOV,3,TEST,3,CALL_NEAR,5,MOV,3,MOV,8,MOV,3,CALL_NEAR,5,TEST,3,MOV,5,0,0,0,0,0,JA,0,0,1,0,0,0,CALL,0,1,4876183,4875736,4876200,0,0,0,1,cpp,4.736220613820021e-12,0.0,0,0,0
0x4a6769,JZ,1,1,1077,6,0x4a6766,CMP,1,NonLeaf,rdi(MOV) rdx(MOV) ,rflags ,CMP,3,MOV,2,AND,5,MOV,2,MOV,5,AND,7,CMP,6,JZ,6,MOV,5,LEA,8,0,1,0,0,0,JMP,0,0,1,0,0,0,AND,0,0,4876120,4877214,4876143,0,0,1,1,cpp,4.736220613820021e-12,1.0,1,0,1
0x4a6752,JZ,1,0,-406,6,0x4a6749,CMP,1,NonLeaf,rax(-1) ,rflags ,MOV,5,CMP,4,CALL_NEAR,5,MOV,3,MOV,4,MOV,5,MOV,2,AND,5,MOV,2,CMP,3,0,0,0,0,0,MOV,0,0,0,0,0,0,JE,0,0,4876105,4875708,4876120,0,0,1,0,cpp,4.736220613820021e-12,0.0,0,0,0
0x4a65db,JNBE,1,0,-142,6,0x4a65d8,CMP,1,NonLeaf,rbx(-1) r12(-1) ,rflags ,CMP,3,MOV,4,LEA,7,MOV,4,MOV,8,MOVZX,4,TEST,2,JNZ,6,TEST,2,JZ,6,0,0,0,0,0,XOR,0,0,1,0,0,0,JNE,0,0,4875736,4875597,4875745,0,0,0,0,cpp,4.736220613820021e-12,0.0,0,0,0
0x4a657a,JZ,1,1,451,6,0x4a6578,TEST,1,NonLeaf,al(-1) ,rflags ,TEST,2,JNZ,6,MOV,5,TEST,3,MOV,2,MOV,4,MOV,4,TEST,3,JNZ,2,JMP,5,0,1,0,0,0,CALL,0,1,1,0,0,0,JNE,0,0,4875640,4876093,4875648,0,0,1,0,cpp,4.736220613820021e-12,1.0,1,0,1
0x4a6572,JNZ,1,0,528,6,0x4a656a,TEST,1,NonLeaf,rdi(MOV) rdi(MOV) ,rflags ,MOV,5,TEST,3,MOV,2,SHR,3,MOV,2,TEST,2,JZ,6,MOV,4,MOV,4,TEST,3,0,1,0,0,0,CALL,0,1,1,0,0,0,JE,0,0,4875616,4876162,4875640,0,0,1,0,cpp,4.736220613820021e-12,0.0,0,0,0
0x4a64f0,JNZ,9,9,1102,6,0x4a64ec,TEST,1,NonLeaf,ax(MOVZX) ,rflags ,TEST,4,MOVZX,4,JNZ,6,TEST,2,JZ,6,MOV,4,XOR,2,MOV,4,CMP,3,JNB,2,0,1,0,0,0,CALL,0,1,1,0,0,0,MOV,0,0,4875496,4876606,4875510,1,0,1,0,cpp,4.262598552438018e-11,1.0,1,0,1
0x4a64e2,JNZ,9,0,382,6,0x4a64e0,TEST,1,NonLeaf,al(-1) ,rflags ,TEST,2,JZ,6,TEST,2,MOVZX,4,SUB,4,MOVZX,4,TEST,4,JNZ,6,MOV,4,XOR,2,0,1,0,0,0,JE,0,0,1,0,0,0,JNE,0,0,4875488,4875872,4875496,0,0,1,0,cpp,4.262598552438018e-11,0.0,0,0,0
0x4a64da,JZ,9,1,134,6,0x4a64d8,TEST,1,NonLeaf,al(MOVZX) ,rflags ,TEST,2,MOVZX,4,SUB,4,MOV,3,PUSH,1,TEST,2,JNZ,6,MOVZX,4,TEST,4,JNZ,6,0,1,0,0,0,JNE,0,0,1,0,0,0,JNE,0,0,4875456,4875616,4875488,0,0,1,0,cpp,4.262598552438018e-11,0.1111111111111111,0,0,0
0x4a6433,JZ,3636,0,-115,2,0x4a6430,TEST,1,NonLeaf,r15d(-1) r15d(-1) ,rflags ,TEST,3,MOV,3,CALL_NEAR,5,MOV,3,MOVZX,3,MOV,5,MOVZX,4,LEA,4,MOV,3,MOV,3,0,1,0,0,0,JE,0,0,1,0,0,0,CALL,0,1,4875312,4875200,4875317,0,0,0,1,cpp,1.7220898151849595e-08,0.0,0,0,0
0x4a63ff,JZ,3636,3636,49,2,0x4a63fb,TEST,1,NonLeaf,rbp(-1) ,rflags ,TEST,4,JZ,2,TEST,3,MOVSXD,4,JZ,6,LEA,4,SUB,3,CMP,3,JZ,2,MOV,3,0,1,1,0,0,JE,0,0,1,0,0,0,JE,0,0,4875259,4875312,4875265,0,0,0,0,cpp,1.7220898151849595e-08,1.0,1,0,1
0x4a63f9,JZ,3643,7,-24,2,0x4a63f6,TEST,1,NonLeaf,r8d(MOVSXD) r8d(MOVSXD) ,rflags ,TEST,3,MOVSXD,4,JZ,6,TEST,2,MOV,2,TEST,4,JZ,2,LEA,4,SUB,3,CMP,3,1,1,0,0,0,JE,0,0,1,0,0,0,JE,0,0,4875250,4875233,4875259,0,0,0,0,cpp,1.7254051696146333e-08,0.0019214932747735,0,0,0
0x4a63ec,JZ,3643,1,196,6,0x4a63ea,TEST,1,NonLeaf,eax(MOV) eax(MOV) ,rflags ,TEST,2,MOV,2,LEA,5,MOV,2,MOV,5,MOVSXD,4,TEST,3,JZ,2,TEST,4,JZ,2,0,0,1,0,0,RET,1,0,0,0,1,1,JE,0,0,4875233,4875440,4875250,0,0,0,0,cpp,1.7254051696146333e-08,0.0002744990392533,0,0,0
0x4a63ce,JZ,3636,0,19,2,0x4a63cb,TEST,1,NonLeaf,rax(MOV) rax(MOV) ,rflags ,TEST,3,MOV,4,JZ,2,CMP,5,NOP,2,MOV,4,LEA,4,MOV,4,MOV,5,MOV,2,0,0,1,0,0,JE,0,0,1,0,0,0,MOV,0,0,4875207,4875233,4875216,0,0,0,1,cpp,1.7220898151849595e-08,0.0,0,0,0
0x4a63b7,JNZ,1,1,59,2,0x4a63b5,TEST,1,NonLeaf,edx(MOV) edx(MOV) ,rflags ,TEST,2,MOV,5,LEA,5,MOV,3,MOV,2,JMP,5,NOP,2,CMP,5,JZ,2,MOV,4,0,1,0,1,0,JE,0,0,1,0,0,0,JMP,0,0,4875174,4875250,4875193,0,0,0,0,cpp,4.736220613820021e-12,1.0,1,0,1
0x4a6302,JNZ,657,656,-210,6,0x4a62fd,CMP,1,NonLeaf,dx(AND) ,rflags ,CMP,5,AND,5,MOV,2,MOVZX,5,MOV,3,MOVZX,4,AND,4,SHL,3,OR,2,MOV,5,0,1,0,0,0,JE,0,0,1,0,0,0,JMP,0,0,4874990,4874800,4875016,0,0,0,1,cpp,3.111696943279753e-09,0.9984779299847792,1,0,1
0x4a62d8,JZ,657,0,96,2,0x4a62d0,CMP,1,NonLeaf,eax(-1) ,rflags ,MOV,3,CMP,5,CALL_NEAR,5,MOV,3,JZ,6,MOV,5,MOV,5,MOVZX,3,MOV,2,CALL_NEAR,5,0,1,0,0,0,RET,1,0,1,0,0,0,CALL,0,1,4874960,4875064,4874970,0,0,0,1,cpp,3.111696943279753e-09,0.0,0,0,0
0x4a62c2,JZ,3636,2979,-129,6,0x4a62bf,CMP,1,NonLeaf,rdx(-1) rbx(SUB) ,rflags ,CMP,3,SUB,3,MOVZX,4,LEA,4,JZ,2,MOV,3,CALL_NEAR,5,CMP,5,MOV,3,JZ,2,0,1,0,0,0,CALL,0,1,1,0,0,0,CALL,0,1,4874932,4874817,4874952,0,0,1,1,cpp,1.7220898151849595e-08,0.8193069306930693,1,0,1
0x4a62b2,JZ,3643,7,-21,2,0x4a62b0,TEST,1,NonLeaf,eax(MOVSXD) eax(MOVSXD) ,rflags ,TEST,2,MOVSXD,4,JZ,2,TEST,2,MOV,3,LEA,4,MOVZX,4,SUB,3,CMP,3,JZ,6,1,1,0,0,0,JE,0,0,1,0,0,0,JE,0,0,4874924,4874909,4874932,0,0,0,0,cpp,1.7254051696146333e-08,0.0019214932747735,0,0,0
0x4a62aa,JZ,3643,1,118,2,0x4a62a8,TEST,1,NonLeaf,eax(MOV) eax(MOV) ,rflags ,TEST,2,MOV,3,LEA,5,MOV,3,MOV,3,MOVSXD,4,TEST,2,JZ,2,LEA,4,MOVZX,4,0,1,0,0,0,MOV,1,0,0,0,1,1,JE,0,0,4874909,4875040,4874924,0,0,0,0,cpp,1.7254051696146333e-08,0.0002744990392533,0,0,0
0x4a6294,JNB,3636,3633,6,2,0x4a6290,CMP,1,NonLeaf,rax(-1) r13(-1) ,rflags ,CMP,4,ADD,6,JZ,2,TEST,3,MOV,3,MOV,4,MOV,3,MOV,3,LEA,5,MOV,3,0,1,1,0,0,MOV,0,0,1,0,0,0,MOV,0,0,4874890,4874906,4874902,0,0,0,1,cpp,1.7220898151849595e-08,0.9991749174917492,1,0,1
0x4a6288,JZ,3636,0,21,2,0x4a6285,TEST,1,NonLeaf,rsi(SUB) rax(MOV) ,rflags ,TEST,3,MOV,3,MOV,5,SUB,4,SHL,3,ADD,6,CMP,4,JNB,2,MOV,4,MOV,3,0,0,1,0,0,JE,0,0,1,0,0,0,JAE,0,0,4874877,4874909,4874890,0,0,0,1,cpp,1.7220898151849595e-08,0.0,0,0,0
0x4a6267,JNBE,3636,0,22,2,0x4a6263,CMP,1,NonLeaf,rax(MOV) ,rflags ,CMP,4,MOV,7,MOV,2,CALL_NEAR,5,MOV,2,LEA,8,MOV,5,SHL,3,SUB,4,MOV,5,0,1,1,0,0,JE,0,0,1,0,0,0,SUB,0,0,4874842,4874877,4874857,0,0,0,0,cpp,1.7220898151849595e-08,0.0,0,0,0
0x4a623a,JZ,656,656,7,2,0x4a6237,CMP,1,NonLeaf,r12d(-1) eax(MOVZX) ,rflags ,CMP,3,MOVZX,3,SHR,4,NOP,1,JMP,5,OR,5,MOV,4,LEA,4,MOV,3,MOV,2,0,0,1,0,0,CALL,0,1,1,0,0,0,OR,0,0,4874800,4874817,4874812,0,0,1,1,cpp,3.106960722665933e-09,1.0,1,0,1
0x4a5eb1,JZ,86364,86364,31,2,0x4a5ead,CMP,1,NonLeaf,dil(-1) ,rflags ,CMP,4,JZ,2,TEST,3,NOP,5,RET_NEAR,1,CALL_NEAR,5,NOP,8,CMP,4,JNZ,2,NOP,10,0,0,1,0,0,RET,0,0,0,0,0,0,CALL,0,1,4873901,4873936,4873907,0,0,0,1,cpp,4.090389570919523e-07,1.0,1,0,1
0x4a5eab,JZ,86364,0,37,2,0x4a5ea8,TEST,1,NonLeaf,dil(-1) dil(-1) ,rflags ,TEST,3,NOP,5,RET_NEAR,1,ADD,4,MOV,3,CMP,4,JZ,2,CALL_NEAR,5,NOP,8,CMP,4,0,0,1,0,0,RET,0,0,1,0,0,0,JE,0,0,4873896,4873936,4873901,0,0,0,0,cpp,4.090389570919523e-07,0.0,0,0,0
0x4a5e93,JBE,86364,86364,21,2,0x4a5e8d,CMP,0,NonLeaf,dil(-1) ,rflags ,JZ,2,CMP,4,AND,3,JZ,2,CMP,4,CMP,4,JNZ,2,MOV,3,ADD,4,RET_NEAR,1,0,1,0,0,0,JE,0,0,1,0,0,0,JNE,0,0,4873875,4873896,4873877,0,0,0,0,cpp,4.090389570919523e-07,1.0,1,0,1
0x4a5e91,JZ,86364,0,79,2,0x4a5e8d,CMP,1,NonLeaf,dil(AND) ,rflags ,CMP,4,AND,3,JZ,2,CMP,4,SUB,4,JBE,2,CMP,4,JNZ,2,MOV,3,ADD,4,0,1,0,0,0,RET,0,0,1,0,0,0,JBE,0,0,4873866,4873952,4873875,0,0,0,0,cpp,4.090389570919523e-07,0.0,0,0,0
0x4a5e88,JZ,86364,0,72,2,0x4a5e84,CMP,1,NonLeaf,dil(-1) ,rflags ,CMP,4,SUB,4,INVALID,0,INVALID,0,INVALID,0,AND,3,CMP,4,JZ,2,JBE,2,CMP,4,0,1,0,0,0,RET,0,0,1,0,0,0,JE,0,0,4873856,4873936,4873866,0,1,0,0,cpp,4.090389570919523e-07,0.0,0,0,0
0x4a5e38,JNZ,296,296,-35,2,0x4a5e35,CMP,1,NonLeaf,dl(MOVZX) ,rflags ,CMP,3,MOVZX,3,CALL_NEAR,5,AND,3,MOV,3,NOP,6,MOVZX,3,ADD,4,POP,1,POP,1,0,0,0,1,1,JNE,0,0,1,0,0,0,NOP,1,0,4873778,4873749,4873786,0,0,0,0,cpp,1.401921301690726e-09,1.0,1,1,1
0x4a5e18,JNZ,592,296,-24,2,0x4a5e15,CMP,1,NonLeaf,dl(-1) ,rflags ,CMP,3,JZ,2,CMP,3,ADD,4,MOVZX,3,MOVZX,3,LEA,4,XOR,2,ADD,4,MOV,3,1,1,0,0,0,JNE,0,0,1,0,0,0,CALL,0,1,4873749,4873728,4873754,0,0,0,1,cpp,2.803842603381452e-09,0.5,0,1,0
0x4a5e13,JZ,296,296,45,2,0x4a5e10,CMP,1,NonLeaf,dl(MOVZX) ,rflags ,CMP,3,ADD,4,MOVZX,3,ADD,4,JNZ,2,CMP,3,JNZ,2,MOVZX,3,LEA,4,XOR,2,0,0,0,0,0,RET,1,0,0,0,1,1,JNE,0,0,4873733,4873792,4873749,0,0,0,0,cpp,1.401921301690726e-09,1.0,1,0,1
0x4a5e03,JNZ,296,0,-105,2,0x4a5e00,CMP,1,NonLeaf,dl(-1) ,rflags ,CMP,3,NOP,8,JMP,2,JNZ,2,CMP,3,ADD,4,MOVZX,3,ADD,4,CMP,3,JZ,2,0,0,0,0,0,XOR,1,0,1,0,0,0,JE,0,0,4873728,4873626,4873733,0,0,0,0,cpp,1.401921301690726e-09,0.0,0,0,0
0x4a5df4,JNZ,657,296,33,2,0x4a5df1,CMP,1,NonLeaf,dl(MOVZX) ,rflags ,CMP,3,MOV,3,MOVZX,4,JS,2,CMP,4,JMP,2,NOP,8,CMP,3,JNZ,2,ADD,4,0,1,0,1,0,JNE,0,0,1,0,0,0,JMP,0,0,4873706,4873749,4873718,0,0,0,0,cpp,3.111696943279753e-09,0.4505327245053272,0,0,0
0x4a5de8,JS,657,0,-8,2,0x4a5de4,CMP,1,NonLeaf,rax(ADD) ,rflags ,CMP,4,ADD,4,NOP,2,LEA,4,JS,2,MOVZX,4,MOV,3,CMP,3,JNZ,2,JMP,2,1,1,1,1,1,JS,0,0,1,1,0,0,JNE,1,0,4873696,4873696,4873706,1,0,0,0,cpp,3.111696943279753e-09,0.0,0,1,0
0x4a5dc0,JZ,657,657,144,6,0x4a5dbc,CMP,1,NonLeaf,rbp(-1) ,rflags ,CMP,4,CALL_NEAR,5,LEA,5,JS,2,CMP,4,NOP,10,ADD,4,CMP,4,JS,2,LEA,4,0,1,0,0,0,JMP,1,0,1,0,0,0,NOP,0,0,4873660,4873808,4873670,0,0,0,0,cpp,3.111696943279753e-09,1.0,1,0,1
0x4a5d98,JZ,657,657,16,2,0x4a5d94,CMP,1,NonLeaf,rbp(-1) ,rflags ,CMP,4,JNBE,6,LEA,5,CMP,4,CALL_NEAR,5,XOR,2,ADD,4,POP,1,POP,1,RET_NEAR,1,0,1,0,1,0,JS,0,0,1,0,0,0,XOR,1,0,4873620,4873640,4873626,0,0,0,0,cpp,3.111696943279753e-09,1.0,1,1,1
0x4a5d8e,JNBE,657,0,203,6,0x4a5d85,CMP,1,NonLeaf,rbp(-1) ,rflags ,LEA,5,CMP,4,CALL_NEAR,5,MOV,3,SUB,4,CMP,4,JZ,2,XOR,2,ADD,4,POP,1,0,1,0,0,0,JNE,0,0,1,0,0,0,JE,0,0,4873605,4873817,4873620,0,0,0,0,cpp,3.111696943279753e-09,0.0,0,0,0
0x4a5c9d,JNS,179157,179157,5,2,0x4a5c9b,TEST,1,NonLeaf,bl(-1) bl(-1) ,rflags ,TEST,2,ADD,3,CMOVNZ,4,CMP,3,AND,3,MOV,3,MOV,4,ADD,4,POP,1,POP,1,0,0,1,0,0,RET,0,0,1,0,0,0,MOV,0,0,4873356,4873378,4873375,0,0,1,0,cpp,8.485270765101534e-07,1.0,1,0,1
0x4a5c8a,JZ,179157,0,24,2,0x4a5c87,TEST,1,NonLeaf,r8(-1) r8(-1) ,rflags ,TEST,3,LEA,4,MOV,3,NOP,4,JMP,3,MOV,2,AND,3,CMP,3,CMOVNZ,4,ADD,3,0,1,1,0,0,RET,0,0,1,0,0,0,JNS,0,0,4873351,4873378,4873356,0,1,1,0,cpp,8.485270765101534e-07,0.0,0,0,0
0x4a5c5e,JNBE,179157,0,234,6,0x4a5c5a,CMP,1,NonLeaf,dil(AND) ,rflags ,CMP,4,AND,3,JZ,6,CMP,4,SUB,4,LEA,7,MOVZX,4,MOV,3,MOVSXD,4,ADD,3,0,1,0,0,0,CALL,1,1,1,0,0,0,JMP,0,0,4873303,4873544,4873316,0,1,1,0,cpp,8.485270765101534e-07,0.0,0,0,0
0x4a5c51,JZ,179157,0,255,6,0x4a5c4d,CMP,1,NonLeaf,dil(-1) ,rflags ,CMP,4,SUB,4,MOV,2,PUSH,1,PUSH,1,AND,3,CMP,4,JNBE,6,LEA,7,MOVZX,4,0,1,0,0,0,RET,1,0,1,0,0,0,JA,0,0,4873280,4873552,4873303,0,1,1,0,cpp,8.485270765101534e-07,0.0,0,0,0
0x4a5be9,JZ,7272,7272,39,2,0x4a5be5,CMP,1,NonLeaf,dil(-1) ,rflags ,CMP,4,JBE,2,JZ,2,CMP,4,AND,3,CMP,4,NOP,1,JNZ,2,MOV,5,ADD,4,0,0,0,0,0,RET,0,0,1,0,0,0,JNE,0,0,4873189,4873232,4873195,0,0,0,0,cpp,3.4441796303699196e-08,1.0,1,0,1
0x4a5be3,JBE,7272,0,29,2,0x4a5bdd,CMP,0,NonLeaf,dil(-1) ,rflags ,JZ,2,CMP,4,AND,3,JZ,2,CMP,4,CMP,4,JZ,2,CMP,4,NOP,1,JNZ,2,0,1,0,0,0,JE,0,0,1,0,0,0,JE,0,0,4873187,4873216,4873189,0,0,0,0,cpp,3.4441796303699196e-08,0.0,0,0,0
0x4a5be1,JZ,7272,0,63,2,0x4a5bdd,CMP,1,NonLeaf,dil(AND) ,rflags ,CMP,4,AND,3,JZ,2,CMP,4,SUB,4,JBE,2,CMP,4,JZ,2,CMP,4,NOP,1,0,1,0,0,0,RET,0,0,1,0,0,0,JBE,0,0,4873178,4873248,4873187,0,0,0,0,cpp,3.4441796303699196e-08,0.0,0,0,0
0x4a5bd8,JZ,7272,0,88,2,0x4a5bd4,CMP,1,NonLeaf,dil(-1) ,rflags ,CMP,4,SUB,4,INVALID,0,INVALID,0,INVALID,0,AND,3,CMP,4,JZ,2,JBE,2,CMP,4,0,1,0,0,0,RET,0,0,1,0,0,0,JE,0,0,4873168,4873264,4873178,0,1,0,0,cpp,3.4441796303699196e-08,0.0,0,0,0
0x4a5bb4,JNZ,3554,3553,-44,2,0x4a5bb1,SUB,1,NonLeaf,ebx(SUB) ,ebx rflags ,SUB,3,CALL_NEAR,5,MOV,3,MOV,4,MOV,5,ADD,4,POP,1,POP,1,POP,2,POP,2,0,0,0,1,1,CALL,0,1,0,1,0,0,RET,1,0,4873137,4873096,4873142,0,0,1,0,cpp,1.683252806151635e-08,0.9997186268992684,1,1,1
0x4a5b81,JLE,1,0,53,2,0x4a5b7a,TEST,1,NonLeaf,ebx(SUB) ebx(SUB) ,rflags ,LEA,5,TEST,2,MOVSXD,3,SUB,3,MOV,4,NOP,5,MOV,4,MOV,5,MOV,3,XOR,2,0,1,1,0,0,RET,0,0,1,0,0,0,NOP,0,0,4873072,4873142,4873091,0,0,0,0,cpp,4.736220613820021e-12,0.0,0,0,0
0x4a5b6e,JNS,1777,1776,-22,2,0x4a5b6b,SUB,1,NonLeaf,ebx(SUB) ,ebx rflags ,SUB,3,CALL_NEAR,5,MOV,3,MOV,3,MOV,3,MOV,4,SUB,3,MOVSXD,3,TEST,2,LEA,5,0,0,0,1,1,CALL,0,1,0,1,0,0,JLE,1,0,4873067,4873048,4873072,0,0,1,0,cpp,8.416264030758176e-09,0.9994372537985368,1,1,1
0x4a5b51,JS,1,0,31,2,0x4a5b4e,SUB,1,NonLeaf,ebx(SUB) ,ebx rflags ,SUB,3,MOV,2,MOV,2,SHR,3,MOV,5,NOP,5,MOV,2,MOV,3,MOV,3,MOV,3,0,1,1,0,0,JLE,0,0,1,0,0,0,NOP,0,0,4872992,4873072,4873043,0,0,0,0,cpp,4.736220613820021e-12,0.0,0,0,0
0x4a5afd,JNS,37401,18773,-118,2,0x4a5af2,TEST,1,NonLeaf,eax(-1) eax(-1) ,rflags ,MOV,4,MOV,5,TEST,2,CALL_NEAR,3,MOV,4,LEA,4,MOV,3,JMP,5,NOP,5,ADD,4,0,0,1,0,0,CALL,0,1,1,0,0,0,JMP,0,0,4872946,4872839,4872959,0,0,1,0,cpp,1.7713938717748258e-07,0.5019384508435604,1,0,1
0x4a5ac3,JLE,37486,85,-67,2,0x4a5ac0,CMP,1,NonLeaf,r13d(-1) r15d(LEA) ,rflags ,CMP,3,LEA,4,MOV,2,MOV,2,JLE,2,MOVSXD,3,MOV,4,MOV,5,ADD,4,LEA,8,1,1,0,0,0,LEA,0,0,1,0,0,0,CALL,0,1,4872892,4872832,4872901,0,0,0,1,cpp,1.775419659296573e-07,0.0022675132049298,0,0,0
0x4a5ab6,JLE,37032,4876,90,2,0x4a5ab3,CMP,1,NonLeaf,r13d(-1) eax(LEA) ,rflags ,CMP,3,LEA,4,MOV,4,MOV,3,MOV,4,MOV,2,MOV,2,LEA,4,CMP,3,JLE,2,0,0,1,0,0,RET,1,0,1,0,0,0,MOV,0,0,4872865,4872976,4872888,0,0,0,0,cpp,1.75391721770983e-07,0.1316699071073666,0,0,0
0x4a5a9f,JNS,37486,454,113,2,0x4a5a9d,TEST,1,NonLeaf,eax(-1) eax(-1) ,rflags ,TEST,2,CALL_NEAR,3,MOV,3,LEA,4,MOV,5,MOV,3,MOV,4,MOV,3,MOV,4,LEA,4,0,0,1,0,0,RET,1,0,1,0,0,0,JLE,0,0,4872861,4872976,4872865,0,0,0,1,cpp,1.775419659296573e-07,0.0121111881769193,0,0,0
0x4a5a73,JL,5331,5330,73,2,0x4a5a6b,CMP,1,NonLeaf,ebx(LEA) r8d(-1) ,rflags ,MOV,5,CMP,3,SUB,4,LEA,4,PUSH,1,JMP,5,NOP,6,MOVSXD,3,LEA,4,MOVSXD,3,0,1,0,1,0,JLE,0,0,1,0,0,0,JMP,0,0,4872784,4872892,4872821,0,0,0,0,cpp,2.5248792092274532e-08,0.9998124179328456,1,0,1
0x4a5a14,JZ,657,0,15,2,0x4a5a11,AND,1,Leaf,edi(AND) ,edi rflags ,AND,3,JNBE,2,CMP,3,JS,2,TEST,3,MOV,7,SHL,3,OR,3,MOV,3,RET_NEAR,1,0,0,1,0,0,RET,0,0,1,0,0,0,OR,0,0,4872721,4872739,4872726,0,0,1,0,cpp,3.111696943279753e-09,0.0,0,0,0
0x4a5a0f,JNBE,657,0,20,2,0x4a5a0c,CMP,1,Leaf,ecx(-1) ,rflags ,CMP,3,JS,2,TEST,3,OR,3,ADD,3,AND,3,JZ,2,MOV,7,SHL,3,OR,3,0,1,1,0,0,RET,0,0,1,0,0,0,JE,0,0,4872716,4872739,4872721,0,0,1,0,cpp,3.111696943279753e-09,0.0,0,0,0
0x4a5a0a,JS,657,0,-26,2,0x4a5a07,TEST,1,Leaf,dil(MOVZX) dil(MOVZX) ,rflags ,TEST,3,OR,3,ADD,3,SHL,3,AND,3,CMP,3,JNBE,2,AND,3,JZ,2,MOV,7,1,1,1,1,1,JS,0,0,1,1,0,0,JA,1,0,4872688,4872688,4872716,0,0,0,0,cpp,3.111696943279753e-09,0.0,0,1,0
0x4a5927,JZ,1,0,17,2,0x4a5924,TEST,1,Leaf,rax(MOV) rax(MOV) ,rflags ,TEST,3,MOV,4,INVALID,0,INVALID,0,INVALID,0,MOV,3,MOV,5,JMP,2,NOP,5,RET_NEAR,2,0,1,0,0,0,REPZ RET,0,0,1,0,0,0,JMP,0,0,4872480,4872504,4872489,0,0,0,0,cpp,4.736220613820021e-12,0.0,0,0,0
0x4a57ca,JZ,1,1,18,2,0x4a57c7,CMP,1,NonLeaf,eax(-1) ,rflags ,CMP,3,CALL_NEAR,5,JNZ,2,MOV,3,MOV,3,NOP,4,CALL_NEAR,5,CALL_NEAR,5,JMP,2,MOV,3,0,1,1,0,0,CALL,0,1,1,0,0,0,CALL,0,1,4872135,4872156,4872140,0,0,1,1,cpp,4.736220613820021e-12,1.0,1,0,1
0x4a57c0,JNZ,1,0,21,2,0x4a57a7,CMP,0,NonLeaf,r13(-1) ,rflags ,MOV,3,MOV,3,MOVSQ,3,MOV,3,MOV,3,CALL_NEAR,5,CMP,3,JZ,2,NOP,4,CALL_NEAR,5,0,1,0,0,0,CALL,0,1,1,0,0,0,CALL,0,1,4872122,4872149,4872130,0,0,1,1,cpp,4.736220613820021e-12,0.0,0,0,0
0x4a562d,JNZ,1,0,-96,2,0x4a562a,CMP,1,NonLeaf,eax(-1) ,rflags ,CMP,3,CALL_NEAR,5,MOV,4,SUB,3,MOV,3,MOV,3,MOV,3,CALL_NEAR,5,MOV,7,MOV,7,0,0,0,0,0,RET,0,0,1,0,0,0,CALL,0,1,4871722,4871629,4871727,0,0,0,1,cpp,4.736220613820021e-12,0.0,0,0,0
0x4a55c6,JNZ,3,3,-70,2,0x4a55c3,CMP,1,NonLeaf,eax(-1) ,rflags ,CMP,3,CALL_NEAR,5,MOV,3,MOV,3,CALL_NEAR,5,MOV,5,MOV,4,MOV,4,MOV,4,MOV,4,0,1,0,0,0,JNE,0,0,1,0,0,0,MOV,1,0,4871619,4871552,4871624,0,0,0,0,cpp,1.420866184146006e-11,1.0,1,1,1
0x4a55ab,JNZ,1,0,61,2,0x4a55a8,CMP,1,NonLeaf,eax(-1) ,rflags ,CMP,3,JZ,2,CMP,3,CALL_NEAR,2,MOV,5,MOV,3,MOV,3,CALL_NEAR,5,MOV,3,MOV,3,0,0,0,0,0,JMP,1,0,0,0,0,0,CALL,0,1,4871592,4871656,4871597,0,0,0,1,cpp,4.736220613820021e-12,0.0,0,0,0
0x4a55a6,JZ,2,1,74,2,0x4a55a3,CMP,1,NonLeaf,eax(-1) ,rflags ,CMP,3,CALL_NEAR,2,MOV,5,MOV,5,MOV,4,CMP,3,JNZ,2,MOV,3,MOV,3,CALL_NEAR,5,0,1,0,0,0,MOV,1,0,1,0,0,0,JNE,0,0,4871587,4871664,4871592,0,0,1,0,cpp,9.47244122764004e-12,0.5,0,0,0
0x4a558b,JZ,3,1,34,2,0x4a5588,TEST,1,NonLeaf,rax(MOV) rax(MOV) ,rflags ,TEST,3,MOV,4,JNZ,2,TEST,2,NOP,2,MOV,3,MOV,3,MOV,4,MOV,5,MOV,5,0,1,0,0,0,CALL,0,1,1,0,0,0,CALL,0,1,4871556,4871597,4871565,0,0,1,1,cpp,1.420866184146006e-11,0.3333333333333333,0,0,0
0x4a5348,JZ,4,4,-24,2,0x4a5340,CMP,1,NonLeaf,rdi(-1) rsi(-1) ,rflags ,CMP,8,NOP,2,CALL_NEAR,5,JZ,2,MOV,4,MOV,4,ADD,4,RET_NEAR,1,NOP,5,MOV,3,0,0,0,0,0,JE,0,0,1,0,0,0,RET,0,0,4870976,4870960,4870986,0,0,0,1,cpp,1.894488245528008e-11,1.0,1,0,1
0x4a5337,JZ,4,4,33,2,0x4a5330,CMP,1,NonLeaf,eax(-1) ,rflags ,MOV,4,CMP,3,JNZ,2,MOVZX,4,MOVSXD,3,CALL_NEAR,5,NOP,2,CMP,8,JZ,2,MOV,4,0,1,0,0,0,RET,0,0,0,0,0,0,CALL,0,1,4870960,4871000,4870969,0,0,1,1,cpp,1.894488245528008e-11,1.0,1,0,1
0x4a532e,JNZ,4,4,18,2,0x4a5319,TEST,1,NonLeaf,rdi(-1) ,rflags ,MOVZX,4,MOVSXD,3,LEA,7,TEST,7,JNLE,2,CMP,3,MOV,4,JZ,2,CALL_NEAR,5,NOP,2,0,0,0,0,0,JE,0,0,0,0,0,0,JE,0,0,4870937,4870976,4870960,0,0,0,0,cpp,1.894488245528008e-11,1.0,1,0,1
0x4a5317,JNLE,4,0,34,2,0x4a5314,CMP,1,NonLeaf,esi(-1) ,rflags ,CMP,3,SUB,4,INVALID,0,INVALID,0,INVALID,0,TEST,7,LEA,7,MOVSXD,3,MOVZX,4,JNZ,2,0,1,0,0,0,CALL,0,1,1,0,0,0,JNE,0,0,4870928,4870969,4870937,0,1,1,0,cpp,1.894488245528008e-11,0.0,0,0,0
0x4a527c,JNZ,2,0,-224,6,0x4a5279,CMP,1,NonLeaf,eax(-1) ,rflags ,CMP,3,JNZ,2,CMP,7,JZ,2,MOV,4,MOV,3,JMP,2,MOV,3,SUB,8,ADD,7,0,0,0,0,0,CALL,0,1,1,0,0,0,JMP,0,0,4870777,4870556,4870786,0,0,1,0,cpp,9.47244122764004e-12,0.0,0,0,0
0x4a5277,JNZ,2,0,16,2,0x4a5270,CMP,1,NonLeaf,rbp(-1) ,rflags ,CMP,7,JZ,2,MOV,4,MOVZX,7,TEST,7,CMP,3,JNZ,6,MOV,3,JMP,2,MOV,3,0,1,0,0,0,MOV,0,0,0,0,0,0,JNE,0,0,4870768,4870791,4870777,0,0,0,0,cpp,9.47244122764004e-12,0.0,0,0,0
0x4a526e,JZ,2,0,11,2,0x4a525c,TEST,1,NonLeaf,rbp(-1) ,rflags ,MOV,4,MOVZX,7,TEST,7,RET_NEAR,1,POP,2,CMP,7,JNZ,2,CMP,3,JNZ,6,MOV,3,0,1,0,0,0,JNE,0,0,1,0,0,0,JNE,0,0,4870748,4870777,4870768,0,0,0,0,cpp,9.47244122764004e-12,0.0,0,0,0
0x4a5251,JZ,2,2,-55,2,0x4a5248,CMP,1,NonLeaf,r12(-1) ,rflags ,CMP,9,NOP,5,JMP,2,JNZ,6,CMP,4,ADD,4,POP,1,POP,1,POP,2,RET_NEAR,1,0,0,0,0,0,JE,0,0,1,0,0,0,RET,0,0,4870728,4870682,4870739,0,0,0,0,cpp,9.47244122764004e-12,1.0,1,0,1
0x4a5220,JZ,2,2,60,2,0x4a521a,CMP,1,NonLeaf,r12(-1) ,rflags ,CMP,6,JNZ,2,TEST,9,XOR,2,JNZ,6,ADD,4,POP,1,POP,1,POP,2,RET_NEAR,1,0,1,0,0,0,JE,0,0,1,0,0,0,RET,0,0,4870682,4870748,4870690,0,0,0,0,cpp,9.47244122764004e-12,1.0,1,0,1
0x4a5218,JNZ,2,2,48,2,0x4a520f,TEST,1,NonLeaf,r12(-1) ,rflags ,TEST,9,XOR,2,JNZ,6,CMP,4,ADD,4,CMP,6,JZ,2,ADD,4,POP,1,POP,1,0,1,0,0,0,JE,0,0,1,0,0,0,JE,0,0,4870669,4870728,4870682,0,0,0,0,cpp,9.47244122764004e-12,1.0,1,0,1
0x4a5207,JNZ,34,32,-159,6,0x4a5203,CMP,1,NonLeaf,rbx(ADD) ,rflags ,CMP,4,ADD,4,CALL_NEAR,5,MOVZX,4,LEA,7,XOR,2,TEST,9,JNZ,2,CMP,6,JZ,2,0,0,0,1,1,JNE,0,0,0,1,0,0,JNE,1,0,4870655,4870504,4870669,0,0,0,0,cpp,1.6103150086988068e-10,0.9411764705882352,1,1,1
0x4a51ed,JZ,18,11,18,2,0x4a51ea,CMP,1,NonLeaf,rsi(-1) rdi(-1) ,rflags ,CMP,3,JZ,2,TEST,3,JZ,2,TEST,3,LEA,7,MOVZX,4,CALL_NEAR,5,ADD,4,CMP,4,0,0,1,0,0,JNE,0,0,1,0,0,0,CALL,0,1,4870634,4870655,4870639,0,0,0,1,cpp,8.525197104876037e-11,0.6111111111111112,1,0,1
0x4a51e8,JZ,20,2,23,2,0x4a51e5,TEST,1,NonLeaf,rdi(-1) rdi(-1) ,rflags ,TEST,3,JZ,2,TEST,3,NOP,7,JMP,2,CMP,3,JZ,2,LEA,7,MOVZX,4,CALL_NEAR,5,0,0,1,0,0,JNE,0,0,1,0,0,0,JE,0,0,4870629,4870655,4870634,0,0,0,0,cpp,9.47244122764004e-11,0.1,0,0,0
0x4a51e3,JZ,34,14,28,2,0x4a51e0,TEST,1,NonLeaf,rsi(-1) rsi(-1) ,rflags ,TEST,3,NOP,7,JMP,2,MOV,4,MOV,7,TEST,3,JZ,2,CMP,3,JZ,2,LEA,7,0,0,1,0,0,JNE,0,0,1,0,0,0,JE,0,0,4870624,4870655,4870629,0,0,0,0,cpp,1.6103150086988068e-10,0.4117647058823529,0,0,0
0x4a51ca,JZ,2,0,9,2,0x4a51bf,TEST,1,NonLeaf,rbp(-1) ,rflags ,MOV,4,TEST,7,JNZ,2,MOV,7,CMP,7,MOV,7,MOV,4,JMP,2,NOP,7,TEST,3,0,1,1,0,0,JMP,0,0,1,0,0,0,MOV,0,0,4870591,4870611,4870604,0,0,1,1,cpp,9.47244122764004e-12,0.0,0,0,0
0x4a51bd,JNZ,2,0,-33,2,0x4a51af,CMP,1,NonLeaf,rip(JNZ) ,rflags ,MOV,7,CMP,7,JNZ,2,CMP,5,NOP,7,TEST,7,MOV,4,JZ,2,MOV,7,MOV,4,0,0,0,0,0,CALL,0,1,1,0,0,0,JE,0,0,4870575,4870556,4870591,0,0,1,1,cpp,9.47244122764004e-12,0.0,0,0,0
0x4a5184,JZ,34,34,92,2,0x4a517c,CMP,1,NonLeaf,rbp(-1) rbx(-1) ,rflags ,CMP,8,JNZ,2,MOV,5,MOV,4,CMP,9,TEST,3,JZ,2,LEA,7,CMP,4,JZ,6,0,1,0,0,0,JE,0,0,1,0,0,0,JE,0,0,4870524,4870624,4870534,0,0,0,0,cpp,1.6103150086988068e-10,1.0,1,0,1
0x4a515e,JZ,2,2,74,2,0x4a5157,CMP,1,NonLeaf,rsi(-1) ,rflags ,CMP,7,JZ,2,TEST,7,SUB,4,PUSH,1,XOR,2,NOP,6,CMP,9,MOV,4,MOV,5,0,0,0,0,0,JNE,0,0,0,1,0,0,NOP,0,0,4870487,4870568,4870496,0,0,0,0,cpp,9.47244122764004e-12,1.0,1,0,1
0x4a5155,JZ,2,0,83,2,0x4a514e,TEST,1,NonLeaf,rsi(-1) ,rflags ,TEST,7,SUB,4,PUSH,1,MOV,3,PUSH,1,CMP,7,JZ,2,XOR,2,NOP,6,CMP,9,0,1,0,0,0,JNE,0,0,1,0,0,0,JE,0,0,4870464,4870568,4870487,0,0,0,0,cpp,9.47244122764004e-12,0.0,0,0,0
0x4a501d,JZ,4,4,-109,2,0x4a501b,TEST,1,NonLeaf,eax(-1) eax(-1) ,rflags ,TEST,2,SHL,3,SETZ,4,CMP,5,SUB,3,ADD,7,MOV,5,POP,1,POP,1,POP,2,0,1,0,0,0,JE,0,0,1,0,0,0,RET,1,0,4870138,4870064,4870175,0,0,0,0,cpp,1.894488245528008e-11,1.0,1,0,1
0x4a4fe0,JNZ,2,0,107,2,0x4a4fdd,TEST,1,NonLeaf,ebp(-1) ebp(-1) ,rflags ,NOP,1,TEST,2,JNZ,2,CMP,3,JZ,2,MOV,3,MOV,3,CALL_NEAR,5,MOV,3,MOV,3,0,1,0,0,0,CALL,1,1,1,0,0,0,CALL,0,1,4870109,4870219,4870114,0,0,1,1,cpp,9.47244122764004e-12,0.0,0,0,0
0x4a4fd6,JZ,3,2,98,2,0x4a4fd3,CMP,1,NonLeaf,eax(-1) ,rflags ,CMP,3,CALL_NEAR,2,MOV,5,MOV,4,OR,3,CMP,3,JNZ,2,TEST,2,NOP,1,JNZ,2,0,1,0,0,0,RET,1,0,1,0,0,0,JNE,0,0,4870099,4870200,4870104,0,0,0,0,cpp,1.420866184146006e-11,0.6666666666666666,1,0,1
0x4a4fbb,JZ,4,1,34,2,0x4a4fb8,TEST,1,NonLeaf,rax(MOV) rax(MOV) ,rflags ,TEST,3,MOV,8,NOP,8,JMP,2,MOV,3,MOV,2,MOV,3,MOV,3,OR,3,MOV,4,0,1,0,0,0,JNE,0,0,1,0,0,0,CALL,0,1,4870064,4870109,4870077,0,0,0,1,cpp,1.894488245528008e-11,0.25,0,0,0
0x4a4f52,JZ,4,4,14,2,0x4a4f4f,CMP,1,NonLeaf,edx(-1) ,rflags ,CMP,3,JNZ,2,CMP,8,JZ,2,MOVZX,4,CALL_NEAR,5,NOP,7,MOV,3,MOV,7,ADD,4,0,0,1,0,0,MOV,0,0,0,0,0,0,CALL,0,1,4869967,4869984,4869972,0,0,0,1,cpp,1.894488245528008e-11,1.0,1,0,1
0x4a4f4d,JNZ,4,0,22,2,0x4a4f45,CMP,1,NonLeaf,rbx(-1) rax(-1) ,rflags ,CMP,8,JZ,2,MOVZX,4,MOV,4,CDQE,2,CMP,3,JZ,2,CALL_NEAR,5,NOP,7,MOV,3,0,0,1,0,0,RET,0,0,0,0,0,0,JE,0,0,4869957,4869987,4869967,1,0,1,0,cpp,1.894488245528008e-11,0.0,0,0,0
0x4a4f43,JZ,4,0,12,2,0x4a4f2b,TEST,1,NonLeaf,rbx(-1) ,rflags ,MOVZX,4,MOV,4,CDQE,2,LEA,7,TEST,7,CMP,8,JNZ,2,CMP,3,JZ,2,CALL_NEAR,5,0,1,0,0,0,JE,0,0,1,0,0,0,JNE,0,0,4869931,4869967,4869957,0,0,0,0,cpp,1.894488245528008e-11,0.0,0,0,0
0x4a4f29,JNLE,4,0,43,2,0x4a4f26,CMP,1,NonLeaf,eax(-1) ,rflags ,CMP,3,JZ,2,CMP,5,SHL,4,MOV,3,TEST,7,LEA,7,CDQE,2,MOV,4,MOVZX,4,0,1,0,0,0,CALL,0,1,1,0,0,0,JE,0,0,4869926,4869972,4869931,0,1,1,0,cpp,1.894488245528008e-11,0.0,0,0,0
0x4a4f24,JZ,4,0,84,2,0x4a4f1f,CMP,1,NonLeaf,rbp(-1) rdx(SHL) ,rflags ,CMP,5,SHL,4,MOV,3,MOV,7,CALL_NEAR,5,CMP,3,JNLE,2,TEST,7,LEA,7,CDQE,2,0,1,0,0,0,RET,0,0,1,0,0,0,JG,0,0,4869905,4870008,4869926,0,0,1,0,cpp,1.894488245528008e-11,0.0,0,0,0
0x4a4e5f,JZ,2,0,9,2,0x4a4e54,TEST,1,NonLeaf,rbx(-1) ,rflags ,MOV,4,TEST,7,JNZ,6,MOV,7,MOV,7,MOV,7,MOV,4,MOV,3,MOV,3,MOV,11,0,1,1,0,0,CALL,0,1,1,0,0,0,MOV,0,0,4869716,4869736,4869729,0,0,1,1,cpp,9.47244122764004e-12,0.0,0,0,0
0x4a4e4e,JNZ,1,0,-134,6,0x4a4dd7,CMP,1,NonLeaf,rip(JNZ) ,rflags ,MOV,7,MOV,7,MOV,7,MOV,7,MOV,7,TEST,7,MOV,4,JZ,2,MOV,7,MOV,4,0,0,0,0,0,CALL,0,1,0,1,0,0,JE,0,0,4869584,4869576,4869716,0,0,1,1,cpp,4.736220613820021e-12,0.0,0,0,0
0x4a4dc2,JZ,1,1,146,6,0x4a4dbb,CMP,1,NonLeaf,rip(JZ) ,rflags ,CMP,7,JZ,2,CMP,7,JZ,2,TEST,2,CALL_NEAR,5,NOP,3,MOV,7,CMP,7,MOV,7,0,0,1,0,0,JE,0,0,0,0,0,0,CALL,0,1,4869563,4869716,4869576,0,0,1,1,cpp,4.736220613820021e-12,1.0,1,1,1
0x4a4db9,JZ,2,1,23,2,0x4a4db2,CMP,1,NonLeaf,rip(JZ) ,rflags ,CMP,7,JZ,2,TEST,2,CALL_NEAR,5,LEA,7,CMP,7,JZ,6,CALL_NEAR,5,NOP,3,MOV,7,0,0,0,0,0,JNE,0,0,0,0,0,0,JE,0,0,4869554,4869584,4869563,0,0,1,0,cpp,9.47244122764004e-12,0.5,0,0,0
0x4a4d99,JZ,2,2,25,2,0x4a4d91,CMP,1,NonLeaf,rip(JZ) ,rflags ,CMP,8,JNZ,2,TEST,2,CALL_NEAR,5,MOV,3,LEA,7,LEA,7,CALL_NEAR,5,TEST,2,JZ,2,0,1,0,0,0,JE,0,0,1,0,0,0,CALL,0,1,4869521,4869554,4869531,0,0,0,1,cpp,9.47244122764004e-12,1.0,1,0,1
0x4a4d8f,JNZ,2,0,57,2,0x4a4d8d,TEST,1,NonLeaf,eax(-1) eax(-1) ,rflags ,TEST,2,CALL_NEAR,5,MOV,3,MOV,3,MOV,7,CMP,8,JZ,2,LEA,7,LEA,7,CALL_NEAR,5,0,1,0,0,0,CALL,0,1,1,0,0,0,JE,0,0,4869517,4869576,4869521,0,0,1,0,cpp,9.47244122764004e-12,0.0,0,0,0
0x4a4d60,JZ,2,2,5,2,0x4a4d5c,AND,1,NonLeaf,r9d(AND) ,r9d rflags ,AND,4,MOV,4,ADD,4,XOR,2,JZ,2,MOV,3,LEA,5,MOV,10,MOV,7,MOV,7,0,1,1,0,0,CALL,0,1,1,0,0,0,MOV,0,0,4869468,4869477,4869474,0,0,1,1,cpp,9.47244122764004e-12,1.0,1,0,1
0x4a4d50,JZ,2,2,12,2,0x4a4d4c,TEST,1,NonLeaf,r9b(-1) ,rflags ,TEST,4,ADD,4,MOV,6,JZ,2,STOSQ,3,XOR,2,ADD,4,MOV,4,AND,4,JZ,2,0,1,1,0,0,JE,0,0,1,0,0,0,MOV,0,0,4869452,4869468,4869458,1,0,0,1,cpp,9.47244122764004e-12,1.0,1,0,1
0x4a4d40,JZ,2,2,12,2,0x4a4d39,TEST,0,NonLeaf,r9b(-1) ,rflags ,STOSQ,3,TEST,4,SHR,3,XOR,2,MOV,3,MOV,6,ADD,4,TEST,4,JZ,2,XOR,2,0,1,1,0,0,JE,0,0,1,0,0,0,ADD,0,0,4869440,4869452,4869442,0,0,0,1,cpp,9.47244122764004e-12,1.0,1,0,1
0x4a4d2b,JNZ,2,0,389,6,0x4a4d27,TEST,1,NonLeaf,dil(-1) ,rflags ,TEST,4,JNZ,6,TEST,4,JNZ,6,MOV,8,MOV,3,XOR,2,SHR,3,TEST,4,STOSQ,3,0,1,0,0,0,JMP,0,0,1,1,0,0,TEST,0,0,4869415,4869808,4869425,1,0,1,0,cpp,9.47244122764004e-12,0.0,0,0,0
0x4a4d21,JNZ,2,0,447,6,0x4a4d1d,TEST,1,NonLeaf,dil(-1) ,rflags ,TEST,4,JNZ,6,MOV,8,TEST,3,SUB,7,TEST,4,JNZ,6,MOV,3,XOR,2,SHR,3,0,0,0,0,0,JMP,0,0,0,1,0,0,JNE,0,0,4869405,4869856,4869415,1,0,1,0,cpp,9.47244122764004e-12,0.0,0,0,0
0x4a4d17,JNZ,2,0,433,6,0x4a4d0c,TEST,1,NonLeaf,bl(MOV) ,rflags ,MOV,8,TEST,3,SUB,7,MOV,3,PUSH,1,TEST,4,JNZ,6,TEST,4,JNZ,6,MOV,3,0,1,0,0,0,JE,0,0,1,0,0,0,JNE,0,0,4869360,4869832,4869405,0,0,1,0,cpp,9.47244122764004e-12,0.0,0,0,0
0x4a4cd3,JZ,4,0,10,2,0x4a4cc6,TEST,1,NonLeaf,rsp(-1) ,rflags ,MOV,5,TEST,8,JMP,5,OR,7,MOV,10,MOV,8,LEA,5,MOV,5,JMP,5,INVALID,0,0,1,1,0,0,JMP,0,0,1,0,0,0,MOV,0,0,4869318,4869341,4869333,0,0,1,1,cpp,1.894488245528008e-11,0.0,0,0,0
0x4a4c9b,JNZ,6,0,-555,6,0x4a4c98,CMP,1,NonLeaf,edx(-1) ,rflags ,CMP,3,NOP,7,JMP,5,ADD,7,MOV,5,MOV,3,JMP,2,NOP,10,MOV,10,OR,7,0,0,0,0,0,CALL,0,1,1,0,0,0,JMP,0,0,4869272,4868720,4869281,0,0,1,0,cpp,2.8417323682920123e-11,0.0,0,0,0
0x4a4c7e,JZ,6,6,26,2,0x4a4c76,CMP,1,NonLeaf,rsp(-1) rax(-1) ,rflags ,CMP,8,JZ,2,MOVZX,4,MOV,5,MOV,5,MOV,5,ADD,7,JMP,5,NOP,7,CMP,3,0,0,0,0,0,JNE,0,0,0,0,0,0,JMP,0,0,4869238,4869272,4869248,0,0,0,0,cpp,2.8417323682920123e-11,1.0,1,0,1
0x4a4c74,JZ,6,0,36,2,0x4a4c55,TEST,1,NonLeaf,rsp(-1) ,rflags ,MOVZX,4,MOV,5,MOV,5,CDQE,2,LEA,7,CMP,8,JZ,2,MOV,5,ADD,7,JMP,5,0,1,0,0,0,JNE,0,0,1,0,0,0,JE,0,0,4869205,4869272,4869238,0,0,0,0,cpp,2.8417323682920123e-11,0.0,0,0,0
0x4a4c4f,JNLE,6,0,-479,6,0x4a4c4c,CMP,1,NonLeaf,eax(MOV) ,rflags ,CMP,3,MOV,7,MOV,5,JMP,5,MOV,3,TEST,8,LEA,7,CDQE,2,MOV,5,MOV,5,0,0,0,0,0,CALL,0,1,1,0,0,0,JE,0,0,4869184,4868720,4869205,0,1,1,1,cpp,2.8417323682920123e-11,0.0,0,0,0
0x4a4bef,JZ,32,0,-356,6,0x4a4be8,TEST,1,NonLeaf,rsi(MOV) rcx(MOV) ,rflags ,TEST,7,ADD,4,MOV,10,MOV,5,MOV,5,JMP,5,NOP,6,CMP,3,JNLE,6,MOV,5,0,0,1,0,0,MOV,0,0,1,0,0,0,JMP,0,0,4869072,4868747,4869109,0,0,1,0,cpp,1.5155905964224063e-10,0.0,0,0,0
0x4a4ab5,JNZ,6,0,507,6,0x4a4aae,CMP,1,NonLeaf,rax(MOV) ,rflags ,CMP,7,MOV,5,MOV,5,JNZ,2,CMP,3,MOV,10,AND,7,ADD,7,POP,1,POP,1,0,1,0,0,0,JMP,0,0,1,0,0,0,AND,0,0,4868772,4869296,4868795,0,0,1,1,cpp,2.8417323682920123e-11,0.0,0,0,0
0x4a4a6a,JZ,4,4,604,6,0x4a4a5c,CMP,1,NonLeaf,rip(JZ) ,rflags ,MOV,7,CMP,7,JNZ,6,CMP,6,NOP,8,CALL_NEAR,5,NOP,3,MOV,5,ADD,4,CMP,4,0,1,0,0,0,JE,0,0,0,0,0,0,CALL,1,1,4868700,4869318,4868720,0,0,1,1,cpp,1.894488245528008e-11,1.0,1,0,1
0x4a4a56,JNZ,6,2,-236,6,0x4a4a50,CMP,1,NonLeaf,rsp(-1) ,rflags ,CMP,6,NOP,8,JMP,2,ADD,3,MOVSXD,4,CMP,7,MOV,7,JZ,6,CALL_NEAR,5,NOP,3,0,0,0,0,0,JE,0,0,1,0,0,0,JE,0,0,4868688,4868458,4868700,0,0,0,0,cpp,2.8417323682920123e-11,0.3333333333333333,0,0,0
0x4a4a3b,JNBE,108,0,84,2,0x4a4a38,CMP,1,NonLeaf,rbx(-1) ,rflags ,CMP,3,NOP,5,MOV,3,MOV,3,MOV,3,MOV,2,MOVSXD,4,ADD,3,JMP,2,NOP,8,0,0,1,0,0,JNE,0,0,1,0,0,0,JMP,0,0,4868664,4868751,4868669,1,0,0,0,cpp,5.115118262925621e-10,0.0,0,0,0
0x4a4992,JZ,6,6,686,6,0x4a498f,CMP,1,NonLeaf,eax(MOV) ,rflags ,CMP,3,MOV,6,MOV,8,MOV,5,MOV,8,CMP,3,JNZ,6,MOV,5,XOR,2,XOR,2,0,1,0,0,0,JG,1,0,1,0,0,0,JNE,0,0,4868476,4869184,4868504,0,0,0,0,cpp,2.8417323682920123e-11,1.0,1,0,1
0x4a4972,JZ,6,0,10,2,0x4a496a,TEST,1,NonLeaf,r14(-1) ,rflags ,TEST,8,JZ,6,CMP,8,JZ,6,TEST,8,MOV,8,MOV,5,MOV,8,MOV,6,CMP,3,0,1,1,0,0,JE,0,0,1,0,0,0,MOV,0,0,4868458,4868476,4868468,0,0,1,1,cpp,2.8417323682920123e-11,0.0,0,0,0
0x4a4964,JZ,6,6,236,6,0x4a495c,CMP,1,NonLeaf,rsp(-1) ,rflags ,CMP,8,JZ,6,TEST,8,MOVSQ,3,MOV,5,TEST,8,JZ,2,MOV,8,MOV,5,MOV,8,0,0,0,0,0,JNE,0,0,0,0,0,0,JE,0,0,4868444,4868688,4868458,0,0,0,0,cpp,2.8417323682920123e-11,1.0,1,0,1
0x4a4956,JZ,6,0,250,6,0x4a494e,TEST,1,NonLeaf,rsp(-1) ,rflags ,TEST,8,MOVSQ,3,MOV,5,MOV,3,MOV,5,CMP,8,JZ,6,TEST,8,JZ,2,MOV,8,0,1,0,0,0,JNE,0,0,1,0,0,0,JE,0,0,4868430,4868688,4868444,0,0,0,0,cpp,2.8417323682920123e-11,0.0,0,0,0
0x4a4017,JZ,5,5,11,2,0x4a4015,TEST,1,NonLeaf,dl(-1) dl(-1) ,rflags ,TEST,2,JMP,5,NOP,2,MOV,3,JMP,5,CMP,3,JNZ,6,XOR,3,JMP,5,ADD,4,0,0,0,0,0,JMP,0,0,1,0,0,0,JNE,0,0,4866069,4866082,4866073,0,0,0,0,cpp,2.3681103069100102e-11,1.0,1,0,1
0x4a3f2e,JNS,5,5,10,2,0x4a3f27,TEST,1,NonLeaf,r15b(-1) r15b(-1) ,rflags ,LEA,4,TEST,3,CMOVZ,4,CMP,3,JZ,2,MOV,3,NOP,5,MOV,8,MOV,3,MOV,3,0,0,1,0,0,MOV,0,0,1,0,0,0,NOP,0,0,4865824,4865848,4865840,0,0,1,0,cpp,2.3681103069100102e-11,1.0,1,0,1
0x4a3f1e,JZ,5,0,26,2,0x4a3f1b,TEST,1,NonLeaf,rsi(-1) rsi(-1) ,rflags ,TEST,3,XOR,2,LEA,4,MOV,3,JMP,5,CMP,3,CMOVZ,4,TEST,3,LEA,4,JNS,2,0,0,1,0,0,MOV,0,0,1,0,0,0,JNS,0,0,4865817,4865848,4865824,0,0,1,0,cpp,2.3681103069100102e-11,0.0,0,0,0
0x4a3d52,JS,9,0,-26,2,0x4a3d50,TEST,1,NonLeaf,dl(MOVZX) dl(MOVZX) ,rflags ,TEST,2,OR,3,ADD,3,SHL,3,AND,3,MOV,7,ADD,3,MOVZX,4,ADD,4,JMP,5,1,1,1,1,1,JS,0,0,1,1,0,0,JMP,1,0,4865336,4865336,4865364,0,0,0,1,cpp,4.262598552438018e-11,0.0,0,1,0
0x4a3b2f,JNS,5,5,9,2,0x4a3b28,TEST,1,NonLeaf,r15b(-1) r15b(-1) ,rflags ,LEA,4,TEST,3,CMOVNZ,6,CMP,3,JZ,2,MOV,3,NOP,4,MOV,7,JMP,5,MOV,8,0,0,1,0,0,JMP,0,0,1,0,0,0,NOP,0,0,4864799,4864824,4864817,0,0,1,0,cpp,2.3681103069100102e-11,1.0,1,0,1
0x4a3b1d,JZ,5,0,27,2,0x4a3b1a,TEST,1,NonLeaf,rax(-1) rax(-1) ,rflags ,TEST,3,XOR,2,ADD,4,MOV,4,NOP,3,CMP,3,CMOVNZ,6,TEST,3,LEA,4,JNS,2,0,0,1,0,0,JMP,0,0,1,0,0,0,JNS,0,0,4864792,4864824,4864799,0,0,1,0,cpp,2.3681103069100102e-11,0.0,0,0,0
0x4a3af2,JZ,5,5,558,6,0x4a3af0,TEST,1,NonLeaf,dl(-1) dl(-1) ,rflags ,TEST,2,NOP,4,JMP,2,ADD,3,MOVSXD,4,CMP,3,JZ,6,NOP,7,CALL_NEAR,5,NOP,3,0,0,0,0,0,JMP,0,0,1,0,0,0,JE,0,0,4864752,4865312,4864760,0,0,1,0,cpp,2.3681103069100102e-11,1.0,1,0,1
0x4a3ad7,JNBE,5,0,49,2,0x4a3ad5,CMP,1,NonLeaf,al(AND) ,rflags ,CMP,2,AND,3,MOV,3,JZ,6,CMP,4,LEA,7,MOVZX,3,MOVSXD,4,ADD,3,JMP,2,0,0,0,0,0,CALL,0,1,1,0,0,0,JMP,0,0,4864719,4864776,4864729,0,1,1,0,cpp,2.3681103069100102e-11,0.0,0,0,0
0x4a3ac9,JZ,5,0,1377,6,0x4a3ac5,CMP,1,NonLeaf,r15b(-1) ,rflags ,CMP,4,MOV,8,JNZ,2,CMP,3,JZ,6,MOV,3,AND,3,CMP,2,JNBE,2,LEA,7,0,1,0,0,0,JMP,1,0,1,0,0,0,JA,0,0,4864709,4866090,4864719,0,0,0,0,cpp,2.3681103069100102e-11,0.0,0,0,0
0x4a3aa0,JBE,5,5,1397,6,0x4a3a97,CMP,0,NonLeaf,dl(-1) ,rflags ,JZ,6,CMP,3,AND,3,MOV,3,JZ,6,CMP,3,JZ,6,CMP,3,JZ,6,CMP,3,0,1,0,0,0,JE,0,0,1,0,0,0,JE,0,0,4864672,4866069,4864678,0,0,0,0,cpp,2.3681103069100102e-11,1.0,1,0,1
0x4a3a9a,JZ,5,0,1457,6,0x4a3a97,CMP,1,NonLeaf,dl(AND) ,rflags ,CMP,3,AND,3,MOV,3,JZ,6,CMP,4,JBE,6,CMP,3,JZ,6,CMP,3,JZ,6,0,1,0,0,0,JMP,0,0,1,0,0,0,JBE,0,0,4864657,4866123,4864672,0,0,0,0,cpp,2.3681103069100102e-11,0.0,0,0,0
0x4a3a8b,JZ,9,4,1208,6,0x4a3a87,CMP,1,NonLeaf,r15b(MOVZX) ,rflags ,CMP,4,MOVZX,8,LEA,4,JS,2,TEST,2,MOV,3,AND,3,CMP,3,JZ,6,JBE,6,0,0,0,0,0,MOV,1,0,1,0,0,0,JE,0,0,4864639,4865859,4864657,0,0,0,0,cpp,4.262598552438018e-11,0.4444444444444444,0,0,0
0x4a3a79,JS,9,0,-25,2,0x4a3a77,TEST,1,NonLeaf,dl(MOVZX) dl(MOVZX) ,rflags ,TEST,2,OR,3,ADD,3,SHL,3,AND,3,LEA,4,MOVZX,8,CMP,4,JZ,6,MOV,3,1,1,1,1,1,JS,0,0,1,1,0,0,LEA,0,0,4864608,4864608,4864635,0,0,0,0,cpp,4.262598552438018e-11,0.0,0,1,0
0x4a3a58,JZ,9,0,39,2,0x4a3a51,CMP,1,NonLeaf,rbp(-1) ,rflags ,CMP,7,XOR,3,ADD,3,MOV,5,JNZ,6,XOR,2,XOR,2,NOP,2,ADD,4,MOVZX,4,0,1,1,0,0,JE,0,0,1,0,0,0,NOP,0,0,4864587,4864639,4864602,0,0,0,0,cpp,4.262598552438018e-11,0.0,0,0,0
0x4a3a36,JZ,9,9,1060,6,0x4a3a34,CMP,1,NonLeaf,al(-1) ,rflags ,CMP,2,JBE,6,JZ,6,CMP,2,AND,3,CMP,2,NOP,2,JNZ,6,MOV,5,ADD,3,0,1,0,0,0,JMP,0,0,1,0,0,0,JNE,0,0,4864564,4865626,4864572,0,0,0,0,cpp,4.262598552438018e-11,1.0,1,0,1
0x4a3a2e,JBE,9,0,1478,6,0x4a3a26,CMP,0,NonLeaf,al(-1) ,rflags ,JZ,6,CMP,2,AND,3,JZ,6,CMP,2,CMP,2,JZ,6,CMP,2,NOP,2,JNZ,6,0,1,0,0,0,JE,0,0,1,0,0,0,JE,0,0,4864558,4866036,4864564,0,0,0,0,cpp,4.262598552438018e-11,0.0,0,0,0
0x4a3a28,JZ,9,0,1497,6,0x4a3a26,CMP,1,NonLeaf,al(AND) ,rflags ,CMP,2,AND,3,JZ,6,CMP,2,LEA,4,JBE,6,CMP,2,JZ,6,CMP,2,NOP,2,0,1,0,0,0,JMP,0,0,1,0,0,0,JBE,0,0,4864547,4866049,4864558,0,0,0,0,cpp,4.262598552438018e-11,0.0,0,0,0
0x4a3a1d,JZ,9,0,1095,6,0x4a3a1b,CMP,1,NonLeaf,al(MOVZX) ,rflags ,CMP,2,LEA,4,MOVZX,7,CALL_NEAR,5,LEA,5,AND,3,CMP,2,JZ,6,JBE,6,CMP,2,0,1,0,0,0,JMP,0,0,1,0,0,0,JE,0,0,4864528,4865636,4864547,0,1,0,0,cpp,4.262598552438018e-11,0.0,0,0,0
0x4a39f6,JZ,9,0,1557,6,0x4a39f0,TEST,1,NonLeaf,r9(-1) r9(-1) ,rflags ,MOV,3,TEST,3,NOP,5,JMP,2,ADD,3,MOV,4,MOV,3,MOV,3,LEA,5,CALL_NEAR,5,0,1,0,0,0,JMP,0,0,0,0,0,0,CALL,0,1,4864496,4866059,4864508,0,0,0,1,cpp,4.262598552438018e-11,0.0,0,0,0
0x4a39d9,JNBE,5,0,303,6,0x4a39d7,CMP,1,NonLeaf,al(AND) ,rflags ,CMP,2,AND,3,MOV,3,JZ,6,LEA,4,MOVZX,3,MOVSXD,4,ADD,3,JMP,2,NOP,5,0,0,0,0,0,CALL,0,1,1,0,0,0,JMP,0,0,4864465,4864776,4864479,0,1,1,0,cpp,2.3681103069100102e-11,0.0,0,0,0
0x4a39cb,JZ,5,0,1101,6,0x4a39c3,CMP,1,NonLeaf,r15b(-1) ,rflags ,LEA,4,CMP,4,MOV,5,MOV,8,JNZ,6,MOV,3,AND,3,CMP,2,JNBE,6,MOVZX,3,0,1,0,0,0,JMP,0,0,1,0,0,0,JA,0,0,4864451,4865560,4864465,0,0,0,0,cpp,2.3681103069100102e-11,0.0,0,0,0
0x4a3995,JBE,5,5,347,6,0x4a398c,CMP,0,NonLeaf,dl(-1) ,rflags ,JZ,6,CMP,3,AND,3,MOV,3,JZ,6,CMP,3,JZ,6,CMP,3,JZ,6,CMP,3,0,1,0,0,0,JE,0,0,1,0,0,0,JE,0,0,4864405,4864752,4864411,0,0,0,0,cpp,2.3681103069100102e-11,1.0,1,0,1
0x4a398f,JZ,5,0,1185,6,0x4a398c,CMP,1,NonLeaf,dl(AND) ,rflags ,CMP,3,AND,3,MOV,3,JZ,6,CMP,4,JBE,6,CMP,3,JZ,6,CMP,3,JZ,6,0,1,0,0,0,JMP,0,0,1,0,0,0,JBE,0,0,4864390,4865584,4864405,0,0,1,0,cpp,2.3681103069100102e-11,0.0,0,0,0
0x4a3980,JZ,5,0,392,6,0x4a397c,CMP,1,NonLeaf,r15b(MOVZX) ,rflags ,CMP,4,MOVZX,4,NOP,4,RET_NEAR,1,POP,2,MOV,3,AND,3,CMP,3,JZ,6,JBE,6,0,0,0,0,0,CALL,0,1,1,0,0,0,JE,0,0,4864376,4864776,4864390,0,0,1,0,cpp,2.3681103069100102e-11,0.0,0,0,0
0x4a3938,JNZ,19,14,-40,2,0x4a3936,CMP,1,NonLeaf,al(-1) ,rflags ,CMP,2,JZ,6,TEST,2,ADD,4,MOVZX,3,MOVZX,4,ADD,4,MOV,6,JMP,2,NOP,6,0,1,0,0,0,JE,0,0,1,0,0,0,JMP,0,0,4864310,4864272,4864314,0,0,0,1,cpp,8.998819166258038e-11,0.7368421052631579,1,0,1
0x4a3930,JZ,28,9,192,6,0x4a392e,TEST,1,NonLeaf,al(MOVZX) al(MOVZX) ,rflags ,TEST,2,ADD,4,MOVZX,3,MOV,7,JNZ,6,CMP,2,JNZ,2,MOVZX,4,ADD,4,MOV,6,1,1,0,0,0,JE,0,0,1,0,0,0,JNE,0,0,4864302,4864496,4864310,0,0,0,0,cpp,1.3261417718696055e-10,0.3214285714285714,0,0,0
0x4a3916,JZ,5,5,98,2,0x4a3914,CMP,1,NonLeaf,al(-1) ,rflags ,CMP,2,JZ,2,CMP,2,NOP,10,JMP,2,CMP,2,JNZ,6,MOV,7,MOVZX,3,ADD,4,0,1,0,0,0,JE,0,0,1,0,0,0,JNE,0,0,4864276,4864376,4864280,0,0,0,0,cpp,2.3681103069100102e-11,1.0,1,0,1
0x4a3912,JZ,14,9,62,2,0x4a3910,CMP,1,NonLeaf,al(-1) ,rflags ,CMP,2,NOP,10,JMP,2,MOV,4,LEA,7,CMP,2,JZ,2,CMP,2,JNZ,6,MOV,7,0,1,0,0,0,JMP,0,0,1,0,0,0,JE,0,0,4864272,4864336,4864276,0,0,1,0,cpp,6.630708859348029e-11,0.6428571428571429,1,0,1
0x4a3858,JNBE,9,0,2048,6,0x4a3853,CMP,1,NonLeaf,r13(-1) ,rflags ,CMP,5,JZ,6,LEA,5,CMP,5,CALL_NEAR,5,XOR,2,XOR,2,NOP,6,ADD,4,MOVZX,4,0,1,0,0,0,JNE,0,0,1,0,0,0,NOP,0,0,4864083,4866136,4864094,0,0,0,0,cpp,4.262598552438018e-11,0.0,0,0,0
0x4a384d,JZ,9,0,1339,6,0x4a3843,CMP,1,NonLeaf,r13(-1) ,rflags ,LEA,5,CMP,5,CALL_NEAR,5,MOV,3,LEA,4,CMP,5,JNBE,6,XOR,2,XOR,2,NOP,6,0,1,0,0,0,JNE,0,0,1,1,0,0,JA,0,0,4864067,4865416,4864083,0,0,0,0,cpp,4.262598552438018e-11,0.0,0,0,0
0x4a3817,JZ,9,0,813,6,0x4a3811,TEST,1,NonLeaf,rax(-1) rax(-1) ,rflags ,MOV,3,TEST,3,CALL_NEAR,5,LEA,5,SHR,4,MOV,8,LEA,4,MOV,7,MOVSXD,4,SUB,3,0,1,0,0,0,JNE,1,0,1,0,0,0,CALL,0,1,4864017,4864836,4864029,0,0,0,1,cpp,4.262598552438018e-11,0.0,0,0,0
0x4a37ed,JZ,9,0,371,6,0x4a37ea,TEST,1,NonLeaf,rax(MOV) rax(MOV) ,rflags ,TEST,3,MOV,12,MOV,12,MOV,8,MOV,3,MOV,8,LEA,8,SHR,4,LEA,5,CALL_NEAR,5,0,1,0,0,0,MOV,1,0,1,0,0,0,CALL,0,1,4863946,4864352,4863987,0,0,0,1,cpp,4.262598552438018e-11,0.0,0,0,0
0x4a37c5,JZ,9,9,5,2,0x4a37c2,AND,1,NonLeaf,edx(AND) ,edx rflags ,AND,3,MOV,4,ADD,4,XOR,2,JZ,2,MOV,3,MOV,8,MOV,12,MOV,12,TEST,3,0,1,1,0,0,JE,0,0,1,0,0,0,MOV,0,0,4863938,4863946,4863943,0,0,1,1,cpp,4.262598552438018e-11,1.0,1,0,1
0x4a37b6,JZ,9,9,12,2,0x4a37b3,TEST,1,NonLeaf,dl(-1) ,rflags ,TEST,3,ADD,4,MOV,6,JZ,2,STOSQ,3,XOR,2,ADD,4,MOV,4,AND,3,JZ,2,0,1,1,0,0,JE,0,0,1,0,0,0,MOV,0,0,4863923,4863938,4863928,1,0,0,1,cpp,4.262598552438018e-11,1.0,1,0,1
0x4a37a7,JZ,9,9,12,2,0x4a37a1,TEST,0,NonLeaf,dl(-1) ,rflags ,STOSQ,3,TEST,3,SHR,3,XOR,2,MOV,2,MOV,6,ADD,4,TEST,3,JZ,2,XOR,2,0,1,1,0,0,JE,0,0,1,0,0,0,ADD,0,0,4863911,4863923,4863913,0,0,0,1,cpp,4.262598552438018e-11,1.0,1,0,1
0x4a3794,JNZ,9,0,1644,6,0x4a3790,TEST,1,NonLeaf,dil(-1) ,rflags ,TEST,4,JNZ,6,TEST,4,JNZ,6,TEST,4,MOV,2,XOR,2,SHR,3,TEST,3,STOSQ,3,0,0,0,0,0,JMP,0,0,0,1,0,0,TEST,0,0,4863888,4865536,4863898,1,0,1,0,cpp,4.262598552438018e-11,0.0,0,0,0
0x4a378a,JNZ,9,0,1630,6,0x4a3786,TEST,1,NonLeaf,dil(-1) ,rflags ,TEST,4,JNZ,6,TEST,4,SUB,4,PUSH,1,TEST,4,JNZ,6,MOV,2,XOR,2,SHR,3,0,0,0,0,0,JE,0,0,0,0,0,0,JNE,0,0,4863878,4865512,4863888,1,0,1,0,cpp,4.262598552438018e-11,0.0,0,0,0
0x4a3780,JNZ,9,0,1616,6,0x4a377c,TEST,1,NonLeaf,sil(-1) ,rflags ,TEST,4,SUB,4,PUSH,1,MOV,3,PUSH,1,TEST,4,JNZ,6,TEST,4,JNZ,6,MOV,2,0,1,0,0,0,JE,0,0,1,0,0,0,JNE,0,0,4863840,4865488,4863878,0,0,1,0,cpp,4.262598552438018e-11,0.0,0,0,0
0x4a3202,JS,42,2,-26,2,0x4a31ff,TEST,1,NonLeaf,dil(MOVZX) dil(MOVZX) ,rflags ,TEST,3,OR,3,ADD,3,SHL,3,AND,3,MOV,8,JMP,5,MOV,8,MOV,12,XOR,2,0,0,1,0,0,JS,0,0,0,1,0,0,JMP,0,0,4862440,4862440,4862468,0,0,0,1,cpp,1.9892126578044082e-10,0.0476190476190476,0,0,0
0x4a31c2,JS,2,0,-26,2,0x4a31bf,TEST,1,NonLeaf,dil(MOVZX) dil(MOVZX) ,rflags ,TEST,3,OR,3,ADD,3,SHL,3,AND,3,MOV,8,MOV,12,JMP,5,MOV,3,XOR,3,0,0,1,0,0,JS,0,0,0,1,0,0,JMP,0,0,4862376,4862376,4862404,0,0,0,1,cpp,9.47244122764004e-12,0.0,0,0,0
0x4a3182,JS,9,0,-26,2,0x4a317f,TEST,1,NonLeaf,dil(MOVZX) dil(MOVZX) ,rflags ,TEST,3,OR,3,ADD,3,SHL,3,AND,3,MOV,8,MOV,12,JMP,5,MOV,3,XOR,3,0,0,1,0,0,JS,0,0,0,1,0,0,JMP,0,0,4862312,4862312,4862340,0,0,0,1,cpp,4.262598552438018e-11,0.0,0,0,0
0x4a3152,JS,9,0,-26,2,0x4a314f,TEST,1,NonLeaf,sil(MOVZX) sil(MOVZX) ,rflags ,TEST,3,OR,3,ADD,3,SHL,3,AND,3,MOV,8,MOV,3,XOR,3,XOR,2,NOP,4,0,0,1,0,0,JS,0,0,0,1,0,0,NOP,0,0,4862264,4862264,4862292,0,0,0,1,cpp,4.262598552438018e-11,0.0,0,0,0
0x4a30da,JZ,3,3,1517,6,0x4a30d7,TEST,1,NonLeaf,rdx(-1) rdx(-1) ,rflags ,TEST,3,JMP,5,MOV,3,MOV,7,ADD,3,MOV,3,MOV,7,MOV,3,MOV,3,MOV,5,0,-1,-1,-1,-1,JMP,-1,0,0,1,0,0,MOV,0,0,4862167,4863687,4862176,0,1,0,0,cpp,1.420866184146006e-11,1.0,1,0,1
0x4a2e0b,JNBE,49,0,-113,2,0x4a2e07,CMP,1,NonLeaf,rdi(-1) ,rflags ,CMP,4,IMUL,9,JS,2,TEST,3,OR,3,SHL,4,ADD,3,MOV,7,MOV,3,JMP,5,0,0,1,0,0,JAE,0,0,1,0,0,0,JMP,0,0,4861438,4861338,4861453,0,1,0,1,cpp,2.32074810077181e-10,0.0,0,0,0
0x4a2dfc,JS,49,0,-28,2,0x4a2df9,TEST,1,NonLeaf,r9b(MOVZX) r9b(MOVZX) ,rflags ,TEST,3,OR,3,ADD,3,SHL,3,AND,4,IMUL,9,CMP,4,JNBE,2,SHL,4,ADD,3,1,1,1,1,1,JS,0,0,1,1,0,0,JA,0,0,4861408,4861408,4861438,0,0,0,0,cpp,2.32074810077181e-10,0.0,0,0,0
0x4a2dbc,JB,171,167,-116,2,0x4a2db9,CMP,1,NonLeaf,rsi(MOV) rcx(ADD) ,rflags ,CMP,3,ADD,7,SHR,4,MOV,8,MOV,7,LEA,4,POP,1,POP,2,POP,2,POP,2,0,0,0,1,1,JE,0,0,0,0,0,0,RET,1,0,4861343,4861256,4861374,0,0,0,0,cpp,8.098937249632235e-10,0.9766081871345028,1,1,1
0x4a2d9d,JNB,185,14,33,2,0x4a2d9a,CMP,1,NonLeaf,rax(MOV) r14(-1) ,rflags ,CMP,3,MOV,8,ADD,3,IMUL,9,MOV,3,MOV,7,MOV,8,SHR,4,ADD,7,CMP,3,0,0,0,0,0,RET,1,0,1,0,0,0,JB,0,0,4861338,4861374,4861343,0,0,0,0,cpp,8.762008135567037e-10,0.0756756756756756,0,0,0
0x4a2d6d,JNBE,85,0,236,6,0x4a2d6a,CMP,1,NonLeaf,cl(-1) ,rflags ,CMP,3,JZ,6,CMP,4,JZ,2,CMP,4,MOVSXD,4,ADD,3,JMP,2,NOP,4,AND,3,0,1,0,0,0,CALL,0,1,1,0,0,0,JMP,1,0,4861290,4861529,4861299,0,1,1,0,cpp,4.0257875217470176e-10,0.0,0,0,0
0x4a2d64,JZ,85,0,196,6,0x4a2d60,CMP,1,NonLeaf,dil(-1) ,rflags ,CMP,4,JZ,2,CMP,4,JZ,2,CMP,4,CMP,3,JNBE,6,MOVSXD,4,ADD,3,JMP,2,0,1,0,0,0,JA,0,0,1,0,0,0,JA,0,0,4861280,4861480,4861290,0,0,0,0,cpp,4.0257875217470176e-10,0.0,0,0,0
0x4a2d5e,JZ,134,49,114,2,0x4a2d5a,CMP,1,NonLeaf,dil(-1) ,rflags ,CMP,4,JZ,2,CMP,4,AND,3,MOV,2,CMP,4,JZ,6,CMP,3,JNBE,6,MOVSXD,4,0,1,0,0,0,NOP,0,0,1,0,0,0,JE,0,0,4861274,4861392,4861280,0,0,0,0,cpp,6.346535622518826e-10,0.3656716417910448,0,0,0
0x4a2d58,JZ,185,51,40,2,0x4a2d54,CMP,1,NonLeaf,dil(AND) ,rflags ,CMP,4,AND,3,MOV,2,LEA,4,MOVZX,3,CMP,4,JZ,2,CMP,4,JZ,6,CMP,3,1,1,0,0,0,MOV,0,0,1,0,0,0,JE,0,0,4861256,4861312,4861274,0,0,1,0,cpp,8.762008135567037e-10,0.2756756756756757,0,0,0
0x4a2d2d,JNB,18,0,145,6,0x4a2d2a,CMP,1,NonLeaf,rsi(MOV) rdx(ADD) ,rflags ,CMP,3,ADD,7,SHR,4,MOV,7,MOV,7,LEA,4,LEA,7,XOR,2,MOV,4,NOP,4,0,0,0,0,0,RET,1,0,1,0,0,0,NOP,0,0,4861198,4861374,4861235,0,0,0,1,cpp,8.525197104876037e-11,0.0,0,0,0
0x4a2d08,JNB,18,0,182,6,0x4a2cfa,CMP,1,NonLeaf,rdi(-1) rsi(-1) ,rflags ,MOV,11,CMP,3,SUB,4,PUSH,1,MOV,3,MOV,3,MOV,7,MOV,7,SHR,4,ADD,7,0,1,0,0,0,RET,1,0,1,0,0,0,JAE,0,0,4861152,4861374,4861198,0,0,0,0,cpp,8.525197104876037e-11,0.0,0,0,0
0x4a2cc4,JZ,9,0,15,2,0x4a2cc1,AND,1,Leaf,edi(AND) ,edi rflags ,AND,3,JNBE,2,CMP,3,JS,2,TEST,3,MOV,7,SHL,3,OR,3,MOV,3,RET_NEAR,1,0,0,1,0,0,RET,0,0,1,0,0,0,OR,0,0,4861121,4861139,4861126,0,0,1,0,cpp,4.262598552438018e-11,0.0,0,0,0
0x4a2cbf,JNBE,9,0,20,2,0x4a2cbc,CMP,1,Leaf,ecx(-1) ,rflags ,CMP,3,JS,2,TEST,3,OR,3,ADD,3,AND,3,JZ,2,MOV,7,SHL,3,OR,3,0,1,1,0,0,RET,0,0,1,0,0,0,JE,0,0,4861116,4861139,4861121,0,0,1,0,cpp,4.262598552438018e-11,0.0,0,0,0
0x4a2cba,JS,9,0,-26,2,0x4a2cb7,TEST,1,Leaf,dil(MOVZX) dil(MOVZX) ,rflags ,TEST,3,OR,3,ADD,3,SHL,3,AND,3,CMP,3,JNBE,2,AND,3,JZ,2,MOV,7,1,1,1,1,1,JS,0,0,1,1,0,0,JA,1,0,4861088,4861088,4861116,0,0,0,0,cpp,4.262598552438018e-11,0.0,0,1,0
0x4a195e,JZ,1,1,1210,6,0x4a1958,CMP,1,NonLeaf,rsp(-1) ,rflags ,CMP,6,JZ,6,MOV,5,CMP,5,SUB,4,LEA,5,CALL_NEAR,5,MOV,5,MOV,4,MOV,5,0,1,0,0,0,CALL,0,1,1,0,0,0,CALL,0,1,4856152,4857368,4856164,1,1,1,1,cpp,4.736220613820021e-12,1.0,1,0,1
0x4a1952,JZ,1,0,1838,6,0x4a1948,CMP,1,NonLeaf,rdi(-1) ,rflags ,MOV,5,CMP,5,SUB,4,MOV,3,PUSH,1,CMP,6,JZ,6,LEA,5,CALL_NEAR,5,MOV,5,0,1,0,0,0,CALL,0,1,1,1,0,0,JE,0,0,4856128,4857984,4856152,0,0,1,0,cpp,4.736220613820021e-12,0.0,0,0,0
0x4a0fcf,JZ,1,1,1217,6,0x4a0fc9,CMP,1,NonLeaf,rsp(-1) ,rflags ,CMP,6,JZ,6,MOV,5,CMP,5,SUB,4,LEA,5,CALL_NEAR,5,MOV,5,MOV,4,MOV,5,0,1,0,0,0,CALL,0,1,1,0,0,0,CALL,0,1,4853705,4854928,4853717,1,1,1,1,cpp,4.736220613820021e-12,1.0,1,0,1
0x4a0fc3,JZ,1,0,1853,6,0x4a0fb9,CMP,1,NonLeaf,rdi(-1) ,rflags ,MOV,5,CMP,5,SUB,4,MOV,3,PUSH,1,CMP,6,JZ,6,LEA,5,CALL_NEAR,5,MOV,5,0,1,0,0,0,CALL,0,1,1,1,0,0,JE,0,0,4853680,4855552,4853705,0,0,1,0,cpp,4.736220613820021e-12,0.0,0,0,0
0x49feed,JNZ,80912,0,9,2,0x49fee4,XOR,1,NonLeaf,rax(XOR) fs(-1) ,rax rflags ,XOR,9,MOV,5,CALL_NEAR,5,MOV,3,CALL_NEAR,5,ADD,4,POP,1,POP,1,RET_NEAR,1,CALL_NEAR,5,0,1,0,0,0,CALL,0,1,1,0,0,0,RET,0,0,4849375,4849398,4849391,0,0,1,0,cpp,3.832170823054055e-07,0.0,0,0,0
0x4db2d8,JNZ,161816,161816,3400,6,0x4db2d2,SUB,1,Leaf,edx(SUB) ,edx rflags ,SUB,6,PMOVMSKB,4,PSUBB,4,PCMPEQB,4,PCMPEQB,4,ADD,4,ADD,4,NOP,10,AND,4,AND,4,0,0,0,0,0,RET,0,0,1,0,0,0,NOP,0,0,5092022,5095456,5092062,1,0,0,0,cpp,7.663962748459004e-07,1.0,1,1,1
0x4d6a97,JZ,53906303,0,10,2,0x4d6a94,TEST,1,NonLeaf,rbx(MOV) rbx(MOV) ,rflags ,TEST,3,MOV,4,MOV,7,JNZ,6,TEST,3,MOV,3,AND,3,JZ,2,XOR,2,MOV,3,0,1,0,0,0,CALL,0,1,1,0,0,0,JE,0,0,5073545,5073569,5073561,0,0,1,0,cpp,0.0002553121434834,0.0,0,0,0
0x512d4e,JZ,1,0,82,2,0x512d4c,TEST,1,NonLeaf,eax(MOV) eax(MOV) ,rflags ,TEST,2,MOV,6,JZ,2,MOV,2,PUSH,1,MOVZX,7,MOV,10,CALL_NEAR,5,MOV,6,MOV,7,0,1,0,0,0,JMP,0,0,0,0,0,0,CALL,0,1,5320006,5320096,5320016,0,0,1,1,cpp,4.736220613820021e-12,0.0,0,0,0
0x5123f2,JBE,1,0,38,2,0x5123ee,CMP,1,NonLeaf,rcx(SUB) ,rflags ,CMP,4,SUB,3,MOV,3,NOP,4,JMP,5,MOV,3,SUB,3,CMP,4,JNBE,6,NEG,3,0,1,0,0,0,JMP,0,0,1,0,0,0,JA,0,0,5317608,5317656,5317620,0,0,1,0,cpp,4.736220613820021e-12,0.0,0,0,0
0x5122d9,JZ,1,1,14,2,0x5122d6,TEST,1,NonLeaf,rdi(MOV) rdi(MOV) ,rflags ,TEST,3,MOV,7,MOV,6,JZ,2,TEST,3,CALL_NEAR,5,MOV,7,MOV,7,TEST,3,JZ,2,0,1,1,0,0,JE,0,0,1,0,0,0,CALL,0,1,5317327,5317351,5317339,0,0,0,1,cpp,4.736220613820021e-12,1.0,1,0,1
0x51225d,JZ,1,1,18,2,0x51225a,TEST,1,NonLeaf,rax(MOV) rax(MOV) ,rflags ,TEST,3,MOV,7,JNZ,6,TEST,2,CALL_NEAR,5,CMP,3,JNZ,2,MOV,11,CALL_NEAR,5,MOV,5,0,1,1,0,0,CALL,0,1,1,0,0,0,JNE,0,0,5317203,5317231,5317215,0,0,1,0,cpp,4.736220613820021e-12,1.0,1,0,1
0x512053,JZ,1,1,42,2,0x512050,TEST,1,NonLeaf,rdx(MOV) rdx(MOV) ,rflags ,TEST,3,MOV,7,MOV,7,MOV,7,MOV,7,MOV,4,TEST,2,MOV,6,JZ,2,MOV,7,0,1,1,0,0,JE,0,0,1,0,0,0,JE,0,0,5316681,5316733,5316693,0,0,0,1,cpp,4.736220613820021e-12,1.0,1,0,1
0x511f31,JZ,1,0,1448,6,0x511f2e,TEST,1,NonLeaf,rsi(MOV) rsi(MOV) ,rflags ,TEST,3,MOV,4,MOV,4,MOV,4,ADD,4,MOV,3,LEA,7,MOV,7,MOV,3,ADD,4,0,1,0,0,0,JMP,0,0,1,0,0,0,MOV,0,0,5316394,5317849,5316407,0,0,0,1,cpp,4.736220613820021e-12,0.0,0,0,0
0x511b48,JNBE,20,1,24,2,0x511b44,CMP,1,Leaf,rax(SUB) ,rflags ,CMP,4,SUB,4,NOP,7,MOV,7,PUSH,1,JMP,7,NOP,7,MOV,4,NOP,4,ADD,4,1,1,1,0,0,JNE,0,0,1,0,0,0,JMP,0,0,5315392,5315424,5315402,0,0,0,0,cpp,9.47244122764004e-11,0.05,0,0,0
0x496fc1,JNZ,161816,161816,-1136,6,0x496fbc,TEST,1,NonLeaf,eax(-1) eax(-1) ,rflags ,MOV,3,TEST,2,CALL_NEAR,5,JZ,6,MOV,3,MOV,4,MOV,3,XOR,2,JMP,5,NOP,3,0,0,0,0,0,JE,0,0,0,0,0,0,MOV,0,0,4812732,4811601,4812743,0,0,0,1,cpp,7.663962748459004e-07,1.0,1,0,1
0x496fb1,JZ,161816,0,-1120,6,0x496faa,CMP,1,NonLeaf,rbp(-1) ,rflags ,MOV,3,CMP,4,JZ,2,CMP,3,MOV,4,CALL_NEAR,5,TEST,2,MOV,3,JNZ,6,MOV,4,0,0,0,0,0,JE,0,0,1,0,0,0,CALL,0,1,4812714,4811601,4812727,0,0,0,1,cpp,7.663962748459004e-07,0.0,0,0,0
0x496fa8,JZ,161816,0,31,2,0x496fa5,CMP,1,NonLeaf,rbp(MOV) rsi(MOV) ,rflags ,CMP,3,MOV,4,MOV,5,MOV,4,NOP,4,CMP,4,MOV,3,JZ,6,CALL_NEAR,5,TEST,2,0,1,0,0,0,MOV,0,0,1,0,0,0,JE,0,0,4812696,4812743,4812714,0,0,1,0,cpp,7.663962748459004e-07,0.0,0,0,0
0x496f5b,JNZ,161816,0,322,6,0x496f52,XOR,1,NonLeaf,rdi(XOR) fs(-1) ,rdi rflags ,XOR,9,MOV,5,XOR,2,MOV,3,LEA,4,ADD,7,POP,1,POP,1,POP,2,POP,2,0,1,0,0,0,CALL,0,1,1,0,0,0,RET,0,0,4812621,4812957,4812641,0,0,1,0,cpp,7.663962748459004e-07,0.0,0,0,0
0x496f30,JS,161816,0,81,2,0x496f20,CMP,1,NonLeaf,rsp(-1) ,rflags ,MOV,3,MOV,3,MOV,4,CMP,6,NOP,3,MOV,5,XOR,2,ADD,3,CMP,5,SETZ,3,0,1,0,0,0,JNE,0,0,1,0,0,0,XOR,0,0,4812576,4812673,4812594,0,0,0,1,cpp,7.663962748459004e-07,0.0,0,0,0
0x496b5d,JZ,161816,161816,963,6,0x496b5a,CMP,1,NonLeaf,rsi(MOV) rdi(-1) ,rflags ,CMP,3,MOV,4,MOV,5,MOV,4,JZ,6,CMP,3,JZ,2,CALL_NEAR,5,TEST,2,NOP,1,0,1,0,0,0,JS,0,0,1,0,0,0,JE,0,0,4811601,4812576,4811619,0,0,1,0,cpp,7.663962748459004e-07,1.0,1,0,1
0x496b47,JZ,161816,161816,1105,6,0x496b3d,CMP,1,NonLeaf,r15(-1) rsp(-1) ,rflags ,MOV,5,CMP,5,MOV,3,MOV,3,JZ,2,MOV,4,MOV,5,MOV,4,CMP,3,JZ,6,0,1,0,0,0,JE,0,0,1,0,0,0,MOV,0,0,4811581,4812696,4811597,0,0,0,0,cpp,7.663962748459004e-07,1.0,1,0,1
0x496b35,JZ,161816,0,8,2,0x496b31,TEST,1,NonLeaf,rbx(MOV) ,rflags ,TEST,4,XOR,2,MOV,5,MOV,9,MOV,5,MOV,3,MOV,3,CMP,5,MOV,5,JZ,6,0,1,1,0,0,JE,0,0,1,0,0,0,MOV,0,0,4811488,4811581,4811575,0,0,0,1,cpp,7.663962748459004e-07,0.0,0,0,0
0x4d398e,JNZ,12594132,9779734,689,6,0x4d398c,TEST,1,NonLeaf,esi(MOV) esi(MOV) ,rflags ,TEST,2,MOV,7,MOV,2,JNBE,2,CMP,3,LEA,3,CMP,3,JZ,2,MOV,2,MOV,7,0,1,0,0,0,SUB,0,0,1,0,0,0,JE,0,0,5060995,5061695,5061012,0,0,0,0,cpp,5.964858759157036e-05,0.7765310066624679,1,0,1
0x4d38fc,JNZ,15543586,0,1358,6,0x4d38fa,TEST,1,NonLeaf,eax(MOV) eax(MOV) ,rflags ,TEST,2,MOV,4,MOV,6,LEA,4,MOV,4,MOV,3,JMP,5,NOP,6,MOV,3,SHR,4,0,0,0,0,0,CALL,0,1,0,0,0,0,JMP,0,0,5060806,5062218,5060866,1,0,1,0,cpp,7.361785242588427e-05,0.0,0,0,0
0x4d3884,JBE,20822797,5279211,-329,6,0x4d3881,CMP,1,NonLeaf,rdx(-1) rcx(LEA) ,rflags ,CMP,3,LEA,4,JNZ,6,CMP,3,MOV,4,SUB,3,ADD,3,MOV,3,CMP,7,MOV,3,0,0,0,0,0,JE,0,0,1,0,0,0,JBE,1,0,5060733,5060411,5060746,0,1,1,1,cpp,9.862136038878968e-05,0.2535303494530538,0,0,0
0x4d3877,JNZ,28033112,7210315,-316,6,0x4d3874,CMP,1,NonLeaf,rax(MOV) rbx(-1) ,rflags ,CMP,3,MOV,4,NOP,3,JMP,2,LEA,7,LEA,4,CMP,3,JBE,6,SUB,3,ADD,3,0,0,0,0,0,JE,0,0,1,0,0,0,JBE,0,0,5060720,5060411,5060733,0,0,1,0,cpp,0.0001327710029239,0.2572070842509387,0,0,0
0x4d351a,JNZ,5474633,0,49,2,0x4d3514,CMP,1,NonLeaf,rcx(-1) rax(-1) ,rflags ,MOV,3,CMP,3,CMPXCHG_LOCK,6,JZ,2,CMP,9,JMP,5,NOP,7,MOV,4,MOV,3,CMP,9,0,1,0,1,0,JNE,0,0,1,0,0,0,JMP,0,0,5059855,5059915,5059868,0,0,0,0,cpp,2.592906966769934e-05,0.0,0,1,0
0x496316,JZ,485494,485494,-97,2,0x496313,CMP,1,NonLeaf,ecx(AND) ,rflags ,CMP,3,AND,3,MOV,2,MOV,4,JZ,2,MOV,4,MOV,4,AND,2,AND,3,CMP,3,0,0,1,0,0,JNE,0,0,1,0,0,0,JE,0,0,4809482,4809397,4809496,0,0,0,0,cpp,2.299406690685937e-06,1.0,1,0,1
0x496308,JZ,485494,0,-85,2,0x496305,TEST,1,NonLeaf,rax(MOV) rax(MOV) ,rflags ,TEST,3,MOV,5,CALL_NEAR,3,MOV,3,MOV,5,MOV,4,MOV,2,AND,3,CMP,3,JZ,2,0,0,0,0,0,XOR,0,0,1,0,0,0,JE,0,0,4809472,4809395,4809482,0,0,0,0,cpp,2.299406690685937e-06,0.0,0,0,0
0x4962c3,JNZ,485494,0,200,6,0x4962ba,XOR,1,NonLeaf,rsi(XOR) fs(-1) ,rsi rflags ,XOR,9,MOV,5,XOR,2,JZ,2,CMP,3,ADD,4,POP,1,POP,1,POP,2,POP,2,0,1,0,0,0,CALL,0,1,1,0,0,0,RET,0,0,4809397,4809611,4809417,0,0,1,0,cpp,2.299406690685937e-06,0.0,0,0,0
0x4962b1,JZ,485494,485494,39,2,0x4962ae,CMP,1,NonLeaf,rdi(MOV) rax(MOV) ,rflags ,CMP,3,MOV,4,MOV,3,MOV,8,MOV,8,XOR,2,MOV,5,XOR,9,JNZ,6,ADD,4,0,1,0,0,0,CALL,0,1,1,0,0,0,XOR,0,0,4809296,4809432,4809395,0,0,1,0,cpp,2.299406690685937e-06,1.0,1,0,1
0x4d31ce,JB,1,0,367,6,0x4d31cb,CMP,1,NonLeaf,r8(-1) rcx(-1) ,rflags ,CMP,3,SETNZ,3,TEST,3,JNZ,6,TEST,7,TEST,2,JZ,2,MOV,3,SUB,3,ADD,3,0,1,0,0,0,JE,0,0,1,0,0,0,JE,0,0,5059013,5059389,5059028,0,0,0,0,cpp,4.736220613820021e-12,0.0,0,0,0
0x49611b,JZ,1,1,45,2,0x496118,CMP,1,NonLeaf,rdi(MOV) rsi(MOV) ,rflags ,CMP,3,MOV,4,MOV,4,SUB,4,MOV,3,CMP,3,MOV,3,MOV,3,JZ,2,CALL_NEAR,5,0,1,0,0,0,RET,0,0,1,0,0,0,JE,0,0,4808960,4809032,4808989,0,0,0,0,cpp,4.736220613820021e-12,1.0,1,0,1
0x4d2e02,JB,140,0,758,6,0x4d2dff,CMP,1,NonLeaf,rdx(AND) rcx(LEA) ,rflags ,CMP,3,AND,4,LEA,4,MOV,4,JB,2,SUB,3,XOR,2,CMP,7,SETNZ,3,LEA,4,0,1,0,0,0,JMP,0,0,1,0,0,0,MOV,0,0,5058035,5058808,5058056,0,1,1,1,cpp,6.630708859348029e-10,0.0,0,0,0
0x4d1a1c,JNZ,965690,0,550,6,0x4d1a18,CMP,1,NonLeaf,rbp(-1) rax(-1) ,rflags ,CMP,4,JNZ,6,CMP,4,MOV,4,MOV,4,CMP,8,MOV,4,MOV,4,JBE,2,MOV,4,0,0,0,0,0,JE,0,0,1,0,0,0,JBE,0,0,5052952,5053506,5052962,0,0,0,1,cpp,4.573720884559856e-06,0.0,0,0,0
0x492d1b,JZ,2708,0,14,2,0x492d18,TEST,1,NonLeaf,rbx(MOV) rbx(MOV) ,rflags ,TEST,3,SUB,4,MOV,7,MOV,3,PUSH,1,MOV,3,CALL_NEAR,5,LEA,4,MOV,4,MOV,3,0,1,1,0,0,CALL,0,1,1,0,0,0,CALL,0,1,4795648,4795689,4795677,0,0,1,1,cpp,1.2825685422224617e-08,0.0,0,0,0
0x49291b,JNZ,2736,2736,102,2,0x492914,CMP,1,NonLeaf,rbp(-1) rip(JNZ) ,rflags ,CMP,7,MOV,3,MOVZX,3,JNZ,2,LEA,4,POP,1,POP,1,MOV,3,POP,2,RET_NEAR,1,0,1,0,0,0,JMP,0,0,1,1,0,0,RET,0,0,4794644,4794753,4794653,0,0,1,0,cpp,1.2958299599411576e-08,1.0,1,1,1
0x49290c,JNZ,2736,2730,52,2,0x492901,CMP,1,NonLeaf,r12(-1) ,rflags ,LEA,4,MOV,3,CMP,4,CALL_NEAR,5,MOV,3,MOVZX,3,MOV,3,CMP,7,JNZ,2,POP,1,0,0,0,0,0,CALL,0,1,1,0,0,0,MOV,0,0,4794625,4794688,4794638,0,0,1,1,cpp,1.2958299599411576e-08,0.9978070175438596,1,0,1
0x4928ef,JZ,2736,0,129,2,0x4928ec,TEST,1,NonLeaf,rdi(-1) rdi(-1) ,rflags ,TEST,3,JZ,2,MOV,3,PUSH,1,PUSH,1,SUB,3,MOV,3,XOR,2,MOV,3,CALL_NEAR,5,0,1,0,0,0,JE,0,0,1,0,0,0,CALL,0,1,4794604,4794736,4794609,0,1,0,1,cpp,1.2958299599411576e-08,0.0,0,0,0
0x4928ea,JZ,2737,1,110,2,0x4928e2,CMP,1,NonLeaf,rdi(-1) rsi(-1) ,rflags ,MOV,3,PUSH,1,PUSH,1,CMP,3,PUSH,2,TEST,3,JZ,2,SUB,3,MOV,3,XOR,2,0,1,0,0,0,RET,0,0,1,0,0,0,JE,0,0,4794592,4794712,4794604,0,0,0,0,cpp,1.2963035820025396e-08,0.000365363536719,0,0,0
0x49242c,JZ,40422,40422,15,2,0x492424,CMP,1,NonLeaf,rip(JZ) ,rflags ,CMP,8,ADD,4,JMP,2,CALL_NEAR,5,LEA,5,ADD_LOCK,4,MOV,3,LEA,4,JMP,2,ADD,4,0,1,0,0,0,JMP,0,0,1,0,0,0,JMP,0,0,4793376,4793403,4793390,0,0,1,0,cpp,1.914475096518329e-07,1.0,1,0,1
0x4923de,JNZ,40422,0,49,2,0x4923d2,XOR,1,NonLeaf,rcx(XOR) fs(-1) ,rcx rflags ,MOV,3,XOR,9,MOV,5,MOV,3,JNZ,2,ADD,4,POP,1,POP,1,RET_NEAR,1,NOP,9,0,1,0,0,0,CALL,0,1,1,0,0,0,RET,0,0,4793293,4793359,4793312,0,0,1,0,cpp,1.914475096518329e-07,0.0,0,0,0
0x4923c8,JNZ,40422,0,76,2,0x4923c5,CMP,1,NonLeaf,rdi(-1) rcx(-1) ,rflags ,CMP,3,MOV,3,MOV,3,JNZ,2,CMP,3,MOV,3,MOV,5,XOR,9,MOV,3,JNZ,2,0,1,0,0,0,CALL,0,1,1,1,0,0,MOV,0,0,4793285,4793364,4793290,0,0,1,1,cpp,1.914475096518329e-07,0.0,0,0,0
0x4923bd,JNZ,40422,40422,99,2,0x4923ba,CMP,1,NonLeaf,rdi(-1) rcx(LEA) ,rflags ,CMP,3,LEA,7,JS,2,TEST,2,MOV,3,MOV,3,MOV,3,CMP,3,JNZ,2,MOV,3,0,1,0,0,0,JE,0,0,1,0,0,0,MOV,0,0,4793267,4793376,4793279,1,0,0,0,cpp,1.914475096518329e-07,1.0,1,0,1
0x4923b1,JS,40422,0,63,2,0x4923af,TEST,1,NonLeaf,ecx(MOV) ecx(MOV) ,rflags ,TEST,2,MOV,3,JZ,2,CMP,3,LEA,4,LEA,7,CMP,3,JNZ,2,MOV,3,MOV,3,0,1,0,0,0,CALL,0,1,1,0,0,0,JNE,0,0,4793260,4793328,4793267,0,0,1,0,cpp,1.914475096518329e-07,0.0,0,0,0
0x4923aa,JZ,40422,0,35,2,0x4923a7,CMP,1,NonLeaf,rdx(LEA) rdi(LEA) ,rflags ,CMP,3,LEA,4,MOV,3,LEA,4,MOV,3,MOV,3,TEST,2,JS,2,LEA,7,CMP,3,0,1,1,0,0,JNE,0,0,1,0,0,0,JS,0,0,4793216,4793293,4793260,0,0,0,0,cpp,1.914475096518329e-07,0.0,0,0,0
0x49236f,JZ,75107,75107,8,2,0x492367,CMP,1,NonLeaf,rip(JZ) ,rflags ,CMP,8,ADD,4,CALL_NEAR,5,JMP,2,CALL_NEAR,5,ADD_LOCK,4,JMP,2,ADD,4,JMP,2,INVALID,0,0,1,0,0,0,JMP,0,0,1,0,0,0,JMP,0,0,4793187,4793207,4793201,0,0,1,0,cpp,3.557233216421803e-07,1.0,1,0,1
0x492340,JNZ,75107,0,30,2,0x492337,XOR,1,NonLeaf,rax(XOR) fs(-1) ,rax rflags ,XOR,9,MOV,5,MOV,3,JNZ,2,CMP,7,ADD,4,POP,1,RET_NEAR,1,NOP,8,LEA,5,0,1,0,0,0,CALL,0,1,1,0,0,0,RET,0,0,4793135,4793182,4793154,0,0,1,0,cpp,3.557233216421803e-07,0.0,0,0,0
0x49232d,JNZ,75107,75107,54,2,0x492326,CMP,1,NonLeaf,rdi(-1) rip(JNZ) ,rflags ,CMP,7,JS,2,TEST,2,LEA,4,MOV,3,MOV,3,MOV,5,XOR,9,JNZ,2,ADD,4,0,1,0,0,0,JE,0,0,0,1,0,0,JNE,0,0,4793126,4793187,4793135,1,0,0,1,cpp,3.557233216421803e-07,1.0,1,1,1
0x492324,JS,75107,0,44,2,0x492322,TEST,1,NonLeaf,edx(MOV) edx(MOV) ,rflags ,TEST,2,LEA,4,MOV,3,MOV,3,XOR,2,CMP,7,JNZ,2,MOV,3,MOV,5,XOR,9,0,1,0,0,0,CALL,0,1,1,0,0,0,JNE,0,0,4793088,4793168,4793126,0,0,1,0,cpp,3.557233216421803e-07,0.0,0,0,0
0x492236,JNZ,30,30,7,2,0x49222f,CMP,1,NonLeaf,rdx(LEA) rip(JNZ) ,rflags ,CMP,7,LEA,4,MOV,3,MOV,4,MOV,4,POP,1,POP,1,POP,2,RET_NEAR,1,MOV,7,0,1,0,0,0,JMP,0,0,1,1,0,0,RET,0,0,4792868,4792893,4792888,0,0,1,0,cpp,1.4208661841460057e-10,1.0,1,0,1
0x492210,JLE,30,30,20,2,0x49220e,TEST,1,NonLeaf,ecx(MOV) ecx(MOV) ,rflags ,TEST,2,MOV,3,JNBE,2,CMP,4,LEA,4,MOV,3,MOV,3,CALL_NEAR,5,MOV,3,MOV,4,0,0,1,0,0,JNE,0,0,0,0,0,0,CALL,0,1,4792843,4792868,4792850,0,0,1,1,cpp,1.4208661841460057e-10,1.0,1,0,1
0x492209,JNBE,30,0,9,2,0x492205,CMP,1,NonLeaf,rbp(LEA) rax(MOV) ,rflags ,CMP,4,LEA,4,MOV,4,MOV,3,MOV,3,MOV,3,TEST,2,JLE,2,MOV,3,MOV,3,0,1,0,0,0,CALL,0,1,1,0,0,0,JLE,0,0,4792816,4792850,4792843,0,0,1,0,cpp,1.4208661841460057e-10,0.0,0,0,0
0x491fc8,JNZ,33624,33624,103,2,0x491fc1,CMP,1,NonLeaf,rdx(LEA) rip(JNZ) ,rflags ,CMP,7,LEA,4,MOV,3,MOV,2,MOVZX,4,ADD,4,MOV,3,POP,1,POP,1,POP,2,0,1,0,0,0,JMP,0,0,0,1,0,0,RET,0,0,4792250,4792367,4792266,0,0,1,0,cpp,1.5925068191908438e-07,1.0,1,1,1
0x491fb2,JNZ,33624,0,62,2,0x491fae,CMP,1,NonLeaf,rdx(MOV) ,rflags ,CMP,4,ADD,3,MOV,4,MOV,5,MOV,3,MOVZX,4,MOV,2,MOV,3,LEA,4,CMP,7,0,1,0,0,0,CALL,0,1,1,0,0,0,MOV,0,0,4792235,4792304,4792244,0,0,1,1,cpp,1.5925068191908438e-07,0.0,0,0,0
0x491f8d,JNB,33624,0,115,2,0x491f8a,CMP,1,NonLeaf,rbp(-1) rax(-1) ,rflags ,CMP,3,JBE,2,MOV,3,CMP,4,LEA,4,MOV,3,MOV,3,MOV,5,CALL_NEAR,5,MOV,3,0,0,0,0,0,JA,0,0,0,0,0,0,CALL,0,1,4792202,4792320,4792207,0,0,0,1,cpp,1.5925068191908438e-07,0.0,0,0,0
0x491f88,JBE,33624,0,88,2,0x491f81,CMP,1,NonLeaf,r12(LEA) rax(-1) ,rflags ,MOV,3,CMP,4,LEA,4,JNBE,6,CMP,3,CMP,3,JNB,2,MOV,3,MOV,3,MOV,5,0,1,0,0,0,JLE,0,0,1,0,0,0,JAE,0,0,4792189,4792288,4792202,0,0,0,0,cpp,1.5925068191908438e-07,0.0,0,0,0
0x491f77,JNBE,33624,0,202,6,0x491f74,CMP,1,NonLeaf,rdx(-1) rcx(SUB) ,rflags ,CMP,3,SUB,3,MOV,4,MOV,10,MOV,3,LEA,4,CMP,4,MOV,3,JBE,2,CMP,3,0,1,0,0,0,CALL,0,1,1,0,0,0,JBE,0,0,4792160,4792385,4792189,0,0,1,0,cpp,1.5925068191908438e-07,0.0,0,0,0
0x491f5e,JZ,33624,0,108,2,0x491f5b,TEST,1,NonLeaf,rdx(-1) rdx(-1) ,rflags ,TEST,3,SUB,4,MOV,3,PUSH,1,PUSH,1,MOV,3,MOV,10,MOV,4,SUB,3,CMP,3,0,1,0,0,0,RET,0,0,1,0,0,0,JA,0,0,4792144,4792266,4792160,0,0,0,0,cpp,1.5925068191908438e-07,0.0,0,0,0
0x491e3d,JNLE,97,0,-80,2,0x491e3b,TEST,1,NonLeaf,edx(MOV) edx(MOV) ,rflags ,TEST,2,MOV,3,NOP,6,RET_NEAR,1,POP,2,JMP,2,NOP,7,MOVZX,3,MOV,2,JMP,2,0,0,0,0,0,CALL,0,1,1,0,0,0,JMP,0,0,4791864,4791789,4791871,0,0,1,0,cpp,4.5941339954054203e-10,0.0,0,0,0
0x491e22,JNZ,25077,25077,45,2,0x491e1b,CMP,1,NonLeaf,rdx(LEA) rip(JNZ) ,rflags ,CMP,7,LEA,4,MOV,3,CALL_NEAR,5,MOV,3,ADD,4,MOV,3,POP,1,POP,1,POP,2,0,1,0,0,0,JMP,0,0,0,1,0,0,RET,0,0,4791828,4791887,4791844,0,0,1,0,cpp,1.1877020433276467e-07,1.0,1,0,1
0x491e0a,JZ,25077,0,62,2,0x491e06,CMP,1,NonLeaf,rbp(-1) ,rflags ,CMP,4,ADD,3,MOV,4,MOV,4,MOV,3,MOV,3,CALL_NEAR,5,MOV,3,LEA,4,CMP,7,0,1,0,0,0,JMP,0,0,1,0,0,0,CALL,0,1,4791811,4791880,4791820,0,0,1,1,cpp,1.1877020433276467e-07,0.0,0,0,0
0x491deb,JBE,25077,97,77,2,0x491de7,CMP,1,NonLeaf,r13(LEA) rax(MOV) ,rflags ,CMP,4,LEA,4,MOV,4,MOV,3,JZ,2,MOV,3,MOV,3,CALL_NEAR,5,MOV,3,MOV,4,0,1,0,0,0,JG,0,0,1,0,0,0,CALL,0,1,4791772,4791864,4791789,0,0,0,1,cpp,1.1877020433276467e-07,0.0038680862942138,0,0,0
0x491dda,JZ,33624,8547,74,2,0x491dd7,TEST,1,NonLeaf,rbp(MOV) rbp(MOV) ,rflags ,TEST,3,MOV,4,MOV,3,SUB,4,MOV,3,MOV,3,MOV,4,LEA,4,CMP,4,JBE,2,0,1,1,0,0,RET,0,0,1,0,0,0,JBE,0,0,4791744,4791844,4791772,0,0,0,0,cpp,1.5925068191908438e-07,0.2541934332619557,0,0,0
0x491d55,JNZ,101380,0,20,2,0x491d4c,XOR,1,NonLeaf,rax(XOR) fs(-1) ,rax rflags ,XOR,9,MOV,5,MOV,3,JNZ,2,CMP,7,ADD,4,POP,1,POP,1,RET_NEAR,1,NOP,2,0,1,0,0,0,CALL,0,1,1,0,0,0,RET,0,0,4791623,4791657,4791639,0,0,1,0,cpp,4.801580458290737e-07,0.0,0,0,0
0x491d42,JNZ,101380,59735,44,2,0x491d3b,CMP,1,NonLeaf,rdi(LEA) rip(JNZ) ,rflags ,CMP,7,LEA,4,MOV,3,CALL_NEAR,5,SUB,3,MOV,3,MOV,5,XOR,9,JNZ,2,ADD,4,0,1,0,0,0,CALL,0,1,1,1,0,0,MOV,0,0,4791604,4791662,4791620,0,0,1,1,cpp,4.801580458290737e-07,0.5892187808246202,1,0,1
0x491d10,JZ,101380,0,80,2,0x491d0c,CMP,1,NonLeaf,rsi(-1) rax(MOV) ,rflags ,CMP,4,MOV,3,XOR,2,MOV,5,MOV,9,MOV,4,MOV,3,LEA,5,LEA,4,CMP,3,0,1,0,0,0,JG,0,0,1,0,0,0,CALL,0,1,4791536,4791648,4791570,0,1,0,1,cpp,4.801580458290737e-07,0.0,0,0,0
0x491cba,JNZ,101380,101380,29,2,0x491cb3,CMP,1,NonLeaf,rbp(-1) rip(JNZ) ,rflags ,CMP,7,MOV,3,CALL_NEAR,5,MOV,3,LEA,4,ADD,4,POP,1,POP,1,RET_NEAR,1,NOP,5,0,1,0,0,0,JMP,0,0,1,1,0,0,RET,0,0,4791475,4791511,4791484,0,0,1,0,cpp,4.801580458290737e-07,1.0,1,0,1
0x491ca2,JZ,59735,761,38,2,0x491c9a,CMP,1,NonLeaf,rdx(-1) ,rflags ,LEA,4,CMP,4,JZ,2,TEST,3,LEA,4,LEA,4,MOV,3,CALL_NEAR,5,MOV,3,CMP,7,0,1,0,0,0,JMP,0,0,1,0,0,0,CALL,0,1,4791450,4791496,4791460,0,0,1,1,cpp,2.829181383665389e-07,0.0127395998995563,0,0,0
0x491c98,JZ,101380,41645,27,2,0x491c95,TEST,1,NonLeaf,rdx(MOV) rdx(MOV) ,rflags ,TEST,3,LEA,4,MOV,3,MOV,3,CALL_NEAR,5,CMP,4,LEA,4,JZ,2,LEA,4,MOV,3,0,1,1,0,0,JNE,0,0,1,0,0,0,JE,0,0,4791435,4791475,4791450,0,0,0,0,cpp,4.801580458290737e-07,0.4107812191753797,0,0,0
0x491881,JNBE,1,1,15,2,0x49187e,CMP,1,NonLeaf,rsi(-1) rax(LEA) ,rflags ,CMP,3,LEA,4,JB,2,CMP,3,JNBE,6,MOV,4,TEST,3,JLE,2,NOP,4,ADD,4,0,0,0,0,0,JMP,0,0,1,0,0,0,JLE,0,0,4790394,4790416,4790403,1,0,0,0,cpp,4.736220613820021e-12,1.0,1,0,1
0x491878,JB,875,874,24,2,0x491875,CMP,1,NonLeaf,rsi(-1) rdi(-1) ,rflags ,CMP,3,JNBE,6,MOV,4,CMP,3,MOV,3,LEA,4,CMP,3,JNBE,2,MOV,4,TEST,3,0,1,0,0,0,JMP,0,0,1,0,0,0,JA,0,0,4790389,4790416,4790394,1,0,0,0,cpp,4.1441930370925175e-09,0.9988571428571428,1,0,1
0x49186f,JNBE,875,0,171,6,0x491868,CMP,1,NonLeaf,r8(MOV) rax(MOV) ,rflags ,MOV,4,CMP,3,MOV,3,SUB,4,MOV,10,CMP,3,JB,2,LEA,4,CMP,3,JNBE,2,0,1,0,0,0,CALL,0,1,1,0,0,0,JB,0,0,4790352,4790554,4790389,0,0,1,0,cpp,4.1441930370925175e-09,0.0,0,0,0
0x491801,JZ,875,0,26,2,0x4917fe,TEST,1,NonLeaf,rbx(-1) rbx(-1) ,rflags ,TEST,3,CALL_NEAR,5,SUB,4,MOV,3,PUSH,1,MOV,3,ADD,4,CMP,4,JZ,2,MOV,3,0,1,0,0,0,RET,0,0,1,0,0,0,JE,0,0,4790270,4790299,4790275,0,0,0,0,cpp,4.1441930370925175e-09,0.0,0,0,0
0x4913b9,JLE,874,0,16,2,0x4913b7,TEST,1,NonLeaf,edx(MOV) edx(MOV) ,rflags ,TEST,2,MOV,3,JZ,2,CMP,7,LEA,4,XOR,2,XOR,2,XOR,2,CALL_NEAR,5,MOV,3,0,1,1,0,0,MOV,0,0,1,0,0,0,CALL,0,1,4789172,4789193,4789179,0,0,1,1,cpp,4.1394568164786975e-09,0.0,0,0,0
0x4913b2,JZ,874,0,30,2,0x4913ab,CMP,1,NonLeaf,rdx(LEA) rip(JZ) ,rflags ,CMP,7,LEA,4,MOV,3,PUSH,1,MOV,3,MOV,3,TEST,2,JLE,2,XOR,2,XOR,2,0,1,1,0,0,RET,0,0,1,0,0,0,JLE,0,0,4789152,4789200,4789172,0,0,0,0,cpp,4.1394568164786975e-09,0.0,0,0,0
0x4912e8,JZ,10,10,60,2,0x4912e5,TEST,1,NonLeaf,rbx(-1) rbx(-1) ,rflags ,TEST,3,JZ,2,CMP,3,NOP,8,JMP,2,ADD,3,ADD,3,CMP,4,LEA,4,LEA,4,0,0,0,0,0,JMP,0,0,1,0,0,0,JNE,0,0,4788965,4789028,4788970,0,0,0,0,cpp,4.7362206138200205e-11,1.0,1,0,1
0x4912e3,JZ,21,11,65,2,0x4912e0,CMP,1,NonLeaf,r12(-1) rcx(-1) ,rflags ,CMP,3,NOP,8,JMP,2,MOV,2,MOVZX,3,TEST,3,JZ,2,ADD,3,ADD,3,CMP,4,0,1,0,0,0,JMP,0,0,1,0,0,0,JE,0,0,4788960,4789028,4788965,0,0,0,0,cpp,9.946063289022041e-11,0.5238095238095238,1,0,1
0x4912cb,JNZ,874,874,133,6,0x4912c3,CMP,1,NonLeaf,rbx(-1) ,rflags ,LEA,4,CMP,4,ADD,4,ADD,3,LEA,4,MOVZX,3,MOV,2,JMP,2,NOP,8,CMP,3,0,1,0,0,0,CALL,0,1,1,0,0,0,JMP,0,0,4788920,4789072,4788945,0,0,1,1,cpp,4.1394568164786975e-09,1.0,1,0,1
0x49129f,JNZ,1780,0,200,6,0x491296,XOR,1,NonLeaf,rax(XOR) fs(-1) ,rax rflags ,XOR,9,MOV,5,JNZ,6,CMP,3,LEA,4,ADD,4,POP,1,POP,1,POP,2,POP,2,0,1,0,0,0,CALL,0,1,1,0,0,0,RET,0,0,4788881,4789095,4788901,0,0,1,0,cpp,8.430472692599637e-09,0.0,0,0,0
0x49128b,JNZ,1780,1769,225,6,0x491288,CMP,1,NonLeaf,rdx(LEA) rbx(-1) ,rflags ,CMP,3,LEA,4,MOV,3,MOV,4,JNZ,6,MOV,5,XOR,9,JNZ,6,ADD,4,POP,1,0,1,0,0,0,JMP,0,0,1,1,0,0,JNE,0,0,4788868,4789100,4788881,0,0,1,0,cpp,8.430472692599637e-09,0.9938202247191013,1,0,1
0x491277,JNZ,1759,884,266,6,0x491274,CMP,1,NonLeaf,rdi(LEA) rbx(LEA) ,rflags ,CMP,3,LEA,4,LEA,7,MOV,4,JNZ,2,MOV,4,MOV,3,LEA,4,CMP,3,JNZ,6,0,1,0,0,0,CALL,0,1,1,1,0,0,MOV,0,0,4788837,4789121,4788861,0,0,1,1,cpp,8.331012059709416e-09,0.5025582717453099,1,0,1
0x491263,JNZ,1759,874,85,2,0x491260,TEST,1,NonLeaf,rbx(-1) rbx(-1) ,rflags ,TEST,3,NOP,4,MOV,3,MOVZX,3,JNZ,6,MOV,4,LEA,7,LEA,4,CMP,3,JNZ,6,0,1,0,0,0,JNE,0,0,1,1,0,0,JNE,0,0,4788832,4788920,4788837,0,0,0,0,cpp,8.331012059709416e-09,0.4968732234223991,0,0,0
0x491250,JNZ,10,10,224,6,0x491244,CMP,1,NonLeaf,rbp(-1) ,rflags ,LEA,4,MOV,4,CMP,4,JZ,2,MOV,5,MOVZX,3,MOV,3,NOP,4,TEST,3,JNZ,2,0,1,0,0,0,CALL,0,1,1,0,0,0,NOP,0,0,4788804,4789040,4788822,0,0,1,1,cpp,4.7362206138200205e-11,1.0,1,0,1
0x491242,JZ,1759,1749,30,2,0x491236,TEST,1,NonLeaf,rbp(-1) rbp(-1) ,rflags ,MOV,5,LEA,4,TEST,3,CALL_NEAR,5,MOV,3,CMP,4,MOV,4,LEA,4,JNZ,6,MOVZX,3,0,1,1,0,0,JNE,0,0,1,0,0,0,JNE,0,0,4788790,4788832,4788804,0,0,0,0,cpp,8.331012059709416e-09,0.9943149516770892,1,0,1
0x49121b,JLE,905,21,197,6,0x491219,TEST,1,NonLeaf,edx(MOV) edx(MOV) ,rflags ,TEST,2,MOV,3,JNBE,2,CMP,3,SUB,3,LEA,5,MOV,3,MOV,5,MOV,3,CALL_NEAR,5,0,1,0,0,0,JE,0,0,0,0,0,0,CALL,0,1,4788758,4788960,4788769,0,0,0,1,cpp,4.286279655507119e-09,0.0232044198895027,0,0,0
0x491214,JNBE,1780,875,13,2,0x491211,CMP,1,NonLeaf,r14(ADD) rsi(MOV) ,rflags ,CMP,3,SUB,3,MOV,4,SUB,3,ADD,3,MOV,3,TEST,2,JLE,6,LEA,5,MOV,3,0,1,0,0,0,CALL,0,1,1,0,0,0,JLE,0,0,4788688,4788769,4788758,0,0,1,0,cpp,8.430472692599637e-09,0.4915730337078651,0,0,0
0x491177,JNZ,23,2,4,2,0x491170,CMP,1,Leaf,rdi(-1) rip(JNZ) ,rflags ,CMP,7,INVALID,0,INVALID,0,INVALID,0,INVALID,0,RET_NEAR,2,JMP,5,INVALID,0,INVALID,0,INVALID,0,0,1,0,0,0,JMP,0,0,1,0,0,0,REPZ RET,0,0,4788592,4788603,4788601,0,0,0,0,cpp,1.0893307411786045e-10,0.0869565217391304,0,0,0
0x491052,JBE,145403,145403,30,2,0x49104b,CMP,1,NonLeaf,rdx(LEA) ,rflags ,CMP,7,LEA,4,CMOVB,4,CMP,3,LEA,4,CMP,3,JNB,2,ADD,7,AND,6,SUB,3,0,1,1,0,0,LEA,0,0,1,0,0,0,JAE,0,0,4788284,4788336,4788308,0,0,0,0,cpp,6.886606859112724e-07,1.0,1,0,1
0x49103a,JBE,146287,884,58,2,0x491033,CMP,1,NonLeaf,rbx(-1) rsi(-1) ,rflags ,LEA,4,CMP,3,JNBE,2,CMP,3,MOV,3,LEA,4,CMP,3,CMOVB,4,LEA,4,CMP,7,0,1,1,0,0,CALL,0,1,1,0,0,0,JBE,0,0,4788275,4788340,4788284,0,1,1,0,cpp,6.928475049338893e-07,0.0060429156384367,0,0,0
0x491031,JNBE,146287,0,85,2,0x49102e,CMP,1,NonLeaf,rdi(-1) rax(MOV) ,rflags ,CMP,3,MOV,3,PUSH,1,MOV,10,INVALID,0,CMP,3,LEA,4,JBE,2,LEA,4,CMP,3,0,1,0,0,0,CALL,0,1,1,0,0,0,JBE,0,0,4788256,4788358,4788275,0,1,1,0,cpp,6.928475049338893e-07,0.0,0,0,0
0x490e48,JLE,1,1,16,2,0x490e41,CMP,1,NonLeaf,rbx(SUB) ,rflags ,CMP,7,MOV,5,SUB,3,JNZ,2,TEST,2,ADD,4,POP,1,POP,1,POP,2,POP,2,0,1,0,0,0,RET,0,0,0,0,0,0,RET,0,0,4787769,4787800,4787786,1,0,0,0,cpp,4.736220613820021e-12,1.0,1,0,1
0x490e37,JNZ,875,874,19,2,0x490e35,TEST,1,NonLeaf,eax(-1) eax(-1) ,rflags ,TEST,2,CALL_NEAR,5,CMOVBE,4,MOV,3,CMP,3,SUB,3,MOV,5,CMP,7,JLE,2,ADD,4,0,1,0,0,0,RET,0,0,1,0,0,0,JLE,0,0,4787765,4787786,4787769,0,0,0,0,cpp,4.1441930370925175e-09,0.9988571428571428,1,0,1
0x4cdbb8,JBE,13,0,13,2,0x4cdbb5,CMP,1,NonLeaf,rax(SUB) rdx(SUB) ,rflags ,CMP,3,SUB,7,MOV,3,SUB,6,MOV,5,MOV,4,ADD,4,POP,1,JMP,2,MOV,4,0,1,0,0,0,CALL,0,1,1,1,0,0,JMP,0,0,5036953,5036997,5036986,0,0,1,0,cpp,6.157086797966026e-11,0.0,0,0,0
0x4cd73a,JZ,11,11,30,2,0x4cd728,SUB,1,NonLeaf,rip(JZ) ,rflags ,MOV,11,SUB,7,JNZ,6,DEC,2,JMP,2,TEST,2,JZ,2,XOR,2,MOV,3,CALL_NEAR,5,0,1,0,0,0,JE,0,0,1,1,0,0,JE,0,0,5035816,5035864,5035836,0,0,1,0,cpp,5.209842675202023e-11,1.0,1,0,1
0x490604,JNS,40412,40412,9,2,0x490602,TEST,1,Leaf,ecx(MOV) ecx(MOV) ,rflags ,TEST,2,MOV,3,MOV,3,JS,2,TEST,3,MOV,7,MOV,3,MOV,3,RET_NEAR,1,NOP,4,0,1,1,0,0,RET,0,0,1,0,0,0,MOV,0,0,4785660,4785677,4785670,0,0,1,1,cpp,1.914001474456947e-07,1.0,1,0,1
0x4905fa,JS,40412,0,30,2,0x4905f7,TEST,1,Leaf,r8d(MOV) r8d(MOV) ,rflags ,TEST,3,MOV,4,MOV,3,INVALID,0,INVALID,0,MOV,3,MOV,3,TEST,2,JNS,2,MOV,7,0,1,0,0,0,JMP,0,0,1,1,0,0,JNS,0,0,4785648,4785688,4785660,0,0,1,0,cpp,1.914001474456947e-07,0.0,0,0,0
0x48aac8,JNZ,11,0,60,2,0x48aabf,XOR,1,NonLeaf,rcx(XOR) fs(-1) ,rcx rflags ,XOR,9,MOV,5,MOV,3,JNZ,2,MOV,7,ADD,4,POP,1,POP,1,POP,2,POP,2,0,1,0,0,0,CALL,0,1,1,0,0,0,RET,0,0,4762298,4762372,4762314,0,0,1,0,cpp,5.209842675202023e-11,0.0,0,0,0
0x48aab5,JNZ,11,0,35,2,0x48aa69,TEST,1,NonLeaf,r12b(-1) ,rflags ,MOV,7,MOV,7,MOV,8,MOV,4,MOV,4,MOV,3,MOV,5,XOR,9,JNZ,2,ADD,4,0,1,0,0,0,CALL,0,1,1,0,0,0,MOV,0,0,4762210,4762328,4762295,0,0,1,0,cpp,5.209842675202023e-11,0.0,0,0,0
0x48aa54,JZ,11,0,172,6,0x48aa52,TEST,1,NonLeaf,al(-1) al(-1) ,rflags ,TEST,2,CALL_NEAR,5,MOV,3,CALL_NEAR,5,MOV,3,MOV,3,CALL_NEAR,5,MOV,7,TEST,4,MOV,4,0,0,0,0,0,JMP,0,0,1,0,0,0,CALL,0,1,4762194,4762368,4762202,0,0,0,1,cpp,5.209842675202023e-11,0.0,0,0,0
0x48aa31,JNZ,11,0,207,6,0x48aa2f,TEST,1,NonLeaf,al(-1) al(-1) ,rflags ,TEST,2,CALL_NEAR,5,XOR,2,MOV,5,MOV,9,MOV,5,MOV,3,MOV,3,MOV,3,CALL_NEAR,5,0,1,0,0,0,JMP,0,0,1,0,0,0,CALL,0,1,4762159,4762368,4762167,0,0,0,1,cpp,5.209842675202023e-11,0.0,0,0,0
0x48a959,JNZ,22,0,19,2,0x48a950,XOR,1,NonLeaf,rsi(XOR) fs(-1) ,rsi rflags ,XOR,9,MOV,5,MOV,3,JNZ,2,TEST,3,ADD,4,POP,1,POP,1,POP,2,RET_NEAR,1,0,1,0,0,0,CALL,0,1,1,0,0,0,RET,0,0,4761931,4761964,4761947,0,0,1,0,cpp,1.0419685350404044e-10,0.0,0,0,0
0x48a946,JNZ,11,0,34,2,0x48a943,TEST,1,NonLeaf,bpl(-1) bpl(-1) ,rflags ,TEST,3,JZ,2,TEST,3,CALL_NEAR,5,MOV,7,MOV,3,MOV,5,XOR,9,JNZ,2,ADD,4,0,0,0,0,0,JMP,0,0,1,0,0,0,MOV,0,0,4761923,4761960,4761928,0,0,0,0,cpp,5.209842675202023e-11,0.0,0,0,0
0x48a941,JZ,11,0,39,2,0x48a93e,TEST,1,NonLeaf,rax(-1) rax(-1) ,rflags ,TEST,3,CALL_NEAR,5,MOV,7,MOV,7,MOV,8,TEST,3,JNZ,2,MOV,3,MOV,5,XOR,9,0,0,0,0,0,JMP,0,0,1,0,0,0,JNE,0,0,4761918,4761960,4761923,0,0,0,0,cpp,5.209842675202023e-11,0.0,0,0,0
0x48a8b9,JZ,22,11,175,6,0x48a8b7,TEST,1,NonLeaf,al(-1) al(-1) ,rflags ,TEST,2,CALL_NEAR,5,XOR,2,MOV,5,MOV,9,MOV,3,MOV,4,CALL_NEAR,5,MOV,2,XOR,3,0,1,0,0,0,JMP,0,0,1,0,0,0,CALL,0,1,4761783,4761960,4761791,0,0,0,1,cpp,1.0419685350404044e-10,0.5,0,0,0
0x48a783,JNZ,11,0,244,6,0x48a778,XOR,1,NonLeaf,rdx(XOR) fs(-1) ,rdx rflags ,MOV,2,XOR,9,MOV,8,NOP,2,JZ,2,ADD,7,POP,1,POP,1,POP,2,POP,2,0,1,0,0,0,CALL,0,1,1,0,0,0,RET,0,0,4761456,4761719,4761481,0,0,1,0,cpp,5.209842675202023e-11,0.0,0,0,0
0x48a752,JZ,11,11,30,2,0x48a74a,CMP,1,NonLeaf,r15(-1) ,rflags ,CMP,8,JB,6,CMP,4,MOV,4,XOR,2,MOV,7,TEST,3,JZ,6,MOV,3,CALL_NEAR,3,0,1,0,0,0,JNE,0,0,1,0,0,0,JE,0,0,4761418,4761456,4761428,0,0,0,0,cpp,5.209842675202023e-11,1.0,1,0,1
0x48a744,JB,11,0,196,6,0x48a740,CMP,1,NonLeaf,rdi(-1) rax(MOV) ,rflags ,CMP,4,MOV,4,XOR,2,MOV,8,MOV,9,CMP,8,JZ,2,MOV,7,TEST,3,JZ,6,0,1,0,0,0,CALL,0,1,1,1,0,0,JE,0,0,4761360,4761608,4761418,0,0,1,0,cpp,5.209842675202023e-11,0.0,0,0,0
0x48a46a,JZ,11,11,7,2,0x48a467,TEST,1,NonLeaf,rdi(MOV) rdi(MOV) ,rflags ,TEST,3,MOV,7,MOV,7,MOV,11,CALL_NEAR,5,CALL_NEAR,5,MOV,11,MOV,11,MOV,11,MOV,11,0,1,1,0,0,RET,0,0,1,0,0,0,CALL,0,1,4760672,4760689,4760684,0,0,1,1,cpp,5.209842675202023e-11,1.0,1,0,1
0x48a447,JZ,11,0,7,2,0x48a444,TEST,1,NonLeaf,rdi(MOV) rdi(MOV) ,rflags ,TEST,3,MOV,7,JZ,2,MOV,3,CMP,7,CALL_NEAR,5,MOV,11,MOV,7,MOV,7,TEST,3,0,1,1,0,0,MOV,0,0,1,0,0,0,CALL,0,1,4760637,4760654,4760649,0,0,1,1,cpp,5.209842675202023e-11,0.0,0,0,0
0x48a43b,JZ,11,0,37,2,0x48a431,CMP,1,NonLeaf,rdi(-1) ,rflags ,MOV,3,CMP,7,PUSH,1,INVALID,0,INVALID,0,MOV,7,TEST,3,JZ,2,CALL_NEAR,5,MOV,11,0,1,1,0,0,JE,0,0,1,0,0,0,JE,0,0,4760624,4760672,4760637,0,1,0,0,cpp,5.209842675202023e-11,0.0,0,0,0
0x48a405,JZ,11,11,11,2,0x48a3fd,CMP,1,NonLeaf,rdi(-1) ,rflags ,CMP,8,JNZ,2,MOV,3,CMP,7,PUSH,1,POP,1,RET_NEAR,1,NOP,7,MOV,7,CALL_NEAR,5,0,1,0,0,0,CALL,0,1,0,0,0,0,RET,0,0,4760573,4760592,4760583,1,0,1,0,cpp,5.209842675202023e-11,1.0,1,0,1
0x48a3fb,JNZ,11,0,12,2,0x48a3f1,CMP,1,NonLeaf,rdi(-1) ,rflags ,MOV,3,CMP,7,PUSH,1,INVALID,0,INVALID,0,CMP,8,JZ,2,POP,1,RET_NEAR,1,NOP,7,0,1,0,0,0,RET,0,0,1,0,0,0,JE,0,0,4760560,4760583,4760573,0,0,0,0,cpp,5.209842675202023e-11,0.0,0,0,0
0x48a38b,JNZ,11,11,21,2,0x48a389,TEST,1,NonLeaf,al(-1) al(-1) ,rflags ,TEST,2,CALL_NEAR,5,MOV,11,MOV,11,MOV,11,POP,1,POP,1,POP,2,POP,2,POP,2,0,1,0,0,0,CALL,0,1,1,0,0,0,RET,0,0,4760457,4760480,4760461,0,0,1,0,cpp,5.209842675202023e-11,1.0,1,0,1
0x4893bd,JNLE,11,11,-180,6,0x4893b0,CMP,0,NonLeaf,rax(-1) ,rflags ,JZ,6,MOV,3,CMP,4,CALL_NEAR,5,MOV,3,JMP,5,NOP,8,MOV,7,MOV,5,LEA,4,0,0,0,0,0,JE,0,0,1,0,0,0,JMP,0,0,4756413,4756233,4756419,0,0,1,0,cpp,5.209842675202023e-11,1.0,1,0,1
0x4893b7,JZ,12,1,265,6,0x4893b0,CMP,1,NonLeaf,rax(-1) ,rflags ,MOV,3,CMP,4,CALL_NEAR,5,MOV,3,LEA,4,JNLE,6,JMP,5,NOP,8,MOV,7,MOV,5,0,1,0,0,0,JMP,0,0,1,0,0,0,JG,0,0,4756400,4756672,4756413,0,0,1,0,cpp,5.6834647365840245e-11,0.0833333333333333,0,0,0
0x48931d,JZ,11,0,403,6,0x489309,TEST,1,NonLeaf,r14(-1) ,rflags ,MOV,4,MOV,4,MOV,7,TEST,5,JLE,6,LEA,4,MOV,4,MOV,8,MOV,8,MOV,8,0,1,0,0,0,JMP,0,0,1,0,0,0,MOV,0,0,4756233,4756656,4756259,0,0,1,1,cpp,5.209842675202023e-11,0.0,0,0,0
0x4892eb,JNZ,12,0,765,6,0x4892e2,XOR,1,NonLeaf,rcx(XOR) fs(-1) ,rcx rflags ,XOR,9,MOV,5,MOV,5,NOP,7,JMP,5,ADD,4,POP,1,POP,1,POP,2,POP,2,0,1,0,0,0,CALL,0,1,1,0,0,0,RET,0,0,4756189,4756968,4756209,0,0,1,0,cpp,5.6834647365840245e-11,0.0,0,0,0
0x489157,JNZ,12,12,585,6,0x489155,TEST,1,NonLeaf,al(-1) al(-1) ,rflags ,TEST,2,CALL_NEAR,3,MOV,3,JZ,6,TEST,3,MOV,7,MOV,3,CALL_NEAR,3,TEST,2,JLE,6,0,1,0,0,0,CALL,0,1,1,0,0,0,CALL,0,1,4755797,4756384,4755805,0,0,1,1,cpp,5.6834647365840245e-11,1.0,1,0,1
0x489149,JZ,12,0,1200,6,0x489146,TEST,1,NonLeaf,rdi(MOV) rdi(MOV) ,rflags ,TEST,3,CMOVNB,4,CMP,4,LEA,4,MOV,5,MOV,3,CALL_NEAR,3,TEST,2,JNZ,6,MOV,7,0,1,0,0,0,CALL,0,1,1,0,0,0,CALL,0,1,4755751,4756985,4755791,0,0,1,1,cpp,5.6834647365840245e-11,0.0,0,0,0
0x489121,JNBE,12,0,554,6,0x48911e,CMP,1,NonLeaf,rdx(MOV) rax(-1) ,rflags ,CMP,3,MOV,4,JNZ,6,CMP,8,MOV,4,MOV,7,MOV,7,MOV,5,LEA,4,CMP,4,0,1,0,0,0,JMP,0,0,1,0,0,0,JE,0,0,4755742,4756299,4755751,1,0,0,0,cpp,5.6834647365840245e-11,0.0,0,0,0
0x489114,JNZ,12,0,828,6,0x48910c,CMP,1,NonLeaf,r14(-1) ,rflags ,CMP,8,MOV,4,JNZ,6,CMP,7,JZ,6,MOV,4,CMP,3,JNBE,6,MOV,7,MOV,7,0,1,0,0,0,JMP,0,0,1,0,0,0,MOV,0,0,4755724,4756560,4755738,0,0,1,0,cpp,5.6834647365840245e-11,0.0,0,0,0
0x489102,JNZ,12,0,590,6,0x4890fb,CMP,1,NonLeaf,rdi(-1) ,rflags ,CMP,7,JZ,6,TEST,4,XOR,2,MOV,5,MOV,4,CMP,8,JNZ,6,MOV,4,CMP,3,0,1,0,0,0,CALL,0,1,1,0,0,0,MOV,0,0,4755707,4756304,4755720,0,0,1,0,cpp,5.6834647365840245e-11,0.0,0,0,0
0x4890f5,JZ,12,0,483,6,0x4890f1,TEST,1,NonLeaf,rdi(-1) ,rflags ,TEST,4,XOR,2,MOV,5,MOV,9,SUB,4,CMP,7,JNZ,6,MOV,4,CMP,8,JNZ,6,0,1,0,0,0,MOV,0,0,1,0,0,0,JNE,0,0,4755664,4756184,4755707,0,0,0,0,cpp,5.6834647365840245e-11,0.0,0,0,0
0x4c0b3b,JNZ,18790,0,4401,6,0x4c0b35,TEST,1,NonLeaf,r12(MOV) ,rflags ,TEST,6,MOV,7,MOV,7,MOV,7,JMP,5,MOV,7,MOV,7,TEST,3,JZ,6,MOV,7,0,1,0,0,0,CALL,0,1,1,0,0,0,MOV,0,0,4983605,4988012,4983617,0,0,1,0,cpp,8.89935853336782e-08,0.0,0,0,0
0x4c0152,JZ,1936,0,-42,2,0x4c014f,TEST,1,NonLeaf,rdx(MOV) rdx(MOV) ,rflags ,TEST,3,MOV,3,LEA,8,MOVSXD,3,MOV,3,BSR,6,XOR,4,TEST,2,MOV,3,JZ,6,1,1,0,0,0,JNE,0,0,0,0,0,0,JE,1,0,4981054,4981032,4981076,0,0,0,0,cpp,9.169323108355561e-09,0.0,0,0,0
0x4be0e7,JNB,58070,0,2778,6,0x4be0e4,CMP,1,NonLeaf,edx(-1) ,rflags ,CMP,3,JNZ,6,CMP,7,JMP,2,MOV,4,MOV,2,ADD,4,ADD,3,MOV,3,MOVSXD,3,0,1,0,0,0,JMP,0,0,1,0,0,0,MOV,0,0,4972772,4975553,4972781,0,1,1,1,cpp,2.750323310445286e-07,0.0,0,0,0
0x47b2c9,JZ,4,0,29,2,0x47b2c6,TEST,1,NonLeaf,rdi(MOV) rdi(MOV) ,rflags ,TEST,3,MOV,4,JNB,2,MOV,4,CMP,4,LEA,7,LEA,7,XOR,2,CALL_NEAR,5,TEST,3,0,0,1,0,0,RET,0,0,1,0,0,0,CALL,0,1,4698818,4698854,4698827,0,0,0,1,cpp,1.894488245528008e-11,0.0,0,0,0
0x47b2c0,JNB,4,0,38,2,0x47b2b8,CMP,1,NonLeaf,rcx(MOV) rdx(MOV) ,rflags ,MOV,4,CMP,4,XOR,2,MOV,3,MOV,3,MOV,4,TEST,3,JZ,2,LEA,7,LEA,7,0,1,1,0,0,RET,0,0,1,0,0,0,JE,0,0,4698800,4698854,4698818,0,0,0,0,cpp,1.894488245528008e-11,0.0,0,0,0
0x47b279,JZ,4,0,29,2,0x47b276,TEST,1,NonLeaf,rdi(MOV) rdi(MOV) ,rflags ,TEST,3,MOV,4,JNB,2,MOV,4,CMP,4,LEA,7,LEA,7,XOR,2,CALL_NEAR,5,TEST,3,0,0,1,0,0,RET,0,0,1,0,0,0,CALL,0,1,4698738,4698774,4698747,0,0,0,1,cpp,1.894488245528008e-11,0.0,0,0,0
0x47b270,JNB,4,0,38,2,0x47b268,CMP,1,NonLeaf,rcx(MOV) rdx(MOV) ,rflags ,MOV,4,CMP,4,XOR,2,MOV,3,MOV,3,MOV,4,TEST,3,JZ,2,LEA,7,LEA,7,0,1,1,0,0,RET,0,0,1,0,0,0,JE,0,0,4698720,4698774,4698738,0,0,0,0,cpp,1.894488245528008e-11,0.0,0,0,0
0x47b139,JZ,4,0,29,2,0x47b136,TEST,1,NonLeaf,rdi(MOV) rdi(MOV) ,rflags ,TEST,3,MOV,4,JNB,2,MOV,4,CMP,4,LEA,7,LEA,7,XOR,2,CALL_NEAR,5,TEST,3,0,0,1,0,0,RET,0,0,1,0,0,0,CALL,0,1,4698418,4698454,4698427,0,0,0,1,cpp,1.894488245528008e-11,0.0,0,0,0
0x47b130,JNB,4,0,38,2,0x47b128,CMP,1,NonLeaf,rcx(MOV) rdx(MOV) ,rflags ,MOV,4,CMP,4,XOR,2,MOV,3,MOV,3,MOV,4,TEST,3,JZ,2,LEA,7,LEA,7,0,1,1,0,0,RET,0,0,1,0,0,0,JE,0,0,4698400,4698454,4698418,0,0,0,0,cpp,1.894488245528008e-11,0.0,0,0,0
0x479fee,JZ,4,0,9,2,0x479feb,TEST,1,NonLeaf,rax(-1) rax(-1) ,rflags ,TEST,3,CALL_NEAR,5,XOR,2,LEA,7,LEA,7,POP,1,RET_NEAR,1,CALL_NEAR,5,CALL_NEAR,5,NOP,4,0,1,0,0,0,CALL,0,1,1,0,0,0,RET,0,0,4693995,4694007,4694000,0,0,1,0,cpp,1.894488245528008e-11,0.0,0,0,0
0x479fd4,JZ,4,0,30,2,0x479fd1,TEST,1,NonLeaf,rdi(MOV) rdi(MOV) ,rflags ,TEST,3,MOV,4,JNB,2,MOV,4,CMP,4,LEA,7,LEA,7,XOR,2,CALL_NEAR,5,TEST,3,0,0,0,0,0,CALL,0,1,1,0,0,0,CALL,0,1,4693965,4694002,4693974,0,0,1,1,cpp,1.894488245528008e-11,0.0,0,0,0
0x479fcb,JNB,4,0,39,2,0x479fc3,CMP,1,NonLeaf,rax(-1) rdx(MOV) ,rflags ,MOV,4,CMP,4,MOV,3,CALL_NEAR,5,LEA,7,MOV,4,TEST,3,JZ,2,LEA,7,LEA,7,0,1,0,0,0,CALL,0,1,1,0,0,0,JE,0,0,4693952,4694002,4693965,0,0,1,0,cpp,1.894488245528008e-11,0.0,0,0,0
0x479f9e,JZ,4,0,9,2,0x479f9b,TEST,1,NonLeaf,rax(-1) rax(-1) ,rflags ,TEST,3,CALL_NEAR,5,XOR,2,LEA,7,LEA,7,POP,1,RET_NEAR,1,CALL_NEAR,5,CALL_NEAR,5,NOP,4,0,1,0,0,0,CALL,0,1,1,0,0,0,RET,0,0,4693915,4693927,4693920,0,0,1,0,cpp,1.894488245528008e-11,0.0,0,0,0
0x479f84,JZ,4,0,30,2,0x479f81,TEST,1,NonLeaf,rdi(MOV) rdi(MOV) ,rflags ,TEST,3,MOV,4,JNB,2,MOV,4,CMP,4,LEA,7,LEA,7,XOR,2,CALL_NEAR,5,TEST,3,0,0,0,0,0,CALL,0,1,1,0,0,0,CALL,0,1,4693885,4693922,4693894,0,0,1,1,cpp,1.894488245528008e-11,0.0,0,0,0
0x479f7b,JNB,4,0,39,2,0x479f73,CMP,1,NonLeaf,rax(-1) rdx(MOV) ,rflags ,MOV,4,CMP,4,MOV,3,CALL_NEAR,5,LEA,7,MOV,4,TEST,3,JZ,2,LEA,7,LEA,7,0,1,0,0,0,CALL,0,1,1,0,0,0,JE,0,0,4693872,4693922,4693885,0,0,1,0,cpp,1.894488245528008e-11,0.0,0,0,0
0x47933e,JZ,4,0,9,2,0x47933b,TEST,1,NonLeaf,rax(-1) rax(-1) ,rflags ,TEST,3,CALL_NEAR,5,XOR,2,LEA,7,LEA,7,POP,1,RET_NEAR,1,CALL_NEAR,5,CALL_NEAR,5,NOP,4,0,1,0,0,0,CALL,0,1,1,0,0,0,RET,0,0,4690747,4690759,4690752,0,0,1,0,cpp,1.894488245528008e-11,0.0,0,0,0
0x479324,JZ,4,0,30,2,0x479321,TEST,1,NonLeaf,rdi(MOV) rdi(MOV) ,rflags ,TEST,3,MOV,4,JNB,2,MOV,4,CMP,4,LEA,7,LEA,7,XOR,2,CALL_NEAR,5,TEST,3,0,0,0,0,0,CALL,0,1,1,0,0,0,CALL,0,1,4690717,4690754,4690726,0,0,1,1,cpp,1.894488245528008e-11,0.0,0,0,0
0x47931b,JNB,4,0,39,2,0x479313,CMP,1,NonLeaf,rax(-1) rdx(MOV) ,rflags ,MOV,4,CMP,4,MOV,3,CALL_NEAR,5,LEA,7,MOV,4,TEST,3,JZ,2,LEA,7,LEA,7,0,1,0,0,0,CALL,0,1,1,0,0,0,JE,0,0,4690704,4690754,4690717,0,0,1,0,cpp,1.894488245528008e-11,0.0,0,0,0
0x475c57,JNLE,40412,0,18,2,0x475c54,CMP,1,NonLeaf,r14(-1) rbp(-1) ,rflags ,CMP,3,ADD,4,CALL_NEAR,5,ADD,3,MOV,3,POP,1,MOV,3,POP,1,POP,2,POP,2,0,1,0,0,0,JMP,0,0,0,1,0,0,RET,0,0,4676688,4676713,4676697,0,1,0,0,cpp,1.914001474456947e-07,0.0,0,0,0
0x475c33,JZ,1949,0,-43,2,0x475c30,SUB,1,NonLeaf,rax(SUB) rdi(MOV) ,rax rflags ,SUB,3,MOV,4,MOV,4,JLE,2,CMP,3,MOV,3,MOV,3,SUB,3,CMP,3,CMOVNLE,4,0,0,0,1,1,CALL,0,1,0,0,0,0,CALL,1,1,4676648,4676616,4676661,0,0,1,1,cpp,9.23089397633522e-09,0.0,0,1,0
0x475c26,JLE,40412,38463,51,2,0x475c23,CMP,1,NonLeaf,r14(-1) rbp(ADD) ,rflags ,CMP,3,ADD,4,ADD,4,JZ,2,CMP,3,MOV,4,MOV,4,SUB,3,JZ,2,MOV,3,0,0,1,0,0,RET,1,0,1,0,0,0,JE,0,0,4676635,4676697,4676648,1,0,0,0,cpp,1.914001474456947e-07,0.9517717509650598,1,1,1
0x475c19,JZ,40412,0,64,2,0x475c16,CMP,1,NonLeaf,eax(-1) ,rflags ,CMP,3,CALL_NEAR,3,MOV,3,MOVZX,5,MOV,3,ADD,4,ADD,4,CMP,3,JLE,2,MOV,4,0,0,1,0,0,RET,1,0,1,0,0,0,JLE,0,0,4676630,4676697,4676635,0,0,0,0,cpp,1.914001474456947e-07,0.0,0,0,0
0x475c03,JNZ,78875,38463,50,2,0x475c00,SUB,1,NonLeaf,rax(SUB) rdi(MOV) ,rax rflags ,SUB,3,MOV,4,MOV,4,MOV,3,XOR,2,NOP,3,MOV,3,MOVZX,5,MOV,3,CALL_NEAR,3,0,1,0,0,0,CALL,0,1,1,0,0,0,NOP,0,0,4676592,4676661,4676613,0,0,1,0,cpp,3.735694009150541e-07,0.4876450079239303,0,0,0
0x475bee,JLE,78875,0,119,2,0x475be2,TEST,1,NonLeaf,rdx(-1) rdx(-1) ,rflags ,PUSH,1,PUSH,1,PUSH,2,PUSH,2,MOV,3,MOV,3,XOR,2,MOV,3,MOV,4,MOV,4,0,1,0,0,0,JMP,0,0,1,0,0,0,JNE,0,0,4676576,4676709,4676592,0,0,0,0,cpp,3.735694009150541e-07,0.0,0,0,0
0x475a2d,JZ,22,11,17,2,0x475a2a,CMP,1,NonLeaf,eax(-1) ,rflags ,CMP,3,CALL_NEAR,3,MOV,3,PUSH,1,MOV,3,MOV,4,MOVZX,3,ADD,4,MOV,4,POP,1,0,1,1,0,0,RET,0,0,1,0,0,0,MOV,0,0,4676138,4676158,4676143,0,0,0,1,cpp,1.0419685350404044e-10,0.5,0,0,0
0x4b1e4e,JBE,10,0,41,2,0x4b1e4b,CMP,1,NonLeaf,r13(-1) r14(-1) ,rflags ,CMP,3,MOV,3,NOP,5,JNZ,6,CMP,4,CMP,4,JNZ,2,MOV,3,NOP,7,SUB,4,0,1,1,0,0,JNE,1,0,1,0,0,0,JNE,0,0,4922955,4922999,4922960,0,0,0,0,cpp,4.7362206138200205e-11,0.0,0,0,0
0x4b0ce5,JZ,1,1,109,2,0x4b0ce2,TEST,1,NonLeaf,rax(MOV) rax(MOV) ,rflags ,TEST,3,MOV,8,MOV,3,JNZ,2,TEST,3,MOV,3,MOV,3,JMP,2,MOV,3,NOP,6,0,0,0,0,0,JE,1,0,1,0,0,0,JMP,0,0,4918487,4918610,4918503,0,0,0,0,cpp,4.736220613820021e-12,1.0,1,0,1
0x47159c,JNZ,40412,40412,-319,6,0x471599,CMP,1,NonLeaf,rsi(-1) rcx(MOV) ,rflags ,CMP,3,MOV,10,RET_NEAR,1,POP,2,POP,2,OR,3,JMP,2,CALL_NEAR,5,XOR,2,NOP,2,0,0,0,0,0,JNE,0,0,0,0,0,0,JMP,0,0,4658575,4658269,4658594,0,0,0,0,cpp,1.914001474456947e-07,1.0,1,0,1
0x471580,JNZ,40412,0,39,2,0x471577,XOR,1,NonLeaf,rcx(XOR) fs(-1) ,rcx rflags ,XOR,9,MOV,5,MOV,2,ADD,5,MOV,3,ADD,4,POP,1,POP,1,POP,2,POP,2,0,1,0,0,0,CALL,0,1,1,0,0,0,RET,0,0,4658546,4658599,4658562,0,0,1,0,cpp,1.914001474456947e-07,0.0,0,0,0
0x471536,JZ,40412,40412,53,2,0x471533,CMP,1,NonLeaf,rdi(LEA) r13(-1) ,rflags ,CMP,3,LEA,4,MOV,5,CALL_NEAR,5,MOV,4,CMP,8,LEA,4,JZ,6,OR,3,XADD_LOCK,4,0,0,1,0,0,MOV,0,0,1,0,0,0,JE,0,0,4658474,4658539,4658488,0,0,1,0,cpp,1.914001474456947e-07,1.0,1,0,1
0x4714fc,JNZ,40412,40412,182,6,0x4714f9,CMP,1,NonLeaf,rdx(LEA) r13(-1) ,rflags ,CMP,3,LEA,4,MOV,5,MOV,4,MOV,4,LEA,4,MOV,3,CALL_NEAR,5,MOV,4,MOV,4,0,1,0,0,0,JMP,0,0,1,1,0,0,CALL,0,1,4658412,4658610,4658434,0,0,1,1,cpp,1.914001474456947e-07,1.0,1,0,1
0x4714d6,JLE,40412,40412,22,2,0x4714d4,TEST,1,NonLeaf,ecx(MOV) ecx(MOV) ,rflags ,TEST,2,MOV,3,JNBE,2,CMP,4,LEA,4,MOV,3,MOV,3,CALL_NEAR,5,MOV,5,MOV,4,0,0,1,0,0,JNE,0,0,0,0,0,0,CALL,0,1,4658385,4658412,4658392,0,0,1,1,cpp,1.914001474456947e-07,1.0,1,0,1
0x4714cf,JNBE,40412,0,9,2,0x4714cb,CMP,1,NonLeaf,r14(LEA) rax(MOV) ,rflags ,CMP,4,LEA,4,MOV,4,MOV,5,CALL_NEAR,5,MOV,3,TEST,2,JLE,2,MOV,3,MOV,3,0,1,0,0,0,CALL,0,1,1,0,0,0,JLE,0,0,4658366,4658392,4658385,0,0,1,0,cpp,1.914001474456947e-07,0.0,0,0,0
0x4714ad,JZ,40412,40412,17,2,0x4714aa,TEST,1,NonLeaf,rsi(MOV) rsi(MOV) ,rflags ,TEST,3,MOV,4,CALL_NEAR,5,MOV,5,LEA,4,MOV,4,MOV,3,SUB,3,CALL_NEAR,5,MOV,5,0,1,1,0,0,JA,0,0,1,0,0,0,CALL,0,1,4658342,4658366,4658351,0,0,0,1,cpp,1.914001474456947e-07,1.0,1,0,1
0x471474,JBE,40412,40412,21,2,0x47146e,CMP,1,NonLeaf,rax(LEA) ,rflags ,CMP,6,MOV,5,LEA,4,JNZ,6,TEST,2,MOV,10,CMP,3,JBE,6,LEA,7,LEA,5,0,1,1,0,0,CALL,0,1,1,0,0,0,JBE,0,0,4658277,4658313,4658294,0,0,1,0,cpp,1.914001474456947e-07,1.0,1,0,1
0x471457,JNB,40412,40412,312,6,0x471450,CMP,1,NonLeaf,rax(MOV) rdi(-1) ,rflags ,SETB,3,CMP,4,MOV,4,MOV,4,MOV,4,TEST,2,JNZ,6,LEA,4,MOV,5,CMP,6,0,1,0,0,0,JNE,0,0,1,0,0,0,JNE,0,0,4658244,4658575,4658269,0,0,0,0,cpp,1.914001474456947e-07,1.0,1,0,1
0x47143e,JZ,40412,0,366,6,0x471439,CMP,1,NonLeaf,esi(-1) ,rflags ,MOV,2,CMP,3,JZ,6,TEST,4,XOR,2,MOV,4,MOV,4,MOV,4,CMP,4,SETB,3,0,1,0,0,0,JMP,0,0,1,0,0,0,JAE,0,0,4658233,4658604,4658244,0,0,0,0,cpp,1.914001474456947e-07,0.0,0,0,0
0x471433,JZ,40412,0,367,6,0x47142f,TEST,1,NonLeaf,rdi(-1) ,rflags ,TEST,4,XOR,2,MOV,5,MOV,9,SUB,4,CMP,3,MOV,2,JZ,6,MOV,4,MOV,4,0,1,0,0,0,JMP,0,0,1,0,0,0,JE,0,0,4658192,4658594,4658233,0,0,0,0,cpp,1.914001474456947e-07,0.0,0,0,0
0x47135e,JNZ,40412,0,-21,2,0x47135b,TEST,1,NonLeaf,r12b(-1) r12b(-1) ,rflags ,TEST,3,CALL_NEAR,5,MOV,3,MOV,3,NOP,2,MOV,4,MOV,4,MOV,4,POP,1,POP,1,0,0,0,0,0,RET,0,0,1,0,0,0,RET,0,0,4658011,4657993,4658016,0,0,0,1,cpp,1.914001474456947e-07,0.0,0,0,0
0x471347,JNZ,40441,40412,9,2,0x471345,TEST,1,NonLeaf,edi(-1) edi(-1) ,rflags ,TEST,2,MOV,4,MOV,4,MOV,4,ADD,3,POP,1,POP,1,POP,2,RET_NEAR,1,NOP,2,0,1,0,0,0,CALL,0,1,1,0,0,0,RET,0,0,4657989,4658000,4657993,0,0,1,0,cpp,1.9153749784349545e-07,0.9992829059617716,1,0,1
0x471334,JZ,40441,40412,17,2,0x471331,TEST,1,NonLeaf,r12b(-1) r12b(-1) ,rflags ,TEST,3,MOV,3,XOR,2,ADD,3,JZ,2,ADD,3,MOV,4,MOV,4,MOV,4,TEST,2,0,1,1,0,0,JNE,0,0,1,0,0,0,MOV,0,0,4657969,4657989,4657974,0,0,0,1,cpp,1.9153749784349545e-07,0.9992829059617716,1,0,1
0x471327,JZ,40441,40441,81,2,0x471320,CMP,1,NonLeaf,rsi(-1) rax(MOV) ,rflags ,MOV,4,CMP,3,ADD,4,MOV,4,MOV,2,ADD,3,XOR,2,MOV,3,TEST,3,JZ,2,0,1,0,0,0,JMP,0,0,1,0,0,0,MOV,0,0,4657920,4658040,4657961,0,0,0,0,cpp,1.9153749784349545e-07,1.0,1,0,1
0x4712c3,JLE,40412,40412,50,2,0x4712b0,CMP,1,Leaf,rcx(-1) ,rflags ,MOV,4,MOV,4,MOV,4,CMP,7,INVALID,0,ADD,7,NOP,4,SUB,7,MOV,3,ADD,7,0,1,0,0,0,JMP,1,0,1,0,0,0,NOP,0,0,4657840,4657909,4657861,0,0,0,0,cpp,1.914001474456947e-07,1.0,1,0,1
0x4701b2,JNB,29,29,46,2,0x4701af,CMP,1,Leaf,rdx(MOV) rax(-1) ,rflags ,CMP,3,MOV,4,MOV,3,JNBE,2,CMP,3,MOVZX,3,RET_NEAR,1,NOP,8,MOV,4,JMP,2,0,0,0,0,0,RET,0,0,1,0,0,0,RET,0,0,4653483,4653536,4653492,0,0,0,0,cpp,1.3735039780078059e-10,1.0,1,0,1
0x47019d,JZ,29,29,51,2,0x47019a,TEST,1,Leaf,rax(MOV) rax(MOV) ,rflags ,TEST,3,MOV,4,JZ,2,TEST,4,INVALID,0,MOV,4,CMP,3,JNBE,2,MOV,3,MOV,4,0,1,0,0,0,JMP,0,0,1,0,0,0,JA,0,0,4653462,4653520,4653471,0,0,0,0,cpp,1.3735039780078059e-10,1.0,1,0,1
0x470194,JZ,29,0,76,2,0x470190,TEST,1,Leaf,rdi(-1) ,rflags ,TEST,4,INVALID,0,INVALID,0,INVALID,0,INVALID,0,MOV,4,TEST,3,JZ,2,MOV,4,CMP,3,0,1,0,0,0,RET,0,0,1,0,0,0,JE,0,0,4653456,4653536,4653462,0,0,0,0,cpp,1.3735039780078059e-10,0.0,0,0,0
0x46df61,JNZ,3,3,23,2,0x46df5e,CMP,1,NonLeaf,eax(-1) ,rflags ,CMP,3,CALL_NEAR,3,MOV,3,JZ,2,TEST,3,MOV,3,MOV,3,ADD,4,MOV,3,OR,3,0,0,1,0,0,RET,0,0,1,0,0,0,CALL,0,1,4644702,4644728,4644707,0,0,0,1,cpp,1.420866184146006e-11,1.0,1,1,1
0x46df56,JZ,3,0,34,2,0x46df53,TEST,1,NonLeaf,rdi(MOV) rdi(MOV) ,rflags ,TEST,3,MOV,8,MOV,4,MOV,3,MOV,3,MOV,3,CALL_NEAR,3,CMP,3,JNZ,2,MOV,3,0,1,1,0,0,RET,0,0,1,0,0,0,CALL,0,1,4644672,4644728,4644696,0,0,0,1,cpp,1.420866184146006e-11,0.0,0,0,0
0x46ce76,JZ,38463,0,10,2,0x46ce73,CMP,1,Leaf,eax(-1) ,rflags ,CMP,3,JZ,2,CMP,3,AND,3,MOV,4,MOVSXD,3,JMP,5,MOV,2,JMP,5,INVALID,0,0,0,0,0,0,JMP,0,0,1,0,0,0,JMP,0,0,4640371,4640384,4640376,0,0,0,0,cpp,1.8216925346935944e-07,0.0,0,0,0
0x46ce71,JZ,38463,0,15,2,0x46ce6e,CMP,1,Leaf,eax(AND) ,rflags ,CMP,3,AND,3,MOV,4,MOV,4,MOV,3,CMP,3,JZ,2,MOVSXD,3,JMP,5,MOV,2,0,1,0,0,0,JMP,0,0,1,0,0,0,JE,0,0,4640352,4640384,4640371,0,0,0,0,cpp,1.8216925346935944e-07,0.0,0,0,0
0x46cd2d,JNZ,38463,0,94,2,0x46cd21,XOR,1,NonLeaf,rcx(XOR) fs(-1) ,rcx rflags ,MOV,3,XOR,9,MOV,5,JZ,2,CMP,3,ADD,4,POP,1,POP,1,POP,2,POP,2,0,1,0,0,0,CALL,0,1,1,0,0,0,RET,0,0,4640028,4640139,4640047,0,0,1,0,cpp,1.8216925346935944e-07,0.0,0,0,0
0x46ccfa,JZ,38463,38463,34,2,0x46ccf3,TEST,1,NonLeaf,rax(ADD) ,rflags ,MOV,3,TEST,4,ADD,4,MOV,3,MOV,5,CALL_NEAR,5,TEST,2,JNZ,2,MOV,7,TEST,3,0,1,1,0,0,JNE,0,0,1,0,0,0,CALL,0,1,4639975,4640028,4639996,0,0,0,1,cpp,1.8216925346935944e-07,1.0,1,0,1
0x46ccd0,JZ,38463,38463,23,2,0x46ccce,TEST,1,NonLeaf,dl(-1) dl(-1) ,rflags ,TEST,2,CALL_NEAR,4,SETZ,3,TEST,3,MOV,3,MOV,3,MOV,3,ADD,4,MOV,3,OR,3,0,0,1,0,0,JE,0,0,1,0,0,0,CALL,0,1,4639950,4639975,4639954,0,0,0,1,cpp,1.8216925346935944e-07,1.0,1,0,1
0x46cc88,JZ,38463,1,232,6,0x46cc83,CMP,1,NonLeaf,r15(-1) ,rflags ,CMP,5,JZ,6,TEST,3,MOV,7,JNZ,6,MOVZX,5,MOV,6,MOV,3,MOV,3,MOV,7,0,1,0,0,0,CALL,0,1,1,0,0,0,MOVZX,0,0,4639875,4640112,4639886,0,0,1,0,cpp,1.8216925346935944e-07,2.5999012037542573e-05,0,0,0
0x46cc7d,JZ,38463,0,316,6,0x46cc7a,TEST,1,NonLeaf,r15(MOV) r15(MOV) ,rflags ,TEST,3,MOV,7,JNZ,6,CMP,7,JZ,6,CMP,5,JZ,6,MOVZX,5,MOV,6,MOV,3,0,1,0,0,0,CALL,0,1,1,0,0,0,JE,0,0,4639859,4640185,4639875,0,0,1,0,cpp,1.8216925346935944e-07,0.0,0,0,0
0x46cc6d,JNZ,38463,0,211,6,0x46cc66,CMP,1,NonLeaf,rbp(-1) ,rflags ,CMP,7,JZ,6,TEST,3,MOV,7,ADD,4,MOV,7,TEST,3,JZ,6,CMP,5,JZ,6,0,1,0,0,0,JMP,0,0,1,0,0,0,JE,0,0,4639846,4640064,4639859,0,0,0,0,cpp,1.8216925346935944e-07,0.0,0,0,0
0x46cc60,JZ,38463,0,304,6,0x46cc5d,TEST,1,NonLeaf,r12(MOV) r12(MOV) ,rflags ,TEST,3,MOV,7,ADD,4,MOV,3,MOV,3,CMP,7,JNZ,6,MOV,7,TEST,3,JZ,6,0,1,0,0,0,CALL,0,1,1,0,0,0,JNE,0,0,4639820,4640144,4639846,0,0,1,0,cpp,1.8216925346935944e-07,0.0,0,0,0
0x46cc46,JZ,38463,0,161,6,0x46cc42,CMP,1,NonLeaf,rsp(-1) ,rflags ,CMP,4,CALL_NEAR,5,XOR,2,MOV,5,MOV,9,MOV,3,MOV,3,ADD,4,MOV,7,TEST,3,0,1,0,0,0,JE,0,0,1,0,0,0,JE,0,0,4639810,4639975,4639820,0,0,0,0,cpp,1.8216925346935944e-07,0.0,0,0,0
0x46c81b,JNZ,40412,0,-132,6,0x46c815,CMP,1,NonLeaf,r14(-1) rax(MOV) ,rflags ,MOV,3,CMP,3,CALL_NEAR,3,MOV,3,MOV,5,JMP,2,NOP,5,MOV,8,MOV,3,MOV,5,0,0,0,0,0,CALL,0,1,1,0,0,0,JMP,0,0,4638741,4638615,4638753,0,0,1,0,cpp,1.914001474456947e-07,0.0,0,0,0
0x46c6d1,JNZ,40412,0,721,6,0x46c6c5,XOR,1,NonLeaf,rcx(XOR) fs(-1) ,rcx rflags ,MOV,3,XOR,9,MOV,5,NOP,6,JZ,6,ADD,4,POP,1,POP,1,POP,2,POP,2,0,1,0,0,0,CALL,0,1,1,0,0,0,RET,0,0,4638400,4639138,4638423,0,0,1,0,cpp,1.914001474456947e-07,0.0,0,0,0
0x46c6ab,JZ,40412,40412,21,2,0x46c6a4,TEST,1,NonLeaf,rax(ADD) ,rflags ,MOV,3,TEST,4,ADD,4,MOV,3,MOV,5,CALL_NEAR,5,TEST,2,JZ,6,NOP,6,MOV,5,0,1,1,0,0,JNE,0,0,1,0,0,0,CALL,0,1,4638360,4638400,4638381,0,0,0,1,cpp,1.914001474456947e-07,1.0,1,0,1
0x46c657,JLE,40412,40412,425,6,0x46c64f,CMP,1,NonLeaf,rax(MOV) r14(-1) ,rflags ,MOV,5,CMP,3,MOV,4,LEA,4,MOV,4,MOV,4,MOV,3,AND,5,CMP,3,SETZ,3,0,1,0,0,0,CALL,0,1,1,0,0,0,JE,0,0,4638272,4638720,4638301,0,0,1,1,cpp,1.914001474456947e-07,1.0,1,0,1
0x46c63e,JZ,40412,0,90,2,0x46c639,CMP,1,NonLeaf,rsp(-1) ,rflags ,CMP,5,CALL_NEAR,5,MOV,3,XOR,2,MOV,5,MOV,3,MOV,4,LEA,4,MOV,4,CMP,3,0,1,0,0,0,JE,0,0,1,0,0,0,JLE,0,0,4638265,4638360,4638272,0,0,0,1,cpp,1.914001474456947e-07,0.0,0,0,0
0x46bf34,JNZ,78875,0,20,2,0x46bf32,TEST,1,NonLeaf,esi(MOV) esi(MOV) ,rflags ,TEST,2,MOV,3,ADD,4,MOV,3,MOV,3,MOV,4,ADD,4,POP,1,POP,1,RET_NEAR,1,0,0,0,0,0,JMP,0,0,1,0,0,0,RET,0,0,4636456,4636488,4636470,1,0,0,1,cpp,3.735694009150541e-07,0.0,0,0,0
0x46bf17,JZ,78875,78875,17,2,0x46bf14,TEST,1,NonLeaf,rdi(MOV) rdi(MOV) ,rflags ,TEST,3,MOV,7,ADD,4,MOV,4,MOV,3,MOV,3,TEST,2,JNZ,2,CALL_NEAR,5,MOV,3,0,1,0,0,0,JNE,0,0,1,0,0,0,JNE,0,0,4636400,4636456,4636441,0,0,0,0,cpp,3.735694009150541e-07,1.0,1,0,1
0x46bac1,JNZ,3,3,23,2,0x46babe,CMP,1,NonLeaf,eax(-1) ,rflags ,CMP,3,CALL_NEAR,3,MOV,3,JZ,2,TEST,3,MOV,3,MOV,3,ADD,4,MOV,3,OR,3,0,0,1,0,0,RET,0,0,1,0,0,0,CALL,0,1,4635326,4635352,4635331,0,0,0,1,cpp,1.420866184146006e-11,1.0,1,1,1
0x46bab6,JZ,3,0,34,2,0x46bab3,TEST,1,NonLeaf,rdi(MOV) rdi(MOV) ,rflags ,TEST,3,MOV,8,MOV,4,MOV,3,MOV,3,MOV,3,CALL_NEAR,3,CMP,3,JNZ,2,MOV,3,0,1,1,0,0,RET,0,0,1,0,0,0,CALL,0,1,4635296,4635352,4635320,0,0,0,1,cpp,1.420866184146006e-11,0.0,0,0,0
0x4a6973,JZ,9,0,-1062,6,0x4a6970,TEST,1,NonLeaf,r14(MOV) r14(MOV) ,rflags ,TEST,3,MOV,5,MOV,4,CALL_NEAR,5,LEA,4,MOV,3,XOR,2,AND,3,MOV,3,LEA,5,0,0,0,0,0,XOR,0,0,1,0,0,0,JMP,0,0,4876647,4875597,4876665,0,0,0,1,cpp,4.262598552438018e-11,0.0,0,0,0
0x4a677c,JZ,1,0,-420,6,0x4a6776,CMP,1,NonLeaf,rsp(-1) ,rflags ,CMP,6,AND,7,JZ,6,CMP,3,MOV,2,MOV,5,LEA,8,MOV,3,CALL_NEAR,5,TEST,3,0,0,0,0,0,JA,0,0,0,0,0,0,CALL,0,1,4876150,4875736,4876162,0,1,0,1,cpp,4.736220613820021e-12,0.0,0,0,0
0x4a65e7,JNZ,1,1,-263,6,0x4a65e5,TEST,1,NonLeaf,al(MOVZX) ,rflags ,TEST,2,MOVZX,4,JNBE,6,CMP,3,MOV,4,TEST,2,JZ,6,MOV,4,MOV,4,TEST,3,0,0,0,0,0,JNE,0,0,1,0,0,0,JE,0,0,4875745,4875488,4875757,0,0,0,0,cpp,4.736220613820021e-12,1.0,1,0,1
0x4a51ad,JNZ,2,0,-77,2,0x4a51a8,CMP,1,NonLeaf,rbp(-1) ,rflags ,CMP,5,NOP,7,CALL_NEAR,5,JZ,6,CMP,4,CMP,7,MOV,7,JNZ,2,TEST,7,MOV,4,0,0,1,0,0,NOP,0,0,1,0,0,0,JNE,0,0,4870568,4870496,4870575,0,0,0,0,cpp,9.47244122764004e-12,0.0,0,0,0
0x4a517a,JNZ,34,0,34,2,0x4a5168,CMP,1,NonLeaf,r12(-1) rbx(-1) ,rflags ,MOV,5,MOV,4,CMP,9,NOP,6,XOR,2,CMP,8,JZ,2,TEST,3,JZ,2,LEA,7,1,0,0,0,0,CALL,1,1,1,1,0,0,JE,0,0,4870504,4870556,4870524,0,0,1,0,cpp,1.6103150086988068e-10,0.0,0,0,0
0x51f109,JBE,1,0,87,2,0x51f103,CMP,1,NonLeaf,rax(LEA) ,rflags ,CMP,6,LEA,4,MOV,5,JZ,2,CMP,5,MOV,5,MOV,5,XOR,3,XOR,2,MOV,6,0,1,0,0,0,JMP,0,0,0,0,0,0,MOV,0,0,5370106,5370208,5370123,0,0,0,0,cpp,4.736220613820021e-12,0.0,0,0,0
0x4a4fdb,JNZ,1,0,68,2,0x4a4fd8,CMP,1,NonLeaf,eax(-1) ,rflags ,CMP,3,JZ,2,CMP,3,CALL_NEAR,2,MOV,5,TEST,2,NOP,1,JNZ,2,MOV,3,MOV,3,0,0,0,0,0,RET,1,0,0,0,0,0,JNE,0,0,4870104,4870175,4870109,0,0,0,0,cpp,4.736220613820021e-12,0.0,0,0,0
0x51f0d4,JBE,1,0,246,6,0x51f0d1,CMP,1,NonLeaf,rax(SUB) rdx(SUB) ,rflags ,CMP,3,SUB,7,MOV,3,SUB,6,MOV,5,MOV,3,MOV,3,CALL_NEAR,6,TEST,2,JS,2,0,1,0,0,0,CALL,0,1,1,1,0,0,CALL,0,1,5370037,5370314,5370074,0,0,1,1,cpp,4.736220613820021e-12,0.0,0,0,0
0x467b62,JZ,9,9,286,6,0x467b5f,TEST,1,NonLeaf,r15b(-1) r15b(-1) ,rflags ,TEST,3,JZ,6,CMP,4,JZ,6,CMP,4,CMP,4,JZ,2,CMP,4,JNZ,6,TEST,3,0,0,0,0,0,JMP,1,0,0,0,0,0,JE,0,0,4619103,4619392,4619112,0,0,1,0,cpp,4.262598552438018e-11,1.0,1,0,1
0x467b59,JZ,9,0,159,6,0x467b55,CMP,1,NonLeaf,r13(-1) bl(-1) ,rflags ,CMP,4,JZ,6,CMP,4,JZ,6,CMP,4,TEST,3,JZ,6,CMP,4,JZ,2,CMP,4,0,1,0,0,0,JE,0,0,1,0,0,0,JE,0,0,4619093,4619256,4619103,0,0,0,0,cpp,4.262598552438018e-11,0.0,0,0,0
0x467b4f,JZ,9,0,305,6,0x467b4b,CMP,1,NonLeaf,r13(-1) bl(-1) ,rflags ,CMP,4,JZ,6,CMP,4,JZ,2,TEST,2,CMP,4,JZ,6,TEST,3,JZ,6,CMP,4,0,0,0,0,0,JMP,1,0,1,0,0,0,JE,0,0,4619083,4619392,4619093,0,0,1,0,cpp,4.262598552438018e-11,0.0,0,0,0
0x467b3f,JZ,9,9,12,2,0x467b3d,TEST,1,NonLeaf,al(-1) al(-1) ,rflags ,TEST,2,XOR,3,MOV,8,MOVZX,5,MOVSX,3,CMP,4,JZ,6,CMP,4,JZ,6,CMP,4,1,1,0,0,0,JE,0,0,1,0,0,0,JE,0,0,4619069,4619083,4619073,0,0,0,0,cpp,4.262598552438018e-11,1.0,1,0,1
0x467ab4,JZ,9,0,-1286,6,0x467ab0,CMP,1,NonLeaf,r13(-1) al(-1) ,rflags ,CMP,4,NOP,10,JMP,5,MOV,8,CALL_NEAR,5,MOVZX,5,JMP,2,NOP,7,CMP,4,JNZ,6,0,0,0,0,0,JNE,0,0,1,0,0,0,JMP,0,0,4618928,4617646,4618938,0,0,0,0,cpp,4.262598552438018e-11,0.0,0,0,0
0x4678af,JNZ,9,0,-419,6,0x4678ac,CMP,1,NonLeaf,eax(-1) ,rflags ,CMP,3,CALL_NEAR,3,MOV,3,JMP,5,MOV,8,MOV,9,MOV,5,JMP,5,NOP,8,LEA,3,0,0,0,0,0,XOR,0,0,1,0,0,0,MOV,0,0,4618412,4617996,4618421,0,0,1,1,cpp,4.262598552438018e-11,0.0,0,0,0
0x4677fb,JZ,9,9,741,6,0x4677f8,TEST,1,NonLeaf,r12b(-1) r12b(-1) ,rflags ,TEST,3,JNZ,6,TEST,2,NOP,5,RET_NEAR,1,CMP,5,MOV,5,MOV,10,MOV,10,CMOVZ,4,0,1,0,0,0,JMP,0,0,1,0,0,0,JMP,0,0,4618232,4618976,4618241,0,0,1,1,cpp,4.262598552438018e-11,1.0,1,0,1
0x4677f2,JNZ,9,0,-128,6,0x4677f0,TEST,1,NonLeaf,bl(-1) bl(-1) ,rflags ,TEST,2,NOP,5,RET_NEAR,1,POP,2,POP,2,TEST,3,JZ,6,CMP,5,MOV,5,MOV,10,0,0,0,0,0,MOV,0,0,1,0,0,0,JE,0,0,4618224,4618098,4618232,0,0,1,0,cpp,4.262598552438018e-11,0.0,0,0,0
0x4677d3,JNZ,9,0,1438,6,0x4677c1,XOR,1,NonLeaf,rcx(XOR) fs(-1) ,rcx rflags ,MOV,5,MOV,4,XOR,9,MOV,8,CALL_NEAR,5,ADD,7,POP,1,POP,1,POP,2,POP,2,0,1,0,0,0,CALL,0,1,1,0,0,0,RET,0,0,4618169,4619633,4618201,0,0,1,0,cpp,4.262598552438018e-11,0.0,0,0,0
0x46778e,JZ,9,0,10,2,0x467789,CMP,1,NonLeaf,rsp(-1) ,rflags ,CMP,5,MOV,6,MOV,5,MOV,7,MOV,5,MOV,5,OR,3,MOV,5,MOV,5,LEA,5,0,1,1,0,0,CALL,0,1,1,0,0,0,OR,0,0,4618121,4618136,4618128,1,0,1,1,cpp,4.262598552438018e-11,0.0,0,0,0
0x467756,JNZ,9,9,154,6,0x467754,TEST,1,NonLeaf,eax(MOV) eax(MOV) ,rflags ,TEST,2,MOV,4,NOP,1,JNZ,6,CMP,5,CMP,5,JNZ,6,CMP,5,JNZ,6,MOV,5,0,1,0,0,0,JNE,0,0,1,0,0,0,JNE,0,0,4618064,4618224,4618076,0,0,0,0,cpp,4.262598552438018e-11,1.0,1,0,1
0x467749,JNZ,9,0,284,6,0x467744,CMP,1,NonLeaf,rdi(MOV) ,rflags ,CMP,5,MOV,8,MOV,5,XOR,2,JNZ,6,NOP,1,MOV,4,TEST,2,JNZ,6,CMP,5,0,0,0,0,0,CALL,0,1,1,0,0,0,NOP,0,0,4618044,4618341,4618063,0,0,1,0,cpp,4.262598552438018e-11,0.0,0,0,0
0x46772f,JNZ,12,3,512,6,0x46772d,CMP,1,NonLeaf,bl(-1) al(-1) ,rflags ,CMP,2,JZ,6,CMP,5,XOR,2,JZ,6,XOR,2,MOV,5,MOV,8,CMP,5,JNZ,6,0,0,0,0,0,CALL,0,1,0,0,0,0,MOV,1,0,4618029,4618543,4618037,0,0,1,1,cpp,5.6834647365840245e-11,0.25,0,1,0
0x46771a,JZ,12,12,1404,6,0x467717,TEST,1,NonLeaf,rdi(MOV) rdi(MOV) ,rflags ,TEST,3,MOV,5,XOR,2,MOV,4,MOVZX,3,XOR,2,CMP,5,JZ,6,CMP,2,JNZ,6,0,1,0,0,0,JMP,0,0,1,0,0,0,JE,0,0,4618002,4619414,4618016,0,0,0,0,cpp,5.6834647365840245e-11,1.0,1,0,1
0x467703,JNB,12,9,419,6,0x4676ff,CMP,1,NonLeaf,rax(MOV) rdi(-1) ,rflags ,CMP,4,MOV,4,MOV,4,MOV,8,ADD,4,MOVZX,3,MOV,4,XOR,2,MOV,5,TEST,3,0,1,0,0,0,CALL,0,1,1,0,0,0,MOVZX,0,0,4617979,4618406,4617993,0,1,1,0,cpp,5.6834647365840245e-11,0.75,1,0,1
0x4676e5,JNB,12,0,1519,6,0x4676e1,CMP,1,NonLeaf,rax(MOV) rdi(-1) ,rflags ,CMP,4,MOV,4,JZ,6,TEST,3,MOV,5,ADD,4,MOV,8,MOV,4,MOV,4,CMP,4,0,1,0,0,0,CALL,0,1,1,0,0,0,MOV,0,0,4617949,4619476,4617963,0,1,1,1,cpp,5.6834647365840245e-11,0.0,0,0,0
0x4676d7,JZ,12,0,487,6,0x4676d4,TEST,1,NonLeaf,rdi(MOV) rdi(MOV) ,rflags ,TEST,3,MOV,5,OR,3,ADD,3,ADD,5,MOV,4,CMP,4,JNB,6,ADD,4,MOV,8,0,1,0,0,0,JMP,0,0,1,0,0,0,JAE,0,0,4617935,4618430,4617949,0,0,0,0,cpp,5.6834647365840245e-11,0.0,0,0,0
0x4676a7,JB,12,0,601,6,0x4676a3,CMP,1,NonLeaf,rsp(-1) rbp(-1) ,rflags ,CMP,4,SUB,3,JLE,6,CMP,3,JLE,6,IMUL,6,MOV,5,MOVSXD,3,SUB,3,CMP,3,0,0,0,0,0,JMP,0,0,0,0,0,0,OR,0,0,4617891,4618496,4617901,0,1,0,1,cpp,5.6834647365840245e-11,0.0,0,0,0
0x46769a,JLE,12,0,438,6,0x467697,CMP,1,NonLeaf,r15b(-1) bl(-1) ,rflags ,CMP,3,JLE,6,CMP,3,JNBE,6,CMP,4,SUB,3,CMP,4,JB,6,IMUL,6,MOV,5,0,0,0,0,0,JE,1,0,0,0,0,0,SUB,0,0,4617879,4618320,4617888,0,1,0,0,cpp,5.6834647365840245e-11,0.0,0,0,0
0x467691,JLE,12,0,447,6,0x46768e,CMP,1,NonLeaf,bl(-1) ,rflags ,CMP,3,JNBE,6,CMP,4,LEA,4,JNZ,6,CMP,3,JLE,6,SUB,3,CMP,4,JB,6,0,0,0,0,0,JE,1,0,1,0,0,0,JLE,0,0,4617870,4618320,4617879,0,0,0,0,cpp,5.6834647365840245e-11,0.0,0,0,0
0x467688,JNBE,12,0,584,6,0x467684,CMP,1,NonLeaf,r14(-1) ,rflags ,CMP,4,LEA,4,JNZ,6,CMP,5,XOR,3,CMP,3,JLE,6,CMP,3,JLE,6,SUB,3,1,1,0,0,0,JBE,0,0,1,0,0,0,JLE,0,0,4617860,4618448,4617870,0,0,0,0,cpp,5.6834647365840245e-11,0.0,0,0,0
0x46767a,JNZ,9,0,470,6,0x467675,CMP,1,NonLeaf,rsp(-1) ,rflags ,CMP,5,XOR,3,XOR,2,JNZ,6,MOV,4,LEA,4,CMP,4,JNBE,6,CMP,3,JLE,6,0,0,0,0,0,JE,0,0,1,0,0,0,LEA,0,0,4617840,4618320,4617856,0,0,0,0,cpp,4.262598552438018e-11,0.0,0,0,0
0x46766a,JNZ,9,0,470,6,0x467664,TEST,1,NonLeaf,al(MOVZX) al(MOVZX) ,rflags ,MOV,4,TEST,2,MOVZX,8,MOV,4,DIV,3,XOR,2,XOR,3,CMP,5,JNZ,6,LEA,4,0,1,0,0,0,JE,0,0,1,0,0,0,JNE,0,0,4617762,4618304,4617840,0,0,0,0,cpp,4.262598552438018e-11,0.0,0,0,0
0x46761c,JNZ,9,0,1252,6,0x467612,TEST,1,NonLeaf,al(-1) al(-1) ,rflags ,MOV,8,TEST,2,ADD,4,LEA,7,MOVSXD,3,CMP,5,MOV,10,LEA,4,MOV,3,MOV,10,0,1,0,0,0,CALL,0,1,1,1,0,0,JNE,0,0,4617735,4619008,4617762,0,0,1,1,cpp,4.262598552438018e-11,0.0,0,0,0
0x467602,JZ,9,0,5,2,0x4675f9,CMP,1,NonLeaf,ebp(-1) ,rflags ,MOV,6,CMP,3,MOV,5,MOV,8,MOV,5,MOVSXD,3,LEA,7,ADD,4,TEST,2,MOV,8,0,0,1,0,0,JNE,0,0,0,0,0,0,MOVSXD,0,0,4617721,4617735,4617732,0,0,1,0,cpp,4.262598552438018e-11,0.0,0,0,0
0x4675a8,JNZ,9,9,1288,6,0x46759c,CMP,1,NonLeaf,r13(-1) al(-1) ,rflags ,SETZ,5,MOVSX,3,CMP,4,CALL_NEAR,5,MOV,3,MOVZX,5,TEST,2,JNZ,6,CMP,4,JZ,6,0,1,0,0,0,JE,0,0,1,0,0,0,JNE,0,0,4617628,4618928,4617646,0,0,0,0,cpp,4.262598552438018e-11,1.0,1,0,1
0x46758e,JNZ,9,0,1788,6,0x467588,TEST,1,NonLeaf,al(-1) al(-1) ,rflags ,MOV,4,TEST,2,CALL_NEAR,5,MOV,5,MOV,3,MOV,3,CALL_NEAR,5,CMP,4,MOVSX,3,SETZ,5,0,1,0,0,0,JMP,0,0,1,0,0,0,CALL,0,1,4617608,4619402,4617620,0,0,1,1,cpp,4.262598552438018e-11,0.0,0,0,0
0x46755a,JZ,9,0,17,2,0x467556,CMP,1,NonLeaf,r12d(AND) ,rflags ,CMP,4,AND,4,MOV,3,MOV,4,CALL_NEAR,5,MOV,3,CMP,4,MOV,5,CMOVZ,3,LEA,5,0,1,1,0,0,CALL,0,1,1,0,0,0,CMOVE,0,0,4617547,4617579,4617564,0,0,1,0,cpp,4.262598552438018e-11,0.0,0,0,0
0x466faf,JNLE,10,0,-160,6,0x466fad,TEST,1,NonLeaf,eax(-1) eax(-1) ,rflags ,TEST,2,XADD_LOCK,4,OR,3,JZ,2,LEA,4,MOV,3,MOV,5,CALL_NEAR,5,MOV,5,JMP,5,0,0,1,0,0,JNE,0,0,1,0,0,0,CALL,0,1,4616109,4615951,4616117,0,0,0,1,cpp,4.7362206138200205e-11,0.0,0,0,0
0x466fa4,JZ,10,10,110,2,0x466f98,CMP,1,NonLeaf,rip(JZ) ,rflags ,LEA,4,CMP,8,CALL_NEAR,5,JMP,5,MOV,5,OR,3,XADD_LOCK,4,TEST,2,JNLE,6,MOV,3,0,1,0,0,0,JMP,0,0,1,0,0,0,LOCK XADD,0,0,4616088,4616210,4616102,0,0,1,0,cpp,4.7362206138200205e-11,1.0,1,0,1
0x466f22,JNZ,10,0,113,2,0x466f14,XOR,1,NonLeaf,rsi(XOR) fs(-1) ,rsi rflags ,MOV,5,XOR,9,MOV,5,JNZ,6,CMP,7,ADD,4,POP,1,POP,1,POP,2,POP,2,0,1,0,0,0,CALL,0,1,1,0,0,0,RET,0,0,4615951,4616083,4615972,0,0,1,0,cpp,4.7362206138200205e-11,0.0,0,0,0
0x466f09,JNZ,10,10,143,6,0x466f02,CMP,1,NonLeaf,rdi(LEA) rip(JNZ) ,rflags ,CMP,7,LEA,4,MOV,5,OR,3,AND,3,MOV,5,XOR,9,MOV,5,JNZ,2,ADD,4,0,1,0,0,0,JE,0,0,1,1,0,0,JNE,0,0,4615909,4616088,4615951,0,0,0,0,cpp,4.7362206138200205e-11,1.0,1,1,1
0x466ede,JNZ,10,0,7,2,0x466eda,CMP,1,NonLeaf,al(-1) rsp(-1) ,rflags ,CMP,4,JZ,6,CMP,5,XOR,2,JZ,6,OR,5,MOV,4,MOV,10,AND,3,OR,3,0,1,1,0,0,JNE,0,0,1,0,0,0,OR,0,0,4615898,4615909,4615904,0,0,0,1,cpp,4.7362206138200205e-11,0.0,0,0,0
0x466ec7,JZ,10,10,184,6,0x466ec4,TEST,1,NonLeaf,r14(-1) r14(-1) ,rflags ,TEST,3,JZ,2,MOV,5,CMP,3,JZ,6,XOR,2,CMP,5,JZ,6,CMP,4,JNZ,2,0,1,0,0,0,JMP,0,0,1,0,0,0,JE,0,0,4615876,4616063,4615885,0,0,0,0,cpp,4.7362206138200205e-11,1.0,1,0,1
0x466eb4,JZ,10,10,213,6,0x466eb1,TEST,1,NonLeaf,r12(-1) r12(-1) ,rflags ,TEST,3,CALL_NEAR,5,MOV,3,MOV,5,MOV,3,CMP,3,MOV,5,JZ,2,TEST,3,JZ,6,0,1,0,0,0,JMP,0,0,1,0,0,0,JE,0,0,4615857,4616073,4615866,0,0,1,1,cpp,4.7362206138200205e-11,1.0,1,0,1
0x466aed,JNZ,2,2,267,6,0x466aea,CMP,1,NonLeaf,r12b(-1) dl(-1) ,rflags ,CMP,3,JZ,6,CMP,5,XOR,2,JZ,6,MOVZX,4,MOV,6,MOV,6,JMP,5,NOP,8,0,0,0,0,0,CALL,0,1,0,0,0,0,JMP,1,0,4614890,4615160,4614899,0,0,1,0,cpp,9.47244122764004e-12,1.0,1,1,1
0x466ad7,JZ,2,2,396,6,0x466ad4,TEST,1,NonLeaf,rdi(MOV) rdi(MOV) ,rflags ,TEST,3,MOV,5,XOR,3,MOV,4,MOVZX,3,XOR,2,CMP,5,JZ,6,CMP,3,JNZ,6,0,1,0,0,0,JMP,0,0,1,0,0,0,JE,0,0,4614863,4615267,4614877,0,0,0,0,cpp,9.47244122764004e-12,1.0,1,0,1
0x466abf,JNB,2,0,239,6,0x466abb,CMP,1,NonLeaf,rdx(MOV) rdi(-1) ,rflags ,CMP,4,MOV,4,MOV,4,MOV,8,ADD,4,MOVZX,3,MOV,4,XOR,3,MOV,5,TEST,3,0,1,0,0,0,CALL,0,1,1,0,0,0,MOVZX,0,0,4614839,4615086,4614853,0,0,1,0,cpp,9.47244122764004e-12,0.0,0,0,0
0x466aa1,JNB,2,0,490,6,0x466a9d,CMP,1,NonLeaf,rdx(MOV) rdi(-1) ,rflags ,CMP,4,MOV,4,JZ,6,TEST,3,ADD,4,ADD,4,MOV,8,MOV,4,MOV,4,CMP,4,0,1,0,0,0,CALL,0,1,1,0,0,0,MOV,0,0,4614809,4615307,4614823,0,1,1,1,cpp,9.47244122764004e-12,0.0,0,0,0
0x466a93,JZ,2,0,307,6,0x466a90,TEST,1,NonLeaf,rdi(MOV) rdi(MOV) ,rflags ,TEST,3,ADD,4,MOV,5,JZ,6,TEST,3,MOV,4,CMP,4,JNB,6,ADD,4,MOV,8,0,1,0,0,0,JMP,0,0,1,0,0,0,JAE,0,0,4614791,4615110,4614809,0,0,0,0,cpp,9.47244122764004e-12,0.0,0,0,0
0x466a81,JZ,2,2,407,6,0x466a7e,TEST,1,NonLeaf,r12b(-1) r12b(-1) ,rflags ,TEST,3,JNZ,6,CMP,2,MOVZX,4,JZ,6,MOV,5,ADD,4,TEST,3,JZ,6,MOV,4,0,1,0,0,0,CALL,0,1,1,1,0,0,JE,0,0,4614782,4615192,4614791,0,0,1,0,cpp,9.47244122764004e-12,1.0,1,0,1
0x466a78,JNZ,10,8,440,6,0x466a76,CMP,1,NonLeaf,bl(MOVZX) al(-1) ,rflags ,CMP,2,MOVZX,4,JZ,6,CMP,3,JZ,2,TEST,3,JZ,6,MOV,5,ADD,4,TEST,3,0,0,0,0,0,JMP,1,0,1,0,0,0,JE,0,0,4614770,4615216,4614782,0,0,0,0,cpp,4.7362206138200205e-11,0.8,1,0,1
0x466a6c,JZ,12,2,452,6,0x466a69,CMP,1,NonLeaf,rbp(-1) al(-1) ,rflags ,CMP,3,JZ,2,CMP,3,JZ,2,TEST,2,MOVZX,4,CMP,2,JNZ,6,TEST,3,JZ,6,0,1,0,0,0,JMP,1,0,1,0,0,0,JNE,0,0,4614761,4615216,4614770,0,0,0,0,cpp,5.6834647365840245e-11,0.1666666666666666,0,0,0
0x466a62,JZ,12,12,7,2,0x466a60,TEST,1,NonLeaf,dl(-1) dl(-1) ,rflags ,TEST,2,NOP,5,XOR,3,XOR,3,MOVZX,4,CMP,3,JZ,2,CMP,3,JZ,6,MOVZX,4,1,1,0,0,0,JE,0,0,1,0,0,0,JE,0,0,4614752,4614761,4614756,0,0,0,0,cpp,5.6834647365840245e-11,1.0,1,0,1
0x466a4b,JZ,10,0,229,6,0x466a48,CMP,1,NonLeaf,rbp(-1) bl(-1) ,rflags ,CMP,3,JZ,6,SETZ,3,CMP,3,MOV,2,MOVZX,4,XOR,3,XOR,3,NOP,5,TEST,2,0,0,0,0,0,JE,0,0,1,0,0,0,MOVZX,0,0,4614728,4614960,4614737,0,0,0,0,cpp,4.7362206138200205e-11,0.0,0,0,0
0x466a42,JZ,10,0,238,6,0x466a3c,CMP,1,NonLeaf,rbp(-1) bl(MOV) ,rflags ,SETZ,3,CMP,3,MOV,2,CALL_NEAR,5,MOV,5,CMP,3,JZ,6,MOVZX,4,XOR,3,XOR,3,0,1,0,0,0,JE,0,0,1,0,0,0,JE,0,0,4614714,4614960,4614728,0,0,0,0,cpp,4.7362206138200205e-11,0.0,0,0,0
0x4a38ea,JZ,9,9,1094,6,0x4a38e8,CMP,1,NonLeaf,al(MOVZX) ,rflags ,CMP,2,XOR,3,MOVZX,3,MOV,7,MOV,7,LEA,5,ADD,4,LEA,7,MOV,4,JMP,2,0,1,0,0,0,NOP,0,0,1,1,0,0,JMP,1,0,4864219,4865328,4864240,0,0,0,1,cpp,4.262598552438018e-11,1.0,1,0,1
0x4a3881,JS,9,0,-25,2,0x4a387f,TEST,1,NonLeaf,dl(MOVZX) dl(MOVZX) ,rflags ,TEST,2,OR,3,ADD,3,SHL,3,AND,3,MOV,7,LEA,5,CALL_NEAR,5,MOV,3,MOV,5,1,1,1,1,1,JS,0,0,1,1,0,0,CALL,1,1,4864104,4864104,4864131,0,0,0,1,cpp,4.262598552438018e-11,0.0,0,1,0
0x46671d,JNZ,10,0,-222,6,0x46671a,TEST,1,NonLeaf,r15b(-1) r15b(-1) ,rflags ,TEST,3,JNZ,6,CMP,4,NOP,9,JMP,2,MOV,5,MOV,3,CALL_NEAR,5,XOR,3,MOV,4,0,0,0,0,0,JE,0,0,1,0,0,0,CALL,0,1,4613914,4613695,4613923,0,0,0,1,cpp,4.7362206138200205e-11,0.0,0,0,0
0x466714,JNZ,10,0,-213,6,0x466710,CMP,1,NonLeaf,rsp(-1) ,rflags ,CMP,4,NOP,9,JMP,2,MOV,5,NOP,10,TEST,3,JNZ,6,MOV,5,MOV,3,CALL_NEAR,5,0,0,0,0,0,JE,0,0,1,0,0,0,JNE,0,0,4613904,4613695,4613914,0,0,0,0,cpp,4.7362206138200205e-11,0.0,0,0,0
0x466639,JZ,10,10,215,6,0x466636,CMP,1,NonLeaf,rbp(-1) bl(-1) ,rflags ,CMP,3,JBE,6,CMP,2,LEA,3,MOV,2,CMP,6,JZ,2,CMP,6,JNZ,6,TEST,3,0,1,0,0,0,JNE,0,0,1,0,0,0,JE,0,0,4613686,4613904,4613695,0,0,0,0,cpp,4.7362206138200205e-11,1.0,1,0,1
0x466630,JBE,18,10,-349,6,0x46662e,CMP,1,NonLeaf,al(LEA) ,rflags ,CMP,2,LEA,3,MOV,2,CALL_NEAR,5,MOV,5,CMP,3,JZ,6,CMP,6,JZ,2,CMP,6,0,0,0,0,0,CALL,0,1,0,0,0,0,JE,0,0,4613673,4613331,4613686,0,0,1,0,cpp,8.525197104876037e-11,0.5555555555555556,1,0,1
0x4665df,JNZ,10,0,-190,6,0x4665dc,CMP,1,NonLeaf,eax(-1) ,rflags ,CMP,3,CALL_NEAR,3,MOV,3,RET_NEAR,1,POP,2,MOV,9,MOV,5,JMP,5,NOP,8,MOV,4,0,0,0,0,0,XOR,0,0,1,0,0,0,MOV,0,0,4613596,4613409,4613605,0,0,1,1,cpp,4.7362206138200205e-11,0.0,0,0,0
0x4665be,JNZ,10,0,2005,6,0x4665ac,XOR,1,NonLeaf,rcx(XOR) fs(-1) ,rcx rflags ,MOV,5,MOV,4,XOR,9,MOV,5,CALL_NEAR,5,ADD,7,POP,1,POP,1,POP,2,POP,2,0,1,0,0,0,CALL,0,1,1,0,0,0,RET,0,0,4613543,4615571,4613572,0,0,1,0,cpp,4.7362206138200205e-11,0.0,0,0,0
0x466554,JZ,10,10,50,2,0x46654f,CMP,1,NonLeaf,rbx(MOV) ,rflags ,CMP,5,MOV,5,JNZ,6,CMP,2,JZ,6,LEA,5,TEST,3,MOV,3,JZ,6,MOV,4,0,1,1,0,0,CALL,0,1,1,0,0,0,JE,0,0,4613450,4613510,4613462,0,0,1,0,cpp,4.7362206138200205e-11,1.0,1,0,1
0x466544,JNZ,28,18,219,6,0x466542,CMP,1,NonLeaf,al(-1) bl(-1) ,rflags ,CMP,2,JZ,6,CMP,5,XOR,2,JZ,6,MOV,5,CMP,5,JZ,2,LEA,5,TEST,3,0,0,0,0,0,CALL,0,1,0,1,0,0,JE,1,0,4613442,4613663,4613450,0,0,1,0,cpp,1.3261417718696055e-10,0.6428571428571429,1,0,1
0x46652f,JZ,28,28,1864,6,0x46652c,TEST,1,NonLeaf,rdi(MOV) rdi(MOV) ,rflags ,TEST,3,MOV,5,XOR,2,MOV,4,MOVZX,3,XOR,2,CMP,5,JZ,6,CMP,2,JNZ,6,0,1,0,0,0,JMP,0,0,1,0,0,0,JE,0,0,4613415,4615287,4613429,0,0,0,0,cpp,1.3261417718696055e-10,1.0,1,0,1
0x466518,JNB,28,10,190,6,0x466514,CMP,1,NonLeaf,rax(MOV) rdi(-1) ,rflags ,CMP,4,MOV,4,MOV,4,MOV,8,ADD,4,MOVZX,3,MOV,4,XOR,2,MOV,5,TEST,3,0,1,0,0,0,CALL,0,1,1,0,0,0,MOVZX,0,0,4613392,4613590,4613406,0,1,1,0,cpp,1.3261417718696055e-10,0.3571428571428571,0,0,0
0x4664fa,JNB,28,0,1974,6,0x4664f6,CMP,1,NonLeaf,rax(MOV) rdi(-1) ,rflags ,CMP,4,MOV,4,JZ,6,TEST,3,MOV,5,ADD,4,MOV,8,MOV,4,MOV,4,CMP,4,0,1,0,0,0,CALL,0,1,1,0,0,0,MOV,0,0,4613362,4615344,4613376,0,1,1,1,cpp,1.3261417718696055e-10,0.0,0,0,0
0x4664ec,JZ,28,0,258,6,0x4664e9,TEST,1,NonLeaf,rdi(MOV) rdi(MOV) ,rflags ,TEST,3,MOV,5,MOV,6,CALL_NEAR,5,MOV,3,MOV,4,CMP,4,JNB,6,ADD,4,MOV,8,0,1,0,0,0,JMP,0,0,1,0,0,0,JAE,0,0,4613348,4613614,4613362,0,0,0,0,cpp,1.3261417718696055e-10,0.0,0,0,0
0x4664cd,JNBE,10,2,361,6,0x4664cb,CMP,1,NonLeaf,al(LEA) ,rflags ,CMP,2,LEA,3,MOV,4,JNZ,6,TEST,3,MOVZX,3,MOV,3,CALL_NEAR,5,MOV,6,MOV,5,1,1,0,0,0,JE,0,0,1,0,0,0,CALL,0,1,4613320,4613686,4613331,0,0,0,1,cpp,4.7362206138200205e-11,0.2,0,0,0
0x4664be,JNZ,10,0,1764,6,0x4664bb,TEST,1,NonLeaf,r15b(-1) r15b(-1) ,rflags ,TEST,3,JNZ,6,MOV,4,TEST,2,MOVZX,7,MOV,4,LEA,3,CMP,2,JNBE,6,MOVZX,3,0,0,0,0,0,JMP,0,0,1,0,0,0,MOV,0,0,4613307,4615074,4613316,0,0,1,1,cpp,4.7362206138200205e-11,0.0,0,0,0
0x4664b5,JNZ,10,0,651,6,0x4664af,TEST,1,NonLeaf,al(MOVZX) al(MOVZX) ,rflags ,MOV,4,TEST,2,MOVZX,7,JNZ,6,MOV,5,TEST,3,JNZ,6,MOV,4,LEA,3,CMP,2,0,1,0,0,0,JNE,0,0,1,0,0,0,JNE,0,0,4613288,4613952,4613307,0,0,0,0,cpp,4.7362206138200205e-11,0.0,0,0,0
0x4664a2,JNZ,10,0,1392,6,0x46649b,TEST,1,NonLeaf,dl(-1) dl(-1) ,rflags ,MOV,5,TEST,2,ADD,4,LEA,7,NOP,9,MOVZX,7,TEST,2,MOV,4,JNZ,6,TEST,3,0,0,0,0,0,CALL,0,1,0,1,0,0,JNE,0,0,4613264,4614674,4613288,0,0,1,1,cpp,4.7362206138200205e-11,0.0,0,0,0
0x466471,JZ,10,10,1471,6,0x46646c,TEST,1,NonLeaf,al(-1) al(-1) ,rflags ,MOV,3,TEST,2,CALL_NEAR,5,MOV,5,MOV,5,MOVZX,4,XOR,3,XOR,3,MOV,6,NOP,9,0,1,0,0,0,CALL,0,1,1,0,0,0,NOP,0,0,4613228,4614704,4613239,0,0,1,0,cpp,4.7362206138200205e-11,1.0,1,0,1
0x4dea02,JNZ,136,13,-82,2,0x4de9da,DEC,1,Leaf,ecx(DEC) ,ecx rflags ,LEA,4,LEA,4,MOV,4,MOV,4,MOV,4,NOP,2,NOP,10,AND,3,JNZ,6,MOV,3,0,0,0,1,1,JE,0,0,1,0,0,0,NOP,1,0,5106138,5106096,5106180,1,0,1,0,cpp,6.441260034795226e-10,0.0955882352941176,0,1,0
0x4de9ae,JZ,2652,967,98,2,0x4de9ab,SHR,1,Leaf,ecx(SHR) ,ecx rflags ,SHR,3,MOV,2,JNBE,2,CMP,7,NOP,10,DEC,2,MOV,3,MOV,4,MOV,4,MOV,4,0,1,1,0,0,JNE,0,0,1,0,1,0,JE,0,0,5106089,5106192,5106096,0,1,0,1,cpp,1.2560457067850694e-08,0.364630467571644,0,0,0
0x4de9a7,JNBE,2652,0,121,2,0x4de9a0,CMP,1,Leaf,rdx(-1) ,rflags ,CMP,7,NOP,10,NOP,5,JNZ,2,LEA,4,MOV,2,SHR,3,JZ,2,DEC,2,MOV,3,0,1,0,0,0,JE,0,0,1,0,0,0,JE,1,0,5106080,5106208,5106089,0,0,0,0,cpp,1.2560457067850694e-08,0.0,0,0,0
0x4dc5f8,JZ,1,0,40,2,0x4dc5f6,CMP,1,Leaf,ecx(AND) eax(AND) ,rflags ,CMP,2,AND,3,AND,3,XOR,3,MOV,5,JNBE,2,MOV,3,XCHG,1,XCHG,3,LEA,4,0,1,0,0,0,JNE,0,0,1,0,0,0,JA,0,0,5096928,5096992,5096954,0,0,0,0,cpp,4.736220613820021e-12,0.0,0,0,0
0x462048,JNB,19,0,61,2,0x462044,CMP,1,NonLeaf,rax(MOV) rdi(-1) ,rflags ,CMP,4,MOV,4,NOP,10,RET_NEAR,1,POP,1,MOVZX,3,MOV,3,XOR,2,JMP,2,NOP,4,0,1,0,0,0,CALL,0,1,1,0,0,0,MOVZX,0,0,4595776,4595845,4595786,0,1,1,0,cpp,8.998819166258038e-11,0.0,0,0,0
0x46201f,JZ,19,19,95,2,0x46201c,TEST,1,NonLeaf,rdi(MOV) rdi(MOV) ,rflags ,TEST,3,MOV,3,JZ,2,CMP,4,XOR,2,XOR,2,CMP,4,JZ,2,CMP,3,SETZ,3,0,1,0,0,0,JMP,0,0,1,0,0,0,JE,0,0,4595737,4595838,4595745,0,0,0,0,cpp,8.998819166258038e-11,1.0,1,0,1
0x462017,JZ,19,19,41,2,0x462013,CMP,1,NonLeaf,rbx(-1) ,rflags ,CMP,4,XOR,2,JZ,2,TEST,3,MOV,3,MOV,3,TEST,3,JZ,2,XOR,2,CMP,4,0,1,0,0,0,JAE,0,0,0,1,0,0,JE,0,0,4595729,4595776,4595737,0,0,0,0,cpp,8.998819166258038e-11,1.0,1,0,1
0x46200f,JZ,19,0,104,2,0x46200c,TEST,1,NonLeaf,rdi(MOV) rdi(MOV) ,rflags ,TEST,3,MOV,3,SUB,4,MOV,3,PUSH,1,XOR,2,CMP,4,JZ,2,MOV,3,TEST,3,0,1,0,0,0,JMP,0,0,1,0,0,0,JE,0,0,4595712,4595831,4595729,0,0,0,0,cpp,8.998819166258038e-11,0.0,0,0,0
0x461fc2,JZ,42,0,14,2,0x461fbf,CMP,1,NonLeaf,eax(MOV) ,rflags ,CMP,3,MOV,3,JZ,2,TEST,3,MOV,3,POP,1,RET_NEAR,1,NOP,10,MOV,4,CMP,4,0,1,0,0,0,JAE,0,0,1,0,0,0,RET,0,0,4595644,4595664,4595652,0,0,0,0,cpp,1.9892126578044082e-10,0.0,0,0,0
0x461fba,JZ,42,0,40,2,0x461fb7,TEST,1,NonLeaf,rdi(MOV) rdi(MOV) ,rflags ,TEST,3,MOV,3,MOV,3,PUSH,1,INVALID,0,MOV,3,CMP,3,JZ,2,POP,1,RET_NEAR,1,0,1,0,0,0,RET,0,0,1,0,0,0,JE,0,0,4595632,4595682,4595644,0,0,0,0,cpp,1.9892126578044082e-10,0.0,0,0,0
0x46175e,JZ,19,0,18,2,0x46175b,TEST,1,NonLeaf,rax(MOV) rax(MOV) ,rflags ,TEST,3,MOV,4,LEA,4,MOV,4,MOV,3,ADD,4,POP,1,POP,1,POP,2,POP,2,0,1,0,0,0,CALL,0,1,1,0,0,0,RET,0,0,4593481,4593520,4593504,0,0,1,0,cpp,8.998819166258038e-11,0.0,0,0,0
0x460429,JNZ,38463,0,346,6,0x46041e,XOR,1,NonLeaf,rcx(XOR) fs(-1) ,rcx rflags ,MOV,2,XOR,9,MOV,4,MOV,3,XOR,2,LEA,4,POP,1,POP,2,POP,2,POP,2,0,1,0,0,0,CALL,0,1,1,0,0,0,RET,0,0,4588565,4588931,4588591,0,0,1,0,cpp,1.8216925346935944e-07,0.0,0,0,0
0x4603f8,JNZ,38463,0,29,2,0x4603f4,TEST,1,NonLeaf,al(MOV) al(MOV) ,rflags ,MOV,2,TEST,2,MOV,8,MOV,4,MOV,3,MOV,4,MOV,3,MOV,3,MOV,3,CALL_NEAR,3,0,1,1,0,0,JNE,0,0,1,0,0,0,CALL,0,1,4588520,4588565,4588538,0,0,0,1,cpp,1.8216925346935944e-07,0.0,0,0,0
0x4603b0,JLE,38463,38463,56,2,0x4603ad,CMP,1,NonLeaf,rdx(MOV) r13(MOVSXD) ,rflags ,CMP,3,MOVSXD,3,MOV,4,JNZ,6,AND,7,LEA,4,MOVSX,4,MOV,4,MOV,3,AND,4,0,1,1,0,0,JNE,0,0,1,0,0,0,CALL,0,1,4588454,4588520,4588466,0,0,1,1,cpp,1.8216925346935944e-07,1.0,1,0,1
0x4603a0,JNZ,38463,0,176,6,0x460399,AND,1,NonLeaf,r14d(AND) ,r14d rflags ,AND,7,JS,6,CMP,5,JZ,6,TEST,3,MOV,4,MOVSXD,3,CMP,3,JLE,2,LEA,4,0,1,0,0,0,JMP,0,0,0,1,0,0,JLE,0,0,4588441,4588624,4588454,0,0,1,0,cpp,1.8216925346935944e-07,0.0,0,0,0
0x460393,JS,38463,0,317,6,0x46038e,CMP,1,NonLeaf,rbp(-1) ,rflags ,CMP,5,JZ,6,TEST,3,JNZ,6,CMP,5,AND,7,JNZ,6,MOV,4,MOVSXD,3,CMP,3,0,1,0,0,0,JMP,0,0,1,0,0,0,JNE,0,0,4588430,4588752,4588441,0,0,1,0,cpp,1.8216925346935944e-07,0.0,0,0,0
0x460388,JZ,38463,0,512,6,0x460385,TEST,1,NonLeaf,r13b(-1) r13b(-1) ,rflags ,TEST,3,JNZ,6,CMP,5,ADD,3,MOVSXD,3,CMP,5,JS,6,AND,7,JNZ,6,MOV,4,0,1,0,0,0,JE,0,0,1,0,0,0,JS,0,0,4588421,4588936,4588430,0,0,0,0,cpp,1.8216925346935944e-07,0.0,0,0,0
0x46037f,JNZ,38463,0,241,6,0x46037a,CMP,1,NonLeaf,r15(-1) ,rflags ,CMP,5,ADD,3,MOVSXD,3,SUB,2,MOV,3,TEST,3,JZ,6,CMP,5,JS,6,AND,7,0,1,0,0,0,CALL,0,1,1,1,0,0,JE,0,0,4588390,4588656,4588421,0,0,1,0,cpp,1.8216925346935944e-07,0.0,0,0,0
0x46033e,JNLE,38463,38463,258,6,0x460339,CMP,1,NonLeaf,rbp(-1) ,rflags ,CMP,5,JZ,6,AND,3,SETNZ,3,CMP,3,MOV,4,NEG,3,MOV,4,LEA,4,MOV,3,0,0,0,0,0,JMP,0,0,1,0,0,0,NEG,0,0,4588345,4588608,4588356,0,0,0,0,cpp,1.8216925346935944e-07,1.0,1,0,1
0x460333,JZ,38463,0,269,6,0x460330,AND,1,NonLeaf,r13b(AND) al(SETNZ) ,r13b rflags ,AND,3,SETNZ,3,CMP,3,SETNZ,4,MOV,3,CMP,5,JNLE,6,MOV,4,NEG,3,MOV,4,0,1,0,0,0,JMP,0,0,1,0,0,0,JG,0,0,4588289,4588608,4588345,0,0,0,0,cpp,1.8216925346935944e-07,0.0,0,0,0
0x4602fb,JZ,38463,0,501,6,0x4602f8,TEST,1,NonLeaf,r15(MOV) r15(MOV) ,rflags ,TEST,3,MOV,4,LEA,4,MOV,4,MOV,7,MOV,4,LEA,4,SUB,4,LEA,5,MOV,4,0,1,0,0,0,CALL,0,1,1,1,0,0,JE,0,0,4588258,4588784,4588289,0,0,1,1,cpp,1.8216925346935944e-07,0.0,0,0,0
0x46022f,JNZ,46100,7637,-39,2,0x460220,TEST,1,Leaf,rdx(SHR) rdx(SHR) ,rflags ,MOV,3,MOV,3,MOVZX,6,TEST,3,SUB,3,MOV,3,SUB,3,RET_NEAR,1,MOV,2,AND,3,1,1,1,1,1,JNE,0,0,0,1,0,0,RET,1,0,4588040,4588040,4588081,0,0,1,0,cpp,2.1833977029710294e-07,0.1656616052060737,0,1,0
0x4601f6,JZ,38463,0,66,2,0x4601f0,TEST,1,Leaf,r8b(-1) r8b(-1) ,rflags ,MOV,3,TEST,3,INVALID,0,INVALID,0,INVALID,0,MOV,3,MOV,10,NOP,3,MOV,3,SUB,4,0,1,0,0,0,JE,1,0,1,0,0,0,NOP,1,0,4588016,4588088,4588024,0,0,0,0,cpp,1.8216925346935944e-07,0.0,0,0,0
0x45eab9,JZ,80908,0,29,2,0x45eab6,TEST,1,NonLeaf,rdi(MOV) rdi(MOV) ,rflags ,TEST,3,MOV,4,JNB,2,MOV,4,CMP,4,LEA,7,LEA,7,XOR,2,CALL_NEAR,5,TEST,3,0,0,1,0,0,RET,0,0,1,0,0,0,CALL,0,1,4582066,4582102,4582075,0,0,0,1,cpp,3.831981374229502e-07,0.0,0,0,0
0x45eab0,JNB,80908,0,38,2,0x45eaa8,CMP,1,NonLeaf,rcx(MOV) rdx(MOV) ,rflags ,MOV,4,CMP,4,XOR,2,MOV,3,MOV,3,MOV,4,TEST,3,JZ,2,LEA,7,LEA,7,0,1,1,0,0,RET,0,0,1,0,0,0,JE,0,0,4582048,4582102,4582066,0,0,0,0,cpp,3.831981374229502e-07,0.0,0,0,0
0x45ea69,JZ,80908,0,29,2,0x45ea66,TEST,1,NonLeaf,rdi(MOV) rdi(MOV) ,rflags ,TEST,3,MOV,4,JNB,2,MOV,4,CMP,4,LEA,7,LEA,7,XOR,2,CALL_NEAR,5,TEST,3,0,0,1,0,0,RET,0,0,1,0,0,0,CALL,0,1,4581986,4582022,4581995,0,0,0,1,cpp,3.831981374229502e-07,0.0,0,0,0
0x45ea60,JNB,80908,0,38,2,0x45ea58,CMP,1,NonLeaf,rcx(MOV) rdx(MOV) ,rflags ,MOV,4,CMP,4,XOR,2,MOV,3,MOV,3,MOV,4,TEST,3,JZ,2,LEA,7,LEA,7,0,1,1,0,0,RET,0,0,1,0,0,0,JE,0,0,4581968,4582022,4581986,0,0,0,0,cpp,3.831981374229502e-07,0.0,0,0,0
0x45e979,JZ,11,0,29,2,0x45e976,TEST,1,NonLeaf,rdi(MOV) rdi(MOV) ,rflags ,TEST,3,MOV,4,JNB,2,MOV,4,CMP,4,LEA,7,LEA,7,XOR,2,CALL_NEAR,5,TEST,3,0,0,1,0,0,RET,0,0,1,0,0,0,CALL,0,1,4581746,4581782,4581755,0,0,0,1,cpp,5.209842675202023e-11,0.0,0,0,0
0x45e970,JNB,11,0,38,2,0x45e968,CMP,1,NonLeaf,rcx(MOV) rdx(MOV) ,rflags ,MOV,4,CMP,4,XOR,2,MOV,3,MOV,3,MOV,4,TEST,3,JZ,2,LEA,7,LEA,7,0,1,1,0,0,RET,0,0,1,0,0,0,JE,0,0,4581728,4581782,4581746,0,0,0,0,cpp,5.209842675202023e-11,0.0,0,0,0
0x45e929,JZ,80908,0,29,2,0x45e926,TEST,1,NonLeaf,rdi(MOV) rdi(MOV) ,rflags ,TEST,3,MOV,4,JNB,2,MOV,4,CMP,4,LEA,7,LEA,7,XOR,2,CALL_NEAR,5,TEST,3,0,0,1,0,0,RET,0,0,1,0,0,0,CALL,0,1,4581666,4581702,4581675,0,0,0,1,cpp,3.831981374229502e-07,0.0,0,0,0
0x45e920,JNB,80908,0,38,2,0x45e918,CMP,1,NonLeaf,rcx(MOV) rdx(MOV) ,rflags ,MOV,4,CMP,4,XOR,2,MOV,3,MOV,3,MOV,4,TEST,3,JZ,2,LEA,7,LEA,7,0,1,1,0,0,RET,0,0,1,0,0,0,JE,0,0,4581648,4581702,4581666,0,0,0,0,cpp,3.831981374229502e-07,0.0,0,0,0
0x45dcce,JZ,80908,0,9,2,0x45dccb,TEST,1,NonLeaf,rax(-1) rax(-1) ,rflags ,TEST,3,CALL_NEAR,5,XOR,2,LEA,7,LEA,7,POP,1,RET_NEAR,1,CALL_NEAR,5,CALL_NEAR,5,NOP,4,0,1,0,0,0,CALL,0,1,1,0,0,0,RET,0,0,4578507,4578519,4578512,0,0,1,0,cpp,3.831981374229502e-07,0.0,0,0,0
0x45dcb4,JZ,80908,0,30,2,0x45dcb1,TEST,1,NonLeaf,rdi(MOV) rdi(MOV) ,rflags ,TEST,3,MOV,4,JNB,2,MOV,4,CMP,4,LEA,7,LEA,7,XOR,2,CALL_NEAR,5,TEST,3,0,0,0,0,0,CALL,0,1,1,0,0,0,CALL,0,1,4578477,4578514,4578486,0,0,1,1,cpp,3.831981374229502e-07,0.0,0,0,0
0x45dcab,JNB,80908,0,39,2,0x45dca3,CMP,1,NonLeaf,rax(-1) rdx(MOV) ,rflags ,MOV,4,CMP,4,MOV,3,CALL_NEAR,5,LEA,7,MOV,4,TEST,3,JZ,2,LEA,7,LEA,7,0,1,0,0,0,CALL,0,1,1,0,0,0,JE,0,0,4578464,4578514,4578477,0,0,1,0,cpp,3.831981374229502e-07,0.0,0,0,0
0x45dc7e,JZ,80908,0,9,2,0x45dc7b,TEST,1,NonLeaf,rax(-1) rax(-1) ,rflags ,TEST,3,CALL_NEAR,5,XOR,2,LEA,7,LEA,7,POP,1,RET_NEAR,1,CALL_NEAR,5,CALL_NEAR,5,NOP,4,0,1,0,0,0,CALL,0,1,1,0,0,0,RET,0,0,4578427,4578439,4578432,0,0,1,0,cpp,3.831981374229502e-07,0.0,0,0,0
0x45dc64,JZ,80908,0,30,2,0x45dc61,TEST,1,NonLeaf,rdi(MOV) rdi(MOV) ,rflags ,TEST,3,MOV,4,JNB,2,MOV,4,CMP,4,LEA,7,LEA,7,XOR,2,CALL_NEAR,5,TEST,3,0,0,0,0,0,CALL,0,1,1,0,0,0,CALL,0,1,4578397,4578434,4578406,0,0,1,1,cpp,3.831981374229502e-07,0.0,0,0,0
0x45dc5b,JNB,80908,0,39,2,0x45dc53,CMP,1,NonLeaf,rax(-1) rdx(MOV) ,rflags ,MOV,4,CMP,4,MOV,3,CALL_NEAR,5,LEA,7,MOV,4,TEST,3,JZ,2,LEA,7,LEA,7,0,1,0,0,0,CALL,0,1,1,0,0,0,JE,0,0,4578384,4578434,4578397,0,0,1,0,cpp,3.831981374229502e-07,0.0,0,0,0
0x45d63e,JZ,11,0,9,2,0x45d63b,TEST,1,NonLeaf,rax(-1) rax(-1) ,rflags ,TEST,3,CALL_NEAR,5,XOR,2,LEA,7,LEA,7,POP,1,RET_NEAR,1,CALL_NEAR,5,CALL_NEAR,5,NOP,4,0,1,0,0,0,CALL,0,1,1,0,0,0,RET,0,0,4576827,4576839,4576832,0,0,1,0,cpp,5.209842675202023e-11,0.0,0,0,0
0x45d624,JZ,11,0,30,2,0x45d621,TEST,1,NonLeaf,rdi(MOV) rdi(MOV) ,rflags ,TEST,3,MOV,4,JNB,2,MOV,4,CMP,4,LEA,7,LEA,7,XOR,2,CALL_NEAR,5,TEST,3,0,0,0,0,0,CALL,0,1,1,0,0,0,CALL,0,1,4576797,4576834,4576806,0,0,1,1,cpp,5.209842675202023e-11,0.0,0,0,0
0x45d61b,JNB,11,0,39,2,0x45d613,CMP,1,NonLeaf,rax(-1) rdx(MOV) ,rflags ,MOV,4,CMP,4,MOV,3,CALL_NEAR,5,LEA,7,MOV,4,TEST,3,JZ,2,LEA,7,LEA,7,0,1,0,0,0,CALL,0,1,1,0,0,0,JE,0,0,4576784,4576834,4576797,0,0,1,0,cpp,5.209842675202023e-11,0.0,0,0,0
0x45cd9e,JZ,80908,0,9,2,0x45cd9b,TEST,1,NonLeaf,rax(-1) rax(-1) ,rflags ,TEST,3,CALL_NEAR,5,XOR,2,LEA,7,LEA,7,POP,1,RET_NEAR,1,CALL_NEAR,5,CALL_NEAR,5,NOP,4,0,1,0,0,0,CALL,0,1,1,0,0,0,RET,0,0,4574619,4574631,4574624,0,0,1,0,cpp,3.831981374229502e-07,0.0,0,0,0
0x45cd84,JZ,80908,0,30,2,0x45cd81,TEST,1,NonLeaf,rdi(MOV) rdi(MOV) ,rflags ,TEST,3,MOV,4,JNB,2,MOV,4,CMP,4,LEA,7,LEA,7,XOR,2,CALL_NEAR,5,TEST,3,0,0,0,0,0,CALL,0,1,1,0,0,0,CALL,0,1,4574589,4574626,4574598,0,0,1,1,cpp,3.831981374229502e-07,0.0,0,0,0
0x45cd7b,JNB,80908,0,39,2,0x45cd73,CMP,1,NonLeaf,rax(-1) rdx(MOV) ,rflags ,MOV,4,CMP,4,MOV,3,CALL_NEAR,5,LEA,7,MOV,4,TEST,3,JZ,2,LEA,7,LEA,7,0,1,0,0,0,CALL,0,1,1,0,0,0,JE,0,0,4574576,4574626,4574589,0,0,1,0,cpp,3.831981374229502e-07,0.0,0,0,0
0x4d6a9f,JZ,53906303,53906303,81,2,0x4d6a9c,AND,1,NonLeaf,eax(AND) ,eax rflags ,AND,3,MOV,3,JZ,2,TEST,3,MOV,4,XOR,2,MOV,3,CALL_NEAR,5,MOV,3,MOV,3,0,1,0,0,0,JE,0,0,0,0,0,0,CALL,0,1,5073561,5073648,5073569,0,0,0,1,cpp,0.0002553121434834,1.0,1,0,1
0x4d3b7e,JNZ,2107157,0,1637,6,0x4d3b75,CMP,1,NonLeaf,r13(-1) rax(-1) rax(-1) ,rflags ,MOV,4,CMP,5,SUB,3,MOV,3,JZ,6,MOV,4,MOV,4,CMP,5,JNZ,6,CMP,4,0,1,0,0,0,CALL,0,1,1,1,0,0,JNE,0,0,5061487,5063139,5061508,0,0,1,0,cpp,9.979960419955152e-06,0.0,0,0,0
0x4d2bb8,JZ,3354,198,84,2,0x4d2bb5,CMP,1,NonLeaf,rbx(-1) rdx(-1) ,rflags ,CMP,3,JMP,5,MOV,4,JNZ,6,CMPXCHG,4,MOV,4,MOV,4,MOV,4,MOV,4,MOV,4,0,1,0,0,0,JMP,0,0,1,0,0,0,JMP,0,0,5057461,5057548,5057466,0,1,1,1,cpp,1.5885283938752352e-08,0.0590339892665474,0,0,0
0x4d2776,JB,568255,568172,-295,6,0x4d276f,CMP,1,NonLeaf,rax(AND) rip(JB) ,rflags ,CMP,7,AND,4,MOV,4,MOV,7,RET_NEAR,1,MOV,7,MOV,5,MOV,5,CALL_NEAR,5,JMP,5,0,0,1,0,0,JNE,0,0,1,0,0,0,CALL,0,1,5056352,5056079,5056380,0,0,0,1,cpp,2.691381044906296e-06,0.9998539388126808,1,1,1
0x456c3e,JNZ,10,0,38,2,0x456c32,XOR,1,NonLeaf,rcx(XOR) fs(-1) ,rcx rflags ,MOV,3,XOR,9,MOV,5,JNZ,2,TEST,2,ADD,4,POP,1,POP,1,RET_NEAR,1,NOP,9,0,1,0,0,0,CALL,0,1,1,0,0,0,RET,0,0,4549677,4549732,4549696,0,0,1,0,cpp,4.7362206138200205e-11,0.0,0,0,0
0x456c2b,JNZ,10,10,37,2,0x456c29,TEST,1,NonLeaf,esi(MOV) esi(MOV) ,rflags ,TEST,2,MOV,4,CALL_NEAR,3,XOR,2,MOV,4,MOV,5,XOR,9,MOV,3,JNZ,2,ADD,4,0,1,0,0,0,CALL,0,1,0,1,0,0,JNE,0,0,4549669,4549712,4549677,1,0,1,0,cpp,4.7362206138200205e-11,1.0,1,0,1
0x456bfe,JZ,10,0,107,2,0x456bfb,TEST,1,NonLeaf,rdi(MOV) rdi(MOV) ,rflags ,TEST,3,MOV,7,ADD,4,MOV,8,MOV,3,MOV,3,LEA,5,MOV,5,MOV,7,MOV,3,0,1,0,0,0,CALL,0,1,1,0,0,0,CALL,0,1,4549602,4549737,4549632,0,0,1,1,cpp,4.7362206138200205e-11,0.0,0,0,0
0x4d0b0a,JLE,83,13,31,2,0x4d0b07,AND,1,NonLeaf,rcx(AND) rax(NEG) ,rcx rflags ,AND,3,SUB,3,NEG,3,LEA,4,AND,4,MOV,3,XOR,2,MOV,3,CALL_NEAR,6,MOV,3,0,1,0,0,0,XOR,0,0,1,0,0,0,CALL,0,1,5049056,5049129,5049100,0,0,0,1,cpp,3.931063109470617e-10,0.1566265060240964,0,0,0
0x456076,JNZ,22,11,-18,2,0x456073,CMP,1,NonLeaf,eax(-1) ,rflags ,CMP,3,CALL_NEAR,5,CALL_NEAR,5,JMP,2,MOV,3,MOV,3,MOV,3,ADD,4,MOV,3,OR,3,0,0,0,0,0,JMP,0,0,1,0,0,0,CALL,0,1,4546675,4546660,4546680,0,0,1,1,cpp,1.0419685350404044e-10,0.5,0,0,0
0x456057,JNB,32749,22,23,2,0x456053,CMP,1,NonLeaf,rdx(MOV) rdi(MOV) ,rflags ,CMP,4,MOV,4,MOV,8,MOV,4,MOV,3,MOVZX,3,ADD,4,MOV,4,MOV,3,JMP,2,0,1,0,0,0,CALL,0,1,1,0,0,0,MOV,0,0,4546624,4546670,4546649,0,1,1,1,cpp,1.5510648888199189e-07,0.0006717762374423,0,0,0
0x456033,JNZ,32769,0,54,2,0x456027,XOR,1,NonLeaf,rcx(XOR) fs(-1) ,rcx rflags ,MOV,3,XOR,9,MOV,5,JNZ,2,CMP,5,ADD,4,POP,1,POP,1,RET_NEAR,1,NOP,4,0,1,0,0,0,CALL,0,1,1,0,0,0,RET,0,0,4546594,4546665,4546613,0,0,1,0,cpp,1.5520121329426827e-07,0.0,0,0,0
0x456020,JNZ,32769,32749,32,2,0x45601b,CMP,1,NonLeaf,rsp(-1) ,rflags ,CMP,5,CALL_NEAR,5,XOR,2,MOV,5,MOV,9,MOV,5,XOR,9,MOV,3,JNZ,2,ADD,4,0,1,0,0,0,JAE,0,0,1,1,0,0,JNE,0,0,4546587,4546624,4546594,0,0,0,0,cpp,1.5520121329426827e-07,0.9993896670633832,1,0,1
0x455954,JNZ,3020,0,57,2,0x455948,XOR,1,NonLeaf,rcx(XOR) fs(-1) ,rcx rflags ,MOV,3,XOR,9,MOV,5,MOV,4,SUB,4,ADD,4,POP,1,RET_NEAR,1,MOV,3,OR,3,0,1,0,0,0,CALL,0,1,1,0,0,0,RET,0,0,4544835,4544909,4544854,0,0,1,0,cpp,1.430338625373646e-08,0.0,0,0,0
0x455939,JNB,3010,0,35,2,0x455935,CMP,1,NonLeaf,rax(-1) rdx(MOV) ,rflags ,CMP,4,MOV,4,JZ,2,TEST,3,MOV,7,SUB,4,MOV,4,MOV,5,XOR,9,MOV,3,0,1,0,0,0,CALL,0,1,1,0,0,0,MOV,0,0,4544817,4544860,4544827,0,1,1,1,cpp,1.4256024047598262e-08,0.0,0,0,0
0x45592f,JZ,3010,0,81,2,0x45592c,TEST,1,NonLeaf,rax(MOV) rax(MOV) ,rflags ,TEST,3,MOV,7,ADD,4,MOV,3,MOV,3,MOV,4,CMP,4,JNB,2,SUB,4,MOV,4,0,1,0,0,0,CALL,0,1,1,0,0,0,JAE,0,0,4544795,4544896,4544817,0,0,1,0,cpp,1.4256024047598262e-08,0.0,0,0,0
0x455919,JZ,3020,10,42,2,0x455914,CMP,1,NonLeaf,rsp(-1) ,rflags ,CMP,5,CALL_NEAR,5,MOV,3,MOV,5,LEA,5,MOV,3,MOV,3,ADD,4,MOV,7,TEST,3,0,1,1,0,0,JNE,0,0,1,0,0,0,JE,0,0,4544788,4544835,4544795,0,0,0,0,cpp,1.430338625373646e-08,0.0033112582781456,0,0,0
0x454986,JLE,9,9,50,2,0x454980,CMP,1,NonLeaf,rax(-1) ,rflags ,CMP,6,NOP,5,RET_NEAR,1,POP,1,POP,1,MOV,4,MOV,7,OR,3,TEST,2,MOV,4,0,1,0,0,0,JMP,0,0,1,0,0,0,JE,0,0,4540800,4540856,4540808,0,0,1,1,cpp,4.262598552438018e-11,1.0,1,0,1
0x454972,JNZ,9,0,79,2,0x454966,XOR,1,NonLeaf,rcx(XOR) fs(-1) ,rcx rflags ,MOV,3,XOR,9,MOV,5,JNZ,2,TEST,2,ADD,4,POP,1,POP,1,RET_NEAR,1,NOP,5,0,1,0,0,0,CALL,0,1,1,0,0,0,RET,0,0,4540769,4540865,4540788,0,0,1,0,cpp,4.262598552438018e-11,0.0,0,0,0
0x454949,JNL,9,9,55,2,0x454943,CMP,1,NonLeaf,rax(MOV) ,rflags ,CMP,6,MOV,5,CALL_NEAR,3,XOR,2,MOV,4,MOV,4,MOV,7,OR,3,MOV,4,TEST,2,0,1,0,0,0,JLE,0,0,1,0,0,0,MOV,0,0,4540734,4540800,4540747,0,0,0,1,cpp,4.262598552438018e-11,1.0,1,0,1
0x45490e,JZ,9,0,184,6,0x45490b,TEST,1,NonLeaf,rdi(MOV) rdi(MOV) ,rflags ,TEST,3,MOV,7,ADD,4,MOV,8,MOV,3,LEA,5,MOV,3,MOV,7,MOV,5,MOV,5,0,1,0,0,0,CALL,0,1,1,0,0,0,CALL,0,1,4540658,4540870,4540692,0,0,1,1,cpp,4.262598552438018e-11,0.0,0,0,0
0x4548f0,JZ,9,0,113,2,0x4548eb,CMP,1,NonLeaf,rsp(-1) ,rflags ,CMP,5,CALL_NEAR,5,XOR,2,MOV,5,MOV,9,MOV,3,MOV,3,MOV,8,ADD,4,MOV,7,0,1,0,0,0,JNE,0,0,1,0,0,0,JE,0,0,4540651,4540769,4540658,0,0,0,1,cpp,4.262598552438018e-11,0.0,0,0,0
0x45463a,JNZ,9,0,-42,2,0x454635,TEST,1,NonLeaf,rdx(MOV) rax(MOVZX) ,rflags ,TEST,5,MOVZX,3,MOV,5,MOVZX,3,JNB,2,MOV,3,ADD,4,MOV,3,JMP,2,MOV,3,0,0,0,1,1,JAE,0,0,1,0,0,0,JMP,1,0,4539949,4539920,4539964,0,0,0,0,cpp,4.262598552438018e-11,0.0,0,1,0
0x45461b,JNB,9,0,45,2,0x454618,CMP,1,NonLeaf,rax(MOV) rdx(MOV) ,rflags ,CMP,3,MOV,4,MOV,4,NOP,10,JMP,5,ADD,4,MOV,4,CMP,3,JNB,2,MOVZX,3,1,1,0,0,0,CALL,0,1,1,0,0,0,MOV,0,0,4539920,4539976,4539933,0,1,1,1,cpp,4.262598552438018e-11,0.0,0,0,0
0x4545d8,JNZ,35778,0,24,2,0x4545d6,TEST,1,NonLeaf,eax(MOV) eax(MOV) ,rflags ,TEST,2,MOV,3,JNZ,2,TEST,5,MOVZX,3,MOV,5,ADD,4,POP,1,POP,1,POP,2,0,0,0,0,0,XOR,0,0,1,0,0,0,RET,0,0,4539859,4539888,4539866,0,0,0,1,cpp,1.694525011212527e-07,0.0,0,0,0
0x4ce6ff,JZ,1,0,7,2,0x4ce6fc,TEST,1,NonLeaf,rdi(MOV) rdi(MOV) ,rflags ,TEST,3,LEA,7,MOV,2,LEA,7,OR,3,AND,3,JZ,2,OR,3,MOV,4,MOV,4,0,1,1,0,0,MOV,0,0,1,0,0,0,JE,0,0,5039845,5039878,5039873,0,0,1,0,cpp,4.736220613820021e-12,0.0,0,0,0
0x4545d1,JNZ,59,9,63,2,0x4545cc,TEST,1,NonLeaf,rdx(MOV) rax(MOVZX) ,rflags ,TEST,5,MOVZX,3,MOV,5,JZ,6,CMP,3,MOV,3,TEST,2,JNZ,2,MOV,5,ADD,4,0,1,0,1,0,JAE,0,0,0,0,0,0,JNE,0,0,4539844,4539920,4539859,0,0,0,0,cpp,2.794370162153812e-10,0.1525423728813559,0,1,0
0x4545be,JZ,59,0,162,6,0x4545bb,CMP,1,NonLeaf,eax(-1) ,rflags ,CMP,3,JZ,6,TEST,3,MOV,7,MOVZX,3,MOV,5,MOVZX,3,TEST,5,JNZ,2,MOV,3,0,1,0,0,0,JMP,0,0,1,0,0,0,JNE,0,0,4539835,4540000,4539844,0,1,0,0,cpp,2.794370162153812e-10,0.0,0,0,0
0x4545b5,JZ,59,0,263,6,0x4545b2,TEST,1,NonLeaf,r12(MOV) r12(MOV) ,rflags ,TEST,3,MOV,7,MOVZX,3,JNB,6,CMP,4,CMP,3,JZ,6,MOV,5,MOVZX,3,TEST,5,0,1,0,0,0,CALL,0,1,1,0,0,0,JE,0,0,4539819,4540092,4539835,0,0,1,0,cpp,2.794370162153812e-10,0.0,0,0,0
0x4545a2,JNB,59,0,287,6,0x45459e,CMP,1,NonLeaf,rax(MOV) rbp(MOV) ,rflags ,CMP,4,MOV,4,MOV,7,JZ,2,TEST,4,MOVZX,3,MOV,7,TEST,3,JZ,6,CMP,3,0,1,0,0,0,CALL,0,1,1,0,0,0,MOVZX,0,0,4539795,4540097,4539816,0,1,1,0,cpp,2.794370162153812e-10,0.0,0,0,0
0x454591,JZ,32768,32709,66,2,0x45458d,TEST,1,NonLeaf,rdi(-1) ,rflags ,TEST,4,JNZ,2,TEST,3,ADD,4,MOV,3,MOV,7,MOV,4,CMP,4,JNB,6,MOVZX,3,0,0,0,0,0,JNE,0,0,1,0,0,0,JAE,0,0,4539789,4539859,4539795,0,0,0,0,cpp,1.5519647707365446e-07,0.998199462890625,1,0,1
0x45458b,JNZ,35778,3010,72,2,0x454588,TEST,1,NonLeaf,bpl(-1) bpl(-1) ,rflags ,TEST,3,ADD,4,MOV,3,MOV,3,CALL_NEAR,5,TEST,4,JZ,2,MOV,7,MOV,4,CMP,4,0,1,0,0,0,JNE,0,0,1,0,0,0,JE,0,0,4539784,4539859,4539789,0,0,0,0,cpp,1.694525011212527e-07,0.0841299122365699,0,0,0
0x454574,JZ,35778,35778,20,2,0x454571,TEST,1,NonLeaf,rax(MOV) rax(MOV) ,rflags ,TEST,3,MOV,2,MOV,7,JNZ,6,TEST,2,MOV,3,CALL_NEAR,5,MOV,3,MOV,3,ADD,4,0,1,1,0,0,JNE,0,0,1,0,0,0,CALL,0,1,4539752,4539784,4539766,0,0,0,1,cpp,1.694525011212527e-07,1.0,1,0,1
0x454562,JNZ,35808,30,142,6,0x454560,TEST,1,NonLeaf,eax(MOV) eax(MOV) ,rflags ,TEST,2,MOV,3,ADD,4,MOV,3,MOV,3,MOV,7,MOV,2,TEST,3,JZ,2,MOV,3,0,1,0,0,0,XOR,0,0,1,0,0,0,JE,0,0,4539712,4539888,4539752,0,0,0,0,cpp,1.695945877396673e-07,0.000837801608579,0,0,0
0x453cec,JZ,4,0,37,2,0x453cea,TEST,1,NonLeaf,al(-1) al(-1) ,rflags ,TEST,2,CALL_NEAR,5,MOV,3,MOV,7,CALL_NEAR,5,MOV,3,CALL_NEAR,5,MOV,7,ADD,4,POP,1,0,1,0,0,0,JMP,0,0,1,0,0,0,CALL,0,1,4537578,4537617,4537582,0,0,1,1,cpp,1.894488245528008e-11,0.0,0,0,0
0x453cd1,JZ,4,0,77,2,0x453ccf,TEST,1,NonLeaf,al(-1) al(-1) ,rflags ,TEST,2,CALL_NEAR,5,MOV,3,MOV,7,CALL_NEAR,5,MOV,3,CALL_NEAR,5,MOV,7,MOV,3,CALL_NEAR,5,0,1,0,0,0,JMP,0,0,1,0,0,0,CALL,0,1,4537551,4537630,4537555,0,0,1,1,cpp,1.894488245528008e-11,0.0,0,0,0
0x453cb6,JZ,4,0,78,2,0x453cb4,TEST,1,NonLeaf,al(-1) al(-1) ,rflags ,TEST,2,CALL_NEAR,5,SUB,4,MOV,3,PUSH,1,MOV,3,CALL_NEAR,5,MOV,7,MOV,3,CALL_NEAR,5,0,1,0,0,0,JMP,0,0,1,0,0,0,CALL,0,1,4537524,4537604,4537528,0,0,1,1,cpp,1.894488245528008e-11,0.0,0,0,0
0x45353c,JZ,80908,0,37,2,0x45353a,TEST,1,NonLeaf,al(-1) al(-1) ,rflags ,TEST,2,CALL_NEAR,5,MOV,3,MOV,7,CALL_NEAR,5,MOV,3,CALL_NEAR,5,MOV,7,ADD,4,POP,1,0,1,0,0,0,JMP,0,0,1,0,0,0,CALL,0,1,4535610,4535649,4535614,0,0,1,1,cpp,3.831981374229502e-07,0.0,0,0,0
0x453521,JZ,80908,0,77,2,0x45351f,TEST,1,NonLeaf,al(-1) al(-1) ,rflags ,TEST,2,CALL_NEAR,5,MOV,3,MOV,7,CALL_NEAR,5,MOV,3,CALL_NEAR,5,MOV,7,MOV,3,CALL_NEAR,5,0,1,0,0,0,JMP,0,0,1,0,0,0,CALL,0,1,4535583,4535662,4535587,0,0,1,1,cpp,3.831981374229502e-07,0.0,0,0,0
0x453506,JZ,80908,0,78,2,0x453504,TEST,1,NonLeaf,al(-1) al(-1) ,rflags ,TEST,2,CALL_NEAR,5,SUB,4,MOV,3,PUSH,1,MOV,3,CALL_NEAR,5,MOV,7,MOV,3,CALL_NEAR,5,0,1,0,0,0,JMP,0,0,1,0,0,0,CALL,0,1,4535556,4535636,4535560,0,0,1,1,cpp,3.831981374229502e-07,0.0,0,0,0
0x4cd48e,JNZ,1,1,194,6,0x4cd48a,CMP,1,NonLeaf,r14d(-1) ,rflags ,CMP,4,CALL_NEAR,4,MOV,3,XOR,2,XOR,2,NOP,4,MOV,10,MOV,4,TEST,3,JNZ,6,0,1,0,0,0,JE,0,0,1,0,0,0,NOP,0,0,5035146,5035344,5035156,0,0,0,0,cpp,4.736220613820021e-12,1.0,1,0,1
0x4531f0,JNZ,3091,0,13,2,0x4531ea,TEST,1,NonLeaf,rdi(-1) esi(-1) ,rflags ,MOV,3,TEST,3,JZ,2,CMP,8,INVALID,0,RET_NEAR,2,NOP,4,OR,3,JMP,2,LEA,7,0,1,0,0,0,CALL,0,1,1,0,0,0,REPZ RET,0,0,4534762,4534781,4534770,0,0,1,0,cpp,1.4639657917317684e-08,0.0,0,0,0
0x4531e8,JZ,3091,0,16,2,0x4531e0,CMP,1,NonLeaf,rdi(-1) ,rflags ,CMP,8,INVALID,0,INVALID,0,INVALID,0,INVALID,0,TEST,3,MOV,3,JNZ,2,RET_NEAR,2,NOP,4,0,1,0,0,0,JMP,0,0,1,1,0,0,JNE,0,0,4534752,4534776,4534762,0,0,0,1,cpp,1.4639657917317684e-08,0.0,0,0,0
0x452a84,JZ,1,0,4,2,0x452a7e,TEST,1,NonLeaf,rax(-1) rax(-1) ,rflags ,MOV,3,TEST,3,CALL_NEAR,5,MOV,5,MOV,3,POP,1,RET_NEAR,1,LEA,7,CALL_NEAR,5,NOP,10,0,1,0,0,0,CALL,0,1,1,0,0,0,RET,0,0,4532862,4532872,4532870,0,0,1,0,cpp,4.736220613820021e-12,0.0,0,0,0
0x4528d0,JNZ,10,0,57,2,0x4528c7,XOR,1,NonLeaf,rax(XOR) fs(-1) ,rax rflags ,XOR,9,MOV,5,MOV,8,MOVSS,5,JBE,2,ADD,4,POP,1,POP,1,POP,2,RET_NEAR,1,0,1,0,0,0,CALL,0,1,1,0,0,0,RET,0,0,4532418,4532489,4532434,0,0,1,0,cpp,4.7362206138200205e-11,0.0,0,0,0
0x4528b3,JBE,10,10,15,2,0x4528b0,UCOMISS,1,NonLeaf,xmm1(MOVSS) xmm0(-1) ,rflags ,UCOMISS,3,MOVSS,8,JNBE,2,UCOMISS,7,JNZ,2,MOVSS,5,MOV,8,MOV,5,XOR,9,JNZ,2,0,0,1,0,0,JNE,0,0,1,0,0,0,MOV,0,0,4532392,4532418,4532405,0,0,0,1,cpp,4.7362206138200205e-11,1.0,1,0,1
0x4528a6,JNBE,10,0,58,2,0x45289f,UCOMISS,1,NonLeaf,xmm0(-1) rip(JNBE) ,rflags ,UCOMISS,7,JNZ,2,CMP,3,JZ,2,CMP,3,MOVSS,8,UCOMISS,3,JBE,2,MOVSS,5,MOV,8,0,1,0,0,0,JMP,0,0,1,0,0,0,JBE,0,0,4532383,4532448,4532392,0,0,1,0,cpp,4.7362206138200205e-11,0.0,0,0,0
0x45289d,JNZ,10,0,91,2,0x45289a,CMP,1,NonLeaf,rax(-1) ,rflags ,CMP,3,JZ,2,CMP,3,MOVSS,5,MOV,4,UCOMISS,7,JNBE,2,MOVSS,8,UCOMISS,3,JBE,2,0,0,0,0,0,JMP,0,0,1,0,0,0,JA,0,0,4532378,4532472,4532383,0,0,1,0,cpp,4.7362206138200205e-11,0.0,0,0,0
0x452898,JZ,10,0,96,2,0x452895,CMP,1,NonLeaf,rax(MOV) rbx(-1) ,rflags ,CMP,3,MOVSS,5,MOV,4,CALL_NEAR,5,XOR,2,CMP,3,JNZ,2,UCOMISS,7,JNBE,2,MOVSS,8,0,1,0,0,0,JMP,0,0,1,0,0,0,JNE,0,0,4532364,4532472,4532378,0,0,1,0,cpp,4.7362206138200205e-11,0.0,0,0,0
0x45259e,JZ,12,0,-38,2,0x452597,CMP,1,NonLeaf,rax(-1) ,rflags ,MOV,3,CMP,4,CALL_NEAR,5,MOV,2,MOV,3,ADD,4,MOV,3,POP,1,POP,1,POP,2,0,1,0,0,0,CALL,0,1,1,1,0,0,RET,1,0,4531607,4531576,4531616,0,0,1,0,cpp,5.6834647365840245e-11,0.0,0,0,0
0x452520,JNZ,11,0,-16,2,0x45251e,TEST,1,NonLeaf,eax(-1) eax(-1) ,rflags ,TEST,2,CALL_NEAR,5,MOV,3,JNZ,2,CMP,4,MOV,7,ADD,4,MOV,3,POP,1,POP,1,0,1,0,0,0,JNE,0,0,0,0,0,0,RET,1,0,4531486,4531472,4531490,0,0,0,1,cpp,5.209842675202023e-11,0.0,0,1,0
0x4524f6,JZ,11,0,44,2,0x4524f2,CMP,1,NonLeaf,rbx(-1) ,rflags ,CMP,4,JZ,2,TEST,2,CALL_NEAR,5,SUB,4,CALL_NEAR,5,MOV,3,MOV,6,JMP,2,NOP,8,0,1,0,0,0,RET,0,0,1,0,0,0,CALL,0,1,4531442,4531490,4531448,1,0,1,1,cpp,5.209842675202023e-11,0.0,0,0,0
0x4524f0,JZ,22,11,79,2,0x4524ee,TEST,1,NonLeaf,al(-1) al(-1) ,rflags ,TEST,2,CALL_NEAR,5,SUB,4,MOV,3,PUSH,1,CMP,4,JZ,2,CALL_NEAR,5,MOV,3,MOV,6,0,1,0,0,0,RET,0,0,1,0,0,0,JE,0,0,4531438,4531519,4531442,0,0,0,0,cpp,1.0419685350404044e-10,0.5,0,0,0
0x4cc5d4,JZ,11,0,292,6,0x4cc5ce,CMP,1,NonLeaf,edx(AND) ,rflags ,CMP,6,AND,6,XOR,3,MOV,2,JZ,6,MOV,3,XOR,2,CALL_NEAR,5,TEST,4,JZ,6,0,1,0,0,0,JLE,0,0,1,1,0,0,CALL,0,1,5031363,5031672,5031386,0,0,0,1,cpp,5.209842675202023e-11,0.0,0,0,0
0x4524a6,JZ,11,0,18,2,0x4524a0,TEST,1,NonLeaf,rax(-1) rax(-1) ,rflags ,MOV,3,TEST,3,CALL_NEAR,5,MOV,3,MOV,3,MOV,4,MOV,3,POP,1,POP,1,POP,2,0,0,0,0,0,RET,0,0,1,0,0,0,RET,0,0,4531360,4531384,4531368,0,0,0,1,cpp,5.209842675202023e-11,0.0,0,0,0
0x452493,JNZ,11,0,37,2,0x452491,TEST,1,NonLeaf,al(-1) al(-1) ,rflags ,TEST,2,CALL_NEAR,5,MOV,3,JZ,2,MOV,3,MOV,3,MOV,3,CALL_NEAR,5,TEST,3,MOV,3,0,0,0,0,0,RET,0,0,1,0,0,0,CALL,0,1,4531345,4531384,4531349,0,0,0,1,cpp,5.209842675202023e-11,0.0,0,0,0
0x452487,JZ,11,0,49,2,0x452481,TEST,1,NonLeaf,rax(-1) rax(-1) ,rflags ,MOV,3,TEST,3,CALL_NEAR,5,MOV,2,MOV,3,MOV,3,CALL_NEAR,5,TEST,2,JNZ,2,MOV,3,0,1,0,0,0,RET,0,0,1,0,0,0,CALL,0,1,4531329,4531384,4531337,0,0,0,1,cpp,5.209842675202023e-11,0.0,0,0,0
0x452296,JNBE,11,0,218,6,0x452293,CMP,1,Leaf,edi(AND) ,rflags ,CMP,3,AND,3,INVALID,0,INVALID,0,INVALID,0,LEA,7,MOVSXD,4,ADD,3,JMP,2,NOP,4,0,1,0,0,0,RET,0,0,1,0,0,0,JMP,0,0,4530832,4531056,4530844,0,0,0,0,cpp,5.209842675202023e-11,0.0,0,0,0
0x4521b3,JNZ,26,25,-19,2,0x4521af,CMP,1,NonLeaf,rax(ADD) ,rflags ,CMP,4,ADD,4,MOV,7,MOVSX,4,NOP,10,JMP,5,LEA,4,MOV,3,CALL_NEAR,5,MOV,3,1,1,1,1,1,JNE,0,0,1,1,0,0,JMP,1,0,4530592,4530592,4530613,1,0,1,0,cpp,1.2314173595932052e-10,0.9615384615384616,1,1,1
0x452188,JNZ,36,35,-16,2,0x452184,CMP,1,NonLeaf,rax(ADD) ,rflags ,CMP,4,ADD,4,MOV,4,MOVSX,4,NOP,3,LEA,7,MOV,3,XOR,2,NOP,10,MOVSX,4,1,1,1,1,1,JNE,0,0,1,1,0,0,NOP,1,0,4530552,4530552,4530570,1,0,1,0,cpp,1.7050394209752074e-10,0.9722222222222222,1,1,1
0x45207e,JZ,1,1,194,6,0x45207b,TEST,1,NonLeaf,rbp(-1) rbp(-1) ,rflags ,TEST,3,JZ,6,CMP,5,SUB,4,MOV,3,MOV,3,MOV,5,CALL_NEAR,5,MOV,4,MOV,3,0,1,0,0,0,NOP,0,0,1,0,0,0,CALL,1,1,4530299,4530496,4530308,0,0,1,1,cpp,4.736220613820021e-12,1.0,1,0,1
0x452075,JZ,1,0,364,6,0x452070,CMP,1,NonLeaf,rdi(-1) ,rflags ,CMP,5,SUB,4,MOV,3,PUSH,1,MOV,3,TEST,3,JZ,6,MOV,3,MOV,5,CALL_NEAR,5,0,1,0,0,0,CALL,0,1,1,1,0,0,JE,0,0,4530272,4530657,4530299,0,0,1,0,cpp,4.736220613820021e-12,0.0,0,0,0
0x451f8c,JNZ,26,25,-20,2,0x451f88,CMP,1,NonLeaf,rax(ADD) ,rflags ,CMP,4,ADD,4,MOV,4,MOV,4,MOVZX,4,JMP,5,LEA,4,MOV,3,CALL_NEAR,5,MOV,3,1,1,1,1,1,JNE,0,0,1,1,0,0,JMP,1,0,4530040,4530040,4530062,1,0,1,0,cpp,1.2314173595932052e-10,0.9615384615384616,1,1,1
0x451f64,JNZ,36,35,-20,2,0x451f60,CMP,1,NonLeaf,rax(ADD) ,rflags ,CMP,4,ADD,4,MOV,4,MOV,4,MOVZX,4,LEA,7,MOV,3,XOR,2,NOP,6,MOVZX,4,1,1,1,1,1,JNE,0,0,1,1,0,0,NOP,1,0,4530000,4530000,4530022,1,0,1,0,cpp,1.7050394209752074e-10,0.9722222222222222,1,1,1
0x451e50,JZ,1,1,208,6,0x451e4d,TEST,1,NonLeaf,r12(-1) r12(-1) ,rflags ,TEST,3,JZ,6,TEST,3,MOV,4,SUB,4,MOV,3,MOV,5,CALL_NEAR,5,MOVZX,3,MOV,3,0,1,0,0,0,NOP,0,0,1,0,0,0,CALL,1,1,4529741,4529952,4529750,0,0,1,1,cpp,4.736220613820021e-12,1.0,1,0,1
0x451e47,JZ,1,0,371,6,0x451e44,TEST,1,NonLeaf,rbp(MOV) rbp(MOV) ,rflags ,TEST,3,MOV,4,SUB,4,MOV,3,PUSH,1,TEST,3,JZ,6,MOV,3,MOV,5,CALL_NEAR,5,0,1,0,0,0,CALL,0,1,1,1,0,0,JE,0,0,4529712,4530106,4529741,0,0,1,0,cpp,4.736220613820021e-12,0.0,0,0,0
0x451ad0,JNZ,11,10,-16,2,0x451acc,CMP,1,NonLeaf,rax(ADD) ,rflags ,CMP,4,ADD,4,MOV,4,MOVSX,4,NOP,2,JMP,5,NOP,9,LEA,4,MOV,10,MOV,7,1,1,1,1,1,JNE,0,0,1,1,0,0,JMP,1,0,4528832,4528832,4528850,1,0,1,0,cpp,5.209842675202023e-11,0.9090909090909092,1,1,1
0x451944,JNZ,1,0,820,6,0x45193b,XOR,1,NonLeaf,rax(XOR) fs(-1) ,rax rflags ,XOR,9,MOV,5,CALL_NEAR,5,MOV,3,MOV,4,ADD,4,POP,1,POP,1,POP,2,POP,2,0,1,0,0,0,CALL,0,1,1,0,0,0,RET,0,0,4528438,4529272,4528458,0,0,1,0,cpp,4.736220613820021e-12,0.0,0,0,0
0x451742,JZ,1,1,766,6,0x45173f,TEST,1,NonLeaf,rbx(-1) rbx(-1) ,rflags ,TEST,3,JZ,6,CMP,5,XOR,2,MOV,5,MOV,3,CALL_NEAR,5,MOV,3,MOV,5,MOV,4,0,1,0,0,0,NOP,0,0,1,0,0,0,CALL,1,1,4527935,4528704,4527944,0,0,1,1,cpp,4.736220613820021e-12,1.0,1,0,1
0x451739,JZ,1,0,1175,6,0x451734,CMP,1,NonLeaf,rdi(-1) ,rflags ,CMP,5,XOR,2,MOV,5,MOV,9,SUB,4,TEST,3,JZ,6,MOV,3,CALL_NEAR,5,MOV,3,0,1,0,0,0,CALL,0,1,1,1,0,0,JE,0,0,4527888,4529104,4527935,0,0,1,0,cpp,4.736220613820021e-12,0.0,0,0,0
0x4514d0,JNZ,11,10,-16,2,0x4514cc,CMP,1,NonLeaf,rax(ADD) ,rflags ,CMP,4,ADD,4,MOV,4,MOVSX,4,NOP,2,JMP,5,NOP,9,LEA,4,MOV,10,MOV,7,1,1,1,1,1,JNE,0,0,1,1,0,0,JMP,1,0,4527296,4527296,4527314,1,0,1,0,cpp,5.209842675202023e-11,0.9090909090909092,1,1,1
0x451344,JNZ,1,0,820,6,0x45133b,XOR,1,NonLeaf,rax(XOR) fs(-1) ,rax rflags ,XOR,9,MOV,5,CALL_NEAR,5,MOV,3,MOV,4,ADD,4,POP,1,POP,1,POP,2,POP,2,0,1,0,0,0,CALL,0,1,1,0,0,0,RET,0,0,4526902,4527736,4526922,0,0,1,0,cpp,4.736220613820021e-12,0.0,0,0,0
0x451142,JZ,1,1,766,6,0x45113f,TEST,1,NonLeaf,rbx(-1) rbx(-1) ,rflags ,TEST,3,JZ,6,CMP,5,XOR,2,MOV,5,MOV,3,CALL_NEAR,5,MOV,3,MOV,5,MOV,4,0,1,0,0,0,NOP,0,0,1,0,0,0,CALL,1,1,4526399,4527168,4526408,0,0,1,1,cpp,4.736220613820021e-12,1.0,1,0,1
0x451139,JZ,1,0,1175,6,0x451134,CMP,1,NonLeaf,rdi(-1) ,rflags ,CMP,5,XOR,2,MOV,5,MOV,9,SUB,4,TEST,3,JZ,6,MOV,3,CALL_NEAR,5,MOV,3,0,1,0,0,0,CALL,0,1,1,1,0,0,JE,0,0,4526352,4527568,4526399,0,0,1,0,cpp,4.736220613820021e-12,0.0,0,0,0
0x450f2c,JNZ,11,10,-20,2,0x450f28,CMP,1,NonLeaf,rax(ADD) ,rflags ,CMP,4,ADD,4,MOV,4,MOV,4,MOVZX,4,ADD,4,POP,1,POP,1,POP,2,POP,2,1,1,1,1,1,JNE,0,0,1,1,0,0,RET,1,0,4525848,4525848,4525870,1,0,1,0,cpp,5.209842675202023e-11,0.9090909090909092,1,1,1
0x450bf4,JZ,1,1,684,6,0x450bf1,TEST,1,NonLeaf,rbp(-1) rbp(-1) ,rflags ,TEST,3,JZ,6,TEST,3,MOV,4,SUB,4,MOV,3,MOV,5,CALL_NEAR,5,MOVZX,3,MOV,3,0,1,0,0,0,NOP,0,0,1,0,0,0,CALL,1,1,4525041,4525728,4525050,0,0,1,1,cpp,4.736220613820021e-12,1.0,1,0,1
0x450beb,JZ,1,0,1005,6,0x450be8,TEST,1,NonLeaf,r12(MOV) r12(MOV) ,rflags ,TEST,3,MOV,4,SUB,4,MOV,3,PUSH,1,TEST,3,JZ,6,MOV,3,MOV,5,CALL_NEAR,5,0,1,0,0,0,CALL,0,1,1,1,0,0,JE,0,0,4525008,4526040,4525041,0,0,1,0,cpp,4.736220613820021e-12,0.0,0,0,0
0x4509ec,JNZ,11,10,-20,2,0x4509e8,CMP,1,NonLeaf,rax(ADD) ,rflags ,CMP,4,ADD,4,MOV,4,MOV,4,MOVZX,4,ADD,4,POP,1,POP,1,POP,2,POP,2,1,1,1,1,1,JNE,0,0,1,1,0,0,RET,1,0,4524504,4524504,4524526,1,0,1,0,cpp,5.209842675202023e-11,0.9090909090909092,1,1,1
0x4506b4,JZ,1,1,684,6,0x4506b1,TEST,1,NonLeaf,rbp(-1) rbp(-1) ,rflags ,TEST,3,JZ,6,TEST,3,MOV,4,SUB,4,MOV,3,MOV,5,CALL_NEAR,5,MOVZX,3,MOV,3,0,1,0,0,0,NOP,0,0,1,0,0,0,CALL,1,1,4523697,4524384,4523706,0,0,1,1,cpp,4.736220613820021e-12,1.0,1,0,1
0x4506ab,JZ,1,0,1005,6,0x4506a8,TEST,1,NonLeaf,r12(MOV) r12(MOV) ,rflags ,TEST,3,MOV,4,SUB,4,MOV,3,PUSH,1,TEST,3,JZ,6,MOV,3,MOV,5,CALL_NEAR,5,0,1,0,0,0,CALL,0,1,1,1,0,0,JE,0,0,4523664,4524696,4523697,0,0,1,0,cpp,4.736220613820021e-12,0.0,0,0,0
0x4500ab,JBE,12,8,-51,2,0x4500a7,CMP,1,NonLeaf,rbx(-1) ,rflags ,CMP,4,SHL,2,MOV,2,MOV,3,JZ,2,SHR,3,JMP,2,NOP,6,ADD,4,MOV,3,1,1,0,0,0,SHL,0,0,1,0,0,0,JMP,0,0,4522144,4522104,4522157,0,0,0,0,cpp,5.6834647365840245e-11,0.6666666666666666,1,0,1
0x45009e,JZ,12,1,26,2,0x45009a,CMP,1,NonLeaf,rbx(ADD) ,rflags ,CMP,4,ADD,4,MOV,8,CALL_NEAR,5,MOVZX,3,MOV,3,MOV,2,SHL,2,CMP,4,JBE,2,0,1,1,0,0,JMP,1,0,0,0,1,1,JBE,0,0,4522126,4522168,4522144,0,0,0,0,cpp,5.6834647365840245e-11,0.0833333333333333,0,0,0
0x450069,JNZ,256,255,-25,2,0x450062,CMP,1,NonLeaf,rbx(ADD) ,rflags ,CMP,7,ADD,4,MOV,7,CALL_NEAR,5,MOV,2,XOR,2,MOV,6,JMP,2,NOP,3,SHL,3,0,0,0,1,1,CALL,0,1,1,1,0,0,JMP,1,0,4522071,4522064,4522091,0,0,1,0,cpp,1.212472477137925e-09,0.99609375,1,1,1
0x45003f,JNZ,128,128,-31,2,0x45003c,CMP,1,NonLeaf,eax(-1) ,rflags ,CMP,3,CALL_NEAR,5,MOV,2,JZ,6,CMP,7,MOV,4,XOR,2,NOP,9,MOV,2,CALL_NEAR,5,0,1,0,0,0,JE,0,0,1,0,0,0,MOV,1,0,4522044,4522016,4522049,0,0,1,1,cpp,6.062362385689625e-10,1.0,1,1,1
0x45002f,JZ,128,1,155,6,0x450028,CMP,1,NonLeaf,rbx(ADD) ,rflags ,CMP,7,ADD,4,MOV,4,NOP,3,JMP,2,MOV,2,CALL_NEAR,5,CMP,3,JNZ,2,MOV,4,0,1,0,0,0,JMP,1,0,0,0,1,1,CALL,0,1,4522016,4522186,4522037,0,0,1,1,cpp,6.062362385689625e-10,0.0078125,0,0,0
0x44faca,JNZ,3,2,102,2,0x44fac6,CMP,1,Leaf,si(-1) ,rflags ,CMP,4,JZ,2,CMP,4,NOP,1,JMP,5,MOV,4,LEA,7,JMP,5,NOP,4,CMP,5,0,0,0,0,0,RET,0,0,1,0,0,0,JMP,0,0,4520646,4520752,4520652,0,0,0,0,cpp,1.420866184146006e-11,0.6666666666666666,1,0,1
0x44fac4,JZ,4,1,116,2,0x44fac0,CMP,1,Leaf,si(-1) ,rflags ,CMP,4,NOP,1,JMP,5,LEA,7,MOV,4,CMP,4,JNZ,2,MOV,4,LEA,7,JMP,5,0,1,0,0,0,JMP,0,0,1,0,0,0,JNE,0,0,4520640,4520760,4520646,0,0,0,0,cpp,1.894488245528008e-11,0.25,0,0,0
0x44faa9,JNZ,2,1,135,6,0x44faa4,CMP,1,Leaf,si(-1) ,rflags ,CMP,5,JZ,2,CMP,5,JBE,2,JZ,6,MOV,4,LEA,7,JMP,5,NOP,1,CMP,4,0,0,0,0,0,RET,0,0,1,0,0,0,JMP,0,0,4520612,4520752,4520623,0,0,0,0,cpp,9.47244122764004e-12,0.5,0,0,0
0x44faa2,JZ,3,1,126,2,0x44fa9d,CMP,1,Leaf,si(-1) ,rflags ,CMP,5,JBE,2,JZ,6,CMP,5,JMP,5,CMP,5,JNZ,6,MOV,4,LEA,7,JMP,5,0,1,0,0,0,JMP,0,0,1,0,0,0,JNE,0,0,4520605,4520736,4520612,0,0,0,0,cpp,1.420866184146006e-11,0.3333333333333333,0,0,0
0x44fa9b,JBE,3,0,69,2,0x44fa90,CMP,0,Leaf,si(-1) ,rflags ,JZ,6,CMP,5,JMP,5,LEA,7,MOV,4,CMP,5,JZ,2,CMP,5,JNZ,6,MOV,4,0,1,0,0,0,JE,0,0,1,0,0,0,JE,0,0,4520603,4520672,4520605,0,0,0,0,cpp,1.420866184146006e-11,0.0,0,0,0
0x44fa95,JZ,4,1,219,6,0x44fa90,CMP,1,Leaf,si(-1) ,rflags ,CMP,5,JMP,5,LEA,7,MOV,4,JNZ,6,JBE,2,CMP,5,JZ,2,CMP,5,JNZ,6,0,1,0,0,0,JMP,0,0,1,0,0,0,JBE,0,0,4520592,4520816,4520603,0,0,0,0,cpp,1.894488245528008e-11,0.25,0,0,0
0x44fa7a,JNZ,1,0,182,6,0x44fa75,CMP,1,Leaf,si(-1) ,rflags ,CMP,5,JZ,6,CMP,5,JBE,2,JZ,6,MOV,4,LEA,7,JMP,5,CMP,5,JZ,6,0,0,0,0,0,RET,0,0,1,0,0,0,JMP,0,0,4520565,4520752,4520576,0,0,0,0,cpp,4.736220613820021e-12,0.0,0,0,0
0x44fa6f,JZ,2,1,241,6,0x44fa6a,CMP,1,Leaf,si(-1) ,rflags ,CMP,5,JBE,2,JZ,6,CMP,5,JNBE,2,CMP,5,JNZ,6,MOV,4,LEA,7,JMP,5,0,1,0,0,0,JMP,0,0,1,0,0,0,JNE,0,0,4520554,4520800,4520565,0,0,0,0,cpp,9.47244122764004e-12,0.5,0,0,0
0x44fa68,JBE,6,4,88,2,0x44fa5d,CMP,0,Leaf,si(-1) ,rflags ,JZ,6,CMP,5,JNBE,2,JZ,6,CMP,5,CMP,5,JZ,6,CMP,5,JNZ,6,MOV,4,0,1,0,0,0,JE,0,0,1,0,0,0,JE,0,0,4520552,4520640,4520554,0,0,0,0,cpp,2.8417323682920123e-11,0.6666666666666666,1,0,1
0x44fa62,JZ,7,1,166,6,0x44fa5d,CMP,1,Leaf,si(-1) ,rflags ,CMP,5,JNBE,2,JZ,6,CMP,5,INVALID,0,JBE,2,CMP,5,JZ,6,CMP,5,JNZ,6,0,1,0,0,0,JMP,0,0,1,0,0,0,JBE,0,0,4520541,4520712,4520552,0,0,0,0,cpp,3.3153544296740137e-11,0.1428571428571428,0,0,0
0x44fa5b,JNBE,11,4,53,2,0x44fa50,CMP,0,Leaf,si(-1) ,rflags ,JZ,6,CMP,5,INVALID,0,INVALID,0,INVALID,0,CMP,5,JZ,6,JBE,2,CMP,5,JZ,6,0,1,0,0,0,JE,0,0,1,0,0,0,JE,0,0,4520539,4520592,4520541,0,0,0,0,cpp,5.209842675202023e-11,0.3636363636363636,0,0,0
0x44fa55,JZ,12,1,251,6,0x44fa50,CMP,1,Leaf,si(-1) ,rflags ,CMP,5,INVALID,0,INVALID,0,INVALID,0,INVALID,0,JNBE,2,CMP,5,JZ,6,JBE,2,CMP,5,0,1,0,0,0,JMP,0,0,1,0,0,0,JA,0,0,4520528,4520784,4520539,0,0,0,0,cpp,5.6834647365840245e-11,0.0833333333333333,0,0,0
0x44f93e,JZ,1,0,-209,6,0x44f93a,TEST,1,NonLeaf,dil(LEA) ,rflags ,TEST,4,MOV,4,MOV,7,LEA,7,NOP,6,NOP,4,XOR,2,ADD,4,SUB,3,MOV,4,0,0,1,0,0,JNE,0,0,1,0,0,0,NOP,0,0,4520232,4520045,4520260,0,0,0,0,cpp,4.736220613820021e-12,0.0,0,0,0
0x44f903,JZ,1,0,-230,6,0x44f8ff,TEST,1,NonLeaf,dil(ADD) ,rflags ,TEST,4,MOV,5,SUB,3,ADD,4,XOR,3,NOP,7,MOV,6,SUB,3,ADD,4,JMP,5,0,0,1,0,0,TEST,0,0,1,0,0,0,NOP,0,0,4520176,4519965,4520201,0,0,0,0,cpp,4.736220613820021e-12,0.0,0,0,0
0x44f8e0,JZ,1,0,-205,6,0x44f8dc,TEST,1,NonLeaf,dil(LEA) ,rflags ,TEST,4,MOV,4,MOV,4,LEA,4,NOP,1,NOP,10,XOR,3,ADD,4,SUB,3,MOV,5,0,0,0,0,0,JNE,0,0,1,0,0,0,NOP,0,0,4520144,4519955,4520166,0,0,0,0,cpp,4.736220613820021e-12,0.0,0,0,0
0x44f89e,JZ,1,0,5,2,0x44f89b,AND,1,NonLeaf,edx(AND) ,edx rflags ,AND,3,MOV,4,ADD,4,XOR,2,JZ,2,MOV,3,POP,1,POP,1,POP,2,RET_NEAR,1,0,1,1,0,0,RET,0,0,1,0,0,0,MOV,0,0,4520091,4520099,4520096,0,0,0,1,cpp,4.736220613820021e-12,0.0,0,0,0
0x44f88f,JZ,1,1,12,2,0x44f88c,TEST,1,NonLeaf,dl(-1) ,rflags ,TEST,3,ADD,4,MOV,6,JZ,2,STOSQ,3,XOR,2,ADD,4,MOV,4,AND,3,JZ,2,0,1,1,0,0,JE,0,0,1,0,0,0,MOV,0,0,4520076,4520091,4520081,1,0,0,1,cpp,4.736220613820021e-12,1.0,1,0,1
0x44f880,JZ,1,1,12,2,0x44f87a,TEST,0,NonLeaf,dl(-1) ,rflags ,STOSQ,3,TEST,3,SHR,3,XOR,2,MOV,2,MOV,6,ADD,4,TEST,3,JZ,2,XOR,2,0,1,1,0,0,JE,0,0,1,0,0,0,ADD,0,0,4520064,4520076,4520066,0,0,0,1,cpp,4.736220613820021e-12,1.0,1,0,1
0x44f871,JNZ,1,1,79,2,0x44f86d,TEST,1,NonLeaf,dil(-1) ,rflags ,TEST,4,JNZ,6,TEST,4,JNZ,6,TEST,4,MOV,2,XOR,2,SHR,3,TEST,3,STOSQ,3,0,1,0,0,0,JMP,0,0,1,1,0,0,TEST,0,0,4520045,4520128,4520051,1,0,1,0,cpp,4.736220613820021e-12,1.0,1,0,1
0x44f85d,JNZ,1,1,203,6,0x44f859,TEST,1,NonLeaf,dil(LEA) ,rflags ,TEST,4,MOV,5,LEA,7,MOV,3,JZ,2,TEST,4,JNZ,6,TEST,4,JNZ,2,MOV,2,0,1,0,0,0,JE,0,0,1,0,0,0,JNE,0,0,4520013,4520232,4520035,0,0,1,0,cpp,4.736220613820021e-12,1.0,1,0,1
0x44f848,JZ,1,0,5,2,0x44f845,AND,1,NonLeaf,edx(AND) ,edx rflags ,AND,3,MOV,4,ADD,4,XOR,2,JZ,2,MOV,3,LEA,7,MOV,5,TEST,4,JNZ,6,0,1,1,0,0,JNE,0,0,1,0,0,0,MOV,0,0,4520005,4520013,4520010,0,0,0,1,cpp,4.736220613820021e-12,0.0,0,0,0
0x44f839,JZ,1,1,12,2,0x44f836,TEST,1,NonLeaf,dl(-1) ,rflags ,TEST,3,ADD,4,MOV,6,JZ,2,STOSQ,3,XOR,2,ADD,4,MOV,4,AND,3,JZ,2,0,1,1,0,0,JE,0,0,1,0,0,0,MOV,0,0,4519990,4520005,4519995,1,0,0,1,cpp,4.736220613820021e-12,1.0,1,0,1
0x44f82a,JZ,1,1,12,2,0x44f824,TEST,0,NonLeaf,dl(-1) ,rflags ,STOSQ,3,TEST,3,SHR,3,XOR,2,MOV,2,MOV,6,ADD,4,TEST,3,JZ,2,XOR,2,0,1,1,0,0,JE,0,0,1,0,0,0,ADD,0,0,4519978,4519990,4519980,0,0,0,1,cpp,4.736220613820021e-12,1.0,1,0,1
0x44f803,JNZ,1,1,205,6,0x44f7ff,TEST,1,NonLeaf,dil(LEA) ,rflags ,TEST,4,MOV,5,MOV,7,MOV,4,MOV,4,TEST,4,JNZ,6,TEST,4,JNZ,6,MOV,2,0,1,0,0,0,JE,0,0,1,0,0,0,JNE,0,0,4519911,4520144,4519945,0,0,1,0,cpp,4.736220613820021e-12,1.0,1,0,1
0x44f7e1,JZ,1,1,207,6,0x44f7cf,TEST,1,NonLeaf,rbp(-1) rbp(-1) ,rflags ,MOV,4,MOV,3,MOV,4,MOV,4,TEST,3,LEA,4,MOV,4,MOV,4,MOV,7,MOV,5,0,1,0,0,0,JMP,0,0,1,1,0,0,JNE,0,0,4519867,4520112,4519911,0,0,0,1,cpp,4.736220613820021e-12,1.0,1,0,1
0x44d71a,JZ,189,82,77,2,0x44d713,CMP,1,NonLeaf,rbx(-1) r12(-1) ,rflags ,MOV,3,CMP,4,JZ,6,TEST,2,MOV,2,MOV,6,MOV,3,MOV,7,MOV,3,CALL_NEAR,5,0,1,0,0,0,CALL,0,1,1,1,0,0,CALL,0,1,4511507,4511591,4511516,0,0,1,1,cpp,8.951456960119837e-10,0.4338624338624338,0,0,0
0x44d70d,JZ,298,243,-129,6,0x44d70b,TEST,1,NonLeaf,esi(MOV) esi(MOV) ,rflags ,TEST,2,MOV,2,JZ,2,TEST,3,MOV,4,CMP,4,MOV,3,JZ,2,MOV,6,MOV,3,0,0,0,0,0,JNE,0,0,0,0,0,0,JE,1,0,4511497,4511372,4511507,0,0,1,0,cpp,1.411393742918366e-09,0.8154362416107382,1,0,1
0x44d707,JZ,432,134,12,2,0x44d704,TEST,1,NonLeaf,rax(MOV) rax(MOV) ,rflags ,TEST,3,MOV,4,NOP,10,JMP,5,CALL_NEAR,5,MOV,2,TEST,2,JZ,6,CMP,4,MOV,3,0,1,0,0,0,JE,1,0,1,0,0,0,JE,0,0,4511488,4511507,4511497,0,0,0,0,cpp,2.046047305170249e-09,0.3101851851851852,0,0,0
0x44d6d7,JZ,181,95,105,2,0x44d6d0,CMP,1,NonLeaf,rbx(-1) r12(-1) ,rflags ,MOV,3,CMP,4,JMP,2,MOV,4,JNZ,2,MOV,6,MOV,3,MOV,7,MOV,3,CALL_NEAR,5,0,1,0,0,0,CALL,0,1,1,1,0,0,CALL,0,1,4511440,4511552,4511449,0,0,1,1,cpp,8.572559311014236e-10,0.5248618784530387,1,0,1
0x44d6c8,JNZ,510,417,-104,2,0x44d6c4,CMP,1,NonLeaf,rcx(-1) rdx(-1) ,rflags ,CMP,4,MOV,4,NOP,1,RET_NEAR,1,POP,2,MOV,4,JMP,2,CMP,4,MOV,3,JZ,2,0,0,1,1,0,MOV,0,0,1,0,0,0,JMP,0,0,4511424,4511328,4511434,0,0,0,1,cpp,2.41547251304821e-09,0.8176470588235294,1,0,1
0x44d6a5,JNZ,442,427,-60,2,0x44d69b,CMP,1,NonLeaf,r12(MOV) rdx(-1) ,rflags ,MOV,7,CMP,3,MOV,6,MOV,6,MOV,3,NOP,9,MOV,6,POP,1,POP,1,POP,2,0,0,0,1,1,JNE,0,0,1,0,0,0,NOP,1,0,4511372,4511337,4511399,0,0,0,0,cpp,2.093409511308449e-09,0.9660633484162896,1,1,1
0x44d68a,JNZ,244,45,70,2,0x44d688,TEST,1,NonLeaf,ecx(MOV) ecx(MOV) ,rflags ,TEST,2,MOV,2,JZ,2,TEST,3,JZ,2,MOV,3,MOV,6,MOV,6,CMP,3,MOV,7,0,0,0,0,0,JE,1,0,0,0,0,0,JNE,0,0,4511366,4511440,4511372,0,0,0,1,cpp,1.155637829772085e-09,0.1844262295081967,0,0,0
0x44d684,JZ,380,136,76,2,0x44d681,TEST,1,NonLeaf,rax(-1) rax(-1) ,rflags ,TEST,3,JZ,2,CMP,3,MOV,4,MOV,4,MOV,2,TEST,2,JNZ,2,MOV,3,MOV,6,0,1,0,0,0,JE,1,0,1,0,0,0,JNE,0,0,4511361,4511440,4511366,0,0,0,0,cpp,1.7997638332516076e-09,0.3578947368421052,0,0,0
0x44d67f,JZ,812,432,129,2,0x44d67c,CMP,1,NonLeaf,rbx(-1) rax(MOV) ,rflags ,CMP,3,MOV,4,MOV,4,JNZ,2,TEST,2,TEST,3,JZ,2,MOV,2,TEST,2,JNZ,2,0,1,0,0,0,JE,0,0,1,0,0,0,JE,0,0,4511348,4511488,4511361,0,0,0,0,cpp,3.8458111384218565e-09,0.5320197044334976,1,0,1
0x44d672,JNZ,1761,949,62,2,0x44d670,TEST,1,NonLeaf,eax(MOV) eax(MOV) ,rflags ,TEST,2,MOV,2,MOV,5,JZ,2,CMP,3,MOV,4,MOV,4,CMP,3,JZ,2,TEST,3,1,0,1,0,0,RET,1,0,1,0,0,0,JE,0,0,4511337,4511408,4511348,0,0,1,0,cpp,8.340484500937056e-09,0.5388983532084043,1,0,1
0x44d667,JZ,1782,448,73,2,0x44d664,CMP,1,NonLeaf,r12(-1) rdx(-1) ,rflags ,CMP,3,MOV,4,NOP,8,JZ,6,CMP,4,MOV,5,MOV,2,TEST,2,JNZ,2,MOV,4,1,1,1,0,0,RET,1,0,1,0,1,0,JNE,0,0,4511332,4511408,4511337,0,0,1,0,cpp,8.439945133827277e-09,0.2514029180695847,0,0,0
0x44d652,JZ,454,27,268,6,0x44d64e,CMP,1,NonLeaf,rcx(-1) rdx(-1) ,rflags ,CMP,4,JZ,6,MOV,4,CMP,3,JZ,2,NOP,8,MOV,4,CMP,3,JZ,2,MOV,5,0,1,0,0,0,JMP,0,0,1,0,0,0,NOP,0,0,4511310,4511582,4511320,0,0,1,0,cpp,2.150244158674289e-09,0.0594713656387665,0,0,0
0x44d648,JZ,902,448,265,6,0x44d641,CMP,1,NonLeaf,rdx(-1) rcx(-1) ,rflags ,MOV,4,CMP,3,JZ,2,MOV,6,MOV,8,CMP,4,JZ,6,NOP,8,MOV,4,CMP,3,0,1,0,0,0,JMP,0,0,1,0,0,0,JE,0,0,4511297,4511569,4511310,0,0,1,0,cpp,4.272070993665658e-09,0.4966740576496674,0,0,0
0x44d63f,JZ,1412,510,129,2,0x44d612,TEST,1,NonLeaf,dil(-1) dil(-1) ,rflags ,MOV,6,MOV,8,MOV,8,MOV,4,PUSH,1,CMP,3,MOV,4,JZ,6,CMP,4,JZ,6,0,1,0,0,0,JNE,0,0,1,0,0,0,JE,0,0,4511248,4511424,4511297,0,0,1,1,cpp,6.6875435067138695e-09,0.3611898016997167,0,0,0
0x44d51b,JZ,373,179,-11,2,0x44d517,CMP,1,Leaf,rax(MOV) rdx(MOV) ,rflags ,CMP,4,MOV,4,MOV,3,NOP,1,JMP,2,RET_NEAR,2,MOV,3,RET_NEAR,1,INVALID,0,INVALID,0,1,1,0,0,0,MOV,0,0,1,1,0,0,REPZ RET,1,0,4510995,4510992,4511005,0,0,0,0,cpp,1.7666102889548674e-09,0.4798927613941018,0,0,0
0x44d50b,JZ,410,194,8,2,0x44d507,CMP,1,Leaf,rdi(-1) rdx(MOV) ,rflags ,CMP,4,MOV,4,RET_NEAR,1,MOV,4,RET_NEAR,2,JMP,2,NOP,1,MOV,3,MOV,4,CMP,4,0,1,0,1,0,JE,0,0,1,0,0,0,JMP,0,0,4510979,4510995,4510989,0,0,0,0,cpp,1.941850451666208e-09,0.473170731707317,0,0,0
0x44d4ea,JNZ,410,0,9,2,0x44d4e7,TEST,1,Leaf,rax(MOV) rax(MOV) ,rflags ,TEST,3,MOV,4,JZ,2,CMP,3,MOV,4,JMP,2,NOP,2,MOV,3,MOV,4,TEST,3,0,1,0,1,0,JNE,0,0,1,0,0,0,JMP,0,0,4510947,4510963,4510956,0,0,0,0,cpp,1.941850451666208e-09,0.0,0,0,0
0x44d4e1,JZ,287,0,29,2,0x44d4de,CMP,1,Leaf,rax(MOV) rdi(-1) ,rflags ,CMP,3,MOV,4,MOV,4,JNZ,2,TEST,2,MOV,4,TEST,3,JNZ,2,JMP,2,NOP,2,0,1,0,0,0,RET,0,0,0,0,0,0,JNE,0,0,4510934,4510974,4510947,1,0,0,0,cpp,1.359295316166346e-09,0.0,0,0,0
0x44d4d4,JNZ,410,123,15,2,0x44d4d2,TEST,1,Leaf,eax(MOV) eax(MOV) ,rflags ,TEST,2,MOV,2,INVALID,0,INVALID,0,INVALID,0,MOV,4,MOV,4,CMP,3,JZ,2,MOV,4,0,1,0,0,0,JNE,0,0,1,0,0,0,JE,0,0,4510928,4510947,4510934,0,0,0,0,cpp,1.941850451666208e-09,0.3,0,0,0
0x44d49a,JZ,276,181,38,2,0x44d496,CMP,1,Leaf,rdx(MOV) rdi(-1) ,rflags ,CMP,4,MOV,4,JZ,2,CMP,3,MOV,4,MOV,4,MOV,4,MOV,4,RET_NEAR,1,NOP,7,0,1,0,0,0,JMP,0,0,1,0,0,0,MOV,0,0,4510866,4510912,4510876,0,0,1,1,cpp,1.3071968894143255e-09,0.6557971014492754,1,0,1
0x44d490,JZ,284,8,32,2,0x44d48d,CMP,1,Leaf,rsi(-1) rdi(-1) ,rflags ,CMP,3,MOV,4,MOV,4,MOV,4,JZ,2,MOV,4,CMP,4,JZ,2,MOV,4,MOV,4,0,1,0,0,0,RET,0,0,1,0,0,0,JE,0,0,4510853,4510896,4510866,0,0,1,0,cpp,1.3450866543248856e-09,0.028169014084507,0,0,0
0x44d47f,JZ,284,203,6,2,0x44d478,TEST,1,Leaf,rdx(MOV) rdx(MOV) ,rflags ,MOV,4,TEST,3,MOV,4,MOV,4,INVALID,0,MOV,4,MOV,4,MOV,4,CMP,3,JZ,2,0,1,1,0,0,JE,0,0,1,0,0,0,MOV,0,0,4510832,4510853,4510849,0,0,1,1,cpp,1.3450866543248856e-09,0.7147887323943662,1,0,1
0x44d43a,JZ,255,181,38,2,0x44d436,CMP,1,Leaf,rdx(MOV) rdi(-1) ,rflags ,CMP,4,MOV,4,JZ,2,CMP,3,MOV,4,MOV,4,MOV,4,MOV,4,RET_NEAR,1,NOP,7,0,1,0,0,0,JMP,0,0,1,0,0,0,MOV,0,0,4510770,4510816,4510780,0,0,1,1,cpp,1.207736256524105e-09,0.7098039215686275,1,0,1
0x44d430,JZ,263,8,32,2,0x44d42d,CMP,1,Leaf,rsi(-1) rdi(-1) ,rflags ,CMP,3,MOV,4,MOV,4,MOV,4,JZ,2,MOV,4,CMP,4,JZ,2,MOV,4,MOV,4,0,1,0,0,0,RET,0,0,1,0,0,0,JE,0,0,4510757,4510800,4510770,0,0,1,0,cpp,1.2456260214346654e-09,0.0304182509505703,0,0,0
0x44d41f,JZ,263,199,6,2,0x44d418,TEST,1,Leaf,rdx(MOV) rdx(MOV) ,rflags ,MOV,4,TEST,3,MOV,4,MOV,4,INVALID,0,MOV,4,MOV,4,MOV,4,CMP,3,JZ,2,0,1,1,0,0,JE,0,0,1,0,0,0,MOV,0,0,4510736,4510757,4510753,0,0,1,1,cpp,1.2456260214346654e-09,0.7566539923954373,1,0,1
0x44d208,JZ,161830,161830,49,2,0x44d200,CMP,1,NonLeaf,rip(JZ) ,rflags ,CMP,8,NOP,5,RET_NEAR,1,POP,2,POP,1,ADD_LOCK,4,POP,1,POP,1,POP,2,RET_NEAR,1,0,1,0,0,0,JMP,0,0,1,0,0,0,RET,0,0,4510208,4510265,4510218,0,0,1,0,cpp,7.664625819344939e-07,1.0,1,0,1
0x44d1bb,JZ,161830,161830,69,2,0x44d1b8,CMP,1,NonLeaf,rax(MOV) rdx(LEA) ,rflags ,CMP,3,MOV,3,MOV,4,LEA,7,LEA,7,CALL_NEAR,5,CMP,8,MOV,3,JZ,2,MOV,3,0,1,0,0,0,JE,0,0,1,0,0,0,CALL,0,1,4510115,4510208,4510141,0,0,0,1,cpp,7.664625819344939e-07,1.0,1,0,1
0x44d16c,JZ,161830,1,12,2,0x44d168,CMP,1,NonLeaf,rax(LEA) ,rflags ,CMP,4,LEA,7,CALL_NEAR,5,LEA,7,LEA,7,ADD,4,RET_NEAR,1,NOP,5,ADD,4,JMP,5,0,1,0,0,0,JMP,0,0,1,0,0,0,RET,0,0,4510049,4510072,4510062,0,0,0,0,cpp,7.664625819344939e-07,6.179323981956374e-06,0,0,0
0x44d14c,JZ,161830,161830,21,2,0x44d144,CMP,1,NonLeaf,rip(JZ) ,rflags ,CMP,8,SUB,4,INVALID,0,INVALID,0,INVALID,0,LEA,7,LEA,7,CALL_NEAR,5,LEA,7,CMP,4,0,1,1,0,0,JE,0,0,1,0,0,0,CALL,0,1,4510016,4510049,4510030,0,0,0,1,cpp,7.664625819344939e-07,1.0,1,0,1
0x44c084,JNZ,11,10,-20,2,0x44c080,CMP,1,NonLeaf,rax(ADD) ,rflags ,CMP,4,ADD,4,MOV,8,MOV,4,NOP,6,LEA,7,MOV,5,XOR,2,XOR,2,CALL_NEAR,5,1,1,0,0,0,MOV,0,0,1,1,0,0,CALL,1,1,4505716,4505712,4505734,0,0,0,1,cpp,5.209842675202023e-11,0.9090909090909092,1,1,1
0x44c032,JNZ,28,27,-34,2,0x44c02c,CMP,1,NonLeaf,rax(ADD) ,rflags ,CMP,6,ADD,4,MOV,8,MOV,8,MOV,4,LEA,7,MOV,4,LEA,7,MOV,7,CALL_NEAR,5,1,1,0,0,0,MOV,0,0,1,1,0,0,CALL,1,1,4505624,4505616,4505652,0,0,0,1,cpp,1.3261417718696055e-10,0.9642857142857144,1,1,1
0x44bdf8,JNBE,784,756,-64,2,0x44bdf4,CMP,1,NonLeaf,rbx(-1) rbp(ADD) ,rflags ,CMP,4,ADD,4,MOV,8,MOV,4,JZ,2,ADD,4,POP,1,POP,1,POP,2,POP,2,0,0,0,1,1,JE,0,0,0,1,0,0,RET,1,0,4505072,4505016,4505082,0,0,0,0,cpp,3.713196961234896e-09,0.9642857142857144,1,1,1
0x44bdcb,JZ,784,784,37,2,0x44bdc8,TEST,1,NonLeaf,rdi(MOV) rdi(MOV) ,rflags ,TEST,3,MOV,4,LEA,8,MOV,4,NOP,3,TEST,3,LEA,4,JZ,2,MOV,5,XADD_LOCK,4,1,1,1,0,0,JA,0,0,1,0,0,0,JE,0,0,4505016,4505072,4505037,0,0,0,0,cpp,3.713196961234896e-09,1.0,1,0,1
0x44bdb1,JZ,28,0,73,2,0x44bda8,CMP,1,NonLeaf,rbx(-1) ,rflags ,MOV,4,CMP,5,NOP,3,JZ,2,SUB,3,XOR,2,NOP,3,MOV,4,LEA,8,MOV,4,0,0,1,0,0,RET,0,0,1,0,0,0,NOP,0,0,4505000,4505082,4505011,0,0,0,0,cpp,1.3261417718696055e-10,0.0,0,0,0
0x44bd88,JZ,28,28,32,2,0x44bd85,TEST,1,NonLeaf,rdi(MOV) rdi(MOV) ,rflags ,TEST,3,MOV,4,LEA,4,MOV,4,ADD_LOCK,4,TEST,3,LEA,4,JZ,6,MOV,5,XADD_LOCK,4,0,1,1,0,0,JE,0,0,1,0,0,0,JE,0,0,4504953,4505000,4504970,0,0,1,0,cpp,1.3261417718696055e-10,1.0,1,0,1
0x44bd6f,JZ,28,28,225,6,0x44bd6c,TEST,1,NonLeaf,r12(MOV) r12(MOV) ,rflags ,TEST,3,LEA,4,MOV,7,CALL_NEAR,5,JZ,2,ADD_LOCK,4,MOV,4,LEA,4,MOV,4,TEST,3,0,1,0,0,0,JMP,0,0,1,0,0,0,LOCK ADD,0,0,4504929,4505168,4504949,0,0,1,0,cpp,1.3261417718696055e-10,1.0,1,0,1
0x44bc43,JBE,28,28,286,6,0x44bc40,CMP,1,NonLeaf,r14(MOV) rax(SUB) ,rflags ,CMP,3,SUB,4,MOV,4,MOV,3,CALL_NEAR,5,LEA,4,MOV,10,MOV,7,MOV,4,LEA,8,0,1,1,0,0,JE,1,0,1,0,0,0,CALL,0,1,4504629,4504929,4504649,0,0,0,1,cpp,1.3261417718696055e-10,1.0,1,0,1
0x44bc24,JZ,28,0,470,6,0x44bc21,TEST,1,NonLeaf,rdx(-1) rdx(-1) ,rflags ,TEST,3,SUB,4,PUSH,1,PUSH,1,PUSH,2,MOV,3,MOV,3,CALL_NEAR,5,MOV,3,MOV,4,0,1,1,0,0,RET,1,0,1,0,0,0,CALL,0,1,4504592,4505082,4504618,0,0,0,1,cpp,1.3261417718696055e-10,0.0,0,0,0
0x44bbe7,JZ,28,28,21,2,0x44bbd8,CMP,1,Leaf,rip(JZ) ,rflags ,LEA,7,CMP,8,JNZ,2,TEST,3,MOV,3,MOV,2,XADD_LOCK,4,ADD,3,CDQE,2,MOV,3,0,1,0,0,0,JMP,0,0,1,0,0,0,LOCK XADD,0,0,4504536,4504572,4504553,0,0,1,0,cpp,1.3261417718696055e-10,1.0,1,0,1
0x44bbd6,JNZ,524012,523984,33,2,0x44bbd3,TEST,1,Leaf,rax(MOV) rax(MOV) ,rflags ,TEST,3,MOV,3,INVALID,0,INVALID,0,INVALID,0,CMP,8,LEA,7,JZ,2,MOV,2,XADD_LOCK,4,0,1,1,0,0,RET,0,0,1,0,0,0,JE,0,0,4504528,4504567,4504536,1,0,0,0,cpp,2.4818364362890565e-06,0.9999465661091732,1,0,1
0x44b84a,JZ,161816,0,6,2,0x44b847,CMP,1,NonLeaf,eax(-1) ,rflags ,CMP,3,XADD_LOCK,4,MOV,5,JZ,2,MOV,3,POP,1,RET_NEAR,1,NOP,2,TEST,3,JZ,2,0,1,0,0,0,JE,0,0,1,0,0,0,RET,0,0,4503623,4503632,4503628,0,0,0,0,cpp,7.663962748459004e-07,0.0,0,0,0
0x44b83c,JZ,161816,161816,42,2,0x44b830,CMP,1,NonLeaf,rip(JZ) ,rflags ,MOV,3,PUSH,1,CMP,8,INVALID,0,INVALID,0,MOV,5,XADD_LOCK,4,CMP,3,JZ,2,POP,1,0,1,0,0,0,JMP,0,0,1,0,0,0,LOCK XADD,0,0,4503600,4503654,4503614,0,0,1,0,cpp,7.663962748459004e-07,1.0,1,0,1
0x44b823,JNZ,80912,80912,-78,2,0x44b81e,SUB,1,NonLeaf,ecx(SUB) ,ecx rflags ,MOV,2,SUB,3,LEA,3,MOV,2,ADD,3,JMP,2,INVALID,0,INVALID,0,INVALID,0,INVALID,0,0,0,0,0,0,RET,0,0,1,0,0,0,JMP,0,0,4503571,4503509,4503589,0,0,1,0,cpp,3.832170823054055e-07,1.0,1,0,1
0x44b5f5,JNZ,20,19,-16,2,0x44b5f1,CMP,1,NonLeaf,rbx(LEA) ,rflags ,CMP,4,LEA,7,RET_NEAR,1,POP,1,MOV,3,CALL_NEAR,5,JMP,2,INVALID,0,INVALID,0,INVALID,0,0,0,1,0,0,RET,0,0,1,0,0,0,CALL,0,1,4503018,4503013,4503031,1,0,0,1,cpp,9.47244122764004e-11,0.95,1,0,1
0x44b5c9,JZ,20,20,33,2,0x44b5c0,CMP,1,NonLeaf,rip(JZ) ,rflags ,PUSH,1,CMP,8,INVALID,0,INVALID,0,INVALID,0,LEA,7,LEA,7,CALL_NEAR,5,LEA,7,MOV,3,0,1,0,0,0,JNE,0,0,1,0,0,0,CALL,0,1,4502976,4503018,4502987,0,0,0,1,cpp,9.47244122764004e-11,1.0,1,0,1
0x44ad1f,JZ,6,1,9,2,0x44ad1c,CMP,1,NonLeaf,eax(-1) ,rflags ,CMP,3,MOV,2,XADD_LOCK,4,MOV,5,LEA,7,RET_NEAR,1,NOP,6,SUB,4,LEA,7,CALL_NEAR,5,0,1,0,0,0,CALL,0,1,1,0,0,0,RET,0,0,4500764,4500776,4500769,0,0,1,0,cpp,2.8417323682920123e-11,0.1666666666666666,0,0,0
0x44ad08,JZ,6,6,113,2,0x44ad00,CMP,1,NonLeaf,rip(JZ) ,rflags ,CMP,8,INVALID,0,INVALID,0,INVALID,0,INVALID,0,LEA,7,MOV,5,XADD_LOCK,4,MOV,2,CMP,3,0,1,0,0,0,JMP,0,0,1,0,0,0,MOV,0,0,4500736,4500857,4500746,0,0,1,0,cpp,2.8417323682920123e-11,1.0,1,0,1
0x44aba6,JZ,1,1,39,2,0x44ab8f,CMP,1,NonLeaf,rip(JZ) ,rflags ,MOV,7,MOV,8,CMP,8,OR,7,CALL_NEAR,5,ADD_LOCK,6,ADD,4,POP,1,POP,1,POP,2,0,1,0,0,0,JMP,0,0,1,0,0,0,RET,0,0,4500360,4500429,4500392,0,0,1,0,cpp,4.736220613820021e-12,1.0,1,0,1
0x44a460,JZ,6,1,24,2,0x44a45e,TEST,1,NonLeaf,eax(-1) eax(-1) ,rflags ,TEST,2,XADD_LOCK,6,MOV,5,JZ,6,LEA,7,ADD,4,POP,1,POP,1,POP,2,POP,2,0,1,0,0,0,CALL,0,1,1,0,0,0,RET,0,0,4498526,4498552,4498530,0,0,1,0,cpp,2.8417323682920123e-11,0.1666666666666666,0,0,0
0x44a44d,JZ,6,6,1904,6,0x44a43e,CMP,1,NonLeaf,rip(JZ) ,rflags ,LEA,7,CMP,8,SUB,4,PUSH,1,PUSH,1,MOV,5,XADD_LOCK,6,TEST,2,JZ,2,ADD,4,0,1,0,0,0,JMP,0,0,1,0,0,0,LOCK XADD,0,0,4498480,4500413,4498515,0,0,1,0,cpp,2.8417323682920123e-11,1.0,1,0,1
0x44a3df,JZ,40452,40452,23,2,0x44a3dc,CMP,1,NonLeaf,rdi(MOV) rax(LEA) ,rflags ,CMP,3,LEA,4,MOV,7,CALL_NEAR,5,MOV,3,TEST,3,JZ,2,CALL_NEAR,5,MOV,11,LEA,7,0,1,1,0,0,JMP,0,0,1,0,0,0,JE,0,0,4498385,4498422,4498401,0,0,0,0,cpp,1.915895962702475e-07,1.0,1,0,1
0x44a34e,JZ,40452,40452,74,2,0x44a34b,TEST,1,NonLeaf,rdi(MOV) rdi(MOV) ,rflags ,TEST,3,MOV,4,PUSH,1,MOV,3,PUSH,1,MOV,7,LEA,4,TEST,3,JZ,2,MOV,5,0,1,1,0,0,RET,0,0,1,0,0,0,JE,0,0,4498240,4498328,4498256,0,0,1,0,cpp,1.915895962702475e-07,1.0,1,0,1
0x44a2f1,JZ,40452,40452,27,2,0x44a2ee,TEST,1,NonLeaf,rbx(MOV) rbx(MOV) ,rflags ,TEST,3,MOV,4,PUSH,1,MOV,3,PUSH,1,NOP,5,MOV,3,MOV,3,MOV,3,CALL_NEAR,3,0,1,1,0,0,RET,0,0,1,0,0,0,NOP,0,0,4498144,4498188,4498163,0,0,0,0,cpp,1.915895962702475e-07,1.0,1,0,1
0x44a096,JNZ,323680,283220,-22,2,0x44a093,CMP,1,Leaf,rax(ADD) rdx(-1) ,rflags ,CMP,3,ADD,4,MOV,8,MOV,7,NOP,7,MOV,10,MOV,7,ADD,7,JMP,5,INVALID,0,1,1,1,1,1,JNE,0,0,1,1,0,0,JMP,1,0,4497536,4497536,4497560,1,0,1,1,cpp,1.5330198882812642e-06,0.875,1,1,1
0x449ebf,JNZ,1,0,14,2,0x449eb6,XOR,1,NonLeaf,rax(XOR) fs(-1) ,rax rflags ,XOR,9,MOV,8,MOV,4,JZ,2,TEST,2,ADD,7,POP,1,POP,1,POP,2,RET_NEAR,1,0,1,0,0,0,CALL,0,1,1,0,0,0,RET,0,0,4497070,4497101,4497089,0,0,1,0,cpp,4.736220613820021e-12,0.0,0,0,0
0x449ea8,JZ,1,1,6,2,0x449ea6,TEST,1,NonLeaf,eax(-1) eax(-1) ,rflags ,TEST,2,CALL_NEAR,5,MOV,3,MOV,3,MOV,5,MOV,4,MOV,8,XOR,9,JNZ,2,ADD,7,0,1,1,0,0,JNE,0,0,1,0,0,0,MOV,0,0,4497062,4497070,4497066,0,0,0,1,cpp,4.736220613820021e-12,1.0,1,0,1
0x449e75,JNZ,256,255,-13,2,0x449e6f,CMP,1,NonLeaf,rax(ADD) ,rflags ,CMP,6,ADD,4,MOV,3,NOP,4,MOV,3,MOV,4,LEA,4,LEA,7,MOV,3,MOV,3,1,1,1,1,1,JNE,0,0,1,1,0,0,CALL,1,1,4497000,4497000,4497015,1,0,1,1,cpp,1.212472477137925e-09,0.99609375,1,1,1
0x4499da,JS,323678,0,38,2,0x4499d0,TEST,1,NonLeaf,r15(-1) r15(-1) ,rflags ,MOV,3,MOV,4,TEST,3,NOP,10,JMP,2,ADD,3,XOR,2,CMP,3,SETZ,3,LEA,4,0,1,0,0,0,JNE,0,0,1,0,0,0,MOV,0,0,4495824,4495872,4495836,0,0,0,1,cpp,1.5330104158400366e-06,0.0,0,0,0
0x44995c,JZ,323678,323678,116,2,0x449959,CMP,1,NonLeaf,rbx(MOV) rsi(MOV) ,rflags ,CMP,3,MOV,5,MOV,5,MOV,4,MOV,4,MOVZX,3,CMP,3,JZ,2,MOV,3,MOV,5,0,1,0,0,0,JS,0,0,1,0,0,0,JE,0,0,4495664,4495824,4495710,0,0,1,0,cpp,1.5330104158400366e-06,1.0,1,0,1
0x449850,JNZ,47163,47163,42,2,0x44984d,TEST,1,NonLeaf,rax(-1) rax(-1) ,rflags ,TEST,3,CALL_NEAR,5,MOV,3,CMOVZ,4,TEST,3,LEA,7,JMP,2,NOP,5,CALL_NEAR,2,MOV,3,0,1,1,0,0,RET,0,0,1,0,0,0,JMP,0,0,4495437,4495482,4495442,0,0,0,0,cpp,2.233743728095936e-07,1.0,1,0,1
0x4497c0,JNZ,53859119,53859119,40,2,0x4497bd,TEST,1,NonLeaf,rax(-1) rax(-1) ,rflags ,TEST,3,CALL_NEAR,5,MOV,3,CMOVZ,4,TEST,3,LEA,7,NOP,7,MOV,4,TEST,3,JZ,2,0,1,0,0,0,RET,0,0,1,0,0,0,NOP,0,0,4495293,4495336,4495298,0,0,0,0,cpp,0.0002550886696499,1.0,1,0,1
0x449688,JZ,1,0,7,2,0x449685,TEST,1,NonLeaf,rax(MOV) rax(MOV) ,rflags ,TEST,3,LEA,4,MOV,4,JNZ,2,SUB_LOCK,5,MOV,3,CALL_NEAR,2,MOV,3,POP,1,JMP,5,0,1,1,0,0,JMP,0,0,1,0,0,0,CALL,0,1,4494973,4494991,4494986,0,0,0,1,cpp,4.736220613820021e-12,0.0,0,0,0
0x44967b,JNZ,1,0,37,2,0x449676,SUB_LOCK,1,NonLeaf,rsi(-1) ,rflags ,SUB_LOCK,5,JNBE,2,PUSH,1,CMP,3,INVALID,0,MOV,4,LEA,4,TEST,3,JZ,2,MOV,3,0,1,0,0,0,RET,0,0,1,0,0,0,JE,0,0,4494966,4495008,4494973,0,0,0,0,cpp,4.736220613820021e-12,0.0,0,0,0
0x449674,JNBE,1,0,46,2,0x449670,CMP,1,NonLeaf,edi(-1) ,rflags ,PUSH,1,CMP,3,INVALID,0,INVALID,0,INVALID,0,SUB_LOCK,5,JNZ,2,MOV,4,LEA,4,TEST,3,0,1,0,0,0,CALL,0,1,1,0,0,0,JNE,0,0,4494960,4495010,4494966,0,0,1,0,cpp,4.736220613820021e-12,0.0,0,0,0
0x4494a8,JNZ,1,1,-142,6,0x4494a6,TEST,1,NonLeaf,al(-1) al(-1) ,rflags ,TEST,2,CALL_NEAR,5,MOV,3,MOV,3,MOV,5,JMP,5,LEA,7,MOV,3,JMP,5,CALL_NEAR,5,0,0,0,0,0,JMP,1,0,1,0,0,0,JMP,0,0,4494502,4494362,4494510,0,0,0,0,cpp,4.736220613820021e-12,1.0,1,0,1
0x4493ba,JNZ,1,1,-82,2,0x4493b6,CMP,1,NonLeaf,rsi(MOV) ,rflags ,CMP,4,MOV,5,CALL_NEAR,5,MOV,3,MOV,3,MOV,6,JMP,2,TEST,3,JZ,2,MOV,4,0,1,0,0,0,JLE,0,0,1,0,0,0,JMP,0,0,4494257,4494184,4494268,0,0,0,0,cpp,4.736220613820021e-12,1.0,1,0,1
0x449380,JNZ,1,1,278,6,0x44937d,TEST,1,NonLeaf,r14(-1) r14(-1) ,rflags ,TEST,3,JZ,6,TEST,3,CALL_NEAR,5,MOV,5,MOV,5,TEST,3,JZ,6,LEA,4,MOV,3,0,1,0,0,0,CALL,0,1,0,0,0,0,JE,0,0,4494205,4494486,4494214,0,0,1,0,cpp,4.736220613820021e-12,1.0,1,0,1
0x449377,JZ,1,0,163,6,0x449374,TEST,1,NonLeaf,rax(-1) rax(-1) ,rflags ,TEST,3,CALL_NEAR,5,MOV,5,JLE,2,NOP,4,TEST,3,JNZ,6,MOV,5,TEST,3,JZ,6,0,0,0,0,0,JMP,1,0,1,0,0,0,JNE,0,0,4494196,4494362,4494205,0,0,0,0,cpp,4.736220613820021e-12,0.0,0,0,0
0x449368,JLE,1,0,92,2,0x449335,XOR,0,NonLeaf,edx(-1) edx(-1) ,edx rflags ,NOP,4,JMP,2,MOV,5,MOV,5,MOV,5,MOV,5,CALL_NEAR,5,TEST,3,JZ,6,TEST,3,0,1,0,0,0,JE,0,0,1,0,0,0,CALL,0,1,4494184,4494276,4494186,0,0,0,1,cpp,4.736220613820021e-12,0.0,0,0,0
0x44931e,JZ,1,1,6,2,0x449316,TEST,1,NonLeaf,rbp(-1) ,rflags ,LEA,4,TEST,4,JNZ,6,CMP,5,JNZ,6,MOV,4,MOV,5,MOV,4,MOV,3,LEA,5,0,1,1,0,0,MOV,0,0,1,0,0,0,MOV,0,0,4494102,4494116,4494112,0,0,1,0,cpp,4.736220613820021e-12,1.0,1,0,1
0x449310,JNZ,1,0,419,6,0x44930b,CMP,1,NonLeaf,rsp(-1) ,rflags ,CMP,5,JNZ,6,MOV,4,AND,3,MOV,3,TEST,4,LEA,4,JZ,2,MOV,4,MOV,5,0,1,0,0,0,JMP,0,0,1,0,0,0,JE,0,0,4494091,4494515,4494102,0,0,0,0,cpp,4.736220613820021e-12,0.0,0,0,0
0x449305,JNZ,1,0,386,6,0x4492fe,AND,1,NonLeaf,eax(AND) ,eax rflags ,MOV,4,AND,3,MOV,3,JZ,2,TEST,3,CMP,5,JNZ,6,TEST,4,LEA,4,JZ,2,0,1,0,0,0,JMP,0,0,1,0,0,0,JNE,0,0,4494075,4494471,4494091,0,0,0,0,cpp,4.736220613820021e-12,0.0,0,0,0
0x4492f9,JZ,1,0,-34,2,0x4492f6,TEST,1,NonLeaf,rax(-1) rax(-1) ,rflags ,TEST,3,JZ,2,MOV,3,LEA,5,TEST,3,MOV,3,AND,3,MOV,4,JNZ,6,CMP,5,0,0,0,0,0,JMP,1,0,1,0,0,0,JNE,0,0,4494070,4494039,4494075,0,0,0,1,cpp,4.736220613820021e-12,0.0,0,0,0
0x4492f4,JZ,1,0,-87,2,0x4492e9,TEST,1,NonLeaf,r15(-1) r15(-1) ,rflags ,MOV,3,LEA,5,TEST,3,MOV,8,JMP,5,TEST,3,JZ,2,MOV,3,AND,3,MOV,4,0,0,0,0,0,JMP,1,0,1,0,0,0,JE,0,0,4494049,4493981,4494070,0,0,0,0,cpp,4.736220613820021e-12,0.0,0,0,0
0x4492d5,JZ,3,1,-56,2,0x4492d2,TEST,1,NonLeaf,r15(-1) r15(-1) ,rflags ,TEST,3,JNZ,2,TEST,3,MOV,3,ADD,8,MOV,5,JMP,5,MOV,8,TEST,3,LEA,5,0,0,0,0,0,JMP,0,0,0,0,0,0,JMP,0,0,4494034,4493981,4494039,0,0,0,0,cpp,1.420866184146006e-11,0.3333333333333333,0,0,0
0x4492d0,JNZ,4,1,17,2,0x4492cd,TEST,1,NonLeaf,rdi(-1) rdi(-1) ,rflags ,TEST,3,MOV,3,ADD,8,JZ,2,TEST,3,TEST,3,JZ,2,MOV,5,JMP,5,MOV,8,0,1,0,0,0,JE,0,0,1,0,0,0,JE,1,0,4494029,4494049,4494034,1,0,0,0,cpp,1.894488245528008e-11,0.25,0,0,0
0x4492c0,JZ,4,1,13,2,0x4492bd,TEST,1,NonLeaf,rax(MOV) rax(MOV) ,rflags ,TEST,3,MOV,5,MOV,5,MOV,4,XOR,3,ADD,8,MOV,3,TEST,3,JNZ,2,TEST,3,0,1,1,0,0,JNE,0,0,1,0,0,0,MOV,0,0,4493991,4494029,4494018,0,1,0,0,cpp,1.894488245528008e-11,0.25,0,0,0
0x449274,JNZ,1,0,-712,6,0x44926a,CMP,1,NonLeaf,rsp(-1) ,rflags ,MOV,5,CMP,5,JZ,2,CMP,3,JZ,6,MOV,5,MOV,4,MOV,4,MOV,4,MOV,4,0,0,1,0,0,JNE,0,0,1,0,0,0,JMP,0,0,4493930,4493228,4493946,0,0,0,1,cpp,4.736220613820021e-12,0.0,0,0,0
0x449268,JZ,2,1,53,2,0x449265,CMP,1,NonLeaf,eax(-1) ,rflags ,CMP,3,JZ,6,TEST,4,XOR,2,XOR,3,CMP,5,MOV,5,JNZ,6,MOV,5,MOV,4,0,0,0,0,0,JMP,0,0,1,0,0,0,JNE,0,0,4493925,4493981,4493930,0,0,0,0,cpp,9.47244122764004e-12,0.5,0,0,0
0x44925f,JZ,3,1,-572,6,0x44925b,TEST,1,NonLeaf,r13b(-1) ,rflags ,TEST,4,XOR,2,XOR,3,MOV,5,XOR,3,CMP,3,JZ,2,CMP,5,MOV,5,JNZ,6,0,0,0,0,0,JE,0,0,1,0,0,0,JE,0,0,4493915,4493347,4493925,1,0,0,0,cpp,1.420866184146006e-11,0.3333333333333333,0,0,0
0x449237,JNBE,20,20,-183,6,0x44922f,CMP,1,NonLeaf,rsp(-1) rbx(-1) ,rflags ,CMP,8,JB,2,CMP,3,ADD,5,JB,2,NOP,3,MOV,4,MOV,5,MOV,5,XOR,3,0,0,0,1,1,CALL,0,1,1,0,0,0,NOP,1,0,4493871,4493696,4493885,1,0,1,0,cpp,9.47244122764004e-11,1.0,1,1,1
0x44922d,JB,24,4,122,2,0x44922a,CMP,1,NonLeaf,r12(-1) rax(ADD) ,rflags ,CMP,3,ADD,5,JB,2,CMP,3,ADD,8,CMP,8,JNBE,6,NOP,3,MOV,4,MOV,5,0,1,0,0,0,JE,1,0,1,0,0,0,JA,0,0,4493861,4493991,4493871,0,0,0,0,cpp,1.1366929473168048e-10,0.1666666666666666,0,0,0
0x449223,JB,24,0,29,2,0x449220,CMP,1,NonLeaf,r12(-1) rax(ADD) ,rflags ,CMP,3,ADD,8,MOV,5,JS,2,TEST,2,ADD,5,CMP,3,JB,2,CMP,8,JNBE,6,0,1,0,0,0,MOV,1,0,1,0,0,0,JB,0,0,4493843,4493888,4493861,0,1,0,0,cpp,1.1366929473168048e-10,0.0,0,0,0
0x449211,JS,24,0,-25,2,0x44920f,TEST,1,NonLeaf,al(MOVZX) al(MOVZX) ,rflags ,TEST,2,OR,3,ADD,3,SHL,3,AND,3,MOV,5,ADD,8,CMP,3,JB,2,ADD,5,1,1,1,1,1,JS,0,0,1,1,0,0,JB,0,0,4493816,4493816,4493843,0,0,0,0,cpp,1.1366929473168048e-10,0.0,0,1,0
0x44913f,JBE,4,0,271,6,0x449137,CMP,1,NonLeaf,rsp(-1) r15(-1) ,rflags ,CMP,8,SBB,4,MOV,3,CMP,5,CALL_NEAR,5,LEA,5,LEA,5,MOV,5,MOV,5,MOV,4,0,1,0,0,0,MOV,1,0,1,0,0,0,NOP,0,0,4493611,4493902,4493637,0,1,0,1,cpp,1.894488245528008e-11,0.0,0,0,0
0x4490e0,JZ,4,0,445,6,0x4490d8,TEST,1,NonLeaf,rax(-1) rax(-1) ,rflags ,MOV,5,TEST,3,CALL_NEAR,5,MOV,3,NOP,5,LEA,8,MOV,5,MOV,3,MOV,3,MOV,5,0,1,0,0,0,JMP,1,0,1,0,0,0,CALL,0,1,4493528,4493981,4493542,0,0,0,1,cpp,1.894488245528008e-11,0.0,0,0,0
0x449083,JNS,2,2,-72,2,0x449080,TEST,1,NonLeaf,r12d(-1) r12d(-1) ,rflags ,TEST,3,JZ,6,CMP,3,JNZ,2,CMP,5,MOV,5,LEA,8,MOV,3,CALL_NEAR,5,MOVZX,8,0,0,1,0,0,CALL,0,1,1,0,0,0,CALL,0,1,4493440,4493371,4493445,0,0,1,1,cpp,9.47244122764004e-12,1.0,1,0,1
0x44907a,JZ,2,0,1106,6,0x449077,CMP,1,NonLeaf,eax(-1) ,rflags ,CMP,3,JNZ,2,CMP,5,NOP,3,JMP,5,TEST,3,JNS,2,MOV,5,LEA,8,MOV,3,0,0,0,0,0,CALL,0,1,1,0,0,0,JNS,0,0,4493431,4494540,4493440,0,0,1,0,cpp,9.47244122764004e-12,0.0,0,0,0
0x449075,JNZ,2,0,-76,2,0x449070,CMP,1,NonLeaf,rsp(-1) ,rflags ,CMP,5,NOP,3,JMP,5,MOV,5,CALL_NEAR,5,CMP,3,JZ,6,TEST,3,JNS,2,MOV,5,0,0,0,0,0,JE,0,0,1,0,0,0,JE,0,0,4493424,4493353,4493431,0,0,0,0,cpp,9.47244122764004e-12,0.0,0,0,0
0x449027,JZ,2,2,73,2,0x449023,AND,1,NonLeaf,r13d(AND) ,r13d rflags ,AND,4,ADD,3,AND,3,SBB,2,MOV,5,CMP,3,JZ,6,TEST,3,JS,6,MOV,3,0,1,0,0,0,JNE,0,0,1,0,0,0,JE,0,0,4493347,4493424,4493353,0,0,0,0,cpp,9.47244122764004e-12,1.0,1,0,1
0x449000,JNZ,5,4,208,6,0x448ffd,CMP,1,NonLeaf,esi(-1) ,rflags ,CMP,3,JNBE,6,SETNBE,5,CMP,4,MOV,3,MOV,4,MOV,4,MOV,4,CMP,4,MOV,5,0,0,0,0,0,CALL,0,1,1,0,0,0,ADD,1,0,4493309,4493520,4493318,0,0,1,1,cpp,2.3681103069100102e-11,0.8,1,0,1
0x448ff7,JNBE,5,0,217,6,0x448fee,CMP,1,NonLeaf,rdx(ADD) ,rflags ,SETNBE,5,CMP,4,MOV,3,ADD,3,MOV,3,CMP,3,JNZ,6,MOV,4,MOV,4,MOV,4,0,1,0,0,0,CALL,0,1,1,0,0,0,JNE,0,0,4493272,4493520,4493309,0,0,1,0,cpp,2.3681103069100102e-11,0.0,0,0,0
0x448fbd,JNZ,5,0,1285,6,0x448fb4,XOR,1,NonLeaf,rdx(XOR) fs(-1) ,rdx rflags ,XOR,9,MOV,8,JZ,2,MOV,2,MOV,8,ADD,7,POP,1,POP,1,POP,2,POP,2,0,1,0,0,0,CALL,0,1,1,0,0,0,RET,0,0,4493228,4494530,4493251,0,0,1,0,cpp,2.3681103069100102e-11,0.0,0,0,0
0x448faa,JZ,5,5,46,2,0x448f94,CMP,1,NonLeaf,edi(-1) ,rflags ,MOV,2,MOV,8,MOV,9,CMP,3,XOR,2,MOV,8,XOR,9,JNZ,6,ADD,7,POP,1,0,1,0,0,0,JA,0,0,1,0,0,0,JNE,1,0,4493168,4493272,4493228,0,0,1,0,cpp,2.3681103069100102e-11,1.0,1,0,1
0x448f51,JNZ,4,1,-133,6,0x448f4c,CMP,1,NonLeaf,al(MOVZX) ,rflags ,MOV,3,CMP,2,LEA,4,MOVZX,4,MOV,4,MOV,8,JMP,2,INVALID,0,INVALID,0,INVALID,0,0,0,0,0,0,XOR,0,0,0,0,0,0,JMP,1,0,4493120,4493004,4493143,0,0,0,1,cpp,1.894488245528008e-11,0.25,0,0,0
0x448f22,JS,4,0,-26,2,0x448f1f,TEST,1,NonLeaf,dil(MOVZX) dil(MOVZX) ,rflags ,TEST,3,OR,3,ADD,3,SHL,3,AND,3,ADD,3,MOV,4,ADD,4,POP,1,POP,1,1,1,1,1,1,JS,0,0,1,1,0,0,RET,1,0,4493064,4493064,4493092,0,0,0,1,cpp,1.894488245528008e-11,0.0,0,1,0
0x448eea,JS,1,0,-26,2,0x448ee7,TEST,1,NonLeaf,dil(MOVZX) dil(MOVZX) ,rflags ,TEST,3,OR,3,ADD,3,SHL,3,AND,3,ADD,3,MOV,4,MOVZX,3,LEA,4,XOR,3,1,1,1,1,1,JS,0,0,1,1,0,0,MOV,1,0,4493008,4493008,4493036,0,0,0,1,cpp,4.736220613820021e-12,0.0,0,1,0
0x448e8f,JZ,4,4,177,6,0x448e8b,CMP,1,NonLeaf,dil(MOVZX) ,rflags ,CMP,4,LEA,4,MOVZX,5,MOV,3,CALL_NEAR,5,MOVZX,4,MOV,3,MOV,3,CALL_NEAR,5,LEA,4,0,1,0,0,0,JNE,0,0,1,0,0,0,CALL,0,1,4492927,4493120,4492949,0,1,1,1,cpp,1.894488245528008e-11,1.0,1,0,1
0x448e78,JZ,4,0,7,2,0x448e75,TEST,1,NonLeaf,rdi(-1) rdi(-1) ,rflags ,TEST,3,SUB,4,MOV,3,PUSH,1,PUSH,1,CALL_NEAR,5,MOV,3,MOVZX,5,LEA,4,CMP,4,0,1,1,0,0,JE,0,0,1,0,0,0,CALL,0,1,4492896,4492927,4492922,0,0,1,1,cpp,1.894488245528008e-11,0.0,0,0,0
0x448e32,JZ,73,73,-10,2,0x448e30,TEST,1,NonLeaf,al(-1) al(-1) ,rflags ,TEST,2,NOP,1,RET_NEAR,1,ADD,4,XOR,2,CMP,2,JZ,2,CALL_NEAR,5,NOP,3,MOV,3,0,0,0,0,0,RET,0,0,1,0,0,0,JE,0,0,4492848,4492840,4492852,0,0,0,0,cpp,3.457441048088615e-10,1.0,1,0,1
0x448e03,JBE,73,73,45,2,0x448dff,CMP,0,NonLeaf,al(-1) ,rflags ,JZ,2,CMP,2,AND,3,MOV,2,JZ,2,CMP,2,JZ,2,CMP,2,NOP,5,JZ,2,0,1,0,0,0,JE,0,0,1,0,0,0,JE,0,0,4492803,4492848,4492805,0,0,0,0,cpp,3.457441048088615e-10,1.0,1,0,1
0x448e01,JZ,73,0,79,2,0x448dff,CMP,1,NonLeaf,al(AND) ,rflags ,CMP,2,AND,3,MOV,2,JZ,2,CMP,4,JBE,2,CMP,2,JZ,2,CMP,2,NOP,5,0,1,0,0,0,JMP,0,0,1,0,0,0,JBE,0,0,4492794,4492880,4492803,0,0,0,0,cpp,3.457441048088615e-10,0.0,0,0,0
0x448df8,JZ,76,3,48,2,0x448df4,CMP,1,NonLeaf,dil(-1) ,rflags ,CMP,4,SUB,4,INVALID,0,INVALID,0,INVALID,0,MOV,2,AND,3,CMP,2,JZ,2,JBE,2,0,1,0,0,0,RET,0,0,1,0,0,0,JE,0,0,4492784,4492840,4492794,0,0,0,0,cpp,3.5995276665032153e-10,0.0394736842105263,0,0,0
0x448d13,JNZ,1,0,65,2,0x448d06,XOR,1,NonLeaf,rcx(XOR) fs(-1) ,rcx rflags ,MOV,4,XOR,9,MOV,5,CALL_NEAR,5,MOV,3,ADD,4,RET_NEAR,1,NOP,6,TEST,2,JZ,2,0,1,0,0,0,CALL,0,1,1,0,0,0,RET,0,0,4492545,4492628,4492565,0,0,1,0,cpp,4.736220613820021e-12,0.0,0,0,0
0x448ce0,JZ,1,1,80,2,0x448cdb,CMP,1,NonLeaf,al(-1) ,rflags ,NOP,3,CMP,2,JBE,2,JZ,2,CMP,2,CMP,2,JNZ,2,LEA,8,NEG,3,ADD,4,0,0,0,0,0,JMP,0,0,1,0,0,0,JNE,0,0,4492507,4492592,4492514,0,0,0,0,cpp,4.736220613820021e-12,1.0,1,0,1
0x448cd9,JBE,1,0,71,2,0x448cd5,CMP,0,NonLeaf,al(-1) ,rflags ,JZ,2,CMP,2,AND,3,JZ,2,MOVZX,3,CMP,2,NOP,3,JZ,2,CMP,2,JNZ,2,0,1,0,0,0,JE,0,0,1,0,0,0,JE,0,0,4492505,4492576,4492507,0,0,0,0,cpp,4.736220613820021e-12,0.0,0,0,0
0x448cd7,JZ,1,0,105,2,0x448cd5,CMP,1,NonLeaf,al(AND) ,rflags ,CMP,2,AND,3,JZ,2,MOVZX,3,CMP,2,JBE,2,CMP,2,NOP,3,JZ,2,CMP,2,0,1,0,0,0,JMP,0,0,1,0,0,0,JBE,0,0,4492498,4492608,4492505,0,0,0,0,cpp,4.736220613820021e-12,0.0,0,0,0
0x448cd0,JZ,1,0,128,2,0x448ccb,CMP,1,NonLeaf,al(MOVZX) ,rflags ,MOVZX,3,CMP,2,MOVZX,4,XOR,2,MOV,5,AND,3,CMP,2,JZ,2,JBE,2,CMP,2,0,1,0,0,0,JMP,0,0,1,0,0,0,JE,0,0,4492464,4492624,4492498,0,1,0,0,cpp,4.736220613820021e-12,0.0,0,0,0
0x448c1c,JS,101,29,-28,2,0x448c19,TEST,1,NonLeaf,r10b(MOVZX) r10b(MOVZX) ,rflags ,TEST,3,OR,3,ADD,3,SHL,3,AND,4,JMP,5,NOP,5,MOVZX,4,LEA,4,JMP,5,1,1,1,1,1,JS,0,0,1,1,0,0,JMP,1,0,4492288,4492288,4492318,0,0,0,0,cpp,4.783582819958221e-10,0.2871287128712871,0,1,0
0x448bca,JNZ,73,0,210,6,0x448bbd,XOR,1,NonLeaf,rsi(XOR) fs(-1) ,rsi rflags ,MOV,4,XOR,9,MOV,5,NOP,6,MOV,3,ADD,4,POP,1,POP,1,POP,2,RET_NEAR,1,0,1,0,0,0,CALL,0,1,1,0,0,0,RET,0,0,4492216,4492444,4492240,0,0,1,0,cpp,3.457441048088615e-10,0.0,0,0,0
0x448bad,JNS,69,69,11,2,0x448bab,TEST,1,NonLeaf,bl(-1) bl(-1) ,rflags ,TEST,2,ADD,3,CMOVNZ,4,CMP,3,AND,3,MOV,3,NOP,6,MOV,5,XOR,9,MOV,4,0,0,1,0,0,JNE,0,0,1,0,0,0,NOP,0,0,4492188,4492216,4492207,0,0,1,0,cpp,3.2679922235358143e-10,1.0,1,0,1
0x448b9a,JZ,73,4,30,2,0x448b97,TEST,1,NonLeaf,r8(-1) r8(-1) ,rflags ,TEST,3,LEA,4,MOV,3,NOP,4,JMP,3,MOV,2,AND,3,CMP,3,CMOVNZ,4,ADD,3,0,0,1,0,0,JNE,0,0,1,0,0,0,JNS,0,0,4492183,4492216,4492188,0,1,1,0,cpp,3.457441048088615e-10,0.0547945205479452,0,0,0
0x448b6e,JNBE,73,0,274,6,0x448b6a,CMP,1,NonLeaf,dil(AND) ,rflags ,CMP,4,AND,3,JZ,6,CMP,4,XOR,2,LEA,7,MOVZX,4,MOV,3,MOVSXD,4,ADD,3,0,1,0,0,0,CALL,1,1,1,0,0,0,JMP,0,0,4492135,4492416,4492148,0,1,1,0,cpp,3.457441048088615e-10,0.0,0,0,0
0x448b61,JZ,73,0,295,6,0x448b5d,CMP,1,NonLeaf,dil(-1) ,rflags ,CMP,4,XOR,2,MOV,5,MOV,9,SUB,4,AND,3,CMP,4,JNBE,6,LEA,7,MOVZX,4,0,1,0,0,0,JMP,1,0,1,0,0,0,JA,0,0,4492096,4492424,4492135,0,1,0,0,cpp,3.457441048088615e-10,0.0,0,0,0
0x448b2f,JNZ,1,0,11,2,0x448b26,XOR,1,NonLeaf,rcx(XOR) fs(-1) ,rcx rflags ,XOR,9,MOV,5,MOV,4,MOV,4,JZ,2,ADD,4,POP,1,POP,1,POP,2,RET_NEAR,1,0,1,0,0,0,CALL,0,1,1,0,0,0,RET,0,0,4492065,4492090,4492081,0,0,1,0,cpp,4.736220613820021e-12,0.0,0,0,0
0x448b17,JZ,1,0,10,2,0x448b15,TEST,1,NonLeaf,al(-1) al(-1) ,rflags ,TEST,2,CALL_NEAR,3,MOV,3,MOV,3,MOV,5,MOV,4,MOV,4,MOV,5,XOR,9,JNZ,2,0,1,1,0,0,JNE,0,0,1,0,0,0,MOV,0,0,4492053,4492065,4492057,0,0,0,1,cpp,4.736220613820021e-12,0.0,0,0,0
0x448af3,JZ,1,1,13,2,0x448af1,TEST,1,NonLeaf,al(-1) al(-1) ,rflags ,TEST,2,CALL_NEAR,3,MOV,3,MOV,4,MOV,3,MOV,4,MOV,3,MOV,4,MOV,4,MOV,3,0,1,1,0,0,CALL,0,1,1,0,0,0,MOV,0,0,4492017,4492032,4492021,0,0,1,1,cpp,4.736220613820021e-12,1.0,1,0,1
0x448aa4,JZ,2,1,15,2,0x448aa1,AND,1,Leaf,edi(AND) ,edi rflags ,AND,3,JNBE,2,CMP,3,JS,2,TEST,3,MOV,7,SHL,3,OR,3,MOV,3,RET_NEAR,1,0,0,1,0,0,RET,0,0,1,0,0,0,OR,0,0,4491937,4491955,4491942,0,0,1,0,cpp,9.47244122764004e-12,0.5,0,0,0
0x448a9f,JNBE,2,0,20,2,0x448a9c,CMP,1,Leaf,ecx(-1) ,rflags ,CMP,3,JS,2,TEST,3,OR,3,ADD,3,AND,3,JZ,2,MOV,7,SHL,3,OR,3,0,1,1,0,0,RET,0,0,1,0,0,0,JE,0,0,4491932,4491955,4491937,0,0,1,0,cpp,9.47244122764004e-12,0.0,0,0,0
0x448a9a,JS,2,0,-26,2,0x448a97,TEST,1,Leaf,dil(MOVZX) dil(MOVZX) ,rflags ,TEST,3,OR,3,ADD,3,SHL,3,AND,3,CMP,3,JNBE,2,AND,3,JZ,2,MOV,7,1,1,1,1,1,JS,0,0,1,1,0,0,JA,1,0,4491904,4491904,4491932,0,0,0,0,cpp,9.47244122764004e-12,0.0,0,1,0
0x4488bf,JZ,1,1,65,2,0x4488bc,SUB,1,NonLeaf,edx(SUB) ,edx rflags ,SUB,3,JS,2,TEST,2,MOV,3,JNBE,2,CMP,3,JZ,2,MOV,3,ADD,4,RET_NEAR,1,0,1,0,0,0,JMP,0,0,1,0,0,0,JE,0,0,4491452,4491520,4491457,0,0,1,0,cpp,4.736220613820021e-12,1.0,1,0,1
0x4488ba,JS,1,0,46,2,0x4488b8,TEST,1,NonLeaf,edx(MOV) edx(MOV) ,rflags ,TEST,2,MOV,3,JNBE,2,CMP,4,ADD,4,SUB,3,JZ,2,CMP,3,JZ,2,MOV,3,0,1,0,0,0,JNE,0,0,1,0,0,0,JE,0,0,4491445,4491496,4491452,1,1,0,0,cpp,4.736220613820021e-12,0.0,0,0,0
0x4488b3,JNBE,1,0,29,2,0x4488af,CMP,1,NonLeaf,rdx(ADD) ,rflags ,CMP,4,ADD,4,MOV,10,JZ,2,TEST,3,MOV,3,TEST,2,JS,2,SUB,3,JZ,2,0,1,0,0,0,JMP,0,0,1,0,0,0,JS,0,0,4491425,4491472,4491445,0,0,1,0,cpp,4.736220613820021e-12,0.0,0,0,0
0x44889f,JZ,1,0,42,2,0x44889c,TEST,1,NonLeaf,rdi(MOV) rdi(MOV) ,rflags ,TEST,3,MOV,3,CALL_NEAR,5,SUB,4,INVALID,0,MOV,10,ADD,4,CMP,4,JNBE,2,MOV,3,0,1,0,0,0,RET,0,0,1,0,0,0,JA,0,0,4491417,4491465,4491425,0,0,0,0,cpp,4.736220613820021e-12,0.0,0,0,0
0x448864,JZ,1,0,9,2,0x448861,CMP,1,NonLeaf,rsi(-1) rcx(-1) ,rflags ,CMP,3,SUB,4,MOV,3,JS,2,LEA,3,MOV,4,MOV,3,MOV,4,NOP,1,POP,1,0,1,1,0,0,RET,0,0,1,0,0,0,MOV,0,0,4491354,4491373,4491366,0,0,0,1,cpp,4.736220613820021e-12,0.0,0,0,0
0x448858,JS,1,0,32,2,0x448853,TEST,1,NonLeaf,edx(MOV) edx(MOV) ,rflags ,LEA,3,TEST,2,MOV,3,NOP,1,RET_NEAR,1,MOV,3,SUB,4,CMP,3,JZ,2,MOV,4,0,1,0,0,0,JMP,0,0,1,1,0,0,JE,0,0,4491344,4491384,4491354,0,0,0,1,cpp,4.736220613820021e-12,0.0,0,0,0
0x448841,JBE,1,1,15,2,0x44883d,CMP,1,NonLeaf,rdx(ADD) ,rflags ,CMP,4,LEA,4,MOV,3,ADD,3,MOV,10,TEST,3,JNZ,2,MOV,3,XOR,2,POP,1,0,1,0,0,0,JS,0,0,1,0,0,0,JNE,0,0,4491305,4491344,4491331,0,0,0,0,cpp,4.736220613820021e-12,1.0,1,0,1
0x4485a6,JB,1,0,18,2,0x4485a3,CMP,1,NonLeaf,rdi(-1) rdx(LEA) ,rflags ,CMP,3,LEA,7,JB,2,CMP,3,LEA,7,ADD,4,JMP,5,NOP,7,SUB,3,PUSH,1,0,1,0,0,0,JE,0,0,0,0,0,0,JMP,0,0,4490652,4490680,4490664,1,1,1,0,cpp,4.736220613820021e-12,0.0,0,0,0
0x44859a,JB,1,0,14,2,0x448597,CMP,1,NonLeaf,rdi(-1) rax(LEA) ,rflags ,CMP,3,LEA,7,INVALID,0,INVALID,0,INVALID,0,LEA,7,CMP,3,JB,2,ADD,4,JMP,5,0,1,0,0,0,JMP,0,0,1,0,0,0,JB,0,0,4490640,4490664,4490652,1,0,0,0,cpp,4.736220613820021e-12,0.0,0,0,0
0x4484b9,JZ,1,0,31,2,0x4484b3,TEST,1,NonLeaf,rax(-1) rax(-1) ,rflags ,MOV,3,TEST,3,CALL_NEAR,5,MOV,3,PUSH,1,XOR,2,MOV,3,MOV,5,STOSQ,3,LEA,7,0,1,0,0,0,JE,0,0,1,0,0,0,MOV,0,0,4490419,4490456,4490427,0,0,0,0,cpp,4.736220613820021e-12,0.0,0,0,0
0x448353,JZ,53859111,0,13,2,0x448350,TEST,1,Leaf,rdi(-1) rdi(-1) ,rflags ,TEST,3,INVALID,0,INVALID,0,INVALID,0,INVALID,0,JMP,5,NOP,6,RET_NEAR,2,INVALID,0,INVALID,0,0,1,0,0,0,REPZ RET,0,0,1,0,0,0,JMP,0,0,4490064,4490080,4490069,0,0,0,0,cpp,0.0002550886317602,0.0,0,0,0
0x4482b1,JNLE,47163,0,119,2,0x4482aa,CMP,1,Recursive,rax(SAR) rcx(-1) ,rflags ,LEA,4,CMP,3,LEA,4,SAR,3,SUB,4,MOV,3,MOV,3,MOV,3,CALL_NEAR,5,MOV,3,0,1,0,0,0,CALL,0,1,1,0,0,0,CALL,0,1,4489824,4490024,4489907,0,0,1,1,cpp,2.233743728095936e-07,0.0,0,0,0
0x448221,JNLE,136937,54698,-321,6,0x44821c,CMP,1,NonLeaf,rsp(-1) r12(-1) ,rflags ,CMP,5,CALL_NEAR,5,MOV,3,LEA,4,LEA,4,ADD,4,POP,1,POP,1,POP,2,POP,2,0,0,0,1,1,JL,0,0,0,1,0,0,RET,1,0,4489756,4489440,4489767,0,1,0,0,cpp,6.485638421946721e-07,0.3994391581530193,0,1,0
0x4481f0,JLE,123425,66708,-48,2,0x4481ed,CMP,1,NonLeaf,r12(-1) rdx(IMUL) ,rflags ,CMP,3,IMUL,4,SAR,4,SUB,3,MOV,3,MOV,3,MOV,5,CMP,3,MOV,5,MOV,3,0,1,0,0,0,MOV,0,0,1,1,0,0,MOV,1,0,4489690,4489664,4489714,0,0,0,0,cpp,5.845680292607361e-07,0.5404739720478023,1,0,1
0x44818a,JNLE,136937,80220,172,6,0x448180,CMP,1,NonLeaf,r12(-1) rsp(-1) ,rflags ,MOV,5,CMP,5,CALL_NEAR,5,MOV,3,LEA,4,LEA,4,LEA,4,MOV,5,MOV,5,LEA,8,0,1,0,0,0,JMP,0,0,1,0,0,0,JMP,0,0,4489600,4489782,4489616,0,0,0,1,cpp,6.485638421946721e-07,0.5858168354790889,1,0,1
0x44814f,JLE,312322,207935,-47,2,0x44814c,CMP,1,NonLeaf,r13(-1) rdx(IMUL) ,rflags ,CMP,3,IMUL,4,SAR,4,SUB,3,MOV,3,MOV,3,MOV,5,CMP,3,MOV,5,MOV,3,0,1,0,0,0,MOV,0,0,1,1,0,0,MOV,1,0,4489529,4489504,4489553,0,0,0,0,cpp,1.4792258945494964e-06,0.6657712232887852,1,0,1
0x4480e9,JL,136937,32550,345,6,0x4480e4,CMP,1,NonLeaf,rsp(-1) r13(LEA) ,rflags ,CMP,5,LEA,4,MOV,5,IMUL,4,MOV,5,LEA,5,LEA,5,MOV,5,MOV,5,MOV,5,1,1,0,0,0,JMP,0,0,1,0,0,0,JMP,0,0,4489440,4489794,4489455,0,0,0,1,cpp,6.485638421946721e-07,0.237700548427379,0,0,0
0x4480a7,JLE,94326,12087,384,6,0x4480a1,CMP,1,NonLeaf,rsp(-1) ,rflags ,CMP,6,CALL_NEAR,5,MOV,3,MOV,2,MOV,5,MOV,5,SUB,5,MOV,10,MOV,6,MOV,5,0,1,1,0,0,RET,0,0,1,0,0,0,MOV,0,0,4489377,4489767,4489389,1,0,0,1,cpp,4.467487456191872e-07,0.1281407035175879,0,0,0
0x448090,JNLE,584311,500296,-32,2,0x44808a,CMP,1,NonLeaf,rax(SUB) ,rflags ,CMP,6,SUB,3,MOV,3,CALL_NEAR,5,MOV,3,MOV,5,MOV,2,MOV,3,CALL_NEAR,5,CMP,6,0,1,0,0,0,MOV,0,0,0,1,0,0,CALL,1,1,4489348,4489328,4489362,0,0,0,1,cpp,2.76742580308179e-06,0.8562152689235698,1,0,1
0x448067,JNLE,94326,84015,12,2,0x448049,CMP,1,NonLeaf,rax(SUB) ,rflags ,MOV,5,LEA,4,MOV,5,MOV,5,MOV,5,JMP,5,NOP,2,MOV,3,LEA,7,MOV,2,0,1,0,1,0,CALL,0,1,1,0,0,0,JMP,0,0,4489232,4489331,4489321,0,0,1,0,cpp,4.467487456191872e-07,0.8906876152916481,1,0,1
0x447feb,JNL,2882586,2588655,-283,6,0x447fe8,CMP,1,Leaf,r11d(-1) r10d(-1) ,rflags ,CMP,3,NOP,5,RET_NEAR,1,POP,2,POP,2,MOV,3,MOV,2,ADD,4,SUB,3,MOV,4,0,0,0,0,0,MOV,0,0,0,0,0,0,JMP,0,0,4489192,4488912,4489201,1,1,1,1,cpp,1.3652563234308996e-05,0.8980321836018076,1,0,1
0x447fce,JNZ,2596869,2414914,-46,2,0x447fbe,SUB,1,Leaf,r8(SUB) ,r8 rflags ,MOV,4,MOV,4,MOV,4,SUB,4,ADD,4,LEA,4,LEA,4,POP,1,POP,1,POP,2,1,1,1,1,1,JNE,0,0,1,1,0,0,LEA,1,0,4489120,4489120,4489168,1,0,1,0,cpp,1.2299344489190182e-05,0.9299329307716332,1,1,1
0x447f80,JLE,260362,78407,88,2,0x447f7d,TEST,1,Leaf,rcx(IMUL) rcx(IMUL) ,rflags ,TEST,3,IMUL,4,SAR,4,MOV,10,SUB,3,LEA,4,LEA,4,LEA,4,LEA,4,MOV,3,0,1,1,0,0,RET,1,0,1,0,0,0,NOP,0,0,4489064,4489176,4489090,0,0,0,0,cpp,1.233131871455408e-06,0.3011460965885958,0,0,0
0x447f5e,JNZ,2137914,2062731,-46,2,0x447f4e,SUB,1,Leaf,r10(SUB) ,r10 rflags ,MOV,4,MOV,4,MOV,4,SUB,4,ADD,4,LEA,4,LEA,4,SUB,3,MOV,10,SAR,4,1,1,1,1,1,JNE,0,0,1,1,0,0,LEA,1,0,4489008,4489008,4489056,1,0,1,0,cpp,1.0125632357374414e-05,0.964833477866743,1,1,1
0x447f12,JLE,260362,185179,86,2,0x447f0f,TEST,1,Leaf,rsi(IMUL) rsi(IMUL) ,rflags ,TEST,3,IMUL,4,SAR,4,MOV,10,SUB,3,LEA,4,LEA,4,LEA,4,LEA,4,MOV,3,0,1,1,0,0,JLE,1,0,1,0,0,0,NOP,0,0,4488954,4489064,4488980,0,0,0,0,cpp,1.233131871455408e-06,0.711236662800255,1,0,1
0x447ef4,JNZ,4438316,4256361,-132,6,0x447ef1,CMP,1,Leaf,rdi(-1) rsi(-1) ,rflags ,CMP,3,JZ,2,CMP,3,ADD,4,MOV,4,SUB,3,MOV,10,SAR,4,IMUL,4,TEST,3,0,0,0,1,1,JE,0,0,0,1,0,0,JLE,1,0,4488945,4488816,4488954,0,1,0,0,cpp,2.1020843729847214e-05,0.9590035950572244,1,1,1
0x447eef,JZ,4442170,3854,11,2,0x447eec,CMP,1,Leaf,rdx(-1) rcx(-1) ,rflags ,CMP,3,ADD,4,MOV,4,MOV,4,MOV,4,CMP,3,JNZ,6,SUB,3,MOV,10,SAR,4,0,0,1,0,0,JLE,1,0,1,0,0,0,JNE,0,0,4488936,4488954,4488945,0,0,0,0,cpp,2.103909712409288e-05,0.000867593991225,0,0,0
0x447ec0,JL,2755,1322,305,6,0x447eb8,CMP,0,Leaf,ebx(-1) ebp(-1) ,rflags ,JZ,6,CMP,2,JNL,6,CMP,3,LEA,4,NOP,10,MOV,3,MOV,2,ADD,4,SUB,3,0,0,0,0,0,JMP,0,0,1,0,0,0,NOP,0,0,4488896,4489201,4488902,0,0,1,0,cpp,1.3048287791074157e-08,0.4798548094373865,0,0,0
0x447eba,JZ,2822,67,302,6,0x447eb8,CMP,1,Leaf,ebx(-1) ebp(-1) ,rflags ,CMP,2,JNL,6,CMP,3,LEA,4,JLE,6,JL,6,NOP,10,MOV,3,MOV,2,ADD,4,0,0,0,0,0,JGE,0,0,1,0,0,0,JL,0,0,4488888,4489192,4488896,0,0,0,0,cpp,1.3365614572200096e-08,0.0237420269312544,0,0,0
0x447eb2,JNL,6077,3255,310,6,0x447eaf,CMP,1,Leaf,r9d(-1) r14d(LEA) ,rflags ,CMP,3,LEA,4,JLE,6,CMP,3,LEA,4,CMP,2,JZ,6,JL,6,NOP,10,MOV,3,0,0,0,0,0,JGE,0,0,1,0,0,0,JE,0,0,4488875,4489192,4488888,0,0,0,0,cpp,2.8782012670184263e-08,0.5356261313147935,1,0,1
0x447ea5,JLE,169686,163609,323,6,0x447ea2,CMP,1,Leaf,r14d(LEA) r9d(-1) ,rflags ,CMP,3,LEA,4,JLE,6,CMP,4,JLE,6,LEA,4,CMP,3,JNL,6,CMP,2,JZ,6,0,0,0,0,0,JGE,0,0,1,0,0,0,JGE,0,0,4488862,4489192,4488875,0,0,0,0,cpp,8.03670331076664e-07,0.9641867920747734,1,0,1
0x447e98,JLE,185740,16054,345,6,0x447e94,CMP,1,Leaf,r11d(-1) ,rflags ,CMP,4,JLE,6,CMP,4,JZ,6,TEST,3,LEA,4,CMP,3,JLE,6,LEA,4,CMP,3,0,0,0,0,0,JMP,0,0,1,0,0,0,JLE,0,0,4488852,4489201,4488862,0,0,1,0,cpp,8.797056168109306e-07,0.0864326477872294,0,0,0
0x447e8e,JLE,2901395,2715655,346,6,0x447e8a,CMP,1,Leaf,r10d(-1) ,rflags ,CMP,4,JZ,6,TEST,3,JZ,2,TEST,3,CMP,4,JLE,6,LEA,4,CMP,3,JLE,6,0,1,0,0,0,JGE,0,0,1,0,0,0,JLE,0,0,4488842,4489192,4488852,0,0,0,0,cpp,1.3741646807834338e-05,0.9359825187539098,1,0,1
0x447e84,JZ,3112605,211210,365,6,0x447e81,TEST,1,Leaf,r11d(-1) r11d(-1) ,rflags ,TEST,3,JZ,2,TEST,3,MOV,4,MOV,2,CMP,4,JLE,6,CMP,4,JLE,6,LEA,4,0,1,0,0,0,JMP,0,0,1,0,0,0,JLE,0,0,4488833,4489201,4488842,0,0,1,0,cpp,1.4741983963679265e-05,0.0678563454084279,0,0,0
0x447e7f,JZ,4442170,1329565,81,2,0x447e7c,TEST,1,Leaf,r10d(MOV) r10d(MOV) ,rflags ,TEST,3,MOV,4,MOV,2,MOV,2,MOV,4,TEST,3,JZ,6,CMP,4,JLE,6,CMP,4,1,1,0,0,0,MOV,0,0,1,0,0,0,JE,0,0,4488816,4488912,4488833,0,0,1,0,cpp,2.103909712409288e-05,0.2993052944844524,0,0,0
0x447e59,JZ,257138,71329,161,6,0x447e56,CMP,1,Leaf,rdx(-1) rcx(-1) ,rflags ,CMP,3,JZ,6,PUSH,1,PUSH,1,PUSH,2,LEA,4,LEA,4,NOP,9,MOV,4,MOV,2,0,0,1,0,0,JLE,0,0,1,0,0,0,NOP,0,0,4488790,4488954,4488799,0,0,0,0,cpp,1.2178622961964524e-06,0.2773957952539103,0,0,0
0x447e50,JZ,260362,3224,170,6,0x447e42,CMP,1,Leaf,rdi(-1) rsi(-1) ,rflags ,PUSH,1,PUSH,1,PUSH,2,PUSH,2,PUSH,2,CMP,3,JZ,6,LEA,4,LEA,4,NOP,9,0,1,1,0,0,JLE,0,0,1,0,0,0,JE,0,0,4488768,4488954,4488790,1,0,0,0,cpp,1.233131871455408e-06,0.0123827593888509,0,0,0
0x447e1b,JNL,3675703,3338972,-283,6,0x447e18,CMP,1,Leaf,r11d(-1) r10d(-1) ,rflags ,CMP,3,NOP,5,RET_NEAR,1,POP,2,POP,2,MOV,3,MOV,2,ADD,4,SUB,3,MOV,4,0,0,0,0,0,MOV,0,0,0,0,0,0,JMP,0,0,4488728,4488448,4488737,1,1,1,1,cpp,1.740894031888009e-05,0.908390041306384,1,0,1
0x447dfe,JNZ,3023716,2647340,-46,2,0x447dee,SUB,1,Leaf,r8(SUB) ,r8 rflags ,MOV,4,MOV,4,MOV,4,SUB,4,ADD,4,LEA,4,LEA,4,POP,1,POP,1,POP,2,1,1,1,1,1,JNE,0,0,1,1,0,0,LEA,1,0,4488656,4488656,4488704,1,0,1,0,cpp,1.4320986049537416e-05,0.8755253469571878,1,1,1
0x447dad,JLE,449259,72883,91,2,0x447daa,TEST,1,Leaf,rcx(IMUL) rcx(IMUL) ,rflags ,TEST,3,IMUL,4,SAR,4,MOV,10,SUB,3,LEA,4,LEA,4,LEA,4,LEA,4,MOV,3,0,1,1,0,0,RET,1,0,1,0,0,0,NOP,0,0,4488597,4488712,4488623,0,0,0,0,cpp,2.1277897367441686e-06,0.1622293599015267,0,0,0
0x447d8b,JNZ,445978,379407,-46,2,0x447d7b,SUB,1,Leaf,r10(SUB) ,r10 rflags ,MOV,4,MOV,4,MOV,4,SUB,4,ADD,4,LEA,4,LEA,4,SUB,3,MOV,10,SAR,4,1,1,1,1,1,JNE,0,0,1,1,0,0,LEA,1,0,4488541,4488541,4488589,1,0,1,0,cpp,2.1122501969102253e-06,0.8507303050823135,1,1,1
0x447d42,JLE,449259,382688,83,2,0x447d3f,TEST,1,Leaf,rsi(IMUL) rsi(IMUL) ,rflags ,TEST,3,IMUL,4,SAR,4,MOV,10,SUB,3,LEA,4,LEA,4,LEA,4,LEA,4,MOV,3,0,1,1,0,0,JLE,1,0,1,0,0,0,MOV,0,0,4488490,4488597,4488516,0,0,0,0,cpp,2.1277897367441686e-06,0.8518204421057787,1,0,1
0x447d24,JNZ,5330883,5321629,-132,6,0x447d21,CMP,1,Leaf,rdx(-1) rcx(-1) ,rflags ,CMP,3,JZ,2,CMP,3,ADD,4,MOV,4,SUB,3,MOV,10,SAR,4,IMUL,4,TEST,3,0,0,0,1,1,JE,0,0,0,1,0,0,JLE,1,0,4488481,4488352,4488490,0,0,0,0,cpp,2.5248237954462716e-05,0.9982640774520845,1,1,1
0x447d1f,JZ,5707259,376376,11,2,0x447d1c,CMP,1,Leaf,rdi(ADD) rsi(-1) ,rflags ,CMP,3,ADD,4,MOV,4,MOV,4,MOV,4,CMP,3,JNZ,6,SUB,3,MOV,10,SAR,4,0,0,1,0,0,JLE,1,0,1,0,0,0,JNE,0,0,4488472,4488490,4488481,1,0,0,0,cpp,2.703083772420984e-05,0.0659468932459522,0,0,0
0x447cf0,JL,3204,1397,305,6,0x447ce8,CMP,0,Leaf,ebx(-1) ebp(-1) ,rflags ,JZ,6,CMP,2,JNL,6,CMP,3,LEA,4,NOP,10,MOV,3,MOV,2,ADD,4,SUB,3,0,0,0,0,0,JMP,0,0,1,0,0,0,NOP,0,0,4488432,4488737,4488438,0,0,1,0,cpp,1.5174850846679344e-08,0.4360174781523096,0,0,0
0x447cea,JZ,3282,78,302,6,0x447ce8,CMP,1,Leaf,ebx(-1) ebp(-1) ,rflags ,CMP,2,JNL,6,CMP,3,LEA,4,JLE,6,JL,6,NOP,10,MOV,3,MOV,2,ADD,4,0,0,0,0,0,JGE,0,0,1,0,0,0,JL,0,0,4488424,4488728,4488432,0,0,0,0,cpp,1.5544276054557308e-08,0.0237659963436928,0,0,0
0x447ce2,JNL,7190,3908,310,6,0x447cdf,CMP,1,Leaf,r9d(-1) r14d(LEA) ,rflags ,CMP,3,LEA,4,JLE,6,CMP,3,LEA,4,CMP,2,JZ,6,JL,6,NOP,10,MOV,3,0,0,0,0,0,JGE,0,0,1,0,0,0,JE,0,0,4488411,4488728,4488424,0,0,0,0,cpp,3.4053426213365956e-08,0.5435326842837274,1,0,1
0x447cd5,JLE,236878,229688,323,6,0x447cd2,CMP,1,Leaf,r14d(LEA) r9d(-1) ,rflags ,CMP,3,LEA,4,JLE,6,CMP,4,JLE,6,LEA,4,CMP,3,JNL,6,CMP,2,JZ,6,0,0,0,0,0,JGE,0,0,1,0,0,0,JGE,0,0,4488398,4488728,4488411,0,0,0,0,cpp,1.1219064665604588e-06,0.969646822414914,1,0,1
0x447cb4,JZ,3938517,233893,365,6,0x447cb1,TEST,1,Leaf,r11d(-1) r11d(-1) ,rflags ,TEST,3,JZ,2,TEST,3,MOV,4,MOV,2,CMP,4,JLE,6,CMP,4,JLE,6,LEA,4,0,1,0,0,0,JMP,0,0,1,0,0,0,JLE,0,0,4488369,4488737,4488378,0,0,1,0,cpp,1.8653685403280585e-05,0.0593860582549218,0,0,0
0x447caf,JZ,5707259,1768742,81,2,0x447cac,TEST,1,Leaf,r10d(MOV) r10d(MOV) ,rflags ,TEST,3,MOV,4,MOV,2,MOV,2,MOV,4,TEST,3,JZ,6,CMP,4,JLE,6,CMP,4,1,1,0,0,0,MOV,0,0,1,0,0,0,JE,0,0,4488352,4488448,4488369,0,0,1,0,cpp,2.703083772420984e-05,0.3099109397348184,0,0,0
0x447c91,JZ,442947,57317,153,6,0x447c86,CMP,1,Leaf,rdx(-1) rcx(-1) ,rflags ,LEA,4,LEA,4,CMP,3,JZ,6,PUSH,1,NOP,9,MOV,4,MOV,2,MOV,2,MOV,4,0,0,1,0,0,JLE,0,0,1,0,0,0,NOP,0,0,4488326,4488490,4488343,0,0,0,0,cpp,2.0978947122297367e-06,0.1293992283501186,0,0,0
0x447c80,JZ,449259,6312,170,6,0x447c72,CMP,1,Leaf,rdi(-1) rsi(-1) ,rflags ,PUSH,1,PUSH,1,PUSH,2,PUSH,2,PUSH,2,CMP,3,LEA,4,LEA,4,JZ,6,NOP,9,0,1,1,0,0,JLE,0,0,1,0,0,0,JE,0,0,4488304,4488490,4488326,1,0,0,0,cpp,2.1277897367441686e-06,0.0140498020073053,0,0,0
0x4c10aa,JZ,11166,3706,-2754,6,0x4c10a6,CMP,1,NonLeaf,rdi(MOV) ,rflags ,CMP,4,XOR,3,MOV,4,JMP,5,MOV,4,JMP,5,MOV,7,MOV,6,SUB,4,MOV,10,0,0,1,0,0,JE,0,0,1,0,0,0,JMP,0,0,4984991,4982248,4985008,0,0,1,0,cpp,5.288463937391436e-08,0.3319004119648934,0,0,0
0x4c1084,JZ,18713,0,18,2,0x4c107d,TEST,1,NonLeaf,rax(-1) rax(-1) ,rflags ,MOV,4,TEST,3,ADD,4,MOV,3,MOVSXD,3,LEA,4,MOV,4,MOV,4,MOV,4,MOV,4,0,1,1,0,0,JMP,0,0,1,0,0,0,MOV,0,0,4984929,4984982,4984966,0,0,0,1,cpp,8.862889634641404e-08,0.0,0,0,0
0x446b44,JNZ,778,197,-44,2,0x446b34,SUB,1,Recursive,rsi(SUB) ,rsi rflags ,MOV,4,MOV,4,MOV,4,SUB,4,ADD,4,ADD,4,POP,1,POP,1,POP,2,POP,2,1,1,1,1,1,JNE,0,0,1,1,0,0,RET,1,0,4483864,4483864,4483910,1,0,1,0,cpp,3.6847796375519757e-09,0.2532133676092545,0,1,0
0x446af7,JLE,581,0,-523,6,0x446af4,TEST,1,Recursive,rsi(IMUL) rsi(IMUL) ,rflags ,TEST,3,IMUL,4,SAR,4,MOV,10,SUB,3,LEA,4,LEA,4,LEA,4,LEA,4,MOV,3,0,0,0,0,0,RET,1,0,1,0,0,0,NOP,0,0,4483807,4483308,4483837,0,0,0,0,cpp,2.751744176629432e-09,0.0,0,0,0
0x446ad9,JNZ,1218471,1217890,-617,6,0x446ad6,CMP,1,Recursive,rcx(-1) r13(-1) ,rflags ,CMP,3,JZ,6,MOV,4,CMP,3,MOV,4,SUB,3,MOV,10,SAR,4,IMUL,4,TEST,3,0,0,0,1,1,JE,0,0,0,0,0,0,JLE,1,0,4483798,4483184,4483807,0,0,0,0,cpp,5.770947467541894e-06,0.999523172894554,1,1,1
0x446ad0,JZ,1061797,23153,-484,6,0x446ac9,CMP,1,Recursive,rsi(-1) rbx(ADD) ,rflags ,MOV,4,CMP,3,MOV,4,MOV,4,ADD,4,CMP,3,JNZ,6,SUB,3,MOV,10,SAR,4,0,0,0,0,0,RET,1,0,0,0,0,0,JNE,0,0,4483760,4483308,4483798,0,0,0,0,cpp,5.028904839092256e-06,0.0218054863594453,0,0,0
0x446974,JNZ,1113894,1090471,-44,2,0x446964,SUB,1,Recursive,rcx(SUB) ,rcx rflags ,MOV,4,MOV,4,MOV,4,SUB,4,ADD,4,LEA,4,LEA,4,MOV,5,ADD,4,MOV,3,1,1,1,1,1,JNE,0,0,1,1,0,0,LEA,1,0,4483400,4483400,4483446,1,0,1,0,cpp,5.275647724410438e-06,0.9789719668119228,1,1,1
0x446924,JLE,23429,6,686,6,0x446921,TEST,1,Recursive,r14(IMUL) r14(IMUL) ,rflags ,TEST,3,IMUL,4,SAR,4,SUB,3,MOV,10,LEA,4,LEA,4,LEA,5,LEA,5,MOV,3,0,1,0,0,0,JMP,1,0,1,0,0,0,NOP,0,0,4483337,4484050,4483370,0,0,0,0,cpp,1.1096491276118925e-07,0.0002560928763498,0,0,0
0x446903,JNLE,23429,0,165,6,0x446900,CMP,1,Recursive,r10(-1) r14(-1) ,rflags ,CMP,3,NOP,5,RET_NEAR,1,POP,2,POP,2,MOV,3,MOV,10,SUB,3,SAR,4,IMUL,4,0,1,0,0,0,JG,1,0,1,0,0,0,JLE,0,0,4483328,4483496,4483337,0,0,0,0,cpp,1.1096491276118925e-07,0.0,0,0,0
0x4468e6,JNZ,179827,179827,496,6,0x4468df,CMP,1,Recursive,rsi(-1) rbx(-1) ,rflags ,MOV,4,CMP,3,MOV,4,MOV,4,ADD,4,ADD,4,POP,1,POP,1,POP,2,POP,2,0,0,0,0,0,JNE,0,0,0,0,0,0,RET,1,0,4483270,4483798,4483308,0,0,0,0,cpp,8.517003443214128e-07,1.0,1,0,1
0x4468c0,JNL,860281,747225,496,6,0x4468b4,CMP,0,Recursive,r8d(-1) r9d(-1) ,rflags ,NOP,3,JZ,6,CMP,3,JLE,6,CMP,5,MOV,3,MOV,3,ADD,4,SUB,3,ADD,4,0,0,0,0,0,JE,0,0,0,0,0,0,JNE,0,0,4483264,4483760,4483270,0,0,1,1,cpp,4.074480605877701e-06,0.8685824747960259,1,0,1
0x4c09e5,JBE,75074,18790,315,6,0x4c09e2,CMP,1,NonLeaf,r12(-1) r15(ADD) ,rflags ,CMP,3,ADD,4,ADD,4,MOV,2,JZ,6,MOV,3,CMP,3,JNZ,2,MOV,7,MOV,7,0,1,1,0,0,MOV,1,0,0,0,1,1,JNE,0,0,4983262,4983584,4983275,0,0,0,0,cpp,3.555670263619242e-07,0.2502863841010203,0,0,0
0x4468b7,JZ,2162,59,673,6,0x4468b4,CMP,1,Recursive,r8d(-1) r9d(-1) ,rflags ,CMP,3,JLE,6,CMP,5,LEA,4,JLE,6,NOP,3,JNL,6,MOV,3,MOV,3,ADD,4,0,0,0,0,0,JMP,0,0,1,0,0,0,NOP,0,0,4483252,4483928,4483261,0,0,0,0,cpp,1.0239708967078884e-08,0.0272895467160037,0,0,0
0x4468ae,JLE,4378,2216,682,6,0x4468a9,CMP,1,Recursive,r10d(LEA) rsp(-1) ,rflags ,CMP,5,LEA,4,JLE,6,CMP,5,LEA,4,CMP,3,JZ,6,NOP,3,JNL,6,MOV,3,0,0,0,0,0,JMP,0,0,1,0,0,0,JE,0,0,4483237,4483928,4483252,0,0,0,0,cpp,2.0735173847304053e-08,0.5061671996345363,1,0,1
0x44689f,JLE,38397,34019,697,6,0x44689a,CMP,1,Recursive,r10d(LEA) rsp(-1) ,rflags ,CMP,5,LEA,4,JLE,2,CMP,3,JLE,6,LEA,4,CMP,5,JLE,6,CMP,3,JZ,6,0,0,0,0,0,JMP,0,0,1,0,0,0,JLE,0,0,4483222,4483928,4483237,0,0,0,0,cpp,1.818566629088473e-07,0.8859806755736125,1,0,1
0x446894,JLE,43094,4697,50,2,0x446891,CMP,1,Recursive,edi(-1) ,rflags ,CMP,3,JLE,6,CMP,3,JZ,2,TEST,2,LEA,4,CMP,5,JLE,6,LEA,4,CMP,5,0,0,0,0,0,JNE,0,0,1,0,0,0,JLE,0,0,4483217,4483270,4483222,0,0,1,0,cpp,2.0410269113195998e-07,0.1089942915487074,0,0,0
0x44688b,JLE,864978,821884,717,6,0x446888,CMP,1,Recursive,edx(-1) ,rflags ,CMP,3,JZ,2,TEST,2,JZ,6,TEST,2,CMP,3,JLE,2,LEA,4,CMP,5,JLE,6,0,1,0,0,0,JMP,0,0,1,0,0,0,JLE,0,0,4483208,4483928,4483217,0,0,0,0,cpp,4.096726634100814e-06,0.9501790796991368,1,0,1
0x446886,JZ,927052,62074,64,2,0x446884,TEST,1,Recursive,edi(-1) edi(-1) ,rflags ,TEST,2,JZ,6,TEST,2,MOV,3,MOV,3,CMP,3,JLE,6,CMP,3,JLE,2,LEA,4,0,1,0,0,0,JNE,0,0,1,0,0,0,JLE,0,0,4483204,4483270,4483208,0,0,1,0,cpp,4.390722792483078e-06,0.066958487765519,0,0,0
0x44687e,JZ,1241624,314572,562,6,0x44687c,TEST,1,Recursive,edx(MOV) edx(MOV) ,rflags ,TEST,2,MOV,3,MOV,3,MOV,3,MOV,3,TEST,2,JZ,2,CMP,3,JLE,6,CMP,3,1,1,0,0,0,JE,0,0,1,0,0,0,JE,0,0,4483184,4483760,4483204,0,0,1,0,cpp,5.880605183413669e-06,0.2533552830808683,0,0,0
0x446862,JZ,23734,0,637,6,0x44685c,CMP,1,Recursive,r12(-1) r13(-1) ,rflags ,MOV,3,CMP,3,JZ,6,CMP,3,LEA,4,NOP,8,MOV,3,MOV,3,MOV,3,MOV,3,0,1,0,0,0,JLE,0,0,1,0,0,0,NOP,0,0,4483164,4483807,4483176,0,0,0,0,cpp,1.1240946004840437e-07,0.0,0,0,0
0x446856,JZ,23734,0,150,6,0x446853,CMP,1,Recursive,rbx(-1) rsi(LEA) ,rflags ,CMP,3,LEA,4,MOV,5,LEA,4,JNZ,2,CMP,3,MOV,3,JZ,6,NOP,8,MOV,3,0,0,0,0,0,RET,1,0,1,0,0,0,JE,0,0,4483142,4483308,4483164,0,0,0,0,cpp,1.1240946004840437e-07,0.0,0,0,0
0x446844,JNZ,1062575,1038841,-44,2,0x446834,SUB,1,Recursive,rsi(SUB) ,rsi rflags ,MOV,4,MOV,4,MOV,4,SUB,4,ADD,4,LEA,4,MOV,5,LEA,4,CMP,3,JZ,6,1,1,1,1,1,JNE,0,0,1,1,0,0,JE,1,0,4483096,4483096,4483142,1,0,1,0,cpp,5.032589618729808e-06,0.9776636943274593,1,1,1
0x4467f0,JLE,23734,0,252,6,0x4467ed,TEST,1,Recursive,r15(IMUL) r15(IMUL) ,rflags ,TEST,3,IMUL,4,SAR,4,SUB,3,MOV,10,MOV,3,LEA,4,LEA,4,LEA,4,LEA,4,0,1,0,0,0,RET,1,0,1,0,0,0,NOP,0,0,4483029,4483308,4483062,0,0,0,1,cpp,1.1240946004840437e-07,0.0,0,0,0
0x4467cf,JNLE,47163,23429,305,6,0x4467cc,CMP,1,Recursive,rcx(-1) r8(-1) ,rflags ,CMP,3,JNLE,6,MOV,4,CMP,3,MOV,7,MOV,3,MOV,10,SUB,3,SAR,4,IMUL,4,0,0,0,0,0,JG,1,0,1,0,0,0,JLE,1,0,4483020,4483328,4483029,0,0,0,0,cpp,2.233743728095936e-07,0.4967665330873778,0,0,0
0x4467c6,JNLE,47163,0,314,6,0x4467bf,CMP,1,Recursive,rcx(-1) r14(MOV) ,rflags ,MOV,4,CMP,3,MOV,7,MOV,8,SUB,4,CMP,3,JNLE,6,MOV,3,MOV,10,SUB,3,0,1,0,0,0,JG,1,0,1,0,0,0,JG,0,0,4482960,4483328,4483020,0,0,0,0,cpp,2.233743728095936e-07,0.0,0,0,0
0x446116,JNZ,6329,2776,-46,2,0x446104,SUB,1,Leaf,rsi(SUB) ,rsi rflags ,MOV,5,MOV,4,MOV,5,SUB,4,SUB,4,POP,1,POP,1,POP,2,POP,2,POP,2,1,1,1,1,1,JNE,0,0,0,1,0,0,RET,1,0,4481256,4481256,4481304,1,0,1,0,cpp,2.9975540264866914e-08,0.4386158950861115,0,1,0
0x4460cf,JLE,3553,0,73,2,0x4460cc,TEST,1,Leaf,rsi(IMUL) rsi(IMUL) ,rflags ,TEST,3,IMUL,4,SAR,4,MOV,10,SUB,3,LEA,4,LEA,4,LEA,4,LEA,4,LEA,4,0,0,1,0,0,RET,1,0,1,0,0,0,NOP,0,0,4481200,4481304,4481233,0,0,0,0,cpp,1.6827791840902533e-08,0.0,0,0,0
0x4460a1,JZ,475397,3553,15,2,0x44608b,CMP,1,Leaf,rsi(-1) rdi(-1) ,rflags ,MOV,5,MOV,4,MOV,5,MOV,5,CMP,3,SUB,4,JMP,2,NOP,7,LEA,4,MOV,3,0,1,0,0,0,JLE,1,0,1,0,0,0,JMP,0,0,4481157,4481200,4481187,0,1,0,0,cpp,2.2515850711481964e-06,0.0074737535154828,0,0,0
0x446083,JNL,1024014,710927,-51,2,0x446080,CMP,1,Leaf,r11d(-1) ecx(-1) ,rflags ,CMP,3,NOP,4,JMP,2,SUB,4,SUB,4,MOV,3,SUB,3,CMP,3,MOV,5,MOV,5,0,0,0,0,0,JE,0,0,0,0,0,0,JE,0,0,4481152,4481104,4481157,1,1,1,1,cpp,4.849956215640295e-06,0.6942551566677799,1,0,1
0x44606c,JZ,1107565,19870,172,6,0x446056,CMP,1,Leaf,rdx(-1) rax(-1) ,rflags ,MOV,5,MOV,4,MOV,5,MOV,5,CMP,3,SUB,4,SUB,4,JMP,2,NOP,4,CMP,3,0,0,1,0,0,RET,1,0,1,0,0,0,SUB,0,0,4481104,4481304,4481138,0,1,0,0,cpp,5.2456721841455706e-06,0.017940256328071,0,0,0
0x4c017b,JZ,1936,0,12,2,0x4c0178,TEST,1,NonLeaf,rcx(MOV) rcx(MOV) ,rflags ,TEST,3,MOV,4,MOV,2,TZCNT,5,MOV,4,TZCNT,5,CMP,2,CMOVLE,3,MOV,6,SUB,3,0,0,1,0,0,JNE,0,0,1,0,0,0,CMOVLE,0,0,4981097,4981127,4981117,0,0,0,0,cpp,9.169323108355561e-09,0.0,0,0,0
0x44604d,JL,1986,1057,56,2,0x446049,CMP,0,Leaf,ebp(-1) ebx(-1) ,rflags ,JZ,2,CMP,2,JNL,2,CMP,3,LEA,4,NOP,1,MOV,3,SUB,3,CMP,3,MOV,5,0,0,0,0,0,JE,0,0,1,0,0,0,NOP,0,0,4481101,4481157,4481103,0,0,1,0,cpp,9.406134139046561e-09,0.5322255790533736,1,0,1
0x44604b,JZ,2039,53,53,2,0x446049,CMP,1,Leaf,ebp(-1) ebx(-1) ,rflags ,CMP,2,JNL,2,CMP,3,LEA,4,JLE,2,JL,2,NOP,1,MOV,3,SUB,3,CMP,3,0,0,0,0,0,JGE,0,0,1,0,0,0,JL,0,0,4481097,4481152,4481101,0,0,0,0,cpp,9.657153831579022e-09,0.0259931338891613,0,0,0
0x446047,JNL,5080,3041,57,2,0x446044,CMP,1,Leaf,r9d(-1) r15d(LEA) ,rflags ,CMP,3,LEA,4,JLE,2,CMP,3,LEA,4,CMP,2,JZ,2,JL,2,NOP,1,MOV,3,0,0,0,0,0,JGE,0,0,1,0,0,0,JE,0,0,4481088,4481152,4481097,0,0,0,0,cpp,2.4060000718205703e-08,0.5986220472440945,1,0,1
0x44603e,JLE,31951,26871,66,2,0x44603b,CMP,1,Leaf,r15d(LEA) r9d(-1) ,rflags ,CMP,3,LEA,4,JLE,2,CMP,4,JLE,2,LEA,4,CMP,3,JNL,2,CMP,2,JZ,2,0,0,0,0,0,JGE,0,0,1,0,0,0,JGE,0,0,4481079,4481152,4481088,0,0,0,0,cpp,1.5132698483216348e-07,0.841006541266314,1,0,1
0x4c0163,JZ,1936,0,3654,6,0x4c015e,TEST,1,NonLeaf,ecx(XOR) ecx(XOR) ,rflags ,MOV,3,TEST,2,XOR,4,BSR,6,JZ,2,MOV,4,TZCNT,5,MOV,2,MOV,4,TEST,3,0,0,0,0,0,JE,0,0,1,0,0,0,JE,1,0,4981076,4984745,4981097,0,0,0,0,cpp,9.169323108355561e-09,0.0,0,0,0
0x446035,JLE,52179,20228,80,2,0x446031,CMP,1,Leaf,r11d(-1) ,rflags ,CMP,4,JLE,2,CMP,3,JZ,2,TEST,3,LEA,4,CMP,3,JLE,2,LEA,4,CMP,3,0,0,0,0,0,JE,0,0,1,0,0,0,JLE,0,0,4481073,4481157,4481079,1,0,1,0,cpp,2.4713125540851485e-07,0.3876655359435788,0,0,0
0x44602f,JLE,1046228,994049,81,2,0x44602c,CMP,1,Leaf,ecx(-1) ,rflags ,CMP,3,JZ,2,TEST,3,JZ,2,TEST,2,CMP,4,JLE,2,LEA,4,CMP,3,JLE,2,0,1,0,0,0,JGE,0,0,1,0,0,0,JLE,0,0,4481068,4481152,4481073,0,0,0,0,cpp,4.955166620355692e-06,0.950126549853378,1,0,1
0x44602a,JZ,1187253,141025,91,2,0x446027,TEST,1,Leaf,r11d(-1) r11d(-1) ,rflags ,TEST,3,JZ,2,TEST,2,MOV,4,MOV,2,CMP,3,JLE,2,CMP,4,JLE,2,LEA,4,0,1,0,0,0,JE,0,0,1,0,0,0,JLE,0,0,4481063,4481157,4481068,1,0,1,0,cpp,5.623092132419661e-06,0.1187826015179578,0,0,0
0x446025,JZ,1582962,395709,43,2,0x446023,TEST,1,Leaf,ecx(MOV) ecx(MOV) ,rflags ,TEST,2,MOV,4,MOV,2,MOV,2,MOV,3,TEST,3,JZ,2,CMP,3,JLE,2,CMP,4,1,1,0,0,0,JE,0,0,1,0,0,0,JE,0,0,4481048,4481104,4481063,1,0,1,0,cpp,7.497257255293767e-06,0.249980100596224,0,0,0
0x445ff6,JZ,23429,6,290,6,0x445ff3,CMP,1,Leaf,rdx(-1) rcx(-1) ,rflags ,CMP,3,JZ,6,PUSH,1,PUSH,1,PUSH,2,LEA,4,LEA,4,LEA,4,LEA,4,SUB,4,0,0,1,0,0,RET,1,0,1,0,0,0,NOP,0,0,4481011,4481304,4481020,0,0,0,0,cpp,1.1096491276118925e-07,0.0002560928763498,0,0,0
0x445fed,JZ,23429,0,310,6,0x445fe2,CMP,1,Leaf,rsi(-1) rdi(-1) ,rflags ,PUSH,1,PUSH,1,PUSH,2,PUSH,2,PUSH,2,CMP,3,JZ,6,LEA,4,LEA,4,LEA,4,0,1,0,0,0,JLE,1,0,1,0,0,0,JE,1,0,4480992,4481315,4481011,0,0,0,0,cpp,1.1096491276118925e-07,0.0,0,0,0
0x445ce1,JNLE,12799,1943,-225,6,0x445cdc,CMP,0,NonLeaf,r11d(-1) edx(-1) ,rflags ,JZ,2,CMP,3,JNL,2,CMP,4,LEA,3,JMP,2,INVALID,0,INVALID,0,INVALID,0,INVALID,0,0,0,0,0,0,JLE,0,0,1,0,0,0,JMP,0,0,4480225,4480000,4480231,0,0,0,0,cpp,6.061888763628245e-08,0.1518087350574263,0,0,0
0x445cdf,JZ,13081,282,-71,2,0x445cdc,CMP,1,NonLeaf,r11d(-1) edx(-1) ,rflags ,CMP,3,JNL,2,CMP,4,LEA,3,RET_NEAR,1,JNLE,6,JMP,2,INVALID,0,INVALID,0,INVALID,0,0,0,0,0,0,JL,0,0,1,0,0,0,JG,0,0,4480220,4480152,4480225,0,0,0,0,cpp,6.195450184937968e-08,0.0215579848635425,0,0,0
0x445cda,JNL,17280,4199,-66,2,0x445cd6,CMP,1,NonLeaf,rsp(-1) ecx(LEA) ,rflags ,CMP,4,LEA,3,RET_NEAR,1,POP,2,POP,2,CMP,3,JZ,2,JNLE,6,JMP,2,INVALID,0,0,0,0,0,0,JL,0,0,1,0,0,0,JE,0,0,4480211,4480152,4480220,0,0,0,0,cpp,8.184189220680995e-08,0.2429976851851852,0,0,0
0x445cbe,JNZ,3710608,3057667,-222,6,0x445cbb,CMP,1,NonLeaf,rax(MOV) r14(-1) ,rflags ,CMP,3,SUB,4,ADD,4,ADD,4,MOV,3,ADD,4,POP,1,POP,1,POP,2,POP,2,0,0,0,1,1,JE,0,0,0,1,0,0,RET,1,0,4480175,4479968,4480196,0,0,0,0,cpp,1.757425809940548e-05,0.8240339588552604,1,1,1
0x445c9a,JL,2431242,147584,-154,6,0x445c98,CMP,1,NonLeaf,eax(-1) edi(-1) ,rflags ,CMP,2,NOP,7,JNLE,2,CMP,4,LEA,3,MOV,4,MOV,3,CALL_NEAR,5,MOV,3,ADD,4,0,0,0,0,0,JLE,0,0,0,0,0,0,CALL,0,1,4480152,4480000,4480160,0,0,0,1,cpp,1.1514898477585014e-05,0.0607031303342077,0,0,0
0x445c8f,JNLE,242424,17280,68,2,0x445c8b,CMP,1,NonLeaf,ecx(LEA) rsp(-1) ,rflags ,CMP,4,LEA,3,JLE,6,CMP,3,JLE,2,NOP,7,CMP,2,JL,6,MOV,4,MOV,3,0,1,0,0,0,JGE,0,0,1,0,0,0,NOP,0,0,4480136,4480211,4480145,0,0,0,0,cpp,1.1481735460847046e-06,0.0712800712800712,0,0,0
0x445c82,JLE,280886,38462,-130,6,0x445c7f,CMP,1,NonLeaf,eax(-1) ,rflags ,CMP,3,JLE,2,CMP,3,JMP,2,MOV,5,LEA,3,CMP,4,JNLE,2,NOP,7,CMP,2,0,0,0,0,0,JLE,0,0,1,0,0,0,JG,0,0,4480127,4480000,4480136,0,0,0,0,cpp,1.3303380633334503e-06,0.1369309969168986,0,0,0
0x445c7d,JLE,2482503,2201617,27,2,0x445c7a,CMP,1,NonLeaf,edi(-1) ,rflags ,CMP,3,JMP,2,MOV,5,MOV,3,MOV,5,CMP,3,JLE,6,LEA,3,CMP,4,JNLE,2,0,1,0,0,0,JL,0,0,1,0,0,0,JLE,0,0,4480122,4480152,4480127,0,0,0,0,cpp,1.1757681882470042e-05,0.8868537117578509,1,0,1
0x445c61,JNZ,696645,452286,-33,2,0x445c47,SUB,1,NonLeaf,rcx(SUB) ,rcx rflags ,MOV,4,MOV,4,MOV,4,MOV,4,LEA,4,MOV,4,MOV,4,MOV,5,MOV,3,MOV,5,1,1,1,1,1,JNE,0,0,1,1,0,0,MOV,0,0,4480064,4480064,4480099,1,0,1,0,cpp,3.299464409514648e-06,0.6492345455719915,1,1,1
0x445c1f,JLE,244359,0,72,2,0x445c1c,TEST,1,NonLeaf,rcx(IMUL) rcx(IMUL) ,rflags ,TEST,3,IMUL,4,SAR,4,SUB,3,MOV,4,LEA,4,LEA,4,LEA,4,LEA,4,MOV,3,0,1,1,0,0,JMP,0,0,1,0,0,0,NOP,0,0,4480000,4480103,4480033,0,0,1,1,cpp,1.1573381329724463e-06,0.0,0,0,0
0x445bfa,JNZ,2538873,2482503,128,2,0x445bf8,TEST,1,NonLeaf,eax(-1) eax(-1) ,rflags ,TEST,2,JZ,6,TEST,2,MOV,5,MOV,4,NOP,4,MOV,3,MOV,10,MOV,4,SUB,3,0,1,0,0,0,JLE,0,0,1,0,0,0,NOP,0,0,4479992,4480122,4479996,0,0,0,0,cpp,1.2024662638471075e-05,0.9777972352299624,1,0,1
0x445bf2,JZ,3710608,1171735,174,6,0x445bf0,TEST,1,NonLeaf,edi(MOV) edi(MOV) ,rflags ,TEST,2,MOV,5,MOV,4,MOV,4,MOV,3,TEST,2,JNZ,2,NOP,4,MOV,3,MOV,10,1,1,0,0,0,CALL,0,1,1,0,0,0,JNE,0,0,4479968,4480160,4479992,0,0,1,0,cpp,1.757425809940548e-05,0.3157797859542156,0,0,0
0x445bc8,JZ,665759,12818,252,6,0x445bc5,CMP,1,NonLeaf,rbp(LEA) rsi(-1) ,rflags ,CMP,3,LEA,4,JZ,6,MOV,4,CMP,3,MOV,3,LEA,4,NEG,3,NOP,8,MOV,3,0,0,1,0,0,RET,1,0,1,0,0,0,NOP,0,0,4479937,4480196,4479950,0,0,0,0,cpp,3.153181499636203e-06,0.0192532132498396,0,0,0
0x445bbb,JZ,678637,12878,265,6,0x445bb4,CMP,1,NonLeaf,rsi(-1) rdi(-1) ,rflags ,MOV,4,CMP,3,SUB,4,PUSH,1,PUSH,1,LEA,4,CMP,3,JZ,6,MOV,3,LEA,4,0,1,1,0,0,RET,1,0,1,0,0,0,JE,0,0,4479904,4480196,4479937,0,0,0,0,cpp,3.214174548700977e-06,0.0189762715560748,0,0,0
0x445b70,JNL,1702,427,-240,6,0x445b65,CMP,1,Leaf,r10d(-1) edx(-1) ,rflags ,NOP,8,CMP,3,JMP,5,NOP,6,JNLE,2,NOP,10,MOV,4,MOV,3,MOV,2,SUB,3,0,0,1,0,0,RET,1,0,1,0,0,0,NOP,0,0,4479845,4479616,4479862,0,0,1,0,cpp,8.061047484721675e-09,0.2508813160987074,0,0,0
0x445b58,JNLE,11142,484,40,2,0x445b54,CMP,0,Leaf,ecx(-1) ebx(-1) ,rflags ,JZ,2,CMP,2,JNL,2,CMP,3,LEA,4,NOP,6,JMP,5,CMP,3,NOP,8,JNL,6,0,0,0,0,0,JMP,0,0,1,0,0,0,JMP,1,0,4479832,4479872,4479834,0,0,1,0,cpp,5.2770970079182665e-08,0.043439238915814,0,0,0
0x445b56,JZ,11599,457,15,2,0x445b54,CMP,1,Leaf,ecx(-1) ebx(-1) ,rflags ,CMP,2,JNL,2,CMP,3,LEA,4,JLE,2,JNLE,2,NOP,6,JMP,5,CMP,3,NOP,8,0,0,0,0,0,JGE,0,0,1,0,0,0,JG,0,0,4479828,4479845,4479832,0,0,0,0,cpp,5.4935422899698416e-08,0.0393999482714027,0,0,0
0x445b52,JNL,12844,1245,19,2,0x445b4f,CMP,1,Leaf,esi(-1) r12d(LEA) ,rflags ,CMP,3,LEA,4,JLE,2,CMP,4,JZ,2,CMP,2,JZ,2,JNLE,2,NOP,6,JMP,5,0,1,0,0,0,JGE,0,0,1,0,0,0,JE,0,0,4479819,4479845,4479828,0,0,0,0,cpp,6.083201756390434e-08,0.0969324198069137,0,0,0
0x445b49,JLE,14040,1196,55,2,0x445b45,CMP,1,Leaf,r10d(-1) ,rflags ,CMP,4,JZ,2,TEST,3,MOV,3,MOV,3,LEA,4,CMP,3,JNL,2,CMP,2,JZ,2,0,0,0,0,0,JMP,0,0,1,1,0,0,JGE,0,0,4479813,4479872,4479819,1,0,1,0,cpp,6.649653741803309e-08,0.0851851851851851,0,0,0
0x445b43,JZ,14059,19,61,2,0x445b40,TEST,1,Leaf,r10d(MOV) r10d(MOV) ,rflags ,TEST,3,MOV,3,MOV,3,MOV,4,MOV,3,CMP,4,JLE,2,LEA,4,CMP,3,JNL,2,1,1,0,0,0,JMP,0,0,1,1,0,0,JLE,0,0,4479798,4479872,4479813,1,0,1,0,cpp,6.658652560969566e-08,0.0013514474713706,0,0,0
0x445b1d,JNLE,2389118,337044,-45,2,0x445b1a,CMP,1,Leaf,edx(-1) r9d(-1) ,rflags ,CMP,3,JZ,2,TEST,3,MOV,2,MOV,3,MOV,2,MOV,3,MOV,4,POP,1,POP,1,0,0,0,0,0,MOV,0,0,1,1,0,0,RET,1,0,4479770,4479728,4479775,1,0,1,1,cpp,1.131538992044846e-05,0.1410746560027591,0,0,0
0x445b18,JZ,2657809,268691,-40,2,0x445b15,TEST,1,Leaf,r9d(MOV) r9d(MOV) ,rflags ,TEST,3,MOV,2,MOV,3,MOV,4,MOV,3,CMP,3,JNLE,2,MOV,2,MOV,3,MOV,4,1,1,0,0,0,MOV,0,0,1,1,0,0,JG,0,0,4479756,4479728,4479770,1,0,1,0,cpp,1.2587969773396374e-05,0.1010949244283543,0,0,0
0x4bfc18,JBE,243269,18713,1224,6,0x4bfc11,CMP,1,NonLeaf,r13(-1) ,rflags ,CMP,7,SUB,4,MOV,4,JZ,6,JL,6,MOV,3,SUB,4,MOV,4,ADD,3,SUB,3,0,1,1,0,0,JLE,1,0,1,0,0,0,MOV,0,0,4979725,4980960,4979742,0,0,1,0,cpp,1.1521756525033823e-06,0.0769230769230769,0,0,0
0x445aea,JZ,14753,6565,-40,2,0x445ae7,TEST,1,Leaf,r9d(MOV) r9d(MOV) ,rflags ,TEST,3,MOV,3,MOV,2,MOV,3,MOV,4,JMP,2,NOP,2,MOV,4,MOV,3,MOV,2,1,1,1,1,1,JE,0,0,1,1,0,0,JMP,0,0,4479682,4479682,4479724,1,0,1,0,cpp,6.987346271568678e-08,0.4449942384599742,0,0,0
0x445ac0,JLE,20564,17248,-64,2,0x445abd,CMP,1,Leaf,edx(-1) r9d(-1) ,rflags ,CMP,3,JZ,2,TEST,3,MOV,2,MOV,3,MOV,4,MOV,3,SUB,4,SUB,3,MOV,2,0,0,1,0,0,RET,1,0,0,0,1,0,JE,0,0,4479677,4479616,4479682,0,1,1,1,cpp,9.73956407025949e-08,0.8387473254230694,1,0,1
0x445abb,JZ,17248,4872,7,2,0x445ab8,TEST,1,Leaf,r9d(MOV) r9d(MOV) ,rflags ,TEST,3,MOV,2,MOV,3,MOV,4,MOV,3,CMP,3,JLE,2,MOV,4,MOV,3,SUB,4,0,1,0,1,0,JE,0,0,1,1,0,0,JLE,0,0,4479657,4479682,4479677,1,0,1,0,cpp,8.169033314716773e-08,0.2824675324675325,0,0,0
0x445aa3,JNLE,28333,11085,141,6,0x445aa0,CMP,1,Leaf,edx(-1) ,rflags ,CMP,3,NOP,6,RET_NEAR,1,MOV,4,MOV,3,MOV,3,MOV,3,MOV,4,MOV,3,MOV,2,0,1,0,0,0,MOV,1,0,1,0,0,0,JE,0,0,4479648,4479792,4479657,0,0,0,0,cpp,1.3419133865136264e-07,0.391239896939964,0,0,0
0x445a75,JNLE,48271,28565,-45,2,0x445a72,CMP,1,Leaf,edx(-1) r9d(-1) ,rflags ,CMP,3,JZ,2,TEST,3,MOV,3,MOV,2,NOP,9,MOV,2,MOV,3,MOV,4,POP,1,0,0,0,1,1,JE,0,0,1,1,0,0,NOP,1,0,4479602,4479560,4479607,1,0,1,0,cpp,2.2862210524970627e-07,0.5917631704335937,1,1,1
0x445a70,JZ,48359,88,-40,2,0x445a6d,TEST,1,Leaf,r9d(MOV) r9d(MOV) ,rflags ,TEST,3,MOV,3,MOV,2,MOV,3,MOV,4,CMP,3,JNLE,2,NOP,9,MOV,2,MOV,3,1,1,1,1,1,JE,0,0,1,1,0,0,JG,0,0,4479560,4479560,4479602,1,0,1,0,cpp,2.2903889266372241e-07,0.0018197233193407,0,0,0
0x445a41,JLE,213907,194401,63,2,0x445a3e,CMP,1,Leaf,edx(-1) r9d(-1) ,rflags ,CMP,3,JZ,2,TEST,3,MOV,2,MOV,3,NOP,5,MOV,4,MOV,3,SUB,4,SUB,3,0,0,1,0,0,RET,1,0,1,0,0,0,NOP,0,0,4479550,4479616,4479555,0,0,1,0,cpp,1.013110742840399e-06,0.908810838354986,1,0,1
0x445a3c,JZ,214107,200,12,2,0x445a39,TEST,1,Leaf,r9d(MOV) r9d(MOV) ,rflags ,TEST,3,MOV,2,MOV,3,MOV,3,MOV,4,CMP,3,JLE,2,NOP,5,MOV,4,MOV,3,0,1,0,1,0,JE,0,0,1,0,0,0,JLE,0,0,4479533,4479560,4479550,1,0,1,0,cpp,1.014057986963163e-06,0.0009341123830608,0,0,0
0x445a27,JLE,2266181,2052074,229,6,0x445a21,CMP,1,Leaf,edx(-1) ,rflags ,MOV,3,CMP,3,JNLE,2,PUSH,1,PUSH,1,MOV,4,MOV,3,MOV,3,MOV,2,TEST,3,0,1,0,1,0,JE,1,0,1,0,0,0,JE,0,0,4479521,4479756,4479533,0,0,0,0,cpp,1.0733133166847268e-05,0.905520785850733,1,0,1
0x445a1f,JNLE,2294514,28333,129,2,0x445a1a,CMP,1,Leaf,r9d(-1) esi(-1) ,rflags ,PUSH,1,PUSH,1,CMP,3,PUSH,2,JZ,2,CMP,3,MOV,3,JLE,6,MOV,4,MOV,3,0,1,0,0,0,JG,1,0,1,0,0,0,JLE,1,0,4479512,4479648,4479521,0,0,0,0,cpp,1.086732450549863e-05,0.0123481486711347,0,0,0
0x445a16,JZ,3466249,1171735,122,2,0x445a10,TEST,1,Leaf,edx(MOV) edx(MOV) ,rflags ,LEA,4,TEST,2,LEA,4,MOV,4,MOV,2,PUSH,2,CMP,3,PUSH,1,PUSH,1,JNLE,2,0,1,0,0,0,RET,1,0,1,0,0,0,JG,0,0,4479488,4479632,4479512,0,0,1,1,cpp,1.6416919966433033e-05,0.3380412082340305,0,0,0
0x4459ab,JNZ,4329204,4282047,-35,2,0x4459a8,CMP,1,NonLeaf,rbp(-1) rdx(ADD) ,rflags ,CMP,3,ADD,4,MOV,4,MOV,4,MOV,4,LEA,4,SUB,3,SHR,4,LEA,5,MOV,2,0,0,0,1,1,JE,0,0,1,1,0,0,LEA,1,0,4479396,4479368,4479405,0,1,0,0,cpp,2.050406522623209e-05,0.9891072354178736,1,1,1
0x44597f,JZ,47163,6,62,2,0x44597c,CMP,1,NonLeaf,rbp(-1) rdx(LEA) ,rflags ,CMP,3,LEA,4,MOV,4,MOV,5,MOV,4,NOP,7,TEST,3,JZ,2,MOV,4,MOV,3,0,1,1,0,0,RET,0,0,1,0,0,0,NOP,0,0,4479327,4479421,4479361,0,0,1,0,cpp,2.233743728095936e-07,0.0001272183703326,0,0,0
0x445959,JZ,47163,0,151,6,0x445956,CMP,1,NonLeaf,rbp(ADD) rax(-1) ,rflags ,CMP,3,MOV,4,MOV,4,ADD,3,JZ,2,MOV,4,MOV,3,MOV,5,MOV,4,MOV,5,0,0,0,0,0,RET,0,0,1,0,0,0,JE,0,0,4479307,4479472,4479327,0,0,0,1,cpp,2.233743728095936e-07,0.0,0,0,0
0x445949,JZ,47163,0,-33,2,0x445946,TEST,1,NonLeaf,rax(-1) rax(-1) ,rflags ,TEST,3,CALL_NEAR,5,MOV,3,SHL,4,MOV,5,ADD,3,MOV,4,MOV,4,CMP,3,JZ,6,0,1,0,0,0,JE,0,0,1,0,0,0,JE,1,0,4479302,4479272,4479307,0,0,0,1,cpp,2.233743728095936e-07,0.0,0,0,0
0x44591e,JNLE,47163,47163,19,2,0x445918,TEST,1,NonLeaf,rbx(IMUL) rbx(IMUL) ,rflags ,MOV,3,TEST,3,MOV,8,IMUL,4,MOV,8,JMP,5,NOP,3,SAR,3,JZ,6,LEA,4,0,1,0,1,0,CALL,0,1,1,0,0,0,JMP,0,0,4479200,4479281,4479264,0,0,1,0,cpp,2.233743728095936e-07,1.0,1,0,1
0x4458ca,JNZ,296261,296261,-356,6,0x4458c7,TEST,1,NonLeaf,r8(-1) r8(-1) ,rflags ,TEST,3,IMUL,4,SHL,4,SAR,4,SUB,3,MOV,6,XOR,3,JMP,5,INVALID,0,INVALID,0,0,0,0,0,0,CALL,0,1,1,0,0,0,JMP,0,0,4479153,4478822,4479184,0,0,1,0,cpp,1.4031574552709331e-06,1.0,1,0,1
0x4458af,JNBE,296261,0,-57,2,0x4458ac,CMP,1,NonLeaf,r8(-1) r10(MOV) ,rflags ,CMP,3,MOV,10,JMP,5,MOV,3,JMP,5,MOV,3,LEA,4,SUB,3,SAR,4,SHL,4,0,0,0,0,0,JMP,0,0,1,0,0,0,JNE,0,0,4479138,4479094,4479153,0,0,0,0,cpp,1.4031574552709331e-06,0.0,0,0,0
0x445874,JBE,296261,296261,46,2,0x445871,CMP,1,NonLeaf,rax(-1) r8(LEA) ,rflags ,CMP,3,LEA,4,JMP,5,MOV,4,MOV,4,MOV,3,MOV,10,MOV,7,SUB,3,SAR,4,0,1,0,0,0,JA,0,0,1,0,0,0,JMP,0,0,4479085,4479138,4479094,0,0,0,0,cpp,1.4031574552709331e-06,1.0,1,0,1
0x445853,JZ,343424,47163,7,2,0x445850,TEST,1,NonLeaf,rdi(-1) rdi(-1) ,rflags ,TEST,3,LEA,5,SHR,4,SUB,3,ADD,4,CALL_NEAR,5,ADD,3,MOV,3,MOV,4,MOV,4,0,1,1,0,0,JMP,0,0,1,0,0,0,CALL,0,1,4479056,4479066,4479061,0,0,1,1,cpp,1.6265318280805266e-06,0.1373316949310473,0,0,0
0x445809,JZ,343424,343424,71,2,0x445806,CMP,1,NonLeaf,rsi(-1) r9(-1) ,rflags ,CMP,3,LEA,5,SHR,4,MOV,3,SUB,3,MOV,3,MOV,3,NOP,7,TEST,3,JZ,2,0,1,1,0,0,JE,0,0,1,0,0,0,NOP,0,0,4478982,4479056,4478987,0,0,0,0,cpp,1.6265318280805266e-06,1.0,1,0,1
0x4457ee,JNZ,6145345,5849084,-38,2,0x4457eb,CMP,1,NonLeaf,rsi(-1) rcx(ADD) ,rflags ,CMP,3,ADD,4,ADD,4,MOV,4,MOV,4,LEA,4,MOV,3,SUB,3,MOV,3,SHR,4,0,0,0,1,1,JE,0,0,1,1,0,0,LEA,1,0,4478947,4478920,4478960,0,0,0,0,cpp,2.9105709668035796e-05,0.951790989765424,1,1,1
0x4457cb,JZ,6145345,0,24,2,0x4457c8,TEST,1,NonLeaf,rdx(-1) rdx(-1) ,rflags ,TEST,3,NOP,7,MOV,3,MOV,3,JZ,6,MOV,3,MOV,3,MOV,4,MOV,4,MOV,4,1,1,1,0,0,JNE,0,0,1,0,0,0,MOV,0,0,4478920,4478947,4478925,1,0,0,1,cpp,2.9105709668035796e-05,0.0,0,0,0
0x4457b5,JZ,343424,47163,229,6,0x4457b2,CMP,1,NonLeaf,rsi(-1) rdi(-1) ,rflags ,CMP,3,MOV,4,MOV,4,MOV,4,MOV,4,MOV,3,MOV,3,NOP,7,TEST,3,JZ,2,0,1,0,0,0,JMP,0,0,1,0,0,0,NOP,0,0,4478898,4479130,4478907,0,0,0,0,cpp,1.6265318280805266e-06,0.1373316949310473,0,0,0
0x44579a,JZ,343424,0,24,2,0x445797,TEST,1,NonLeaf,rax(LEA) rax(LEA) ,rflags ,TEST,3,LEA,4,LEA,5,MOV,3,MOV,5,MOV,3,MOV,3,MOV,4,MOV,4,MOV,4,0,1,1,0,0,JE,0,0,1,0,0,0,MOV,0,0,4478862,4478898,4478876,0,0,0,1,cpp,1.6265318280805266e-06,0.0,0,0,0
0x44574d,JNZ,343424,296261,288,6,0x44574a,TEST,1,NonLeaf,rax(IMUL) rax(IMUL) ,rflags ,TEST,3,IMUL,4,SAR,4,SUB,3,MOV,10,MOV,3,MOV,5,SUB,3,SAR,4,IMUL,4,0,1,0,0,0,JBE,0,0,1,0,0,0,IMUL,0,0,4478767,4479085,4478803,0,0,0,0,cpp,1.6265318280805266e-06,0.8626683050689526,1,0,1
0x4bf797,JZ,18790,18790,113,2,0x4bf790,TEST,1,NonLeaf,r13b(-1) ,rflags ,MOV,3,TEST,4,MOV,11,MOV,10,MOV,11,FLD,2,FLD,2,FSTP,3,FSTP,6,CALL_NEAR,5,0,1,0,0,0,CALL,0,1,1,0,0,0,CALL,0,1,4978576,4978696,4978585,0,0,1,1,cpp,8.89935853336782e-08,1.0,1,0,1
0x445669,JZ,343424,343424,198,6,0x445665,CMP,1,NonLeaf,r9(MOV) rdi(-1) ,rflags ,CMP,4,MOV,4,SUB,4,MOV,3,PUSH,1,TEST,3,JZ,2,MOV,4,MOV,3,MOV,4,0,1,0,0,0,JNE,1,0,1,0,0,0,JE,0,0,4478544,4478767,4478575,1,0,0,0,cpp,1.6265318280805266e-06,1.0,1,0,1
0x4455c2,JZ,47163,0,7,2,0x4455bf,TEST,1,NonLeaf,rdi(-1) rdi(-1) ,rflags ,TEST,3,JNZ,2,MOV,3,MOV,4,CMP,3,CALL_NEAR,5,LEA,5,CALL_NEAR,5,ADD,4,POP,1,0,1,1,0,0,CALL,0,1,1,0,0,0,CALL,0,1,4478399,4478409,4478404,0,0,1,1,cpp,2.233743728095936e-07,0.0,0,0,0
0x4455bd,JNZ,4376367,4329204,-21,2,0x4455b3,CMP,1,NonLeaf,r8(-1) rax(ADD) ,rflags ,MOV,3,MOV,4,CMP,3,ADD,4,MOV,4,TEST,3,JZ,2,CALL_NEAR,5,LEA,5,CALL_NEAR,5,1,1,0,0,0,MOV,0,0,0,1,0,0,JE,1,0,4478379,4478376,4478399,0,0,0,0,cpp,2.072743959904168e-05,0.989223252985867,1,1,1
0x445594,JB,2176469,2129312,-68,2,0x445587,CMP,1,NonLeaf,rax(ADD) rdx(SUB) ,rflags ,MOV,5,MOV,5,CMP,3,MOV,3,MOV,4,MOV,7,MOV,3,XOR,2,JMP,2,NOP,4,1,1,1,1,1,JB,0,0,0,1,0,0,JMP,1,0,4478288,4478288,4478358,1,0,1,1,cpp,1.0308237343140244e-05,0.978333254459402,1,1,1
0x44552a,JZ,47163,0,223,6,0x445527,CMP,1,NonLeaf,r8(MOV) rdi(MOV) ,rflags ,CMP,3,MOV,5,MOV,5,CALL_NEAR,5,MOV,5,LEA,4,CMP,3,JNB,2,LEA,4,LEA,4,0,1,0,0,0,JMP,1,0,1,0,0,0,JAE,0,0,4478237,4478473,4478256,0,0,1,0,cpp,2.233743728095936e-07,0.0,0,0,0
0x4454f5,JZ,47163,0,257,6,0x4454f2,TEST,1,NonLeaf,rdx(MOV) rdx(MOV) ,rflags ,TEST,3,MOV,5,MOV,5,CALL_NEAR,5,MOV,5,MOV,5,MOV,3,MOV,3,MOV,3,CALL_NEAR,5,0,1,0,0,0,CALL,0,1,1,0,0,0,CALL,0,1,4478184,4478454,4478203,0,0,1,1,cpp,2.233743728095936e-07,0.0,0,0,0
0x4454c9,JNZ,343424,340767,-73,2,0x4454c6,TEST,1,NonLeaf,rbp(MOV) rbp(MOV) ,rflags ,TEST,3,CMOVL,4,MOV,5,CMP,3,MOV,4,NOP,5,MOV,5,MOV,3,MOV,3,MOV,3,0,0,0,0,0,MOV,0,0,1,0,0,0,NOP,1,0,4478134,4478080,4478155,0,0,0,0,cpp,1.6265318280805266e-06,0.9922632081625048,1,0,1
0x4454a7,JNZ,1368726,1308446,-95,2,0x44548f,CMP,1,NonLeaf,rsi(-1) rcx(-1) ,rflags ,MOV,5,MOV,8,MOV,8,CMP,3,JNZ,2,LEA,5,MOV,3,CALL_NEAR,5,MOV,4,CMP,3,0,0,0,0,0,JE,0,0,0,0,0,0,CALL,0,1,4478095,4478024,4478121,0,0,0,1,cpp,6.4825882958714216e-06,0.955959045126636,1,0,1
0x44548d,JNZ,4376367,3007641,-109,2,0x44548b,TEST,1,NonLeaf,ebx(MOV) ebx(MOV) ,rflags ,TEST,2,MOV,3,MOV,3,MOV,5,JZ,2,CMP,3,MOV,8,MOV,8,MOV,5,JNZ,2,1,1,0,0,0,JE,0,0,1,0,0,0,JNE,0,0,4478088,4477984,4478095,0,0,0,1,cpp,2.072743959904168e-05,0.6872460650580722,1,0,1
0x44547e,JZ,4032943,44506,82,2,0x44547b,TEST,1,NonLeaf,rbp(MOV) rbp(MOV) ,rflags ,TEST,3,MOV,5,CMOVL,4,LEA,4,CMP,3,MOV,5,MOV,3,MOV,3,TEST,2,JNZ,2,0,0,1,0,0,MOV,1,0,0,0,0,0,MOV,0,0,4478055,4478160,4478080,0,0,0,0,cpp,1.9100907770961157e-05,0.0110356134465575,0,0,0
0x44544b,JZ,4032943,0,28,2,0x445448,TEST,1,NonLeaf,rcx(-1) rcx(-1) ,rflags ,TEST,3,JZ,2,MOV,5,MOV,4,MOV,4,MOV,5,MOV,3,MOV,5,MOV,4,MOV,5,0,1,1,0,0,JE,0,0,1,0,0,0,MOV,0,0,4478024,4478055,4478029,0,0,1,1,cpp,1.9100907770961157e-05,0.0,0,0,0
0x445446,JZ,3007641,283144,99,2,0x445436,CMP,1,NonLeaf,rsi(-1) rcx(-1) ,rflags ,MOV,5,MOV,4,MOV,4,CMP,3,JZ,6,TEST,3,JZ,2,MOV,5,MOV,3,MOV,5,0,0,0,0,0,CALL,0,1,0,0,0,0,JE,0,0,4478006,4478121,4478024,0,0,1,0,cpp,1.424485130317026e-05,0.0941415547932748,0,0,0
0x445430,JZ,3007641,1490411,440,6,0x44542c,CMP,1,NonLeaf,r13d(-1) ,rflags ,CMP,4,IDIV,2,CDQ,1,IMUL,6,MOV,3,CMP,3,MOV,4,MOV,4,MOV,5,JZ,2,0,1,0,0,0,JMP,0,0,1,1,0,0,JE,0,0,4477984,4478440,4478006,0,0,0,1,cpp,1.424485130317026e-05,0.4955415224090907,0,0,0
0x445403,JZ,47163,0,527,6,0x445400,TEST,1,NonLeaf,rbp(MOV) rbp(MOV) ,rflags ,TEST,3,MOV,9,MOV,9,MOV,9,MOV,3,XOR,2,XOR,2,XOR,3,LEA,5,JMP,2,0,1,0,0,0,JMP,0,0,1,0,0,0,JMP,0,0,4477922,4478482,4477961,0,0,0,0,cpp,2.233743728095936e-07,0.0,0,0,0
0x44534e,JZ,157225,0,8,2,0x44534b,TEST,1,NonLeaf,rsi(-1) rsi(-1) ,rflags ,TEST,3,JZ,2,MOV,7,CMP,5,MOV,5,MOV,6,LEA,4,MOV,5,JMP,5,LEA,5,0,1,1,0,0,JMP,0,0,1,0,0,0,MOV,0,0,4477771,4477782,4477776,0,0,1,1,cpp,7.446522860078527e-07,0.0,0,0,0
0x445349,JZ,170411,13186,45,2,0x44533d,CMP,1,NonLeaf,rsi(MOV) rsp(-1) ,rflags ,MOV,7,CMP,5,MOV,5,JMP,5,CALL_NEAR,5,TEST,3,JZ,2,MOV,6,LEA,4,MOV,5,0,1,0,0,0,CALL,0,1,1,0,0,0,JE,0,0,4477752,4477814,4477771,1,0,1,0,cpp,8.071040910216835e-07,0.0773776340729178,0,0,0
0x445328,JZ,201906,31495,-460,6,0x445325,TEST,1,NonLeaf,rdi(-1) rdi(-1) ,rflags ,TEST,3,MOV,5,NOP,9,JMP,2,MOV,5,CALL_NEAR,5,JMP,5,MOV,5,CMP,5,MOV,7,0,0,1,0,0,CALL,0,1,1,0,0,0,CALL,0,1,4477733,4477276,4477742,0,0,1,1,cpp,9.56271359253945e-07,0.1559884302596257,0,0,0
0x4452fd,JZ,11009958,0,7,2,0x4452fa,TEST,1,NonLeaf,rsi(-1) rsi(-1) ,rflags ,TEST,3,JZ,2,CMP,5,MOV,5,JNZ,2,MOV,3,MOV,2,ADD,4,MOV,8,MOV,5,0,1,1,0,0,JMP,0,0,1,0,0,0,MOV,0,0,4477690,4477700,4477695,1,0,1,1,cpp,5.2145590036892646e-05,0.0,0,0,0
0x4452f8,JZ,12160493,1150535,108,2,0x4452f3,CMP,1,NonLeaf,rsi(MOV) rsp(-1) ,rflags ,CMP,5,MOV,5,JNZ,2,TEST,2,CALL_NEAR,5,TEST,3,JZ,2,MOV,3,MOV,2,ADD,4,0,1,0,0,0,CALL,0,1,1,0,0,0,JE,0,0,4477678,4477796,4477690,1,0,1,0,cpp,5.759477762081406e-05,0.0946125292782126,0,0,0
0x4452ec,JNZ,12533678,373185,-68,2,0x4452ea,TEST,1,NonLeaf,al(-1) al(-1) ,rflags ,TEST,2,CALL_NEAR,5,MOV,3,MOV,3,MOV,8,MOV,5,CMP,5,JZ,2,TEST,3,JZ,2,0,0,0,0,0,MOV,0,0,1,0,0,0,JE,0,0,4477674,4477608,4477678,0,0,0,0,cpp,5.936226411058248e-05,0.0297745801352164,0,0,0
0x4452d5,JZ,12742243,208565,-45,2,0x4452d3,TEST,1,NonLeaf,al(-1) al(-1) ,rflags ,TEST,2,CALL_NEAR,5,MOV,3,JZ,2,MOV,3,MOV,8,MOV,3,MOV,3,CALL_NEAR,5,TEST,2,0,1,0,0,0,MOV,0,0,1,0,0,0,CALL,0,1,4477651,4477608,4477655,0,0,0,1,cpp,6.035007396290386e-05,0.0163679973769139,0,0,0
0x4452c9,JZ,12746222,3979,-25,2,0x4452be,CMP,1,NonLeaf,esi(MOVZX) r12(-1) ,rflags ,MOV,3,CMP,8,MOVZX,3,JNL,2,CMP,2,MOV,3,CALL_NEAR,5,TEST,2,JZ,2,MOV,8,1,1,1,0,0,JGE,0,0,1,0,0,0,CALL,0,1,4477627,4477616,4477643,0,0,0,1,cpp,6.036891938472625e-05,0.0003121709319043,0,0,0
0x4452b9,JNL,12746222,170411,127,2,0x4452b7,CMP,1,NonLeaf,ebp(ADD) eax(-1) ,rflags ,CMP,2,ADD,4,ADD,3,MOV,8,NOP,3,MOVZX,3,CMP,8,MOV,3,JZ,2,MOV,3,0,0,1,0,0,JE,1,0,0,0,1,1,JE,0,0,4477616,4477752,4477627,0,0,1,1,cpp,6.036891938472625e-05,0.0133695302027534,0,0,0
0x44529e,JNLE,170411,170411,29,2,0x44529c,TEST,1,NonLeaf,eax(MOV) eax(MOV) ,rflags ,TEST,2,MOV,3,XOR,2,MOV,8,JMP,5,JMP,5,NOP,3,MOV,8,ADD,3,ADD,4,0,1,0,1,0,JE,0,0,1,0,0,0,JMP,0,0,4477583,4477627,4477600,0,0,1,0,cpp,8.071040910216835e-07,1.0,1,0,1
0x44527d,JNZ,12160493,11894072,-181,6,0x44527a,CMP,1,NonLeaf,eax(-1) ,rflags ,CMP,3,CALL_NEAR,5,SETZ,4,TEST,2,MOV,3,MOV,7,JMP,5,MOV,8,XOR,2,MOV,3,0,0,1,0,0,JE,0,0,1,0,0,0,JMP,0,0,4477562,4477384,4477571,0,0,1,1,cpp,5.759477762081406e-05,0.9780912665300658,1,0,1
0x445256,JNLE,12160493,10973146,9,2,0x445253,CMP,1,NonLeaf,eax(-1) ,rflags ,CMP,3,CALL_NEAR,5,MOV,3,MOV,8,JZ,2,MOV,7,MOV,8,MOV,3,XOR,2,MOV,3,0,1,1,0,0,CALL,0,1,1,0,0,0,MOV,0,0,4477523,4477535,4477528,0,0,1,1,cpp,5.759477762081406e-05,0.9023602908204462,1,0,1
0x445241,JZ,12330904,170411,-121,2,0x44523e,CMP,1,NonLeaf,edx(MOV) ,rflags ,CMP,3,MOV,3,MOV,7,MOV,7,CALL_NEAR,5,MOV,8,MOV,3,CALL_NEAR,5,CMP,3,JNLE,2,0,1,1,0,0,JE,0,0,1,0,0,0,CALL,0,1,4477485,4477384,4477507,0,0,1,1,cpp,5.8401881711835744e-05,0.0138198302411566,0,0,0
0x4451e1,JZ,12330904,170411,319,6,0x4451d0,CMP,1,NonLeaf,rbp(ADD) rsp(-1) ,rflags ,MOV,4,MOV,4,MOV,4,CMP,5,ADD,4,MOV,3,CALL_NEAR,5,MOV,5,MOV,4,CALL_NEAR,5,0,1,1,0,0,MOV,1,0,0,0,1,1,CALL,0,1,4477384,4477728,4477415,0,1,0,1,cpp,5.8401881711835744e-05,0.0138198302411566,0,0,0
0x4451bc,JNZ,201906,170411,43,2,0x4451b9,CMP,1,NonLeaf,rbp(MOV) rdi(MOV) ,rflags ,CMP,3,XOR,3,MOV,5,MOV,5,JLE,6,JMP,5,NOP,5,ADD,4,ADD,4,CMP,5,0,1,0,1,0,CALL,0,1,1,0,0,0,JMP,0,0,4477361,4477415,4477374,0,0,1,0,cpp,9.56271359253945e-07,0.8440115697403743,1,0,1
0x4451a6,JLE,201906,170411,233,6,0x4451a3,CMP,1,NonLeaf,eax(-1) ,rflags ,CMP,3,CALL_NEAR,5,MOV,9,MOV,9,MOV,9,MOV,5,MOV,5,XOR,3,CMP,3,JNZ,2,0,1,0,0,0,JG,0,0,1,0,0,0,MOV,0,0,4477347,4477583,4477356,0,0,0,0,cpp,9.56271359253945e-07,0.8440115697403743,1,0,1
0x44515a,JZ,201906,201906,38,2,0x445155,CMP,1,NonLeaf,r13(-1) ,rflags ,CMP,5,CALL_NEAR,5,LEA,5,SUB,4,PUSH,1,LEA,5,CALL_NEAR,5,ADD,4,MOV,3,POP,1,0,1,0,0,0,CALL,0,1,1,1,0,0,CALL,0,1,4477269,4477312,4477276,0,0,1,1,cpp,9.56271359253945e-07,1.0,1,0,1
0x44511f,JZ,527070351,433769209,-31,2,0x44511d,TEST,1,NonLeaf,al(-1) al(-1) ,rflags ,TEST,2,CALL_NEAR,5,MOV,3,MOV,5,MOV,3,JMP,2,INVALID,0,INVALID,0,INVALID,0,INVALID,0,0,1,1,0,0,JE,0,0,1,0,0,0,JMP,0,0,4477213,4477184,4477217,0,0,0,0,cpp,0.0024963214613395,0.822981615598408,1,0,1
0x445107,JZ,527070351,8568059,-183,6,0x445104,TEST,1,NonLeaf,rbx(MOV) rbx(MOV) ,rflags ,TEST,3,MOV,4,NOP,8,CALL_NEAR,5,MOV,3,MOV,3,MOV,5,MOV,3,CALL_NEAR,5,TEST,2,0,0,1,0,0,RET,1,0,0,0,1,1,CALL,0,1,4477184,4477008,4477197,0,0,0,1,cpp,0.0024963214613395,0.0162560064016957,0,0,0
0x4450d8,JZ,528196941,432898903,-24,2,0x4450d6,TEST,1,NonLeaf,al(-1) al(-1) ,rflags ,TEST,2,CALL_NEAR,5,MOV,3,XOR,2,MOV,3,JMP,2,LEA,4,MOV,3,CALL_NEAR,5,ADD,4,0,1,1,0,0,JE,0,0,1,0,0,0,JMP,0,0,4477142,4477120,4477146,0,0,0,0,cpp,0.0025016572401208,0.8195785878282851,1,0,1
0x4450c7,JZ,528196941,8598267,-119,2,0x4450c4,TEST,1,NonLeaf,rbx(MOV) rbx(MOV) ,rflags ,TEST,3,MOV,4,CALL_NEAR,5,MOV,3,ADD,4,MOV,3,XOR,2,MOV,3,CALL_NEAR,5,TEST,2,0,0,1,0,0,RET,1,0,0,0,1,1,CALL,0,1,4477120,4477008,4477129,0,0,0,1,cpp,0.0025016572401208,0.0162785247936526,0,0,0
0x445088,JZ,461628255,387807880,-24,2,0x445086,TEST,1,NonLeaf,al(-1) al(-1) ,rflags ,TEST,2,CALL_NEAR,5,MOV,3,XOR,2,MOV,3,LEA,4,MOV,3,CALL_NEAR,5,ADD,4,ADD,4,0,1,1,0,0,JE,0,0,1,0,0,0,CALL,0,1,4477062,4477040,4477066,0,0,0,1,cpp,0.0021863732572527,0.8400869656472826,1,0,1
0x445077,JZ,461628255,7589650,-39,2,0x445074,TEST,1,NonLeaf,rbx(MOV) rbx(MOV) ,rflags ,TEST,3,MOV,4,NOP,5,JMP,2,JNBE,2,MOV,3,XOR,2,MOV,3,CALL_NEAR,5,TEST,2,0,0,1,0,0,RET,1,0,0,0,1,1,CALL,0,1,4477040,4477008,4477049,0,0,0,1,cpp,0.0021863732572527,0.0164410430206443,0,0,0
0x445067,JNBE,16187917,7589650,18,2,0x445060,UCOMISS,1,NonLeaf,xmm0(-1) rip(JNBE) ,rflags ,UCOMISS,7,NOP,7,RET_NEAR,1,POP,2,POP,1,JMP,2,NOP,5,MOV,4,TEST,3,JZ,2,0,1,0,1,0,CALL,0,1,1,0,0,0,JMP,0,0,4477024,4477049,4477033,0,0,1,0,cpp,7.666954619020754e-05,0.4688466094803921,0,0,0
0x445044,JNZ,75528872,74060673,-51,2,0x445041,TEST,1,NonLeaf,rbx(MOV) rbx(MOV) ,rflags ,TEST,3,MOV,4,CALL_NEAR,5,MOV,3,ADD,4,NOP,10,ADD,4,POP,1,POP,1,POP,2,0,0,0,1,1,CALL,0,1,1,0,0,0,NOP,1,0,4476989,4476945,4476998,0,0,1,0,cpp,0.0003577214005049,0.9805610892745756,1,0,1
0x445023,JZ,463069393,387540521,-27,2,0x445021,TEST,1,NonLeaf,al(-1) al(-1) ,rflags ,TEST,2,CALL_NEAR,5,MOV,3,MOV,5,MOV,3,LEA,4,MOV,3,CALL_NEAR,5,ADD,4,MOV,3,0,1,0,0,0,JE,0,0,1,0,0,0,CALL,0,1,4476961,4476936,4476965,0,0,0,1,cpp,0.0021931988047557,0.8368951324753178,1,0,1
0x44500f,JZ,387540521,6183067,65,2,0x44500c,TEST,1,NonLeaf,rbx(MOV) rbx(MOV) ,rflags ,TEST,3,MOV,4,NOP,3,JMP,5,NOP,2,MOV,3,MOV,5,MOV,3,CALL_NEAR,5,TEST,2,0,0,1,0,0,RET,1,0,0,0,1,1,CALL,0,1,4476936,4477008,4476945,0,0,0,1,cpp,0.0018354774042507,0.0159546335543064,0,0,0
0x444ffc,JBE,16219325,7651266,21,2,0x444ff9,UCOMISS,1,NonLeaf,xmm1(XORPS) xmm0(-1) ,rflags ,UCOMISS,3,XORPS,3,JZ,2,TEST,3,JZ,2,NOP,2,JMP,5,NOP,3,MOV,4,TEST,3,0,1,0,1,0,CALL,0,1,1,0,0,0,JMP,0,0,4476918,4476945,4476926,0,0,1,0,cpp,7.68183014072464e-05,0.4717376339644221,0,0,0
0x444ff4,JZ,32407242,16187917,108,2,0x444ff1,TEST,1,NonLeaf,r12d(-1) r12d(-1) ,rflags ,TEST,3,JZ,2,TEST,3,MOV,3,CALL_NEAR,5,XORPS,3,UCOMISS,3,JBE,2,NOP,2,JMP,5,0,1,0,0,0,JA,0,0,1,0,0,0,JBE,0,0,4476913,4477024,4476918,0,0,0,0,cpp,0.0001534878475974,0.4995154169552596,0,0,0
0x444fef,JZ,32407242,0,97,2,0x444fec,TEST,1,NonLeaf,rbx(MOV) rbx(MOV) ,rflags ,TEST,3,MOV,3,CALL_NEAR,5,SUB,4,MOV,3,TEST,3,JZ,2,XORPS,3,UCOMISS,3,JBE,2,0,1,1,0,0,RET,0,0,1,0,0,0,JE,0,0,4476905,4477008,4476913,0,0,0,0,cpp,0.0001534878475974,0.0,0,0,0
0x444ecd,JNZ,6,6,-13,2,0x444eca,TEST,1,Leaf,rax(MOV) rax(MOV) ,rflags ,TEST,3,MOV,4,JNZ,2,CMP,4,JMP,2,RET_NEAR,2,XOR,2,NOP,5,RET_NEAR,2,NOP,6,1,1,0,0,0,JNE,0,0,1,0,0,0,REPZ RET,1,0,4476614,4476608,4476623,0,0,0,0,cpp,2.8417323682920123e-11,1.0,1,0,1
0x444ec4,JNZ,6,6,20,2,0x444ec0,CMP,1,Leaf,rax(-1) ,rflags ,CMP,4,JMP,2,JZ,2,CMP,4,JZ,2,MOV,4,TEST,3,JNZ,2,RET_NEAR,2,XOR,2,0,0,0,0,0,REPZ RET,1,0,0,0,1,1,JNE,0,0,4476608,4476632,4476614,0,1,0,0,cpp,2.8417323682920123e-11,1.0,1,0,1
0x444ebc,JZ,6,6,10,2,0x444eb8,CMP,1,Leaf,rax(-1) ,rflags ,CMP,4,JZ,2,TEST,3,MOV,3,INVALID,0,JMP,2,CMP,4,JNZ,2,MOV,4,TEST,3,0,1,0,1,0,JNE,0,0,1,0,0,0,JMP,0,0,4476600,4476614,4476606,1,0,0,0,cpp,2.8417323682920123e-11,1.0,1,0,1
0x444eb6,JZ,6,0,27,2,0x444eb3,TEST,1,Leaf,rax(MOV) rax(MOV) ,rflags ,TEST,3,MOV,3,INVALID,0,INVALID,0,INVALID,0,CMP,4,JZ,2,JMP,2,CMP,4,JNZ,2,0,1,0,0,0,NOP,0,0,1,0,0,0,JE,0,0,4476592,4476625,4476600,0,0,0,0,cpp,2.8417323682920123e-11,0.0,0,0,0
0x444e8d,JNZ,8,8,-13,2,0x444e8a,TEST,1,Leaf,rax(MOV) rax(MOV) ,rflags ,TEST,3,MOV,4,JZ,2,CMP,4,JMP,2,RET_NEAR,2,XOR,2,NOP,5,RET_NEAR,2,NOP,6,1,1,0,0,0,JE,0,0,1,0,0,0,REPZ RET,1,0,4476550,4476544,4476559,0,0,0,0,cpp,3.788976491056016e-11,1.0,1,0,1
0x444e84,JZ,8,2,20,2,0x444e80,CMP,1,Leaf,rax(-1) ,rflags ,CMP,4,JMP,2,JNZ,2,CMP,4,JZ,2,MOV,4,TEST,3,JNZ,2,RET_NEAR,2,XOR,2,0,0,0,0,0,REPZ RET,1,0,0,0,1,1,JNE,0,0,4476544,4476568,4476550,0,1,0,0,cpp,3.788976491056016e-11,0.25,0,0,0
0x444e7c,JNZ,2,2,10,2,0x444e78,CMP,1,Leaf,rax(-1) ,rflags ,CMP,4,JZ,2,TEST,3,MOV,3,INVALID,0,JMP,2,CMP,4,JZ,2,MOV,4,TEST,3,0,1,0,1,0,JNE,0,0,1,0,0,0,JMP,0,0,4476536,4476550,4476542,1,0,0,0,cpp,9.47244122764004e-12,1.0,1,0,1
0x444e76,JZ,2,0,27,2,0x444e73,TEST,1,Leaf,rax(MOV) rax(MOV) ,rflags ,TEST,3,MOV,3,INVALID,0,INVALID,0,INVALID,0,CMP,4,JNZ,2,JMP,2,CMP,4,JZ,2,0,1,0,0,0,NOP,0,0,1,0,0,0,JNE,0,0,4476528,4476561,4476536,0,0,0,0,cpp,9.47244122764004e-12,0.0,0,0,0
0x444e37,JNZ,1979964940,1947557698,-159,6,0x444e34,TEST,1,Leaf,rcx(MOV) rcx(MOV) ,rflags ,TEST,3,MOV,4,NOP,6,MOV,3,MOV,3,POP,1,POP,1,POP,2,POP,2,MOV,3,1,1,0,0,0,JE,0,0,1,1,0,0,RET,1,0,4476464,4476312,4476477,0,0,0,0,cpp,0.0093775507634689,0.9836324162386432,1,0,1
0x444e22,JLE,1979944395,1882516679,14,2,0x444e1f,CMP,1,Leaf,edx(SUB) r10d(-1) ,rflags ,CMP,3,SUB,2,SAR,3,IMUL,2,SAR,3,MOV,3,MOV,3,NOP,6,MOV,4,TEST,3,0,1,1,1,0,JNE,0,0,1,0,0,0,NOP,0,0,4476447,4476464,4476452,0,0,0,0,cpp,0.0093774534578164,0.9507927009233004,1,1,1
0x444dbb,JZ,1979944395,348959203,30,2,0x444db9,TEST,1,Leaf,edi(MOV) edi(MOV) ,rflags ,TEST,2,MOV,6,MOV,3,JLE,2,TEST,3,MOV,3,IMUL,6,CDQ,1,IDIV,2,MOV,3,0,1,1,0,0,SUB,0,0,1,0,0,0,CMOVE,0,0,4476336,4476377,4476349,1,0,0,0,cpp,0.0093774534578164,0.1762469713196162,0,0,0
0x444dae,JLE,1979944395,0,113,2,0x444dab,TEST,1,Leaf,r8d(MOV) r8d(MOV) ,rflags ,TEST,3,MOV,5,MOV,4,JZ,6,CMP,4,MOV,3,MOV,6,TEST,2,JZ,2,MOV,3,1,1,1,0,0,JLE,0,0,1,0,0,0,JE,0,0,4476322,4476447,4476336,0,0,0,0,cpp,0.0093774534578164,0.0,0,0,0
0x444d9c,JZ,1947557698,20545,148,6,0x444d98,CMP,1,Leaf,rcx(-1) ,rflags ,CMP,4,NOP,7,JMP,2,MOV,5,MOV,5,MOV,4,MOV,5,TEST,3,JLE,2,MOV,3,0,0,1,1,1,JNE,0,0,0,0,1,1,JLE,1,0,4476312,4476464,4476322,1,0,0,0,cpp,0.0092240629158714,1.0549109801007806e-05,0,0,0
0x444d54,JNZ,32407242,32407242,28,2,0x444d50,CMP,1,Leaf,rcx(-1) ,rflags ,CMP,4,JZ,2,TEST,3,MOV,3,PUSH,1,MOV,4,TEST,3,JNZ,2,POP,1,POP,1,1,1,0,0,0,JMP,1,0,1,0,0,0,JNE,0,0,4476240,4476272,4476246,0,1,0,0,cpp,0.0001534878475974,1.0,1,0,1
0x444d4e,JZ,32407242,0,17,2,0x444d4b,TEST,1,Leaf,rcx(MOV) rcx(MOV) ,rflags ,TEST,3,MOV,3,PUSH,1,PUSH,1,PUSH,2,CMP,4,JNZ,2,MOV,4,TEST,3,JNZ,2,0,1,0,0,0,RET,0,0,1,0,1,0,JNE,0,0,4476224,4476255,4476240,0,0,0,0,cpp,0.0001534878475974,0.0,0,0,0
0x444ce0,JZ,14918,7444,8,2,0x444cdd,CMP,1,Leaf,esi(-1) ,rflags ,CMP,3,IDIV,3,CDQ,1,IMUL,6,MOV,3,RET_NEAR,2,NOP,4,MOV,5,SUB,2,MOV,2,0,1,0,0,0,RET,0,0,1,0,0,0,REPZ RET,0,0,4476112,4476136,4476130,0,0,0,0,cpp,7.065493911696708e-08,0.4989945032846226,0,0,0
0x444c33,JBE,19262151,9063996,-25,2,0x444c30,UCOMISS,1,NonLeaf,xmm1(-1) xmm0(-1) ,rflags ,UCOMISS,3,NOP,5,RET_NEAR,1,POP,2,POP,1,JMP,2,MOV,3,MOV,3,CALL_NEAR,5,MOV,3,0,0,1,0,0,CALL,0,1,1,0,0,0,JMP,0,0,4475952,4475930,4475957,0,0,1,0,cpp,9.122979663271391e-05,0.4705599078732173,0,0,0
0x444c14,JBE,19210629,10233154,6,2,0x444c11,UCOMISS,1,NonLeaf,xmm0(-1) xmm1(-1) ,rflags ,UCOMISS,3,JNZ,2,TEST,2,JZ,2,CMP,3,ADD,4,MOV,3,CALL_NEAR,5,ADD,4,POP,1,0,0,1,0,0,CALL,0,1,0,0,0,0,ADD,0,0,4475921,4475930,4475926,0,0,1,1,cpp,9.098577707424868e-05,0.5326818814730117,1,0,1
0x444c0f,JNZ,19210629,0,11,2,0x444c0d,TEST,1,NonLeaf,ebp(-1) ebp(-1) ,rflags ,TEST,2,JZ,2,CMP,3,ADD,4,JBE,2,UCOMISS,3,JBE,2,ADD,4,MOV,3,CALL_NEAR,5,0,0,1,0,0,CALL,0,1,1,0,0,0,JBE,0,0,4475917,4475930,4475921,0,0,1,0,cpp,9.098577707424868e-05,0.0,0,0,0
0x444c0b,JZ,38472780,19262151,37,2,0x444c08,CMP,1,NonLeaf,ebp(-1) ,rflags ,CMP,3,ADD,4,JBE,2,UCOMISS,3,XORPS,3,TEST,2,JNZ,2,UCOMISS,3,JBE,2,ADD,4,0,1,0,0,0,JBE,0,0,1,0,0,0,JNE,0,0,4475912,4475952,4475917,0,0,0,0,cpp,0.0001822155737069,0.5006695902921494,1,0,1
0x444c02,JBE,38472780,20452563,6,2,0x444bff,UCOMISS,1,NonLeaf,xmm0(-1) xmm1(XORPS) ,rflags ,UCOMISS,3,XORPS,3,CALL_NEAR,5,MOV,3,ADD,4,ADD,4,CMP,3,JZ,2,TEST,2,JNZ,2,0,1,1,0,0,JE,0,0,1,0,0,0,ADD,0,0,4475900,4475912,4475908,0,0,0,1,cpp,0.0001822155737069,0.5316112586613184,1,0,1
0x444a15,JNBE,132987,0,342,6,0x444a12,CMP,1,NonLeaf,r14(-1) rax(MOV) ,rflags ,CMP,3,MOV,10,NOP,4,JMP,5,LEA,8,SHL,4,MOV,3,CALL_NEAR,5,MOV,7,MOV,7,0,1,0,0,0,CALL,1,1,1,0,0,0,CALL,0,1,4475400,4475755,4475419,0,1,1,1,cpp,6.29855770770083e-07,0.0,0,0,0
0x4449cd,JNBE,132987,0,442,6,0x4449ca,CMP,1,NonLeaf,r14(-1) rax(MOV) ,rflags ,CMP,3,MOV,10,NOP,4,JMP,2,MOV,4,SHL,4,MOV,3,CALL_NEAR,5,MOV,7,MOV,7,0,1,0,0,0,CALL,1,1,1,0,0,0,CALL,0,1,4475328,4475783,4475347,0,1,1,1,cpp,6.29855770770083e-07,0.0,0,0,0
0x4449af,JZ,132987,132987,7,2,0x4449ac,TEST,1,NonLeaf,rdi(MOV) rdi(MOV) ,rflags ,TEST,3,MOV,8,CALL_NEAR,5,JZ,2,TEST,3,CALL_NEAR,5,MOV,4,JMP,2,NOP,4,MOV,10,0,0,1,0,0,JMP,0,0,1,0,0,0,CALL,0,1,4475300,4475318,4475313,0,0,0,1,cpp,6.29855770770083e-07,1.0,1,0,1
0x44499d,JZ,132987,0,7,2,0x44499a,TEST,1,NonLeaf,rdi(MOV) rdi(MOV) ,rflags ,TEST,3,MOV,8,CALL_NEAR,5,JZ,2,TEST,3,CALL_NEAR,5,MOV,8,TEST,3,JZ,2,CALL_NEAR,5,0,1,1,0,0,JE,0,0,1,0,0,0,CALL,0,1,4475282,4475300,4475295,0,0,0,1,cpp,6.29855770770083e-07,0.0,0,0,0
0x44498b,JZ,132987,0,7,2,0x444988,TEST,1,NonLeaf,rdi(MOV) rdi(MOV) ,rflags ,TEST,3,MOV,8,NOP,9,RET_NEAR,1,POP,2,CALL_NEAR,5,MOV,8,TEST,3,JZ,2,CALL_NEAR,5,0,1,1,0,0,JE,0,0,1,0,0,0,CALL,0,1,4475264,4475282,4475277,0,0,0,1,cpp,6.29855770770083e-07,0.0,0,0,0
0x44495f,JNZ,133957,132987,-1495,6,0x44495c,TEST,1,NonLeaf,rbp(-1) rbp(-1) ,rflags ,TEST,3,MOV,3,CALL_NEAR,5,JZ,2,TEST,3,ADD,7,POP,1,POP,1,POP,2,POP,2,0,0,0,1,1,JE,0,0,0,0,0,0,RET,1,0,4475228,4473736,4475237,0,0,0,0,cpp,6.344499047654884e-07,0.99275887038378,1,1,1
0x4448c7,JZ,132987,132987,185,6,0x4448c5,TEST,1,NonLeaf,al(-1) al(-1) ,rflags ,TEST,2,CALL_NEAR,5,MOV,3,CALL_NEAR,5,MOV,8,LEA,4,LEA,5,MOV,4,CALL_NEAR,5,MOV,3,0,1,0,0,0,JE,0,0,1,0,0,0,CALL,0,1,4475077,4475264,4475085,0,0,0,1,cpp,6.29855770770083e-07,1.0,1,0,1
0x44488d,JZ,132987,0,26,2,0x444872,TEST,1,NonLeaf,rdi(XOR) rdi(XOR) ,rflags ,MOV,8,MOV,8,MOV,8,TEST,3,ADD,3,MOV,3,MOV,3,MOV,5,CALL_NEAR,5,MOV,5,0,1,1,0,0,CALL,0,1,1,0,0,0,CALL,0,1,4474991,4475047,4475023,0,0,1,1,cpp,6.29855770770083e-07,0.0,0,0,0
0x44485f,JNZ,132987,132987,353,6,0x44485c,TEST,1,NonLeaf,r14(SAR) r14(SAR) ,rflags ,TEST,3,SAR,4,SUB,3,MOV,12,MOV,12,XOR,2,XOR,3,XOR,3,XOR,2,ADD,3,0,1,0,0,0,JA,0,0,1,0,0,0,XOR,0,0,4474904,4475328,4474981,0,0,0,0,cpp,6.29855770770083e-07,1.0,1,0,1
0x4447fe,JZ,132987,0,26,2,0x4447e3,TEST,1,NonLeaf,rdi(-1) rdi(-1) ,rflags ,MOV,8,MOV,8,MOV,8,TEST,3,ADD,3,MOV,3,MOV,3,MOV,5,CALL_NEAR,5,MOV,5,0,1,1,0,0,JNE,0,0,1,0,0,0,CALL,0,1,4474848,4474904,4474880,0,0,1,1,cpp,6.29855770770083e-07,0.0,0,0,0
0x4447d0,JNZ,132987,132987,568,6,0x4447cd,TEST,1,NonLeaf,r14(SAR) r14(SAR) ,rflags ,TEST,3,SAR,4,SUB,3,MOV,12,MOV,12,XOR,2,XOR,3,XOR,3,XOR,2,ADD,3,0,1,0,0,0,JA,0,0,1,0,0,0,XOR,0,0,4474772,4475400,4474838,0,0,0,0,cpp,6.29855770770083e-07,1.0,1,0,1
0x44478e,JZ,132987,0,6,2,0x444789,TEST,0,NonLeaf,al(-1) ,rflags ,MOVSQ,3,TEST,2,SHR,3,MOV,2,MOV,5,MOV,2,MOV,2,MOV,7,MOV,7,MOV,12,0,1,1,0,0,JNE,0,0,1,0,0,0,MOV,0,0,4474766,4474772,4474768,0,0,1,1,cpp,6.29855770770083e-07,0.0,0,0,0
0x44460a,JZ,132987,132987,16,2,0x4445ef,TEST,1,NonLeaf,r8(XOR) r8(XOR) ,rflags ,MOV,8,MOV,8,MOV,8,TEST,3,ADD,3,MOV,3,MOV,3,CALL_NEAR,5,MOV,3,MOV,6,0,1,1,0,0,TEST,0,0,1,0,0,0,CALL,0,1,4474348,4474394,4474380,0,0,1,1,cpp,6.29855770770083e-07,1.0,1,0,1
0x4445dc,JNZ,132987,0,1140,6,0x4445d9,TEST,1,NonLeaf,rax(SAR) rax(SAR) ,rflags ,TEST,3,SAR,4,SUB,3,MOV,7,MOV,8,XOR,3,XOR,3,XOR,2,XOR,2,ADD,3,0,1,0,0,0,JA,0,0,1,0,0,0,XOR,0,0,4474152,4475472,4474338,0,0,0,0,cpp,6.29855770770083e-07,0.0,0,0,0
0x44451e,JZ,132987,0,10,2,0x44451c,TEST,1,NonLeaf,al(-1) ,rflags ,TEST,2,MOV,5,MOV,2,MOV,2,JZ,2,MOVZX,4,MOV,4,MOV,7,MOV,7,MOV,7,0,1,1,0,0,JNE,0,0,1,0,0,0,MOV,0,0,4474140,4474152,4474144,0,0,1,1,cpp,6.29855770770083e-07,0.0,0,0,0
0x444511,JZ,132987,0,11,2,0x44450c,TEST,0,NonLeaf,al(-1) ,rflags ,MOVSQ,3,TEST,2,SHR,3,MOV,2,MOV,5,MOV,2,MOV,2,MOV,5,TEST,2,JZ,2,0,1,1,0,0,JE,0,0,1,0,0,0,MOV,0,0,4474129,4474140,4474131,0,0,0,1,cpp,6.29855770770083e-07,0.0,0,0,0
0x4444c3,JZ,132987,132987,6,2,0x4444be,TEST,0,NonLeaf,al(-1) ,rflags ,MOVSQ,3,TEST,2,SHR,3,MOV,2,MOV,5,MOV,2,MOV,2,LEA,8,LEA,7,MOV,5,0,1,1,0,0,MOV,0,0,1,0,0,0,MOV,0,0,4474051,4474057,4474053,0,0,0,1,cpp,6.29855770770083e-07,1.0,1,0,1
0x444477,JZ,132987,132987,6,2,0x444472,TEST,0,NonLeaf,al(-1) ,rflags ,MOVSQ,3,TEST,2,SHR,3,MOV,2,JNZ,6,MOV,2,MOV,2,LEA,8,LEA,7,MOV,5,0,1,1,0,0,MOV,0,0,1,0,0,0,MOV,0,0,4473975,4473981,4473977,0,0,0,1,cpp,6.29855770770083e-07,1.0,1,0,1
0x444467,JNZ,132987,132987,1601,6,0x444425,CMP,0,NonLeaf,rsp(-1) ,rflags ,MOV,5,LEA,8,MOV,2,LEA,7,MOV,2,MOV,2,SHR,3,TEST,2,MOVSQ,3,JZ,2,0,1,0,0,0,JMP,0,0,1,1,0,0,TEST,0,0,4473902,4475560,4473965,0,0,1,0,cpp,6.29855770770083e-07,1.0,1,0,1
0x444402,JZ,132987,132987,9,2,0x444400,TEST,1,NonLeaf,al(-1) ,rflags ,TEST,2,ADD,4,MOV,4,MOVZX,4,JZ,2,MOVZX,4,MOV,3,MOV,6,LEA,8,LEA,7,0,1,1,0,0,CMP,0,0,1,0,0,0,MOV,0,0,4473856,4473867,4473860,0,0,0,1,cpp,6.29855770770083e-07,1.0,1,0,1
0x4443f2,JZ,132987,132987,14,2,0x4443f0,TEST,1,NonLeaf,al(-1) ,rflags ,TEST,2,MOV,5,MOV,2,MOV,2,JZ,2,MOVZX,4,MOV,4,ADD,4,TEST,2,JZ,2,0,1,1,0,0,JE,0,0,1,0,0,0,ADD,0,0,4473840,4473856,4473844,0,0,0,1,cpp,6.29855770770083e-07,1.0,1,0,1
0x4443e5,JZ,132987,0,11,2,0x4443e0,TEST,0,NonLeaf,al(-1) ,rflags ,MOVSQ,3,TEST,2,SHR,3,XOR,2,MOV,2,MOV,2,MOV,2,MOV,5,TEST,2,JZ,2,0,1,1,0,0,JE,0,0,1,0,0,0,MOV,0,0,4473829,4473840,4473831,0,0,0,1,cpp,6.29855770770083e-07,0.0,0,0,0
0x4443d3,JNZ,132987,132987,1789,6,0x4443cf,TEST,1,NonLeaf,dil(-1) ,rflags ,TEST,4,JNZ,6,MOV,5,LEA,8,MOV,3,MOV,2,XOR,2,SHR,3,TEST,2,MOVSQ,3,0,1,0,0,0,JMP,0,0,1,1,0,0,TEST,0,0,4473807,4475600,4473817,1,0,1,0,cpp,6.29855770770083e-07,1.0,1,0,1
0x4443c9,JNZ,132987,132987,1823,6,0x4443a3,CMP,0,NonLeaf,rsp(-1) ,rflags ,MOV,5,LEA,8,MOV,3,LEA,7,MOVZX,3,TEST,4,JNZ,6,MOV,2,XOR,2,SHR,3,0,1,0,0,0,JMP,0,0,1,1,0,0,JNE,0,0,4473775,4475624,4473807,0,0,1,0,cpp,6.29855770770083e-07,1.0,1,0,1
0x444390,JZ,133957,970,1574,6,0x44438c,CMP,1,NonLeaf,r13d(MOV) ,rflags ,CMP,4,MOV,4,NOP,5,MOV,5,AND,3,LEA,5,MOV,5,MOV,3,CMP,6,MOV,3,1,1,0,0,0,JMP,0,0,1,0,0,0,MOV,0,0,4473736,4475318,4473750,0,0,0,0,cpp,6.344499047654884e-07,0.0072411296162201,0,0,0
0x44435a,JZ,970,0,1547,6,0x444357,TEST,1,NonLeaf,rbp(MOV) rbp(MOV) ,rflags ,TEST,3,MOV,3,SUB,7,PUSH,1,PUSH,1,LEA,8,MOV,3,AND,3,MOV,5,LEA,8,0,1,0,0,0,RET,1,0,1,0,0,0,NOP,0,0,4473664,4475237,4473696,0,0,0,1,cpp,4.5941339954054205e-09,0.0,0,0,0
0x4442ca,JZ,311761,9240,19,2,0x4442c7,TEST,1,Recursive,rax(MOV) rax(MOV) ,rflags ,TEST,3,MOV,5,CALL_NEAR,5,MOV,4,CALL_NEAR,5,MOV,4,JMP,5,MOV,3,JMP,5,LEA,5,0,0,1,0,0,CALL,1,1,1,0,0,0,JMP,0,0,4473538,4473565,4473548,0,0,1,1,cpp,1.4765688747851434e-06,0.0296380881508591,0,0,0
0x44429b,JZ,4337274,31317,20,2,0x444298,TEST,1,Recursive,rax(MOV) rax(MOV) ,rflags ,TEST,3,MOV,5,CALL_NEAR,5,MOV,5,CALL_NEAR,5,MOV,5,JMP,5,MOV,3,JMP,5,LEA,5,0,0,1,0,0,CALL,1,1,1,0,0,0,JMP,0,0,4473491,4473519,4473501,0,0,1,1,cpp,2.054228652658561e-05,0.0072204338485417,0,0,0
0x444268,JZ,3749763,32345,20,2,0x444265,TEST,1,Recursive,rax(MOV) rax(MOV) ,rflags ,TEST,3,MOV,5,CALL_NEAR,5,MOV,5,CALL_NEAR,5,MOV,5,JMP,5,MOV,3,JMP,5,LEA,8,0,0,1,0,0,CALL,1,1,1,0,0,0,JMP,0,0,4473440,4473468,4473450,0,0,1,1,cpp,1.7759704817539602e-05,0.0086258784888538,0,0,0
0x444235,JZ,1518808,23037,20,2,0x444232,TEST,1,Recursive,rax(MOV) rax(MOV) ,rflags ,TEST,3,MOV,5,CALL_NEAR,5,MOV,5,CALL_NEAR,5,MOV,5,JMP,5,MOV,3,JMP,5,LEA,8,0,0,1,0,0,CALL,1,1,1,0,0,0,JMP,0,0,4473389,4473417,4473399,0,0,1,1,cpp,7.193409758034758e-06,0.0151678158134537,0,0,0
0x444202,JZ,738210,18489,20,2,0x4441ff,TEST,1,Recursive,rax(MOV) rax(MOV) ,rflags ,TEST,3,MOV,5,CALL_NEAR,5,MOV,5,CALL_NEAR,5,MOV,5,JMP,5,MOV,3,JMP,5,LEA,8,0,0,1,0,0,CALL,1,1,1,0,0,0,JMP,0,0,4473338,4473366,4473348,0,0,1,1,cpp,3.4963254193280773e-06,0.0250457186979314,0,0,0
0x44415c,JZ,572324,17135,135,6,0x444159,TEST,1,Recursive,rax(MOV) rax(MOV) ,rflags ,TEST,3,MOV,5,CALL_NEAR,5,MOV,5,CALL_NEAR,5,MOV,5,JMP,5,MOV,3,LEA,8,CALL_NEAR,5,0,0,1,0,0,CALL,1,1,1,0,0,0,JMP,0,0,4473172,4473315,4473186,0,0,1,1,cpp,2.710652726583929e-06,0.0299393350619579,0,0,0
0x444133,JZ,476396,15461,10,2,0x444130,TEST,1,Recursive,r15(-1) r15(-1) ,rflags ,TEST,3,CALL_NEAR,5,MOV,3,CALL_NEAR,5,LEA,8,MOV,3,JMP,5,LEA,8,CALL_NEAR,5,MOV,5,0,0,1,0,0,CALL,1,1,1,0,0,0,JMP,0,0,4473136,4473149,4473141,0,0,1,0,cpp,2.256316555541402e-06,0.0324540928135416,0,0,0
0x444114,JZ,363528,12948,7,2,0x444111,TEST,1,Recursive,r13(-1) r13(-1) ,rflags ,TEST,3,CALL_NEAR,5,MOV,3,CALL_NEAR,5,LEA,8,MOV,3,JMP,2,LEA,8,CALL_NEAR,5,MOV,3,0,0,1,0,0,CALL,1,1,1,0,0,0,JMP,0,0,4473105,4473115,4473110,0,0,1,0,cpp,1.7217488073007643e-06,0.0356176140489866,0,0,0
0x4440fa,JNZ,252401,241991,-26,2,0x4440f7,TEST,1,Recursive,rbp(-1) rbp(-1) ,rflags ,TEST,3,CALL_NEAR,5,MOV,3,CALL_NEAR,5,MOV,4,LEA,8,CALL_NEAR,5,MOV,3,CALL_NEAR,5,TEST,3,0,0,0,1,1,CALL,0,1,0,1,0,0,CALL,1,1,4473079,4473056,4473084,1,0,1,1,cpp,1.195426819148787e-06,0.9587561063545708,1,1,1
0x4440d7,JZ,10439,29,37,2,0x4440d4,TEST,1,Recursive,rbp(-1) rbp(-1) ,rflags ,TEST,3,CALL_NEAR,5,MOV,3,CALL_NEAR,5,MOV,4,NOP,7,MOV,3,MOV,3,MOV,4,CALL_NEAR,5,0,0,1,0,0,CALL,0,1,1,0,0,0,NOP,0,0,4473044,4473084,4473049,0,0,1,0,cpp,4.94414069876672e-08,0.0027780438739342,0,0,0
0x4440be,JZ,363528,353089,62,2,0x4440bb,TEST,1,Recursive,rbx(MOV) rbx(MOV) ,rflags ,TEST,3,MOV,4,CALL_NEAR,5,MOV,5,LEA,8,MOV,3,MOV,4,CALL_NEAR,5,MOV,3,CALL_NEAR,5,0,1,1,0,0,CALL,0,1,1,0,0,0,CALL,0,1,4473015,4473084,4473024,0,0,1,1,cpp,1.7217488073007643e-06,0.9712841926894216,1,0,1
0x444094,JZ,476396,463448,135,6,0x444091,TEST,1,Recursive,r12(MOV) r12(MOV) ,rflags ,TEST,3,MOV,3,CALL_NEAR,5,MOV,4,LEA,8,NOP,6,LEA,5,LEA,8,MOV,5,CALL_NEAR,5,0,1,1,0,0,CALL,0,1,1,0,0,0,NOP,0,0,4472974,4473115,4472986,0,0,1,0,cpp,2.256316555541402e-06,0.972820930486402,1,0,1
0x444073,JZ,572324,556863,202,6,0x444070,TEST,1,Recursive,r14(MOV) r14(MOV) ,rflags ,TEST,3,MOV,3,CALL_NEAR,5,MOV,5,LEA,4,LEA,4,LEA,8,MOV,4,CALL_NEAR,5,MOV,3,0,1,1,0,0,CALL,0,1,1,0,1,0,CALL,0,1,4472941,4473149,4472953,0,0,1,1,cpp,2.710652726583929e-06,0.9729855815936428,1,0,1
0x444048,JZ,738210,721075,411,6,0x444040,TEST,1,Recursive,rax(MOV) rax(MOV) ,rflags ,MOV,5,TEST,3,MOV,3,CALL_NEAR,5,MOV,5,MOV,5,LEA,8,MOV,4,LEA,4,MOV,5,0,1,1,0,0,CALL,0,1,1,0,1,0,CALL,0,1,4472893,4473315,4472910,0,0,1,1,cpp,3.4963254193280773e-06,0.9767884477316752,1,0,1
0x444018,JZ,1518808,1500319,510,6,0x444010,TEST,1,Recursive,rax(MOV) rax(MOV) ,rflags ,MOV,5,TEST,3,MOV,3,CALL_NEAR,5,MOV,5,MOV,5,LEA,8,MOV,4,LEA,4,MOV,5,0,1,1,0,0,CALL,0,1,1,0,1,0,CALL,0,1,4472845,4473366,4472862,0,0,1,1,cpp,7.193409758034758e-06,0.9878266377316948,1,0,1
0x443fe8,JZ,3749763,3726726,609,6,0x443fe0,TEST,1,Recursive,rax(MOV) rax(MOV) ,rflags ,MOV,5,TEST,3,MOV,3,CALL_NEAR,5,MOV,5,MOV,5,LEA,8,MOV,4,LEA,4,MOV,5,0,1,1,0,0,CALL,0,1,1,0,1,0,CALL,0,1,4472797,4473417,4472814,0,0,1,1,cpp,1.7759704817539602e-05,0.993856411725221,1,0,1
0x443f88,JZ,311761,280444,807,6,0x443f80,TEST,1,Recursive,rax(MOV) rax(MOV) ,rflags ,MOV,5,TEST,3,MOV,3,CALL_NEAR,5,MOV,5,MOV,5,LEA,8,MOV,4,LEA,4,MOV,5,0,1,1,0,0,CALL,0,1,1,0,1,0,CALL,0,1,4472701,4473519,4472718,0,0,1,1,cpp,1.4765688747851434e-06,0.8995480512315523,1,0,1
0x443f5c,JZ,263810,254570,897,6,0x443f55,TEST,1,Recursive,rax(MOV) rax(MOV) ,rflags ,MOV,4,TEST,3,MOV,3,CALL_NEAR,5,LEA,5,MOV,4,LEA,5,MOV,4,LEA,4,MOV,5,0,1,1,0,0,CALL,0,1,1,0,1,0,CALL,0,1,4472658,4473565,4472674,0,0,1,1,cpp,1.2494623601318596e-06,0.9649747924642736,1,0,1
0x443d47,JZ,1,0,41,2,0x443d45,TEST,1,Leaf,esi(-1) esi(-1) ,rflags ,TEST,2,JZ,2,CMP,3,INVALID,0,INVALID,0,IMUL,6,IMUL,6,OR,3,MOV,2,MOV,2,0,1,0,0,0,RET,0,0,1,0,0,0,RET,0,0,4472133,4472176,4472137,0,1,1,1,cpp,4.736220613820021e-12,0.0,0,0,0
0x443d43,JZ,1,0,77,2,0x443d40,CMP,1,Leaf,esi(-1) ,rflags ,CMP,3,INVALID,0,INVALID,0,INVALID,0,INVALID,0,TEST,2,JZ,2,IMUL,6,IMUL,6,OR,3,0,1,0,0,0,RET,0,0,1,0,0,0,JE,0,0,4472128,4472208,4472133,0,0,1,0,cpp,4.736220613820021e-12,0.0,0,0,0
0x443d0a,JZ,895033993,1,6,2,0x443d07,TEST,1,NonLeaf,rax(MOV) rax(MOV) ,rflags ,TEST,3,MOV,7,INVALID,0,INVALID,0,INVALID,0,RET_NEAR,1,NOP,3,SUB,4,MOV,5,CALL_NEAR,5,0,1,0,0,0,CALL,0,1,1,0,0,0,RET,0,0,4472064,4472080,4472076,0,0,1,0,cpp,0.0042390784477162,1.1172760004881735e-09,0,0,0
0x443c9b,JBE,1,1,37,2,0x443c95,CMP,1,NonLeaf,rax(SAR) ,rflags ,CMP,6,SAR,4,SUB,3,MOV,3,MOV,7,CMP,6,MOV,3,JZ,2,LEA,7,MOV,4,0,1,0,0,0,CALL,0,1,1,0,0,0,JE,0,0,4471933,4472000,4471965,0,0,1,0,cpp,4.736220613820021e-12,1.0,1,0,1
0x443c1f,JZ,970,0,28,2,0x443c1c,CMP,1,NonLeaf,rdi(MOV) rdx(-1) ,rflags ,CMP,3,MOV,3,MOV,3,MOV,4,JZ,2,LEA,4,XOR,2,SUB,3,SHR,4,LEA,8,0,1,1,0,0,RET,0,0,1,0,0,0,CALL,0,1,4471833,4471867,4471841,0,1,1,1,cpp,4.5941339954054205e-09,0.0,0,0,0
0x443c10,JZ,970,1,64,2,0x443c0d,TEST,1,NonLeaf,rax(MOV) rax(MOV) ,rflags ,TEST,3,MOV,7,SUB,4,PUSH,1,PUSH,1,MOV,4,MOV,3,MOV,3,CMP,3,JZ,2,0,1,0,0,0,CALL,0,1,1,0,0,0,MOV,0,0,4471808,4471888,4471826,0,0,1,0,cpp,4.5941339954054205e-09,0.0010309278350515,0,0,0
0x443a6a,JZ,6098317,0,6,2,0x443a67,TEST,1,NonLeaf,rax(MOV) rax(MOV) ,rflags ,TEST,3,MOV,7,INVALID,0,INVALID,0,INVALID,0,RET_NEAR,1,NOP,3,PUSH,1,MOV,5,PUSH,1,0,1,0,0,0,CALL,0,1,1,0,0,0,RET,0,0,4471392,4471408,4471404,0,0,1,0,cpp,2.8882974685009063e-05,0.0,0,0,0
0x443976,JNZ,2689357797,2683259480,-38,2,0x44396f,CMP,1,NonLeaf,rcx(ADD) ,rflags ,CMP,7,ADD,4,ADD,4,MOV,4,JZ,2,ADD,4,MOV,3,CALL_NEAR,5,ADD,4,POP,1,0,0,0,1,1,JE,0,0,1,1,0,0,CALL,1,1,4471147,4471120,4471160,0,0,0,1,cpp,0.0127373918360889,0.9977324263038548,1,1,1
0x443961,JZ,2689357797,2110956640,10,2,0x44395d,TEST,1,NonLeaf,rbx(-1) rax(SHR) rdx(SHL) ,rflags ,TEST,4,SHL,3,SHR,4,MOV,3,MOV,3,MOV,4,ADD,4,ADD,4,CMP,7,JNZ,2,1,1,1,0,0,JNE,0,0,1,0,0,0,ADD,0,0,4471120,4471147,4471139,0,0,0,1,cpp,0.0127373918360889,0.7849296372371087,1,0,1
0x4bc940,JLE,54190,25094,126,2,0x4bc93e,TEST,1,NonLeaf,ecx(-1) ecx(-1) ,rflags ,TEST,2,JMP,5,MOV,7,MOV,10,XOR,3,MOVSXD,3,MOV,5,MOV,3,MOV,3,MOV,7,0,1,0,0,0,JMP,0,0,1,0,0,0,CALL,0,1,4966718,4966846,4966722,0,0,0,1,cpp,2.5665579506290693e-07,0.4630743679645691,0,0,0
0x43f2cf,JNLE,25,0,-26,2,0x43f2ca,TEST,1,NonLeaf,edx(MOV) edx(MOV) ,rflags ,MOV,3,TEST,2,LEA,3,MOV,3,JMP,2,LEA,5,CALL_NEAR,5,JMP,2,INVALID,0,INVALID,0,0,0,1,0,0,JNE,0,0,1,0,0,0,CALL,0,1,4453060,4453045,4453073,0,0,0,1,cpp,1.1840551534550048e-10,0.0,0,0,0
0x43f2c0,JNZ,26,25,-27,2,0x43f2b9,CMP,1,NonLeaf,rbx(SUB) ,rflags ,CMP,7,SUB,4,JNZ,2,CMP,7,LEA,4,JMP,2,MOV,3,LEA,3,TEST,2,MOV,3,0,0,0,1,1,JNE,0,0,1,1,0,0,JMP,1,0,4453045,4453029,4453058,0,0,0,0,cpp,1.2314173595932052e-10,0.9615384615384616,1,1,1
0x43f2b3,JNZ,26,25,17,2,0x43f2ac,CMP,1,NonLeaf,rdi(LEA) ,rflags ,CMP,7,LEA,4,MOV,3,JMP,2,CALL_NEAR,5,SUB,4,CMP,7,JNZ,2,JMP,2,MOV,3,1,1,0,0,0,JG,0,0,1,1,0,0,JNE,0,0,4453029,4453060,4453045,0,0,1,0,cpp,1.2314173595932052e-10,0.9615384615384616,1,0,1
0x43f262,JZ,1,1,67,2,0x43f25f,TEST,1,NonLeaf,rax(MOV) rax(MOV) ,rflags ,TEST,3,SUB,4,MOV,5,MOV,5,PUSH,1,NOP,4,MOV,3,LEA,4,CMP,7,JNZ,2,0,1,0,1,0,JNE,0,0,1,0,0,0,NOP,0,0,4452944,4453029,4452964,0,0,0,0,cpp,4.736220613820021e-12,1.0,1,0,1
0x43f1e4,JNZ,1,1,85,2,0x43f1e1,TEST,1,NonLeaf,r13(-1) r13(-1) ,rflags ,TEST,3,JNBE,6,CMP,3,NOP,5,JMP,5,MOV,4,MOV,3,XOR,3,XOR,3,JMP,5,0,1,0,0,0,JMP,0,0,1,0,0,0,JMP,0,0,4452833,4452921,4452838,1,0,0,1,cpp,4.736220613820021e-12,1.0,1,0,1
0x43f1c3,JNZ,1,0,76,2,0x43f1c0,TEST,1,NonLeaf,rax(-1) rax(-1) ,rflags ,TEST,3,NOP,10,JMP,5,JNZ,6,CMP,3,XOR,3,MOV,3,MOV,3,JMP,5,NOP,5,0,1,0,0,0,JMP,0,0,1,0,0,0,JMP,0,0,4452800,4452879,4452805,0,0,0,0,cpp,4.736220613820021e-12,0.0,0,0,0
0x43efd6,JZ,1,1,7,2,0x43efd3,TEST,1,NonLeaf,rdi(MOV) rdi(MOV) ,rflags ,TEST,3,ADD,3,MOV,4,MOV,3,CALL_NEAR,5,CALL_NEAR,5,ADD,3,MOV,4,MOV,5,MOV,5,0,1,1,0,0,RET,0,0,1,0,0,0,CALL,0,1,4452300,4452317,4452312,0,0,1,1,cpp,4.736220613820021e-12,1.0,1,0,1
0x43efb1,JZ,1,1,27,2,0x43efae,TEST,1,NonLeaf,rax(SAR) rax(SAR) ,rflags ,TEST,3,SAR,4,SUB,3,XOR,2,LEA,4,LEA,8,MOV,3,MOV,3,MOV,3,CALL_NEAR,5,0,1,1,0,0,JE,0,0,1,0,0,0,CALL,0,1,4452249,4452300,4452275,0,0,0,1,cpp,4.736220613820021e-12,1.0,1,0,1
0x43ef8c,JZ,1,1,13,2,0x43ef89,TEST,1,NonLeaf,r11(-1) r11(-1) ,rflags ,TEST,3,SHL,4,MOV,4,MOV,4,JZ,2,MOV,3,MOV,3,CALL_NEAR,5,MOV,5,ADD,3,0,1,1,0,0,JE,0,0,1,0,0,0,CALL,0,1,4452225,4452249,4452238,0,0,0,1,cpp,4.736220613820021e-12,1.0,1,0,1
0x43ef71,JZ,1,1,16,2,0x43ef6a,CMP,1,NonLeaf,r10(-1) ,rflags ,MOV,3,CMP,4,JZ,2,LEA,4,CMP,3,CMP,4,MOV,4,JZ,2,MOV,4,MOV,4,0,0,1,0,0,JE,0,0,1,0,0,0,JE,0,0,4452202,4452225,4452211,0,0,0,1,cpp,4.736220613820021e-12,1.0,1,0,1
0x43ef68,JZ,1,0,25,2,0x43ef61,CMP,1,NonLeaf,r15(-1) rax(-1) ,rflags ,LEA,4,CMP,3,SUB,3,JB,2,CMP,3,CMP,4,MOV,3,JZ,2,CMP,4,MOV,4,0,0,1,0,0,JE,0,0,0,0,0,0,JE,0,0,4452190,4452225,4452202,0,0,0,1,cpp,4.736220613820021e-12,0.0,0,1,0
0x43ef5c,JB,110,109,-17,2,0x43ef59,CMP,1,NonLeaf,rdx(ADD) rdi(-1) ,rflags ,CMP,3,MOVDQA,6,ADD,4,ADD,4,PSHUFD,5,SUB,3,CMP,3,LEA,4,JZ,2,CMP,4,1,1,1,1,1,JB,0,0,1,1,0,0,JE,1,0,4452171,4452171,4452190,1,0,1,0,cpp,5.209842675202023e-10,0.990909090909091,1,1,1
0x43ef34,JZ,1,0,54,2,0x43ef31,TEST,1,NonLeaf,rax(LEA) rax(LEA) ,rflags ,TEST,3,LEA,8,SHR,4,MOV,3,SUB,3,MOV,4,LEA,4,XOR,2,MOVD,6,PSHUFD,5,0,1,0,0,0,JE,1,0,1,0,0,0,PSHUFD,0,0,4452124,4452202,4452150,0,0,1,1,cpp,4.736220613820021e-12,0.0,0,0,0
0x43eeb2,JNBE,1,1,782,6,0x43eeae,CMP,1,NonLeaf,rbp(-1) ,rflags ,CMP,4,CMOVNBE,4,CMP,3,AND,3,NEG,3,CMP,4,MOV,2,LEA,4,LEA,4,JBE,2,0,1,0,0,0,JNE,0,0,1,0,0,0,JBE,0,0,4451982,4452800,4452024,0,0,0,1,cpp,4.736220613820021e-12,1.0,1,0,1
0x43ee5a,JNB,1,1,894,6,0x43ee57,ADD,1,NonLeaf,r13(ADD) rax(CMOVNB) ,r13 rflags ,ADD,3,SAR,4,SUB,3,CMOVNB,4,MOV,3,MOV,7,MOV,3,MOV,5,CALL_NEAR,5,MOV,4,0,1,0,0,0,JA,0,0,1,0,0,0,MOV,0,0,4451907,4452824,4451936,0,0,0,0,cpp,4.736220613820021e-12,1.0,1,0,1
0x43ee3d,JNBE,1,0,1002,6,0x43ee3a,CMP,1,NonLeaf,rbp(-1) rax(SUB) ,rflags ,CMP,3,SUB,3,SAR,4,SUB,3,MOV,3,CMP,3,MOV,3,MOV,3,CMOVNB,4,SUB,3,0,1,0,0,0,CALL,1,1,1,0,0,0,JAE,0,0,4451872,4452903,4451907,0,0,1,0,cpp,4.736220613820021e-12,0.0,0,0,0
0x43ebe2,JNBE,1,1,574,6,0x43ebdf,CMP,1,NonLeaf,rdx(-1) rax(SAR) ,rflags ,CMP,3,SAR,4,SUB,3,MOV,3,MOV,3,MOV,3,MOV,3,SUB,3,SAR,4,CMP,3,0,1,0,0,0,JA,1,0,1,0,0,0,JB,1,0,4451274,4451872,4451304,0,0,0,0,cpp,4.736220613820021e-12,1.0,1,0,1
0x43ebc4,JZ,1,0,579,6,0x43ebc1,TEST,1,NonLeaf,rdx(-1) rdx(-1) ,rflags ,TEST,3,SUB,4,PUSH,1,MOV,3,PUSH,1,MOV,4,MOV,4,MOV,3,MOV,3,SUB,3,0,1,0,0,0,RET,1,0,1,0,0,0,JA,0,0,4451248,4451847,4451274,0,0,0,0,cpp,4.736220613820021e-12,0.0,0,0,0
0x43e162,JZ,7,7,7,2,0x43e15f,TEST,1,NonLeaf,rdi(MOV) rdi(MOV) ,rflags ,TEST,3,MOV,8,CALL_NEAR,5,JZ,2,TEST,3,CALL_NEAR,5,MOVSS,6,ADD,7,POP,1,POP,1,0,1,1,0,0,RET,0,0,1,0,0,0,CALL,0,1,4448599,4448617,4448612,0,0,0,1,cpp,3.3153544296740137e-11,1.0,1,0,1
0x43e150,JZ,7,0,7,2,0x43e14d,TEST,1,NonLeaf,rdi(MOV) rdi(MOV) ,rflags ,TEST,3,MOVSS,6,MOV,5,CALL_NEAR,5,MOV,3,CALL_NEAR,5,MOV,8,TEST,3,JZ,2,CALL_NEAR,5,0,1,1,0,0,JE,0,0,1,0,0,0,CALL,0,1,4448578,4448599,4448594,0,0,0,1,cpp,3.3153544296740137e-11,0.0,0,0,0
0x43e104,JZ,567,485,-52,2,0x43e100,TEST,1,NonLeaf,rcx(MOV) rdx(SHR) rsi(SHL) ,rflags ,TEST,4,SHR,4,MOV,5,SHL,3,MOVSXD,3,MOV,5,MOV,2,MOV,3,CALL_NEAR,5,JMP,2,0,1,1,0,0,ADD,0,0,1,0,0,0,CALL,0,1,4448492,4448464,4448518,0,0,0,1,cpp,2.6854370880359517e-09,0.855379188712522,1,0,1
0x43e0dd,JNL,630,63,67,2,0x43e0db,CMP,1,NonLeaf,ebx(-1) eax(-1) ,rflags ,CMP,2,CALL_NEAR,5,MOV,3,ADD,3,NOP,7,MOV,2,MOV,3,MOV,3,CALL_NEAR,5,MOV,2,0,1,1,0,0,JMP,1,0,1,0,0,0,CALL,0,1,4448475,4448544,4448479,0,0,0,1,cpp,2.983818986706613e-09,0.1,0,0,0
0x43e0c3,JNL,70,7,99,2,0x43e0c0,CMP,1,NonLeaf,r13d(-1) eax(-1) ,rflags ,CMP,3,CALL_NEAR,5,MOV,3,NOP,4,MOV,6,XOR,2,JMP,2,NOP,7,ADD,3,MOV,3,0,1,1,0,0,CALL,1,1,1,0,0,0,JMP,0,0,4448448,4448550,4448453,0,0,1,0,cpp,3.3153544296740144e-10,0.1,0,0,0
0x43defc,JZ,7,7,16,2,0x43dee1,TEST,1,NonLeaf,rcx(XOR) rcx(XOR) ,rflags ,MOV,8,MOV,8,MOV,8,TEST,3,ADD,3,MOV,3,MOV,3,CALL_NEAR,5,MOV,3,MOV,8,0,1,1,0,0,MOV,0,0,1,0,0,0,CALL,0,1,4447966,4448012,4447998,0,0,1,1,cpp,3.3153544296740137e-11,1.0,1,0,1
0x43dece,JNZ,7,0,689,6,0x43decb,TEST,1,NonLeaf,rax(SAR) rax(SAR) ,rflags ,TEST,3,SAR,4,SUB,3,MOV,8,MOV,8,XOR,2,XOR,2,XOR,3,XOR,3,ADD,3,0,1,0,0,0,JA,0,0,1,0,0,0,XOR,0,0,4447760,4448639,4447956,0,0,0,0,cpp,3.3153544296740137e-11,0.0,0,0,0
0x43de06,JZ,7,0,10,2,0x43de04,TEST,1,NonLeaf,al(-1) ,rflags ,TEST,2,MOV,5,MOV,2,MOV,2,JZ,2,MOVZX,4,MOV,4,MOV,8,MOV,8,MOV,8,0,1,1,0,0,JNE,0,0,1,0,0,0,MOV,0,0,4447748,4447760,4447752,0,0,1,1,cpp,3.3153544296740137e-11,0.0,0,0,0
0x43ddf9,JZ,7,0,11,2,0x43ddf4,TEST,0,NonLeaf,al(-1) ,rflags ,MOVSQ,3,TEST,2,SHR,3,MOV,2,MOV,5,MOV,2,MOV,2,MOV,5,TEST,2,JZ,2,0,1,1,0,0,JE,0,0,1,0,0,0,MOV,0,0,4447737,4447748,4447739,0,0,0,1,cpp,3.3153544296740137e-11,0.0,0,0,0
0x43dda7,JZ,7,7,6,2,0x43dda2,TEST,0,NonLeaf,al(-1) ,rflags ,MOVSQ,3,TEST,2,SHR,3,MOV,2,MOV,5,MOV,2,MOV,2,LEA,8,LEA,8,MOV,5,0,1,1,0,0,MOV,0,0,1,0,0,0,MOV,0,0,4447655,4447661,4447657,0,0,0,1,cpp,3.3153544296740137e-11,1.0,1,0,1
0x43dd57,JZ,7,7,6,2,0x43dd52,TEST,0,NonLeaf,al(-1) ,rflags ,MOVSQ,3,TEST,2,SHR,3,MOV,2,MOV,5,MOV,2,MOV,2,LEA,8,LEA,8,MOV,5,0,1,1,0,0,MOV,0,0,1,0,0,0,MOV,0,0,4447575,4447581,4447577,0,0,0,1,cpp,3.3153544296740137e-11,1.0,1,0,1
0x43dcd7,JZ,7,7,9,2,0x43dcd4,AND,1,NonLeaf,edx(AND) ,edx rflags ,AND,3,ADD,4,MOV,4,MOVZX,4,JZ,2,MOVZX,4,MOV,3,MOV,8,LEA,8,LEA,8,0,1,1,0,0,MOV,0,0,1,0,0,0,MOV,0,0,4447444,4447456,4447449,0,0,0,1,cpp,3.3153544296740137e-11,1.0,1,0,1
0x43dcc6,JZ,7,7,14,2,0x43dcc3,TEST,1,NonLeaf,dl(-1) ,rflags ,TEST,3,MOV,5,MOV,2,MOV,2,JZ,2,MOVZX,4,MOV,4,ADD,4,AND,3,JZ,2,0,1,1,0,0,JE,0,0,1,0,0,0,ADD,0,0,4447427,4447444,4447432,1,0,0,1,cpp,3.3153544296740137e-11,1.0,1,0,1
0x43dcb8,JZ,7,0,11,2,0x43dcb2,TEST,0,NonLeaf,dl(-1) ,rflags ,MOVSQ,3,TEST,3,SHR,3,XOR,2,MOV,2,MOV,2,MOV,2,MOV,5,TEST,3,JZ,2,0,1,1,0,0,JE,0,0,1,0,0,0,MOV,0,0,4447416,4447427,4447418,0,0,0,1,cpp,3.3153544296740137e-11,0.0,0,0,0
0x43dca5,JNZ,7,7,1312,6,0x43dc99,TEST,1,NonLeaf,dil(LEA) ,rflags ,MOV,8,TEST,4,LEA,8,MOVZX,9,MOV,3,MOV,2,XOR,2,SHR,3,TEST,3,MOVSQ,3,0,1,0,0,0,JMP,0,0,1,1,0,0,TEST,0,0,4447354,4448709,4447403,1,0,1,0,cpp,3.3153544296740137e-11,1.0,1,0,1
0x43dbb7,JZ,7,0,7,2,0x43dbb4,TEST,1,NonLeaf,rdi(MOV) rdi(MOV) ,rflags ,TEST,3,MOV,4,JMP,5,ADD,3,NOP,4,CALL_NEAR,5,MOV,5,ADD,7,POP,1,POP,1,0,1,1,0,0,RET,0,0,1,0,0,0,CALL,0,1,4447152,4447166,4447161,0,0,0,1,cpp,3.3153544296740137e-11,0.0,0,0,0
0x43daec,JNLE,567,485,-42,2,0x43dae8,CMP,1,NonLeaf,rcx(MOV) rdx(MOVSXD) ,rflags ,CMP,4,MOVSXD,3,MOV,4,CALL_NEAR,5,MOV,3,MOV,5,SHR,4,MOV,3,MOV,3,MOV,2,0,1,1,0,0,ADD,0,0,1,0,0,0,JMP,0,0,4446945,4446914,4446958,0,1,0,1,cpp,2.6854370880359517e-09,0.855379188712522,1,0,1
0x43dacf,JNL,630,63,217,6,0x43dacd,CMP,1,NonLeaf,ebx(-1) eax(-1) ,rflags ,CMP,2,CALL_NEAR,5,MOV,3,ADD,3,JMP,2,MOV,2,MOV,2,MOV,3,CALL_NEAR,5,MOV,4,0,1,1,0,0,JMP,1,0,1,0,0,0,CALL,0,1,4446925,4447144,4446933,0,0,0,1,cpp,2.983818986706613e-09,0.1,0,0,0
0x43dab8,JNL,70,7,248,6,0x43dab6,CMP,1,NonLeaf,ebp(-1) eax(-1) ,rflags ,CMP,2,CALL_NEAR,5,MOV,3,MOV,6,XOR,2,XOR,2,JMP,2,ADD,3,MOV,3,CALL_NEAR,5,0,1,1,0,0,JE,1,0,1,0,0,0,JMP,0,0,4446902,4447152,4446910,0,0,0,0,cpp,3.3153544296740144e-10,0.1,0,0,0
0x43daa0,JNZ,1792,1785,-1258,6,0x43da9b,SUB,1,NonLeaf,rsp(-1) ,rflags ,SUB,5,CALL_NEAR,5,JZ,2,TEST,3,MOV,8,XOR,2,MOV,6,MOV,3,CALL_NEAR,5,CMP,2,0,0,0,1,1,MOV,0,0,1,0,0,0,MOV,1,0,4446875,4445622,4446886,0,0,0,0,cpp,8.487307339965477e-09,0.99609375,1,1,1
0x43da6b,JNZ,406,399,-1421,6,0x43da68,CMP,1,NonLeaf,r14d(-1) ecx(-1) ,rflags ,CMP,3,CALL_NEAR,5,MOV,3,CALL_NEAR,5,JZ,2,JMP,5,NOP,10,ADD,4,JMP,5,MOV,8,0,0,0,0,0,JNE,0,0,1,1,0,0,JMP,1,0,4446824,4445406,4446833,0,0,1,0,cpp,1.9229055692109283e-09,0.9827586206896552,1,1,1
0x43da31,JNZ,145152,59852,-57,2,0x43da2e,CMP,1,NonLeaf,r13d(-1) eax(-1) ,rflags ,CMP,3,CALL_NEAR,5,MOV,3,MOV,3,MOV,2,MOV,4,ADD,4,JMP,2,MOV,3,MOV,5,0,1,1,0,0,ADD,0,0,1,0,0,0,JMP,0,0,4446766,4446712,4446771,0,0,0,1,cpp,6.874718945372036e-07,0.4123401675485009,0,0,0
0x43da05,JNL,161280,16128,123,2,0x43da03,CMP,1,NonLeaf,ebx(-1) eax(-1) ,rflags ,CMP,2,CALL_NEAR,5,MOV,3,ADD,3,NOP,3,MOV,2,MOV,3,MOV,3,CALL_NEAR,5,MOVSXD,3,0,1,1,0,0,JMP,1,0,1,0,0,0,CALL,0,1,4446723,4446848,4446727,0,0,0,1,cpp,7.638576605968929e-07,0.1,0,0,0
0x43d9eb,JNL,17920,1792,158,6,0x43d9e8,CMP,1,NonLeaf,r14d(-1) eax(-1) ,rflags ,CMP,3,CALL_NEAR,5,MOV,3,NOP,7,XOR,3,XOR,2,JMP,2,NOP,3,ADD,3,MOV,3,0,1,1,0,0,JE,1,0,1,0,0,0,JMP,0,0,4446696,4446857,4446705,0,0,0,0,cpp,8.487307339965478e-08,0.1,0,0,0
0x43d81e,JZ,1792,1792,16,2,0x43d803,TEST,1,NonLeaf,rcx(XOR) rcx(XOR) ,rflags ,MOV,8,MOV,8,MOV,8,TEST,3,ADD,3,MOV,3,MOV,3,CALL_NEAR,5,MOV,3,MOV,8,0,1,1,0,0,MOV,0,0,1,0,0,0,CALL,0,1,4446208,4446254,4446240,0,0,1,1,cpp,8.487307339965477e-09,1.0,1,0,1
0x43d7f1,JNZ,1792,0,791,6,0x43d7a6,TEST,1,NonLeaf,rbx(SAR) rbx(SAR) ,rflags ,MOV,8,MOV,8,MOV,8,MOV,8,MOV,8,XOR,2,XOR,2,XOR,2,XOR,3,ADD,3,0,1,0,0,0,JA,0,0,1,0,0,0,XOR,0,0,4446003,4446984,4446199,0,0,0,0,cpp,8.487307339965477e-09,0.0,0,0,0
0x43d729,JZ,1792,0,10,2,0x43d727,TEST,1,NonLeaf,al(-1) ,rflags ,TEST,2,MOV,5,MOV,2,MOV,2,JZ,2,MOVZX,4,MOV,4,MOV,8,MOV,8,MOV,8,0,1,1,0,0,JNE,0,0,1,0,0,0,MOV,0,0,4445991,4446003,4445995,0,0,1,1,cpp,8.487307339965477e-09,0.0,0,0,0
0x43d71c,JZ,1792,0,11,2,0x43d717,TEST,0,NonLeaf,al(-1) ,rflags ,MOVSQ,3,TEST,2,SHR,3,XOR,2,MOV,2,MOV,2,MOV,2,MOV,5,TEST,2,JZ,2,0,1,1,0,0,JE,0,0,1,0,0,0,MOV,0,0,4445980,4445991,4445982,0,0,0,1,cpp,8.487307339965477e-09,0.0,0,0,0
0x43d70a,JNZ,1792,1792,1147,6,0x43d706,TEST,1,NonLeaf,dil(LEA) ,rflags ,TEST,4,MOV,5,LEA,8,MOV,2,MOV,5,MOV,2,XOR,2,SHR,3,TEST,2,MOVSQ,3,0,1,0,0,0,JMP,0,0,1,1,0,0,TEST,0,0,4445936,4447109,4445968,1,0,1,0,cpp,8.487307339965477e-09,1.0,1,0,1
0x43d6d5,JZ,1792,1792,6,2,0x43d6d0,TEST,0,NonLeaf,al(-1) ,rflags ,MOVSQ,3,TEST,2,SHR,3,MOV,2,JNZ,6,MOV,2,MOV,2,MOV,5,LEA,8,MOV,5,0,1,1,0,0,MOV,0,0,1,0,0,0,MOV,0,0,4445909,4445915,4445911,0,0,0,1,cpp,8.487307339965477e-09,1.0,1,0,1
0x43d6c5,JNZ,1792,1792,1296,6,0x43d6c1,TEST,1,NonLeaf,dil(LEA) ,rflags ,TEST,4,MOV,5,LEA,8,MOV,2,MOV,5,MOV,2,SHR,3,TEST,2,MOVSQ,3,JZ,2,0,1,0,0,0,JMP,0,0,1,1,0,0,TEST,0,0,4445867,4447189,4445899,1,0,1,0,cpp,8.487307339965477e-09,1.0,1,0,1
0x43d690,JZ,1792,1792,6,2,0x43d68b,TEST,0,NonLeaf,al(-1) ,rflags ,MOVSQ,3,TEST,2,SHR,3,MOV,2,JNZ,6,MOV,2,MOV,2,MOV,5,LEA,8,MOV,5,0,1,1,0,0,MOV,0,0,1,0,0,0,MOV,0,0,4445840,4445846,4445842,0,0,0,1,cpp,8.487307339965477e-09,1.0,1,0,1
0x43d680,JNZ,1792,1792,1396,6,0x43d67c,TEST,1,NonLeaf,dil(LEA) ,rflags ,TEST,4,MOV,5,LEA,8,MOV,2,MOV,5,MOV,2,SHR,3,TEST,2,MOVSQ,3,JZ,2,0,1,0,0,0,JMP,0,0,1,1,0,0,TEST,0,0,4445761,4447220,4445830,1,0,1,0,cpp,8.487307339965477e-09,1.0,1,0,1
0x43d61b,JZ,1792,1792,9,2,0x43d619,TEST,1,NonLeaf,al(-1) ,rflags ,TEST,2,ADD,4,MOV,4,MOVZX,4,JZ,2,MOVZX,4,MOV,3,MOV,8,MOV,5,LEA,8,0,1,1,0,0,MOV,0,0,1,0,0,0,MOV,0,0,4445721,4445732,4445725,0,0,0,1,cpp,8.487307339965477e-09,1.0,1,0,1
0x43d60b,JZ,1792,1792,14,2,0x43d609,TEST,1,NonLeaf,al(-1) ,rflags ,TEST,2,MOV,5,MOV,2,MOV,2,JZ,2,MOVZX,4,MOV,4,ADD,4,TEST,2,JZ,2,0,1,1,0,0,JE,0,0,1,0,0,0,ADD,0,0,4445705,4445721,4445709,0,0,0,1,cpp,8.487307339965477e-09,1.0,1,0,1
0x43d5fe,JZ,1792,0,11,2,0x43d5f9,TEST,0,NonLeaf,al(-1) ,rflags ,MOVSQ,3,TEST,2,SHR,3,XOR,2,MOV,2,MOV,2,MOV,2,MOV,5,TEST,2,JZ,2,0,1,1,0,0,JE,0,0,1,0,0,0,MOV,0,0,4445694,4445705,4445696,0,0,0,1,cpp,8.487307339965477e-09,0.0,0,0,0
0x43d5ec,JNZ,1792,1792,1575,6,0x43d5e8,TEST,1,NonLeaf,dil(-1) ,rflags ,TEST,4,JNZ,6,MOV,5,LEA,8,MOV,3,MOV,2,XOR,2,SHR,3,TEST,2,MOVSQ,3,0,1,0,0,0,JMP,0,0,1,1,0,0,TEST,0,0,4445672,4447251,4445682,1,0,1,0,cpp,8.487307339965477e-09,1.0,1,0,1
0x43d5e2,JNZ,1792,1792,1606,6,0x43d5c4,CMP,1,NonLeaf,rsp(-1) ,rflags ,MOV,5,LEA,8,MOV,3,MOV,5,MOVZX,3,TEST,4,JNZ,6,MOV,2,XOR,2,SHR,3,0,1,0,0,0,JMP,0,0,1,1,0,0,JNE,0,0,4445636,4447272,4445672,0,0,1,0,cpp,8.487307339965477e-09,1.0,1,0,1
0x43d4f0,JNZ,399,399,8,2,0x43d4ea,CMP,1,NonLeaf,ecx(-1) ,rflags ,LEA,3,CMP,3,AND,3,NOT,3,SHL,3,ADD,4,XOR,2,MOV,2,JMP,2,MOV,3,0,1,1,0,0,JMP,0,0,1,0,0,0,XOR,0,0,4445406,4445432,4445426,0,0,0,0,cpp,1.889752024914188e-09,1.0,1,0,1
0x43d4d8,JZ,406,406,1424,6,0x43d4d5,CMP,1,NonLeaf,r13(-1) rax(-1) ,rflags ,CMP,3,MOV,5,MOV,3,JNZ,2,TEST,2,MOV,3,SHL,3,NOT,3,AND,3,CMP,3,1,1,1,0,0,JNE,0,0,1,0,0,0,JNE,0,0,4445397,4446824,4445406,0,0,0,1,cpp,1.9229055692109283e-09,1.0,1,0,1
0x43d4cb,JNZ,7,0,-32,2,0x43d4c9,TEST,1,NonLeaf,ecx(-1) ecx(-1) ,rflags ,TEST,2,JMP,2,MOV,2,XOR,2,ADD,4,MOV,3,MOV,5,CMP,3,JZ,6,MOV,3,0,0,0,0,0,JNE,0,0,1,1,0,0,MOV,1,0,4445385,4445355,4445389,0,0,1,0,cpp,3.3153544296740137e-11,0.0,0,0,0
0x43d4bd,JNZ,448,441,8,2,0x43d4b7,CMP,1,NonLeaf,ecx(-1) ,rflags ,LEA,3,CMP,3,AND,3,NOT,3,SHL,3,ADD,4,XOR,2,MOV,2,JMP,2,TEST,2,0,1,1,0,0,JMP,0,0,1,0,0,0,XOR,0,0,4445355,4445381,4445375,0,0,0,0,cpp,2.121826834991369e-09,0.984375,1,0,1
0x43d4a9,JZ,455,7,32,2,0x43d4a6,CMP,1,NonLeaf,r15(-1) rbx(-1) ,rflags ,CMP,3,MOV,2,MOV,5,CALL_NEAR,5,LEA,8,MOV,3,SHL,3,NOT,3,AND,3,CMP,3,1,1,1,0,0,JNE,0,0,1,0,0,0,JNE,0,0,4445350,4445385,4445355,0,0,0,1,cpp,2.154980379288109e-09,0.0153846153846153,0,0,0
0x43d47a,JZ,7,0,37,2,0x43d477,CMP,1,NonLeaf,r13(-1) r15(LEA) ,rflags ,CMP,3,LEA,4,JZ,6,CMP,3,MOV,3,LEA,4,MOV,3,XOR,2,MOV,3,SUB,3,0,1,1,0,0,MOV,0,0,1,0,0,0,CALL,0,1,4445299,4445343,4445308,0,0,0,1,cpp,3.3153544296740137e-11,0.0,0,0,0
0x43d46d,JZ,7,0,143,6,0x43d46a,CMP,1,NonLeaf,rbx(MOV) r13(MOV) ,rflags ,CMP,3,MOV,3,MOV,4,MOV,3,MOV,4,LEA,4,CMP,3,JZ,2,LEA,4,MOV,3,0,1,0,0,0,MOV,0,0,1,0,0,0,JE,0,0,4445271,4445436,4445299,0,0,0,0,cpp,3.3153544296740137e-11,0.0,0,0,0
0x43d452,JZ,7,7,5,2,0x43d44f,AND,1,NonLeaf,edx(AND) ,edx rflags ,AND,3,MOV,4,ADD,4,XOR,2,JZ,2,MOV,3,MOV,5,MOV,4,MOV,3,MOV,4,0,1,1,0,0,JE,0,0,1,0,0,0,MOV,0,0,4445263,4445271,4445268,0,0,0,1,cpp,3.3153544296740137e-11,1.0,1,0,1
0x43d443,JZ,7,7,12,2,0x43d440,TEST,1,NonLeaf,dl(-1) ,rflags ,TEST,3,ADD,4,MOV,6,JZ,2,STOSQ,3,XOR,2,ADD,4,MOV,4,AND,3,JZ,2,0,1,1,0,0,JE,0,0,1,0,0,0,MOV,0,0,4445248,4445263,4445253,1,0,0,1,cpp,3.3153544296740137e-11,1.0,1,0,1
0x43d434,JZ,7,0,12,2,0x43d42e,TEST,0,NonLeaf,dl(-1) ,rflags ,STOSQ,3,TEST,3,SHR,3,XOR,2,MOV,2,MOV,6,ADD,4,TEST,3,JZ,2,XOR,2,0,1,1,0,0,JE,0,0,1,0,0,0,ADD,0,0,4445236,4445248,4445238,0,0,0,1,cpp,3.3153544296740137e-11,0.0,0,0,0
0x43d418,JZ,7,7,15,2,0x43d414,TEST,1,NonLeaf,dil(-1) ,rflags ,TEST,4,MOV,4,SUB,3,ADD,4,XOR,2,MOV,6,SUB,3,ADD,4,MOV,2,XOR,2,0,1,1,0,0,TEST,0,0,1,0,0,0,ADD,0,0,4445204,4445223,4445210,0,1,0,1,cpp,3.3153544296740137e-11,1.0,1,0,1
0x43d405,JZ,7,7,15,2,0x43d401,TEST,1,NonLeaf,dil(-1) ,rflags ,TEST,4,MOV,2,MOV,3,LEA,4,JZ,2,XOR,2,ADD,4,SUB,3,MOV,4,TEST,4,0,1,1,0,0,JE,0,0,1,0,0,0,MOV,0,0,4445185,4445204,4445191,0,1,0,1,cpp,3.3153544296740137e-11,1.0,1,0,1
0x43d3f6,JZ,7,7,11,2,0x43d3f1,TEST,1,NonLeaf,al(MOV) ,rflags ,MOV,3,TEST,2,MOV,5,MOV,4,MOV,3,LEA,4,MOV,3,MOV,2,TEST,4,JZ,2,0,1,1,0,0,JE,0,0,1,0,0,0,MOV,0,0,4445160,4445185,4445176,0,0,0,1,cpp,3.3153544296740137e-11,1.0,1,0,1
0x43d3e3,JZ,7,7,5,2,0x43d3e0,AND,1,NonLeaf,edx(AND) ,edx rflags ,AND,3,MOV,4,ADD,4,XOR,2,JZ,2,MOV,3,MOV,4,MOV,5,TEST,2,MOV,3,0,1,1,0,0,JE,0,0,1,0,0,0,MOV,0,0,4445152,4445160,4445157,0,0,0,1,cpp,3.3153544296740137e-11,1.0,1,0,1
0x43d3d4,JZ,7,7,12,2,0x43d3d1,TEST,1,NonLeaf,dl(-1) ,rflags ,TEST,3,ADD,4,MOV,6,JZ,2,STOSQ,3,XOR,2,ADD,4,MOV,4,AND,3,JZ,2,0,1,1,0,0,JE,0,0,1,0,0,0,MOV,0,0,4445137,4445152,4445142,1,0,0,1,cpp,3.3153544296740137e-11,1.0,1,0,1
0x43d3c5,JZ,7,7,12,2,0x43d3bf,TEST,0,NonLeaf,dl(-1) ,rflags ,STOSQ,3,TEST,3,SHR,3,XOR,2,MOV,2,MOV,6,ADD,4,TEST,3,JZ,2,XOR,2,0,1,1,0,0,JE,0,0,1,0,0,0,ADD,0,0,4445125,4445137,4445127,0,0,0,1,cpp,3.3153544296740137e-11,1.0,1,0,1
0x43d3a9,JZ,7,7,15,2,0x43d3a5,TEST,1,NonLeaf,dil(-1) ,rflags ,TEST,4,MOV,5,SUB,3,ADD,4,XOR,3,MOV,6,SUB,3,ADD,4,MOV,2,XOR,2,0,1,1,0,0,TEST,0,0,1,0,0,0,ADD,0,0,4445093,4445112,4445099,0,1,0,1,cpp,3.3153544296740137e-11,1.0,1,0,1
0x43d394,JZ,7,7,17,2,0x43d390,TEST,1,NonLeaf,dil(-1) ,rflags ,TEST,4,MOV,2,ADD,4,MOV,3,JZ,2,XOR,3,ADD,4,SUB,3,MOV,5,TEST,4,0,1,1,0,0,JE,0,0,1,0,0,0,MOV,0,0,4445072,4445093,4445078,0,1,0,1,cpp,3.3153544296740137e-11,1.0,1,0,1
0x43d385,JZ,7,7,11,2,0x43d35e,TEST,1,NonLeaf,al(-1) ,rflags ,MOV,5,MOV,4,LEA,4,MOV,4,MOV,3,MOV,3,ADD,4,MOV,2,TEST,4,JZ,2,0,1,1,0,0,JE,0,0,1,0,0,0,MOV,0,0,4445018,4445072,4445063,0,0,0,1,cpp,3.3153544296740137e-11,1.0,1,0,1
0x43d321,JZ,7,7,5,2,0x43d31e,AND,1,NonLeaf,edx(AND) ,edx rflags ,AND,3,MOV,5,ADD,4,XOR,3,JZ,2,MOV,3,MOV,5,MOV,5,MOV,7,MOV,7,0,1,1,0,0,CALL,0,1,1,0,0,0,MOV,0,0,4444958,4444966,4444963,0,0,1,1,cpp,3.3153544296740137e-11,1.0,1,0,1
0x43d310,JZ,7,7,14,2,0x43d30d,TEST,1,NonLeaf,dl(-1) ,rflags ,TEST,3,ADD,4,MOV,6,JZ,2,STOSQ,3,XOR,3,ADD,4,MOV,5,AND,3,JZ,2,0,1,1,0,0,JE,0,0,1,0,0,0,MOV,0,0,4444941,4444958,4444946,1,0,0,1,cpp,3.3153544296740137e-11,1.0,1,0,1
0x43d301,JZ,7,0,12,2,0x43d2fb,TEST,0,NonLeaf,dl(-1) ,rflags ,STOSQ,3,TEST,3,SHR,3,XOR,2,MOV,2,MOV,6,ADD,4,TEST,3,JZ,2,XOR,3,0,1,1,0,0,JE,0,0,1,0,0,0,ADD,0,0,4444929,4444941,4444931,0,0,0,1,cpp,3.3153544296740137e-11,0.0,0,0,0
0x43d2e5,JZ,7,7,15,2,0x43d2e1,TEST,1,NonLeaf,dil(-1) ,rflags ,TEST,4,MOV,5,SUB,3,ADD,4,XOR,3,MOV,6,SUB,3,ADD,4,MOV,2,XOR,2,0,1,1,0,0,TEST,0,0,1,0,0,0,ADD,0,0,4444897,4444916,4444903,0,1,0,1,cpp,3.3153544296740137e-11,1.0,1,0,1
0x43d2d0,JZ,7,7,17,2,0x43d2cc,TEST,1,NonLeaf,dil(-1) ,rflags ,TEST,4,MOV,2,MOV,3,LEA,4,JZ,2,XOR,3,ADD,4,SUB,3,MOV,5,TEST,4,0,1,1,0,0,JE,0,0,1,0,0,0,MOV,0,0,4444876,4444897,4444882,0,1,0,1,cpp,3.3153544296740137e-11,1.0,1,0,1
0x43d2c1,JZ,7,7,11,2,0x43d2b3,TEST,1,NonLeaf,al(-1) ,rflags ,MOV,5,MOV,3,MOV,4,TEST,2,CALL_NEAR,5,LEA,4,MOV,3,MOV,2,TEST,4,JZ,2,0,1,1,0,0,JE,0,0,1,0,0,0,MOV,0,0,4444851,4444876,4444867,0,0,0,1,cpp,3.3153544296740137e-11,1.0,1,0,1
0x43d229,JNZ,970,484,63,2,0x43d227,TEST,1,NonLeaf,al(-1) al(-1) ,rflags ,TEST,2,CALL_NEAR,5,MOV,3,CALL_NEAR,5,XOR,2,MOV,5,XOR,2,CALL_NEAR,5,MOV,3,MOV,5,0,1,0,0,0,CALL,0,1,1,0,0,0,CALL,0,1,4444711,4444776,4444715,0,0,1,1,cpp,4.5941339954054205e-09,0.4989690721649484,0,0,0
0x43d02c,JLE,30971614,29773046,44,2,0x43d02a,TEST,1,NonLeaf,eax(MOVSXD) eax(MOVSXD) ,rflags ,TEST,2,MOVSXD,7,MOV,6,SETZ,3,TEST,3,MOV,8,MOV,7,XOR,7,MOV,10,XOR,3,0,1,1,0,0,RET,0,0,1,0,0,0,MOV,0,0,4444181,4444248,4444206,0,1,0,1,cpp,0.00014668839667,0.9613010804022032,1,0,1
0x43d00f,JZ,30971614,30971614,217,6,0x43cff0,CMP,1,NonLeaf,rbx(-1) r12d(-1) ,rflags ,MOV,6,MOV,6,MOV,6,MOV,6,CMP,7,XOR,2,TEST,3,SETZ,3,MOV,6,MOVSXD,7,0,1,0,0,0,JMP,0,0,1,1,0,0,JLE,0,0,4444137,4444392,4444181,0,0,1,1,cpp,0.00014668839667,1.0,1,0,1
0x43cfdf,JBE,30971614,0,129,2,0x43cfd6,CMP,1,NonLeaf,eax(LEA) ,rflags ,MOV,3,PUSH,1,MOV,2,CMP,3,PUSH,1,MOV,3,CALL_NEAR,5,ADD,7,CMP,7,MOV,6,0,1,0,0,0,JLE,0,0,1,0,0,0,CALL,0,1,4444112,4444256,4444129,0,0,1,1,cpp,0.00014668839667,0.0,0,0,0
0x43ce3f,JLE,1609901,1609901,33,2,0x43ce35,CMP,1,Leaf,edx(ADD) ,rflags ,MOV,7,CMP,3,XOR,8,ADD,3,MOVSXD,3,MOV,5,MOV,10,XOR,8,MOV,7,RET_NEAR,1,0,1,0,0,0,RET,0,0,1,0,0,0,RET,0,0,4443616,4443744,4443713,1,0,1,1,cpp,7.624846302409465e-06,1.0,1,0,1
0x43cce0,JZ,299936963,0,-608,6,0x43ccdc,CMP,1,NonLeaf,r15d(MOV) ,rflags ,CMP,4,MOV,3,JNL,2,CMP,3,ADD,4,MOV,6,MOV,3,MOV,3,CALL_NEAR,5,MOV,10,0,0,0,0,0,MOV,0,0,0,0,0,0,CALL,0,1,4443353,4442752,4443366,0,0,1,1,cpp,0.0014205676270071,0.0,0,0,0
0x43ccd7,JNL,91311066,24951283,-23,2,0x43ccd4,CMP,1,NonLeaf,eax(-1) rdx(ADD) ,rflags ,CMP,3,ADD,4,MOV,3,JZ,6,CMP,4,MOV,3,CMP,4,JZ,6,MOV,6,MOV,3,0,0,0,1,1,JE,0,0,0,0,0,0,JE,1,0,4443341,4443328,4443353,0,0,0,0,cpp,0.000432469353059,0.2732558505011868,0,1,0
0x43ccc7,JZ,91311066,0,-924,6,0x43ccc3,CMP,1,NonLeaf,ecx(ADD) rsp(-1) ,rflags ,CMP,4,ADD,3,NOP,3,JL,2,LEA,7,MOV,3,ADD,4,CMP,3,JNL,2,MOV,3,1,0,0,0,0,MOV,1,0,1,0,0,0,JGE,0,0,4443328,4442411,4443341,0,0,1,0,cpp,0.000432469353059,0.0,0,0,0
0x43ccbb,JL,299936963,233577180,30,2,0x43cca7,CMP,1,NonLeaf,eax(-1) rbx(-1) ,rflags ,LEA,7,LEA,7,CMP,6,XOR,2,JZ,6,NOP,3,ADD,3,CMP,4,JZ,6,MOV,3,0,1,0,0,0,JE,0,0,1,0,0,0,NOP,0,0,4443301,4443353,4443325,0,0,0,0,cpp,0.0014205676270071,0.778754234435587,1,0,1
0x43cc9f,JZ,563748266,263811303,-884,6,0x43cc9d,TEST,1,NonLeaf,esi(MOV) esi(MOV) ,rflags ,TEST,2,MOV,4,CALL_NEAR,5,MOV,3,MOVZX,5,XOR,2,CMP,6,LEA,7,LEA,7,JL,2,0,0,0,0,0,MOV,0,0,1,0,0,0,JL,0,0,4443289,4442411,4443301,0,0,1,0,cpp,0.0026700361584344,0.4679594047744707,0,0,0
0x43cc81,JNLE,1654285610,1090537344,-201,6,0x43cc7d,CMP,1,NonLeaf,rsp(-1) eax(MOV) ,rflags ,CMP,4,MOV,3,ADD,4,ADD,4,MOV,4,CALL_NEAR,5,MOVZX,5,MOV,3,CALL_NEAR,5,MOV,4,0,0,0,1,1,JE,0,0,1,1,0,0,CALL,1,1,4443250,4443064,4443271,0,1,0,1,cpp,0.0078350616072278,0.6592195068419896,1,1,1
0x43cc49,JLE,1634510143,1142048174,41,2,0x43cc45,CMP,1,NonLeaf,r13d(-1) ,rflags ,CMP,4,SHL,4,LEA,5,JNZ,2,CMP,4,MOV,4,MOV,5,ADD,5,MOV,4,MOVSXD,3,0,0,1,0,0,JG,0,0,1,0,0,0,MOV,0,0,4443205,4443250,4443211,0,0,1,1,cpp,0.0077414006327745,0.6987097503744276,1,0,1
0x43cc3a,JNZ,2041211588,1906275751,-34,2,0x43cc36,CMP,1,NonLeaf,r14d(ADD) ,rflags ,CMP,4,ADD,4,JZ,2,CMP,3,ADD,3,LEA,5,SHL,4,CMP,4,JLE,2,MOV,4,0,0,0,1,1,CALL,0,1,1,0,0,0,SHL,1,0,4443186,4443160,4443196,0,0,1,0,cpp,0.0096676284002538,0.9338942431087158,1,1,1
0x43cc30,JZ,3540785894,1499574306,21,2,0x43cc2d,CMP,1,NonLeaf,r12d(ADD) ebp(-1) ,rflags ,CMP,3,ADD,3,CALL_NEAR,5,MOV,3,MOV,3,ADD,4,CMP,4,JNZ,2,LEA,5,SHL,4,0,1,1,0,0,JLE,1,0,1,0,0,0,JNE,0,0,4443178,4443205,4443186,0,0,0,0,cpp,0.0167699431402859,0.4235145391143495,0,0,0
0x43cbc1,JZ,1654285610,19775467,177,6,0x43cbbb,CMP,1,NonLeaf,rbx(-1) ebp(MOV) ,rflags ,CMP,6,MOV,3,NOP,4,MOV,5,MOV,8,MOV,2,MOV,3,CALL_NEAR,5,MOV,5,MOV,5,1,1,1,0,0,JG,0,0,1,0,0,0,CALL,0,1,4443064,4443250,4443079,0,0,1,1,cpp,0.0078350616072278,0.0119540827052228,0,0,0
0x43cb8b,JLE,563748266,0,385,6,0x43cb89,TEST,1,NonLeaf,edi(MOV) edi(MOV) ,rflags ,TEST,2,MOV,4,JLE,6,MOV,5,TEST,2,LEA,7,MOV,7,MOV,8,MOV,8,MOV,5,0,1,0,0,0,CALL,0,1,1,0,0,0,NOP,0,0,4443013,4443404,4443025,0,0,1,1,cpp,0.0026700361584344,0.0,0,0,0
0x43cb7f,JLE,574700007,10951741,425,6,0x43cb78,TEST,1,NonLeaf,ebp(-1) ebp(-1) ,rflags ,MOV,5,TEST,2,CALL_NEAR,5,JNZ,2,CMP,3,MOV,4,TEST,2,JLE,6,LEA,7,MOV,7,0,1,0,0,0,JMP,0,0,1,0,0,0,JLE,0,0,4443000,4443432,4443013,0,0,1,0,cpp,0.0027219060199159,0.0190564483497561,0,0,0
0x43cb71,JNZ,1671215720,1096515713,-17,2,0x43cb6e,CMP,1,NonLeaf,rax(ADD) rcx(-1) ,rflags ,CMP,3,ADD,4,CMOVZ,3,CMP,4,LEA,3,CALL_NEAR,5,TEST,2,MOV,5,JLE,6,MOV,4,1,1,0,0,0,LEA,0,0,1,1,0,0,CALL,1,1,4442979,4442976,4442995,0,0,0,1,cpp,0.007915246343204,0.6561185967063545,1,1,1
0x43cb3a,JLE,785340381,210640374,-545,6,0x43cb38,TEST,1,NonLeaf,ebp(MOV) ebp(MOV) ,rflags ,TEST,2,MOV,4,CALL_NEAR,5,MOV,3,MOV,3,LEA,3,MOV,6,MOV,2,LEA,8,XOR,2,0,0,0,0,0,CALL,0,1,1,0,0,0,JMP,0,0,4442932,4442393,4442944,0,0,1,0,cpp,0.0037195453013574,0.2682153867241419,0,0,0
0x43cadd,JNZ,796524195,11183814,-452,6,0x43cadb,CMP,1,NonLeaf,eax(-1) edx(SETZ) ,rflags ,CMP,2,SETZ,3,TEST,3,XOR,2,MOV,5,MOV,5,LEA,7,LEA,5,MOV,3,MOV,3,0,0,0,0,0,CALL,0,1,1,0,0,0,CALL,0,1,4442830,4442393,4442851,0,0,1,1,cpp,0.0037725143117653,0.01404077122855,0,0,0
0x43ca7a,JNZ,491725721,491725721,620,6,0x43ca76,CMP,1,NonLeaf,r15d(MOV) ,rflags ,CMP,4,MOV,3,RET_NEAR,1,POP,2,POP,2,MOV,6,LEA,3,MOV,5,CMP,3,CMOVLE,3,0,0,0,0,0,CALL,0,1,0,0,0,0,MOV,0,0,4442739,4443366,4442752,0,0,1,1,cpp,0.0023289214961457,1.0,1,0,1
0x43ca0f,JL,822064258,800930698,-15,2,0x43ca0c,CMP,1,NonLeaf,ecx(ADD) r8d(-1) ,rflags ,CMP,3,ADD,4,ADD,3,JL,2,CMP,3,MOV,6,MOV,6,LEA,3,MOV,5,CMP,3,0,0,0,1,1,JL,0,0,1,0,0,0,MOV,1,0,4442629,4442624,4442641,0,0,0,1,cpp,0.0038934776846242,0.974292082651281,1,1,1
0x43ca03,JL,1313789979,491725721,112,2,0x43ca00,CMP,1,NonLeaf,eax(-1) rdx(-1) ,rflags ,CMP,3,NOP,1,XOR,2,LEA,7,MOV,4,ADD,3,ADD,4,CMP,3,JL,2,MOV,6,1,1,0,0,0,JNE,1,0,1,0,0,0,JL,0,0,4442624,4442739,4442629,0,1,0,0,cpp,0.0062223991807699,0.374280310293035,0,0,0
0x43c9d7,JNZ,2051437124,1538577843,-144,6,0x43c9d3,CMP,1,NonLeaf,rbp(ADD) ,rflags ,CMP,4,MOV,5,ADD,4,LEA,4,ADD,3,MOV,4,CALL_NEAR,5,MOVZX,4,MOV,3,CALL_NEAR,5,0,0,0,1,1,CALL,0,1,1,0,0,0,CALL,1,1,4442540,4442439,4442589,0,0,1,1,cpp,0.0097160587946444,0.75,1,1,1
0x43c97a,JZ,2056696871,5259747,262,6,0x43c974,CMP,1,NonLeaf,eax(-1) ,rflags ,MOV,3,CMP,3,CALL_NEAR,5,MOV,3,MOV,2,MOV,2,MOV,3,CALL_NEAR,5,MOV,4,MOV,5,0,0,0,0,0,MOV,1,0,1,0,0,0,CALL,0,1,4442484,4442752,4442496,0,0,1,1,cpp,0.0097409701168093,0.0025573758944081,0,0,0
0x43c913,JL,796524195,796524195,438,6,0x43c90d,CMP,1,NonLeaf,esi(-1) rdi(-1) ,rflags ,CMP,6,JLE,2,TEST,2,MOV,8,MOV,6,CALL_NEAR,5,MOV,8,MOV,5,MOV,4,XOR,2,0,1,0,0,0,CALL,0,1,0,0,0,0,CALL,0,1,4442381,4442825,4442393,0,0,1,1,cpp,0.0037725143117653,1.0,1,0,1
0x43c90b,JLE,818055991,21531796,14,2,0x43c909,TEST,1,NonLeaf,esi(MOV) esi(MOV) ,rflags ,TEST,2,MOV,8,MOV,6,MOV,4,MOV,6,CMP,6,JL,6,CALL_NEAR,5,MOV,8,MOV,5,0,1,0,0,0,CALL,0,1,1,0,0,0,JL,0,0,4442336,4442393,4442381,0,0,1,0,cpp,0.0038744936478331,0.0263206873818982,0,0,0
0x43c8d1,JL,47030732,46862961,-406,6,0x43c8ce,CMP,1,NonLeaf,r14d(-1) eax(LEA) ,rflags ,CMP,3,LEA,3,MOV,6,JMP,5,NOP,1,JMP,5,INVALID,0,INVALID,0,INVALID,0,INVALID,0,0,0,0,0,0,JMP,0,0,1,0,0,0,JMP,0,0,4442309,4441915,4442327,1,0,0,0,cpp,0.0002227479223814,0.9964327367900632,1,0,1
0x43c797,JZ,92832951,44401728,-510,6,0x43c795,TEST,1,NonLeaf,eax(-1) eax(-1) ,rflags ,TEST,2,CALL_NEAR,5,MOV,3,MOV,3,MOV,2,JMP,2,TEST,3,JLE,2,TEST,3,JNZ,6,0,0,0,0,0,RET,1,0,1,0,0,0,JMP,0,0,4442005,4441497,4442013,0,0,0,0,cpp,0.0004396773361679,0.4782970650152013,0,0,0
0x43c786,JZ,137419480,44586529,-38,2,0x43c784,TEST,1,NonLeaf,al(-1) al(-1) ,rflags ,TEST,2,CALL_NEAR,5,MOV,3,MOV,2,JZ,2,MOV,2,MOV,3,MOV,3,CALL_NEAR,5,TEST,2,0,0,0,0,0,JE,0,0,1,0,0,0,CALL,0,1,4441988,4441952,4441992,0,0,0,1,cpp,0.0006508489739164,0.3244556666929608,0,0,0
0x43c778,JZ,137547912,128432,-24,2,0x43c772,CMP,1,NonLeaf,ebp(MOVZX) rbx(-1) ,rflags ,CMP,6,MOVZX,5,JZ,6,CMP,3,SUB,4,MOV,2,MOV,3,CALL_NEAR,5,TEST,2,JZ,2,1,1,0,0,0,JE,0,0,1,0,0,0,CALL,0,1,4441965,4441952,4441978,0,0,0,1,cpp,0.0006514572562023,0.0009337255515736,0,0,0
0x43c767,JZ,93146184,2461233,177,6,0x43c764,CMP,1,NonLeaf,r12(SUB) r15(-1) ,rflags ,CMP,3,SUB,4,NOP,8,JMP,2,SUB,3,MOVZX,5,CMP,6,JZ,2,MOV,2,MOV,3,0,0,0,0,0,RET,1,0,0,0,1,1,JE,0,0,4441952,4442136,4441965,0,0,0,0,cpp,0.0004411608767594,0.0264233368916111,0,0,0
0x43c667,JZ,64306201,17108077,-206,6,0x43c665,TEST,1,NonLeaf,eax(-1) eax(-1) ,rflags ,TEST,2,CALL_NEAR,5,MOV,3,MOV,3,MOV,2,JMP,2,NOP,1,MOV,6,ADD,4,ADD,4,0,0,0,0,0,RET,1,0,1,0,0,0,JMP,0,0,4441701,4441497,4441709,0,0,0,0,cpp,0.0003045683547726,0.2660408597298416,0,0,0
0x43c656,JZ,110167743,45861542,-38,2,0x43c654,TEST,1,NonLeaf,al(-1) al(-1) ,rflags ,TEST,2,CALL_NEAR,5,MOV,3,MOV,2,JZ,2,MOV,2,MOV,3,MOV,3,CALL_NEAR,5,TEST,2,0,0,0,0,0,JE,0,0,1,0,0,0,CALL,0,1,4441684,4441648,4441688,0,0,0,1,cpp,0.0005217787353746,0.4162882959306881,0,0,0
0x43c648,JZ,110274963,107220,-24,2,0x43c642,CMP,1,NonLeaf,ebp(MOVZX) rbx(-1) ,rflags ,CMP,6,MOVZX,5,JZ,6,CMP,3,ADD,4,MOV,2,MOV,3,CALL_NEAR,5,TEST,2,JZ,2,1,1,0,0,0,JE,0,0,1,0,0,0,CALL,0,1,4441661,4441648,4441674,0,0,0,1,cpp,0.0005222865529488,0.0009722968576285,0,0,0
0x43c637,JZ,93166886,2463050,481,6,0x43c634,CMP,1,NonLeaf,r12(ADD) r14(-1) ,rflags ,CMP,3,ADD,4,NOP,2,JMP,2,LEA,5,MOVZX,5,CMP,6,JZ,2,MOV,2,MOV,3,0,0,0,0,0,RET,1,0,0,0,1,1,JE,0,0,4441648,4442136,4441661,0,0,0,0,cpp,0.0004412589259986,0.0264369681734344,0,0,0
0x43c61a,JLE,19738820,167693,510,6,0x43c617,TEST,1,NonLeaf,r14d(-1) r14d(-1) ,rflags ,TEST,3,JL,2,CMP,3,ADD,4,ADD,4,LEA,4,MOV,3,LEA,5,JMP,2,NOP,2,0,0,0,0,0,RET,0,0,0,0,0,0,JMP,0,0,4441623,4442136,4441632,0,1,0,0,cpp,9.348740617648288e-05,0.0084955939615438,0,0,0
0x43c615,JL,1246971935,1227233115,-61,2,0x43c612,CMP,1,NonLeaf,r15d(ADD) eax(-1) ,rflags ,CMP,3,ADD,4,ADD,4,MOV,6,JZ,2,TEST,3,JLE,6,LEA,4,MOV,3,LEA,5,0,0,0,1,1,JE,0,0,1,0,0,0,JLE,1,0,4441610,4441560,4441623,0,0,0,0,cpp,0.005905934183402,0.9841705980335476,1,1,1
0x43c602,JZ,1647846537,1008597549,-105,2,0x43c600,TEST,1,NonLeaf,eax(-1) eax(-1) ,rflags ,TEST,2,CALL_NEAR,5,MOV,3,MOV,3,MOV,2,MOV,6,ADD,4,ADD,4,CMP,3,JL,2,0,0,0,0,0,RET,1,0,0,0,0,0,MOV,0,0,4441600,4441497,4441604,0,0,0,0,cpp,0.0078045647369513,0.612070072275183,1,0,1
0x43c5f1,JZ,2253934088,606087551,19,2,0x43c5ef,TEST,1,NonLeaf,al(-1) al(-1) ,rflags ,TEST,2,CALL_NEAR,5,MOV,3,MOV,2,JZ,2,MOV,2,MOV,3,MOV,3,CALL_NEAR,5,TEST,2,0,1,0,0,0,MOV,0,0,1,0,0,0,CALL,0,1,4441583,4441604,4441587,0,0,0,1,cpp,0.0106751290897772,0.268902074034385,0,0,0
0x43c5e3,JZ,2255569484,1635396,39,2,0x43c5dd,CMP,1,NonLeaf,ebp(MOVZX) rbx(-1) ,rflags ,CMP,6,MOVZX,5,NOP,6,JZ,6,LEA,4,MOV,2,MOV,3,CALL_NEAR,5,TEST,2,JZ,2,1,1,0,0,0,JL,0,0,1,0,0,0,CALL,0,1,4441560,4441610,4441573,0,0,0,1,cpp,0.0106828746860241,0.000725047936497,0,0,0
0x43c5cc,JZ,1028336369,0,187,6,0x43c5c2,TEST,1,NonLeaf,bpl(-1) bpl(-1) ,rflags ,LEA,4,MOV,3,TEST,3,MOVSXD,3,JNL,6,NOP,6,MOVZX,5,CMP,6,JZ,2,MOV,2,0,1,0,1,0,JE,0,0,1,0,0,0,NOP,0,0,4441535,4441735,4441554,0,0,0,0,cpp,0.0048704279087986,0.0,0,0,0
0x43c5b9,JNL,1028336369,0,486,6,0x43c5b6,CMP,1,NonLeaf,r14d(-1) eax(MOV) ,rflags ,CMP,3,MOV,6,NOP,6,RET_NEAR,1,POP,2,MOVSXD,3,TEST,3,MOV,3,LEA,4,JZ,6,0,1,0,0,0,JLE,0,0,1,0,0,0,JE,0,0,4441520,4442015,4441535,0,0,0,0,cpp,0.0048704279087986,0.0,0,0,0
0x43c597,JNZ,1619482232,638152462,-55,2,0x43c595,TEST,1,NonLeaf,eax(-1) eax(-1) ,rflags ,TEST,2,CALL_NEAR,5,MOV,3,MOV,3,MOV,2,ADD,4,MOV,2,POP,1,POP,1,POP,2,0,0,0,0,0,JE,0,0,0,0,0,0,RET,1,0,4441493,4441440,4441497,0,0,0,0,cpp,0.0076702251309136,0.3940472142209955,0,0,0
0x43c586,JZ,2226786133,607303901,-38,2,0x43c584,TEST,1,NonLeaf,al(-1) al(-1) ,rflags ,TEST,2,CALL_NEAR,5,MOV,3,MOV,2,JZ,2,MOV,2,MOV,3,MOV,3,CALL_NEAR,5,TEST,2,0,0,0,0,0,JE,0,0,1,0,0,0,CALL,0,1,4441476,4441440,4441480,0,0,0,1,cpp,0.0105465503856831,0.2727266404258679,0,0,0
0x43c578,JZ,2228355904,1569771,-24,2,0x43c572,CMP,1,NonLeaf,ebp(MOVZX) rbx(-1) ,rflags ,CMP,6,MOVZX,5,JZ,6,CMP,3,SUB,4,MOV,2,MOV,3,CALL_NEAR,5,TEST,2,JZ,2,1,1,0,0,0,JE,0,0,1,0,0,0,CALL,0,1,4441453,4441440,4441466,0,0,0,1,cpp,0.0105539851674523,0.0007044525505024,0,0,0
0x43c567,JZ,1247026134,47030732,862,6,0x43c564,CMP,1,NonLeaf,r12(SUB) r15(-1) ,rflags ,CMP,3,SUB,4,NOP,3,JMP,5,JNZ,2,MOVZX,5,CMP,6,JZ,2,MOV,2,MOV,3,0,1,0,0,0,JL,1,0,0,0,1,1,JE,0,0,4441440,4442309,4441453,0,0,0,0,cpp,0.005906190881823,0.03771431144682,0,0,0
0x43c556,JNZ,1028360502,1028360502,23,2,0x43c54b,TEST,1,NonLeaf,bpl(-1) bpl(-1) ,rflags ,LEA,4,LEA,4,TEST,3,MOVSXD,3,JS,6,JMP,5,NOP,3,SUB,4,CMP,3,JZ,6,0,1,0,1,0,JE,0,0,1,0,0,0,JMP,0,0,4441416,4441453,4441432,0,0,0,0,cpp,0.0048705422080107,1.0,1,0,1
0x43c542,JS,1028360502,0,478,6,0x43c53f,TEST,1,NonLeaf,r14d(-1) r14d(-1) ,rflags ,TEST,3,JZ,2,TEST,2,CALL_NEAR,5,MOV,3,MOVSXD,3,TEST,3,LEA,4,LEA,4,JNZ,2,0,1,0,0,0,JGE,0,0,1,0,0,0,JNE,0,0,4441407,4441888,4441416,0,0,0,0,cpp,0.0048705422080107,0.0,0,0,0
0x43c53d,JZ,2056696871,1028336369,115,2,0x43c53b,TEST,1,NonLeaf,eax(-1) eax(-1) ,rflags ,TEST,2,CALL_NEAR,5,MOV,3,MOV,5,CALL_NEAR,5,TEST,3,JS,6,MOVSXD,3,TEST,3,LEA,4,0,1,0,0,0,JGE,0,0,1,0,0,0,JS,0,0,4441403,4441520,4441407,0,0,0,0,cpp,0.0097409701168093,0.4999941330683339,0,0,0
0x43c38c,JNZ,5,4,-46,2,0x43c385,CMP,1,NonLeaf,rbx(-1) ,rflags ,CMP,7,MOV,4,OR,3,SHL,4,MOV,2,ADD,4,POP,1,POP,1,POP,2,POP,2,0,0,0,1,1,CALL,0,1,1,1,0,0,RET,1,0,4440949,4440926,4440974,1,0,1,0,cpp,2.3681103069100102e-11,0.8,1,1,1
0x43c357,JNZ,2,1,-72,2,0x43c350,CMP,1,NonLeaf,r13(ADD) ,rflags ,CMP,7,ADD,7,JNZ,2,CMP,7,ADD,4,MOV,5,MOV,3,ADD,4,CALL_NEAR,5,MOV,3,0,0,0,1,1,NOP,0,0,1,1,0,0,MOV,1,0,4440905,4440847,4440921,0,0,0,0,cpp,9.47244122764004e-12,0.5,0,1,0
0x43c347,JNZ,1764,1762,-47,2,0x43c340,CMP,1,NonLeaf,rbx(ADD) ,rflags ,CMP,7,ADD,4,MOV,5,OR,3,SHL,4,ADD,7,CMP,7,JNZ,2,MOV,5,MOV,3,0,0,0,1,1,CALL,0,1,1,1,0,0,JNE,1,0,4440875,4440856,4440905,0,0,1,0,cpp,8.354693162778516e-09,0.9988662131519276,1,1,1
0x43c307,JNZ,4,3,-68,2,0x43c300,CMP,1,NonLeaf,r13(ADD) ,rflags ,CMP,7,ADD,7,JNZ,2,CMP,7,ADD,4,MOV,6,XOR,2,NOP,7,MOV,3,CALL_NEAR,5,0,0,0,1,1,NOP,0,0,1,1,0,0,MOV,1,0,4440825,4440771,4440841,0,0,0,0,cpp,1.894488245528008e-11,0.75,1,1,1
0x43c2f7,JNZ,1764,1760,-47,2,0x43c2f0,CMP,1,NonLeaf,rbx(ADD) ,rflags ,CMP,7,ADD,4,MOV,5,OR,3,SHL,4,ADD,7,CMP,7,JNZ,2,MOV,6,XOR,2,0,0,0,1,1,CALL,0,1,1,1,0,0,JNE,1,0,4440795,4440776,4440825,0,0,1,0,cpp,8.354693162778516e-09,0.9977324263038548,1,1,1
0x43c26c,JNZ,1,1,46,2,0x43c269,TEST,1,NonLeaf,rbp(-1) rbp(-1) ,rflags ,TEST,3,JNBE,6,CMP,3,NOP,9,JMP,5,XOR,2,XOR,3,JMP,5,SHL,4,ADD,3,0,1,0,0,0,JMP,0,0,1,0,0,0,JMP,0,0,4440681,4440730,4440686,1,0,0,0,cpp,4.736220613820021e-12,1.0,1,0,1
0x43c263,JNBE,1,0,-304,6,0x43c260,CMP,1,NonLeaf,rbp(-1) r9(-1) ,rflags ,CMP,3,NOP,9,JMP,5,POP,2,POP,2,TEST,3,JNZ,2,XOR,2,XOR,3,JMP,5,0,0,0,0,0,MOV,0,0,1,0,0,0,JNE,0,0,4440672,4440371,4440681,0,0,0,0,cpp,4.736220613820021e-12,0.0,0,0,0
0x43c233,JZ,1,1,7,2,0x43c230,TEST,1,NonLeaf,rdi(-1) rdi(-1) ,rflags ,TEST,3,LEA,5,AND,4,SUB,3,ADD,4,CALL_NEAR,5,ADD,3,MOV,3,MOV,4,MOV,4,0,1,1,0,0,JMP,0,0,1,0,0,0,CALL,0,1,4440624,4440634,4440629,0,0,1,1,cpp,4.736220613820021e-12,1.0,1,0,1
0x43c1f0,JZ,1,1,64,2,0x43c1ed,CMP,1,NonLeaf,rsi(-1) r8(-1) ,rflags ,CMP,3,ADD,3,SHL,4,LEA,5,AND,4,MOV,3,MOV,3,NOP,8,TEST,3,JZ,2,0,1,1,0,0,JE,0,0,1,0,0,0,NOP,0,0,4440550,4440624,4440562,0,0,0,0,cpp,4.736220613820021e-12,1.0,1,0,1
0x43c1a0,JZ,1,1,232,6,0x43c19d,CMP,1,NonLeaf,rsi(-1) rdi(-1) ,rflags ,CMP,3,JNZ,2,SUB,4,ADD,4,MOV,4,MOV,3,MOV,3,NOP,4,TEST,3,JZ,2,0,1,0,0,0,JMP,0,0,1,0,0,0,NOP,0,0,4440477,4440712,4440486,0,0,0,0,cpp,4.736220613820021e-12,1.0,1,0,1
0x43c19b,JNZ,200000,199999,-27,2,0x43c197,SUB,1,NonLeaf,rax(SUB) ,rax rflags ,SUB,4,ADD,4,MOV,4,MOV,3,MOV,4,CMP,3,JZ,6,MOV,3,MOV,3,NOP,4,0,0,0,1,1,JE,0,0,1,1,0,0,JE,1,0,4440467,4440448,4440477,0,0,0,0,cpp,9.47244122764004e-07,0.999995,1,1,1
0x43c183,JZ,200000,0,16,2,0x43c180,TEST,1,NonLeaf,r11(-1) r11(-1) ,rflags ,TEST,3,NOP,9,ADD,3,SHL,4,MOV,3,MOV,3,MOV,4,MOV,3,MOV,4,ADD,4,1,1,1,0,0,JNE,0,0,1,0,0,0,MOV,0,0,4440448,4440467,4440453,1,0,0,1,cpp,9.47244122764004e-07,0.0,0,0,0
0x43c12d,JNB,1,1,307,6,0x43c12a,ADD,1,NonLeaf,rbp(ADD) rax(-1) ,rbp rflags ,ADD,3,SAR,4,SUB,3,CMOVNB,4,MOV,3,MOV,7,MOV,3,MOV,5,MOV,5,MOV,5,0,1,0,0,0,JA,0,0,1,0,0,0,MOV,0,0,4440342,4440672,4440371,0,0,0,0,cpp,4.736220613820021e-12,1.0,1,0,1
0x43c110,JNBE,1,0,384,6,0x43c10d,CMP,1,NonLeaf,rdx(-1) r10(SUB) ,rflags ,CMP,3,SUB,3,SAR,4,SUB,3,MOV,3,CMP,3,MOV,3,MOV,3,CMOVNB,4,SUB,3,0,1,0,0,0,CALL,0,1,1,0,0,0,JAE,0,0,4440304,4440720,4440342,0,0,1,0,cpp,4.736220613820021e-12,0.0,0,0,0
0x43bf88,JNBE,1,1,360,6,0x43bf85,CMP,1,NonLeaf,rdx(-1) rax(SAR) ,rflags ,CMP,3,SAR,4,SUB,3,MOV,4,MOV,4,MOV,3,MOV,3,MOV,3,SUB,3,MOVSS,5,0,1,0,0,0,JA,1,0,1,0,0,0,JAE,0,0,4439913,4440304,4439950,0,0,0,0,cpp,4.736220613820021e-12,1.0,1,0,1
0x43bf63,JZ,1,0,227,6,0x43bf60,TEST,1,NonLeaf,rdx(-1) rdx(-1) ,rflags ,TEST,3,INVALID,0,INVALID,0,INVALID,0,INVALID,0,PUSH,2,PUSH,2,PUSH,1,PUSH,1,MOV,3,0,1,0,0,0,REPZ RET,1,0,1,0,0,0,JA,0,0,4439904,4440134,4439913,0,0,0,1,cpp,4.736220613820021e-12,0.0,0,0,0
0x43bef2,JBE,1,1,46,2,0x43beec,CMP,1,NonLeaf,rax(SAR) ,rflags ,CMP,6,SAR,4,SUB,3,MOV,3,MOV,8,CMP,6,JZ,2,ADD,7,MOV,4,MOV,7,0,1,0,0,0,CALL,0,1,1,0,0,0,JE,0,0,4439747,4439840,4439796,0,0,1,0,cpp,4.736220613820021e-12,1.0,1,0,1
0x43be8a,JZ,76945560,1,6,2,0x43be87,TEST,1,NonLeaf,rax(MOV) rax(MOV) ,rflags ,TEST,3,MOV,7,INVALID,0,INVALID,0,INVALID,0,RET_NEAR,1,NOP,3,PUSH,1,MOV,5,PUSH,1,0,1,0,0,0,CALL,0,1,1,0,0,0,RET,0,0,4439680,4439696,4439692,0,0,1,0,cpp,0.0003644311474139,1.299620147023428e-08,0,0,0
0x43bd6f,JLE,35928075,35366492,-44,2,0x43bd6c,CMP,1,NonLeaf,r12d(-1) eax(-1) ,rflags ,CMP,3,CALL_NEAR,5,MOV,4,MOV,3,NOP,10,MOV,3,MOV,3,MOV,4,CALL_NEAR,5,MOV,3,0,0,1,0,0,CALL,0,1,1,0,0,0,CALL,0,1,4439404,4439363,4439409,0,0,1,1,cpp,0.0001701632894298,0.9843692432728444,1,0,1
0x43bd41,JZ,38472780,35928075,31,2,0x43bd3e,CMP,1,NonLeaf,r12(-1) rax(ADD) ,rflags ,CMP,3,ADD,3,MOV,3,CALL_NEAR,5,SHL,4,MOV,3,CALL_NEAR,5,ADD,4,POP,1,POP,1,0,1,0,0,0,CALL,0,1,1,1,0,0,CALL,0,1,4439352,4439392,4439363,0,0,1,1,cpp,0.0001822155737069,0.9338570022753748,1,0,1
0x4b1b43,JBE,10,8,93,2,0x4b1b41,CMP,1,NonLeaf,al(LEA) ,rflags ,CMP,2,LEA,4,MOV,4,MOVSX,4,MOV,6,LEA,4,CMP,4,SETNZ,4,CMP,2,JBE,6,0,1,0,0,0,XOR,0,0,1,0,0,0,JBE,0,0,4922165,4922272,4922181,0,0,0,0,cpp,4.7362206138200205e-11,0.8,1,0,1
0x4b0b83,JZ,1,0,34,2,0x4b0b80,TEST,1,NonLeaf,r12b(-1) r12b(-1) ,rflags ,TEST,3,JNZ,6,MOV,4,TEST,3,MOV,4,MOV,5,CMP,6,JNB,2,MOV,3,CALL_NEAR,3,0,1,1,0,0,CALL,0,1,1,0,0,0,JAE,0,0,4918144,4918181,4918149,0,0,1,0,cpp,4.736220613820021e-12,0.0,0,0,0
0x528f6c,JZ,1,1,109,2,0x528f69,CMP,1,NonLeaf,r8(-1) rsi(-1) ,rflags ,CMP,3,MOV,5,MOV,4,JNZ,6,MOV,4,MOV,3,SUB,3,MOV,3,SHR,4,LEA,8,0,0,1,0,0,JE,0,0,0,0,0,0,JE,0,0,5410665,5410777,5410670,0,0,1,0,cpp,4.736220613820021e-12,1.0,1,0,1
0x47145f,JNZ,40412,0,265,6,0x47145d,TEST,1,NonLeaf,dl(-1) dl(-1) ,rflags ,TEST,2,JNB,6,SETB,3,CMP,4,MOV,4,LEA,4,MOV,5,CMP,6,JBE,2,MOV,10,0,1,0,0,0,MOV,0,0,1,0,0,0,JBE,0,0,4658269,4658536,4658277,0,0,1,0,cpp,1.914001474456947e-07,0.0,0,0,0
0x433e1e,JNZ,946,52,-95,2,0x433e1b,TEST,1,NonLeaf,rbx(MOV) rbx(MOV) ,rflags ,TEST,3,MOV,4,MOV,4,JNS,2,TEST,2,MOV,4,ADD,4,POP,1,POP,1,POP,2,0,0,0,1,1,CALL,0,1,0,0,0,0,RET,1,0,4406803,4406719,4406816,0,0,1,0,cpp,4.480464700673739e-09,0.054968287526427,0,0,0
0x433e11,JNS,946,0,47,2,0x433e0f,TEST,1,NonLeaf,eax(-1) eax(-1) ,rflags ,TEST,2,JL,2,CMP,6,JNLE,2,CMP,6,MOV,4,MOV,4,TEST,3,JNZ,2,MOV,4,0,0,0,0,0,MOV,1,0,0,0,0,0,JNE,0,0,4406799,4406848,4406803,0,0,0,1,cpp,4.480464700673739e-09,0.0,0,0,0
0x433df7,JNZ,946,946,24,2,0x433df5,TEST,1,NonLeaf,eax(-1) eax(-1) ,rflags ,TEST,2,CALL_NEAR,5,MOV,3,MOV,3,MOV,3,MOV,3,SUB,3,CMP,6,JNLE,2,CMP,6,0,1,0,0,0,JNS,0,0,1,0,0,0,JG,0,0,4406773,4406799,4406777,0,0,0,0,cpp,4.480464700673739e-09,1.0,1,0,1
0x433de5,JS,946,0,-47,2,0x433de3,TEST,1,NonLeaf,eax(-1) eax(-1) ,rflags ,TEST,2,JZ,2,TEST,2,CALL_NEAR,5,MOV,3,MOV,3,MOV,3,MOV,3,CALL_NEAR,5,TEST,2,0,0,0,0,0,JE,0,0,0,0,0,0,CALL,0,1,4406755,4406710,4406759,0,0,0,1,cpp,4.480464700673739e-09,0.0,0,0,0
0x433de1,JZ,946,0,-65,2,0x433ddf,TEST,1,NonLeaf,eax(-1) eax(-1) ,rflags ,TEST,2,CALL_NEAR,5,MOV,3,CMOVBE,4,MOV,3,TEST,2,JS,2,MOV,3,MOV,3,MOV,3,0,1,0,0,0,JG,0,0,1,0,0,0,JS,0,0,4406751,4406688,4406755,0,0,0,0,cpp,4.480464700673739e-09,0.0,0,0,0
0x433d8d,JZ,894,0,147,6,0x433d8a,TEST,1,NonLeaf,rbx(MOV) rbx(MOV) ,rflags ,TEST,3,MOV,4,MOV,4,SUB,4,PUSH,1,MOV,3,MOV,4,JMP,2,NOP,4,MOV,3,0,1,0,0,0,RET,0,0,1,0,0,0,JMP,0,0,4406640,4406816,4406675,0,0,0,0,cpp,4.234181228755098e-09,0.0,0,0,0
0x433d57,JNL,894,894,9,2,0x433d50,CMP,1,NonLeaf,r15(-1) ,rflags ,CMP,7,NOP,1,RET_NEAR,1,POP,2,POP,2,MOV,3,JMP,2,NOP,2,MOV,3,TEST,2,0,1,0,0,0,MOV,0,0,0,0,0,0,JMP,0,0,4406608,4406624,4406617,0,0,0,0,cpp,4.234181228755098e-09,1.0,1,0,1
0x433d3b,JLE,894,894,21,2,0x433d34,CMP,1,NonLeaf,r15(SUB) ,rflags ,CMP,7,SUB,3,JNZ,2,TEST,2,CALL_NEAR,5,ADD,4,MOV,3,POP,1,POP,1,POP,2,0,1,0,0,0,JGE,0,0,0,1,0,0,RET,0,0,4406577,4406608,4406589,0,0,0,0,cpp,4.234181228755098e-09,1.0,1,0,1
0x433d2f,JNZ,1781,887,52,2,0x433d2d,TEST,1,NonLeaf,eax(-1) eax(-1) ,rflags ,TEST,2,CALL_NEAR,5,CMOVBE,4,MOV,3,CMP,3,SUB,3,CMP,7,JLE,2,ADD,4,MOV,3,0,1,0,0,0,JMP,0,0,1,0,0,0,JLE,0,0,4406573,4406627,4406577,0,0,0,0,cpp,8.435208913213457e-09,0.498034811903425,0,0,0
0x433d11,JZ,2662,881,44,2,0x433d0e,CMP,1,NonLeaf,r14(-1) r13(-1) ,rflags ,CMP,3,JNZ,2,TEST,3,MOV,4,JNL,2,MOV,4,MOV,3,MOV,4,CMP,3,MOV,3,0,0,1,0,0,RET,0,0,1,0,0,0,CALL,0,1,4406542,4406589,4406547,1,0,0,1,cpp,1.2607819273988897e-08,0.330954169797145,0,0,0
0x433d0c,JNZ,1053,169,-58,2,0x433d09,TEST,1,NonLeaf,rbx(MOV) rbx(MOV) ,rflags ,TEST,3,MOV,4,JNL,2,CMP,7,JNLE,2,CMP,3,JZ,2,MOV,4,MOV,3,MOV,4,0,0,0,1,1,CALL,0,1,0,1,0,0,JE,1,0,4406533,4406482,4406542,0,0,1,0,cpp,4.9872403063524815e-09,0.1604938271604938,0,0,0
0x433d03,JNL,894,894,-67,2,0x433cfc,CMP,1,NonLeaf,rbp(-1) ,rflags ,CMP,7,JNLE,2,CMP,7,SUB,3,JNZ,2,MOV,4,TEST,3,JNZ,2,CMP,3,JZ,2,0,1,0,0,0,MOV,0,0,0,0,0,0,JNE,0,0,4406524,4406464,4406533,0,0,0,0,cpp,4.234181228755098e-09,1.0,1,0,1
0x433cfa,JNLE,894,0,-52,2,0x433cf3,CMP,1,NonLeaf,rbp(SUB) ,rflags ,CMP,7,SUB,3,JNZ,2,TEST,2,CALL_NEAR,5,CMP,7,JNL,2,MOV,4,TEST,3,JNZ,2,0,0,0,0,0,JE,0,0,1,0,0,0,JGE,0,0,4406512,4406470,4406524,0,0,0,0,cpp,4.234181228755098e-09,0.0,0,0,0
0x433cee,JNZ,2871,1977,-44,2,0x433cec,TEST,1,NonLeaf,eax(-1) eax(-1) ,rflags ,TEST,2,CALL_NEAR,5,CMOVBE,4,MOV,3,CMP,3,SUB,3,CMP,7,JNLE,2,CMP,7,JNL,2,0,1,0,0,0,JS,0,0,1,0,0,0,JG,0,0,4406508,4406466,4406512,0,0,0,0,cpp,1.359768938227728e-08,0.6886102403343782,1,0,1
0x433cd0,JZ,1818,1778,62,2,0x433ccd,TEST,1,NonLeaf,rbx(MOV) rbx(MOV) ,rflags ,TEST,3,MOV,4,MOV,3,JS,2,TEST,2,MOV,4,MOV,3,MOV,4,CMP,3,MOV,3,0,0,1,0,0,JE,1,0,0,0,1,1,CALL,0,1,4406470,4406542,4406482,0,0,0,1,cpp,8.610449075924797e-09,0.977997799779978,1,0,1
0x433cc4,JS,2871,1053,65,2,0x433cc2,TEST,1,NonLeaf,eax(MOV) eax(MOV) ,rflags ,TEST,2,MOV,2,NOP,4,JMP,2,MOV,5,MOV,3,MOV,4,TEST,3,JZ,2,MOV,4,0,0,0,0,0,JNE,0,0,0,0,0,0,JE,0,0,4406466,4406533,4406470,0,0,0,0,cpp,1.359768938227728e-08,0.3667711598746082,0,0,0
0x433ca9,JZ,2662,0,176,6,0x433ca6,TEST,1,NonLeaf,rbx(MOV) rbx(MOV) ,rflags ,TEST,3,MOV,4,SUB,4,PUSH,1,PUSH,1,MOV,3,MOV,3,MOV,5,JMP,2,NOP,4,0,1,0,0,0,JMP,0,0,1,0,0,0,JMP,0,0,4406416,4406617,4406447,0,0,0,0,cpp,1.2607819273988897e-08,0.0,0,0,0
0x4338f6,JZ,437,437,7,2,0x4338f3,TEST,1,NonLeaf,rdi(-1) rdi(-1) ,rflags ,TEST,3,MOV,7,MOV,5,JNZ,6,CMP,5,CALL_NEAR,5,MOV,5,MOV,5,LEA,7,MOV,7,0,1,1,0,0,JMP,0,0,1,0,0,0,CALL,0,1,4405491,4405501,4405496,0,0,1,1,cpp,2.0697284082393488e-09,1.0,1,0,1
0x433502,JZ,437,437,1009,6,0x4334e5,CMP,1,NonLeaf,rdx(MOV) rax(MOV) ,rflags ,MOV,8,MOV,3,MOV,5,MOV,5,MOV,5,MOV,7,LEA,7,CALL_NEAR,5,MOV,8,MOV,3,0,1,1,0,0,JE,0,0,1,0,1,0,CALL,0,1,4404427,4405491,4404488,0,0,0,1,cpp,2.0697284082393488e-09,1.0,1,0,1
0x432a7a,JZ,437,437,2641,6,0x432a6d,CMP,1,NonLeaf,rbx(-1) rsp(-1) ,rflags ,MOV,3,MOV,5,CMP,5,CALL_NEAR,5,MOV,3,MOV,5,TEST,3,JZ,6,TEST,4,MOV,3,0,1,0,0,0,JE,1,0,1,0,0,0,MOV,0,0,4401773,4404427,4401792,0,0,1,1,cpp,2.0697284082393488e-09,1.0,1,0,1
0x432a5a,JNZ,437,0,-2134,6,0x432a57,TEST,1,NonLeaf,rax(IMUL) rax(IMUL) ,rflags ,TEST,3,IMUL,4,SAR,4,SUB,3,MOV,3,MOV,5,MOV,3,CALL_NEAR,5,CMP,5,MOV,5,0,0,0,0,0,JE,1,0,1,0,0,0,CALL,0,1,4401737,4399620,4401760,0,0,0,1,cpp,2.0697284082393488e-09,0.0,0,0,0
0x4328bd,JZ,437,437,102,2,0x4328ba,TEST,1,NonLeaf,rsi(MOV) rsi(MOV) ,rflags ,TEST,3,MOV,7,MOV,7,MOV,7,LEA,7,CALL_NEAR,5,MOV,7,MOV,3,MOV,4,TEST,3,0,1,1,0,0,MOV,0,0,1,0,0,0,CALL,0,1,4401264,4401443,4401343,0,0,0,1,cpp,2.0697284082393488e-09,1.0,1,0,1
0x432845,JZ,437,437,43,2,0x432842,CMP,1,NonLeaf,r14(MOV) r13(MOV) ,rflags ,CMP,3,MOV,7,MOV,7,MOV,7,MOV,7,MOV,3,TEST,3,JZ,2,MOV,3,MOV,3,0,1,1,0,0,JE,0,0,1,0,0,0,MOV,0,0,4401180,4401264,4401223,0,0,1,0,cpp,2.0697284082393488e-09,1.0,1,0,1
0x432811,JNZ,437,0,329,6,0x43280e,TEST,1,NonLeaf,rdx(IMUL) rdx(IMUL) ,rflags ,TEST,3,IMUL,4,SAR,4,MOV,11,MOV,11,XOR,3,XOR,2,ADD,3,MOV,7,MOV,7,0,1,0,0,0,JA,0,0,1,0,0,0,XOR,0,0,4401079,4401498,4401175,0,0,0,0,cpp,2.0697284082393488e-09,0.0,0,0,0
0x43279f,JZ,437,437,24,2,0x43279c,TEST,1,NonLeaf,rax(SAR) rax(SAR) ,rflags ,TEST,3,SAR,4,SUB,3,MOV,7,XOR,2,LEA,8,MOV,3,MOV,3,CALL_NEAR,5,MOV,3,0,1,1,0,0,JNE,0,0,1,0,0,0,CALL,0,1,4401005,4401079,4401057,0,0,1,1,cpp,2.0697284082393488e-09,1.0,1,0,1
0x432767,JNZ,437,0,667,6,0x432764,TEST,1,NonLeaf,rdx(SAR) rdx(SAR) ,rflags ,TEST,3,SAR,4,MOV,11,MOV,11,MOV,11,ADD,3,MOV,7,MOV,7,MOV,7,MOV,7,0,1,0,0,0,JA,0,0,1,0,0,0,JE,0,0,4400931,4401666,4401005,0,0,0,1,cpp,2.0697284082393488e-09,0.0,0,0,0
0x43270b,JZ,437,437,24,2,0x432708,TEST,1,NonLeaf,rax(SAR) rax(SAR) ,rflags ,TEST,3,SAR,4,SUB,3,MOV,7,XOR,2,LEA,8,MOV,3,MOV,3,CALL_NEAR,5,MOV,3,0,1,1,0,0,JNE,0,0,1,0,0,0,CALL,0,1,4400857,4400931,4400909,0,0,1,1,cpp,2.0697284082393488e-09,1.0,1,0,1
0x4326d3,JNZ,437,0,3231,6,0x4326d0,TEST,1,NonLeaf,rdx(SAR) rdx(SAR) ,rflags ,TEST,3,SAR,4,MOV,11,MOV,11,MOV,11,ADD,3,MOV,7,MOV,7,MOV,7,MOV,7,0,1,0,0,0,JA,0,0,1,0,0,0,JE,0,0,4400793,4404082,4400857,0,0,0,1,cpp,2.0697284082393488e-09,0.0,0,0,0
0x432693,JZ,437,0,6,2,0x43268e,TEST,0,NonLeaf,al(-1) ,rflags ,MOVSQ,3,TEST,2,SHR,3,MOV,2,MOV,5,MOV,2,MOV,2,MOV,7,SUB,7,XOR,2,0,1,1,0,0,JNE,0,0,1,0,0,0,MOV,0,0,4400787,4400793,4400789,0,0,1,1,cpp,2.0697284082393488e-09,0.0,0,0,0
0x432667,JZ,437,0,34,2,0x43254b,TEST,1,NonLeaf,dil(LEA) ,rflags ,MOV,5,MOV,7,MOV,7,MOV,7,MOV,7,MOV,7,LEA,7,LEA,7,MOV,6,MOV,5,0,1,1,0,0,TEST,0,0,1,0,0,0,MOV,0,0,4400406,4400777,4400745,0,0,0,1,cpp,2.0697284082393488e-09,0.0,0,0,0
0x4324fe,JZ,437,437,24,2,0x4324fb,TEST,1,NonLeaf,rax(SAR) rax(SAR) ,rflags ,TEST,3,SAR,4,SUB,3,MOV,7,XOR,2,LEA,8,MOV,3,MOV,3,CALL_NEAR,5,MOV,3,0,1,1,0,0,JE,0,0,1,0,0,0,CALL,0,1,4400332,4400406,4400384,0,0,1,1,cpp,2.0697284082393488e-09,1.0,1,0,1
0x4324c6,JNZ,437,0,1297,6,0x432471,TEST,1,NonLeaf,rdx(SAR) rdx(SAR) ,rflags ,MOV,7,MOV,11,MOV,11,MOV,11,MOV,7,ADD,3,MOV,7,MOV,7,MOV,7,MOV,7,0,1,0,0,0,JA,0,0,1,0,0,0,JE,0,0,4400156,4401623,4400332,0,0,0,1,cpp,2.0697284082393488e-09,0.0,0,0,0
0x432412,JZ,437,0,10,2,0x432410,TEST,1,NonLeaf,al(-1) ,rflags ,TEST,2,MOV,5,MOV,2,MOV,2,JZ,2,MOVZX,4,MOV,4,MOV,7,MOV,7,XOR,2,0,1,1,0,0,JNE,0,0,1,0,0,0,MOV,0,0,4400144,4400156,4400148,0,0,1,1,cpp,2.0697284082393488e-09,0.0,0,0,0
0x432405,JZ,437,0,11,2,0x432400,TEST,0,NonLeaf,al(-1) ,rflags ,MOVSQ,3,TEST,2,SHR,3,XOR,2,MOV,2,MOV,2,MOV,2,MOV,5,TEST,2,JZ,2,0,1,1,0,0,JE,0,0,1,0,0,0,MOV,0,0,4400133,4400144,4400135,0,0,0,1,cpp,2.0697284082393488e-09,0.0,0,0,0
0x4323d7,JZ,437,0,34,2,0x4323d3,TEST,1,NonLeaf,dil(LEA) ,rflags ,TEST,4,MOV,5,LEA,7,MOV,2,LEA,7,MOV,7,LEA,7,LEA,7,MOV,6,MOV,5,0,1,1,0,0,TEST,0,0,1,0,0,0,MOV,0,0,4400060,4400121,4400089,0,0,0,1,cpp,2.0697284082393488e-09,0.0,0,0,0
0x4323a0,JZ,437,437,6,2,0x43239b,TEST,0,NonLeaf,al(-1) ,rflags ,MOVSQ,3,TEST,2,SHR,3,MOV,2,MOV,5,MOV,2,MOV,2,LEA,7,LEA,7,MOV,5,0,1,1,0,0,MOV,0,0,1,0,0,0,MOV,0,0,4400032,4400038,4400034,0,0,0,1,cpp,2.0697284082393488e-09,1.0,1,0,1
0x432374,JZ,437,0,34,2,0x432370,TEST,1,NonLeaf,dil(LEA) ,rflags ,TEST,4,MOV,5,LEA,7,MOV,2,LEA,7,MOV,7,LEA,7,LEA,7,MOV,6,MOV,5,0,1,1,0,0,TEST,0,0,1,0,0,0,MOV,0,0,4399961,4400022,4399990,0,0,0,1,cpp,2.0697284082393488e-09,0.0,0,0,0
0x43233d,JZ,437,437,6,2,0x432338,TEST,0,NonLeaf,al(-1) ,rflags ,MOVSQ,3,TEST,2,SHR,3,MOV,2,MOV,5,MOV,2,MOV,2,LEA,7,LEA,7,MOV,5,0,1,1,0,0,MOV,0,0,1,0,0,0,MOV,0,0,4399933,4399939,4399935,0,0,0,1,cpp,2.0697284082393488e-09,1.0,1,0,1
0x432311,JZ,437,0,34,2,0x43230d,TEST,1,NonLeaf,dil(LEA) ,rflags ,TEST,4,MOV,5,LEA,7,MOV,2,LEA,7,MOV,7,LEA,7,LEA,7,MOV,6,MOV,5,0,1,1,0,0,TEST,0,0,1,0,0,0,MOV,0,0,4399862,4399923,4399891,0,0,0,1,cpp,2.0697284082393488e-09,0.0,0,0,0
0x4322b0,JZ,437,437,9,2,0x4322ae,TEST,1,NonLeaf,al(-1) ,rflags ,TEST,2,ADD,4,MOV,4,MOVZX,4,JZ,2,MOVZX,4,MOV,3,MOV,7,LEA,7,LEA,7,0,1,1,0,0,MOV,0,0,1,0,0,0,MOV,0,0,4399790,4399801,4399794,0,0,1,1,cpp,2.0697284082393488e-09,1.0,1,0,1
0x4322a0,JZ,437,437,14,2,0x43229e,TEST,1,NonLeaf,al(-1) ,rflags ,TEST,2,MOV,5,MOV,2,MOV,2,JZ,2,MOVZX,4,MOV,4,ADD,4,TEST,2,JZ,2,0,1,1,0,0,JE,0,0,1,0,0,0,ADD,0,0,4399774,4399790,4399778,0,0,0,1,cpp,2.0697284082393488e-09,1.0,1,0,1
0x432293,JZ,437,0,11,2,0x43228e,TEST,0,NonLeaf,al(-1) ,rflags ,MOVSQ,3,TEST,2,SHR,3,XOR,2,MOV,2,MOV,2,MOV,2,MOV,5,TEST,2,JZ,2,0,1,1,0,0,JE,0,0,1,0,0,0,MOV,0,0,4399763,4399774,4399765,0,0,0,1,cpp,2.0697284082393488e-09,0.0,0,0,0
0x432275,JZ,437,0,18,2,0x432271,TEST,1,NonLeaf,dil(LEA) ,rflags ,TEST,4,MOV,5,MOV,7,LEA,7,LEA,7,MOV,2,ADD,4,ADD,4,SUB,3,MOV,3,0,1,1,0,0,TEST,0,0,1,0,0,0,MOV,0,0,4399729,4399751,4399735,0,1,0,1,cpp,2.0697284082393488e-09,0.0,0,0,0
0x43224d,JZ,437,0,36,2,0x432249,TEST,1,NonLeaf,dil(LEA) ,rflags ,TEST,4,MOV,5,LEA,7,MOV,3,LEA,7,MOVZX,8,LEA,7,LEA,7,MOV,7,MOV,5,0,1,1,0,0,JE,0,0,1,0,0,0,MOV,0,0,4399664,4399729,4399695,0,0,0,1,cpp,2.0697284082393488e-09,0.0,0,0,0
0x43221c,JZ,437,0,1811,6,0x432219,TEST,1,NonLeaf,rbx(-1) rbx(-1) ,rflags ,TEST,3,JZ,6,LEA,7,CMP,3,MOV,5,MOV,5,MOV,3,MOV,3,MOVSQ,3,MOVZX,3,0,1,0,0,0,MOV,1,0,1,0,0,0,MOV,0,0,4399641,4401455,4399650,0,0,1,0,cpp,2.0697284082393488e-09,0.0,0,0,0
0x432213,JZ,437,0,2074,6,0x432209,CMP,1,NonLeaf,rbx(-1) rdx(-1) ,rflags ,LEA,7,CMP,3,MOV,5,JZ,6,TEST,3,TEST,3,JZ,6,MOV,5,MOV,3,MOV,3,0,1,0,0,0,CALL,1,1,1,0,0,0,JE,0,0,4399620,4401709,4399641,0,0,1,0,cpp,2.0697284082393488e-09,0.0,0,0,0
0x4321fe,JZ,437,437,2123,6,0x4321fb,TEST,1,NonLeaf,rax(IMUL) rax(IMUL) ,rflags ,TEST,3,IMUL,4,SAR,4,SUB,3,MOV,5,MOV,5,CMP,3,LEA,7,JZ,6,TEST,3,0,1,0,0,0,JNE,0,0,1,0,0,0,JE,1,0,4399536,4401737,4399620,0,0,0,0,cpp,2.0697284082393488e-09,1.0,1,0,1
0x4320e2,JNLE,10,10,-140,6,0x4320e0,TEST,1,NonLeaf,eax(-1) eax(-1) ,rflags ,TEST,2,XADD_LOCK,4,OR,3,JZ,6,TEST,3,LEA,5,CALL_NEAR,5,JMP,5,MOV,5,CALL_NEAR,5,0,0,1,0,0,JNE,0,0,1,0,0,0,CALL,0,1,4399328,4399190,4399336,0,0,0,1,cpp,4.7362206138200205e-11,1.0,1,0,1
0x4320d3,JZ,10,10,193,6,0x4320d0,TEST,1,NonLeaf,rcx(MOV) rcx(MOV) ,rflags ,TEST,3,LEA,4,MOV,5,JMP,2,CALL_NEAR,5,OR,3,XADD_LOCK,4,TEST,2,JNLE,6,LEA,5,0,1,0,0,0,JMP,0,0,1,0,0,0,LOCK XADD,0,0,4399303,4399508,4399321,0,0,1,0,cpp,4.7362206138200205e-11,1.0,1,0,1
0x4320b9,JNLE,10,0,-81,2,0x4320b7,TEST,1,NonLeaf,eax(-1) eax(-1) ,rflags ,TEST,2,XADD_LOCK,4,OR,3,JZ,6,TEST,3,LEA,5,CALL_NEAR,5,JMP,2,MOV,5,LEA,4,0,0,1,0,0,RET,0,0,1,0,0,0,CALL,0,1,4399287,4399208,4399291,0,0,0,1,cpp,4.7362206138200205e-11,0.0,0,0,0
0x4320aa,JZ,10,10,218,6,0x4320a7,TEST,1,NonLeaf,rcx(MOV) rcx(MOV) ,rflags ,TEST,3,LEA,4,MOV,5,JMP,5,CALL_NEAR,5,OR,3,XADD_LOCK,4,TEST,2,JNLE,2,LEA,5,0,1,0,0,0,JMP,0,0,1,0,0,0,LOCK XADD,0,0,4399262,4399492,4399280,0,0,1,0,cpp,4.7362206138200205e-11,1.0,1,0,1
0x43208a,JNLE,11,11,-114,2,0x432088,TEST,1,NonLeaf,edx(-1) edx(-1) ,rflags ,TEST,2,XADD_LOCK,4,OR,3,JZ,6,TEST,3,LEA,5,MOV,3,CALL_NEAR,5,JMP,5,MOV,5,0,0,1,0,0,JE,0,0,1,0,0,0,CALL,0,1,4399240,4399128,4399244,0,0,0,1,cpp,5.209842675202023e-11,1.0,1,0,1
0x43207b,JZ,11,11,192,6,0x432078,TEST,1,NonLeaf,rsi(MOV) rsi(MOV) ,rflags ,TEST,3,LEA,4,MOV,5,RET_NEAR,1,POP,1,OR,3,XADD_LOCK,4,TEST,2,JNLE,2,LEA,5,0,1,0,0,0,JMP,0,0,1,0,0,0,LOCK XADD,0,0,4399215,4399419,4399233,0,0,1,0,cpp,5.209842675202023e-11,1.0,1,0,1
0x432066,JNZ,10,10,56,2,0x43205f,CMP,1,NonLeaf,rdi(LEA) ,rflags ,CMP,7,LEA,4,MOV,5,JNZ,2,CMP,7,ADD,4,POP,1,POP,1,RET_NEAR,1,MOV,5,0,1,0,0,0,JE,0,0,1,1,0,0,RET,0,0,4399190,4399262,4399208,0,0,0,0,cpp,4.7362206138200205e-11,1.0,1,1,1
0x432054,JNZ,10,10,115,2,0x43204d,CMP,1,NonLeaf,rdi(LEA) ,rflags ,CMP,7,LEA,4,MOV,5,CALL_NEAR,5,MOV,3,MOV,5,LEA,4,CMP,7,JNZ,2,ADD,4,0,1,0,0,0,JE,0,0,1,1,0,0,JNE,0,0,4399172,4399303,4399190,0,0,0,0,cpp,4.7362206138200205e-11,1.0,1,0,1
0x432022,JZ,11,1,213,6,0x43201d,CMP,1,NonLeaf,rax(MOV) ,rflags ,CMP,5,MOV,5,JNZ,2,CMP,7,LEA,4,LEA,5,LEA,5,CALL_NEAR,5,LEA,5,MOV,3,0,1,0,0,0,CALL,0,1,1,0,0,0,CALL,0,1,4399128,4399351,4399144,0,0,1,1,cpp,5.209842675202023e-11,0.0909090909090909,0,0,0
0x432016,JNZ,11,11,89,2,0x43200f,CMP,1,NonLeaf,rdi(LEA) ,rflags ,CMP,7,LEA,4,MOV,5,CALL_NEAR,5,MOV,2,MOV,5,CMP,5,JZ,6,LEA,5,LEA,5,0,1,0,0,0,JE,0,0,1,1,0,0,JE,0,0,4399110,4399215,4399128,0,0,0,0,cpp,5.209842675202023e-11,1.0,1,0,1
0x431f28,JNLE,10,0,-98,2,0x431f26,TEST,1,NonLeaf,eax(-1) eax(-1) ,rflags ,TEST,2,XADD_LOCK,4,OR,3,JZ,2,TEST,3,LEA,5,CALL_NEAR,5,JMP,2,LEA,5,MOV,3,0,0,1,0,0,CALL,0,1,1,0,0,0,CALL,0,1,4398886,4398790,4398890,0,0,1,1,cpp,4.7362206138200205e-11,0.0,0,0,0
0x431f1d,JZ,10,10,46,2,0x431f1a,TEST,1,NonLeaf,rcx(MOV) rcx(MOV) ,rflags ,TEST,3,LEA,4,MOV,5,RET_NEAR,1,POP,2,OR,3,XADD_LOCK,4,TEST,2,JNLE,2,LEA,5,0,1,0,0,0,JMP,0,0,1,0,0,0,LOCK XADD,0,0,4398865,4398923,4398879,0,0,1,0,cpp,4.7362206138200205e-11,1.0,1,0,1
0x431ec4,JNZ,10,10,77,2,0x431ebd,CMP,1,NonLeaf,rdi(LEA) ,rflags ,CMP,7,LEA,4,MOV,9,MOV,9,MOV,9,LEA,5,MOV,9,CALL_NEAR,5,MOV,4,LEA,5,0,1,0,0,0,JE,0,0,1,1,0,0,CALL,0,1,4398745,4398865,4398790,0,0,0,1,cpp,4.7362206138200205e-11,1.0,1,0,1
0x431cbb,JNLE,447,0,-5348,6,0x431cb9,TEST,1,Recursive,edx(-1) edx(-1) ,rflags ,TEST,2,XADD_LOCK,4,MOV,5,JZ,2,TEST,3,LEA,5,MOV,5,MOV,3,CALL_NEAR,5,MOV,5,0,0,1,0,0,JE,0,0,1,0,0,0,CALL,0,1,4398265,4392919,4398273,0,0,0,1,cpp,2.117090614377549e-09,0.0,0,0,0
0x431cae,JZ,447,447,71,2,0x431cab,TEST,1,Recursive,rsi(MOV) rsi(MOV) ,rflags ,TEST,3,LEA,4,MOV,5,JMP,5,MOV,3,MOV,5,XADD_LOCK,4,TEST,2,JNLE,6,LEA,5,0,1,0,0,0,JMP,0,0,1,0,0,0,LOCK XADD,0,0,4398242,4398325,4398256,0,0,1,0,cpp,2.117090614377549e-09,1.0,1,0,1
0x431c68,JNLE,10,0,-4722,6,0x431c66,TEST,1,Recursive,eax(-1) eax(-1) ,rflags ,TEST,2,XADD_LOCK,4,MOV,5,JZ,2,TEST,3,LEA,5,CALL_NEAR,5,JMP,5,MOV,3,LEA,3,0,0,1,0,0,CALL,0,1,1,0,0,0,CALL,0,1,4398182,4393462,4398190,0,0,1,1,cpp,4.7362206138200205e-11,0.0,0,0,0
0x431c5b,JZ,10,10,50,2,0x431c58,TEST,1,Recursive,rcx(MOV) rcx(MOV) ,rflags ,TEST,3,LEA,4,MOV,5,JMP,2,CALL_NEAR,5,MOV,5,XADD_LOCK,4,TEST,2,JNLE,6,LEA,5,0,1,0,0,0,JMP,0,0,1,0,0,0,LOCK XADD,0,0,4398159,4398221,4398173,0,0,1,0,cpp,4.7362206138200205e-11,1.0,1,0,1
0x431b93,JNLE,447,0,-4330,6,0x431b91,TEST,1,Recursive,edx(-1) edx(-1) ,rflags ,TEST,2,XADD_LOCK,4,MOV,5,JZ,6,TEST,3,LEA,5,MOV,5,MOV,3,CALL_NEAR,5,MOV,5,0,0,1,0,0,JE,0,0,1,0,0,0,CALL,0,1,4397969,4393641,4397977,0,0,0,1,cpp,2.117090614377549e-09,0.0,0,0,0
0x431b82,JZ,447,447,355,6,0x431b7f,TEST,1,Recursive,rsi(MOV) rsi(MOV) ,rflags ,TEST,3,LEA,4,MOV,5,JMP,5,JMP,5,MOV,5,XADD_LOCK,4,TEST,2,JNLE,6,LEA,5,0,1,0,0,0,JMP,0,0,1,0,0,0,LOCK XADD,0,0,4397942,4398309,4397960,0,0,1,0,cpp,2.117090614377549e-09,1.0,1,0,1
0x431b02,JNLE,9,0,-5080,6,0x431b00,TEST,1,Recursive,eax(-1) eax(-1) ,rflags ,TEST,2,XADD_LOCK,4,MOV,5,JZ,2,TEST,3,LEA,5,CALL_NEAR,5,JMP,5,MOV,5,CALL_NEAR,5,0,0,1,0,0,CALL,0,1,1,0,0,0,CALL,0,1,4397824,4392746,4397832,0,0,1,1,cpp,4.262598552438018e-11,0.0,0,0,0
0x431af5,JZ,9,9,69,2,0x431af2,TEST,1,Recursive,rcx(MOV) rcx(MOV) ,rflags ,TEST,3,LEA,4,MOV,5,JMP,2,MOV,2,MOV,5,XADD_LOCK,4,TEST,2,JNLE,6,LEA,5,0,1,0,0,0,JMP,0,0,1,0,0,0,LOCK XADD,0,0,4397801,4397882,4397815,0,0,1,0,cpp,4.262598552438018e-11,1.0,1,0,1
0x431ac2,JNLE,9,9,-4908,6,0x431ac0,TEST,1,Recursive,eax(-1) eax(-1) ,rflags ,TEST,2,XADD_LOCK,4,MOV,5,JZ,2,TEST,3,LEA,5,CALL_NEAR,5,JMP,5,JMP,5,MOV,3,0,0,1,0,0,CALL,0,1,1,0,0,0,CALL,0,1,4397760,4392854,4397768,0,0,1,1,cpp,4.262598552438018e-11,1.0,1,0,1
0x431ab5,JZ,9,9,39,2,0x431ab2,TEST,1,Recursive,rcx(MOV) rcx(MOV) ,rflags ,TEST,3,LEA,4,MOV,5,JMP,2,MOV,2,MOV,5,XADD_LOCK,4,TEST,2,JNLE,6,LEA,5,0,1,0,0,0,JMP,0,0,1,0,0,0,LOCK XADD,0,0,4397737,4397788,4397751,0,0,1,0,cpp,4.262598552438018e-11,1.0,1,0,1
0x431a5a,JNLE,447,0,-5547,6,0x431a58,TEST,1,Recursive,edx(-1) edx(-1) ,rflags ,TEST,2,XADD_LOCK,4,MOV,5,JZ,2,TEST,3,LEA,5,MOV,5,MOV,3,CALL_NEAR,5,MOV,5,0,0,1,0,0,JE,0,0,1,0,0,0,CALL,0,1,4397656,4392111,4397664,0,0,0,1,cpp,2.117090614377549e-09,0.0,0,0,0
0x431a4d,JZ,447,447,79,2,0x431a4a,TEST,1,Recursive,rsi(MOV) rsi(MOV) ,rflags ,TEST,3,LEA,4,MOV,5,CALL_NEAR,5,MOV,3,MOV,5,XADD_LOCK,4,TEST,2,JNLE,6,LEA,5,0,1,0,0,0,JMP,0,0,1,0,0,0,LOCK XADD,0,0,4397633,4397724,4397647,0,0,1,0,cpp,2.117090614377549e-09,1.0,1,0,1
0x4319df,JNLE,447,0,-3641,6,0x4319dd,TEST,1,Recursive,edx(-1) edx(-1) ,rflags ,TEST,2,XADD_LOCK,4,MOV,5,JZ,2,TEST,3,LEA,5,MOV,5,MOV,3,CALL_NEAR,5,MOV,5,0,0,1,0,0,JE,0,0,1,0,0,0,CALL,0,1,4397533,4393894,4397541,0,0,0,1,cpp,2.117090614377549e-09,0.0,0,0,0
0x4319d2,JZ,447,447,63,2,0x4319cf,TEST,1,Recursive,rsi(MOV) rsi(MOV) ,rflags ,TEST,3,LEA,4,MOV,5,JMP,2,MOV,2,MOV,5,XADD_LOCK,4,TEST,2,JNLE,6,LEA,5,0,1,0,0,0,JMP,0,0,1,0,0,0,LOCK XADD,0,0,4397510,4397585,4397524,0,0,1,0,cpp,2.117090614377549e-09,1.0,1,0,1
0x4318d2,JNLE,447,0,-5056,6,0x4318d0,TEST,1,Recursive,edx(-1) edx(-1) ,rflags ,TEST,2,XADD_LOCK,4,MOV,5,JZ,2,TEST,3,LEA,5,MOV,5,MOV,3,CALL_NEAR,5,MOV,5,0,0,1,0,0,JE,0,0,1,0,0,0,CALL,0,1,4397264,4392210,4397272,0,0,0,1,cpp,2.117090614377549e-09,0.0,0,0,0
0x4318c5,JZ,447,447,60,2,0x4318c2,TEST,1,Recursive,rsi(MOV) rsi(MOV) ,rflags ,TEST,3,LEA,4,MOV,5,JMP,5,MOV,4,MOV,5,XADD_LOCK,4,TEST,2,JNLE,6,LEA,5,0,1,0,0,0,JMP,0,0,1,0,0,0,LOCK XADD,0,0,4397241,4397313,4397255,0,0,1,0,cpp,2.117090614377549e-09,1.0,1,0,1
0x43189c,JNLE,447,0,-3073,6,0x43189a,TEST,1,Recursive,edx(-1) edx(-1) ,rflags ,TEST,2,XADD_LOCK,4,MOV,5,JZ,2,TEST,3,LEA,5,MOV,4,CALL_NEAR,5,MOV,4,JMP,5,0,0,1,0,0,JE,0,0,1,0,0,0,CALL,0,1,4397210,4394139,4397218,0,0,0,1,cpp,2.117090614377549e-09,0.0,0,0,0
0x43188f,JZ,447,447,101,2,0x43188c,TEST,1,Recursive,rsi(MOV) rsi(MOV) ,rflags ,TEST,3,LEA,4,MOV,5,JMP,2,MOV,2,MOV,5,XADD_LOCK,4,TEST,2,JNLE,6,LEA,5,0,1,0,0,0,JMP,0,0,1,0,0,0,LOCK XADD,0,0,4397187,4397300,4397201,0,0,1,0,cpp,2.117090614377549e-09,1.0,1,0,1
0x431822,JNLE,10,10,-3520,6,0x431820,TEST,1,Recursive,eax(-1) eax(-1) ,rflags ,TEST,2,XADD_LOCK,4,MOV,5,JZ,2,TEST,3,LEA,5,CALL_NEAR,5,JMP,5,MOV,3,MOV,5,0,0,1,0,0,CALL,0,1,1,0,0,0,CALL,0,1,4397088,4393570,4397096,0,0,1,1,cpp,4.7362206138200205e-11,1.0,1,0,1
0x431815,JZ,10,10,97,2,0x431812,TEST,1,Recursive,rcx(MOV) rcx(MOV) ,rflags ,TEST,3,LEA,4,MOV,5,JMP,5,CALL_NEAR,5,MOV,5,XADD_LOCK,4,TEST,2,JNLE,6,LEA,5,0,1,0,0,0,JMP,0,0,1,0,0,0,LOCK XADD,0,0,4397065,4397174,4397079,0,0,1,0,cpp,4.7362206138200205e-11,1.0,1,0,1
0x43134a,JZ,437,437,182,6,0x431343,CMP,1,Recursive,eax(-1) ,rflags ,MOV,4,CMP,3,CALL_NEAR,5,MOV,4,MOV,3,CALL_NEAR,5,NOP,3,TEST,3,JZ,6,MOV,10,0,0,0,0,0,CALL,0,1,1,0,0,0,CALL,1,1,4395843,4396032,4395856,0,0,1,1,cpp,2.0697284082393488e-09,1.0,1,0,1
0x43132e,JZ,437,0,210,6,0x431328,CMP,1,Recursive,r13d(-1) ,rflags ,MOV,2,CMP,4,CALL_NEAR,5,MOV,3,NOP,8,MOV,3,MOV,3,MOV,4,CALL_NEAR,5,CMP,3,0,1,0,0,0,CALL,0,1,1,0,0,0,CALL,0,1,4395816,4396032,4395828,0,0,1,1,cpp,2.0697284082393488e-09,0.0,0,0,0
0x4312de,JBE,437,437,-1374,6,0x4312db,CMP,1,Recursive,rcx(-1) r10(SAR) ,rflags ,CMP,3,SAR,4,SUB,3,MOV,3,MOV,7,TEST,3,LEA,4,JNZ,6,MOV,3,MOV,3,0,1,0,0,0,JE,0,0,1,0,0,0,JNE,0,0,4395722,4394368,4395748,0,0,0,0,cpp,2.0697284082393488e-09,1.0,1,0,1
0x4312c4,JNBE,437,0,148,6,0x4312c1,CMP,1,Recursive,rcx(SAR) rax(SAR) ,rflags ,CMP,3,SAR,4,SAR,4,SUB,3,SUB,3,MOV,7,MOV,3,SUB,3,SAR,4,CMP,3,0,1,0,0,0,JE,0,0,1,0,0,0,JBE,0,0,4395668,4395864,4395722,0,0,0,0,cpp,2.0697284082393488e-09,0.0,0,0,0
0x43128e,JZ,437,0,-1235,6,0x431229,CMP,1,Recursive,r14(-1) rbp(-1) ,rflags ,MOV,7,MOV,7,MOV,7,MOV,7,MOV,7,MOV,7,MOV,7,MOV,7,MOV,7,MOV,3,0,1,0,0,0,JNE,0,0,1,0,0,0,JA,0,0,4395547,4394427,4395668,0,0,1,0,cpp,2.0697284082393488e-09,0.0,0,0,0
0x431212,JZ,437,437,9,2,0x431210,TEST,1,Recursive,al(-1) ,rflags ,TEST,2,ADD,4,MOV,4,MOVZX,4,JZ,2,MOVZX,4,MOV,3,MOV,7,MOV,7,CMP,3,0,1,1,0,0,JE,0,0,1,0,0,0,MOV,0,0,4395536,4395547,4395540,0,0,1,1,cpp,2.0697284082393488e-09,1.0,1,0,1
0x431202,JZ,437,0,14,2,0x431200,TEST,1,Recursive,al(-1) ,rflags ,TEST,2,MOV,5,MOV,2,MOV,2,JZ,2,MOVZX,4,MOV,4,ADD,4,TEST,2,JZ,2,0,1,1,0,0,JE,0,0,1,0,0,0,ADD,0,0,4395520,4395536,4395524,0,0,0,1,cpp,2.0697284082393488e-09,0.0,0,0,0
0x4311f5,JZ,437,0,11,2,0x4311f0,TEST,0,Recursive,al(-1) ,rflags ,MOVSQ,3,TEST,2,SHR,3,XOR,2,MOV,2,MOV,2,MOV,2,MOV,5,TEST,2,JZ,2,0,1,1,0,0,JE,0,0,1,0,0,0,MOV,0,0,4395509,4395520,4395511,0,0,0,1,cpp,2.0697284082393488e-09,0.0,0,0,0
0x4311e3,JNZ,437,437,741,6,0x4311df,TEST,1,Recursive,dil(-1) ,rflags ,TEST,4,JNZ,6,TEST,4,MOV,5,MOV,4,MOV,2,XOR,2,SHR,3,TEST,2,MOVSQ,3,0,1,0,0,0,JMP,0,0,1,1,0,0,TEST,0,0,4395487,4396232,4395497,1,0,1,0,cpp,2.0697284082393488e-09,1.0,1,0,1
0x4311d9,JNZ,437,0,775,6,0x4311d5,TEST,1,Recursive,dil(LEA) ,rflags ,TEST,4,MOV,5,MOV,4,LEA,7,MOV,3,TEST,4,JNZ,6,MOV,2,XOR,2,SHR,3,0,1,0,0,0,JMP,0,0,1,1,0,0,JNE,0,0,4395461,4396256,4395487,0,0,1,0,cpp,2.0697284082393488e-09,0.0,0,0,0
0x4311bc,JZ,437,437,9,2,0x4311ba,TEST,1,Recursive,al(-1) ,rflags ,TEST,2,ADD,4,MOV,4,MOVZX,4,JZ,2,MOVZX,4,MOV,3,LEA,7,MOV,4,MOV,5,0,1,1,0,0,JNE,0,0,1,0,0,0,MOV,0,0,4395450,4395461,4395454,0,0,0,1,cpp,2.0697284082393488e-09,1.0,1,0,1
0x4311ac,JZ,437,437,14,2,0x4311aa,TEST,1,Recursive,al(-1) ,rflags ,TEST,2,MOV,5,MOV,2,MOV,2,JZ,2,MOVZX,4,MOV,4,ADD,4,TEST,2,JZ,2,0,1,1,0,0,JE,0,0,1,0,0,0,ADD,0,0,4395434,4395450,4395438,0,0,0,1,cpp,2.0697284082393488e-09,1.0,1,0,1
0x43119f,JZ,437,0,11,2,0x43119a,TEST,0,Recursive,al(-1) ,rflags ,MOVSQ,3,TEST,2,SHR,3,XOR,2,MOV,2,MOV,2,MOV,2,MOV,5,TEST,2,JZ,2,0,1,1,0,0,JE,0,0,1,0,0,0,MOV,0,0,4395423,4395434,4395425,0,0,0,1,cpp,2.0697284082393488e-09,0.0,0,0,0
0x43118d,JNZ,437,0,891,6,0x431189,TEST,1,Recursive,dil(-1) ,rflags ,TEST,4,JNZ,6,TEST,4,MOV,5,MOV,5,MOV,2,XOR,2,SHR,3,TEST,2,MOVSQ,3,0,1,0,0,0,JMP,0,0,1,1,0,0,TEST,0,0,4395401,4396296,4395411,1,0,1,0,cpp,2.0697284082393488e-09,0.0,0,0,0
0x431183,JNZ,437,0,925,6,0x43117f,TEST,1,Recursive,dil(LEA) ,rflags ,TEST,4,MOV,5,MOV,5,LEA,7,MOV,3,TEST,4,JNZ,6,MOV,2,XOR,2,SHR,3,0,1,0,0,0,JMP,0,0,1,1,0,0,JNE,0,0,4395374,4396320,4395401,0,0,1,0,cpp,2.0697284082393488e-09,0.0,0,0,0
0x431165,JZ,437,437,9,2,0x431163,TEST,1,Recursive,al(-1) ,rflags ,TEST,2,ADD,4,MOV,4,MOVZX,4,JZ,2,MOVZX,4,MOV,3,LEA,7,MOV,5,MOV,5,0,1,1,0,0,JNE,0,0,1,0,0,0,MOV,0,0,4395363,4395374,4395367,0,0,0,1,cpp,2.0697284082393488e-09,1.0,1,0,1
0x431155,JZ,437,437,14,2,0x431153,TEST,1,Recursive,al(-1) ,rflags ,TEST,2,MOV,5,MOV,2,MOV,2,JZ,2,MOVZX,4,MOV,4,ADD,4,TEST,2,JZ,2,0,1,1,0,0,JE,0,0,1,0,0,0,ADD,0,0,4395347,4395363,4395351,0,0,0,1,cpp,2.0697284082393488e-09,1.0,1,0,1
0x431148,JZ,437,437,11,2,0x431143,TEST,0,Recursive,al(-1) ,rflags ,MOVSQ,3,TEST,2,SHR,3,XOR,2,MOV,2,MOV,2,MOV,2,MOV,5,TEST,2,JZ,2,0,1,1,0,0,JE,0,0,1,0,0,0,MOV,0,0,4395336,4395347,4395338,0,0,0,1,cpp,2.0697284082393488e-09,1.0,1,0,1
0x431136,JNZ,437,437,1042,6,0x431132,TEST,1,Recursive,dil(-1) ,rflags ,TEST,4,JNZ,6,TEST,4,MOV,5,MOV,5,MOV,2,XOR,2,SHR,3,TEST,2,MOVSQ,3,0,1,0,0,0,JMP,0,0,1,1,0,0,TEST,0,0,4395314,4396360,4395324,1,0,1,0,cpp,2.0697284082393488e-09,1.0,1,0,1
0x43112c,JNZ,437,0,1076,6,0x431128,TEST,1,Recursive,dil(LEA) ,rflags ,TEST,4,MOV,5,MOV,5,LEA,7,MOV,3,TEST,4,JNZ,6,MOV,2,XOR,2,SHR,3,0,1,0,0,0,JMP,0,0,1,1,0,0,JNE,0,0,4395287,4396384,4395314,0,0,1,0,cpp,2.0697284082393488e-09,0.0,0,0,0
0x43110e,JZ,437,437,9,2,0x43110c,TEST,1,Recursive,al(-1) ,rflags ,TEST,2,ADD,4,MOV,4,MOVZX,4,JZ,2,MOVZX,4,MOV,3,LEA,7,MOV,5,MOV,5,0,1,1,0,0,JNE,0,0,1,0,0,0,MOV,0,0,4395276,4395287,4395280,0,0,0,1,cpp,2.0697284082393488e-09,1.0,1,0,1
0x4310fe,JZ,437,437,14,2,0x4310fc,TEST,1,Recursive,al(-1) ,rflags ,TEST,2,MOV,5,MOV,2,MOV,2,JZ,2,MOVZX,4,MOV,4,ADD,4,TEST,2,JZ,2,0,1,1,0,0,JE,0,0,1,0,0,0,ADD,0,0,4395260,4395276,4395264,0,0,0,1,cpp,2.0697284082393488e-09,1.0,1,0,1
0x4310f1,JZ,437,0,11,2,0x4310ec,TEST,0,Recursive,al(-1) ,rflags ,MOVSQ,3,TEST,2,SHR,3,XOR,2,MOV,2,MOV,2,MOV,2,MOV,5,TEST,2,JZ,2,0,1,1,0,0,JE,0,0,1,0,0,0,MOV,0,0,4395249,4395260,4395251,0,0,0,1,cpp,2.0697284082393488e-09,0.0,0,0,0
0x4310df,JNZ,437,0,1193,6,0x4310db,TEST,1,Recursive,dil(-1) ,rflags ,TEST,4,JNZ,6,TEST,4,MOV,5,MOV,3,MOV,2,XOR,2,SHR,3,TEST,2,MOVSQ,3,0,1,0,0,0,JMP,0,0,1,1,0,0,TEST,0,0,4395227,4396424,4395237,1,0,1,0,cpp,2.0697284082393488e-09,0.0,0,0,0
0x4310d5,JNZ,437,0,1227,6,0x4310d1,TEST,1,Recursive,dil(LEA) ,rflags ,TEST,4,MOV,5,MOV,3,LEA,7,MOV,3,TEST,4,JNZ,6,MOV,2,XOR,2,SHR,3,0,1,0,0,0,JMP,0,0,1,1,0,0,JNE,0,0,4395202,4396448,4395227,0,0,1,0,cpp,2.0697284082393488e-09,0.0,0,0,0
0x4310b9,JZ,437,437,9,2,0x4310b7,TEST,1,Recursive,al(-1) ,rflags ,TEST,2,ADD,4,MOV,4,MOVZX,4,JZ,2,MOVZX,4,MOV,3,LEA,7,MOV,3,MOV,5,0,1,1,0,0,JNE,0,0,1,0,0,0,MOV,0,0,4395191,4395202,4395195,0,0,0,1,cpp,2.0697284082393488e-09,1.0,1,0,1
0x4310a9,JZ,437,437,14,2,0x4310a7,TEST,1,Recursive,al(-1) ,rflags ,TEST,2,MOV,5,MOV,2,MOV,2,JZ,2,MOVZX,4,MOV,4,ADD,4,TEST,2,JZ,2,0,1,1,0,0,JE,0,0,1,0,0,0,ADD,0,0,4395175,4395191,4395179,0,0,0,1,cpp,2.0697284082393488e-09,1.0,1,0,1
0x43109c,JZ,437,437,11,2,0x431097,TEST,0,Recursive,al(-1) ,rflags ,MOVSQ,3,TEST,2,SHR,3,XOR,2,MOV,2,MOV,2,MOV,2,MOV,5,TEST,2,JZ,2,0,1,1,0,0,JE,0,0,1,0,0,0,MOV,0,0,4395164,4395175,4395166,0,0,0,1,cpp,2.0697284082393488e-09,1.0,1,0,1
0x43108a,JNZ,437,437,1342,6,0x431086,TEST,1,Recursive,dil(-1) ,rflags ,TEST,4,JNZ,6,TEST,4,MOV,5,MOV,5,MOV,2,XOR,2,SHR,3,TEST,2,MOVSQ,3,0,1,0,0,0,JMP,0,0,1,1,0,0,TEST,0,0,4395142,4396488,4395152,1,0,1,0,cpp,2.0697284082393488e-09,1.0,1,0,1
0x431080,JNZ,437,0,1376,6,0x43107c,TEST,1,Recursive,dil(LEA) ,rflags ,TEST,4,MOV,5,MOV,5,LEA,7,MOV,2,TEST,4,JNZ,6,MOV,2,XOR,2,SHR,3,0,1,0,0,0,JMP,0,0,1,1,0,0,JNE,0,0,4395115,4396512,4395142,0,0,1,0,cpp,2.0697284082393488e-09,0.0,0,0,0
0x431065,JZ,437,0,6,2,0x431060,TEST,0,Recursive,al(-1) ,rflags ,MOVSQ,3,TEST,2,SHR,3,MOV,2,JNZ,6,MOV,2,MOV,2,LEA,7,MOV,5,MOV,5,0,1,1,0,0,JNE,0,0,1,0,0,0,MOV,0,0,4395109,4395115,4395111,0,0,0,1,cpp,2.0697284082393488e-09,0.0,0,0,0
0x431055,JNZ,437,0,1459,6,0x43102c,TEST,1,Recursive,dil(LEA) ,rflags ,MOV,5,MOV,6,MOV,7,MOV,6,MOV,7,MOV,2,SHR,3,TEST,2,MOVSQ,3,JZ,2,0,1,0,0,0,JMP,0,0,1,1,0,0,TEST,0,0,4395035,4396552,4395099,0,0,1,0,cpp,2.0697284082393488e-09,0.0,0,0,0
0x431012,JZ,437,437,9,2,0x431010,TEST,1,Recursive,al(-1) ,rflags ,TEST,2,ADD,4,MOV,4,MOVZX,4,JZ,2,MOVZX,4,MOV,3,MOV,7,LEA,7,MOV,3,0,1,1,0,0,JNE,0,0,1,0,0,0,MOV,0,0,4395024,4395035,4395028,0,0,1,1,cpp,2.0697284082393488e-09,1.0,1,0,1
0x431002,JZ,437,437,14,2,0x431000,TEST,1,Recursive,al(-1) ,rflags ,TEST,2,MOV,5,MOV,2,MOV,2,JZ,2,MOVZX,4,MOV,4,ADD,4,TEST,2,JZ,2,0,1,1,0,0,JE,0,0,1,0,0,0,ADD,0,0,4395008,4395024,4395012,0,0,0,1,cpp,2.0697284082393488e-09,1.0,1,0,1
0x430ff5,JZ,437,0,11,2,0x430ff0,TEST,0,Recursive,al(-1) ,rflags ,MOVSQ,3,TEST,2,SHR,3,XOR,2,MOV,2,MOV,2,MOV,2,MOV,5,TEST,2,JZ,2,0,1,1,0,0,JE,0,0,1,0,0,0,MOV,0,0,4394997,4395008,4394999,0,0,0,1,cpp,2.0697284082393488e-09,0.0,0,0,0
0x430fe3,JNZ,437,437,1613,6,0x430fdf,TEST,1,Recursive,dil(-1) ,rflags ,TEST,4,JNZ,6,TEST,4,MOV,5,MOV,5,MOV,2,XOR,2,SHR,3,TEST,2,MOVSQ,3,0,1,0,0,0,JMP,0,0,1,1,0,0,TEST,0,0,4394975,4396592,4394985,1,0,1,0,cpp,2.0697284082393488e-09,1.0,1,0,1
0x430fd9,JNZ,437,437,1647,6,0x430fd5,TEST,1,Recursive,dil(LEA) ,rflags ,TEST,4,MOV,5,MOV,5,LEA,7,MOV,3,TEST,4,JNZ,6,MOV,2,XOR,2,SHR,3,0,1,0,0,0,JMP,0,0,1,1,0,0,JNE,0,0,4394948,4396616,4394975,0,0,1,0,cpp,2.0697284082393488e-09,1.0,1,0,1
0x430fbb,JZ,437,437,9,2,0x430fb9,TEST,1,Recursive,al(-1) ,rflags ,TEST,2,ADD,4,MOV,4,MOVZX,4,JZ,2,MOVZX,4,MOV,3,LEA,7,MOV,5,MOV,5,0,1,1,0,0,JNE,0,0,1,0,0,0,MOV,0,0,4394937,4394948,4394941,0,0,0,1,cpp,2.0697284082393488e-09,1.0,1,0,1
0x430fab,JZ,437,0,14,2,0x430fa9,TEST,1,Recursive,al(-1) ,rflags ,TEST,2,MOV,5,MOV,2,MOV,2,JZ,2,MOVZX,4,MOV,4,ADD,4,TEST,2,JZ,2,0,1,1,0,0,JE,0,0,1,0,0,0,ADD,0,0,4394921,4394937,4394925,0,0,0,1,cpp,2.0697284082393488e-09,0.0,0,0,0
0x430f9e,JZ,437,437,11,2,0x430f99,TEST,0,Recursive,al(-1) ,rflags ,MOVSQ,3,TEST,2,SHR,3,XOR,2,MOV,2,MOV,2,MOV,2,MOV,5,TEST,2,JZ,2,0,1,1,0,0,JE,0,0,1,0,0,0,MOV,0,0,4394910,4394921,4394912,0,0,0,1,cpp,2.0697284082393488e-09,1.0,1,0,1
0x430f8c,JNZ,437,0,1764,6,0x430f88,TEST,1,Recursive,dil(-1) ,rflags ,TEST,4,JNZ,6,MOV,5,MOV,3,MOV,3,MOV,2,XOR,2,SHR,3,TEST,2,MOVSQ,3,0,1,0,0,0,JMP,0,0,1,1,0,0,TEST,0,0,4394888,4396656,4394898,1,0,1,0,cpp,2.0697284082393488e-09,0.0,0,0,0
0x430f82,JNZ,437,0,1798,6,0x430f73,TEST,1,Recursive,bpl(-1) ,rflags ,MOV,5,MOV,3,MOV,3,TEST,4,JZ,6,TEST,4,JNZ,6,MOV,2,XOR,2,SHR,3,1,1,0,0,0,JMP,0,0,1,1,0,0,JNE,0,0,4394867,4396680,4394888,0,0,1,0,cpp,2.0697284082393488e-09,0.0,0,0,0
0x430f6d,JZ,437,437,1851,6,0x430f66,CMP,1,Recursive,rbp(-1) r14(-1) ,rflags ,CMP,7,CALL_NEAR,5,ADD,7,MOV,3,JNZ,6,TEST,4,MOV,3,MOV,3,MOV,5,JNZ,6,0,0,0,0,0,RET,1,0,0,0,1,1,JNE,0,0,4394854,4396712,4394867,0,0,0,0,cpp,2.0697284082393488e-09,1.0,1,0,1
0x430f51,JNZ,437,437,975,6,0x430f4c,TEST,1,Recursive,eax(-1) eax(-1) ,rflags ,MOV,3,TEST,2,CALL_NEAR,5,MOV,2,MOV,3,MOV,3,ADD,7,CALL_NEAR,5,CMP,7,JZ,6,0,1,0,0,0,CALL,0,1,1,0,0,0,CALL,0,1,4394828,4395808,4394839,0,0,1,1,cpp,2.0697284082393488e-09,1.0,1,0,1
0x430f12,JZ,437,0,6,2,0x430f0d,TEST,0,Recursive,al(-1) ,rflags ,MOVSQ,3,TEST,2,SHR,3,MOV,2,JNZ,6,MOV,2,MOV,2,MOV,5,LEA,7,CALL_NEAR,5,0,1,1,0,0,CALL,0,1,1,0,0,0,MOV,0,0,4394770,4394776,4394772,0,0,1,1,cpp,2.0697284082393488e-09,0.0,0,0,0
0x430f02,JNZ,437,437,1438,6,0x430de6,TEST,1,Recursive,dil(LEA) ,rflags ,MOV,5,MOV,7,MOV,7,MOV,7,MOV,7,MOV,2,SHR,3,TEST,2,MOVSQ,3,JZ,2,0,1,0,0,0,JMP,0,0,1,1,0,0,TEST,0,0,4394427,4396192,4394760,0,0,1,0,cpp,2.0697284082393488e-09,1.0,1,0,1
0x430d8a,JZ,437,437,38,2,0x430d80,TEST,1,Recursive,rcx(-1) rcx(-1) ,rflags ,LEA,7,TEST,3,NOP,2,JMP,5,MOV,5,LEA,8,MOV,3,CALL_NEAR,5,MOV,3,ADD,7,0,0,1,0,0,MOV,0,0,1,0,0,0,CALL,0,1,4394368,4394416,4394380,0,0,1,1,cpp,2.0697284082393488e-09,1.0,1,0,1
0x430d0c,JZ,447,10,2460,6,0x430d05,CMP,1,Recursive,rbx(MOV) r13(-1) ,rflags ,CMP,7,MOV,7,JNZ,6,CMP,7,LEA,4,LEA,7,MOV,3,LEA,7,LEA,7,MOV,3,0,1,0,0,0,RET,1,0,1,0,0,0,JMP,0,0,4394238,4396712,4394258,0,0,0,1,cpp,2.117090614377549e-09,0.0223713646532438,0,0,0
0x430c9e,JZ,447,447,96,2,0x430c9b,CMP,1,Recursive,r14(-1) rax(-1) ,rflags ,CMP,3,JNZ,6,CMP,7,LEA,4,MOV,8,LEA,4,LEA,8,CALL_NEAR,5,LEA,8,MOV,5,0,1,1,0,0,JE,0,0,1,0,0,0,CALL,0,1,4394139,4394238,4394144,0,0,0,1,cpp,2.117090614377549e-09,1.0,1,0,1
0x430c95,JNZ,447,447,3054,6,0x430c8e,CMP,1,Recursive,rdi(LEA) ,rflags ,CMP,7,LEA,4,MOV,8,CALL_NEAR,5,LEA,8,CMP,3,JZ,2,LEA,4,LEA,8,CALL_NEAR,5,0,1,0,0,0,JE,0,0,1,1,0,0,JE,0,0,4394114,4397187,4394139,0,0,0,0,cpp,2.117090614377549e-09,1.0,1,0,1
0x430bae,JZ,447,447,172,6,0x430ba6,CMP,1,Recursive,rax(-1) r15(-1) ,rflags ,LEA,5,CMP,3,JNZ,6,CMP,7,LEA,4,NOP,4,LEA,4,MOV,3,CALL_NEAR,5,LEA,8,0,1,0,0,0,CALL,0,1,1,0,0,0,NOP,0,0,4393894,4394074,4393908,0,0,1,0,cpp,2.117090614377549e-09,1.0,1,0,1
0x430ba0,JNZ,447,447,3622,6,0x430b99,CMP,1,Recursive,rdi(LEA) ,rflags ,CMP,7,LEA,4,MOV,3,MOV,8,MOV,3,CMP,3,LEA,5,JZ,6,NOP,4,LEA,4,0,1,0,0,0,JE,0,0,1,1,0,0,JE,0,0,4393863,4397510,4393894,0,0,0,0,cpp,2.117090614377549e-09,1.0,1,0,1
0x430ab1,JZ,447,447,174,6,0x430aa9,CMP,1,Recursive,r15(-1) rax(-1) ,rflags ,LEA,5,CMP,3,JNZ,6,CMP,7,LEA,4,NOP,9,LEA,4,MOV,3,CALL_NEAR,5,LEA,8,0,1,0,0,0,CALL,0,1,1,0,0,0,NOP,0,0,4393641,4393823,4393655,0,0,1,0,cpp,2.117090614377549e-09,1.0,1,0,1
0x430aa3,JNZ,447,447,4307,6,0x430a9c,CMP,1,Recursive,rdi(LEA) ,rflags ,CMP,7,LEA,4,MOV,3,MOV,8,MOV,3,CMP,3,LEA,5,JZ,6,NOP,9,LEA,4,0,1,0,0,0,JE,0,0,1,1,0,0,JE,0,0,4393610,4397942,4393641,0,0,0,0,cpp,2.117090614377549e-09,1.0,1,0,1
0x430a5c,JNZ,10,10,3501,6,0x430a55,CMP,1,Recursive,rdi(LEA) ,rflags ,CMP,7,LEA,4,MOV,5,CALL_NEAR,5,LEA,4,LEA,5,LEA,8,MOV,5,CALL_NEAR,5,MOV,4,0,1,0,0,0,JE,0,0,0,1,0,0,CALL,0,1,4393548,4397065,4393570,0,0,0,1,cpp,4.7362206138200205e-11,1.0,1,1,1
0x4309f0,JNZ,10,10,4703,6,0x4309e9,CMP,1,Recursive,rdi(LEA) ,rflags ,CMP,7,LEA,4,MOV,12,MOV,12,MOV,12,LEA,8,MOV,12,CALL_NEAR,5,MOV,4,MOV,8,0,1,0,0,0,JE,0,0,1,1,0,0,CALL,0,1,4393401,4398159,4393462,0,0,0,1,cpp,4.7362206138200205e-11,1.0,1,0,1
0x4307da,JZ,447,437,648,6,0x4307d7,CMP,1,Recursive,r14(-1) rax(-1) ,rflags ,CMP,3,JNZ,6,CMP,7,LEA,4,MOV,8,LEA,5,LEA,4,MOV,3,CALL_NEAR,5,LEA,8,0,1,1,0,0,CALL,0,1,1,0,0,0,CALL,0,1,4392919,4393570,4392928,0,0,1,1,cpp,2.117090614377549e-09,0.977628635346756,1,0,1
0x4307d1,JNZ,447,447,5329,6,0x4307ca,CMP,1,Recursive,rdi(LEA) ,rflags ,CMP,7,LEA,4,MOV,8,CALL_NEAR,5,LEA,8,CMP,3,JZ,6,LEA,5,LEA,4,MOV,3,0,1,0,0,0,JE,0,0,1,1,0,0,JE,0,0,4392894,4398242,4392919,0,0,0,0,cpp,2.117090614377549e-09,1.0,1,0,1
0x430790,JNZ,9,9,4889,6,0x430789,CMP,1,Recursive,rdi(LEA) ,rflags ,CMP,7,LEA,4,MOV,5,CALL_NEAR,5,LEA,4,LEA,5,LEA,8,MOV,5,CALL_NEAR,5,MOV,4,0,1,0,0,0,JE,0,0,0,1,0,0,CALL,0,1,4392832,4397737,4392854,0,0,0,1,cpp,4.262598552438018e-11,1.0,1,1,1
0x430724,JNZ,9,9,5061,6,0x43071d,CMP,1,Recursive,rdi(LEA) ,rflags ,CMP,7,LEA,4,MOV,12,MOV,12,MOV,12,LEA,8,MOV,12,CALL_NEAR,5,MOV,4,MOV,8,0,1,0,0,0,JE,0,0,1,1,0,0,CALL,0,1,4392685,4397801,4392746,0,0,0,1,cpp,4.262598552438018e-11,1.0,1,0,1
0x4306d7,JNLE,9,0,5184,6,0x4306d4,CMP,1,Recursive,esi(MOV) ,rflags ,CMP,3,MOV,4,CALL_NEAR,5,LEA,8,LEA,5,MOVSS,8,MOV,3,CALL_NEAR,5,MOV,8,MOV,12,0,1,0,0,0,CALL,1,1,1,0,0,0,CALL,0,1,4392656,4397847,4392669,0,0,1,1,cpp,4.262598552438018e-11,0.0,0,0,0
0x430515,JZ,447,438,641,6,0x430512,CMP,1,Recursive,r14(-1) rax(-1) ,rflags ,CMP,3,JNZ,6,CMP,7,LEA,4,MOV,8,LEA,5,LEA,4,MOV,3,CALL_NEAR,5,LEA,8,0,1,0,0,0,CALL,0,1,1,0,0,0,CALL,0,1,4392210,4392854,4392219,0,0,1,1,cpp,2.117090614377549e-09,0.9798657718120806,1,0,1
0x43050c,JNZ,447,447,5037,6,0x430505,CMP,1,Recursive,rdi(LEA) ,rflags ,CMP,7,LEA,4,MOV,8,CALL_NEAR,5,LEA,8,CMP,3,JZ,6,LEA,5,LEA,4,MOV,3,0,1,0,0,0,JE,0,0,1,1,0,0,JE,0,0,4392185,4397241,4392210,0,0,0,0,cpp,2.117090614377549e-09,1.0,1,0,1
0x4304cb,JNZ,1,0,5459,6,0x4304c9,TEST,1,Recursive,eax(-1) eax(-1) ,rflags ,TEST,2,CALL_NEAR,5,MOV,5,LEA,4,JZ,2,LEA,5,LEA,8,MOV,5,CALL_NEAR,5,MOV,4,0,1,0,0,0,CALL,1,1,0,0,0,0,CALL,0,1,4392137,4397598,4392145,0,0,1,1,cpp,4.736220613820021e-12,0.0,0,0,0
0x4304b9,JZ,447,446,24,2,0x4304b6,CMP,1,Recursive,rax(-1) r14(LEA) ,rflags ,CMP,3,LEA,7,JNZ,6,CMP,7,LEA,4,LEA,4,MOV,5,CALL_NEAR,5,TEST,2,JNZ,6,0,1,0,0,0,CALL,0,1,1,0,0,0,CALL,0,1,4392111,4392145,4392123,0,0,1,1,cpp,2.117090614377549e-09,0.9977628635346756,1,0,1
0x4304a9,JNZ,447,447,5528,6,0x4304a2,CMP,1,Recursive,rdi(LEA) ,rflags ,CMP,7,LEA,4,MOV,8,CALL_NEAR,5,MOV,4,LEA,7,CMP,3,JZ,2,LEA,4,MOV,5,0,1,0,0,0,JE,0,0,1,1,0,0,JE,0,0,4392086,4397633,4392111,0,0,0,0,cpp,2.117090614377549e-09,1.0,1,0,1
0x43038e,JZ,10,0,-1482,6,0x43037e,TEST,1,NonLeaf,dil(LEA) ,rflags ,MOV,5,MOV,7,TEST,4,LEA,7,LEA,7,MOV,2,ADD,4,ADD,4,SUB,3,MOV,3,0,0,1,0,0,TEST,0,0,0,0,0,0,JMP,0,0,4391785,4390340,4391828,0,1,0,1,cpp,4.7362206138200205e-11,0.0,0,0,0
0x4301dd,JZ,437,0,-74,2,0x4301db,TEST,1,NonLeaf,eax(-1) eax(-1) ,rflags ,TEST,2,CALL_NEAR,5,MOV,3,MOV,3,NOP,10,MOV,2,MOV,3,CALL_NEAR,5,TEST,3,SETZ,4,0,0,1,0,0,MOV,0,0,1,0,0,0,CALL,0,1,4391387,4391315,4391391,0,0,0,1,cpp,2.0697284082393488e-09,0.0,0,0,0
0x4301b2,JNZ,447,437,-50,2,0x4301af,TEST,1,NonLeaf,rax(IMUL) rax(IMUL) ,rflags ,TEST,3,IMUL,4,SAR,4,SUB,3,MOV,7,ADD,4,MOV,3,POP,1,POP,1,POP,2,1,1,0,0,0,JE,0,0,1,1,0,0,RET,1,0,4391318,4391296,4391348,0,0,0,0,cpp,2.117090614377549e-09,0.977628635346756,1,1,1
0x430191,JNZ,437,437,63,2,0x43018e,TEST,1,NonLeaf,r12d(-1) r12d(-1) ,rflags ,TEST,3,JB,2,CMP,3,JZ,2,TEST,3,MOV,3,MOV,7,MOV,7,SUB,3,SAR,4,0,1,0,0,0,CALL,0,1,1,1,0,0,MOV,0,0,4391310,4391376,4391315,0,0,1,0,cpp,2.0697284082393488e-09,1.0,1,0,1
0x43018c,JB,437,0,40,2,0x430189,CMP,1,NonLeaf,r13d(-1) r12d(-1) ,rflags ,CMP,3,JZ,2,TEST,3,ADD,4,NOP,9,TEST,3,JNZ,2,MOV,3,MOV,7,MOV,7,0,0,1,0,0,RET,1,0,1,0,0,0,JNE,0,0,4391305,4391348,4391310,0,0,0,0,cpp,2.0697284082393488e-09,0.0,0,0,0
0x430187,JZ,437,0,45,2,0x430184,TEST,1,NonLeaf,rbx(-1) rbx(-1) ,rflags ,TEST,3,ADD,4,NOP,9,JMP,2,MOV,10,CMP,3,JB,2,TEST,3,JNZ,2,MOV,3,0,0,1,0,0,RET,1,0,1,0,0,0,JB,0,0,4391296,4391348,4391305,0,0,0,0,cpp,2.0697284082393488e-09,0.0,0,0,0
0x430126,JZ,10,0,6,2,0x430121,TEST,0,NonLeaf,al(-1) ,rflags ,MOVSQ,3,TEST,2,SHR,3,MOV,2,JNZ,6,MOV,2,MOV,2,LEA,7,LEA,7,CALL_NEAR,5,0,1,1,0,0,CALL,0,1,1,0,0,0,MOV,0,0,4391206,4391212,4391208,0,0,1,1,cpp,4.7362206138200205e-11,0.0,0,0,0
0x430116,JNZ,10,10,559,6,0x430000,TEST,1,NonLeaf,dil(LEA) ,rflags ,MOV,5,MOV,7,MOV,7,MOV,7,MOV,7,MOV,2,SHR,3,TEST,2,MOVSQ,3,JZ,2,0,1,0,0,0,JMP,0,0,1,1,0,0,TEST,0,0,4390871,4391749,4391196,0,0,1,0,cpp,4.7362206138200205e-11,1.0,1,0,1
0x42ffca,JNZ,10,0,737,6,0x42ffc7,TEST,1,NonLeaf,r12(-1) r12(-1) ,rflags ,TEST,3,JNBE,6,CMP,3,SAR,4,SUB,3,MOV,7,MOV,6,MOVSS,8,LEA,7,LEA,7,0,1,0,0,0,CALL,0,1,0,0,0,0,MOV,0,0,4390855,4391595,4390864,1,0,1,1,cpp,4.7362206138200205e-11,0.0,0,0,0
0x42ffc1,JNBE,10,0,565,6,0x42ffbe,CMP,1,NonLeaf,r12(-1) rax(SAR) ,rflags ,CMP,3,SAR,4,SUB,3,MOV,3,MOV,7,TEST,3,JNZ,6,MOV,7,MOV,6,MOVSS,8,0,1,0,0,0,JNE,0,0,1,0,0,0,JNE,0,0,4390829,4391414,4390855,0,0,0,0,cpp,4.7362206138200205e-11,0.0,0,0,0
0x42ffa7,JNBE,10,0,659,6,0x42ffa4,CMP,1,NonLeaf,r12(SAR) rax(SAR) ,rflags ,CMP,3,SAR,4,SAR,4,SUB,3,SUB,3,MOV,7,MOV,3,SUB,3,SAR,4,CMP,3,0,1,0,0,0,JE,0,0,1,0,0,0,JA,0,0,4390775,4391482,4390829,0,0,0,0,cpp,4.7362206138200205e-11,0.0,0,0,0
0x42ff75,JZ,10,0,98,2,0x42ff10,CMP,1,NonLeaf,rbp(-1) rbx(-1) ,rflags ,MOV,7,MOV,7,MOV,7,MOV,7,MOV,7,MOV,7,MOV,7,MOV,7,MOV,7,MOV,3,0,1,0,0,0,JNE,0,0,1,0,0,0,JA,0,0,4390658,4390871,4390775,0,0,1,0,cpp,4.7362206138200205e-11,0.0,0,0,0
0x42fef8,JZ,10,0,10,2,0x42fef6,TEST,1,NonLeaf,al(-1) ,rflags ,TEST,2,MOV,5,MOV,2,MOV,2,JZ,2,MOVZX,4,MOV,4,MOV,7,MOV,7,CMP,3,0,1,1,0,0,JE,0,0,1,0,0,0,MOV,0,0,4390646,4390658,4390650,0,0,1,1,cpp,4.7362206138200205e-11,0.0,0,0,0
0x42feeb,JZ,10,0,11,2,0x42fee6,TEST,0,NonLeaf,al(-1) ,rflags ,MOVSQ,3,TEST,2,SHR,3,XOR,2,MOV,2,MOV,2,MOV,2,MOV,5,TEST,2,JZ,2,0,1,1,0,0,JE,0,0,1,0,0,0,MOV,0,0,4390635,4390646,4390637,0,0,0,1,cpp,4.7362206138200205e-11,0.0,0,0,0
0x42fed9,JNZ,10,10,1304,6,0x42fed5,TEST,1,NonLeaf,dil(LEA) ,rflags ,TEST,4,MOV,5,LEA,7,MOV,2,LEA,7,MOV,2,XOR,2,SHR,3,TEST,2,MOVSQ,3,0,1,0,0,0,JMP,0,0,1,1,0,0,TEST,0,0,4390590,4391921,4390623,0,0,1,0,cpp,4.7362206138200205e-11,1.0,1,0,1
0x42fea2,JZ,10,10,6,2,0x42fe9d,TEST,0,NonLeaf,al(-1) ,rflags ,MOVSQ,3,TEST,2,SHR,3,MOV,2,JNZ,6,MOV,2,MOV,2,LEA,7,LEA,7,MOV,5,0,1,1,0,0,MOV,0,0,1,0,0,0,MOV,0,0,4390562,4390568,4390564,0,0,0,1,cpp,4.7362206138200205e-11,1.0,1,0,1
0x42fe92,JNZ,10,10,1339,6,0x42fe8e,TEST,1,NonLeaf,dil(LEA) ,rflags ,TEST,4,MOV,5,LEA,7,MOV,2,LEA,7,MOV,2,SHR,3,TEST,2,MOVSQ,3,JZ,2,0,1,0,0,0,JMP,0,0,1,1,0,0,TEST,0,0,4390519,4391885,4390552,0,0,1,0,cpp,4.7362206138200205e-11,1.0,1,0,1
0x42fe5b,JZ,10,10,6,2,0x42fe56,TEST,0,NonLeaf,al(-1) ,rflags ,MOVSQ,3,TEST,2,SHR,3,MOV,2,JNZ,6,MOV,2,MOV,2,LEA,7,LEA,7,MOV,5,0,1,1,0,0,MOV,0,0,1,0,0,0,MOV,0,0,4390491,4390497,4390493,0,0,0,1,cpp,4.7362206138200205e-11,1.0,1,0,1
0x42fe4b,JNZ,10,10,1374,6,0x42fe47,TEST,1,NonLeaf,dil(LEA) ,rflags ,TEST,4,MOV,5,LEA,7,MOV,2,LEA,7,MOV,2,SHR,3,TEST,2,MOVSQ,3,JZ,2,0,1,0,0,0,JMP,0,0,1,1,0,0,TEST,0,0,4390448,4391849,4390481,0,0,1,0,cpp,4.7362206138200205e-11,1.0,1,0,1
0x42fded,JZ,10,10,9,2,0x42fdeb,TEST,1,NonLeaf,al(-1) ,rflags ,TEST,2,ADD,4,MOV,4,MOVZX,4,JZ,2,MOVZX,4,MOV,3,MOV,6,LEA,7,LEA,7,0,1,1,0,0,MOV,0,0,1,0,0,0,MOV,0,0,4390379,4390390,4390383,0,0,1,1,cpp,4.7362206138200205e-11,1.0,1,0,1
0x42fddd,JZ,10,10,14,2,0x42fddb,TEST,1,NonLeaf,al(-1) ,rflags ,TEST,2,MOV,5,MOV,2,MOV,2,JZ,2,MOVZX,4,MOV,4,ADD,4,TEST,2,JZ,2,0,1,1,0,0,JE,0,0,1,0,0,0,ADD,0,0,4390363,4390379,4390367,0,0,0,1,cpp,4.7362206138200205e-11,1.0,1,0,1
0x42fdd0,JZ,10,0,11,2,0x42fdcb,TEST,0,NonLeaf,al(-1) ,rflags ,MOVSQ,3,TEST,2,SHR,3,XOR,2,MOV,2,MOV,2,MOV,2,MOV,5,TEST,2,JZ,2,0,1,1,0,0,JE,0,0,1,0,0,0,MOV,0,0,4390352,4390363,4390354,0,0,0,1,cpp,4.7362206138200205e-11,0.0,0,0,0
0x42fdb4,JNZ,10,10,1461,6,0x42fdb0,TEST,1,NonLeaf,dil(LEA) ,rflags ,TEST,4,MOV,5,LEA,7,MOV,3,LEA,7,TEST,4,JNZ,6,MOV,2,XOR,2,SHR,3,0,1,0,0,0,JE,0,0,1,0,0,0,JNE,0,0,4390295,4391785,4390330,0,0,1,0,cpp,4.7362206138200205e-11,1.0,1,0,1
0x42fbe3,JNLE,874,874,-185,6,0x42fbe1,TEST,1,NonLeaf,edx(-1) edx(-1) ,rflags ,TEST,2,XADD_LOCK,4,OR,3,JZ,2,TEST,3,LEA,5,MOV,4,CALL_NEAR,5,MOV,4,JMP,5,0,0,1,0,0,JNE,0,0,1,0,0,0,CALL,0,1,4389857,4389674,4389865,0,0,0,1,cpp,4.1394568164786975e-09,1.0,1,0,1
0x42fbd8,JZ,874,874,110,2,0x42fbd5,TEST,1,NonLeaf,rsi(MOV) rsi(MOV) ,rflags ,TEST,3,LEA,4,MOV,5,JMP,5,MOV,4,OR,3,XADD_LOCK,4,TEST,2,JNLE,6,LEA,5,0,1,0,0,0,JMP,0,0,1,0,0,0,LOCK XADD,0,0,4389836,4389958,4389850,0,0,1,0,cpp,4.1394568164786975e-09,1.0,1,0,1
0x42fbb3,JNLE,874,0,-119,2,0x42fbb1,TEST,1,NonLeaf,edx(-1) edx(-1) ,rflags ,TEST,2,XADD_LOCK,4,OR,3,JZ,6,TEST,3,LEA,5,MOV,4,CALL_NEAR,5,MOV,4,JMP,5,0,0,1,0,0,RET,0,0,1,0,0,0,CALL,0,1,4389809,4389692,4389813,0,0,0,1,cpp,4.1394568164786975e-09,0.0,0,0,0
0x42fba4,JZ,874,874,206,6,0x42fba1,TEST,1,NonLeaf,rsi(MOV) rsi(MOV) ,rflags ,TEST,3,LEA,4,MOV,5,JMP,5,MOV,4,OR,3,XADD_LOCK,4,TEST,2,JNLE,2,LEA,5,0,1,0,0,0,JMP,0,0,1,0,0,0,LOCK XADD,0,0,4389784,4390002,4389802,0,0,1,0,cpp,4.1394568164786975e-09,1.0,1,0,1
0x42fb7f,JNLE,874,0,-107,2,0x42fb7d,TEST,1,NonLeaf,edx(-1) edx(-1) ,rflags ,TEST,2,XADD_LOCK,4,OR,3,JZ,6,TEST,3,LEA,5,MOV,4,CALL_NEAR,5,MOV,4,JMP,5,0,0,1,0,0,JNE,0,0,1,0,0,0,CALL,0,1,4389757,4389652,4389761,0,0,0,1,cpp,4.1394568164786975e-09,0.0,0,0,0
0x42fb70,JZ,874,874,242,6,0x42fb6d,TEST,1,NonLeaf,rsi(MOV) rsi(MOV) ,rflags ,TEST,3,LEA,4,MOV,5,JMP,2,XOR,2,OR,3,XADD_LOCK,4,TEST,2,JNLE,2,LEA,5,0,1,0,0,0,JMP,0,0,1,0,0,0,LOCK XADD,0,0,4389732,4389986,4389750,0,0,1,0,cpp,4.1394568164786975e-09,1.0,1,0,1
0x42fb3a,JNZ,874,874,94,2,0x42fb33,CMP,1,NonLeaf,rdi(LEA) ,rflags ,CMP,7,LEA,4,MOV,5,JNZ,6,CMP,7,ADD,4,POP,1,POP,1,POP,2,RET_NEAR,1,0,1,0,0,0,JE,0,0,1,1,0,0,RET,0,0,4389674,4389784,4389692,0,0,0,0,cpp,4.1394568164786975e-09,1.0,1,1,1
0x42fb24,JNZ,874,874,168,6,0x42fb1d,CMP,1,NonLeaf,rdi(LEA) ,rflags ,CMP,7,LEA,4,MOV,5,JNZ,2,CMP,7,MOV,5,LEA,4,CMP,7,JNZ,2,ADD,4,0,1,0,0,0,JE,0,0,0,1,0,0,JNE,0,0,4389652,4389836,4389674,0,0,0,0,cpp,4.1394568164786975e-09,1.0,1,1,1
0x42fb12,JNZ,874,874,82,2,0x42fb0b,CMP,1,NonLeaf,rdi(LEA) ,rflags ,CMP,7,LEA,4,MOV,5,CALL_NEAR,5,MOV,3,MOV,5,LEA,4,CMP,7,JNZ,6,MOV,5,0,1,0,0,0,JE,0,0,1,1,0,0,JNE,0,0,4389634,4389732,4389652,0,0,0,0,cpp,4.1394568164786975e-09,1.0,1,0,1
0x42fad1,JZ,874,0,143,6,0x42face,CMP,1,NonLeaf,rax(-1) rdx(LEA) ,rflags ,CMP,3,LEA,7,CALL_NEAR,5,MOV,3,LEA,7,LEA,5,LEA,4,MOV,3,CALL_NEAR,5,LEA,5,0,1,0,0,0,JMP,0,0,1,0,0,0,CALL,0,1,4389575,4389728,4389591,0,0,0,1,cpp,4.1394568164786975e-09,0.0,0,0,0
0x42faa5,JNZ,874,434,163,6,0x42fa90,TEST,1,NonLeaf,esi(-1) esi(-1) ,rflags ,LEA,5,LEA,5,MOV,9,TEST,2,SUB,4,MOV,5,MOV,3,CALL_NEAR,5,LEA,7,MOV,3,0,1,0,0,0,CALL,0,1,1,0,0,0,CALL,0,1,4389504,4389704,4389547,0,0,1,1,cpp,4.1394568164786975e-09,0.4965675057208238,0,0,0
0x42f209,JLE,874,0,55,2,0x42f206,CMP,1,NonLeaf,r12d(-1) edx(-1) ,rflags ,CMP,3,JNZ,2,TEST,2,SHR,3,MOV,2,ADD,4,MOV,3,POP,1,POP,1,POP,2,0,0,0,0,0,CALL,0,1,1,0,0,0,JMP,0,0,4387334,4387392,4387339,0,0,1,0,cpp,4.1394568164786975e-09,0.0,0,0,0
0x42f204,JNZ,874,0,60,2,0x42f202,TEST,1,NonLeaf,al(SHR) al(SHR) ,rflags ,TEST,2,SHR,3,MOV,2,JLE,2,CMP,3,CMP,3,JLE,2,ADD,4,MOV,3,POP,1,0,0,0,0,0,CALL,0,1,1,0,0,0,JLE,0,0,4387325,4387392,4387334,0,0,1,0,cpp,4.1394568164786975e-09,0.0,0,0,0
0x42f1fb,JLE,874,0,69,2,0x42f1f8,CMP,1,NonLeaf,r12d(-1) esi(-1) ,rflags ,CMP,3,JS,2,SUB,3,ADD,3,SUB,2,MOV,2,SHR,3,TEST,2,JNZ,2,CMP,3,0,0,0,0,0,CALL,0,1,1,0,0,0,JNE,0,0,4387320,4387392,4387325,0,0,1,0,cpp,4.1394568164786975e-09,0.0,0,0,0
0x42f1f6,JS,874,0,74,2,0x42f1f3,SUB,1,NonLeaf,esi(SUB) ,esi rflags ,SUB,3,ADD,3,SUB,2,MOVSX,4,MOV,3,CMP,3,JLE,2,MOV,2,SHR,3,TEST,2,0,1,0,0,0,CALL,0,1,1,0,0,0,JLE,0,0,4387299,4387392,4387320,0,0,1,0,cpp,4.1394568164786975e-09,0.0,0,0,0
0x42f1d6,JS,874,874,13,2,0x42f1d4,TEST,1,NonLeaf,eax(MOV) eax(MOV) ,rflags ,TEST,2,MOVZX,4,MOV,3,MOV,3,CALL_NEAR,5,MOV,3,CALL_NEAR,5,MOV,3,MOVSX,4,MOV,3,0,0,1,0,0,JS,0,0,1,0,0,0,CALL,0,1,4387274,4387299,4387288,0,0,0,1,cpp,4.1394568164786975e-09,1.0,1,0,1
0x42f1c0,JS,874,0,96,2,0x42f1be,TEST,1,NonLeaf,ecx(MOV) ecx(MOV) ,rflags ,TEST,2,MOV,3,MOV,3,MOV,3,CALL_NEAR,5,MOV,3,CALL_NEAR,5,MOV,3,MOV,3,MOVZX,4,0,1,0,0,0,JMP,0,0,1,0,0,0,CALL,0,1,4387253,4387360,4387266,0,0,0,1,cpp,4.1394568164786975e-09,0.0,0,0,0
0x42f1a7,JZ,874,0,137,6,0x42f1a5,TEST,1,NonLeaf,eax(-1) eax(-1) ,rflags ,TEST,2,CALL_NEAR,5,MOV,3,MOV,5,JNLE,2,MOV,3,CALL_NEAR,5,MOV,3,MOV,3,MOV,3,0,0,0,0,0,RET,0,0,0,0,0,0,CALL,0,1,4387237,4387376,4387245,0,0,0,1,cpp,4.1394568164786975e-09,0.0,0,0,0
0x42f196,JNLE,874,0,23,2,0x42f193,CMP,1,NonLeaf,eax(-1) ,rflags ,CMP,3,CALL_NEAR,5,MOV,3,JZ,6,CMP,5,MOV,5,MOV,3,CALL_NEAR,5,TEST,2,JZ,6,0,1,0,0,0,CALL,0,1,1,0,0,0,CALL,0,1,4387219,4387245,4387224,0,0,1,1,cpp,4.1394568164786975e-09,0.0,0,0,0
0x42f185,JZ,874,0,171,6,0x42f180,CMP,1,NonLeaf,rax(MOV) ,rflags ,CMP,5,MOV,3,SUB,4,MOV,3,PUSH,1,MOV,3,CALL_NEAR,5,CMP,3,JNLE,2,MOV,5,0,1,0,0,0,RET,0,0,1,0,0,0,CALL,0,1,4387184,4387376,4387211,0,0,0,1,cpp,4.1394568164786975e-09,0.0,0,0,0
0x42f0f1,JNLE,606,606,-596,6,0x42f0ef,TEST,1,NonLeaf,eax(-1) eax(-1) ,rflags ,TEST,2,XADD_LOCK,4,MOV,5,JZ,2,TEST,3,LEA,5,CALL_NEAR,5,JMP,5,MOV,3,MOV,4,0,0,1,0,0,JNE,0,0,1,0,0,0,CALL,0,1,4387055,4386461,4387063,0,0,0,1,cpp,2.8701496919749323e-09,1.0,1,0,1
0x42f0e4,JZ,606,606,79,2,0x42f0e1,TEST,1,NonLeaf,rcx(MOV) rcx(MOV) ,rflags ,TEST,3,LEA,4,MOV,5,JMP,2,MOV,2,MOV,5,XADD_LOCK,4,TEST,2,JNLE,6,LEA,5,0,1,0,0,0,JMP,0,0,1,0,0,0,LOCK XADD,0,0,4387032,4387123,4387046,0,0,1,0,cpp,2.8701496919749323e-09,1.0,1,0,1
0x42f0a9,JNLE,606,606,-502,6,0x42f0a7,TEST,1,NonLeaf,eax(-1) eax(-1) ,rflags ,TEST,2,XADD_LOCK,4,MOV,5,JZ,2,TEST,3,LEA,5,CALL_NEAR,5,JMP,5,MOV,3,LEA,3,0,0,1,0,0,JNE,0,0,1,0,0,0,CALL,0,1,4386983,4386483,4386991,0,0,0,1,cpp,2.8701496919749323e-09,1.0,1,0,1
0x42f09c,JZ,606,606,47,2,0x42f099,TEST,1,NonLeaf,rcx(MOV) rcx(MOV) ,rflags ,TEST,3,LEA,4,MOV,5,JMP,5,CALL_NEAR,5,MOV,5,XADD_LOCK,4,TEST,2,JNLE,6,LEA,5,0,1,0,0,0,JMP,0,0,1,0,0,0,LOCK XADD,0,0,4386960,4387019,4386974,0,0,1,0,cpp,2.8701496919749323e-09,1.0,1,0,1
0x42f07b,JNLE,606,606,-434,6,0x42f079,TEST,1,NonLeaf,eax(-1) eax(-1) ,rflags ,TEST,2,XADD_LOCK,4,MOV,5,JZ,2,TEST,3,LEA,5,CALL_NEAR,5,JMP,5,MOV,5,LEA,4,0,0,1,0,0,JNE,0,0,1,0,0,0,CALL,0,1,4386937,4386505,4386945,0,0,0,1,cpp,2.8701496919749323e-09,1.0,1,0,1
0x42f06e,JZ,606,606,80,2,0x42f06b,TEST,1,NonLeaf,rcx(MOV) rcx(MOV) ,rflags ,TEST,3,LEA,4,MOV,5,JMP,2,MOV,2,MOV,5,XADD_LOCK,4,TEST,2,JNLE,6,LEA,5,0,1,0,0,0,JMP,0,0,1,0,0,0,LOCK XADD,0,0,4386914,4387006,4386928,0,0,1,0,cpp,2.8701496919749323e-09,1.0,1,0,1
0x42f033,JNLE,606,606,-340,6,0x42f031,TEST,1,NonLeaf,eax(-1) eax(-1) ,rflags ,TEST,2,XADD_LOCK,4,MOV,5,JZ,2,TEST,3,LEA,5,CALL_NEAR,5,JMP,5,MOV,3,LEA,3,0,0,1,0,0,JNE,0,0,1,0,0,0,CALL,0,1,4386865,4386527,4386873,0,0,0,1,cpp,2.8701496919749323e-09,1.0,1,0,1
0x42f026,JZ,606,606,47,2,0x42f023,TEST,1,NonLeaf,rcx(MOV) rcx(MOV) ,rflags ,TEST,3,LEA,4,MOV,5,JMP,5,CALL_NEAR,5,MOV,5,XADD_LOCK,4,TEST,2,JNLE,6,LEA,5,0,1,0,0,0,JMP,0,0,1,0,0,0,LOCK XADD,0,0,4386842,4386901,4386856,0,0,1,0,cpp,2.8701496919749323e-09,1.0,1,0,1
0x42f005,JNLE,606,606,-272,6,0x42f003,TEST,1,NonLeaf,eax(-1) eax(-1) ,rflags ,TEST,2,XADD_LOCK,4,MOV,5,JZ,2,TEST,3,LEA,5,CALL_NEAR,5,JMP,5,MOV,5,LEA,4,0,0,1,0,0,JNE,0,0,1,0,0,0,CALL,0,1,4386819,4386549,4386827,0,0,0,1,cpp,2.8701496919749323e-09,1.0,1,0,1
0x42eff8,JZ,606,606,80,2,0x42eff5,TEST,1,NonLeaf,rcx(MOV) rcx(MOV) ,rflags ,TEST,3,LEA,4,MOV,5,JMP,2,MOV,2,MOV,5,XADD_LOCK,4,TEST,2,JNLE,6,LEA,5,0,1,0,0,0,JMP,0,0,1,0,0,0,LOCK XADD,0,0,4386796,4386888,4386810,0,0,1,0,cpp,2.8701496919749323e-09,1.0,1,0,1
0x42efb8,JNLE,606,606,-173,6,0x42efb6,TEST,1,NonLeaf,eax(-1) eax(-1) ,rflags ,TEST,2,XADD_LOCK,4,MOV,5,JZ,2,TEST,3,LEA,5,CALL_NEAR,5,JMP,5,MOV,3,JMP,2,0,0,1,0,0,RET,0,0,1,0,0,0,CALL,0,1,4386742,4386571,4386750,0,0,0,1,cpp,2.8701496919749323e-09,1.0,1,0,1
0x42efab,JZ,606,606,52,2,0x42efa8,TEST,1,NonLeaf,rcx(MOV) rcx(MOV) ,rflags ,TEST,3,LEA,4,MOV,5,JMP,2,CALL_NEAR,5,MOV,5,XADD_LOCK,4,TEST,2,JNLE,6,LEA,5,0,1,0,0,0,JMP,0,0,1,0,0,0,LOCK XADD,0,0,4386719,4386783,4386733,0,0,1,0,cpp,2.8701496919749323e-09,1.0,1,0,1
0x42ef05,JNZ,606,606,154,6,0x42eefe,CMP,1,NonLeaf,rdi(LEA) ,rflags ,CMP,7,LEA,4,MOV,5,JNZ,6,CMP,7,ADD,4,POP,1,POP,1,POP,2,POP,2,0,1,0,0,0,JE,0,0,1,1,0,0,RET,0,0,4386549,4386719,4386571,0,0,0,0,cpp,2.8701496919749323e-09,1.0,1,0,1
0x42eeef,JNZ,606,606,253,6,0x42eee8,CMP,1,NonLeaf,rdi(LEA) ,rflags ,CMP,7,LEA,4,MOV,5,JNZ,6,CMP,7,MOV,5,LEA,4,CMP,7,JNZ,6,ADD,4,0,1,0,0,0,JE,0,0,1,1,0,0,JNE,0,0,4386527,4386796,4386549,0,0,0,0,cpp,2.8701496919749323e-09,1.0,1,0,1
0x42eed9,JNZ,606,606,321,6,0x42eed2,CMP,1,NonLeaf,rdi(LEA) ,rflags ,CMP,7,LEA,4,MOV,5,JNZ,6,CMP,7,MOV,5,LEA,4,CMP,7,JNZ,6,MOV,5,0,1,0,0,0,JE,0,0,1,1,0,0,JNE,0,0,4386505,4386842,4386527,0,0,0,0,cpp,2.8701496919749323e-09,1.0,1,0,1
0x42eec3,JNZ,606,606,415,6,0x42eebc,CMP,1,NonLeaf,rdi(LEA) ,rflags ,CMP,7,LEA,4,MOV,5,JNZ,6,CMP,7,MOV,5,LEA,4,CMP,7,JNZ,6,MOV,5,0,1,0,0,0,JE,0,0,1,1,0,0,JNE,0,0,4386483,4386914,4386505,0,0,0,0,cpp,2.8701496919749323e-09,1.0,1,0,1
0x42eead,JNZ,606,606,483,6,0x42eea6,CMP,1,NonLeaf,rdi(LEA) ,rflags ,CMP,7,LEA,4,MOV,5,JNZ,6,CMP,7,MOV,5,LEA,4,CMP,7,JNZ,6,MOV,5,0,1,0,0,0,JE,0,0,1,1,0,0,JNE,0,0,4386461,4386960,4386483,0,0,0,0,cpp,2.8701496919749323e-09,1.0,1,0,1
0x42ee97,JNZ,606,606,577,6,0x42ee90,CMP,1,NonLeaf,rdi(LEA) ,rflags ,CMP,7,LEA,4,ADD,8,MOV,5,CALL_NEAR,5,MOV,5,LEA,4,CMP,7,JNZ,6,MOV,5,0,1,0,0,0,JE,0,0,1,1,0,0,JNE,0,0,4386431,4387032,4386461,0,0,0,0,cpp,2.8701496919749323e-09,1.0,1,0,1
0x42ee50,JZ,606,0,30,2,0x42ee4c,ADD,1,NonLeaf,rdi(ADD) ,rdi rflags ,ADD,4,MOV,3,MOV,3,CALL_NEAR,5,MOV,5,LEA,5,CALL_NEAR,5,LEA,5,LEA,4,LEA,4,0,1,1,0,0,CALL,0,1,1,0,0,0,CALL,0,1,4386374,4386414,4386386,0,0,1,1,cpp,2.8701496919749323e-09,0.0,0,0,0
0x42ee31,JL,57,0,11,2,0x42ee27,CMP,1,NonLeaf,r15(-1) ,rflags ,MOV,3,CMP,7,JNLE,2,CMP,7,XOR,3,MOV,3,SHR,3,MOV,3,MOV,5,CALL_NEAR,5,0,0,1,0,0,CALL,0,1,1,0,0,0,MOV,0,0,4386343,4386364,4386355,0,0,1,0,cpp,2.699645749877412e-10,0.0,0,0,0
0x42ee25,JNLE,57,0,23,2,0x42ee1e,CMP,1,NonLeaf,r15(SUB) ,rflags ,CMP,7,XOR,3,SUB,3,JNZ,2,TEST,2,CMP,7,MOV,3,JL,2,MOV,3,SHR,3,0,0,1,0,0,CALL,0,1,1,0,0,0,JL,0,0,4386328,4386364,4386343,0,0,1,0,cpp,2.699645749877412e-10,0.0,0,0,0
0x42ee16,JNZ,159,102,32,2,0x42ee14,TEST,1,NonLeaf,eax(-1) eax(-1) ,rflags ,TEST,2,JZ,6,CMP,3,JNZ,2,TEST,3,SUB,3,XOR,3,CMP,7,JNLE,2,CMP,7,0,1,0,0,0,MOV,0,0,1,0,0,0,JG,0,0,4386324,4386358,4386328,0,0,0,0,cpp,7.530590775973831e-10,0.6415094339622641,1,0,1
0x42ee0e,JZ,159,0,282,6,0x42ee0b,CMP,1,NonLeaf,r14(-1) rbp(-1) ,rflags ,CMP,3,JNZ,2,TEST,3,MOV,4,JS,2,TEST,2,JNZ,2,SUB,3,XOR,3,CMP,7,0,1,0,0,0,JMP,0,0,1,0,0,0,JNE,0,0,4386315,4386600,4386324,0,0,0,0,cpp,7.530590775973831e-10,0.0,0,0,0
0x42ee09,JNZ,208,84,-48,2,0x42ee06,TEST,1,NonLeaf,rdx(MOV) rdx(MOV) ,rflags ,TEST,3,MOV,4,JS,2,TEST,2,MOV,2,CMP,3,JZ,6,TEST,2,JNZ,2,SUB,3,0,0,0,0,0,MOV,0,0,0,1,0,0,JE,1,0,4386306,4386265,4386315,0,0,0,0,cpp,9.851338876745642e-10,0.4038461538461538,0,0,0
0x42ee00,JS,325,117,-48,2,0x42edfe,TEST,1,NonLeaf,edx(-1) edx(-1) ,rflags ,TEST,2,MOV,2,JZ,2,MOV,2,TEST,2,MOV,4,TEST,3,JNZ,2,CMP,3,JZ,6,0,0,0,0,0,JE,0,0,0,0,0,0,JNE,0,0,4386302,4386256,4386306,0,0,0,0,cpp,1.5392716994915066e-09,0.36,0,0,0
0x42edfa,JZ,325,57,-66,2,0x42edf6,TEST,1,NonLeaf,eax(-1) eax(-1) ,rflags ,MOV,2,TEST,2,CALL_NEAR,5,CMOVBE,4,MOV,3,MOV,2,TEST,2,JS,2,MOV,4,TEST,3,0,1,0,0,0,JG,0,0,1,0,0,0,MOV,0,0,4386294,4386232,4386300,0,0,0,0,cpp,1.5392716994915066e-09,0.1753846153846154,0,0,0
0x42edd7,JZ,117,35,52,2,0x42edd4,TEST,1,NonLeaf,rdx(MOV) rdx(MOV) ,rflags ,TEST,3,MOV,4,JNL,2,CMP,7,JNLE,2,MOV,3,MOV,4,MOV,3,MOV,4,CMP,3,0,0,1,0,0,JE,1,0,0,0,0,0,MOV,0,0,4386256,4386315,4386265,0,0,0,0,cpp,5.541378118169423e-10,0.2991452991452991,0,0,0
0x42edce,JNL,57,57,48,2,0x42edc7,CMP,1,NonLeaf,rdx(-1) ,rflags ,CMP,7,JNLE,2,CMP,7,SUB,3,MOV,3,MOV,4,TEST,3,JZ,2,MOV,3,MOV,4,0,0,0,0,0,JS,0,0,0,0,0,0,JE,0,0,4386247,4386302,4386256,0,0,0,0,cpp,2.699645749877412e-10,1.0,1,0,1
0x42edc5,JNLE,57,0,61,2,0x42edbe,CMP,1,NonLeaf,rdx(SUB) ,rflags ,CMP,7,SUB,3,MOV,3,NOP,3,JMP,2,CMP,7,JNL,2,MOV,4,TEST,3,JZ,2,0,0,0,0,0,JNE,0,0,1,0,0,0,JGE,0,0,4386232,4386306,4386247,0,0,0,0,cpp,2.699645749877412e-10,0.0,0,0,0
0x42eda3,JZ,606,447,375,6,0x42eda0,TEST,1,NonLeaf,rbp(MOV) rbp(MOV) ,rflags ,TEST,3,LEA,7,MOV,7,CALL_NEAR,5,LEA,4,MOV,5,MOV,5,JMP,2,NOP,3,MOV,3,0,1,0,0,0,JMP,0,0,1,0,0,0,JMP,0,0,4386194,4386586,4386217,0,0,0,0,cpp,2.8701496919749323e-09,0.7376237623762376,1,0,1
0x42e9f4,JZ,806,0,9,2,0x42e9ed,CMP,1,NonLeaf,rax(-1) ,rflags ,MOV,3,CMP,4,CALL_NEAR,5,MOV,5,SETL,4,MOV,3,MOV,4,MOV,3,MOV,3,MOV,3,0,1,1,0,0,CALL,0,1,1,0,0,0,MOV,0,0,4385261,4385277,4385270,0,0,1,1,cpp,3.817393814738937e-09,0.0,0,0,0
0x42e9d3,JZ,806,1,88,2,0x42e9d0,CMP,1,NonLeaf,rbp(-1) r13(-1) ,rflags ,CMP,3,NOP,4,JMP,2,XOR,2,JNZ,2,XOR,3,MOV,4,CMP,3,SETL,4,MOV,5,0,1,0,0,0,JMP,0,0,1,0,0,0,SETL,0,0,4385232,4385323,4385237,0,0,0,0,cpp,3.817393814738937e-09,0.0012406947890818,0,0,0
0x42e9c6,JNZ,796,796,10,2,0x42e9c3,TEST,1,NonLeaf,r13(-1) r13(-1) ,rflags ,TEST,3,JNL,2,CMP,3,MOV,3,MOV,3,XOR,2,JMP,2,NOP,4,CMP,3,JZ,2,0,0,0,0,0,JE,0,0,1,0,0,0,JMP,0,0,4385219,4385232,4385224,0,0,0,0,cpp,3.770031608600736e-09,1.0,1,0,1
0x42e9c1,JNL,410,0,-62,2,0x42e9be,CMP,1,NonLeaf,edx(MOV) r8d(MOV) ,rflags ,CMP,3,MOV,3,MOV,3,MOV,3,CALL_NEAR,5,TEST,3,JNZ,2,XOR,2,JMP,2,NOP,4,0,0,0,0,0,RET,0,0,0,0,0,0,JNE,0,0,4385205,4385155,4385219,0,0,0,0,cpp,1.941850451666208e-09,0.0,0,0,0
0x42e9a8,JZ,420,10,40,2,0x42e9a5,CMP,1,NonLeaf,r13(MOV) rbx(-1) ,rflags ,CMP,3,MOV,5,NOP,6,MOV,3,RET_NEAR,1,MOV,3,MOV,3,CALL_NEAR,5,MOV,3,MOV,3,0,0,0,0,0,JE,0,0,1,0,0,0,CALL,0,1,4385184,4385232,4385194,0,0,0,1,cpp,1.9892126578044086e-09,0.0238095238095238,0,0,0
0x42e981,JL,386,386,66,2,0x42e97e,CMP,1,NonLeaf,edx(-1) r8d(-1) ,rflags ,CMP,3,JNZ,2,MOV,3,TEST,3,JNZ,2,ADD,4,MOV,3,XOR,2,POP,1,POP,1,0,0,0,0,0,JNE,0,0,0,0,0,0,RET,0,0,4385150,4385219,4385155,0,0,0,0,cpp,1.8281811569345278e-09,1.0,1,0,1
0x42e97c,JNZ,805,419,36,2,0x42e976,TEST,1,NonLeaf,r9b(-1) r9b(-1) ,rflags ,MOV,3,TEST,3,JNZ,2,TEST,3,XOR,3,CMP,3,JL,2,ADD,4,MOV,3,XOR,2,0,0,0,0,0,JE,0,0,1,0,0,0,JL,0,0,4385142,4385184,4385150,0,0,0,0,cpp,3.812657594125117e-09,0.5204968944099378,1,0,1
0x42e974,JNZ,3194,2808,-21,2,0x42e971,TEST,1,NonLeaf,rax(MOV) rax(MOV) ,rflags ,TEST,3,XOR,3,MOV,4,JNLE,2,CMP,3,TEST,3,MOV,3,JNZ,2,CMP,3,JL,2,0,0,0,0,0,MOV,0,0,0,1,0,0,JNE,1,0,4385130,4385119,4385142,0,0,0,0,cpp,1.5127488640541145e-08,0.8791484032561052,1,0,1
0x42e968,JNLE,7002,3808,-24,2,0x42e965,CMP,1,NonLeaf,edx(MOV) r8d(-1) ,rflags ,CMP,3,MOV,3,MOV,3,JZ,2,TEST,3,MOV,4,XOR,3,TEST,3,JNZ,2,TEST,3,1,1,0,0,0,JE,0,0,1,0,0,0,JNE,0,0,4385122,4385104,4385130,0,0,0,0,cpp,3.316301673796778e-08,0.5438446158240503,1,0,1
0x42e95d,JZ,3808,419,25,2,0x42e95a,TEST,1,NonLeaf,rax(MOV) rax(MOV) ,rflags ,TEST,3,MOV,6,MOV,4,NOP,10,JMP,2,MOV,3,MOV,3,CMP,3,JNLE,2,MOV,4,0,0,1,0,0,JNE,1,0,0,0,0,0,MOV,0,0,4385104,4385142,4385119,0,0,0,0,cpp,1.803552809742664e-08,0.110031512605042,0,0,0
0x42e93f,JZ,806,1,88,2,0x42e93c,TEST,1,NonLeaf,rbx(MOV) rbx(MOV) ,rflags ,TEST,3,MOV,4,SUB,4,PUSH,1,LEA,4,MOV,3,JMP,2,NOP,10,MOV,4,MOV,6,0,1,0,0,0,NOP,0,0,1,0,0,0,JMP,0,0,4385056,4385175,4385089,0,0,0,0,cpp,3.817393814738937e-09,0.0012406947890818,0,0,0
0x42e8f6,JZ,13,3,12,2,0x42e8f3,TEST,1,Recursive,rbp(-1) rbp(-1) ,rflags ,TEST,3,CALL_NEAR,5,MOV,3,MOV,4,MOV,5,MOV,5,JMP,5,ADD,4,POP,1,POP,1,0,0,1,0,0,RET,1,0,1,0,0,0,JMP,0,0,4385011,4385026,4385016,0,0,0,1,cpp,6.157086797966026e-11,0.2307692307692307,0,0,0
0x42e8d3,JZ,45,9,15,2,0x42e8d0,TEST,1,Recursive,rbp(-1) rbp(-1) ,rflags ,TEST,3,CALL_NEAR,5,MOV,3,MOV,4,MOV,5,MOV,5,MOV,3,JMP,5,MOV,5,MOV,4,0,0,1,0,0,CALL,1,1,1,0,0,0,JMP,0,0,4384976,4384994,4384981,0,0,1,1,cpp,2.1312992762190086e-10,0.2,0,0,0
0x42e8b0,JZ,106,36,15,2,0x42e8ad,TEST,1,Recursive,rbp(-1) rbp(-1) ,rflags ,TEST,3,CALL_NEAR,5,MOV,3,MOV,4,MOV,5,MOV,5,MOV,3,JMP,5,MOV,5,MOV,4,0,0,1,0,0,CALL,1,1,1,0,0,0,JMP,0,0,4384941,4384959,4384946,0,0,1,1,cpp,5.020393850649221e-10,0.3396226415094339,0,0,0
0x42e88d,JZ,170,73,15,2,0x42e88a,TEST,1,Recursive,rbp(-1) rbp(-1) ,rflags ,TEST,3,CALL_NEAR,5,MOV,3,MOV,4,MOV,5,MOV,5,MOV,3,JMP,5,MOV,5,MOV,4,0,0,1,0,0,CALL,1,1,1,0,0,0,JMP,0,0,4384906,4384924,4384911,0,0,1,1,cpp,8.051575043494034e-10,0.4294117647058823,0,0,0
0x42e86a,JZ,188,94,15,2,0x42e867,TEST,1,Recursive,rbp(-1) rbp(-1) ,rflags ,TEST,3,CALL_NEAR,5,MOV,3,MOV,4,MOV,5,MOV,5,MOV,3,JMP,5,MOV,5,MOV,4,0,0,1,0,0,CALL,1,1,1,0,0,0,JMP,0,0,4384871,4384889,4384876,0,0,1,1,cpp,8.904094753981638e-10,0.5,0,0,0
0x42e84c,JZ,141,91,10,2,0x42e849,TEST,1,Recursive,rbp(-1) rbp(-1) ,rflags ,TEST,3,CALL_NEAR,5,MOV,3,MOV,4,JMP,2,MOV,3,JMP,5,MOV,5,MOV,4,MOV,3,0,1,1,0,0,MOV,1,0,1,0,0,0,JMP,0,0,4384841,4384854,4384846,0,0,0,0,cpp,6.678071065486229e-10,0.6453900709219859,1,0,1
0x42e836,JZ,89,60,7,2,0x42e833,TEST,1,Recursive,rbp(-1) rbp(-1) ,rflags ,TEST,3,CALL_NEAR,5,MOV,3,MOV,5,JMP,2,MOV,3,JMP,2,MOV,4,MOV,3,CALL_NEAR,5,0,0,1,0,0,CALL,1,1,1,0,0,0,JMP,0,0,4384819,4384829,4384824,0,0,1,0,cpp,4.2152363462998176e-10,0.6741573033707865,1,0,1
0x42e81f,JZ,40,23,7,2,0x42e81c,TEST,1,Recursive,r13(-1) r13(-1) ,rflags ,TEST,3,CALL_NEAR,5,MOV,3,MOV,4,JNZ,2,MOV,3,JMP,2,MOV,5,MOV,3,CALL_NEAR,5,0,0,1,0,0,CALL,1,1,1,0,0,0,JMP,0,0,4384796,4384806,4384801,0,0,1,0,cpp,1.894488245528008e-10,0.575,1,0,1
0x42e80e,JNZ,14,2,-30,2,0x42e80b,TEST,1,Recursive,r14(-1) r14(-1) ,rflags ,TEST,3,CALL_NEAR,5,MOV,3,MOV,4,CALL_NEAR,5,MOV,4,MOV,3,CALL_NEAR,5,TEST,3,JZ,2,0,1,0,0,0,MOV,0,0,0,1,0,0,CALL,1,1,4384779,4384752,4384784,0,0,0,1,cpp,6.630708859348029e-11,0.1428571428571428,0,0,0
0x42e7e7,JNZ,40,12,12,2,0x42e7e4,TEST,1,Recursive,r13(MOV) r13(MOV) ,rflags ,TEST,3,MOV,4,NOP,4,JZ,2,TEST,3,JMP,2,NOP,5,MOV,3,MOV,4,MOV,3,1,1,0,1,0,CALL,0,1,1,0,0,0,JMP,0,0,4384736,4384755,4384745,0,0,1,0,cpp,1.894488245528008e-10,0.3,0,0,0
0x42e7da,JZ,89,66,76,2,0x42e7d7,TEST,1,Recursive,rbp(MOV) rbp(MOV) ,rflags ,TEST,3,MOV,5,JZ,2,TEST,3,MOV,4,NOP,4,MOV,4,TEST,3,JNZ,2,JMP,2,1,1,1,0,0,CALL,0,1,1,0,0,0,NOP,0,0,4384722,4384806,4384732,0,0,1,0,cpp,4.2152363462998176e-10,0.7415730337078652,1,0,1
0x42e7d0,JZ,141,81,109,2,0x42e7cd,TEST,1,Recursive,r12(MOV) r12(MOV) ,rflags ,TEST,3,MOV,4,JZ,6,TEST,3,MOV,4,MOV,5,TEST,3,JZ,2,NOP,4,MOV,4,1,1,1,0,0,CALL,0,1,1,0,1,0,JE,0,0,4384713,4384829,4384722,0,0,1,0,cpp,6.678071065486229e-10,0.574468085106383,1,0,1
0x42e7c3,JZ,188,97,152,6,0x42e7c0,TEST,1,Recursive,r15(MOV) r15(MOV) ,rflags ,TEST,3,MOV,4,JZ,6,MOV,5,TEST,3,MOV,4,TEST,3,JZ,2,MOV,5,TEST,3,1,1,1,0,0,CALL,0,1,1,0,1,0,JE,0,0,4384700,4384859,4384713,0,0,1,0,cpp,8.904094753981638e-10,0.5159574468085106,1,0,1
0x42e7b6,JZ,170,76,195,6,0x42e7ae,TEST,1,Recursive,rax(MOV) rax(MOV) ,rflags ,MOV,5,TEST,3,MOV,4,JZ,6,MOV,5,MOV,4,TEST,3,JZ,6,MOV,4,TEST,3,1,1,1,0,0,CALL,0,1,1,0,1,0,JE,0,0,4384682,4384889,4384700,0,0,1,0,cpp,8.051575043494034e-10,0.4470588235294118,0,0,0
0x42e7a4,JZ,106,33,248,6,0x42e79c,TEST,1,Recursive,rax(MOV) rax(MOV) ,rflags ,MOV,5,TEST,3,MOV,4,JZ,6,MOV,5,MOV,4,TEST,3,MOV,5,JZ,6,MOV,4,1,1,1,0,0,CALL,0,1,1,0,1,0,JE,0,0,4384664,4384924,4384682,0,1,1,1,cpp,5.020393850649221e-10,0.3113207547169811,0,0,0
0x42e792,JZ,45,9,301,6,0x42e78a,TEST,1,Recursive,rax(MOV) rax(MOV) ,rflags ,MOV,5,TEST,3,MOV,4,JZ,6,MOV,5,MOV,4,TEST,3,MOV,5,JZ,6,MOV,4,1,1,1,0,0,CALL,0,1,1,0,1,0,JE,0,0,4384646,4384959,4384664,0,1,1,1,cpp,2.1312992762190086e-10,0.2,0,0,0
0x42e780,JZ,13,4,354,6,0x42e778,TEST,1,Recursive,rax(MOV) rax(MOV) ,rflags ,MOV,5,TEST,3,MOV,4,MOV,5,JZ,6,MOV,4,TEST,3,MOV,5,JZ,6,MOV,4,1,1,1,0,0,CALL,0,1,1,0,1,0,JE,0,0,4384623,4384994,4384646,0,1,1,1,cpp,6.157086797966026e-11,0.3076923076923077,0,0,0
0x42e769,JZ,15,12,409,6,0x42e761,TEST,1,Recursive,rsi(-1) rsi(-1) ,rflags ,MOV,5,TEST,3,SUB,4,MOV,3,PUSH,1,MOV,5,MOV,4,TEST,3,MOV,5,JZ,6,0,1,1,0,0,RET,0,0,1,0,1,0,JE,0,0,4384592,4385026,4384623,0,0,0,1,cpp,7.104330920730029e-11,0.8,1,0,1
0x42e70a,JZ,818055992,1,6,2,0x42e707,TEST,1,NonLeaf,rax(MOV) rax(MOV) ,rflags ,TEST,3,MOV,7,INVALID,0,INVALID,0,INVALID,0,RET_NEAR,2,NOP,2,PUSH,1,MOV,5,PUSH,1,0,1,0,0,0,CALL,0,1,1,0,0,0,REPZ RET,0,0,4384512,4384528,4384524,0,0,1,0,cpp,0.0038744936525693,1.2224102137008735e-09,0,0,0
0x42e6e3,JZ,1,1,7,2,0x42e6e0,TEST,1,NonLeaf,rdi(MOV) rdi(MOV) ,rflags ,TEST,3,ADD,3,MOV,4,MOV,3,CALL_NEAR,5,CALL_NEAR,5,MOV,4,ADD,3,MOV,4,MOV,4,0,1,1,0,0,JMP,0,0,1,0,0,0,CALL,0,1,4384473,4384490,4384485,0,0,1,1,cpp,4.736220613820021e-12,1.0,1,0,1
0x42e6c6,JZ,1,1,19,2,0x42e6c3,SUB,1,NonLeaf,rbx(SUB) rbp(-1) ,rbx rflags ,SUB,3,XOR,2,ADD,3,ADD,3,MOV,4,MOV,3,MOV,3,MOV,3,CALL_NEAR,5,MOV,3,0,1,1,0,0,JE,0,0,1,0,0,0,CALL,0,1,4384439,4384473,4384456,0,0,0,1,cpp,4.736220613820021e-12,1.0,1,0,1
0x42e6a7,JZ,1,1,16,2,0x42e6a4,SUB,1,NonLeaf,rbx(SUB) rsi(MOV) ,rbx rflags ,SUB,3,XOR,2,MOV,4,CALL_NEAR,5,MOV,3,MOV,3,MOV,3,CALL_NEAR,5,MOV,3,MOV,4,0,1,1,0,0,JE,0,0,1,0,0,0,CALL,0,1,4384414,4384439,4384425,0,0,0,1,cpp,4.736220613820021e-12,1.0,1,0,1
0x42e620,JNBE,1,1,74,2,0x42e61d,CMP,1,NonLeaf,r12(SUB) rax(SUB) ,rflags ,CMP,3,SUB,3,SUB,3,MOV,6,MOV,4,MOV,3,XOR,2,MOV,3,CALL_NEAR,5,ADD,4,0,1,0,0,0,CALL,0,1,1,0,0,0,CALL,0,1,4384269,4384362,4384290,0,0,1,1,cpp,4.736220613820021e-12,1.0,1,0,1
0x42e58d,JZ,1,1,7,2,0x42e58a,TEST,1,NonLeaf,rdi(MOV) rdi(MOV) ,rflags ,TEST,3,MOV,8,CALL_NEAR,5,LEA,5,MOV,5,CALL_NEAR,5,ADD,7,POP,1,POP,1,POP,2,0,1,1,0,0,RET,0,0,1,0,0,0,CALL,0,1,4384130,4384148,4384143,0,0,0,1,cpp,4.736220613820021e-12,1.0,1,0,1
0x42e56d,JNZ,1048576,1048575,-357,6,0x42e566,CMP,1,NonLeaf,r14(ADD) ,rflags ,CMP,7,ADD,4,MOV,4,CMOVNS,3,TEST,2,MOV,5,LEA,5,CALL_NEAR,5,MOV,8,TEST,3,0,0,0,1,1,MOV,0,0,1,1,0,0,CALL,1,1,4384098,4383752,4384115,0,0,0,1,cpp,4.966287266356942e-06,0.9999990463256836,1,1,1
0x42e52b,JL,326772,321063,197,6,0x42e528,CMP,1,NonLeaf,eax(-1) rcx(-1) ,rflags ,CMP,3,JZ,6,CMP,3,LEA,5,JNZ,2,MOVSS,5,MOV,5,MOV,4,CVTPS2PD,3,MULSD,8,0,0,0,0,0,JMP,0,0,1,0,0,0,MOV,0,0,4384040,4384240,4384049,0,1,1,1,cpp,1.5476642824191958e-06,0.9825291028607104,1,0,1
0x42e522,JZ,1048576,721804,206,6,0x42e51f,CMP,1,NonLeaf,rcx(-1) rdx(LEA) ,rflags ,CMP,3,LEA,5,JNZ,2,TEST,3,MOV,4,CMP,3,JL,6,MOVSS,5,MOV,5,MOV,4,0,0,0,0,0,JMP,0,0,1,0,0,0,JL,0,0,4384026,4384240,4384040,0,0,1,0,cpp,4.966287266356942e-06,0.6883659362792969,1,0,1
0x42e518,JNZ,8809312,7927967,-12,2,0x42e515,TEST,1,NonLeaf,rdx(MOV) rdx(MOV) ,rflags ,TEST,3,MOV,4,JLE,2,CMP,3,JZ,2,LEA,5,CMP,3,JZ,6,CMP,3,JL,6,0,0,0,1,1,JLE,0,0,0,1,0,0,JE,1,0,4384017,4384012,4384026,0,0,0,0,cpp,4.172284508797207e-05,0.8999530269787244,1,1,1
0x42e50f,JLE,9994716,1185404,-15,2,0x42e50c,CMP,1,NonLeaf,eax(-1) rdx(-1) ,rflags ,CMP,3,JZ,2,TEST,3,MOV,4,MOV,3,MOV,4,TEST,3,JNZ,2,LEA,5,CMP,3,1,1,0,0,0,JE,0,0,1,0,0,0,JNE,0,0,4384012,4384000,4384017,1,1,0,0,cpp,4.733717994847678e-05,0.1186030698621151,0,0,0
0x42e50a,JZ,1185404,167231,16,2,0x42e507,TEST,1,NonLeaf,rdx(MOV) rdx(MOV) ,rflags ,TEST,3,MOV,4,MOV,3,NOP,10,JMP,2,CMP,3,JLE,2,MOV,4,TEST,3,JNZ,2,0,0,1,0,0,JE,1,0,0,0,1,1,JLE,0,0,4384000,4384026,4384012,0,0,0,0,cpp,5.614334860504708e-06,0.1410751102577686,0,0,0
0x42e4e9,JZ,1048576,0,263,6,0x42e4e6,TEST,1,NonLeaf,rdx(MOV) rdx(MOV) ,rflags ,TEST,3,MOV,5,MOV,4,CMOVNS,3,TEST,2,LEA,5,JMP,2,NOP,10,MOV,3,MOV,4,0,1,0,0,0,JMP,0,0,1,0,0,0,JMP,0,0,4383969,4384240,4383983,0,0,1,0,cpp,4.966287266356942e-06,0.0,0,0,0
0x42e4ab,JL,326772,321063,341,6,0x42e4a8,CMP,1,NonLeaf,ebx(-1) rcx(-1) ,rflags ,CMP,3,JZ,6,CMP,3,LEA,5,JNZ,2,MOVSS,5,MOV,5,CVTPS2PD,3,MULSD,8,CVTTSD2SI,4,0,0,0,0,0,JMP,0,0,1,0,0,0,MOV,0,0,4383912,4384256,4383921,0,1,1,1,cpp,1.5476642824191958e-06,0.9825291028607104,1,0,1
0x42e4a2,JZ,1048576,721804,350,6,0x42e49f,CMP,1,NonLeaf,rcx(-1) rdx(LEA) ,rflags ,CMP,3,LEA,5,JNZ,2,TEST,3,MOV,4,CMP,3,JL,6,MOVSS,5,MOV,5,CVTPS2PD,3,0,0,0,0,0,JMP,0,0,1,0,0,0,JL,0,0,4383898,4384256,4383912,0,0,1,0,cpp,4.966287266356942e-06,0.6883659362792969,1,0,1
0x42e498,JNZ,8809312,7927967,-12,2,0x42e495,TEST,1,NonLeaf,rdx(MOV) rdx(MOV) ,rflags ,TEST,3,MOV,4,JLE,2,CMP,3,JZ,2,LEA,5,CMP,3,JZ,6,CMP,3,JL,6,0,0,0,1,1,JLE,0,0,0,1,0,0,JE,1,0,4383889,4383884,4383898,0,0,0,0,cpp,4.172284508797207e-05,0.8999530269787244,1,1,1
0x42e48f,JLE,9994716,1185404,-15,2,0x42e48c,CMP,1,NonLeaf,ebx(-1) rdx(-1) ,rflags ,CMP,3,JZ,2,TEST,3,MOV,4,MOV,3,MOV,4,TEST,3,JNZ,2,LEA,5,CMP,3,1,1,0,0,0,JE,0,0,1,0,0,0,JNE,0,0,4383884,4383872,4383889,1,1,0,0,cpp,4.733717994847678e-05,0.1186030698621151,0,0,0
0x42e48a,JZ,1185404,167231,16,2,0x42e487,TEST,1,NonLeaf,rdx(MOV) rdx(MOV) ,rflags ,TEST,3,MOV,4,MOV,3,NOP,4,JMP,2,CMP,3,JLE,2,MOV,4,TEST,3,JNZ,2,0,0,1,0,0,JE,1,0,0,0,1,1,JLE,0,0,4383872,4383898,4383884,0,0,0,0,cpp,5.614334860504708e-06,0.1410751102577686,0,0,0
0x42e46f,JZ,1048576,0,401,6,0x42e46c,TEST,1,NonLeaf,rdx(MOV) rdx(MOV) ,rflags ,TEST,3,MOV,5,CALL_NEAR,5,MOV,2,MOV,3,LEA,5,JMP,2,NOP,4,MOV,3,MOV,4,0,1,0,0,0,JMP,0,0,1,0,0,0,JMP,0,0,4383847,4384256,4383861,0,0,1,0,cpp,4.966287266356942e-06,0.0,0,0,0
0x42e43e,JNZ,8388608,7340032,-46,2,0x42e43b,CMP,1,NonLeaf,ebx(SUB) ,rflags ,CMP,3,SAR,3,SUB,3,CALL_NEAR,5,MOV,3,LEA,5,XOR,2,MOV,2,MOV,3,CALL_NEAR,5,0,0,0,1,1,CALL,0,1,1,1,0,0,CALL,1,1,4383797,4383760,4383808,0,0,1,1,cpp,3.9730298130855534e-05,0.875,1,1,1
0x42e3ff,JNZ,806,805,-47,2,0x42e3f8,CMP,1,NonLeaf,rbx(ADD) ,rflags ,CMP,7,ADD,4,CALL_NEAR,5,MOV,3,MOVSS,6,XOR,3,NOP,4,MOV,3,MOV,5,LEA,5,0,0,0,1,1,CALL,0,1,1,1,0,0,NOP,1,0,4383732,4383696,4383745,0,0,1,0,cpp,3.817393814738937e-09,0.9987593052109182,1,1,1
0x42e338,JBE,1,1,725,6,0x42e331,CMP,1,NonLeaf,rbx(SUB) ,rflags ,CMP,7,SUB,3,MOV,3,MOV,4,MOV,3,CMP,7,JZ,2,ADD,6,MOV,4,LEA,5,0,1,0,0,0,JA,0,0,1,0,0,0,JE,0,0,4383512,4384269,4383550,0,0,0,0,cpp,4.736220613820021e-12,1.0,1,0,1
0x42e311,JZ,1,1,7,2,0x42e30e,TEST,1,NonLeaf,rdi(MOV) rdi(MOV) ,rflags ,TEST,3,ADD,3,MOV,3,MOV,3,CALL_NEAR,5,CALL_NEAR,5,MOV,4,MOV,4,MOV,4,MOV,3,0,1,1,0,0,JBE,0,0,1,0,0,0,CALL,0,1,4383496,4383512,4383507,0,0,1,1,cpp,4.736220613820021e-12,1.0,1,0,1
0x42e2f6,JZ,1,1,18,2,0x42e2f3,TEST,1,NonLeaf,rbp(MOV) rbp(MOV) ,rflags ,TEST,3,LEA,8,MOV,4,JNZ,6,NEG,3,MOV,3,MOV,3,XOR,2,CALL_NEAR,5,MOV,3,0,1,1,0,0,JE,0,0,1,0,0,0,CALL,0,1,4383463,4383496,4383480,1,0,0,1,cpp,4.736220613820021e-12,1.0,1,0,1
0x42e2e1,JNZ,1,0,761,6,0x42e2de,NEG,1,NonLeaf,rbp(NEG) ,rbp rflags ,NEG,3,MOV,3,XOR,2,MOV,3,CALL_NEAR,5,MOV,4,LEA,8,TEST,3,JZ,2,MOV,3,0,1,0,0,0,CALL,0,1,1,1,0,0,JE,0,0,4383446,4384218,4383463,0,0,1,0,cpp,4.736220613820021e-12,0.0,0,0,0
0x42df1d,JNZ,4082006,4082006,-228,6,0x42df1a,TEST,1,NonLeaf,rsi(-1) rsi(-1) ,rflags ,TEST,3,SAR,4,SUB,3,LEA,8,MOV,3,MOV,3,MOV,3,MOV,3,XOR,3,JMP,5,0,0,0,0,0,CALL,0,1,1,0,0,0,JMP,0,0,4382472,4382265,4382499,0,0,1,0,cpp,1.9333280962937008e-05,1.0,1,0,1
0x42df02,JNBE,4082006,0,-218,6,0x42deff,CMP,1,NonLeaf,rsi(-1) rdi(MOV) ,rflags ,CMP,3,MOV,10,JMP,5,SAR,4,SUB,3,MOV,3,LEA,8,SUB,3,SAR,4,TEST,3,0,0,0,0,0,SAR,0,0,1,0,0,0,JNE,0,0,4382453,4382248,4382472,0,0,0,0,cpp,1.9333280962937008e-05,0.0,0,0,0
0x42debd,JZ,10252441,6170435,7,2,0x42deba,TEST,1,NonLeaf,rdi(MOV) rdi(MOV) ,rflags ,TEST,3,ADD,3,MOV,3,MOV,3,CALL_NEAR,5,CALL_NEAR,5,ADD,3,MOV,3,MOV,4,MOV,4,0,1,1,0,0,JMP,0,0,1,0,0,0,CALL,0,1,4382388,4382404,4382399,0,0,1,1,cpp,4.8557822406173547e-05,0.6018503300823677,1,0,1
0x42de99,JZ,10252441,10252441,27,2,0x42de96,TEST,1,NonLeaf,rcx(SAR) rcx(SAR) ,rflags ,TEST,3,SAR,4,SUB,3,XOR,3,LEA,5,LEA,8,MOV,3,MOV,3,MOV,3,CALL_NEAR,5,0,1,1,0,0,JE,0,0,1,0,0,0,CALL,0,1,4382339,4382388,4382363,0,0,0,1,cpp,4.8557822406173547e-05,1.0,1,0,1
0x42de76,JZ,10252441,6170435,13,2,0x42de6b,TEST,1,NonLeaf,rdi(-1) rdi(-1) ,rflags ,LEA,8,TEST,3,MOV,2,MOV,2,JZ,2,MOV,3,MOV,3,CALL_NEAR,5,MOV,4,LEA,5,0,1,1,0,0,JE,0,0,1,0,0,0,CALL,0,1,4382315,4382339,4382328,0,0,0,1,cpp,4.8557822406173547e-05,0.6018503300823677,1,0,1
0x42de65,JZ,10252441,0,6,2,0x42de62,TEST,1,NonLeaf,rax(LEA) rax(LEA) ,rflags ,TEST,3,LEA,4,MOV,3,SAR,4,SUB,3,MOV,2,MOV,2,TEST,3,LEA,8,JZ,2,0,1,1,0,0,JE,0,0,1,0,0,0,MOV,0,0,4382302,4382315,4382311,0,0,0,1,cpp,4.8557822406173547e-05,0.0,0,0,0
0x42de22,JBE,4082006,4082006,211,6,0x42de1f,CMP,1,NonLeaf,rax(-1) rsi(LEA) ,rflags ,CMP,3,LEA,4,JZ,6,TEST,3,SAR,4,MOV,3,MOV,7,SUB,3,SAR,4,MOV,3,0,1,0,0,0,JA,0,0,1,0,0,0,SAR,0,0,4382235,4382453,4382248,0,0,0,0,cpp,1.9333280962937008e-05,1.0,1,0,1
0x42de15,JZ,10252441,6170435,203,6,0x42de12,TEST,1,NonLeaf,rax(SAR) rax(SAR) ,rflags ,TEST,3,SAR,4,SUB,3,MOV,3,NOP,6,LEA,4,CMP,3,JBE,6,MOV,3,MOV,7,0,1,0,0,0,JMP,0,0,1,0,0,0,JBE,0,0,4382216,4382432,4382235,0,0,0,0,cpp,4.8557822406173547e-05,0.6018503300823677,1,0,1
0x42ddba,JZ,10252441,10252441,78,2,0x42ddb6,CMP,1,NonLeaf,rax(MOV) rdi(-1) ,rflags ,CMP,4,MOV,4,SUB,4,MOV,3,PUSH,1,TEST,3,JZ,2,MOV,3,MOV,2,LEA,4,0,1,0,0,0,JE,0,0,1,0,0,0,JE,0,0,4382112,4382216,4382140,1,0,0,0,cpp,4.8557822406173547e-05,1.0,1,0,1
0x4a7bd3,JNBE,1,1,195,6,0x4a7bc9,CMP,0,NonLeaf,r15d(-1) ,rflags ,JZ,6,CMP,4,JBE,6,JZ,6,CMP,4,CMP,4,NOP,3,JZ,6,JNBE,6,CMP,4,0,1,0,0,0,JNE,0,0,1,0,0,0,JE,0,0,4881363,4881558,4881369,0,0,0,0,cpp,4.736220613820021e-12,1.0,1,0,1
0x4a7b34,JZ,1,1,-572,6,0x4a7b2d,TEST,1,NonLeaf,rip(JZ) ,rflags ,TEST,7,OR,10,JZ,2,AND,6,JZ,6,OR,10,JMP,5,MOV,6,MOV,5,CPUID,2,0,0,1,0,0,JLE,0,0,1,0,0,0,JMP,0,0,4881197,4880632,4881210,0,0,0,1,cpp,4.736220613820021e-12,1.0,1,0,1
0x4a7912,JZ,1,0,254,6,0x4a7910,TEST,1,NonLeaf,ebx(-1) ebx(-1) ,rflags ,TEST,2,CPUID,2,MOV,2,XOR,2,MOV,5,ADD,3,MOV,5,AND,3,MOV,2,MOV,7,0,0,1,0,0,CALL,0,1,1,0,0,0,JE,0,0,4880645,4880912,4880664,0,1,1,1,cpp,4.736220613820021e-12,0.0,0,0,0
0x42caf8,JNZ,120947690,120947690,-120,2,0x42caf5,CMP,1,NonLeaf,r11d(-1) eax(MOVZX) ,rflags ,CMP,3,MOVZX,7,JZ,2,CMP,8,MOVSXD,3,XOR,2,JMP,5,MOV,3,JMP,5,MOV,2,0,0,0,1,1,JE,0,0,1,0,0,0,JMP,1,0,4377326,4377216,4377338,0,0,0,0,cpp,0.0005728349425719,1.0,1,1,1
0x42caec,JZ,51126650,51126650,29,2,0x42cae4,CMP,1,NonLeaf,rbx(-1) rdx(MOVSXD) ,rflags ,CMP,8,MOVSXD,3,ADD,6,JZ,6,CMP,8,MOVZX,7,CMP,3,JNZ,2,XOR,2,JMP,5,0,1,0,0,0,JMP,1,0,0,0,0,0,JNE,0,0,4377307,4377353,4377326,0,0,0,0,cpp,0.0002421470936455,1.0,1,0,1
0x42cad5,JZ,99522050,48395400,-609,6,0x42cacd,CMP,1,NonLeaf,rbx(-1) rsi(MOVSXD) ,rflags ,CMP,8,MOVSXD,3,ADD,2,MOV,6,JZ,6,ADD,6,MOVSXD,3,CMP,8,JZ,2,MOVZX,7,0,0,1,0,0,CALL,1,1,1,0,0,0,JE,0,0,4377282,4376692,4377307,0,0,1,0,cpp,0.0004713583847396,0.4862781664967713,0,0,0
0x42cabc,JZ,149749973,50227923,-584,6,0x42cab4,CMP,1,NonLeaf,rbx(-1) rsi(MOVSXD) ,rflags ,CMP,8,MOVSXD,3,ADD,2,MOV,6,JZ,6,MOV,6,ADD,2,MOVSXD,3,CMP,8,JZ,6,0,0,1,0,0,CALL,1,1,1,0,0,0,JE,0,0,4377257,4376692,4377282,0,0,1,0,cpp,0.0007092489090415,0.3354119002078217,0,0,0
0x42caa3,JZ,200199208,50449235,-559,6,0x42ca9b,CMP,1,NonLeaf,rbx(-1) rsi(MOVSXD) ,rflags ,CMP,8,MOVSXD,3,ADD,2,MOV,6,JZ,2,MOV,6,ADD,2,MOVSXD,3,CMP,8,JZ,6,0,0,1,0,0,CALL,1,1,1,0,0,0,JE,0,0,4377232,4376692,4377257,0,0,1,0,cpp,0.0009481876158,0.2519951777231806,0,0,0
0x42ca8e,JZ,321146898,120947690,96,2,0x42ca87,TEST,1,NonLeaf,rcx(LEA) ,rflags ,TEST,7,LEA,4,MOVSXD,3,NOP,7,MOV,3,MOV,6,ADD,2,MOVSXD,3,CMP,8,JZ,6,1,1,0,0,0,JNE,0,0,1,0,0,0,JE,0,0,4377216,4377326,4377232,0,0,0,0,cpp,0.0015210225583719,0.3766117336123234,0,0,0
0x42ca64,JNZ,19176951,19176951,-124,2,0x42ca61,CMP,1,NonLeaf,r8d(-1) edx(MOVZX) ,rflags ,CMP,3,MOVZX,8,JZ,6,CMP,9,MOVSXD,3,XOR,3,JMP,5,MOV,3,JMP,5,MOV,3,0,0,0,1,1,JE,0,0,1,0,0,0,JMP,1,0,4377177,4377064,4377190,0,0,0,0,cpp,9.082627063641644e-05,1.0,1,1,1
0x42ca53,JZ,20412755,20412755,174,6,0x42ca4a,CMP,1,NonLeaf,rbx(-1) r13(MOVSXD) ,rflags ,CMP,9,MOVSXD,3,ADD,6,JZ,2,CMP,9,MOVZX,8,CMP,3,JNZ,2,XOR,3,JMP,5,0,1,0,0,0,JMP,1,0,0,0,0,0,JNE,0,0,4377153,4377345,4377177,0,0,0,0,cpp,9.66793110158577e-05,1.0,1,0,1
0x42ca3f,JZ,40472373,20059618,47,2,0x42ca36,CMP,1,NonLeaf,rbx(-1) r15(MOVSXD) ,rflags ,CMP,9,MOVSXD,3,ADD,3,MOV,7,JZ,2,ADD,6,MOVSXD,3,CMP,9,JZ,6,MOVZX,8,0,0,0,0,0,JMP,1,0,1,0,0,0,JE,0,0,4377129,4377198,4377153,0,0,0,0,cpp,0.0001916860872928,0.4956373079483133,0,0,0
0x42ca27,JZ,62494249,22021876,71,2,0x42ca1e,CMP,1,NonLeaf,rbx(-1) r15(MOVSXD) ,rflags ,CMP,9,MOVSXD,3,ADD,3,MOV,7,JZ,2,MOV,7,ADD,3,MOVSXD,3,CMP,9,JZ,2,0,0,0,0,0,JMP,1,0,1,0,0,0,JE,0,0,4377105,4377198,4377129,0,0,0,0,cpp,0.000295986550359,0.3523824408226747,0,0,0
0x42ca0f,JZ,82558466,20064217,95,2,0x42ca06,CMP,1,NonLeaf,rbx(-1) r15(MOVSXD) ,rflags ,CMP,9,MOVSXD,3,ADD,3,MOV,7,JZ,2,MOV,7,ADD,3,MOVSXD,3,CMP,9,JZ,2,0,1,0,0,0,JMP,1,0,1,0,0,0,JE,0,0,4377081,4377198,4377105,0,0,0,0,cpp,0.0003910151085145,0.2430303998138725,0,0,0
0x42c9f7,JZ,101735417,19176951,98,2,0x42c9ef,TEST,1,NonLeaf,r9(LEA) ,rflags ,TEST,8,LEA,4,MOVSXD,3,NOP,7,MOV,3,MOV,7,ADD,3,MOVSXD,3,CMP,9,JZ,2,1,1,0,0,0,JNE,0,0,1,0,0,0,JE,0,0,4377064,4377177,4377081,0,0,0,0,cpp,0.0004818413791509,0.188498278824571,0,0,0
0x42c993,JBE,82558466,82558466,75,2,0x42c98e,CMP,1,NonLeaf,r13w(-1) ,rflags ,CMP,5,XOR,3,JNZ,6,TEST,3,JNLE,2,MOV,5,MOVSXD,3,LEA,4,MOV,3,MOV,5,0,1,0,0,0,NOP,0,0,1,1,0,0,JMP,0,0,4376971,4377054,4376981,0,0,0,1,cpp,0.0003910151085145,1.0,1,0,1
0x42c985,JNZ,52115870,41042035,-165,6,0x42c982,TEST,1,NonLeaf,r9b(-1) r9b(-1) ,rflags ,TEST,3,JNLE,2,CMP,2,ADD,4,CMOVZ,4,XOR,3,CMP,5,JBE,2,MOV,5,MOVSXD,3,0,0,1,0,0,JNE,0,0,0,0,0,0,JBE,0,0,4376962,4376800,4376971,0,0,0,0,cpp,0.0002468322578011,0.7875151081618709,1,0,1
0x42c980,JNLE,68787322,16671452,-15,2,0x42c97e,CMP,1,NonLeaf,esi(-1) edx(ADD) ,rflags ,CMP,2,ADD,4,CMOVZ,4,CMP,5,XOR,3,TEST,3,JNZ,6,XOR,3,CMP,5,JBE,2,1,1,1,1,1,JG,0,0,1,1,0,0,JNE,0,0,4376945,4376945,4376962,1,0,0,0,cpp,0.0003257919324258,0.2423622771649694,0,1,0
0x42c96a,JZ,123600501,71484631,33,2,0x42c968,TEST,1,NonLeaf,esi(-1) esi(-1) ,rflags ,TEST,2,JNLE,6,CMP,3,JNLE,2,CMP,3,XOR,2,XOR,3,CMP,5,CMOVZ,4,ADD,4,0,1,0,0,0,JBE,0,0,1,0,0,0,XOR,0,0,4376936,4376971,4376940,0,0,0,0,cpp,0.0005853992407146,0.57835227544911,1,0,1
0x42c962,JNLE,124010813,410312,-130,6,0x42c95f,CMP,1,NonLeaf,esi(-1) ,rflags ,CMP,3,JNLE,2,CMP,3,MOVZX,4,MOVZX,9,TEST,2,JZ,2,XOR,2,XOR,3,CMP,5,0,0,1,0,0,JNE,0,0,1,0,0,0,JE,0,0,4376927,4376800,4376936,0,0,0,0,cpp,0.0005873425688671,0.0033086792197709,0,0,0
0x42c95d,JNLE,1001779420,877768607,-125,2,0x42c95a,CMP,1,NonLeaf,edx(MOVZX) ,rflags ,CMP,3,MOVZX,4,MOVZX,9,MOVZX,4,MOVZX,9,CMP,3,JNLE,6,TEST,2,JZ,2,XOR,2,0,0,1,0,0,JNE,0,0,1,0,0,0,JG,0,0,4376896,4376800,4376927,0,0,0,0,cpp,0.0047446483395046,0.8762094623584901,1,0,1
0x42c923,JZ,56014167,0,8,2,0x42c920,TEST,1,NonLeaf,rsi(-1) rsi(-1) ,rflags ,TEST,3,JZ,6,CMP,7,MOV,7,JNZ,6,MOV,4,MOV,2,ADD,4,MOV,7,JMP,5,0,1,1,0,0,JMP,0,0,1,0,0,0,MOV,0,0,4376864,4376875,4376869,1,0,1,1,cpp,0.0002652954524113,0.0,0,0,0
0x42c91a,JZ,65102887,9088720,502,6,0x42c913,CMP,1,NonLeaf,rsi(MOV) rbx(-1) ,rflags ,CMP,7,MOV,7,JNZ,6,CMP,2,MOV,5,TEST,3,JZ,2,MOV,4,MOV,2,ADD,4,0,1,0,0,0,CALL,0,1,1,0,0,0,JE,0,0,4376844,4377360,4376864,0,0,1,0,cpp,0.0003083416354285,0.1396054832407048,0,0,0
0x42c906,JNZ,200199208,135096321,-213,6,0x42c904,CMP,1,NonLeaf,esi(MOV) rax(MOV) ,rflags ,CMP,2,MOV,5,MOV,4,MOV,5,JNZ,2,MOV,7,CMP,7,JZ,6,TEST,3,JZ,2,0,0,1,0,0,JNE,0,0,1,0,0,0,JE,0,0,4376822,4376625,4376844,0,0,0,0,cpp,0.0009481876158,0.6748094677777147,1,0,1
0x42c8f4,JNZ,507543813,307344605,-52,2,0x42c8f1,CMP,1,NonLeaf,r11d(-1) ecx(MOVZX) ,rflags ,CMP,3,MOVZX,8,JNZ,2,CMP,3,ADD,4,MOV,5,MOV,4,MOV,5,CMP,2,JNZ,6,0,0,0,1,1,MOV,0,0,1,1,0,0,JNE,1,0,4376809,4376768,4376822,0,0,0,0,cpp,0.0024038394695474,0.6055528550005199,1,1,1
0x42c8e7,JNZ,2030175252,1522631439,-36,2,0x42c8e4,CMP,1,NonLeaf,rax(ADD) r12(-1) ,rflags ,CMP,3,ADD,4,JZ,2,CMP,7,MOVSXD,3,MOVZX,8,CMP,3,JNZ,2,MOV,5,MOV,4,0,0,0,1,1,JE,0,0,1,1,0,0,JNE,1,0,4376800,4376771,4376809,0,0,0,0,cpp,0.0096153578781896,0.75,1,1,1
0x42c8de,JZ,2030175252,1001779420,98,2,0x42c8d7,CMP,1,NonLeaf,edi(SETZ) rbx(-1) rdx(MOVSXD) ,rflags ,CMP,7,MOVSXD,3,ADD,3,MOV,8,SUB,3,ADD,4,CMP,3,JNZ,2,MOVZX,8,CMP,3,1,1,0,0,0,JG,0,0,1,1,0,0,JNE,0,0,4376771,4376896,4376800,1,0,0,0,cpp,0.0096153578781896,0.4934447994147847,0,0,0
0x42c89b,JZ,200199208,110317373,293,6,0x42c894,TEST,1,NonLeaf,al(-1) al(-1) ,rflags ,MOV,5,TEST,2,CALL_NEAR,5,MOV,4,MOV,2,MOV,7,XOR,2,MOVSXD,3,MOV,5,TEST,2,0,1,0,0,0,JMP,0,0,1,1,0,0,NOP,0,0,4376724,4377024,4376737,0,0,1,1,cpp,0.0009481876158,0.5510380091014146,1,0,1
0x42c86e,JBE,200199208,200199208,520,6,0x42c86a,CMP,1,NonLeaf,ax(-1) ,rflags ,CMP,4,XOR,2,JNLE,2,CMP,3,MOVZX,3,MOV,5,MOV,4,MOV,3,MOV,5,MOV,4,0,1,0,0,0,NOP,0,0,1,1,0,0,CALL,0,1,4376680,4377206,4376692,0,0,0,1,cpp,0.0009481876158,1.0,1,0,1
0x42c866,JNLE,816203978,616004770,-53,2,0x42c863,CMP,1,NonLeaf,edx(MOVZX) ,rflags ,CMP,3,MOVZX,3,MOVZX,8,MOVZX,8,NOP,7,XOR,2,CMP,4,JBE,6,MOV,5,MOV,4,0,0,1,0,0,JNE,0,0,1,0,0,0,JBE,0,0,4376656,4376625,4376680,0,0,0,0,cpp,0.0038657221056855,0.7547191469336357,1,0,1
0x42c838,JNZ,3141361524,2356021143,-46,2,0x42c835,CMP,1,NonLeaf,r13(ADD) r12(-1) ,rflags ,CMP,3,ADD,4,JZ,2,CMP,7,LEA,4,ADD,4,POP,1,POP,1,POP,2,POP,2,0,0,0,1,1,JE,0,0,1,1,0,0,RET,1,0,4376625,4376586,4376634,0,0,0,0,cpp,0.0148781812054298,0.75,1,1,1
0x42c82f,JZ,3141361524,816203978,33,2,0x42c828,CMP,1,NonLeaf,r15(LEA) edi(MOV) ,rflags ,CMP,7,LEA,4,MOVSXD,3,ADD,8,SUB,3,ADD,4,CMP,3,JNZ,2,ADD,4,POP,1,1,1,0,0,0,JG,0,0,1,1,0,0,JNE,0,0,4376586,4376656,4376625,0,0,0,0,cpp,0.0148781812054298,0.2598249108751737,0,0,0
0x4a6491,JNZ,3636,3636,-202,6,0x4a648c,TEST,1,NonLeaf,rsp(-1) rdx(SUB) ,rflags ,TEST,5,SUB,4,SHL,3,MOV,5,LEA,8,MOV,2,LEA,5,MOV,2,TEST,2,JNZ,6,0,0,0,0,0,JE,0,0,1,0,0,0,JNE,0,0,4875404,4875207,4875415,0,0,0,0,cpp,1.7220898151849595e-08,1.0,1,0,1
0x4a6476,JNBE,3636,0,22,2,0x4a6472,CMP,1,NonLeaf,rax(MOV) ,rflags ,CMP,4,MOV,5,MOV,7,MOV,2,CALL_NEAR,5,LEA,8,MOV,5,SHL,3,SUB,4,TEST,5,0,1,1,0,0,JNE,0,0,1,0,0,0,SUB,0,0,4875364,4875404,4875384,0,0,0,0,cpp,1.7220898151849595e-08,0.0,0,0,0
0x4a61f5,JZ,1,0,345,6,0x4a61f3,TEST,1,NonLeaf,edx(MOV) edx(MOV) ,rflags ,TEST,2,MOV,2,SUB,4,PUSH,1,PUSH,1,LEA,5,MOV,3,XOR,3,XOR,3,MOV,9,0,1,0,0,0,JMP,0,0,1,0,0,0,JMP,0,0,4874720,4875086,4874747,0,0,0,1,cpp,4.736220613820021e-12,0.0,0,0,0
0x4a5db0,JS,657,0,-8,2,0x4a5dac,CMP,1,NonLeaf,rdi(ADD) ,rflags ,CMP,4,ADD,4,NOP,5,RET_NEAR,1,POP,1,LEA,5,CALL_NEAR,5,CMP,4,JZ,6,NOP,10,1,1,1,1,1,JS,0,0,1,1,0,0,CALL,1,1,4873640,4873640,4873650,1,0,0,1,cpp,3.111696943279753e-09,0.0,0,1,0
0x4a5582,JNZ,3,0,102,2,0x4a5580,TEST,1,NonLeaf,eax(-1) eax(-1) ,rflags ,TEST,2,NOP,2,JMP,2,MOVSQ,3,MOV,3,MOV,4,TEST,3,JZ,2,MOV,3,MOV,3,0,1,0,0,0,JMP,1,0,1,0,0,0,JE,0,0,4871552,4871656,4871556,0,0,0,0,cpp,1.420866184146006e-11,0.0,0,0,0
0x4a4aa2,JNZ,108,102,-106,2,0x4a4a9f,CMP,1,NonLeaf,rbp(ADD) r12(-1) ,rflags ,CMP,3,ADD,4,ADD,4,ADD,4,ADD,4,MOV,5,MOV,5,CMP,7,JNZ,6,MOV,10,0,0,0,0,0,JA,0,0,1,1,0,0,JNE,1,0,4868751,4868664,4868772,0,0,0,0,cpp,5.115118262925621e-10,0.9444444444444444,1,1,1
0x42a115,JNL,1634510143,1207638880,6,2,0x42a111,CMP,1,Leaf,ecx(MOVZX) rsp(-1) rax(MOV) ,rflags ,CMP,4,MOV,7,MOVZX,8,MOVZX,8,MOVSXD,3,MOV,4,XOR,2,TEST,2,MOVSXD,3,SETZ,3,0,1,1,0,0,RET,0,0,1,0,0,0,MOV,0,0,4366577,4366619,4366615,1,0,0,1,cpp,0.0077414006327745,0.7388384129470649,1,0,1
0x42a0eb,JNL,1634510143,1125088381,6,2,0x42a0e7,CMP,1,Leaf,ecx(MOVZX) rsp(-1) rax(MOV) ,rflags ,CMP,4,MOVZX,8,MOV,7,MOVZX,8,CDQE,2,MOV,4,ADD,6,MOVSXD,3,MOVZX,8,MOVZX,8,0,1,1,0,0,JGE,0,0,1,0,0,0,MOV,0,0,4366534,4366577,4366573,0,0,0,1,cpp,0.0077414006327745,0.6883336795542908,1,0,1
0x42a0c0,JNL,1634510143,1047511974,6,2,0x42a0bc,CMP,1,Leaf,ecx(MOVZX) rsp(-1) rax(MOV) ,rflags ,CMP,4,MOVZX,8,MOV,7,MOVZX,8,CDQE,2,MOV,4,MOV,6,ADD,2,CDQE,2,MOVZX,8,0,1,1,0,0,JGE,0,0,1,0,0,0,MOV,0,0,4366491,4366534,4366530,0,0,0,1,cpp,0.0077414006327745,0.6408721160196557,1,0,1
0x42a095,JLE,1634510143,889888298,6,2,0x42a091,CMP,1,Leaf,rsp(-1) rax(MOV) ecx(MOVZX) ,rflags ,CMP,4,MOVZX,8,MOV,7,MOVZX,8,CDQE,2,MOV,4,MOV,6,ADD,2,CDQE,2,MOVZX,8,0,1,1,0,0,JGE,0,0,1,0,0,0,MOV,0,0,4366416,4366491,4366487,0,0,0,1,cpp,0.0077414006327745,0.5444373054588013,1,0,1
0x429fcc,JZ,24320986,3875771,4,2,0x429fc5,CMP,1,Leaf,rdi(-1) rdx(MOVSXD) ecx(-1) ,rflags ,CMP,7,MOVSXD,3,ADD,6,JZ,2,CMP,7,RET_NEAR,2,MOVZX,8,MOVZX,8,CMP,2,CMOVNLE,3,0,1,0,0,0,RET,0,0,1,0,0,0,REPZ RET,0,0,4366268,4366288,4366286,1,0,0,0,cpp,0.0001151895552416,0.1593591230223972,0,0,0
0x429fba,JZ,24320986,3854559,54,2,0x429fb3,CMP,1,Leaf,rdi(-1) rsi(MOVSXD) ecx(-1) ,rflags ,CMP,7,MOVSXD,3,ADD,2,MOV,6,JZ,2,ADD,6,MOVSXD,3,CMP,7,JZ,2,RET_NEAR,2,0,1,0,0,0,JMP,0,0,1,1,0,0,JE,0,0,4366248,4366320,4366268,1,0,0,0,cpp,0.0001151895552416,0.1584869544351532,0,0,0
0x429fa6,JZ,24320986,3893759,106,2,0x429f9f,CMP,1,Leaf,rdi(-1) rsi(MOVSXD) ecx(-1) ,rflags ,CMP,7,MOVSXD,3,ADD,2,MOV,6,JZ,6,MOV,6,ADD,2,MOVSXD,3,CMP,7,JZ,2,0,1,0,0,0,JMP,0,0,1,1,0,0,JE,0,0,4366228,4366352,4366248,1,0,0,0,cpp,0.0001151895552416,0.160098731194533,0,0,0
0x429f8e,JZ,24320986,4056409,162,6,0x429f87,CMP,1,Leaf,rdi(-1) rsi(MOVSXD) ecx(SETZ) ,rflags ,CMP,7,MOVSXD,3,ADD,2,MOV,5,SETZ,3,MOV,6,ADD,2,MOVSXD,3,CMP,7,JZ,2,0,1,0,0,0,JMP,0,0,1,1,0,0,JE,0,0,4366192,4366384,4366228,1,0,0,0,cpp,0.0001151895552416,0.1667863712433369,0,0,0
0x429b26,JNLE,15978936,2013831,-195,6,0x429b22,CMP,1,Leaf,r8d(MOVZX) ,rflags ,CMP,4,MOVZX,9,MOVZX,9,NOP,2,JMP,2,JMP,5,MOV,7,RET_NEAR,1,INVALID,0,INVALID,0,0,0,0,0,0,JNE,0,0,1,0,0,0,JMP,0,0,4365072,4364899,4365100,0,0,0,0,cpp,7.567976607011082e-05,0.1260303564642852,0,0,0
0x429b06,JNLE,18119978,3241933,-190,6,0x429b02,CMP,1,Leaf,r8d(MOVZX) ,rflags ,CMP,4,MOVZX,9,MOVZX,9,NOP,10,JMP,2,JMP,2,NOP,2,MOVZX,9,MOVZX,9,CMP,4,0,0,0,0,0,JE,0,0,1,0,0,0,JMP,0,0,4365040,4364872,4365068,0,0,0,0,cpp,8.582021332556526e-05,0.1789148419495873,0,0,0
0x429ade,JNLE,25489979,4783175,-177,6,0x429ada,CMP,1,Leaf,r8d(MOVZX) ,rflags ,CMP,4,MOVZX,9,MOVZX,9,NOP,6,RET_NEAR,1,JMP,2,NOP,10,MOVZX,9,MOVZX,9,CMP,4,0,0,0,0,0,JE,0,0,1,0,0,0,JMP,0,0,4365000,4364845,4365028,0,0,0,0,cpp,0.0001207261639856,0.1876492326651191,0,0,0
0x429aaf,JB,61103874,4501714,-193,6,0x429aac,CMP,1,Leaf,rsi(MOV) r9(-1) ,rflags ,CMP,3,MOV,2,MOV,4,MOV,2,LEA,4,NOP,3,MOV,7,POP,1,POP,1,RET_NEAR,1,0,0,0,1,1,JNE,0,0,1,0,0,0,NOP,1,0,4364954,4364782,4364981,1,0,0,0,cpp,0.000289401427623,0.073673135683672,0,1,0
0x429a94,JNLE,12771351,1217431,-180,6,0x429a90,CMP,1,Leaf,r8d(MOVZX) ,rflags ,CMP,4,MOVZX,9,MOVZX,9,JNZ,6,CMP,8,MOVSXD,3,ADD,3,LEA,4,MOV,2,MOV,4,0,0,0,0,0,JAE,0,0,0,0,0,0,JB,0,0,4364926,4364768,4364954,0,0,0,1,cpp,6.048793587253093e-05,0.0953251539324226,0,0,0
0x429a78,JNZ,14038725,1267374,-152,6,0x429a70,CMP,1,Leaf,r11d(-1) rdi(-1) r8(MOVSXD) ,rflags ,CMP,8,MOVSXD,3,ADD,3,MOV,7,JZ,6,MOVZX,9,MOVZX,9,CMP,4,JNLE,6,MOVSXD,3,0,0,0,0,0,JAE,0,0,1,0,0,0,JG,0,0,4364899,4364768,4364926,0,1,0,0,cpp,6.649049873675046e-05,0.0902770016507909,0,0,0
0x429a5d,JZ,28003830,15978936,179,6,0x429a55,CMP,1,Leaf,r11d(-1) rdi(-1) r8(MOVSXD) ,rflags ,CMP,8,MOVSXD,3,ADD,3,MOV,7,JZ,6,MOV,7,ADD,3,MOVSXD,3,CMP,8,JNZ,6,0,1,0,0,0,JG,0,0,1,0,0,0,JNE,0,0,4364872,4365072,4364899,1,0,0,0,cpp,0.0001326323169119,0.5705982360270005,1,0,1
0x429a42,JZ,42881875,18119978,174,6,0x429a3a,CMP,1,Leaf,r11d(-1) rdi(-1) r8(MOVSXD) ,rflags ,CMP,8,MOVSXD,3,ADD,3,MOV,7,JZ,6,MOV,7,ADD,3,MOVSXD,3,CMP,8,JZ,6,0,1,0,0,0,JG,0,0,1,0,0,0,JE,0,0,4364845,4365040,4364872,1,0,0,0,cpp,0.0002030980203342,0.4225556368512337,0,0,0
0x429a27,JZ,63588679,25489979,161,6,0x429a1f,CMP,1,Leaf,r11d(-1) rdi(-1) r8(MOVSXD) ,rflags ,CMP,8,MOVSXD,3,ADD,3,MOV,7,JZ,2,MOV,7,ADD,3,MOVSXD,3,CMP,8,JZ,6,0,1,0,0,0,JG,0,0,1,0,0,0,JE,0,0,4364818,4365000,4364845,1,0,0,0,cpp,0.0003011700122853,0.4008571871732073,0,0,0
0x429a10,JZ,63774752,186073,-48,2,0x429a0c,AND,1,Leaf,r8d(AND) ,r8d rflags ,AND,4,SAR,3,MOVZX,9,JNZ,2,CMP,9,MOV,7,ADD,3,MOVSXD,3,CMP,8,JZ,6,0,0,0,0,0,JAE,0,0,1,0,0,0,JE,0,0,4364800,4364768,4364818,0,0,0,0,cpp,0.0003020512950636,0.0029176593270013,0,0,0
0x4299fe,JNZ,64860573,1085821,-30,2,0x4299f5,CMP,1,Leaf,rdi(-1) r8(MOVSXD) ,rflags ,CMP,9,MOVSXD,3,MOV,4,JNB,6,CMP,3,MOVZX,9,SAR,3,AND,4,JZ,2,MOV,7,1,1,0,0,0,JAE,0,0,1,0,0,0,JE,0,0,4364782,4364768,4364800,0,1,0,0,cpp,0.0003071939828667,0.0167408480958069,0,0,0
0x4299e8,JNB,3756699,3481078,208,6,0x4299e5,CMP,1,Leaf,rsi(MOV) r9(-1) ,rflags ,CMP,3,MOV,2,ADD,3,NOP,6,JMP,2,MOV,4,MOVSXD,3,CMP,9,JNZ,2,MOVZX,9,0,0,1,0,0,RET,1,0,0,0,1,1,JNE,0,0,4364768,4364984,4364782,0,1,1,0,cpp,1.7792555243717058e-05,0.9266321310277986,1,0,1
0x4299b8,JZ,785340381,725257143,377,6,0x4299b5,TEST,1,Leaf,r9(SAR) r9(SAR) ,rflags ,TEST,3,SAR,4,SUB,3,MOV,7,MOV,7,XOR,3,PUSH,1,TEST,2,SETZ,4,XOR,2,0,1,0,0,0,RET,0,0,1,0,0,0,JMP,0,0,4364704,4365105,4364734,0,0,1,1,cpp,0.0037195453013574,0.9234940167937196,1,0,1
0x42998b,JNZ,540690055,493608710,-586,6,0x429988,CMP,1,Leaf,r14d(-1) ebx(-1) ,rflags ,CMP,3,NOP,3,JMP,5,NOP,7,JNZ,6,JMP,5,INVALID,0,INVALID,0,INVALID,0,INVALID,0,0,0,0,0,0,JE,0,0,1,0,0,0,JMP,0,0,4364680,4364097,4364689,0,0,0,0,cpp,0.0025608273841784,0.9129235972353884,1,0,1
0x429973,JNZ,616493427,539257391,-614,6,0x429970,CMP,1,Leaf,r14d(-1) ebx(-1) ,rflags ,CMP,3,NOP,10,JMP,5,JNZ,6,CMP,3,NOP,7,JMP,5,NOP,3,CMP,3,JNZ,6,0,0,0,0,0,JLE,0,0,1,0,0,0,JMP,0,0,4364656,4364045,4364665,0,0,0,0,cpp,0.0029198488772419,0.8747171784525773,1,0,1
0x42995b,JNZ,940040024,708585947,-694,6,0x429958,CMP,1,Leaf,r14d(-1) r11d(-1) ,rflags ,CMP,3,NOP,3,JMP,5,NOP,1,JNZ,6,JMP,5,NOP,10,CMP,3,JNZ,6,NOP,7,0,0,0,0,0,JLE,0,0,1,0,0,0,JMP,0,0,4364632,4363941,4364641,0,0,0,0,cpp,0.0044522369394846,0.7537827421271586,1,0,1
0x429949,JNZ,726004449,608485008,-624,6,0x429946,CMP,1,Leaf,r14d(-1) ebx(-1) ,rflags ,CMP,3,JMP,5,JNZ,6,CMP,2,SETZ,4,NOP,1,JMP,5,NOP,3,CMP,3,JNZ,6,0,0,0,0,0,JLE,0,0,1,0,0,0,JMP,0,0,4364614,4363993,4364623,0,0,0,0,cpp,0.0034385172370788,0.8381284837002424,1,0,1
0x42993b,JNZ,28538915,16181783,-515,6,0x429939,CMP,1,Leaf,ebx(-1) ebp(SETZ) ,rflags ,CMP,2,SETZ,4,TEST,3,XOR,2,NOP,10,JMP,5,CMP,3,JNZ,6,NOP,1,JMP,5,0,0,0,0,0,JG,0,0,1,0,0,0,JMP,0,0,4364592,4364088,4364609,0,0,0,0,cpp,0.000135166597519,0.5670076455254168,1,0,1
0x42991b,JNZ,33496257,18705261,-535,6,0x429919,CMP,1,Leaf,ebx(-1) ebp(SETZ) ,rflags ,CMP,2,SETZ,4,TEST,3,XOR,2,NOP,10,JMP,5,NOP,10,XOR,2,TEST,3,SETZ,4,0,0,0,0,0,JG,0,0,1,0,0,0,JMP,0,0,4364560,4364036,4364577,0,0,0,0,cpp,0.0001586456628892,0.5584283939545842,1,0,1
0x4298fb,JNZ,43747414,23610042,-555,6,0x4298f9,CMP,1,Leaf,ebx(-1) ebp(SETZ) ,rflags ,CMP,2,SETZ,4,TEST,3,XOR,2,NOP,10,JMP,5,NOP,10,XOR,2,TEST,3,SETZ,4,0,0,0,0,0,JG,0,0,1,0,0,0,JMP,0,0,4364528,4363984,4364545,0,0,0,0,cpp,0.0002071974039881,0.539690003162244,1,0,1
0x4298db,JNZ,63692879,29452328,-575,6,0x4298d8,CMP,1,Leaf,r11d(-1) ebx(SETZ) ,rflags ,CMP,3,SETZ,3,TEST,3,XOR,2,JMP,2,JMP,5,NOP,10,XOR,2,TEST,3,SETZ,4,0,0,0,0,0,JG,0,0,1,0,0,0,JMP,0,0,4364496,4363932,4364513,0,0,0,0,cpp,0.0003016635264733,0.4624116300348113,0,0,0
0x4298c9,JNZ,74417886,21254620,-72,2,0x4298c1,CMP,1,Leaf,r13d(-1) ,rflags ,MOV,4,CMP,4,MOVSXD,3,JNZ,2,CMP,3,MOV,3,JMP,2,XOR,2,TEST,3,SETZ,3,0,0,0,0,0,JMP,1,0,1,0,0,0,JMP,0,0,4364478,4364417,4364491,0,0,0,0,cpp,0.0003524595257101,0.2856117143666242,0,0,0
0x4298bc,JNZ,113913972,39496086,-12,2,0x4298b9,CMP,1,Leaf,rax(-1) r10(-1) ,rflags ,CMP,3,JZ,2,CMP,3,ADD,4,NOP,10,MOVSXD,3,CMP,4,MOV,4,JNZ,2,MOV,3,1,1,0,0,0,JE,0,0,1,0,0,0,JNE,1,0,4364473,4364464,4364478,1,0,0,1,cpp,0.0005395217023885,0.3467185394957521,0,1,0
0x4298b7,JZ,39496086,18241466,-86,2,0x4298b4,CMP,1,Leaf,ecx(-1) rax(ADD) ,rflags ,CMP,3,ADD,4,NOP,10,JMP,2,LEA,5,CMP,3,JNZ,2,MOVSXD,3,CMP,4,MOV,4,0,0,0,0,0,JNE,1,0,0,0,1,1,JNE,0,0,4364464,4364385,4364473,0,0,0,0,cpp,0.0001870621766784,0.4618550303946573,0,0,0
0x429894,JZ,186435158,93775806,-51,2,0x429890,CMP,1,Leaf,ecx(-1) rsp(-1) ,rflags ,CMP,4,JMP,5,MOV,5,MOV,5,JLE,6,LEA,4,LEA,5,LEA,5,JMP,2,NOP,10,0,0,0,0,0,JNE,0,0,1,0,0,0,JMP,0,0,4364432,4364385,4364438,0,0,0,0,cpp,0.0008829980384603,0.5029942152863678,1,0,1
0x42987b,JLE,62331863,62331863,-242,6,0x429877,CMP,1,Leaf,r13d(-1) ,rflags ,CMP,4,JNZ,2,CMP,3,MOVZX,8,JNZ,2,MOV,5,MOV,5,JMP,5,CMP,4,JZ,2,0,0,0,0,0,JE,0,0,0,0,0,0,JMP,1,0,4364407,4364169,4364417,0,0,0,0,cpp,0.0002952174544384,1.0,1,0,1
0x429875,JNZ,193160635,130828772,-69,2,0x429872,CMP,1,Leaf,ebx(-1) r11d(MOVZX) ,rflags ,CMP,3,MOVZX,8,JNZ,2,CMP,3,ADD,4,CMP,4,JLE,6,MOV,5,MOV,5,JMP,5,0,0,0,1,1,JE,0,0,1,0,0,0,JLE,1,0,4364394,4364336,4364407,0,0,0,0,cpp,0.0009148513812655,0.6773055596964671,1,1,1
0x429868,JNZ,477618469,367918610,-37,2,0x429865,CMP,1,Leaf,r9(ADD) r8(-1) ,rflags ,CMP,3,ADD,4,JZ,2,CMP,8,MOVSXD,3,MOVZX,8,CMP,3,JNZ,2,CMP,4,JLE,6,0,0,0,1,1,JE,0,0,0,0,0,0,JNE,1,0,4364385,4364355,4364394,0,0,0,0,cpp,0.0022621064384189,0.770319059835184,1,1,1
0x42985f,JZ,498873089,186435158,49,2,0x429857,CMP,1,Leaf,rdi(-1) rax(MOVSXD) ,rflags ,CMP,8,MOVSXD,3,ADD,3,MOV,8,SUB,3,ADD,4,CMP,3,JNZ,2,MOVZX,8,CMP,3,1,1,0,0,0,JE,0,0,1,0,0,0,JNE,0,0,4364355,4364432,4364385,0,0,0,0,cpp,0.0023627730078018,0.3737125976743155,0,0,0
0x42983e,JZ,214415255,83460776,44,2,0x429837,TEST,1,Leaf,rbp(LEA) ,rflags ,TEST,7,LEA,4,MOVSXD,3,NOP,1,MOV,3,MOV,3,MOV,3,SUB,3,MOV,8,ADD,3,1,1,0,0,0,JNE,0,0,1,0,0,0,MOV,0,0,4364336,4364394,4364352,0,0,0,0,cpp,0.0010155179506484,0.3892483116464824,0,0,0
0x429826,JLE,148828808,65242325,-157,6,0x429823,CMP,1,Leaf,eax(MOVZX) ,rflags ,CMP,3,MOVZX,8,MOVZX,8,MOVSXD,3,NOP,9,MOV,3,NOP,1,MOVSXD,3,LEA,4,TEST,7,0,0,0,0,0,JE,0,0,1,0,0,0,NOP,0,0,4364304,4364169,4364332,0,0,0,0,cpp,0.0007048860683798,0.438371615527553,0,0,0
0x4297e2,JNZ,145439928,16621495,159,6,0x4297de,CMP,1,Leaf,r13d(-1) ,rflags ,CMP,4,JNZ,2,CMP,3,JZ,2,CMP,3,MOV,4,MOV,6,JMP,2,NOP,4,MOV,5,0,0,0,0,0,JMP,1,0,1,0,0,0,JMP,0,0,4364254,4364417,4364264,0,0,0,1,cpp,0.000688835585066,0.1142842631220224,0,0,0
0x4297dc,JNZ,163515317,18075389,-12,2,0x4297d9,CMP,1,Leaf,rax(-1) rcx(-1) ,rflags ,CMP,3,JZ,2,CMP,3,ADD,4,NOP,10,CMP,4,JNZ,6,MOV,4,MOV,6,JMP,2,1,1,0,0,0,JE,0,0,1,0,0,0,JNE,1,0,4364249,4364240,4364254,1,0,0,0,cpp,0.0007744446150507,0.1105424820844153,0,1,0
0x4297d7,JZ,18075389,1453894,-78,2,0x4297d4,CMP,1,Leaf,ebx(-1) rax(ADD) ,rflags ,CMP,3,ADD,4,NOP,10,JMP,2,LEA,5,CMP,3,JNZ,2,CMP,4,JNZ,6,MOV,4,0,0,0,0,0,JE,1,0,0,0,1,1,JNE,0,0,4364240,4364169,4364249,0,0,0,0,cpp,8.560902998461565e-05,0.0804350047459559,0,0,0
0x4297b4,JZ,146893822,0,-43,2,0x4297b0,CMP,1,Leaf,ebx(-1) rsp(-1) ,rflags ,CMP,4,NOP,1,JMP,2,MOV,8,MOVSXD,3,LEA,4,LEA,5,LEA,5,JMP,2,NOP,10,0,0,0,0,0,JE,0,0,1,0,0,0,JMP,0,0,4364208,4364169,4364214,0,0,0,0,cpp,0.0006957215477992,0.0,0,0,0
0x429790,JZ,1083851642,249497163,104,2,0x42978d,CMP,1,Leaf,r12(ADD) r8(-1) ,rflags ,CMP,3,ADD,4,JZ,6,CMP,3,JZ,2,MOV,3,SUB,3,MOV,8,ADD,2,MOVSXD,3,0,1,0,0,0,JMP,1,0,1,0,0,0,JMP,0,0,4364169,4364280,4364178,0,0,0,0,cpp,0.005133360489163,0.2301949393549933,0,0,0
0x429783,JZ,974833935,148828808,141,6,0x429780,CMP,1,Leaf,r14d(-1) r11d(-1) ,rflags ,CMP,3,JZ,2,CMP,4,ADD,2,MOV,8,ADD,4,CMP,3,JZ,2,MOV,3,SUB,3,0,1,0,0,0,JLE,0,0,0,0,0,0,JE,0,0,4364160,4364304,4364169,0,0,0,0,cpp,0.0046170285779982,0.1526709346654002,0,0,0
0x4a38ac,JZ,9,9,1220,6,0x4a38a7,CMP,1,NonLeaf,r13(-1) ,rflags ,CMP,5,MOV,7,XOR,2,XOR,2,MOV,5,NOP,6,ADD,4,MOVZX,5,MOV,3,AND,3,0,1,0,0,0,JMP,1,0,1,0,0,0,NOP,0,0,4864148,4865392,4864178,0,0,1,0,cpp,4.262598552438018e-11,1.0,1,0,1
0x42977e,JZ,1121727757,146893822,50,2,0x42977a,CMP,1,Leaf,r11d(-1) ,rflags ,CMP,4,ADD,2,MOV,8,SUB,3,MOV,3,CMP,3,JZ,6,ADD,4,CMP,3,JZ,2,1,1,0,0,0,JE,0,0,1,0,0,0,JE,0,0,4364138,4364208,4364160,0,0,0,0,cpp,0.0053127501257974,0.1309531845702557,0,0,0
0x42974d,JZ,582758061,295384783,-333,6,0x429749,AND,1,Leaf,r9d(AND) ,r9d rflags ,AND,4,SAR,3,MOVZX,5,JNLE,6,CMP,3,MOV,4,MOV,3,MOV,6,MOV,5,MOV,5,0,0,0,0,0,JE,0,0,1,0,0,0,MOV,0,0,4364097,4363776,4364115,0,0,0,1,cpp,0.0027600707413779,0.5068737830809689,1,0,1
0x42973b,JNLE,629839406,540690055,589,6,0x429738,CMP,1,Leaf,ecx(-1) ,rflags ,CMP,3,JLE,6,CMP,3,MOVZX,8,MOVZX,8,MOVZX,5,SAR,3,AND,4,JZ,6,MOV,4,0,1,0,0,0,JNE,0,0,1,0,0,0,JE,0,0,4364088,4364680,4364097,0,0,0,0,cpp,0.0029830583780933,0.858457012770649,1,0,1
0x429732,JLE,642196538,28538915,510,6,0x42972f,CMP,1,Leaf,ecx(MOVZX) ,rflags ,CMP,3,MOVZX,8,MOVZX,8,MOV,7,MOVSXD,3,CMP,3,JNLE,6,MOVZX,5,SAR,3,AND,4,0,1,0,0,0,JNE,0,0,1,0,0,0,JG,0,0,4364045,4364592,4364088,0,0,0,0,cpp,0.0030415844813994,0.0444395341788653,0,0,0
0x429707,JNLE,719432574,616493427,617,6,0x429704,CMP,1,Leaf,ecx(-1) ,rflags ,CMP,3,JLE,6,CMP,3,MOVZX,8,MOVZX,8,MOV,6,ADD,2,MOVSXD,3,MOV,7,MOVZX,8,0,1,0,0,0,JNE,0,0,1,0,0,0,JLE,0,0,4364036,4364656,4364045,0,0,0,0,cpp,0.0034073913872323,0.856916199349072,1,0,1
0x4296fe,JLE,734223570,33496257,530,6,0x4296fb,CMP,1,Leaf,ecx(MOVZX) ,rflags ,CMP,3,MOVZX,8,MOVZX,8,MOV,7,MOVSXD,3,CMP,3,JNLE,6,MOV,6,ADD,2,MOVSXD,3,0,1,0,0,0,JNE,0,0,1,0,0,0,JG,0,0,4363993,4364560,4364036,0,0,0,0,cpp,0.0034774448073865,0.0456213316606003,0,0,0
0x4296d3,JNLE,851743011,726004449,627,6,0x4296d0,CMP,1,Leaf,ecx(-1) ,rflags ,CMP,3,JLE,6,CMP,3,MOVZX,8,MOVZX,8,MOV,6,ADD,2,MOVSXD,3,MOV,7,MOVZX,8,0,1,0,0,0,JNE,0,0,1,0,0,0,JLE,0,0,4363984,4364614,4363993,0,0,0,0,cpp,0.0040340428063753,0.8523749999986792,1,0,1
0x4296ca,JLE,871880383,43747414,550,6,0x4296c7,CMP,1,Leaf,ecx(MOVZX) ,rflags ,CMP,3,MOVZX,8,MOVZX,8,MOV,7,MOVSXD,3,CMP,3,JNLE,6,MOV,6,ADD,2,MOVSXD,3,0,1,0,0,0,JNE,0,0,1,0,0,0,JG,0,0,4363941,4364528,4363984,0,0,0,0,cpp,0.0041294178427498,0.0501759356592841,0,0,0
0x42969f,JNLE,1103334460,940040024,697,6,0x42969c,CMP,1,Leaf,ecx(-1) ,rflags ,CMP,3,JLE,6,CMP,3,MOVZX,8,MOVZX,8,MOV,6,ADD,2,MOVSXD,3,MOV,7,MOVZX,8,0,1,0,0,0,JNE,0,0,1,0,0,0,JLE,0,0,4363932,4364632,4363941,0,0,0,0,cpp,0.0052256354133899,0.8519991517350052,1,0,1
0x429696,JLE,1137575011,63692879,570,6,0x429693,CMP,1,Leaf,ecx(MOVZX) ,rflags ,CMP,3,MOVZX,8,MOVZX,8,MOV,8,MOVSXD,3,CMP,3,JNLE,6,MOV,6,ADD,2,MOVSXD,3,0,1,0,0,0,JNE,0,0,1,0,0,0,JG,0,0,4363888,4364496,4363932,0,0,0,0,cpp,0.0053878062168647,0.0559900475872882,0,0,0
0x42965b,JNZ,1417236007,1244973103,-82,2,0x429646,CMP,1,Leaf,rax(ADD) r10(-1) ,rflags ,MOV,3,MOV,5,MOV,3,LEA,4,MOVSXD,3,NOP,3,POP,1,POP,1,POP,2,POP,2,0,0,0,1,1,JNE,0,0,1,0,0,0,NOP,1,0,4363837,4363785,4363869,0,0,0,0,cpp,0.0067123423910013,0.8784515047958417,1,1,1
0x42963b,JLE,1962117953,1137575011,53,2,0x429638,CMP,1,Leaf,ecx(AND) ,rflags ,CMP,3,AND,3,SAR,3,MOV,3,MOVZX,9,MOV,5,ADD,4,CMP,3,MOVSXD,3,LEA,4,0,1,0,0,0,JLE,0,0,1,0,0,0,JNE,0,0,4363814,4363888,4363837,0,0,0,1,cpp,0.0092930234957449,0.5797689222815037,1,0,1
0x429624,JNZ,1987755752,25637799,-36,2,0x42961c,CMP,1,Leaf,rdi(-1) rcx(MOVSXD) ,rflags ,CMP,8,MOVSXD,3,ADD,2,MOV,8,SUB,3,MOVZX,9,MOV,3,SAR,3,AND,3,CMP,3,1,1,0,0,0,JE,0,0,1,0,0,0,JLE,0,0,4363785,4363776,4363814,0,1,0,0,cpp,0.0094144497678617,0.0128978618093315,0,0,0
0x429607,JZ,570519745,570519745,89,2,0x429604,CMP,1,Leaf,rax(ADD) r10(-1) ,rflags ,CMP,3,ADD,4,NOP,4,JMP,2,MOV,3,MOV,3,SUB,3,MOV,8,ADD,2,MOVSXD,3,0,0,1,0,0,RET,1,0,0,0,1,1,JNE,0,0,4363776,4363872,4363785,0,0,0,0,cpp,0.0027021073768603,1.0,1,0,1
0x4281cb,JZ,2097152,1048576,70,2,0x4281bc,TEST,1,Leaf,cl(-1) cl(-1) ,rflags ,MOV,4,MOV,4,MOV,5,TEST,2,AND,3,MOV,4,MOV,3,MOV,8,MOV,8,MOV,7,0,1,1,0,0,MOV,0,0,1,0,0,0,MOV,0,0,4358400,4358673,4358605,0,0,1,0,cpp,9.932574532713884e-06,0.5,0,0,0
0x42726a,JNZ,76541205,65050085,-510,6,0x427267,CMP,1,Leaf,r9d(-1) ecx(SETZ) ,rflags ,CMP,3,SETZ,3,TEST,2,XOR,2,NOP,1,JMP,2,INVALID,0,INVALID,0,INVALID,0,INVALID,0,0,0,0,0,0,JNE,0,0,1,0,0,0,JMP,0,0,4354656,4354156,4354672,0,0,0,0,cpp,0.0003625160329276,0.8498701451068088,1,0,1
0x427254,JNZ,86034766,70444938,-553,6,0x427251,CMP,1,Leaf,r9d(-1) r10d(SETZ) ,rflags ,CMP,3,SETZ,4,TEST,2,XOR,3,NOP,5,JMP,5,NOP,1,XOR,2,TEST,2,SETZ,3,0,0,0,0,0,JNE,0,0,1,0,0,0,JMP,0,0,4354632,4354091,4354650,0,0,0,0,cpp,0.0004074796322343,0.8187961829291196,1,1,1
0x42723a,JNZ,105329166,83150863,-591,6,0x427237,CMP,1,Leaf,r9d(-1) ecx(SETZ) ,rflags ,CMP,3,SETZ,3,TEST,2,XOR,2,NOP,9,XOR,2,RET_NEAR,1,NOP,5,XOR,3,TEST,2,0,0,0,0,0,JNE,0,0,0,0,0,0,RET,0,0,4354608,4354027,4354624,0,0,0,0,cpp,0.0004988621672456,0.7894381599869499,1,1,1
0x42721c,JNZ,149937579,99506569,-624,6,0x427219,CMP,1,Leaf,r9d(-1) r10d(SETZ) ,rflags ,CMP,3,SETZ,4,TEST,2,XOR,3,NOP,10,JMP,5,NOP,9,XOR,2,TEST,2,SETZ,3,0,0,0,0,0,JNE,0,0,1,0,0,0,JMP,0,0,4354576,4353964,4354594,0,0,0,0,cpp,0.000710137452446,0.6636532993506584,1,1,1
0x4271fb,JNZ,166900080,30998677,-277,6,0x4271f2,CMP,1,Leaf,r14d(-1) ,rflags ,MOV,5,CMP,4,MOVSXD,3,JNZ,2,CMP,3,MOV,3,JMP,2,NOP,10,XOR,3,TEST,2,0,0,1,0,0,RET,1,0,1,0,0,0,JMP,0,0,4354543,4354278,4354561,0,0,0,0,cpp,0.0007904755993442,0.1857319481212951,0,0,0
0x4271ed,JNZ,293002231,126102151,-13,2,0x4271ea,CMP,1,Leaf,rcx(-1) r10(-1) ,rflags ,CMP,3,JZ,2,CMP,4,ADD,4,NOP,9,MOVSXD,3,CMP,4,MOV,5,JNZ,6,MOV,3,1,1,0,0,0,JE,0,0,1,0,0,0,JNE,1,0,4354538,4354528,4354543,1,0,0,1,cpp,0.0013877232063574,0.4303794908646958,0,1,0
0x4271e8,JZ,126102151,95103474,-86,2,0x4271e4,CMP,1,Leaf,r8d(-1) rcx(ADD) ,rflags ,CMP,4,ADD,4,NOP,9,JMP,2,LEA,5,CMP,3,JNZ,2,MOVSXD,3,CMP,4,MOV,5,0,0,0,0,0,JNE,1,0,0,0,1,1,JNE,0,0,4354528,4354450,4354538,0,0,0,0,cpp,0.0005972476070132,0.7541780472880276,1,0,1
0x4271c5,JZ,525898905,263895351,-51,2,0x4271c0,CMP,1,Leaf,r8d(-1) rsp(-1) ,rflags ,CMP,5,NOP,9,JMP,5,JLE,6,CMP,4,LEA,4,LEA,5,LEA,5,JMP,2,NOP,9,0,0,0,0,0,JNE,0,0,1,0,0,0,JMP,0,0,4354496,4354450,4354503,0,0,0,0,cpp,0.0024907732346463,0.5017986318111843,1,0,1
0x4271ac,JLE,176884984,176884984,-212,6,0x4271a8,CMP,1,Leaf,r14d(-1) ,rflags ,CMP,4,JNZ,2,CMP,3,MOVZX,8,JNZ,2,JMP,5,NOP,9,CMP,5,JZ,2,LEA,4,0,0,0,0,0,JNE,0,0,1,0,0,0,JMP,1,0,4354472,4354264,4354482,0,0,0,0,cpp,0.000837766307496,1.0,1,0,1
0x4271a6,JNZ,853899344,677014360,-70,2,0x4271a3,CMP,1,Leaf,ebx(-1) r11d(MOVZX) ,rflags ,CMP,3,MOVZX,8,JNZ,2,CMP,3,ADD,4,CMP,4,JLE,6,JMP,5,NOP,9,CMP,5,0,0,0,1,1,JE,0,0,1,0,0,0,JLE,1,0,4354459,4354400,4354472,0,0,0,0,cpp,0.0040442556751801,0.7928503104693801,1,1,1
0x427199,JNZ,1551209656,1177329186,-37,2,0x427196,CMP,1,Leaf,r9(ADD) r12(-1) ,rflags ,CMP,3,ADD,4,JZ,2,CMP,8,MOVSXD,3,MOVZX,8,CMP,3,JNZ,2,CMP,4,JLE,6,0,0,0,1,1,JE,0,0,0,0,0,0,JNE,1,0,4354450,4354420,4354459,0,0,0,0,cpp,0.0073468711491038,0.7589748951382237,1,1,1
0x427190,JZ,1582208333,525898905,48,2,0x427188,CMP,1,Leaf,rdi(-1) rcx(MOVSXD) ,rflags ,CMP,8,MOVSXD,3,ADD,3,MOV,8,SUB,3,ADD,4,CMP,3,JNZ,2,MOVZX,8,CMP,3,1,1,0,0,0,JE,0,0,1,0,0,0,JNE,0,0,4354420,4354496,4354450,0,0,0,0,cpp,0.0074936877221124,0.3323828436694246,0,0,0
0x42716f,JZ,884898021,480018874,44,2,0x427167,TEST,1,Leaf,r15(LEA) ,rflags ,TEST,8,LEA,4,MOVSXD,3,NOP,7,MOV,3,MOV,3,MOV,3,SUB,3,MOV,8,ADD,3,1,1,0,0,0,JNE,0,0,1,0,0,0,MOV,0,0,4354400,4354459,4354417,0,0,0,0,cpp,0.0041910722481887,0.5424567154727539,1,0,1
0x427154,JLE,468175891,260292230,-124,2,0x427151,CMP,1,Leaf,ecx(MOVZX) ,rflags ,CMP,3,MOVZX,8,MOVZX,9,JMP,2,MOV,6,MOV,3,NOP,7,MOVSXD,3,LEA,4,TEST,8,0,0,0,0,0,JNE,0,0,1,0,0,0,NOP,0,0,4354368,4354264,4354390,0,0,0,0,cpp,0.0022173843058477,0.5559710250009435,1,0,1
0x427132,JNZ,220863221,20126753,-76,2,0x42712e,CMP,1,Leaf,r14d(-1) ,rflags ,CMP,4,JNZ,2,CMP,3,JZ,2,CMP,3,MOV,4,MOV,6,JMP,2,MOVZX,9,MOVZX,8,0,0,1,0,0,RET,1,0,1,0,0,0,JMP,0,0,4354350,4354278,4354356,0,0,0,1,cpp,0.0010460569401348,0.0911276803302619,0,0,0
0x42712c,JNZ,251821093,30957872,-12,2,0x427129,CMP,1,Leaf,rcx(-1) r8(-1) ,rflags ,CMP,3,JZ,2,CMP,3,ADD,4,NOP,10,CMP,4,JNZ,2,MOV,4,MOV,6,JMP,2,1,1,0,0,0,JE,0,0,1,0,0,0,JNE,1,0,4354345,4354336,4354350,1,0,0,0,cpp,0.0011926802516612,0.1229359766141591,0,1,0
0x427127,JZ,30957872,10831119,-79,2,0x427124,CMP,1,Leaf,ebx(-1) rcx(ADD) ,rflags ,CMP,3,ADD,4,NOP,10,JMP,2,LEA,5,CMP,3,JNZ,2,CMP,4,JNZ,2,MOV,4,0,0,0,0,0,JNE,1,0,0,0,1,1,JNE,0,0,4354336,4354264,4354345,0,0,0,0,cpp,0.0001466233115264,0.3498663926254363,0,0,0
0x427104,JZ,231694340,0,-44,2,0x427100,CMP,1,Leaf,ebx(-1) rsp(-1) ,rflags ,CMP,4,NOP,2,RET_NEAR,1,MOV,5,NOP,7,LEA,4,LEA,5,LEA,5,JMP,2,NOP,10,0,0,0,0,0,JNE,0,0,1,0,0,0,JMP,0,0,4354304,4354264,4354310,0,0,0,0,cpp,0.0010973555092134,0.0,0,0,0
0x4270df,JNZ,1730904036,1326327499,-42,2,0x4270dc,CMP,1,Leaf,r13(ADD) r12(-1) ,rflags ,CMP,3,ADD,4,JZ,2,CMP,2,JZ,2,MOV,5,POP,1,POP,1,POP,2,POP,2,0,0,0,1,1,JE,0,0,1,0,0,0,MOV,1,0,4354264,4354229,4354273,0,0,0,0,cpp,0.0081979433758474,0.7662628727038222,1,1,1
0x4270d6,JZ,1550335126,468175891,106,2,0x4270d4,CMP,1,Leaf,esi(-1) ecx(-1) ,rflags ,CMP,2,JZ,2,CMP,3,MOV,8,MOVSXD,3,ADD,4,CMP,3,JNZ,2,MOV,5,POP,1,0,1,0,0,0,JLE,0,0,0,0,0,0,JNE,0,0,4354260,4354368,4354264,0,0,0,0,cpp,0.0073427291820904,0.3019836699487901,0,0,0
0x4270d2,JZ,1782029466,231694340,46,2,0x4270cf,CMP,1,Leaf,ecx(MOV) ,rflags ,CMP,3,MOV,8,MOVSXD,3,ADD,2,MOV,7,CMP,2,JZ,2,ADD,4,CMP,3,JNZ,2,1,1,0,0,0,JE,0,0,1,0,0,0,JE,0,0,4354229,4354304,4354260,0,0,0,0,cpp,0.0084400846913038,0.1300171206035489,0,0,0
0x42708e,JZ,622966312,167264345,106,2,0x42708a,AND,1,Leaf,r8d(AND) ,r8d rflags ,AND,4,SAR,3,LEA,7,JNZ,6,AND,2,PUSH,2,PUSH,2,MOV,6,PUSH,2,PUSH,2,0,1,0,0,0,RET,0,0,1,0,0,0,MOV,0,0,4354176,4354296,4354192,0,0,0,1,cpp,0.0029505058886098,0.2684966133449604,0,0,0
0x42707a,JNZ,692457789,69491477,454,6,0x427078,AND,1,Leaf,al(AND) cl(SETNLE) ,al rflags ,AND,2,SETZ,3,CMP,3,SETNLE,3,CMP,3,LEA,7,SAR,3,AND,4,JZ,2,PUSH,2,0,0,0,0,0,RET,0,0,1,0,0,0,JE,0,0,4354156,4354624,4354176,0,0,0,0,cpp,0.003279632854462,0.1003548203282612,0,0,0
0x427066,JLE,703948909,76541205,506,6,0x427063,CMP,1,Leaf,eax(MOVZX) ,rflags ,CMP,3,MOVZX,8,MOVZX,8,MOV,8,CDQE,2,CMP,3,SETNLE,3,CMP,3,SETZ,3,AND,2,0,1,0,0,0,JNE,0,0,1,0,0,0,JNE,0,0,4354113,4354656,4354156,0,1,0,0,cpp,0.0033340573338819,0.1087311934451765,0,0,0
0x42703b,JNZ,831699017,127750108,-191,6,0x427038,TEST,1,Leaf,r10b(SETNLE) cl(SETZ) ,rflags ,TEST,3,SETZ,3,CMP,3,SETNLE,4,CMP,3,MOV,6,ADD,2,CDQE,2,MOV,8,MOVZX,8,0,0,0,0,0,RET,0,0,1,0,0,0,JLE,0,0,4354091,4353916,4354113,0,0,0,0,cpp,0.0039391100288092,0.1536013694723412,0,0,0
0x427025,JLE,847288845,86034766,547,6,0x427022,CMP,1,Leaf,ecx(MOVZX) ,rflags ,CMP,3,MOVZX,8,MOVZX,8,MOV,8,MOVSXD,3,CMP,3,SETNLE,4,CMP,3,SETZ,3,TEST,3,0,1,0,0,0,JNE,0,0,1,0,0,0,JNE,0,0,4354047,4354632,4354091,0,1,0,0,cpp,0.0040129468935487,0.1015412471292478,0,0,0
0x426ff9,JNZ,1047065433,199776588,583,6,0x426ff7,AND,1,Leaf,al(AND) cl(SETNLE) ,al rflags ,AND,2,SETZ,3,CMP,3,SETNLE,3,CMP,3,MOV,6,ADD,2,MOVSXD,3,MOV,8,MOVZX,8,0,0,0,0,0,RET,0,0,1,0,0,0,JLE,0,0,4354027,4354624,4354047,0,0,0,0,cpp,0.0049591328877929,0.1907966605559788,0,0,0
0x426fe5,JLE,1069243736,105329166,587,6,0x426fe2,CMP,1,Leaf,eax(MOVZX) ,rflags ,CMP,3,MOVZX,8,MOVZX,8,MOV,8,CDQE,2,CMP,3,SETNLE,3,CMP,3,SETZ,3,AND,2,0,1,0,0,0,JNE,0,0,1,0,0,0,JNE,0,0,4353984,4354608,4354027,0,1,0,0,cpp,0.0050641742236411,0.0985080973156152,0,0,0
0x426fba,JNZ,1491064576,421820840,646,6,0x426fb8,TEST,1,Leaf,cl(SETNLE) al(SETZ) ,rflags ,TEST,2,SETZ,3,CMP,3,SETNLE,3,CMP,3,MOV,6,ADD,2,CDQE,2,MOV,8,MOVZX,8,0,1,0,0,0,RET,0,0,1,0,0,0,JLE,0,0,4353964,4354624,4353984,0,0,0,0,cpp,0.007062010781388,0.282899108992044,0,0,0
0x426fa6,JLE,1541495586,149937579,618,6,0x426fa3,CMP,1,Leaf,ecx(MOVZX) ,rflags ,CMP,3,MOVZX,8,MOVZX,8,MOV,8,MOVSXD,3,CMP,3,SETNLE,3,CMP,3,SETZ,3,TEST,2,0,1,0,0,0,JNE,0,0,1,0,0,0,JNE,0,0,4353920,4354576,4353964,0,1,0,0,cpp,0.0073008631705257,0.0972676019067108,0,0,0
0x426f7a,JLE,2251636332,1541495586,6,2,0x426f77,CMP,1,Leaf,ecx(AND) ,rflags ,CMP,3,AND,3,SAR,3,MOV,3,XOR,2,RET_NEAR,1,NOP,3,MOV,6,ADD,2,MOVSXD,3,0,1,0,0,0,JLE,0,0,1,0,0,0,RET,0,0,4353888,4353920,4353916,0,0,0,0,cpp,0.0106642464104445,0.6846112598613017,1,0,1
0x426085,JNLE,40412,40412,-660,6,0x426083,TEST,1,NonLeaf,eax(-1) eax(-1) ,rflags ,TEST,2,XADD_LOCK,4,OR,3,JZ,6,TEST,3,LEA,5,CALL_NEAR,5,JMP,5,MOV,8,MOV,3,0,0,1,0,0,JNE,0,0,1,0,0,0,CALL,0,1,4350083,4349425,4350091,0,0,1,1,cpp,1.914001474456947e-07,1.0,1,0,1
0x426076,JZ,40412,40412,195,6,0x426073,TEST,1,NonLeaf,rcx(MOV) rcx(MOV) ,rflags ,TEST,3,LEA,4,MOV,5,JMP,5,CALL_NEAR,5,OR,3,XADD_LOCK,4,TEST,2,JNLE,6,LEA,5,0,1,0,0,0,JMP,0,0,1,0,0,0,LOCK XADD,0,0,4350058,4350265,4350076,0,0,1,0,cpp,1.914001474456947e-07,1.0,1,0,1
0x426055,JNLE,40412,0,-563,6,0x426053,TEST,1,NonLeaf,eax(-1) eax(-1) ,rflags ,TEST,2,XADD_LOCK,4,OR,3,JZ,6,TEST,3,LEA,5,CALL_NEAR,5,JMP,5,MOV,5,LEA,4,0,0,1,0,0,CALL,0,1,1,0,0,0,CALL,0,1,4350035,4349474,4350043,0,0,1,1,cpp,1.914001474456947e-07,0.0,0,0,0
0x426046,JZ,40412,40412,212,6,0x426043,TEST,1,NonLeaf,rcx(MOV) rcx(MOV) ,rflags ,TEST,3,LEA,4,MOV,5,CALL_NEAR,5,MOV,5,OR,3,XADD_LOCK,4,TEST,2,JNLE,6,LEA,5,0,1,0,0,0,JMP,0,0,1,0,0,0,LOCK XADD,0,0,4350010,4350234,4350028,0,0,1,0,cpp,1.914001474456947e-07,1.0,1,0,1
0x425f34,JZ,1949,1949,92,2,0x425f30,CMP,1,NonLeaf,r12d(-1) ,rflags ,CMP,4,NOP,3,JMP,5,CALL_NEAR,5,MOV,3,CMP,4,JNZ,6,LEA,5,MOV,5,MOV,5,0,1,0,0,0,CALL,0,1,1,0,0,0,JNE,0,0,4349744,4349840,4349750,0,0,1,0,cpp,9.23089397633522e-09,1.0,1,0,1
0x425e81,JLE,38463,27234,223,6,0x425e7e,CMP,1,NonLeaf,edx(SUB) ,rflags ,CMP,3,SUB,3,IDIV,3,CDQ,1,MOV,3,ADD,3,MOVSX,3,LEA,5,MOV,3,MOV,3,0,1,0,0,0,JMP,0,0,1,0,0,0,MOVSX,0,0,4349552,4349792,4349575,1,1,0,0,cpp,1.8216925346935944e-07,0.7080570938304345,1,0,1
0x425e1c,JNZ,40412,40412,542,6,0x425e15,CMP,1,NonLeaf,rdi(LEA) ,rflags ,CMP,7,LEA,4,MOV,9,MOV,9,MOV,9,LEA,5,MOV,9,CALL_NEAR,5,MOV,4,LEA,5,0,1,0,0,0,JE,0,0,1,1,0,0,CALL,0,1,4349425,4350010,4349474,0,0,0,1,cpp,1.914001474456947e-07,1.0,1,0,1
0x425deb,JNZ,40412,40412,639,6,0x425de4,CMP,1,NonLeaf,rdi(LEA) ,rflags ,CMP,7,LEA,4,MOV,5,CALL_NEAR,5,MOV,3,MOV,5,MOV,9,MOV,9,MOV,9,LEA,4,0,1,0,0,0,JE,0,0,0,1,0,0,JNE,0,0,4349403,4350058,4349425,0,0,0,1,cpp,1.914001474456947e-07,1.0,1,0,1
0x425dc0,JNZ,40412,40412,752,6,0x425db9,CMP,1,NonLeaf,r15(-1) ,rflags ,CMP,7,MOV,3,CALL_NEAR,5,MOV,3,MOV,3,LEA,5,MOV,3,MOV,5,MOV,3,CALL_NEAR,5,0,1,0,0,0,JMP,0,0,0,1,0,0,CALL,0,1,4349369,4350128,4349382,0,0,1,1,cpp,1.914001474456947e-07,1.0,1,0,1
0x425da2,JZ,40412,0,478,6,0x425d97,CMP,1,NonLeaf,r14(-1) ,rflags ,LEA,4,MOV,3,CMP,4,CALL_NEAR,5,MOV,3,MOV,3,MOV,3,MOV,3,CALL_NEAR,5,MOV,3,0,1,0,0,0,JMP,0,0,1,0,0,0,CALL,0,1,4349335,4349824,4349352,0,0,1,1,cpp,1.914001474456947e-07,0.0,0,0,0
0x425d7c,JZ,40412,0,692,6,0x425d79,TEST,1,NonLeaf,r12(-1) r12(-1) ,rflags ,TEST,3,JZ,6,CMP,3,JBE,6,CMP,3,SUB,3,LEA,5,XOR,2,MOV,3,MOV,3,0,1,0,0,0,CALL,0,1,1,0,0,0,CALL,0,1,4349305,4350000,4349314,0,0,1,1,cpp,1.914001474456947e-07,0.0,0,0,0
0x425d73,JZ,40412,0,589,6,0x425d70,CMP,1,NonLeaf,rax(-1) r12(-1) ,rflags ,CMP,3,JBE,6,CMP,3,MOV,5,MOV,5,TEST,3,JZ,6,SUB,3,LEA,5,XOR,2,0,1,0,0,0,JMP,0,0,1,0,0,0,JE,0,0,4349296,4349888,4349305,0,0,0,0,cpp,1.914001474456947e-07,0.0,0,0,0
0x425d6a,JBE,40412,0,342,6,0x425d67,CMP,1,NonLeaf,rax(-1) rdi(MOV) ,rflags ,CMP,3,MOV,5,MOV,5,JZ,6,TEST,3,CMP,3,JZ,6,TEST,3,JZ,6,SUB,3,0,1,0,0,0,JE,0,0,1,0,0,0,JE,0,0,4349277,4349632,4349296,0,0,0,0,cpp,1.914001474456947e-07,0.0,0,0,0
0x425d57,JZ,40412,0,633,6,0x425d54,TEST,1,NonLeaf,rax(MOV) rax(MOV) ,rflags ,TEST,3,MOV,8,MOV,5,CALL_NEAR,5,MOV,5,MOV,5,MOV,5,CMP,3,JBE,6,CMP,3,0,1,0,0,0,CALL,0,1,1,0,0,0,JBE,0,0,4349255,4349904,4349277,0,0,1,0,cpp,1.914001474456947e-07,0.0,0,0,0
0x425d2d,JLE,38463,38463,323,6,0x425d26,CMP,1,NonLeaf,r12d(-1) r14(-1) ,rflags ,CMP,7,JS,6,MOV,7,TEST,3,CALL_NEAR,5,LEA,5,MOV,5,MOV,5,CALL_NEAR,5,MOV,5,0,1,0,0,0,JLE,0,0,0,0,0,0,CALL,0,1,4349222,4349552,4349235,0,0,0,1,cpp,1.8216925346935944e-07,1.0,1,0,1
0x425d20,JS,40412,1949,528,6,0x425d16,TEST,1,NonLeaf,r12d(-1) r12d(-1) ,rflags ,MOV,7,TEST,3,CALL_NEAR,5,LEA,4,LEA,4,CMP,7,JLE,6,LEA,5,MOV,5,MOV,5,0,1,0,0,0,JE,0,0,1,0,0,0,JLE,0,0,4349206,4349744,4349222,0,0,0,0,cpp,1.914001474456947e-07,0.0482282490349401,0,0,0
0x425be6,JNZ,450952683,30865187,-14,2,0x425be4,TEST,1,Leaf,eax(MOV) eax(MOV) ,rflags ,TEST,2,MOV,4,NOP,2,RET_NEAR,1,MOV,5,XOR,2,RET_NEAR,1,INVALID,0,INVALID,0,INVALID,0,0,0,0,0,0,RET,0,0,0,0,0,0,RET,0,0,4348896,4348888,4348904,0,0,0,0,cpp,0.002135811393082,0.0684444026248314,0,0,0
0x425bd6,JLE,920163038,883960592,18,2,0x425bd1,CMP,1,Leaf,rsp(-1) rax(-1) ,rflags ,CMP,5,JNZ,2,TEST,2,SETZ,3,MOV,4,MOV,5,RET_NEAR,1,NOP,2,MOV,4,TEST,2,0,0,0,0,0,RET,0,0,0,0,0,0,RET,0,0,4348881,4348904,4348888,1,1,0,0,cpp,0.0043580951486508,0.9606564874865144,1,0,1
0x425bcf,JNZ,1371115721,450952683,17,2,0x425bcd,TEST,1,Leaf,edx(MOV) edx(MOV) ,rflags ,TEST,2,SETZ,3,MOV,4,TEST,2,XOR,2,CMP,5,JLE,2,MOV,5,RET_NEAR,1,NOP,2,0,1,0,0,0,JNE,0,0,1,0,0,0,JLE,0,0,4348737,4348896,4348881,0,0,0,0,cpp,0.0064939065417329,0.3288946921789397,0,0,0
0x425b3b,JZ,446082391,446082391,157,6,0x425b34,TEST,1,Leaf,rax(MOVSXD) ecx(MOVZX) ,rflags ,TEST,7,MOVSXD,3,MOVZX,8,MOVSXD,3,MOV,6,MOV,6,LEA,3,ADD,3,MOV,8,MOV,8,0,1,0,0,0,RET,0,0,1,0,0,0,JNE,0,0,4348704,4348888,4348737,0,0,0,1,cpp,0.0021127446157163,1.0,1,0,1
0x425856,JNZ,25822504,326798,-16,2,0x425854,TEST,1,Leaf,eax(MOV) eax(MOV) ,rflags ,TEST,2,MOV,4,NOP,7,RET_NEAR,1,XOR,2,MOV,5,RET_NEAR,1,INVALID,0,INVALID,0,INVALID,0,0,0,0,0,0,RET,0,0,0,0,0,0,RET,0,0,4347984,4347974,4347992,0,0,0,0,cpp,0.0001223010757452,0.0126555503680045,0,0,0
0x425844,JLE,55900049,55642160,20,2,0x42583f,CMP,1,Leaf,rsp(-1) rax(-1) ,rflags ,CMP,5,JNZ,6,TEST,2,SETZ,3,MOV,4,XOR,2,RET_NEAR,1,NOP,7,MOV,4,TEST,2,0,0,0,0,0,RET,0,0,0,0,0,0,RET,0,0,4347967,4347992,4347974,1,1,0,0,cpp,0.0002647549643873,0.9953866051172872,1,0,1
0x425839,JNZ,81722553,25822504,23,6,0x425837,TEST,1,Leaf,edx(MOV) edx(MOV) ,rflags ,TEST,2,SETZ,3,MOV,4,TEST,2,XOR,2,CMP,5,JLE,2,XOR,2,RET_NEAR,1,NOP,7,0,1,0,0,0,JNE,0,0,1,0,0,0,JLE,0,0,4347819,4347984,4347967,0,0,0,0,cpp,0.0003870560401325,0.3159776958999311,0,0,0
0x4257a5,JZ,204385573,122663020,161,6,0x42579e,TEST,1,Leaf,rax(MOVSXD) ecx(MOVZX) ,rflags ,TEST,7,MOVSXD,3,MOVZX,8,MOVSXD,3,INVALID,0,MOV,6,LEA,3,ADD,3,MOV,8,MOV,8,0,1,0,0,0,RET,0,0,1,0,0,0,JNE,0,0,4347792,4347974,4347819,0,0,0,1,cpp,0.00096801516401,0.6001549825632752,1,0,1
0x425732,JZ,73567178,0,-524,6,0x42572f,CMP,1,Leaf,ecx(-1) r8d(MOVZX) ,rflags ,CMP,3,MOVZX,9,MOVSXD,3,ADD,3,JZ,6,ADD,8,JMP,5,MOVZX,7,MOVZX,7,MOV,7,0,0,1,0,0,JE,0,0,1,0,0,0,JMP,0,0,4347680,4347174,4347704,0,0,0,1,cpp,0.0003484303849441,0.0,0,0,0
0x42571a,JZ,99718695,26151517,-500,6,0x425717,CMP,1,Leaf,ecx(-1) r11d(MOVZX) ,rflags ,CMP,3,MOVZX,9,MOVSXD,3,LEA,4,JZ,6,ADD,3,MOVSXD,3,MOVZX,9,CMP,3,JZ,6,0,0,1,0,0,JE,0,0,1,0,0,0,JE,0,0,4347655,4347174,4347680,0,0,0,0,cpp,0.0004722897388422,0.2622529005218129,0,0,0
0x425701,JZ,115633959,15915264,-475,6,0x4256fe,CMP,1,Leaf,ecx(-1) r11d(MOVZX) ,rflags ,CMP,3,MOVZX,9,MOVSXD,3,LEA,4,JZ,6,LEA,4,MOVSXD,3,MOVZX,9,CMP,3,JZ,6,0,0,1,0,0,JE,0,0,1,0,0,0,JE,0,0,4347630,4347174,4347655,0,0,0,0,cpp,0.0005476679402734,0.1376348620909883,0,0,0
0x4256e8,JZ,145011392,29377433,-450,6,0x4256e5,CMP,1,Leaf,ecx(-1) r11d(MOVZX) ,rflags ,CMP,3,MOVZX,9,MOVSXD,3,LEA,4,JMP,5,LEA,4,MOVSXD,3,MOVZX,9,CMP,3,JZ,6,0,0,1,0,0,JE,0,0,1,0,0,0,JE,0,0,4347605,4347174,4347630,0,0,0,0,cpp,0.0006868059440291,0.2025870698489674,0,0,0
0x4256c2,JZ,81553974,19620918,-390,6,0x4256bf,CMP,1,Leaf,ecx(-1) r8d(MOVZX) ,rflags ,CMP,3,MOVZX,9,MOVSXD,3,ADD,3,JZ,6,ADD,8,JMP,5,LEA,4,MOVSXD,3,MOVZX,9,0,0,1,0,0,JE,0,0,1,0,0,0,JMP,0,0,4347568,4347196,4347592,0,0,0,1,cpp,0.0003862576127977,0.2405881287894076,0,0,0
0x4256aa,JZ,97803487,16249513,-366,6,0x4256a7,CMP,1,Leaf,ecx(-1) r11d(MOVZX) ,rflags ,CMP,3,MOVZX,9,MOVSXD,3,LEA,4,JZ,6,ADD,3,MOVSXD,3,MOVZX,9,CMP,3,JZ,6,0,0,1,0,0,JE,0,0,1,0,0,0,JE,0,0,4347543,4347196,4347568,0,0,0,0,cpp,0.0004632188912328,0.1661445158903179,0,0,0
0x425691,JZ,130215012,32411525,-341,6,0x42568e,CMP,1,Leaf,ecx(-1) r11d(MOVZX) ,rflags ,CMP,3,MOVZX,9,MOVSXD,3,LEA,4,JZ,6,LEA,4,MOVSXD,3,MOVZX,9,CMP,3,JZ,6,0,0,1,0,0,JE,0,0,1,0,0,0,JE,0,0,4347518,4347196,4347543,0,0,0,0,cpp,0.0006167270240632,0.248907744984119,0,0,0
0x425678,JZ,130215012,0,-316,6,0x425675,CMP,1,Leaf,ecx(-1) r11d(MOVZX) ,rflags ,CMP,3,MOVZX,9,MOVSXD,3,LEA,4,JMP,5,LEA,4,MOVSXD,3,MOVZX,9,CMP,3,JZ,6,0,0,1,0,0,JE,0,0,1,0,0,0,JE,0,0,4347493,4347196,4347518,0,0,0,0,cpp,0.0006167270240632,0.0,0,0,0
0x425652,JZ,72169298,4465872,-256,6,0x42564f,CMP,1,Leaf,ecx(-1) r8d(MOVZX) ,rflags ,CMP,3,MOVZX,9,MOVSXD,3,ADD,3,JZ,6,ADD,8,JMP,5,LEA,4,MOVSXD,3,MOVZX,9,0,0,1,0,0,JE,0,0,1,0,0,0,JMP,0,0,4347456,4347218,4347480,0,0,1,1,cpp,0.0003418097168725,0.0618804966067426,0,0,0
0x42563a,JZ,98786544,26617246,-232,6,0x425637,CMP,1,Leaf,ecx(-1) r11d(MOVZX) ,rflags ,CMP,3,MOVZX,9,MOVSXD,3,LEA,4,JZ,6,ADD,3,MOVSXD,3,MOVZX,9,CMP,3,JZ,6,0,0,1,0,0,JE,0,0,1,0,0,0,JE,0,0,4347431,4347218,4347456,0,0,1,0,cpp,0.0004678748660608,0.2694420203626113,0,0,0
0x425621,JZ,98786544,0,-207,6,0x42561e,CMP,1,Leaf,ecx(-1) r11d(MOVZX) ,rflags ,CMP,3,MOVZX,9,MOVSXD,3,LEA,4,JZ,6,LEA,4,MOVSXD,3,MOVZX,9,CMP,3,JZ,6,0,0,1,0,0,JE,0,0,1,0,0,0,JE,0,0,4347406,4347218,4347431,0,0,1,0,cpp,0.0004678748660608,0.0,0,0,0
0x425608,JZ,137983752,39197208,-182,6,0x425605,CMP,1,Leaf,ecx(-1) r11d(MOVZX) ,rflags ,CMP,3,MOVZX,9,MOVSXD,3,LEA,4,JMP,5,LEA,4,MOVSXD,3,MOVZX,9,CMP,3,JZ,6,0,0,1,0,0,JE,0,0,1,0,0,0,JE,0,0,4347381,4347218,4347406,0,0,1,0,cpp,0.0006535214905946,0.2840711854247882,0,0,0
0x4255e2,JZ,103424801,18157017,-210,6,0x4255df,CMP,1,Leaf,ecx(-1) r8d(MOVZX) ,rflags ,CMP,3,MOVZX,9,MOVSXD,3,ADD,3,JZ,6,ADD,8,JMP,5,LEA,4,MOVSXD,3,MOVZX,9,0,0,1,0,0,JE,0,0,1,0,0,0,JMP,0,0,4347344,4347152,4347368,0,0,0,1,cpp,0.0004898426744764,0.175557669190004,0,0,0
0x4255ca,JZ,103424801,0,-186,6,0x4255c7,CMP,1,Leaf,ecx(-1) r11d(MOVZX) ,rflags ,CMP,3,MOVZX,9,MOVSXD,3,LEA,4,JZ,6,ADD,3,MOVSXD,3,MOVZX,9,CMP,3,JZ,6,0,0,1,0,0,JE,0,0,1,0,0,0,JE,0,0,4347319,4347152,4347344,0,0,0,0,cpp,0.0004898426744764,0.0,0,0,0
0x4255b1,JZ,130210268,26785467,-161,6,0x4255ae,CMP,1,Leaf,ecx(-1) r11d(MOVZX) ,rflags ,CMP,3,MOVZX,9,MOVSXD,3,LEA,4,JZ,6,LEA,4,MOVSXD,3,MOVZX,9,CMP,3,JZ,6,0,0,1,0,0,JE,0,0,1,0,0,0,JE,0,0,4347294,4347152,4347319,0,0,0,0,cpp,0.0006167045554326,0.2057093300814034,0,0,0
0x425598,JZ,163914129,33703861,-136,6,0x425595,CMP,1,Leaf,ecx(-1) r11d(MOVZX) ,rflags ,CMP,3,MOVZX,9,MOVSXD,3,LEA,4,JNZ,2,LEA,4,MOVSXD,3,MOVZX,9,CMP,3,JZ,6,0,0,1,0,0,JE,0,0,1,0,0,0,JE,0,0,4347269,4347152,4347294,0,0,0,0,cpp,0.0007763334766661,0.2056190104270999,0,0,0
0x425583,JNZ,734481684,570567555,-115,2,0x42557a,CMP,1,Leaf,r14(-1) r11(MOVSXD) ,rflags ,CMP,9,MOVSXD,3,LEA,4,JZ,6,CMP,2,LEA,4,MOVSXD,3,MOVZX,9,CMP,3,JZ,6,1,1,1,0,0,JE,0,0,1,0,0,0,JE,0,0,4347251,4347152,4347269,0,0,0,0,cpp,0.003478667292234,0.7768302020721323,1,0,1
0x42556d,JZ,734481684,450511522,505,6,0x42556b,CMP,1,Leaf,edx(-1) eax(MOVZX) ,rflags ,CMP,2,MOVZX,7,MOV,8,LEA,4,MOVZX,6,LEA,4,MOVSXD,3,CMP,9,JNZ,2,LEA,4,0,1,1,0,0,JMP,1,0,0,0,1,1,JNE,0,0,4347218,4347750,4347251,0,0,1,0,cpp,0.003478667292234,0.6133733921675302,1,0,1
0x42554c,JZ,734481684,137983752,169,6,0x425543,CMP,1,Leaf,r14(-1) r11(MOVSXD) ,rflags ,CMP,9,MOVSXD,3,LEA,4,JZ,6,CMP,9,MOVZX,6,LEA,4,MOV,8,MOVZX,7,CMP,2,0,1,0,0,0,JE,0,0,1,1,0,0,JE,0,0,4347196,4347381,4347218,0,0,0,1,cpp,0.003478667292234,0.1878654771192361,0,0,0
0x425536,JZ,734481684,130215012,303,6,0x42552d,CMP,1,Leaf,r14(-1) r11(MOVSXD) ,rflags ,CMP,9,MOVSXD,3,LEA,4,JZ,6,CMP,9,LEA,4,MOVSXD,3,CMP,9,JZ,6,MOVZX,6,0,1,0,0,0,JE,0,0,1,1,0,0,JE,0,0,4347174,4347493,4347196,0,0,0,0,cpp,0.003478667292234,0.1772883038973099,0,0,0
0x425520,JZ,734481684,145011392,437,6,0x425517,CMP,1,Leaf,r14(-1) r11(MOVSXD) ,rflags ,CMP,9,MOVSXD,3,LEA,4,NOP,3,JMP,2,LEA,4,MOVSXD,3,CMP,9,JZ,6,LEA,4,0,1,0,0,0,JE,0,0,1,1,0,0,JE,0,0,4347152,4347605,4347174,0,0,0,0,cpp,0.003478667292234,0.1974336394752084,0,0,0
0x4254cf,JZ,96049112,0,-1217,6,0x4254cc,CMP,1,Leaf,edx(-1) r8d(MOVZX) ,rflags ,CMP,3,MOVZX,9,MOVSXD,3,ADD,3,JZ,6,ADD,8,JMP,5,ADD,3,MOV,7,MOV,7,0,0,1,0,0,JE,0,0,1,0,0,0,JMP,0,0,4347069,4345870,4347093,0,0,0,1,cpp,0.0004549097841935,0.0,0,0,0
0x4254b7,JZ,103824040,7774928,-1193,6,0x4254b4,CMP,1,Leaf,edx(-1) r11d(MOVZX) ,rflags ,CMP,3,MOVZX,9,MOVSXD,3,LEA,4,JZ,6,ADD,3,MOVSXD,3,MOVZX,9,CMP,3,JZ,6,0,0,1,0,0,JE,0,0,1,0,0,0,JE,0,0,4347044,4345870,4347069,0,0,0,0,cpp,0.000491733558458,0.0748856237919464,0,0,0
0x42549e,JZ,115267627,11443587,-1168,6,0x42549b,CMP,1,Leaf,edx(-1) r11d(MOVZX) ,rflags ,CMP,3,MOVZX,9,MOVSXD,3,LEA,4,JZ,6,LEA,4,MOVSXD,3,MOVZX,9,CMP,3,JZ,6,0,0,1,0,0,JE,0,0,1,0,0,0,JE,0,0,4347019,4345870,4347044,0,0,0,0,cpp,0.0005459329111035,0.0992784123160616,0,0,0
0x425485,JZ,154944888,39677261,-1143,6,0x425482,CMP,1,Leaf,edx(-1) r11d(MOVZX) ,rflags ,CMP,3,MOVZX,9,MOVSXD,3,LEA,4,JMP,5,LEA,4,MOVSXD,3,MOVZX,9,CMP,3,JZ,6,0,0,1,0,0,JE,0,0,1,0,0,0,JE,0,0,4346994,4345870,4347019,0,0,0,0,cpp,0.0007338531725516,0.2560733788132461,0,0,0
0x42545f,JZ,120999502,7229126,-1083,6,0x42545c,CMP,1,Leaf,edx(-1) r8d(MOVZX) ,rflags ,CMP,3,MOVZX,9,MOVSXD,3,ADD,3,JZ,6,ADD,8,JMP,5,LEA,4,MOVSXD,3,MOVZX,9,0,0,1,0,0,JE,0,0,1,0,0,0,JMP,0,0,4346957,4345892,4346981,0,0,0,1,cpp,0.0005730803356343,0.0597450888682169,0,0,0
0x425447,JZ,126347458,5347956,-1059,6,0x425444,CMP,1,Leaf,edx(-1) r11d(MOVZX) ,rflags ,CMP,3,MOVZX,9,MOVSXD,3,LEA,4,JZ,6,ADD,3,MOVSXD,3,MOVZX,9,CMP,3,JZ,6,0,0,1,0,0,JE,0,0,1,0,0,0,JE,0,0,4346932,4345892,4346957,0,0,0,0,cpp,0.0005984094350833,0.0423273731395529,0,0,0
0x42542e,JZ,157959548,31612090,-1034,6,0x42542b,CMP,1,Leaf,edx(-1) r11d(MOVZX) ,rflags ,CMP,3,MOVZX,9,MOVSXD,3,LEA,4,JZ,6,LEA,4,MOVSXD,3,MOVZX,9,CMP,3,JZ,6,0,0,1,0,0,JE,0,0,1,0,0,0,JE,0,0,4346907,4345892,4346932,0,0,0,0,cpp,0.0007481312673872,0.2001277567595977,0,0,0
0x425415,JZ,157959548,0,-1009,6,0x425412,CMP,1,Leaf,edx(-1) r11d(MOVZX) ,rflags ,CMP,3,MOVZX,9,MOVSXD,3,LEA,4,JMP,5,LEA,4,MOVSXD,3,MOVZX,9,CMP,3,JZ,6,0,0,1,0,0,JE,0,0,1,0,0,0,JE,0,0,4346882,4345892,4346907,0,0,0,0,cpp,0.0007481312673872,0.0,0,0,0
0x4253ef,JZ,118550535,2561091,-949,6,0x4253ec,CMP,1,Leaf,edx(-1) r8d(MOVZX) ,rflags ,CMP,3,MOVZX,9,MOVSXD,3,ADD,3,JZ,6,ADD,8,JMP,5,LEA,4,MOVSXD,3,MOVZX,9,0,0,1,0,0,JE,0,0,1,0,0,0,JMP,0,0,4346845,4345914,4346869,0,0,1,1,cpp,0.0005614814876463,0.0216033693985438,0,0,0
0x4253d7,JZ,128117058,9566523,-925,6,0x4253d4,CMP,1,Leaf,edx(-1) r11d(MOVZX) ,rflags ,CMP,3,MOVZX,9,MOVSXD,3,LEA,4,JZ,6,ADD,3,MOVSXD,3,MOVZX,9,CMP,3,JZ,6,0,0,1,0,0,JE,0,0,1,0,0,0,JE,0,0,4346820,4345914,4346845,0,0,1,0,cpp,0.0006067906510815,0.0746701738967499,0,0,0
0x4253be,JZ,128117058,0,-900,6,0x4253bb,CMP,1,Leaf,edx(-1) r11d(MOVZX) ,rflags ,CMP,3,MOVZX,9,MOVSXD,3,LEA,4,JZ,6,LEA,4,MOVSXD,3,MOVZX,9,CMP,3,JZ,6,0,0,1,0,0,JE,0,0,1,0,0,0,JE,0,0,4346795,4345914,4346820,0,0,1,0,cpp,0.0006067906510815,0.0,0,0,0
0x4253a5,JZ,150089501,21972443,-875,6,0x4253a2,CMP,1,Leaf,edx(-1) r11d(MOVZX) ,rflags ,CMP,3,MOVZX,9,MOVSXD,3,LEA,4,RET_NEAR,1,LEA,4,MOVSXD,3,MOVZX,9,CMP,3,JZ,6,0,0,1,0,0,JE,0,0,1,0,0,0,JE,0,0,4346770,4345914,4346795,0,0,1,0,cpp,0.0007108569885541,0.1463956029809173,0,0,0
0x42537c,JNZ,32913918,21598299,-212,6,0x425377,CMP,1,Leaf,rsp(-1) r10d(MOVZX) ,rflags ,CMP,5,MOV,7,ADD,4,MOVZX,8,ADD,4,POP,1,POP,1,POP,2,POP,2,POP,2,0,0,0,1,1,SUB,0,0,1,1,0,0,RET,1,0,4346707,4346536,4346754,0,1,1,0,cpp,0.0001558875769131,0.6562056513600113,1,1,1
0x425351,JNZ,131655672,98741754,-119,2,0x42534e,CMP,1,Leaf,rdi(ADD) rbp(-1) ,rflags ,CMP,3,ADD,4,MOV,4,MOVZX,7,ADD,4,MOV,8,MOV,5,ADD,4,MOVZX,8,ADD,4,0,0,0,1,1,JE,0,0,1,1,0,0,JNE,1,0,4346698,4346586,4346707,0,0,1,1,cpp,0.0006235503076527,0.75,1,1,1
0x42532c,JNZ,90727525,40596994,-12,2,0x425329,CMP,1,Leaf,rax(-1) rcx(-1) ,rflags ,CMP,3,JZ,2,CMP,3,ADD,4,JMP,2,ADD,10,MOVSXD,3,ADD,4,MOVZX,7,MOV,4,1,1,0,0,0,JE,0,0,0,0,0,0,MOV,1,0,4346665,4346656,4346670,1,0,0,1,cpp,0.0004297055741458,0.4474606135238451,0,1,0
0x425327,JZ,40596994,18109112,35,2,0x425324,CMP,1,Leaf,rax(ADD) edx(-1) ,rflags ,CMP,3,ADD,4,JMP,2,LEA,5,LEA,5,CMP,3,JNZ,2,ADD,10,MOVSXD,3,ADD,4,0,0,1,0,0,JNE,1,0,0,0,1,1,JNE,0,0,4346656,4346698,4346665,0,0,0,0,cpp,0.0001922763198419,0.4460702681582779,0,0,0
0x42530e,JZ,98741754,30502111,60,2,0x42530a,CMP,1,Leaf,rsp(-1) edx(MOVZX) ,rflags ,CMP,4,MOVZX,4,JZ,2,MOVZX,8,TEST,3,LEA,4,LEA,5,LEA,5,JMP,2,ADD,4,0,0,1,0,0,JNE,0,0,1,0,0,0,JMP,0,0,4346630,4346698,4346640,0,0,0,0,cpp,0.0004676627307395,0.3089079316942253,0,0,0
0x425304,JZ,131655672,32913918,42,2,0x4252f9,TEST,1,Leaf,r8d(XOR) r8d(XOR) ,rflags ,MOVZX,8,TEST,3,ADD,7,LEA,4,MOVSXD,3,MOVZX,4,CMP,4,JZ,2,LEA,4,LEA,5,1,1,0,0,0,MOV,0,0,1,0,0,0,JE,0,0,4346586,4346670,4346630,1,0,1,0,cpp,0.0006235503076527,0.25,0,0,0
0x425246,JNZ,235980237,92444016,-231,6,0x42523a,CMP,1,Leaf,rsp(-1) r11d(MOVZX) ,rflags ,MOV,7,CMP,5,SUB,4,ADD,4,MOV,3,MOV,5,MOV,5,MOV,5,ADD,6,JMP,5,0,0,0,1,1,SUB,0,0,1,1,0,0,JMP,1,0,4346391,4346207,4346444,0,0,1,1,cpp,0.0011176544629335,0.3917447375052852,0,1,0
0x425211,JNZ,943920948,707940711,-129,6,0x42520e,CMP,1,Leaf,rdi(ADD) r10(-1) ,rflags ,CMP,3,ADD,4,MOV,4,MOVZX,7,ADD,4,MOV,8,MOV,4,ADD,4,MOVZX,8,MOV,3,0,0,0,1,1,JE,0,0,1,1,0,0,JNE,1,0,4346378,4346256,4346391,0,0,1,1,cpp,0.0044706178517341,0.75,1,1,1
0x4251ec,JNZ,716203825,319902730,-12,2,0x4251e9,CMP,1,Leaf,rax(-1) rcx(-1) ,rflags ,CMP,3,JZ,2,CMP,3,ADD,4,NOP,10,ADD,10,MOVSXD,3,ADD,4,MOVZX,7,MOV,4,1,1,0,0,0,JE,0,0,0,0,0,0,MOV,1,0,4346345,4346336,4346350,1,0,0,1,cpp,0.0033920993196617,0.446664369601768,0,1,0
0x4251e7,JZ,319902730,77337009,35,2,0x4251e4,CMP,1,Leaf,rax(ADD) edx(-1) ,rflags ,CMP,3,ADD,4,NOP,10,JMP,2,LEA,5,CMP,3,JNZ,2,ADD,10,MOVSXD,3,ADD,4,0,0,1,0,0,JNE,1,0,0,0,1,1,JNE,0,0,4346336,4346378,4346345,0,0,0,0,cpp,0.0015151299042433,0.241751638068234,0,0,0
0x4251c4,JZ,707940711,234302607,70,2,0x4251c0,CMP,1,Leaf,rsp(-1) edx(MOVZX) ,rflags ,CMP,4,MOVZX,4,JZ,2,MOVZX,8,TEST,3,LEA,4,LEA,5,LEA,5,JMP,2,NOP,10,0,0,1,0,0,JNE,0,0,1,0,0,0,JMP,0,0,4346300,4346378,4346310,0,0,0,0,cpp,0.0033529633888006,0.330963600990027,0,0,0
0x4251ba,JZ,943920948,235980237,52,2,0x4251af,TEST,1,Leaf,r8d(XOR) r8d(XOR) ,rflags ,MOVZX,8,TEST,3,ADD,7,LEA,4,MOVSXD,3,MOVZX,4,CMP,4,JZ,2,LEA,4,LEA,5,1,1,0,0,0,MOV,0,0,1,0,0,0,JE,0,0,4346256,4346350,4346300,1,0,1,0,cpp,0.0044706178517341,0.25,0,0,0
0x425105,JNZ,917218409,773682188,-525,6,0x4250fb,CMP,1,Leaf,r14(-1) rax(MOVZX) ,rflags ,CMP,10,MOVZX,9,JMP,5,POP,2,POP,2,MOV,4,MOV,7,MOV,5,MOV,3,MOV,5,0,0,1,0,0,JNE,0,0,1,0,0,0,MOV,0,0,4346098,4345592,4346123,0,0,0,1,cpp,0.004344148736081,0.8435092235485212,1,0,1
0x4250ca,JZ,101055933,15455948,-210,6,0x4250c7,CMP,1,Leaf,edx(-1) r8d(MOVZX) ,rflags ,CMP,3,MOVZX,9,MOVSXD,3,ADD,3,JZ,6,ADD,8,JMP,5,POP,1,POP,1,POP,2,0,0,1,0,0,JE,0,0,1,0,0,0,JMP,0,0,4346040,4345848,4346064,0,0,0,1,cpp,0.0004786231930234,0.1529444886724265,0,0,0
0x4250b2,JZ,101055933,0,-186,6,0x4250af,CMP,1,Leaf,edx(-1) r11d(MOVZX) ,rflags ,CMP,3,MOVZX,9,MOVSXD,3,LEA,4,JZ,6,ADD,3,MOVSXD,3,MOVZX,9,CMP,3,JZ,6,0,0,1,0,0,JE,0,0,1,0,0,0,JE,0,0,4346015,4345848,4346040,0,0,0,0,cpp,0.0004786231930234,0.0,0,0,0
0x425099,JZ,121858050,20802117,-161,6,0x425096,CMP,1,Leaf,edx(-1) r11d(MOVZX) ,rflags ,CMP,3,MOVZX,9,MOVSXD,3,LEA,4,JZ,6,LEA,4,MOVSXD,3,MOVZX,9,CMP,3,JZ,6,0,0,1,0,0,JE,0,0,1,0,0,0,JE,0,0,4345990,4345848,4346015,0,0,0,0,cpp,0.0005771466083699,0.170707778435647,0,0,0
0x425080,JZ,153333180,31475130,-136,6,0x42507d,CMP,1,Leaf,edx(-1) r11d(MOVZX) ,rflags ,CMP,3,MOVZX,9,MOVSXD,3,LEA,4,JNZ,2,LEA,4,MOVSXD,3,MOVZX,9,CMP,3,JZ,6,0,0,1,0,0,JE,0,0,1,0,0,0,JE,0,0,4345965,4345848,4345990,0,0,0,0,cpp,0.0007262197678985,0.2052727922293139,0,0,0
0x42506b,JNZ,636302592,482969412,-115,2,0x425062,CMP,1,Leaf,r14(-1) r11(MOVSXD) ,rflags ,CMP,9,MOVSXD,3,LEA,4,JZ,6,CMP,2,LEA,4,MOVSXD,3,MOVZX,9,CMP,3,JZ,6,1,1,1,0,0,JE,0,0,1,0,0,0,JE,0,0,4345947,4345848,4345965,0,0,0,0,cpp,0.0030136694528575,0.7590247440010428,1,0,1
0x425055,JZ,636302592,320399638,1776,6,0x425053,CMP,1,Leaf,ecx(-1) eax(MOVZX) ,rflags ,CMP,2,MOVZX,7,MOV,8,LEA,4,MOVZX,6,LEA,4,MOVSXD,3,CMP,9,JNZ,2,LEA,4,0,1,1,0,0,JMP,1,0,0,0,1,1,JNE,0,0,4345914,4347717,4345947,0,0,1,0,cpp,0.0030136694528575,0.5035334478096861,1,0,1
0x425034,JZ,636302592,150089501,862,6,0x42502b,CMP,1,Leaf,r14(-1) r11(MOVSXD) ,rflags ,CMP,9,MOVSXD,3,LEA,4,JZ,6,CMP,9,MOVZX,6,LEA,4,MOV,8,MOVZX,7,CMP,2,0,1,0,0,0,JE,0,0,1,1,0,0,JE,0,0,4345892,4346770,4345914,0,0,0,1,cpp,0.0030136694528575,0.2358775571355837,0,0,0
0x42501e,JZ,636302592,157959548,996,6,0x425015,CMP,1,Leaf,r14(-1) r11(MOVSXD) ,rflags ,CMP,9,MOVSXD,3,LEA,4,JZ,6,CMP,9,LEA,4,MOVSXD,3,CMP,9,JZ,6,MOVZX,6,0,1,0,0,0,JE,0,0,1,1,0,0,JE,0,0,4345870,4346882,4345892,0,0,0,0,cpp,0.0030136694528575,0.2482459603119139,0,0,0
0x425008,JZ,636302592,154944888,1130,6,0x424fff,CMP,1,Leaf,r14(-1) r11(MOVSXD) ,rflags ,CMP,9,MOVSXD,3,LEA,4,NOP,4,JMP,2,LEA,4,MOVSXD,3,CMP,9,JZ,6,LEA,4,0,1,0,0,0,JE,0,0,1,1,0,0,JE,0,0,4345848,4346994,4345870,0,0,0,0,cpp,0.0030136694528575,0.2435081829746813,0,0,0
0x424fc3,JB,770911160,450511522,1311,6,0x424fbf,CMP,1,Leaf,ax(MOVZX) r8w(MOVZX) ,rflags ,CMP,4,MOVZX,8,MOVZX,7,LEA,4,LEA,4,ADD,3,MOV,7,MOV,7,MOV,7,MOV,7,0,1,0,0,0,JMP,0,0,1,0,0,0,JMP,0,0,4345765,4347106,4345801,1,1,1,1,cpp,0.0036512053274159,0.5843883775142131,1,1,1
0x424f9f,JZ,946412469,175501309,-167,6,0x424f9d,CMP,1,Leaf,edx(MOVZX) ecx(MOVZX) ,rflags ,CMP,2,MOV,5,MOVZX,3,MOV,5,MOVZX,3,MOVZX,3,LEA,4,LEA,4,MOVZX,7,MOVZX,8,0,0,1,0,0,JNE,0,0,1,0,0,0,JB,0,0,4345720,4345592,4345765,0,0,0,0,cpp,0.0044824182448541,0.1854385003881431,0,0,0
0x424f76,JNZ,946412469,0,-126,2,0x424f72,CMP,1,Leaf,rsp(-1) eax(-1) ,rflags ,CMP,4,JZ,6,CMP,4,RET_NEAR,1,POP,2,MOV,5,MOVZX,9,MOVZX,7,MOVZX,3,MOV,5,0,0,1,0,0,JNE,0,0,1,0,0,0,JE,0,0,4345714,4345592,4345720,0,0,0,1,cpp,0.0044824182448541,0.0,0,0,0
0x424f6c,JZ,1863630878,917218409,390,6,0x424f68,CMP,1,Leaf,eax(-1) rsp(-1) ,rflags ,CMP,4,RET_NEAR,1,POP,2,MOV,5,POP,2,CMP,4,JNZ,2,MOV,5,MOVZX,9,MOVZX,7,0,1,0,0,0,JNE,0,0,1,0,0,0,JNE,0,0,4345704,4346098,4345714,0,0,0,0,cpp,0.0088265669809351,0.4921674242617909,0,0,0
0x424f52,JZ,757368022,11315619,788,6,0x424f48,CMP,1,Leaf,r14(-1) rax(MOVZX) ,rflags ,CMP,10,MOVZX,7,MOV,5,MOVZX,7,MOV,9,POP,1,POP,1,POP,2,POP,2,POP,2,0,1,0,0,0,NOP,0,0,1,0,0,0,RET,0,0,4345603,4346470,4345688,0,0,1,0,cpp,0.0035870620380444,0.0149407139875256,0,0,0
0x424f01,JNZ,3029472088,2272104066,-42,2,0x424efc,CMP,1,Leaf,rbp(ADD) rsp(-1) ,rflags ,CMP,5,ADD,4,JLE,2,CMP,3,MOV,8,MOV,7,MOV,5,LEA,4,MOVZX,7,MOVSXD,3,0,0,0,1,1,JLE,0,0,1,1,0,0,JE,1,0,4345592,4345559,4345603,0,0,0,1,cpp,0.0143482481521779,0.75,1,1,1
0x424ef6,JLE,3029472088,1863630878,114,2,0x424ef3,CMP,1,Leaf,eax(MOV) ,rflags ,CMP,3,MOV,8,MOVSXD,3,ADD,3,MOV,8,ADD,4,CMP,5,JNZ,2,MOV,7,MOV,5,1,1,0,0,0,JE,0,0,1,1,0,0,JNE,0,0,4345559,4345704,4345592,0,0,0,0,cpp,0.0143482481521779,0.6151668752394196,1,0,1
0x424ec1,JNZ,3029472088,2272104066,-130,6,0x424ebe,CMP,1,Leaf,rdi(ADD) rbp(-1) ,rflags ,CMP,3,ADD,4,MOV,4,MOVZX,7,ADD,4,MOVZX,4,MOV,3,MOV,5,MOV,4,MOV,3,0,0,0,1,1,JE,0,0,1,1,0,0,MOV,1,0,4345530,4345407,4345543,0,0,1,1,cpp,0.0143482481521779,0.75,1,1,1
0x424e9c,JNZ,2615445784,1212159015,-12,2,0x424e99,CMP,1,Leaf,rax(-1) rcx(-1) ,rflags ,CMP,3,JZ,2,CMP,3,ADD,4,NOP,10,SUB,10,MOVSXD,3,ADD,4,MOVZX,7,MOV,4,1,1,0,0,0,JE,0,0,0,0,0,0,MOV,1,0,4345497,4345488,4345502,1,0,0,1,cpp,0.0123873282365094,0.4634617251159965,0,1,0
0x424e97,JZ,1212159015,298321848,35,2,0x424e94,CMP,1,Leaf,rax(ADD) edx(-1) ,rflags ,CMP,3,ADD,4,NOP,10,JMP,2,LEA,5,CMP,3,JNZ,2,SUB,10,MOVSXD,3,ADD,4,0,0,1,0,0,JNE,1,0,0,0,1,1,JNE,0,0,4345488,4345530,4345497,0,0,0,0,cpp,0.0057410525140707,0.2461078491422183,0,0,0
0x424e74,JZ,2272104066,570495449,70,2,0x424e70,CMP,1,Leaf,rsp(-1) edx(MOVZX) ,rflags ,CMP,4,MOVZX,4,JZ,2,MOVZX,8,TEST,3,LEA,4,LEA,5,LEA,5,JMP,2,NOP,10,0,0,1,0,0,JNE,0,0,1,0,0,0,JMP,0,0,4345452,4345530,4345462,0,0,0,0,cpp,0.0107611861141334,0.2510868483257227,0,0,0
0x424e6a,JZ,3029472088,757368022,52,2,0x424e5f,TEST,1,Leaf,r8d(-1) r8d(-1) ,rflags ,MOVZX,8,TEST,3,ADD,8,LEA,4,MOVSXD,3,MOVZX,4,CMP,4,JZ,2,LEA,4,LEA,5,1,1,0,0,0,MOV,0,0,1,0,0,0,JE,0,0,4345407,4345502,4345452,1,0,1,0,cpp,0.0143482481521779,0.25,0,0,0
0x424dbc,JNZ,791662684,34294662,801,6,0x424dba,TEST,1,Leaf,edi(AND) edi(AND) ,rflags ,TEST,2,AND,2,MOV,4,MOVZX,7,MOV,5,MOV,2,MOV,5,SAR,3,AND,3,MOV,5,0,1,0,0,0,JMP,0,0,1,0,0,0,MOV,0,0,4345216,4346077,4345282,0,0,0,1,cpp,0.0037494891231528,0.0433197909831,0,0,0
0x424d66,JNZ,101229832,61905870,-230,6,0x424d5b,CMP,1,Leaf,rsp(-1) r11d(MOVZX) ,rflags ,MOV,6,CMP,5,SUB,4,ADD,4,MOV,2,ADD,4,MOV,4,MOV,5,JMP,5,INVALID,0,0,0,0,1,1,SUB,0,0,1,1,0,0,JMP,1,0,4345143,4344960,4345196,0,0,1,1,cpp,0.0004794468170519,0.611537812292329,1,1,1
0x424d31,JNZ,404919328,303689496,-127,6,0x424d2e,CMP,1,Leaf,r8(ADD) r15(-1) ,rflags ,CMP,3,ADD,4,MOV,4,MOVZX,7,ADD,4,MOV,9,MOV,5,ADD,3,MOVZX,9,MOV,2,0,0,0,1,1,JE,0,0,1,1,0,0,JNE,1,0,4345130,4345010,4345143,0,0,1,1,cpp,0.0019177872682077,0.75,1,1,1
0x424d0c,JNZ,352531872,164142514,-12,2,0x424d09,CMP,1,Leaf,rax(-1) rcx(-1) ,rflags ,CMP,3,JZ,2,CMP,3,ADD,4,NOP,8,ADD,10,MOVSXD,3,ADD,4,MOVZX,7,MOV,4,1,1,0,0,0,JE,0,0,0,0,0,0,MOV,1,0,4345097,4345088,4345102,1,0,0,1,cpp,0.0016696687191949,0.4656104228783036,0,1,0
0x424d07,JZ,164142514,44043376,35,2,0x424d04,CMP,1,Leaf,rax(ADD) edx(-1) ,rflags ,CMP,3,ADD,4,NOP,8,JMP,2,LEA,5,CMP,3,JNZ,2,ADD,10,MOVSXD,3,ADD,4,0,0,1,0,0,JNE,1,0,0,0,1,1,JNE,0,0,4345088,4345130,4345097,0,0,0,0,cpp,0.000777415158411,0.2683240004475622,0,0,0
0x424ce6,JZ,303689496,71256762,68,2,0x424ce2,CMP,1,Leaf,rsp(-1) edx(MOVZX) ,rflags ,CMP,4,MOVZX,4,JZ,2,MOVZX,8,TEST,3,LEA,4,LEA,5,LEA,5,JMP,2,NOP,8,0,0,1,0,0,JNE,0,0,1,0,0,0,JMP,0,0,4345054,4345130,4345064,0,0,0,0,cpp,0.0014383404511558,0.2346369003161044,0,0,0
0x424cdc,JZ,404919328,101229832,50,2,0x424cd1,TEST,1,Leaf,r9d(XOR) r9d(XOR) ,rflags ,MOVZX,8,TEST,3,ADD,7,LEA,4,MOVSXD,3,MOVZX,4,CMP,4,JZ,2,LEA,4,LEA,5,1,1,0,0,0,MOV,0,0,1,0,0,0,JE,0,0,4345010,4345102,4345054,1,0,1,0,cpp,0.0019177872682077,0.25,0,0,0
0x424beb,JNZ,137178648,102883986,-57,2,0x424be6,CMP,1,Leaf,rsp(-1) r15(-1) ,rflags ,CMP,5,ADD,6,JZ,2,CMP,9,MOVZX,8,MOV,4,MOV,5,SUB,3,MOVZX,7,MOV,6,0,0,0,1,1,JE,0,0,1,1,0,0,RET,1,0,4344800,4344754,4344813,0,1,1,1,cpp,0.0006497083404335,0.75,1,1,1
0x424bde,JZ,137178648,39323962,106,2,0x424bd5,CMP,1,Leaf,rdi(-1) rdx(MOVZX) ,rflags ,CMP,9,MOVZX,8,MOV,4,MOVSXD,3,ADD,8,ADD,6,CMP,5,JNZ,2,MOV,4,MOV,5,1,1,0,0,0,NOP,0,0,1,1,0,0,JNE,0,0,4344754,4344904,4344800,0,0,1,1,cpp,0.0006497083404335,0.2866624111939053,0,0,0
0x424b99,JNZ,137178648,102883986,-121,2,0x424b96,CMP,1,Leaf,r9(ADD) r15(-1) ,rflags ,CMP,3,ADD,4,MOV,4,MOVZX,7,ADD,4,MOV,6,MOV,5,MOV,8,MOV,4,MOV,5,0,0,0,1,1,JE,0,0,1,1,0,0,MOV,1,0,4344722,4344608,4344731,0,0,1,1,cpp,0.0006497083404335,0.75,1,1,1
0x424b74,JNZ,119561709,55738548,-12,2,0x424b71,CMP,1,Leaf,rax(-1) rcx(-1) ,rflags ,CMP,3,JZ,2,CMP,3,ADD,4,NOP,3,SUB,10,MOVSXD,3,ADD,4,MOVZX,7,MOV,4,1,1,0,0,0,JE,0,0,0,0,0,0,MOV,1,0,4344689,4344680,4344694,1,0,0,1,cpp,0.0005662706307893,0.4661906262982574,0,1,0
0x424b6f,JZ,55738548,13246965,35,2,0x424b6c,CMP,1,Leaf,rax(ADD) edx(-1) ,rflags ,CMP,3,ADD,4,NOP,3,JMP,2,LEA,5,CMP,3,JNZ,2,SUB,10,MOVSXD,3,ADD,4,0,0,1,0,0,JNE,1,0,0,0,1,1,JNE,0,0,4344680,4344722,4344689,0,0,0,0,cpp,0.0002639900600219,0.2376625419090572,0,0,0
0x424b53,JZ,102883986,25813860,63,2,0x424b4f,CMP,1,Leaf,rsp(-1) edx(MOVZX) ,rflags ,CMP,4,MOVZX,4,JZ,2,MOVZX,8,TEST,3,LEA,4,LEA,5,LEA,5,JMP,2,NOP,3,0,0,1,0,0,JNE,0,0,1,0,0,0,JMP,0,0,4344651,4344722,4344661,0,0,0,0,cpp,0.0004872812553251,0.2509026040262476,0,0,0
0x424b49,JZ,137178648,34294662,45,2,0x424b3e,TEST,1,Leaf,r10d(-1) r10d(-1) ,rflags ,MOVZX,8,TEST,3,ADD,7,LEA,4,MOVSXD,3,MOVZX,4,CMP,4,JZ,2,LEA,4,LEA,5,1,1,0,0,0,MOV,0,0,1,0,0,0,JE,0,0,4344608,4344694,4344651,1,0,1,0,cpp,0.0006497083404335,0.25,0,0,0
0x424a5a,JZ,6041703,0,-516,6,0x424a58,CMP,1,Leaf,esi(-1) ecx(MOVZX) ,rflags ,CMP,2,MOVZX,8,MOVSXD,3,ADD,2,JZ,6,ADD,9,JMP,5,NOP,2,MOVZX,9,MOVZX,8,0,0,1,0,0,JE,0,0,1,0,0,0,JMP,0,0,4344395,4343894,4344416,0,0,0,1,cpp,2.8614838291178255e-05,0.0,0,0,0
0x424a45,JZ,6658612,616909,-495,6,0x424a42,CMP,1,Leaf,esi(-1) r13d(MOVZX) ,rflags ,CMP,3,MOVZX,9,MOVSXD,3,LEA,4,JZ,6,ADD,2,MOVSXD,3,MOVZX,8,CMP,2,JZ,6,0,0,1,0,0,JE,0,0,1,0,0,0,JE,0,0,4344370,4343894,4344395,0,0,0,0,cpp,3.1536655413829354e-05,0.0926482876611522,0,0,0
0x424a2c,JZ,6917812,259200,-470,6,0x424a29,CMP,1,Leaf,esi(-1) r13d(MOVZX) ,rflags ,CMP,3,MOVZX,9,MOVSXD,3,LEA,4,JZ,6,LEA,4,MOVSXD,3,MOVZX,9,CMP,3,JZ,6,0,0,1,0,0,JE,0,0,1,0,0,0,JE,0,0,4344345,4343894,4344370,0,0,0,0,cpp,3.2764283796931505e-05,0.0374684943736545,0,0,0
0x424a13,JZ,8439658,1521846,-445,6,0x424a10,CMP,1,Leaf,esi(-1) r13d(MOVZX) ,rflags ,CMP,3,MOVZX,9,MOVSXD,3,LEA,4,NOP,2,LEA,4,MOVSXD,3,MOVZX,9,CMP,3,JZ,6,0,0,1,0,0,JE,0,0,1,0,0,0,JE,0,0,4344320,4343894,4344345,0,0,0,0,cpp,3.9972082193191045e-05,0.1803208139476741,0,0,0
0x4249ea,JZ,6992408,709485,-382,6,0x4249e8,CMP,1,Leaf,esi(-1) ecx(MOVZX) ,rflags ,CMP,2,MOVZX,8,MOVSXD,3,ADD,2,JZ,6,ADD,9,JMP,5,NOP,2,LEA,4,MOVSXD,3,0,0,1,0,0,JE,0,0,1,0,0,0,JMP,0,0,4344283,4343916,4344304,0,0,0,1,cpp,3.311758690984002e-05,0.1014650460899878,0,0,0
0x4249d5,JZ,7358338,365930,-361,6,0x4249d2,CMP,1,Leaf,esi(-1) r13d(MOVZX) ,rflags ,CMP,3,MOVZX,9,MOVSXD,3,LEA,4,JZ,6,ADD,2,MOVSXD,3,MOVZX,8,CMP,2,JZ,6,0,0,1,0,0,JE,0,0,1,0,0,0,JE,0,0,4344258,4343916,4344283,0,0,0,0,cpp,3.4850712119055185e-05,0.0497299797861962,0,0,0
0x4249bc,JZ,8423223,1064885,-336,6,0x4249b9,CMP,1,Leaf,esi(-1) r13d(MOVZX) ,rflags ,CMP,3,MOVZX,9,MOVSXD,3,LEA,4,JZ,6,LEA,4,MOVSXD,3,MOVZX,9,CMP,3,JZ,6,0,0,1,0,0,JE,0,0,1,0,0,0,JE,0,0,4344233,4343916,4344258,0,0,0,0,cpp,3.989424240740292e-05,0.1264225107182844,0,0,0
0x4249a3,JZ,8423223,0,-311,6,0x4249a0,CMP,1,Leaf,esi(-1) r13d(MOVZX) ,rflags ,CMP,3,MOVZX,9,MOVSXD,3,LEA,4,NOP,2,LEA,4,MOVSXD,3,MOVZX,9,CMP,3,JZ,6,0,0,1,0,0,JE,0,0,1,0,0,0,JE,0,0,4344208,4343916,4344233,0,0,0,0,cpp,3.989424240740292e-05,0.0,0,0,0
0x42497a,JZ,6238623,65018,-249,6,0x424978,CMP,1,Leaf,esi(-1) ecx(MOVZX) ,rflags ,CMP,2,MOVZX,8,MOVSXD,3,ADD,2,JZ,6,ADD,9,JMP,5,NOP,2,LEA,4,MOVSXD,3,0,0,1,0,0,JE,0,0,1,0,0,0,JMP,0,0,4344171,4343937,4344192,0,0,1,1,cpp,2.9547494854451697e-05,0.0104218511040016,0,0,0
0x424965,JZ,6706794,468171,-228,6,0x424962,CMP,1,Leaf,esi(-1) r13d(MOVZX) ,rflags ,CMP,3,MOVZX,9,MOVSXD,3,LEA,4,JZ,6,ADD,2,MOVSXD,3,MOVZX,8,CMP,2,JZ,6,0,0,1,0,0,JE,0,0,1,0,0,0,JE,0,0,4344146,4343937,4344171,0,0,1,0,cpp,3.176485599544443e-05,0.0698054838123848,0,0,0
0x42494c,JZ,6706794,0,-203,6,0x424949,CMP,1,Leaf,esi(-1) r13d(MOVZX) ,rflags ,CMP,3,MOVZX,9,MOVSXD,3,LEA,4,JZ,6,LEA,4,MOVSXD,3,MOVZX,9,CMP,3,JZ,6,0,0,1,0,0,JE,0,0,1,0,0,0,JE,0,0,4344121,4343937,4344146,0,0,1,0,cpp,3.176485599544443e-05,0.0,0,0,0
0x424933,JZ,7685406,978612,-178,6,0x424930,CMP,1,Leaf,esi(-1) r13d(MOVZX) ,rflags ,CMP,3,MOVZX,9,MOVSXD,3,LEA,4,NOP,5,LEA,4,MOVSXD,3,MOVZX,9,CMP,3,JZ,6,0,0,1,0,0,JE,0,0,1,0,0,0,JE,0,0,4344096,4343937,4344121,0,0,1,0,cpp,3.639977832277607e-05,0.1273338064378121,0,0,0
0x424907,JZ,6033900,737845,-199,6,0x424905,CMP,1,Leaf,esi(-1) ecx(MOVZX) ,rflags ,CMP,2,MOVZX,8,MOVSXD,3,ADD,2,JZ,6,ADD,9,JMP,5,NOP,5,LEA,4,MOVSXD,3,0,0,1,0,0,JE,0,0,1,0,0,0,JMP,0,0,4344056,4343872,4344077,0,0,0,1,cpp,2.8577881561728623e-05,0.1222832662125656,0,0,0
0x4248f2,JZ,6033900,0,-178,6,0x4248ef,CMP,1,Leaf,esi(-1) r13d(MOVZX) ,rflags ,CMP,3,MOVZX,9,MOVSXD,3,LEA,4,JZ,6,ADD,2,MOVSXD,3,MOVZX,8,CMP,2,JZ,6,0,0,1,0,0,JE,0,0,1,0,0,0,JE,0,0,4344031,4343872,4344056,0,0,0,0,cpp,2.8577881561728623e-05,0.0,0,0,0
0x4248d9,JZ,6857723,823823,-153,6,0x4248d6,CMP,1,Leaf,esi(-1) r13d(MOVZX) ,rflags ,CMP,3,MOVZX,9,MOVSXD,3,LEA,4,JZ,6,LEA,4,MOVSXD,3,MOVZX,9,CMP,3,JZ,6,0,0,1,0,0,JE,0,0,1,0,0,0,JE,0,0,4344006,4343872,4344031,0,0,0,0,cpp,3.247968903646767e-05,0.1201306906096965,0,0,0
0x4248c0,JZ,7592637,734914,-128,6,0x4248bd,CMP,1,Leaf,esi(-1) r13d(MOVZX) ,rflags ,CMP,3,MOVZX,9,MOVSXD,3,LEA,4,JNZ,2,LEA,4,MOVSXD,3,MOVZX,9,CMP,3,JZ,6,0,0,1,0,0,JE,0,0,1,0,0,0,JE,0,0,4343981,4343872,4344006,0,0,0,0,cpp,3.59604038726526e-05,0.0967929850985895,0,0,0
0x4248ab,JNZ,29480956,21888319,-107,2,0x4248a2,CMP,1,Leaf,rdi(-1) r13(MOVSXD) ,rflags ,CMP,9,MOVSXD,3,LEA,4,JZ,6,CMP,2,LEA,4,MOVSXD,3,MOVZX,9,CMP,3,JZ,6,1,1,1,0,0,JE,0,0,1,0,0,0,JE,0,0,4343963,4343872,4343981,0,0,0,0,cpp,0.0001396283115223,0.7424562147848937,1,0,1
0x424895,JZ,29480956,22715198,475,6,0x424893,CMP,1,Leaf,eax(MOVZX) edx(-1) ,rflags ,CMP,2,MOVZX,7,MOV,7,LEA,4,JZ,6,LEA,4,MOVSXD,3,CMP,9,JNZ,2,LEA,4,0,1,1,0,0,RET,1,0,0,0,1,1,JNE,0,0,4343937,4344432,4343963,0,0,1,0,cpp,0.0001396283115223,0.7705041179804346,1,0,1
0x42487b,JZ,29480956,7685406,165,6,0x424872,CMP,1,Leaf,rdi(-1) r13(MOVSXD) ,rflags ,CMP,9,MOVSXD,3,LEA,3,JZ,6,CMP,9,LEA,4,MOV,7,MOVZX,7,CMP,2,JZ,6,0,1,0,0,0,JE,0,0,1,1,0,0,JE,0,0,4343916,4344096,4343937,0,0,0,1,cpp,0.0001396283115223,0.2606905284889675,0,0,0
0x424866,JZ,29480956,8423223,298,6,0x42485d,CMP,1,Leaf,rdi(-1) r13(MOVSXD) ,rflags ,CMP,9,MOVSXD,3,LEA,4,JZ,6,CMP,9,LEA,3,MOVSXD,3,CMP,9,JZ,6,LEA,4,0,1,0,0,0,JE,0,0,1,1,0,0,JE,0,0,4343894,4344208,4343916,0,0,0,0,cpp,0.0001396283115223,0.2857174306016399,0,0,0
0x424850,JZ,29480956,8439658,432,6,0x424847,CMP,1,Leaf,rdi(-1) r13(MOVSXD) ,rflags ,CMP,9,MOVSXD,3,LEA,4,NOP,9,JMP,2,LEA,4,MOVSXD,3,CMP,9,JZ,6,LEA,3,0,1,0,0,0,JE,0,0,1,1,0,0,JE,0,0,4343872,4344320,4343894,0,0,0,0,cpp,0.0001396283115223,0.2862749091311692,0,0,0
0x424215,JNZ,14790,13820,-29,2,0x424213,CMP,1,NonLeaf,ebx(-1) ebp(-1) ,rflags ,CMP,2,CALL_NEAR,5,ADD,3,MOV,5,XOR,2,ADD,4,MOV,5,XOR,2,POP,1,POP,1,0,0,0,1,1,JLE,0,0,0,1,0,0,JMP,1,0,4342291,4342264,4342295,0,0,0,0,cpp,7.00487028783981e-08,0.9344151453684922,1,1,1
0x4241fb,JLE,14790,7760,142,6,0x4241f8,CMP,1,NonLeaf,ebx(-1) ,rflags ,CMP,3,NOP,6,JLE,2,TEST,2,CALL_NEAR,5,LEA,3,XOR,2,MOV,5,ADD,3,CALL_NEAR,5,1,1,0,0,0,JMP,0,0,1,0,0,0,LEA,0,0,4342264,4342409,4342273,0,0,0,0,cpp,7.00487028783981e-08,0.5246788370520622,1,0,1
0x4241f0,JLE,970,0,39,2,0x4241ee,TEST,1,NonLeaf,ebp(-1) ebp(-1) ,rflags ,TEST,2,CALL_NEAR,5,XOR,2,MOV,5,XOR,2,NOP,6,CMP,3,JLE,6,LEA,3,XOR,2,0,1,1,0,0,JMP,0,0,1,0,0,0,NOP,0,0,4342254,4342295,4342258,0,0,0,0,cpp,4.5941339954054205e-09,0.0,0,0,0
0x4241da,JNZ,14790,13820,-386,6,0x4241d7,SUB,1,NonLeaf,ebx(SUB) ,ebx rflags ,SUB,3,SUB,4,CALL_NEAR,5,MOV,5,XOR,2,XOR,2,MOV,5,XOR,2,CALL_NEAR,5,TEST,2,0,0,0,1,1,CALL,0,1,0,1,0,0,CALL,1,1,4342227,4341848,4342240,0,0,1,1,cpp,7.00487028783981e-08,0.9344151453684922,1,1,1
0x4241c3,JNLE,898,898,-114,2,0x4241c0,CMP,1,NonLeaf,ebp(-1) r14d(-1) ,rflags ,CMP,3,CALL_NEAR,5,ADD,4,MOV,5,XOR,2,MOV,2,XOR,2,MOV,5,CALL_NEAR,5,SUB,4,0,0,0,1,1,JE,0,0,0,1,0,0,CALL,1,1,4342208,4342097,4342213,0,0,0,1,cpp,4.253126111210378e-09,1.0,1,1,1
0x42417e,JNZ,192415,135791,-222,6,0x42417c,TEST,1,NonLeaf,edi(-1) edi(-1) ,rflags ,TEST,2,JZ,6,CMP,3,MOV,8,MOVSXD,3,MOV,5,XOR,2,CALL_NEAR,5,JMP,2,NOP,6,0,1,0,0,0,JE,0,0,1,0,0,0,CALL,0,1,4342140,4341920,4342148,0,0,0,1,cpp,9.113198894081793e-07,0.7057194085700179,1,0,1
0x424176,JZ,248250,55835,218,6,0x424173,CMP,1,NonLeaf,edi(MOV) ,rflags ,CMP,3,MOV,8,MOVSXD,3,ADD,3,IMUL,3,TEST,2,JNZ,6,MOV,5,XOR,2,CALL_NEAR,5,1,1,0,0,0,CALL,0,1,1,0,0,0,JNE,0,0,4342097,4342352,4342140,0,0,1,0,cpp,1.1757667673808202e-06,0.2249144008056394,0,0,0
0x42414f,JLE,247352,14790,118,2,0x42414c,CMP,1,NonLeaf,ebp(-1) r14d(ADD) ,rflags ,CMP,3,ADD,4,CALL_NEAR,5,XOR,2,MOV,5,MOV,7,LEA,4,MOV,3,LEA,3,IMUL,3,0,0,1,0,0,CALL,1,1,0,0,1,1,JE,0,0,4342088,4342213,4342097,0,0,1,0,cpp,1.1715136412696097e-06,0.0597933309615446,0,0,0
0x42413a,JZ,232575,898,118,2,0x424137,CMP,1,NonLeaf,esi(ADD) r12d(-1) ,rflags ,CMP,3,ADD,3,JZ,2,CMP,5,JZ,6,MOV,5,XOR,2,CALL_NEAR,5,ADD,4,CMP,3,0,1,0,0,0,CALL,0,1,0,0,0,0,CALL,0,1,4342068,4342192,4342076,0,0,1,1,cpp,1.1015265092591911e-06,0.003861120068795,0,0,0
0x424132,JZ,247291,14716,10,2,0x42412d,CMP,1,NonLeaf,rsp(-1) r14d(-1) ,rflags ,CMP,5,JZ,6,CMP,3,LEA,4,IMUL,3,ADD,3,CMP,3,JZ,2,MOV,5,XOR,2,0,1,0,0,0,CALL,0,1,1,0,0,0,JE,0,0,4342061,4342076,4342068,1,0,1,0,cpp,1.1712247318121669e-06,0.0595088377660327,0,0,0
0x424127,JZ,248250,959,273,6,0x424124,CMP,1,NonLeaf,r12d(-1) esi(LEA) ,rflags ,CMP,3,LEA,4,IMUL,3,ADD,3,MOV,7,CMP,5,JZ,2,ADD,3,CMP,3,JZ,2,0,1,0,0,0,CALL,0,1,1,0,0,0,JE,0,0,4342035,4342328,4342061,0,0,1,0,cpp,1.1757667673808202e-06,0.0038630412890231,0,0,0
0x424101,JLE,135791,132387,151,6,0x4240fe,CMP,1,NonLeaf,edi(ADD) ,rflags ,CMP,3,ADD,2,SETZ,3,CMP,4,XOR,2,MOV,5,XOR,2,CALL_NEAR,5,MOV,7,ADD,3,0,0,0,0,0,CALL,0,1,1,0,0,0,CALL,0,1,4342003,4342168,4342023,0,0,1,1,cpp,6.431361333712343e-07,0.974932064717102,1,0,1
0x4240e2,JZ,135791,7396,390,6,0x4240de,CMP,1,NonLeaf,rsp(-1) edx(-1) ,rflags ,CMP,4,ADD,2,MOVZX,3,SETZ,3,CMP,4,XOR,2,CMP,4,SETZ,3,ADD,2,XOR,2,0,1,0,0,0,JMP,0,0,1,0,0,0,ADD,0,0,4341970,4342376,4341992,0,0,0,0,cpp,6.431361333712343e-07,0.0544660544513259,0,0,0
0x4240c6,JZ,135791,5732,12,2,0x4240c2,CMP,1,NonLeaf,rsp(-1) eax(IDIV) ,rflags ,CMP,4,IDIV,2,CDQ,1,MOV,5,ADD,4,XOR,2,CMP,4,SETZ,4,CMP,4,SETZ,3,0,1,1,0,0,JE,0,0,1,0,0,0,SETE,0,0,4341942,4341970,4341960,1,0,0,0,cpp,6.431361333712343e-07,0.0422119286256084,0,0,0
0x4240b0,JLE,135791,0,232,6,0x4240ac,CMP,1,NonLeaf,ebp(-1) ,rflags ,NOP,1,CMP,3,JZ,6,TEST,2,MOV,4,ADD,4,MOV,5,CDQ,1,IDIV,2,CMP,4,0,0,0,0,0,CALL,0,1,1,0,0,0,JE,0,0,4341932,4342168,4341942,0,0,1,0,cpp,6.431361333712343e-07,0.0,0,0,0
0x4240a6,JZ,135791,0,242,6,0x4240a4,TEST,1,NonLeaf,edx(MOV) edx(MOV) ,rflags ,TEST,2,MOV,4,NOP,5,JMP,5,JNLE,6,CMP,3,NOP,1,JLE,6,ADD,4,MOV,5,0,1,0,0,0,CALL,0,1,1,0,0,0,JLE,0,0,4341920,4342168,4341932,0,0,1,0,cpp,6.431361333712343e-07,0.0,0,0,0
0x424090,JNLE,14790,14790,193,6,0x42408e,TEST,1,NonLeaf,ebp(-1) ebp(-1) ,rflags ,TEST,2,XOR,3,CALL_NEAR,5,XOR,2,MOV,5,JMP,5,NOP,5,MOV,4,TEST,2,JZ,6,0,1,0,1,0,JE,0,0,1,0,0,0,JMP,0,0,4341899,4342097,4341910,0,0,0,0,cpp,7.00487028783981e-08,1.0,1,0,1
0x424079,JZ,14790,61,503,6,0x424076,CMP,1,NonLeaf,r12d(-1) eax(ADD) ,rflags ,CMP,3,ADD,3,IMUL,3,ADD,3,MOV,7,MOV,5,XOR,2,CALL_NEAR,5,XOR,3,TEST,2,0,1,0,0,0,CALL,0,1,1,0,0,0,CALL,0,1,4341862,4342384,4341887,0,0,1,1,cpp,7.00487028783981e-08,0.0041244083840432,0,0,0
0x424014,JS,970,0,460,6,0x42400d,SUB,1,NonLeaf,eax(SUB) ,eax rflags ,MOV,4,SUB,3,MOV,2,CALL_NEAR,5,MOV,5,MOV,2,MOV,2,MOV,2,AND,3,MOV,4,0,1,1,0,0,CALL,0,1,1,0,0,0,NOP,0,0,4341771,4342240,4341786,0,1,1,1,cpp,4.5941339954054205e-09,0.0,0,0,0
0x423ffd,JNZ,14790,13820,-29,2,0x423ffb,CMP,1,NonLeaf,ebx(-1) ebp(-1) ,rflags ,CMP,2,CALL_NEAR,5,ADD,3,MOV,5,XOR,2,XOR,2,MOV,5,CALL_NEAR,5,MOV,2,SUB,3,0,0,0,1,1,JLE,0,0,0,1,0,0,CALL,1,1,4341755,4341728,4341759,0,0,0,1,cpp,7.00487028783981e-08,0.9344151453684922,1,1,1
0x423fe3,JLE,14790,7760,670,6,0x423fe0,CMP,1,NonLeaf,ebx(-1) ,rflags ,CMP,3,NOP,4,JLE,2,TEST,2,CALL_NEAR,5,LEA,3,XOR,2,MOV,5,ADD,3,CALL_NEAR,5,1,1,0,0,0,JMP,0,0,1,0,0,0,LEA,0,0,4341728,4342401,4341737,0,0,0,0,cpp,7.00487028783981e-08,0.5246788370520622,1,0,1
0x423fda,JLE,970,0,37,2,0x423fd8,TEST,1,NonLeaf,ebp(-1) ebp(-1) ,rflags ,TEST,2,CALL_NEAR,5,MOV,5,MOV,6,SUB,4,NOP,4,CMP,3,JLE,6,LEA,3,XOR,2,0,1,1,0,0,CALL,0,1,1,0,0,0,NOP,0,0,4341720,4341759,4341724,0,0,1,0,cpp,4.5941339954054205e-09,0.0,0,0,0
0x423a32,JNZ,80526948,78691439,-35,2,0x423a2f,CMP,1,Leaf,rax(ADD) r8(-1) ,rflags ,CMP,3,ADD,4,ADD,4,JNZ,2,CMP,3,CVTSI2SS,5,CVTSI2SS,4,ADDSS,4,SUBSS,4,MOVAPS,3,0,0,0,1,1,JNE,0,0,0,1,0,0,RET,1,0,4340263,4340239,4340276,0,0,0,0,cpp,0.0003813933910856,0.9772062763386984,1,1,1
0x423a25,JNZ,204385573,123858625,-45,2,0x423a22,CMP,1,Leaf,edx(AND) ,rflags ,CMP,3,AND,3,SHR,3,MOV,2,MOVZX,8,ADD,4,ADD,4,CMP,3,JNZ,2,CVTSI2SS,5,1,1,0,0,0,JE,0,0,1,0,0,0,JNE,0,0,4340239,4340216,4340263,0,0,0,0,cpp,0.00096801516401,0.606004734981955,1,0,1
0x423a0d,JZ,123858625,4262808,39,2,0x423a0a,CMP,1,Leaf,rax(ADD) r8(-1) ,rflags ,CMP,3,ADD,2,ADD,4,SETZ,3,CMP,4,MOVZX,3,MOVZX,8,MOV,2,SHR,3,AND,3,0,0,1,0,0,RET,1,0,0,0,1,1,JNE,0,0,4340216,4340276,4340239,0,0,0,0,cpp,0.0005866217729244,0.0344167230986134,0,0,0
0x4239e5,JLE,6098317,0,79,2,0x4239e3,TEST,1,Leaf,edx(MOV) edx(MOV) ,rflags ,TEST,2,MOV,7,MOV,6,MOV,6,INVALID,0,SUB,3,MOV,3,LEA,5,JMP,2,NOP,4,0,1,1,0,0,RET,0,0,1,0,0,0,JMP,0,0,4340176,4340276,4340199,0,1,0,0,cpp,2.8882974685009063e-05,0.0,0,0,0
0x423960,JNZ,1144799,989591,-128,6,0x423959,CMP,1,NonLeaf,eax(-1) r8d(-1) ,rflags ,SUBSS,4,CMP,3,ADD,3,JNZ,2,TEST,4,JMP,2,MOV,5,MOV,3,TEST,3,JZ,2,0,0,0,1,1,JNE,0,0,1,0,0,0,JMP,1,0,4340054,4339936,4340070,1,0,0,0,cpp,5.422020622480546e-06,0.8644233616556268,1,1,1
0x423954,JNZ,1249994,105195,-84,2,0x423950,TEST,1,NonLeaf,rdi(-1) rdx(-1) rsi(-1) ,rflags ,TEST,4,NOP,2,RET_NEAR,1,POP,2,POP,1,ADD,3,CMP,3,SUBSS,4,JNZ,6,JMP,2,0,0,0,0,0,JNE,0,0,1,0,0,0,JNE,0,0,4340048,4339968,4340054,0,0,0,0,cpp,5.920247349951343e-06,0.0841564039507389,0,0,0
0x423932,JZ,31502,0,19,2,0x42392f,TEST,1,NonLeaf,rdi(MOV) rdi(MOV) ,rflags ,TEST,3,MOV,5,MOVSS,6,CALL_NEAR,5,MOVSS,6,MOVSS,6,CALL_NEAR,5,MOVSS,6,ADD,4,POP,1,0,1,1,0,0,RET,0,0,1,0,0,0,CALL,0,1,4340010,4340037,4340020,0,0,0,1,cpp,1.492004217765583e-07,0.0,0,0,0
0x423917,JZ,31502,0,19,2,0x423914,TEST,1,NonLeaf,rdi(-1) rdi(-1) ,rflags ,TEST,3,JNLE,2,CMP,3,ADD,4,ADD,3,MOVSS,6,CALL_NEAR,5,MOVSS,6,MOV,5,TEST,3,0,1,1,0,0,JE,0,0,1,0,0,0,CALL,0,1,4339988,4340010,4339993,0,0,0,1,cpp,1.492004217765583e-07,0.0,0,0,0
0x423912,JNLE,283518,252016,-66,2,0x42390f,CMP,1,NonLeaf,r8d(-1) r12d(-1) ,rflags ,CMP,3,ADD,4,ADD,3,JNZ,2,CMP,3,TEST,3,JZ,2,MOVSS,6,CALL_NEAR,5,MOVSS,6,0,0,0,1,1,NOP,0,0,0,1,0,0,JE,1,0,4339976,4339920,4339988,0,0,0,0,cpp,1.3428037959890245e-06,0.8888888888888888,1,1,1
0x423906,JNZ,1406863,1278553,-38,2,0x423903,CMP,1,NonLeaf,eax(-1) r8d(-1) ,rflags ,CMP,3,ADD,3,ADDSS,4,JZ,2,TEST,4,ADD,3,ADD,4,CMP,3,JNLE,2,TEST,3,0,0,0,1,1,JNE,0,0,0,1,0,0,JG,1,0,4339968,4339936,4339976,1,0,0,0,cpp,6.663213541420675e-06,0.9087970896953008,1,1,1
0x4238fa,JZ,1301668,0,6,2,0x4238f6,TEST,1,NonLeaf,rdi(-1) rdx(-1) rsi(-1) ,rflags ,TEST,4,JNZ,2,TEST,4,SHL,3,SHR,4,ADDSS,4,ADD,3,CMP,3,JNZ,2,ADD,3,0,0,1,0,0,JNE,0,0,1,0,0,0,ADDSS,0,0,4339958,4339968,4339964,0,0,0,0,cpp,6.164986813949879e-06,0.0,0,0,0
0x4238f4,JNZ,2551662,1249994,92,2,0x4238f0,TEST,1,NonLeaf,r11(-1) rdx(SHR) rsi(SHL) ,rflags ,TEST,4,SHL,3,SHR,4,ADD,3,MOV,3,TEST,4,JZ,2,ADDSS,4,ADD,3,CMP,3,1,1,0,0,0,JNE,0,0,1,0,0,0,JE,0,0,4339936,4340048,4339958,0,0,0,0,cpp,1.208523416390122e-05,0.4898744426181837,0,0,0
0x4238a5,JLE,31502,0,111,2,0x42389f,TEST,1,NonLeaf,r8d(MOV) r8d(MOV) ,rflags ,MOVAPS,3,TEST,3,XORPS,3,MOV,5,MOV,7,LEA,4,MOVSS,8,MOV,5,MOVSXD,3,MOV,5,0,1,1,0,0,JE,0,0,1,0,0,0,MOV,0,0,4339842,4339988,4339879,0,0,0,0,cpp,1.492004217765583e-07,0.0,0,0,0
0x42377c,JNZ,64706,0,-70,2,0x423776,CMP,1,NonLeaf,edx(-1) ,rflags ,LEA,3,CMP,3,XOR,2,ADD,4,RET_NEAR,1,ADD,4,XOR,2,MOV,2,JMP,2,TEST,3,0,0,0,0,0,MOV,0,0,0,0,0,0,JMP,0,0,4339568,4339510,4339582,0,0,0,0,cpp,3.064618910378382e-07,0.0,0,0,0
0x42374d,JZ,63004,0,12,2,0x423747,CMP,1,NonLeaf,rsp(-1) ,rflags ,CMP,6,JNZ,2,CMP,4,JNZ,2,CMP,5,MOV,5,CALL_NEAR,5,MOV,5,ADD,7,POP,1,0,1,1,0,0,RET,0,0,1,0,0,0,CALL,0,1,4339527,4339545,4339535,1,1,0,1,cpp,2.9840084355311655e-07,0.0,0,0,0
0x423745,JNZ,3704613,3641609,-69,2,0x423741,CMP,1,NonLeaf,rsp(-1) eax(-1) ,rflags ,CMP,4,JNZ,2,CMP,5,MOV,2,MOV,2,CMP,6,JZ,2,MOV,5,CALL_NEAR,5,MOV,5,0,0,0,0,0,JNE,0,0,1,1,0,0,JE,1,0,4339521,4339456,4339527,0,0,0,0,cpp,1.7545864456825627e-05,0.9829930953651568,1,1,1
0x42373f,JNZ,8936194,5231581,-63,2,0x42373a,CMP,1,NonLeaf,rsp(-1) rsi(-1) ,rflags ,CMP,5,MOV,2,MOV,2,JZ,2,LEA,3,CMP,4,JNZ,2,CMP,6,JZ,2,MOV,5,1,1,0,0,0,JNE,0,0,1,1,0,0,JNE,0,0,4339514,4339456,4339521,0,0,0,0,cpp,4.232378623189478e-05,0.5854372678122252,1,1,1
0x423734,JZ,8742129,0,74,2,0x42372e,CMP,1,NonLeaf,edx(-1) ,rflags ,LEA,3,CMP,3,JZ,2,LEA,3,CMP,3,MOV,2,MOV,2,CMP,5,JNZ,2,CMP,4,0,0,0,0,0,JMP,0,0,0,0,0,0,MOV,0,0,4339502,4339582,4339510,0,0,0,0,cpp,4.14046515784738e-05,0.0,0,0,0
0x42372c,JZ,8806835,64706,68,2,0x423726,CMP,1,NonLeaf,eax(-1) ,rflags ,LEA,3,CMP,3,JNZ,6,CMP,3,SETNZ,3,CMP,3,LEA,3,JZ,2,MOV,2,MOV,2,0,1,0,0,0,JNE,0,0,1,0,0,0,JE,0,0,4339494,4339568,4339502,0,0,0,0,cpp,4.171111346951164e-05,0.0073472479046104,0,0,0
0x423720,JNZ,8873190,66355,-417,6,0x42371d,CMP,1,NonLeaf,r8b(SETNZ) cl(SETNZ) ,rflags ,CMP,3,SETNZ,3,TEST,3,SHL,3,SETNZ,4,CMP,3,LEA,3,JZ,2,CMP,3,LEA,3,0,0,0,0,0,JNE,1,0,1,0,0,0,JE,0,0,4339456,4339071,4339494,0,0,0,0,cpp,4.202538538834167e-05,0.0074781448385529,0,0,0
0x4236d0,JNZ,129359,129359,-844,6,0x4236be,TEST,1,NonLeaf,r12(-1) r12(-1) ,rflags ,MOV,5,MOV,5,MOV,5,TEST,3,SUB,3,MOV,9,XOR,2,JMP,5,MOV,3,MOV,4,0,0,0,0,0,JMP,0,0,0,0,0,0,JMP,0,0,4339361,4338564,4339414,0,0,0,1,cpp,6.12672762383144e-07,1.0,1,0,1
0x42368c,JZ,129359,0,-809,6,0x423689,TEST,1,NonLeaf,r14(SAR) r14(SAR) ,rflags ,TEST,3,SAR,4,MOV,5,MOV,5,MOV,3,SHL,4,MOV,3,MOV,3,CALL_NEAR,5,MOV,3,0,0,0,0,0,JE,0,0,0,0,0,0,CALL,0,1,4339315,4338531,4339346,0,1,1,1,cpp,6.12672762383144e-07,0.0,0,0,0
0x42359a,JNZ,66355,66355,-832,6,0x423587,CMP,1,NonLeaf,rsp(-1) rdi(LEA) ,rflags ,MOV,5,MOV,4,MOV,5,CMP,5,LEA,5,MOV,4,MOV,5,MOV,5,MOV,5,MOV,4,0,0,0,0,0,JBE,0,0,0,0,0,0,JMP,0,0,4339071,4338266,4339104,0,0,1,1,cpp,3.142719188300275e-07,1.0,1,0,1
0x423579,JZ,129359,129359,365,6,0x423576,CMP,1,NonLeaf,rax(SUB) rdx(SUB) ,rflags ,CMP,3,SUB,3,LEA,4,MOV,5,SUB,3,MOV,3,LEA,5,CMP,5,MOV,5,MOV,4,0,1,1,0,0,JMP,0,0,1,0,0,0,JNE,0,0,4339015,4339430,4339071,0,0,0,0,cpp,6.12672762383144e-07,1.0,1,0,1
0x423541,JL,1164231,1034872,-233,6,0x42353d,CMP,1,NonLeaf,rsp(-1) r8d(-1) ,rflags ,CMP,4,ADD,4,ADD,4,MOV,5,NOP,3,MOV,5,SUB,5,MOV,5,MOV,4,MOV,4,0,0,0,1,1,JMP,0,0,0,1,0,0,JE,1,0,4338992,4338776,4339015,0,0,1,0,cpp,5.514054861448296e-06,0.8888888888888888,1,1,1
0x423527,JNZ,548441,431099,-168,6,0x423524,CMP,1,NonLeaf,esi(-1) r8d(-1) ,rflags ,CMP,3,OR,4,ADD,3,SHL,3,ADD,3,NOP,3,MOV,5,ADD,4,ADD,4,CMP,4,0,0,0,1,1,JE,0,0,1,0,0,0,NOP,1,0,4338960,4338815,4338989,1,0,0,0,cpp,2.5975375696640657e-06,0.786044442337462,1,1,1
0x42350a,JNZ,5393505,4845064,-154,6,0x423501,CMP,1,NonLeaf,rbx(-1) r14(MOVSXD) ,rflags ,CMP,9,MOVSXD,3,ADD,2,MOV,6,JZ,6,SHR,4,MOV,3,ADD,3,SHL,3,ADD,3,0,0,0,0,0,JE,0,0,1,0,0,0,JNE,0,0,4338934,4338800,4338960,0,1,0,1,cpp,2.554482956174135e-05,0.8983145468484779,1,0,1
0x4234f0,JZ,5393505,577588,344,6,0x4234e7,CMP,1,NonLeaf,rbx(-1) r14(MOVSXD) ,rflags ,CMP,9,MOVSXD,3,ADD,2,MOV,6,JZ,6,MOV,6,ADD,2,MOVSXD,3,CMP,9,JNZ,6,0,1,0,0,0,JMP,0,0,1,1,0,0,JNE,0,0,4338908,4339272,4338934,1,0,1,0,cpp,2.554482956174135e-05,0.1070895456665007,0,0,0
0x4234d6,JZ,5393505,553155,394,6,0x4234cd,CMP,1,NonLeaf,rbx(-1) r14(MOVSXD) ,rflags ,CMP,9,MOVSXD,3,ADD,2,MOV,6,JZ,6,MOV,6,ADD,2,MOVSXD,3,CMP,9,JZ,6,0,1,0,0,0,JMP,0,0,1,1,0,0,JE,0,0,4338882,4339296,4338908,1,0,1,0,cpp,2.554482956174135e-05,0.1025594673593516,0,0,0
0x4234bc,JZ,5393505,526326,372,6,0x4234b3,CMP,1,NonLeaf,rbx(-1) r14(MOVSXD) ,rflags ,CMP,9,MOVSXD,3,ADD,2,MOV,6,JZ,2,MOV,6,ADD,2,MOVSXD,3,CMP,9,JZ,6,0,1,0,0,0,JMP,0,0,1,1,0,0,JE,0,0,4338856,4339248,4338882,1,0,1,0,cpp,2.554482956174135e-05,0.0975851510288764,0,0,0
0x4234a6,JZ,1322829,502931,-54,2,0x4234a2,TEST,1,NonLeaf,rdi(-1) r14(SHR) r12(SHL) ,rflags ,TEST,4,SHL,3,SHR,4,MOV,2,MOV,3,MOV,6,ADD,2,MOVSXD,3,CMP,9,JZ,6,0,0,0,0,0,JE,0,0,0,0,0,0,JE,0,0,4338835,4338800,4338856,0,0,0,0,cpp,6.265209978358924e-06,0.3801935095163472,0,0,0
0x423491,JNZ,5904472,4581643,-33,2,0x42348e,CMP,1,NonLeaf,ecx(-1) ,rflags ,CMP,3,JZ,6,CMP,2,ADD,3,MOV,4,MOV,3,MOV,3,MOV,2,SHR,4,SHL,3,0,0,0,0,0,JE,0,0,1,0,0,0,JE,0,0,4338830,4338800,4338835,0,0,0,0,cpp,2.7964882000123123e-05,0.7759615084972882,1,0,1
0x423488,JZ,10478079,4573607,392,6,0x423486,CMP,1,NonLeaf,ecx(MOV) ebp(-1) ,rflags ,CMP,2,ADD,3,MOV,4,JZ,6,CMP,3,CMP,3,JNZ,2,MOV,3,MOV,3,MOV,2,1,1,0,0,0,JMP,0,0,1,0,0,0,JNE,0,0,4338815,4339216,4338830,0,0,1,0,cpp,4.962649375303466e-05,0.4364928914928013,0,0,0
0x423479,JZ,9929638,1046889,183,6,0x423476,CMP,1,NonLeaf,esi(-1) r8d(-1) ,rflags ,CMP,3,ADD,3,ADD,3,NOP,4,JMP,2,MOV,4,ADD,3,CMP,2,JZ,6,CMP,3,0,0,1,0,0,JL,1,0,0,0,1,1,JE,0,0,4338800,4338992,4338815,0,1,0,0,cpp,4.70289561833706e-05,0.1054307317144895,0,0,0
0x423430,JLE,129359,0,279,6,0x42342d,TEST,1,NonLeaf,r8d(MOV) r8d(MOV) ,rflags ,TEST,3,MOV,7,MOV,4,MOV,4,MOV,4,MOVSXD,3,LEA,4,LEA,7,LEA,4,MOV,6,0,1,1,0,0,JE,0,0,1,0,0,0,NOP,0,0,4338726,4339015,4338742,0,0,0,0,cpp,6.12672762383144e-07,0.0,0,0,0
0x4233d5,JNZ,1286800,1286800,-52,2,0x4233cc,CMP,1,NonLeaf,eax(-1) ,rflags ,MOV,3,LEA,3,CMP,3,OR,3,JZ,2,ADD,4,XOR,2,CMP,3,LEA,3,JNZ,2,0,0,0,0,0,JE,0,0,0,0,0,0,JNE,0,0,4338633,4338593,4338647,0,0,0,0,cpp,6.0945686858636025e-06,1.0,1,1,1
0x4233c7,JZ,7373463,6086663,-55,2,0x4233c3,TEST,1,NonLeaf,r13(-1) r10(SHL) ,rflags ,TEST,4,SHL,3,MOV,2,SHL,3,MOV,3,OR,3,CMP,3,LEA,3,MOV,3,JNZ,2,1,1,0,0,0,JE,0,0,1,0,0,0,JNE,0,0,4338611,4338576,4338633,0,0,1,1,cpp,3.492234745583921e-05,0.8254822733904001,1,0,1
0x4233ad,JZ,7373463,129359,71,2,0x4233a9,SUB,1,NonLeaf,r12(SUB) ,r12 rflags ,SUB,4,JZ,2,LEA,3,CMP,3,JZ,2,MOV,2,MOV,2,MOV,2,MOV,3,MOV,3,0,0,1,0,0,MOV,1,0,0,0,0,0,MOV,0,0,4338601,4338676,4338607,0,0,1,0,cpp,3.492234745583921e-05,0.0175438596491228,0,0,0
0x4233a7,JZ,7373463,0,65,2,0x4233a1,CMP,1,NonLeaf,edx(-1) ,rflags ,LEA,3,CMP,3,JZ,2,MOV,3,LEA,3,SUB,4,JZ,2,MOV,2,MOV,2,MOV,2,0,0,0,0,0,JNE,0,0,0,0,0,0,JE,0,0,4338593,4338664,4338601,0,0,0,0,cpp,3.492234745583921e-05,0.0,0,0,0
0x42339f,JZ,6086663,0,56,2,0x423396,CMP,1,NonLeaf,eax(-1) ,rflags ,MOV,3,LEA,3,CMP,3,AND,3,NOT,3,CMP,3,LEA,3,JZ,2,SUB,4,JZ,2,0,0,0,0,0,JNE,0,0,0,0,0,0,JE,0,0,4338576,4338647,4338593,0,0,0,0,cpp,2.8827778769975607e-05,0.0,0,0,0
0x42328d,JBE,129359,129359,998,6,0x42328a,CMP,1,NonLeaf,r12(SUB) rdx(SUB) ,rflags ,CMP,3,SUB,3,SHL,4,SUB,3,SUB,3,TEST,3,JZ,2,MOV,3,CALL_NEAR,5,MOV,5,0,1,0,0,0,JE,0,0,1,0,0,0,JE,0,0,4338266,4339315,4338323,0,0,0,0,cpp,6.12672762383144e-07,1.0,1,0,1
0x423254,JZ,63004,0,844,6,0x42324f,CMP,1,NonLeaf,rsp(-1) rdi(LEA) ,rflags ,CMP,5,LEA,5,MOV,5,MOV,6,MOV,4,MOV,5,MOV,5,MOV,5,SUB,3,LEA,4,0,1,0,0,0,JMP,0,0,1,0,0,0,JBE,0,0,4338218,4339104,4338266,0,0,1,1,cpp,2.9840084355311655e-07,0.0,0,0,0
0x423228,JNZ,3654232,3591228,-24,2,0x423225,CMP,1,NonLeaf,r13d(-1) ecx(-1) ,rflags ,CMP,3,JZ,2,CMP,3,AND,4,NOT,3,MOV,4,XOR,2,MOV,5,MOV,3,MOV,3,1,1,0,0,0,JE,0,0,0,1,0,0,JE,1,0,4338213,4338192,4338218,1,0,1,1,cpp,1.730724892608076e-05,0.9827586206896552,1,1,1
0x423223,JZ,3591228,0,-33,2,0x423220,CMP,1,NonLeaf,ecx(ADD) ,rflags ,CMP,3,AND,4,NOT,3,ADD,3,SHL,3,CMP,3,JNZ,2,MOV,4,XOR,2,MOV,5,0,0,0,0,0,JNE,1,0,0,1,1,1,JNE,0,0,4338192,4338178,4338213,0,0,0,0,cpp,1.7008848082527643e-05,0.0,0,0,0
0x4231df,JZ,63004,63004,44,2,0x4231dc,CMP,1,NonLeaf,r12(-1) rax(MOV) ,rflags ,CMP,3,MOV,5,MOV,3,JNZ,2,MOV,3,MOV,3,XOR,2,JMP,2,MOV,3,MOV,3,0,1,1,0,0,JMP,0,0,1,0,0,0,JMP,0,0,4338132,4338187,4338145,0,0,0,0,cpp,2.9840084355311655e-07,1.0,1,0,1
0x4231d2,JNZ,4032256,3969252,-24,2,0x4231cc,CMP,1,NonLeaf,ecx(ADD) ,rflags ,MOV,3,CMP,3,AND,3,NOT,3,ADD,3,MOV,3,MOV,5,CMP,3,JZ,2,MOV,3,1,1,0,0,0,MOV,0,0,1,1,0,0,JE,1,0,4338109,4338106,4338132,0,0,0,0,cpp,1.909765398739946e-05,0.984375,1,1,1
0x423182,JZ,63004,63004,44,2,0x42317f,CMP,1,NonLeaf,r12(-1) rdi(LEA) ,rflags ,CMP,3,LEA,4,JZ,6,CMP,3,JNZ,2,LEA,4,MOV,3,MOV,5,SUB,3,MOV,3,0,1,1,0,0,JMP,0,0,1,0,0,0,CALL,0,1,4338043,4338094,4338052,0,0,0,1,cpp,2.9840084355311655e-07,1.0,1,0,1
0x423175,JZ,63004,0,1580,6,0x423172,CMP,1,NonLeaf,r12(-1) r8(-1) ,rflags ,CMP,3,JNZ,2,CMP,4,JZ,2,CMP,3,LEA,4,CMP,3,JZ,2,LEA,4,MOV,3,0,1,0,0,0,MOV,0,0,1,0,0,0,JE,0,0,4338034,4339617,4338043,0,0,0,0,cpp,2.9840084355311655e-07,0.0,0,0,0
0x423170,JNZ,3654232,3591228,-24,2,0x42316c,CMP,1,NonLeaf,ecx(-1) rsp(-1) ,rflags ,CMP,4,JZ,2,CMP,3,AND,3,NOT,3,CMP,3,JZ,6,LEA,4,CMP,3,JZ,2,1,1,0,0,0,JE,0,0,0,1,0,0,JE,1,0,4338028,4338008,4338034,1,0,1,0,cpp,1.730724892608076e-05,0.9827586206896552,1,1,1
0x42316a,JZ,3591228,0,-37,2,0x423167,CMP,1,NonLeaf,ecx(ADD) ,rflags ,CMP,3,AND,3,NOT,3,ADD,3,SHL,3,CMP,4,JNZ,2,CMP,3,JZ,6,LEA,4,0,0,0,0,0,JNE,1,0,0,1,1,1,JNE,0,0,4338008,4337989,4338028,0,0,0,0,cpp,1.7008848082527643e-05,0.0,0,0,0
0x423122,JZ,63004,63004,44,2,0x42311f,CMP,1,NonLeaf,r15(-1) rdx(MOV) ,rflags ,CMP,3,MOV,5,MOV,3,JNZ,2,TEST,2,MOV,3,XOR,2,JMP,2,MOV,3,MOV,3,0,1,1,0,0,JMP,0,0,1,0,0,0,JMP,0,0,4337943,4337998,4337956,0,0,0,0,cpp,2.9840084355311655e-07,1.0,1,0,1
0x423115,JNZ,63004,0,-24,2,0x423113,TEST,1,NonLeaf,ecx(-1) ecx(-1) ,rflags ,TEST,2,MOV,2,JZ,2,LEA,3,CMP,3,MOV,3,MOV,5,CMP,3,JZ,2,MOV,3,1,1,0,0,0,JE,0,0,1,1,0,0,JE,1,0,4337939,4337917,4337943,0,0,1,0,cpp,2.9840084355311655e-07,0.0,0,0,0
0x4230f3,JNZ,4032256,3969252,-24,2,0x4230ed,CMP,1,NonLeaf,ecx(ADD) ,rflags ,MOV,3,CMP,3,AND,3,NOT,3,ADD,3,ADD,4,XOR,2,JMP,2,MOV,3,SHL,3,1,1,0,0,0,MOV,0,0,0,1,0,0,JMP,1,0,4337886,4337883,4337909,0,0,0,0,cpp,1.909765398739946e-05,0.984375,1,1,1
0x4230d4,JZ,126008,63004,63,2,0x4230d1,CMP,1,NonLeaf,r11(-1) rdx(-1) ,rflags ,CMP,3,MOV,5,MOV,3,MOV,3,MOV,5,MOV,3,JMP,2,MOV,3,MOV,3,SHL,3,1,1,1,1,0,JNE,0,0,1,0,0,0,JMP,0,0,4337873,4337939,4337878,0,0,0,0,cpp,5.968016871062331e-07,0.5,0,0,0
0x42308d,JZ,63004,63004,57,2,0x42308a,CMP,1,NonLeaf,r15(-1) r11(LEA) ,rflags ,CMP,3,LEA,4,JZ,6,MOV,3,MOV,4,LEA,4,MOV,3,XOR,2,MOV,5,MOV,5,0,1,1,0,0,MOV,0,0,1,0,0,0,CALL,0,1,4337798,4337862,4337807,0,0,0,1,cpp,2.9840084355311655e-07,1.0,1,0,1
0x423080,JZ,63004,0,1886,6,0x423071,CMP,1,NonLeaf,r14(MOV) r15(MOV) ,rflags ,MOV,3,MOV,4,MOV,2,MOV,3,CMP,3,LEA,4,CMP,3,JZ,2,LEA,4,MOV,3,0,1,0,1,0,JE,0,0,1,0,0,0,JE,1,0,4337754,4339678,4337798,0,0,0,0,cpp,2.9840084355311655e-07,0.0,0,0,0
0x423030,JZ,63004,0,42,2,0x423021,CMP,1,NonLeaf,rdx(-1) r8(-1) ,rflags ,MOV,4,MOV,5,MOV,3,CMP,3,SUB,4,LEA,4,MOV,3,XOR,2,MOV,4,SUB,3,0,1,1,0,0,JE,0,0,1,0,0,0,CALL,0,1,4337697,4337754,4337714,0,1,1,1,cpp,2.9840084355311655e-07,0.0,0,0,0
0x423017,JNS,63004,63004,10,2,0x423011,SUB,1,NonLeaf,r13(SUB) rax(MOV) ,r13 rflags ,MOV,3,SUB,3,AND,4,ADD,3,SHR,4,ADD,4,SUB,4,CMP,3,MOV,3,MOV,5,0,1,1,0,0,JE,0,0,1,0,0,0,SUB,0,0,4337624,4337697,4337689,0,1,1,0,cpp,2.9840084355311655e-07,1.0,1,0,1
0x422f69,JZ,63004,0,34,2,0x422f5e,CMP,1,NonLeaf,rcx(-1) rax(-1) ,rflags ,MOV,4,MOV,4,CMP,3,MOV,5,SUB,4,LEA,4,XOR,2,MOV,3,SUB,3,MOV,3,0,1,1,0,0,CALL,0,1,1,0,0,0,CALL,0,1,4337497,4337547,4337515,0,1,1,1,cpp,2.9840084355311655e-07,0.0,0,0,0
0x422f4f,JNS,63004,63004,10,2,0x422f4c,SUB,1,NonLeaf,r12(SUB) rdx(SHR) ,r12 rflags ,SUB,3,AND,4,ADD,3,SHR,4,SAR,4,ADD,4,SUB,4,MOV,5,CMP,3,MOV,4,0,1,1,0,0,JE,0,0,1,0,0,0,SUB,0,0,4337427,4337497,4337489,0,1,1,0,cpp,2.9840084355311655e-07,1.0,1,1,1
0x422d3a,JNZ,31077420,23308065,-125,2,0x422d37,CMP,1,Leaf,r9(ADD) r12(-1) ,rflags ,CMP,3,ADD,4,MOV,4,MOVZX,8,ADD,4,POP,1,POP,1,POP,2,RET_NEAR,1,INVALID,0,0,0,0,1,1,JE,0,0,1,1,0,0,RET,1,0,4336947,4336829,4336956,0,0,1,0,cpp,0.0001471895172283,0.75,1,1,1
0x422d14,JNZ,28323171,13295865,-12,2,0x422d11,CMP,1,Leaf,rax(-1) rcx(-1) ,rflags ,CMP,3,JZ,2,CMP,3,ADD,4,NOP,6,ADD,10,MOVSXD,3,ADD,4,MOVZX,8,MOV,4,1,1,0,0,0,JE,0,0,0,0,0,0,MOV,1,0,4336913,4336904,4336918,1,0,0,1,cpp,0.0001341447863389,0.4694341957685458,0,1,0
0x422d0f,JZ,13295865,3133340,36,2,0x422d0c,CMP,1,Leaf,rax(ADD) edx(-1) ,rflags ,CMP,3,ADD,4,NOP,6,JMP,2,LEA,5,CMP,3,JNZ,2,ADD,10,MOVSXD,3,ADD,4,0,0,1,0,0,JNE,1,0,0,0,1,1,JNE,0,0,4336904,4336947,4336913,0,0,0,0,cpp,6.297214989156813e-05,0.2356627417621944,0,0,0
0x422cf0,JZ,23308065,5147419,67,2,0x422cec,CMP,1,Leaf,rsp(-1) edx(MOVZX) ,rflags ,CMP,4,MOVZX,4,JZ,2,MOVZX,8,TEST,3,LEA,4,LEA,5,LEA,5,JMP,2,NOP,6,0,0,1,0,0,JNE,0,0,1,0,0,0,JMP,0,0,4336872,4336947,4336882,0,0,0,0,cpp,0.0001103921379212,0.2208428284372812,0,0,0
0x422ce6,JZ,31077420,7769355,48,2,0x422cdb,TEST,1,Leaf,r10d(-1) r10d(-1) ,rflags ,MOVZX,8,TEST,3,ADD,8,LEA,4,MOVSXD,3,MOVZX,4,CMP,4,JZ,2,LEA,4,LEA,5,1,1,0,0,0,MOV,0,0,1,0,0,0,JE,0,0,4336829,4336918,4336872,1,0,1,0,cpp,0.0001471895172283,0.25,0,0,0
0x422c7a,JNZ,123886456,92914842,-124,2,0x422c77,CMP,1,Leaf,r9(ADD) rbp(-1) ,rflags ,CMP,3,ADD,4,MOV,4,MOVZX,8,ADD,4,POP,1,POP,1,POP,2,RET_NEAR,1,INVALID,0,0,0,0,1,1,JE,0,0,1,1,0,0,RET,1,0,4336755,4336638,4336764,0,0,1,0,cpp,0.0005867535866803,0.75,1,1,1
0x422c54,JNZ,86318219,39401840,-12,2,0x422c51,CMP,1,Leaf,rax(-1) rcx(-1) ,rflags ,CMP,3,JZ,2,CMP,3,ADD,4,NOP,5,SUB,10,MOVSXD,3,ADD,4,MOVZX,8,MOV,4,1,1,0,0,0,JE,0,0,0,0,0,0,MOV,1,0,4336721,4336712,4336726,1,0,0,1,cpp,0.000408822128176,0.4564718834154815,0,1,0
0x422c4f,JZ,39401840,11229617,36,2,0x422c4c,CMP,1,Leaf,rax(ADD) edx(-1) ,rflags ,CMP,3,ADD,4,NOP,5,JMP,2,LEA,5,CMP,3,JNZ,2,SUB,10,MOVSXD,3,ADD,4,0,0,1,0,0,JNE,1,0,0,0,1,1,JNE,0,0,4336712,4336755,4336721,0,0,0,0,cpp,0.0001866158068304,0.2850023501440542,0,0,0
0x422c31,JZ,92914842,34768846,66,2,0x422c2d,CMP,1,Leaf,rsp(-1) edx(MOVZX) ,rflags ,CMP,4,MOVZX,4,JZ,2,MOVZX,8,TEST,3,LEA,4,LEA,5,LEA,5,JMP,2,NOP,5,0,0,1,0,0,JNE,0,0,1,0,0,0,JMP,0,0,4336681,4336755,4336691,0,0,0,0,cpp,0.0004400651900102,0.3742012067350876,0,0,0
0x422c27,JZ,123886456,30971614,47,2,0x422c1c,TEST,1,Leaf,r10d(-1) r10d(-1) ,rflags ,MOVZX,8,TEST,3,ADD,8,LEA,4,MOVSXD,3,MOVZX,4,CMP,4,JZ,2,LEA,4,LEA,5,1,1,0,0,0,MOV,0,0,1,0,0,0,JE,0,0,4336638,4336726,4336681,1,0,1,0,cpp,0.0005867535866803,0.25,0,0,0
0x422b9f,JBE,1382747182,4980528,33,2,0x422b96,CMP,1,Leaf,rdi(-1) rsi(MOVZX) ,rflags ,CMP,9,MOVZX,8,MOVSXD,3,LEA,4,MOV,6,SUB,2,SUB,3,MOVSXD,3,MOVZX,8,CMP,9,0,0,1,0,0,REPZ RET,0,0,1,0,0,0,MOVZX,0,0,4336513,4336576,4336545,0,0,0,0,cpp,0.0065489957070899,0.0036019079010496,0,0,0
0x422b7f,JBE,1392061523,9314341,65,2,0x422b76,CMP,1,Leaf,rdi(-1) rcx(MOVZX) ,rflags ,CMP,9,MOVZX,8,MOVSXD,3,LEA,3,JBE,2,MOV,6,LEA,4,MOVSXD,3,MOVZX,8,CMP,9,0,0,1,0,0,REPZ RET,0,0,1,0,0,0,JBE,0,0,4336488,4336576,4336513,0,0,0,0,cpp,0.0065931104809382,0.0066910411976094,0,0,0
0x422b66,JBE,1405441048,13379525,90,2,0x422b5d,CMP,1,Leaf,rdi(-1) rcx(MOVZX) ,rflags ,CMP,9,MOVZX,8,MOVSXD,3,LEA,3,JZ,2,LEA,3,MOVSXD,3,MOVZX,8,CMP,9,JBE,2,0,0,1,0,0,REPZ RET,0,0,1,0,0,0,JBE,0,0,4336463,4336576,4336488,0,0,0,0,cpp,0.0066564788630464,0.0095198052021033,0,0,0
0x422b4d,JZ,3424467921,2019026873,115,2,0x422b4b,TEST,1,Leaf,ecx(AND) ecx(AND) ,rflags ,TEST,2,XOR,2,AND,7,SETZ,3,TEST,2,LEA,3,MOVSXD,3,MOVZX,8,CMP,9,JBE,2,0,1,1,0,0,REPZ RET,0,0,1,0,0,0,JBE,0,0,4336432,4336576,4336463,0,0,0,0,cpp,0.0162190355588055,0.5895884907020568,1,0,1
0x422aed,JNLE,96969,81946,12,2,0x422aea,CMP,1,Leaf,ecx(-1) ,rflags ,CMP,3,JMP,5,MOV,5,JNLE,2,CMP,3,MOV,5,JMP,5,XOR,2,JMP,5,INVALID,0,0,0,0,0,0,JMP,0,0,1,0,0,0,JMP,0,0,4336362,4336377,4336367,0,0,0,1,cpp,4.592665767015136e-07,0.8450741989708052,1,0,1
0x422ade,JNLE,140311,117211,27,2,0x422adb,CMP,1,Leaf,ecx(-1) ,rflags ,CMP,3,JMP,5,MOV,5,JNLE,2,CMP,3,MOV,5,JMP,5,CMP,3,JNLE,2,MOV,5,0,0,0,0,0,JMP,0,0,1,0,0,0,JMP,0,0,4336347,4336377,4336352,0,0,0,1,cpp,6.645438505457009e-07,0.8353657232861287,1,0,1
0x422acf,JNLE,219009,198648,42,2,0x422acc,CMP,1,Leaf,ecx(-1) ,rflags ,CMP,3,JMP,5,MOV,5,JNLE,2,CMP,4,MOV,5,JMP,5,CMP,3,JNLE,2,MOV,5,0,0,0,0,0,JMP,0,0,1,0,0,0,JMP,0,0,4336332,4336377,4336337,0,0,0,1,cpp,1.0372749404121088e-06,0.907031217895155,1,0,1
0x422ac0,JNLE,487010,441814,-121,2,0x422abc,CMP,1,Leaf,r8d(-1) ,rflags ,CMP,4,JMP,5,CMOVNZ,3,MOV,5,CMP,7,MOV,5,JMP,5,CMP,3,JNLE,2,MOV,5,0,0,1,0,0,POP,0,0,1,0,0,0,JMP,0,0,4336316,4336199,4336322,0,0,0,1,cpp,2.3065868011364883e-06,0.9071969774747952,1,0,1
0x422a39,JNZ,1492740,1119555,-123,2,0x422a36,CMP,1,Leaf,r11(ADD) r12(-1) ,rflags ,CMP,3,ADD,4,MOV,4,MOVZX,8,ADD,3,AND,3,CMP,5,CMOVNZ,4,POP,1,POP,1,0,0,0,1,1,JE,0,0,1,1,0,0,CMOVNE,1,0,4336178,4336062,4336187,0,0,1,0,cpp,7.069945959073697e-06,0.75,1,1,1
0x422a14,JNZ,1335493,637032,-12,2,0x422a11,CMP,1,Leaf,rdx(-1) r8(-1) ,rflags ,CMP,3,JZ,2,CMP,3,ADD,4,NOP,6,ADD,10,MOVSXD,3,ADD,3,MOVZX,8,MOV,4,1,1,0,0,0,JE,0,0,0,0,0,0,MOV,1,0,4336145,4336136,4336150,1,0,0,1,cpp,6.3251894762123405e-06,0.4770013770195725,0,1,0
0x422a0f,JZ,637032,137034,35,2,0x422a0c,CMP,1,Leaf,ecx(-1) rdx(ADD) ,rflags ,CMP,3,ADD,4,NOP,6,JMP,2,LEA,5,CMP,3,JNZ,2,ADD,10,MOVSXD,3,ADD,3,0,0,1,0,0,JNE,1,0,0,0,1,1,JNE,0,0,4336136,4336178,4336145,0,0,0,0,cpp,3.0171240900629958e-06,0.2151132125230757,0,0,0
0x4229f0,JZ,1119555,284060,66,2,0x4229ec,CMP,1,Leaf,rsp(-1) ecx(MOVZX) ,rflags ,CMP,4,MOVZX,4,JZ,2,MOVZX,8,TEST,2,LEA,4,LEA,5,LEA,5,JMP,2,NOP,6,0,0,1,0,0,JNE,0,0,1,0,0,0,JMP,0,0,4336104,4336178,4336114,0,0,0,0,cpp,5.302459469305273e-06,0.2537258107015734,0,0,0
0x4229e6,JZ,1492740,373185,48,2,0x4229dc,TEST,1,Leaf,ebp(XOR) ebp(XOR) ,rflags ,MOVZX,8,TEST,2,ADD,8,LEA,4,MOVSXD,3,MOVZX,4,CMP,4,JZ,2,LEA,4,LEA,5,1,1,0,0,0,MOV,0,0,1,0,0,0,JE,0,0,4336062,4336150,4336104,1,0,1,0,cpp,7.069945959073697e-06,0.25,0,0,0
0x42299a,JZ,373185,15023,190,6,0x422990,CMP,1,Leaf,rdi(-1) r8(MOVZX) ,rflags ,CMP,10,MOVZX,9,MOVSXD,3,ADD,2,MOV,4,CMP,7,MOV,5,CMOVZ,4,MOV,6,MOV,3,0,1,0,0,0,JMP,0,0,1,0,0,0,CMOVE,0,0,4335998,4336216,4336032,0,0,0,0,cpp,1.7674864897684243e-06,0.0402561732116778,0,0,0
0x422968,JZ,373185,15157,296,6,0x42295e,CMP,1,Leaf,rdi(-1) r8(MOVZX) ,rflags ,CMP,10,MOVZX,9,MOVSXD,3,ADD,2,MOV,4,CMP,7,MOV,5,CMOVZ,4,MOV,4,ADD,2,0,1,0,0,0,JMP,0,0,1,0,0,0,CMOVE,0,0,4335948,4336272,4335982,0,0,0,0,cpp,1.7674864897684243e-06,0.0406152444498037,0,0,0
0x422936,JZ,373185,16362,370,6,0x42292c,CMP,1,Leaf,rdi(-1) r8(MOVZX) ,rflags ,CMP,10,MOVZX,9,MOVSXD,3,ADD,2,MOV,4,CMP,7,MOV,5,CMOVZ,4,MOV,4,ADD,2,0,1,0,0,0,JMP,0,0,1,0,0,0,CMOVE,0,0,4335898,4336296,4335932,0,0,0,0,cpp,1.7674864897684243e-06,0.043844205956831,0,0,0
0x422903,JZ,373185,16314,365,6,0x4228fa,CMP,1,Leaf,rdi(-1) rax(MOVZX) ,rflags ,CMP,9,MOVZX,9,MOVSXD,3,ADD,3,JNZ,2,CMP,8,MOV,5,SETNZ,4,MOV,4,ADD,2,0,1,0,0,0,JMP,0,0,1,0,0,0,SETNE,0,0,4335851,4336240,4335881,0,0,0,0,cpp,1.7674864897684243e-06,0.043715583423771,0,0,0
0x4228e9,JNZ,1492740,1119555,-121,2,0x4228e6,CMP,1,Leaf,r10(ADD) r12(-1) ,rflags ,CMP,3,ADD,4,MOV,4,MOVZX,8,ADD,4,ADD,3,MOVSXD,3,MOVZX,9,CMP,9,JZ,6,0,0,0,1,1,JE,0,0,1,1,0,0,JE,1,0,4335842,4335728,4335851,0,0,1,0,cpp,7.069945959073697e-06,0.75,1,1,1
0x4228c4,JNZ,1335493,637032,-12,2,0x4228c1,CMP,1,Leaf,rax(-1) r8(-1) ,rflags ,CMP,3,JZ,2,CMP,3,ADD,4,NOP,4,SUB,9,MOVSXD,3,ADD,4,MOVZX,8,MOV,4,1,1,0,0,0,JE,0,0,0,0,0,0,MOV,1,0,4335809,4335800,4335814,1,0,0,1,cpp,6.3251894762123405e-06,0.4770013770195725,0,1,0
0x4228bf,JZ,637032,137034,35,2,0x4228bc,CMP,1,Leaf,rax(ADD) ecx(-1) ,rflags ,CMP,3,ADD,4,NOP,4,JMP,2,LEA,5,CMP,3,JNZ,2,SUB,9,MOVSXD,3,ADD,4,0,0,1,0,0,JNE,1,0,0,0,1,1,JNE,0,0,4335800,4335842,4335809,0,0,0,0,cpp,3.0171240900629958e-06,0.2151132125230757,0,0,0
0x4228a2,JZ,1119555,284060,64,2,0x42289e,CMP,1,Leaf,rsp(-1) ecx(MOVZX) ,rflags ,CMP,4,MOVZX,3,JZ,2,MOVZX,8,TEST,3,LEA,4,LEA,5,LEA,5,JMP,2,NOP,4,0,0,1,0,0,JNE,0,0,1,0,0,0,JMP,0,0,4335771,4335842,4335780,0,0,0,0,cpp,5.302459469305273e-06,0.2537258107015734,0,0,0
0x422899,JZ,1492740,373185,45,2,0x42288e,TEST,1,Leaf,r11d(XOR) r11d(XOR) ,rflags ,MOVZX,8,TEST,3,ADD,8,LEA,4,MOVSXD,3,MOVZX,3,CMP,4,JZ,2,LEA,4,LEA,5,1,1,0,0,0,MOV,0,0,1,0,0,0,JE,0,0,4335728,4335814,4335771,1,0,1,0,cpp,7.069945959073697e-06,0.25,0,0,0
0x42283f,JLE,382499,24337,698,6,0x42283c,CMP,1,Leaf,ecx(-1) ,rflags ,CMP,3,JZ,6,MOVZX,8,CMP,7,MOVZX,8,LEA,7,MOV,6,LEA,7,LEA,7,XOR,3,0,0,0,0,0,JMP,0,0,0,0,0,0,LEA,0,0,4335676,4336377,4335685,0,0,0,0,cpp,1.811599648565544e-06,0.0636263101341441,0,0,0
0x422836,JZ,479468,96969,692,6,0x422827,CMP,1,Leaf,rdi(-1) rax(CDQE) edx(-1) ,rflags ,MOVZX,8,CMP,7,MOVZX,8,CDQE,2,ADD,2,CMP,3,JLE,6,LEA,7,MOV,6,LEA,7,0,1,0,0,0,JG,0,0,1,0,0,0,JLE,0,0,4335633,4336362,4335676,0,0,0,0,cpp,2.270866225267057e-06,0.2022429025503266,0,0,0
0x42280b,JLE,470131,13763,750,6,0x422808,CMP,1,Leaf,ecx(-1) ,rflags ,CMP,3,JZ,6,MOVZX,8,CMP,7,MOVZX,8,MOV,6,MOV,4,ADD,2,CDQE,2,MOVZX,8,0,0,0,0,0,JMP,0,0,0,0,0,0,JE,0,0,4335624,4336377,4335633,0,0,0,1,cpp,2.22664413339582e-06,0.0292748191461528,0,0,0
0x422802,JZ,610442,140311,729,6,0x4227f3,CMP,1,Leaf,rdi(-1) rax(CDQE) edx(-1) ,rflags ,MOVZX,8,CMP,7,MOVZX,8,CDQE,2,ADD,2,CMP,3,JLE,6,MOV,6,MOV,4,ADD,2,0,1,0,0,0,JG,0,0,1,0,0,0,JLE,0,0,4335581,4336347,4335624,0,0,0,0,cpp,2.891187983941521e-06,0.2298514846619334,0,0,0
0x4227d7,JLE,607802,17721,802,6,0x4227d4,CMP,1,Leaf,ecx(-1) ,rflags ,CMP,3,JZ,6,MOVZX,8,CMP,7,MOVZX,8,MOV,6,MOV,4,ADD,2,CDQE,2,MOVZX,8,0,0,0,0,0,JMP,0,0,0,0,0,0,JE,0,0,4335572,4336377,4335581,0,0,0,1,cpp,2.878684361521036e-06,0.0291558764202816,0,0,0
0x4227ce,JZ,826811,219009,766,6,0x4227bf,CMP,1,Leaf,rdi(-1) rax(CDQE) edx(-1) ,rflags ,MOVZX,8,CMP,7,MOVZX,8,CDQE,2,ADD,2,CMP,3,JLE,6,MOV,6,MOV,4,ADD,2,0,1,0,0,0,JG,0,0,1,0,0,0,JLE,0,0,4335529,4336332,4335572,0,0,0,0,cpp,3.915959301933145e-06,0.2648839940445882,0,0,0
0x42279e,JLE,826287,44672,681,6,0x42279a,CMP,1,Leaf,r8d(-1) ,rflags ,CMP,4,JZ,6,MOVZX,9,CMP,7,MOVZX,9,MOV,5,MOV,6,MOV,4,ADD,2,CDQE,2,0,0,1,0,0,POP,0,0,1,0,0,0,MOV,0,0,4335514,4336199,4335524,0,0,0,1,cpp,3.913477522331504e-06,0.0540635396659998,0,0,0
0x422794,JZ,1313297,487010,808,6,0x422784,CMP,1,Leaf,rdi(-1) rcx(MOVSXD) edx(-1) ,rflags ,MOVZX,9,CMP,7,MOVZX,9,MOVSXD,3,LEA,4,CMP,4,JLE,6,MOV,5,MOV,6,MOV,4,0,1,0,0,0,JG,0,0,1,0,0,0,JLE,0,0,4335459,4336316,4335514,0,0,0,0,cpp,6.220064323467991e-06,0.3708300559584009,0,0,0
0x42275d,JNZ,12533678,11220381,756,6,0x422755,TEST,1,Leaf,rdi(-1) rcx(MOVSXD) ,rflags ,TEST,8,XOR,2,MOVSXD,3,INVALID,0,INVALID,0,PUSH,2,PUSH,2,PUSH,2,PUSH,2,PUSH,1,0,1,1,0,0,REPZ RET,0,0,1,0,0,0,JE,0,0,4335440,4336209,4335459,0,0,0,1,cpp,5.936226411058248e-05,0.8952185463835914,1,0,1
0x422726,JNZ,434,404,-71,2,0x422721,CMP,1,Leaf,rsi(ADD) rsp(-1) ,rflags ,CMP,5,ADD,3,ADD,2,ADD,3,ADD,4,JMP,5,ADD,4,MOV,3,JMP,5,ADD,4,0,0,0,1,1,JE,0,0,1,1,0,0,JMP,1,0,4335381,4335327,4335400,0,0,1,0,cpp,2.055519746397889e-09,0.9308755760368664,1,1,1
0x42270c,JZ,404,30,45,2,0x422709,CMP,1,Leaf,r11d(-1) esi(-1) ,rflags ,CMP,3,JZ,2,MOV,3,LEA,6,MOVZX,3,ADD,4,MOV,3,ADD,4,ADD,3,ADD,2,0,0,0,0,0,JMP,0,0,1,0,0,0,MOV,0,0,4335369,4335417,4335374,0,0,1,1,cpp,1.9134331279832883e-09,0.0742574257425742,0,0,0
0x422707,JZ,434,30,50,2,0x4226f0,TEST,1,Leaf,esi(-1) esi(-1) ,rflags ,MOV,3,LEA,6,MOVZX,3,MOV,4,MOV,5,CMP,3,JZ,2,ADD,4,MOV,3,ADD,4,1,1,0,0,0,JMP,0,0,1,0,0,0,JE,0,0,4335327,4335417,4335369,0,0,1,0,cpp,2.055519746397889e-09,0.0691244239631336,0,0,0
0x4226af,JNZ,434,404,-77,2,0x4226ac,CMP,1,Leaf,rsi(ADD) r15(-1) ,rflags ,CMP,3,ADD,3,ADD,2,ADD,3,ADD,4,JMP,5,MOV,3,MOV,5,MOVZX,5,ADD,4,0,0,0,1,1,JE,0,0,1,1,0,0,JMP,1,0,4335264,4335202,4335281,0,0,1,0,cpp,2.055519746397889e-09,0.9308755760368664,1,1,1
0x422693,JZ,404,30,154,6,0x422690,CMP,1,Leaf,r11d(-1) esi(-1) ,rflags ,CMP,3,JZ,6,MOV,3,LEA,6,MOVZX,3,ADD,4,MOV,3,ADD,4,ADD,3,ADD,2,0,0,0,0,0,JMP,0,0,1,0,0,0,MOV,0,0,4335248,4335405,4335257,0,0,1,1,cpp,1.9134331279832883e-09,0.0742574257425742,0,0,0
0x42268a,JZ,434,30,163,6,0x422673,TEST,1,Leaf,esi(-1) esi(-1) ,rflags ,MOV,3,LEA,6,MOVZX,3,MOV,4,MOV,5,CMP,3,JZ,6,ADD,4,MOV,3,ADD,4,1,1,0,0,0,JMP,0,0,1,0,0,0,JE,0,0,4335202,4335405,4335248,0,0,1,0,cpp,2.055519746397889e-09,0.0691244239631336,0,0,0
0x4225bd,JNZ,434,404,-173,6,0x4225b9,CMP,1,Leaf,rsp(-1) eax(MOV) ,rflags ,CMP,4,ADD,6,ADD,6,MOV,4,ADD,6,MOV,5,MOV,7,MOV,5,MOV,5,MOV,5,0,0,0,1,1,JE,0,0,1,1,0,0,MOV,1,0,4335001,4334864,4335043,0,0,0,1,cpp,2.055519746397889e-09,0.9308755760368664,1,1,1
0x422597,JNZ,6250,5876,-79,2,0x422594,CMP,1,Leaf,rax(ADD) r15(-1) ,rflags ,CMP,3,ADD,3,ADD,2,ADD,3,ADD,4,ADD,5,ADD,5,ADD,6,MOV,4,ADD,6,0,0,0,1,1,JE,0,0,0,1,0,0,JNE,1,0,4334984,4334920,4335001,0,0,1,1,cpp,2.9601378836375128e-08,0.94016,1,1,1
0x42257a,JZ,5876,374,190,6,0x422577,CMP,1,Leaf,r11d(-1) eax(-1) ,rflags ,CMP,3,JZ,6,MOV,4,LEA,7,MOVZX,3,ADD,5,MOV,3,ADD,4,ADD,3,ADD,2,0,0,0,0,0,JMP,0,0,1,0,0,0,MOV,0,0,4334967,4335160,4334976,0,0,1,1,cpp,2.7830032326806443e-08,0.063648740639891,0,0,0
0x422571,JZ,6250,374,199,6,0x422558,TEST,1,Leaf,eax(-1) eax(-1) ,rflags ,MOV,4,LEA,7,MOVZX,3,MOV,4,MOV,5,CMP,3,JZ,6,ADD,5,MOV,3,ADD,4,1,1,0,0,0,JMP,0,0,1,0,0,0,JE,0,0,4334920,4335160,4334967,0,0,1,0,cpp,2.9601378836375128e-08,0.05984,0,0,0
0x422521,JZ,404,30,405,6,0x42251c,CMP,1,Leaf,r11d(-1) rsp(-1) ,rflags ,CMP,5,JZ,6,TEST,2,MOV,4,NOP,7,MOV,5,MOVZX,5,MOVSXD,3,MOV,5,MOV,5,0,1,0,0,0,LEA,0,0,1,0,0,0,NOP,0,0,4334876,4335286,4334887,0,0,1,0,cpp,1.9134331279832883e-09,0.0742574257425742,0,0,0
0x422516,JZ,434,30,303,6,0x422514,TEST,1,Leaf,edi(MOV) edi(MOV) ,rflags ,TEST,2,MOV,4,NOP,7,MOV,5,MOV,5,CMP,5,JZ,6,MOV,5,MOVZX,5,MOVSXD,3,1,1,0,0,0,LEA,0,0,1,0,0,0,JE,0,0,4334864,4335173,4334876,0,0,0,0,cpp,2.055519746397889e-09,0.0691244239631336,0,0,0
0x42249e,JLE,30,0,305,6,0x42249b,TEST,1,Leaf,r15d(MOV) r15d(MOV) ,rflags ,TEST,3,MOV,5,MOV,5,MOV,8,MOV,8,MOV,4,MOV,5,XOR,3,MOV,5,MOV,8,0,1,1,0,0,RET,0,0,1,0,0,0,NOP,0,0,4334737,4335055,4334756,0,0,1,1,cpp,1.4208661841460057e-10,0.0,0,0,0
0x422357,JLE,30,30,314,6,0x422355,CMP,1,Leaf,esi(-1) eax(LEA) ,rflags ,CMP,2,LEA,4,MOV,8,MOV,8,LEA,4,CDQE,2,XOR,3,MOV,6,MOV,11,LEA,4,0,0,1,0,0,JLE,0,0,1,0,0,0,JLE,0,0,4334369,4334737,4334429,0,1,0,1,cpp,1.4208661841460057e-10,1.0,1,0,1
0x42231b,JZ,30,0,374,6,0x422318,CMP,1,Leaf,esi(-1) r8d(-1) ,rflags ,CMP,3,JB,2,CMP,2,MOVDQU,9,MOVDQU,6,MOV,5,MOVSXD,3,XOR,3,MOV,6,MOV,11,0,0,1,0,0,JLE,0,0,1,0,0,0,JLE,0,0,4334360,4334737,4334369,0,0,0,1,cpp,1.4208661841460057e-10,0.0,0,0,0
0x422316,JB,1118,1088,-38,2,0x422314,CMP,1,Leaf,edx(ADD) ecx(-1) ,rflags ,CMP,2,MOVDQU,9,MOVDQU,6,MOVDQU,5,MOVDQU,5,CMP,3,JZ,6,MOV,5,MOVSXD,3,XOR,3,1,1,1,1,1,JB,0,0,1,1,0,0,JE,1,0,4334320,4334320,4334360,1,0,1,0,cpp,5.295094646250783e-09,0.9731663685152058,1,1,1
0x4222c4,JZ,30,0,826,6,0x4222c1,OR,1,Leaf,r8b(OR) al(SETNB) ,r8b rflags ,OR,3,SETNB,3,CMP,3,SETNB,4,CMP,3,MOV,2,PXOR,4,SHR,3,MOVDQA,8,LEA,8,0,0,0,0,0,NOP,1,0,1,0,0,0,MOVDQA,1,0,4334257,4335102,4334282,0,0,0,0,cpp,1.4208661841460057e-10,0.0,0,1,0
0x4222ab,JZ,30,0,851,6,0x4222a8,TEST,0,Leaf,al(-1) r8b(-1) ,rflags ,TEST,3,OR,3,SETNB,3,CMP,3,SETNB,4,ADD,3,CMP,3,SETNB,4,CMP,3,SETNB,3,0,1,0,0,0,NOP,1,0,1,0,0,0,JE,0,0,4334149,4335102,4334257,0,0,0,0,cpp,1.4208661841460057e-10,0.0,0,0,0
0x42223f,JLE,30,0,594,6,0x4221ef,TEST,1,Leaf,esi(IMUL) esi(IMUL) ,rflags ,MOV,6,LEA,3,MOV,5,MOV,6,MOV,6,MOV,5,MOVSXD,3,LEA,4,LEA,7,LEA,7,0,1,1,0,0,JLE,1,0,1,0,0,0,JE,0,0,4333920,4334737,4334149,0,0,0,0,cpp,1.4208661841460057e-10,0.0,0,0,0
0x421e72,JZ,610601,598599,57,2,0x421e57,TEST,1,NonLeaf,al(-1) al(-1) ,rflags ,MOV,5,MOV,5,MOV,5,MOV,5,MOV,5,MOVAPS,5,MOVAPS,5,MOVAPS,5,MOVAPS,8,MOVAPS,8,0,1,1,0,0,CALL,0,1,1,0,0,0,MOVAPS,0,0,4333136,4333227,4333172,0,0,1,1,cpp,2.891941043019118e-06,0.9803439562005304,1,0,1
0x420b6d,JZ,437,437,7,2,0x420b6a,TEST,1,Recursive,rdi(MOV) rdi(MOV) ,rflags ,TEST,3,MOV,7,MOV,4,CALL_NEAR,5,JZ,2,CALL_NEAR,5,MOV,4,CALL_NEAR,5,JMP,5,MOV,3,0,1,1,0,0,CALL,0,1,1,0,0,0,CALL,0,1,4328291,4328308,4328303,0,0,1,1,cpp,2.0697284082393488e-09,1.0,1,0,1
0x420b58,JZ,437,437,11,2,0x420b55,TEST,1,Recursive,rdi(MOV) rdi(MOV) ,rflags ,TEST,3,MOV,7,MOV,4,CALL_NEAR,5,JZ,2,CALL_NEAR,5,MOV,4,MOV,7,TEST,3,JZ,2,0,1,1,0,0,JE,0,0,1,0,0,0,CALL,0,1,4328270,4328291,4328282,0,0,0,1,cpp,2.0697284082393488e-09,1.0,1,0,1
0x420b43,JZ,437,437,11,2,0x420b40,TEST,1,Recursive,rdi(MOV) rdi(MOV) ,rflags ,TEST,3,MOV,7,MOV,4,CALL_NEAR,5,NOP,4,CALL_NEAR,5,MOV,4,MOV,7,TEST,3,JZ,2,0,1,1,0,0,JE,0,0,1,0,0,0,CALL,0,1,4328245,4328270,4328261,0,0,0,1,cpp,2.0697284082393488e-09,1.0,1,0,1
0x420b2a,JZ,437,437,11,2,0x420b27,TEST,1,Recursive,rdi(MOV) rdi(MOV) ,rflags ,TEST,3,MOV,3,JMP,5,JNZ,6,TEST,3,NOP,4,CALL_NEAR,5,MOV,4,MOV,7,TEST,3,0,1,1,0,0,JE,0,0,1,0,0,0,CALL,0,1,4328231,4328245,4328236,0,0,0,1,cpp,2.0697284082393488e-09,1.0,1,0,1
0x42083e,JZ,437,437,742,6,0x420831,CMP,1,Recursive,rcx(MOV) rax(MOV) ,rflags ,MOV,5,MOV,5,CMP,3,MOV,7,MOV,7,LEA,7,MOV,5,MOV,5,MOV,7,LEA,7,0,1,0,0,0,MOV,0,0,1,0,0,0,MOV,0,0,4327459,4328228,4327492,0,0,0,1,cpp,2.0697284082393488e-09,1.0,1,0,1
0x42080a,JZ,437,0,-8244,6,0x420800,TEST,1,Recursive,rax(MOV) rax(MOV) ,rflags ,MOV,4,MOV,3,TEST,3,MOV,8,CALL_NEAR,5,MOV,7,LEA,7,CALL_NEAR,5,MOV,7,MOV,7,0,0,1,1,1,CALL,0,1,1,0,0,0,CALL,0,1,4327416,4319190,4327440,0,0,1,1,cpp,2.0697284082393488e-09,0.0,0,0,0
0x4207f1,JZ,437,437,7,2,0x4207ee,TEST,1,Recursive,rdi(MOV) rdi(MOV) ,rflags ,TEST,3,MOV,8,CALL_NEAR,5,JZ,2,TEST,3,CALL_NEAR,5,MOV,8,TEST,3,MOV,3,MOV,4,0,1,1,0,0,JE,0,0,1,0,0,0,CALL,0,1,4327398,4327416,4327411,0,0,1,1,cpp,2.0697284082393488e-09,1.0,1,0,1
0x4207df,JZ,437,437,7,2,0x4207dc,TEST,1,Recursive,rdi(MOV) rdi(MOV) ,rflags ,TEST,3,MOV,8,CALL_NEAR,5,JZ,2,TEST,3,CALL_NEAR,5,MOV,8,TEST,3,JZ,2,CALL_NEAR,5,0,1,1,0,0,JE,0,0,1,0,0,0,CALL,0,1,4327380,4327398,4327393,0,0,0,1,cpp,2.0697284082393488e-09,1.0,1,0,1
0x4207cd,JZ,437,437,7,2,0x4207ca,TEST,1,Recursive,rdi(MOV) rdi(MOV) ,rflags ,TEST,3,MOV,8,CALL_NEAR,5,JZ,2,TEST,3,CALL_NEAR,5,MOV,8,TEST,3,JZ,2,CALL_NEAR,5,0,1,1,0,0,JE,0,0,1,0,0,0,CALL,0,1,4327362,4327380,4327375,0,0,0,1,cpp,2.0697284082393488e-09,1.0,1,0,1
0x4207bb,JZ,437,437,7,2,0x4207b8,TEST,1,Recursive,rdi(MOV) rdi(MOV) ,rflags ,TEST,3,MOV,3,JMP,5,NOP,5,MOV,3,CALL_NEAR,5,MOV,8,TEST,3,JZ,2,CALL_NEAR,5,0,1,1,0,0,JE,0,0,1,0,0,0,CALL,0,1,4327352,4327362,4327357,0,0,0,1,cpp,2.0697284082393488e-09,1.0,1,0,1
0x4203e6,JZ,437,437,975,6,0x4203de,CMP,1,Recursive,rdx(MOV) rax(MOV) ,rflags ,MOV,5,CMP,3,MOV,8,MOV,5,MOV,3,LEA,7,MOV,5,MOV,5,MOV,7,LEA,7,0,1,0,0,0,MOV,0,0,1,0,0,0,MOV,0,0,4326342,4327349,4326380,0,0,0,1,cpp,2.0697284082393488e-09,1.0,1,0,1
0x42025a,JNLE,606,606,-4658,6,0x420258,TEST,1,Recursive,eax(-1) eax(-1) ,rflags ,TEST,2,XADD_LOCK,4,MOV,5,JZ,2,LEA,4,LEA,8,CALL_NEAR,5,JMP,5,MOV,3,LEA,3,0,0,1,0,0,JNE,0,0,1,0,0,0,CALL,0,1,4325976,4321320,4325984,0,0,0,1,cpp,2.8701496919749323e-09,1.0,1,0,1
0x42024d,JZ,606,606,37,2,0x420246,TEST,1,Recursive,rbp(-1) rbp(-1) ,rflags ,LEA,4,TEST,3,CALL_NEAR,5,MOV,3,CALL_NEAR,5,MOV,5,XADD_LOCK,4,TEST,2,JNLE,6,LEA,8,0,1,0,0,0,JMP,0,0,1,0,0,0,LOCK XADD,0,0,4325958,4326002,4325967,0,0,1,0,cpp,2.8701496919749323e-09,1.0,1,0,1
0x4d6e8a,JNZ,55127490,0,184,6,0x4d6e87,TEST,1,Leaf,rax(MOV) rax(MOV) ,rflags ,TEST,3,MOV,7,INVALID,0,INVALID,0,INVALID,0,TEST,3,JZ,6,MOV,4,LEA,4,TEST,2,0,1,0,0,0,JMP,0,0,1,0,0,0,JE,0,0,5074560,5074754,5074576,0,0,0,0,cpp,0.0002610959545261,0.0,0,0,0
0x41f149,JNLE,606,606,-339,6,0x41f147,TEST,1,Recursive,eax(-1) eax(-1) ,rflags ,TEST,2,XADD_LOCK,4,MOV,5,JZ,6,LEA,4,LEA,8,CALL_NEAR,5,JMP,5,MOV,3,LEA,3,0,0,1,0,0,JNE,0,0,1,0,0,0,CALL,0,1,4321607,4321270,4321615,0,0,0,1,cpp,2.8701496919749323e-09,1.0,1,0,1
0x41f138,JZ,606,606,4508,6,0x41f131,TEST,1,Recursive,rbp(-1) rbp(-1) ,rflags ,LEA,4,TEST,3,JMP,5,CALL_NEAR,5,LEA,8,MOV,5,XADD_LOCK,4,TEST,2,JNLE,6,LEA,8,0,1,0,0,0,JMP,0,0,1,0,0,0,LOCK XADD,0,0,4321585,4326100,4321598,0,0,1,0,cpp,2.8701496919749323e-09,1.0,1,0,1
0x41f119,JNLE,606,606,-266,6,0x41f117,TEST,1,Recursive,eax(-1) eax(-1) ,rflags ,TEST,2,XADD_LOCK,4,MOV,5,JZ,2,LEA,4,LEA,8,CALL_NEAR,5,JMP,5,TEST,3,LEA,4,0,0,1,0,0,JNE,0,0,1,0,0,0,CALL,0,1,4321559,4321295,4321567,0,0,0,1,cpp,2.8701496919749323e-09,1.0,1,0,1
0x41f10c,JZ,606,606,85,2,0x41f105,TEST,1,Recursive,rbp(-1) rbp(-1) ,rflags ,LEA,4,TEST,3,CALL_NEAR,5,MOV,3,CALL_NEAR,5,MOV,5,XADD_LOCK,4,TEST,2,JNLE,6,LEA,8,0,1,0,0,0,JMP,0,0,1,0,0,0,LOCK XADD,0,0,4321541,4321633,4321550,0,0,1,0,cpp,2.8701496919749323e-09,1.0,1,0,1
0x41f067,JNLE,606,606,-2193,6,0x41f065,TEST,1,Recursive,eax(-1) eax(-1) ,rflags ,TEST,2,XADD_LOCK,4,MOV,5,JZ,6,TEST,3,LEA,8,CALL_NEAR,5,JMP,5,LEA,8,MOV,3,0,0,1,1,1,CALL,0,1,1,0,0,0,CALL,0,1,4321381,4319190,4321389,0,0,1,1,cpp,2.8701496919749323e-09,1.0,1,0,1
0x41f056,JZ,606,606,4649,6,0x41f053,TEST,1,Recursive,rcx(MOV) rcx(MOV) ,rflags ,TEST,3,LEA,4,MOV,5,JZ,6,CMP,7,MOV,5,XADD_LOCK,4,TEST,2,JNLE,6,LEA,8,0,1,0,0,0,JMP,0,0,1,0,0,0,LOCK XADD,0,0,4321354,4326015,4321372,0,0,1,0,cpp,2.8701496919749323e-09,1.0,1,0,1
0x41f044,JZ,606,0,-2158,6,0x41f03d,CMP,1,Recursive,rdi(LEA) ,rflags ,CMP,7,LEA,4,MOV,8,JNZ,6,TEST,3,MOV,5,LEA,4,TEST,3,JZ,6,MOV,5,0,0,1,1,1,CALL,0,1,1,0,0,0,JE,0,0,4321329,4319190,4321354,0,0,1,0,cpp,2.8701496919749323e-09,0.0,0,0,0
0x41f02b,JNZ,1212,606,-173,6,0x41f028,TEST,1,Recursive,r12b(-1) r12b(-1) ,rflags ,TEST,3,JNZ,6,CMP,7,LEA,4,MOV,8,MOV,8,LEA,4,CMP,7,JZ,6,MOV,5,0,0,0,1,1,CALL,0,1,1,1,0,0,JE,1,0,4321320,4321150,4321329,0,0,1,0,cpp,5.7402993839498654e-09,0.5,0,0,0
0x41f022,JNZ,1212,606,4644,6,0x41f01b,CMP,1,Recursive,rdi(LEA) ,rflags ,CMP,7,LEA,4,MOV,8,JNZ,6,CMP,7,TEST,3,JNZ,6,MOV,8,LEA,4,CMP,7,0,1,0,0,0,JE,0,0,1,1,0,0,JNE,0,0,4321295,4325958,4321320,0,0,0,0,cpp,5.7402993839498654e-09,0.5,0,1,0
0x41f009,JNZ,606,606,252,6,0x41f002,CMP,1,Recursive,rdi(LEA) ,rflags ,CMP,7,LEA,4,MOV,8,JNZ,6,CMP,7,MOV,8,LEA,4,CMP,7,JNZ,6,TEST,3,0,1,0,0,0,JE,0,0,0,1,0,0,JNE,0,0,4321270,4321541,4321295,0,0,0,0,cpp,2.8701496919749323e-09,1.0,1,1,1
0x41eff0,JNZ,606,606,321,6,0x41efe9,CMP,1,Recursive,rdi(LEA) ,rflags ,CMP,7,LEA,4,MOV,8,CALL_NEAR,5,LEA,8,MOV,8,LEA,4,CMP,7,JNZ,6,MOV,8,0,1,0,0,0,JE,0,0,1,1,0,0,JNE,0,0,4321245,4321585,4321270,0,0,0,0,cpp,2.8701496919749323e-09,1.0,1,0,1
0x41ef9c,JZ,1212,606,115,2,0x41ef97,TEST,1,Recursive,al(-1) al(-1) ,rflags ,MOV,3,TEST,2,CALL_NEAR,5,MOV,12,MOV,3,LEA,8,MOV,3,CALL_NEAR,5,LEA,8,LEA,8,0,1,1,0,0,JNE,0,0,1,0,0,0,CALL,0,1,4321175,4321295,4321182,0,0,0,1,cpp,5.7402993839498654e-09,0.5,0,0,0
0x41ef09,JZ,437,437,5267,6,0x41ef06,TEST,1,Recursive,rsi(MOV) rsi(MOV) ,rflags ,TEST,3,MOV,7,MOV,8,MOV,8,LEA,7,LEA,7,CALL_NEAR,5,MOV,8,MOV,3,MOV,4,0,1,1,0,0,CALL,0,1,1,0,0,0,CALL,0,1,4320953,4326300,4321039,0,0,1,1,cpp,2.0697284082393488e-09,1.0,1,0,1
0x41ee8e,JZ,437,437,43,2,0x41ee8b,CMP,1,Recursive,r14(MOV) r13(MOV) ,rflags ,CMP,3,MOV,7,MOV,7,MOV,8,MOV,8,MOV,3,TEST,3,JZ,2,MOV,3,MOV,3,0,1,1,0,0,JE,0,0,1,0,0,0,MOV,0,0,4320866,4320953,4320912,0,0,1,0,cpp,2.0697284082393488e-09,1.0,1,0,1
0x41ee57,JNZ,437,0,5261,6,0x41ee54,TEST,1,Recursive,rax(IMUL) rax(IMUL) ,rflags ,TEST,3,IMUL,4,SAR,4,MOV,12,MOV,12,XOR,3,XOR,2,ADD,3,MOV,8,MOV,8,0,1,0,0,0,JA,0,0,1,0,0,0,XOR,0,0,4320773,4326116,4320861,0,0,0,0,cpp,2.0697284082393488e-09,0.0,0,0,0
0x41eded,JZ,437,437,24,2,0x41edea,TEST,1,Recursive,rax(SAR) rax(SAR) ,rflags ,TEST,3,SAR,4,SUB,3,MOV,7,XOR,2,LEA,8,MOV,3,MOV,3,CALL_NEAR,5,MOV,3,0,1,1,0,0,JNE,0,0,1,0,0,0,CALL,0,1,4320696,4320773,4320751,0,0,1,1,cpp,2.0697284082393488e-09,1.0,1,0,1
0x41edb2,JNZ,437,0,956,6,0x41edaf,TEST,1,Recursive,rdx(SAR) rdx(SAR) ,rflags ,TEST,3,SAR,4,MOV,12,MOV,12,MOV,12,ADD,3,MOV,8,MOV,8,MOV,8,MOV,7,0,1,0,0,0,JA,0,0,1,0,0,0,JE,0,0,4320618,4321646,4320696,0,0,0,1,cpp,2.0697284082393488e-09,0.0,0,0,0
0x41ed52,JZ,437,437,24,2,0x41ed4f,TEST,1,Recursive,rax(SAR) rax(SAR) ,rflags ,TEST,3,SAR,4,SUB,3,MOV,7,XOR,2,LEA,8,MOV,3,MOV,3,CALL_NEAR,5,MOV,3,0,1,1,0,0,JNE,0,0,1,0,0,0,CALL,0,1,4320541,4320618,4320596,0,0,1,1,cpp,2.0697284082393488e-09,1.0,1,0,1
0x41ed17,JNZ,437,0,1150,6,0x41ed14,TEST,1,Recursive,rdx(SAR) rdx(SAR) ,rflags ,TEST,3,SAR,4,MOV,12,MOV,12,MOV,12,ADD,3,MOV,8,MOV,8,MOV,8,MOV,7,0,1,0,0,0,JA,0,0,1,0,0,0,JE,0,0,4320474,4321685,4320541,0,0,0,1,cpp,2.0697284082393488e-09,0.0,0,0,0
0x41ecd4,JZ,437,0,6,2,0x41eccf,TEST,0,Recursive,al(-1) ,rflags ,MOVSQ,3,TEST,2,SHR,3,MOV,2,MOV,5,MOV,2,MOV,2,MOV,7,SUB,7,XOR,2,0,1,1,0,0,JNE,0,0,1,0,0,0,MOV,0,0,4320468,4320474,4320470,0,0,1,1,cpp,2.0697284082393488e-09,0.0,0,0,0
0x41eb48,JZ,437,437,24,2,0x41eb45,TEST,1,Recursive,rax(SAR) rax(SAR) ,rflags ,TEST,3,SAR,4,SUB,3,MOV,7,XOR,2,LEA,8,MOV,3,MOV,3,CALL_NEAR,5,MOV,3,0,1,1,0,0,TEST,0,0,1,0,0,0,CALL,0,1,4320019,4320096,4320074,0,0,1,1,cpp,2.0697284082393488e-09,1.0,1,0,1
0x41eb0d,JNZ,437,0,6189,6,0x41eab1,TEST,1,Recursive,rdx(SAR) rdx(SAR) ,rflags ,MOV,8,MOV,12,MOV,12,MOV,12,MOV,7,ADD,3,MOV,8,MOV,8,MOV,8,MOV,7,0,1,0,0,0,JA,0,0,1,0,0,0,JE,0,0,4319832,4326202,4320019,0,0,0,1,cpp,2.0697284082393488e-09,0.0,0,0,0
0x41ea4e,JZ,437,0,10,2,0x41ea4c,TEST,1,Recursive,al(-1) ,rflags ,TEST,2,MOV,5,MOV,2,MOV,2,JZ,2,MOVZX,4,MOV,4,MOV,7,MOV,7,XOR,2,0,1,1,0,0,JNE,0,0,1,0,0,0,MOV,0,0,4319820,4319832,4319824,0,0,1,1,cpp,2.0697284082393488e-09,0.0,0,0,0
0x512c9d,JNZ,2,2,-85,2,0x512c99,CMP,1,NonLeaf,r8d(-1) ,rflags ,CMP,4,JNZ,2,CMP,3,OR,2,LEA,4,ADD,7,POP,1,POP,1,RET_NEAR,1,CMP,4,0,0,0,1,1,JA,0,0,0,0,0,0,RET,1,0,5319833,5319752,5319839,0,0,0,0,cpp,9.47244122764004e-12,1.0,1,1,1
0x41ea41,JZ,437,0,11,2,0x41ea3c,TEST,0,Recursive,al(-1) ,rflags ,MOVSQ,3,TEST,2,SHR,3,MOV,2,MOV,5,MOV,2,MOV,2,MOV,5,TEST,2,JZ,2,0,1,1,0,0,JE,0,0,1,0,0,0,MOV,0,0,4319809,4319820,4319811,0,0,0,1,cpp,2.0697284082393488e-09,0.0,0,0,0
0x41e9f3,JZ,437,437,6,2,0x41e9ee,TEST,0,Recursive,al(-1) ,rflags ,MOVSQ,3,TEST,2,SHR,3,MOV,2,MOV,5,MOV,2,MOV,2,LEA,8,LEA,7,MOV,5,0,1,1,0,0,MOV,0,0,1,0,0,0,MOV,0,0,4319731,4319737,4319733,0,0,0,1,cpp,2.0697284082393488e-09,1.0,1,0,1
0x41e9a7,JZ,437,437,6,2,0x41e9a2,TEST,0,Recursive,al(-1) ,rflags ,MOVSQ,3,TEST,2,SHR,3,MOV,2,MOV,5,MOV,2,MOV,2,LEA,8,LEA,7,MOV,5,0,1,1,0,0,MOV,0,0,1,0,0,0,MOV,0,0,4319655,4319661,4319657,0,0,0,1,cpp,2.0697284082393488e-09,1.0,1,0,1
0x41e97e,JZ,437,0,31,2,0x41e939,CMP,0,Recursive,rsp(-1) ,rflags ,MOV,5,LEA,8,MOV,2,LEA,7,MOV,2,MOV,6,LEA,4,LEA,7,MOV,7,MOV,5,0,1,1,0,0,TEST,0,0,1,0,0,0,MOV,0,0,4319590,4319645,4319616,0,0,0,1,cpp,2.0697284082393488e-09,0.0,0,0,0
0x41e916,JZ,437,437,9,2,0x41e914,TEST,1,Recursive,al(-1) ,rflags ,TEST,2,ADD,4,MOV,4,MOVZX,4,JZ,2,MOVZX,4,MOV,3,MOV,6,LEA,8,LEA,7,0,1,1,0,0,MOV,0,0,1,0,0,0,MOV,0,0,4319508,4319519,4319512,0,0,1,1,cpp,2.0697284082393488e-09,1.0,1,0,1
0x41e906,JZ,437,437,14,2,0x41e904,TEST,1,Recursive,al(-1) ,rflags ,TEST,2,MOV,5,MOV,2,MOV,2,JZ,2,MOVZX,4,MOV,4,ADD,4,TEST,2,JZ,2,0,1,1,0,0,JE,0,0,1,0,0,0,ADD,0,0,4319492,4319508,4319496,0,0,0,1,cpp,2.0697284082393488e-09,1.0,1,0,1
0x41e8f9,JZ,437,0,11,2,0x41e8f4,TEST,0,Recursive,al(-1) ,rflags ,MOVSQ,3,TEST,2,SHR,3,XOR,2,MOV,2,MOV,2,MOV,2,MOV,5,TEST,2,JZ,2,0,1,1,0,0,JE,0,0,1,0,0,0,MOV,0,0,4319481,4319492,4319483,0,0,0,1,cpp,2.0697284082393488e-09,0.0,0,0,0
0x41e8db,JZ,437,0,18,2,0x41e8d7,TEST,1,Recursive,dil(LEA) ,rflags ,TEST,4,MOV,5,MOV,8,LEA,7,LEA,4,MOV,2,ADD,4,ADD,4,SUB,3,MOV,3,0,1,1,0,0,TEST,0,0,1,0,0,0,MOV,0,0,4319447,4319469,4319453,0,1,0,1,cpp,2.0697284082393488e-09,0.0,0,0,0
0x41e8b6,JZ,437,0,33,2,0x41e884,CMP,0,Recursive,rsp(-1) ,rflags ,MOV,5,LEA,8,MOV,3,LEA,7,MOVZX,3,MOVZX,7,LEA,4,LEA,7,MOV,8,MOV,5,0,1,1,0,0,JE,0,0,1,0,0,0,MOV,0,0,4319388,4319447,4319416,0,0,0,1,cpp,2.0697284082393488e-09,0.0,0,0,0
0x41e859,JNZ,437,0,-131,6,0x41e856,CMP,1,Recursive,bl(-1) ,rflags ,CMP,3,JZ,6,NOP,3,CMP,3,JZ,6,MOV,5,CALL_NEAR,5,MOV,3,MOV,3,CALL_NEAR,5,0,0,0,1,1,CALL,0,1,1,0,0,0,CALL,0,1,4319318,4319190,4319327,0,0,1,1,cpp,2.0697284082393488e-09,0.0,0,0,0
0x41e850,JZ,437,0,2469,6,0x41e84a,CMP,1,Recursive,bl(-1) ,rflags ,NOP,3,CMP,3,JZ,6,CMP,3,JNZ,6,CMP,3,JNZ,6,MOV,5,CALL_NEAR,5,MOV,3,0,1,0,0,0,JE,0,0,1,0,0,0,JNE,0,0,4319306,4321781,4319318,0,0,0,0,cpp,2.0697284082393488e-09,0.0,0,0,0
0x41e844,JZ,437,0,2502,6,0x41e841,CMP,1,Recursive,bl(-1) ,rflags ,CMP,3,JNZ,6,TEST,2,CALL_NEAR,5,MOV,2,CMP,3,NOP,3,JZ,6,CMP,3,JNZ,6,0,1,0,0,0,CALL,0,1,1,0,0,0,JE,0,0,4319297,4321802,4319306,0,0,1,0,cpp,2.0697284082393488e-09,0.0,0,0,0
0x41e83b,JNZ,606,606,1817,6,0x41e839,TEST,1,Recursive,eax(-1) eax(-1) ,rflags ,TEST,2,CALL_NEAR,5,MOV,2,JZ,2,TEST,2,CMP,3,JZ,6,CMP,3,NOP,3,JZ,6,0,1,0,0,0,CALL,0,1,0,0,0,0,JE,0,0,4319289,4321108,4319297,0,0,1,0,cpp,2.8701496919749323e-09,1.0,1,0,1
0x41e830,JZ,1043,437,17,2,0x41e82e,TEST,1,Recursive,eax(-1) eax(-1) ,rflags ,TEST,2,CALL_NEAR,5,MOV,2,JNZ,2,TEST,2,MOV,2,CALL_NEAR,5,TEST,2,JNZ,6,CMP,3,0,1,0,0,0,JE,0,0,1,0,0,0,CALL,0,1,4319278,4319297,4319282,0,0,0,1,cpp,4.939878100214281e-09,0.4189837008628955,0,0,0
0x41e825,JNZ,1043,0,-79,2,0x41e823,TEST,1,Recursive,eax(-1) eax(-1) ,rflags ,TEST,2,CALL_NEAR,5,MOV,2,MOVSX,3,MOVZX,8,MOV,2,CALL_NEAR,5,TEST,2,JZ,2,MOV,2,0,0,0,1,1,CALL,0,1,1,0,0,0,CALL,0,1,4319267,4319190,4319271,0,0,1,1,cpp,4.939878100214281e-09,0.0,0,0,0
0x41e80b,JNZ,1043,0,1847,6,0x41e806,TEST,1,Recursive,rdx(MOV) rax(MOV) ,rflags ,TEST,5,MOV,4,MOV,3,MOV,5,JNZ,6,MOVZX,8,MOVSX,3,MOV,2,CALL_NEAR,5,TEST,2,0,0,0,0,0,RET,1,0,1,0,0,0,CALL,0,1,4319226,4321090,4319249,0,0,0,1,cpp,4.939878100214281e-09,0.0,0,0,0
0x41e7f4,JNZ,1053,10,1870,6,0x41e7ef,TEST,1,Recursive,rax(-1) rdx(MOV) ,rflags ,TEST,5,MOV,4,MOV,3,CALL_NEAR,5,LEA,8,MOV,5,MOV,3,MOV,4,TEST,5,JNZ,6,0,1,0,0,0,RET,1,0,1,0,0,0,JNE,0,0,4319208,4321090,4319226,0,0,0,0,cpp,4.9872403063524815e-09,0.0094966761633428,0,0,0
0x41e3b8,JNZ,2129,2129,-104,2,0x41e3b4,CMP,1,NonLeaf,r12b(-1) ,rflags ,CMP,4,JZ,2,CMP,4,MOVZX,5,JNZ,2,MOV,3,MOV,3,CALL_NEAR,5,MOVZX,5,JMP,2,0,1,1,0,0,JA,0,0,1,0,0,0,CALL,0,1,4318132,4318032,4318138,0,0,0,1,cpp,1.0083413686822824e-08,1.0,1,0,1
0x41e3b2,JZ,2735,606,30,2,0x41e3ae,CMP,1,NonLeaf,r12b(MOVZX) ,rflags ,CMP,4,MOVZX,5,JNZ,2,TEST,5,MOV,4,CMP,4,JNZ,2,MOV,3,MOV,3,CALL_NEAR,5,0,0,1,0,0,RET,1,0,1,0,0,0,JNE,0,0,4318121,4318160,4318132,0,0,1,0,cpp,1.2953563378797756e-08,0.2215722120658135,0,0,0
0x41e3a7,JNZ,2735,0,41,2,0x41e3a2,TEST,1,NonLeaf,rax(-1) rdx(MOV) ,rflags ,TEST,5,MOV,4,MOV,3,CALL_NEAR,5,MOV,3,MOVZX,5,CMP,4,JZ,2,CMP,4,JNZ,2,0,1,1,0,0,RET,1,0,1,0,0,0,JE,0,0,4318107,4318160,4318121,0,0,1,0,cpp,1.2953563378797756e-08,0.0,0,0,0
0x41e38a,JNZ,2129,2129,136,6,0x41e384,CMP,1,NonLeaf,rax(MOV) ,rflags ,CMP,6,MOV,4,MOV,4,MOV,4,MOV,4,MOV,3,MOV,3,CALL_NEAR,5,MOV,3,MOV,4,0,1,0,0,0,JMP,0,0,0,1,1,1,CALL,0,1,4318076,4318226,4318096,0,0,1,1,cpp,1.0083413686822824e-08,1.0,1,0,1
0x41e367,JLE,652,652,21,2,0x41e365,TEST,1,NonLeaf,ecx(MOV) ecx(MOV) ,rflags ,TEST,2,MOV,3,JNBE,2,CMP,4,LEA,4,MOV,3,MOV,3,CALL_NEAR,5,MOV,4,MOV,4,0,0,1,0,0,JNE,0,0,0,0,0,0,CALL,0,1,4318050,4318076,4318057,0,0,1,1,cpp,3.088015840210653e-09,1.0,1,0,1
0x41e360,JNBE,2129,1477,9,2,0x41e35c,CMP,1,NonLeaf,r13(LEA) rax(MOV) ,rflags ,CMP,4,LEA,4,MOV,4,MOV,4,NOP,8,MOV,3,TEST,2,JLE,2,MOV,3,MOV,3,0,1,0,0,0,CALL,0,1,1,0,0,0,JLE,0,0,4318032,4318057,4318050,0,0,1,0,cpp,1.0083413686822824e-08,0.6937529356505402,1,0,1
0x41e341,JZ,1212,606,79,2,0x41e33d,CMP,1,NonLeaf,rsp(-1) ,rflags ,CMP,4,CALL_NEAR,5,MOV,3,MOV,3,JZ,2,JMP,5,NOP,8,MOV,4,MOV,4,LEA,4,0,1,0,1,0,CALL,0,1,1,0,0,0,JMP,0,0,4318013,4318096,4318019,1,0,1,0,cpp,5.7402993839498654e-09,0.5,0,0,0
0x41e330,JZ,1391,1381,-40,2,0x41e32b,TEST,1,NonLeaf,rax(-1) rdx(MOV) ,rflags ,TEST,5,MOV,4,MOV,3,CALL_NEAR,5,MOV,3,MOV,3,MOV,3,CALL_NEAR,5,CMP,4,JZ,2,0,1,0,0,0,CALL,0,1,1,1,0,0,CALL,1,1,4317988,4317960,4318002,0,0,1,1,cpp,6.5880828738236494e-09,0.9928109273903668,1,0,1
0x41e313,JZ,1381,1202,221,6,0x41e311,TEST,1,NonLeaf,eax(-1) eax(-1) ,rflags ,TEST,2,CALL_NEAR,5,MOVSX,4,NOP,5,JMP,2,MOV,3,MOV,3,CALL_NEAR,5,MOV,3,MOV,4,0,1,0,0,0,CALL,1,1,0,0,1,1,CALL,0,1,4317969,4318192,4317977,0,0,1,1,cpp,6.540720667685448e-09,0.8703837798696596,1,0,1
0x41e281,JZ,1379,1379,-97,2,0x41e27c,TEST,1,NonLeaf,rax(-1) rdx(MOV) ,rflags ,TEST,5,MOV,4,MOV,3,CALL_NEAR,5,MOV,3,ADD,4,MOV,3,POP,1,POP,1,POP,2,0,1,0,0,0,CALL,0,1,1,0,0,0,RET,1,0,4317813,4317728,4317827,0,0,1,0,cpp,6.531248226457808e-09,1.0,1,0,1
0x41e268,JNZ,773,773,70,2,0x41e262,CMP,1,NonLeaf,rax(MOV) ,rflags ,CMP,6,MOV,3,MOV,4,MOV,4,MOV,3,MOV,3,MOV,3,CALL_NEAR,5,MOV,3,MOV,4,0,1,0,0,0,JMP,0,0,0,1,1,1,CALL,0,1,4317787,4317870,4317802,0,0,1,1,cpp,3.661098534482876e-09,1.0,1,0,1
0x41e240,JNBE,773,773,9,2,0x41e23c,CMP,1,NonLeaf,r13(LEA) rdx(MOV) ,rflags ,CMP,4,LEA,4,MOV,4,MOV,3,JZ,2,MOV,3,TEST,2,JLE,2,MOV,3,MOV,3,0,1,0,0,0,CALL,0,1,1,0,0,0,JLE,0,0,4317745,4317769,4317762,0,0,1,0,cpp,3.661098534482876e-09,1.0,1,0,1
0x41e22f,JZ,1379,606,105,2,0x41e22d,TEST,1,NonLeaf,eax(-1) eax(-1) ,rflags ,TEST,2,CALL_NEAR,5,MOVSX,4,MOVZX,4,NOP,7,MOV,3,MOV,4,LEA,4,CMP,4,JNBE,2,0,1,0,0,0,CALL,1,1,1,0,0,0,JA,0,0,4317741,4317848,4317745,0,0,1,0,cpp,6.531248226457808e-09,0.4394488759970993,0,0,0
0x41e0a3,JNLE,11,0,-478,6,0x41e0a1,TEST,1,NonLeaf,eax(-1) eax(-1) ,rflags ,TEST,2,XADD_LOCK,4,MOV,5,JZ,6,TEST,3,LEA,5,CALL_NEAR,5,JMP,5,MOV,3,LEA,5,0,0,1,0,0,CALL,0,1,1,0,0,0,CALL,0,1,4317345,4316869,4317353,0,0,1,1,cpp,5.209842675202023e-11,0.0,0,0,0
0x41e092,JZ,11,11,346,6,0x41e08f,TEST,1,NonLeaf,rcx(MOV) rcx(MOV) ,rflags ,TEST,3,LEA,4,MOV,5,JMP,5,CALL_NEAR,5,MOV,5,XADD_LOCK,4,TEST,2,JNLE,6,LEA,5,0,1,0,0,0,JMP,0,0,1,0,0,0,LOCK XADD,0,0,4317318,4317676,4317336,0,0,1,0,cpp,5.209842675202023e-11,1.0,1,0,1
0x41e033,JNBE,10,0,321,6,0x41e030,CMP,1,NonLeaf,rsi(LEA) rax(MOV) ,rflags ,CMP,3,LEA,4,MOV,4,MOV,3,CALL_NEAR,5,XOR,2,MOV,5,MOV,3,CALL_NEAR,5,JMP,5,0,1,0,0,0,CALL,1,1,1,0,0,0,CALL,0,1,4317221,4317556,4317241,0,0,1,1,cpp,4.7362206138200205e-11,0.0,0,0,0
0x41dff0,JNZ,65,55,-132,6,0x41dfed,CMP,1,NonLeaf,ebp(-1) r12d(-1) ,rflags ,CMP,3,CALL_NEAR,5,MOV,3,LEA,5,NOP,9,MOV,5,LEA,5,XOR,2,XOR,2,MOV,4,0,0,1,0,0,JMP,0,0,1,0,0,0,CALL,0,1,4317165,4317036,4317174,0,0,0,1,cpp,3.0785433989830127e-10,0.8461538461538461,1,1,1
0x41dfbc,JZ,4769,0,-334,6,0x41dfb6,CMP,1,NonLeaf,rax(MOV) ,rflags ,CMP,6,MOV,5,MOV,4,MOV,4,MOV,5,MOV,7,MOV,4,MOV,5,JMP,5,NOP,9,0,0,1,0,0,JE,0,0,1,0,0,0,JMP,0,0,4317101,4316782,4317122,0,0,0,1,cpp,2.258703610730768e-08,0.0,0,0,0
0x41df95,JLE,4665,4665,24,2,0x41df93,TEST,1,NonLeaf,ecx(MOV) ecx(MOV) ,rflags ,TEST,2,MOV,3,JNBE,2,CMP,4,LEA,4,LEA,5,MOV,3,CALL_NEAR,5,MOV,5,MOV,4,0,0,1,0,0,JE,0,0,0,0,0,0,CALL,0,1,4317072,4317101,4317079,0,0,1,1,cpp,2.2094469163470397e-08,1.0,1,0,1
0x41df8e,JNBE,4769,104,9,2,0x41df8a,CMP,1,NonLeaf,r13(LEA) rax(MOV) ,rflags ,CMP,4,LEA,4,MOV,4,MOVZX,5,MOV,5,MOV,3,TEST,2,JLE,2,LEA,5,MOV,3,0,1,0,0,0,CALL,0,1,1,0,0,0,JLE,0,0,4317048,4317079,4317072,0,0,1,0,cpp,2.258703610730768e-08,0.0218075068148458,0,0,0
0x41df6a,JZ,99,65,118,2,0x41df68,TEST,1,NonLeaf,ebx(-1) ebx(-1) ,rflags ,TEST,2,NOP,3,RET_NEAR,1,POP,2,POP,2,ADD,3,JMP,5,NOP,4,MOV,5,MOVZX,5,0,1,0,0,0,CALL,0,1,1,1,0,0,JMP,0,0,4317032,4317152,4317036,0,1,1,0,cpp,4.688858407681821e-10,0.6565656565656566,1,0,1
0x41debf,JNZ,11,11,455,6,0x41deb8,CMP,1,NonLeaf,rdi(LEA) ,rflags ,CMP,7,LEA,4,MOV,5,JZ,6,TEST,3,LEA,5,MOV,9,MOV,12,MOV,9,LEA,4,0,1,0,0,0,JE,0,0,1,1,0,0,CALL,0,1,4316847,4317318,4316869,0,0,0,1,cpp,5.209842675202023e-11,1.0,1,1,1
0x41dea9,JZ,11,0,447,6,0x41dea6,TEST,1,NonLeaf,rax(-1) rax(-1) ,rflags ,TEST,3,CALL_NEAR,5,LEA,4,LEA,5,NOP,6,MOV,5,LEA,4,CMP,7,JNZ,6,LEA,5,0,1,0,0,0,CALL,0,1,1,1,0,0,JNE,0,0,4316838,4317288,4316847,0,0,1,0,cpp,5.209842675202023e-11,0.0,0,0,0
0x41de86,JZ,65,10,402,6,0x41de83,CMP,1,NonLeaf,ebp(-1) r12d(-1) ,rflags ,CMP,3,JNZ,2,SUB,3,JNZ,2,CMP,2,ADD,3,NOP,1,JMP,2,NOP,6,LEA,5,0,1,0,0,0,CALL,0,1,1,0,0,0,JMP,0,0,4316803,4317208,4316812,0,1,1,0,cpp,3.0785433989830127e-10,0.1538461538461538,0,0,0
0x41de81,JNZ,99,34,-57,2,0x41de7e,SUB,1,NonLeaf,ebx(SUB) ,ebx rflags ,SUB,3,JNZ,2,CMP,2,JZ,6,CMP,2,CMP,3,JZ,6,ADD,3,NOP,1,JMP,2,0,0,0,1,1,CALL,0,1,1,0,0,0,JE,0,0,4316798,4316744,4316803,0,0,1,0,cpp,4.688858407681821e-10,0.3434343434343434,0,1,0
0x41de7c,JNZ,24824,24725,-52,2,0x41de7a,CMP,1,NonLeaf,al(-1) ,rflags ,CMP,2,JZ,6,CMP,2,MOVZX,4,JZ,6,SUB,3,JNZ,2,CMP,3,JZ,6,ADD,3,0,0,0,1,1,CALL,0,1,1,0,0,0,JNE,0,0,4316794,4316744,4316798,0,0,1,0,cpp,1.1757194051746821e-07,0.9960119239445696,1,0,1
0x41de74,JZ,24923,99,244,6,0x41de72,CMP,1,NonLeaf,al(MOVZX) ,rflags ,CMP,2,MOVZX,4,JZ,6,JNLE,2,CMP,3,CMP,2,JNZ,2,SUB,3,JNZ,2,CMP,3,0,1,0,0,0,JE,0,0,1,0,0,0,JNE,0,0,4316782,4317032,4316794,0,0,0,0,cpp,1.1804082635823637e-07,0.0039722344822051,0,0,0
0x41de68,JZ,24923,4769,272,6,0x41de63,CMP,0,NonLeaf,ebp(-1) r12d(-1) ,rflags ,JNLE,2,CMP,3,JNZ,2,TEST,5,MOV,4,MOVZX,4,CMP,2,JZ,6,CMP,2,JNZ,2,0,1,0,0,0,JA,0,0,1,1,0,0,JE,0,0,4316776,4317048,4316782,0,0,0,0,cpp,1.1804082635823637e-07,0.1913493560165309,0,0,0
0x41de66,JNLE,24933,10,50,2,0x41de63,CMP,1,NonLeaf,ebp(-1) r12d(-1) ,rflags ,CMP,3,JNZ,2,TEST,5,MOV,4,MOV,3,JZ,6,MOVZX,4,CMP,2,JZ,6,CMP,2,0,0,0,0,0,CALL,1,1,1,0,0,0,JE,0,0,4316771,4316824,4316776,0,0,1,0,cpp,1.1808818856437457e-07,0.0004010748806802,0,0,0
0x41de61,JNZ,24934,1,55,2,0x41de5c,TEST,1,NonLeaf,rax(-1) rdx(MOV) ,rflags ,TEST,5,MOV,4,MOV,3,CALL_NEAR,5,MOV,3,CMP,3,JNLE,2,JZ,6,MOVZX,4,CMP,2,0,1,0,0,0,CALL,1,1,1,0,0,0,JG,0,0,4316757,4316824,4316771,0,0,1,0,cpp,1.180929247849884e-07,4.010587952193792e-05,0,0,0
0x41de0f,JNZ,11,0,897,6,0x41ddf7,TEST,1,NonLeaf,rsp(-1) ,rflags ,MOV,7,MOV,9,TEST,8,CALL_NEAR,5,XOR,2,MOV,5,LEA,5,MOV,7,LEA,5,XOR,2,0,1,0,0,0,CALL,0,1,1,0,0,0,CALL,0,1,4316663,4317584,4316693,1,1,1,1,cpp,5.209842675202023e-11,0.0,0,0,0
0x41dde6,JZ,11,0,615,6,0x41ddd9,TEST,1,NonLeaf,rax(MOV) rax(MOV) ,rflags ,MOV,5,LEA,5,TEST,3,CALL_NEAR,5,LEA,4,ADD,4,XOR,2,CALL_NEAR,5,TEST,8,MOV,9,0,1,0,0,0,CALL,0,1,1,0,0,0,CALL,0,1,4316633,4317261,4316652,0,0,1,1,cpp,5.209842675202023e-11,0.0,0,0,0
0x41dc9d,JZ,85,85,21,2,0x41dc9a,TEST,1,Recursive,rdi(MOV) rdi(MOV) ,rflags ,TEST,3,MOV,7,MOV,5,CALL_NEAR,5,JZ,2,ADD,4,POP,1,POP,1,POP,2,POP,2,0,1,0,0,0,RET,0,0,1,0,0,0,JMP,0,0,4316307,4316338,4316319,0,0,0,0,cpp,4.0257875217470176e-10,1.0,1,0,1
0x41dc87,JZ,85,1,12,2,0x41dc84,TEST,1,Recursive,rdi(MOV) rdi(MOV) ,rflags ,TEST,3,MOV,7,MOV,5,CALL_NEAR,5,JZ,2,CALL_NEAR,5,MOV,5,MOV,7,TEST,3,JZ,2,0,1,1,0,0,JE,0,0,1,0,0,0,CALL,0,1,4316285,4316307,4316297,0,0,0,1,cpp,4.0257875217470176e-10,0.0117647058823529,0,0,0
0x41dc71,JZ,85,1,12,2,0x41dc6e,TEST,1,Recursive,rdi(MOV) rdi(MOV) ,rflags ,TEST,3,MOV,7,MOV,5,CALL_NEAR,5,JZ,2,CALL_NEAR,5,MOV,5,MOV,7,TEST,3,JZ,2,0,1,1,0,0,JE,0,0,1,0,0,0,CALL,0,1,4316258,4316285,4316275,0,0,0,1,cpp,4.0257875217470176e-10,0.0117647058823529,0,0,0
0x41dc5b,JZ,85,3,7,2,0x41dc58,TEST,1,Recursive,rdi(MOV) rdi(MOV) ,rflags ,TEST,3,MOV,3,JMP,5,MOV,3,CALL_NEAR,5,CALL_NEAR,5,MOV,5,MOV,7,TEST,3,JZ,2,0,1,1,0,0,JE,0,0,1,0,0,0,CALL,0,1,4316248,4316258,4316253,0,0,0,1,cpp,4.0257875217470176e-10,0.0352941176470588,0,0,0
0x41db6f,JNZ,82,0,-740,6,0x41db6a,CMP,1,Recursive,rsp(-1) rax(MOV) ,rflags ,CMP,5,MOV,5,ADD,9,ADD,9,CALL_NEAR,5,MOV,5,MOV,7,JMP,5,NOP,10,MOV,3,0,0,0,1,1,CALL,0,1,1,1,0,0,JMP,1,0,4315987,4315275,4316021,1,0,1,0,cpp,3.8837009033324166e-10,0.0,0,1,0
0x41db4c,JZ,82,82,7,2,0x41db49,TEST,1,Recursive,rdi(MOV) rdi(MOV) ,rflags ,TEST,3,MOV,8,MOV,5,CALL_NEAR,5,JZ,2,CALL_NEAR,5,ADD,9,ADD,9,MOV,5,CMP,5,0,1,1,0,0,JNE,0,0,1,0,0,0,CALL,0,1,4315969,4315987,4315982,0,0,1,1,cpp,3.8837009033324166e-10,1.0,1,0,1
0x41db35,JZ,82,0,12,2,0x41db32,TEST,1,Recursive,rdi(MOV) rdi(MOV) ,rflags ,TEST,3,MOV,8,MOV,5,CALL_NEAR,5,JZ,2,CALL_NEAR,5,MOV,5,MOV,8,TEST,3,JZ,2,0,1,1,0,0,JE,0,0,1,0,0,0,CALL,0,1,4315941,4315969,4315959,0,0,0,1,cpp,3.8837009033324166e-10,0.0,0,0,0
0x41db1e,JZ,82,0,7,2,0x41db1b,TEST,1,Recursive,rdi(MOV) rdi(MOV) ,rflags ,TEST,3,SUB,5,MOV,3,MOV,7,MOV,5,CALL_NEAR,5,MOV,5,MOV,8,TEST,3,JZ,2,0,1,1,0,0,JE,0,0,1,0,0,0,CALL,0,1,4315911,4315941,4315936,0,0,0,1,cpp,3.8837009033324166e-10,0.0,0,0,0
0x41db00,JZ,82,3,7,2,0x41dafd,TEST,1,Recursive,rdi(MOV) rdi(MOV) ,rflags ,TEST,3,MOV,7,MOV,5,JNZ,6,CMP,5,CALL_NEAR,5,MOV,5,MOV,7,MOV,3,SUB,5,0,1,1,0,0,JE,0,0,1,0,0,0,CALL,0,1,4315901,4315911,4315906,0,0,0,1,cpp,3.8837009033324166e-10,0.0365853658536585,0,0,0
0x41daeb,JNZ,79,0,-541,6,0x41dae6,CMP,1,Recursive,rsp(-1) rax(MOV) ,rflags ,CMP,5,MOV,5,ADD,9,ADD,9,CALL_NEAR,5,MOV,5,MOV,7,TEST,3,JZ,2,CALL_NEAR,5,0,0,0,1,1,CALL,0,1,1,1,0,0,MOV,1,0,4315855,4315342,4315889,1,0,1,0,cpp,3.7416142849178157e-10,0.0,0,1,0
0x41dac8,JZ,79,79,7,2,0x41dac5,TEST,1,Recursive,rdi(MOV) rdi(MOV) ,rflags ,TEST,3,MOV,8,MOV,5,CALL_NEAR,5,JZ,2,CALL_NEAR,5,ADD,9,ADD,9,MOV,5,CMP,5,0,1,1,0,0,JNE,0,0,1,0,0,0,CALL,0,1,4315837,4315855,4315850,0,0,1,1,cpp,3.7416142849178157e-10,1.0,1,0,1
0x41dab1,JZ,79,0,12,2,0x41daae,TEST,1,Recursive,rdi(MOV) rdi(MOV) ,rflags ,TEST,3,MOV,8,MOV,5,CALL_NEAR,5,JZ,2,CALL_NEAR,5,MOV,5,MOV,8,TEST,3,JZ,2,0,1,1,0,0,JE,0,0,1,0,0,0,CALL,0,1,4315809,4315837,4315827,0,0,0,1,cpp,3.7416142849178157e-10,0.0,0,0,0
0x41da9a,JZ,79,0,7,2,0x41da97,TEST,1,Recursive,rdi(MOV) rdi(MOV) ,rflags ,TEST,3,SUB,5,MOV,3,MOV,7,MOV,5,CALL_NEAR,5,MOV,5,MOV,8,TEST,3,JZ,2,0,1,1,0,0,JE,0,0,1,0,0,0,CALL,0,1,4315779,4315809,4315804,0,0,0,1,cpp,3.7416142849178157e-10,0.0,0,0,0
0x41da7c,JZ,79,1,7,2,0x41da79,TEST,1,Recursive,rdi(-1) rdi(-1) ,rflags ,TEST,3,MOV,7,MOV,5,JNZ,6,CMP,5,CALL_NEAR,5,MOV,5,MOV,7,MOV,3,SUB,5,0,1,1,0,0,JE,0,0,1,0,0,0,CALL,0,1,4315769,4315779,4315774,0,0,0,1,cpp,3.7416142849178157e-10,0.0126582278481012,0,0,0
0x41da67,JNZ,78,0,-342,6,0x41da62,CMP,1,Recursive,rsp(-1) rax(MOV) ,rflags ,CMP,5,MOV,5,ADD,9,ADD,9,CALL_NEAR,5,MOV,5,MOV,7,TEST,3,JZ,2,CALL_NEAR,5,0,0,0,1,1,CALL,0,1,1,1,0,0,MOV,1,0,4315723,4315409,4315757,1,0,1,0,cpp,3.6942520787796156e-10,0.0,0,1,0
0x41da44,JZ,78,78,7,2,0x41da41,TEST,1,Recursive,rdi(MOV) rdi(MOV) ,rflags ,TEST,3,MOV,8,MOV,5,CALL_NEAR,5,JZ,2,CALL_NEAR,5,ADD,9,ADD,9,MOV,5,CMP,5,0,1,1,0,0,JNE,0,0,1,0,0,0,CALL,0,1,4315705,4315723,4315718,0,0,1,1,cpp,3.6942520787796156e-10,1.0,1,0,1
0x41da2d,JZ,78,0,12,2,0x41da2a,TEST,1,Recursive,rdi(MOV) rdi(MOV) ,rflags ,TEST,3,MOV,8,MOV,5,CALL_NEAR,5,JZ,2,CALL_NEAR,5,MOV,5,MOV,8,TEST,3,JZ,2,0,1,1,0,0,JE,0,0,1,0,0,0,CALL,0,1,4315677,4315705,4315695,0,0,0,1,cpp,3.6942520787796156e-10,0.0,0,0,0
0x41da16,JZ,78,0,7,2,0x41da13,TEST,1,Recursive,rdi(MOV) rdi(MOV) ,rflags ,TEST,3,SUB,5,MOV,3,MOV,7,MOV,5,CALL_NEAR,5,MOV,5,MOV,8,TEST,3,JZ,2,0,1,1,0,0,JE,0,0,1,0,0,0,CALL,0,1,4315647,4315677,4315672,0,0,0,1,cpp,3.6942520787796156e-10,0.0,0,0,0
0x41d9f8,JZ,78,4,7,2,0x41d9f5,TEST,1,Recursive,rdi(MOV) rdi(MOV) ,rflags ,TEST,3,MOV,7,MOV,5,JNZ,6,CMP,3,CALL_NEAR,5,MOV,5,MOV,7,MOV,3,SUB,5,0,1,1,0,0,JE,0,0,1,0,0,0,CALL,0,1,4315637,4315647,4315642,0,0,0,1,cpp,3.6942520787796156e-10,0.0512820512820512,0,0,0
0x41d9e3,JNZ,74,0,-155,6,0x41d9e0,CMP,1,Recursive,r15(-1) r12(ADD) ,rflags ,CMP,3,ADD,7,ADD,7,CALL_NEAR,5,JZ,2,MOV,5,MOV,7,TEST,3,JZ,2,CALL_NEAR,5,0,0,0,1,1,CALL,0,1,1,1,0,0,MOV,1,0,4315602,4315464,4315625,0,0,1,0,cpp,3.5048032542268145e-10,0.0,0,1,0
0x41d9cb,JZ,74,74,7,2,0x41d9c8,TEST,1,Recursive,rdi(MOV) rdi(MOV) ,rflags ,TEST,3,MOV,8,CALL_NEAR,5,JZ,2,TEST,3,CALL_NEAR,5,ADD,7,ADD,7,CMP,3,JNZ,6,0,1,1,0,0,JNE,0,0,1,0,0,0,CALL,0,1,4315584,4315602,4315597,0,0,0,1,cpp,3.5048032542268145e-10,1.0,1,0,1
0x41d9b9,JZ,74,0,7,2,0x41d9b6,TEST,1,Recursive,rdi(MOV) rdi(MOV) ,rflags ,TEST,3,MOV,8,CALL_NEAR,5,JZ,2,TEST,3,CALL_NEAR,5,MOV,8,TEST,3,JZ,2,CALL_NEAR,5,0,1,1,0,0,JE,0,0,1,0,0,0,CALL,0,1,4315566,4315584,4315579,0,0,0,1,cpp,3.5048032542268145e-10,0.0,0,0,0
0x41d9a7,JZ,74,0,7,2,0x41d9a4,TEST,1,Recursive,rdi(MOV) rdi(MOV) ,rflags ,TEST,3,SUB,3,MOV,3,MOV,8,CALL_NEAR,5,CALL_NEAR,5,MOV,8,TEST,3,JZ,2,CALL_NEAR,5,0,1,1,0,0,JE,0,0,1,0,0,0,CALL,0,1,4315542,4315566,4315561,0,0,0,1,cpp,3.5048032542268145e-10,0.0,0,0,0
0x41d98f,JZ,74,0,7,2,0x41d98c,TEST,1,Recursive,rdi(MOV) rdi(MOV) ,rflags ,TEST,3,MOV,8,JNZ,2,CMP,3,ADD,7,CALL_NEAR,5,MOV,8,MOV,3,SUB,3,TEST,3,0,1,1,0,0,JE,0,0,1,0,0,0,CALL,0,1,4315532,4315542,4315537,0,0,0,1,cpp,3.5048032542268145e-10,0.0,0,0,0
0x41d982,JNZ,74,0,-18,2,0x41d97f,CMP,1,Recursive,rbp(-1) rbx(ADD) ,rflags ,CMP,3,ADD,7,CALL_NEAR,5,MOV,3,NOP,2,MOV,8,TEST,3,JZ,2,CALL_NEAR,5,MOV,8,0,0,0,1,1,CALL,0,1,1,1,0,0,MOV,1,0,4315512,4315504,4315524,0,0,1,0,cpp,3.5048032542268145e-10,0.0,0,1,0
0x41d968,JZ,74,0,552,6,0x41d965,CMP,1,Recursive,rbp(MOV) rbx(MOV) ,rflags ,CMP,3,MOV,4,MOV,4,CALL_NEAR,5,LEA,8,NOP,2,MOV,3,CALL_NEAR,5,ADD,7,CMP,3,0,1,0,0,0,JMP,0,0,1,0,0,0,NOP,0,0,4315485,4316048,4315502,0,0,0,0,cpp,3.5048032542268145e-10,0.0,0,0,0
0x41d933,JZ,78,4,613,6,0x41d930,CMP,1,Recursive,r15(MOV) r14(MOV) ,rflags ,CMP,3,MOV,4,MOV,3,MOV,5,CALL_NEAR,5,LEA,7,MOV,3,NOP,5,MOV,8,LEA,8,0,1,0,0,0,JMP,0,0,1,0,0,0,NOP,0,0,4315428,4316056,4315449,0,0,0,0,cpp,3.6942520787796156e-10,0.0512820512820512,0,0,0
0x41d8fa,JZ,79,1,678,6,0x41d8ed,CMP,1,Recursive,rdx(MOV) rax(MOV) ,rflags ,MOV,5,MOV,5,CMP,3,MOV,4,MOV,3,LEA,7,MOV,5,MOV,5,MOV,7,LEA,7,0,1,0,0,0,JMP,0,0,1,0,0,0,MOV,0,0,4315361,4316064,4315392,0,0,0,1,cpp,3.7416142849178157e-10,0.0126582278481012,0,0,0
0x41d8b7,JZ,82,3,918,6,0x41d8aa,CMP,1,Recursive,rcx(MOV) rax(MOV) ,rflags ,MOV,5,MOV,5,CMP,3,MOV,4,MOV,3,LEA,7,MOV,5,MOV,5,MOV,7,LEA,7,0,1,0,0,0,JMP,0,0,1,0,0,0,MOV,0,0,4315294,4316237,4315325,0,0,0,1,cpp,3.8837009033324166e-10,0.0365853658536585,0,0,0
0x41d874,JZ,85,3,993,6,0x41d867,CMP,1,Recursive,rdx(MOV) rax(MOV) ,rflags ,MOV,5,MOV,5,CMP,3,MOV,7,MOV,7,LEA,7,MOV,5,MOV,5,MOV,7,LEA,7,0,1,0,0,0,MOV,0,0,1,0,0,0,MOV,0,0,4315225,4316245,4315258,0,0,0,1,cpp,4.0257875217470176e-10,0.0352941176470588,0,0,0
0x41d7e2,JNLE,473,0,-353,6,0x41d7e0,TEST,1,Recursive,eax(-1) eax(-1) ,rflags ,TEST,2,XADD_LOCK,4,MOV,5,JZ,2,TEST,3,LEA,5,CALL_NEAR,5,JMP,5,MOV,3,LEA,3,0,0,1,0,0,JNE,0,0,1,0,0,0,CALL,0,1,4315104,4314753,4315112,0,0,0,1,cpp,2.240232350336869e-09,0.0,0,0,0
0x41d7d5,JZ,473,473,63,2,0x41d7d2,TEST,1,Recursive,rcx(MOV) rcx(MOV) ,rflags ,TEST,3,LEA,4,MOV,5,JMP,5,CALL_NEAR,5,MOV,5,XADD_LOCK,4,TEST,2,JNLE,6,LEA,5,0,1,0,0,0,JMP,0,0,1,0,0,0,LOCK XADD,0,0,4315081,4315156,4315095,0,0,1,0,cpp,2.240232350336869e-09,1.0,1,0,1
0x41d7b4,JNLE,473,0,-281,6,0x41d7b2,TEST,1,Recursive,eax(-1) eax(-1) ,rflags ,TEST,2,XADD_LOCK,4,MOV,5,JZ,2,TEST,3,LEA,5,CALL_NEAR,5,JMP,5,MOV,5,LEA,4,0,0,1,0,0,CALL,0,1,1,0,0,0,CALL,0,1,4315058,4314779,4315066,0,0,1,1,cpp,2.240232350336869e-09,0.0,0,0,0
0x41d7a7,JZ,473,473,80,2,0x41d7a4,TEST,1,Recursive,rcx(MOV) rcx(MOV) ,rflags ,TEST,3,LEA,4,MOV,5,JMP,2,MOV,2,MOV,5,XADD_LOCK,4,TEST,2,JNLE,6,LEA,5,0,1,0,0,0,JMP,0,0,1,0,0,0,LOCK XADD,0,0,4315035,4315127,4315049,0,0,1,0,cpp,2.240232350336869e-09,1.0,1,0,1
0x5119d5,JZ,1,0,211,6,0x5119b9,CMP,1,Leaf,r13d(AND) ,rflags ,MOV,6,MOV,6,MOV,6,MOV,6,CMP,4,CMP,4,MOV,6,JNZ,6,ADD,3,LEA,4,0,1,0,0,0,JMP,0,0,1,0,0,0,JNE,0,0,5314944,5315240,5315035,0,0,0,0,cpp,4.736220613820021e-12,0.0,0,0,0
0x41d779,JNLE,28,0,-534,6,0x41d777,TEST,1,Recursive,eax(-1) eax(-1) ,rflags ,TEST,2,XADD_LOCK,4,MOV,5,JZ,6,TEST,3,LEA,5,CALL_NEAR,5,JMP,5,MOV,3,LEA,3,0,0,1,0,0,JNE,0,0,1,0,0,0,CALL,0,1,4314999,4314467,4315007,0,0,0,1,cpp,1.3261417718696055e-10,0.0,0,0,0
0x41d768,JZ,28,28,156,6,0x41d765,TEST,1,Recursive,rcx(MOV) rcx(MOV) ,rflags ,TEST,3,LEA,4,MOV,5,JMP,5,CALL_NEAR,5,MOV,5,XADD_LOCK,4,TEST,2,JNLE,6,LEA,5,0,1,0,0,0,JMP,0,0,1,0,0,0,LOCK XADD,0,0,4314972,4315140,4314990,0,0,1,0,cpp,1.3261417718696055e-10,1.0,1,0,1
0x41d747,JNLE,28,0,-458,6,0x41d745,TEST,1,Recursive,eax(-1) eax(-1) ,rflags ,TEST,2,XADD_LOCK,4,MOV,5,JZ,2,TEST,3,LEA,5,CALL_NEAR,5,JMP,5,MOV,5,LEA,4,0,0,1,0,0,CALL,0,1,1,0,0,0,CALL,0,1,4314949,4314493,4314957,0,0,1,1,cpp,1.3261417718696055e-10,0.0,0,0,0
0x41d73a,JZ,28,28,84,2,0x41d737,TEST,1,Recursive,rcx(MOV) rcx(MOV) ,rflags ,TEST,3,LEA,4,MOV,5,JMP,2,MOV,2,MOV,5,XADD_LOCK,4,TEST,2,JNLE,6,LEA,5,0,1,0,0,0,JMP,0,0,1,0,0,0,LOCK XADD,0,0,4314926,4315022,4314940,0,0,1,0,cpp,1.3261417718696055e-10,1.0,1,0,1
0x41d6ff,JNLE,96,0,-206,6,0x41d6fd,TEST,1,Recursive,eax(-1) eax(-1) ,rflags ,TEST,2,XADD_LOCK,4,MOV,5,JZ,2,TEST,3,LEA,5,CALL_NEAR,5,JMP,5,MOV,3,LEA,3,0,0,1,0,0,JNE,0,0,1,0,0,0,CALL,0,1,4314877,4314673,4314885,0,0,0,1,cpp,4.5467717892672196e-10,0.0,0,0,0
0x41d6f2,JZ,96,96,47,2,0x41d6ef,TEST,1,Recursive,rcx(MOV) rcx(MOV) ,rflags ,TEST,3,LEA,4,MOV,5,JMP,5,CALL_NEAR,5,MOV,5,XADD_LOCK,4,TEST,2,JNLE,6,LEA,5,0,1,0,0,0,JMP,0,0,1,0,0,0,LOCK XADD,0,0,4314854,4314913,4314868,0,0,1,0,cpp,4.5467717892672196e-10,1.0,1,0,1
0x41d6d1,JNLE,96,0,-138,6,0x41d6cf,TEST,1,Recursive,eax(-1) eax(-1) ,rflags ,TEST,2,XADD_LOCK,4,MOV,5,JZ,2,TEST,3,LEA,5,CALL_NEAR,5,JMP,5,MOV,5,LEA,4,0,0,1,0,0,CALL,0,1,1,0,0,0,CALL,0,1,4314831,4314695,4314839,0,0,1,1,cpp,4.5467717892672196e-10,0.0,0,0,0
0x41d6c4,JZ,96,96,80,2,0x41d6c1,TEST,1,Recursive,rcx(MOV) rcx(MOV) ,rflags ,TEST,3,LEA,4,MOV,5,JMP,5,MOV,5,MOV,5,XADD_LOCK,4,TEST,2,JNLE,6,LEA,5,0,1,0,0,0,JMP,0,0,1,0,0,0,LOCK XADD,0,0,4314808,4314900,4314822,0,0,1,0,cpp,4.5467717892672196e-10,1.0,1,0,1
0x41d6a8,JZ,473,447,-538,6,0x41d6a5,TEST,1,Recursive,rbp(-1) rbp(-1) ,rflags ,TEST,3,CALL_NEAR,5,MOV,5,JNZ,6,CMP,7,MOV,5,JMP,5,MOV,5,LEA,4,TEST,3,0,0,1,0,0,RET,1,0,1,0,0,0,JMP,0,0,4314789,4314254,4314798,0,0,0,1,cpp,2.240232350336869e-09,0.945031712473573,1,0,1
0x41d695,JNZ,473,473,262,6,0x41d68e,CMP,1,Recursive,rdi(LEA) ,rflags ,CMP,7,LEA,4,MOV,4,MOV,5,JNZ,6,MOV,5,CALL_NEAR,5,TEST,3,JZ,6,MOV,5,0,1,0,0,0,JE,0,0,1,1,0,0,CALL,0,1,4314753,4315035,4314779,0,0,0,1,cpp,2.240232350336869e-09,1.0,1,0,1
0x41d67b,JNZ,473,473,334,6,0x41d674,CMP,1,Recursive,rdi(LEA) ,rflags ,CMP,7,LEA,4,MOV,4,MOV,4,MOV,5,MOV,5,MOV,4,LEA,4,CMP,7,JNZ,6,0,1,0,0,0,JE,0,0,1,1,0,0,JNE,0,0,4314723,4315081,4314753,0,0,0,0,cpp,2.240232350336869e-09,1.0,1,0,1
0x41d654,JZ,96,79,15,2,0x41d651,TEST,1,Recursive,rbp(-1) rbp(-1) ,rflags ,TEST,3,CALL_NEAR,5,MOV,5,JNZ,2,CMP,7,MOV,5,MOV,3,JMP,5,MOV,5,MOV,4,0,0,1,0,0,JNE,1,0,1,0,0,0,JMP,0,0,4314705,4314723,4314710,0,0,0,1,cpp,4.5467717892672196e-10,0.8229166666666666,1,0,1
0x41d645,JNZ,96,96,115,2,0x41d63e,CMP,1,Recursive,rdi(LEA) ,rflags ,CMP,7,LEA,4,MOV,4,MOV,5,JNZ,6,MOV,5,CALL_NEAR,5,TEST,3,JZ,2,MOV,5,0,1,0,0,0,JE,0,0,1,1,0,0,CALL,0,1,4314673,4314808,4314695,0,0,0,1,cpp,4.5467717892672196e-10,1.0,1,0,1
0x41d62b,JNZ,96,96,187,6,0x41d624,CMP,1,Recursive,rdi(LEA) ,rflags ,CMP,7,LEA,4,MOV,4,MOV,4,MOV,5,MOV,5,MOV,4,LEA,4,CMP,7,JNZ,2,0,1,0,0,0,JE,0,0,1,1,0,0,JNE,0,0,4314643,4314854,4314673,0,0,0,0,cpp,4.5467717892672196e-10,1.0,1,0,1
0x41d5e4,JNLE,9,0,-563,6,0x41d5e2,TEST,1,Recursive,eax(-1) eax(-1) ,rflags ,TEST,2,XADD_LOCK,4,MOV,5,JZ,2,TEST,3,LEA,5,CALL_NEAR,5,JMP,5,MOV,3,LEA,3,0,0,1,0,0,JNE,0,0,1,0,0,0,CALL,0,1,4314594,4314033,4314602,0,0,0,1,cpp,4.262598552438018e-11,0.0,0,0,0
0x41d5d7,JZ,9,9,47,2,0x41d5d4,TEST,1,Recursive,rcx(MOV) rcx(MOV) ,rflags ,TEST,3,LEA,4,MOV,5,JMP,5,CALL_NEAR,5,MOV,5,XADD_LOCK,4,TEST,2,JNLE,6,LEA,5,0,1,0,0,0,JMP,0,0,1,0,0,0,LOCK XADD,0,0,4314571,4314630,4314585,0,0,1,0,cpp,4.262598552438018e-11,1.0,1,0,1
0x41d5b6,JNLE,9,0,-491,6,0x41d5b4,TEST,1,Recursive,eax(-1) eax(-1) ,rflags ,TEST,2,XADD_LOCK,4,MOV,5,JZ,2,TEST,3,LEA,5,CALL_NEAR,5,JMP,5,MOV,5,LEA,4,0,0,1,0,0,CALL,0,1,1,0,0,0,CALL,0,1,4314548,4314059,4314556,0,0,1,1,cpp,4.262598552438018e-11,0.0,0,0,0
0x511805,JZ,29,29,8,2,0x511802,AND,1,Leaf,ecx(AND) ,ecx rflags ,AND,3,ADD,4,MOV,4,JZ,2,MOV,4,ADD,3,AND,3,CMP,4,MOV,4,JZ,2,0,1,1,0,0,JE,0,0,1,0,0,0,AND,0,0,5314554,5314573,5314567,0,0,1,0,cpp,1.3735039780078059e-10,1.0,1,0,1
0x41d5a9,JZ,9,9,80,2,0x41d5a6,TEST,1,Recursive,rcx(MOV) rcx(MOV) ,rflags ,TEST,3,LEA,4,MOV,5,JMP,5,MOV,3,MOV,5,XADD_LOCK,4,TEST,2,JNLE,6,LEA,5,0,1,0,0,0,JMP,0,0,1,0,0,0,LOCK XADD,0,0,4314525,4314617,4314539,0,0,1,0,cpp,4.262598552438018e-11,1.0,1,0,1
0x41d58a,JZ,28,26,137,6,0x41d587,TEST,1,Recursive,rbp(-1) rbp(-1) ,rflags ,TEST,3,CALL_NEAR,5,MOV,5,JNZ,6,CMP,7,MOV,5,MOV,3,JMP,5,MOV,5,LEA,4,0,0,1,0,0,JNE,1,0,1,0,0,0,JMP,0,0,4314503,4314643,4314512,0,0,0,1,cpp,1.3261417718696055e-10,0.9285714285714286,1,0,1
0x41d577,JNZ,28,28,439,6,0x41d570,CMP,1,Recursive,rdi(LEA) ,rflags ,CMP,7,LEA,4,MOV,4,MOV,5,JNZ,6,MOV,5,CALL_NEAR,5,TEST,3,JZ,6,MOV,5,0,1,0,0,0,JE,0,0,1,1,0,0,CALL,0,1,4314467,4314926,4314493,0,0,0,1,cpp,1.3261417718696055e-10,1.0,1,0,1
0x41d55d,JNZ,28,28,511,6,0x41d556,CMP,1,Recursive,rdi(LEA) ,rflags ,CMP,7,LEA,4,MOV,4,MOV,4,MOV,5,MOV,5,MOV,4,LEA,4,CMP,7,JNZ,6,0,1,0,0,0,JE,0,0,1,1,0,0,JNE,0,0,4314437,4314972,4314467,0,0,0,0,cpp,1.3261417718696055e-10,1.0,1,0,1
0x41d3d8,JZ,9,9,365,6,0x41d3d5,TEST,1,Recursive,rbp(-1) rbp(-1) ,rflags ,TEST,3,CALL_NEAR,5,MOV,5,JNZ,6,CMP,7,MOV,5,MOV,3,JMP,5,MOV,5,LEA,4,0,0,1,0,0,JNE,1,0,1,0,0,0,JMP,0,0,4314069,4314437,4314078,0,0,0,1,cpp,4.262598552438018e-11,1.0,1,0,1
0x41d3c5,JNZ,9,9,472,6,0x41d3be,CMP,1,Recursive,rdi(LEA) ,rflags ,CMP,7,LEA,4,MOV,4,MOV,5,JNZ,6,MOV,5,CALL_NEAR,5,TEST,3,JZ,6,MOV,5,0,1,0,0,0,JE,0,0,1,1,0,0,CALL,0,1,4314033,4314525,4314059,0,0,0,1,cpp,4.262598552438018e-11,1.0,1,0,1
0x41d3ab,JNZ,9,9,544,6,0x41d3a4,CMP,1,Recursive,rdi(LEA) ,rflags ,CMP,7,LEA,4,MOV,4,MOV,4,MOV,5,MOV,5,MOV,4,LEA,4,CMP,7,JNZ,6,0,1,0,0,0,JE,0,0,1,1,0,0,JNE,0,0,4314003,4314571,4314033,0,0,0,0,cpp,4.262598552438018e-11,1.0,1,0,1
0x41d076,JZ,9,9,797,6,0x41d06e,TEST,1,Recursive,rax(MOV) rax(MOV) ,rflags ,MOV,5,TEST,3,MOV,4,JZ,6,MOV,5,MOV,4,TEST,3,JZ,6,MOV,4,TEST,3,1,1,1,0,0,JNE,0,0,1,0,1,0,JE,0,0,4313194,4314003,4313212,0,0,0,0,cpp,4.262598552438018e-11,1.0,1,0,1
0x41d064,JZ,28,19,1249,6,0x41d05c,TEST,1,Recursive,rax(MOV) rax(MOV) ,rflags ,MOV,5,TEST,3,MOV,4,JZ,6,MOV,5,MOV,4,TEST,3,MOV,5,JZ,6,MOV,4,1,1,1,0,0,JNE,0,0,1,0,1,0,JE,0,0,4313176,4314437,4313194,0,1,0,1,cpp,1.3261417718696055e-10,0.6785714285714286,1,0,1
0x41d052,JZ,96,70,1473,6,0x41d04a,TEST,1,Recursive,rax(MOV) rax(MOV) ,rflags ,MOV,5,TEST,3,MOV,4,JZ,6,MOV,5,MOV,4,TEST,3,MOV,5,JZ,6,MOV,4,1,1,1,0,0,JNE,0,0,1,0,1,0,JE,0,0,4313158,4314643,4313176,0,1,0,1,cpp,4.5467717892672196e-10,0.7291666666666666,1,0,1
0x41d040,JZ,473,394,1571,6,0x41d038,TEST,1,Recursive,rax(MOV) rax(MOV) ,rflags ,MOV,5,TEST,3,MOV,4,MOV,5,JZ,6,MOV,4,TEST,3,MOV,5,JZ,6,MOV,4,1,1,1,0,0,JNE,0,0,1,0,1,0,JE,0,0,4313135,4314723,4313158,0,1,0,1,cpp,2.240232350336869e-09,0.8329809725158562,1,0,1
0x41d029,JZ,1322,875,1125,6,0x41d021,TEST,1,Recursive,rsi(-1) rsi(-1) ,rflags ,MOV,5,TEST,3,SUB,4,MOV,3,PUSH,1,MOV,5,MOV,4,TEST,3,MOV,5,JZ,6,0,1,1,0,0,RET,0,0,1,0,1,0,JE,0,0,4313104,4314254,4313135,0,0,0,1,cpp,6.261283651470067e-09,0.6618759455370651,1,0,1
0x41ce2e,JZ,1,1,7,2,0x41ce2b,TEST,1,NonLeaf,rdi(-1) rdi(-1) ,rflags ,TEST,3,MOV,3,MOV,5,JNZ,2,CMP,5,CALL_NEAR,5,MOV,5,MOV,5,IMUL,7,MOV,3,0,1,1,0,0,JMP,0,0,1,0,0,0,CALL,0,1,4312619,4312629,4312624,0,0,1,1,cpp,4.736220613820021e-12,1.0,1,0,1
0x41cdb7,JZ,1,1,116,2,0x41cdac,CMP,1,NonLeaf,rbx(MOV) rbp(MOV) ,rflags ,MOV,3,MOV,5,CMP,3,MOV,3,MOV,4,LEA,7,LEA,7,LEA,7,MOV,3,MOV,5,0,1,1,0,0,JE,0,0,1,0,0,0,NOP,0,0,4312480,4312619,4312505,0,0,0,1,cpp,4.736220613820021e-12,1.0,1,0,1
0x41cb5d,JNBE,7,0,931,6,0x41cb5a,CMP,1,NonLeaf,rcx(-1) rax(MOV) ,rflags ,CMP,3,MOV,10,NOP,5,JMP,5,MOV,3,LEA,8,MOV,3,CALL_NEAR,5,MOV,3,JMP,5,0,1,0,0,0,CALL,1,1,1,0,0,0,CALL,0,1,4311888,4312832,4311907,0,0,1,1,cpp,3.3153544296740137e-11,0.0,0,0,0
0x41cb2d,JNBE,7,0,1027,6,0x41cb2a,CMP,1,NonLeaf,rcx(-1) rax(MOV) ,rflags ,CMP,3,MOV,10,JMP,5,MOV,3,CALL_NEAR,5,LEA,8,MOV,3,CALL_NEAR,5,MOV,3,JMP,5,0,1,0,0,0,CALL,1,1,1,0,0,0,CALL,0,1,4311840,4312880,4311859,0,0,1,1,cpp,3.3153544296740137e-11,0.0,0,0,0
0x41caef,JZ,7,7,-1615,6,0x41caec,TEST,1,NonLeaf,rcx(SAR) rcx(SAR) ,rflags ,TEST,3,SAR,4,MOV,9,MOV,9,MOV,11,MOV,10,CMP,3,JNBE,6,LEA,8,MOV,3,0,1,0,0,0,JE,0,0,1,0,0,0,JA,0,0,4311610,4310176,4311797,0,0,1,0,cpp,3.3153544296740137e-11,1.0,1,0,1
0x41ca31,JZ,7,7,9,2,0x41ca2f,TEST,1,NonLeaf,al(-1) ,rflags ,TEST,2,ADD,4,MOV,4,MOVZX,4,JZ,2,MOVZX,4,MOV,3,MOV,7,MOV,7,LEA,7,0,1,1,0,0,JE,0,0,1,0,0,0,MOV,0,0,4311599,4311610,4311603,0,0,1,1,cpp,3.3153544296740137e-11,1.0,1,0,1
0x41ca21,JZ,7,0,14,2,0x41ca1f,TEST,1,NonLeaf,al(-1) ,rflags ,TEST,2,MOV,5,MOV,2,MOV,2,JZ,2,MOVZX,4,MOV,4,ADD,4,TEST,2,JZ,2,0,1,1,0,0,JE,0,0,1,0,0,0,ADD,0,0,4311583,4311599,4311587,0,0,0,1,cpp,3.3153544296740137e-11,0.0,0,0,0
0x4d3bd9,JNZ,1818712,0,-1588,6,0x4d3bd2,CMP,1,NonLeaf,rbp(-1) ,rflags ,CMP,7,OR,6,JNBE,6,CMP,5,JNZ,6,JMP,5,NOP,4,MOV,6,MOV,6,MOV,5,0,0,0,0,0,OR,0,0,1,0,0,0,JMP,0,0,5061580,5060005,5061599,0,0,1,0,cpp,8.613821265001836e-06,0.0,0,0,0
0x41ca14,JZ,7,0,11,2,0x41ca0f,TEST,0,NonLeaf,al(-1) ,rflags ,MOVSQ,3,TEST,2,SHR,3,XOR,2,MOV,2,MOV,2,MOV,2,MOV,5,TEST,2,JZ,2,0,1,1,0,0,JE,0,0,1,0,0,0,MOV,0,0,4311572,4311583,4311574,0,0,0,1,cpp,3.3153544296740137e-11,0.0,0,0,0
0x41ca02,JNZ,7,7,382,6,0x41c9fe,TEST,1,NonLeaf,dil(-1) ,rflags ,TEST,4,JNZ,6,TEST,4,MOV,5,LEA,7,MOV,2,XOR,2,SHR,3,TEST,2,MOVSQ,3,0,1,0,0,0,JMP,0,0,1,1,0,0,TEST,0,0,4311550,4311936,4311560,1,0,1,0,cpp,3.3153544296740137e-11,1.0,1,0,1
0x41c9f8,JNZ,7,0,696,6,0x41c9f4,TEST,1,NonLeaf,dil(LEA) ,rflags ,TEST,4,MOV,5,LEA,7,LEA,7,MOV,3,TEST,4,JNZ,6,MOV,2,XOR,2,SHR,3,0,1,0,0,0,JMP,0,0,1,1,0,0,JNE,0,0,4311521,4312240,4311550,0,0,1,0,cpp,3.3153544296740137e-11,0.0,0,0,0
0x41c9d8,JZ,7,7,9,2,0x41c9d6,TEST,1,NonLeaf,al(-1) ,rflags ,TEST,2,ADD,4,MOV,4,MOVZX,4,JZ,2,MOVZX,4,MOV,3,LEA,7,LEA,7,MOV,5,0,1,1,0,0,JNE,0,0,1,0,0,0,MOV,0,0,4311510,4311521,4311514,0,0,0,1,cpp,3.3153544296740137e-11,1.0,1,0,1
0x41c9c8,JZ,7,7,14,2,0x41c9c6,TEST,1,NonLeaf,al(-1) ,rflags ,TEST,2,MOV,5,MOV,2,MOV,2,JZ,2,MOVZX,4,MOV,4,ADD,4,TEST,2,JZ,2,0,1,1,0,0,JE,0,0,1,0,0,0,ADD,0,0,4311494,4311510,4311498,0,0,0,1,cpp,3.3153544296740137e-11,1.0,1,0,1
0x41c9bb,JZ,7,0,11,2,0x41c9b6,TEST,0,NonLeaf,al(-1) ,rflags ,MOVSQ,3,TEST,2,SHR,3,XOR,2,MOV,2,MOV,2,MOV,2,MOV,5,TEST,2,JZ,2,0,1,1,0,0,JE,0,0,1,0,0,0,MOV,0,0,4311483,4311494,4311485,0,0,0,1,cpp,3.3153544296740137e-11,0.0,0,0,0
0x41c9a9,JNZ,7,0,823,6,0x41c9a5,TEST,1,NonLeaf,dil(-1) ,rflags ,TEST,4,JNZ,6,TEST,4,MOV,5,LEA,7,MOV,2,XOR,2,SHR,3,TEST,2,MOVSQ,3,0,1,0,0,0,JMP,0,0,1,1,0,0,TEST,0,0,4311461,4312288,4311471,1,0,1,0,cpp,3.3153544296740137e-11,0.0,0,0,0
0x41c99f,JNZ,7,0,857,6,0x41c99b,TEST,1,NonLeaf,dil(LEA) ,rflags ,TEST,4,MOV,5,LEA,7,LEA,7,MOV,3,TEST,4,JNZ,6,MOV,2,XOR,2,SHR,3,0,1,0,0,0,JMP,0,0,1,1,0,0,JNE,0,0,4311432,4312312,4311461,0,0,1,0,cpp,3.3153544296740137e-11,0.0,0,0,0
0x41c97f,JZ,7,7,9,2,0x41c97d,TEST,1,NonLeaf,al(-1) ,rflags ,TEST,2,ADD,4,MOV,4,MOVZX,4,JZ,2,MOVZX,4,MOV,3,LEA,7,LEA,7,MOV,5,0,1,1,0,0,JNE,0,0,1,0,0,0,MOV,0,0,4311421,4311432,4311425,0,0,0,1,cpp,3.3153544296740137e-11,1.0,1,0,1
0x41c96f,JZ,7,7,14,2,0x41c96d,TEST,1,NonLeaf,al(-1) ,rflags ,TEST,2,MOV,5,MOV,2,MOV,2,JZ,2,MOVZX,4,MOV,4,ADD,4,TEST,2,JZ,2,0,1,1,0,0,JE,0,0,1,0,0,0,ADD,0,0,4311405,4311421,4311409,0,0,0,1,cpp,3.3153544296740137e-11,1.0,1,0,1
0x41c962,JZ,7,7,11,2,0x41c95d,TEST,0,NonLeaf,al(-1) ,rflags ,MOVSQ,3,TEST,2,SHR,3,XOR,2,MOV,2,MOV,2,MOV,2,MOV,5,TEST,2,JZ,2,0,1,1,0,0,JE,0,0,1,0,0,0,MOV,0,0,4311394,4311405,4311396,0,0,0,1,cpp,3.3153544296740137e-11,1.0,1,0,1
0x41c950,JNZ,7,7,976,6,0x41c94c,TEST,1,NonLeaf,dil(-1) ,rflags ,TEST,4,JNZ,6,TEST,4,MOV,5,LEA,7,MOV,2,XOR,2,SHR,3,TEST,2,MOVSQ,3,0,1,0,0,0,JMP,0,0,1,1,0,0,TEST,0,0,4311372,4312352,4311382,1,0,1,0,cpp,3.3153544296740137e-11,1.0,1,0,1
0x41c946,JNZ,7,0,1010,6,0x41c942,TEST,1,NonLeaf,dil(LEA) ,rflags ,TEST,4,MOV,5,LEA,7,LEA,7,MOV,3,TEST,4,JNZ,6,MOV,2,XOR,2,SHR,3,0,1,0,0,0,JMP,0,0,1,1,0,0,JNE,0,0,4311343,4312376,4311372,0,0,1,0,cpp,3.3153544296740137e-11,0.0,0,0,0
0x41c926,JZ,7,7,9,2,0x41c924,TEST,1,NonLeaf,al(-1) ,rflags ,TEST,2,ADD,4,MOV,4,MOVZX,4,JZ,2,MOVZX,4,MOV,3,LEA,7,LEA,7,MOV,5,0,1,1,0,0,JNE,0,0,1,0,0,0,MOV,0,0,4311332,4311343,4311336,0,0,0,1,cpp,3.3153544296740137e-11,1.0,1,0,1
0x4d3adb,JNZ,3901424,0,1469,6,0x4d3ad9,TEST,1,NonLeaf,eax(MOV) eax(MOV) ,rflags ,TEST,2,ADD,4,MOV,6,OR,5,JZ,2,MOV,3,JMP,5,MOV,4,SHR,3,SUB,3,0,1,0,0,0,CALL,0,1,1,0,0,0,JMP,0,0,5061327,5062808,5061345,1,0,1,0,cpp,1.847800477205216e-05,0.0,0,0,0
0x41c916,JZ,7,7,14,2,0x41c914,TEST,1,NonLeaf,al(-1) ,rflags ,TEST,2,MOV,5,MOV,2,MOV,2,JZ,2,MOVZX,4,MOV,4,ADD,4,TEST,2,JZ,2,0,1,1,0,0,JE,0,0,1,0,0,0,ADD,0,0,4311316,4311332,4311320,0,0,0,1,cpp,3.3153544296740137e-11,1.0,1,0,1
0x41c909,JZ,7,0,11,2,0x41c904,TEST,0,NonLeaf,al(-1) ,rflags ,MOVSQ,3,TEST,2,SHR,3,XOR,2,MOV,2,MOV,2,MOV,2,MOV,5,TEST,2,JZ,2,0,1,1,0,0,JE,0,0,1,0,0,0,MOV,0,0,4311305,4311316,4311307,0,0,0,1,cpp,3.3153544296740137e-11,0.0,0,0,0
0x41c8f7,JNZ,7,0,1129,6,0x41c8f3,TEST,1,NonLeaf,dil(-1) ,rflags ,TEST,4,JNZ,6,TEST,4,MOV,5,LEA,7,MOV,2,XOR,2,SHR,3,TEST,2,MOVSQ,3,0,1,0,0,0,JMP,0,0,1,1,0,0,TEST,0,0,4311283,4312416,4311293,1,0,1,0,cpp,3.3153544296740137e-11,0.0,0,0,0
0x41c8ed,JNZ,7,0,1163,6,0x41c8e9,TEST,1,NonLeaf,dil(LEA) ,rflags ,TEST,4,MOV,5,LEA,7,LEA,7,MOV,3,TEST,4,JNZ,6,MOV,2,XOR,2,SHR,3,0,1,0,0,0,JMP,0,0,1,1,0,0,JNE,0,0,4311254,4312440,4311283,0,0,1,0,cpp,3.3153544296740137e-11,0.0,0,0,0
0x41c8cd,JZ,7,7,9,2,0x41c8cb,TEST,1,NonLeaf,al(-1) ,rflags ,TEST,2,ADD,4,MOV,4,MOVZX,4,JZ,2,MOVZX,4,MOV,3,LEA,7,LEA,7,MOV,5,0,1,1,0,0,JNE,0,0,1,0,0,0,MOV,0,0,4311243,4311254,4311247,0,0,0,1,cpp,3.3153544296740137e-11,1.0,1,0,1
0x41c8bd,JZ,7,7,14,2,0x41c8bb,TEST,1,NonLeaf,al(-1) ,rflags ,TEST,2,MOV,5,MOV,2,MOV,2,JZ,2,MOVZX,4,MOV,4,ADD,4,TEST,2,JZ,2,0,1,1,0,0,JE,0,0,1,0,0,0,ADD,0,0,4311227,4311243,4311231,0,0,0,1,cpp,3.3153544296740137e-11,1.0,1,0,1
0x41c8b0,JZ,7,7,11,2,0x41c8ab,TEST,0,NonLeaf,al(-1) ,rflags ,MOVSQ,3,TEST,2,SHR,3,XOR,2,MOV,2,MOV,2,MOV,2,MOV,5,TEST,2,JZ,2,0,1,1,0,0,JE,0,0,1,0,0,0,MOV,0,0,4311216,4311227,4311218,0,0,0,1,cpp,3.3153544296740137e-11,1.0,1,0,1
0x41c89e,JNZ,7,7,906,6,0x41c89a,TEST,1,NonLeaf,dil(-1) ,rflags ,TEST,4,JNZ,6,TEST,4,MOV,5,LEA,7,MOV,2,XOR,2,SHR,3,TEST,2,MOVSQ,3,0,0,0,0,0,JMP,0,0,0,1,0,0,TEST,0,0,4311194,4312104,4311204,1,0,1,0,cpp,3.3153544296740137e-11,1.0,1,0,1
0x41c894,JNZ,7,0,868,6,0x41c890,TEST,1,NonLeaf,dil(LEA) ,rflags ,TEST,4,MOV,5,LEA,7,LEA,7,MOV,2,TEST,4,JNZ,6,MOV,2,XOR,2,SHR,3,0,1,0,0,0,JE,0,0,1,0,0,0,JNE,0,0,4311165,4312056,4311194,0,0,1,0,cpp,3.3153544296740137e-11,0.0,0,0,0
0x41c877,JZ,7,0,6,2,0x41c872,TEST,0,NonLeaf,al(-1) ,rflags ,MOVSQ,3,TEST,2,SHR,3,MOV,2,JNZ,6,MOV,2,MOV,2,LEA,7,LEA,7,MOV,5,0,1,1,0,0,JNE,0,0,1,0,0,0,MOV,0,0,4311159,4311165,4311161,0,0,0,1,cpp,3.3153544296740137e-11,0.0,0,0,0
0x41c867,JNZ,7,0,985,6,0x41c840,TEST,1,NonLeaf,dil(LEA) ,rflags ,MOV,5,MOV,6,MOV,6,MOV,6,MOV,6,MOV,2,SHR,3,TEST,2,MOVSQ,3,JZ,2,0,1,0,0,0,JMP,0,0,1,1,0,0,TEST,0,0,4311084,4312128,4311149,0,0,1,0,cpp,3.3153544296740137e-11,0.0,0,0,0
0x41c823,JZ,7,7,9,2,0x41c821,TEST,1,NonLeaf,al(-1) ,rflags ,TEST,2,ADD,4,MOV,4,MOVZX,4,JZ,2,MOVZX,4,MOV,3,MOV,6,LEA,7,LEA,7,0,1,1,0,0,JNE,0,0,1,0,0,0,MOV,0,0,4311073,4311084,4311077,0,0,1,1,cpp,3.3153544296740137e-11,1.0,1,0,1
0x41c813,JZ,7,7,14,2,0x41c811,TEST,1,NonLeaf,al(-1) ,rflags ,TEST,2,MOV,5,MOV,2,MOV,2,JZ,2,MOVZX,4,MOV,4,ADD,4,TEST,2,JZ,2,0,1,1,0,0,JE,0,0,1,0,0,0,ADD,0,0,4311057,4311073,4311061,0,0,0,1,cpp,3.3153544296740137e-11,1.0,1,0,1
0x41c806,JZ,7,0,11,2,0x41c801,TEST,0,NonLeaf,al(-1) ,rflags ,MOVSQ,3,TEST,2,SHR,3,XOR,2,MOV,2,MOV,2,MOV,2,MOV,5,TEST,2,JZ,2,0,1,1,0,0,JE,0,0,1,0,0,0,MOV,0,0,4311046,4311057,4311048,0,0,0,1,cpp,3.3153544296740137e-11,0.0,0,0,0
0x41c7f4,JNZ,7,7,1140,6,0x41c7f0,TEST,1,NonLeaf,dil(-1) ,rflags ,TEST,4,JNZ,6,TEST,4,MOV,5,LEA,7,MOV,2,XOR,2,SHR,3,TEST,2,MOVSQ,3,0,1,0,0,0,JMP,0,0,1,1,0,0,TEST,0,0,4311024,4312168,4311034,1,0,1,0,cpp,3.3153544296740137e-11,1.0,1,0,1
0x41c7ea,JNZ,7,7,1174,6,0x41c7e6,TEST,1,NonLeaf,dil(LEA) ,rflags ,TEST,4,MOV,5,LEA,7,LEA,7,MOV,3,TEST,4,JNZ,6,MOV,2,XOR,2,SHR,3,0,1,0,0,0,JMP,0,0,1,1,0,0,JNE,0,0,4310995,4312192,4311024,0,0,1,0,cpp,3.3153544296740137e-11,1.0,1,0,1
0x41c7ca,JZ,7,7,9,2,0x41c7c8,TEST,1,NonLeaf,al(-1) ,rflags ,TEST,2,ADD,4,MOV,4,MOVZX,4,JZ,2,MOVZX,4,MOV,3,LEA,7,LEA,7,MOV,5,0,1,1,0,0,JNE,0,0,1,0,0,0,MOV,0,0,4310984,4310995,4310988,0,0,0,1,cpp,3.3153544296740137e-11,1.0,1,0,1
0x41c7ba,JZ,7,0,14,2,0x41c7b8,TEST,1,NonLeaf,al(-1) ,rflags ,TEST,2,MOV,5,MOV,2,MOV,2,JZ,2,MOVZX,4,MOV,4,ADD,4,TEST,2,JZ,2,0,1,1,0,0,JE,0,0,1,0,0,0,ADD,0,0,4310968,4310984,4310972,0,0,0,1,cpp,3.3153544296740137e-11,0.0,0,0,0
0x41c7ad,JZ,7,7,11,2,0x41c7a8,TEST,0,NonLeaf,al(-1) ,rflags ,MOVSQ,3,TEST,2,SHR,3,XOR,2,MOV,2,MOV,2,MOV,2,MOV,5,TEST,2,JZ,2,0,1,1,0,0,JE,0,0,1,0,0,0,MOV,0,0,4310957,4310968,4310959,0,0,0,1,cpp,3.3153544296740137e-11,1.0,1,0,1
0x41c79b,JNZ,7,0,1061,6,0x41c797,TEST,1,NonLeaf,dil(-1) ,rflags ,TEST,4,JNZ,6,MOV,5,MOV,3,MOV,3,MOV,2,XOR,2,SHR,3,TEST,2,MOVSQ,3,0,1,0,0,0,JMP,0,0,1,1,0,0,TEST,0,0,4310935,4312000,4310945,1,0,1,0,cpp,3.3153544296740137e-11,0.0,0,0,0
0x41c791,JNZ,7,0,1095,6,0x41c783,TEST,1,NonLeaf,bl(-1) ,rflags ,MOV,5,MOV,3,MOV,3,TEST,3,JZ,2,TEST,4,JNZ,6,MOV,2,XOR,2,SHR,3,0,1,0,0,0,JMP,0,0,1,1,0,0,JNE,0,0,4310915,4312024,4310935,0,0,1,0,cpp,3.3153544296740137e-11,0.0,0,0,0
0x41c781,JZ,7,0,-28,2,0x41c77e,TEST,1,NonLeaf,rbx(-1) rbx(-1) ,rflags ,TEST,3,JZ,6,CMP,5,ADD,7,ADD,7,TEST,3,MOV,3,MOV,3,MOV,5,JNZ,6,1,1,0,0,0,JE,0,0,1,0,0,0,JNE,0,0,4310910,4310885,4310915,1,0,0,0,cpp,3.3153544296740137e-11,0.0,0,0,0
0x41c778,JZ,7,1,1576,6,0x41c773,CMP,1,NonLeaf,rsp(-1) rbp(ADD) ,rflags ,CMP,5,ADD,7,ADD,7,MOV,5,ADD,3,TEST,3,JZ,2,TEST,3,MOV,3,MOV,3,0,0,0,0,0,JE,1,0,0,0,1,1,JE,0,0,4310885,4312480,4310910,0,0,1,0,cpp,3.3153544296740137e-11,0.1428571428571428,0,0,0
0x41c745,JZ,7,0,24,2,0x41c742,TEST,1,NonLeaf,rcx(SAR) rcx(SAR) ,rflags ,TEST,3,SAR,4,SUB,3,MOV,7,XOR,3,LEA,8,MOV,3,MOV,3,CALL_NEAR,5,MOV,3,0,1,1,0,0,MOV,0,0,1,0,0,0,CALL,0,1,4310809,4310877,4310855,0,0,1,1,cpp,3.3153544296740137e-11,0.0,0,0,0
0x41c713,JNZ,7,7,1085,6,0x41c710,TEST,1,NonLeaf,rcx(SAR) rcx(SAR) ,rflags ,TEST,3,SAR,4,MOV,9,MOV,9,MOV,12,ADD,3,MOV,4,MOV,5,MOV,5,MOV,7,0,1,0,0,0,JA,0,0,1,0,0,0,JE,0,0,4310731,4311888,4310809,0,0,0,1,cpp,3.3153544296740137e-11,1.0,1,0,1
0x41c6b3,JZ,7,0,24,2,0x41c6b0,TEST,1,NonLeaf,rcx(SAR) rcx(SAR) ,rflags ,TEST,3,SAR,4,SUB,3,MOV,7,XOR,3,LEA,8,MOV,3,MOV,3,CALL_NEAR,5,MOV,3,0,1,1,0,0,JNE,0,0,1,0,0,0,CALL,0,1,4310663,4310731,4310709,0,0,1,1,cpp,3.3153544296740137e-11,0.0,0,0,0
0x41c681,JNZ,7,7,1183,6,0x41c67e,TEST,1,NonLeaf,rcx(SAR) rcx(SAR) ,rflags ,TEST,3,SAR,4,MOV,9,MOV,9,MOV,12,ADD,3,MOV,4,MOV,5,MOV,5,MOV,7,0,1,0,0,0,JA,0,0,1,0,0,0,JE,0,0,4310593,4311840,4310663,0,0,0,1,cpp,3.3153544296740137e-11,1.0,1,0,1
0x41c63b,JZ,7,0,6,2,0x41c636,TEST,0,NonLeaf,al(-1) ,rflags ,MOVSQ,3,TEST,2,SHR,3,MOV,2,JNZ,6,MOV,2,MOV,2,MOV,7,SUB,7,LEA,7,0,1,1,0,0,JNE,0,0,1,0,0,0,MOV,0,0,4310587,4310593,4310589,0,0,1,1,cpp,3.3153544296740137e-11,0.0,0,0,0
0x41c62b,JNZ,7,7,1389,6,0x41c500,TEST,1,NonLeaf,dil(LEA) ,rflags ,MOV,5,MOV,7,MOV,7,MOV,7,MOV,7,MOV,2,SHR,3,TEST,2,MOVSQ,3,JZ,2,0,1,0,0,0,JMP,0,0,1,1,0,0,TEST,0,0,4310244,4311960,4310577,0,0,1,0,cpp,3.3153544296740137e-11,1.0,1,0,1
0x41c4cc,JZ,7,7,24,2,0x41c4c9,TEST,1,NonLeaf,rcx(SAR) rcx(SAR) ,rflags ,TEST,3,SAR,4,SUB,3,MOV,7,XOR,3,LEA,8,MOV,3,MOV,3,CALL_NEAR,5,MOV,3,0,1,1,0,0,JNE,0,0,1,0,0,0,CALL,0,1,4310176,4310244,4310222,0,0,1,1,cpp,3.3153544296740137e-11,1.0,1,0,1
0x41c490,JNZ,1,1,750,6,0x41c488,CMP,1,NonLeaf,rbp(-1) rsp(-1) ,rflags ,MOV,3,CMP,5,MOV,3,CALL_NEAR,5,SHL,4,JMP,5,NOP,5,ADD,3,MOV,4,MOV,5,0,1,0,1,0,JE,0,0,1,0,0,0,JMP,1,0,4310152,4310910,4310166,0,0,0,0,cpp,4.736220613820021e-12,1.0,1,1,1
0x41c476,JNBE,1,0,2905,6,0x41c473,CMP,1,NonLeaf,rbx(-1) rax(MOV) ,rflags ,CMP,3,MOV,10,JZ,6,TEST,3,NOP,2,SHL,4,CALL_NEAR,5,MOV,3,CMP,5,MOV,3,0,0,0,0,0,CALL,1,1,1,0,0,0,CALL,0,1,4310121,4313039,4310140,0,0,1,1,cpp,4.736220613820021e-12,0.0,0,0,0
0x41c463,JZ,1,0,2584,6,0x41c460,TEST,1,NonLeaf,rbx(-1) rbx(-1) ,rflags ,TEST,3,NOP,2,JMP,5,MOV,5,MOV,7,MOV,10,CMP,3,JNBE,6,SHL,4,CALL_NEAR,5,0,1,0,0,0,JMP,0,0,1,0,0,0,JA,0,0,4310112,4312699,4310121,0,0,0,0,cpp,4.736220613820021e-12,0.0,0,0,0
0x41c225,JNBE,2,0,3395,6,0x41c222,CMP,1,NonLeaf,rcx(-1) rax(MOV) ,rflags ,CMP,3,MOV,10,NOP,5,JMP,5,MOV,3,LEA,8,MOV,3,CALL_NEAR,5,MOV,3,JMP,5,0,1,0,0,0,CALL,1,1,1,0,0,0,CALL,0,1,4309528,4312936,4309547,0,0,1,1,cpp,9.47244122764004e-12,0.0,0,0,0
0x41c1f5,JNBE,2,0,3403,6,0x41c1f2,CMP,1,NonLeaf,rcx(-1) rax(MOV) ,rflags ,CMP,3,MOV,10,NOP,7,JMP,5,MOV,3,LEA,8,MOV,3,CALL_NEAR,5,MOV,3,JMP,5,0,1,0,0,0,CALL,1,1,1,0,0,0,CALL,0,1,4309480,4312896,4309499,0,0,1,1,cpp,9.47244122764004e-12,0.0,0,0,0
0x41c1b0,JZ,2,2,-1616,6,0x41c1ad,TEST,1,NonLeaf,rcx(SAR) rcx(SAR) ,rflags ,TEST,3,SAR,4,MOV,9,MOV,9,MOV,11,MOV,10,CMP,3,JNBE,6,LEA,8,MOV,3,0,1,0,0,0,JE,0,0,1,0,0,0,JA,0,0,4309243,4307808,4309430,0,0,1,0,cpp,9.47244122764004e-12,1.0,1,0,1
0x41c0f2,JZ,2,2,9,2,0x41c0f0,TEST,1,NonLeaf,al(-1) ,rflags ,TEST,2,ADD,4,MOV,4,MOVZX,4,JZ,2,MOVZX,4,MOV,3,MOV,7,MOV,7,LEA,7,0,1,1,0,0,JE,0,0,1,0,0,0,MOV,0,0,4309232,4309243,4309236,0,0,1,1,cpp,9.47244122764004e-12,1.0,1,0,1
0x41c0e2,JZ,2,0,14,2,0x41c0e0,TEST,1,NonLeaf,al(-1) ,rflags ,TEST,2,MOV,5,MOV,2,MOV,2,JZ,2,MOVZX,4,MOV,4,ADD,4,TEST,2,JZ,2,0,1,1,0,0,JE,0,0,1,0,0,0,ADD,0,0,4309216,4309232,4309220,0,0,0,1,cpp,9.47244122764004e-12,0.0,0,0,0
0x41c0d5,JZ,2,0,11,2,0x41c0d0,TEST,0,NonLeaf,al(-1) ,rflags ,MOVSQ,3,TEST,2,SHR,3,XOR,2,MOV,2,MOV,2,MOV,2,MOV,5,TEST,2,JZ,2,0,1,1,0,0,JE,0,0,1,0,0,0,MOV,0,0,4309205,4309216,4309207,0,0,0,1,cpp,9.47244122764004e-12,0.0,0,0,0
0x41c0c3,JNZ,2,2,389,6,0x41c0bf,TEST,1,NonLeaf,dil(-1) ,rflags ,TEST,4,JNZ,6,TEST,4,MOV,5,LEA,7,MOV,2,XOR,2,SHR,3,TEST,2,MOVSQ,3,0,1,0,0,0,JMP,0,0,1,1,0,0,TEST,0,0,4309183,4309576,4309193,1,0,1,0,cpp,9.47244122764004e-12,1.0,1,0,1
0x41c0b9,JNZ,2,0,695,6,0x41c0b5,TEST,1,NonLeaf,dil(LEA) ,rflags ,TEST,4,MOV,5,LEA,7,LEA,7,MOV,3,TEST,4,JNZ,6,MOV,2,XOR,2,SHR,3,0,1,0,0,0,JMP,0,0,1,1,0,0,JNE,0,0,4309154,4309872,4309183,0,0,1,0,cpp,9.47244122764004e-12,0.0,0,0,0
0x41c099,JZ,2,2,9,2,0x41c097,TEST,1,NonLeaf,al(-1) ,rflags ,TEST,2,ADD,4,MOV,4,MOVZX,4,JZ,2,MOVZX,4,MOV,3,LEA,7,LEA,7,MOV,5,0,1,1,0,0,JNE,0,0,1,0,0,0,MOV,0,0,4309143,4309154,4309147,0,0,0,1,cpp,9.47244122764004e-12,1.0,1,0,1
0x41c089,JZ,2,2,14,2,0x41c087,TEST,1,NonLeaf,al(-1) ,rflags ,TEST,2,MOV,5,MOV,2,MOV,2,JZ,2,MOVZX,4,MOV,4,ADD,4,TEST,2,JZ,2,0,1,1,0,0,JE,0,0,1,0,0,0,ADD,0,0,4309127,4309143,4309131,0,0,0,1,cpp,9.47244122764004e-12,1.0,1,0,1
0x41c07c,JZ,2,0,11,2,0x41c077,TEST,0,NonLeaf,al(-1) ,rflags ,MOVSQ,3,TEST,2,SHR,3,XOR,2,MOV,2,MOV,2,MOV,2,MOV,5,TEST,2,JZ,2,0,1,1,0,0,JE,0,0,1,0,0,0,MOV,0,0,4309116,4309127,4309118,0,0,0,1,cpp,9.47244122764004e-12,0.0,0,0,0
0x41c06a,JNZ,2,0,822,6,0x41c066,TEST,1,NonLeaf,dil(-1) ,rflags ,TEST,4,JNZ,6,TEST,4,MOV,5,LEA,7,MOV,2,XOR,2,SHR,3,TEST,2,MOVSQ,3,0,1,0,0,0,JMP,0,0,1,1,0,0,TEST,0,0,4309094,4309920,4309104,1,0,1,0,cpp,9.47244122764004e-12,0.0,0,0,0
0x41c060,JNZ,2,0,856,6,0x41c05c,TEST,1,NonLeaf,dil(LEA) ,rflags ,TEST,4,MOV,5,LEA,7,LEA,7,MOV,3,TEST,4,JNZ,6,MOV,2,XOR,2,SHR,3,0,1,0,0,0,JMP,0,0,1,1,0,0,JNE,0,0,4309065,4309944,4309094,0,0,1,0,cpp,9.47244122764004e-12,0.0,0,0,0
0x41c040,JZ,2,2,9,2,0x41c03e,TEST,1,NonLeaf,al(-1) ,rflags ,TEST,2,ADD,4,MOV,4,MOVZX,4,JZ,2,MOVZX,4,MOV,3,LEA,7,LEA,7,MOV,5,0,1,1,0,0,JNE,0,0,1,0,0,0,MOV,0,0,4309054,4309065,4309058,0,0,0,1,cpp,9.47244122764004e-12,1.0,1,0,1
0x41c030,JZ,2,2,14,2,0x41c02e,TEST,1,NonLeaf,al(-1) ,rflags ,TEST,2,MOV,5,MOV,2,MOV,2,JZ,2,MOVZX,4,MOV,4,ADD,4,TEST,2,JZ,2,0,1,1,0,0,JE,0,0,1,0,0,0,ADD,0,0,4309038,4309054,4309042,0,0,0,1,cpp,9.47244122764004e-12,1.0,1,0,1
0x41c023,JZ,2,2,11,2,0x41c01e,TEST,0,NonLeaf,al(-1) ,rflags ,MOVSQ,3,TEST,2,SHR,3,XOR,2,MOV,2,MOV,2,MOV,2,MOV,5,TEST,2,JZ,2,0,1,1,0,0,JE,0,0,1,0,0,0,MOV,0,0,4309027,4309038,4309029,0,0,0,1,cpp,9.47244122764004e-12,1.0,1,0,1
0x4d31d6,JZ,1,1,18,2,0x4d31d4,TEST,1,NonLeaf,al(-1) al(-1) ,rflags ,TEST,2,JB,6,CMP,3,SETNZ,3,TEST,3,MOV,3,SUB,3,ADD,3,MOV,7,MOV,3,0,0,1,0,0,JE,0,0,1,0,0,0,MOV,0,0,5059028,5059048,5059032,0,0,0,1,cpp,4.736220613820021e-12,1.0,1,0,1
0x41c011,JNZ,2,2,975,6,0x41c00d,TEST,1,NonLeaf,dil(-1) ,rflags ,TEST,4,JNZ,6,TEST,4,MOV,5,LEA,7,MOV,2,XOR,2,SHR,3,TEST,2,MOVSQ,3,0,1,0,0,0,JMP,0,0,1,1,0,0,TEST,0,0,4309005,4309984,4309015,1,0,1,0,cpp,9.47244122764004e-12,1.0,1,0,1
0x41c007,JNZ,2,0,1009,6,0x41c003,TEST,1,NonLeaf,dil(LEA) ,rflags ,TEST,4,MOV,5,LEA,7,LEA,7,MOV,3,TEST,4,JNZ,6,MOV,2,XOR,2,SHR,3,0,1,0,0,0,JMP,0,0,1,1,0,0,JNE,0,0,4308976,4310008,4309005,0,0,1,0,cpp,9.47244122764004e-12,0.0,0,0,0
0x41bfe7,JZ,2,2,9,2,0x41bfe5,TEST,1,NonLeaf,al(-1) ,rflags ,TEST,2,ADD,4,MOV,4,MOVZX,4,JZ,2,MOVZX,4,MOV,3,LEA,7,LEA,7,MOV,5,0,1,1,0,0,JNE,0,0,1,0,0,0,MOV,0,0,4308965,4308976,4308969,0,0,0,1,cpp,9.47244122764004e-12,1.0,1,0,1
0x41bfd7,JZ,2,2,14,2,0x41bfd5,TEST,1,NonLeaf,al(-1) ,rflags ,TEST,2,MOV,5,MOV,2,MOV,2,JZ,2,MOVZX,4,MOV,4,ADD,4,TEST,2,JZ,2,0,1,1,0,0,JE,0,0,1,0,0,0,ADD,0,0,4308949,4308965,4308953,0,0,0,1,cpp,9.47244122764004e-12,1.0,1,0,1
0x41bfca,JZ,2,0,11,2,0x41bfc5,TEST,0,NonLeaf,al(-1) ,rflags ,MOVSQ,3,TEST,2,SHR,3,XOR,2,MOV,2,MOV,2,MOV,2,MOV,5,TEST,2,JZ,2,0,1,1,0,0,JE,0,0,1,0,0,0,MOV,0,0,4308938,4308949,4308940,0,0,0,1,cpp,9.47244122764004e-12,0.0,0,0,0
0x41bfb8,JNZ,2,0,1128,6,0x41bfb4,TEST,1,NonLeaf,dil(-1) ,rflags ,TEST,4,JNZ,6,TEST,4,MOV,5,LEA,7,MOV,2,XOR,2,SHR,3,TEST,2,MOVSQ,3,0,1,0,0,0,JMP,0,0,1,1,0,0,TEST,0,0,4308916,4310048,4308926,1,0,1,0,cpp,9.47244122764004e-12,0.0,0,0,0
0x41bfae,JNZ,2,0,1162,6,0x41bfaa,TEST,1,NonLeaf,dil(LEA) ,rflags ,TEST,4,MOV,5,LEA,7,LEA,7,MOV,3,TEST,4,JNZ,6,MOV,2,XOR,2,SHR,3,0,1,0,0,0,JMP,0,0,1,1,0,0,JNE,0,0,4308887,4310072,4308916,0,0,1,0,cpp,9.47244122764004e-12,0.0,0,0,0
0x41bf8e,JZ,2,2,9,2,0x41bf8c,TEST,1,NonLeaf,al(-1) ,rflags ,TEST,2,ADD,4,MOV,4,MOVZX,4,JZ,2,MOVZX,4,MOV,3,LEA,7,LEA,7,MOV,5,0,1,1,0,0,JNE,0,0,1,0,0,0,MOV,0,0,4308876,4308887,4308880,0,0,0,1,cpp,9.47244122764004e-12,1.0,1,0,1
0x41bf7e,JZ,2,2,14,2,0x41bf7c,TEST,1,NonLeaf,al(-1) ,rflags ,TEST,2,MOV,5,MOV,2,MOV,2,JZ,2,MOVZX,4,MOV,4,ADD,4,TEST,2,JZ,2,0,1,1,0,0,JE,0,0,1,0,0,0,ADD,0,0,4308860,4308876,4308864,0,0,0,1,cpp,9.47244122764004e-12,1.0,1,0,1
0x41bf71,JZ,2,2,11,2,0x41bf6c,TEST,0,NonLeaf,al(-1) ,rflags ,MOVSQ,3,TEST,2,SHR,3,XOR,2,MOV,2,MOV,2,MOV,2,MOV,5,TEST,2,JZ,2,0,1,1,0,0,JE,0,0,1,0,0,0,MOV,0,0,4308849,4308860,4308851,0,0,0,1,cpp,9.47244122764004e-12,1.0,1,0,1
0x41bf5f,JNZ,2,2,913,6,0x41bf5b,TEST,1,NonLeaf,dil(-1) ,rflags ,TEST,4,JNZ,6,TEST,4,MOV,5,LEA,7,MOV,2,XOR,2,SHR,3,TEST,2,MOVSQ,3,0,0,0,0,0,JMP,0,0,0,1,0,0,TEST,0,0,4308827,4309744,4308837,1,0,1,0,cpp,9.47244122764004e-12,1.0,1,0,1
0x41bf55,JNZ,2,0,875,6,0x41bf51,TEST,1,NonLeaf,dil(LEA) ,rflags ,TEST,4,MOV,5,LEA,7,LEA,7,MOV,2,TEST,4,JNZ,6,MOV,2,XOR,2,SHR,3,0,1,0,0,0,JE,0,0,1,0,0,0,JNE,0,0,4308798,4309696,4308827,0,0,1,0,cpp,9.47244122764004e-12,0.0,0,0,0
0x41bf38,JZ,2,0,6,2,0x41bf33,TEST,0,NonLeaf,al(-1) ,rflags ,MOVSQ,3,TEST,2,SHR,3,MOV,2,JNZ,6,MOV,2,MOV,2,LEA,7,LEA,7,MOV,5,0,1,1,0,0,JNE,0,0,1,0,0,0,MOV,0,0,4308792,4308798,4308794,0,0,0,1,cpp,9.47244122764004e-12,0.0,0,0,0
0x41bf28,JNZ,2,0,992,6,0x41bf01,TEST,1,NonLeaf,dil(LEA) ,rflags ,MOV,5,MOV,6,MOV,6,MOV,6,MOV,6,MOV,2,SHR,3,TEST,2,MOVSQ,3,JZ,2,0,1,0,0,0,JMP,0,0,1,1,0,0,TEST,0,0,4308717,4309768,4308782,0,0,1,0,cpp,9.47244122764004e-12,0.0,0,0,0
0x41bee4,JZ,2,2,9,2,0x41bee2,TEST,1,NonLeaf,al(-1) ,rflags ,TEST,2,ADD,4,MOV,4,MOVZX,4,JZ,2,MOVZX,4,MOV,3,MOV,6,LEA,7,LEA,7,0,1,1,0,0,JNE,0,0,1,0,0,0,MOV,0,0,4308706,4308717,4308710,0,0,1,1,cpp,9.47244122764004e-12,1.0,1,0,1
0x41bed4,JZ,2,2,14,2,0x41bed2,TEST,1,NonLeaf,al(-1) ,rflags ,TEST,2,MOV,5,MOV,2,MOV,2,JZ,2,MOVZX,4,MOV,4,ADD,4,TEST,2,JZ,2,0,1,1,0,0,JE,0,0,1,0,0,0,ADD,0,0,4308690,4308706,4308694,0,0,0,1,cpp,9.47244122764004e-12,1.0,1,0,1
0x41bec7,JZ,2,0,11,2,0x41bec2,TEST,0,NonLeaf,al(-1) ,rflags ,MOVSQ,3,TEST,2,SHR,3,XOR,2,MOV,2,MOV,2,MOV,2,MOV,5,TEST,2,JZ,2,0,1,1,0,0,JE,0,0,1,0,0,0,MOV,0,0,4308679,4308690,4308681,0,0,0,1,cpp,9.47244122764004e-12,0.0,0,0,0
0x41beb5,JNZ,2,2,1147,6,0x41beb1,TEST,1,NonLeaf,dil(-1) ,rflags ,TEST,4,JNZ,6,TEST,4,MOV,5,LEA,7,MOV,2,XOR,2,SHR,3,TEST,2,MOVSQ,3,0,1,0,0,0,JMP,0,0,1,1,0,0,TEST,0,0,4308657,4309808,4308667,1,0,1,0,cpp,9.47244122764004e-12,1.0,1,0,1
0x41beab,JNZ,2,2,1181,6,0x41bea7,TEST,1,NonLeaf,dil(LEA) ,rflags ,TEST,4,MOV,5,LEA,7,LEA,7,MOV,3,TEST,4,JNZ,6,MOV,2,XOR,2,SHR,3,0,1,0,0,0,JMP,0,0,1,1,0,0,JNE,0,0,4308628,4309832,4308657,0,0,1,0,cpp,9.47244122764004e-12,1.0,1,0,1
0x41be8b,JZ,2,2,9,2,0x41be89,TEST,1,NonLeaf,al(-1) ,rflags ,TEST,2,ADD,4,MOV,4,MOVZX,4,JZ,2,MOVZX,4,MOV,3,LEA,7,LEA,7,MOV,5,0,1,1,0,0,JNE,0,0,1,0,0,0,MOV,0,0,4308617,4308628,4308621,0,0,0,1,cpp,9.47244122764004e-12,1.0,1,0,1
0x41be7b,JZ,2,0,14,2,0x41be79,TEST,1,NonLeaf,al(-1) ,rflags ,TEST,2,MOV,5,MOV,2,MOV,2,JZ,2,MOVZX,4,MOV,4,ADD,4,TEST,2,JZ,2,0,1,1,0,0,JE,0,0,1,0,0,0,ADD,0,0,4308601,4308617,4308605,0,0,0,1,cpp,9.47244122764004e-12,0.0,0,0,0
0x41be6e,JZ,2,2,11,2,0x41be69,TEST,0,NonLeaf,al(-1) ,rflags ,MOVSQ,3,TEST,2,SHR,3,XOR,2,MOV,2,MOV,2,MOV,2,MOV,5,TEST,2,JZ,2,0,1,1,0,0,JE,0,0,1,0,0,0,MOV,0,0,4308590,4308601,4308592,0,0,0,1,cpp,9.47244122764004e-12,1.0,1,0,1
0x41be5c,JNZ,2,0,1068,6,0x41be58,TEST,1,NonLeaf,dil(-1) ,rflags ,TEST,4,JNZ,6,MOV,5,MOV,3,MOV,3,MOV,2,XOR,2,SHR,3,TEST,2,MOVSQ,3,0,1,0,0,0,JMP,0,0,1,1,0,0,TEST,0,0,4308568,4309640,4308578,1,0,1,0,cpp,9.47244122764004e-12,0.0,0,0,0
0x41be52,JNZ,2,0,1102,6,0x41be43,TEST,1,NonLeaf,bpl(-1) ,rflags ,MOV,5,MOV,3,MOV,3,TEST,4,JZ,2,TEST,4,JNZ,6,MOV,2,XOR,2,SHR,3,0,1,0,0,0,JMP,0,0,1,1,0,0,JNE,0,0,4308547,4309664,4308568,0,0,1,0,cpp,9.47244122764004e-12,0.0,0,0,0
0x41be41,JZ,2,0,-28,2,0x41be3e,TEST,1,NonLeaf,rbp(-1) rbp(-1) ,rflags ,TEST,3,JZ,6,CMP,5,ADD,7,ADD,7,TEST,4,MOV,3,MOV,3,MOV,5,JNZ,6,1,1,0,0,0,JE,0,0,1,0,0,0,JNE,0,0,4308542,4308517,4308547,1,0,0,0,cpp,9.47244122764004e-12,0.0,0,0,0
0x41be38,JZ,2,1,-3930,6,0x41be33,CMP,1,NonLeaf,rsp(-1) rbx(ADD) ,rflags ,CMP,5,ADD,7,ADD,7,MOV,5,ADD,3,TEST,3,JZ,2,TEST,4,MOV,3,MOV,3,0,0,0,0,0,ADD,1,0,0,0,1,1,JE,0,0,4308517,4304606,4308542,0,0,0,0,cpp,9.47244122764004e-12,0.5,0,0,0
0x41be05,JZ,2,0,24,2,0x41be02,TEST,1,NonLeaf,rcx(SAR) rcx(SAR) ,rflags ,TEST,3,SAR,4,SUB,3,MOV,7,XOR,3,LEA,8,MOV,3,MOV,3,CALL_NEAR,5,MOV,3,0,1,1,0,0,MOV,0,0,1,0,0,0,CALL,0,1,4308441,4308509,4308487,0,0,1,1,cpp,9.47244122764004e-12,0.0,0,0,0
0x41bdd3,JNZ,2,2,1093,6,0x41bdd0,TEST,1,NonLeaf,rcx(SAR) rcx(SAR) ,rflags ,TEST,3,SAR,4,MOV,9,MOV,9,MOV,12,ADD,3,MOV,4,MOV,5,MOV,5,MOV,7,0,1,0,0,0,JA,0,0,1,0,0,0,JE,0,0,4308363,4309528,4308441,0,0,0,1,cpp,9.47244122764004e-12,1.0,1,0,1
0x41bd73,JZ,2,0,24,2,0x41bd70,TEST,1,NonLeaf,rcx(SAR) rcx(SAR) ,rflags ,TEST,3,SAR,4,SUB,3,MOV,7,XOR,3,LEA,8,MOV,3,MOV,3,CALL_NEAR,5,MOV,3,0,1,1,0,0,JNE,0,0,1,0,0,0,CALL,0,1,4308295,4308363,4308341,0,0,1,1,cpp,9.47244122764004e-12,0.0,0,0,0
0x41bd41,JNZ,2,2,1191,6,0x41bd3e,TEST,1,NonLeaf,rcx(SAR) rcx(SAR) ,rflags ,TEST,3,SAR,4,MOV,9,MOV,9,MOV,12,ADD,3,MOV,4,MOV,5,MOV,5,MOV,7,0,1,0,0,0,JA,0,0,1,0,0,0,JE,0,0,4308225,4309480,4308295,0,0,0,1,cpp,9.47244122764004e-12,1.0,1,0,1
0x41bcfb,JZ,2,0,6,2,0x41bcf6,TEST,0,NonLeaf,al(-1) ,rflags ,MOVSQ,3,TEST,2,SHR,3,MOV,2,JNZ,6,MOV,2,MOV,2,MOV,7,SUB,7,LEA,7,0,1,1,0,0,JNE,0,0,1,0,0,0,MOV,0,0,4308219,4308225,4308221,0,0,1,1,cpp,9.47244122764004e-12,0.0,0,0,0
0x41bceb,JNZ,2,2,1397,6,0x41bbc0,TEST,1,NonLeaf,dil(LEA) ,rflags ,MOV,5,MOV,7,MOV,7,MOV,7,MOV,7,MOV,2,SHR,3,TEST,2,MOVSQ,3,JZ,2,0,1,0,0,0,JMP,0,0,1,1,0,0,TEST,0,0,4307876,4309600,4308209,0,0,1,0,cpp,9.47244122764004e-12,1.0,1,0,1
0x41bb8c,JZ,2,2,24,2,0x41bb89,TEST,1,NonLeaf,rcx(SAR) rcx(SAR) ,rflags ,TEST,3,SAR,4,SUB,3,MOV,7,XOR,3,LEA,8,MOV,3,MOV,3,CALL_NEAR,5,MOV,3,0,1,1,0,0,JNE,0,0,1,0,0,0,CALL,0,1,4307808,4307876,4307854,0,0,1,1,cpp,9.47244122764004e-12,1.0,1,0,1
0x41bb4c,JNZ,1,1,754,6,0x41bb44,CMP,1,NonLeaf,rbx(ADD) rsp(-1) ,rflags ,MOV,3,CMP,5,ADD,4,AND,4,SUB,3,JMP,5,NOP,9,ADD,3,MOV,4,MOV,5,0,1,0,1,0,JE,0,0,1,0,0,0,JMP,1,0,4307780,4308542,4307794,0,0,0,0,cpp,4.736220613820021e-12,1.0,1,1,1
0x4d265f,JZ,29878041,29878041,14,2,0x4d2658,CMP,1,NonLeaf,rip(JZ) ,rflags ,CMP,7,JNZ,6,TEST,3,CALL_NEAR,5,AND,7,DEC_LOCK,4,JNZ,6,JMP,2,DEC,3,JNZ,6,0,1,0,0,0,JNE,0,0,1,0,0,0,JNE,0,0,5056088,5056109,5056097,0,0,1,0,cpp,0.0001415089936847,1.0,1,0,1
0x41b470,JBE,384,384,-1360,6,0x41b46d,CMP,1,NonLeaf,r14(-1) rdx(SAR) ,rflags ,CMP,3,SAR,4,SUB,3,MOV,3,MOV,7,TEST,3,LEA,4,JNZ,6,MOV,3,MOV,3,0,1,0,0,0,JE,0,0,1,0,0,0,JNE,0,0,4306012,4304672,4306038,0,0,0,0,cpp,1.8187087157068879e-09,1.0,1,0,1
0x4d261f,JBE,29878041,29309786,48,2,0x4d2618,CMP,1,NonLeaf,r12(-1) ,rflags ,CMP,7,MOV,4,MOV,4,OR,4,MOV,3,TEST,4,JZ,6,CMP,7,JZ,6,MOV,4,0,1,1,0,0,JNE,0,0,1,0,0,0,JE,0,0,5056024,5056079,5056033,0,0,0,0,cpp,0.0001415089936847,0.980980848108482,1,0,1
0x41b45a,JNBE,384,0,86,2,0x41b457,CMP,1,NonLeaf,r14(SAR) rax(SAR) ,rflags ,CMP,3,SAR,4,SAR,4,SUB,3,SUB,3,MOV,7,MOV,3,SUB,3,SAR,4,CMP,3,0,1,0,0,0,JE,0,0,1,0,0,0,JBE,0,0,4305962,4306096,4306012,0,0,1,0,cpp,1.8187087157068879e-09,0.0,0,0,0
0x41b424,JZ,384,0,-1225,6,0x41b3bf,CMP,1,NonLeaf,r15(-1) rbp(-1) ,rflags ,MOV,7,MOV,7,MOV,7,MOV,7,MOV,7,MOV,7,MOV,7,MOV,7,MOV,7,MOV,3,0,1,0,0,0,JNE,0,0,1,0,0,0,JA,0,0,4305841,4304731,4305962,0,0,1,0,cpp,1.8187087157068879e-09,0.0,0,0,0
0x41b3a8,JZ,384,384,9,2,0x41b3a6,TEST,1,NonLeaf,al(-1) ,rflags ,TEST,2,ADD,4,MOV,4,MOVZX,4,JZ,2,MOVZX,4,MOV,3,MOV,7,MOV,7,CMP,3,0,1,1,0,0,JE,0,0,1,0,0,0,MOV,0,0,4305830,4305841,4305834,0,0,1,1,cpp,1.8187087157068879e-09,1.0,1,0,1
0x41b398,JZ,384,0,14,2,0x41b396,TEST,1,NonLeaf,al(-1) ,rflags ,TEST,2,MOV,5,MOV,2,MOV,2,JZ,2,MOVZX,4,MOV,4,ADD,4,TEST,2,JZ,2,0,1,1,0,0,JE,0,0,1,0,0,0,ADD,0,0,4305814,4305830,4305818,0,0,0,1,cpp,1.8187087157068879e-09,0.0,0,0,0
0x41b38b,JZ,384,0,11,2,0x41b386,TEST,0,NonLeaf,al(-1) ,rflags ,MOVSQ,3,TEST,2,SHR,3,XOR,2,MOV,2,MOV,2,MOV,2,MOV,5,TEST,2,JZ,2,0,1,1,0,0,JE,0,0,1,0,0,0,MOV,0,0,4305803,4305814,4305805,0,0,0,1,cpp,1.8187087157068879e-09,0.0,0,0,0
0x41b379,JNZ,384,384,1527,6,0x41b375,TEST,1,NonLeaf,dil(-1) ,rflags ,TEST,4,JNZ,6,TEST,4,MOV,5,LEA,7,MOV,2,XOR,2,SHR,3,TEST,2,MOVSQ,3,0,1,0,0,0,JMP,0,0,1,1,0,0,TEST,0,0,4305781,4307312,4305791,1,0,1,0,cpp,1.8187087157068879e-09,1.0,1,0,1
0x41b36f,JNZ,384,0,1561,6,0x41b36b,TEST,1,NonLeaf,dil(LEA) ,rflags ,TEST,4,MOV,5,LEA,7,LEA,7,MOV,3,TEST,4,JNZ,6,MOV,2,XOR,2,SHR,3,0,1,0,0,0,JMP,0,0,1,1,0,0,JNE,0,0,4305752,4307336,4305781,0,0,1,0,cpp,1.8187087157068879e-09,0.0,0,0,0
0x41b34f,JZ,384,384,9,2,0x41b34d,TEST,1,NonLeaf,al(-1) ,rflags ,TEST,2,ADD,4,MOV,4,MOVZX,4,JZ,2,MOVZX,4,MOV,3,LEA,7,LEA,7,MOV,5,0,1,1,0,0,JNE,0,0,1,0,0,0,MOV,0,0,4305741,4305752,4305745,0,0,0,1,cpp,1.8187087157068879e-09,1.0,1,0,1
0x41b33f,JZ,384,384,14,2,0x41b33d,TEST,1,NonLeaf,al(-1) ,rflags ,TEST,2,MOV,5,MOV,2,MOV,2,JZ,2,MOVZX,4,MOV,4,ADD,4,TEST,2,JZ,2,0,1,1,0,0,JE,0,0,1,0,0,0,ADD,0,0,4305725,4305741,4305729,0,0,0,1,cpp,1.8187087157068879e-09,1.0,1,0,1
0x41b332,JZ,384,0,11,2,0x41b32d,TEST,0,NonLeaf,al(-1) ,rflags ,MOVSQ,3,TEST,2,SHR,3,XOR,2,MOV,2,MOV,2,MOV,2,MOV,5,TEST,2,JZ,2,0,1,1,0,0,JE,0,0,1,0,0,0,MOV,0,0,4305714,4305725,4305716,0,0,0,1,cpp,1.8187087157068879e-09,0.0,0,0,0
0x41b320,JNZ,384,0,1680,6,0x41b31c,TEST,1,NonLeaf,dil(-1) ,rflags ,TEST,4,JNZ,6,TEST,4,MOV,5,LEA,7,MOV,2,XOR,2,SHR,3,TEST,2,MOVSQ,3,0,1,0,0,0,JMP,0,0,1,1,0,0,TEST,0,0,4305692,4307376,4305702,1,0,1,0,cpp,1.8187087157068879e-09,0.0,0,0,0
0x41b316,JNZ,384,0,1714,6,0x41b312,TEST,1,NonLeaf,dil(LEA) ,rflags ,TEST,4,MOV,5,LEA,7,LEA,7,MOV,3,TEST,4,JNZ,6,MOV,2,XOR,2,SHR,3,0,1,0,0,0,JMP,0,0,1,1,0,0,JNE,0,0,4305663,4307400,4305692,0,0,1,0,cpp,1.8187087157068879e-09,0.0,0,0,0
0x41b2f6,JZ,384,384,9,2,0x41b2f4,TEST,1,NonLeaf,al(-1) ,rflags ,TEST,2,ADD,4,MOV,4,MOVZX,4,JZ,2,MOVZX,4,MOV,3,LEA,7,LEA,7,MOV,5,0,1,1,0,0,JNE,0,0,1,0,0,0,MOV,0,0,4305652,4305663,4305656,0,0,0,1,cpp,1.8187087157068879e-09,1.0,1,0,1
0x41b2e6,JZ,384,384,14,2,0x41b2e4,TEST,1,NonLeaf,al(-1) ,rflags ,TEST,2,MOV,5,MOV,2,MOV,2,JZ,2,MOVZX,4,MOV,4,ADD,4,TEST,2,JZ,2,0,1,1,0,0,JE,0,0,1,0,0,0,ADD,0,0,4305636,4305652,4305640,0,0,0,1,cpp,1.8187087157068879e-09,1.0,1,0,1
0x41b2d9,JZ,384,384,11,2,0x41b2d4,TEST,0,NonLeaf,al(-1) ,rflags ,MOVSQ,3,TEST,2,SHR,3,XOR,2,MOV,2,MOV,2,MOV,2,MOV,5,TEST,2,JZ,2,0,1,1,0,0,JE,0,0,1,0,0,0,MOV,0,0,4305625,4305636,4305627,0,0,0,1,cpp,1.8187087157068879e-09,1.0,1,0,1
0x41b2c7,JNZ,384,384,1833,6,0x41b2c3,TEST,1,NonLeaf,dil(-1) ,rflags ,TEST,4,JNZ,6,TEST,4,MOV,5,LEA,7,MOV,2,XOR,2,SHR,3,TEST,2,MOVSQ,3,0,1,0,0,0,JMP,0,0,1,1,0,0,TEST,0,0,4305603,4307440,4305613,1,0,1,0,cpp,1.8187087157068879e-09,1.0,1,0,1
0x41b2bd,JNZ,384,0,1867,6,0x41b2b9,TEST,1,NonLeaf,dil(LEA) ,rflags ,TEST,4,MOV,5,LEA,7,LEA,7,MOV,3,TEST,4,JNZ,6,MOV,2,XOR,2,SHR,3,0,1,0,0,0,JMP,0,0,1,1,0,0,JNE,0,0,4305574,4307464,4305603,0,0,1,0,cpp,1.8187087157068879e-09,0.0,0,0,0
0x41b29d,JZ,384,384,9,2,0x41b29b,TEST,1,NonLeaf,al(-1) ,rflags ,TEST,2,ADD,4,MOV,4,MOVZX,4,JZ,2,MOVZX,4,MOV,3,LEA,7,LEA,7,MOV,5,0,1,1,0,0,JNE,0,0,1,0,0,0,MOV,0,0,4305563,4305574,4305567,0,0,0,1,cpp,1.8187087157068879e-09,1.0,1,0,1
0x41b28d,JZ,384,384,14,2,0x41b28b,TEST,1,NonLeaf,al(-1) ,rflags ,TEST,2,MOV,5,MOV,2,MOV,2,JZ,2,MOVZX,4,MOV,4,ADD,4,TEST,2,JZ,2,0,1,1,0,0,JE,0,0,1,0,0,0,ADD,0,0,4305547,4305563,4305551,0,0,0,1,cpp,1.8187087157068879e-09,1.0,1,0,1
0x41b280,JZ,384,0,11,2,0x41b27b,TEST,0,NonLeaf,al(-1) ,rflags ,MOVSQ,3,TEST,2,SHR,3,XOR,2,MOV,2,MOV,2,MOV,2,MOV,5,TEST,2,JZ,2,0,1,1,0,0,JE,0,0,1,0,0,0,MOV,0,0,4305536,4305547,4305538,0,0,0,1,cpp,1.8187087157068879e-09,0.0,0,0,0
0x41b26e,JNZ,384,0,1986,6,0x41b26a,TEST,1,NonLeaf,dil(-1) ,rflags ,TEST,4,JNZ,6,TEST,4,MOV,5,LEA,7,MOV,2,XOR,2,SHR,3,TEST,2,MOVSQ,3,0,1,0,0,0,JMP,0,0,1,1,0,0,TEST,0,0,4305514,4307504,4305524,1,0,1,0,cpp,1.8187087157068879e-09,0.0,0,0,0
0x41b264,JNZ,384,0,2020,6,0x41b260,TEST,1,NonLeaf,dil(LEA) ,rflags ,TEST,4,MOV,5,LEA,7,LEA,7,MOV,3,TEST,4,JNZ,6,MOV,2,XOR,2,SHR,3,0,1,0,0,0,JMP,0,0,1,1,0,0,JNE,0,0,4305485,4307528,4305514,0,0,1,0,cpp,1.8187087157068879e-09,0.0,0,0,0
0x41b244,JZ,384,384,9,2,0x41b242,TEST,1,NonLeaf,al(-1) ,rflags ,TEST,2,ADD,4,MOV,4,MOVZX,4,JZ,2,MOVZX,4,MOV,3,LEA,7,LEA,7,MOV,5,0,1,1,0,0,JNE,0,0,1,0,0,0,MOV,0,0,4305474,4305485,4305478,0,0,0,1,cpp,1.8187087157068879e-09,1.0,1,0,1
0x41b234,JZ,384,384,14,2,0x41b232,TEST,1,NonLeaf,al(-1) ,rflags ,TEST,2,MOV,5,MOV,2,MOV,2,JZ,2,MOVZX,4,MOV,4,ADD,4,TEST,2,JZ,2,0,1,1,0,0,JE,0,0,1,0,0,0,ADD,0,0,4305458,4305474,4305462,0,0,0,1,cpp,1.8187087157068879e-09,1.0,1,0,1
0x41b227,JZ,384,384,11,2,0x41b222,TEST,0,NonLeaf,al(-1) ,rflags ,MOVSQ,3,TEST,2,SHR,3,XOR,2,MOV,2,MOV,2,MOV,2,MOV,5,TEST,2,JZ,2,0,1,1,0,0,JE,0,0,1,0,0,0,MOV,0,0,4305447,4305458,4305449,0,0,0,1,cpp,1.8187087157068879e-09,1.0,1,0,1
0x41b215,JNZ,384,384,2139,6,0x41b211,TEST,1,NonLeaf,dil(-1) ,rflags ,TEST,4,JNZ,6,TEST,4,MOV,5,LEA,7,MOV,2,XOR,2,SHR,3,TEST,2,MOVSQ,3,0,1,0,0,0,JMP,0,0,1,1,0,0,TEST,0,0,4305425,4307568,4305435,1,0,1,0,cpp,1.8187087157068879e-09,1.0,1,0,1
0x41b20b,JNZ,384,0,2173,6,0x41b207,TEST,1,NonLeaf,dil(LEA) ,rflags ,TEST,4,MOV,5,LEA,7,LEA,7,MOV,2,TEST,4,JNZ,6,MOV,2,XOR,2,SHR,3,0,1,0,0,0,JMP,0,0,1,1,0,0,JNE,0,0,4305396,4307592,4305425,0,0,1,0,cpp,1.8187087157068879e-09,0.0,0,0,0
0x41b1ee,JZ,384,0,6,2,0x41b1e9,TEST,0,NonLeaf,al(-1) ,rflags ,MOVSQ,3,TEST,2,SHR,3,MOV,2,JNZ,6,MOV,2,MOV,2,LEA,7,LEA,7,MOV,5,0,1,1,0,0,JNE,0,0,1,0,0,0,MOV,0,0,4305390,4305396,4305392,0,0,0,1,cpp,1.8187087157068879e-09,0.0,0,0,0
0x41b1de,JNZ,384,0,2258,6,0x41b1b4,TEST,1,NonLeaf,dil(LEA) ,rflags ,MOV,5,MOV,7,MOV,6,MOV,7,MOV,6,MOV,2,SHR,3,TEST,2,MOVSQ,3,JZ,2,0,1,0,0,0,JMP,0,0,1,1,0,0,TEST,0,0,4305312,4307632,4305380,0,0,1,0,cpp,1.8187087157068879e-09,0.0,0,0,0
0x41b197,JZ,384,384,9,2,0x41b195,TEST,1,NonLeaf,al(-1) ,rflags ,TEST,2,ADD,4,MOV,4,MOVZX,4,JZ,2,MOVZX,4,MOV,3,MOV,6,LEA,7,LEA,7,0,1,1,0,0,JNE,0,0,1,0,0,0,MOV,0,0,4305301,4305312,4305305,0,0,1,1,cpp,1.8187087157068879e-09,1.0,1,0,1
0x41b187,JZ,384,384,14,2,0x41b185,TEST,1,NonLeaf,al(-1) ,rflags ,TEST,2,MOV,5,MOV,2,MOV,2,JZ,2,MOVZX,4,MOV,4,ADD,4,TEST,2,JZ,2,0,1,1,0,0,JE,0,0,1,0,0,0,ADD,0,0,4305285,4305301,4305289,0,0,0,1,cpp,1.8187087157068879e-09,1.0,1,0,1
0x41b17a,JZ,384,0,11,2,0x41b175,TEST,0,NonLeaf,al(-1) ,rflags ,MOVSQ,3,TEST,2,SHR,3,XOR,2,MOV,2,MOV,2,MOV,2,MOV,5,TEST,2,JZ,2,0,1,1,0,0,JE,0,0,1,0,0,0,MOV,0,0,4305274,4305285,4305276,0,0,0,1,cpp,1.8187087157068879e-09,0.0,0,0,0
0x41b168,JNZ,384,384,2416,6,0x41b164,TEST,1,NonLeaf,dil(-1) ,rflags ,TEST,4,JNZ,6,TEST,4,MOV,5,LEA,7,MOV,2,XOR,2,SHR,3,TEST,2,MOVSQ,3,0,1,0,0,0,JMP,0,0,1,1,0,0,TEST,0,0,4305252,4307672,4305262,1,0,1,0,cpp,1.8187087157068879e-09,1.0,1,0,1
0x41b15e,JNZ,384,384,2450,6,0x41b15a,TEST,1,NonLeaf,dil(LEA) ,rflags ,TEST,4,MOV,5,LEA,7,LEA,7,MOV,3,TEST,4,JNZ,6,MOV,2,XOR,2,SHR,3,0,1,0,0,0,JMP,0,0,1,1,0,0,JNE,0,0,4305223,4307696,4305252,0,0,1,0,cpp,1.8187087157068879e-09,1.0,1,0,1
0x41b13e,JZ,384,384,9,2,0x41b13c,TEST,1,NonLeaf,al(-1) ,rflags ,TEST,2,ADD,4,MOV,4,MOVZX,4,JZ,2,MOVZX,4,MOV,3,LEA,7,LEA,7,MOV,5,0,1,1,0,0,JNE,0,0,1,0,0,0,MOV,0,0,4305212,4305223,4305216,0,0,0,1,cpp,1.8187087157068879e-09,1.0,1,0,1
0x41b12e,JZ,384,0,14,2,0x41b12c,TEST,1,NonLeaf,al(-1) ,rflags ,TEST,2,MOV,5,MOV,2,MOV,2,JZ,2,MOVZX,4,MOV,4,ADD,4,TEST,2,JZ,2,0,1,1,0,0,JE,0,0,1,0,0,0,ADD,0,0,4305196,4305212,4305200,0,0,0,1,cpp,1.8187087157068879e-09,0.0,0,0,0
0x41b121,JZ,384,384,11,2,0x41b11c,TEST,0,NonLeaf,al(-1) ,rflags ,MOVSQ,3,TEST,2,SHR,3,XOR,2,MOV,2,MOV,2,MOV,2,MOV,5,TEST,2,JZ,2,0,1,1,0,0,JE,0,0,1,0,0,0,MOV,0,0,4305185,4305196,4305187,0,0,0,1,cpp,1.8187087157068879e-09,1.0,1,0,1
0x41b10f,JNZ,384,0,1553,6,0x41b10b,TEST,1,NonLeaf,dil(-1) ,rflags ,TEST,4,JNZ,6,MOV,5,MOV,3,MOV,3,MOV,2,XOR,2,SHR,3,TEST,2,MOVSQ,3,0,1,0,0,0,JMP,0,0,1,1,0,0,TEST,0,0,4305163,4306720,4305173,1,0,1,0,cpp,1.8187087157068879e-09,0.0,0,0,0
0x41b105,JNZ,384,0,1587,6,0x41b0f6,TEST,1,NonLeaf,r15b(-1) ,rflags ,MOV,5,MOV,3,MOV,3,TEST,4,JZ,6,TEST,4,JNZ,6,MOV,2,XOR,2,SHR,3,1,1,0,0,0,JMP,0,0,1,1,0,0,JNE,0,0,4305142,4306744,4305163,0,0,1,0,cpp,1.8187087157068879e-09,0.0,0,0,0
0x41b0f0,JZ,384,8,-624,6,0x41b0ec,SUB,1,NonLeaf,rbx(SUB) ,rbx rflags ,SUB,4,CALL_NEAR,5,ADD,7,ADD,7,LEA,7,TEST,4,MOV,3,MOV,3,MOV,5,JNZ,6,0,0,0,0,0,JE,1,0,0,0,1,1,JNE,0,0,4305132,4304512,4305142,0,0,0,0,cpp,1.8187087157068879e-09,0.0208333333333333,0,0,0
0x41b0b2,JZ,384,0,6,2,0x41b0ad,TEST,0,NonLeaf,al(-1) ,rflags ,MOVSQ,3,TEST,2,SHR,3,MOV,2,JNZ,6,MOV,2,MOV,2,LEA,7,LEA,7,CALL_NEAR,5,0,1,1,0,0,CALL,0,1,1,0,0,0,MOV,0,0,4305074,4305080,4305076,0,0,1,1,cpp,1.8187087157068879e-09,0.0,0,0,0
0x41b0a2,JNZ,384,384,2214,6,0x41af6f,TEST,1,NonLeaf,dil(LEA) ,rflags ,MOV,5,MOV,7,MOV,7,MOV,7,MOV,7,MOV,2,SHR,3,TEST,2,MOVSQ,3,JZ,2,0,1,0,0,0,JMP,0,0,1,1,0,0,TEST,0,0,4304731,4307272,4305064,0,0,1,0,cpp,1.8187087157068879e-09,1.0,1,0,1
0x41af2a,JZ,384,384,38,2,0x41af20,TEST,1,NonLeaf,r14(-1) r14(-1) ,rflags ,LEA,7,TEST,3,NOP,4,JMP,5,JNLE,6,LEA,8,MOV,3,CALL_NEAR,5,MOV,3,ADD,7,0,0,1,0,0,MOV,0,0,1,0,0,0,CALL,0,1,4304672,4304720,4304684,0,0,1,1,cpp,1.8187087157068879e-09,1.0,1,0,1
0x41af11,JNLE,8,8,485,6,0x41af08,CMP,1,NonLeaf,rsp(-1) ,rflags ,MOV,3,CMP,6,NOP,3,RET_NEAR,1,POP,2,JMP,5,NOP,4,TEST,3,LEA,7,JZ,2,0,1,0,1,0,JNE,0,0,1,0,0,0,JMP,1,0,4304648,4305142,4304663,0,0,0,0,cpp,3.788976491056016e-11,1.0,1,0,1
0x41aedc,JNZ,665,657,-60,2,0x41aed7,CMP,1,NonLeaf,rsp(-1) rbx(ADD) ,rflags ,CMP,5,ADD,7,CALL_NEAR,5,JZ,2,TEST,3,MOV,5,IMUL,7,MOV,5,ADD,3,MOV,4,0,0,0,1,1,JE,0,0,0,1,0,0,ADD,1,0,4304592,4304544,4304606,0,0,0,0,cpp,3.149586708190313e-09,0.98796992481203,1,1,1
0x41aec9,JZ,665,665,7,2,0x41aec6,TEST,1,NonLeaf,rdi(MOV) rdi(MOV) ,rflags ,TEST,3,MOV,4,CALL_NEAR,5,JZ,2,TEST,3,CALL_NEAR,5,ADD,7,CMP,5,JNZ,2,MOV,5,0,1,1,0,0,JNE,0,0,1,0,0,0,CALL,0,1,4304578,4304592,4304587,0,0,0,1,cpp,3.149586708190313e-09,1.0,1,0,1
0x41aebb,JZ,665,0,7,2,0x41aeb8,TEST,1,NonLeaf,rdi(MOV) rdi(MOV) ,rflags ,TEST,3,MOV,4,CALL_NEAR,5,JZ,2,TEST,3,CALL_NEAR,5,MOV,4,TEST,3,JZ,2,CALL_NEAR,5,0,1,1,0,0,JE,0,0,1,0,0,0,CALL,0,1,4304564,4304578,4304573,0,0,0,1,cpp,3.149586708190313e-09,0.0,0,0,0
0x41aead,JZ,665,0,7,2,0x41aeaa,TEST,1,NonLeaf,rdi(MOV) rdi(MOV) ,rflags ,TEST,3,MOV,4,SUB,3,MOV,3,NOP,1,CALL_NEAR,5,MOV,4,TEST,3,JZ,2,CALL_NEAR,5,1,1,1,0,0,JE,0,0,1,0,0,0,CALL,0,1,4304544,4304564,4304559,0,0,0,1,cpp,3.149586708190313e-09,0.0,0,0,0
0x41ae85,JZ,8,0,89,2,0x41ae80,CMP,1,NonLeaf,rsp(-1) r15(-1) ,rflags ,CMP,5,NOP,3,JMP,5,LEA,4,JNZ,6,LEA,7,LEA,7,LEA,7,MOV,3,NOP,1,0,0,1,0,0,ADD,0,0,1,0,0,0,NOP,0,0,4304512,4304606,4304519,0,0,0,0,cpp,3.788976491056016e-11,0.0,0,0,0
0x41ae44,JBE,54,54,-1364,6,0x41ae41,CMP,1,NonLeaf,r9(-1) rdx(SAR) ,rflags ,CMP,3,SAR,4,SUB,3,MOV,3,MOV,7,TEST,3,LEA,4,JNZ,6,MOV,3,MOV,3,0,1,0,0,0,JE,0,0,1,0,0,0,JNE,0,0,4304432,4303088,4304458,0,0,0,0,cpp,2.5575591314628107e-10,1.0,1,0,1
0x41ae2a,JNBE,54,0,1822,6,0x41ae27,CMP,1,NonLeaf,r9(SAR) rax(SAR) ,rflags ,CMP,3,SAR,4,SAR,4,SUB,3,SUB,3,MOV,7,MOV,3,SUB,3,SAR,4,CMP,3,0,1,0,0,0,JE,0,0,1,0,0,0,JBE,0,0,4304378,4306248,4304432,0,0,1,0,cpp,2.5575591314628107e-10,0.0,0,0,0
0x41adf4,JZ,54,0,-1225,6,0x41ad8f,CMP,1,NonLeaf,rbp(-1) r15(-1) ,rflags ,MOV,7,MOV,7,MOV,7,MOV,7,MOV,7,MOV,7,MOV,7,MOV,7,MOV,7,MOV,3,0,1,0,0,0,JNE,0,0,1,0,0,0,JA,0,0,4304257,4303147,4304378,0,0,1,0,cpp,2.5575591314628107e-10,0.0,0,0,0
0x41ad78,JZ,54,54,9,2,0x41ad76,TEST,1,NonLeaf,al(-1) ,rflags ,TEST,2,ADD,4,MOV,4,MOVZX,4,JZ,2,MOVZX,4,MOV,3,MOV,7,MOV,7,CMP,3,0,1,1,0,0,JE,0,0,1,0,0,0,MOV,0,0,4304246,4304257,4304250,0,0,1,1,cpp,2.5575591314628107e-10,1.0,1,0,1
0x41ad68,JZ,54,0,14,2,0x41ad66,TEST,1,NonLeaf,al(-1) ,rflags ,TEST,2,MOV,5,MOV,2,MOV,2,JZ,2,MOVZX,4,MOV,4,ADD,4,TEST,2,JZ,2,0,1,1,0,0,JE,0,0,1,0,0,0,ADD,0,0,4304230,4304246,4304234,0,0,0,1,cpp,2.5575591314628107e-10,0.0,0,0,0
0x41ad5b,JZ,54,0,11,2,0x41ad56,TEST,0,NonLeaf,al(-1) ,rflags ,MOVSQ,3,TEST,2,SHR,3,XOR,2,MOV,2,MOV,2,MOV,2,MOV,5,TEST,2,JZ,2,0,1,1,0,0,JE,0,0,1,0,0,0,MOV,0,0,4304219,4304230,4304221,0,0,0,1,cpp,2.5575591314628107e-10,0.0,0,0,0
0x41ad49,JNZ,54,54,2807,6,0x41ad45,TEST,1,NonLeaf,dil(-1) ,rflags ,TEST,4,JNZ,6,TEST,4,MOV,5,LEA,7,MOV,2,XOR,2,SHR,3,TEST,2,MOVSQ,3,0,0,0,0,0,JMP,0,0,0,1,0,0,TEST,0,0,4304197,4307008,4304207,1,0,1,0,cpp,2.5575591314628107e-10,1.0,1,0,1
0x41ad3f,JNZ,54,0,2769,6,0x41ad3b,TEST,1,NonLeaf,dil(LEA) ,rflags ,TEST,4,MOV,5,LEA,7,LEA,7,MOV,3,TEST,4,JNZ,6,MOV,2,XOR,2,SHR,3,0,1,0,0,0,JE,0,0,1,0,0,0,JNE,0,0,4304168,4306960,4304197,0,0,1,0,cpp,2.5575591314628107e-10,0.0,0,0,0
0x41ad1f,JZ,54,54,9,2,0x41ad1d,TEST,1,NonLeaf,al(-1) ,rflags ,TEST,2,ADD,4,MOV,4,MOVZX,4,JZ,2,MOVZX,4,MOV,3,LEA,7,LEA,7,MOV,5,0,1,1,0,0,JNE,0,0,1,0,0,0,MOV,0,0,4304157,4304168,4304161,0,0,0,1,cpp,2.5575591314628107e-10,1.0,1,0,1
0x41ad0f,JZ,54,54,14,2,0x41ad0d,TEST,1,NonLeaf,al(-1) ,rflags ,TEST,2,MOV,5,MOV,2,MOV,2,JZ,2,MOVZX,4,MOV,4,ADD,4,TEST,2,JZ,2,0,1,1,0,0,JE,0,0,1,0,0,0,ADD,0,0,4304141,4304157,4304145,0,0,0,1,cpp,2.5575591314628107e-10,1.0,1,0,1
0x41ad02,JZ,54,0,11,2,0x41acfd,TEST,0,NonLeaf,al(-1) ,rflags ,MOVSQ,3,TEST,2,SHR,3,XOR,2,MOV,2,MOV,2,MOV,2,MOV,5,TEST,2,JZ,2,0,1,1,0,0,JE,0,0,1,0,0,0,MOV,0,0,4304130,4304141,4304132,0,0,0,1,cpp,2.5575591314628107e-10,0.0,0,0,0
0x41acf0,JNZ,54,0,2920,6,0x41acec,TEST,1,NonLeaf,dil(-1) ,rflags ,TEST,4,JNZ,6,TEST,4,MOV,5,LEA,7,MOV,2,XOR,2,SHR,3,TEST,2,MOVSQ,3,0,1,0,0,0,JMP,0,0,1,1,0,0,TEST,0,0,4304108,4307032,4304118,1,0,1,0,cpp,2.5575591314628107e-10,0.0,0,0,0
0x41ace6,JNZ,54,0,2954,6,0x41ace2,TEST,1,NonLeaf,dil(LEA) ,rflags ,TEST,4,MOV,5,LEA,7,LEA,7,MOV,3,TEST,4,JNZ,6,MOV,2,XOR,2,SHR,3,0,1,0,0,0,JMP,0,0,1,1,0,0,JNE,0,0,4304079,4307056,4304108,0,0,1,0,cpp,2.5575591314628107e-10,0.0,0,0,0
0x41acc6,JZ,54,54,9,2,0x41acc4,TEST,1,NonLeaf,al(-1) ,rflags ,TEST,2,ADD,4,MOV,4,MOVZX,4,JZ,2,MOVZX,4,MOV,3,LEA,7,LEA,7,MOV,5,0,1,1,0,0,JNE,0,0,1,0,0,0,MOV,0,0,4304068,4304079,4304072,0,0,0,1,cpp,2.5575591314628107e-10,1.0,1,0,1
0x41acb6,JZ,54,54,14,2,0x41acb4,TEST,1,NonLeaf,al(-1) ,rflags ,TEST,2,MOV,5,MOV,2,MOV,2,JZ,2,MOVZX,4,MOV,4,ADD,4,TEST,2,JZ,2,0,1,1,0,0,JE,0,0,1,0,0,0,ADD,0,0,4304052,4304068,4304056,0,0,0,1,cpp,2.5575591314628107e-10,1.0,1,0,1
0x41aca9,JZ,54,54,11,2,0x41aca4,TEST,0,NonLeaf,al(-1) ,rflags ,MOVSQ,3,TEST,2,SHR,3,XOR,2,MOV,2,MOV,2,MOV,2,MOV,5,TEST,2,JZ,2,0,1,1,0,0,JE,0,0,1,0,0,0,MOV,0,0,4304041,4304052,4304043,0,0,0,1,cpp,2.5575591314628107e-10,1.0,1,0,1
0x41ac97,JNZ,54,54,3081,6,0x41ac93,TEST,1,NonLeaf,dil(-1) ,rflags ,TEST,4,JNZ,6,TEST,4,MOV,5,LEA,7,MOV,2,XOR,2,SHR,3,TEST,2,MOVSQ,3,0,1,0,0,0,JMP,0,0,1,1,0,0,TEST,0,0,4304019,4307104,4304029,1,0,1,0,cpp,2.5575591314628107e-10,1.0,1,0,1
0x41ac8d,JNZ,54,0,3115,6,0x41ac89,TEST,1,NonLeaf,dil(LEA) ,rflags ,TEST,4,MOV,5,LEA,7,LEA,7,MOV,3,TEST,4,JNZ,6,MOV,2,XOR,2,SHR,3,0,1,0,0,0,JMP,0,0,1,1,0,0,JNE,0,0,4303990,4307128,4304019,0,0,1,0,cpp,2.5575591314628107e-10,0.0,0,0,0
0x41ac6d,JZ,54,54,9,2,0x41ac6b,TEST,1,NonLeaf,al(-1) ,rflags ,TEST,2,ADD,4,MOV,4,MOVZX,4,JZ,2,MOVZX,4,MOV,3,LEA,7,LEA,7,MOV,5,0,1,1,0,0,JNE,0,0,1,0,0,0,MOV,0,0,4303979,4303990,4303983,0,0,0,1,cpp,2.5575591314628107e-10,1.0,1,0,1
0x41ac5d,JZ,54,54,14,2,0x41ac5b,TEST,1,NonLeaf,al(-1) ,rflags ,TEST,2,MOV,5,MOV,2,MOV,2,JZ,2,MOVZX,4,MOV,4,ADD,4,TEST,2,JZ,2,0,1,1,0,0,JE,0,0,1,0,0,0,ADD,0,0,4303963,4303979,4303967,0,0,0,1,cpp,2.5575591314628107e-10,1.0,1,0,1
0x41ac50,JZ,54,0,11,2,0x41ac4b,TEST,0,NonLeaf,al(-1) ,rflags ,MOVSQ,3,TEST,2,SHR,3,XOR,2,MOV,2,MOV,2,MOV,2,MOV,5,TEST,2,JZ,2,0,1,1,0,0,JE,0,0,1,0,0,0,MOV,0,0,4303952,4303963,4303954,0,0,0,1,cpp,2.5575591314628107e-10,0.0,0,0,0
0x41ac3e,JNZ,54,0,3234,6,0x41ac3a,TEST,1,NonLeaf,dil(-1) ,rflags ,TEST,4,JNZ,6,TEST,4,MOV,5,LEA,7,MOV,2,XOR,2,SHR,3,TEST,2,MOVSQ,3,0,1,0,0,0,JMP,0,0,1,1,0,0,TEST,0,0,4303930,4307168,4303940,1,0,1,0,cpp,2.5575591314628107e-10,0.0,0,0,0
0x41ac34,JNZ,54,0,3268,6,0x41ac30,TEST,1,NonLeaf,dil(LEA) ,rflags ,TEST,4,MOV,5,LEA,7,LEA,7,MOV,3,TEST,4,JNZ,6,MOV,2,XOR,2,SHR,3,0,1,0,0,0,JMP,0,0,1,1,0,0,JNE,0,0,4303901,4307192,4303930,0,0,1,0,cpp,2.5575591314628107e-10,0.0,0,0,0
0x41ac14,JZ,54,54,9,2,0x41ac12,TEST,1,NonLeaf,al(-1) ,rflags ,TEST,2,ADD,4,MOV,4,MOVZX,4,JZ,2,MOVZX,4,MOV,3,LEA,7,LEA,7,MOV,5,0,1,1,0,0,JNE,0,0,1,0,0,0,MOV,0,0,4303890,4303901,4303894,0,0,0,1,cpp,2.5575591314628107e-10,1.0,1,0,1
0x41ac04,JZ,54,54,14,2,0x41ac02,TEST,1,NonLeaf,al(-1) ,rflags ,TEST,2,MOV,5,MOV,2,MOV,2,JZ,2,MOVZX,4,MOV,4,ADD,4,TEST,2,JZ,2,0,1,1,0,0,JE,0,0,1,0,0,0,ADD,0,0,4303874,4303890,4303878,0,0,0,1,cpp,2.5575591314628107e-10,1.0,1,0,1
0x41abf7,JZ,54,54,11,2,0x41abf2,TEST,0,NonLeaf,al(-1) ,rflags ,MOVSQ,3,TEST,2,SHR,3,XOR,2,MOV,2,MOV,2,MOV,2,MOV,5,TEST,2,JZ,2,0,1,1,0,0,JE,0,0,1,0,0,0,MOV,0,0,4303863,4303874,4303865,0,0,0,1,cpp,2.5575591314628107e-10,1.0,1,0,1
0x41abe5,JNZ,54,54,2979,6,0x41abe1,TEST,1,NonLeaf,dil(-1) ,rflags ,TEST,4,JNZ,6,TEST,4,MOV,5,LEA,7,MOV,2,XOR,2,SHR,3,TEST,2,MOVSQ,3,0,0,0,0,0,JMP,0,0,0,1,0,0,TEST,0,0,4303841,4306824,4303851,1,0,1,0,cpp,2.5575591314628107e-10,1.0,1,0,1
0x41abdb,JNZ,54,0,2941,6,0x41abd7,TEST,1,NonLeaf,dil(LEA) ,rflags ,TEST,4,MOV,5,LEA,7,LEA,7,MOV,2,TEST,4,JNZ,6,MOV,2,XOR,2,SHR,3,0,1,0,0,0,JE,0,0,1,0,0,0,JNE,0,0,4303812,4306776,4303841,0,0,1,0,cpp,2.5575591314628107e-10,0.0,0,0,0
0x41abbe,JZ,54,0,6,2,0x41abb9,TEST,0,NonLeaf,al(-1) ,rflags ,MOVSQ,3,TEST,2,SHR,3,MOV,2,JNZ,6,MOV,2,MOV,2,LEA,7,LEA,7,MOV,5,0,1,1,0,0,JNE,0,0,1,0,0,0,MOV,0,0,4303806,4303812,4303808,0,0,0,1,cpp,2.5575591314628107e-10,0.0,0,0,0
0x41abae,JNZ,54,0,3058,6,0x41ab85,TEST,1,NonLeaf,dil(LEA) ,rflags ,MOV,5,MOV,6,MOV,7,MOV,6,MOV,7,MOV,2,SHR,3,TEST,2,MOVSQ,3,JZ,2,0,1,0,0,0,JMP,0,0,1,1,0,0,TEST,0,0,4303728,4306848,4303796,0,0,1,0,cpp,2.5575591314628107e-10,0.0,0,0,0
0x41ab67,JZ,54,54,9,2,0x41ab65,TEST,1,NonLeaf,al(-1) ,rflags ,TEST,2,ADD,4,MOV,4,MOVZX,4,JZ,2,MOVZX,4,MOV,3,MOV,7,LEA,7,LEA,7,0,1,1,0,0,JNE,0,0,1,0,0,0,MOV,0,0,4303717,4303728,4303721,0,0,1,1,cpp,2.5575591314628107e-10,1.0,1,0,1
0x41ab57,JZ,54,54,14,2,0x41ab55,TEST,1,NonLeaf,al(-1) ,rflags ,TEST,2,MOV,5,MOV,2,MOV,2,JZ,2,MOVZX,4,MOV,4,ADD,4,TEST,2,JZ,2,0,1,1,0,0,JE,0,0,1,0,0,0,ADD,0,0,4303701,4303717,4303705,0,0,0,1,cpp,2.5575591314628107e-10,1.0,1,0,1
0x41ab4a,JZ,54,0,11,2,0x41ab45,TEST,0,NonLeaf,al(-1) ,rflags ,MOVSQ,3,TEST,2,SHR,3,XOR,2,MOV,2,MOV,2,MOV,2,MOV,5,TEST,2,JZ,2,0,1,1,0,0,JE,0,0,1,0,0,0,MOV,0,0,4303690,4303701,4303692,0,0,0,1,cpp,2.5575591314628107e-10,0.0,0,0,0
0x41ab38,JNZ,54,54,3216,6,0x41ab34,TEST,1,NonLeaf,dil(-1) ,rflags ,TEST,4,JNZ,6,TEST,4,MOV,5,LEA,7,MOV,2,XOR,2,SHR,3,TEST,2,MOVSQ,3,0,1,0,0,0,JMP,0,0,1,1,0,0,TEST,0,0,4303668,4306888,4303678,1,0,1,0,cpp,2.5575591314628107e-10,1.0,1,0,1
0x41ab2e,JNZ,54,54,3250,6,0x41ab2a,TEST,1,NonLeaf,dil(LEA) ,rflags ,TEST,4,MOV,5,LEA,7,LEA,7,MOV,3,TEST,4,JNZ,6,MOV,2,XOR,2,SHR,3,0,1,0,0,0,JMP,0,0,1,1,0,0,JNE,0,0,4303639,4306912,4303668,0,0,1,0,cpp,2.5575591314628107e-10,1.0,1,0,1
0x41ab0e,JZ,54,54,9,2,0x41ab0c,TEST,1,NonLeaf,al(-1) ,rflags ,TEST,2,ADD,4,MOV,4,MOVZX,4,JZ,2,MOVZX,4,MOV,3,LEA,7,LEA,7,MOV,5,0,1,1,0,0,JNE,0,0,1,0,0,0,MOV,0,0,4303628,4303639,4303632,0,0,0,1,cpp,2.5575591314628107e-10,1.0,1,0,1
0x41aafe,JZ,54,0,14,2,0x41aafc,TEST,1,NonLeaf,al(-1) ,rflags ,TEST,2,MOV,5,MOV,2,MOV,2,JZ,2,MOVZX,4,MOV,4,ADD,4,TEST,2,JZ,2,0,1,1,0,0,JE,0,0,1,0,0,0,ADD,0,0,4303612,4303628,4303616,0,0,0,1,cpp,2.5575591314628107e-10,0.0,0,0,0
0x41aaf1,JZ,54,54,11,2,0x41aaec,TEST,0,NonLeaf,al(-1) ,rflags ,MOVSQ,3,TEST,2,SHR,3,XOR,2,MOV,2,MOV,2,MOV,2,MOV,5,TEST,2,JZ,2,0,1,1,0,0,JE,0,0,1,0,0,0,MOV,0,0,4303601,4303612,4303603,0,0,0,1,cpp,2.5575591314628107e-10,1.0,1,0,1
0x41aadf,JNZ,54,0,3081,6,0x41aadb,TEST,1,NonLeaf,dil(-1) ,rflags ,TEST,4,JNZ,6,MOV,5,MOV,3,MOV,3,MOV,2,XOR,2,SHR,3,TEST,2,MOVSQ,3,0,1,0,0,0,JMP,0,0,1,1,0,0,TEST,0,0,4303579,4306664,4303589,1,0,1,0,cpp,2.5575591314628107e-10,0.0,0,0,0
0x41aad5,JNZ,54,0,3115,6,0x41aac6,TEST,1,NonLeaf,bpl(-1) ,rflags ,MOV,5,MOV,3,MOV,3,TEST,4,JZ,6,TEST,4,JNZ,6,MOV,2,XOR,2,SHR,3,1,1,0,0,0,JMP,0,0,1,1,0,0,JNE,0,0,4303558,4306688,4303579,0,0,1,0,cpp,2.5575591314628107e-10,0.0,0,0,0
0x41aac0,JZ,54,1,4192,6,0x41aabc,SUB,1,NonLeaf,r14(SUB) ,r14 rflags ,SUB,4,CALL_NEAR,5,ADD,7,ADD,7,LEA,7,TEST,4,MOV,3,MOV,3,MOV,5,JNZ,6,0,1,0,0,0,ADD,1,0,0,0,1,1,JNE,0,0,4303548,4307744,4303558,0,0,1,0,cpp,2.5575591314628107e-10,0.0185185185185185,0,0,0
0x41aa82,JZ,54,0,6,2,0x41aa7d,TEST,0,NonLeaf,al(-1) ,rflags ,MOVSQ,3,TEST,2,SHR,3,MOV,2,JNZ,6,MOV,2,MOV,2,LEA,7,LEA,7,CALL_NEAR,5,0,1,1,0,0,CALL,0,1,1,0,0,0,MOV,0,0,4303490,4303496,4303492,0,0,1,1,cpp,2.5575591314628107e-10,0.0,0,0,0
0x41aa72,JNZ,54,54,3758,6,0x41a940,TEST,1,NonLeaf,dil(LEA) ,rflags ,MOV,5,MOV,7,MOV,7,MOV,7,MOV,7,MOV,2,SHR,3,TEST,2,MOVSQ,3,JZ,2,0,1,0,0,0,JMP,0,0,1,1,0,0,TEST,0,0,4303147,4307232,4303480,0,0,1,0,cpp,2.5575591314628107e-10,1.0,1,0,1
0x41a8fa,JZ,54,54,38,2,0x41a8f0,TEST,1,NonLeaf,r9(-1) r9(-1) ,rflags ,LEA,7,TEST,3,JMP,5,MOV,3,MOV,3,LEA,8,MOV,3,CALL_NEAR,5,ADD,7,LEA,7,0,0,1,0,0,MOV,0,0,1,0,0,0,CALL,0,1,4303088,4303136,4303100,0,0,1,1,cpp,2.5575591314628107e-10,1.0,1,0,1
0x41a8df,JLE,1,0,9636,6,0x41a8dc,TEST,1,NonLeaf,r14(IMUL) r14(IMUL) ,rflags ,TEST,3,IMUL,4,LEA,5,JBE,6,CMP,5,MOV,3,MOV,3,JMP,5,TEST,3,LEA,7,0,1,0,0,0,JMP,1,0,1,0,0,0,JMP,0,0,4303059,4312707,4303077,0,0,0,0,cpp,4.736220613820021e-12,0.0,0,0,0
0x41a8cd,JBE,9,8,1595,6,0x41a8c8,CMP,1,NonLeaf,rsp(-1) rax(IMUL) ,rflags ,CMP,5,IMUL,4,MOV,3,SAR,4,SUB,3,LEA,5,IMUL,4,TEST,3,JLE,6,MOV,3,0,1,0,0,0,JG,1,0,1,0,0,0,JLE,1,0,4303017,4304648,4303059,0,0,0,0,cpp,4.262598552438018e-11,0.8888888888888888,1,0,1
0x41a8a3,JNBE,10,1,7101,6,0x41a8a0,CMP,1,NonLeaf,rbx(IMUL) rax(IMUL) ,rflags ,CMP,3,MOV,5,IMUL,4,IMUL,4,MOV,3,MOV,5,MOV,4,MOV,3,MOV,5,SUB,3,0,1,0,0,0,JE,1,0,1,0,0,0,JBE,1,0,4302946,4310112,4303017,0,0,0,1,cpp,4.7362206138200205e-11,0.1,0,0,0
0x41a85c,JZ,10,0,1690,6,0x41a854,CMP,1,NonLeaf,rsi(-1) rdi(-1) ,rflags ,MOV,5,CMP,3,SUB,4,PUSH,1,PUSH,1,MOV,4,MOV,3,MOV,10,MOV,3,MOV,4,0,1,0,0,0,RET,1,0,1,0,0,0,JA,0,0,4302912,4304630,4302946,0,0,0,1,cpp,4.7362206138200205e-11,0.0,0,0,0
0x41a806,JZ,1,1,7,2,0x41a803,TEST,1,NonLeaf,rdi(MOV) rdi(MOV) ,rflags ,TEST,3,MOV,7,MOV,5,CALL_NEAR,5,JZ,2,CALL_NEAR,5,MOV,5,ADD,4,POP,1,POP,1,0,1,1,0,0,JMP,0,0,1,0,0,0,CALL,0,1,4302844,4302861,4302856,0,0,0,1,cpp,4.736220613820021e-12,1.0,1,0,1
0x41a7f0,JZ,1,0,12,2,0x41a7ed,TEST,1,NonLeaf,rdi(MOV) rdi(MOV) ,rflags ,TEST,3,MOV,7,MOV,5,CALL_NEAR,5,JZ,2,CALL_NEAR,5,MOV,5,MOV,7,TEST,3,JZ,2,0,1,1,0,0,JE,0,0,1,0,0,0,CALL,0,1,4302822,4302844,4302834,0,0,0,1,cpp,4.736220613820021e-12,0.0,0,0,0
0x41a7da,JZ,1,0,12,2,0x41a7d7,TEST,1,NonLeaf,rdi(MOV) rdi(MOV) ,rflags ,TEST,3,MOV,7,MOV,5,CALL_NEAR,5,JZ,2,CALL_NEAR,5,MOV,5,MOV,7,TEST,3,JZ,2,0,1,1,0,0,JE,0,0,1,0,0,0,CALL,0,1,4302795,4302822,4302812,0,0,0,1,cpp,4.736220613820021e-12,0.0,0,0,0
0x41a7c4,JZ,1,0,7,2,0x41a7c1,TEST,1,NonLeaf,rdi(MOV) rdi(MOV) ,rflags ,TEST,3,MOV,7,MOV,5,JNZ,2,CMP,4,CALL_NEAR,5,MOV,5,MOV,7,TEST,3,JZ,2,0,1,1,0,0,JE,0,0,1,0,0,0,CALL,0,1,4302785,4302795,4302790,0,0,0,1,cpp,4.736220613820021e-12,0.0,0,0,0
0x41a7b3,JNZ,314,313,-59,2,0x41a7af,CMP,1,NonLeaf,rsp(-1) rbx(ADD) ,rflags ,CMP,4,ADD,7,CALL_NEAR,5,JZ,2,TEST,3,MOV,5,MOV,7,TEST,3,JZ,2,CALL_NEAR,5,0,0,0,1,1,JE,0,0,1,1,0,0,MOV,1,0,4302760,4302712,4302773,0,0,0,0,cpp,1.4871732727394864e-09,0.9968152866242038,1,1,1
0x41a7a1,JZ,314,314,7,2,0x41a79e,TEST,1,NonLeaf,rdi(MOV) rdi(MOV) ,rflags ,TEST,3,MOV,4,CALL_NEAR,5,JZ,2,TEST,3,CALL_NEAR,5,ADD,7,CMP,4,JNZ,2,MOV,5,0,1,1,0,0,JNE,0,0,1,0,0,0,CALL,0,1,4302746,4302760,4302755,0,0,0,1,cpp,1.4871732727394864e-09,1.0,1,0,1
0x41a793,JZ,314,0,7,2,0x41a790,TEST,1,NonLeaf,rdi(MOV) rdi(MOV) ,rflags ,TEST,3,MOV,4,CALL_NEAR,5,JZ,2,TEST,3,CALL_NEAR,5,MOV,4,TEST,3,JZ,2,CALL_NEAR,5,0,1,1,0,0,JE,0,0,1,0,0,0,CALL,0,1,4302732,4302746,4302741,0,0,0,1,cpp,1.4871732727394864e-09,0.0,0,0,0
0x41a785,JZ,314,0,7,2,0x41a782,TEST,1,NonLeaf,rdi(MOV) rdi(MOV) ,rflags ,TEST,3,MOV,4,SUB,3,MOV,3,NOP,6,CALL_NEAR,5,MOV,4,TEST,3,JZ,2,CALL_NEAR,5,1,1,1,0,0,JE,0,0,1,0,0,0,CALL,0,1,4302712,4302732,4302727,0,0,0,1,cpp,1.4871732727394864e-09,0.0,0,0,0
0x41a754,JZ,1,0,227,6,0x41a74d,CMP,1,NonLeaf,rdx(MOV) rbp(MOV) ,rflags ,MOV,4,CMP,3,MOV,7,MOV,7,JZ,6,LEA,7,LEA,7,LEA,7,MOV,3,NOP,6,0,1,0,0,0,JMP,0,0,1,0,0,0,NOP,0,0,4302655,4302903,4302682,0,0,0,0,cpp,4.736220613820021e-12,0.0,0,0,0
0x41a739,JZ,1,0,239,6,0x41a731,TEST,1,NonLeaf,rax(MOV) rax(MOV) ,rflags ,MOV,5,TEST,3,MOV,3,SUB,4,PUSH,1,MOV,7,MOV,7,CMP,3,MOV,4,JZ,6,0,1,0,0,0,RET,0,0,1,0,0,0,JE,0,0,4302624,4302888,4302655,0,0,0,1,cpp,4.736220613820021e-12,0.0,0,0,0
0x456be0,JZ,10,0,77,2,0x456bdb,CMP,1,NonLeaf,rsp(-1) ,rflags ,CMP,5,CALL_NEAR,5,XOR,2,MOV,5,MOV,9,MOV,3,MOV,3,MOV,8,ADD,4,MOV,7,0,1,0,0,0,JNE,0,0,1,0,0,0,JE,0,0,4549595,4549677,4549602,0,0,0,1,cpp,4.7362206138200205e-11,0.0,0,0,0
0x50d2f3,JZ,352,140,22,2,0x50d2ef,CMP,1,NonLeaf,rbp(-1) ,rflags ,CMP,4,JNZ,2,TEST,2,MOV,6,JZ,2,JLE,2,MOV,3,ADD,3,JB,2,NOP,1,0,1,0,0,0,RET,0,0,1,0,0,0,JLE,0,0,5296879,5296905,5296885,0,0,0,0,cpp,1.667149656064647e-09,0.3977272727272727,0,0,0
0x45495f,JNZ,9,9,63,2,0x45495d,TEST,1,NonLeaf,esi(-1) esi(-1) ,rflags ,TEST,2,MOV,4,OR,3,MOV,7,MOV,4,MOV,5,XOR,9,MOV,3,JNZ,2,ADD,4,0,0,0,0,0,CALL,0,1,0,1,0,0,JNE,0,0,4540765,4540830,4540769,1,0,1,0,cpp,4.262598552438018e-11,1.0,1,0,1
0x49180e,JZ,875,874,34,2,0x49180a,CMP,1,NonLeaf,rbx(-1) ,rflags ,CMP,4,ADD,4,MOV,3,JZ,2,TEST,3,MOV,3,MOV,3,CALL_NEAR,5,ADD,4,MOV,3,0,1,0,0,0,RET,0,0,1,0,0,0,CALL,0,1,4790275,4790320,4790288,0,0,1,1,cpp,4.1441930370925175e-09,0.9988571428571428,1,0,1
0x454628,JNB,9,0,66,2,0x454625,CMP,1,NonLeaf,rax(ADD) rdx(-1) ,rflags ,CMP,3,MOV,4,ADD,4,JNB,2,CMP,3,MOVZX,3,MOV,5,MOVZX,3,TEST,5,JNZ,2,0,1,0,0,0,CALL,0,1,1,0,0,0,MOVZX,0,0,4539941,4540010,4539946,0,1,1,0,cpp,4.262598552438018e-11,0.0,0,0,0
0x4cd3ad,JNZ,3,2,-60,2,0x4cd3aa,TEST,1,NonLeaf,rbx(MOV) rbx(MOV) ,rflags ,TEST,3,MOV,2,MOV,4,MOV,2,MOV,11,MOV,7,TEST,3,JZ,6,MOV,6,SUB,7,0,0,0,1,1,JLE,0,0,0,1,0,0,JE,1,0,5034916,5034865,5034927,0,0,1,0,cpp,1.420866184146006e-11,0.6666666666666666,1,0,1
0x4cc76a,JNZ,11,0,48,2,0x4cc766,CMP,1,NonLeaf,rdi(-1) ,rflags ,CMP,4,SUB,4,PUSH,1,MOV,3,PUSH,2,MOV,3,MOVZX,3,MOV,3,CMP,3,JZ,6,0,1,0,0,0,RET,1,0,1,0,0,0,JE,0,0,5031760,5031834,5031788,0,0,0,0,cpp,5.209842675202023e-11,0.0,0,0,0
0x414640,JNZ,11336,11336,-7700,6,0x41463d,TEST,1,NonLeaf,rcx(-1) rcx(-1) ,rflags ,TEST,3,IMUL,4,SAR,4,SUB,3,MOV,3,MOV,9,MOV,8,JMP,5,JMP,2,INVALID,0,0,0,0,0,0,MOV,0,0,1,0,0,0,JMP,0,0,4277807,4270124,4277830,0,0,1,1,cpp,5.368979687826376e-08,1.0,1,0,1
0x414629,JNBE,11336,0,-4345,6,0x414626,CMP,1,NonLeaf,rcx(-1) rsi(MOV) ,rflags ,CMP,3,MOV,10,CALL_NEAR,5,JMP,5,CALL_NEAR,5,MOV,3,SUB,3,SAR,4,IMUL,4,TEST,3,0,0,0,0,0,JMP,0,0,1,0,0,0,JNE,0,0,4277788,4273456,4277807,0,0,1,0,cpp,5.368979687826376e-08,0.0,0,0,0
0x4142a8,JNBE,11346,0,647,6,0x4142a5,CMP,1,NonLeaf,rdx(-1) rax(MOV) ,rflags ,CMP,3,MOV,10,JMP,5,MOV,5,MOV,3,LEA,8,MOV,3,CALL_NEAR,5,MOV,3,MOV,5,0,1,0,0,0,CALL,1,1,1,0,0,0,CALL,0,1,4276891,4277551,4276910,0,0,1,1,cpp,5.373715908440196e-08,0.0,0,0,0
0x414278,JNBE,11346,0,500,6,0x414275,CMP,1,NonLeaf,rdx(-1) rax(MOV) ,rflags ,CMP,3,MOV,10,JMP,5,MOV,3,CALL_NEAR,5,LEA,8,MOV,3,CALL_NEAR,5,MOV,3,MOV,5,0,1,0,0,0,CALL,1,1,1,0,0,0,CALL,0,1,4276843,4277356,4276862,0,0,1,1,cpp,5.373715908440196e-08,0.0,0,0,0
0x41420e,JZ,11346,10,7,2,0x41420b,TEST,1,NonLeaf,rdi(MOV) rdi(MOV) ,rflags ,TEST,3,MOV,3,MOV,5,MOV,5,JNZ,2,CALL_NEAR,5,MOV,5,MOV,4,MOV,3,MOV,3,0,1,1,0,0,JMP,0,0,1,0,0,0,CALL,0,1,4276747,4276757,4276752,0,0,1,1,cpp,5.373715908440196e-08,0.0008813678829543,0,0,0
0x4141fc,JNZ,1379890,1368554,-60,2,0x4141f7,CMP,1,NonLeaf,rbp(ADD) rsp(-1) ,rflags ,CMP,5,ADD,7,CALL_NEAR,5,JZ,2,TEST,3,MOV,5,MOV,5,MOV,3,TEST,3,JZ,2,0,0,0,1,1,JE,0,0,1,1,0,0,MOV,1,0,4276720,4276672,4276734,0,0,0,0,cpp,6.535463462804108e-06,0.9917848524157724,1,1,1
0x4141e9,JZ,1379890,1379890,7,2,0x4141e6,TEST,1,NonLeaf,rdi(MOV) rdi(MOV) ,rflags ,TEST,3,MOV,4,CALL_NEAR,5,JZ,2,TEST,3,CALL_NEAR,5,ADD,7,CMP,5,JNZ,2,MOV,5,0,1,1,0,0,JNE,0,0,1,0,0,0,CALL,0,1,4276706,4276720,4276715,0,0,0,1,cpp,6.535463462804108e-06,1.0,1,0,1
0x4141db,JZ,1379890,0,7,2,0x4141d8,TEST,1,NonLeaf,rdi(MOV) rdi(MOV) ,rflags ,TEST,3,MOV,4,CALL_NEAR,5,JZ,2,TEST,3,CALL_NEAR,5,MOV,4,TEST,3,JZ,2,CALL_NEAR,5,0,1,1,0,0,JE,0,0,1,0,0,0,CALL,0,1,4276692,4276706,4276701,0,0,0,1,cpp,6.535463462804108e-06,0.0,0,0,0
0x4141cd,JZ,1379890,0,7,2,0x4141ca,TEST,1,NonLeaf,rdi(MOV) rdi(MOV) ,rflags ,TEST,3,MOV,4,SUB,3,MOV,3,NOP,10,CALL_NEAR,5,MOV,4,TEST,3,JZ,2,CALL_NEAR,5,1,1,1,0,0,JE,0,0,1,0,0,0,CALL,0,1,4276672,4276692,4276687,0,0,0,1,cpp,6.535463462804108e-06,0.0,0,0,0
0x414191,JZ,11346,10,122,2,0x41418c,CMP,1,NonLeaf,r12(MOV) rsp(-1) ,rflags ,CMP,5,MOV,3,MOV,5,MOV,5,MOV,5,LEA,8,LEA,8,LEA,8,MOV,3,MOV,5,0,1,1,0,0,JE,0,0,1,0,0,0,NOP,0,0,4276607,4276747,4276627,0,0,0,1,cpp,5.373715908440196e-08,0.0008813678829543,0,0,0
0x41381f,JNZ,11346,0,812,6,0x413817,CMP,1,NonLeaf,r15(-1) rdx(MOV) ,rflags ,MOV,5,CMP,3,MOV,4,MOV,3,MOV,5,JMP,5,NOP,6,ADD,3,MOV,8,MOV,8,0,1,0,1,0,JE,0,0,1,0,0,0,JMP,1,0,4274171,4275019,4274213,0,0,0,0,cpp,5.373715908440196e-08,0.0,0,0,0
0x4135a5,JNBE,1379890,0,4210,6,0x4135a2,CMP,1,NonLeaf,rdx(-1) rax(MOV) ,rflags ,CMP,3,MOV,10,NOP,5,JMP,5,MOV,3,LEA,8,MOV,3,CALL_NEAR,5,MOV,3,JMP,5,0,1,0,0,0,CALL,1,1,1,0,0,0,CALL,0,1,4273560,4277783,4273579,0,0,1,1,cpp,6.535463462804108e-06,0.0,0,0,0
0x413575,JNBE,1379890,0,4134,6,0x413572,CMP,1,NonLeaf,rdx(-1) rax(MOV) ,rflags ,CMP,3,MOV,10,NOP,5,JMP,5,MOV,5,LEA,8,MOV,3,CALL_NEAR,5,MOV,3,JMP,5,0,1,0,0,0,CALL,1,1,1,0,0,0,CALL,0,1,4273512,4277659,4273531,0,0,1,1,cpp,6.535463462804108e-06,0.0,0,0,0
0x41352a,JBE,11336,11336,4338,6,0x413527,CMP,1,NonLeaf,rbp(-1) rcx(LEA) ,rflags ,CMP,3,LEA,5,JMP,5,MOV,5,MOV,6,MOV,3,MOV,7,SUB,3,MOV,10,SAR,4,0,1,0,0,0,JA,0,0,1,0,0,0,JMP,0,0,4273442,4277788,4273456,0,0,0,1,cpp,5.368979687826376e-08,1.0,1,0,1
0x413435,JZ,1379890,1379890,-1685,6,0x413420,TEST,1,NonLeaf,rdx(SAR) rdx(SAR) ,rflags ,MOV,9,MOV,9,TEST,3,SAR,4,SUB,3,MOV,10,CMP,3,JNBE,6,LEA,8,MOV,3,0,1,0,0,0,JE,0,0,1,0,0,0,JA,0,0,4273011,4271520,4273211,0,0,1,0,cpp,6.535463462804108e-06,1.0,1,0,1
0x41336a,JZ,1379890,1379890,9,2,0x413368,TEST,1,NonLeaf,al(-1) ,rflags ,TEST,2,ADD,4,MOV,4,MOVZX,4,JZ,2,MOVZX,4,MOV,3,MOV,7,MOV,7,MOV,3,0,1,1,0,0,JE,0,0,1,0,0,0,MOV,0,0,4273000,4273011,4273004,0,0,1,1,cpp,6.535463462804108e-06,1.0,1,0,1
0x41335a,JZ,1379890,0,14,2,0x413358,TEST,1,NonLeaf,al(-1) ,rflags ,TEST,2,MOV,5,MOV,2,MOV,2,JZ,2,MOVZX,4,MOV,4,ADD,4,TEST,2,JZ,2,0,1,1,0,0,JE,0,0,1,0,0,0,ADD,0,0,4272984,4273000,4272988,0,0,0,1,cpp,6.535463462804108e-06,0.0,0,0,0
0x41334d,JZ,1379890,0,11,2,0x413348,TEST,0,NonLeaf,al(-1) ,rflags ,MOVSQ,3,TEST,2,SHR,3,XOR,2,MOV,2,MOV,2,MOV,2,MOV,5,TEST,2,JZ,2,0,1,1,0,0,JE,0,0,1,0,0,0,MOV,0,0,4272973,4272984,4272975,0,0,0,1,cpp,6.535463462804108e-06,0.0,0,0,0
0x41333b,JNZ,1379890,1379890,653,6,0x413337,TEST,1,NonLeaf,dil(-1) ,rflags ,TEST,4,JNZ,6,TEST,4,MOV,5,LEA,7,MOV,2,XOR,2,SHR,3,TEST,2,MOVSQ,3,0,1,0,0,0,JMP,0,0,1,1,0,0,TEST,0,0,4272951,4273608,4272961,1,0,1,0,cpp,6.535463462804108e-06,1.0,1,0,1
0x413331,JNZ,1379890,0,855,6,0x41332d,TEST,1,NonLeaf,dil(LEA) ,rflags ,TEST,4,MOV,5,LEA,7,LEA,8,MOV,3,TEST,4,JNZ,6,MOV,2,XOR,2,SHR,3,0,1,0,0,0,JMP,0,0,1,1,0,0,JNE,0,0,4272921,4273800,4272951,0,0,1,0,cpp,6.535463462804108e-06,0.0,0,0,0
0x413310,JZ,1379890,1379890,9,2,0x41330e,TEST,1,NonLeaf,al(-1) ,rflags ,TEST,2,ADD,4,MOV,4,MOVZX,4,JZ,2,MOVZX,4,MOV,3,LEA,8,LEA,7,MOV,5,0,1,1,0,0,JNE,0,0,1,0,0,0,MOV,0,0,4272910,4272921,4272914,0,0,0,1,cpp,6.535463462804108e-06,1.0,1,0,1
0x413300,JZ,1379890,1379890,14,2,0x4132fe,TEST,1,NonLeaf,al(-1) ,rflags ,TEST,2,MOV,5,MOV,2,MOV,2,JZ,2,MOVZX,4,MOV,4,ADD,4,TEST,2,JZ,2,0,1,1,0,0,JE,0,0,1,0,0,0,ADD,0,0,4272894,4272910,4272898,0,0,0,1,cpp,6.535463462804108e-06,1.0,1,0,1
0x4132f3,JZ,1379890,0,11,2,0x4132ee,TEST,0,NonLeaf,al(-1) ,rflags ,MOVSQ,3,TEST,2,SHR,3,XOR,2,MOV,2,MOV,2,MOV,2,MOV,5,TEST,2,JZ,2,0,1,1,0,0,JE,0,0,1,0,0,0,MOV,0,0,4272883,4272894,4272885,0,0,0,1,cpp,6.535463462804108e-06,0.0,0,0,0
0x4132e1,JNZ,1379890,0,815,6,0x4132dd,TEST,1,NonLeaf,dil(-1) ,rflags ,TEST,4,JNZ,6,TEST,4,MOV,5,LEA,7,MOV,2,XOR,2,SHR,3,TEST,2,MOVSQ,3,0,0,0,0,0,JMP,0,0,0,1,0,0,TEST,0,0,4272861,4273680,4272871,1,0,1,0,cpp,6.535463462804108e-06,0.0,0,0,0
0x4132d7,JNZ,1379890,0,777,6,0x4132d3,TEST,1,NonLeaf,dil(LEA) ,rflags ,TEST,4,MOV,5,LEA,7,LEA,8,MOV,3,TEST,4,JNZ,6,MOV,2,XOR,2,SHR,3,0,1,0,0,0,JE,0,0,1,0,0,0,JNE,0,0,4272831,4273632,4272861,0,0,1,0,cpp,6.535463462804108e-06,0.0,0,0,0
0x4132b6,JZ,1379890,1379890,9,2,0x4132b4,TEST,1,NonLeaf,al(-1) ,rflags ,TEST,2,ADD,4,MOV,4,MOVZX,4,JZ,2,MOVZX,4,MOV,3,LEA,8,LEA,7,MOV,5,0,1,1,0,0,JNE,0,0,1,0,0,0,MOV,0,0,4272820,4272831,4272824,0,0,0,1,cpp,6.535463462804108e-06,1.0,1,0,1
0x4132a6,JZ,1379890,1379890,14,2,0x4132a4,TEST,1,NonLeaf,al(-1) ,rflags ,TEST,2,MOV,5,MOV,2,MOV,2,JZ,2,MOVZX,4,MOV,4,ADD,4,TEST,2,JZ,2,0,1,1,0,0,JE,0,0,1,0,0,0,ADD,0,0,4272804,4272820,4272808,0,0,0,1,cpp,6.535463462804108e-06,1.0,1,0,1
0x413299,JZ,1379890,1379890,11,2,0x413294,TEST,0,NonLeaf,al(-1) ,rflags ,MOVSQ,3,TEST,2,SHR,3,XOR,2,MOV,2,MOV,2,MOV,2,MOV,5,TEST,2,JZ,2,0,1,1,0,0,JE,0,0,1,0,0,0,MOV,0,0,4272793,4272804,4272795,0,0,0,1,cpp,6.535463462804108e-06,1.0,1,0,1
0x413287,JNZ,1379890,1379890,929,6,0x413283,TEST,1,NonLeaf,dil(-1) ,rflags ,TEST,4,JNZ,6,TEST,4,MOV,5,LEA,7,MOV,2,XOR,2,SHR,3,TEST,2,MOVSQ,3,0,1,0,0,0,JMP,0,0,1,1,0,0,TEST,0,0,4272771,4273704,4272781,1,0,1,0,cpp,6.535463462804108e-06,1.0,1,0,1
0x41327d,JNZ,1379890,0,963,6,0x413279,TEST,1,NonLeaf,dil(LEA) ,rflags ,TEST,4,MOV,5,LEA,7,LEA,8,MOV,3,TEST,4,JNZ,6,MOV,2,XOR,2,SHR,3,0,1,0,0,0,JMP,0,0,1,1,0,0,JNE,0,0,4272741,4273728,4272771,0,0,1,0,cpp,6.535463462804108e-06,0.0,0,0,0
0x41325c,JZ,1379890,1379890,9,2,0x41325a,TEST,1,NonLeaf,al(-1) ,rflags ,TEST,2,ADD,4,MOV,4,MOVZX,4,JZ,2,MOVZX,4,MOV,3,LEA,8,LEA,7,MOV,5,0,1,1,0,0,JNE,0,0,1,0,0,0,MOV,0,0,4272730,4272741,4272734,0,0,0,1,cpp,6.535463462804108e-06,1.0,1,0,1
0x41324c,JZ,1379890,1379890,14,2,0x41324a,TEST,1,NonLeaf,al(-1) ,rflags ,TEST,2,MOV,5,MOV,2,MOV,2,JZ,2,MOVZX,4,MOV,4,ADD,4,TEST,2,JZ,2,0,1,1,0,0,JE,0,0,1,0,0,0,ADD,0,0,4272714,4272730,4272718,0,0,0,1,cpp,6.535463462804108e-06,1.0,1,0,1
0x41323f,JZ,1379890,0,11,2,0x41323a,TEST,0,NonLeaf,al(-1) ,rflags ,MOVSQ,3,TEST,2,SHR,3,XOR,2,MOV,2,MOV,2,MOV,2,MOV,5,TEST,2,JZ,2,0,1,1,0,0,JE,0,0,1,0,0,0,MOV,0,0,4272703,4272714,4272705,0,0,0,1,cpp,6.535463462804108e-06,0.0,0,0,0
0x41322d,JNZ,1379890,0,1091,6,0x413229,TEST,1,NonLeaf,dil(-1) ,rflags ,TEST,4,JNZ,6,TEST,4,MOV,5,LEA,7,MOV,2,XOR,2,SHR,3,TEST,2,MOVSQ,3,0,1,0,0,0,JMP,0,0,1,1,0,0,TEST,0,0,4272681,4273776,4272691,1,0,1,0,cpp,6.535463462804108e-06,0.0,0,0,0
0x413223,JNZ,1379890,0,1213,6,0x41321f,TEST,1,NonLeaf,dil(LEA) ,rflags ,TEST,4,MOV,5,LEA,7,LEA,8,MOV,3,TEST,4,JNZ,6,MOV,2,XOR,2,SHR,3,0,1,0,0,0,JMP,0,0,1,1,0,0,JNE,0,0,4272651,4273888,4272681,0,0,1,0,cpp,6.535463462804108e-06,0.0,0,0,0
0x413202,JZ,1379890,1379890,9,2,0x413200,TEST,1,NonLeaf,al(-1) ,rflags ,TEST,2,ADD,4,MOV,4,MOVZX,4,JZ,2,MOVZX,4,MOV,3,LEA,8,LEA,7,MOV,5,0,1,1,0,0,JNE,0,0,1,0,0,0,MOV,0,0,4272640,4272651,4272644,0,0,0,1,cpp,6.535463462804108e-06,1.0,1,0,1
0x4131f2,JZ,1379890,1379890,14,2,0x4131f0,TEST,1,NonLeaf,al(-1) ,rflags ,TEST,2,MOV,5,MOV,2,MOV,2,JZ,2,MOVZX,4,MOV,4,ADD,4,TEST,2,JZ,2,0,1,1,0,0,JE,0,0,1,0,0,0,ADD,0,0,4272624,4272640,4272628,0,0,0,1,cpp,6.535463462804108e-06,1.0,1,0,1
0x4131e5,JZ,1379890,1379890,11,2,0x4131e0,TEST,0,NonLeaf,al(-1) ,rflags ,MOVSQ,3,TEST,2,SHR,3,XOR,2,MOV,2,MOV,2,MOV,2,MOV,5,TEST,2,JZ,2,0,1,1,0,0,JE,0,0,1,0,0,0,MOV,0,0,4272613,4272624,4272615,0,0,0,1,cpp,6.535463462804108e-06,1.0,1,0,1
0x4131d3,JNZ,1379890,1379890,1341,6,0x4131cf,TEST,1,NonLeaf,dil(-1) ,rflags ,TEST,4,JNZ,6,TEST,4,MOV,5,LEA,7,MOV,2,XOR,2,SHR,3,TEST,2,MOVSQ,3,0,1,0,0,0,JMP,0,0,1,1,0,0,TEST,0,0,4272591,4273936,4272601,1,0,1,0,cpp,6.535463462804108e-06,1.0,1,0,1
0x4131c9,JNZ,1379890,0,1375,6,0x4131c5,TEST,1,NonLeaf,dil(LEA) ,rflags ,TEST,4,MOV,5,LEA,7,LEA,8,MOV,2,TEST,4,JNZ,6,MOV,2,XOR,2,SHR,3,0,1,0,0,0,JMP,0,0,1,1,0,0,JNE,0,0,4272561,4273960,4272591,0,0,1,0,cpp,6.535463462804108e-06,0.0,0,0,0
0x4131ab,JZ,1379890,0,6,2,0x4131a6,TEST,0,NonLeaf,al(-1) ,rflags ,MOVSQ,3,TEST,2,SHR,3,MOV,2,JNZ,6,MOV,2,MOV,2,LEA,8,LEA,7,MOV,5,0,1,1,0,0,JNE,0,0,1,0,0,0,MOV,0,0,4272555,4272561,4272557,0,0,0,1,cpp,6.535463462804108e-06,0.0,0,0,0
0x41319b,JNZ,1379890,0,1469,6,0x41316e,TEST,1,NonLeaf,dil(LEA) ,rflags ,MOV,5,MOV,8,MOV,6,MOV,8,MOV,6,MOV,2,SHR,3,TEST,2,MOVSQ,3,JZ,2,0,1,0,0,0,JMP,0,0,1,1,0,0,TEST,0,0,4272473,4274008,4272545,0,0,1,0,cpp,6.535463462804108e-06,0.0,0,0,0
0x413150,JZ,1379890,1379890,9,2,0x41314e,TEST,1,NonLeaf,al(-1) ,rflags ,TEST,2,ADD,4,MOV,4,MOVZX,4,JZ,2,MOVZX,4,MOV,3,MOV,6,LEA,8,LEA,7,0,1,1,0,0,JNE,0,0,1,0,0,0,MOV,0,0,4272462,4272473,4272466,0,0,1,1,cpp,6.535463462804108e-06,1.0,1,0,1
0x413140,JZ,1379890,1379890,14,2,0x41313e,TEST,1,NonLeaf,al(-1) ,rflags ,TEST,2,MOV,5,MOV,2,MOV,2,JZ,2,MOVZX,4,MOV,4,ADD,4,TEST,2,JZ,2,0,1,1,0,0,JE,0,0,1,0,0,0,ADD,0,0,4272446,4272462,4272450,0,0,0,1,cpp,6.535463462804108e-06,1.0,1,0,1
0x413133,JZ,1379890,0,11,2,0x41312e,TEST,0,NonLeaf,al(-1) ,rflags ,MOVSQ,3,TEST,2,SHR,3,XOR,2,MOV,2,MOV,2,MOV,2,MOV,5,TEST,2,JZ,2,0,1,1,0,0,JE,0,0,1,0,0,0,MOV,0,0,4272435,4272446,4272437,0,0,0,1,cpp,6.535463462804108e-06,0.0,0,0,0
0x413121,JNZ,1379890,1379890,1631,6,0x41311d,TEST,1,NonLeaf,dil(-1) ,rflags ,TEST,4,JNZ,6,TEST,4,MOV,5,LEA,7,MOV,2,XOR,2,SHR,3,TEST,2,MOVSQ,3,0,1,0,0,0,JMP,0,0,1,1,0,0,TEST,0,0,4272413,4274048,4272423,1,0,1,0,cpp,6.535463462804108e-06,1.0,1,0,1
0x413117,JNZ,1379890,1379890,1665,6,0x413113,TEST,1,NonLeaf,dil(LEA) ,rflags ,TEST,4,MOV,5,LEA,7,LEA,8,MOV,3,TEST,4,JNZ,6,MOV,2,XOR,2,SHR,3,0,1,0,0,0,JMP,0,0,1,1,0,0,JNE,0,0,4272383,4274072,4272413,0,0,1,0,cpp,6.535463462804108e-06,1.0,1,0,1
0x4130f6,JZ,1379890,1379890,9,2,0x4130f4,TEST,1,NonLeaf,al(-1) ,rflags ,TEST,2,ADD,4,MOV,4,MOVZX,4,JZ,2,MOVZX,4,MOV,3,LEA,8,LEA,7,MOV,5,0,1,1,0,0,JNE,0,0,1,0,0,0,MOV,0,0,4272372,4272383,4272376,0,0,0,1,cpp,6.535463462804108e-06,1.0,1,0,1
0x4130e6,JZ,1379890,0,14,2,0x4130e4,TEST,1,NonLeaf,al(-1) ,rflags ,TEST,2,MOV,5,MOV,2,MOV,2,JZ,2,MOVZX,4,MOV,4,ADD,4,TEST,2,JZ,2,0,1,1,0,0,JE,0,0,1,0,0,0,ADD,0,0,4272356,4272372,4272360,0,0,0,1,cpp,6.535463462804108e-06,0.0,0,0,0
0x4130d9,JZ,1379890,1379890,11,2,0x4130d4,TEST,0,NonLeaf,al(-1) ,rflags ,MOVSQ,3,TEST,2,SHR,3,XOR,2,MOV,2,MOV,2,MOV,2,MOV,5,TEST,2,JZ,2,0,1,1,0,0,JE,0,0,1,0,0,0,MOV,0,0,4272345,4272356,4272347,0,0,0,1,cpp,6.535463462804108e-06,1.0,1,0,1
0x4130c7,JNZ,1379890,0,1793,6,0x4130c3,TEST,1,NonLeaf,dil(-1) ,rflags ,TEST,4,JNZ,6,MOV,5,MOV,3,MOV,3,MOV,2,XOR,2,SHR,3,TEST,2,MOVSQ,3,0,1,0,0,0,JMP,0,0,1,1,0,0,TEST,0,0,4272323,4274120,4272333,1,0,1,0,cpp,6.535463462804108e-06,0.0,0,0,0
0x4130bd,JNZ,1379890,0,1827,6,0x4130ae,TEST,1,NonLeaf,r12b(-1) ,rflags ,MOV,5,MOV,3,MOV,3,TEST,4,JZ,2,TEST,4,JNZ,6,MOV,2,XOR,2,SHR,3,0,1,0,0,0,JMP,0,0,1,1,0,0,JNE,0,0,4272302,4274144,4272323,0,0,1,0,cpp,6.535463462804108e-06,0.0,0,0,0
0x4130ac,JZ,1379890,0,-26,2,0x4130a9,TEST,1,NonLeaf,r12(-1) r12(-1) ,rflags ,TEST,3,JZ,6,CMP,3,ADD,7,ADD,7,TEST,4,MOV,3,MOV,3,MOV,5,JNZ,6,1,1,0,0,0,JE,0,0,1,0,0,0,JNE,0,0,4272297,4272274,4272302,1,0,0,0,cpp,6.535463462804108e-06,0.0,0,0,0
0x4130a3,JZ,1379890,11336,1880,6,0x4130a0,CMP,1,NonLeaf,r15(-1) rbx(ADD) ,rflags ,CMP,3,ADD,7,ADD,7,MOV,5,ADD,3,TEST,3,JZ,2,TEST,4,MOV,3,MOV,3,0,0,0,0,0,JNE,1,0,0,0,1,1,JE,0,0,4272274,4274171,4272297,0,0,1,0,cpp,6.535463462804108e-06,0.0082151475842277,0,0,0
0x413072,JZ,1379890,0,24,2,0x41306f,TEST,1,NonLeaf,rcx(SAR) rcx(SAR) ,rflags ,TEST,3,SAR,4,SUB,3,MOV,7,MOV,7,LEA,8,MOV,3,MOV,3,CALL_NEAR,5,MOV,3,0,1,1,0,0,MOV,0,0,1,0,0,0,CALL,0,1,4272196,4272266,4272244,0,0,1,1,cpp,6.535463462804108e-06,0.0,0,0,0
0x41303e,JNZ,1379890,1379890,1370,6,0x41303b,TEST,1,NonLeaf,rdx(SAR) rdx(SAR) ,rflags ,TEST,3,SAR,4,MOV,9,MOV,9,MOV,12,LEA,4,MOV,5,MOV,5,XOR,3,MOV,5,0,1,0,0,0,JA,0,0,1,0,0,0,JE,0,0,4272114,4273560,4272196,0,0,0,1,cpp,6.535463462804108e-06,1.0,1,0,1
0x412fda,JZ,1379890,0,24,2,0x412fd7,TEST,1,NonLeaf,rcx(SAR) rcx(SAR) ,rflags ,TEST,3,SAR,4,SUB,3,MOV,7,MOV,7,LEA,8,MOV,3,MOV,3,CALL_NEAR,5,MOV,3,0,1,1,0,0,JNE,0,0,1,0,0,0,CALL,0,1,4272044,4272114,4272092,0,0,1,1,cpp,6.535463462804108e-06,0.0,0,0,0
0x412fa6,JNZ,1379890,1379890,1474,6,0x412f91,TEST,1,NonLeaf,rdx(SAR) rdx(SAR) ,rflags ,MOV,9,MOV,9,TEST,3,MOV,12,SAR,4,LEA,4,MOV,5,MOV,5,XOR,3,MOV,5,0,1,0,0,0,JA,0,0,1,0,0,0,JE,0,0,4271970,4273512,4272044,0,0,0,1,cpp,6.535463462804108e-06,1.0,1,0,1
0x412f5c,JZ,1379890,0,6,2,0x412f57,TEST,0,NonLeaf,al(-1) ,rflags ,MOVSQ,3,TEST,2,SHR,3,MOV,2,JNZ,6,MOV,2,MOV,2,MOV,7,SUB,7,XOR,3,0,1,1,0,0,JNE,0,0,1,0,0,0,MOV,0,0,4271964,4271970,4271966,0,0,1,1,cpp,6.535463462804108e-06,0.0,0,0,0
0x412f4c,JNZ,1379890,1379890,1900,6,0x412e03,TEST,1,NonLeaf,dil(LEA) ,rflags ,MOV,5,MOV,8,MOV,7,MOV,8,MOV,7,MOV,2,SHR,3,TEST,2,MOVSQ,3,JZ,2,0,1,0,0,0,JMP,0,0,1,1,0,0,TEST,0,0,4271590,4273848,4271954,0,0,1,0,cpp,6.535463462804108e-06,1.0,1,0,1
0x412dce,JZ,1379890,1379890,24,2,0x412dcb,TEST,1,NonLeaf,rcx(SAR) rcx(SAR) ,rflags ,TEST,3,SAR,4,SUB,3,MOV,7,MOV,7,LEA,8,MOV,3,MOV,3,CALL_NEAR,5,MOV,3,0,1,1,0,0,JNE,0,0,1,0,0,0,CALL,0,1,4271520,4271590,4271568,0,0,1,1,cpp,6.535463462804108e-06,1.0,1,0,1
0x412d90,JNZ,11346,11336,793,6,0x412d8d,CMP,1,NonLeaf,r15(-1) rbx(MOV) ,rflags ,CMP,3,MOV,3,MOV,4,MOV,5,MOV,7,JMP,5,NOP,5,LEA,4,MOV,5,MOV,5,0,1,0,1,0,JE,0,0,1,0,0,0,JMP,1,0,4271489,4272297,4271510,0,0,0,0,cpp,5.373715908440196e-08,0.9991186321170455,1,0,1
0x412d5a,JZ,11346,0,29,2,0x412d57,TEST,1,NonLeaf,rcx(SAR) rcx(SAR) ,rflags ,TEST,3,SAR,4,SUB,3,XOR,2,MOV,7,LEA,8,MOV,3,MOV,3,CALL_NEAR,5,MOV,3,0,1,1,0,0,MOV,0,0,1,0,0,0,CALL,0,1,4271400,4271479,4271452,0,0,1,1,cpp,5.373715908440196e-08,0.0,0,0,0
0x412d22,JNZ,11346,11346,5497,6,0x412d1f,TEST,1,NonLeaf,rdx(SAR) rdx(SAR) ,rflags ,TEST,3,SAR,4,MOV,11,MOV,11,MOV,11,ADD,3,MOV,7,MOV,7,MOV,7,MOV,7,0,1,0,0,0,JA,0,0,1,0,0,0,JE,0,0,4271325,4276891,4271400,0,0,0,1,cpp,5.373715908440196e-08,1.0,1,0,1
0x412cc0,JZ,11346,0,29,2,0x412cbd,TEST,1,NonLeaf,rcx(SAR) rcx(SAR) ,rflags ,TEST,3,SAR,4,SUB,3,MOV,7,XOR,2,LEA,8,MOV,3,MOV,3,CALL_NEAR,5,MOV,3,0,1,1,0,0,JNE,0,0,1,0,0,0,CALL,0,1,4271246,4271325,4271298,0,0,1,1,cpp,5.373715908440196e-08,0.0,0,0,0
0x412c88,JNZ,11346,11346,5603,6,0x412c7a,TEST,1,NonLeaf,rdx(SAR) rdx(SAR) ,rflags ,MOV,11,TEST,3,MOV,11,MOV,11,SAR,4,ADD,3,MOV,7,MOV,7,MOV,7,MOV,7,0,1,0,0,0,JA,0,0,1,0,0,0,JE,0,0,4271176,4276843,4271246,0,0,0,1,cpp,5.373715908440196e-08,1.0,1,0,1
0x412c42,JZ,11346,0,6,2,0x412c3d,TEST,0,NonLeaf,al(-1) ,rflags ,MOVSQ,3,TEST,2,SHR,3,MOV,2,JNZ,6,MOV,2,MOV,2,MOV,7,SUB,7,XOR,2,0,1,1,0,0,JNE,0,0,1,0,0,0,MOV,0,0,4271170,4271176,4271172,0,0,1,1,cpp,5.373715908440196e-08,0.0,0,0,0
0x412c32,JNZ,11346,11346,5785,6,0x412b1c,TEST,1,NonLeaf,dil(LEA) ,rflags ,MOV,5,MOV,7,MOV,7,MOV,7,MOV,7,MOV,2,SHR,3,TEST,2,MOVSQ,3,JZ,2,0,1,0,0,0,JMP,0,0,1,1,0,0,TEST,0,0,4270820,4276939,4271160,0,0,1,0,cpp,5.373715908440196e-08,1.0,1,0,1
0x412acc,JZ,11346,11346,24,2,0x412ac9,TEST,1,NonLeaf,rcx(SAR) rcx(SAR) ,rflags ,TEST,3,SAR,4,SUB,3,MOV,7,MOV,7,LEA,8,MOV,3,MOV,3,CALL_NEAR,5,MOV,3,0,1,1,0,0,JNE,0,0,1,0,0,0,CALL,0,1,4270741,4270820,4270798,0,0,1,1,cpp,5.373715908440196e-08,1.0,1,0,1
0x412a8f,JNZ,11346,0,6065,6,0x412a3a,TEST,1,NonLeaf,rdx(SAR) rdx(SAR) ,rflags ,MOV,7,MOV,11,MOV,11,MOV,11,MOV,7,MOV,5,ADD,3,MOV,7,MOV,7,XOR,2,0,1,0,0,0,JA,0,0,1,0,0,0,JE,0,0,4270559,4276800,4270741,0,0,0,1,cpp,5.373715908440196e-08,0.0,0,0,0
0x4129d5,JZ,11346,0,10,2,0x4129d3,TEST,1,NonLeaf,al(-1) ,rflags ,TEST,2,MOV,5,MOV,2,MOV,2,JZ,2,MOVZX,4,MOV,4,MOV,7,MOV,5,XOR,2,0,1,1,0,0,JNE,0,0,1,0,0,0,MOV,0,0,4270547,4270559,4270551,0,0,1,1,cpp,5.373715908440196e-08,0.0,0,0,0
0x4129c8,JZ,11346,0,11,2,0x4129c3,TEST,0,NonLeaf,al(-1) ,rflags ,MOVSQ,3,TEST,2,SHR,3,XOR,2,MOV,2,MOV,2,MOV,2,MOV,5,TEST,2,JZ,2,0,1,1,0,0,JE,0,0,1,0,0,0,MOV,0,0,4270536,4270547,4270538,0,0,0,1,cpp,5.373715908440196e-08,0.0,0,0,0
0x4129b6,JNZ,11346,11346,6457,6,0x4129b2,TEST,1,NonLeaf,dil(LEA) ,rflags ,TEST,4,MOV,5,LEA,7,MOV,2,LEA,7,MOV,2,XOR,2,SHR,3,TEST,2,MOVSQ,3,0,1,0,0,0,JMP,0,0,1,1,0,0,TEST,0,0,4270491,4276975,4270524,0,0,1,0,cpp,5.373715908440196e-08,1.0,1,0,1
0x41297a,JZ,11346,11346,6,2,0x412975,TEST,0,NonLeaf,al(-1) ,rflags ,MOVSQ,3,TEST,2,SHR,3,MOV,2,JNZ,6,MOV,2,MOV,2,MOV,5,LEA,7,MOV,5,0,1,1,0,0,LEA,0,0,1,0,0,0,MOV,0,0,4270458,4270464,4270460,0,0,0,1,cpp,5.373715908440196e-08,1.0,1,0,1
0x41296a,JNZ,11346,11346,6569,6,0x412966,TEST,1,NonLeaf,dil(LEA) ,rflags ,TEST,4,MOV,5,LEA,7,MOV,2,LEA,7,MOV,2,SHR,3,TEST,2,MOVSQ,3,JZ,2,0,1,0,0,0,JMP,0,0,1,1,0,0,TEST,0,0,4270415,4277011,4270448,0,0,1,0,cpp,5.373715908440196e-08,1.0,1,0,1
0x41292e,JZ,11346,11346,6,2,0x412929,TEST,0,NonLeaf,al(-1) ,rflags ,MOVSQ,3,TEST,2,SHR,3,MOV,2,JNZ,6,MOV,2,MOV,2,MOV,5,LEA,7,MOV,5,0,1,1,0,0,LEA,0,0,1,0,0,0,MOV,0,0,4270382,4270388,4270384,0,0,0,1,cpp,5.373715908440196e-08,1.0,1,0,1
0x41291e,JNZ,11346,11346,6681,6,0x41291a,TEST,1,NonLeaf,dil(LEA) ,rflags ,TEST,4,MOV,5,LEA,7,MOV,2,LEA,7,MOV,2,SHR,3,TEST,2,MOVSQ,3,JZ,2,0,1,0,0,0,JMP,0,0,1,1,0,0,TEST,0,0,4270339,4277047,4270372,0,0,1,0,cpp,5.373715908440196e-08,1.0,1,0,1
0x4128bb,JZ,11346,11346,9,2,0x4128b9,TEST,1,NonLeaf,al(-1) ,rflags ,TEST,2,ADD,4,MOV,4,MOVZX,4,JZ,2,MOVZX,4,MOV,3,MOV,6,MOV,5,LEA,7,0,1,1,0,0,MOV,0,0,1,0,0,0,MOV,0,0,4270265,4270276,4270269,0,0,1,1,cpp,5.373715908440196e-08,1.0,1,0,1
0x4128ab,JZ,11346,11346,14,2,0x4128a9,TEST,1,NonLeaf,al(-1) ,rflags ,TEST,2,MOV,5,MOV,2,MOV,2,JZ,2,MOVZX,4,MOV,4,ADD,4,TEST,2,JZ,2,0,1,1,0,0,JE,0,0,1,0,0,0,ADD,0,0,4270249,4270265,4270253,0,0,0,1,cpp,5.373715908440196e-08,1.0,1,0,1
0x41289e,JZ,11346,0,11,2,0x412899,TEST,0,NonLeaf,al(-1) ,rflags ,MOVSQ,3,TEST,2,SHR,3,XOR,2,MOV,2,MOV,2,MOV,2,MOV,5,TEST,2,JZ,2,0,1,1,0,0,JE,0,0,1,0,0,0,MOV,0,0,4270238,4270249,4270240,0,0,0,1,cpp,5.373715908440196e-08,0.0,0,0,0
0x41288c,JNZ,11346,11346,6863,6,0x412888,TEST,1,NonLeaf,dil(-1) ,rflags ,TEST,4,JNZ,6,TEST,4,MOV,5,LEA,7,MOV,2,XOR,2,SHR,3,TEST,2,MOVSQ,3,0,1,0,0,0,JMP,0,0,1,1,0,0,TEST,0,0,4270216,4277083,4270226,1,0,1,0,cpp,5.373715908440196e-08,1.0,1,0,1
0x412882,JNZ,11346,11346,6894,6,0x41287e,TEST,1,NonLeaf,dil(LEA) ,rflags ,TEST,4,MOV,5,LEA,7,MOV,3,LEA,7,TEST,4,JNZ,6,MOV,2,XOR,2,SHR,3,0,1,0,0,0,JMP,0,0,1,1,0,0,JNE,0,0,4270181,4277104,4270216,0,0,1,0,cpp,5.373715908440196e-08,1.0,1,0,1
0x412851,JZ,11346,0,1328,6,0x412848,ADD,1,NonLeaf,rbp(ADD) rsp(-1) ,rbp rflags ,MOV,5,ADD,4,IMUL,7,MOV,4,CALL_NEAR,5,MOV,5,MOV,3,MOV,3,MOVSQ,3,MOVZX,3,0,1,0,0,0,JNE,1,0,1,0,0,0,MOV,0,0,4270145,4271489,4270167,0,0,0,0,cpp,5.373715908440196e-08,0.0,0,0,0
0x412813,JNZ,11346,11336,3343,6,0x412810,TEST,1,NonLeaf,rbp(IMUL) rbp(IMUL) ,rflags ,TEST,3,IMUL,4,SAR,4,SUB,3,MOV,10,MOV,3,MOV,5,SUB,3,SAR,4,IMUL,4,0,1,0,0,0,JBE,0,0,1,0,0,0,IMUL,0,0,4270072,4273442,4270105,0,0,0,0,cpp,5.373715908440196e-08,0.9991186321170455,1,0,1
0x410c14,JZ,11346,11346,7140,6,0x410c0b,CMP,1,NonLeaf,rbp(MOV) rdi(-1) ,rflags ,MOV,5,CMP,4,MOV,4,SUB,7,MOV,3,TEST,3,JZ,6,LEA,7,MOV,5,MOV,3,0,1,0,0,0,JNE,1,0,1,0,0,0,JE,1,0,4262896,4270072,4262938,1,0,0,0,cpp,5.373715908440196e-08,1.0,1,0,1
0x410bbc,JNZ,896,0,-164,6,0x410bb9,TEST,1,NonLeaf,rdi(MOV) rdi(MOV) ,rflags ,TEST,3,MOV,3,CALL_NEAR,5,MOV,3,MOV,3,JMP,5,NOP,9,XOR,3,XOR,3,JMP,5,0,0,0,0,0,CALL,0,1,1,0,0,0,JMP,0,0,4262838,4262680,4262850,0,0,1,0,cpp,4.243653669982738e-09,0.0,0,0,0
0x410b98,JZ,2,0,-277,6,0x410b95,TEST,1,NonLeaf,rcx(SAR) rcx(SAR) ,rflags ,TEST,3,SAR,4,SUB,3,ADD,4,AND,4,JMP,5,NOP,5,MOV,3,MOV,3,MOV,3,0,0,0,0,0,MOV,0,0,1,0,0,0,JMP,0,0,4262768,4262531,4262814,0,0,1,0,cpp,9.47244122764004e-12,0.0,0,0,0
0x410b0a,JNZ,896,896,158,6,0x410b04,TEST,1,NonLeaf,rbp(-1) rbp(-1) ,rflags ,MOV,3,TEST,3,CALL_NEAR,5,MOV,3,LEA,8,MOV,3,TEST,3,JZ,2,CALL_NEAR,5,LEA,4,0,1,0,0,0,CALL,0,1,0,0,0,0,JE,0,0,4262660,4262824,4262672,0,0,1,0,cpp,4.243653669982738e-09,1.0,1,0,1
0x410aee,JNBE,896,0,237,6,0x410aeb,CMP,1,NonLeaf,rbp(-1) rax(MOV) ,rflags ,CMP,3,MOV,10,JZ,6,TEST,3,NOP,5,LEA,8,MOV,3,CALL_NEAR,5,TEST,3,MOV,3,0,1,0,0,0,CALL,0,1,1,0,0,0,CALL,0,1,4262625,4262875,4262644,0,0,1,1,cpp,4.243653669982738e-09,0.0,0,0,0
0x410adb,JZ,896,0,245,6,0x410ad8,TEST,1,NonLeaf,rbp(-1) rbp(-1) ,rflags ,TEST,3,NOP,5,JMP,2,MOV,4,LEA,4,MOV,10,CMP,3,JNBE,6,LEA,8,MOV,3,0,1,0,0,0,JMP,0,0,1,0,0,0,JA,0,0,4262616,4262864,4262625,0,0,0,0,cpp,4.243653669982738e-09,0.0,0,0,0
0x410aa0,JNZ,2,2,192,6,0x410a98,TEST,1,NonLeaf,rax(-1) rax(-1) ,rflags ,LEA,5,TEST,3,NOP,5,RET_NEAR,1,POP,2,SUB,3,LEA,4,SAR,4,TEST,3,JZ,2,0,1,0,0,0,CALL,0,1,1,0,0,0,JE,0,0,4262552,4262752,4262566,0,0,1,0,cpp,9.47244122764004e-12,1.0,1,0,1
0x410a7d,JNZ,892,892,187,6,0x410a7a,TEST,1,NonLeaf,rbp(-1) rbp(-1) ,rflags ,TEST,3,JNBE,2,CMP,3,SAR,4,SUB,3,MOV,4,MOV,3,POP,1,POP,1,POP,2,0,1,0,0,0,CALL,0,1,0,0,0,0,MOV,0,0,4262522,4262712,4262531,1,0,1,1,cpp,4.224708787527458e-09,1.0,1,0,1
0x410a78,JNBE,894,2,32,2,0x410a75,CMP,1,NonLeaf,rbp(-1) rax(SAR) ,rflags ,CMP,3,SAR,4,SUB,3,MOV,3,MOV,4,TEST,3,JNZ,6,MOV,4,MOV,3,POP,1,0,1,0,0,0,JNE,0,0,1,0,0,0,JNE,0,0,4262503,4262552,4262522,0,0,0,0,cpp,4.234181228755098e-09,0.0022371364653243,0,0,0
0x410a65,JNBE,1790,896,115,2,0x410a62,CMP,1,NonLeaf,rbp(SAR) rax(SAR) ,rflags ,CMP,3,SAR,4,SAR,4,SUB,3,SUB,3,MOV,4,MOV,3,SUB,3,SAR,4,CMP,3,0,1,0,0,0,JE,0,0,1,0,0,0,JA,0,0,4262467,4262616,4262503,0,0,0,0,cpp,8.477834898737837e-09,0.5005586592178771,1,0,1
0x410a41,JZ,1790,0,70,2,0x410a32,CMP,1,NonLeaf,rsi(-1) rdi(-1) ,rflags ,MOV,3,PUSH,1,PUSH,1,MOV,3,PUSH,2,MOV,4,MOV,3,MOV,3,MOV,4,MOV,3,0,1,0,0,0,RET,0,0,1,0,0,0,JA,0,0,4262448,4262535,4262467,0,1,0,0,cpp,8.477834898737837e-09,0.0,0,0,0
0x410258,JNZ,1953,1943,-2083,6,0x410255,CMP,1,NonLeaf,edx(MOV) ,rflags ,CMP,3,MOV,4,CALL_NEAR,5,MOV,4,NOP,5,MOV,6,JMP,5,NOP,7,MOV,5,LEA,5,0,0,1,0,0,CALL,0,1,1,0,0,0,JMP,0,0,4260433,4258357,4260446,0,0,1,1,cpp,9.2498388587905e-09,0.9948796722990272,1,0,1
0x4101d5,JNBE,29513,0,508,6,0x4101d2,CMP,1,NonLeaf,rdx(-1) rax(MOV) ,rflags ,CMP,3,MOV,10,NOP,5,JMP,5,MOV,3,LEA,8,MOV,3,CALL_NEAR,5,MOV,3,JMP,5,0,1,0,0,0,CALL,0,1,1,0,0,0,CALL,0,1,4260296,4260817,4260315,0,0,1,1,cpp,1.397800789756703e-07,0.0,0,0,0
0x410185,JNBE,29513,0,593,6,0x410182,CMP,1,NonLeaf,rdx(-1) rax(MOV) ,rflags ,CMP,3,MOV,10,NOP,5,JMP,5,MOV,3,LEA,8,MOV,3,CALL_NEAR,5,MOV,3,JMP,5,0,1,0,0,0,CALL,0,1,1,0,0,0,CALL,0,1,4260216,4260822,4260235,0,0,1,1,cpp,1.397800789756703e-07,0.0,0,0,0
0x41014b,JZ,29513,29513,-1302,6,0x410142,TEST,1,NonLeaf,al(-1) ,rflags ,MOV,5,MOV,2,TEST,2,MOV,2,NOP,2,JMP,2,NOP,5,LEA,8,MOV,3,MOV,3,0,0,0,0,0,JNE,0,0,1,0,0,0,JMP,0,0,4260160,4258869,4260177,0,0,0,0,cpp,1.397800789756703e-07,1.0,1,0,1
0x4100eb,JZ,29513,0,-939,6,0x4100e2,TEST,1,NonLeaf,al(-1) ,rflags ,MOV,5,MOV,2,TEST,2,MOV,2,NOP,3,JMP,2,NOP,5,MOV,2,MOV,2,JMP,5,0,0,1,0,0,JNE,0,0,1,0,0,0,JMP,0,0,4260064,4259136,4260081,0,0,1,0,cpp,1.397800789756703e-07,0.0,0,0,0
0x410084,JNZ,29513,29513,212,6,0x410081,TEST,1,NonLeaf,rcx(SAR) rcx(SAR) ,rflags ,TEST,3,SAR,4,SUB,3,MOV,7,XOR,3,MOV,7,ADD,3,MOV,7,ADD,6,MOV,7,0,1,0,0,0,CALL,0,1,1,1,0,0,MOV,0,0,4259921,4260184,4259978,0,0,1,1,cpp,1.397800789756703e-07,1.0,1,0,1
0x41004b,JNZ,29513,29513,301,6,0x410048,TEST,1,NonLeaf,rdx(SAR) rdx(SAR) ,rflags ,TEST,3,SAR,4,MOV,11,MOV,11,MOV,11,ADD,3,MOV,7,MOV,7,MOV,7,MOV,7,0,1,0,0,0,JA,0,0,1,0,0,0,JNE,0,0,4259845,4260216,4259921,0,0,0,1,cpp,1.397800789756703e-07,1.0,1,0,1
0x40ffff,JNZ,29513,29513,425,6,0x40fffc,TEST,1,NonLeaf,rcx(SAR) rcx(SAR) ,rflags ,TEST,3,SAR,4,SUB,3,MOV,7,XOR,3,ADD,3,XOR,3,MOV,7,MOV,7,XOR,3,0,1,0,0,0,CALL,0,1,1,1,0,0,JNE,0,0,4259788,4260264,4259845,0,0,1,1,cpp,1.397800789756703e-07,1.0,1,0,1
0x40ffc6,JNZ,29513,29513,514,6,0x40ffc3,TEST,1,NonLeaf,rdx(SAR) rdx(SAR) ,rflags ,TEST,3,SAR,4,MOV,11,MOV,11,MOV,11,ADD,3,MOV,7,MOV,7,MOV,7,MOV,7,0,1,0,0,0,JA,0,0,1,0,0,0,JNE,0,0,4259722,4260296,4259788,0,0,0,1,cpp,1.397800789756703e-07,1.0,1,0,1
0x40ff84,JNZ,29513,29513,316,6,0x40ff7f,TEST,0,NonLeaf,al(-1) ,rflags ,MOVSQ,3,TEST,2,SHR,3,MOV,2,JNZ,6,MOV,7,SUB,7,XOR,3,XOR,3,MOV,11,0,1,0,0,0,JMP,0,0,1,1,0,0,JNE,0,0,4259716,4260032,4259722,0,0,1,1,cpp,1.397800789756703e-07,1.0,1,0,1
0x40ff74,JNZ,29513,29513,932,6,0x40fe5e,TEST,0,NonLeaf,dil(-1) ,rflags ,MOV,5,MOV,7,MOV,7,MOV,7,MOV,7,MOV,2,SHR,3,TEST,2,MOVSQ,3,JNZ,6,0,1,0,0,0,JMP,0,0,1,1,0,0,TEST,0,0,4259371,4260632,4259706,0,0,1,0,cpp,1.397800789756703e-07,1.0,1,0,1
0x40fe25,JNZ,29513,0,979,6,0x40fe22,TEST,1,NonLeaf,rcx(SAR) rcx(SAR) ,rflags ,TEST,3,SAR,4,SUB,3,MOV,7,XOR,3,MOV,6,MOVSS,8,ADD,3,LEA,7,LEA,7,0,1,0,0,0,CALL,0,1,1,1,0,0,JNE,0,0,4259314,4260344,4259371,0,0,1,1,cpp,1.397800789756703e-07,0.0,0,0,0
0x40fdec,JNZ,29513,0,1068,6,0x40fd97,TEST,1,NonLeaf,rdx(SAR) rdx(SAR) ,rflags ,MOV,7,MOV,11,MOV,11,MOV,11,MOV,7,ADD,3,MOV,7,MOV,7,MOV,7,MOV,7,0,1,0,0,0,JA,0,0,1,0,0,0,JNE,0,0,4259136,4260376,4259314,0,0,0,1,cpp,1.397800789756703e-07,0.0,0,0,0
0x40fd32,JNZ,29513,29513,942,6,0x40fd2d,TEST,0,NonLeaf,al(-1) ,rflags ,MOVSQ,3,TEST,2,SHR,3,XOR,2,MOV,2,TEST,2,JNZ,6,MOV,7,MOV,7,XOR,3,0,1,0,0,0,JE,0,0,1,0,0,0,JNE,0,0,4259122,4260064,4259128,0,0,1,0,cpp,1.397800789756703e-07,1.0,1,0,1
0x40fd20,JNZ,29513,29513,1488,6,0x40fd1c,TEST,1,NonLeaf,dil(LEA) ,rflags ,TEST,4,MOV,5,LEA,7,MOV,2,LEA,7,MOV,2,XOR,2,SHR,3,TEST,2,MOVSQ,3,0,1,0,0,0,JMP,0,0,1,1,0,0,TEST,0,0,4259077,4260592,4259110,0,0,1,0,cpp,1.397800789756703e-07,1.0,1,0,1
0x40fce9,JNZ,29513,0,1039,6,0x40fce4,TEST,0,NonLeaf,al(-1) ,rflags ,MOVSQ,3,TEST,2,SHR,3,MOV,2,JNZ,6,LEA,7,LEA,7,MOV,5,MOVSQ,3,MOV,2,0,1,0,0,0,JMP,0,0,1,1,0,0,MOV,0,0,4259049,4260088,4259055,0,0,1,0,cpp,1.397800789756703e-07,0.0,0,0,0
0x40fcd9,JNZ,29513,29513,1519,6,0x40fcd5,TEST,1,NonLeaf,dil(LEA) ,rflags ,TEST,4,MOV,5,LEA,7,MOV,2,LEA,7,MOV,2,SHR,3,TEST,2,MOVSQ,3,JNZ,6,0,1,0,0,0,JMP,0,0,1,1,0,0,TEST,0,0,4259006,4260552,4259039,0,0,1,0,cpp,1.397800789756703e-07,1.0,1,0,1
0x40fca2,JNZ,29513,0,1126,6,0x40fc9d,TEST,0,NonLeaf,al(-1) ,rflags ,MOVSQ,3,TEST,2,SHR,3,MOV,2,JNZ,6,LEA,7,LEA,7,MOV,5,MOVSQ,3,MOV,2,0,1,0,0,0,JMP,0,0,1,1,0,0,MOV,0,0,4258978,4260104,4258984,0,0,1,0,cpp,1.397800789756703e-07,0.0,0,0,0
0x40fc92,JNZ,29513,29513,1550,6,0x40fc8e,TEST,1,NonLeaf,dil(LEA) ,rflags ,TEST,4,MOV,5,LEA,7,MOV,2,LEA,7,MOV,2,SHR,3,TEST,2,MOVSQ,3,JNZ,6,0,1,0,0,0,JMP,0,0,1,1,0,0,TEST,0,0,4258935,4260512,4258968,0,0,1,0,cpp,1.397800789756703e-07,1.0,1,0,1
0x40fc37,JNZ,29513,0,1249,6,0x40fc35,TEST,1,NonLeaf,al(-1) ,rflags ,TEST,2,JNZ,6,TEST,2,JNZ,6,MOVSQ,3,MOV,6,LEA,7,LEA,7,MOV,5,MOV,6,0,0,0,0,0,JMP,0,0,0,1,0,0,MOV,0,0,4258869,4260120,4258877,0,0,1,1,cpp,1.397800789756703e-07,0.0,0,0,0
0x40fc27,JNZ,29513,29513,1305,6,0x40fc22,TEST,0,NonLeaf,al(-1) ,rflags ,MOVSQ,3,TEST,2,SHR,3,XOR,2,MOV,2,TEST,2,JNZ,6,TEST,2,JNZ,6,MOV,6,0,1,0,0,0,JE,0,0,1,0,0,0,JNE,0,0,4258855,4260160,4258861,0,0,1,0,cpp,1.397800789756703e-07,1.0,1,0,1
0x40fc15,JNZ,29513,29513,1883,6,0x40fc11,TEST,1,NonLeaf,dil(-1) ,rflags ,TEST,4,JNZ,6,TEST,4,MOV,5,LEA,7,MOV,2,XOR,2,SHR,3,TEST,2,MOVSQ,3,0,1,0,0,0,JMP,0,0,1,1,0,0,TEST,0,0,4258833,4260720,4258843,1,0,1,0,cpp,1.397800789756703e-07,1.0,1,0,1
0x40fc0b,JNZ,29513,29513,1845,6,0x40fc07,TEST,1,NonLeaf,dil(LEA) ,rflags ,TEST,4,MOV,5,LEA,7,MOV,3,LEA,7,TEST,4,JNZ,6,MOV,2,XOR,2,SHR,3,0,1,0,0,0,JMP,0,0,1,1,0,0,JNE,0,0,4258798,4260672,4258833,0,0,1,0,cpp,1.397800789756703e-07,1.0,1,0,1
0x40fbda,JZ,29513,0,1726,6,0x40fbd7,TEST,1,NonLeaf,rbp(-1) rbp(-1) ,rflags ,TEST,3,JZ,6,CMP,7,MOV,7,CALL_NEAR,5,MOV,5,MOV,3,MOV,3,MOVSQ,3,MOVZX,3,0,1,0,0,0,JMP,1,0,1,0,0,0,MOV,0,0,4258775,4260504,4258784,0,0,0,0,cpp,1.397800789756703e-07,0.0,0,0,0
0x40fbd1,JZ,40849,11336,1975,6,0x40fbca,CMP,1,NonLeaf,rbp(MOV) rbx(-1) ,rflags ,CMP,7,MOV,7,CALL_NEAR,5,JZ,2,TEST,3,TEST,3,JZ,6,MOV,5,MOV,3,MOV,3,0,1,0,0,0,CALL,1,1,1,0,0,0,JE,0,0,4258755,4260744,4258775,0,0,1,0,cpp,1.93469875853934e-07,0.2775098533623834,0,0,0
0x40fbbc,JZ,40849,40849,7,2,0x40fbb9,TEST,1,NonLeaf,rdi(MOV) rdi(MOV) ,rflags ,TEST,3,MOV,8,CALL_NEAR,5,JZ,2,TEST,3,CALL_NEAR,5,MOV,7,CMP,7,JZ,6,TEST,3,0,1,1,0,0,JE,0,0,1,0,0,0,CALL,0,1,4258737,4258755,4258750,0,0,0,1,cpp,1.93469875853934e-07,1.0,1,0,1
0x40fbaa,JZ,40849,40849,7,2,0x40fba7,TEST,1,NonLeaf,rdi(MOV) rdi(MOV) ,rflags ,TEST,3,MOV,8,CALL_NEAR,5,JZ,2,TEST,3,CALL_NEAR,5,MOV,8,TEST,3,JZ,2,CALL_NEAR,5,0,1,1,0,0,JE,0,0,1,0,0,0,CALL,0,1,4258719,4258737,4258732,0,0,0,1,cpp,1.93469875853934e-07,1.0,1,0,1
0x40faf8,JNB,40849,40849,167,6,0x40fa95,CMP,0,NonLeaf,rdx(-1) rax(-1) ,rflags ,JNBE,6,MOVDQU,9,MOVDQU,9,MOVDQU,9,MOVDQU,9,IMUL,7,LEA,4,CMP,3,JZ,6,LEA,8,0,0,1,0,0,JE,0,0,1,0,0,0,JE,0,0,4258552,4258719,4258558,0,1,0,0,cpp,1.93469875853934e-07,1.0,1,0,1
0x40faf2,JNBE,40849,0,1918,6,0x40fa95,CMP,1,NonLeaf,rdx(MOVSXD) rax(IMUL) ,rflags ,MOVDQU,9,MOVDQU,9,MOVDQU,9,MOVDQU,9,MOVDQU,9,JNB,6,IMUL,7,LEA,4,CMP,3,JZ,6,0,1,0,0,0,CALL,0,1,1,0,0,0,JAE,0,0,4258374,4260464,4258552,1,0,1,0,cpp,1.93469875853934e-07,0.0,0,0,0
0x40fa2a,JBE,40849,1953,2078,6,0x40fa27,CMP,1,NonLeaf,eax(LEA) ,rflags ,CMP,3,SUB,7,MOV,3,PUSH,1,PUSH,1,CALL_NEAR,5,LEA,5,XOR,2,MOV,5,CALL_NEAR,5,0,1,0,0,0,CALL,0,1,1,0,0,0,CALL,0,1,4258320,4260424,4258352,0,0,1,1,cpp,1.93469875853934e-07,0.047810227912556,0,0,0
0x44b7c3,JZ,80912,80912,80,2,0x44b7b8,CMP,1,NonLeaf,rip(JZ) ,rflags ,MOV,3,CMP,8,SUB,4,MOV,3,PUSH,1,ADD_LOCK,4,MOV,3,SUB_LOCK,4,JZ,2,MOV,3,0,1,0,0,0,JNE,0,0,1,0,0,0,JE,0,0,4503472,4503571,4503493,0,0,1,0,cpp,3.832170823054055e-07,1.0,1,0,1
0x40cc73,JZ,10,10,1863,6,0x40cc65,CMP,1,NonLeaf,rbx(-1) rbp(-1) ,rflags ,MOV,7,CMP,7,JNZ,2,CMP,4,ADD,7,TEST,3,JZ,6,MOV,5,MOV,3,MOV,3,0,1,0,0,0,CALL,1,1,1,0,0,0,JE,0,0,4246629,4248506,4246649,0,0,1,0,cpp,4.7362206138200205e-11,1.0,1,0,1
0x40cc00,JZ,10,10,101,2,0x40cbf9,CMP,1,NonLeaf,rbx(MOV) rax(MOV) ,rflags ,MOV,4,CMP,3,MOV,10,MOV,7,MOV,7,LEA,7,LEA,7,LEA,7,MOV,3,MOV,5,0,1,1,0,0,JE,0,0,1,0,0,0,NOP,0,0,4246480,4246629,4246530,0,0,1,1,cpp,4.7362206138200205e-11,1.0,1,0,1
0x40b26b,JZ,970,0,-4187,6,0x40b267,TEST,1,NonLeaf,dil(LEA) ,rflags ,TEST,4,MOV,5,LEA,7,MOV,7,LEA,7,MOV,2,ADD,4,ADD,4,SUB,3,MOV,3,0,0,1,0,0,TEST,0,0,0,0,0,0,JMP,0,0,4239936,4235792,4239985,0,1,0,1,cpp,4.5941339954054205e-09,0.0,0,0,0
0x40b1cd,JNBE,970,0,543,6,0x40b1ca,CMP,1,NonLeaf,rdx(-1) rax(MOV) ,rflags ,CMP,3,MOV,10,NOP,5,JMP,5,MOV,3,LEA,8,MOV,3,CALL_NEAR,5,MOV,3,MOV,5,0,1,0,0,0,CALL,1,1,1,0,0,0,CALL,0,1,4239808,4240364,4239827,0,0,1,1,cpp,4.5941339954054205e-09,0.0,0,0,0
0x40b19d,JNBE,970,0,581,6,0x40b19a,CMP,1,NonLeaf,rdx(-1) rcx(MOV) ,rflags ,CMP,3,MOV,10,JMP,5,MOV,5,MOV,3,LEA,8,MOV,3,CALL_NEAR,5,MOV,3,JMP,5,0,1,0,0,0,CALL,1,1,1,0,0,0,CALL,0,1,4239760,4240354,4239779,0,0,1,1,cpp,4.5941339954054205e-09,0.0,0,0,0
0x40b16d,JNBE,970,0,511,6,0x40b16a,CMP,1,NonLeaf,rdx(-1) rax(MOV) ,rflags ,CMP,3,MOV,10,NOP,2,RET_NEAR,1,POP,2,LEA,8,MOV,3,CALL_NEAR,5,MOV,3,MOV,5,0,1,0,0,0,CALL,1,1,1,0,0,0,CALL,0,1,4239712,4240236,4239731,0,0,1,1,cpp,4.5941339954054205e-09,0.0,0,0,0
0x40aead,JNBE,121416,0,1096,6,0x40aeaa,CMP,1,NonLeaf,rcx(-1) rax(MOV) ,rflags ,CMP,3,MOV,10,NOP,8,JMP,5,MOV,3,LEA,8,MOV,3,MOV,5,CALL_NEAR,5,MOV,3,0,1,0,0,0,CALL,1,1,1,0,0,0,CALL,0,1,4239008,4240117,4239027,0,0,1,1,cpp,5.750529620475716e-07,0.0,0,0,0
0x40ae75,JNBE,121416,0,1259,6,0x40ae72,CMP,1,NonLeaf,rcx(-1) rax(MOV) ,rflags ,CMP,3,MOV,10,NOP,3,JMP,5,MOV,3,LEA,8,MOV,3,MOV,5,CALL_NEAR,5,MOV,3,0,1,0,0,0,CALL,1,1,1,0,0,0,CALL,0,1,4238952,4240224,4238971,0,0,1,1,cpp,5.750529620475716e-07,0.0,0,0,0
0x40ae2f,JZ,121416,121416,-1679,6,0x40ae2c,TEST,1,NonLeaf,rcx(SAR) rcx(SAR) ,rflags ,TEST,3,SAR,4,MOV,9,MOV,9,MOV,11,MOV,10,CMP,3,JNBE,6,LEA,8,MOV,3,0,1,0,0,0,JE,0,0,1,0,0,0,JA,0,0,4238708,4237216,4238901,0,0,1,0,cpp,5.750529620475716e-07,1.0,1,0,1
0x40ad6b,JZ,121416,121416,9,2,0x40ad69,TEST,1,NonLeaf,al(-1) ,rflags ,TEST,2,ADD,4,MOV,4,MOVZX,4,JZ,2,MOVZX,4,MOV,3,MOV,7,MOV,7,LEA,7,0,1,1,0,0,JE,0,0,1,0,0,0,MOV,0,0,4238697,4238708,4238701,0,0,1,1,cpp,5.750529620475716e-07,1.0,1,0,1
0x40ad5b,JZ,121416,0,14,2,0x40ad59,TEST,1,NonLeaf,al(-1) ,rflags ,TEST,2,MOV,5,MOV,2,MOV,2,JZ,2,MOVZX,4,MOV,4,ADD,4,TEST,2,JZ,2,0,1,1,0,0,JE,0,0,1,0,0,0,ADD,0,0,4238681,4238697,4238685,0,0,0,1,cpp,5.750529620475716e-07,0.0,0,0,0
0x40ad4e,JZ,121416,0,11,2,0x40ad49,TEST,0,NonLeaf,al(-1) ,rflags ,MOVSQ,3,TEST,2,SHR,3,XOR,2,MOV,2,MOV,2,MOV,2,MOV,5,TEST,2,JZ,2,0,1,1,0,0,JE,0,0,1,0,0,0,MOV,0,0,4238670,4238681,4238672,0,0,0,1,cpp,5.750529620475716e-07,0.0,0,0,0
0x40ad3c,JNZ,121416,121416,404,6,0x40ad38,TEST,1,NonLeaf,dil(-1) ,rflags ,TEST,4,JNZ,6,TEST,4,MOV,5,LEA,7,MOV,2,XOR,2,SHR,3,TEST,2,MOVSQ,3,0,1,0,0,0,JMP,0,0,1,1,0,0,TEST,0,0,4238648,4239056,4238658,1,0,1,0,cpp,5.750529620475716e-07,1.0,1,0,1
0x40ad32,JNZ,121416,0,718,6,0x40ad2e,TEST,1,NonLeaf,dil(LEA) ,rflags ,TEST,4,MOV,5,LEA,7,LEA,7,MOV,3,TEST,4,JNZ,6,MOV,2,XOR,2,SHR,3,0,1,0,0,0,JMP,0,0,1,1,0,0,JNE,0,0,4238619,4239360,4238648,0,0,1,0,cpp,5.750529620475716e-07,0.0,0,0,0
0x40ad12,JZ,121416,121416,9,2,0x40ad10,TEST,1,NonLeaf,al(-1) ,rflags ,TEST,2,ADD,4,MOV,4,MOVZX,4,JZ,2,MOVZX,4,MOV,3,LEA,7,LEA,7,MOV,5,0,1,1,0,0,JNE,0,0,1,0,0,0,MOV,0,0,4238608,4238619,4238612,0,0,0,1,cpp,5.750529620475716e-07,1.0,1,0,1
0x40ad02,JZ,121416,121416,14,2,0x40ad00,TEST,1,NonLeaf,al(-1) ,rflags ,TEST,2,MOV,5,MOV,2,MOV,2,JZ,2,MOVZX,4,MOV,4,ADD,4,TEST,2,JZ,2,0,1,1,0,0,JE,0,0,1,0,0,0,ADD,0,0,4238592,4238608,4238596,0,0,0,1,cpp,5.750529620475716e-07,1.0,1,0,1
0x40acf5,JZ,121416,0,11,2,0x40acf0,TEST,0,NonLeaf,al(-1) ,rflags ,MOVSQ,3,TEST,2,SHR,3,XOR,2,MOV,2,MOV,2,MOV,2,MOV,5,TEST,2,JZ,2,0,1,1,0,0,JE,0,0,1,0,0,0,MOV,0,0,4238581,4238592,4238583,0,0,0,1,cpp,5.750529620475716e-07,0.0,0,0,0
0x40ace3,JNZ,121416,0,845,6,0x40acdf,TEST,1,NonLeaf,dil(-1) ,rflags ,TEST,4,JNZ,6,TEST,4,MOV,5,LEA,7,MOV,2,XOR,2,SHR,3,TEST,2,MOVSQ,3,0,1,0,0,0,JMP,0,0,1,1,0,0,TEST,0,0,4238559,4239408,4238569,1,0,1,0,cpp,5.750529620475716e-07,0.0,0,0,0
0x40acd9,JNZ,121416,0,879,6,0x40acd5,TEST,1,NonLeaf,dil(LEA) ,rflags ,TEST,4,MOV,5,LEA,7,LEA,7,MOV,3,TEST,4,JNZ,6,MOV,2,XOR,2,SHR,3,0,1,0,0,0,JMP,0,0,1,1,0,0,JNE,0,0,4238530,4239432,4238559,0,0,1,0,cpp,5.750529620475716e-07,0.0,0,0,0
0x40acb9,JZ,121416,121416,9,2,0x40acb7,TEST,1,NonLeaf,al(-1) ,rflags ,TEST,2,ADD,4,MOV,4,MOVZX,4,JZ,2,MOVZX,4,MOV,3,LEA,7,LEA,7,MOV,5,0,1,1,0,0,JNE,0,0,1,0,0,0,MOV,0,0,4238519,4238530,4238523,0,0,0,1,cpp,5.750529620475716e-07,1.0,1,0,1
0x40aca9,JZ,121416,121416,14,2,0x40aca7,TEST,1,NonLeaf,al(-1) ,rflags ,TEST,2,MOV,5,MOV,2,MOV,2,JZ,2,MOVZX,4,MOV,4,ADD,4,TEST,2,JZ,2,0,1,1,0,0,JE,0,0,1,0,0,0,ADD,0,0,4238503,4238519,4238507,0,0,0,1,cpp,5.750529620475716e-07,1.0,1,0,1
0x40ac9c,JZ,121416,121416,11,2,0x40ac97,TEST,0,NonLeaf,al(-1) ,rflags ,MOVSQ,3,TEST,2,SHR,3,XOR,2,MOV,2,MOV,2,MOV,2,MOV,5,TEST,2,JZ,2,0,1,1,0,0,JE,0,0,1,0,0,0,MOV,0,0,4238492,4238503,4238494,0,0,0,1,cpp,5.750529620475716e-07,1.0,1,0,1
0x40ac8a,JNZ,121416,121416,998,6,0x40ac86,TEST,1,NonLeaf,dil(-1) ,rflags ,TEST,4,JNZ,6,TEST,4,MOV,5,LEA,7,MOV,2,XOR,2,SHR,3,TEST,2,MOVSQ,3,0,1,0,0,0,JMP,0,0,1,1,0,0,TEST,0,0,4238470,4239472,4238480,1,0,1,0,cpp,5.750529620475716e-07,1.0,1,0,1
0x40ac80,JNZ,121416,0,1032,6,0x40ac7c,TEST,1,NonLeaf,dil(LEA) ,rflags ,TEST,4,MOV,5,LEA,7,LEA,7,MOV,3,TEST,4,JNZ,6,MOV,2,XOR,2,SHR,3,0,1,0,0,0,JMP,0,0,1,1,0,0,JNE,0,0,4238441,4239496,4238470,0,0,1,0,cpp,5.750529620475716e-07,0.0,0,0,0
0x40ac60,JZ,121416,121416,9,2,0x40ac5e,TEST,1,NonLeaf,al(-1) ,rflags ,TEST,2,ADD,4,MOV,4,MOVZX,4,JZ,2,MOVZX,4,MOV,3,LEA,7,LEA,7,MOV,5,0,1,1,0,0,JNE,0,0,1,0,0,0,MOV,0,0,4238430,4238441,4238434,0,0,0,1,cpp,5.750529620475716e-07,1.0,1,0,1
0x40ac50,JZ,121416,121416,14,2,0x40ac4e,TEST,1,NonLeaf,al(-1) ,rflags ,TEST,2,MOV,5,MOV,2,MOV,2,JZ,2,MOVZX,4,MOV,4,ADD,4,TEST,2,JZ,2,0,1,1,0,0,JE,0,0,1,0,0,0,ADD,0,0,4238414,4238430,4238418,0,0,0,1,cpp,5.750529620475716e-07,1.0,1,0,1
0x40ac43,JZ,121416,0,11,2,0x40ac3e,TEST,0,NonLeaf,al(-1) ,rflags ,MOVSQ,3,TEST,2,SHR,3,XOR,2,MOV,2,MOV,2,MOV,2,MOV,5,TEST,2,JZ,2,0,1,1,0,0,JE,0,0,1,0,0,0,MOV,0,0,4238403,4238414,4238405,0,0,0,1,cpp,5.750529620475716e-07,0.0,0,0,0
0x447cc8,JLE,262595,25717,345,6,0x447cc4,CMP,1,Leaf,r11d(-1) ,rflags ,CMP,4,JLE,6,CMP,4,JZ,6,TEST,3,LEA,4,CMP,3,JLE,6,LEA,4,CMP,3,0,0,0,0,0,JMP,0,0,1,0,0,0,JLE,0,0,4488388,4488737,4488398,0,0,1,0,cpp,1.2437078520860682e-06,0.0979340809992574,0,0,0
0x40ac31,JNZ,121416,0,1151,6,0x40ac2d,TEST,1,NonLeaf,dil(-1) ,rflags ,TEST,4,JNZ,6,TEST,4,MOV,5,LEA,7,MOV,2,XOR,2,SHR,3,TEST,2,MOVSQ,3,0,1,0,0,0,JMP,0,0,1,1,0,0,TEST,0,0,4238381,4239536,4238391,1,0,1,0,cpp,5.750529620475716e-07,0.0,0,0,0
0x447cbe,JLE,3704624,3442029,346,6,0x447cba,CMP,1,Leaf,r10d(-1) ,rflags ,CMP,4,JZ,6,TEST,3,JZ,2,TEST,3,CMP,4,JLE,6,LEA,4,CMP,3,JLE,6,0,1,0,0,0,JGE,0,0,1,0,0,0,JLE,0,0,4488378,4488728,4488388,0,0,0,0,cpp,1.754591655525238e-05,0.9291169630170296,1,0,1
0x40ac27,JNZ,121416,0,1185,6,0x40ac23,TEST,1,NonLeaf,dil(LEA) ,rflags ,TEST,4,MOV,5,LEA,7,LEA,7,MOV,3,TEST,4,JNZ,6,MOV,2,XOR,2,SHR,3,0,1,0,0,0,JMP,0,0,1,1,0,0,JNE,0,0,4238352,4239560,4238381,0,0,1,0,cpp,5.750529620475716e-07,0.0,0,0,0
0x40ac07,JZ,121416,121416,9,2,0x40ac05,TEST,1,NonLeaf,al(-1) ,rflags ,TEST,2,ADD,4,MOV,4,MOVZX,4,JZ,2,MOVZX,4,MOV,3,LEA,7,LEA,7,MOV,5,0,1,1,0,0,JNE,0,0,1,0,0,0,MOV,0,0,4238341,4238352,4238345,0,0,0,1,cpp,5.750529620475716e-07,1.0,1,0,1
0x40abf7,JZ,121416,121416,14,2,0x40abf5,TEST,1,NonLeaf,al(-1) ,rflags ,TEST,2,MOV,5,MOV,2,MOV,2,JZ,2,MOVZX,4,MOV,4,ADD,4,TEST,2,JZ,2,0,1,1,0,0,JE,0,0,1,0,0,0,ADD,0,0,4238325,4238341,4238329,0,0,0,1,cpp,5.750529620475716e-07,1.0,1,0,1
0x40abea,JZ,121416,121416,11,2,0x40abe5,TEST,0,NonLeaf,al(-1) ,rflags ,MOVSQ,3,TEST,2,SHR,3,XOR,2,MOV,2,MOV,2,MOV,2,MOV,5,TEST,2,JZ,2,0,1,1,0,0,JE,0,0,1,0,0,0,MOV,0,0,4238314,4238325,4238316,0,0,0,1,cpp,5.750529620475716e-07,1.0,1,0,1
0x40abd8,JNZ,121416,121416,928,6,0x40abd4,TEST,1,NonLeaf,dil(-1) ,rflags ,TEST,4,JNZ,6,TEST,4,MOV,5,LEA,7,MOV,2,XOR,2,SHR,3,TEST,2,MOVSQ,3,0,0,0,0,0,JMP,0,0,0,1,0,0,TEST,0,0,4238292,4239224,4238302,1,0,1,0,cpp,5.750529620475716e-07,1.0,1,0,1
0x40abce,JNZ,121416,0,890,6,0x40abca,TEST,1,NonLeaf,dil(LEA) ,rflags ,TEST,4,MOV,5,LEA,7,LEA,7,MOV,2,TEST,4,JNZ,6,MOV,2,XOR,2,SHR,3,0,1,0,0,0,JE,0,0,1,0,0,0,JNE,0,0,4238263,4239176,4238292,0,0,1,0,cpp,5.750529620475716e-07,0.0,0,0,0
0x40abb1,JZ,121416,0,6,2,0x40abac,TEST,0,NonLeaf,al(-1) ,rflags ,MOVSQ,3,TEST,2,SHR,3,MOV,2,JNZ,6,MOV,2,MOV,2,LEA,7,LEA,7,MOV,5,0,1,1,0,0,JNE,0,0,1,0,0,0,MOV,0,0,4238257,4238263,4238259,0,0,0,1,cpp,5.750529620475716e-07,0.0,0,0,0
0x40aba1,JNZ,121416,0,1007,6,0x40ab7a,TEST,1,NonLeaf,dil(LEA) ,rflags ,MOV,5,MOV,6,MOV,6,MOV,6,MOV,6,MOV,2,SHR,3,TEST,2,MOVSQ,3,JZ,2,0,1,0,0,0,JMP,0,0,1,1,0,0,TEST,0,0,4238182,4239248,4238247,0,0,1,0,cpp,5.750529620475716e-07,0.0,0,0,0
0x40ab5d,JZ,121416,121416,9,2,0x40ab5b,TEST,1,NonLeaf,al(-1) ,rflags ,TEST,2,ADD,4,MOV,4,MOVZX,4,JZ,2,MOVZX,4,MOV,3,MOV,6,LEA,7,LEA,7,0,1,1,0,0,JNE,0,0,1,0,0,0,MOV,0,0,4238171,4238182,4238175,0,0,1,1,cpp,5.750529620475716e-07,1.0,1,0,1
0x40ab4d,JZ,121416,121416,14,2,0x40ab4b,TEST,1,NonLeaf,al(-1) ,rflags ,TEST,2,MOV,5,MOV,2,MOV,2,JZ,2,MOVZX,4,MOV,4,ADD,4,TEST,2,JZ,2,0,1,1,0,0,JE,0,0,1,0,0,0,ADD,0,0,4238155,4238171,4238159,0,0,0,1,cpp,5.750529620475716e-07,1.0,1,0,1
0x40ab40,JZ,121416,0,11,2,0x40ab3b,TEST,0,NonLeaf,al(-1) ,rflags ,MOVSQ,3,TEST,2,SHR,3,XOR,2,MOV,2,MOV,2,MOV,2,MOV,5,TEST,2,JZ,2,0,1,1,0,0,JE,0,0,1,0,0,0,MOV,0,0,4238144,4238155,4238146,0,0,0,1,cpp,5.750529620475716e-07,0.0,0,0,0
0x40ab2e,JNZ,121416,121416,1162,6,0x40ab2a,TEST,1,NonLeaf,dil(-1) ,rflags ,TEST,4,JNZ,6,TEST,4,MOV,5,LEA,7,MOV,2,XOR,2,SHR,3,TEST,2,MOVSQ,3,0,1,0,0,0,JMP,0,0,1,1,0,0,TEST,0,0,4238122,4239288,4238132,1,0,1,0,cpp,5.750529620475716e-07,1.0,1,0,1
0x40ab24,JNZ,121416,121416,1196,6,0x40ab20,TEST,1,NonLeaf,dil(LEA) ,rflags ,TEST,4,MOV,5,LEA,7,LEA,7,MOV,3,TEST,4,JNZ,6,MOV,2,XOR,2,SHR,3,0,1,0,0,0,JMP,0,0,1,1,0,0,JNE,0,0,4238093,4239312,4238122,0,0,1,0,cpp,5.750529620475716e-07,1.0,1,0,1
0x40ab04,JZ,121416,121416,9,2,0x40ab02,TEST,1,NonLeaf,al(-1) ,rflags ,TEST,2,ADD,4,MOV,4,MOVZX,4,JZ,2,MOVZX,4,MOV,3,LEA,7,LEA,7,MOV,5,0,1,1,0,0,JNE,0,0,1,0,0,0,MOV,0,0,4238082,4238093,4238086,0,0,0,1,cpp,5.750529620475716e-07,1.0,1,0,1
0x40aaf4,JZ,121416,0,14,2,0x40aaf2,TEST,1,NonLeaf,al(-1) ,rflags ,TEST,2,MOV,5,MOV,2,MOV,2,JZ,2,MOVZX,4,MOV,4,ADD,4,TEST,2,JZ,2,0,1,1,0,0,JE,0,0,1,0,0,0,ADD,0,0,4238066,4238082,4238070,0,0,0,1,cpp,5.750529620475716e-07,0.0,0,0,0
0x40aae7,JZ,121416,121416,11,2,0x40aae2,TEST,0,NonLeaf,al(-1) ,rflags ,MOVSQ,3,TEST,2,SHR,3,XOR,2,MOV,2,MOV,2,MOV,2,MOV,5,TEST,2,JZ,2,0,1,1,0,0,JE,0,0,1,0,0,0,MOV,0,0,4238055,4238066,4238057,0,0,0,1,cpp,5.750529620475716e-07,1.0,1,0,1
0x40aad5,JNZ,121416,0,1083,6,0x40aad1,TEST,1,NonLeaf,dil(-1) ,rflags ,TEST,4,JNZ,6,MOV,5,MOV,3,MOV,3,MOV,2,XOR,2,SHR,3,TEST,2,MOVSQ,3,0,1,0,0,0,JMP,0,0,1,1,0,0,TEST,0,0,4238033,4239120,4238043,1,0,1,0,cpp,5.750529620475716e-07,0.0,0,0,0
0x40aacb,JNZ,121416,0,1117,6,0x40aabc,TEST,1,NonLeaf,bpl(-1) ,rflags ,MOV,5,MOV,3,MOV,3,TEST,4,JZ,2,TEST,4,JNZ,6,MOV,2,XOR,2,SHR,3,0,1,0,0,0,JMP,0,0,1,1,0,0,JNE,0,0,4238012,4239144,4238033,0,0,1,0,cpp,5.750529620475716e-07,0.0,0,0,0
0x40aaba,JZ,121416,0,-28,2,0x40aab7,TEST,1,NonLeaf,rbp(-1) rbp(-1) ,rflags ,TEST,3,JZ,6,CMP,5,ADD,7,ADD,7,TEST,4,MOV,3,MOV,3,MOV,5,JNZ,6,1,1,0,0,0,JE,0,0,1,0,0,0,JNE,0,0,4238007,4237982,4238012,1,0,0,0,cpp,5.750529620475716e-07,0.0,0,0,0
0x40aab1,JZ,121416,970,1599,6,0x40aaac,CMP,1,NonLeaf,rsp(-1) rbx(ADD) ,rflags ,CMP,5,ADD,7,ADD,7,MOV,5,ADD,3,TEST,3,JZ,2,TEST,4,MOV,3,MOV,3,0,0,0,0,0,RET,1,0,0,0,1,1,JE,0,0,4237982,4239600,4238007,1,0,1,0,cpp,5.750529620475716e-07,0.0079890623970481,0,0,0
0x40aa74,JZ,121416,0,34,2,0x40aa71,TEST,1,NonLeaf,rcx(SAR) rcx(SAR) ,rflags ,TEST,3,SAR,4,SUB,3,MOV,7,MOV,7,LEA,8,MOV,3,MOV,3,MOV,5,CALL_NEAR,5,0,1,1,0,0,MOV,0,0,1,0,0,0,CALL,0,1,4237891,4237974,4237942,0,0,1,1,cpp,5.750529620475716e-07,0.0,0,0,0
0x40aa3d,JNZ,121416,121416,1123,6,0x40aa3a,TEST,1,NonLeaf,rcx(SAR) rcx(SAR) ,rflags ,TEST,3,SAR,4,MOV,9,MOV,9,MOV,12,MOV,5,MOV,4,XOR,3,MOV,5,ADD,3,0,1,0,0,0,JA,0,0,1,0,0,0,JE,0,0,4237807,4239008,4237891,0,0,0,1,cpp,5.750529620475716e-07,1.0,1,0,1
0x40a9cd,JZ,121416,0,34,2,0x40a9ca,TEST,1,NonLeaf,rcx(SAR) rcx(SAR) ,rflags ,TEST,3,SAR,4,SUB,3,MOV,7,MOV,7,LEA,8,MOV,3,MOV,3,MOV,5,CALL_NEAR,5,0,1,1,0,0,JNE,0,0,1,0,0,0,CALL,0,1,4237724,4237807,4237775,0,0,1,1,cpp,5.750529620475716e-07,0.0,0,0,0
0x40a996,JNZ,121416,121416,1234,6,0x40a993,TEST,1,NonLeaf,rcx(SAR) rcx(SAR) ,rflags ,TEST,3,SAR,4,MOV,9,MOV,9,MOV,9,MOV,5,MOV,4,XOR,3,MOV,5,ADD,3,0,1,0,0,0,JA,0,0,1,0,0,0,JE,0,0,4237648,4238952,4237724,0,0,0,1,cpp,5.750529620475716e-07,1.0,1,0,1
0x40a94a,JZ,121416,0,6,2,0x40a945,TEST,0,NonLeaf,al(-1) ,rflags ,MOVSQ,3,TEST,2,SHR,3,MOV,2,JNZ,6,MOV,2,MOV,2,MOV,7,SUB,7,LEA,7,0,1,1,0,0,JNE,0,0,1,0,0,0,MOV,0,0,4237642,4237648,4237644,0,0,1,1,cpp,5.750529620475716e-07,0.0,0,0,0
0x40a93a,JNZ,121416,121416,1454,6,0x40a80f,TEST,1,NonLeaf,dil(LEA) ,rflags ,MOV,5,MOV,7,MOV,7,MOV,7,MOV,7,MOV,2,SHR,3,TEST,2,MOVSQ,3,JZ,2,0,1,0,0,0,JMP,0,0,1,1,0,0,TEST,0,0,4237299,4239080,4237632,0,0,1,0,cpp,5.750529620475716e-07,1.0,1,0,1
0x40a7d1,JZ,121416,121416,34,2,0x40a7ce,TEST,1,NonLeaf,rcx(SAR) rcx(SAR) ,rflags ,TEST,3,SAR,4,SUB,3,MOV,7,MOV,7,LEA,8,MOV,3,MOV,3,MOV,5,CALL_NEAR,5,0,1,1,0,0,JNE,0,0,1,0,0,0,CALL,0,1,4237216,4237299,4237267,0,0,1,1,cpp,5.750529620475716e-07,1.0,1,0,1
0x40a78f,JNZ,970,970,808,6,0x40a78c,CMP,1,NonLeaf,rax(MOV) rbx(MOV) ,rflags ,CMP,3,MOV,5,MOV,7,MOV,7,MOV,7,JMP,5,NOP,6,MOV,5,MOV,4,XOR,3,0,1,0,1,0,JE,0,0,1,0,0,0,JMP,1,0,4237145,4238007,4237205,0,0,0,0,cpp,4.5941339954054205e-09,1.0,1,0,1
0x40a74e,JNZ,970,970,2626,6,0x40a74b,TEST,1,NonLeaf,rdx(IMUL) rdx(IMUL) ,rflags ,TEST,3,MOV,11,MOV,11,IMUL,4,MOV,11,XOR,2,XOR,3,MOV,5,ADD,3,MOV,3,0,1,0,0,0,JA,0,0,1,0,0,0,XOR,0,0,4237051,4239760,4237140,0,0,0,0,cpp,4.5941339954054205e-09,1.0,1,0,1
0x40a6e3,JZ,970,0,24,2,0x40a6e0,TEST,1,NonLeaf,rcx(SAR) rcx(SAR) ,rflags ,TEST,3,SAR,4,SUB,3,MOV,7,XOR,2,LEA,8,MOV,3,MOV,3,CALL_NEAR,5,MOV,3,0,1,1,0,0,JNE,0,0,1,0,0,0,CALL,0,1,4236977,4237051,4237029,0,0,1,1,cpp,4.5941339954054205e-09,0.0,0,0,0
0x40a6ab,JNZ,970,970,2741,6,0x40a6a8,TEST,1,NonLeaf,rdx(SAR) rdx(SAR) ,rflags ,TEST,3,SAR,4,MOV,11,MOV,11,MOV,11,ADD,3,MOV,7,MOV,7,MOV,7,MOV,7,0,1,0,0,0,JA,0,0,1,0,0,0,JE,0,0,4236902,4239712,4236977,0,0,0,1,cpp,4.5941339954054205e-09,1.0,1,0,1
0x40a649,JZ,970,0,29,2,0x40a646,TEST,1,NonLeaf,rcx(SAR) rcx(SAR) ,rflags ,TEST,3,SAR,4,SUB,3,MOV,7,XOR,2,LEA,8,MOV,3,MOV,3,CALL_NEAR,5,MOV,3,0,1,1,0,0,JNE,0,0,1,0,0,0,CALL,0,1,4236823,4236902,4236875,0,0,1,1,cpp,4.5941339954054205e-09,0.0,0,0,0
0x40a611,JNZ,970,970,2991,6,0x40a603,TEST,1,NonLeaf,rdx(SAR) rdx(SAR) ,rflags ,MOV,11,TEST,3,MOV,11,MOV,11,SAR,4,ADD,3,MOV,7,MOV,7,MOV,7,MOV,7,0,1,0,0,0,JA,0,0,1,0,0,0,JE,0,0,4236753,4239808,4236823,0,0,0,1,cpp,4.5941339954054205e-09,1.0,1,0,1
0x40a5cb,JZ,970,0,6,2,0x40a5c6,TEST,0,NonLeaf,al(-1) ,rflags ,MOVSQ,3,TEST,2,SHR,3,MOV,2,JNZ,6,MOV,2,MOV,2,MOV,7,SUB,7,XOR,2,0,1,1,0,0,JNE,0,0,1,0,0,0,MOV,0,0,4236747,4236753,4236749,0,0,1,1,cpp,4.5941339954054205e-09,0.0,0,0,0
0x40a5bb,JNZ,970,970,3168,6,0x40a49f,TEST,1,NonLeaf,dil(LEA) ,rflags ,MOV,5,MOV,7,MOV,7,MOV,7,MOV,7,MOV,2,SHR,3,TEST,2,MOVSQ,3,JZ,2,0,1,0,0,0,JMP,0,0,1,1,0,0,TEST,0,0,4236389,4239899,4236737,0,0,1,0,cpp,4.5941339954054205e-09,1.0,1,0,1
0x40a44d,JZ,970,970,24,2,0x40a44a,TEST,1,NonLeaf,rcx(SAR) rcx(SAR) ,rflags ,TEST,3,SAR,4,SUB,3,MOV,7,MOV,7,LEA,8,MOV,3,MOV,3,CALL_NEAR,5,MOV,3,0,1,1,0,0,JNE,0,0,1,0,0,0,CALL,0,1,4236310,4236389,4236367,0,0,1,1,cpp,4.5941339954054205e-09,1.0,1,0,1
0x40a410,JNZ,970,0,3552,6,0x40a3bb,TEST,1,NonLeaf,rdx(SAR) rdx(SAR) ,rflags ,MOV,7,MOV,11,MOV,11,MOV,11,MOV,7,MOV,5,ADD,3,MOV,7,MOV,7,XOR,2,0,1,0,0,0,JA,0,0,1,0,0,0,JE,0,0,4236128,4239856,4236310,0,0,0,1,cpp,4.5941339954054205e-09,0.0,0,0,0
0x40a356,JZ,970,0,10,2,0x40a354,TEST,1,NonLeaf,al(-1) ,rflags ,TEST,2,MOV,5,MOV,2,MOV,2,JZ,2,MOVZX,4,MOV,4,MOV,7,MOV,5,XOR,2,0,1,1,0,0,JNE,0,0,1,0,0,0,MOV,0,0,4236116,4236128,4236120,0,0,1,1,cpp,4.5941339954054205e-09,0.0,0,0,0
0x40a349,JZ,970,0,11,2,0x40a344,TEST,0,NonLeaf,al(-1) ,rflags ,MOVSQ,3,TEST,2,SHR,3,XOR,2,MOV,2,MOV,2,MOV,2,MOV,5,TEST,2,JZ,2,0,1,1,0,0,JE,0,0,1,0,0,0,MOV,0,0,4236105,4236116,4236107,0,0,0,1,cpp,4.5941339954054205e-09,0.0,0,0,0
0x40a337,JNZ,970,970,3993,6,0x40a333,TEST,1,NonLeaf,dil(LEA) ,rflags ,TEST,4,MOV,5,LEA,7,MOV,2,LEA,7,MOV,2,XOR,2,SHR,3,TEST,2,MOVSQ,3,0,1,0,0,0,JMP,0,0,1,1,0,0,TEST,0,0,4236060,4240080,4236093,0,0,1,0,cpp,4.5941339954054205e-09,1.0,1,0,1
0x40a2fb,JZ,970,970,6,2,0x40a2f6,TEST,0,NonLeaf,al(-1) ,rflags ,MOVSQ,3,TEST,2,SHR,3,MOV,2,JNZ,6,MOV,2,MOV,2,MOV,5,LEA,7,MOV,5,0,1,1,0,0,LEA,0,0,1,0,0,0,MOV,0,0,4236027,4236033,4236029,0,0,0,1,cpp,4.5941339954054205e-09,1.0,1,0,1
0x40a2eb,JNZ,970,970,4032,6,0x40a2e7,TEST,1,NonLeaf,dil(LEA) ,rflags ,TEST,4,MOV,5,LEA,7,MOV,2,LEA,7,MOV,2,SHR,3,TEST,2,MOVSQ,3,JZ,2,0,1,0,0,0,JMP,0,0,1,1,0,0,TEST,0,0,4235984,4240043,4236017,0,0,1,0,cpp,4.5941339954054205e-09,1.0,1,0,1
0x40a2af,JZ,970,970,6,2,0x40a2aa,TEST,0,NonLeaf,al(-1) ,rflags ,MOVSQ,3,TEST,2,SHR,3,MOV,2,JNZ,6,MOV,2,MOV,2,MOV,5,LEA,7,MOV,5,0,1,1,0,0,LEA,0,0,1,0,0,0,MOV,0,0,4235951,4235957,4235953,0,0,0,1,cpp,4.5941339954054205e-09,1.0,1,0,1
0x40a29f,JNZ,970,970,4071,6,0x40a29b,TEST,1,NonLeaf,dil(LEA) ,rflags ,TEST,4,MOV,5,LEA,7,MOV,2,LEA,7,MOV,2,SHR,3,TEST,2,MOVSQ,3,JZ,2,0,1,0,0,0,JMP,0,0,1,1,0,0,TEST,0,0,4235908,4240006,4235941,0,0,1,0,cpp,4.5941339954054205e-09,1.0,1,0,1
0x40a239,JZ,970,970,9,2,0x40a237,TEST,1,NonLeaf,al(-1) ,rflags ,TEST,2,ADD,4,MOV,4,MOVZX,4,JZ,2,MOVZX,4,MOV,3,MOV,7,MOV,5,LEA,7,0,1,1,0,0,MOV,0,0,1,0,0,0,MOV,0,0,4235831,4235842,4235835,0,0,1,1,cpp,4.5941339954054205e-09,1.0,1,0,1
0x40a229,JZ,970,970,14,2,0x40a227,TEST,1,NonLeaf,al(-1) ,rflags ,TEST,2,MOV,5,MOV,2,MOV,2,JZ,2,MOVZX,4,MOV,4,ADD,4,TEST,2,JZ,2,0,1,1,0,0,JE,0,0,1,0,0,0,ADD,0,0,4235815,4235831,4235819,0,0,0,1,cpp,4.5941339954054205e-09,1.0,1,0,1
0x40a21c,JZ,970,0,11,2,0x40a217,TEST,0,NonLeaf,al(-1) ,rflags ,MOVSQ,3,TEST,2,SHR,3,XOR,2,MOV,2,MOV,2,MOV,2,MOV,5,TEST,2,JZ,2,0,1,1,0,0,JE,0,0,1,0,0,0,MOV,0,0,4235804,4235815,4235806,0,0,0,1,cpp,4.5941339954054205e-09,0.0,0,0,0
0x40a200,JNZ,970,970,4160,6,0x40a1fc,TEST,1,NonLeaf,dil(ADD) ,rflags ,TEST,4,ADD,7,MOV,5,MOV,5,MOV,3,TEST,4,JNZ,6,MOV,2,XOR,2,SHR,3,0,1,0,0,0,JE,0,0,1,0,0,0,JNE,0,0,4235742,4239936,4235782,0,0,1,0,cpp,4.5941339954054205e-09,1.0,1,0,1
0x40a0b3,JNZ,970,970,-2344,6,0x40a0b0,CMP,1,NonLeaf,rax(-1) rdx(MOV) ,rflags ,CMP,3,MOV,10,CALL_NEAR,5,MOV,4,JZ,2,CALL_NEAR,5,MOV,5,MOV,3,CALL_NEAR,5,MOV,2,0,0,0,0,0,CALL,0,1,1,0,0,0,CALL,1,1,4235430,4233099,4235449,0,0,1,1,cpp,4.5941339954054205e-09,1.0,1,0,1
0x40a09b,JZ,970,0,85,2,0x40a098,CMP,1,NonLeaf,rax(-1) rdx(MOV) ,rflags ,CMP,3,MOV,10,CALL_NEAR,5,MOV,4,JZ,2,MOV,4,CALL_NEAR,5,MOV,10,CMP,3,JNZ,6,0,1,0,0,0,CALL,1,1,1,0,0,0,CALL,0,1,4235406,4235504,4235421,0,0,1,1,cpp,4.5941339954054205e-09,0.0,0,0,0
0x40a083,JZ,970,0,-48,2,0x40a080,CMP,1,NonLeaf,rcx(MOV) rdx(MOV) ,rflags ,CMP,3,MOV,5,MOV,3,MOV,10,CALL_NEAR,5,MOV,4,CALL_NEAR,5,MOV,10,CMP,3,JZ,2,0,0,0,0,0,RET,1,0,1,0,0,0,CALL,0,1,4235374,4235347,4235397,0,0,0,1,cpp,4.5941339954054205e-09,0.0,0,0,0
0x40a002,JZ,970,0,81,2,0x40a000,TEST,1,NonLeaf,dl(MOV) dl(MOV) ,rflags ,TEST,2,MOV,5,MOV,2,CALL_NEAR,5,MOV,3,MOV,4,MOV,4,CALL_NEAR,5,XOR,2,MOV,5,0,0,1,0,0,RET,0,0,1,0,0,0,CALL,0,1,4235257,4235347,4235268,0,0,0,1,cpp,4.5941339954054205e-09,0.0,0,0,0
0x409ed5,JNBE,6065940,0,572,6,0x409ed2,CMP,1,NonLeaf,rcx(-1) rax(MOV) ,rflags ,CMP,3,MOV,10,NOP,5,JMP,5,MOV,3,LEA,8,MOV,3,CALL_NEAR,5,MOV,3,JMP,5,0,1,0,0,0,CALL,1,1,1,0,0,0,CALL,0,1,4234952,4235537,4234971,0,0,1,1,cpp,2.872963007019541e-05,0.0,0,0,0
0x409ea5,JNBE,6065940,0,659,6,0x409ea2,CMP,1,NonLeaf,rcx(-1) rax(MOV) ,rflags ,CMP,3,MOV,10,NOP,5,JMP,5,MOV,3,LEA,8,MOV,3,CALL_NEAR,5,MOV,3,JMP,5,0,1,0,0,0,CALL,1,1,1,0,0,0,CALL,0,1,4234904,4235576,4234923,0,0,1,1,cpp,2.872963007019541e-05,0.0,0,0,0
0x409e39,JZ,6065940,6065940,-1521,6,0x409e35,CMP,1,NonLeaf,rbp(-1) ,rflags ,CMP,4,CDQ,1,MOV,3,CALL_NEAR,5,MOV,8,IDIV,4,TEST,2,JZ,6,CMP,4,JZ,6,0,1,0,0,0,JNE,0,0,1,0,0,0,JE,0,0,4234801,4233288,4234815,0,0,0,0,cpp,2.872963007019541e-05,1.0,1,0,1
0x409df4,JZ,6065940,0,24,2,0x409df1,TEST,1,NonLeaf,rcx(SAR) rcx(SAR) ,rflags ,TEST,3,SAR,4,SUB,3,XOR,2,MOV,7,LEA,8,MOV,3,MOV,3,CALL_NEAR,5,MOV,3,0,1,1,0,0,CALL,0,1,1,0,0,0,CALL,0,1,4234687,4234764,4234742,0,0,1,1,cpp,2.872963007019541e-05,0.0,0,0,0
0x409db9,JNZ,6065940,6065940,223,6,0x409db6,TEST,1,NonLeaf,rcx(SAR) rcx(SAR) ,rflags ,TEST,3,SAR,4,MOV,12,MOV,12,MOV,12,ADD,3,MOV,8,MOV,8,MOV,8,MOV,7,0,1,0,0,0,JA,0,0,1,0,0,0,JE,0,0,4234607,4234904,4234687,0,0,0,1,cpp,2.872963007019541e-05,1.0,1,0,1
0x409d57,JZ,6065940,0,24,2,0x409d54,TEST,1,NonLeaf,rcx(SAR) rcx(SAR) ,rflags ,TEST,3,SAR,4,SUB,3,MOV,7,XOR,3,LEA,8,MOV,3,MOV,3,CALL_NEAR,5,MOV,3,0,1,1,0,0,JNE,0,0,1,0,0,0,CALL,0,1,4234529,4234607,4234585,0,0,1,1,cpp,2.872963007019541e-05,0.0,0,0,0
0x409d1b,JNZ,6065940,6065940,429,6,0x409d18,TEST,1,NonLeaf,rcx(SAR) rcx(SAR) ,rflags ,TEST,3,SAR,4,MOV,12,MOV,12,MOV,12,ADD,3,MOV,8,MOV,8,MOV,8,MOV,7,0,1,0,0,0,JA,0,0,1,0,0,0,JE,0,0,4234460,4234952,4234529,0,0,0,1,cpp,2.872963007019541e-05,1.0,1,0,1
0x409cd6,JZ,6065940,0,6,2,0x409cd1,TEST,0,NonLeaf,al(-1) ,rflags ,MOVSQ,3,TEST,2,SHR,3,MOV,2,JNZ,6,MOV,2,MOV,2,MOV,7,SUB,7,XOR,3,0,1,1,0,0,JNE,0,0,1,0,0,0,MOV,0,0,4234454,4234460,4234456,0,0,1,1,cpp,2.872963007019541e-05,0.0,0,0,0
0x409cc6,JNZ,6065940,6065940,618,6,0x409c77,CMP,1,NonLeaf,rsp(-1) ,rflags ,MOV,5,MOV,8,MOV,7,MOV,8,MOV,7,MOV,2,SHR,3,TEST,2,MOVSQ,3,JZ,2,0,1,0,0,0,JMP,0,0,1,1,0,0,TEST,0,0,4234083,4235056,4234444,0,0,1,0,cpp,2.872963007019541e-05,1.0,1,0,1
0x409b4b,JZ,6065940,6065940,24,2,0x409b48,TEST,1,NonLeaf,rcx(SAR) rcx(SAR) ,rflags ,TEST,3,SAR,4,SUB,3,MOV,7,XOR,3,LEA,8,MOV,3,MOV,3,CALL_NEAR,5,MOV,3,0,1,1,0,0,JNE,0,0,1,0,0,0,CALL,0,1,4234005,4234083,4234061,0,0,1,1,cpp,2.872963007019541e-05,1.0,1,0,1
0x409b0f,JNZ,6065940,0,857,6,0x409aa4,TEST,1,NonLeaf,rcx(SAR) rcx(SAR) ,rflags ,MOV,8,MOV,12,MOV,12,MOV,12,MOV,7,ADD,3,MOV,8,MOV,8,MOV,8,MOV,7,0,1,0,0,0,JA,0,0,1,0,0,0,JE,0,0,4233816,4234856,4234005,0,0,0,1,cpp,2.872963007019541e-05,0.0,0,0,0
0x409a4e,JZ,6065940,0,10,2,0x409a4c,TEST,1,NonLeaf,al(-1) ,rflags ,TEST,2,MOV,5,MOV,2,MOV,2,JZ,2,MOVZX,4,MOV,4,MOV,7,MOV,7,XOR,3,0,1,1,0,0,JNE,0,0,1,0,0,0,MOV,0,0,4233804,4233816,4233808,0,0,1,1,cpp,2.872963007019541e-05,0.0,0,0,0
0x409a41,JZ,6065940,0,11,2,0x409a3c,TEST,0,NonLeaf,al(-1) ,rflags ,MOVSQ,3,TEST,2,SHR,3,XOR,2,MOV,2,MOV,2,MOV,2,MOV,5,TEST,2,JZ,2,0,1,1,0,0,JE,0,0,1,0,0,0,MOV,0,0,4233793,4233804,4233795,0,0,0,1,cpp,2.872963007019541e-05,0.0,0,0,0
0x409a2f,JNZ,6065940,6065940,1241,6,0x409a18,TEST,1,NonLeaf,r14b(-1) ,rflags ,MOV,5,MOV,3,MOV,2,LEA,7,MOV,2,MOV,2,XOR,2,SHR,3,TEST,2,MOVSQ,3,0,1,0,0,0,JMP,0,0,1,1,0,0,TEST,0,0,4233752,4235016,4233781,0,0,1,0,cpp,2.872963007019541e-05,1.0,1,0,1
0x4099fb,JZ,6065940,6065940,6,2,0x4099f6,TEST,0,NonLeaf,al(-1) ,rflags ,MOVSQ,3,TEST,2,SHR,3,MOV,2,JNZ,6,MOV,2,MOV,2,LEA,7,MOV,5,LEA,8,0,1,1,0,0,LEA,0,0,1,0,0,0,MOV,0,0,4233723,4233729,4233725,0,0,0,1,cpp,2.872963007019541e-05,1.0,1,0,1
0x4099eb,JNZ,6065940,6065940,1389,6,0x4099d4,TEST,1,NonLeaf,r15b(-1) ,rflags ,MOV,5,MOV,3,MOV,2,LEA,7,MOV,2,MOV,2,SHR,3,TEST,2,MOVSQ,3,JZ,2,0,1,0,0,0,JMP,0,0,1,1,0,0,TEST,0,0,4233684,4235096,4233713,0,0,1,0,cpp,2.872963007019541e-05,1.0,1,0,1
0x4099b7,JZ,6065940,6065940,6,2,0x4099b2,TEST,0,NonLeaf,al(-1) ,rflags ,MOVSQ,3,TEST,2,SHR,3,MOV,2,JNZ,6,MOV,2,MOV,2,LEA,7,MOV,5,LEA,8,0,1,1,0,0,LEA,0,0,1,0,0,0,MOV,0,0,4233655,4233661,4233657,0,0,0,1,cpp,2.872963007019541e-05,1.0,1,0,1
0x4099a7,JNZ,6065940,6065940,1497,6,0x4099a3,TEST,1,NonLeaf,dil(LEA) ,rflags ,TEST,4,MOV,5,LEA,8,MOV,2,LEA,7,MOV,2,SHR,3,TEST,2,MOVSQ,3,JZ,2,0,1,0,0,0,JMP,0,0,1,1,0,0,TEST,0,0,4233604,4235136,4233645,1,0,1,0,cpp,2.872963007019541e-05,1.0,1,0,1
0x409944,JZ,6065940,6065940,9,2,0x409942,TEST,1,NonLeaf,al(-1) ,rflags ,TEST,2,ADD,4,MOV,4,MOVZX,4,JZ,2,MOVZX,4,MOV,3,MOV,6,LEA,7,MOV,5,0,1,1,0,0,MOV,0,0,1,0,0,0,MOV,0,0,4233538,4233549,4233542,0,0,1,1,cpp,2.872963007019541e-05,1.0,1,0,1
0x409934,JZ,6065940,6065940,14,2,0x409932,TEST,1,NonLeaf,al(-1) ,rflags ,TEST,2,MOV,5,MOV,2,MOV,2,JZ,2,MOVZX,4,MOV,4,ADD,4,TEST,2,JZ,2,0,1,1,0,0,JE,0,0,1,0,0,0,ADD,0,0,4233522,4233538,4233526,0,0,0,1,cpp,2.872963007019541e-05,1.0,1,0,1
0x409927,JZ,6065940,0,11,2,0x409922,TEST,0,NonLeaf,al(-1) ,rflags ,MOVSQ,3,TEST,2,SHR,3,XOR,2,MOV,2,MOV,2,MOV,2,MOV,5,TEST,2,JZ,2,0,1,1,0,0,JE,0,0,1,0,0,0,MOV,0,0,4233511,4233522,4233513,0,0,0,1,cpp,2.872963007019541e-05,0.0,0,0,0
0x409915,JNZ,6065940,6065940,1683,6,0x409911,TEST,1,NonLeaf,dil(-1) ,rflags ,TEST,4,JNZ,6,MOV,5,LEA,8,MOV,3,MOV,2,XOR,2,SHR,3,TEST,2,MOVSQ,3,0,1,0,0,0,JMP,0,0,1,1,0,0,TEST,0,0,4233489,4235176,4233499,1,0,1,0,cpp,2.872963007019541e-05,1.0,1,0,1
0x40990b,JNZ,6065940,6065940,1717,6,0x4098e5,CMP,0,NonLeaf,rsp(-1) ,rflags ,MOV,5,LEA,8,MOV,3,LEA,7,MOVZX,3,TEST,4,JNZ,6,MOV,2,XOR,2,SHR,3,0,1,0,0,0,JMP,0,0,1,1,0,0,JNE,0,0,4233457,4235200,4233489,0,0,1,0,cpp,2.872963007019541e-05,1.0,1,0,1
0x4098ce,JZ,6065940,970,1818,6,0x4098cc,TEST,1,NonLeaf,bl(-1) bl(-1) ,rflags ,TEST,2,ADD,4,CALL_NEAR,5,JZ,2,TEST,3,MOV,4,MOV,5,LEA,8,CMP,6,MOV,3,0,1,0,0,0,CALL,1,1,0,0,1,1,MOV,0,0,4233416,4235240,4233428,0,0,1,0,cpp,2.872963007019541e-05,0.0001599092638568,0,0,0
0x4098c1,JZ,6065940,129423,7,2,0x4098be,TEST,1,NonLeaf,rdi(MOV) rdi(MOV) ,rflags ,TEST,3,MOV,8,CALL_NEAR,5,JZ,2,TEST,3,CALL_NEAR,5,ADD,4,TEST,2,JZ,6,MOV,4,0,1,1,0,0,JE,0,0,1,0,0,0,CALL,0,1,4233398,4233416,4233411,0,0,0,1,cpp,2.872963007019541e-05,0.0213360171712875,0,0,0
0x4098af,JZ,6065940,0,7,2,0x4098ac,TEST,1,NonLeaf,rdi(MOV) rdi(MOV) ,rflags ,TEST,3,MOV,8,CALL_NEAR,5,JZ,2,TEST,3,CALL_NEAR,5,MOV,8,TEST,3,JZ,2,CALL_NEAR,5,0,1,1,0,0,JE,0,0,1,0,0,0,CALL,0,1,4233380,4233398,4233393,0,0,0,1,cpp,2.872963007019541e-05,0.0,0,0,0
0x40989d,JZ,6065940,0,7,2,0x40989a,TEST,1,NonLeaf,rdi(MOV) rdi(MOV) ,rflags ,TEST,3,CMOVL,3,MOV,5,MOV,8,CMP,5,CALL_NEAR,5,MOV,8,TEST,3,JZ,2,CALL_NEAR,5,0,1,1,0,0,JE,0,0,1,0,0,0,CALL,0,1,4233349,4233380,4233375,0,0,0,1,cpp,2.872963007019541e-05,0.0,0,0,0
0x40986d,JZ,6065940,6065940,19,2,0x409869,CMP,1,NonLeaf,rbp(-1) ,rflags ,CMP,4,JNL,2,CMP,3,XOR,2,CALL_NEAR,5,MOV,4,CMP,3,JZ,2,NOP,8,MOV,5,0,0,0,0,0,MOV,0,0,1,0,0,0,JE,0,0,4233321,4233344,4233327,0,0,0,0,cpp,2.872963007019541e-05,1.0,1,0,1
0x4c0a2c,JZ,7570,0,-1041,6,0x4c0a2a,TEST,1,NonLeaf,al(OR) al(OR) ,rflags ,TEST,2,OR,3,AND,3,MOV,2,JLE,6,CMP,4,JLE,6,MOV,4,MOV,6,XOR,2,0,0,1,0,0,JG,0,0,1,0,0,0,JLE,0,0,4983338,4982299,4983346,0,0,0,0,cpp,3.5853190046617555e-08,0.0,0,0,0
0x409867,JNL,6065940,0,30,2,0x409864,CMP,1,NonLeaf,eax(-1) rbp(-1) ,rflags ,CMP,3,XOR,2,CALL_NEAR,5,MOV,5,CALL_NEAR,5,CMP,4,JZ,2,MOV,4,CMP,3,JZ,2,0,0,1,0,0,JE,0,0,1,0,0,0,JE,0,0,4233314,4233349,4233321,0,0,0,0,cpp,2.872963007019541e-05,0.0,0,0,0
0x4c0a13,JNZ,18790,0,1355,6,0x4c0a10,TEST,1,NonLeaf,di(-1) di(-1) ,rflags ,TEST,3,NOP,5,JMP,2,MOV,3,CALL_NEAR,5,CMP,3,JLE,6,MOV,2,AND,3,OR,3,0,0,0,0,0,CALL,0,1,1,0,0,0,JLE,0,0,4983312,4984670,4983321,0,0,1,0,cpp,8.89935853336782e-08,0.0,0,0,0
0x40984e,JNZ,6065940,6060726,10,2,0x40984c,TEST,1,NonLeaf,edx(IDIV) edx(IDIV) ,rflags ,TEST,2,IDIV,4,NOP,7,JMP,5,MOV,5,MOV,3,CALL_NEAR,5,MOV,5,CALL_NEAR,5,XOR,2,0,1,1,0,0,CALL,0,1,1,0,0,0,CALL,0,1,4233288,4233304,4233296,0,0,1,1,cpp,2.872963007019541e-05,0.9991404464930416,1,0,1
0x409785,JZ,970,970,2272,6,0x409783,TEST,1,NonLeaf,eax(-1) eax(-1) ,rflags ,TEST,2,CALL_NEAR,5,MOV,4,CALL_NEAR,5,MOV,3,MOV,4,LEA,8,LEA,8,CALL_NEAR,5,MOV,5,0,1,0,0,0,CALL,0,1,0,0,0,0,CALL,0,1,4233091,4235365,4233099,0,0,1,1,cpp,4.5941339954054205e-09,1.0,1,0,1
0x409763,JNZ,970,0,40,2,0x40975f,CMP,1,NonLeaf,rbp(-1) ,rflags ,CMP,4,CALL_NEAR,5,MOV,6,MOV,4,MOV,4,MOV,4,CALL_NEAR,5,MOV,4,MOV,3,CALL_NEAR,5,0,1,0,0,0,CALL,0,1,1,0,0,0,CALL,0,1,4233055,4233099,4233061,0,0,1,1,cpp,4.5941339954054205e-09,0.0,0,0,0
0x4096f3,JNLE,4487,0,-790,6,0x4096f1,TEST,1,NonLeaf,eax(-1) eax(-1) ,rflags ,TEST,2,XADD_LOCK,4,MOV,5,JZ,2,TEST,3,LEA,5,CALL_NEAR,5,JMP,5,MOV,3,JMP,2,0,0,1,0,0,JE,0,0,1,0,0,0,CALL,0,1,4232945,4232157,4232953,0,0,1,1,cpp,2.125142189421043e-08,0.0,0,0,0
0x4096e6,JZ,4487,4487,47,2,0x4096e3,TEST,1,NonLeaf,rcx(MOV) rcx(MOV) ,rflags ,TEST,3,LEA,4,MOV,5,JMP,5,CALL_NEAR,5,MOV,5,XADD_LOCK,4,TEST,2,JNLE,6,LEA,5,0,1,0,0,0,JMP,0,0,1,0,0,0,LOCK XADD,0,0,4232922,4232981,4232936,0,0,1,0,cpp,2.125142189421043e-08,1.0,1,0,1
0x409535,JNBE,5214,0,406,6,0x409532,CMP,1,NonLeaf,rdx(-1) rax(MOV) ,rflags ,CMP,3,MOV,10,NOP,5,JMP,5,MOV,3,LEA,8,MOV,3,CALL_NEAR,5,MOV,3,JMP,5,0,1,0,0,0,CALL,1,1,1,0,0,0,CALL,0,1,4232488,4232907,4232507,0,0,1,1,cpp,2.4694654280457588e-08,0.0,0,0,0
0x409505,JNBE,5214,0,408,6,0x409502,CMP,1,NonLeaf,rdx(-1) rax(MOV) ,rflags ,CMP,3,MOV,10,NOP,3,JMP,5,MOV,5,LEA,8,MOV,3,CALL_NEAR,5,MOV,3,JMP,5,0,1,0,0,0,CALL,1,1,1,0,0,0,CALL,0,1,4232440,4232861,4232459,0,0,1,1,cpp,2.4694654280457588e-08,0.0,0,0,0
0x4094d5,JNBE,5214,0,338,6,0x4094d2,CMP,1,NonLeaf,rdx(-1) rcx(MOV) ,rflags ,CMP,3,MOV,10,NOP,7,JMP,5,MOVSD_XMM,6,LEA,8,MOV,3,CALL_NEAR,5,MOV,5,JMP,5,0,1,0,0,0,CALL,1,1,1,0,0,0,CALL,0,1,4232392,4232743,4232411,0,0,1,1,cpp,2.4694654280457588e-08,0.0,0,0,0
0x409497,JZ,5214,5214,7,2,0x409494,TEST,1,NonLeaf,rdi(MOV) rdi(MOV) ,rflags ,TEST,3,MOV,8,CALL_NEAR,5,JZ,2,TEST,3,CALL_NEAR,5,ADD,7,POP,1,POP,1,POP,2,0,1,1,0,0,RET,0,0,1,0,0,0,CALL,0,1,4232332,4232350,4232345,0,0,0,1,cpp,2.4694654280457588e-08,1.0,1,0,1
0x409485,JZ,5214,0,7,2,0x409482,TEST,1,NonLeaf,rdi(MOV) rdi(MOV) ,rflags ,TEST,3,MOV,8,CALL_NEAR,5,JZ,2,TEST,3,CALL_NEAR,5,MOV,8,TEST,3,JZ,2,CALL_NEAR,5,0,1,1,0,0,JE,0,0,1,0,0,0,CALL,0,1,4232314,4232332,4232327,0,0,0,1,cpp,2.4694654280457588e-08,0.0,0,0,0
0x409473,JZ,5214,0,7,2,0x409470,TEST,1,NonLeaf,rdi(MOV) rdi(MOV) ,rflags ,TEST,3,MOV,8,CALL_NEAR,5,JZ,2,TEST,3,CALL_NEAR,5,MOV,8,TEST,3,JZ,2,CALL_NEAR,5,0,1,1,0,0,JE,0,0,1,0,0,0,CALL,0,1,4232296,4232314,4232309,0,0,0,1,cpp,2.4694654280457588e-08,0.0,0,0,0
0x409461,JZ,5214,0,7,2,0x40945e,TEST,1,NonLeaf,rdi(MOV) rdi(MOV) ,rflags ,TEST,3,MOV,8,JNZ,2,CMP,5,ADD,7,CALL_NEAR,5,MOV,8,TEST,3,JZ,2,CALL_NEAR,5,0,1,1,0,0,JE,0,0,1,0,0,0,CALL,0,1,4232286,4232296,4232291,0,0,0,1,cpp,2.4694654280457588e-08,0.0,0,0,0
0x409454,JNZ,642417,637203,-60,2,0x40944f,CMP,1,NonLeaf,rsp(-1) rbx(ADD) ,rflags ,CMP,5,ADD,7,CALL_NEAR,5,JZ,2,TEST,3,MOV,8,TEST,3,JZ,2,CALL_NEAR,5,MOV,8,0,0,0,1,1,JE,0,0,1,1,0,0,MOV,1,0,4232264,4232216,4232278,0,0,0,0,cpp,3.042628638068416e-06,0.9918837764255928,1,1,1
0x409441,JZ,642417,642417,7,2,0x40943e,TEST,1,NonLeaf,rdi(MOV) rdi(MOV) ,rflags ,TEST,3,MOV,4,CALL_NEAR,5,JZ,2,TEST,3,CALL_NEAR,5,ADD,7,CMP,5,JNZ,2,MOV,8,0,1,1,0,0,JNE,0,0,1,0,0,0,CALL,0,1,4232250,4232264,4232259,0,0,0,1,cpp,3.042628638068416e-06,1.0,1,0,1
0x409433,JZ,642417,0,7,2,0x409430,TEST,1,NonLeaf,rdi(MOV) rdi(MOV) ,rflags ,TEST,3,MOV,4,CALL_NEAR,5,JZ,2,TEST,3,CALL_NEAR,5,MOV,4,TEST,3,JZ,2,CALL_NEAR,5,0,1,1,0,0,JE,0,0,1,0,0,0,CALL,0,1,4232236,4232250,4232245,0,0,0,1,cpp,3.042628638068416e-06,0.0,0,0,0
0x409425,JZ,642417,0,7,2,0x409422,TEST,1,NonLeaf,rdi(MOV) rdi(MOV) ,rflags ,TEST,3,MOV,4,SUB,3,MOV,3,NOP,5,CALL_NEAR,5,MOV,4,TEST,3,JZ,2,CALL_NEAR,5,1,1,1,0,0,JE,0,0,1,0,0,0,CALL,0,1,4232216,4232236,4232231,0,0,0,1,cpp,3.042628638068416e-06,0.0,0,0,0
0x4093f5,JZ,5214,0,439,6,0x4093ed,CMP,1,NonLeaf,rax(MOV) rbp(MOV) ,rflags ,MOV,5,CMP,3,MOV,8,MOV,8,JNZ,6,LEA,7,LEA,7,LEA,7,MOV,3,NOP,5,0,1,0,0,0,JMP,0,0,1,0,0,0,NOP,0,0,4232157,4232620,4232187,0,0,0,0,cpp,2.4694654280457588e-08,0.0,0,0,0
0x4093d7,JNZ,5214,4487,771,6,0x4093d0,CMP,1,NonLeaf,rdi(LEA) ,rflags ,CMP,7,LEA,4,MOV,5,CALL_NEAR,5,MOV,5,MOV,8,MOV,8,CMP,3,MOV,5,JZ,6,0,1,0,0,0,JE,0,0,1,1,0,0,JE,0,0,4232135,4232922,4232157,0,0,0,1,cpp,2.4694654280457588e-08,0.8605677023398542,1,0,1
0x40938c,JNBE,5207,5203,292,6,0x409389,UCOMISS,1,NonLeaf,xmm1(MOVSS) xmm0(-1) ,rflags ,UCOMISS,3,MOVSS,8,JBE,6,UCOMISS,7,DIVSS,8,MOVSD_XMM,8,MOVSD_XMM,6,MOV,3,MOV,5,CALL_NEAR,5,0,1,0,0,0,JMP,0,0,1,0,0,0,MOVSD,0,0,4232065,4232368,4232082,1,0,1,1,cpp,2.466150073616085e-08,0.9992318033416556,1,0,1
0x40937b,JBE,5214,7,525,6,0x409374,UCOMISS,1,NonLeaf,xmm0(DIVSS) rip(JBE) ,rflags ,UCOMISS,7,DIVSS,8,CVTSI2SS,4,CALL_NEAR,5,MOV,3,MOVSS,8,UCOMISS,3,JNBE,6,MOVSD_XMM,8,MOVSD_XMM,6,0,1,0,0,0,JMP,0,0,1,0,0,0,JA,0,0,4232040,4232584,4232065,0,0,1,0,cpp,2.4694654280457588e-08,0.0013425393172228,0,0,0
0x4090d5,JZ,622575,0,-952,6,0x4090c5,TEST,1,NonLeaf,dil(LEA) ,rflags ,MOV,5,MOV,7,TEST,4,LEA,7,LEA,7,NOP,5,MOV,2,ADD,4,ADD,4,SUB,3,0,0,1,0,0,TEST,0,0,1,0,0,0,NOP,0,0,4231344,4230429,4231387,0,0,0,0,cpp,2.9486525486489992e-06,0.0,0,0,0
0x40908d,JNBE,622575,0,1319,6,0x40908a,CMP,1,NonLeaf,rcx(-1) rax(MOV) ,rflags ,CMP,3,MOV,10,NOP,5,JMP,5,MOV,3,LEA,8,MOV,3,CALL_NEAR,5,MOV,3,JMP,5,0,1,0,0,0,CALL,1,1,1,0,0,0,CALL,0,1,4231296,4232628,4231315,0,0,1,1,cpp,2.9486525486489992e-06,0.0,0,0,0
0x40905d,JNBE,622575,0,1443,6,0x40905a,CMP,1,NonLeaf,rcx(-1) rax(MOV) ,rflags ,CMP,3,MOV,10,NOP,8,JMP,5,MOV,3,LEA,8,MOV,3,CALL_NEAR,5,MOV,3,JMP,5,0,1,0,0,0,CALL,1,1,1,0,0,0,CALL,0,1,4231248,4232704,4231267,0,0,1,1,cpp,2.9486525486489992e-06,0.0,0,0,0
0x409017,JZ,622575,622575,-1631,6,0x409002,TEST,1,NonLeaf,rcx(SAR) rcx(SAR) ,rflags ,MOV,9,MOV,9,TEST,3,SAR,4,SUB,3,MOV,10,CMP,3,JNBE,6,LEA,8,MOV,3,0,1,0,0,0,JE,0,0,1,0,0,0,JA,0,0,4231005,4229560,4231197,0,0,1,0,cpp,2.9486525486489992e-06,1.0,1,0,1
0x408f54,JZ,622575,622575,9,2,0x408f52,TEST,1,NonLeaf,al(-1) ,rflags ,TEST,2,ADD,4,MOV,4,MOVZX,4,JZ,2,MOVZX,4,MOV,3,MOV,7,MOV,7,MOV,3,0,1,1,0,0,JE,0,0,1,0,0,0,MOV,0,0,4230994,4231005,4230998,0,0,1,1,cpp,2.9486525486489992e-06,1.0,1,0,1
0x408f44,JZ,622575,0,14,2,0x408f42,TEST,1,NonLeaf,al(-1) ,rflags ,TEST,2,MOV,5,MOV,2,MOV,2,JZ,2,MOVZX,4,MOV,4,ADD,4,TEST,2,JZ,2,0,1,1,0,0,JE,0,0,1,0,0,0,ADD,0,0,4230978,4230994,4230982,0,0,0,1,cpp,2.9486525486489992e-06,0.0,0,0,0
0x408f37,JZ,622575,0,11,2,0x408f32,TEST,0,NonLeaf,al(-1) ,rflags ,MOVSQ,3,TEST,2,SHR,3,XOR,2,MOV,2,MOV,2,MOV,2,MOV,5,TEST,2,JZ,2,0,1,1,0,0,JE,0,0,1,0,0,0,MOV,0,0,4230967,4230978,4230969,0,0,0,1,cpp,2.9486525486489992e-06,0.0,0,0,0
0x408f25,JNZ,622575,622575,675,6,0x408f21,TEST,1,NonLeaf,dil(-1) ,rflags ,TEST,4,JNZ,6,TEST,4,MOV,5,LEA,7,MOV,2,XOR,2,SHR,3,TEST,2,MOVSQ,3,0,1,0,0,0,JMP,0,0,1,1,0,0,TEST,0,0,4230945,4231624,4230955,1,0,1,0,cpp,2.9486525486489992e-06,1.0,1,0,1
0x408f1b,JNZ,622575,0,709,6,0x408f17,TEST,1,NonLeaf,dil(LEA) ,rflags ,TEST,4,MOV,5,LEA,7,LEA,7,MOV,3,TEST,4,JNZ,6,MOV,2,XOR,2,SHR,3,0,1,0,0,0,JMP,0,0,1,1,0,0,JNE,0,0,4230916,4231648,4230945,0,0,1,0,cpp,2.9486525486489992e-06,0.0,0,0,0
0x408efb,JZ,622575,622575,9,2,0x408ef9,TEST,1,NonLeaf,al(-1) ,rflags ,TEST,2,ADD,4,MOV,4,MOVZX,4,JZ,2,MOVZX,4,MOV,3,LEA,7,LEA,7,MOV,5,0,1,1,0,0,JNE,0,0,1,0,0,0,MOV,0,0,4230905,4230916,4230909,0,0,0,1,cpp,2.9486525486489992e-06,1.0,1,0,1
0x408eeb,JZ,622575,622575,14,2,0x408ee9,TEST,1,NonLeaf,al(-1) ,rflags ,TEST,2,MOV,5,MOV,2,MOV,2,JZ,2,MOVZX,4,MOV,4,ADD,4,TEST,2,JZ,2,0,1,1,0,0,JE,0,0,1,0,0,0,ADD,0,0,4230889,4230905,4230893,0,0,0,1,cpp,2.9486525486489992e-06,1.0,1,0,1
0x408ede,JZ,622575,0,11,2,0x408ed9,TEST,0,NonLeaf,al(-1) ,rflags ,MOVSQ,3,TEST,2,SHR,3,XOR,2,MOV,2,MOV,2,MOV,2,MOV,5,TEST,2,JZ,2,0,1,1,0,0,JE,0,0,1,0,0,0,MOV,0,0,4230878,4230889,4230880,0,0,0,1,cpp,2.9486525486489992e-06,0.0,0,0,0
0x408ecc,JNZ,622575,0,836,6,0x408ec8,TEST,1,NonLeaf,dil(-1) ,rflags ,TEST,4,JNZ,6,TEST,4,MOV,5,LEA,7,MOV,2,XOR,2,SHR,3,TEST,2,MOVSQ,3,0,1,0,0,0,JMP,0,0,1,1,0,0,TEST,0,0,4230856,4231696,4230866,1,0,1,0,cpp,2.9486525486489992e-06,0.0,0,0,0
0x408ec2,JNZ,622575,0,870,6,0x408ebe,TEST,1,NonLeaf,dil(LEA) ,rflags ,TEST,4,MOV,5,LEA,7,LEA,7,MOV,3,TEST,4,JNZ,6,MOV,2,XOR,2,SHR,3,0,1,0,0,0,JMP,0,0,1,1,0,0,JNE,0,0,4230827,4231720,4230856,0,0,1,0,cpp,2.9486525486489992e-06,0.0,0,0,0
0x408ea2,JZ,622575,622575,9,2,0x408ea0,TEST,1,NonLeaf,al(-1) ,rflags ,TEST,2,ADD,4,MOV,4,MOVZX,4,JZ,2,MOVZX,4,MOV,3,LEA,7,LEA,7,MOV,5,0,1,1,0,0,JNE,0,0,1,0,0,0,MOV,0,0,4230816,4230827,4230820,0,0,0,1,cpp,2.9486525486489992e-06,1.0,1,0,1
0x408e92,JZ,622575,622575,14,2,0x408e90,TEST,1,NonLeaf,al(-1) ,rflags ,TEST,2,MOV,5,MOV,2,MOV,2,JZ,2,MOVZX,4,MOV,4,ADD,4,TEST,2,JZ,2,0,1,1,0,0,JE,0,0,1,0,0,0,ADD,0,0,4230800,4230816,4230804,0,0,0,1,cpp,2.9486525486489992e-06,1.0,1,0,1
0x408e85,JZ,622575,622575,11,2,0x408e80,TEST,0,NonLeaf,al(-1) ,rflags ,MOVSQ,3,TEST,2,SHR,3,XOR,2,MOV,2,MOV,2,MOV,2,MOV,5,TEST,2,JZ,2,0,1,1,0,0,JE,0,0,1,0,0,0,MOV,0,0,4230789,4230800,4230791,0,0,0,1,cpp,2.9486525486489992e-06,1.0,1,0,1
0x408e73,JNZ,622575,622575,989,6,0x408e6f,TEST,1,NonLeaf,dil(-1) ,rflags ,TEST,4,JNZ,6,TEST,4,MOV,5,LEA,7,MOV,2,XOR,2,SHR,3,TEST,2,MOVSQ,3,0,1,0,0,0,JMP,0,0,1,1,0,0,TEST,0,0,4230767,4231760,4230777,1,0,1,0,cpp,2.9486525486489992e-06,1.0,1,0,1
0x408e69,JNZ,622575,0,1023,6,0x408e65,TEST,1,NonLeaf,dil(LEA) ,rflags ,TEST,4,MOV,5,LEA,7,LEA,7,MOV,3,TEST,4,JNZ,6,MOV,2,XOR,2,SHR,3,0,1,0,0,0,JMP,0,0,1,1,0,0,JNE,0,0,4230738,4231784,4230767,0,0,1,0,cpp,2.9486525486489992e-06,0.0,0,0,0
0x408e49,JZ,622575,622575,9,2,0x408e47,TEST,1,NonLeaf,al(-1) ,rflags ,TEST,2,ADD,4,MOV,4,MOVZX,4,JZ,2,MOVZX,4,MOV,3,LEA,7,LEA,7,MOV,5,0,1,1,0,0,JNE,0,0,1,0,0,0,MOV,0,0,4230727,4230738,4230731,0,0,0,1,cpp,2.9486525486489992e-06,1.0,1,0,1
0x408e39,JZ,622575,622575,14,2,0x408e37,TEST,1,NonLeaf,al(-1) ,rflags ,TEST,2,MOV,5,MOV,2,MOV,2,JZ,2,MOVZX,4,MOV,4,ADD,4,TEST,2,JZ,2,0,1,1,0,0,JE,0,0,1,0,0,0,ADD,0,0,4230711,4230727,4230715,0,0,0,1,cpp,2.9486525486489992e-06,1.0,1,0,1
0x408e2c,JZ,622575,0,11,2,0x408e27,TEST,0,NonLeaf,al(-1) ,rflags ,MOVSQ,3,TEST,2,SHR,3,XOR,2,MOV,2,MOV,2,MOV,2,MOV,5,TEST,2,JZ,2,0,1,1,0,0,JE,0,0,1,0,0,0,MOV,0,0,4230700,4230711,4230702,0,0,0,1,cpp,2.9486525486489992e-06,0.0,0,0,0
0x408e1a,JNZ,622575,0,1142,6,0x408e16,TEST,1,NonLeaf,dil(-1) ,rflags ,TEST,4,JNZ,6,TEST,4,MOV,5,LEA,7,MOV,2,XOR,2,SHR,3,TEST,2,MOVSQ,3,0,1,0,0,0,JMP,0,0,1,1,0,0,TEST,0,0,4230678,4231824,4230688,1,0,1,0,cpp,2.9486525486489992e-06,0.0,0,0,0
0x408e10,JNZ,622575,0,1176,6,0x408e0c,TEST,1,NonLeaf,dil(LEA) ,rflags ,TEST,4,MOV,5,LEA,7,LEA,7,MOV,3,TEST,4,JNZ,6,MOV,2,XOR,2,SHR,3,0,1,0,0,0,JMP,0,0,1,1,0,0,JNE,0,0,4230649,4231848,4230678,0,0,1,0,cpp,2.9486525486489992e-06,0.0,0,0,0
0x408df0,JZ,622575,622575,9,2,0x408dee,TEST,1,NonLeaf,al(-1) ,rflags ,TEST,2,ADD,4,MOV,4,MOVZX,4,JZ,2,MOVZX,4,MOV,3,LEA,7,LEA,7,MOV,5,0,1,1,0,0,JNE,0,0,1,0,0,0,MOV,0,0,4230638,4230649,4230642,0,0,0,1,cpp,2.9486525486489992e-06,1.0,1,0,1
0x408de0,JZ,622575,622575,14,2,0x408dde,TEST,1,NonLeaf,al(-1) ,rflags ,TEST,2,MOV,5,MOV,2,MOV,2,JZ,2,MOVZX,4,MOV,4,ADD,4,TEST,2,JZ,2,0,1,1,0,0,JE,0,0,1,0,0,0,ADD,0,0,4230622,4230638,4230626,0,0,0,1,cpp,2.9486525486489992e-06,1.0,1,0,1
0x408dd3,JZ,622575,622575,11,2,0x408dce,TEST,0,NonLeaf,al(-1) ,rflags ,MOVSQ,3,TEST,2,SHR,3,XOR,2,MOV,2,MOV,2,MOV,2,MOV,5,TEST,2,JZ,2,0,1,1,0,0,JE,0,0,1,0,0,0,MOV,0,0,4230611,4230622,4230613,0,0,0,1,cpp,2.9486525486489992e-06,1.0,1,0,1
0x408dc1,JNZ,622575,622575,919,6,0x408dbd,TEST,1,NonLeaf,dil(-1) ,rflags ,TEST,4,JNZ,6,TEST,4,MOV,5,LEA,7,MOV,2,XOR,2,SHR,3,TEST,2,MOVSQ,3,0,1,0,0,0,JMP,0,0,1,1,0,0,TEST,0,0,4230589,4231512,4230599,1,0,1,0,cpp,2.9486525486489992e-06,1.0,1,0,1
0x408db7,JNZ,622575,0,953,6,0x408db3,TEST,1,NonLeaf,dil(LEA) ,rflags ,TEST,4,MOV,5,LEA,7,LEA,7,MOV,2,TEST,4,JNZ,6,MOV,2,XOR,2,SHR,3,0,1,0,0,0,JMP,0,0,1,1,0,0,JNE,0,0,4230560,4231536,4230589,0,0,1,0,cpp,2.9486525486489992e-06,0.0,0,0,0
0x408d9a,JZ,622575,0,6,2,0x408d95,TEST,0,NonLeaf,al(-1) ,rflags ,MOVSQ,3,TEST,2,SHR,3,MOV,2,JNZ,6,MOV,2,MOV,2,LEA,7,LEA,7,MOV,5,0,1,1,0,0,JNE,0,0,1,0,0,0,MOV,0,0,4230554,4230560,4230556,0,0,0,1,cpp,2.9486525486489992e-06,0.0,0,0,0
0x408d8a,JNZ,622575,0,1046,6,0x408d63,TEST,1,NonLeaf,dil(LEA) ,rflags ,MOV,5,MOV,6,MOV,6,MOV,6,MOV,6,MOV,2,SHR,3,TEST,2,MOVSQ,3,JZ,2,0,1,0,0,0,JMP,0,0,1,1,0,0,TEST,0,0,4230479,4231584,4230544,0,0,1,0,cpp,2.9486525486489992e-06,0.0,0,0,0
0x408d46,JZ,622575,622575,9,2,0x408d44,TEST,1,NonLeaf,al(-1) ,rflags ,TEST,2,ADD,4,MOV,4,MOVZX,4,JZ,2,MOVZX,4,MOV,3,MOV,6,LEA,7,LEA,7,0,1,1,0,0,JNE,0,0,1,0,0,0,MOV,0,0,4230468,4230479,4230472,0,0,1,1,cpp,2.9486525486489992e-06,1.0,1,0,1
0x408d36,JZ,622575,622575,14,2,0x408d34,TEST,1,NonLeaf,al(-1) ,rflags ,TEST,2,MOV,5,MOV,2,MOV,2,JZ,2,MOVZX,4,MOV,4,ADD,4,TEST,2,JZ,2,0,1,1,0,0,JE,0,0,1,0,0,0,ADD,0,0,4230452,4230468,4230456,0,0,0,1,cpp,2.9486525486489992e-06,1.0,1,0,1
0x408d29,JZ,622575,0,11,2,0x408d24,TEST,0,NonLeaf,al(-1) ,rflags ,MOVSQ,3,TEST,2,SHR,3,XOR,2,MOV,2,MOV,2,MOV,2,MOV,5,TEST,2,JZ,2,0,1,1,0,0,JE,0,0,1,0,0,0,MOV,0,0,4230441,4230452,4230443,0,0,0,1,cpp,2.9486525486489992e-06,0.0,0,0,0
0x408d0d,JNZ,622575,622575,931,6,0x408d09,TEST,1,NonLeaf,dil(LEA) ,rflags ,TEST,4,MOV,5,LEA,7,LEA,7,MOV,3,TEST,4,JNZ,6,MOV,2,XOR,2,SHR,3,0,1,0,0,0,JE,0,0,1,0,0,0,JNE,0,0,4230390,4231344,4230419,0,0,1,0,cpp,2.9486525486489992e-06,1.0,1,0,1
0x408ced,JZ,622575,622575,9,2,0x408ceb,TEST,1,NonLeaf,al(-1) ,rflags ,TEST,2,ADD,4,MOV,4,MOVZX,4,JZ,2,MOVZX,4,MOV,3,LEA,7,LEA,7,MOV,5,0,1,1,0,0,JNE,0,0,1,0,0,0,MOV,0,0,4230379,4230390,4230383,0,0,0,1,cpp,2.9486525486489992e-06,1.0,1,0,1
0x408cdd,JZ,622575,0,14,2,0x408cdb,TEST,1,NonLeaf,al(-1) ,rflags ,TEST,2,MOV,5,MOV,2,MOV,2,JZ,2,MOVZX,4,MOV,4,ADD,4,TEST,2,JZ,2,0,1,1,0,0,JE,0,0,1,0,0,0,ADD,0,0,4230363,4230379,4230367,0,0,0,1,cpp,2.9486525486489992e-06,0.0,0,0,0
0x408cd0,JZ,622575,622575,11,2,0x408ccb,TEST,0,NonLeaf,al(-1) ,rflags ,MOVSQ,3,TEST,2,SHR,3,XOR,2,MOV,2,MOV,2,MOV,2,MOV,5,TEST,2,JZ,2,0,1,1,0,0,JE,0,0,1,0,0,0,MOV,0,0,4230352,4230363,4230354,0,0,0,1,cpp,2.9486525486489992e-06,1.0,1,0,1
0x408cbe,JNZ,622575,0,1082,6,0x408cba,TEST,1,NonLeaf,dil(-1) ,rflags ,TEST,4,JNZ,6,MOV,5,MOV,3,MOV,3,MOV,2,XOR,2,SHR,3,TEST,2,MOVSQ,3,0,1,0,0,0,JMP,0,0,1,1,0,0,TEST,0,0,4230330,4231416,4230340,1,0,1,0,cpp,2.9486525486489992e-06,0.0,0,0,0
0x408cb4,JNZ,622575,0,1116,6,0x408ca5,TEST,1,NonLeaf,bpl(-1) ,rflags ,MOV,5,MOV,3,MOV,3,TEST,4,JZ,2,TEST,4,JNZ,6,MOV,2,XOR,2,SHR,3,0,1,0,0,0,JMP,0,0,1,1,0,0,JNE,0,0,4230309,4231440,4230330,0,0,1,0,cpp,2.9486525486489992e-06,0.0,0,0,0
0x408ca3,JZ,622575,0,-28,2,0x408ca0,TEST,1,NonLeaf,rbp(-1) rbp(-1) ,rflags ,TEST,3,JZ,6,CMP,5,ADD,7,ADD,7,TEST,4,MOV,3,MOV,3,MOV,5,JNZ,6,1,1,0,0,0,JE,0,0,1,0,0,0,JNE,0,0,4230304,4230279,4230309,1,0,0,0,cpp,2.9486525486489992e-06,0.0,0,0,0
0x408c9a,JZ,622575,5214,1598,6,0x408c95,CMP,1,NonLeaf,rsp(-1) rbx(ADD) ,rflags ,CMP,5,ADD,7,ADD,7,MOV,5,ADD,3,TEST,3,JZ,2,TEST,4,MOV,3,MOV,3,0,0,0,0,0,CALL,1,1,0,0,1,1,JE,0,0,4230279,4231896,4230304,1,0,1,0,cpp,2.9486525486489992e-06,0.0083748945910131,0,0,0
0x408c67,JZ,622575,0,24,2,0x408c64,TEST,1,NonLeaf,rcx(SAR) rcx(SAR) ,rflags ,TEST,3,SAR,4,SUB,3,MOV,7,XOR,3,LEA,8,MOV,3,MOV,3,CALL_NEAR,5,MOV,3,0,1,1,0,0,MOV,0,0,1,0,0,0,CALL,0,1,4230203,4230271,4230249,0,0,1,1,cpp,2.9486525486489992e-06,0.0,0,0,0
0x408c35,JNZ,622575,622575,1051,6,0x408c32,TEST,1,NonLeaf,rcx(SAR) rcx(SAR) ,rflags ,TEST,3,SAR,4,MOV,9,MOV,9,MOV,12,ADD,3,MOV,4,MOV,5,MOV,5,MOV,7,0,1,0,0,0,JA,0,0,1,0,0,0,JE,0,0,4230120,4231248,4230203,0,0,0,1,cpp,2.9486525486489992e-06,1.0,1,0,1
0x408bd0,JZ,622575,0,24,2,0x408bcd,TEST,1,NonLeaf,rcx(SAR) rcx(SAR) ,rflags ,TEST,3,SAR,4,SUB,3,MOV,7,XOR,3,LEA,8,MOV,3,MOV,3,CALL_NEAR,5,MOV,3,0,1,1,0,0,JNE,0,0,1,0,0,0,CALL,0,1,4230052,4230120,4230098,0,0,1,1,cpp,2.9486525486489992e-06,0.0,0,0,0
0x408b9e,JNZ,622575,622575,1250,6,0x408b89,TEST,1,NonLeaf,rcx(SAR) rcx(SAR) ,rflags ,MOV,9,MOV,9,TEST,3,MOV,12,SAR,4,ADD,3,MOV,4,MOV,5,MOV,5,MOV,7,0,1,0,0,0,JA,0,0,1,0,0,0,JE,0,0,4229977,4231296,4230052,0,0,0,1,cpp,2.9486525486489992e-06,1.0,1,0,1
0x408b53,JZ,622575,0,6,2,0x408b4e,TEST,0,NonLeaf,al(-1) ,rflags ,MOVSQ,3,TEST,2,SHR,3,MOV,2,JNZ,6,MOV,2,MOV,2,MOV,7,SUB,7,XOR,3,0,1,1,0,0,JNE,0,0,1,0,0,0,MOV,0,0,4229971,4229977,4229973,0,0,1,1,cpp,2.9486525486489992e-06,0.0,0,0,0
0x408b43,JNZ,622575,622575,1517,6,0x408a18,TEST,1,NonLeaf,dil(LEA) ,rflags ,MOV,5,MOV,7,MOV,7,MOV,7,MOV,7,MOV,2,SHR,3,TEST,2,MOVSQ,3,JZ,2,0,1,0,0,0,JMP,0,0,1,1,0,0,TEST,0,0,4229628,4231472,4229961,0,0,1,0,cpp,2.9486525486489992e-06,1.0,1,0,1
0x4089e4,JZ,622575,622575,24,2,0x4089e1,TEST,1,NonLeaf,rcx(SAR) rcx(SAR) ,rflags ,TEST,3,SAR,4,SUB,3,MOV,7,XOR,3,LEA,8,MOV,3,MOV,3,CALL_NEAR,5,MOV,3,0,1,1,0,0,JNE,0,0,1,0,0,0,CALL,0,1,4229560,4229628,4229606,0,0,1,1,cpp,2.9486525486489992e-06,1.0,1,0,1
0x4089a8,JNZ,5214,5214,760,6,0x4089a0,CMP,1,NonLeaf,rax(MOV) rbx(MOV) ,rflags ,MOV,5,CMP,3,MOV,7,MOV,7,MOV,3,JMP,5,NOP,5,ADD,3,MOV,4,MOV,5,0,1,0,1,0,JE,0,0,1,0,0,0,JMP,1,0,4229492,4230304,4229550,0,0,0,0,cpp,2.4694654280457588e-08,1.0,1,0,1
0x40895e,JNZ,5214,5214,2922,6,0x40895b,TEST,1,NonLeaf,rdx(IMUL) rdx(IMUL) ,rflags ,TEST,3,IMUL,4,SAR,4,MOV,12,MOV,8,MOV,9,MOV,5,XOR,2,ADD,3,MOV,8,0,1,0,0,0,JA,0,0,1,0,0,0,XOR,0,0,4229388,4232392,4229476,0,0,0,1,cpp,2.4694654280457588e-08,1.0,1,0,1
0x44598b,JZ,4329204,0,25,2,0x445988,TEST,1,NonLeaf,rdx(-1) rdx(-1) ,rflags ,TEST,3,NOP,7,JZ,2,CMP,3,LEA,4,MOV,4,MOV,3,MOV,4,MOV,4,MOV,4,1,1,1,0,0,JNE,0,0,1,0,0,0,MOV,0,0,4479368,4479396,4479373,1,0,0,1,cpp,2.050406522623209e-05,0.0,0,0,0
0x4088f4,JZ,5214,0,24,2,0x4088f1,TEST,1,NonLeaf,rcx(SAR) rcx(SAR) ,rflags ,TEST,3,SAR,4,SUB,3,MOV,7,XOR,2,LEA,8,MOV,3,MOV,3,CALL_NEAR,5,MOV,3,0,1,1,0,0,JNE,0,0,1,0,0,0,CALL,0,1,4229311,4229388,4229366,0,0,1,1,cpp,2.4694654280457588e-08,0.0,0,0,0
0x4088b9,JNZ,5214,5214,3135,6,0x4088b6,TEST,1,NonLeaf,rdx(SAR) rdx(SAR) ,rflags ,TEST,3,SAR,4,MOV,12,MOV,12,MOV,12,ADD,3,MOV,8,MOV,8,MOV,8,MOV,7,0,1,0,0,0,JA,0,0,1,0,0,0,JE,0,0,4229232,4232440,4229311,0,0,0,1,cpp,2.4694654280457588e-08,1.0,1,0,1
0x408858,JZ,5214,0,24,2,0x408855,TEST,1,NonLeaf,rcx(SAR) rcx(SAR) ,rflags ,TEST,3,SAR,4,SUB,3,MOV,7,XOR,2,LEA,8,MOV,3,MOV,3,CALL_NEAR,5,MOV,3,0,1,1,0,0,JNE,0,0,1,0,0,0,CALL,0,1,4229155,4229232,4229210,0,0,1,1,cpp,2.4694654280457588e-08,0.0,0,0,0
0x40881d,JNZ,5214,5214,3339,6,0x40881a,TEST,1,NonLeaf,rdx(SAR) rdx(SAR) ,rflags ,TEST,3,SAR,4,MOV,12,MOV,12,MOV,12,ADD,3,MOV,8,MOV,8,MOV,8,MOV,7,0,1,0,0,0,JA,0,0,1,0,0,0,JE,0,0,4229087,4232488,4229155,0,0,0,1,cpp,2.4694654280457588e-08,1.0,1,0,1
0x4087d9,JZ,5214,0,6,2,0x4087d4,TEST,0,NonLeaf,al(-1) ,rflags ,MOVSQ,3,TEST,2,SHR,3,MOV,2,MOV,5,MOV,2,MOV,2,MOV,7,SUB,7,XOR,2,0,1,1,0,0,JNE,0,0,1,0,0,0,MOV,0,0,4229081,4229087,4229083,0,0,1,1,cpp,2.4694654280457588e-08,0.0,0,0,0
0x408644,JZ,5214,5214,24,2,0x408641,TEST,1,NonLeaf,rcx(SAR) rcx(SAR) ,rflags ,TEST,3,SAR,4,SUB,3,MOV,7,XOR,2,LEA,8,MOV,3,MOV,3,CALL_NEAR,5,MOV,3,0,1,1,0,0,TEST,0,0,1,0,0,0,CALL,0,1,4228623,4228700,4228678,0,0,1,1,cpp,2.4694654280457588e-08,1.0,1,0,1
0x408609,JNZ,5214,0,3919,6,0x4085ad,TEST,1,NonLeaf,rdx(SAR) rdx(SAR) ,rflags ,MOV,8,MOV,12,MOV,12,MOV,12,MOV,7,ADD,3,MOV,8,MOV,8,MOV,8,MOV,7,0,1,0,0,0,JA,0,0,1,0,0,0,JE,0,0,4228435,4232536,4228623,0,0,0,1,cpp,2.4694654280457588e-08,0.0,0,0,0
0x408549,JZ,5214,0,10,2,0x408547,TEST,1,NonLeaf,al(-1) ,rflags ,TEST,2,MOV,5,MOV,2,MOV,2,JZ,2,MOVZX,4,MOV,4,MOV,7,MOV,7,XOR,2,0,1,1,0,0,JNE,0,0,1,0,0,0,MOV,0,0,4228423,4228435,4228427,0,0,1,1,cpp,2.4694654280457588e-08,0.0,0,0,0
0x40853c,JZ,5214,0,11,2,0x408537,TEST,0,NonLeaf,al(-1) ,rflags ,MOVSQ,3,TEST,2,SHR,3,MOV,2,MOV,5,MOV,2,MOV,2,MOV,5,TEST,2,JZ,2,0,1,1,0,0,JE,0,0,1,0,0,0,MOV,0,0,4228412,4228423,4228414,0,0,0,1,cpp,2.4694654280457588e-08,0.0,0,0,0
0x4084ed,JZ,5214,5214,6,2,0x4084e8,TEST,0,NonLeaf,al(-1) ,rflags ,MOVSQ,3,TEST,2,SHR,3,MOV,2,MOV,5,MOV,2,MOV,2,LEA,8,LEA,7,MOV,5,0,1,1,0,0,MOV,0,0,1,0,0,0,MOV,0,0,4228333,4228339,4228335,0,0,0,1,cpp,2.4694654280457588e-08,1.0,1,0,1
0x445537,JNB,47163,6,95,2,0x445534,CMP,1,NonLeaf,rdi(-1) rdx(LEA) ,rflags ,CMP,3,LEA,4,JZ,6,CMP,3,MOV,5,LEA,4,LEA,4,LEA,4,LEA,4,MOV,3,0,1,1,0,0,JMP,1,0,1,0,0,0,NOP,0,0,4478256,4478358,4478265,0,0,1,0,cpp,2.233743728095936e-07,0.0001272183703326,0,0,0
0x4084a0,JZ,5214,5214,6,2,0x40849b,TEST,0,NonLeaf,al(-1) ,rflags ,MOVSQ,3,TEST,2,SHR,3,MOV,2,MOV,5,MOV,2,MOV,2,LEA,8,LEA,7,MOV,5,0,1,1,0,0,MOV,0,0,1,0,0,0,MOV,0,0,4228256,4228262,4228258,0,0,0,1,cpp,2.4694654280457588e-08,1.0,1,0,1
0x408426,JZ,5214,5214,9,2,0x408424,TEST,1,NonLeaf,al(-1) ,rflags ,TEST,2,ADD,4,MOV,4,MOVZX,4,JZ,2,MOVZX,4,MOV,3,MOV,7,LEA,8,LEA,7,0,1,1,0,0,MOV,0,0,1,0,0,0,MOV,0,0,4228132,4228143,4228136,0,0,1,1,cpp,2.4694654280457588e-08,1.0,1,0,1
0x408416,JZ,5214,5214,14,2,0x408414,TEST,1,NonLeaf,al(-1) ,rflags ,TEST,2,MOV,5,MOV,2,MOV,2,JZ,2,MOVZX,4,MOV,4,ADD,4,TEST,2,JZ,2,0,1,1,0,0,JE,0,0,1,0,0,0,ADD,0,0,4228116,4228132,4228120,0,0,0,1,cpp,2.4694654280457588e-08,1.0,1,0,1
0x408409,JZ,5214,0,11,2,0x408404,TEST,0,NonLeaf,al(-1) ,rflags ,MOVSQ,3,TEST,2,SHR,3,XOR,2,MOV,2,MOV,2,MOV,2,MOV,5,TEST,2,JZ,2,0,1,1,0,0,JE,0,0,1,0,0,0,MOV,0,0,4228105,4228116,4228107,0,0,0,1,cpp,2.4694654280457588e-08,0.0,0,0,0
0x4083f7,JNZ,5214,5214,4512,6,0x4083e6,TEST,1,NonLeaf,dil(LEA) ,rflags ,MOV,5,MOV,8,TEST,4,LEA,8,MOVZX,8,MOV,2,XOR,2,SHR,3,TEST,2,MOVSQ,3,0,1,0,0,0,JMP,0,0,1,1,0,0,TEST,0,0,4228041,4232599,4228093,1,0,1,0,cpp,2.4694654280457588e-08,1.0,1,0,1
0x407b0b,JNLE,5818,0,-1507,6,0x407b09,TEST,1,NonLeaf,eax(-1) eax(-1) ,rflags ,TEST,2,XADD_LOCK,4,OR,3,JZ,2,TEST,3,MOV,5,CALL_NEAR,5,JMP,5,CALL_NEAR,5,MOV,3,0,0,1,0,0,JE,0,0,1,0,0,0,CALL,0,1,4225801,4224296,4225809,0,0,0,1,cpp,2.755533153120488e-08,0.0,0,0,0
0x407b00,JZ,5818,5818,72,2,0x407afd,TEST,1,NonLeaf,rcx(MOV) rcx(MOV) ,rflags ,TEST,3,LEA,4,MOV,5,JMP,2,JMP,2,OR,3,XADD_LOCK,4,TEST,2,JNLE,6,MOV,5,0,1,0,0,0,JMP,0,0,1,0,0,0,LOCK XADD,0,0,4225780,4225864,4225794,0,0,1,0,cpp,2.755533153120488e-08,1.0,1,0,1
0x407abc,JNLE,3090,0,-1681,6,0x407aba,TEST,1,NonLeaf,eax(-1) eax(-1) ,rflags ,TEST,2,XADD_LOCK,4,OR,3,JZ,2,TEST,3,LEA,5,MOV,3,CALL_NEAR,5,JMP,5,JMP,5,0,0,1,0,0,CALL,0,1,1,0,0,0,CALL,0,1,4225722,4224043,4225730,0,0,1,1,cpp,1.4634921696703864e-08,0.0,0,0,0
0x407ab1,JZ,3090,3090,52,2,0x407aae,TEST,1,NonLeaf,rcx(MOV) rcx(MOV) ,rflags ,TEST,3,LEA,4,MOV,5,JMP,5,NOP,5,OR,3,XADD_LOCK,4,TEST,2,JNLE,6,LEA,5,0,1,0,0,0,JMP,0,0,1,0,0,0,LOCK XADD,0,0,4225701,4225765,4225715,0,0,1,0,cpp,1.4634921696703864e-08,1.0,1,0,1
0x407a06,JNLE,970,0,-963,6,0x407a04,TEST,1,NonLeaf,eax(-1) eax(-1) ,rflags ,TEST,2,XADD_LOCK,4,OR,3,JZ,2,TEST,3,LEA,5,MOV,3,CALL_NEAR,5,JMP,5,MOV,3,0,0,1,0,0,CALL,0,1,1,0,0,0,CALL,0,1,4225540,4224579,4225548,0,0,1,1,cpp,4.5941339954054205e-09,0.0,0,0,0
0x4079fb,JZ,970,970,81,2,0x4079f8,TEST,1,NonLeaf,rcx(MOV) rcx(MOV) ,rflags ,TEST,3,LEA,4,MOV,5,JMP,2,CALL_NEAR,5,OR,3,XADD_LOCK,4,TEST,2,JNLE,6,LEA,5,0,1,0,0,0,JMP,0,0,1,0,0,0,LOCK XADD,0,0,4225519,4225612,4225533,0,0,1,0,cpp,4.5941339954054205e-09,1.0,1,0,1
0x4077ed,JNBE,5818,0,819,6,0x4077ea,CMP,1,NonLeaf,rbx(-1) rax(MOV) ,rflags ,CMP,3,MOV,10,NOP,4,JMP,5,LEA,8,SHL,4,MOV,3,CALL_NEAR,5,MOV,7,MOV,7,0,1,0,0,0,CALL,1,1,1,0,0,0,CALL,0,1,4224992,4225824,4225011,0,1,1,1,cpp,2.755533153120488e-08,0.0,0,0,0
0x4077a5,JNBE,5818,0,722,6,0x4077a2,CMP,1,NonLeaf,rbx(-1) rax(MOV) ,rflags ,CMP,3,MOV,10,NOP,5,JMP,5,MOV,5,SHL,4,MOV,3,CALL_NEAR,5,MOV,7,MOV,7,0,1,0,0,0,CALL,1,1,1,0,0,0,CALL,0,1,4224920,4225655,4224939,0,1,1,1,cpp,2.755533153120488e-08,0.0,0,0,0
0x407765,JNBE,5818,0,814,6,0x407762,CMP,1,NonLeaf,rdx(-1) rax(MOV) ,rflags ,CMP,3,MOV,10,NOP,5,JMP,5,CALL_NEAR,5,SHL,4,MOV,3,CALL_NEAR,5,MOV,4,MOV,7,0,1,0,0,0,CALL,1,1,1,0,0,0,CALL,0,1,4224856,4225683,4224875,0,0,1,1,cpp,2.755533153120488e-08,0.0,0,0,0
0x40773e,JNLE,970,0,-5109,6,0x40773c,TEST,1,NonLeaf,eax(-1) eax(-1) ,rflags ,TEST,2,XADD_LOCK,4,OR,3,JZ,6,TEST,3,MOV,5,CALL_NEAR,5,JMP,5,NOP,5,MOV,10,0,0,1,0,0,RET,0,0,1,0,0,0,CALL,0,1,4224828,4219721,4224836,0,0,0,1,cpp,4.5941339954054205e-09,0.0,0,0,0
0x40772f,JZ,970,970,781,6,0x40772c,TEST,1,NonLeaf,rcx(MOV) rcx(MOV) ,rflags ,TEST,3,LEA,4,MOV,5,JZ,6,CMP,7,OR,3,XADD_LOCK,4,TEST,2,JNLE,6,MOV,5,0,1,0,0,0,JMP,0,0,1,0,0,0,LOCK XADD,0,0,4224803,4225596,4224821,0,0,1,0,cpp,4.5941339954054205e-09,1.0,1,0,1
0x40771d,JZ,970,0,-5076,6,0x407716,CMP,1,NonLeaf,rdi(LEA) ,rflags ,CMP,7,LEA,4,MOV,5,CALL_NEAR,5,JZ,2,MOV,5,LEA,4,TEST,3,JZ,6,OR,3,0,0,1,0,0,RET,0,0,1,0,0,0,JE,0,0,4224781,4219721,4224803,0,0,0,0,cpp,4.5941339954054205e-09,0.0,0,0,0
0x407706,JZ,970,970,7,2,0x407703,TEST,1,NonLeaf,rdi(MOV) rdi(MOV) ,rflags ,TEST,3,MOV,8,CALL_NEAR,5,JZ,2,TEST,3,CALL_NEAR,5,MOV,5,LEA,4,CMP,7,JZ,6,0,1,1,0,0,JE,0,0,1,0,0,0,CALL,0,1,4224763,4224781,4224776,0,0,0,1,cpp,4.5941339954054205e-09,1.0,1,0,1
0x4076f4,JZ,970,0,7,2,0x4076f1,TEST,1,NonLeaf,rdi(MOV) rdi(MOV) ,rflags ,TEST,3,MOV,8,CALL_NEAR,5,JZ,2,TEST,3,CALL_NEAR,5,MOV,8,TEST,3,JZ,2,CALL_NEAR,5,0,1,1,0,0,JE,0,0,1,0,0,0,CALL,0,1,4224745,4224763,4224758,0,0,0,1,cpp,4.5941339954054205e-09,0.0,0,0,0
0x4076e2,JZ,970,0,7,2,0x4076df,TEST,1,NonLeaf,rdi(MOV) rdi(MOV) ,rflags ,TEST,3,MOV,8,CALL_NEAR,5,JZ,2,TEST,3,CALL_NEAR,5,MOV,8,TEST,3,JZ,2,CALL_NEAR,5,0,1,1,0,0,JE,0,0,1,0,0,0,CALL,0,1,4224727,4224745,4224740,0,0,0,1,cpp,4.5941339954054205e-09,0.0,0,0,0
0x4076d0,JZ,970,0,7,2,0x4076cd,TEST,1,NonLeaf,rdi(MOV) rdi(MOV) ,rflags ,TEST,3,MOV,8,JNZ,2,CMP,4,ADD,7,CALL_NEAR,5,MOV,8,TEST,3,JZ,2,CALL_NEAR,5,0,1,1,0,0,JE,0,0,1,0,0,0,CALL,0,1,4224717,4224727,4224722,0,0,0,1,cpp,4.5941339954054205e-09,0.0,0,0,0
0x4076c3,JNZ,126906,125936,-59,2,0x4076bf,CMP,1,NonLeaf,rsp(-1) rbx(ADD) ,rflags ,CMP,4,ADD,7,CALL_NEAR,5,JZ,2,TEST,3,MOV,8,TEST,3,JZ,2,CALL_NEAR,5,MOV,8,0,0,0,1,1,JE,0,0,1,1,0,0,MOV,1,0,4224696,4224648,4224709,0,0,0,0,cpp,6.010548132174436e-07,0.9923565473657668,1,1,1
0x4076b1,JZ,126906,126906,7,2,0x4076ae,TEST,1,NonLeaf,rdi(MOV) rdi(MOV) ,rflags ,TEST,3,MOV,4,CALL_NEAR,5,JZ,2,TEST,3,CALL_NEAR,5,ADD,7,CMP,4,JNZ,2,MOV,8,0,1,1,0,0,JNE,0,0,1,0,0,0,CALL,0,1,4224682,4224696,4224691,0,0,0,1,cpp,6.010548132174436e-07,1.0,1,0,1
0x4076a3,JZ,126906,0,7,2,0x4076a0,TEST,1,NonLeaf,rdi(MOV) rdi(MOV) ,rflags ,TEST,3,MOV,4,CALL_NEAR,5,JZ,2,TEST,3,CALL_NEAR,5,MOV,4,TEST,3,JZ,2,CALL_NEAR,5,0,1,1,0,0,JE,0,0,1,0,0,0,CALL,0,1,4224668,4224682,4224677,0,0,0,1,cpp,6.010548132174436e-07,0.0,0,0,0
0x407695,JZ,126906,0,7,2,0x407692,TEST,1,NonLeaf,rdi(MOV) rdi(MOV) ,rflags ,TEST,3,MOV,4,SUB,3,MOV,3,NOP,4,CALL_NEAR,5,MOV,4,TEST,3,JZ,2,CALL_NEAR,5,1,1,1,0,0,JE,0,0,1,0,0,0,CALL,0,1,4224648,4224668,4224663,0,0,0,1,cpp,6.010548132174436e-07,0.0,0,0,0
0x407666,JZ,970,0,668,6,0x40765f,CMP,1,NonLeaf,rax(MOV) rbp(MOV) ,rflags ,MOV,4,CMP,3,MOV,8,MOV,8,CALL_NEAR,5,LEA,7,LEA,7,LEA,7,MOV,3,NOP,4,0,1,0,0,0,JMP,0,0,1,0,0,0,NOP,0,0,4224591,4225282,4224620,0,0,0,0,cpp,4.5941339954054205e-09,0.0,0,0,0
0x40763d,JNZ,970,970,946,6,0x407636,CMP,1,NonLeaf,rdi(LEA) ,rflags ,CMP,7,LEA,4,MOV,8,CALL_NEAR,5,XOR,2,MOV,5,XOR,2,CALL_NEAR,5,MOV,8,MOV,8,0,1,0,0,0,JE,0,0,1,1,0,0,CALL,0,1,4224554,4225519,4224579,0,0,0,1,cpp,4.5941339954054205e-09,1.0,1,0,1
0x40758d,JLE,970,0,870,6,0x40758b,TEST,1,NonLeaf,eax(-1) eax(-1) ,rflags ,TEST,2,CALL_NEAR,5,MOVSD_XMM,5,CVTPS2PD,3,UNPCKLPS,3,MOV,2,MOV,3,CALL_NEAR,5,CVTSI2SS,4,DIVSS,8,0,1,0,0,0,JMP,0,0,1,0,0,0,CALL,0,1,4224395,4225267,4224403,0,0,1,1,cpp,4.5941339954054205e-09,0.0,0,0,0
0x407535,JNZ,5814,4848,-4413,6,0x407530,SUB,1,NonLeaf,rsp(-1) ,rflags ,SUB,5,JZ,2,CMP,6,JNZ,6,CMP,7,MOV,5,MOV,3,CALL_NEAR,5,MOV,5,MOV,3,0,0,0,1,1,CALL,0,1,0,0,0,0,CALL,1,1,4224304,4219896,4224315,1,1,1,1,cpp,2.75363866487496e-08,0.8338493292053664,1,1,1
0x40752e,JZ,5818,4,13,2,0x407528,CMP,1,NonLeaf,rsp(-1) ,rflags ,CMP,6,JNZ,6,CMP,7,LEA,4,MOV,5,SUB,5,JNZ,6,MOV,5,MOV,3,CALL_NEAR,5,0,0,0,0,0,CALL,1,1,1,0,0,0,JNE,0,0,4224296,4224315,4224304,1,0,1,1,cpp,2.755533153120488e-08,0.0006875214850464,0,0,0
0x407522,JNZ,5818,5818,1490,6,0x40751b,CMP,1,NonLeaf,rdi(LEA) ,rflags ,CMP,7,LEA,4,MOV,5,CALL_NEAR,5,JZ,2,CMP,6,JZ,2,SUB,5,JNZ,6,MOV,5,0,1,0,0,0,JE,0,0,1,1,0,0,JE,0,0,4224274,4225780,4224296,0,0,0,0,cpp,2.755533153120488e-08,1.0,1,0,1
0x40750b,JZ,5818,5818,7,2,0x407508,TEST,1,NonLeaf,rdi(MOV) rdi(MOV) ,rflags ,TEST,3,MOV,8,CALL_NEAR,5,JZ,2,TEST,3,CALL_NEAR,5,MOV,5,LEA,4,CMP,7,JNZ,6,0,1,1,0,0,JNE,0,0,1,0,0,0,CALL,0,1,4224256,4224274,4224269,0,0,0,1,cpp,2.755533153120488e-08,1.0,1,0,1
0x4074f9,JZ,5818,0,7,2,0x4074f6,TEST,1,NonLeaf,rdi(MOV) rdi(MOV) ,rflags ,TEST,3,MOV,8,CALL_NEAR,5,JZ,2,TEST,3,CALL_NEAR,5,MOV,8,TEST,3,JZ,2,CALL_NEAR,5,0,1,1,0,0,JE,0,0,1,0,0,0,CALL,0,1,4224238,4224256,4224251,0,0,0,1,cpp,2.755533153120488e-08,0.0,0,0,0
0x4074e7,JZ,5818,0,7,2,0x4074e4,TEST,1,NonLeaf,rdi(MOV) rdi(MOV) ,rflags ,TEST,3,MOV,8,CALL_NEAR,5,JZ,2,TEST,3,CALL_NEAR,5,MOV,8,TEST,3,JZ,2,CALL_NEAR,5,0,1,1,0,0,JE,0,0,1,0,0,0,CALL,0,1,4224220,4224238,4224233,0,0,0,1,cpp,2.755533153120488e-08,0.0,0,0,0
0x4074d5,JZ,5818,0,7,2,0x4074d2,TEST,1,NonLeaf,rdi(MOV) rdi(MOV) ,rflags ,TEST,3,MOV,8,MOV,5,JNZ,2,CMP,4,CALL_NEAR,5,MOV,8,TEST,3,JZ,2,CALL_NEAR,5,0,1,1,0,0,JE,0,0,1,0,0,0,CALL,0,1,4224210,4224220,4224215,0,0,0,1,cpp,2.755533153120488e-08,0.0,0,0,0
0x4074c3,JNZ,742442,736624,-59,2,0x4074bf,CMP,1,NonLeaf,rsp(-1) rbx(ADD) ,rflags ,CMP,4,ADD,7,CALL_NEAR,5,JZ,2,TEST,3,MOV,5,MOV,8,TEST,3,JZ,2,CALL_NEAR,5,0,0,0,1,1,JE,0,0,1,1,0,0,MOV,1,0,4224184,4224136,4224197,0,0,0,0,cpp,3.516369104965764e-06,0.9921636976356404,1,1,1
0x4074b1,JZ,742442,742442,7,2,0x4074ae,TEST,1,NonLeaf,rdi(MOV) rdi(MOV) ,rflags ,TEST,3,MOV,4,CALL_NEAR,5,JZ,2,TEST,3,CALL_NEAR,5,ADD,7,CMP,4,JNZ,2,MOV,5,0,1,1,0,0,JNE,0,0,1,0,0,0,CALL,0,1,4224170,4224184,4224179,0,0,0,1,cpp,3.516369104965764e-06,1.0,1,0,1
0x4074a3,JZ,742442,0,7,2,0x4074a0,TEST,1,NonLeaf,rdi(MOV) rdi(MOV) ,rflags ,TEST,3,MOV,4,CALL_NEAR,5,JZ,2,TEST,3,CALL_NEAR,5,MOV,4,TEST,3,JZ,2,CALL_NEAR,5,0,1,1,0,0,JE,0,0,1,0,0,0,CALL,0,1,4224156,4224170,4224165,0,0,0,1,cpp,3.516369104965764e-06,0.0,0,0,0
0x407495,JZ,742442,0,7,2,0x407492,TEST,1,NonLeaf,rdi(MOV) rdi(MOV) ,rflags ,TEST,3,MOV,4,SUB,3,MOV,3,NOP,5,CALL_NEAR,5,MOV,4,TEST,3,JZ,2,CALL_NEAR,5,1,1,1,0,0,JE,0,0,1,0,0,0,CALL,0,1,4224136,4224156,4224151,0,0,0,1,cpp,3.516369104965764e-06,0.0,0,0,0
0x40745d,JZ,5818,0,1166,6,0x407456,CMP,1,NonLeaf,rax(MOV) rbp(MOV) ,rflags ,MOV,4,CMP,3,MOV,8,MOV,8,MOV,5,LEA,7,LEA,7,LEA,7,MOV,5,MOV,3,0,1,0,0,0,JMP,0,0,1,0,0,0,NOP,0,0,4224065,4225259,4224099,0,0,0,1,cpp,2.755533153120488e-08,0.0,0,0,0
0x407425,JNZ,5818,3090,1664,6,0x40741e,CMP,1,NonLeaf,rdi(LEA) ,rflags ,CMP,7,LEA,4,MOV,8,CALL_NEAR,5,XOR,2,MOV,5,XOR,2,CALL_NEAR,5,MOV,5,CALL_NEAR,5,0,1,0,0,0,JE,0,0,1,1,0,0,CALL,0,1,4224018,4225701,4224043,0,0,0,1,cpp,2.755533153120488e-08,0.5311103471983499,1,0,1
0x407135,JNBE,728332,0,2020,6,0x407132,CMP,1,NonLeaf,rcx(-1) rax(MOV) ,rflags ,CMP,3,MOV,10,NOP,5,JMP,5,MOV,3,LEA,8,MOV,3,CALL_NEAR,5,MOV,3,JMP,5,0,1,0,0,0,CALL,1,1,1,0,0,0,CALL,0,1,4223272,4225305,4223291,0,0,1,1,cpp,3.449541032104763e-06,0.0,0,0,0
0x407105,JNBE,728332,0,2155,6,0x407102,CMP,1,NonLeaf,rcx(-1) rax(MOV) ,rflags ,CMP,3,MOV,10,NOP,3,JMP,5,MOV,3,LEA,8,MOV,3,CALL_NEAR,5,MOV,3,JMP,5,0,1,0,0,0,CALL,1,1,1,0,0,0,CALL,0,1,4223224,4225392,4223243,0,0,1,1,cpp,3.449541032104763e-06,0.0,0,0,0
0x4070c4,JZ,728332,728332,-1628,6,0x4070af,TEST,1,NonLeaf,rcx(SAR) rcx(SAR) ,rflags ,MOV,9,MOV,9,TEST,3,SAR,4,SUB,3,MOV,10,CMP,3,JNBE,6,LEA,8,MOV,3,0,1,0,0,0,JE,0,0,1,0,0,0,JA,0,0,4222987,4221544,4223178,0,0,1,0,cpp,3.449541032104763e-06,1.0,1,0,1
0x407002,JZ,728332,728332,9,2,0x407000,TEST,1,NonLeaf,al(-1) ,rflags ,TEST,2,ADD,4,MOV,4,MOVZX,4,JZ,2,MOVZX,4,MOV,3,MOV,7,MOV,7,MOV,3,0,1,1,0,0,JE,0,0,1,0,0,0,MOV,0,0,4222976,4222987,4222980,0,0,1,1,cpp,3.449541032104763e-06,1.0,1,0,1
0x406ff2,JZ,728332,0,14,2,0x406ff0,TEST,1,NonLeaf,al(-1) ,rflags ,TEST,2,MOV,5,MOV,2,MOV,2,JZ,2,MOVZX,4,MOV,4,ADD,4,TEST,2,JZ,2,0,1,1,0,0,JE,0,0,1,0,0,0,ADD,0,0,4222960,4222976,4222964,0,0,0,1,cpp,3.449541032104763e-06,0.0,0,0,0
0x406fe5,JZ,728332,0,11,2,0x406fe0,TEST,0,NonLeaf,al(-1) ,rflags ,MOVSQ,3,TEST,2,SHR,3,XOR,2,MOV,2,MOV,2,MOV,2,MOV,5,TEST,2,JZ,2,0,1,1,0,0,JE,0,0,1,0,0,0,MOV,0,0,4222949,4222960,4222951,0,0,0,1,cpp,3.449541032104763e-06,0.0,0,0,0
0x406fd3,JNZ,728332,728332,389,6,0x406fcf,TEST,1,NonLeaf,dil(-1) ,rflags ,TEST,4,JNZ,6,TEST,4,MOV,5,LEA,7,MOV,2,XOR,2,SHR,3,TEST,2,MOVSQ,3,0,1,0,0,0,JMP,0,0,1,1,0,0,TEST,0,0,4222927,4223320,4222937,1,0,1,0,cpp,3.449541032104763e-06,1.0,1,0,1
0x406fc9,JNZ,728332,0,463,6,0x406fc5,TEST,1,NonLeaf,dil(LEA) ,rflags ,TEST,4,MOV,5,LEA,7,LEA,7,MOV,3,TEST,4,JNZ,6,MOV,2,XOR,2,SHR,3,0,1,0,0,0,JMP,0,0,1,1,0,0,JNE,0,0,4222898,4223384,4222927,0,0,1,0,cpp,3.449541032104763e-06,0.0,0,0,0
0x406fa9,JZ,728332,728332,9,2,0x406fa7,TEST,1,NonLeaf,al(-1) ,rflags ,TEST,2,ADD,4,MOV,4,MOVZX,4,JZ,2,MOVZX,4,MOV,3,LEA,7,LEA,7,MOV,5,0,1,1,0,0,JNE,0,0,1,0,0,0,MOV,0,0,4222887,4222898,4222891,0,0,0,1,cpp,3.449541032104763e-06,1.0,1,0,1
0x406f99,JZ,728332,728332,14,2,0x406f97,TEST,1,NonLeaf,al(-1) ,rflags ,TEST,2,MOV,5,MOV,2,MOV,2,JZ,2,MOVZX,4,MOV,4,ADD,4,TEST,2,JZ,2,0,1,1,0,0,JE,0,0,1,0,0,0,ADD,0,0,4222871,4222887,4222875,0,0,0,1,cpp,3.449541032104763e-06,1.0,1,0,1
0x406f8c,JZ,728332,0,11,2,0x406f87,TEST,0,NonLeaf,al(-1) ,rflags ,MOVSQ,3,TEST,2,SHR,3,XOR,2,MOV,2,MOV,2,MOV,2,MOV,5,TEST,2,JZ,2,0,1,1,0,0,JE,0,0,1,0,0,0,MOV,0,0,4222860,4222871,4222862,0,0,0,1,cpp,3.449541032104763e-06,0.0,0,0,0
0x406f7a,JNZ,728332,0,582,6,0x406f76,TEST,1,NonLeaf,dil(-1) ,rflags ,TEST,4,JNZ,6,TEST,4,MOV,5,LEA,7,MOV,2,XOR,2,SHR,3,TEST,2,MOVSQ,3,0,1,0,0,0,JMP,0,0,1,1,0,0,TEST,0,0,4222838,4223424,4222848,1,0,1,0,cpp,3.449541032104763e-06,0.0,0,0,0
0x406f70,JNZ,728332,0,616,6,0x406f6c,TEST,1,NonLeaf,dil(LEA) ,rflags ,TEST,4,MOV,5,LEA,7,LEA,7,MOV,3,TEST,4,JNZ,6,MOV,2,XOR,2,SHR,3,0,1,0,0,0,JMP,0,0,1,1,0,0,JNE,0,0,4222809,4223448,4222838,0,0,1,0,cpp,3.449541032104763e-06,0.0,0,0,0
0x406f50,JZ,728332,728332,9,2,0x406f4e,TEST,1,NonLeaf,al(-1) ,rflags ,TEST,2,ADD,4,MOV,4,MOVZX,4,JZ,2,MOVZX,4,MOV,3,LEA,7,LEA,7,MOV,5,0,1,1,0,0,JNE,0,0,1,0,0,0,MOV,0,0,4222798,4222809,4222802,0,0,0,1,cpp,3.449541032104763e-06,1.0,1,0,1
0x406f40,JZ,728332,728332,14,2,0x406f3e,TEST,1,NonLeaf,al(-1) ,rflags ,TEST,2,MOV,5,MOV,2,MOV,2,JZ,2,MOVZX,4,MOV,4,ADD,4,TEST,2,JZ,2,0,1,1,0,0,JE,0,0,1,0,0,0,ADD,0,0,4222782,4222798,4222786,0,0,0,1,cpp,3.449541032104763e-06,1.0,1,0,1
0x406f33,JZ,728332,728332,11,2,0x406f2e,TEST,0,NonLeaf,al(-1) ,rflags ,MOVSQ,3,TEST,2,SHR,3,XOR,2,MOV,2,MOV,2,MOV,2,MOV,5,TEST,2,JZ,2,0,1,1,0,0,JE,0,0,1,0,0,0,MOV,0,0,4222771,4222782,4222773,0,0,0,1,cpp,3.449541032104763e-06,1.0,1,0,1
0x443fb8,JZ,4337274,4304929,708,6,0x443fb0,TEST,1,Recursive,rax(MOV) rax(MOV) ,rflags ,MOV,5,TEST,3,MOV,3,CALL_NEAR,5,MOV,5,MOV,5,LEA,8,MOV,4,LEA,4,MOV,5,0,1,1,0,0,CALL,0,1,1,0,1,0,CALL,0,1,4472749,4473468,4472766,0,0,1,1,cpp,2.054228652658561e-05,0.9925425509202324,1,0,1
0x406f21,JNZ,728332,728332,735,6,0x406f1d,TEST,1,NonLeaf,dil(-1) ,rflags ,TEST,4,JNZ,6,TEST,4,MOV,5,LEA,7,MOV,2,XOR,2,SHR,3,TEST,2,MOVSQ,3,0,1,0,0,0,JMP,0,0,1,1,0,0,TEST,0,0,4222749,4223488,4222759,1,0,1,0,cpp,3.449541032104763e-06,1.0,1,0,1
0x406f17,JNZ,728332,0,769,6,0x406f13,TEST,1,NonLeaf,dil(LEA) ,rflags ,TEST,4,MOV,5,LEA,7,LEA,7,MOV,3,TEST,4,JNZ,6,MOV,2,XOR,2,SHR,3,0,1,0,0,0,JMP,0,0,1,1,0,0,JNE,0,0,4222720,4223512,4222749,0,0,1,0,cpp,3.449541032104763e-06,0.0,0,0,0
0x406ef7,JZ,728332,728332,9,2,0x406ef5,TEST,1,NonLeaf,al(-1) ,rflags ,TEST,2,ADD,4,MOV,4,MOVZX,4,JZ,2,MOVZX,4,MOV,3,LEA,7,LEA,7,MOV,5,0,1,1,0,0,JNE,0,0,1,0,0,0,MOV,0,0,4222709,4222720,4222713,0,0,0,1,cpp,3.449541032104763e-06,1.0,1,0,1
0x406ee7,JZ,728332,728332,14,2,0x406ee5,TEST,1,NonLeaf,al(-1) ,rflags ,TEST,2,MOV,5,MOV,2,MOV,2,JZ,2,MOVZX,4,MOV,4,ADD,4,TEST,2,JZ,2,0,1,1,0,0,JE,0,0,1,0,0,0,ADD,0,0,4222693,4222709,4222697,0,0,0,1,cpp,3.449541032104763e-06,1.0,1,0,1
0x406eda,JZ,728332,0,11,2,0x406ed5,TEST,0,NonLeaf,al(-1) ,rflags ,MOVSQ,3,TEST,2,SHR,3,XOR,2,MOV,2,MOV,2,MOV,2,MOV,5,TEST,2,JZ,2,0,1,1,0,0,JE,0,0,1,0,0,0,MOV,0,0,4222682,4222693,4222684,0,0,0,1,cpp,3.449541032104763e-06,0.0,0,0,0
0x406ec8,JNZ,728332,0,888,6,0x406ec4,TEST,1,NonLeaf,dil(-1) ,rflags ,TEST,4,JNZ,6,TEST,4,MOV,5,LEA,7,MOV,2,XOR,2,SHR,3,TEST,2,MOVSQ,3,0,1,0,0,0,JMP,0,0,1,1,0,0,TEST,0,0,4222660,4223552,4222670,1,0,1,0,cpp,3.449541032104763e-06,0.0,0,0,0
0x406ebe,JNZ,728332,0,922,6,0x406eba,TEST,1,NonLeaf,dil(LEA) ,rflags ,TEST,4,MOV,5,LEA,7,LEA,7,MOV,3,TEST,4,JNZ,6,MOV,2,XOR,2,SHR,3,0,1,0,0,0,JMP,0,0,1,1,0,0,JNE,0,0,4222631,4223576,4222660,0,0,1,0,cpp,3.449541032104763e-06,0.0,0,0,0
0x406e9e,JZ,728332,728332,9,2,0x406e9c,TEST,1,NonLeaf,al(-1) ,rflags ,TEST,2,ADD,4,MOV,4,MOVZX,4,JZ,2,MOVZX,4,MOV,3,LEA,7,LEA,7,MOV,5,0,1,1,0,0,JNE,0,0,1,0,0,0,MOV,0,0,4222620,4222631,4222624,0,0,0,1,cpp,3.449541032104763e-06,1.0,1,0,1
0x406e8e,JZ,728332,728332,14,2,0x406e8c,TEST,1,NonLeaf,al(-1) ,rflags ,TEST,2,MOV,5,MOV,2,MOV,2,JZ,2,MOVZX,4,MOV,4,ADD,4,TEST,2,JZ,2,0,1,1,0,0,JE,0,0,1,0,0,0,ADD,0,0,4222604,4222620,4222608,0,0,0,1,cpp,3.449541032104763e-06,1.0,1,0,1
0x406e81,JZ,728332,728332,11,2,0x406e7c,TEST,0,NonLeaf,al(-1) ,rflags ,MOVSQ,3,TEST,2,SHR,3,XOR,2,MOV,2,MOV,2,MOV,2,MOV,5,TEST,2,JZ,2,0,1,1,0,0,JE,0,0,1,0,0,0,MOV,0,0,4222593,4222604,4222595,0,0,0,1,cpp,3.449541032104763e-06,1.0,1,0,1
0x406e6f,JNZ,728332,728332,1041,6,0x406e6b,TEST,1,NonLeaf,dil(-1) ,rflags ,TEST,4,JNZ,6,TEST,4,MOV,5,LEA,7,MOV,2,XOR,2,SHR,3,TEST,2,MOVSQ,3,0,1,0,0,0,JMP,0,0,1,1,0,0,TEST,0,0,4222571,4223616,4222581,1,0,1,0,cpp,3.449541032104763e-06,1.0,1,0,1
0x406e65,JNZ,728332,0,1075,6,0x406e61,TEST,1,NonLeaf,dil(LEA) ,rflags ,TEST,4,MOV,5,LEA,7,LEA,7,MOV,2,TEST,4,JNZ,6,MOV,2,XOR,2,SHR,3,0,1,0,0,0,JMP,0,0,1,1,0,0,JNE,0,0,4222542,4223640,4222571,0,0,1,0,cpp,3.449541032104763e-06,0.0,0,0,0
0x406e48,JZ,728332,0,6,2,0x406e43,TEST,0,NonLeaf,al(-1) ,rflags ,MOVSQ,3,TEST,2,SHR,3,MOV,2,JNZ,6,MOV,2,MOV,2,LEA,7,LEA,7,MOV,5,0,1,1,0,0,JNE,0,0,1,0,0,0,MOV,0,0,4222536,4222542,4222538,0,0,0,1,cpp,3.449541032104763e-06,0.0,0,0,0
0x406e38,JNZ,728332,0,1160,6,0x406e11,TEST,1,NonLeaf,dil(LEA) ,rflags ,MOV,5,MOV,6,MOV,6,MOV,6,MOV,6,MOV,2,SHR,3,TEST,2,MOVSQ,3,JZ,2,0,1,0,0,0,JMP,0,0,1,1,0,0,TEST,0,0,4222461,4223680,4222526,0,0,1,0,cpp,3.449541032104763e-06,0.0,0,0,0
0x406df4,JZ,728332,728332,9,2,0x406df2,TEST,1,NonLeaf,al(-1) ,rflags ,TEST,2,ADD,4,MOV,4,MOVZX,4,JZ,2,MOVZX,4,MOV,3,MOV,6,LEA,7,LEA,7,0,1,1,0,0,JNE,0,0,1,0,0,0,MOV,0,0,4222450,4222461,4222454,0,0,1,1,cpp,3.449541032104763e-06,1.0,1,0,1
0x406de4,JZ,728332,728332,14,2,0x406de2,TEST,1,NonLeaf,al(-1) ,rflags ,TEST,2,MOV,5,MOV,2,MOV,2,JZ,2,MOVZX,4,MOV,4,ADD,4,TEST,2,JZ,2,0,1,1,0,0,JE,0,0,1,0,0,0,ADD,0,0,4222434,4222450,4222438,0,0,0,1,cpp,3.449541032104763e-06,1.0,1,0,1
0x406dd7,JZ,728332,0,11,2,0x406dd2,TEST,0,NonLeaf,al(-1) ,rflags ,MOVSQ,3,TEST,2,SHR,3,XOR,2,MOV,2,MOV,2,MOV,2,MOV,5,TEST,2,JZ,2,0,1,1,0,0,JE,0,0,1,0,0,0,MOV,0,0,4222423,4222434,4222425,0,0,0,1,cpp,3.449541032104763e-06,0.0,0,0,0
0x406dc5,JNZ,728332,728332,1315,6,0x406dc1,TEST,1,NonLeaf,dil(-1) ,rflags ,TEST,4,JNZ,6,TEST,4,MOV,5,LEA,7,MOV,2,XOR,2,SHR,3,TEST,2,MOVSQ,3,0,1,0,0,0,JMP,0,0,1,1,0,0,TEST,0,0,4222401,4223720,4222411,1,0,1,0,cpp,3.449541032104763e-06,1.0,1,0,1
0x406dbb,JNZ,728332,728332,1349,6,0x406db7,TEST,1,NonLeaf,dil(LEA) ,rflags ,TEST,4,MOV,5,LEA,7,LEA,7,MOV,3,TEST,4,JNZ,6,MOV,2,XOR,2,SHR,3,0,1,0,0,0,JMP,0,0,1,1,0,0,JNE,0,0,4222372,4223744,4222401,0,0,1,0,cpp,3.449541032104763e-06,1.0,1,0,1
0x406d9b,JZ,728332,728332,9,2,0x406d99,TEST,1,NonLeaf,al(-1) ,rflags ,TEST,2,ADD,4,MOV,4,MOVZX,4,JZ,2,MOVZX,4,MOV,3,LEA,7,LEA,7,MOV,5,0,1,1,0,0,JNE,0,0,1,0,0,0,MOV,0,0,4222361,4222372,4222365,0,0,0,1,cpp,3.449541032104763e-06,1.0,1,0,1
0x406d8b,JZ,728332,0,14,2,0x406d89,TEST,1,NonLeaf,al(-1) ,rflags ,TEST,2,MOV,5,MOV,2,MOV,2,JZ,2,MOVZX,4,MOV,4,ADD,4,TEST,2,JZ,2,0,1,1,0,0,JE,0,0,1,0,0,0,ADD,0,0,4222345,4222361,4222349,0,0,0,1,cpp,3.449541032104763e-06,0.0,0,0,0
0x406d7e,JZ,728332,728332,11,2,0x406d79,TEST,0,NonLeaf,al(-1) ,rflags ,MOVSQ,3,TEST,2,SHR,3,XOR,2,MOV,2,MOV,2,MOV,2,MOV,5,TEST,2,JZ,2,0,1,1,0,0,JE,0,0,1,0,0,0,MOV,0,0,4222334,4222345,4222336,0,0,0,1,cpp,3.449541032104763e-06,1.0,1,0,1
0x406d6c,JNZ,728332,0,1476,6,0x406d68,TEST,1,NonLeaf,dil(-1) ,rflags ,TEST,4,JNZ,6,MOV,5,MOV,3,MOV,3,MOV,2,XOR,2,SHR,3,TEST,2,MOVSQ,3,0,1,0,0,0,JMP,0,0,1,1,0,0,TEST,0,0,4222312,4223792,4222322,1,0,1,0,cpp,3.449541032104763e-06,0.0,0,0,0
0x406d62,JNZ,728332,0,1510,6,0x406d53,TEST,1,NonLeaf,bpl(-1) ,rflags ,MOV,5,MOV,3,MOV,3,TEST,4,JZ,2,TEST,4,JNZ,6,MOV,2,XOR,2,SHR,3,0,1,0,0,0,JMP,0,0,1,1,0,0,JNE,0,0,4222291,4223816,4222312,0,0,1,0,cpp,3.449541032104763e-06,0.0,0,0,0
0x406d51,JZ,728332,0,-28,2,0x406d4e,TEST,1,NonLeaf,rbp(-1) rbp(-1) ,rflags ,TEST,3,JZ,6,CMP,5,ADD,7,ADD,7,TEST,4,MOV,3,MOV,3,MOV,5,JNZ,6,1,1,0,0,0,JE,0,0,1,0,0,0,JNE,0,0,4222286,4222261,4222291,1,0,0,0,cpp,3.449541032104763e-06,0.0,0,0,0
0x406d48,JZ,728332,5818,1568,6,0x406d43,CMP,1,NonLeaf,rsp(-1) rbx(ADD) ,rflags ,CMP,5,ADD,7,ADD,7,MOV,5,ADD,3,TEST,3,JZ,2,TEST,4,MOV,3,MOV,3,0,0,0,0,0,CALL,1,1,0,0,1,1,JE,0,0,4222261,4223848,4222286,1,0,1,0,cpp,3.449541032104763e-06,0.0079881153100509,0,0,0
0x406d15,JZ,728332,0,24,2,0x406d12,TEST,1,NonLeaf,rcx(SAR) rcx(SAR) ,rflags ,TEST,3,SAR,4,SUB,3,MOV,7,XOR,3,LEA,8,MOV,3,MOV,3,CALL_NEAR,5,MOV,3,0,1,1,0,0,MOV,0,0,1,0,0,0,CALL,0,1,4222185,4222253,4222231,0,0,1,1,cpp,3.449541032104763e-06,0.0,0,0,0
0x406ce3,JNZ,728332,728332,1093,6,0x406ce0,TEST,1,NonLeaf,rcx(SAR) rcx(SAR) ,rflags ,TEST,3,SAR,4,MOV,9,MOV,9,MOV,12,ADD,3,MOV,4,MOV,5,MOV,5,MOV,7,0,1,0,0,0,JA,0,0,1,0,0,0,JE,0,0,4222103,4223272,4222185,0,0,0,1,cpp,3.449541032104763e-06,1.0,1,0,1
0x406c7f,JZ,728332,0,24,2,0x406c7c,TEST,1,NonLeaf,rcx(SAR) rcx(SAR) ,rflags ,TEST,3,SAR,4,SUB,3,MOV,7,XOR,3,LEA,8,MOV,3,MOV,3,CALL_NEAR,5,MOV,3,0,1,1,0,0,JNE,0,0,1,0,0,0,CALL,0,1,4222035,4222103,4222081,0,0,1,1,cpp,3.449541032104763e-06,0.0,0,0,0
0x406c4d,JNZ,728332,728332,1195,6,0x406c38,TEST,1,NonLeaf,rcx(SAR) rcx(SAR) ,rflags ,MOV,9,MOV,9,TEST,3,MOV,12,SAR,4,ADD,3,MOV,4,MOV,5,MOV,5,MOV,7,0,1,0,0,0,JA,0,0,1,0,0,0,JE,0,0,4221961,4223224,4222035,0,0,0,1,cpp,3.449541032104763e-06,1.0,1,0,1
0x406c03,JZ,728332,0,6,2,0x406bfe,TEST,0,NonLeaf,al(-1) ,rflags ,MOVSQ,3,TEST,2,SHR,3,MOV,2,JNZ,6,MOV,2,MOV,2,MOV,7,SUB,7,XOR,3,0,1,1,0,0,JNE,0,0,1,0,0,0,MOV,0,0,4221955,4221961,4221957,0,0,1,1,cpp,3.449541032104763e-06,0.0,0,0,0
0x406bf3,JNZ,728332,728332,1405,6,0x406ac8,TEST,1,NonLeaf,dil(LEA) ,rflags ,MOV,5,MOV,7,MOV,7,MOV,7,MOV,7,MOV,2,SHR,3,TEST,2,MOVSQ,3,JZ,2,0,1,0,0,0,JMP,0,0,1,1,0,0,TEST,0,0,4221612,4223344,4221945,0,0,1,0,cpp,3.449541032104763e-06,1.0,1,0,1
0x406a94,JZ,728332,728332,24,2,0x406a91,TEST,1,NonLeaf,rcx(SAR) rcx(SAR) ,rflags ,TEST,3,SAR,4,SUB,3,MOV,7,XOR,3,LEA,8,MOV,3,MOV,3,CALL_NEAR,5,MOV,3,0,1,1,0,0,JNE,0,0,1,0,0,0,CALL,0,1,4221544,4221612,4221590,0,0,1,1,cpp,3.449541032104763e-06,1.0,1,0,1
0x406a59,JNZ,5818,5818,757,6,0x406a39,CMP,1,NonLeaf,rsp(-1) rbx(-1) ,rflags ,MOV,3,MOV,8,MOV,8,MOV,8,CMP,5,JMP,5,NOP,4,ADD,3,MOV,4,MOV,5,0,1,0,1,0,JE,0,0,1,0,0,0,JMP,0,0,4221490,4222286,4221535,0,0,0,0,cpp,2.755533153120488e-08,1.0,1,0,1
0x406a1d,JNZ,5818,5818,3387,6,0x406a1a,TEST,1,NonLeaf,rdx(IMUL) rdx(IMUL) ,rflags ,TEST,3,IMUL,4,SAR,4,SUB,3,MOV,3,MOV,5,XOR,2,MOV,8,MOV,4,ADD,3,0,1,0,0,0,JA,0,0,1,0,0,0,MOV,0,0,4221381,4224856,4221475,0,0,0,1,cpp,2.755533153120488e-08,1.0,1,0,1
0x4069b5,JZ,5818,0,16,2,0x40699a,TEST,1,NonLeaf,rdi(XOR) rdi(XOR) ,rflags ,MOV,8,MOV,8,MOV,8,TEST,3,ADD,3,MOV,3,MOV,3,CALL_NEAR,5,MOV,3,MOV,7,0,1,1,0,0,JNE,0,0,1,0,0,0,CALL,0,1,4221335,4221381,4221367,0,0,1,1,cpp,2.755533153120488e-08,0.0,0,0,0
0x406989,JNZ,5818,5818,3599,6,0x406986,TEST,1,NonLeaf,rbx(SAR) rbx(SAR) ,rflags ,TEST,3,SAR,4,SUB,3,MOV,12,MOV,12,XOR,2,XOR,2,XOR,2,XOR,2,ADD,3,0,1,0,0,0,JA,0,0,1,0,0,0,XOR,0,0,4221250,4224920,4221327,0,0,0,0,cpp,2.755533153120488e-08,1.0,1,0,1
0x406932,JZ,5818,0,16,2,0x406917,TEST,1,NonLeaf,rdi(-1) rdi(-1) ,rflags ,MOV,8,MOV,8,MOV,8,TEST,3,ADD,3,MOV,3,MOV,3,CALL_NEAR,5,MOV,3,MOV,7,0,1,1,0,0,JNE,0,0,1,0,0,0,CALL,0,1,4221204,4221250,4221236,0,0,1,1,cpp,2.755533153120488e-08,0.0,0,0,0
0x406906,JNZ,5818,5818,3802,6,0x406903,TEST,1,NonLeaf,rbx(SAR) rbx(SAR) ,rflags ,TEST,3,SAR,4,SUB,3,MOV,12,MOV,12,XOR,2,XOR,2,XOR,2,XOR,2,ADD,3,0,1,0,0,0,JA,0,0,1,0,0,0,XOR,0,0,4221130,4224992,4221196,0,0,0,0,cpp,2.755533153120488e-08,1.0,1,0,1
0x4068c4,JZ,5818,0,6,2,0x4068bf,TEST,0,NonLeaf,al(-1) ,rflags ,MOVSQ,3,TEST,2,SHR,3,MOV,2,MOV,5,MOV,2,MOV,2,MOV,7,MOV,7,MOV,12,0,1,1,0,0,JNE,0,0,1,0,0,0,MOV,0,0,4221124,4221130,4221126,0,0,1,1,cpp,2.755533153120488e-08,0.0,0,0,0
0x406737,JZ,5818,5818,16,2,0x40671c,TEST,1,NonLeaf,rdi(XOR) rdi(XOR) ,rflags ,MOV,8,MOV,8,MOV,8,TEST,3,ADD,3,MOV,3,MOV,3,CALL_NEAR,5,MOV,3,MOV,7,0,1,1,0,0,TEST,0,0,1,0,0,0,CALL,0,1,4220697,4220743,4220729,0,0,1,1,cpp,2.755533153120488e-08,1.0,1,0,1
0x40670b,JNZ,5818,0,4381,6,0x4066c4,TEST,1,NonLeaf,rbx(SAR) rbx(SAR) ,rflags ,MOV,8,MOV,7,MOV,8,MOV,7,MOV,8,XOR,2,XOR,2,XOR,2,XOR,2,ADD,3,0,1,0,0,0,JA,0,0,1,0,0,0,XOR,0,0,4220503,4225064,4220689,0,0,0,0,cpp,2.755533153120488e-08,0.0,0,0,0
0x40664d,JZ,5818,0,10,2,0x40664b,TEST,1,NonLeaf,al(-1) ,rflags ,TEST,2,MOV,5,MOV,2,MOV,2,JZ,2,MOVZX,4,MOV,4,MOV,7,MOV,7,MOV,7,0,1,1,0,0,JNE,0,0,1,0,0,0,MOV,0,0,4220491,4220503,4220495,0,0,1,1,cpp,2.755533153120488e-08,0.0,0,0,0
0x406640,JZ,5818,0,11,2,0x40663b,TEST,0,NonLeaf,al(-1) ,rflags ,MOVSQ,3,TEST,2,SHR,3,MOV,2,MOV,5,MOV,2,MOV,2,MOV,5,TEST,2,JZ,2,0,1,1,0,0,JE,0,0,1,0,0,0,MOV,0,0,4220480,4220491,4220482,0,0,0,1,cpp,2.755533153120488e-08,0.0,0,0,0
0x4065f1,JZ,5818,5818,6,2,0x4065ec,TEST,0,NonLeaf,al(-1) ,rflags ,MOVSQ,3,TEST,2,SHR,3,MOV,2,MOV,5,MOV,2,MOV,2,LEA,8,LEA,7,MOV,5,0,1,1,0,0,MOV,0,0,1,0,0,0,MOV,0,0,4220401,4220407,4220403,0,0,0,1,cpp,2.755533153120488e-08,1.0,1,0,1
0x4065a4,JZ,5818,5818,6,2,0x40659f,TEST,0,NonLeaf,al(-1) ,rflags ,MOVSQ,3,TEST,2,SHR,3,MOV,2,JNZ,6,MOV,2,MOV,2,LEA,8,LEA,7,MOV,5,0,1,1,0,0,MOV,0,0,1,0,0,0,MOV,0,0,4220324,4220330,4220326,0,0,0,1,cpp,2.755533153120488e-08,1.0,1,0,1
0x406594,JNZ,5818,5818,4895,6,0x406550,CMP,0,NonLeaf,rsp(-1) ,rflags ,MOV,5,LEA,8,MOV,2,LEA,7,MOV,2,MOV,2,SHR,3,TEST,2,MOVSQ,3,JZ,2,0,1,0,0,0,JMP,0,0,1,1,0,0,TEST,0,0,4220284,4225203,4220314,0,0,1,0,cpp,2.755533153120488e-08,1.0,1,0,1
0x40652c,JZ,5818,5818,9,2,0x40652a,TEST,1,NonLeaf,al(-1) ,rflags ,TEST,2,ADD,4,MOV,4,MOVZX,4,JZ,2,MOVZX,4,MOV,3,MOV,7,LEA,8,LEA,7,0,1,1,0,0,MOV,0,0,1,0,0,0,MOV,0,0,4220202,4220213,4220206,0,0,1,1,cpp,2.755533153120488e-08,1.0,1,0,1
0x40651c,JZ,5818,5818,14,2,0x40651a,TEST,1,NonLeaf,al(-1) ,rflags ,TEST,2,MOV,5,MOV,2,MOV,2,JZ,2,MOVZX,4,MOV,4,ADD,4,TEST,2,JZ,2,0,1,1,0,0,JE,0,0,1,0,0,0,ADD,0,0,4220186,4220202,4220190,0,0,0,1,cpp,2.755533153120488e-08,1.0,1,0,1
0x40650f,JZ,5818,0,11,2,0x40650a,TEST,0,NonLeaf,al(-1) ,rflags ,MOVSQ,3,TEST,2,SHR,3,XOR,2,MOV,2,MOV,2,MOV,2,MOV,5,TEST,2,JZ,2,0,1,1,0,0,JE,0,0,1,0,0,0,MOV,0,0,4220175,4220186,4220177,0,0,0,1,cpp,2.755533153120488e-08,0.0,0,0,0
0x4064fd,JNZ,5818,5818,5081,6,0x4064f9,TEST,1,NonLeaf,dil(-1) ,rflags ,TEST,4,JNZ,6,MOV,5,LEA,8,MOV,3,MOV,2,XOR,2,SHR,3,TEST,2,MOVSQ,3,0,1,0,0,0,JMP,0,0,1,1,0,0,TEST,0,0,4220153,4225238,4220163,1,0,1,0,cpp,2.755533153120488e-08,1.0,1,0,1
0x4064f3,JNZ,5818,5818,5019,6,0x4064cb,CMP,0,NonLeaf,rsp(-1) ,rflags ,MOV,5,LEA,8,MOV,3,LEA,7,MOVZX,3,TEST,4,JNZ,6,MOV,2,XOR,2,SHR,3,0,1,0,0,0,JMP,0,0,1,1,0,0,JNE,0,0,4220121,4225166,4220153,0,0,1,0,cpp,2.755533153120488e-08,1.0,1,0,1
0x406461,JLE,5818,0,5135,6,0x40645f,TEST,1,NonLeaf,eax(-1) eax(-1) ,rflags ,TEST,2,CALL_NEAR,5,MOV,3,MOV,5,MOVSD_XMM,5,MOV,4,MOV,3,CALL_NEAR,5,CVTSI2SS,4,DIVSS,8,0,1,0,0,0,JMP,0,0,1,0,0,0,CALL,0,1,4219999,4225136,4220007,0,0,1,1,cpp,2.755533153120488e-08,0.0,0,0,0
0x40642d,JLE,5818,0,5203,6,0x40642b,TEST,1,NonLeaf,eax(-1) eax(-1) ,rflags ,TEST,2,CALL_NEAR,5,MOV,2,MOV,3,CALL_NEAR,5,MOV,3,CALL_NEAR,5,CVTSI2SS,4,DIVSS,8,UNPCKLPS,3,0,1,0,0,0,JMP,0,0,1,0,0,0,CALL,0,1,4219947,4225152,4219955,0,0,1,1,cpp,2.755533153120488e-08,0.0,0,0,0
0x4063b1,JZ,970,0,5465,6,0x4063ae,TEST,1,NonLeaf,rbx(-1) rbx(-1) ,rflags ,TEST,3,CALL_NEAR,5,MOV,3,CALL_NEAR,5,MOV,3,MOV,5,MOV,8,MOV,5,LEA,5,MOV,5,0,1,0,0,0,JMP,1,0,1,0,0,0,NOP,0,0,4219822,4225290,4219831,0,0,1,1,cpp,4.5941339954054205e-09,0.0,0,0,0
0x40638b,JNZ,970,0,-66,2,0x406389,TEST,1,NonLeaf,al(-1) al(-1) ,rflags ,TEST,2,CALL_NEAR,5,MOV,5,MOV,3,CALL_NEAR,5,MOV,5,MOV,4,MOV,3,CALL_NEAR,5,MOV,3,0,0,0,0,0,RET,1,0,1,0,0,0,CALL,0,1,4219785,4219721,4219789,0,0,0,1,cpp,4.5941339954054205e-09,0.0,0,0,0
0x406347,JNZ,970,970,25,2,0x406345,TEST,1,NonLeaf,al(-1) al(-1) ,rflags ,TEST,2,CALL_NEAR,5,MOV,4,MOV,3,CALL_NEAR,5,ADD,7,POP,1,POP,1,POP,2,POP,2,0,1,0,0,0,CALL,0,1,1,0,0,0,RET,1,0,4219717,4219744,4219721,0,0,1,0,cpp,4.5941339954054205e-09,1.0,1,0,1
0x405a67,JNLE,25077,0,-148,6,0x405a65,TEST,1,Recursive,eax(-1) eax(-1) ,rflags ,TEST,2,XADD_LOCK,4,OR,3,JZ,2,TEST,3,LEA,5,CALL_NEAR,5,JMP,5,MOV,3,LEA,3,0,0,1,0,0,JNE,0,0,1,0,0,0,CALL,0,1,4217445,4217299,4217453,0,0,0,1,cpp,1.1877020433276467e-07,0.0,0,0,0
0x405a5c,JZ,25077,25077,45,2,0x405a59,TEST,1,Recursive,rcx(MOV) rcx(MOV) ,rflags ,TEST,3,LEA,4,MOV,5,JMP,2,CALL_NEAR,5,OR,3,XADD_LOCK,4,TEST,2,JNLE,6,LEA,5,0,1,0,0,0,JMP,0,0,1,0,0,0,LOCK XADD,0,0,4217424,4217481,4217438,0,0,1,0,cpp,1.1877020433276467e-07,1.0,1,0,1
0x405a42,JNLE,33624,33624,-93,2,0x405a40,TEST,1,Recursive,eax(-1) eax(-1) ,rflags ,TEST,2,XADD_LOCK,4,OR,3,JZ,6,TEST,3,LEA,5,CALL_NEAR,5,JMP,2,MOV,5,LEA,4,0,0,1,0,0,JE,0,0,1,0,0,0,CALL,0,1,4217408,4217317,4217412,0,0,0,1,cpp,1.5925068191908438e-07,1.0,1,0,1
0x405a33,JZ,33624,33624,186,6,0x405a30,TEST,1,Recursive,rcx(MOV) rcx(MOV) ,rflags ,TEST,3,LEA,4,MOV,5,JMP,5,CALL_NEAR,5,OR,3,XADD_LOCK,4,TEST,2,JNLE,2,LEA,5,0,1,0,0,0,JMP,0,0,1,0,0,0,LOCK XADD,0,0,4217383,4217581,4217401,0,0,1,0,cpp,1.5925068191908438e-07,1.0,1,0,1
0x405a12,JNLE,33624,0,-263,6,0x405a10,TEST,1,Recursive,eax(-1) eax(-1) ,rflags ,TEST,2,XADD_LOCK,4,OR,3,JZ,2,TEST,3,LEA,5,CALL_NEAR,5,JMP,5,MOV,5,LEA,4,0,0,1,0,0,RET,0,0,1,0,0,0,CALL,0,1,4217360,4217099,4217368,0,0,0,1,cpp,1.5925068191908438e-07,0.0,0,0,0
0x405a07,JZ,33624,33624,117,2,0x405a04,TEST,1,Recursive,rcx(MOV) rcx(MOV) ,rflags ,TEST,3,LEA,4,MOV,5,JZ,6,CMP,7,OR,3,XADD_LOCK,4,TEST,2,JNLE,6,LEA,5,0,1,0,0,0,JMP,0,0,1,0,0,0,LOCK XADD,0,0,4217339,4217468,4217353,0,0,1,0,cpp,1.5925068191908438e-07,1.0,1,0,1
0x4059f5,JZ,33624,0,-234,6,0x4059ee,CMP,1,Recursive,rdi(LEA) ,rflags ,CMP,7,LEA,4,MOV,5,JNZ,2,CMP,7,MOV,5,LEA,4,TEST,3,JZ,2,OR,3,0,0,1,0,0,RET,0,0,1,0,0,0,JE,0,0,4217317,4217099,4217339,0,0,0,0,cpp,1.5925068191908438e-07,0.0,0,0,0
0x4059e3,JNZ,33624,33624,68,2,0x4059dc,CMP,1,Recursive,rdi(LEA) ,rflags ,CMP,7,LEA,4,MOV,5,JNZ,2,CMP,7,MOV,5,LEA,4,CMP,7,JZ,6,MOV,5,0,1,0,0,0,JE,0,0,1,1,0,0,JE,0,0,4217299,4217383,4217317,0,0,0,0,cpp,1.5925068191908438e-07,1.0,1,1,1
0x4059d1,JNZ,33624,25077,127,2,0x4059ca,CMP,1,Recursive,rdi(LEA) ,rflags ,CMP,7,LEA,4,MOV,5,CALL_NEAR,5,MOV,3,MOV,5,LEA,4,CMP,7,JNZ,2,MOV,5,0,1,0,0,0,JE,0,0,1,1,0,0,JNE,0,0,4217281,4217424,4217299,0,0,0,0,cpp,1.5925068191908438e-07,0.7458065667380442,1,0,1
0x405948,JLE,45223,11599,-68,2,0x405945,CMP,1,Recursive,eax(-1) ,rflags ,CMP,3,CALL_NEAR,5,MOV,3,MOV,3,CALL_NEAR,5,MOV,3,CALL_NEAR,5,LEA,5,MOV,3,MOV,2,0,0,0,0,0,MOV,0,0,1,0,0,0,CALL,0,1,4217157,4217092,4217162,0,0,1,1,cpp,2.1418610481878283e-07,0.2564845322070628,0,0,0
0x405902,JNZ,45626,45223,30,2,0x405900,TEST,1,Recursive,al(-1) al(-1) ,rflags ,TEST,2,CALL_NEAR,5,SUB,4,MOV,3,MOV,3,MOV,7,ADD,4,MOV,3,POP,1,POP,1,0,1,0,0,0,CALL,0,1,1,0,0,0,MOV,0,0,4217088,4217120,4217092,0,0,1,1,cpp,2.1609480172615226e-07,0.991167316880726,1,0,1
0x4058ab,JZ,6,0,29,2,0x4058a5,TEST,1,NonLeaf,rax(-1) rax(-1) ,rflags ,MOV,3,TEST,3,CALL_NEAR,5,MOV,3,CALL_NEAR,5,MOV,5,JMP,5,MOV,5,XOR,2,CALL_NEAR,5,0,1,0,0,0,CALL,0,1,1,0,0,0,JMP,0,0,4216997,4217032,4217005,0,0,1,0,cpp,2.8417323682920123e-11,0.0,0,0,0
0x40588b,JNZ,2,1,-451,6,0x405888,TEST,1,NonLeaf,r13d(-1) r13d(-1) ,rflags ,TEST,3,NOP,5,JMP,5,CALL_NEAR,5,MOVAPD,4,XOR,2,MOV,5,CALL_NEAR,5,MOV,3,CALL_NEAR,5,0,0,0,0,0,CALL,0,1,0,0,0,0,CALL,0,1,4216968,4216520,4216977,0,0,1,1,cpp,9.47244122764004e-12,0.5,0,0,0
0x405800,JLE,1,1,-354,6,0x4057f7,CMP,1,NonLeaf,eax(-1) ,rflags ,MOVSS,6,CMP,3,CALL_NEAR,5,MOV,3,CALL_NEAR,5,MOV,3,CALL_NEAR,5,MOV,3,MOV,3,CALL_NEAR,5,0,0,0,0,0,JNE,0,0,1,0,0,0,CALL,0,1,4216823,4216478,4216838,0,0,0,1,cpp,4.736220613820021e-12,1.0,1,0,1
0x4057e1,JZ,1,0,-323,6,0x4057d8,TEST,1,NonLeaf,rax(-1) rax(-1) ,rflags ,MOVSS,6,TEST,3,CALL_NEAR,5,MOV,3,NOP,7,MOV,3,CALL_NEAR,5,MOV,3,CALL_NEAR,5,CMP,3,0,0,0,0,0,JNE,0,0,1,0,0,0,CALL,0,1,4216792,4216478,4216807,0,0,0,1,cpp,4.736220613820021e-12,0.0,0,0,0
0x40579b,JZ,6,0,-305,6,0x405797,CMP,1,NonLeaf,r12d(-1) ,rflags ,CMP,4,JZ,2,MOVSS,8,TEST,2,CALL_NEAR,5,JMP,5,NOP,10,MOV,3,MOV,3,CALL_NEAR,5,0,0,1,0,0,RET,0,0,1,0,0,0,JMP,0,0,4216727,4216426,4216737,1,0,0,0,cpp,2.8417323682920123e-11,0.0,0,0,0
0x405795,JZ,6,6,27,2,0x40578b,TEST,1,NonLeaf,al(-1) al(-1) ,rflags ,MOVSS,8,TEST,2,CALL_NEAR,5,MOV,3,MOV,3,CMP,4,JZ,6,JMP,5,NOP,10,MOV,3,0,1,0,0,0,CALL,0,1,1,1,0,0,JE,0,0,4216715,4216752,4216727,0,0,1,0,cpp,2.8417323682920123e-11,1.0,1,0,1
0x405736,JNL,10,0,-204,6,0x405730,CMP,1,NonLeaf,edx(SUB) rax(MOV) ,rflags ,CMP,6,SUB,2,MOV,4,IMUL,2,SAR,3,MOV,5,XOR,2,MOV,6,CALL_NEAR,5,JMP,5,0,0,1,0,0,RET,0,0,1,0,0,0,CALL,0,1,4216603,4216426,4216636,0,0,0,1,cpp,4.7362206138200205e-11,0.0,0,0,0
0x405715,JLE,10,0,-171,6,0x405711,CMP,1,NonLeaf,r15d(-1) ,rflags ,CMP,4,JBE,6,UCOMISS,3,MOVSS,6,MOVSS,8,IMUL,3,MOV,5,MOV,2,SAR,3,IMUL,2,0,0,1,0,0,RET,0,0,1,0,0,0,JGE,0,0,4216593,4216426,4216603,0,0,0,0,cpp,4.7362206138200205e-11,0.0,0,0,0
0x40570b,JBE,969,959,-161,6,0x405708,UCOMISS,1,NonLeaf,xmm1(MOVSS) xmm0(MOVSS) ,rflags ,UCOMISS,3,MOVSS,6,MOVSS,8,CALL_NEAR,5,MOV,2,CMP,4,JLE,6,IMUL,3,MOV,5,MOV,2,0,0,1,0,0,RET,0,0,1,0,0,0,JLE,0,0,4216570,4216426,4216593,0,0,0,0,cpp,4.5893977747916e-09,0.9896800825593396,1,0,1
0x4056c2,JNBE,2,2,454,6,0x4056bf,UCOMISS,1,NonLeaf,xmm1(-1) xmm0(-1) ,rflags ,UCOMISS,3,JZ,6,CMP,4,JBE,2,UCOMISS,3,MOV,5,XOR,2,CALL_NEAR,5,MOV,6,JMP,2,0,1,0,0,0,JNE,0,0,1,0,0,0,CALL,0,1,4216511,4216968,4216520,0,0,0,1,cpp,9.47244122764004e-12,1.0,1,0,1
0x4056b9,JZ,5,5,472,6,0x4056b5,CMP,1,NonLeaf,r13d(-1) ,rflags ,CMP,4,JBE,2,UCOMISS,3,XORPS,3,CALL_NEAR,5,UCOMISS,3,JNBE,6,MOV,5,XOR,2,CALL_NEAR,5,0,0,0,0,0,CALL,0,1,0,0,0,0,JA,0,0,4216501,4216977,4216511,0,0,1,0,cpp,2.3681103069100102e-11,1.0,1,0,1
0x4056b3,JBE,7,2,12,2,0x4056b0,UCOMISS,1,NonLeaf,xmm0(-1) xmm1(XORPS) ,rflags ,UCOMISS,3,XORPS,3,CALL_NEAR,5,MOV,4,JNZ,2,CMP,4,JZ,6,UCOMISS,3,JNBE,6,MOV,5,0,1,0,0,0,JA,0,0,1,0,0,0,JE,0,0,4216493,4216511,4216501,0,0,0,0,cpp,3.3153544296740137e-11,0.2857142857142857,0,0,0
0x4056a2,JNZ,970,963,-62,2,0x40569e,CMP,1,NonLeaf,r12d(-1) ,rflags ,CMP,4,JZ,6,MOVSS,6,CMP,3,CALL_NEAR,5,MOV,4,CALL_NEAR,5,XORPS,3,UCOMISS,3,JBE,2,0,0,0,0,0,JE,0,0,0,0,0,0,CALL,0,1,4216478,4216420,4216484,0,0,0,1,cpp,4.5941339954054205e-09,0.9927835051546392,1,0,1
0x405698,JZ,970,1,312,6,0x40568f,CMP,1,NonLeaf,eax(-1) ,rflags ,MOVSS,6,CMP,3,CALL_NEAR,5,MOVSS,6,MOV,4,CMP,4,JNZ,2,MOV,4,CALL_NEAR,5,XORPS,3,0,1,0,0,0,CALL,0,1,1,0,0,0,JNE,0,0,4216463,4216784,4216478,0,0,1,0,cpp,4.5941339954054205e-09,0.0010309278350515,0,0,0
0x405668,JZ,969,969,120,2,0x405664,AND,1,NonLeaf,r14d(AND) ,r14d rflags ,AND,4,JZ,6,CMP,4,JZ,2,MOVSS,5,ADD,4,MOV,3,POP,1,POP,1,POP,2,0,1,0,0,0,CALL,0,1,0,1,0,0,RET,0,0,4216420,4216544,4216426,0,0,1,0,cpp,4.5893977747916e-09,1.0,1,0,1
0x405658,JZ,970,970,40,2,0x40564c,TEST,1,NonLeaf,r14b(-1) ,rflags ,MOVSS,5,MOV,3,TEST,4,MOVSS,6,CALL_NEAR,5,CMP,4,JZ,6,AND,4,JZ,2,ADD,4,0,1,0,0,0,CALL,0,1,1,0,0,0,JE,0,0,4216390,4216448,4216410,0,0,1,0,cpp,4.5941339954054205e-09,1.0,1,0,1
0x40560f,JNZ,970,0,91,2,0x40560d,TEST,1,NonLeaf,al(-1) al(-1) ,rflags ,TEST,2,CALL_NEAR,5,MOV,3,CALL_NEAR,5,MOV,3,MOV,3,CALL_NEAR,5,MOV,3,MOV,3,CALL_NEAR,5,0,0,1,0,0,RET,0,0,0,0,0,0,CALL,0,1,4216333,4216426,4216337,0,0,0,1,cpp,4.5941339954054205e-09,0.0,0,0,0
0x4055fb,JZ,970,0,22,2,0x4055f8,TEST,1,NonLeaf,rax(-1) rax(-1) ,rflags ,TEST,3,CALL_NEAR,5,MOV,3,MOV,3,CALL_NEAR,5,MOV,3,CALL_NEAR,5,MOV,3,CALL_NEAR,5,TEST,2,0,1,0,0,0,CALL,0,1,1,0,0,0,CALL,0,1,4216312,4216337,4216317,0,0,1,1,cpp,4.5941339954054205e-09,0.0,0,0,0
0x4054c0,JNLE,200936,0,-278,6,0x4054b8,CMP,1,Recursive,r15(-1) ,rflags ,CMP,8,NOP,7,JMP,5,CALL_NEAR,5,MOV,3,XOR,2,MOV,3,MOV,3,CALL_NEAR,5,ADD,4,0,0,1,0,0,CALL,0,1,1,0,0,0,CALL,0,1,4215992,4215722,4216006,0,0,1,1,cpp,9.516772252585396e-07,0.0,0,0,0
0x405484,JZ,30799294,30798892,110,2,0x40547d,TEST,1,Recursive,al(-1) al(-1) ,rflags ,MOV,5,TEST,2,CALL_NEAR,5,MOV,3,CALL_NEAR,5,MOV,3,CALL_NEAR,5,MOV,5,MOV,3,MOV,3,0,0,0,0,0,CALL,0,1,1,0,0,0,CALL,0,1,4215933,4216050,4215942,0,0,1,1,cpp,0.0001458722511339,0.9999869477527634,1,0,1
0x405469,JZ,32407242,1607948,119,2,0x405461,CMP,1,Recursive,eax(-1) ,rflags ,MOV,5,CMP,3,CALL_NEAR,5,MOV,5,MOV,3,MOV,2,MOV,3,CALL_NEAR,5,MOV,3,CALL_NEAR,5,0,1,0,0,0,CALL,0,1,1,0,0,0,CALL,0,1,4215905,4216032,4215915,0,0,1,1,cpp,0.0001534878475974,0.0496169343876902,0,0,0
0x40544e,JZ,32407242,0,322,6,0x40544b,TEST,1,Recursive,rax(-1) rax(-1) ,rflags ,TEST,3,CALL_NEAR,5,MOV,3,MOV,3,JMP,2,MOV,3,MOV,5,CALL_NEAR,5,CMP,3,MOV,5,0,1,0,0,0,CALL,0,1,1,0,0,0,CALL,0,1,4215883,4216208,4215892,0,0,1,1,cpp,0.0001534878475974,0.0,0,0,0
0x405428,JNLE,6234979,200936,144,6,0x405424,CMP,1,Recursive,rsp(-1) eax(-1) ,rflags ,CMP,4,CALL_NEAR,5,MOV,4,MOV,3,CALL_NEAR,5,MOV,5,MOV,3,MOV,3,CALL_NEAR,5,JMP,2,0,1,0,0,0,JG,0,0,0,0,0,0,CALL,0,1,4215844,4215992,4215854,0,1,0,1,cpp,2.953023606653494e-05,0.0322272135960682,0,0,0
0x4053c2,JNLE,31495,0,108,2,0x4053ba,CMP,1,Recursive,r15(-1) ,rflags ,CMP,8,JNZ,6,TEST,2,CALL_NEAR,5,MOV,3,MOV,3,CALL_NEAR,5,MOV,3,CALL_NEAR,5,XOR,2,0,0,0,0,0,CALL,0,1,1,0,0,0,CALL,0,1,4215738,4215854,4215748,0,0,1,1,cpp,1.4916726823226156e-07,0.0,0,0,0
0x4053b4,JNZ,32438737,32407242,140,6,0x4053b2,TEST,1,Recursive,al(-1) al(-1) ,rflags ,TEST,2,CALL_NEAR,5,MOV,3,JZ,2,TEST,2,CMP,8,JNLE,2,MOV,3,CALL_NEAR,5,MOV,3,0,1,0,0,0,CALL,0,1,1,0,0,0,JG,0,0,4215730,4215872,4215738,0,0,1,0,cpp,0.0001536370148656,0.9990290929021064,1,0,1
0x4bc56d,JZ,60010,58070,110,2,0x4bc566,CMP,1,NonLeaf,rbp(-1) ,rflags ,CMP,7,JNZ,6,MOV,7,MOV,7,CMP,8,MOVSXD,7,MOV,3,SUB,7,CMP,3,JNLE,6,0,1,0,0,0,JE,0,0,1,1,0,0,JG,0,0,4965734,4965851,4965743,0,0,0,0,cpp,2.842205990353394e-07,0.9676720546575572,1,0,1
0x4053a8,JZ,38472780,6234979,104,2,0x4053a6,TEST,1,Recursive,al(-1) al(-1) ,rflags ,TEST,2,CALL_NEAR,5,MOV,3,CALL_NEAR,5,MOV,3,MOV,3,CALL_NEAR,5,TEST,2,JNZ,6,CMP,8,0,1,0,0,0,CALL,0,1,1,0,0,0,CALL,0,1,4215718,4215824,4215722,0,0,1,1,cpp,0.0001822155737069,0.1620620864933597,0,0,0
0x405225,JZ,970,970,51,2,0x405223,TEST,1,Leaf,edx(MOV) edx(MOV) ,rflags ,TEST,2,MOV,3,INVALID,0,INVALID,0,INVALID,0,MOV,3,MOV,5,TEST,2,JNZ,2,RET_NEAR,2,0,1,0,0,0,RET,0,0,1,0,0,0,JNE,0,0,4215328,4215384,4215335,0,0,0,0,cpp,4.5941339954054205e-09,1.0,1,0,1
0x4051da,JZ,970,970,17,2,0x4051d6,CMP,1,NonLeaf,rbx(-1) ,rflags ,CMP,4,CALL_NEAR,5,XOR,2,SUB,2,IMUL,4,MOV,3,MOV,5,XOR,2,CALL_NEAR,5,MOV,5,0,1,1,0,0,CALL,0,1,1,0,0,0,CALL,0,1,4215254,4215275,4215260,0,0,1,1,cpp,4.5941339954054205e-09,1.0,1,0,1
0x40514e,JNZ,970,0,186,6,0x40514a,CMP,1,NonLeaf,rbx(-1) ,rflags ,CMP,4,CALL_NEAR,5,XOR,2,SUB,2,IMUL,4,XOR,2,MOV,5,CALL_NEAR,5,MOV,3,MOV,6,0,1,0,0,0,CALL,0,1,1,1,0,0,CALL,0,1,4215114,4215304,4215124,0,0,1,1,cpp,4.5941339954054205e-09,0.0,0,0,0
0x40507a,JNLE,970,970,-15,2,0x405078,TEST,1,NonLeaf,edx(-1) edx(-1) ,rflags ,TEST,2,NOP,4,RET_NEAR,1,POP,2,POP,1,MOV,3,MOV,3,MOV,3,MOV,3,MOV,5,0,0,0,0,0,RET,0,0,1,0,0,0,RET,0,0,4214904,4214891,4214908,0,0,0,1,cpp,4.5941339954054205e-09,1.0,1,0,1
0x40505c,JZ,970,970,28,2,0x405054,CMP,1,NonLeaf,rbx(-1) rbp(-1) ,rflags ,MOV,3,CMP,5,SUB,2,MOV,3,LEA,4,MOV,3,SUB,3,TEST,2,MOV,3,JLE,2,0,1,0,0,0,JG,0,0,1,0,0,0,JLE,0,0,4214859,4214904,4214878,0,0,0,1,cpp,4.5941339954054205e-09,1.0,1,0,1
0x4bc140,JZ,16850,16850,599,6,0x4bc13d,CMP,1,NonLeaf,eax(MOV) ,rflags ,CMP,3,MOV,6,JNZ,6,CMP,7,JZ,6,MOV,3,MOVSXD,3,MOV,7,CALL_NEAR,5,MOV,7,0,1,0,0,0,MOV,0,0,1,0,0,0,CALL,0,1,4964663,4965271,4964678,0,0,0,1,cpp,7.980531734286736e-08,1.0,1,0,1
0x404e7e,JZ,2635998,1549788,-275,6,0x404e7c,TEST,1,NonLeaf,al(-1) al(-1) ,rflags ,TEST,2,CALL_NEAR,5,MOV,3,XOR,2,MOV,2,JMP,5,MOV,10,CMP,3,JNBE,6,LEA,8,0,0,0,0,0,JE,0,0,1,0,0,0,JMP,0,0,4214396,4214123,4214404,0,0,0,0,cpp,1.2484668065588346e-05,0.587932160798301,1,0,1
0x404e45,JZ,970,486,17,2,0x404e3d,TEST,1,NonLeaf,eax(-1) eax(-1) ,rflags ,MOVSS,6,TEST,2,CALL_NEAR,5,MOVSS,6,MOV,3,MOVSS,8,SUBSS,4,MOVAPS,3,ADD,7,POP,1,0,1,1,0,0,RET,0,0,1,0,0,0,MOVAPS,0,0,4214333,4214358,4214343,0,0,0,0,cpp,4.5941339954054205e-09,0.5010309278350515,1,0,1
0x404e19,JNZ,62080,61110,-1548,6,0x404e15,CMP,1,NonLeaf,rsp(-1) eax(MOV) ,rflags ,CMP,4,MOV,4,ADD,5,CALL_NEAR,5,JZ,2,CVTSI2SS,6,CVTSI2SS,6,DIVSS,4,MOV,3,MOVSS,6,0,0,0,1,1,MOV,0,0,1,0,0,0,CVTSI2SS,1,0,4214284,4212749,4214303,0,0,0,0,cpp,2.940245757059469e-07,0.984375,1,1,1
0x404e05,JZ,62080,362,7,2,0x404e02,TEST,1,NonLeaf,rdi(MOV) rdi(MOV) ,rflags ,TEST,3,ADD,4,SETNBE,3,MOVSS,9,UCOMISS,7,CALL_NEAR,5,ADD,5,MOV,4,CMP,4,JNZ,6,0,1,1,0,0,JNE,0,0,1,0,0,0,CALL,0,1,4214217,4214284,4214279,0,0,1,1,cpp,2.940245757059469e-07,0.0058311855670103,0,0,0
0x404db5,JNZ,946560,884480,-101,2,0x404db2,CMP,1,NonLeaf,r13d(ADD) r14d(-1) ,rflags ,CMP,3,ADD,4,JNZ,2,CMP,3,OR,5,CALL_NEAR,5,LEA,5,MOV,3,CALL_NEAR,5,MOVSS,6,0,0,0,1,1,JMP,0,0,0,1,0,0,CALL,1,1,4214190,4214096,4214199,0,0,0,1,cpp,4.483116984217478e-06,0.9344151453684922,1,1,1
0x404dac,JNZ,7772437,7385100,-57,2,0x404da9,CMP,1,NonLeaf,ebx(ADD) r14d(-1) ,rflags ,CMP,3,OR,5,SHL,3,ADD,3,SHR,4,ADD,4,CMP,3,JNZ,2,CALL_NEAR,5,LEA,5,0,0,0,1,1,CALL,0,1,0,1,0,0,JNE,1,0,4214160,4214131,4214190,0,0,1,0,cpp,3.681197633901744e-05,0.9501653085126324,1,1,1
0x404d8e,JNZ,15888000,9201773,-54,2,0x404d8c,TEST,1,NonLeaf,eax(-1) eax(-1) ,rflags ,TEST,2,CALL_NEAR,5,MOV,2,MOV,3,MOV,2,MOVSXD,3,MOV,5,MOV,2,SHR,4,ADD,3,0,1,0,0,0,CALL,0,1,1,0,0,0,JNE,0,0,4214156,4214104,4214160,0,0,1,1,cpp,7.524907311237249e-05,0.5791649672708963,1,0,1
0x404d71,JZ,8115563,559223,61,2,0x404d6e,CMP,1,NonLeaf,ebx(ADD) r14d(-1) ,rflags ,CMP,3,ADD,3,JZ,6,CMP,3,CALL_NEAR,5,MOV,2,MOV,3,MOV,3,CALL_NEAR,5,MOV,2,0,0,1,0,0,JNE,1,0,0,0,1,1,CALL,0,1,4214123,4214190,4214131,0,0,0,1,cpp,3.843709677335505e-05,0.0689074806023932,0,0,0
0x404d65,JZ,9201773,2635998,267,6,0x404d62,CMP,1,NonLeaf,eax(-1) ,rflags ,CMP,3,CALL_NEAR,5,MOV,3,MOV,2,NOP,4,ADD,3,CMP,3,JZ,2,MOV,2,MOV,3,0,1,0,0,0,CALL,0,1,1,0,0,0,JE,0,0,4214114,4214384,4214123,0,0,1,0,cpp,4.358162696629249e-05,0.2864663146982652,0,0,0
0x404d4c,JLE,62080,0,107,2,0x404cfb,TEST,1,NonLeaf,r14d(-1) r14d(-1) ,rflags ,MOV,12,MOV,12,MOV,12,MOV,9,MOV,9,NOP,2,XOR,2,JMP,2,NOP,4,MOV,2,0,1,1,0,0,CALL,0,1,1,0,0,0,NOP,0,0,4214008,4214199,4214094,0,0,1,0,cpp,2.940245757059469e-07,0.0,0,0,0
0x404cbf,JNZ,1840438,20867,-135,6,0x404cba,TEST,1,NonLeaf,rdx(SUB) rdi(LEA) rcx(MOV) ,rflags ,TEST,5,LEA,4,SUB,3,SHL,4,LEA,8,MOVZX,4,LEA,8,SHL,4,SUB,3,LEA,8,0,0,1,0,0,CALL,0,1,1,0,0,0,JMP,0,0,4213881,4213816,4213957,0,0,1,1,cpp,8.716720394057691e-06,0.0113380619178695,0,0,0
0x404c6f,JNLE,11015824,9175386,-55,2,0x404c6c,CMP,1,NonLeaf,ebp(-1) ,rflags ,CMP,3,JZ,2,MOV,2,CMP,3,CALL_NEAR,5,MOV,3,CALL_NEAR,5,TEST,2,MOV,2,MOV,5,0,0,1,0,0,CALL,0,1,1,0,0,0,CALL,0,1,4213868,4213816,4213873,1,0,1,1,cpp,5.217337270701331e-05,0.8329277955058105,1,0,1
0x404c6a,JZ,11356009,340185,-50,2,0x404c65,CMP,1,NonLeaf,eax(-1) ,rflags ,MOV,2,CMP,3,CALL_NEAR,5,MOV,3,JLE,6,CMP,3,JNLE,2,MOV,3,CALL_NEAR,5,TEST,2,0,1,1,0,0,CALL,0,1,1,0,0,0,JG,0,0,4213861,4213816,4213868,0,0,1,0,cpp,5.378456391652568e-05,0.029956386966583,0,0,0
0x404c57,JLE,11293954,25,153,6,0x404c54,CMP,1,NonLeaf,r13d(-1) eax(-1) ,rflags ,CMP,3,CALL_NEAR,5,MOV,3,JNLE,6,CMP,3,MOV,3,CALL_NEAR,5,CMP,3,MOV,2,JZ,2,0,0,1,0,0,CALL,1,1,0,0,1,1,CALL,0,1,4213844,4214000,4213853,0,0,1,1,cpp,5.349065774633508e-05,2.213573740427843e-06,0,0,0
0x404c46,JNLE,11356009,62055,170,6,0x404c43,CMP,1,NonLeaf,eax(-1) ,rflags ,CMP,3,CALL_NEAR,5,ADD,3,MOV,3,NOP,5,MOV,3,CALL_NEAR,5,CMP,3,JLE,6,MOV,3,0,1,1,0,0,CALL,1,1,1,0,0,0,CALL,0,1,4213827,4214000,4213836,0,0,1,1,cpp,5.378456391652568e-05,0.0054645078213657,0,0,0
0x404a66,JZ,62080,62080,16,2,0x404a4b,TEST,1,NonLeaf,r8(XOR) r8(XOR) ,rflags ,MOV,8,MOV,8,MOV,8,TEST,3,ADD,3,MOV,3,MOV,3,CALL_NEAR,5,MOV,3,MOV,7,0,1,1,0,0,MOV,0,0,1,0,0,0,CALL,0,1,4213320,4213366,4213352,0,0,1,1,cpp,2.940245757059469e-07,1.0,1,0,1
0x404a39,JNZ,62080,0,1104,6,0x404a36,TEST,1,NonLeaf,rax(SAR) rax(SAR) ,rflags ,TEST,3,SAR,4,SUB,3,MOV,7,MOV,8,XOR,3,XOR,2,XOR,2,XOR,2,ADD,3,0,1,0,0,0,JA,0,0,1,0,0,0,XOR,0,0,4213125,4214409,4213311,0,0,0,0,cpp,2.940245757059469e-07,0.0,0,0,0
0x40497b,JZ,62080,0,10,2,0x404979,TEST,1,NonLeaf,al(-1) ,rflags ,TEST,2,MOV,5,MOV,2,MOV,2,JZ,2,MOVZX,4,MOV,4,MOV,7,MOV,7,MOV,7,0,1,1,0,0,JNE,0,0,1,0,0,0,MOV,0,0,4213113,4213125,4213117,0,0,1,1,cpp,2.940245757059469e-07,0.0,0,0,0
0x40496e,JZ,62080,0,11,2,0x404969,TEST,0,NonLeaf,al(-1) ,rflags ,MOVSQ,3,TEST,2,SHR,3,XOR,2,MOV,2,MOV,2,MOV,2,MOV,5,TEST,2,JZ,2,0,1,1,0,0,JE,0,0,1,0,0,0,MOV,0,0,4213102,4213113,4213104,0,0,0,1,cpp,2.940245757059469e-07,0.0,0,0,0
0x40495c,JNZ,62080,62080,1397,6,0x404958,TEST,1,NonLeaf,dil(LEA) ,rflags ,TEST,4,MOV,5,LEA,8,MOV,2,MOV,5,MOV,2,XOR,2,SHR,3,TEST,2,MOVSQ,3,0,1,0,0,0,JMP,0,0,1,1,0,0,TEST,0,0,4213058,4214481,4213090,1,0,1,0,cpp,2.940245757059469e-07,1.0,1,0,1
0x404927,JZ,62080,62080,6,2,0x404922,TEST,0,NonLeaf,al(-1) ,rflags ,MOVSQ,3,TEST,2,SHR,3,MOV,2,JNZ,6,MOV,2,MOV,2,MOV,5,LEA,8,MOV,5,0,1,1,0,0,MOV,0,0,1,0,0,0,MOV,0,0,4213031,4213037,4213033,0,0,0,1,cpp,2.940245757059469e-07,1.0,1,0,1
0x404917,JNZ,62080,62080,1496,6,0x404913,TEST,1,NonLeaf,dil(LEA) ,rflags ,TEST,4,MOV,5,LEA,8,MOV,2,MOV,5,MOV,2,SHR,3,TEST,2,MOVSQ,3,JZ,2,0,1,0,0,0,JMP,0,0,1,1,0,0,TEST,0,0,4212989,4214511,4213021,1,0,1,0,cpp,2.940245757059469e-07,1.0,1,0,1
0x4048e2,JZ,62080,62080,6,2,0x4048dd,TEST,0,NonLeaf,al(-1) ,rflags ,MOVSQ,3,TEST,2,SHR,3,MOV,2,JNZ,6,MOV,2,MOV,2,MOV,5,LEA,8,MOV,5,0,1,1,0,0,MOV,0,0,1,0,0,0,MOV,0,0,4212962,4212968,4212964,0,0,0,1,cpp,2.940245757059469e-07,1.0,1,0,1
0x4048d2,JNZ,62080,62080,1595,6,0x4048ce,TEST,1,NonLeaf,dil(LEA) ,rflags ,TEST,4,MOV,5,LEA,8,MOV,2,MOV,5,MOV,2,SHR,3,TEST,2,MOVSQ,3,JZ,2,0,1,0,0,0,JMP,0,0,1,1,0,0,TEST,0,0,4212885,4214541,4212952,1,0,1,0,cpp,2.940245757059469e-07,1.0,1,0,1
0x404870,JZ,62080,62080,9,2,0x40486e,TEST,1,NonLeaf,al(-1) ,rflags ,TEST,2,ADD,4,MOV,4,MOVZX,4,JZ,2,MOVZX,4,MOV,3,MOV,7,MOV,5,LEA,8,0,1,1,0,0,MOV,0,0,1,0,0,0,MOV,0,0,4212846,4212857,4212850,0,0,0,1,cpp,2.940245757059469e-07,1.0,1,0,1
0x404860,JZ,62080,62080,14,2,0x40485e,TEST,1,NonLeaf,al(-1) ,rflags ,TEST,2,MOV,5,MOV,2,MOV,2,JZ,2,MOVZX,4,MOV,4,ADD,4,TEST,2,JZ,2,0,1,1,0,0,JE,0,0,1,0,0,0,ADD,0,0,4212830,4212846,4212834,0,0,0,1,cpp,2.940245757059469e-07,1.0,1,0,1
0x404853,JZ,62080,0,11,2,0x40484e,TEST,0,NonLeaf,al(-1) ,rflags ,MOVSQ,3,TEST,2,SHR,3,XOR,2,MOV,2,MOV,2,MOV,2,MOV,5,TEST,2,JZ,2,0,1,1,0,0,JE,0,0,1,0,0,0,MOV,0,0,4212819,4212830,4212821,0,0,0,1,cpp,2.940245757059469e-07,0.0,0,0,0
0x404841,JNZ,62080,62080,1770,6,0x40483d,TEST,1,NonLeaf,dil(-1) ,rflags ,TEST,4,JNZ,6,TEST,4,MOV,5,LEA,8,MOV,2,XOR,2,SHR,3,TEST,2,MOVSQ,3,0,1,0,0,0,JMP,0,0,1,1,0,0,TEST,0,0,4212797,4214571,4212807,1,0,1,0,cpp,2.940245757059469e-07,1.0,1,0,1
0x404837,JNZ,62080,62080,1801,6,0x404833,TEST,1,NonLeaf,dil(LEA) ,rflags ,TEST,4,MOV,5,LEA,8,MOV,3,MOV,5,TEST,4,JNZ,6,MOV,2,XOR,2,SHR,3,0,1,0,0,0,JMP,0,0,1,1,0,0,JNE,0,0,4212763,4214592,4212797,1,0,1,0,cpp,2.940245757059469e-07,1.0,1,0,1
0x404781,JLE,970,0,2015,6,0x40477f,TEST,1,NonLeaf,ebx(-1) ebx(-1) ,rflags ,TEST,2,CALL_NEAR,5,MOV,4,SUB,7,MOV,2,LEA,7,LEA,8,MOV,8,MOV,8,MOV,5,0,1,0,0,0,JMP,1,0,1,0,0,0,MOV,0,0,4212607,4214624,4212615,0,0,0,1,cpp,4.5941339954054205e-09,0.0,0,0,0
0x4045a3,JZ,1979964940,32407242,53,2,0x4045a0,CMP,1,Leaf,edx(-1) ,rflags ,CMP,3,INVALID,0,INVALID,0,INVALID,0,INVALID,0,MOVSXD,3,MOV,2,LEA,8,SHL,4,SUB,3,0,1,0,0,0,RET,0,0,1,0,0,0,RET,0,0,4212128,4212184,4212133,0,0,0,0,cpp,0.0093775507634689,0.0163675837613569,0,0,0
0x404576,JNZ,174091166,3044943,-150,6,0x404572,TEST,1,NonLeaf,rdi(ADD) rcx(SUB) rax(SHL) ,rflags ,TEST,4,ADD,3,MOV,5,SUB,3,SHL,4,MOVZX,4,LEA,8,SHL,4,SUB,3,ADD,5,0,0,1,1,0,CALL,0,1,1,0,0,0,JMP,0,0,4212023,4211936,4212092,0,0,1,1,cpp,0.0008245341690931,0.017490508392597,0,1,0
0x40452d,JNLE,780562210,606471044,-77,2,0x40452a,CMP,1,NonLeaf,ebx(-1) ,rflags ,CMP,3,JZ,2,MOV,3,CMP,3,CALL_NEAR,5,MOV,3,CALL_NEAR,5,TEST,2,MOV,3,MOV,5,0,0,1,1,0,CALL,0,1,1,0,0,0,CALL,0,1,4212010,4211936,4212015,1,0,1,1,cpp,0.0036969148293709,0.776966955651107,1,0,1
0x404528,JZ,800574360,26003518,-72,2,0x404522,CMP,1,NonLeaf,eax(-1) ,rflags ,MOV,3,CMP,3,CALL_NEAR,5,MOV,3,JLE,6,CMP,3,JNLE,2,MOV,3,CALL_NEAR,5,TEST,2,0,0,1,1,1,CALL,0,1,0,0,0,0,JG,1,0,4212002,4211936,4212010,0,0,1,0,cpp,0.0037916967867277,0.0324810777102579,0,0,0
0x404514,JLE,801480813,906453,-324,6,0x404511,CMP,1,NonLeaf,r13d(-1) eax(SUB) ,rflags ,CMP,3,SUB,2,XOR,2,CDQ,1,CALL_NEAR,5,MOV,3,CALL_NEAR,5,CMP,3,MOV,3,JZ,2,0,0,1,0,0,CALL,1,1,1,0,0,0,CALL,0,1,4211980,4211664,4211994,0,0,1,1,cpp,0.0037959899481118,0.0011309728009671,0,0,0
0x4044fe,JLE,801480823,10,-302,6,0x4044fc,CMP,1,NonLeaf,ebp(-1) eax(-1) ,rflags ,CMP,2,CALL_NEAR,5,MOV,3,JNLE,6,CMP,3,MOV,3,CALL_NEAR,5,CDQ,1,XOR,2,SUB,2,0,0,1,0,0,CALL,1,1,1,0,0,0,CALL,0,1,4211964,4211664,4211972,0,0,1,1,cpp,0.003795989995474,1.2476904890336973e-08,0,0,0
0x4044ee,JNLE,806608805,5127982,-286,6,0x4044eb,CMP,1,NonLeaf,eax(-1) ,rflags ,CMP,3,CALL_NEAR,5,ADD,3,MOV,3,NOP,1,MOV,3,CALL_NEAR,5,CMP,2,JLE,6,MOV,3,0,0,1,0,0,CALL,1,1,1,0,0,0,CALL,0,1,4211947,4211664,4211956,0,0,1,1,cpp,0.0038202772495297,0.0063574584956334,0,0,0
0x4044dd,JNZ,6034445,5991368,77,2,0x4044d7,CMP,1,NonLeaf,eax(-1) ,rflags ,MOV,3,CMP,3,CALL_NEAR,5,MOV,5,ADD,4,NOP,1,MOV,3,ADD,3,CALL_NEAR,5,CMP,3,0,1,0,0,0,JG,0,0,1,0,0,0,NOP,0,0,4211927,4212010,4211935,0,0,0,0,cpp,2.8580462801963152e-05,0.9928614810475528,1,0,1
0x4044b6,JZ,201749575,121697919,-155,6,0x4044b4,TEST,1,NonLeaf,al(-1) al(-1) ,rflags ,TEST,2,CALL_NEAR,5,MOV,3,MOV,2,XOR,2,JMP,5,MOV,5,MOV,3,ADD,4,MOV,5,0,0,0,0,0,JE,0,0,1,0,0,0,JMP,0,0,4211892,4211739,4211900,0,0,0,0,cpp,0.0009555304959444,0.603212765132219,1,0,1
0x404463,JNZ,78578253,72542016,-99,2,0x404460,CMP,1,NonLeaf,r13d(ADD) r14d(-1) ,rflags ,CMP,3,ADD,4,JNZ,2,CMP,3,OR,5,CALL_NEAR,5,LEA,5,MOV,3,CALL_NEAR,5,CVTSI2SS,6,0,0,0,1,1,JMP,0,0,0,1,0,0,CALL,1,1,4211804,4211712,4211813,0,0,0,1,cpp,0.0003721639416565,0.9231818376007926,1,1,1
0x40445a,JNZ,570628720,538296182,-55,2,0x404457,CMP,1,NonLeaf,ebx(ADD) r14d(-1) ,rflags ,CMP,3,OR,5,SHL,3,ADD,3,SHR,4,ADD,4,CMP,3,JNZ,2,CALL_NEAR,5,LEA,5,0,0,0,1,1,CALL,0,1,0,1,0,0,JNE,1,0,4211776,4211747,4211804,0,0,1,0,cpp,0.0027026235065017,0.9433387474783954,1,1,1
0x40443e,JNZ,1167994557,677417493,-54,2,0x40443c,TEST,1,NonLeaf,eax(-1) eax(-1) ,rflags ,TEST,2,CALL_NEAR,5,MOV,2,MOV,2,MOV,3,MOVSXD,3,MOV,3,MOV,2,SHR,4,ADD,3,0,1,0,0,0,CALL,0,1,1,0,0,0,JNE,0,0,4211772,4211720,4211776,0,0,1,1,cpp,0.0055318798976929,0.5799834330906047,1,0,1
0x404421,JZ,597365837,46245715,59,2,0x40441e,CMP,1,NonLeaf,ebx(ADD) r14d(-1) ,rflags ,CMP,3,ADD,3,JZ,6,CMP,3,CALL_NEAR,5,MOV,2,MOV,3,MOV,3,CALL_NEAR,5,MOV,3,0,0,1,0,0,JNE,1,0,0,0,1,1,CALL,0,1,4211739,4211804,4211747,0,0,0,1,cpp,0.0028292563911912,0.0774160692420045,0,0,0
0x404415,JZ,677417493,201749575,147,6,0x404412,CMP,1,NonLeaf,eax(-1) ,rflags ,CMP,3,CALL_NEAR,5,MOV,3,MOV,2,NOP,4,ADD,3,CMP,3,JZ,2,MOV,2,MOV,3,0,1,0,0,0,CALL,0,1,1,0,0,0,JE,0,0,4211730,4211880,4211739,0,0,1,0,cpp,0.0032083986945088,0.297821619731925,0,0,0
0x4043f9,JLE,6036237,0,108,2,0x4043ed,TEST,0,NonLeaf,r14d(-1) r14d(-1) ,rflags ,STOSQ,3,MOVSS,6,TEST,3,MOV,5,XOR,2,NOP,5,XOR,2,JMP,2,NOP,4,MOV,2,0,1,1,0,0,CALL,0,1,1,0,0,0,NOP,0,0,4211705,4211813,4211707,0,0,1,0,cpp,2.858895010930312e-05,0.0,0,0,0
0x4043c6,JLE,47312,47312,-146,6,0x4043c3,CMP,1,NonLeaf,eax(-1) ,rflags ,CMP,3,CALL_NEAR,5,OR,4,ADD,3,SUB,3,NOP,4,MOV,3,XOR,3,MOV,6,CALL_NEAR,5,0,0,0,0,0,CALL,0,1,1,0,0,0,NOP,1,0,4211651,4211508,4211660,0,0,1,0,cpp,2.240800696810528e-07,1.0,1,0,1
0x40439c,JNZ,50563,3251,-124,2,0x404398,TEST,1,NonLeaf,rdi(LEA) rcx(SUB) rax(SHL) ,rflags ,TEST,4,LEA,4,SUB,3,SHL,4,LEA,8,MOVZX,4,MOV,3,ADD,3,LEA,8,SHL,4,0,0,0,0,0,CALL,0,1,1,0,0,0,CALL,0,1,4211553,4211488,4211614,0,0,1,1,cpp,2.394775228965817e-07,0.0642960267389197,0,0,0
0x404357,JNLE,84650,34087,-55,2,0x404354,CMP,1,NonLeaf,ebx(-1) ,rflags ,CMP,3,JZ,2,MOV,3,CMP,3,CALL_NEAR,5,MOV,3,CALL_NEAR,5,TEST,2,MOV,3,MOV,5,0,0,0,0,0,CALL,0,1,1,0,0,0,CALL,0,1,4211540,4211488,4211545,1,0,1,1,cpp,4.009210749598647e-07,0.4026816302421737,0,0,0
0x404352,JZ,91177,6527,-50,2,0x40434c,CMP,1,NonLeaf,eax(-1) ,rflags ,MOV,3,CMP,3,CALL_NEAR,5,MOV,3,JLE,6,CMP,3,JNLE,2,MOV,3,CALL_NEAR,5,TEST,2,0,1,0,0,0,CALL,0,1,1,0,0,0,JG,0,0,4211532,4211488,4211540,0,0,1,0,cpp,4.31834386906268e-07,0.0715860359520493,0,0,0
0x40433e,JLE,89387,2,146,6,0x40433c,CMP,1,NonLeaf,ebp(-1) eax(-1) ,rflags ,CMP,2,CALL_NEAR,5,MOV,3,JNLE,6,CMP,3,MOV,3,CALL_NEAR,5,CMP,3,MOV,3,JZ,2,0,0,1,0,0,CALL,1,1,0,0,1,1,CALL,0,1,4211516,4211664,4211524,0,0,1,1,cpp,4.233565520075302e-07,2.23746182330764e-05,0,0,0
0x40432e,JNLE,43865,1790,162,6,0x40432b,CMP,1,NonLeaf,eax(-1) ,rflags ,CMP,3,CALL_NEAR,5,ADD,3,MOV,3,NOP,4,MOV,3,CALL_NEAR,5,CMP,2,JLE,6,MOV,3,0,0,1,0,0,CALL,1,1,0,0,0,0,CALL,0,1,4211499,4211664,4211508,0,0,1,1,cpp,2.077543172252152e-07,0.0408070215433717,0,0,0
0x404310,JNZ,6036237,6034445,433,6,0x404309,TEST,1,NonLeaf,bl(MOV) bl(MOV) ,rflags ,MOV,5,TEST,2,SUB,3,MOV,3,SAR,3,LEA,4,JMP,2,NOP,4,MOV,3,ADD,3,0,1,0,0,0,CALL,0,1,1,0,0,0,JMP,0,0,4211433,4211905,4211478,0,0,1,0,cpp,2.858895010930312e-05,0.9997031263020322,1,0,1
0x4041f4,JZ,38474572,38474572,5,2,0x4041f1,AND,1,Leaf,esi(AND) ,esi rflags ,AND,3,MOV,4,ADD,4,XOR,2,JZ,2,MOV,3,RET_NEAR,2,NOP,5,LEA,4,MOV,4,0,1,1,0,0,REPZ RET,0,0,1,0,0,0,MOV,0,0,4211185,4211193,4211190,0,0,0,1,cpp,0.0001822240610143,1.0,1,0,1
0x4041e5,JZ,38474572,38474572,12,2,0x4041e1,TEST,1,Leaf,sil(-1) ,rflags ,TEST,4,ADD,4,MOV,6,JZ,2,STOSQ,3,XOR,2,ADD,4,MOV,4,AND,3,JZ,2,0,1,1,0,0,JE,0,0,1,0,0,0,MOV,0,0,4211169,4211185,4211175,1,0,0,1,cpp,0.0001822240610143,1.0,1,0,1
0x4041d5,JZ,38474572,38474572,12,2,0x4041ce,TEST,0,Leaf,sil(-1) ,rflags ,STOSQ,3,TEST,4,SHR,3,XOR,2,MOV,2,MOV,6,ADD,4,TEST,4,JZ,2,XOR,2,0,1,1,0,0,JE,0,0,1,0,0,0,ADD,0,0,4211157,4211169,4211159,0,0,0,1,cpp,0.0001822240610143,1.0,1,0,1
0x4041c1,JNZ,38474572,0,191,6,0x4041bd,TEST,1,Leaf,dil(-1) ,rflags ,TEST,4,JNZ,6,TEST,4,JNZ,6,TEST,4,MOV,2,XOR,2,SHR,3,TEST,4,STOSQ,3,0,0,0,0,0,JMP,0,0,0,1,0,0,TEST,0,0,4211133,4211328,4211143,1,0,1,0,cpp,0.0001822240610143,0.0,0,0,0
0x4041b7,JNZ,38474572,0,177,6,0x4041b3,TEST,1,Leaf,dil(-1) ,rflags ,TEST,4,JNZ,6,TEST,4,MOV,5,LEA,4,TEST,4,JNZ,6,MOV,2,XOR,2,SHR,3,0,0,0,0,0,JE,0,0,0,0,0,0,JNE,0,0,4211123,4211304,4211133,1,0,1,0,cpp,0.0001822240610143,0.0,0,0,0
0x4041ad,JNZ,38474572,0,163,6,0x4041a9,TEST,1,Leaf,dil(LEA) ,rflags ,TEST,4,MOV,5,LEA,4,MOV,3,JZ,2,TEST,4,JNZ,6,TEST,4,JNZ,6,MOV,2,0,1,0,0,0,JE,0,0,1,0,0,0,JNE,0,0,4211104,4211280,4211123,0,0,1,0,cpp,0.0001822240610143,0.0,0,0,0
0x40419b,JZ,38474572,38474572,5,2,0x404198,AND,1,Leaf,esi(AND) ,esi rflags ,AND,3,MOV,4,ADD,4,XOR,2,JZ,2,MOV,3,LEA,4,MOV,5,TEST,4,JNZ,6,0,1,1,0,0,JNE,0,0,1,0,0,0,MOV,0,0,4211096,4211104,4211101,0,0,0,1,cpp,0.0001822240610143,1.0,1,0,1
0x40418c,JZ,38474572,38474572,12,2,0x404188,TEST,1,Leaf,sil(-1) ,rflags ,TEST,4,ADD,4,MOV,6,JZ,2,STOSQ,3,XOR,2,ADD,4,MOV,4,AND,3,JZ,2,0,1,1,0,0,JE,0,0,1,0,0,0,MOV,0,0,4211080,4211096,4211086,1,0,0,1,cpp,0.0001822240610143,1.0,1,0,1
0x40417c,JZ,38474572,38474572,12,2,0x404175,TEST,0,Leaf,sil(-1) ,rflags ,STOSQ,3,TEST,4,SHR,3,XOR,2,MOV,2,MOV,6,ADD,4,TEST,4,JZ,2,XOR,2,0,1,1,0,0,JE,0,0,1,0,0,0,ADD,0,0,4211068,4211080,4211070,0,0,0,1,cpp,0.0001822240610143,1.0,1,0,1
0x404168,JNZ,38474572,0,208,6,0x404164,TEST,1,Leaf,dil(-1) ,rflags ,TEST,4,JNZ,6,TEST,4,JNZ,6,TEST,4,MOV,2,XOR,2,SHR,3,TEST,4,STOSQ,3,0,0,0,0,0,JMP,0,0,0,1,0,0,TEST,0,0,4211044,4211256,4211054,1,0,1,0,cpp,0.0001822240610143,0.0,0,0,0
0x40415e,JNZ,38474572,0,186,6,0x40415a,TEST,1,Leaf,dil(-1) ,rflags ,TEST,4,JNZ,6,TEST,4,MOV,4,MOV,8,TEST,4,JNZ,6,MOV,2,XOR,2,SHR,3,0,0,0,0,0,JE,0,0,0,0,0,0,JNE,0,0,4211034,4211224,4211044,1,0,1,0,cpp,0.0001822240610143,0.0,0,0,0
0x404154,JNZ,38474572,0,172,6,0x404150,TEST,1,Leaf,dil(LEA) ,rflags ,TEST,4,MOV,4,MOV,8,MOV,8,MOV,8,TEST,4,JNZ,6,TEST,4,JNZ,6,MOV,2,0,1,0,0,0,JE,0,0,1,0,0,0,JNE,0,0,4210896,4211200,4211034,0,0,1,0,cpp,0.0001822240610143,0.0,0,0,0
0x4040b4,JNZ,12424468,12424468,-227,6,0x4040b1,TEST,1,NonLeaf,rsi(-1) rsi(-1) ,rflags ,TEST,3,SAR,4,SHL,4,SUB,3,MOV,3,MOV,3,MOV,3,MOV,3,XOR,3,JMP,5,0,0,0,0,0,CALL,0,1,1,0,0,0,JMP,0,0,4210848,4210641,4210874,0,0,1,0,cpp,5.88450214573472e-05,1.0,1,0,1
0x40409a,JNBE,12424468,0,-218,6,0x404097,CMP,1,NonLeaf,rsi(-1) rdi(MOV) ,rflags ,CMP,3,MOV,10,JMP,5,SAR,4,SUB,3,MOV,3,MOV,3,SUB,3,SHL,4,SAR,4,0,0,0,0,0,SAR,0,0,1,0,0,0,JNE,0,0,4210829,4210624,4210848,0,0,0,0,cpp,5.88450214573472e-05,0.0,0,0,0
0x404057,JZ,12424488,20,7,2,0x404054,TEST,1,NonLeaf,rdi(MOV) rdi(MOV) ,rflags ,TEST,3,ADD,3,MOV,3,MOV,3,CALL_NEAR,5,CALL_NEAR,5,ADD,3,MOV,3,MOV,4,MOV,4,0,1,1,0,0,JMP,0,0,1,0,0,0,CALL,0,1,4210766,4210782,4210777,0,0,1,1,cpp,5.884511618175948e-05,1.6097242799864267e-06,0,0,0
0x404033,JZ,12424488,12424488,27,2,0x404030,TEST,1,NonLeaf,rcx(SAR) rcx(SAR) ,rflags ,TEST,3,SAR,4,SUB,3,XOR,3,LEA,5,LEA,8,MOV,3,MOV,3,MOV,3,CALL_NEAR,5,0,1,1,0,0,JE,0,0,1,0,0,0,CALL,0,1,4210717,4210766,4210741,0,0,0,1,cpp,5.884511618175948e-05,1.0,1,0,1
0x404010,JZ,12424488,20,13,2,0x404005,TEST,1,NonLeaf,rdi(-1) rdi(-1) ,rflags ,LEA,8,TEST,3,MOV,3,MOV,3,JZ,2,MOV,3,MOV,3,CALL_NEAR,5,MOV,4,LEA,5,0,1,1,0,0,JE,0,0,1,0,0,0,CALL,0,1,4210693,4210717,4210706,0,0,0,1,cpp,5.884511618175948e-05,1.6097242799864267e-06,0,0,0
0x403ffd,JZ,12424488,0,8,2,0x403ffa,TEST,1,NonLeaf,rax(LEA) rax(LEA) ,rflags ,TEST,3,LEA,4,MOV,3,SAR,4,SUB,3,MOV,3,MOV,3,TEST,3,LEA,8,JZ,2,0,1,1,0,0,JE,0,0,1,0,0,0,MOV,0,0,4210678,4210693,4210687,0,0,0,1,cpp,5.884511618175948e-05,0.0,0,0,0
0x403fba,JBE,12424468,12424468,211,6,0x403fb7,CMP,1,NonLeaf,rax(-1) rsi(LEA) ,rflags ,CMP,3,LEA,4,JZ,6,TEST,3,SAR,4,MOV,3,MOV,7,SUB,3,SAR,4,MOV,3,0,1,0,0,0,JA,0,0,1,0,0,0,SAR,0,0,4210611,4210829,4210624,0,0,0,0,cpp,5.88450214573472e-05,1.0,1,0,1
0x403fad,JZ,12424488,20,203,6,0x403faa,TEST,1,NonLeaf,rax(SAR) rax(SAR) ,rflags ,TEST,3,SAR,4,SUB,3,MOV,3,NOP,10,LEA,4,CMP,3,JBE,6,MOV,3,MOV,7,0,1,0,0,0,JMP,0,0,1,0,0,0,JBE,0,0,4210592,4210808,4210611,0,0,0,0,cpp,5.884511618175948e-05,1.6097242799864267e-06,0,0,0
0x403f4a,JZ,12424488,12424488,86,2,0x403f46,CMP,1,NonLeaf,rax(MOV) rdi(-1) ,rflags ,CMP,4,MOV,4,SUB,4,MOV,3,PUSH,1,TEST,3,JZ,2,MOV,4,MOV,3,LEA,4,0,1,0,0,0,JE,0,0,1,0,0,0,JE,0,0,4210480,4210592,4210508,1,0,0,0,cpp,5.884511618175948e-05,1.0,1,0,1
0x403ec6,JZ,24805017,0,12,2,0x403ec3,TEST,1,NonLeaf,rsi(-1) rsi(-1) ,rflags ,TEST,3,JZ,2,CMP,7,MOV,7,MOV,7,MOV,7,MOV,3,ADD,4,MOV,7,POP,1,0,1,1,0,0,RET,0,0,1,0,0,0,MOV,0,0,4210371,4210386,4210376,1,0,1,1,cpp,0.0001174820328415,0.0,0,0,0
0x403ec1,JZ,30932281,6127264,79,2,0x403eba,CMP,1,NonLeaf,rsi(MOV) rbx(-1) ,rflags ,CMP,7,MOV,7,MOV,7,ADD,4,MOV,3,TEST,3,JZ,2,MOV,7,MOV,3,ADD,4,0,1,0,0,0,CALL,0,1,1,0,0,0,JE,0,0,4210355,4210448,4210371,0,0,1,0,cpp,0.0001465021069046,0.1980863939520011,0,0,0
0x403e9c,JZ,24805017,0,12,2,0x403e99,TEST,1,NonLeaf,rsi(-1) rsi(-1) ,rflags ,TEST,3,JZ,2,CMP,7,MOV,7,CALL_NEAR,5,MOV,7,MOV,3,ADD,4,MOV,7,MOV,7,0,1,1,0,0,MOV,0,0,1,0,0,0,MOV,0,0,4210329,4210344,4210334,1,0,1,1,cpp,0.0001174820328415,0.0,0,0,0
0x403e97,JZ,30932281,6127264,94,2,0x403e90,CMP,1,NonLeaf,rsi(MOV) rbx(-1) ,rflags ,CMP,7,MOV,7,CALL_NEAR,5,JBE,2,CMP,3,TEST,3,JZ,2,MOV,7,MOV,3,ADD,4,0,0,0,0,0,CALL,0,1,0,0,0,0,JE,0,0,4210313,4210421,4210329,0,0,1,0,cpp,0.0001465021069046,0.1980863939520011,0,0,0
0x403e82,JBE,30932281,0,94,2,0x403e7f,CMP,1,NonLeaf,eax(LEA) ,rflags ,CMP,3,MOV,6,LEA,3,MOV,3,PUSH,1,CALL_NEAR,5,MOV,7,CMP,7,JZ,2,TEST,3,0,1,0,0,0,CALL,0,1,1,0,0,0,CALL,0,1,4210288,4210400,4210308,0,0,1,1,cpp,0.0001465021069046,0.0,0,0,0
0x4034fe,JZ,27916,0,12,2,0x4034fb,TEST,1,NonLeaf,rsi(-1) rsi(-1) ,rflags ,TEST,3,JZ,2,CMP,7,MOV,7,MOV,7,MOV,7,MOV,3,ADD,4,MOV,7,POP,1,0,1,1,0,0,RET,0,0,1,0,0,0,MOV,0,0,4207867,4207882,4207872,1,0,1,1,cpp,1.322163346553997e-07,0.0,0,0,0
0x4034f9,JZ,39333,11417,87,2,0x4034f2,CMP,1,NonLeaf,rsi(MOV) rbx(-1) ,rflags ,CMP,7,MOV,7,MOV,7,ADD,4,MOV,3,TEST,3,JZ,2,MOV,7,MOV,3,ADD,4,0,1,0,0,0,CALL,0,1,1,0,0,0,JE,0,0,4207851,4207952,4207867,0,0,1,0,cpp,1.862897654033829e-07,0.2902651717387435,0,0,0
0x4034d4,JZ,27916,0,12,2,0x4034d1,TEST,1,NonLeaf,rsi(-1) rsi(-1) ,rflags ,TEST,3,JZ,2,CMP,7,MOV,7,CALL_NEAR,5,MOV,7,MOV,3,ADD,4,MOV,7,MOV,7,0,1,1,0,0,MOV,0,0,1,0,0,0,MOV,0,0,4207825,4207840,4207830,1,0,1,1,cpp,1.322163346553997e-07,0.0,0,0,0
0x4034cf,JZ,39333,11417,102,2,0x4034c8,CMP,1,NonLeaf,rsi(MOV) rbx(-1) ,rflags ,CMP,7,MOV,7,CALL_NEAR,5,JBE,2,CMP,3,TEST,3,JZ,2,MOV,7,MOV,3,ADD,4,0,0,0,0,0,CALL,0,1,0,0,0,0,JE,0,0,4207809,4207925,4207825,0,0,1,0,cpp,1.862897654033829e-07,0.2902651717387435,0,0,0
0x4034ba,JBE,39333,0,102,2,0x4034b7,CMP,1,NonLeaf,eax(LEA) ,rflags ,CMP,3,MOV,3,PUSH,1,LEA,3,INVALID,0,CALL_NEAR,5,MOV,7,CMP,7,JZ,2,TEST,3,0,1,0,0,0,CALL,0,1,1,0,0,0,CALL,0,1,4207792,4207904,4207804,0,0,1,1,cpp,1.862897654033829e-07,0.0,0,0,0
0x403467,JZ,19,0,5,2,0x403464,TEST,1,NonLeaf,rsi(-1) rsi(-1) ,rflags ,TEST,3,JZ,2,MOV,4,CMP,7,MOV,7,MOV,3,ADD,4,MOV,7,ADD,4,POP,1,0,1,1,0,0,MOV,0,0,1,0,0,0,MOV,0,0,4207716,4207724,4207721,1,0,1,1,cpp,8.998819166258038e-11,0.0,0,0,0
0x403462,JZ,29,10,54,2,0x403457,CMP,1,NonLeaf,rsi(MOV) rbx(-1) ,rflags ,MOV,4,CMP,7,MOV,7,CALL_NEAR,5,MOV,3,TEST,3,JZ,2,MOV,3,ADD,4,MOV,7,0,1,0,0,0,CALL,0,1,1,0,0,0,JE,0,0,4207696,4207768,4207716,0,0,1,0,cpp,1.3735039780078059e-10,0.3448275862068966,0,0,0
0x4ba5fd,JNZ,29580,0,76,2,0x4ba5f6,CMP,1,NonLeaf,rbp(-1) ,rflags ,CMP,7,SUB,4,MOV,7,JNZ,6,CMP,7,TEST,3,JLE,2,MOVSXD,3,MOV,5,MOV,3,0,1,0,0,0,JAE,0,0,1,0,0,0,JLE,0,0,4957675,4957769,4957695,0,0,0,0,cpp,1.400974057567962e-07,0.0,0,0,0
0x403438,JZ,19,0,5,2,0x403435,TEST,1,NonLeaf,rsi(-1) rsi(-1) ,rflags ,TEST,3,JZ,2,MOV,4,CMP,7,MOV,7,MOV,3,ADD,4,MOV,7,MOV,3,CALL_NEAR,5,0,1,1,0,0,MOV,0,0,1,0,0,0,MOV,0,0,4207669,4207677,4207674,1,0,1,1,cpp,8.998819166258038e-11,0.0,0,0,0
0x403433,JZ,29,10,77,2,0x403428,CMP,1,NonLeaf,rsi(MOV) rbx(-1) ,rflags ,MOV,4,CMP,7,MOV,7,CALL_NEAR,5,MOV,7,TEST,3,JZ,2,MOV,3,ADD,4,MOV,7,0,1,0,0,0,CALL,0,1,1,0,0,0,JE,0,0,4207649,4207744,4207669,0,0,1,0,cpp,1.3735039780078059e-10,0.3448275862068966,0,0,0
0x4032e6,JZ,1536348,0,12,2,0x4032e3,TEST,1,NonLeaf,rsi(-1) rsi(-1) ,rflags ,TEST,3,JZ,2,CMP,7,MOV,7,MOV,7,MOV,7,MOV,3,ADD,4,MOV,7,POP,1,0,1,1,0,0,RET,0,0,1,0,0,0,MOV,0,0,4207331,4207346,4207336,1,0,1,1,cpp,7.276483067601161e-06,0.0,0,0,0
0x4032e1,JZ,1609901,73553,55,2,0x4032da,CMP,1,NonLeaf,rsi(MOV) rbx(-1) ,rflags ,CMP,7,MOV,7,MOV,7,ADD,4,MOV,3,TEST,3,JZ,2,MOV,7,MOV,3,ADD,4,0,1,0,0,0,CALL,0,1,1,0,0,0,JE,0,0,4207315,4207384,4207331,0,0,1,0,cpp,7.624846302409465e-06,0.0456879025480448,0,0,0
0x4032bc,JZ,1536348,0,12,2,0x4032b9,TEST,1,NonLeaf,rsi(-1) rsi(-1) ,rflags ,TEST,3,JZ,2,CMP,7,MOV,7,CALL_NEAR,5,MOV,7,MOV,3,ADD,4,MOV,7,MOV,7,0,1,1,0,0,MOV,0,0,1,0,0,0,MOV,0,0,4207289,4207304,4207294,1,0,1,1,cpp,7.276483067601161e-06,0.0,0,0,0
0x4032b7,JZ,1609901,73553,73,2,0x4032b0,CMP,1,NonLeaf,rsi(MOV) rbx(-1) ,rflags ,CMP,7,MOV,7,CALL_NEAR,5,MOV,3,PUSH,1,TEST,3,JZ,2,MOV,7,MOV,3,ADD,4,0,1,0,0,0,CALL,0,1,1,0,0,0,JE,0,0,4207273,4207360,4207289,0,0,1,0,cpp,7.624846302409465e-06,0.0456879025480448,0,0,0
0x403159,JZ,15440863,0,-83,2,0x403155,CMP,1,Leaf,r8(-1) rdx(MOV) ,rflags ,CMP,4,MOV,7,JMP,2,SUB,4,JZ,2,SUB,4,JMP,2,MOV,3,JMP,5,LEA,4,0,0,0,0,0,RET,0,0,1,0,0,0,JMP,0,0,4206933,4206854,4206939,0,1,0,0,cpp,7.313133363577084e-05,0.0,0,0,0
0x403146,JZ,7796995,0,-64,2,0x403142,CMP,1,Leaf,r8(-1) rdx(MOV) ,rflags ,CMP,4,MOV,7,RET_NEAR,1,SETNZ,3,CMP,3,SUB,4,JMP,2,MOV,7,CMP,4,JZ,2,0,0,0,0,0,RET,0,0,1,0,0,0,JMP,0,0,4206907,4206854,4206920,0,1,0,0,cpp,3.692828844485163e-05,0.0,0,0,0
0x403104,JNZ,23269152,23269152,-30,2,0x403100,CMP,1,Leaf,r8(-1) rdx(MOV) ,rflags ,CMP,4,XOR,2,MOV,7,RET_NEAR,1,SETNZ,3,CMP,3,SETNZ,3,RET_NEAR,1,NOP,3,SUB,4,0,0,0,0,0,REPZ RET,0,0,0,0,0,0,RET,0,0,4206846,4206822,4206854,0,0,0,0,cpp,0.0001102078373685,1.0,1,0,1
0x4030e4,JZ,15491016,7828289,19,2,0x4030e0,CMP,1,Leaf,rdx(-1) ,rflags ,CMP,4,XOR,2,JZ,2,CMP,4,JZ,2,RET_NEAR,2,MOV,3,NOP,5,CMP,3,SETNZ,3,0,1,0,0,0,MOV,0,0,0,0,0,0,REPZ RET,0,0,4206814,4206839,4206822,0,0,0,0,cpp,7.336886930821576e-05,0.5053438070169187,1,0,1
0x4030dc,JZ,23288011,7796995,95,2,0x4030d8,CMP,1,Leaf,rdx(-1) ,rflags ,CMP,4,JZ,2,CMP,4,SAR,4,SUB,3,XOR,2,CMP,4,JZ,2,RET_NEAR,2,MOV,3,0,1,0,0,0,JE,0,0,1,0,0,0,JE,0,0,4206808,4206907,4206814,0,0,0,0,cpp,0.000110297157753,0.334807253397467,0,0,0
0x4030d6,JZ,30931879,7643868,120,2,0x4030d2,CMP,1,Leaf,rdx(SAR) ,rflags ,CMP,4,SAR,4,SUB,3,MOV,3,JNZ,2,CMP,4,JZ,2,XOR,2,CMP,4,JZ,2,0,1,0,0,0,MOV,0,0,1,0,0,0,JE,0,0,4206802,4206926,4206808,0,0,0,0,cpp,0.0001465002029439,0.2471194200649757,0,0,0
0x4030c6,JNZ,580826552,549894673,-38,2,0x4030bf,SUB,1,Leaf,rcx(SUB) ,rcx rflags ,MOV,3,SUB,4,LEA,4,MOV,3,JZ,2,MOV,3,SUB,3,SAR,4,CMP,4,JZ,2,1,1,0,0,0,JE,0,0,1,0,0,0,SAR,1,0,4206779,4206752,4206792,0,0,0,0,cpp,0.0027509226886364,0.946745067191763,1,1,1
0x4030b6,JZ,549894646,4,122,2,0x4030b2,CMP,1,Leaf,rax(-1) rdx(-1) ,rflags ,CMP,4,JZ,2,CMP,4,JZ,2,CMP,4,MOV,3,LEA,4,SUB,4,MOV,3,JNZ,2,0,1,0,0,0,RET,1,0,1,0,0,0,MOV,0,0,4206770,4206896,4206776,0,0,0,0,cpp,0.0026044223578144,7.274120650376363e-09,0,0,0
0x4030b0,JZ,549894658,12,112,2,0x4030ac,CMP,1,Leaf,rax(-1) rdx(-1) ,rflags ,CMP,4,JZ,2,CMP,4,JZ,2,CMP,4,CMP,4,JZ,2,MOV,3,LEA,4,SUB,4,0,1,0,0,0,RET,1,0,1,0,0,0,JE,0,0,4206764,4206880,4206770,0,0,0,0,cpp,0.0026044224146491,2.1822361474913623e-08,0,0,0
0x4030aa,JZ,549894659,1,102,2,0x4030a6,CMP,1,Leaf,rax(-1) rdx(-1) ,rflags ,CMP,4,JZ,2,CMP,4,NOP,8,JMP,5,CMP,4,JZ,2,CMP,4,JZ,2,MOV,3,0,1,0,0,0,SUB,1,0,1,0,0,0,JE,0,0,4206758,4206864,4206764,0,0,0,0,cpp,0.0026044224193853,1.8185301196024163e-09,0,0,0
0x4030a4,JZ,549894673,14,76,2,0x4030a0,CMP,1,Leaf,rax(-1) rdx(-1) ,rflags ,CMP,4,NOP,8,JMP,5,JNZ,2,CMP,4,CMP,4,JZ,2,CMP,4,JZ,2,CMP,4,0,0,0,0,0,RET,1,0,1,0,0,0,JE,0,0,4206752,4206832,4206758,1,0,0,0,cpp,0.0026044224856924,2.5459421026251694e-08,0,0,0
0x403091,JNZ,30931911,30931910,42,2,0x40308d,CMP,1,Leaf,rdx(-1) rax(-1) ,rflags ,CMP,4,JZ,6,CMP,4,JZ,6,CMP,4,JMP,5,NOP,8,CMP,4,JZ,2,CMP,4,0,1,0,1,0,JNE,0,0,1,0,0,0,JMP,0,0,4206733,4206779,4206739,0,0,0,0,cpp,0.000146500354503,0.9999999676709272,1,1,1
0x403087,JZ,30932281,370,226,6,0x403083,CMP,1,Leaf,rdx(-1) rax(-1) ,rflags ,CMP,4,JZ,6,CMP,4,JZ,2,CMP,4,CMP,4,JNZ,2,JMP,5,NOP,8,CMP,4,0,1,0,0,0,JMP,0,0,1,0,0,0,JNE,0,0,4206723,4206953,4206733,0,0,0,0,cpp,0.0001465021069046,1.1961613823435785e-05,0,0,0
0x40307d,JZ,30932281,0,242,6,0x403079,CMP,1,Leaf,rdx(-1) rax(-1) ,rflags ,CMP,4,JZ,2,CMP,4,MOV,7,JLE,6,CMP,4,JZ,6,CMP,4,JNZ,2,JMP,5,0,1,0,0,0,JMP,0,0,1,0,0,0,JE,0,0,4206713,4206959,4206723,0,0,0,0,cpp,0.0001465021069046,0.0,0,0,0
0x403077,JZ,30932281,0,113,2,0x403073,CMP,1,Leaf,rax(-1) rdx(MOV) ,rflags ,CMP,4,MOV,7,JLE,6,TEST,3,SAR,4,CMP,4,JZ,6,CMP,4,JZ,6,CMP,4,0,1,0,0,0,NOP,0,0,1,0,0,0,JE,0,0,4206700,4206824,4206713,0,0,0,0,cpp,0.0001465021069046,0.0,0,0,0
0x403066,JLE,30932281,0,251,6,0x403063,TEST,1,Leaf,rcx(SAR) rcx(SAR) ,rflags ,TEST,3,SAR,4,SAR,4,MOV,3,SUB,3,MOV,7,CMP,4,JZ,2,CMP,4,JZ,6,0,1,0,0,0,JMP,0,0,1,0,0,0,JE,0,0,4206656,4206945,4206700,0,0,0,0,cpp,0.0001465021069046,0.0,0,0,0
0x4ba11f,JZ,610601,610601,13,2,0x4ba118,CMP,1,NonLeaf,rip(JZ) ,rflags ,CMP,7,MOV,8,NOP,3,RET_NEAR,1,POP,1,DEC_LOCK,3,JNZ,6,JMP,2,DEC,2,JNZ,6,0,1,0,0,0,JNE,0,0,1,0,0,0,JNE,0,0,4956432,4956460,4956449,0,0,1,0,cpp,2.891941043019118e-06,1.0,1,0,1
0x402e42,JNZ,8949,8920,-34,2,0x402e3f,CMP,1,NonLeaf,rax(ADD) rdi(-1) ,rflags ,CMP,3,ADD,4,XOR,4,LEA,8,IMUL,7,MOV,7,POP,1,RET_NEAR,1,MOV,10,JMP,5,0,0,0,1,1,JE,0,0,0,1,0,0,RET,1,0,4206139,4206112,4206148,0,0,0,1,cpp,4.238443827307536e-08,0.9967594144597162,1,1,1
0x402e26,JZ,8949,1840,21,2,0x402e23,CMP,1,NonLeaf,edx(MOV) ,rflags ,CMP,3,MOV,3,NOP,5,ADD,4,MOV,10,IMUL,7,LEA,8,XOR,4,ADD,4,CMP,3,1,1,1,0,0,JNE,0,0,1,0,0,0,XOR,0,0,4206112,4206139,4206120,0,1,0,0,cpp,4.238443827307536e-08,0.2056095653145603,0,0,0
0x402dfe,JLE,29,0,94,2,0x402df4,TEST,1,NonLeaf,r9d(-1) r9d(-1) ,rflags ,MOV,7,TEST,3,XOR,3,MOV,10,JNZ,2,LEA,4,LEA,7,XOR,2,MOV,10,ADD,4,0,1,0,0,0,JMP,0,0,1,0,0,0,NOP,0,0,4206068,4206172,4206080,0,0,0,0,cpp,1.3735039780078059e-10,0.0,0,0,0
0x402de5,JNZ,29,0,15,2,0x402de3,TEST,1,NonLeaf,edx(MOV) edx(MOV) ,rflags ,TEST,2,XOR,3,MOV,6,XOR,8,MOV,8,MOV,10,XOR,3,TEST,3,MOV,7,JLE,2,0,1,1,0,0,JLE,0,0,1,0,0,0,XOR,0,0,4206012,4206068,4206055,0,0,1,0,cpp,1.3735039780078059e-10,0.0,0,0,0
0x402dba,JNZ,8949,8920,-34,2,0x402db7,CMP,1,NonLeaf,rax(ADD) rdi(-1) ,rflags ,CMP,3,ADD,4,XOR,4,LEA,8,IMUL,7,MOVSXD,7,MOVSXD,7,MOV,8,XOR,8,MOV,6,0,0,0,1,1,JE,0,0,0,1,0,0,JNE,1,0,4206003,4205976,4206012,0,0,0,0,cpp,4.238443827307536e-08,0.9967594144597162,1,1,1
0x402d9e,JZ,8949,1840,21,2,0x402d9b,CMP,1,NonLeaf,edx(MOV) ,rflags ,CMP,3,MOV,3,NOP,4,ADD,4,MOV,10,IMUL,7,LEA,8,XOR,4,ADD,4,CMP,3,1,1,1,0,0,JNE,0,0,1,0,0,0,XOR,0,0,4205976,4206003,4205984,0,1,0,0,cpp,4.238443827307536e-08,0.2056095653145603,0,0,0
0x402d73,JLE,29,0,218,6,0x402d70,TEST,1,NonLeaf,r9d(MOV) r9d(MOV) ,rflags ,TEST,3,MOV,7,CALL_NEAR,5,MOV,3,PUSH,1,LEA,4,LEA,7,XOR,2,MOV,10,ADD,4,0,1,0,0,0,JMP,0,0,1,0,0,0,NOP,0,0,4205929,4206157,4205945,0,0,0,0,cpp,1.3735039780078059e-10,0.0,0,0,0
0x402ce2,JB,22715198,12413040,22,2,0x402cda,CMP,1,NonLeaf,rbx(-1) rdx(-1) ax(MOVZX) ,rflags ,CMP,8,MOVZX,8,JZ,6,CMP,2,MOVZX,3,MOV,2,MOV,2,MOV,3,CALL_NEAR,5,JMP,5,0,1,0,0,0,CALL,0,1,1,0,0,0,CALL,0,1,4205778,4205816,4205796,0,0,1,1,cpp,0.0001075841890146,0.5464640898133487,1,0,1
0x402ccc,JZ,25774757,3059559,-573,6,0x402cca,CMP,1,NonLeaf,edi(MOVZX) esi(MOVZX) ,rflags ,CMP,2,MOVZX,3,MOVZX,3,MOVZX,7,MOVZX,8,MOVZX,8,CMP,8,JB,2,MOV,2,MOV,2,0,0,1,0,0,JNE,0,0,1,0,0,0,JB,0,0,4205744,4205199,4205778,0,0,0,0,cpp,0.0001220749354196,0.1187036991270179,0,0,0
0x402c8a,JNZ,7769355,3484906,-218,6,0x402c7e,CMP,1,NonLeaf,rsp(-1) r15d(MOVZX) ,rflags ,MOV,7,CMP,5,XOR,7,MOV,3,MOV,7,MOV,5,MOV,4,MOV,5,ADD,4,MOV,5,0,1,0,0,0,MOV,0,0,1,1,0,0,JMP,1,0,4205596,4205488,4205712,0,0,0,1,cpp,3.6797379307085646e-05,0.4485450851454207,0,0,0
0x402b81,JNZ,30720237,26435788,-242,6,0x402b78,CMP,1,NonLeaf,rbx(-1) rax(MOVZX) ,rflags ,CMP,9,MOVZX,8,NOP,10,RET_NEAR,1,POP,2,MOV,7,MOV,7,MOV,3,MOV,8,MOV,5,0,0,1,0,0,JNE,0,0,1,0,0,0,JMP,0,0,4205424,4205199,4205447,0,0,0,1,cpp,0.0001454978197408,0.8605333350781116,1,0,1
0x402b51,JZ,2883926,1580966,463,6,0x402b4f,TEST,1,NonLeaf,edx(MOV) edx(MOV) ,rflags ,TEST,2,MOV,4,MOV,4,JNZ,6,CMP,5,ADD,4,POP,1,POP,1,POP,2,POP,2,0,0,0,0,0,JMP,0,0,0,1,0,0,RET,0,0,4205383,4205856,4205399,0,0,0,0,cpp,1.3658909769931516e-05,0.5481992256389381,1,0,1
0x402b41,JNZ,30971614,28087688,479,6,0x402b3c,CMP,1,NonLeaf,rsp(-1) ,rflags ,CMP,5,JZ,6,CMP,9,MOVZX,9,MOV,4,MOV,4,MOV,4,TEST,2,JZ,6,ADD,4,0,1,0,0,0,JMP,0,0,1,0,0,0,JE,0,0,4205372,4205856,4205383,0,0,0,0,cpp,0.00014668839667,0.9068848656062936,1,0,1
0x402b36,JZ,30971614,0,474,6,0x402b2d,CMP,1,NonLeaf,rbx(-1) rax(MOVZX) ,rflags ,CMP,9,MOVZX,9,MOV,4,MOVZX,9,MOV,8,CMP,5,JNZ,6,MOV,4,MOV,4,TEST,2,0,1,0,0,0,CALL,0,1,1,1,0,0,JNE,0,0,4205210,4205840,4205372,0,0,1,0,cpp,0.00014668839667,0.0,0,0,0
0x402a98,JNZ,123886456,92914842,-63,2,0x402a93,CMP,1,NonLeaf,r12(ADD) rsp(-1) ,rflags ,CMP,5,ADD,4,JZ,6,CMP,4,JZ,6,MOV,5,MOV,5,MOV,5,MOV,4,IMUL,7,0,0,0,1,1,JE,0,0,1,1,0,0,JE,1,0,4205199,4205145,4205210,0,0,0,1,cpp,0.0005867535866803,0.75,1,1,1
0x402a89,JZ,93166219,25774757,551,6,0x402a85,CMP,1,NonLeaf,rsp(-1) edx(-1) ,rflags ,CMP,4,JZ,6,CMP,4,MOV,7,MOVSXD,3,ADD,4,CMP,5,JNZ,2,MOV,5,MOV,5,0,1,0,0,0,JE,0,0,0,1,0,0,JNE,0,0,4205189,4205744,4205199,0,0,0,0,cpp,0.0004412557669394,0.2766534617016066,0,0,0
0x402a7f,JZ,123886456,30720237,241,6,0x402a7b,CMP,1,NonLeaf,edx(MOV) rsp(-1) ,rflags ,CMP,4,MOV,7,MOVSXD,3,ADD,8,MOV,5,CMP,4,JZ,6,ADD,4,CMP,5,JNZ,2,1,1,0,0,0,JNE,0,0,1,0,0,0,JE,0,0,4205145,4205424,4205189,0,0,0,0,cpp,0.0005867535866803,0.24797090813543,0,0,0
0x4028ce,JNZ,29,0,15,2,0x4028cc,TEST,1,Leaf,edx(MOV) edx(MOV) ,rflags ,TEST,2,XOR,3,MOV,6,XOR,8,MOV,8,MOV,10,XOR,3,MOV,7,RET_NEAR,1,MOV,10,0,1,1,0,0,RET,0,0,1,0,0,0,XOR,0,0,4204709,4204765,4204752,0,0,1,0,cpp,1.3735039780078059e-10,0.0,0,0,0
0x4028a3,JNZ,8949,8920,-35,2,0x4028a0,CMP,1,Leaf,rax(ADD) r9(-1) ,rflags ,CMP,3,ADD,4,XOR,4,LEA,8,IMUL,7,MOVSXD,7,MOVSXD,7,MOV,8,XOR,8,MOV,6,0,0,0,1,1,JE,0,0,0,1,0,0,JNE,1,0,4204700,4204672,4204709,0,0,0,0,cpp,4.238443827307536e-08,0.9967594144597162,1,1,1
0x402887,JZ,8949,1840,21,2,0x402884,CMP,1,Leaf,edx(MOV) ,rflags ,CMP,3,MOV,4,NOP,7,ADD,4,MOV,10,IMUL,7,LEA,8,XOR,4,ADD,4,CMP,3,1,1,1,0,0,JNE,0,0,1,0,0,0,XOR,0,0,4204672,4204700,4204681,0,1,0,0,cpp,4.238443827307536e-08,0.2056095653145603,0,0,0
0x402858,JLE,29,0,141,6,0x402856,TEST,1,Leaf,eax(MOV) eax(MOV) ,rflags ,TEST,2,MOV,6,INVALID,0,INVALID,0,INVALID,0,LEA,4,LEA,7,XOR,2,MOV,10,ADD,4,0,1,0,0,0,JMP,0,0,1,0,0,0,NOP,0,0,4204624,4204773,4204638,0,1,0,0,cpp,1.3735039780078059e-10,0.0,0,0,0
0x40282b,JNZ,8949,8920,-35,2,0x402828,CMP,1,Leaf,rdx(ADD) r9(-1) ,rflags ,CMP,3,ADD,4,XOR,4,LEA,8,IMUL,7,MOV,7,RET_NEAR,1,MOV,10,JMP,2,INVALID,0,0,0,0,1,1,JE,0,0,0,1,0,0,RET,1,0,4204580,4204552,4204589,0,0,0,1,cpp,4.238443827307536e-08,0.9967594144597162,1,1,1
0x40280f,JZ,8949,1840,21,2,0x40280c,CMP,1,Leaf,ecx(MOV) ,rflags ,CMP,3,MOV,4,NOP,3,ADD,4,MOV,10,IMUL,7,LEA,8,XOR,4,ADD,4,CMP,3,1,1,1,0,0,JNE,0,0,1,0,0,0,XOR,0,0,4204552,4204580,4204561,0,1,0,0,cpp,4.238443827307536e-08,0.2056095653145603,0,0,0
0x4027e8,JLE,29,0,77,2,0x4027e6,TEST,1,Leaf,eax(MOV) eax(MOV) ,rflags ,TEST,2,MOV,6,INVALID,0,INVALID,0,INVALID,0,LEA,4,LEA,7,XOR,2,MOV,10,ADD,4,0,1,0,0,0,JMP,0,0,1,0,0,0,NOP,0,0,4204512,4204597,4204522,0,1,0,0,cpp,1.3735039780078059e-10,0.0,0,0,0
0x402685,JZ,1,1,19,2,0x40267d,CMP,1,NonLeaf,rip(JZ) ,rflags ,CMP,8,CALL_NEAR,5,MOV,5,MOV,5,JZ,2,MOV,5,TEST,3,JZ,2,MOV,5,CALL_NEAR,2,0,1,1,0,0,JMP,0,0,1,0,0,0,JE,0,0,4204157,4204184,4204167,0,0,0,0,cpp,4.736220613820021e-12,1.0,1,0,1
0x40266c,JZ,1,0,17,2,0x402666,TEST,1,NonLeaf,rax(MOV) rax(MOV) ,rflags ,MOV,3,TEST,3,MOV,5,PUSH,1,INVALID,0,MOV,5,MOV,5,CALL_NEAR,5,CMP,8,JZ,2,0,1,1,0,0,JE,0,0,1,0,0,0,CALL,0,1,4204128,4204157,4204142,0,0,0,1,cpp,4.736220613820021e-12,0.0,0,0,0
0x40264a,JZ,1,0,9,2,0x402647,TEST,1,NonLeaf,rax(MOV) rax(MOV) ,rflags ,TEST,3,MOV,5,CALL_NEAR,5,MOV,3,PUSH,1,MOV,5,CALL_NEAR,2,POP,1,MOV,7,RET_NEAR,2,0,1,1,0,0,MOV,0,0,1,0,0,0,CALL,0,1,4204098,4204115,4204108,0,0,1,1,cpp,4.736220613820021e-12,0.0,0,0,0
0x402637,JNZ,1,0,36,2,0x402630,CMP,1,NonLeaf,rip(JNZ) ,rflags ,CMP,7,INVALID,0,INVALID,0,INVALID,0,INVALID,0,PUSH,1,MOV,3,CALL_NEAR,5,MOV,5,TEST,3,0,1,1,0,0,REPZ RET,0,0,1,0,0,0,CALL,0,1,4204080,4204123,4204089,0,0,0,1,cpp,4.736220613820021e-12,0.0,0,0,0
0x402610,JNZ,1,0,4,2,0x40260d,SAR,1,Leaf,rax(SAR) ,rax rflags ,SAR,3,ADD,3,SHR,4,MOV,3,MOV,3,POP,1,RET_NEAR,1,MOV,5,TEST,3,JZ,2,0,1,0,0,0,JE,0,0,1,0,0,0,RET,0,0,4204016,4204052,4204050,0,0,0,0,cpp,4.736220613820021e-12,0.0,0,0,0
0x4025d3,JNBE,1,0,4,2,0x4025cc,CMP,1,Leaf,rax(SUB) ,rflags ,MOV,3,CMP,4,SUB,6,PUSH,1,MOV,5,POP,1,RET_NEAR,1,MOV,5,TEST,3,JZ,2,0,1,0,0,0,JE,0,0,1,0,0,0,RET,0,0,4203968,4203991,4203989,0,0,0,0,cpp,4.736220613820021e-12,0.0,0,0,0
0x402522,JNZ,1,1,-160,6,0x40251e,CMP,1,NonLeaf,r8d(-1) ,rflags ,CMP,4,JBE,6,CMP,3,LEA,3,JNZ,2,CMP,4,JNZ,6,LEA,4,CMP,3,JNBE,6,0,0,1,0,0,JE,0,0,1,0,0,0,JNE,0,0,4203806,4203650,4203816,0,0,0,0,cpp,4.736220613820021e-12,1.0,1,0,1
0x402518,JBE,1,0,-150,6,0x402515,CMP,1,NonLeaf,eax(LEA) ,rflags ,CMP,3,LEA,3,JNZ,2,MOVZX,3,AND,6,CMP,4,JNZ,6,CMP,4,JNZ,6,LEA,4,0,0,1,0,0,JE,0,0,1,0,0,0,JNE,0,0,4203794,4203650,4203806,0,0,0,0,cpp,4.736220613820021e-12,0.0,0,0,0
0x402510,JNZ,2,2,-31,2,0x402507,AND,1,NonLeaf,ecx(AND) ,ecx rflags ,MOVZX,3,AND,6,CPUID,2,MOV,3,LEA,3,LEA,3,CMP,3,JBE,6,CMP,4,JNZ,6,1,1,0,0,0,JE,0,0,0,1,0,0,JBE,1,0,4203775,4203761,4203794,0,0,0,0,cpp,9.47244122764004e-12,1.0,1,1,1
0x4024fb,JZ,2,1,126,2,0x4024f5,CMP,1,NonLeaf,ecx(-1) ,rflags ,CMP,6,JZ,2,TEST,2,JMP,2,MOV,6,MOV,2,LEA,3,MOV,3,CPUID,2,AND,6,0,1,0,0,0,JMP,1,0,1,0,0,0,MOV,0,0,4203765,4203897,4203773,1,0,0,0,cpp,9.47244122764004e-12,0.5,0,0,0
0x4024f3,JZ,2,0,31,2,0x4024f1,TEST,1,NonLeaf,ebx(-1) ebx(-1) ,rflags ,TEST,2,JMP,2,MOV,6,XOR,2,JLE,2,CMP,6,JZ,2,MOV,2,LEA,3,MOV,3,0,0,1,0,0,JBE,1,0,1,0,0,0,JE,0,0,4203761,4203794,4203765,0,0,0,0,cpp,9.47244122764004e-12,0.0,0,0,0
0x4024e5,JLE,1,0,45,2,0x4024e1,CMP,1,NonLeaf,r10d(-1) ,rflags ,CMP,4,JZ,2,AND,6,MOV,5,MOV,2,XOR,2,MOV,6,JMP,2,TEST,2,JZ,2,0,1,1,0,0,JBE,0,0,1,0,0,0,JMP,0,0,4203745,4203794,4203751,0,0,0,0,cpp,4.736220613820021e-12,0.0,0,0,0
0x4024df,JZ,1,0,-93,2,0x4024d9,AND,1,NonLeaf,esi(AND) ,esi rflags ,AND,6,MOV,5,MOV,2,SHR,3,JMP,5,CMP,4,JLE,2,XOR,2,MOV,6,JMP,2,0,0,1,0,0,JE,0,0,1,0,0,0,JLE,0,0,4203727,4203650,4203745,0,0,0,0,cpp,4.736220613820021e-12,0.0,0,0,0
0x40248d,JLE,1,0,-276,6,0x40248a,TEST,1,NonLeaf,rbp(-1) rbp(-1) ,rflags ,TEST,3,JZ,6,TEST,2,MOVZX,7,JNZ,2,MOV,2,MOV,3,CQO,2,IDIV,3,MOV,3,0,0,1,0,0,JLE,0,0,1,0,0,0,JMP,0,0,4203658,4203385,4203667,0,1,0,0,cpp,4.736220613820021e-12,0.0,0,0,0
0x402484,JZ,1,0,-267,6,0x402482,TEST,1,NonLeaf,eax(-1) eax(-1) ,rflags ,TEST,2,MOVZX,7,JNZ,2,TEST,2,CPUID,2,TEST,3,JLE,6,MOV,2,MOV,3,CQO,2,0,0,1,0,0,JLE,0,0,1,0,0,0,JLE,0,0,4203650,4203385,4203658,0,0,0,0,cpp,4.736220613820021e-12,0.0,0,0,0
0x402479,JNZ,4,4,-25,2,0x402477,TEST,1,NonLeaf,al(-1) ,rflags ,TEST,2,CPUID,2,MOV,3,LEA,3,MOV,2,MOVZX,7,TEST,2,JZ,6,TEST,3,JLE,6,1,1,0,0,0,JE,0,0,0,0,0,0,MOVZX,1,0,4203631,4203616,4203643,0,0,0,0,cpp,1.894488245528008e-11,1.0,1,0,1
0x40246b,JZ,4,1,100,2,0x402468,CMP,1,NonLeaf,edx(AND) r8d(-1) ,rflags ,CMP,3,AND,3,SHR,3,MOV,2,NOP,5,MOV,2,LEA,3,MOV,3,CPUID,2,TEST,2,0,1,0,0,0,JE,1,0,1,0,0,0,MOV,0,0,4203616,4203727,4203629,0,0,0,0,cpp,1.894488245528008e-11,0.25,0,0,0
0x402441,JLE,1,0,58,2,0x40243d,CMP,1,NonLeaf,r10d(MOV) ,rflags ,CMP,4,MOV,7,JLE,6,MOV,6,MOV,3,MOV,7,MOV,7,XOR,2,MOV,6,JMP,2,0,1,0,0,0,MOVZX,0,0,1,0,0,0,JMP,0,0,4203574,4203643,4203587,0,0,0,0,cpp,4.736220613820021e-12,0.0,0,0,0
0x402430,JLE,1,0,305,6,0x402424,TEST,1,NonLeaf,rax(-1) rax(-1) ,rflags ,MOV,6,MOV,3,TEST,3,CALL_NEAR,5,MOV,3,MOV,7,CMP,4,JLE,2,MOV,7,MOV,7,0,1,0,0,0,CALL,0,1,1,1,0,0,JLE,0,0,4203556,4203873,4203574,0,0,1,0,cpp,4.736220613820021e-12,0.0,0,0,0
0x4023ad,JLE,1,0,-175,6,0x4023aa,TEST,1,NonLeaf,rbp(-1) rbp(-1) ,rflags ,TEST,3,MOV,7,SAR,3,MOV,3,MOV,7,MOV,3,MOV,7,AND,4,SAR,3,MOV,7,0,0,0,0,0,RET,0,0,1,0,0,0,RET,0,0,4203434,4203262,4203443,0,1,0,1,cpp,4.736220613820021e-12,0.0,0,0,0
0x40237c,JLE,1,0,46,2,0x402379,TEST,1,NonLeaf,r12(-1) r12(-1) ,rflags ,TEST,3,JNBE,2,CMP,6,ADD,3,MOV,3,MOV,3,MOV,7,AND,4,SAR,3,MOV,7,0,1,1,0,0,JLE,0,0,1,0,0,0,MOV,0,0,4203385,4203434,4203390,0,1,0,1,cpp,4.736220613820021e-12,0.0,0,0,0
0x4022f3,JZ,1,1,282,6,0x4022f0,CMP,1,NonLeaf,eax(MOV) ,rflags ,CMP,3,MOV,6,SUB,4,PUSH,1,PUSH,1,CMP,3,JZ,2,ADD,4,POP,1,POP,1,0,1,0,0,0,CALL,0,1,1,0,0,0,JE,0,0,4203232,4203533,4203257,0,0,1,0,cpp,4.736220613820021e-12,1.0,1,0,1
0x40224f,JNZ,1,0,5,2,0x40224c,CMP,1,Leaf,rax(LEA) ,rflags ,CMP,3,LEA,7,MOV,3,JNZ,2,CMP,3,MOV,3,RET_NEAR,2,INVALID,0,INVALID,0,INVALID,0,0,1,1,0,0,REPZ RET,0,0,1,0,0,0,MOV,0,0,4203077,4203092,4203089,0,0,0,1,cpp,4.736220613820021e-12,0.0,0,0,0
0x402240,JNZ,1,0,5,2,0x40223d,CMP,1,Leaf,rax(LEA) ,rflags ,CMP,3,LEA,7,MOV,3,JNZ,2,CMP,3,MOV,3,LEA,7,CMP,3,JNZ,2,MOV,3,0,1,1,0,0,JNE,0,0,1,0,0,0,MOV,0,0,4203062,4203077,4203074,0,0,0,1,cpp,4.736220613820021e-12,0.0,0,0,0
0x402231,JNZ,1,0,5,2,0x40222e,CMP,1,Leaf,rax(LEA) ,rflags ,CMP,3,LEA,7,MOV,3,JNZ,2,CMP,3,MOV,3,LEA,7,CMP,3,JNZ,2,MOV,3,0,1,1,0,0,JNE,0,0,1,0,0,0,MOV,0,0,4203047,4203062,4203059,0,0,0,1,cpp,4.736220613820021e-12,0.0,0,0,0
0x402222,JNZ,1,0,5,2,0x40221f,CMP,1,Leaf,rax(LEA) ,rflags ,CMP,3,LEA,7,MOV,3,JNZ,2,CMP,3,MOV,3,LEA,7,CMP,3,JNZ,2,MOV,3,0,1,1,0,0,JNE,0,0,1,0,0,0,MOV,0,0,4203032,4203047,4203044,0,0,0,1,cpp,4.736220613820021e-12,0.0,0,0,0
0x402213,JNZ,1,0,5,2,0x402210,CMP,1,Leaf,rax(LEA) ,rflags ,CMP,3,LEA,7,MOV,3,JNZ,2,CMP,3,MOV,3,LEA,7,CMP,3,JNZ,2,MOV,3,0,1,1,0,0,JNE,0,0,1,0,0,0,MOV,0,0,4203017,4203032,4203029,0,0,0,1,cpp,4.736220613820021e-12,0.0,0,0,0
0x402204,JNZ,1,0,5,2,0x402201,CMP,1,Leaf,rax(LEA) ,rflags ,CMP,3,LEA,7,MOV,3,JNZ,2,CMP,3,MOV,3,LEA,7,CMP,3,JNZ,2,MOV,3,0,1,1,0,0,JNE,0,0,1,0,0,0,MOV,0,0,4203002,4203017,4203014,0,0,0,1,cpp,4.736220613820021e-12,0.0,0,0,0
0x4021f5,JNZ,1,0,5,2,0x4021f2,CMP,1,Leaf,rax(LEA) ,rflags ,CMP,3,LEA,7,MOV,3,JNZ,2,CMP,3,MOV,3,LEA,7,CMP,3,JNZ,2,MOV,3,0,1,1,0,0,JNE,0,0,1,0,0,0,MOV,0,0,4202987,4203002,4202999,0,0,0,1,cpp,4.736220613820021e-12,0.0,0,0,0
0x4021e6,JNZ,1,0,5,2,0x4021e3,CMP,1,Leaf,rax(LEA) ,rflags ,CMP,3,LEA,7,MOV,3,JNZ,2,CMP,3,MOV,3,LEA,7,CMP,3,JNZ,2,MOV,3,0,1,1,0,0,JNE,0,0,1,0,0,0,MOV,0,0,4202972,4202987,4202984,0,0,0,1,cpp,4.736220613820021e-12,0.0,0,0,0
0x4021d7,JNZ,1,0,5,2,0x4021d4,CMP,1,Leaf,rax(LEA) ,rflags ,CMP,3,LEA,7,MOV,3,JNZ,2,CMP,3,MOV,3,LEA,7,CMP,3,JNZ,2,MOV,3,0,1,1,0,0,JNE,0,0,1,0,0,0,MOV,0,0,4202957,4202972,4202969,0,0,0,1,cpp,4.736220613820021e-12,0.0,0,0,0
0x4021c8,JNZ,1,0,5,2,0x4021c5,CMP,1,Leaf,rax(LEA) ,rflags ,CMP,3,LEA,7,MOV,3,JNZ,2,CMP,3,MOV,3,LEA,7,CMP,3,JNZ,2,MOV,3,0,1,1,0,0,JNE,0,0,1,0,0,0,MOV,0,0,4202942,4202957,4202954,0,0,0,1,cpp,4.736220613820021e-12,0.0,0,0,0
0x4021b9,JNZ,1,0,5,2,0x4021b6,CMP,1,Leaf,rax(LEA) ,rflags ,CMP,3,LEA,7,MOV,3,JNZ,2,CMP,3,MOV,3,LEA,7,CMP,3,JNZ,2,MOV,3,0,1,1,0,0,JNE,0,0,1,0,0,0,MOV,0,0,4202927,4202942,4202939,0,0,0,1,cpp,4.736220613820021e-12,0.0,0,0,0
0x4021aa,JNZ,1,0,5,2,0x4021a7,CMP,1,Leaf,rax(LEA) ,rflags ,CMP,3,LEA,7,INVALID,0,INVALID,0,INVALID,0,MOV,3,LEA,7,CMP,3,JNZ,2,MOV,3,0,1,1,0,0,JNE,0,0,1,0,0,0,MOV,0,0,4202912,4202927,4202924,0,0,0,1,cpp,4.736220613820021e-12,0.0,0,0,0
0x40218f,JNZ,1,0,5,2,0x40218c,CMP,1,Leaf,rax(LEA) ,rflags ,CMP,3,LEA,7,MOV,3,JNZ,2,CMP,3,MOV,3,RET_NEAR,2,INVALID,0,INVALID,0,INVALID,0,0,1,1,0,0,REPZ RET,0,0,1,0,0,0,MOV,0,0,4202885,4202900,4202897,0,0,0,1,cpp,4.736220613820021e-12,0.0,0,0,0
0x402180,JNZ,1,0,5,2,0x40217d,CMP,1,Leaf,rax(LEA) ,rflags ,CMP,3,LEA,7,MOV,3,JNZ,2,CMP,3,MOV,3,LEA,7,CMP,3,JNZ,2,MOV,3,0,1,1,0,0,JNE,0,0,1,0,0,0,MOV,0,0,4202870,4202885,4202882,0,0,0,1,cpp,4.736220613820021e-12,0.0,0,0,0
0x402171,JNZ,1,0,5,2,0x40216e,CMP,1,Leaf,rax(LEA) ,rflags ,CMP,3,LEA,7,MOV,3,JNZ,2,CMP,3,MOV,3,LEA,7,CMP,3,JNZ,2,MOV,3,0,1,1,0,0,JNE,0,0,1,0,0,0,MOV,0,0,4202855,4202870,4202867,0,0,0,1,cpp,4.736220613820021e-12,0.0,0,0,0
0x402162,JNZ,1,0,5,2,0x40215f,CMP,1,Leaf,rax(LEA) ,rflags ,CMP,3,LEA,7,MOV,3,JNZ,2,CMP,3,MOV,3,LEA,7,CMP,3,JNZ,2,MOV,3,0,1,1,0,0,JNE,0,0,1,0,0,0,MOV,0,0,4202840,4202855,4202852,0,0,0,1,cpp,4.736220613820021e-12,0.0,0,0,0
0x402153,JNZ,1,0,5,2,0x402150,CMP,1,Leaf,rax(LEA) ,rflags ,CMP,3,LEA,7,MOV,3,JNZ,2,CMP,3,MOV,3,LEA,7,CMP,3,JNZ,2,MOV,3,0,1,1,0,0,JNE,0,0,1,0,0,0,MOV,0,0,4202825,4202840,4202837,0,0,0,1,cpp,4.736220613820021e-12,0.0,0,0,0
0x43f1db,JNBE,1,0,-891,6,0x43f1d8,CMP,1,NonLeaf,r13(-1) rdx(-1) ,rflags ,CMP,3,NOP,5,JMP,5,MOV,3,MOV,3,TEST,3,JNZ,2,MOV,4,MOV,3,XOR,3,0,0,0,0,0,MOV,0,0,1,0,0,0,JNE,0,0,4452824,4451936,4452833,0,0,0,0,cpp,4.736220613820021e-12,0.0,0,0,0
0x402144,JNZ,1,0,5,2,0x402141,CMP,1,Leaf,rax(LEA) ,rflags ,CMP,3,LEA,7,MOV,3,JNZ,2,CMP,3,MOV,3,LEA,7,CMP,3,JNZ,2,MOV,3,0,1,1,0,0,JNE,0,0,1,0,0,0,MOV,0,0,4202810,4202825,4202822,0,0,0,1,cpp,4.736220613820021e-12,0.0,0,0,0
0x402135,JNZ,1,0,5,2,0x402132,CMP,1,Leaf,rax(LEA) ,rflags ,CMP,3,LEA,7,MOV,3,JNZ,2,CMP,3,MOV,3,LEA,7,CMP,3,JNZ,2,MOV,3,0,1,1,0,0,JNE,0,0,1,0,0,0,MOV,0,0,4202795,4202810,4202807,0,0,0,1,cpp,4.736220613820021e-12,0.0,0,0,0
0x402126,JNZ,1,0,5,2,0x402123,CMP,1,Leaf,rax(LEA) ,rflags ,CMP,3,LEA,7,MOV,3,JNZ,2,CMP,3,MOV,3,LEA,7,CMP,3,JNZ,2,MOV,3,0,1,1,0,0,JNE,0,0,1,0,0,0,MOV,0,0,4202780,4202795,4202792,0,0,0,1,cpp,4.736220613820021e-12,0.0,0,0,0
0x402117,JNZ,1,0,5,2,0x402114,CMP,1,Leaf,rax(LEA) ,rflags ,CMP,3,LEA,7,MOV,3,JNZ,2,CMP,3,MOV,3,LEA,7,CMP,3,JNZ,2,MOV,3,0,1,1,0,0,JNE,0,0,1,0,0,0,MOV,0,0,4202765,4202780,4202777,0,0,0,1,cpp,4.736220613820021e-12,0.0,0,0,0
0x402108,JNZ,1,0,5,2,0x402105,CMP,1,Leaf,rax(LEA) ,rflags ,CMP,3,LEA,7,MOV,3,JNZ,2,CMP,3,MOV,3,LEA,7,CMP,3,JNZ,2,MOV,3,0,1,1,0,0,JNE,0,0,1,0,0,0,MOV,0,0,4202750,4202765,4202762,0,0,0,1,cpp,4.736220613820021e-12,0.0,0,0,0
0x4020f9,JNZ,1,0,5,2,0x4020f6,CMP,1,Leaf,rax(LEA) ,rflags ,CMP,3,LEA,7,MOV,3,JNZ,2,CMP,3,MOV,3,LEA,7,CMP,3,JNZ,2,MOV,3,0,1,1,0,0,JNE,0,0,1,0,0,0,MOV,0,0,4202735,4202750,4202747,0,0,0,1,cpp,4.736220613820021e-12,0.0,0,0,0
0x4020ea,JNZ,1,0,5,2,0x4020e7,CMP,1,Leaf,rax(LEA) ,rflags ,CMP,3,LEA,7,INVALID,0,INVALID,0,INVALID,0,MOV,3,LEA,7,CMP,3,JNZ,2,MOV,3,0,1,1,0,0,JNE,0,0,1,0,0,0,MOV,0,0,4202720,4202735,4202732,0,0,0,1,cpp,4.736220613820021e-12,0.0,0,0,0
0x401b74,JNLE,10,10,-3373,6,0x401b6a,TEST,1,NonLeaf,eax(-1) eax(-1) ,rflags ,LEA,8,TEST,2,XADD_LOCK,4,MOV,5,JZ,2,MOV,3,CALL_NEAR,5,JMP,5,MOV,3,MOV,8,0,0,1,0,0,CALL,0,1,1,0,0,0,CALL,0,1,4201322,4197959,4201338,0,0,1,1,cpp,4.7362206138200205e-11,1.0,1,0,1
0x401b5f,JZ,10,10,76,2,0x401b5c,TEST,1,NonLeaf,rcx(MOV) rcx(MOV) ,rflags ,TEST,3,LEA,4,MOV,5,JMP,2,XOR,3,MOV,5,XADD_LOCK,4,TEST,2,LEA,8,JNLE,6,0,1,0,0,0,JMP,0,0,1,0,0,0,LOCK XADD,0,0,4201299,4201387,4201313,0,0,1,0,cpp,4.7362206138200205e-11,1.0,1,0,1
0x401a1c,JZ,1,0,18,2,0x401a19,TEST,1,NonLeaf,r15(MOV) r15(MOV) ,rflags ,TEST,3,MOV,5,MOV,3,CALL_NEAR,5,MOV,3,MOV,3,CALL_NEAR,5,MOV,3,CALL_NEAR,5,MOV,3,0,1,1,0,0,JMP,0,0,1,0,0,0,CALL,0,1,4200980,4201006,4200990,0,0,0,1,cpp,4.736220613820021e-12,0.0,0,0,0
0x4019e8,JNZ,970,960,-1474,6,0x4019e5,CMP,1,NonLeaf,ebp(-1) ,rflags ,CMP,3,JMP,5,NOP,2,MOV,3,JMP,5,NOP,2,JMP,5,TEST,3,MOV,3,MOV,3,0,0,0,1,1,CALL,0,1,1,0,0,0,JMP,1,0,4200933,4199462,4200942,0,0,1,0,cpp,4.5941339954054205e-09,0.9896907216494846,1,0,1
0x401917,JZ,1,1,79,2,0x401913,CMP,1,NonLeaf,rdx(-1) ,rflags ,CMP,4,MOV,3,CALL_NEAR,5,MOV,5,CALL_NEAR,5,LEA,8,MOV,3,CALL_NEAR,5,MOV,5,CALL_NEAR,5,0,1,1,0,0,CALL,0,1,1,0,0,0,CALL,0,1,4200723,4200806,4200729,0,0,1,1,cpp,4.736220613820021e-12,1.0,1,0,1
0x401846,JZ,10,10,7,2,0x401843,TEST,1,NonLeaf,rdi(MOV) rdi(MOV) ,rflags ,TEST,3,MOV,7,MOV,5,CALL_NEAR,5,JZ,2,CALL_NEAR,5,MOV,5,CALL_NEAR,5,MOV,4,JMP,5,0,1,1,0,0,CALL,0,1,1,0,0,0,CALL,0,1,4200508,4200525,4200520,0,0,1,1,cpp,4.7362206138200205e-11,1.0,1,0,1
0x4b89f5,JNLE,4,0,179,6,0x4b89ed,CMP,1,Recursive,r8(-1) ,rflags ,MOV,4,CMP,4,SUB,4,MOV,3,PUSH,1,XOR,2,TEST,3,JZ,6,MOV,3,CMP,4,0,1,0,0,0,JMP,1,0,1,0,0,0,JE,1,0,4950480,4950696,4950523,0,0,0,0,cpp,1.894488245528008e-11,0.0,0,0,0
0x401830,JZ,10,0,12,2,0x40182d,TEST,1,NonLeaf,rdi(MOV) rdi(MOV) ,rflags ,TEST,3,MOV,7,MOV,5,CALL_NEAR,5,JZ,2,CALL_NEAR,5,MOV,5,MOV,7,TEST,3,JZ,2,0,1,1,0,0,JE,0,0,1,0,0,0,CALL,0,1,4200486,4200508,4200498,0,0,0,1,cpp,4.7362206138200205e-11,0.0,0,0,0
0x40181a,JZ,10,0,12,2,0x401817,TEST,1,NonLeaf,rdi(MOV) rdi(MOV) ,rflags ,TEST,3,MOV,7,MOV,5,CALL_NEAR,5,JZ,2,CALL_NEAR,5,MOV,5,MOV,7,TEST,3,JZ,2,0,1,1,0,0,JE,0,0,1,0,0,0,CALL,0,1,4200459,4200486,4200476,0,0,0,1,cpp,4.7362206138200205e-11,0.0,0,0,0
0x401804,JZ,10,0,7,2,0x401801,TEST,1,NonLeaf,rdi(MOV) rdi(MOV) ,rflags ,TEST,3,MOV,7,MOV,5,JNZ,6,CMP,5,CALL_NEAR,5,MOV,5,MOV,7,TEST,3,JZ,2,0,1,1,0,0,JE,0,0,1,0,0,0,CALL,0,1,4200449,4200459,4200454,0,0,0,1,cpp,4.7362206138200205e-11,0.0,0,0,0
0x4017ef,JNZ,10,0,-752,6,0x4017ea,CMP,1,NonLeaf,rsp(-1) rax(MOV) ,rflags ,CMP,5,MOV,5,ADD,9,ADD,9,CALL_NEAR,5,MOV,5,MOV,7,TEST,3,JZ,2,CALL_NEAR,5,0,0,0,1,1,CALL,0,1,1,1,0,0,MOV,1,0,4200403,4199679,4200437,1,0,1,0,cpp,4.7362206138200205e-11,0.0,0,1,0
0x4017cc,JZ,10,10,7,2,0x4017c9,TEST,1,NonLeaf,rdi(MOV) rdi(MOV) ,rflags ,TEST,3,MOV,8,MOV,5,CALL_NEAR,5,JZ,2,CALL_NEAR,5,ADD,9,ADD,9,MOV,5,CMP,5,0,1,1,0,0,JNE,0,0,1,0,0,0,CALL,0,1,4200385,4200403,4200398,0,0,1,1,cpp,4.7362206138200205e-11,1.0,1,0,1
0x4017b5,JZ,10,0,12,2,0x4017b2,TEST,1,NonLeaf,rdi(MOV) rdi(MOV) ,rflags ,TEST,3,MOV,8,MOV,5,CALL_NEAR,5,JZ,2,CALL_NEAR,5,MOV,5,MOV,8,TEST,3,JZ,2,0,1,1,0,0,JE,0,0,1,0,0,0,CALL,0,1,4200357,4200385,4200375,0,0,0,1,cpp,4.7362206138200205e-11,0.0,0,0,0
0x40179e,JZ,10,0,7,2,0x40179b,TEST,1,NonLeaf,rdi(MOV) rdi(MOV) ,rflags ,TEST,3,SUB,5,MOV,3,MOV,7,MOV,5,CALL_NEAR,5,MOV,5,MOV,8,TEST,3,JZ,2,0,1,1,0,0,JE,0,0,1,0,0,0,CALL,0,1,4200327,4200357,4200352,0,0,0,1,cpp,4.7362206138200205e-11,0.0,0,0,0
0x401780,JZ,10,0,7,2,0x40177d,TEST,1,NonLeaf,rdi(MOV) rdi(MOV) ,rflags ,TEST,3,MOV,7,MOV,5,JNZ,6,CMP,5,CALL_NEAR,5,MOV,5,MOV,7,MOV,3,SUB,5,0,1,1,0,0,JE,0,0,1,0,0,0,CALL,0,1,4200317,4200327,4200322,0,0,0,1,cpp,4.7362206138200205e-11,0.0,0,0,0
0x40176b,JNZ,10,0,-553,6,0x401766,CMP,1,NonLeaf,rsp(-1) rax(MOV) ,rflags ,CMP,5,MOV,5,ADD,9,ADD,9,CALL_NEAR,5,MOV,5,MOV,7,TEST,3,JZ,2,CALL_NEAR,5,0,0,0,1,1,CALL,0,1,1,1,0,0,MOV,1,0,4200271,4199746,4200305,1,0,1,0,cpp,4.7362206138200205e-11,0.0,0,1,0
0x401748,JZ,10,10,7,2,0x401745,TEST,1,NonLeaf,rdi(MOV) rdi(MOV) ,rflags ,TEST,3,MOV,8,MOV,5,CALL_NEAR,5,JZ,2,CALL_NEAR,5,ADD,9,ADD,9,MOV,5,CMP,5,0,1,1,0,0,JNE,0,0,1,0,0,0,CALL,0,1,4200253,4200271,4200266,0,0,1,1,cpp,4.7362206138200205e-11,1.0,1,0,1
0x401731,JZ,10,0,12,2,0x40172e,TEST,1,NonLeaf,rdi(MOV) rdi(MOV) ,rflags ,TEST,3,MOV,8,MOV,5,CALL_NEAR,5,JZ,2,CALL_NEAR,5,MOV,5,MOV,8,TEST,3,JZ,2,0,1,1,0,0,JE,0,0,1,0,0,0,CALL,0,1,4200225,4200253,4200243,0,0,0,1,cpp,4.7362206138200205e-11,0.0,0,0,0
0x40171a,JZ,10,0,7,2,0x401717,TEST,1,NonLeaf,rdi(MOV) rdi(MOV) ,rflags ,TEST,3,SUB,5,MOV,3,MOV,7,MOV,5,CALL_NEAR,5,MOV,5,MOV,8,TEST,3,JZ,2,0,1,1,0,0,JE,0,0,1,0,0,0,CALL,0,1,4200195,4200225,4200220,0,0,0,1,cpp,4.7362206138200205e-11,0.0,0,0,0
0x4016fc,JZ,10,0,7,2,0x4016f9,TEST,1,NonLeaf,rdi(MOV) rdi(MOV) ,rflags ,TEST,3,MOV,7,MOV,5,JNZ,6,CMP,5,CALL_NEAR,5,MOV,5,MOV,7,MOV,3,SUB,5,0,1,1,0,0,JE,0,0,1,0,0,0,CALL,0,1,4200185,4200195,4200190,0,0,0,1,cpp,4.7362206138200205e-11,0.0,0,0,0
0x4016e7,JNZ,10,0,-354,6,0x4016e2,CMP,1,NonLeaf,rsp(-1) rax(MOV) ,rflags ,CMP,5,MOV,5,ADD,9,ADD,9,CALL_NEAR,5,MOV,5,MOV,7,TEST,3,JZ,2,CALL_NEAR,5,0,0,0,1,1,CALL,0,1,1,1,0,0,MOV,1,0,4200139,4199813,4200173,1,0,1,0,cpp,4.7362206138200205e-11,0.0,0,1,0
0x4016c4,JZ,10,10,7,2,0x4016c1,TEST,1,NonLeaf,rdi(MOV) rdi(MOV) ,rflags ,TEST,3,MOV,8,MOV,5,CALL_NEAR,5,JZ,2,CALL_NEAR,5,ADD,9,ADD,9,MOV,5,CMP,5,0,1,1,0,0,JNE,0,0,1,0,0,0,CALL,0,1,4200121,4200139,4200134,0,0,1,1,cpp,4.7362206138200205e-11,1.0,1,0,1
0x4016ad,JZ,10,0,12,2,0x4016aa,TEST,1,NonLeaf,rdi(MOV) rdi(MOV) ,rflags ,TEST,3,MOV,8,MOV,5,CALL_NEAR,5,JZ,2,CALL_NEAR,5,MOV,5,MOV,8,TEST,3,JZ,2,0,1,1,0,0,JE,0,0,1,0,0,0,CALL,0,1,4200093,4200121,4200111,0,0,0,1,cpp,4.7362206138200205e-11,0.0,0,0,0
0x401696,JZ,10,0,7,2,0x401693,TEST,1,NonLeaf,rdi(MOV) rdi(MOV) ,rflags ,TEST,3,SUB,5,MOV,3,MOV,7,MOV,5,CALL_NEAR,5,MOV,5,MOV,8,TEST,3,JZ,2,0,1,1,0,0,JE,0,0,1,0,0,0,CALL,0,1,4200063,4200093,4200088,0,0,0,1,cpp,4.7362206138200205e-11,0.0,0,0,0
0x401678,JZ,10,0,7,2,0x401675,TEST,1,NonLeaf,rdi(MOV) rdi(MOV) ,rflags ,TEST,3,MOV,7,MOV,5,JNZ,6,CMP,3,CALL_NEAR,5,MOV,5,MOV,7,MOV,3,SUB,5,0,1,1,0,0,JE,0,0,1,0,0,0,CALL,0,1,4200053,4200063,4200058,0,0,0,1,cpp,4.7362206138200205e-11,0.0,0,0,0
0x401663,JNZ,10,0,-163,6,0x401660,CMP,1,NonLeaf,r15(-1) r12(ADD) ,rflags ,CMP,3,ADD,7,ADD,7,CALL_NEAR,5,JZ,2,MOV,5,MOV,7,TEST,3,JZ,2,CALL_NEAR,5,0,0,0,1,1,CALL,0,1,1,1,0,0,MOV,1,0,4200018,4199872,4200041,0,0,1,0,cpp,4.7362206138200205e-11,0.0,0,1,0
0x40164b,JZ,10,10,7,2,0x401648,TEST,1,NonLeaf,rdi(MOV) rdi(MOV) ,rflags ,TEST,3,MOV,8,CALL_NEAR,5,JZ,2,TEST,3,CALL_NEAR,5,ADD,7,ADD,7,CMP,3,JNZ,6,0,1,1,0,0,JNE,0,0,1,0,0,0,CALL,0,1,4200000,4200018,4200013,0,0,0,1,cpp,4.7362206138200205e-11,1.0,1,0,1
0x401639,JZ,10,0,7,2,0x401636,TEST,1,NonLeaf,rdi(MOV) rdi(MOV) ,rflags ,TEST,3,MOV,8,CALL_NEAR,5,JZ,2,TEST,3,CALL_NEAR,5,MOV,8,TEST,3,JZ,2,CALL_NEAR,5,0,1,1,0,0,JE,0,0,1,0,0,0,CALL,0,1,4199982,4200000,4199995,0,0,0,1,cpp,4.7362206138200205e-11,0.0,0,0,0
0x401627,JZ,10,0,7,2,0x401624,TEST,1,NonLeaf,rdi(MOV) rdi(MOV) ,rflags ,TEST,3,SUB,3,MOV,3,MOV,8,CALL_NEAR,5,CALL_NEAR,5,MOV,8,TEST,3,JZ,2,CALL_NEAR,5,0,1,1,0,0,JE,0,0,1,0,0,0,CALL,0,1,4199958,4199982,4199977,0,0,0,1,cpp,4.7362206138200205e-11,0.0,0,0,0
0x40160f,JZ,10,0,7,2,0x40160c,TEST,1,NonLeaf,rdi(MOV) rdi(MOV) ,rflags ,TEST,3,MOV,8,JNZ,2,CMP,3,ADD,7,CALL_NEAR,5,MOV,8,MOV,3,SUB,3,TEST,3,0,1,1,0,0,JE,0,0,1,0,0,0,CALL,0,1,4199948,4199958,4199953,0,0,0,1,cpp,4.7362206138200205e-11,0.0,0,0,0
0x401602,JNZ,10,0,-18,2,0x4015ff,CMP,1,NonLeaf,rbp(-1) rbx(ADD) ,rflags ,CMP,3,ADD,7,CALL_NEAR,5,MOV,3,NOP,10,MOV,8,TEST,3,JZ,2,CALL_NEAR,5,MOV,8,0,0,0,1,1,CALL,0,1,1,1,0,0,MOV,1,0,4199928,4199920,4199940,0,0,1,0,cpp,4.7362206138200205e-11,0.0,0,1,0
0x4015e0,JZ,10,0,640,6,0x4015dd,CMP,1,NonLeaf,rbp(MOV) rbx(MOV) ,rflags ,CMP,3,MOV,4,MOV,4,CALL_NEAR,5,LEA,8,NOP,10,MOV,3,CALL_NEAR,5,ADD,7,CMP,3,0,1,0,0,0,JMP,0,0,1,0,0,0,NOP,0,0,4199893,4200544,4199910,0,0,0,0,cpp,4.7362206138200205e-11,0.0,0,0,0
0x4015a7,JZ,10,0,705,6,0x4015a4,CMP,1,NonLeaf,r15(MOV) r14(MOV) ,rflags ,CMP,3,MOV,4,MOV,3,MOV,5,CALL_NEAR,5,LEA,7,MOV,3,NOP,9,MOV,8,LEA,8,0,1,0,0,0,JMP,0,0,1,0,0,0,NOP,0,0,4199832,4200552,4199853,0,0,0,0,cpp,4.7362206138200205e-11,0.0,0,0,0
0x40156e,JZ,10,0,1117,6,0x401561,CMP,1,NonLeaf,rdx(MOV) rax(MOV) ,rflags ,MOV,5,MOV,5,CMP,3,MOV,4,MOV,3,LEA,7,MOV,5,MOV,5,MOV,7,LEA,7,0,1,0,0,0,JMP,0,0,1,0,0,0,MOV,0,0,4199765,4200907,4199796,0,0,0,1,cpp,4.7362206138200205e-11,0.0,0,0,0
0x40152b,JZ,10,0,1200,6,0x40151e,CMP,1,NonLeaf,rcx(MOV) rax(MOV) ,rflags ,MOV,5,MOV,5,CMP,3,MOV,4,MOV,3,LEA,7,MOV,5,MOV,5,MOV,7,LEA,7,0,1,0,0,0,JMP,0,0,1,0,0,0,MOV,0,0,4199698,4200923,4199729,0,0,0,1,cpp,4.7362206138200205e-11,0.0,0,0,0
0x4014e8,JZ,10,0,1259,6,0x4014db,CMP,1,NonLeaf,rdx(MOV) rax(MOV) ,rflags ,MOV,5,MOV,5,CMP,3,MOV,7,MOV,7,LEA,7,MOV,5,MOV,5,MOV,7,LEA,7,0,1,0,0,0,JMP,0,0,1,0,0,0,MOV,0,0,4199629,4200915,4199662,0,0,0,1,cpp,4.7362206138200205e-11,0.0,0,0,0
0x4014af,JZ,10,0,936,6,0x4014a9,CMP,1,NonLeaf,rsp(-1) ,rflags ,CMP,6,JLE,6,CMP,3,CALL_NEAR,5,MOV,8,MOV,5,MOV,7,LEA,7,CALL_NEAR,5,MOV,7,0,1,1,0,0,JMP,0,0,1,0,0,0,CALL,0,1,4199593,4200535,4199605,0,1,0,1,cpp,4.7362206138200205e-11,0.0,0,0,0
0x4014a3,JLE,970,970,1346,6,0x4014a0,CMP,1,NonLeaf,eax(-1) ,rflags ,CMP,3,CALL_NEAR,5,MOV,8,CALL_NEAR,5,MOV,3,CMP,6,JZ,6,MOV,5,MOV,7,LEA,7,0,1,0,0,0,JNE,0,0,1,1,0,0,JE,1,0,4199584,4200933,4199593,0,0,0,0,cpp,4.5941339954054205e-09,1.0,1,0,1
0x401480,JZ,970,0,19,2,0x40147d,TEST,1,NonLeaf,rbx(-1) rbx(-1) ,rflags ,TEST,3,CALL_NEAR,5,MOV,8,CALL_NEAR,5,MOV,2,LEA,4,CALL_NEAR,5,MOV,3,CALL_NEAR,5,MOV,8,0,1,1,0,0,CALL,0,1,1,0,0,0,CALL,0,1,4199549,4199571,4199554,0,0,1,1,cpp,4.5941339954054205e-09,0.0,0,0,0
0x40141f,JZ,10,10,7,2,0x40141c,TEST,1,NonLeaf,rdi(MOV) rdi(MOV) ,rflags ,TEST,3,MOV,8,CALL_NEAR,5,JZ,2,TEST,3,CALL_NEAR,5,MOV,5,MOV,8,CALL_NEAR,5,MOV,3,0,1,1,1,0,CALL,0,1,1,0,0,0,CALL,0,1,4199444,4199462,4199457,0,0,1,1,cpp,4.7362206138200205e-11,1.0,1,0,1
0x40140d,JZ,10,0,7,2,0x40140a,TEST,1,NonLeaf,rdi(MOV) rdi(MOV) ,rflags ,TEST,3,MOV,8,CALL_NEAR,5,JZ,2,TEST,3,CALL_NEAR,5,MOV,8,TEST,3,JZ,2,CALL_NEAR,5,0,1,1,0,0,JE,0,0,1,0,0,0,CALL,0,1,4199426,4199444,4199439,0,0,0,1,cpp,4.7362206138200205e-11,0.0,0,0,0
0x4013fb,JZ,10,0,7,2,0x4013f8,TEST,1,NonLeaf,rdi(MOV) rdi(MOV) ,rflags ,TEST,3,MOV,8,CALL_NEAR,5,JZ,2,TEST,3,CALL_NEAR,5,MOV,8,TEST,3,JZ,2,CALL_NEAR,5,0,1,1,0,0,JE,0,0,1,0,0,0,CALL,0,1,4199408,4199426,4199421,0,0,0,1,cpp,4.7362206138200205e-11,0.0,0,0,0
0x4013e9,JZ,10,0,7,2,0x4013e6,TEST,1,NonLeaf,rdi(-1) rdi(-1) ,rflags ,TEST,3,MOV,3,JMP,2,MOV,8,JNZ,2,CALL_NEAR,5,MOV,8,TEST,3,JZ,2,CALL_NEAR,5,0,1,1,0,0,JE,0,0,1,0,0,0,CALL,0,1,4199398,4199408,4199403,0,0,0,1,cpp,4.7362206138200205e-11,0.0,0,0,0
0x4013d7,JNZ,447,437,-63,2,0x4013d4,CMP,1,NonLeaf,rbp(-1) rbx(ADD) ,rflags ,CMP,3,ADD,7,CALL_NEAR,5,JZ,2,TEST,3,MOV,8,JMP,2,MOV,3,TEST,3,JZ,2,0,0,0,1,1,JE,0,0,1,1,0,0,JMP,1,0,4199373,4199320,4199385,0,0,0,0,cpp,2.117090614377549e-09,0.977628635346756,1,1,1
0x4013c6,JZ,447,447,7,2,0x4013c3,TEST,1,NonLeaf,rdi(MOV) rdi(MOV) ,rflags ,TEST,3,MOV,4,MOV,5,CALL_NEAR,5,JZ,2,CALL_NEAR,5,ADD,7,CMP,3,JNZ,2,MOV,8,0,1,1,0,0,JNE,0,0,1,0,0,0,CALL,0,1,4199354,4199373,4199368,0,0,0,1,cpp,2.117090614377549e-09,1.0,1,0,1
0x4013b3,JZ,447,0,7,2,0x4013b0,TEST,1,NonLeaf,rdi(MOV) rdi(MOV) ,rflags ,TEST,3,MOV,4,CALL_NEAR,5,JZ,2,TEST,3,CALL_NEAR,5,MOV,5,MOV,4,TEST,3,JZ,2,0,1,1,0,0,JE,0,0,1,0,0,0,CALL,0,1,4199340,4199354,4199349,0,0,0,1,cpp,2.117090614377549e-09,0.0,0,0,0
0x4013a5,JZ,447,0,7,2,0x4013a2,TEST,1,NonLeaf,rdi(MOV) rdi(MOV) ,rflags ,TEST,3,MOV,4,SUB,3,MOV,3,MOV,5,CALL_NEAR,5,MOV,4,TEST,3,JZ,2,CALL_NEAR,5,1,1,1,0,0,JE,0,0,1,0,0,0,CALL,0,1,4199320,4199340,4199335,0,0,0,1,cpp,2.117090614377549e-09,0.0,0,0,0
0x401379,JZ,10,0,106,2,0x401335,CMP,1,NonLeaf,rbp(MOV) r13(MOV) ,rflags ,MOV,6,MOV,7,MOV,7,MOV,8,MOV,7,LEA,7,LEA,7,LEA,7,MOV,3,MOV,5,0,1,0,0,0,MOV,0,0,1,0,0,0,MOV,0,0,4199182,4199395,4199291,0,0,0,1,cpp,4.7362206138200205e-11,0.0,0,0,0
0x4012cc,JZ,10,0,6,2,0x4012c7,TEST,0,NonLeaf,al(-1) ,rflags ,MOVSQ,3,TEST,2,SHR,3,MOV,2,MOV,5,MOV,2,MOV,2,LEA,8,LEA,7,CALL_NEAR,5,0,1,1,0,0,CALL,0,1,1,0,0,0,MOV,0,0,4199116,4199122,4199118,0,0,1,1,cpp,4.7362206138200205e-11,0.0,0,0,0
0x4012a3,JZ,10,0,31,2,0x40117a,TEST,1,NonLeaf,dil(LEA) ,rflags ,MOV,5,MOV,7,MOV,8,MOV,7,MOV,8,MOV,7,LEA,7,ADD,4,MOV,6,MOV,5,0,1,1,0,0,TEST,0,0,1,0,0,0,MOV,0,0,4198733,4199106,4199077,0,0,0,1,cpp,4.7362206138200205e-11,0.0,0,0,0
0x40112b,JZ,10,10,27,2,0x401125,TEST,1,NonLeaf,rbp(-1) rbp(-1) ,rflags ,MOV,3,TEST,3,JNBE,6,CMP,3,SAR,4,SHL,4,MOV,3,MOV,3,MOV,3,CALL_NEAR,5,0,0,1,0,0,MOV,0,0,1,0,0,0,CALL,0,1,4198693,4198726,4198701,0,1,1,1,cpp,4.7362206138200205e-11,1.0,1,0,1
0x40111f,JNBE,10,0,2375,6,0x40111c,CMP,1,NonLeaf,rbp(-1) rax(SAR) ,rflags ,CMP,3,SAR,4,SUB,3,MOV,3,MOV,7,TEST,3,MOV,3,JZ,2,SHL,4,MOV,3,0,1,0,0,0,JE,0,0,1,0,0,0,JE,0,0,4198667,4201062,4198693,0,0,0,0,cpp,4.7362206138200205e-11,0.0,0,0,0
0x401105,JNBE,10,0,2528,6,0x401102,CMP,1,NonLeaf,rbp(SAR) rax(SAR) ,rflags ,CMP,3,SAR,4,SAR,4,SUB,3,SUB,3,MOV,7,MOV,3,SUB,3,SAR,4,CMP,3,0,1,1,0,0,JE,0,0,1,0,0,0,JA,0,0,4198611,4201189,4198667,0,0,0,0,cpp,4.7362206138200205e-11,0.0,0,0,0
0x4010d1,JZ,10,0,124,2,0x401066,CMP,1,NonLeaf,rbx(-1) r12(-1) ,rflags ,MOV,7,MOV,8,MOV,7,MOV,8,MOV,7,MOV,8,MOV,8,MOV,7,MOV,7,MOV,3,0,1,0,0,0,JE,0,0,1,1,0,0,JA,0,0,4198486,4198733,4198611,0,0,1,0,cpp,4.7362206138200205e-11,0.0,0,0,0
0x40104c,JZ,10,0,10,2,0x40104a,TEST,1,NonLeaf,al(-1) ,rflags ,TEST,2,MOV,5,MOV,2,MOV,2,JZ,2,MOVZX,4,MOV,4,MOV,8,MOV,8,CMP,3,0,1,1,0,0,JE,0,0,1,0,0,0,MOV,0,0,4198474,4198486,4198478,0,0,1,1,cpp,4.7362206138200205e-11,0.0,0,0,0
0x40103f,JZ,10,0,11,2,0x40103a,TEST,0,NonLeaf,al(-1) ,rflags ,MOVSQ,3,TEST,2,SHR,3,XOR,2,MOV,2,MOV,2,MOV,2,MOV,5,TEST,2,JZ,2,0,1,1,0,0,JE,0,0,1,0,0,0,MOV,0,0,4198463,4198474,4198465,0,0,0,1,cpp,4.7362206138200205e-11,0.0,0,0,0
0x401014,JZ,10,0,31,2,0x401010,TEST,1,NonLeaf,dil(LEA) ,rflags ,TEST,4,MOV,5,LEA,7,MOV,2,LEA,8,MOV,7,LEA,7,ADD,4,MOV,6,MOV,5,0,1,1,0,0,TEST,0,0,1,0,0,0,MOV,0,0,4198392,4198451,4198422,0,0,0,1,cpp,4.7362206138200205e-11,0.0,0,0,0
0x400fdb,JZ,10,10,6,2,0x400fd6,TEST,0,NonLeaf,al(-1) ,rflags ,MOVSQ,3,TEST,2,SHR,3,MOV,2,MOV,5,MOV,2,MOV,2,LEA,7,LEA,8,MOV,5,0,1,1,0,0,MOV,0,0,1,0,0,0,MOV,0,0,4198363,4198369,4198365,0,0,0,1,cpp,4.7362206138200205e-11,1.0,1,0,1
0x400fb2,JZ,10,0,31,2,0x400fae,TEST,1,NonLeaf,dil(LEA) ,rflags ,TEST,4,MOV,5,LEA,7,MOV,2,LEA,8,MOV,7,LEA,7,ADD,4,MOV,6,MOV,5,0,1,1,0,0,TEST,0,0,1,0,0,0,MOV,0,0,4198294,4198353,4198324,0,0,0,1,cpp,4.7362206138200205e-11,0.0,0,0,0
0x400f79,JZ,10,10,6,2,0x400f74,TEST,0,NonLeaf,al(-1) ,rflags ,MOVSQ,3,TEST,2,SHR,3,MOV,2,MOV,5,MOV,2,MOV,2,LEA,7,LEA,8,MOV,5,0,1,1,0,0,MOV,0,0,1,0,0,0,MOV,0,0,4198265,4198271,4198267,0,0,0,1,cpp,4.7362206138200205e-11,1.0,1,0,1
0x400f50,JZ,10,0,31,2,0x400f4c,TEST,1,NonLeaf,dil(LEA) ,rflags ,TEST,4,MOV,5,LEA,7,MOV,2,LEA,8,MOV,7,LEA,7,LEA,4,MOV,6,MOV,5,0,1,1,0,0,TEST,0,0,1,0,0,0,MOV,0,0,4198196,4198255,4198226,0,0,0,1,cpp,4.7362206138200205e-11,0.0,0,0,0
0x400eed,JZ,10,10,9,2,0x400eeb,TEST,1,NonLeaf,al(-1) ,rflags ,TEST,2,ADD,4,MOV,4,MOVZX,4,JZ,2,MOVZX,4,MOV,3,MOV,7,LEA,7,MOV,5,0,1,1,0,0,MOV,0,0,1,0,0,0,MOV,0,0,4198123,4198134,4198127,0,0,1,1,cpp,4.7362206138200205e-11,1.0,1,0,1
0x400edd,JZ,10,10,14,2,0x400edb,TEST,1,NonLeaf,al(-1) ,rflags ,TEST,2,MOV,5,MOV,2,MOV,2,JZ,2,MOVZX,4,MOV,4,ADD,4,TEST,2,JZ,2,0,1,1,0,0,JE,0,0,1,0,0,0,ADD,0,0,4198107,4198123,4198111,0,0,0,1,cpp,4.7362206138200205e-11,1.0,1,0,1
0x400ed0,JZ,10,0,11,2,0x400ecb,TEST,0,NonLeaf,al(-1) ,rflags ,MOVSQ,3,TEST,2,SHR,3,XOR,2,MOV,2,MOV,2,MOV,2,MOV,5,TEST,2,JZ,2,0,1,1,0,0,JE,0,0,1,0,0,0,MOV,0,0,4198096,4198107,4198098,0,0,0,1,cpp,4.7362206138200205e-11,0.0,0,0,0
0x400eb2,JZ,10,0,18,2,0x400eae,TEST,1,NonLeaf,dil(LEA) ,rflags ,TEST,4,MOV,5,MOV,7,LEA,4,LEA,7,MOV,2,ADD,4,ADD,4,SUB,3,MOV,3,0,1,1,0,0,TEST,0,0,1,0,0,0,MOV,0,0,4198062,4198084,4198068,0,1,0,1,cpp,4.7362206138200205e-11,0.0,0,0,0
0x400e8d,JZ,10,0,33,2,0x400e89,TEST,1,NonLeaf,dil(LEA) ,rflags ,TEST,4,MOV,5,LEA,7,MOV,3,LEA,8,MOVZX,8,LEA,7,LEA,4,MOV,7,MOV,5,0,1,1,0,0,JE,0,0,1,0,0,0,MOV,0,0,4197999,4198062,4198031,0,0,0,1,cpp,4.7362206138200205e-11,0.0,0,0,0
0x400e39,JNZ,10,10,3354,6,0x400e32,CMP,1,NonLeaf,rdi(LEA) ,rflags ,CMP,7,LEA,4,MOV,8,CALL_NEAR,5,MOV,3,LEA,8,MOV,5,MOV,5,MOV,3,CALL_NEAR,5,0,1,0,0,0,JE,0,0,1,0,0,0,LEA,0,0,4197926,4201299,4197951,0,0,0,0,cpp,4.7362206138200205e-11,1.0,1,0,1
0x400c60,JLE,1,0,4028,6,0x400c51,CMP,1,NonLeaf,edi(-1) ,rflags ,MOV,12,CMP,3,SUB,7,PUSH,1,PUSH,1,MOV,4,LEA,8,CALL_NEAR,5,MOV,5,OR,10,0,1,0,0,0,CALL,1,1,1,0,0,0,CALL,0,1,4197440,4201500,4197478,0,0,1,1,cpp,4.736220613820021e-12,0.0,0,0,0
0x400c1a,JZ,1,1,19,2,0x400c17,TEST,1,Leaf,rax(MOV) rax(MOV) ,rflags ,TEST,3,MOV,7,INVALID,0,INVALID,0,INVALID,0,MOV,5,MOV,5,MOV,3,CMPSB,2,JNZ,2,0,1,0,0,0,RET,1,0,1,0,0,0,MOV,0,0,4197392,4197421,4197404,0,0,0,0,cpp,4.736220613820021e-12,1.0,1,0,1
0x43da94,JZ,1792,3,7,2,0x43da91,TEST,1,NonLeaf,rdi(MOV) rdi(MOV) ,rflags ,TEST,3,MOV,8,JMP,5,ADD,4,NOP,10,CALL_NEAR,5,SUB,5,JNZ,6,XOR,2,MOV,6,0,1,1,0,0,JNE,0,0,1,0,0,0,CALL,0,1,4446857,4446875,4446870,0,0,1,1,cpp,8.487307339965477e-09,0.0016741071428571,0,0,0
0x400614,JNBE,90434,90434,38,2,0x400611,CMP,1,Leaf,edx(SUB) ,rflags ,CMP,3,SUB,3,MOVZX,4,MOV,3,LEA,4,TEST,2,JS,2,CMP,5,JNLE,2,IMUL,3,1,1,1,0,0,RET,1,0,1,0,0,0,JS,0,0,4195840,4195898,4195862,0,0,0,0,cpp,4.2831537499019974e-07,1.0,1,0,1
0x4004c6,JNLE,60621,34509,7,2,0x4004c4,TEST,1,Leaf,eax(MOV) eax(MOV) ,rflags ,TEST,2,MOV,3,LEA,3,MOV,3,JMP,2,JMP,5,RET_NEAR,1,INVALID,0,INVALID,0,INVALID,0,0,1,0,0,0,RET,0,0,1,0,0,0,JMP,0,0,4195524,4195533,4195528,0,0,0,0,cpp,2.8711442983038346e-07,0.5692581778591577,1,0,1
0x4004ae,JZ,60621,60621,13,2,0x4004a2,CMP,1,Leaf,rip(JZ) ,rflags ,LEA,4,CMP,8,INVALID,0,INVALID,0,INVALID,0,OR,3,XADD_LOCK,4,MOV,2,JMP,2,MOV,3,0,1,0,0,0,MOV,0,0,1,0,0,0,JMP,0,0,4195490,4195515,4195504,0,0,1,0,cpp,2.8711442983038346e-07,1.0,1,0,1
0x40031e,JZ,1,1,7,2,0x40031b,TEST,1,NonLeaf,rax(MOV) rax(MOV) ,rflags ,TEST,3,MOV,7,SUB,4,INVALID,0,INVALID,0,CALL_NEAR,5,ADD,4,RET_NEAR,1,INVALID,0,INVALID,0,0,1,1,0,0,RET,0,0,1,0,0,0,CALL,0,1,4195088,4195109,4195104,0,0,0,1,cpp,4.736220613820021e-12,1.0,1,0,1
