Address,Opcode,Executed,Taken,Offset,Size,Flag_Write_PC,Flag_Instr_Opcode,Same_BBL,Routine_Type,Regs_Read,Regs_Write,Prev_Op_1,Prev_Size_1,Prev_Op_2,Prev_Size_2,Prev_Op_3,Prev_Size_3,Prev_Op_4,Prev_Size_4,Prev_Op_5,Prev_Size_5,Next_Op_1,Next_Size_1,Next_Op_2,Next_Size_2,Next_Op_3,Next_Size_3,Next_Op_4,Next_Size_4,Next_Op_5,Next_Size_5,br_is_loop_header,t_dominates,t_post_dominates,t_is_loop_head,t_is_backedge,t_successor_ends,t_is_loop_exit,t_has_call,f_dominates,f_post_dominates,f_is_loop_head,f_is_backedge,f_successor_ends,f_is_loop_exit,f_has_call,branch_bb_addr,taken_bb_addr,fall_bb_addr,taken_ubd,fall_ubd,taken_store,fall_store,Language,weight,rate,y,predicted,actual
0x4dbd81,JNZ,7,6,-33,2,0x4dbd7e,CMP,1,Leaf,rsp(-1) rcx(MOV) cl(MOV) ,rflags ,CMP,3,MOV,3,JZ,2,CMP,3,MOV,3,INC,3,INC,3,INC,3,ADD,7,XOR,2,0,0,0,1,1,JE,0,0,1,0,0,0,INC,1,0,5094779,5094752,5094787,0,0,0,0,fortran,1.4207855431264776e-11,0.8571428571428571,1,1,1
0x4dbd79,JZ,7,0,13,2,0x4dbd76,CMP,1,Leaf,rsp(-1) rcx(MOV) cl(MOV) ,rflags ,CMP,3,MOV,3,JZ,2,CMP,3,MOV,3,MOV,3,CMP,3,JNZ,2,INC,3,INC,3,0,1,0,0,0,INC,1,0,1,0,0,0,JNE,0,0,5094771,5094790,5094779,0,0,0,0,fortran,1.4207855431264776e-11,0.0,0,0,0
0x4dbd69,JZ,7,0,35,2,0x4dbd66,CMP,1,Leaf,rsp(-1) rcx(MOV) cl(MOV) ,rflags ,CMP,3,MOV,2,ADD,4,NOP,10,NOP,4,MOV,3,CMP,3,JZ,2,MOV,3,CMP,3,1,1,1,0,0,RET,1,0,1,0,0,0,JE,0,0,5094752,5094796,5094763,1,0,0,0,fortran,1.4207855431264776e-11,0.0,0,0,0
0x4dbd3a,JZ,1,1,20,2,0x4dbd37,TEST,1,Leaf,cl(MOV) ,rflags ,TEST,3,MOV,3,MOV,3,JZ,2,TEST,3,MOV,3,MOV,3,ADD,4,MOV,3,TEST,3,0,0,1,0,0,NOP,1,0,1,0,0,0,JNE,0,0,5094705,5094734,5094716,0,1,0,1,fortran,2.029693633037825e-12,1.0,1,0,1
0x4dbd2f,JZ,1,0,31,2,0x4dbd2c,TEST,1,Leaf,cl(MOV) ,rflags ,TEST,3,MOV,3,MOV,3,JZ,2,TEST,2,MOV,3,MOV,3,TEST,3,JZ,2,MOV,3,0,0,1,0,0,NOP,1,0,1,0,0,0,JE,0,0,5094694,5094734,5094705,0,1,0,1,fortran,2.029693633037825e-12,0.0,0,0,0
0x4dbd24,JZ,1,0,42,2,0x4dbd22,TEST,1,Leaf,cl(MOV) cl(MOV) ,rflags ,TEST,2,MOV,2,NOP,2,MOV,3,STOSQ,3,MOV,3,MOV,3,TEST,3,JZ,2,MOV,3,1,1,1,0,0,NOP,1,0,1,0,0,0,JE,0,0,5094688,5094734,5094694,0,1,0,1,fortran,2.029693633037825e-12,0.0,0,0,0
0x4d7149,JZ,1,1,34,2,0x4d7146,TEST,1,NonLeaf,rax(-1) rax(-1) ,rflags ,TEST,3,CALL_NEAR,5,MOV,3,JZ,2,CMP,4,MOV,3,ADD,4,MOV,4,MOV,3,ADD,4,0,0,0,0,0,RET,0,0,0,0,0,0,MOV,0,0,5075270,5075307,5075275,0,1,1,1,fortran,2.029693633037825e-12,1.0,1,0,1
0x4d713c,JZ,1,0,36,2,0x4d7138,CMP,1,NonLeaf,rsi(-1) ,rflags ,CMP,4,JZ,2,TEST,2,MOVZX,3,JZ,2,MOV,3,CALL_NEAR,5,TEST,3,JZ,2,MOV,3,0,1,0,0,0,JE,0,0,1,0,0,0,CALL,0,1,5075256,5075296,5075262,0,0,0,1,fortran,2.029693633037825e-12,0.0,0,0,0
0x4d7136,JZ,1,0,53,2,0x4d7134,TEST,1,NonLeaf,al(MOVZX) al(MOVZX) ,rflags ,TEST,2,MOVZX,3,JZ,2,TEST,3,MOV,3,CMP,4,JZ,2,MOV,3,CALL_NEAR,5,TEST,3,0,1,0,0,0,RET,0,0,1,0,0,0,JE,0,0,5075249,5075307,5075256,0,0,1,0,fortran,2.029693633037825e-12,0.0,0,0,0
0x4d712f,JZ,2,1,105,2,0x4d712c,TEST,1,NonLeaf,rbx(MOV) rbx(MOV) ,rflags ,TEST,3,MOV,3,SUB,4,PUSH,1,MOV,3,MOVZX,3,TEST,2,JZ,2,CMP,4,JZ,2,0,1,0,0,0,JMP,0,0,1,0,0,0,JE,0,0,5075232,5075352,5075249,0,0,0,0,fortran,4.0593872660756495e-12,0.5,0,0,0
0x4cc5d5,JNZ,44,43,-53,2,0x4cc5d2,TEST,1,NonLeaf,rdi(MOV) rdi(MOV) ,rflags ,TEST,3,MOV,3,ADD,4,JZ,2,TEST,2,POP,1,RET_NEAR,1,CMP,3,JNZ,2,MOV,5,0,0,0,1,1,JNE,0,0,0,1,0,0,RET,1,0,5031371,5031328,5031383,0,0,0,0,fortran,8.930651985366429e-11,0.9772727272727272,1,1,1
0x4cc5a3,JNZ,44,44,40,2,0x4cc5a0,CMP,1,NonLeaf,rdi(-1) ,rflags ,CMP,3,JZ,2,TEST,3,MOV,3,MOV,7,XOR,2,JMP,2,NOP,7,TEST,2,JZ,2,1,1,1,0,0,JNE,0,0,1,0,0,0,JMP,0,0,5031328,5031371,5031333,0,0,0,0,fortran,8.930651985366429e-11,1.0,1,0,1
0x4cc59e,JZ,1,0,57,2,0x4cc59b,TEST,1,NonLeaf,rdi(MOV) rdi(MOV) ,rflags ,TEST,3,MOV,3,MOV,7,PUSH,1,INVALID,0,CMP,3,JNZ,2,XOR,2,JMP,2,NOP,7,0,1,1,0,0,RET,0,0,1,0,1,0,JNE,0,0,5031312,5031383,5031328,0,0,0,0,fortran,2.029693633037825e-12,0.0,0,0,0
0x4c9872,JZ,1,0,457,6,0x4c986c,TEST,1,NonLeaf,rax(-1) rax(-1) ,rflags ,MOV,3,TEST,3,CALL_NEAR,5,LEA,4,MOV,7,MOV,4,MOV,4,LEA,4,MOV,3,MOV,4,0,0,0,0,0,CALL,0,1,1,0,0,0,CALL,0,1,5019756,5020219,5019768,0,1,1,1,fortran,2.029693633037825e-12,0.0,0,0,0
0x4c9508,JZ,1,1,840,6,0x4c94f1,CMP,1,NonLeaf,rbx(-1) ,rflags ,MOV,4,MOV,8,MOV,7,CMP,4,ADD,4,MOV,3,MOV,4,SHL,4,CMP,4,LEA,5,0,1,0,0,0,CALL,1,1,1,0,0,0,JA,0,0,5018861,5019728,5018894,0,0,1,1,fortran,2.029693633037825e-12,1.0,1,0,1
0x4c94d0,JZ,1,1,29,2,0x4c94cc,CMP,1,NonLeaf,rbp(-1) ,rflags ,CMP,4,SHL,4,MOV,3,JNZ,2,TEST,3,ADD,4,MOV,4,MOV,3,MOV,4,MOV,4,0,1,1,0,0,JE,0,0,1,0,0,0,SHL,0,0,5018828,5018861,5018834,0,0,1,1,fortran,2.029693633037825e-12,1.0,1,0,1
0x4c9483,JZ,1,1,73,2,0x4c9480,TEST,1,NonLeaf,r15(-1) r15(-1) ,rflags ,TEST,3,NOP,8,XOR,2,AND,5,MOV,4,MOV,4,XOR,2,MOV,5,BT,4,JNB,2,0,1,1,0,0,JE,0,0,1,0,0,0,MOV,0,0,5018752,5018828,5018757,0,0,0,0,fortran,2.029693633037825e-12,1.0,1,0,1
0x4c9457,JZ,1,0,14,2,0x4c9452,AND,1,NonLeaf,eax(AND) ,eax rflags ,AND,5,JNZ,2,CMP,3,OR,9,SUB,7,LEA,4,SUB,3,OR,5,LEA,5,XOR,3,0,1,1,0,0,NOP,0,0,1,0,0,0,OR,0,0,5018706,5018725,5018713,0,0,1,1,fortran,2.029693633037825e-12,0.0,0,0,0
0x4c9450,JNZ,1,0,-19,2,0x4c944d,CMP,1,NonLeaf,rsp(-1) rdx(-1) ,rflags ,CMP,3,OR,9,SUB,7,JMP,2,MOV,3,AND,5,JZ,2,LEA,4,SUB,3,OR,5,1,1,0,0,0,OR,0,0,1,1,0,0,JE,1,0,5018701,5018685,5018706,1,0,1,0,fortran,2.029693633037825e-12,0.0,0,1,0
0x4c93e3,JNZ,3,3,-51,2,0x4c93db,CMP,1,NonLeaf,r14(-1) ,rflags ,MOV,3,CMP,5,JBE,2,CMP,3,SUB,3,CMP,3,JNZ,2,MOV,5,MOV,5,CALL_NEAR,5,1,1,0,0,0,MOV,0,0,1,0,0,0,JNE,0,0,5018587,5018544,5018597,0,0,0,0,fortran,6.089080899113475e-12,1.0,1,0,1
0x4c93d9,JBE,3,1,-105,2,0x4c93d6,CMP,1,NonLeaf,r12(-1) rax(SUB) ,rflags ,CMP,3,SUB,3,MOV,3,LEA,4,ADD,3,CMP,5,MOV,3,JNZ,2,CMP,3,JNZ,2,0,0,0,0,0,JBE,1,0,0,0,1,1,JNE,0,0,5018548,5018480,5018587,0,0,0,0,fortran,6.089080899113475e-12,0.3333333333333333,0,0,0
0x4c93a2,JNBE,1,1,57,2,0x4c9397,CMP,1,NonLeaf,r12(MOV) ,rflags ,LEA,4,MOV,3,CMP,4,ADD,3,MOV,4,JMP,2,NOP,10,MOV,4,ADD,4,ADD,4,0,1,0,1,0,JNE,0,0,1,0,0,0,JMP,0,0,5018504,5018587,5018532,0,0,0,0,fortran,2.029693633037825e-12,1.0,1,0,1
0x4c9386,JNZ,4,3,-22,2,0x4c9382,CMP,1,NonLeaf,r15(-1) ,rflags ,CMP,4,JBE,6,CMP,4,ADD,4,ADD,4,MOV,4,MOV,4,MOV,4,ADD,3,CMP,4,1,1,0,0,0,JBE,0,0,1,0,0,0,JA,0,0,5018498,5018480,5018504,1,0,0,0,fortran,8.118774532151299e-12,0.75,1,0,1
0x4c937c,JBE,4,1,149,6,0x4c9378,CMP,1,NonLeaf,rbp(-1) r13(ADD) ,rflags ,CMP,4,ADD,4,ADD,4,NOP,2,JMP,2,CMP,4,JNZ,2,MOV,4,MOV,4,MOV,4,0,1,0,0,0,MOV,1,0,0,0,1,1,JNE,0,0,5018480,5018641,5018498,0,0,0,0,fortran,8.118774532151299e-12,0.25,0,0,0
0x4c9355,JZ,1,0,196,6,0x4c934e,TEST,1,NonLeaf,rax(MOVZX) rax(MOVZX) ,rflags ,MOV,4,TEST,3,MOVZX,7,MOV,7,JZ,6,XOR,3,MOV,4,MOV,4,MOV,3,MOV,3,0,0,0,0,0,JMP,0,0,1,0,0,0,JMP,0,0,5018432,5018649,5018459,0,0,0,1,fortran,2.029693633037825e-12,0.0,0,0,0
0x4c933a,JZ,1,0,223,6,0x4c9333,TEST,1,NonLeaf,rax(MOV) rax(MOV) ,rflags ,MOV,4,TEST,3,MOV,7,JNZ,2,TEST,3,MOV,7,MOVZX,7,TEST,3,MOV,4,JZ,6,0,1,0,0,0,JMP,0,0,1,0,0,0,JE,0,0,5018412,5018649,5018432,0,1,0,1,fortran,2.029693633037825e-12,0.0,0,0,0
0x4c92f0,JZ,1,1,60,2,0x4c92ed,AND,1,NonLeaf,r15(AND) rsi(MOV) ,r15 rflags ,AND,3,MOV,7,MOV,3,MOVZX,4,MOV,3,XOR,2,XOR,2,MOV,5,NOP,5,MOV,2,0,1,1,0,0,JE,1,0,1,0,0,0,NOP,0,0,5018272,5018412,5018354,0,0,1,0,fortran,2.029693633037825e-12,1.0,1,0,1
0x4c7b24,JZ,1,1,-269,6,0x4c7b1f,TEST,1,NonLeaf,eax(-1) eax(-1) ,rflags ,MOV,3,TEST,2,JMP,5,MOV,10,JMP,5,JMP,2,NOP,4,XOR,2,JMP,5,NOP,9,0,0,0,0,0,ADD,0,0,1,0,0,0,JMP,0,0,5012255,5011991,5012266,0,0,0,0,fortran,2.029693633037825e-12,1.0,1,0,1
0x4c7a43,JZ,1,1,139,6,0x4c7a40,TEST,1,NonLeaf,bpl(MOVZX) bpl(MOVZX) ,rflags ,TEST,3,MOV,3,MOVZX,3,MOV,4,MOV,7,MOV,4,XOR,3,CALL_NEAR,5,MOV,3,LEA,4,0,0,1,0,0,RET,0,0,1,0,0,0,CALL,0,1,5012008,5012174,5012041,0,0,0,1,fortran,2.029693633037825e-12,1.0,1,0,1
0x4c79f9,JNZ,1,0,10,2,0x4c79f6,TEST,1,NonLeaf,rbp(-1) rbp(-1) ,rflags ,TEST,3,MOV,5,MOV,7,ADD,6,JZ,6,JMP,5,MOV,3,MOV,7,TEST,3,JNZ,2,0,1,0,1,0,JNE,0,0,1,0,0,0,JMP,0,0,5011958,5011971,5011963,0,0,0,0,fortran,2.029693633037825e-12,0.0,0,0,0
0x4c79de,JZ,1,1,338,6,0x4c79db,TEST,1,NonLeaf,rax(MOV) rax(MOV) ,rflags ,TEST,3,MOV,7,SHL,4,LEA,4,MOV,7,ADD,6,MOV,7,MOV,5,TEST,3,JNZ,2,0,1,0,0,0,JMP,0,0,1,0,0,0,MOV,0,0,5011880,5012272,5011940,0,1,0,1,fortran,2.029693633037825e-12,1.0,1,0,1
0x4c79a2,JZ,1,1,366,6,0x4c7995,TEST,1,NonLeaf,rip(JZ) ,rflags ,MOV,6,TEST,7,OR,3,AND,3,MOVZX,7,LEA,7,MOV,7,MOV,4,MOV,11,MOV,7,0,1,0,0,0,JMP,0,0,1,1,0,0,JE,0,0,5011823,5012240,5011880,0,0,1,1,fortran,2.029693633037825e-12,1.0,1,0,1
0x4c7936,JZ,1,0,619,6,0x4c7930,TEST,1,NonLeaf,rax(-1) rax(-1) ,rflags ,MOV,3,TEST,3,CALL_NEAR,5,LEA,4,MOV,5,MOV,4,LEA,7,LEA,7,MOV,3,MOV,3,0,1,0,0,0,JMP,0,0,1,0,0,0,CALL,0,1,5011760,5012385,5011772,0,1,0,1,fortran,2.029693633037825e-12,0.0,0,0,0
0x4c78cc,JZ,1,1,24,2,0x4c78c9,TEST,1,NonLeaf,rax(MOV) rax(MOV) ,rflags ,TEST,3,MOV,5,MOV,7,ADD,4,MOV,7,ADD,4,MOV,5,POP,1,POP,1,JMP,2,0,1,0,0,0,RET,0,0,1,0,0,0,JMP,0,0,5011612,5011684,5011662,0,0,0,0,fortran,2.029693633037825e-12,1.0,1,0,1
0x4c787f,JNZ,1,0,12,2,0x4c787c,TEST,1,NonLeaf,rdx(MOV) rdx(MOV) ,rflags ,TEST,3,MOV,7,SHL,4,LEA,4,CALL_NEAR,2,JMP,2,NOP,5,MOV,3,MOV,4,TEST,3,0,1,0,1,0,JNE,0,0,1,0,0,0,JMP,0,0,5011565,5011595,5011585,0,0,0,0,fortran,2.029693633037825e-12,0.0,0,0,0
0x4c7864,JZ,1,1,9,2,0x4c7861,TEST,1,NonLeaf,rax(MOV) rax(MOV) ,rflags ,TEST,3,SUB,4,MOV,3,PUSH,1,MOV,3,MOV,5,CALL_NEAR,2,LEA,4,SHL,4,MOV,7,0,1,1,0,0,JNE,0,0,1,0,0,0,CALL,0,1,5011536,5011565,5011558,0,0,0,1,fortran,2.029693633037825e-12,1.0,1,0,1
0x4c77ca,JZ,1,0,85,2,0x4c77c7,TEST,1,Leaf,rax(MOV) rax(MOV) ,rflags ,TEST,3,MOV,7,INVALID,0,INVALID,0,INVALID,0,MOV,4,MOV,2,MOV,6,MOV,3,MOV,4,0,1,0,0,0,JE,0,0,1,0,0,0,RET,0,0,5011392,5011487,5011404,0,1,0,1,fortran,2.029693633037825e-12,0.0,0,0,0
0x4c5222,JZ,1,0,246,6,0x4c521e,CMP,1,NonLeaf,rdi(MOV) ,rflags ,CMP,4,MOV,7,CALL_NEAR,5,MOV,3,MOV,5,MOV,10,LEA,4,POP,1,POP,2,POP,2,0,1,0,0,0,CALL,0,1,1,1,0,0,RET,0,0,5001751,5002008,5001768,0,0,1,1,fortran,2.029693633037825e-12,0.0,0,0,0
0x4c51f2,JZ,1,0,325,6,0x4c51e8,TEST,1,NonLeaf,rax(-1) rax(-1) ,rflags ,MOV,7,TEST,3,CALL_NEAR,5,LEA,8,JNZ,2,MOV,6,XOR,3,MOV,3,MOV,6,MOV,5,0,0,0,0,0,MOV,0,0,1,0,0,0,CALL,0,1,5001704,5002039,5001720,0,0,0,1,fortran,2.029693633037825e-12,0.0,0,0,0
0x4c51d9,JNZ,27,26,-25,2,0x4c51d7,TEST,1,NonLeaf,cl(MOVZX) cl(MOVZX) ,rflags ,TEST,2,MOVZX,5,ADD,4,CMOVBE,4,CMP,3,LEA,8,CALL_NEAR,5,TEST,3,MOV,7,JZ,6,1,1,1,1,1,JNE,0,0,1,1,0,0,LEA,1,0,5001664,5001664,5001691,1,0,0,0,fortran,5.480172809202128e-11,0.9629629629629628,1,1,1
0x4c51b3,JZ,1,0,378,6,0x4c51b1,TEST,1,NonLeaf,cl(MOVZX) cl(MOVZX) ,rflags ,TEST,2,MOV,3,MOVZX,5,CALL_NEAR,5,AND,4,MOV,5,NOP,2,SUB,3,LEA,4,CMP,3,0,1,0,0,0,JMP,1,0,1,0,0,0,NOP,0,0,5001641,5002029,5001657,0,0,0,0,fortran,2.029693633037825e-12,0.0,0,0,0
0x4c5183,JNZ,1,0,-19,2,0x4c5180,CMP,1,NonLeaf,rsp(-1) rcx(-1) ,rflags ,CMP,3,OR,9,SUB,7,NOP,7,JMP,2,AND,5,JZ,2,LEA,4,SUB,3,OR,5,1,1,0,0,0,OR,0,0,1,1,0,0,JE,1,0,5001600,5001584,5001605,1,0,1,0,fortran,2.029693633037825e-12,0.0,0,1,0
0x4c50f2,JNZ,1,1,78,2,0x4c50ed,CMP,1,NonLeaf,r12(-1) ,rflags ,CMP,5,JZ,2,MOV,8,MOV,11,MOV,7,MOV,11,LEA,4,POP,1,POP,2,POP,2,0,1,0,0,0,CALL,0,1,0,0,0,0,RET,1,0,5001453,5001536,5001460,0,0,1,1,fortran,2.029693633037825e-12,1.0,1,0,1
0x4c50eb,JZ,1,0,9,2,0x4c50ce,TEST,1,NonLeaf,r12(-1) r12(-1) ,rflags ,MOV,8,MOV,11,MOV,7,TEST,3,MOV,8,CMP,5,JNZ,2,MOV,11,LEA,4,POP,1,0,1,0,0,0,RET,1,0,1,0,0,0,JNE,0,0,5001422,5001460,5001453,0,0,1,0,fortran,2.029693633037825e-12,0.0,0,0,0
0x4c501b,JBE,1,1,637,6,0x4c5010,CMP,1,NonLeaf,rax(-1) ,rflags ,MOV,7,CMP,4,JBE,6,MOV,7,CMP,4,CMP,4,MOV,7,JBE,6,CMP,4,MOV,7,0,1,0,0,0,JMP,0,0,1,0,0,0,JBE,0,0,5001232,5001880,5001249,0,0,0,1,fortran,2.029693633037825e-12,1.0,1,0,1
0x4c500a,JBE,1,0,702,6,0x4c4fff,CMP,1,NonLeaf,rax(-1) ,rflags ,MOV,7,CMP,4,JNBE,6,CMP,4,CMOVNBE,4,CMP,4,MOV,7,JBE,6,CMP,4,MOV,7,0,1,0,0,0,JMP,0,0,1,0,0,0,JBE,0,0,5001215,5001928,5001232,0,0,0,1,fortran,2.029693633037825e-12,0.0,0,0,0
0x4c4ff9,JNBE,1,0,279,6,0x4c4ff5,CMP,1,NonLeaf,rbx(-1) ,rflags ,CMP,4,CMOVNBE,4,CMP,3,AND,3,NEG,3,CMP,4,MOV,7,JBE,6,CMP,4,MOV,7,0,1,0,0,0,JNE,0,0,1,0,0,0,JBE,0,0,5001130,5001488,5001215,0,0,0,1,fortran,2.029693633037825e-12,0.0,0,0,0
0x4c4f3f,JZ,1,1,107,2,0x4c4f3c,CMP,1,NonLeaf,rbx(-1) rax(-1) ,rflags ,CMP,3,MOV,5,MOV,7,JBE,6,MOV,7,MOV,3,SUB,3,MOV,3,SHR,4,LEA,8,0,0,1,0,0,JA,1,0,0,0,0,0,JE,0,0,5001020,5001130,5001025,0,0,1,0,fortran,2.029693633037825e-12,1.0,1,0,1
0x4c4ef7,JBE,1,1,849,6,0x4c4eec,CMP,1,NonLeaf,rax(-1) ,rflags ,MOV,7,CMP,4,JBE,6,MOV,7,CMP,4,CMP,4,MOV,7,JBE,6,CMP,4,MOV,7,0,1,0,0,0,JMP,0,0,1,0,0,0,JBE,0,0,5000940,5001800,5000957,0,0,0,1,fortran,2.029693633037825e-12,1.0,1,0,1
0x4c4ee6,JBE,1,0,1010,6,0x4c4edb,CMP,1,NonLeaf,rax(-1) ,rflags ,MOV,7,CMP,4,JNBE,6,CMP,4,CMOVNBE,4,CMP,4,MOV,7,JBE,6,CMP,4,MOV,7,0,1,0,0,0,JMP,0,0,1,0,0,0,JBE,0,0,5000923,5001944,5000940,0,0,0,1,fortran,2.029693633037825e-12,0.0,0,0,0
0x4c4ed5,JNBE,1,0,595,6,0x4c4ed1,CMP,1,NonLeaf,rbx(-1) ,rflags ,CMP,4,CMOVNBE,4,CMP,3,AND,3,NEG,3,CMP,4,MOV,7,JBE,6,CMP,4,MOV,7,0,1,0,0,0,JNE,0,0,1,0,0,0,JBE,0,0,5000886,5001512,5000923,0,0,0,1,fortran,2.029693633037825e-12,0.0,0,0,0
0x4c4eb0,JZ,1,0,1080,6,0x4c4e7c,TEST,1,NonLeaf,rbx(-1) rbx(-1) ,rflags ,MOV,8,MOV,8,MOV,8,MOV,8,MOV,7,LEA,4,MOV,3,AND,3,SHR,4,NEG,3,0,1,0,0,0,JMP,1,0,1,0,0,0,JA,0,0,5000828,5001960,5000886,0,0,1,0,fortran,2.029693633037825e-12,0.0,0,0,0
0x4c4e76,JZ,1,0,1217,6,0x4c4e6d,TEST,1,NonLeaf,rax(-1) rax(-1) ,rflags ,MOV,3,MOV,3,TEST,3,CALL_NEAR,5,SHL,4,TEST,3,MOV,10,MOV,7,MOV,8,MOV,8,0,1,0,0,0,MOV,1,0,1,0,0,0,JE,0,0,5000813,5002039,5000828,0,0,0,1,fortran,2.029693633037825e-12,0.0,0,0,0
0x4c4e2f,JZ,1,0,1315,6,0x4c4e22,TEST,1,NonLeaf,rax(-1) rax(-1) ,rflags ,MOV,7,MOV,3,TEST,3,CALL_NEAR,5,MOV,7,MOV,7,MOV,10,LEA,8,MOV,3,MUL,3,0,1,0,0,0,JMP,1,0,1,0,0,0,CALL,0,1,5000738,5002066,5000757,0,0,0,1,fortran,2.029693633037825e-12,0.0,0,0,0
0x4c24ff,JZ,1,1,-637,6,0x4c24fd,TEST,1,NonLeaf,ecx(MOV) ecx(MOV) ,rflags ,TEST,2,MOV,5,LEA,4,MOV,4,NOP,10,CMP,4,JZ,6,CMP,4,JNZ,6,MOV,5,0,0,0,0,0,JE,0,0,1,0,0,0,JE,0,0,4990192,4989570,4990213,0,0,0,0,fortran,2.029693633037825e-12,1.0,1,0,1
0x4c24a8,JZ,1,1,303,6,0x4c2499,CMP,1,NonLeaf,rsp(-1) ,rflags ,MOV,4,MOV,5,CMP,6,MOV,5,JBE,2,MOV,5,MOV,5,MOV,5,ADD,3,ADD,3,0,1,0,0,0,JMP,0,0,1,0,0,0,CALL,0,1,4990105,4990423,4990126,0,1,1,1,fortran,2.029693633037825e-12,1.0,1,0,1
0x4c242c,JZ,1,1,109,2,0x4c2429,CMP,1,NonLeaf,r8(-1) rsi(-1) ,rflags ,CMP,3,MOV,5,MOV,4,JNZ,6,MOV,4,MOV,3,SUB,3,MOV,3,SHR,4,LEA,8,0,0,1,0,0,JE,0,0,0,0,0,0,JE,0,0,4989993,4990105,4989998,0,0,1,0,fortran,2.029693633037825e-12,1.0,1,0,1
0x4c23f0,JZ,1,1,434,6,0x4c23e8,CMP,1,NonLeaf,rsi(-1) ,rflags ,MOV,4,CMP,4,JZ,6,MOV,4,CMP,4,CMP,4,MOV,4,JZ,6,CMP,4,MOV,4,0,1,0,0,0,JMP,0,0,1,0,0,0,JE,0,0,4989928,4990370,4989942,0,0,0,1,fortran,2.029693633037825e-12,1.0,1,0,1
0x4c23e2,JZ,1,0,408,6,0x4c23da,CMP,1,NonLeaf,rsi(-1) ,rflags ,MOV,4,CMP,4,JNBE,6,CMP,4,CMOVNBE,4,CMP,4,MOV,4,JZ,6,CMP,4,MOV,4,0,1,0,0,0,JMP,0,0,1,0,0,0,JE,0,0,4989914,4990330,4989928,0,0,0,1,fortran,2.029693633037825e-12,0.0,0,0,0
0x4c23d4,JNBE,1,0,404,6,0x4c23d0,CMP,1,NonLeaf,r8(-1) ,rflags ,CMP,4,CMOVNBE,4,CMP,3,AND,3,NEG,3,CMP,4,MOV,4,JZ,6,CMP,4,MOV,4,0,1,0,0,0,JNE,0,0,1,0,0,0,JE,0,0,4989877,4990312,4989914,0,0,0,1,fortran,2.029693633037825e-12,0.0,0,0,0
0x4c2398,JNB,1,0,9,2,0x4c2385,CMP,1,NonLeaf,rip(JNB) rbx(-1) ,rflags ,MOV,4,MOV,5,MOV,3,CMP,7,CALL_NEAR,5,MOV,7,XOR,2,CMP,4,SETNZ,3,ADD,2,0,1,1,0,0,JE,0,0,1,0,0,0,MOV,0,0,4989829,4989857,4989850,0,0,0,1,fortran,2.029693633037825e-12,0.0,0,0,0
0x4c2367,JZ,1,0,637,6,0x4c2357,TEST,1,NonLeaf,rax(-1) rax(-1) ,rflags ,MOV,5,MOV,5,MOV,3,TEST,3,CALL_NEAR,5,LEA,4,MOV,3,MOV,3,MOV,5,MOV,4,0,1,0,0,0,CALL,1,1,1,0,0,0,CALL,0,1,4989783,4990436,4989805,0,0,1,1,fortran,2.029693633037825e-12,0.0,0,0,0
0x4c230e,JZ,1,1,562,6,0x4c2308,CMP,1,NonLeaf,rsp(-1) ,rflags ,CMP,6,NOP,3,JMP,5,MOV,4,LEA,4,MOV,5,CALL_NEAR,5,ADD,4,MOV,5,MOV,7,0,1,0,0,0,JMP,0,0,1,0,0,0,CALL,0,1,4989704,4990272,4989716,0,1,1,1,fortran,2.029693633037825e-12,1.0,1,0,1
0x4c22a4,JNZ,2,2,-12,2,0x4c22a0,CMP,1,NonLeaf,r14(-1) rbx(-1) ,rflags ,CMP,4,JZ,2,TEST,3,MOV,3,NOP,5,MOV,4,MOV,3,MOV,3,CALL_NEAR,5,TEST,2,1,1,0,0,0,JE,0,0,1,0,0,0,CALL,0,1,4989600,4989592,4989606,1,0,0,1,fortran,4.0593872660756495e-12,1.0,1,1,1
0x4c229e,JZ,2,1,106,2,0x4c229b,TEST,1,NonLeaf,r14(MOV) r14(MOV) ,rflags ,TEST,3,MOV,3,NOP,5,JMP,2,MOV,3,CMP,4,JNZ,2,MOV,4,MOV,3,MOV,3,0,0,0,0,0,JE,1,0,0,0,1,1,JNE,0,0,4989592,4989704,4989600,0,0,0,0,fortran,4.0593872660756495e-12,0.5,0,0,0
0x4c228c,JZ,1,0,124,2,0x4c2289,TEST,1,NonLeaf,r13(MOV) r13(MOV) ,rflags ,TEST,3,MOV,7,MOV,6,JNZ,6,TEST,2,MOV,3,JMP,2,NOP,5,MOV,3,TEST,3,0,1,0,0,0,JE,0,0,1,0,0,0,JMP,0,0,4989570,4989704,4989582,0,0,0,0,fortran,2.029693633037825e-12,0.0,0,0,0
0x4c224f,JNZ,1,1,-23,2,0x4c224b,CMP,1,NonLeaf,rax(MOV) ,rflags ,CMP,4,MOV,3,JNZ,6,LEA,4,CMP,6,CMP,4,JNZ,6,MOV,4,TEST,2,JNZ,2,1,1,0,0,0,JNE,0,0,0,0,0,0,JNE,1,0,4989515,4989496,4989521,0,0,0,0,fortran,2.029693633037825e-12,1.0,1,1,1
0x4c2242,JNZ,1,1,686,6,0x4c2238,CMP,1,NonLeaf,r15(-1) rax(-1) ,rflags ,LEA,4,CMP,6,NOP,6,JMP,5,JZ,2,MOV,3,CMP,4,JNZ,2,CMP,4,JNZ,6,0,0,0,0,0,JE,1,0,1,0,0,0,MOV,0,0,4989496,4990192,4989512,0,0,1,0,fortran,2.029693633037825e-12,1.0,1,0,1
0x4c222b,JZ,1,1,32,2,0x4c2221,CMP,1,NonLeaf,r15(-1) rbx(-1) ,rflags ,LEA,4,CMP,6,JBE,2,CMP,4,JZ,2,JMP,5,NOP,6,CMP,6,LEA,4,JNZ,6,0,1,0,1,0,JNE,0,0,1,0,0,0,JMP,0,0,4989473,4989515,4989485,0,0,0,0,fortran,2.029693633037825e-12,1.0,1,0,1
0x4c221f,JBE,1,0,50,2,0x4c221b,CMP,1,NonLeaf,rax(-1) ,rflags ,CMP,4,JZ,2,MOV,3,TEST,3,CALL_NEAR,5,CMP,6,LEA,4,JZ,2,JMP,5,NOP,6,0,1,0,0,0,JNE,0,0,1,0,0,0,JE,0,0,4989467,4989521,4989473,0,1,0,0,fortran,2.029693633037825e-12,0.0,0,0,0
0x4c2219,JZ,1,0,87,2,0x4c2213,TEST,1,NonLeaf,rax(-1) rax(-1) ,rflags ,MOV,3,TEST,3,CALL_NEAR,5,MOV,3,JZ,6,CMP,4,JBE,2,CMP,6,LEA,4,JZ,2,0,1,0,0,0,JNE,0,0,1,0,0,0,JBE,0,0,4989459,4989552,4989467,0,0,0,0,fortran,2.029693633037825e-12,0.0,0,0,0
0x4c2205,JZ,2,1,841,6,0x4c21ff,TEST,1,NonLeaf,rax(-1) rax(-1) ,rflags ,MOV,3,TEST,3,CALL_NEAR,5,LEA,5,MOV,5,MOV,3,CALL_NEAR,5,TEST,3,MOV,3,JZ,2,0,1,0,0,0,RET,1,0,1,0,0,0,CALL,0,1,4989439,4990286,4989451,0,0,1,1,fortran,4.0593872660756495e-12,0.5,0,0,0
0x4c1c73,JNBE,4,0,13,2,0x4c1c70,CMP,1,Leaf,rsi(-1) rdx(-1) ,rflags ,CMP,3,XOR,2,MOV,7,JNBE,2,MOV,3,RET_NEAR,2,NOP,9,MOV,7,MOV,7,MOV,5,0,1,0,0,0,RET,0,0,1,0,0,0,REPZ RET,0,0,4988007,4988032,4988021,0,0,1,0,fortran,8.118774532151299e-12,0.0,0,0,0
0x4c1c65,JNBE,4,0,47,2,0x4c1c5c,CMP,1,Leaf,rax(-1) ,rflags ,MOV,3,CMP,6,SYSCALL,2,MOV,2,MOV,3,MOV,7,XOR,2,CMP,3,JNBE,2,RET_NEAR,2,0,1,0,0,0,RET,0,0,1,0,0,0,JA,0,0,4987996,4988052,4988007,0,1,1,1,fortran,8.118774532151299e-12,0.0,0,0,0
0x4c19dd,JNB,1,0,-183229,6,0x4c19d7,CMP,1,Leaf,rax(-1) ,rflags ,CMP,6,SYSCALL,2,MOV,5,INVALID,0,INVALID,0,RET_NEAR,1,INVALID,0,INVALID,0,INVALID,0,INVALID,0,0,-1,-1,-1,-1,RET,-1,0,1,1,0,0,RET,0,0,4987351,4804128,4987363,1,0,1,0,fortran,2.029693633037825e-12,0.0,0,0,0
0x4b5f87,JZ,1,1,7,2,0x4b5f84,BSR,1,Leaf,edx(BSR) ,edx rflags ,BSR,3,AND,3,SHR,3,SUB,3,JMP,2,LEA,5,RET_NEAR,1,INVALID,0,INVALID,0,INVALID,0,0,1,1,0,0,RET,0,0,1,0,0,0,LEA,0,0,4939643,4939662,4939657,0,0,0,0,fortran,2.029693633037825e-12,1.0,1,1,1
0x4b5f72,JZ,1,0,-54,2,0x4b5f6f,BSR,1,Leaf,edx(BSR) ,edx rflags ,BSR,3,JNZ,2,MOV,5,MOV,6,BSF,4,LEA,5,JMP,2,SUB,3,SHR,3,AND,3,0,0,1,1,0,JE,0,0,1,0,0,0,JMP,0,0,4939631,4939580,4939636,0,0,0,0,fortran,2.029693633037825e-12,0.0,0,1,0
0x4b5f6d,JNZ,2,1,14,2,0x4b5f5e,BSF,1,Leaf,ecx(MOV) ,r9d rflags ,MOV,5,MOV,6,BSF,4,JZ,2,OR,2,BSR,3,JZ,2,LEA,5,JMP,2,SUB,3,0,1,1,0,0,JE,1,0,1,0,0,0,JE,0,0,4939614,4939643,4939631,1,0,0,0,fortran,4.0593872660756495e-12,0.5,0,0,0
0x4b5f5c,JZ,4,3,-32,2,0x4b5f5a,OR,1,Leaf,esi(OR) ecx(PMOVMSKB) ,esi rflags ,OR,2,MOV,2,PMOVMSKB,4,PMOVMSKB,4,PCMPEQB,4,BSF,4,MOV,6,MOV,5,JNZ,2,BSR,3,1,1,1,1,1,JE,0,0,0,1,0,0,JNE,0,0,4939580,4939580,4939614,0,1,0,0,fortran,8.118774532151299e-12,0.75,1,1,1
0x4b5f3a,JNZ,1,1,36,2,0x4b5f38,OR,1,Leaf,esi(OR) ecx(AND) ,esi rflags ,OR,2,MOV,2,XOR,2,AND,2,AND,2,MOVDQA,4,LEA,4,MOVDQA,4,PCMPEQB,4,PCMPEQB,4,0,1,1,0,0,JNE,0,0,1,0,1,0,JE,0,0,4939504,4939614,4939580,1,0,0,0,fortran,2.029693633037825e-12,1.0,1,0,1
0x4a01e8,JZ,1,1,23,2,0x4a01e2,TEST,1,NonLeaf,esi(-1) esi(-1) ,rflags ,MOV,3,PUSH,1,TEST,2,XOR,2,INVALID,0,LEA,4,XOR,2,XOR,2,CALL_NEAR,5,TEST,2,0,1,1,0,0,RET,0,0,1,0,0,0,CALL,0,1,4850144,4850175,4850154,0,0,1,1,fortran,2.029693633037825e-12,1.0,1,0,1
0x494dae,JZ,1,0,82,2,0x494dac,TEST,1,NonLeaf,eax(MOV) eax(MOV) ,rflags ,TEST,2,MOV,6,JZ,2,MOV,2,PUSH,1,MOVZX,7,MOV,10,CALL_NEAR,5,MOV,6,MOV,7,0,1,0,0,0,JMP,0,0,0,0,0,0,CALL,0,1,4804006,4804096,4804016,0,0,1,1,fortran,2.029693633037825e-12,0.0,0,0,0
0x494da4,JZ,1,0,12,2,0x494d9a,TEST,1,NonLeaf,rax(MOV) rax(MOV) ,rflags ,MOV,2,PUSH,1,MOV,3,PUSH,1,TEST,3,MOV,6,TEST,2,JZ,2,MOVZX,7,MOV,10,0,1,0,0,0,CALL,0,1,1,0,0,0,JE,0,0,4803984,4804016,4804006,0,0,1,0,fortran,2.029693633037825e-12,0.0,0,0,0
0x494d0d,JZ,1,1,-14,2,0x494d09,CMP,1,NonLeaf,r8d(-1) ,rflags ,CMP,4,RET_NEAR,1,POP,1,POP,1,ADD,7,MOV,5,ADD,7,SUB,3,SHL,3,POP,1,0,0,0,0,0,RET,0,0,0,0,0,0,RET,0,0,4803849,4803839,4803855,0,0,0,0,fortran,2.029693633037825e-12,1.0,1,0,1
0x494cfd,JNZ,2,2,-85,2,0x494cf9,CMP,1,NonLeaf,r8d(-1) ,rflags ,CMP,4,JNZ,2,CMP,3,OR,2,LEA,4,ADD,7,POP,1,POP,1,RET_NEAR,1,CMP,4,0,0,0,1,1,JA,0,0,0,0,0,0,RET,1,0,4803833,4803752,4803839,0,0,0,0,fortran,4.0593872660756495e-12,1.0,1,1,1
0x494cf7,JNZ,3,1,18,2,0x494cf4,CMP,1,NonLeaf,dl(-1) ,rflags ,CMP,3,OR,2,LEA,4,ADD,4,SHL,3,CMP,4,JNZ,2,ADD,7,POP,1,POP,1,0,1,0,0,0,JE,1,0,1,0,0,0,JNE,0,0,4803815,4803849,4803833,0,0,0,0,fortran,6.089080899113475e-12,0.3333333333333333,0,0,0
0x494ce5,JBE,1,0,-21,2,0x494ce1,CMP,1,NonLeaf,dil(LEA) ,rflags ,CMP,4,LEA,3,MOVSX,3,LEA,4,ADD,4,SHL,3,ADD,4,LEA,4,OR,2,CMP,3,1,1,1,1,1,JBE,0,0,0,1,0,0,JNE,0,0,4803792,4803792,4803815,0,0,0,0,fortran,2.029693633037825e-12,0.0,0,1,0
0x494cb1,JNBE,3,0,94,2,0x494cae,CMP,1,NonLeaf,dl(LEA) ,rflags ,CMP,3,LEA,3,MOVSX,3,XOR,2,XOR,3,MOVSX,4,LEA,4,SUB,3,LEA,3,CMP,4,1,1,0,0,0,RET,1,0,1,0,0,0,JA,0,0,4803752,4803855,4803763,0,0,0,0,fortran,6.089080899113475e-12,0.0,0,0,0
0x494c9d,JNZ,1,0,147,6,0x494c93,TEST,1,NonLeaf,eax(-1) eax(-1) ,rflags ,LEA,8,TEST,2,CALL_NEAR,5,LEA,5,SUB,7,XOR,3,XOR,2,MOVSX,3,LEA,3,CMP,3,0,1,0,0,0,CALL,0,1,1,0,0,0,XOR,0,0,4803731,4803888,4803747,0,0,1,0,fortran,2.029693633037825e-12,0.0,0,0,0
0x494c38,JZ,1,0,8,2,0x494c36,TEST,1,NonLeaf,eax(MOV) eax(MOV) ,rflags ,TEST,2,MOV,6,INVALID,0,INVALID,0,INVALID,0,RET_NEAR,1,NOP,5,PUSH,1,CALL_NEAR,5,MOV,2,0,1,0,0,0,CALL,0,1,1,0,0,0,RET,0,0,4803632,4803648,4803642,0,0,1,0,fortran,2.029693633037825e-12,0.0,0,0,0
0x49449e,JNBE,1,0,-1449,6,0x49449a,CMP,1,NonLeaf,rcx(SUB) ,rflags ,CMP,4,SUB,3,MOV,3,JBE,2,CMP,4,NEG,3,LEA,4,MOV,4,JMP,5,NOP,4,0,0,1,0,0,JE,0,0,1,0,0,0,JMP,0,0,4801684,4800245,4801700,0,0,0,1,fortran,2.029693633037825e-12,0.0,0,0,0
0x494492,JBE,1,0,38,2,0x49448e,CMP,1,NonLeaf,rcx(SUB) ,rflags ,CMP,4,SUB,3,MOV,3,NOP,4,JMP,5,MOV,3,SUB,3,CMP,4,JNBE,6,NEG,3,0,1,0,0,0,JMP,0,0,1,0,0,0,JA,0,0,4801672,4801720,4801684,0,0,1,0,fortran,2.029693633037825e-12,0.0,0,0,0
0x49440d,JB,1,0,-1500,6,0x49440a,CMP,1,NonLeaf,rcx(-1) r9(-1) ,rflags ,CMP,3,JZ,6,TEST,4,MOV,3,MOV,7,MOV,7,MOV,7,MOV,3,JMP,5,NOP,7,0,0,1,0,0,JE,0,0,1,0,0,0,JMP,0,0,4801546,4800049,4801555,0,0,0,1,fortran,2.029693633037825e-12,0.0,0,0,0
0x494404,JZ,1,0,-1491,6,0x494400,TEST,1,NonLeaf,rax(-1) ,rflags ,TEST,4,MOV,3,MOV,7,JB,2,CMP,3,CMP,3,JB,6,MOV,7,MOV,7,MOV,3,0,0,1,0,0,JE,0,0,1,0,0,0,JB,0,0,4801536,4800049,4801546,1,0,0,0,fortran,2.029693633037825e-12,0.0,0,0,0
0x4943f4,JB,1,0,12,2,0x4943f1,CMP,1,NonLeaf,rcx(ADD) r8(-1) ,rflags ,CMP,3,ADD,4,MOV,3,JNZ,2,MOV,4,MOV,7,MOV,3,TEST,4,JZ,6,CMP,3,0,1,1,0,0,JE,0,0,1,0,0,0,MOV,0,0,4801517,4801536,4801526,0,0,0,1,fortran,2.029693633037825e-12,0.0,0,0,0
0x4943e8,JNZ,1,0,5,2,0x4943e0,CMP,1,NonLeaf,rbx(-1) ,rflags ,MOV,4,CMP,4,RET_NEAR,1,POP,2,POP,2,MOV,3,ADD,4,CMP,3,JB,2,MOV,7,0,1,1,0,0,JB,0,0,1,0,0,0,MOV,0,0,4801504,4801517,4801514,0,0,0,1,fortran,2.029693633037825e-12,0.0,0,0,0
0x4943d3,JNZ,4,4,-27,2,0x4943d0,CMP,1,NonLeaf,rdx(ADD) rcx(-1) ,rflags ,CMP,3,ADD,4,JZ,6,CMP,7,ADD,4,ADD,4,POP,1,POP,1,POP,2,POP,2,1,1,0,0,0,JE,0,0,0,0,0,0,RET,1,0,4801484,4801464,4801493,0,0,0,0,fortran,8.118774532151299e-12,1.0,1,1,1
0x4943c6,JZ,4,1,346,6,0x4943bf,CMP,1,NonLeaf,rax(ADD) ,rflags ,CMP,7,ADD,4,MOV,3,NOP,5,JMP,2,ADD,4,CMP,3,JNZ,2,ADD,4,POP,1,0,0,0,0,0,RET,1,0,0,0,1,1,JNE,0,0,4801464,4801824,4801484,0,0,1,0,fortran,8.118774532151299e-12,0.25,0,0,0
0x4943a5,JZ,1,0,367,6,0x49439f,CMP,1,NonLeaf,rax(-1) ,rflags ,CMP,6,JZ,2,TEST,3,MOV,7,JZ,2,ADD,4,XOR,2,JMP,2,NOP,5,MOV,3,0,1,0,0,0,NOP,0,0,1,0,0,0,JMP,0,0,4801439,4801812,4801451,0,1,0,0,fortran,2.029693633037825e-12,0.0,0,0,0
0x49439d,JZ,1,0,56,2,0x49439a,TEST,1,NonLeaf,rcx(MOV) rcx(MOV) ,rflags ,TEST,3,MOV,7,JZ,2,TEST,3,MOV,7,CMP,6,JZ,6,ADD,4,XOR,2,JMP,2,0,0,0,0,0,RET,0,0,1,0,0,0,JE,0,0,4801427,4801493,4801439,0,0,0,0,fortran,2.029693633037825e-12,0.0,0,0,0
0x494379,JZ,1,1,14,2,0x494376,TEST,1,NonLeaf,rdi(MOV) rdi(MOV) ,rflags ,TEST,3,MOV,7,MOV,6,JZ,2,TEST,3,CALL_NEAR,5,MOV,7,MOV,7,TEST,3,JZ,2,0,1,1,0,0,JE,0,0,1,0,0,0,CALL,0,1,4801391,4801415,4801403,0,0,0,1,fortran,2.029693633037825e-12,1.0,1,0,1
0x494324,JZ,1,1,75,2,0x49431e,TEST,1,NonLeaf,rax(-1) rax(-1) ,rflags ,MOV,3,TEST,3,CALL_NEAR,5,MOV,5,CALL_NEAR,5,MOV,6,XOR,2,XOR,3,XOR,2,XOR,2,0,1,1,0,0,JE,0,0,1,0,0,0,XOR,0,0,4801310,4801391,4801318,0,0,0,0,fortran,2.029693633037825e-12,1.0,1,0,1
0x4942fd,JZ,1,1,18,2,0x4942fa,TEST,1,NonLeaf,rax(MOV) rax(MOV) ,rflags ,TEST,3,MOV,7,JNZ,6,TEST,2,CALL_NEAR,5,CMP,3,JNZ,2,MOV,11,CALL_NEAR,5,MOV,5,0,1,1,0,0,CALL,0,1,1,0,0,0,JNE,0,0,4801267,4801295,4801279,0,0,1,0,fortran,2.029693633037825e-12,1.0,1,0,1
0x4942b6,JZ,1,1,61,2,0x4942b4,TEST,1,NonLeaf,eax(MOV) eax(MOV) ,rflags ,TEST,2,MOV,6,CALL_NEAR,5,JZ,6,CMP,3,MOV,5,NOP,3,MOV,3,CALL_NEAR,5,XOR,2,0,1,1,0,0,JE,0,0,1,0,0,0,NOP,0,0,4801198,4801267,4801208,0,0,0,0,fortran,2.029693633037825e-12,1.0,1,0,1
0x49429a,JZ,1,1,406,6,0x494290,TEST,1,NonLeaf,rax(-1) rax(-1) ,rflags ,MOV,7,TEST,3,CALL_NEAR,5,MOV,6,SETZ,3,CMP,3,JZ,6,CALL_NEAR,5,MOV,6,TEST,2,0,1,0,0,0,JMP,0,0,1,0,0,0,JE,0,0,4801168,4801584,4801184,0,0,1,0,fortran,2.029693633037825e-12,1.0,1,0,1
0x4941e0,JZ,1,1,6,2,0x4941de,TEST,1,NonLeaf,edx(MOV) edx(MOV) ,rflags ,TEST,2,MOV,4,MOV,6,CALL_NEAR,5,MOV,4,MOV,4,XOR,2,MOV,3,CALL_NEAR,5,MOV,11,0,0,1,0,0,CALL,0,1,1,0,0,0,MOV,0,0,4800980,4800998,4800994,0,0,1,1,fortran,2.029693633037825e-12,1.0,1,0,1
0x4941bc,JZ,1,0,1078,6,0x4941b9,TEST,1,NonLeaf,rax(-1) rax(-1) ,rflags ,TEST,3,CALL_NEAR,5,MOV,3,MOV,3,CALL_NEAR,5,MOV,3,MOV,3,MOV,3,MOV,4,CALL_NEAR,5,0,1,0,0,0,CALL,0,1,1,0,0,0,CALL,0,1,4800953,4802034,4800962,0,0,1,1,fortran,2.029693633037825e-12,0.0,0,0,0
0x494198,JZ,1,0,78,2,0x494195,TEST,1,NonLeaf,rax(MOV) rax(MOV) ,rflags ,TEST,3,MOV,7,MOV,3,MOV,7,MOV,10,MOV,4,MOV,4,ADD,4,MOV,3,CALL_NEAR,5,0,1,0,0,0,CALL,0,1,1,0,0,0,CALL,0,1,4800872,4800998,4800922,0,0,1,1,fortran,2.029693633037825e-12,0.0,0,0,0
0x494153,JZ,1,1,13,2,0x49414b,CMP,1,NonLeaf,rbx(-1) ,rflags ,CMP,8,JNZ,6,AND,3,JNZ,6,MOV,2,MOV,11,MOV,3,CALL_NEAR,5,MOV,7,LEA,4,0,0,1,0,0,CALL,0,1,1,0,0,0,MOV,0,0,4800843,4800864,4800853,0,0,1,1,fortran,2.029693633037825e-12,1.0,1,0,1
0x494127,JZ,1,1,36,2,0x494124,TEST,1,NonLeaf,rax(MOV) rax(MOV) ,rflags ,TEST,3,MOV,7,JNZ,6,TEST,2,MOV,7,TEST,7,MOV,4,MOV,6,MOV,2,JNZ,6,0,1,1,0,0,JE,0,0,1,0,0,0,JNE,0,0,4800797,4800843,4800809,0,1,0,1,fortran,2.029693633037825e-12,1.0,1,0,1
0x4940f3,JZ,1,1,42,2,0x4940f0,TEST,1,NonLeaf,rdx(MOV) rdx(MOV) ,rflags ,TEST,3,MOV,7,MOV,7,MOV,7,MOV,7,MOV,4,TEST,2,MOV,6,JZ,2,MOV,7,0,1,1,0,0,JE,0,0,1,0,0,0,JE,0,0,4800745,4800797,4800757,0,0,0,1,fortran,2.029693633037825e-12,1.0,1,0,1
0x4940c4,JZ,1,0,37,2,0x4940c1,TEST,1,NonLeaf,rax(MOV) rax(MOV) ,rflags ,TEST,3,MOV,7,MOV,7,MOV,4,ADD,4,ADD,4,MOV,3,LEA,7,MOV,7,MOV,7,0,0,1,0,0,JE,0,0,1,0,0,0,MOV,0,0,4800698,4800745,4800710,0,0,0,1,fortran,2.029693633037825e-12,0.0,0,0,0
0x494091,JZ,1,0,1206,6,0x49408e,TEST,1,NonLeaf,rdx(MOV) rdx(MOV) ,rflags ,TEST,3,MOV,7,MOV,7,MOV,4,ADD,4,MOV,3,LEA,7,MOV,7,MOV,3,ADD,4,0,1,0,0,0,JMP,0,0,1,0,0,0,MOV,0,0,4800647,4801863,4800663,0,0,0,1,fortran,2.029693633037825e-12,0.0,0,0,0
0x49405e,JZ,1,1,1265,6,0x49405b,TEST,1,NonLeaf,rcx(MOV) rcx(MOV) ,rflags ,TEST,3,MOV,7,MOV,4,MOV,4,ADD,4,MOV,3,LEA,7,MOV,7,MOV,3,ADD,4,0,1,0,0,0,JMP,0,0,1,0,0,0,MOV,0,0,4800596,4801871,4800612,0,0,0,1,fortran,2.029693633037825e-12,1.0,1,0,1
0x49402e,JZ,1,1,1324,6,0x49402b,TEST,1,NonLeaf,rsi(MOV) rsi(MOV) ,rflags ,TEST,3,MOV,4,MOV,4,MOV,7,ADD,4,MOV,3,LEA,7,MOV,7,MOV,3,ADD,4,0,1,0,0,0,JMP,0,0,1,0,0,0,MOV,0,0,4800551,4801882,4800564,0,0,0,1,fortran,2.029693633037825e-12,1.0,1,0,1
0x493ffe,JZ,1,0,1386,6,0x493ffb,TEST,1,NonLeaf,rsi(MOV) rsi(MOV) ,rflags ,TEST,3,MOV,4,MOV,4,MOV,4,ADD,4,MOV,3,LEA,7,MOV,7,MOV,3,ADD,4,0,1,0,0,0,JMP,0,0,1,0,0,0,MOV,0,0,4800503,4801896,4800516,0,0,0,1,fortran,2.029693633037825e-12,0.0,0,0,0
0x493fd1,JZ,1,0,1448,6,0x493fce,TEST,1,NonLeaf,rsi(MOV) rsi(MOV) ,rflags ,TEST,3,MOV,4,MOV,4,MOV,4,ADD,4,MOV,3,LEA,7,MOV,7,MOV,3,ADD,4,0,1,0,0,0,JMP,0,0,1,0,0,0,MOV,0,0,4800458,4801913,4800471,0,0,0,1,fortran,2.029693633037825e-12,0.0,0,0,0
0x493fa4,JZ,1,1,1513,6,0x493fa1,TEST,1,NonLeaf,rsi(MOV) rsi(MOV) ,rflags ,TEST,3,MOV,4,MOV,7,MOV,5,MOV,6,MOV,3,LEA,7,MOV,7,MOV,3,ADD,4,0,1,0,0,0,JMP,0,0,1,0,0,0,MOV,0,0,4800413,4801933,4800426,0,0,0,1,fortran,2.029693633037825e-12,1.0,1,0,1
0x493f50,JZ,1,0,1620,6,0x493f4d,TEST,1,NonLeaf,rax(MOV) rax(MOV) ,rflags ,TEST,3,MOV,4,JZ,6,TEST,3,NOP,10,MOV,3,ADD,4,MOV,3,MOV,6,MOV,8,0,1,0,0,0,JMP,0,0,1,0,0,0,MOV,0,0,4800329,4801956,4800342,0,1,0,1,fortran,2.029693633037825e-12,0.0,0,0,0
0x493f43,JZ,1,0,422,6,0x493f40,TEST,1,NonLeaf,rdi(-1) rdi(-1) ,rflags ,TEST,3,NOP,10,JNZ,2,TEST,3,MOV,3,MOV,4,TEST,3,JZ,6,MOV,3,ADD,4,0,1,1,0,0,JE,0,0,1,0,0,0,JE,0,0,4800320,4800745,4800329,0,0,0,0,fortran,2.029693633037825e-12,0.0,0,0,0
0x493f1b,JBE,1,1,1389,6,0x493f18,CMP,1,NonLeaf,ecx(SAR) ,rflags ,CMP,3,SAR,2,LEA,3,JBE,2,CMP,4,MOV,3,SUB,2,MOV,4,ADD,4,MOV,3,0,1,0,0,0,JBE,0,0,1,0,0,0,JNE,0,0,4800275,4801672,4800289,0,0,0,1,fortran,2.029693633037825e-12,1.0,1,0,1
0x493f11,JBE,4,3,-41,2,0x493f0d,CMP,1,NonLeaf,rcx(SUB) ,rflags ,CMP,4,SUB,3,MOV,3,JBE,2,CMP,4,LEA,3,SAR,2,CMP,3,JBE,6,MOV,3,0,1,0,0,0,MOV,0,0,1,0,0,0,JBE,0,0,4800263,4800232,4800275,0,0,0,0,fortran,8.118774532151299e-12,0.75,1,0,1
0x493f05,JBE,11,7,-20,2,0x493f01,CMP,1,NonLeaf,rax(-1) ,rflags ,CMP,4,JZ,2,TEST,3,MOV,3,ADD,4,MOV,3,SUB,3,CMP,4,JBE,2,LEA,3,1,1,0,0,0,MOV,0,0,1,0,0,0,JBE,0,0,4800257,4800241,4800263,0,0,1,0,fortran,2.2326629963416075e-11,0.6363636363636364,1,0,1
0x493eff,JZ,11,1,65,2,0x493efc,TEST,1,NonLeaf,rax(MOV) rax(MOV) ,rflags ,TEST,3,MOV,3,ADD,4,MOV,4,MOV,3,CMP,4,JBE,2,MOV,3,SUB,3,CMP,4,0,0,1,0,0,JE,1,0,0,0,1,1,JBE,0,0,4800245,4800320,4800257,0,0,0,0,fortran,2.2326629963416075e-11,0.0909090909090909,0,0,0
0x493ea8,JZ,1,0,152,6,0x493ea5,TEST,1,NonLeaf,rax(MOV) rax(MOV) ,rflags ,TEST,3,LEA,4,MOV,3,JZ,6,MOV,4,MOV,6,MOV,6,MOV,6,MOV,10,MOV,10,0,1,1,0,0,JE,0,0,1,0,0,0,JMP,0,0,4800158,4800320,4800174,0,0,0,0,fortran,2.029693633037825e-12,0.0,0,0,0
0x493e98,JZ,1,0,712,6,0x493e91,TEST,1,NonLeaf,rdx(ADD) rdx(ADD) ,rflags ,MOV,4,TEST,3,MOV,7,MOV,7,MOV,3,MOV,3,LEA,4,TEST,3,JZ,6,MOV,6,0,1,1,0,0,CALL,0,1,1,0,0,0,JE,0,0,4800105,4800864,4800158,0,0,1,0,fortran,2.029693633037825e-12,0.0,0,0,0
0x493e67,JNZ,1,1,-41,2,0x493e5d,CMP,1,NonLeaf,rdx(ADD) rsi(-1) ,rflags ,MOV,7,CMP,3,SHR,4,MOV,4,MOV,4,MOV,7,SUB,3,MOV,3,ADD,4,ADD,3,0,0,0,1,1,JNE,0,0,0,1,0,0,JE,1,0,4800069,4800062,4800105,0,0,0,1,fortran,2.029693633037825e-12,1.0,1,1,1
0x493e43,JNZ,4,3,-27,2,0x493e40,CMP,1,NonLeaf,ecx(MOV) ,rflags ,CMP,3,MOV,2,JZ,2,CMP,3,ADD,4,MOV,4,ADD,4,ADD,4,MOV,4,MOV,4,1,1,0,0,0,JE,0,0,1,0,0,0,JNE,0,0,4800062,4800040,4800069,0,0,0,1,fortran,8.118774532151299e-12,0.75,1,0,1
0x493e3c,JZ,3,1,45,2,0x493e39,CMP,1,NonLeaf,rdx(ADD) rsi(-1) ,rflags ,CMP,3,ADD,4,ADD,4,JZ,6,CMP,3,MOV,2,CMP,3,JNZ,2,MOV,4,ADD,4,0,0,1,0,0,JE,1,0,0,0,1,1,JNE,0,0,4800049,4800105,4800062,0,0,1,0,fortran,6.089080899113475e-12,0.3333333333333333,0,0,0
0x493e2b,JZ,3,1,1461,6,0x493e28,CMP,1,NonLeaf,ecx(-1) ,rflags ,CMP,3,NOP,6,JMP,2,XOR,2,SUB,3,ADD,4,ADD,4,CMP,3,JZ,2,MOV,2,0,1,0,0,0,JNE,0,0,1,1,0,0,JE,0,0,4800040,4801504,4800049,0,0,0,0,fortran,6.089080899113475e-12,0.3333333333333333,0,0,0
0x493e0d,JZ,1,0,92,2,0x493dfc,TEST,1,NonLeaf,rsi(MOVZX) rsi(MOVZX) ,rflags ,MOV,7,MOV,7,TEST,3,ADD,4,MOV,3,LEA,8,SHL,4,SUB,3,XOR,2,JMP,2,0,1,1,0,0,JE,0,0,1,0,0,0,JMP,0,0,4799964,4800105,4800015,0,1,1,0,fortran,2.029693633037825e-12,0.0,0,0,0
0x493dd6,JZ,1,0,1068,6,0x493dd0,TEST,1,NonLeaf,rax(-1) rax(-1) ,rflags ,MOV,3,TEST,3,CALL_NEAR,5,MOV,3,MOV,5,MOV,7,MOV,7,MOV,7,MOVZX,4,MOV,3,0,0,0,0,0,CALL,0,1,1,0,0,0,JE,0,0,4799952,4801026,4799964,0,0,1,1,fortran,2.029693633037825e-12,0.0,0,0,0
0x493db0,JZ,1,0,1106,6,0x493da2,CMP,1,NonLeaf,rip(JZ) ,rflags ,MOV,6,CMP,8,SETNZ,3,CMP,3,XOR,2,MOV,5,XOR,3,XOR,3,XOR,2,MOV,5,0,1,0,0,0,CALL,0,1,1,0,0,0,CALL,0,1,4799886,4801026,4799926,0,0,1,1,fortran,2.029693633037825e-12,0.0,0,0,0
0x493d74,JNZ,1,1,16,2,0x493d65,CMP,1,NonLeaf,rip(JNZ) ,rflags ,MOV,7,CMP,8,OR,3,MOV,2,SHL,4,CALL_NEAR,5,CDQE,2,MOV,7,MOV,5,CALL_NEAR,5,0,1,1,0,0,CALL,0,1,1,0,0,0,CALL,0,1,4799824,4799876,4799862,0,0,1,1,fortran,2.029693633037825e-12,1.0,1,0,1
0x493c55,JNZ,1,1,33,2,0x493c0c,CMP,1,Leaf,edx(-1) ,rflags ,MOV,7,MOV,7,MOV,7,MOV,7,MOV,7,TEST,2,MOV,10,SETNZ,3,TEST,2,SETNZ,3,0,1,1,0,0,POP,0,0,1,0,0,0,MOV,0,0,4799500,4799606,4799575,0,0,0,1,fortran,2.029693633037825e-12,1.0,1,0,1
0x493c0a,JNZ,20,19,-42,2,0x493c07,TEST,1,Leaf,rax(MOV) rax(MOV) ,rflags ,TEST,3,MOV,3,ADD,4,NOP,4,MOV,4,CMP,3,MOV,7,MOV,7,MOV,7,MOV,7,0,0,0,1,1,JA,0,0,1,1,0,0,JNE,1,0,4799488,4799456,4799500,1,0,0,1,fortran,4.05938726607565e-11,0.95,1,1,1
0x493be8,JNBE,20,1,24,2,0x493be4,CMP,1,Leaf,rax(SUB) ,rflags ,CMP,4,SUB,4,NOP,7,MOV,7,PUSH,1,JMP,7,NOP,7,MOV,4,NOP,4,ADD,4,1,1,1,0,0,JNE,0,0,1,0,0,0,JMP,0,0,4799456,4799488,4799466,0,0,0,0,fortran,4.05938726607565e-11,0.05,0,0,0
0x493b7d,JZ,1,0,259,6,0x493b7a,TEST,1,Leaf,rax(MOV) rax(MOV) ,rflags ,TEST,3,MOV,7,MOV,3,INVALID,0,INVALID,0,PUSH,2,MOV,7,XOR,2,MOV,7,MOV,7,0,1,1,0,0,REPZ RET,0,0,1,0,0,0,NOP,0,0,4799344,4799616,4799363,0,0,0,1,fortran,2.029693633037825e-12,0.0,0,0,0
0x493ac9,JZ,1,0,-810,6,0x493abd,AND,1,Leaf,ecx(AND) ,ecx rflags ,MOV,6,AND,6,JMP,5,MOV,6,MOV,6,OR,3,MOV,6,MOV,6,JMP,5,AND,3,0,0,1,0,0,JLE,0,0,1,0,0,0,JMP,0,0,4799165,4798367,4799183,0,0,0,1,fortran,2.029693633037825e-12,0.0,0,0,0
0x493a95,JNBE,1,1,40,2,0x493a92,CMP,1,Leaf,edx(LEA) ,rflags ,CMP,3,LEA,4,ADD,3,JNZ,6,MOV,6,JMP,7,MOV,2,OR,6,OR,6,MOV,6,0,1,0,0,0,JE,0,0,1,0,0,0,JMP,0,0,4799115,4799165,4799127,0,0,0,0,fortran,2.029693633037825e-12,1.0,1,0,1
0x493a85,JNZ,1,0,-742,6,0x493a7b,CMP,1,Leaf,r13d(-1) ,rflags ,MOV,6,CMP,4,JZ,6,MOV,6,MOV,6,ADD,3,LEA,4,CMP,3,JNBE,2,JMP,7,0,0,0,0,0,JLE,0,0,1,0,0,0,JA,0,0,4799099,4798367,4799115,0,0,0,0,fortran,2.029693633037825e-12,0.0,0,0,0
0x493a75,JZ,1,0,211,6,0x493a59,CMP,1,Leaf,r13d(AND) ,rflags ,MOV,6,MOV,6,MOV,6,MOV,6,CMP,4,CMP,4,MOV,6,JNZ,6,ADD,3,LEA,4,0,1,0,0,0,JMP,0,0,1,0,0,0,JNE,0,0,4799008,4799304,4799099,0,0,0,0,fortran,2.029693633037825e-12,0.0,0,0,0
0x4939f2,JZ,1,0,12,2,0x4939ec,AND,1,Leaf,esi(AND) ,esi rflags ,AND,6,JZ,6,CMP,5,AND,5,OR,10,OR,10,TEST,7,JZ,6,OR,10,JMP,5,0,1,1,0,0,JE,0,0,1,0,0,0,OR,0,0,4798956,4798974,4798964,0,0,0,1,fortran,2.029693633037825e-12,0.0,0,0,0
0x4939e6,JZ,1,0,314,6,0x4939e1,CMP,1,Leaf,eax(AND) ,rflags ,CMP,5,AND,5,OR,10,JZ,2,TEST,3,AND,6,JZ,2,OR,10,TEST,7,JZ,6,0,1,0,0,0,JE,0,0,1,1,0,0,JE,0,0,4798940,4799264,4798956,0,0,0,0,fortran,2.029693633037825e-12,0.0,0,0,0
0x4939d0,JZ,1,0,12,2,0x4939cd,TEST,1,Leaf,dl(MOV) ,rflags ,TEST,3,MOV,6,OR,7,JZ,2,TEST,6,OR,10,AND,5,CMP,5,JZ,6,AND,6,0,1,1,0,0,JE,0,0,1,0,0,0,OR,0,0,4798919,4798940,4798930,0,0,0,1,fortran,2.029693633037825e-12,0.0,0,0,0
0x4939be,JZ,1,0,9,2,0x4939b8,TEST,1,Leaf,esi(-1) ,rflags ,TEST,6,NOP,4,JMP,5,MOV,6,MOV,6,OR,7,MOV,6,TEST,3,JZ,2,OR,10,0,1,1,0,0,JE,0,0,1,0,0,0,OR,0,0,4798904,4798919,4798912,0,0,0,1,fortran,2.029693633037825e-12,0.0,0,0,0
0x4938db,JZ,1,0,29,2,0x4938d7,ADD,1,Leaf,eax(ADD) rsp(-1) ,eax rflags ,ADD,4,MOV,7,NOP,2,JMP,2,XOR,2,OR,10,ADD,3,AND,3,MOV,7,NOP,4,0,0,1,0,0,RET,0,0,1,0,0,0,NOP,0,0,4798672,4798712,4798685,1,1,1,1,fortran,2.029693633037825e-12,0.0,0,1,0
0x4938c6,JB,30,5,-62,2,0x4938c2,BT,1,Leaf,r10d(-1) edi(ADD) ,rflags ,BT,4,ADD,3,ADD,4,ADD,4,JZ,2,XOR,2,XOR,2,JMP,2,NOP,2,MOV,7,1,1,0,0,0,CPUID,0,0,1,0,0,0,JMP,0,0,4798658,4798600,4798664,0,0,0,0,fortran,6.089080899113475e-11,0.1666666666666666,0,0,0
0x4938b5,JZ,29,1,27,2,0x4938ad,CMP,1,Leaf,r8d(-1) ,rflags ,MOV,4,CMP,4,AND,3,ADD,3,JZ,2,ADD,4,ADD,4,ADD,3,BT,4,JB,2,0,1,1,0,0,JE,1,0,0,0,0,0,ADD,0,0,4798637,4798672,4798647,0,1,0,0,fortran,5.886111535809693e-11,0.0344827586206896,0,0,0
0x4938a5,JZ,29,29,8,2,0x4938a2,AND,1,Leaf,ecx(AND) ,ecx rflags ,AND,3,ADD,4,MOV,4,JZ,2,MOV,4,ADD,3,AND,3,CMP,4,MOV,4,JZ,2,0,1,1,0,0,JE,0,0,1,0,0,0,AND,0,0,4798618,4798637,4798631,0,0,1,0,fortran,5.886111535809693e-11,1.0,1,0,1
0x493898,JZ,30,1,31,2,0x493891,CMP,1,Leaf,edi(-1) ,rflags ,MOV,4,CMP,3,CPUID,2,MOV,2,MOV,5,MOV,4,ADD,4,AND,3,JZ,2,ADD,3,0,1,0,0,0,ADD,0,0,1,1,0,0,JE,0,0,4798609,4798647,4798618,1,0,0,0,fortran,6.089080899113475e-11,0.0333333333333333,0,0,0
0x493828,JZ,1,0,208,6,0x493826,TEST,1,Leaf,al(-1) ,rflags ,TEST,2,CPUID,2,MOV,2,MOV,7,MOV,2,LEA,5,MOV,8,MOV,8,MOV,8,MOV,8,0,0,1,0,0,RET,0,0,1,0,0,0,JMP,0,0,4798478,4798712,4798510,0,0,1,1,fortran,2.029693633037825e-12,0.0,0,0,0
0x493808,JZ,1,0,240,6,0x493806,TEST,1,Leaf,ebx(-1) ebx(-1) ,rflags ,TEST,2,CPUID,2,MOV,2,XOR,2,MOV,5,ADD,3,MOV,5,AND,3,MOV,2,MOV,7,0,0,1,0,0,RET,0,0,1,0,0,0,JE,0,0,4798459,4798712,4798478,0,1,1,1,fortran,2.029693633037825e-12,0.0,0,0,0
0x4937f5,JLE,1,0,259,6,0x4937ee,CMP,1,Leaf,rip(JLE) ,rflags ,CMP,7,JZ,6,CMP,3,AND,3,MOV,2,MOV,5,XOR,2,MOV,2,CPUID,2,TEST,2,0,0,1,0,0,RET,0,0,1,0,0,0,JE,0,0,4798446,4798712,4798459,0,0,1,0,fortran,2.029693633037825e-12,0.0,0,0,0
0x4937e8,JZ,1,1,464,6,0x4937e5,CMP,1,Leaf,edx(AND) ,rflags ,CMP,3,AND,3,MOV,2,XGETBV,3,XOR,2,CMP,7,JLE,6,MOV,5,XOR,2,MOV,2,0,1,0,0,0,JE,0,0,1,1,0,0,JLE,0,0,4798427,4798904,4798446,0,0,0,0,fortran,2.029693633037825e-12,1.0,1,0,1
0x4937d5,JZ,1,0,291,6,0x4937cf,TEST,1,Leaf,esi(MOV) ,rflags ,TEST,6,MOV,6,MOV,6,MOV,6,MOV,6,XOR,2,XGETBV,3,MOV,2,AND,3,CMP,3,0,1,1,0,0,RET,0,0,1,0,0,0,JE,0,0,4798409,4798712,4798427,0,0,1,0,fortran,2.029693633037825e-12,0.0,0,0,0
0x4937a6,JLE,1,0,35,2,0x49379f,CMP,1,Leaf,rip(JLE) ,rflags ,CMP,7,MOV,6,XOR,3,XOR,3,JZ,6,MOV,5,XOR,2,CPUID,2,MOV,6,MOV,6,0,1,1,0,0,JE,0,0,1,0,0,0,MOV,0,0,4798367,4798409,4798376,0,0,0,1,fortran,2.029693633037825e-12,0.0,0,0,0
0x493781,JZ,1,1,671,6,0x49377b,CMP,1,Leaf,edx(-1) ,rflags ,CMP,6,JNZ,2,CMP,6,JNZ,2,MOV,6,CMP,6,JZ,6,XOR,3,XOR,3,MOV,6,0,1,0,0,0,JE,0,0,0,0,0,0,JE,0,0,4798331,4799008,4798343,1,0,1,0,fortran,2.029693633037825e-12,1.0,1,0,1
0x493779,JNZ,1,0,14,2,0x493773,CMP,1,Leaf,ecx(-1) ,rflags ,CMP,6,JNZ,2,MOV,6,CMP,6,SUB,7,CMP,6,JZ,6,CMP,6,JZ,6,XOR,3,0,0,0,0,0,JE,0,0,1,0,0,0,JE,0,0,4798323,4798343,4798331,0,0,0,0,fortran,2.029693633037825e-12,0.0,0,0,0
0x492cd4,JZ,1,0,43,2,0x492cd1,TEST,1,NonLeaf,rbp(MOV) rbp(MOV) ,rflags ,TEST,3,MOV,3,JZ,2,TEST,3,SUB,4,MOV,5,MOV,3,CALL_NEAR,5,LEA,4,TEST,3,0,0,1,0,0,RET,0,0,1,0,0,0,CALL,0,1,4795598,4795647,4795606,0,0,0,1,fortran,2.029693633037825e-12,0.0,0,0,0
0x492ccc,JZ,1,0,51,2,0x492cc9,TEST,1,NonLeaf,rsi(-1) rsi(-1) ,rflags ,TEST,3,SUB,4,MOV,3,PUSH,1,PUSH,1,MOV,3,TEST,3,JZ,2,MOV,5,MOV,3,0,1,1,0,0,RET,0,0,1,0,0,0,JE,0,0,4795584,4795647,4795598,0,0,0,0,fortran,2.029693633037825e-12,0.0,0,0,0
0x48fda8,JNS,1,1,-57,2,0x48fd9f,TEST,1,NonLeaf,eax(-1) eax(-1) ,rflags ,MOV,7,TEST,2,CALL_NEAR,5,XOR,2,NOP,5,MOV,7,ADD,4,MOV,3,POP,1,POP,1,0,0,0,0,0,JE,0,0,0,0,0,0,RET,0,0,4783519,4783471,4783530,0,0,0,0,fortran,2.029693633037825e-12,1.0,1,0,1
0x48fd87,JS,3,0,35,2,0x48fd85,TEST,1,NonLeaf,eax(-1) eax(-1) ,rflags ,TEST,2,CALL_NEAR,5,NOP,1,JB,2,ADD,3,ADD,4,MOV,3,POP,1,POP,1,RET_NEAR,1,0,0,0,0,0,RET,0,0,0,0,0,0,RET,0,0,4783493,4783530,4783497,0,0,0,0,fortran,6.089080899113475e-12,0.0,0,0,0
0x48fd7d,JB,3,0,45,2,0x48fd7a,ADD,1,NonLeaf,rdi(ADD) rbx(-1) ,rdi rflags ,ADD,3,MOV,3,JLE,2,JZ,2,CMP,4,NOP,1,CALL_NEAR,5,TEST,2,JS,2,ADD,4,0,0,0,0,0,RET,0,0,0,0,0,0,CALL,0,1,4783479,4783530,4783487,0,0,0,1,fortran,6.089080899113475e-12,0.0,0,1,0
0x48fd75,JLE,3,0,75,2,0x48fd6f,CMP,0,NonLeaf,rbp(-1) ,rflags ,JZ,2,CMP,4,JNZ,2,TEST,2,MOV,6,MOV,3,ADD,3,JB,2,NOP,1,CALL_NEAR,5,0,1,0,0,0,JB,0,0,1,0,0,0,JB,0,0,4783477,4783552,4783479,0,0,0,0,fortran,6.089080899113475e-12,0.0,0,0,0
0x48fd6d,JNZ,2,0,43,2,0x48fd6b,TEST,1,NonLeaf,eax(MOV) eax(MOV) ,rflags ,TEST,2,MOV,6,JZ,2,TEST,3,MOV,7,CMP,4,JZ,2,JLE,2,MOV,3,ADD,3,0,0,0,0,0,CALL,0,1,0,0,0,0,JE,0,0,4783461,4783512,4783471,0,0,1,0,fortran,4.0593872660756495e-12,0.0,0,0,0
0x48fd63,JZ,3,1,53,2,0x48fd60,TEST,1,NonLeaf,rbx(MOV) rbx(MOV) ,rflags ,TEST,3,MOV,7,SUB,4,PUSH,1,MOV,3,MOV,6,TEST,2,JNZ,2,CMP,4,JZ,2,0,1,0,0,0,CALL,0,1,1,0,0,0,JNE,0,0,4783440,4783512,4783461,0,0,1,0,fortran,6.089080899113475e-12,0.3333333333333333,0,0,0
0x48fc4d,JNB,1,0,20947,6,0x48fc47,CMP,1,Leaf,rax(-1) ,rflags ,CMP,6,SYSCALL,2,MOV,5,INVALID,0,INVALID,0,RET_NEAR,1,INVALID,0,INVALID,0,INVALID,0,INVALID,0,0,-1,-1,-1,-1,RET,-1,0,1,1,0,0,RET,0,0,4783175,4804128,4783187,1,0,1,0,fortran,2.029693633037825e-12,0.0,0,0,0
0x48f0b6,JNB,2,0,23914,6,0x48f0b0,CMP,1,Leaf,rax(-1) ,rflags ,CMP,6,SYSCALL,2,MOV,5,INVALID,0,INVALID,0,RET_NEAR,1,INVALID,0,INVALID,0,INVALID,0,INVALID,0,0,-1,-1,-1,-1,RET,-1,0,1,1,0,0,RET,0,0,4780208,4804128,4780220,1,0,1,0,fortran,4.0593872660756495e-12,0.0,0,0,0
0x48f0a7,JNZ,2,0,22,2,0x48f0a0,CMP,1,Leaf,rip(JNZ) ,rflags ,CMP,7,INVALID,0,INVALID,0,INVALID,0,INVALID,0,INVALID,0,INVALID,0,INVALID,0,INVALID,0,INVALID,0,0,1,1,0,0,CALL,0,1,-1,-1,-1,-1,SYSCALL,-1,1,4780192,4780221,4780201,0,0,1,0,fortran,4.0593872660756495e-12,0.0,0,1,0
0x48eecd,JNB,7,6,24403,6,0x48eec7,CMP,1,Leaf,rax(-1) ,rflags ,CMP,6,SYSCALL,2,MOV,5,INVALID,0,INVALID,0,RET_NEAR,1,INVALID,0,INVALID,0,INVALID,0,INVALID,0,0,-1,-1,-1,-1,RET,-1,0,1,1,0,0,RET,0,0,4779719,4804128,4779731,1,0,1,0,fortran,1.4207855431264776e-11,0.8571428571428571,1,0,1
0x48ee76,JNB,4,0,24490,6,0x48ee70,CMP,1,Leaf,rax(-1) ,rflags ,CMP,6,SYSCALL,2,MOV,5,INVALID,0,INVALID,0,RET_NEAR,1,INVALID,0,INVALID,0,INVALID,0,INVALID,0,0,-1,-1,-1,-1,RET,-1,0,1,1,0,0,RET,0,0,4779632,4804128,4779644,1,0,1,0,fortran,8.118774532151299e-12,0.0,0,0,0
0x48ee67,JNZ,4,0,22,2,0x48ee60,CMP,1,Leaf,rip(JNZ) ,rflags ,CMP,7,INVALID,0,INVALID,0,INVALID,0,INVALID,0,INVALID,0,INVALID,0,INVALID,0,INVALID,0,INVALID,0,0,1,1,0,0,CALL,0,1,-1,-1,-1,-1,SYSCALL,-1,1,4779616,4779645,4779625,0,0,1,0,fortran,8.118774532151299e-12,0.0,0,1,0
0x48ee16,JNB,2,0,24586,6,0x48ee10,CMP,1,Leaf,rax(-1) ,rflags ,CMP,6,SYSCALL,2,MOV,5,INVALID,0,INVALID,0,RET_NEAR,1,INVALID,0,INVALID,0,INVALID,0,INVALID,0,0,-1,-1,-1,-1,RET,-1,0,1,1,0,0,RET,0,0,4779536,4804128,4779548,1,0,1,0,fortran,4.0593872660756495e-12,0.0,0,0,0
0x48ee07,JNZ,2,0,22,2,0x48ee00,CMP,1,Leaf,rip(JNZ) ,rflags ,CMP,7,INVALID,0,INVALID,0,INVALID,0,INVALID,0,INVALID,0,INVALID,0,INVALID,0,INVALID,0,INVALID,0,0,1,1,0,0,CALL,0,1,-1,-1,-1,-1,SYSCALL,-1,1,4779520,4779549,4779529,0,0,1,0,fortran,4.0593872660756495e-12,0.0,0,1,0
0x48edb6,JNB,2,0,24682,6,0x48edb0,CMP,1,Leaf,rax(-1) ,rflags ,CMP,6,SYSCALL,2,MOV,5,INVALID,0,INVALID,0,RET_NEAR,1,INVALID,0,INVALID,0,INVALID,0,INVALID,0,0,-1,-1,-1,-1,RET,-1,0,1,1,0,0,RET,0,0,4779440,4804128,4779452,1,0,1,0,fortran,4.0593872660756495e-12,0.0,0,0,0
0x48eda7,JNZ,2,0,22,2,0x48eda0,CMP,1,Leaf,rip(JNZ) ,rflags ,CMP,7,INVALID,0,INVALID,0,INVALID,0,INVALID,0,INVALID,0,INVALID,0,INVALID,0,INVALID,0,INVALID,0,0,1,1,0,0,CALL,0,1,-1,-1,-1,-1,SYSCALL,-1,1,4779424,4779453,4779433,0,0,1,0,fortran,4.0593872660756495e-12,0.0,0,1,0
0x48ed5a,JNBE,5,0,26,2,0x48ed54,CMP,1,Leaf,rax(-1) ,rflags ,CMP,6,SYSCALL,2,MOV,5,MOV,3,MOVSXD,3,RET_NEAR,2,NOP,2,MOV,7,MOV,7,MOV,5,0,1,0,0,0,RET,0,0,1,0,0,0,REPZ RET,0,0,4779348,4779380,4779356,1,0,1,0,fortran,1.0148468165189125e-11,0.0,0,0,0
0x48ed45,JNBE,5,0,27,2,0x48ed40,CMP,1,Leaf,edi(-1) ,rflags ,MOV,2,CMP,3,INVALID,0,INVALID,0,INVALID,0,MOVSXD,3,MOV,3,MOV,5,SYSCALL,2,CMP,6,0,1,0,0,0,RET,0,0,1,0,0,0,SYSCALL,0,1,4779328,4779360,4779335,0,0,1,0,fortran,1.0148468165189125e-11,0.0,0,0,0
0x48ed0b,JNBE,2,0,25,2,0x48ed05,CMP,1,Leaf,rax(-1) ,rflags ,CMP,6,SYSCALL,2,MOV,5,MOV,3,MOV,3,RET_NEAR,2,NOP,1,MOV,7,MOV,7,MOV,5,0,1,0,0,0,RET,0,0,1,0,0,0,REPZ RET,0,0,4779269,4779300,4779277,1,0,1,0,fortran,4.0593872660756495e-12,0.0,0,0,0
0x48ecf6,JNBE,2,0,26,2,0x48ecf0,CMP,1,Leaf,edi(-1) ,rflags ,MOV,3,CMP,3,INVALID,0,INVALID,0,INVALID,0,MOV,3,MOV,3,MOV,5,SYSCALL,2,CMP,6,0,1,0,0,0,RET,0,0,1,0,0,0,SYSCALL,0,1,4779248,4779280,4779256,0,0,1,0,fortran,4.0593872660756495e-12,0.0,0,0,0
0x48da8c,JNZ,2,0,-124,2,0x48da82,CMP,1,NonLeaf,r12d(-1) ,rflags ,MOV,3,MOV,3,CMP,4,CPUID,2,MOV,5,MOVZX,4,XOR,2,JMP,5,NOP,7,SUB,6,1,1,1,0,0,CALL,0,1,1,0,0,0,JMP,0,0,4774523,4774416,4774542,0,0,1,0,fortran,4.0593872660756495e-12,0.0,0,0,0
0x48da24,JNZ,2,2,148,6,0x48da21,TEST,1,NonLeaf,rax(-1) rax(-1) ,rflags ,TEST,3,CALL_NEAR,5,MOV,2,MOV,2,MOV,3,LEA,5,MOV,3,MOV,2,MOV,2,CALL_NEAR,5,0,1,1,0,0,RET,1,0,1,0,0,0,CALL,0,1,4774433,4774584,4774442,0,0,0,1,fortran,4.0593872660756495e-12,1.0,1,0,1
0x48d968,JNZ,4,3,-32,2,0x48d965,CMP,1,NonLeaf,eax(AND) ,rflags ,CMP,3,AND,3,SHR,3,JZ,6,TEST,2,JMP,5,NOP,1,ADD,3,MOV,2,MOV,2,1,1,0,0,0,JE,0,0,1,0,0,0,JMP,1,0,4774239,4774216,4774250,0,0,0,0,fortran,8.118774532151299e-12,0.75,1,1,1
0x48d959,JZ,3,0,-401,6,0x48d957,TEST,1,NonLeaf,al(-1) ,rflags ,TEST,2,XCHG,3,CPUID,2,XCHG,3,MOV,2,SHR,3,AND,3,CMP,3,JNZ,2,JMP,5,0,0,0,0,0,XOR,1,0,0,0,1,1,JNE,0,0,4774216,4773832,4774239,0,1,0,0,fortran,6.089080899113475e-12,0.0,0,0,0
0x48d8cb,JZ,2,2,213,6,0x48d8c8,SUB,1,NonLeaf,ebp(SUB) r14d(-1) ,ebp rflags ,SUB,3,MOV,3,SUB,6,JNZ,2,CMP,3,AND,5,ADD,4,CMP,3,JNZ,6,SHR,4,0,1,0,0,0,JMP,0,0,1,0,0,0,JNE,0,0,4774079,4774304,4774097,0,0,0,0,fortran,4.0593872660756495e-12,1.0,1,0,1
0x48d8bd,JNZ,1,0,-40,2,0x48d8ba,CMP,1,NonLeaf,edx(-1) ,rflags ,CMP,3,JNZ,2,CMP,3,AND,3,SHR,3,SUB,6,MOV,3,SUB,3,JZ,6,AND,5,0,0,0,0,0,JE,0,0,0,0,0,0,JE,1,0,4774074,4774037,4774079,0,0,0,0,fortran,2.029693633037825e-12,0.0,0,1,0
0x48d8b8,JNZ,1,0,-35,2,0x48d8b5,CMP,1,NonLeaf,eax(AND) ,rflags ,CMP,3,AND,3,SHR,3,JZ,6,AND,3,CMP,3,JNZ,2,SUB,6,MOV,3,SUB,3,1,1,0,0,0,JE,0,0,1,0,0,0,JNE,0,0,4774063,4774037,4774074,0,0,0,0,fortran,2.029693633037825e-12,0.0,0,0,0
0x48d845,JZ,1,1,282,6,0x48d841,CMP,1,NonLeaf,r14d(-1) ,rflags ,CMP,4,JZ,6,CMP,4,JZ,6,CMP,4,NOP,5,ADD,3,MOV,2,MOV,2,XCHG,3,0,1,0,1,0,JNE,1,0,1,0,0,0,NOP,0,0,4773953,4774239,4773963,0,0,0,0,fortran,2.029693633037825e-12,1.0,1,0,1
0x48d83b,JZ,1,0,332,6,0x48d837,CMP,1,NonLeaf,r14d(-1) ,rflags ,CMP,4,JZ,6,CMP,4,JZ,6,CMP,4,CMP,4,JZ,6,NOP,5,ADD,3,MOV,2,0,1,0,1,0,JNE,1,0,1,0,0,0,JE,0,0,4773943,4774279,4773953,0,0,0,0,fortran,2.029693633037825e-12,0.0,0,0,0
0x48d831,JZ,1,0,258,6,0x48d82d,CMP,1,NonLeaf,r14d(-1) ,rflags ,CMP,4,JZ,6,CMP,4,JZ,6,MOV,5,CMP,4,JZ,6,CMP,4,JZ,6,NOP,5,0,1,0,1,0,JNE,1,0,1,0,0,0,JE,0,0,4773933,4774195,4773943,0,0,0,0,fortran,2.029693633037825e-12,0.0,0,0,0
0x48d827,JZ,2,1,136,6,0x48d823,CMP,1,NonLeaf,r14d(-1) ,rflags ,CMP,4,JZ,6,MOV,5,TEST,3,XOR,2,CMP,4,JZ,6,CMP,4,JZ,6,CMP,4,0,1,0,1,0,JNE,1,0,1,0,0,0,JE,0,0,4773923,4774063,4773933,0,0,0,0,fortran,4.0593872660756495e-12,0.5,0,0,0
0x48d81d,JZ,2,0,237,6,0x48d815,TEST,1,NonLeaf,r14d(-1) r14d(-1) ,rflags ,MOV,5,TEST,3,XOR,2,JZ,2,AND,3,CMP,4,JZ,6,CMP,4,JZ,6,CMP,4,0,1,0,1,0,JNE,1,0,1,0,0,0,JE,0,0,4773907,4774154,4773923,0,0,0,0,fortran,4.0593872660756495e-12,0.0,0,0,0
0x48d811,JZ,2,0,-73,2,0x48d80e,AND,1,NonLeaf,edx(AND) ,edx rflags ,AND,3,MOV,2,XCHG,3,CPUID,2,XCHG,3,XOR,2,TEST,3,MOV,5,JZ,6,CMP,4,0,0,0,0,0,XOR,1,0,1,0,0,0,JE,0,0,4773888,4773832,4773907,0,0,0,0,fortran,4.0593872660756495e-12,0.0,0,0,0
0x48d7b7,JNZ,4,4,-119,2,0x48d7b4,CMP,1,NonLeaf,eax(MOVZX) ,rflags ,CMP,3,MOVZX,3,JZ,2,TEST,2,SHR,3,CMP,4,MOV,5,JNZ,2,NOP,4,XOR,2,1,1,0,0,0,JE,0,0,1,0,0,0,JNE,0,0,4773809,4773696,4773817,0,0,0,1,fortran,8.118774532151299e-12,1.0,1,0,1
0x48d7af,JZ,2,0,25,2,0x48d7ad,TEST,1,NonLeaf,ebx(SHR) ebx(SHR) ,rflags ,TEST,2,SHR,3,JZ,2,CMP,3,JZ,6,MOVZX,3,CMP,3,JNZ,2,CMP,4,MOV,5,0,0,0,0,0,XOR,1,0,0,0,1,1,JNE,0,0,4773802,4773832,4773809,0,0,0,0,fortran,4.0593872660756495e-12,0.0,0,0,0
0x48d793,JZ,2,2,23,2,0x48d790,TEST,1,NonLeaf,rax(-1) rax(-1) ,rflags ,TEST,3,CALL_NEAR,5,MOV,3,MOV,3,MOV,5,MOVZX,4,MOVZX,3,CMP,3,JZ,6,CMP,3,0,0,0,0,0,JE,0,0,1,0,0,0,JE,0,0,4773776,4773802,4773781,0,0,0,0,fortran,4.0593872660756495e-12,1.0,1,0,1
0x48d750,JNZ,2,2,32,2,0x48d74b,CMP,1,NonLeaf,eax(-1) ,rflags ,NOP,2,CMP,3,JZ,6,CMP,5,NOP,1,CMP,4,JNZ,2,CMP,7,JNZ,2,CMP,7,0,1,1,0,0,CALL,0,1,1,0,0,0,JNE,0,0,4773707,4773744,4773714,0,0,1,0,fortran,4.0593872660756495e-12,1.0,1,0,1
0x48d745,JZ,4,2,187,6,0x48d740,CMP,1,NonLeaf,eax(-1) ,rflags ,CMP,5,NOP,1,JMP,5,JNZ,2,LEA,4,CMP,3,NOP,2,JNZ,2,CMP,4,JNZ,2,0,1,0,0,0,JE,1,0,1,0,0,0,JNE,0,0,4773696,4773888,4773707,0,0,0,0,fortran,8.118774532151299e-12,0.5,0,0,0
0x48d738,JNZ,2,2,121,2,0x48d732,TEST,1,NonLeaf,esi(-1) esi(-1) ,rflags ,LEA,4,TEST,2,SUB,2,IMUL,2,SAR,3,JMP,5,NOP,1,CMP,5,JZ,6,CMP,3,0,1,0,1,0,JNE,0,0,1,0,0,0,JMP,1,0,4773654,4773809,4773690,0,0,0,0,fortran,4.0593872660756495e-12,1.0,1,1,1
0x48d710,JS,2,0,184,6,0x48d70e,TEST,1,NonLeaf,esi(-1) esi(-1) ,rflags ,TEST,2,SUB,4,MOV,2,PUSH,1,PUSH,1,MOV,3,LEA,6,MOV,3,MOV,5,MOV,2,0,1,0,0,0,XOR,1,0,1,0,0,0,JNE,0,0,4773632,4773832,4773654,0,0,0,0,fortran,4.0593872660756495e-12,0.0,0,0,0
0x48d575,JZ,14,0,11,2,0x48d573,CMP,1,Leaf,rdi(-1) al(MOVZX) ,rflags ,CMP,2,MOVZX,3,INVALID,0,INVALID,0,INVALID,0,SBB,2,OR,3,RET_NEAR,1,NOP,3,XOR,2,0,1,0,0,0,RET,0,0,1,0,0,0,RET,0,0,4773232,4773248,4773239,0,0,0,0,fortran,2.8415710862529548e-11,0.0,0,0,0
0x4c5063,JZ,1,1,107,2,0x4c5060,CMP,1,NonLeaf,rbx(-1) rax(-1) ,rflags ,CMP,3,MOV,5,MOV,7,JBE,6,MOV,7,MOV,3,SUB,3,MOV,3,SHR,4,LEA,8,0,0,1,0,0,JE,1,0,0,0,0,0,JE,0,0,5001312,5001422,5001317,0,0,1,0,fortran,2.029693633037825e-12,1.0,1,0,1
0x47f735,JNB,27,0,27,2,0x47f72e,CMP,1,Leaf,rdx(-1) ,rflags ,CMP,7,UD2,2,JMP,2,LEA,4,MOVSXD,4,ADD,3,ADD,3,LEA,7,MOVSXD,4,LEA,4,0,1,0,0,0,JE,0,0,1,0,0,0,JMP,1,0,4716334,4716368,4716343,1,1,0,0,fortran,5.480172809202128e-11,0.0,0,1,0
0x47f715,JNB,6,0,155,6,0x47f70e,CMP,1,Leaf,rdx(-1) ,rflags ,CMP,7,JZ,6,JB,2,CMP,3,MOV,3,LEA,7,MOVSXD,4,LEA,4,JMP,2,UD2,2,0,1,0,0,0,JA,0,0,1,0,0,0,JMP,1,0,4716302,4716464,4716315,0,1,0,0,fortran,1.217816179822695e-11,0.0,0,0,0
0x47f708,JZ,6,0,9334,6,0x47f703,CMP,0,Leaf,rdi(-1) rsi(-1) ,rflags ,JB,2,CMP,3,MOV,3,INVALID,0,INVALID,0,CMP,7,JNB,6,LEA,7,MOVSXD,4,LEA,4,0,1,0,0,0,RET,1,0,1,0,0,0,JAE,0,0,4716296,4725630,4716302,0,0,0,0,fortran,1.217816179822695e-11,0.0,0,0,0
0x47f706,JB,33,27,40,2,0x47f703,CMP,1,Leaf,rdi(-1) rsi(-1) ,rflags ,CMP,3,MOV,3,INVALID,0,INVALID,0,INVALID,0,JZ,6,CMP,7,JNB,6,LEA,7,MOVSXD,4,0,1,0,0,0,JAE,1,0,1,0,0,0,JE,1,0,4716288,4716334,4716296,0,0,0,0,fortran,6.697988989024823e-11,0.8181818181818182,1,0,1
0x479678,JNZ,431,430,-303,6,0x479670,AND,1,Leaf,edx(AND) ,edx rflags ,MOV,5,AND,3,NOP,10,NOP,2,JNZ,2,RET_NEAR,2,MOV,7,CMP,3,CMOVNBE,4,MOV,3,0,0,0,0,0,JE,0,0,1,0,0,0,REPZ RET,1,0,4691568,4691273,4691582,0,0,0,0,fortran,8.747979558393025e-10,0.9976798143851509,1,1,1
0x479662,JNZ,172,4,-82,2,0x47963a,DEC,1,Leaf,ecx(DEC) ,ecx rflags ,LEA,4,LEA,4,MOV,4,MOV,4,MOV,4,NOP,2,NOP,10,AND,3,MOV,5,JNZ,6,0,0,0,1,1,JE,0,0,1,0,0,0,NOP,1,0,4691514,4691472,4691556,1,0,1,0,fortran,3.4910730488250586e-10,0.0232558139534883,0,1,0
0x479638,JZ,297,125,56,2,0x479610,DEC,1,Leaf,ecx(DEC) ,ecx rflags ,LEA,4,LEA,4,MOV,4,MOV,4,MOV,4,DEC,2,MOV,3,MOV,4,MOV,4,MOV,4,1,0,1,0,0,JNE,1,0,1,0,0,0,JNE,0,0,4691472,4691568,4691514,0,1,0,1,fortran,6.028190090122341e-10,0.4208754208754209,0,0,0
0x479607,JNBE,431,0,121,2,0x479600,CMP,1,Leaf,rdx(-1) ,rflags ,CMP,7,NOP,10,NOP,5,JNZ,2,LEA,4,MOV,2,SHR,3,JZ,2,DEC,2,MOV,3,0,1,0,0,0,JE,0,0,1,0,0,0,JE,1,0,4691456,4691584,4691465,0,0,0,0,fortran,8.747979558393025e-10,0.0,0,0,0
0x4795ef,JNZ,556,417,-15,2,0x4795e5,INC,1,Leaf,ecx(INC) ,ecx rflags ,LEA,4,LEA,4,INC,2,MOV,2,MOVZX,3,NOP,5,NOP,10,CMP,7,JNBE,2,MOV,2,1,1,1,1,1,JNE,0,0,1,1,0,0,NOP,1,0,4691424,4691424,4691441,1,0,1,0,fortran,1.1285096599690308e-09,0.75,1,1,1
0x4795ca,JZ,431,292,54,2,0x4795c7,AND,1,Leaf,ecx(AND) ,ecx rflags ,AND,3,MOV,2,MOV,5,NOP,3,RET_NEAR,2,LEA,5,SUB,3,NOP,2,NOP,10,MOVZX,3,0,1,1,0,0,JA,1,0,1,0,0,0,NOP,0,0,4691392,4691456,4691404,0,1,0,0,fortran,8.747979558393025e-10,0.6774941995359629,1,0,1
0x4795b9,JNZ,583,0,-25,2,0x4795ae,SUB,1,Leaf,edx(SUB) ,edx rflags ,LEA,4,LEA,4,SUB,3,MOV,4,MOV,3,RET_NEAR,2,NOP,3,MOV,5,MOV,2,AND,3,1,1,1,1,1,JNE,0,0,0,1,0,0,REPZ RET,1,0,4691360,4691360,4691387,1,0,1,0,fortran,1.183311388061052e-09,0.0,0,1,0
0x47959a,JZ,3975996,3975413,33,2,0x479594,AND,1,Leaf,edx(AND) ,edx rflags ,AND,6,ADD,4,ADD,4,MOV,3,MOV,3,NOP,4,MOV,3,MOV,4,MOV,3,MOV,4,0,1,1,0,0,REPZ RET,1,0,1,0,0,0,NOP,0,0,4691348,4691387,4691356,0,0,0,0,fortran,8.07005376618386e-06,0.9998533700738128,1,0,1
0x479584,JZ,3975996,12504,16,2,0x479581,TEST,1,Leaf,dl(-1) ,rflags ,TEST,3,ADD,4,ADD,4,MOV,2,MOV,2,MOV,3,MOV,3,ADD,4,ADD,4,AND,6,0,1,1,0,0,JE,0,0,1,0,0,0,ADD,0,0,4691329,4691348,4691334,1,0,0,1,fortran,8.07005376618386e-06,0.0031448723791472,0,0,0
0x479573,JZ,3975996,12262,14,2,0x479570,TEST,1,Leaf,dl(-1) ,rflags ,TEST,3,NOP,4,ADD,4,ADD,4,MOV,3,MOV,2,MOV,2,ADD,4,ADD,4,TEST,3,0,1,1,0,0,JE,0,0,1,0,0,0,ADD,0,0,4691312,4691329,4691317,0,0,0,1,fortran,8.07005376618386e-06,0.0030840071267677,0,0,0
0x47955c,JZ,3975996,3975650,20,2,0x479559,TEST,1,Leaf,dl(-1) ,rflags ,TEST,3,INC,3,INC,3,MOV,2,MOVZX,3,MOVZX,3,MOV,3,ADD,4,ADD,4,NOP,4,0,1,1,0,0,JE,0,0,1,0,0,0,NOP,0,0,4691289,4691312,4691294,0,0,0,1,fortran,8.07005376618386e-06,0.9999129777796556,1,0,1
0x47954c,JZ,3975996,3963769,13,2,0x479549,TEST,1,Leaf,dl(-1) ,rflags ,TEST,3,JNB,2,MOV,3,CMP,4,INVALID,0,MOVZX,3,MOV,2,INC,3,INC,3,TEST,3,0,1,1,0,0,JE,0,0,1,0,0,0,INC,0,0,4691273,4691289,4691278,0,0,0,1,fortran,8.07005376618386e-06,0.9969247956989896,1,0,1
0x479547,JNB,3975997,431,121,2,0x479540,CMP,1,Leaf,rdx(-1) ,rflags ,MOV,3,CMP,4,INVALID,0,INVALID,0,INVALID,0,TEST,3,JZ,2,MOVZX,3,MOV,2,INC,3,0,1,0,0,0,JE,0,0,1,0,0,0,JE,1,0,4691264,4691392,4691273,0,0,1,0,fortran,8.070055795877493e-06,0.0001084004842055,0,0,0
0x46db19,JNZ,1,0,-25,2,0x46db0e,SUB,1,Leaf,edx(SUB) ,edx rflags ,LEA,4,LEA,4,SUB,3,MOV,4,MOV,3,MOV,3,RET_NEAR,1,NOP,1,MOV,2,AND,3,1,1,1,1,1,JNE,0,0,0,1,0,0,RET,1,0,4643584,4643584,4643611,1,0,1,0,fortran,2.029693633037825e-12,0.0,0,1,0
0x46daf6,JZ,2,1,37,2,0x46daf0,AND,1,Leaf,edx(AND) ,edx rflags ,AND,6,NOP,3,ADD,4,ADD,4,MOV,3,NOP,8,MOV,3,MOV,4,MOV,3,MOV,4,0,1,1,0,0,RET,1,0,1,0,0,0,NOP,0,0,4643568,4643611,4643576,0,0,0,0,fortran,4.0593872660756495e-12,0.5,0,0,0
0x46dacc,JZ,2,2,14,2,0x46dac9,TEST,1,Leaf,dl(-1) ,rflags ,TEST,3,ADD,4,ADD,4,MOV,3,MOVZX,3,MOV,2,MOV,2,ADD,4,ADD,4,TEST,3,0,1,1,0,0,JE,0,0,1,0,0,0,ADD,0,0,4643529,4643546,4643534,0,0,0,1,fortran,4.0593872660756495e-12,1.0,1,0,1
0x46dab9,JZ,2,0,16,2,0x46dab6,TEST,1,Leaf,dl(-1) ,rflags ,TEST,3,INC,3,INC,3,MOV,2,MOVZX,3,MOVZX,3,MOV,3,ADD,4,ADD,4,TEST,3,0,1,1,0,0,JE,0,0,1,0,0,0,ADD,0,0,4643510,4643529,4643515,0,0,0,1,fortran,4.0593872660756495e-12,0.0,0,0,0
0x46daa9,JZ,2,0,13,2,0x46daa6,TEST,1,Leaf,dl(-1) ,rflags ,TEST,3,JNB,2,CMP,4,INVALID,0,INVALID,0,MOVZX,3,MOV,2,INC,3,INC,3,TEST,3,0,1,1,0,0,JE,0,0,1,0,0,0,INC,0,0,4643494,4643510,4643499,0,0,0,1,fortran,4.0593872660756495e-12,0.0,0,0,0
0x46daa4,JNB,2,0,124,2,0x46daa0,CMP,1,Leaf,rdx(-1) ,rflags ,CMP,4,INVALID,0,INVALID,0,INVALID,0,INVALID,0,TEST,3,JZ,2,MOVZX,3,MOV,2,INC,3,0,1,0,0,0,JE,0,0,1,0,0,0,JE,1,0,4643488,4643616,4643494,0,0,0,0,fortran,4.0593872660756495e-12,0.0,0,1,0
0x46da7b,JZ,24172,21641,-161,6,0x46da78,TEST,1,Leaf,dl(-1) ,rflags ,TEST,3,MOV,2,JZ,2,TEST,3,JNZ,2,MOV,5,RET_NEAR,1,MOV,2,MOV,4,RET_NEAR,1,0,0,0,0,0,REPZ RET,0,0,1,0,0,0,RET,0,0,4643448,4643290,4643457,0,0,0,1,fortran,4.906175449779031e-08,0.8952920734734403,1,0,1
0x46da74,JZ,24172,23138,4,2,0x46da71,TEST,1,Leaf,dl(-1) ,rflags ,TEST,3,JNZ,2,TEST,3,JNZ,2,TEST,3,MOV,2,TEST,3,JZ,6,MOV,5,RET_NEAR,1,0,1,1,0,0,JE,0,0,1,0,0,0,MOV,0,0,4643441,4643448,4643446,0,0,0,1,fortran,4.906175449779031e-08,0.957223233493298,1,0,1
0x46da6f,JNZ,24182,10,24,2,0x46da6c,TEST,1,Leaf,dl(-1) ,rflags ,TEST,3,JNZ,2,TEST,3,MOVQ,5,RET_NEAR,2,TEST,3,JZ,2,MOV,2,TEST,3,JZ,6,0,1,0,0,0,RET,0,0,1,0,0,0,JE,0,0,4643436,4643463,4643441,0,0,1,0,fortran,4.9082051434120686e-08,0.0004135307253328,0,0,0
0x46da6a,JNZ,24182,0,36,2,0x46da67,TEST,1,Leaf,dl(-1) ,rflags ,TEST,3,MOVQ,5,RET_NEAR,2,JNZ,2,CMP,3,TEST,3,JNZ,2,TEST,3,JZ,2,MOV,2,0,1,0,0,0,RET,0,0,1,0,0,0,JNE,0,0,4643426,4643470,4643436,0,0,1,0,fortran,4.9082051434120686e-08,0.0,0,0,0
0x46da5e,JNZ,9947,9908,-30,2,0x46da5b,CMP,1,Leaf,rdx(-1) rcx(ADD) ,rflags ,CMP,3,ADD,4,MOVDQA,6,MOVDQA,6,MOVDQA,6,RET_NEAR,2,MOVQ,5,TEST,3,JNZ,2,TEST,3,1,1,1,1,1,JNE,0,0,1,1,0,0,REPZ RET,1,0,4643392,4643392,4643424,1,0,1,0,fortran,2.018936256782725e-08,0.996079219865286,1,1,1
0x46da35,JZ,49,10,-91,2,0x46da32,CMP,1,Leaf,rcx(AND) rdx(AND) ,rflags ,CMP,3,AND,4,ADD,3,MOVDQU,7,MOVDQU,6,NOP,9,MOVDQA,5,MOVDQA,6,MOVDQA,6,MOVDQA,6,0,0,0,0,0,REPZ RET,1,0,1,0,0,0,NOP,0,0,4643312,4643290,4643383,0,0,0,0,fortran,9.945498801885341e-11,0.2040816326530612,0,0,0
0x46d9bc,JNBE,24231,49,52,2,0x46d9b8,CMP,1,Leaf,rdx(-1) ,rflags ,CMP,4,PSHUFD,6,PUNPCKLWD,5,PUNPCKLBW,5,MOV,3,CMP,4,JBE,6,CMP,4,MOVDQU,5,MOVDQU,7,0,1,0,0,0,JE,0,0,1,0,0,0,JBE,1,0,4643232,4643312,4643262,1,0,1,0,fortran,4.918150642213955e-08,0.0020222029631463,0,1,0
0x46d337,JBE,268,262,13,2,0x46d334,SUB,1,Leaf,r11(SUB) rdx(BSF) ,r11 rflags ,SUB,3,BSF,4,NOP,10,NOP,1,XCHG,3,MOVZX,4,MOVZX,4,SUB,2,RET_NEAR,1,XOR,2,0,0,0,0,0,RET,0,0,1,0,0,0,RET,0,0,4641584,4641604,4641593,0,0,0,0,fortran,5.43957893654137e-10,0.9776119402985076,1,0,1
0x46d320,JZ,201,201,16,2,0x46d31d,TEST,1,Leaf,r8d(-1) r8d(-1) ,rflags ,TEST,3,LEA,4,LEA,4,LEA,5,NOP,2,XCHG,3,NOP,1,NOP,10,BSF,4,SUB,3,0,0,1,0,0,JBE,0,0,1,0,0,0,NOP,0,0,4641557,4641584,4641570,0,0,0,0,fortran,4.079684202406028e-10,1.0,1,0,1
0x46d1ba,JNZ,102,102,347,6,0x46d1b7,SUB,1,Leaf,edx(SUB) r9d(SHR) ,edx rflags ,SUB,3,SHR,3,SHR,2,PMOVMSKB,5,PSUBB,4,MOVDQA,4,LEA,5,CMP,3,JB,6,TEST,3,0,0,0,0,0,JE,0,0,0,0,0,0,JB,0,0,4641168,4641557,4641216,0,0,0,0,fortran,2.0702875056985816e-10,1.0,1,1,1
0x46c81c,JNZ,98,98,2804,6,0x46c816,SUB,1,Leaf,edx(SUB) ,edx rflags ,SUB,6,PMOVMSKB,4,PSUBB,4,PCMPEQB,4,PCMPEQB,4,SUB,4,JBE,6,ADD,4,MOVDQA,4,JMP,5,0,0,0,0,0,LEA,0,0,0,0,0,0,JBE,0,0,4638698,4641552,4638754,0,0,0,0,fortran,1.9890997603770682e-10,1.0,1,1,1
0x46c7e8,JNLE,98,0,88,2,0x46c7e4,ADD,1,Leaf,r10(ADD) ,r10 rflags ,ADD,4,MOVDQA,4,ADD,4,JBE,6,SUB,4,MOVDQA,5,MOVDQA,5,MOVDQA,4,PSRLDQ,5,PSLLDQ,5,0,0,0,0,0,JNE,0,0,0,0,0,0,JNE,0,0,4638684,4638784,4638698,0,0,0,0,fortran,1.9890997603770682e-10,0.0,0,1,0
0x46c7d6,JBE,98,0,2926,6,0x46c7d2,SUB,1,Leaf,r11(SUB) ,r11 rflags ,SUB,4,JNZ,6,SUB,6,PMOVMSKB,4,PSUBB,4,ADD,4,MOVDQA,4,ADD,4,JNLE,2,MOVDQA,5,0,0,0,0,0,RET,0,0,0,0,0,0,JG,0,0,4638674,4641604,4638684,0,0,0,0,fortran,1.9890997603770682e-10,0.0,0,1,0
0x46c7cc,JNZ,98,0,2884,6,0x46c7c6,SUB,1,Leaf,edx(SUB) ,edx rflags ,SUB,6,PMOVMSKB,4,PSUBB,4,PCMPEQB,4,PCMPEQB,4,SUB,4,JBE,6,ADD,4,MOVDQA,4,ADD,4,0,0,0,0,0,LEA,0,0,0,0,0,0,JBE,0,0,4638618,4641552,4638674,0,0,0,0,fortran,1.9890997603770682e-10,0.0,0,1,0
0x46c794,JNLE,98,0,172,6,0x46c790,ADD,1,Leaf,r10(ADD) ,r10 rflags ,ADD,4,NOP,10,NOP,5,SUB,7,AND,7,MOVDQA,5,MOVDQA,5,MOVDQA,4,PSRLDQ,5,PSLLDQ,5,0,0,0,0,0,JNE,0,0,0,0,0,0,JNE,0,0,4638608,4638784,4638618,0,0,0,0,fortran,1.9890997603770682e-10,0.0,0,1,0
0x46c755,JZ,98,0,3055,6,0x46c752,TEST,1,Leaf,r9(-1) r9(-1) ,rflags ,TEST,3,JB,6,CMP,3,LEA,5,MOVDQA,4,MOV,3,PXOR,4,MOV,7,MOV,6,LEA,4,0,0,0,0,0,RET,0,0,0,0,0,0,NOP,0,0,4638546,4641604,4638555,0,1,0,0,fortran,1.9890997603770682e-10,0.0,0,0,0
0x46c74c,JB,98,0,3064,6,0x46c749,CMP,1,Leaf,r11(-1) r9(LEA) ,rflags ,CMP,3,LEA,5,MOVDQA,4,JNZ,6,SUB,3,TEST,3,JZ,6,MOV,3,PXOR,4,MOV,7,0,0,0,0,0,RET,0,0,0,0,0,0,JE,0,0,4638528,4641604,4638546,0,0,0,0,fortran,1.9890997603770682e-10,0.0,0,0,0
0x46c2ba,JNZ,1,1,4187,6,0x46c2b7,SUB,1,Leaf,edx(SUB) r9d(SHR) ,edx rflags ,SUB,3,SHR,3,SHR,2,PMOVMSKB,5,PSUBB,4,MOVDQA,4,LEA,5,CMP,3,JB,6,TEST,3,0,0,0,0,0,JE,0,0,0,0,0,0,JB,0,0,4637328,4641557,4637376,0,0,0,0,fortran,2.029693633037825e-12,1.0,1,1,1
0x46bb9a,JNBE,201,201,9,2,0x46bb96,CMP,0,Leaf,ecx(-1) eax(-1) ,rflags ,JZ,2,CMP,2,AND,3,AND,3,XOR,3,MOV,3,XCHG,1,XCHG,3,LEA,4,SUB,3,0,1,1,0,0,JMP,0,0,1,0,0,0,XCHG,0,0,4635546,4635555,4635548,0,1,0,0,fortran,4.079684202406028e-10,1.0,1,0,1
0x46bb98,JZ,201,0,40,2,0x46bb96,CMP,1,Leaf,ecx(AND) eax(AND) ,rflags ,CMP,2,AND,3,AND,3,XOR,3,MOV,5,JNBE,2,MOV,3,XCHG,1,XCHG,3,LEA,4,0,1,0,0,0,JNE,0,0,1,0,0,0,JA,0,0,4635520,4635584,4635546,0,0,0,0,fortran,4.079684202406028e-10,0.0,0,0,0
0x46bb72,JBE,200,0,6098,6,0x46bb6e,SUB,1,Leaf,r11(SUB) ,r11 rflags ,SUB,4,JNZ,6,SUB,6,PMOVMSKB,4,PSUBB,4,ADD,4,ADD,4,AND,4,AND,4,MOV,5,0,0,0,0,0,RET,0,0,1,0,0,0,ADD,0,0,4635502,4641604,4635512,0,0,0,0,fortran,4.0593872660756493e-10,0.0,0,0,0
0x46bb68,JNZ,267,67,6088,6,0x46bb62,SUB,1,Leaf,edx(SUB) ,edx rflags ,SUB,6,PMOVMSKB,4,PSUBB,4,PCMPEQB,4,PCMPEQB,4,SUB,4,JBE,6,ADD,4,ADD,4,AND,4,0,0,0,0,0,JBE,0,0,1,0,0,0,JBE,0,0,4635452,4641584,4635502,1,0,0,0,fortran,5.419282000210993e-10,0.250936329588015,0,1,0
0x46bb3a,JNBE,267,0,70,2,0x46bb37,CMP,1,Leaf,eax(-1) ,rflags ,CMP,3,JNBE,2,CMP,3,AND,4,AND,4,MOVLPD,4,MOVLPD,4,MOVHPD,5,MOVHPD,5,PXOR,4,0,0,0,0,0,JE,0,0,1,0,0,0,JNE,0,0,4635447,4635520,4635452,1,0,0,0,fortran,5.419282000210993e-10,0.0,0,0,0
0x46bb35,JNBE,268,1,75,2,0x46bb32,CMP,1,Leaf,ecx(AND) ,rflags ,CMP,3,AND,4,AND,4,MOV,2,MOV,2,CMP,3,JNBE,2,MOVLPD,4,MOVLPD,4,MOVHPD,5,0,1,0,0,0,JE,0,0,1,0,0,0,JA,0,0,4635427,4635520,4635447,1,0,0,0,fortran,5.43957893654137e-10,0.003731343283582,0,0,0
0x46bb1d,JZ,268,0,6195,6,0x46bb19,CMP,1,Leaf,rdx(-1) ,rflags ,CMP,4,JZ,6,TEST,3,INVALID,0,INVALID,0,MOV,3,MOV,2,MOV,2,AND,4,AND,4,0,1,0,0,0,RET,0,0,1,0,0,0,JA,0,0,4635417,4641616,4635427,0,0,0,0,fortran,5.43957893654137e-10,0.0,0,0,0
0x46bb13,JZ,268,0,6193,6,0x46bb10,TEST,1,Leaf,rdx(-1) rdx(-1) ,rflags ,TEST,3,INVALID,0,INVALID,0,INVALID,0,INVALID,0,CMP,4,JZ,6,MOV,3,MOV,2,MOV,2,0,1,0,0,0,RET,0,0,1,0,0,0,JE,0,0,4635408,4641604,4635417,0,0,0,0,fortran,5.43957893654137e-10,0.0,0,0,0
0x46bac6,JZ,7,7,-54,2,0x46bac4,TEST,1,Leaf,edx(PMOVMSKB) edx(PMOVMSKB) ,rflags ,TEST,2,LEA,4,PMOVMSKB,4,PCMPEQB,5,JNZ,2,SUB,3,BSF,4,ADD,3,RET_NEAR,1,NOP,3,0,0,0,1,1,JNE,0,0,0,0,0,0,SUB,1,0,4635319,4635280,4635336,0,0,0,0,fortran,1.4207855431264776e-11,1.0,1,1,1
0x46bab5,JNZ,9,2,75,2,0x46bab3,TEST,1,Leaf,edx(PMOVMSKB) edx(PMOVMSKB) ,rflags ,TEST,2,PMOVMSKB,4,PCMPEQB,5,JNZ,2,TEST,2,PCMPEQB,5,PMOVMSKB,4,LEA,4,TEST,2,JZ,2,0,1,0,0,0,RET,1,0,1,0,0,0,JE,0,0,4635306,4635392,4635319,1,0,0,0,fortran,1.8267242697340427e-11,0.2222222222222222,0,1,0
0x46baa8,JNZ,15,6,72,2,0x46baa6,TEST,1,Leaf,edx(PMOVMSKB) edx(PMOVMSKB) ,rflags ,TEST,2,PMOVMSKB,4,PCMPEQB,5,JNZ,2,TEST,2,PCMPEQB,5,PMOVMSKB,4,TEST,2,JNZ,2,PCMPEQB,5,0,1,0,0,0,RET,1,0,1,0,0,0,JNE,0,0,4635293,4635376,4635306,1,0,0,0,fortran,3.0445404495567374e-11,0.4,0,1,0
0x46ba9b,JNZ,33,18,69,2,0x46ba99,TEST,1,Leaf,edx(PMOVMSKB) edx(PMOVMSKB) ,rflags ,TEST,2,PMOVMSKB,4,PCMPEQB,5,NOP,9,PXOR,4,PCMPEQB,5,PMOVMSKB,4,TEST,2,JNZ,2,PCMPEQB,5,1,1,0,0,0,RET,1,0,1,0,0,0,JNE,0,0,4635280,4635360,4635293,1,0,0,0,fortran,6.697988989024823e-11,0.5454545454545454,1,1,1
0x46ba75,JNZ,8,1,83,2,0x46ba73,AND,1,Leaf,edx(AND) esi(SHL) ,edx rflags ,AND,2,PMOVMSKB,4,SHL,2,SUB,3,MOV,5,PXOR,4,PXOR,4,PXOR,4,PXOR,4,NOP,9,0,0,0,0,0,SUB,0,0,0,0,0,0,NOP,0,0,4635226,4635336,4635255,0,0,0,0,fortran,1.6237549064302598e-11,0.125,0,1,0
0x46ba4f,JNZ,11966,11947,124,2,0x46ba4d,TEST,1,Leaf,edx(PMOVMSKB) edx(PMOVMSKB) ,rflags ,TEST,2,PMOVMSKB,4,PCMPEQB,4,MOVDQU,4,JNBE,2,MOV,3,AND,4,JMP,2,MOV,3,AND,4,0,0,0,0,0,RET,0,0,1,0,0,0,JMP,0,0,4635201,4635339,4635217,1,0,0,0,fortran,2.428731401293061e-08,0.9984121678087916,1,1,1
0x46ba3f,JNBE,11974,8,27,2,0x46ba3c,CMP,1,Leaf,ecx(AND) ,rflags ,CMP,3,PXOR,4,AND,3,MOV,2,XOR,3,MOVDQU,4,PCMPEQB,4,PMOVMSKB,4,TEST,2,JNZ,2,0,1,0,0,0,JNE,0,0,1,0,0,0,JNE,0,0,4635184,4635226,4635201,1,0,0,0,fortran,2.4303551561994922e-08,0.0006681142475363,0,0,0
0x46b87d,JZ,3,0,27,2,0x46b87a,TEST,1,NonLeaf,rax(-1) rax(-1) ,rflags ,TEST,3,CALL_NEAR,5,MOV,3,LEA,4,CALL_NEAR,5,ADD,4,MOV,3,MOV,3,POP,1,POP,1,0,1,0,0,0,RET,0,0,1,0,0,0,JMP,0,0,4634746,4634776,4634751,0,0,0,0,fortran,6.089080899113475e-12,0.0,0,0,0
0x467433,JS,1,1,13,2,0x467431,TEST,1,NonLeaf,eax(MOV) eax(MOV) ,rflags ,TEST,2,MOV,11,MOV,6,INVALID,0,INVALID,0,JMP,5,NOP,6,SUB,4,MOV,5,CALL_NEAR,5,0,1,0,0,0,CALL,0,1,1,0,0,0,JMP,0,0,4617248,4617280,4617269,0,0,1,0,fortran,2.029693633037825e-12,1.0,1,0,1
0x4671a6,JNZ,1,1,-180,6,0x4671a2,CMP,1,NonLeaf,rbp(-1) ,rflags ,CMP,4,JNZ,6,CMP,4,JMP,5,MOV,11,CMP,4,JNZ,6,CMP,4,JNZ,6,CMP,4,0,0,0,0,0,ADD,0,0,1,0,0,0,JNE,0,0,4616610,4616434,4616620,0,0,0,0,fortran,2.029693633037825e-12,1.0,1,0,1
0x46719c,JNZ,2,1,-170,6,0x467198,CMP,1,NonLeaf,rbp(-1) ,rflags ,CMP,4,JMP,5,MOV,11,MOV,11,MOV,11,CMP,4,JNZ,6,CMP,4,JNZ,6,CMP,4,0,0,0,0,0,ADD,0,0,1,0,0,0,JNE,0,0,4616600,4616434,4616610,0,0,0,0,fortran,4.0593872660756495e-12,0.5,0,0,0
0x467116,JZ,1,1,4,2,0x467113,TEST,1,NonLeaf,rax(MOV) rax(MOV) ,rflags ,TEST,3,MOV,7,JNZ,2,TEST,2,MOVSX,5,CALL_NEAR,2,MOV,10,ADD,4,POP,1,POP,1,0,1,1,0,0,RET,0,0,1,0,0,0,CALL,0,1,4616460,4616474,4616472,0,0,1,1,fortran,2.029693633037825e-12,1.0,1,0,1
0x467101,JZ,1,1,11,2,0x4670fe,TEST,1,NonLeaf,r12(-1) r12(-1) ,rflags ,TEST,3,JNZ,2,TEST,3,MOV,3,ADD,4,MOVSX,5,TEST,2,JNZ,2,MOV,7,TEST,3,0,0,1,0,0,JE,0,0,1,0,0,0,JNE,0,0,4616446,4616460,4616451,0,0,0,0,fortran,2.029693633037825e-12,1.0,1,0,1
0x4670fc,JNZ,45,44,-20,2,0x4670f9,TEST,1,NonLeaf,rbp(MOV) rbp(MOV) ,rflags ,TEST,3,MOV,3,ADD,4,JZ,6,CMP,4,TEST,3,JZ,2,MOVSX,5,TEST,2,JNZ,2,1,1,0,0,0,JE,0,0,1,1,0,0,JE,1,0,4616438,4616424,4616446,0,0,0,0,fortran,9.133621348670212e-11,0.9777777777777776,1,0,1
0x4670ec,JZ,44,2,172,6,0x4670e8,CMP,1,NonLeaf,rbp(-1) ,rflags ,CMP,4,NOP,4,JMP,2,XOR,3,JZ,2,ADD,4,MOV,3,TEST,3,JNZ,2,TEST,3,0,1,0,0,0,JNE,0,0,1,0,0,0,ADD,0,0,4616424,4616600,4616434,0,0,0,0,fortran,8.930651985366429e-11,0.0454545454545454,0,0,0
0x4670dd,JZ,1,0,47,2,0x4670d2,TEST,1,NonLeaf,rbx(MOV) rbx(MOV) ,rflags ,MOV,8,TEST,3,MOV,10,MOV,7,MOV,7,XOR,3,JMP,2,NOP,4,CMP,4,JZ,6,0,1,1,0,0,JE,0,0,1,0,0,0,JMP,0,0,4616368,4616460,4616415,0,0,0,0,fortran,2.029693633037825e-12,0.0,0,0,0
0x466d94,JZ,1,0,-20,2,0x466d91,TEST,1,NonLeaf,rax(-1) rax(-1) ,rflags ,TEST,3,CALL_NEAR,2,MOV,3,MOV,5,JMP,5,POP,1,POP,1,POP,2,MOV,3,XOR,2,0,0,0,0,0,JMP,0,0,1,0,0,0,JMP,0,0,4615569,4615552,4615574,0,0,0,0,fortran,2.029693633037825e-12,0.0,0,0,0
0x466c8d,JZ,24,9,195,6,0x466c8a,CMP,1,NonLeaf,r14(-1) rax(LEA) ,rflags ,CMP,3,LEA,4,JNZ,2,TEST,2,AND,4,SUB,4,MOV,3,SHR,4,CMP,4,JNBE,6,0,1,0,0,0,JMP,0,0,0,1,0,0,JA,0,0,4615302,4615504,4615315,0,0,0,0,fortran,4.8712647192907794e-11,0.375,0,0,0
0x466c84,JNZ,24,0,15,2,0x466c82,TEST,1,NonLeaf,eax(MOV) eax(MOV) ,rflags ,TEST,2,AND,4,MOV,6,NOP,5,JMP,2,LEA,4,CMP,3,JZ,6,SUB,4,MOV,3,0,1,1,0,0,JA,0,0,1,0,0,0,JE,0,0,4615288,4615315,4615302,0,0,0,0,fortran,4.8712647192907794e-11,0.0,0,0,0
0x466c26,JZ,24,24,82,2,0x466c23,TEST,1,NonLeaf,dl(MOV) ,rflags ,TEST,3,MOV,4,JZ,6,TEST,3,JNZ,6,MOV,6,TEST,2,JNZ,6,MOV,3,POP,1,0,1,0,0,0,JNE,0,0,1,0,0,0,JNE,0,0,4615199,4615288,4615208,1,0,0,0,fortran,4.8712647192907794e-11,1.0,1,0,1
0x466c19,JZ,24,0,359,6,0x466c16,TEST,1,NonLeaf,rbp(-1) rbp(-1) ,rflags ,TEST,3,JNZ,6,DEC,2,JMP,2,JNZ,6,MOV,4,TEST,3,JZ,2,MOV,6,TEST,2,0,0,0,0,0,JMP,0,0,1,0,0,0,JE,0,0,4615190,4615552,4615199,0,0,0,0,fortran,4.8712647192907794e-11,0.0,0,0,0
0x466c10,JNZ,24,0,9658,6,0x466c0e,DEC,1,NonLeaf,rbx(-1) ,rflags ,DEC,2,JMP,2,JNZ,6,DEC_LOCK,3,JZ,2,TEST,3,JZ,6,MOV,4,TEST,3,JZ,2,0,-1,-1,-1,-1,CALL,-1,1,0,1,0,0,JE,0,0,4615182,4624842,4615190,0,0,1,0,fortran,4.8712647192907794e-11,0.0,0,0,0
0x466c01,JZ,24,24,13,2,0x466bfa,CMP,1,NonLeaf,rip(JZ) ,rflags ,CMP,7,JZ,6,MOV,3,TEST,3,CALL_NEAR,5,DEC_LOCK,3,JNZ,6,JMP,2,DEC,2,JNZ,6,0,1,0,0,0,JNE,0,0,1,0,0,0,JNE,0,0,4615162,4615182,4615171,0,0,1,0,fortran,4.8712647192907794e-11,1.0,1,0,1
0x466bf4,JZ,24,0,300,6,0x466bee,TEST,1,NonLeaf,rax(-1) rax(-1) ,rflags ,MOV,3,TEST,3,CALL_NEAR,5,MOV,3,MOV,3,CMP,7,JZ,2,DEC_LOCK,3,JNZ,6,JMP,2,0,1,0,0,0,CALL,0,1,1,0,0,0,JE,0,0,4615150,4615456,4615162,0,0,1,0,fortran,4.8712647192907794e-11,0.0,0,0,0
0x466bc9,JZ,24,24,26,2,0x466bc2,CMP,1,NonLeaf,rbx(-1) ,rflags ,CMP,7,AND,4,MOV,4,MOV,4,JNZ,6,MOV,3,AND,7,ADD,4,SUB,3,CMP,3,0,1,1,0,0,CALL,0,1,1,0,0,0,CMOVB,0,0,4615094,4615139,4615115,0,0,1,0,fortran,4.8712647192907794e-11,1.0,1,0,1
0x466b9f,JZ,24,24,14,2,0x466b98,CMP,1,NonLeaf,rip(JZ) ,rflags ,CMP,7,MOV,5,JNZ,6,AND,3,MOV,3,CMPXCHG_LOCK,4,JNZ,6,JMP,2,CMPXCHG,3,JNZ,6,0,1,0,0,0,JNE,0,0,1,0,0,0,JNE,0,0,4615059,4615085,4615073,0,0,1,0,fortran,4.8712647192907794e-11,1.0,1,0,1
0x466b8d,JNZ,24,0,187,6,0x466b8a,AND,1,NonLeaf,eax(AND) ,eax rflags ,AND,3,MOV,3,JZ,6,TEST,3,MOV,4,MOV,5,CMP,7,JZ,2,CMPXCHG_LOCK,4,JNZ,6,0,0,0,0,0,CALL,0,1,1,0,0,0,JE,0,0,4615047,4615240,4615059,0,0,1,0,fortran,4.8712647192907794e-11,0.0,0,0,0
0x466b6d,JNZ,25,1,538,6,0x466b6a,TEST,1,NonLeaf,rcx(MOV) rcx(MOV) ,rflags ,TEST,3,MOV,7,JNBE,6,PUSH,1,PUSH,1,MOV,7,MOV,4,TEST,3,JZ,6,MOV,3,0,1,0,0,0,CALL,0,1,1,0,0,0,JE,0,0,4615011,4615559,4615027,0,0,1,0,fortran,5.074234082594563e-11,0.04,0,0,0
0x466b5d,JNBE,25,0,590,6,0x466b56,CMP,1,NonLeaf,rdx(OR) rax(MOV) ,rflags ,PUSH,1,PUSH,1,PUSH,2,CMP,3,IMUL,4,MOV,7,TEST,3,JNZ,6,MOV,7,MOV,4,0,1,0,0,0,JE,0,0,1,0,0,0,JNE,0,0,4614976,4615595,4615011,0,0,0,0,fortran,5.074234082594563e-11,0.0,0,0,0
0x4665ac,JZ,128526959,128526959,14,2,0x4665a5,TEST,1,Leaf,al(-1) ,rflags ,MOV,5,TEST,2,JNZ,2,TEST,2,LEA,4,MOV,3,AND,6,MOV,3,XOR,2,MOV,3,0,1,1,0,0,JMP,0,0,1,0,0,0,MOV,0,0,4613541,4613562,4613550,0,0,0,0,fortran,0.000260870350356,1.0,1,0,1
0x4665a3,JNZ,128526959,0,37,2,0x4665a1,TEST,1,Leaf,al(MOV) ,rflags ,TEST,2,LEA,4,MOV,4,JZ,6,TEST,3,TEST,2,MOV,5,JZ,2,MOV,3,AND,6,0,1,0,0,0,JNE,0,0,1,0,0,0,JE,0,0,4613529,4613576,4613541,0,0,0,0,fortran,0.000260870350356,0.0,0,0,0
0x466593,JZ,128526972,13,173,6,0x466590,TEST,1,Leaf,rdi(-1) rdi(-1) ,rflags ,TEST,3,JNZ,6,TEST,3,MOV,7,INVALID,0,MOV,4,LEA,4,TEST,2,JNZ,2,TEST,2,0,1,0,0,0,REPZ RET,0,0,1,0,0,0,JNE,0,0,4613520,4613696,4613529,0,0,0,0,fortran,0.000260870376742,1.011460847299818e-07,0,0,0
0x46658a,JNZ,128526972,0,184,6,0x466587,TEST,1,Leaf,rax(MOV) rax(MOV) ,rflags ,TEST,3,MOV,7,INVALID,0,INVALID,0,INVALID,0,TEST,3,JZ,6,MOV,4,LEA,4,TEST,2,0,1,0,0,0,JMP,0,0,1,0,0,0,JE,0,0,4613504,4613698,4613520,0,0,0,0,fortran,0.000260870376742,0.0,0,0,0
0x46621b,JNZ,128526942,128526942,-90,2,0x466218,TEST,1,NonLeaf,rax(-1) rax(-1) ,rflags ,TEST,3,NOP,3,JMP,2,JNZ,6,CMPXCHG,3,NOP,1,MOV,3,MOV,3,CALL_NEAR,5,MOV,3,0,0,1,0,0,JE,0,0,1,0,0,0,CALL,0,1,4612632,4612545,4612637,0,0,0,1,fortran,0.0002608703158512,1.0,1,1,1
0x46620d,JNZ,128526942,0,11933,6,0x46620a,CMPXCHG,1,NonLeaf,rbx(-1) esi(-1) eax(CMPXCHG) ,eax rflags ,CMPXCHG,3,JMP,2,JNZ,6,CMPXCHG_LOCK,4,JZ,2,JMP,2,NOP,3,TEST,3,JNZ,2,NOP,1,0,-1,-1,-1,-1,CALL,-1,1,0,1,0,0,JMP,0,0,4612618,4624554,4612627,0,0,1,0,fortran,0.0002608703158512,0.0,0,0,0
0x4661fc,JZ,128526942,128526942,14,2,0x4661f5,CMP,1,NonLeaf,rip(JZ) ,rflags ,CMP,7,MOV,5,NOP,4,RET_NEAR,1,POP,1,CMPXCHG_LOCK,4,JNZ,6,JMP,2,CMPXCHG,3,JNZ,6,0,1,0,0,0,JNE,0,0,1,0,0,0,JNE,0,0,4612592,4612618,4612606,0,0,1,0,fortran,0.0002608703158512,1.0,1,0,1
0x4661dc,JNZ,128526942,0,11955,6,0x4661da,DEC,1,NonLeaf,rbx(-1) ,rflags ,DEC,2,JMP,2,JNZ,6,DEC_LOCK,3,JZ,2,ADD,4,MOV,3,POP,1,POP,1,RET_NEAR,1,0,-1,-1,-1,-1,CALL,-1,1,0,1,0,0,RET,0,0,4612570,4624527,4612578,0,0,1,0,fortran,0.0002608703158512,0.0,0,0,0
0x4661cd,JZ,128526942,128526942,13,2,0x4661c6,CMP,1,NonLeaf,rip(JZ) ,rflags ,CMP,7,JZ,2,TEST,3,JNZ,2,MOV,3,DEC_LOCK,3,JNZ,6,JMP,2,DEC,2,JNZ,6,0,1,0,0,0,JNE,0,0,1,0,0,0,JNE,0,0,4612550,4612570,4612559,0,0,1,0,fortran,0.0002608703158512,1.0,1,0,1
0x4661c4,JZ,128526942,0,30,2,0x4661c1,TEST,1,NonLeaf,rbx(-1) rbx(-1) ,rflags ,TEST,3,JNZ,2,MOV,3,TEST,3,CALL_NEAR,5,CMP,7,JZ,2,DEC_LOCK,3,JNZ,6,JMP,2,0,1,1,0,0,RET,0,0,1,0,0,0,JE,0,0,4612545,4612578,4612550,0,0,0,0,fortran,0.0002608703158512,0.0,0,0,0
0x4661bf,JNZ,128526942,128526942,89,2,0x4661b9,TEST,1,NonLeaf,rbx(-1) rbx(-1) ,rflags ,MOV,3,TEST,3,CALL_NEAR,5,MOV,3,MOV,3,TEST,3,JZ,2,CMP,7,JZ,2,DEC_LOCK,3,0,1,0,0,0,JNE,0,0,1,1,0,0,JE,0,0,4612537,4612632,4612545,0,0,0,0,fortran,0.0002608703158512,1.0,1,0,1
0x46619f,JZ,128526942,128526942,81,2,0x46619c,AND,1,NonLeaf,eax(AND) ,eax rflags ,AND,3,MOV,3,JZ,2,TEST,3,MOV,4,XOR,2,MOV,3,CALL_NEAR,5,MOV,3,MOV,3,0,1,0,0,0,JE,0,0,0,0,0,0,CALL,0,1,4612505,4612592,4612513,0,0,0,1,fortran,0.0002608703158512,1.0,1,1,1
0x466197,JZ,128526942,0,10,2,0x466194,TEST,1,NonLeaf,rbx(MOV) rbx(MOV) ,rflags ,TEST,3,MOV,4,MOV,7,JNZ,6,TEST,3,MOV,3,AND,3,JZ,2,XOR,2,MOV,3,0,1,0,0,0,CALL,0,1,1,0,0,0,JE,0,0,4612489,4612513,4612505,0,0,1,0,fortran,0.0002608703158512,0.0,0,0,0
0x466183,JNZ,128526942,0,185,6,0x466180,TEST,1,NonLeaf,rax(MOV) rax(MOV) ,rflags ,TEST,3,MOV,7,SUB,4,PUSH,1,MOV,3,MOV,7,MOV,4,TEST,3,JZ,2,MOV,3,0,1,0,0,0,JMP,0,0,1,0,0,0,JE,0,0,4612464,4612668,4612489,0,0,0,0,fortran,0.0002608703158512,0.0,0,0,0
0x4639da,JZ,11,0,31,2,0x4639d4,CMP,1,NonLeaf,r12(-1) ,rflags ,CMP,6,JNZ,2,CMP,4,MOV,4,JNZ,2,MOV,4,MOV,4,MOV,4,MOV,4,JMP,5,0,1,0,0,0,JE,0,0,1,0,0,0,JMP,0,0,4602324,4602361,4602332,0,0,0,1,fortran,2.2326629963416075e-11,0.0,0,0,0
0x4639d2,JNZ,11,0,79,2,0x4639ce,CMP,1,NonLeaf,r13(-1) rdx(MOV) ,rflags ,CMP,4,MOV,4,JNZ,2,CMP,4,JMP,5,CMP,6,JZ,2,MOV,4,MOV,4,MOV,4,0,0,0,0,0,CALL,0,1,0,1,0,0,JE,0,0,4602314,4602401,4602324,0,0,1,0,fortran,2.2326629963416075e-11,0.0,0,0,0
0x4639c8,JNZ,11,0,89,2,0x4639c4,CMP,1,NonLeaf,r13(-1) rax(-1) ,rflags ,CMP,4,JMP,5,AND,4,MOV,3,MOV,3,MOV,4,CMP,4,JNZ,2,CMP,6,JZ,2,0,1,0,0,0,CALL,0,1,1,0,0,0,JNE,0,0,4602308,4602401,4602314,0,0,1,0,fortran,2.2326629963416075e-11,0.0,0,0,0
0x46385e,JZ,8,0,170,6,0x463859,CMP,1,NonLeaf,rax(-1) ,rflags ,CMP,5,JNZ,6,CMP,4,MOV,4,JNZ,6,MOV,4,MOV,4,MOV,4,MOV,4,JMP,5,0,1,0,0,0,JE,0,0,1,0,0,0,JMP,0,0,4601945,4602120,4601956,0,0,0,1,fortran,1.6237549064302598e-11,0.0,0,0,0
0x463853,JNZ,8,0,219,6,0x46384f,CMP,1,NonLeaf,r13(-1) rcx(MOV) ,rflags ,CMP,4,MOV,4,JNZ,6,CMP,4,JMP,5,CMP,5,JZ,6,MOV,4,MOV,4,MOV,4,0,0,0,0,0,CALL,0,1,0,1,0,0,JE,0,0,4601931,4602158,4601945,0,0,1,0,fortran,1.6237549064302598e-11,0.0,0,0,0
0x463845,JNZ,8,0,233,6,0x463841,CMP,1,NonLeaf,r13(-1) rdx(-1) ,rflags ,CMP,4,JMP,5,MOV,4,CALL_NEAR,5,MOV,4,MOV,4,CMP,4,JNZ,6,CMP,5,JZ,6,0,1,0,0,0,CALL,0,1,1,0,0,0,JNE,0,0,4601921,4602158,4601931,0,0,1,0,fortran,1.6237549064302598e-11,0.0,0,0,0
0x4635d3,JBE,3,3,18,2,0x4635bb,CMP,1,NonLeaf,rsp(-1) ,rflags ,MOV,4,MOV,4,MOV,4,MOV,4,CMP,8,MOV,8,MOV,8,MOV,4,XOR,2,CMP,7,0,1,1,0,0,JMP,0,0,1,0,0,0,MOV,0,0,4601275,4601317,4601301,0,0,1,1,fortran,6.089080899113475e-12,1.0,1,0,1
0x4635b5,JNZ,3,0,384,6,0x4635b1,CMP,1,NonLeaf,rdx(MOV) r15(-1) ,rflags ,CMP,4,LEA,5,MOV,4,NOP,3,JMP,2,CMP,8,MOV,4,MOV,4,MOV,4,MOV,4,0,1,0,0,0,MOV,0,0,1,0,0,0,JBE,0,0,4601256,4601653,4601275,0,0,0,1,fortran,6.089080899113475e-12,0.0,0,0,0
0x46359d,JZ,58,58,-1435,6,0x46359b,TEST,1,NonLeaf,eax(MOV) eax(MOV) ,rflags ,TEST,2,MOV,6,MOV,4,MOV,4,MOV,4,JMP,2,NOP,3,MOV,4,LEA,5,CMP,4,0,0,0,0,0,JMP,0,0,1,0,0,0,JMP,0,0,4601237,4599810,4601251,0,0,0,0,fortran,1.1772223071619382e-10,1.0,1,0,1
0x463544,JZ,1,1,-1346,6,0x463542,TEST,1,NonLeaf,eax(MOV) eax(MOV) ,rflags ,TEST,2,MOV,4,MOV,6,JZ,6,MOV,3,XOR,2,MOV,3,MOV,3,MOV,2,CALL_NEAR,5,0,0,0,0,0,JMP,0,0,0,0,0,0,CALL,0,1,4601144,4599810,4601162,0,1,0,1,fortran,2.029693633037825e-12,1.0,1,0,1
0x463532,JZ,1,0,607,6,0x46352c,TEST,1,NonLeaf,rax(-1) rax(-1) ,rflags ,MOV,3,TEST,3,CALL_NEAR,5,MOV,4,MOV,3,MOV,6,MOV,4,TEST,2,JZ,6,XOR,2,0,0,0,0,0,JMP,0,0,1,0,0,0,JE,0,0,4601132,4601745,4601144,0,0,0,0,fortran,2.029693633037825e-12,0.0,0,0,0
0x463424,JBE,26,18,18,2,0x46341d,CMP,1,NonLeaf,rbx(-1) ,rflags ,CMP,7,MOV,4,JNBE,2,MOV,4,MOV,4,MOV,8,MOV,8,XOR,2,CMP,7,SETNZ,3,0,1,1,0,0,JMP,0,0,1,0,0,0,MOV,0,0,4600861,4600886,4600870,0,0,1,1,fortran,5.2772034458983445e-11,0.6923076923076923,1,0,1
0x463417,JNBE,26,0,6,2,0x463400,CMP,1,NonLeaf,r14(-1) ,rflags ,MOV,4,MOV,4,MOV,4,MOV,4,CMP,7,MOV,4,CMP,7,JBE,2,MOV,8,MOV,8,0,1,1,0,0,JBE,0,0,1,0,0,0,MOV,0,0,4600832,4600861,4600857,0,0,0,1,fortran,5.2772034458983445e-11,0.0,0,0,0
0x4633fa,JNZ,26,0,949,6,0x4633f6,CMP,1,NonLeaf,rdx(MOV) r15(-1) ,rflags ,CMP,4,LEA,5,MOV,4,JMP,5,MOV,5,CMP,7,MOV,4,MOV,4,MOV,4,MOV,4,0,1,0,0,0,JMP,0,0,1,0,0,0,JA,0,0,4600813,4601775,4600832,0,0,0,1,fortran,5.2772034458983445e-11,0.0,0,0,0
0x4633d3,JNZ,9,0,-1838,6,0x4633cc,CMP,1,NonLeaf,rbp(-1) ,rflags ,CMP,7,OR,6,JNBE,2,CMP,4,JNZ,6,JMP,5,MOV,5,MOV,5,JMP,5,MOV,4,0,0,0,0,0,OR,0,0,1,0,0,0,JMP,0,0,4600774,4598949,4600793,0,0,1,0,fortran,1.8267242697340427e-11,0.0,0,0,0
0x4633c4,JNBE,35,26,41,2,0x4633c0,CMP,1,NonLeaf,rbx(-1) ,rflags ,CMP,4,JNZ,6,TEST,3,MOV,4,JBE,2,OR,6,CMP,7,JNZ,6,JMP,5,MOV,5,0,1,0,0,0,JNE,0,0,1,0,0,0,JNE,0,0,4600768,4600813,4600774,0,0,0,1,fortran,7.103927715632387e-11,0.7428571428571429,1,0,1
0x4633ba,JNZ,8,8,1159,6,0x4633b7,TEST,1,NonLeaf,rdx(MOV) rdx(MOV) ,rflags ,TEST,3,MOV,4,JBE,2,MOV,4,MOV,4,CMP,4,JNBE,2,OR,6,CMP,7,JNZ,6,0,1,0,0,0,JNE,0,0,0,1,0,0,JA,0,0,4600755,4601921,4600768,0,0,0,0,fortran,1.6237549064302598e-11,1.0,1,0,1
0x4633b1,JBE,35,27,15,2,0x4633a1,CMP,1,NonLeaf,r13(-1) ,rflags ,MOV,4,MOV,4,CMP,8,JNZ,6,CMP,4,MOV,4,TEST,3,JNZ,6,CMP,4,JNBE,2,0,0,1,0,0,JA,0,0,1,0,0,0,JNE,0,0,4600737,4600768,4600755,0,0,0,0,fortran,7.103927715632387e-11,0.7714285714285715,1,0,1
0x46339b,JNZ,35,0,1051,6,0x463397,CMP,1,NonLeaf,r13(-1) rdx(-1) ,rflags ,CMP,4,JNZ,6,CMP,4,MOV,4,MOV,4,CMP,8,MOV,4,MOV,4,JBE,2,MOV,4,0,0,0,0,0,JE,0,0,1,0,0,0,JBE,0,0,4600727,4601782,4600737,0,0,1,1,fortran,7.103927715632387e-11,0.0,0,0,0
0x463391,JNZ,35,0,1061,6,0x46338d,CMP,1,NonLeaf,r13(-1) rax(MOV) ,rflags ,CMP,4,MOV,4,MOV,4,JNZ,6,CMP,4,CMP,4,JNZ,6,CMP,8,MOV,4,MOV,4,0,1,0,0,0,JE,0,0,1,0,0,0,JNE,0,0,4600709,4601782,4600727,0,0,1,0,fortran,7.103927715632387e-11,0.0,0,0,0
0x46337f,JNZ,35,0,1183,6,0x46337b,CMP,1,NonLeaf,rax(AND) r12(LEA) ,rflags ,CMP,4,SUB,3,MOV,3,LEA,5,AND,4,MOV,4,MOV,4,CMP,4,JNZ,6,CMP,4,0,1,0,0,0,CALL,0,1,1,1,0,0,JNE,0,0,4600677,4601886,4600709,0,0,1,0,fortran,7.103927715632387e-11,0.0,0,0,0
0x4632d9,JNZ,8,0,-1588,6,0x4632d2,CMP,1,NonLeaf,rbp(-1) ,rflags ,CMP,7,OR,6,JNBE,6,CMP,5,JNZ,6,JMP,5,NOP,4,MOV,6,MOV,6,MOV,5,0,0,0,0,0,OR,0,0,1,0,0,0,JMP,0,0,4600524,4598949,4600543,0,0,1,0,fortran,1.6237549064302598e-11,0.0,0,0,0
0x4632c6,JNBE,11,3,738,6,0x4632c1,CMP,1,NonLeaf,rsp(-1) ,rflags ,CMP,5,JNZ,6,TEST,3,MOV,4,JBE,2,OR,6,CMP,7,JNZ,6,JMP,5,NOP,4,0,1,0,0,0,JNE,0,0,1,0,0,0,JNE,0,0,4600513,4601256,4600524,0,0,0,1,fortran,2.2326629963416075e-11,0.2727272727272727,0,0,0
0x4632bb,JNZ,11,11,1801,6,0x4632b8,TEST,1,NonLeaf,rax(MOV) rax(MOV) ,rflags ,TEST,3,MOV,4,JBE,2,MOV,4,MOV,5,CMP,5,JNBE,6,OR,6,CMP,7,JNZ,6,0,1,0,0,0,JNE,0,0,0,1,0,0,JA,0,0,4600500,4602308,4600513,0,0,0,0,fortran,2.2326629963416075e-11,1.0,1,0,1
0x4632b2,JBE,11,0,15,2,0x4632a1,CMP,1,NonLeaf,r13(-1) ,rflags ,MOV,4,MOV,5,CMP,8,JNZ,6,CMP,4,MOV,4,TEST,3,JNZ,6,CMP,5,JNBE,6,0,0,1,0,0,JA,0,0,1,0,0,0,JNE,0,0,4600481,4600513,4600500,0,0,0,0,fortran,2.2326629963416075e-11,0.0,0,0,0
0x46329b,JNZ,11,0,1502,6,0x463297,CMP,1,NonLeaf,r13(-1) rax(-1) ,rflags ,CMP,4,JNZ,6,CMP,5,MOV,4,MOV,4,CMP,8,MOV,5,MOV,4,JBE,2,MOV,4,0,0,0,0,0,JE,0,0,1,0,0,0,JBE,0,0,4600471,4601977,4600481,0,0,1,1,fortran,2.2326629963416075e-11,0.0,0,0,0
0x463291,JNZ,11,0,1512,6,0x46328c,CMP,1,NonLeaf,r13(-1) r12(MOV) ,rflags ,CMP,5,MOV,4,MOV,4,JNZ,6,MOV,4,CMP,4,JNZ,6,CMP,8,MOV,5,MOV,4,0,1,0,0,0,JE,0,0,1,0,0,0,JNE,0,0,4600452,4601977,4600471,0,0,1,0,fortran,2.2326629963416075e-11,0.0,0,0,0
0x46327e,JNZ,11,0,1637,6,0x463275,CMP,1,NonLeaf,r13(-1) rax(-1) rax(-1) ,rflags ,MOV,4,CMP,5,SUB,3,MOV,3,JZ,6,MOV,4,MOV,4,CMP,5,JNZ,6,CMP,4,0,1,0,0,0,CALL,0,1,1,1,0,0,JNE,0,0,4600431,4602083,4600452,0,0,1,0,fortran,2.2326629963416075e-11,0.0,0,0,0
0x463258,JZ,11,6,1945,6,0x463254,CMP,1,NonLeaf,rax(-1) r13(-1) ,rflags ,CMP,4,JNBE,2,CMP,3,AND,4,MOV,3,MOV,4,MOV,3,CMP,4,JZ,6,MOV,3,0,1,0,0,0,JMP,0,0,1,0,0,0,JE,0,0,4600404,4602353,4600414,0,0,0,0,fortran,2.2326629963416075e-11,0.5454545454545454,1,0,1
0x463252,JNBE,16,5,-18,2,0x46324f,CMP,1,NonLeaf,r14(-1) rbx(AND) ,rflags ,CMP,3,AND,4,MOV,3,MOV,4,MOV,4,CMP,4,JZ,6,MOV,4,MOV,3,CMP,4,1,1,0,0,0,MOV,0,0,1,1,0,0,JE,1,0,4600388,4600384,4600404,0,0,0,0,fortran,3.2475098128605196e-11,0.3125,0,0,0
0x46322b,JNBE,16,5,-478,6,0x463227,CMP,1,NonLeaf,r14(-1) rdx(-1) ,rflags ,CMP,4,JZ,6,CMP,3,MOV,4,LEA,5,MOV,3,MOV,4,JMP,2,NOP,6,MOV,4,0,0,0,0,0,SHL,0,0,1,0,0,0,JMP,1,0,4600359,4599885,4600369,0,0,0,0,fortran,3.2475098128605196e-11,0.3125,0,0,0
0x463221,JZ,35,19,-468,6,0x46321e,CMP,1,NonLeaf,rdx(MOV) rax(LEA) ,rflags ,CMP,3,MOV,4,LEA,5,LEA,5,NOP,10,CMP,4,JNBE,6,MOV,3,MOV,4,JMP,2,0,0,0,0,0,SHL,0,0,1,0,0,0,JA,0,0,4600336,4599885,4600359,0,0,0,0,fortran,7.103927715632387e-11,0.5428571428571428,1,0,1
0x4631f6,JZ,128526825,128526825,-1356,6,0x4631f3,CMP,1,NonLeaf,r8d(-1) eax(SUB) ,rflags ,CMP,3,SUB,3,SHR,3,MOV,4,JMP,5,MOV,5,JMP,5,NOP,10,LEA,5,LEA,5,0,0,0,0,0,JNE,0,0,1,0,0,0,JMP,0,0,4600297,4598954,4600316,0,0,0,0,fortran,0.000260870078377,1.0,1,0,1
0x4631db,JNZ,6,0,1469,6,0x4631d9,TEST,1,NonLeaf,eax(MOV) eax(MOV) ,rflags ,TEST,2,ADD,4,MOV,6,OR,5,JZ,2,MOV,3,JMP,5,MOV,4,SHR,3,SUB,3,0,1,0,0,0,CALL,0,1,1,0,0,0,JMP,0,0,4600271,4601752,4600289,1,0,1,0,fortran,1.217816179822695e-11,0.0,0,0,0
0x4631c8,JZ,6,6,7,2,0x4631be,CMP,1,NonLeaf,rbp(-1) ,rflags ,MOV,3,CMP,7,OR,6,JMP,5,LEA,7,OR,5,MOV,6,ADD,4,TEST,2,JNZ,6,0,1,1,0,0,JNE,0,0,1,0,0,0,OR,0,0,4600248,4600271,4600266,0,0,0,1,fortran,1.217816179822695e-11,1.0,1,0,1
0x463171,JNZ,68,35,500,6,0x46316e,CMP,1,NonLeaf,r13(MOV) rdx(-1) ,rflags ,CMP,3,MOV,4,JZ,2,TEST,2,ADD,2,MOV,2,ADD,4,ADD,2,NOT,2,AND,2,0,1,0,0,0,JNE,1,0,1,0,0,0,JMP,0,0,4600170,4600677,4600183,0,1,0,1,fortran,1.380191670465721e-10,0.5147058823529411,1,0,1
0x463168,JZ,350,282,-8,2,0x463166,TEST,1,NonLeaf,esi(-1) eax(ADD) ,rflags ,TEST,2,ADD,2,ADD,4,NOP,8,JMP,5,MOV,4,CMP,3,JNZ,6,MOV,2,ADD,4,1,1,0,0,0,ADD,0,0,1,1,0,0,JNE,1,0,4600166,4600160,4600170,1,0,0,0,fortran,7.103927715632387e-10,0.8057142857142857,1,1,1
0x4630dd,JNZ,1,1,1088,6,0x4630d9,TEST,1,NonLeaf,rbp(-1) ,rflags ,TEST,4,JNB,6,CMP,3,AND,4,MOV,4,MOV,3,CALL_NEAR,5,CMP,7,MOV,5,JBE,6,0,1,0,0,0,CALL,1,1,1,0,0,0,CALL,0,1,4600025,4601117,4600035,0,0,1,1,fortran,2.029693633037825e-12,1.0,1,0,1
0x4630d3,JNB,59,58,1165,6,0x4630d0,CMP,1,NonLeaf,rax(AND) rcx(LEA) ,rflags ,CMP,3,AND,4,MOV,4,LEA,4,MOV,4,TEST,4,JNZ,6,MOV,3,CALL_NEAR,5,CMP,7,0,1,0,0,0,MOV,1,0,1,0,0,0,JNE,0,0,4600000,4601184,4600025,1,0,1,0,fortran,1.1975192434923167e-10,0.9830508474576272,1,0,1
0x4630ba,JNZ,24,0,804,6,0x4630b8,TEST,1,NonLeaf,esi(MOV) esi(MOV) ,rflags ,TEST,2,MOV,6,JZ,2,CMP,3,JNZ,6,MOV,4,LEA,4,MOV,4,AND,4,CMP,3,0,1,0,0,0,JMP,0,0,0,0,0,0,JAE,1,0,4599986,4600798,4600000,0,0,0,0,fortran,4.8712647192907794e-11,0.0,0,1,0
0x4630b0,JZ,35,11,16,2,0x4630ad,CMP,1,NonLeaf,edi(-1) ,rflags ,CMP,3,JNZ,6,TEST,2,MOV,7,MOV,2,MOV,6,TEST,2,JNZ,6,MOV,4,LEA,4,0,0,0,0,0,JAE,1,0,1,0,0,0,JNE,0,0,4599981,4600000,4599986,0,0,0,0,fortran,7.103927715632387e-11,0.3142857142857143,0,0,0
0x4630a7,JNZ,41,6,664,6,0x4630a5,TEST,1,NonLeaf,esi(MOV) esi(MOV) ,rflags ,TEST,2,MOV,7,MOV,2,JZ,2,CMP,3,CMP,3,JZ,2,MOV,6,TEST,2,JNZ,6,0,0,0,0,0,SUB,0,0,1,0,0,0,JE,0,0,4599964,4600639,4599981,0,0,0,0,fortran,8.321743895455083e-11,0.1463414634146341,0,0,0
0x46309a,JZ,43,2,38,2,0x463097,CMP,1,NonLeaf,eax(LEA) ,rflags ,CMP,3,LEA,3,JNZ,6,TEST,2,MOV,7,MOV,2,MOV,7,TEST,2,JNZ,6,CMP,3,0,0,0,0,0,JAE,1,0,1,0,0,0,JNE,0,0,4599956,4600000,4599964,0,0,0,0,fortran,8.727682622062648e-11,0.0465116279069767,0,0,0
0x46308e,JNZ,53,10,689,6,0x46308c,TEST,1,NonLeaf,esi(MOV) esi(MOV) ,rflags ,TEST,2,MOV,7,MOV,2,JNBE,2,CMP,3,LEA,3,CMP,3,JZ,2,MOV,2,MOV,7,0,1,0,0,0,SUB,0,0,1,0,0,0,JE,0,0,4599939,4600639,4599956,0,0,0,0,fortran,1.0757376255100471e-10,0.1886792452830188,0,0,0
0x463081,JNBE,75,22,63,2,0x46307e,CMP,1,NonLeaf,eax(LEA) ,rflags ,CMP,3,LEA,3,JBE,6,CMP,2,JZ,2,MOV,2,MOV,7,TEST,2,JNZ,6,LEA,3,0,1,0,0,0,JAE,1,0,1,0,0,0,JNE,0,0,4599931,4600000,4599939,0,0,0,0,fortran,1.5222702247783688e-10,0.2933333333333333,0,0,0
0x463075,JBE,125,52,241,6,0x463073,CMP,1,NonLeaf,eax(-1) esi(-1) ,rflags ,CMP,2,JZ,2,TEST,2,SHL,2,MOV,5,LEA,3,CMP,3,JNBE,2,MOV,2,MOV,7,0,0,0,1,0,JE,0,0,0,0,0,0,JA,0,0,4599923,4600166,4599931,0,0,0,0,fortran,2.5371170412972813e-10,0.416,0,1,0
0x463071,JZ,127,2,10,2,0x46306f,TEST,1,NonLeaf,eax(-1) eax(-1) ,rflags ,TEST,2,SHL,2,MOV,5,MOV,7,MOV,2,CMP,2,JBE,6,LEA,3,CMP,3,JNBE,2,1,1,0,0,0,JA,0,0,1,0,0,0,JBE,0,0,4599919,4599931,4599923,0,0,0,0,fortran,2.5777109139580377e-10,0.0157480314960629,0,0,0
0x463047,JNBE,105,35,457,6,0x463040,CMP,1,NonLeaf,r14(-1) ,rflags ,CMP,7,NOP,7,JMP,5,MOV,4,JMP,5,LEA,4,LEA,4,MOV,2,LEA,5,SHR,3,0,1,0,0,0,JE,0,0,1,0,0,0,SHL,0,0,4599872,4600336,4599885,0,0,0,0,fortran,2.1311783146897163e-10,0.3333333333333333,0,0,0
0x462ffc,JNZ,12,0,1358,6,0x462ffa,TEST,1,NonLeaf,eax(MOV) eax(MOV) ,rflags ,TEST,2,MOV,4,MOV,6,LEA,4,MOV,4,MOV,3,JMP,5,NOP,6,MOV,3,SHR,4,0,0,0,0,0,CALL,0,1,0,0,0,0,JMP,0,0,4599750,4601162,4599810,1,0,1,0,fortran,2.4356323596453897e-11,0.0,0,0,0
0x462fb4,JBE,12,8,18,2,0x462f93,CMP,1,NonLeaf,rdx(SUB) ,rflags ,MOV,4,MOV,4,MOV,3,MOV,4,MOV,4,MOV,8,MOV,8,XOR,2,CMP,7,SETNZ,3,0,1,1,0,0,JNE,0,0,1,0,0,0,MOV,0,0,4599690,4599750,4599734,0,0,1,1,fortran,2.4356323596453897e-11,0.6666666666666666,1,0,1
0x462f84,JBE,21,9,-329,6,0x462f81,CMP,1,NonLeaf,rdx(-1) rcx(LEA) ,rflags ,CMP,3,LEA,4,JNZ,6,CMP,3,MOV,4,SUB,3,ADD,3,MOV,3,CMP,7,MOV,3,0,0,0,0,0,JE,0,0,1,0,0,0,JBE,1,0,4599677,4599355,4599690,0,1,1,1,fortran,4.262356629379433e-11,0.4285714285714285,0,1,0
0x462f77,JNZ,41,20,-316,6,0x462f74,CMP,1,NonLeaf,rax(MOV) rbx(-1) ,rflags ,CMP,3,MOV,4,NOP,3,JMP,2,LEA,7,LEA,4,CMP,3,JBE,6,SUB,3,ADD,3,0,0,0,0,0,JE,0,0,1,0,0,0,JBE,0,0,4599664,4599355,4599677,0,0,1,0,fortran,8.321743895455083e-11,0.4878048780487805,0,0,0
0x462f38,JNZ,25,5,-159,6,0x462f35,CMP,1,NonLeaf,rax(MOV) rsi(LEA) ,rflags ,CMP,3,MOV,4,LEA,5,SHL,3,SUB,4,MOV,4,MOV,4,MOV,3,JMP,5,NOP,2,0,0,0,0,0,JAE,0,0,0,0,0,0,JMP,0,0,4599575,4599449,4599614,0,0,0,1,fortran,5.074234082594563e-11,0.2,0,0,0
0x462f0b,JNBE,25,0,69,2,0x462f07,CMP,1,NonLeaf,rax(SHR) ,rflags ,CMP,4,SHR,4,MOV,3,NOP,6,JMP,5,LEA,3,LEA,7,CDQE,2,MOV,6,MOV,6,0,1,0,0,0,JA,0,0,1,0,0,0,LEA,0,0,4599552,4599632,4599565,0,1,0,0,fortran,5.074234082594563e-11,0.0,0,0,0
0x462ed0,JZ,5,0,352,6,0x462ecd,CMP,1,NonLeaf,rdx(-1) rcx(-1) ,rflags ,CMP,3,JB,2,CMP,3,MOV,4,MOV,4,MOV,4,MOV,4,MOV,3,MOV,4,MOV,4,0,1,0,0,0,JMP,0,0,1,0,0,0,MOV,0,0,4599501,4599856,4599510,0,0,0,1,fortran,1.0148468165189125e-11,0.0,0,0,0
0x462ecb,JB,5,0,-11,2,0x462ec8,CMP,1,NonLeaf,rdx(-1) rcx(MOV) ,rflags ,CMP,3,MOV,4,MOV,4,JMP,5,MOV,4,CMP,3,JZ,6,MOV,4,MOV,4,MOV,3,1,1,0,0,0,MOV,0,0,1,1,0,0,JE,1,0,4599492,4599488,4599501,0,0,0,0,fortran,1.0148468165189125e-11,0.0,0,1,0
0x462ea5,JNB,5,5,31,2,0x462ea1,CMP,1,NonLeaf,rdx(OR) rdi(MOV) ,rflags ,CMP,4,OR,4,MOV,4,JZ,6,CMP,3,MOV,4,MOV,4,MOV,4,MOV,4,MOV,4,0,1,0,1,0,JB,0,0,1,0,0,0,JMP,0,0,4599449,4599492,4599463,0,0,0,1,fortran,1.0148468165189125e-11,1.0,1,0,1
0x462e93,JZ,5,5,171,6,0x462e90,CMP,1,NonLeaf,rax(MOV) rsi(LEA) ,rflags ,CMP,3,MOV,4,LEA,5,SAR,4,SUB,4,MOV,4,OR,4,CMP,4,JNB,2,MOV,4,0,0,0,0,0,JMP,0,0,0,0,0,0,JAE,0,0,4599431,4599614,4599449,0,0,1,0,fortran,1.0148468165189125e-11,1.0,1,0,1
0x462e64,JNBE,30,25,156,6,0x462e60,CMP,1,NonLeaf,rax(SHR) ,rflags ,CMP,4,SHR,4,MOV,3,JBE,6,CMP,7,LEA,3,LEA,4,MOV,6,CDQE,2,MOV,3,0,1,0,0,0,JA,0,0,1,0,0,0,SAR,0,0,4599385,4599552,4599402,0,1,0,0,fortran,6.089080899113475e-11,0.8333333333333334,1,0,1
0x462e53,JBE,90,60,-163,6,0x462e4c,CMP,1,NonLeaf,rdx(-1) ,rflags ,CMP,7,JZ,6,MOV,4,MOV,4,CMP,3,MOV,3,SHR,4,CMP,4,JNBE,6,LEA,3,0,1,0,0,0,MOV,0,0,1,0,0,0,JA,0,0,4599372,4599216,4599385,0,0,0,0,fortran,1.8267242697340427e-10,0.6666666666666666,1,0,1
0x462e46,JZ,96,6,882,6,0x462e3b,CMP,1,NonLeaf,r14(-1) rdx(-1) ,rflags ,MOV,4,MOV,4,CMP,3,JZ,6,CMP,3,CMP,7,JBE,6,MOV,3,SHR,4,CMP,4,0,1,0,0,0,JE,1,0,1,0,0,0,JBE,0,0,4599355,4600248,4599372,0,0,1,0,fortran,1.9485058877163118e-10,0.0625,0,0,0
0x462e35,JZ,42,41,315,6,0x462e32,CMP,1,NonLeaf,r9(-1) r15(-1) ,rflags ,CMP,3,JNBE,2,CMP,7,AND,4,JNBE,6,CMP,3,MOV,4,MOV,4,JZ,6,CMP,7,0,1,0,0,0,JNE,0,0,0,0,0,0,JE,0,0,4599346,4599664,4599355,0,0,0,1,fortran,8.524713258758864e-11,0.9761904761904762,1,0,1
0x462e30,JNBE,108,66,11,2,0x462e29,CMP,1,NonLeaf,r14(-1) ,rflags ,CMP,7,AND,4,JNBE,6,CMP,7,JBE,6,CMP,3,JZ,6,CMP,3,MOV,4,MOV,4,0,1,0,0,0,JE,0,0,1,0,0,0,JE,0,0,4599333,4599355,4599346,0,0,1,0,fortran,2.1920691236808507e-10,0.6111111111111112,1,0,1
0x462e1f,JNBE,108,0,1666,6,0x462e18,CMP,1,NonLeaf,rdx(-1) rbp(-1) ,rflags ,CMP,7,JBE,6,CMP,4,MOV,4,MOV,4,AND,4,CMP,7,JNBE,2,CMP,3,JZ,6,0,0,0,0,0,JE,0,0,0,0,0,0,JA,0,0,4599320,4600993,4599333,0,1,0,0,fortran,2.1920691236808507e-10,0.0,0,0,0
0x462e12,JBE,108,0,1679,6,0x462e0e,CMP,1,NonLeaf,rdx(MOV) ,rflags ,CMP,4,MOV,4,MOV,4,JZ,6,CMP,3,CMP,7,JNBE,6,AND,4,CMP,7,JNBE,2,0,1,0,0,0,JE,0,0,1,0,0,0,JA,0,0,4599302,4600993,4599320,0,0,0,0,fortran,2.1920691236808507e-10,0.0,0,0,0
0x462e00,JZ,213,105,576,6,0x462dfd,CMP,1,NonLeaf,rbx(MOV) r15(-1) ,rflags ,CMP,3,MOV,4,JZ,6,MOV,4,MOV,4,MOV,4,MOV,4,CMP,4,JBE,6,CMP,7,1,1,0,0,0,JA,1,0,1,0,0,0,JBE,0,0,4599289,4599872,4599302,0,0,0,0,fortran,4.323247438370568e-10,0.4929577464788732,0,0,0
0x462df3,JZ,90,0,589,6,0x462ddf,SUB,1,NonLeaf,r13d(SUB) ,r13d rflags ,MOV,4,MOV,4,MOV,4,MOV,4,SUB,4,MOV,4,CMP,3,JZ,6,MOV,4,MOV,4,0,0,0,0,0,JA,1,0,0,0,1,1,JE,0,0,4599252,4599872,4599289,0,0,0,0,fortran,1.8267242697340427e-10,0.0,0,0,0
0x462d02,JNZ,40,8,28,2,0x462cfe,TEST,1,NonLeaf,rbp(-1) ,rflags ,TEST,4,ADD,4,JNBE,6,CMP,4,SHR,4,MOV,3,MOV,5,MOV,4,CALL_NEAR,5,MOV,5,0,0,1,0,0,SUB,0,0,1,0,0,0,CALL,0,1,4599038,4599070,4599044,0,0,1,1,fortran,8.1187745321513e-11,0.2,0,1,0
0x462cf4,JNBE,38,0,1572,6,0x462cf0,CMP,1,NonLeaf,r10(SHR) ,rflags ,CMP,4,SHR,4,MOV,3,JBE,6,CMP,4,ADD,4,TEST,4,JNZ,2,MOV,3,MOV,5,0,1,0,0,0,JBE,0,0,1,0,0,0,ADD,0,0,4599017,4600600,4599034,0,1,0,0,fortran,7.712835805543735e-11,0.0,0,0,0
0x462ce3,JBE,40,2,1563,6,0x462cdf,CMP,1,NonLeaf,r10(SHR) ,rflags ,CMP,4,SHR,4,MOV,3,NOP,7,RET_NEAR,1,MOV,3,SHR,4,CMP,4,JNBE,6,ADD,4,0,1,0,0,0,JMP,0,0,1,0,0,0,JA,0,0,4599000,4600574,4599017,1,0,0,0,fortran,8.1187745321513e-11,0.05,0,1,0
0x462cb6,JNZ,128526889,0,3304,6,0x462cb4,TEST,1,NonLeaf,eax(MOV) eax(MOV) ,rflags ,TEST,2,ADD,4,MOV,6,OR,5,JZ,2,MOV,3,ADD,7,POP,1,POP,1,POP,2,0,1,0,0,0,CALL,0,1,1,0,0,0,MOV,0,0,4598954,4602270,4598972,1,0,1,0,fortran,0.0002608702082774,0.0,0,0,0
0x462ca3,JZ,18,18,7,2,0x462c94,CMP,1,NonLeaf,rbp(-1) ,rflags ,MOV,4,MOV,4,CMP,7,OR,6,JNZ,6,OR,5,MOV,6,ADD,4,TEST,2,JNZ,6,0,0,1,0,0,JNE,0,0,0,0,0,0,OR,0,0,4598926,4598954,4598949,0,0,0,1,fortran,3.653448539468085e-11,1.0,1,0,1
0x462c88,JNZ,18,0,3340,6,0x462c84,CMP,1,NonLeaf,r13(-1) rdx(MOV) ,rflags ,CMP,4,MOV,4,JZ,6,TEST,3,JZ,6,OR,6,CMP,7,MOV,4,MOV,4,JZ,2,0,1,0,0,0,JMP,0,0,1,0,0,0,JE,0,0,4598912,4602260,4598926,0,0,0,1,fortran,3.653448539468085e-11,0.0,0,0,0
0x462c7a,JZ,18,0,2027,6,0x462c77,TEST,1,NonLeaf,r13(-1) r13(-1) ,rflags ,TEST,3,JZ,6,CMP,3,MOV,4,LEA,5,MOV,4,CMP,4,JNZ,6,OR,6,CMP,7,0,1,0,0,0,CALL,0,1,1,0,0,0,JNE,0,0,4598903,4600933,4598912,0,0,1,0,fortran,3.653448539468085e-11,0.0,0,0,0
0x462c71,JZ,101,83,173,6,0x462c6e,CMP,1,NonLeaf,r13(MOV) rax(LEA) ,rflags ,CMP,3,MOV,4,LEA,5,LEA,5,SHR,4,TEST,3,JZ,6,MOV,4,CMP,4,JNZ,6,0,0,0,0,0,SUB,0,0,1,0,0,0,JE,0,0,4598873,4599070,4598903,0,0,1,0,fortran,2.0499905693682034e-10,0.8217821782178217,1,0,1
0x462c57,JNBE,141,40,129,2,0x462c50,CMP,1,NonLeaf,r14(-1) ,rflags ,CMP,7,JNZ,2,TEST,3,MOV,3,JZ,6,MOV,3,SHR,4,LEA,5,LEA,5,MOV,4,0,1,0,0,0,JBE,0,0,1,0,0,0,JE,0,0,4598864,4599000,4598873,0,0,0,0,fortran,2.861868022583333e-10,0.2836879432624113,0,0,0
0x462c1a,JNZ,128526825,0,49,2,0x462c14,CMP,1,NonLeaf,rcx(-1) rax(-1) ,rflags ,MOV,3,CMP,3,CMPXCHG_LOCK,6,JZ,2,CMP,9,JMP,5,NOP,7,MOV,4,MOV,3,CMP,9,0,1,0,1,0,JNE,0,0,1,0,0,0,JMP,0,0,4598799,4598859,4598812,0,0,0,0,fortran,0.000260870078377,0.0,0,0,0
0x462bfa,JZ,128526906,81,86,2,0x462bf7,TEST,1,NonLeaf,rcx(MOV) rcx(MOV) ,rflags ,TEST,3,LEA,4,LEA,4,MOV,5,MOV,3,MOV,4,MOV,3,CMP,9,JZ,2,CMPXCHG_LOCK,6,0,0,0,0,0,JA,0,0,1,0,0,0,JE,0,0,4598748,4598864,4598780,0,0,0,0,fortran,0.0002608702427822,6.302182361722766e-07,0,0,0
0x462bda,JNBE,128526966,60,118,2,0x462bd3,CMP,1,NonLeaf,r14(-1) rip(JNBE) ,rflags ,CMP,7,JZ,6,TEST,3,CMOVNB,4,CMP,4,MOV,3,SHR,4,SUB,4,MOV,3,MOV,5,0,1,0,0,0,JA,0,0,1,0,0,0,JE,0,0,4598739,4598864,4598748,0,0,0,0,fortran,0.0002608703645638,4.668281051619938e-07,0,0,0
0x462bcd,JZ,128526966,0,3492,6,0x462bca,TEST,1,NonLeaf,rdi(-1) rdi(-1) ,rflags ,TEST,3,CMOVNB,4,CMP,4,SUB,7,PUSH,1,CMP,7,JNBE,2,MOV,3,SHR,4,SUB,4,0,1,0,0,0,CALL,0,1,1,0,0,0,JA,0,0,4598685,4602225,4598739,0,0,1,0,fortran,0.0002608703645638,0.0,0,0,0
0x462b97,JNBE,128526966,0,1904,6,0x462b90,CMP,1,NonLeaf,rsi(-1) ,rflags ,MOV,3,CMP,4,INVALID,0,INVALID,0,INVALID,0,PUSH,2,LEA,4,PUSH,2,MOV,3,MOV,6,0,1,0,0,0,RET,0,0,1,0,0,0,JE,0,0,4598672,4600583,4598685,0,0,1,1,fortran,0.0002608703645638,0.0,0,0,0
0x46296e,JZ,1,1,-1156,6,0x46295d,TEST,1,NonLeaf,r15(-1) r15(-1) ,rflags ,MOV,3,MOV,7,MOV,4,TEST,3,OR,4,SUB,4,AND,4,MOV,3,OR,4,CMP,4,0,0,1,0,0,JB,0,0,1,0,0,0,JA,0,0,4598089,4596970,4598132,0,1,0,1,fortran,2.029693633037825e-12,1.0,1,0,1
0x462938,JNZ,1,0,521,6,0x462935,TEST,1,NonLeaf,rdx(MOV) rdx(MOV) ,rflags ,TEST,3,MOV,7,JZ,6,TEST,3,CALL_NEAR,6,MOV,7,MOV,4,SUB,3,ADD,3,MOV,7,0,1,0,0,0,CALL,0,1,1,0,0,0,MOV,0,0,4598062,4598593,4598078,0,0,1,0,fortran,2.029693633037825e-12,0.0,0,0,0
0x462928,JZ,1,0,187,6,0x462925,TEST,1,NonLeaf,rax(-1) rax(-1) ,rflags ,TEST,3,CALL_NEAR,6,MOV,3,MOV,3,ADD,3,MOV,7,TEST,3,JNZ,6,MOV,7,MOV,4,0,0,0,0,0,CALL,0,1,1,0,0,0,JNE,0,0,4598053,4598243,4598062,0,0,1,0,fortran,2.029693633037825e-12,0.0,0,0,0
0x4628ee,JZ,1,1,324,6,0x4628eb,AND,1,NonLeaf,edx(AND) ,edx rflags ,AND,3,MOV,3,MOV,7,ADD,3,SUB,3,MOV,5,SUB,3,LEA,4,MOV,4,ADD,3,0,1,0,0,0,JMP,0,0,1,0,0,0,MOV,0,0,4597992,4598322,4598004,0,0,1,1,fortran,2.029693633037825e-12,1.0,1,0,1
0x4628d6,JZ,1,1,18,2,0x4628d4,TEST,1,NonLeaf,al(-1) al(-1) ,rflags ,TEST,2,JB,6,CMP,3,SETNZ,3,TEST,3,MOV,3,SUB,3,ADD,3,MOV,7,MOV,3,0,0,1,0,0,JE,0,0,1,0,0,0,MOV,0,0,4597972,4597992,4597976,0,0,0,1,fortran,2.029693633037825e-12,1.0,1,0,1
0x4628ce,JB,1,0,367,6,0x4628cb,CMP,1,NonLeaf,r8(-1) rcx(-1) ,rflags ,CMP,3,SETNZ,3,TEST,3,JNZ,6,TEST,7,TEST,2,JZ,2,MOV,3,SUB,3,ADD,3,0,1,0,0,0,JE,0,0,1,0,0,0,JE,0,0,4597957,4598333,4597972,0,0,0,0,fortran,2.029693633037825e-12,0.0,0,0,0
0x4628bf,JNZ,1,0,273,6,0x4628b8,TEST,1,NonLeaf,rip(JNZ) ,rflags ,TEST,7,NOP,4,JMP,5,MOV,5,OR,4,TEST,3,SETNZ,3,CMP,3,JB,6,TEST,2,0,1,0,0,0,JE,0,0,1,0,0,0,JB,0,0,4597944,4598224,4597957,0,0,0,0,fortran,2.029693633037825e-12,0.0,0,0,0
0x462895,JNZ,1,1,35,2,0x46288b,CMP,1,NonLeaf,r8(-1) rcx(LEA) ,rflags ,MOV,7,CMP,3,LEA,4,ADD,7,MOV,3,TEST,3,JZ,2,ADD,3,MOV,7,OR,4,0,1,0,0,0,JNE,0,0,1,0,0,0,JE,0,0,4597885,4597944,4597911,0,0,0,0,fortran,2.029693633037825e-12,1.0,1,0,1
0x462877,JZ,1,1,431,6,0x46286f,CMP,1,NonLeaf,rip(JZ) ,rflags ,CMP,8,XOR,2,MOV,5,JNZ,6,TEST,3,MOV,3,ADD,7,LEA,4,CMP,3,MOV,7,0,1,0,0,0,JMP,0,0,1,1,0,0,JNE,0,0,4597871,4598310,4597885,0,0,1,1,fortran,2.029693633037825e-12,1.0,1,0,1
0x462862,JNZ,1,0,763,6,0x46285f,TEST,1,NonLeaf,rax(MOV) rax(MOV) ,rflags ,TEST,3,MOV,7,JZ,6,MOV,5,MOV,4,MOV,5,XOR,2,CMP,8,JZ,6,MOV,3,0,1,0,0,0,CALL,0,1,1,1,0,0,XOR,0,0,4597848,4598621,4597864,0,0,1,0,fortran,2.029693633037825e-12,0.0,0,0,0
0x462852,JZ,1,0,814,6,0x462846,TEST,1,NonLeaf,rax(-1) rax(-1) ,rflags ,MOV,5,MOV,4,TEST,3,NOP,1,MOV,3,MOV,7,TEST,3,JNZ,6,MOV,5,XOR,2,0,1,0,0,0,JMP,0,0,1,0,0,0,JNE,0,0,4597826,4598656,4597848,0,0,0,0,fortran,2.029693633037825e-12,0.0,0,0,0
0x4626b1,JNLE,1,1,383,6,0x4626ab,TEST,1,NonLeaf,r14(AND) r14(AND) ,rflags ,MOV,3,TEST,3,AND,3,ADD,3,CMOVNZ,4,TEST,2,JZ,6,CMP,7,MOV,3,JNBE,2,0,1,0,0,0,CALL,0,1,1,0,0,0,JE,0,0,4597376,4597808,4597431,0,0,1,0,fortran,2.029693633037825e-12,1.0,1,0,1
0x462502,JB,1,0,758,6,0x4624ff,CMP,1,NonLeaf,rdx(AND) rcx(LEA) ,rflags ,CMP,3,AND,4,LEA,4,MOV,4,JB,2,SUB,3,XOR,2,CMP,7,SETNZ,3,LEA,4,0,1,0,0,0,JMP,0,0,1,0,0,0,MOV,0,0,4596979,4597752,4597000,0,1,1,1,fortran,2.029693633037825e-12,0.0,0,0,0
0x4624f1,JB,1,1,95,2,0x4624ea,CMP,1,NonLeaf,rbx(-1) rdx(-1) ,rflags ,CMP,7,MOV,5,MOV,7,OR,4,ADD,7,MOV,4,LEA,4,AND,4,CMP,3,JB,6,0,1,0,0,0,JMP,0,0,1,1,0,0,JB,0,0,4596970,4597072,4596979,0,0,1,0,fortran,2.029693633037825e-12,1.0,1,0,1
0x46245d,JZ,1,1,547,6,0x462456,CMP,1,NonLeaf,rbx(-1) ,rflags ,CMP,7,AND,4,MOV,5,MOV,4,MOV,4,MOV,3,MOV,3,SUB,3,AND,7,ADD,4,0,1,0,0,0,JG,0,0,1,0,0,0,JLE,0,0,4596809,4597376,4596835,0,0,0,0,fortran,2.029693633037825e-12,1.0,1,0,1
0x46243f,JBE,1,0,289,6,0x462438,CMP,1,NonLeaf,rip(JBE) rdi(-1) ,rflags ,CMP,7,JZ,6,LEA,4,TEST,3,MOV,7,MOV,4,MOV,4,MOV,5,AND,4,CMP,7,0,1,0,0,0,JGE,0,0,1,0,0,0,MOV,0,0,4596792,4597088,4596805,0,0,0,1,fortran,2.029693633037825e-12,0.0,0,0,0
0x462432,JZ,1,0,320,6,0x46242b,TEST,1,NonLeaf,rsi(-1) rsi(-1) ,rflags ,LEA,4,TEST,3,MOV,7,SUB,4,MOV,3,CMP,7,JBE,6,MOV,4,MOV,4,MOV,5,0,1,0,0,0,JB,0,0,1,0,0,0,JBE,0,0,4596752,4597106,4596792,0,0,0,0,fortran,2.029693633037825e-12,0.0,0,0,0
0x46234a,JB,60,60,-1835,6,0x462347,CMP,1,NonLeaf,r14(-1) rax(ADD) ,rflags ,CMP,3,ADD,3,AND,4,MOV,4,JMP,5,ADD,4,MOV,6,JMP,5,ADD,4,MOV,6,0,0,0,0,0,JE,0,0,1,0,0,0,JMP,0,0,4596540,4594719,4596560,0,0,0,0,fortran,1.217816179822695e-10,1.0,1,0,1
0x46200d,JZ,2,0,127,2,0x462008,CMP,1,NonLeaf,rax(-1) ,rflags ,CMP,5,JNZ,6,CMP,4,MOV,4,JNZ,6,MOV,4,MOV,4,MOV,4,MOV,4,JMP,5,0,1,0,0,0,JE,0,0,1,0,0,0,JMP,0,0,4595720,4595852,4595727,0,0,0,1,fortran,4.0593872660756495e-12,0.0,0,0,0
0x462002,JNZ,2,0,176,6,0x461ffe,CMP,1,NonLeaf,r14(-1) rcx(MOV) ,rflags ,CMP,4,MOV,4,JNZ,6,CMP,4,CALL_NEAR,5,CMP,5,JZ,2,MOV,4,MOV,4,MOV,4,0,0,0,0,0,CALL,0,1,0,1,0,0,JE,0,0,4595706,4595890,4595720,0,0,1,0,fortran,4.0593872660756495e-12,0.0,0,0,0
0x461ff4,JNZ,2,0,190,6,0x461ff0,CMP,1,NonLeaf,r14(-1) rdx(-1) ,rflags ,CMP,4,CALL_NEAR,5,JMP,5,CALL_NEAR,5,XOR,2,MOV,4,CMP,4,JNZ,6,CMP,5,JZ,2,0,1,0,0,0,CALL,0,1,1,0,0,0,JNE,0,0,4595696,4595890,4595706,0,0,1,0,fortran,4.0593872660756495e-12,0.0,0,0,0
0x461e76,JB,16,16,-295,6,0x461e6f,CMP,1,NonLeaf,rax(AND) rip(JB) ,rflags ,CMP,7,AND,4,MOV,4,MOV,7,RET_NEAR,1,MOV,7,MOV,5,MOV,5,CALL_NEAR,5,JMP,5,0,0,1,0,0,JNE,0,0,1,0,0,0,CALL,0,1,4595296,4595023,4595324,0,0,0,1,fortran,3.2475098128605196e-11,1.0,1,1,1
0x461e07,JNZ,8,2,489,6,0x461e04,TEST,1,NonLeaf,rdx(MOV) rdx(MOV) ,rflags ,TEST,3,MOV,4,JBE,2,MOV,4,MOV,4,ADD,3,JMP,5,NOP,3,MOV,3,MOV,3,0,0,0,0,0,JNE,0,0,0,1,0,0,JMP,0,0,4595200,4595696,4595213,0,0,0,0,fortran,1.6237549064302598e-11,0.25,0,0,0
0x461dfe,JBE,13,5,15,2,0x461dee,CMP,1,NonLeaf,r14(-1) ,rflags ,MOV,4,MOV,4,CMP,8,JNZ,6,CMP,4,MOV,4,TEST,3,JNZ,6,ADD,3,JMP,5,0,0,1,0,0,JMP,0,0,1,0,0,0,JNE,0,0,4595182,4595213,4595200,0,0,0,0,fortran,2.638601722949173e-11,0.3846153846153846,0,0,0
0x461de8,JNZ,13,0,572,6,0x461de4,CMP,1,NonLeaf,r14(-1) rdx(-1) ,rflags ,CMP,4,JNZ,6,CMP,4,MOV,4,MOV,4,CMP,8,MOV,4,MOV,4,JBE,2,MOV,4,0,0,0,0,0,JE,0,0,1,0,0,0,JBE,0,0,4595172,4595748,4595182,0,0,1,1,fortran,2.638601722949173e-11,0.0,0,0,0
0x461dde,JNZ,13,0,582,6,0x461dda,CMP,1,NonLeaf,r14(-1) rax(MOV) ,rflags ,CMP,4,MOV,4,MOV,4,JNZ,6,CMP,4,CMP,4,JNZ,6,CMP,8,MOV,4,MOV,4,0,1,0,0,0,JE,0,0,1,0,0,0,JNE,0,0,4595154,4595748,4595172,0,0,1,0,fortran,2.638601722949173e-11,0.0,0,0,0
0x461dcc,JNZ,13,0,1051,6,0x461dc8,CMP,1,NonLeaf,rax(AND) r14(-1) rax(AND) ,rflags ,CMP,4,AND,4,MOV,4,NOP,8,JMP,5,MOV,4,MOV,4,CMP,4,JNZ,6,CMP,4,0,1,0,0,0,CALL,0,1,1,1,0,0,JNE,0,0,4595136,4596199,4595154,0,0,1,0,fortran,2.638601722949173e-11,0.0,0,0,0
0x461daa,JNZ,60,0,27753,6,0x461da6,CMPXCHG,1,NonLeaf,rbp(-1) esi(-1) eax(CMPXCHG) ,eax rflags ,CMPXCHG,4,JMP,2,JNZ,6,CMPXCHG_LOCK,5,JZ,2,MOV,3,JMP,5,NOP,8,MOV,4,AND,4,0,-1,-1,-1,-1,CALL,-1,1,0,1,0,0,JMP,0,0,4595110,4622867,4595120,0,0,1,0,fortran,1.217816179822695e-10,0.0,0,0,0
0x461d97,JZ,60,60,15,2,0x461d90,CMP,1,NonLeaf,rip(JZ) ,rflags ,CMP,7,MOV,3,MOV,5,NOP,3,RET_NEAR,1,CMPXCHG_LOCK,5,JNZ,6,JMP,2,CMPXCHG,4,JNZ,6,0,1,0,0,0,JNE,0,0,1,0,0,0,JNE,0,0,4595080,4595110,4595097,0,0,1,0,fortran,1.217816179822695e-10,1.0,1,0,1
0x461d70,JNZ,60,0,27783,6,0x461d6d,DEC,1,NonLeaf,rbp(-1) ,rflags ,DEC,3,JMP,2,JNZ,6,DEC_LOCK,4,JZ,2,ADD,4,POP,1,POP,1,POP,2,POP,2,0,-1,-1,-1,-1,CALL,-1,1,0,1,0,0,RET,0,0,4595053,4622839,4595062,0,0,1,0,fortran,1.217816179822695e-10,0.0,0,0,0
0x461d5f,JZ,60,60,14,2,0x461d58,CMP,1,NonLeaf,rip(JZ) ,rflags ,CMP,7,JNZ,6,TEST,3,CALL_NEAR,5,AND,7,DEC_LOCK,4,JNZ,6,JMP,2,DEC,3,JNZ,6,0,1,0,0,0,JNE,0,0,1,0,0,0,JNE,0,0,4595032,4595053,4595041,0,0,1,0,fortran,1.217816179822695e-10,1.0,1,0,1
0x461d52,JNZ,60,0,-373,6,0x461d4f,TEST,1,NonLeaf,r13d(-1) r13d(-1) ,rflags ,TEST,3,CALL_NEAR,5,AND,7,MOV,7,MOV,4,CMP,7,JZ,2,DEC_LOCK,4,JNZ,6,JMP,2,0,0,0,0,0,RET,0,0,1,0,0,0,JE,0,0,4595023,4594653,4595032,0,0,0,0,fortran,1.217816179822695e-10,0.0,0,0,0
0x461d32,JZ,16,16,302,6,0x461d2b,CMP,1,NonLeaf,rbp(-1) ,rflags ,CMP,7,JZ,6,TEST,4,JBE,2,CMP,7,MOV,4,MOV,7,AND,7,CALL_NEAR,5,TEST,3,0,1,0,0,0,JB,0,0,1,0,0,0,CALL,0,1,4594987,4595296,4595000,0,0,0,1,fortran,3.2475098128605196e-11,1.0,1,0,1
0x461d25,JZ,16,4,393,6,0x461d21,TEST,1,NonLeaf,rbp(-1) ,rflags ,TEST,4,JBE,2,CMP,7,MOV,4,MOV,4,CMP,7,JZ,6,MOV,4,MOV,7,AND,7,0,1,0,0,0,CALL,0,1,1,1,0,0,JE,0,0,4594977,4595374,4594987,0,0,1,0,fortran,3.2475098128605196e-11,0.25,0,0,0
0x461d1f,JBE,60,44,48,2,0x461d18,CMP,1,NonLeaf,r12(-1) ,rflags ,CMP,7,MOV,4,MOV,4,OR,4,MOV,3,TEST,4,JZ,6,CMP,7,JZ,6,MOV,4,0,1,1,0,0,JNE,0,0,1,0,0,0,JE,0,0,4594968,4595023,4594977,0,0,0,0,fortran,1.217816179822695e-10,0.7333333333333333,1,0,1
0x461cef,JBE,44,11,18,2,0x461ce0,CMP,1,NonLeaf,r12(-1) ,rflags ,MOV,4,MOV,4,CMP,7,JNZ,6,CMP,4,MOV,8,MOV,8,MOV,4,MOV,4,MOV,3,0,1,1,0,0,MOV,0,0,1,0,0,0,MOV,0,0,4594912,4594945,4594929,0,0,1,1,fortran,8.930651985366429e-11,0.25,0,0,0
0x461cda,JNZ,44,0,1328,6,0x461cd6,CMP,1,NonLeaf,rdx(LEA) rax(MOV) ,rflags ,CMP,4,LEA,4,MOV,4,AND,5,JZ,6,CMP,7,MOV,4,MOV,4,JBE,2,MOV,8,0,1,0,0,0,JMP,0,0,1,0,0,0,JBE,0,0,4594894,4596234,4594912,0,0,0,1,fortran,8.930651985366429e-11,0.0,0,0,0
0x461cc3,JZ,44,13,253,6,0x461cbd,TEST,1,NonLeaf,r14(-1) r15(-1) ,rflags ,TEST,6,JZ,6,CMP,4,JNZ,6,TEST,3,AND,5,MOV,4,LEA,4,CMP,4,JNZ,6,0,1,0,0,0,JNE,0,0,1,0,0,0,AND,0,0,4594877,4595136,4594889,0,0,0,1,fortran,8.930651985366429e-11,0.2954545454545454,0,0,0
0x461cb7,JZ,60,16,480,6,0x461cb3,CMP,1,NonLeaf,rbp(-1) r14(-1) ,rflags ,CMP,4,JNZ,6,TEST,3,MOV,4,JBE,2,TEST,6,JZ,6,AND,5,MOV,4,LEA,4,0,1,0,0,0,JMP,0,0,1,0,0,0,JE,0,0,4594867,4595351,4594877,0,0,1,0,fortran,1.217816179822695e-10,0.2666666666666666,0,0,0
0x461cad,JNZ,5,0,1388,6,0x461caa,TEST,1,NonLeaf,rdx(MOV) rdx(MOV) ,rflags ,TEST,3,MOV,4,JBE,2,MOV,4,MOV,4,CMP,4,JZ,6,TEST,6,JZ,6,AND,5,0,1,0,0,0,JNE,0,0,0,1,0,0,JE,0,0,4594854,4596249,4594867,0,0,0,0,fortran,1.0148468165189125e-11,0.0,0,0,0
0x461ca4,JBE,6,1,15,2,0x461c94,CMP,1,NonLeaf,rbx(-1) ,rflags ,MOV,4,MOV,4,CMP,8,JNZ,6,CMP,4,MOV,4,TEST,3,JNZ,6,CMP,4,JZ,6,0,0,1,0,0,JE,0,0,1,0,0,0,JNE,0,0,4594836,4594867,4594854,0,0,0,0,fortran,1.217816179822695e-11,0.1666666666666666,0,0,0
0x461c8e,JNZ,6,0,1471,6,0x461c8a,CMP,1,NonLeaf,rbx(-1) rdx(-1) ,rflags ,CMP,4,JNZ,6,CMP,4,MOV,4,MOV,4,CMP,8,MOV,4,MOV,4,JBE,2,MOV,4,0,0,0,0,0,JE,0,0,1,0,0,0,JBE,0,0,4594826,4596301,4594836,0,0,1,1,fortran,1.217816179822695e-11,0.0,0,0,0
0x461c84,JNZ,6,0,1481,6,0x461c80,CMP,1,NonLeaf,rbx(-1) rax(MOV) ,rflags ,CMP,4,MOV,4,MOV,4,JNZ,6,CMP,4,CMP,4,JNZ,6,CMP,8,MOV,4,MOV,4,0,1,0,0,0,JE,0,0,1,0,0,0,JNE,0,0,4594808,4596301,4594826,0,0,1,0,fortran,1.217816179822695e-11,0.0,0,0,0
0x461c72,JNZ,6,0,1703,6,0x461c6e,CMP,1,NonLeaf,rax(AND) rbx(SUB) rax(AND) ,rflags ,CMP,4,AND,4,MOV,4,ADD,3,SUB,3,MOV,4,MOV,4,CMP,4,JNZ,6,CMP,4,0,1,0,0,0,CALL,0,1,1,1,0,0,JNE,0,0,4594781,4596505,4594808,0,0,1,0,fortran,1.217816179822695e-11,0.0,0,0,0
0x461c5b,JNZ,60,54,88,2,0x461c57,TEST,1,NonLeaf,rbx(-1) ,rflags ,TEST,4,JNZ,6,TEST,2,MOV,6,JNB,6,MOV,3,SUB,3,ADD,3,MOV,4,AND,4,0,1,1,0,0,JE,0,0,1,0,0,0,JNE,0,0,4594775,4594867,4594781,0,1,0,0,fortran,1.217816179822695e-10,0.9,1,0,1
0x461c51,JNZ,60,0,1350,6,0x461c4f,TEST,1,NonLeaf,esi(MOV) esi(MOV) ,rflags ,TEST,2,MOV,6,JNB,6,CMP,7,JBE,6,TEST,4,JNZ,2,MOV,3,SUB,3,ADD,3,0,1,0,0,0,CALL,0,1,1,1,0,0,JNE,0,0,4594761,4596119,4594775,0,0,1,0,fortran,1.217816179822695e-10,0.0,0,0,0
0x4dbd71,JZ,7,0,24,2,0x4dbd6e,CMP,1,Leaf,rsp(-1) rcx(MOV) cl(MOV) ,rflags ,CMP,3,MOV,3,JZ,2,CMP,3,MOV,2,MOV,3,CMP,3,JZ,2,MOV,3,CMP,3,0,1,0,0,0,INC,1,0,1,0,0,0,JE,0,0,5094763,5094793,5094771,0,0,0,0,fortran,1.4207855431264776e-11,0.0,0,0,0
0x461c43,JNB,60,0,1835,6,0x461c3c,CMP,1,NonLeaf,r15(-1) rbp(-1) ,rflags ,CMP,7,JBE,6,CMP,4,AND,4,MOV,3,MOV,6,TEST,2,JNZ,6,TEST,4,JNZ,2,0,0,0,0,0,JMP,0,0,1,0,0,0,JNE,0,0,4594748,4596590,4594761,0,0,0,0,fortran,1.217816179822695e-10,0.0,0,0,0
0x461c36,JBE,60,0,1848,6,0x461c32,CMP,1,NonLeaf,rax(-1) ,rflags ,CMP,4,AND,4,MOV,3,JZ,6,TEST,2,CMP,7,JNB,6,MOV,6,TEST,2,JNZ,6,0,1,0,0,0,JMP,0,0,1,0,0,0,JAE,0,0,4594731,4596590,4594748,0,0,0,0,fortran,1.217816179822695e-10,0.0,0,0,0
0x461c25,JZ,60,0,1850,6,0x461c23,TEST,1,NonLeaf,al(MOV) ,rflags ,TEST,2,MOV,4,JZ,6,TEST,4,JZ,6,MOV,3,AND,4,CMP,4,JBE,6,CMP,7,0,1,0,0,0,JMP,0,0,1,0,0,0,JBE,0,0,4594719,4596575,4594731,0,0,0,0,fortran,1.217816179822695e-10,0.0,0,0,0
0x461c19,JZ,60,60,1827,6,0x461c15,TEST,1,NonLeaf,rbp(-1) ,rflags ,TEST,4,JZ,6,CMP,3,LEA,4,MOV,4,MOV,4,TEST,2,JZ,6,MOV,3,AND,4,0,1,0,0,0,JB,0,0,1,0,0,0,JE,0,0,4594709,4596540,4594719,0,0,0,0,fortran,1.217816179822695e-10,1.0,1,0,1
0x461c0f,JZ,60,0,1460,6,0x461c0c,CMP,1,NonLeaf,rbx(-1) rax(MOV) ,rflags ,CMP,3,LEA,4,MOV,4,JZ,6,TEST,3,TEST,4,JZ,6,MOV,4,TEST,2,JZ,6,0,1,0,0,0,JMP,0,0,1,0,0,0,JE,0,0,4594692,4596163,4594709,1,0,0,0,fortran,1.217816179822695e-10,0.0,0,0,0
0x461bfe,JZ,60,60,394,6,0x461bfb,TEST,1,NonLeaf,r13d(-1) r13d(-1) ,rflags ,TEST,3,XOR,3,JNZ,6,TEST,2,NOP,4,MOV,4,LEA,4,CMP,3,JZ,6,TEST,4,0,1,0,0,0,JE,0,0,1,1,0,0,JE,0,0,4594680,4595080,4594692,0,0,0,0,fortran,1.217816179822695e-10,1.0,1,0,1
0x461bf2,JNZ,60,0,550,6,0x461bf0,TEST,1,NonLeaf,al(-1) ,rflags ,TEST,2,NOP,4,RET_NEAR,1,POP,2,POP,2,XOR,3,TEST,3,JZ,6,MOV,4,LEA,4,0,1,0,0,0,JNE,0,0,1,0,0,0,JE,0,0,4594672,4595224,4594680,0,0,0,0,fortran,1.217816179822695e-10,0.0,0,0,0
0x461bd2,JZ,12,12,11,2,0x461bd0,TEST,1,NonLeaf,cl(-1) cl(-1) ,rflags ,TEST,2,JZ,2,TEST,3,JNZ,2,CMP,3,CMP,3,JNZ,6,ADD,4,POP,1,POP,1,0,0,0,0,0,RET,0,0,1,0,0,0,JNE,0,0,4594640,4594653,4594644,0,0,0,0,fortran,2.4356323596453897e-11,1.0,1,0,1
0x461bce,JZ,128526899,128526887,15,2,0x461bcb,TEST,1,NonLeaf,r8(-1) r8(-1) ,rflags ,TEST,3,JNZ,2,CMP,3,CMPXCHG_LOCK,5,JZ,2,TEST,2,JZ,2,CMP,3,JNZ,6,ADD,4,0,0,0,0,0,RET,0,0,1,0,0,0,JE,0,0,4594635,4594653,4594640,0,0,0,0,fortran,0.0002608702285743,0.9999999066343302,1,0,1
0x461bc9,JNZ,128526899,0,-57,2,0x461bc6,CMP,1,NonLeaf,r8(-1) rax(-1) ,rflags ,CMP,3,CMPXCHG_LOCK,5,JZ,2,CMP,9,MOV,3,TEST,3,JZ,2,TEST,2,JZ,2,CMP,3,0,1,0,0,0,JE,0,0,1,0,0,0,JE,1,0,4594626,4594576,4594635,0,0,0,0,fortran,0.0002608702285743,0.0,0,0,0
0x461bbf,JZ,128526899,128526899,3,2,0x461bb6,CMP,1,NonLeaf,fs(-1) ,rflags ,CMP,9,MOV,3,MOV,4,LEA,3,SHR,3,CMPXCHG_LOCK,5,CMP,3,JNZ,2,TEST,3,JZ,2,0,1,1,0,0,JNE,0,0,1,0,0,0,-1,0,-1,4594607,4594626,4594625,0,0,1,0,fortran,0.0002608702285743,1.0,1,0,1
0x461ba3,JZ,12,12,12,2,0x461ba1,TEST,1,NonLeaf,cl(-1) cl(-1) ,rflags ,TEST,2,JZ,2,TEST,3,MOV,3,JZ,6,MOV,4,SHR,3,LEA,3,MOV,4,MOV,3,0,0,1,0,0,JE,0,0,1,0,0,0,LEA,0,0,4594593,4594607,4594597,0,0,1,0,fortran,2.4356323596453897e-11,1.0,1,0,1
0x461b9f,JZ,128526899,128526887,16,2,0x461b9c,TEST,1,NonLeaf,r8(-1) r8(-1) ,rflags ,TEST,3,MOV,3,JZ,6,CMP,3,NOP,6,TEST,2,JZ,2,MOV,4,SHR,3,LEA,3,1,1,1,0,0,JE,0,0,1,0,0,0,JE,0,0,4594588,4594607,4594593,0,0,1,0,fortran,0.0002608702285743,0.9999999066343302,1,0,1
0x461b77,JZ,128526899,0,836,6,0x461b74,CMP,1,NonLeaf,rbx(-1) r8(MOV) ,rflags ,CMP,3,LEA,5,MOV,5,MOV,3,SUB,4,TEST,3,MOV,5,SETNZ,3,JMP,2,NOP,6,0,1,0,0,0,MOV,0,0,1,0,0,0,JMP,0,0,4594523,4595387,4594557,0,0,0,0,fortran,0.0002608702285743,0.0,0,0,0
0x461b58,JZ,128526899,128526899,3,2,0x461b4f,CMP,1,NonLeaf,fs(-1) ,rflags ,CMP,9,JNZ,6,TEST,2,LEA,4,MOV,6,AND_LOCK,5,SHR,4,SUB,4,MOV,3,MOV,5,0,1,1,0,0,JE,0,0,1,0,0,0,-1,0,-1,4594511,4594523,4594522,0,0,1,0,fortran,0.0002608702285743,1.0,1,0,1
0x461b49,JNZ,128526899,0,1673,6,0x461b47,TEST,1,NonLeaf,esi(MOV) esi(MOV) ,rflags ,TEST,2,LEA,4,MOV,6,JNB,6,CMP,7,CMP,9,JZ,2,AND_LOCK,5,SHR,4,SUB,4,0,1,0,0,0,CALL,0,1,1,1,0,0,JE,0,0,4594493,4596178,4594511,0,0,1,0,fortran,0.0002608702285743,0.0,0,0,0
0x461b37,JNB,128526899,0,1478,6,0x461b30,CMP,1,NonLeaf,rax(AND) rdi(-1) ,rflags ,CMP,7,AND,4,JBE,6,CMP,4,MOV,4,MOV,6,LEA,4,TEST,2,JNZ,6,CMP,9,0,0,0,0,0,JE,0,0,0,0,0,0,JNE,0,0,4594476,4595965,4594493,0,0,0,0,fortran,0.0002608702285743,0.0,0,0,0
0x461b26,JBE,128526899,0,1495,6,0x461b22,CMP,1,NonLeaf,rax(MOV) ,rflags ,CMP,4,MOV,4,LEA,4,JNBE,6,CMP,7,AND,4,CMP,7,JNB,6,MOV,6,LEA,4,0,1,0,0,0,JE,0,0,1,0,0,0,JAE,0,0,4594458,4595965,4594476,0,1,0,0,fortran,0.0002608702285743,0.0,0,0,0
0x461b14,JNBE,128526959,60,220,6,0x461b0d,CMP,1,NonLeaf,r12(-1) rip(JNBE) ,rflags ,CMP,7,JNZ,6,TEST,2,JBE,6,CMP,4,LEA,4,MOV,4,CMP,4,JBE,6,AND,4,0,1,0,0,0,JNE,0,0,1,0,0,0,JBE,0,0,4594445,4594672,4594458,0,0,0,0,fortran,0.000260870350356,4.668281305869845e-07,0,0,0
0x461b07,JNZ,128526959,0,1564,6,0x461b05,TEST,1,NonLeaf,al(-1) ,rflags ,TEST,2,JBE,6,CMP,4,JNZ,6,TEST,4,CMP,7,JNBE,6,LEA,4,MOV,4,CMP,4,0,0,0,0,0,JMP,0,0,1,0,0,0,JA,0,0,4594437,4596003,4594445,0,0,0,0,fortran,0.000260870350356,0.0,0,0,0
0x461aff,JBE,128526959,0,1572,6,0x461afb,CMP,1,NonLeaf,r12(-1) ,rflags ,CMP,4,JNZ,6,TEST,4,JNBE,6,CMP,3,TEST,2,JNZ,6,CMP,7,JNBE,6,LEA,4,0,1,0,0,0,JMP,0,0,1,0,0,0,JNE,0,0,4594427,4596003,4594437,0,0,0,0,fortran,0.000260870350356,0.0,0,0,0
0x461af5,JNZ,128526959,0,1564,6,0x461af1,TEST,1,NonLeaf,sil(-1) ,rflags ,TEST,4,JNBE,6,CMP,3,NEG,3,MOV,3,CMP,4,JBE,6,TEST,2,JNZ,6,CMP,7,0,0,0,0,0,JMP,0,0,1,0,0,0,JBE,0,0,4594417,4595985,4594427,0,0,0,0,fortran,0.000260870350356,0.0,0,0,0
0x461529,JZ,9,0,656,6,0x461524,CMP,1,NonLeaf,r13(-1) ,rflags ,CMP,5,JNZ,6,CMP,4,MOV,4,JNZ,6,MOV,4,MOV,4,MOV,4,MOV,4,JMP,5,0,1,0,0,0,JE,0,0,1,0,0,0,JMP,0,0,4592932,4593593,4592943,0,0,0,1,fortran,1.8267242697340427e-11,0.0,0,0,0
0x46151e,JNZ,9,0,705,6,0x46151a,CMP,1,NonLeaf,rbp(-1) rdx(MOV) ,rflags ,CMP,4,MOV,4,JNZ,6,CMP,4,JMP,5,CMP,5,JZ,6,MOV,4,MOV,4,MOV,4,0,0,0,0,0,CALL,0,1,0,1,0,0,JE,0,0,4592918,4593631,4592932,0,0,1,0,fortran,1.8267242697340427e-11,0.0,0,0,0
0x461510,JNZ,9,0,719,6,0x46150c,CMP,1,NonLeaf,rbp(-1) rax(-1) ,rflags ,CMP,4,JMP,5,MOV,5,MOV,5,CALL_NEAR,5,MOV,4,CMP,4,JNZ,6,CMP,5,JZ,6,0,1,0,0,0,CALL,0,1,1,0,0,0,JNE,0,0,4592908,4593631,4592918,0,0,1,0,fortran,1.8267242697340427e-11,0.0,0,0,0
0x46128e,JZ,1,1,35,2,0x461287,CMP,1,NonLeaf,r14(-1) ,rflags ,CMP,7,JNZ,2,CMP,6,ADD,4,MOV,4,MOV,4,OR,3,OR,3,MOV,4,MOV,4,0,1,0,0,0,JMP,0,0,1,0,0,0,OR,0,0,4592263,4592305,4592272,0,0,1,0,fortran,2.029693633037825e-12,1.0,1,0,1
0x461285,JNZ,127,126,-21,2,0x46127f,CMP,1,NonLeaf,edx(ADD) ,rflags ,CMP,6,ADD,4,MOV,4,MOV,4,ADD,3,CMP,7,JZ,2,MOV,4,OR,3,OR,3,1,1,1,1,1,JNE,0,0,1,1,0,0,JE,1,0,4592240,4592240,4592263,1,0,1,0,fortran,2.5777109139580377e-10,0.9921259842519684,1,1,1
0x46124d,JNZ,350,315,-373,6,0x461248,CMP,1,NonLeaf,rsp(-1) rax(LEA) ,rflags ,CMP,5,LEA,4,ADD,4,NOP,8,JNZ,6,ADD,4,POP,1,POP,1,POP,2,POP,2,0,0,0,1,1,JNE,0,0,1,1,0,0,RET,1,0,4592192,4591832,4592211,0,1,0,0,fortran,7.103927715632387e-10,0.9,1,1,1
0x461232,JNZ,3,0,-172,6,0x461227,TEST,1,NonLeaf,r15(-1) r15(-1) ,rflags ,MOV,4,MOV,4,TEST,3,OR,4,ADD,3,NOP,8,ADD,4,LEA,4,CMP,5,JNZ,6,0,0,0,0,0,MOV,0,0,1,0,0,0,NOP,1,0,4592160,4592006,4592184,0,0,0,0,fortran,6.089080899113475e-12,0.0,0,1,0
0x46120a,JZ,61,26,-282,6,0x461204,TEST,1,NonLeaf,rbp(-1) r13(-1) ,rflags ,TEST,6,JZ,2,CMP,4,JNZ,6,TEST,3,AND,5,JMP,5,NOP,6,ADD,3,OR,4,0,1,0,0,0,JNE,0,0,1,0,0,0,JMP,0,0,4592132,4591856,4592144,0,0,0,1,fortran,1.2381131161530732e-10,0.4262295081967213,0,0,0
0x461202,JZ,64,3,30,2,0x4611fe,CMP,1,NonLeaf,r14(-1) rbp(-1) ,rflags ,CMP,4,JNZ,6,TEST,3,MOV,4,JBE,2,TEST,6,JZ,6,AND,5,JMP,5,NOP,6,0,1,0,0,0,JNE,0,0,1,0,0,0,JE,0,0,4592126,4592160,4592132,0,0,1,0,fortran,1.2990039251442078e-10,0.046875,0,0,0
0x4611f8,JNZ,3,0,844,6,0x4611f5,TEST,1,NonLeaf,rdx(MOV) rdx(MOV) ,rflags ,TEST,3,MOV,4,JBE,2,MOV,4,MOV,4,CMP,4,JZ,2,TEST,6,JZ,6,AND,5,0,1,0,0,0,JNE,0,0,0,1,0,0,JE,0,0,4592113,4592964,4592126,0,0,0,0,fortran,6.089080899113475e-12,0.0,0,0,0
0x4611ef,JBE,13,10,15,2,0x4611df,CMP,1,NonLeaf,rbx(-1) ,rflags ,MOV,4,MOV,4,CMP,8,JNZ,6,CMP,4,MOV,4,TEST,3,JNZ,6,CMP,4,JZ,2,0,0,1,0,0,JE,0,0,1,0,0,0,JNE,0,0,4592095,4592126,4592113,0,0,0,0,fortran,2.638601722949173e-11,0.7692307692307693,1,0,1
0x4611d9,JNZ,13,0,235,6,0x4611d5,CMP,1,NonLeaf,rbx(-1) rdx(-1) ,rflags ,CMP,4,JNZ,6,CMP,4,MOV,4,MOV,4,CMP,8,MOV,4,MOV,4,JBE,2,MOV,4,0,0,0,0,0,JE,0,0,1,0,0,0,JBE,0,0,4592085,4592324,4592095,0,0,0,1,fortran,2.638601722949173e-11,0.0,0,0,0
0x4611cf,JNZ,13,0,245,6,0x4611cb,CMP,1,NonLeaf,rbx(-1) rax(MOV) ,rflags ,CMP,4,MOV,4,MOV,4,JNZ,6,CMP,4,CMP,4,JNZ,6,CMP,8,MOV,4,MOV,4,0,1,0,0,0,JE,0,0,1,0,0,0,JNE,0,0,4592067,4592324,4592085,0,0,0,0,fortran,2.638601722949173e-11,0.0,0,0,0
0x4611bd,JNZ,13,0,506,6,0x4611b9,CMP,1,NonLeaf,rax(AND) rbx(SUB) rax(AND) ,rflags ,CMP,4,AND,4,MOV,4,ADD,3,SUB,3,MOV,4,MOV,4,CMP,4,JNZ,6,CMP,4,0,1,0,0,0,JE,0,0,1,0,0,0,JNE,0,0,4592040,4592567,4592067,0,0,0,0,fortran,2.638601722949173e-11,0.0,0,0,0
0x4611a6,JNZ,64,51,88,2,0x4611a4,TEST,1,NonLeaf,al(MOV) ,rflags ,TEST,2,AND,4,MOV,4,LEA,4,AND,4,MOV,3,SUB,3,ADD,3,MOV,4,AND,4,1,1,0,0,0,JE,0,0,1,0,0,0,JNE,0,0,4592009,4592126,4592040,0,0,0,0,fortran,1.2990039251442078e-10,0.796875,1,0,1
0x461180,JZ,61,56,192,6,0x461175,TEST,1,NonLeaf,r15(-1) r15(-1) ,rflags ,MOV,4,MOV,4,TEST,3,OR,4,MOV,4,MOV,3,MOV,4,MOV,4,MOV,3,AND,4,0,0,1,0,0,JNE,1,0,0,0,0,0,MOV,0,0,4591974,4592192,4592006,0,0,0,0,fortran,1.2381131161530732e-10,0.918032786885246,1,0,1
0x461154,JBE,61,48,18,2,0x461145,CMP,1,NonLeaf,r12(-1) ,rflags ,MOV,4,MOV,4,CMP,7,MOV,4,JNZ,6,MOV,8,MOV,8,MOV,3,MOV,4,MOV,4,0,1,1,0,0,JE,0,0,1,0,0,0,MOV,0,0,4591937,4591974,4591958,0,0,1,1,fortran,1.2381131161530732e-10,0.7868852459016393,1,0,1
0x46113b,JNZ,11,9,977,6,0x461138,TEST,1,NonLeaf,rax(MOV) rax(MOV) ,rflags ,TEST,3,MOV,4,JBE,2,MOV,4,MOV,4,MOV,4,CMP,7,MOV,4,MOV,4,JBE,2,0,1,0,0,0,JNE,0,0,0,1,0,0,JBE,0,0,4591924,4592908,4591937,0,0,0,1,fortran,2.2326629963416075e-11,0.8181818181818182,1,0,1
0x461132,JBE,26,15,15,2,0x461122,CMP,1,NonLeaf,rbp(-1) ,rflags ,MOV,4,MOV,4,CMP,8,JNZ,6,CMP,4,MOV,4,TEST,3,JNZ,6,MOV,4,CMP,7,0,0,1,0,0,JBE,0,0,1,0,0,0,JNE,0,0,4591906,4591937,4591924,0,0,1,0,fortran,5.2772034458983445e-11,0.5769230769230769,1,0,1
0x46111c,JNZ,26,0,550,6,0x461118,CMP,1,NonLeaf,rbp(-1) rax(-1) ,rflags ,CMP,4,JNZ,6,CMP,4,MOV,4,MOV,4,CMP,8,MOV,4,MOV,4,JBE,2,MOV,4,0,0,0,0,0,JE,0,0,1,0,0,0,JBE,0,0,4591896,4592450,4591906,0,0,0,1,fortran,5.2772034458983445e-11,0.0,0,0,0
0x461112,JNZ,26,0,560,6,0x46110e,CMP,1,NonLeaf,rbp(-1) r13(MOV) ,rflags ,CMP,4,MOV,4,MOV,4,JNZ,6,CMP,5,CMP,4,JNZ,6,CMP,8,MOV,4,MOV,4,0,1,0,0,0,JE,0,0,1,0,0,0,JNE,0,0,4591878,4592450,4591896,0,0,0,0,fortran,5.2772034458983445e-11,0.0,0,0,0
0x461100,JNZ,26,0,752,6,0x4610fb,CMP,1,NonLeaf,rax(AND) rbp(-1) rax(AND) ,rflags ,CMP,5,AND,4,ADD,3,MOV,4,NOP,5,MOV,4,MOV,4,CMP,4,JNZ,6,CMP,4,0,0,0,0,0,JE,0,0,0,1,0,0,JNE,0,0,4591856,4592624,4591878,0,0,1,0,fortran,5.2772034458983445e-11,0.0,0,0,0
0x4610e0,JNZ,350,59,169,6,0x4610dd,TEST,1,NonLeaf,rbx(XCHG) rbx(XCHG) ,rflags ,TEST,3,XCHG,3,XOR,2,NOP,5,SUB,5,JMP,5,NOP,5,MOV,4,ADD,3,AND,4,1,1,0,1,0,JNE,0,0,1,0,0,0,JMP,0,0,4591832,4592009,4591846,0,0,0,0,fortran,7.103927715632387e-10,0.1685714285714285,0,0,0
0x4610a8,JZ,35,35,3,2,0x46109f,CMP,1,NonLeaf,fs(-1) ,rflags ,CMP,9,JZ,6,CMP,8,SUB,4,PUSH,1,OR_LOCK,5,LEA,4,MOV,9,LEA,4,LEA,4,0,1,1,0,0,NOP,0,0,1,0,0,0,-1,0,-1,4591775,4591787,4591786,0,0,1,0,fortran,7.103927715632387e-11,1.0,1,0,1
0x461099,JZ,36,1,457,6,0x461091,CMP,1,NonLeaf,rip(JZ) ,rflags ,CMP,8,SUB,4,PUSH,1,PUSH,1,PUSH,2,CMP,9,JZ,2,OR_LOCK,5,LEA,4,MOV,9,0,1,0,0,0,NOP,0,0,1,0,0,0,JE,1,0,4591744,4592226,4591775,0,0,0,0,fortran,7.306897078936171e-11,0.0277777777777777,0,0,0
0x45cbd0,JNBE,3,0,-432,6,0x45cbcc,CMP,1,NonLeaf,rbx(-1) rax(MOV) ,rflags ,CMP,4,MOV,4,NOP,7,RET_NEAR,1,POP,2,JMP,5,NOP,5,MOV,3,JMP,5,NOP,8,0,0,0,0,0,JBE,0,0,1,0,0,0,JMP,0,0,4574152,4573728,4574166,0,0,0,0,fortran,6.089080899113475e-12,0.0,0,0,0
0x45cba9,JNZ,3,2,-209,6,0x45cba6,TEST,1,NonLeaf,rbx(MOV) rbx(MOV) ,rflags ,TEST,3,MOV,4,MOV,10,NOP,4,JNZ,6,ADD,4,MOV,3,POP,1,POP,1,POP,2,0,0,0,1,1,JNE,0,0,0,1,0,0,RET,1,0,4574104,4573912,4574127,0,0,0,0,fortran,6.089080899113475e-12,0.6666666666666666,1,1,1
0x45cafa,JZ,1,1,158,6,0x45caf8,TEST,1,NonLeaf,eax(MOV) eax(MOV) ,rflags ,TEST,2,MOV,6,JZ,6,CMP,3,AND,6,XOR,3,MOV,7,TEST,3,JZ,2,CMP,4,0,0,1,0,0,JNE,0,0,1,0,0,0,XOR,0,0,4573938,4574104,4573952,0,0,1,0,fortran,2.029693633037825e-12,1.0,1,0,1
0x45caec,JZ,2,1,172,6,0x45cae9,CMP,1,NonLeaf,edx(AND) ,rflags ,CMP,3,AND,6,JNZ,6,TEST,3,MOV,2,MOV,6,TEST,2,JZ,6,XOR,3,MOV,7,0,0,1,0,0,JNE,0,0,1,0,0,0,JE,0,0,4573923,4574104,4573938,0,0,1,0,fortran,4.0593872660756495e-12,0.5,0,0,0
0x45cadd,JNZ,3,1,187,6,0x45cada,TEST,1,NonLeaf,dl(MOV) ,rflags ,TEST,3,MOV,2,NOP,3,MOV,9,SUB,7,AND,6,CMP,3,JZ,6,MOV,6,TEST,2,1,1,1,0,0,JNE,0,0,1,0,0,0,JE,0,0,4573912,4574104,4573923,0,1,1,0,fortran,6.089080899113475e-12,0.3333333333333333,0,0,0
0x45cab9,JZ,1,0,246,6,0x45cab6,TEST,1,NonLeaf,rbx(MOV) rbx(MOV) ,rflags ,TEST,3,MOV,7,JNZ,2,TEST,3,MOV,2,MOV,6,SUB,7,MOV,9,NOP,3,MOV,2,0,0,1,0,0,RET,0,0,1,0,0,0,NOP,0,0,4573871,4574127,4573887,0,0,0,0,fortran,2.029693633037825e-12,0.0,0,0,0
0x45caad,JNZ,3,2,-60,2,0x45caaa,TEST,1,NonLeaf,rbx(MOV) rbx(MOV) ,rflags ,TEST,3,MOV,2,MOV,4,MOV,2,MOV,11,MOV,7,TEST,3,JZ,6,MOV,6,SUB,7,0,0,0,1,1,JLE,0,0,0,1,0,0,JE,1,0,4573860,4573809,4573871,0,0,1,0,fortran,6.089080899113475e-12,0.6666666666666666,1,1,1
0x45ca80,JLE,3,3,328,6,0x45ca7e,TEST,1,NonLeaf,edx(MOV) edx(MOV) ,rflags ,TEST,2,MOV,7,MOV,6,JZ,2,TEST,3,MOV,7,MOV,4,CMP,4,JNBE,2,MOV,11,1,1,0,0,0,JA,0,0,1,0,0,0,JA,0,0,4573809,4574152,4573830,0,0,0,0,fortran,6.089080899113475e-12,1.0,1,0,1
0x45ca01,JZ,1,0,430,6,0x45c9fe,TEST,1,NonLeaf,rbx(MOV) rbx(MOV) ,rflags ,TEST,3,MOV,6,MOV,7,SUB,4,PUSH,1,MOV,6,SUB,7,JMP,2,NOP,10,MOV,7,0,1,1,0,0,RET,0,0,1,0,0,0,JMP,0,0,4573664,4574127,4573703,0,0,0,0,fortran,2.029693633037825e-12,0.0,0,0,0
0x45c684,JZ,158,158,63,2,0x45c680,SUB,1,NonLeaf,rsi(SUB) rbx(-1) ,rsi rflags ,SUB,4,MOV,4,JNZ,6,TEST,2,SETNZ,3,MOV,7,MOV,5,SUB,6,MOV,3,SUB,7,0,1,0,0,0,RET,0,0,1,0,0,0,JBE,0,0,4572796,4572867,4572806,1,0,1,0,fortran,3.2069159401997634e-10,1.0,1,0,1
0x45c644,JBE,158,158,56,2,0x45c641,CMP,1,NonLeaf,rdx(MOV) rsi(MOV) ,rflags ,CMP,3,MOV,4,MOV,4,SUB,4,MOV,3,MOV,6,TEST,2,JLE,6,MOV,7,MOV,4,0,1,0,0,0,JE,0,0,1,0,0,0,JLE,0,0,4572720,4572796,4572742,0,0,0,0,fortran,3.2069159401997634e-10,1.0,1,0,1
0x494cc5,JNBE,3,2,34,2,0x494cc1,CMP,1,NonLeaf,dil(LEA) ,rflags ,CMP,4,LEA,3,SUB,3,LEA,4,MOVSX,4,NOP,9,LEA,3,ADD,4,LEA,4,MOVSX,3,0,1,1,0,0,JNE,0,0,1,0,0,0,NOP,0,0,4803763,4803815,4803783,0,0,0,0,fortran,6.089080899113475e-12,0.6666666666666666,1,0,1
0x45793d,JNZ,158,0,139,6,0x45793b,DEC,1,NonLeaf,rsi(-1) ,rflags ,DEC,2,JMP,2,JNZ,6,DEC_LOCK,3,JZ,2,NOP,5,ADD,4,MOV,2,POP,1,POP,1,0,-1,-1,-1,-1,CALL,-1,1,0,1,0,0,NOP,0,0,4553019,4553160,4553027,0,0,1,0,fortran,3.2069159401997634e-10,0.0,0,0,0
0x45792e,JZ,158,158,13,2,0x457927,CMP,1,NonLeaf,rip(JZ) ,rflags ,CMP,7,MOV,8,JNZ,2,SUB,4,MOV,7,DEC_LOCK,3,JNZ,6,JMP,2,DEC,2,JNZ,6,0,1,0,0,0,JNE,0,0,1,0,0,0,JNE,0,0,4552991,4553019,4553008,0,0,1,0,fortran,3.2069159401997634e-10,1.0,1,0,1
0x45791d,JNZ,158,0,43,2,0x457919,SUB,1,NonLeaf,rsi(MOV) ,rflags ,SUB,4,MOV,7,JNZ,2,TEST,6,NEG,2,MOV,8,CMP,7,JZ,2,DEC_LOCK,3,JNZ,6,0,0,1,0,0,RET,0,0,1,0,0,0,JE,0,0,4552978,4553032,4552991,0,0,0,1,fortran,3.2069159401997634e-10,0.0,0,0,0
0x457910,JNZ,158,0,56,2,0x45790a,TEST,1,NonLeaf,rbx(-1) ,rflags ,TEST,6,NEG,2,SETNZ,3,TEST,2,XOR,2,MOV,7,SUB,4,JNZ,2,MOV,8,CMP,7,0,1,1,0,0,RET,0,0,1,0,0,0,JNE,0,0,4552961,4553032,4552978,0,0,0,1,fortran,3.2069159401997634e-10,0.0,0,0,0
0x4578f9,JBE,158,0,106,2,0x4578f6,CMP,1,NonLeaf,rax(SUB) rdx(SUB) ,rflags ,CMP,3,SUB,7,MOV,3,SUB,6,MOV,5,MOV,3,CALL_NEAR,3,XOR,2,TEST,2,SETNZ,3,0,1,0,0,0,CALL,0,1,1,1,0,0,CALL,0,1,4552922,4553059,4552955,0,0,1,1,fortran,3.2069159401997634e-10,0.0,0,0,0
0x4578be,JNZ,158,0,239,6,0x4578bb,CMPXCHG,1,NonLeaf,rdx(-1) esi(-1) eax(CMPXCHG) ,eax rflags ,CMPXCHG,3,JMP,2,JNZ,6,CMPXCHG_LOCK,4,JZ,2,MOV,7,MOV,7,MOV,4,ADD,4,MOV,7,0,-1,-1,-1,-1,CALL,-1,1,0,1,0,0,MOV,0,0,4552891,4553133,4552900,0,0,1,1,fortran,3.2069159401997634e-10,0.0,0,0,0
0x4578ad,JZ,158,158,14,2,0x4578a6,CMP,1,NonLeaf,rip(JZ) ,rflags ,CMP,7,MOV,5,JZ,2,CMP,4,MOV,9,CMPXCHG_LOCK,4,JNZ,6,JMP,2,CMPXCHG,3,JNZ,6,0,1,0,0,0,JNE,0,0,1,0,0,0,JNE,0,0,4552865,4552891,4552879,0,0,1,0,fortran,3.2069159401997634e-10,1.0,1,0,1
0x45789f,JZ,158,0,55,2,0x45789b,CMP,1,NonLeaf,r8(MOV) rdx(MOV) ,rflags ,CMP,4,MOV,9,MOV,7,JNZ,2,AND,5,MOV,5,CMP,7,JZ,2,CMPXCHG_LOCK,4,JNZ,6,0,1,1,0,0,ADD,0,0,1,0,0,0,JE,0,0,4552843,4552918,4552865,0,0,1,0,fortran,3.2069159401997634e-10,0.0,0,0,0
0x457889,JNZ,158,0,81,2,0x457884,AND,1,NonLeaf,eax(AND) ,eax rflags ,AND,5,MOV,2,JZ,6,TEST,3,SUB,4,MOV,7,MOV,9,CMP,4,JZ,2,MOV,5,0,1,1,0,0,JBE,0,0,1,0,0,0,JE,0,0,4552834,4552922,4552843,0,0,0,0,fortran,3.2069159401997634e-10,0.0,0,0,0
0x45787c,JZ,158,0,220,6,0x457879,TEST,1,NonLeaf,rdi(-1) rdi(-1) ,rflags ,TEST,3,SUB,4,MOV,3,PUSH,1,PUSH,1,MOV,2,AND,5,JNZ,2,MOV,7,MOV,9,0,1,0,0,0,JMP,0,0,1,0,0,0,JNE,0,0,4552816,4553048,4552834,0,0,0,0,fortran,3.2069159401997634e-10,0.0,0,0,0
0x493a05,JZ,1,1,-535,6,0x4939fe,TEST,1,Leaf,rip(JZ) ,rflags ,TEST,7,OR,10,JZ,2,AND,6,JZ,6,OR,10,JMP,5,NOP,6,MOV,6,MOV,5,0,0,1,0,0,JLE,0,0,1,0,0,0,JMP,0,0,4798974,4798446,4798987,0,0,0,1,fortran,2.029693633037825e-12,1.0,1,0,1
0x48fd73,JZ,3,0,22,2,0x48fd6f,CMP,1,NonLeaf,rbp(-1) ,rflags ,CMP,4,JNZ,2,TEST,2,MOV,6,JZ,2,JLE,2,MOV,3,ADD,3,JB,2,NOP,1,0,1,0,0,0,RET,0,0,1,0,0,0,JLE,0,0,4783471,4783497,4783477,0,0,0,0,fortran,6.089080899113475e-12,0.0,0,0,0
0x44dbaa,JZ,1,0,44,2,0x44dba7,TEST,1,NonLeaf,rax(-1) rax(-1) ,rflags ,TEST,3,CALL_NEAR,5,MOV,5,MOV,3,PUSH,1,MOV,3,MOV,4,MOV,4,XOR,9,ROL,4,0,1,0,0,0,JMP,0,0,1,0,0,0,XOR,0,0,4512679,4512726,4512684,0,1,0,1,fortran,2.029693633037825e-12,0.0,0,0,0
0x44db05,JZ,1,0,16,2,0x44db02,TEST,1,NonLeaf,r8(-1) r8(-1) ,rflags ,TEST,3,MOV,3,RET_NEAR,1,POP,1,POP,1,LEA,4,MOV,8,JMP,2,MOV,5,MOV,5,0,0,0,0,0,CALL,0,1,0,0,0,0,JMP,0,0,4512514,4512533,4512519,0,0,1,1,fortran,2.029693633037825e-12,0.0,0,0,0
0x44daef,JNZ,1,0,269,6,0x44dae9,DEC,1,NonLeaf,rip(JNZ) ,rflags ,DEC,6,JMP,2,JNZ,6,DEC_LOCK,7,JZ,2,ADD,4,MOV,3,POP,1,POP,1,RET_NEAR,1,0,-1,-1,-1,-1,CALL,-1,1,0,1,0,0,RET,0,0,4512489,4512764,4512501,0,0,1,0,fortran,2.029693633037825e-12,0.0,0,0,0
0x44dad8,JZ,1,1,17,2,0x44dad1,CMP,1,NonLeaf,rip(JZ) ,rflags ,CMP,7,ADD,8,MOV,7,LEA,5,MOV,4,DEC_LOCK,7,JNZ,6,JMP,2,DEC,6,JNZ,6,0,1,0,0,0,JNE,0,0,1,0,0,0,JNE,0,0,4512465,4512489,4512474,0,0,1,0,fortran,2.029693633037825e-12,1.0,1,0,1
0x44da95,JZ,1,1,109,2,0x44da92,TEST,1,NonLeaf,rax(MOV) rax(MOV) ,rflags ,TEST,3,MOV,8,MOV,3,JNZ,2,TEST,3,MOV,3,MOV,3,JMP,2,MOV,3,NOP,6,0,0,0,0,0,JE,1,0,1,0,0,0,JMP,0,0,4512391,4512514,4512407,0,0,0,0,fortran,2.029693633037825e-12,1.0,1,0,1
0x44da47,JZ,1,1,64,2,0x44da44,TEST,1,NonLeaf,rax(MOV) rax(MOV) ,rflags ,TEST,3,MOV,4,NOP,8,XOR,3,MOV,3,LEA,4,MOV,3,SHL,4,CMP,6,JNZ,2,1,1,0,0,0,JE,0,0,1,0,0,0,JNE,0,0,4512320,4512391,4512329,0,0,1,0,fortran,2.029693633037825e-12,1.0,1,0,1
0x44da2c,JZ,1,0,233,6,0x44da29,TEST,1,NonLeaf,rbp(MOV) rbp(MOV) ,rflags ,TEST,3,MOV,3,JNZ,6,CMPXCHG,7,JMP,2,MOV,3,XOR,3,NOP,8,MOV,4,TEST,3,0,1,0,0,0,CALL,0,1,1,0,0,0,NOP,0,0,4512294,4512533,4512306,0,0,1,0,fortran,2.029693633037825e-12,0.0,0,0,0
0x44da20,JNZ,1,0,445,6,0x44da19,CMPXCHG,1,NonLeaf,rip(JNZ) esi(-1) eax(CMPXCHG) ,eax rflags ,CMPXCHG,7,JMP,2,JNZ,6,CMPXCHG_LOCK,8,JZ,2,MOV,3,TEST,3,JZ,6,MOV,3,XOR,3,0,-1,-1,-1,-1,CALL,-1,1,0,1,0,0,JE,0,0,4512281,4512733,4512294,0,0,1,0,fortran,2.029693633037825e-12,0.0,0,0,0
0x44da07,JZ,1,1,18,2,0x44da00,CMP,1,NonLeaf,rip(JZ) ,rflags ,CMP,7,SUB,4,MOV,3,PUSH,1,XOR,2,CMPXCHG_LOCK,8,JNZ,6,JMP,2,CMPXCHG,7,JNZ,6,0,1,0,0,0,JNE,0,0,1,0,0,0,JNE,0,0,4512240,4512281,4512265,0,0,1,0,fortran,2.029693633037825e-12,1.0,1,0,1
0x44d953,JB,1,0,-14,2,0x44d94c,CMP,1,NonLeaf,rbp(ADD) ,rflags ,CMP,7,ADD,4,CALL_NEAR,3,MOV,3,JNB,2,MOV,2,CALL_NEAR,5,NOP,4,MOV,4,MOV,4,0,0,0,1,1,CALL,0,1,0,1,0,0,CALL,1,1,4512072,4512069,4512085,0,0,1,1,fortran,2.029693633037825e-12,0.0,0,1,0
0x44d940,JNB,1,0,21,2,0x44d93a,CMP,1,NonLeaf,rax(MOV) ,rflags ,CMP,6,MOV,5,JZ,2,TEST,3,JNZ,6,MOV,3,CALL_NEAR,3,ADD,4,CMP,7,JB,2,0,0,1,0,0,CALL,0,1,1,0,0,0,MOV,0,0,4512053,4512085,4512066,0,0,1,0,fortran,2.029693633037825e-12,0.0,0,0,0
0x44d933,JZ,1,0,34,2,0x44d930,TEST,1,NonLeaf,r12b(-1) r12b(-1) ,rflags ,TEST,3,JNZ,6,MOV,4,TEST,3,MOV,4,MOV,5,CMP,6,JNB,2,MOV,3,CALL_NEAR,3,0,1,1,0,0,CALL,0,1,1,0,0,0,JAE,0,0,4512048,4512085,4512053,0,0,1,0,fortran,2.029693633037825e-12,0.0,0,0,0
0x44d92a,JNZ,1,0,142,6,0x44d923,TEST,1,NonLeaf,rax(MOV) rax(MOV) ,rflags ,MOV,4,TEST,3,MOV,4,JNZ,2,TEST,3,TEST,3,JZ,2,MOV,5,CMP,6,JNB,2,0,1,0,0,0,CALL,0,1,0,1,0,0,JE,1,0,4512031,4512184,4512048,0,0,1,0,fortran,2.029693633037825e-12,0.0,0,0,0
0x44d90e,JZ,1,1,114,2,0x44d90a,CMP,1,NonLeaf,r8(-1) ,rflags ,CMP,4,JZ,6,CMP,4,MOV,3,MOV,4,CMP,4,JZ,2,SUB,4,TEST,3,JNZ,2,0,1,0,0,0,CALL,1,1,1,0,0,0,JE,0,0,4512010,4512128,4512016,0,0,1,0,fortran,2.029693633037825e-12,1.0,1,0,1
0x44d904,JZ,1,0,156,6,0x44d900,CMP,1,NonLeaf,r8(MOV) ,rflags ,CMP,4,MOV,3,MOV,4,SUB,4,JZ,2,CMP,4,JZ,2,CMP,4,JZ,2,SUB,4,1,1,0,0,0,CALL,1,1,1,0,0,0,JE,0,0,4511989,4512160,4512010,0,0,1,0,fortran,2.029693633037825e-12,0.0,0,0,0
0x44d8f3,JZ,2,1,44,2,0x44d8eb,TEST,1,NonLeaf,rax(MOV) rax(MOV) ,rflags ,LEA,5,TEST,3,SHL,4,MOV,3,MOV,4,SUB,4,MOV,4,MOV,3,CMP,4,JZ,6,1,1,1,0,0,JNE,1,0,1,0,1,0,JE,0,0,4511968,4512031,4511989,0,1,1,1,fortran,4.0593872660756495e-12,0.5,0,0,0
0x44d8d9,JZ,1,0,87,2,0x44d8d6,TEST,1,NonLeaf,r13(MOV) r13(MOV) ,rflags ,TEST,3,MOV,4,SUB,4,MOV,2,PUSH,1,NOP,5,MOV,4,MOV,3,SHL,4,TEST,3,1,1,1,0,0,JE,1,0,1,0,0,0,NOP,0,0,4511954,4512048,4511963,0,0,0,0,fortran,2.029693633037825e-12,0.0,0,0,0
0x44d8a8,JNZ,1,0,8,2,0x44d8a6,TEST,1,Leaf,eax(MOV) eax(MOV) ,rflags ,TEST,2,MOV,6,INVALID,0,INVALID,0,INVALID,0,JMP,5,NOP,1,XOR,2,RET_NEAR,1,INVALID,0,0,1,0,0,0,RET,0,0,1,0,0,0,JMP,0,0,4511904,4511920,4511914,0,0,0,0,fortran,2.029693633037825e-12,0.0,0,0,0
0x44d88b,JNZ,2,0,-43,2,0x44d886,CMP,1,NonLeaf,rbx(-1) r14(-1) ,rflags ,CMP,5,JNZ,2,TEST,2,CALL_NEAR,5,MOV,3,LEA,5,JMP,2,NOP,4,XOR,2,JMP,2,0,0,0,0,0,JE,0,0,1,0,0,0,JMP,1,0,4511878,4511840,4511885,0,1,0,0,fortran,4.0593872660756495e-12,0.0,0,1,0
0x44d884,JNZ,8,6,-36,2,0x44d882,TEST,1,NonLeaf,eax(-1) eax(-1) ,rflags ,TEST,2,CALL_NEAR,5,MOV,3,MOV,3,LEA,4,CMP,5,JNZ,2,LEA,5,JMP,2,NOP,4,0,0,0,0,0,JE,0,0,1,0,0,0,JNE,0,0,4511874,4511840,4511878,0,0,0,0,fortran,1.6237549064302598e-11,0.75,1,0,1
0x44d871,JNZ,806,798,-17,2,0x44d86d,CMP,1,NonLeaf,r12w(-1) rbx(-1) ,rflags ,CMP,4,JZ,2,TEST,3,MOV,4,ADD,4,LEA,4,MOV,3,MOV,3,CALL_NEAR,5,TEST,2,1,1,0,0,0,JE,0,0,1,0,0,0,CALL,0,1,4511853,4511840,4511859,0,0,0,1,fortran,1.635933068228487e-09,0.9900744416873448,1,0,1
0x44d86b,JZ,804,17,-69,2,0x44d868,TEST,1,NonLeaf,rbx(MOV) rbx(MOV) ,rflags ,TEST,3,MOV,4,ADD,4,NOP,9,JMP,2,CMP,4,JNZ,2,LEA,4,MOV,3,MOV,3,0,0,1,0,0,RET,1,0,0,0,1,1,JNE,0,0,4511840,4511782,4511853,1,0,0,0,fortran,1.6318736809624111e-09,0.0211442786069651,0,0,0
0x44d853,JNZ,19,19,26,2,0x44d850,TEST,1,NonLeaf,rbx(MOV) rbx(MOV) ,rflags ,TEST,3,LEA,4,MOV,4,LEA,4,MOVZX,4,JMP,2,NOP,9,ADD,4,MOV,4,TEST,3,0,1,0,1,0,JNE,0,0,1,0,0,0,JMP,0,0,4511808,4511853,4511829,0,0,0,0,fortran,3.856417902771868e-11,1.0,1,0,1
0x44d7f8,JNZ,19,19,72,2,0x44d7f4,CMP,1,NonLeaf,rbx(-1) ,rflags ,CMP,4,JZ,6,TEST,2,MOVZX,3,MOV,3,MOV,4,OR,3,TEST,3,JNZ,2,JMP,2,0,1,0,0,0,JNE,0,0,1,0,0,0,JNE,0,0,4511732,4511808,4511738,1,0,0,0,fortran,3.856417902771868e-11,1.0,1,1,1
0x44d7ee,JZ,19,0,170,6,0x44d7ec,TEST,1,NonLeaf,al(MOVZX) al(MOVZX) ,rflags ,TEST,2,MOVZX,3,MOV,3,JZ,6,TEST,3,CMP,4,JNZ,2,MOV,4,OR,3,TEST,3,0,0,0,0,0,JMP,0,0,1,0,0,0,JNE,0,0,4511718,4511896,4511732,0,0,0,0,fortran,3.856417902771868e-11,0.0,0,0,0
0x44d7e0,JZ,19,0,184,6,0x44d7dd,TEST,1,NonLeaf,rbp(MOV) rbp(MOV) ,rflags ,TEST,3,MOV,7,CALL_NEAR,5,SUB,4,MOV,3,MOV,3,MOVZX,3,TEST,2,JZ,6,CMP,4,0,1,0,0,0,JMP,0,0,1,0,0,0,JE,0,0,4511702,4511896,4511718,0,0,0,0,fortran,3.856417902771868e-11,0.0,0,0,0
0x44d102,JB,14,12,-39,2,0x44d0ff,CMP,1,NonLeaf,r15(-1) r14(MOV) ,rflags ,CMP,3,MOV,3,JNS,2,TEST,2,CALL_NEAR,3,ADD,4,XOR,2,POP,1,POP,1,POP,2,0,0,0,1,1,CALL,0,1,0,0,0,0,RET,1,0,4509948,4509915,4509956,0,0,1,0,fortran,2.8415710862529548e-11,0.8571428571428571,1,1,1
0x44d0fa,JNS,14,0,-42,2,0x44d0f8,TEST,1,NonLeaf,eax(-1) eax(-1) ,rflags ,TEST,2,CALL_NEAR,3,MOV,3,ADD,5,IMUL,4,MOV,3,CMP,3,JB,2,ADD,4,XOR,2,0,1,0,0,0,JE,0,0,1,0,0,0,JB,0,0,4509944,4509904,4509948,0,0,0,0,fortran,2.8415710862529548e-11,0.0,0,0,0
0x44d0c6,JNZ,2,2,21,2,0x44d0ba,TEST,1,NonLeaf,rdx(-1) rdx(-1) ,rflags ,MOV,5,MOV,4,TEST,3,SUB,4,PUSH,1,JMP,2,NOP,6,JZ,2,LEA,4,CMP,3,0,1,0,1,0,CALL,0,1,1,0,0,0,JMP,0,0,4509856,4509915,4509896,0,0,1,0,fortran,4.0593872660756495e-12,1.0,1,0,1
0x44cd76,JBE,10,0,7,2,0x44cd73,CMP,1,Leaf,eax(LEA) ,rflags ,CMP,3,LEA,3,INVALID,0,INVALID,0,INVALID,0,JMP,5,MOV,7,MOV,7,OR,3,RET_NEAR,1,0,1,0,0,0,RET,0,0,1,0,0,0,JMP,0,0,4509040,4509053,4509048,0,0,1,0,fortran,2.029693633037825e-11,0.0,0,0,0
0x44cc9b,JZ,10,0,-14,2,0x44cc98,TEST,1,Leaf,r8(-1) r8(-1) ,rflags ,TEST,3,NOP,3,RET_NEAR,1,ADD,7,JNS,2,MOV,5,MOV,3,MOV,5,MOV,4,MOV,4,0,0,0,0,0,RET,0,0,1,0,0,0,RET,0,0,4508824,4508813,4508829,0,0,0,1,fortran,2.029693633037825e-11,0.0,0,0,0
0x44cc8b,JNS,10,10,13,2,0x44cc89,TEST,1,Leaf,edx(-1) edx(-1) ,rflags ,TEST,2,JNBE,6,MOV,3,CMP,6,SYSCALL,2,ADD,7,RET_NEAR,1,NOP,3,TEST,3,JZ,2,0,1,0,0,0,JE,0,0,0,0,0,0,RET,0,0,4508809,4508824,4508813,0,0,0,0,fortran,2.029693633037825e-11,1.0,1,1,1
0x44cc83,JNBE,10,0,207,6,0x44cc7a,CMP,1,Leaf,rax(-1) ,rflags ,MOV,3,CMP,6,SYSCALL,2,MOV,2,MOV,3,TEST,2,JNS,2,ADD,7,RET_NEAR,1,NOP,3,0,1,0,0,0,JMP,0,0,1,0,0,0,JNS,0,0,4508794,4509010,4508809,0,0,1,0,fortran,2.029693633037825e-11,0.0,0,0,0
0x44cb8d,JZ,10,0,187,6,0x44cb87,TEST,1,Leaf,rsi(-1) rsi(-1) ,rflags ,MOV,3,TEST,3,SUB,7,INVALID,0,INVALID,0,MOV,4,MOV,3,MOV,5,MOV,4,MOV,5,0,1,1,0,0,SYSCALL,0,1,1,0,0,0,MOV,0,0,4508544,4508744,4508563,1,0,0,1,fortran,2.029693633037825e-11,0.0,0,0,0
0x44ca5f,JZ,10,0,121,2,0x44ca5b,CMP,1,NonLeaf,rsi(-1) ,rflags ,CMP,4,JNBE,2,CMP,3,MOV,3,LEA,3,SUB,7,XOR,2,MOV,5,MOV,4,LEA,5,0,0,0,0,0,RET,1,0,1,0,0,0,MOV,0,0,4508251,4508376,4508257,0,1,1,1,fortran,2.029693633037825e-11,0.0,0,0,0
0x44ca59,JNBE,10,0,127,2,0x44ca56,CMP,1,NonLeaf,edx(LEA) ,rflags ,CMP,3,MOV,3,LEA,3,INVALID,0,INVALID,0,CMP,4,JZ,2,SUB,7,XOR,2,MOV,5,0,1,0,0,0,RET,1,0,1,0,0,0,JE,0,0,4508240,4508376,4508251,0,0,1,0,fortran,2.029693633037825e-11,0.0,0,0,0
0x4c518a,JZ,1,0,14,2,0x4c5185,AND,1,NonLeaf,eax(AND) ,eax rflags ,AND,5,JNZ,2,CMP,3,OR,9,SUB,7,LEA,4,SUB,3,OR,5,LEA,5,MOV,3,0,1,1,0,0,CALL,0,1,1,0,0,0,OR,0,0,5001605,5001624,5001612,0,0,1,1,fortran,2.029693633037825e-12,0.0,0,0,0
0x4c23af,JZ,1,0,234,6,0x4c23ac,TEST,1,NonLeaf,r8(-1) r8(-1) ,rflags ,TEST,3,ADD,2,SETNZ,3,CMP,4,XOR,2,LEA,4,MOV,3,AND,3,SHR,4,NEG,3,0,1,1,0,0,JE,0,0,1,0,0,0,JA,0,0,4989857,4990105,4989877,0,0,1,0,fortran,2.029693633037825e-12,0.0,0,0,0
0x4475ab,JNZ,3,2,-11,2,0x4475a7,SUB,1,NonLeaf,rbx(SUB) ,rbx rflags ,SUB,4,CALL_NEAR,7,NOP,10,JZ,2,TEST,3,POP,1,JMP,5,INVALID,0,INVALID,0,INVALID,0,0,0,0,1,1,CALL,0,1,0,1,0,0,JMP,1,0,4486567,4486560,4486573,0,0,1,0,fortran,6.089080899113475e-12,0.6666666666666666,1,1,1
0x447594,JZ,1,0,25,2,0x447591,TEST,1,NonLeaf,rbx(SAR) rbx(SAR) ,rflags ,TEST,3,SAR,4,SUB,7,MOV,5,PUSH,1,NOP,10,CALL_NEAR,7,SUB,4,JNZ,2,POP,1,0,1,1,0,0,JMP,0,0,1,0,0,0,NOP,0,0,4486528,4486573,4486550,0,0,0,0,fortran,2.029693633037825e-12,0.0,0,0,0
0x44756e,JNZ,3,2,-22,2,0x44756b,CMP,1,NonLeaf,rbx(ADD) r14(-1) ,rflags ,CMP,3,ADD,4,CALL_NEAR,7,MOV,2,MOV,3,POP,1,POP,1,POP,2,POP,2,POP,2,0,0,0,1,1,CALL,0,1,0,1,0,0,RET,1,0,4486503,4486488,4486512,0,0,1,0,fortran,6.089080899113475e-12,0.6666666666666666,1,1,1
0x447553,JZ,1,0,29,2,0x447550,TEST,1,NonLeaf,r14(-1) r14(-1) ,rflags ,TEST,3,CALL_NEAR,5,SAR,4,SUB,7,XOR,2,NOP,3,MOV,3,MOV,3,MOV,2,CALL_NEAR,7,0,1,1,0,0,RET,0,0,1,0,0,0,NOP,0,0,4486480,4486512,4486485,0,0,0,0,fortran,2.029693633037825e-12,0.0,0,0,0
0x447516,JZ,1,1,34,2,0x447513,TEST,1,NonLeaf,r14(SAR) r14(SAR) ,rflags ,TEST,3,XOR,2,PUSH,1,MOV,2,PUSH,1,NOP,8,MOV,3,MOV,3,MOV,2,CALL_NEAR,7,0,1,1,0,0,CALL,0,1,1,0,0,0,NOP,0,0,4486384,4486456,4486424,0,0,1,0,fortran,2.029693633037825e-12,1.0,1,0,1
0x4473fd,JZ,1,0,99,2,0x4473a7,TEST,1,NonLeaf,rbx(-1) rbx(-1) ,rflags ,MOV,11,MOV,11,MOV,11,MOV,11,MOV,11,LEA,5,XOR,2,DIV,3,MOV,7,MOV,11,0,1,0,0,0,JMP,0,0,1,0,0,0,DIV,0,0,4486048,4486240,4486143,0,0,0,0,fortran,2.029693633037825e-12,0.0,0,0,0
0x447384,JZ,1,1,28,2,0x447382,TEST,1,NonLeaf,eax(-1) eax(-1) ,rflags ,TEST,2,SYSCALL,2,MOV,4,MOV,3,MOV,8,MOV,5,CALL_NEAR,5,MOV,3,MOV,3,SUB,3,0,1,0,0,0,JE,0,0,1,0,0,0,CALL,0,1,4486018,4486048,4486022,0,0,1,1,fortran,2.029693633037825e-12,1.0,1,0,1
0x447320,JZ,1,0,112,2,0x44731d,TEST,1,NonLeaf,rbx(-1) rbx(-1) ,rflags ,TEST,3,AND,3,NEG,3,MOV,11,MOV,3,LEA,5,XOR,2,MOV,3,DIV,3,IMUL,4,0,1,0,0,0,JMP,0,0,1,0,0,0,ADD,0,0,4485892,4486032,4485922,0,0,0,0,fortran,2.029693633037825e-12,0.0,0,0,0
0x4472ac,JNZ,4,3,-12,2,0x4472a9,CMP,1,NonLeaf,rcx(-1) ,rflags ,CMP,3,JNB,2,CMP,3,ADD,4,NOP,6,MOV,4,MOV,4,MOV,4,MOV,4,CMP,3,1,1,0,0,0,JAE,0,0,1,0,0,0,JMP,1,0,4485801,4485792,4485806,1,0,0,0,fortran,8.118774532151299e-12,0.75,1,1,1
0x4472a7,JNB,3,0,41,2,0x4472a4,CMP,1,NonLeaf,rcx(ADD) rax(-1) ,rflags ,CMP,3,ADD,4,NOP,6,JMP,2,JB,2,CMP,3,JNZ,2,MOV,4,MOV,4,MOV,4,0,0,0,0,0,XOR,1,0,0,0,1,1,JNE,0,0,4485792,4485840,4485801,0,0,0,0,fortran,6.089080899113475e-12,0.0,0,0,0
0x447296,JB,1,1,19,2,0x447293,CMP,1,NonLeaf,rcx(-1) rax(ADD) ,rflags ,CMP,3,ADD,3,SUB,3,SHL,4,LEA,8,JMP,2,NOP,6,ADD,4,CMP,3,JNB,2,0,1,0,1,0,JNE,0,0,1,0,0,0,JMP,0,0,4485754,4485801,4485784,0,0,0,0,fortran,2.029693633037825e-12,1.0,1,0,1
0x447278,JZ,1,0,88,2,0x447275,TEST,1,NonLeaf,rcx(MOV) rcx(MOV) ,rflags ,TEST,3,MOV,7,SUB,4,PUSH,1,PUSH,1,MOV,7,LEA,8,SHL,4,SUB,3,ADD,3,0,1,0,0,0,XOR,0,0,1,0,0,0,JB,0,0,4485728,4485840,4485754,0,0,0,0,fortran,2.029693633037825e-12,0.0,0,0,0
0x447166,JZ,1,0,-1133,6,0x447158,AND,1,NonLeaf,ecx(AND) ,ecx rflags ,MOV,8,AND,6,JZ,2,CMP,4,JZ,2,JMP,5,LEA,4,CMP,3,JBE,6,NOP,2,0,0,1,0,0,JLE,0,0,1,0,0,0,JMP,0,0,4485464,4484345,4485484,0,0,0,0,fortran,2.029693633037825e-12,0.0,0,0,0
0x447156,JZ,1,0,-98,2,0x447152,CMP,1,NonLeaf,r15d(-1) ,rflags ,CMP,4,JZ,2,CMP,4,JBE,2,JMP,5,AND,6,MOV,8,JZ,6,JMP,5,LEA,4,0,0,0,0,0,JMP,0,0,0,0,0,0,JE,0,0,4485458,4485364,4485464,0,0,1,1,fortran,2.029693633037825e-12,0.0,0,0,0
0x447150,JZ,1,0,-92,2,0x44714c,CMP,1,NonLeaf,r15d(-1) ,rflags ,CMP,4,JBE,2,JMP,5,JNBE,6,CMP,3,CMP,4,JZ,2,AND,6,MOV,8,JZ,6,0,0,0,0,0,JMP,0,0,1,0,0,0,JE,0,0,4485452,4485364,4485458,0,0,1,0,fortran,2.029693633037825e-12,0.0,0,0,0
0x44714a,JBE,1,0,88,2,0x44713c,CMP,0,NonLeaf,eax(-1) ,rflags ,JMP,5,JNBE,6,CMP,3,MOV,8,AND,3,CMP,4,JZ,2,CMP,4,JZ,2,AND,6,0,1,0,0,0,JE,0,0,1,0,0,0,JE,0,0,4485450,4485538,4485452,0,0,0,0,fortran,2.029693633037825e-12,0.0,0,0,0
0x4470ea,JNZ,1,1,96,2,0x4470e6,CMP,1,NonLeaf,r15d(-1) ,rflags ,CMP,4,JMP,5,MOV,6,MOV,8,OR,3,MOV,2,OR,6,OR,6,MOV,8,MOV,6,0,1,0,0,0,JBE,0,0,1,0,0,0,OR,0,0,4485350,4485450,4485356,0,0,0,0,fortran,2.029693633037825e-12,1.0,1,0,1
0x447023,JNBE,1,1,195,6,0x447019,CMP,0,NonLeaf,r15d(-1) ,rflags ,JZ,6,CMP,4,JBE,6,JZ,6,CMP,4,CMP,4,NOP,3,JZ,6,JNBE,6,CMP,4,0,1,0,0,0,JNE,0,0,1,0,0,0,JE,0,0,4485155,4485350,4485161,0,0,0,0,fortran,2.029693633037825e-12,1.0,1,0,1
0x44701d,JZ,1,0,215,6,0x447019,CMP,1,NonLeaf,r15d(-1) ,rflags ,CMP,4,JBE,6,JZ,6,CMP,4,ADD,3,JNBE,6,CMP,4,NOP,3,JZ,6,JNBE,6,0,0,0,0,0,JMP,0,0,1,0,0,0,JA,0,0,4485145,4485364,4485155,0,0,1,0,fortran,2.029693633037825e-12,0.0,0,0,0
0x447013,JBE,1,0,154,6,0x447009,CMP,0,NonLeaf,r15d(-1) ,rflags ,JZ,6,CMP,4,ADD,3,JNZ,6,MOV,8,CMP,4,JZ,6,JNBE,6,CMP,4,NOP,3,0,1,0,0,0,JE,0,0,1,0,0,0,JE,0,0,4485139,4485293,4485145,0,0,0,0,fortran,2.029693633037825e-12,0.0,0,0,0
0x44700d,JZ,1,0,231,6,0x447009,CMP,1,NonLeaf,r15d(ADD) ,rflags ,CMP,4,ADD,3,JNZ,6,MOV,8,CMP,4,JBE,6,CMP,4,JZ,6,JNBE,6,CMP,4,0,1,0,0,0,JMP,0,0,1,0,0,0,JBE,0,0,4485126,4485364,4485139,0,0,1,0,fortran,2.029693633037825e-12,0.0,0,0,0
0x447000,JNZ,1,0,-775,6,0x446ff4,CMP,1,NonLeaf,r14d(-1) ,rflags ,MOV,8,CMP,4,JZ,6,MOV,6,MOV,6,ADD,3,CMP,4,JZ,6,JBE,6,CMP,4,0,0,1,0,0,JLE,0,0,1,0,0,0,JE,0,0,4485108,4484345,4485126,0,0,0,0,fortran,2.029693633037825e-12,0.0,0,0,0
0x446fee,JZ,1,0,151,6,0x446fd2,CMP,1,NonLeaf,r14d(AND) ,rflags ,MOV,6,MOV,6,MOV,6,MOV,6,CMP,4,CMP,4,MOV,8,JNZ,6,ADD,3,CMP,4,0,1,0,0,0,JMP,0,0,1,0,0,0,JNE,0,0,4485017,4485253,4485108,0,0,1,1,fortran,2.029693633037825e-12,0.0,0,0,0
0x446f84,JZ,1,1,-572,6,0x446f7d,TEST,1,NonLeaf,rip(JZ) ,rflags ,TEST,7,OR,10,JZ,2,AND,6,JZ,6,OR,10,JMP,5,MOV,6,MOV,5,CPUID,2,0,0,1,0,0,JLE,0,0,1,0,0,0,JMP,0,0,4484989,4484424,4485002,0,0,0,1,fortran,2.029693633037825e-12,1.0,1,0,1
0x446f71,JZ,1,0,12,2,0x446f6b,AND,1,NonLeaf,esi(AND) ,esi rflags ,AND,6,JZ,6,CMP,5,AND,5,OR,10,OR,10,TEST,7,JZ,6,OR,10,JMP,5,0,1,1,0,0,JE,0,0,1,0,0,0,OR,0,0,4484971,4484989,4484979,0,0,0,1,fortran,2.029693633037825e-12,0.0,0,0,0
0x446f65,JZ,1,0,248,6,0x446f60,CMP,1,NonLeaf,eax(AND) ,rflags ,CMP,5,AND,5,OR,10,JZ,2,TEST,3,AND,6,JZ,2,OR,10,TEST,7,JZ,6,0,1,0,0,0,JE,0,0,1,1,0,0,JE,0,0,4484955,4485213,4484971,0,0,0,0,fortran,2.029693633037825e-12,0.0,0,0,0
0x446f4f,JZ,1,0,12,2,0x446f4c,TEST,1,NonLeaf,dl(MOV) ,rflags ,TEST,3,MOV,6,OR,7,JZ,2,TEST,6,OR,10,AND,5,CMP,5,JZ,6,AND,6,0,1,1,0,0,JE,0,0,1,0,0,0,OR,0,0,4484934,4484955,4484945,0,0,0,1,fortran,2.029693633037825e-12,0.0,0,0,0
0x446f3d,JZ,1,0,9,2,0x446f37,TEST,1,NonLeaf,esi(-1) ,rflags ,TEST,6,JMP,5,MOV,6,MOV,6,MOV,6,OR,7,MOV,6,TEST,3,JZ,2,OR,10,0,1,1,0,0,JE,0,0,1,0,0,0,OR,0,0,4484919,4484934,4484927,0,0,0,1,fortran,2.029693633037825e-12,0.0,0,0,0
0x446e3d,JZ,1,0,35,2,0x446e36,ADD,1,NonLeaf,eax(ADD) rsp(-1) ,eax rflags ,ADD,7,MOV,7,JMP,2,XOR,2,XOR,2,OR,10,ADD,3,AND,3,MOV,7,NOP,10,0,0,1,0,0,CALL,0,1,1,0,0,0,NOP,0,0,4484655,4484704,4484671,1,1,1,1,fortran,2.029693633037825e-12,0.0,0,0,0
0x446e27,JB,30,5,-63,2,0x446e23,BT,1,NonLeaf,r11d(-1) edi(ADD) ,rflags ,BT,4,ADD,3,ADD,4,ADD,4,JZ,2,XOR,2,XOR,2,JMP,2,MOV,7,ADD,7,1,1,0,0,0,CPUID,0,0,1,0,0,0,JMP,0,0,4484643,4484584,4484649,0,0,0,0,fortran,6.089080899113475e-11,0.1666666666666666,0,0,0
0x446e16,JZ,29,1,25,2,0x446e0d,CMP,1,NonLeaf,r8d(-1) ,rflags ,MOV,5,CMP,4,AND,3,ADD,3,JZ,2,ADD,4,ADD,4,ADD,3,BT,4,JB,2,0,1,1,0,0,JE,1,0,0,0,0,0,ADD,0,0,4484621,4484655,4484632,0,1,0,0,fortran,5.886111535809693e-11,0.0344827586206896,0,0,0
0x446e05,JZ,29,29,8,2,0x446e02,AND,1,NonLeaf,ecx(AND) ,ecx rflags ,AND,3,ADD,4,MOV,4,JZ,2,MOV,4,ADD,3,AND,3,CMP,4,MOV,5,JZ,2,0,1,1,0,0,JE,0,0,1,0,0,0,AND,0,0,4484602,4484621,4484615,0,0,1,0,fortran,5.886111535809693e-11,1.0,1,0,1
0x446df8,JZ,30,1,32,2,0x446df1,CMP,1,NonLeaf,edi(-1) ,rflags ,MOV,4,CMP,3,CPUID,2,MOV,2,MOV,5,MOV,4,ADD,4,AND,3,JZ,2,ADD,3,0,1,0,0,0,ADD,0,0,1,1,0,0,JE,0,0,4484593,4484632,4484602,1,0,0,0,fortran,6.089080899113475e-11,0.0333333333333333,0,0,0
0x446d82,JZ,1,0,222,6,0x446d80,TEST,1,NonLeaf,al(-1) ,rflags ,TEST,2,CPUID,2,MOV,2,MOV,7,MOV,2,MOV,8,MOV,8,XOR,2,MOV,8,MOV,11,0,0,1,0,0,CALL,0,1,1,0,0,0,JMP,0,0,4484456,4484704,4484488,0,0,1,1,fortran,2.029693633037825e-12,0.0,0,0,0
0x446d62,JZ,1,0,254,6,0x446d60,TEST,1,NonLeaf,ebx(-1) ebx(-1) ,rflags ,TEST,2,CPUID,2,MOV,2,XOR,2,MOV,5,ADD,3,MOV,5,AND,3,MOV,2,MOV,7,0,0,1,0,0,CALL,0,1,1,0,0,0,JE,0,0,4484437,4484704,4484456,0,1,1,1,fortran,2.029693633037825e-12,0.0,0,0,0
0x446d4f,JLE,1,0,273,6,0x446d48,CMP,1,NonLeaf,rip(JLE) ,rflags ,CMP,7,JZ,6,CMP,3,AND,3,MOV,2,MOV,5,XOR,2,MOV,2,CPUID,2,TEST,2,0,0,1,0,0,CALL,0,1,1,0,0,0,JE,0,0,4484424,4484704,4484437,0,0,1,0,fortran,2.029693633037825e-12,0.0,0,0,0
0x446d42,JZ,1,1,501,6,0x446d3f,CMP,1,NonLeaf,edx(AND) ,rflags ,CMP,3,AND,3,MOV,2,XGETBV,3,XOR,2,CMP,7,JLE,6,MOV,5,XOR,2,MOV,2,0,1,0,0,0,JE,0,0,1,1,0,0,JLE,0,0,4484405,4484919,4484424,0,0,0,0,fortran,2.029693633037825e-12,1.0,1,0,1
0x446d2f,JZ,1,0,305,6,0x446d29,TEST,1,NonLeaf,esi(MOV) ,rflags ,TEST,6,MOV,6,MOV,6,MOV,6,MOV,6,XOR,2,XGETBV,3,MOV,2,AND,3,CMP,3,0,1,1,0,0,CALL,0,1,1,0,0,0,JE,0,0,4484387,4484704,4484405,0,0,1,0,fortran,2.029693633037825e-12,0.0,0,0,0
0x446d00,JLE,1,0,35,2,0x446cf9,CMP,1,NonLeaf,rip(JLE) ,rflags ,CMP,7,MOV,8,XOR,3,XOR,3,JZ,6,MOV,5,XOR,2,CPUID,2,MOV,6,MOV,6,0,1,1,0,0,JE,0,0,1,0,0,0,MOV,0,0,4484345,4484387,4484354,0,0,0,1,fortran,2.029693633037825e-12,0.0,0,0,0
0x446cd9,JZ,1,1,704,6,0x446cd3,CMP,1,NonLeaf,edx(-1) ,rflags ,CMP,6,JNZ,2,CMP,6,JNZ,2,MOV,6,CMP,6,JZ,6,XOR,3,XOR,3,MOV,8,0,1,0,0,0,JE,0,0,0,0,0,0,JE,0,0,4484307,4485017,4484319,1,0,1,0,fortran,2.029693633037825e-12,1.0,1,0,1
0x446cd1,JNZ,1,0,14,2,0x446ccb,CMP,1,NonLeaf,ecx(-1) ,rflags ,CMP,6,JNZ,2,MOV,6,MOV,5,MOV,4,CMP,6,JZ,6,CMP,6,JZ,6,XOR,3,0,0,0,0,0,JE,0,0,1,0,0,0,JE,0,0,4484299,4484319,4484307,0,0,0,0,fortran,2.029693633037825e-12,0.0,0,0,0
0x446cc9,JNZ,1,0,22,2,0x446caf,CMP,1,NonLeaf,ebx(-1) ,rflags ,MOV,6,MOV,5,MOV,4,MOV,5,CMP,6,CMP,6,JNZ,2,CMP,6,JZ,6,CMP,6,0,1,0,0,0,JE,0,0,1,0,0,0,JNE,0,0,4484240,4484319,4484299,0,0,0,0,fortran,2.029693633037825e-12,0.0,0,0,0
0x446be1,JNZ,1,0,124,2,0x446bdf,TEST,1,NonLeaf,eax(-1) eax(-1) ,rflags ,TEST,2,CALL_NEAR,5,LEA,5,CALL_NEAR,3,MOV,4,MOV,9,MOV,5,MOV,9,MOV,5,LEA,5,0,1,0,0,0,CALL,0,1,1,0,0,0,CALL,0,1,4484063,4484189,4484067,0,0,1,1,fortran,2.029693633037825e-12,0.0,0,0,0
0x446bc0,JZ,1,0,21,2,0x446bbd,TEST,1,NonLeaf,r13(-1) r13(-1) ,rflags ,TEST,3,JNZ,6,TEST,2,MOV,6,CALL_NEAR,5,MOV,7,MOV,5,MOV,4,CALL_NEAR,3,LEA,5,0,1,1,0,0,CALL,0,1,1,0,0,0,CALL,0,1,4484029,4484053,4484034,0,0,1,1,fortran,2.029693633037825e-12,0.0,0,0,0
0x446bb7,JNZ,1,0,194,6,0x446bb5,TEST,1,NonLeaf,eax(MOV) eax(MOV) ,rflags ,TEST,2,MOV,6,CALL_NEAR,5,MOV,3,XOR,2,TEST,3,JZ,2,MOV,7,MOV,5,MOV,4,0,1,0,0,0,CALL,0,1,1,1,0,0,JE,0,0,4484015,4484217,4484029,0,0,1,0,fortran,2.029693633037825e-12,0.0,0,0,0
0x446ba1,JZ,1,0,14,2,0x446b9e,TEST,1,NonLeaf,r14(-1) r14(-1) ,rflags ,TEST,3,CALL_NEAR,5,MOV,4,MOV,5,MOV,7,XOR,2,XOR,2,MOV,3,CALL_NEAR,5,MOV,6,0,1,1,0,0,JNE,0,0,1,0,0,0,CALL,0,1,4483998,4484015,4484003,0,0,0,1,fortran,2.029693633037825e-12,0.0,0,0,0
0x446b7b,JZ,1,1,14,2,0x446b78,TEST,1,NonLeaf,r12(-1) r12(-1) ,rflags ,TEST,3,MOV,9,MOV,4,MOV,9,XOR,2,XOR,2,XOR,2,MOV,3,CALL_NEAR,5,MOV,7,0,1,1,0,0,CALL,0,1,1,0,0,0,CALL,0,1,4483926,4483977,4483965,0,0,1,1,fortran,2.029693633037825e-12,1.0,1,0,1
0x446b3f,JB,13,12,-31,2,0x446b38,CMP,1,NonLeaf,rbx(ADD) ,rflags ,CMP,7,MOV,4,ADD,4,CALL_NEAR,3,JNZ,6,MOV,7,MOV,5,MOV,4,CALL_NEAR,5,MOV,7,0,1,0,0,0,JNE,0,0,0,0,0,0,CALL,1,1,4483888,4483872,4483905,0,0,0,1,fortran,2.638601722949173e-11,0.9230769230769232,1,1,1
0x446b27,JNZ,12,0,270,6,0x446b20,CMP,1,NonLeaf,rbx(-1) ,rflags ,MOV,3,CMP,4,NOP,2,JMP,2,MOV,5,CALL_NEAR,3,ADD,4,MOV,4,CMP,7,JB,2,0,0,0,0,0,CALL,1,1,0,0,1,1,CALL,0,1,4483872,4484149,4483885,0,0,1,1,fortran,2.4356323596453897e-11,0.0,0,0,0
0x446b11,JNZ,1,0,292,6,0x446b03,CMP,1,NonLeaf,rip(JNZ) ,rflags ,MOV,7,CMP,7,JNB,2,CMP,6,MOV,5,MOV,5,JMP,2,NOP,2,CMP,4,MOV,3,0,1,0,0,0,CALL,0,1,1,0,0,0,JMP,0,0,4483843,4484149,4483863,0,0,1,0,fortran,2.029693633037825e-12,0.0,0,0,0
0x446b01,JNB,1,0,64,2,0x446afb,CMP,1,NonLeaf,rax(MOV) ,rflags ,CMP,6,MOV,5,JLE,6,CMP,5,MOV,6,CMP,7,MOV,7,JNZ,6,MOV,5,JMP,2,0,1,0,0,0,CALL,0,1,1,0,0,0,JNE,0,0,4483830,4483905,4483843,0,0,1,0,fortran,2.029693633037825e-12,0.0,0,0,0
0x446af0,JLE,1,0,315,6,0x446aeb,CMP,1,NonLeaf,eax(-1) ,rflags ,CMP,5,MOV,6,JNZ,6,TEST,2,MOV,6,MOV,5,CMP,6,JNB,2,CMP,7,MOV,7,0,0,0,0,0,CALL,0,1,0,0,0,0,JAE,0,0,4483819,4484139,4483830,0,0,1,0,fortran,2.029693633037825e-12,0.0,0,0,0
0x446adf,JNZ,1,0,352,6,0x446add,TEST,1,NonLeaf,edx(MOV) edx(MOV) ,rflags ,TEST,2,MOV,6,JS,6,TEST,2,CALL_NEAR,5,MOV,6,CMP,5,JLE,6,MOV,5,CMP,6,0,1,0,0,0,JBE,0,0,1,0,0,0,MOV,0,0,4483799,4484159,4483813,0,0,0,1,fortran,2.029693633037825e-12,0.0,0,0,0
0x446ad1,JS,1,0,379,6,0x446acf,TEST,1,NonLeaf,eax(-1) eax(-1) ,rflags ,TEST,2,CALL_NEAR,5,JNZ,2,TEST,2,MOV,6,MOV,6,TEST,2,JNZ,6,MOV,6,CMP,5,0,1,0,0,0,CALL,0,1,1,0,0,0,JNE,0,0,4483791,4484172,4483799,0,0,1,0,fortran,2.029693633037825e-12,0.0,0,0,0
0x446ac8,JNZ,1,0,46,2,0x446ac6,TEST,1,NonLeaf,edx(MOV) edx(MOV) ,rflags ,TEST,2,MOV,6,CALL_NEAR,5,JNZ,2,CMP,5,CALL_NEAR,5,TEST,2,JS,6,MOV,6,TEST,2,0,1,0,0,0,JAE,0,0,1,0,0,0,CALL,0,1,4483776,4483830,4483786,0,0,0,1,fortran,2.029693633037825e-12,0.0,0,0,0
0x446ab9,JNZ,45,44,-9,2,0x446ab4,CMP,1,NonLeaf,rdi(ADD) ,rflags ,CMP,5,ADD,4,NOP,4,MOV,7,MOV,7,CALL_NEAR,5,MOV,6,TEST,2,JNZ,2,CALL_NEAR,5,1,1,1,1,1,JNE,0,0,1,1,0,0,CALL,1,1,4483760,4483760,4483771,1,0,0,1,fortran,9.133621348670212e-11,0.9777777777777776,1,1,1
0x446a6e,JZ,1,0,488,6,0x446a5d,TEST,1,NonLeaf,rax(MOV) rax(MOV) ,rflags ,MOV,5,MOV,4,MOV,5,TEST,3,SUB,7,MOV,6,XOR,2,TEST,2,SETZ,3,MOV,6,0,1,0,0,0,JMP,0,0,1,0,0,0,SETE,0,0,4483648,4484182,4483700,0,0,0,0,fortran,2.029693633037825e-12,0.0,0,0,0
0x44679d,JZ,1,0,81,2,0x44679a,TEST,1,NonLeaf,rbx(-1) rbx(-1) ,rflags ,TEST,3,CALL_NEAR,5,LEA,7,JZ,2,TEST,3,MOV,3,POP,1,POP,1,POP,2,RET_NEAR,1,0,1,0,0,0,CALL,0,1,1,0,0,0,RET,0,0,4482970,4483054,4482975,0,1,1,0,fortran,2.029693633037825e-12,0.0,0,0,0
0x44678c,JZ,1,1,14,2,0x446789,TEST,1,NonLeaf,r12(-1) r12(-1) ,rflags ,TEST,3,MOV,3,MOV,4,JNZ,2,CMP,4,LEA,7,CALL_NEAR,5,TEST,3,JZ,2,MOV,3,0,1,1,0,0,JE,0,0,1,0,0,0,CALL,0,1,4482953,4482970,4482958,0,0,0,1,fortran,2.029693633037825e-12,1.0,1,0,1
0x446722,JNZ,1,0,23,2,0x44671e,CMP,1,NonLeaf,rax(-1) rbp(-1) ,rflags ,CMP,4,JZ,2,TEST,3,MOV,7,CALL_NEAR,5,JMP,5,NOP,7,CMP,4,JZ,2,MOV,3,0,1,0,1,0,JNE,0,0,1,0,0,0,JMP,0,0,4482846,4482873,4482852,0,0,0,0,fortran,2.029693633037825e-12,0.0,0,0,0
0x44671c,JZ,1,0,38,2,0x446719,TEST,1,NonLeaf,rax(MOV) rax(MOV) ,rflags ,TEST,3,MOV,7,CALL_NEAR,5,LEA,7,JZ,2,CMP,4,JNZ,2,JMP,5,NOP,7,CMP,4,0,1,0,0,0,JE,0,0,1,0,0,0,JNE,0,0,4482834,4482882,4482846,0,0,0,0,fortran,2.029693633037825e-12,0.0,0,0,0
0x446704,JZ,1,1,14,2,0x446701,TEST,1,NonLeaf,r12(MOV) r12(MOV) ,rflags ,TEST,3,MOV,7,JZ,6,TEST,2,MOV,2,LEA,7,CALL_NEAR,5,MOV,7,TEST,3,JZ,2,0,1,1,0,0,JE,0,0,1,0,0,0,CALL,0,1,4482810,4482834,4482822,0,0,0,1,fortran,2.029693633037825e-12,1.0,1,0,1
0x4466f4,JZ,1,0,204,6,0x4466f2,TEST,1,NonLeaf,eax(MOV) eax(MOV) ,rflags ,TEST,2,MOV,2,JZ,6,PUSH,1,MOV,3,MOV,7,TEST,3,JZ,2,LEA,7,CALL_NEAR,5,0,0,0,0,0,RET,0,0,1,0,0,0,JE,0,0,4482800,4483008,4482810,0,0,0,0,fortran,2.029693633037825e-12,0.0,0,0,0
0x4466ea,JZ,1,0,214,6,0x4466e2,TEST,1,NonLeaf,rdi(-1) rdi(-1) ,rflags ,PUSH,1,MOV,3,PUSH,1,TEST,3,PUSH,2,MOV,2,TEST,2,JZ,6,MOV,7,TEST,3,0,1,0,0,0,RET,0,0,1,0,0,0,JE,0,0,4482784,4483008,4482800,0,0,0,0,fortran,2.029693633037825e-12,0.0,0,0,0
0x4465ad,JZ,1,1,45,2,0x44657d,CMP,1,NonLeaf,rip(JZ) ,rflags ,MOV,4,MOV,4,MOV,4,MOV,4,MOV,3,LEA,7,CALL_NEAR,5,MOV,7,MOV,7,LEA,7,0,1,0,0,0,POP,0,0,1,0,0,0,CALL,0,1,4482429,4482522,4482479,0,0,1,1,fortran,2.029693633037825e-12,1.0,1,0,1
0x44657b,JZ,1,0,114,2,0x446578,TEST,1,NonLeaf,r8d(MOV) r8d(MOV) ,rflags ,TEST,3,MOV,3,JZ,2,TEST,3,INVALID,0,CMP,8,MOV,5,PUSH,1,MOV,7,MOV,8,0,0,0,0,0,RET,0,0,1,0,0,0,JE,0,0,4482421,4482541,4482429,0,0,0,1,fortran,2.029693633037825e-12,0.0,0,0,0
0x446573,JZ,1,0,122,2,0x446570,TEST,1,NonLeaf,rdi(-1) rdi(-1) ,rflags ,TEST,3,INVALID,0,INVALID,0,INVALID,0,INVALID,0,MOV,3,TEST,3,JZ,2,CMP,8,MOV,5,0,1,0,0,0,RET,0,0,1,0,0,0,JE,0,0,4482416,4482541,4482421,0,0,0,0,fortran,2.029693633037825e-12,0.0,0,0,0
0x43dddb,JBE,3799,0,69,2,0x43ddd8,CMP,1,Leaf,r8(-1) rsi(-1) ,rflags ,CMP,3,JNZ,2,MOV,3,MOV,3,PUSH,1,DIV,3,MOV,3,XOR,2,POP,1,POP,1,0,1,0,0,0,JNE,0,0,1,0,0,0,DIV,0,0,4447704,4447776,4447709,0,0,0,0,fortran,7.710806111910697e-09,0.0,0,0,0
0x43ddd6,JNZ,3799,0,26,2,0x43ddc2,TEST,1,Leaf,rcx(-1) rcx(-1) ,rflags ,MOV,3,MOV,3,PUSH,1,PUSH,1,MOV,3,CMP,3,JBE,2,DIV,3,MOV,3,XOR,2,0,1,0,0,0,JA,0,0,1,0,0,0,JBE,0,0,4447680,4447728,4447704,0,0,0,0,fortran,7.710806111910697e-09,0.0,0,0,0
0x43dcae,JNBE,4286,4286,114,2,0x43dcab,CMP,1,Leaf,rdx(-1) rsi(-1) ,rflags ,CMP,3,JNZ,2,MOV,3,MOV,3,TEST,3,TEST,3,MOV,3,JNZ,2,MOV,5,XOR,2,0,1,0,0,0,RET,0,0,1,0,0,0,JNE,0,0,4447403,4447520,4447408,0,0,0,0,fortran,8.699266911200118e-09,1.0,1,0,1
0x43dca9,JNZ,4286,0,55,2,0x43dca0,TEST,1,Leaf,rcx(-1) rcx(-1) ,rflags ,MOV,3,MOV,3,TEST,3,INVALID,0,INVALID,0,CMP,3,JNBE,2,TEST,3,MOV,3,JNZ,2,0,1,0,0,0,JA,0,0,1,0,0,0,JA,0,0,4447392,4447456,4447403,0,0,0,0,fortran,8.699266911200118e-09,0.0,0,0,0
0x43cea4,JZ,487,487,12,2,0x43cea2,TEST,1,NonLeaf,eax(MOV) eax(MOV) ,rflags ,TEST,2,MOV,3,MOV,3,MOV,4,NOP,6,NEG,3,ADC,4,NEG,3,MOV,3,MOV,4,0,1,1,0,0,CALL,0,1,1,0,0,0,NEG,0,0,4443800,4443824,4443814,0,0,1,0,fortran,9.884607992894208e-10,1.0,1,0,1
0x43cd6f,JNBE,487,0,-148,6,0x43cd6c,CMP,1,NonLeaf,rax(-1) rsi(-1) ,rflags ,CMP,3,JB,2,JNBE,6,CMP,3,SBB,5,ADD,4,ADC,5,MOV,3,MOV,3,JMP,5,0,0,0,0,0,MOV,1,0,0,0,0,0,JMP,0,0,4443500,4443355,4443509,0,1,0,0,fortran,9.884607992894208e-10,0.0,0,0,0
0x43cd6a,JB,487,0,11,2,0x43cd61,CMP,0,NonLeaf,rdx(-1) rdi(-1) ,rflags ,JNBE,6,CMP,3,SBB,5,SUB,4,MOV,5,CMP,3,JNBE,6,ADD,4,ADC,5,MOV,3,0,1,0,0,0,JMP,0,0,1,0,0,0,JA,0,0,4443498,4443509,4443500,1,0,0,0,fortran,9.884607992894208e-10,0.0,0,0,0
0x43cd64,JNBE,487,0,-137,6,0x43cd61,CMP,1,NonLeaf,rdx(ADD) rdi(SBB) ,rflags ,CMP,3,SBB,5,SUB,4,MOV,5,ADD,3,JB,2,CMP,3,JNBE,6,ADD,4,ADC,5,0,0,0,0,0,MOV,1,0,1,0,0,0,JB,0,0,4443433,4443355,4443498,0,0,0,0,fortran,9.884607992894208e-10,0.0,0,0,0
0x43cd27,JNBE,487,0,-76,2,0x43cd22,CMP,1,NonLeaf,r13(-1) rsp(-1) ,rflags ,CMP,5,JB,2,NOP,3,RET_NEAR,1,POP,2,MOV,5,MOV,3,MOV,3,IMUL,4,MOVZX,3,0,0,0,0,0,MOV,1,0,0,0,0,0,JA,0,0,4443426,4443355,4443433,0,0,0,1,fortran,9.884607992894208e-10,0.0,0,0,0
0x43cd20,JB,487,0,9,2,0x43cd0e,ADD,0,NonLeaf,rsp(-1) ,rsp rflags ,NOP,3,RET_NEAR,1,POP,2,POP,2,POP,2,CMP,5,JNBE,2,MOV,5,MOV,3,MOV,3,0,1,0,0,0,JA,0,0,1,0,0,0,JA,0,0,4443424,4443433,4443426,0,0,1,0,fortran,9.884607992894208e-10,0.0,0,0,0
0x43cd08,JNZ,487,0,446,6,0x43ccff,XOR,1,NonLeaf,rax(XOR) fs(-1) ,rax rflags ,XOR,9,MOV,5,CALL_NEAR,5,MOV,3,MOV,5,ADD,4,POP,1,POP,1,POP,2,POP,2,0,1,0,0,0,CALL,0,1,1,0,0,0,RET,0,0,4443386,4443846,4443406,0,0,1,0,fortran,9.884607992894208e-10,0.0,0,0,0
0x43ccd9,JBE,487,487,71,2,0x43ccd6,CMP,1,NonLeaf,r14(-1) r12(-1) ,rflags ,CMP,3,JNBE,6,CMP,3,LEA,3,JZ,6,MOV,5,MOV,5,MOV,3,CALL_NEAR,5,MOV,5,0,1,0,0,0,JB,0,0,1,0,0,0,MOV,1,0,4443350,4443424,4443355,0,0,0,0,fortran,9.884607992894208e-10,1.0,1,1,1
0x43ccd0,JNBE,487,0,285,6,0x43cccd,CMP,1,NonLeaf,cl(LEA) ,rflags ,CMP,3,LEA,3,JZ,6,CMP,2,JZ,6,CMP,3,JBE,2,MOV,5,MOV,5,MOV,3,0,0,0,0,0,JMP,1,0,0,0,0,0,JBE,0,0,4443338,4443629,4443350,0,0,0,0,fortran,9.884607992894208e-10,0.0,0,0,0
0x43ccc4,JZ,487,0,204,6,0x43ccc2,CMP,1,NonLeaf,al(-1) ,rflags ,CMP,2,JZ,6,TEST,2,CALL_NEAR,5,MOV,3,LEA,3,CMP,3,JNBE,6,CMP,3,JBE,2,0,1,0,0,0,JNE,0,0,1,0,0,0,JA,0,0,4443330,4443536,4443338,0,0,0,0,fortran,9.884607992894208e-10,0.0,0,0,0
0x43ccbc,JZ,974,487,476,6,0x43ccba,TEST,1,NonLeaf,al(-1) al(-1) ,rflags ,TEST,2,CALL_NEAR,5,MOV,3,LEA,5,LEA,5,CMP,2,JZ,6,LEA,3,CMP,3,JNBE,6,0,1,0,0,0,JE,1,0,1,0,0,0,JE,0,0,4443322,4443800,4443330,0,0,0,0,fortran,1.9769215985788416e-09,0.5,0,0,0
0x43cc4c,JZ,487,0,484,6,0x43cc49,CMP,1,NonLeaf,cl(-1) ,rflags ,CMP,3,JZ,6,CMP,3,MOVZX,3,MOV,5,MOV,4,CALL_NEAR,5,MOV,8,MOV,5,MOV,5,0,1,0,0,0,MOV,0,0,1,0,0,0,CALL,0,1,4443209,4443696,4443218,0,0,1,1,fortran,9.884607992894208e-10,0.0,0,0,0
0x43cc43,JZ,487,0,581,6,0x43cc40,CMP,1,NonLeaf,cl(MOVZX) ,rflags ,CMP,3,MOVZX,3,MOV,5,JZ,2,CMP,3,CMP,3,JZ,6,MOV,4,CALL_NEAR,5,MOV,8,0,1,0,0,0,JMP,0,0,1,0,0,0,JE,0,0,4443192,4443784,4443209,0,0,1,0,fortran,9.884607992894208e-10,0.0,0,0,0
0x43cc36,JZ,487,0,-22,2,0x43cc33,CMP,1,NonLeaf,rax(-1) ,rflags ,CMP,3,JZ,6,MOV,4,TEST,2,ADD,4,MOV,5,MOVZX,3,CMP,3,JZ,6,CMP,3,1,1,0,0,0,JE,0,0,1,0,0,0,JE,1,0,4443187,4443168,4443192,1,0,1,1,fortran,9.884607992894208e-10,0.0,0,0,0
0x43cc0f,JNZ,487,487,36,2,0x43cc0d,TEST,1,NonLeaf,edx(MOV) edx(MOV) ,rflags ,TEST,2,MOV,4,JZ,6,MOV,5,TEST,3,JMP,5,NOP,10,SUB,3,ADD,4,TEST,2,0,1,0,1,0,JE,0,0,1,0,0,0,JMP,0,0,4443145,4443187,4443153,0,0,0,0,fortran,9.884607992894208e-10,1.0,1,0,1
0x43cc03,JZ,487,0,247,6,0x43cbfb,TEST,1,NonLeaf,rax(-1) rax(-1) ,rflags ,MOV,5,TEST,3,CALL_NEAR,5,MOV,4,MOV,4,MOV,4,TEST,2,JNZ,2,JMP,5,NOP,10,0,1,1,0,0,JNE,0,0,1,0,0,0,JNE,0,0,4443131,4443386,4443145,0,0,0,0,fortran,9.884607992894208e-10,0.0,0,0,0
0x43c8f2,JNZ,27,0,177,6,0x43c8e9,XOR,1,NonLeaf,rax(XOR) fs(-1) ,rax rflags ,XOR,9,MOV,5,MOV,6,OR,2,SHL,3,ADD,4,POP,1,POP,1,POP,2,POP,2,0,1,0,0,0,CALL,0,1,1,0,0,0,RET,0,0,4442316,4442531,4442360,0,0,1,0,fortran,5.480172809202128e-11,0.0,0,0,0
0x43c8aa,JLE,27,27,20,2,0x43c8a7,TEST,1,NonLeaf,r15d(-1) r15d(-1) ,rflags ,TEST,3,CALL_NEAR,5,MOV,3,SUB,3,MOV,3,LEA,5,MOVSXD,3,MOV,5,CALL_NEAR,5,MOVZX,7,0,0,1,0,0,MOV,0,0,1,0,0,0,CALL,0,1,4442279,4442302,4442284,0,0,0,1,fortran,5.480172809202128e-11,1.0,1,0,1
0x43c87e,JNL,27,27,14,2,0x43c87b,CMP,1,NonLeaf,r15d(-1) r12d(MOV) ,rflags ,CMP,3,MOV,5,JZ,2,TEST,3,CALL_NEAR,5,MOV,3,SUB,3,MOVSXD,3,ADD,3,CMP,3,0,1,1,0,0,CALL,0,1,1,0,0,0,ADD,0,0,4442230,4442252,4442240,1,0,1,0,fortran,5.480172809202128e-11,1.0,1,0,1
0x43c874,JZ,27,0,74,2,0x43c871,TEST,1,NonLeaf,rax(-1) rax(-1) ,rflags ,TEST,3,CALL_NEAR,5,MOV,4,LEA,5,JZ,6,MOV,5,CMP,3,JNL,2,MOV,3,SUB,3,0,0,1,0,0,MOV,0,0,1,0,0,0,JGE,0,0,4442225,4442302,4442230,0,0,0,0,fortran,5.480172809202128e-11,0.0,0,0,0
0x43c85d,JZ,27,0,179,6,0x43c85b,TEST,1,NonLeaf,esi(MOV) esi(MOV) ,rflags ,TEST,2,MOV,3,MOV,6,AND,3,CMOVZ,4,LEA,5,MOV,4,CALL_NEAR,5,TEST,3,JZ,2,0,1,0,0,0,JLE,0,0,1,0,0,0,CALL,1,1,4442128,4442384,4442211,0,0,1,1,fortran,5.480172809202128e-11,0.0,0,1,0
0x47960e,JZ,431,138,98,2,0x47960b,SHR,1,Leaf,ecx(SHR) ,ecx rflags ,SHR,3,MOV,2,JNBE,2,CMP,7,NOP,10,DEC,2,MOV,3,MOV,4,MOV,4,MOV,4,0,1,1,0,0,JNE,0,0,1,0,1,0,JE,0,0,4691465,4691568,4691472,0,1,0,1,fortran,8.747979558393025e-10,0.3201856148491879,0,0,0
0x43c3a7,JNBE,487,0,153,6,0x43c3a4,CMP,1,NonLeaf,edi(-1) ,rflags ,CMP,3,SUB,4,INVALID,0,INVALID,0,INVALID,0,MOV,2,JMP,7,NOP,10,MOV,5,XOR,2,0,1,0,0,0,CALL,1,1,1,0,0,0,JMP,0,0,4440992,4441152,4441005,0,0,1,0,fortran,9.884607992894208e-10,0.0,0,0,0
0x43c35a,JNZ,487,0,58,2,0x43c351,XOR,1,NonLeaf,rax(XOR) fs(-1) ,rax rflags ,XOR,9,MOV,5,CALL_NEAR,5,MOVSXD,3,MOV,3,ADD,4,RET_NEAR,1,NOP,7,MOV,3,JMP,2,0,0,0,0,0,CALL,0,1,1,0,0,0,RET,0,0,4440908,4440980,4440924,0,0,1,0,fortran,9.884607992894208e-10,0.0,0,0,0
0x43c327,JNBE,487,0,97,2,0x43c324,CMP,1,NonLeaf,ecx(-1) ,rflags ,CMP,3,XOR,2,MOV,5,MOV,9,SUB,4,MOV,2,JMP,7,NOP,6,MOV,4,MOV,5,0,1,0,0,0,CALL,0,1,1,0,0,0,JMP,0,0,4440848,4440968,4440873,0,0,1,0,fortran,9.884607992894208e-10,0.0,0,0,0
0x43c2b2,JZ,487,0,14,2,0x43c2ab,CMP,1,Leaf,r9b(MOVZX) ,rflags ,MOV,3,CMP,4,MOV,2,MOV,3,LEA,4,RET_NEAR,2,NOP,10,CMP,3,JNZ,2,TEST,2,0,1,0,0,0,JNE,0,0,0,0,0,0,REPZ RET,0,0,4440728,4440768,4440756,0,0,0,0,fortran,9.884607992894208e-10,0.0,0,0,0
0x43c296,JZ,974,487,30,2,0x43c294,TEST,1,Leaf,ecx(MOV) ecx(MOV) ,rflags ,TEST,2,XOR,2,MOV,2,INVALID,0,INVALID,0,MOV,3,SUB,3,MOVZX,4,LEA,4,MOV,3,0,1,0,0,0,REPZ RET,0,0,1,0,0,0,JE,0,0,4440720,4440756,4440728,0,1,0,1,fortran,1.9769215985788416e-09,0.5,0,0,0
0x4370e9,JZ,419,0,27,2,0x4370e6,TEST,1,NonLeaf,rax(-1) rax(-1) ,rflags ,TEST,3,CALL_NEAR,5,MOV,3,MOV,7,MOV,7,MOV,4,MOV,5,JMP,5,XOR,2,JMP,5,0,1,0,0,0,CALL,0,1,1,0,0,0,JMP,0,0,4419814,4419844,4419819,0,1,1,1,fortran,8.504416322428487e-10,0.0,0,0,0
0x4370ce,JNZ,958,539,-14,2,0x4370cb,TEST,1,NonLeaf,rax(MOV) rax(MOV) ,rflags ,TEST,3,MOV,4,CMOVZ,4,CMP,3,NOP,7,MOV,7,MOV,7,MOV,3,CALL_NEAR,5,TEST,3,1,1,1,1,1,JNE,0,0,0,1,0,0,CALL,1,1,4419776,4419776,4419792,1,0,0,1,fortran,1.944446500450236e-09,0.5626304801670147,1,1,1
0x4370b7,JZ,419,0,73,2,0x4370b4,TEST,1,NonLeaf,rax(MOV) rax(MOV) ,rflags ,TEST,3,MOV,4,OR,7,MOV,7,MOV,7,NOP,7,CMP,3,CMOVZ,4,MOV,4,TEST,3,0,1,0,0,0,JMP,1,0,1,0,0,0,NOP,0,0,4419739,4419840,4419769,0,0,0,0,fortran,8.504416322428487e-10,0.0,0,0,0
0x437099,JZ,431,12,96,2,0x437097,TEST,1,NonLeaf,edi(MOV) edi(MOV) ,rflags ,TEST,2,MOV,3,JNZ,2,MOV,3,TEST,3,MOV,7,MOV,7,OR,7,MOV,4,TEST,3,0,1,0,0,0,JMP,1,0,1,0,0,0,JE,0,0,4419732,4419833,4419739,0,0,0,1,fortran,8.747979558393025e-10,0.0278422273781902,0,0,0
0x437092,JNZ,13708,13277,-83,2,0x43708c,TEST,1,NonLeaf,rax(-1) rax(-1) ,rflags ,MOV,3,TEST,3,CALL_NEAR,5,MOV,3,LEA,4,MOV,3,TEST,2,JZ,2,MOV,7,MOV,7,0,0,0,0,0,JNE,1,0,1,0,0,0,JE,0,0,4419724,4419647,4419732,0,0,0,0,fortran,2.782304032168251e-08,0.9685585059819084,1,0,1
0x43705c,JBE,734,496,12,2,0x437059,CMP,1,NonLeaf,ecx(SUB) ,rflags ,CMP,3,MOV,3,SUB,3,JBE,2,CMP,3,NOP,2,POP,1,POP,1,POP,2,RET_NEAR,1,0,0,0,0,0,RET,0,0,1,0,0,0,NOP,0,0,4419667,4419688,4419678,0,0,1,0,fortran,1.4897951266497634e-09,0.6757493188010899,1,0,1
0x437051,JBE,761,27,23,2,0x43704e,CMP,1,NonLeaf,eax(LEA) ,rflags ,CMP,3,LEA,3,JNZ,2,TEST,2,MOV,3,SUB,3,MOV,3,CMP,3,JBE,2,NOP,2,0,1,0,0,0,RET,0,0,1,0,0,0,JBE,0,0,4419659,4419688,4419667,0,0,1,0,fortran,1.5445968547417846e-09,0.0354796320630749,0,0,0
0x437049,JNZ,25726,24965,23,2,0x437047,TEST,1,NonLeaf,esi(MOV) esi(MOV) ,rflags ,TEST,2,MOV,3,MOV,2,MOV,3,MOV,8,LEA,3,CMP,3,JBE,2,SUB,3,MOV,3,0,0,0,0,0,RET,0,0,1,0,0,0,JBE,0,0,4419647,4419680,4419659,0,0,0,0,fortran,5.221589840353109e-08,0.9704190313301718,1,0,1
0x437035,JZ,26157,13708,75,2,0x437032,TEST,1,NonLeaf,rdx(MOV) rdx(MOV) ,rflags ,TEST,3,MOV,4,MOV,7,PUSH,1,MOV,3,MOV,8,MOV,3,MOV,2,MOV,3,TEST,2,0,1,0,0,0,CALL,0,1,1,0,0,0,MOV,1,0,4419616,4419712,4419639,0,0,1,1,fortran,5.3090696359370395e-08,0.5240662155445961,1,0,1
0x436fb9,JZ,28,6,7,2,0x436fb6,TEST,1,NonLeaf,rdi(MOV) rdi(MOV) ,rflags ,TEST,3,MOV,8,LEA,4,MOV,2,MOV,7,CALL_NEAR,5,LEA,4,LEA,4,MOV,7,MOV,11,0,1,1,0,0,CALL,0,1,1,0,0,0,CALL,0,1,4419489,4419520,4419515,0,0,1,1,fortran,5.6831421725059097e-11,0.2142857142857142,0,0,0
0x436f9c,JNLE,608,580,-12,2,0x436f9a,CMP,1,NonLeaf,esi(-1) eax(ADD) ,rflags ,CMP,2,XOR,2,ADD,4,MOVSX,4,NOP,3,AND,3,MOV,7,MOV,2,LEA,4,MOV,8,1,1,1,1,1,JG,0,0,1,1,0,0,AND,1,0,4419472,4419472,4419486,1,0,0,0,fortran,1.2340537288869974e-09,0.9539473684210528,1,1,1
0x436f83,JLE,28,0,138,6,0x436f81,TEST,1,NonLeaf,esi(MOV) esi(MOV) ,rflags ,TEST,2,MOV,4,MOV,3,JMP,5,ADD,4,XOR,2,XOR,2,NOP,3,MOVSX,4,ADD,4,0,1,0,0,0,JMP,1,0,1,0,0,0,NOP,0,0,4419450,4419597,4419465,0,0,0,0,fortran,5.6831421725059097e-11,0.0,0,0,0
0x436f31,JNZ,35,28,73,2,0x436f2e,TEST,1,NonLeaf,r12b(-1) r12b(-1) ,rflags ,TEST,3,JNZ,6,TEST,3,MOV,4,MOV,4,OR,7,JMP,5,NOP,1,MOV,4,LEA,4,0,1,0,0,0,JLE,0,0,1,0,0,0,JMP,1,0,4419374,4419450,4419379,0,0,0,1,fortran,7.103927715632387e-11,0.8,1,1,1
0x436f28,JNZ,35,0,-182,6,0x436f25,TEST,1,NonLeaf,rdx(MOV) rdx(MOV) ,rflags ,TEST,3,MOV,4,MOV,4,CALL_NEAR,5,MOV,3,TEST,3,JNZ,2,OR,7,JMP,5,NOP,1,0,0,0,0,0,CALL,1,1,1,0,0,0,JNE,0,0,4419357,4419186,4419374,0,0,1,0,fortran,7.103927715632387e-11,0.0,0,0,0
0x436e9b,JNZ,295,0,374,6,0x436e92,XOR,1,NonLeaf,rax(XOR) fs(-1) ,rax rflags ,XOR,9,MOV,5,CALL_NEAR,5,MOV,7,JNZ,2,ADD,4,POP,1,POP,1,POP,2,POP,2,0,1,0,0,0,CALL,0,1,1,0,0,0,RET,0,0,4419213,4419601,4419233,0,0,1,0,fortran,5.987596217461584e-10,0.0,0,0,0
0x436e5f,JZ,35,35,177,6,0x436e5c,CMP,1,NonLeaf,eax(-1) ,rflags ,CMP,3,MOV,7,JZ,6,TEST,2,MOV,3,MOV,8,MOV,5,XOR,2,MOV,3,CALL_NEAR,5,0,1,0,0,0,CALL,0,1,1,0,0,0,MOV,1,0,4419164,4419344,4419173,0,0,1,1,fortran,7.103927715632387e-11,1.0,1,0,1
0x436e4f,JZ,35,35,161,6,0x436e4d,TEST,1,NonLeaf,eax(MOV) eax(MOV) ,rflags ,TEST,2,MOV,3,MOV,4,ADD,4,MOV,7,MOV,7,CMP,3,JZ,6,MOV,8,MOV,5,0,1,0,0,0,CALL,0,1,1,0,0,0,MOV,0,0,4419121,4419312,4419157,0,0,1,1,fortran,7.103927715632387e-11,1.0,1,0,1
0x436e2f,JNZ,35,0,129,2,0x436e2c,AND,1,NonLeaf,edx(AND) ,edx rflags ,AND,3,JNZ,6,TEST,3,JNZ,6,STOSQ,3,MOV,4,MOV,6,MOV,7,ADD,4,MOV,4,0,0,0,0,0,JMP,0,0,0,1,0,0,JE,0,0,4419116,4419248,4419121,0,0,1,1,fortran,7.103927715632387e-11,0.0,0,0,0
0x436e26,JNZ,35,0,154,6,0x436e23,TEST,1,NonLeaf,dl(-1) ,rflags ,TEST,3,JNZ,6,STOSQ,3,TEST,3,SHR,3,AND,3,JNZ,2,MOV,4,MOV,6,MOV,7,0,0,0,0,0,JE,0,0,0,0,0,0,JNE,0,0,4419107,4419264,4419116,1,1,1,0,fortran,7.103927715632387e-11,0.0,0,1,0
0x436e1d,JNZ,35,0,187,6,0x436e17,TEST,0,NonLeaf,dl(-1) ,rflags ,STOSQ,3,TEST,3,SHR,3,XOR,2,MOV,2,TEST,3,JNZ,6,AND,3,JNZ,2,MOV,4,0,1,0,0,0,JE,0,0,1,0,0,0,JNE,0,0,4419101,4419288,4419107,0,0,1,0,fortran,7.103927715632387e-11,0.0,0,0,0
0x436e0a,JNZ,35,0,350,6,0x436e06,TEST,1,NonLeaf,dil(-1) ,rflags ,TEST,4,JNZ,6,TEST,4,JNZ,6,MOV,4,MOV,2,XOR,2,SHR,3,TEST,3,STOSQ,3,0,1,0,0,0,JMP,0,0,1,1,0,0,TEST,0,0,4419078,4419432,4419088,1,0,1,0,fortran,7.103927715632387e-11,0.0,0,0,0
0x436e00,JNZ,35,0,336,6,0x436dfc,TEST,1,NonLeaf,dil(-1) ,rflags ,TEST,4,JNZ,6,MOV,4,MOV,4,MOV,8,TEST,4,JNZ,6,MOV,2,XOR,2,SHR,3,0,1,0,0,0,JMP,0,0,1,1,0,0,JNE,0,0,4419068,4419408,4419078,1,0,1,0,fortran,7.103927715632387e-11,0.0,0,0,0
0x436df6,JNZ,35,0,330,6,0x436dae,TEST,1,NonLeaf,dil(LEA) ,rflags ,MOV,4,MOV,4,MOV,8,MOV,8,MOV,7,TEST,4,JNZ,6,TEST,4,JNZ,6,MOV,2,0,1,0,0,0,JMP,0,0,1,1,0,0,JNE,0,0,4418961,4419392,4419068,0,0,1,0,fortran,7.103927715632387e-11,0.0,0,0,0
0x436d57,JNZ,966,706,-15,2,0x436d54,TEST,1,NonLeaf,rbx(MOV) rbx(MOV) ,rflags ,TEST,3,MOV,4,CALL_NEAR,5,MOV,3,NOP,5,JMP,5,NOP,2,MOV,11,MOV,3,CALL_NEAR,5,0,0,0,1,1,CALL,0,1,1,1,0,0,JMP,1,0,4418896,4418888,4418905,0,0,1,0,fortran,1.9606840495145392e-09,0.7308488612836439,1,1,1
0x436d3d,JZ,260,0,336,6,0x436d3a,TEST,1,NonLeaf,rbx(MOV) rbx(MOV) ,rflags ,TEST,3,MOV,11,MOV,4,MOV,7,MOV,8,NOP,5,MOV,3,CALL_NEAR,5,MOV,4,TEST,3,0,0,1,0,0,JNE,0,0,1,0,0,0,NOP,0,0,4418816,4419213,4418883,0,0,0,0,fortran,5.277203445898344e-10,0.0,0,0,0
0x436cfe,JZ,260,0,109,2,0x436cf4,TEST,1,NonLeaf,rax(MOV) rax(MOV) ,rflags ,MOV,7,TEST,3,MOV,7,JNZ,2,TEST,2,MOV,7,MOV,7,MOV,7,MOV,7,MOV,8,0,0,0,0,0,CALL,0,1,1,0,0,0,JE,1,0,4418797,4418923,4418816,0,1,1,1,fortran,5.277203445898344e-10,0.0,0,0,0
0x436ceb,JNZ,260,0,117,2,0x436ce9,TEST,1,NonLeaf,eax(-1) eax(-1) ,rflags ,TEST,2,CALL_NEAR,5,MOV,3,JNZ,6,CMP,6,MOV,7,TEST,3,MOV,7,JZ,2,MOV,7,0,0,0,0,0,MOV,0,0,1,0,0,0,JE,0,0,4418793,4418912,4418797,0,0,1,1,fortran,5.277203445898344e-10,0.0,0,0,0
0x436cdb,JNZ,282,22,133,6,0x436cd5,CMP,1,NonLeaf,edx(-1) rbx(-1) ,rflags ,CMP,6,JZ,6,TEST,3,MOV,7,LEA,4,MOV,3,CALL_NEAR,5,TEST,2,JNZ,2,MOV,7,0,0,0,0,0,MOV,0,0,1,0,0,0,CALL,0,1,4418773,4418912,4418785,0,0,1,1,fortran,5.723736045166667e-10,0.0780141843971631,0,0,0
0x436ccf,JZ,288,6,145,6,0x436ccc,TEST,1,NonLeaf,rdi(MOV) rdi(MOV) ,rflags ,TEST,3,MOV,7,LEA,4,MOVSXD,3,LEA,4,CMP,6,JNZ,6,MOV,3,CALL_NEAR,5,TEST,2,0,1,0,0,0,MOV,0,0,1,0,0,0,JNE,0,0,4418739,4418912,4418773,0,0,1,0,fortran,5.845517663148937e-10,0.0208333333333333,0,0,0
0x436cae,JNLE,7496,7208,-14,2,0x436cac,CMP,1,NonLeaf,edx(-1) eax(ADD) ,rflags ,CMP,2,XOR,3,ADD,4,MOVSX,5,NOP,3,AND,3,MOV,7,LEA,4,MOVSXD,3,LEA,4,1,1,1,1,1,JG,0,0,1,1,0,0,AND,1,0,4418720,4418720,4418736,1,0,0,0,fortran,1.5214583473251535e-08,0.9615795090715048,1,1,1
0x436c95,JLE,288,0,881,6,0x436c93,TEST,1,NonLeaf,edx(MOV) edx(MOV) ,rflags ,TEST,2,MOV,4,MOV,3,JZ,6,AND,4,XOR,2,NOP,3,MOVSX,5,ADD,4,XOR,3,0,1,0,0,0,JMP,1,0,1,0,0,0,NOP,0,0,4418700,4419590,4418715,0,0,0,0,fortran,5.845517663148937e-10,0.0,0,0,0
0x436c86,JZ,295,7,257,6,0x436c82,AND,1,NonLeaf,r12d(AND) ,r12d rflags ,AND,4,XOR,4,SHR,4,MOV,5,XOR,2,MOV,3,MOV,4,TEST,2,JLE,6,XOR,2,0,1,0,0,0,CALL,1,1,1,0,0,0,JLE,0,0,4418640,4418951,4418700,0,0,1,0,fortran,5.987596217461584e-10,0.023728813559322,0,0,0
0x436ae5,JNZ,80,75,-69,2,0x436ae1,SUB,1,NonLeaf,rbp(SUB) ,rbp rflags ,SUB,4,MOV,11,ADD,4,MOV,10,MOV,11,ADD,4,POP,1,POP,1,RET_NEAR,1,INVALID,0,0,0,0,1,1,JE,0,0,1,1,0,0,RET,1,0,4418237,4418208,4418279,0,0,0,0,fortran,1.62375490643026e-10,0.9375,1,1,1
0x436aaa,JZ,80,74,19,2,0x436aa7,TEST,1,NonLeaf,rdi(MOV) rdi(MOV) ,rflags ,TEST,3,MOV,7,NOP,2,SUB,4,MOV,3,CALL_NEAR,5,MOV,7,CALL_NEAR,5,MOV,11,MOV,10,1,1,1,0,0,JNE,0,0,1,0,0,0,CALL,0,1,4418208,4418237,4418220,0,0,1,1,fortran,1.62375490643026e-10,0.925,1,0,1
0x436a55,JNZ,35,0,14,2,0x436a52,TEST,1,NonLeaf,rdi(MOV) rdi(MOV) ,rflags ,TEST,3,MOV,4,JZ,2,TEST,3,SUB,4,JMP,2,NOP,7,MOV,3,MOV,3,CALL_NEAR,5,0,1,0,1,0,CALL,0,1,1,0,0,0,JMP,0,0,4418126,4418147,4418135,0,0,1,0,fortran,7.103927715632387e-11,0.0,0,0,0
0x436a4c,JZ,35,0,52,2,0x436a49,TEST,1,NonLeaf,rdi(-1) rdi(-1) ,rflags ,TEST,3,SUB,4,PUSH,1,MOV,3,PUSH,1,MOV,4,TEST,3,JNZ,2,JMP,2,NOP,7,0,1,0,0,0,RET,0,0,1,0,0,0,JNE,0,0,4418112,4418176,4418126,0,1,0,0,fortran,7.103927715632387e-11,0.0,0,0,0
0x43679b,JBE,28,28,-1947,6,0x436798,CMP,1,Recursive,eax(SUB) ,rflags ,CMP,3,SUB,3,JMP,5,MOV,4,MOV,5,MOV,8,JMP,5,NOP,2,MOV,3,CALL_NEAR,5,0,0,1,0,0,JE,0,0,-1,-1,-1,-1,JMP,-1,0,4417429,4415488,4417441,0,0,1,1,fortran,5.6831421725059097e-11,1.0,1,1,1
0x4365ee,JZ,2,2,12,2,0x4365eb,CMP,1,Recursive,eax(-1) ,rflags ,CMP,3,JZ,6,CMP,3,MOV,7,JZ,6,MOV,3,MOV,7,LEA,5,LEA,5,MOV,5,0,0,1,0,0,CALL,0,1,0,0,0,0,MOV,0,0,4417003,4417018,4417008,0,0,1,1,fortran,4.0593872660756495e-12,1.0,1,0,1
0x4365e5,JZ,2,0,1001,6,0x4365e2,CMP,1,Recursive,eax(-1) ,rflags ,CMP,3,MOV,7,JZ,6,TEST,2,MOV,3,CMP,3,JZ,2,MOV,3,MOV,7,LEA,5,0,0,0,0,0,JMP,1,0,0,0,0,0,JE,0,0,4416994,4417998,4417003,0,0,1,0,fortran,4.0593872660756495e-12,0.0,0,0,0
0x4365d5,JZ,2,2,503,6,0x4365d3,TEST,1,Recursive,eax(MOV) eax(MOV) ,rflags ,TEST,2,MOV,3,NOP,5,JMP,5,MOV,3,MOV,7,CMP,3,JZ,6,CMP,3,JZ,2,0,0,0,0,0,CALL,0,1,0,0,0,0,MOV,0,0,4416976,4417484,4416987,0,0,1,1,fortran,4.0593872660756495e-12,1.0,1,0,1
0x436541,JNBE,37,0,15,2,0x43653e,CMP,1,Recursive,eax(LEA) ,rflags ,CMP,3,LEA,3,MOV,6,MOV,5,NOP,3,JMP,7,NOP,6,MOV,8,JMP,5,NOP,3,0,0,0,0,0,JMP,0,0,1,0,0,0,JMP,0,0,4416827,4416848,4416835,0,0,1,0,fortran,7.509866442239953e-11,0.0,0,0,0
0x436442,JZ,6,6,-621,6,0x436439,CMP,1,Recursive,rbx(-1) ,rflags ,MOV,4,CMP,5,MOVZX,5,MOV,4,CALL_NEAR,5,JMP,5,NOP,3,MOV,5,JMP,5,NOP,6,0,0,0,0,0,JMP,0,0,1,0,0,0,JMP,1,0,4416560,4415957,4416584,0,0,0,0,fortran,1.217816179822695e-11,1.0,1,0,1
0x436321,JZ,21,0,-294,6,0x43631e,CMP,1,Recursive,ebp(-1) ,rflags ,CMP,3,JZ,6,CMP,3,JBE,6,JZ,6,JMP,5,NOP,4,LEA,5,LEA,5,MOV,5,0,0,0,0,0,CALL,0,1,1,0,0,0,JMP,1,0,4416286,4415995,4416295,0,0,1,0,fortran,4.262356629379433e-11,0.0,0,0,0
0x436318,JZ,23,2,1063,6,0x436315,CMP,1,Recursive,ebp(-1) ,rflags ,CMP,3,JBE,6,JZ,6,CMP,3,MOV,7,CMP,3,JZ,6,JMP,5,NOP,4,LEA,5,0,1,0,0,0,CALL,0,1,1,0,0,0,JE,0,0,4416277,4417343,4416286,0,0,1,0,fortran,4.668295355986998e-11,0.0869565217391304,0,0,0
0x43630f,JBE,23,0,921,6,0x436306,CMP,0,Recursive,ebp(-1) ,rflags ,JZ,6,CMP,3,MOV,7,JZ,6,TEST,2,CMP,3,JZ,6,CMP,3,JZ,6,JMP,5,0,1,0,0,0,JNE,1,0,1,0,0,0,JE,0,0,4416271,4417192,4416277,0,0,0,0,fortran,4.668295355986998e-11,0.0,0,0,0
0x436309,JZ,29,6,1127,6,0x436306,CMP,1,Recursive,ebp(-1) ,rflags ,CMP,3,MOV,7,JZ,6,TEST,2,MOV,4,JBE,6,CMP,3,JZ,6,CMP,3,JZ,6,0,1,0,0,0,CALL,0,1,1,0,0,0,JBE,0,0,4416262,4417392,4416271,0,0,1,0,fortran,5.886111535809693e-11,0.2068965517241379,0,0,0
0x4362f9,JZ,29,29,1079,6,0x4362f7,TEST,1,Recursive,ebp(MOV) ebp(MOV) ,rflags ,TEST,2,MOV,4,MOV,3,NOP,3,JMP,5,MOV,7,CMP,3,JZ,6,JBE,6,CMP,3,0,1,0,0,0,CALL,0,1,1,0,0,0,MOV,0,0,4416240,4417328,4416255,0,0,1,1,fortran,5.886111535809693e-11,1.0,1,0,1
0x43614c,JZ,13,7,-244,6,0x436149,CMP,1,Recursive,eax(-1) ,rflags ,CMP,3,JZ,2,CMP,3,MOV,2,MOV,7,MOV,3,MOV,2,JMP,2,NOP,7,MOV,3,0,0,0,0,0,JNE,0,0,1,0,0,0,JMP,0,0,4415817,4415576,4415826,0,0,0,1,fortran,2.638601722949173e-11,0.5384615384615384,1,0,1
0x436147,JZ,55,42,-87,2,0x436144,CMP,1,Recursive,eax(MOV) ,rflags ,CMP,3,MOV,2,MOV,7,JZ,6,TEST,2,CMP,3,JZ,6,MOV,3,MOV,2,JMP,2,0,0,0,0,0,MOV,0,0,1,0,0,0,JE,0,0,4415812,4415728,4415817,0,0,0,0,fortran,1.1163314981708037e-10,0.7636363636363637,1,0,1
0x436135,JZ,55,55,1067,6,0x436133,TEST,1,Recursive,ebp(MOV) ebp(MOV) ,rflags ,TEST,2,MOV,3,MOV,7,MOV,5,CALL_NEAR,5,MOV,7,MOV,2,CMP,3,JZ,2,CMP,3,0,1,0,0,0,CALL,0,1,1,0,0,0,MOV,0,0,4415792,4416864,4415803,0,0,1,1,fortran,1.1163314981708037e-10,1.0,1,0,1
0x4360f7,JNZ,65,6,-348,6,0x4360f5,TEST,1,Recursive,ebp(MOV) ebp(MOV) ,rflags ,TEST,2,MOV,2,MOV,3,NOP,9,JMP,7,MOV,3,CALL_NEAR,5,MOV,2,JMP,5,NOP,4,0,0,0,0,0,MOV,0,0,0,0,0,0,CALL,0,1,4415733,4415387,4415741,0,0,1,1,fortran,1.3193008614745863e-10,0.0923076923076923,0,0,0
0x4360da,JNBE,45,0,-312,6,0x4360d7,CMP,1,Recursive,eax(LEA) ,rflags ,CMP,3,LEA,3,MOV,7,JZ,6,TEST,2,JMP,7,NOP,9,MOV,3,MOV,2,TEST,2,0,0,0,1,1,JA,0,0,1,0,0,0,JMP,0,0,4415700,4415394,4415712,0,0,0,0,fortran,9.133621348670212e-11,0.0,0,0,0
0x4360c7,JZ,45,10,153,6,0x4360c5,TEST,1,Recursive,ebp(-1) ebp(-1) ,rflags ,TEST,2,MOV,7,MOV,3,MOV,5,CALL_NEAR,5,MOV,7,LEA,3,CMP,3,JNBE,6,JMP,7,0,1,0,0,0,CALL,0,1,1,0,0,0,MOV,0,0,4415685,4415840,4415693,0,0,1,1,fortran,9.133621348670212e-11,0.2222222222222222,0,0,0
0x43606b,JNZ,41,0,2439,6,0x43605d,XOR,1,Recursive,rcx(XOR) fs(-1) ,rcx rflags ,MOV,5,XOR,9,MOV,5,NOP,7,MOV,8,ADD,4,POP,1,POP,1,POP,2,POP,2,0,1,0,0,0,CALL,0,1,1,0,0,0,RET,0,0,4415576,4418034,4415601,0,0,1,0,fortran,8.321743895455083e-11,0.0,0,0,0
0x436043,JNL,29,29,402,6,0x436040,CMP,1,Recursive,eax(-1) rdx(-1) ,rflags ,CMP,3,JZ,6,TEST,2,MOV,3,MOV,3,MOV,8,NOP,7,MOV,5,XOR,9,MOV,5,0,-1,-1,-1,-1,JMP,-1,0,1,1,0,0,NOP,0,0,4415552,4415957,4415561,0,0,0,1,fortran,5.886111535809693e-11,1.0,1,0,1
0x43603a,JZ,35,6,411,6,0x436038,TEST,1,Recursive,eax(MOV) eax(MOV) ,rflags ,TEST,2,MOV,3,MOV,3,MOV,5,JZ,6,CMP,3,JNL,6,MOV,8,NOP,7,MOV,5,0,-1,-1,-1,-1,JMP,-1,0,1,1,0,0,JGE,0,0,4415541,4415957,4415552,0,0,0,0,fortran,7.103927715632387e-11,0.1714285714285714,0,0,0
0x436027,JZ,35,0,2094,6,0x436024,CMP,1,Recursive,eax(-1) ,rflags ,CMP,3,MOV,7,JZ,6,TEST,2,MOV,3,MOV,5,MOV,3,MOV,3,TEST,2,JZ,6,0,1,0,0,0,JE,0,0,1,0,0,0,MOV,0,0,4415524,4417621,4415533,0,0,0,1,fortran,7.103927715632387e-11,0.0,0,0,0
0x436017,JZ,35,35,2094,6,0x436015,TEST,1,Recursive,eax(MOV) eax(MOV) ,rflags ,TEST,2,MOV,3,MOV,3,MOV,7,MOV,3,MOV,7,CMP,3,JZ,6,MOV,5,MOV,3,0,1,0,0,0,CALL,0,1,1,0,0,0,MOV,0,0,4415488,4417605,4415517,0,0,1,1,fortran,7.103927715632387e-11,1.0,1,0,1
0x435ffa,JNZ,7,0,2374,6,0x435ff7,CMP,1,Recursive,eax(-1) ,rflags ,CMP,3,JNZ,6,TEST,2,MOV,8,MOV,7,MOV,5,MOV,3,MOV,7,MOV,3,MOV,3,0,-1,-1,-1,-1,JMP,-1,0,0,1,0,0,JE,0,0,4415479,4417856,4415488,0,0,1,1,fortran,1.4207855431264776e-11,0.0,0,0,0
0x435ff1,JNZ,35,28,1956,6,0x435fef,TEST,1,Recursive,edx(MOV) edx(MOV) ,rflags ,TEST,2,MOV,8,MOV,7,JZ,6,TEST,2,CMP,3,JNZ,6,MOV,5,MOV,3,MOV,7,0,1,0,0,0,JBE,0,0,1,0,0,0,JNE,0,0,4415463,4417429,4415479,0,0,0,0,fortran,7.103927715632387e-11,0.8,1,0,1
0x435fda,JZ,35,35,2006,6,0x435fd8,TEST,1,Recursive,eax(MOV) eax(MOV) ,rflags ,TEST,2,MOV,3,MOV,4,MOV,5,CALL_NEAR,5,MOV,7,MOV,8,TEST,2,JNZ,6,CMP,3,0,1,0,0,0,CALL,0,1,1,0,0,0,MOV,0,0,4415436,4417456,4415456,0,0,1,1,fortran,7.103927715632387e-11,1.0,1,0,1
0x435fa5,JNBE,106,0,1451,6,0x435fa2,CMP,1,Recursive,ebp(-1) ,rflags ,CMP,3,MOV,7,JZ,6,TEST,2,MOV,9,MOV,2,JMP,7,NOP,4,LEA,5,LEA,5,1,1,0,0,0,JMP,1,0,1,0,0,0,JMP,0,0,4415394,4416848,4415403,0,0,1,0,fortran,2.1514752510200943e-10,0.0,0,0,0
0x435f95,JZ,41,41,360,6,0x435f93,TEST,1,Recursive,ebp(MOV) ebp(MOV) ,rflags ,TEST,2,MOV,9,MOV,3,MOV,9,MOV,5,MOV,7,CMP,3,JNBE,6,MOV,2,JMP,7,0,1,0,0,0,CALL,0,1,1,0,0,0,MOV,0,0,4415312,4415741,4415387,0,0,1,1,fortran,8.321743895455083e-11,1.0,1,0,1
0x435ea3,JNZ,74,8,-35,2,0x435e9e,TEST,1,NonLeaf,rcx(MOV) rsi(MOVSXD) ,rflags ,TEST,5,MOVSXD,3,MOV,4,CALL_NEAR,5,MOV,3,SUB,4,ADD,4,CMP,4,SBB,2,ADD,3,0,1,0,0,0,MOV,0,0,1,1,0,0,JMP,1,0,4415127,4415104,4415141,0,0,1,1,fortran,1.5019732884479906e-10,0.1081081081081081,0,0,0
0x435d06,JZ,31,0,-54,2,0x435d04,CMP,1,NonLeaf,ebp(-1) eax(-1) ,rflags ,CMP,2,JZ,6,CMP,3,CALL_NEAR,5,MOV,3,SUB,4,ADD,4,MOV,5,JMP,5,NOP,6,0,0,0,0,0,ADD,0,0,1,0,0,0,JMP,1,0,4414724,4414672,4414728,0,0,1,1,fortran,6.292050262417258e-11,0.0,0,0,0
0x435cfe,JZ,31,0,562,6,0x435cfb,CMP,1,NonLeaf,eax(-1) ,rflags ,CMP,3,CALL_NEAR,5,MOV,3,MOV,5,JNZ,2,CMP,2,JZ,2,SUB,4,ADD,4,MOV,5,0,0,0,0,0,JMP,1,0,1,0,0,0,JE,0,0,4414715,4415280,4414724,0,0,1,0,fortran,6.292050262417258e-11,0.0,0,0,0
0x435cec,JNZ,318,287,-28,2,0x435cea,CMP,1,NonLeaf,ebp(-1) eax(-1) ,rflags ,CMP,2,JZ,6,CMP,3,CALL_NEAR,5,MOV,3,MOV,5,MOV,3,CALL_NEAR,5,CMP,3,JZ,6,0,1,0,0,0,ADD,0,0,1,0,0,0,CALL,0,1,4414698,4414672,4414702,0,0,1,1,fortran,6.454425753060284e-10,0.9025157232704404,1,0,1
0x435ce4,JZ,318,0,588,6,0x435ce1,CMP,1,NonLeaf,eax(-1) ,rflags ,CMP,3,CALL_NEAR,5,MOV,3,MOV,5,ADD,4,CMP,2,JNZ,2,MOV,5,MOV,3,CALL_NEAR,5,0,1,0,0,0,JMP,1,0,1,0,0,0,JNE,0,0,4414689,4415280,4414698,0,0,1,0,fortran,6.454425753060284e-10,0.0,0,0,0
0x435b1c,JNBE,301,0,948,6,0x435b19,CMP,1,NonLeaf,eax(LEA) ,rflags ,CMP,3,LEA,3,MOV,2,CALL_NEAR,5,SUB,4,JMP,7,NOP,7,MOV,5,XOR,2,MOV,3,0,1,0,0,0,JMP,0,0,1,0,0,0,JMP,0,0,4414228,4415184,4414242,0,0,0,0,fortran,6.109377835443854e-10,0.0,0,0,0
0x435acc,JL,535,104,-131,6,0x435ac6,CMP,1,Recursive,eax(ADD) rbx(-1) ,rflags ,MOV,3,CMP,3,ADD,3,MOV,3,JNZ,2,MOV,7,XOR,2,POP,1,RET_NEAR,1,NOP,3,0,0,0,1,1,JNE,0,0,0,0,0,0,RET,1,0,4414144,4414025,4414162,0,1,0,1,fortran,1.0858860936752363e-09,0.1943925233644859,0,1,0
0x435abe,JNZ,922,916,-85,2,0x435ab7,TEST,1,Recursive,rdi(MOV) rdi(MOV) ,rflags ,MOV,4,TEST,3,MOV,4,RET_NEAR,1,POP,1,MOV,3,ADD,3,CMP,3,MOV,3,JL,6,0,0,0,1,0,CALL,0,1,0,0,0,0,JL,0,0,4414131,4414057,4414144,0,0,1,1,fortran,1.8713775296608747e-09,0.9934924078091106,1,0,1
0x435a71,JZ,16844,2004,-25,2,0x435a6e,TEST,1,Recursive,rax(-1) rax(-1) ,rflags ,TEST,3,CALL_NEAR,5,JZ,2,MOV,4,TEST,3,JMP,2,NOP,3,MOV,4,TEST,3,JNZ,2,0,1,0,0,0,JE,0,0,1,0,0,0,JMP,1,0,4414062,4414040,4414067,0,0,1,0,fortran,3.418815955488912e-08,0.1189741154120161,0,0,0
0x435a67,JZ,2004,529,89,2,0x435a60,TEST,1,Recursive,rdi(MOV) rdi(MOV) ,rflags ,MOV,4,TEST,3,MOV,4,MOV,4,NOP,4,CALL_NEAR,5,TEST,3,JZ,2,JMP,2,NOP,3,0,0,0,0,0,JL,1,0,0,0,1,1,CALL,0,1,4414040,4414144,4414057,0,0,1,1,fortran,4.067506040607801e-09,0.2639720558882235,0,0,0
0x435a50,JNZ,15375,14453,25,2,0x435a4d,TEST,1,Recursive,rdi(MOV) rdi(MOV) ,rflags ,TEST,3,MOV,4,JLE,6,CMP,3,JZ,2,JMP,2,NOP,4,MOV,4,MOV,4,TEST,3,1,1,0,1,0,CALL,0,1,1,0,0,0,JMP,0,0,4414025,4414057,4414034,0,0,1,0,fortran,3.1206539607956566e-08,0.9400325203252032,1,0,1
0x435a43,JLE,15271,0,143,6,0x435a40,CMP,1,Recursive,eax(-1) rdi(-1) ,rflags ,CMP,3,JZ,2,CMP,3,MOV,3,NOP,3,MOV,4,TEST,3,JNZ,2,JMP,2,NOP,4,0,1,0,0,0,RET,0,0,1,0,1,0,JNE,0,0,4414016,4414162,4414025,0,0,1,0,fortran,3.0995451470120626e-08,0.0,0,0,0
0x435a3e,JZ,15271,0,58,2,0x435a3b,CMP,1,Recursive,eax(MOV) ,rflags ,CMP,3,MOV,3,NOP,3,RET_NEAR,1,POP,1,CMP,3,JLE,6,MOV,4,TEST,3,JNZ,2,0,1,0,0,0,JNE,0,0,1,0,0,0,JLE,0,0,4414008,4414072,4414016,0,0,0,0,fortran,3.0995451470120626e-08,0.0,0,0,0
0x435a31,JNLE,15700,2004,119,2,0x435a28,CMP,1,Recursive,edx(LEA) rdi(-1) ,rflags ,MOV,3,MOV,3,CMP,3,LEA,3,MOV,3,POP,1,RET_NEAR,1,NOP,3,MOV,3,CMP,3,0,1,0,0,0,RET,0,0,0,0,0,0,RET,0,0,4413986,4414120,4414003,0,0,1,0,fortran,3.186619003869385e-08,0.1276433121019108,0,0,0
0x435a20,JZ,30971,15271,24,2,0x435a1d,CMP,1,Recursive,rdi(-1) ,rflags ,CMP,3,JZ,6,MOV,3,PUSH,1,TEST,3,MOV,3,LEA,3,CMP,3,MOV,3,MOV,3,0,1,0,0,0,JE,0,0,1,0,0,0,JG,0,0,4413981,4414008,4413986,0,0,0,1,fortran,6.286164150881448e-08,0.4930741661554357,0,0,0
0x435a17,JZ,30971,0,216,6,0x435a10,TEST,1,Recursive,rdi(-1) rdi(-1) ,rflags ,MOV,3,PUSH,1,TEST,3,INVALID,0,INVALID,0,CMP,3,JZ,2,MOV,3,LEA,3,CMP,3,0,1,0,0,0,RET,0,0,1,0,0,0,JE,0,0,4413968,4414191,4413981,0,0,0,0,fortran,6.286164150881448e-08,0.0,0,0,0
0x435a03,JZ,745,76,-28,2,0x435a00,CMP,1,NonLeaf,eax(-1) ,rflags ,CMP,3,NOP,6,RET_NEAR,1,POP,2,POP,1,JMP,2,INVALID,0,INVALID,0,INVALID,0,INVALID,0,0,0,0,0,0,JNE,0,0,1,0,0,0,JMP,1,0,4413952,4413927,4413957,0,0,0,0,fortran,1.5121217566131794e-09,0.1020134228187919,0,1,0
0x4359ee,JNZ,745,745,-46,2,0x4359ec,TEST,1,NonLeaf,ebp(-1) ebp(-1) ,rflags ,TEST,2,JNZ,2,TEST,3,JNZ,2,MOV,3,MOV,5,POP,1,POP,1,POP,2,RET_NEAR,1,1,1,0,0,0,CALL,0,1,1,0,0,0,MOV,1,0,4413932,4413888,4413936,1,0,1,0,fortran,1.5121217566131794e-09,1.0,1,1,1
0x4359ea,JNZ,76,55,11,2,0x4359e7,TEST,1,NonLeaf,r12d(-1) r12d(-1) ,rflags ,TEST,3,JNZ,2,MOV,3,CMP,3,MOV,3,TEST,2,JNZ,2,MOV,5,POP,1,POP,1,0,0,1,0,0,RET,1,0,0,0,1,1,JNE,0,0,4413927,4413941,4413932,0,0,0,0,fortran,1.5425671611087468e-10,0.7236842105263158,1,0,1
0x4359e5,JNZ,745,745,27,2,0x4359df,CMP,1,NonLeaf,eax(MOV) ,rflags ,MOV,3,CMP,3,MOV,3,MOVSX,4,MOV,3,TEST,3,JNZ,2,TEST,2,JNZ,2,MOV,5,0,1,0,0,0,JE,0,0,1,0,0,0,JNE,0,0,4413899,4413952,4413927,0,0,0,0,fortran,1.5121217566131794e-09,1.0,1,0,1
0x4358dd,JZ,100,35,51,2,0x4358d9,CMP,1,NonLeaf,rsi(-1) ,rflags ,CMP,4,MOV,3,JZ,2,AND,4,MOV,4,MOV,3,MOV,4,MOV,3,MOV,3,MOV,3,0,1,0,0,0,JMP,0,0,1,0,0,0,MOV,0,0,4413657,4413712,4413663,0,0,1,1,fortran,2.0296936330378247e-10,0.35,0,0,0
0x4358d4,JZ,100,100,5,2,0x4358d0,AND,1,NonLeaf,r9d(AND) ,r9d rflags ,AND,4,MOV,4,ADD,4,XOR,2,JZ,2,MOV,3,CMP,4,JZ,2,MOV,3,MOV,4,0,1,1,0,0,JE,0,0,1,0,0,0,MOV,0,0,4413648,4413657,4413654,0,0,0,1,fortran,2.0296936330378247e-10,1.0,1,0,1
0x4358c4,JZ,100,100,12,2,0x4358c0,TEST,1,NonLeaf,r9b(-1) ,rflags ,TEST,4,ADD,4,MOV,6,JZ,2,STOSQ,3,XOR,2,ADD,4,MOV,4,AND,4,JZ,2,0,1,1,0,0,JE,0,0,1,0,0,0,MOV,0,0,4413632,4413648,4413638,1,0,0,1,fortran,2.0296936330378247e-10,1.0,1,0,1
0x4358b4,JZ,100,100,12,2,0x4358ad,TEST,0,NonLeaf,r9b(-1) ,rflags ,STOSQ,3,TEST,4,SHR,3,XOR,2,MOV,3,MOV,6,ADD,4,TEST,4,JZ,2,XOR,2,0,1,1,0,0,JE,0,0,1,0,0,0,ADD,0,0,4413620,4413632,4413622,0,0,0,1,fortran,2.0296936330378247e-10,1.0,1,0,1
0x43589f,JNZ,100,0,177,6,0x43589b,TEST,1,NonLeaf,dil(-1) ,rflags ,TEST,4,JNZ,6,TEST,4,JNZ,6,MOV,4,MOV,3,XOR,2,SHR,3,TEST,4,STOSQ,3,0,0,0,0,0,JMP,0,0,0,1,0,0,TEST,0,0,4413595,4413776,4413605,1,0,1,0,fortran,2.0296936330378247e-10,0.0,0,1,0
0x435895,JNZ,100,0,163,6,0x435891,TEST,1,NonLeaf,dil(-1) ,rflags ,TEST,4,JNZ,6,MOV,4,MOV,6,MOV,3,TEST,4,JNZ,6,MOV,3,XOR,2,SHR,3,0,0,0,0,0,JE,0,0,0,0,0,0,JNE,0,0,4413585,4413752,4413595,1,0,1,0,fortran,2.0296936330378247e-10,0.0,0,0,0
0x43588b,JNZ,100,0,149,6,0x43587a,TEST,1,NonLeaf,r8b(-1) ,rflags ,MOV,4,MOV,6,MOV,3,TEST,4,LEA,4,TEST,4,JNZ,6,TEST,4,JNZ,6,MOV,3,0,1,0,0,0,JE,0,0,1,0,0,0,JNE,0,0,4413558,4413728,4413585,0,0,1,0,fortran,2.0296936330378247e-10,0.0,0,0,0
0x435870,JZ,100,0,248,6,0x43586d,CMP,1,NonLeaf,r8(MOV) rax(LEA) ,rflags ,CMP,3,LEA,7,MOV,4,MOV,4,SUB,4,LEA,4,TEST,4,MOV,3,MOV,6,MOV,4,0,1,0,0,0,CALL,0,1,1,1,0,0,JNE,0,0,4413520,4413800,4413558,0,0,1,1,fortran,2.0296936330378247e-10,0.0,0,0,0
0x43584c,JNZ,490,490,-20,2,0x435849,CMP,1,Recursive,rbx(-1) ,rflags ,CMP,3,JZ,2,TEST,3,MOV,4,CALL_NEAR,5,POP,1,RET_NEAR,1,INVALID,0,INVALID,0,INVALID,0,1,1,0,0,0,CALL,0,1,0,1,0,0,RET,1,0,4413513,4413496,4413518,0,0,1,0,fortran,9.94549880188534e-10,1.0,1,1,1
0x435847,JZ,490,98,7,2,0x435844,TEST,1,Recursive,rbx(MOV) rbx(MOV) ,rflags ,TEST,3,MOV,4,CALL_NEAR,5,MOV,3,NOP,4,CMP,3,JNZ,2,POP,1,RET_NEAR,1,INVALID,0,0,0,1,0,0,RET,1,0,0,0,1,1,JNE,0,0,4413504,4413518,4413513,0,0,0,0,fortran,9.94549880188534e-10,0.2,0,0,0
0x435830,JNZ,98,98,25,2,0x43582d,TEST,1,Recursive,rbx(MOV) rbx(MOV) ,rflags ,TEST,3,MOV,4,PUSH,1,NOP,3,RET_NEAR,1,JMP,2,NOP,4,MOV,3,CALL_NEAR,5,MOV,4,0,1,0,1,0,JNE,0,0,1,0,0,0,JMP,0,0,4413480,4413513,4413490,0,0,0,0,fortran,1.9890997603770682e-10,1.0,1,0,1
0x435822,JZ,1456,98,6,2,0x435810,CMP,1,Recursive,rdi(-1) ,rflags ,MOV,8,MOV,7,CMP,3,INVALID,0,INVALID,0,RET_NEAR,1,NOP,3,PUSH,1,MOV,4,TEST,3,0,1,0,0,0,JNE,0,0,1,0,0,0,RET,0,0,4413456,4413480,4413476,0,0,1,0,fortran,2.955233929703073e-09,0.0673076923076923,0,0,0
0x434aa1,JNZ,138,0,218,6,0x434a98,XOR,1,NonLeaf,rax(XOR) fs(-1) ,rax rflags ,XOR,9,MOV,8,NOP,1,JNZ,6,TEST,3,ADD,7,POP,1,POP,1,POP,2,POP,2,0,1,0,0,0,CALL,0,1,1,0,0,0,RET,0,0,4410000,4410235,4410023,0,0,1,0,fortran,2.8009772135921984e-10,0.0,0,0,0
0x434a13,JLE,138,138,125,2,0x434a0d,CMP,1,NonLeaf,rsp(-1) ,rflags ,CMP,6,SUB,3,SHL,4,IMUL,9,MOV,3,MOV,5,JMP,2,NOP,4,IMUL,4,MOV,12,0,0,1,0,0,JNE,1,0,1,0,0,0,JMP,0,0,4409822,4410000,4409877,0,0,0,0,fortran,2.8009772135921984e-10,1.0,1,0,1
0x4349d8,JNZ,138,0,350,6,0x4349d5,CMP,1,NonLeaf,r9(-1) rax(ADD) ,rflags ,CMP,3,ADD,4,ADD,5,ADD,5,MOV,8,MOV,3,MOV,12,IMUL,6,SHL,4,SUB,3,0,1,0,0,0,JNE,0,0,1,0,0,0,JLE,0,0,4409791,4410166,4409822,0,0,1,1,fortran,2.8009772135921984e-10,0.0,0,0,0
0x434962,JNZ,138,138,382,6,0x434960,TEST,1,NonLeaf,cl(AND) cl(AND) ,rflags ,TEST,2,NOP,9,MOV,3,MOV,3,MOV,3,MOV,5,MOV,3,ADD,3,TEST,3,JLE,2,1,1,0,0,0,CALL,0,1,1,0,0,0,JLE,0,0,4409696,4410080,4409704,0,0,1,0,fortran,2.8009772135921984e-10,1.0,1,0,1
0x4348c7,JZ,138,0,457,6,0x4348c4,TEST,1,NonLeaf,r12(-1) r12(-1) ,rflags ,TEST,3,JNZ,6,TEST,2,SHR,4,MOV,3,CMP,4,MOV,8,LEA,8,SETZ,3,CMP,4,0,1,1,0,0,JNE,1,0,1,0,0,0,NOP,0,0,4409540,4410000,4409549,0,0,0,1,fortran,2.8009772135921984e-10,0.0,0,0,0
0x4348be,JNZ,138,0,507,6,0x4348bc,TEST,1,NonLeaf,al(SHR) al(SHR) ,rflags ,TEST,2,SHR,4,MOV,3,JNL,6,MOV,3,TEST,3,JZ,6,CMP,4,MOV,8,LEA,8,0,0,0,0,0,JE,0,0,0,1,0,0,JE,0,0,4409525,4410041,4409540,0,0,0,0,fortran,2.8009772135921984e-10,0.0,0,0,0
0x4348af,JNL,138,0,522,6,0x4348a6,CMP,1,NonLeaf,rbx(-1) rbp(-1) ,rflags ,MOV,3,MOV,3,CMP,3,MOV,3,MOV,9,MOV,3,SHR,4,TEST,2,JNZ,6,TEST,3,0,1,0,0,0,JE,0,0,1,0,0,0,JNE,0,0,4409510,4410041,4409525,0,0,0,0,fortran,2.8009772135921984e-10,0.0,0,0,0
0x434898,JNZ,138,0,14,2,0x434895,TEST,1,NonLeaf,r8(-1) r8(-1) ,rflags ,TEST,3,JZ,6,TEST,3,MOV,5,MOV,4,MOV,9,MOV,3,CMP,3,MOV,3,MOV,3,0,1,1,0,0,JGE,0,0,1,0,0,0,MOV,0,0,4409493,4409510,4409498,0,0,0,1,fortran,2.8009772135921984e-10,0.0,0,0,0
0x43488f,JZ,138,138,718,6,0x43488c,TEST,1,NonLeaf,r9(MOV) r9(MOV) ,rflags ,TEST,3,MOV,5,MOV,4,MOV,8,JMP,2,TEST,3,JNZ,2,MOV,9,MOV,3,CMP,3,0,0,0,0,0,JMP,0,0,0,1,0,0,JNE,0,0,4409467,4410205,4409493,0,0,1,0,fortran,2.8009772135921984e-10,1.0,1,0,1
0x434855,JNZ,138,0,-77,2,0x434852,CMP,1,NonLeaf,r12(-1) rcx(-1) ,rflags ,CMP,3,JZ,2,CMP,3,ADD,4,ADD,4,MOV,4,MOV,4,MOV,4,TEST,3,CMOVZ,4,1,1,0,0,0,ADD,0,0,1,0,0,0,JMP,0,0,4409426,4409352,4409431,0,0,1,0,fortran,2.8009772135921984e-10,0.0,0,0,0
0x434850,JZ,138,138,43,2,0x43484d,CMP,1,NonLeaf,rcx(ADD) r8(-1) ,rflags ,CMP,3,ADD,4,ADD,4,ADD,4,ADD,4,CMP,3,JNZ,2,MOV,4,MOV,4,MOV,4,0,1,1,0,0,JE,1,0,0,0,1,1,JNE,0,0,4409409,4409467,4409426,0,0,0,0,fortran,2.8009772135921984e-10,1.0,1,0,1
0x4347c6,JZ,138,0,902,6,0x4347bb,AND,1,NonLeaf,eax(AND) ,eax rflags ,MOV,5,MOV,3,AND,3,MOV,12,MOV,12,MOVSXD,3,MOV,3,MOV,3,LEA,4,XOR,2,0,1,0,0,0,MOV,0,0,1,0,0,0,JMP,0,0,4409184,4410188,4409292,0,0,0,1,fortran,2.8009772135921984e-10,0.0,0,0,0
0x4332db,JNZ,1,0,7,2,0x4332d2,XOR,1,NonLeaf,rax(XOR) fs(-1) ,rax rflags ,XOR,9,MOV,5,LDMXCSR,5,MOV,4,AND,2,ADD,4,RET_NEAR,1,CALL_NEAR,5,NOP,9,INVALID,0,0,1,0,0,0,CALL,0,1,1,0,0,0,RET,0,0,4403824,4403938,4403933,0,0,1,0,fortran,2.029693633037825e-12,0.0,0,0,0
0x43260c,JNZ,12,11,-20,2,0x432608,CMP,1,NonLeaf,rax(ADD) ,rflags ,CMP,4,MOV,6,ADD,4,MOV,6,NOP,5,JMP,5,MOV,5,XOR,2,CALL_NEAR,5,CALL_NEAR,5,1,1,1,1,1,JNE,0,0,1,1,0,0,JMP,1,0,4400632,4400632,4400654,1,0,1,0,fortran,2.4356323596453897e-11,0.9166666666666666,1,1,1
0x4325eb,JNZ,1,0,-352,6,0x4325e8,TEST,1,NonLeaf,rbx(-1) rbx(-1) ,rflags ,TEST,3,RET_NEAR,1,POP,2,POP,2,POP,1,XOR,2,NOP,5,MOV,6,ADD,4,MOV,6,0,0,1,0,0,JE,1,0,1,0,0,0,NOP,0,0,4400616,4400267,4400625,0,0,0,0,fortran,2.029693633037825e-12,0.0,0,0,0
0x4325db,JNZ,1,0,68,2,0x4325d2,XOR,1,NonLeaf,rax(XOR) fs(-1) ,rax rflags ,XOR,9,MOV,5,CALL_NEAR,5,MOV,5,JZ,2,ADD,4,POP,1,POP,1,POP,2,POP,2,0,0,0,0,0,CALL,0,1,1,0,0,0,RET,0,0,4400589,4400671,4400605,0,0,1,0,fortran,2.029693633037825e-12,0.0,0,0,0
0x4325c1,JZ,1,1,12,2,0x4325be,TEST,1,NonLeaf,rbp(-1) rbp(-1) ,rflags ,TEST,3,JNZ,2,MOV,3,CMP,4,ADD,4,MOV,5,CALL_NEAR,5,MOV,5,XOR,9,JNZ,2,0,1,1,0,0,JNE,0,0,1,0,0,0,CALL,0,1,4400574,4400589,4400579,0,0,0,1,fortran,2.029693633037825e-12,1.0,1,0,1
0x432534,JZ,1,1,138,6,0x432531,TEST,1,NonLeaf,r8b(-1) r8b(-1) ,rflags ,TEST,3,JNZ,2,MOV,7,MOVSXD,3,CMP,4,MOV,4,AND,3,CMP,4,JNZ,6,MOV,4,0,1,0,0,0,JE,1,0,1,0,0,0,JNE,0,0,4400433,4400574,4400442,0,0,0,0,fortran,2.029693633037825e-12,1.0,1,0,1
0x43248d,JZ,1,1,164,6,0x43248b,TEST,1,NonLeaf,dl(-1) dl(-1) ,rflags ,TEST,2,MOV,8,JZ,2,TEST,2,JZ,6,MOV,5,AND,3,CMP,4,JNZ,6,MOV,5,0,1,0,0,0,JE,1,0,1,0,0,0,JNE,0,0,4400267,4400433,4400275,0,0,0,0,fortran,2.029693633037825e-12,1.0,1,0,1
0x432479,JZ,1,1,367,6,0x432476,TEST,1,NonLeaf,r12(-1) r12(-1) ,rflags ,TEST,3,JNZ,2,TEST,3,JNLE,6,CMP,3,TEST,2,JZ,2,MOV,8,TEST,2,JZ,6,0,1,0,0,0,JNE,0,0,0,0,0,0,JE,1,0,4400246,4400616,4400255,0,0,0,0,fortran,2.029693633037825e-12,1.0,1,1,1
0x432474,JNZ,1,0,11,2,0x432471,TEST,1,NonLeaf,r13(-1) r13(-1) ,rflags ,TEST,3,JNLE,6,CMP,3,ADD,2,MOVZX,4,TEST,3,JZ,6,TEST,2,JZ,2,MOV,8,0,1,0,0,0,JE,1,0,1,0,0,0,JE,0,0,4400241,4400255,4400246,0,0,0,0,fortran,2.029693633037825e-12,0.0,0,0,0
0x43246b,JNLE,1,0,424,6,0x432468,CMP,1,NonLeaf,ecx(ADD) ,rflags ,CMP,3,ADD,2,MOVZX,4,ADD,2,MOVZX,3,TEST,3,JNZ,2,TEST,3,JZ,6,TEST,2,0,1,0,0,0,CALL,1,1,1,0,0,0,JNE,0,0,4400199,4400659,4400241,0,0,1,0,fortran,2.029693633037825e-12,0.0,0,0,0
0x43243b,JZ,1,1,12,2,0x432438,TEST,1,NonLeaf,rbp(MOV) rbp(MOV) ,rflags ,TEST,3,XOR,2,MOV,5,MOV,9,SUB,4,MOV,5,CALL_NEAR,5,TEST,3,SETNZ,3,TEST,3,0,1,1,0,0,JG,0,0,1,0,0,0,CALL,0,1,4400144,4400199,4400189,0,0,0,1,fortran,2.029693633037825e-12,1.0,1,0,1
0x46dadd,JZ,2,1,19,2,0x46dada,TEST,1,Leaf,dl(-1) ,rflags ,TEST,3,ADD,4,ADD,4,MOV,2,MOV,2,MOV,3,MOV,3,ADD,4,ADD,4,NOP,3,0,1,1,0,0,JE,0,0,1,0,0,0,NOP,0,0,4643546,4643568,4643551,1,0,0,1,fortran,4.0593872660756495e-12,0.5,0,0,0
0x4309d7,JNZ,6,6,-37,2,0x4309d3,CMP,1,Leaf,rsi(-1) rcx(-1) ,rflags ,CMP,4,JZ,2,TEST,2,SUB,2,AND,3,SUB,3,MOVSXD,3,MOVSXD,3,ADD,3,ADD,3,0,0,1,0,0,RET,0,0,1,0,0,0,JMP,0,0,4393427,4393394,4393433,0,0,0,0,fortran,1.217816179822695e-11,1.0,1,0,1
0x4309d1,JZ,6,0,51,2,0x4309cf,TEST,1,Leaf,edx(AND) edx(AND) ,rflags ,TEST,2,SUB,2,AND,3,LEA,5,MOV,2,CMP,4,JNZ,2,SUB,3,MOVSXD,3,MOVSXD,3,0,1,0,0,0,JLE,0,0,1,0,0,0,JNE,0,0,4393408,4393476,4393427,0,0,0,0,fortran,1.217816179822695e-11,0.0,0,0,0
0x4309b0,JNZ,4,4,-16,2,0x4309ad,CMP,1,Leaf,eax(SUB) ,rflags ,CMP,3,SUB,3,JNZ,2,CMP,4,SUB,4,ADD,3,RET_NEAR,1,NOP,10,MOVSXD,3,MOV,2,1,1,0,0,0,JNE,0,0,0,1,0,0,RET,1,0,4393386,4393376,4393394,0,1,0,0,fortran,8.118774532151299e-12,1.0,1,1,1
0x4309a8,JNZ,4,1,10,2,0x4309a4,CMP,1,Leaf,rdx(SUB) ,rflags ,CMP,4,SUB,4,NOP,4,JMP,2,JZ,2,SUB,3,CMP,3,JNZ,2,ADD,3,RET_NEAR,1,0,0,1,0,0,RET,1,0,0,0,1,1,JNE,0,0,4393376,4393394,4393386,0,0,0,0,fortran,8.118774532151299e-12,0.25,0,0,0
0x430998,JZ,1,1,18,2,0x43098f,CMP,1,Leaf,rsi(-1) rcx(MOVSXD) ,rflags ,LEA,5,CMP,4,MOVSXD,3,JS,2,TEST,2,JMP,2,NOP,4,SUB,4,CMP,4,JNZ,2,0,1,0,1,0,JNE,0,0,1,0,0,0,JMP,0,0,4393356,4393386,4393370,0,0,0,0,fortran,2.029693633037825e-12,1.0,1,0,1
0x43098a,JS,1,0,40,2,0x430988,TEST,1,Leaf,eax(-1) eax(-1) ,rflags ,TEST,2,JNLE,2,CMP,3,LEA,3,INVALID,0,MOVSXD,3,CMP,4,LEA,5,JZ,2,JMP,2,0,0,1,0,0,RET,0,0,0,0,0,0,JE,0,0,4393352,4393394,4393356,1,0,0,0,fortran,2.029693633037825e-12,0.0,0,0,0
0x430986,JNLE,7,6,58,2,0x430983,CMP,1,Leaf,eax(LEA) ,rflags ,CMP,3,LEA,3,INVALID,0,INVALID,0,INVALID,0,TEST,2,JS,2,MOVSXD,3,CMP,4,LEA,5,0,1,0,0,0,JE,0,0,1,0,0,0,JS,0,0,4393344,4393408,4393352,0,0,0,0,fortran,1.4207855431264776e-11,0.8571428571428571,1,0,1
0x46d9c2,JBE,24182,24182,160,6,0x46d9be,CMP,1,Leaf,rdx(-1) ,rflags ,CMP,4,JNBE,2,CMP,4,PSHUFD,6,PUNPCKLWD,5,CMP,4,MOVDQU,5,MOVDQU,7,JNBE,2,RET_NEAR,2,0,1,0,0,0,JNE,0,0,1,0,0,0,JA,0,0,4643262,4643426,4643272,0,0,0,1,fortran,4.9082051434120686e-08,1.0,1,0,1
0x4307cb,JNZ,138,0,-27,2,0x4307c8,CMP,1,Leaf,rdi(ADD) rsi(LEA) ,rflags ,CMP,3,IMUL,4,ADD,4,CMOVS,4,SUB,4,RET_NEAR,2,NOP,1,MOV,5,RET_NEAR,1,INVALID,0,1,1,1,1,1,JNE,0,0,1,1,0,0,REPZ RET,1,0,4392880,4392880,4392909,1,0,0,0,fortran,2.8009772135921984e-10,0.0,0,1,0
0x430797,JZ,138,0,57,2,0x430794,AND,1,Leaf,eax(AND) ,eax rflags ,AND,3,MOV,4,INVALID,0,INVALID,0,INVALID,0,LEA,4,XOR,2,LEA,4,MOV,5,NOP,8,0,1,0,0,0,RET,1,0,1,0,0,0,NOP,0,0,4392848,4392912,4392857,0,1,0,0,fortran,2.8009772135921984e-10,0.0,0,0,0
0x4305bb,JZ,138,138,21,2,0x4305b8,TEST,1,Leaf,rcx(-1) rcx(-1) ,rflags ,TEST,3,SAR,4,MOV,4,INVALID,0,INVALID,0,MOVSXD,3,MOV,2,JMP,5,NOP,9,MOVSXD,3,0,1,0,0,0,JMP,0,0,1,0,0,0,JMP,0,0,4392368,4392400,4392381,0,1,0,0,fortran,2.8009772135921984e-10,1.0,1,0,1
0x42fcf4,JNZ,138,0,1910,6,0x42fceb,XOR,1,NonLeaf,rax(XOR) fs(-1) ,rax rflags ,XOR,9,MOV,8,JMP,5,POP,2,POP,2,MOV,5,ADD,7,MOV,3,POP,1,POP,1,0,0,0,0,0,CALL,0,1,1,0,0,0,JMP,0,0,4390115,4392042,4390138,0,0,1,0,fortran,2.8009772135921984e-10,0.0,0,0,0
0x42fbde,JZ,138,138,261,6,0x42fbd8,CMP,1,NonLeaf,rax(AND) ,rflags ,CMP,6,AND,4,MOV,3,MOV,4,JZ,6,JLE,6,CMP,6,JZ,6,JLE,6,CMP,6,0,1,0,0,0,JNE,0,0,1,0,0,0,JLE,0,0,4389837,4390115,4389860,0,0,0,0,fortran,2.8009772135921984e-10,1.0,1,0,1
0x42fbc7,JZ,138,0,153,6,0x42fbc4,TEST,1,NonLeaf,rbx(-1) rbx(-1) ,rflags ,TEST,3,JNZ,6,TEST,2,MOV,6,JZ,6,MOV,4,MOV,3,AND,4,CMP,6,JZ,6,0,1,0,0,0,JNE,0,0,1,0,0,0,JE,0,0,4389828,4389984,4389837,0,0,0,0,fortran,2.8009772135921984e-10,0.0,0,0,0
0x42fbbe,JNZ,138,0,2194,6,0x42fbbc,TEST,1,NonLeaf,eax(MOV) eax(MOV) ,rflags ,TEST,2,MOV,6,JZ,6,MOV,3,CMP,5,TEST,3,JZ,6,MOV,4,MOV,3,AND,4,0,0,0,0,0,CALL,0,1,0,1,0,0,JE,0,0,4389814,4392016,4389828,0,0,1,0,fortran,2.8009772135921984e-10,0.0,0,0,0
0x42fbb0,JZ,138,0,560,6,0x42fba8,CMP,1,NonLeaf,r13(-1) ,rflags ,MOV,3,CMP,5,CALL_NEAR,5,MOV,3,MOV,3,MOV,6,TEST,2,JNZ,6,TEST,3,JZ,6,0,1,0,0,0,JE,0,0,1,0,0,0,JNE,0,0,4389800,4390368,4389814,0,0,1,0,fortran,2.8009772135921984e-10,0.0,0,0,0
0x42fb94,JNLE,138,0,2224,6,0x42fb91,CMP,1,NonLeaf,rdx(MOVSXD) rax(AND) ,rflags ,CMP,3,AND,3,MOV,3,MOVSXD,3,MOV,4,MOV,3,MOV,3,MOV,3,CALL_NEAR,5,CMP,5,0,0,0,0,0,CALL,0,1,1,0,0,0,CALL,0,1,4389764,4392004,4389786,0,0,1,1,fortran,2.8009772135921984e-10,0.0,0,0,0
0x42fb7e,JLE,138,0,2246,6,0x42fb77,TEST,1,NonLeaf,ecx(-1) ecx(-1) ,rflags ,MOV,5,TEST,2,XOR,2,MOV,8,MOV,9,MOV,4,MOVSXD,3,MOV,3,AND,3,CMP,3,0,1,0,0,0,CALL,0,1,1,0,0,0,JG,0,0,4389712,4392004,4389764,0,0,1,0,fortran,2.8009772135921984e-10,0.0,0,0,0
0x42f871,JNZ,1,0,65,2,0x42f868,XOR,1,NonLeaf,rax(XOR) fs(-1) ,rax rflags ,XOR,9,MOV,5,MOV,4,JZ,2,TEST,3,ADD,4,POP,1,POP,1,POP,2,POP,2,0,0,0,0,0,CALL,0,1,1,0,0,0,RET,0,0,4388963,4389042,4388979,0,0,1,0,fortran,2.029693633037825e-12,0.0,0,0,0
0x42f85d,JZ,1,1,6,2,0x42f85a,TEST,1,NonLeaf,r12(-1) r12(-1) ,rflags ,TEST,3,MOV,4,JZ,2,TEST,3,MOV,4,MOV,4,MOV,5,XOR,9,JNZ,2,ADD,4,0,0,1,0,0,JNE,0,0,1,0,0,0,MOV,0,0,4388954,4388963,4388959,0,0,0,1,fortran,2.029693633037825e-12,1.0,1,0,1
0x42f854,JZ,1,1,6,2,0x42f851,TEST,1,NonLeaf,r13(-1) r13(-1) ,rflags ,TEST,3,MOV,4,CALL_NEAR,5,MOV,4,MOV,3,MOV,4,TEST,3,JZ,2,MOV,4,MOV,5,0,1,1,0,0,JE,0,0,1,0,0,0,MOV,0,0,4388945,4388954,4388950,0,0,0,1,fortran,2.029693633037825e-12,1.0,1,0,1
0x42f826,JZ,1,0,43,2,0x42f81e,CMP,1,NonLeaf,r14d(-1) ,rflags ,MOV,4,CMP,4,CALL_NEAR,5,MOV,4,MOV,3,CMP,2,MOV,5,MOVSXD,3,CMOVNLE,4,MOV,5,0,0,1,0,0,JE,0,0,1,0,0,0,CALL,0,1,4388894,4388945,4388904,0,1,0,1,fortran,2.029693633037825e-12,0.0,0,0,0
0x42f808,JLE,1,0,128,2,0x42f806,TEST,1,NonLeaf,ebp(-1) ebp(-1) ,rflags ,TEST,2,JZ,2,TEST,3,XOR,2,MOV,6,MOVSXD,3,MOV,5,MOV,3,MOV,4,CALL_NEAR,5,0,1,0,0,0,JMP,0,0,1,0,0,0,CALL,0,1,4388870,4389000,4388874,0,0,0,1,fortran,2.029693633037825e-12,0.0,0,0,0
0x42f804,JZ,1,0,77,2,0x42f801,TEST,1,NonLeaf,rbx(-1) rbx(-1) ,rflags ,TEST,3,XOR,2,MOV,6,JL,6,CMP,4,TEST,2,JLE,2,MOVSXD,3,MOV,5,MOV,3,0,1,1,0,0,JE,0,0,1,0,0,0,JLE,0,0,4388865,4388945,4388870,0,0,0,0,fortran,2.029693633037825e-12,0.0,0,0,0
0x42f7f3,JL,1,1,157,6,0x42f7ef,CMP,1,NonLeaf,eax(-1) rsp(-1) ,rflags ,CMP,4,JS,2,TEST,2,MOVSXD,3,CALL_NEAR,5,MOV,6,XOR,2,TEST,3,JZ,2,TEST,2,0,1,0,0,0,CALL,0,1,0,0,0,0,XOR,0,0,4388847,4389008,4388857,1,0,1,0,fortran,2.029693633037825e-12,1.0,1,1,1
0x42f7ed,JS,1,0,12,2,0x42f7eb,TEST,1,NonLeaf,eax(MOVSXD) eax(MOVSXD) ,rflags ,TEST,2,MOVSXD,3,CALL_NEAR,5,LEA,5,LEA,5,CMP,4,JL,6,MOV,6,XOR,2,TEST,3,0,1,0,0,0,XOR,0,0,1,0,0,0,JL,0,0,4388840,4388857,4388847,0,0,0,0,fortran,2.029693633037825e-12,0.0,0,0,0
0x42f7c9,JNZ,1,1,16,2,0x42f7ba,TEST,1,NonLeaf,rsi(-1) rsi(-1) ,rflags ,MOV,3,MOV,3,MOV,3,MOV,3,TEST,3,TEST,3,JNZ,2,TEST,3,JZ,6,LEA,5,0,1,0,0,0,CALL,0,1,1,0,0,0,JNE,0,0,4388794,4388825,4388811,0,0,1,0,fortran,2.029693633037825e-12,1.0,1,0,1
0x42f7b4,JZ,1,0,244,6,0x42f7b1,TEST,1,NonLeaf,rdi(-1) rdi(-1) ,rflags ,TEST,3,XOR,2,MOV,5,MOV,9,SUB,4,TEST,3,MOV,3,MOV,3,MOV,3,MOV,3,0,1,0,0,0,CALL,0,1,1,0,0,0,JNE,0,0,4388752,4389032,4388794,0,0,1,0,fortran,2.029693633037825e-12,0.0,0,0,0
0x42f778,JNZ,1,0,7,2,0x42f76f,XOR,1,NonLeaf,rdx(XOR) fs(-1) ,rdx rflags ,XOR,9,MOV,5,SUB,3,MOV,4,CALL_NEAR,5,ADD,4,RET_NEAR,1,CALL_NEAR,5,NOP,10,NOP,2,0,1,0,0,0,CALL,0,1,1,0,0,0,RET,0,0,4388707,4388735,4388730,0,0,1,0,fortran,2.029693633037825e-12,0.0,0,0,0
0x46c73a,JNZ,98,0,3035,6,0x46c737,SUB,1,Leaf,edx(SUB) r9d(SHR) ,edx rflags ,SUB,3,SHR,3,SHR,2,PMOVMSKB,5,PSUBB,4,MOVDQA,4,LEA,5,CMP,3,JB,6,TEST,3,0,0,0,0,0,JE,0,0,0,0,0,0,JB,0,0,4638480,4641557,4638528,0,0,0,0,fortran,1.9890997603770682e-10,0.0,0,1,0
0x42f62d,JNZ,38,0,18,2,0x42f624,XOR,1,NonLeaf,rcx(XOR) fs(-1) ,rcx rflags ,XOR,9,MOV,5,MOVZX,4,MOV,3,LEA,3,ADD,4,POP,1,RET_NEAR,1,NOP,3,MOV,5,0,1,0,0,0,CALL,0,1,1,0,0,0,RET,0,0,4388383,4388415,4388399,0,0,1,0,fortran,7.712835805543735e-11,0.0,0,0,0
0x42f605,JLE,38,0,51,2,0x42f603,TEST,1,NonLeaf,eax(MOV) eax(MOV) ,rflags ,TEST,2,MOV,4,JZ,2,TEST,3,CALL_NEAR,5,MOV,7,MOVSXD,4,MOV,3,LEA,3,MOV,3,0,0,0,0,0,JMP,0,0,1,0,0,0,MOVZX,0,0,4388351,4388408,4388359,0,0,0,1,fortran,7.712835805543735e-11,0.0,0,0,0
0x42f5fd,JZ,38,0,59,2,0x42f5fa,TEST,1,NonLeaf,rax(-1) rax(-1) ,rflags ,TEST,3,CALL_NEAR,5,XOR,2,MOV,5,MOV,9,MOV,4,TEST,2,JLE,2,MOV,7,MOVSXD,4,0,1,0,0,0,JMP,0,0,1,0,0,0,JLE,0,0,4388346,4388408,4388351,0,0,0,0,fortran,7.712835805543735e-11,0.0,0,0,0
0x42f5a8,JS,38,0,24,2,0x42f5a4,TEST,1,NonLeaf,eax(-1) eax(-1) ,rflags ,MOV,2,TEST,2,CALL_NEAR,2,MOV,3,MOVSXD,3,MOV,2,MOV,7,SUB,3,ADD,2,MOV,4,0,1,0,0,0,JMP,0,0,1,0,0,0,JMP,0,0,4388260,4388288,4388266,0,1,0,1,fortran,7.712835805543735e-11,0.0,0,0,0
0x42f57c,JL,38,38,20,2,0x42f57a,CMP,1,NonLeaf,ebp(-1) edx(ADD) ,rflags ,CMP,2,ADD,3,MOV,4,MOV,4,MOV,3,ADD,2,MOV,3,MOV,3,POP,1,POP,1,0,1,0,0,0,CALL,0,1,1,0,0,0,MOV,0,0,4388195,4388240,4388222,1,1,1,1,fortran,7.712835805543735e-11,1.0,1,0,1
0x42f522,JNLE,878,0,-24,2,0x42f51f,CMP,1,Leaf,esi(-1) rax(-1) ,rflags ,CMP,3,JS,2,TEST,2,ADD,3,NOP,7,MOV,3,MOV,2,RET_NEAR,1,NOP,6,ADD,3,0,0,0,0,0,RET,0,0,1,0,0,0,RET,0,0,4388127,4388106,4388132,0,1,0,1,fortran,1.7820710098072102e-09,0.0,0,0,0
0x42f51d,JS,878,0,-19,2,0x42f51b,TEST,1,Leaf,esi(ADD) esi(ADD) ,rflags ,TEST,2,ADD,3,NOP,7,RET_NEAR,1,NOP,1,CMP,3,JNLE,2,MOV,3,MOV,2,RET_NEAR,1,0,0,0,0,0,RET,0,0,1,0,0,0,JG,0,0,4388123,4388106,4388127,0,0,0,0,fortran,1.7820710098072102e-09,0.0,0,0,0
0x42f504,JZ,878,878,20,2,0x42f501,CMP,1,Leaf,edx(-1) ,rflags ,CMP,3,JZ,2,CMP,3,JZ,2,TEST,3,TEST,2,JZ,2,MOV,5,NOP,1,RET_NEAR,1,0,1,0,0,0,ADD,0,0,1,0,0,0,JE,0,0,4388097,4388120,4388102,0,0,0,0,fortran,1.7820710098072102e-09,1.0,1,0,1
0x42f4ff,JZ,878,0,49,2,0x42f4fc,CMP,1,Leaf,edx(-1) ,rflags ,CMP,3,JZ,2,TEST,3,MOV,7,INVALID,0,CMP,3,JZ,2,TEST,2,JZ,2,MOV,5,0,1,0,0,0,JMP,0,0,1,0,0,0,JE,0,0,4388092,4388144,4388097,0,0,0,0,fortran,1.7820710098072102e-09,0.0,0,0,0
0x42f4fa,JZ,878,0,16,2,0x42f4f7,TEST,1,Leaf,rax(MOV) rax(MOV) ,rflags ,TEST,3,MOV,7,INVALID,0,INVALID,0,INVALID,0,CMP,3,JZ,2,CMP,3,JZ,2,TEST,2,0,1,0,0,0,RET,0,0,1,0,0,0,JE,0,0,4388080,4388106,4388092,0,0,0,0,fortran,1.7820710098072102e-09,0.0,0,0,0
0x42f3f9,JZ,2,2,31,2,0x42f3f0,TEST,1,NonLeaf,eax(MOV) eax(MOV) ,rflags ,MOV,7,TEST,2,MOV,3,CALL_NEAR,5,MOV,3,MOV,7,MOV,7,ADD,4,MOV,2,POP,1,0,1,0,0,0,JMP,0,0,1,1,0,0,MOV,0,0,4387821,4387864,4387835,0,0,0,1,fortran,4.0593872660756495e-12,1.0,1,0,1
0x42f3e3,JZ,2,0,38,2,0x42f3db,CMP,1,NonLeaf,rdi(-1) ,rflags ,CMP,8,SUB,4,MOV,3,PUSH,1,XOR,2,MOV,3,CALL_NEAR,5,MOV,3,TEST,2,MOV,7,0,1,1,0,0,RET,0,0,1,0,0,0,CALL,0,1,4387792,4387849,4387813,0,0,0,1,fortran,4.0593872660756495e-12,0.0,0,0,0
0x42f391,JS,617,0,43,2,0x42f38f,TEST,1,NonLeaf,eax(-1) eax(-1) ,rflags ,TEST,2,CALL_NEAR,3,MOV,3,MOV,3,MOVSXD,3,MOV,7,JMP,2,NOP,4,MOV,3,MOV,7,0,1,0,0,0,RET,0,0,1,0,0,0,JMP,0,0,4387727,4387772,4387731,0,0,0,0,fortran,1.2523209715843382e-09,0.0,0,0,0
0x42f37d,JLE,617,0,35,2,0x42f37b,TEST,1,NonLeaf,esi(MOV) esi(MOV) ,rflags ,TEST,2,MOV,3,NOP,3,RET_NEAR,1,POP,1,MOV,4,MOVSXD,3,MOV,3,MOV,3,CALL_NEAR,3,0,1,0,0,0,JMP,0,0,1,0,0,0,CALL,0,1,4387704,4387744,4387711,0,1,1,1,fortran,1.2523209715843382e-09,0.0,0,0,0
0x42f346,JLE,27,0,31,2,0x42f344,TEST,1,NonLeaf,esi(-1) esi(-1) ,rflags ,TEST,2,JLE,2,CMP,2,MOV,3,MOVSXD,4,MOV,3,SUB,2,MOVSXD,3,ADD,3,CALL_NEAR,5,0,0,1,0,0,XOR,0,0,1,0,0,0,CALL,0,1,4387652,4387685,4387656,0,1,1,1,fortran,5.480172809202128e-11,0.0,0,0,0
0x42f342,JLE,646,619,35,2,0x42f340,CMP,1,NonLeaf,edx(MOV) esi(MOVSXD) ,rflags ,CMP,2,MOV,3,MOVSXD,4,JZ,2,CMP,3,TEST,2,JLE,2,MOV,3,SUB,2,MOVSXD,3,0,1,1,0,0,XOR,0,0,1,0,0,0,JLE,0,0,4387641,4387685,4387652,1,0,1,0,fortran,1.311182086942435e-09,0.958204334365325,1,0,1
0x42f337,JZ,646,617,65,2,0x42f334,CMP,1,NonLeaf,esi(-1) ,rflags ,CMP,3,JZ,6,TEST,3,MOV,3,MOV,7,MOVSXD,4,MOV,3,CMP,2,JLE,2,TEST,2,0,1,0,0,0,JLE,0,0,1,0,0,0,JLE,0,0,4387636,4387704,4387641,0,0,0,0,fortran,1.311182086942435e-09,0.955108359133127,1,0,1
0x42f32e,JZ,653,7,138,6,0x42f32b,TEST,1,NonLeaf,rax(MOV) rax(MOV) ,rflags ,TEST,3,MOV,3,MOV,7,PUSH,1,INVALID,0,CMP,3,JZ,2,MOVSXD,4,MOV,3,CMP,2,0,1,0,0,0,RET,0,0,1,0,0,0,JE,0,0,4387616,4387768,4387636,0,0,0,0,fortran,1.3253899423736995e-09,0.010719754977029,0,0,0
0x42f2c9,JNL,13334,0,5,2,0x42f2c3,CMP,1,NonLeaf,rcx(-1) edx(-1) ,rflags ,MOV,3,CMP,3,ADD,3,JNLE,2,CMP,3,MOV,3,POP,1,POP,1,POP,2,RET_NEAR,1,0,0,1,0,0,RET,0,0,1,0,0,0,MOV,0,0,4387520,4387534,4387531,0,0,0,1,fortran,2.706393490292636e-08,0.0,0,0,0
0x42f2be,JNLE,13334,0,26,2,0x42f2bb,CMP,1,NonLeaf,edx(LEA) r8d(MOV) ,rflags ,CMP,3,LEA,3,MOV,4,MOVSXD,4,MOV,3,ADD,3,CMP,3,MOV,3,JNL,2,MOV,3,0,1,0,0,0,CALL,0,1,1,0,0,0,JGE,0,0,4387488,4387544,4387520,1,0,1,1,fortran,2.706393490292636e-08,0.0,0,0,0
0x42f26e,JZ,5,0,33,2,0x42f26b,TEST,1,NonLeaf,rax(MOV) rax(MOV) ,rflags ,TEST,3,MOV,3,MOV,7,PUSH,1,INVALID,0,MOV,3,CALL_NEAR,5,MOV,7,CALL_NEAR,5,MOV,11,0,1,1,0,0,RET,0,0,1,0,0,0,CALL,0,1,4387424,4387471,4387440,0,0,0,1,fortran,1.0148468165189125e-11,0.0,0,0,0
0x42f204,JNZ,5,1,13,2,0x42f202,TEST,1,NonLeaf,esi(-1) esi(-1) ,rflags ,TEST,2,SUB,4,MOV,2,PUSH,1,MOV,3,MOV,6,MOV,5,MOV,5,CALL_NEAR,5,MOV,3,0,1,1,0,0,CALL,0,1,1,0,0,0,MOV,0,0,4387312,4387345,4387334,0,0,1,0,fortran,1.0148468165189125e-11,0.2,0,0,0
0x42e4a6,JNZ,206,0,26,2,0x42e49d,TEST,1,NonLeaf,r12(-1) ,rflags ,TEST,9,JS,2,SUB,2,JLE,2,TEST,2,MOVSXD,3,MOVSXD,3,MOV,5,POP,1,LEA,4,0,1,0,0,0,JE,0,0,1,0,0,0,JMP,1,0,4383901,4383936,4383912,0,0,0,0,fortran,4.1811688840579197e-10,0.0,0,1,0
0x42e49b,JS,206,0,69,2,0x42e499,SUB,1,NonLeaf,ebp(SUB) ebx(-1) ,ebp rflags ,SUB,2,JLE,2,TEST,2,JZ,2,TEST,3,TEST,9,JNZ,2,MOVSXD,3,MOVSXD,3,MOV,5,0,0,0,0,0,RET,1,0,1,0,0,0,JNE,0,0,4383897,4383968,4383901,0,0,0,0,fortran,4.1811688840579197e-10,0.0,0,0,0
0x42e497,JLE,206,0,73,2,0x42e495,TEST,1,NonLeaf,ebx(-1) ebx(-1) ,rflags ,TEST,2,JZ,2,TEST,3,CALL_NEAR,5,MOV,2,SUB,2,JS,2,TEST,9,JNZ,2,MOVSXD,3,0,0,0,0,0,RET,1,0,1,0,0,0,JS,0,0,4383893,4383968,4383897,0,0,0,0,fortran,4.1811688840579197e-10,0.0,0,0,0
0x42e493,JZ,206,0,77,2,0x42e490,TEST,1,NonLeaf,rax(-1) rax(-1) ,rflags ,TEST,3,CALL_NEAR,5,MOV,2,PUSH,1,MOV,2,TEST,2,JLE,2,SUB,2,JS,2,TEST,9,0,1,0,0,0,RET,1,0,1,0,0,0,JLE,0,0,4383888,4383968,4383893,0,0,0,0,fortran,4.1811688840579197e-10,0.0,0,0,0
0x42dd18,JNZ,11936,11936,10,2,0x42dd15,CMP,1,NonLeaf,eax(-1) ,rflags ,CMP,3,JZ,2,CMP,3,MOV,5,MOV,4,MOV,4,ADD,4,MOVSXD,3,MOV,3,MOV,5,0,0,1,0,0,CALL,0,1,1,0,0,0,ADD,0,0,4381973,4381986,4381978,0,0,1,1,fortran,2.422642320393948e-08,1.0,1,0,1
0x42dd13,JZ,11936,0,61,2,0x42dd10,CMP,1,NonLeaf,eax(MOV) ,rflags ,CMP,3,MOV,5,MOV,4,LEA,4,CALL_NEAR,5,CMP,3,JNZ,2,MOV,4,ADD,4,MOVSXD,3,0,1,0,0,0,JMP,0,0,1,0,0,0,JNE,0,0,4381955,4382032,4381973,0,0,1,0,fortran,2.422642320393948e-08,0.0,0,0,0
0x42dce9,JS,11936,0,119,2,0x42dce6,TEST,1,NonLeaf,r9d(-1) r9d(-1) ,rflags ,TEST,3,JNZ,6,TEST,7,SUB,3,ADD,3,MOVSXD,3,MOV,5,MOV,3,MOV,3,MOV,5,0,1,0,0,0,CALL,0,1,1,0,0,0,CALL,0,1,4381926,4382048,4381931,0,0,1,1,fortran,2.422642320393948e-08,0.0,0,0,0
0x42dce0,JNZ,11936,0,192,6,0x42dcd9,TEST,1,NonLeaf,rbp(-1) ,rflags ,TEST,7,SUB,3,ADD,3,ADD,3,CMOVNLE,4,TEST,3,JS,2,MOVSXD,3,MOV,5,MOV,3,0,1,0,0,0,JE,0,0,1,0,0,0,JS,0,0,4381885,4382112,4381926,0,0,0,0,fortran,2.422642320393948e-08,0.0,0,0,0
0x42dcb7,JZ,11936,0,-230,6,0x42dcb1,TEST,1,NonLeaf,rax(-1) rax(-1) ,rflags ,MOV,3,TEST,3,CALL_NEAR,5,MOV,3,MOV,2,MOV,3,XOR,3,MOV,3,SUB,3,CMP,3,0,0,1,0,0,JNE,0,0,1,0,0,0,JNE,0,0,4381873,4381649,4381885,0,0,0,0,fortran,2.422642320393948e-08,0.0,0,0,0
0x42dc94,JNZ,11936,11930,14,2,0x42dc8b,TEST,1,NonLeaf,ebx(-1) ebx(-1) ,rflags ,MOV,4,MOV,3,TEST,2,CALL_NEAR,5,MOV,3,CMP,3,MOV,3,CMOVNL,3,ADD,3,MOV,5,0,1,1,0,0,CALL,0,1,1,0,0,0,ADD,0,0,4381835,4381858,4381846,0,0,1,0,fortran,2.422642320393948e-08,0.9994973190348524,1,0,1
0x42dbe2,JNZ,11936,0,403,6,0x42dbd9,XOR,1,NonLeaf,rax(XOR) fs(-1) ,rax rflags ,XOR,9,MOV,8,CALL_NEAR,5,MOV,3,MOV,5,ADD,7,POP,1,POP,1,POP,2,POP,2,0,1,0,0,0,CALL,0,1,1,0,0,0,RET,0,0,4381649,4382069,4381672,0,0,1,0,fortran,2.422642320393948e-08,0.0,0,0,0
0x42db98,JNZ,8246,8246,126,2,0x42db95,TEST,1,NonLeaf,r12d(-1) r12d(-1) ,rflags ,TEST,3,JNZ,6,MOV,3,OR,3,MOV,3,TEST,2,MOV,5,MOV,3,CMOVZ,3,MOV,2,0,0,0,0,0,CALL,0,1,1,0,0,0,CALL,0,1,4381589,4381718,4381594,0,0,1,1,fortran,1.6736853698029905e-08,1.0,1,0,1
0x42db8f,JNZ,11936,3690,135,6,0x42db89,OR,1,NonLeaf,rax(OR) rdx(-1) ,rax rflags ,MOV,3,OR,3,MOV,3,CALL_NEAR,5,MOV,2,TEST,3,JNZ,2,TEST,2,MOV,5,MOV,3,0,0,0,0,0,CALL,0,1,1,0,0,0,JNE,0,0,4381574,4381718,4381589,0,0,1,0,fortran,2.422642320393948e-08,0.3091487935656836,0,0,0
0x42db72,JZ,11936,0,142,6,0x42db6a,CMP,1,NonLeaf,rsi(-1) ,rflags ,MOV,5,CMP,3,XOR,2,MOV,8,MOV,9,MOV,4,MOV,3,MOV,2,CALL_NEAR,5,MOV,3,0,1,0,0,0,CALL,0,1,1,0,0,0,CALL,0,1,4381504,4381696,4381560,0,1,1,1,fortran,2.422642320393948e-08,0.0,0,0,0
0x42d94f,JL,103,0,57,2,0x42d94d,CMP,1,NonLeaf,ebx(-1) ebp(-1) ,rflags ,CMP,2,JNZ,2,TEST,9,JZ,2,MOV,3,MOV,2,MOV,5,MOV,3,SUB,2,MOVSXD,3,0,1,0,0,0,JMP,0,0,1,0,0,0,CALL,0,1,4381005,4381064,4381009,1,0,0,1,fortran,2.0905844420289599e-10,0.0,0,1,0
0x42d94b,JNZ,103,0,112,2,0x42d942,TEST,1,NonLeaf,r12(-1) ,rflags ,TEST,9,JZ,2,MOV,3,TEST,3,CALL_NEAR,5,CMP,2,JL,2,MOV,2,MOV,5,MOV,3,0,1,0,0,0,JE,0,0,1,0,0,0,JL,0,0,4380994,4381115,4381005,0,0,0,0,fortran,2.0905844420289599e-10,0.0,0,0,0
0x42d940,JZ,103,0,112,2,0x42d93a,TEST,1,NonLeaf,rax(-1) rax(-1) ,rflags ,MOV,3,TEST,3,CALL_NEAR,5,MOV,3,MOV,2,TEST,9,JNZ,2,CMP,2,JL,2,MOV,2,0,1,0,0,0,RET,0,0,1,0,0,0,JNE,0,0,4380986,4381104,4380994,0,0,0,0,fortran,2.0905844420289599e-10,0.0,0,0,0
0x42d92e,JZ,103,0,122,2,0x42d92b,CMP,1,NonLeaf,rsi(-1) ,rflags ,CMP,3,JS,2,TEST,2,MOVSXD,4,SUB,4,MOV,2,MOV,3,CALL_NEAR,5,TEST,3,MOV,3,0,1,0,0,0,JMP,0,0,0,1,0,0,CALL,0,1,4380971,4381096,4380976,0,0,0,1,fortran,2.0905844420289599e-10,0.0,0,0,0
0x42d929,JS,103,0,119,2,0x42d927,TEST,1,NonLeaf,ebx(MOVSXD) ebx(MOVSXD) ,rflags ,TEST,2,MOVSXD,4,SUB,4,PUSH,1,MOVSXD,3,CMP,3,JZ,2,MOV,2,MOV,3,CALL_NEAR,5,0,1,0,0,0,JMP,0,0,1,0,0,0,JE,0,0,4380944,4381088,4380971,0,0,0,0,fortran,2.0905844420289599e-10,0.0,0,0,0
0x42b410,JZ,3690,3690,10,2,0x42b40b,TEST,1,NonLeaf,ebp(-1) ebp(-1) ,rflags ,MOV,3,TEST,2,JNZ,2,OR,3,MOV,3,LEA,4,MOV,4,ADD,4,POP,1,POP,1,0,0,1,0,0,RET,0,0,0,0,0,0,MOV,0,0,4371467,4371482,4371474,0,0,0,1,fortran,7.489569505909575e-09,1.0,1,0,1
0x42b409,JNZ,3799,109,-57,2,0x42b406,OR,1,NonLeaf,rax(OR) r13(MOV) ,rax rflags ,OR,3,MOV,3,MOV,3,MOV,3,CALL_NEAR,5,TEST,2,MOV,3,JZ,2,LEA,4,MOV,4,0,0,0,1,1,CALL,0,1,1,1,0,0,JE,1,0,4371453,4371408,4371467,0,0,1,0,fortran,7.710806111910697e-09,0.0286917609897341,0,1,0
0x42b3ba,JS,3690,0,110,2,0x42b3b7,TEST,1,NonLeaf,rsi(-1) rsi(-1) ,rflags ,TEST,3,JZ,2,MOV,5,OR,3,MOV,3,LEA,4,MOV,4,XOR,2,NOP,10,XOR,2,0,1,0,0,0,JE,0,0,1,0,0,0,NOP,0,0,4371383,4371496,4371388,0,0,1,1,fortran,7.489569505909575e-09,0.0,0,0,0
0x42b3b5,JZ,11936,8246,101,2,0x42b3ad,OR,1,NonLeaf,rcx(OR) rdi(-1) ,rcx rflags ,MOV,5,OR,3,MOV,3,MOV,3,MOV,3,TEST,3,JS,2,LEA,4,MOV,4,XOR,2,0,1,1,0,0,RET,0,0,1,0,0,0,JS,0,0,4371364,4371482,4371383,0,0,0,0,fortran,2.422642320393948e-08,0.6908512064343163,1,0,1
0x42b39e,JBE,11936,0,171,6,0x42b39a,CMP,1,NonLeaf,rcx(-1) ,rflags ,CMP,4,SUB,4,PUSH,1,PUSH,1,PUSH,2,MOV,3,MOV,3,MOV,3,OR,3,MOV,5,0,1,0,0,0,CALL,0,1,1,0,0,0,JE,0,0,4371344,4371529,4371364,0,0,1,0,fortran,2.422642320393948e-08,0.0,0,0,0
0x42a169,JZ,11936,8858,15,2,0x42a167,TEST,1,Leaf,edx(-1) edx(-1) ,rflags ,TEST,2,JZ,2,CMP,3,JZ,2,CMP,3,XOR,2,NOP,3,RET_NEAR,1,NOP,7,CMP,7,0,0,0,0,0,AND,0,0,1,0,0,0,RET,0,0,4366695,4366712,4366699,0,0,0,0,fortran,2.422642320393948e-08,0.7421246648793566,1,0,1
0x42a165,JZ,11936,0,19,2,0x42a162,CMP,1,Leaf,edx(-1) ,rflags ,CMP,3,JZ,2,CMP,3,MOV,2,MOV,2,TEST,2,JZ,2,XOR,2,NOP,3,RET_NEAR,1,0,1,0,0,0,AND,0,0,1,0,0,0,JE,0,0,4366690,4366712,4366695,0,0,0,0,fortran,2.422642320393948e-08,0.0,0,0,0
0x42a160,JZ,11936,0,38,2,0x42a15d,CMP,1,Leaf,edx(MOV) ,rflags ,CMP,3,MOV,2,MOV,2,JNZ,2,MOV,5,CMP,3,JZ,2,TEST,2,JZ,2,XOR,2,0,0,0,0,0,REPZ RET,0,0,1,0,0,0,JE,0,0,4366681,4366726,4366690,0,0,0,0,fortran,2.422642320393948e-08,0.0,0,0,0
0x42a157,JNZ,11936,0,47,2,0x42a150,TEST,1,Leaf,esi(-1) esi(-1) ,rflags ,MOV,5,TEST,2,INVALID,0,INVALID,0,INVALID,0,MOV,2,MOV,2,CMP,3,JZ,2,CMP,3,0,1,0,0,0,REPZ RET,0,0,1,0,0,0,JE,0,0,4366672,4366726,4366681,0,0,0,0,fortran,2.422642320393948e-08,0.0,0,0,0
0x429f4c,JNBE,11936,0,100,2,0x429f49,CMP,1,NonLeaf,esi(-1) ,rflags ,CMP,3,JZ,2,TEST,3,SUB,4,INVALID,0,MOV,2,JMP,7,NOP,9,MOV,3,MOV,4,0,1,0,0,0,CALL,0,1,1,0,0,0,JMP,0,0,4366153,4366256,4366158,0,1,1,0,fortran,2.422642320393948e-08,0.0,0,0,0
0x429f47,JZ,11936,0,121,2,0x429f44,TEST,1,NonLeaf,rdi(-1) rdi(-1) ,rflags ,TEST,3,SUB,4,INVALID,0,INVALID,0,INVALID,0,CMP,3,JNBE,2,MOV,2,JMP,7,NOP,9,0,1,0,0,0,RET,0,0,1,0,0,0,JA,0,0,4366144,4366272,4366153,0,0,0,0,fortran,2.422642320393948e-08,0.0,0,0,0
0x466ca2,JNBE,24,24,190,6,0x466c9e,CMP,1,NonLeaf,rcx(SHR) ,rflags ,CMP,4,SHR,4,MOV,3,SUB,4,JZ,6,CMP,4,MOV,8,MOV,8,MOV,8,MOV,3,0,1,0,0,0,CALL,0,1,1,0,0,0,JBE,0,0,4615315,4615520,4615336,0,0,1,1,fortran,4.8712647192907794e-11,1.0,1,0,1
0x466bb0,JNZ,24,0,9727,6,0x466bad,CMPXCHG,1,NonLeaf,rbx(-1) esi(-1) eax(CMPXCHG) ,eax rflags ,CMPXCHG,3,JMP,2,JNZ,6,CMPXCHG_LOCK,4,JZ,2,MOV,4,MOV,4,AND,4,CMP,7,JZ,2,0,-1,-1,-1,-1,CALL,-1,1,0,1,0,0,JE,0,0,4615085,4624815,4615094,0,0,1,0,fortran,4.8712647192907794e-11,0.0,0,0,0
0x466b81,JZ,24,0,199,6,0x466b7e,TEST,1,NonLeaf,rbx(MOV) rbx(MOV) ,rflags ,TEST,3,MOV,4,MOV,7,JNZ,6,TEST,3,MOV,3,AND,3,JNZ,6,MOV,5,CMP,7,0,1,0,0,0,CALL,0,1,1,0,0,0,JNE,0,0,4615027,4615240,4615047,0,0,1,0,fortran,4.8712647192907794e-11,0.0,0,0,0
0x4293a7,JNZ,2,0,72,2,0x42939e,XOR,1,NonLeaf,rcx(XOR) fs(-1) ,rcx rflags ,XOR,9,MOV,4,XOR,2,NOP,6,JNZ,2,LEA,4,POP,1,POP,2,POP,2,POP,1,0,1,0,0,0,CALL,0,1,1,0,0,0,RET,0,0,4363162,4363247,4363177,0,0,1,0,fortran,4.0593872660756495e-12,0.0,0,0,0
0x429390,JNZ,2,0,-107,2,0x42938d,TEST,1,NonLeaf,r13(-1) r13(-1) ,rflags ,TEST,3,JNZ,6,MOV,3,TEST,3,CALL_NEAR,5,NOP,6,XOR,2,MOV,4,XOR,9,JNZ,2,0,0,0,0,0,CALL,0,1,1,0,0,0,NOP,1,0,4363149,4363045,4363154,0,0,1,0,fortran,4.0593872660756495e-12,0.0,0,0,0
0x429387,JNZ,2,0,-135,6,0x429381,TEST,1,NonLeaf,rax(-1) rax(-1) ,rflags ,MOV,3,TEST,3,CALL_NEAR,5,LEA,7,MOV,7,TEST,3,JNZ,2,NOP,6,XOR,2,MOV,4,0,1,0,0,0,JE,0,0,1,0,0,0,JNE,0,0,4363137,4363008,4363149,0,0,0,0,fortran,4.0593872660756495e-12,0.0,0,0,0
0x4292ef,JZ,2,2,127,2,0x4292ec,TEST,1,NonLeaf,r13(MOV) r13(MOV) ,rflags ,TEST,3,MOV,6,JS,6,TEST,2,CALL_NEAR,5,MOV,5,CALL_NEAR,5,JMP,2,NOP,3,TEST,3,0,1,1,1,0,CALL,0,1,1,0,0,0,CALL,0,1,4362982,4363118,4362993,0,0,1,1,fortran,4.0593872660756495e-12,1.0,1,0,1
0x4292e0,JS,2,0,184,6,0x4292de,TEST,1,NonLeaf,eax(-1) eax(-1) ,rflags ,TEST,2,CALL_NEAR,5,MOV,5,MOV,3,LEA,7,MOV,6,TEST,3,JZ,2,MOV,5,CALL_NEAR,5,0,0,0,0,0,XOR,0,0,1,0,0,0,JE,0,0,4362974,4363160,4362982,0,0,0,0,fortran,4.0593872660756495e-12,0.0,0,0,0
0x4292c4,JNZ,2,0,212,6,0x4292c2,TEST,1,NonLeaf,eax(-1) eax(-1) ,rflags ,TEST,2,CALL_NEAR,5,MOV,3,MOV,3,MOV,2,LEA,7,MOV,3,MOV,5,CALL_NEAR,5,TEST,2,0,0,0,0,0,XOR,0,0,1,0,0,0,CALL,0,1,4362946,4363160,4362954,0,0,0,1,fortran,4.0593872660756495e-12,0.0,0,0,0
0x4292af,JZ,2,0,233,6,0x4292ac,TEST,1,NonLeaf,rdi(-1) rdi(-1) ,rflags ,TEST,3,SUB,3,AND,4,ADD,4,CDQE,2,MOV,2,MOV,3,MOV,3,CALL_NEAR,5,TEST,2,0,1,0,0,0,XOR,0,0,1,0,0,0,CALL,0,1,4362864,4363160,4362933,0,1,0,1,fortran,4.0593872660756495e-12,0.0,0,0,0
0x429082,JS,2,0,94,2,0x429080,TEST,1,NonLeaf,eax(-1) eax(-1) ,rflags ,TEST,2,NOP,6,JMP,5,MOV,5,NOP,1,MOV,9,MOV,3,JMP,5,NOP,3,MOV,5,0,1,0,0,0,CALL,0,1,1,0,0,0,MOV,0,0,4362368,4362464,4362372,0,0,1,1,fortran,4.0593872660756495e-12,0.0,0,0,0
0x428ff5,JZ,2,2,139,6,0x428fed,CMP,1,NonLeaf,r12(-1) ,rflags ,MOV,2,CMP,6,CALL_NEAR,5,MOV,3,MOV,5,TEST,2,MOV,3,JS,6,XOR,3,TEST,2,0,1,0,0,0,JS,0,0,1,0,0,0,JS,0,0,4362221,4362368,4362235,0,0,0,0,fortran,4.0593872660756495e-12,1.0,1,0,1
0x428f8e,JNZ,2,0,493,6,0x428f85,XOR,1,NonLeaf,rcx(XOR) fs(-1) ,rcx rflags ,XOR,9,MOV,4,XOR,2,MOV,3,MOV,2,LEA,4,POP,1,POP,2,POP,2,POP,2,0,1,0,0,0,CALL,0,1,1,0,0,0,RET,0,0,4362113,4362619,4362132,0,0,1,0,fortran,4.0593872660756495e-12,0.0,0,0,0
0x428f55,JZ,2,2,12,2,0x428f52,TEST,1,NonLeaf,r13d(-1) r13d(-1) ,rflags ,TEST,3,JNZ,6,TEST,3,JNZ,6,TEST,3,MOV,5,CALL_NEAR,5,MOV,2,CALL_NEAR,5,JMP,2,0,1,1,0,0,CALL,0,1,1,0,0,0,CALL,0,1,4362066,4362081,4362071,0,0,1,1,fortran,4.0593872660756495e-12,1.0,1,0,1
0x428f4c,JNZ,2,0,276,6,0x428f49,TEST,1,NonLeaf,r14d(-1) r14d(-1) ,rflags ,TEST,3,JNZ,6,TEST,3,JZ,6,CMP,3,TEST,3,JZ,2,MOV,5,CALL_NEAR,5,MOV,2,0,0,0,0,0,CALL,0,1,0,1,0,0,JE,0,0,4362057,4362336,4362066,0,0,1,0,fortran,4.0593872660756495e-12,0.0,0,0,0
0x428f43,JNZ,2,0,269,6,0x428f40,TEST,1,NonLeaf,r12d(-1) r12d(-1) ,rflags ,TEST,3,JZ,6,CMP,3,XOR,3,JZ,6,TEST,3,JNZ,6,TEST,3,JZ,2,MOV,5,0,1,0,0,0,CALL,0,1,1,0,0,0,JNE,0,0,4362048,4362320,4362057,0,0,1,0,fortran,4.0593872660756495e-12,0.0,0,0,0
0x428f3a,JZ,2,0,350,6,0x428f37,CMP,1,NonLeaf,ebx(-1) ,rflags ,CMP,3,XOR,3,JZ,6,CMP,3,XOR,3,TEST,3,JNZ,6,TEST,3,JNZ,6,TEST,3,0,1,0,0,0,CALL,0,1,1,1,0,0,JNE,0,0,4362036,4362392,4362048,0,0,1,0,fortran,4.0593872660756495e-12,0.0,0,0,0
0x428f2e,JZ,2,0,386,6,0x428f2b,CMP,1,NonLeaf,ebx(-1) ,rflags ,CMP,3,XOR,3,JZ,6,TEST,2,XOR,3,XOR,3,CMP,3,JZ,6,TEST,3,JNZ,6,0,1,0,0,0,CALL,0,1,1,1,0,0,JE,0,0,4362024,4362416,4362036,0,0,1,0,fortran,4.0593872660756495e-12,0.0,0,0,0
0x428f22,JZ,2,0,239,6,0x428f20,TEST,1,NonLeaf,ebx(-1) ebx(-1) ,rflags ,TEST,2,XOR,3,CALL_NEAR,5,MOV,3,JS,2,XOR,3,CMP,3,JZ,6,XOR,3,CMP,3,0,0,0,0,0,CALL,0,1,0,1,0,0,JE,0,0,4362013,4362257,4362024,0,0,1,0,fortran,4.0593872660756495e-12,0.0,0,0,0
0x428ebd,JNBE,2,0,265,6,0x428eb7,CMP,1,NonLeaf,r12(-1) ,rflags ,CMP,6,JNBE,6,MOV,5,CMP,3,JB,6,MOV,5,JMP,7,NOP,1,MOV,5,CALL_NEAR,5,0,0,0,0,0,CALL,0,1,0,0,0,0,JMP,0,0,4361911,4362182,4361923,0,0,1,0,fortran,4.0593872660756495e-12,0.0,0,0,0
0x428eb1,JNBE,2,0,247,6,0x428ea9,CMP,1,NonLeaf,eax(-1) ,rflags ,MOV,5,CMP,3,JB,6,JZ,6,CMP,3,CMP,6,JNBE,6,MOV,5,JMP,7,NOP,1,0,1,0,0,0,CALL,0,1,0,0,0,0,JA,0,0,4361897,4362152,4361911,0,0,1,0,fortran,4.0593872660756495e-12,0.0,0,0,0
0x428ea3,JB,2,0,277,6,0x428e9a,CMP,0,NonLeaf,eax(-1) ,rflags ,JZ,6,CMP,3,MOV,5,JNZ,6,MOV,2,CMP,3,MOV,5,JNBE,6,CMP,6,JNBE,6,0,1,0,0,0,JBE,0,0,1,0,0,0,JA,0,0,4361891,4362168,4361897,0,0,0,0,fortran,4.0593872660756495e-12,0.0,0,0,0
0x428e9d,JZ,2,0,467,6,0x428e9a,CMP,1,NonLeaf,eax(MOV) ,rflags ,CMP,3,MOV,5,JNZ,6,MOV,2,TEST,2,JB,6,CMP,3,MOV,5,JNBE,6,CMP,6,0,1,0,0,0,JMP,0,0,1,0,0,0,JB,0,0,4361877,4362352,4361891,0,0,0,0,fortran,4.0593872660756495e-12,0.0,0,0,0
0x428e8f,JNZ,2,0,230,6,0x428e8b,TEST,1,NonLeaf,eax(-1) eax(-1) ,rflags ,MOV,2,TEST,2,CALL_NEAR,5,MOV,3,JZ,6,MOV,5,CMP,3,JZ,6,JB,6,CMP,3,0,0,0,0,0,CALL,0,1,1,0,0,0,JE,0,0,4361867,4362101,4361877,0,0,1,0,fortran,4.0593872660756495e-12,0.0,0,0,0
0x428e7d,JZ,2,0,243,6,0x428e77,TEST,1,NonLeaf,rsi(MOV) rsi(MOV) ,rflags ,MOV,3,TEST,3,SUB,3,AND,4,ADD,4,MOV,3,CALL_NEAR,5,TEST,2,MOV,2,JNZ,6,0,1,0,0,0,MOV,0,0,1,0,0,0,CALL,0,1,4361808,4362096,4361859,0,0,0,1,fortran,4.0593872660756495e-12,0.0,0,0,0
0x428e4a,JZ,2,0,134,6,0x428e46,CMP,1,NonLeaf,rsi(-1) ,rflags ,CMP,4,XOR,2,MOV,4,MOV,9,SUB,4,MOV,3,MOV,5,MOV,4,MOV,3,LEA,3,0,1,0,0,0,CALL,0,1,1,0,0,0,JE,0,0,4361760,4361936,4361808,0,0,1,0,fortran,4.0593872660756495e-12,0.0,0,0,0
0x428c65,JNL,487,487,8,2,0x428c62,CMP,1,Leaf,r8(MOV) rcx(MOVSXD) ,rflags ,CMP,3,MOVSXD,3,MOV,3,SUB,3,JNLE,2,MOV,3,MOVSXD,3,ADD,3,SUB,3,ADD,4,0,1,1,0,0,RET,0,0,1,0,0,0,MOVSXD,0,0,4361305,4361325,4361319,1,0,1,1,fortran,9.884607992894208e-10,1.0,1,0,1
0x428c57,JNLE,487,0,41,2,0x428c54,CMP,1,Leaf,rax(-1) rcx(ADD) ,rflags ,CMP,3,ADD,3,MOVSXD,4,JL,2,CMP,3,SUB,3,MOV,3,MOVSXD,3,CMP,3,JNL,2,0,0,0,0,0,RET,0,0,1,0,0,0,JGE,0,0,4361293,4361344,4361305,0,1,0,0,fortran,9.884607992894208e-10,0.0,0,0,0
0x428c4b,JL,487,0,53,2,0x428c48,CMP,1,Leaf,rax(MOV) rdx(MOV) ,rflags ,CMP,3,MOV,4,MOV,4,INVALID,0,INVALID,0,MOVSXD,4,ADD,3,CMP,3,JNLE,2,SUB,3,0,1,0,0,0,RET,0,0,1,0,0,0,JG,0,0,4361280,4361344,4361293,0,0,0,0,fortran,9.884607992894208e-10,0.0,0,0,0
0x428bff,JZ,130,0,25,2,0x428bfc,CMP,1,Leaf,eax(-1) ,rflags ,CMP,3,JZ,2,CMP,3,JZ,2,TEST,2,RET_NEAR,2,NOP,5,MOV,7,JMP,5,NOP,4,0,1,0,0,0,JMP,0,0,1,0,0,0,REPZ RET,0,0,4361212,4361240,4361217,0,0,0,0,fortran,2.6386017229491727e-10,0.0,0,0,0
0x428bfa,JZ,288,158,46,2,0x428bf7,CMP,1,Leaf,eax(-1) ,rflags ,CMP,3,JZ,2,TEST,2,MOV,3,INVALID,0,CMP,3,JZ,2,RET_NEAR,2,NOP,5,MOV,7,0,1,0,0,0,JMP,0,0,1,0,0,0,JE,0,0,4361207,4361256,4361212,0,0,0,0,fortran,5.845517663148937e-10,0.5486111111111112,1,0,1
0x428bf5,JZ,288,0,19,2,0x428bf3,TEST,1,Leaf,eax(MOV) eax(MOV) ,rflags ,TEST,2,MOV,3,INVALID,0,INVALID,0,INVALID,0,CMP,3,JZ,2,CMP,3,JZ,2,RET_NEAR,2,0,1,0,0,0,JMP,0,0,1,0,0,0,JE,0,0,4361200,4361224,4361207,0,0,0,0,fortran,5.845517663148937e-10,0.0,0,0,0
0x428b2e,JLE,4,4,18,2,0x428b24,CMP,1,NonLeaf,eax(-1) ,rflags ,MOV,5,CMP,5,CALL_NEAR,5,MOV,3,MOV,2,POP,1,POP,1,MOV,2,POP,2,RET_NEAR,1,0,1,0,0,0,CALL,0,1,1,0,0,0,RET,0,0,4360996,4361024,4361008,0,0,1,0,fortran,8.118774532151299e-12,1.0,1,0,1
0x428a6b,JNL,2,2,81,2,0x428a68,CMP,1,NonLeaf,rdx(LEA) rax(LEA) ,rflags ,CMP,3,LEA,4,LEA,7,JNLE,2,MOV,4,MOV,3,CALL_NEAR,5,NOP,3,MOV,4,MOV,3,0,1,0,0,0,JMP,0,0,1,0,0,0,CALL,0,1,4360797,4360892,4360813,0,0,0,1,fortran,4.0593872660756495e-12,1.0,1,0,1
0x428a5b,JNLE,2,0,61,2,0x428a50,CMP,1,NonLeaf,rdx(-1) ,rflags ,MOV,4,CMP,7,NOP,4,RET_NEAR,1,POP,2,LEA,7,LEA,4,CMP,3,JNL,2,MOV,3,0,1,0,0,0,CALL,0,1,1,0,0,0,JGE,0,0,4360784,4360856,4360797,0,0,1,0,fortran,4.0593872660756495e-12,0.0,0,0,0
0x428a41,JLE,617,0,6,2,0x428a36,CMP,1,NonLeaf,rdx(ADD) rbx(-1) ,rflags ,MOV,4,MOV,3,CMP,4,ADD,3,MOV,3,MOV,4,POP,1,POP,1,POP,2,RET_NEAR,1,0,0,1,0,0,RET,0,0,1,0,0,0,MOV,0,0,4360755,4360775,4360771,0,0,0,1,fortran,1.2523209715843382e-09,0.0,0,0,0
0x4289ef,JLE,2,2,137,6,0x4289e8,CMP,1,NonLeaf,rbp(-1) ,rflags ,CMP,7,CALL_NEAR,5,MOV,3,NOP,10,JMP,2,MOV,4,CMP,4,JZ,2,MOV,3,XOR,2,0,0,0,0,0,CALL,0,1,1,0,0,0,JE,0,0,4360680,4360824,4360693,0,0,1,0,fortran,4.0593872660756495e-12,1.0,1,0,1
0x4289cf,JLE,615,0,100,2,0x4289cc,CMP,1,NonLeaf,eax(ADD) rbx(-1) ,rflags ,CMP,3,ADD,2,SUB,3,MOV,2,MOV,4,MOV,3,JMP,2,NOP,10,MOV,3,CALL_NEAR,5,0,0,1,0,0,JLE,0,0,1,0,0,0,JMP,0,0,4360641,4360755,4360657,0,0,1,1,fortran,1.2482615843182623e-09,0.0,0,0,0
0x4289ad,JL,613,0,51,2,0x4289aa,CMP,1,NonLeaf,rax(ADD) rdi(-1) ,rflags ,CMP,3,ADD,3,JL,2,CMP,3,JNLE,2,SUB,3,ADD,4,MOV,3,MOV,3,CALL_NEAR,5,0,0,0,0,0,CALL,0,1,0,0,0,0,CALL,0,1,4360615,4360672,4360623,0,1,1,1,fortran,1.2442021970521868e-09,0.0,0,1,0
0x4289a5,JL,613,0,59,2,0x4289a2,CMP,1,NonLeaf,rdi(-1) rdx(-1) ,rflags ,CMP,3,JNLE,2,CMP,3,LEA,7,LEA,5,ADD,3,CMP,3,JL,2,SUB,3,ADD,4,0,0,0,0,0,CALL,0,1,1,0,0,0,JL,0,0,4360610,4360672,4360615,0,0,1,0,fortran,1.2442021970521868e-09,0.0,0,0,0
0x4289a0,JNLE,615,2,64,2,0x42899d,CMP,1,NonLeaf,rsi(LEA) rcx(LEA) ,rflags ,CMP,3,LEA,7,LEA,5,MOV,4,JZ,6,CMP,3,JL,2,ADD,3,CMP,3,JL,2,0,1,0,0,0,CALL,0,1,1,0,0,0,JL,0,0,4360589,4360672,4360610,0,0,1,0,fortran,1.2482615843182623e-09,0.0032520325203252,0,0,0
0x428987,JZ,617,2,201,6,0x428985,TEST,1,NonLeaf,eax(MOVSXD) eax(MOVSXD) ,rflags ,TEST,2,MOV,4,MOV,3,MOVSXD,4,PUSH,1,MOV,4,LEA,5,LEA,7,CMP,3,JNLE,2,0,1,0,0,0,JG,0,0,1,0,0,0,JG,0,0,4360560,4360784,4360589,0,0,1,0,fortran,1.2523209715843382e-09,0.0032414910858995,0,0,0
0x42894b,JNZ,3,0,21,2,0x428949,TEST,1,NonLeaf,eax(-1) eax(-1) ,rflags ,TEST,2,CALL_NEAR,5,MOV,3,PUSH,1,INVALID,0,MOV,4,CALL_NEAR,5,MOV,3,POP,1,JMP,5,0,1,0,0,0,RET,0,0,1,0,0,0,CALL,0,1,4360521,4360544,4360525,0,0,0,1,fortran,6.089080899113475e-12,0.0,0,0,0
0x42891c,JLE,4,4,6,2,0x428914,CMP,1,NonLeaf,rdx(ADD) rbx(-1) ,rflags ,MOV,4,CMP,4,ADD,4,MOVSXD,3,CALL_NEAR,5,MOV,4,SUB,3,SETNZ,3,MOVZX,3,NEG,2,0,1,1,0,0,NEG,0,0,1,0,0,0,MOV,0,0,4360461,4360482,4360478,0,0,1,1,fortran,8.118774532151299e-12,1.0,1,0,1
0x4288ea,JZ,4,4,20,2,0x4288e6,CMP,1,NonLeaf,rdi(-1) rsi(MOV) ,rflags ,CMP,4,MOV,4,JZ,2,TEST,2,MOV,7,MOV,3,XOR,2,CALL_NEAR,5,TEST,3,JS,2,0,1,0,0,0,CALL,0,1,1,0,0,0,CALL,0,1,4360418,4360446,4360428,0,1,1,1,fortran,8.118774532151299e-12,1.0,1,0,1
0x4288e0,JZ,7,3,77,2,0x4288de,TEST,1,NonLeaf,eax(MOV) eax(MOV) ,rflags ,TEST,2,MOV,7,MOV,3,MOV,3,PUSH,1,MOV,4,CMP,4,JZ,2,MOV,3,XOR,2,0,1,0,0,0,RET,0,0,1,0,0,0,JE,0,0,4360400,4360493,4360418,0,0,0,0,fortran,1.4207855431264776e-11,0.4285714285714285,0,0,0
0x428887,JS,1,0,25,2,0x428884,TEST,1,NonLeaf,rsi(-1) rsi(-1) ,rflags ,TEST,3,ADD,4,NOP,10,RET_NEAR,1,MOV,7,MOV,4,MOV,3,RET_NEAR,1,NOP,7,ADD,4,0,1,0,0,0,CALL,0,1,1,0,0,0,RET,0,0,4360324,4360352,4360329,0,0,1,1,fortran,2.029693633037825e-12,0.0,0,0,0
0x428863,JZ,1,1,53,2,0x428860,CMP,1,NonLeaf,edx(-1) ,rflags ,CMP,3,INVALID,0,INVALID,0,INVALID,0,INVALID,0,CMP,3,JZ,2,TEST,2,JZ,2,MOV,7,0,1,0,0,0,JMP,0,0,1,0,0,0,JE,0,0,4360288,4360344,4360293,0,0,0,0,fortran,2.029693633037825e-12,1.0,1,0,1
0x42881b,JNLE,7,0,37,2,0x428818,CMP,1,NonLeaf,rsi(ADD) rax(MOV) ,rflags ,CMP,3,MOV,4,ADD,4,NOP,10,RET_NEAR,1,XOR,2,TEST,3,MOV,4,CMOVNS,4,RET_NEAR,1,0,1,0,0,0,CALL,0,1,1,0,0,0,RET,0,0,4360216,4360256,4360221,0,0,1,1,fortran,1.4207855431264776e-11,0.0,0,0,0
0x4287f3,JZ,7,7,29,2,0x4287f0,CMP,1,NonLeaf,edx(-1) ,rflags ,CMP,3,INVALID,0,INVALID,0,INVALID,0,INVALID,0,CMP,3,JZ,2,TEST,2,JZ,2,MOV,7,0,1,0,0,0,ADD,0,0,1,0,0,0,JE,0,0,4360176,4360208,4360181,0,0,0,0,fortran,1.4207855431264776e-11,1.0,1,0,1
0x42878e,JNLE,1,1,-81,2,0x428788,CMP,1,NonLeaf,rax(MOV) rcx(-1) ,rflags ,MOV,3,CMP,3,MOV,4,LEA,4,NOP,6,SUB,3,MOV,3,MOV,3,MOV,3,ADD,4,0,0,0,0,0,CALL,0,1,0,0,0,0,CALL,0,1,4360064,4359997,4360080,1,1,1,1,fortran,2.029693633037825e-12,1.0,1,1,1
0x42876f,JNZ,2,0,-161,6,0x42876b,CMP,1,NonLeaf,rbx(-1) r12(LEA) ,rflags ,CMP,4,LEA,5,MOV,4,CALL_NEAR,5,SUB,3,JMP,5,NOP,6,LEA,4,MOV,4,CMP,3,0,0,0,0,0,CALL,0,1,1,0,0,0,JMP,0,0,4360034,4359886,4360053,0,0,1,0,fortran,4.0593872660756495e-12,0.0,0,0,0
0x42873b,JL,1,0,-123,2,0x428738,CMP,1,NonLeaf,rsi(-1) rcx(-1) ,rflags ,CMP,3,JL,2,CMP,3,XOR,3,NOP,8,LEA,4,MOV,3,SUB,3,SUB,3,MOV,3,0,0,0,0,0,JE,0,0,0,0,0,0,CALL,0,1,4359992,4359872,4359997,0,1,0,1,fortran,2.029693633037825e-12,0.0,0,1,0
0x428736,JL,1,0,-118,2,0x428733,CMP,1,NonLeaf,rcx(-1) rax(-1) ,rflags ,CMP,3,XOR,3,NOP,8,RET_NEAR,1,POP,2,CMP,3,JL,2,LEA,4,MOV,3,SUB,3,0,0,0,0,0,JE,0,0,1,0,0,0,JL,0,0,4359984,4359872,4359992,0,0,0,0,fortran,2.029693633037825e-12,0.0,0,0,0
0x4286f3,JLE,2,2,189,6,0x4286e4,CMP,1,NonLeaf,rbp(-1) ,rflags ,MOV,4,MOV,4,CMP,7,JS,6,TEST,3,MOV,3,MOV,3,MOV,3,CALL_NEAR,5,ADD,4,0,1,0,0,0,CALL,0,1,1,0,0,0,CALL,0,1,4359908,4360112,4359929,0,0,1,1,fortran,4.0593872660756495e-12,1.0,1,0,1
0x4286ba,JNL,36,36,214,6,0x4286b7,CMP,1,NonLeaf,rcx(-1) rax(-1) ,rflags ,CMP,3,XOR,3,JNLE,2,CMP,3,ADD,3,SUB,3,LEA,5,CMP,4,JZ,2,MOV,3,0,0,0,0,0,CALL,0,1,0,0,0,0,JE,0,0,4359860,4360080,4359872,1,0,1,0,fortran,7.306897078936171e-11,1.0,1,0,1
0x4286b2,JNLE,37,1,126,2,0x4286af,CMP,1,NonLeaf,rdi(LEA) rsi(ADD) ,rflags ,CMP,3,ADD,3,LEA,5,MOVSXD,3,MOV,4,XOR,3,CMP,3,JNL,6,SUB,3,LEA,5,0,1,0,0,0,JL,0,0,1,0,0,0,JGE,0,0,4359840,4359984,4359860,0,0,0,0,fortran,7.509866442239953e-11,0.027027027027027,0,0,0
0x42869a,JZ,38,1,230,6,0x428698,TEST,1,NonLeaf,edx(MOV) edx(MOV) ,rflags ,TEST,2,MOV,4,MOV,3,MOV,3,PUSH,1,MOV,4,MOVSXD,3,LEA,5,ADD,3,CMP,3,0,1,0,0,0,JG,0,0,1,0,0,0,JG,0,0,4359808,4360064,4359840,0,0,1,0,fortran,7.712835805543735e-11,0.0263157894736842,0,0,0
0x428629,JNLE,4,0,-32,2,0x428626,TEST,1,NonLeaf,rbp(SUB) rbp(SUB) ,rflags ,TEST,3,SUB,3,ADD,3,JS,2,MOV,3,POP,1,MOV,3,SUB,3,POP,1,POP,2,0,0,0,1,1,CALL,0,1,1,0,0,0,RET,1,0,4359718,4359689,4359723,0,1,1,0,fortran,8.118774532151299e-12,0.0,0,1,0
0x42861e,JS,4,0,34,2,0x428618,TEST,1,NonLeaf,rax(-1) rax(-1) ,rflags ,MOV,3,TEST,3,CALL_NEAR,5,MOV,3,MOV,3,ADD,3,SUB,3,TEST,3,JNLE,2,POP,1,0,1,0,0,0,CALL,0,1,1,0,0,0,SUB,0,0,4359704,4359744,4359712,0,0,1,0,fortran,8.118774532151299e-12,0.0,0,0,0
0x4285fe,JLE,4,0,88,2,0x4285f2,TEST,1,NonLeaf,rdx(-1) rdx(-1) ,rflags ,PUSH,1,PUSH,1,PUSH,2,PUSH,2,MOV,3,MOV,3,MOV,3,MOV,3,MOV,4,MOV,3,0,1,0,0,0,JMP,0,0,1,0,0,0,MOV,0,0,4359664,4359766,4359680,0,0,0,0,fortran,8.118774532151299e-12,0.0,0,0,0
0x4285a2,JZ,3,3,8,2,0x4285a0,TEST,1,NonLeaf,eax(MOV) eax(MOV) ,rflags ,TEST,2,MOV,6,JNZ,2,TEST,2,MOV,6,CMP,4,JBE,2,MOV,5,MOV,7,CALL_NEAR,5,0,1,0,0,0,CALL,0,1,1,0,0,0,JBE,0,0,4359578,4359594,4359588,0,0,1,0,fortran,6.089080899113475e-12,1.0,1,0,1
0x428598,JNZ,3,0,-101,2,0x428596,TEST,1,NonLeaf,edx(MOV) edx(MOV) ,rflags ,TEST,2,MOV,6,NOP,1,JMP,2,MOV,3,MOV,6,TEST,2,JZ,2,CMP,4,JBE,2,0,0,0,0,0,MOV,0,0,1,0,0,0,JE,0,0,4359568,4359475,4359578,0,0,1,0,fortran,6.089080899113475e-12,0.0,0,0,0
0x428556,JNZ,5,0,107,2,0x42854a,XOR,1,NonLeaf,rcx(XOR) fs(-1) ,rcx rflags ,MOV,3,XOR,9,MOV,8,MOV,8,MOV,7,ADD,7,POP,1,POP,1,RET_NEAR,1,NOP,6,0,1,0,0,0,CALL,0,1,1,0,0,0,RET,0,0,4359490,4359617,4359512,0,0,1,0,fortran,1.0148468165189125e-11,0.0,0,0,0
0x428531,JZ,5,3,95,2,0x42852c,CMP,1,NonLeaf,eax(AND) ,rflags ,CMP,5,AND,5,MOV,4,MOV,4,MOV,5,MOV,7,MOV,8,MOV,8,XOR,9,MOV,3,0,1,0,0,0,JNE,0,0,0,0,0,0,MOV,0,0,4359433,4359568,4359475,0,0,0,1,fortran,1.0148468165189125e-11,0.6,1,0,1
0x428507,JZ,5,0,97,2,0x428502,CMP,1,NonLeaf,eax(-1) ,rflags ,MOV,2,CMP,3,CALL_NEAR,5,MOV,3,MOV,5,MOV,4,MOV,4,MOV,5,MOV,4,MOV,5,0,1,0,0,0,CALL,0,1,1,0,0,0,JE,0,0,4359426,4359528,4359433,0,0,1,1,fortran,1.0148468165189125e-11,0.0,0,0,0
0x428426,JBE,5,3,9,2,0x428423,CMP,1,NonLeaf,edi(-1) ,rflags ,CMP,3,XOR,2,JZ,2,CMP,3,MOV,3,CALL_NEAR,5,MOV,2,MOV,3,CALL_NEAR,5,ADD,4,0,0,1,0,0,CALL,0,1,1,0,0,0,CALL,0,1,4359201,4359215,4359208,0,0,1,1,fortran,1.0148468165189125e-11,0.6,1,0,1
0x42841f,JZ,5,0,33,2,0x42841c,CMP,1,NonLeaf,edi(MOV) ,rflags ,CMP,3,MOV,3,SUB,4,MOV,3,PUSH,1,XOR,2,CMP,3,JBE,2,CALL_NEAR,5,MOV,2,0,1,0,0,0,JMP,0,0,1,0,0,0,JBE,0,0,4359184,4359232,4359201,0,0,0,0,fortran,1.0148468165189125e-11,0.0,0,0,0
0x428177,JNZ,9,4,-70,2,0x428174,TEST,1,Recursive,rbx(MOV) rbx(MOV) ,rflags ,TEST,3,MOV,4,NOP,1,JMP,2,MOV,3,NOP,7,XOR,2,JMP,2,INVALID,0,INVALID,0,0,0,0,1,1,JE,0,0,1,0,0,0,NOP,1,0,4358512,4358449,4358521,0,0,0,0,fortran,1.8267242697340427e-11,0.4444444444444444,0,1,0
0x428168,JNZ,3,3,-36,2,0x428164,CMP,1,Recursive,rbp(-1) rax(MOV) ,rflags ,CMP,4,MOV,4,NOP,4,RET_NEAR,1,POP,1,MOV,3,JMP,2,NOP,1,MOV,4,TEST,3,0,0,0,0,0,CALL,0,1,1,0,0,0,JMP,1,0,4358496,4358468,4358506,0,0,1,0,fortran,6.089080899113475e-12,1.0,1,0,1
0x428153,JZ,9,9,29,2,0x428150,TEST,1,Recursive,rax(-1) rax(-1) ,rflags ,TEST,3,CALL_NEAR,5,MOV,3,MOV,4,JZ,2,ADD,4,POP,1,POP,1,RET_NEAR,1,NOP,4,0,1,0,0,0,JNE,0,0,0,1,0,0,RET,1,0,4358480,4358512,4358485,0,0,0,0,fortran,1.8267242697340427e-11,1.0,1,0,1
0x428142,JZ,7,3,30,2,0x42813e,CMP,1,Recursive,rbp(-1) rdx(MOV) ,rflags ,CMP,4,MOV,4,JZ,2,TEST,3,MOV,4,MOV,4,MOV,3,CALL_NEAR,5,TEST,3,JZ,2,0,1,0,0,0,JNE,0,0,0,0,0,0,CALL,0,1,4358458,4358496,4358468,0,0,0,1,fortran,1.4207855431264776e-11,0.4285714285714285,0,0,0
0x428138,JZ,9,2,12,2,0x428135,TEST,1,Recursive,rax(MOV) rax(MOV) ,rflags ,TEST,3,MOV,4,JZ,2,TEST,3,SUB,4,MOV,4,CMP,4,JZ,2,MOV,4,MOV,3,1,1,0,0,0,CALL,0,1,1,0,0,0,JE,0,0,4358449,4358468,4358458,0,0,1,0,fortran,1.8267242697340427e-11,0.2222222222222222,0,0,0
0x42812f,JZ,11,6,81,2,0x42812c,TEST,1,Recursive,rdi(-1) rdi(-1) ,rflags ,TEST,3,SUB,4,MOV,3,PUSH,1,MOV,3,MOV,4,TEST,3,JZ,2,MOV,4,CMP,4,0,1,0,0,0,JMP,0,0,1,0,1,0,JE,0,0,4358432,4358528,4358449,0,0,0,0,fortran,2.2326629963416075e-11,0.5454545454545454,1,0,1
0x428019,JZ,1,1,13,2,0x428016,TEST,1,NonLeaf,rbx(-1) rbx(-1) ,rflags ,TEST,3,JNZ,2,TEST,3,MOV,7,CALL_NEAR,5,POP,1,MOV,5,JMP,5,POP,1,RET_NEAR,1,0,1,0,0,0,RET,0,0,1,0,0,0,JMP,0,0,4358166,4358182,4358171,0,0,0,0,fortran,2.029693633037825e-12,1.0,1,0,1
0x428014,JNZ,5,4,-20,2,0x428011,TEST,1,NonLeaf,rdi(MOV) rdi(MOV) ,rflags ,TEST,3,MOV,7,CALL_NEAR,5,MOV,5,NOP,9,TEST,3,JZ,2,POP,1,MOV,5,JMP,5,1,1,0,0,0,CALL,0,1,1,1,0,0,JE,1,0,4358154,4358144,4358166,0,0,1,0,fortran,1.0148468165189125e-11,0.8,1,0,1
0x427fe9,JZ,1,1,33,2,0x427fe6,TEST,1,NonLeaf,rbx(MOV) rbx(MOV) ,rflags ,TEST,3,MOV,5,PUSH,1,INVALID,0,INVALID,0,MOV,5,CALL_NEAR,5,JMP,2,NOP,9,MOV,5,0,1,1,1,0,JNE,0,0,1,0,0,0,CALL,0,1,4358112,4358154,4358123,0,0,0,1,fortran,2.029693633037825e-12,1.0,1,1,1
0x427faf,JZ,5,5,7,2,0x427fac,TEST,1,NonLeaf,rax(MOV) rax(MOV) ,rflags ,TEST,3,LEA,7,MOV,5,NOP,6,JMP,5,CALL_NEAR,5,MOV,3,CALL_NEAR,5,NOP,2,JMP,2,0,1,1,0,0,CALL,0,1,1,0,0,0,CALL,0,1,4358048,4358070,4358065,0,0,1,1,fortran,1.0148468165189125e-11,1.0,1,0,1
0x427f64,JZ,1,1,12,2,0x427f61,TEST,1,NonLeaf,rax(MOV) rax(MOV) ,rflags ,TEST,3,MOV,5,JNZ,2,TEST,2,JZ,2,MOV,5,CALL_NEAR,5,POP,1,POP,1,MOV,3,0,0,1,0,0,RET,0,0,1,0,0,0,CALL,0,1,4357980,4358000,4357990,0,0,0,1,fortran,2.029693633037825e-12,1.0,1,0,1
0x427f5a,JNZ,5,4,22,2,0x427f58,TEST,1,NonLeaf,ebp(-1) ebp(-1) ,rflags ,TEST,2,JZ,2,TEST,2,MOV,6,CALL_NEAR,5,MOV,5,TEST,3,JZ,2,MOV,5,CALL_NEAR,5,0,1,1,0,0,RET,0,0,1,0,0,0,JE,0,0,4357976,4358000,4357980,0,0,0,0,fortran,1.0148468165189125e-11,0.8,1,0,1
0x427f56,JZ,5,5,74,2,0x427f54,TEST,1,NonLeaf,eax(MOV) eax(MOV) ,rflags ,TEST,2,MOV,6,CALL_NEAR,5,JZ,2,TEST,3,TEST,2,JNZ,2,MOV,5,TEST,3,JZ,2,0,1,0,0,0,JE,0,0,1,1,0,0,JNE,0,0,4357966,4358048,4357976,0,0,0,0,fortran,1.0148468165189125e-11,1.0,1,0,1
0x427f47,JZ,1,1,7,2,0x427f44,TEST,1,NonLeaf,rax(MOV) rax(MOV) ,rflags ,TEST,3,LEA,7,MOV,5,JNZ,2,TEST,2,CALL_NEAR,5,MOV,6,TEST,2,JZ,2,TEST,2,0,0,1,0,0,JE,0,0,1,0,0,0,CALL,0,1,4357944,4357966,4357961,0,0,0,1,fortran,2.029693633037825e-12,1.0,1,0,1
0x427f36,JNZ,5,4,24,2,0x427f34,TEST,1,NonLeaf,ebp(-1) ebp(-1) ,rflags ,TEST,2,CALL_NEAR,5,MOV,3,CALL_NEAR,5,MOV,10,MOV,5,LEA,7,TEST,3,JZ,2,CALL_NEAR,5,0,1,1,0,0,JE,0,0,1,0,0,0,JE,0,0,4357940,4357966,4357944,0,0,0,0,fortran,1.0148468165189125e-11,0.8,1,0,1
0x427eeb,JNZ,15,10,-20,2,0x427ee4,CMP,1,NonLeaf,rdx(ADD) ,rflags ,CMP,7,ADD,4,JZ,6,CMP,3,MOV,5,MOV,7,MOV,3,CALL_NEAR,5,MOV,7,MOV,7,0,0,0,1,1,JE,0,0,1,1,0,0,CALL,1,1,4357856,4357847,4357869,0,0,0,1,fortran,3.0445404495567374e-11,0.6666666666666666,1,1,1
0x427eda,JZ,15,3,166,6,0x427ed7,CMP,1,NonLeaf,rdx(-1) rbx(-1) ,rflags ,CMP,3,MOV,5,CALL_NEAR,5,MOV,5,JZ,2,ADD,4,CMP,7,JNZ,2,MOV,7,MOV,3,1,1,0,0,0,JMP,0,0,1,1,0,0,JNE,0,0,4357847,4358016,4357856,0,1,1,0,fortran,3.0445404495567374e-11,0.2,0,0,0
0x427ec6,JZ,1,1,12,2,0x427ec3,TEST,1,NonLeaf,rax(MOV) rax(MOV) ,rflags ,TEST,3,MOV,5,JNZ,2,MOV,10,TEST,2,MOV,5,CALL_NEAR,5,MOV,5,CMP,3,JZ,6,0,0,1,0,0,MOV,0,0,1,0,0,0,CALL,0,1,4357822,4357842,4357832,0,0,0,1,fortran,2.029693633037825e-12,1.0,1,0,1
0x427ebc,JNZ,5,4,22,2,0x427eb0,TEST,1,NonLeaf,ebp(-1) ebp(-1) ,rflags ,MOV,10,TEST,2,SETZ,4,CMP,3,CALL_NEAR,3,MOV,5,TEST,3,JZ,2,MOV,5,CALL_NEAR,5,0,1,1,0,0,MOV,0,0,1,0,0,0,JE,0,0,4357808,4357842,4357822,0,0,0,0,fortran,1.0148468165189125e-11,0.8,1,0,1
0x427e9e,JZ,5,0,18,2,0x427e9b,TEST,1,NonLeaf,rdi(MOV) rdi(MOV) ,rflags ,TEST,3,XOR,3,MOV,4,JNZ,6,TEST,2,MOV,3,XOR,3,CALL_NEAR,3,CMP,3,SETZ,4,0,1,1,0,0,JNE,0,0,1,0,0,0,CALL,0,1,4357780,4357808,4357792,0,0,1,1,fortran,1.0148468165189125e-11,0.0,0,0,0
0x427e8e,JNZ,5,0,258,6,0x427e8c,TEST,1,NonLeaf,edx(MOV) edx(MOV) ,rflags ,TEST,2,MOV,3,MOV,3,PUSH,1,MOV,2,MOV,4,XOR,3,TEST,3,JZ,2,MOV,3,0,1,0,0,0,CALL,0,1,1,1,0,0,JE,0,0,4357760,4358032,4357780,0,0,1,0,fortran,1.0148468165189125e-11,0.0,0,0,0
0x427d1f,JZ,297,297,7,2,0x427d1c,TEST,1,Leaf,rax(MOV) rax(MOV) ,rflags ,TEST,3,ADD,7,MOV,5,INVALID,0,INVALID,0,JMP,5,RET_NEAR,1,INVALID,0,INVALID,0,INVALID,0,0,1,0,0,0,RET,0,0,1,0,0,0,JMP,0,0,4357392,4357414,4357409,0,0,0,0,fortran,6.028190090122341e-10,1.0,1,0,1
0x427cff,JNZ,63,62,-15,2,0x427cfc,CMP,1,NonLeaf,ecx(ADD) ,rflags ,CMP,3,ADD,3,ADD,3,SHL,3,MOV,3,MOV,7,POP,1,RET_NEAR,1,INVALID,0,INVALID,0,1,1,1,1,1,JNE,0,0,1,1,0,0,RET,1,0,4357360,4357360,4357377,1,0,0,1,fortran,1.2787069888138301e-10,0.984126984126984,1,1,1
0x427ce0,JZ,1,1,7,2,0x427cdd,TEST,1,NonLeaf,rax(MOV) rax(MOV) ,rflags ,TEST,3,LEA,7,MOV,5,CALL_NEAR,5,MOV,5,CALL_NEAR,5,XOR,2,XOR,2,MOV,5,MOV,3,0,0,1,0,0,MOV,0,0,1,0,0,0,CALL,0,1,4357329,4357351,4357346,0,0,0,1,fortran,2.029693633037825e-12,1.0,1,0,1
0x427c18,JS,1,0,207,6,0x427c16,TEST,1,NonLeaf,edi(MOV) edi(MOV) ,rflags ,TEST,2,MOV,6,CALL_NEAR,5,JZ,2,TEST,3,CALL_NEAR,5,MOV,3,CALL_NEAR,5,MOV,4,MOVSXD,7,0,1,1,0,0,MOV,0,0,1,0,0,0,CALL,0,1,4357136,4357351,4357150,0,0,0,1,fortran,2.029693633037825e-12,0.0,0,0,0
0x427c09,JZ,1,1,7,2,0x427c06,TEST,1,NonLeaf,rax(MOV) rax(MOV) ,rflags ,TEST,3,LEA,7,MOV,5,CALL_NEAR,5,MOV,3,CALL_NEAR,5,MOV,6,TEST,2,JS,6,CALL_NEAR,5,0,0,1,0,0,JS,0,0,1,0,0,0,CALL,0,1,4357114,4357136,4357131,0,0,0,1,fortran,2.029693633037825e-12,1.0,1,0,1
0x427b44,JS,1,0,204,6,0x427b42,TEST,1,NonLeaf,edi(MOV) edi(MOV) ,rflags ,TEST,2,MOV,6,CALL_NEAR,5,JZ,2,TEST,3,CALL_NEAR,5,MOV,3,CALL_NEAR,5,MOV,4,MOVSXD,7,0,1,1,0,0,JS,0,0,1,0,0,0,CALL,0,1,4356924,4357136,4356938,0,0,0,1,fortran,2.029693633037825e-12,0.0,0,0,0
0x427b35,JZ,1,1,7,2,0x427b32,TEST,1,NonLeaf,rax(MOV) rax(MOV) ,rflags ,TEST,3,LEA,7,MOV,5,CALL_NEAR,5,MOV,3,CALL_NEAR,5,MOV,6,TEST,2,JS,6,CALL_NEAR,5,0,0,1,0,0,JS,0,0,1,0,0,0,CALL,0,1,4356902,4356924,4356919,0,0,0,1,fortran,2.029693633037825e-12,1.0,1,0,1
0x427a69,JS,1,0,211,6,0x427a67,TEST,1,NonLeaf,edi(MOV) edi(MOV) ,rflags ,TEST,2,PUSH,1,MOV,6,INVALID,0,INVALID,0,CALL_NEAR,5,MOV,3,CALL_NEAR,5,MOV,4,MOVSXD,7,0,1,1,0,0,JS,0,0,1,0,0,0,CALL,0,1,4356704,4356924,4356719,0,0,0,1,fortran,2.029693633037825e-12,0.0,0,0,0
0x427a36,JNZ,295,7,26,2,0x427a30,TEST,1,Leaf,rdi(-1) ,rflags ,TEST,6,INVALID,0,INVALID,0,INVALID,0,INVALID,0,AND,7,MOV,8,MOV,3,JMP,5,NOP,1,0,1,0,0,0,JMP,0,0,1,0,0,0,JMP,0,0,4356656,4356688,4356664,0,1,0,1,fortran,5.987596217461584e-10,0.023728813559322,0,0,0
0x427a01,JZ,7,7,7,2,0x4279f7,TEST,1,NonLeaf,rax(MOV) rax(MOV) ,rflags ,LEA,7,TEST,3,MOV,5,MOV,7,CALL_NEAR,5,CALL_NEAR,5,MOV,3,POP,1,JMP,5,NOP,7,0,1,1,0,0,JMP,0,0,1,0,0,0,CALL,0,1,4356587,4356616,4356611,0,0,0,1,fortran,1.4207855431264776e-11,1.0,1,0,1
0x4279cd,JZ,7,0,75,2,0x4279ca,TEST,1,NonLeaf,rax(MOV) rax(MOV) ,rflags ,TEST,3,MOV,7,JNZ,2,CMP,4,JZ,2,MOV,7,CALL_NEAR,5,MOV,7,MOV,4,CALL_NEAR,5,0,0,0,0,0,RET,0,0,1,0,0,0,CALL,0,1,4356547,4356632,4356559,0,0,0,1,fortran,1.4207855431264776e-11,0.0,0,0,0
0x4279c1,JNZ,7,0,89,2,0x4279bd,CMP,1,NonLeaf,rdi(-1) ,rflags ,CMP,4,JZ,2,MOV,3,TEST,7,PUSH,1,MOV,7,TEST,3,JZ,2,MOV,7,CALL_NEAR,5,0,1,0,0,0,CALL,0,1,1,1,0,0,JE,0,0,4356541,4356634,4356547,1,0,1,0,fortran,1.4207855431264776e-11,0.0,0,0,0
0x4279bb,JZ,295,288,93,2,0x4279b1,TEST,1,NonLeaf,rdi(-1) ,rflags ,MOV,3,TEST,7,PUSH,1,INVALID,0,INVALID,0,CMP,4,JNZ,2,MOV,7,TEST,3,JZ,2,0,1,0,0,0,RET,0,0,1,0,0,0,JNE,0,0,4356528,4356632,4356541,0,0,0,0,fortran,5.987596217461584e-10,0.976271186440678,1,0,1
0x42795d,JNZ,7,0,-509,6,0x42795a,TEST,1,NonLeaf,rdx(MOV) rdx(MOV) ,rflags ,TEST,3,MOV,4,MOV,7,CDQE,2,MOV,3,MOV,5,MOV,3,JMP,5,SUB,3,CALL_NEAR,5,0,0,0,0,0,CALL,0,1,1,0,0,0,JMP,0,0,4356438,4355936,4356451,0,0,1,0,fortran,1.4207855431264776e-11,0.0,0,0,0
0x42793f,JNZ,7,0,93,2,0x42793d,TEST,1,NonLeaf,eax(MOV) eax(MOV) ,rflags ,TEST,2,MOV,3,JNZ,2,CMP,8,NOP,10,MOV,4,CALL_NEAR,5,MOV,3,CDQE,2,MOV,7,0,1,0,0,0,CALL,0,1,1,0,0,0,CALL,0,1,4356410,4356508,4356417,0,0,1,1,fortran,1.4207855431264776e-11,0.0,0,0,0
0x427938,JNZ,7,0,88,2,0x427930,CMP,1,NonLeaf,rbp(-1) ,rflags ,CMP,8,NOP,10,JL,2,CMP,3,ADD,4,MOV,3,TEST,2,JNZ,2,MOV,4,CALL_NEAR,5,0,0,0,0,0,JMP,0,0,1,0,0,0,JNE,0,0,4356400,4356496,4356410,0,0,0,0,fortran,1.4207855431264776e-11,0.0,0,0,0
0x427924,JL,40,33,-44,2,0x427921,CMP,1,NonLeaf,rax(ADD) r8(-1) ,rflags ,CMP,3,ADD,4,JZ,2,CMP,3,AND,3,NOP,10,CMP,8,JNZ,2,MOV,3,TEST,2,0,1,0,0,0,JE,0,0,1,0,0,0,NOP,1,0,4356381,4356344,4356390,0,0,0,0,fortran,8.1187745321513e-11,0.825,1,1,1
0x42790e,JNZ,40,40,15,2,0x42790b,CMP,1,NonLeaf,dl(AND) ,rflags ,CMP,3,AND,3,JZ,6,CMP,3,MOV,3,MOVZX,5,AND,3,CMP,3,JZ,2,ADD,4,1,1,0,0,0,JL,0,0,1,0,0,0,JE,0,0,4356360,4356381,4356368,0,0,0,0,fortran,8.1187745321513e-11,1.0,1,0,1
0x427902,JZ,33,0,142,6,0x4278ff,CMP,1,NonLeaf,dl(MOVZX) ,rflags ,CMP,3,MOV,3,MOVZX,4,NOP,6,JMP,2,AND,3,CMP,3,JNZ,2,MOVZX,5,AND,3,0,0,0,0,0,JMP,1,0,0,0,1,1,JNE,0,0,4356344,4356496,4356360,0,1,0,0,fortran,6.697988989024823e-11,0.0,0,0,0
0x4278e6,JZ,7,0,170,6,0x4278e3,CMP,1,NonLeaf,dl(MOVZX) ,rflags ,CMP,3,MOVZX,3,JLE,2,TEST,3,MOVSXD,4,XOR,2,XOR,2,JMP,2,NOP,6,MOVZX,4,0,0,0,0,0,JMP,0,0,1,0,0,0,JMP,0,0,4356320,4356496,4356332,0,0,0,0,fortran,1.4207855431264776e-11,0.0,0,0,0
0x4278de,JLE,7,0,82,2,0x4278db,TEST,1,NonLeaf,r8(MOVSXD) r8(MOVSXD) ,rflags ,TEST,3,MOVSXD,4,JNZ,6,MOV,4,TEST,5,MOVZX,3,CMP,3,JZ,6,XOR,2,XOR,2,0,0,0,0,0,JNE,0,0,1,0,0,0,JE,0,0,4356311,4356400,4356320,0,0,0,0,fortran,1.4207855431264776e-11,0.0,0,0,0
0x4278d1,JNZ,7,0,191,6,0x4278c8,TEST,1,NonLeaf,eax(-1) ,rflags ,MOV,4,TEST,5,JZ,2,TEST,3,MOV,3,MOVSXD,4,TEST,3,JLE,2,MOVZX,3,CMP,3,0,0,0,0,0,JMP,0,0,1,0,0,0,JLE,0,0,4356296,4356496,4356311,0,0,0,0,fortran,1.4207855431264776e-11,0.0,0,0,0
0x4278c6,JZ,7,0,106,2,0x4278c3,TEST,1,NonLeaf,ah(MOV) ,rflags ,TEST,3,MOV,3,NOP,3,RET_NEAR,1,POP,2,TEST,5,MOV,4,JNZ,6,MOVSXD,4,TEST,3,0,1,0,0,0,JNE,0,0,1,0,0,0,JNE,0,0,4356288,4356400,4356296,0,0,0,0,fortran,1.4207855431264776e-11,0.0,0,0,0
0x4278ae,JNZ,7,0,249,6,0x4278a5,XOR,1,NonLeaf,rcx(XOR) fs(-1) ,rcx rflags ,XOR,9,MOV,5,MOV,3,MOV,6,OR,3,ADD,4,POP,1,POP,1,POP,2,RET_NEAR,1,0,1,0,0,0,CALL,0,1,1,0,0,0,RET,0,0,4356053,4356519,4356276,0,0,1,0,fortran,1.4207855431264776e-11,0.0,0,0,0
0x4277c3,JNZ,7,0,429,6,0x4277bd,TEST,1,NonLeaf,edi(MOV) edi(MOV) ,rflags ,MOV,4,TEST,2,NEG,3,MOV,3,MOV,3,SUB,3,CALL_NEAR,5,MOV,4,MOV,7,MOV,11,0,1,0,0,0,CALL,0,1,1,0,0,0,CALL,0,1,4356020,4356464,4356041,1,1,1,1,fortran,1.4207855431264776e-11,0.0,0,0,0
0x42775a,JZ,7,7,358,6,0x427757,TEST,1,NonLeaf,rdx(MOV) rdx(MOV) ,rflags ,TEST,3,MOV,4,JNZ,6,TEST,3,MOV,7,MOV,4,MOV,5,AND,3,MOV,6,MOVSXD,3,0,1,0,0,0,JE,0,0,0,0,0,0,CALL,0,1,4355923,4356288,4355936,0,0,0,1,fortran,1.4207855431264776e-11,1.0,1,0,1
0x42774d,JNZ,7,0,521,6,0x42774a,TEST,1,NonLeaf,r8d(MOV) r8d(MOV) ,rflags ,TEST,3,MOV,7,MOV,7,MOVSXD,3,MOV,6,MOV,4,TEST,3,JZ,6,MOV,4,MOV,5,0,1,0,0,0,JNE,0,0,1,0,0,0,JE,0,0,4355888,4356438,4355923,0,0,0,0,fortran,1.4207855431264776e-11,0.0,0,0,0
0x427729,JZ,7,7,7,2,0x427702,TEST,1,NonLeaf,rax(MOV) rax(MOV) ,rflags ,MOV,9,MOV,9,MOV,9,MOV,9,TEST,3,CALL_NEAR,5,MOV,3,MOV,6,MOVSXD,3,MOV,7,0,1,1,0,0,JNE,0,0,1,0,0,0,CALL,0,1,4355763,4355888,4355883,0,0,1,1,fortran,1.4207855431264776e-11,1.0,1,0,1
0x427603,JZ,2,2,-15,2,0x427600,TEST,1,NonLeaf,r13(-1) r13(-1) ,rflags ,TEST,3,RET_NEAR,1,POP,2,POP,2,POP,2,MOV,5,CALL_NEAR,5,MOV,3,POP,1,POP,1,0,0,0,0,0,RET,0,0,0,0,0,0,CALL,0,1,4355584,4355572,4355589,0,0,0,1,fortran,4.0593872660756495e-12,1.0,1,0,1
0x4275ce,JZ,289,289,38,2,0x4275c4,TEST,1,NonLeaf,r13(-1) r13(-1) ,rflags ,LEA,7,TEST,3,JZ,6,TEST,3,JNZ,2,CALL_NEAR,5,TEST,2,JZ,2,ADD_LOCK,8,MOV,5,0,0,0,0,0,RET,1,0,1,0,0,0,CALL,0,1,4355524,4355572,4355536,0,0,0,1,fortran,5.865814599479313e-10,1.0,1,0,1
0x4275be,JZ,1,0,-191,6,0x4275bb,TEST,1,NonLeaf,rbx(-1) rbx(-1) ,rflags ,TEST,3,JNZ,2,TEST,2,MOV,7,MOV,7,TEST,3,LEA,7,JZ,2,CALL_NEAR,5,TEST,2,0,0,0,0,0,JE,0,0,0,0,0,0,JE,0,0,4355515,4355327,4355524,0,0,0,0,fortran,2.029693633037825e-12,0.0,0,0,0
0x4275b9,JNZ,3,2,71,2,0x4275b7,TEST,1,NonLeaf,edx(-1) edx(-1) ,rflags ,TEST,2,MOV,7,MOV,7,MOV,7,MOV,7,TEST,3,JZ,6,TEST,3,LEA,7,JZ,2,0,1,0,0,0,JE,1,0,1,0,0,0,JE,0,0,4355511,4355584,4355515,0,0,0,0,fortran,6.089080899113475e-12,0.6666666666666666,1,0,1
0x427592,JZ,3,0,37,2,0x42758f,TEST,1,NonLeaf,rbx(-1) rbx(-1) ,rflags ,TEST,3,MOV,3,MOV,5,CALL_NEAR,5,MOV,2,MOV,7,MOV,7,MOV,7,MOV,7,MOV,7,0,1,1,0,0,JNE,0,0,1,0,0,0,MOV,0,0,4355471,4355511,4355476,0,0,0,1,fortran,6.089080899113475e-12,0.0,0,0,0
0x4274f9,JNZ,2,2,135,6,0x4274f6,TEST,1,NonLeaf,r14d(-1) r14d(-1) ,rflags ,TEST,3,XOR,2,JNZ,2,TEST,3,MOV,4,TEST,3,JZ,6,MOV,5,CALL_NEAR,5,TEST,3,0,1,0,0,0,CALL,0,1,0,0,0,0,JE,0,0,4355316,4355456,4355327,0,0,1,0,fortran,4.0593872660756495e-12,1.0,1,0,1
0x4274f2,JNZ,4,3,-17,2,0x4274ef,TEST,1,NonLeaf,rbx(MOV) rbx(MOV) ,rflags ,TEST,3,MOV,4,JLE,6,JL,2,CMP,2,XOR,2,TEST,3,JNZ,6,TEST,3,JZ,6,0,0,0,1,1,JL,0,0,0,0,0,0,JNE,1,0,4355307,4355297,4355316,0,0,0,0,fortran,8.118774532151299e-12,0.75,1,1,1
0x4274e5,JLE,5,1,359,6,0x4274e1,CMP,0,NonLeaf,ebp(-1) rbx(-1) ,rflags ,JL,2,CMP,2,JZ,2,TEST,3,MOV,4,MOV,4,TEST,3,JNZ,2,XOR,2,TEST,3,0,1,0,0,0,JMP,1,0,1,0,0,0,JNE,0,0,4355301,4355660,4355307,0,1,0,0,fortran,1.0148468165189125e-11,0.2,0,0,0
0x4274e3,JL,7,2,-11,2,0x4274e1,CMP,1,NonLeaf,ebp(-1) rbx(-1) ,rflags ,CMP,2,JZ,2,TEST,3,MOV,4,NOP,6,JLE,6,MOV,4,TEST,3,JNZ,2,XOR,2,1,1,0,0,0,MOV,1,0,1,0,0,0,JLE,0,0,4355297,4355288,4355301,1,0,0,0,fortran,1.4207855431264776e-11,0.2857142857142857,0,0,0
0x4274df,JZ,5,1,21,2,0x4274dc,TEST,1,NonLeaf,rbx(MOV) rbx(MOV) ,rflags ,TEST,3,MOV,4,NOP,6,JMP,2,MOV,7,CMP,2,JL,2,JLE,6,MOV,4,TEST,3,1,1,0,0,0,JNE,1,0,1,0,1,0,JL,0,0,4355292,4355316,4355297,0,0,0,0,fortran,1.0148468165189125e-11,0.2,0,0,0
0x4274c7,JNZ,222,219,-26,2,0x4274c1,CMP,1,NonLeaf,rax(ADD) ,rflags ,CMP,6,ADD,4,JZ,6,CMP,2,JZ,2,MOV,7,JMP,2,NOP,6,MOV,4,TEST,3,0,0,0,1,1,JE,0,0,1,0,0,0,JMP,1,0,4355261,4355245,4355273,0,0,0,0,fortran,4.505919865343972e-10,0.9864864864864864,1,1,1
0x4274b7,JZ,504,288,269,6,0x4274b5,CMP,1,NonLeaf,rbx(-1) ebp(-1) ,rflags ,CMP,2,JZ,2,TEST,3,MOV,3,MOV,5,ADD,4,CMP,6,JNZ,2,MOV,7,JMP,2,0,0,0,0,0,JE,1,0,0,0,0,0,JNE,0,0,4355253,4355524,4355261,0,0,0,0,fortran,1.0229655910510641e-09,0.5714285714285714,1,0,1
0x4274b3,JZ,510,6,10,2,0x4274b0,TEST,1,NonLeaf,rbx(MOV) rbx(MOV) ,rflags ,TEST,3,MOV,3,MOV,5,NOP,6,CALL_NEAR,5,CMP,2,JZ,6,ADD,4,CMP,6,JNZ,2,1,1,0,0,0,JNE,0,0,1,0,0,0,JE,0,0,4355245,4355261,4355253,0,0,0,0,fortran,1.0351437528492908e-09,0.0117647058823529,0,0,0
0x427496,JZ,291,291,18,2,0x42748d,TEST,1,NonLeaf,r13(MOV) r13(MOV) ,rflags ,PUSH,1,MOV,2,PUSH,1,PUSH,2,TEST,3,MOV,5,CALL_NEAR,5,NOP,6,MOV,5,MOV,3,0,1,1,1,0,MOV,0,0,1,0,0,0,CALL,0,1,4355200,4355240,4355224,0,0,0,1,fortran,5.90640847214007e-10,1.0,1,1,1
0x427471,JNZ,5,0,9,2,0x42745e,XOR,1,NonLeaf,rsi(XOR) fs(-1) ,rsi rflags ,MOV,3,MOV,7,XOR,9,MOV,5,CALL_NEAR,5,ADD,4,POP,1,POP,1,RET_NEAR,1,CALL_NEAR,5,0,1,0,0,0,CALL,0,1,1,0,0,0,RET,0,0,4355161,4355194,4355187,0,0,1,0,fortran,1.0148468165189125e-11,0.0,0,0,0
0x42740e,JZ,5,5,7,2,0x4273df,TEST,1,NonLeaf,rax(MOV) rax(MOV) ,rflags ,MOV,9,MOV,9,MOV,9,MOV,9,MOV,8,CALL_NEAR,5,MOV,6,MOV,5,MOV,7,MOV,3,0,1,1,0,0,CALL,0,1,1,0,0,0,CALL,0,1,4354967,4355093,4355088,0,0,1,1,fortran,1.0148468165189125e-11,1.0,1,0,1
0x427333,JNL,4,1,-30,2,0x42732c,CMP,1,Recursive,rbx(-1) edx(MOV) ,rflags ,MOV,4,CMP,3,MOV,3,CALL_NEAR,5,MOV,4,MOV,4,MOV,4,MOV,4,MOV,3,JMP,2,0,0,1,0,0,RET,0,0,1,0,0,0,JMP,0,0,4354857,4354837,4354869,1,1,0,1,fortran,8.118774532151299e-12,0.25,0,0,0
0x427304,JNL,4,1,17,2,0x4272fd,CMP,1,Recursive,rbx(-1) ecx(MOV) ,rflags ,MOV,4,CMP,3,MOV,3,CALL_NEAR,5,MOV,4,MOV,4,MOV,4,MOV,4,MOV,3,MOV,3,0,0,1,0,0,RET,0,0,1,0,0,0,MOV,0,0,4354810,4354837,4354822,1,1,0,1,fortran,8.118774532151299e-12,0.25,0,0,0
0x4272ef,JNL,4,0,102,2,0x4272eb,CMP,0,Recursive,rsi(-1) eax(-1) ,rflags ,JNLE,2,CMP,2,MOV,2,JZ,2,MOV,3,MOV,4,CALL_NEAR,5,MOV,3,CMP,3,MOV,4,0,1,0,0,0,CALL,0,1,1,0,0,0,CALL,0,1,4354799,4354901,4354801,0,1,1,1,fortran,8.118774532151299e-12,0.0,0,0,0
0x4272ed,JNLE,8,4,51,2,0x4272eb,CMP,1,Recursive,rsi(-1) eax(MOV) ,rflags ,CMP,2,MOV,2,JZ,2,MOV,3,PUSH,1,JNL,2,MOV,4,CALL_NEAR,5,MOV,3,CMP,3,0,1,0,0,0,CALL,0,1,1,0,0,0,JGE,0,0,4354793,4354848,4354799,1,0,1,0,fortran,1.6237549064302598e-11,0.5,0,0,0
0x4272e7,JZ,13,5,105,2,0x4272e0,TEST,1,Recursive,rsi(-1) rsi(-1) ,rflags ,MOV,3,PUSH,1,TEST,3,INVALID,0,INVALID,0,MOV,2,CMP,2,JNLE,2,JNL,2,MOV,4,0,1,0,0,0,RET,0,0,1,0,0,0,JG,0,0,4354784,4354896,4354793,0,0,0,0,fortran,2.638601722949173e-11,0.3846153846153846,0,0,0
0x42728f,JNL,5,5,49,2,0x42728b,CMP,0,Recursive,rsi(-1) eax(-1) ,rflags ,JNLE,2,CMP,2,MOV,2,JZ,2,MOV,3,MOV,4,CALL_NEAR,5,MOV,4,MOV,3,POP,1,0,1,0,0,0,JMP,0,0,1,0,0,0,CALL,0,1,4354703,4354752,4354705,0,1,0,1,fortran,1.0148468165189125e-11,1.0,1,0,1
0x42728d,JNLE,5,0,27,2,0x42728b,CMP,1,Recursive,rsi(-1) eax(MOV) ,rflags ,CMP,2,MOV,2,JZ,2,MOV,3,PUSH,1,JNL,2,MOV,4,CALL_NEAR,5,MOV,4,MOV,3,0,1,0,0,0,CALL,0,1,1,0,0,0,JGE,0,0,4354697,4354728,4354703,1,0,1,0,fortran,1.0148468165189125e-11,0.0,0,0,0
0x427287,JZ,5,0,73,2,0x427280,TEST,1,Recursive,rsi(-1) rsi(-1) ,rflags ,MOV,3,PUSH,1,TEST,3,INVALID,0,INVALID,0,MOV,2,CMP,2,JNLE,2,JNL,2,MOV,4,0,1,0,0,0,RET,0,0,1,0,0,0,JG,0,0,4354688,4354768,4354697,0,0,0,0,fortran,1.0148468165189125e-11,0.0,0,0,0
0x427216,JZ,2,2,90,2,0x427213,TEST,1,Recursive,rbp(MOV) rbp(MOV) ,rflags ,TEST,3,MOV,4,JZ,2,TEST,3,MOV,4,MOV,3,CMP,3,JNLE,2,MOV,4,MOV,4,0,1,0,0,0,JMP,0,0,1,0,0,0,JG,0,0,4354575,4354672,4354584,0,0,0,0,fortran,4.0593872660756495e-12,1.0,1,0,1
0x42720d,JZ,5,3,83,2,0x42720a,TEST,1,Recursive,rbx(MOV) rbx(MOV) ,rflags ,TEST,3,MOV,4,SUB,4,PUSH,1,PUSH,1,MOV,4,TEST,3,JZ,2,MOV,3,CMP,3,0,1,0,0,0,RET,0,0,1,0,0,0,JE,0,0,4354560,4354656,4354575,0,0,0,0,fortran,1.0148468165189125e-11,0.6,1,0,1
0x426eba,JNZ,261,261,-62,2,0x426eb7,CMP,1,NonLeaf,edx(-1) ,rflags ,CMP,3,JZ,2,TEST,2,MOV,3,NOP,6,MOV,7,TEST,10,JZ,2,MOV,7,CALL_NEAR,5,0,0,0,0,0,JNE,0,0,0,0,0,0,JE,0,0,4353719,4353660,4353724,0,0,0,1,fortran,5.297500382228724e-10,1.0,1,0,1
0x426eb5,JZ,261,0,43,2,0x426eb3,TEST,1,NonLeaf,edx(MOV) edx(MOV) ,rflags ,TEST,2,MOV,3,NOP,6,JMP,5,POP,1,CMP,3,JNZ,2,MOV,7,TEST,10,JZ,2,0,1,0,0,0,JNE,0,0,1,0,0,0,JNE,0,0,4353712,4353760,4353719,0,0,0,0,fortran,5.297500382228724e-10,0.0,0,0,0
0x426e9a,JZ,261,0,7,2,0x426e97,TEST,1,NonLeaf,rdi(MOV) rdi(MOV) ,rflags ,TEST,3,MOV,7,CALL_NEAR,5,MOV,3,JNZ,2,CALL_NEAR,5,MOV,3,POP,1,JMP,5,NOP,6,0,1,1,0,0,JMP,0,0,1,0,0,0,CALL,0,1,4353680,4353697,4353692,0,0,0,1,fortran,5.297500382228724e-10,0.0,0,0,0
0x426e86,JNZ,261,0,73,2,0x426e7c,TEST,1,NonLeaf,rbx(-1) ,rflags ,TEST,10,JZ,2,TEST,2,MOV,3,JZ,2,MOV,3,CALL_NEAR,5,MOV,7,TEST,3,JZ,2,0,0,0,0,0,CALL,0,1,0,1,0,0,CALL,0,1,4353660,4353743,4353672,0,0,1,1,fortran,5.297500382228724e-10,0.0,0,0,0
0x426e7a,JZ,261,261,54,2,0x426e78,TEST,1,NonLeaf,edx(MOV) edx(MOV) ,rflags ,TEST,2,MOV,3,JZ,2,TEST,3,MOV,7,TEST,10,JNZ,2,MOV,3,CALL_NEAR,5,MOV,7,0,1,0,0,0,JE,0,0,0,0,0,0,JNE,0,0,4353653,4353712,4353660,0,0,0,0,fortran,5.297500382228724e-10,1.0,1,0,1
0x426e73,JZ,261,0,9,2,0x426e70,TEST,1,NonLeaf,rax(MOV) rax(MOV) ,rflags ,TEST,3,MOV,7,CALL_NEAR,5,MOV,3,PUSH,1,MOV,3,TEST,2,JZ,2,TEST,10,JNZ,2,0,1,0,0,0,JNE,0,0,1,0,0,0,JE,0,0,4353641,4353660,4353653,0,0,0,0,fortran,5.297500382228724e-10,0.0,0,0,0
0x426e37,JZ,34,0,7,2,0x426e34,TEST,1,NonLeaf,rdi(MOV) rdi(MOV) ,rflags ,TEST,3,MOV,7,CALL_NEAR,5,MOV,3,JNZ,2,CALL_NEAR,5,MOV,3,POP,1,JMP,5,NOP,9,0,1,1,0,0,JMP,0,0,1,0,0,0,CALL,0,1,4353581,4353598,4353593,0,0,0,1,fortran,6.900958352328605e-11,0.0,0,0,0
0x426e23,JNZ,34,7,45,2,0x426e19,TEST,1,NonLeaf,rbx(-1) ,rflags ,TEST,10,CALL_NEAR,5,MOV,3,PUSH,1,INVALID,0,MOV,3,CALL_NEAR,5,MOV,7,TEST,3,JZ,2,0,1,0,0,0,CALL,0,1,1,1,0,0,CALL,0,1,4353561,4353616,4353573,0,0,1,1,fortran,6.900958352328605e-11,0.2058823529411764,0,0,0
0x426de7,JNZ,261,0,-264,6,0x426de0,TEST,1,NonLeaf,rbx(-1) ,rflags ,TEST,7,NOP,2,JMP,5,AND,7,CALL_NEAR,5,MOV,5,XOR,2,CALL_NEAR,5,MOV,7,JMP,5,0,0,1,0,0,MOV,0,0,1,0,0,0,CALL,0,1,4353504,4353247,4353517,0,0,1,1,fortran,5.297500382228724e-10,0.0,0,0,0
0x426cd9,JZ,295,261,263,6,0x426cd2,CMP,1,NonLeaf,rbx(-1) ,rflags ,CMP,7,JNZ,2,TEST,2,MOV,3,MOV,7,MOV,7,ADD,4,MOV,3,MOV,5,POP,1,0,1,0,0,0,JNE,0,0,0,1,0,0,MOV,0,0,4353234,4353504,4353247,0,0,0,1,fortran,5.987596217461584e-10,0.8847457627118644,1,0,1
0x426cd0,JNZ,295,0,15,2,0x426cce,TEST,1,NonLeaf,eax(MOV) eax(MOV) ,rflags ,TEST,2,MOV,3,MOV,7,JZ,2,CMP,7,CMP,7,JZ,6,MOV,7,ADD,4,MOV,3,0,1,1,0,0,MOV,0,0,1,0,0,0,JE,0,0,4353220,4353247,4353234,0,0,1,0,fortran,5.987596217461584e-10,0.0,0,0,0
0x426cc2,JZ,295,0,110,2,0x426cbb,CMP,1,NonLeaf,rbx(-1) ,rflags ,CMP,7,JZ,6,CMP,4,AND,4,MOVZX,7,MOV,7,MOV,3,TEST,2,JNZ,2,CMP,7,0,1,0,0,0,JMP,0,0,1,0,0,0,JNE,0,0,4353211,4353328,4353220,1,0,1,0,fortran,5.987596217461584e-10,0.0,0,0,0
0x426cb5,JZ,295,0,267,6,0x426cb1,CMP,1,NonLeaf,ax(AND) ,rflags ,CMP,4,AND,4,MOVZX,7,MOV,7,JZ,6,CMP,7,JZ,2,MOV,7,MOV,3,TEST,2,0,1,0,0,0,CALL,0,1,1,0,0,0,JE,0,0,4353183,4353472,4353211,0,0,1,0,fortran,5.987596217461584e-10,0.0,0,0,0
0x426c99,JZ,295,0,215,6,0x426c95,CMP,1,NonLeaf,rax(-1) ,rflags ,CMP,4,JZ,6,CMP,3,JNZ,6,MOV,6,MOV,7,MOVZX,7,AND,4,CMP,4,JZ,6,0,1,0,0,0,JNE,0,0,1,0,0,0,JE,0,0,4353173,4353392,4353183,0,1,0,1,fortran,5.987596217461584e-10,0.0,0,0,0
0x426c8f,JZ,295,261,257,6,0x426c8c,CMP,1,NonLeaf,edx(-1) ,rflags ,CMP,3,JNZ,6,MOV,6,AND,6,JZ,2,CMP,4,JZ,6,MOV,7,MOVZX,7,AND,4,0,1,0,0,0,JMP,0,0,1,1,0,0,JE,0,0,4353164,4353424,4353173,0,0,1,0,fortran,5.987596217461584e-10,0.8847457627118644,1,0,1
0x426c86,JNZ,295,0,146,6,0x426c7a,AND,1,NonLeaf,ebp(AND) ,ebp rflags ,MOV,6,AND,6,JZ,2,TEST,3,MOV,8,CMP,3,JZ,6,CMP,4,JZ,6,MOV,7,0,1,0,0,0,JNE,0,0,1,0,0,0,JE,0,0,4353146,4353304,4353164,0,0,0,0,fortran,5.987596217461584e-10,0.0,0,0,0
0x426c78,JZ,295,0,-67,2,0x426c75,TEST,1,NonLeaf,rax(MOV) rax(MOV) ,rflags ,TEST,3,MOV,8,MOV,7,CALL_NEAR,5,JZ,6,AND,6,MOV,6,JNZ,6,CMP,3,JZ,6,0,0,0,0,0,RET,0,0,1,0,0,0,JNE,0,0,4353126,4353077,4353146,0,0,0,0,fortran,5.987596217461584e-10,0.0,0,0,0
0x426c48,JZ,295,295,30,2,0x426c40,CMP,1,NonLeaf,rbx(-1) ,rflags ,CMP,8,NOP,4,RET_NEAR,1,POP,1,POP,1,TEST,6,JZ,2,TEST,6,MOV,3,JZ,6,0,1,1,0,0,JE,0,0,1,0,0,0,JE,0,0,4353088,4353126,4353098,0,0,1,0,fortran,5.987596217461584e-10,1.0,1,0,1
0x426c12,JZ,295,295,46,2,0x426c0e,TEST,1,NonLeaf,bpl(-1) ,rflags ,TEST,4,JNZ,6,TEST,7,MOV,3,MOV,4,MOV,7,TEST,3,JZ,2,MOV,3,TEST,2,0,1,0,0,0,JE,0,0,1,0,0,0,JE,0,0,4353038,4353088,4353044,0,0,0,0,fortran,5.987596217461584e-10,1.0,1,0,1
0x426c08,JNZ,295,0,248,6,0x426c01,TEST,1,NonLeaf,rbx(-1) ,rflags ,TEST,7,MOV,3,MOV,4,MOV,7,JZ,2,TEST,4,JZ,2,MOV,7,TEST,3,JZ,2,0,1,0,0,0,JMP,0,0,1,0,0,0,JE,0,0,4353025,4353280,4353038,1,0,0,0,fortran,5.987596217461584e-10,0.0,0,0,0
0x426bf1,JZ,295,295,16,2,0x426beb,TEST,1,NonLeaf,ebp(MOV) ,rflags ,TEST,6,MOV,2,SUB,4,MOV,3,PUSH,1,MOV,7,MOV,4,MOV,3,TEST,7,JNZ,6,0,1,1,0,0,JNE,0,0,1,0,0,0,MOV,0,0,4352992,4353025,4353011,0,0,0,1,fortran,5.987596217461584e-10,1.0,1,0,1
0x426a67,JNZ,2,0,134,6,0x426a65,TEST,1,NonLeaf,eax(-1) eax(-1) ,rflags ,TEST,2,CALL_NEAR,5,NOP,9,JMP,5,CALL_NEAR,5,MOV,7,MOV,4,MOV,3,CALL_NEAR,3,JMP,5,0,1,0,0,0,CALL,0,1,1,1,0,0,CALL,0,1,4352613,4352749,4352621,0,0,1,1,fortran,4.0593872660756495e-12,0.0,0,0,0
0x426807,JNZ,295,0,-1967,6,0x4267ff,CMP,1,NonLeaf,rbx(-1) ,rflags ,CMP,8,JNZ,6,AND,6,JNZ,6,TEST,2,MOV,6,XOR,3,XOR,2,XOR,2,XOR,2,0,0,1,0,0,JNE,0,0,1,0,0,0,CALL,0,1,4351999,4350040,4352013,0,0,0,1,fortran,5.987596217461584e-10,0.0,0,1,0
0x4267f9,JNZ,295,0,-1953,6,0x4267f3,AND,1,NonLeaf,ebp(AND) ,ebp rflags ,AND,6,JNZ,6,TEST,2,MOV,3,NOP,7,CMP,8,JNZ,6,MOV,6,XOR,3,XOR,2,0,0,1,0,0,JNE,0,0,1,0,0,0,JNE,0,0,4351987,4350040,4351999,0,0,0,0,fortran,5.987596217461584e-10,0.0,0,0,0
0x4267ed,JNZ,295,0,-1941,6,0x4267eb,TEST,1,NonLeaf,esi(MOV) esi(MOV) ,rflags ,TEST,2,MOV,3,NOP,7,MOV,7,MOV,7,AND,6,JNZ,6,CMP,8,JNZ,6,MOV,6,0,0,1,0,0,JNE,0,0,1,0,0,0,JNE,0,0,4351976,4350040,4351987,0,0,0,0,fortran,5.987596217461584e-10,0.0,0,0,0
0x4267d1,JNZ,261,0,23,2,0x4267ca,TEST,1,NonLeaf,rbx(-1) ,rflags ,TEST,7,JNZ,2,TEST,2,MOV,6,MOV,4,MOV,7,MOV,7,NOP,7,MOV,3,TEST,2,0,0,1,0,0,JNE,0,0,1,0,0,0,NOP,0,0,4351946,4351976,4351955,0,0,0,1,fortran,5.297500382228724e-10,0.0,0,0,0
0x4267c8,JNZ,261,0,32,2,0x4267c6,TEST,1,NonLeaf,ecx(MOV) ecx(MOV) ,rflags ,TEST,2,MOV,6,MOV,4,CMOVZ,4,MOV,5,TEST,7,JNZ,2,MOV,7,MOV,7,NOP,7,0,0,1,0,0,JNE,0,0,1,0,0,0,JNE,0,0,4351936,4351976,4351946,0,0,0,0,fortran,5.297500382228724e-10,0.0,0,0,0
0x4267a4,JZ,261,0,828,6,0x4267a0,CMP,1,NonLeaf,rax(-1) ,rflags ,CMP,4,NOP,9,JMP,5,CALL_NEAR,5,MOV,3,MOV,5,TEST,4,MOV,5,CMOVZ,4,MOV,4,0,1,0,0,0,JMP,0,0,1,0,0,0,MOV,0,0,4351904,4352736,4351914,0,0,1,1,fortran,5.297500382228724e-10,0.0,0,0,0
0x426641,JZ,34,34,423,6,0x42663f,TEST,1,NonLeaf,edx(MOV) edx(MOV) ,rflags ,TEST,2,MOV,3,MOV,8,MOV,10,JZ,6,CMP,4,JZ,6,MOV,5,MOV,5,MOV,3,0,0,0,0,0,JNE,0,0,1,0,0,0,JE,0,0,4351548,4351976,4351559,0,0,0,0,fortran,6.900958352328605e-11,1.0,1,0,1
0x426624,JZ,34,34,1163,6,0x426620,TEST,1,NonLeaf,bpl(-1) ,rflags ,TEST,4,JZ,6,CMP,4,JZ,6,MOV,7,MOV,10,MOV,8,MOV,3,TEST,2,JZ,6,0,1,0,0,0,JMP,0,0,1,0,0,0,MOV,0,0,4351520,4352687,4351530,0,0,1,1,fortran,6.900958352328605e-11,1.0,1,0,1
0x42661a,JZ,34,0,1209,6,0x426616,CMP,1,NonLeaf,rax(-1) ,rflags ,CMP,4,JZ,6,MOV,7,TEST,3,CALL_NEAR,5,TEST,4,JZ,6,MOV,10,MOV,8,MOV,3,0,1,0,0,0,JMP,0,0,1,0,0,0,JE,0,0,4351510,4352723,4351520,0,0,1,0,fortran,6.900958352328605e-11,0.0,0,0,0
0x426610,JZ,295,261,400,6,0x426606,TEST,1,NonLeaf,r12d(-1) r12d(-1) ,rflags ,MOV,7,TEST,3,CALL_NEAR,5,MOV,6,MOV,3,CMP,4,JZ,6,TEST,4,JZ,6,MOV,10,0,1,0,0,0,JE,0,0,1,0,0,0,JE,0,0,4351494,4351904,4351510,0,0,0,0,fortran,5.987596217461584e-10,0.8847457627118644,1,0,1
0x4265df,JZ,295,288,1211,6,0x4265d8,TEST,1,NonLeaf,rbx(-1) ,rflags ,TEST,7,JZ,6,CMP,4,MOV,7,JS,6,MOV,6,MOV,3,MOV,3,MOV,7,MOV,3,0,1,0,0,0,CALL,0,1,1,1,0,0,CALL,0,1,4351448,4352666,4351461,0,0,1,1,fortran,5.987596217461584e-10,0.976271186440678,1,0,1
0x42653e,JZ,295,295,842,6,0x426538,TEST,1,NonLeaf,ebp(-1) ,rflags ,TEST,6,NOP,4,MOV,7,MOV,7,MOV,7,MOV,4,TEST,3,JLE,6,MOV,7,CMP,7,0,1,0,0,0,JMP,0,0,1,0,0,0,JLE,0,0,4351288,4352136,4351300,0,0,0,0,fortran,5.987596217461584e-10,1.0,1,0,1
0x426492,JZ,295,295,166,6,0x42648c,TEST,1,NonLeaf,ebp(-1) ,rflags ,TEST,6,JZ,6,TEST,7,JZ,2,CMP,6,MOV,7,CMP,4,JNZ,6,MOV,7,TEST,3,0,1,0,0,0,JE,0,0,1,0,0,0,JNE,0,0,4351116,4351288,4351128,0,0,0,0,fortran,5.987596217461584e-10,1.0,1,0,1
0x426486,JZ,2,2,1498,6,0x42647f,TEST,1,NonLeaf,rbx(-1) ,rflags ,TEST,7,JZ,2,CMP,6,MOV,3,JZ,6,TEST,6,JZ,6,MOV,7,CMP,4,JNZ,6,0,1,0,0,0,CALL,0,1,0,1,0,0,JE,0,0,4351103,4352608,4351116,0,0,1,0,fortran,4.0593872660756495e-12,1.0,1,0,1
0x42647d,JZ,295,293,15,2,0x426477,CMP,1,NonLeaf,rbx(-1) eax(MOV) ,rflags ,CMP,6,MOV,3,JZ,6,CMP,4,MOV,7,TEST,7,JZ,6,TEST,6,JZ,6,MOV,7,0,1,1,0,0,JE,0,0,1,0,0,0,JE,0,0,4351092,4351116,4351103,0,0,0,0,fortran,5.987596217461584e-10,0.9932203389830508,1,0,1
0x42646e,JZ,295,295,1346,6,0x42646a,CMP,1,NonLeaf,rdi(MOV) ,rflags ,CMP,4,MOV,7,MOV,4,JNZ,6,MOV,5,MOV,3,CMP,6,JZ,2,TEST,7,JZ,6,0,1,0,0,0,JMP,0,0,1,1,0,0,JE,0,0,4351071,4352432,4351092,1,0,1,0,fortran,5.987596217461584e-10,1.0,1,0,1
0x426459,JNZ,295,0,1167,6,0x42644e,TEST,1,NonLeaf,ebp(-1) ,rflags ,MOV,5,TEST,6,JZ,6,CMP,8,MOV,7,MOV,4,MOV,7,CMP,4,JZ,6,MOV,3,0,1,0,0,0,CALL,0,1,1,1,0,0,JE,0,0,4351054,4352232,4351071,0,0,1,1,fortran,5.987596217461584e-10,0.0,0,0,0
0x426448,JZ,295,295,1408,6,0x426440,CMP,1,NonLeaf,r13(MOV) ,rflags ,CMP,8,MOV,7,MOV,7,JNZ,6,MOV,5,TEST,6,MOV,5,JNZ,6,MOV,4,MOV,7,0,1,0,0,0,JMP,0,0,1,1,0,0,JNE,0,0,4351026,4352456,4351054,1,0,1,0,fortran,5.987596217461584e-10,1.0,1,0,1
0x42642c,JNZ,295,0,1252,6,0x426421,TEST,1,NonLeaf,ebp(-1) ,rflags ,MOV,5,TEST,6,MOV,6,MOV,4,MOV,7,MOV,7,MOV,7,CMP,8,JZ,6,TEST,6,0,1,0,0,0,CALL,0,1,1,1,0,0,JE,0,0,4351009,4352272,4351026,0,0,1,1,fortran,5.987596217461584e-10,0.0,0,0,0
0x426400,JNZ,295,0,1336,6,0x4263fa,TEST,1,NonLeaf,ebp(-1) ,rflags ,TEST,6,MOV,6,MOV,3,MOV,7,MOV,10,MOV,10,MOV,7,MOV,4,MOV,6,TEST,6,0,1,0,0,0,CALL,0,1,1,0,0,0,MOV,0,0,4350970,4352312,4350982,0,0,1,1,fortran,5.987596217461584e-10,0.0,0,0,0
0x4263da,JNZ,295,0,1438,6,0x4263d4,TEST,1,NonLeaf,ebp(-1) ,rflags ,TEST,6,JZ,6,CMP,7,MOV,7,MOV,7,MOV,10,MOV,7,MOV,3,MOV,6,TEST,6,0,1,0,0,0,CALL,0,1,1,0,0,0,MOV,0,0,4350932,4352376,4350944,0,0,1,1,fortran,5.987596217461584e-10,0.0,0,0,0
0x4263ce,JZ,295,295,1554,6,0x4263c7,CMP,1,NonLeaf,rax(MOV) ,rflags ,CMP,7,MOV,7,MOV,7,JNZ,6,MOV,5,TEST,6,JNZ,6,MOV,10,MOV,7,MOV,3,0,1,0,0,0,JMP,0,0,1,1,0,0,JNE,0,0,4350905,4352480,4350932,0,0,1,0,fortran,5.987596217461584e-10,1.0,1,0,1
0x4263b3,JNZ,295,0,1253,6,0x4263a8,TEST,1,NonLeaf,ebp(-1) ,rflags ,MOV,5,TEST,6,JZ,6,CMP,8,MOV,7,MOV,7,MOV,7,CMP,7,JZ,6,TEST,6,0,1,0,0,0,CALL,0,1,1,1,0,0,JE,0,0,4350888,4352152,4350905,0,0,1,1,fortran,5.987596217461584e-10,0.0,0,0,0
0x4263a2,JZ,295,295,1614,6,0x42639a,CMP,1,NonLeaf,r13(MOV) ,rflags ,CMP,8,MOV,7,MOV,7,JNZ,6,MOV,5,TEST,6,MOV,5,JNZ,6,MOV,7,MOV,7,0,1,0,0,0,JMP,0,0,1,1,0,0,JNE,0,0,4350860,4352496,4350888,1,0,1,0,fortran,5.987596217461584e-10,1.0,1,0,1
0x426386,JNZ,295,0,1338,6,0x426374,TEST,1,NonLeaf,ebp(-1) ,rflags ,MOV,5,MOV,7,TEST,6,MOV,10,JNZ,2,MOV,7,MOV,7,CMP,8,JZ,6,TEST,6,0,1,0,0,0,CALL,0,1,1,1,0,0,JE,0,0,4350836,4352192,4350860,0,0,1,1,fortran,5.987596217461584e-10,0.0,0,0,0
0x426368,JNZ,295,0,12,2,0x426365,CMP,1,NonLeaf,eax(MOV) ,rflags ,CMP,3,MOV,6,JNZ,6,TEST,3,JNZ,6,MOV,10,TEST,6,MOV,7,MOV,5,JNZ,6,0,0,1,0,0,JNE,0,0,1,0,0,0,MOV,0,0,4350821,4350836,4350826,0,0,0,1,fortran,5.987596217461584e-10,0.0,0,0,0
0x426359,JNZ,261,0,1834,6,0x426356,TEST,1,NonLeaf,r13d(-1) r13d(-1) ,rflags ,TEST,3,JNZ,6,NOP,2,TEST,4,JNZ,6,MOV,6,CMP,3,JNZ,2,MOV,10,TEST,6,0,1,0,0,0,CALL,0,1,1,0,0,0,MOV,0,0,4350806,4352643,4350815,0,0,1,0,fortran,5.297500382228724e-10,0.0,0,0,0
0x426350,JNZ,261,0,1776,6,0x42634a,TEST,1,NonLeaf,bpl(-1) ,rflags ,NOP,2,TEST,4,JNZ,6,TEST,4,NOP,8,TEST,3,JNZ,6,MOV,6,CMP,3,JNZ,2,0,0,0,0,0,CALL,0,1,1,0,0,0,JNE,0,0,4350794,4352576,4350806,0,0,1,0,fortran,5.297500382228724e-10,0.0,0,0,0
0x426344,JNZ,261,0,884,6,0x426340,TEST,1,NonLeaf,bpl(-1) ,rflags ,TEST,4,NOP,8,JMP,5,CALL_NEAR,5,MOV,3,TEST,4,NOP,2,JNZ,6,TEST,3,JNZ,6,0,1,0,0,0,CALL,0,1,1,0,0,0,JNE,0,0,4350784,4351672,4350794,0,0,1,0,fortran,5.297500382228724e-10,0.0,0,0,0
0x426275,JNZ,295,295,-747,6,0x426272,CMP,1,NonLeaf,eax(MOV) ,rflags ,CMP,3,MOV,3,MOV,7,CALL_NEAR,5,MOV,3,TEST,6,JZ,6,MOV,5,MOV,5,MOV,3,0,0,0,0,0,JNE,0,0,0,0,0,0,JE,0,0,4350568,4349834,4350587,0,0,0,0,fortran,5.987596217461584e-10,1.0,1,0,1
0x463269,JZ,5,0,1868,6,0x463265,CMP,1,NonLeaf,rdx(-1) rcx(MOV) ,rflags ,CMP,4,MOV,3,MOV,4,JZ,6,CMP,4,MOV,3,SUB,3,CMP,5,MOV,4,JNZ,6,0,1,0,0,0,JMP,0,0,0,1,0,0,JNE,0,0,4600414,4602293,4600431,0,0,0,1,fortran,1.0148468165189125e-11,0.0,0,0,0
0x4260ef,JNZ,261,261,-392,6,0x4260ec,TEST,1,NonLeaf,r11d(MOV) r11d(MOV) ,rflags ,TEST,3,MOV,4,NOP,6,JMP,5,ADD,4,MOV,5,MOV,5,MOV,3,CALL_NEAR,5,JMP,5,0,0,0,0,0,JNE,0,0,1,0,0,0,CALL,0,1,4350184,4349799,4350197,0,0,1,1,fortran,5.297500382228724e-10,1.0,1,0,1
0x426069,JNZ,295,0,2858,6,0x426060,XOR,1,NonLeaf,rax(XOR) fs(-1) ,rax rflags ,XOR,9,MOV,8,NOP,7,CALL_NEAR,5,MOV,3,ADD,7,POP,1,POP,1,POP,2,POP,2,0,1,0,0,0,CALL,0,1,1,0,0,0,RET,0,0,4350040,4352915,4350063,0,0,1,0,fortran,5.987596217461584e-10,0.0,0,0,0
0x426030,JZ,34,34,821,6,0x426027,TEST,1,NonLeaf,r13d(-1) r13d(-1) ,rflags ,MOV,6,TEST,3,JNZ,6,MOV,7,TEST,4,CMP,3,JZ,6,MOV,5,MOV,5,MOV,3,0,0,0,0,0,JNE,0,0,1,0,0,0,JE,0,0,4349991,4350821,4350006,0,0,0,0,fortran,6.900958352328605e-11,1.0,1,0,1
0x426021,JNZ,34,0,1647,6,0x426016,TEST,1,NonLeaf,bpl(-1) ,rflags ,MOV,7,TEST,4,MOV,7,JZ,6,TEST,3,TEST,3,MOV,6,JZ,6,CMP,3,JZ,6,0,1,0,0,0,JE,0,0,1,0,0,0,JE,0,0,4349967,4351632,4349991,0,0,0,0,fortran,6.900958352328605e-11,0.0,0,0,0
0x426009,JZ,295,261,823,6,0x426006,TEST,1,NonLeaf,r12d(-1) r12d(-1) ,rflags ,TEST,3,MOV,10,JNZ,6,TEST,6,NOP,5,MOV,7,TEST,4,MOV,7,JNZ,6,TEST,3,0,1,0,0,0,JNE,0,0,1,0,0,0,JNE,0,0,4349958,4350784,4349967,0,0,0,1,fortran,5.987596217461584e-10,0.8847457627118644,1,0,1
0x425ff6,JNZ,295,0,722,6,0x425ff0,TEST,1,NonLeaf,ebp(-1) ,rflags ,TEST,6,NOP,5,JZ,6,CMP,4,JZ,2,MOV,10,TEST,3,JZ,6,MOV,7,TEST,4,0,1,0,0,0,CALL,0,1,1,0,0,0,MOV,0,0,4349936,4350664,4349948,0,0,1,1,fortran,5.987596217461584e-10,0.0,0,0,0
0x425fe5,JZ,295,0,1789,6,0x425fe1,CMP,1,NonLeaf,rdx(-1) ,rflags ,CMP,4,JZ,2,TEST,3,MOV,7,JNZ,6,NOP,5,TEST,6,JNZ,6,MOV,10,TEST,3,0,1,0,0,0,CALL,0,1,1,0,0,0,NOP,0,0,4349921,4351714,4349931,0,0,1,0,fortran,5.987596217461584e-10,0.0,0,0,0
0x425fdf,JZ,295,0,17,2,0x425fdc,TEST,1,NonLeaf,r10d(MOV) r10d(MOV) ,rflags ,TEST,3,MOV,7,JNZ,6,TEST,6,JNZ,2,CMP,4,JZ,6,NOP,5,TEST,6,JNZ,6,0,0,0,0,0,JNE,0,0,1,0,0,0,JE,0,0,4349909,4349936,4349921,0,0,0,0,fortran,5.987596217461584e-10,0.0,0,0,0
0x425fcf,JNZ,295,0,1873,6,0x425fc9,TEST,1,NonLeaf,ebp(-1) ,rflags ,TEST,6,JNZ,2,TEST,2,JZ,6,CMP,3,MOV,7,TEST,3,JZ,2,CMP,4,JZ,6,0,1,0,0,0,CALL,0,1,1,0,0,0,JE,0,0,4349897,4351776,4349909,0,0,1,0,fortran,5.987596217461584e-10,0.0,0,0,0
0x425fc7,JNZ,295,0,41,2,0x425fc5,TEST,1,NonLeaf,eax(-1) eax(-1) ,rflags ,TEST,2,JZ,6,CMP,3,MOV,3,JZ,6,TEST,6,JNZ,6,MOV,7,TEST,3,JZ,2,0,0,0,0,0,JNE,0,0,1,0,0,0,JNE,0,0,4349893,4349936,4349897,0,0,0,0,fortran,5.987596217461584e-10,0.0,0,0,0
0x425fbf,JZ,295,0,737,6,0x425fbc,CMP,1,NonLeaf,eax(MOV) ,rflags ,CMP,3,MOV,3,JZ,6,CMP,4,JZ,2,TEST,2,JNZ,2,TEST,6,JNZ,6,MOV,7,0,1,0,0,0,JNE,0,0,1,0,0,0,JNE,0,0,4349881,4350624,4349893,0,0,0,0,fortran,5.987596217461584e-10,0.0,0,0,0
0x425fb3,JZ,7,0,1997,6,0x425faf,CMP,1,NonLeaf,rdx(-1) ,rflags ,CMP,4,JZ,2,TEST,7,JZ,6,TEST,6,MOV,3,CMP,3,JZ,6,TEST,2,JNZ,2,0,1,0,0,0,CALL,0,1,0,0,0,0,JE,0,0,4349871,4351872,4349881,0,0,1,0,fortran,1.4207855431264776e-11,0.0,0,0,0
0x425fad,JZ,295,288,12,2,0x425fa6,TEST,1,NonLeaf,rbx(-1) ,rflags ,TEST,7,JZ,6,TEST,6,JNZ,2,TEST,2,CMP,4,JZ,6,MOV,3,CMP,3,JZ,6,0,1,0,0,0,JE,0,0,1,0,0,0,JE,0,0,4349862,4349881,4349871,0,0,0,0,fortran,5.987596217461584e-10,0.976271186440678,1,0,1
0x425fa0,JZ,295,0,1952,6,0x425f9a,TEST,1,NonLeaf,ebp(-1) ,rflags ,TEST,6,JNZ,2,TEST,2,JNZ,6,TEST,6,TEST,7,JZ,2,CMP,4,JZ,6,MOV,3,0,1,0,0,0,CALL,0,1,0,1,0,0,JE,0,0,4349850,4351808,4349862,0,0,1,0,fortran,5.987596217461584e-10,0.0,0,0,0
0x425f98,JNZ,295,0,14,2,0x425f96,TEST,1,NonLeaf,eax(-1) eax(-1) ,rflags ,TEST,2,JNZ,6,TEST,6,JZ,6,CMP,3,TEST,6,JZ,6,TEST,7,JZ,2,CMP,4,0,0,1,0,0,JE,0,0,1,0,0,0,JE,0,0,4349846,4349862,4349850,0,0,0,0,fortran,5.987596217461584e-10,0.0,0,0,0
0x425f90,JNZ,295,0,384,6,0x425f8a,TEST,1,NonLeaf,ebp(-1) ,rflags ,TEST,6,JZ,6,CMP,3,MOV,3,JNZ,6,TEST,2,JNZ,2,TEST,6,JZ,6,TEST,7,0,1,0,0,0,JE,0,0,1,0,0,0,JNE,0,0,4349834,4350224,4349846,0,0,0,0,fortran,5.987596217461584e-10,0.0,0,0,0
0x425f78,JNZ,295,295,744,6,0x425f71,AND,1,NonLeaf,r14d(AND) ,r14d rflags ,AND,7,OR,7,MOV,3,JZ,6,CMP,4,MOV,3,CMP,3,JZ,6,TEST,6,JNZ,6,0,1,0,0,0,CALL,0,1,1,0,0,0,JE,0,0,4349799,4350560,4349822,0,0,1,0,fortran,5.987596217461584e-10,1.0,1,0,1
0x425f61,JZ,34,0,1807,6,0x425f5d,CMP,1,NonLeaf,rdx(-1) ,rflags ,CMP,4,JZ,6,TEST,3,JZ,6,MOV,3,MOV,3,OR,7,AND,7,JNZ,6,MOV,3,0,1,0,0,0,CALL,0,1,0,0,0,0,JNE,0,0,4349789,4351600,4349799,0,0,1,1,fortran,6.900958352328605e-11,0.0,0,0,0
0x425f57,JZ,295,261,401,6,0x425f54,TEST,1,NonLeaf,r12d(-1) r12d(-1) ,rflags ,TEST,3,JZ,6,MOV,3,CMP,5,MOV,7,CMP,4,JZ,6,MOV,3,OR,7,AND,7,0,1,0,0,0,JNE,0,0,1,0,0,0,JE,0,0,4349780,4350184,4349789,0,0,0,0,fortran,5.987596217461584e-10,0.8847457627118644,1,0,1
0x425f4e,JZ,295,0,506,6,0x425f46,CMP,1,NonLeaf,rax(-1) ,rflags ,MOV,3,CMP,5,MOV,7,CALL_NEAR,5,MOV,3,TEST,3,JZ,6,CMP,4,JZ,6,MOV,3,0,1,0,0,0,JS,0,0,1,0,0,0,JE,1,0,4349759,4350280,4349780,0,0,0,0,fortran,5.987596217461584e-10,0.0,0,0,0
0x425f25,JZ,295,295,13,2,0x425f1e,AND,1,NonLeaf,r13d(AND) ,r13d rflags ,AND,7,MOV,3,JNZ,6,MOV,6,TEST,3,MOV,11,MOV,5,MOV,3,CALL_NEAR,5,MOV,7,0,1,1,0,0,CALL,0,1,1,0,0,0,MOV,0,0,4349723,4349746,4349735,0,0,1,1,fortran,5.987596217461584e-10,1.0,1,0,1
0x425f15,JNZ,295,0,323,6,0x425f0c,TEST,1,NonLeaf,rbx(-1) ,rflags ,MOV,6,TEST,3,SETZ,3,MOV,7,TEST,3,MOV,3,AND,7,JZ,2,MOV,11,MOV,5,0,1,1,0,0,JNE,1,0,1,0,0,0,JE,0,0,4349693,4350040,4349723,0,0,0,0,fortran,5.987596217461584e-10,0.0,0,0,0
0x425ef8,JZ,295,295,5,2,0x425ef5,AND,1,NonLeaf,edx(AND) ,edx rflags ,AND,3,MOV,5,ADD,4,XOR,3,JZ,2,MOV,3,XOR,2,TEST,3,MOV,7,SETZ,3,0,1,1,0,0,JNE,0,0,1,0,0,0,MOV,0,0,4349685,4349693,4349690,0,0,1,1,fortran,5.987596217461584e-10,1.0,1,0,1
0x425ee7,JZ,295,295,14,2,0x425ee4,TEST,1,NonLeaf,dl(-1) ,rflags ,TEST,3,ADD,4,MOV,6,JZ,2,STOSQ,3,XOR,3,ADD,4,MOV,5,AND,3,JZ,2,0,1,1,0,0,JE,0,0,1,0,0,0,MOV,0,0,4349668,4349685,4349673,1,0,0,1,fortran,5.987596217461584e-10,1.0,1,0,1
0x425ed8,JZ,295,295,12,2,0x425ed2,TEST,0,NonLeaf,dl(-1) ,rflags ,STOSQ,3,TEST,3,SHR,3,XOR,2,MOV,2,MOV,6,ADD,4,TEST,3,JZ,2,XOR,3,0,1,1,0,0,JE,0,0,1,0,0,0,ADD,0,0,4349656,4349668,4349658,0,0,0,1,fortran,5.987596217461584e-10,1.0,1,0,1
0x425ec5,JNZ,295,0,523,6,0x425ec1,TEST,1,NonLeaf,dil(-1) ,rflags ,TEST,4,JNZ,6,TEST,4,JNZ,6,TEST,4,MOV,2,XOR,2,SHR,3,TEST,3,STOSQ,3,0,0,0,0,0,JMP,0,0,0,1,0,0,TEST,0,0,4349633,4350160,4349643,1,0,1,0,fortran,5.987596217461584e-10,0.0,0,1,0
0x425ebb,JNZ,295,0,501,6,0x425eb7,TEST,1,NonLeaf,dil(-1) ,rflags ,TEST,4,JNZ,6,TEST,4,MOV,5,LEA,4,TEST,4,JNZ,6,MOV,2,XOR,2,SHR,3,0,0,0,0,0,JE,0,0,0,0,0,0,JNE,0,0,4349623,4350128,4349633,1,0,1,0,fortran,5.987596217461584e-10,0.0,0,0,0
0x425eb1,JNZ,295,0,489,6,0x425ead,TEST,1,NonLeaf,dil(LEA) ,rflags ,TEST,4,MOV,5,LEA,4,JS,6,TEST,2,TEST,4,JNZ,6,TEST,4,JNZ,6,MOV,2,0,0,0,0,0,JE,0,0,0,0,0,0,JNE,0,0,4349604,4350106,4349623,0,0,1,0,fortran,5.987596217461584e-10,0.0,0,0,0
0x425e9e,JS,295,0,482,6,0x425e9c,TEST,1,NonLeaf,ebp(MOV) ebp(MOV) ,rflags ,TEST,2,XOR,2,MOV,8,MOV,9,MOV,2,LEA,4,MOV,5,TEST,4,JNZ,6,TEST,4,0,1,0,0,0,JE,0,0,1,0,0,0,JNE,0,0,4349552,4350080,4349604,0,0,0,0,fortran,5.987596217461584e-10,0.0,0,0,0
0x462c0c,JZ,128526825,128526825,3,2,0x462c03,CMP,1,NonLeaf,fs(-1) ,rflags ,CMP,9,MOV,3,MOV,4,JZ,2,TEST,3,CMPXCHG_LOCK,6,CMP,3,MOV,3,JNZ,2,JMP,5,0,1,1,0,0,JNE,0,0,1,0,0,0,-1,0,-1,4598780,4598799,4598798,0,0,1,0,fortran,0.000260870078377,1.0,1,0,1
0x425b22,JZ,12,12,-3818,6,0x425b18,TEST,1,NonLeaf,ebx(-1) ebx(-1) ,rflags ,MOV,5,MOV,3,TEST,2,NOP,7,JMP,5,MOV,5,MOV,5,MOV,3,CALL_NEAR,5,JMP,5,0,0,1,0,0,JE,0,0,1,0,0,0,CALL,0,1,4348696,4344888,4348712,0,0,1,1,fortran,2.4356323596453897e-11,1.0,1,0,1
0x425ac5,JNZ,34,34,123,2,0x425ac0,CMP,1,NonLeaf,rsp(-1) ,rflags ,CMP,5,NOP,10,JMP,5,CALL_NEAR,5,MOV,3,XOR,2,NOP,7,MOV,5,MOV,8,JMP,5,0,1,0,0,0,JMP,0,0,1,0,0,0,NOP,0,0,4348608,4348736,4348615,0,0,1,0,fortran,6.900958352328605e-11,1.0,1,0,1
0x425a24,JNZ,206,206,-3914,6,0x425a20,CMP,1,NonLeaf,r10d(-1) ,rflags ,CMP,4,NOP,1,JMP,5,MOV,7,MOV,11,TEST,2,JNLE,6,NOP,6,MOV,7,TEST,8,0,0,0,0,0,MOV,0,0,1,0,0,0,JG,0,0,4348448,4344538,4348458,0,0,0,0,fortran,4.1811688840579197e-10,1.0,1,0,1
0x425912,JNZ,34,0,-2853,6,0x425910,TEST,1,NonLeaf,ebx(-1) ebx(-1) ,rflags ,TEST,2,NOP,5,JMP,5,MOV,7,MOV,7,NOP,8,MOV,5,JMP,5,NOP,6,MOV,7,0,0,0,0,0,MOV,0,0,1,0,0,0,NOP,0,0,4348176,4345325,4348184,0,0,0,0,fortran,6.900958352328605e-11,0.0,0,0,0
0x42575d,JZ,487,487,30,2,0x425758,CMP,1,NonLeaf,rsp(-1) ,rflags ,CMP,5,JZ,6,TEST,2,NOP,3,JMP,5,MOV,4,MOV,3,MOV,5,MOV,3,CALL_NEAR,5,0,0,0,0,0,CALL,0,1,1,0,0,0,CALL,0,1,4347736,4347771,4347743,1,1,1,1,fortran,9.884607992894208e-10,1.0,1,0,1
0x425752,JZ,974,487,1524,6,0x425750,TEST,1,NonLeaf,ebx(-1) ebx(-1) ,rflags ,TEST,2,NOP,3,JMP,5,MOV,7,MOV,7,CMP,5,JZ,2,MOV,4,MOV,3,MOV,5,0,0,0,0,0,CALL,0,1,1,0,0,0,JE,0,0,4347728,4349254,4347736,0,0,1,0,fortran,1.9769215985788416e-09,0.5,0,0,0
0x42567f,JZ,27,0,1481,6,0x42567b,CMP,1,NonLeaf,rsp(-1) ,rflags ,CMP,4,JNZ,2,MOV,3,MOV,3,MOV,3,CALL_NEAR,5,JMP,5,NOP,1,TEST,2,JZ,6,0,1,0,0,0,CALL,0,1,0,0,0,0,CALL,0,1,4347515,4349000,4347525,1,1,1,1,fortran,5.480172809202128e-11,0.0,0,1,0
0x425679,JNZ,27,0,12,2,0x425668,CMP,1,NonLeaf,rsp(-1) ,rflags ,MOV,3,MOV,3,MOV,3,MOV,3,CMP,5,CMP,4,JZ,6,CALL_NEAR,5,JMP,5,NOP,1,0,0,0,0,0,CALL,0,1,0,0,0,0,JE,0,0,4347496,4347525,4347515,1,0,1,0,fortran,5.480172809202128e-11,0.0,0,0,0
0x425662,JZ,54,27,1764,6,0x425660,TEST,1,NonLeaf,ebx(-1) ebx(-1) ,rflags ,TEST,2,NOP,3,JMP,5,MOV,7,MOV,7,CMP,5,MOV,3,MOV,3,MOV,3,MOV,3,0,0,0,0,0,CALL,0,1,1,0,0,0,JNE,0,0,4347488,4349254,4347496,0,0,1,0,fortran,1.0960345618404255e-10,0.5,0,0,0
0x42554a,JZ,593,593,-2330,6,0x425548,TEST,1,NonLeaf,ebx(-1) ebx(-1) ,rflags ,TEST,2,NOP,3,JMP,2,ADD,4,JNZ,2,MOV,7,MOV,3,JMP,5,NOP,1,TEST,2,0,0,0,0,0,MOV,0,0,0,0,0,0,JMP,0,0,4347208,4344880,4347216,0,0,0,0,fortran,1.20360832439143e-09,1.0,1,0,1
0x42553d,JNZ,2822,2608,-37,2,0x425539,CMP,1,NonLeaf,sil(AND) ,rflags ,CMP,4,AND,3,MOV,3,MOV,2,ADD,4,ADD,4,JMP,2,NOP,3,TEST,2,JZ,6,1,1,0,0,0,JNE,0,0,1,0,0,0,JMP,0,0,4347178,4347160,4347199,0,0,0,0,fortran,5.727795432432742e-09,0.9241672572643516,1,0,1
0x425524,JZ,2822,434,-710,6,0x425521,CMP,1,NonLeaf,rax(-1) rdi(-1) ,rflags ,CMP,3,ADD,4,JNZ,2,CMP,3,NOP,3,MOVZX,3,ADD,4,MOV,2,MOV,3,AND,3,0,0,1,0,0,JMP,1,0,0,0,1,1,JNE,0,0,4347169,4346462,4347178,0,1,0,1,fortran,5.727795432432742e-09,0.1537916371367824,0,0,0
0x42551b,JNZ,2608,2608,36,2,0x425518,CMP,1,NonLeaf,r9b(-1) dl(-1) ,rflags ,CMP,3,NOP,3,JMP,5,JNLE,2,MOVZX,5,ADD,4,CMP,3,JZ,6,MOVZX,3,ADD,4,0,0,0,0,0,JMP,0,0,1,0,0,0,ADD,0,0,4347160,4347199,4347165,0,0,0,0,fortran,5.293440994962648e-09,1.0,1,0,1
0x42550e,JNLE,434,434,28,2,0x425502,TEST,1,NonLeaf,edx(-1) edx(-1) ,rflags ,MOVZX,5,LEA,5,TEST,2,LEA,3,MOV,4,JMP,5,NOP,3,CMP,3,JNZ,2,ADD,4,0,1,0,1,0,JNE,0,0,1,0,0,0,JMP,0,0,4347131,4347178,4347152,0,0,1,0,fortran,8.80887036738416e-10,1.0,1,0,1
0x4254f5,JZ,434,0,-663,6,0x4254ee,TEST,1,NonLeaf,rax(-1) rax(-1) ,rflags ,MOV,4,TEST,3,CALL_NEAR,5,MOV,4,MOV,3,MOV,4,LEA,3,TEST,2,LEA,5,MOVZX,5,0,0,1,0,0,JMP,0,0,1,0,0,0,JG,0,0,4347118,4346462,4347131,0,0,0,0,fortran,8.80887036738416e-10,0.0,0,0,0
0x4254de,JZ,434,0,114,2,0x4254dc,TEST,1,NonLeaf,edx(MOV) edx(MOV) ,rflags ,TEST,2,MOV,4,NOP,4,JMP,5,SUB,6,MOV,2,MOV,3,MOV,4,CALL_NEAR,5,TEST,3,0,0,0,0,0,JMP,0,0,1,0,0,0,CALL,0,1,4347096,4347216,4347104,0,0,0,1,fortran,8.80887036738416e-10,0.0,0,0,0
0x4253f5,JZ,206,0,2606,6,0x4253e6,CMP,1,NonLeaf,r13(-1) ,rflags ,MOV,7,CMP,8,SUB,2,MOV,7,LEA,3,MOV,7,SUB,6,JMP,5,NOP,3,CMP,4,0,1,0,0,0,CALL,0,1,0,0,0,0,JMP,0,0,4346824,4349475,4346875,0,0,1,0,fortran,4.1811688840579197e-10,0.0,0,0,0
0x4252ba,JNZ,103,103,-668,6,0x4252b6,CMP,1,NonLeaf,rsp(-1) ,rflags ,CMP,4,MOV,3,MOV,3,MOV,3,MOV,3,CALL_NEAR,5,JMP,2,NOP,9,TEST,2,JZ,6,0,0,0,0,0,CALL,0,1,1,0,0,0,CALL,0,1,4346550,4345886,4346560,1,1,1,1,fortran,2.0905844420289599e-10,1.0,1,0,1
0x4251e0,JZ,11936,11936,29,2,0x4251d8,CMP,1,NonLeaf,r12d(-1) ,rflags ,NOP,4,CMP,4,JZ,6,TEST,2,NOP,7,MOV,3,MOV,3,MOV,5,MOV,3,CALL_NEAR,5,0,0,0,0,0,CALL,0,1,1,0,0,0,CALL,0,1,4346328,4346365,4346338,0,0,1,1,fortran,2.422642320393948e-08,1.0,1,0,1
0x4251d2,JZ,23528,11592,2823,6,0x4251d0,TEST,1,NonLeaf,ebx(-1) ebx(-1) ,rflags ,TEST,2,NOP,7,JMP,5,CALL_NEAR,5,MOV,3,CMP,4,NOP,4,JZ,2,MOV,3,MOV,3,0,0,0,0,0,CALL,0,1,1,0,0,0,JE,0,0,4346320,4349145,4346328,0,0,1,0,fortran,4.7754631798113954e-08,0.4926895613736824,0,0,0
0x425018,JZ,103,103,670,6,0x425008,CMP,1,NonLeaf,r12d(-1) ,rflags ,MOV,3,MOV,3,MOV,3,MOV,3,CMP,4,CALL_NEAR,5,JMP,5,NOP,8,MOV,4,MOV,7,0,0,0,0,0,JNE,0,0,0,0,0,0,CALL,0,1,4345864,4346550,4345886,0,0,0,1,fortran,2.0905844420289599e-10,1.0,1,0,1
0x425002,JZ,206,103,3287,6,0x425000,TEST,1,NonLeaf,ebx(-1) ebx(-1) ,rflags ,TEST,2,NOP,1,JMP,5,CALL_NEAR,5,MOV,3,CMP,4,MOV,3,MOV,3,MOV,3,MOV,3,0,0,0,0,0,CALL,0,1,1,0,0,0,JE,0,0,4345856,4349145,4345864,0,0,1,0,fortran,4.1811688840579197e-10,0.5,0,0,0
0x424dde,JLE,514,0,8,2,0x424ddc,TEST,1,NonLeaf,ebx(-1) ebx(-1) ,rflags ,TEST,2,CALL_NEAR,5,MOV,3,MOV,3,MOV,3,SUB,3,ADD,3,MOV,7,MOV,7,MOV,11,0,1,1,0,0,MOV,0,0,1,0,0,0,ADD,0,0,4345308,4345318,4345312,0,1,0,0,fortran,1.0432625273814422e-09,0.0,0,0,0
0x424d8d,JNBE,1062,0,3326,6,0x424d8a,CMP,1,NonLeaf,eax(LEA) ,rflags ,CMP,3,LEA,3,CMOVNZ,3,CMP,4,SUB,6,MOV,2,JMP,7,NOP,4,TEST,2,JZ,6,0,0,0,0,0,CALL,0,1,1,0,0,0,JMP,0,0,4345194,4348555,4345235,0,0,1,0,fortran,2.15553463828617e-09,0.0,0,0,0
0x424d64,JZ,1062,0,3772,6,0x424d5e,TEST,1,NonLeaf,rax(-1) rax(-1) ,rflags ,MOV,3,TEST,3,CALL_NEAR,5,MOV,3,JNZ,6,MOV,7,MOV,2,MOV,7,SUB,6,CMP,4,0,1,0,0,0,JE,0,0,1,0,0,0,JA,0,0,4345182,4348960,4345194,0,1,0,0,fortran,2.15553463828617e-09,0.0,0,0,0
0x424d50,JNZ,1062,0,3024,6,0x424d4d,AND,1,NonLeaf,ebp(AND) ,ebp rflags ,AND,3,MOV,3,CALL_NEAR,5,MOV,3,XOR,2,MOV,3,CALL_NEAR,5,TEST,3,MOV,3,JZ,6,0,1,0,0,0,JMP,0,0,1,0,0,0,CALL,0,1,4345162,4348192,4345174,0,0,0,1,fortran,2.15553463828617e-09,0.0,0,0,0
0x424d32,JZ,1062,1062,24,2,0x424d30,TEST,1,NonLeaf,al(-1) ,rflags ,TEST,2,NOP,8,MOV,5,MOV,7,OR,2,TEST,2,JZ,2,AND,8,XOR,2,MOV,3,0,1,1,0,0,JNE,0,0,1,0,0,0,JE,0,0,4345136,4345162,4345140,0,0,0,0,fortran,2.15553463828617e-09,1.0,1,0,1
0x424cf5,JNZ,548,0,-453,6,0x424cf3,TEST,1,NonLeaf,al(MOVZX) ,rflags ,TEST,2,MOVZX,8,MOV,4,MOV,5,MOV,5,MOV,7,CMP,7,MOVZX,8,SETNZ,3,AND,3,0,0,0,0,0,JNE,0,0,1,0,0,0,NOP,0,0,4345067,4344624,4345083,0,0,1,1,fortran,1.1122721109047282e-09,0.0,0,0,0
0x424cd3,JZ,514,0,3581,6,0x424cc9,CMP,1,NonLeaf,rsp(-1) ,rflags ,MOV,5,CMP,5,JZ,6,MOV,3,TEST,3,MOV,4,MOV,5,MOV,5,MOV,4,MOVZX,8,0,0,0,0,0,JMP,0,0,1,0,0,0,MOV,0,0,4345033,4348624,4345049,0,0,1,1,fortran,1.0432625273814422e-09,0.0,0,0,0
0x424cc3,JZ,548,34,3581,6,0x424cbd,TEST,1,NonLeaf,r13(-1) r13(-1) ,rflags ,MOV,3,TEST,3,ADD,8,MOV,5,SHR,3,CMP,5,MOV,5,JZ,6,MOV,4,MOV,5,0,1,0,0,0,JNE,0,0,1,0,0,0,JE,0,0,4345013,4348608,4345033,0,0,0,0,fortran,1.1122721109047282e-09,0.0620437956204379,0,0,0
0x424c96,JZ,116,0,-331,6,0x424c90,CMP,1,NonLeaf,rsp(-1) ,rflags ,CMP,6,NOP,10,JMP,5,MOV,3,XOR,2,MOV,5,MOV,3,MOV,9,SHR,3,MOV,5,0,0,1,0,0,RET,0,0,1,0,0,0,MOV,0,0,4344976,4344651,4344988,1,0,0,1,fortran,2.354444614323877e-10,0.0,0,1,0
0x424c6c,JZ,261,0,3702,6,0x424c67,CMP,1,NonLeaf,rsp(-1) ,rflags ,CMP,5,JNZ,6,MOV,3,TEST,3,ADD,8,MOV,5,MOV,5,XOR,2,MOV,3,JMP,5,0,1,0,0,0,NOP,0,0,1,0,0,0,JMP,0,0,4344935,4348642,4344946,0,0,0,0,fortran,5.297500382228724e-10,0.0,0,0,0
0x424c61,JNZ,309,309,-569,6,0x424c5b,TEST,1,NonLeaf,r13(-1) r13(-1) ,rflags ,MOV,3,TEST,3,ADD,8,JZ,6,CMP,5,CMP,5,JZ,6,MOV,5,MOV,5,XOR,2,0,0,0,0,0,JE,0,0,0,0,0,0,JE,0,0,4344915,4344360,4344935,0,0,0,0,fortran,6.271753326086881e-10,1.0,1,0,1
0x424c4d,JZ,12300,11991,-258,6,0x424c48,CMP,1,NonLeaf,rsp(-1) rax(MOV) ,rflags ,CMP,5,MOV,5,ADD,5,ADD,6,MOV,5,ADD,8,TEST,3,MOV,3,JNZ,6,CMP,5,0,0,1,0,0,RET,0,0,1,0,0,0,JNE,0,0,4344888,4344651,4344915,1,0,0,1,fortran,2.4965231686365253e-08,0.9748780487804878,1,0,1
0x424bde,JS,206,0,3681,6,0x424bd5,TEST,1,NonLeaf,esi(MOVSXD) esi(MOVSXD) ,rflags ,MOV,7,TEST,2,CMOVNL,3,CMP,2,SUB,6,MOV,11,MOV,11,JMP,5,NOP,1,TEST,2,0,0,0,0,0,JNE,0,0,0,1,0,0,JMP,0,0,4344745,4348479,4344804,0,0,1,1,fortran,4.1811688840579197e-10,0.0,0,0,0
0x424b8f,JLE,206,0,3753,6,0x424b8d,TEST,1,NonLeaf,esi(-1) esi(-1) ,rflags ,TEST,2,JNBE,6,CMP,3,LEA,4,JBE,2,MOV,7,MOV,3,MOV,5,CALL_NEAR,5,MOV,7,0,0,0,0,0,MOV,0,0,0,0,0,0,CALL,0,1,4344717,4348472,4344725,0,0,0,1,fortran,4.1811688840579197e-10,0.0,0,1,0
0x424b87,JNBE,206,0,3737,6,0x424b84,CMP,1,NonLeaf,eax(LEA) ,rflags ,CMP,3,LEA,4,JBE,2,CMP,3,LEA,4,TEST,2,JLE,6,MOV,7,MOV,3,MOV,5,0,0,0,0,0,JNE,0,0,0,0,0,0,JLE,0,0,4344704,4348448,4344717,0,0,0,0,fortran,4.1811688840579197e-10,0.0,0,0,0
0x424b7e,JBE,206,0,15,2,0x424b7b,CMP,1,NonLeaf,eax(LEA) ,rflags ,CMP,3,LEA,4,JZ,6,TEST,2,JZ,6,LEA,4,CMP,3,JNBE,6,TEST,2,JLE,6,0,1,0,0,0,JLE,0,0,1,0,0,0,JA,0,0,4344695,4344717,4344704,0,0,0,0,fortran,4.1811688840579197e-10,0.0,0,0,0
0x424b71,JZ,412,206,3759,6,0x424b6f,TEST,1,NonLeaf,ebx(-1) ebx(-1) ,rflags ,TEST,2,JZ,6,TEST,2,MOVSXD,7,NOP,6,LEA,4,CMP,3,JBE,2,LEA,4,CMP,3,0,1,0,0,0,JNE,0,0,1,0,0,0,JBE,0,0,4344687,4348448,4344695,0,0,0,0,fortran,8.362337768115838e-10,0.5,0,0,0
0x424b69,JZ,25083,24671,-143,6,0x424b67,TEST,1,NonLeaf,esi(MOVSXD) esi(MOVSXD) ,rflags ,TEST,2,MOVSXD,7,NOP,6,RET_NEAR,1,POP,2,TEST,2,JZ,6,LEA,4,CMP,3,JBE,2,0,0,0,0,0,MOV,0,0,1,0,0,0,JE,0,0,4344672,4344538,4344687,0,0,0,0,fortran,5.0910805397487766e-08,0.9835745325519276,1,0,1
0x424b45,JNZ,548,432,368,6,0x424b40,CMP,1,NonLeaf,rsp(-1) rax(MOV) ,rflags ,CMP,5,MOV,5,ADD,5,ADD,6,NOP,8,ADD,4,POP,1,POP,1,POP,2,POP,2,0,0,0,0,0,JE,0,0,0,1,0,0,RET,0,0,4344624,4345013,4344651,0,1,1,0,fortran,1.1122721109047282e-09,0.7883211678832117,1,0,1
0x424b00,JNBE,25083,0,3976,6,0x424afd,CMP,1,NonLeaf,edx(LEA) ,rflags ,CMP,3,CMOVNZ,4,LEA,4,CMP,4,SUB,7,JMP,7,NOP,3,MOV,3,MOV,5,MOV,3,0,1,0,0,0,MOV,0,0,1,0,0,0,JMP,0,0,4344545,4348552,4344582,0,0,0,0,fortran,5.0910805397487766e-08,0.0,0,0,0
0x424ad4,JZ,25083,25083,140,6,0x424ac9,CMP,1,NonLeaf,r13(-1) ,rflags ,MOV,3,CMP,8,JZ,6,MOV,3,TEST,3,MOV,7,XOR,2,MOV,7,SUB,7,CMP,4,0,1,0,0,0,JE,0,0,1,0,0,0,MOV,0,0,4344521,4344672,4344538,0,0,0,0,fortran,5.0910805397487766e-08,1.0,1,0,1
0x424ac3,JZ,25095,12,4181,6,0x424abd,TEST,1,NonLeaf,rax(-1) rax(-1) ,rflags ,MOV,3,TEST,3,CALL_NEAR,5,MOV,3,JNZ,6,CMP,8,MOV,3,JZ,6,MOV,7,XOR,2,0,1,0,0,0,JE,0,0,1,0,0,0,JE,0,0,4344509,4348696,4344521,0,0,0,0,fortran,5.0935161721084224e-08,0.0004781829049611,0,0,0
0x424aaf,JNZ,25095,0,385,6,0x424aaa,TEST,1,NonLeaf,r13(-1) ,rflags ,TEST,5,CALL_NEAR,5,MOV,3,XOR,2,AND,8,MOV,3,CALL_NEAR,5,TEST,3,MOV,3,JZ,6,0,1,0,0,0,MOV,0,0,1,0,0,0,CALL,0,1,4344490,4344880,4344501,1,0,0,1,fortran,5.0935161721084224e-08,0.0,0,1,0
0x424a96,JZ,240,0,20,2,0x424a94,TEST,1,NonLeaf,ebx(-1) ebx(-1) ,rflags ,TEST,2,JZ,2,TEST,2,NOP,3,MOV,3,AND,8,XOR,2,MOV,3,CALL_NEAR,5,TEST,5,0,0,1,0,0,JNE,0,0,1,0,0,0,CALL,0,1,4344468,4344490,4344472,0,0,0,1,fortran,4.87126471929078e-10,0.0,0,0,0
0x424a92,JZ,25095,24855,24,2,0x424a90,TEST,1,NonLeaf,al(-1) ,rflags ,TEST,2,NOP,3,MOV,3,MOV,5,MOV,7,TEST,2,JZ,2,AND,8,XOR,2,MOV,3,0,1,1,0,0,JNE,0,0,1,0,0,0,JE,0,0,4344464,4344490,4344468,0,0,0,0,fortran,5.0935161721084224e-08,0.990436341900777,1,0,1
0x461aeb,JNBE,128526959,0,1574,6,0x461ae8,CMP,1,NonLeaf,rsi(-1) rdx(NEG) ,rflags ,CMP,3,NEG,3,MOV,3,AND,4,MOV,3,TEST,4,JNZ,6,CMP,4,JBE,6,TEST,2,0,1,0,0,0,JMP,0,0,1,0,0,0,JNE,0,0,4594368,4595985,4594417,0,0,0,0,fortran,0.000260870350356,0.0,0,0,0
0x424a54,JNZ,12300,0,484,6,0x424a52,TEST,1,NonLeaf,al(MOVZX) ,rflags ,TEST,2,MOVZX,8,MOV,3,MOV,5,MOV,5,MOV,7,MOV,3,CMP,7,MOVZX,8,SETNZ,3,0,0,0,0,0,JE,0,0,1,0,0,0,NOP,0,0,4344394,4344888,4344410,0,0,1,1,fortran,2.4965231686365253e-08,0.0,0,0,0
0x424a32,JZ,12039,0,4278,6,0x424a28,CMP,1,NonLeaf,rsp(-1) ,rflags ,MOV,5,CMP,5,JZ,6,MOV,3,TEST,3,MOV,5,MOV,5,MOV,5,MOV,3,MOVZX,8,0,0,0,0,0,JMP,0,0,1,0,0,0,MOV,0,0,4344360,4348648,4344376,0,0,0,0,fortran,2.4435481648142376e-08,0.0,0,0,0
0x424a22,JZ,11991,261,581,6,0x424a1c,TEST,1,NonLeaf,r13(-1) r13(-1) ,rflags ,MOV,3,TEST,3,ADD,8,JZ,6,MOV,5,CMP,5,MOV,5,JZ,6,MOV,5,MOV,5,0,0,0,0,0,JE,0,0,0,0,0,0,JE,0,0,4344340,4344935,4344360,0,0,0,0,fortran,2.433805635375656e-08,0.0217663247435576,0,0,0
0x424a0e,JZ,11991,0,317,6,0x424a03,CMP,1,NonLeaf,rsp(-1) ,rflags ,MOV,5,CMP,6,SHR,3,MOV,9,MOV,3,ADD,8,TEST,3,MOV,3,JZ,6,CMP,5,0,0,1,0,0,RET,0,0,1,0,0,0,JE,0,0,4344303,4344651,4344340,1,0,0,1,fortran,2.433805635375656e-08,0.0,0,0,0
0x4249e9,JZ,12107,116,679,6,0x4249e7,TEST,1,NonLeaf,ecx(MOV) ecx(MOV) ,rflags ,TEST,2,MOV,7,JZ,6,MOV,5,MOV,5,MOV,5,MOV,3,MOV,9,SHR,3,CMP,6,0,1,0,0,0,JE,0,0,1,0,0,0,JE,0,0,4344288,4344976,4344303,0,0,0,1,fortran,2.4573500815188947e-08,0.0095812339968613,0,0,0
0x4249da,JZ,12107,130,4390,6,0x4249c1,CMP,1,NonLeaf,esi(-1) ,rflags ,MOV,5,MOV,5,MOV,5,MOV,3,MOV,4,MOV,7,TEST,2,JZ,6,MOV,5,MOV,3,0,1,0,0,0,JMP,0,0,1,1,0,0,JE,0,0,4344240,4348672,4344288,0,0,1,0,fortran,2.4573500815188947e-08,0.0107375898240687,0,0,0
0x4248f7,JNS,7,7,-1379,6,0x4248f4,TEST,1,NonLeaf,rax(-1) rax(-1) ,rflags ,TEST,3,CALL_NEAR,3,MOV,3,MOV,5,MOV,4,JMP,5,MOV,3,MOV,5,CALL_NEAR,5,MOV,5,0,0,0,0,0,MOV,0,0,1,0,0,0,JMP,0,0,4344052,4342676,4344061,0,0,0,0,fortran,1.4207855431264776e-11,1.0,1,0,1
0x4247cc,JNZ,617,617,-1279,6,0x4247c8,CMP,1,NonLeaf,rdi(MOV) ,rflags ,CMP,4,MOV,7,MOV,3,JZ,6,TEST,3,ADD,8,MOV,7,MOV,4,MOV,7,MOV,3,0,0,0,0,0,JE,0,0,1,0,0,0,CALL,0,1,4343742,4342477,4343762,0,1,0,1,fortran,1.2523209715843382e-09,1.0,1,0,1
0x4247b8,JZ,617,0,-785,6,0x4247b5,TEST,1,NonLeaf,rax(-1) rax(-1) ,rflags ,TEST,3,CALL_NEAR,5,MOV,5,MOV,7,CALL_NEAR,5,MOV,3,MOV,7,CMP,4,JNZ,6,ADD,8,0,0,0,0,0,CALL,0,1,1,0,0,0,JNE,0,0,4343733,4342951,4343742,0,0,1,1,fortran,1.2523209715843382e-09,0.0,0,0,0
0x4246dc,JNZ,10,10,-63,2,0x4246d9,CMP,1,NonLeaf,eax(-1) ,rflags ,CMP,3,CALL_NEAR,5,JL,2,CMP,3,MOVSXD,4,MOV,4,TEST,3,JNZ,6,MOV,7,CMP,4,0,0,0,0,0,JE,0,0,1,0,0,0,JNE,1,0,4343513,4343453,4343518,0,0,0,0,fortran,2.029693633037825e-11,1.0,1,1,1
0x4246d2,JL,810,800,-66,2,0x4246cf,CMP,1,NonLeaf,ecx(MOVSXD) rdx(MOV) ,rflags ,CMP,3,MOVSXD,4,MOV,7,MOV,7,MOV,7,CALL_NEAR,5,CMP,3,JNZ,2,MOV,4,TEST,3,1,1,0,0,0,MOVZX,0,0,1,0,0,0,CALL,0,1,4343478,4343440,4343508,0,0,1,1,fortran,1.644051842760638e-09,0.9876543209876544,1,0,1
0x4246b0,JZ,810,27,-506,6,0x4246ae,CMP,1,NonLeaf,al(-1) ,rflags ,CMP,2,JZ,6,CMP,4,MOV,7,MOVZX,4,MOV,7,MOV,7,MOV,7,MOVSXD,4,CMP,3,0,0,0,0,0,MOV,1,0,0,0,1,1,JL,0,0,4343470,4342966,4343478,0,0,0,1,fortran,1.644051842760638e-09,0.0333333333333333,0,0,0
0x4246a8,JZ,810,0,200,6,0x4246a4,CMP,1,NonLeaf,rdx(MOV) ,rflags ,CMP,4,MOV,7,MOVZX,4,MOV,3,LEA,3,CMP,2,JZ,6,MOV,7,MOV,7,MOV,7,0,1,0,0,0,JMP,0,0,1,1,0,0,JE,0,0,4343453,4343664,4343470,0,0,1,0,fortran,1.644051842760638e-09,0.0,0,0,0
0x424582,JZ,617,617,534,6,0x42457b,TEST,1,NonLeaf,rbx(-1) ,rflags ,TEST,7,JNZ,6,TEST,2,MOV,3,NOP,9,CMP,5,MOVSXD,3,JZ,6,MOV,7,MOV,7,0,1,0,0,0,CALL,1,1,1,0,0,0,JE,0,0,4343163,4343704,4343176,0,0,1,0,fortran,1.2523209715843382e-09,1.0,1,0,1
0x4244f5,JZ,7,7,945,6,0x4244f0,CMP,1,NonLeaf,rbx(-1) ,rflags ,CMP,5,JZ,6,TEST,7,JNZ,6,TEST,3,MOV,7,LEA,5,MOV,3,CALL_NEAR,5,TEST,3,0,1,0,0,0,CALL,0,1,1,0,0,0,CALL,0,1,4343024,4343974,4343035,0,0,1,1,fortran,1.4207855431264776e-11,1.0,1,0,1
0x4244ea,JZ,34,27,406,6,0x4244e3,TEST,1,NonLeaf,rbx(-1) ,rflags ,TEST,7,JNZ,6,TEST,3,MOV,7,JNZ,6,CMP,5,JZ,6,MOV,7,LEA,5,MOV,3,0,1,0,0,0,CALL,0,1,1,0,0,0,JE,0,0,4343011,4343424,4343024,0,0,1,0,fortran,6.900958352328605e-11,0.7941176470588235,1,0,1
0x4244dd,JNZ,34,0,675,6,0x4244da,TEST,1,NonLeaf,r11d(MOV) r11d(MOV) ,rflags ,TEST,3,MOV,7,JNZ,6,TEST,2,MOV,3,TEST,7,JZ,6,CMP,5,JZ,6,MOV,7,0,1,0,0,0,JMP,0,0,1,0,0,0,JE,0,0,4342995,4343680,4343011,0,0,1,0,fortran,6.900958352328605e-11,0.0,0,0,0
0x4243c5,JZ,34,34,270,6,0x4243c3,TEST,1,NonLeaf,eax(MOV) eax(MOV) ,rflags ,TEST,2,MOV,3,NOP,8,JMP,5,MOV,3,MOV,7,MOV,5,TEST,3,CMOVNZ,4,JMP,2,0,0,0,0,0,JNE,0,0,1,0,0,0,JMP,0,0,4342720,4342995,4342731,0,0,0,0,fortran,6.900958352328605e-11,1.0,1,0,1
0x424384,JZ,617,617,503,6,0x424382,TEST,1,NonLeaf,esi(MOV) esi(MOV) ,rflags ,TEST,2,MOV,3,JNZ,6,TEST,2,JZ,6,XOR,2,MOV,3,CALL_NEAR,5,MOV,7,MOV,7,0,0,0,0,0,JE,0,0,1,0,0,0,CALL,1,1,4342655,4343163,4342666,0,0,0,1,fortran,1.2523209715843382e-09,1.0,1,1,1
0x424379,JNZ,617,0,151,6,0x424377,TEST,1,NonLeaf,eax(-1) eax(-1) ,rflags ,TEST,2,JZ,6,CMP,3,MOV,3,MOV,7,MOV,3,TEST,2,JZ,6,XOR,2,MOV,3,0,1,0,0,0,JE,0,0,1,0,0,0,JE,0,0,4342647,4342800,4342655,0,0,0,0,fortran,1.2523209715843382e-09,0.0,0,0,0
0x424371,JZ,617,0,263,6,0x42436e,CMP,1,NonLeaf,eax(MOV) ,rflags ,CMP,3,MOV,3,MOV,7,MOV,10,MOV,10,TEST,2,JNZ,6,MOV,3,TEST,2,JZ,6,0,1,0,0,0,JE,1,0,1,0,0,0,JNE,0,0,4342592,4342904,4342647,0,0,0,0,fortran,1.2523209715843382e-09,0.0,0,0,0
0x42432d,JNZ,651,0,1565,6,0x424324,XOR,1,NonLeaf,rax(XOR) fs(-1) ,rax rflags ,XOR,9,MOV,5,CALL_NEAR,5,MOV,7,MOV,6,ADD,4,POP,1,POP,1,POP,2,POP,2,0,1,0,0,0,CALL,0,1,1,0,0,0,RET,0,0,4342559,4344138,4342579,0,0,1,0,fortran,1.3213305551076242e-09,0.0,0,0,0
0x424303,JNZ,651,295,10,2,0x424300,TEST,1,NonLeaf,r12d(-1) r12d(-1) ,rflags ,TEST,3,ADD,8,JZ,6,CMP,4,MOV,7,MOV,3,CALL_NEAR,5,MOV,6,MOV,7,CALL_NEAR,5,0,1,1,0,0,CALL,0,1,1,0,0,0,CALL,0,1,4342528,4342541,4342533,0,0,1,1,fortran,1.3213305551076242e-09,0.4531490015360983,0,0,0
0x4242f2,JZ,651,0,862,6,0x4242ee,CMP,1,NonLeaf,rax(MOV) ,rflags ,CMP,4,MOV,7,MOV,7,MOV,7,MOV,7,ADD,8,TEST,3,JNZ,2,MOV,3,CALL_NEAR,5,0,1,0,0,0,CALL,0,1,1,0,0,0,ADD,0,0,4342489,4343376,4342520,1,0,1,1,fortran,1.3213305551076242e-09,0.0,0,0,0
0x4242d0,JZ,651,356,9,2,0x4242cd,TEST,1,NonLeaf,r12d(-1) r12d(-1) ,rflags ,TEST,3,JZ,2,CMP,3,NOP,3,MOV,3,MOV,7,MOV,7,MOV,7,MOV,7,CMP,4,0,0,1,0,0,JE,0,0,0,0,0,0,MOV,0,0,4342477,4342489,4342482,0,0,1,1,fortran,1.3213305551076242e-09,0.5468509984639017,1,0,1
0x4242cb,JZ,34,0,53,2,0x4242c8,CMP,1,NonLeaf,eax(-1) ,rflags ,CMP,3,NOP,3,MOV,3,MOV,7,CALL_NEAR,5,TEST,3,JZ,2,MOV,7,MOV,7,MOV,7,0,0,1,0,0,JNE,0,0,0,0,0,0,JE,0,0,4342472,4342528,4342477,0,0,0,0,fortran,6.900958352328605e-11,0.0,0,0,0
0x42429d,JZ,34,34,291,6,0x42429b,TEST,1,NonLeaf,eax(-1) eax(-1) ,rflags ,TEST,2,JZ,2,CMP,3,MOV,3,MOV,7,CMP,3,JZ,6,MOV,7,MOV,3,CALL_NEAR,5,0,1,0,0,0,JE,0,0,1,0,0,0,JE,0,0,4342427,4342720,4342435,0,0,0,0,fortran,6.900958352328605e-11,1.0,1,0,1
0x424299,JZ,34,0,19,2,0x424296,CMP,1,NonLeaf,eax(MOV) ,rflags ,CMP,3,MOV,3,MOV,7,JNZ,6,TEST,2,TEST,2,JZ,6,CMP,3,JZ,6,MOV,7,0,1,0,0,0,CALL,0,1,1,0,0,0,JE,0,0,4342412,4342444,4342427,0,0,1,0,fortran,6.900958352328605e-11,0.0,0,0,0
0x424286,JNZ,651,617,186,6,0x424284,TEST,1,NonLeaf,eax(MOV) eax(MOV) ,rflags ,TEST,2,MOV,6,MOV,7,MOV,7,XOR,2,MOV,7,MOV,3,CMP,3,JZ,2,TEST,2,0,1,0,0,0,JE,0,0,1,0,0,0,JE,1,0,4342352,4342592,4342412,0,0,1,0,fortran,1.3213305551076242e-09,0.9477726574500768,1,0,1
0x4241f3,JNZ,651,0,37,2,0x4241f1,TEST,1,NonLeaf,edx(MOV) edx(MOV) ,rflags ,TEST,2,MOV,3,JNZ,2,TEST,2,JZ,2,MOV,7,MOV,7,MOV,7,MOV,7,POP,1,0,1,0,0,0,JNE,0,0,0,0,0,0,MOV,0,0,4342254,4342296,4342261,0,0,0,1,fortran,1.3213305551076242e-09,0.0,0,0,0
0x4241ec,JNZ,651,0,76,2,0x4241ea,TEST,1,NonLeaf,edx(-1) edx(-1) ,rflags ,TEST,2,JZ,2,CMP,3,MOV,3,JNZ,2,MOV,3,TEST,2,JNZ,2,MOV,7,MOV,7,0,1,0,0,0,JNE,0,0,1,0,0,0,JNE,0,0,4342250,4342328,4342254,0,0,0,0,fortran,1.3213305551076242e-09,0.0,0,0,0
0x4241e8,JZ,651,0,13,2,0x4241e5,CMP,1,NonLeaf,edx(MOV) ,rflags ,CMP,3,MOV,3,JNZ,2,TEST,2,MOV,3,TEST,2,JNZ,2,MOV,3,TEST,2,JNZ,2,0,1,0,0,0,MOV,0,0,1,0,0,0,JNE,0,0,4342242,4342261,4342250,0,0,1,0,fortran,1.3213305551076242e-09,0.0,0,0,0
0x4241e0,JNZ,651,0,49,2,0x4241de,TEST,1,NonLeaf,ecx(MOV) ecx(MOV) ,rflags ,TEST,2,MOV,3,MOV,3,MOV,7,PUSH,1,MOV,3,CMP,3,JZ,2,TEST,2,JNZ,2,0,1,1,0,0,RET,0,0,1,0,0,0,JE,0,0,4342224,4342289,4342242,0,0,0,0,fortran,1.3213305551076242e-09,0.0,0,0,0
0x423c7c,JZ,27,27,9,2,0x423c6f,TEST,1,NonLeaf,rbx(-1) ,rflags ,MOV,7,TEST,6,SUB,3,MOV,7,MOV,3,ADD,7,MOV,7,MOV,6,MOV,7,MOVSXD,4,0,1,1,0,0,JMP,0,0,1,0,0,0,ADD,0,0,4340844,4340869,4340862,0,0,0,1,fortran,5.480172809202128e-11,1.0,1,0,1
0x423bed,JLE,27,27,107,2,0x423be6,CMP,1,NonLeaf,r12d(-1) r13d(-1) ,rflags ,MOV,4,CMP,3,XOR,3,JNZ,2,CMP,3,MOV,3,OR,6,JNZ,2,TEST,3,JLE,6,0,1,0,0,0,MOV,0,0,1,0,0,0,JNE,0,0,4340710,4340824,4340719,1,0,0,0,fortran,5.480172809202128e-11,1.0,1,0,1
0x423be1,JNZ,28,28,-68,2,0x423bde,CMP,1,NonLeaf,eax(-1) ,rflags ,CMP,3,CALL_NEAR,5,JL,2,CMP,3,MOVSXD,4,XOR,3,CMP,3,MOV,4,JLE,2,MOV,3,0,0,0,0,0,JE,0,0,0,0,0,0,XOR,1,0,4340702,4340637,4340707,0,0,0,0,fortran,5.6831421725059097e-11,1.0,1,1,1
0x423bd7,JL,2187,2159,-71,2,0x423bd4,CMP,1,NonLeaf,edx(MOVSXD) rax(MOV) ,rflags ,CMP,3,MOVSXD,4,MOV,7,MOV,7,JNL,2,CALL_NEAR,5,CMP,3,JNZ,2,XOR,3,CMP,3,1,1,0,0,0,MOVZX,0,0,1,0,0,0,CALL,0,1,4340681,4340624,4340697,1,0,1,1,fortran,4.438939975453724e-09,0.9871970736168268,1,0,1
0x423bc0,JNL,2187,27,35,2,0x423bbc,CMP,1,NonLeaf,r13d(ADD) rbp(-1) ,rflags ,CMP,4,ADD,4,JZ,6,CMP,3,JZ,6,MOV,7,MOV,7,MOVSXD,4,CMP,3,JL,2,0,0,0,0,0,XOR,1,0,1,0,0,0,MOV,0,0,4340664,4340707,4340674,0,0,0,0,fortran,4.438939975453724e-09,0.0123456790123456,0,0,0
0x423bb2,JZ,2187,0,262,6,0x423baf,CMP,1,NonLeaf,eax(-1) ,rflags ,CMP,3,JZ,6,CMP,3,JZ,6,CMP,3,ADD,4,CMP,4,JNL,2,MOV,7,MOV,7,0,1,0,0,0,JE,0,0,1,0,0,0,JGE,0,0,4340655,4340920,4340664,0,0,0,0,fortran,4.438939975453724e-09,0.0,0,0,0
0x423ba9,JZ,2187,0,439,6,0x423ba6,CMP,1,NonLeaf,eax(-1) ,rflags ,CMP,3,JZ,6,CMP,3,MOVZX,4,MOV,3,CMP,3,JZ,6,ADD,4,CMP,4,JNL,2,0,0,0,0,0,JE,1,0,1,0,0,0,JE,0,0,4340646,4341088,4340655,0,0,1,0,fortran,4.438939975453724e-09,0.0,0,0,0
0x423ba0,JZ,2187,0,448,6,0x423b9d,CMP,1,NonLeaf,eax(MOVZX) ,rflags ,CMP,3,MOVZX,4,MOV,3,LEA,3,MOV,3,CMP,3,JZ,6,CMP,3,JZ,6,ADD,4,0,1,0,0,0,JE,1,0,1,0,0,0,JE,0,0,4340637,4341088,4340646,0,0,1,0,fortran,4.438939975453724e-09,0.0,0,0,0
0x423b85,JLE,27,0,867,6,0x423b82,TEST,1,NonLeaf,r12d(MOV) r12d(MOV) ,rflags ,TEST,3,MOV,4,JNZ,6,TEST,2,MOV,6,XOR,3,JMP,2,MOV,3,LEA,3,MOV,3,0,1,0,0,0,JMP,0,0,1,0,0,0,JMP,0,0,4340606,4341480,4340619,0,0,1,0,fortran,5.480172809202128e-11,0.0,0,0,0
0x423b78,JNZ,27,0,448,6,0x423b76,TEST,1,NonLeaf,edx(MOV) edx(MOV) ,rflags ,TEST,2,MOV,6,NOP,1,RET_NEAR,1,POP,2,MOV,4,TEST,3,JLE,6,XOR,3,JMP,2,0,1,0,0,0,JMP,0,0,1,0,0,0,JLE,0,0,4340592,4341048,4340606,0,0,1,0,fortran,5.480172809202128e-11,0.0,0,0,0
0x423af2,JZ,514,514,-178,6,0x423af0,TEST,1,NonLeaf,eax(-1) eax(-1) ,rflags ,TEST,2,NOP,4,RET_NEAR,1,POP,2,POP,2,MOV,4,MOV,3,MOVSXD,3,SUB,7,MOV,7,0,0,0,0,0,JE,0,0,0,0,0,0,CALL,1,1,4340464,4340288,4340472,0,0,0,1,fortran,1.0432625273814422e-09,1.0,1,1,1
0x423abc,JZ,487,487,12,2,0x423ab6,TEST,1,NonLeaf,rbx(-1) ,rflags ,TEST,6,SUB,7,MOVSXD,3,MOV,7,JNLE,6,ADD,7,MOV,3,MOV,7,MOV,6,ADD,2,0,0,1,0,0,MOV,0,0,1,0,0,0,MOV,0,0,4340389,4340424,4340414,0,0,0,1,fortran,9.884607992894208e-10,1.0,1,0,1
0x423a9f,JNLE,487,0,1254,6,0x423a9c,CMP,1,NonLeaf,r12d(-1) edx(MOV) ,rflags ,CMP,3,MOV,3,CALL_NEAR,5,MOV,4,MOV,3,MOV,7,MOVSXD,3,SUB,7,TEST,6,JZ,2,0,1,0,0,0,CALL,0,1,1,0,0,0,JE,0,0,4340380,4341637,4340389,0,0,1,1,fortran,9.884607992894208e-10,0.0,0,0,0
0x423a80,JNZ,487,0,816,6,0x423a7e,TEST,1,NonLeaf,ecx(MOV) ecx(MOV) ,rflags ,TEST,2,MOV,3,JZ,2,MOV,4,TEST,7,MOV,7,MOV,3,MOV,4,CALL_NEAR,5,MOV,3,0,1,0,0,0,CALL,0,1,0,0,0,0,CALL,1,1,4340347,4341168,4340358,0,0,1,1,fortran,9.884607992894208e-10,0.0,0,1,0
0x423a79,JZ,487,0,13,2,0x423a6e,TEST,1,NonLeaf,rbx(-1) ,rflags ,MOV,4,TEST,7,JNZ,6,TEST,2,MOV,6,MOV,3,TEST,2,JNZ,6,MOV,7,MOV,3,0,1,0,0,0,CALL,1,1,1,0,0,0,JNE,0,0,4340334,4340358,4340347,0,0,1,0,fortran,9.884607992894208e-10,0.0,0,0,0
0x423a68,JNZ,487,0,696,6,0x423a66,TEST,1,NonLeaf,esi(MOV) esi(MOV) ,rflags ,TEST,2,MOV,6,JZ,6,CMP,4,JNZ,2,TEST,7,MOV,4,JZ,2,MOV,3,TEST,2,0,1,0,0,0,JMP,1,0,1,0,0,0,JE,0,0,4340320,4341024,4340334,0,0,1,0,fortran,9.884607992894208e-10,0.0,0,0,0
0x423a54,JNZ,487,487,12,2,0x423a51,TEST,1,NonLeaf,r8d(MOV) r8d(MOV) ,rflags ,TEST,3,MOV,4,JZ,6,TEST,7,JNZ,6,CMP,4,JZ,6,MOV,6,TEST,2,JNZ,6,0,1,1,0,0,JNE,0,0,1,0,0,0,JE,0,0,4340301,4340320,4340310,0,0,0,0,fortran,9.884607992894208e-10,1.0,1,0,1
0x423a47,JZ,514,27,297,6,0x423a40,TEST,1,NonLeaf,rbx(-1) ,rflags ,TEST,7,JNZ,6,CMP,3,MOV,3,JNZ,6,MOV,4,TEST,3,JNZ,2,CMP,4,JZ,6,0,1,0,0,0,JNE,1,0,1,0,0,0,JNE,0,0,4340288,4340592,4340301,0,0,0,0,fortran,1.0432625273814422e-09,0.0525291828793774,0,0,0
0x423a3a,JNZ,514,514,182,6,0x423a37,CMP,1,NonLeaf,eax(MOV) ,rflags ,CMP,3,MOV,3,JNZ,6,TEST,3,MOV,4,TEST,7,JZ,6,MOV,4,TEST,3,JNZ,2,0,1,0,0,0,JE,0,0,1,0,0,0,JE,0,0,4340276,4340464,4340288,0,0,0,0,fortran,1.0432625273814422e-09,1.0,1,0,1
0x423a2e,JNZ,514,0,202,6,0x423a2b,TEST,1,NonLeaf,r9d(MOV) r9d(MOV) ,rflags ,TEST,3,MOV,4,MOV,7,MOV,3,JZ,6,MOV,3,CMP,3,JNZ,6,TEST,7,JZ,6,0,1,0,0,0,CALL,1,1,1,0,0,0,JNE,0,0,4340263,4340472,4340276,0,0,1,0,fortran,1.0432625273814422e-09,0.0,0,0,0
0x423a17,JZ,1,0,1362,6,0x423a14,TEST,1,NonLeaf,rax(-1) rax(-1) ,rflags ,TEST,3,JZ,6,CMP,4,JZ,6,CMP,2,MOV,3,MOV,7,MOV,4,TEST,3,JNZ,6,0,1,0,0,0,JNE,0,0,1,0,0,0,MOV,0,0,4340244,4341609,4340253,0,0,0,1,fortran,2.029693633037825e-12,0.0,0,0,0
0x423a0e,JZ,1,0,1336,6,0x423a0a,CMP,1,NonLeaf,rdi(-1) ,rflags ,CMP,4,JZ,6,CMP,2,MOV,6,JNL,2,TEST,3,JZ,6,MOV,3,MOV,7,MOV,4,0,1,0,0,0,JNE,0,0,0,0,0,0,JE,0,0,4340234,4341574,4340244,0,0,0,0,fortran,2.029693633037825e-12,0.0,0,0,0
0x423a04,JZ,1,0,740,6,0x423a02,CMP,1,NonLeaf,rdi(-1) esi(MOV) ,rflags ,CMP,2,MOV,6,JNL,2,CMP,3,MOV,7,CMP,4,JZ,6,TEST,3,JZ,6,MOV,3,0,1,0,0,0,JNE,0,0,1,0,0,0,JE,0,0,4340220,4340968,4340234,0,0,0,0,fortran,2.029693633037825e-12,0.0,0,0,0
0x4239fa,JNL,514,513,45,2,0x4239f7,CMP,1,NonLeaf,rax(MOV) rdx(MOVSXD) ,rflags ,CMP,3,MOV,7,MOVSXD,3,JZ,2,CMP,4,MOV,6,CMP,2,JZ,6,CMP,4,JZ,6,0,0,0,0,0,JNE,0,0,1,0,0,0,JE,0,0,4340205,4340263,4340220,0,0,0,0,fortran,1.0432625273814422e-09,0.9980544747081712,1,0,1
0x4239eb,JZ,514,0,60,2,0x4239e7,CMP,1,NonLeaf,rdi(MOV) ,rflags ,CMP,4,MOV,7,SUB,4,MOV,3,PUSH,1,MOVSXD,3,MOV,7,CMP,3,JNL,2,MOV,6,0,1,0,0,0,JNE,0,0,1,0,0,0,JGE,0,0,4340176,4340263,4340205,0,0,0,0,fortran,1.0432625273814422e-09,0.0,0,0,0
0x4234d1,JNZ,109,0,95,2,0x4234c8,XOR,1,NonLeaf,rax(XOR) fs(-1) ,rax rflags ,XOR,9,MOV,8,NOP,3,JNZ,6,TEST,3,ADD,7,POP,1,POP,1,POP,2,POP,2,0,0,0,0,0,CALL,0,1,1,0,0,0,RET,0,0,4338880,4338992,4338899,0,0,1,0,fortran,2.2123660600112292e-10,0.0,0,0,0
0x4234b7,JNZ,48,48,-151,6,0x4234b4,TEST,1,NonLeaf,r15(MOV) r15(MOV) ,rflags ,TEST,3,MOV,3,JZ,2,MOV,5,CMP,3,NOP,3,MOV,8,XOR,9,JNZ,2,ADD,7,0,0,0,1,1,CALL,0,1,1,0,0,0,NOP,1,0,4338868,4338720,4338877,0,0,1,0,fortran,9.742529438581559e-11,1.0,1,1,1
0x4234af,JZ,54,6,-63,2,0x4234a7,CMP,1,NonLeaf,rcx(MOV) rdx(LEA) ,rflags ,MOV,5,CMP,3,MOV,5,ADD,3,LEA,4,MOV,3,TEST,3,JNZ,6,NOP,3,MOV,8,1,1,0,0,0,JE,0,0,1,0,0,0,MOV,1,0,4338825,4338800,4338865,1,0,1,0,fortran,1.0960345618404255e-10,0.1111111111111111,0,1,0
0x423487,JZ,6,6,57,2,0x423484,CMP,1,NonLeaf,rax(ADD) r12(-1) ,rflags ,CMP,3,SUB,3,ADD,4,MOV,9,IMUL,4,MOV,5,MOV,8,MOV,5,LEA,4,ADD,3,0,0,1,0,0,JNE,1,0,0,0,1,1,JE,0,0,4338800,4338880,4338825,0,0,0,1,fortran,1.217816179822695e-11,1.0,1,0,1
0x423464,JZ,157,103,92,2,0x423454,CMP,1,NonLeaf,r12(-1) ,rflags ,MOV,3,MOV,9,CMP,4,SUB,5,JNZ,6,MOV,5,JMP,2,NOP,3,IMUL,4,MOV,9,0,0,1,0,0,JNE,1,0,1,0,0,0,JMP,0,0,4338767,4338880,4338790,0,0,0,0,fortran,3.186619003869385e-10,0.6560509554140127,1,0,1
0x423449,JNZ,157,0,156,6,0x423444,CMP,1,NonLeaf,rax(ADD) rsp(-1) ,rflags ,CMP,5,ADD,5,ADD,5,MOV,3,CALL_NEAR,4,SUB,5,CMP,4,MOV,9,MOV,3,JZ,2,0,1,0,0,0,JMP,0,0,1,0,0,0,JE,0,0,4338743,4338917,4338767,0,0,1,1,fortran,3.186619003869385e-10,0.0,0,0,0
0x4233ec,JZ,109,0,212,6,0x4233e9,TEST,1,NonLeaf,r13(MOV) r13(MOV) ,rflags ,TEST,3,MOV,3,JZ,6,CMP,3,MOV,5,MOV,5,MOV,3,IMUL,4,IMUL,4,MOV,5,0,0,1,0,0,JNE,0,0,1,0,0,0,NOP,0,0,4338662,4338880,4338674,0,1,0,1,fortran,2.2123660600112292e-10,0.0,0,0,0
0x4233e0,JZ,109,109,326,6,0x4233dd,CMP,1,NonLeaf,rbp(-1) rdx(MOV) ,rflags ,CMP,3,MOV,5,MOV,8,JNZ,2,CMP,3,MOV,3,TEST,3,JZ,6,MOV,5,MOV,3,0,1,0,0,0,JMP,0,0,1,1,0,0,JE,0,0,4338640,4338982,4338662,0,0,0,0,fortran,2.2123660600112292e-10,1.0,1,0,1
0x4233ce,JNZ,115,6,-62,2,0x4233cb,CMP,1,NonLeaf,rax(ADD) r15(-1) ,rflags ,CMP,3,ADD,4,JLE,6,MOV,5,TEST,3,MOV,8,MOV,5,CMP,3,JZ,6,MOV,3,1,1,0,0,0,JLE,0,0,0,0,0,0,JE,1,0,4338631,4338576,4338640,0,0,1,0,fortran,2.3341476779934985e-10,0.0521739130434782,0,1,0
0x4233c1,JLE,6,0,299,6,0x4233b9,TEST,1,NonLeaf,rcx(SUB) rcx(SUB) ,rflags ,MOV,5,TEST,3,SUB,4,ADD,4,MOV,4,ADD,4,CMP,3,JNZ,2,MOV,8,MOV,5,0,0,0,0,0,JNE,1,0,0,0,1,1,JNE,0,0,4338576,4338924,4338631,0,0,0,0,fortran,1.217816179822695e-11,0.0,0,0,0
0x423385,JNLE,109,109,66,2,0x42337d,TEST,1,NonLeaf,rcx(SUB) rcx(SUB) ,rflags ,MOV,5,TEST,3,XOR,2,SUB,4,LEA,4,JMP,5,NOP,4,MOV,3,ADD,4,MOV,9,0,1,0,1,0,JNE,0,0,1,0,0,0,JMP,0,0,4338515,4338631,4338567,0,0,0,0,fortran,2.2123660600112292e-10,1.0,1,0,1
0x42334d,JZ,109,0,131,6,0x423349,AND,1,NonLeaf,r15d(AND) ,r15d rflags ,AND,4,CMOVNZ,4,MOV,4,CMP,3,SAR,4,MOV,3,MOV,9,MOV,3,IMUL,5,MOV,8,0,1,0,0,0,JE,0,0,1,0,0,0,JG,0,0,4338464,4338640,4338515,0,0,0,1,fortran,2.2123660600112292e-10,0.0,0,0,0
0x42331a,JNZ,109,0,422,6,0x423317,TEST,1,NonLeaf,rdi(-1) ,rflags ,TEST,3,XOR,2,MOV,8,MOV,9,SUB,7,MOV,4,MOVSXD,3,MOV,3,MOV,3,MOV,3,0,1,0,0,0,JNE,0,0,1,0,0,0,JE,0,0,4338416,4338880,4338464,0,0,0,1,fortran,2.2123660600112292e-10,0.0,0,0,0
0x4231e7,JZ,130,0,33,2,0x4231e5,TEST,1,Leaf,edx(-1) edx(-1) ,rflags ,TEST,2,JNZ,2,TEST,3,INVALID,0,INVALID,0,MOVSXD,3,MOV,4,MOV,3,MOV,6,MOV,5,0,1,0,0,0,JMP,0,0,1,1,0,0,JMP,0,0,4338149,4338184,4338153,0,1,0,0,fortran,2.6386017229491727e-10,0.0,0,0,0
0x4231e3,JNZ,130,0,61,2,0x4231e0,TEST,1,Leaf,rdi(-1) ,rflags ,TEST,3,INVALID,0,INVALID,0,INVALID,0,INVALID,0,TEST,2,JZ,2,MOVSXD,3,MOV,4,MOV,3,0,1,0,0,0,REPZ RET,0,0,1,0,0,0,JE,0,0,4338144,4338208,4338149,0,0,0,0,fortran,2.6386017229491727e-10,0.0,0,0,0
0x4230f3,JZ,11524,11524,13,2,0x4230f0,TEST,1,Leaf,rdi(-1) ,rflags ,TEST,3,INVALID,0,INVALID,0,INVALID,0,INVALID,0,RET_NEAR,2,NOP,9,MOVSXD,3,MOV,2,MOV,4,0,1,0,0,0,JMP,0,0,1,0,0,0,REPZ RET,0,0,4337904,4337920,4337909,0,0,0,0,fortran,2.339018942712789e-08,1.0,1,0,1
0x4230c3,JZ,1,1,13,2,0x4230c0,TEST,1,Leaf,rdi(-1) ,rflags ,TEST,3,INVALID,0,INVALID,0,INVALID,0,INVALID,0,RET_NEAR,2,NOP,9,MOVSXD,3,MOV,2,MOV,4,0,1,0,0,0,JMP,0,0,1,0,0,0,REPZ RET,0,0,4337856,4337872,4337861,0,0,0,0,fortran,2.029693633037825e-12,1.0,1,0,1
0x422eac,JZ,12679,0,42,2,0x422ea9,TEST,1,NonLeaf,rax(-1) rax(-1) ,rflags ,TEST,3,CALL_NEAR,5,MOV,4,NOP,3,JMP,2,MOV,7,JMP,2,CMP,6,JZ,6,XOR,2,0,1,0,0,0,CALL,0,1,1,0,0,0,JMP,0,0,4337321,4337366,4337326,0,0,1,0,fortran,2.5734485573286586e-08,0.0,0,0,0
0x422e60,JZ,12679,12679,9,2,0x422e55,TEST,1,NonLeaf,rbx(-1) ,rflags ,MOVSXD,5,TEST,6,JZ,6,CMP,4,MOV,7,ADD,7,ADD,7,ADD,4,POP,1,RET_NEAR,1,0,1,1,0,0,ADD,0,0,1,0,0,0,ADD,0,0,4337237,4337257,4337250,0,0,1,1,fortran,2.5734485573286586e-08,1.0,1,0,1
0x422e28,JZ,12679,12679,120,2,0x422e21,TEST,1,NonLeaf,rbx(-1) ,rflags ,TEST,7,MOV,7,MOV,7,SUB,3,MOV,7,MOV,3,MOV,4,LEA,5,TEST,2,JNZ,2,0,1,0,0,0,CALL,0,1,1,0,0,0,JNE,0,0,4337185,4337312,4337194,0,0,1,0,fortran,2.5734485573286586e-08,1.0,1,0,1
0x422dd6,JNL,12679,12679,58,2,0x422dd3,CMP,1,NonLeaf,rcx(MOV) rdx(MOVSXD) ,rflags ,CMP,3,MOVSXD,3,MOV,7,JZ,2,CMP,4,MOV,2,CMP,6,JNZ,6,CMP,11,JNZ,6,0,1,0,0,0,MOV,0,0,1,0,0,0,JNE,0,0,4337097,4337168,4337112,1,0,1,0,fortran,2.5734485573286586e-08,1.0,1,0,1
0x422dc7,JZ,12679,0,90,2,0x422dc3,CMP,1,NonLeaf,rdi(MOV) ,rflags ,CMP,4,MOV,4,MOV,7,SUB,4,MOV,3,MOV,7,MOVSXD,3,CMP,3,JNL,2,MOV,2,0,1,0,0,0,JE,0,0,1,0,0,0,JGE,0,0,4337072,4337185,4337097,0,0,0,0,fortran,2.5734485573286586e-08,0.0,0,0,0
0x422644,JZ,2,0,-50,2,0x422640,CMP,1,NonLeaf,rsp(-1) ,rflags ,CMP,4,NOP,8,JMP,5,MOV,8,MOV,7,MOV,8,JMP,5,NOP,5,MOV,3,CALL_NEAR,5,0,0,0,0,0,CALL,0,1,1,0,0,0,JMP,0,0,4335168,4335122,4335174,1,0,1,1,fortran,4.0593872660756495e-12,0.0,0,0,0
0x42259c,JZ,2,2,-859,6,0x422590,AND,1,NonLeaf,ebp(AND) ,ebp rflags ,MOV,6,AND,6,NOP,1,JMP,5,CALL_NEAR,5,MOV,6,MOV,7,MOV,6,MOV,5,MOV,3,0,0,1,0,0,JE,0,0,1,0,0,0,CALL,0,1,4334992,4334145,4335010,0,0,0,1,fortran,4.0593872660756495e-12,1.0,1,0,1
0x422396,JNZ,2,0,857,6,0x42238d,XOR,1,NonLeaf,rax(XOR) fs(-1) ,rax rflags ,XOR,9,MOV,5,MOV,2,MOV,7,MOV,3,ADD,4,POP,1,POP,1,RET_NEAR,1,NOP,5,0,1,0,0,0,CALL,0,1,1,0,0,0,RET,0,0,4334472,4335343,4334492,0,0,1,0,fortran,4.0593872660756495e-12,0.0,0,0,0
0x42237a,JNZ,2,2,14,2,0x422375,CMP,1,NonLeaf,eax(AND) ,rflags ,CMP,5,AND,5,MOV,2,CALL_NEAR,5,MOV,3,MOV,3,MOV,7,MOV,2,MOV,5,XOR,9,0,1,1,0,0,JNE,0,0,1,0,0,0,MOV,0,0,4334446,4334472,4334460,0,0,0,1,fortran,4.0593872660756495e-12,1.0,1,0,1
0x42232f,JZ,2,0,63,2,0x42232c,TEST,1,NonLeaf,rax(-1) rax(-1) ,rflags ,TEST,3,CALL_NEAR,5,MOV,3,MOV,3,MOV,3,MOV,3,CALL_NEAR,5,JMP,2,NOP,5,CMP,3,0,0,1,0,0,JNE,0,0,1,0,0,0,CALL,0,1,4334380,4334446,4334385,0,0,0,1,fortran,4.0593872660756495e-12,0.0,0,0,0
0x4222bd,JZ,2,2,97,2,0x4222b5,CMP,1,NonLeaf,rax(-1) ,rflags ,MOV,3,CMP,5,CALL_NEAR,5,MOV,3,JNZ,6,TEST,6,JZ,6,MOV,3,MOV,4,MOV,3,0,1,0,0,0,CALL,0,1,1,0,0,0,JE,0,0,4334261,4334366,4334271,0,0,1,0,fortran,4.0593872660756495e-12,1.0,1,0,1
0x4222a7,JNZ,2,0,945,6,0x4222a2,TEST,1,NonLeaf,eax(-1) ,rflags ,TEST,5,JNZ,6,TEST,2,MOV,2,NOP,7,MOV,3,CALL_NEAR,5,CMP,5,MOV,3,JZ,2,0,1,0,0,0,CALL,0,1,1,0,0,0,MOV,0,0,4334242,4335192,4334253,0,0,1,0,fortran,4.0593872660756495e-12,0.0,0,0,0
0x42229c,JNZ,2,0,210,6,0x42229a,TEST,1,NonLeaf,al(MOV) ,rflags ,TEST,2,MOV,2,NOP,7,JZ,6,CMP,3,TEST,5,JNZ,6,MOV,3,CALL_NEAR,5,CMP,5,0,1,1,0,0,JNE,0,0,1,0,0,0,JNE,0,0,4334232,4334446,4334242,0,0,0,0,fortran,4.0593872660756495e-12,0.0,0,0,0
0x422276,JZ,2,2,970,6,0x422273,CMP,1,NonLeaf,eax(MOV) ,rflags ,CMP,3,MOV,4,JS,6,TEST,2,MOV,3,MOV,3,CMP,3,JZ,6,CMP,3,JZ,6,0,1,0,0,0,JE,0,0,1,0,0,0,JE,0,0,4334191,4335168,4334204,0,0,0,0,fortran,4.0593872660756495e-12,1.0,1,0,1
0x422269,JS,2,0,1095,6,0x422267,TEST,1,NonLeaf,eax(MOV) eax(MOV) ,rflags ,TEST,2,MOV,3,JNZ,2,MOV,4,TEST,6,MOV,4,CMP,3,JZ,6,MOV,3,CMP,3,0,1,0,0,0,CALL,0,1,0,1,0,0,JE,0,0,4334180,4335280,4334191,0,0,1,0,fortran,4.0593872660756495e-12,0.0,0,0,0
0x422262,JNZ,2,0,13,2,0x422258,TEST,1,NonLeaf,rbx(-1) ,rflags ,MOV,4,TEST,6,JS,6,TEST,2,JNLE,6,MOV,3,TEST,2,JS,6,MOV,4,CMP,3,0,1,1,0,0,JE,0,0,1,0,0,0,JS,0,0,4334168,4334191,4334180,0,0,0,0,fortran,4.0593872660756495e-12,0.0,0,0,0
0x422252,JS,2,0,894,6,0x422250,TEST,1,NonLeaf,eax(-1) eax(-1) ,rflags ,TEST,2,JNLE,6,JZ,6,CMP,3,JZ,6,TEST,6,MOV,4,JNZ,2,MOV,3,TEST,2,0,0,0,0,0,CALL,0,1,0,1,0,0,JNE,0,0,4334160,4335056,4334168,0,0,1,1,fortran,4.0593872660756495e-12,0.0,0,0,0
0x42224a,JNLE,2,0,246,6,0x422241,CMP,0,NonLeaf,eax(-1) ,rflags ,JZ,6,CMP,3,JZ,6,CMP,3,CALL_NEAR,5,TEST,2,JS,6,TEST,6,MOV,4,JNZ,2,0,1,0,0,0,JNE,0,0,1,0,0,0,JS,0,0,4334154,4334400,4334160,0,0,0,0,fortran,4.0593872660756495e-12,0.0,0,0,0
0x422244,JZ,2,0,924,6,0x422241,CMP,1,NonLeaf,eax(-1) ,rflags ,CMP,3,JZ,6,CMP,3,CALL_NEAR,5,MOV,4,JNLE,6,TEST,2,JS,6,TEST,6,MOV,4,0,1,0,0,0,JMP,0,0,1,0,0,0,JG,0,0,4334145,4335072,4334154,0,0,0,0,fortran,4.0593872660756495e-12,0.0,0,0,0
0x42223b,JZ,2,2,853,6,0x422238,CMP,1,NonLeaf,eax(-1) ,rflags ,CMP,3,CALL_NEAR,5,MOV,4,MOV,3,JNZ,6,CMP,3,JZ,6,JNLE,6,TEST,2,JS,6,0,1,0,0,0,JE,0,0,1,1,0,0,JE,0,0,4334136,4334992,4334145,0,0,0,0,fortran,4.0593872660756495e-12,1.0,1,0,1
0x422226,JNZ,2,0,386,6,0x422217,TEST,1,NonLeaf,ebp(-1) ,rflags ,MOV,5,MOV,4,TEST,6,JNZ,6,MOV,5,MOV,3,MOV,4,CALL_NEAR,5,CMP,3,JZ,6,0,1,0,0,0,CALL,0,1,1,1,0,0,CALL,0,1,4334103,4334504,4334124,0,0,1,1,fortran,4.0593872660756495e-12,0.0,0,0,0
0x422211,JNZ,2,0,447,6,0x422202,TEST,1,NonLeaf,ebp(-1) ,rflags ,MOV,5,MOV,4,TEST,6,JNZ,6,MOV,5,TEST,6,MOV,4,MOV,5,JNZ,6,MOV,3,0,1,0,0,0,CALL,0,1,1,1,0,0,JNE,0,0,4334082,4334544,4334103,0,0,1,1,fortran,4.0593872660756495e-12,0.0,0,0,0
0x4221fc,JNZ,2,0,500,6,0x4221ed,TEST,1,NonLeaf,ebp(-1) ,rflags ,MOV,5,MOV,4,TEST,6,JNZ,6,MOV,5,TEST,6,MOV,4,MOV,5,JNZ,6,TEST,6,0,1,0,0,0,CALL,0,1,1,1,0,0,JNE,0,0,4334061,4334576,4334082,0,0,1,1,fortran,4.0593872660756495e-12,0.0,0,0,0
0x4221e7,JNZ,2,0,553,6,0x4221d8,TEST,1,NonLeaf,ebp(-1) ,rflags ,MOV,5,MOV,4,TEST,6,JNZ,6,MOV,5,TEST,6,MOV,4,MOV,5,JNZ,6,TEST,6,0,1,0,0,0,CALL,0,1,1,1,0,0,JNE,0,0,4334040,4334608,4334061,0,0,1,1,fortran,4.0593872660756495e-12,0.0,0,0,0
0x4221d2,JNZ,2,0,614,6,0x4221c3,TEST,1,NonLeaf,ebp(-1) ,rflags ,MOV,5,MOV,4,TEST,6,JNZ,6,MOV,5,TEST,6,MOV,4,MOV,5,JNZ,6,TEST,6,0,1,0,0,0,CALL,0,1,1,1,0,0,JNE,0,0,4334019,4334648,4334040,0,0,1,1,fortran,4.0593872660756495e-12,0.0,0,0,0
0x4221bd,JNZ,2,0,675,6,0x4221ae,TEST,1,NonLeaf,ebp(-1) ,rflags ,MOV,5,MOV,4,TEST,6,JNZ,6,MOV,5,TEST,6,MOV,4,MOV,5,JNZ,6,TEST,6,0,1,0,0,0,CALL,0,1,1,1,0,0,JNE,0,0,4333998,4334688,4334019,0,0,1,1,fortran,4.0593872660756495e-12,0.0,0,0,0
0x4221a8,JNZ,2,0,736,6,0x422199,TEST,1,NonLeaf,ebp(-1) ,rflags ,MOV,5,MOV,4,TEST,6,JNZ,6,MOV,5,TEST,6,MOV,4,MOV,5,JNZ,6,TEST,6,0,1,0,0,0,CALL,0,1,1,1,0,0,JNE,0,0,4333977,4334728,4333998,0,0,1,1,fortran,4.0593872660756495e-12,0.0,0,0,0
0x422193,JNZ,2,0,797,6,0x422184,TEST,1,NonLeaf,ebp(-1) ,rflags ,MOV,5,MOV,4,TEST,6,JNZ,6,MOV,5,TEST,6,MOV,4,MOV,5,JNZ,6,TEST,6,0,1,0,0,0,CALL,0,1,1,1,0,0,JNE,0,0,4333956,4334768,4333977,0,0,1,1,fortran,4.0593872660756495e-12,0.0,0,0,0
0x42217e,JNZ,2,0,858,6,0x42216f,TEST,1,NonLeaf,ebp(-1) ,rflags ,MOV,5,MOV,4,TEST,6,JNZ,6,MOV,5,TEST,6,MOV,4,MOV,5,JNZ,6,TEST,6,0,1,0,0,0,CALL,0,1,1,1,0,0,JNE,0,0,4333935,4334808,4333956,0,0,1,1,fortran,4.0593872660756495e-12,0.0,0,0,0
0x422169,JNZ,2,0,919,6,0x42215a,TEST,1,NonLeaf,ebp(-1) ,rflags ,MOV,5,MOV,4,TEST,6,JNZ,6,MOV,5,TEST,6,MOV,4,MOV,5,JNZ,6,TEST,6,0,1,0,0,0,CALL,0,1,1,1,0,0,JNE,0,0,4333914,4334848,4333935,0,0,1,1,fortran,4.0593872660756495e-12,0.0,0,0,0
0x422154,JNZ,2,0,980,6,0x422145,TEST,1,NonLeaf,ebp(-1) ,rflags ,MOV,5,MOV,4,TEST,6,JNZ,6,MOV,5,TEST,6,MOV,4,MOV,5,JNZ,6,TEST,6,0,1,0,0,0,CALL,0,1,1,1,0,0,JNE,0,0,4333893,4334888,4333914,0,0,1,1,fortran,4.0593872660756495e-12,0.0,0,0,0
0x42213f,JNZ,2,0,1041,6,0x422131,TEST,1,NonLeaf,ebp(-1) ,rflags ,MOV,5,MOV,3,TEST,6,JNZ,6,MOV,5,TEST,6,MOV,4,MOV,5,JNZ,6,TEST,6,0,1,0,0,0,CALL,0,1,1,1,0,0,JNE,0,0,4333873,4334928,4333893,0,0,1,1,fortran,4.0593872660756495e-12,0.0,0,0,0
0x42212b,JNZ,2,0,1093,6,0x422120,TEST,1,NonLeaf,ebp(-1) ,rflags ,MOV,5,TEST,6,CALL_NEAR,5,XOR,2,MOV,5,TEST,6,MOV,3,MOV,5,JNZ,6,TEST,6,0,1,0,0,0,CALL,0,1,1,1,0,0,JNE,0,0,4333856,4334960,4333873,0,0,1,1,fortran,4.0593872660756495e-12,0.0,0,0,0
0x421dc3,JNZ,2,2,-496,6,0x421dbf,CMP,1,NonLeaf,rbx(-1) ,rflags ,CMP,4,CALL_NEAR,5,LEA,5,LEA,5,NOP,1,MOV,4,TEST,3,JZ,6,CALL_NEAR,5,JMP,5,0,0,1,0,0,JNE,0,0,0,0,0,0,JE,0,0,4332991,4332499,4333001,0,0,0,0,fortran,4.0593872660756495e-12,1.0,1,0,1
0x421d4c,JNZ,2,0,929,6,0x421d43,XOR,1,NonLeaf,rcx(XOR) fs(-1) ,rcx rflags ,XOR,9,MOV,4,MOV,3,MOV,12,NOP,5,LEA,4,POP,1,POP,2,POP,2,POP,2,0,1,0,0,0,CALL,0,1,1,0,0,0,RET,0,0,4332863,4333805,4332882,0,0,1,0,fortran,4.0593872660756495e-12,0.0,0,0,0
0x421d19,JZ,2,2,415,6,0x421d16,TEST,1,NonLeaf,rax(-1) rax(-1) ,rflags ,TEST,3,JZ,6,CMP,4,JZ,6,CMP,4,MOV,5,XOR,2,CALL_NEAR,5,NOP,5,MOV,12,0,0,0,0,0,JMP,0,0,1,0,0,0,CALL,0,1,4332822,4333240,4332831,0,0,1,1,fortran,4.0593872660756495e-12,1.0,1,0,1
0x421d10,JZ,2,0,448,6,0x421d0c,CMP,1,NonLeaf,rax(-1) ,rflags ,CMP,4,JZ,6,CMP,4,MOV,7,JNZ,2,TEST,3,JZ,6,MOV,5,XOR,2,CALL_NEAR,5,0,1,0,0,0,JMP,0,0,1,0,0,0,JE,0,0,4332812,4333264,4332822,0,0,1,0,fortran,4.0593872660756495e-12,0.0,0,0,0
0x421d06,JZ,2,0,434,6,0x421d02,CMP,1,NonLeaf,rax(MOV) ,rflags ,CMP,4,MOV,7,JNZ,2,TEST,2,MOV,8,CMP,4,JZ,6,TEST,3,JZ,6,MOV,5,0,1,0,0,0,JMP,0,0,1,0,0,0,JE,0,0,4332795,4333240,4332812,0,0,1,0,fortran,4.0593872660756495e-12,0.0,0,0,0
0x421cf9,JNZ,2,0,111,2,0x421cf7,TEST,1,NonLeaf,eax(MOVSXD) eax(MOVSXD) ,rflags ,TEST,2,MOV,8,MOV,9,MOV,7,MOVSXD,7,MOV,7,CMP,4,JZ,6,CMP,4,JZ,6,0,1,0,0,0,JNE,0,0,1,0,0,0,JE,0,0,4332760,4332904,4332795,1,0,1,0,fortran,4.0593872660756495e-12,0.0,0,0,0
0x421c78,JNZ,2,0,-758,6,0x421c6d,CMP,1,NonLeaf,rbx(-1) ,rflags ,MOV,7,CMP,4,JNZ,6,MOV,7,CMP,4,MOV,7,JMP,5,NOP,6,MOV,7,JMP,5,0,0,0,0,0,JE,0,0,0,0,0,0,JMP,0,0,4332653,4331906,4332670,0,0,0,1,fortran,4.0593872660756495e-12,0.0,0,0,0
0x421c67,JNZ,2,0,-761,6,0x421c5c,CMP,1,NonLeaf,rbx(-1) ,rflags ,MOV,7,CMP,4,JNZ,6,MOV,7,CMP,4,CMP,4,MOV,7,JNZ,6,MOV,7,JMP,5,0,0,0,0,0,JE,0,0,0,0,0,0,JNE,0,0,4332636,4331886,4332653,0,0,0,1,fortran,4.0593872660756495e-12,0.0,0,0,0
0x421c56,JNZ,2,0,-764,6,0x421c4b,CMP,1,NonLeaf,rbx(-1) ,rflags ,MOV,7,CMP,4,JNZ,6,MOV,7,CMP,4,CMP,4,MOV,7,JNZ,6,CMP,4,MOV,7,0,0,0,0,0,JE,0,0,0,0,0,0,JNE,0,0,4332619,4331866,4332636,0,0,0,1,fortran,4.0593872660756495e-12,0.0,0,0,0
0x421c45,JNZ,2,0,-767,6,0x421c3a,CMP,1,NonLeaf,rbx(-1) ,rflags ,MOV,7,CMP,4,JNZ,6,MOV,7,CMP,4,CMP,4,MOV,7,JNZ,6,CMP,4,MOV,7,0,0,0,0,0,JE,0,0,0,0,0,0,JNE,0,0,4332602,4331846,4332619,0,0,0,1,fortran,4.0593872660756495e-12,0.0,0,0,0
0x421c34,JNZ,2,0,-770,6,0x421c29,CMP,1,NonLeaf,rbx(-1) ,rflags ,MOV,7,CMP,4,JNZ,6,MOV,7,CMP,4,CMP,4,MOV,7,JNZ,6,CMP,4,MOV,7,0,0,0,0,0,JE,0,0,0,0,0,0,JNE,0,0,4332585,4331826,4332602,0,0,0,1,fortran,4.0593872660756495e-12,0.0,0,0,0
0x421c23,JNZ,2,0,-773,6,0x421c18,CMP,1,NonLeaf,rbx(-1) ,rflags ,MOV,7,CMP,4,NOP,4,JMP,5,MOV,7,CMP,4,MOV,7,JNZ,6,CMP,4,MOV,7,0,0,0,0,0,JE,0,0,0,0,0,0,JNE,0,0,4332568,4331806,4332585,0,0,0,1,fortran,4.0593872660756495e-12,0.0,0,0,0
0x421be3,JZ,2,2,445,6,0x421bde,TEST,1,NonLeaf,r13(-1) ,rflags ,TEST,5,JNZ,6,TEST,2,MOV,3,JZ,6,MOV,8,MOV,3,CALL_NEAR,5,MOV,3,JMP,5,0,1,0,0,0,CALL,0,1,1,0,0,0,CALL,0,1,4332510,4332960,4332521,0,0,1,1,fortran,4.0593872660756495e-12,1.0,1,0,1
0x421bd8,JNZ,2,0,344,6,0x421bd6,TEST,1,NonLeaf,eax(MOV) eax(MOV) ,rflags ,TEST,2,MOV,3,JZ,6,CMP,4,JZ,6,TEST,5,JZ,6,MOV,8,MOV,3,CALL_NEAR,5,0,0,0,0,0,MOV,0,0,1,0,0,0,JE,0,0,4332499,4332848,4332510,0,0,1,0,fortran,4.0593872660756495e-12,0.0,0,0,0
0x421bc3,JZ,2,2,493,6,0x421bb9,TEST,1,NonLeaf,edx(MOV) edx(MOV) ,rflags ,MOV,8,TEST,2,MOV,4,MOV,5,CALL_NEAR,5,CMP,4,JZ,6,MOV,3,TEST,2,JNZ,6,0,1,0,0,0,CALL,0,1,1,0,0,0,JE,0,0,4332464,4332976,4332489,0,0,1,0,fortran,4.0593872660756495e-12,1.0,1,0,1
0x421b95,JZ,2,0,731,6,0x421b92,CMP,1,NonLeaf,eax(-1) ,rflags ,CMP,3,JZ,6,CMP,3,MOV,2,MOV,8,MOVSXD,4,MOV,4,MOV,8,CALL_NEAR,5,MOV,5,0,1,0,0,0,CALL,0,1,0,1,0,0,CALL,0,1,4332434,4333168,4332443,0,0,1,1,fortran,4.0593872660756495e-12,0.0,0,0,0
0x421b8c,JZ,2,0,495,6,0x421b89,CMP,1,NonLeaf,eax(MOV) ,rflags ,CMP,3,MOV,2,MOV,8,MOV,8,MOV,8,CMP,3,JZ,6,MOVSXD,4,MOV,4,MOV,8,0,0,0,0,0,JMP,0,0,0,0,0,0,JE,0,0,4332423,4332923,4332434,0,0,1,0,fortran,4.0593872660756495e-12,0.0,0,0,0
0x421b5c,JZ,2,2,380,6,0x421b57,TEST,1,NonLeaf,r13(-1) ,rflags ,TEST,5,JZ,6,MOV,9,MOV,12,MOV,12,MOVSXD,4,MOV,9,MOV,8,MOV,8,MOV,8,0,1,0,0,0,JNE,0,0,1,0,0,0,MOV,0,0,4332375,4332760,4332386,0,0,1,1,fortran,4.0593872660756495e-12,1.0,1,0,1
0x421b51,JZ,2,0,751,6,0x421adc,CMP,1,NonLeaf,rbx(-1) ,rflags ,MOV,9,MOV,12,MOV,12,MOV,9,MOV,5,TEST,5,JZ,6,MOVSXD,4,MOV,9,MOV,8,0,1,0,0,0,CALL,0,1,1,1,0,0,JE,0,0,4332208,4333120,4332375,0,0,1,0,fortran,4.0593872660756495e-12,0.0,0,0,0
0x421aaa,JNZ,2,0,1608,6,0x421aa6,CMP,1,NonLeaf,r12(-1) eax(MOV) ,rflags ,CMP,4,MOV,4,MOV,8,CALL_NEAR,5,MOVSXD,4,MOV,3,MOV,5,MOV,5,MOV,4,MOV,5,0,1,0,0,0,CALL,0,1,1,0,0,0,JE,0,0,4332186,4333810,4332208,0,0,1,1,fortran,4.0593872660756495e-12,0.0,0,0,0
0x421a8b,JZ,2,0,381,6,0x421a88,CMP,1,NonLeaf,eax(-1) ,rflags ,CMP,3,JZ,6,CMP,3,MOV,3,JZ,6,MOVSXD,4,CALL_NEAR,5,MOV,8,MOV,4,CMP,4,0,0,0,0,0,JMP,0,0,0,1,0,0,CALL,0,1,4332168,4332552,4332177,0,0,1,1,fortran,4.0593872660756495e-12,0.0,0,0,0
0x421a82,JZ,2,0,390,6,0x421a7f,CMP,1,NonLeaf,eax(MOV) ,rflags ,CMP,3,MOV,3,JZ,6,MOV,3,TEST,3,CMP,3,JZ,6,MOVSXD,4,CALL_NEAR,5,MOV,8,0,1,0,0,0,JMP,0,0,1,0,0,0,JE,0,0,4332156,4332552,4332168,0,0,1,0,fortran,4.0593872660756495e-12,0.0,0,0,0
0x421a76,JZ,2,0,1434,6,0x421a70,TEST,1,NonLeaf,rax(-1) rax(-1) ,rflags ,MOV,3,TEST,3,CALL_NEAR,5,MOV,3,MOV,3,MOV,3,CMP,3,JZ,6,CMP,3,JZ,6,0,1,0,0,0,CALL,0,1,1,0,0,0,JE,0,0,4332144,4333584,4332156,0,0,1,0,fortran,4.0593872660756495e-12,0.0,0,0,0
0x421a2c,JZ,2,2,57,2,0x421a26,TEST,1,NonLeaf,rax(-1) rax(-1) ,rflags ,MOV,3,TEST,3,CALL_NEAR,5,MOV,4,MOV,4,MOV,6,TEST,2,JS,2,CMP,2,JZ,2,0,0,0,0,0,CALL,0,1,1,0,0,0,JS,0,0,4332070,4332133,4332078,0,0,1,0,fortran,4.0593872660756495e-12,1.0,1,0,1
0x421a13,JZ,2,0,973,6,0x421a10,TEST,1,NonLeaf,ah(-1) ,rflags ,TEST,3,NOP,3,JMP,2,JZ,2,TEST,3,MOV,4,MOV,4,CALL_NEAR,5,TEST,3,MOV,3,0,1,0,0,0,CALL,0,1,0,0,0,0,CALL,0,1,4332048,4333024,4332057,0,0,1,1,fortran,4.0593872660756495e-12,0.0,0,0,0
0x4219f3,JNZ,2,2,-59,2,0x4219f0,CMP,1,NonLeaf,edx(MOV) ,rflags ,CMP,3,MOV,3,JNZ,2,TEST,2,MOV,4,TEST,3,JNZ,6,MOV,8,TEST,3,JZ,2,0,0,0,0,0,JB,0,0,0,0,0,0,JNE,0,0,4332013,4331960,4332021,0,0,0,0,fortran,4.0593872660756495e-12,1.0,1,0,1
0x4219eb,JNZ,2,0,-71,2,0x4219e9,TEST,1,NonLeaf,al(MOV) ,rflags ,TEST,2,MOV,4,MOV,7,JNZ,2,CMP,3,MOV,3,CMP,3,JNZ,2,TEST,3,JNZ,6,0,0,0,0,0,JLE,0,0,1,0,0,0,JNE,0,0,4332005,4331940,4332013,0,0,0,0,fortran,4.0593872660756495e-12,0.0,0,0,0
0x4219b8,JB,2,2,88,2,0x4219b3,CMP,0,NonLeaf,edx(-1) ,rflags ,JZ,2,CMP,3,MOV,3,JLE,6,TEST,2,CMP,3,JZ,2,MOV,5,MOV,3,CALL_NEAR,5,0,1,0,0,0,JE,0,0,1,0,0,0,JE,0,0,4331960,4332048,4331962,0,0,0,0,fortran,4.0593872660756495e-12,1.0,1,0,1
0x421996,JNZ,2,2,79,2,0x421993,CMP,1,NonLeaf,rbx(-1) ,rflags ,CMP,3,JNZ,2,TEST,2,MOV,3,JZ,6,MOV,4,TEST,2,JZ,6,MOV,4,TEST,2,0,0,0,0,0,JNE,0,0,1,0,0,0,JE,0,0,4331923,4332005,4331928,0,0,0,0,fortran,4.0593872660756495e-12,1.0,1,0,1
0x421991,JNZ,2,0,63,2,0x42198f,TEST,1,NonLeaf,eax(MOV) eax(MOV) ,rflags ,TEST,2,MOV,3,JZ,6,CMP,4,JZ,6,CMP,3,JNZ,2,MOV,4,TEST,2,JZ,6,0,1,0,0,0,JE,0,0,1,0,0,0,JNE,0,0,4331916,4331984,4331923,0,0,0,0,fortran,4.0593872660756495e-12,0.0,0,0,0
0x421904,JZ,2,2,788,6,0x421900,CMP,1,NonLeaf,rbx(-1) ,rflags ,CMP,4,JZ,6,CMP,4,JZ,6,CMP,4,CMP,4,JZ,6,CMP,4,JZ,6,CMP,4,0,1,0,0,0,JNE,0,0,1,0,0,0,JE,0,0,4331776,4332568,4331786,0,0,1,0,fortran,4.0593872660756495e-12,1.0,1,0,1
0x4218fa,JZ,2,2,918,6,0x4218f6,CMP,1,NonLeaf,rbx(-1) ,rflags ,CMP,4,JZ,6,CMP,4,JZ,6,CMP,4,CMP,4,JZ,6,CMP,4,JZ,6,CMP,4,0,1,0,0,0,JMP,0,0,1,1,0,0,JE,0,0,4331766,4332688,4331776,0,0,1,0,fortran,4.0593872660756495e-12,1.0,1,0,1
0x4218f0,JZ,2,2,944,6,0x4218ec,CMP,1,NonLeaf,rbx(-1) ,rflags ,CMP,4,JZ,6,CMP,4,JZ,6,CMP,3,CMP,4,JZ,6,CMP,4,JZ,6,CMP,4,0,1,0,0,0,JMP,0,0,1,1,0,0,JE,0,0,4331756,4332704,4331766,0,0,1,0,fortran,4.0593872660756495e-12,1.0,1,0,1
0x4218e6,JZ,2,2,970,6,0x4218e2,CMP,1,NonLeaf,rbx(-1) ,rflags ,CMP,4,JZ,6,CMP,3,XOR,2,MOV,4,CMP,4,JZ,6,CMP,4,JZ,6,CMP,4,0,1,0,0,0,JMP,0,0,1,1,0,0,JE,0,0,4331746,4332720,4331756,0,0,1,0,fortran,4.0593872660756495e-12,1.0,1,0,1
0x4218dc,JZ,2,2,1004,6,0x4218d9,CMP,1,NonLeaf,rdx(-1) ,rflags ,CMP,3,XOR,2,MOV,4,MOV,9,SUB,4,CMP,4,JZ,6,CMP,4,JZ,6,CMP,4,0,1,0,0,0,JMP,0,0,1,1,0,0,JE,0,0,4331696,4332744,4331746,0,0,1,0,fortran,4.0593872660756495e-12,1.0,1,0,1
0x4215bc,JZ,1,0,-33,2,0x4215b9,CMP,1,NonLeaf,rbp(-1) rax(-1) ,rflags ,CMP,3,CALL_NEAR,3,MOV,3,MOV,3,NOP,8,POP,1,POP,1,POP,2,RET_NEAR,1,INVALID,0,0,0,0,0,0,RET,0,0,1,0,0,0,RET,0,0,4330937,4330907,4330942,0,0,1,0,fortran,2.029693633037825e-12,0.0,0,0,0
0x421599,JNZ,2,1,23,2,0x421593,TEST,1,NonLeaf,rax(-1) rax(-1) ,rflags ,MOV,3,TEST,3,CALL_NEAR,3,MOV,3,MOV,3,POP,1,POP,1,MOV,8,POP,2,RET_NEAR,1,0,1,0,0,0,CALL,0,1,1,0,0,0,RET,0,0,4330899,4330928,4330907,0,0,1,1,fortran,4.0593872660756495e-12,0.5,0,0,0
0x421521,JNZ,295,0,23,2,0x42151e,TEST,1,NonLeaf,rbx(MOV) rbx(MOV) ,rflags ,TEST,3,MOV,7,PUSH,1,PUSH,1,MOV,3,JMP,2,NOP,3,MOV,3,CALL_NEAR,5,TEST,3,0,1,0,1,0,CALL,0,1,1,0,0,0,JMP,0,0,4330768,4330808,4330787,0,0,1,0,fortran,5.987596217461584e-10,0.0,0,0,0
0x421504,JNZ,298,0,7,2,0x421502,TEST,1,Leaf,al(MOV) ,rflags ,TEST,2,MOV,2,INVALID,0,INVALID,0,INVALID,0,AND,3,MOV,2,RET_NEAR,2,INVALID,0,INVALID,0,0,1,1,0,0,REPZ RET,0,0,1,0,0,0,MOV,0,0,4330752,4330763,4330758,0,1,0,1,fortran,6.048487026452717e-10,0.0,0,0,0
0x4214a0,JZ,1,0,48,2,0x42149e,TEST,1,NonLeaf,ebp(-1) ebp(-1) ,rflags ,TEST,2,JZ,2,CMP,4,JZ,2,MOV,3,POP,1,POP,1,MOV,3,POP,2,JMP,5,0,1,0,0,0,CALL,0,1,0,1,0,0,JMP,0,0,4330654,4330704,4330658,0,0,1,0,fortran,2.029693633037825e-12,0.0,0,0,0
0x42149c,JZ,1,0,68,2,0x421498,CMP,1,NonLeaf,rax(-1) ,rflags ,CMP,4,JZ,2,MOV,3,TEST,3,CALL_NEAR,5,TEST,2,JZ,2,POP,1,POP,1,MOV,3,0,1,0,0,0,JNE,0,0,1,0,0,0,JE,0,0,4330648,4330720,4330654,0,0,0,0,fortran,2.029693633037825e-12,0.0,0,0,0
0x421496,JZ,1,0,-25,2,0x421490,TEST,1,NonLeaf,rax(-1) rax(-1) ,rflags ,MOV,3,TEST,3,CALL_NEAR,5,MOV,3,NOP,6,CMP,4,JZ,2,TEST,2,JZ,2,POP,1,0,0,0,0,0,RET,0,0,1,0,0,0,JE,0,0,4330640,4330621,4330648,0,0,0,0,fortran,2.029693633037825e-12,0.0,0,0,0
0x42147b,JZ,1,1,13,2,0x421478,AND,1,NonLeaf,edx(AND) ,edx rflags ,AND,3,JNZ,2,TEST,3,MOV,2,CALL_NEAR,5,POP,1,POP,1,POP,2,RET_NEAR,1,NOP,6,0,1,0,0,0,CALL,0,1,1,0,0,0,RET,0,0,4330616,4330632,4330621,0,0,1,0,fortran,2.029693633037825e-12,1.0,1,0,1
0x421476,JNZ,1,0,58,2,0x421473,TEST,1,NonLeaf,dl(MOV) ,rflags ,TEST,3,MOV,2,CALL_NEAR,5,MOV,3,PUSH,1,AND,3,JZ,2,POP,1,POP,1,POP,2,0,1,0,0,0,CALL,0,1,1,1,0,0,JE,0,0,4330609,4330672,4330616,0,1,1,0,fortran,2.029693633037825e-12,0.0,0,0,0
0x4210c8,JNZ,1451374,0,-552,6,0x4210c0,TEST,1,NonLeaf,r9(-1) r9(-1) ,rflags ,MOV,5,TEST,3,JNZ,2,CMP,6,JZ,2,JMP,5,NOP,5,CMP,6,JZ,6,LEA,8,0,0,0,1,1,JNE,0,0,1,0,0,0,JMP,1,0,4329664,4329120,4329678,1,0,1,0,fortran,2.94584456695664e-06,0.0,0,1,0
0x4210be,JNZ,1451374,0,26,2,0x4210b8,CMP,1,NonLeaf,rsp(-1) ,rflags ,CMP,6,JZ,2,CMP,6,NOP,8,JMP,5,TEST,3,MOV,5,JNZ,6,JMP,5,NOP,5,0,1,0,0,0,JE,0,0,0,0,0,0,JNE,0,0,4329656,4329688,4329664,0,0,0,0,fortran,2.94584456695664e-06,0.0,0,0,0
0x4210b6,JZ,1451374,0,10,2,0x4210b0,CMP,1,NonLeaf,rsp(-1) ,rflags ,CMP,6,NOP,8,JMP,5,XOR,3,NOP,3,CMP,6,JNZ,2,TEST,3,MOV,5,JNZ,6,0,1,0,0,0,JNE,0,0,1,0,0,0,JNE,0,0,4329648,4329664,4329656,0,0,0,0,fortran,2.94584456695664e-06,0.0,0,0,0
0x421016,JZ,1451374,1451374,-631,6,0x421014,TEST,1,NonLeaf,dl(-1) dl(-1) ,rflags ,TEST,2,JMP,5,MOV,7,MOV,8,NOP,1,TEST,3,JZ,6,SHL,4,SHL,4,TEST,3,0,0,0,0,0,JNE,0,0,1,0,0,0,JE,0,0,4329492,4328863,4329500,0,0,1,0,fortran,2.94584456695664e-06,1.0,1,0,1
0x420ff4,JNZ,11610992,11610992,-340,6,0x420ff1,TEST,1,NonLeaf,r9(-1) r9(-1) ,rflags ,TEST,3,JZ,2,LEA,4,MOV,5,CMP,3,JMP,5,NOP,1,MOV,8,MOV,7,JMP,5,0,0,0,1,1,JNE,0,0,1,0,0,0,JMP,1,0,4329457,4329120,4329466,1,0,1,0,fortran,2.356675653565312e-05,1.0,1,1,1
0x420fef,JZ,4354122,1451374,-71,2,0x420fe3,CMP,1,NonLeaf,rsi(MOV) rcx(LEA) ,rflags ,LEA,4,MOV,5,CMP,3,MOV,5,LEA,4,TEST,3,JNZ,6,JMP,5,NOP,1,MOV,8,1,1,0,0,0,JE,0,0,0,0,0,0,JNE,1,0,4329424,4329384,4329457,1,0,1,0,fortran,8.837533700869921e-06,0.3333333333333333,0,1,0
0x420fc7,JZ,1451374,1451374,233,6,0x420fc4,CMP,1,NonLeaf,rax(ADD) r11(-1) ,rflags ,CMP,3,SUB,3,SHL,4,ADD,4,LEA,4,MOV,3,MOV,5,MOV,5,LEA,4,MOV,5,0,0,0,0,0,JE,1,0,1,0,0,0,MOV,0,0,4329384,4329648,4329421,0,0,0,0,fortran,2.94584456695664e-06,1.0,1,0,1
0x420f7f,JZ,4354122,0,305,6,0x420f7b,CMP,1,NonLeaf,r11(-1) ,rflags ,CMP,4,SUB,3,SHL,4,MOV,12,IMUL,9,XOR,2,LEA,8,LEA,8,LEA,8,JMP,2,0,1,0,0,0,JE,0,0,1,0,0,0,JMP,0,0,4329311,4329648,4329349,0,0,0,0,fortran,8.837533700869921e-06,0.0,0,0,0
0x420f59,JNZ,13062366,8708244,152,6,0x420f51,CMP,1,NonLeaf,r12(-1) rsp(-1) ,rflags ,CMP,8,JZ,2,LEA,4,MOV,5,CMP,3,IMUL,9,MOV,12,SHL,4,SUB,3,CMP,4,0,1,0,0,0,JNE,0,0,1,0,0,0,JE,0,0,4329297,4329457,4329311,0,1,0,1,fortran,2.651260110260976e-05,0.6666666666666666,1,0,1
0x420ee7,JZ,1451374,1451374,441,6,0x420eda,CMP,1,NonLeaf,rbx(-1) ,rflags ,MOV,9,CMP,4,SUB,5,JNZ,2,MOV,5,XOR,2,LEA,5,LEA,8,LEA,5,JMP,2,0,1,0,0,0,JMP,0,0,1,0,0,0,JMP,0,0,4329173,4329632,4329197,0,0,0,0,fortran,2.94584456695664e-06,1.0,1,0,1
0x420ed3,JNZ,13062366,11610992,126,2,0x420ec2,CMP,1,NonLeaf,rax(ADD) rsp(-1) ,rflags ,MOV,5,MOV,8,CMP,4,ADD,4,LEA,4,SUB,5,CMP,4,MOV,9,JZ,6,XOR,2,1,1,1,0,0,JNE,0,0,1,0,0,0,JE,0,0,4329120,4329297,4329173,0,0,0,1,fortran,2.651260110260976e-05,0.8888888888888888,1,0,1
0x420e60,JZ,1451374,0,-472,6,0x420e5d,TEST,1,NonLeaf,r9(-1) r9(-1) ,rflags ,TEST,3,MOV,5,MOV,5,MOV,5,JNZ,2,LEA,8,MOV,5,MOV,5,MOV,5,MOV,3,0,0,1,0,0,JNE,1,0,1,0,0,0,NOP,0,0,4329053,4328584,4329062,0,0,0,1,fortran,2.94584456695664e-06,0.0,0,0,0
0x420dce,JZ,1451374,1451374,143,6,0x420dcc,TEST,1,NonLeaf,edx(MOV) edx(MOV) ,rflags ,TEST,2,MOV,3,JNZ,6,MOV,8,MOV,5,CMP,6,JZ,6,MOV,5,MOV,8,XOR,2,0,1,1,0,0,JE,0,0,1,0,0,0,JE,0,0,4328905,4329053,4328916,0,0,0,0,fortran,2.94584456695664e-06,1.0,1,0,1
0x420dc3,JNZ,1451374,0,1187,6,0x420da7,TEST,1,NonLeaf,rsp(-1) dl(MOVZX) ,rflags ,MOV,8,MOV,5,MOV,8,MOV,4,TEST,3,MOV,3,TEST,2,JZ,6,CMP,6,JZ,6,0,0,0,0,0,CALL,0,1,1,0,0,0,JE,1,0,4328863,4330086,4328905,1,0,1,0,fortran,2.94584456695664e-06,0.0,0,1,0
0x420d99,JNZ,1451374,1451374,635,6,0x420d94,CMP,1,NonLeaf,rsp(-1) ,rflags ,CMP,5,SETNZ,3,TEST,3,MOV,5,JNZ,2,MOVZX,5,MOV,3,TEST,3,MOV,4,MOV,8,0,1,0,0,0,JE,0,0,1,0,0,0,JNE,0,0,4328852,4329492,4328863,0,0,0,1,fortran,2.94584456695664e-06,1.0,1,0,1
0x420d87,JNZ,1451374,1451374,-63,2,0x420d84,CMP,1,NonLeaf,rdx(ADD) rax(-1) ,rflags ,CMP,3,ADD,4,ADD,4,IMUL,5,JNZ,2,MOV,5,TEST,3,SETNZ,3,CMP,5,JNZ,6,0,0,0,1,1,JLE,0,0,0,1,0,0,SETNE,1,0,4328823,4328776,4328841,0,0,1,0,fortran,2.94584456695664e-06,1.0,1,1,1
0x420d75,JNZ,2902748,1451374,-61,2,0x420d72,CMP,1,NonLeaf,r14(-1) r8(-1) ,rflags ,CMP,3,MOV,4,JLE,6,TEST,3,MOV,5,IMUL,5,ADD,4,ADD,4,CMP,3,JNZ,2,0,1,0,0,0,JE,0,0,1,0,0,0,JNE,0,0,4328818,4328760,4328823,0,1,0,0,fortran,5.89168913391328e-06,0.5,0,0,0
0x420d68,JLE,2902748,0,664,6,0x420d65,TEST,1,NonLeaf,rdi(SUB) rdi(SUB) ,rflags ,TEST,3,MOV,5,SUB,4,ADD,4,MOV,8,MOV,4,CMP,3,JNZ,2,IMUL,5,ADD,4,1,1,0,0,0,JMP,0,0,1,0,0,0,MOV,0,0,4328776,4329472,4328814,0,0,1,1,fortran,5.89168913391328e-06,0.0,0,0,0
0x420d46,JZ,1451374,1451374,67,2,0x420d43,CMP,1,NonLeaf,rdx(ADD) rax(-1) ,rflags ,CMP,3,ADD,4,XOR,3,ADD,4,NOP,3,MOV,4,MOV,4,MOV,8,ADD,4,SUB,4,0,0,1,0,0,SETNE,1,0,0,0,1,1,JLE,0,0,4328760,4328841,4328776,0,0,0,1,fortran,2.94584456695664e-06,1.0,1,0,1
0x420cf0,JZ,1451374,0,1318,6,0x420cec,AND,1,NonLeaf,r11d(AND) ,r11d rflags ,AND,4,SETNZ,5,TEST,3,MOV,4,NOP,4,LEA,8,MOV,5,MOV,3,MOV,7,MOV,6,0,1,0,0,0,JMP,0,0,1,0,0,0,JMP,0,0,4328684,4330006,4328694,0,0,1,1,fortran,2.94584456695664e-06,0.0,0,0,0
0x420c99,JNZ,1451374,0,1925,6,0x420c90,XOR,1,NonLeaf,rax(XOR) fs(-1) ,rax rflags ,XOR,9,MOV,8,NOP,5,JNLE,2,TEST,3,ADD,7,POP,1,POP,1,POP,2,POP,2,0,0,0,0,0,CALL,0,1,1,0,0,0,RET,0,0,4328584,4330526,4328607,0,0,1,0,fortran,2.94584456695664e-06,0.0,0,0,0
0x420c81,JNLE,1451374,1451374,-114,2,0x420c7e,TEST,1,NonLeaf,rsi(-1) rsi(-1) ,rflags ,TEST,3,IMUL,4,JNZ,2,CMP,3,JNZ,6,NOP,5,MOV,8,XOR,9,JNZ,6,ADD,7,0,0,0,0,0,JE,0,0,1,0,0,0,NOP,1,0,4328570,4328463,4328579,0,0,0,0,fortran,2.94584456695664e-06,1.0,1,1,1
0x420c78,JNZ,1451374,0,-112,2,0x420c75,CMP,1,NonLeaf,rax(-1) r10(-1) ,rflags ,CMP,3,JNZ,6,CMP,8,MOV,3,MOV,4,IMUL,4,TEST,3,JNLE,2,NOP,5,MOV,8,0,1,0,0,0,JLE,0,0,1,0,0,0,JG,0,0,4328565,4328456,4328570,0,1,0,0,fortran,2.94584456695664e-06,0.0,0,0,0
0x420c6f,JNZ,1451374,0,1515,6,0x420c67,CMP,1,NonLeaf,rsi(MOV) rsp(-1) rdi(-1) ,rflags ,CMP,8,MOV,3,MOV,4,JS,2,MOV,5,CMP,3,JNZ,2,IMUL,4,TEST,3,JNLE,2,0,1,0,0,0,CALL,1,1,1,0,0,0,JNE,0,0,4328551,4330074,4328565,1,0,1,0,fortran,2.94584456695664e-06,0.0,0,0,0
0x420c5e,JS,1451374,0,114,2,0x420c55,SUB,1,NonLeaf,r11(SUB) rsi(LEA) ,r11 rflags ,MOV,5,SUB,4,ADD,4,MOV,4,MOV,4,MOV,4,MOV,3,CMP,8,JNZ,6,CMP,3,0,1,0,0,0,JMP,0,0,1,0,0,0,MOV,0,0,4328501,4328656,4328544,0,0,1,1,fortran,2.94584456695664e-06,0.0,0,0,0
0x420c24,JZ,1451374,1451374,17,2,0x420c1f,TEST,1,NonLeaf,r8(-1) r8(-1) ,rflags ,MOV,2,TEST,3,MOV,3,JZ,6,CMP,3,IMUL,5,MOV,3,MOV,4,SUB,3,MOVSXD,3,1,1,1,0,0,JS,0,0,1,0,0,0,SUB,0,0,4328479,4328501,4328486,0,0,1,0,fortran,2.94584456695664e-06,1.0,1,0,1
0x420c16,JZ,1451374,1451374,202,6,0x420c13,CMP,1,NonLeaf,rsi(LEA) rbx(-1) ,rflags ,CMP,3,LEA,4,JLE,2,TEST,3,XOR,2,MOV,3,TEST,3,MOV,2,JZ,2,IMUL,5,0,1,0,0,0,SETNE,1,0,1,0,0,0,MOV,0,0,4328463,4328672,4328476,0,0,1,0,fortran,2.94584456695664e-06,1.0,1,0,1
0x420be0,JLE,1451374,0,1613,6,0x420bdd,TEST,1,NonLeaf,rbx(-1) rbx(-1) ,rflags ,TEST,3,JNZ,6,TEST,3,MOV,7,MOV,5,XOR,2,XOR,2,MOV,5,LEA,5,LEA,8,0,1,0,0,0,MOV,0,0,1,0,0,0,JMP,0,0,4328413,4330029,4328422,0,0,0,0,fortran,2.94584456695664e-06,0.0,0,0,0
0x420bd7,JNZ,1451374,0,1684,6,0x420bd4,TEST,1,NonLeaf,r13d(MOV) r13d(MOV) ,rflags ,TEST,3,MOV,7,MOV,5,MOV,3,MOV,5,TEST,3,JLE,6,XOR,2,XOR,2,MOV,5,0,1,0,0,0,JLE,0,0,1,0,0,0,JLE,0,0,4328397,4330091,4328413,0,0,0,0,fortran,2.94584456695664e-06,0.0,0,0,0
0x420b26,JZ,1451374,1451374,1362,6,0x420b23,TEST,1,NonLeaf,rcx(-1) rcx(-1) ,rflags ,TEST,3,JNZ,6,TEST,3,JZ,6,CMP,5,MOV,4,AND,3,MOV,5,JZ,6,LEA,8,0,1,0,0,0,JMP,0,0,1,0,0,0,JE,0,0,4328227,4329592,4328236,0,0,1,1,fortran,2.94584456695664e-06,1.0,1,0,1
0x420b1d,JNZ,1451374,0,363,6,0x420b1a,TEST,1,NonLeaf,r12d(-1) r12d(-1) ,rflags ,TEST,3,JZ,6,CMP,5,JNZ,2,MOV,6,TEST,3,JZ,6,MOV,4,AND,3,MOV,5,0,0,0,0,0,JNE,1,0,0,0,0,0,JE,0,0,4328218,4328584,4328227,0,0,0,0,fortran,2.94584456695664e-06,0.0,0,0,0
0x420b14,JZ,1451374,0,1623,6,0x420b0f,CMP,1,NonLeaf,rbp(-1) ,rflags ,CMP,5,JNZ,2,MOV,6,CMP,3,ADD,4,TEST,3,JNZ,6,TEST,3,JZ,6,MOV,4,0,1,0,0,0,NOP,0,0,0,1,0,0,JNE,1,0,4328207,4329835,4328218,0,0,0,0,fortran,2.94584456695664e-06,0.0,0,1,0
0x420aef,JNLE,1451374,1451374,-31,2,0x420aec,TEST,1,NonLeaf,rdx(MOV) rdx(MOV) ,rflags ,TEST,3,MOV,4,IMUL,4,JZ,2,CMP,3,MOV,12,MOV,3,ADD,4,CMP,3,MOV,6,1,1,0,0,0,JE,0,0,1,0,0,0,JNE,0,0,4328164,4328144,4328177,1,0,1,1,fortran,2.94584456695664e-06,1.0,1,0,1
0x420ae2,JZ,1451374,1451374,45,2,0x420adf,CMP,1,NonLeaf,rax(ADD) rsi(-1) ,rflags ,CMP,3,ADD,4,MOV,3,MOV,8,NOP,10,IMUL,4,MOV,4,TEST,3,JNLE,2,MOV,12,0,0,1,0,0,JE,1,0,0,0,1,1,JG,0,0,4328144,4328207,4328164,0,0,0,0,fortran,2.94584456695664e-06,1.0,1,0,1
0x420aa9,JLE,1451374,0,2426,6,0x420aa3,TEST,1,NonLeaf,rbx(-1) rbx(-1) ,rflags ,MOV,3,TEST,3,JNZ,6,CMP,3,SUB,4,MOV,3,MOV,4,LEA,4,MOV,5,XOR,2,0,1,0,0,0,JNE,1,0,1,0,0,0,JMP,0,0,4328099,4330531,4328111,0,0,0,0,fortran,2.94584456695664e-06,0.0,0,0,0
0x420a9d,JNZ,1451374,0,2379,6,0x420a9a,CMP,1,NonLeaf,rbx(AND) rax(SUB) ,rflags ,CMP,3,SUB,4,ADD,4,AND,3,MOV,4,TEST,3,MOV,3,JLE,6,MOV,3,MOV,4,0,1,0,0,0,CALL,1,1,1,1,0,0,JLE,0,0,4328032,4330472,4328099,0,0,1,0,fortran,2.94584456695664e-06,0.0,0,0,0
0x420944,JNLE,256126592,128063296,-20,2,0x420941,CMP,1,NonLeaf,r8(-1) rcx(ADD) ,rflags ,CMP,3,ADD,3,MOV,2,ADD,4,ADD,3,JMP,5,MOV,5,CALL_NEAR,5,MOV,5,MOV,5,1,1,0,0,0,MOV,0,0,1,1,0,0,JMP,1,0,4327733,4327728,4327750,0,0,0,0,fortran,0.000519858513034,0.5,0,1,0
0x420913,JZ,2666060277,2537996981,-19,2,0x42090f,CMP,1,NonLeaf,r10(-1) ,rflags ,CMP,4,JZ,2,CMP,3,ADD,3,ADD,3,MOV,5,MOV,3,XOR,2,MOV,5,JMP,2,1,1,0,0,0,JE,0,0,1,0,0,0,JMP,1,0,4327695,4327680,4327701,1,0,0,1,fortran,0.0054112855695219,0.9519653411047015,1,1,1
0x42090d,JZ,2537996981,512146516,113,2,0x42090a,CMP,1,NonLeaf,rax(ADD) r12(-1) ,rflags ,CMP,3,ADD,3,ADD,3,ADD,4,NOP,1,CMP,4,JZ,2,MOV,5,MOV,3,XOR,2,0,1,0,0,0,JMP,1,0,0,0,1,1,JE,0,0,4327680,4327806,4327695,0,0,1,0,fortran,0.0051513563130049,0.2017916174975938,0,0,0
0x42089b,JNZ,1024506368,1024506368,-379,6,0x420898,TEST,1,NonLeaf,r9(-1) r9(-1) ,rflags ,TEST,3,NOP,4,JMP,2,JNLE,2,CMP,3,JMP,5,NOP,10,LEA,4,MOV,8,MOV,8,0,0,0,1,1,JE,0,0,1,0,0,0,JMP,1,0,4327576,4327200,4327585,0,0,0,0,fortran,0.0020794340521363,1.0,1,1,1
0x42082a,JNZ,128063296,0,335,6,0x420821,XOR,1,NonLeaf,rax(XOR) fs(-1) ,rax rflags ,XOR,9,MOV,8,JNZ,2,CMP,3,SUB,3,ADD,7,POP,1,POP,1,POP,2,POP,2,0,0,0,0,0,CALL,0,1,1,0,0,0,RET,0,0,4327449,4327801,4327472,0,0,1,0,fortran,0.000259929256517,0.0,0,0,0
0x420817,JNZ,1280632960,1152569664,-87,2,0x420814,CMP,1,NonLeaf,r8(-1) rax(ADD) ,rflags ,CMP,3,SUB,3,SUB,3,SHL,4,IMUL,4,MOV,8,XOR,9,JNZ,6,ADD,7,POP,1,1,1,0,0,0,JNE,0,0,0,1,0,0,JNE,1,0,4327413,4327360,4327449,0,0,1,0,fortran,0.0025992925651703,0.9,1,1,1
0x4207ef,JNZ,1152569664,1024506368,169,6,0x4207ea,CMP,1,NonLeaf,rcx(LEA) rsp(-1) rax(-1) ,rflags ,CMP,5,ADD,3,MOV,5,LEA,4,MOV,8,IMUL,4,MOV,9,ADD,4,IMUL,4,SHL,4,0,1,0,0,0,JNE,1,0,0,0,1,1,JNE,0,0,4327360,4327576,4327413,0,1,0,1,fortran,0.0023393633086533,0.8888888888888888,1,0,1
0x42078a,JNZ,2956796131,2316372983,-74,2,0x420782,CMP,1,NonLeaf,r12(-1) r11(ADD) ,rflags ,MOV,5,CMP,3,ADD,3,ADD,3,ADD,4,MOV,3,MOV,3,MOV,6,SUB,3,IMUL,4,0,0,0,1,1,JE,0,0,1,1,0,0,ADD,1,0,4327288,4327232,4327308,0,0,0,0,fortran,0.0060013902812815,0.7834063900160048,1,1,1
0x420749,JLE,316557026,316557026,47,2,0x420747,CMP,1,NonLeaf,edx(-1) ebp(MOV) ,rflags ,CMP,2,MOV,2,JZ,2,CMP,3,NOP,9,MOV,5,MOV,3,XOR,2,JMP,2,NOP,9,0,0,1,0,0,JNE,0,0,1,0,0,0,JMP,0,0,4327237,4327288,4327243,0,0,1,0,fortran,0.0006425137801655,1.0,1,0,1
0x420743,JZ,2956796131,2640239105,53,2,0x420740,CMP,1,NonLeaf,rsi(MOV) ,rflags ,CMP,3,NOP,9,MOV,3,MOV,3,MOV,3,MOV,2,CMP,2,JLE,2,MOV,5,MOV,3,1,1,1,0,0,JNE,0,0,1,0,0,0,JLE,0,0,4327232,4327288,4327237,1,0,1,0,fortran,0.0060013902812815,0.89293917741534,1,0,1
0x420723,JZ,1152569664,640209812,469,6,0x420720,TEST,1,NonLeaf,r11d(-1) r11d(-1) ,rflags ,TEST,3,MOV,5,LEA,8,MOV,8,ADD,3,MOV,5,MOV,3,MOV,3,MOV,3,NOP,9,1,1,0,0,0,JMP,0,0,1,0,0,0,NOP,0,0,4327200,4327672,4327209,0,0,0,0,fortran,0.0023393633086533,0.5554630075705341,1,0,1
0x4206e5,JZ,128063296,0,308,6,0x4206e2,TEST,1,NonLeaf,r9(-1) r9(-1) ,rflags ,TEST,3,JNLE,2,CMP,3,ADD,3,MOV,6,MOV,2,MOV,8,MOV,5,IMUL,4,MOV,5,0,0,1,0,0,JNE,0,0,1,0,0,0,MOV,0,0,4327138,4327449,4327147,0,0,0,1,fortran,0.000259929256517,0.0,0,0,0
0x4206e0,JNLE,256126592,128063296,-16,2,0x4206dd,CMP,1,NonLeaf,r8(-1) rax(ADD) ,rflags ,CMP,3,ADD,3,MOV,6,ADD,4,NOP,9,TEST,3,JZ,6,MOV,2,MOV,8,MOV,5,1,1,1,1,1,JG,0,0,1,1,0,0,JE,1,0,4327120,4327120,4327138,1,0,1,0,fortran,0.000519858513034,0.5,0,1,0
0x4206b6,JNLE,256126592,128063296,-78,2,0x4206b3,CMP,1,NonLeaf,r8(-1) rax(ADD) ,rflags ,CMP,3,ADD,4,JLE,6,MOV,5,TEST,3,MOV,4,MOV,5,SHL,4,XOR,2,NOP,9,1,1,0,0,0,JLE,0,0,1,0,0,0,NOP,1,0,4327087,4327016,4327096,0,0,1,0,fortran,0.000519858513034,0.5,0,1,0
0x4206a9,JLE,128063296,0,447,6,0x4206a1,TEST,1,NonLeaf,rdi(SUB) rdi(SUB) ,rflags ,MOV,5,TEST,3,SUB,4,ADD,4,MOV,4,ADD,4,CMP,3,JNLE,2,MOV,4,MOV,5,0,0,0,0,0,NOP,1,0,0,0,1,1,JG,0,0,4327016,4327528,4327087,0,0,0,0,fortran,0.000259929256517,0.0,0,0,0
0x420654,JLE,128063296,0,532,6,0x42064c,TEST,1,NonLeaf,rax(SUB) rax(SUB) ,rflags ,MOV,5,TEST,3,SUB,4,ADD,4,MOV,4,MOV,3,MOV,3,XOR,2,JMP,2,NOP,4,0,0,0,0,0,NOP,1,0,1,0,0,0,JMP,0,0,4326915,4327528,4327002,0,0,0,0,fortran,0.000259929256517,0.0,0,0,0
0x4205f7,JBE,128063296,128063296,12,2,0x4205f4,CMP,1,NonLeaf,esi(LEA) ,rflags ,CMP,3,LEA,4,SAR,4,MOV,4,MOV,5,CMP,4,JNZ,6,MOV,4,MOV,7,MOVSXD,3,0,1,0,0,0,JLE,0,0,1,0,0,0,JNE,0,0,4326883,4326915,4326905,0,0,1,0,fortran,0.000259929256517,1.0,1,0,1
0x4205dd,JNZ,128063296,0,878,6,0x4205db,TEST,1,NonLeaf,eax(MOV) eax(MOV) ,rflags ,TEST,2,MOV,6,JZ,6,MOV,3,MOV,3,MOV,5,MOV,4,SAR,4,LEA,4,CMP,3,0,1,0,0,0,CALL,0,1,0,1,0,0,JBE,0,0,4326869,4327755,4326883,0,0,1,0,fortran,0.000259929256517,0.0,0,0,0
0x4205cf,JZ,128063296,0,737,6,0x4205c5,CMP,1,NonLeaf,rdi(-1) ,rflags ,MOV,3,MOV,3,CMP,4,JZ,6,AND,4,MOV,6,TEST,2,JNZ,6,MOV,5,MOV,4,0,1,0,0,0,CALL,0,1,1,0,0,0,JNE,0,0,4326853,4327600,4326869,1,0,1,0,fortran,0.000259929256517,0.0,0,0,0
0x4205bf,JZ,128063296,0,944,6,0x4205bb,AND,1,NonLeaf,r14d(AND) ,r14d rflags ,AND,4,XOR,2,MOV,8,MOV,9,MOV,4,CMP,4,MOV,3,MOV,3,JZ,6,MOV,6,0,1,0,0,0,CALL,1,1,1,0,0,0,JE,0,0,4326800,4327791,4326853,0,0,1,0,fortran,0.000259929256517,0.0,0,0,0
0x420211,JNZ,243755,0,93,2,0x420208,XOR,1,NonLeaf,rax(XOR) fs(-1) ,rax rflags ,XOR,9,MOV,8,NOP,1,MOV,8,MOV,8,ADD,7,POP,1,POP,1,POP,2,POP,2,0,1,0,0,0,CALL,0,1,1,0,0,0,RET,0,0,4325888,4325998,4325907,0,0,1,0,fortran,4.947479715211351e-07,0.0,0,0,0
0x4200c7,JZ,243755,243755,313,6,0x4200ba,CMP,1,NonLeaf,rdx(-1) ,rflags ,MOV,9,CMP,4,SUB,5,SUB,5,JNZ,6,MOV,5,LEA,8,LEA,5,JMP,2,NOP,7,0,0,1,0,0,JNE,1,0,1,0,0,0,JMP,0,0,4325552,4325888,4325581,0,0,0,0,fortran,4.947479715211351e-07,1.0,1,0,1
0x4200aa,JNZ,2193795,1950040,192,6,0x4200a7,CMP,1,NonLeaf,rsi(ADD) r13(-1) ,rflags ,CMP,3,ADD,3,ADD,3,MOV,3,ADD,4,SUB,5,SUB,5,CMP,4,MOV,9,JZ,6,0,0,0,0,0,JMP,0,0,0,1,0,0,JE,0,0,4325530,4325738,4325552,0,0,1,1,fortran,4.452731743690215e-06,0.8888888888888888,1,0,1
0x420098,JNLE,19744155,17550360,-16,2,0x420095,CMP,1,NonLeaf,rbp(-1) rax(ADD) ,rflags ,CMP,3,ADD,3,ADD,4,SBB,3,CMP,3,ADD,4,MOV,3,ADD,3,ADD,3,CMP,3,1,1,1,1,1,JG,0,0,1,1,0,0,JNE,0,0,4325512,4325512,4325530,1,0,0,1,fortran,4.0074585693211937e-05,0.8888888888888888,1,1,1
0x420075,JZ,2193795,0,219,6,0x420072,TEST,1,NonLeaf,rbp(-1) rbp(-1) ,rflags ,TEST,3,MOV,5,MOV,5,SHL,4,IMUL,4,MOV,3,XOR,2,XOR,2,NOP,6,CMP,3,1,1,0,0,0,JE,0,0,1,0,0,0,NOP,0,0,4325490,4325712,4325499,0,0,1,0,fortran,4.452731743690215e-06,0.0,0,0,0
0x420011,JZ,243755,0,14,2,0x42000e,TEST,1,NonLeaf,r10(-1) r10(-1) ,rflags ,TEST,3,JNZ,6,CMP,4,JBE,2,CMP,3,IMUL,7,CDQE,2,ADD,3,XOR,2,ADD,4,0,1,1,0,0,MOV,0,0,1,0,0,0,ADD,0,0,4325390,4325407,4325395,0,1,1,0,fortran,4.947479715211351e-07,0.0,0,0,0
0x420002,JBE,243755,243755,12,2,0x41ffff,CMP,1,NonLeaf,eax(LEA) ,rflags ,CMP,3,MOV,4,LEA,5,JNLE,2,CMP,3,CMP,4,JNZ,6,TEST,3,JZ,2,IMUL,7,0,1,0,0,0,JE,0,0,1,0,0,0,JNE,0,0,4325366,4325390,4325380,0,0,0,0,fortran,4.947479715211351e-07,1.0,1,0,1
0x41fff4,JNLE,243755,0,-44,2,0x41fff1,CMP,1,NonLeaf,rdx(-1) rax(ADD) ,rflags ,CMP,3,ADD,4,JLE,6,MOV,8,MOV,9,LEA,5,MOV,4,CMP,3,JBE,2,CMP,4,1,1,0,0,0,JLE,0,0,0,0,0,0,JBE,1,0,4325357,4325320,4325366,0,0,1,0,fortran,4.947479715211351e-07,0.0,0,1,0
0x41ffb8,JLE,243755,0,584,6,0x41ffa4,TEST,1,NonLeaf,rax(-1) rax(-1) ,rflags ,MOV,8,MOV,9,TEST,3,MOV,4,JLE,2,MOV,3,XOR,2,JMP,2,NOP,3,MOV,4,0,0,1,0,0,JNE,1,0,1,0,0,0,JMP,0,0,4325280,4325888,4325310,0,0,0,0,fortran,4.947479715211351e-07,0.0,0,0,0
0x41ff9e,JLE,243755,0,88,2,0x41ff96,TEST,1,NonLeaf,rdx(-1) rdx(-1) ,rflags ,MOV,5,TEST,3,JNZ,6,TEST,2,MOV,6,MOV,4,TEST,3,MOV,9,MOV,8,JLE,6,0,0,0,0,0,JBE,0,0,0,0,0,0,JLE,0,0,4325270,4325366,4325280,0,0,0,1,fortran,4.947479715211351e-07,0.0,0,0,0
0x41ff90,JNZ,243755,0,739,6,0x41ff8e,TEST,1,NonLeaf,eax(MOV) eax(MOV) ,rflags ,TEST,2,MOV,6,JNZ,6,CMP,3,AND,3,TEST,3,MOV,5,JLE,2,MOV,4,TEST,3,0,1,0,0,0,JE,0,0,0,0,0,0,JLE,0,0,4325256,4326003,4325270,0,0,0,0,fortran,4.947479715211351e-07,0.0,0,0,0
0x41ff82,JNZ,243755,0,841,6,0x41ff7f,CMP,1,NonLeaf,rsi(AND) rdx(-1) ,rflags ,CMP,3,AND,3,MOV,4,JZ,6,CMP,4,MOV,6,TEST,2,JNZ,6,TEST,3,MOV,5,0,1,0,0,0,CALL,1,1,1,1,0,0,JNE,0,0,4325240,4326091,4325256,0,0,1,0,fortran,4.947479715211351e-07,0.0,0,0,0
0x41ff72,JZ,243755,0,514,6,0x41ff6e,CMP,1,NonLeaf,rbx(-1) ,rflags ,CMP,4,JNZ,2,MOV,5,CMP,3,ADD,4,MOV,4,AND,3,CMP,3,JNZ,6,MOV,6,0,1,0,0,0,JLE,0,0,1,0,0,0,JNE,0,0,4325230,4325748,4325240,0,0,0,0,fortran,4.947479715211351e-07,0.0,0,0,0
0x41ff20,JNL,243755,243755,78,2,0x41ff1d,CMP,1,NonLeaf,rax(-1) rdx(-1) ,rflags ,CMP,3,JNZ,2,CMP,3,ADD,4,MOV,4,LEA,4,LEA,8,LEA,5,XOR,2,LEA,5,0,1,1,0,0,JE,1,0,1,0,0,0,NOP,0,0,4325149,4325230,4325154,0,0,0,0,fortran,4.947479715211351e-07,1.0,1,0,1
0x41ff1b,JNZ,243755,0,-43,2,0x41ff18,CMP,1,NonLeaf,r8(ADD) rax(-1) ,rflags ,CMP,3,ADD,4,MOV,4,ADD,4,CMOVS,4,CMP,3,JNL,2,LEA,4,LEA,8,LEA,5,1,1,1,1,1,JNE,0,0,0,1,0,0,JGE,1,0,4325104,4325104,4325149,1,0,1,0,fortran,4.947479715211351e-07,0.0,0,1,0
0x41fed8,JLE,243755,0,69,2,0x41feb7,TEST,1,NonLeaf,rax(LEA) rax(LEA) ,rflags ,MOV,5,MOV,4,MOV,5,MOV,4,MOV,4,LEA,8,LEA,5,MOV,3,XOR,3,XOR,2,0,1,1,0,0,JGE,1,0,1,0,0,0,NOP,0,0,4324976,4325149,4325082,0,0,0,0,fortran,4.947479715211351e-07,0.0,0,0,0
0x41fc9e,JNZ,4,4,33,2,0x41fc99,CMP,1,Leaf,rdi(-1) rdx(MOVSXD) ,rflags ,CMP,5,MOVSXD,3,JLE,2,MOV,2,TEST,2,LEA,5,JMP,2,NOP,9,SUB,4,CMP,4,0,0,1,0,0,REPZ RET,0,0,1,0,0,0,JMP,0,0,4324502,4324543,4324512,0,1,0,0,fortran,8.118774532151299e-12,1.0,1,0,1
0x41fc94,JLE,4,0,43,2,0x41fc90,TEST,1,Leaf,esi(-1) esi(-1) ,rflags ,MOV,2,TEST,2,INVALID,0,INVALID,0,INVALID,0,MOVSXD,3,CMP,5,JNZ,2,LEA,5,JMP,2,0,1,1,0,0,REPZ RET,0,0,1,0,0,0,JNE,0,0,4324496,4324543,4324502,0,0,0,0,fortran,8.118774532151299e-12,0.0,0,0,0
0x41fbfc,JZ,1,1,40,2,0x41fbf9,TEST,1,NonLeaf,rdi(-1) rdi(-1) ,rflags ,TEST,3,SUB,4,MOV,3,PUSH,1,PUSH,1,MOV,2,MOV,5,CALL_NEAR,5,MOV,5,MOVSXD,3,0,1,1,0,0,CALL,0,1,1,0,0,0,CALL,0,1,4324336,4324388,4324350,0,0,1,1,fortran,2.029693633037825e-12,1.0,1,0,1
0x41fb76,JZ,24,0,22,2,0x41fb73,TEST,1,NonLeaf,rax(-1) rax(-1) ,rflags ,TEST,3,CALL_NEAR,5,JZ,2,TEST,3,JZ,2,ADD,4,RET_NEAR,1,NOP,3,MOV,5,MOV,5,0,1,0,0,0,CALL,0,1,1,0,0,0,RET,0,0,4324211,4324236,4324216,0,0,1,0,fortran,4.8712647192907794e-11,0.0,0,0,0
0x41fb6c,JZ,24,0,20,2,0x41fb69,TEST,1,NonLeaf,rsi(-1) rsi(-1) ,rflags ,TEST,3,JZ,2,TEST,3,SUB,4,INVALID,0,CALL_NEAR,5,TEST,3,JZ,2,ADD,4,RET_NEAR,1,0,0,0,0,0,JMP,0,0,0,1,0,0,CALL,0,1,4324201,4324224,4324206,0,0,0,1,fortran,4.8712647192907794e-11,0.0,0,0,0
0x41fb67,JZ,24,0,25,2,0x41fb64,TEST,1,NonLeaf,rdi(-1) rdi(-1) ,rflags ,TEST,3,SUB,4,INVALID,0,INVALID,0,INVALID,0,TEST,3,JZ,2,CALL_NEAR,5,TEST,3,JZ,2,0,1,0,0,0,JMP,0,0,1,0,0,0,JE,0,0,4324192,4324224,4324201,0,0,0,0,fortran,4.8712647192907794e-11,0.0,0,0,0
0x41fae8,JZ,82,0,7,2,0x41fae5,TEST,1,NonLeaf,rax(-1) rax(-1) ,rflags ,TEST,3,CALL_NEAR,5,CMOVZ,4,TEST,3,MOV,5,ADD,4,RET_NEAR,1,MOV,5,CALL_NEAR,5,NOP,7,0,1,0,0,0,CALL,0,1,1,0,0,0,RET,0,0,4324069,4324079,4324074,0,0,1,0,fortran,1.6643487790910166e-10,0.0,0,0,0
0x41fa3a,JZ,7,1,23,2,0x41fa38,TEST,1,NonLeaf,eax(-1) eax(-1) ,rflags ,TEST,2,CALL_NEAR,5,MOV,4,MOV,4,MOV,3,MOV,3,JMP,2,NOP,7,MOV,4,MOV,3,0,1,0,0,0,CALL,1,1,1,0,0,0,JMP,0,0,4323896,4323921,4323900,0,0,1,0,fortran,1.4207855431264776e-11,0.1428571428571428,0,0,0
0x41f9f2,JNZ,134,134,-18,2,0x41f9f0,TEST,1,NonLeaf,dl(MOVZX) dl(MOVZX) ,rflags ,TEST,2,MOVZX,4,MOV,3,JZ,2,LEA,4,MOV,3,CALL_NEAR,5,MOV,3,MOV,3,MOV,3,1,1,0,0,0,JE,0,0,1,1,0,0,CALL,1,1,4323820,4323808,4323828,0,0,0,1,fortran,2.7197894682706856e-10,1.0,1,1,1
0x41f9e7,JZ,134,7,97,2,0x41f9e0,CMP,1,NonLeaf,dl(-1) ,rflags ,LEA,4,CMP,3,NOP,6,JMP,2,LEA,4,MOV,3,MOVZX,4,TEST,2,JNZ,2,MOV,3,0,1,0,0,0,JMP,1,0,1,0,0,0,MOV,0,0,4323808,4323912,4323817,0,0,1,0,fortran,2.7197894682706856e-10,0.0522388059701492,0,0,0
0x41f9ce,JZ,7,0,146,6,0x41f9cc,TEST,1,NonLeaf,dl(-1) dl(-1) ,rflags ,TEST,2,JZ,2,CMP,3,MOVZX,3,ADD,4,LEA,4,JMP,2,NOP,6,CMP,3,LEA,4,0,1,1,0,0,CALL,1,1,1,0,0,0,JMP,0,0,4323788,4323936,4323796,0,0,1,0,fortran,1.4207855431264776e-11,0.0,0,0,0
0x41f9ca,JZ,7,0,-10,2,0x41f9c7,CMP,1,NonLeaf,dl(MOVZX) ,rflags ,CMP,3,MOVZX,3,ADD,4,NOP,5,JMP,2,TEST,2,JZ,6,LEA,4,JMP,2,NOP,6,1,1,0,0,0,ADD,0,0,1,1,0,0,JE,0,0,4323780,4323776,4323788,0,0,0,0,fortran,1.4207855431264776e-11,0.0,0,0,0
0x41f99c,JZ,1,0,220,6,0x41f996,TEST,1,NonLeaf,rax(-1) rax(-1) ,rflags ,MOV,3,TEST,3,CALL_NEAR,5,MOV,3,JZ,6,MOV,3,MOV,3,CALL_NEAR,5,LEA,4,CALL_NEAR,5,0,0,0,0,0,RET,0,0,1,0,0,0,CALL,0,1,4323734,4323960,4323746,0,0,0,1,fortran,2.029693633037825e-12,0.0,0,0,0
0x41f988,JZ,1,0,240,6,0x41f982,TEST,1,NonLeaf,rax(-1) rax(-1) ,rflags ,MOV,3,TEST,3,CALL_NEAR,5,PUSH,1,PUSH,1,MOV,3,CALL_NEAR,5,TEST,3,MOV,3,JZ,6,0,1,0,0,0,RET,0,0,1,0,0,0,CALL,0,1,4323714,4323960,4323726,0,0,0,1,fortran,2.029693633037825e-12,0.0,0,0,0
0x41f888,JNZ,1,0,201,6,0x41f87f,XOR,1,NonLeaf,rax(XOR) fs(-1) ,rax rflags ,XOR,9,MOV,8,MOV,7,MOV,10,CALL_NEAR,5,ADD,7,POP,1,POP,1,POP,2,POP,2,0,1,0,0,0,CALL,0,1,1,0,0,0,RET,0,0,4323447,4323665,4323470,0,0,1,0,fortran,2.029693633037825e-12,0.0,0,0,0
0x41f856,JZ,1,0,74,2,0x41f853,CMP,1,NonLeaf,eax(-1) ,rflags ,CMP,3,CALL_NEAR,5,MOV,5,MOV,3,MOV,5,CDQE,2,MOV,3,MOV,4,CALL_NEAR,5,MOV,10,0,1,0,0,0,JE,0,0,1,0,0,0,CALL,0,1,4323411,4323488,4323416,0,1,0,1,fortran,2.029693633037825e-12,0.0,0,0,0
0x41f83b,JNZ,1,0,261,6,0x41f839,TEST,1,NonLeaf,eax(MOV) eax(MOV) ,rflags ,TEST,2,MOV,6,XOR,2,MOV,8,MOV,9,MOV,5,MOV,3,MOV,5,CALL_NEAR,5,CMP,3,0,1,0,0,0,CALL,0,1,1,1,0,0,CALL,0,1,4323344,4323648,4323393,0,0,1,1,fortran,2.029693633037825e-12,0.0,0,0,0
0x41ed2b,JNZ,2,0,24,2,0x41ed20,XOR,1,NonLeaf,rcx(XOR) fs(-1) ,rcx rflags ,MOV,2,XOR,9,MOV,5,JNZ,2,MOV,6,ADD,4,POP,1,RET_NEAR,1,NOP,5,MOVSXD,5,0,1,0,0,0,CALL,0,1,1,0,0,0,RET,0,0,4320539,4320579,4320557,0,0,1,0,fortran,4.0593872660756495e-12,0.0,0,0,0
0x41ed05,JZ,2,2,22,2,0x41ed02,TEST,1,NonLeaf,rbx(MOV) rbx(MOV) ,rflags ,TEST,3,XOR,2,MOV,5,MOV,9,MOV,6,LEA,5,CALL_NEAR,5,TEST,2,MOV,6,JNZ,2,0,1,1,0,0,JNE,0,0,1,0,0,0,CALL,0,1,4320480,4320539,4320519,0,0,0,1,fortran,4.0593872660756495e-12,1.0,1,0,1
0x41eb3e,JNZ,12,11,-14,2,0x41eb3a,CMP,1,NonLeaf,rbx(ADD) ,rflags ,CMP,4,ADD,4,CALL_NEAR,3,MOV,3,JZ,2,POP,1,RET_NEAR,1,INVALID,0,INVALID,0,INVALID,0,0,0,0,1,1,CALL,0,1,0,1,0,0,RET,1,0,4320054,4320048,4320064,0,0,1,0,fortran,2.4356323596453897e-11,0.9166666666666666,1,1,1
0x41eb2e,JZ,1,0,18,2,0x41eb20,CMP,1,NonLeaf,rip(JZ) ,rflags ,MOV,5,PUSH,1,CMP,8,INVALID,0,INVALID,0,MOV,3,CALL_NEAR,3,ADD,4,CMP,4,JNZ,2,0,1,1,0,0,RET,0,0,1,0,1,0,CALL,0,1,4320032,4320064,4320048,0,0,0,1,fortran,2.029693633037825e-12,0.0,0,0,0
0x41eac3,JZ,1,1,77,2,0x41eaa9,TEST,1,NonLeaf,rax(-1) rax(-1) ,rflags ,MOV,10,MOV,10,MOV,3,TEST,3,CALL_NEAR,5,MOV,10,MOV,7,CALL_NEAR,5,MOVSXD,7,MOV,5,0,1,0,0,0,RET,0,0,1,0,0,0,CALL,0,1,4319913,4320016,4319941,0,0,0,1,fortran,2.029693633037825e-12,1.0,1,0,1
0x41e5f5,JZ,3,3,100,2,0x41e5ef,TEST,1,NonLeaf,rax(-1) rax(-1) ,rflags ,MOV,3,TEST,3,CALL_NEAR,5,MOV,3,PUSH,1,MOVZX,3,TEST,2,JZ,2,CALL_NEAR,5,MOV,3,0,1,0,0,0,RET,0,0,1,0,0,0,JE,0,0,4318703,4318809,4318711,0,0,1,0,fortran,6.089080899113475e-12,1.0,1,0,1
0x41e575,JZ,1,1,55,2,0x41e56f,TEST,1,NonLeaf,rax(-1) rax(-1) ,rflags ,MOV,3,TEST,3,CALL_NEAR,5,MOV,3,PUSH,1,MOVSX,4,TEST,2,JZ,2,CALL_NEAR,5,MOV,3,0,1,0,0,0,RET,0,0,1,0,0,0,JE,0,0,4318575,4318636,4318583,0,0,1,0,fortran,2.029693633037825e-12,1.0,1,0,1
0x41e257,JZ,1,1,89,2,0x41e251,TEST,1,NonLeaf,rax(-1) rax(-1) ,rflags ,MOV,3,TEST,3,CALL_NEAR,5,MOV,3,SUB,4,MOV,7,MOV,3,MOV,7,CALL_NEAR,5,TEST,2,0,1,0,0,0,MOV,0,0,1,0,0,0,CALL,0,1,4317777,4317872,4317785,0,0,1,1,fortran,2.029693633037825e-12,1.0,1,0,1
0x41e1ef,JZ,5,5,35,2,0x41e1ec,TEST,1,NonLeaf,rax(-1) rax(-1) ,rflags ,TEST,3,CALL_NEAR,5,MOV,3,MOV,3,PUSH,1,MOVZX,3,MOV,2,AND,3,CMP,3,JZ,2,0,1,0,0,0,RET,0,0,1,0,0,0,JE,0,0,4317676,4317714,4317681,0,1,1,0,fortran,1.0148468165189125e-11,1.0,1,0,1
0x41e06b,JZ,1,1,13,2,0x41e064,CMP,1,NonLeaf,rip(JZ) ,rflags ,CMP,7,CALL_NEAR,5,MOV,5,MOV,5,CALL_NEAR,5,ADD,4,RET_NEAR,1,NOP,6,ADD,4,JMP,5,0,1,0,0,0,JMP,0,0,1,0,0,0,RET,0,0,4317284,4317304,4317293,0,0,0,0,fortran,2.029693633037825e-12,1.0,1,0,1
0x41dfb4,JNZ,1,1,22,2,0x41dfb2,TEST,1,NonLeaf,eax(-1) eax(-1) ,rflags ,TEST,2,MOV,6,MOV,3,JZ,2,MOV,6,RET_NEAR,1,NOP,9,MOV,6,TEST,2,JZ,2,0,0,0,0,0,CALL,0,1,0,0,0,0,RET,0,0,4317106,4317130,4317110,0,0,1,0,fortran,2.029693633037825e-12,1.0,1,0,1
0x41dfa7,JZ,1,0,11,2,0x41df9e,CMP,1,NonLeaf,edi(-1) ,rflags ,MOV,6,CMP,3,MOV,3,JZ,2,MOV,6,MOV,3,MOV,6,TEST,2,JNZ,2,RET_NEAR,1,0,1,1,0,0,JNE,0,0,1,0,0,0,MOV,0,0,4317083,4317106,4317097,0,0,0,1,fortran,2.029693633037825e-12,0.0,0,0,0
0x41df99,JZ,1,0,39,2,0x41df90,CMP,1,NonLeaf,edi(-1) ,rflags ,MOV,6,CMP,3,MOV,3,JLE,2,MOV,6,MOV,3,CMP,3,MOV,6,JZ,2,MOV,3,0,0,0,0,0,JE,0,0,1,0,0,0,JE,0,0,4317069,4317120,4317083,0,0,0,1,fortran,2.029693633037825e-12,0.0,0,0,0
0x41df8b,JLE,1,0,53,2,0x41df82,CMP,1,NonLeaf,edi(-1) ,rflags ,MOV,6,CMP,3,MOV,3,JZ,2,MOV,6,MOV,3,CMP,3,MOV,6,JZ,2,MOV,3,0,0,0,0,0,JE,0,0,1,0,0,0,JE,0,0,4317055,4317120,4317069,0,0,0,1,fortran,2.029693633037825e-12,0.0,0,0,0
0x41df7d,JZ,1,0,67,2,0x41df74,CMP,1,NonLeaf,edi(-1) ,rflags ,MOV,6,CMP,3,MOV,3,JZ,2,MOV,6,MOV,3,CMP,3,MOV,6,JLE,2,MOV,3,0,0,0,0,0,JE,0,0,1,0,0,0,JLE,0,0,4317041,4317120,4317055,0,0,0,1,fortran,2.029693633037825e-12,0.0,0,0,0
0x41df6f,JZ,1,0,81,2,0x41df66,CMP,1,NonLeaf,edi(-1) ,rflags ,MOV,6,CMP,3,MOV,2,JLE,2,TEST,2,MOV,3,CMP,3,MOV,6,JZ,2,MOV,3,0,0,0,0,0,JE,0,0,1,0,0,0,JE,0,0,4317028,4317120,4317041,0,0,0,1,fortran,2.029693633037825e-12,0.0,0,0,0
0x41df62,JLE,1,0,94,2,0x41df60,TEST,1,NonLeaf,edi(-1) edi(-1) ,rflags ,TEST,2,INVALID,0,INVALID,0,INVALID,0,INVALID,0,MOV,2,CMP,3,MOV,6,JZ,2,MOV,3,0,1,0,0,0,JE,0,0,1,0,0,0,JE,0,0,4317024,4317120,4317028,0,0,0,1,fortran,2.029693633037825e-12,0.0,0,0,0
0x41de4a,JNZ,54,48,-64,2,0x41de47,CMP,1,NonLeaf,rax(ADD) rcx(-1) ,rflags ,CMP,3,MOV,3,MOV,3,MOV,3,MOV,3,JMP,5,LEA,8,MOV,12,MOV,11,MOV,11,1,1,0,1,1,JNE,0,0,1,0,0,0,JMP,0,0,4316682,4316682,4316748,1,0,1,0,fortran,1.0960345618404255e-10,0.8888888888888888,1,1,1
0x41ddf0,JNZ,54,48,-79,2,0x41dded,CMP,1,NonLeaf,rax(ADD) rcx(-1) ,rflags ,CMP,3,MOV,3,MOV,6,MOV,3,MOV,6,MOV,8,LEA,8,LEA,8,MOV,2,ADD,4,1,1,0,1,1,JNE,0,0,1,0,0,0,LEA,0,0,4316577,4316577,4316658,1,0,1,0,fortran,1.0960345618404255e-10,0.8888888888888888,1,1,1
0x41dc64,JNZ,103,103,-2361,6,0x41dc57,CMP,1,NonLeaf,rsp(-1) ,rflags ,MOV,5,CMP,8,CALL_NEAR,5,LEA,8,CALL_NEAR,5,JMP,5,SUB,4,LEA,8,MOV,12,IMUL,4,0,0,0,0,0,JNE,0,0,1,0,0,0,JMP,0,0,4316247,4313899,4316266,0,0,1,0,fortran,2.0905844420289599e-10,1.0,1,0,1
0x41dbad,JNZ,927,824,-73,2,0x41dbaa,CMP,1,NonLeaf,rbp(ADD) rbx(-1) ,rflags ,CMP,3,ADD,4,JNZ,2,CMP,7,ADD,4,LEA,8,MOV,5,MOV,5,MOV,5,CALL_NEAR,5,0,0,0,1,1,XOR,0,0,0,0,0,0,CALL,1,1,4316070,4316004,4316079,0,0,0,1,fortran,1.8815259978260637e-09,0.8888888888888888,1,1,1
0x41dba4,JNZ,8343,7416,-54,2,0x41db9d,CMP,1,NonLeaf,r12(ADD) ,rflags ,CMP,7,ADD,4,JNZ,2,MOV,5,TEST,8,ADD,4,CMP,3,JNZ,2,LEA,8,MOV,5,0,0,0,1,1,CALL,0,1,1,0,0,0,JNE,1,0,4316057,4316014,4316070,0,0,1,0,fortran,1.6933733980434574e-08,0.8888888888888888,1,1,1
0x41db97,JNZ,8343,0,24,2,0x41db8a,TEST,1,NonLeaf,rsp(-1) ,rflags ,MOV,5,TEST,8,CALL_NEAR,5,MOV,5,MOV,5,ADD,4,CMP,7,JNZ,2,ADD,4,CMP,3,0,1,0,0,0,CALL,1,1,1,0,0,0,JNE,0,0,4316042,4316079,4316057,1,0,1,0,fortran,1.6933733980434574e-08,0.0,0,0,0
0x41dae4,JZ,103,87,21,2,0x41dacf,TEST,1,NonLeaf,ebx(-1) ebx(-1) ,rflags ,MOV,8,MOV,11,TEST,2,ADD,7,JNZ,6,MOV,11,MOV,8,LEA,8,MOV,5,LEA,8,0,1,0,0,0,CALL,0,1,1,0,0,0,MOV,0,0,4315848,4315897,4315878,0,0,1,1,fortran,2.0905844420289599e-10,0.8446601941747572,1,0,1
0x41dac2,JNZ,104,1,-1943,6,0x41daba,CMP,1,NonLeaf,rsp(-1) ,rflags ,CMP,8,JZ,6,MOV,5,MOV,6,CMP,7,ADD,7,TEST,2,MOV,11,MOV,8,JZ,2,0,0,0,0,0,JNE,0,0,1,0,0,0,JE,0,0,4315834,4313899,4315848,0,0,1,1,fortran,2.1108813783593378e-10,0.0096153846153846,0,0,0
0x41dab4,JZ,104,0,-1929,6,0x41daa2,CMP,1,NonLeaf,rip(JZ) ,rflags ,MOV,5,MOV,6,CMP,7,CALL_NEAR,5,MOV,7,CMP,8,JNZ,6,ADD,7,TEST,2,MOV,11,0,0,0,0,0,JNE,0,0,1,0,0,0,JNE,0,0,4315810,4313899,4315834,0,0,1,0,fortran,2.1108813783593378e-10,0.0,0,0,0
0x41da0a,JLE,60,0,1199,6,0x41d9ec,CMP,0,NonLeaf,rsp(-1) eax(MOVSXD) ,rflags ,MOVSXD,5,JL,6,MOV,5,MOV,5,MOV,5,MOVSXD,5,IMUL,4,MOV,3,LEA,8,SHL,4,0,0,0,0,0,JMP,0,0,1,0,0,0,MOVSXD,0,0,4315653,4316857,4315664,0,0,0,0,fortran,1.217816179822695e-10,0.0,0,0,0
0x41d9ff,JL,104,44,1205,6,0x41d9ec,CMP,1,NonLeaf,rsp(-1) eax(MOV) ,rflags ,MOV,5,MOV,5,MOV,5,CMP,4,MOV,4,MOVSXD,5,JLE,6,MOVSXD,5,IMUL,4,MOV,3,0,1,0,0,0,MOVSXD,0,0,1,0,0,0,JLE,0,0,4315624,4316852,4315653,0,0,0,0,fortran,2.1108813783593378e-10,0.4230769230769231,0,0,0
0x41d8a3,JZ,104,104,6,2,0x41d89e,TEST,0,NonLeaf,al(-1) ,rflags ,MOVSQ,3,TEST,2,SHR,3,MOV,2,MOV,2,MOV,2,MOV,2,MOV,8,MOV,5,LEA,8,0,1,0,0,0,MOV,0,0,1,0,0,0,MOV,0,0,4315299,4315305,4315301,0,0,1,1,fortran,2.1108813783593378e-10,1.0,1,0,1
0x41d894,JZ,104,0,5,2,0x41d85c,CMP,1,NonLeaf,rsp(-1) ,rflags ,MOV,5,LEA,8,LEA,8,MOV,3,MOV,3,MOVSD,1,MOV,2,MOV,2,SHR,3,TEST,2,0,1,0,0,0,TEST,0,0,1,0,0,0,MOV,0,0,4315228,4315289,4315286,0,0,0,1,fortran,2.1108813783593378e-10,0.0,0,0,0
0x41d856,JNZ,121336,121232,-1468,6,0x41d82b,CMP,1,NonLeaf,rip(JNZ) ,rflags ,MOV,7,MOV,8,MOV,8,MOV,8,MOV,5,CMP,9,MOV,3,MOV,3,MOV,3,MOV,8,0,0,0,0,0,MOV,0,0,1,0,0,0,JE,1,0,4315179,4313754,4315228,0,0,0,0,fortran,2.462749066582776e-07,0.9991428759807476,1,0,1
0x41d797,JNZ,27,26,-126,2,0x41d790,CMP,1,NonLeaf,rbx(-1) ,rflags ,CMP,7,CALL_NEAR,5,LEA,8,CALL_NEAR,5,ADD,4,LEA,8,MOV,12,MOV,11,MOV,11,MOV,11,0,0,0,1,1,CALL,0,1,1,0,0,0,CALL,1,1,4315024,4314905,4315033,0,0,1,1,fortran,5.480172809202128e-11,0.9629629629629628,1,1,1
0x41d603,JNZ,54,48,-3026,6,0x41d5f8,CMP,1,NonLeaf,r13d(-1) ,rflags ,MOV,7,CMP,4,LEA,4,JMP,5,MOV,5,JMP,5,LEA,8,LEA,8,MOV,5,MOV,3,0,0,0,1,1,JMP,0,0,1,0,0,0,JMP,1,0,4314612,4311601,4314633,0,0,1,0,fortran,1.0960345618404255e-10,0.8888888888888888,1,1,1
0x41d5c9,JNZ,54,48,-5916,6,0x41d5c6,CMP,1,NonLeaf,ebp(ADD) ,rflags ,CMP,3,ADD,4,ADD,3,MOV,7,NOP,6,JMP,5,MOV,7,LEA,4,LEA,4,MOV,7,0,0,0,1,1,JMP,0,0,1,0,0,0,JMP,1,0,4314552,4308653,4314575,0,0,1,0,fortran,1.0960345618404255e-10,0.8888888888888888,1,1,1
0x41d5a7,JNZ,84968,76378,-1895,6,0x41d59c,CMP,1,NonLeaf,r8d(ADD) ,rflags ,MOV,7,CMP,4,ADD,4,ADD,4,MOV,8,JMP,5,NOP,6,MOV,7,ADD,3,ADD,4,0,0,0,1,1,JE,0,0,1,0,0,0,JMP,1,0,4314508,4312640,4314541,0,0,1,0,fortran,1.7245900861195793e-07,0.898903116467376,1,1,1
0x41d584,JNZ,162,144,-132,6,0x41d580,CMP,1,NonLeaf,r13d(ADD) ,rflags ,CMP,4,ADD,4,ADD,4,MOV,8,NOP,5,JMP,2,MOV,8,ADD,4,ADD,4,CMP,4,0,0,0,1,1,JMP,0,0,1,0,0,0,JMP,1,0,4314480,4314368,4314506,0,0,1,0,fortran,3.288103685521277e-10,0.8888888888888888,1,1,1
0x41d560,JNZ,18,18,-5576,6,0x41d55e,TEST,1,NonLeaf,edx(MOV) edx(MOV) ,rflags ,TEST,2,MOV,7,CALL_NEAR,5,LEA,8,JZ,2,JMP,5,NOP,5,MOV,8,ADD,4,ADD,4,0,0,0,0,0,JE,0,0,1,0,0,0,JMP,0,0,4314455,4308888,4314470,0,0,0,0,fortran,3.653448539468085e-11,1.0,1,0,1
0x41d548,JZ,1458,1458,-48,2,0x41d540,TEST,1,NonLeaf,rsp(-1) ,rflags ,TEST,8,CALL_NEAR,5,MOV,3,MOV,5,LEA,8,LEA,8,CALL_NEAR,5,MOV,7,TEST,2,JNZ,6,0,1,0,0,0,JE,0,0,1,0,0,0,CALL,1,1,4314432,4314392,4314442,0,1,1,1,fortran,2.959293316969149e-09,1.0,1,0,1
0x41d529,JZ,1458,162,71,2,0x41d526,CMP,1,NonLeaf,ebx(ADD) ,rflags ,CMP,3,ADD,4,ADD,3,MOV,7,NOP,3,LEA,8,MOV,5,MOV,3,CALL_NEAR,5,TEST,8,0,1,0,0,0,JNE,1,0,0,0,1,1,CALL,0,1,4314392,4314480,4314411,0,0,1,1,fortran,2.959293316969149e-09,0.1111111111111111,0,0,0
0x41d485,JNZ,162,144,-117,2,0x41d482,CMP,1,NonLeaf,rsi(-1) rax(ADD) ,rflags ,CMP,3,ADD,4,CMOVNZ,3,LEA,3,TEST,3,LEA,8,MOV,7,MOV,12,MOV,11,MOV,12,1,1,0,1,1,JNE,0,0,1,0,0,0,CALL,0,1,4314128,4314128,4314247,1,0,0,1,fortran,3.288103685521277e-10,0.8888888888888888,1,1,1
0x41d3e5,JNZ,5750,3089,-1931,6,0x41d3e0,CMP,1,NonLeaf,rsp(-1) r11d(-1) ,rflags ,CMP,5,NOP,6,JMP,5,MOVSXD,5,NOP,7,JMP,5,XOR,2,CMP,3,SETZ,3,MOV,2,0,0,0,0,0,JL,0,0,1,0,0,0,JMP,0,0,4314080,4312154,4314091,0,0,1,0,fortran,1.1670738389967494e-08,0.5372173913043479,1,0,1
0x41d3be,JNZ,4981,4247,-1406,6,0x41d3ba,CMP,1,NonLeaf,r8d(ADD) ,rflags ,CMP,4,ADD,4,ADD,4,JNZ,6,CMP,7,JMP,5,NOP,7,MOVSXD,5,JMP,5,NOP,6,0,0,0,1,1,JE,0,0,1,0,0,0,JMP,1,0,4314034,4312640,4314052,0,0,1,0,fortran,1.0109903986161407e-08,0.8526400321220639,1,1,1
0x41d3ac,JNZ,42679,37698,-1322,6,0x41d3a5,CMP,1,NonLeaf,ecx(-1) rsp(-1) rax(MOV) ,rflags ,CMP,7,MOV,5,NOP,10,JMP,5,JNZ,6,ADD,4,ADD,4,CMP,4,JNZ,6,JMP,5,0,0,0,0,0,NOP,0,0,1,0,0,0,JNE,0,0,4314016,4312706,4314034,0,0,0,0,fortran,8.662529456442135e-08,0.8832915485367511,1,0,1
0x41d38b,JNZ,150178,133254,-1355,6,0x41d387,CMP,1,NonLeaf,r8d(ADD) ,rflags ,CMP,4,MOV,7,ADD,4,ADD,4,NOP,4,JMP,5,NOP,10,MOV,5,CMP,7,JNZ,6,0,0,0,1,1,JE,0,0,1,0,0,0,JMP,1,0,4313976,4312640,4314001,0,0,1,0,fortran,3.048153304223545e-07,0.8873070622860871,1,1,1
0x41d366,JNZ,188,170,-3501,6,0x41d35e,CMP,1,NonLeaf,rsp(-1) rax(MOV) ,rflags ,CMP,8,MOV,3,MOV,8,ADD,9,JNZ,6,MOV,3,JMP,5,NOP,4,ADD,4,ADD,4,0,0,0,0,0,MOV,0,0,1,0,0,0,JMP,0,0,4313930,4310457,4313964,0,0,1,0,fortran,3.8158240301111106e-10,0.9042553191489362,1,0,1
0x41d344,JNZ,1719,1531,-3355,6,0x41d33c,CMP,1,NonLeaf,rsp(-1) rax(MOV) ,rflags ,CMP,8,MOV,8,ADD,9,MOV,3,MOV,3,ADD,9,MOV,8,MOV,3,CMP,8,JNZ,6,0,0,0,0,0,JE,0,0,1,0,0,0,JNE,0,0,4313899,4310569,4313930,0,0,1,1,fortran,3.4890433551920204e-09,0.8906340895869692,1,0,1
0x41d31c,JNZ,3019,2724,-2961,6,0x41d314,CMP,1,NonLeaf,rsp(-1) ,rflags ,CMP,8,ADD,9,ADD,8,MOV,3,MOV,3,MOV,3,MOV,3,MOV,3,ADD,9,MOV,8,0,0,0,0,0,JE,0,0,1,0,0,0,MOV,0,0,4313859,4310923,4313890,0,0,1,0,fortran,6.1276450781411945e-09,0.9022855250082809,1,0,1
0x41d2f7,JNZ,23878,21271,-2838,6,0x41d2f2,CMP,1,NonLeaf,rsp(-1) rax(MOV) ,rflags ,CMP,5,MOV,8,ADD,6,JNZ,6,CMP,5,MOV,3,MOV,3,ADD,8,ADD,9,CMP,8,0,0,0,0,0,MOV,0,0,1,0,0,0,MOV,0,0,4313828,4311009,4313853,0,0,1,0,fortran,4.8465024569677195e-08,0.8908200016751822,1,0,1
0x41d2de,JNZ,215351,191473,-2720,6,0x41d2d9,CMP,1,NonLeaf,r13(ADD) rsp(-1) ,rflags ,CMP,5,ADD,4,MOV,8,MOV,3,JNZ,6,ADD,6,MOV,8,CMP,5,JNZ,6,MOV,3,0,0,0,0,0,JNE,0,0,1,0,0,0,JNE,0,0,4313813,4311102,4313828,0,0,1,1,fortran,4.370965535683288e-07,0.8891205520290131,1,0,1
0x41d2c4,JNZ,185597,164591,-1156,6,0x41d2c0,CMP,1,NonLeaf,r8d(ADD) ,rflags ,CMP,4,ADD,4,ADD,4,NOP,5,MOVSD,1,MOV,3,MOV,8,ADD,4,CMP,5,JNZ,6,0,0,0,1,1,JE,0,0,0,0,0,0,MOV,1,0,4313784,4312640,4313802,0,0,1,0,fortran,3.767050492109213e-07,0.8868192912600958,1,1,1
0x41d294,JNLE,124896,121336,1380,6,0x41d28f,CMP,1,NonLeaf,rsp(-1) ,rflags ,CMP,5,JNZ,6,CMP,3,ADD,3,SBB,5,LEA,8,LEA,8,MOV,5,MOVSQ,3,MOVSD,1,0,1,0,0,0,CALL,0,1,1,0,0,0,MOV,0,0,4313743,4315128,4313754,1,0,1,0,fortran,2.535006159918922e-07,0.9714962849090444,1,1,1
0x41d289,JNZ,1124064,999168,-129,6,0x41d286,CMP,1,NonLeaf,esi(ADD) ,rflags ,CMP,3,ADD,3,SBB,5,CMP,3,JNZ,2,CMP,5,JNLE,6,LEA,8,LEA,8,MOV,5,0,0,0,1,1,NOP,0,0,1,0,0,0,JG,1,0,4313723,4313608,4313743,0,0,0,0,fortran,2.2815055439270297e-06,0.8888888888888888,1,1,1
0x41d279,JNZ,10116576,8992512,-105,2,0x41d276,CMP,1,NonLeaf,r15(-1) rax(ADD) ,rflags ,CMP,3,ADD,4,CMOVZ,4,LEA,4,CMP,3,CMP,3,SBB,5,ADD,3,CMP,3,JNZ,6,1,1,0,1,1,JNE,0,0,1,0,0,0,JNE,0,0,4313616,4313616,4313723,1,0,0,1,fortran,2.0533549895343268e-05,0.8888888888888888,1,1,1
0x41d1ec,JNL,398251,273355,-82,2,0x41d1e4,CMP,1,NonLeaf,rsp(-1) r11(ADD) ,rflags ,CMP,8,ADD,4,ADD,4,MOV,4,JNL,2,MOV,7,MOV,5,MOV,8,NOP,6,MOV,5,0,0,0,1,1,JG,0,0,0,0,0,0,NOP,1,0,4313564,4313498,4313582,0,0,0,1,fortran,8.083275190509468e-07,0.6863887347426623,1,1,1
0x41d1d6,JNL,1220080,821829,-22,2,0x41d1d1,CMP,1,NonLeaf,rsp(-1) rax(ADD) ,rflags ,CMP,5,ADD,4,JZ,6,CMP,7,NOP,2,MOV,4,ADD,4,ADD,4,CMP,8,JNL,2,1,1,0,0,0,JE,0,0,1,0,0,0,MOV,1,0,4313549,4313536,4313560,0,0,0,1,fortran,2.476388607796789e-06,0.6735861582847027,1,1,1
0x41d1c7,JZ,821829,16862,965,6,0x41d1c0,CMP,1,NonLeaf,ecx(-1) rsi(-1) rax(-1) ,rflags ,CMP,7,NOP,2,JMP,5,JNZ,2,MOV,4,ADD,4,CMP,5,JNL,2,MOV,4,ADD,4,0,0,0,0,0,JNE,1,0,0,0,1,1,JGE,0,0,4313536,4314508,4313549,0,1,1,0,fortran,1.6680610887458428e-06,0.0205176502654445,0,0,0
0x41d1b7,JNZ,422778,415113,22,2,0x41d1ac,CMP,1,NonLeaf,ecx(-1) rsi(-1) rax(-1) ,rflags ,MOV,4,CMP,7,JNLE,2,CMP,3,MOV,8,JMP,5,NOP,2,CMP,7,JZ,6,ADD,4,0,1,0,1,0,JGE,0,0,1,0,0,0,JMP,1,0,4313516,4313549,4313529,1,0,0,0,fortran,8.581098147884656e-07,0.9818699175453784,1,1,1
0x41d1aa,JNLE,422778,0,50,2,0x41d1a7,CMP,1,NonLeaf,rax(MOV) rdi(MOV) ,rflags ,CMP,3,MOV,8,MOV,5,MOV,4,MOV,8,CMP,7,MOV,4,JNZ,2,JMP,5,NOP,2,1,1,0,0,0,JGE,0,0,1,0,0,0,JNE,0,0,4313498,4313564,4313516,0,0,0,0,fortran,8.581098147884656e-07,0.0,0,0,0
0x41d18c,JNLE,149423,0,98,2,0x41d189,CMP,1,NonLeaf,r11(MOV) rax(MOV) ,rflags ,CMP,3,MOV,8,MOV,8,JZ,6,CMP,7,MOV,8,MOV,4,MOV,5,MOV,8,CMP,3,0,1,0,0,0,NOP,0,0,1,0,0,0,MOV,0,0,4313465,4313582,4313486,0,0,1,1,fortran,3.0328291172941096e-07,0.0,0,0,0
0x41d173,JZ,151205,1782,1049,6,0x41d16c,CMP,1,NonLeaf,ecx(-1) rsp(-1) rax(-1) ,rflags ,CMP,7,JZ,6,CMP,7,JZ,6,CMP,7,MOV,8,MOV,8,CMP,3,JNLE,2,MOV,8,0,0,0,0,0,JNE,0,0,1,0,0,0,JG,0,0,4313452,4314508,4313465,0,0,1,0,fortran,3.068998257834844e-07,0.011785324559373,0,0,0
0x41d166,JZ,153202,1997,1062,6,0x41d15f,CMP,1,NonLeaf,ecx(-1) rsp(-1) rax(-1) ,rflags ,CMP,7,JZ,6,CMP,7,JZ,6,CMP,7,CMP,7,JZ,6,MOV,8,MOV,8,CMP,3,0,0,0,0,0,JNE,0,0,1,0,0,0,JE,0,0,4313439,4314508,4313452,0,0,1,0,fortran,3.109531239686609e-07,0.013035077871046,0,0,0
0x41d159,JZ,156315,3113,1075,6,0x41d152,CMP,1,NonLeaf,ecx(-1) rsp(-1) rax(-1) ,rflags ,CMP,7,JZ,6,CMP,7,JZ,6,CMP,7,CMP,7,JZ,6,CMP,7,JZ,6,MOV,8,0,0,0,0,0,JNE,0,0,1,0,0,0,JE,0,0,4313426,4314508,4313439,0,0,1,0,fortran,3.172715602483077e-07,0.0199149153951956,0,0,0
0x41d14c,JZ,157856,1541,1088,6,0x41d145,CMP,1,NonLeaf,ecx(-1) rsp(-1) rax(-1) ,rflags ,CMP,7,JZ,6,CMP,7,JZ,6,CMP,7,CMP,7,JZ,6,CMP,7,JZ,6,CMP,7,0,0,0,0,0,JNE,0,0,1,0,0,0,JE,0,0,4313413,4314508,4313426,0,0,1,0,fortran,3.203993181368189e-07,0.0097620616257855,0,0,0
0x41d13f,JZ,161989,4133,1101,6,0x41d138,CMP,1,NonLeaf,ecx(-1) rsp(-1) rax(-1) ,rflags ,CMP,7,JZ,6,CMP,7,JZ,6,CMP,7,CMP,7,JZ,6,CMP,7,JZ,6,CMP,7,0,0,0,0,0,JNE,0,0,1,0,0,0,JE,0,0,4313400,4314508,4313413,0,0,1,0,fortran,3.2878804192216425e-07,0.0255140781164153,0,0,0
0x41d132,JZ,163545,1556,1114,6,0x41d12b,CMP,1,NonLeaf,ecx(-1) rsp(-1) rax(-1) ,rflags ,CMP,7,JZ,6,CMP,7,JZ,6,CMP,7,CMP,7,JZ,6,CMP,7,JZ,6,CMP,7,0,0,0,0,0,JNE,0,0,1,0,0,0,JE,0,0,4313387,4314508,4313400,0,0,1,0,fortran,3.319462452151711e-07,0.0095142009844385,0,0,0
0x41d125,JZ,166504,2959,1127,6,0x41d11e,CMP,1,NonLeaf,ecx(-1) rsp(-1) rax(-1) ,rflags ,CMP,7,JZ,6,CMP,7,JZ,6,CMP,7,CMP,7,JZ,6,CMP,7,JZ,6,CMP,7,0,0,0,0,0,JNE,0,0,1,0,0,0,JE,0,0,4313374,4314508,4313387,0,0,1,0,fortran,3.3795210867533e-07,0.0177713448325565,0,0,0
0x41d118,JZ,169042,2538,1140,6,0x41d111,CMP,1,NonLeaf,ecx(-1) rsp(-1) rax(-1) ,rflags ,CMP,7,JZ,6,CMP,7,MOV,8,JZ,6,CMP,7,JZ,6,CMP,7,JZ,6,CMP,7,0,0,0,0,0,JNE,0,0,1,0,0,0,JE,0,0,4313361,4314508,4313374,0,0,1,0,fortran,3.4310347111598e-07,0.0150140201843328,0,0,0
0x41d10b,JZ,170752,1710,1153,6,0x41d104,CMP,1,NonLeaf,ecx(-1) rsp(-1) rax(MOV) ,rflags ,CMP,7,MOV,8,JZ,6,CMP,7,JZ,6,CMP,7,JZ,6,CMP,7,JZ,6,CMP,7,0,0,0,0,0,JNE,0,0,1,0,0,0,JE,0,0,4313340,4314508,4313361,0,0,1,0,fortran,3.465742472284747e-07,0.0100145239880059,0,0,0
0x41d0f6,JZ,174436,3684,1174,6,0x41d0ef,CMP,1,NonLeaf,ecx(-1) rsp(-1) rax(-1) ,rflags ,CMP,7,JZ,6,CMP,7,JZ,6,CMP,7,MOV,8,CMP,7,JZ,6,CMP,7,JZ,6,0,0,0,0,0,JNE,0,0,1,0,0,0,JE,0,0,4313327,4314508,4313340,0,0,1,0,fortran,3.5405163857258605e-07,0.0211194936824967,0,0,0
0x41d0e9,JZ,178001,3565,1187,6,0x41d0e2,CMP,1,NonLeaf,ecx(-1) rsp(-1) rax(-1) ,rflags ,CMP,7,JZ,6,CMP,7,JZ,6,CMP,7,CMP,7,JZ,6,MOV,8,CMP,7,JZ,6,0,0,0,0,0,JNE,0,0,1,0,0,0,JE,0,0,4313314,4314508,4313327,0,0,1,0,fortran,3.612874963743659e-07,0.0200279773709136,0,0,0
0x41d0dc,JZ,183171,5170,1200,6,0x41d0d5,CMP,1,NonLeaf,ecx(-1) rsp(-1) rax(-1) ,rflags ,CMP,7,JZ,6,CMP,7,JZ,6,CMP,7,CMP,7,JZ,6,CMP,7,JZ,6,MOV,8,0,0,0,0,0,JNE,0,0,1,0,0,0,JE,0,0,4313301,4314508,4313314,0,0,1,0,fortran,3.7178101245717145e-07,0.0282249919474152,0,0,0
0x41d0cf,JZ,186962,3791,1213,6,0x41d0c8,CMP,1,NonLeaf,ecx(-1) rsp(-1) rax(-1) ,rflags ,CMP,7,JZ,6,CMP,7,JZ,6,CMP,7,CMP,7,JZ,6,CMP,7,JZ,6,CMP,7,0,0,0,0,0,JNE,0,0,1,0,0,0,JE,0,0,4313288,4314508,4313301,0,0,1,0,fortran,3.794755810200178e-07,0.020276847701672,0,0,0
0x41d0c2,JZ,194333,7371,1226,6,0x41d0bb,CMP,1,NonLeaf,ecx(-1) rsp(-1) rax(-1) ,rflags ,CMP,7,JZ,6,CMP,7,JZ,6,CMP,7,CMP,7,JZ,6,CMP,7,JZ,6,CMP,7,0,0,0,0,0,JNE,0,0,1,0,0,0,JE,0,0,4313275,4314508,4313288,0,0,1,0,fortran,3.944364527891397e-07,0.0379297391590723,0,0,0
0x41d0b5,JZ,197633,3300,1239,6,0x41d0ae,CMP,1,NonLeaf,ecx(-1) rsp(-1) rax(-1) ,rflags ,CMP,7,JZ,6,CMP,7,JZ,6,CMP,7,CMP,7,JZ,6,CMP,7,JZ,6,CMP,7,0,0,0,0,0,JNE,0,0,1,0,0,0,JE,0,0,4313262,4314508,4313275,0,0,1,0,fortran,4.011344417781645e-07,0.0166976162887776,0,0,0
0x41d0a8,JZ,202501,4868,1252,6,0x41d0a1,CMP,1,NonLeaf,ecx(-1) rsp(-1) rax(-1) ,rflags ,CMP,7,JZ,6,CMP,7,JZ,6,CMP,7,CMP,7,JZ,6,CMP,7,JZ,6,CMP,7,0,0,0,0,0,JNE,0,0,1,0,0,0,JE,0,0,4313249,4314508,4313262,0,0,1,0,fortran,4.110149903837926e-07,0.024039387459815,0,0,0
0x41d09b,JZ,205515,3014,1265,6,0x41d094,CMP,1,NonLeaf,ecx(-1) rsp(-1) rax(-1) ,rflags ,CMP,7,JZ,6,CMP,7,MOV,5,MOV,7,CMP,7,JZ,6,CMP,7,JZ,6,CMP,7,0,0,0,0,0,JNE,0,0,1,0,0,0,JE,0,0,4313236,4314508,4313249,0,0,1,0,fortran,4.171324869937687e-07,0.0146655961851932,0,0,0
0x41d08e,JZ,209864,4349,1278,6,0x41d087,CMP,1,NonLeaf,ecx(-1) rsp(-1) rax(MOV) ,rflags ,CMP,7,MOV,5,MOV,7,MOV,7,MOV,7,CMP,7,JZ,6,CMP,7,JZ,6,CMP,7,0,1,0,0,0,JNE,0,0,1,0,0,0,JE,0,0,4313189,4314508,4313236,0,0,1,0,fortran,4.259596246038501e-07,0.020722944383029,0,0,0
0x41d063,JNL,671800,461936,-69,2,0x41d05e,CMP,1,NonLeaf,rsp(-1) r11(ADD) ,rflags ,CMP,5,ADD,4,ADD,4,JNL,2,CMP,3,MOV,8,MOV,7,MOV,7,MOV,7,MOV,5,0,0,0,1,1,JG,0,0,0,0,0,0,JE,1,0,4313174,4313118,4313189,0,0,0,1,fortran,1.3635481826748108e-06,0.6876094075617744,1,1,1
0x41d054,JNL,2059750,1387950,-20,2,0x41d051,CMP,1,NonLeaf,r12(-1) rax(-1) ,rflags ,CMP,3,JZ,6,CMP,7,ADD,4,NOP,2,ADD,4,ADD,4,CMP,5,JNL,2,MOV,8,1,1,0,0,0,JE,0,0,0,0,0,0,JGE,1,0,4313169,4313152,4313174,1,0,0,0,fortran,4.18066146064966e-06,0.6738439130962496,1,1,1
0x41d04b,JZ,1387950,29329,813,6,0x41d044,CMP,1,NonLeaf,ebx(-1) rsi(-1) rax(ADD) ,rflags ,CMP,7,ADD,4,NOP,2,JMP,2,ADD,4,CMP,3,JNL,2,ADD,4,ADD,4,CMP,5,0,0,0,0,0,JNE,1,0,0,0,1,1,JGE,0,0,4313152,4313976,4313169,0,0,1,0,fortran,2.817113277974849e-06,0.0211311646673151,0,0,0
0x41d032,JZ,714507,13378,838,6,0x41d02b,CMP,1,NonLeaf,ebx(-1) rsi(-1) rax(-1) ,rflags ,CMP,7,JNLE,2,CMP,3,MOV,8,MOV,8,ADD,4,JMP,2,NOP,2,ADD,4,CMP,7,0,0,0,0,0,JNE,1,0,1,0,0,0,JMP,0,0,4313131,4313976,4313144,0,1,1,0,fortran,1.4502303086609571e-06,0.0187233994908377,0,0,0
0x41d029,JNLE,714507,0,45,2,0x41d026,CMP,1,NonLeaf,rax(MOV) r12(-1) ,rflags ,CMP,3,MOV,8,MOV,8,JNLE,2,CMP,3,CMP,7,JZ,6,ADD,4,JMP,2,NOP,2,1,1,0,0,0,JGE,0,0,1,0,0,0,JE,0,0,4313118,4313174,4313131,0,0,0,0,fortran,1.4502303086609571e-06,0.0,0,0,0
0x41d014,JNLE,252571,0,81,2,0x41d011,CMP,1,NonLeaf,r11(MOV) rax(MOV) ,rflags ,CMP,3,MOV,8,MOV,5,JZ,6,CMP,8,MOV,8,MOV,8,CMP,3,JNLE,2,CMP,7,0,1,0,0,0,JE,0,0,1,0,0,0,MOV,0,0,4313092,4313189,4313110,0,0,1,0,fortran,5.126417505899965e-07,0.0,0,0,0
0x41cffe,JZ,255065,2494,890,6,0x41cff6,CMP,1,NonLeaf,ebx(-1) rsp(-1) r14(-1) ,rflags ,CMP,8,JZ,6,CMP,8,JZ,6,CMP,8,MOV,5,MOV,8,CMP,3,JNLE,2,MOV,8,0,0,0,0,0,JNE,0,0,1,0,0,0,JG,0,0,4313078,4313976,4313092,0,0,1,0,fortran,5.177038065107928e-07,0.0097778997510438,0,0,0
0x41cff0,JZ,258689,3624,904,6,0x41cfe8,CMP,1,NonLeaf,ebx(-1) rsp(-1) r14(-1) ,rflags ,CMP,8,JZ,6,CMP,8,JZ,6,CMP,8,CMP,8,JZ,6,MOV,5,MOV,8,CMP,3,0,0,0,0,0,JNE,0,0,1,0,0,0,JE,0,0,4313064,4313976,4313078,0,0,1,0,fortran,5.250594162369219e-07,0.0140090997297913,0,0,0
0x41cfe2,JZ,264175,5486,918,6,0x41cfda,CMP,1,NonLeaf,ebx(-1) rsp(-1) r14(-1) ,rflags ,CMP,8,JZ,6,CMP,8,JZ,6,CMP,8,CMP,8,JZ,6,CMP,8,JZ,6,MOV,5,0,0,0,0,0,JNE,0,0,1,0,0,0,JE,0,0,4313050,4313976,4313064,0,0,1,0,fortran,5.361943155077674e-07,0.0207665373332071,0,0,0
0x41cfd4,JZ,266772,2597,932,6,0x41cfcc,CMP,1,NonLeaf,ebx(-1) rsp(-1) r14(-1) ,rflags ,CMP,8,JZ,6,CMP,8,JZ,6,CMP,8,CMP,8,JZ,6,CMP,8,JZ,6,CMP,8,0,0,0,0,0,JNE,0,0,1,0,0,0,JE,0,0,4313036,4313976,4313050,0,0,1,0,fortran,5.414654298727666e-07,0.0097349047126385,0,0,0
0x41cfc6,JZ,274406,7634,946,6,0x41cfbe,CMP,1,NonLeaf,ebx(-1) rsp(-1) r14(-1) ,rflags ,CMP,8,JZ,6,CMP,8,JZ,6,CMP,8,CMP,8,JZ,6,CMP,8,JZ,6,CMP,8,0,0,0,0,0,JNE,0,0,1,0,0,0,JE,0,0,4313022,4313976,4313036,0,0,1,0,fortran,5.569601110673774e-07,0.0278200913974184,0,0,0
0x41cfb8,JZ,277359,2953,960,6,0x41cfb0,CMP,1,NonLeaf,ebx(-1) rsp(-1) r14(-1) ,rflags ,CMP,8,JZ,6,CMP,8,JZ,6,CMP,8,CMP,8,JZ,6,CMP,8,JZ,6,CMP,8,0,0,0,0,0,JNE,0,0,1,0,0,0,JE,0,0,4313008,4313976,4313022,0,0,1,0,fortran,5.629537963657381e-07,0.0106468511928583,0,0,0
0x41cfaa,JZ,282506,5147,974,6,0x41cfa2,CMP,1,NonLeaf,ebx(-1) rsp(-1) r14(-1) ,rflags ,CMP,8,JZ,6,CMP,8,JZ,6,CMP,8,CMP,8,JZ,6,CMP,8,JZ,6,CMP,8,0,0,0,0,0,JNE,0,0,1,0,0,0,JE,0,0,4312994,4313976,4313008,0,0,1,0,fortran,5.734006294949838e-07,0.0182190820725931,0,0,0
0x41cf9c,JZ,287008,4502,988,6,0x41cf94,CMP,1,NonLeaf,ebx(-1) rsp(-1) r14(-1) ,rflags ,CMP,8,JZ,6,CMP,8,JZ,6,CMP,8,CMP,8,JZ,6,CMP,8,JZ,6,CMP,8,0,0,0,0,0,JNE,0,0,1,0,0,0,JE,0,0,4312980,4313976,4312994,0,0,1,0,fortran,5.825383102309201e-07,0.0156859739101349,0,0,0
0x41cf8e,JZ,290662,3654,1002,6,0x41cf86,CMP,1,NonLeaf,ebx(-1) rsp(-1) r14(-1) ,rflags ,CMP,8,JZ,6,CMP,8,JZ,6,CMP,8,CMP,8,JZ,6,CMP,8,JZ,6,CMP,8,0,0,0,0,0,JNE,0,0,1,0,0,0,JE,0,0,4312966,4313976,4312980,0,0,1,0,fortran,5.899548107660403e-07,0.0125713027502735,0,0,0
0x41cf80,JZ,297461,6799,1016,6,0x41cf78,CMP,1,NonLeaf,ebx(-1) rsp(-1) r13(-1) ,rflags ,CMP,8,JZ,6,CMP,8,JZ,6,CMP,8,CMP,8,JZ,6,CMP,8,JZ,6,CMP,8,0,0,0,0,0,JNE,0,0,1,0,0,0,JE,0,0,4312952,4313976,4312966,0,0,1,0,fortran,6.037546977770645e-07,0.0228567778633165,0,0,0
0x41cf72,JZ,304114,6653,1030,6,0x41cf6a,CMP,1,NonLeaf,ebx(-1) rsp(-1) r13(-1) ,rflags ,CMP,8,JZ,6,CMP,8,JZ,6,CMP,8,CMP,8,JZ,6,CMP,8,JZ,6,CMP,8,0,0,0,0,0,JNE,0,0,1,0,0,0,JE,0,0,4312938,4313976,4312952,0,0,1,0,fortran,6.172582495176651e-07,0.0218766646718007,0,0,0
0x41cf64,JZ,313608,9494,1044,6,0x41cf5c,CMP,1,NonLeaf,ebx(-1) rsp(-1) r13(-1) ,rflags ,CMP,8,JZ,6,CMP,8,JZ,6,CMP,8,CMP,8,JZ,6,CMP,8,JZ,6,CMP,8,0,0,0,0,0,JNE,0,0,1,0,0,0,JE,0,0,4312924,4313976,4312938,0,0,1,0,fortran,6.365281608697263e-07,0.0302734624116731,0,0,0
0x41cf56,JZ,318950,5342,1058,6,0x41cf4e,CMP,1,NonLeaf,ebx(-1) rsp(-1) r13(-1) ,rflags ,CMP,8,JZ,6,CMP,8,JZ,6,CMP,8,CMP,8,JZ,6,CMP,8,JZ,6,CMP,8,0,0,0,0,0,JNE,0,0,1,0,0,0,JE,0,0,4312910,4313976,4312924,0,0,1,0,fortran,6.473707842574143e-07,0.0167487066938391,0,0,0
0x41cf48,JZ,331427,12477,1072,6,0x41cf40,CMP,1,NonLeaf,ebx(-1) rsp(-1) r13(-1) ,rflags ,CMP,8,JZ,6,CMP,8,JZ,6,CMP,8,CMP,8,JZ,6,CMP,8,JZ,6,CMP,8,0,0,0,0,0,JNE,0,0,1,0,0,0,JE,0,0,4312896,4313976,4312910,0,0,1,0,fortran,6.726952717168273e-07,0.0376462991850392,0,0,0
0x41cf3a,JZ,338413,6986,1086,6,0x41cf32,CMP,1,NonLeaf,ebx(-1) rsp(-1) r13(-1) ,rflags ,CMP,8,JZ,6,CMP,8,JZ,6,CMP,8,CMP,8,JZ,6,CMP,8,JZ,6,CMP,8,0,0,0,0,0,JNE,0,0,1,0,0,0,JE,0,0,4312882,4313976,4312896,0,0,1,0,fortran,6.868747114372295e-07,0.0206434149988327,0,0,0
0x41cf2c,JZ,346796,8383,1100,6,0x41cf24,CMP,1,NonLeaf,ebx(-1) rsp(-1) r13(-1) ,rflags ,CMP,8,JZ,6,CMP,8,JZ,6,CMP,8,CMP,8,JZ,6,CMP,8,JZ,6,CMP,8,0,0,0,0,0,JNE,0,0,1,0,0,0,JE,0,0,4312868,4313976,4312882,0,0,1,0,fortran,7.038896331629856e-07,0.0241727124880333,0,0,0
0x41cf1e,JZ,352285,5489,1114,6,0x41cf16,CMP,1,NonLeaf,ebx(-1) rsp(-1) r13(-1) ,rflags ,CMP,8,JZ,6,CMP,8,MOV,7,MOV,7,CMP,8,JZ,6,CMP,8,JZ,6,CMP,8,0,0,0,0,0,JNE,0,0,1,0,0,0,JE,0,0,4312854,4313976,4312868,0,0,1,0,fortran,7.150306215147302e-07,0.0155811345927303,0,0,0
0x41cf10,JZ,360042,7757,1128,6,0x41cf08,CMP,1,NonLeaf,ebx(-1) rsp(-1) r13(-1) ,rflags ,CMP,8,MOV,7,MOV,7,JZ,6,TEST,2,CMP,8,JZ,6,CMP,8,JZ,6,CMP,8,0,1,0,0,0,JNE,0,0,1,0,0,0,JE,0,0,4312826,4313976,4312854,0,0,1,0,fortran,7.307749550262046e-07,0.021544708672877,0,0,0
0x41cef4,JZ,605,21,964,6,0x41cef2,TEST,1,NonLeaf,esi(-1) esi(-1) ,rflags ,TEST,2,JNZ,2,CMP,2,JZ,2,TEST,3,MOV,7,MOV,7,CMP,8,JZ,6,CMP,8,0,0,0,0,0,JNE,0,0,0,0,0,0,JE,0,0,4312818,4313784,4312826,0,0,0,1,fortran,1.227964647987884e-09,0.0347107438016528,0,0,0
0x41cef0,JNZ,5228,4623,10,2,0x41ceee,CMP,1,NonLeaf,ebx(-1) ecx(-1) ,rflags ,CMP,2,JZ,2,TEST,3,JNZ,2,CMP,3,TEST,2,JZ,6,MOV,7,MOV,7,CMP,8,0,0,0,0,0,JE,0,0,1,0,0,0,JE,0,0,4312814,4312826,4312818,0,0,1,0,fortran,1.0611238313521747e-08,0.8842769701606733,1,0,1
0x41ceec,JZ,360063,354835,14,2,0x41cee9,TEST,1,NonLeaf,r9d(-1) r9d(-1) ,rflags ,TEST,3,JNZ,2,CMP,3,ADD,4,CMOVZ,3,CMP,2,JNZ,2,TEST,2,JZ,6,MOV,7,0,1,0,0,0,JE,0,0,1,0,0,0,JNE,0,0,4312809,4312826,4312814,0,0,1,0,fortran,7.308175785924984e-07,0.9854803187220016,1,0,1
0x41cee7,JNZ,3240567,2880504,-87,2,0x41cee4,CMP,1,NonLeaf,r15(-1) rax(ADD) ,rflags ,CMP,3,ADD,4,CMOVZ,3,LEA,3,CMP,3,TEST,3,JZ,2,CMP,2,JNZ,2,TEST,2,1,1,0,1,1,JNE,0,0,1,0,0,0,JE,0,0,4312720,4312720,4312809,1,0,0,0,fortran,6.577358207332485e-06,0.8888888888888888,1,1,1
0x41ce7c,JZ,365044,42679,1316,6,0x41ce75,CMP,1,NonLeaf,ebx(-1) rsp(-1) rdx(-1) ,rflags ,CMP,7,JZ,6,MOV,7,TEST,2,SUB,2,MOV,5,XOR,2,NOP,7,CMP,2,LEA,3,0,1,0,0,0,JNE,0,0,1,0,0,0,NOP,0,0,4312693,4314016,4312706,0,0,0,0,fortran,7.409274825786598e-07,0.116914673299657,0,0,0
0x41ce6f,JZ,425828,60784,1097,6,0x41ce66,TEST,1,NonLeaf,ecx(SUB) ecx(SUB) ,rflags ,MOV,7,TEST,2,SUB,2,XOR,2,SAR,3,CMP,7,JZ,6,MOV,5,XOR,2,NOP,7,1,1,0,0,0,JNE,0,0,1,0,0,0,JE,0,0,4312640,4313784,4312693,0,0,0,0,fortran,8.64300380369231e-07,0.1427430793653775,0,0,0
0x41cdb5,JZ,47358,4224,1595,6,0x41cdb3,CMP,1,NonLeaf,eax(-1) ecx(-1) ,rflags ,CMP,2,XOR,2,JNZ,2,CMP,3,ADD,4,LEA,4,MOV,5,MOV,8,MOV,8,MOV,3,0,1,0,0,0,JMP,0,0,1,0,0,0,NOP,0,0,4312497,4314096,4312507,0,0,0,1,fortran,9.612223107340533e-08,0.0891929557836057,0,0,0
0x41cdaf,JNZ,426222,378864,-87,2,0x41cdac,CMP,1,NonLeaf,rdx(ADD) r15(-1) ,rflags ,CMP,3,ADD,4,CMOVZ,3,LEA,3,CMP,3,XOR,2,CMP,2,JZ,6,LEA,4,MOV,5,1,1,0,1,1,JNE,0,0,1,0,0,0,JE,0,0,4312408,4312408,4312497,1,0,0,0,fortran,8.651000796606479e-07,0.8888888888888888,1,1,1
0x41cd27,JNZ,4858,233,1454,6,0x41cd25,TEST,1,NonLeaf,edx(MOV) edx(MOV) ,rflags ,TEST,2,MOV,7,JNZ,2,CMP,3,JNZ,2,MOV,8,XOR,2,ADD,7,MOV,8,MOV,7,0,0,0,0,0,JNE,0,0,0,0,0,0,NOP,0,0,4312350,4313813,4312365,0,0,0,1,fortran,9.860251669297752e-09,0.0479621243310004,0,0,0
0x41cd1c,JNZ,47591,42733,17,2,0x41cd19,CMP,1,NonLeaf,ecx(-1) ,rflags ,CMP,3,JNZ,2,CMP,3,ADD,4,CMOVZ,3,MOV,7,TEST,2,JNZ,6,MOV,8,XOR,2,0,1,0,0,0,NOP,0,0,1,0,0,0,JNE,0,0,4312345,4312365,4312350,0,0,1,0,fortran,9.659514968990313e-08,0.8979218759849551,1,0,1
0x41cd17,JNZ,428319,380728,-87,2,0x41cd14,CMP,1,NonLeaf,r15(-1) rdx(ADD) ,rflags ,CMP,3,ADD,4,CMOVZ,3,LEA,3,CMP,3,CMP,3,JNZ,2,MOV,7,TEST,2,JNZ,6,1,1,0,1,1,JNE,0,0,1,0,0,0,JNE,0,0,4312256,4312256,4312345,1,0,0,0,fortran,8.693563472091282e-07,0.8888888888888888,1,1,1
0x41cc96,JNZ,47929,338,1599,6,0x41cc94,TEST,1,NonLeaf,ecx(MOV) ecx(MOV) ,rflags ,TEST,2,MOV,7,LEA,5,LEA,4,LEA,4,MOV,5,MOV,5,XOR,2,ADD,6,MOV,3,0,0,0,0,0,JNE,0,0,1,0,0,0,NOP,0,0,4312190,4313813,4312220,0,0,0,0,fortran,9.728118613786993e-08,0.0070520978948027,0,0,0
0x41cc73,JLE,24454,0,4709,6,0x41cc61,CMP,0,NonLeaf,rsp(-1) eax(MOV) ,rflags ,MOV,4,JL,6,MOV,4,CMP,4,ADD,3,MOVSXD,5,CDQE,2,LEA,4,LEA,4,LEA,5,0,1,0,0,0,JMP,0,0,1,0,0,0,MOVSXD,0,0,4312175,4316888,4312185,0,0,0,0,fortran,4.9634128102306976e-08,0.0,0,0,0
0x41cc69,JL,47929,23475,1895,6,0x41cc61,CMP,1,NonLeaf,rsp(-1) eax(ADD) ,rflags ,MOV,4,CMP,4,ADD,3,MOV,4,JZ,6,MOV,4,JLE,6,MOVSXD,5,CDQE,2,LEA,4,0,1,0,0,0,JMP,0,0,1,0,0,0,JLE,0,0,4312154,4314064,4312175,0,0,0,0,fortran,9.728118613786993e-08,0.4897869765695091,0,0,0
0x41cc54,JZ,50590,5750,1932,6,0x41cc50,CMP,1,NonLeaf,rsp(-1) eax(MOV) ,rflags ,CMP,4,MOV,4,JZ,6,TEST,2,MOV,5,MOV,4,ADD,3,CMP,4,MOV,4,JL,6,0,1,0,0,0,JNE,0,0,1,0,0,0,JL,0,0,4312140,4314080,4312154,0,0,0,1,fortran,1.0268220089538359e-07,0.113658825854912,0,0,0
0x41cc46,JZ,215455,164865,1679,6,0x41cc44,TEST,1,NonLeaf,eax(MOV) eax(MOV) ,rflags ,TEST,2,MOV,5,MOV,7,LEA,4,ADD,5,MOV,4,CMP,4,JZ,6,MOV,4,ADD,3,0,1,0,0,0,JNE,0,0,1,0,0,0,JE,0,0,4312096,4313813,4312140,0,0,0,0,fortran,4.373076417061646e-07,0.7651945881970713,1,0,1
0x41cc0a,JNZ,6,5,-3997,6,0x41cbf9,CMP,1,NonLeaf,rsp(-1) eax(MOV) ,rflags ,MOV,7,LEA,3,CMP,7,MOV,7,CALL_NEAR,5,XOR,2,XOR,2,CALL_NEAR,5,NOP,7,MOVSXD,3,0,0,0,0,0,CALL,0,1,0,0,0,0,CALL,0,1,4312050,4308077,4312080,1,1,1,1,fortran,1.217816179822695e-11,0.8333333333333334,1,0,1
0x41cbc1,JNZ,54,48,-135,6,0x41cbbe,CMP,1,NonLeaf,rax(ADD) rcx(-1) ,rflags ,CMP,3,ADD,4,ADD,4,CMOVNZ,3,LEA,3,MOV,5,LEA,8,MOV,7,MOV,5,CALL_NEAR,5,1,1,0,1,1,JNE,0,0,1,0,0,0,CALL,0,1,4311866,4311866,4312007,1,0,0,1,fortran,1.0960345618404255e-10,0.8888888888888888,1,1,1
0x41ca94,JZ,486,486,-52,2,0x41ca8c,TEST,1,NonLeaf,rsp(-1) ,rflags ,TEST,8,CALL_NEAR,5,MOV,3,MOV,5,LEA,8,LEA,8,CALL_NEAR,5,LEA,8,MOV,12,MOV,11,0,1,0,0,0,JE,0,0,1,0,0,0,CALL,1,1,4311692,4311648,4311702,0,1,1,1,fortran,9.86431105656383e-10,1.0,1,0,1
0x41ca71,JZ,486,54,2947,6,0x41ca6e,CMP,1,NonLeaf,ebx(ADD) ,rflags ,CMP,3,ADD,4,ADD,3,MOV,7,NOP,10,LEA,8,MOV,5,MOV,3,CALL_NEAR,5,TEST,8,0,1,0,0,0,JNE,1,0,0,0,1,1,CALL,0,1,4311648,4314612,4311671,0,0,1,1,fortran,9.86431105656383e-10,0.1111111111111111,0,0,0
0x41c975,JNZ,72,66,-117,2,0x41c972,CMP,1,NonLeaf,rax(ADD) rcx(-1) ,rflags ,CMP,3,ADD,4,ADD,4,JNZ,6,CMP,3,LEA,8,MOV,12,MOV,11,MOV,12,MOV,11,0,0,0,1,1,JNE,0,0,0,0,0,0,CALL,1,1,4311402,4311296,4311415,0,0,0,1,fortran,1.4613794157872342e-10,0.9166666666666666,1,1,1
0x41c964,JNZ,73,1,2715,6,0x41c961,CMP,1,NonLeaf,rax(-1) ebx(MOV) ,rflags ,CMP,3,MOV,3,JNZ,6,CMP,3,MOV,3,ADD,4,ADD,4,CMP,3,JNZ,2,LEA,8,0,0,0,0,0,NOP,1,0,1,0,0,0,JNE,0,0,4311390,4314111,4311402,0,1,0,0,fortran,1.4816763521176124e-10,0.0136986301369863,0,0,0
0x41c958,JNZ,73,0,2727,6,0x41c955,CMP,1,NonLeaf,rax(-1) ebx(MOV) ,rflags ,CMP,3,MOV,3,JNZ,6,CMP,3,MOV,3,MOV,3,CMP,3,JNZ,6,ADD,4,ADD,4,0,0,0,0,0,NOP,1,0,1,0,0,0,JNE,0,0,4311378,4314111,4311390,0,0,0,0,fortran,1.4816763521176124e-10,0.0,0,0,0
0x41c94c,JNZ,74,1,2739,6,0x41c949,CMP,1,NonLeaf,rax(-1) ebx(MOV) ,rflags ,CMP,3,MOV,3,JNZ,6,CMP,3,MOV,3,MOV,3,CMP,3,JNZ,6,MOV,3,CMP,3,0,0,0,0,0,NOP,1,0,1,0,0,0,JNE,0,0,4311366,4314111,4311378,0,0,0,0,fortran,1.5019732884479906e-10,0.0135135135135135,0,0,0
0x41c940,JNZ,75,1,2751,6,0x41c93d,CMP,1,NonLeaf,rax(-1) ebx(MOV) ,rflags ,CMP,3,MOV,3,JNZ,6,CMP,3,MOV,3,MOV,3,CMP,3,JNZ,6,MOV,3,CMP,3,0,0,0,0,0,NOP,1,0,1,0,0,0,JNE,0,0,4311354,4314111,4311366,0,0,0,0,fortran,1.5222702247783688e-10,0.0133333333333333,0,0,0
0x41c934,JNZ,77,2,2763,6,0x41c931,CMP,1,NonLeaf,rax(-1) ebx(MOV) ,rflags ,CMP,3,MOV,3,JNZ,6,CMP,3,MOV,3,MOV,3,CMP,3,JNZ,6,MOV,3,CMP,3,0,0,0,0,0,NOP,1,0,1,0,0,0,JNE,0,0,4311342,4314111,4311354,0,0,0,0,fortran,1.562864097439125e-10,0.0259740259740259,0,0,0
0x41c928,JNZ,77,0,2775,6,0x41c925,CMP,1,NonLeaf,rax(-1) ebx(MOV) ,rflags ,CMP,3,MOV,3,JNZ,6,CMP,3,MOV,3,MOV,3,CMP,3,JNZ,6,MOV,3,CMP,3,0,0,0,0,0,NOP,1,0,1,0,0,0,JNE,0,0,4311330,4314111,4311342,0,0,0,0,fortran,1.562864097439125e-10,0.0,0,0,0
0x41c91c,JNZ,77,0,2787,6,0x41c919,CMP,1,NonLeaf,rax(-1) ebx(MOV) ,rflags ,CMP,3,MOV,3,JNZ,6,CMP,3,MOV,3,MOV,3,CMP,3,JNZ,6,MOV,3,CMP,3,0,0,0,0,0,NOP,1,0,1,0,0,0,JNE,0,0,4311318,4314111,4311330,0,0,0,0,fortran,1.562864097439125e-10,0.0,0,0,0
0x41c910,JNZ,86,9,2799,6,0x41c90d,CMP,1,NonLeaf,rax(-1) ebx(MOV) ,rflags ,CMP,3,MOV,3,JNZ,6,CMP,2,MOV,2,MOV,3,CMP,3,JNZ,6,MOV,3,CMP,3,0,0,0,0,0,NOP,1,0,1,0,0,0,JNE,0,0,4311306,4314111,4311318,0,0,0,0,fortran,1.7455365244125295e-10,0.1046511627906976,0,0,0
0x41c904,JNZ,90,4,2811,6,0x41c902,CMP,1,NonLeaf,rax(LEA) ebx(MOV) ,rflags ,CMP,2,MOV,2,MOV,3,LEA,7,LEA,8,MOV,3,CMP,3,JNZ,6,MOV,3,CMP,3,1,1,0,0,0,NOP,1,0,1,0,0,0,JNE,0,0,4311296,4314111,4311306,0,0,0,0,fortran,1.8267242697340427e-10,0.0444444444444444,0,0,0
0x41c882,JNZ,37,31,926,6,0x41c87a,CMP,1,NonLeaf,r11d(-1) rsp(-1) ,rflags ,CMP,8,JNZ,6,CMP,7,MOV,4,JNZ,6,LEA,8,MOV,12,MOV,11,MOV,12,MOV,11,0,0,0,0,0,JE,0,0,1,0,0,0,CALL,0,1,4311162,4312096,4311176,0,1,1,1,fortran,7.509866442239953e-11,0.8378378378378378,1,0,1
0x41c874,JNZ,253,216,940,6,0x41c86d,CMP,1,NonLeaf,eax(MOV) rsp(-1) ,rflags ,CMP,7,MOV,4,JNZ,6,CMP,7,MOV,4,CMP,8,JNZ,6,LEA,8,MOV,12,MOV,11,0,0,0,0,0,JE,0,0,1,0,0,0,JNE,0,0,4311145,4312096,4311162,0,0,1,0,fortran,5.135124891585697e-10,0.8537549407114624,1,0,1
0x41c863,JNZ,32564,32311,957,6,0x41c85c,CMP,1,NonLeaf,eax(MOV) rsp(-1) ,rflags ,CMP,7,MOV,4,JNZ,6,MOV,8,MOV,4,MOV,4,CMP,7,JNZ,6,CMP,8,JNZ,6,0,0,0,0,0,JE,0,0,1,0,0,0,JNE,0,0,4311128,4312096,4311145,0,0,1,0,fortran,6.609494346624373e-08,0.9922306841911314,1,0,1
0x41c852,JNZ,215461,182897,974,6,0x41c842,CMP,1,NonLeaf,rsp(-1) eax(MOV) ,rflags ,MOV,8,MOV,4,CMP,4,MOV,4,MOV,5,MOV,4,CMP,7,JNZ,6,MOV,4,CMP,7,0,0,0,0,0,JE,0,0,1,0,0,0,JNE,0,0,4311102,4312096,4311128,0,0,1,0,fortran,4.373198198679629e-07,0.8488635994449112,1,0,1
0x41c7ba,JZ,3129,412,2889,6,0x41c7af,TEST,1,NonLeaf,r11d(SUB) r11d(SUB) ,rflags ,MOV,8,TEST,3,SUB,3,XOR,3,SAR,3,MOV,7,MOV,3,MOV,3,MOV,3,MOV,4,0,0,0,0,0,JNE,0,0,1,0,0,0,MOV,0,0,4310923,4313859,4310976,0,0,1,1,fortran,6.350911377775354e-09,0.1316714605305209,0,0,0
0x41c6d7,JNZ,3645,3240,-87,2,0x41c6d4,CMP,1,NonLeaf,rax(ADD) r11(-1) ,rflags ,CMP,3,ADD,4,CMOVZ,3,LEA,3,CMP,3,XOR,2,CMP,3,MOV,4,SETZ,3,MOV,3,1,1,0,1,1,JNE,0,0,1,0,0,0,MOV,0,0,4310656,4310656,4310745,1,0,0,1,fortran,7.398233292422873e-09,0.8888888888888888,1,1,1
0x41c65e,JZ,1725,1320,3277,6,0x41c65c,TEST,1,NonLeaf,esi(MOV) esi(MOV) ,rflags ,TEST,2,MOV,8,LEA,4,MOV,7,LEA,4,MOV,7,LEA,8,XOR,2,MOV,5,NOP,6,0,0,0,0,0,JNE,0,0,1,0,0,0,NOP,0,0,4310569,4313899,4310628,0,0,1,1,fortran,3.501221516990248e-09,0.7652173913043478,1,0,1
0x41c57d,JNZ,216,192,-117,2,0x41c57a,CMP,1,NonLeaf,rax(ADD) rsi(-1) ,rflags ,CMP,3,ADD,4,CMOVNZ,3,LEA,3,TEST,3,LEA,8,MOV,7,MOV,3,MOV,8,LEA,8,1,1,0,1,1,JNE,0,0,1,0,0,0,MOV,0,0,4310280,4310280,4310399,1,0,0,1,fortran,4.3841382473617014e-10,0.8888888888888888,1,1,1
0x41c4af,JZ,24,24,6,2,0x41c4aa,TEST,0,NonLeaf,al(-1) ,rflags ,MOVSQ,3,TEST,2,SHR,3,MOV,2,JNZ,6,MOV,2,MOV,2,MOV,5,LEA,8,LEA,8,0,1,0,0,0,LEA,0,0,1,0,0,0,MOV,0,0,4310191,4310197,4310193,0,0,0,1,fortran,4.8712647192907794e-11,1.0,1,0,1
0x41c49f,JNZ,24,24,4405,6,0x41c49b,TEST,1,NonLeaf,dil(LEA) ,rflags ,TEST,4,MOV,5,LEA,8,LEA,8,MOV,11,MOV,2,SHR,3,TEST,2,MOVSQ,3,JZ,2,0,1,0,0,0,JMP,0,0,1,0,0,0,TEST,0,0,4310150,4314580,4310181,1,0,1,0,fortran,4.8712647192907794e-11,1.0,1,0,1
0x41c475,JZ,6,0,4505,6,0x41c472,TEST,1,NonLeaf,r14d(MOV) r14d(MOV) ,rflags ,TEST,3,MOV,7,JNZ,6,CMP,3,ADD,4,MOV,11,LEA,8,LEA,8,MOV,5,TEST,4,0,1,0,0,0,JNE,0,0,1,0,0,0,MOV,0,0,4310123,4314638,4310139,0,0,0,1,fortran,1.217816179822695e-11,0.0,0,0,0
0x41c465,JNZ,54,48,-581,6,0x41c462,CMP,1,NonLeaf,ebp(ADD) ,rflags ,CMP,3,ADD,4,ADD,4,ADD,3,MOV,7,MOV,7,TEST,3,JZ,6,MOV,11,LEA,8,0,0,0,1,1,JMP,0,0,1,0,0,0,JE,1,0,4310096,4309536,4310123,0,0,1,0,fortran,1.0960345618404255e-10,0.8888888888888888,1,1,1
0x41c263,JZ,486,372,-35,2,0x41c261,TEST,1,NonLeaf,eax(MOV) eax(MOV) ,rflags ,TEST,2,MOV,3,JZ,6,CMP,3,ADD,7,MOVSS,6,MOV,5,LEA,8,MOVSS,8,XOR,2,1,1,0,0,0,JE,0,0,1,0,0,0,CALL,0,1,4309598,4309568,4309605,0,0,1,1,fortran,9.86431105656383e-10,0.7654320987654321,1,0,1
0x41c258,JZ,486,54,504,6,0x41c255,CMP,1,NonLeaf,ebx(ADD) ,rflags ,CMP,3,ADD,7,ADD,4,ADD,3,MOV,7,MOV,3,TEST,2,JZ,2,MOVSS,6,MOV,5,0,1,0,0,0,JNE,1,0,0,0,1,1,JE,0,0,4309568,4310096,4309598,0,0,1,0,fortran,9.86431105656383e-10,0.1111111111111111,0,0,0
0x41c1f6,JNZ,24,18,-486,6,0x41c1f3,CMP,1,NonLeaf,ebp(ADD) ,rflags ,CMP,3,ADD,3,MOV,7,MOV,4,MOVSS,8,MOV,8,LEA,8,MOV,11,MOV,3,NOP,6,0,0,0,1,1,CALL,0,1,1,0,0,0,NOP,1,0,4309259,4309008,4309500,0,0,1,1,fortran,4.8712647192907794e-11,0.75,1,1,1
0x41bfa1,JZ,24,18,1253,6,0x41bf9f,TEST,1,NonLeaf,eax(MOV) eax(MOV) ,rflags ,TEST,2,MOV,7,NOP,7,MOV,8,AND,3,LEA,8,MOVSS,9,MOVSS,9,MOV,5,MOVSS,8,0,1,0,0,0,JNE,0,0,1,0,0,0,NOP,0,0,4308888,4310150,4308903,0,0,0,0,fortran,4.8712647192907794e-11,0.75,1,0,1
0x41bf55,JZ,6,6,6,2,0x41bf50,TEST,0,NonLeaf,al(-1) ,rflags ,MOVSQ,3,TEST,2,SHR,3,MOV,2,JNZ,6,MOV,2,MOV,2,LEA,8,MOV,11,MOV,12,0,1,0,0,0,NOP,0,0,1,0,0,0,MOV,0,0,4308821,4308827,4308823,0,0,1,1,fortran,1.217816179822695e-11,1.0,1,0,1
0x41bf45,JNZ,6,6,6291,6,0x41bf23,CMP,1,NonLeaf,rsp(-1) ,rflags ,MOV,5,LEA,8,MOV,2,LEA,8,MOV,2,MOV,2,SHR,3,TEST,2,MOVSQ,3,JZ,2,0,1,0,0,0,JMP,0,0,1,0,0,0,TEST,0,0,4308771,4315096,4308811,0,0,1,0,fortran,1.217816179822695e-11,1.0,1,0,1
0x41befc,JZ,486,486,-52,2,0x41bef4,TEST,1,NonLeaf,rsp(-1) ,rflags ,TEST,8,CALL_NEAR,5,MOV,3,MOV,5,LEA,8,LEA,8,CALL_NEAR,5,LEA,8,MOV,5,LEA,8,0,1,0,0,0,JE,0,0,1,0,0,0,CALL,1,1,4308724,4308680,4308734,0,1,1,1,fortran,9.86431105656383e-10,1.0,1,0,1
0x41bed9,JZ,486,54,5855,6,0x41bed6,CMP,1,NonLeaf,ebx(ADD) ,rflags ,CMP,3,ADD,4,ADD,3,MOV,7,NOP,3,LEA,8,MOV,5,MOV,3,CALL_NEAR,5,TEST,8,0,1,0,0,0,JNE,1,0,0,0,1,1,CALL,0,1,4308680,4314552,4308703,0,0,1,1,fortran,9.86431105656383e-10,0.1111111111111111,0,0,0
0x41bd06,JLE,6,6,8041,6,0x41bd03,CMP,1,NonLeaf,eax(-1) ,rflags ,CMP,3,JL,6,CMP,3,MOVSXD,8,JZ,6,CMP,3,JNLE,6,SUB,3,LEA,8,MOV,12,0,1,0,0,0,CALL,0,1,1,0,0,0,JG,0,0,4308227,4316271,4308236,1,0,1,0,fortran,1.217816179822695e-11,1.0,1,0,1
0x41bcfd,JL,6,0,8532,6,0x41bcfa,CMP,1,NonLeaf,eax(MOVSXD) ,rflags ,CMP,3,MOVSXD,8,JZ,6,CMP,7,CALL_NEAR,5,CMP,3,JLE,6,CMP,3,JNLE,6,SUB,3,0,1,0,0,0,CALL,0,1,1,0,0,0,JLE,0,0,4308210,4316753,4308227,0,0,1,0,fortran,1.217816179822695e-11,0.0,0,0,0
0x41bcec,JZ,6,1,6605,6,0x41bce5,CMP,1,NonLeaf,rip(JZ) ,rflags ,CMP,7,CALL_NEAR,5,LEA,8,CALL_NEAR,5,MOV,5,MOVSXD,8,CMP,3,JL,6,CMP,3,JLE,6,0,1,0,0,0,CALL,0,1,1,0,0,0,JL,0,0,4308197,4314809,4308210,0,0,1,0,fortran,1.217816179822695e-11,0.1666666666666666,0,0,0
0x41bc44,JLE,1,0,4044,6,0x41bc3b,TEST,1,NonLeaf,eax(MOV) eax(MOV) ,rflags ,MOV,7,TEST,2,MOV,11,MOV,6,CALL_NEAR,5,LEA,8,MOV,8,LEA,8,AND,3,MOV,8,0,1,0,0,0,CALL,0,1,1,0,0,0,MOV,0,0,4308010,4312080,4308042,0,0,1,1,fortran,2.029693633037825e-12,0.0,0,0,0
0x41bbbf,JS,1,0,8964,6,0x41bbbd,TEST,1,NonLeaf,eax(MOV) eax(MOV) ,rflags ,TEST,2,MOV,10,MOV,7,CALL_NEAR,5,LEA,8,CMOVNZ,3,MOV,11,LEA,8,MOV,6,MOV,12,0,1,0,0,0,JMP,0,0,1,0,0,0,MOV,0,0,4307884,4316867,4307909,0,0,1,1,fortran,2.029693633037825e-12,0.0,0,0,0
0x41ba8b,JZ,1,1,105,2,0x41ba86,CMP,1,NonLeaf,eax(-1) ,rflags ,MOV,2,CMP,3,CALL_NEAR,5,SUB,7,PUSH,1,LEA,8,MOV,12,MOV,11,MOV,11,MOV,11,0,1,0,0,0,CALL,0,1,1,0,0,0,CALL,0,1,4307590,4307700,4307597,0,0,1,1,fortran,2.029693633037825e-12,1.0,1,0,1
0x41ba4d,JZ,1,0,6,2,0x41ba48,TEST,0,NonLeaf,al(-1) ,rflags ,MOVSQ,3,TEST,2,SHR,3,MOV,2,MOV,5,MOV,2,MOV,2,ADD,7,POP,1,POP,1,0,0,1,0,0,RET,0,0,1,0,0,0,MOV,0,0,4307533,4307539,4307535,0,0,0,1,fortran,2.029693633037825e-12,0.0,0,0,0
0x41ba20,JZ,1,1,35,2,0x41ba06,TEST,1,NonLeaf,r15b(-1) ,rflags ,MOV,5,MOV,3,MOV,3,MOV,11,TEST,4,MOV,7,LEA,7,LEA,7,MOV,7,MOV,5,0,1,1,0,0,TEST,0,0,1,0,0,0,MOV,0,0,4307462,4307523,4307490,0,0,0,1,fortran,2.029693633037825e-12,1.0,1,0,1
0x41b8fe,JNZ,1,1,264,6,0x41b8fc,TEST,1,NonLeaf,eax(MOV) eax(MOV) ,rflags ,TEST,2,MOV,6,JNZ,2,CMP,7,CALL_NEAR,5,LEA,8,MOV,11,MOV,12,MOV,11,MOV,12,0,1,0,0,0,JE,1,0,1,0,0,0,CALL,0,1,4307190,4307462,4307204,0,0,1,1,fortran,2.029693633037825e-12,1.0,1,0,1
0x41b8f4,JNZ,608,607,-91,2,0x41b8ed,CMP,1,NonLeaf,rip(JNZ) ,rflags ,CMP,7,CALL_NEAR,5,MOV,3,MOV,5,NOP,1,MOV,6,TEST,2,JNZ,6,LEA,8,MOV,11,0,0,0,0,0,JNE,0,0,1,0,0,0,JNE,0,0,4307181,4307097,4307190,0,0,0,0,fortran,1.2340537288869974e-09,0.9983552631578948,1,0,1
0x41b8d4,JNZ,929,826,-513,6,0x41b8d0,CMP,1,NonLeaf,rbx(ADD) rsp(-1) ,rflags ,CMP,4,ADD,4,JNZ,6,CMP,4,ADD,4,JMP,5,NOP,1,MOV,5,MOV,3,CALL_NEAR,5,0,0,0,1,1,NOP,0,0,1,0,0,0,JMP,1,0,4307148,4306643,4307162,0,0,1,0,fortran,1.88558538509214e-09,0.8891280947255114,1,1,1
0x41b8c6,JNZ,8362,7433,-470,6,0x41b8c2,CMP,1,NonLeaf,rsp(-1) r12(ADD) ,rflags ,CMP,4,ADD,4,MOV,2,MOV,2,JZ,2,ADD,4,CMP,4,JNZ,6,JMP,5,NOP,1,0,0,0,1,1,JE,0,0,1,0,0,0,JNE,1,0,4307134,4306672,4307148,0,0,1,0,fortran,1.6972298159462294e-08,0.888902176512796,1,1,1
0x41b8b8,JZ,1961,0,6,2,0x41b8b3,TEST,0,NonLeaf,al(-1) ,rflags ,MOVSQ,3,TEST,2,SHR,3,MOV,2,JNZ,6,MOV,2,MOV,2,ADD,4,CMP,4,JNZ,6,0,0,1,0,0,JNE,0,0,1,0,0,0,MOV,0,0,4307128,4307134,4307130,0,0,0,1,fortran,3.980229214387175e-09,0.0,0,0,0
0x41b8a8,JNZ,1961,0,320,6,0x41b899,TEST,1,NonLeaf,r15b(-1) ,rflags ,MOV,5,MOV,3,MOV,3,TEST,4,JNZ,2,MOV,2,SHR,3,TEST,2,MOVSQ,3,JZ,2,0,1,0,0,0,JMP,0,0,1,1,0,0,TEST,0,0,4307097,4307432,4307118,0,0,1,0,fortran,3.980229214387175e-09,0.0,0,0,0
0x41b897,JNZ,1918,608,73,2,0x41b895,TEST,1,NonLeaf,eax(-1) eax(-1) ,rflags ,TEST,2,CALL_NEAR,5,LEA,5,LEA,8,JLE,2,TEST,4,MOV,3,MOV,3,MOV,5,JNZ,6,0,1,0,0,0,CALL,0,1,0,0,0,0,JNE,0,0,4307093,4307168,4307097,0,0,1,0,fortran,3.892952388166549e-09,0.3169968717413973,0,0,0
0x41b881,JLE,1962,44,24,2,0x41b87e,CMP,1,NonLeaf,edi(-1) ,rflags ,CMP,3,JNZ,6,CMP,3,ADD,3,SBB,3,LEA,8,LEA,5,CALL_NEAR,5,TEST,2,JNZ,2,0,1,0,0,0,JNE,0,0,1,0,0,0,CALL,0,1,4307070,4307097,4307075,0,0,0,1,fortran,3.982258908020213e-09,0.0224260958205912,0,0,0
0x41b878,JNZ,17658,15696,-136,6,0x41b875,CMP,1,NonLeaf,edx(ADD) ,rflags ,CMP,3,ADD,3,SBB,3,CMP,3,JNZ,2,CMP,3,JLE,2,LEA,8,LEA,5,CALL_NEAR,5,0,0,0,1,1,NOP,0,0,1,1,0,0,JLE,1,0,4307052,4306928,4307070,0,0,0,0,fortran,3.5840330172181914e-08,0.8888888888888888,1,1,1
0x41b86a,JNZ,158922,141264,-106,2,0x41b866,SUB,1,NonLeaf,rsi(SUB) ,rsi rflags ,SUB,4,ADD,4,CMOVZ,4,LEA,4,CMP,3,CMP,3,SBB,3,ADD,3,CMP,3,JNZ,6,1,1,1,1,1,JNE,0,0,1,1,0,0,JNE,0,0,4306944,4306944,4307052,1,0,0,0,fortran,3.225629715496372e-07,0.8888888888888888,1,1,1
0x41b717,JZ,8363,6401,423,6,0x41b715,TEST,1,NonLeaf,edx(MOV) edx(MOV) ,rflags ,TEST,2,MOV,7,LEA,4,LEA,5,LEA,4,LEA,7,MOV,11,MOV,9,MOV,9,MOV,9,1,1,0,0,0,JNE,0,0,1,0,0,0,NOP,0,0,4306672,4307134,4306717,0,0,0,1,fortran,1.6974327853095333e-08,0.7653951931125195,1,0,1
0x41b6ae,JZ,104,104,6,2,0x41b6a9,TEST,0,NonLeaf,al(-1) ,rflags ,MOVSQ,3,TEST,2,SHR,3,MOV,2,MOV,5,MOV,2,MOV,2,LEA,4,MOV,3,MOV,3,0,1,1,0,0,MOV,0,0,1,0,0,0,MOV,0,0,4306606,4306612,4306608,0,0,1,1,fortran,2.1108813783593378e-10,1.0,1,0,1
0x41b681,JZ,104,0,35,2,0x41b67d,TEST,1,NonLeaf,r12b(LEA) ,rflags ,TEST,4,SUB,7,PUSH,1,MOV,3,PUSH,1,MOV,7,LEA,7,LEA,7,MOV,7,MOV,5,0,1,1,0,0,TEST,0,0,1,0,0,0,MOV,0,0,4306512,4306596,4306563,0,0,0,1,fortran,2.1108813783593378e-10,0.0,0,0,0
0x41b3e2,JNZ,249519,0,14,2,0x41b3df,TEST,1,NonLeaf,r15d(-1) r15d(-1) ,rflags ,TEST,3,JNZ,2,TEST,2,MOV,7,JNZ,2,MOV,4,MOV,3,JMP,5,MOV,4,MOV,3,0,0,0,0,0,JE,0,0,0,0,0,0,JMP,0,0,4305887,4305904,4305892,0,0,0,0,fortran,5.064471256219651e-07,0.0,0,1,0
0x41b3dd,JNZ,249519,0,19,2,0x41b3db,TEST,1,NonLeaf,ecx(MOV) ecx(MOV) ,rflags ,TEST,2,MOV,7,JNZ,2,TEST,2,MOV,7,TEST,3,JNZ,2,MOV,4,MOV,3,JMP,5,0,0,0,0,0,JE,0,0,1,0,0,0,JNE,0,0,4305876,4305904,4305887,0,0,0,0,fortran,5.064471256219651e-07,0.0,0,0,0
0x41b3d2,JNZ,249519,0,30,2,0x41b3d0,TEST,1,NonLeaf,esi(MOV) esi(MOV) ,rflags ,TEST,2,MOV,7,XOR,3,JMP,5,MOV,10,MOV,7,TEST,2,JNZ,2,TEST,3,JNZ,2,0,1,0,0,0,JE,0,0,1,0,0,0,JNE,0,0,4305865,4305904,4305876,0,0,0,0,fortran,5.064471256219651e-07,0.0,0,0,0
0x41b3ae,JZ,35,35,9,2,0x41b3ac,TEST,1,NonLeaf,al(-1) ,rflags ,TEST,2,ADD,4,MOV,4,MOVZX,4,JZ,2,MOVZX,4,MOV,3,MOV,10,JMP,5,XOR,3,0,1,1,0,0,JMP,0,0,1,0,0,0,MOV,0,0,4305836,4305847,4305840,0,0,1,1,fortran,7.103927715632387e-11,1.0,1,0,1
0x41b39e,JZ,35,35,14,2,0x41b39c,TEST,1,NonLeaf,al(-1) ,rflags ,TEST,2,MOV,5,MOV,2,MOV,2,JZ,2,MOVZX,4,MOV,4,ADD,4,TEST,2,JZ,2,0,1,1,0,0,JE,0,0,1,0,0,0,ADD,0,0,4305820,4305836,4305824,0,0,0,1,fortran,7.103927715632387e-11,1.0,1,0,1
0x41b391,JZ,35,0,11,2,0x41b38c,TEST,0,NonLeaf,al(-1) ,rflags ,MOVSQ,3,TEST,2,SHR,3,XOR,2,MOV,2,MOV,2,MOV,2,MOV,5,TEST,2,JZ,2,0,1,1,0,0,JE,0,0,1,0,0,0,MOV,0,0,4305809,4305820,4305811,0,0,0,1,fortran,7.103927715632387e-11,0.0,0,0,0
0x41b373,JZ,35,35,18,2,0x41b36f,TEST,1,NonLeaf,dil(-1) ,rflags ,TEST,4,MOV,4,SUB,3,ADD,4,ADD,4,MOV,2,ADD,4,ADD,4,SUB,3,MOV,3,0,1,1,0,0,TEST,0,0,1,0,0,0,MOV,0,0,4305775,4305797,4305781,0,1,0,1,fortran,7.103927715632387e-11,1.0,1,0,1
0x41b35b,JZ,35,35,20,2,0x41b357,TEST,1,NonLeaf,dil(-1) ,rflags ,TEST,4,MOV,5,MOV,3,MOV,5,ADD,4,MOVZX,3,ADD,4,ADD,4,SUB,3,MOV,4,0,1,1,0,0,JE,0,0,1,0,0,0,MOV,0,0,4305751,4305775,4305757,0,1,0,1,fortran,7.103927715632387e-11,1.0,1,0,1
0x41b33d,JZ,35,35,26,2,0x41b339,TEST,1,NonLeaf,dil(MOV) ,rflags ,TEST,4,MOV,5,MOV,5,MOV,8,CALL_NEAR,5,MOVZX,7,ADD,4,MOV,5,MOV,3,MOV,5,0,1,1,0,0,JE,0,0,1,0,0,0,MOV,0,0,4305703,4305751,4305727,0,1,0,1,fortran,7.103927715632387e-11,1.0,1,0,1
0x41b29d,JZ,110296,110296,-1283,6,0x41b29b,TEST,1,NonLeaf,al(-1) ,rflags ,TEST,2,ADD,4,MOV,4,MOVZX,4,JZ,2,MOVZX,4,MOV,3,JMP,5,XOR,3,XOR,3,0,0,1,0,0,RET,0,0,1,0,0,0,JMP,0,0,4305563,4304282,4305571,0,0,0,1,fortran,2.2386708894953998e-07,1.0,1,0,1
0x41b28d,JZ,110296,110296,14,2,0x41b28b,TEST,1,NonLeaf,al(-1) ,rflags ,TEST,2,MOV,5,MOV,2,MOV,2,JZ,2,MOVZX,4,MOV,4,ADD,4,TEST,2,JZ,6,0,1,1,0,0,JE,0,0,1,0,0,0,ADD,0,0,4305547,4305563,4305551,0,0,0,1,fortran,2.2386708894953998e-07,1.0,1,0,1
0x41b280,JZ,110296,0,11,2,0x41b27b,TEST,0,NonLeaf,al(-1) ,rflags ,MOVSQ,3,TEST,2,SHR,3,XOR,2,MOV,2,MOV,2,MOV,2,MOV,5,TEST,2,JZ,2,0,1,1,0,0,JE,0,0,1,0,0,0,MOV,0,0,4305536,4305547,4305538,0,0,0,1,fortran,2.2386708894953998e-07,0.0,0,0,0
0x41b262,JZ,110296,110296,18,2,0x41b25e,TEST,1,NonLeaf,dil(-1) ,rflags ,TEST,4,MOV,4,SUB,3,ADD,4,ADD,4,MOV,2,ADD,4,ADD,4,SUB,3,MOV,3,0,1,1,0,0,TEST,0,0,1,0,0,0,MOV,0,0,4305502,4305524,4305508,0,1,0,1,fortran,2.2386708894953998e-07,1.0,1,0,1
0x41b24a,JZ,110296,110296,20,2,0x41b246,TEST,1,NonLeaf,dil(-1) ,rflags ,TEST,4,MOV,5,MOV,3,MOV,5,ADD,4,MOVZX,3,ADD,4,ADD,4,SUB,3,MOV,4,0,1,1,0,0,JE,0,0,1,0,0,0,MOV,0,0,4305478,4305502,4305484,0,1,0,1,fortran,2.2386708894953998e-07,1.0,1,0,1
0x41b22c,JZ,110296,110296,26,2,0x41b228,TEST,1,NonLeaf,dil(MOV) ,rflags ,TEST,4,MOV,5,MOV,5,MOV,8,CALL_NEAR,5,MOVZX,7,ADD,4,MOV,5,MOV,3,MOV,5,0,1,1,0,0,JE,0,0,1,0,0,0,MOV,0,0,4305430,4305478,4305454,0,1,0,1,fortran,2.2386708894953998e-07,1.0,1,0,1
0x41b1ea,JNZ,110296,0,-1104,6,0x41b1cc,CMP,1,NonLeaf,r14d(-1) ,rflags ,MOV,7,MOV,7,MOV,6,MOV,6,CMP,4,LEA,8,MOV,10,CALL_NEAR,5,MOV,5,MOV,5,0,0,1,0,0,RET,1,0,1,0,0,0,CALL,0,1,4305356,4304282,4305392,0,0,0,1,fortran,2.2386708894953998e-07,0.0,0,0,0
0x41b1c6,JNZ,1032362,922066,-2267,6,0x41b1c0,CMP,1,NonLeaf,rsp(-1) ,rflags ,CMP,6,ADD,6,ADD,12,ADD,9,ADD,9,CMP,4,MOV,6,MOV,6,MOV,7,MOV,7,0,0,0,1,1,MOV,0,0,1,0,0,0,JNE,1,0,4305298,4303083,4305356,0,0,1,1,fortran,2.0953785783901958e-06,0.8931615073007336,1,1,1
0x41b17f,JNZ,748557,499038,-75,2,0x41b17a,CMP,1,NonLeaf,rsp(-1) rdi(MOV) ,rflags ,CMP,5,MOV,5,ADD,6,MOV,8,JNZ,2,CMP,4,SETZ,4,MOVZX,4,JMP,5,ADD,6,0,0,0,1,1,JG,0,0,1,1,0,0,JMP,1,0,4305263,4305204,4305281,0,0,0,0,fortran,1.5193413768658953e-06,0.6666666666666666,1,1,1
0x41b165,JNZ,2245671,1497114,-22,2,0x41b162,CMP,1,NonLeaf,rsi(ADD) rbx(-1) ,rflags ,CMP,3,ADD,4,CMOVZ,4,LEA,4,CMP,7,MOV,8,ADD,6,MOV,5,CMP,5,JNZ,2,1,1,1,1,1,JNE,0,0,1,1,0,0,MOV,0,0,4305231,4305231,4305255,1,0,0,0,fortran,4.558024130597685e-06,0.6666666666666666,1,1,1
0x41b13e,JNLE,748557,0,49,2,0x41b139,CMP,1,NonLeaf,rsp(-1) rdi(MOV) ,rflags ,CMP,5,MOV,5,MOV,5,LEA,8,ADD,5,MOV,8,MOV,5,XOR,2,CMP,7,LEA,4,1,1,1,0,0,JNE,0,0,1,0,0,0,XOR,0,0,4305204,4305263,4305216,0,0,1,1,fortran,1.5193413768658953e-06,0.0,0,0,0
0x41b0f3,JNLE,249519,0,723,6,0x41b0dc,CMP,1,NonLeaf,rax(-1) rdx(-1) ,rflags ,LEA,4,MOV,5,MOV,7,MOVZX,4,CMP,3,LEA,4,MOV,5,ADD,3,ADD,3,SHL,4,0,1,0,0,0,XOR,0,0,1,0,0,0,MOV,0,0,4304923,4305862,4305145,0,0,0,1,fortran,5.064471256219651e-07,0.0,0,0,0
0x41ae7c,JZ,9330439,1032362,790,6,0x41ae76,CMP,1,NonLeaf,rsp(-1) ,rflags ,CMP,6,ADD,6,ADD,6,ADD,6,ADD,3,MOV,4,JMP,5,TEST,3,MOV,5,MOV,5,0,1,0,0,0,JNE,1,0,1,0,0,0,JMP,0,0,4304452,4305298,4304514,0,0,1,1,fortran,1.893793263174781e-05,0.1106445259435274,0,0,0
0x41ae3a,JZ,9330439,249519,81,2,0x41ae37,CMP,1,NonLeaf,ecx(SBB) ,rflags ,CMP,3,SBB,3,CMP,3,SBB,3,CMP,4,MOV,5,MOV,3,MOV,7,ADD,6,ADD,4,0,1,0,0,0,SETE,0,0,1,0,0,0,MOV,0,0,4304388,4304523,4304444,0,0,1,0,fortran,1.893793263174781e-05,0.0267424716028902,0,0,0
0x41adc2,JZ,6558142,4696777,5,2,0x41adbf,TEST,1,NonLeaf,r12d(MOV) r12d(MOV) ,rflags ,TEST,3,SETNZ,3,TEST,3,XOR,2,MOV,7,ADD,3,MOV,7,MOV,7,MOV,7,MOV,7,0,0,1,0,0,MOV,0,0,0,0,0,0,ADD,0,0,4304304,4304327,4304324,0,0,1,0,fortran,1.3311019061957948e-05,0.7161749471115447,1,0,1
0x41ad70,JNZ,1535,0,1343,6,0x41ad6b,TEST,1,NonLeaf,ebp(-1) ebp(-1) ,rflags ,NOP,3,TEST,2,JNZ,6,TEST,3,JNZ,6,MOV,4,MOV,7,MOV,6,MOV,3,MOV,6,0,1,0,0,0,XOR,0,0,0,0,0,0,MOV,1,0,4304235,4305583,4304246,0,0,0,1,fortran,3.115579726713061e-09,0.0,0,1,0
0x41ad65,JNZ,6184,4649,1357,6,0x41ad62,TEST,1,NonLeaf,r11d(-1) r11d(-1) ,rflags ,TEST,3,JNZ,6,TEST,3,JNZ,6,MOV,2,TEST,2,NOP,3,JNZ,6,MOV,4,MOV,7,0,1,0,0,0,XOR,0,0,1,0,0,0,JNE,0,0,4304226,4305586,4304235,0,0,0,0,fortran,1.2551625426705912e-08,0.7517787839586029,1,0,1
0x41ad5c,JNZ,41886,35702,1369,6,0x41ad59,TEST,1,NonLeaf,r10d(-1) r10d(-1) ,rflags ,TEST,3,JNZ,6,MOV,2,MOV,7,MOV,7,TEST,3,JNZ,6,TEST,2,NOP,3,JNZ,6,0,1,0,0,0,XOR,0,0,1,0,0,0,JNE,0,0,4304217,4305589,4304226,0,0,0,0,fortran,8.501574751342234e-08,0.852361170796925,1,0,1
0x41ad53,JNZ,124919,83033,1382,6,0x41ad39,TEST,1,NonLeaf,r9d(-1) r9d(-1) ,rflags ,MOV,2,MOV,7,MOV,7,MOV,7,TEST,3,TEST,3,JNZ,6,TEST,3,JNZ,6,TEST,2,0,0,0,0,0,JMP,0,0,1,0,0,0,JNE,0,0,4304185,4305593,4304217,0,0,1,0,fortran,2.535472989454521e-07,0.6646947221799726,1,0,1
0x41ad33,JNZ,303229,178310,1443,6,0x41ad2a,TEST,1,NonLeaf,esi(-1) esi(-1) ,rflags ,MOV,7,TEST,2,JNZ,6,TEST,2,JNZ,6,TEST,3,MOV,7,MOV,7,MOV,7,MOV,2,0,0,0,0,0,JMP,0,0,1,0,0,0,JNE,0,0,4304170,4305622,4304185,0,0,0,0,fortran,6.154619706524267e-07,0.5880374238611742,1,0,1
0x41ad24,JNZ,814683,511454,1451,6,0x41ad22,TEST,1,NonLeaf,ecx(-1) ecx(-1) ,rflags ,TEST,2,JNZ,6,TEST,2,MOV,7,MOV,7,TEST,2,MOV,7,JNZ,6,TEST,3,MOV,7,0,0,0,0,0,MOV,0,0,1,0,0,0,JNE,0,0,4304162,4305615,4304170,0,0,0,0,fortran,1.6535568980441544e-06,0.6277951055809438,1,0,1
0x41ad1c,JNZ,1534748,720065,1459,6,0x41ad1a,TEST,1,NonLeaf,edi(MOV) edi(MOV) ,rflags ,TEST,2,MOV,7,MOV,7,MOV,7,JNZ,6,TEST,2,JNZ,6,TEST,2,MOV,7,JNZ,6,0,1,0,0,0,MOV,0,0,1,0,0,0,JNE,0,0,4304133,4305615,4304162,0,0,0,0,fortran,3.115068243917536e-06,0.4691747439970601,0,0,0
0x41acff,JNZ,2773832,1239084,2368,6,0x41acfc,TEST,1,NonLeaf,r12d(MOV) r12d(MOV) ,rflags ,TEST,3,MOV,7,JNZ,6,TEST,2,MOV,4,MOV,7,MOV,7,MOV,7,TEST,2,JNZ,6,0,1,0,0,0,JMP,0,0,1,0,0,0,JNE,0,0,4304117,4306495,4304133,0,0,0,0,fortran,5.630029149516577e-06,0.4467047751990747,0,0,0
0x41acef,JNZ,6580174,3806342,1534,6,0x41aced,TEST,1,NonLeaf,ecx(MOV) ecx(MOV) ,rflags ,TEST,2,MOV,4,JNZ,6,TEST,2,MOV,2,MOV,7,TEST,3,JNZ,6,MOV,7,MOV,7,0,1,0,0,0,JMP,0,0,1,0,0,0,JNE,0,0,4304105,4305645,4304117,0,0,0,0,fortran,1.3355737272081038e-05,0.5784561320110988,1,0,1
0x41ace3,JNZ,9331974,2751800,201,6,0x41ace1,TEST,1,NonLeaf,esi(MOV) esi(MOV) ,rflags ,TEST,2,MOV,2,MOV,5,JZ,6,OR,2,MOV,4,TEST,2,JNZ,6,MOV,7,TEST,3,0,1,0,0,0,MOV,0,0,1,0,0,0,JNE,0,0,4304090,4304300,4304105,0,0,0,0,fortran,1.8941048211474523e-05,0.2948786612564501,0,0,0
0x41acd4,JZ,9332718,744,162,6,0x41acd2,OR,1,NonLeaf,esi(OR) edi(-1) ,esi rflags ,OR,2,JNZ,2,CMP,3,ADD,4,JNZ,2,MOV,5,MOV,2,TEST,2,JNZ,6,MOV,4,0,0,0,0,0,MOV,1,0,1,0,0,0,JNE,0,0,4304082,4304246,4304090,0,0,1,0,fortran,1.8942558303537505e-05,7.97195415097724e-05,0,0,0
0x41acd0,JNZ,27998154,18665436,-48,2,0x41accd,CMP,1,NonLeaf,r9(ADD) r11(-1) ,rflags ,CMP,3,ADD,4,JNZ,2,CMP,3,ADD,4,OR,2,JZ,6,MOV,5,MOV,2,TEST,2,0,0,0,1,1,JG,0,0,1,1,0,0,JE,1,0,4304073,4304032,4304082,0,0,0,0,fortran,5.6827674910612514e-05,0.6666666666666666,1,1,1
0x41acc7,JNZ,83994462,55996308,-23,2,0x41acc4,CMP,1,NonLeaf,rcx(ADD) r10(-1) ,rflags ,CMP,3,ADD,4,CMOVZ,4,LEA,4,CMP,8,ADD,4,CMP,3,JNZ,2,OR,2,JZ,6,1,1,1,1,1,JNE,0,0,0,1,0,0,JNE,0,0,4304048,4304048,4304073,1,0,0,0,fortran,0.0001704830247318,0.6666666666666666,1,1,1
0x41aca3,JNLE,27998154,0,38,2,0x41aca0,CMP,1,NonLeaf,rax(-1) rdx(-1) ,rflags ,CMP,3,NOP,8,XOR,2,LEA,8,SUB,3,XOR,2,NOP,9,CMP,8,LEA,4,CMOVZ,4,1,1,1,0,0,JNE,0,0,1,0,0,0,NOP,0,0,4304032,4304073,4304037,0,0,0,0,fortran,5.6827674910612514e-05,0.0,0,0,0
0x41ac51,JNZ,27998154,18665436,-41,2,0x41ac4e,CMP,1,NonLeaf,r9(ADD) r10(-1) ,rflags ,CMP,3,ADD,4,JNZ,2,CMP,3,ADD,4,MOV,8,LEA,5,MOV,5,ADD,3,LEA,8,0,0,0,1,1,JG,0,0,1,1,0,0,NOP,1,0,4303946,4303912,4303955,0,0,0,0,fortran,5.6827674910612514e-05,0.6666666666666666,1,1,1
0x41ac48,JNZ,83994462,55996308,-16,2,0x41ac45,CMP,1,NonLeaf,r8(LEA) rcx(ADD) ,rflags ,CMP,3,ADD,4,CMOVZ,3,LEA,3,CMP,3,ADD,4,CMP,3,JNZ,2,MOV,8,LEA,5,1,1,1,1,1,JNE,0,0,0,1,0,0,JNE,0,0,4303928,4303928,4303946,1,0,0,0,fortran,0.0001704830247318,0.6666666666666666,1,1,1
0x41ac2b,JNLE,27998154,0,31,2,0x41ac28,CMP,1,NonLeaf,rax(-1) rdx(-1) ,rflags ,CMP,3,NOP,4,LEA,8,LEA,8,ADD,3,LEA,4,MOV,3,NOP,4,CMP,3,LEA,3,1,1,1,0,0,JNE,0,0,1,0,0,0,NOP,0,0,4303912,4303946,4303917,0,0,0,0,fortran,5.6827674910612514e-05,0.0,0,0,0
0x41abdc,JNLE,9332718,0,410,6,0x41abd3,CMP,1,NonLeaf,rcx(MOVSXD) rdi(MOVSXD) ,rflags ,CDQE,2,MOV,4,CMP,3,MOVSXD,3,MOVSXD,3,LEA,4,ADD,3,MOVSXD,3,LEA,4,LEA,5,0,1,0,0,0,MOV,1,0,1,0,0,0,NOP,0,0,4303765,4304246,4303842,0,1,1,1,fortran,1.8942558303537505e-05,0.0,0,0,0
0x41ab8f,JZ,9337565,4847,1894,6,0x41ab8d,OR,0,NonLeaf,edx(-1) eax(-1) ,edx rflags ,OR,2,ADD,2,SETZ,3,CMP,7,XOR,2,MOV,5,MOV,5,IMUL,2,MOV,2,SAR,3,0,0,0,0,0,JMP,1,0,1,0,0,0,JG,0,0,4303508,4305653,4303765,0,0,1,1,fortran,1.895239622857684e-05,0.0005190860786511,0,0,0
0x41aa8e,JZ,9342052,4487,2151,6,0x41aa8c,OR,1,NonLeaf,edx(OR) eax(ADD) ,edx rflags ,OR,2,ADD,2,SETZ,3,CMP,4,XOR,2,MOV,5,XOR,2,CMP,3,SETZ,3,CMP,4,0,1,0,0,0,JMP,1,0,1,0,0,0,JE,0,0,4303480,4305653,4303508,0,0,1,1,fortran,1.896150346390828e-05,0.0004803013299433,0,0,0
0x41a89a,JNZ,1097181,975272,-302,6,0x41a896,CMP,1,NonLeaf,rax(ADD) ,rflags ,CMP,4,ADD,4,ADD,4,ADD,4,MOV,7,MOV,6,MOV,7,MOV,5,MOV,12,MOV,12,0,0,0,1,1,JE,0,0,1,1,0,0,MOV,1,0,4302986,4302700,4303008,0,0,0,1,fortran,2.226941289990074e-06,0.8888888888888888,1,1,1
0x41a86e,JZ,1097181,779905,28,2,0x41a86a,CMP,1,NonLeaf,rdx(-1) ,rflags ,CMP,4,MOV,7,LEA,5,LEA,4,LEA,4,MOV,3,MOVSXD,3,LEA,4,LEA,4,LEA,5,0,1,1,0,0,JNE,0,0,1,0,0,0,MOV,0,0,4302954,4302986,4302960,1,0,0,1,fortran,2.226941289990074e-06,0.7108261991412538,1,0,1
0x41a84e,JZ,1097181,780350,28,2,0x41a84a,CMP,1,NonLeaf,rdx(-1) ,rflags ,CMP,4,MOV,7,LEA,5,LEA,4,LEA,4,MOV,3,MOVSXD,3,LEA,4,LEA,4,LEA,5,0,1,1,0,0,JE,0,0,1,0,0,0,MOV,0,0,4302922,4302954,4302928,0,0,0,1,fortran,2.226941289990074e-06,0.7112317839991761,1,0,1
0x41a82e,JZ,1097181,782604,28,2,0x41a82a,CMP,1,NonLeaf,rdx(-1) ,rflags ,CMP,4,MOV,7,LEA,5,LEA,4,LEA,4,MOV,3,MOVSXD,3,LEA,4,LEA,4,LEA,5,0,1,1,0,0,JE,0,0,1,0,0,0,MOV,0,0,4302890,4302922,4302896,0,0,0,1,fortran,2.226941289990074e-06,0.7132861396615509,1,0,1
0x41a80e,JZ,1097181,784409,28,2,0x41a80a,CMP,1,NonLeaf,rdx(-1) ,rflags ,CMP,4,MOV,7,LEA,5,LEA,4,LEA,4,MOV,3,MOVSXD,3,LEA,4,LEA,4,LEA,5,0,1,1,0,0,JE,0,0,1,0,0,0,MOV,0,0,4302858,4302890,4302864,0,0,0,1,fortran,2.226941289990074e-06,0.7149312647594153,1,0,1
0x41a7ee,JZ,1097181,779209,28,2,0x41a7ea,CMP,1,NonLeaf,rdx(-1) ,rflags ,CMP,4,MOV,7,LEA,5,LEA,4,LEA,4,MOV,3,MOVSXD,3,LEA,4,LEA,4,LEA,5,0,1,1,0,0,JE,0,0,1,0,0,0,MOV,0,0,4302826,4302858,4302832,0,0,0,1,fortran,2.226941289990074e-06,0.7101918461949305,1,0,1
0x41a7ce,JZ,1097181,775259,28,2,0x41a7ca,CMP,1,NonLeaf,rdx(-1) ,rflags ,CMP,4,MOV,7,LEA,5,LEA,4,LEA,4,MOV,3,MOVSXD,3,LEA,4,LEA,4,LEA,5,0,1,1,0,0,JE,0,0,1,0,0,0,MOV,0,0,4302794,4302826,4302800,0,0,0,1,fortran,2.226941289990074e-06,0.706591710939216,1,0,1
0x41a7ae,JZ,1097181,768774,28,2,0x41a7aa,CMP,1,NonLeaf,rdx(-1) ,rflags ,CMP,4,MOV,7,LEA,5,LEA,4,LEA,4,MOV,3,MOVSXD,3,LEA,4,LEA,4,LEA,5,0,1,1,0,0,JE,0,0,1,0,0,0,MOV,0,0,4302762,4302794,4302768,0,0,0,1,fortran,2.226941289990074e-06,0.7006811091333153,1,0,1
0x41a78e,JZ,1097181,746328,28,2,0x41a78a,CMP,1,NonLeaf,rdx(-1) ,rflags ,CMP,4,MOV,7,LEA,5,LEA,4,LEA,4,MOV,3,MOVSXD,3,LEA,4,LEA,4,LEA,5,0,1,1,0,0,JE,0,0,1,0,0,0,MOV,0,0,4302730,4302762,4302736,0,0,0,1,fortran,2.226941289990074e-06,0.6802232266143873,1,0,1
0x41a76f,JZ,1097181,664681,27,2,0x41a76c,CMP,1,NonLeaf,rdx(-1) ,rflags ,CMP,3,MOV,5,MOV,5,LEA,8,JNZ,2,MOV,2,MOVSXD,3,LEA,4,LEA,4,LEA,5,1,1,1,0,0,JE,0,0,1,0,0,0,MOV,0,0,4302700,4302730,4302705,0,0,0,1,fortran,2.226941289990074e-06,0.6058079751654467,1,0,1
0x41a758,JNZ,1097181,975272,-102,2,0x41a755,SUB,1,NonLeaf,ecx(SUB) ,ecx rflags ,SUB,3,ADD,4,ADD,4,SETNZ,4,TEST,3,LEA,8,MOV,5,MOV,5,CMP,3,JZ,2,1,1,1,1,1,JNE,0,0,1,1,0,0,MOV,1,0,4302578,4302578,4302682,1,0,1,0,fortran,2.226941289990074e-06,0.8888888888888888,1,1,1
0x41a6c5,JNZ,121944,35,3155,6,0x41a6c2,TEST,1,NonLeaf,r14d(MOV) r14d(MOV) ,rflags ,TEST,3,MOV,6,SETZ,3,CMP,2,XOR,2,LEA,8,MOV,11,MOV,10,MOV,5,MOV,5,0,1,0,0,0,CALL,1,1,1,0,0,0,MOV,1,0,4302509,4305688,4302539,0,0,1,1,fortran,2.4750896038716453e-07,0.0002870169914058,0,0,0
0x41a6ab,JNZ,1097496,975552,-119,2,0x41a6a8,CMP,1,NonLeaf,rbp(-1) rax(ADD) ,rflags ,CMP,3,ADD,4,CMOVNZ,3,LEA,3,TEST,3,MOV,8,XOR,2,CMP,2,SETZ,3,MOV,6,1,1,1,1,1,JNE,0,0,1,1,0,0,JNE,1,0,4302388,4302388,4302509,1,0,0,1,fortran,2.2275806434844807e-06,0.8888888888888888,1,1,1
0x41a509,JNZ,1097496,975552,-122,2,0x41a503,CMP,1,NonLeaf,rax(ADD) ,rflags ,CMP,6,ADD,4,CMOVZ,3,LEA,3,TEST,3,LEA,8,LEA,8,LEA,8,MOV,6,MOV,3,1,1,1,1,1,JNE,0,0,1,1,0,0,CALL,1,1,4301967,4301967,4302091,1,0,0,1,fortran,2.2275806434844807e-06,0.8888888888888888,1,1,1
0x41a392,JNZ,1903,1295,-848,6,0x41a38e,CMP,1,Leaf,rsp(-1) ,rflags ,CMP,4,ADD,6,ADD,4,JNZ,6,CMP,5,MOV,5,JMP,5,NOP,6,MOV,9,MOV,5,0,0,0,1,1,MOV,0,0,1,0,0,0,JMP,1,0,4301700,4300866,4301720,0,0,1,0,fortran,3.862506983670981e-09,0.6805044666316342,1,1,1
0x41a37e,JNZ,5788,3885,-744,6,0x41a379,CMP,1,Leaf,rsp(-1) ,rflags ,CMP,5,ADD,6,ADD,6,ADD,6,ADD,6,ADD,4,ADD,6,CMP,4,JNZ,6,MOV,5,0,0,0,1,1,JG,0,0,1,0,0,0,JNE,1,0,4301660,4300950,4301700,0,0,0,1,fortran,1.1747866748022933e-08,0.6712163096060816,1,1,1
0x41a353,JNZ,17449,11661,-626,6,0x41a351,CMP,1,Leaf,ecx(MOV) eax(MOV) ,rflags ,CMP,2,ADD,6,MOV,4,MOV,3,MOV,3,MOV,3,ADD,5,ADD,6,ADD,6,ADD,6,0,0,0,1,1,JL,0,0,1,0,0,0,MOV,1,0,4301636,4301025,4301657,0,0,1,0,fortran,3.5416124202877014e-08,0.6682904464439223,1,1,1
0x41a336,JNZ,52410,34961,-406,6,0x41a332,CMP,1,Leaf,rsp(-1) eax(MOV) ,rflags ,CMP,4,MOV,4,ADD,6,ADD,5,JNZ,6,MOV,2,MOV,3,MOV,3,MOV,3,MOV,4,0,0,0,1,1,NOP,0,0,1,0,0,0,MOV,1,0,4301603,4301216,4301628,0,0,1,0,fortran,1.0637624330751241e-07,0.6670673535584812,1,1,1
0x41a31d,JNZ,157306,104896,-349,6,0x41a318,CMP,1,Leaf,r11d(ADD) rsp(-1) ,rflags ,CMP,5,ADD,4,ADD,4,NOP,7,JNZ,6,ADD,5,ADD,6,MOV,4,CMP,4,JNZ,6,0,0,0,1,1,JE,0,0,1,0,0,0,JNE,1,0,4301584,4301248,4301603,0,0,0,1,fortran,3.192829866386481e-07,0.6668277115939634,1,1,1
0x41a303,JNZ,15071,13503,-275,6,0x41a300,CMP,1,Leaf,eax(ADD) ,rflags ,CMP,3,ADD,3,MOV,5,ADD,4,MOV,4,NOP,7,ADD,4,ADD,4,CMP,5,JNZ,6,0,0,0,1,1,JLE,0,0,1,0,0,0,NOP,1,0,4301552,4301296,4301577,0,0,0,0,fortran,3.058951274351306e-08,0.8959591267998143,1,1,1
0x41a2e0,JNZ,182,172,-128,6,0x41a2dd,CMP,1,Leaf,ecx(ADD) ,rflags ,CMP,3,ADD,4,ADD,3,JZ,6,TEST,2,NOP,10,MOV,4,ADD,4,MOV,5,ADD,3,0,0,0,1,1,JLE,0,0,1,0,0,0,NOP,1,0,4301526,4301408,4301542,0,0,0,0,fortran,3.694042412128842e-10,0.945054945054945,1,1,1
0x41a2d0,JZ,256,74,-3153,6,0x41a2ce,TEST,1,Leaf,eax(MOV) eax(MOV) ,rflags ,TEST,2,MOV,4,MOV,5,JNZ,2,TEST,3,ADD,3,ADD,4,CMP,3,JNZ,6,NOP,10,0,0,0,0,0,XOR,1,0,1,0,0,0,JNE,0,0,4301509,4298367,4301526,0,0,0,0,fortran,5.196015700576831e-10,0.2890625,0,0,0
0x41a2c3,JNZ,511,255,-115,2,0x41a2c0,TEST,1,Leaf,r9d(MOV) r9d(MOV) ,rflags ,TEST,3,MOV,5,MOV,5,JNZ,2,TEST,2,MOV,5,MOV,4,TEST,2,JZ,6,ADD,3,0,0,0,0,0,JE,0,0,1,0,0,0,JE,0,0,4301494,4301392,4301509,0,0,0,0,fortran,1.0371734464823283e-09,0.4990215264187866,0,0,0
0x41a2b4,JNZ,1211,700,-100,2,0x41a2b2,TEST,1,Leaf,eax(MOV) eax(MOV) ,rflags ,TEST,2,MOV,4,MOV,5,JNZ,2,TEST,2,MOV,5,MOV,5,TEST,3,JNZ,2,MOV,5,0,0,0,0,0,JE,0,0,1,0,0,0,JNE,0,0,4301481,4301392,4301494,0,0,0,0,fortran,2.4579589896088063e-09,0.5780346820809249,1,0,1
0x41a2a7,JNZ,1458,247,-87,2,0x41a2a5,TEST,1,Leaf,eax(MOV) eax(MOV) ,rflags ,TEST,2,MOV,5,MOV,5,JNZ,2,TEST,2,MOV,5,MOV,4,TEST,2,JNZ,2,MOV,5,0,0,0,0,0,JE,0,0,1,0,0,0,JNE,0,0,4301467,4301392,4301481,0,0,0,0,fortran,2.959293316969149e-09,0.1694101508916323,0,0,0
0x41a299,JNZ,2209,751,-73,2,0x41a297,TEST,1,Leaf,eax(MOV) eax(MOV) ,rflags ,TEST,2,MOV,4,MOV,5,JNZ,2,TEST,2,MOV,5,MOV,5,TEST,2,JNZ,2,MOV,5,0,0,0,0,0,JE,0,0,1,0,0,0,JNE,0,0,4301454,4301392,4301467,0,0,0,0,fortran,4.4835932353805555e-09,0.339972838388411,0,0,0
0x41a28c,JNZ,2602,393,-60,2,0x41a28a,TEST,1,Leaf,eax(MOV) eax(MOV) ,rflags ,TEST,2,MOV,5,MOV,5,MOV,5,JNZ,2,MOV,5,MOV,4,TEST,2,JNZ,2,MOV,5,0,0,0,0,0,JE,0,0,1,0,0,0,JNE,0,0,4301435,4301392,4301454,0,0,0,0,fortran,5.281262833164421e-09,0.1510376633358954,0,0,0
0x41a279,JNZ,15145,12543,-41,2,0x41a275,CMP,1,Leaf,esi(-1) rax(MOV) rdi(-1) ,rflags ,CMP,4,MOV,5,JNZ,2,CMP,5,JLE,2,MOV,5,MOV,5,MOV,5,TEST,2,JNZ,2,0,0,0,0,0,JE,0,0,1,0,0,0,JNE,0,0,4301424,4301392,4301435,1,0,0,0,fortran,3.0739710072357865e-08,0.8281941234730934,1,0,1
0x41a26e,JNZ,90653,75508,-30,2,0x41a269,CMP,1,Leaf,r10d(-1) rbx(-1) rdi(-1) ,rflags ,CMP,5,JLE,2,CMP,2,JLE,2,CMP,3,MOV,5,CMP,4,JNZ,2,MOV,5,MOV,5,0,0,0,0,0,JE,0,0,1,0,0,0,JNE,0,0,4301417,4301392,4301424,1,0,0,0,fortran,1.8399781691577798e-07,0.8329343761375796,1,0,1
0x41a267,JLE,92700,45312,-23,2,0x41a265,CMP,1,Leaf,ecx(-1) ebp(-1) ,rflags ,CMP,2,JLE,2,CMP,3,JZ,6,CMP,3,CMP,5,JNZ,2,MOV,5,CMP,4,JNZ,2,0,0,0,0,0,JE,0,0,0,0,0,0,JNE,0,0,4301413,4301392,4301417,1,0,0,0,fortran,1.881525997826064e-07,0.4888025889967637,0,1,0
0x494391,JZ,1,0,68,2,0x49438e,TEST,1,NonLeaf,rax(MOV) rax(MOV) ,rflags ,TEST,3,MOV,7,MOV,7,CALL_NEAR,5,JZ,2,MOV,7,TEST,3,JZ,2,CMP,6,JZ,6,0,1,0,0,0,RET,0,0,1,0,0,0,JE,0,0,4801415,4801493,4801427,0,0,0,0,fortran,2.029693633037825e-12,0.0,0,0,0
0x41a263,JLE,135965,43265,6,2,0x41a260,CMP,1,Leaf,ecx(-1) r14d(-1) ,rflags ,CMP,3,JZ,6,CMP,3,ADD,4,ADD,3,CMP,2,JLE,2,CMP,5,JNZ,2,MOV,5,1,1,0,0,0,JNE,0,0,1,0,0,0,JLE,0,0,4301408,4301417,4301413,0,0,0,0,fortran,2.759672948159879e-07,0.3182068914794248,0,0,0
0x41a25a,JZ,135709,15061,150,6,0x41a257,CMP,1,Leaf,ecx(ADD) ,rflags ,CMP,3,ADD,4,ADD,3,NOP,6,JMP,2,CMP,3,JLE,2,CMP,2,JLE,2,CMP,5,0,0,0,0,0,JNE,1,0,0,0,1,1,JLE,0,0,4301392,4301552,4301408,0,0,0,0,fortran,2.754476932459302e-07,0.1109801118569881,0,0,0
0x41a21f,JNZ,104930,89785,-63,2,0x41a21a,CMP,1,Leaf,r10d(MOV) rdi(MOV) rdx(-1) ,rflags ,CMP,5,MOV,5,MOV,5,MOV,5,MOV,5,ADD,5,XOR,2,MOV,4,MOV,5,MOV,5,0,0,0,0,0,JE,0,0,1,0,0,0,JMP,0,0,4301318,4301280,4301345,1,0,0,1,fortran,2.12975752914659e-07,0.8556656818831602,1,0,1
0x41a204,JNZ,629380,524450,-36,2,0x41a1ff,CMP,1,Leaf,esi(MOV) r9(-1) rdx(-1) ,rflags ,CMP,5,MOV,5,JLE,2,CMP,3,JLE,2,MOV,5,MOV,5,MOV,5,MOV,5,CMP,5,0,0,0,0,0,JE,0,0,1,0,0,0,JNE,0,0,4301306,4301280,4301318,1,0,0,0,fortran,1.2774485787613463e-06,0.8332803711589183,1,1,1
0x41a1f8,JLE,632146,314670,-24,2,0x41a1f5,CMP,1,Leaf,eax(-1) r15d(-1) ,rflags ,CMP,3,JLE,2,CMP,3,JZ,6,CMP,3,MOV,5,CMP,5,JNZ,2,MOV,5,MOV,5,0,0,0,0,0,JE,0,0,0,0,0,0,JNE,0,0,4301301,4301280,4301306,1,0,0,0,fortran,1.283062711350329e-06,0.4977805760061758,0,1,0
0x41a1f3,JLE,944050,311904,7,2,0x41a1f0,CMP,1,Leaf,eax(-1) r12d(-1) ,rflags ,CMP,3,JZ,6,CMP,3,ADD,4,ADD,3,CMP,3,JLE,2,MOV,5,CMP,5,JNZ,2,1,1,0,0,0,JNE,0,0,1,0,0,0,JLE,0,0,4301296,4301306,4301301,0,0,0,0,fortran,1.9161322742693587e-06,0.3303892802288014,0,0,0
0x41a1ea,JZ,928905,103288,294,6,0x41a1e7,CMP,1,Leaf,eax(ADD) ,rflags ,CMP,3,ADD,4,ADD,3,NOP,4,JMP,2,CMP,3,JLE,2,CMP,3,JLE,2,MOV,5,0,0,0,0,0,JNE,1,0,0,0,1,1,JLE,0,0,4301280,4301584,4301296,0,0,0,0,fortran,1.885392564197001e-06,0.1111932867193093,0,0,0
0x41a1c5,JZ,157380,52450,331,6,0x41a1c0,CMP,1,Leaf,rsp(-1) r11d(MOV) ,rflags ,CMP,5,NOP,9,MOV,5,MOV,5,XOR,3,MOV,5,XOR,2,MOV,5,ADD,3,JMP,2,1,1,0,0,0,JNE,0,0,1,0,0,0,JMP,0,0,4301248,4301584,4301259,1,0,0,0,fortran,3.194331839674929e-07,0.3332697928580506,0,0,0
0x41a108,JL,17523,0,572,6,0x41a103,CMP,1,Leaf,r15d(LEA) rsp(-1) ,rflags ,CMP,5,CMOVNZ,3,CMP,2,LEA,3,LEA,3,MOV,5,CDQE,2,MOV,9,LEA,4,LEA,8,1,1,0,0,0,JNE,0,0,1,0,0,0,NOP,0,0,4301025,4301636,4301070,0,0,1,1,fortran,3.556632153172181e-08,0.0,0,0,0
0x41a09b,JNLE,5862,0,705,6,0x41a096,CMP,1,Leaf,rsp(-1) r14d(MOV) ,rflags ,CMP,5,MOV,5,MOV,5,ADD,3,MOV,5,MOV,4,MOV,4,MOV,3,MOV,9,LEA,3,1,1,0,0,0,JNE,0,0,1,0,0,0,MOV,0,0,4300950,4301660,4300961,0,0,1,1,fortran,1.1898064076867733e-08,0.0,0,0,0
0x41a010,JNZ,1790,1108,-2821,6,0x419f82,SUB,0,Leaf,rsp(-1) ,rflags ,MOV,7,MOV,7,MOV,7,MOV,7,MOV,7,LEA,8,LEA,8,MOV,7,MOV,5,LEA,8,0,0,0,1,1,MOV,0,0,1,0,0,0,MOV,1,0,4300760,4297995,4300822,0,0,1,1,fortran,3.6331516031377063e-09,0.6189944134078212,1,1,1
0x419e47,JNZ,16110,14320,-81,2,0x419e42,CMP,1,Leaf,rax(ADD) rsp(-1) ,rflags ,CMP,5,MOV,3,MOV,6,MOV,3,MOV,6,MOVDQA,9,MOVDQA,9,MOVDQA,9,MOVDQA,9,MOVDQA,9,1,1,1,1,1,JNE,0,0,1,1,0,0,MOV,0,0,4300278,4300278,4300361,1,0,1,1,fortran,3.269836442823936e-08,0.8888888888888888,1,1,1
0x419c22,JNZ,16110,14320,-81,2,0x419c1d,CMP,1,Leaf,rax(ADD) rsp(-1) ,rflags ,CMP,5,MOV,3,MOV,6,MOV,3,MOV,6,MOVDQA,9,LEA,8,MOVDQA,9,MOVDQA,9,MOVDQA,9,1,1,1,1,1,JNE,0,0,1,1,0,0,MOV,0,0,4299729,4299729,4299812,1,0,1,1,fortran,3.269836442823936e-08,0.8888888888888888,1,1,1
0x419bbb,JNZ,6601,4811,-1663,6,0x419bb5,CMP,1,Leaf,rsp(-1) ,rflags ,CMP,6,ADD,6,ADD,5,ADD,6,ADD,6,LEA,8,LEA,8,MOV,2,ADD,4,ADD,4,0,0,0,1,1,SUB,0,0,1,0,0,0,LEA,1,0,4299672,4298044,4299713,0,0,1,0,fortran,1.3398007671682684e-08,0.7288289653082867,1,1,1
0x419b90,JNZ,5387,0,-139,6,0x419b8a,CMP,1,Leaf,r9d(-1) rsp(-1) ,rflags ,NOP,1,CMP,5,JNZ,6,CMP,4,JMP,5,JMP,2,ADD,6,ADD,6,ADD,6,ADD,5,0,0,0,0,0,JNE,0,0,1,0,0,0,JMP,0,0,4299658,4299525,4299670,0,0,0,0,fortran,1.0933959601174764e-08,0.0,0,0,0
0x419b84,JNZ,10829,5442,-127,6,0x419b80,CMP,1,Leaf,esi(-1) rsp(-1) ,rflags ,CMP,4,JMP,5,JNZ,6,TEST,3,MOV,4,CMP,5,NOP,1,JNZ,6,JMP,2,ADD,6,0,0,0,0,0,JNE,0,0,1,0,0,0,JNE,0,0,4299648,4299525,4299658,0,0,0,0,fortran,2.1979552352166612e-08,0.5025394773293933,1,0,1
0x419b75,JNZ,1282,1006,-653,6,0x419b72,TEST,1,Leaf,r9d(MOV) r9d(MOV) ,rflags ,TEST,3,MOV,4,JNZ,6,TEST,3,MOV,5,JMP,5,CMP,4,JNZ,6,CMP,5,NOP,1,0,0,0,0,0,JNE,0,0,1,0,0,0,JMP,1,0,4299630,4298984,4299643,0,0,0,0,fortran,2.6020672375544922e-09,0.7847113884555382,1,0,1
0x419b68,JNZ,2455,1173,-640,6,0x419b65,TEST,1,Leaf,r10d(MOV) r10d(MOV) ,rflags ,TEST,3,MOV,5,JNZ,6,TEST,3,MOV,3,MOV,4,TEST,3,JNZ,6,JMP,5,CMP,4,0,0,0,0,0,JNE,0,0,1,0,0,0,JNE,0,0,4299616,4298984,4299630,0,0,0,0,fortran,4.982897869107861e-09,0.4778004073319755,0,0,0
0x419b5a,JNZ,3698,1243,-626,6,0x419b57,TEST,1,Leaf,r11d(MOV) r11d(MOV) ,rflags ,TEST,3,MOV,3,MOV,5,JNZ,6,TEST,2,MOV,5,TEST,3,JNZ,6,MOV,4,TEST,3,0,0,0,0,0,JNE,0,0,1,0,0,0,JNE,0,0,4299599,4298984,4299616,0,0,0,0,fortran,7.505807054973877e-09,0.3361276365603028,0,0,0
0x419b49,JNZ,4877,1179,-609,6,0x419b47,TEST,1,Leaf,esi(MOV) esi(MOV) ,rflags ,TEST,2,MOV,4,JNZ,6,TEST,3,MOV,5,MOV,5,MOV,3,TEST,3,JNZ,6,MOV,5,0,0,0,0,0,JNE,0,0,1,0,0,0,JNE,0,0,4299587,4298984,4299599,0,0,0,0,fortran,9.898815848325474e-09,0.2417469755997539,0,0,0
0x419b3d,JNZ,6701,1824,-597,6,0x419b3a,TEST,1,Leaf,r9d(MOV) r9d(MOV) ,rflags ,TEST,3,MOV,5,JNZ,6,TEST,3,MOV,3,MOV,4,TEST,2,JNZ,6,MOV,5,MOV,3,0,0,0,0,0,JNE,0,0,1,0,0,0,JNE,0,0,4299573,4298984,4299587,0,0,0,0,fortran,1.3600977034986466e-08,0.2721981793762125,0,0,0
0x419b2f,JNZ,8161,1460,-583,6,0x419b2c,TEST,1,Leaf,r10d(MOV) r10d(MOV) ,rflags ,TEST,3,MOV,3,MOV,5,JNZ,6,CMP,3,MOV,5,TEST,3,JNZ,6,MOV,4,TEST,2,0,0,0,0,0,JNE,0,0,1,0,0,0,JNE,0,0,4299556,4298984,4299573,0,0,0,0,fortran,1.656432973922169e-08,0.1788996446513907,0,0,0
0x419b1e,JNZ,2774,0,-566,6,0x419b1b,CMP,1,Leaf,r9d(-1) r12d(-1) ,rflags ,CMP,3,JNZ,6,CMP,4,MOV,4,JNZ,6,MOV,5,MOV,3,TEST,3,JNZ,6,MOV,5,0,0,0,0,0,JNE,0,0,0,0,0,0,JNE,0,0,4299547,4298984,4299556,0,0,0,0,fortran,5.630370138046927e-09,0.0,0,0,0
0x419b15,JNZ,6761,3987,-557,6,0x419b11,CMP,1,Leaf,rsp(-1) esi(MOV) ,rflags ,CMP,4,MOV,4,JNZ,6,CMP,2,JZ,2,CMP,3,JNZ,6,MOV,5,MOV,3,TEST,3,0,0,0,0,0,JNE,0,0,1,0,0,0,JNE,0,0,4299533,4298984,4299547,0,0,0,0,fortran,1.3722758652968736e-08,0.5897056648424789,1,0,1
0x419b07,JNZ,35093,28332,-543,6,0x419b05,CMP,1,Leaf,esi(-1) ecx(-1) ,rflags ,CMP,2,JZ,2,CMP,3,NOP,3,JMP,5,MOV,4,CMP,4,JNZ,6,CMP,3,JNZ,6,0,0,0,0,0,JNE,0,0,1,0,0,0,JNE,0,0,4299525,4298984,4299533,0,0,0,0,fortran,7.12280386641964e-08,0.807340495255464,1,0,1
0x419b03,JZ,40480,10829,125,2,0x419b00,CMP,1,Leaf,ecx(-1) r12d(-1) ,rflags ,CMP,3,NOP,3,JMP,5,JNZ,6,TEST,2,CMP,2,JNZ,6,MOV,4,CMP,4,JNZ,6,0,1,0,0,0,JNE,0,0,1,0,0,0,JNE,0,0,4299520,4299648,4299525,0,0,0,0,fortran,8.216199826537117e-08,0.2675148221343874,0,0,0
0x419af2,JNZ,428,345,-522,6,0x419af0,TEST,1,Leaf,esi(MOV) esi(MOV) ,rflags ,TEST,2,MOV,4,JNZ,6,TEST,3,MOV,8,JMP,5,NOP,3,CMP,3,JZ,2,CMP,2,0,0,0,0,0,JNE,0,0,1,0,0,0,JMP,1,0,4299500,4298984,4299512,0,0,0,0,fortran,8.68708874940189e-10,0.8060747663551402,1,0,1
0x419ae6,JNZ,714,286,-510,6,0x419ae3,TEST,1,Leaf,r9d(MOV) r9d(MOV) ,rflags ,TEST,3,MOV,8,JNZ,6,TEST,3,MOV,5,MOV,4,TEST,2,JNZ,6,JMP,5,NOP,3,0,0,0,0,0,JNE,0,0,1,0,0,0,JNE,0,0,4299483,4298984,4299500,0,0,0,0,fortran,1.449201253989007e-09,0.4005602240896359,0,0,0
0x419ad5,JNZ,965,251,-493,6,0x419ad2,TEST,1,Leaf,r10d(MOV) r10d(MOV) ,rflags ,TEST,3,MOV,5,JNZ,6,TEST,3,MOV,3,MOV,8,TEST,3,JNZ,6,MOV,4,TEST,2,0,0,0,0,0,JNE,0,0,1,0,0,0,JNE,0,0,4299469,4298984,4299483,0,0,0,0,fortran,1.958654355881501e-09,0.2601036269430052,0,0,0
0x419ac7,JNZ,1431,466,-479,6,0x419ac4,TEST,1,Leaf,r11d(MOV) r11d(MOV) ,rflags ,TEST,3,MOV,3,MOV,5,JNZ,6,TEST,2,MOV,5,TEST,3,JNZ,6,MOV,8,TEST,3,0,0,0,0,0,JNE,0,0,1,0,0,0,JNE,0,0,4299452,4298984,4299469,0,0,0,0,fortran,2.9044915888771276e-09,0.3256464011180992,0,0,0
0x419ab6,JNZ,1866,435,-462,6,0x419ab4,TEST,1,Leaf,esi(MOV) esi(MOV) ,rflags ,TEST,2,MOV,4,JNZ,6,TEST,3,MOV,3,MOV,5,MOV,3,TEST,3,JNZ,6,MOV,5,0,0,0,0,0,JNE,0,0,1,0,0,0,JNE,0,0,4299440,4298984,4299452,0,0,0,0,fortran,3.787408319248582e-09,0.2331189710610932,0,0,0
0x419aaa,JNZ,2496,630,-450,6,0x419aa7,TEST,1,Leaf,r9d(MOV) r9d(MOV) ,rflags ,TEST,3,MOV,3,MOV,5,JNZ,6,CMP,5,MOV,4,TEST,2,JNZ,6,MOV,5,MOV,3,0,0,0,0,0,JNE,0,0,1,0,0,0,JNE,0,0,4299423,4298984,4299440,0,0,0,0,fortran,5.066115308062411e-09,0.2524038461538461,0,0,0
0x419a99,JNZ,6275,3779,-433,6,0x419a94,CMP,1,Leaf,r10d(-1) rsp(-1) ,rflags ,CMP,5,JNZ,6,CMP,5,JNZ,6,CMP,3,MOV,5,MOV,3,TEST,3,JNZ,6,MOV,4,0,0,0,0,0,JNE,0,0,1,0,0,0,JNE,0,0,4299412,4298984,4299423,0,0,0,0,fortran,1.2736327547312353e-08,0.6022310756972111,1,0,1
0x419a8e,JNZ,31011,24736,-422,6,0x419a89,CMP,1,Leaf,r9d(-1) rsp(-1) ,rflags ,CMP,5,JNZ,6,CMP,3,NOP,5,JNZ,6,CMP,5,JNZ,6,MOV,5,MOV,3,TEST,3,0,0,0,0,0,JNE,0,0,1,0,0,0,JNE,0,0,4299401,4298984,4299412,0,0,0,0,fortran,6.2942829254136e-08,0.7976524459062914,1,0,1
0x419a83,JNZ,96156,65145,-411,6,0x419a80,CMP,1,Leaf,ecx(-1) r12d(-1) ,rflags ,CMP,3,NOP,5,JNZ,6,CMP,2,MOV,4,CMP,5,JNZ,6,CMP,5,JNZ,6,MOV,5,0,0,0,0,0,JNE,0,0,1,0,0,0,JNE,0,0,4299392,4298984,4299401,0,0,0,0,fortran,1.9516722097838515e-07,0.6774928241607387,1,0,1
0x419a75,JNZ,1121,1121,-397,6,0x419a73,CMP,1,Leaf,ecx(-1) esi(MOV) ,rflags ,CMP,2,MOV,4,JZ,6,TEST,3,MOV,3,NOP,5,CMP,3,JNZ,6,CMP,5,JNZ,6,0,0,0,0,0,JNE,0,0,1,0,0,0,NOP,0,0,4299375,4298984,4299387,0,0,0,0,fortran,2.275286562635402e-09,1.0,1,0,1
0x419a69,JZ,85,34,-1002,6,0x419a66,TEST,1,Leaf,r11d(MOV) r11d(MOV) ,rflags ,TEST,3,MOV,3,JNZ,2,TEST,2,MOV,4,MOV,4,CMP,2,JNZ,6,NOP,5,CMP,3,0,0,0,0,0,XOR,1,0,0,0,0,0,JNE,0,0,4299363,4298367,4299375,0,0,0,0,fortran,1.725239588082151e-10,0.4,0,0,0
0x419a61,JNZ,206,121,14,2,0x419a5f,TEST,1,Leaf,esi(MOV) esi(MOV) ,rflags ,TEST,2,MOV,4,JNZ,2,TEST,3,MOV,4,MOV,3,TEST,3,JZ,6,MOV,4,CMP,2,0,0,0,0,0,JNE,0,0,1,0,0,0,JE,0,0,4299355,4299375,4299363,0,0,0,0,fortran,4.1811688840579197e-10,0.587378640776699,1,0,1
0x419a59,JNZ,333,127,22,2,0x419a56,TEST,1,Leaf,r11d(MOV) r11d(MOV) ,rflags ,TEST,3,MOV,4,JNZ,2,TEST,2,MOV,2,MOV,4,TEST,2,JNZ,2,MOV,3,TEST,3,0,0,0,0,0,JNE,0,0,1,0,0,0,JNE,0,0,4299346,4299375,4299355,0,0,0,0,fortran,6.758879798015957e-10,0.3813813813813814,0,0,0
0x419a50,JNZ,584,251,31,2,0x419a4e,TEST,1,Leaf,esi(MOV) esi(MOV) ,rflags ,TEST,2,MOV,2,MOV,5,JNZ,2,TEST,3,MOV,4,TEST,3,JNZ,2,MOV,4,TEST,2,0,0,0,0,0,JNE,0,0,1,0,0,0,JNE,0,0,4299335,4299375,4299346,0,0,0,0,fortran,1.1853410816940901e-09,0.4297945205479452,0,0,0
0x419a45,JNZ,911,327,42,2,0x419a42,TEST,1,Leaf,r11d(MOV) r11d(MOV) ,rflags ,TEST,3,MOV,5,JNZ,2,TEST,2,MOV,2,MOV,5,MOV,2,TEST,2,JNZ,2,MOV,4,0,0,0,0,0,JNE,0,0,1,0,0,0,JNE,0,0,4299325,4299375,4299335,0,0,0,0,fortran,1.8490508996974587e-09,0.3589462129527991,0,0,0
0x419a3b,JNZ,1155,244,52,2,0x419a39,TEST,1,Leaf,esi(MOV) esi(MOV) ,rflags ,TEST,2,MOV,2,MOV,5,JNZ,6,CMP,4,MOV,5,TEST,3,JNZ,2,MOV,5,MOV,2,0,1,0,0,0,JNE,0,0,1,0,0,0,JNE,0,0,4299314,4299375,4299325,0,0,0,0,fortran,2.344296146158688e-09,0.2112554112554112,0,0,0
0x419a2c,JNZ,3773,2618,-332,6,0x419a28,CMP,1,Leaf,esi(-1) rsp(-1) ,rflags ,CMP,4,JNZ,6,MOV,2,CMP,4,MOV,4,MOV,5,MOV,2,TEST,2,JNZ,2,MOV,5,0,0,0,0,0,JE,0,0,1,0,0,0,JNE,0,0,4299304,4298976,4299314,0,0,0,0,fortran,7.658034077451714e-09,0.6938775510204082,1,0,1
0x419a22,JNZ,24093,20320,-322,6,0x419a1c,CMP,1,Leaf,rsp(-1) esi(MOV) ,rflags ,MOV,2,CMP,4,MOV,4,JNZ,6,CMP,2,CMP,4,JNZ,6,MOV,5,MOV,2,TEST,2,0,0,0,0,0,JE,0,0,1,0,0,0,JNE,0,0,4299288,4298976,4299304,0,0,0,0,fortran,4.890140870078032e-08,0.8433984974888972,1,0,1
0x419a12,JNZ,74057,49964,-308,6,0x419a10,CMP,1,Leaf,esi(-1) ecx(-1) ,rflags ,CMP,2,NOP,5,JMP,5,JNZ,6,NOP,4,MOV,4,CMP,4,MOV,2,JNZ,6,CMP,4,0,0,0,0,0,MOV,0,0,1,0,0,0,JNE,0,0,4299280,4298974,4299288,0,0,0,0,fortran,1.503130213818822e-07,0.6746695113223597,1,0,1
0x419a00,JNZ,1675,0,-869,6,0x4199f9,CMP,1,Leaf,esi(-1) r8d(-1) ,rflags ,NOP,4,CMP,3,JNZ,6,CMP,3,NOP,5,JMP,5,NOP,5,CMP,2,JNZ,6,MOV,4,0,0,0,0,0,JNE,0,0,1,0,0,0,JMP,0,0,4299257,4298395,4299270,0,0,0,0,fortran,3.399736835338357e-09,0.0,0,0,0
0x4199f3,JNZ,3060,1385,-856,6,0x4199f0,CMP,1,Leaf,edi(-1) r11d(-1) ,rflags ,CMP,3,NOP,5,JMP,5,JNZ,6,TEST,2,CMP,3,NOP,4,JNZ,6,JMP,5,NOP,5,0,0,0,0,0,JNE,0,0,1,0,0,0,JNE,0,0,4299248,4298395,4299257,0,0,0,0,fortran,6.210862517095745e-09,0.4526143790849673,0,0,0
0x4199e0,JNZ,1160,931,-968,6,0x4199de,TEST,1,Leaf,ebx(MOV) ebx(MOV) ,rflags ,TEST,2,MOV,3,JNZ,6,TEST,2,MOV,7,JMP,5,NOP,5,CMP,3,JNZ,6,CMP,3,0,0,0,0,0,JE,0,0,1,0,0,0,JMP,1,0,4299227,4298264,4299238,0,0,0,0,fortran,2.354444614323877e-09,0.8025862068965517,1,0,1
0x4199d5,JNZ,1970,810,-957,6,0x4199d3,TEST,1,Leaf,ebp(MOV) ebp(MOV) ,rflags ,TEST,2,MOV,7,MOV,5,JNZ,6,TEST,2,MOV,3,TEST,2,JNZ,6,JMP,5,NOP,5,0,0,0,0,0,JE,0,0,1,0,0,0,JNE,0,0,4299207,4298264,4299227,0,0,0,0,fortran,3.9984964570845165e-09,0.4111675126903553,0,0,0
0x4199c1,JNZ,2928,958,-937,6,0x4199bf,TEST,1,Leaf,edi(MOV) edi(MOV) ,rflags ,TEST,2,MOV,5,JNZ,6,TEST,3,MOV,3,MOV,5,MOV,7,TEST,2,JNZ,6,MOV,3,0,0,0,0,0,JE,0,0,1,0,0,0,JNE,0,0,4299194,4298264,4299207,0,0,0,0,fortran,5.9429429575347525e-09,0.3271857923497268,0,0,0
0x4199b4,JNZ,3893,965,-924,6,0x4199b1,TEST,1,Leaf,r11d(MOV) r11d(MOV) ,rflags ,TEST,3,MOV,3,MOV,5,JNZ,6,CMP,3,MOV,5,TEST,2,JNZ,6,MOV,5,MOV,7,0,0,0,0,0,JE,0,0,1,0,0,0,JNE,0,0,4299177,4298264,4299194,0,0,0,0,fortran,7.901597313416253e-09,0.2478808117133316,0,0,0
0x4199a3,JNZ,31994,28101,-907,6,0x4199a0,CMP,1,Leaf,r8d(-1) rax(-1) ,rflags ,CMP,3,NOP,10,JMP,5,JNZ,6,TEST,3,MOV,5,MOV,3,TEST,3,JNZ,6,MOV,5,0,0,0,0,0,JE,0,0,1,0,0,0,JNE,0,0,4299168,4298264,4299177,0,0,0,0,fortran,6.493801809541218e-08,0.8783209351753454,1,0,1
0x41998b,JNZ,1150,936,-870,6,0x419988,TEST,1,Leaf,r11d(MOV) r11d(MOV) ,rflags ,TEST,3,MOV,4,JNZ,6,TEST,2,MOV,7,JMP,5,NOP,10,CMP,3,JNZ,6,MOV,5,0,0,0,0,0,JE,0,0,1,0,0,0,JMP,1,0,4299140,4298277,4299153,0,0,0,0,fortran,2.3341476779934987e-09,0.8139130434782609,1,0,1
0x41997e,JNZ,2246,1096,-857,6,0x41997c,TEST,1,Leaf,ebx(MOV) ebx(MOV) ,rflags ,TEST,2,MOV,7,MOV,5,JNZ,6,TEST,2,MOV,4,TEST,3,JNZ,6,JMP,5,NOP,10,0,0,0,0,0,JE,0,0,1,0,0,0,JNE,0,0,4299120,4298277,4299140,0,0,0,0,fortran,4.558691899802955e-09,0.4879786286731968,0,0,0
0x41996a,JNZ,2784,538,-837,6,0x419968,TEST,1,Leaf,ebp(MOV) ebp(MOV) ,rflags ,TEST,2,MOV,5,JNZ,6,TEST,3,MOV,3,MOV,5,MOV,7,TEST,2,JNZ,6,MOV,4,0,0,0,0,0,JE,0,0,1,0,0,0,JNE,0,0,4299107,4298277,4299120,0,0,0,0,fortran,5.650667074377305e-09,0.1932471264367816,0,0,0
0x41995d,JNZ,3853,1069,-824,6,0x41995a,TEST,1,Leaf,r11d(MOV) r11d(MOV) ,rflags ,TEST,3,MOV,3,MOV,5,JNZ,6,CMP,3,MOV,5,TEST,2,JNZ,6,MOV,5,MOV,7,0,0,0,0,0,JE,0,0,1,0,0,0,JNE,0,0,4299090,4298277,4299107,0,0,0,0,fortran,7.82040956809474e-09,0.2774461458603685,0,0,0
0x41994c,JNZ,34977,31124,-807,6,0x419949,CMP,1,Leaf,r8d(-1) esi(-1) ,rflags ,CMP,3,JMP,5,MOV,2,JZ,6,CMP,4,MOV,5,MOV,3,TEST,3,JNZ,6,MOV,5,0,0,0,0,0,JE,0,0,1,0,0,0,JNE,0,0,4299081,4298277,4299090,0,0,0,0,fortran,7.0992594202764e-08,0.8898418961031535,1,0,1
0x41993c,JZ,20183,6601,604,6,0x419938,CMP,1,Leaf,rsp(-1) eax(MOV) ,rflags ,CMP,4,MOV,4,ADD,6,ADD,6,JNZ,6,MOV,2,JMP,5,CMP,3,JNZ,6,MOV,5,0,0,0,0,0,JNE,1,0,1,0,0,0,JMP,0,0,4299048,4299672,4299074,0,0,1,0,fortran,4.096530659560242e-08,0.3270574245652282,0,0,0
0x419922,JNZ,60956,40773,-180,6,0x41991c,CMP,1,Leaf,rsp(-1) ,rflags ,CMP,6,ADD,6,ADD,6,ADD,6,JNZ,2,ADD,6,ADD,6,MOV,4,CMP,4,JZ,6,0,0,0,1,1,MOV,0,0,1,0,0,0,JE,1,0,4299018,4298862,4299048,0,0,1,1,fortran,1.237220050954537e-07,0.6688923157687512,1,1,1
0x419908,JNZ,183265,122309,-117,2,0x419903,CMP,1,Leaf,r13(ADD) rsp(-1) ,rflags ,CMP,5,ADD,4,ADD,4,JNZ,2,CMP,5,ADD,6,ADD,6,ADD,6,CMP,6,JNZ,6,0,0,0,1,1,MOV,0,0,1,0,0,0,JNE,1,0,4299003,4298899,4299018,0,0,1,1,fortran,3.71971803658677e-07,0.6673887539901235,1,1,1
0x4198f9,JNZ,550221,366956,-64,2,0x4198f4,CMP,1,Leaf,rdx(ADD) rsp(-1) ,rflags ,CMP,5,ADD,4,ADD,4,ADD,4,JZ,6,ADD,4,ADD,4,CMP,5,JNZ,2,ADD,6,0,0,0,1,1,CMP,0,0,1,0,0,0,JNE,1,0,4298984,4298937,4299003,0,0,0,0,fortran,1.1167800604637051e-06,0.6669247447843685,1,1,1
0x4198e2,JZ,508979,96156,414,6,0x4198e0,CMP,1,Leaf,ecx(-1) esi(-1) ,rflags ,CMP,2,MOV,2,JZ,6,CMP,3,MOV,3,ADD,4,ADD,4,ADD,4,CMP,5,JNZ,2,0,0,0,0,0,JNE,0,0,0,0,0,0,JNE,0,0,4298976,4299392,4298984,0,0,0,0,fortran,1.0330714356499592e-06,0.1889193856721004,0,0,0
0x4198d8,JZ,510134,74057,312,6,0x4198d5,CMP,1,Leaf,r10d(MOV) ecx(-1) ,rflags ,CMP,3,MOV,3,JZ,6,CMP,3,LEA,4,MOV,2,CMP,2,JZ,6,ADD,4,ADD,4,0,1,0,0,0,JNE,0,0,1,0,0,0,MOV,0,0,4298962,4299280,4298974,0,0,0,0,fortran,1.035415731796118e-06,0.1451716607793246,0,0,0
0x4198cc,JZ,550614,40480,564,6,0x4198c9,CMP,1,Leaf,r11d(LEA) r10d(LEA) ,rflags ,CMP,3,LEA,4,LEA,4,MOV,4,MOV,4,MOV,3,CMP,3,JZ,6,MOV,2,CMP,2,0,1,0,0,0,JE,0,0,1,0,0,0,JE,0,0,4298956,4299520,4298962,0,0,0,0,fortran,1.117577730061489e-06,0.0735179272593868,0,0,0
0x419739,JL,6994,0,1119,6,0x419735,CMP,1,Leaf,eax(ADD) rsp(-1) ,rflags ,CMP,4,ADD,3,MOV,4,JNZ,6,CMP,5,MOV,5,MOV,4,MOV,9,MOV,2,MOV,5,0,1,0,0,0,JNE,0,0,1,0,0,0,MOV,0,0,4298542,4299672,4298559,0,0,1,1,fortran,1.4195677269466548e-08,0.0,0,0,0
0x419728,JNZ,43586,36592,-398,6,0x419723,CMP,1,Leaf,rsp(-1) ,rflags ,CMP,5,ADD,6,ADD,6,ADD,4,ADD,6,MOV,4,ADD,3,CMP,4,JL,6,MOV,5,0,0,0,1,1,JMP,0,0,1,0,0,0,JL,1,0,4298504,4298138,4298542,0,0,1,0,fortran,8.846622668958665e-08,0.8395356307071078,1,1,1
0x419702,JNZ,388,388,-185,6,0x4196ff,CMP,1,Leaf,rax(ADD) r15(-1) ,rflags ,CMP,3,ADD,4,ADD,4,JZ,2,TEST,3,ADD,5,ADD,6,ADD,4,ADD,6,ADD,6,0,0,0,1,1,JNE,0,0,0,0,0,0,JNE,1,0,4298487,4298313,4298504,0,0,0,1,fortran,7.87521129618676e-10,1.0,1,1,1
0x4196f5,JZ,547,159,-118,2,0x4196f2,TEST,1,Leaf,r11d(MOV) r11d(MOV) ,rflags ,TEST,3,MOV,5,JNZ,6,TEST,2,MOV,4,ADD,4,ADD,4,CMP,3,JNZ,6,ADD,5,0,0,0,0,0,XOR,1,0,1,0,0,0,JNE,0,0,4298477,4298367,4298487,0,0,0,0,fortran,1.11024241727169e-09,0.2906764168190128,0,0,0
0x4196e7,JNZ,967,420,-175,6,0x4196e5,TEST,1,Leaf,ebx(MOV) ebx(MOV) ,rflags ,TEST,2,MOV,4,JNZ,6,TEST,2,MOV,3,MOV,5,TEST,3,JZ,2,ADD,4,ADD,4,0,0,0,0,0,JE,0,0,1,0,0,0,JE,0,0,4298465,4298296,4298477,0,0,0,0,fortran,1.9627137431475768e-09,0.4343329886246122,0,0,0
0x4196db,JNZ,1336,369,-163,6,0x4196d9,TEST,1,Leaf,ebp(MOV) ebp(MOV) ,rflags ,TEST,2,MOV,3,JNZ,6,TEST,2,MOV,7,MOV,4,TEST,2,JNZ,6,MOV,5,TEST,3,0,0,0,0,0,JE,0,0,1,0,0,0,JNE,0,0,4298454,4298296,4298465,0,0,0,0,fortran,2.711670693738534e-09,0.2761976047904191,0,0,0
0x4196d0,JNZ,2085,749,-152,6,0x4196ce,TEST,1,Leaf,edx(MOV) edx(MOV) ,rflags ,TEST,2,MOV,7,MOV,5,JNZ,6,TEST,2,MOV,3,TEST,2,JNZ,6,MOV,4,TEST,2,0,0,0,0,0,JE,0,0,1,0,0,0,JNE,0,0,4298434,4298296,4298454,0,0,0,0,fortran,4.231911224883865e-09,0.3592326139088729,0,0,0
0x4196bc,JNZ,2937,852,-132,6,0x4196ba,TEST,1,Leaf,esi(MOV) esi(MOV) ,rflags ,TEST,2,MOV,2,MOV,5,JNZ,2,TEST,2,MOV,5,MOV,7,TEST,2,JNZ,6,MOV,3,0,0,0,0,0,JE,0,0,1,0,0,0,JNE,0,0,4298419,4298296,4298434,0,0,0,0,fortran,5.961210200232092e-09,0.2900919305413687,0,0,0
0x4196b1,JNZ,3759,822,-121,2,0x4196af,TEST,1,Leaf,edi(MOV) edi(MOV) ,rflags ,TEST,2,MOV,2,MOV,5,JNZ,2,CMP,3,MOV,5,MOV,2,TEST,2,JNZ,6,MOV,5,0,0,0,0,0,JE,0,0,1,0,0,0,JNE,0,0,4298408,4298296,4298419,0,0,0,0,fortran,7.629618366589184e-09,0.2186751795690343,0,0,0
0x4196a6,JNZ,2084,0,-110,2,0x4196a3,CMP,1,Leaf,r11d(-1) r8d(-1) ,rflags ,CMP,3,JNZ,2,CMP,2,JNZ,2,CMP,2,MOV,5,MOV,2,TEST,2,JNZ,2,MOV,5,0,0,0,0,0,JE,0,0,0,0,0,0,JNE,0,0,4298403,4298296,4298408,0,0,0,0,fortran,4.229881531250827e-09,0.0,0,0,0
0x4196a1,JNZ,3830,1746,-105,2,0x41969f,CMP,1,Leaf,edi(-1) edx(-1) ,rflags ,CMP,2,JNZ,2,CMP,2,JZ,6,CMP,2,CMP,3,JNZ,2,MOV,5,MOV,2,TEST,2,0,0,0,0,0,JE,0,0,1,0,0,0,JNE,0,0,4298399,4298296,4298403,0,0,0,0,fortran,7.77372661453487e-09,0.4558746736292428,0,0,0
0x41969d,JNZ,13972,10142,-101,2,0x41969b,CMP,1,Leaf,esi(-1) ecx(-1) ,rflags ,CMP,2,JZ,6,CMP,2,RET_NEAR,1,POP,2,CMP,2,JNZ,2,CMP,3,JNZ,2,MOV,5,0,0,0,0,0,JE,0,0,1,0,0,0,JNE,0,0,4298395,4298296,4298399,0,0,0,0,fortran,2.8358879440804493e-08,0.7258803320927569,1,0,1
0x419695,JZ,15647,3060,859,6,0x419693,CMP,1,Leaf,edx(-1) ecx(-1) ,rflags ,CMP,2,RET_NEAR,1,POP,2,POP,2,POP,2,CMP,2,JNZ,2,CMP,2,JNZ,2,CMP,3,0,1,0,0,0,JNE,0,0,1,0,0,0,JNE,0,0,4298387,4299248,4298395,0,0,0,0,fortran,3.1758616276142856e-08,0.1955646449798683,0,0,0
0x41967d,JNZ,1337,1096,-117,2,0x41967b,TEST,1,Leaf,ebx(MOV) ebx(MOV) ,rflags ,TEST,2,MOV,3,JNZ,2,TEST,2,MOV,2,XOR,2,ADD,7,POP,1,POP,1,POP,2,0,0,0,0,0,JE,0,0,0,0,0,0,XOR,1,0,4298360,4298248,4298367,0,0,0,0,fortran,2.713700387371572e-09,0.8197456993268512,1,1,1
0x419676,JNZ,2290,953,-110,2,0x419674,TEST,1,Leaf,ebp(MOV) ebp(MOV) ,rflags ,TEST,2,MOV,2,MOV,5,JNZ,2,TEST,2,MOV,3,TEST,2,JNZ,2,XOR,2,ADD,7,0,0,0,0,0,JE,0,0,1,0,0,0,JNE,0,0,4298349,4298248,4298360,0,0,0,0,fortran,4.6479984196566204e-09,0.4161572052401747,0,0,0
0x41966b,JNZ,3440,1150,-99,2,0x419669,TEST,1,Leaf,edx(MOV) edx(MOV) ,rflags ,TEST,2,MOV,4,JNZ,2,TEST,2,MOV,2,MOV,5,MOV,2,TEST,2,JNZ,2,MOV,3,0,0,0,0,0,JE,0,0,1,0,0,0,JNE,0,0,4298341,4298248,4298349,0,0,0,0,fortran,6.982146097650118e-09,0.3343023255813953,0,0,0
0x419663,JNZ,4163,723,-91,2,0x419661,TEST,1,Leaf,edi(MOV) edi(MOV) ,rflags ,TEST,2,MOV,2,MOV,5,JNZ,2,CMP,5,MOV,4,TEST,2,JNZ,2,MOV,5,MOV,2,0,0,0,0,0,JE,0,0,1,0,0,0,JNE,0,0,4298330,4298248,4298341,0,0,0,0,fortran,8.449614594336466e-09,0.1736728320922411,0,0,0
0x419658,JNZ,35009,30846,-80,2,0x419653,CMP,1,Leaf,r9(-1) r12(-1) ebx(MOV) ,rflags ,CMP,5,MOV,2,JNZ,2,CMP,2,MOV,4,MOV,5,MOV,2,TEST,2,JNZ,2,MOV,4,0,0,0,0,0,JE,0,0,1,0,0,0,JNE,0,0,4298321,4298248,4298330,0,0,0,0,fortran,7.105754439902122e-08,0.8810877203004942,1,0,1
0x41964f,JNZ,200485,165476,-71,2,0x41964d,CMP,1,Leaf,esi(MOV) ecx(-1) ,rflags ,CMP,2,MOV,4,JZ,6,CMP,3,ADD,4,MOV,2,CMP,5,JNZ,2,MOV,5,MOV,2,1,1,0,0,0,JE,0,0,1,0,0,0,JNE,0,0,4298313,4298248,4298321,0,0,0,0,fortran,4.0692312801958834e-07,0.8253784572411901,1,0,1
0x493771,JNZ,1,0,22,2,0x493765,CMP,1,Leaf,ebx(-1) ,rflags ,MOV,6,CMP,6,SUB,7,CPUID,2,PUSH,1,CMP,6,JNZ,2,CMP,6,JZ,6,CMP,6,0,1,0,0,0,JE,0,0,1,0,0,0,JNE,0,0,4798288,4798343,4798323,0,0,0,0,fortran,2.029693633037825e-12,0.0,0,0,0
0x419643,JZ,199254,43586,197,6,0x419640,CMP,1,Leaf,rax(ADD) r15(-1) ,rflags ,CMP,3,ADD,4,ADD,4,JZ,2,CMP,2,MOV,4,CMP,2,JNZ,2,MOV,2,CMP,5,0,0,0,0,0,JNE,1,0,0,0,1,1,JNE,0,0,4298296,4298504,4298313,0,0,1,0,fortran,4.044245751573188e-07,0.2187459222901422,0,0,0
0x419636,JZ,199801,15647,93,2,0x419634,CMP,1,Leaf,ebp(ADD) ebx(ADD) ,rflags ,CMP,2,ADD,2,LEA,4,ADD,3,LEA,3,ADD,4,ADD,4,CMP,3,JZ,6,MOV,4,0,1,0,0,0,JE,0,0,1,0,0,0,JE,0,0,4298277,4298387,4298296,0,0,0,0,fortran,4.055348175745905e-07,0.0783129213567499,0,0,0
0x41961f,JZ,200015,34977,810,6,0x41961d,CMP,1,Leaf,edi(MOV) edx(-1) ,rflags ,CMP,2,MOV,5,JZ,6,CMP,2,MOV,3,MOV,3,LEA,3,ADD,3,LEA,4,ADD,2,0,1,0,0,0,JNE,0,0,1,0,0,0,JE,0,0,4298264,4299081,4298277,0,0,0,0,fortran,4.059691720120606e-07,0.1748718846086543,0,0,0
0x419612,JZ,200244,31994,910,6,0x419610,CMP,1,Leaf,edx(MOV) ecx(-1) ,rflags ,CMP,2,MOV,3,MOV,5,NOP,5,JMP,5,MOV,5,CMP,2,JZ,6,MOV,3,LEA,3,0,1,0,0,0,JNE,0,0,1,0,0,0,JE,0,0,4298248,4299168,4298264,0,0,0,0,fortran,4.064339718540263e-07,0.1597750744092207,0,0,0
0x4194c0,JNZ,17262,15344,-81,2,0x4194bd,CMP,1,Leaf,rax(ADD) r8(-1) ,rflags ,CMP,3,MOV,4,ADD,3,MOV,4,MOV,4,LEA,8,MOV,8,MOV,5,LEA,8,MOV,5,1,1,1,1,1,JNE,0,0,1,1,0,0,MOV,1,0,4297839,4297839,4297922,1,0,1,1,fortran,3.5036571493498935e-08,0.8888888888888888,1,1,1
0x41940f,JNZ,17262,15344,-72,2,0x41940a,CMP,1,Leaf,rax(ADD) rsp(-1) ,rflags ,CMP,5,MOV,3,ADD,5,MOV,4,MOV,3,MOV,5,MOV,5,LEA,8,MOV,5,MOV,5,1,1,1,1,1,JNE,0,0,1,1,0,0,MOV,1,0,4297671,4297671,4297745,1,0,1,0,fortran,3.5036571493498935e-08,0.8888888888888888,1,1,1
0x419301,JZ,1918,0,4263,6,0x4192fe,TEST,1,Leaf,rcx(MOV) rcx(MOV) ,rflags ,TEST,3,MOV,5,MOV,4,MOV,5,MOV,4,MOV,3,LEA,4,LEA,8,NEG,3,MOV,5,0,1,0,0,0,JMP,0,0,1,0,0,0,MOV,0,0,4297449,4301736,4297479,0,0,1,1,fortran,3.892952388166549e-09,0.0,0,0,0
0x4192a8,JZ,1918,0,4430,6,0x4192a5,TEST,1,Leaf,r8(MOV) r8(MOV) ,rflags ,TEST,3,MOV,4,SUB,7,PUSH,1,PUSH,1,LEA,8,LEA,4,LEA,8,MOV,3,MOV,3,0,1,0,0,0,JMP,0,0,1,0,0,0,MOV,0,0,4297360,4301814,4297390,0,0,1,1,fortran,3.892952388166549e-09,0.0,0,0,0
0x4191fb,JNZ,30726,27312,-23,2,0x4191f8,CMP,1,NonLeaf,rdx(ADD) r11(-1) ,rflags ,CMP,3,ADD,5,ADD,4,MOV,6,JNZ,2,JMP,2,MOV,8,MOV,6,JMP,5,MOV,5,0,0,0,1,1,JNE,0,0,1,1,0,0,JMP,1,0,4297199,4297188,4297213,0,0,0,0,fortran,6.236436656872021e-08,0.8888888888888888,1,1,1
0x4191e7,JNZ,30726,14777,8,2,0x4191e4,CMP,1,NonLeaf,r14d(-1) rax(-1) ,rflags ,CMP,3,MOV,3,MOV,6,SUB,3,XOR,2,MOV,6,ADD,4,ADD,5,CMP,3,JNZ,2,1,1,1,0,0,JNE,0,0,1,0,0,0,MOV,0,0,4297188,4297199,4297193,1,0,0,1,fortran,6.236436656872021e-08,0.4809282041267981,0,0,0
0x4191cc,JNZ,30726,27312,-21,2,0x4191c9,CMP,1,NonLeaf,rdi(ADD) r11(-1) ,rflags ,CMP,3,ADD,5,ADD,4,CMOVZ,3,LEA,3,MOV,6,ADD,2,XOR,2,SUB,3,MOV,6,1,1,1,1,1,JNE,0,0,1,1,0,0,MOV,0,0,4297143,4297143,4297166,1,0,0,1,fortran,6.236436656872021e-08,0.8888888888888888,1,1,1
0x41919d,JNZ,30726,27312,-23,2,0x41919a,CMP,1,NonLeaf,rdx(ADD) r11(-1) ,rflags ,CMP,3,ADD,5,ADD,4,MOV,6,JNZ,2,MOV,5,MOV,8,XOR,2,XOR,2,LEA,4,0,0,0,1,1,JNE,0,0,1,1,0,0,MOV,1,0,4297105,4297094,4297119,0,0,0,0,fortran,6.236436656872021e-08,0.8888888888888888,1,1,1
0x419189,JNZ,30726,19845,8,2,0x419186,CMP,1,NonLeaf,r14d(-1) rax(-1) ,rflags ,CMP,3,MOV,3,MOV,6,SUB,3,XOR,2,MOV,6,ADD,4,ADD,5,CMP,3,JNZ,2,1,1,1,0,0,JNE,0,0,1,0,0,0,MOV,0,0,4297094,4297105,4297099,1,0,0,1,fortran,6.236436656872021e-08,0.6458699472759226,1,0,1
0x41916e,JNZ,30726,27312,-21,2,0x41916b,CMP,1,NonLeaf,rdi(ADD) r11(-1) ,rflags ,CMP,3,ADD,5,ADD,4,CMOVZ,3,LEA,3,MOV,6,ADD,2,XOR,2,SUB,3,MOV,6,1,1,1,1,1,JNE,0,0,1,1,0,0,MOV,0,0,4297049,4297049,4297072,1,0,0,1,fortran,6.236436656872021e-08,0.8888888888888888,1,1,1
0x419133,JZ,3446,32,-431,6,0x419130,CMP,1,NonLeaf,edx(-1) ,rflags ,CMP,3,JNZ,2,CMP,3,ADD,5,ADD,4,MOV,5,MOV,8,XOR,2,MOV,8,XOR,2,0,0,0,0,0,JNE,0,0,1,0,0,0,MOV,1,0,4297008,4296580,4297017,0,0,1,0,fortran,6.994324259448345e-09,0.0092861288450377,0,1,0
0x41912e,JNZ,31014,27568,-21,2,0x41912b,CMP,1,NonLeaf,r11(-1) r9(ADD) ,rflags ,CMP,3,ADD,5,ADD,4,CMOVZ,3,LEA,3,CMP,3,JZ,6,MOV,5,MOV,8,XOR,2,1,1,1,1,1,JNE,0,0,1,1,0,0,JE,0,0,4296985,4296985,4297008,1,0,0,0,fortran,6.29489183350351e-08,0.8888888888888888,1,1,1
0x419106,JZ,40555,37109,-386,6,0x419103,CMP,1,NonLeaf,edx(-1) ,rflags ,CMP,3,JNZ,2,CMP,3,ADD,5,ADD,4,MOV,8,XOR,3,XOR,2,CMP,3,LEA,3,0,0,0,0,0,JNE,0,0,1,0,0,0,XOR,0,0,4296963,4296580,4296972,0,0,1,0,fortran,8.2314225287849e-08,0.9150289729996302,1,0,1
0x419101,JNZ,364995,324440,-21,2,0x4190fe,CMP,1,NonLeaf,r9(ADD) r11(-1) ,rflags ,CMP,3,ADD,5,ADD,4,CMOVZ,3,LEA,3,CMP,3,JZ,6,MOV,8,XOR,3,XOR,2,1,1,1,1,1,JNE,0,0,1,1,0,0,JE,0,0,4296940,4296940,4296963,1,0,0,0,fortran,7.408280275906409e-07,0.8888888888888888,1,1,1
0x4190d9,JLE,40555,0,323,6,0x4190d6,TEST,1,NonLeaf,r11(-1) r11(-1) ,rflags ,TEST,3,JNZ,6,CMP,4,CMOVL,3,MOV,5,MOV,8,XOR,3,XOR,2,CMP,3,LEA,3,0,1,0,0,0,MOV,1,0,1,0,0,0,XOR,0,0,4296918,4297244,4296927,0,0,1,0,fortran,8.2314225287849e-08,0.0,0,0,0
0x4190d0,JNZ,143193,102638,-332,6,0x4190cc,CMP,1,NonLeaf,rsp(-1) esi(CMOVL) ,rflags ,CMP,4,CMOVL,3,MOV,5,CMP,2,MOV,5,TEST,3,JLE,6,MOV,8,XOR,3,XOR,2,0,0,0,0,0,JNE,0,0,1,0,0,0,JLE,0,0,4296898,4296580,4296918,0,0,1,0,fortran,2.906379203955853e-07,0.7167808482258211,1,0,1
0x4190b9,JNL,143193,140426,9,2,0x4190b7,CMP,1,NonLeaf,edx(MOV) edi(MOV) ,rflags ,CMP,2,MOV,3,MOV,8,MOV,5,MOV,2,MOV,2,MOV,5,CMP,2,MOV,5,CMOVL,3,0,1,1,0,0,JNE,0,0,1,0,0,0,MOV,0,0,4296876,4296898,4296891,0,0,0,0,fortran,2.906379203955853e-07,0.980676429713743,1,0,1
0x4190a3,JNL,143193,135995,9,2,0x4190a1,CMP,1,NonLeaf,edx(MOV) edi(MOV) ,rflags ,CMP,2,MOV,3,MOV,8,MOV,5,MOV,2,MOV,2,MOV,5,MOV,8,MOV,3,CMP,2,0,1,1,0,0,JGE,0,0,1,0,0,0,MOV,0,0,4296854,4296876,4296869,0,0,0,0,fortran,2.906379203955853e-07,0.949732179645653,1,0,1
0x41908d,JNL,143193,121078,9,2,0x41908b,CMP,1,NonLeaf,edx(-1) edi(MOV) ,rflags ,CMP,2,MOV,3,MOV,8,MOV,5,MOV,2,MOV,2,MOV,5,MOV,8,MOV,3,CMP,2,0,1,1,0,0,JGE,0,0,1,0,0,0,MOV,0,0,4296832,4296854,4296847,0,0,0,0,fortran,2.906379203955853e-07,0.8455580929235368,1,0,1
0x419077,JNL,143193,99877,9,2,0x419075,CMP,1,NonLeaf,edx(MOV) edi(MOV) ,rflags ,CMP,2,MOV,3,MOV,8,MOV,5,MOV,2,MOV,2,MOV,5,MOV,8,MOV,3,CMP,2,0,1,1,0,0,JGE,0,0,1,0,0,0,MOV,0,0,4296810,4296832,4296825,0,0,0,0,fortran,2.906379203955853e-07,0.6974991794291621,1,0,1
0x419061,JNL,143193,122304,9,2,0x41905f,CMP,1,NonLeaf,edx(MOV) edi(MOV) ,rflags ,CMP,2,MOV,3,MOV,8,MOV,5,MOV,2,MOV,2,MOV,5,MOV,8,MOV,3,CMP,2,0,1,1,0,0,JGE,0,0,1,0,0,0,MOV,0,0,4296788,4296810,4296803,0,0,0,0,fortran,2.906379203955853e-07,0.8541199639647189,1,0,1
0x41904b,JNL,143193,135170,9,2,0x419049,CMP,1,NonLeaf,edx(-1) edi(MOV) ,rflags ,CMP,2,MOV,3,MOV,8,MOV,5,MOV,2,MOV,2,MOV,5,MOV,8,MOV,3,CMP,2,0,1,1,0,0,JGE,0,0,1,0,0,0,MOV,0,0,4296766,4296788,4296781,0,0,0,0,fortran,2.906379203955853e-07,0.9439707248259342,1,0,1
0x419031,JL,143193,14784,481,6,0x41902f,CMP,1,NonLeaf,esi(MOV) edx(MOV) ,rflags ,CMP,2,MOV,3,MOV,8,MOV,3,MOV,8,MOV,2,MOV,5,MOV,8,MOV,3,CMP,2,0,1,0,0,0,JMP,0,0,1,0,0,0,MOV,0,0,4296729,4297234,4296759,0,1,0,0,fortran,2.906379203955853e-07,0.1032452703693616,0,0,0
0x419013,JNZ,377694,234501,-143,6,0x41900b,CMP,1,NonLeaf,rsp(-1) r9d(-1) ,rflags ,CMP,8,JNZ,2,CMP,8,ADD,5,ADD,4,MOV,8,MOV,3,MOV,8,MOV,3,CMP,2,0,0,0,0,0,JNE,0,0,1,0,0,0,JL,0,0,4296715,4296580,4296729,0,0,1,0,fortran,7.666031070365883e-07,0.6208756294778313,1,0,1
0x419009,JNZ,3399246,3021552,-28,2,0x419001,CMP,1,NonLeaf,rsi(ADD) rsp(-1) ,rflags ,CMP,8,ADD,5,ADD,4,CMOVL,3,CMP,2,CMP,8,JNZ,6,MOV,8,MOV,3,MOV,8,1,1,1,1,1,JNE,0,0,1,1,0,0,JNE,0,0,4296685,4296685,4296715,1,0,0,0,fortran,6.899427963329295e-06,0.8888888888888888,1,1,1
0x418fab,JNZ,3673521,2856328,-152,6,0x418fa3,CMP,1,NonLeaf,rsp(-1) ,rflags ,CMP,8,ADD,5,MOV,5,ADD,5,ADD,8,MOV,8,MOV,8,JMP,5,MOV,2,MOV,5,0,0,0,1,1,NOP,0,0,1,0,0,0,JMP,1,0,4296580,4296467,4296625,0,0,0,0,fortran,7.456122184530744e-06,0.7775450310478693,1,1,1
0x418f82,JZ,1744703,377694,88,2,0x418f7f,CMP,1,NonLeaf,edx(-1) ,rflags ,CMP,3,JNZ,2,CMP,3,ADD,5,ADD,4,ADD,8,ADD,8,ADD,5,MOV,5,ADD,5,0,1,0,0,0,MOV,0,0,0,0,0,0,JNE,0,0,4296575,4296666,4296580,0,0,0,1,fortran,3.5412125706419927e-06,0.2164803980964095,0,0,0
0x418f7d,JNZ,15702327,13957624,-23,2,0x418f7a,CMP,1,NonLeaf,rax(-1) rsi(ADD) ,rflags ,CMP,3,ADD,5,ADD,4,CMOVZ,4,LEA,4,CMP,3,JZ,2,ADD,8,ADD,8,ADD,5,1,1,1,1,1,JNE,0,0,1,1,0,0,JE,0,0,4296550,4296550,4296575,1,0,0,0,fortran,3.1870913135777934e-05,0.8888888888888888,1,1,1
0x418f5d,JNZ,2444237,699534,39,2,0x418f5b,TEST,1,NonLeaf,edx(MOV) edx(MOV) ,rflags ,TEST,2,MOV,3,MOV,8,JNZ,2,TEST,2,MOV,3,XOR,2,XOR,2,CMP,3,LEA,4,0,0,0,0,0,JNE,0,0,1,0,0,0,XOR,0,0,4296528,4296580,4296543,0,0,1,0,fortran,4.961052276535475e-06,0.2861972877425552,0,0,0
0x418f4e,JNZ,3652556,1208319,54,2,0x418f4c,TEST,1,NonLeaf,esi(MOV) esi(MOV) ,rflags ,TEST,2,MOV,3,MOV,8,MOV,5,JLE,2,MOV,8,MOV,3,TEST,2,JNZ,2,MOV,3,0,0,0,0,0,JNE,0,0,1,0,0,0,JNE,0,0,4296508,4296580,4296528,0,0,1,0,fortran,7.413569657514106e-06,0.3308146404873737,0,0,0
0x418f3a,JLE,3676935,24379,74,2,0x418f37,CMP,1,NonLeaf,edx(-1) ,rflags ,CMP,3,JNZ,2,CMP,3,ADD,3,ADD,4,MOV,5,MOV,8,MOV,3,TEST,2,JNZ,2,0,1,0,0,0,JNE,0,0,1,0,0,0,JNE,0,0,4296503,4296580,4296508,0,0,1,0,fortran,7.463051558593936e-06,0.006630250466761,0,0,0
0x418f35,JNZ,33092415,29415480,-21,2,0x418f32,CMP,1,NonLeaf,rsi(ADD) r8(-1) ,rflags ,CMP,3,ADD,3,ADD,4,CMOVZ,4,LEA,4,CMP,3,JLE,2,MOV,5,MOV,8,MOV,3,1,1,1,1,1,JNE,0,0,1,1,0,0,JLE,0,0,4296480,4296480,4296503,1,0,0,0,fortran,6.716746402734541e-05,0.8888888888888888,1,1,1
0x418dfe,JNL,820607,792274,17,2,0x418dfc,CMP,1,NonLeaf,esi(-1) edx(MOV) ,rflags ,CMP,2,MOV,4,MOV,8,MOV,8,MOV,5,MOV,2,MOV,5,MOV,8,CMP,3,MOV,5,0,1,1,0,0,MOV,0,0,1,0,0,0,MOV,0,0,4296176,4296207,4296192,1,0,1,1,fortran,1.6655808031262705e-06,0.9654731192885266,1,0,1
0x418ddf,JNL,820607,772458,17,2,0x418ddd,CMP,1,NonLeaf,esi(-1) edx(MOV) ,rflags ,CMP,2,MOV,4,MOV,8,MOV,8,MOV,5,MOV,2,MOV,5,MOV,8,MOV,8,MOV,4,0,1,1,0,0,JGE,0,0,1,0,0,0,MOV,0,0,4296145,4296176,4296161,0,0,0,1,fortran,1.6655808031262705e-06,0.9413251410236568,1,0,1
0x418dc0,JNL,820607,740299,17,2,0x418dbe,CMP,1,NonLeaf,esi(MOV) edx(MOV) ,rflags ,CMP,2,MOV,4,MOV,8,MOV,8,MOV,5,MOV,2,MOV,5,MOV,8,MOV,8,MOV,4,0,1,1,0,0,JGE,0,0,1,0,0,0,MOV,0,0,4296114,4296145,4296130,0,0,0,1,fortran,1.6655808031262705e-06,0.9021358579685526,1,0,1
0x418da1,JNL,820607,733802,17,2,0x418d9f,CMP,1,NonLeaf,esi(MOV) edx(MOV) ,rflags ,CMP,2,MOV,4,MOV,8,MOV,8,MOV,5,MOV,2,MOV,5,MOV,8,MOV,8,MOV,4,0,1,1,0,0,JGE,0,0,1,0,0,0,MOV,0,0,4296083,4296114,4296099,0,0,0,1,fortran,1.6655808031262705e-06,0.89421854797729,1,0,1
0x418d82,JNL,820607,728401,17,2,0x418d80,CMP,1,NonLeaf,esi(MOV) edx(MOV) ,rflags ,CMP,2,MOV,4,MOV,8,MOV,8,MOV,5,MOV,2,MOV,5,MOV,8,MOV,8,MOV,4,0,1,1,0,0,JGE,0,0,1,0,0,0,MOV,0,0,4296052,4296083,4296068,0,0,0,1,fortran,1.6655808031262705e-06,0.8876368346845689,1,0,1
0x418d63,JNL,820607,743710,17,2,0x418d61,CMP,1,NonLeaf,esi(-1) edx(MOV) ,rflags ,CMP,2,MOV,4,MOV,8,MOV,8,MOV,5,MOV,2,MOV,5,MOV,8,MOV,8,MOV,4,0,1,1,0,0,JGE,0,0,1,0,0,0,MOV,0,0,4296021,4296052,4296037,0,0,0,1,fortran,1.6655808031262705e-06,0.9062925371097248,1,0,1
0x418d42,JL,820607,171724,644,6,0x418d40,CMP,1,NonLeaf,esi(MOV) edx(MOV) ,rflags ,CMP,2,MOV,4,MOV,8,MOV,4,MOV,7,MOV,5,MOV,8,MOV,8,MOV,4,CMP,2,0,1,0,0,0,JMP,0,0,1,0,0,0,MOV,0,0,4295969,4296646,4296008,0,0,1,1,fortran,1.6655808031262705e-06,0.2092646053470175,0,0,0
0x418d1f,JNZ,7385463,6564856,-28,2,0x418d17,CMP,1,NonLeaf,r9(ADD) rsp(-1) ,rflags ,CMP,8,ADD,5,ADD,4,CMOVL,3,CMP,2,MOV,8,MOV,7,MOV,4,MOV,8,MOV,4,1,1,1,1,1,JNE,0,0,1,1,0,0,JL,0,0,4295939,4295939,4295969,1,0,0,1,fortran,1.4990227228136437e-05,0.8888888888888888,1,1,1
0x418cc1,JLE,121909,0,-16631,6,0x418cbb,CMP,1,NonLeaf,rsp(-1) ,rflags ,CMP,6,JMP,5,MOV,4,MOV,4,ADD,3,MOV,8,MOV,8,MOV,5,MOV,5,LEA,4,0,0,1,0,0,RET,1,0,1,0,0,0,JMP,0,0,4295867,4279242,4295879,1,0,0,1,fortran,2.474379211100082e-07,0.0,0,0,0
0x418c21,JNZ,35226,31312,-23,2,0x418c1e,CMP,1,NonLeaf,rsi(ADD) rax(-1) ,rflags ,CMP,3,ADD,5,ADD,4,MOV,6,JNZ,2,JMP,2,MOV,5,ADD,3,MOV,5,MOV,5,0,0,0,1,1,JNE,0,0,1,1,0,0,JMP,1,0,4295701,4295690,4295715,0,0,0,0,fortran,7.149798791739043e-08,0.8888888888888888,1,1,1
0x418c0d,JNZ,35226,18161,8,2,0x418c0a,CMP,1,NonLeaf,r10d(-1) rdx(-1) ,rflags ,CMP,3,MOV,3,MOV,6,SUB,3,XOR,2,MOV,6,ADD,4,ADD,5,CMP,3,JNZ,2,1,1,1,0,0,JNE,0,0,1,0,0,0,MOV,0,0,4295690,4295701,4295695,1,0,0,1,fortran,7.149798791739043e-08,0.515556691080452,1,0,1
0x418bf2,JNZ,35226,31312,-21,2,0x418bef,CMP,1,NonLeaf,r8(ADD) rax(-1) ,rflags ,CMP,3,ADD,5,ADD,4,CMOVZ,3,LEA,3,MOV,6,ADD,2,XOR,2,SUB,3,MOV,6,1,1,1,1,1,JNE,0,0,1,1,0,0,MOV,0,0,4295645,4295645,4295668,1,0,0,1,fortran,7.149798791739043e-08,0.8888888888888888,1,1,1
0x418bc2,JNZ,35226,31312,-23,2,0x418bbf,CMP,1,NonLeaf,rsi(ADD) rax(-1) ,rflags ,CMP,3,ADD,5,ADD,4,MOV,6,JNZ,2,MOV,8,MOV,5,XOR,3,XOR,2,LEA,4,0,0,0,1,1,JNE,0,0,1,1,0,0,MOV,1,0,4295606,4295595,4295620,0,0,0,0,fortran,7.149798791739043e-08,0.8888888888888888,1,1,1
0x418bae,JNZ,35226,22987,8,2,0x418bab,CMP,1,NonLeaf,r10d(-1) rdx(-1) ,rflags ,CMP,3,MOV,3,MOV,6,SUB,3,XOR,2,MOV,6,ADD,4,ADD,5,CMP,3,JNZ,2,1,1,1,0,0,JNE,0,0,1,0,0,0,MOV,0,0,4295595,4295606,4295600,1,0,0,1,fortran,7.149798791739043e-08,0.6525577698291035,1,0,1
0x418b93,JNZ,35226,31312,-21,2,0x418b90,CMP,1,NonLeaf,r8(ADD) rax(-1) ,rflags ,CMP,3,ADD,5,ADD,4,CMOVZ,3,LEA,3,MOV,6,ADD,2,XOR,2,SUB,3,MOV,6,1,1,1,1,1,JNE,0,0,1,1,0,0,MOV,0,0,4295550,4295550,4295573,1,0,0,1,fortran,7.149798791739043e-08,0.8888888888888888,1,1,1
0x418b57,JZ,3960,46,-435,6,0x418b54,CMP,1,NonLeaf,edx(-1) ,rflags ,CMP,3,JNZ,2,CMP,3,ADD,5,ADD,4,MOV,8,MOV,5,XOR,3,MOV,8,XOR,2,0,0,0,0,0,JNE,0,0,1,0,0,0,MOV,1,0,4295508,4295076,4295517,0,0,1,0,fortran,8.037586786829787e-09,0.0116161616161616,0,1,0
0x418b52,JNZ,35640,31680,-21,2,0x418b4f,CMP,1,NonLeaf,r8(ADD) rax(-1) ,rflags ,CMP,3,ADD,5,ADD,4,CMOVZ,3,LEA,3,CMP,3,JZ,6,MOV,8,MOV,5,XOR,3,1,1,1,1,1,JNE,0,0,1,1,0,0,JE,0,0,4295485,4295485,4295508,1,0,0,0,fortran,7.23382810814681e-08,0.8888888888888888,1,1,1
0x418b2a,JZ,41485,37525,-390,6,0x418b27,CMP,1,NonLeaf,edx(-1) ,rflags ,CMP,3,JNZ,2,CMP,3,ADD,5,ADD,4,MOV,8,XOR,3,XOR,2,CMP,3,LEA,3,0,0,0,0,0,JNE,0,0,1,0,0,0,XOR,0,0,4295463,4295076,4295472,0,0,1,0,fortran,8.420184036657417e-08,0.90454381101603,1,0,1
0x418b25,JNZ,373365,331880,-21,2,0x418b22,CMP,1,NonLeaf,r8(ADD) rax(-1) ,rflags ,CMP,3,ADD,5,ADD,4,CMOVZ,3,LEA,3,CMP,3,JZ,6,MOV,8,XOR,3,XOR,2,1,1,1,1,1,JNE,0,0,1,1,0,0,JE,0,0,4295440,4295440,4295463,1,0,0,0,fortran,7.578165632991676e-07,0.8888888888888888,1,1,1
0x418afd,JLE,41485,0,337,6,0x418afa,TEST,1,NonLeaf,rax(-1) rax(-1) ,rflags ,TEST,3,JNZ,6,CMP,4,CMOVL,3,MOV,5,MOV,8,XOR,3,XOR,2,CMP,3,LEA,3,0,1,0,0,0,MOV,1,0,1,0,0,0,XOR,0,0,4295418,4295758,4295427,0,0,1,0,fortran,8.420184036657417e-08,0.0,0,0,0
0x418af4,JNZ,147688,106203,-336,6,0x418af0,CMP,1,NonLeaf,rsp(-1) esi(CMOVL) ,rflags ,CMP,4,CMOVL,3,MOV,5,CMP,3,MOV,5,TEST,3,JLE,6,MOV,8,XOR,3,XOR,2,0,0,0,0,0,JNE,0,0,1,0,0,0,JLE,0,0,4295397,4295076,4295418,0,0,1,0,fortran,2.997613932760903e-07,0.7191037863604355,1,0,1
0x418adc,JNL,147688,146363,9,2,0x418ada,CMP,1,NonLeaf,edx(-1) edi(MOV) ,rflags ,CMP,2,MOV,4,MOV,8,MOV,5,MOV,2,MOV,2,MOV,5,CMP,3,MOV,5,CMOVL,3,0,1,1,0,0,JNE,0,0,1,0,0,0,MOV,0,0,4295374,4295397,4295390,0,0,0,0,fortran,2.997613932760903e-07,0.9910283841612048,1,0,1
0x418ac5,JNL,147688,142124,9,2,0x418ac3,CMP,1,NonLeaf,edx(-1) edi(MOV) ,rflags ,CMP,2,MOV,4,MOV,8,MOV,5,MOV,2,MOV,2,MOV,5,MOV,8,MOV,4,CMP,2,0,1,1,0,0,JGE,0,0,1,0,0,0,MOV,0,0,4295351,4295374,4295367,0,0,0,0,fortran,2.997613932760903e-07,0.9623259845078814,1,0,1
0x418aae,JNL,147688,137071,9,2,0x418aac,CMP,1,NonLeaf,edx(-1) edi(MOV) ,rflags ,CMP,2,MOV,4,MOV,8,MOV,5,MOV,2,MOV,2,MOV,5,MOV,8,MOV,4,CMP,2,0,1,1,0,0,JGE,0,0,1,0,0,0,MOV,0,0,4295328,4295351,4295344,0,0,0,0,fortran,2.997613932760903e-07,0.928111965765668,1,0,1
0x418a97,JNL,147688,107285,9,2,0x418a95,CMP,1,NonLeaf,edx(MOV) edi(MOV) ,rflags ,CMP,2,MOV,4,MOV,8,MOV,5,MOV,2,MOV,2,MOV,5,MOV,8,MOV,4,CMP,2,0,1,1,0,0,JGE,0,0,1,0,0,0,MOV,0,0,4295305,4295328,4295321,0,0,0,0,fortran,2.997613932760903e-07,0.7264300417095498,1,0,1
0x418a80,JNL,147688,113449,9,2,0x418a7e,CMP,1,NonLeaf,edx(MOV) edi(MOV) ,rflags ,CMP,2,MOV,4,MOV,8,MOV,5,MOV,2,MOV,2,MOV,5,MOV,8,MOV,4,CMP,2,0,1,1,0,0,JGE,0,0,1,0,0,0,MOV,0,0,4295282,4295305,4295298,0,0,0,0,fortran,2.997613932760903e-07,0.7681666756947078,1,0,1
0x418a69,JNL,147688,138853,9,2,0x418a67,CMP,1,NonLeaf,edx(MOV) edi(MOV) ,rflags ,CMP,2,MOV,4,MOV,8,MOV,5,MOV,2,MOV,2,MOV,5,MOV,8,MOV,4,CMP,2,0,1,1,0,0,JGE,0,0,1,0,0,0,MOV,0,0,4295259,4295282,4295275,0,0,0,0,fortran,2.997613932760903e-07,0.9401779426899952,1,0,1
0x418a4e,JL,147688,24099,502,6,0x418a4c,CMP,1,NonLeaf,esi(MOV) edx(MOV) ,rflags ,CMP,2,MOV,4,MOV,8,MOV,4,MOV,8,MOV,2,MOV,5,MOV,8,MOV,4,CMP,2,0,1,0,0,0,JMP,0,0,1,0,0,0,MOV,0,0,4295220,4295748,4295252,0,1,0,0,fortran,2.997613932760903e-07,0.1631750717729267,0,0,0
0x418a2e,JNZ,385711,238023,-138,6,0x418a26,CMP,1,NonLeaf,rsp(-1) r8d(-1) ,rflags ,CMP,8,JNZ,2,CMP,8,ADD,5,ADD,4,MOV,8,MOV,4,MOV,8,MOV,4,CMP,2,0,0,0,0,0,JNE,0,0,1,0,0,0,JL,0,0,4295206,4295076,4295220,0,0,1,0,fortran,7.828751608926525e-07,0.6171019234608295,1,0,1
0x418a24,JNZ,3471399,3085688,-28,2,0x418a1c,CMP,1,NonLeaf,rsi(ADD) rsp(-1) ,rflags ,CMP,8,ADD,5,ADD,4,CMOVL,3,CMP,2,CMP,8,JNZ,6,MOV,8,MOV,4,MOV,8,1,1,1,1,1,JNE,0,0,1,1,0,0,JNE,0,0,4295176,4295176,4295206,1,0,0,0,fortran,7.045876448033873e-06,0.8888888888888888,1,1,1
0x4189cb,JNZ,3695626,2875212,-156,6,0x4189c3,CMP,1,NonLeaf,rsp(-1) ,rflags ,CMP,8,ADD,5,MOV,5,ADD,5,ADD,8,MOV,8,MOV,8,JMP,5,MOV,2,MOV,8,0,0,0,1,1,NOP,0,0,1,0,0,0,JMP,1,0,4295076,4294959,4295121,0,0,0,0,fortran,7.500988562289045e-06,0.7780040512757513,1,1,1
0x4189a2,JZ,1787924,385711,83,2,0x41899f,CMP,1,NonLeaf,edx(-1) ,rflags ,CMP,3,JNZ,2,CMP,3,ADD,5,ADD,4,ADD,8,ADD,8,ADD,5,MOV,5,ADD,5,0,1,0,0,0,MOV,0,0,0,0,0,0,JNE,0,0,4295071,4295157,4295076,0,0,0,1,fortran,3.62893795915552e-06,0.2157312055769708,0,0,0
0x41899d,JNZ,16091316,14303392,-23,2,0x41899a,CMP,1,NonLeaf,rsi(ADD) r11(-1) ,rflags ,CMP,3,ADD,5,ADD,4,CMOVZ,4,LEA,4,CMP,3,JZ,2,ADD,8,ADD,8,ADD,5,1,1,1,1,1,JNE,0,0,1,1,0,0,JE,0,0,4295046,4295046,4295071,1,0,0,0,fortran,3.2660441632399686e-05,0.8888888888888888,1,1,1
0x41897d,JNZ,2511241,723317,39,2,0x41897b,TEST,1,NonLeaf,edx(MOV) edx(MOV) ,rflags ,TEST,2,MOV,3,MOV,8,JNZ,2,TEST,2,MOV,3,XOR,2,XOR,2,CMP,3,LEA,4,0,0,0,0,0,JNE,0,0,1,0,0,0,XOR,0,0,4295024,4295076,4295039,0,0,1,0,fortran,5.097049868723541e-06,0.2880316942897953,0,0,0
0x41896e,JNZ,3678554,1167313,54,2,0x41896c,TEST,1,NonLeaf,esi(MOV) esi(MOV) ,rflags ,TEST,2,MOV,3,MOV,8,MOV,5,JLE,2,MOV,8,MOV,3,TEST,2,JNZ,2,MOV,3,0,0,0,0,0,JNE,0,0,1,0,0,0,JNE,0,0,4295004,4295076,4295024,0,0,1,0,fortran,7.466337632585823e-06,0.317329309288378,0,0,0
0x41895a,JLE,3699540,20986,74,2,0x418957,CMP,1,NonLeaf,edx(-1) ,rflags ,CMP,3,JNZ,2,CMP,3,ADD,3,ADD,4,MOV,5,MOV,8,MOV,3,TEST,2,JNZ,2,0,1,0,0,0,JNE,0,0,1,0,0,0,JNE,0,0,4294999,4295076,4295004,0,0,1,0,fortran,7.5089327831687555e-06,0.0056725971336977,0,0,0
0x418955,JNZ,33295860,29596320,-21,2,0x418952,CMP,1,NonLeaf,rsi(ADD) r14(-1) ,rflags ,CMP,3,ADD,3,ADD,4,CMOVZ,4,LEA,4,CMP,3,JLE,2,MOV,5,MOV,8,MOV,3,1,1,1,1,1,JNE,0,0,1,1,0,0,JLE,0,0,4294976,4294976,4294999,1,0,0,0,fortran,6.75803950485188e-05,0.8888888888888888,1,1,1
0x41881c,JNL,824328,806135,12,2,0x41881a,CMP,1,NonLeaf,esi(-1) edx(MOV) ,rflags ,CMP,2,MOV,4,MOV,8,MOV,8,MOV,2,MOV,2,MOV,8,CMP,3,MOVSXD,8,MOV,3,0,1,1,0,0,MOV,0,0,1,0,0,0,MOV,0,0,4294670,4294696,4294686,1,0,1,1,fortran,1.6731332931348043e-06,0.9779299016896188,1,0,1
0x418802,JNL,824328,785292,12,2,0x418800,CMP,1,NonLeaf,esi(-1) edx(MOV) ,rflags ,CMP,2,MOV,4,MOV,8,MOV,8,MOV,2,MOV,2,MOV,8,MOV,8,MOV,4,CMP,2,0,1,1,0,0,JGE,0,0,1,0,0,0,MOV,0,0,4294644,4294670,4294660,0,0,0,1,fortran,1.6731332931348043e-06,0.952645063615454,1,0,1
0x4187e8,JNL,824328,718604,12,2,0x4187e6,CMP,1,NonLeaf,esi(MOV) edx(MOV) ,rflags ,CMP,2,MOV,4,MOV,8,MOV,8,MOV,2,MOV,2,MOV,8,MOV,8,MOV,4,CMP,2,0,1,1,0,0,JGE,0,0,1,0,0,0,MOV,0,0,4294618,4294644,4294634,0,0,0,1,fortran,1.6731332931348043e-06,0.8717452276278375,1,0,1
0x4187ce,JNL,824328,742398,12,2,0x4187cc,CMP,1,NonLeaf,esi(MOV) edx(MOV) ,rflags ,CMP,2,MOV,4,MOV,8,MOV,8,MOV,2,MOV,2,MOV,8,MOV,8,MOV,4,CMP,2,0,1,1,0,0,JGE,0,0,1,0,0,0,MOV,0,0,4294592,4294618,4294608,0,0,0,1,fortran,1.6731332931348043e-06,0.9006099513785775,1,0,1
0x4187b4,JNL,824328,741217,12,2,0x4187b2,CMP,1,NonLeaf,esi(MOV) edx(MOV) ,rflags ,CMP,2,MOV,4,MOV,8,MOV,8,MOV,2,MOV,2,MOV,8,MOV,8,MOV,4,CMP,2,0,1,1,0,0,JGE,0,0,1,0,0,0,MOV,0,0,4294566,4294592,4294582,0,0,0,1,fortran,1.6731332931348043e-06,0.8991772692423404,1,0,1
0x41879a,JNL,824328,682985,12,2,0x418798,CMP,1,NonLeaf,esi(-1) edx(MOV) ,rflags ,CMP,2,MOV,4,MOV,8,MOV,8,JL,6,MOV,2,MOV,8,MOV,8,MOV,4,CMP,2,0,1,1,0,0,JGE,0,0,1,0,0,0,MOV,0,0,4294540,4294566,4294556,0,0,0,1,fortran,1.6731332931348043e-06,0.8285354858745548,1,0,1
0x41877e,JL,824328,136572,616,6,0x41877c,CMP,1,NonLeaf,esi(MOV) edx(MOV) ,rflags ,CMP,2,MOV,4,MOV,8,MOV,4,MOV,8,MOV,8,MOV,8,MOV,4,CMP,2,JNL,2,0,1,0,0,0,JMP,0,0,1,0,0,0,MOV,0,0,4294492,4295142,4294532,0,0,1,1,fortran,1.6731332931348043e-06,0.1656767694412903,0,0,0
0x41875a,JNZ,7418952,6594624,-30,2,0x418752,CMP,1,NonLeaf,r8(ADD) rsp(-1) ,rflags ,CMP,8,ADD,5,ADD,4,CMOVL,3,CMP,2,MOV,8,MOV,8,MOV,4,MOV,8,MOV,4,1,1,1,1,1,JNE,0,0,1,1,0,0,JL,0,0,4294460,4294460,4294492,1,0,0,1,fortran,1.505819963821324e-05,0.8888888888888888,1,1,1
0x4185b5,JZ,692427,230809,-12693,6,0x4185af,CMP,1,NonLeaf,rsp(-1) ,rflags ,CMP,6,ADD,6,ADD,6,ADD,6,JMP,5,MOV,8,MOV,5,MOV,8,MOV,5,JMP,5,0,0,1,0,0,JLE,1,0,1,0,0,0,JMP,0,0,4294045,4281376,4294075,0,0,0,1,fortran,1.405414673243482e-06,0.3333333333333333,0,0,0
0x41858f,JNZ,504090,448080,-16,2,0x41858c,CMP,1,NonLeaf,rdx(ADD) r9(-1) ,rflags ,CMP,3,ADD,3,MOV,6,ADD,4,XOR,2,JMP,2,MOV,5,JMP,5,ADD,6,ADD,6,1,1,1,1,1,JNE,0,0,1,1,0,0,JMP,0,0,4294015,4294015,4294033,1,0,1,0,fortran,1.0231482634780373e-06,0.8888888888888888,1,1,1
0x418576,JNZ,504090,448080,-16,2,0x418573,CMP,1,NonLeaf,rdx(ADD) r9(-1) ,rflags ,CMP,3,ADD,3,MOV,6,ADD,4,LEA,4,MOV,5,XOR,2,ADD,4,MOV,6,ADD,3,1,1,1,1,1,JNE,0,0,1,1,0,0,XOR,0,0,4293990,4293990,4294008,1,0,1,0,fortran,1.0231482634780373e-06,0.8888888888888888,1,1,1
0x418542,JNZ,504090,448080,-19,2,0x41853f,CMP,1,NonLeaf,r8(ADD) r9(-1) ,rflags ,CMP,3,ADD,3,ADD,4,CMOVNZ,3,LEA,3,MOV,6,MOV,5,ADD,2,LEA,4,XOR,2,1,1,1,1,1,JNE,0,0,1,1,0,0,LEA,0,0,4293935,4293935,4293956,1,0,0,1,fortran,1.0231482634780373e-06,0.8888888888888888,1,1,1
0x418517,JNZ,504090,448080,-19,2,0x418514,CMP,1,NonLeaf,rdi(ADD) r9(-1) ,rflags ,CMP,3,ADD,3,ADD,4,CMOVNZ,3,LEA,3,MOV,5,XOR,2,LEA,4,XOR,3,MOV,5,1,1,1,1,1,JNE,0,0,1,1,0,0,MOV,0,0,4293892,4293892,4293913,1,0,0,1,fortran,1.0231482634780373e-06,0.8888888888888888,1,1,1
0x4184e0,JLE,56010,0,250,6,0x4184d0,TEST,1,NonLeaf,r9(-1) r9(-1) ,rflags ,MOV,8,MOV,5,TEST,3,JLE,6,CMP,3,MOV,4,MOV,5,XOR,2,LEA,8,MOV,5,0,1,0,0,0,SUB,0,0,1,0,0,0,XOR,0,0,4293840,4294106,4293862,0,0,1,0,fortran,1.136831403864486e-07,0.0,0,0,0
0x4184ca,JLE,94165,94068,-2101,6,0x4184c7,CMP,1,NonLeaf,edx(-1) ,rflags ,CMP,3,JNLE,2,CMP,3,JNZ,2,CMP,3,TEST,3,MOV,5,MOV,8,JLE,6,MOV,4,0,0,0,0,0,JE,0,0,0,0,0,0,JLE,1,0,4293831,4291733,4293840,0,0,0,0,fortran,1.911261009550068e-07,0.9989698932724472,1,1,1
0x4184c5,JNLE,150078,55913,11,2,0x4184c2,CMP,1,NonLeaf,eax(-1) ,rflags ,CMP,3,JNZ,2,CMP,3,ADD,3,ADD,4,CMP,3,JLE,6,TEST,3,MOV,5,MOV,8,0,1,0,0,0,JLE,1,0,1,0,0,0,JLE,0,0,4293826,4293840,4293831,0,0,0,0,fortran,3.046123610590507e-07,0.3725596023401165,0,0,0
0x4184c0,JNZ,1350702,1200624,-19,2,0x4184bd,CMP,1,NonLeaf,rdi(ADD) r9(-1) ,rflags ,CMP,3,ADD,3,ADD,4,CMOVNZ,3,LEA,3,CMP,3,JNLE,2,CMP,3,JLE,6,TEST,3,1,1,1,1,1,JNE,0,0,1,1,0,0,JG,0,0,4293805,4293805,4293826,1,0,0,0,fortran,2.7415112495314564e-06,0.8888888888888888,1,1,1
0x418477,JNZ,1350702,1200624,-24,2,0x418474,CMP,1,NonLeaf,rsi(ADD) r9(-1) ,rflags ,CMP,3,ADD,3,ADD,4,CMOVNZ,4,TEST,3,CDQE,2,XOR,2,IMUL,4,MOV,3,MOVSXD,5,1,1,1,1,1,JNE,0,0,1,1,0,0,XOR,0,0,4293727,4293727,4293753,1,0,0,1,fortran,2.7415112495314564e-06,0.8888888888888888,1,1,1
0x418434,JLE,150078,0,-1951,6,0x41842d,TEST,1,NonLeaf,r9(MOV) r9(MOV) ,rflags ,MOV,4,TEST,3,ADD,3,ADD,3,MOV,3,MOV,8,ADD,3,LEA,8,MOV,5,LEA,4,0,0,0,0,0,JE,0,0,1,0,0,0,XOR,0,0,4293559,4291733,4293690,0,0,0,1,fortran,3.046123610590507e-07,0.0,0,0,0
0x4183b1,JNZ,218308,68230,-257,6,0x4183ae,CMP,1,NonLeaf,r12d(-1) ecx(CMOVL) ,rflags ,CMP,3,CMOVL,3,MOV,5,CMP,7,MOV,5,MOV,7,MOV,7,MOV,8,LEA,4,LEA,5,0,0,0,0,0,JNE,0,0,1,0,0,0,JLE,0,0,4293535,4293296,4293559,0,0,1,1,fortran,4.430983576412216e-07,0.3125400809864961,0,0,0
0x418396,JNL,218308,196017,9,2,0x418394,CMP,1,NonLeaf,edx(MOV) esi(MOV) ,rflags ,CMP,2,MOV,7,MOV,5,MOV,2,JNL,2,MOV,2,MOV,5,CMP,7,MOV,5,CMOVL,3,0,1,1,0,0,JNE,0,0,1,0,0,0,MOV,0,0,4293517,4293535,4293528,1,0,0,0,fortran,4.430983576412216e-07,0.8978919691445114,1,0,1
0x418384,JNL,218308,192016,9,2,0x418382,CMP,1,NonLeaf,edx(-1) esi(MOV) ,rflags ,CMP,2,MOV,7,MOV,5,MOV,2,JNL,2,MOV,2,MOV,5,MOV,7,CMP,2,JNL,2,0,1,1,0,0,JGE,0,0,1,0,0,0,MOV,0,0,4293499,4293517,4293510,0,0,0,0,fortran,4.430983576412216e-07,0.8795646517763893,1,0,1
0x418372,JNL,218308,187383,9,2,0x418370,CMP,1,NonLeaf,edx(-1) esi(MOV) ,rflags ,CMP,2,MOV,7,MOV,5,MOV,2,JNL,2,MOV,2,MOV,5,MOV,7,CMP,2,JNL,2,0,1,1,0,0,JGE,0,0,1,0,0,0,MOV,0,0,4293481,4293499,4293492,0,0,0,0,fortran,4.430983576412216e-07,0.8583423420122029,1,0,1
0x418360,JNL,218308,186585,9,2,0x41835e,CMP,1,NonLeaf,edx(MOV) esi(MOV) ,rflags ,CMP,2,MOV,7,MOV,5,MOV,2,JNL,2,MOV,2,MOV,5,MOV,7,CMP,2,JNL,2,0,1,1,0,0,JGE,0,0,1,0,0,0,MOV,0,0,4293463,4293481,4293474,0,0,0,0,fortran,4.430983576412216e-07,0.8546869560437547,1,0,1
0x41834e,JNL,218308,190186,9,2,0x41834c,CMP,1,NonLeaf,edx(MOV) esi(MOV) ,rflags ,CMP,2,MOV,7,MOV,5,MOV,2,JNL,2,MOV,2,MOV,5,MOV,7,CMP,2,JNL,2,0,1,1,0,0,JGE,0,0,1,0,0,0,MOV,0,0,4293445,4293463,4293456,0,0,0,0,fortran,4.430983576412216e-07,0.8711819997434816,1,0,1
0x41833c,JNL,218308,211235,9,2,0x41833a,CMP,1,NonLeaf,edx(-1) esi(MOV) ,rflags ,CMP,2,MOV,7,MOV,5,MOV,2,JL,6,MOV,2,MOV,5,MOV,7,CMP,2,JNL,2,0,1,1,0,0,JGE,0,0,1,0,0,0,MOV,0,0,4293427,4293445,4293438,0,0,0,0,fortran,4.430983576412216e-07,0.9676008208586034,1,0,1
0x418326,JL,218308,9617,621,6,0x418324,CMP,1,NonLeaf,ecx(MOV) edx(MOV) ,rflags ,CMP,2,MOV,7,MOV,7,MOV,12,JMP,5,MOV,2,MOV,5,MOV,7,CMP,2,JNL,2,0,1,0,0,0,JMP,0,0,1,0,0,0,MOV,0,0,4293386,4294035,4293420,0,1,0,0,fortran,4.430983576412216e-07,0.0440524396723894,0,0,0
0x4182c8,JNZ,575609,468448,-1578,6,0x4182b8,CMP,1,NonLeaf,ebp(-1) ,rflags ,MOV,5,MOV,8,CMP,3,MOV,8,JZ,2,MOV,5,JMP,5,NOP,8,MOV,2,MOV,6,0,0,0,0,0,JMP,0,0,0,0,0,0,JMP,1,0,4293296,4291742,4293326,1,0,1,0,fortran,1.1683099224192695e-06,0.813830221556647,1,1,1
0x4182ae,JZ,725687,218308,92,2,0x4182ab,CMP,1,NonLeaf,r14d(-1) ecx(CMOVL) ,rflags ,CMP,3,CMOVL,3,MOV,5,CMP,7,MOV,5,MOV,8,CMP,3,MOV,8,MOV,5,JNZ,6,0,1,0,0,0,JL,0,0,1,0,0,0,JNE,0,0,4293276,4293386,4293296,0,0,1,1,fortran,1.47292228347832e-06,0.300829420948701,0,0,0
0x418293,JNL,725687,700660,9,2,0x418291,CMP,1,NonLeaf,edx(MOV) esi(MOV) ,rflags ,CMP,2,MOV,7,MOV,5,MOV,2,JNL,2,MOV,2,MOV,5,CMP,7,MOV,5,CMOVL,3,0,1,1,0,0,JE,0,0,1,0,0,0,MOV,0,0,4293258,4293276,4293269,1,0,0,0,fortran,1.47292228347832e-06,0.9655126797090204,1,0,1
0x418281,JNL,725687,667324,9,2,0x41827f,CMP,1,NonLeaf,edx(MOV) esi(MOV) ,rflags ,CMP,2,MOV,7,MOV,5,MOV,2,JNL,2,MOV,2,MOV,5,MOV,7,CMP,2,JNL,2,0,1,1,0,0,JGE,0,0,1,0,0,0,MOV,0,0,4293240,4293258,4293251,0,0,0,0,fortran,1.47292228347832e-06,0.9195755194732717,1,0,1
0x41826f,JNL,725687,699900,9,2,0x41826d,CMP,1,NonLeaf,edx(-1) esi(MOV) ,rflags ,CMP,2,MOV,7,MOV,5,MOV,2,JNL,2,MOV,2,MOV,5,MOV,7,CMP,2,JNL,2,0,1,1,0,0,JGE,0,0,1,0,0,0,MOV,0,0,4293222,4293240,4293233,0,0,0,0,fortran,1.47292228347832e-06,0.9644653962383232,1,0,1
0x41825d,JNL,725687,610805,9,2,0x41825b,CMP,1,NonLeaf,edx(MOV) esi(MOV) ,rflags ,CMP,2,MOV,7,MOV,5,MOV,2,JNL,2,MOV,2,MOV,5,MOV,7,CMP,2,JNL,2,0,1,1,0,0,JGE,0,0,1,0,0,0,MOV,0,0,4293204,4293222,4293215,0,0,0,0,fortran,1.47292228347832e-06,0.841692079367551,1,0,1
0x41824b,JNL,725687,609841,9,2,0x418249,CMP,1,NonLeaf,edx(MOV) esi(MOV) ,rflags ,CMP,2,MOV,7,MOV,5,MOV,2,JNL,2,MOV,2,MOV,5,MOV,7,CMP,2,JNL,2,0,1,1,0,0,JGE,0,0,1,0,0,0,MOV,0,0,4293186,4293204,4293197,0,0,0,0,fortran,1.47292228347832e-06,0.8403636829652453,1,0,1
0x418239,JNL,725687,638270,9,2,0x418237,CMP,1,NonLeaf,edx(-1) esi(MOV) ,rflags ,CMP,2,MOV,7,MOV,5,MOV,2,JL,6,MOV,2,MOV,5,MOV,7,CMP,2,JNL,2,0,1,1,0,0,JGE,0,0,1,0,0,0,MOV,0,0,4293168,4293186,4293179,0,0,0,0,fortran,1.47292228347832e-06,0.8795389747921625,1,0,1
0x418223,JL,725687,151138,221,6,0x418221,CMP,1,NonLeaf,ecx(MOV) edx(MOV) ,rflags ,CMP,2,MOV,8,MOV,5,MOV,5,MOV,3,MOV,2,MOV,5,MOV,7,CMP,2,JNL,2,0,1,0,0,0,JMP,0,0,1,0,0,0,MOV,0,0,4293118,4293376,4293161,0,1,0,0,fortran,1.47292228347832e-06,0.2082688542029828,0,0,0
0x418043,JNL,725687,640091,21,2,0x418041,CMP,1,NonLeaf,edx(-1) ecx(MOV) ,rflags ,CMP,2,MOV,7,MOV,6,MOV,5,MOV,6,MOV,2,MOV,6,MOV,5,MOV,6,CMP,7,0,1,1,0,0,MOV,0,0,1,0,0,0,MOV,0,0,4292666,4292696,4292677,1,0,1,0,fortran,1.47292228347832e-06,0.8820483211081361,1,0,1
0x418025,JNL,725687,643073,21,2,0x418023,CMP,1,NonLeaf,edx(-1) ecx(MOV) ,rflags ,CMP,2,MOV,7,MOV,6,XOR,2,MOV,6,MOV,2,MOV,6,MOV,5,MOV,6,MOV,7,0,1,1,0,0,JGE,0,0,1,0,0,0,MOV,0,0,4292636,4292666,4292647,0,0,0,0,fortran,1.47292228347832e-06,0.8861575307260569,1,0,1
0x41800a,JNL,725687,629022,18,2,0x418008,CMP,1,NonLeaf,edx(MOV) ecx(MOV) ,rflags ,CMP,2,MOV,7,MOV,6,MOV,5,MOV,6,MOV,2,MOV,6,XOR,2,MOV,6,MOV,7,0,1,1,0,0,JGE,0,0,1,0,0,0,MOV,0,0,4292609,4292636,4292620,0,0,0,0,fortran,1.47292228347832e-06,0.8667951885592549,1,0,1
0x417fec,JNL,725687,645285,21,2,0x417fea,CMP,1,NonLeaf,edx(MOV) ecx(MOV) ,rflags ,CMP,2,MOV,7,MOV,6,MOV,5,MOV,6,MOV,2,MOV,6,MOV,5,MOV,6,MOV,7,0,1,1,0,0,JGE,0,0,1,0,0,0,MOV,0,0,4292579,4292609,4292590,0,0,0,0,fortran,1.47292228347832e-06,0.889205676827613,1,0,1
0x417fce,JNL,725687,666391,21,2,0x417fcc,CMP,1,NonLeaf,edx(-1) ecx(MOV) ,rflags ,CMP,2,XOR,3,MOV,7,MOV,3,JL,6,MOV,2,MOV,6,MOV,5,MOV,6,MOV,7,0,1,1,0,0,JGE,0,0,1,0,0,0,MOV,0,0,4292546,4292579,4292560,0,0,0,0,fortran,1.47292228347832e-06,0.9182898412125338,1,0,1
0x417fb9,JL,725687,33797,807,6,0x417fb7,CMP,1,NonLeaf,edx(MOV) eax(MOV) ,rflags ,CMP,2,MOV,7,MOV,6,MOV,2,JNL,2,MOV,3,MOV,7,XOR,3,CMP,2,JNL,2,0,1,0,0,0,JMP,0,0,1,0,0,0,MOV,0,0,4292528,4293344,4292543,1,0,0,0,fortran,1.47292228347832e-06,0.046572420341001,0,0,0
0x417fa6,JNL,725687,695838,10,2,0x417fa4,CMP,1,NonLeaf,edx(MOV) eax(MOV) ,rflags ,CMP,2,MOV,7,MOV,7,MOV,12,CMOVL,4,MOV,2,MOV,6,MOV,7,CMP,2,JL,6,0,1,1,0,0,JL,0,0,1,0,0,0,MOV,0,0,4292444,4292528,4292520,0,0,0,0,fortran,1.47292228347832e-06,0.9588679416883588,1,0,1
0x417f40,JNL,725687,692487,28,2,0x417f3e,CMP,1,NonLeaf,eax(-1) edx(MOV) ,rflags ,CMP,2,MOV,7,MOV,6,MOV,6,MOV,6,MOV,2,MOV,6,MOV,6,MOV,6,MOV,6,0,1,1,0,0,JGE,0,0,1,0,0,0,MOV,0,0,4292407,4292444,4292418,1,0,1,0,fortran,1.47292228347832e-06,0.9542502483853232,1,0,1
0x417f1b,JNL,725687,681431,28,2,0x417f19,CMP,1,NonLeaf,eax(-1) edx(MOV) ,rflags ,CMP,2,MOV,7,MOV,6,MOV,6,XOR,3,MOV,2,MOV,6,MOV,6,MOV,6,MOV,6,0,1,1,0,0,JGE,0,0,1,0,0,0,MOV,0,0,4292370,4292407,4292381,0,0,0,0,fortran,1.47292228347832e-06,0.9390150298958092,1,0,1
0x417ef9,JNL,725687,699036,25,2,0x417ef7,CMP,1,NonLeaf,eax(-1) edx(MOV) ,rflags ,CMP,2,MOV,7,MOV,6,MOV,6,MOV,6,MOV,2,MOV,6,XOR,3,MOV,6,MOV,6,0,1,1,0,0,JGE,0,0,1,0,0,0,MOV,0,0,4292336,4292370,4292347,0,0,0,0,fortran,1.47292228347832e-06,0.9632748002926882,1,0,1
0x417ed4,JNL,725687,566223,28,2,0x417ed2,CMP,1,NonLeaf,eax(MOV) edx(MOV) ,rflags ,CMP,2,MOV,7,MOV,6,MOV,6,MOV,6,MOV,2,MOV,6,MOV,6,MOV,6,MOV,6,0,1,1,0,0,JGE,0,0,1,0,0,0,MOV,0,0,4292299,4292336,4292310,0,0,0,0,fortran,1.47292228347832e-06,0.7802578797746136,1,0,1
0x417eaf,JNL,725687,626484,28,2,0x417ead,CMP,1,NonLeaf,eax(MOV) edx(MOV) ,rflags ,CMP,2,XOR,3,MOV,7,MOV,6,MOV,6,MOV,2,MOV,6,MOV,6,MOV,6,MOV,6,0,1,1,0,0,JGE,0,0,1,0,0,0,MOV,0,0,4292259,4292299,4292273,0,0,0,0,fortran,1.47292228347832e-06,0.8632978129689521,1,0,1
0x417e90,JNL,725687,640930,19,2,0x417e8e,CMP,1,NonLeaf,eax(-1) edx(MOV) ,rflags ,CMP,2,MOV,3,MOV,7,MOV,6,XOR,3,MOV,2,XOR,3,MOV,6,MOV,6,MOV,7,0,1,1,0,0,JGE,0,0,1,0,0,0,MOV,0,0,4292228,4292259,4292242,0,0,0,0,fortran,1.47292228347832e-06,0.8832044669396034,1,0,1
0x417e73,JL,725687,154349,1148,6,0x417e71,CMP,1,NonLeaf,edx(MOV) eax(MOV) ,rflags ,CMP,2,MOV,7,MOV,7,CALL_NEAR,5,MOV,12,MOV,2,XOR,3,MOV,6,MOV,7,MOV,3,0,1,0,0,0,JMP,0,0,1,0,0,0,MOV,0,0,4292195,4293359,4292217,0,0,0,0,fortran,1.47292228347832e-06,0.2126936268666794,0,0,0
0x417c98,JZ,6891003,1629418,1590,6,0x417c95,CMP,1,NonLeaf,ebp(-1) ,rflags ,CMP,3,JZ,2,CMP,3,JNZ,2,CMP,3,MOV,8,ADD,3,MOV,8,MOV,4,MOV,5,0,0,0,0,0,JMP,1,0,0,0,0,0,JMP,0,0,4291733,4293326,4291742,0,1,0,1,fortran,1.3986624914344551e-05,0.2364558541042574,0,0,0
0x417c93,JZ,7522622,725687,67,2,0x417c90,CMP,1,NonLeaf,esi(-1) ,rflags ,CMP,3,JNZ,2,CMP,3,ADD,3,ADD,4,CMP,3,JZ,6,MOV,8,ADD,3,MOV,8,0,1,0,0,0,CALL,0,1,1,0,0,0,JE,0,0,4291728,4291798,4291733,0,0,1,0,fortran,1.526861797715027e-05,0.0964672955785894,0,0,0
0x417c8e,JNZ,22567866,15045244,-46,2,0x417c8b,CMP,1,NonLeaf,r9(ADD) r13(-1) ,rflags ,CMP,3,ADD,3,ADD,4,JNZ,2,CMP,3,CMP,3,JZ,2,CMP,3,JZ,6,MOV,8,0,0,0,1,1,JG,0,0,1,1,0,0,JE,1,0,4291716,4291680,4291728,0,0,0,0,fortran,4.580585393145081e-05,0.6666666666666666,1,1,1
0x417c82,JNZ,67703598,45135732,-18,2,0x417c7f,CMP,1,NonLeaf,rax(ADD) rbx(-1) ,rflags ,CMP,3,ADD,3,ADD,4,CMOVZ,3,LEA,3,ADD,4,ADD,3,CMP,3,JNZ,2,CMP,3,1,1,1,1,1,JNE,0,0,0,1,0,0,JNE,0,0,4291696,4291696,4291716,1,0,0,0,fortran,0.0001374175617943,0.6666666666666666,1,1,1
0x417c63,JNLE,22567866,0,33,2,0x417c60,CMP,1,NonLeaf,r14(MOV) r15(-1) ,rflags ,CMP,3,LEA,4,XOR,2,ADD,3,ADD,3,MOV,3,XOR,2,NOP,6,CMP,2,LEA,3,1,1,1,0,0,JNE,0,0,1,0,0,0,NOP,0,0,4291680,4291716,4291685,0,0,0,0,fortran,4.580585393145081e-05,0.0,0,0,0
0x417b35,JNZ,80703,71736,-18,2,0x417b32,CMP,1,NonLeaf,rdx(ADD) r14(-1) ,rflags ,CMP,3,ADD,5,MOV,6,ADD,4,XOR,2,MOV,5,MOV,8,MOV,5,MOV,5,MOV,7,1,1,1,1,1,JNE,0,0,1,1,0,0,JMP,0,0,4291363,4291363,4291383,1,0,1,1,fortran,1.638023652670516e-07,0.8888888888888888,1,1,1
0x417b1c,JNZ,80703,71736,-18,2,0x417b19,CMP,1,NonLeaf,rdx(ADD) r14(-1) ,rflags ,CMP,3,ADD,5,MOV,6,ADD,4,MOV,3,MOV,3,XOR,2,ADD,4,MOV,6,ADD,5,1,1,1,1,1,JNE,0,0,1,1,0,0,XOR,0,0,4291338,4291338,4291358,1,0,1,0,fortran,1.638023652670516e-07,0.8888888888888888,1,1,1
0x417af1,JNZ,80703,71736,-21,2,0x417aee,CMP,1,NonLeaf,rdi(ADD) r14(-1) ,rflags ,CMP,3,ADD,5,ADD,4,CMOVNZ,3,LEA,3,MOV,6,ADD,2,XOR,2,LEA,4,MOV,6,1,1,1,1,1,JNE,0,0,1,1,0,0,MOV,0,0,4291292,4291292,4291315,1,0,0,1,fortran,1.638023652670516e-07,0.8888888888888888,1,1,1
0x417aca,JNZ,80703,71736,-24,2,0x417ac7,CMP,1,NonLeaf,rsi(ADD) r14(-1) ,rflags ,CMP,3,ADD,5,ADD,4,CMOVNZ,3,TEST,3,MOV,5,XOR,2,LEA,4,XOR,2,MOV,3,1,1,1,1,1,JNE,0,0,1,1,0,0,MOV,0,0,4291250,4291250,4291276,1,0,0,0,fortran,1.638023652670516e-07,0.8888888888888888,1,1,1
0x417a84,JLE,21402,21344,-1386,6,0x417a81,CMP,1,NonLeaf,edx(-1) ,rflags ,CMP,3,JNLE,2,CMP,3,JNZ,2,CMP,3,MOV,8,MOV,5,XOR,2,MOV,8,MOV,8,0,0,0,0,0,JNE,0,0,0,0,0,0,MOV,1,0,4291201,4289818,4291210,0,0,1,0,fortran,4.3439503134275535e-08,0.997289972899729,1,1,1
0x417a7f,JNLE,30311,8909,11,2,0x417a7c,CMP,1,NonLeaf,eax(-1) ,rflags ,CMP,3,JNZ,2,CMP,3,ADD,5,ADD,4,CMP,3,JLE,6,MOV,8,MOV,5,XOR,2,0,1,0,0,0,MOV,1,0,1,0,0,0,JLE,0,0,4291196,4291210,4291201,0,0,0,0,fortran,6.152204371100951e-08,0.2939196991191317,0,0,0
0x417a7a,JNZ,272799,242488,-26,2,0x417a77,CMP,1,NonLeaf,rcx(ADD) r14(-1) ,rflags ,CMP,3,ADD,5,ADD,4,CMOVNZ,4,TEST,3,CMP,3,JNLE,2,CMP,3,JLE,6,MOV,8,1,1,1,1,1,JNE,0,0,1,1,0,0,JG,0,0,4291168,4291168,4291196,1,0,0,0,fortran,5.536983933990856e-07,0.8888888888888888,1,1,1
0x417a36,JNZ,272799,242488,-24,2,0x417a33,CMP,1,NonLeaf,rax(ADD) r14(-1) ,rflags ,CMP,3,ADD,5,ADD,4,CMOVNZ,3,TEST,3,IMUL,6,MOV,5,XOR,2,MOV,3,LEA,4,1,1,1,1,1,JNE,0,0,1,1,0,0,XOR,0,0,4291102,4291102,4291128,1,0,0,0,fortran,5.536983933990856e-07,0.8888888888888888,1,1,1
0x4179ff,JLE,30311,0,-1253,6,0x4179f9,TEST,1,NonLeaf,r14(-1) r14(-1) ,rflags ,MOV,3,TEST,3,ADD,5,ADD,3,MOV,5,ADD,4,MOV,5,XOR,2,MOV,8,LEA,4,0,0,0,0,0,JNE,0,0,1,0,0,0,XOR,0,0,4291046,4289818,4291077,0,0,1,1,fortran,6.152204371100951e-08,0.0,0,0,0
0x4179e0,JNZ,84420,54109,-1222,6,0x4179dd,CMP,1,NonLeaf,r8d(-1) edx(CMOVL) ,rflags ,CMP,3,CMOVL,3,MOV,5,CMP,7,MOV,5,IMUL,6,MOV,5,ADD,3,ADD,5,TEST,3,0,0,0,0,0,JNE,0,0,1,0,0,0,JLE,0,0,4291022,4289818,4291046,0,0,1,0,fortran,1.7134673650105318e-07,0.6409500118455342,1,0,1
0x4179c5,JNL,84420,70765,9,2,0x4179c3,CMP,1,NonLeaf,eax(-1) esi(MOV) ,rflags ,CMP,2,MOV,7,MOV,5,MOV,2,JNL,2,MOV,2,MOV,5,CMP,7,MOV,5,CMOVL,3,0,1,1,0,0,JNE,0,0,1,0,0,0,MOV,0,0,4291004,4291022,4291015,1,0,0,0,fortran,1.7134673650105318e-07,0.8382492300402749,1,1,1
0x4179b3,JNL,84420,75076,9,2,0x4179b1,CMP,1,NonLeaf,eax(MOV) esi(MOV) ,rflags ,CMP,2,MOV,7,MOV,5,MOV,2,JNL,2,MOV,2,MOV,5,MOV,7,CMP,2,JNL,2,0,1,1,0,0,JGE,0,0,1,0,0,0,MOV,0,0,4290986,4291004,4290997,0,0,0,0,fortran,1.7134673650105318e-07,0.8893153281212983,1,0,1
0x4179a1,JNL,84420,67291,9,2,0x41799f,CMP,1,NonLeaf,eax(MOV) esi(MOV) ,rflags ,CMP,2,MOV,7,MOV,5,MOV,2,JNL,2,MOV,2,MOV,5,MOV,7,CMP,2,JNL,2,0,1,1,0,0,JGE,0,0,1,0,0,0,MOV,0,0,4290968,4290986,4290979,0,0,0,0,fortran,1.7134673650105318e-07,0.7970978441127695,1,0,1
0x41798f,JNL,84420,74775,9,2,0x41798d,CMP,1,NonLeaf,eax(MOV) esi(MOV) ,rflags ,CMP,2,MOV,7,MOV,5,MOV,2,JNL,2,MOV,2,MOV,5,MOV,7,CMP,2,JNL,2,0,1,1,0,0,JGE,0,0,1,0,0,0,MOV,0,0,4290950,4290968,4290961,0,0,0,0,fortran,1.7134673650105318e-07,0.8857498223169865,1,0,1
0x41797d,JNL,84420,77571,9,2,0x41797b,CMP,1,NonLeaf,eax(MOV) esi(MOV) ,rflags ,CMP,2,MOV,7,MOV,5,MOV,2,JNL,2,MOV,2,MOV,5,MOV,7,CMP,2,JNL,2,0,1,1,0,0,JGE,0,0,1,0,0,0,MOV,0,0,4290932,4290950,4290943,0,0,0,0,fortran,1.7134673650105318e-07,0.9188699360341152,1,0,1
0x41796b,JNL,84420,78478,9,2,0x417969,CMP,1,NonLeaf,eax(MOV) esi(MOV) ,rflags ,CMP,2,MOV,7,MOV,5,MOV,2,JL,6,MOV,2,MOV,5,MOV,7,CMP,2,JNL,2,0,1,1,0,0,JGE,0,0,1,0,0,0,MOV,0,0,4290914,4290932,4290925,0,0,0,0,fortran,1.7134673650105318e-07,0.9296138355839848,1,0,1
0x417955,JL,84420,5681,618,6,0x417953,CMP,1,NonLeaf,edx(MOV) eax(MOV) ,rflags ,CMP,2,MOV,7,MOV,7,MOV,11,JNZ,6,MOV,2,MOV,5,MOV,7,CMP,2,JNL,2,0,1,0,0,0,JMP,0,0,1,0,0,0,MOV,0,0,4290874,4291519,4290907,0,1,0,0,fortran,1.7134673650105318e-07,0.0672944799810471,0,0,0
0x417934,JNZ,402609,318189,-1050,6,0x417931,CMP,1,NonLeaf,esi(-1) r9d(CMOVL) ,rflags ,CMP,3,CMOVL,4,MOV,5,CMP,7,MOV,6,MOV,11,MOV,7,MOV,7,CMP,2,JL,6,0,0,0,0,0,JNE,0,0,1,0,0,0,JL,0,0,4290849,4289818,4290874,0,0,1,1,fortran,8.171729239037257e-07,0.7903176531076056,1,0,1
0x417916,JNL,402609,388397,11,2,0x417913,CMP,1,NonLeaf,eax(-1) r11d(-1) ,rflags ,CMP,3,MOV,6,MOV,3,JNL,2,CMP,3,MOV,3,MOV,6,CMP,7,MOV,5,CMOVL,4,0,1,1,0,0,JNE,0,0,1,0,0,0,MOV,0,0,4290835,4290849,4290840,1,0,0,0,fortran,8.171729239037257e-07,0.9647002426672032,1,0,1
0x417908,JNL,402609,364655,11,2,0x417905,CMP,1,NonLeaf,eax(-1) r15d(-1) ,rflags ,CMP,3,MOV,6,MOV,7,JNL,2,CMP,7,MOV,3,MOV,6,CMP,3,JNL,2,MOV,3,0,1,1,0,0,JGE,0,0,1,0,0,0,MOV,0,0,4290821,4290835,4290826,0,0,0,0,fortran,8.171729239037257e-07,0.9057298768780628,1,0,1
0x4178f6,JNL,402609,386146,15,2,0x4178ef,CMP,1,NonLeaf,eax(MOV) rsp(-1) ,rflags ,CMP,7,MOV,6,MOV,7,JNL,2,CMP,7,MOV,7,MOV,6,CMP,3,JNL,2,MOV,3,0,1,1,0,0,JGE,0,0,1,0,0,0,MOV,0,0,4290799,4290821,4290808,0,0,0,0,fortran,8.171729239037257e-07,0.959109210176623,1,0,1
0x4178e0,JNL,402609,361830,15,2,0x4178d9,CMP,1,NonLeaf,eax(MOV) rsp(-1) ,rflags ,CMP,7,MOV,6,MOV,7,JNL,2,CMP,7,MOV,7,MOV,6,CMP,7,JNL,2,MOV,7,0,1,1,0,0,JGE,0,0,1,0,0,0,MOV,0,0,4290777,4290799,4290786,0,0,0,0,fortran,8.171729239037257e-07,0.8987131435213818,1,0,1
0x4178ca,JNL,402609,325924,15,2,0x4178c3,CMP,1,NonLeaf,eax(MOV) rsp(-1) ,rflags ,CMP,7,MOV,6,MOV,7,JNL,2,CMP,7,MOV,7,MOV,6,CMP,7,JNL,2,MOV,7,0,1,1,0,0,JGE,0,0,1,0,0,0,MOV,0,0,4290755,4290777,4290764,0,0,0,0,fortran,8.171729239037257e-07,0.8095298416081111,1,0,1
0x4178b4,JNL,402609,326457,15,2,0x4178ad,CMP,1,NonLeaf,eax(-1) rsp(-1) ,rflags ,CMP,7,MOV,6,MOV,3,JL,6,MOV,8,MOV,7,MOV,6,CMP,7,JNL,2,MOV,7,0,1,1,0,0,JGE,0,0,1,0,0,0,MOV,0,0,4290733,4290755,4290742,0,0,0,0,fortran,8.171729239037257e-07,0.8108537066980619,1,0,1
0x41789e,JL,402609,64597,754,6,0x41785f,CMP,1,NonLeaf,r9d(MOV) eax(MOV) ,rflags ,MOV,8,MOV,8,MOV,4,MOV,8,MOV,4,MOV,3,MOV,6,CMP,7,JNL,2,MOV,7,0,1,0,0,0,JMP,0,0,1,0,0,0,MOV,0,0,4290470,4291472,4290724,0,1,0,0,fortran,8.171729239037257e-07,0.1604459910235489,0,0,0
0x417796,JNL,402609,323599,16,2,0x417793,CMP,1,NonLeaf,eax(MOV) r9d(MOV) ,rflags ,CMP,3,MOV,8,MOV,6,MOV,5,MOV,3,MOV,3,MOV,5,MOV,6,MOV,8,CMP,7,0,1,1,0,0,JL,0,0,1,0,0,0,MOV,0,0,4290443,4290470,4290456,1,0,1,0,fortran,8.171729239037257e-07,0.8037550079605771,1,0,1
0x41777b,JNL,402609,352440,16,2,0x417778,CMP,1,NonLeaf,eax(MOV) r9d(MOV) ,rflags ,CMP,3,MOV,8,MOV,6,MOV,5,MOV,3,MOV,3,MOV,5,MOV,6,MOV,8,CMP,3,0,1,1,0,0,JGE,0,0,1,0,0,0,MOV,0,0,4290416,4290443,4290429,0,0,0,0,fortran,8.171729239037257e-07,0.8753902669835995,1,0,1
0x417760,JNL,402609,350945,16,2,0x41775d,CMP,1,NonLeaf,eax(-1) r9d(MOV) ,rflags ,CMP,3,MOV,8,MOV,6,MOV,5,MOV,3,MOV,3,MOV,5,MOV,6,MOV,8,CMP,3,0,1,1,0,0,JGE,0,0,1,0,0,0,MOV,0,0,4290389,4290416,4290402,0,0,0,0,fortran,8.171729239037257e-07,0.8716769868532497,1,0,1
0x417745,JNL,402609,354352,16,2,0x417742,CMP,1,NonLeaf,eax(MOV) r9d(MOV) ,rflags ,CMP,3,MOV,8,MOV,6,MOV,5,MOV,3,MOV,3,MOV,5,MOV,6,MOV,8,CMP,3,0,1,1,0,0,JGE,0,0,1,0,0,0,MOV,0,0,4290362,4290389,4290375,0,0,0,0,fortran,8.171729239037257e-07,0.8801392914713779,1,0,1
0x41772a,JNL,402609,370212,16,2,0x417727,CMP,1,NonLeaf,eax(MOV) r9d(MOV) ,rflags ,CMP,3,MOV,8,MOV,6,MOV,5,MOV,3,MOV,3,MOV,5,MOV,6,MOV,8,CMP,3,0,1,1,0,0,JGE,0,0,1,0,0,0,MOV,0,0,4290335,4290362,4290348,0,0,0,0,fortran,8.171729239037257e-07,0.9195323502455236,1,0,1
0x41770f,JNL,402609,375562,16,2,0x41770c,CMP,1,NonLeaf,eax(-1) r9d(MOV) ,rflags ,CMP,3,MOV,8,MOV,5,MOV,6,MOV,2,MOV,3,MOV,5,MOV,6,MOV,8,CMP,3,0,1,1,0,0,JGE,0,0,1,0,0,0,MOV,0,0,4290308,4290335,4290321,0,0,0,0,fortran,8.171729239037257e-07,0.9328206771333974,1,0,1
0x4176f1,JL,402609,10555,1214,6,0x4176ef,CMP,1,NonLeaf,edi(MOV) eax(MOV) ,rflags ,CMP,2,MOV,7,CMOVL,4,MOV,7,MOV,11,MOV,2,MOV,6,MOV,5,MOV,8,CMP,3,0,1,0,0,0,JMP,0,0,1,0,0,0,MOV,0,0,4290234,4291503,4290295,0,1,0,0,fortran,8.171729239037257e-07,0.026216502860095,0,0,0
0x4176a6,JNL,402609,371205,20,2,0x4176a3,CMP,1,NonLeaf,eax(-1) r11d(-1) ,rflags ,CMP,3,MOV,5,MOV,5,MOV,5,MOV,3,MOV,3,MOV,5,MOV,5,MOV,5,CMP,2,0,1,1,0,0,JL,0,0,1,0,0,0,MOV,0,0,4290211,4290234,4290216,1,0,1,0,fortran,8.171729239037257e-07,0.9219987630678896,1,0,1
0x41768f,JNL,402609,365017,20,2,0x41768c,CMP,1,NonLeaf,eax(-1) r15d(-1) ,rflags ,CMP,3,MOV,5,MOV,5,MOV,5,MOV,7,MOV,3,MOV,5,MOV,5,MOV,5,CMP,3,0,1,1,0,0,JGE,0,0,1,0,0,0,MOV,0,0,4290188,4290211,4290193,0,0,0,0,fortran,8.171729239037257e-07,0.9066290122674854,1,0,1
0x417674,JNL,402609,377171,24,2,0x41766d,CMP,1,NonLeaf,eax(-1) rsp(-1) ,rflags ,CMP,7,MOV,5,MOV,5,MOV,5,MOV,7,MOV,7,MOV,5,MOV,5,MOV,5,CMP,3,0,1,1,0,0,JGE,0,0,1,0,0,0,MOV,0,0,4290157,4290188,4290166,0,0,0,0,fortran,8.171729239037257e-07,0.9368171103974328,1,0,1
0x417655,JNL,402609,353034,24,2,0x41764e,CMP,1,NonLeaf,eax(MOV) rsp(-1) ,rflags ,CMP,7,MOV,5,MOV,5,MOV,5,MOV,3,MOV,7,MOV,5,MOV,5,MOV,5,CMP,7,0,1,1,0,0,JGE,0,0,1,0,0,0,MOV,0,0,4290126,4290157,4290135,0,0,0,0,fortran,8.171729239037257e-07,0.8768656438380662,1,0,1
0x41763a,JNL,402609,349055,20,2,0x417637,CMP,1,NonLeaf,eax(MOV) r8d(-1) ,rflags ,CMP,3,MOV,5,MOV,5,MOV,5,MOV,3,MOV,3,MOV,5,MOV,5,MOV,5,CMP,7,0,1,1,0,0,JGE,0,0,1,0,0,0,MOV,0,0,4290103,4290126,4290108,0,0,0,0,fortran,8.171729239037257e-07,0.8669826059526737,1,0,1
0x417623,JNL,402609,341346,20,2,0x417620,CMP,1,NonLeaf,eax(-1) r9d(-1) ,rflags ,CMP,3,MOV,5,XOR,2,MOV,5,MOV,2,MOV,3,MOV,5,MOV,5,MOV,5,CMP,3,0,1,1,0,0,JGE,0,0,1,0,0,0,MOV,0,0,4290080,4290103,4290085,0,0,0,0,fortran,8.171729239037257e-07,0.8478349962370438,1,0,1
0x41760c,JL,402609,69311,1423,6,0x41758a,CMP,1,NonLeaf,edx(MOV) eax(MOV) ,rflags ,MOV,7,MOV,8,MOV,5,MOV,8,MOV,8,MOV,2,MOV,5,XOR,2,MOV,5,CMP,3,0,1,0,0,0,JMP,0,0,1,0,0,0,MOV,0,0,4289872,4291483,4290066,0,1,0,0,fortran,8.171729239037257e-07,0.1721546214813876,0,0,0
0x417530,JNZ,6785293,5263110,-62,2,0x41752c,CMP,1,NonLeaf,r12d(ADD) ,rflags ,CMP,4,ADD,5,ADD,5,MOV,4,ADD,4,MOV,8,MOV,8,JMP,5,NOP,9,MOV,8,0,0,0,1,1,NOP,0,0,1,0,0,0,JMP,1,0,4289818,4289778,4289842,0,0,0,0,fortran,1.3772066000396124e-05,0.7756643670361766,1,1,1
0x417518,JZ,6794260,402609,56,2,0x417515,CMP,1,NonLeaf,eax(-1) ,rflags ,CMP,3,JNZ,2,CMP,3,ADD,3,ADD,4,ADD,4,MOV,4,ADD,5,ADD,5,CMP,4,0,1,0,0,0,JL,0,0,1,0,0,0,JNE,0,0,4289813,4289872,4289818,0,0,1,1,fortran,1.3790266263203572e-05,0.0592572259524952,0,0,0
0x417513,JNZ,61148340,54354080,-19,2,0x417510,CMP,1,NonLeaf,rdx(ADD) rbp(-1) ,rflags ,CMP,3,ADD,3,ADD,4,CMOVZ,3,LEA,3,CMP,3,JZ,2,ADD,4,MOV,4,ADD,5,1,1,1,1,1,JNE,0,0,1,1,0,0,JE,0,0,4289792,4289792,4289813,1,0,0,0,fortran,0.0001241123963688,0.8888888888888888,1,1,1
0x4173d4,JNZ,57150,50800,-18,2,0x4173d1,CMP,1,NonLeaf,rdx(ADD) r14(-1) ,rflags ,CMP,3,ADD,5,MOV,6,ADD,4,XOR,2,MOV,5,MOV,8,MOV,5,MOV,5,MOV,7,1,1,1,1,1,JNE,0,0,1,1,0,0,JMP,0,0,4289474,4289474,4289494,1,0,1,1,fortran,1.159969911281117e-07,0.8888888888888888,1,1,1
0x4173bb,JNZ,57150,50800,-18,2,0x4173b8,CMP,1,NonLeaf,rdx(ADD) r14(-1) ,rflags ,CMP,3,ADD,5,MOV,6,ADD,4,MOV,5,MOV,3,XOR,2,ADD,4,MOV,6,ADD,5,1,1,1,1,1,JNE,0,0,1,1,0,0,XOR,0,0,4289449,4289449,4289469,1,0,1,0,fortran,1.159969911281117e-07,0.8888888888888888,1,1,1
0x41738e,JNZ,57150,50800,-21,2,0x41738b,CMP,1,NonLeaf,rdi(ADD) r14(-1) ,rflags ,CMP,3,ADD,5,ADD,4,CMOVNZ,3,LEA,3,MOV,6,ADD,2,XOR,2,LEA,4,MOV,6,1,1,1,1,1,JNE,0,0,1,1,0,0,MOV,0,0,4289401,4289401,4289424,1,0,0,1,fortran,1.159969911281117e-07,0.8888888888888888,1,1,1
0x417367,JNZ,57150,50800,-24,2,0x417364,CMP,1,NonLeaf,rsi(ADD) r14(-1) ,rflags ,CMP,3,ADD,5,ADD,4,CMOVNZ,3,TEST,3,MOV,5,XOR,2,LEA,4,XOR,2,MOV,3,1,1,1,1,1,JNE,0,0,1,1,0,0,MOV,0,0,4289359,4289359,4289385,1,0,0,0,fortran,1.159969911281117e-07,0.8888888888888888,1,1,1
0x417314,JLE,15768,15628,-1344,6,0x417311,CMP,1,NonLeaf,ecx(-1) ,rflags ,CMP,3,JNLE,2,CMP,3,JNZ,2,CMP,3,MOV,5,MOV,8,XOR,2,MOV,8,MOV,8,0,0,0,0,0,JNE,0,0,0,0,0,0,MOV,1,0,4289297,4287956,4289306,0,0,1,1,fortran,3.2004209205740435e-08,0.991121258244546,1,1,1
0x41730f,JNLE,21978,6210,11,2,0x41730c,CMP,1,NonLeaf,eax(-1) ,rflags ,CMP,3,JNZ,2,CMP,3,ADD,5,ADD,4,CMP,3,JLE,6,MOV,5,MOV,8,XOR,2,0,1,0,0,0,MOV,1,0,1,0,0,0,JLE,0,0,4289292,4289306,4289297,0,0,1,0,fortran,4.460860666690532e-08,0.2825552825552825,0,0,0
0x41730a,JNZ,197802,175824,-23,2,0x417307,CMP,1,NonLeaf,r15(ADD) r14(-1) ,rflags ,CMP,3,ADD,5,ADD,4,CMOVNZ,3,TEST,2,CMP,3,JNLE,2,CMP,3,JLE,6,MOV,5,1,1,1,1,1,JNE,0,0,1,1,0,0,JG,0,0,4289267,4289267,4289292,1,0,0,0,fortran,4.014774600021479e-07,0.8888888888888888,1,1,1
0x4172ca,JNZ,197802,175824,-26,2,0x4172c7,CMP,1,NonLeaf,r11(ADD) r14(-1) ,rflags ,CMP,3,ADD,5,ADD,4,CMOVNZ,4,TEST,3,IMUL,6,MOV,8,XOR,3,MOV,3,LEA,4,1,1,1,1,1,JNE,0,0,1,1,0,0,XOR,0,0,4289200,4289200,4289228,1,0,0,0,fortran,4.014774600021479e-07,0.8888888888888888,1,1,1
0x417295,JLE,21978,0,-1217,6,0x417292,TEST,1,NonLeaf,r14(-1) r14(-1) ,rflags ,TEST,3,ADD,3,MOV,8,IMUL,6,JNZ,6,ADD,4,MOV,5,XOR,3,XOR,2,MOV,3,0,0,0,0,0,JNE,0,0,1,0,0,0,LEA,0,0,4289153,4287956,4289179,0,0,1,0,fortran,4.460860666690532e-08,0.0,0,0,0
0x41727b,JNZ,70413,48435,-1191,6,0x417278,CMP,1,NonLeaf,r9d(-1) ecx(CMOVL) ,rflags ,CMP,3,CMOVL,3,MOV,5,CMP,7,MOV,5,IMUL,6,MOV,8,ADD,3,TEST,3,JLE,6,0,0,0,0,0,JNE,0,0,1,0,0,0,JLE,0,0,4289129,4287956,4289153,0,0,1,0,fortran,1.4291681778309237e-07,0.6878701376166333,1,0,1
0x41725f,JNL,70413,60700,10,2,0x41725c,CMP,1,NonLeaf,eax(MOV) r11d(MOV) ,rflags ,CMP,3,MOV,8,MOV,5,MOV,3,JNL,2,MOV,3,MOV,5,CMP,7,MOV,5,CMOVL,3,0,1,1,0,0,JNE,0,0,1,0,0,0,MOV,0,0,4289108,4289129,4289121,1,0,0,0,fortran,1.4291681778309237e-07,0.8620567224802238,1,0,1
0x41724a,JNL,70413,61641,10,2,0x417247,CMP,1,NonLeaf,eax(-1) r11d(MOV) ,rflags ,CMP,3,MOV,8,MOV,5,MOV,3,JNL,2,MOV,3,MOV,5,MOV,8,CMP,3,JNL,2,0,1,1,0,0,JGE,0,0,1,0,0,0,MOV,0,0,4289087,4289108,4289100,0,0,0,0,fortran,1.4291681778309237e-07,0.8754207319671083,1,0,1
0x417235,JNL,70413,60405,10,2,0x417232,CMP,1,NonLeaf,eax(MOV) r11d(MOV) ,rflags ,CMP,3,MOV,8,MOV,5,MOV,3,JNL,2,MOV,3,MOV,5,MOV,8,CMP,3,JNL,2,0,1,1,0,0,JGE,0,0,1,0,0,0,MOV,0,0,4289066,4289087,4289079,0,0,0,0,fortran,1.4291681778309237e-07,0.8578671552128159,1,0,1
0x417220,JNL,70413,58249,10,2,0x41721d,CMP,1,NonLeaf,eax(MOV) r11d(MOV) ,rflags ,CMP,3,MOV,8,MOV,5,MOV,3,JNL,2,MOV,3,MOV,5,MOV,8,CMP,3,JNL,2,0,1,1,0,0,JGE,0,0,1,0,0,0,MOV,0,0,4289045,4289066,4289058,0,0,0,0,fortran,1.4291681778309237e-07,0.8272478093533865,1,0,1
0x41720b,JNL,70413,61913,10,2,0x417208,CMP,1,NonLeaf,eax(MOV) r11d(MOV) ,rflags ,CMP,3,MOV,8,MOV,5,MOV,3,JNL,2,MOV,3,MOV,5,MOV,8,CMP,3,JNL,2,0,1,1,0,0,JGE,0,0,1,0,0,0,MOV,0,0,4289024,4289045,4289037,0,0,0,0,fortran,1.4291681778309237e-07,0.879283655006888,1,0,1
0x4171f6,JNL,70413,64236,10,2,0x4171f3,CMP,1,NonLeaf,eax(MOV) r11d(MOV) ,rflags ,CMP,3,MOV,8,MOV,5,MOV,2,JL,6,MOV,3,MOV,5,MOV,8,CMP,3,JNL,2,0,1,1,0,0,JGE,0,0,1,0,0,0,MOV,0,0,4289003,4289024,4289016,0,0,0,0,fortran,1.4291681778309237e-07,0.9122747219973584,1,0,1
0x4171de,JL,70413,2297,646,6,0x4171dc,CMP,1,NonLeaf,ecx(MOV) eax(MOV) ,rflags ,CMP,2,MOV,7,MOV,7,MOV,11,JNZ,6,MOV,2,MOV,5,MOV,8,CMP,3,JNL,2,0,1,0,0,0,JMP,0,0,1,0,0,0,MOV,0,0,4288963,4289636,4288996,0,1,0,0,fortran,1.4291681778309237e-07,0.0326218169940209,0,0,0
0x4171bd,JNZ,380206,309793,-1001,6,0x4171ba,CMP,1,NonLeaf,r11d(-1) r15d(CMOVL) ,rflags ,CMP,3,CMOVL,4,MOV,5,CMP,2,MOV,6,MOV,11,MOV,7,MOV,7,CMP,2,JL,6,0,0,0,0,0,JNE,0,0,1,0,0,0,JL,0,0,4288943,4287956,4288963,0,0,1,1,fortran,7.717016974427793e-07,0.8148030278322804,1,0,1
0x4171a5,JNL,380206,350922,10,2,0x4171a3,CMP,1,NonLeaf,eax(-1) ebx(-1) ,rflags ,CMP,2,MOV,6,MOV,2,JNL,2,CMP,2,MOV,2,MOV,6,CMP,2,MOV,5,CMOVL,4,0,1,1,0,0,JNE,0,0,1,0,0,0,MOV,0,0,4288931,4288943,4288935,1,0,0,0,fortran,7.717016974427793e-07,0.9229785958138484,1,1,1
0x417199,JNL,380206,356989,10,2,0x417197,CMP,1,NonLeaf,eax(-1) ebp(-1) ,rflags ,CMP,2,MOV,6,MOV,7,JNL,2,CMP,7,MOV,2,MOV,6,CMP,2,JNL,2,MOV,2,0,1,1,0,0,JGE,0,0,1,0,0,0,MOV,0,0,4288919,4288931,4288923,0,0,0,0,fortran,7.717016974427793e-07,0.9389357348384822,1,0,1
0x417188,JNL,380206,361510,15,2,0x417181,CMP,1,NonLeaf,eax(MOV) rsp(-1) ,rflags ,CMP,7,MOV,6,MOV,7,JNL,2,CMP,7,MOV,7,MOV,6,CMP,2,JNL,2,MOV,2,0,1,1,0,0,JGE,0,0,1,0,0,0,MOV,0,0,4288897,4288919,4288906,0,0,0,0,fortran,7.717016974427793e-07,0.950826657127978,1,0,1
0x417172,JNL,380206,351020,15,2,0x41716b,CMP,1,NonLeaf,eax(MOV) rsp(-1) ,rflags ,CMP,7,MOV,6,MOV,7,JNL,2,CMP,7,MOV,7,MOV,6,CMP,7,JNL,2,MOV,7,0,1,1,0,0,JGE,0,0,1,0,0,0,MOV,0,0,4288875,4288897,4288884,0,0,0,0,fortran,7.717016974427793e-07,0.9232363508203448,1,0,1
0x41715c,JNL,380206,330009,15,2,0x417155,CMP,1,NonLeaf,eax(MOV) rsp(-1) ,rflags ,CMP,7,MOV,6,MOV,7,JNL,2,CMP,7,MOV,7,MOV,6,CMP,7,JNL,2,MOV,7,0,1,1,0,0,JGE,0,0,1,0,0,0,MOV,0,0,4288853,4288875,4288862,0,0,0,0,fortran,7.717016974427793e-07,0.8679742034581254,1,0,1
0x417146,JNL,380206,311460,15,2,0x41713f,CMP,1,NonLeaf,eax(-1) rsp(-1) ,rflags ,CMP,7,MOV,6,JL,6,MOV,7,MOV,7,MOV,7,MOV,6,CMP,7,JNL,2,MOV,7,0,1,1,0,0,JGE,0,0,1,0,0,0,MOV,0,0,4288831,4288853,4288840,0,0,0,0,fortran,7.717016974427793e-07,0.819187493095848,1,0,1
0x417133,JL,380206,89056,765,6,0x4170a5,CMP,1,NonLeaf,eax(MOV) r15d(MOV) ,rflags ,MOV,7,MOV,7,MOV,3,MOV,8,MOV,3,MOV,6,CMP,7,JNL,2,MOV,7,MOV,6,0,1,0,0,0,JMP,0,0,1,0,0,0,MOV,0,0,4288607,4289584,4288825,1,0,0,0,fortran,7.717016974427793e-07,0.2342309169239833,0,0,0
0x41704f,JNL,380206,316534,16,2,0x41704c,CMP,1,NonLeaf,eax(-1) r15d(MOV) ,rflags ,CMP,3,MOV,8,MOV,6,MOV,5,MOV,3,MOV,3,MOV,5,MOV,6,CMP,7,MOV,8,0,1,1,0,0,JL,0,0,1,0,0,0,MOV,0,0,4288580,4288607,4288593,1,0,1,0,fortran,7.717016974427793e-07,0.8325328900648595,1,0,1
0x417034,JNL,380206,318711,16,2,0x417031,CMP,1,NonLeaf,eax(MOV) r15d(MOV) ,rflags ,CMP,3,MOV,8,MOV,6,MOV,5,MOV,3,MOV,3,MOV,5,MOV,6,MOV,8,CMP,3,0,1,1,0,0,JGE,0,0,1,0,0,0,MOV,0,0,4288553,4288580,4288566,0,0,0,0,fortran,7.717016974427793e-07,0.8382587334234599,1,0,1
0x417019,JNL,380206,333023,16,2,0x417016,CMP,1,NonLeaf,eax(MOV) r15d(MOV) ,rflags ,CMP,3,MOV,8,MOV,6,MOV,5,MOV,3,MOV,3,MOV,5,MOV,6,MOV,8,CMP,3,0,1,1,0,0,JGE,0,0,1,0,0,0,MOV,0,0,4288526,4288553,4288539,0,0,0,0,fortran,7.717016974427793e-07,0.8759014849844557,1,0,1
0x416ffe,JNL,380206,338120,16,2,0x416ffb,CMP,1,NonLeaf,eax(MOV) r15d(MOV) ,rflags ,CMP,3,MOV,8,MOV,6,MOV,5,MOV,3,MOV,3,MOV,5,MOV,6,MOV,8,CMP,3,0,1,1,0,0,JGE,0,0,1,0,0,0,MOV,0,0,4288499,4288526,4288512,0,0,0,0,fortran,7.717016974427793e-07,0.8893073754754002,1,0,1
0x416fe3,JNL,380206,331767,16,2,0x416fe0,CMP,1,NonLeaf,eax(MOV) r15d(MOV) ,rflags ,CMP,3,MOV,8,MOV,6,MOV,5,MOV,3,MOV,3,MOV,5,MOV,6,MOV,8,CMP,3,0,1,1,0,0,JGE,0,0,1,0,0,0,MOV,0,0,4288472,4288499,4288485,0,0,0,0,fortran,7.717016974427793e-07,0.8725980126562969,1,0,1
0x416fc8,JNL,380206,359850,16,2,0x416fc5,CMP,1,NonLeaf,eax(-1) r15d(MOV) ,rflags ,CMP,3,MOV,8,MOV,5,MOV,6,MOV,2,MOV,3,MOV,5,MOV,6,MOV,8,CMP,3,0,1,1,0,0,JGE,0,0,1,0,0,0,MOV,0,0,4288445,4288472,4288458,0,0,0,0,fortran,7.717016974427793e-07,0.946460602936303,1,0,1
0x416faa,JL,380206,11515,1172,6,0x416fa8,CMP,1,NonLeaf,edi(MOV) eax(MOV) ,rflags ,CMP,2,MOV,7,CMOVL,4,MOV,7,MOV,11,MOV,2,MOV,6,MOV,5,MOV,8,CMP,3,0,1,0,0,0,JMP,0,0,1,0,0,0,MOV,0,0,4288373,4289598,4288432,0,1,0,0,fortran,7.717016974427793e-07,0.0302862132633361,0,0,0
0x416f60,JNL,380206,361176,21,2,0x416f5e,CMP,1,NonLeaf,eax(-1) ebx(-1) ,rflags ,CMP,2,MOV,6,MOV,6,MOV,5,MOV,2,MOV,2,MOV,5,MOV,6,MOV,6,CMP,2,0,1,1,0,0,JL,0,0,1,0,0,0,MOV,0,0,4288350,4288373,4288354,1,0,1,0,fortran,7.717016974427793e-07,0.949948185983388,1,0,1
0x416f49,JNL,380206,354417,21,2,0x416f47,CMP,1,NonLeaf,eax(-1) ebp(-1) ,rflags ,CMP,2,MOV,6,MOV,6,MOV,5,MOV,7,MOV,2,MOV,5,MOV,6,MOV,6,CMP,2,0,1,1,0,0,JGE,0,0,1,0,0,0,MOV,0,0,4288327,4288350,4288331,0,0,0,0,fortran,7.717016974427793e-07,0.9321709809945136,1,0,1
0x416f2d,JNL,380206,349019,26,2,0x416f26,CMP,1,NonLeaf,eax(-1) rsp(-1) ,rflags ,CMP,7,MOV,6,MOV,6,MOV,5,MOV,2,MOV,7,MOV,5,MOV,6,MOV,6,CMP,2,0,1,1,0,0,JGE,0,0,1,0,0,0,MOV,0,0,4288294,4288327,4288303,0,0,0,0,fortran,7.717016974427793e-07,0.917973414412187,1,0,1
0x416f11,JNL,380206,344952,21,2,0x416f0f,CMP,1,NonLeaf,eax(-1) esi(-1) ,rflags ,CMP,2,MOV,6,MOV,6,MOV,5,MOV,3,MOV,2,MOV,5,MOV,6,MOV,6,CMP,7,0,1,1,0,0,JGE,0,0,1,0,0,0,MOV,0,0,4288271,4288294,4288275,0,0,0,0,fortran,7.717016974427793e-07,0.9072765816425832,1,0,1
0x416ef9,JNL,380206,332838,22,2,0x416ef6,CMP,1,NonLeaf,eax(-1) r15d(-1) ,rflags ,CMP,3,MOV,6,MOV,6,MOV,5,MOV,3,MOV,3,MOV,5,MOV,6,MOV,6,CMP,2,0,1,1,0,0,JGE,0,0,1,0,0,0,MOV,0,0,4288246,4288271,4288251,0,0,0,0,fortran,7.717016974427793e-07,0.8754149066558655,1,0,1
0x416ee0,JNL,380206,318042,22,2,0x416edd,CMP,1,NonLeaf,eax(-1) r9d(-1) ,rflags ,CMP,3,MOV,6,XOR,2,MOV,6,MOV,2,MOV,3,MOV,5,MOV,6,MOV,6,CMP,3,0,1,1,0,0,JGE,0,0,1,0,0,0,MOV,0,0,4288221,4288246,4288226,0,0,0,0,fortran,7.717016974427793e-07,0.8364991609811523,1,0,1
0x416ec7,JL,380206,85240,1415,6,0x416e5a,CMP,1,NonLeaf,ecx(MOV) eax(MOV) ,rflags ,MOV,7,MOV,7,MOV,4,MOV,8,MOV,4,MOV,2,MOV,6,XOR,2,MOV,6,CMP,3,0,1,0,0,0,JMP,0,0,1,0,0,0,MOV,0,0,4288024,4289614,4288205,0,1,0,0,fortran,7.717016974427793e-07,0.2241942525893857,0,0,0
0x416ded,JNZ,6549551,5085875,-77,2,0x416de9,CMP,1,NonLeaf,r13d(ADD) ,rflags ,CMP,4,ADD,8,ADD,5,MOV,4,ADD,4,MOV,8,MOV,8,MOV,8,MOV,8,JMP,5,0,0,0,1,1,NOP,0,0,1,0,0,0,JMP,1,0,4287956,4287904,4287983,0,0,0,0,fortran,1.329358196395652e-05,0.7765226959832819,1,1,1
0x416dd2,JZ,6555901,380206,70,2,0x416dc7,CMP,1,NonLeaf,eax(-1) ,rflags ,MOV,8,CMP,3,JNZ,2,CMP,3,ADD,3,ADD,4,MOV,4,ADD,5,ADD,8,CMP,4,0,1,0,0,0,JL,0,0,1,0,0,0,JNE,0,0,4287943,4288024,4287956,0,0,1,1,fortran,1.3306470518526313e-05,0.057994469410078,0,0,0
0x416dc5,JNZ,59003109,52447208,-21,2,0x416dc2,CMP,1,NonLeaf,rcx(ADD) rsi(MOV) ,rflags ,CMP,3,ADD,3,ADD,4,CMOVZ,4,LEA,4,CMP,3,MOV,8,JZ,2,ADD,4,MOV,4,1,1,1,1,1,JNE,0,0,1,1,0,0,JE,0,0,4287920,4287920,4287943,1,0,0,1,fortran,0.0001197582346667,0.8888888888888888,1,1,1
0x416d36,JZ,2077281,692427,6247,6,0x416d30,CMP,1,NonLeaf,rsp(-1) ,rflags ,CMP,6,ADD,6,ADD,6,JNZ,6,CMP,6,MOV,8,MOV,5,MOV,8,MOV,5,JMP,5,0,1,1,0,0,JE,1,0,1,0,0,0,JMP,0,0,4287780,4294045,4287804,0,0,1,1,fortran,4.216244019730447e-06,0.3333333333333333,0,0,0
0x416d1e,JNZ,16048642,14058500,-193,6,0x416d18,CMP,1,NonLeaf,rsp(-1) ,rflags ,CMP,6,ADD,6,JZ,6,CMP,3,JNZ,2,ADD,6,ADD,6,CMP,6,JZ,6,MOV,8,0,0,0,1,1,XOR,0,0,0,1,0,0,JE,1,0,4287762,4287581,4287780,0,0,1,1,fortran,3.257382648630343e-05,0.875993121411768,1,1,1
0x416d0c,JZ,16104652,1792589,3804,6,0x416d09,CMP,1,NonLeaf,eax(-1) ,rflags ,CMP,3,JNZ,2,CMP,3,ADD,3,ADD,4,ADD,6,CMP,6,JNZ,6,ADD,6,ADD,6,0,1,0,0,0,MOV,0,0,1,0,0,0,JNE,0,0,4287753,4291560,4287762,0,0,1,1,fortran,3.2687509626689875e-05,0.1113087696648148,0,0,0
0x416d07,JNZ,48313956,32209304,-47,2,0x416d04,CMP,1,NonLeaf,r8(ADD) rbp(-1) ,rflags ,CMP,3,ADD,3,ADD,4,JNZ,2,CMP,3,CMP,3,JZ,6,ADD,6,CMP,6,JNZ,6,0,0,0,1,1,JG,0,0,1,1,0,0,JE,1,0,4287741,4287704,4287753,0,0,0,0,fortran,9.806252888006965e-05,0.6666666666666666,1,1,1
0x416cfb,JNZ,144941868,96627912,-19,2,0x416cf8,CMP,1,NonLeaf,rdx(ADD) rbx(-1) ,rflags ,CMP,3,ADD,3,ADD,4,CMOVZ,3,LEA,3,ADD,4,ADD,3,CMP,3,JNZ,2,CMP,3,1,1,1,1,1,JNE,0,0,0,1,0,0,JNE,0,0,4287720,4287720,4287741,1,0,0,0,fortran,0.0002941875866402,0.6666666666666666,1,1,1
0x416cdb,JNLE,48313956,0,34,2,0x416cd8,CMP,1,NonLeaf,r13(MOV) r14(MOV) ,rflags ,CMP,3,XOR,2,LEA,8,MOV,5,LEA,4,MOV,3,XOR,2,NOP,6,CMP,3,LEA,3,1,1,1,0,0,JNE,0,0,1,0,0,0,NOP,0,0,4287704,4287741,4287709,0,0,0,0,fortran,9.806252888006965e-05,0.0,0,0,0
0x416c40,JLE,2077281,31129,228,6,0x416c3d,CMP,1,NonLeaf,eax(-1) ,rflags ,CMP,3,JNZ,2,CMP,5,ADD,3,ADD,4,MOV,5,MOV,9,SUB,4,MOV,5,MOV,8,0,0,1,0,0,JE,0,0,1,0,0,0,MOV,0,0,4287549,4287780,4287558,0,0,1,1,fortran,4.216244019730447e-06,0.014985454543704,0,0,0
0x416c3b,JNZ,6231843,4154562,-53,2,0x416c36,CMP,1,NonLeaf,r9(ADD) rsp(-1) ,rflags ,CMP,5,ADD,3,ADD,4,JNZ,2,CMP,3,CMP,3,JLE,6,MOV,5,MOV,9,SUB,4,0,0,0,1,1,JG,0,0,1,1,0,0,JLE,1,0,4287535,4287494,4287549,0,0,0,0,fortran,1.264873205919134e-05,0.6666666666666666,1,1,1
0x416c2d,JNZ,18695529,12463686,-22,2,0x416c2a,CMP,1,NonLeaf,rdx(ADD) rbx(-1) ,rflags ,CMP,3,ADD,3,ADD,4,CMOVZ,3,TEST,3,ADD,4,ADD,3,CMP,5,JNZ,2,CMP,3,1,1,1,1,1,JNE,0,0,0,1,0,0,JNE,0,0,4287511,4287511,4287535,1,0,0,0,fortran,3.7946196177574015e-05,0.6666666666666666,1,1,1
0x416c10,JNLE,6231843,0,31,2,0x416c0b,CMP,1,NonLeaf,rsp(-1) rcx(MOV) ,rflags ,CMP,5,MOV,5,XOR,2,MOV,3,SHL,4,MOV,3,XOR,2,MOV,3,LEA,3,TEST,3,1,1,1,0,0,JNE,0,0,1,0,0,0,XOR,0,0,4287494,4287535,4287506,0,0,0,0,fortran,1.264873205919134e-05,0.0,0,0,0
0x416baa,JNLE,2077281,0,378,6,0x416ba0,CMP,1,NonLeaf,rcx(MOV) rsi(MOV) ,rflags ,MOV,7,CMP,3,SUB,3,MOV,2,MOV,5,MOV,5,MOV,8,XOR,3,MOV,3,LEA,8,1,1,1,0,0,JE,0,0,1,0,0,0,XOR,0,0,4287377,4287780,4287408,0,0,1,1,fortran,4.216244019730447e-06,0.0,0,0,0
0x416b32,JNZ,2077281,1846472,-263,6,0x416b2a,SUB,1,NonLeaf,rsp(-1) ,rflags ,SUB,8,ADD,8,MOV,5,ADD,8,MOV,8,MOV,8,MOV,11,MOV,9,MOV,9,MOV,9,0,0,0,1,1,JLE,0,0,1,1,0,0,MOV,1,0,4287235,4287019,4287288,0,0,0,1,fortran,4.216244019730447e-06,0.8888888888888888,1,1,1
0x416b01,JNZ,16301505,14266701,-120,2,0x416af7,CMP,1,NonLeaf,rsp(-1) ,rflags ,MOV,5,CMP,5,ADD,5,MOV,4,ADD,5,MOV,5,ADD,5,MOV,8,ADD,8,MOV,5,0,0,0,1,1,JLE,0,0,0,1,0,0,JNE,1,0,4287209,4287113,4287235,0,0,1,1,fortran,3.308706090743427e-05,0.8751769238484423,1,1,1
0x416ae3,JZ,16310472,1531150,2541,6,0x416adb,CMP,1,NonLeaf,eax(-1) ,rflags ,MOV,5,CMP,3,ADD,3,MOV,5,JNZ,2,ADD,5,MOV,4,ADD,5,CMP,5,MOV,5,0,1,0,0,0,MOV,0,0,0,0,0,0,JNE,0,0,4287187,4289744,4287209,0,0,1,1,fortran,3.310526117024172e-05,0.0938752722790609,0,0,0
0x416ad1,JNZ,146794248,130483776,-18,2,0x416ace,CMP,1,NonLeaf,rdx(ADD) rbp(-1) ,rflags ,CMP,3,ADD,3,ADD,4,CMOVZ,3,LEA,3,MOV,5,ADD,3,CMP,3,MOV,5,JZ,6,1,1,1,1,1,JNE,0,0,1,1,0,0,JE,0,0,4287167,4287167,4287187,1,0,0,1,fortran,0.0002979473505321,0.8888888888888888,1,1,1
0x416aab,JLE,16310472,0,4389,6,0x416aa0,TEST,1,NonLeaf,rbp(-1) rbp(-1) ,rflags ,MOV,8,TEST,3,SUB,4,MOV,5,MOV,7,MOV,7,MOV,3,XOR,2,XOR,2,CMP,2,1,1,0,0,0,JMP,0,0,1,0,0,0,XOR,0,0,4287113,4291536,4287153,0,0,1,0,fortran,3.310526117024172e-05,0.0,0,0,0
0x416a66,JLE,2077281,33510,157,6,0x416a63,CMP,1,NonLeaf,edx(-1) ,rflags ,CMP,3,JNZ,2,CMP,8,ADD,3,ADD,4,MOV,8,MOV,8,MOV,8,MOV,5,MOV,4,0,0,1,0,0,JNE,0,0,1,0,0,0,MOV,0,0,4287075,4287235,4287084,0,0,1,1,fortran,4.216244019730447e-06,0.0161316644209425,0,0,0
0x416a61,JNZ,18695529,16618248,-27,2,0x416a59,CMP,1,NonLeaf,rsi(ADD) rsp(-1) ,rflags ,CMP,8,ADD,3,ADD,4,CMOVZ,3,TEST,3,CMP,3,JLE,6,MOV,8,MOV,8,MOV,8,1,1,1,1,1,JNE,0,0,1,1,0,0,JLE,0,0,4287046,4287046,4287075,1,0,0,0,fortran,3.7946196177574015e-05,0.8888888888888888,1,1,1
0x416a40,JLE,2077281,0,195,6,0x416a2f,CMP,1,NonLeaf,rsp(-1) ,rflags ,MOV,8,CMP,9,XOR,2,XOR,2,MOV,5,MOV,3,LEA,3,TEST,3,CMOVZ,3,ADD,4,1,1,1,0,0,JNE,0,0,1,0,1,0,JNE,0,0,4287019,4287235,4287046,0,0,1,0,fortran,4.216244019730447e-06,0.0,0,0,0
0x416917,JNZ,2077281,1846472,-280,6,0x41690f,SUB,1,NonLeaf,rsp(-1) ,rflags ,SUB,8,ADD,8,ADD,5,ADD,8,MOV,5,LEA,4,LEA,8,MOV,3,MOV,5,MOV,5,0,0,0,1,1,JLE,0,0,1,1,0,0,MOV,1,0,4286709,4286463,4286749,0,0,0,1,fortran,4.216244019730447e-06,0.8888888888888888,1,1,1
0x4168ef,JNZ,16337476,14296972,-128,6,0x4168e5,CMP,1,NonLeaf,rsp(-1) ,rflags ,MOV,5,CMP,5,ADD,5,MOV,4,ADD,5,MOV,5,ADD,8,ADD,5,ADD,8,SUB,8,0,0,0,1,1,JLE,0,0,0,1,0,0,JNE,1,0,4286679,4286575,4286709,0,0,1,1,fortran,3.316007101710827e-05,0.8751028616660248,1,1,1
0x4168d1,JZ,16343826,1470026,1162,6,0x4168c9,CMP,1,NonLeaf,eax(-1) ,rflags ,MOV,5,CMP,3,ADD,3,MOV,5,JNZ,2,ADD,5,MOV,4,ADD,5,CMP,5,MOV,5,0,1,0,0,0,MOV,0,0,0,0,0,0,JNE,0,0,4286657,4287835,4286679,0,0,1,1,fortran,3.3172959571678064e-05,0.0899438111981857,0,0,0
0x4168bf,JNZ,147094434,130750608,-18,2,0x4168bc,CMP,1,NonLeaf,rdx(ADD) r8(MOV) ,rflags ,CMP,3,ADD,3,ADD,4,CMOVZ,3,LEA,3,MOV,5,ADD,3,CMP,3,MOV,5,JZ,6,1,1,1,1,1,JNE,0,0,1,1,0,0,JE,0,0,4286637,4286637,4286657,1,0,0,1,fortran,0.0002985566361451,0.8888888888888888,1,1,1
0x416894,JLE,16343826,0,3034,6,0x416886,CMP,1,NonLeaf,rsp(-1) ,rflags ,MOV,8,CMP,6,SUB,4,MOV,5,MOV,7,MOV,7,MOV,5,MOV,3,XOR,2,XOR,2,1,1,0,0,0,JMP,0,0,1,0,0,0,XOR,0,0,4286575,4289646,4286618,0,0,1,0,fortran,3.3172959571678064e-05,0.0,0,0,0
0x41683a,JLE,2077281,30427,187,6,0x416837,CMP,1,NonLeaf,edx(-1) ,rflags ,CMP,3,JNZ,2,CMP,8,ADD,5,ADD,4,MOV,5,ADD,5,MOV,8,MOV,8,MOV,8,0,0,1,0,0,JNE,0,0,1,0,0,0,MOV,0,0,4286519,4286709,4286528,0,0,1,1,fortran,4.216244019730447e-06,0.0146475127823342,0,0,0
0x416835,JNZ,18695529,16618248,-27,2,0x41682d,CMP,1,NonLeaf,rsi(ADD) rsp(-1) ,rflags ,CMP,8,ADD,5,ADD,4,CMOVZ,3,TEST,2,CMP,3,JLE,6,MOV,5,ADD,5,MOV,8,1,1,1,1,1,JNE,0,0,1,1,0,0,JLE,0,0,4286490,4286490,4286519,1,0,0,0,fortran,3.7946196177574015e-05,0.8888888888888888,1,1,1
0x416814,JLE,2077281,0,225,6,0x416803,CMP,1,NonLeaf,rsp(-1) ,rflags ,MOV,8,CMP,9,XOR,2,XOR,2,MOV,5,MOV,2,LEA,3,TEST,2,CMOVZ,3,ADD,4,1,1,1,0,0,JNE,0,0,1,0,1,0,JNE,0,0,4286463,4286709,4286490,0,0,1,0,fortran,4.216244019730447e-06,0.0,0,0,0
0x4166e5,JNLE,853619,853619,-279,6,0x4166df,TEST,1,NonLeaf,r8(-1) r8(-1) ,rflags ,MOV,3,TEST,3,XOR,2,XOR,3,JZ,6,MOV,5,ADD,3,MOV,5,MOV,5,ADD,3,0,0,0,1,0,JNE,0,0,0,0,0,0,JMP,0,0,4286170,4285902,4286187,0,0,0,1,fortran,1.7325850493401153e-06,1.0,1,0,1
0x4166d4,JZ,975528,121909,-10723,6,0x4166ca,CMP,1,NonLeaf,rsp(-1) ,rflags ,MOV,5,CMP,5,ADD,8,MOV,8,ADD,8,XOR,3,XOR,2,TEST,3,MOV,3,JNLE,6,0,0,1,0,0,JLE,0,0,1,0,0,0,JG,0,0,4286102,4275441,4286170,0,0,0,0,fortran,1.9800229704501237e-06,0.1249671972511296,0,0,0
0x416694,JNZ,8653782,7693585,-71,2,0x416690,CMP,1,NonLeaf,r14d(ADD) ,rflags ,CMP,4,ADD,5,ADD,8,MOV,4,ADD,4,MOV,5,ADD,5,MOV,5,ADD,8,MOV,5,0,0,0,1,1,JLE,0,0,0,0,0,0,JE,1,0,4286075,4286029,4286102,0,0,0,1,fortran,1.7564526227097335e-05,0.8890430796615861,1,1,1
0x416675,JZ,8657196,820607,9851,6,0x416672,CMP,1,NonLeaf,edx(-1) ,rflags ,CMP,3,JNZ,2,CMP,3,ADD,5,ADD,4,ADD,4,MOV,4,ADD,8,ADD,5,CMP,4,0,1,0,0,0,MOV,0,0,0,0,0,0,JNE,0,0,4286066,4295920,4286075,0,0,0,1,fortran,1.7571455601160526e-05,0.0947890055856422,0,0,0
0x416670,JNZ,77914764,69257568,-23,2,0x41666d,CMP,1,NonLeaf,rsi(ADD) rax(-1) ,rflags ,CMP,3,ADD,5,ADD,4,CMOVZ,4,LEA,4,CMP,3,JZ,6,ADD,4,MOV,4,ADD,8,1,1,1,1,1,JNE,0,0,1,1,0,0,JE,0,0,4286041,4286041,4286066,1,0,0,0,fortran,0.0001581431004104,0.8888888888888888,1,1,1
0x416650,JLE,8657196,0,43,2,0x41664d,TEST,1,NonLeaf,rax(-1) rax(-1) ,rflags ,TEST,3,MOV,7,SUB,3,MOV,4,MOV,5,MOV,3,XOR,2,XOR,2,CMP,3,LEA,4,1,1,0,0,0,JNE,0,0,1,0,0,0,XOR,0,0,4286029,4286075,4286034,0,0,1,0,fortran,1.7571455601160526e-05,0.0,0,0,0
0x4165eb,JLE,978942,15331,256,6,0x4165e8,CMP,1,NonLeaf,edi(-1) ,rflags ,CMP,3,JNZ,2,CMP,3,ADD,5,ADD,4,MOV,4,MOV,8,MOV,6,ADD,8,ADD,5,0,0,0,0,0,JMP,0,0,1,0,0,0,MOV,0,0,4285928,4286187,4285937,0,0,1,1,fortran,1.9869523445133144e-06,0.0156607848064543,0,0,0
0x4165e6,JNZ,8810478,7831536,-24,2,0x4165e3,CMP,1,NonLeaf,r10(ADD) r8(-1) ,rflags ,CMP,3,ADD,5,ADD,4,CMOVZ,3,TEST,3,CMP,3,JLE,6,MOV,4,MOV,8,MOV,6,1,1,1,1,1,JNE,0,0,1,1,0,0,JLE,0,0,4285902,4285902,4285928,1,0,0,0,fortran,1.788257110061983e-05,0.8888888888888888,1,1,1
0x4165c8,JLE,125323,0,291,6,0x4165bd,TEST,1,NonLeaf,r8(-1) r8(-1) ,rflags ,MOV,8,TEST,3,SUB,3,MOV,5,MOV,8,MOV,3,LEA,3,TEST,3,CMOVZ,3,ADD,4,0,1,0,0,0,JMP,0,0,1,0,1,0,JNE,0,0,4285605,4286187,4285902,0,0,1,0,fortran,2.5436729517319934e-07,0.0,0,0,0
0x41649f,JNZ,1003418,878095,-302,6,0x416488,CMP,1,NonLeaf,rsp(-1) ,rflags ,MOV,5,MOV,5,MOV,5,CMP,8,ADD,8,LEA,8,LEA,4,MOV,5,MOV,8,MOV,8,0,0,0,1,1,JLE,0,0,1,0,0,0,JLE,1,0,4285531,4285297,4285605,0,0,0,1,fortran,2.036631125875548e-06,0.8751038948872752,1,1,1
0x416459,JNZ,8903761,7915375,-77,2,0x416455,CMP,1,NonLeaf,r10d(ADD) ,rflags ,CMP,4,ADD,8,ADD,8,MOV,4,ADD,4,ADD,8,MOV,5,ADD,8,ADD,8,MOV,8,0,0,0,1,1,JLE,0,0,0,0,0,0,JNE,1,0,4285501,4285452,4285531,0,0,0,1,fortran,1.8071907011790497e-05,0.8889923033648365,1,1,1
0x416437,JZ,8907675,824328,8945,6,0x416434,CMP,1,NonLeaf,edx(-1) ,rflags ,CMP,3,JNZ,2,CMP,3,ADD,3,ADD,4,ADD,4,MOV,4,ADD,8,ADD,8,CMP,4,0,1,0,0,0,MOV,0,0,0,0,0,0,JNE,0,0,4285492,4294440,4285501,0,0,0,1,fortran,1.807985123267021e-05,0.0925413197046367,0,0,0
0x416432,JNZ,80169075,71261400,-21,2,0x41642f,CMP,1,NonLeaf,rsi(ADD) r11(-1) ,rflags ,CMP,3,ADD,3,ADD,4,CMOVZ,4,LEA,4,CMP,3,JZ,6,ADD,4,MOV,4,ADD,8,1,1,1,1,1,JNE,0,0,1,1,0,0,JE,0,0,4285469,4285469,4285492,1,0,0,0,fortran,0.000162718661094,0.8888888888888888,1,1,1
0x41640f,JLE,8907675,0,46,2,0x41640c,TEST,1,NonLeaf,r11(-1) r11(-1) ,rflags ,TEST,3,MOV,7,SUB,3,MOV,7,MOV,5,MOV,5,MOV,3,XOR,2,XOR,2,CMP,3,1,1,0,0,0,JNE,0,0,1,0,0,0,XOR,0,0,4285452,4285501,4285457,0,0,1,0,fortran,1.807985123267021e-05,0.0,0,0,0
0x4163a4,JLE,1007332,15032,10369,6,0x4163a1,CMP,1,NonLeaf,edi(-1) ,rflags ,CMP,3,JNZ,2,CMP,5,ADD,5,ADD,4,MOV,4,MOV,8,MOV,6,ADD,8,ADD,5,0,0,0,0,0,JMP,0,0,1,0,0,0,MOV,0,0,4285345,4295717,4285354,0,0,1,1,fortran,2.044575346755258e-06,0.0149225875878062,0,0,0
0x41639f,JNZ,9065988,8058656,-26,2,0x41639a,CMP,1,NonLeaf,r9(ADD) rsp(-1) ,rflags ,CMP,5,ADD,5,ADD,4,CMOVZ,3,TEST,3,CMP,3,JLE,6,MOV,4,MOV,8,MOV,6,1,1,1,1,1,JNE,0,0,1,1,0,0,JLE,0,0,4285317,4285317,4285345,1,0,0,0,fortran,1.840117812079733e-05,0.8888888888888888,1,1,1
0x41637f,JLE,1007332,0,10406,6,0x416376,CMP,1,NonLeaf,rsp(-1) ,rflags ,MOV,3,CMP,6,XOR,2,XOR,3,MOV,8,MOV,3,LEA,3,TEST,3,CMOVZ,3,ADD,4,1,1,0,0,0,JMP,0,0,1,0,1,0,JNE,0,0,4285297,4295717,4285317,0,0,1,0,fortran,2.044575346755258e-06,0.0,0,0,0
0x416185,JNLE,170825,170825,-2917,6,0x416175,TEST,1,NonLeaf,r10(MOV) r10(MOV) ,rflags ,MOV,8,MOV,5,TEST,3,MOV,8,MOV,8,MOV,8,XOR,2,CMP,3,MOV,4,MOV,8,0,0,0,0,0,MOV,0,0,0,0,0,0,JNE,0,0,4284757,4281888,4284811,0,0,1,1,fortran,3.4672241486368645e-07,1.0,1,0,1
0x416137,JNLE,172304,172304,-2999,6,0x416127,TEST,1,NonLeaf,r10(MOV) r10(MOV) ,rflags ,MOV,8,MOV,5,TEST,3,MOV,8,MOV,8,XOR,2,CMP,3,JNZ,6,LEA,8,CALL_NEAR,5,0,0,0,0,0,LEA,0,0,0,0,0,0,JNE,0,0,4284679,4281728,4284733,0,0,1,0,fortran,3.497243317469494e-07,1.0,1,0,1
0x41608a,JNZ,249246,221552,-20,2,0x416087,CMP,1,NonLeaf,rbp(-1) rsi(ADD) ,rflags ,CMP,3,ADD,3,ADD,4,MOV,6,JNZ,2,MOV,5,MOV,8,MOV,5,LEA,4,MOV,5,0,0,0,1,1,JNE,0,0,0,1,0,0,JMP,1,0,4284544,4284534,4284556,0,0,0,1,fortran,5.058930192601457e-07,0.8888888888888888,1,1,1
0x416078,JNZ,249246,188631,8,2,0x416076,CMP,1,NonLeaf,rcx(-1) edx(-1) ,rflags ,CMP,2,XOR,2,MOV,3,ADD,6,JNZ,2,MOV,6,ADD,4,ADD,3,CMP,3,JNZ,2,1,1,1,0,0,JNE,0,0,1,0,0,0,MOV,0,0,4284534,4284544,4284538,1,0,0,1,fortran,5.058930192601457e-07,0.7568065284899256,1,0,1
0x416069,JNZ,249246,221552,-20,2,0x416066,CMP,1,NonLeaf,r8(ADD) rbp(-1) ,rflags ,CMP,3,ADD,3,ADD,4,CMOVZ,4,LEA,4,ADD,6,MOV,3,XOR,2,CMP,2,JNZ,2,1,1,1,1,1,JNE,0,0,1,1,0,0,XOR,0,0,4284501,4284501,4284523,1,0,0,1,fortran,5.058930192601457e-07,0.8888888888888888,1,1,1
0x41603f,JLE,27694,0,77,2,0x416035,TEST,1,NonLeaf,rbp(-1) rbp(-1) ,rflags ,LEA,4,MOV,3,TEST,3,IMUL,5,MOV,8,MOV,5,ADD,3,XOR,3,LEA,4,XOR,2,0,1,1,0,0,JMP,0,0,1,0,0,0,MOV,0,0,4284453,4284556,4284481,0,0,1,0,fortran,5.6210335473349536e-08,0.0,0,0,0
0x416023,JNZ,249246,221552,-19,2,0x416020,CMP,1,NonLeaf,r14(-1) rcx(ADD) ,rflags ,CMP,3,ADD,3,ADD,4,CMOVL,3,CMP,2,MOVSXD,3,MOV,8,IMUL,5,TEST,3,MOV,3,1,1,1,1,1,JNE,0,0,1,1,0,0,JLE,0,0,4284432,4284432,4284453,1,0,0,0,fortran,5.058930192601457e-07,0.8888888888888888,1,1,1
0x416007,JNZ,249246,221552,-20,2,0x416004,CMP,1,NonLeaf,rcx(ADD) rbp(-1) ,rflags ,CMP,3,ADD,3,ADD,4,MOV,6,JNZ,2,XOR,2,MOV,5,MOV,4,CMP,2,CMOVL,3,0,0,0,1,1,JNE,0,0,0,1,0,0,MOV,1,0,4284413,4284403,4284425,0,0,0,0,fortran,5.058930192601457e-07,0.8888888888888888,1,1,1
0x415ff5,JNZ,249246,188321,8,2,0x415ff3,CMP,1,NonLeaf,rdx(-1) eax(-1) ,rflags ,CMP,2,MOV,3,XOR,2,ADD,6,JNZ,2,MOV,6,ADD,4,ADD,3,CMP,3,JNZ,2,1,1,1,0,0,JNE,0,0,1,0,0,0,MOV,0,0,4284403,4284413,4284407,1,0,0,1,fortran,5.058930192601457e-07,0.7555627773364467,1,0,1
0x415fe6,JNZ,249246,221552,-18,2,0x415fe3,CMP,1,NonLeaf,rdi(ADD) rbp(-1) ,rflags ,CMP,3,ADD,3,ADD,4,CMOVZ,3,LEA,3,ADD,6,XOR,2,MOV,3,CMP,2,JNZ,2,1,1,1,1,1,JNE,0,0,1,1,0,0,MOV,0,0,4284372,4284372,4284392,1,0,0,1,fortran,5.058930192601457e-07,0.8888888888888888,1,1,1
0x415fbf,JLE,27694,0,74,2,0x415fb5,TEST,1,NonLeaf,rbp(-1) rbp(-1) ,rflags ,LEA,4,MOV,3,TEST,3,IMUL,5,MOV,8,MOV,5,ADD,3,LEA,4,XOR,2,XOR,2,0,1,1,0,0,MOV,0,0,1,0,0,0,MOV,0,0,4284325,4284425,4284353,0,0,0,0,fortran,5.6210335473349536e-08,0.0,0,0,0
0x415fa3,JNZ,249246,221552,-17,2,0x415fa0,CMP,1,NonLeaf,r14(-1) rcx(ADD) ,rflags ,CMP,3,ADD,3,ADD,4,CMOVL,3,CMP,2,MOVSXD,3,MOV,8,IMUL,5,TEST,3,MOV,3,1,1,1,1,1,JNE,0,0,1,1,0,0,JLE,0,0,4284306,4284306,4284325,1,0,0,0,fortran,5.058930192601457e-07,0.8888888888888888,1,1,1
0x415f7e,JLE,425372,397678,-24,2,0x415f7b,CMP,1,NonLeaf,rax(-1) r14(-1) ,rflags ,CMP,3,JNZ,6,CMP,2,MOV,3,ADD,3,MOV,8,MOV,3,XOR,2,MOV,5,MOV,2,1,1,0,0,0,JNE,0,0,1,0,0,0,MOV,1,0,4284283,4284262,4284288,1,0,0,1,fortran,8.633748400725657e-07,0.934894633403233,1,1,1
0x415f75,JNZ,397678,62452,363,6,0x415f73,CMP,1,NonLeaf,rcx(MOV) edi(MOV) ,rflags ,CMP,2,MOV,3,ADD,3,ADD,4,MOV,3,CMP,3,JLE,2,MOV,8,MOV,3,XOR,2,0,1,0,0,0,JMP,1,0,0,0,1,1,JLE,0,0,4284262,4284640,4284283,0,0,0,0,fortran,8.071645045992162e-07,0.1570416266426606,0,0,0
0x415f41,JNZ,129129,38983,-31,2,0x415f3d,CMP,1,NonLeaf,r12(-1) eax(MOV) ,rflags ,CMP,4,MOV,3,JMP,5,JNZ,2,CMP,4,MOV,8,MOV,8,MOV,5,MOV,8,LEA,4,0,0,0,0,0,JNE,0,0,1,0,0,0,JMP,0,0,4284218,4284194,4284227,0,0,0,1,fortran,2.620923091405413e-07,0.3018919065430693,0,0,0
0x415f33,JNZ,2039239,1614492,-63,2,0x415f2f,CMP,1,NonLeaf,r8d(ADD) ,rflags ,CMP,4,ADD,3,ADD,3,ADD,3,ADD,4,JMP,5,MOV,3,CMP,4,JNZ,2,MOV,8,0,0,0,1,1,JNE,0,0,1,0,0,0,JMP,1,0,4284194,4284148,4284213,0,0,0,0,fortran,4.139030414542421e-06,0.7917129870505615,1,1,1
0x415f20,JZ,1178271,129129,26,2,0x415f1d,CMP,1,NonLeaf,eax(-1) ,rflags ,CMP,3,JNZ,2,CMP,3,ADD,3,ADD,4,ADD,4,ADD,3,ADD,3,ADD,3,CMP,4,0,1,0,0,0,JNE,0,0,0,0,0,0,JNE,0,0,4284189,4284218,4284194,0,0,0,0,fortran,2.3915291466931118e-06,0.1095919359807718,0,0,0
0x415f1b,JNZ,10604439,9426168,-19,2,0x415f18,CMP,1,NonLeaf,r14(-1) rdx(ADD) ,rflags ,CMP,3,ADD,3,ADD,4,CMOVNZ,3,LEA,3,CMP,3,JZ,2,ADD,4,ADD,3,ADD,3,1,1,1,1,1,JNE,0,0,1,1,0,0,JE,0,0,4284168,4284168,4284189,1,0,0,0,fortran,2.1523762320238e-05,0.8888888888888888,1,1,1
0x415ef8,JNZ,2066933,888662,42,2,0x415ef6,TEST,1,NonLeaf,eax(MOV) eax(MOV) ,rflags ,TEST,2,MOV,2,LEA,4,MOV,4,MOV,8,MOV,3,XOR,2,XOR,2,NOP,7,CMP,3,1,1,0,0,0,JNE,0,0,1,0,0,0,NOP,0,0,4284148,4284194,4284154,0,0,0,0,fortran,4.195240750015771e-06,0.4299423348507184,0,0,0
0x415e78,JNZ,185400,164800,-22,2,0x415e73,CMP,1,NonLeaf,rsi(ADD) rsp(-1) ,rflags ,CMP,5,ADD,3,ADD,4,MOV,6,JNZ,2,MOV,5,MOV,8,MOV,5,LEA,4,MOV,8,0,0,0,1,1,JNE,0,0,0,1,0,0,JMP,1,0,4284012,4284002,4284026,0,0,0,1,fortran,3.763051995652128e-07,0.8888888888888888,1,1,1
0x415e64,JNZ,185400,139864,8,2,0x415e62,CMP,1,NonLeaf,rcx(-1) edx(-1) ,rflags ,CMP,2,MOV,3,XOR,2,ADD,6,JNZ,2,MOV,6,ADD,4,ADD,3,CMP,5,JNZ,2,1,1,1,0,0,JNE,0,0,1,0,0,0,MOV,0,0,4284002,4284012,4284006,1,0,0,1,fortran,3.763051995652128e-07,0.7543905070118663,1,0,1
0x415e55,JNZ,185400,164800,-20,2,0x415e50,CMP,1,NonLeaf,r8(ADD) rsp(-1) ,rflags ,CMP,5,ADD,3,ADD,4,CMOVZ,3,LEA,3,ADD,6,XOR,2,MOV,3,CMP,2,JNZ,2,1,1,1,1,1,JNE,0,0,1,1,0,0,MOV,0,0,4283969,4283969,4283991,1,0,0,1,fortran,3.763051995652128e-07,0.8888888888888888,1,1,1
0x415e29,JLE,20600,0,81,2,0x415e1f,CMP,1,NonLeaf,rsp(-1) ,rflags ,LEA,4,CMP,6,IMUL,5,MOV,5,MOVSXD,3,ADD,5,MOV,5,XOR,3,LEA,4,XOR,2,0,1,1,0,0,JMP,0,0,1,0,0,0,MOV,0,0,4283922,4284026,4283947,0,0,1,0,fortran,4.18116888405792e-08,0.0,0,0,0
0x415e10,JNZ,185400,164800,-18,2,0x415e0d,CMP,1,NonLeaf,r14(-1) rcx(ADD) ,rflags ,CMP,3,ADD,3,ADD,4,CMOVL,3,CMP,2,MOVSXD,3,MOV,5,IMUL,5,CMP,6,LEA,4,1,1,1,1,1,JNE,0,0,1,1,0,0,JLE,0,0,4283902,4283902,4283922,1,0,0,0,fortran,3.763051995652128e-07,0.8888888888888888,1,1,1
0x415df5,JNZ,185400,164800,-22,2,0x415df0,CMP,1,NonLeaf,rcx(ADD) rsp(-1) ,rflags ,CMP,5,ADD,3,ADD,4,MOV,6,JNZ,2,XOR,2,MOV,5,MOV,3,CMP,2,CMOVL,3,0,0,0,1,1,JNE,0,0,0,1,0,0,MOV,1,0,4283881,4283871,4283895,0,0,0,0,fortran,3.763051995652128e-07,0.8888888888888888,1,1,1
0x415de1,JNZ,185400,139687,8,2,0x415ddf,CMP,1,NonLeaf,rdx(-1) eax(-1) ,rflags ,CMP,2,MOV,3,XOR,2,ADD,6,JNZ,2,MOV,6,ADD,4,ADD,3,CMP,5,JNZ,2,1,1,1,0,0,JNE,0,0,1,0,0,0,MOV,0,0,4283871,4283881,4283875,1,0,0,1,fortran,3.763051995652128e-07,0.7534358144552319,1,0,1
0x415dd2,JNZ,185400,164800,-20,2,0x415dcd,CMP,1,NonLeaf,rdi(ADD) rsp(-1) ,rflags ,CMP,5,ADD,3,ADD,4,CMOVZ,3,LEA,3,ADD,6,XOR,2,MOV,3,CMP,2,JNZ,2,1,1,1,1,1,JNE,0,0,1,1,0,0,MOV,0,0,4283838,4283838,4283860,1,0,0,1,fortran,3.763051995652128e-07,0.8888888888888888,1,1,1
0x415da7,JLE,20600,0,80,2,0x415d9d,CMP,1,NonLeaf,rsp(-1) ,rflags ,LEA,4,CMP,6,IMUL,5,MOV,5,MOVSXD,3,ADD,5,MOV,5,LEA,4,XOR,2,XOR,2,0,1,1,0,0,MOV,0,0,1,0,0,0,MOV,0,0,4283792,4283895,4283817,0,0,0,0,fortran,4.18116888405792e-08,0.0,0,0,0
0x415d8e,JNZ,185400,164800,-17,2,0x415d8b,CMP,1,NonLeaf,r14(-1) rcx(ADD) ,rflags ,CMP,3,ADD,3,ADD,4,CMOVL,3,CMP,2,MOVSXD,3,MOV,5,IMUL,5,CMP,6,LEA,4,1,1,1,1,1,JNE,0,0,1,1,0,0,JLE,0,0,4283773,4283773,4283792,1,0,0,0,fortran,3.763051995652128e-07,0.8888888888888888,1,1,1
0x415d71,JLE,356374,335774,-20,2,0x415d6e,CMP,1,NonLeaf,rax(-1) r14(-1) ,rflags ,CMP,3,JNZ,2,CMP,2,MOV,3,ADD,3,MOV,3,XOR,2,MOV,5,MOV,2,CMP,2,1,1,0,0,0,JNE,0,0,1,0,0,0,MOV,1,0,4283758,4283741,4283763,1,0,0,0,fortran,7.233300387802219e-07,0.942195558598551,1,1,1
0x415d6c,JNZ,335774,64268,-66,2,0x415d6a,CMP,1,NonLeaf,rcx(MOV) esi(MOV) ,rflags ,CMP,2,MOV,3,ADD,3,ADD,4,MOV,3,CMP,3,JLE,2,MOV,3,XOR,2,MOV,5,0,0,0,0,0,JNE,1,0,0,0,1,1,JLE,0,0,4283741,4283690,4283758,0,0,0,0,fortran,6.815183499396427e-07,0.1914025505250555,0,0,0
0x415d4c,JNZ,132735,47867,-34,2,0x415d49,CMP,1,NonLeaf,r10(-1) eax(MOV) ,rflags ,CMP,3,MOV,3,JMP,5,JNZ,2,CMP,4,MOV,8,MOV,5,JMP,2,MOV,3,ADD,4,0,0,0,0,0,JNE,0,0,1,0,0,0,JMP,0,0,4283718,4283690,4283726,0,0,0,0,fortran,2.694113843812757e-07,0.3606207857761705,0,0,0
0x415d3f,JNZ,2189122,1750109,-82,2,0x415d3b,CMP,1,NonLeaf,r8d(ADD) ,rflags ,CMP,4,ADD,3,ADD,5,ADD,5,ADD,4,JMP,5,MOV,3,CMP,3,JNZ,2,MOV,8,0,0,0,1,1,JNE,0,0,1,0,0,0,JMP,1,0,4283690,4283629,4283713,0,0,0,0,fortran,4.443246985343029e-06,0.7994570425951592,1,1,1
0x415d28,JZ,1274375,132735,30,2,0x415d25,CMP,1,NonLeaf,eax(-1) ,rflags ,CMP,3,JNZ,2,CMP,3,ADD,3,ADD,4,ADD,4,ADD,5,ADD,5,ADD,3,CMP,4,0,1,0,0,0,JNE,0,0,0,0,0,0,JNE,0,0,4283685,4283718,4283690,0,0,0,0,fortran,2.586590823602578e-06,0.1041569396763119,0,0,0
0x415d23,JNZ,11469375,10195000,-19,2,0x415d20,CMP,1,NonLeaf,r14(-1) rdx(ADD) ,rflags ,CMP,3,ADD,3,ADD,4,CMOVNZ,3,LEA,3,CMP,3,JZ,2,ADD,4,ADD,5,ADD,5,1,1,1,1,1,JNE,0,0,1,1,0,0,JE,0,0,4283664,4283664,4283685,1,0,0,0,fortran,2.3279317412423204e-05,0.8888888888888888,1,1,1
0x415cf2,JNZ,2209722,935347,56,2,0x415cf0,TEST,1,NonLeaf,eax(MOV) eax(MOV) ,rflags ,TEST,2,MOV,3,LEA,4,MOV,4,MOV,8,LEA,5,MOV,3,XOR,2,MOV,8,XOR,2,1,1,0,0,0,JNE,0,0,1,0,0,0,NOP,0,0,4283629,4283690,4283636,0,0,0,1,fortran,4.485058674183609e-06,0.4232871827315834,0,0,0
0x415c66,JNZ,305265,203510,-77,2,0x415c5e,CMP,1,NonLeaf,r10(ADD) rsp(-1) ,rflags ,CMP,8,ADD,8,ADD,4,JNZ,2,CMP,3,MOV,8,ADD,8,MOV,5,MOV,8,LEA,4,0,0,0,1,1,JLE,0,0,0,1,0,0,JMP,1,0,4283474,4283417,4283496,0,0,0,1,fortran,6.195944268892917e-07,0.6666666666666666,1,1,1
0x415c50,JNZ,212906,144171,-20,2,0x415c4d,CMP,1,NonLeaf,rsi(ADD) r12(-1) ,rflags ,CMP,3,ADD,3,MOV,6,ADD,4,JNZ,2,ADD,4,ADD,8,CMP,8,JNZ,2,MOV,8,0,0,0,1,1,JNE,0,0,0,1,0,0,JNE,1,0,4283456,4283452,4283474,0,0,0,0,fortran,4.321339526355512e-07,0.677157994607949,1,1,1
0x415c3e,JNZ,915795,702889,-14,2,0x415c3c,CMP,1,NonLeaf,rcx(-1) edx(-1) ,rflags ,CMP,2,JZ,2,CMP,3,ADD,3,ADD,4,ADD,4,MOV,6,ADD,3,CMP,3,JNZ,2,1,1,0,0,0,JE,0,0,1,0,0,0,JNE,0,0,4283452,4283440,4283456,1,1,0,1,fortran,1.858783280667875e-06,0.7675178396911972,1,0,1
0x415c3a,JZ,702889,236530,24,2,0x415c37,CMP,1,NonLeaf,rsi(ADD) r12(-1) ,rflags ,CMP,3,ADD,3,ADD,4,NOP,1,JMP,2,CMP,2,JNZ,2,ADD,4,MOV,6,ADD,3,0,0,1,0,0,JNE,1,0,0,0,1,1,JNE,0,0,4283440,4283474,4283452,0,0,0,0,fortran,1.426649328032324e-06,0.336511170327036,0,0,0
0x415c2b,JLE,305265,305265,17,2,0x415c26,CMP,1,NonLeaf,rsp(-1) r15(MOV) ,rflags ,CMP,5,MOV,3,MOV,8,XOR,2,SUB,5,JMP,2,NOP,1,ADD,4,ADD,3,CMP,3,1,1,0,1,0,JNE,0,0,1,0,0,0,JMP,0,0,4283417,4283452,4283437,0,0,0,0,fortran,6.195944268892917e-07,1.0,1,0,1
0x415bf5,JNZ,305265,203510,-75,2,0x415bed,CMP,1,NonLeaf,r12(ADD) rsp(-1) ,rflags ,CMP,8,ADD,8,ADD,4,MOV,7,JNZ,2,MOV,8,ADD,6,XOR,3,MOV,8,LEA,4,0,0,0,1,1,JG,0,0,1,1,0,0,SUB,1,0,4283361,4283306,4283383,0,0,0,1,fortran,6.195944268892917e-07,0.6666666666666666,1,1,1
0x415bd8,JNZ,915795,610530,-18,2,0x415bd5,CMP,1,NonLeaf,r10(ADD) r15(-1) ,rflags ,CMP,3,ADD,3,ADD,4,CMOVZ,3,LEA,3,MOV,7,ADD,4,ADD,8,CMP,8,JNZ,2,1,1,1,1,1,JNE,0,0,1,1,0,0,MOV,0,0,4283334,4283334,4283354,1,0,0,0,fortran,1.858783280667875e-06,0.6666666666666666,1,1,1
0x415bb7,JNLE,305265,0,42,2,0x415bb2,CMP,1,NonLeaf,rsp(-1) rdi(MOV) ,rflags ,CMP,5,MOV,8,SUB,5,LEA,4,MOV,8,MOV,3,XOR,3,MOV,7,CMP,2,LEA,3,1,1,1,0,0,JNE,0,0,1,0,0,0,MOV,0,0,4283306,4283361,4283321,0,0,0,1,fortran,6.195944268892917e-07,0.0,0,0,0
0x415b5f,JNLE,101755,0,265,6,0x415b4c,CMP,1,NonLeaf,rsp(-1) rdi(MOV) ,rflags ,MOV,8,MOV,3,CMP,8,ADD,5,IMUL,5,MOVSXD,8,ADD,8,XOR,3,MOV,5,ADD,4,0,1,1,0,0,JMP,0,0,1,0,0,0,SUB,0,0,4283191,4283496,4283237,0,0,1,1,fortran,2.065314756297639e-07,0.0,0,0,0
0x415b35,JNZ,915795,814040,-17,2,0x415b32,CMP,1,NonLeaf,rsi(ADD) r14(-1) ,rflags ,CMP,3,ADD,3,ADD,4,CMOVL,3,CMP,2,MOVSXD,3,MOV,8,IMUL,5,ADD,5,CMP,8,1,1,1,1,1,JNE,0,0,1,1,0,0,JG,0,0,4283172,4283172,4283191,1,0,0,1,fortran,1.858783280667875e-06,0.8888888888888888,1,1,1
0x415b16,JNZ,305265,203510,-79,2,0x415b0e,CMP,1,NonLeaf,rdi(ADD) rsp(-1) ,rflags ,CMP,8,ADD,8,ADD,4,JNZ,2,CMP,3,MOV,5,XOR,2,MOV,5,MOV,2,CMP,2,0,0,0,1,1,JLE,0,0,0,1,0,0,MOV,1,0,4283138,4283079,4283160,0,0,0,0,fortran,6.195944268892917e-07,0.6666666666666666,1,1,1
0x415b00,JNZ,213250,144385,-20,2,0x415afd,CMP,1,NonLeaf,rcx(ADD) r10(-1) ,rflags ,CMP,3,ADD,3,MOV,6,ADD,4,JNZ,2,ADD,4,ADD,8,CMP,8,JNZ,2,MOV,5,0,0,0,1,1,JNE,0,0,0,1,0,0,JNE,1,0,4283120,4283116,4283138,0,0,0,0,fortran,4.328321672453162e-07,0.6770691676436108,1,1,1
0x415aee,JNZ,915795,702545,-14,2,0x415aec,CMP,1,NonLeaf,rdx(-1) eax(-1) ,rflags ,CMP,2,JZ,2,CMP,3,ADD,3,ADD,4,ADD,4,MOV,6,ADD,3,CMP,3,JNZ,2,1,1,0,0,0,JE,0,0,1,0,0,0,JNE,0,0,4283116,4283104,4283120,1,1,0,1,fortran,1.858783280667875e-06,0.7671422097740215,1,0,1
0x415aea,JZ,702545,236400,24,2,0x415ae7,CMP,1,NonLeaf,rcx(ADD) r10(-1) ,rflags ,CMP,3,ADD,3,ADD,4,NOP,3,JMP,2,CMP,2,JNZ,2,ADD,4,MOV,6,ADD,3,0,0,1,0,0,JNE,1,0,0,0,1,1,JNE,0,0,4283104,4283138,4283116,0,0,0,0,fortran,1.425951113422559e-06,0.3364909009387299,0,0,0
0x415ad9,JLE,305265,305265,19,2,0x415ad4,CMP,1,NonLeaf,rsp(-1) r15(MOV) ,rflags ,CMP,5,MOV,3,MOV,8,XOR,2,SUB,5,JMP,2,NOP,3,ADD,4,ADD,3,CMP,3,1,1,0,1,0,JNE,0,0,1,0,0,0,JMP,0,0,4283079,4283116,4283099,0,0,0,0,fortran,6.195944268892917e-07,1.0,1,0,1
0x415aa9,JNZ,305265,203510,-76,2,0x415aa1,CMP,1,NonLeaf,rdx(ADD) rsp(-1) ,rflags ,CMP,8,ADD,8,ADD,4,MOV,8,JNZ,2,ADD,6,MOV,8,MOV,3,XOR,2,LEA,4,0,0,0,1,1,JG,0,0,1,1,0,0,SUB,1,0,4283029,4282973,4283051,0,0,0,1,fortran,6.195944268892917e-07,0.6666666666666666,1,1,1
0x415a8b,JNZ,915795,610530,-18,2,0x415a88,CMP,1,NonLeaf,rdi(ADD) r12(-1) ,rflags ,CMP,3,ADD,3,ADD,4,CMOVZ,3,LEA,3,MOV,8,ADD,4,ADD,8,CMP,8,JNZ,2,1,1,1,1,1,JNE,0,0,1,1,0,0,MOV,0,0,4283001,4283001,4283021,1,0,0,0,fortran,1.858783280667875e-06,0.6666666666666666,1,1,1
0x415a6a,JNLE,305265,0,43,2,0x415a65,CMP,1,NonLeaf,rsp(-1) rdi(MOV) ,rflags ,CMP,5,MOV,8,SUB,5,LEA,4,MOV,3,MOV,3,XOR,2,MOV,8,CMP,2,LEA,3,1,1,1,0,0,JNE,0,0,1,0,0,0,MOV,0,0,4282973,4283029,4282988,0,0,0,1,fortran,6.195944268892917e-07,0.0,0,0,0
0x415a17,JNLE,101755,0,257,6,0x415a0f,CMP,1,NonLeaf,rsp(-1) rdi(MOV) ,rflags ,CMP,8,ADD,5,IMUL,5,MOV,8,MOVSXD,3,MOVSXD,8,MOV,8,LEA,4,MOV,5,ADD,4,0,1,1,0,0,MOV,0,0,1,0,0,0,SUB,0,0,4282874,4283160,4282909,0,0,0,0,fortran,2.065314756297639e-07,0.0,0,0,0
0x4159f8,JNZ,915795,814040,-17,2,0x4159f5,CMP,1,NonLeaf,rcx(ADD) r14(-1) ,rflags ,CMP,3,ADD,3,ADD,4,CMOVL,3,CMP,2,MOVSXD,3,MOV,8,IMUL,5,ADD,5,CMP,8,1,1,1,1,1,JNE,0,0,1,1,0,0,JG,0,0,4282855,4282855,4282874,1,0,0,0,fortran,1.858783280667875e-06,0.8888888888888888,1,1,1
0x4159d9,JLE,1102879,1001124,-27,2,0x4159d6,CMP,1,NonLeaf,rax(-1) r14(-1) ,rflags ,CMP,3,JNZ,6,CMP,4,MOV,4,ADD,3,MOV,5,XOR,2,MOV,5,MOV,2,CMP,2,1,1,0,0,0,JNE,0,0,1,0,0,0,MOV,1,0,4282838,4282814,4282843,1,0,0,0,fortran,2.2385064843111237e-06,0.9077369321566554,1,1,1
0x4159d0,JNZ,1001124,75024,1821,6,0x4159cc,CMP,1,NonLeaf,r12(MOV) ecx(MOV) ,rflags ,CMP,4,MOV,4,ADD,3,ADD,4,MOV,3,CMP,3,JLE,2,MOV,5,XOR,2,MOV,5,0,1,0,0,0,JMP,1,0,0,0,1,1,JLE,0,0,4282814,4284653,4282838,0,0,0,0,fortran,2.0319750086813594e-06,0.0749397677011039,0,0,0
0x41599a,JNZ,229580,52801,-82,2,0x415998,CMP,1,NonLeaf,rax(MOV) edx(MOV) ,rflags ,CMP,2,MOV,3,MOV,5,JNZ,2,CMP,3,MOV,8,MOV,8,MOV,5,MOV,8,ADD,3,0,0,0,0,0,JNE,0,0,1,0,0,0,JMP,0,0,4282768,4282696,4282780,0,0,0,1,fortran,4.659770642728239e-07,0.2299895461277114,0,0,0
0x41598e,JNZ,981976,752396,-70,2,0x41598b,CMP,1,NonLeaf,eax(-1) ,rflags ,CMP,3,JNZ,2,CMP,3,ADD,3,ADD,4,MOV,5,MOV,3,CMP,2,JNZ,2,MOV,8,0,0,0,0,0,JNE,0,0,1,0,0,0,JNE,0,0,4282763,4282696,4282768,0,0,0,0,fortran,1.9931104349959515e-06,0.7662060987233904,1,0,1
0x415989,JNZ,8837784,7855808,-23,2,0x415986,CMP,1,NonLeaf,rdx(ADD) r14(-1) ,rflags ,CMP,3,ADD,3,ADD,4,CMOVNZ,4,LEA,4,CMP,3,JNZ,2,MOV,5,MOV,3,CMP,2,1,1,1,1,1,JNE,0,0,1,1,0,0,JNE,0,0,4282738,4282738,4282763,1,0,0,0,fortran,1.793799391496356e-05,0.8888888888888888,1,1,1
0x41595c,JNZ,12541596,11197553,-60,2,0x415958,CMP,1,NonLeaf,rcx(ADD) ,rflags ,CMP,4,ADD,3,ADD,3,ADD,3,ADD,3,MOV,8,JMP,5,MOV,3,XOR,2,XOR,2,0,0,0,1,1,JGE,0,0,1,0,0,0,JMP,1,0,4282696,4282656,4282718,0,0,0,0,fortran,2.5455597549332656e-05,0.8928331768939136,1,1,1
0x415943,JZ,3626659,981976,40,2,0x41593c,CMP,1,NonLeaf,rsp(-1) edx(SUB) ,rflags ,CMP,7,SUB,3,IMUL,2,SAR,4,MOV,5,NOP,3,ADD,4,ADD,3,ADD,3,ADD,3,0,1,0,0,0,XOR,0,0,1,0,0,0,NOP,0,0,4282670,4282731,4282693,0,0,0,0,fortran,7.361006681499325e-06,0.2707660135678595,0,0,0
0x41592c,JNZ,6110037,2483378,28,2,0x41592a,TEST,1,NonLeaf,eax(MOV) eax(MOV) ,rflags ,TEST,2,MOV,2,JNL,2,MOV,3,CMP,3,MOV,5,SAR,4,IMUL,2,SUB,3,CMP,7,0,0,0,0,0,JNE,0,0,1,0,0,0,JE,0,0,4282664,4282696,4282670,0,0,0,0,fortran,1.2401503196525531e-05,0.406442383245797,0,0,0
0x415926,JNL,12643351,6533314,34,2,0x415920,CMP,1,NonLeaf,r10d(MOV) esi(MOV) ,rflags ,MOV,3,CMP,3,NOP,1,MOV,8,XOR,2,MOV,2,TEST,2,JNZ,2,MOV,5,SAR,4,1,1,0,0,0,JNE,0,0,1,0,0,0,JNE,0,0,4282656,4282696,4282664,1,0,0,0,fortran,2.566212902496242e-05,0.5167391144958327,1,0,1
0x4158bc,JNZ,4142660,2696862,-63,2,0x4158b5,CMP,1,NonLeaf,rsp(-1) edx(SUB) ,rflags ,CMP,7,SUB,2,SAR,3,IMUL,2,MOV,5,MOV,5,ADD,8,MOV,3,MOV,8,MOV,5,1,1,0,0,0,JE,0,0,1,0,0,0,NOP,0,0,4282533,4282493,4282558,0,0,1,1,fortran,8.408330625840477e-06,0.6509976681648989,1,0,1
0x41589f,JZ,4040905,408584,-1424,6,0x41589b,CMP,1,NonLeaf,r10d(ADD) ,rflags ,CMP,4,ADD,8,MOV,5,ADD,8,MOV,5,LEA,4,MOV,5,IMUL,2,SAR,3,SUB,2,0,0,1,0,0,JNE,1,0,0,0,1,1,JNE,0,0,4282493,4281103,4282533,0,0,1,0,fortran,8.201799150210713e-06,0.1011120033754814,0,0,0
0x41582c,JZ,539243,28904,-1309,6,0x415821,CMP,1,NonLeaf,ecx(-1) ,rflags ,MOV,8,CMP,3,JNZ,2,CMP,3,ADD,3,MOV,5,MOV,6,LEA,3,ADD,7,MOV,7,0,0,1,0,0,JNE,0,0,0,0,0,0,JMP,0,0,4282401,4281103,4282418,0,0,1,1,fortran,1.094498083760216e-06,0.0536010666805132,0,0,0
0x41581f,JNZ,1617729,1078486,-41,2,0x41581c,CMP,1,NonLeaf,r8(ADD) r15(-1) ,rflags ,CMP,3,ADD,3,ADD,4,JNZ,2,CMP,3,CMP,3,MOV,8,JZ,6,MOV,5,MOV,6,0,0,0,1,1,JG,0,0,1,1,0,0,JE,1,0,4282389,4282358,4282401,0,0,0,0,fortran,3.283494251280648e-06,0.6666666666666666,1,1,1
0x415813,JNZ,4853187,3235458,-19,2,0x415810,CMP,1,NonLeaf,rax(ADD) rdi(-1) ,rflags ,CMP,3,ADD,3,ADD,4,CMOVZ,3,LEA,3,ADD,4,ADD,3,CMP,3,JNZ,2,CMP,3,1,1,1,1,1,JNE,0,0,0,1,0,0,JNE,0,0,4282368,4282368,4282389,1,0,0,0,fortran,9.850482753841944e-06,0.6666666666666666,1,1,1
0x4157f9,JNLE,1617729,0,28,2,0x4157f6,CMP,1,NonLeaf,r10(-1) r12(-1) ,rflags ,CMP,3,SUB,3,LEA,5,LEA,4,ADD,8,MOV,3,XOR,2,CMP,3,LEA,3,CMOVZ,3,1,1,1,0,0,JNE,0,0,1,0,0,0,XOR,0,0,4282358,4282389,4282363,0,0,0,0,fortran,3.283494251280648e-06,0.0,0,0,0
0x4157ad,JNLE,539243,0,133,6,0x4157a5,CMP,1,NonLeaf,rsp(-1) rax(MOV) ,rflags ,CMP,8,MOV,8,MOV,8,MOV,3,CDQE,2,MOVSXD,3,MOV,5,MOV,8,ADD,4,MOV,5,0,1,0,0,0,JMP,0,0,1,0,0,0,SUB,0,0,4282188,4282418,4282291,0,0,1,1,fortran,1.094498083760216e-06,0.0,0,0,0
0x415708,JNLE,109946,109946,-6667,6,0x415702,CMP,1,NonLeaf,rsp(-1) ,rflags ,CMP,6,MOV,5,MOV,8,MOV,5,MOV,8,MOV,11,JMP,5,NOP,2,LEA,4,MOV,5,0,0,0,0,0,LEA,0,0,0,0,0,0,JMP,0,0,4282056,4275453,4282126,0,0,0,1,fortran,2.231566961779767e-07,1.0,1,0,1
0x4156c2,JZ,239183,129237,2797,6,0x4156bf,CMP,1,NonLeaf,r15d(-1) esi(-1) ,rflags ,CMP,3,JNZ,2,CMP,3,ADD,5,ADD,4,MOV,8,MOV,8,MOV,8,MOV,8,MOV,8,0,0,0,0,0,MOV,0,0,0,0,0,0,JG,0,0,4282047,4284847,4282056,0,0,1,1,fortran,4.854682122308861e-07,0.5403268626950912,1,0,1
0x4156bd,JNZ,2152647,1913464,-76,2,0x4156ba,CMP,1,NonLeaf,r14(ADD) r10(-1) ,rflags ,CMP,3,ADD,5,ADD,4,JNZ,2,CMP,3,CMP,3,JZ,6,MOV,8,MOV,8,MOV,8,0,0,0,1,1,JLE,0,0,1,1,0,0,JE,1,0,4282033,4281969,4282047,0,0,0,0,fortran,4.369213910077975e-06,0.8888888888888888,1,1,1
0x4156af,JNZ,19373823,17221176,-51,2,0x4156ac,CMP,1,NonLeaf,r9(ADD) r11(-1) ,rflags ,CMP,3,ADD,3,ADD,4,JNZ,2,CMP,3,ADD,4,ADD,5,CMP,3,JNZ,2,CMP,3,0,0,0,1,1,JLE,0,0,0,1,0,0,JNE,1,0,4282021,4281980,4282033,0,0,0,0,fortran,3.9322925190701775e-05,0.8888888888888888,1,1,1
0x4156a3,JNZ,174364407,154990584,-19,2,0x4156a0,CMP,1,NonLeaf,rdx(ADD) rax(-1) ,rflags ,CMP,3,ADD,3,ADD,4,CMOVNZ,3,LEA,3,ADD,4,ADD,3,CMP,3,JNZ,2,ADD,4,1,1,1,1,1,JNE,0,0,0,1,0,0,JNE,0,0,4282000,4282000,4282021,1,0,0,0,fortran,0.0003539063267163,0.8888888888888888,1,1,1
0x41567f,JLE,19373823,0,38,2,0x41567c,TEST,1,NonLeaf,rax(-1) rax(-1) ,rflags ,TEST,3,XOR,3,MOV,3,JLE,2,TEST,3,MOV,3,XOR,2,NOP,10,CMP,3,LEA,3,1,1,1,0,0,JNE,0,0,1,0,0,0,NOP,0,0,4281980,4282021,4281985,0,0,0,0,fortran,3.9322925190701775e-05,0.0,0,0,0
0x415674,JLE,2152647,0,61,2,0x415671,TEST,1,NonLeaf,r11(-1) r11(-1) ,rflags ,TEST,3,MOV,5,LEA,4,MOV,5,ADD,3,MOV,3,XOR,3,TEST,3,JLE,2,MOV,3,1,1,1,0,0,JNE,0,0,1,0,0,0,XOR,0,0,4281969,4282033,4281974,0,0,0,0,fortran,4.369213910077975e-06,0.0,0,0,0
0x41561a,JLE,68358,0,2929,6,0x415617,TEST,1,NonLeaf,r10(-1) r10(-1) ,rflags ,TEST,3,JZ,6,CMP,3,JNZ,2,CMP,3,MOV,8,MOV,5,LEA,8,MOV,8,XOR,3,0,0,0,0,0,JNE,0,0,0,0,0,0,MOV,0,0,4281879,4284811,4281888,0,0,1,1,fortran,1.3874579736719968e-07,0.0,0,0,0
0x415611,JZ,239183,170825,2871,6,0x41560e,CMP,1,NonLeaf,r15d(-1) esi(-1) ,rflags ,CMP,3,JNZ,2,CMP,3,ADD,4,ADD,4,TEST,3,JLE,6,MOV,8,MOV,5,LEA,8,0,0,0,0,0,CALL,0,1,0,0,0,0,JLE,0,0,4281870,4284744,4281879,0,0,1,0,fortran,4.854682122308861e-07,0.7142020963028309,1,0,1
0x41560c,JNZ,2152647,1913464,-69,2,0x415609,CMP,1,NonLeaf,r14(ADD) r10(-1) ,rflags ,CMP,3,ADD,4,ADD,4,JNZ,2,CMP,3,CMP,3,JZ,6,TEST,3,JLE,6,MOV,8,0,0,0,1,1,JLE,0,0,1,1,0,0,JE,1,0,4281857,4281799,4281870,0,0,0,0,fortran,4.369213910077975e-06,0.8888888888888888,1,1,1
0x4155ff,JNZ,19373823,17221176,-45,2,0x4155fc,CMP,1,NonLeaf,r9(ADD) r11(-1) ,rflags ,CMP,3,ADD,3,ADD,4,JNZ,2,CMP,3,ADD,4,ADD,4,CMP,3,JNZ,2,CMP,3,0,0,0,1,1,JLE,0,0,0,1,0,0,JNE,1,0,4281845,4281810,4281857,0,0,0,0,fortran,3.9322925190701775e-05,0.8888888888888888,1,1,1
0x4155f3,JNZ,174364407,154990584,-19,2,0x4155f0,CMP,1,NonLeaf,rdx(ADD) rax(-1) ,rflags ,CMP,3,ADD,3,ADD,4,CMOVNZ,3,LEA,3,ADD,4,ADD,3,CMP,3,JNZ,2,ADD,4,1,1,1,1,1,JNE,0,0,0,1,0,0,JNE,0,0,4281824,4281824,4281845,1,0,0,0,fortran,0.0003539063267163,0.8888888888888888,1,1,1
0x4155d5,JLE,19373823,0,32,2,0x4155d2,TEST,1,NonLeaf,rax(-1) rax(-1) ,rflags ,TEST,3,XOR,3,MOV,3,JLE,2,TEST,3,MOV,3,XOR,2,NOP,4,CMP,3,LEA,3,1,1,1,0,0,JNE,0,0,1,0,0,0,NOP,0,0,4281810,4281845,4281815,0,0,0,0,fortran,3.9322925190701775e-05,0.0,0,0,0
0x4155ca,JLE,2152647,0,55,2,0x4155c7,TEST,1,NonLeaf,r11(-1) r11(-1) ,rflags ,TEST,3,LEA,4,ADD,3,SHL,4,ADD,3,MOV,3,XOR,3,TEST,3,JLE,2,MOV,3,1,1,1,0,0,JNE,0,0,1,0,0,0,XOR,0,0,4281799,4281857,4281804,0,0,0,0,fortran,4.369213910077975e-06,0.0,0,0,0
0x41557a,JLE,66879,0,3011,6,0x415577,TEST,1,NonLeaf,r10(-1) r10(-1) ,rflags ,TEST,3,JZ,6,CMP,3,JNZ,2,CMP,3,MOV,8,MOV,8,LEA,8,XOR,3,XOR,2,0,0,0,0,0,JNE,0,0,0,0,0,0,LEA,0,0,4281719,4284733,4281728,0,0,0,1,fortran,1.357438804839367e-07,0.0,0,0,0
0x415571,JZ,239183,172304,2953,6,0x41556e,CMP,1,NonLeaf,r15d(-1) esi(-1) ,rflags ,CMP,3,JNZ,2,CMP,3,ADD,4,ADD,4,TEST,3,JLE,6,MOV,8,MOV,8,LEA,8,0,1,0,0,0,CALL,0,1,1,0,0,0,JLE,0,0,4281710,4284666,4281719,0,0,1,0,fortran,4.854682122308861e-07,0.7203856461370582,1,0,1
0x41556c,JNZ,2152647,1913464,-69,2,0x415569,CMP,1,NonLeaf,r14(ADD) r10(-1) ,rflags ,CMP,3,ADD,4,ADD,4,JNZ,2,CMP,3,CMP,3,JZ,6,TEST,3,JLE,6,MOV,8,0,0,0,1,1,JLE,0,0,0,1,0,0,JE,1,0,4281697,4281639,4281710,0,0,0,0,fortran,4.369213910077975e-06,0.8888888888888888,1,1,1
0x41555f,JNZ,19373823,17221176,-45,2,0x41555c,CMP,1,NonLeaf,r9(ADD) r11(-1) ,rflags ,CMP,3,ADD,3,ADD,4,JNZ,2,CMP,3,ADD,4,ADD,4,CMP,3,JNZ,2,CMP,3,0,0,0,1,1,JLE,0,0,0,1,0,0,JNE,1,0,4281685,4281650,4281697,0,0,0,0,fortran,3.9322925190701775e-05,0.8888888888888888,1,1,1
0x415553,JNZ,174364407,154990584,-19,2,0x415550,CMP,1,NonLeaf,rdx(ADD) rax(-1) ,rflags ,CMP,3,ADD,3,ADD,4,CMOVNZ,3,LEA,3,ADD,4,ADD,3,CMP,3,JNZ,2,ADD,4,1,1,1,1,1,JNE,0,0,0,1,0,0,JNE,0,0,4281664,4281664,4281685,1,0,0,0,fortran,0.0003539063267163,0.8888888888888888,1,1,1
0x415535,JLE,19373823,0,32,2,0x415532,TEST,1,NonLeaf,rax(-1) rax(-1) ,rflags ,TEST,3,XOR,3,MOV,3,JLE,2,TEST,3,MOV,3,XOR,2,NOP,4,CMP,3,LEA,3,1,1,1,0,0,JNE,0,0,1,0,0,0,NOP,0,0,4281650,4281685,4281655,0,0,0,0,fortran,3.9322925190701775e-05,0.0,0,0,0
0x41552a,JLE,2152647,0,55,2,0x415527,TEST,1,NonLeaf,r11(-1) r11(-1) ,rflags ,TEST,3,LEA,4,ADD,3,SHL,4,ADD,3,MOV,3,XOR,3,TEST,3,JLE,2,MOV,3,1,1,1,0,0,JNE,0,0,1,0,0,0,XOR,0,0,4281639,4281697,4281644,0,0,0,0,fortran,4.369213910077975e-06,0.0,0,0,0
0x4154da,JLE,239183,0,4653,6,0x4154d7,TEST,1,NonLeaf,r10(-1) r10(-1) ,rflags ,TEST,3,JZ,6,CMP,3,JNZ,2,CMP,3,MOV,8,MOV,8,LEA,8,XOR,3,XOR,2,0,1,0,0,0,JMP,0,0,1,0,0,0,LEA,0,0,4281559,4286215,4281568,0,0,0,1,fortran,4.854682122308861e-07,0.0,0,0,0
0x4154d1,JZ,239183,173832,8111,6,0x4154ce,CMP,1,NonLeaf,r15d(-1) esi(-1) ,rflags ,CMP,3,JNZ,2,CMP,3,ADD,4,ADD,4,TEST,3,JLE,6,MOV,8,MOV,8,LEA,8,0,1,0,0,0,CALL,0,1,1,1,0,0,JLE,0,0,4281550,4289664,4281559,0,0,1,0,fortran,4.854682122308861e-07,0.72677406002935,1,0,1
0x4154cc,JNZ,2152647,1913464,-65,2,0x4154c9,CMP,1,NonLeaf,r14(ADD) r10(-1) ,rflags ,CMP,3,ADD,4,ADD,4,JNZ,2,CMP,3,CMP,3,JZ,6,TEST,3,JLE,6,MOV,8,0,0,0,1,1,JLE,0,0,0,1,0,0,JE,1,0,4281537,4281483,4281550,0,0,0,0,fortran,4.369213910077975e-06,0.8888888888888888,1,1,1
0x4154bf,JNZ,19373823,17221176,-41,2,0x4154bc,CMP,1,NonLeaf,r9(ADD) r11(-1) ,rflags ,CMP,3,ADD,3,ADD,4,JNZ,2,CMP,3,ADD,4,ADD,4,CMP,3,JNZ,2,CMP,3,0,0,0,1,1,JLE,0,0,0,1,0,0,JNE,1,0,4281525,4281494,4281537,0,0,0,0,fortran,3.9322925190701775e-05,0.8888888888888888,1,1,1
0x4154b3,JNZ,174364407,154990584,-19,2,0x4154b0,CMP,1,NonLeaf,rdx(ADD) rax(-1) ,rflags ,CMP,3,ADD,3,ADD,4,CMOVNZ,3,LEA,3,ADD,4,ADD,3,CMP,3,JNZ,2,ADD,4,1,1,1,1,1,JNE,0,0,0,1,0,0,JNE,0,0,4281504,4281504,4281525,1,0,0,0,fortran,0.0003539063267163,0.8888888888888888,1,1,1
0x415499,JLE,19373823,0,28,2,0x415496,TEST,1,NonLeaf,rax(-1) rax(-1) ,rflags ,TEST,3,XOR,3,MOV,3,JLE,2,TEST,3,MOV,3,XOR,2,CMP,3,LEA,3,CMOVNZ,3,1,1,1,0,0,JNE,0,0,1,0,0,0,XOR,0,0,4281494,4281525,4281499,0,0,0,0,fortran,3.9322925190701775e-05,0.0,0,0,0
0x41548e,JLE,2152647,0,51,2,0x41548b,TEST,1,NonLeaf,r11(-1) r11(-1) ,rflags ,TEST,3,LEA,4,ADD,3,SHL,4,ADD,3,MOV,3,XOR,3,TEST,3,JLE,2,MOV,3,1,1,1,0,0,JNE,0,0,1,0,0,0,XOR,0,0,4281483,4281537,4281488,0,0,0,0,fortran,4.369213910077975e-06,0.0,0,0,0
0x41543e,JLE,239183,0,10123,6,0x41543b,TEST,1,NonLeaf,r10(MOV) r10(MOV) ,rflags ,TEST,3,MOV,8,MOV,3,MOV,8,MOV,8,MOV,8,MOV,8,LEA,8,XOR,3,XOR,2,0,1,0,0,0,JMP,0,0,1,0,0,0,LEA,0,0,4281376,4291529,4281412,0,0,0,1,fortran,4.854682122308861e-07,0.0,0,0,0
0x41541a,JZ,239183,230809,4852,6,0x41540f,CMP,1,NonLeaf,r15d(-1) ecx(-1) ,rflags ,MOV,8,CMP,3,JNZ,2,CMP,3,ADD,3,MOV,8,MOV,8,MOV,3,MOV,8,TEST,3,0,1,0,0,0,MOV,0,0,1,1,0,0,JLE,0,0,4281359,4286222,4281376,0,0,1,0,fortran,4.854682122308861e-07,0.9649891505667209,1,0,1
0x41540d,JNZ,2152647,1913464,-78,2,0x41540a,CMP,1,NonLeaf,r12(ADD) r14(-1) ,rflags ,CMP,3,ADD,3,ADD,4,JNZ,2,CMP,5,CMP,3,MOV,8,JZ,6,MOV,8,MOV,8,0,0,0,1,1,JLE,0,0,0,1,0,0,JE,1,0,4281347,4281279,4281359,0,0,0,0,fortran,4.369213910077975e-06,0.8888888888888888,1,1,1
0x415401,JNZ,19373823,17221176,-53,2,0x4153fc,CMP,1,NonLeaf,rdi(ADD) rsp(-1) ,rflags ,CMP,5,ADD,3,ADD,4,JNZ,2,CMP,3,ADD,4,ADD,3,CMP,3,JNZ,2,CMP,3,0,0,0,1,1,JLE,0,0,0,1,0,0,JNE,1,0,4281333,4281292,4281347,0,0,0,0,fortran,3.9322925190701775e-05,0.8888888888888888,1,1,1
0x4153f3,JNZ,174364407,154990584,-19,2,0x4153f0,CMP,1,NonLeaf,rax(ADD) rbp(-1) ,rflags ,CMP,3,ADD,3,ADD,4,CMOVNZ,3,LEA,3,ADD,4,ADD,3,CMP,5,JNZ,2,ADD,4,1,1,1,1,1,JNE,0,0,0,1,0,0,JNE,0,0,4281312,4281312,4281333,1,0,0,0,fortran,0.0003539063267163,0.8888888888888888,1,1,1
0x4153cf,JLE,19373823,0,38,2,0x4153cc,TEST,1,NonLeaf,rbp(-1) rbp(-1) ,rflags ,TEST,3,XOR,2,MOV,3,JLE,2,CMP,6,MOV,3,XOR,2,NOP,10,CMP,3,LEA,3,1,1,1,0,0,JNE,0,0,1,0,0,0,NOP,0,0,4281292,4281333,4281297,0,0,0,0,fortran,3.9322925190701775e-05,0.0,0,0,0
0x4153c5,JLE,2152647,0,62,2,0x4153bf,CMP,1,NonLeaf,rsp(-1) ,rflags ,CMP,6,XOR,2,LEA,4,LEA,8,ADD,5,MOV,3,XOR,2,TEST,3,JLE,2,MOV,3,1,1,1,0,0,JNE,0,0,1,0,0,0,XOR,0,0,4281279,4281347,4281287,0,0,0,0,fortran,4.369213910077975e-06,0.0,0,0,0
0x41537f,JLE,239183,0,8512,6,0x41537c,TEST,1,NonLeaf,r14(-1) r14(-1) ,rflags ,TEST,3,JNZ,6,MOV,8,MOV,8,CMP,8,MOV,4,MOV,5,XOR,3,MOV,5,ADD,3,0,1,0,0,0,JMP,0,0,1,0,0,0,XOR,0,0,4281212,4289727,4281221,0,0,0,0,fortran,4.854682122308861e-07,0.0,0,0,0
0x415376,JNZ,2152647,1913464,-417,6,0x41535e,CMP,1,NonLeaf,rsp(-1) ,rflags ,MOV,8,MOV,8,CMP,8,ADD,8,MOV,5,TEST,3,JLE,6,MOV,4,MOV,5,XOR,3,0,0,0,1,1,MOV,0,0,1,1,0,0,JLE,1,0,4281148,4280789,4281212,0,0,1,0,fortran,4.369213910077975e-06,0.8888888888888888,1,1,1
0x41533a,JNZ,19373823,17221176,-121,2,0x415334,CMP,1,NonLeaf,rsp(-1) ,rflags ,CMP,6,SUB,8,ADD,5,ADD,5,ADD,8,ADD,8,MOV,5,ADD,8,MOV,5,ADD,8,0,0,0,1,1,JNE,0,0,1,1,0,0,JNE,1,0,4281103,4281025,4281148,0,0,0,1,fortran,3.9322925190701775e-05,0.8888888888888888,1,1,1
0x415309,JZ,13237474,539243,1091,6,0x415306,CMP,1,NonLeaf,eax(-1) ,rflags ,CMP,3,JNZ,2,CMP,3,ADD,3,ADD,4,ADD,6,MOV,5,ADD,8,ADD,5,ADD,5,0,1,0,0,0,JG,0,0,0,1,0,0,JNE,0,0,4281094,4282188,4281103,0,0,1,1,fortran,2.686801669530375e-05,0.0407360951190536,0,0,0
0x415304,JNZ,119137266,105899792,-20,2,0x415301,CMP,1,NonLeaf,rdx(ADD) r14(-1) ,rflags ,CMP,3,ADD,3,ADD,4,CMOVNZ,3,TEST,2,CMP,3,JZ,6,ADD,6,MOV,5,ADD,8,1,1,1,1,1,JNE,0,0,1,1,0,0,JE,0,0,4281072,4281072,4281094,1,0,0,0,fortran,0.0002418121502577,0.8888888888888888,1,1,1
0x4152db,JLE,13237474,0,52,2,0x4152d8,TEST,1,NonLeaf,r14(-1) r14(-1) ,rflags ,TEST,3,JNZ,6,TEST,3,MOV,4,MOV,5,MOV,5,XOR,2,XOR,2,NOP,10,MOV,2,0,0,1,0,0,JNE,0,0,1,0,0,0,NOP,0,0,4281048,4281103,4281053,0,0,1,0,fortran,2.686801669530375e-05,0.0,0,0,0
0x4152d2,JNZ,19373823,6136349,61,6,0x4152cf,TEST,1,NonLeaf,r8d(MOV) r8d(MOV) ,rflags ,TEST,3,MOV,4,MOV,5,MOV,5,MOV,8,TEST,3,JLE,2,MOV,5,XOR,2,XOR,2,1,1,1,0,0,JNE,0,0,1,0,0,0,JLE,0,0,4281025,4281103,4281048,0,0,1,0,fortran,3.9322925190701775e-05,0.3167340281781247,0,0,0
0x415180,JNZ,2152647,1913464,-407,6,0x415178,SUB,1,NonLeaf,rsp(-1) ,rflags ,SUB,8,ADD,8,MOV,5,ADD,8,MOV,5,MOV,4,MOV,11,MOV,11,LEA,8,MOV,5,0,0,0,1,1,JLE,0,0,1,1,0,0,MOV,1,0,4280657,4280297,4280710,0,0,0,1,fortran,4.369213910077975e-06,0.8888888888888888,1,1,1
0x415143,JNZ,17074736,14940394,-153,6,0x415139,CMP,1,NonLeaf,rsp(-1) ,rflags ,MOV,5,CMP,5,SUB,8,MOV,5,ADD,8,MOV,8,MOV,5,ADD,8,MOV,5,ADD,8,0,0,0,1,1,JNE,0,0,1,1,0,0,MOV,1,0,4280589,4280490,4280649,0,0,0,0,fortran,3.465648294500174e-05,0.875,1,1,1
0x415107,JZ,11705026,452441,3529,6,0x4150ff,CMP,1,NonLeaf,eax(-1) ,rflags ,MOV,5,CMP,3,ADD,3,MOV,5,MOV,5,ADD,5,MOV,5,ADD,8,MOV,5,ADD,8,0,1,0,0,0,LEA,0,0,0,1,0,0,JNE,0,0,4280558,4284112,4280589,0,0,1,1,fortran,2.37576167467422e-05,0.0386535664252262,0,0,0
0x4150ec,JNZ,105345234,93640208,-20,2,0x4150e9,CMP,1,NonLeaf,rdx(ADD) r14(-1) ,rflags ,CMP,3,ADD,3,ADD,4,CMOVNZ,3,TEST,2,LEA,4,MOV,5,MOV,5,ADD,3,CMP,3,1,1,1,1,1,JNE,0,0,1,1,0,0,JE,0,0,4280536,4280536,4280558,1,0,0,1,fortran,0.0002138185507206,0.8888888888888888,1,1,1
0x4150ce,JLE,11705026,0,1618,6,0x4150c8,TEST,1,NonLeaf,r14(-1) r14(-1) ,rflags ,MOV,3,TEST,3,XOR,2,XOR,2,JNZ,6,NOP,4,MOV,2,LEA,3,TEST,2,CMOVNZ,3,0,0,0,0,0,JMP,0,0,1,0,0,0,NOP,0,0,4280516,4282144,4280532,0,0,1,0,fortran,2.37576167467422e-05,0.0,0,0,0
0x4150be,JNZ,17074736,5369710,1634,6,0x4150bb,TEST,1,NonLeaf,r8d(MOV) r8d(MOV) ,rflags ,TEST,3,MOV,4,MOV,8,MOV,5,MOV,3,XOR,2,XOR,2,TEST,3,MOV,3,JLE,6,1,1,0,0,0,JMP,0,0,1,0,0,0,JLE,0,0,4280490,4282144,4280516,0,0,1,0,fortran,3.465648294500174e-05,0.3144827539354049,0,0,0
0x415025,JZ,2152647,18305,300,6,0x415022,CMP,1,NonLeaf,eax(-1) ,rflags ,CMP,3,JNZ,2,CMP,3,ADD,3,ADD,4,MOV,8,MOV,5,MOV,8,MOV,8,ADD,3,0,0,1,0,0,JNE,0,0,0,0,0,0,MOV,0,0,4280354,4280657,4280363,0,0,1,1,fortran,4.369213910077975e-06,0.0085034843148923,0,0,0
0x415020,JNZ,19373823,17221176,-22,2,0x41501d,CMP,1,NonLeaf,rdx(ADD) rdi(-1) ,rflags ,CMP,3,ADD,3,ADD,4,CMOVZ,3,TEST,3,CMP,3,JZ,6,MOV,8,MOV,5,MOV,8,1,1,1,1,1,JNE,0,0,1,1,0,0,JE,0,0,4280330,4280330,4280354,1,0,0,0,fortran,3.9322925190701775e-05,0.8888888888888888,1,1,1
0x414ff4,JLE,2152647,0,55,2,0x414ff1,TEST,1,NonLeaf,rdi(MOV) rdi(MOV) ,rflags ,TEST,3,MOV,8,MOV,8,MOV,5,MOV,8,MOV,8,ADD,8,XOR,2,XOR,2,MOV,3,1,1,0,0,0,MOV,0,0,1,0,0,0,XOR,0,0,4280297,4280363,4280310,0,0,1,0,fortran,4.369213910077975e-06,0.0,0,0,0
0x414f48,JNZ,2152647,1913464,-323,6,0x414f40,SUB,1,NonLeaf,rsp(-1) ,rflags ,SUB,8,ADD,5,MOV,5,ADD,5,ADD,5,MOV,5,MOV,8,MOV,8,MOV,11,MOV,11,0,0,0,1,1,JLE,0,0,1,1,0,0,MOV,1,0,4280103,4279813,4280142,0,0,0,1,fortran,4.369213910077975e-06,0.8888888888888888,1,1,1
0x414f0d,JNZ,17104784,14966686,-105,2,0x414f08,CMP,1,NonLeaf,rsp(-1) ,rflags ,CMP,5,MOV,3,ADD,5,ADD,5,JZ,6,MOV,8,MOV,8,MOV,8,MOV,5,ADD,5,0,0,0,1,1,JNE,0,0,1,1,0,0,MOV,1,0,4280059,4279972,4280079,0,0,0,0,fortran,3.4717471179287264e-05,0.875,1,1,1
0x414ef5,JZ,11755256,459613,3531,6,0x414ef2,CMP,1,NonLeaf,eax(-1) ,rflags ,CMP,3,ADD,3,LEA,4,MOV,5,JNZ,2,ADD,5,ADD,5,MOV,3,CMP,5,JNZ,2,0,1,0,0,0,LEA,0,0,0,1,0,0,JNE,0,0,4280038,4283584,4280059,0,0,1,1,fortran,2.385956825792969e-05,0.039098510487564,0,0,0
0x414ee4,JNZ,105797304,94042048,-20,2,0x414ee1,CMP,1,NonLeaf,rdx(ADD) r14(-1) ,rflags ,CMP,3,ADD,3,ADD,4,CMOVNZ,3,TEST,2,MOV,5,LEA,4,ADD,3,CMP,3,JZ,6,1,1,1,1,1,JNE,0,0,1,1,0,0,JE,0,0,4280016,4280016,4280038,1,0,0,0,fortran,0.0002147361143213,0.8888888888888888,1,1,1
0x414ec0,JLE,11755256,0,2171,6,0x414eba,TEST,1,NonLeaf,r14(-1) r14(-1) ,rflags ,MOV,3,TEST,3,XOR,2,XOR,2,JNZ,6,NOP,10,MOV,2,LEA,3,TEST,2,CMOVNZ,3,0,0,0,0,0,JMP,0,0,1,0,0,0,NOP,0,0,4279990,4282171,4280006,0,0,0,0,fortran,2.385956825792969e-05,0.0,0,0,0
0x414eb0,JNZ,17104784,5349528,2187,6,0x414ead,TEST,1,NonLeaf,r8d(MOV) r8d(MOV) ,rflags ,TEST,3,MOV,4,MOV,5,MOV,5,LEA,4,XOR,2,XOR,2,TEST,3,MOV,3,JLE,6,1,1,0,0,0,JMP,0,0,1,0,0,0,JLE,0,0,4279972,4282171,4279990,0,0,0,0,fortran,3.4717471179287264e-05,0.3127503977834505,0,0,0
0x414e3b,JZ,2152647,14549,236,6,0x414e38,CMP,1,NonLeaf,eax(-1) ,rflags ,CMP,3,JNZ,2,CMP,3,ADD,3,ADD,4,MOV,5,MOV,5,MOV,8,MOV,8,MOV,8,0,0,1,0,0,JNE,0,0,0,0,0,0,MOV,0,0,4279864,4280103,4279873,0,0,1,1,fortran,4.369213910077975e-06,0.0067586557387253,0,0,0
0x414e36,JNZ,19373823,17221176,-22,2,0x414e33,CMP,1,NonLeaf,rdx(ADD) rdi(-1) ,rflags ,CMP,3,ADD,3,ADD,4,CMOVZ,3,TEST,3,CMP,3,JZ,6,MOV,5,MOV,5,MOV,8,1,1,1,1,1,JNE,0,0,1,1,0,0,JE,0,0,4279840,4279840,4279864,1,0,0,0,fortran,3.9322925190701775e-05,0.8888888888888888,1,1,1
0x414e10,JLE,2152647,0,49,2,0x414e0d,TEST,1,NonLeaf,rdi(MOV) rdi(MOV) ,rflags ,TEST,3,MOV,8,LEA,8,MOV,4,MOV,5,MOV,5,MOV,5,XOR,2,XOR,2,MOV,3,1,1,0,0,0,MOV,0,0,1,0,0,0,XOR,0,0,4279813,4279873,4279826,0,0,1,0,fortran,4.369213910077975e-06,0.0,0,0,0
0x414cf8,JNLE,121944,121944,-763,6,0x414cf5,TEST,1,NonLeaf,r14(-1) r14(-1) ,rflags ,TEST,3,MOV,6,ADD,2,JNZ,2,CMP,5,XOR,2,JMP,5,NOP,3,MOV,8,MOV,8,0,0,0,0,0,MOV,0,0,0,0,0,0,JMP,0,0,4279541,4278781,4279550,0,0,1,0,fortran,2.4750896038716453e-07,1.0,1,0,1
0x414ceb,JNZ,1097496,975552,-43,2,0x414ce6,CMP,1,NonLeaf,r11(ADD) rsp(-1) ,rflags ,CMP,5,ADD,3,ADD,4,JNZ,2,CMP,3,ADD,2,MOV,6,TEST,3,JNLE,6,XOR,2,0,0,0,1,1,JLE,0,0,1,1,0,0,MOV,1,0,4279519,4279488,4279533,0,0,0,1,fortran,2.2275806434844807e-06,0.8888888888888888,1,1,1
0x414cdd,JNZ,9877464,8779968,-19,2,0x414cda,CMP,1,NonLeaf,rdx(ADD) r8(-1) ,rflags ,CMP,3,ADD,3,ADD,4,CMOVZ,3,LEA,3,ADD,4,ADD,3,CMP,5,JNZ,2,ADD,2,1,1,1,1,1,JNE,0,0,0,1,0,0,JNE,0,0,4279498,4279498,4279519,1,0,0,0,fortran,2.004822579136033e-05,0.8888888888888888,1,1,1
0x414cc3,JLE,1097496,0,28,2,0x414cc0,TEST,1,NonLeaf,r8(-1) r8(-1) ,rflags ,TEST,3,XOR,2,LEA,4,ADD,3,ADD,5,MOV,3,XOR,2,CMP,3,LEA,3,CMOVZ,3,1,1,1,0,0,JNE,0,0,1,0,0,0,XOR,0,0,4279488,4279519,4279493,0,0,0,0,fortran,2.2275806434844807e-06,0.0,0,0,0
0x414c89,JLE,121944,0,14765,6,0x414c83,CMP,1,NonLeaf,rsp(-1) ,rflags ,CMP,6,JNZ,2,CMP,4,ADD,5,ADD,5,MOV,8,MOV,8,LEA,8,XOR,3,LEA,8,0,1,0,0,0,JMP,0,0,1,0,0,0,XOR,0,0,4279427,4294198,4279439,0,0,1,0,fortran,2.4750896038716453e-07,0.0,0,0,0
0x414c81,JNZ,1097496,975552,-78,2,0x414c7d,CMP,1,NonLeaf,rsp(-1) r14(-1) ,rflags ,CMP,4,ADD,5,ADD,5,JNZ,2,CMP,5,CMP,6,JLE,6,MOV,8,MOV,8,LEA,8,0,0,0,1,1,JLE,0,0,0,1,0,0,JLE,1,0,4279411,4279347,4279427,0,0,0,0,fortran,2.2275806434844807e-06,0.8888888888888888,1,1,1
0x414c71,JNZ,9877464,8779968,-48,2,0x414c6c,CMP,1,NonLeaf,r9(ADD) rsp(-1) ,rflags ,CMP,5,ADD,3,ADD,4,JNZ,2,CMP,3,ADD,5,ADD,5,CMP,4,JNZ,2,CMP,6,0,0,0,1,1,JLE,0,0,0,1,0,0,JNE,1,0,4279397,4279361,4279411,0,0,0,1,fortran,2.004822579136033e-05,0.8888888888888888,1,1,1
0x414c63,JNZ,88897176,79019712,-19,2,0x414c60,CMP,1,NonLeaf,rax(ADD) rbp(-1) ,rflags ,CMP,3,ADD,3,ADD,4,CMOVNZ,3,LEA,3,ADD,4,ADD,3,CMP,5,JNZ,2,ADD,5,1,1,1,1,1,JNE,0,0,0,1,0,0,JNE,0,0,4279376,4279376,4279397,1,0,0,0,fortran,0.0001804340321222,0.8888888888888888,1,1,1
0x414c44,JLE,9877464,0,33,2,0x414c41,TEST,1,NonLeaf,rbp(-1) rbp(-1) ,rflags ,TEST,3,XOR,3,MOV,3,JLE,2,CMP,6,MOV,3,XOR,2,NOP,5,CMP,3,LEA,3,1,1,1,0,0,JNE,0,0,1,0,0,0,NOP,0,0,4279361,4279397,4279366,0,0,0,0,fortran,2.004822579136033e-05,0.0,0,0,0
0x414c39,JLE,1097496,0,58,2,0x414c33,CMP,1,NonLeaf,rsp(-1) ,rflags ,CMP,6,LEA,4,ADD,3,SHL,4,ADD,3,MOV,3,XOR,3,TEST,3,JLE,2,MOV,3,1,1,1,0,0,JNE,0,0,1,0,0,0,XOR,0,0,4279347,4279411,4279355,0,0,1,0,fortran,2.2275806434844807e-06,0.0,0,0,0
0x414be3,JLE,121944,0,15163,6,0x414be0,TEST,1,NonLeaf,r14(-1) r14(-1) ,rflags ,TEST,3,NOP,4,RET_NEAR,1,POP,2,POP,2,MOV,8,MOV,8,LEA,8,MOV,8,XOR,2,0,1,0,0,0,JMP,0,0,1,0,0,0,LEA,0,0,4279264,4294430,4279273,0,0,0,1,fortran,2.4750896038716453e-07,0.0,0,0,0
0x414bc4,JZ,121944,35,17979,6,0x414bbf,CMP,1,NonLeaf,eax(-1) ,rflags ,CMP,5,JLE,2,CMP,5,ADD,3,ADD,4,ADD,7,POP,1,POP,1,POP,2,POP,2,0,1,0,0,0,JMP,0,0,0,1,0,0,RET,0,0,4279231,4297215,4279242,0,0,1,0,fortran,2.4750896038716453e-07,0.0002870169914058,0,0,0
0x414bbd,JLE,1097496,975552,-37,2,0x414bb8,CMP,1,NonLeaf,rdx(ADD) rsp(-1) ,rflags ,CMP,5,ADD,3,ADD,4,JNZ,2,CMP,3,CMP,5,JZ,6,ADD,7,POP,1,POP,1,0,0,0,1,1,JLE,0,0,1,1,0,0,JE,1,0,4279217,4279192,4279231,0,0,0,0,fortran,2.2275806434844807e-06,0.8888888888888888,1,1,1
0x414baf,JNZ,9877464,8779968,-13,2,0x414bac,CMP,1,NonLeaf,rdi(ADD) r8(-1) ,rflags ,CMP,3,ADD,3,ADD,3,ADD,4,XOR,2,ADD,4,ADD,3,CMP,5,JLE,2,CMP,5,1,1,1,1,1,JNE,0,0,0,1,0,0,JLE,0,0,4279202,4279202,4279217,1,0,0,0,fortran,2.004822579136033e-05,0.8888888888888888,1,1,1
0x414b9b,JLE,1097496,0,22,2,0x414b98,TEST,1,NonLeaf,r8(-1) r8(-1) ,rflags ,TEST,3,XOR,2,LEA,4,MOV,5,SHL,4,MOV,3,XOR,2,ADD,4,ADD,3,ADD,3,1,1,1,0,0,JLE,0,0,1,0,0,0,XOR,0,0,4279192,4279217,4279197,0,0,0,0,fortran,2.2275806434844807e-06,0.0,0,0,0
0x414b77,JLE,8953,8918,-61,2,0x414b72,CMP,1,NonLeaf,r11(ADD) rsp(-1) ,rflags ,CMP,5,ADD,3,ADD,4,JLE,2,CMP,3,MOV,5,ADD,3,LEA,8,SHL,4,MOV,5,0,0,0,1,1,JLE,0,0,0,0,0,0,XOR,1,0,4279147,4279098,4279161,0,0,0,0,fortran,1.817184709658765e-08,0.9960906958561376,1,1,1
0x414b69,JLE,598069,589116,-20,2,0x414b66,CMP,1,NonLeaf,rax(-1) r8(-1) ,rflags ,CMP,3,JZ,6,TEST,2,ADD,3,ADD,4,ADD,4,ADD,3,CMP,5,JLE,2,MOV,5,1,1,0,0,0,JE,0,0,0,0,0,0,JLE,1,0,4279142,4279125,4279147,1,0,0,0,fortran,1.213896841417299e-06,0.985030155383409,1,1,1
0x414b60,JZ,589116,454643,-3940,6,0x414b5e,TEST,1,NonLeaf,esi(MOV) esi(MOV) ,rflags ,TEST,2,ADD,3,ADD,4,MOV,2,JMP,2,CMP,3,JLE,2,ADD,4,ADD,3,CMP,5,0,0,0,1,1,JLE,1,0,0,0,1,1,JLE,0,0,4279125,4275196,4279142,0,0,0,0,fortran,1.195724994320711e-06,0.7717376543838564,1,0,1
0x414b45,JZ,465897,2301,-3913,6,0x414b43,TEST,1,NonLeaf,eax(MOV) eax(MOV) ,rflags ,TEST,2,MOV,4,JLE,2,TEST,3,LEA,8,MOV,3,MOV,5,JMP,2,MOV,2,ADD,4,0,0,0,1,1,JLE,1,0,1,0,0,0,JMP,0,0,4279103,4275196,4279115,0,0,0,0,fortran,9.456281745514236e-07,0.0049388598767538,0,0,0
0x414b3d,JLE,465897,0,46,2,0x414b3a,TEST,1,NonLeaf,r8(-1) r8(-1) ,rflags ,TEST,3,LEA,8,NEG,3,MOV,3,LEA,4,MOV,4,TEST,2,JZ,6,MOV,3,MOV,5,1,1,0,0,0,JLE,0,0,1,0,0,0,JE,0,0,4279098,4279147,4279103,0,0,0,0,fortran,9.456281745514236e-07,0.0,0,0,0
0x414ae5,JLE,456979,0,229,6,0x414adf,CMP,1,NonLeaf,rsp(-1) ,rflags ,CMP,6,MOV,11,JNZ,6,TEST,2,JZ,2,MOV,8,MOV,5,LEA,8,MOV,8,MOV,6,0,0,1,0,0,RET,1,0,1,0,0,0,LEA,0,0,4279007,4279242,4279019,1,0,0,1,fortran,9.275273667319924e-07,0.0,0,0,0
0x414ace,JNZ,361092,121909,16877,6,0x414acc,TEST,1,NonLeaf,eax(-1) eax(-1) ,rflags ,TEST,2,JZ,2,CMP,8,JNZ,2,MOV,7,MOV,11,CMP,6,JLE,6,MOV,8,MOV,5,0,1,0,0,0,JLE,1,0,1,0,0,0,MOV,0,0,4278988,4295867,4278996,0,0,0,1,fortran,7.329061333408944e-07,0.3376120213131279,0,0,0
0x414aca,JZ,382693,21601,21,2,0x414ac2,CMP,1,NonLeaf,rsp(-1) ,rflags ,CMP,8,JNZ,2,MOV,7,TEST,2,CMOVZ,8,TEST,2,JNZ,6,MOV,11,CMP,6,JLE,6,0,0,0,0,0,JLE,0,0,1,0,0,0,JNE,0,0,4278978,4279007,4278988,0,0,0,0,fortran,7.767495455081443e-07,0.0564447220095481,0,0,0
0x414ac0,JNZ,578888,196195,31,2,0x414ab7,TEST,1,NonLeaf,edx(MOV) edx(MOV) ,rflags ,MOV,7,TEST,2,CMOVZ,8,MOV,4,MOV,5,CMP,8,JZ,2,TEST,2,JNZ,6,MOV,11,0,1,0,0,0,JLE,0,0,1,0,0,0,JE,0,0,4278947,4279007,4278978,0,0,0,0,fortran,1.1749652878420005e-06,0.3389170271278727,0,0,0
0x414aa1,JNZ,5209992,4631104,-87,2,0x414a9e,CMP,1,NonLeaf,rbx(ADD) r14(-1) ,rflags ,CMP,3,ADD,4,MOV,5,ADD,4,JNZ,2,CMP,3,MOV,5,MOV,4,CMOVZ,8,TEST,2,0,0,0,1,1,JLE,0,0,0,1,0,0,JNE,1,0,4278929,4278858,4278947,0,0,0,1,fortran,1.0574687590578003e-05,0.8888888888888888,1,1,1
0x414a8f,JNZ,46889928,41679936,-47,2,0x414a8c,CMP,1,NonLeaf,r9(ADD) r12(-1) ,rflags ,CMP,3,ADD,3,ADD,4,JNZ,2,CMP,3,ADD,4,MOV,5,ADD,4,CMP,3,JNZ,2,0,0,0,1,1,JLE,0,0,0,1,0,0,JNE,1,0,4278917,4278880,4278929,0,0,0,1,fortran,9.517218831520204e-05,0.8888888888888888,1,1,1
0x414a83,JNZ,422009352,375119424,-19,2,0x414a80,CMP,1,NonLeaf,rax(ADD) rbp(-1) ,rflags ,CMP,3,ADD,3,ADD,4,CMOVNZ,3,LEA,3,ADD,4,ADD,3,CMP,3,JNZ,2,ADD,4,1,1,1,1,1,JNE,0,0,0,1,0,0,JNE,0,0,4278896,4278896,4278917,1,0,0,0,fortran,0.0008565496948368,0.8888888888888888,1,1,1
0x414a63,JLE,46889928,0,34,2,0x414a60,TEST,1,NonLeaf,rbp(-1) rbp(-1) ,rflags ,TEST,3,NOP,10,XOR,3,MOV,4,JLE,2,MOV,3,XOR,2,NOP,6,CMP,3,LEA,3,1,1,1,0,0,JNE,0,0,1,0,0,0,NOP,0,0,4278880,4278917,4278885,0,0,0,0,fortran,9.517218831520204e-05,0.0,0,0,0
0x414a4d,JLE,5209992,0,68,2,0x414a4a,TEST,1,NonLeaf,r12(MOV) r12(MOV) ,rflags ,TEST,3,MOV,4,XOR,2,LEA,4,MOV,5,MOV,4,XOR,3,NOP,10,TEST,3,JLE,2,1,1,1,0,0,JNE,0,0,1,0,0,0,NOP,0,0,4278858,4278929,4278863,0,0,1,0,fortran,1.0574687590578003e-05,0.0,0,0,0
0x4149f7,JLE,456944,0,775,6,0x4149f4,TEST,1,NonLeaf,r14(-1) r14(-1) ,rflags ,TEST,3,JZ,6,MOV,5,MOV,8,MOV,8,MOV,8,MOV,8,LEA,8,XOR,2,LEA,8,0,0,0,0,0,JMP,0,0,0,0,0,0,MOV,0,0,4278772,4279550,4278781,0,0,0,1,fortran,9.27456327454836e-07,0.0,0,0,0
0x4149ee,JZ,578888,121944,498,6,0x4149c9,CMP,1,NonLeaf,rsp(-1) ,rflags ,MOV,5,MOV,8,MOV,8,MOV,8,CMP,8,TEST,3,JLE,6,MOV,8,MOV,8,LEA,8,0,1,0,0,0,JLE,0,0,1,0,0,0,JLE,0,0,4278729,4279264,4278772,0,0,0,0,fortran,1.1749652878420005e-06,0.2106521468746977,0,0,0
0x4149ab,JNZ,1765440,1569280,-44,2,0x4149a6,CMP,1,NonLeaf,r10(ADD) rsp(-1) ,rflags ,CMP,5,ADD,3,ADD,4,JNZ,2,CMP,3,MOV,7,MOV,6,SUB,2,MOV,2,CMP,2,0,0,0,1,1,JLE,0,0,1,1,0,0,MOV,1,0,4278687,4278655,4278701,0,0,0,1,fortran,3.5833023275102977e-06,0.8888888888888888,1,1,1
0x41499d,JNZ,15888960,14123520,-20,2,0x41499a,CMP,1,NonLeaf,rdx(ADD) r8(-1) ,rflags ,CMP,3,ADD,3,ADD,4,CMOVZ,3,TEST,2,ADD,4,ADD,3,CMP,5,JNZ,2,MOV,7,1,1,1,1,1,JNE,0,0,0,1,0,0,JNE,0,0,4278665,4278665,4278687,1,0,0,0,fortran,3.2249720947592684e-05,0.8888888888888888,1,1,1
0x414982,JLE,1765440,0,29,2,0x41497f,TEST,1,NonLeaf,r8(-1) r8(-1) ,rflags ,TEST,3,XOR,2,XOR,3,MOV,3,JZ,2,MOV,3,XOR,2,MOV,2,LEA,3,TEST,2,1,1,1,0,0,JNE,0,0,1,0,0,0,XOR,0,0,4278655,4278687,4278660,0,0,0,0,fortran,3.5833023275102977e-06,0.0,0,0,0
0x414975,JZ,196195,35,84,2,0x414973,TEST,1,NonLeaf,eax(-1) eax(-1) ,rflags ,TEST,2,JZ,2,MOV,4,TEST,2,MOV,2,MOV,3,XOR,3,XOR,2,TEST,3,JLE,2,0,0,1,0,0,JE,0,0,1,0,0,0,XOR,0,0,4278643,4278729,4278647,0,0,1,0,fortran,3.982157423338561e-07,0.0001783939447998,0,0,0
0x414971,JZ,578888,382693,88,2,0x41496b,TEST,1,NonLeaf,ecx(MOV) ecx(MOV) ,rflags ,MOV,4,TEST,2,MOV,2,MOV,5,MOV,8,TEST,2,JZ,2,MOV,3,XOR,3,XOR,2,0,0,1,0,0,JE,0,0,1,0,0,0,JE,0,0,4278620,4278729,4278643,0,0,1,0,fortran,1.1749652878420005e-06,0.6610829728721273,1,0,1
0x41495a,JNZ,5209992,4631104,-50,2,0x414955,CMP,1,NonLeaf,r9(ADD) rsp(-1) ,rflags ,CMP,5,ADD,3,ADD,4,JNZ,2,CMP,3,MOV,8,MOV,5,MOV,2,TEST,2,MOV,4,0,0,0,1,1,JLE,0,0,1,1,0,0,JE,1,0,4278606,4278568,4278620,0,0,0,1,fortran,1.0574687590578003e-05,0.8888888888888888,1,1,1
0x41494c,JNZ,46889928,41679936,-20,2,0x414949,CMP,1,NonLeaf,rdx(ADD) r8(-1) ,rflags ,CMP,3,ADD,3,ADD,4,CMOVZ,3,TEST,2,ADD,4,ADD,3,CMP,5,JNZ,2,MOV,8,1,1,1,1,1,JNE,0,0,0,1,0,0,JNE,0,0,4278584,4278584,4278606,1,0,0,0,fortran,9.517218831520204e-05,0.8888888888888888,1,1,1
0x41492b,JLE,5209992,0,35,2,0x414928,TEST,1,NonLeaf,r8(-1) r8(-1) ,rflags ,TEST,3,MOV,3,XOR,2,LEA,4,ADD,3,MOV,3,XOR,2,NOP,6,MOV,2,LEA,3,1,1,1,0,0,JNE,0,0,1,0,0,0,NOP,0,0,4278568,4278606,4278573,0,0,0,0,fortran,1.0574687590578003e-05,0.0,0,0,0
0x4148ee,JLE,578888,0,15886,6,0x4148e6,TEST,1,NonLeaf,rax(MOV) rax(MOV) ,rflags ,MOV,5,TEST,3,MOV,8,MOV,8,JMP,5,MOV,8,MOV,8,LEA,8,XOR,3,LEA,8,0,1,0,0,0,JMP,0,0,1,0,0,0,MOV,0,0,4278486,4294396,4278516,0,0,1,0,fortran,1.1749652878420005e-06,0.0,0,0,0
0x414878,JZ,1736664,578888,94,2,0x41486f,CMP,1,NonLeaf,rbx(ADD) ,rflags ,MOV,5,CMP,4,MOV,5,MOV,8,ADD,4,MOV,8,MOV,4,MOV,8,MOV,5,MOV,8,0,1,1,0,0,JLE,1,0,1,0,0,0,JMP,0,0,4278366,4278486,4278394,0,0,1,1,fortran,3.5248958635260014e-06,0.3333333333333333,0,0,0
0x414858,JNZ,172527,124660,-365,6,0x414817,CMP,1,NonLeaf,rsp(-1) ,rflags ,MOV,5,MOV,8,MOV,5,MOV,5,MOV,8,ADD,4,MOV,8,MOV,5,CMP,4,MOV,5,0,0,0,0,0,JMP,0,0,0,1,0,0,JE,1,0,4278281,4277995,4278366,0,0,1,0,fortran,3.501769534271169e-07,0.7225535713250679,1,0,1
0x4147d3,JNZ,589206,416679,-27,2,0x4147d0,CMP,1,NonLeaf,r8(-1) eax(-1) ,rflags ,CMP,3,JNZ,2,CMP,5,JZ,2,CMP,3,MOV,4,MOV,8,MOV,8,MOV,8,MOV,7,0,0,0,0,0,JE,0,0,1,0,0,0,CALL,1,1,4278224,4278200,4278229,1,0,0,1,fortran,1.1959076667476848e-06,0.7071872995183348,1,1,1
0x4147ce,JNZ,854489,265283,-22,2,0x4147c9,CMP,1,NonLeaf,r10(-1) rsi(-1) ,rflags ,CMP,5,JZ,2,CMP,3,ADD,3,ADD,3,CMP,3,JNZ,2,MOV,4,MOV,8,MOV,8,1,1,0,0,0,JE,0,0,1,0,0,0,JNE,0,0,4278217,4278200,4278224,1,0,0,0,fortran,1.7343508828008582e-06,0.3104580632401353,0,1,0
0x4147c7,JZ,681962,168595,-89,2,0x4147c4,CMP,1,NonLeaf,ecx(ADD) r12d(-1) ,rflags ,CMP,3,ADD,3,ADD,3,ADD,3,MOV,3,CMP,5,JNZ,2,CMP,3,JNZ,2,MOV,4,0,0,0,0,0,JE,1,0,0,0,1,1,JNE,0,0,4278200,4278126,4278217,0,0,0,0,fortran,1.3841739293737412e-06,0.2472205196183951,0,0,0
0x414792,JL,168595,0,-39,2,0x41478a,CMP,1,NonLeaf,rsp(-1) ebp(-1) ,rflags ,MOV,4,CMP,4,JZ,6,CMP,5,ADD,5,MOV,5,MOV,5,MOV,3,ADD,3,LEA,4,0,0,0,0,0,MOV,0,0,0,0,0,0,JMP,0,0,4278154,4278123,4278164,0,0,0,0,fortran,3.4219619806201214e-07,0.0,0,1,0
0x414784,JZ,168595,0,305,6,0x41477f,CMP,1,NonLeaf,r13d(ADD) rsp(-1) ,rflags ,CMP,5,ADD,5,ADD,4,ADD,5,MOV,3,CMP,4,MOV,4,JL,2,MOV,5,MOV,5,0,1,0,0,0,MOV,0,0,1,0,0,0,JL,0,0,4278126,4278453,4278154,0,0,1,1,fortran,3.4219619806201214e-07,0.0,0,0,0
0x414769,JNL,172527,172527,43,2,0x41473e,CMP,1,NonLeaf,rsp(-1) ebp(MOV) ,rflags ,MOV,3,MOV,4,MOV,8,MOV,8,MOV,8,MOV,3,MOV,3,ADD,5,ADD,4,ADD,5,0,1,0,0,0,JMP,0,0,1,0,0,0,MOV,0,0,4278061,4278164,4278123,0,0,0,0,fortran,3.501769534271169e-07,1.0,1,0,1
0x414727,JL,172527,0,422,6,0x414720,CMP,1,NonLeaf,rsp(-1) ecx(MOV) ,rflags ,CMP,7,MOV,7,JMP,5,MOV,5,MOV,8,MOV,8,MOV,7,MOV,2,CMP,4,MOV,8,0,1,0,0,0,JMP,0,0,1,0,0,0,JGE,0,0,4278041,4278477,4278061,0,1,1,1,fortran,3.501769534271169e-07,0.0,0,0,0
0x4146e5,JZ,5037465,1688797,377,6,0x4146cd,CMP,1,NonLeaf,rsp(-1) ,rflags ,MOV,7,MOV,4,MOV,7,CMP,6,ADD,6,MOV,8,MOV,8,MOV,8,MOV,4,MOV,8,0,0,1,0,0,JE,1,0,0,0,0,0,JMP,0,0,4277952,4278366,4277995,0,0,0,1,fortran,1.0224510637150888e-05,0.3352473912970115,0,0,0
0x4146be,JNZ,45958268,40920803,-100,2,0x4146bb,CMP,1,NonLeaf,eax(ADD) ,rflags ,CMP,3,ADD,5,ADD,5,MOV,4,ADD,3,MOV,7,ADD,6,CMP,6,MOV,7,MOV,4,0,0,0,1,1,JL,0,0,1,0,0,0,JE,1,0,4277930,4277850,4277952,0,0,0,1,fortran,9.328120394504602e-05,0.8903904516158007,1,1,1
0x4146a8,JZ,46130795,172527,113,2,0x4146a4,CMP,1,NonLeaf,r8d(-1) ,rflags ,CMP,4,JNZ,2,CMP,4,ADD,3,ADD,4,ADD,3,MOV,4,ADD,5,ADD,5,CMP,3,0,1,0,0,0,JL,0,0,0,0,0,0,JNE,0,0,4277924,4278041,4277930,0,0,0,1,fortran,9.363138089847312e-05,0.0037399528883037,0,0,0
0x4146a2,JNZ,138392385,92261590,-50,2,0x41469e,CMP,1,NonLeaf,r13(ADD) ,rflags ,CMP,4,ADD,3,ADD,4,JNZ,2,CMP,4,CMP,4,JZ,2,ADD,3,MOV,4,ADD,5,0,0,0,1,1,JL,0,0,1,1,0,0,JE,1,0,4277911,4277872,4277924,0,0,0,0,fortran,0.0002808941426954,0.6666666666666666,1,1,1
0x414695,JNZ,415177155,276784770,-21,2,0x414691,CMP,1,NonLeaf,rcx(ADD) ,rflags ,CMP,4,ADD,3,ADD,4,CMOVZ,4,LEA,4,ADD,4,ADD,3,CMP,4,JNZ,2,CMP,4,1,1,1,1,1,JNE,0,0,0,1,0,0,JNE,0,0,4277888,4277888,4277911,1,0,0,0,fortran,0.0008426824280862,0.6666666666666666,1,1,1
0x414673,JL,138392385,0,36,2,0x414670,CMP,1,NonLeaf,rbp(-1) rbx(-1) ,rflags ,CMP,3,NOP,1,JL,2,MOV,3,CMP,5,MOV,3,XOR,2,NOP,6,CMP,2,LEA,4,1,1,1,0,0,JNE,0,0,1,0,0,0,NOP,0,0,4277872,4277911,4277877,0,0,0,0,fortran,0.0002808941426954,0.0,0,0,0
0x41466d,JL,46130795,0,61,2,0x414665,CMP,1,NonLeaf,rsp(-1) rcx(MOV) ,rflags ,MOV,3,CMP,5,MOV,5,XOR,3,XOR,3,NOP,1,CMP,3,JL,2,MOV,3,XOR,2,1,1,0,0,0,JNE,0,0,1,0,0,0,NOP,0,0,4277850,4277930,4277871,0,0,1,0,fortran,9.363138089847312e-05,0.0,0,0,0
0x414508,JZ,24885,24885,16774,6,0x414504,CMP,1,NonLeaf,r14(-1) rdx(ADD) edi(-1) ,rflags ,CMP,4,ADD,3,ADD,3,ADD,3,LEA,4,MOV,11,JMP,5,MOV,5,MOV,5,MOV,5,0,1,0,0,0,JMP,0,0,0,0,0,0,JMP,0,0,4277495,4294286,4277518,0,0,0,1,fortran,5.0508926058146286e-08,1.0,1,0,1
0x4144f5,JNZ,24885,0,25,2,0x4144f3,TEST,1,NonLeaf,edx(MOV) edx(MOV) ,rflags ,TEST,2,MOV,3,ADD,3,MOV,5,JZ,6,LEA,4,ADD,3,ADD,3,ADD,3,CMP,4,0,1,0,0,0,JMP,0,0,1,0,0,0,JE,0,0,4277480,4277518,4277495,0,0,1,0,fortran,5.0508926058146286e-08,0.0,0,0,0
0x4144e2,JZ,28293,19210,-506,6,0x4144de,CMP,1,NonLeaf,r14(-1) rdx(ADD) edi(-1) ,rflags ,CMP,4,ADD,3,ADD,3,LEA,4,JNZ,2,MOV,5,ADD,3,MOV,3,TEST,2,JNZ,2,0,1,0,0,0,MOV,0,0,0,0,0,0,JNE,0,0,4277460,4276968,4277480,0,0,0,0,fortran,5.742612195953918e-08,0.6789665288233839,1,0,1
0x4144d2,JNZ,44095,15802,22,2,0x4144d0,TEST,1,NonLeaf,ecx(MOV) ecx(MOV) ,rflags ,TEST,2,MOV,3,ADD,3,MOV,5,JZ,6,LEA,4,ADD,3,ADD,3,CMP,4,JZ,6,0,1,0,0,0,JNE,0,0,1,0,0,0,JE,0,0,4277445,4277480,4277460,0,0,0,0,fortran,8.94993407488029e-08,0.3583626261480893,0,0,0
0x4144bf,JZ,39582,17841,16947,6,0x4144bb,CMP,1,NonLeaf,r14(-1) rdx(ADD) edi(-1) ,rflags ,CMP,4,ADD,3,ADD,3,SUB,3,LEA,4,MOV,5,ADD,3,MOV,3,TEST,2,JNZ,2,0,1,0,0,0,JMP,0,0,0,0,0,0,JNE,0,0,4277422,4294386,4277445,0,0,0,0,fortran,8.03393333829032e-08,0.4507351826587843,0,0,0
0x4144ac,JNZ,61936,22354,25,2,0x4144aa,TEST,1,NonLeaf,esi(MOV) esi(MOV) ,rflags ,TEST,2,MOV,3,ADD,3,MOV,5,JZ,6,LEA,4,SUB,3,ADD,3,ADD,3,CMP,4,0,1,0,0,0,JNE,0,0,1,0,0,0,JE,0,0,4277407,4277445,4277422,0,0,0,0,fortran,1.2571110485583072e-07,0.3609209506587445,0,0,0
0x414499,JZ,65702,18812,16975,6,0x414495,CMP,1,NonLeaf,r14(-1) rdx(ADD) edi(-1) ,rflags ,CMP,4,ADD,3,ADD,3,LEA,4,LEA,4,MOV,5,ADD,3,MOV,3,TEST,2,JNZ,2,0,1,0,0,0,JMP,0,0,0,0,0,0,JNE,0,0,4277383,4294376,4277407,0,0,0,0,fortran,1.333549310778512e-07,0.2863230951873611,0,0,0
0x414485,JNZ,80748,15046,26,2,0x414482,TEST,1,NonLeaf,r8d(MOV) r8d(MOV) ,rflags ,TEST,3,MOV,4,ADD,3,MOV,5,JZ,6,LEA,4,LEA,4,ADD,3,ADD,3,CMP,4,0,1,0,0,0,JNE,0,0,1,0,0,0,JE,0,0,4277366,4277407,4277383,0,0,0,0,fortran,1.638937014805383e-07,0.1863327884281963,0,0,0
0x414470,JZ,82044,26600,17006,6,0x41446c,CMP,1,NonLeaf,r14(-1) rdx(ADD) edi(-1) ,rflags ,CMP,4,ADD,3,ADD,3,ADD,3,LEA,4,MOV,5,ADD,3,MOV,4,TEST,3,JNZ,2,0,1,0,0,0,JMP,0,0,0,0,0,0,JNE,0,0,4277343,4294366,4277366,0,0,0,0,fortran,1.6652418442895535e-07,0.3242162741943347,0,0,0
0x41445d,JNZ,107348,25304,25,2,0x41445b,TEST,1,NonLeaf,edx(MOV) edx(MOV) ,rflags ,TEST,2,MOV,3,ADD,3,MOV,5,JZ,6,LEA,4,ADD,3,ADD,3,ADD,3,CMP,4,0,1,0,0,0,JNE,0,0,1,0,0,0,JE,0,0,4277328,4277366,4277343,0,0,0,0,fortran,2.1788355211934446e-07,0.2357193426985132,0,0,0
0x41444a,JZ,90480,31931,17034,6,0x414446,CMP,1,NonLeaf,r14(-1) rdx(ADD) edi(-1) ,rflags ,CMP,4,ADD,3,ADD,3,LEA,4,JNZ,2,MOV,5,ADD,3,MOV,3,TEST,2,JNZ,2,0,1,0,0,0,JMP,0,0,0,0,0,0,JNE,0,0,4277308,4294356,4277328,0,0,0,0,fortran,1.836466799172624e-07,0.3529067197170645,0,0,0
0x41443a,JNZ,139279,48799,22,2,0x414438,TEST,1,NonLeaf,ecx(MOV) ecx(MOV) ,rflags ,TEST,2,MOV,3,ADD,3,MOV,5,JZ,6,LEA,4,ADD,3,ADD,3,CMP,4,JZ,6,0,1,0,0,0,JNE,0,0,1,0,0,0,JE,0,0,4277293,4277328,4277308,0,0,0,0,fortran,2.826936995158752e-07,0.3503686844391473,0,0,0
0x414427,JZ,112888,28004,17019,6,0x414423,CMP,1,NonLeaf,r14(-1) rdx(ADD) edi(-1) ,rflags ,CMP,4,ADD,3,ADD,3,ADD,3,LEA,4,MOV,5,ADD,3,MOV,3,TEST,2,JNZ,2,0,1,0,0,0,JMP,0,0,0,0,0,0,JNE,0,0,4277270,4294306,4277293,0,0,0,0,fortran,2.29128054846374e-07,0.2480688824321451,0,0,0
0x414414,JNZ,167283,54395,25,2,0x414412,TEST,1,NonLeaf,esi(MOV) esi(MOV) ,rflags ,TEST,2,MOV,3,ADD,3,MOV,5,JZ,6,LEA,4,ADD,3,ADD,3,ADD,3,CMP,4,0,1,0,0,0,JNE,0,0,1,0,0,0,JE,0,0,4277255,4277293,4277270,0,0,0,0,fortran,3.395332400154665e-07,0.3251675304723134,0,0,0
0x414401,JZ,123385,27171,17047,6,0x4143fd,CMP,1,NonLeaf,r14(-1) rdx(ADD) edi(-1) ,rflags ,CMP,4,ADD,3,ADD,3,LEA,4,JNZ,2,MOV,5,ADD,3,MOV,3,TEST,2,JNZ,2,0,1,0,0,0,JMP,0,0,0,0,0,0,JNE,0,0,4277235,4294296,4277255,0,0,0,0,fortran,2.5043374891237205e-07,0.2202131539490213,0,0,0
0x4143f1,JNZ,194454,71069,22,2,0x4143ee,TEST,1,NonLeaf,r8d(MOV) r8d(MOV) ,rflags ,TEST,3,MOV,4,LEA,4,MOV,5,JZ,6,LEA,4,ADD,3,ADD,3,CMP,4,JZ,6,0,1,0,0,0,JNE,0,0,1,0,0,0,JE,0,0,4277217,4277255,4277235,0,0,0,0,fortran,3.946820457187373e-07,0.3654797535663961,0,0,0
0x4143db,JZ,129116,18732,17209,6,0x4143d7,CMP,1,NonLeaf,r14(-1) rcx(ADD) edi(-1) ,rflags ,CMP,4,ADD,3,ADD,3,LEA,4,JNZ,2,MOV,5,LEA,4,MOV,4,TEST,3,JNZ,2,0,1,0,0,0,JMP,0,0,0,0,0,0,JNE,0,0,4277197,4294420,4277217,0,0,0,0,fortran,2.620659231233118e-07,0.1450788438303541,0,0,0
0x4143cb,JNZ,213186,84070,22,2,0x4143c9,TEST,1,NonLeaf,ecx(MOV) ecx(MOV) ,rflags ,TEST,2,MOV,3,LEA,4,ADD,5,IMUL,9,LEA,4,ADD,3,ADD,3,CMP,4,JZ,6,0,1,0,0,0,JNE,0,0,1,0,0,0,JE,0,0,4277153,4277217,4277197,0,0,0,0,fortran,4.327022668528018e-07,0.3943504732956198,0,0,0
0x41437f,JZ,5209992,578888,415,6,0x414375,CMP,1,NonLeaf,ebx(MOV) ,rflags ,MOV,7,CMP,3,LEA,3,MOV,5,MOV,8,MOV,8,MOV,2,MOV,5,MOVSXD,3,MOV,5,0,1,1,0,0,MOV,1,0,1,0,0,0,JMP,0,0,4277106,4277534,4277125,0,0,1,0,fortran,1.0574687590578003e-05,0.1111111111111111,0,0,0
0x4142d8,JZ,45838634,4996806,154,6,0x4142d5,CMP,1,NonLeaf,edi(-1) ,rflags ,CMP,3,JZ,6,CMP,3,JNZ,2,CMP,3,ADD,3,MOV,5,JMP,2,MOV,5,MOV,5,0,0,1,0,0,JE,0,0,1,0,0,0,JMP,0,0,4276949,4277106,4276958,0,1,1,0,fortran,9.303838357695117e-05,0.109008614872773,0,0,0
0x4142cf,JZ,46051820,213186,210,6,0x4142cc,CMP,1,NonLeaf,eax(-1) ,rflags ,CMP,3,JNZ,2,CMP,3,ADD,3,ADD,4,CMP,3,JZ,6,ADD,3,MOV,5,JMP,2,0,1,0,0,0,JNE,0,0,0,0,0,0,JE,0,0,4276940,4277153,4276949,0,0,1,0,fortran,9.347108584380398e-05,0.0046292632951314,0,0,0
0x4142ca,JNZ,414466380,368414560,-18,2,0x4142c7,CMP,1,NonLeaf,rdx(ADD) r11(-1) ,rflags ,CMP,3,ADD,3,ADD,4,CMOVZ,3,LEA,3,CMP,3,JZ,6,CMP,3,JZ,6,ADD,3,1,1,1,1,1,JNE,0,0,1,1,0,0,JE,0,0,4276920,4276920,4276940,1,0,0,0,fortran,0.0008412397725942,0.8888888888888888,1,1,1
0x41429f,JLE,46051820,0,54,2,0x41429c,TEST,1,NonLeaf,r11(-1) r11(-1) ,rflags ,TEST,3,ADD,3,LEA,4,IMUL,4,IMUL,5,ADD,3,LEA,8,XOR,2,LEA,4,XOR,2,1,1,0,0,0,JE,0,0,1,0,0,0,NOP,0,0,4276873,4276949,4276897,0,0,0,0,fortran,9.347108584380398e-05,0.0,0,0,0
0x414223,JZ,41343,41343,-588,6,0x41421f,CMP,1,NonLeaf,r14(-1) rdx(ADD) edi(-1) ,rflags ,CMP,4,ADD,5,ADD,3,ADD,3,LEA,4,MOV,11,JMP,5,MOV,5,MOV,5,MOV,5,0,1,0,0,0,MOV,0,0,0,0,0,0,JMP,0,0,4276752,4276183,4276777,0,0,0,1,fortran,8.39136238706828e-08,1.0,1,0,1
0x41420e,JNZ,41343,0,27,2,0x41420c,TEST,1,NonLeaf,esi(MOV) esi(MOV) ,rflags ,TEST,2,MOV,3,ADD,3,MOV,5,LEA,4,LEA,4,ADD,3,ADD,3,ADD,5,CMP,4,0,1,0,0,0,JMP,0,0,1,0,0,0,JE,0,0,4276733,4276777,4276752,0,0,1,0,fortran,8.39136238706828e-08,0.0,0,0,0
0x4141f7,JZ,34336,24449,17619,6,0x4141f3,CMP,1,NonLeaf,r14(-1) r8(ADD) edi(-1) ,rflags ,CMP,4,ADD,5,ADD,3,LEA,5,JNZ,2,LEA,4,MOV,5,ADD,3,MOV,3,TEST,2,0,1,0,0,0,JMP,0,0,0,0,0,0,JNE,0,0,4276710,4294346,4276733,0,0,0,0,fortran,6.969156058398676e-08,0.7120514911463187,1,0,1
0x4141e4,JNZ,65792,31456,25,2,0x4141e1,TEST,1,NonLeaf,r8d(MOV) r8d(MOV) ,rflags ,TEST,3,MOV,4,LEA,4,MOV,5,LEA,4,LEA,5,ADD,3,ADD,5,CMP,4,JZ,6,0,1,0,0,0,JNE,0,0,1,0,0,0,JE,0,0,4276688,4276733,4276710,0,0,0,0,fortran,1.335376035048246e-07,0.4781128404669261,0,0,0
0x4141ca,JZ,78079,37154,17654,6,0x4141c6,CMP,1,NonLeaf,r14(-1) rsi(ADD) edi(-1) ,rflags ,CMP,4,ADD,5,ADD,3,SUB,3,LEA,5,LEA,4,MOV,5,LEA,4,MOV,4,TEST,3,0,1,0,0,0,JMP,0,0,0,0,0,0,JNE,0,0,4276662,4294336,4276688,0,0,0,0,fortran,1.5847644917396038e-07,0.4758513812933055,0,0,0
0x4141b4,JNZ,102946,24867,28,2,0x4141b2,TEST,1,NonLeaf,esi(MOV) esi(MOV) ,rflags ,TEST,2,MOV,3,LEA,4,MOV,5,ADD,3,LEA,5,SUB,3,ADD,3,ADD,5,CMP,4,0,1,0,0,0,JNE,0,0,1,0,0,0,JE,0,0,4276643,4276688,4276662,0,0,0,0,fortran,2.0894884074671198e-07,0.2415538243350883,0,0,0
0x41419d,JZ,112855,28978,17689,6,0x414199,CMP,1,NonLeaf,r14(-1) rsi(ADD) edi(-1) ,rflags ,CMP,4,ADD,5,ADD,3,LEA,5,LEA,4,ADD,3,MOV,5,LEA,4,MOV,3,TEST,2,0,1,0,0,0,JMP,0,0,0,0,0,0,JNE,0,0,4276616,4294326,4276643,0,0,0,0,fortran,2.2906107495648378e-07,0.2567719640246333,0,0,0
0x414186,JNZ,131924,19069,29,2,0x414184,TEST,1,NonLeaf,esi(MOV) esi(MOV) ,rflags ,TEST,2,MOV,3,LEA,4,MOV,5,ADD,3,LEA,4,LEA,5,ADD,3,ADD,5,CMP,4,0,1,0,0,0,JNE,0,0,1,0,0,0,JE,0,0,4276597,4276643,4276616,0,0,0,0,fortran,2.6776530284488204e-07,0.1445453442891361,0,0,0
0x41416f,JZ,129679,32646,17725,6,0x41416b,CMP,1,NonLeaf,r14(-1) rsi(ADD) edi(-1) ,rflags ,CMP,4,ADD,5,ADD,3,ADD,3,LEA,4,ADD,3,MOV,5,LEA,4,MOV,3,TEST,2,0,1,0,0,0,JMP,0,0,0,0,0,0,JNE,0,0,4276572,4294316,4276597,0,0,0,0,fortran,2.632086406387121e-07,0.2517446926641939,0,0,0
0x41415a,JNZ,164570,34891,27,2,0x414158,TEST,1,NonLeaf,esi(MOV) esi(MOV) ,rflags ,TEST,2,MOV,3,LEA,4,MOV,5,ADD,3,LEA,4,ADD,3,ADD,3,ADD,5,CMP,4,0,1,0,0,0,JNE,0,0,1,0,0,0,JE,0,0,4276553,4276597,4276572,0,0,0,0,fortran,3.340266811890349e-07,0.2120131251139332,0,0,0
0x414143,JZ,152790,33679,17729,6,0x41413f,CMP,1,NonLeaf,r14(-1) rsi(ADD) edi(-1) ,rflags ,CMP,4,ADD,5,ADD,3,LEA,5,JNZ,2,ADD,3,MOV,5,LEA,4,MOV,3,TEST,2,0,1,0,0,0,JMP,0,0,0,0,0,0,JNE,0,0,4276530,4294276,4276553,0,0,0,0,fortran,3.101168901918493e-07,0.2204267294980038,0,0,0
0x414130,JNZ,198249,45459,25,2,0x41412e,TEST,1,NonLeaf,esi(MOV) esi(MOV) ,rflags ,TEST,2,MOV,3,LEA,4,MOV,5,ADD,3,LEA,5,ADD,3,ADD,5,CMP,4,JZ,6,0,1,0,0,0,JNE,0,0,1,0,0,0,JE,0,0,4276511,4276553,4276530,0,0,0,0,fortran,4.0238473305611577e-07,0.2293025437707126,0,0,0
0x414119,JZ,149607,23361,17761,6,0x414115,CMP,1,NonLeaf,r14(-1) rsi(ADD) edi(-1) ,rflags ,CMP,4,ADD,5,ADD,3,ADD,3,LEA,4,ADD,3,MOV,5,LEA,4,MOV,3,TEST,2,0,1,0,0,0,JMP,0,0,0,0,0,0,JNE,0,0,4276486,4294266,4276511,0,0,0,0,fortran,3.036563753578899e-07,0.1561491106699553,0,0,0
0x414104,JNZ,221610,72003,27,2,0x414102,TEST,1,NonLeaf,esi(MOV) esi(MOV) ,rflags ,TEST,2,MOV,3,LEA,4,MOV,5,ADD,3,LEA,4,ADD,3,ADD,3,ADD,5,CMP,4,0,1,0,0,0,JNE,0,0,1,0,0,0,JE,0,0,4276467,4276511,4276486,0,0,0,0,fortran,4.498004060175124e-07,0.3249086232570732,0,0,0
0x4140ed,JZ,187221,34298,17795,6,0x4140e9,CMP,1,NonLeaf,r14(-1) rsi(ADD) edi(-1) ,rflags ,CMP,4,ADD,5,ADD,3,LEA,5,JNZ,2,ADD,3,MOV,5,LEA,4,MOV,3,TEST,2,0,1,0,0,0,JMP,0,0,0,0,0,0,JNE,0,0,4276444,4294256,4276467,0,0,0,0,fortran,3.800012716709746e-07,0.1831952612153551,0,0,0
0x4140da,JNZ,255908,68687,25,2,0x4140d8,TEST,1,NonLeaf,esi(MOV) esi(MOV) ,rflags ,TEST,2,MOV,3,LEA,4,LEA,4,MOV,5,LEA,5,ADD,3,ADD,5,CMP,4,JZ,6,0,1,0,0,0,JNE,0,0,1,0,0,0,JE,0,0,4276419,4276467,4276444,0,0,0,0,fortran,5.194148382434437e-07,0.2684050518154962,0,0,0
0x4140bd,JZ,192533,21814,17833,6,0x4140b9,CMP,1,NonLeaf,r14(-1) rsi(ADD) edi(-1) ,rflags ,CMP,4,ADD,3,ADD,5,LEA,5,JNZ,2,MOV,5,MOV,5,LEA,4,LEA,4,MOV,3,0,1,0,0,0,JMP,0,0,0,0,0,0,JNE,0,0,4276396,4294246,4276419,0,0,0,0,fortran,3.907830042496716e-07,0.1133000576524543,0,0,0
0x4140aa,JNZ,277722,85189,25,2,0x4140a7,TEST,1,NonLeaf,r8d(MOV) r8d(MOV) ,rflags ,TEST,3,MOV,4,ADD,3,ADD,3,MOV,11,LEA,5,ADD,5,ADD,3,CMP,4,JZ,6,0,1,0,0,0,JNE,0,0,1,0,0,0,JE,0,0,4276340,4276419,4276396,0,0,0,0,fortran,5.636905751545309e-07,0.3067419937923535,0,0,0
0x414057,JZ,5209992,578888,482,6,0x41404d,CMP,1,NonLeaf,ebx(MOV) ,rflags ,MOV,7,CMP,3,LEA,3,MOV,5,MOV,8,MOV,8,MOV,2,MOV,5,MOVSXD,3,JMP,5,0,1,1,0,0,MOV,1,0,1,0,0,0,JMP,0,0,4276298,4276793,4276317,0,0,1,0,fortran,1.0574687590578003e-05,0.1111111111111111,0,0,0
0x413fd0,JZ,45564457,4932270,122,2,0x413fcd,CMP,1,NonLeaf,edi(-1) ,rflags ,CMP,3,JZ,6,CMP,3,JNZ,2,CMP,3,ADD,3,JMP,2,MOV,5,MOV,5,LEA,8,0,0,1,0,0,JE,0,0,1,0,0,0,JMP,0,0,4276173,4276298,4276178,0,1,1,0,fortran,9.248188826572576e-05,0.1082481900311025,0,0,0
0x413fc7,JZ,45842179,277722,173,6,0x413fc4,CMP,1,NonLeaf,eax(-1) ,rflags ,CMP,3,JNZ,2,CMP,3,ADD,3,ADD,4,CMP,3,JZ,2,ADD,3,JMP,2,MOV,5,0,1,0,0,0,JNE,0,0,0,0,0,0,JE,0,0,4276164,4276340,4276173,0,0,1,0,fortran,9.304557884088029e-05,0.0060582198765028,0,0,0
0x413fc2,JNZ,412579611,366737432,-18,2,0x413fbf,CMP,1,NonLeaf,rdx(ADD) r11(-1) ,rflags ,CMP,3,ADD,3,ADD,4,CMOVZ,3,LEA,3,CMP,3,JZ,6,CMP,3,JZ,2,ADD,3,1,1,1,1,1,JNE,0,0,1,1,0,0,JE,0,0,4276144,4276144,4276164,1,0,0,0,fortran,0.0008374102095679,0.8888888888888888,1,1,1
0x413f92,JLE,45842179,0,59,2,0x413f8f,TEST,1,NonLeaf,r11(-1) r11(-1) ,rflags ,TEST,3,ADD,3,ADD,3,IMUL,4,IMUL,5,ADD,3,LEA,8,XOR,2,LEA,4,XOR,2,1,1,0,0,0,JE,0,0,1,0,0,0,NOP,0,0,4276085,4276173,4276116,0,0,0,0,fortran,9.304557884088029e-05,0.0,0,0,0
0x413eeb,JZ,5209992,578888,42,2,0x413ee0,CMP,1,NonLeaf,r11d(-1) ,rflags ,MOV,7,CMP,4,LEA,4,JMP,5,MOV,8,MOV,8,MOV,8,MOV,3,MOV,8,MOV,8,0,1,1,0,0,MOV,1,0,1,0,0,0,JMP,0,0,4275932,4275989,4275949,0,0,1,0,fortran,1.0574687590578003e-05,0.1111111111111111,0,0,0
0x413e88,JNZ,325638,289456,-24,2,0x413e85,CMP,1,NonLeaf,rcx(ADD) rdx(-1) ,rflags ,CMP,3,ADD,3,ADD,4,CMOVL,3,CMP,2,MOVSXD,3,IMUL,4,ADD,3,ADD,3,ADD,3,1,1,1,1,1,JNE,0,0,1,1,0,0,CALL,0,1,4275824,4275824,4275850,1,0,0,1,fortran,6.609453752751713e-07,0.8888888888888888,1,1,1
0x413e29,JZ,46889928,5209992,179,6,0x413e1e,CMP,1,NonLeaf,r9d(-1) ,rflags ,MOV,7,CMP,4,LEA,4,JZ,2,CMP,3,MOV,8,MOV,8,MOV,3,MOV,8,MOV,8,0,1,1,0,0,JE,1,0,1,0,0,0,JMP,0,0,4275738,4275932,4275759,0,0,1,0,fortran,9.517218831520204e-05,0.1111111111111111,0,0,0
0x413e18,JZ,32472890,36182,63,2,0x413e15,CMP,1,NonLeaf,eax(-1) ,rflags ,CMP,3,JNZ,2,CMP,3,ADD,3,ADD,4,LEA,4,CMP,4,MOV,7,JZ,6,MOV,8,0,1,0,0,0,NOP,0,0,0,1,0,0,JE,0,0,4275733,4275799,4275738,0,0,0,1,fortran,6.591001807933765e-05,0.0011142217400422,0,0,0
0x413e13,JNZ,292256010,259783120,-19,2,0x413e10,CMP,1,NonLeaf,rdx(ADD) r8(-1) ,rflags ,CMP,3,ADD,3,ADD,4,CMOVNZ,3,LEA,3,CMP,3,JZ,2,LEA,4,CMP,4,MOV,7,1,1,1,1,1,JNE,0,0,1,1,0,0,JE,0,0,4275712,4275712,4275733,1,0,0,0,fortran,0.000593190162714,0.8888888888888888,1,1,1
0x413de6,JLE,32472890,0,52,2,0x413de3,TEST,1,NonLeaf,r8(MOV) r8(MOV) ,rflags ,TEST,3,ADD,3,LEA,4,MOV,8,IMUL,9,ADD,3,LEA,8,XOR,2,LEA,5,XOR,2,0,0,1,0,0,JE,0,0,1,0,0,0,NOP,0,0,4275650,4275738,4275688,0,0,1,0,fortran,6.591001807933765e-05,0.0,0,0,0
0x413dc0,JNZ,46889928,14417038,90,2,0x413dbe,TEST,1,NonLeaf,eax(MOV) eax(MOV) ,rflags ,TEST,2,MOV,3,LEA,4,ADD,3,ADD,3,IMUL,9,IMUL,9,MOV,8,LEA,4,ADD,3,1,1,1,0,0,JE,0,0,1,0,0,0,JLE,0,0,4275616,4275738,4275650,0,0,1,0,fortran,9.517218831520204e-05,0.3074655606210357,0,0,0
0x413d52,JNZ,5209992,4631104,-49,2,0x413d4d,CMP,1,NonLeaf,r9(ADD) rsp(-1) ,rflags ,CMP,5,ADD,3,ADD,4,JNZ,2,CMP,3,MOV,7,MOV,5,MOV,3,MOV,5,MOV,5,0,0,0,1,1,JLE,0,0,1,1,0,0,MOV,1,0,4275526,4275489,4275540,0,0,0,1,fortran,1.0574687590578003e-05,0.8888888888888888,1,1,1
0x413d44,JNZ,46889928,41679936,-20,2,0x413d41,CMP,1,NonLeaf,rax(ADD) r8(-1) ,rflags ,CMP,3,ADD,3,ADD,4,CMOVZ,3,TEST,2,ADD,4,ADD,3,CMP,5,JNZ,2,MOV,7,1,1,1,1,1,JNE,0,0,0,1,0,0,JNE,0,0,4275504,4275504,4275526,1,0,0,0,fortran,9.517218831520204e-05,0.8888888888888888,1,1,1
0x413d24,JLE,5209992,0,34,2,0x413d21,TEST,1,NonLeaf,r8(-1) r8(-1) ,rflags ,TEST,3,LEA,4,ADD,3,ADD,3,XOR,2,MOV,3,XOR,2,NOP,5,MOV,2,LEA,3,1,1,1,0,0,JNE,0,0,1,0,0,0,NOP,0,0,4275489,4275526,4275494,0,0,0,0,fortran,1.0574687590578003e-05,0.0,0,0,0
0x413cf7,JLE,465028,0,6679,6,0x413cf1,CMP,1,NonLeaf,rsp(-1) ,rflags ,CMP,6,JNZ,6,MOV,6,TEST,3,ADD,8,MOV,5,LEA,8,LEA,8,XOR,3,XOR,2,0,0,0,0,0,JMP,0,0,0,0,0,0,LEA,0,0,4275441,4282126,4275453,0,0,1,0,fortran,9.438643707843138e-07,0.0,0,0,0
0x413ceb,JNZ,578888,239183,4125,6,0x413ce2,TEST,1,NonLeaf,r10d(MOV) r10d(MOV) ,rflags ,MOV,6,TEST,3,ADD,8,MOV,5,MOV,8,CMP,6,JLE,6,MOV,5,LEA,8,LEA,8,0,1,0,0,0,LEA,0,0,1,0,0,0,JLE,0,0,4275405,4279560,4275441,0,0,1,0,fortran,1.1749652878420005e-06,0.4131766421138458,0,0,0
0x413ccb,JNZ,5209992,4631104,-92,2,0x413cc6,CMP,1,NonLeaf,rsp(-1) r14(-1) ,rflags ,CMP,5,ADD,5,MOV,5,ADD,6,JNZ,2,MOV,8,MOV,5,ADD,8,TEST,3,MOV,6,0,0,0,1,1,JLE,0,0,0,1,0,0,JNE,1,0,4275382,4275311,4275405,0,0,0,1,fortran,1.0574687590578003e-05,0.8888888888888888,1,1,1
0x413cb4,JNZ,46889928,41679936,-52,2,0x413cb1,CMP,1,NonLeaf,r9(ADD) r11(-1) ,rflags ,CMP,3,ADD,3,ADD,4,JNZ,2,MOV,3,ADD,6,MOV,5,ADD,5,CMP,5,JNZ,2,0,0,0,1,1,JLE,0,0,0,1,0,0,JNE,1,0,4275370,4275328,4275382,0,0,0,1,fortran,9.517218831520204e-05,0.8888888888888888,1,1,1
0x413ca8,JNZ,422009352,375119424,-24,2,0x413ca2,CMP,1,NonLeaf,rax(ADD) rbp(-1) ,rflags ,MOV,3,CMP,3,ADD,3,ADD,4,CMOVNZ,4,ADD,4,ADD,3,CMP,3,JNZ,2,ADD,6,1,1,1,1,1,JNE,0,0,0,1,0,0,JNE,0,0,4275344,4275344,4275370,1,0,0,0,fortran,0.0008565496948368,0.8888888888888888,1,1,1
0x413c83,JLE,46889928,0,39,2,0x413c80,TEST,1,NonLeaf,rbp(-1) rbp(-1) ,rflags ,TEST,3,NOP,4,XOR,3,MOV,5,JLE,2,MOV,3,MOV,3,XOR,2,NOP,3,CMP,3,1,1,1,0,0,JNE,0,0,1,0,0,0,NOP,0,0,4275328,4275370,4275333,0,0,0,0,fortran,9.517218831520204e-05,0.0,0,0,0
0x413c72,JLE,5209992,0,68,2,0x413c6f,TEST,1,NonLeaf,r11(MOV) r11(MOV) ,rflags ,TEST,3,MOV,5,LEA,8,MOV,5,LEA,4,MOV,5,XOR,3,NOP,4,TEST,3,JLE,2,1,1,1,0,0,JNE,0,0,1,0,0,0,NOP,0,0,4275311,4275382,4275316,0,0,1,0,fortran,1.0574687590578003e-05,0.0,0,0,0
0x413bff,JLE,578888,0,19014,6,0x413bfc,TEST,1,NonLeaf,r14(-1) r14(-1) ,rflags ,TEST,3,MOV,5,MOV,8,MOV,5,MOV,4,MOV,8,MOV,8,XOR,3,MOV,5,MOV,5,1,1,0,0,0,JMP,0,0,1,0,0,0,MOV,0,0,4275196,4294213,4275205,0,0,1,1,fortran,1.1749652878420005e-06,0.0,0,0,0
0x413ba2,JNZ,1097496,975552,-533,6,0x413b7d,CMP,1,NonLeaf,rsp(-1) ,rflags ,MOV,8,MOV,8,MOV,8,MOV,8,CMP,5,MOV,8,MOV,5,MOV,11,MOV,11,MOV,11,0,0,0,1,1,MOV,0,0,1,1,0,0,MOV,1,0,4275042,4274573,4275112,0,0,1,1,fortran,2.2275806434844807e-06,0.8888888888888888,1,1,1
0x413b5c,JNZ,9877464,8779968,-324,6,0x413b57,CMP,1,NonLeaf,rsp(-1) ,rflags ,CMP,5,ADD,5,MOV,5,ADD,5,MOV,5,ADD,5,MOV,8,ADD,5,MOV,4,ADD,5,0,0,0,1,1,JE,0,0,1,1,0,0,JNE,1,0,4275006,4274712,4275042,0,0,0,1,fortran,2.004822579136033e-05,0.8888888888888888,1,1,1
0x413b3c,JNZ,6948984,4632656,-60,2,0x413b39,CMP,1,NonLeaf,r8(ADD) rbx(-1) ,rflags ,CMP,3,ADD,3,ADD,4,JNZ,2,CMP,3,ADD,5,MOV,5,ADD,5,MOV,5,ADD,5,0,0,0,1,1,JLE,0,0,0,1,0,0,JNE,1,0,4274994,4274944,4275006,0,0,0,1,fortran,1.4104308580881716e-05,0.6666666666666666,1,1,1
0x413b30,JNZ,5902281,3708750,-20,2,0x413b2d,CMP,1,NonLeaf,rdx(ADD) r9(-1) ,rflags ,CMP,3,ADD,3,MOV,6,ADD,4,JNZ,2,ADD,4,ADD,3,CMP,3,JNZ,2,ADD,5,0,0,0,1,1,JNE,0,0,0,1,0,0,JNE,1,0,4274976,4274972,4274994,0,0,0,0,fortran,1.1979822166100129e-05,0.6283587650266058,1,1,1
0x413b1e,JNZ,20846952,14944671,-14,2,0x413b1c,CMP,1,NonLeaf,esi(-1) rax(-1) ,rflags ,CMP,2,JZ,2,CMP,3,ADD,3,ADD,4,ADD,4,MOV,6,ADD,3,CMP,3,JNZ,2,1,1,0,0,0,JE,0,0,1,0,0,0,JNE,0,0,4274972,4274960,4274976,1,1,0,1,fortran,4.231292574264515e-05,0.7168755892947803,1,0,1
0x413b1a,JZ,14944671,4755453,24,2,0x413b17,CMP,1,NonLeaf,rdx(ADD) r9(-1) ,rflags ,CMP,3,ADD,3,ADD,4,NOP,4,JMP,2,CMP,2,JNZ,2,ADD,4,MOV,6,ADD,3,0,0,1,0,0,JNE,1,0,0,0,1,1,JNE,0,0,4274960,4274994,4274972,0,0,0,0,fortran,3.0333103576545025e-05,0.3182039270051512,0,0,0
0x413b08,JLE,6948984,6948984,20,2,0x413b02,CMP,1,NonLeaf,rcx(-1) r12(-1) ,rflags ,MOV,3,CMP,3,XOR,2,LEA,4,XOR,3,JMP,2,NOP,4,ADD,4,ADD,3,CMP,3,1,1,0,1,0,JNE,0,0,1,0,0,0,JMP,0,0,4274944,4274972,4274954,0,0,0,0,fortran,1.4104308580881716e-05,1.0,1,0,1
0x413ad7,JNLE,2316328,0,103,2,0x413ad4,CMP,1,NonLeaf,rax(CDQE) rbx(MOVSXD) ,rflags ,CMP,3,CDQE,2,MOVSXD,3,ADD,3,LEA,3,MOV,5,MOV,5,ADD,4,SUB,3,IMUL,4,0,0,1,0,0,JNE,0,0,1,0,0,0,LEA,0,0,4274863,4275006,4274905,0,1,1,0,fortran,4.70143619362724e-06,0.0,0,0,0
0x413aad,JNZ,14100047,12392529,-20,2,0x413aaa,CMP,1,NonLeaf,rdx(ADD) r13(-1) ,rflags ,CMP,3,ADD,3,MOV,6,ADD,4,JNZ,2,MOV,4,MOV,5,ADD,5,IMUL,2,MOV,2,0,0,0,1,1,JNE,0,0,0,1,0,0,JG,1,0,4274845,4274841,4274863,0,0,0,0,fortran,2.8618775621434086e-05,0.8788998362913258,1,1,1
0x413a9b,JNZ,20846952,6746905,-14,2,0x413a99,CMP,1,NonLeaf,esi(-1) rax(-1) ,rflags ,CMP,2,JZ,2,CMP,3,ADD,3,ADD,4,ADD,4,MOV,6,ADD,3,CMP,3,JNZ,2,1,1,0,0,0,JE,0,0,1,0,0,0,JNE,0,0,4274841,4274829,4274845,1,1,0,1,fortran,4.231292574264515e-05,0.3236398779063721,0,0,0
0x413a97,JZ,6746905,608810,24,2,0x413a94,CMP,1,NonLeaf,rdx(ADD) r13(-1) ,rflags ,CMP,3,ADD,3,ADD,4,JMP,2,LEA,4,CMP,2,JNZ,2,ADD,4,MOV,6,ADD,3,0,0,1,0,0,JG,1,0,0,0,1,1,JNE,0,0,4274829,4274863,4274841,0,0,0,0,fortran,1.3694150121211069e-05,0.090235448698329,0,0,0
0x413a7a,JLE,2316328,0,53,2,0x413a77,TEST,1,NonLeaf,r13(-1) r13(-1) ,rflags ,TEST,3,ADD,3,MOV,5,JNZ,2,CMP,3,ADD,4,MOV,5,XOR,2,LEA,4,JMP,2,0,1,1,0,0,JG,0,0,1,0,0,0,JMP,0,0,4274799,4274863,4274812,0,0,0,0,fortran,4.70143619362724e-06,0.0,0,0,0
0x413a6d,JNZ,13968845,12586044,-20,2,0x413a6a,CMP,1,NonLeaf,rdx(ADD) rbp(-1) ,rflags ,CMP,3,ADD,3,MOV,6,ADD,4,JNZ,2,MOV,5,ADD,3,TEST,3,JLE,2,ADD,4,0,0,0,1,1,JNE,0,0,0,1,0,0,JLE,1,0,4274781,4274777,4274799,0,0,0,0,fortran,2.835247575739226e-05,0.9010082079083848,1,1,1
0x413a5b,JNZ,20846952,6878107,-14,2,0x413a59,CMP,1,NonLeaf,esi(-1) rax(-1) ,rflags ,CMP,2,JZ,2,CMP,3,ADD,3,ADD,4,ADD,4,MOV,6,ADD,3,CMP,3,JNZ,2,1,1,0,0,0,JE,0,0,1,0,0,0,JNE,0,0,4274777,4274765,4274781,1,1,0,1,fortran,4.231292574264515e-05,0.3299334598170514,0,0,0
0x413a57,JZ,6878107,933527,24,2,0x413a54,CMP,1,NonLeaf,rdx(ADD) rbp(-1) ,rflags ,CMP,3,ADD,3,ADD,4,JMP,2,LEA,4,CMP,2,JNZ,2,ADD,4,MOV,6,ADD,3,0,0,1,0,0,JLE,1,0,0,0,1,1,JNE,0,0,4274765,4274799,4274777,0,0,0,0,fortran,1.3960449985252897e-05,0.1357244078930438,0,0,0
0x413a39,JLE,2316328,0,54,2,0x413a36,TEST,1,NonLeaf,rbp(-1) rbp(-1) ,rflags ,TEST,3,ADD,3,IMUL,4,MOV,5,MOVSXD,3,ADD,5,MOV,5,XOR,2,LEA,4,JMP,2,0,1,1,0,0,JLE,0,0,1,0,0,0,JMP,0,0,4274727,4274799,4274747,0,0,0,0,fortran,4.70143619362724e-06,0.0,0,0,0
0x413a21,JZ,9877464,7561136,285,6,0x413a1f,TEST,1,NonLeaf,esi(MOV) esi(MOV) ,rflags ,TEST,2,MOV,2,MOV,5,MOV,5,MOV,5,MOVSXD,3,MOV,5,IMUL,4,ADD,3,TEST,3,1,1,1,0,0,JNE,0,0,1,0,0,0,JLE,0,0,4274712,4275006,4274727,0,0,1,0,fortran,2.004822579136033e-05,0.7654936530267283,1,0,1
0x4138f8,JNZ,1097496,975552,-184,6,0x4138ec,SUB,1,NonLeaf,r11d(SUB) ,r11d rflags ,MOV,8,SUB,4,ADD,8,ADD,4,JNZ,2,MOV,4,MOV,5,MOV,10,MOV,11,MOV,10,0,0,0,1,1,MOV,0,0,1,1,0,0,MOV,1,0,4274400,4274240,4274430,0,0,1,1,fortran,2.2275806434844807e-06,0.8888888888888888,1,1,1
0x4138de,JNZ,9877464,8779968,-121,2,0x4138da,SUB,1,NonLeaf,r10d(SUB) ,r10d rflags ,SUB,4,ADD,8,ADD,5,MOV,7,MOV,7,ADD,4,ADD,8,SUB,4,MOV,8,JNZ,6,0,0,0,1,1,JNE,0,0,1,1,0,0,JNE,1,0,4274381,4274277,4274400,0,0,0,0,fortran,2.004822579136033e-05,0.8888888888888888,1,1,1
0x413869,JNZ,9877464,2316328,100,2,0x413867,TEST,1,NonLeaf,ecx(MOV) ecx(MOV) ,rflags ,TEST,2,MOV,2,MOV,3,LEA,4,ADD,3,MOV,5,MOV,6,MOV,7,MOV,5,MOV,7,1,1,1,0,0,JNE,0,0,1,0,0,0,MOV,0,0,4274277,4274381,4274283,0,0,0,1,fortran,2.004822579136033e-05,0.2345063469732717,0,0,0
0x41377e,JNZ,1097496,975552,-79,2,0x41377b,CMP,1,NonLeaf,rbx(ADD) r9(-1) ,rflags ,CMP,3,ADD,5,ADD,4,JNZ,2,CMP,5,LEA,8,MOV,5,LEA,4,LEA,8,MOV,4,0,0,0,1,1,JLE,0,0,0,1,0,0,MOV,1,0,4274034,4273967,4274048,0,0,0,1,fortran,2.2275806434844807e-06,0.8888888888888888,1,1,1
0x413770,JNZ,9877464,8779968,-51,2,0x41376b,CMP,1,NonLeaf,r10(ADD) rsp(-1) ,rflags ,CMP,5,ADD,5,ADD,4,JNZ,2,CMP,3,ADD,4,ADD,5,CMP,3,JNZ,2,LEA,8,0,0,0,1,1,JLE,0,0,0,1,0,0,JNE,1,0,4274018,4273981,4274034,0,0,0,0,fortran,2.004822579136033e-05,0.8888888888888888,1,1,1
0x413760,JNZ,88897176,79019712,-16,2,0x41375d,CMP,1,NonLeaf,rax(ADD) r13(-1) ,rflags ,CMP,3,ADD,3,MOV,6,ADD,4,NOP,9,ADD,4,ADD,5,CMP,5,JNZ,2,ADD,4,1,1,1,1,1,JNE,0,0,0,1,0,0,JNE,0,0,4274000,4274000,4274018,1,0,1,0,fortran,0.0001804340321222,0.8888888888888888,1,1,1
0x413745,JLE,9877464,0,29,2,0x41373f,TEST,1,NonLeaf,r13(-1) r13(-1) ,rflags ,MOV,3,TEST,3,XOR,2,JLE,2,MOV,3,NOP,9,ADD,4,MOV,6,ADD,3,CMP,3,1,1,1,0,0,JNE,0,0,1,0,0,0,NOP,0,0,4273981,4274018,4273991,0,0,0,0,fortran,2.004822579136033e-05,0.0,0,0,0
0x41373b,JLE,1097496,0,55,2,0x413732,CMP,1,NonLeaf,rsp(-1) ,rflags ,MOV,3,CMP,6,XOR,3,MOV,5,SHL,4,XOR,2,TEST,3,MOV,3,JLE,2,NOP,9,1,1,1,0,0,JNE,0,0,1,0,1,0,JLE,0,0,4273967,4274034,4273981,0,0,0,0,fortran,2.2275806434844807e-06,0.0,0,0,0
0x4136eb,JLE,121944,0,149,6,0x4136cd,TEST,1,NonLeaf,r9(-1) r9(-1) ,rflags ,MOV,6,MOV,8,MOV,8,MOV,5,TEST,3,MOV,5,LEA,8,MOV,4,MOV,5,MOV,3,0,1,1,0,0,MOV,1,0,1,0,0,0,MOV,0,0,4273780,4274048,4273905,0,0,1,1,fortran,2.4750896038716453e-07,0.0,0,0,0
0x413662,JZ,121944,0,18,2,0x41365f,TEST,1,NonLeaf,rax(MOV) rax(MOV) ,rflags ,TEST,3,MOV,4,MOV,8,MOV,5,SUB,3,MOV,3,MOV,5,NEG,3,MOV,5,MOV,5,0,1,1,0,0,JLE,0,0,1,0,0,0,MOV,0,0,4273579,4273780,4273764,0,0,1,1,fortran,2.4750896038716453e-07,0.0,0,0,0
0x41359f,JZ,121944,0,12,2,0x41359c,TEST,1,NonLeaf,rax(MOV) rax(MOV) ,rflags ,TEST,3,MOV,8,MOV,8,MOV,7,MOV,8,MOV,3,MOV,4,NEG,3,MOV,4,MOV,4,0,1,1,0,0,JE,0,0,1,0,0,0,NEG,0,0,4273504,4273579,4273569,0,0,1,1,fortran,2.4750896038716453e-07,0.0,0,0,0
0x413545,JNZ,2013150783,1342100522,-265,6,0x413540,CMP,1,Recursive,rbx(ADD) rsp(-1) ,rflags ,CMP,5,ADD,4,ADD,4,ADD,4,ADD,8,JMP,5,MOV,3,JMP,5,INVALID,0,INVALID,0,0,0,0,1,1,JG,0,0,1,1,0,0,JMP,1,0,4273460,4273212,4273483,0,0,0,0,fortran,0.0040860793266002,0.6666666666666666,1,1,1
0x4134a9,JZ,2013150783,2013150783,139,6,0x4134a6,CMP,1,Recursive,rsi(-1) r12(-1) ,rflags ,CMP,3,LEA,4,ADD,4,JZ,2,LEA,4,MOV,5,SUB,3,MOV,3,SHR,4,LEA,8,0,0,1,0,0,JNE,0,0,0,0,0,0,JE,0,0,4273318,4273460,4273327,0,0,0,0,fortran,0.0040860793266002,1.0,1,0,1
0x41348e,JZ,2013150783,2013150783,24,2,0x413486,CMP,1,Recursive,rsi(-1) ,rflags ,LEA,4,CMP,4,ADD,3,JZ,2,MOV,3,ADD,4,CMP,4,LEA,4,JZ,2,ADD,4,0,0,1,0,0,JE,0,0,1,0,0,0,JE,0,0,4273283,4273318,4273296,0,0,0,1,fortran,0.0040860793266002,1.0,1,0,1
0x413481,JZ,2013150783,0,37,2,0x41347a,CMP,1,Recursive,rsi(-1) ,rflags ,MOV,3,CMP,4,ADD,4,JZ,6,MOV,3,ADD,3,CMP,4,LEA,4,JZ,2,ADD,4,0,1,1,0,0,JE,0,0,1,0,0,0,JE,0,0,4273270,4273318,4273283,0,0,0,1,fortran,0.0040860793266002,0.0,0,0,0
0x413470,JZ,2013150783,0,224,6,0x41346a,TEST,1,Recursive,rcx(CMOVBE) rcx(CMOVBE) ,rflags ,MOV,3,TEST,3,CMOVBE,4,CMP,4,CMOVNBE,4,ADD,4,CMP,4,MOV,3,JZ,2,ADD,3,0,1,0,0,0,JMP,0,0,1,0,0,0,JE,0,0,4273221,4273488,4273270,0,0,0,1,fortran,0.0040860793266002,0.0,0,0,0
0x41343f,JNLE,2013150783,0,245,6,0x41343c,CMP,1,Recursive,rdx(-1) rbp(-1) ,rflags ,CMP,3,MOV,5,SUB,3,MOV,5,LEA,8,MOV,5,LEA,4,AND,3,SHR,4,NEG,3,1,1,1,0,0,JNE,0,0,1,0,0,0,JE,0,0,4273212,4273460,4273221,0,0,0,0,fortran,0.0040860793266002,0.0,0,0,0
0x413320,JNZ,2493239247,1662159498,-274,6,0x41331b,CMP,1,Recursive,r12(ADD) rsp(-1) ,rflags ,CMP,5,ADD,4,ADD,4,ADD,4,SUB,8,JMP,5,MOV,3,JMP,5,SUB,4,MOV,7,0,0,0,1,1,JG,0,0,1,1,0,0,JMP,1,0,4272911,4272654,4272934,0,0,0,0,fortran,0.0050605118252759,0.6666666666666666,1,1,1
0x41327d,JZ,2493239247,2493239247,146,6,0x41327a,CMP,1,Recursive,r15(-1) rsi(-1) ,rflags ,CMP,3,LEA,4,SUB,4,JZ,2,LEA,4,MOV,5,SUB,3,MOV,5,SHR,4,MOV,5,0,0,1,0,0,JNE,0,0,0,0,0,0,JE,0,0,4272762,4272911,4272771,0,0,0,1,fortran,0.0050605118252759,1.0,1,0,1
0x413262,JZ,2493239247,2493239247,24,2,0x41325a,CMP,1,Recursive,rsi(-1) ,rflags ,LEA,4,CMP,4,SUB,3,JZ,2,MOV,5,SUB,4,CMP,4,LEA,4,JZ,2,SUB,4,0,0,1,0,0,JE,0,0,1,0,0,0,JE,0,0,4272727,4272762,4272740,0,0,0,1,fortran,0.0050605118252759,1.0,1,0,1
0x413255,JZ,2493239247,0,37,2,0x41324c,CMP,1,Recursive,rsi(-1) ,rflags ,MOV,5,CMP,4,SUB,4,JZ,6,TEST,3,SUB,3,CMP,4,LEA,4,JZ,2,SUB,4,0,1,1,0,0,JE,0,0,1,0,0,0,JE,0,0,4272712,4272762,4272727,0,0,0,1,fortran,0.0050605118252759,0.0,0,0,0
0x413242,JZ,2493239247,0,233,6,0x41323f,TEST,1,Recursive,rsi(CMOVBE) rsi(CMOVBE) ,rflags ,TEST,3,CMOVBE,4,MOV,3,CMP,4,CMOVNBE,4,SUB,4,CMP,4,MOV,5,JZ,2,SUB,3,0,1,0,0,0,JMP,0,0,1,0,0,0,JE,0,0,4272663,4272939,4272712,0,0,0,1,fortran,0.0050605118252759,0.0,0,0,0
0x413211,JNLE,2493239247,0,254,6,0x41320e,CMP,1,Recursive,rdx(-1) r14(-1) ,rflags ,CMP,3,MOV,5,SUB,3,MOV,5,LEA,8,MOV,5,LEA,4,AND,3,SHR,4,NEG,3,1,1,1,0,0,JNE,0,0,1,0,0,0,JE,0,0,4272654,4272911,4272663,0,0,0,0,fortran,0.0050605118252759,0.0,0,0,0
0x413134,JNZ,365313906,243542604,-322,6,0x41312f,CMP,1,Recursive,rsi(ADD) rsp(-1) ,rflags ,CMP,5,ADD,6,ADD,4,ADD,4,SUB,8,MOV,8,JMP,5,MOV,3,JMP,5,SUB,4,0,0,0,1,1,JG,0,0,1,1,0,0,JMP,1,0,4272417,4272114,4272442,0,0,0,0,fortran,0.0007414753090683,0.6666666666666666,1,1,1
0x41306c,JZ,365313906,365313906,181,6,0x413069,CMP,1,Recursive,rdi(-1) rdx(-1) ,rflags ,CMP,3,LEA,4,SUB,5,JZ,2,LEA,4,MOV,8,SUB,3,MOV,5,SHR,4,MOV,5,0,0,1,0,0,JNE,0,0,0,0,0,0,JE,0,0,4272233,4272417,4272242,0,0,1,1,fortran,0.0007414753090683,1.0,1,0,1
0x41304f,JZ,365313906,365313906,26,2,0x413047,CMP,1,Recursive,rdx(-1) ,rflags ,LEA,4,CMP,4,SUB,4,JZ,2,MOV,8,SUB,5,CMP,4,LEA,4,JZ,2,SUB,5,0,0,1,0,0,JE,0,0,1,0,0,0,JE,0,0,4272195,4272233,4272209,0,0,0,1,fortran,0.0007414753090683,1.0,1,0,1
0x413041,JZ,365313906,0,40,2,0x413035,CMP,1,Recursive,rdx(-1) ,rflags ,MOV,8,CMP,4,SUB,5,JZ,6,MOV,3,SUB,4,CMP,4,LEA,4,JZ,2,SUB,5,0,1,1,0,0,JE,0,0,1,0,0,0,JE,0,0,4272176,4272233,4272195,0,0,0,1,fortran,0.0007414753090683,0.0,0,0,0
0x41302a,JZ,365313906,0,285,6,0x413024,TEST,1,Recursive,rax(CMOVBE) rax(CMOVBE) ,rflags ,MOV,3,TEST,3,CMOVBE,4,CMP,4,CMOVNBE,4,SUB,5,CMP,4,MOV,8,JZ,2,SUB,4,0,1,0,0,0,JMP,0,0,1,0,0,0,JE,0,0,4272123,4272455,4272176,0,0,0,1,fortran,0.0007414753090683,0.0,0,0,0
0x412ff5,JNLE,365313906,0,300,6,0x412ff2,CMP,1,Recursive,r11(-1) r8(-1) ,rflags ,CMP,3,MOV,8,MOV,5,ADD,4,SUB,3,MOV,5,MOV,5,ADD,3,AND,3,SHR,4,1,1,1,0,0,JNE,0,0,1,0,0,0,JE,0,0,4272114,4272417,4272123,0,0,1,0,fortran,0.0007414753090683,0.0,0,0,0
0x412ebe,JNZ,1271744289,847829526,-312,6,0x412eb6,CMP,1,Recursive,r14(ADD) rsp(-1) ,rflags ,CMP,8,ADD,4,ADD,4,ADD,4,SUB,8,JMP,5,MOV,3,JMP,5,SUB,4,MOV,7,0,0,0,1,1,JG,0,0,1,1,0,0,JMP,1,0,4271786,4271494,4271812,0,0,0,0,fortran,0.0025812512862355,0.6666666666666666,1,1,1
0x412dfa,JZ,1271744289,1271744289,176,6,0x412df7,CMP,1,Recursive,r10(-1) rcx(-1) ,rflags ,CMP,3,LEA,4,SUB,4,JZ,2,LEA,4,MOV,8,SUB,3,MOV,5,SHR,4,LEA,8,0,0,1,0,0,JNE,0,0,0,0,0,0,JE,0,0,4271607,4271786,4271616,0,0,0,1,fortran,0.0025812512862355,1.0,1,0,1
0x412ddf,JZ,1271744289,1271744289,24,2,0x412dd7,CMP,1,Recursive,rcx(-1) ,rflags ,LEA,4,CMP,4,SUB,3,JZ,2,MOV,5,SUB,4,CMP,4,LEA,4,JZ,2,SUB,4,0,0,1,0,0,JE,0,0,1,0,0,0,JE,0,0,4271572,4271607,4271585,0,0,0,1,fortran,0.0025812512862355,1.0,1,0,1
0x412dd2,JZ,1271744289,0,37,2,0x412dc9,CMP,1,Recursive,rcx(-1) ,rflags ,MOV,5,CMP,4,SUB,4,JZ,6,TEST,3,SUB,3,CMP,4,LEA,4,JZ,2,SUB,4,0,1,1,0,0,JE,0,0,1,0,0,0,JE,0,0,4271557,4271607,4271572,0,0,0,1,fortran,0.0025812512862355,0.0,0,0,0
0x412dbf,JZ,1271744289,0,266,6,0x412dbc,TEST,1,Recursive,rcx(CMOVBE) rcx(CMOVBE) ,rflags ,TEST,3,CMOVBE,4,MOV,3,CMP,4,CMOVNBE,4,SUB,4,CMP,4,MOV,5,JZ,2,SUB,3,0,1,0,0,0,JMP,0,0,1,0,0,0,JE,0,0,4271503,4271817,4271557,0,0,0,1,fortran,0.0025812512862355,0.0,0,0,0
0x412d89,JNLE,1271744289,0,289,6,0x412d86,CMP,1,Recursive,r11(-1) r8(-1) ,rflags ,CMP,3,MOV,8,MOV,5,LEA,4,MOV,5,MOV,5,LEA,4,MOV,5,AND,3,SHR,4,1,1,1,0,0,JNE,0,0,1,0,0,0,JE,0,0,4271494,4271786,4271503,0,0,0,0,fortran,0.0025812512862355,0.0,0,0,0
0x412ce3,JNZ,272638950,181759300,-316,6,0x412cde,CMP,1,Recursive,rsi(ADD) rsp(-1) ,rflags ,CMP,5,ADD,6,ADD,4,ADD,4,SUB,8,MOV,8,JMP,5,MOV,3,JMP,5,MOV,7,0,0,0,1,1,JG,0,0,1,1,0,0,JMP,1,0,4271312,4271015,4271337,0,0,0,0,fortran,0.0005533735409331,0.6666666666666666,1,1,1
0x412c21,JZ,272638950,272638950,175,6,0x412c1e,CMP,1,Recursive,rdi(-1) rdx(-1) ,rflags ,CMP,3,LEA,4,SUB,5,JZ,2,LEA,4,MOV,8,SUB,3,MOV,5,SHR,4,MOV,5,0,0,1,0,0,JNE,0,0,0,0,0,0,JE,0,0,4271134,4271312,4271143,0,0,1,1,fortran,0.0005533735409331,1.0,1,0,1
0x412c04,JZ,272638950,272638950,26,2,0x412bfc,CMP,1,Recursive,rdx(-1) ,rflags ,LEA,4,CMP,4,SUB,4,JZ,2,MOV,8,SUB,5,CMP,4,LEA,4,JZ,2,SUB,5,0,0,1,0,0,JE,0,0,1,0,0,0,JE,0,0,4271096,4271134,4271110,0,0,0,1,fortran,0.0005533735409331,1.0,1,0,1
0x412bf6,JZ,272638950,0,40,2,0x412bea,CMP,1,Recursive,rdx(-1) ,rflags ,MOV,8,CMP,4,SUB,5,JZ,6,MOV,3,SUB,4,CMP,4,LEA,4,JZ,2,SUB,5,0,1,1,0,0,JE,0,0,1,0,0,0,JE,0,0,4271077,4271134,4271096,0,0,0,1,fortran,0.0005533735409331,0.0,0,0,0
0x412bdf,JZ,272638950,0,279,6,0x412bd9,TEST,1,Recursive,rax(CMOVBE) rax(CMOVBE) ,rflags ,MOV,3,TEST,3,CMOVBE,4,CMP,4,CMOVNBE,4,SUB,5,CMP,4,MOV,8,JZ,2,SUB,4,0,1,0,0,0,JMP,0,0,1,0,0,0,JE,0,0,4271024,4271350,4271077,0,0,0,1,fortran,0.0005533735409331,0.0,0,0,0
0x412baa,JNLE,272638950,0,294,6,0x412ba7,CMP,1,Recursive,r11(-1) r8(-1) ,rflags ,CMP,3,MOV,8,MOV,5,ADD,4,SUB,3,MOV,5,MOV,5,ADD,3,AND,3,SHR,4,1,1,1,0,0,JNE,0,0,1,0,0,0,JE,0,0,4271015,4271312,4271024,0,0,1,0,fortran,0.0005533735409331,0.0,0,0,0
0x412afd,JNZ,271654323,181102882,-263,6,0x412af8,CMP,1,Recursive,rbx(ADD) rsp(-1) ,rflags ,CMP,5,ADD,4,ADD,4,ADD,4,ADD,8,JMP,5,MOV,3,JMP,5,MOV,7,MOV,8,0,0,0,1,1,JG,0,0,1,1,0,0,JMP,1,0,4270828,4270582,4270851,0,0,0,0,fortran,0.0005513750497803,0.6666666666666666,1,1,1
0x412a62,JZ,271654323,271654323,138,6,0x412a5f,CMP,1,Recursive,rcx(-1) r12(-1) ,rflags ,CMP,3,LEA,4,ADD,4,JZ,2,LEA,4,MOV,5,SUB,3,MOV,3,SHR,4,LEA,8,0,0,1,0,0,JNE,0,0,0,0,0,0,JE,0,0,4270687,4270828,4270696,0,0,0,0,fortran,0.0005513750497803,1.0,1,0,1
0x412a47,JZ,271654323,271654323,24,2,0x412a3f,CMP,1,Recursive,rcx(-1) ,rflags ,LEA,4,CMP,4,ADD,3,JZ,2,MOV,3,ADD,4,CMP,4,LEA,4,JZ,2,ADD,4,0,0,1,0,0,JE,0,0,1,0,0,0,JE,0,0,4270652,4270687,4270665,0,0,0,1,fortran,0.0005513750497803,1.0,1,0,1
0x412a3a,JZ,271654323,0,37,2,0x412a33,CMP,1,Recursive,rcx(-1) ,rflags ,MOV,3,CMP,4,ADD,4,JZ,6,TEST,3,ADD,3,CMP,4,LEA,4,JZ,2,ADD,4,0,1,1,0,0,JE,0,0,1,0,0,0,JE,0,0,4270639,4270687,4270652,0,0,0,1,fortran,0.0005513750497803,0.0,0,0,0
0x412a29,JZ,271654323,0,223,6,0x412a26,TEST,1,Recursive,rcx(CMOVBE) rcx(CMOVBE) ,rflags ,TEST,3,CMOVBE,4,MOV,3,CMP,4,CMOVNBE,4,ADD,4,CMP,4,MOV,3,JZ,2,ADD,3,0,1,0,0,0,JMP,0,0,1,0,0,0,JE,0,0,4270591,4270856,4270639,0,0,0,1,fortran,0.0005513750497803,0.0,0,0,0
0x4129f9,JNLE,271654323,0,243,6,0x4129f6,CMP,1,Recursive,r11(-1) rbp(-1) ,rflags ,CMP,3,MOV,5,SUB,3,MOV,4,LEA,8,MOV,4,LEA,4,AND,3,SHR,4,NEG,3,1,1,1,0,0,JNE,0,0,1,0,0,0,JE,0,0,4270582,4270828,4270591,0,0,0,0,fortran,0.0005513750497803,0.0,0,0,0
0x412967,JNZ,364329279,242886186,-267,6,0x412962,CMP,1,Recursive,rbx(ADD) rsp(-1) ,rflags ,CMP,5,ADD,4,ADD,4,ADD,4,ADD,8,JMP,5,MOV,3,JMP,5,MOV,3,NOP,3,0,0,0,1,1,JG,0,0,1,1,0,0,JMP,1,0,4270422,4270172,4270445,0,0,0,0,fortran,0.0007394768179155,0.6666666666666666,1,1,1
0x4128cc,JZ,364329279,364329279,138,6,0x4128c9,CMP,1,Recursive,rdx(-1) r12(-1) ,rflags ,CMP,3,LEA,4,ADD,5,JZ,2,LEA,4,MOV,5,SUB,3,MOV,3,SHR,4,LEA,8,0,0,1,0,0,JNE,0,0,0,0,0,0,JE,0,0,4270281,4270422,4270290,0,0,0,0,fortran,0.0007394768179155,1.0,1,0,1
0x4128af,JZ,364329279,364329279,26,2,0x4128a7,CMP,1,Recursive,rdx(-1) ,rflags ,LEA,4,CMP,4,ADD,4,JZ,2,MOV,3,ADD,5,CMP,4,LEA,4,JZ,2,ADD,5,0,0,1,0,0,JE,0,0,1,0,0,0,JE,0,0,4270243,4270281,4270257,0,0,0,1,fortran,0.0007394768179155,1.0,1,0,1
0x4128a1,JZ,364329279,0,40,2,0x41289a,CMP,1,Recursive,rdx(-1) ,rflags ,MOV,3,CMP,4,ADD,5,JZ,6,MOV,3,ADD,4,CMP,4,LEA,4,JZ,2,ADD,5,0,1,1,0,0,JE,0,0,1,0,0,0,JE,0,0,4270229,4270281,4270243,0,0,0,1,fortran,0.0007394768179155,0.0,0,0,0
0x41288f,JZ,364329279,0,227,6,0x412889,TEST,1,Recursive,rax(CMOVBE) rax(CMOVBE) ,rflags ,MOV,3,TEST,3,CMOVBE,4,CMP,4,CMOVNBE,4,ADD,5,CMP,4,MOV,3,JZ,2,ADD,4,0,1,0,0,0,JMP,0,0,1,0,0,0,JE,0,0,4270181,4270450,4270229,0,0,0,1,fortran,0.0007394768179155,0.0,0,0,0
0x41285f,JNLE,364329279,0,247,6,0x41285c,CMP,1,Recursive,r11(-1) rbp(-1) ,rflags ,CMP,3,MOV,5,SHL,4,SUB,3,MOV,3,MOV,5,ADD,3,AND,3,SHR,4,NEG,3,1,1,1,0,0,JNE,0,0,1,0,0,0,JE,0,0,4270172,4270422,4270181,0,0,0,0,fortran,0.0007394768179155,0.0,0,0,0
0x4127c6,JNZ,994660404,663106936,-319,6,0x4127be,CMP,1,Recursive,r15(ADD) rsp(-1) ,rflags ,CMP,8,ADD,6,ADD,4,ADD,4,SUB,8,JMP,5,MOV,3,JMP,5,MOV,3,NOP,4,0,0,0,1,1,JG,0,0,1,1,0,0,JMP,1,0,4270000,4269703,4270028,0,0,0,0,fortran,0.0020188558890336,0.6666666666666666,1,1,1
0x4126fe,JZ,994660404,994660404,178,6,0x4126fb,CMP,1,Recursive,r8(-1) rcx(-1) ,rflags ,CMP,3,LEA,4,SUB,4,JZ,2,LEA,4,MOV,8,SUB,3,MOV,5,SHR,4,LEA,8,0,0,1,0,0,JNE,0,0,0,0,0,0,JE,0,0,4269819,4270000,4269828,0,0,1,1,fortran,0.0020188558890336,1.0,1,0,1
0x4126e3,JZ,994660404,994660404,24,2,0x4126db,CMP,1,Recursive,rcx(-1) ,rflags ,LEA,4,CMP,4,SUB,3,JZ,2,MOV,8,SUB,4,CMP,4,LEA,4,JZ,2,SUB,4,0,0,1,0,0,JE,0,0,1,0,0,0,JE,0,0,4269784,4269819,4269797,0,0,0,1,fortran,0.0020188558890336,1.0,1,0,1
0x4126d6,JZ,994660404,0,37,2,0x4126ca,CMP,1,Recursive,rcx(-1) ,rflags ,MOV,8,CMP,4,SUB,4,JZ,6,TEST,3,SUB,3,CMP,4,LEA,4,JZ,2,SUB,4,0,1,1,0,0,JE,0,0,1,0,0,0,JE,0,0,4269766,4269819,4269784,0,0,0,1,fortran,0.0020188558890336,0.0,0,0,0
0x4126c0,JZ,994660404,0,273,6,0x4126bd,TEST,1,Recursive,rcx(CMOVBE) rcx(CMOVBE) ,rflags ,TEST,3,CMOVBE,4,MOV,3,CMP,4,CMOVNBE,4,SUB,4,CMP,4,MOV,8,JZ,2,SUB,3,0,1,0,0,0,JMP,0,0,1,0,0,0,JE,0,0,4269712,4270033,4269766,0,0,0,1,fortran,0.0020188558890336,0.0,0,0,0
0x41268a,JNLE,994660404,0,294,6,0x412687,CMP,1,Recursive,r11(-1) r9(-1) ,rflags ,CMP,3,MOV,8,MOV,5,LEA,4,MOV,5,MOV,5,LEA,4,MOV,5,AND,3,SHR,4,1,1,1,0,0,JNE,0,0,1,0,0,0,JE,0,0,4269703,4270000,4269712,0,0,1,0,fortran,0.0020188558890336,0.0,0,0,0
0x4125e4,JNZ,993675777,662450518,-264,6,0x4125df,CMP,1,Recursive,rbx(ADD) rsp(-1) ,rflags ,CMP,5,ADD,4,ADD,4,ADD,4,ADD,8,JMP,5,MOV,3,JMP,5,MOV,7,MOV,8,0,0,0,1,1,JG,0,0,1,1,0,0,JMP,1,0,4269523,4269276,4269546,0,0,0,0,fortran,0.0020168573978808,0.6666666666666666,1,1,1
0x412549,JZ,993675777,993675777,138,6,0x412546,CMP,1,Recursive,rcx(-1) r12(-1) ,rflags ,CMP,3,LEA,4,ADD,4,JZ,2,LEA,4,MOV,5,SUB,3,MOV,3,SHR,4,LEA,8,0,0,1,0,0,JNE,0,0,0,0,0,0,JE,0,0,4269382,4269523,4269391,0,0,0,0,fortran,0.0020168573978808,1.0,1,0,1
0x41252e,JZ,993675777,993675777,24,2,0x412526,CMP,1,Recursive,rcx(-1) ,rflags ,LEA,4,CMP,4,ADD,3,JZ,2,MOV,3,ADD,4,CMP,4,LEA,4,JZ,2,ADD,4,0,0,1,0,0,JE,0,0,1,0,0,0,JE,0,0,4269347,4269382,4269360,0,0,0,1,fortran,0.0020168573978808,1.0,1,0,1
0x412521,JZ,993675777,0,37,2,0x41251a,CMP,1,Recursive,rcx(-1) ,rflags ,MOV,3,CMP,4,ADD,4,JZ,6,TEST,3,ADD,3,CMP,4,LEA,4,JZ,2,ADD,4,0,1,1,0,0,JE,0,0,1,0,0,0,JE,0,0,4269334,4269382,4269347,0,0,0,1,fortran,0.0020168573978808,0.0,0,0,0
0x412510,JZ,993675777,0,223,6,0x41250d,TEST,1,Recursive,rcx(CMOVBE) rcx(CMOVBE) ,rflags ,TEST,3,CMOVBE,4,MOV,3,CMP,4,CMOVNBE,4,ADD,4,CMP,4,MOV,3,JZ,2,ADD,3,0,1,0,0,0,JMP,0,0,1,0,0,0,JE,0,0,4269285,4269551,4269334,0,0,0,1,fortran,0.0020168573978808,0.0,0,0,0
0x4124df,JNLE,993675777,0,244,6,0x4124dc,CMP,1,Recursive,r11(-1) rbp(-1) ,rflags ,CMP,3,MOV,5,SUB,3,MOV,5,LEA,8,MOV,5,LEA,4,AND,3,SHR,4,NEG,3,1,1,1,0,0,JNE,0,0,1,0,0,0,JE,0,0,4269276,4269523,4269285,0,0,0,0,fortran,0.0020168573978808,0.0,0,0,0
0x41244f,JNZ,1270759662,847173108,-264,6,0x41244a,CMP,1,Recursive,rbx(ADD) rsp(-1) ,rflags ,CMP,5,ADD,4,ADD,4,ADD,4,ADD,8,JMP,5,MOV,3,JMP,5,MOV,3,JMP,5,0,0,0,1,1,JG,0,0,1,1,0,0,JMP,1,0,4269118,4268871,4269141,0,0,0,0,fortran,0.0025792527950826,0.6666666666666666,1,1,1
0x4123b4,JZ,1270759662,1270759662,138,6,0x4123b1,CMP,1,Recursive,rcx(-1) r12(-1) ,rflags ,CMP,3,LEA,4,ADD,4,JZ,2,LEA,4,MOV,5,SUB,3,MOV,3,SHR,4,LEA,8,0,0,1,0,0,JNE,0,0,0,0,0,0,JE,0,0,4268977,4269118,4268986,0,0,0,0,fortran,0.0025792527950826,1.0,1,0,1
0x412399,JZ,1270759662,1270759662,24,2,0x412391,CMP,1,Recursive,rcx(-1) ,rflags ,LEA,4,CMP,4,ADD,3,JZ,2,MOV,3,ADD,4,CMP,4,LEA,4,JZ,2,ADD,4,0,0,1,0,0,JE,0,0,1,0,0,0,JE,0,0,4268942,4268977,4268955,0,0,0,1,fortran,0.0025792527950826,1.0,1,0,1
0x41238c,JZ,1270759662,0,37,2,0x412385,CMP,1,Recursive,rcx(-1) ,rflags ,MOV,3,CMP,4,ADD,4,JZ,6,TEST,3,ADD,3,CMP,4,LEA,4,JZ,2,ADD,4,0,1,1,0,0,JE,0,0,1,0,0,0,JE,0,0,4268929,4268977,4268942,0,0,0,1,fortran,0.0025792527950826,0.0,0,0,0
0x41237b,JZ,1270759662,0,223,6,0x412378,TEST,1,Recursive,rcx(CMOVBE) rcx(CMOVBE) ,rflags ,TEST,3,CMOVBE,4,MOV,3,CMP,4,CMOVNBE,4,ADD,4,CMP,4,MOV,3,JZ,2,ADD,3,0,1,0,0,0,JMP,0,0,1,0,0,0,JE,0,0,4268880,4269146,4268929,0,0,0,1,fortran,0.0025792527950826,0.0,0,0,0
0x41234a,JNLE,1270759662,0,244,6,0x412347,CMP,1,Recursive,r11(-1) rbp(-1) ,rflags ,CMP,3,MOV,5,SUB,3,MOV,5,LEA,8,MOV,5,LEA,4,AND,3,SHR,4,NEG,3,1,1,1,0,0,JNE,0,0,1,0,0,0,JE,0,0,4268871,4269118,4268880,0,0,0,0,fortran,0.0025792527950826,0.0,0,0,0
0x4122ba,JNZ,2242068693,1494712462,-283,6,0x4122b5,CMP,1,Recursive,r13(ADD) rsp(-1) ,rflags ,CMP,5,ADD,4,ADD,4,ADD,4,SUB,8,JMP,5,MOV,3,JMP,5,MOV,3,JMP,5,0,0,0,1,1,JG,0,0,1,1,0,0,JMP,1,0,4268713,4268447,4268736,0,0,0,0,fortran,0.0045507125510155,0.6666666666666666,1,1,1
0x412213,JZ,2242068693,2242068693,150,6,0x412210,CMP,1,Recursive,r10(-1) rcx(-1) ,rflags ,CMP,3,LEA,4,SUB,4,JZ,2,LEA,4,MOV,5,SUB,3,MOV,5,SHR,4,LEA,8,0,0,1,0,0,JNE,0,0,0,0,0,0,JE,0,0,4268560,4268713,4268569,0,0,0,1,fortran,0.0045507125510155,1.0,1,0,1
0x4121f8,JZ,2242068693,2242068693,24,2,0x4121f0,CMP,1,Recursive,rcx(-1) ,rflags ,LEA,4,CMP,4,SUB,3,JZ,2,MOV,5,SUB,4,CMP,4,LEA,4,JZ,2,SUB,4,0,0,1,0,0,JE,0,0,1,0,0,0,JE,0,0,4268525,4268560,4268538,0,0,0,1,fortran,0.0045507125510155,1.0,1,0,1
0x4121eb,JZ,2242068693,0,37,2,0x4121e2,CMP,1,Recursive,rcx(-1) ,rflags ,MOV,5,CMP,4,SUB,4,JZ,6,TEST,3,SUB,3,CMP,4,LEA,4,JZ,2,SUB,4,0,1,1,0,0,JE,0,0,1,0,0,0,JE,0,0,4268510,4268560,4268525,0,0,0,1,fortran,0.0045507125510155,0.0,0,0,0
0x4121d8,JZ,2242068693,0,237,6,0x4121d5,TEST,1,Recursive,rcx(CMOVBE) rcx(CMOVBE) ,rflags ,TEST,3,CMOVBE,4,MOV,3,CMP,4,CMOVNBE,4,SUB,4,CMP,4,MOV,5,JZ,2,SUB,3,0,1,0,0,0,JMP,0,0,1,0,0,0,JE,0,0,4268456,4268741,4268510,0,0,0,1,fortran,0.0045507125510155,0.0,0,0,0
0x4121a2,JNLE,2242068693,0,263,6,0x41219f,CMP,1,Recursive,r11(-1) r15(-1) ,rflags ,CMP,3,MOV,5,MOV,5,SUB,3,LEA,8,MOV,5,LEA,4,MOV,5,AND,3,SHR,4,1,1,1,0,0,JNE,0,0,1,0,0,0,JE,0,0,4268447,4268713,4268456,0,0,0,0,fortran,0.0045507125510155,0.0,0,0,0
0x41210f,JNZ,2241084066,1494056044,-264,6,0x41210a,CMP,1,Recursive,rbx(ADD) rsp(-1) ,rflags ,CMP,5,ADD,4,ADD,4,ADD,4,ADD,8,JMP,5,MOV,3,JMP,5,MOV,7,MOV,8,0,0,0,1,1,JG,0,0,1,1,0,0,JMP,1,0,4268286,4268039,4268309,0,0,0,0,fortran,0.0045487140598627,0.6666666666666666,1,1,1
0x412074,JZ,2241084066,2241084066,138,6,0x412071,CMP,1,Recursive,rcx(-1) r12(-1) ,rflags ,CMP,3,LEA,4,ADD,4,JZ,2,LEA,4,MOV,5,SUB,3,MOV,3,SHR,4,LEA,8,0,0,1,0,0,JNE,0,0,0,0,0,0,JE,0,0,4268145,4268286,4268154,0,0,0,0,fortran,0.0045487140598627,1.0,1,0,1
0x412059,JZ,2241084066,2241084066,24,2,0x412051,CMP,1,Recursive,rcx(-1) ,rflags ,LEA,4,CMP,4,ADD,3,JZ,2,MOV,3,ADD,4,CMP,4,LEA,4,JZ,2,ADD,4,0,0,1,0,0,JE,0,0,1,0,0,0,JE,0,0,4268110,4268145,4268123,0,0,0,1,fortran,0.0045487140598627,1.0,1,0,1
0x41204c,JZ,2241084066,0,37,2,0x412045,CMP,1,Recursive,rcx(-1) ,rflags ,MOV,3,CMP,4,ADD,4,JZ,6,TEST,3,ADD,3,CMP,4,LEA,4,JZ,2,ADD,4,0,1,1,0,0,JE,0,0,1,0,0,0,JE,0,0,4268097,4268145,4268110,0,0,0,1,fortran,0.0045487140598627,0.0,0,0,0
0x41203b,JZ,2241084066,0,223,6,0x412038,TEST,1,Recursive,rcx(CMOVBE) rcx(CMOVBE) ,rflags ,TEST,3,CMOVBE,4,MOV,3,CMP,4,CMOVNBE,4,ADD,4,CMP,4,MOV,3,JZ,2,ADD,3,0,1,0,0,0,JMP,0,0,1,0,0,0,JE,0,0,4268048,4268314,4268097,0,0,0,1,fortran,0.0045487140598627,0.0,0,0,0
0x41200a,JNLE,2241084066,0,244,6,0x412007,CMP,1,Recursive,r11(-1) rbp(-1) ,rflags ,CMP,3,MOV,5,SUB,3,MOV,5,LEA,8,MOV,5,LEA,4,AND,3,SHR,4,NEG,3,1,1,1,0,0,JNE,0,0,1,0,0,0,JE,0,0,4268039,4268286,4268048,0,0,0,0,fortran,0.0045487140598627,0.0,0,0,0
0x411f76,JNZ,2492254620,1661503080,-265,6,0x411f71,CMP,1,Recursive,rbx(ADD) rsp(-1) ,rflags ,CMP,5,ADD,4,ADD,4,ADD,4,ADD,8,JMP,5,MOV,3,JMP,5,MOV,3,NOP,4,0,0,0,1,1,JG,0,0,1,1,0,0,JMP,1,0,4267877,4267629,4267900,0,0,0,0,fortran,0.0050585133341231,0.6666666666666666,1,1,1
0x411eda,JZ,2492254620,2492254620,139,6,0x411ed7,CMP,1,Recursive,rsi(-1) r12(-1) ,rflags ,CMP,3,LEA,4,ADD,4,JZ,2,LEA,4,MOV,5,SUB,3,MOV,3,SHR,4,LEA,8,0,0,1,0,0,JNE,0,0,0,0,0,0,JE,0,0,4267735,4267877,4267744,0,0,0,0,fortran,0.0050585133341231,1.0,1,0,1
0x411ebf,JZ,2492254620,2492254620,24,2,0x411eb7,CMP,1,Recursive,rsi(-1) ,rflags ,LEA,4,CMP,4,ADD,3,JZ,2,MOV,3,ADD,4,CMP,4,LEA,4,JZ,2,ADD,4,0,0,1,0,0,JE,0,0,1,0,0,0,JE,0,0,4267700,4267735,4267713,0,0,0,1,fortran,0.0050585133341231,1.0,1,0,1
0x411eb2,JZ,2492254620,0,37,2,0x411eab,CMP,1,Recursive,rsi(-1) ,rflags ,MOV,3,CMP,4,ADD,4,JZ,6,MOV,3,ADD,3,CMP,4,LEA,4,JZ,2,ADD,4,0,1,1,0,0,JE,0,0,1,0,0,0,JE,0,0,4267687,4267735,4267700,0,0,0,1,fortran,0.0050585133341231,0.0,0,0,0
0x411ea1,JZ,2492254620,0,224,6,0x411e9b,TEST,1,Recursive,rcx(CMOVBE) rcx(CMOVBE) ,rflags ,MOV,3,TEST,3,CMOVBE,4,CMP,4,CMOVNBE,4,ADD,4,CMP,4,MOV,3,JZ,2,ADD,3,0,1,0,0,0,JMP,0,0,1,0,0,0,JE,0,0,4267638,4267905,4267687,0,0,0,1,fortran,0.0050585133341231,0.0,0,0,0
0x411e70,JNLE,2492254620,0,245,6,0x411e6d,CMP,1,Recursive,rdx(-1) rbp(-1) ,rflags ,CMP,3,MOV,5,SUB,3,MOV,5,LEA,8,MOV,5,LEA,4,AND,3,SHR,4,NEG,3,1,1,1,0,0,JNE,0,0,1,0,0,0,JE,0,0,4267629,4267877,4267638,0,0,0,0,fortran,0.0050585133341231,0.0,0,0,0
0x411d91,JZ,2014135410,671378470,-13884,6,0x411d8c,CMP,1,Recursive,rbp(ADD) rsp(-1) ,rflags ,CMP,5,ADD,4,ADD,4,ADD,4,SUB,8,JMP,5,MOV,3,JMP,5,MOV,3,JMP,5,0,0,1,0,0,JG,1,0,1,0,0,0,JMP,0,0,4267392,4253525,4267415,0,0,1,0,fortran,0.004088077817753,0.3333333333333333,0,0,0
0x411ced,JZ,2014135410,2014135410,147,6,0x411cea,CMP,1,Recursive,r14(-1) rsi(-1) ,rflags ,CMP,3,LEA,4,SUB,4,JZ,2,LEA,4,MOV,5,SUB,3,MOV,5,SHR,4,MOV,5,0,0,1,0,0,JE,0,0,0,0,0,0,JE,0,0,4267242,4267392,4267251,0,0,0,1,fortran,0.004088077817753,1.0,1,0,1
0x411cd2,JZ,2014135410,2014135410,24,2,0x411cca,CMP,1,Recursive,rsi(-1) ,rflags ,LEA,4,CMP,4,SUB,3,JZ,2,MOV,3,SUB,4,CMP,4,LEA,4,JZ,2,SUB,4,0,0,1,0,0,JE,0,0,1,0,0,0,JE,0,0,4267207,4267242,4267220,0,0,0,1,fortran,0.004088077817753,1.0,1,0,1
0x411cc5,JZ,2014135410,0,37,2,0x411cbe,CMP,1,Recursive,rsi(-1) ,rflags ,MOV,3,CMP,4,SUB,4,JZ,6,MOV,3,SUB,3,CMP,4,LEA,4,JZ,2,SUB,4,0,1,1,0,0,JE,0,0,1,0,0,0,JE,0,0,4267194,4267242,4267207,0,0,0,1,fortran,0.004088077817753,0.0,0,0,0
0x411cb4,JZ,2014135410,0,232,6,0x411cae,TEST,1,Recursive,rcx(CMOVBE) rcx(CMOVBE) ,rflags ,MOV,3,TEST,3,CMOVBE,4,CMP,4,CMOVNBE,4,SUB,4,CMP,4,MOV,3,JZ,2,SUB,3,0,1,0,0,0,JMP,0,0,1,0,0,0,JE,0,0,4267145,4267420,4267194,0,0,0,1,fortran,0.004088077817753,0.0,0,0,0
0x411c83,JNLE,2014135410,0,253,6,0x411c80,CMP,1,Recursive,rdx(-1) r13(-1) ,rflags ,CMP,3,MOV,5,SUB,3,MOV,5,LEA,8,MOV,5,LEA,4,AND,3,SHR,4,NEG,3,1,1,1,0,0,JE,0,0,1,0,0,0,JE,0,0,4267136,4267392,4267145,0,0,0,0,fortran,0.004088077817753,0.0,0,0,0
0x411c00,JNZ,174169,0,-151,6,0x411bfa,CMP,1,Recursive,r9d(-1) rsp(-1) ,rflags ,NOP,1,CMP,5,JNZ,6,CMP,4,NOP,1,JMP,5,MOV,7,MOV,8,MOV,8,MOVDQA,8,0,0,0,0,0,JNE,0,0,1,0,0,0,JMP,0,0,4267002,4266857,4267014,0,0,0,0,fortran,3.5350971037256495e-07,0.0,0,0,0
0x411bf4,JNZ,380839,206670,-139,6,0x411bf0,CMP,1,Recursive,esi(-1) rsp(-1) ,rflags ,CMP,4,NOP,1,JMP,5,JNZ,6,TEST,3,CMP,5,NOP,1,JNZ,6,JMP,5,MOV,7,0,0,0,0,0,JNE,0,0,1,0,0,0,JNE,0,0,4266992,4266857,4267002,0,0,0,0,fortran,7.729864935124923e-07,0.5426702622367983,1,0,1
0x411be4,JNZ,32865,19207,-2864,6,0x411be1,TEST,1,Recursive,r9d(MOV) r9d(MOV) ,rflags ,TEST,3,MOV,4,JNZ,6,TEST,3,MOV,5,JMP,5,NOP,1,CMP,4,JNZ,6,CMP,5,0,0,0,0,0,JNE,0,0,1,0,0,0,JMP,1,0,4266973,4264116,4266986,0,0,0,0,fortran,6.670588124978813e-08,0.5844211166894873,1,0,1
0x411bd7,JNZ,62609,29744,-2851,6,0x411bd4,TEST,1,Recursive,r10d(MOV) r10d(MOV) ,rflags ,TEST,3,MOV,5,JNZ,6,TEST,3,MOV,3,MOV,4,TEST,3,JNZ,6,JMP,5,NOP,1,0,0,0,0,0,JNE,0,0,1,0,0,0,JNE,0,0,4266959,4264116,4266973,0,0,0,0,fortran,1.270770886708652e-07,0.4750754683831398,0,0,0
0x411bc9,JNZ,107566,44957,-2837,6,0x411bc6,TEST,1,Recursive,r11d(MOV) r11d(MOV) ,rflags ,TEST,3,MOV,3,MOV,8,JNZ,6,TEST,2,MOV,5,TEST,3,JNZ,6,MOV,4,TEST,3,0,0,0,0,0,JNE,0,0,1,0,0,0,JNE,0,0,4266939,4264116,4266959,0,0,0,0,fortran,2.183260253313467e-07,0.4179480504992284,0,0,0
0x411bb5,JNZ,159658,52092,-2817,6,0x411bb3,TEST,1,Recursive,esi(MOV) esi(MOV) ,rflags ,TEST,2,MOV,4,JNZ,6,TEST,3,MOV,5,MOV,8,MOV,3,TEST,3,JNZ,6,MOV,5,0,0,0,0,0,JNE,0,0,1,0,0,0,JNE,0,0,4266927,4264116,4266939,0,0,0,0,fortran,3.240568260635531e-07,0.3262724072705408,0,0,0
0x411ba9,JNZ,224479,64821,-2805,6,0x411ba6,TEST,1,Recursive,r9d(MOV) r9d(MOV) ,rflags ,TEST,3,MOV,5,JNZ,6,TEST,3,MOV,3,MOV,4,TEST,2,JNZ,6,MOV,8,MOV,3,0,0,0,0,0,JNE,0,0,1,0,0,0,JNE,0,0,4266913,4264116,4266927,0,0,0,0,fortran,4.556235970506979e-07,0.2887619777351111,0,0,0
0x411b9b,JNZ,332124,107645,-2791,6,0x411b98,TEST,1,Recursive,r10d(MOV) r10d(MOV) ,rflags ,TEST,3,MOV,3,MOV,8,JNZ,6,CMP,3,MOV,5,TEST,3,JNZ,6,MOV,4,TEST,2,0,0,0,0,0,JNE,0,0,1,0,0,0,JNE,0,0,4266893,4264116,4266913,0,0,0,0,fortran,6.741099681790546e-07,0.3241108742517855,0,0,0
0x411b87,JNZ,157955,0,-2771,6,0x411b84,CMP,1,Recursive,r9d(-1) r12d(-1) ,rflags ,CMP,3,JNZ,6,CMP,4,MOV,4,JNZ,6,MOV,8,MOV,3,TEST,3,JNZ,6,MOV,5,0,0,0,0,0,JNE,0,0,0,0,0,0,JNE,0,0,4266884,4264116,4266893,0,0,0,0,fortran,3.2060025780648964e-07,0.0,0,0,0
0x411b7e,JNZ,356809,198854,-2762,6,0x411b7a,CMP,1,Recursive,rsp(-1) esi(MOV) ,rflags ,CMP,4,MOV,4,JNZ,6,NOP,5,CMP,2,CMP,3,JNZ,6,MOV,8,MOV,3,TEST,3,0,0,0,0,0,JNE,0,0,1,0,0,0,JNE,0,0,4266870,4264116,4266884,0,0,0,0,fortran,7.242129555105933e-07,0.5573121754215841,1,0,1
0x411b70,JNZ,1666872,1310063,-2748,6,0x411b69,CMP,1,Recursive,esi(-1) ecx(-1) ,rflags ,NOP,5,CMP,2,JZ,6,CMP,3,NOP,5,MOV,4,CMP,4,JNZ,6,CMP,3,JNZ,6,0,0,0,0,0,JNE,0,0,1,0,0,0,JNE,0,0,4266857,4264116,4266870,0,0,0,0,fortran,3.3832394854890256e-06,0.7859409720722407,1,0,1
0x411b63,JZ,1841041,380839,141,6,0x411b60,CMP,1,Recursive,ecx(-1) r12d(-1) ,rflags ,CMP,3,NOP,5,JMP,5,JNZ,6,TEST,2,CMP,2,NOP,5,JNZ,6,MOV,4,CMP,4,0,1,0,0,0,JNE,0,0,1,0,0,0,JNE,0,0,4266848,4266992,4266857,0,0,0,0,fortran,3.7367491958615913e-06,0.2068606837110091,0,0,0
0x411b50,JNZ,9160,3941,-2716,6,0x411b4e,TEST,1,Recursive,esi(MOV) esi(MOV) ,rflags ,TEST,2,MOV,4,JNZ,6,TEST,3,MOV,8,JMP,5,NOP,5,CMP,3,JZ,6,CMP,2,0,0,0,0,0,JNE,0,0,1,0,0,0,JMP,1,0,4266826,4264116,4266838,0,0,0,0,fortran,1.8591993678626482e-08,0.4302401746724891,0,0,0
0x411b44,JNZ,12995,3835,-2704,6,0x411b41,TEST,1,Recursive,r9d(MOV) r9d(MOV) ,rflags ,TEST,3,MOV,8,JNZ,6,TEST,3,MOV,5,MOV,4,TEST,2,JNZ,6,JMP,5,NOP,5,0,0,0,0,0,JNE,0,0,1,0,0,0,JNE,0,0,4266809,4264116,4266826,0,0,0,0,fortran,2.6375868761326536e-08,0.2951135051943055,0,0,0
0x411b33,JNZ,18813,5818,-2687,6,0x411b30,TEST,1,Recursive,r10d(MOV) r10d(MOV) ,rflags ,TEST,3,MOV,5,JNZ,6,TEST,3,MOV,3,MOV,8,TEST,3,JNZ,6,MOV,4,TEST,2,0,0,0,0,0,JNE,0,0,1,0,0,0,JNE,0,0,4266795,4264116,4266809,0,0,0,0,fortran,3.818462631834061e-08,0.3092542390899909,0,0,0
0x411b25,JNZ,34218,15405,-2673,6,0x411b22,TEST,1,Recursive,r11d(MOV) r11d(MOV) ,rflags ,TEST,3,MOV,3,MOV,8,JNZ,6,TEST,2,MOV,5,TEST,3,JNZ,6,MOV,8,TEST,3,0,0,0,0,0,JNE,0,0,1,0,0,0,JNE,0,0,4266775,4264116,4266795,0,0,0,0,fortran,6.94520567352883e-08,0.4502016482553042,0,0,0
0x411b11,JNZ,51319,17101,-2653,6,0x411b0f,TEST,1,Recursive,esi(MOV) esi(MOV) ,rflags ,TEST,2,MOV,4,JNZ,6,TEST,3,MOV,3,MOV,8,MOV,3,TEST,3,JNZ,6,MOV,5,0,0,0,0,0,JNE,0,0,1,0,0,0,JNE,0,0,4266763,4264116,4266775,0,0,0,0,fortran,1.0416184755386815e-07,0.3332294082113837,0,0,0
0x411b05,JNZ,76660,25341,-2641,6,0x411b02,TEST,1,Recursive,r9d(MOV) r9d(MOV) ,rflags ,TEST,3,MOV,3,MOV,8,JNZ,6,CMP,5,MOV,4,TEST,2,JNZ,6,MOV,8,MOV,3,0,0,0,0,0,JNE,0,0,1,0,0,0,JNE,0,0,4266743,4264116,4266763,0,0,0,0,fortran,1.555963139086797e-07,0.3305635272632403,0,0,0
0x411af1,JNZ,223755,147095,-2621,6,0x411aec,CMP,1,Recursive,r10d(-1) rsp(-1) ,rflags ,CMP,5,JNZ,6,CMP,5,JNZ,6,CMP,3,MOV,8,MOV,3,TEST,3,JNZ,6,MOV,4,0,0,0,0,0,JNE,0,0,1,0,0,0,JNE,0,0,4266732,4264116,4266743,0,0,0,0,fortran,4.541540988603786e-07,0.6573931308797569,1,0,1
0x411ae6,JNZ,1293014,1069259,-2610,6,0x411ae1,CMP,1,Recursive,r9d(-1) rsp(-1) ,rflags ,CMP,5,JNZ,6,CMP,3,NOP,7,JNZ,6,CMP,5,JNZ,6,MOV,8,MOV,3,TEST,3,0,0,0,0,0,JNE,0,0,1,0,0,0,JNE,0,0,4266721,4264116,4266732,0,0,0,0,fortran,2.6244222832287703e-06,0.8269508296120537,1,0,1
0x411adb,JNZ,3937855,2644841,-2599,6,0x411ad8,CMP,1,Recursive,ecx(-1) r12d(-1) ,rflags ,CMP,3,NOP,7,JNZ,6,CMP,2,MOV,4,CMP,5,JNZ,6,CMP,5,JNZ,6,MOV,8,0,0,0,0,0,JNE,0,0,1,0,0,0,JNE,0,0,4266712,4264116,4266721,0,0,0,0,fortran,7.992639221326164e-06,0.6716450961246668,1,0,1
0x411acb,JNZ,70623,70623,-2583,6,0x411ac9,CMP,1,Recursive,ecx(-1) esi(MOV) ,rflags ,CMP,2,MOV,4,JZ,6,TEST,3,MOV,3,NOP,7,CMP,3,JNZ,6,CMP,5,JNZ,6,0,0,0,0,0,JNE,0,0,1,0,0,0,NOP,0,0,4266693,4264116,4266705,0,0,0,0,fortran,1.4334305344603034e-07,1.0,1,0,1
0x411abf,JZ,12971,7416,-3272,6,0x411abc,TEST,1,Recursive,r11d(MOV) r11d(MOV) ,rflags ,TEST,3,MOV,3,JNZ,2,TEST,2,MOV,4,MOV,4,CMP,2,JNZ,6,NOP,7,CMP,3,0,0,0,0,0,JMP,1,0,0,0,0,0,JNE,0,0,4266681,4263415,4266693,0,0,1,0,fortran,2.6327156114133628e-08,0.5717369516613985,1,0,1
0x411ab7,JNZ,17912,4941,14,2,0x411ab5,TEST,1,Recursive,esi(MOV) esi(MOV) ,rflags ,TEST,2,MOV,4,JNZ,2,TEST,3,MOV,4,MOV,3,TEST,3,JZ,6,MOV,4,CMP,2,0,0,0,0,0,JNE,0,0,1,0,0,0,JE,0,0,4266673,4266693,4266681,0,0,0,0,fortran,3.6355872354973526e-08,0.2758485931219294,0,0,0
0x411aaf,JNZ,21480,3568,22,2,0x411aac,TEST,1,Recursive,r11d(MOV) r11d(MOV) ,rflags ,TEST,3,MOV,4,JNZ,2,TEST,2,MOV,2,MOV,4,TEST,2,JNZ,2,MOV,3,TEST,3,0,0,0,0,0,JNE,0,0,1,0,0,0,JNE,0,0,4266664,4266693,4266673,0,0,0,0,fortran,4.359781923765249e-08,0.1661080074487895,0,0,0
0x411aa6,JNZ,36407,14927,31,2,0x411aa4,TEST,1,Recursive,esi(MOV) esi(MOV) ,rflags ,TEST,2,MOV,2,MOV,8,JNZ,2,TEST,3,MOV,4,TEST,3,JNZ,2,MOV,4,TEST,2,0,0,0,0,0,JNE,0,0,1,0,0,0,JNE,0,0,4266650,4266693,4266664,0,0,0,0,fortran,7.38950560980081e-08,0.4100035707418903,0,0,0
0x411a98,JNZ,53203,16796,45,2,0x411a95,TEST,1,Recursive,r11d(MOV) r11d(MOV) ,rflags ,TEST,3,MOV,5,JNZ,2,TEST,2,MOV,2,MOV,8,MOV,2,TEST,2,JNZ,2,MOV,4,0,0,0,0,0,JNE,0,0,1,0,0,0,JNE,0,0,4266640,4266693,4266650,0,0,0,0,fortran,1.0798579035851141e-07,0.315696483281018,0,0,0
0x411a8e,JNZ,78039,24836,55,2,0x411a8c,TEST,1,Recursive,esi(MOV) esi(MOV) ,rflags ,TEST,2,MOV,2,MOV,8,JNZ,6,CMP,4,MOV,5,TEST,3,JNZ,2,MOV,8,MOV,2,0,1,0,0,0,JNE,0,0,1,0,0,0,JNE,0,0,4266626,4266693,4266640,0,0,0,0,fortran,1.5839526142863886e-07,0.318251130844834,0,0,0
0x411a7c,JNZ,223044,145005,-2512,6,0x411a78,CMP,1,Recursive,esi(-1) rsp(-1) ,rflags ,CMP,4,JNZ,6,MOV,2,CMP,4,MOV,4,MOV,8,MOV,2,TEST,2,JNZ,2,MOV,5,0,0,0,0,0,JE,0,0,1,0,0,0,JNE,0,0,4266616,4264108,4266626,0,0,0,0,fortran,4.527109866872887e-07,0.6501183622962285,1,0,1
0x411a72,JNZ,1244494,1021450,-2502,6,0x411a6c,CMP,1,Recursive,rsp(-1) esi(MOV) ,rflags ,MOV,2,CMP,4,MOV,4,JNZ,6,CMP,2,CMP,4,JNZ,6,MOV,8,MOV,2,TEST,2,0,0,0,0,0,JE,0,0,1,0,0,0,JNE,0,0,4266600,4264108,4266616,0,0,0,0,fortran,2.525941548153775e-06,0.8207753512672621,1,0,1
0x411a62,JNZ,3781943,2537449,-2488,6,0x411a60,CMP,1,Recursive,esi(-1) ecx(-1) ,rflags ,CMP,2,NOP,5,JMP,5,JNZ,6,NOP,4,MOV,4,CMP,4,MOV,2,JNZ,6,CMP,4,0,0,0,0,0,MOV,0,0,1,0,0,0,JNE,0,0,4266592,4264106,4266600,0,0,0,0,fortran,7.676185627611971e-06,0.6709379279380996,1,0,1
0x411a50,JNZ,68023,0,-3128,6,0x411a49,CMP,1,Recursive,r8d(-1) esi(-1) ,rflags ,NOP,4,CMP,3,JNZ,6,CMP,3,NOP,6,JMP,5,NOP,5,CMP,2,JNZ,6,MOV,4,0,0,0,0,0,JNE,0,0,1,0,0,0,JMP,0,0,4266569,4263448,4266582,0,0,0,0,fortran,1.38065850000132e-07,0.0,0,0,0
0x411a43,JNZ,141523,73500,-3115,6,0x411a40,CMP,1,Recursive,edi(-1) r11d(-1) ,rflags ,CMP,3,NOP,6,JMP,5,JNZ,6,TEST,2,CMP,3,NOP,4,JNZ,6,JMP,5,NOP,5,0,0,0,0,0,JNE,0,0,1,0,0,0,JNE,0,0,4266560,4263448,4266569,0,0,0,0,fortran,2.872483320284121e-07,0.5193502116263787,1,0,1
0x411a2f,JNZ,57680,32048,-3231,6,0x411a2d,TEST,1,Recursive,ebx(MOV) ebx(MOV) ,rflags ,TEST,2,MOV,3,JNZ,6,TEST,2,MOV,7,JMP,5,NOP,6,CMP,3,JNZ,6,CMP,3,0,0,0,0,0,JE,0,0,1,0,0,0,JMP,1,0,4266538,4263312,4266549,0,0,0,0,fortran,1.1707272875362177e-07,0.5556171983356449,1,0,1
0x411a24,JNZ,109765,52085,-3220,6,0x411a22,TEST,1,Recursive,ebp(MOV) ebp(MOV) ,rflags ,TEST,2,MOV,7,MOV,4,JNZ,6,TEST,2,MOV,3,TEST,2,JNZ,6,JMP,5,NOP,6,0,0,0,0,0,JE,0,0,1,0,0,0,JNE,0,0,4266519,4263312,4266538,0,0,0,0,fortran,2.227893216303969e-07,0.4745137338860292,0,0,0
0x411a11,JNZ,147173,37408,-3201,6,0x411a0f,TEST,1,Recursive,edi(MOV) edi(MOV) ,rflags ,TEST,2,MOV,5,JNZ,6,TEST,3,MOV,3,MOV,4,MOV,7,TEST,2,JNZ,6,MOV,3,0,0,0,0,0,JE,0,0,1,0,0,0,JNE,0,0,4266506,4263312,4266519,0,0,0,0,fortran,2.987161010550759e-07,0.2541770569329972,0,0,0
0x411a04,JNZ,216961,69788,-3188,6,0x411a01,TEST,1,Recursive,r11d(MOV) r11d(MOV) ,rflags ,TEST,3,MOV,3,MOV,5,JNZ,6,CMP,3,MOV,5,TEST,2,JNZ,6,MOV,4,MOV,7,0,0,0,0,0,JE,0,0,1,0,0,0,JNE,0,0,4266489,4263312,4266506,0,0,0,0,fortran,4.403643603175196e-07,0.3216614967667,0,0,0
0x4119f3,JNZ,1653293,1436332,-3171,6,0x4119f0,CMP,1,Recursive,r8d(-1) rax(-1) ,rflags ,CMP,3,NOP,4,JMP,5,JNZ,6,TEST,3,MOV,5,MOV,3,TEST,3,JNZ,6,MOV,5,0,0,0,0,0,JE,0,0,1,0,0,0,JNE,0,0,4266480,4263312,4266489,0,0,0,0,fortran,3.355678275646005e-06,0.8687703873421105,1,0,1
0x4119e1,JNZ,57737,27842,-3140,6,0x4119de,TEST,1,Recursive,r11d(MOV) r11d(MOV) ,rflags ,TEST,3,MOV,4,JNZ,6,TEST,2,MOV,7,JMP,5,NOP,4,CMP,3,JNZ,6,MOV,5,0,0,0,0,0,JE,0,0,1,0,0,0,JMP,1,0,4266458,4263325,4266471,0,0,0,0,fortran,1.171884212907049e-07,0.4822211060498467,0,0,0
0x4119d4,JNZ,115165,57428,-3127,6,0x4119d2,TEST,1,Recursive,ebx(MOV) ebx(MOV) ,rflags ,TEST,2,MOV,7,MOV,4,JNZ,6,TEST,2,MOV,4,TEST,3,JNZ,6,JMP,5,NOP,4,0,0,0,0,0,JE,0,0,1,0,0,0,JNE,0,0,4266439,4263325,4266458,0,0,0,0,fortran,2.3374966724880118e-07,0.4986584465766508,0,0,0
0x4119c1,JNZ,145536,30371,-3108,6,0x4119bf,TEST,1,Recursive,ebp(MOV) ebp(MOV) ,rflags ,TEST,2,MOV,5,JNZ,6,TEST,3,MOV,3,MOV,4,MOV,7,TEST,2,JNZ,6,MOV,4,0,0,0,0,0,JE,0,0,1,0,0,0,JNE,0,0,4266426,4263325,4266439,0,0,0,0,fortran,2.953934925777929e-07,0.2086837620932277,0,0,0
0x4119b4,JNZ,213324,67788,-3095,6,0x4119b1,TEST,1,Recursive,r11d(MOV) r11d(MOV) ,rflags ,TEST,3,MOV,3,MOV,5,JNZ,6,CMP,3,MOV,5,TEST,2,JNZ,6,MOV,4,MOV,7,0,0,0,0,0,JE,0,0,1,0,0,0,JNE,0,0,4266409,4263325,4266426,0,0,0,0,fortran,4.32982364574161e-07,0.3177701524441694,0,0,0
0x4119a3,JNZ,1669738,1456414,-3078,6,0x4119a0,CMP,1,Recursive,r8d(-1) esi(-1) ,rflags ,CMP,3,NOP,9,JMP,5,JNZ,6,CMP,8,MOV,5,MOV,3,TEST,3,JNZ,6,MOV,5,0,0,0,0,0,JE,0,0,1,0,0,0,JNE,0,0,4266400,4263325,4266409,0,0,0,0,fortran,3.389056587441312e-06,0.8722410342221355,1,0,1
0x41198c,JNZ,52545,36131,-950,6,0x411984,CMP,1,Recursive,rsp(-1) ,rflags ,CMP,8,ADD,9,ADD,8,JNZ,6,CMP,5,JMP,5,NOP,9,CMP,3,JNZ,6,MOV,5,0,0,0,1,1,MOV,0,0,1,0,0,0,JMP,1,0,4266355,4265430,4266386,0,0,1,0,fortran,1.0665025194797253e-07,0.6876201351222762,1,1,1
0x41196d,JNZ,161206,108661,-810,6,0x411968,CMP,1,Recursive,rsp(-1) ,rflags ,CMP,5,ADD,6,ADD,6,ADD,9,ADD,9,ADD,8,ADD,9,CMP,8,JNZ,6,JMP,5,0,0,0,1,1,JG,0,0,1,0,0,0,JNE,1,0,4266309,4265539,4266355,0,0,0,1,fortran,3.2719879180749565e-07,0.6740505936503605,1,1,1
0x41193c,JNZ,487528,326322,-662,6,0x41193a,CMP,1,Recursive,ecx(MOV) eax(MOV) ,rflags ,CMP,2,ADD,9,MOV,7,MOV,7,JNZ,6,MOV,3,ADD,5,ADD,9,ADD,9,ADD,6,0,0,0,1,1,JG,0,0,1,0,0,0,MOV,1,0,4266275,4265638,4266306,0,0,1,0,fortran,9.895324775276649e-07,0.6693400173938727,1,1,1
0x41191d,JNZ,1466351,978823,-405,6,0x411919,CMP,1,Recursive,rsp(-1) eax(MOV) ,rflags ,CMP,4,MOV,4,ADD,5,ADD,5,JNZ,6,MOV,7,MOV,7,ADD,9,CMP,2,JNZ,6,0,0,0,1,1,NOP,0,0,0,0,0,0,JNE,1,0,4266251,4265864,4266275,0,0,1,1,fortran,2.976243288498648e-06,0.6675229873338648,1,1,1
0x411905,JNZ,4402778,2936427,-349,6,0x411900,CMP,1,Recursive,r11d(ADD) rsp(-1) ,rflags ,CMP,5,ADD,4,ADD,4,NOP,4,JNZ,6,ADD,5,ADD,5,MOV,4,CMP,4,JNZ,6,0,0,0,1,1,JE,0,0,1,0,0,0,JNE,1,0,4266232,4265896,4266251,0,0,0,1,fortran,8.93629047427901e-06,0.6669486855798771,1,1,1
0x4118ee,JNZ,423483,376279,-278,6,0x4118eb,CMP,1,Recursive,eax(ADD) ,rflags ,CMP,3,ADD,3,ADD,4,MOV,4,NOP,6,NOP,4,ADD,4,ADD,4,CMP,5,JNZ,6,0,0,0,1,1,JLE,0,0,1,0,0,0,NOP,1,0,4266208,4265944,4266228,0,0,0,0,fortran,8.595407487997573e-07,0.8885338962839122,1,1,1
0x4118d4,JNZ,5191,4623,-150,6,0x4118d0,CMP,1,Recursive,rcx(ADD) ,rflags ,CMP,4,ADD,4,JZ,6,TEST,2,MOV,4,NOP,6,MOV,4,ADD,4,ADD,3,CMP,3,0,0,0,1,1,JLE,0,0,1,0,0,0,NOP,1,0,4266188,4266046,4266202,0,0,0,0,fortran,1.053613964909935e-08,0.8905798497399345,1,1,1
0x4118c6,JZ,8822,3631,-2767,6,0x4118c4,TEST,1,Recursive,eax(MOV) eax(MOV) ,rflags ,TEST,2,MOV,4,MOV,8,JNZ,6,TEST,2,ADD,4,CMP,4,JNZ,6,NOP,6,MOV,4,0,0,0,0,0,JMP,1,0,1,0,0,0,JNE,0,0,4266168,4263415,4266188,0,0,1,0,fortran,1.7905957230659692e-08,0.411584674676944,0,0,0
0x4118b2,JNZ,14472,5650,-130,6,0x4118b0,TEST,1,Recursive,esi(MOV) esi(MOV) ,rflags ,TEST,2,MOV,4,MOV,8,JNZ,2,TEST,2,MOV,8,MOV,4,TEST,2,JZ,6,ADD,4,0,0,0,0,0,JE,0,0,1,0,0,0,JE,0,0,4266148,4266032,4266168,0,0,0,0,fortran,2.937372625732341e-08,0.3904090657822001,0,0,0
0x4118a2,JNZ,25050,10578,-114,2,0x4118a0,TEST,1,Recursive,eax(MOV) eax(MOV) ,rflags ,TEST,2,MOV,4,MOV,8,JNZ,2,TEST,2,MOV,8,MOV,4,TEST,2,JNZ,6,MOV,8,0,0,0,0,0,JE,0,0,1,0,0,0,JNE,0,0,4266132,4266032,4266148,0,0,0,0,fortran,5.0843825507597526e-08,0.4222754491017964,0,0,0
0x411892,JNZ,31825,6775,-98,2,0x411890,TEST,1,Recursive,eax(MOV) eax(MOV) ,rflags ,TEST,2,MOV,5,MOV,8,JNZ,2,TEST,2,MOV,8,MOV,4,TEST,2,JNZ,2,MOV,8,0,0,0,0,0,JE,0,0,1,0,0,0,JNE,0,0,4266115,4266032,4266132,0,0,0,0,fortran,6.459499987142878e-08,0.2128829536527887,0,0,0
0x411881,JNZ,47547,15722,-81,2,0x41187f,TEST,1,Recursive,eax(MOV) eax(MOV) ,rflags ,TEST,2,MOV,4,MOV,8,JNZ,2,TEST,2,MOV,8,MOV,5,TEST,2,JNZ,2,MOV,8,0,0,0,0,0,JE,0,0,1,0,0,0,JNE,0,0,4266099,4266032,4266115,0,0,0,0,fortran,9.650584317004946e-08,0.3306622920478684,0,0,0
0x411871,JNZ,65212,17665,-65,2,0x41186f,TEST,1,Recursive,eax(MOV) eax(MOV) ,rflags ,TEST,2,MOV,4,MOV,4,MOV,8,JNZ,2,MOV,8,MOV,4,TEST,2,JNZ,2,MOV,8,0,0,0,0,0,JE,0,0,1,0,0,0,JNE,0,0,4266079,4266032,4266099,0,0,0,0,fortran,1.3236038119766266e-07,0.2708857265533951,0,0,0
0x41185d,JNZ,427114,361902,-45,2,0x411859,CMP,1,Recursive,edi(-1) rsi(MOV) rcx(-1) ,rflags ,CMP,4,MOV,8,JNZ,2,CMP,5,JLE,2,MOV,8,MOV,4,MOV,4,TEST,2,JNZ,2,0,0,0,0,0,JE,0,0,1,0,0,0,JNE,0,0,4266065,4266032,4266079,1,0,0,0,fortran,8.669105663813176e-07,0.8473194510130785,1,1,1
0x41184f,JNZ,2552831,2125717,-31,2,0x41184a,CMP,1,Recursive,r10d(-1) rbx(-1) rcx(-1) ,rflags ,CMP,5,JLE,2,CMP,3,JLE,2,CMP,2,MOV,8,CMP,4,JNZ,2,MOV,8,MOV,4,0,0,0,0,0,JE,0,0,1,0,0,0,JNE,0,0,4266058,4266032,4266065,1,0,0,0,fortran,5.181464826921584e-06,0.8326900605641345,1,1,1
0x411848,JLE,2596692,1276179,-24,2,0x411845,CMP,1,Recursive,esi(-1) r14d(-1) ,rflags ,CMP,3,JLE,2,CMP,2,LEA,3,JZ,6,CMP,5,JNZ,2,MOV,8,CMP,4,JNZ,2,0,0,0,0,0,JE,0,0,0,0,0,0,JNE,0,0,4266053,4266032,4266058,0,0,0,0,fortran,5.270489219360256e-06,0.4914633695486411,0,0,0
0x411843,JLE,3829010,1232318,7,2,0x411841,CMP,1,Recursive,esi(LEA) ebp(-1) ,rflags ,CMP,2,LEA,3,JZ,6,CMP,4,ADD,4,CMP,3,JLE,2,CMP,5,JNZ,2,MOV,8,1,1,0,0,0,JNE,0,0,1,0,0,0,JLE,0,0,4266046,4266058,4266053,0,0,0,0,fortran,7.771717217838163e-06,0.3218372373015479,0,0,0
0x411838,JZ,3820188,422915,168,6,0x411834,CMP,1,Recursive,rcx(ADD) ,rflags ,CMP,4,ADD,4,JMP,2,MOV,8,ADD,3,LEA,3,CMP,2,JLE,2,CMP,3,JLE,2,0,0,0,0,0,JNE,1,0,0,0,1,1,JLE,0,0,4266032,4266208,4266046,0,0,0,0,fortran,7.753811260607503e-06,0.1107052846613831,0,0,0
0x411806,JNZ,2938308,2511194,-62,2,0x411801,CMP,1,Recursive,r10d(MOV) rsi(MOV) rdx(-1) ,rflags ,CMP,5,MOV,5,MOV,5,MOV,4,MOV,5,MOV,3,ADD,5,XOR,2,MOV,4,MOV,8,0,0,0,0,0,JE,0,0,1,0,0,0,JMP,0,0,4265966,4265928,4265992,1,0,0,1,fortran,5.963865039504105e-06,0.8546394727850177,1,0,1
0x4117ec,JNZ,17621375,14683067,-36,2,0x4117e7,CMP,1,Recursive,edi(MOV) r9(-1) rdx(-1) ,rflags ,CMP,5,MOV,5,JLE,2,CMP,3,JLE,2,MOV,5,MOV,4,MOV,5,MOV,5,CMP,5,0,0,0,0,0,JE,0,0,1,0,0,0,JNE,0,0,4265954,4265928,4265966,1,0,0,0,fortran,3.5765992642871906e-05,0.8332531939193167,1,1,1
0x4117e0,JLE,17753716,8809599,-24,2,0x4117dd,CMP,1,Recursive,eax(-1) r15d(-1) ,rflags ,CMP,3,JLE,2,CMP,3,JZ,6,CMP,3,MOV,5,CMP,5,JNZ,2,MOV,5,MOV,4,0,0,0,0,0,JE,0,0,0,0,0,0,JNE,0,0,4265949,4265928,4265954,1,0,0,0,fortran,3.6034604327961765e-05,0.4962115536826206,0,1,0
0x4117db,JLE,26430974,8677258,7,2,0x4117d8,CMP,1,Recursive,eax(-1) r12d(-1) ,rflags ,CMP,3,JZ,6,CMP,3,ADD,4,ADD,3,CMP,3,JLE,2,MOV,5,CMP,5,JNZ,2,1,1,0,0,0,JNE,0,0,1,0,0,0,JLE,0,0,4265944,4265954,4265949,0,0,0,0,fortran,5.36467796427883e-05,0.3282988360550012,0,0,0
0x4117d2,JZ,26003860,2887473,294,6,0x4117cf,CMP,1,Recursive,eax(ADD) ,rflags ,CMP,3,ADD,4,ADD,3,NOP,4,JMP,2,CMP,3,JLE,2,CMP,3,JLE,2,MOV,5,0,0,0,0,0,JNE,1,0,0,0,1,1,JLE,0,0,4265928,4266232,4265944,0,0,0,0,fortran,5.277986907640698e-05,0.1110401686518847,0,0,0
0x4117ad,JZ,4406409,1468101,331,6,0x4117a8,CMP,1,Recursive,rsp(-1) r11d(MOV) ,rflags ,CMP,5,NOP,4,MOV,8,MOV,8,XOR,3,MOV,5,XOR,2,MOV,5,ADD,3,JMP,2,1,1,0,0,0,JNE,0,0,1,0,0,0,JMP,0,0,4265896,4266232,4265907,1,0,0,0,fortran,8.94366029186057e-06,0.3331740199332381,0,0,0
0x4116d3,JNLE,491159,0,592,6,0x4116cb,CMP,1,Recursive,rsp(-1) r15d(LEA) ,rflags ,CMP,8,CMOVNZ,3,CMP,2,LEA,3,LEA,3,MOV,8,CDQE,2,MOV,8,LEA,4,LEA,8,1,1,0,0,0,JNE,0,0,1,0,0,0,NOP,0,0,4265638,4266275,4265689,0,0,1,1,fortran,9.969022951092252e-07,0.0,0,0,0
0x41164b,JNLE,164837,0,762,6,0x411643,CMP,1,Recursive,rsp(-1) r14d(MOV) ,rflags ,CMP,8,MOV,8,ADD,8,MOV,8,MOV,8,MOV,4,MOV,7,MOV,3,MOV,12,LEA,3,1,1,0,0,0,JNE,0,0,1,0,0,0,MOV,0,0,4265539,4266309,4265553,0,0,1,1,fortran,3.34568609389056e-07,0.0,0,0,0
0x4115b5,JNZ,67672,47627,-2391,6,0x411524,SUB,0,Recursive,rsp(-1) ,rflags ,MOV,7,MOV,7,MOV,7,MOV,7,MOV,7,LEA,8,MOV,11,MOV,8,MOV,7,MOV,12,0,0,0,1,1,MOV,0,0,1,0,0,0,MOV,1,0,4265334,4263006,4265403,0,0,1,1,fortran,1.373534275349357e-07,0.703791819363991,1,1,1
0x4113e9,JNZ,609048,541376,-84,2,0x4113e1,CMP,1,Recursive,rax(ADD) rsp(-1) ,rflags ,CMP,8,MOV,3,MOV,6,MOV,3,MOV,6,MOVDQA,9,MOVDQA,9,MOVDQA,9,MOVDQA,9,MOVDQA,9,1,1,1,1,1,JNE,0,0,1,1,0,0,MOV,0,0,4264853,4264853,4264939,1,0,1,1,fortran,1.2361808478144211e-06,0.8888888888888888,1,1,1
0x4111c1,JNZ,609048,541376,-84,2,0x4111b9,CMP,1,Recursive,rax(ADD) rsp(-1) ,rflags ,CMP,8,MOV,3,MOV,6,MOV,3,MOV,6,MOVDQA,9,LEA,8,MOVDQA,9,MOVDQA,9,MOVDQA,9,1,1,1,1,1,JNE,0,0,1,1,0,0,MOV,0,0,4264301,4264301,4264387,1,0,1,1,fortran,1.2361808478144211e-06,0.8888888888888888,1,1,1
0x411157,JNZ,294769,227097,-1205,6,0x41114e,CMP,1,Recursive,rsp(-1) ,rflags ,CMP,9,ADD,9,ADD,9,ADD,9,ADD,9,LEA,8,LEA,8,MOV,2,ADD,4,ADD,4,0,0,0,1,1,SUB,0,0,1,0,0,0,LEA,1,0,4264225,4263074,4264285,0,0,1,0,fortran,5.982907625169266e-07,0.7704236198514769,1,1,1
0x41111b,JNZ,913238,618469,-532,6,0x411119,CMP,1,Recursive,ecx(MOV) eax(MOV) ,rflags ,CMP,2,ADD,9,ADD,9,MOV,7,MOV,7,ADD,9,ADD,9,ADD,9,ADD,9,ADD,9,0,0,0,1,1,MOV,0,0,0,0,0,0,JNE,1,0,4264185,4263687,4264225,1,0,1,1,fortran,1.8535933540481968e-06,0.677226528024458,1,1,1
0x4110f3,JNZ,2765297,1852059,-197,6,0x4110ed,CMP,1,Recursive,rsp(-1) ,rflags ,CMP,6,ADD,9,ADD,9,ADD,6,JNZ,2,MOV,7,MOV,7,ADD,9,ADD,9,CMP,2,0,0,0,1,1,MOV,0,0,1,0,0,0,JNE,1,0,4264149,4263982,4264185,0,0,0,1,fortran,5.612705714358599e-06,0.6697504824979017,1,1,1
0x4110d3,JNZ,8324296,5558999,-116,2,0x4110ce,CMP,1,Recursive,r13(ADD) rsp(-1) ,rflags ,CMP,5,ADD,4,ADD,4,JNZ,2,CMP,4,ADD,6,ADD,9,ADD,9,CMP,6,JNZ,6,0,0,0,1,1,MOV,0,0,1,0,0,0,JNE,1,0,4264134,4264031,4264149,0,0,1,1,fortran,1.6895770590722234e-05,0.6678041001905747,1,1,1
0x4110c4,JNZ,24997057,16672761,-63,2,0x4110c0,CMP,1,Recursive,rdx(ADD) rsp(-1) ,rflags ,CMP,4,ADD,4,ADD,4,ADD,4,JZ,6,ADD,4,ADD,4,CMP,5,JNZ,2,ADD,6,0,0,0,1,1,LEA,0,0,1,0,0,0,JNE,1,0,4264116,4264069,4264134,0,0,0,0,fortran,5.07363674375836e-05,0.6669889579401287,1,1,1
0x4110ae,JZ,23104270,3937855,2602,6,0x4110ac,CMP,1,Recursive,ecx(-1) esi(MOV) ,rflags ,CMP,2,MOV,2,JZ,6,CMP,3,MOV,3,ADD,4,ADD,4,ADD,4,CMP,4,JNZ,2,0,0,0,0,0,JNE,0,0,0,0,0,0,JNE,0,0,4264108,4266712,4264116,0,0,0,0,fortran,4.689458971498683e-05,0.170438408138409,0,0,0
0x4110a4,JZ,23182309,3781943,2492,6,0x4110a1,CMP,1,Recursive,r10d(MOV) ecx(-1) ,rflags ,CMP,3,MOV,3,JZ,6,CMP,3,LEA,4,MOV,2,CMP,2,JZ,6,ADD,4,ADD,4,0,1,0,0,0,JNE,0,0,1,0,0,0,MOV,0,0,4264094,4266592,4264106,0,0,0,0,fortran,4.705298497641547e-05,0.1631391851432918,0,0,0
0x411098,JZ,25023350,1841041,2760,6,0x411095,CMP,1,Recursive,r11d(LEA) r10d(LEA) ,rflags ,CMP,3,LEA,4,LEA,4,MOV,4,MOV,4,MOV,3,CMP,3,JZ,6,MOV,2,CMP,2,0,1,0,0,0,JE,0,0,1,0,0,0,JE,0,0,4264085,4266848,4264094,0,0,0,0,fortran,5.078973417227706e-05,0.0735729228900207,0,0,0
0x410ec1,JL,321062,0,608,6,0x410ebd,CMP,1,Recursive,eax(ADD) rsp(-1) ,rflags ,CMP,4,ADD,3,MOV,7,JNZ,6,CMP,5,MOV,8,MOV,4,MOV,12,MOV,2,MOV,8,0,1,0,0,0,JNE,0,0,1,0,0,0,MOV,0,0,4263603,4264225,4263623,0,0,1,1,fortran,6.516574972103902e-07,0.0,0,0,0
0x410ead,JNZ,2112727,1791665,-408,6,0x410ea8,CMP,1,Recursive,rsp(-1) ,rflags ,CMP,5,ADD,6,ADD,6,ADD,4,ADD,5,MOV,7,ADD,3,CMP,4,JL,6,MOV,8,0,0,0,1,1,JMP,0,0,1,0,0,0,JL,1,0,4263566,4263189,4263603,0,0,1,0,fortran,4.288188540247105e-06,0.848034317732485,1,1,1
0x410e88,JNZ,5748,5734,-199,6,0x410e85,CMP,1,Recursive,rax(ADD) r15(-1) ,rflags ,CMP,3,ADD,4,ADD,4,JZ,6,TEST,3,ADD,5,ADD,5,ADD,4,ADD,6,ADD,6,0,0,0,1,1,JNE,0,0,0,0,0,0,JNE,1,0,4263549,4263361,4263566,0,0,0,1,fortran,1.1666679002701418e-08,0.9975643702157272,1,1,1
0x410e77,JZ,12039,6291,-128,6,0x410e74,TEST,1,Recursive,r11d(MOV) r11d(MOV) ,rflags ,TEST,3,MOV,5,JNZ,6,TEST,2,MOV,4,ADD,4,ADD,4,CMP,3,JNZ,6,ADD,5,0,0,0,0,0,JMP,1,0,1,0,0,0,JNE,0,0,4263535,4263415,4263549,0,0,1,0,fortran,2.4435481648142376e-08,0.5225517069524047,1,0,1
0x410e69,JNZ,20805,8766,-185,6,0x410e67,TEST,1,Recursive,ebx(MOV) ebx(MOV) ,rflags ,TEST,2,MOV,4,JNZ,6,TEST,2,MOV,3,MOV,5,TEST,3,JZ,6,ADD,4,ADD,4,0,0,0,0,0,JE,0,0,1,0,0,0,JE,0,0,4263523,4263344,4263535,0,0,0,0,fortran,4.222777603535195e-08,0.4213410237923576,0,0,0
0x410e5d,JNZ,28261,7456,-173,6,0x410e5b,TEST,1,Recursive,ebp(MOV) ebp(MOV) ,rflags ,TEST,2,MOV,3,JNZ,6,TEST,2,MOV,7,MOV,4,TEST,2,JNZ,6,MOV,5,TEST,3,0,0,0,0,0,JE,0,0,1,0,0,0,JNE,0,0,4263512,4263344,4263523,0,0,0,0,fortran,5.736117176328197e-08,0.26382647464704,0,0,0
0x410e52,JNZ,57045,28784,-162,6,0x410e50,TEST,1,Recursive,edx(MOV) edx(MOV) ,rflags ,TEST,2,MOV,7,MOV,4,JNZ,6,TEST,2,MOV,3,TEST,2,JNZ,6,MOV,4,TEST,2,0,0,0,0,0,JE,0,0,1,0,0,0,JNE,0,0,4263493,4263344,4263512,0,0,0,0,fortran,1.1578387329664273e-07,0.5045841002717153,1,0,1
0x410e3f,JNZ,92815,35770,-143,6,0x410e3d,TEST,1,Recursive,esi(MOV) esi(MOV) ,rflags ,TEST,2,MOV,2,MOV,5,JNZ,6,TEST,2,MOV,4,MOV,7,TEST,2,JNZ,6,MOV,3,0,0,0,0,0,JE,0,0,1,0,0,0,JNE,0,0,4263478,4263344,4263493,0,0,0,0,fortran,1.8838601455040574e-07,0.3853902925173733,0,0,0
0x410e30,JNZ,137172,44357,-128,6,0x410e2e,TEST,1,Recursive,edi(MOV) edi(MOV) ,rflags ,TEST,2,MOV,2,MOV,5,JNZ,2,CMP,3,MOV,5,MOV,2,TEST,2,JNZ,6,MOV,4,0,0,0,0,0,JE,0,0,1,0,0,0,JNE,0,0,4263463,4263344,4263478,0,0,0,0,fortran,2.784171350310645e-07,0.3233677426880121,0,0,0
0x410e25,JNZ,69149,0,-117,2,0x410e22,CMP,1,Recursive,r11d(-1) r8d(-1) ,rflags ,CMP,3,JNZ,2,NOP,2,CMP,2,JNZ,2,MOV,5,MOV,2,TEST,2,JNZ,6,MOV,5,0,0,0,0,0,JE,0,0,0,0,0,0,JNE,0,0,4263458,4263344,4263463,0,0,0,0,fortran,1.4035128503093257e-07,0.0,0,1,0
0x410e20,JNZ,143901,74752,-112,2,0x410e1c,CMP,1,Recursive,edi(-1) edx(-1) ,rflags ,NOP,2,CMP,2,JNZ,2,CMP,2,JZ,6,CMP,3,JNZ,2,MOV,5,MOV,2,TEST,2,0,0,0,0,0,JE,0,0,1,0,0,0,JNE,0,0,4263452,4263344,4263458,0,0,0,0,fortran,2.920749434877761e-07,0.5194682455299129,1,0,1
0x410e1a,JNZ,621703,477802,-106,2,0x410e18,CMP,1,Recursive,esi(-1) ecx(-1) ,rflags ,CMP,2,JZ,6,CMP,2,NOP,10,JMP,5,CMP,2,NOP,2,JNZ,2,CMP,3,JNZ,2,0,0,0,0,0,JE,0,0,1,0,0,0,JNE,0,0,4263448,4263344,4263452,0,0,0,0,fortran,1.261866620740515e-06,0.7685373884314536,1,0,1
0x410e12,JZ,689726,141523,3118,6,0x410e10,CMP,1,Recursive,edx(-1) ecx(-1) ,rflags ,CMP,2,NOP,10,JMP,5,MOV,10,JNZ,2,CMP,2,JNZ,2,CMP,2,NOP,2,JNZ,2,0,1,0,0,0,JNE,0,0,1,0,0,0,JNE,0,0,4263440,4266560,4263448,0,0,0,0,fortran,1.3999324707406469e-06,0.2051872772666247,0,0,0
0x410df5,JNZ,61494,38499,-117,2,0x410df3,TEST,1,Recursive,ebx(MOV) ebx(MOV) ,rflags ,TEST,2,MOV,3,JNZ,2,TEST,2,MOV,2,MOV,10,JMP,5,NOP,10,CMP,2,JZ,6,0,0,0,0,0,JE,0,0,0,0,0,0,JMP,1,0,4263408,4263296,4263415,0,0,0,1,fortran,1.2481398027002802e-07,0.6260610791296712,1,1,1
0x410dee,JNZ,119682,58188,-110,2,0x410dec,TEST,1,Recursive,ebp(MOV) ebp(MOV) ,rflags ,TEST,2,MOV,2,MOV,5,JNZ,2,TEST,2,MOV,3,TEST,2,JNZ,2,MOV,10,JMP,5,0,0,0,0,0,JE,0,0,1,0,0,0,JNE,0,0,4263397,4263296,4263408,0,0,0,0,fortran,2.4291779338923297e-07,0.4861883992580338,0,0,0
0x410de3,JNZ,153107,33425,-99,2,0x410de1,TEST,1,Recursive,edx(MOV) edx(MOV) ,rflags ,TEST,2,MOV,4,JNZ,2,TEST,2,MOV,2,MOV,5,MOV,2,TEST,2,JNZ,2,MOV,3,0,0,0,0,0,JE,0,0,1,0,0,0,JNE,0,0,4263389,4263296,4263397,0,0,0,0,fortran,3.107603030735223e-07,0.2183113770108486,0,0,0
0x410ddb,JNZ,224851,71744,-91,2,0x410dd9,TEST,1,Recursive,edi(MOV) edi(MOV) ,rflags ,TEST,2,MOV,2,MOV,5,JNZ,2,CMP,5,MOV,4,TEST,2,JNZ,2,MOV,5,MOV,2,0,0,0,0,0,JE,0,0,1,0,0,0,JNE,0,0,4263378,4263296,4263389,0,0,0,0,fortran,4.56378643082188e-07,0.3190735197975548,0,0,0
0x410dd0,JNZ,1674028,1449177,-80,2,0x410dcb,CMP,1,Recursive,r9(-1) r12(-1) ebx(MOV) ,rflags ,CMP,5,MOV,2,JNZ,2,CMP,2,MOV,4,MOV,5,MOV,2,TEST,2,JNZ,2,MOV,4,0,0,0,0,0,JE,0,0,1,0,0,0,JNE,0,0,4263369,4263296,4263378,0,0,0,0,fortran,3.3977639731270443e-06,0.865682652858853,1,0,1
0x410dc7,JNZ,9928209,8254181,-71,2,0x410dc5,CMP,1,Recursive,esi(MOV) ecx(-1) ,rflags ,CMP,2,MOV,4,JZ,6,CMP,3,ADD,4,MOV,2,CMP,5,JNZ,2,MOV,5,MOV,2,1,1,0,0,0,JE,0,0,1,0,0,0,JNE,0,0,4263361,4263296,4263369,0,0,0,0,fortran,2.015122259476883e-05,0.8313867083176835,1,0,1
0x410dbb,JZ,9837648,2112713,211,6,0x410db8,CMP,1,Recursive,rax(ADD) r15(-1) ,rflags ,CMP,3,ADD,4,ADD,4,JZ,2,CMP,2,MOV,4,CMP,2,JNZ,2,MOV,2,CMP,5,0,0,0,0,0,JNE,1,0,0,0,1,1,JNE,0,0,4263344,4263566,4263361,0,0,1,0,fortran,1.996741150966729e-05,0.2147579380762556,0,0,0
0x410dae,JZ,9849687,689726,98,2,0x410dac,CMP,1,Recursive,ebp(ADD) ebx(ADD) ,rflags ,CMP,2,ADD,2,LEA,4,ADD,3,LEA,3,ADD,4,ADD,4,CMP,3,JZ,6,MOV,4,0,1,0,0,0,JE,0,0,1,0,0,0,JE,0,0,4263325,4263440,4263344,0,0,0,0,fortran,1.9991846991315435e-05,0.0700251693277156,0,0,0
0x410d97,JZ,9879582,1669738,3081,6,0x410d95,CMP,1,Recursive,edi(MOV) edx(-1) ,rflags ,CMP,2,MOV,5,JZ,6,CMP,2,MOV,3,MOV,3,LEA,3,ADD,3,LEA,4,ADD,2,0,1,0,0,0,JNE,0,0,1,0,0,0,JE,0,0,4263312,4266400,4263325,0,0,0,0,fortran,2.00525246824751e-05,0.169008972241943,0,0,0
0x410d8a,JZ,9905214,1653293,3174,6,0x410d88,CMP,1,Recursive,edx(MOV) ecx(-1) ,rflags ,CMP,2,MOV,3,MOV,5,NOP,3,JMP,2,MOV,5,CMP,2,JZ,6,MOV,3,LEA,3,0,1,0,0,0,JNE,0,0,1,0,0,0,JE,0,0,4263296,4266480,4263312,0,0,0,0,fortran,2.010454978967713e-05,0.1669113862658595,0,0,0
0x4108b2,JNZ,889386084,592924056,-262,6,0x4108ae,CMP,1,Recursive,rbx(ADD) rsp(-1) ,rflags ,CMP,4,ADD,4,ADD,4,ADD,4,ADD,8,JMP,5,MOV,3,JMP,5,MOV,5,MOV,5,0,0,0,1,1,JG,0,0,1,1,0,0,JMP,1,0,4262050,4261804,4262072,0,0,0,0,fortran,0.0018051812720072,0.6666666666666666,1,1,1
0x410815,JZ,889386084,889386084,141,6,0x410812,CMP,1,Recursive,r12(-1) rax(-1) ,rflags ,CMP,3,LEA,4,ADD,3,JZ,2,MOV,3,MOV,5,SUB,3,MOV,3,SHR,4,LEA,8,0,0,1,0,0,JNE,0,0,0,0,0,0,JE,0,0,4261906,4262050,4261915,0,0,0,0,fortran,0.0018051812720072,1.0,1,0,1
0x4107fc,JZ,889386084,889386084,22,2,0x4107f4,CMP,1,Recursive,rax(-1) ,rflags ,LEA,4,CMP,4,ADD,4,JZ,2,LEA,4,ADD,4,CMP,4,MOV,3,JZ,2,ADD,3,0,0,1,0,0,JE,0,0,1,0,0,0,JE,0,0,4261872,4261906,4261886,0,0,0,1,fortran,0.0018051812720072,1.0,1,0,1
0x4107ee,JZ,889386084,0,36,2,0x4107e6,CMP,1,Recursive,rax(-1) ,rflags ,LEA,4,CMP,4,ADD,4,JZ,6,TEST,3,ADD,4,CMP,4,LEA,4,JZ,2,ADD,4,0,1,1,0,0,JE,0,0,1,0,0,0,JE,0,0,4261858,4261906,4261872,0,0,0,1,fortran,0.0018051812720072,0.0,0,0,0
0x4107dc,JZ,889386084,0,225,6,0x4107d9,TEST,1,Recursive,rax(CMOVBE) rax(CMOVBE) ,rflags ,TEST,3,CMOVBE,4,CMP,4,CMOVNBE,4,CMP,3,ADD,4,CMP,4,LEA,4,JZ,2,ADD,4,0,1,0,0,0,JMP,0,0,1,0,0,0,JE,0,0,4261813,4262077,4261858,0,0,0,1,fortran,0.0018051812720072,0.0,0,0,0
0x4107af,JNLE,889386084,0,243,6,0x4107ac,CMP,1,Recursive,r11(-1) rbp(-1) ,rflags ,CMP,3,MOV,5,MOV,5,LEA,8,LEA,4,MOV,5,ADD,3,AND,3,SHR,4,NEG,3,1,1,1,0,0,JNE,0,0,1,0,0,0,JE,0,0,4261804,4262050,4261813,0,0,0,0,fortran,0.0018051812720072,0.0,0,0,0
0x4106fd,JNZ,890370711,593580474,-262,6,0x4106f9,CMP,1,Recursive,rbx(ADD) rsp(-1) ,rflags ,CMP,4,ADD,4,ADD,4,ADD,4,SUB,8,JMP,5,MOV,3,JMP,5,MOV,3,JMP,5,0,0,0,1,1,JG,0,0,1,1,0,0,JMP,1,0,4261613,4261367,4261635,0,0,0,0,fortran,0.00180717976316,0.6666666666666666,1,1,1
0x410660,JZ,890370711,890370711,141,6,0x41065d,CMP,1,Recursive,r12(-1) rax(-1) ,rflags ,CMP,3,LEA,4,SUB,3,JZ,2,MOV,3,MOV,5,SUB,3,MOV,3,SHR,4,LEA,8,0,0,1,0,0,JNE,0,0,0,0,0,0,JE,0,0,4261469,4261613,4261478,0,0,0,0,fortran,0.00180717976316,1.0,1,0,1
0x410647,JZ,890370711,890370711,22,2,0x41063f,CMP,1,Recursive,rax(-1) ,rflags ,LEA,4,CMP,4,SUB,4,JZ,2,LEA,4,SUB,4,CMP,4,MOV,3,JZ,2,SUB,3,0,0,1,0,0,JE,0,0,1,0,0,0,JE,0,0,4261435,4261469,4261449,0,0,0,1,fortran,0.00180717976316,1.0,1,0,1
0x410639,JZ,890370711,0,36,2,0x410631,CMP,1,Recursive,rax(-1) ,rflags ,LEA,4,CMP,4,SUB,4,JZ,6,TEST,3,SUB,4,CMP,4,LEA,4,JZ,2,SUB,4,0,1,1,0,0,JE,0,0,1,0,0,0,JE,0,0,4261421,4261469,4261435,0,0,0,1,fortran,0.00180717976316,0.0,0,0,0
0x410627,JZ,890370711,0,225,6,0x410624,TEST,1,Recursive,rax(CMOVBE) rax(CMOVBE) ,rflags ,TEST,3,CMOVBE,4,CMP,4,CMOVNBE,4,CMP,3,SUB,4,CMP,4,LEA,4,JZ,2,SUB,4,0,1,0,0,0,JMP,0,0,1,0,0,0,JE,0,0,4261376,4261640,4261421,0,0,0,1,fortran,0.00180717976316,0.0,0,0,0
0x4105fa,JNLE,890370711,0,243,6,0x4105f7,CMP,1,Recursive,r11(-1) rbp(-1) ,rflags ,CMP,3,MOV,5,LEA,8,SUB,3,SUB,8,MOV,5,ADD,3,AND,3,SHR,4,NEG,3,1,1,1,0,0,JNE,0,0,1,0,0,0,JE,0,0,4261367,4261613,4261376,0,0,0,0,fortran,0.00180717976316,0.0,0,0,0
0x410524,JNZ,328443509,75397819,-6081,6,0x410521,CMP,1,Recursive,eax(-1) ,rflags ,CMP,3,JZ,6,CMP,3,MOV,7,ADD,8,MOV,7,MOV,8,ADD,3,CDQE,2,LEA,5,0,0,1,0,0,JG,0,0,1,0,0,0,JMP,0,0,4261153,4255075,4261162,0,0,1,1,fortran,0.0006666396990299,0.229560995830184,0,0,0
0x41051b,JZ,624905537,296462028,509,6,0x410518,CMP,1,Recursive,eax(MOV) ,rflags ,CMP,3,MOV,7,ADD,8,ADD,8,JZ,2,CMP,3,JNZ,6,MOV,7,MOV,8,ADD,3,0,1,0,0,0,MOV,0,0,1,0,0,0,JNE,0,0,4261137,4261656,4261153,0,0,1,0,fortran,0.0012683667896989,0.4744109476501566,0,0,0
0x4104ff,JZ,6283987,2326325,18,2,0x4104fb,CMP,1,Recursive,rsi(ADD) ,rflags ,CMP,4,ADD,8,ADD,4,ADD,3,JNLE,2,ADD,8,ADD,8,MOV,7,CMP,3,JZ,6,0,0,1,0,0,JE,0,0,1,0,0,0,ADD,0,0,4261100,4261137,4261121,0,1,0,1,fortran,1.2754568403992465e-05,0.3701988880626264,0,0,0
0x4104ea,JNLE,15615165,9331178,39,2,0x4104e6,CMP,1,Recursive,rax(LEA) ,rflags ,CMP,4,LEA,4,ADD,8,ADD,3,MOV,3,ADD,3,ADD,4,ADD,8,CMP,4,JZ,2,0,0,1,0,0,JE,0,0,1,0,0,0,JE,0,0,4261068,4261137,4261100,0,1,0,1,fortran,3.169400097933509e-05,0.5975715274222206,1,0,1
0x4104ca,JZ,16427896,4770393,71,2,0x4104c7,CMP,1,Recursive,r8(-1) r9(-1) ,rflags ,CMP,3,ADD,3,JB,2,CMP,3,ADD,4,MOV,8,MOV,3,ADD,3,ADD,8,LEA,4,0,0,1,0,0,JE,0,0,0,0,0,0,JG,0,0,4261060,4261137,4261068,0,0,0,1,fortran,3.334359591540756e-05,0.2903836863832106,0,0,0
0x4104c2,JB,16427896,0,-25,2,0x4104bf,CMP,1,Recursive,rdx(ADD) rdi(-1) ,rflags ,CMP,3,ADD,4,MOVDQA,5,PADDD,4,ADD,4,ADD,3,CMP,3,JZ,2,MOV,8,MOV,3,1,1,1,1,1,JB,0,0,1,1,0,0,JE,0,0,4261033,4261033,4261060,1,0,1,0,fortran,3.334359591540756e-05,0.0,0,1,0
0x410483,JZ,20385558,3957662,73,2,0x410480,TEST,1,Recursive,r9(LEA) r9(LEA) ,rflags ,TEST,3,LEA,8,SHR,4,MOV,3,SUB,3,MOV,8,XOR,2,MOVDQA,8,LEA,8,LEA,8,0,1,0,0,0,JG,0,0,1,0,0,0,XOR,0,0,4260974,4261068,4260997,0,0,1,0,fortran,4.13764372785233e-05,0.1941404792549706,0,0,0
0x410468,JZ,592748161,574688928,169,6,0x410465,CMP,1,Recursive,r8(-1) rax(-1) ,rflags ,CMP,3,LEA,4,ADD,7,JZ,2,MOV,8,SUB,3,MOV,3,SHR,4,LEA,8,TEST,3,0,0,1,0,0,JE,0,0,0,0,0,0,JE,0,0,4260965,4261137,4260974,0,1,0,0,fortran,0.0012030971683765,0.9695330425495828,1,0,1
0x410458,JZ,578646590,578646590,13,2,0x41044c,CMP,1,Recursive,rax(-1) ,rflags ,MOV,8,CMP,4,ADD,7,JZ,2,LEA,4,ADD,7,LEA,4,CMP,3,JZ,6,SUB,3,0,0,1,0,0,JE,0,0,1,0,0,0,LEA,0,0,4260933,4260965,4260954,0,0,0,1,fortran,0.001174475299502,1.0,1,0,1
0x410443,JZ,583416983,4770393,34,2,0x41043b,CMP,1,Recursive,rax(-1) ,rflags ,LEA,4,CMP,4,ADD,7,JBE,2,CMP,4,ADD,7,CMP,4,MOV,8,JZ,2,ADD,7,0,0,1,0,0,JE,0,0,1,0,0,0,JE,0,0,4260916,4260965,4260933,0,0,0,1,fortran,0.0011841577358012,0.0081766440453448,0,0,0
0x410432,JBE,592748161,9331178,51,2,0x41042e,CMP,1,Recursive,rax(-1) ,rflags ,CMP,4,ADD,7,LEA,4,MOV,8,JZ,6,ADD,7,CMP,4,LEA,4,JZ,2,ADD,7,0,1,1,0,0,JE,0,0,1,0,0,0,JE,0,0,4260891,4260965,4260916,0,0,0,1,fortran,0.0012030971683765,0.0157422301981633,0,0,0
0x410415,JZ,595074486,2326325,331,6,0x410412,TEST,1,Recursive,rax(CMOVBE) rax(CMOVBE) ,rflags ,TEST,3,CMOVBE,4,CMP,4,CMOVNBE,4,CMP,3,MOV,8,LEA,4,ADD,7,CMP,4,JBE,2,0,1,0,0,0,JMP,0,0,1,0,0,0,JBE,0,0,4260821,4261216,4260891,0,0,0,1,fortran,0.0012078188954174,0.0039093005241027,0,0,0
0x4103cf,JNLE,624905537,29831051,322,6,0x4103c6,CMP,1,Recursive,rsp(-1) ,rflags ,CMP,9,MOVDQA,6,MOV,8,MOVDQA,6,LEA,5,MOV,8,MOV,8,MOV,6,MOV,8,AND,3,0,1,1,0,0,JE,0,0,1,0,0,0,JE,0,0,4260806,4261137,4260821,0,0,0,0,fortran,0.0012683667896989,0.0477368965927405,0,0,0
0x410328,JNLE,448854905,765821,-1209,6,0x410321,CMP,1,Recursive,rip(JNLE) ,rflags ,CMP,7,CALL_NEAR,5,MOVDQA,5,MOVDQA,7,MOVDQA,7,MOV,8,MOV,5,MOVDQA,5,MOV,2,MOVDQA,7,0,0,1,0,0,RET,1,0,1,0,0,0,MOVDQA,0,0,4260641,4259439,4260654,0,0,0,1,fortran,0.0009110379428362,0.0017061660493606,0,0,0
0x4102cc,JNZ,1329409418,1258018236,-127,6,0x4102c5,CMP,1,Recursive,rdx(ADD) ,rflags ,CMP,7,ADD,4,ADD,4,JLE,6,TEST,3,MOV,7,LEA,8,MOVDQA,6,ADD,3,MOVDQA,6,0,0,0,1,1,JNE,0,0,0,0,0,0,CALL,1,1,4260541,4260429,4260562,0,0,0,1,fortran,0.0026982938314151,0.9462985736121812,1,1,1
0x4102b7,JLE,258976545,176685302,271,6,0x4102b4,TEST,1,Recursive,r8d(MOV) r8d(MOV) ,rflags ,TEST,3,MOV,7,JNLE,2,TEST,3,MOV,7,ADD,4,ADD,4,CMP,7,JNZ,6,MOV,7,0,0,0,0,0,JG,1,0,0,0,0,0,JNE,0,0,4260525,4260806,4260541,0,0,0,0,fortran,0.0005256430444926,0.6822444171536847,1,0,1
0x4102ab,JNLE,359824631,100848086,18,2,0x4102a8,TEST,1,Recursive,r9d(MOV) r9d(MOV) ,rflags ,TEST,3,MOV,7,JNLE,2,TEST,3,MOV,7,MOV,7,TEST,3,JLE,6,ADD,4,ADD,4,0,0,0,0,0,JNE,0,0,1,0,0,0,JLE,0,0,4260513,4260541,4260525,0,0,0,0,fortran,0.0007303337625508,0.2802701019097272,0,0,0
0x41029f,JNLE,458031016,98206385,30,2,0x41029c,TEST,1,Recursive,r10d(MOV) r10d(MOV) ,rflags ,TEST,3,MOV,7,JNLE,2,TEST,3,MOV,7,MOV,7,TEST,3,JNLE,2,MOV,7,TEST,3,0,0,0,0,0,JNE,0,0,1,0,0,0,JG,0,0,4260501,4260541,4260513,0,0,0,0,fortran,0.000929662636909,0.2144099014464994,0,0,0
0x410293,JNLE,575639974,117608958,42,2,0x410290,TEST,1,Recursive,r11d(MOV) r11d(MOV) ,rflags ,TEST,3,MOV,7,JNLE,2,TEST,2,MOV,6,MOV,7,TEST,3,JNLE,2,MOV,7,TEST,3,0,0,0,0,0,JNE,0,0,1,0,0,0,JG,0,0,4260489,4260541,4260501,0,0,0,0,fortran,0.0011683727901498,0.2043099216733687,0,0,0
0x410287,JNLE,615886063,40246089,54,2,0x410285,TEST,1,Recursive,ebx(MOV) ebx(MOV) ,rflags ,TEST,2,MOV,6,JNLE,2,TEST,2,MOV,6,MOV,7,TEST,3,JNLE,2,MOV,7,TEST,3,0,0,0,0,0,JNE,0,0,1,0,0,0,JG,0,0,4260479,4260541,4260489,0,0,0,0,fortran,0.0012500600207478,0.0653466467546936,0,0,0
0x41027d,JNLE,778251844,162365781,64,2,0x41027b,TEST,1,Recursive,ebp(MOV) ebp(MOV) ,rflags ,TEST,2,MOV,6,JNLE,2,TEST,3,MOV,7,MOV,6,TEST,2,JNLE,2,MOV,7,TEST,3,0,0,0,0,0,JNE,0,0,1,0,0,0,JG,0,0,4260469,4260541,4260479,0,0,0,0,fortran,0.0015796128126667,0.2086288420024611,0,0,0
0x410273,JNLE,915425437,137173593,74,2,0x410270,TEST,1,Recursive,r12d(MOV) r12d(MOV) ,rflags ,TEST,3,MOV,7,JNLE,2,TEST,3,MOV,7,MOV,6,TEST,2,JNLE,2,MOV,6,TEST,2,0,0,0,0,0,JNE,0,0,1,0,0,0,JG,0,0,4260457,4260541,4260469,0,0,0,0,fortran,0.0018580331809997,0.1498468225326362,0,0,0
0x410267,JNLE,1005127586,89702149,86,2,0x410264,TEST,1,Recursive,r13d(MOV) r13d(MOV) ,rflags ,TEST,3,MOV,7,JNLE,2,TEST,3,MOV,3,MOV,7,TEST,3,JNLE,2,MOV,6,TEST,2,0,0,0,0,0,JNE,0,0,1,0,0,0,JG,0,0,4260445,4260541,4260457,0,0,0,0,fortran,0.0020401010616948,0.0892445399463944,0,0,0
0x41025b,JNLE,1236123372,230995786,98,2,0x410258,TEST,1,Recursive,r14d(MOV) r14d(MOV) ,rflags ,TEST,3,MOV,3,JNZ,2,TEST,3,MOV,3,MOV,7,TEST,3,JNLE,2,MOV,7,TEST,3,0,0,0,0,0,JNE,0,0,1,0,0,0,JG,0,0,4260437,4260541,4260445,0,0,0,0,fortran,0.0025089517377976,0.186871141855572,0,0,0
0x410253,JNZ,1506094720,269971348,106,2,0x410250,TEST,1,Recursive,r15d(MOV) r15d(MOV) ,rflags ,TEST,3,MOV,3,MOV,5,MOV,5,JMP,5,MOV,3,TEST,3,JNLE,2,MOV,7,TEST,3,1,1,0,0,0,JNE,0,0,1,0,0,0,JG,0,0,4260429,4260541,4260437,0,0,0,0,fortran,0.0030569108639358,0.1792525691876803,0,0,0
0x410230,JNZ,1010496162,673664108,-264,6,0x41022c,CMP,1,Recursive,rbx(ADD) rsp(-1) ,rflags ,CMP,4,ADD,4,ADD,4,ADD,4,SUB,9,JMP,5,MOV,3,JMP,5,MOV,5,MOV,5,0,0,0,1,1,JG,0,0,1,1,0,0,JMP,1,0,4260384,4260136,4260406,0,0,0,0,fortran,0.0020509976262205,0.6666666666666666,1,1,1
0x410191,JZ,1010496162,1010496162,143,6,0x41018e,CMP,1,Recursive,r12(-1) rax(-1) ,rflags ,CMP,3,LEA,4,SUB,4,JZ,2,LEA,4,MOV,5,SUB,3,MOV,3,SHR,4,LEA,8,0,0,1,0,0,JNE,0,0,0,0,0,0,JE,0,0,4260238,4260384,4260247,0,0,0,0,fortran,0.0020509976262205,1.0,1,0,1
0x410176,JZ,1010496162,1010496162,24,2,0x41016e,CMP,1,Recursive,rax(-1) ,rflags ,LEA,4,CMP,4,SUB,3,JZ,2,MOV,3,SUB,4,CMP,4,LEA,4,JZ,2,SUB,4,0,0,1,0,0,JE,0,0,1,0,0,0,JE,0,0,4260203,4260238,4260216,0,0,0,1,fortran,0.0020509976262205,1.0,1,0,1
0x410169,JZ,1010496162,0,37,2,0x410162,CMP,1,Recursive,rax(-1) ,rflags ,MOV,3,CMP,4,SUB,4,JZ,6,TEST,3,SUB,3,CMP,4,LEA,4,JZ,2,SUB,4,0,1,1,0,0,JE,0,0,1,0,0,0,JE,0,0,4260190,4260238,4260203,0,0,0,1,fortran,0.0020509976262205,0.0,0,0,0
0x410158,JZ,1010496162,0,227,6,0x410155,TEST,1,Recursive,rax(CMOVBE) rax(CMOVBE) ,rflags ,TEST,3,CMOVBE,4,CMP,4,CMOVNBE,4,CMP,3,SUB,4,CMP,4,MOV,3,JZ,2,SUB,3,0,1,0,0,0,JMP,0,0,1,0,0,0,JE,0,0,4260145,4260411,4260190,0,0,0,1,fortran,0.0020509976262205,0.0,0,0,0
0x41012b,JNLE,1010496162,0,245,6,0x410128,CMP,1,Recursive,r11(-1) rbp(-1) ,rflags ,CMP,3,MOV,5,SHL,4,SUB,3,SUB,3,MOV,5,ADD,3,AND,3,SHR,4,NEG,3,1,1,1,0,0,JNE,0,0,1,0,0,0,JE,0,0,4260136,4260384,4260145,0,0,0,0,fortran,0.0020509976262205,0.0,0,0,0
0x410080,JNZ,1009511535,673007690,-261,6,0x41007c,CMP,1,Recursive,rbx(ADD) rsp(-1) ,rflags ,CMP,4,ADD,4,ADD,4,ADD,4,ADD,9,JMP,5,MOV,3,JMP,5,MOV,3,JMP,5,0,0,0,1,1,JG,0,0,1,1,0,0,JMP,1,0,4259952,4259707,4259974,0,0,0,0,fortran,0.0020489991350677,0.6666666666666666,1,1,1
0x40ffe4,JZ,1009511535,1009511535,140,6,0x40ffe1,CMP,1,Recursive,r12(-1) rax(-1) ,rflags ,CMP,3,LEA,4,ADD,4,JZ,2,LEA,4,MOV,5,SUB,3,MOV,3,SHR,4,LEA,8,0,0,1,0,0,JNE,0,0,0,0,0,0,JE,0,0,4259809,4259952,4259818,0,0,0,0,fortran,0.0020489991350677,1.0,1,0,1
0x40ffc9,JZ,1009511535,1009511535,24,2,0x40ffc1,CMP,1,Recursive,rax(-1) ,rflags ,LEA,4,CMP,4,ADD,3,JZ,2,MOV,3,ADD,4,CMP,4,LEA,4,JZ,2,ADD,4,0,0,1,0,0,JE,0,0,1,0,0,0,JE,0,0,4259774,4259809,4259787,0,0,0,1,fortran,0.0020489991350677,1.0,1,0,1
0x40ffbc,JZ,1009511535,0,37,2,0x40ffb5,CMP,1,Recursive,rax(-1) ,rflags ,MOV,3,CMP,4,ADD,4,JZ,6,TEST,3,ADD,3,CMP,4,LEA,4,JZ,2,ADD,4,0,1,1,0,0,JE,0,0,1,0,0,0,JE,0,0,4259761,4259809,4259774,0,0,0,1,fortran,0.0020489991350677,0.0,0,0,0
0x40ffab,JZ,1009511535,0,224,6,0x40ffa8,TEST,1,Recursive,rax(CMOVBE) rax(CMOVBE) ,rflags ,TEST,3,CMOVBE,4,CMP,4,CMOVNBE,4,CMP,3,ADD,4,CMP,4,MOV,3,JZ,2,ADD,3,0,1,0,0,0,JMP,0,0,1,0,0,0,JE,0,0,4259716,4259979,4259761,0,0,0,1,fortran,0.0020489991350677,0.0,0,0,0
0x40ff7e,JNLE,1009511535,0,242,6,0x40ff7b,CMP,1,Recursive,r11(-1) rbp(-1) ,rflags ,CMP,3,MOV,5,SHL,4,SUB,3,ADD,3,MOV,5,ADD,3,AND,3,SHR,4,NEG,3,1,1,1,0,0,JNE,0,0,1,0,0,0,JE,0,0,4259707,4259952,4259716,0,0,0,0,fortran,0.0020489991350677,0.0,0,0,0
0x40fe69,JNZ,3859402991,3411203611,-11118,6,0x40fe61,CMP,1,Recursive,rsp(-1) rax(MOV) ,rflags ,CMP,8,ADD,9,ADD,12,MOV,8,ADD,12,ADD,7,POP,1,POP,1,POP,2,POP,2,0,0,0,1,1,JLE,0,0,0,1,0,0,RET,1,0,4259367,4248315,4259439,0,1,1,0,fortran,0.0078334056781598,0.883868209397882,1,1,1
0x40fdf4,JNZ,731522584,120441098,51,2,0x40fdf1,CMP,1,Recursive,eax(-1) ,rflags ,CMP,3,JZ,6,CMP,3,MOV,7,ADD,8,MOV,7,MOV,8,ADD,3,CDQE,2,LEA,5,0,0,1,0,0,JNE,0,0,1,0,0,0,ADD,0,0,4259313,4259367,4259318,0,0,1,1,fortran,0.0014847667311681,0.1646444014638924,0,0,0
0x40fdeb,JZ,822074025,90551441,11162,6,0x40fde8,CMP,1,Recursive,eax(MOV) ,rflags ,CMP,3,MOV,7,ADD,8,ADD,8,JZ,2,CMP,3,JNZ,2,MOV,7,MOV,8,ADD,3,0,1,0,0,0,MOV,0,0,1,0,0,0,JNE,0,0,4259297,4270469,4259313,0,0,1,0,fortran,0.0016685584144282,0.1101499843642426,0,0,0
0x40fdcf,JZ,3021173,2086899,18,2,0x40fdcb,CMP,1,Recursive,rax(ADD) ,rflags ,CMP,4,ADD,8,ADD,4,ADD,3,JNLE,2,ADD,8,ADD,8,MOV,7,CMP,3,JZ,6,0,0,1,0,0,JE,0,0,1,0,0,0,ADD,0,0,4259260,4259297,4259281,0,1,0,1,fortran,6.132055602405785e-06,0.6907578612677924,1,0,1
0x40fdba,JNLE,5506402,2485229,39,2,0x40fdb6,CMP,1,Recursive,rdx(LEA) ,rflags ,CMP,4,LEA,4,ADD,8,LEA,4,MOV,8,ADD,3,ADD,4,ADD,8,CMP,4,JZ,2,0,0,1,0,0,JE,0,0,1,0,0,0,JE,0,0,4259230,4259297,4259260,0,1,0,1,fortran,1.1176309080346746e-05,0.4513344648647157,0,0,0
0x40fd9c,JZ,5747469,1175341,69,2,0x40fd99,CMP,1,Recursive,rsi(-1) rdx(-1) ,rflags ,CMP,3,ADD,3,JB,2,CMP,3,ADD,4,MOV,8,LEA,4,ADD,8,LEA,4,CMP,4,0,0,1,0,0,JE,0,0,0,0,0,0,JG,0,0,4259222,4259297,4259230,0,0,0,1,fortran,1.1665601235382275e-05,0.2044971447431904,0,0,0
0x40fd94,JB,5747469,0,-27,2,0x40fd91,CMP,1,Recursive,rdi(ADD) r9(-1) ,rflags ,CMP,3,ADD,4,MOVDQA,6,PADDD,4,ADD,4,ADD,3,CMP,3,JZ,2,MOV,8,LEA,4,1,1,1,1,1,JB,0,0,1,1,0,0,JE,0,0,4259193,4259193,4259222,1,0,1,0,fortran,1.1665601235382275e-05,0.0,0,1,0
0x40fd5b,JZ,6681743,934274,67,2,0x40fd58,TEST,1,Recursive,rsi(LEA) rsi(LEA) ,rflags ,TEST,3,LEA,8,SHR,4,MOV,3,SUB,3,ADD,8,XOR,2,MOVDQA,8,LEA,8,XOR,2,0,1,0,0,0,JG,0,0,1,0,0,0,XOR,0,0,4259142,4259230,4259165,0,0,1,0,fortran,1.3561891224695056e-05,0.1398248929957348,0,0,0
0x40fd40,JZ,716192588,711597744,161,6,0x40fd3d,CMP,1,Recursive,rdx(-1) rcx(-1) ,rflags ,CMP,3,ADD,4,MOV,3,ADD,3,JZ,2,SUB,3,MOV,3,SHR,4,LEA,8,TEST,3,0,0,1,0,0,JE,0,0,0,0,0,0,JE,0,0,4259133,4259297,4259142,0,1,0,0,fortran,0.0014536515358924,0.9935843457793506,1,0,1
0x40fd31,JZ,712532018,712532018,12,2,0x40fd25,CMP,1,Recursive,rcx(-1) ,rflags ,MOV,8,CMP,4,ADD,4,JZ,2,CMP,4,ADD,3,MOV,3,ADD,4,CMP,3,JZ,6,0,0,1,0,0,JE,0,0,1,0,0,0,ADD,0,0,4259105,4259133,4259123,0,0,0,1,fortran,0.0014462217002701,1.0,1,0,1
0x40fd1f,JZ,713707359,1175341,30,2,0x40fd1b,CMP,1,Recursive,rcx(-1) ,rflags ,CMP,4,ADD,4,ADD,4,MOV,3,JBE,2,ADD,4,CMP,4,MOV,8,JZ,2,ADD,3,0,0,1,0,0,JE,0,0,1,0,0,0,JE,0,0,4259088,4259133,4259105,0,0,0,1,fortran,0.0014486072824145,0.0016468108184379,0,0,0
0x40fd0e,JBE,716192588,2485229,47,2,0x40fd0a,CMP,1,Recursive,rcx(-1) ,rflags ,CMP,4,ADD,4,ADD,4,MOV,3,MOV,8,MOV,3,ADD,4,ADD,4,CMP,4,JZ,2,0,1,1,0,0,JE,0,0,1,0,0,0,JE,0,0,4259063,4259133,4259088,0,0,0,1,fortran,0.0014536515358924,0.0034700568557126,0,0,0
0x40fcf1,JZ,718279487,2086899,11401,6,0x40fceb,TEST,1,Recursive,rax(CMOVBE) rax(CMOVBE) ,rflags ,MOV,3,TEST,3,CMOVBE,4,CMP,4,CMOVNBE,4,MOV,8,MOV,3,ADD,4,ADD,4,CMP,4,0,1,0,0,0,JMP,0,0,1,0,0,0,JBE,0,0,4258991,4270458,4259063,0,0,0,1,fortran,0.0014578873015055,0.00290541361374,0,0,0
0x40fca9,JNLE,822074025,103794538,312,6,0x40fca0,CMP,1,Recursive,rsp(-1) ,rflags ,CMP,9,ADD,8,ADD,9,ADD,9,ADD,9,MOV,8,MOV,8,MOV,5,MOV,8,AND,3,0,1,1,0,0,JE,0,0,1,0,0,0,JE,0,0,4258903,4259297,4258991,0,0,0,0,fortran,0.0016685584144282,0.1262593572397571,0,0,0
0x40fc21,JNZ,2766332745,1944258720,-9764,6,0x40fc19,CMP,1,Recursive,rsp(-1) rax(MOV) ,rflags ,CMP,8,ADD,9,ADD,12,MOV,8,ADD,12,MOV,4,ADD,8,LEA,4,LEA,4,LEA,4,0,0,0,1,1,JLE,0,0,1,0,0,0,MOV,1,0,4258782,4249085,4258855,0,0,1,1,fortran,0.0056148079593905,0.7028289433055892,1,1,1
0x40fbab,JNZ,1220295297,132461600,51,2,0x40fba8,CMP,1,Recursive,eax(-1) ,rflags ,CMP,3,JZ,6,CMP,3,MOV,7,ADD,8,MOV,7,MOV,8,ADD,3,CDQE,2,LEA,5,0,0,1,0,0,JNE,0,0,1,0,0,0,ADD,0,0,4258728,4258782,4258733,0,0,1,1,fortran,0.0024768255947469,0.108548808084114,0,0,0
0x40fba2,JZ,1341738390,121443093,11331,6,0x40fb9f,CMP,1,Recursive,eax(MOV) ,rflags ,CMP,3,MOV,7,ADD,8,ADD,8,JZ,2,CMP,3,JNZ,2,MOV,7,MOV,8,ADD,3,0,1,0,0,0,MOV,0,0,1,0,0,0,JNE,0,0,4258712,4270053,4258728,0,0,1,0,fortran,0.0027233178673854,0.090511752443783,0,0,0
0x40fb86,JZ,2951201,2216390,18,2,0x40fb82,CMP,1,Recursive,rax(ADD) ,rflags ,CMP,4,ADD,8,ADD,4,ADD,3,JNLE,2,ADD,8,ADD,8,MOV,7,CMP,3,JZ,6,0,0,1,0,0,JE,0,0,1,0,0,0,ADD,0,0,4258675,4258712,4258696,0,1,0,1,fortran,5.990033879514862e-06,0.7510128927172361,1,0,1
0x40fb71,JNLE,4449298,1498097,39,2,0x40fb6d,CMP,1,Recursive,rdx(LEA) ,rflags ,CMP,4,LEA,4,ADD,8,LEA,4,MOV,8,ADD,3,ADD,4,ADD,8,CMP,4,JZ,2,0,0,1,0,0,JE,0,0,1,0,0,0,JE,0,0,4258645,4258712,4258675,0,1,0,1,fortran,9.030711822087928e-06,0.3367041272578281,0,0,0
0x40fb53,JZ,7022864,3308377,69,2,0x40fb50,CMP,1,Recursive,rdi(-1) rdx(-1) ,rflags ,CMP,3,ADD,3,JNBE,2,CMP,3,ADD,4,MOV,8,LEA,4,ADD,8,LEA,4,CMP,4,0,0,1,0,0,JE,0,0,0,0,0,0,JG,0,0,4258637,4258712,4258645,0,0,0,1,fortran,1.4254262346490553e-05,0.4710865823401962,0,0,0
0x40fb4b,JNBE,7022864,0,-25,2,0x40fb48,CMP,1,Recursive,r9(-1) r8(ADD) ,rflags ,CMP,3,ADD,4,MOVDQA,5,PADDD,4,ADD,4,ADD,3,CMP,3,JZ,2,MOV,8,LEA,4,1,1,1,1,1,JA,0,0,1,1,0,0,JE,0,0,4258610,4258610,4258637,1,0,1,0,fortran,1.4254262346490553e-05,0.0,0,1,0
0x40fb13,JZ,7757675,734811,66,2,0x40fb10,TEST,1,Recursive,rdi(LEA) rdi(LEA) ,rflags ,TEST,3,LEA,8,SHR,4,MOV,3,SUB,3,ADD,8,XOR,3,MOVDQA,8,LEA,8,XOR,2,0,1,0,0,0,JG,0,0,1,0,0,0,XOR,0,0,4258558,4258645,4258581,0,0,1,0,fortran,1.574570355467671e-05,0.0947205187121141,0,0,0
0x40faf8,JZ,1234255580,1228714295,160,6,0x40faf5,CMP,1,Recursive,rcx(-1) rdx(-1) ,rflags ,CMP,3,ADD,4,MOV,3,ADD,3,JZ,2,SUB,3,MOV,3,SHR,4,LEA,8,TEST,3,0,0,1,0,0,JE,0,0,0,0,0,0,JE,0,0,4258549,4258712,4258558,0,1,0,0,fortran,0.0025051606922674,0.9955104233760076,1,0,1
0x40fae9,JZ,1229449106,1229449106,12,2,0x40fadd,CMP,1,Recursive,rcx(-1) ,rflags ,MOV,8,CMP,4,ADD,4,JZ,2,CMP,4,ADD,3,MOV,3,ADD,4,CMP,3,JZ,6,0,0,1,0,0,JE,0,0,1,0,0,0,ADD,0,0,4258521,4258549,4258539,0,0,0,1,fortran,0.0024954050225922,1.0,1,0,1
0x40fad7,JZ,1232757483,3308377,30,2,0x40fad3,CMP,1,Recursive,rcx(-1) ,rflags ,CMP,4,ADD,4,ADD,4,MOV,3,JBE,2,ADD,4,CMP,4,MOV,8,JZ,2,ADD,3,0,0,1,0,0,JE,0,0,1,0,0,0,JE,0,0,4258504,4258549,4258521,0,0,0,1,fortran,0.0025021200143248,0.0026837208823497,0,0,0
0x40fac6,JBE,1234255580,1498097,47,2,0x40fac2,CMP,1,Recursive,rcx(-1) ,rflags ,CMP,4,ADD,4,ADD,4,MOV,3,MOV,8,MOV,3,ADD,4,ADD,4,CMP,4,JZ,2,0,1,1,0,0,JE,0,0,1,0,0,0,JE,0,0,4258479,4258549,4258504,0,0,0,1,fortran,0.0025051606922674,0.0012137656286714,0,0,0
0x40faa9,JZ,1236471970,2216390,11568,6,0x40faa3,TEST,1,Recursive,rax(CMOVBE) rax(CMOVBE) ,rflags ,MOV,3,TEST,3,CMOVBE,4,CMP,4,CMOVNBE,4,MOV,8,MOV,3,ADD,4,ADD,4,CMP,4,0,1,0,0,0,JMP,0,0,1,0,0,0,JBE,0,0,4258407,4270041,4258479,0,0,0,1,fortran,0.0025096592849387,0.0017925113175028,0,0,0
0x40fa61,JNLE,1341738390,105266420,311,6,0x40fa58,CMP,1,Recursive,rsp(-1) ,rflags ,CMP,9,ADD,9,ADD,9,ADD,9,ADD,9,MOV,8,MOV,8,MOV,5,MOV,8,AND,3,0,1,1,0,0,JE,0,0,1,0,0,0,JE,0,0,4258331,4258712,4258407,0,0,0,0,fortran,0.0027233178673854,0.0784552493873265,0,0,0
0x40f9ed,JNZ,3607179603,2265441213,-8390,6,0x40f9e5,CMP,1,Recursive,rsp(-1) rax(MOV) ,rflags ,CMP,8,ADD,9,ADD,12,MOV,8,ADD,12,MOV,8,ADD,4,LEA,4,LEA,4,LEA,4,0,0,0,1,1,JLE,0,0,1,0,0,0,LEA,1,0,4258218,4249895,4258291,0,0,1,0,fortran,0.007321469473433,0.6280367107631375,1,1,1
0x40f977,JNZ,1214684802,102810958,51,2,0x40f974,CMP,1,Recursive,eax(-1) ,rflags ,CMP,3,JZ,6,CMP,3,MOV,7,ADD,8,MOV,7,MOV,8,ADD,3,CDQE,2,LEA,5,0,0,1,0,0,JNE,0,0,1,0,0,0,ADD,0,0,4258164,4258218,4258169,0,0,1,1,fortran,0.0024654380087672,0.0846400299326376,0,0,0
0x40f96e,JZ,1545910061,331225259,11004,6,0x40f96b,CMP,1,Recursive,eax(MOV) ,rflags ,CMP,3,MOV,7,ADD,8,ADD,8,JZ,2,CMP,3,JNZ,2,MOV,7,MOV,8,ADD,3,0,1,0,0,0,MOV,0,0,1,0,0,0,JNE,0,0,4258148,4269162,4258164,0,0,1,0,fortran,0.0031377238080608,0.214259074545217,0,0,0
0x40f952,JZ,3695483,1301823,18,2,0x40f94e,CMP,1,Recursive,rax(ADD) ,rflags ,CMP,4,ADD,8,ADD,4,ADD,3,JNLE,2,ADD,8,ADD,8,MOV,7,CMP,3,JZ,6,0,0,1,0,0,JE,0,0,1,0,0,0,ADD,0,0,4258111,4258148,4258132,0,1,0,1,fortran,7.500698316099521e-06,0.3522741141009172,0,0,0
0x40f93d,JNLE,4871173,1175690,39,2,0x40f939,CMP,1,Recursive,rdx(LEA) ,rflags ,CMP,4,LEA,4,ADD,8,LEA,4,MOV,8,ADD,3,ADD,4,ADD,8,CMP,4,JZ,2,0,0,1,0,0,JE,0,0,1,0,0,0,JE,0,0,4258081,4258148,4258111,0,1,0,1,fortran,9.88698882352576e-06,0.2413566506465691,0,0,0
0x40f91f,JZ,4327828,1850315,69,2,0x40f91c,CMP,1,Recursive,rdi(-1) rdx(-1) ,rflags ,CMP,3,ADD,3,JNBE,2,CMP,3,ADD,4,MOV,8,LEA,4,ADD,8,LEA,4,CMP,4,0,0,1,0,0,JE,0,0,0,0,0,0,JG,0,0,4258073,4258148,4258081,0,0,0,1,fortran,8.784164936482824e-06,0.4275389410115189,0,0,0
0x40f917,JNBE,4327828,0,-25,2,0x40f914,CMP,1,Recursive,r9(-1) r8(ADD) ,rflags ,CMP,3,ADD,4,MOVDQA,5,PADDD,4,ADD,4,ADD,3,CMP,3,JZ,2,MOV,8,LEA,4,1,1,1,1,1,JA,0,0,1,1,0,0,JE,0,0,4258046,4258046,4258073,1,0,1,0,fortran,8.784164936482824e-06,0.0,0,1,0
0x40f8df,JZ,6721488,2393660,66,2,0x40f8dc,TEST,1,Recursive,rdi(LEA) rdi(LEA) ,rflags ,TEST,3,LEA,8,SHR,4,MOV,3,SUB,3,ADD,8,XOR,3,MOVDQA,8,LEA,8,XOR,2,0,1,0,0,0,JG,0,0,1,0,0,0,XOR,0,0,4257994,4258081,4258017,0,0,1,0,fortran,1.3642561398140145e-05,0.3561205494973732,0,0,0
0x40f8c4,JZ,1303615459,1298195794,160,6,0x40f8c1,CMP,1,Recursive,rcx(-1) rdx(-1) ,rflags ,CMP,3,ADD,4,MOV,3,ADD,3,JZ,2,SUB,3,MOV,3,SHR,4,LEA,8,TEST,3,0,0,1,0,0,JE,0,0,0,0,0,0,JE,0,0,4257985,4258148,4257994,0,1,0,0,fortran,0.0026459399970619,0.99584258919102,1,0,1
0x40f8b5,JZ,1300589454,1300589454,12,2,0x40f8a9,CMP,1,Recursive,rcx(-1) ,rflags ,MOV,8,CMP,4,ADD,4,JZ,2,CMP,4,ADD,3,MOV,3,ADD,4,CMP,3,JZ,6,0,0,1,0,0,JE,0,0,1,0,0,0,ADD,0,0,4257957,4257985,4257975,0,0,0,1,fortran,0.0026397981339799,1.0,1,0,1
0x40f8a3,JZ,1302439769,1850315,30,2,0x40f89f,CMP,1,Recursive,rcx(-1) ,rflags ,CMP,4,ADD,4,ADD,4,MOV,3,JBE,2,ADD,4,CMP,4,MOV,8,JZ,2,ADD,3,0,0,1,0,0,JE,0,0,1,0,0,0,JE,0,0,4257940,4257985,4257957,0,0,0,1,fortran,0.0026435537065545,0.0014206530267581,0,0,0
0x40f892,JBE,1303615459,1175690,47,2,0x40f88e,CMP,1,Recursive,rcx(-1) ,rflags ,CMP,4,ADD,4,ADD,4,MOV,3,MOV,8,MOV,3,ADD,4,ADD,4,CMP,4,JZ,2,0,1,1,0,0,JE,0,0,1,0,0,0,JE,0,0,4257915,4257985,4257940,0,0,0,1,fortran,0.0026459399970619,0.0009018687158725,0,0,0
0x40f875,JZ,1304917282,1301823,11245,6,0x40f86f,TEST,1,Recursive,rax(CMOVBE) rax(CMOVBE) ,rflags ,MOV,3,TEST,3,CMOVBE,4,CMP,4,CMOVNBE,4,MOV,8,MOV,3,ADD,4,ADD,4,CMP,4,0,1,0,0,0,JMP,0,0,1,0,0,0,JBE,0,0,4257843,4269154,4257915,0,0,0,1,fortran,0.0026485822989164,0.0009976287523794,0,0,0
0x40f82d,JNLE,1545910061,240992779,311,6,0x40f824,CMP,1,Recursive,rsp(-1) ,rflags ,CMP,9,ADD,9,ADD,9,ADD,9,ADD,9,MOV,8,MOV,8,MOV,5,MOV,8,AND,3,0,1,1,0,0,JE,0,0,1,0,0,0,JE,0,0,4257776,4258148,4257843,0,0,0,0,fortran,0.0031377238080608,0.1558905560418627,0,0,0
0x40f7c6,JNZ,984660743,984660743,-7047,6,0x40f7be,CMP,1,Recursive,rsp(-1) rax(MOV) ,rflags ,CMP,8,ADD,9,ADD,12,MOV,8,ADD,12,MOV,8,ADD,4,LEA,4,LEA,4,LEA,4,0,0,0,1,1,JLE,0,0,1,0,0,0,LEA,1,0,4257667,4250687,4257740,0,0,1,0,fortran,0.0019985596407693,1.0,1,1,1
0x40f750,JNZ,1575802343,119992447,51,2,0x40f74d,CMP,1,Recursive,eax(-1) ,rflags ,CMP,3,JZ,6,CMP,3,MOV,7,ADD,8,MOV,7,MOV,8,ADD,3,CDQE,2,LEA,5,0,0,1,0,0,JNE,0,0,1,0,0,0,ADD,0,0,4257613,4257667,4257618,0,0,1,1,fortran,0.0031983959825131,0.0761468895721777,0,0,0
0x40f747,JZ,1999388897,423586554,11150,6,0x40f744,CMP,1,Recursive,eax(MOV) ,rflags ,CMP,3,MOV,7,ADD,8,ADD,8,JZ,2,CMP,3,JNZ,2,MOV,7,MOV,8,ADD,3,0,1,0,0,0,MOV,0,0,1,0,0,0,JNE,0,0,4257597,4268757,4257613,0,0,1,0,fortran,0.0040581469142074,0.2118580105329053,0,0,0
0x40f72b,JZ,4036503,2315648,18,2,0x40f727,CMP,1,Recursive,rax(ADD) ,rflags ,CMP,4,ADD,8,ADD,4,ADD,3,JNLE,2,ADD,8,ADD,8,MOV,7,CMP,3,JZ,6,0,0,1,0,0,JE,0,0,1,0,0,0,ADD,0,0,4257560,4257597,4257581,0,1,0,1,fortran,8.19286443883808e-06,0.5736767692232608,1,0,1
0x40f716,JNLE,8279371,4242868,39,2,0x40f712,CMP,1,Recursive,rdx(LEA) ,rflags ,CMP,4,LEA,4,ADD,8,LEA,4,MOV,8,ADD,3,ADD,4,ADD,8,CMP,4,JZ,2,0,0,1,0,0,JE,0,0,1,0,0,0,JE,0,0,4257530,4257597,4257560,0,1,0,1,fortran,1.680458660425801e-05,0.5124626013256321,1,0,1
0x40f6f8,JZ,10779902,4221386,69,2,0x40f6f5,CMP,1,Recursive,rsi(-1) rdx(-1) ,rflags ,CMP,3,ADD,3,JNBE,2,CMP,3,ADD,4,MOV,8,LEA,4,ADD,8,LEA,4,CMP,4,0,0,1,0,0,JE,0,0,0,0,0,0,JG,0,0,4257522,4257597,4257530,0,0,0,1,fortran,2.187989845417172e-05,0.3915978085886124,0,0,0
0x40f6f0,JNBE,10779902,0,-25,2,0x40f6ed,CMP,1,Recursive,r9(-1) r8(ADD) ,rflags ,CMP,3,ADD,4,MOVDQA,5,PADDD,4,ADD,4,ADD,3,CMP,3,JZ,2,MOV,8,LEA,4,1,1,1,1,1,JA,0,0,1,1,0,0,JE,0,0,4257495,4257495,4257522,1,0,1,0,fortran,2.187989845417172e-05,0.0,0,1,0
0x40f6b8,JZ,12500757,1720855,66,2,0x40f6b5,TEST,1,Recursive,rsi(LEA) rsi(LEA) ,rflags ,TEST,3,LEA,8,SHR,4,MOV,3,SUB,3,ADD,8,XOR,3,MOVDQA,8,LEA,8,XOR,2,0,1,0,0,0,JG,0,0,1,0,0,0,XOR,0,0,4257443,4257530,4257466,0,0,1,0,fortran,2.5372706891053024e-05,0.1376600633065661,0,0,0
0x40f69d,JZ,1837533278,1827348169,160,6,0x40f69a,CMP,1,Recursive,rcx(-1) rdx(-1) ,rflags ,CMP,3,ADD,4,MOV,3,ADD,3,JZ,2,SUB,3,MOV,3,SHR,4,LEA,8,TEST,3,0,0,1,0,0,JE,0,0,0,0,0,0,JE,0,0,4257434,4257597,4257443,0,1,0,0,fortran,0.0037296295948517,0.9944571839204536,1,0,1
0x40f68e,JZ,1829069024,1829069024,12,2,0x40f682,CMP,1,Recursive,rcx(-1) ,rflags ,MOV,8,CMP,4,ADD,4,JZ,2,CMP,4,ADD,3,MOV,3,ADD,4,CMP,3,JZ,6,0,0,1,0,0,JE,0,0,1,0,0,0,ADD,0,0,4257406,4257434,4257424,0,0,0,1,fortran,0.0037124497523995,1.0,1,0,1
0x40f67c,JZ,1833290410,4221386,30,2,0x40f678,CMP,1,Recursive,rcx(-1) ,rflags ,CMP,4,ADD,4,ADD,4,MOV,3,JBE,2,ADD,4,CMP,4,MOV,8,JZ,2,ADD,3,0,0,1,0,0,JE,0,0,1,0,0,0,JE,0,0,4257389,4257434,4257406,0,0,0,1,fortran,0.0037210178726863,0.0023026280926217,0,0,0
0x40f66b,JBE,1837533278,4242868,47,2,0x40f667,CMP,1,Recursive,rcx(-1) ,rflags ,CMP,4,ADD,4,ADD,4,MOV,3,MOV,8,MOV,3,ADD,4,ADD,4,CMP,4,JZ,2,0,1,1,0,0,JE,0,0,1,0,0,0,JE,0,0,4257364,4257434,4257389,0,0,0,1,fortran,0.0037296295948517,0.0023090019923982,0,0,0
0x40f64e,JZ,1839848926,2315648,11391,6,0x40f648,TEST,1,Recursive,rax(CMOVBE) rax(CMOVBE) ,rflags ,MOV,3,TEST,3,CMOVBE,4,CMP,4,CMOVNBE,4,MOV,8,MOV,3,ADD,4,ADD,4,CMP,4,0,1,0,0,0,JMP,0,0,1,0,0,0,JBE,0,0,4257292,4268749,4257364,0,0,0,1,fortran,0.0037343296508536,0.0012586076863573,0,0,0
0x40f606,JNLE,1999388897,159539971,311,6,0x40f5fd,CMP,1,Recursive,rsp(-1) ,rflags ,CMP,9,ADD,9,ADD,9,ADD,9,ADD,8,MOV,8,MOV,8,MOV,5,MOV,8,AND,3,0,1,1,0,0,JE,0,0,1,0,0,0,JE,0,0,4257234,4257597,4257292,0,0,0,0,fortran,0.0040581469142074,0.0797943667884637,0,0,0
0x40f5ac,JNZ,3946121521,1946732624,-5748,6,0x40f5a4,CMP,1,Recursive,rsp(-1) rax(MOV) ,rflags ,CMP,8,ADD,9,ADD,12,MOV,8,ADD,12,MOV,8,ADD,4,LEA,4,LEA,4,LEA,4,0,0,0,1,1,JLE,0,0,1,0,0,0,ADD,1,0,4257130,4251448,4257202,0,0,1,0,fortran,0.0080094177263672,0.4933280978905768,0,1,0
0x40f537,JNZ,2006005898,120161342,51,2,0x40f534,CMP,1,Recursive,eax(-1) ,rflags ,CMP,3,JZ,6,CMP,3,MOV,7,ADD,8,MOV,7,MOV,8,ADD,3,CDQE,2,LEA,5,0,0,1,0,0,JNE,0,0,1,0,0,0,ADD,0,0,4257076,4257130,4257081,0,0,1,1,fortran,0.0040715773990069,0.0599007919766345,0,0,0
0x40f52e,JZ,2753033920,747028022,10855,6,0x40f52b,CMP,1,Recursive,eax(MOV) ,rflags ,CMP,3,MOV,7,ADD,8,ADD,8,JZ,2,CMP,3,JNZ,2,MOV,7,MOV,8,ADD,3,0,1,0,0,0,MOV,0,0,1,0,0,0,JNE,0,0,4257060,4267925,4257076,0,0,1,0,fortran,0.0055878154189611,0.2713471913923966,0,0,0
0x40f512,JZ,6543107,2534948,18,2,0x40f50e,CMP,1,Recursive,rax(ADD) ,rflags ,CMP,4,ADD,8,ADD,4,ADD,3,JNLE,2,ADD,8,ADD,8,MOV,7,CMP,3,JZ,6,0,0,1,0,0,JE,0,0,1,0,0,0,ADD,0,0,4257023,4257060,4257044,0,1,0,1,fortran,1.3280502618185224e-05,0.3874226724398669,0,0,0
0x40f4fd,JNLE,10041397,3498290,39,2,0x40f4f9,CMP,1,Recursive,rdx(LEA) ,rflags ,CMP,4,LEA,4,ADD,8,LEA,4,MOV,8,ADD,3,ADD,4,ADD,8,CMP,4,JZ,2,0,0,1,0,0,JE,0,0,1,0,0,0,JE,0,0,4256993,4257060,4257023,0,1,0,1,fortran,2.038095955770512e-05,0.3483867832334485,0,0,0
0x40f4df,JZ,11970999,5937761,69,2,0x40f4dc,CMP,1,Recursive,rdi(-1) rdx(-1) ,rflags ,CMP,3,ADD,3,JNBE,2,CMP,3,ADD,4,MOV,8,LEA,4,ADD,8,LEA,4,CMP,4,0,0,1,0,0,JE,0,0,0,0,0,0,JG,0,0,4256985,4257060,4256993,0,0,0,1,fortran,2.429746045140217e-05,0.4960121540399427,0,0,0
0x40f4d7,JNBE,11970999,0,-25,2,0x40f4d4,CMP,1,Recursive,r9(-1) r8(ADD) ,rflags ,CMP,3,ADD,4,MOVDQA,5,PADDD,4,ADD,4,ADD,3,CMP,3,JZ,2,MOV,8,LEA,4,1,1,1,1,1,JA,0,0,1,1,0,0,JE,0,0,4256958,4256958,4256985,1,0,1,0,fortran,2.429746045140217e-05,0.0,0,1,0
0x40f49f,JZ,15979158,4008159,66,2,0x40f49c,TEST,1,Recursive,rdi(LEA) rdi(LEA) ,rflags ,TEST,3,LEA,8,SHR,4,MOV,3,SUB,3,ADD,8,XOR,3,MOVDQA,8,LEA,8,XOR,2,0,1,0,0,0,JG,0,0,1,0,0,0,XOR,0,0,4256906,4256993,4256929,0,0,1,0,fortran,3.243279525390543e-05,0.25083668363502,0,0,0
0x40f484,JZ,2541694141,2528249931,160,6,0x40f481,CMP,1,Recursive,rcx(-1) rdx(-1) ,rflags ,CMP,3,ADD,4,MOV,3,ADD,3,JZ,2,SUB,3,MOV,3,SHR,4,LEA,8,TEST,3,0,0,1,0,0,JE,0,0,0,0,0,0,JE,0,0,4256897,4257060,4256906,0,1,0,0,fortran,0.0051588604151172,0.9947105319309936,1,0,1
0x40f475,JZ,2532258090,2532258090,12,2,0x40f469,CMP,1,Recursive,rcx(-1) ,rflags ,MOV,8,CMP,4,ADD,4,JZ,2,CMP,4,ADD,3,MOV,3,ADD,4,CMP,3,JZ,6,0,0,1,0,0,JE,0,0,1,0,0,0,ADD,0,0,4256869,4256897,4256887,0,0,0,1,fortran,0.0051397081224815,1.0,1,0,1
0x40f463,JZ,2538195851,5937761,30,2,0x40f45f,CMP,1,Recursive,rcx(-1) ,rflags ,CMP,4,ADD,4,ADD,4,MOV,3,JBE,2,ADD,4,CMP,4,MOV,8,JZ,2,ADD,3,0,0,1,0,0,JE,0,0,1,0,0,0,JE,0,0,4256852,4256897,4256869,0,0,0,1,fortran,0.0051517599581777,0.0023393628185392,0,0,0
0x40f452,JBE,2541694141,3498290,47,2,0x40f44e,CMP,1,Recursive,rcx(-1) ,rflags ,CMP,4,ADD,4,ADD,4,MOV,3,MOV,8,MOV,3,ADD,4,ADD,4,CMP,4,JZ,2,0,1,1,0,0,JE,0,0,1,0,0,0,JE,0,0,4256827,4256897,4256852,0,0,0,1,fortran,0.0051588604151172,0.0013763615155612,0,0,0
0x40f435,JZ,2544229089,2534948,11092,6,0x40f42f,TEST,1,Recursive,rax(CMOVBE) rax(CMOVBE) ,rflags ,MOV,3,TEST,3,CMOVBE,4,CMP,4,CMOVNBE,4,MOV,8,MOV,3,ADD,4,ADD,4,CMP,4,0,1,0,0,0,JMP,0,0,1,0,0,0,JBE,0,0,4256755,4267913,4256827,0,0,0,1,fortran,0.0051640055829329,0.0009963521016876,0,0,0
0x40f3ed,JNLE,2753033920,208804831,311,6,0x40f3e4,CMP,1,Recursive,rsp(-1) ,rflags ,CMP,9,ADD,9,ADD,9,ADD,8,ADD,8,MOV,8,MOV,8,MOV,5,MOV,8,AND,3,0,1,1,0,0,JE,0,0,1,0,0,0,JE,0,0,4256706,4257060,4256755,0,0,0,0,fortran,0.0055878154189611,0.0758453535508926,0,0,0
0x40f3a0,JNZ,4063444718,1310410798,-4478,6,0x40f398,CMP,1,Recursive,rsp(-1) rax(MOV) ,rflags ,CMP,8,ADD,9,ADD,12,MOV,8,ADD,12,MOV,4,ADD,8,LEA,4,LEA,4,LEA,4,0,0,0,1,1,JLE,0,0,1,0,0,0,ADD,1,0,4256606,4252194,4256678,0,0,1,0,fortran,0.0082475478723257,0.3224876647626635,0,1,0
0x40f32b,JNZ,1944057385,63788479,51,2,0x40f328,CMP,1,Recursive,eax(-1) ,rflags ,CMP,3,JZ,6,CMP,3,MOV,7,ADD,8,MOV,7,MOV,8,ADD,3,CDQE,2,LEA,5,0,0,1,0,0,JNE,0,0,1,0,0,0,ADD,0,0,4256552,4256606,4256557,0,0,1,1,fortran,0.0039458408965946,0.032812035021281,0,0,0
0x40f322,JZ,2774808925,830751540,10970,6,0x40f31f,CMP,1,Recursive,eax(MOV) ,rflags ,CMP,3,MOV,7,ADD,8,ADD,8,JZ,2,CMP,3,JNZ,2,MOV,7,MOV,8,ADD,3,0,1,0,0,0,MOV,0,0,1,0,0,0,JNE,0,0,4256536,4267516,4256552,0,0,1,0,fortran,0.005632012007969,0.2993905391161303,0,0,0
0x40f306,JZ,7435304,4448089,18,2,0x40f302,CMP,1,Recursive,rax(ADD) ,rflags ,CMP,4,ADD,8,ADD,4,ADD,3,JNLE,2,ADD,8,ADD,8,MOV,7,CMP,3,JZ,6,0,0,1,0,0,JE,0,0,1,0,0,0,ADD,0,0,4256499,4256536,4256520,0,1,0,1,fortran,1.5091389188500671e-05,0.5982390229101594,1,0,1
0x40f2f1,JNLE,10569503,3134199,39,2,0x40f2ed,CMP,1,Recursive,rdx(LEA) ,rflags ,CMP,4,LEA,4,ADD,8,LEA,4,MOV,8,ADD,3,ADD,4,ADD,8,CMP,4,JZ,2,0,0,1,0,0,JE,0,0,1,0,0,0,JE,0,0,4256469,4256536,4256499,0,1,0,1,fortran,2.1452852943474192e-05,0.2965322967409158,0,0,0
0x40f2d3,JZ,10449941,2867653,69,2,0x40f2d0,CMP,1,Recursive,rsi(-1) rdx(-1) ,rflags ,CMP,3,ADD,3,JNBE,2,CMP,3,ADD,4,MOV,8,LEA,4,ADD,8,LEA,4,CMP,4,0,0,1,0,0,JE,0,0,0,0,0,0,JG,0,0,4256461,4256536,4256469,0,0,0,1,fortran,2.121017871332092e-05,0.2744181043701586,0,0,0
0x40f2cb,JNBE,10449941,0,-25,2,0x40f2c8,CMP,1,Recursive,r9(-1) r8(ADD) ,rflags ,CMP,3,ADD,4,MOVDQA,5,PADDD,4,ADD,4,ADD,3,CMP,3,JZ,2,MOV,8,LEA,4,1,1,1,1,1,JA,0,0,1,1,0,0,JE,0,0,4256434,4256434,4256461,1,0,1,0,fortran,2.121017871332092e-05,0.0,0,1,0
0x40f293,JZ,13437156,2987215,66,2,0x40f290,TEST,1,Recursive,rsi(LEA) rsi(LEA) ,rflags ,TEST,3,LEA,8,SHR,4,MOV,3,SUB,3,ADD,8,XOR,3,MOVDQA,8,LEA,8,XOR,2,0,1,0,0,0,JG,0,0,1,0,0,0,XOR,0,0,4256382,4256469,4256405,0,0,1,0,fortran,2.727330997933601e-05,0.2223100632306419,0,0,0
0x40f278,JZ,2568139774,2559150707,160,6,0x40f275,CMP,1,Recursive,rcx(-1) rdx(-1) ,rflags ,CMP,3,ADD,4,MOV,3,ADD,3,JZ,2,SUB,3,MOV,3,SHR,4,LEA,8,TEST,3,0,0,1,0,0,JE,0,0,0,0,0,0,JE,0,0,4256373,4256536,4256382,0,1,0,0,fortran,0.0052125369480389,0.9964997750157504,1,0,1
0x40f269,JZ,2562137922,2562137922,12,2,0x40f25d,CMP,1,Recursive,rcx(-1) ,rflags ,MOV,8,CMP,4,ADD,4,JZ,2,CMP,4,ADD,3,MOV,3,ADD,4,CMP,3,JZ,6,0,0,1,0,0,JE,0,0,1,0,0,0,ADD,0,0,4256345,4256373,4256363,0,0,0,1,fortran,0.0052003550272481,1.0,1,0,1
0x40f257,JZ,2565005575,2867653,30,2,0x40f253,CMP,1,Recursive,rcx(-1) ,rflags ,CMP,4,ADD,4,ADD,4,MOV,3,JBE,2,ADD,4,CMP,4,MOV,8,JZ,2,ADD,3,0,0,1,0,0,JE,0,0,1,0,0,0,JE,0,0,4256328,4256373,4256345,0,0,0,1,fortran,0.005206175484284,0.0011179909423783,0,0,0
0x40f246,JBE,2568139774,3134199,47,2,0x40f242,CMP,1,Recursive,rcx(-1) ,rflags ,CMP,4,ADD,4,ADD,4,MOV,3,MOV,8,MOV,3,ADD,4,ADD,4,CMP,4,JZ,2,0,1,1,0,0,JE,0,0,1,0,0,0,JE,0,0,4256303,4256373,4256328,0,0,0,1,fortran,0.0052125369480389,0.0012204160504544,0,0,0
0x40f229,JZ,2572587863,4448089,11211,6,0x40f223,TEST,1,Recursive,rax(CMOVBE) rax(CMOVBE) ,rflags ,MOV,3,TEST,3,CMOVBE,4,CMP,4,CMOVNBE,4,MOV,8,MOV,3,ADD,4,ADD,4,CMP,4,0,1,0,0,0,JMP,0,0,1,0,0,0,JBE,0,0,4256231,4267508,4256303,0,0,0,1,fortran,0.0052215652059614,0.0017290328792941,0,0,0
0x40f1e1,JNLE,2774808925,202221062,311,6,0x40f1d8,CMP,1,Recursive,rsp(-1) ,rflags ,CMP,9,ADD,9,ADD,8,ADD,8,ADD,4,MOV,8,MOV,8,MOV,5,MOV,8,AND,3,0,1,1,0,0,JE,0,0,1,0,0,0,JE,0,0,4256191,4256536,4256231,0,0,0,0,fortran,0.005632012007969,0.0728774728155381,0,0,0
0x40f1a1,JNZ,2849635832,74826907,-3169,6,0x40f199,CMP,1,Recursive,rsp(-1) rax(MOV) ,rflags ,CMP,8,ADD,8,ADD,9,ADD,12,MOV,8,MOV,4,ADD,8,LEA,4,LEA,4,ADD,4,0,0,0,1,1,JLE,0,0,1,0,0,0,ADD,1,0,4256087,4252992,4256167,0,0,1,0,fortran,0.0057838877046868,0.0262584103413253,0,1,0
0x40f124,JNZ,1510030442,69243059,51,2,0x40f121,CMP,1,Recursive,eax(-1) ,rflags ,CMP,3,JZ,6,CMP,3,MOV,7,ADD,8,MOV,7,MOV,8,ADD,3,CDQE,2,LEA,5,0,0,1,0,0,JNE,0,0,1,0,0,0,ADD,0,0,4256033,4256087,4256038,0,0,1,1,fortran,0.0030648991738206,0.0458554060064439,0,0,0
0x40f11b,JZ,2181080703,671050261,17072,6,0x40f118,CMP,1,Recursive,eax(MOV) ,rflags ,CMP,3,MOV,7,ADD,8,ADD,8,JZ,2,CMP,3,JNZ,2,MOV,7,MOV,8,ADD,3,0,1,0,0,0,MOV,0,0,1,0,0,0,JNE,0,0,4256017,4273099,4256033,0,0,1,0,fortran,0.0044269256160207,0.3076686984012072,0,0,0
0x40f0ff,JZ,10038993,4465952,18,2,0x40f0fb,CMP,1,Recursive,rax(ADD) ,rflags ,CMP,4,ADD,8,ADD,4,ADD,3,JNLE,2,ADD,8,ADD,8,MOV,7,CMP,3,JZ,6,0,0,1,0,0,JE,0,0,1,0,0,0,ADD,0,0,4255980,4256017,4256001,0,1,0,1,fortran,2.037608017421129e-05,0.4448605552369645,0,0,0
0x40f0ea,JNLE,15499937,5460944,39,2,0x40f0e6,CMP,1,Recursive,rdx(LEA) ,rflags ,CMP,4,LEA,4,ADD,8,LEA,4,MOV,8,ADD,3,ADD,4,ADD,8,CMP,4,JZ,2,0,0,1,0,0,JE,0,0,1,0,0,0,JE,0,0,4255950,4256017,4255980,0,1,0,1,fortran,3.146012344138741e-05,0.3523203997538828,0,0,0
0x40f0cc,JZ,12689135,2762239,69,2,0x40f0c9,CMP,1,Recursive,rdx(-1) rsi(-1) ,rflags ,CMP,3,ADD,3,JB,2,CMP,3,ADD,4,MOV,8,LEA,4,ADD,8,LEA,4,CMP,4,0,0,1,0,0,JE,0,0,0,0,0,0,JG,0,0,4255942,4256017,4255950,0,0,0,1,fortran,2.5755056518257424e-05,0.2176853662601903,0,1,0
0x40f0c4,JB,12689135,0,-27,2,0x40f0c1,CMP,1,Recursive,rdi(ADD) r9(-1) ,rflags ,CMP,3,ADD,4,MOVDQA,6,PADDD,4,ADD,4,ADD,3,CMP,3,JZ,2,MOV,8,LEA,4,1,1,1,1,1,JB,0,0,1,1,0,0,JE,0,0,4255913,4255913,4255942,1,0,1,0,fortran,2.5755056518257424e-05,0.0,0,1,0
0x40f08b,JZ,18262176,5573041,67,2,0x40f088,TEST,1,Recursive,rsi(LEA) rsi(LEA) ,rflags ,TEST,3,LEA,8,SHR,4,MOV,3,SUB,3,ADD,8,XOR,2,MOVDQA,8,LEA,8,XOR,2,0,1,0,0,0,JG,0,0,1,0,0,0,XOR,0,0,4255862,4255950,4255885,0,0,1,0,fortran,3.706662235261618e-05,0.3051685078492289,0,0,0
0x40f070,JZ,2098949045,2085152821,161,6,0x40f06d,CMP,1,Recursive,rdx(-1) rcx(-1) ,rflags ,CMP,3,ADD,4,MOV,3,ADD,3,JZ,2,SUB,3,MOV,3,SHR,4,LEA,8,TEST,3,0,0,1,0,0,JE,0,0,0,0,0,0,JE,0,0,4255853,4256017,4255862,0,1,0,0,fortran,0.0042602235127073,0.9934270800747332,1,0,1
0x40f061,JZ,2090725862,2090725862,12,2,0x40f055,CMP,1,Recursive,rcx(-1) ,rflags ,MOV,8,CMP,4,ADD,4,JZ,2,CMP,4,ADD,3,MOV,3,ADD,4,CMP,3,JZ,6,0,0,1,0,0,JE,0,0,1,0,0,0,ADD,0,0,4255825,4255853,4255843,0,0,0,1,fortran,0.0042435329705289,1.0,1,0,1
0x40f04f,JZ,2093488101,2762239,30,2,0x40f04b,CMP,1,Recursive,rcx(-1) ,rflags ,CMP,4,ADD,4,ADD,4,MOV,3,JBE,2,ADD,4,CMP,4,MOV,8,JZ,2,ADD,3,0,0,1,0,0,JE,0,0,1,0,0,0,JE,0,0,4255808,4255853,4255825,0,0,0,1,fortran,0.0042491394694401,0.00131944337237,0,0,0
0x40f03e,JBE,2098949045,5460944,47,2,0x40f03a,CMP,1,Recursive,rcx(-1) ,rflags ,CMP,4,ADD,4,ADD,4,MOV,3,MOV,8,MOV,3,ADD,4,ADD,4,CMP,4,JZ,2,0,1,1,0,0,JE,0,0,1,0,0,0,JE,0,0,4255783,4255853,4255808,0,0,0,1,fortran,0.0042602235127073,0.0026017515827784,0,0,0
0x40f021,JZ,2103414997,4465952,17314,6,0x40f01b,TEST,1,Recursive,rax(CMOVBE) rax(CMOVBE) ,rflags ,MOV,3,TEST,3,CMOVBE,4,CMP,4,CMOVNBE,4,MOV,8,MOV,3,ADD,4,ADD,4,CMP,4,0,1,0,0,0,JMP,0,0,1,0,0,0,JBE,0,0,4255711,4273091,4255783,0,0,0,1,fortran,0.0042692880270471,0.0021231910994119,0,0,0
0x40efd9,JNLE,2181080703,77665706,312,6,0x40efd0,CMP,1,Recursive,rsp(-1) ,rflags ,CMP,9,ADD,9,ADD,8,ADD,4,LEA,4,MOV,8,MOV,8,MOV,5,MOV,8,AND,3,0,1,1,0,0,JE,0,0,1,0,0,0,JE,0,0,4255679,4256017,4255711,0,0,0,0,fortran,0.0044269256160207,0.0356088180933303,0,0,0
0x40ef96,JNZ,1817227134,1817227134,-1779,6,0x40ef8e,CMP,1,Recursive,rsp(-1) rax(MOV) ,rflags ,CMP,8,SUB,8,SUB,9,SUB,12,SUB,12,MOV,8,SUB,4,MOV,4,ADD,8,MOV,3,0,0,0,1,1,JLE,0,0,1,0,0,0,ADD,1,0,4255486,4253859,4255644,0,0,0,1,fortran,0.0036884143436633,1.0,1,1,1
0x40eecb,JNZ,804420990,88477323,51,2,0x40eec8,CMP,1,Recursive,eax(-1) ,rflags ,CMP,3,JZ,6,CMP,3,MOV,7,ADD,8,MOV,7,MOV,8,ADD,3,CDQE,2,LEA,5,0,0,1,0,0,JNE,0,0,1,0,0,0,ADD,0,0,4255432,4255486,4255437,0,0,1,1,fortran,0.0016327281616849,0.1099888293566283,0,0,0
0x40eec2,JZ,1140924835,336503845,4150,6,0x40eebf,CMP,1,Recursive,eax(MOV) ,rflags ,CMP,3,MOV,7,ADD,8,ADD,8,JZ,2,CMP,3,JNZ,2,MOV,7,MOV,8,ADD,3,0,1,0,0,0,MOV,0,0,1,0,0,0,JNE,0,0,4255416,4259576,4255432,0,0,1,0,fortran,0.0023157278733742,0.2949395391152126,0,0,0
0x40eea6,JZ,8994850,3532606,18,2,0x40eea2,CMP,1,Recursive,rdi(ADD) ,rflags ,CMP,4,ADD,8,ADD,4,ADD,3,JNLE,2,ADD,8,ADD,8,MOV,7,CMP,3,JZ,6,0,0,1,0,0,JE,0,0,1,0,0,0,ADD,0,0,4255379,4255416,4255400,0,1,0,1,fortran,1.825678977513028e-05,0.3927365103364703,0,0,0
0x40ee91,JNLE,15256402,6261552,39,2,0x40ee8d,CMP,1,Recursive,rax(LEA) ,rflags ,CMP,4,LEA,4,ADD,8,ADD,3,MOV,3,ADD,3,ADD,4,ADD,8,CMP,4,JZ,2,0,0,1,0,0,JE,0,0,1,0,0,0,JE,0,0,4255347,4255416,4255379,0,1,0,1,fortran,3.096582200246554e-05,0.4104212775725233,0,0,0
0x40ee71,JZ,19586900,9792742,71,2,0x40ee6e,CMP,1,Recursive,r8(-1) r9(-1) ,rflags ,CMP,3,ADD,3,JB,2,CMP,3,ADD,4,MOV,8,MOV,3,ADD,3,ADD,8,LEA,4,0,0,1,0,0,JE,0,0,0,0,0,0,JG,0,0,4255339,4255416,4255347,0,0,0,1,fortran,3.975540622094858e-05,0.4999638533918077,0,0,0
0x40ee69,JB,19586900,0,-25,2,0x40ee66,CMP,1,Recursive,rdx(ADD) rsi(-1) ,rflags ,CMP,3,ADD,4,MOVDQA,5,PADDD,4,ADD,4,ADD,3,CMP,3,JZ,2,MOV,8,MOV,3,1,1,1,1,1,JB,0,0,1,1,0,0,JE,0,0,4255312,4255312,4255339,1,0,1,0,fortran,3.975540622094858e-05,0.0,0,1,0
0x40ee2d,JZ,25049144,5462244,70,2,0x40ee2a,TEST,1,Recursive,r9(LEA) r9(LEA) ,rflags ,TEST,3,LEA,8,SHR,4,MOV,3,SUB,3,ADD,8,XOR,2,MOVDQA,8,LEA,8,XOR,2,0,1,0,0,0,JG,0,0,1,0,0,0,NOP,0,0,4255256,4255347,4255279,0,0,1,0,fortran,5.084208808984764e-05,0.2180611042038003,0,0,0
0x40ee12,JZ,1065043583,1043527045,166,6,0x40ee0f,CMP,1,Recursive,r8(-1) rax(-1) ,rflags ,CMP,3,ADD,4,MOV,3,ADD,4,JZ,2,SUB,3,MOV,3,SHR,4,LEA,8,TEST,3,0,0,1,0,0,JE,0,0,0,0,0,0,JE,0,0,4255247,4255416,4255256,0,1,0,0,fortran,0.0021617121793228,0.9797975046810832,1,0,1
0x40ee02,JZ,1048989289,1048989289,13,2,0x40edf6,CMP,1,Recursive,rax(-1) ,rflags ,MOV,8,CMP,4,ADD,4,JZ,2,CMP,4,ADD,4,MOV,3,ADD,4,CMP,3,JZ,6,0,0,1,0,0,JE,0,0,1,0,0,0,ADD,0,0,4255218,4255247,4255236,0,0,0,1,fortran,0.0021291268810081,1.0,1,0,1
0x40edf0,JZ,1058782031,9792742,31,2,0x40edec,CMP,1,Recursive,rax(-1) ,rflags ,CMP,4,ADD,4,ADD,4,MOV,3,JBE,2,ADD,4,CMP,4,MOV,8,JZ,2,ADD,4,0,0,1,0,0,JE,0,0,1,0,0,0,JE,0,0,4255201,4255247,4255218,0,0,0,1,fortran,0.0021490031470955,0.0092490632758009,0,0,0
0x40eddf,JBE,1065043583,6261552,48,2,0x40eddb,CMP,1,Recursive,rax(-1) ,rflags ,CMP,4,ADD,4,ADD,4,MOV,3,MOV,8,MOV,3,ADD,4,ADD,4,CMP,4,JZ,2,0,1,1,0,0,JE,0,0,1,0,0,0,JE,0,0,4255176,4255247,4255201,0,0,0,1,fortran,0.0021617121793228,0.0058791509567735,0,0,0
0x40edc2,JZ,1068576189,3532606,4817,6,0x40edbf,TEST,1,Recursive,rax(CMOVBE) rax(CMOVBE) ,rflags ,TEST,3,CMOVBE,4,CMP,4,CMOVNBE,4,CMP,3,MOV,8,MOV,3,ADD,4,ADD,4,CMP,4,0,1,0,0,0,JMP,0,0,1,0,0,0,JBE,0,0,4255106,4259987,4255176,0,0,0,1,fortran,0.0021688822872291,0.0033058999782747,0,0,0
0x40ed7c,JNLE,1140924835,72348646,316,6,0x40ed73,CMP,1,Recursive,rsp(-1) ,rflags ,CMP,9,ADD,8,MOV,8,JZ,6,CMP,3,MOV,8,MOV,8,MOV,6,MOV,8,AND,3,0,1,1,0,0,JE,0,0,1,0,0,0,JE,0,0,4255075,4255416,4255106,0,0,0,0,fortran,0.0023157278733742,0.0634122807923626,0,0,0
0x40ed5d,JZ,131151,131151,7016,6,0x40ed5a,CMP,1,Recursive,edx(ADD) ,rflags ,CMP,3,ADD,2,ADD,6,ADD,6,ADD,6,MOV,8,ADD,8,CMP,9,JNLE,6,MOV,8,0,1,0,0,0,ADD,0,0,0,1,0,0,JG,0,0,4255010,4262085,4255075,0,0,1,1,fortran,2.661963496665438e-07,1.0,1,0,1
0x40ed20,JNZ,1180359,1049208,-41,2,0x40ed19,CMP,1,Recursive,rdx(ADD) ,rflags ,CMP,7,MOV,3,SUB,2,ADD,3,ADD,3,MOV,6,ADD,6,ADD,6,MOV,6,ADD,6,1,1,1,1,1,JNE,0,0,1,1,0,0,JE,0,0,4254967,4254967,4255010,1,0,1,0,fortran,2.395767146998894e-06,0.8888888888888888,1,1,1
0x40ece4,JNZ,377594874,377463723,5614,6,0x40ecdc,CMP,1,Recursive,rsp(-1) ,rflags ,CMP,8,JZ,6,MOV,7,MOV,7,MOV,8,MOV,5,MOV,5,MOV,3,MOV,2,ADD,3,0,0,0,0,0,CALL,0,1,1,0,0,0,MOV,0,0,4254940,4260562,4254954,1,0,1,0,fortran,0.0007664019116255,0.9996526674247171,1,0,1
0x40ecd6,JZ,625671358,248076484,5485,6,0x40ecb8,CMP,1,Recursive,rsp(-1) ,rflags ,MOV,7,MOV,7,MOV,8,CMP,8,SUB,8,CMP,8,JNZ,6,MOV,5,MOV,5,MOV,3,0,1,0,0,0,MOV,0,0,1,0,0,0,JNE,0,0,4254904,4260419,4254940,0,0,0,0,fortran,0.0012699211717067,0.39649646867805,0,0,0
0x40ec85,JNZ,328881121,75616625,51,2,0x40ec82,CMP,1,Recursive,eax(-1) ,rflags ,CMP,3,JZ,6,CMP,3,MOV,7,SUB,8,MOV,7,MOV,8,ADD,3,CDQE,2,LEA,5,0,0,1,0,0,JE,0,0,1,0,0,0,SUB,0,0,4254850,4254904,4254855,0,0,1,1,fortran,0.00066752791732,0.2299208442554536,0,0,0
0x40ec7c,JZ,625671358,296790237,6380,6,0x40ec79,CMP,1,Recursive,eax(MOV) ,rflags ,CMP,3,MOV,7,SUB,8,ADD,8,JZ,2,CMP,3,JNZ,2,MOV,7,MOV,8,ADD,3,0,1,0,0,0,MOV,0,0,1,0,0,0,JNE,0,0,4254834,4261224,4254850,0,0,1,0,fortran,0.0012699211717067,0.4743548401331806,0,0,0
0x40ec60,JZ,6452972,2406214,18,2,0x40ec5c,CMP,1,Recursive,rsi(ADD) ,rflags ,CMP,4,SUB,8,ADD,4,ADD,3,JNLE,2,ADD,8,SUB,8,MOV,7,CMP,3,JZ,6,0,0,1,0,0,JE,0,0,1,0,0,0,SUB,0,0,4254797,4254834,4254818,0,1,0,1,fortran,1.309755618257136e-05,0.3728846181263455,0,0,0
0x40ec4b,JNLE,15871290,9418318,39,2,0x40ec47,CMP,1,Recursive,rax(LEA) ,rflags ,CMP,4,LEA,4,SUB,8,ADD,3,MOV,3,ADD,3,ADD,4,SUB,8,CMP,4,JZ,2,0,0,1,0,0,JE,0,0,1,0,0,0,JE,0,0,4254765,4254834,4254797,0,1,0,1,fortran,3.22138562610969e-05,0.5934185563996374,1,0,1
0x40ec2b,JZ,16667009,4842477,71,2,0x40ec28,CMP,1,Recursive,r8(-1) r9(-1) ,rflags ,CMP,3,ADD,3,JB,2,CMP,3,ADD,4,MOV,8,MOV,3,ADD,3,SUB,8,LEA,4,0,0,1,0,0,JE,0,0,0,0,0,0,JG,0,0,4254757,4254834,4254765,0,0,0,1,fortran,3.382892204908413e-05,0.2905426522539227,0,0,0
0x40ec23,JB,16667009,0,-25,2,0x40ec20,CMP,1,Recursive,rdx(ADD) rdi(-1) ,rflags ,CMP,3,ADD,4,MOVDQA,5,PADDD,4,ADD,4,ADD,3,CMP,3,JZ,2,MOV,8,MOV,3,1,1,1,1,1,JB,0,0,1,1,0,0,JE,0,0,4254730,4254730,4254757,1,0,1,0,fortran,3.382892204908413e-05,0.0,0,1,0
0x40ebe4,JZ,20713767,4046758,73,2,0x40ebe1,TEST,1,Recursive,r9(LEA) r9(LEA) ,rflags ,TEST,3,LEA,8,SHR,4,MOV,3,SUB,3,MOV,8,XOR,2,MOVDQA,8,LEA,8,LEA,8,0,1,0,0,0,JG,0,0,1,0,0,0,XOR,0,0,4254671,4254765,4254694,0,0,1,0,fortran,4.204260099612901e-05,0.195365623259159,0,0,0
0x40ebc9,JZ,593324690,575017137,169,6,0x40ebc6,CMP,1,Recursive,r8(-1) rax(-1) ,rflags ,CMP,3,LEA,4,SUB,7,JZ,2,MOV,8,SUB,3,MOV,3,SHR,4,LEA,8,TEST,3,0,0,1,0,0,JE,0,0,0,0,0,0,JE,0,0,4254662,4254834,4254671,0,1,0,0,fortran,0.0012042673456171,0.9691441241051336,1,0,1
0x40ebb9,JZ,579063895,579063895,13,2,0x40ebad,CMP,1,Recursive,rax(-1) ,rflags ,MOV,8,CMP,4,SUB,7,JZ,2,LEA,4,SUB,7,LEA,4,CMP,3,JZ,6,SUB,3,0,0,1,0,0,JE,0,0,1,0,0,0,LEA,0,0,4254630,4254662,4254651,0,0,0,1,fortran,0.0011753223008035,1.0,1,0,1
0x40eba4,JZ,583906372,4842477,34,2,0x40eb9c,CMP,1,Recursive,rax(-1) ,rflags ,LEA,4,CMP,4,SUB,7,JBE,2,CMP,4,SUB,7,CMP,4,MOV,8,JZ,2,SUB,7,0,0,1,0,0,JE,0,0,1,0,0,0,JE,0,0,4254613,4254662,4254630,0,0,0,1,fortran,0.0011851510455386,0.0082932422597368,0,0,0
0x40eb93,JBE,593324690,9418318,51,2,0x40eb8f,CMP,1,Recursive,rax(-1) ,rflags ,CMP,4,SUB,7,LEA,4,MOV,8,JZ,6,SUB,7,CMP,4,LEA,4,JZ,2,SUB,7,0,1,1,0,0,JE,0,0,1,0,0,0,JE,0,0,4254588,4254662,4254613,0,0,0,1,fortran,0.0012042673456171,0.0158738009031783,0,0,0
0x40eb76,JZ,595730904,2406214,7066,6,0x40eb73,TEST,1,Recursive,rax(CMOVBE) rax(CMOVBE) ,rflags ,TEST,3,CMOVBE,4,CMP,4,CMOVNBE,4,CMP,3,MOV,8,LEA,4,SUB,7,CMP,4,JBE,2,0,1,0,0,0,JMP,0,0,1,0,0,0,JBE,0,0,4254518,4261648,4254588,0,0,0,1,fortran,0.0012091512228526,0.0040390954772425,0,0,0
0x40eb30,JNLE,625671358,29940454,322,6,0x40eb18,CMP,1,Recursive,rsp(-1) ,rflags ,MOV,8,LEA,7,CMP,9,JLE,6,TEST,2,MOV,8,MOV,8,MOV,6,MOV,8,AND,3,0,1,1,0,0,JE,0,0,1,0,0,0,JE,0,0,4254488,4254834,4254518,0,0,0,0,fortran,0.0012699211717067,0.0478533236613334,0,0,0
0x40eb12,JLE,1141690656,516019298,593,6,0x40eb10,TEST,1,Recursive,eax(MOV) eax(MOV) ,rflags ,TEST,2,MOV,7,MOV,8,LEA,5,ADD,7,CMP,9,LEA,7,MOV,8,JNLE,6,MOV,8,0,1,0,0,0,JG,0,0,1,0,0,0,JG,0,0,4254420,4255075,4254488,0,0,1,1,fortran,0.0023172822553819,0.451978209060511,0,0,0
0x40ea6f,JNZ,804858602,88696129,101,2,0x40ea6c,CMP,1,Recursive,ebx(-1) ,rflags ,CMP,3,JZ,6,MOV,7,CMP,3,SUB,2,MOV,8,MOV,8,MOV,2,MOV,3,ADD,3,0,0,1,0,0,JLE,0,0,1,0,0,0,MOV,0,0,4254316,4254420,4254321,0,0,1,1,fortran,0.0016336163799751,0.1102008834590302,0,0,0
0x40ea66,JZ,1141690656,336832054,5695,6,0x40ea5c,CMP,1,Recursive,ebx(SUB) ,rflags ,MOV,7,CMP,3,SUB,2,LEA,3,MOV,7,CMP,3,JNZ,2,MOV,8,MOV,8,MOV,2,0,1,0,0,0,MOV,0,0,1,0,0,0,JNE,0,0,4254248,4260005,4254316,0,0,1,0,fortran,0.0023172822553819,0.295029176449702,0,0,0
0x40ea16,JZ,9099371,3571355,18,2,0x40ea12,CMP,1,Recursive,rdi(ADD) ,rflags ,CMP,4,SUB,8,ADD,4,ADD,3,JNLE,2,ADD,8,SUB,8,MOV,7,MOV,7,MOV,5,0,0,1,0,0,JE,0,0,1,0,0,0,SUB,0,0,4254211,4254248,4254232,0,1,1,1,fortran,1.8468935383349027e-05,0.3924837222265143,0,0,0
0x40ea01,JNLE,15446349,6346978,39,2,0x40e9fd,CMP,1,Recursive,rax(LEA) ,rflags ,CMP,4,LEA,4,SUB,8,ADD,3,MOV,3,ADD,3,ADD,4,SUB,8,CMP,4,JZ,2,0,0,1,0,0,JE,0,0,1,0,0,0,JE,0,0,4254179,4254248,4254211,0,1,1,1,fortran,3.1351356218980174e-05,0.4109047387185153,0,0,0
0x40e9e1,JZ,19849337,9931004,71,2,0x40e9de,CMP,1,Recursive,r8(-1) r9(-1) ,rflags ,CMP,3,ADD,3,JB,2,CMP,3,ADD,4,MOV,8,MOV,3,ADD,3,SUB,8,LEA,4,0,0,1,0,0,JE,0,0,0,0,0,0,JG,0,0,4254171,4254248,4254179,0,0,1,1,fortran,4.028807292892212e-05,0.5003191794264967,1,0,1
0x40e9d9,JB,19849337,0,-25,2,0x40e9d6,CMP,1,Recursive,rdx(ADD) rsi(-1) ,rflags ,CMP,3,ADD,4,MOVDQA,5,PADDD,4,ADD,4,ADD,3,CMP,3,JZ,2,MOV,8,MOV,3,1,1,1,1,1,JB,0,0,1,1,0,0,JE,0,0,4254144,4254144,4254171,1,0,1,0,fortran,4.028807292892212e-05,0.0,0,1,0
0x40e9a4,JZ,25377353,5528016,63,2,0x40e9a1,TEST,1,Recursive,r9(LEA) r9(LEA) ,rflags ,TEST,3,LEA,8,SHR,4,MOV,3,SUB,3,ADD,8,XOR,2,LEA,8,XOR,2,NOP,6,0,1,0,0,0,JG,0,0,1,0,0,0,NOP,0,0,4254095,4254179,4254118,0,0,1,0,fortran,5.150825180745335e-05,0.2178326478730859,0,0,0
0x40e989,JZ,1065661252,1043855254,159,6,0x40e986,CMP,1,Recursive,r8(-1) rax(-1) ,rflags ,CMP,3,ADD,4,MOV,3,SUB,4,JZ,2,SUB,3,MOV,3,SHR,4,LEA,8,TEST,3,0,0,1,0,0,JE,0,0,0,0,0,0,JE,0,0,4254086,4254248,4254095,0,1,1,0,fortran,0.0021629658581595,0.9795375894928382,1,0,1
0x40e979,JZ,1049383270,1049383270,13,2,0x40e96d,CMP,1,Recursive,rax(-1) ,rflags ,MOV,8,CMP,4,SUB,4,JZ,2,CMP,4,SUB,4,MOV,3,ADD,4,CMP,3,JZ,6,0,0,1,0,0,JE,0,0,1,0,0,0,ADD,0,0,4254057,4254086,4254075,0,0,0,1,fortran,0.0021299265417354,1.0,1,0,1
0x40e967,JZ,1059314274,9931004,31,2,0x40e963,CMP,1,Recursive,rax(-1) ,rflags ,CMP,4,ADD,4,SUB,4,MOV,3,JBE,2,SUB,4,CMP,4,MOV,8,JZ,2,SUB,4,0,0,1,0,0,JE,0,0,1,0,0,0,JE,0,0,4254040,4254086,4254057,0,0,0,1,fortran,0.0021500834373238,0.0093749364506344,0,0,0
0x40e956,JBE,1065661252,6346978,48,2,0x40e952,CMP,1,Recursive,rax(-1) ,rflags ,CMP,4,SUB,4,ADD,4,MOV,3,MOV,8,MOV,3,SUB,4,ADD,4,CMP,4,JZ,2,0,1,1,0,0,JE,0,0,1,0,0,0,JE,0,0,4254015,4254086,4254040,0,0,0,1,fortran,0.0021629658581595,0.0059559057703263,0,0,0
0x40e939,JZ,1069232607,3571355,5986,6,0x40e936,TEST,1,Recursive,rax(CMOVBE) rax(CMOVBE) ,rflags ,TEST,3,CMOVBE,4,CMP,4,CMOVNBE,4,CMP,3,MOV,8,MOV,3,ADD,4,SUB,4,CMP,4,0,1,0,0,0,JMP,0,0,1,0,0,0,JBE,0,0,4253945,4259995,4254015,0,0,0,1,fortran,0.0021702146146643,0.0033401104461454,0,0,0
0x40e8f3,JNLE,1141690656,72458049,309,6,0x40e8e2,CMP,1,Recursive,rsp(-1) ,rflags ,MOV,8,CMP,9,SUB,4,MOV,8,MOV,8,MOV,8,MOV,8,MOV,6,MOV,8,AND,3,0,1,1,0,0,JE,0,0,1,0,0,0,JE,0,0,4253890,4254248,4253945,0,0,1,0,fortran,0.0023172822553819,0.0634655706597987,0,0,0
0x40e8bc,JLE,1817992955,676302299,5628,6,0x40e8ba,TEST,1,Recursive,edx(MOV) edx(MOV) ,rflags ,TEST,2,MOV,7,ADD,8,MOV,8,MOV,8,SUB,4,SUB,8,MOV,8,MOV,8,SUB,4,1,1,0,0,0,JMP,0,0,1,0,0,0,JG,0,0,4253859,4259512,4253890,0,0,1,1,fortran,0.0036899687256711,0.3720049063666476,0,0,0
0x40e782,JNLE,2181846524,0,2109,6,0x40e779,CMP,1,Recursive,eax(MOV) edx(MOV) ,rflags ,MOV,7,CMP,2,MOV,7,MOV,7,MOV,7,MOV,3,CDQE,2,MOV,8,LEA,4,MOV,8,0,1,0,0,0,JG,0,0,1,0,0,0,MOV,0,0,4253525,4255679,4253576,0,1,1,1,fortran,0.0044284799980285,0.0,0,0,0
0x40e722,JNZ,1510468054,69461865,51,2,0x40e71f,CMP,1,Recursive,edi(-1) ,rflags ,CMP,3,JZ,6,MOV,7,CMP,3,SUB,2,MOV,7,MOV,8,ADD,3,CDQE,2,LEA,5,0,0,1,0,0,JG,0,0,1,0,0,0,SUB,0,0,4253471,4253525,4253476,0,0,1,1,fortran,0.0030657873921108,0.0459869805362993,0,0,0
0x40e719,JZ,2181846524,671378470,13554,6,0x40e70f,CMP,1,Recursive,edi(SUB) ,rflags ,MOV,7,CMP,3,SUB,2,LEA,3,MOV,7,CMP,3,JNZ,2,MOV,7,MOV,8,ADD,3,0,1,0,0,0,MOV,0,0,1,0,0,0,JNE,0,0,4253403,4267019,4253471,0,0,1,0,fortran,0.0044284799980285,0.3077111348644062,0,0,0
0x40e6c9,JZ,10222750,4546902,18,2,0x40e6c5,CMP,1,Recursive,rax(ADD) ,rflags ,CMP,4,SUB,8,ADD,4,ADD,3,JNLE,2,ADD,8,SUB,8,MOV,7,MOV,7,MOV,5,0,0,1,0,0,JE,0,0,1,0,0,0,SUB,0,0,4253366,4253403,4253387,0,1,1,1,fortran,2.0749050587137422e-05,0.4447826661123474,0,0,0
0x40e6b4,JNLE,15774655,5551905,39,2,0x40e6b0,CMP,1,Recursive,rdx(LEA) ,rflags ,CMP,4,LEA,4,SUB,8,LEA,4,MOV,8,ADD,3,ADD,4,SUB,8,CMP,4,JZ,2,0,0,1,0,0,JE,0,0,1,0,0,0,JE,0,0,4253336,4253403,4253366,0,1,1,1,fortran,3.2017716816868295e-05,0.3519509618435395,0,0,0
0x40e696,JZ,12914537,2815730,69,2,0x40e693,CMP,1,Recursive,rdx(-1) rsi(-1) ,rflags ,CMP,3,ADD,3,JB,2,CMP,3,ADD,4,MOV,8,LEA,4,SUB,8,LEA,4,CMP,4,0,0,1,0,0,JE,0,0,0,0,0,0,JG,0,0,4253328,4253403,4253336,0,0,1,1,fortran,2.621255352253141e-05,0.2180279478853945,0,0,0
0x40e68e,JB,12914537,0,-28,2,0x40e68b,CMP,1,Recursive,rdi(ADD) r9(-1) ,rflags ,CMP,3,ADD,4,MOVDQA,6,PADDD,5,ADD,4,ADD,3,CMP,3,JZ,2,MOV,8,LEA,4,1,1,1,1,1,JB,0,0,1,1,0,0,JE,0,0,4253298,4253298,4253328,1,0,1,0,fortran,2.621255352253141e-05,0.0,0,1,0
0x40e65c,JZ,18590385,5675848,60,2,0x40e659,TEST,1,Recursive,rsi(LEA) rsi(LEA) ,rflags ,TEST,3,LEA,8,SHR,4,MOV,3,SUB,3,ADD,8,XOR,2,LEA,8,XOR,2,MOVDQA,6,0,1,0,0,0,JG,0,0,1,0,0,0,XOR,0,0,4253255,4253336,4253278,0,0,1,0,fortran,3.7732786070221885e-05,0.3053109443403135,0,0,0
0x40e641,JZ,2099524513,2085481030,154,6,0x40e63e,CMP,1,Recursive,rdx(-1) rcx(-1) ,rflags ,CMP,3,ADD,4,MOV,3,SUB,3,JZ,2,SUB,3,MOV,3,SHR,4,LEA,8,TEST,3,0,0,1,0,0,JE,0,0,0,0,0,0,JE,0,0,4253246,4253403,4253255,0,1,1,0,fortran,0.0042613915364429,0.9933111126290528,1,0,1
0x40e632,JZ,2091156878,2091156878,12,2,0x40e626,CMP,1,Recursive,rcx(-1) ,rflags ,MOV,8,CMP,4,SUB,4,JZ,2,CMP,4,SUB,3,MOV,3,ADD,4,CMP,3,JZ,6,0,0,1,0,0,JE,0,0,1,0,0,0,ADD,0,0,4253218,4253246,4253236,0,0,0,1,fortran,0.0042444078009598,1.0,1,0,1
0x40e620,JZ,2093972608,2815730,30,2,0x40e61c,CMP,1,Recursive,rcx(-1) ,rflags ,CMP,4,ADD,4,SUB,4,MOV,3,JBE,2,SUB,4,CMP,4,MOV,8,JZ,2,SUB,3,0,0,1,0,0,JE,0,0,1,0,0,0,JE,0,0,4253201,4253246,4253218,0,0,0,1,fortran,0.0042501228702132,0.0013446833016069,0,0,0
0x40e60f,JBE,2099524513,5551905,47,2,0x40e60b,CMP,1,Recursive,rcx(-1) ,rflags ,CMP,4,SUB,4,ADD,4,MOV,3,MOV,8,MOV,3,SUB,4,ADD,4,CMP,4,JZ,2,0,1,1,0,0,JE,0,0,1,0,0,0,JE,0,0,4253176,4253246,4253201,0,0,0,1,fortran,0.0042613915364429,0.0026443630286873,0,0,0
0x40e5f2,JZ,2104071415,4546902,14258,6,0x40e5ec,TEST,1,Recursive,rax(CMOVBE) rax(CMOVBE) ,rflags ,MOV,3,TEST,3,CMOVBE,4,CMP,4,CMOVNBE,4,MOV,8,MOV,3,ADD,4,SUB,4,CMP,4,0,1,0,0,0,JMP,0,0,1,0,0,0,JBE,0,0,4253104,4267428,4253176,0,0,0,1,fortran,0.0042706203544823,0.0021610017452758,0,0,0
0x40e5aa,JNLE,2181846524,77775109,305,6,0x40e5a1,CMP,1,Recursive,rsp(-1) ,rflags ,CMP,9,SUB,9,SUB,8,ADD,4,MOV,3,MOV,8,MOV,8,MOV,5,MOV,8,AND,3,0,1,1,0,0,JE,0,0,1,0,0,0,JE,0,0,4253045,4253403,4253104,0,0,1,0,fortran,0.0044284799980285,0.0356464619048521,0,0,0
0x40e56f,JLE,2850401653,668555129,14397,6,0x40e56c,TEST,1,Recursive,r9d(MOV) r9d(MOV) ,rflags ,TEST,3,MOV,3,MOV,8,LEA,5,MOV,8,SUB,4,MOV,4,ADD,8,LEA,4,MOV,3,1,1,0,0,0,JMP,0,0,1,0,0,0,JG,0,0,4252992,4267436,4253045,0,0,1,1,fortran,0.0057854420866945,0.2345476920055659,0,0,0
0x40e483,JNLE,2775574746,0,3388,6,0x40e47a,CMP,1,Recursive,eax(MOV) edx(MOV) ,rflags ,MOV,7,CMP,2,MOV,7,MOV,7,MOV,7,MOV,2,CDQE,2,MOV,7,LEA,4,ADD,7,0,1,0,0,0,JG,0,0,1,0,0,0,MOV,0,0,4252758,4256191,4252809,0,1,1,1,fortran,0.0056335663899767,0.0,0,0,0
0x40e423,JNZ,1944494997,64007285,51,2,0x40e420,CMP,1,Recursive,edi(-1) ,rflags ,CMP,3,JZ,6,MOV,7,CMP,3,SUB,2,MOV,7,MOV,8,ADD,3,CDQE,2,LEA,5,0,0,1,0,0,JG,0,0,1,0,0,0,SUB,0,0,4252704,4252758,4252709,0,0,1,1,fortran,0.0039467291148848,0.032917176489912,0,0,0
0x40e41a,JZ,2775574746,831079749,19837,6,0x40e410,CMP,1,Recursive,edi(SUB) ,rflags ,MOV,7,CMP,3,SUB,2,LEA,3,MOV,7,CMP,3,JNZ,2,MOV,7,MOV,8,ADD,3,0,1,0,0,0,MOV,0,0,1,0,0,0,JNE,0,0,4252636,4272535,4252704,0,0,1,0,fortran,0.0056335663899767,0.2994261819818417,0,0,0
0x40e3ca,JZ,7620282,4556271,18,2,0x40e3c6,CMP,1,Recursive,rax(ADD) ,rflags ,CMP,4,SUB,8,ADD,4,ADD,3,JNLE,2,ADD,8,SUB,8,MOV,7,MOV,7,MOV,5,0,0,1,0,0,JE,0,0,1,0,0,0,SUB,0,0,4252599,4252636,4252620,0,1,1,1,fortran,1.5466837857352743e-05,0.5979136992567992,1,0,1
0x40e3b5,JNLE,10817505,3197223,39,2,0x40e3b1,CMP,1,Recursive,rdx(LEA) ,rflags ,CMP,4,LEA,4,SUB,8,LEA,4,MOV,8,ADD,3,ADD,4,SUB,8,CMP,4,JZ,2,0,0,1,0,0,JE,0,0,1,0,0,0,JE,0,0,4252569,4252636,4252599,0,1,1,1,fortran,2.195622102385484e-05,0.2955601129835392,0,0,0
0x40e397,JZ,10701354,2947860,69,2,0x40e394,CMP,1,Recursive,rsi(-1) rdi(-1) ,rflags ,CMP,3,ADD,3,JB,2,CMP,3,ADD,4,MOV,8,LEA,4,SUB,8,LEA,4,CMP,4,0,0,1,0,0,JE,0,0,0,0,0,0,JG,0,0,4252561,4252636,4252569,0,0,1,1,fortran,2.1720470078683863e-05,0.2754660765357355,0,0,0
0x40e38f,JB,10701354,0,-26,2,0x40e38c,CMP,1,Recursive,r8(ADD) r9(-1) ,rflags ,CMP,3,ADD,4,MOVDQA,5,PADDD,5,ADD,4,ADD,3,CMP,3,JZ,2,MOV,8,LEA,4,1,1,1,1,1,JB,0,0,1,1,0,0,JE,0,0,4252533,4252533,4252561,1,0,1,0,fortran,2.1720470078683863e-05,0.0,0,1,0
0x40e35e,JZ,13765365,3064011,59,2,0x40e35b,TEST,1,Recursive,rdi(LEA) rdi(LEA) ,rflags ,TEST,3,LEA,8,SHR,4,MOV,3,SUB,3,ADD,8,XOR,3,LEA,8,XOR,2,MOVDQA,5,0,1,0,0,0,JG,0,0,1,0,0,0,XOR,0,0,4252489,4252569,4252512,0,0,1,0,fortran,2.793947369694172e-05,0.2225884311821735,0,0,0
0x40e343,JZ,2568688010,2559478916,153,6,0x40e340,CMP,1,Recursive,rsi(-1) rdx(-1) ,rflags ,CMP,3,ADD,4,MOV,3,SUB,3,JZ,2,SUB,3,MOV,3,SHR,4,LEA,8,TEST,3,0,0,1,0,0,JE,0,0,0,0,0,0,JE,0,0,4252480,4252636,4252489,0,1,1,0,fortran,0.0052136496991576,0.9964148647231004,1,0,1
0x40e334,JZ,2562542927,2562542927,12,2,0x40e328,CMP,1,Recursive,rdx(-1) ,rflags ,MOV,8,CMP,4,SUB,4,JZ,2,CMP,4,SUB,3,MOV,3,ADD,4,CMP,3,JZ,6,0,0,1,0,0,JE,0,0,1,0,0,0,ADD,0,0,4252452,4252480,4252470,0,0,0,1,fortran,0.005201177063318,1.0,1,0,1
0x40e322,JZ,2565490787,2947860,30,2,0x40e31e,CMP,1,Recursive,rdx(-1) ,rflags ,CMP,4,ADD,4,SUB,4,MOV,3,JBE,2,SUB,4,CMP,4,MOV,8,JZ,2,SUB,3,0,0,1,0,0,JE,0,0,1,0,0,0,JE,0,0,4252435,4252480,4252452,0,0,0,1,fortran,0.005207160315991,0.0011490432999945,0,0,0
0x40e311,JBE,2568688010,3197223,47,2,0x40e30d,CMP,1,Recursive,rdx(-1) ,rflags ,CMP,4,SUB,4,ADD,4,MOV,3,MOV,8,MOV,3,SUB,4,ADD,4,CMP,4,JZ,2,0,1,1,0,0,JE,0,0,1,0,0,0,JE,0,0,4252410,4252480,4252435,0,0,0,1,fortran,0.0052136496991576,0.0012446910592306,0,0,0
0x40e2f4,JZ,2573244281,4556271,7093,6,0x40e2ee,TEST,1,Recursive,rax(CMOVBE) rax(CMOVBE) ,rflags ,MOV,3,TEST,3,CMOVBE,4,CMP,4,CMOVNBE,4,MOV,8,MOV,3,ADD,4,SUB,4,CMP,4,0,1,0,0,0,JMP,0,0,1,0,0,0,JBE,0,0,4252338,4259497,4252410,0,0,0,1,fortran,0.0052228975333966,0.0017706329063439,0,0,0
0x40e2ac,JNLE,2775574746,202330465,304,6,0x40e29b,CMP,1,Recursive,rsp(-1) ,rflags ,MOV,8,CMP,9,SUB,9,ADD,4,SUB,8,MOV,8,MOV,8,MOV,5,MOV,8,AND,3,0,1,1,0,0,JE,0,0,1,0,0,0,JE,0,0,4252247,4252636,4252338,0,0,1,0,fortran,0.0056335663899767,0.0728967812131837,0,0,0
0x40e251,JLE,4064210539,1288635793,20706,6,0x40e24e,TEST,1,Recursive,r10d(MOV) r10d(MOV) ,rflags ,TEST,3,MOV,3,MOV,8,LEA,5,MOV,8,SUB,4,MOV,4,ADD,8,LEA,4,MOV,3,1,1,0,0,0,JMP,0,0,1,0,0,0,JG,0,0,4252194,4272947,4252247,0,0,1,1,fortran,0.0082491022543335,0.3170691529472459,0,0,0
0x40e1a8,JNLE,2753799741,0,4634,6,0x40e19f,CMP,1,Recursive,eax(MOV) edx(MOV) ,rflags ,MOV,7,CMP,2,MOV,7,MOV,7,MOV,7,MOV,2,CDQE,2,LEA,4,SUB,2,ADD,3,0,1,0,0,0,JG,0,0,1,0,0,0,MOV,0,0,4252027,4256706,4252078,0,1,1,1,fortran,0.0055893698009689,0.0,0,0,0
0x40e148,JNZ,2006443510,120380148,51,2,0x40e145,CMP,1,Recursive,edi(-1) ,rflags ,CMP,3,JZ,6,MOV,7,CMP,3,SUB,2,MOV,7,MOV,8,ADD,3,CDQE,2,LEA,5,0,0,1,0,0,JG,0,0,1,0,0,0,SUB,0,0,4251973,4252027,4251978,0,0,1,1,fortran,0.004072465617297,0.0599967790770247,0,0,0
0x40e13f,JZ,2753799741,747356231,16355,6,0x40e135,CMP,1,Recursive,edi(SUB) ,rflags ,MOV,7,CMP,3,SUB,2,LEA,3,MOV,7,CMP,3,JNZ,2,MOV,7,MOV,8,ADD,3,0,1,0,0,0,MOV,0,0,1,0,0,0,JNE,0,0,4251905,4268322,4251973,0,0,1,0,fortran,0.0055893698009689,0.2713909148413999,0,0,0
0x40e0ef,JZ,6680006,2586655,18,2,0x40e0eb,CMP,1,Recursive,rax(ADD) ,rflags ,CMP,4,SUB,8,ADD,4,ADD,3,JNLE,2,ADD,8,SUB,8,MOV,7,MOV,7,MOV,5,0,0,1,0,0,JE,0,0,1,0,0,0,SUB,0,0,4251868,4251905,4251889,0,1,1,1,fortran,1.355836564685447e-05,0.3872234545897114,0,0,0
0x40e0da,JNLE,10270581,3590575,39,2,0x40e0d6,CMP,1,Recursive,rdx(LEA) ,rflags ,CMP,4,LEA,4,SUB,8,LEA,4,MOV,8,ADD,3,ADD,4,SUB,8,CMP,4,JZ,2,0,0,1,0,0,JE,0,0,1,0,0,0,JE,0,0,4251838,4251905,4251868,0,1,1,1,fortran,2.0846132863299257e-05,0.3495980412403154,0,0,0
0x40e0bc,JZ,12214016,6036786,69,2,0x40e0b9,CMP,1,Recursive,rsi(-1) rdi(-1) ,rflags ,CMP,3,ADD,3,JB,2,CMP,3,ADD,4,MOV,8,LEA,4,SUB,8,LEA,4,CMP,4,0,0,1,0,0,JE,0,0,0,0,0,0,JG,0,0,4251830,4251905,4251838,0,0,1,1,fortran,2.479071050902212e-05,0.4942507034541301,0,0,0
0x40e0b4,JB,12214016,0,-25,2,0x40e0b1,CMP,1,Recursive,r8(ADD) r9(-1) ,rflags ,CMP,3,ADD,4,MOVDQA,5,PADDD,4,ADD,4,ADD,3,CMP,3,JZ,2,MOV,8,LEA,4,1,1,1,1,1,JB,0,0,1,1,0,0,JE,0,0,4251803,4251803,4251830,1,0,1,0,fortran,2.479071050902212e-05,0.0,0,1,0
0x40e084,JZ,16307367,4093351,58,2,0x40e081,TEST,1,Recursive,rdi(LEA) rdi(LEA) ,rflags ,TEST,3,LEA,8,SHR,4,MOV,3,SUB,3,ADD,8,XOR,2,XOR,3,LEA,8,MOVDQA,5,0,1,0,0,0,JG,0,0,1,0,0,0,LEA,0,0,4251756,4251838,4251782,0,0,1,0,fortran,3.3098958971511135e-05,0.2510123798648794,0,0,0
0x40e066,JZ,2542298852,2528578140,155,6,0x40e063,CMP,1,Recursive,rcx(-1) rdx(-1) ,rflags ,CMP,3,ADD,4,MOV,3,SUB,3,JZ,2,MOV,3,SUB,3,MOV,3,SHR,4,LEA,8,0,0,1,0,0,JE,0,0,0,0,0,0,JE,0,0,4251747,4251905,4251756,0,0,1,0,fortran,0.0051600877931837,0.994603029463194,1,0,1
0x40e057,JZ,2532671491,2532671491,12,2,0x40e04b,CMP,1,Recursive,rdx(-1) ,rflags ,MOV,8,CMP,4,SUB,4,JZ,2,CMP,4,SUB,3,MOV,3,ADD,4,CMP,3,JZ,6,0,0,1,0,0,JE,0,0,1,0,0,0,ADD,0,0,4251719,4251747,4251737,0,0,0,1,fortran,0.0051405471998591,1.0,1,0,1
0x40e045,JZ,2538708277,6036786,30,2,0x40e041,CMP,1,Recursive,rdx(-1) ,rflags ,CMP,4,ADD,4,SUB,4,MOV,3,JBE,2,SUB,4,CMP,4,MOV,8,JZ,2,SUB,3,0,0,1,0,0,JE,0,0,1,0,0,0,JE,0,0,4251702,4251747,4251719,0,0,0,1,fortran,0.0051528000259673,0.0023778966865518,0,0,0
0x40e034,JBE,2542298852,3590575,47,2,0x40e030,CMP,1,Recursive,rdx(-1) ,rflags ,CMP,4,SUB,4,ADD,4,MOV,3,MOV,8,MOV,3,SUB,4,ADD,4,CMP,4,JZ,2,0,1,1,0,0,JE,0,0,1,0,0,0,JE,0,0,4251677,4251747,4251702,0,0,0,1,fortran,0.0051600877931837,0.0014123339579748,0,0,0
0x40e017,JZ,2544885507,2586655,7818,6,0x40e011,TEST,1,Recursive,rax(CMOVBE) rax(CMOVBE) ,rflags ,MOV,3,TEST,3,CMOVBE,4,CMP,4,CMOVNBE,4,MOV,8,MOV,3,ADD,4,SUB,4,CMP,4,0,1,0,0,0,JMP,0,0,1,0,0,0,JBE,0,0,4251605,4259489,4251677,0,0,0,1,fortran,0.0051653379103681,0.0010164131128434,0,0,0
0x40dfcf,JNLE,2753799741,208914234,306,6,0x40dfbe,CMP,1,Recursive,rsp(-1) ,rflags ,MOV,8,CMP,9,SUB,9,ADD,4,SUB,9,MOV,8,MOV,8,MOV,5,MOV,8,AND,3,0,1,1,0,0,JE,0,0,1,0,0,0,JE,0,0,4251501,4251905,4251605,0,0,1,0,fortran,0.0055893698009689,0.0758639892689277,0,0,0
0x40df67,JLE,3946887342,1193087601,21524,6,0x40df64,TEST,1,Recursive,r11d(MOV) r11d(MOV) ,rflags ,TEST,3,MOV,3,MOV,8,LEA,5,MOV,8,SUB,4,MOV,4,ADD,8,LEA,4,LEA,4,1,1,0,0,0,JMP,0,0,1,0,0,0,JG,0,0,4251448,4273019,4251501,0,0,1,1,fortran,0.0080109721083749,0.3022856994938773,0,0,0
0x40debf,JNLE,2000154718,0,5907,6,0x40deb6,CMP,1,Recursive,eax(MOV) edx(MOV) ,rflags ,MOV,7,CMP,2,MOV,7,MOV,7,MOV,7,MOV,2,CDQE,2,LEA,4,SUB,2,ADD,3,0,1,0,0,0,JG,0,0,1,0,0,0,MOV,0,0,4251285,4257234,4251333,0,1,1,1,fortran,0.0040597012962151,0.0,0,0,0
0x40de62,JNZ,1576239955,120211253,51,2,0x40de5f,CMP,1,Recursive,edi(-1) ,rflags ,CMP,3,JZ,6,MOV,7,CMP,3,SUB,2,MOV,7,MOV,8,ADD,3,CDQE,2,LEA,5,0,0,1,0,0,JG,0,0,1,0,0,0,SUB,0,0,4251231,4251285,4251236,0,0,1,1,fortran,0.0031992842008033,0.0762645640460243,0,0,0
0x40de59,JZ,2000154718,423914763,20133,6,0x40de4f,CMP,1,Recursive,edi(SUB) ,rflags ,MOV,7,CMP,3,SUB,2,LEA,3,MOV,7,CMP,3,JNZ,2,MOV,7,MOV,8,ADD,3,0,1,0,0,0,MOV,0,0,1,0,0,0,JNE,0,0,4251163,4271358,4251231,0,0,1,0,fortran,0.0040597012962151,0.2119409859572673,0,0,0
0x40de09,JZ,4146667,2369055,18,2,0x40de05,CMP,1,Recursive,rax(ADD) ,rflags ,CMP,4,SUB,8,ADD,4,ADD,3,JNLE,2,ADD,8,SUB,8,MOV,7,MOV,7,MOV,5,0,0,1,0,0,JE,0,0,1,0,0,0,SUB,0,0,4251126,4251163,4251147,0,1,1,1,fortran,8.41646360822806e-06,0.5713154685437726,1,0,1
0x40ddf4,JNLE,8479838,4333171,39,2,0x40ddf0,CMP,1,Recursive,rdx(LEA) ,rflags ,CMP,4,LEA,4,SUB,8,LEA,4,MOV,8,ADD,3,ADD,4,SUB,8,CMP,4,JZ,2,0,0,1,0,0,JE,0,0,1,0,0,0,JE,0,0,4251096,4251163,4251126,0,1,1,1,fortran,1.7211473197792204e-05,0.5109969081956518,1,0,1
0x40ddd6,JZ,11051354,4349128,69,2,0x40ddd3,CMP,1,Recursive,rsi(-1) rdi(-1) ,rflags ,CMP,3,ADD,3,JB,2,CMP,3,ADD,4,MOV,8,LEA,4,SUB,8,LEA,4,CMP,4,0,0,1,0,0,JE,0,0,0,0,0,0,JG,0,0,4251088,4251163,4251096,0,0,1,1,fortran,2.24308628502471e-05,0.3935380225807625,0,0,0
0x40ddce,JB,11051354,0,-25,2,0x40ddcb,CMP,1,Recursive,r8(ADD) r9(-1) ,rflags ,CMP,3,ADD,4,MOVDQA,5,PADDD,4,ADD,4,ADD,3,CMP,3,JZ,2,MOV,8,LEA,4,1,1,1,1,1,JB,0,0,1,1,0,0,JE,0,0,4251061,4251061,4251088,1,0,1,0,fortran,2.24308628502471e-05,0.0,0,1,0
0x40dd9e,JZ,12828966,1777612,58,2,0x40dd9b,TEST,1,Recursive,rdi(LEA) rdi(LEA) ,rflags ,TEST,3,LEA,8,SHR,4,MOV,3,SUB,3,ADD,8,XOR,2,XOR,3,LEA,8,MOVDQA,5,0,1,0,0,0,JG,0,0,1,0,0,0,LEA,0,0,4251014,4251096,4251040,0,0,1,0,fortran,2.6038870608658733e-05,0.138562375175053,0,0,0
0x40dd80,JZ,1838136289,1827676378,155,6,0x40dd7d,CMP,1,Recursive,rcx(-1) rdx(-1) ,rflags ,CMP,3,ADD,4,MOV,3,SUB,3,JZ,2,MOV,3,SUB,3,MOV,3,SHR,4,LEA,8,0,0,1,0,0,JE,0,0,0,0,0,0,JE,0,0,4251005,4251163,4251014,0,0,1,0,fortran,0.003730853522439,0.9943095019326936,1,0,1
0x40dd71,JZ,1829453990,1829453990,12,2,0x40dd65,CMP,1,Recursive,rdx(-1) ,rflags ,MOV,8,CMP,4,SUB,4,JZ,2,CMP,4,SUB,3,MOV,3,ADD,4,CMP,3,JZ,6,0,0,1,0,0,JE,0,0,1,0,0,0,ADD,0,0,4250977,4251005,4250995,0,0,0,1,fortran,0.0037132311154386,1.0,1,0,1
0x40dd5f,JZ,1833803118,4349128,30,2,0x40dd5b,CMP,1,Recursive,rdx(-1) ,rflags ,CMP,4,ADD,4,SUB,4,MOV,3,JBE,2,SUB,4,CMP,4,MOV,8,JZ,2,SUB,3,0,0,1,0,0,JE,0,0,1,0,0,0,JE,0,0,4250960,4251005,4250977,0,0,0,1,fortran,0.0037220585128495,0.0023716439116666,0,0,0
0x40dd4e,JBE,1838136289,4333171,47,2,0x40dd4a,CMP,1,Recursive,rdx(-1) ,rflags ,CMP,4,SUB,4,ADD,4,MOV,3,MOV,8,MOV,3,SUB,4,ADD,4,CMP,4,JZ,2,0,1,1,0,0,JE,0,0,1,0,0,0,JE,0,0,4250935,4251005,4250960,0,0,0,1,fortran,0.003730853522439,0.0023573719891887,0,0,0
0x40dd31,JZ,1840505344,2369055,8552,6,0x40dd2b,TEST,1,Recursive,rax(CMOVBE) rax(CMOVBE) ,rflags ,MOV,3,TEST,3,CMOVBE,4,CMP,4,CMOVNBE,4,MOV,8,MOV,3,ADD,4,SUB,4,CMP,4,0,1,0,0,0,JMP,0,0,1,0,0,0,JBE,0,0,4250863,4259481,4250935,0,0,0,1,fortran,0.0037356619782888,0.0012871763767071,0,0,0
0x40dce9,JNLE,2000154718,159649374,306,6,0x40dce0,CMP,1,Recursive,rsp(-1) ,rflags ,CMP,9,SUB,9,SUB,9,SUB,9,SUB,8,MOV,8,MOV,8,MOV,5,MOV,8,AND,3,0,1,1,0,0,JE,0,0,1,0,0,0,JE,0,0,4250766,4251163,4250863,0,0,1,0,fortran,0.0040597012962151,0.0798185123197054,0,0,0
0x40dc88,JLE,985426564,985426564,21065,6,0x40dc86,TEST,1,Recursive,ebp(MOV) ebp(MOV) ,rflags ,TEST,2,MOV,3,MOV,7,LEA,5,MOV,8,SUB,4,MOV,4,ADD,8,LEA,4,LEA,4,1,1,0,0,0,JMP,0,0,1,0,0,0,JG,0,0,4250687,4271825,4250766,0,0,1,1,fortran,0.0020001140227771,1.0,1,0,1
0x40dbc7,JNLE,1546675882,0,7209,6,0x40dbbe,CMP,1,Recursive,eax(MOV) edx(MOV) ,rflags ,MOV,7,CMP,2,MOV,7,MOV,7,MOV,7,MOV,2,CDQE,2,MOV,12,LEA,4,SUB,2,0,1,0,0,0,JG,0,0,1,0,0,0,MOV,0,0,4250525,4257776,4250573,0,1,1,1,fortran,0.0031392781900685,0.0,0,0,0
0x40db6a,JNZ,1215122414,103029764,51,2,0x40db67,CMP,1,Recursive,edi(-1) ,rflags ,CMP,3,JZ,6,MOV,7,CMP,3,SUB,2,MOV,7,MOV,8,ADD,3,CDQE,2,LEA,5,0,0,1,0,0,JG,0,0,1,0,0,0,SUB,0,0,4250471,4250525,4250476,0,0,1,1,fortran,0.0024663262270573,0.084789616924966,0,0,0
0x40db61,JZ,1546675882,331553468,19094,6,0x40db57,CMP,1,Recursive,edi(SUB) ,rflags ,MOV,7,CMP,3,SUB,2,LEA,3,MOV,7,CMP,3,JNZ,2,MOV,7,MOV,8,ADD,3,0,1,0,0,0,MOV,0,0,1,0,0,0,JNE,0,0,4250403,4269559,4250471,0,0,1,0,fortran,0.0031392781900685,0.2143651891508579,0,0,0
0x40db11,JZ,3874589,1366854,18,2,0x40db0d,CMP,1,Recursive,rax(ADD) ,rflags ,CMP,4,SUB,8,ADD,4,ADD,3,JNLE,2,ADD,8,SUB,8,MOV,7,MOV,7,MOV,5,0,0,1,0,0,JE,0,0,1,0,0,0,SUB,0,0,4250366,4250403,4250387,0,1,1,1,fortran,7.864228623938394e-06,0.3527739329255309,0,0,0
0x40dafc,JNLE,5110249,1235660,39,2,0x40daf8,CMP,1,Recursive,rdx(LEA) ,rflags ,CMP,4,LEA,4,SUB,8,LEA,4,MOV,8,ADD,3,ADD,4,SUB,8,CMP,4,JZ,2,0,0,1,0,0,JE,0,0,1,0,0,0,JE,0,0,4250336,4250403,4250366,0,1,1,1,fortran,1.0372239858537912e-05,0.2418003506287071,0,0,0
0x40dade,JZ,4541962,1939448,69,2,0x40dadb,CMP,1,Recursive,rsi(-1) rdi(-1) ,rflags ,CMP,3,ADD,3,JB,2,CMP,3,ADD,4,MOV,8,LEA,4,SUB,8,LEA,4,CMP,4,0,0,1,0,0,JE,0,0,0,0,0,0,JG,0,0,4250328,4250403,4250336,0,0,1,1,fortran,9.218791352899746e-06,0.4270066548333077,0,0,0
0x40dad6,JB,4541962,0,-25,2,0x40dad3,CMP,1,Recursive,r8(ADD) r9(-1) ,rflags ,CMP,3,ADD,4,MOVDQA,5,PADDD,4,ADD,4,ADD,3,CMP,3,JZ,2,MOV,8,LEA,4,1,1,1,1,1,JB,0,0,1,1,0,0,JE,0,0,4250301,4250301,4250328,1,0,1,0,fortran,9.218791352899746e-06,0.0,0,1,0
0x40daa6,JZ,7049697,2507735,58,2,0x40daa3,TEST,1,Recursive,rdi(LEA) rdi(LEA) ,rflags ,TEST,3,LEA,8,SHR,4,MOV,3,SUB,3,ADD,8,XOR,2,XOR,3,LEA,8,MOVDQA,5,0,1,0,0,0,JG,0,0,1,0,0,0,LEA,0,0,4250254,4250336,4250280,0,0,1,0,fortran,1.4308725115745855e-05,0.35572238069239,0,0,0
0x40da88,JZ,1304206846,1298524003,155,6,0x40da85,CMP,1,Recursive,rcx(-1) rdx(-1) ,rflags ,CMP,3,ADD,4,MOV,3,SUB,3,JZ,2,MOV,3,SUB,3,MOV,3,SHR,4,LEA,8,0,0,1,0,0,JE,0,0,0,0,0,0,JE,0,0,4250245,4250403,4250254,0,0,1,0,fortran,0.0026471403314905,0.995642682740526,1,0,1
0x40da79,JZ,1301031738,1301031738,12,2,0x40da6d,CMP,1,Recursive,rdx(-1) ,rflags ,MOV,8,CMP,4,SUB,4,JZ,2,CMP,4,SUB,3,MOV,3,ADD,4,CMP,3,JZ,6,0,0,1,0,0,JE,0,0,1,0,0,0,ADD,0,0,4250217,4250245,4250235,0,0,0,1,fortran,0.0026406958349987,1.0,1,0,1
0x40da67,JZ,1302971186,1939448,30,2,0x40da63,CMP,1,Recursive,rdx(-1) ,rflags ,CMP,4,ADD,4,SUB,4,MOV,3,JBE,2,SUB,4,CMP,4,MOV,8,JZ,2,SUB,3,0,0,1,0,0,JE,0,0,1,0,0,0,JE,0,0,4250200,4250245,4250217,0,0,0,1,fortran,0.0026446323202559,0.0014884811121218,0,0,0
0x40da56,JBE,1304206846,1235660,47,2,0x40da52,CMP,1,Recursive,rdx(-1) ,rflags ,CMP,4,SUB,4,ADD,4,MOV,3,MOV,8,MOV,3,SUB,4,ADD,4,CMP,4,JZ,2,0,1,1,0,0,JE,0,0,1,0,0,0,JE,0,0,4250175,4250245,4250200,0,0,0,1,fortran,0.0026471403314905,0.0009474417373208,0,0,0
0x40da39,JZ,1305573700,1366854,9304,6,0x40da33,TEST,1,Recursive,rax(CMOVBE) rax(CMOVBE) ,rflags ,MOV,3,TEST,3,CMOVBE,4,CMP,4,CMOVNBE,4,MOV,8,MOV,3,ADD,4,SUB,4,CMP,4,0,1,0,0,0,JMP,0,0,1,0,0,0,JBE,0,0,4250103,4259473,4250175,0,0,0,1,fortran,0.0026499146263516,0.0010469374497969,0,0,0
0x40d9f1,JNLE,1546675882,241102182,306,6,0x40d9e0,CMP,1,Recursive,rsp(-1) ,rflags ,MOV,8,CMP,9,SUB,9,SUB,9,ADD,4,MOV,8,MOV,8,MOV,5,MOV,8,AND,3,0,1,1,0,0,JE,0,0,1,0,0,0,JE,0,0,4249976,4250403,4250103,0,0,1,0,fortran,0.0031392781900685,0.1558841026784692,0,0,0
0x40d972,JLE,3607945424,2061269542,21927,6,0x40d96f,TEST,1,Recursive,r12d(MOV) r12d(MOV) ,rflags ,TEST,3,MOV,3,MOV,8,LEA,5,MOV,8,SUB,4,MOV,4,ADD,8,LEA,4,LEA,4,1,1,0,0,0,JMP,0,0,1,0,0,0,JG,0,0,4249895,4271897,4249976,0,0,1,1,fortran,0.0073230238554407,0.5713139473475584,1,0,1
0x40d8aa,JNLE,1342504211,0,8561,6,0x40d8a1,CMP,1,Recursive,eax(MOV) edx(MOV) ,rflags ,MOV,7,CMP,2,MOV,7,MOV,7,MOV,7,MOV,2,CDQE,2,MOV,12,LEA,4,SUB,2,0,1,0,0,0,JG,0,0,1,0,0,0,MOV,0,0,4249728,4258331,4249776,0,1,1,1,fortran,0.0027248722493931,0.0,0,0,0
0x40d84d,JNZ,1220732909,132680406,51,2,0x40d84a,CMP,1,Recursive,edi(-1) ,rflags ,CMP,3,JZ,6,MOV,7,CMP,3,SUB,2,MOV,7,MOV,8,ADD,3,CDQE,2,LEA,5,0,0,1,0,0,JG,0,0,1,0,0,0,SUB,0,0,4249674,4249728,4249679,0,0,1,1,fortran,0.002477713813037,0.1086891366832152,0,0,0
0x40d844,JZ,1342504211,121771302,22301,6,0x40d83a,CMP,1,Recursive,edi(SUB) ,rflags ,MOV,7,CMP,3,SUB,2,LEA,3,MOV,7,CMP,3,JNZ,2,MOV,7,MOV,8,ADD,3,0,1,0,0,0,MOV,0,0,1,0,0,0,JNE,0,0,4249606,4271969,4249674,0,0,1,0,fortran,0.0027248722493931,0.0907045959351556,0,0,0
0x40d7f4,JZ,3112559,2316238,18,2,0x40d7f0,CMP,1,Recursive,rax(ADD) ,rflags ,CMP,4,SUB,8,ADD,4,ADD,3,JNLE,2,ADD,8,SUB,8,MOV,7,MOV,7,MOV,5,0,0,1,0,0,JE,0,0,1,0,0,0,SUB,0,0,4249569,4249606,4249590,0,1,1,1,fortran,6.31754118475458e-06,0.7441587452639452,1,0,1
0x40d7df,JNLE,4686481,1573922,39,2,0x40d7db,CMP,1,Recursive,rdx(LEA) ,rflags ,CMP,4,LEA,4,SUB,8,LEA,4,MOV,8,ADD,3,ADD,4,SUB,8,CMP,4,JZ,2,0,0,1,0,0,JE,0,0,1,0,0,0,JE,0,0,4249539,4249606,4249569,0,1,1,1,fortran,9.51212064705274e-06,0.3358430344644521,0,0,0
0x40d7c1,JZ,7289563,3399403,69,2,0x40d7be,CMP,1,Recursive,rsi(-1) rdi(-1) ,rflags ,CMP,3,ADD,3,JB,2,CMP,3,ADD,4,MOV,8,LEA,4,SUB,8,LEA,4,CMP,4,0,0,1,0,0,JE,0,0,0,0,0,0,JG,0,0,4249531,4249606,4249539,0,0,1,1,fortran,1.4795579608728109e-05,0.4663383799550123,0,0,0
0x40d7b9,JB,7289563,0,-25,2,0x40d7b6,CMP,1,Recursive,r8(ADD) r10(-1) ,rflags ,CMP,3,ADD,4,MOVDQA,5,PADDD,4,ADD,4,ADD,3,CMP,3,JZ,2,MOV,8,LEA,4,1,1,1,1,1,JB,0,0,1,1,0,0,JE,0,0,4249504,4249504,4249531,1,0,1,0,fortran,1.4795579608728109e-05,0.0,0,1,0
0x40d789,JZ,8085884,796321,58,2,0x40d786,TEST,1,Recursive,rdi(LEA) rdi(LEA) ,rflags ,TEST,3,LEA,8,SHR,4,MOV,3,SUB,3,ADD,8,XOR,2,XOR,3,LEA,8,MOVDQA,5,0,1,0,0,0,JG,0,0,1,0,0,0,LEA,0,0,4249457,4249539,4249483,0,0,1,0,fortran,1.641186727228242e-05,0.0984828622325029,0,0,0
0x40d76b,JZ,1234812150,1229042504,155,6,0x40d768,CMP,1,Recursive,rcx(-1) rdx(-1) ,rflags ,CMP,3,ADD,4,MOV,3,SUB,3,JZ,2,MOV,3,SUB,3,MOV,3,SHR,4,LEA,8,0,0,1,0,0,JE,0,0,0,0,0,0,JE,0,0,4249448,4249606,4249457,0,0,1,0,fortran,0.0025062903588527,0.9953275111522024,1,0,1
0x40d75c,JZ,1229838825,1229838825,12,2,0x40d750,CMP,1,Recursive,rdx(-1) ,rflags ,MOV,8,CMP,4,SUB,4,JZ,2,CMP,4,SUB,3,MOV,3,ADD,4,CMP,3,JZ,6,0,0,1,0,0,JE,0,0,1,0,0,0,ADD,0,0,4249420,4249448,4249438,0,0,0,1,fortran,0.0024961960327652,1.0,1,0,1
0x40d74a,JZ,1233238228,3399403,30,2,0x40d746,CMP,1,Recursive,rdx(-1) ,rflags ,CMP,4,ADD,4,SUB,4,MOV,3,JBE,2,SUB,4,CMP,4,MOV,8,JZ,2,SUB,3,0,0,1,0,0,JE,0,0,1,0,0,0,JE,0,0,4249403,4249448,4249420,0,0,0,1,fortran,0.0025030957793904,0.0027564852619862,0,0,0
0x40d739,JBE,1234812150,1573922,47,2,0x40d735,CMP,1,Recursive,rdx(-1) ,rflags ,CMP,4,SUB,4,ADD,4,MOV,3,MOV,8,MOV,3,SUB,4,ADD,4,CMP,4,JZ,2,0,1,1,0,0,JE,0,0,1,0,0,0,JE,0,0,4249378,4249448,4249403,0,0,0,1,fortran,0.0025062903588527,0.001274624646348,0,0,0
0x40d71c,JZ,1237128388,2316238,10093,6,0x40d716,TEST,1,Recursive,rax(CMOVBE) rax(CMOVBE) ,rflags ,MOV,3,TEST,3,CMOVBE,4,CMP,4,CMOVNBE,4,MOV,8,MOV,3,ADD,4,SUB,4,CMP,4,0,1,0,0,0,JMP,0,0,1,0,0,0,JBE,0,0,4249306,4259465,4249378,0,0,0,1,fortran,0.0025109916123739,0.0018722697033446,0,0,0
0x40d6d4,JNLE,1342504211,105375823,306,6,0x40d6cb,CMP,1,Recursive,rsp(-1) ,rflags ,CMP,9,SUB,9,MOV,8,SUB,9,SUB,9,MOV,8,MOV,8,MOV,5,MOV,8,AND,3,0,1,1,0,0,JE,0,0,1,0,0,0,JE,0,0,4249166,4249606,4249306,0,0,1,0,fortran,0.0027248722493931,0.0784919869424528,0,0,0
0x40d648,JLE,2767098566,1424594355,23303,6,0x40d645,TEST,1,Recursive,r13d(MOV) r13d(MOV) ,rflags ,TEST,3,MOV,3,MOV,8,LEA,5,MOV,8,SUB,4,MOV,4,ADD,8,LEA,4,LEA,4,1,1,0,0,0,JMP,0,0,1,0,0,0,JG,0,0,4249085,4272463,4249166,0,0,1,1,fortran,0.0056163623413982,0.5148332526005147,1,0,1
0x40d580,JNLE,822839846,0,9943,6,0x40d577,CMP,1,Recursive,eax(MOV) edx(MOV) ,rflags ,MOV,7,CMP,2,MOV,7,MOV,7,MOV,7,MOV,2,CDQE,2,MOV,12,LEA,4,SUB,2,0,1,0,0,0,JG,0,0,1,0,0,0,MOV,0,0,4248915,4258903,4248966,0,1,1,1,fortran,0.001670112796436,0.0,0,0,0
0x40d520,JNZ,731960196,120659904,51,2,0x40d51d,CMP,1,Recursive,edi(-1) ,rflags ,CMP,3,JZ,6,MOV,7,CMP,3,SUB,2,MOV,7,MOV,8,ADD,3,CDQE,2,LEA,5,0,0,1,0,0,JG,0,0,1,0,0,0,SUB,0,0,4248861,4248915,4248866,0,0,1,1,fortran,0.0014856549494583,0.1648448982053663,0,0,0
0x40d517,JZ,822839846,90879650,22009,6,0x40d50d,CMP,1,Recursive,edi(SUB) ,rflags ,MOV,7,CMP,3,SUB,2,LEA,3,MOV,7,CMP,3,JNZ,2,MOV,7,MOV,8,ADD,3,0,1,0,0,0,MOV,0,0,1,0,0,0,JNE,0,0,4248793,4270864,4248861,0,0,1,0,fortran,0.001670112796436,0.1104463407329936,0,0,0
0x40d4c7,JZ,3157146,2155062,18,2,0x40d4c3,CMP,1,Recursive,rax(ADD) ,rflags ,CMP,4,SUB,8,ADD,4,ADD,3,JNLE,2,ADD,8,SUB,8,MOV,7,MOV,7,MOV,5,0,0,1,0,0,JE,0,0,1,0,0,0,SUB,0,0,4248756,4248793,4248777,0,1,1,1,fortran,6.408039134770837e-06,0.6825981440199471,1,0,1
0x40d4b2,JNLE,5756661,2599515,39,2,0x40d4ae,CMP,1,Recursive,rdx(LEA) ,rflags ,CMP,4,LEA,4,SUB,8,LEA,4,MOV,8,ADD,3,ADD,4,SUB,8,CMP,4,JZ,2,0,0,1,0,0,JE,0,0,1,0,0,0,JE,0,0,4248726,4248793,4248756,0,1,1,1,fortran,1.1684258179257158e-05,0.4515664549293418,0,0,0
0x40d494,JZ,6007868,1253291,69,2,0x40d491,CMP,1,Recursive,rsi(-1) rdi(-1) ,rflags ,CMP,3,ADD,3,JB,2,CMP,3,ADD,4,MOV,8,LEA,4,SUB,8,LEA,4,CMP,4,0,0,1,0,0,JE,0,0,0,0,0,0,JG,0,0,4248718,4248793,4248726,0,0,1,1,fortran,1.2194131427731691e-05,0.2086082783443311,0,0,0
0x40d48c,JB,6007868,0,-25,2,0x40d489,CMP,1,Recursive,r8(ADD) r10(-1) ,rflags ,CMP,3,ADD,4,MOVDQA,5,PADDD,4,ADD,4,ADD,3,CMP,3,JZ,2,MOV,8,LEA,4,1,1,1,1,1,JB,0,0,1,1,0,0,JE,0,0,4248691,4248691,4248718,1,0,1,0,fortran,1.2194131427731691e-05,0.0,0,1,0
0x40d45c,JZ,7009952,1002084,58,2,0x40d459,TEST,1,Recursive,rdi(LEA) rdi(LEA) ,rflags ,TEST,3,LEA,8,SHR,4,MOV,3,SUB,3,ADD,8,XOR,2,XOR,3,LEA,8,MOVDQA,5,0,1,0,0,0,JG,0,0,1,0,0,0,LEA,0,0,4248644,4248726,4248670,0,0,1,0,fortran,1.4228054942300768e-05,0.1429516207814261,0,0,0
0x40d43e,JZ,716780843,711925953,155,6,0x40d43b,CMP,1,Recursive,rcx(-1) rdx(-1) ,rflags ,CMP,3,ADD,4,MOV,3,SUB,3,JZ,2,MOV,3,SUB,3,MOV,3,SHR,4,LEA,8,0,0,1,0,0,JE,0,0,0,0,0,0,JE,0,0,4248635,4248793,4248644,0,0,1,0,fortran,0.0014548455133205,0.993226813959368,1,0,1
0x40d42f,JZ,712928037,712928037,12,2,0x40d423,CMP,1,Recursive,rdx(-1) ,rflags ,MOV,8,CMP,4,SUB,4,JZ,2,CMP,4,SUB,3,MOV,3,ADD,4,CMP,3,JZ,6,0,0,1,0,0,JE,0,0,1,0,0,0,ADD,0,0,4248607,4248635,4248625,0,0,0,1,fortran,0.001447025497513,1.0,1,0,1
0x40d41d,JZ,714181328,1253291,30,2,0x40d419,CMP,1,Recursive,rdx(-1) ,rflags ,CMP,4,ADD,4,SUB,4,MOV,3,JBE,2,SUB,4,CMP,4,MOV,8,JZ,2,SUB,3,0,0,1,0,0,JE,0,0,1,0,0,0,JE,0,0,4248590,4248635,4248607,0,0,0,1,fortran,0.001449569294276,0.0017548638572079,0,0,0
0x40d40c,JBE,716780843,2599515,47,2,0x40d408,CMP,1,Recursive,rdx(-1) ,rflags ,CMP,4,SUB,4,ADD,4,MOV,3,MOV,8,MOV,3,SUB,4,ADD,4,CMP,4,JZ,2,0,1,1,0,0,JE,0,0,1,0,0,0,JE,0,0,4248565,4248635,4248590,0,0,0,1,fortran,0.0014548455133205,0.0036266524494712,0,0,0
0x40d3ef,JZ,718935905,2155062,10898,6,0x40d3e9,TEST,1,Recursive,rax(CMOVBE) rax(CMOVBE) ,rflags ,MOV,3,TEST,3,CMOVBE,4,CMP,4,CMOVNBE,4,MOV,8,MOV,3,ADD,4,SUB,4,CMP,4,0,1,0,0,0,JMP,0,0,1,0,0,0,JBE,0,0,4248493,4259457,4248565,0,0,0,1,fortran,0.0014592196289407,0.0029975718071835,0,0,0
0x40d3a7,JNLE,822839846,103903941,306,6,0x40d39e,CMP,1,Recursive,rsp(-1) ,rflags ,CMP,9,SUB,8,SUB,9,SUB,9,SUB,9,MOV,8,MOV,8,MOV,5,MOV,8,AND,3,0,1,1,0,0,JE,0,0,1,0,0,0,JE,0,0,4248368,4248793,4248493,0,0,1,0,fortran,0.001670112796436,0.1262748048786154,0,0,0
0x40d32a,JLE,3860168812,3037328966,11005,6,0x40d327,TEST,1,Recursive,r14d(MOV) r14d(MOV) ,rflags ,TEST,3,MOV,8,LEA,5,MOV,8,MOV,3,LEA,5,LEA,4,LEA,4,LEA,4,LEA,4,1,1,0,0,0,JNE,0,0,1,0,0,0,JG,0,0,4248315,4259367,4248368,0,0,1,1,fortran,0.0078349600601675,0.7868383777823238,1,0,1
0x40d236,JNLE,448965201,0,11321,6,0x40d231,CMP,1,Recursive,ebx(MOV) ecx(MOV) ,rflags ,LEA,3,CMP,2,LEA,4,MOV,7,SUB,2,CDQE,2,SUB,2,SUB,3,MOV,3,MOV,8,0,1,1,0,0,RET,1,0,1,0,0,0,MOV,0,0,4248064,4259439,4248124,0,1,0,1,fortran,0.0009112618099252,0.0,0,0,0
0x40d1f3,JNZ,448965201,63343808,13,2,0x40d1eb,CMP,1,Recursive,rsp(-1) ,rflags ,CMP,8,MOV,11,JNZ,2,CMP,8,MOV,11,MOV,11,MOV,7,MOV,5,MOV,7,LEA,3,0,1,1,0,0,JG,0,0,1,0,0,0,MOV,0,0,4248043,4248064,4248053,0,0,1,1,fortran,0.0009112618099252,0.1410884582121544,0,0,0
0x40d1de,JNZ,448965201,103735469,13,2,0x40d1d6,CMP,1,Recursive,rsp(-1) ,rflags ,CMP,8,MOV,11,JNZ,2,CMP,8,MOV,11,MOV,11,CMP,8,JNZ,2,MOV,11,MOV,7,0,1,1,0,0,JNE,0,0,1,0,0,0,MOV,0,0,4248022,4248043,4248032,0,0,0,1,fortran,0.0009112618099252,0.2310545867896786,0,0,0
0x40d1c9,JNZ,448965201,328616354,13,2,0x40d1c1,CMP,1,Recursive,rsp(-1) ,rflags ,CMP,8,MOV,11,JNZ,2,CMP,8,MOV,11,MOV,11,CMP,8,JNZ,2,MOV,11,CMP,8,0,1,1,0,0,JNE,0,0,1,0,0,0,MOV,0,0,4248001,4248022,4248011,0,0,0,1,fortran,0.0009112618099252,0.7319417034283688,1,0,1
0x40d1b4,JNZ,448965201,83396049,13,2,0x40d1ac,CMP,1,Recursive,rsp(-1) ,rflags ,CMP,8,MOV,11,JNZ,2,CMP,8,MOV,11,MOV,11,CMP,8,JNZ,2,MOV,11,CMP,8,0,1,1,0,0,JNE,0,0,1,0,0,0,MOV,0,0,4247980,4248001,4247990,0,0,0,1,fortran,0.0009112618099252,0.1857516992725679,0,0,0
0x40d19f,JNZ,448965201,2313105,13,2,0x40d197,CMP,1,Recursive,rsp(-1) ,rflags ,CMP,8,MOV,11,JNZ,2,CMP,8,MOV,11,MOV,11,CMP,8,JNZ,2,MOV,11,CMP,8,0,1,1,0,0,JNE,0,0,1,0,0,0,MOV,0,0,4247959,4247980,4247969,0,0,0,1,fortran,0.0009112618099252,0.0051520808179518,0,0,0
0x40d18a,JNZ,448965201,267676262,13,2,0x40d182,CMP,1,Recursive,rsp(-1) ,rflags ,CMP,8,MOV,11,JNZ,2,CMP,8,MOV,11,MOV,11,CMP,8,JNZ,2,MOV,11,CMP,8,0,1,1,0,0,JNE,0,0,1,0,0,0,MOV,0,0,4247938,4247959,4247948,0,0,0,1,fortran,0.0009112618099252,0.5962071479121163,1,0,1
0x40d175,JNZ,448965201,41556766,13,2,0x40d16d,CMP,1,Recursive,rsp(-1) ,rflags ,CMP,8,MOV,11,JNZ,2,CMP,8,MOV,11,MOV,11,CMP,8,JNZ,2,MOV,11,CMP,8,0,1,1,0,0,JNE,0,0,1,0,0,0,MOV,0,0,4247917,4247938,4247927,0,0,0,1,fortran,0.0009112618099252,0.0925612183470763,0,0,0
0x40d160,JNZ,448965201,22297573,13,2,0x40d158,CMP,1,Recursive,rsp(-1) ,rflags ,CMP,8,MOV,11,JNZ,2,CMP,8,MOV,11,MOV,11,CMP,8,JNZ,2,MOV,11,CMP,8,0,1,1,0,0,JNE,0,0,1,0,0,0,MOV,0,0,4247896,4247917,4247906,0,0,0,1,fortran,0.0009112618099252,0.0496643680854009,0,0,0
0x40d14b,JNZ,448965201,63343808,13,2,0x40d143,CMP,1,Recursive,rsp(-1) ,rflags ,CMP,8,MOV,11,JNZ,2,CMP,8,MOV,11,MOV,11,CMP,8,JNZ,2,MOV,11,CMP,8,0,1,1,0,0,JNE,0,0,1,0,0,0,MOV,0,0,4247875,4247896,4247885,0,0,0,1,fortran,0.0009112618099252,0.1410884582121544,0,0,0
0x40d136,JNZ,448965201,103735469,13,2,0x40d12e,CMP,1,Recursive,rsp(-1) ,rflags ,CMP,8,MOV,11,JNZ,2,CMP,8,MOV,11,MOV,11,CMP,8,JNZ,2,MOV,11,CMP,8,0,1,1,0,0,JNE,0,0,1,0,0,0,MOV,0,0,4247854,4247875,4247864,0,0,0,1,fortran,0.0009112618099252,0.2310545867896786,0,0,0
0x40d121,JNZ,448965201,328616354,13,2,0x40d119,CMP,1,Recursive,rsp(-1) ,rflags ,CMP,8,MOV,11,JNZ,2,CMP,8,MOV,11,MOV,11,CMP,8,JNZ,2,MOV,11,CMP,8,0,1,1,0,0,JNE,0,0,1,0,0,0,MOV,0,0,4247833,4247854,4247843,0,0,0,1,fortran,0.0009112618099252,0.7319417034283688,1,0,1
0x40d10c,JNZ,448965201,83396049,13,2,0x40d104,CMP,1,Recursive,rsp(-1) ,rflags ,CMP,8,MOV,11,JNZ,2,CMP,8,MOV,11,MOV,11,CMP,8,JNZ,2,MOV,11,CMP,8,0,1,1,0,0,JNE,0,0,1,0,0,0,MOV,0,0,4247812,4247833,4247822,0,0,0,1,fortran,0.0009112618099252,0.1857516992725679,0,0,0
0x40d0f7,JNZ,448965201,2313105,13,2,0x40d0ef,CMP,1,Recursive,rsp(-1) ,rflags ,CMP,8,MOV,11,JNZ,2,CMP,8,MOV,11,MOV,11,CMP,8,JNZ,2,MOV,11,CMP,8,0,1,1,0,0,JNE,0,0,1,0,0,0,MOV,0,0,4247791,4247812,4247801,0,0,0,1,fortran,0.0009112618099252,0.0051520808179518,0,0,0
0x40d0e2,JNZ,448965201,267676262,13,2,0x40d0da,CMP,1,Recursive,rsp(-1) ,rflags ,CMP,8,MOV,11,JNZ,2,CMP,8,MOV,11,MOV,11,CMP,8,JNZ,2,MOV,11,CMP,8,0,1,1,0,0,JNE,0,0,1,0,0,0,MOV,0,0,4247770,4247791,4247780,0,0,0,1,fortran,0.0009112618099252,0.5962071479121163,1,0,1
0x40d0cd,JNZ,448965201,41556766,13,2,0x40d0c5,CMP,1,Recursive,rsp(-1) ,rflags ,CMP,8,MOV,11,JNZ,2,CMP,8,MOV,7,MOV,11,CMP,8,JNZ,2,MOV,11,CMP,8,0,1,1,0,0,JNE,0,0,1,0,0,0,MOV,0,0,4247749,4247770,4247759,0,0,0,1,fortran,0.0009112618099252,0.0925612183470763,0,0,0
0x40d0b8,JNZ,448965201,22297573,13,2,0x40d0b0,CMP,1,Recursive,rsp(-1) ,rflags ,CMP,8,MOV,7,MOV,7,JZ,2,CMP,8,MOV,11,CMP,8,JNZ,2,MOV,11,CMP,8,0,1,1,0,0,JNE,0,0,1,0,0,0,MOV,0,0,4247728,4247749,4247738,0,0,0,1,fortran,0.0009112618099252,0.0496643680854009,0,0,0
0x40d0a0,JZ,448965201,385621393,16,2,0x40d098,CMP,1,Recursive,rsp(-1) ,rflags ,CMP,8,MOV,7,MOV,7,JZ,2,CMP,8,MOV,7,MOV,7,CMP,8,JNZ,2,MOV,11,0,1,1,0,0,JNE,0,0,1,0,0,0,MOV,0,0,4247704,4247728,4247714,0,0,0,1,fortran,0.0009112618099252,0.8589115417878456,1,0,1
0x40d088,JZ,448965201,345229732,16,2,0x40d080,CMP,1,Recursive,rsp(-1) ,rflags ,CMP,8,MOV,7,MOV,7,JZ,2,CMP,8,MOV,7,MOV,7,CMP,8,JZ,2,MOV,7,0,1,1,0,0,JE,0,0,1,0,0,0,MOV,0,0,4247680,4247704,4247690,0,0,0,1,fortran,0.0009112618099252,0.7689454132103214,1,0,1
0x40d070,JZ,448965201,120348847,16,2,0x40d068,CMP,1,Recursive,rsp(-1) ,rflags ,CMP,8,MOV,7,MOV,7,JZ,2,CMP,8,MOV,7,MOV,7,CMP,8,JZ,2,MOV,7,0,1,1,0,0,JE,0,0,1,0,0,0,MOV,0,0,4247656,4247680,4247666,0,0,0,1,fortran,0.0009112618099252,0.2680582965716311,0,0,0
0x40d058,JZ,448965201,365569152,16,2,0x40d050,CMP,1,Recursive,rsp(-1) ,rflags ,CMP,8,MOV,7,MOV,7,JZ,2,CMP,8,MOV,7,MOV,7,CMP,8,JZ,2,MOV,7,0,1,1,0,0,JE,0,0,1,0,0,0,MOV,0,0,4247632,4247656,4247642,0,0,0,1,fortran,0.0009112618099252,0.8142483007274322,1,0,1
0x40d040,JZ,448965201,446652096,16,2,0x40d038,CMP,1,Recursive,rsp(-1) ,rflags ,CMP,8,MOV,7,MOV,7,JZ,2,CMP,8,MOV,7,MOV,7,CMP,8,JZ,2,MOV,7,0,1,1,0,0,JE,0,0,1,0,0,0,MOV,0,0,4247608,4247632,4247618,0,0,0,1,fortran,0.0009112618099252,0.9948479191820482,1,0,1
0x40d028,JZ,448965201,181288939,16,2,0x40d020,CMP,1,Recursive,rsp(-1) ,rflags ,CMP,8,MOV,7,MOV,7,JZ,2,CMP,8,MOV,7,MOV,7,CMP,8,JZ,2,MOV,7,0,1,1,0,0,JE,0,0,1,0,0,0,MOV,0,0,4247584,4247608,4247594,0,0,0,1,fortran,0.0009112618099252,0.4037928520878837,0,0,0
0x40d010,JZ,448965201,407408435,16,2,0x40d008,CMP,1,Recursive,rsp(-1) ,rflags ,CMP,8,MOV,7,MOV,7,JZ,2,CMP,8,MOV,7,MOV,7,CMP,8,JZ,2,MOV,7,0,1,1,0,0,JE,0,0,1,0,0,0,MOV,0,0,4247560,4247584,4247570,0,0,0,1,fortran,0.0009112618099252,0.9074387816529236,1,0,1
0x40cff8,JZ,448965201,426667628,16,2,0x40cff0,CMP,1,Recursive,rsp(-1) ,rflags ,CMP,8,MOV,7,MOV,7,JZ,2,CMP,8,MOV,7,MOV,7,CMP,8,JZ,2,MOV,7,0,1,1,0,0,JE,0,0,1,0,0,0,MOV,0,0,4247536,4247560,4247546,0,0,0,1,fortran,0.0009112618099252,0.9503356319145992,1,0,1
0x40cfe0,JZ,448965201,385621393,16,2,0x40cfd8,CMP,1,Recursive,rsp(-1) ,rflags ,CMP,8,MOV,7,MOV,7,JZ,2,CMP,8,MOV,7,MOV,7,CMP,8,JZ,2,MOV,7,0,1,1,0,0,JE,0,0,1,0,0,0,MOV,0,0,4247512,4247536,4247522,0,0,0,1,fortran,0.0009112618099252,0.8589115417878456,1,0,1
0x40cfc8,JZ,448965201,345229732,16,2,0x40cfc0,CMP,1,Recursive,rsp(-1) ,rflags ,CMP,8,MOV,7,MOV,7,JZ,2,CMP,8,MOV,7,MOV,7,CMP,8,JZ,2,MOV,7,0,1,1,0,0,JE,0,0,1,0,0,0,MOV,0,0,4247488,4247512,4247498,0,0,0,1,fortran,0.0009112618099252,0.7689454132103214,1,0,1
0x40cfb0,JZ,448965201,120348847,16,2,0x40cfa8,CMP,1,Recursive,rsp(-1) ,rflags ,CMP,8,MOV,7,MOV,7,JZ,2,CMP,8,MOV,7,MOV,7,CMP,8,JZ,2,MOV,7,0,1,1,0,0,JE,0,0,1,0,0,0,MOV,0,0,4247464,4247488,4247474,0,0,0,1,fortran,0.0009112618099252,0.2680582965716311,0,0,0
0x40cf98,JZ,448965201,365569152,16,2,0x40cf90,CMP,1,Recursive,rsp(-1) ,rflags ,CMP,8,MOV,7,MOV,7,JZ,2,CMP,8,MOV,7,MOV,7,CMP,8,JZ,2,MOV,7,0,1,1,0,0,JE,0,0,1,0,0,0,MOV,0,0,4247440,4247464,4247450,0,0,0,1,fortran,0.0009112618099252,0.8142483007274322,1,0,1
0x40cf80,JZ,448965201,446652096,16,2,0x40cf78,CMP,1,Recursive,rsp(-1) ,rflags ,CMP,8,MOV,8,MOV,8,JZ,2,CMP,8,MOV,7,MOV,7,CMP,8,JZ,2,MOV,7,0,1,1,0,0,JE,0,0,1,0,0,0,MOV,0,0,4247416,4247440,4247426,0,0,0,1,fortran,0.0009112618099252,0.9948479191820482,1,0,1
0x40cf66,JZ,448965201,181288939,18,2,0x40cf5e,CMP,1,Recursive,rsp(-1) ,rflags ,CMP,8,MOV,8,MOV,8,JZ,2,CMP,8,MOV,8,MOV,8,CMP,8,JZ,2,MOV,7,0,1,1,0,0,JE,0,0,1,0,0,0,MOV,0,0,4247390,4247416,4247400,0,0,0,1,fortran,0.0009112618099252,0.4037928520878837,0,0,0
0x40cf4c,JZ,448965201,407408435,18,2,0x40cf44,CMP,1,Recursive,rsp(-1) ,rflags ,CMP,8,MOV,8,MOV,8,JZ,2,TEST,3,MOV,8,MOV,8,CMP,8,JZ,2,MOV,8,0,1,1,0,0,JE,0,0,1,0,0,0,MOV,0,0,4247364,4247390,4247374,0,0,0,1,fortran,0.0009112618099252,0.9074387816529236,1,0,1
0x40cf32,JZ,448965201,426667628,18,2,0x40cf2f,TEST,1,Recursive,r11b(SETNZ) r11b(SETNZ) ,rflags ,TEST,3,SETNZ,8,TEST,3,MOV,8,ADD,4,MOV,8,MOV,8,CMP,8,JZ,2,MOV,8,0,1,1,0,0,JE,0,0,1,0,0,0,MOV,0,0,4247120,4247364,4247348,0,0,0,1,fortran,0.0009112618099252,0.9503356319145992,1,0,1
0x40cc97,JNZ,991782,881584,-84,2,0x40cc8f,CMP,1,NonLeaf,rax(ADD) rsp(-1) ,rflags ,CMP,8,MOV,3,MOV,6,MOV,3,MOV,6,MOVDQA,9,MOVDQU,5,MOVDQA,9,MOVDQU,6,MOVDQA,9,1,1,1,1,1,JNE,0,0,1,1,0,0,MOV,0,0,4246595,4246595,4246681,1,0,1,1,fortran,2.0130136107615204e-06,0.8888888888888888,1,1,1
0x40ca6d,JNZ,1096299,974488,-84,2,0x40ca65,CMP,1,NonLeaf,rax(ADD) rsp(-1) ,rflags ,CMP,8,MOV,3,MOV,6,MOV,3,MOV,6,MOVDQA,9,MOVDQU,6,MOVDQA,9,MOVDQU,7,MOVDQA,9,1,1,1,1,1,JNE,0,0,1,1,0,0,MOV,0,0,4246041,4246041,4246127,1,0,1,1,fortran,2.2251511002057345e-06,0.8888888888888888,1,1,1
0x40c880,JZ,121811,121811,398,6,0x40c87d,TEST,1,NonLeaf,r14d(MOV) r14d(MOV) ,rflags ,TEST,3,MOV,5,JZ,6,CMP,7,ADD,3,MOV,8,MOV,5,JMP,5,NOP,8,MOV,11,0,1,0,0,0,MOV,0,0,1,1,0,0,JMP,0,0,4245624,4246030,4245638,0,0,0,1,fortran,2.472390111339705e-07,1.0,1,0,1
0x40c872,JZ,243755,121944,-5154,6,0x40c86b,CMP,1,NonLeaf,rsp(-1) eax(ADD) ,rflags ,CMP,7,ADD,3,MOV,4,MOV,4,MOV,7,MOV,5,TEST,3,JZ,6,MOV,8,MOV,5,0,0,1,0,0,RET,1,0,1,0,0,0,JE,0,0,4245604,4240464,4245624,1,0,0,0,fortran,4.947479715211351e-07,0.5002728149166171,1,0,1
0x40c6a3,JZ,243390,0,10,2,0x40c6a0,TEST,1,NonLeaf,rax(-1) rax(-1) ,rflags ,TEST,3,JNZ,2,MOV,4,CMP,3,MOV,4,MOV,3,CALL_NEAR,5,MOV,7,MOV,4,MOV,7,0,1,1,0,0,MOV,0,0,1,0,0,0,CALL,0,1,4245152,4245165,4245157,0,0,1,1,fortran,4.940071333450762e-07,0.0,0,0,0
0x40c69e,JNZ,2190510,1947120,-30,2,0x40c697,CMP,1,NonLeaf,rdx(ADD) rdi(-1) ,rflags ,MOV,4,CMP,3,MOV,4,MOV,3,ADD,4,TEST,3,JZ,2,MOV,3,CALL_NEAR,5,MOV,7,1,1,1,1,1,JNE,0,0,1,1,0,0,JE,0,0,4245120,4245120,4245152,1,0,1,0,fortran,4.446064200105686e-06,0.8888888888888888,1,1,1
0x40c661,JNZ,2190510,1947120,-33,2,0x40c651,CMP,1,NonLeaf,rdx(ADD) ,rflags ,MOV,3,MOV,3,MOV,3,MOV,3,CMP,4,LEA,4,MOV,3,MOVSXD,3,SHL,4,LEA,7,1,1,1,1,1,JNE,0,0,1,1,0,0,NOP,0,0,4245056,4245056,4245091,1,0,1,0,fortran,4.446064200105686e-06,0.8888888888888888,1,1,1
0x40c495,JNL,243755,365,975,6,0x40c48c,CMP,1,NonLeaf,esi(-1) edi(-1) ,rflags ,MOV,7,CMP,2,JL,6,MOV,5,CMP,2,LEA,5,LEA,4,MOV,8,CDQE,2,MOV,5,0,0,1,0,0,JE,0,0,1,0,0,0,CALL,0,1,4244620,4245604,4244635,0,0,0,1,fortran,4.947479715211351e-07,0.0014974051814321,0,1,0
0x40c486,JL,243755,0,1050,6,0x40c47f,CMP,1,NonLeaf,eax(MOV) edx(-1) ,rflags ,MOV,5,CMP,2,MOV,12,MOV,12,MOV,12,CMP,2,MOV,7,JNL,6,LEA,5,LEA,4,0,1,0,0,0,JMP,0,0,1,0,0,0,JGE,0,0,4244607,4245664,4244620,0,0,1,1,fortran,4.947479715211351e-07,0.0,0,0,0
0x40c377,JL,243755,243389,1337,6,0x40c36e,CMP,1,NonLeaf,ecx(-1) eax(-1) ,rflags ,MOV,7,CMP,2,CMOVNLE,3,MOV,5,CMP,2,MOV,2,MOV,9,MOV,5,MOV,5,MOV,9,0,1,0,0,0,JMP,0,0,1,0,0,0,MOV,0,0,4244319,4245680,4244349,0,0,1,1,fortran,4.947479715211351e-07,0.9984984923386186,1,0,1
0x40c352,JL,243755,0,1646,6,0x40c350,CMP,1,NonLeaf,eax(ADD) edx(ADD) ,rflags ,CMP,2,MOV,5,ADD,7,ADD,7,MOV,7,MOV,5,MOV,2,MOV,5,CMP,2,MOV,5,0,1,0,0,0,JMP,0,0,1,0,0,0,MOV,0,0,4244236,4245952,4244312,0,0,0,0,fortran,4.947479715211351e-07,0.0,0,0,0
0x40c306,JNZ,731265,487510,-848,6,0x40c302,CMP,1,NonLeaf,r14(ADD) ,rflags ,CMP,4,ADD,4,ADD,4,ADD,4,MOV,3,MOV,7,MOV,7,ADD,7,ADD,7,ADD,7,0,0,0,1,1,JL,0,0,1,1,0,0,JL,1,0,4244214,4243382,4244236,0,0,0,0,fortran,1.4842439145634052e-06,0.6666666666666666,1,1,1
0x40c195,JNL,731265,331,353,6,0x40c18a,CMP,1,NonLeaf,r11d(-1) eax(LEA) ,rflags ,MOV,8,CMP,3,LEA,4,CMOVL,3,MOV,5,MOVSXD,3,CDQE,2,LEA,5,LEA,5,LEA,5,0,1,1,0,0,JNE,0,0,1,0,0,0,MOV,0,0,4243846,4244214,4243867,0,1,0,1,fortran,1.4842439145634052e-06,0.0004526402877205,0,0,0
0x40c118,JZ,731265,731265,110,2,0x40c114,CMP,1,NonLeaf,rdx(-1) ,rflags ,CMP,4,MOV,2,MOV,5,JNL,2,CMP,2,MOV,3,CMP,2,JNL,2,MOV,2,XOR,2,0,0,1,0,0,JGE,0,0,1,0,0,0,JGE,0,0,4243732,4243846,4243738,0,0,1,0,fortran,1.4842439145634052e-06,1.0,1,0,1
0x40c10b,JNL,731265,731265,9,2,0x40c109,CMP,1,NonLeaf,ecx(-1) eax(MOV) ,rflags ,CMP,2,MOV,2,JZ,2,CMP,4,MOV,5,MOV,5,MOV,2,CMP,4,JZ,2,MOV,3,0,1,1,0,0,JE,0,0,1,0,0,0,MOV,0,0,4243719,4243732,4243725,0,0,0,0,fortran,1.4842439145634052e-06,1.0,1,0,1
0x40c105,JZ,731265,0,129,2,0x40c101,CMP,1,NonLeaf,rdx(-1) ,rflags ,CMP,4,MOV,5,MOV,2,JNL,2,CMP,2,MOV,2,CMP,2,JNL,2,MOV,5,MOV,2,0,0,1,0,0,JGE,0,0,1,0,0,0,JGE,0,0,4243713,4243846,4243719,0,0,1,0,fortran,1.4842439145634052e-06,0.0,0,0,0
0x40c0f8,JNL,731265,487438,9,2,0x40c0f6,CMP,1,NonLeaf,ecx(-1) eax(MOV) ,rflags ,CMP,2,MOV,5,MOV,3,JZ,6,MOV,3,MOV,2,MOV,5,CMP,4,JZ,2,MOV,2,0,1,1,0,0,JE,0,0,1,0,0,0,MOV,0,0,4243694,4243713,4243706,0,0,0,0,fortran,1.4842439145634052e-06,0.6665682071478876,1,0,1
0x40c0e8,JZ,731265,0,2296,6,0x40c0e2,TEST,1,NonLeaf,rdx(-1) rdx(-1) ,rflags ,MOV,3,TEST,3,JZ,6,MOV,8,MOV,5,MOV,3,MOV,5,CMP,2,JNL,2,MOV,2,0,1,0,0,0,JMP,0,0,1,0,0,0,JGE,0,0,4243682,4245984,4243694,0,0,0,0,fortran,1.4842439145634052e-06,0.0,0,0,0
0x40c0dc,JZ,731265,0,170,6,0x40c0cc,CMP,1,NonLeaf,rdx(CMOVS) rax(MOV) ,rflags ,MOV,8,MOV,5,CMP,3,LEA,5,CMOVS,4,TEST,3,MOV,3,JZ,6,MOV,3,MOV,5,0,1,1,0,0,JGE,0,0,1,0,0,0,JE,0,0,4243625,4243846,4243682,0,0,1,0,fortran,1.4842439145634052e-06,0.0,0,0,0
0x40c029,JL,731265,731265,128,2,0x40c026,CMP,1,NonLeaf,r15(-1) rsi(LEA) ,rflags ,CMP,3,LEA,4,MOV,5,MOV,2,JLE,2,MOV,3,CMP,2,JLE,2,MOV,2,MOV,5,0,0,1,0,0,JE,0,0,1,0,0,0,JLE,0,0,4243490,4243625,4243499,0,0,1,0,fortran,1.4842439145634052e-06,1.0,1,0,1
0x40c019,JLE,731265,730934,9,2,0x40c017,CMP,1,NonLeaf,edx(CMOVLE) esi(MOV) ,rflags ,CMP,2,MOV,3,CMOVNLE,4,MOV,5,CMOVLE,3,MOV,2,MOV,5,LEA,4,CMP,3,JL,2,0,1,1,0,0,JL,0,0,1,0,0,0,MOV,0,0,4243454,4243490,4243483,0,0,0,0,fortran,1.4842439145634052e-06,0.9995473597122794,1,0,1
0x40bff8,JNLE,731265,0,177,6,0x40bff5,CMP,1,NonLeaf,rdx(LEA) r15(-1) ,rflags ,CMP,3,LEA,4,CMOVNZ,4,CMP,6,MOV,5,MOV,4,CMP,3,MOV,3,CMOVLE,3,MOV,5,0,0,1,0,0,JE,0,0,1,0,0,0,JLE,0,0,4243424,4243625,4243454,0,0,1,0,fortran,1.4842439145634052e-06,0.0,0,0,0
0x40bfda,JL,731265,0,2550,6,0x40bfd2,CMP,1,NonLeaf,r15(-1) rax(LEA) ,rflags ,MOV,2,SETNL,3,CMP,3,XOR,2,LEA,4,MOV,2,MOV,5,CMP,6,CMOVNZ,4,LEA,4,1,1,0,0,0,JMP,0,0,1,0,0,0,JG,0,0,4243382,4245968,4243424,0,0,0,0,fortran,1.4842439145634052e-06,0.0,0,0,0
0x40bf6a,JNZ,2193795,1950040,-98,2,0x40bf67,CMP,1,NonLeaf,rax(ADD) r13(-1) ,rflags ,CMP,3,ADD,4,ADD,4,SETNZ,4,TEST,2,LEA,8,LEA,8,MOV,5,LEA,8,MOV,6,1,1,1,1,1,JNE,0,0,1,1,0,0,CALL,0,1,4243208,4243208,4243308,1,0,1,1,fortran,4.452731743690215e-06,0.8888888888888888,1,1,1
0x40be08,JLE,121944,121811,23,2,0x40be06,CMP,1,NonLeaf,edx(CMOVL) eax(CMOVNL) ,rflags ,CMP,2,CMOVNL,3,CMP,2,CMOVZ,3,TEST,3,MOV,10,MOV,11,LEA,8,LEA,8,MOV,9,0,1,1,0,0,MOV,0,0,1,0,0,0,MOV,0,0,4242746,4242975,4242954,0,0,1,1,fortran,2.4750896038716453e-07,0.9989093354326576,1,0,1
0x40b43f,JZ,110331,110331,17,2,0x40b43a,CMP,1,NonLeaf,rsp(-1) ,rflags ,CMP,5,JZ,6,CMP,5,JNZ,6,CMP,4,SUB,5,JMP,5,NOP,5,ADD,7,POP,1,0,0,1,0,0,RET,1,0,1,0,0,0,JMP,0,0,4240442,4240464,4240449,1,0,0,1,fortran,2.239381282266963e-07,1.0,1,0,1
0x40b434,JZ,220529,110198,6148,6,0x40b42f,CMP,1,NonLeaf,rsp(-1) ,rflags ,CMP,5,JNZ,6,CMP,4,ADD,4,MOV,3,CMP,5,JZ,2,SUB,5,JMP,5,NOP,5,0,1,0,0,0,MOV,0,0,1,1,0,0,JE,0,0,4240431,4246584,4240442,0,0,0,0,fortran,4.4760630720019853e-07,0.4996984523577398,0,0,0
0x40b429,JNZ,661587,441058,-352,6,0x40b425,CMP,1,NonLeaf,r12d(ADD) ,rflags ,CMP,4,ADD,4,MOV,3,MOV,2,MOV,2,CMP,5,JZ,6,CMP,5,JZ,2,SUB,5,0,0,0,1,1,CMP,0,0,1,1,0,0,JE,1,0,4240417,4240073,4240431,0,0,0,0,fortran,1.3428189216005957e-06,0.6666666666666666,1,1,1
0x40b2f6,JNL,661587,331,299,6,0x40b2f3,CMP,1,NonLeaf,r11d(MOVSXD) eax(MOVSXD) ,rflags ,CMP,3,MOVSXD,8,MOVSXD,8,LEA,5,CDQE,2,LEA,5,LEA,8,LEA,5,LEA,5,MOV,3,0,1,1,0,0,JNE,0,0,1,0,0,0,MOV,0,0,4240118,4240417,4240124,0,1,0,1,fortran,1.3428189216005957e-06,0.0005003121282612,0,0,0
0x40b164,JZ,220164,0,7,2,0x40b161,TEST,1,NonLeaf,rdi(MOV) rdi(MOV) ,rflags ,TEST,3,MOV,5,JNZ,2,CMP,3,CALL_NEAR,5,CALL_NEAR,5,MOV,7,MOV,5,MOV,7,MOV,4,0,1,1,0,0,MOV,0,0,1,0,0,0,CALL,0,1,4239708,4239723,4239718,0,0,1,1,fortran,4.468654690241397e-07,0.0,0,0,0
0x40b15a,JNZ,1981476,1761312,-26,2,0x40b157,CMP,1,NonLeaf,r13(-1) r12(-1) ,rflags ,CMP,3,CALL_NEAR,5,ADD,3,ADD,4,MOV,3,MOV,5,TEST,3,JZ,2,CALL_NEAR,5,MOV,7,0,0,0,1,1,CALL,0,1,0,1,0,0,JE,1,0,4239703,4239680,4239708,1,0,1,0,fortran,4.021789221217257e-06,0.8888888888888888,1,1,1
0x40b133,JS,220164,0,6349,6,0x40b11b,CMP,1,NonLeaf,rsp(-1) ,rflags ,LEA,7,LEA,8,MOVSXD,3,CMP,6,ADD,3,NOP,7,LEA,5,MOV,3,MOV,3,ADD,4,0,1,0,1,0,JNE,0,0,1,0,0,0,NOP,0,0,4239628,4246016,4239673,0,0,0,0,fortran,4.468654690241397e-07,0.0,0,0,0
0x40b10a,JNZ,1981476,1761312,-26,2,0x40b107,CMP,1,NonLeaf,r13(-1) r12(-1) ,rflags ,CMP,3,CALL_NEAR,5,ADD,3,ADD,4,MOV,3,MOV,7,MOV,5,ADD,3,CMP,6,MOVSXD,3,0,0,0,1,1,CALL,0,1,0,1,0,0,JS,1,0,4239623,4239600,4239628,1,0,1,0,fortran,4.021789221217257e-06,0.8888888888888888,1,1,1
0x40b0e7,JS,220164,0,6403,6,0x40b0ca,CMP,1,NonLeaf,rsp(-1) ,rflags ,LEA,7,MOV,3,MOV,5,LEA,8,CMP,6,NOP,3,LEA,5,MOV,3,MOV,3,ADD,4,0,1,0,1,0,JNE,0,0,1,0,0,0,NOP,0,0,4239558,4245994,4239597,0,0,0,0,fortran,4.468654690241397e-07,0.0,0,0,0
0x40b0ab,JS,220164,0,22,2,0x40b0a4,TEST,1,NonLeaf,rcx(MOV) rcx(MOV) ,rflags ,LEA,4,TEST,3,MOV,5,LEA,4,MOV,3,LEA,8,MOV,5,TEST,3,CMOVZ,4,CALL_NEAR,5,0,1,1,0,0,CALL,0,1,1,0,0,0,CMOVE,0,0,4239134,4239553,4239533,0,0,1,0,fortran,4.468654690241397e-07,0.0,0,0,0
0x40af18,JNL,220529,365,930,6,0x40af16,CMP,1,NonLeaf,eax(MOV) edx(MOV) ,rflags ,CMP,2,MOV,7,MOV,7,MOV,5,LEA,4,LEA,4,MOV,7,ADD,3,CDQE,2,MOV,5,1,1,1,0,0,LEA,0,0,1,0,0,0,JS,0,0,4239098,4240058,4239134,0,1,0,1,fortran,4.4760630720019853e-07,0.0016551111191725,0,0,0
0x40aee4,JLE,110331,0,1388,6,0x40aede,TEST,1,NonLeaf,eax(MOV) eax(MOV) ,rflags ,MOV,4,TEST,2,MOV,6,JNZ,6,CMP,3,LEA,8,MOV,8,MOVSXD,5,LEA,4,MOV,5,0,0,1,0,0,RET,1,0,1,0,0,0,MOV,0,0,4239064,4240464,4239082,0,0,0,1,fortran,2.239381282266963e-07,0.0,0,0,0
0x40aed2,JNZ,110331,0,1406,6,0x40aecf,CMP,1,NonLeaf,eax(-1) ,rflags ,CMP,3,JZ,6,CMP,3,MOV,2,SUB,7,MOV,6,TEST,2,MOV,4,JLE,6,LEA,8,0,0,1,0,0,RET,1,0,1,0,0,0,JLE,0,0,4239055,4240464,4239064,0,0,0,1,fortran,2.239381282266963e-07,0.0,0,0,0
0x40aec9,JZ,232275,121944,1439,6,0x40aec6,CMP,1,NonLeaf,eax(MOV) ,rflags ,CMP,3,MOV,2,SUB,7,PUSH,1,PUSH,1,CMP,3,JNZ,6,MOV,6,TEST,2,MOV,4,0,1,0,0,0,MOV,1,0,1,0,0,0,JNE,1,0,4239024,4240488,4239055,0,0,1,0,fortran,4.714470886138608e-07,0.5249983855343882,1,0,1
0x40ae64,JZ,512475,170825,20,2,0x40ae5b,CMP,1,NonLeaf,rsp(-1) ,rflags ,CMP,9,ADD,4,ADD,9,ADD,9,ADD,9,MOV,5,MOV,4,MOV,4,JMP,5,ADD,7,0,1,1,0,0,RET,1,0,1,0,0,0,JMP,0,0,4238900,4238968,4238950,1,0,0,0,fortran,1.0401672445910594e-06,0.3333333333333333,0,0,0
0x40ae0e,JZ,1537425,512475,38,2,0x40ae05,CMP,1,NonLeaf,rsp(-1) ,rflags ,CMP,9,ADD,9,ADD,4,ADD,9,ADD,9,MOV,5,MOV,4,MOV,4,JMP,5,XOR,2,0,1,1,0,0,JE,1,0,1,0,0,0,JMP,0,0,4238819,4238900,4238864,0,0,1,0,fortran,3.1205017337731783e-06,0.3333333333333333,0,0,0
0x40addd,JNZ,404959,370047,-7011,6,0x40add7,CMP,1,NonLeaf,rsp(-1) ,rflags ,CMP,6,ADD,6,JNZ,2,CMP,4,ADD,4,MOV,3,ADD,9,ADD,9,ADD,4,ADD,9,0,0,0,0,0,JMP,0,0,0,1,0,0,JE,1,0,4238801,4231802,4238819,0,0,0,1,fortran,8.219427039413646e-07,0.9137888033109524,1,1,1
0x40adcf,JNZ,3644631,3239672,-79,2,0x40adcb,CMP,1,NonLeaf,rax(ADD) ,rflags ,CMP,4,ADD,4,MOV,6,ADD,7,JZ,2,ADD,6,CMP,6,JNZ,6,MOV,3,ADD,9,0,0,0,1,1,JL,0,0,1,1,0,0,JNE,1,0,4238791,4238720,4238801,0,0,0,1,fortran,7.397484335472281e-06,0.8888888888888888,1,1,1
0x40adb8,JZ,2656088,2643517,9,2,0x40adb5,TEST,1,NonLeaf,r9d(MOV) r9d(MOV) ,rflags ,TEST,3,MOV,3,LEA,4,MOV,4,ADD,3,ADD,7,MOV,6,ADD,4,CMP,4,JNZ,2,0,1,1,0,0,MOV,0,0,1,0,0,0,ADD,0,0,4238728,4238785,4238778,0,0,1,1,fortran,5.391044902388171e-06,0.99526709958405,1,0,1
0x40ad86,JLE,2494856,988543,65,2,0x40ad84,CMP,1,NonLeaf,edi(-1) eax(-1) ,rflags ,CMP,2,JL,2,CMP,2,NOP,4,MOV,5,MOV,3,MOV,3,IMUL,5,IMUL,5,ADD,4,0,0,1,0,0,JNE,0,0,0,0,0,0,JE,0,0,4238724,4238791,4238728,1,0,0,0,fortran,5.063793338546216e-06,0.3962324879672414,0,1,0
0x40ad82,JL,3644631,1149775,6,2,0x40ad80,CMP,1,NonLeaf,ecx(-1) eax(-1) ,rflags ,CMP,2,NOP,4,MOV,5,MOV,5,MOV,5,CMP,2,JLE,2,MOV,3,MOV,3,IMUL,5,1,1,0,0,0,JE,0,0,1,0,0,0,JLE,0,0,4238720,4238728,4238724,0,0,0,0,fortran,7.397484335472281e-06,0.3154708940356376,0,0,0
0x40ad5f,JNZ,8875904,8470945,-7047,6,0x40ad58,CMP,1,NonLeaf,rsp(-1) eax(MOV) ,rflags ,CMP,7,MOV,7,JZ,6,CMP,2,ADD,2,MOVSXD,8,MOV,5,MOV,5,MOV,5,NOP,4,0,0,0,0,0,JNE,0,0,1,0,0,0,NOP,0,0,4238673,4231640,4238693,0,0,0,0,fortran,1.8015365836254963e-05,0.9543754641780712,1,0,1
0x40ad4b,JZ,9459415,583511,-7027,6,0x40ad49,CMP,1,NonLeaf,edi(ADD) ecx(ADD) ,rflags ,CMP,2,ADD,2,ADD,2,MOV,7,MOV,7,MOV,7,CMP,7,JNZ,6,MOVSXD,8,MOV,5,0,1,0,0,0,JNE,0,0,1,0,0,0,JNE,0,0,4238647,4231640,4238673,0,0,0,0,fortran,1.9199714397762495e-05,0.0616857384943995,0,0,0
0x40ac17,JZ,28378245,9459415,260,6,0x40ac14,CMP,1,NonLeaf,r8(MOV) rax(MOV) ,rflags ,CMP,3,MOV,8,MOV,8,MOV,7,CMOVLE,3,MOV,5,MOV,4,MOV,4,MOV,4,MOV,4,0,1,1,0,0,MOV,1,0,1,0,0,0,JMP,0,0,4238340,4238619,4238365,0,0,0,1,fortran,5.75991431932875e-05,0.3333333333333333,0,0,0
0x40abe0,JZ,22764965,0,10,2,0x40abdd,TEST,1,NonLeaf,rax(MOV) rax(MOV) ,rflags ,TEST,3,MOV,5,CALL_NEAR,5,MOV,5,LEA,8,MOV,3,CALL_NEAR,5,MOV,7,MOV,7,CMP,2,0,1,1,0,0,MOV,0,0,1,0,0,0,CALL,0,1,4238296,4238314,4238306,0,0,1,1,fortran,4.620590451682893e-05,0.0,0,0,0
0x40a9c4,JNZ,204884685,204884685,-196,6,0x40a9bd,TEST,1,NonLeaf,rbp(-1) rbp(-1) ,rflags ,LEA,4,TEST,3,JZ,6,CMP,5,ADD,3,MOV,8,ADD,3,CMP,4,SETZ,4,TEST,3,1,1,0,0,0,JE,0,0,1,0,0,0,JLE,0,0,4237757,4237568,4237770,0,0,1,1,fortran,0.0004158531406514,1.0,1,0,1
0x40a9b7,JZ,204884685,22764965,511,6,0x40a9b2,CMP,1,NonLeaf,r8(ADD) rsp(-1) ,rflags ,CMP,5,ADD,3,ADD,3,ADD,3,ADD,4,TEST,3,LEA,4,JNZ,6,MOV,8,ADD,3,0,0,1,0,0,CALL,1,1,0,0,1,1,JNE,0,0,4237733,4238262,4237757,1,0,1,0,fortran,0.0004158531406514,0.1111111111111111,0,0,0
0x40a937,JZ,204884685,204884685,110,2,0x40a933,CMP,1,NonLeaf,rbp(-1) ,rflags ,CMP,4,SETZ,4,CMP,3,MOV,5,JZ,2,MOV,5,CMP,3,SETZ,4,CMP,4,JZ,2,0,0,1,0,0,JE,0,0,1,0,0,0,JE,0,0,4237607,4237733,4237625,0,0,0,1,fortran,0.0004158531406514,1.0,1,0,1
0x40a925,JZ,204884685,0,128,2,0x40a921,CMP,1,NonLeaf,rbp(-1) ,rflags ,CMP,4,SETZ,4,CMP,3,MOV,5,JZ,6,MOV,5,CMP,3,SETZ,4,CMP,4,JZ,2,0,0,1,0,0,JE,0,0,1,0,0,0,JE,0,0,4237589,4237733,4237607,0,0,0,1,fortran,0.0004158531406514,0.0,0,0,0
0x40a90f,JZ,204884685,0,150,6,0x40a90b,CMP,1,NonLeaf,rbp(-1) ,rflags ,CMP,4,SETZ,3,CMP,3,MOV,5,NOP,7,MOV,5,CMP,3,SETZ,4,CMP,4,JZ,2,0,0,1,0,0,JE,0,0,1,0,0,0,JE,0,0,4237568,4237733,4237589,0,0,0,1,fortran,0.0004158531406514,0.0,0,0,0
0x40a747,JS,22764965,0,1105,6,0x40a73c,TEST,1,NonLeaf,rax(SUB) rax(SUB) ,rflags ,MOV,8,TEST,3,SUB,4,MOV,3,MOV,8,MOV,3,MOV,5,MOV,5,IMUL,4,MOV,5,0,1,0,0,0,CALL,0,1,1,0,0,0,CALL,0,1,4236828,4238232,4237133,0,0,1,1,fortran,4.620590451682893e-05,0.0,0,0,0
0x40a616,JZ,28378245,5613280,1518,6,0x40a614,TEST,1,NonLeaf,eax(-1) eax(-1) ,rflags ,TEST,2,JNZ,2,CMP,3,ADD,3,ADD,4,LEA,8,MOV,8,MOV,12,MOV,12,MOV,12,0,0,1,0,0,JE,0,0,1,0,0,0,JS,0,0,4236820,4238340,4236828,0,0,0,1,fortran,5.75991431932875e-05,0.1978022249085523,0,0,0
0x40a612,JNZ,85134735,56756490,-18,2,0x40a60f,CMP,1,NonLeaf,rbp(-1) rcx(ADD) ,rflags ,CMP,3,ADD,3,ADD,4,CMOVZ,3,LEA,3,TEST,2,JZ,6,LEA,8,MOV,8,MOV,12,1,1,1,1,1,JNE,0,0,1,1,0,0,JE,0,0,4236800,4236800,4236820,1,0,0,0,fortran,0.0001727974295798,0.6666666666666666,1,1,1
0x40a5d0,JZ,28378245,0,1588,6,0x40a5cc,CMP,1,NonLeaf,r13(MOV) ,rflags ,CMP,4,ADD,3,IMUL,4,ADD,5,IMUL,4,MOV,5,MOV,3,MOV,3,IMUL,4,NEG,3,1,1,1,0,0,JE,0,0,1,0,0,0,NOP,0,0,4236712,4238340,4236758,0,0,0,0,fortran,5.75991431932875e-05,0.0,0,0,0
0x40a543,JNZ,28378245,18918830,-2627,6,0x40a540,CMP,1,NonLeaf,r9(MOV) rax(MOV) ,rflags ,CMP,3,MOV,8,MOV,8,MOV,5,MOV,8,MOV,8,MOV,8,MOV,8,MOV,8,MOV,8,0,0,0,1,1,JG,0,0,1,1,0,0,NOP,1,0,4236592,4233984,4236617,0,0,1,1,fortran,5.75991431932875e-05,0.6666666666666666,1,1,1
0x40a4dd,JZ,22764965,0,23,2,0x40a4da,TEST,1,NonLeaf,rdi(MOV) rdi(MOV) ,rflags ,TEST,3,MOV,5,MOVDQA,6,MOV,5,MOV,5,CALL_NEAR,5,MOV,5,MOV,5,MOVDQA,6,MOV,7,0,1,1,0,0,MOV,0,0,1,0,0,0,CALL,0,1,4236485,4236532,4236511,0,0,1,1,fortran,4.620590451682893e-05,0.0,0,0,0
0x40a492,JNZ,204884685,182119720,-1426,6,0x40a48d,CMP,1,NonLeaf,rsp(-1) rax(MOV) ,rflags ,CMP,5,SUB,5,MOV,5,ADD,5,ADD,3,LEA,8,LEA,8,LEA,8,MOV,5,MOV,5,0,0,0,1,1,JS,0,0,0,1,0,0,CALL,1,1,4236400,4235008,4236440,0,1,0,1,fortran,0.0004158531406514,0.8888888888888888,1,1,1
0x40a00c,JZ,204884685,204884685,1124,6,0x40a009,CMP,1,NonLeaf,r10(-1) rdi(-1) ,rflags ,CMP,3,SETZ,4,MOV,5,CMP,3,MOV,8,MOV,3,SUB,3,MOV,3,SHR,4,MOV,3,0,0,1,0,0,JNE,0,0,0,0,0,0,JE,0,0,4235273,4236400,4235282,0,0,1,1,fortran,0.0004158531406514,1.0,1,0,1
0x409f72,JZ,204884685,204884685,3390,6,0x409f6e,CMP,1,NonLeaf,rdi(-1) ,rflags ,CMP,4,SETZ,4,CMP,3,MOV,8,JZ,6,MOV,8,CMP,3,SETZ,4,CMP,4,JZ,6,0,1,0,0,0,JMP,0,0,1,0,0,0,JE,0,0,4235103,4238512,4235128,0,0,0,1,fortran,0.0004158531406514,1.0,1,0,1
0x409f59,JZ,204884685,0,3335,6,0x409f55,CMP,1,NonLeaf,rdi(-1) ,rflags ,CMP,4,SETZ,4,CMP,3,MOV,8,JZ,6,MOV,8,CMP,3,SETZ,4,CMP,4,JZ,6,0,1,0,0,0,JMP,0,0,1,0,0,0,JE,0,0,4235078,4238432,4235103,0,0,0,1,fortran,0.0004158531406514,0.0,0,0,0
0x409f40,JZ,204884685,0,3376,6,0x409f3c,CMP,1,NonLeaf,rdi(-1) ,rflags ,CMP,4,SETZ,3,CMP,3,MOV,8,JNBE,6,MOV,8,CMP,3,SETZ,4,CMP,4,JZ,6,0,1,0,0,0,JMP,0,0,1,0,0,0,JE,0,0,4235054,4238448,4235078,0,0,0,1,fortran,0.0004158531406514,0.0,0,0,0
0x409f28,JNBE,204884685,0,3160,6,0x409f24,CMP,1,NonLeaf,r10(-1) ,rflags ,CMP,4,CMOVBE,4,CMP,3,AND,3,MOV,3,MOV,8,CMP,3,SETZ,3,CMP,4,JZ,6,0,1,0,0,0,JNE,0,0,1,0,0,0,JE,0,0,4235026,4238208,4235054,0,0,0,1,fortran,0.0004158531406514,0.0,0,0,0
0x409f0c,JS,204884685,0,1380,6,0x409f05,TEST,1,NonLeaf,r11(-1) r11(-1) ,rflags ,LEA,4,TEST,3,MOV,5,MOV,8,NEG,3,MOV,5,MOV,3,AND,3,CMP,3,CMOVBE,4,1,1,1,0,0,JNE,0,0,1,0,0,0,JA,0,0,4235008,4236400,4235026,0,0,1,0,fortran,0.0004158531406514,0.0,0,0,0
0x409cd1,JS,22764965,0,4079,6,0x409cce,TEST,1,NonLeaf,rdx(-1) rdx(-1) ,rflags ,TEST,3,JS,6,MOV,8,LEA,4,MOV,8,IMUL,4,MOV,5,MOV,5,MOVDQA,6,MOV,5,0,0,0,0,0,CALL,0,1,1,0,0,0,CALL,0,1,4234446,4238528,4234455,0,0,1,1,fortran,4.620590451682893e-05,0.0,0,0,0
0x409cc8,JS,22764965,0,4088,6,0x409cad,TEST,1,NonLeaf,r11(-1) r11(-1) ,rflags ,MOV,8,LEA,4,MOV,8,LEA,4,TEST,3,TEST,3,JS,6,IMUL,4,MOV,5,MOV,5,0,1,0,0,0,CALL,0,1,1,0,0,0,JS,0,0,4234124,4238528,4234446,0,0,1,0,fortran,4.620590451682893e-05,0.0,0,0,0
0x409b86,JZ,28378245,5613280,2474,6,0x409b84,TEST,1,NonLeaf,eax(-1) eax(-1) ,rflags ,TEST,2,JNZ,2,CMP,3,ADD,3,ADD,4,LEA,8,MOV,8,MOV,8,IMUL,4,MOV,12,0,0,1,0,0,JNE,0,0,1,0,0,0,JS,0,0,4234116,4236592,4234124,0,0,0,1,fortran,5.75991431932875e-05,0.1978022249085523,0,0,0
0x409b82,JNZ,85134735,56756490,-18,2,0x409b7f,CMP,1,NonLeaf,rcx(ADD) r8(SUB) ,rflags ,CMP,3,ADD,3,ADD,4,CMOVZ,3,LEA,3,TEST,2,JZ,6,LEA,8,MOV,8,MOV,8,1,1,1,1,1,JNE,0,0,1,1,0,0,JE,0,0,4234096,4234096,4234116,1,0,0,0,fortran,0.0001727974295798,0.6666666666666666,1,1,1
0x409b39,JNLE,28378245,0,2551,6,0x409b36,CMP,1,NonLeaf,r13(-1) rdi(MOV) ,rflags ,CMP,3,ADD,3,ADD,8,IMUL,6,MOV,5,MOV,5,MOV,3,LEA,4,IMUL,4,LEA,8,1,1,1,0,0,JNE,0,0,1,0,0,0,NOP,0,0,4233984,4236592,4234047,0,0,0,0,fortran,5.75991431932875e-05,0.0,0,0,0
0x409a9a,JNLE,9459415,0,4765,6,0x409a8c,CMP,1,NonLeaf,rsp(-1) eax(MOV) ,rflags ,MOV,7,CMP,7,MOV,7,MOV,7,ADD,2,MOV,5,MOV,5,MOV,3,MOVD,6,MOV,8,0,1,1,0,0,JE,0,0,1,0,0,0,NOP,0,0,4233820,4238647,4233888,0,0,0,1,fortran,1.9199714397762495e-05,0.0,0,0,0
0x409a1c,JZ,28378245,9459415,33,2,0x409a14,CMP,1,NonLeaf,rsp(-1) rdi(MOV) ,rflags ,CMP,8,MOV,8,MOV,7,CMOVLE,3,CMP,2,MOV,5,MOV,4,MOV,4,MOV,4,MOV,4,0,1,1,0,0,MOV,1,0,1,0,0,0,JMP,0,0,4233740,4233789,4233758,0,0,0,1,fortran,5.75991431932875e-05,0.3333333333333333,0,0,0
0x4099e8,JZ,22404793,0,10,2,0x4099e5,TEST,1,NonLeaf,rax(MOV) rax(MOV) ,rflags ,TEST,3,MOV,5,CALL_NEAR,5,MOV,5,LEA,8,MOV,3,CALL_NEAR,5,MOV,7,MOV,7,CMP,2,0,1,1,0,0,MOV,0,0,1,0,0,0,CALL,0,1,4233696,4233714,4233706,0,0,1,1,fortran,4.547486570163043e-05,0.0,0,0,0
0x4097e4,JNZ,201643137,201643137,-196,6,0x4097dd,TEST,1,NonLeaf,rbp(-1) rbp(-1) ,rflags ,LEA,4,TEST,3,JZ,6,CMP,5,ADD,3,MOV,8,ADD,3,CMP,4,SETZ,4,TEST,3,1,1,0,0,0,JE,0,0,1,0,0,0,JLE,0,0,4233181,4232992,4233194,0,0,1,1,fortran,0.0004092737913146,1.0,1,0,1
0x4097d7,JZ,201643137,22404793,487,6,0x4097d2,CMP,1,NonLeaf,r8(ADD) rsp(-1) ,rflags ,CMP,5,ADD,3,ADD,3,ADD,3,ADD,4,TEST,3,LEA,4,JNZ,6,MOV,8,ADD,3,0,0,1,0,0,CALL,1,1,0,0,1,1,JNE,0,0,4233157,4233662,4233181,1,0,1,0,fortran,0.0004092737913146,0.1111111111111111,0,0,0
0x409757,JZ,201643137,201643137,110,2,0x409753,CMP,1,NonLeaf,rbp(-1) ,rflags ,CMP,4,SETZ,4,CMP,3,MOV,5,JZ,2,MOV,5,CMP,3,SETZ,4,CMP,4,JZ,2,0,0,1,0,0,JE,0,0,1,0,0,0,JE,0,0,4233031,4233157,4233049,0,0,0,1,fortran,0.0004092737913146,1.0,1,0,1
0x409745,JZ,201643137,0,128,2,0x409741,CMP,1,NonLeaf,rbp(-1) ,rflags ,CMP,4,SETZ,4,CMP,3,MOV,5,JZ,6,MOV,5,CMP,3,SETZ,4,CMP,4,JZ,2,0,0,1,0,0,JE,0,0,1,0,0,0,JE,0,0,4233013,4233157,4233031,0,0,0,1,fortran,0.0004092737913146,0.0,0,0,0
0x40972f,JZ,201643137,0,150,6,0x40972b,CMP,1,NonLeaf,rbp(-1) ,rflags ,CMP,4,SETZ,3,CMP,3,MOV,5,NOP,5,MOV,5,CMP,3,SETZ,4,CMP,4,JZ,2,0,0,1,0,0,JE,0,0,1,0,0,0,JE,0,0,4232992,4233157,4233013,0,0,0,1,fortran,0.0004092737913146,0.0,0,0,0
0x409569,JS,22404793,0,1079,6,0x40955e,TEST,1,NonLeaf,rax(SUB) rax(SUB) ,rflags ,MOV,8,TEST,3,SUB,4,MOV,3,MOV,8,MOV,3,MOV,5,MOV,5,IMUL,4,MOV,5,0,1,0,0,0,CALL,0,1,1,0,0,0,CALL,0,1,4232254,4233632,4232559,0,0,1,1,fortran,4.547486570163043e-05,0.0,0,0,0
0x409438,JZ,28378245,5973452,1492,6,0x409436,TEST,1,NonLeaf,eax(-1) eax(-1) ,rflags ,TEST,2,JNZ,2,CMP,3,ADD,3,ADD,4,LEA,8,MOV,8,MOV,12,MOV,12,MOV,12,0,0,1,0,0,JE,0,0,1,0,0,0,JS,0,0,4232246,4233740,4232254,0,0,0,1,fortran,5.75991431932875e-05,0.2104940597982715,0,0,0
0x409434,JNZ,85134735,56756490,-20,2,0x409431,CMP,1,NonLeaf,rbp(-1) rcx(ADD) ,rflags ,CMP,3,ADD,3,ADD,4,CMOVZ,4,LEA,4,TEST,2,JZ,6,LEA,8,MOV,8,MOV,12,1,1,1,1,1,JNE,0,0,1,1,0,0,JE,0,0,4232224,4232224,4232246,1,0,0,0,fortran,0.0001727974295798,0.6666666666666666,1,1,1
0x4093f0,JZ,28378245,0,1564,6,0x4093ec,CMP,1,NonLeaf,r13(-1) ,rflags ,CMP,4,ADD,3,IMUL,4,ADD,5,IMUL,4,MOV,5,MOV,3,MOV,3,IMUL,4,NEG,3,1,1,1,0,0,JE,0,0,1,0,0,0,NOP,0,0,4232136,4233740,4232182,0,0,0,0,fortran,5.75991431932875e-05,0.0,0,0,0
0x409274,JZ,13431866,1502513,7023,6,0x40926e,CMP,1,NonLeaf,rsp(-1) ,rflags ,CMP,6,ADD,6,NOP,6,JNZ,2,CMP,4,MOV,5,MOV,4,MOV,4,JMP,5,NOP,4,0,0,1,0,0,JE,1,0,0,0,0,0,JMP,0,0,4231784,4238819,4231802,0,0,1,0,fortran,2.726257290001724e-05,0.1118618217305026,0,0,0
0x409260,JNZ,5246433,4663496,-80,2,0x40925c,CMP,1,NonLeaf,rax(ADD) ,rflags ,CMP,4,ADD,4,MOV,6,ADD,7,JZ,2,NOP,6,ADD,6,CMP,6,JZ,6,MOV,5,0,0,0,1,1,JL,0,0,1,1,0,0,NOP,1,0,4231768,4231696,4231778,0,0,0,0,fortran,1.0648651656259536e-05,0.8888888888888888,1,1,1
0x409249,JZ,3819989,3804517,9,2,0x409246,TEST,1,NonLeaf,r8d(MOV) r8d(MOV) ,rflags ,TEST,3,MOV,3,LEA,4,MOV,4,ADD,3,ADD,7,MOV,6,ADD,4,CMP,4,JNZ,2,0,1,1,0,0,MOV,0,0,1,0,0,0,ADD,0,0,4231705,4231762,4231755,0,0,1,1,fortran,7.753407351574528e-06,0.9959497265568042,1,0,1
0x409217,JLE,3609567,1426444,65,2,0x409214,CMP,1,NonLeaf,r10d(-1) eax(-1) ,rflags ,CMP,3,JL,2,CMP,2,NOP,4,MOVSXD,3,MOV,3,MOV,3,IMUL,5,IMUL,5,ADD,4,0,0,1,0,0,JNE,0,0,0,0,0,0,JE,0,0,4231700,4231768,4231705,1,0,0,0,fortran,7.326315157923443e-06,0.3951842423204778,0,1,0
0x409212,JL,5246433,1636866,7,2,0x409210,CMP,1,NonLeaf,esi(-1) eax(-1) ,rflags ,CMP,2,NOP,4,MOVSXD,3,MOV,5,MOV,5,CMP,3,JLE,2,MOV,3,MOV,3,IMUL,5,1,1,0,0,0,JE,0,0,1,0,0,0,JLE,0,0,4231696,4231705,4231700,0,0,0,0,fortran,1.0648651656259536e-05,0.3119959789822914,0,0,0
0x4091ee,JZ,583511,574,122,2,0x4091e7,CMP,1,NonLeaf,rsp(-1) eax(MOV) ,rflags ,CMP,7,MOV,7,JNZ,6,CMP,2,NOP,6,MOV,5,MOV,8,MOV,2,MOV,5,MOV,5,0,0,1,0,0,JE,0,0,1,0,0,0,NOP,0,0,4231648,4231784,4231664,0,1,1,0,fortran,1.1843485615075344e-06,0.000983700392966,0,0,0
0x4091da,JNZ,9054456,8470945,142,6,0x4091d8,CMP,1,NonLeaf,edi(-1) ecx(-1) ,rflags ,CMP,2,NOP,6,JMP,5,XOR,2,XOR,2,MOV,7,CMP,7,JZ,2,MOV,5,MOV,8,0,0,1,0,0,JE,0,0,1,0,0,0,JE,0,0,4231640,4231784,4231648,0,0,1,0,fortran,1.8377771693821133e-05,0.935555377374411,1,0,1
0x4091aa,JZ,28378245,9459415,449,6,0x4091a2,CMP,1,NonLeaf,rsp(-1) rax(MOV) ,rflags ,CMP,8,MOV,8,MOV,5,MOV,8,MOV,4,MOV,3,JMP,5,NOP,8,TEST,3,JNZ,6,0,1,1,0,0,NOP,1,0,1,0,0,0,JMP,0,0,4231578,4232043,4231600,0,0,1,0,fortran,5.75991431932875e-05,0.3333333333333333,0,0,0
0x409147,JZ,22404793,0,23,2,0x409144,TEST,1,NonLeaf,rdi(MOV) rdi(MOV) ,rflags ,TEST,3,MOV,5,MOVDQA,6,MOV,5,MOV,5,CALL_NEAR,5,MOV,5,MOV,5,MOVDQA,6,MOV,7,0,1,1,0,0,MOV,0,0,1,0,0,0,CALL,0,1,4231471,4231518,4231497,0,0,1,1,fortran,4.547486570163043e-05,0.0,0,0,0
0x4090fc,JNZ,201643137,179238344,-1420,6,0x4090f7,CMP,1,NonLeaf,rsp(-1) rax(MOV) ,rflags ,CMP,5,SUB,5,MOV,5,ADD,5,ADD,3,LEA,8,LEA,8,LEA,8,MOV,5,MOV,5,0,0,0,1,1,JS,0,0,0,1,0,0,CALL,1,1,4231386,4230000,4231426,0,1,0,1,fortran,0.0004092737913146,0.8888888888888888,1,1,1
0x408c7c,JZ,201643137,201643137,1118,6,0x408c79,CMP,1,NonLeaf,r10(-1) rdi(-1) ,rflags ,CMP,3,SETZ,4,MOV,5,CMP,3,MOV,8,MOV,3,SUB,3,MOV,3,SHR,4,MOV,8,0,0,1,0,0,JNE,0,0,0,0,0,0,JE,0,0,4230265,4231386,4230274,0,0,1,1,fortran,0.0004092737913146,1.0,1,0,1
0x408be2,JZ,201643137,201643137,1774,6,0x408bde,CMP,1,NonLeaf,rdi(-1) ,rflags ,CMP,4,SETZ,4,CMP,3,MOV,8,JZ,6,MOV,8,CMP,3,SETZ,4,CMP,4,JZ,6,0,1,0,0,0,JMP,0,0,1,0,0,0,JE,0,0,4230095,4231888,4230120,0,0,0,1,fortran,0.0004092737913146,1.0,1,0,1
0x408bc9,JZ,201643137,0,1815,6,0x408bc5,CMP,1,NonLeaf,rdi(-1) ,rflags ,CMP,4,SETZ,4,CMP,3,MOV,8,JZ,6,MOV,8,CMP,3,SETZ,4,CMP,4,JZ,6,0,1,0,0,0,JMP,0,0,1,0,0,0,JE,0,0,4230070,4231904,4230095,0,0,0,1,fortran,0.0004092737913146,0.0,0,0,0
0x408bb0,JZ,201643137,0,1776,6,0x408bac,CMP,1,NonLeaf,rdi(-1) ,rflags ,CMP,4,SETZ,3,CMP,3,MOV,8,JNBE,6,MOV,8,CMP,3,SETZ,4,CMP,4,JZ,6,0,1,0,0,0,JMP,0,0,1,0,0,0,JE,0,0,4230046,4231840,4230070,0,0,0,1,fortran,0.0004092737913146,0.0,0,0,0
0x408b98,JNBE,201643137,0,1576,6,0x408b94,CMP,1,NonLeaf,r10(-1) ,rflags ,CMP,4,CMOVBE,4,CMP,3,AND,3,MOV,3,MOV,8,CMP,3,SETZ,3,CMP,4,JZ,6,0,1,0,0,0,JNE,0,0,1,0,0,0,JE,0,0,4230018,4231616,4230046,0,0,0,1,fortran,0.0004092737913146,0.0,0,0,0
0x408b7c,JS,201643137,0,1374,6,0x408b75,TEST,1,NonLeaf,r11(-1) r11(-1) ,rflags ,LEA,4,TEST,3,MOV,5,NOP,7,MOV,8,MOV,5,MOV,3,AND,3,CMP,3,CMOVBE,4,1,1,1,0,0,JNE,0,0,1,0,0,0,JA,0,0,4230000,4231386,4230018,0,0,1,0,fortran,0.0004092737913146,0.0,0,0,0
0x408939,JS,22404793,0,2519,6,0x408936,TEST,1,NonLeaf,rdx(-1) rdx(-1) ,rflags ,TEST,3,JS,6,MOV,8,LEA,4,MOV,8,IMUL,4,MOV,5,MOV,5,MOVDQA,6,MOV,5,0,0,0,0,0,CALL,0,1,1,0,0,0,CALL,0,1,4229430,4231952,4229439,0,0,1,1,fortran,4.547486570163043e-05,0.0,0,0,0
0x408930,JS,22404793,0,2528,6,0x408915,TEST,1,NonLeaf,r11(-1) r11(-1) ,rflags ,MOV,8,LEA,4,MOV,8,LEA,4,TEST,3,TEST,3,JS,6,IMUL,4,MOV,5,MOV,5,0,1,0,0,0,CALL,0,1,1,0,0,0,JS,0,0,4229108,4231952,4229430,0,0,1,0,fortran,4.547486570163043e-05,0.0,0,0,0
0x4087ee,JZ,28378245,5973452,2476,6,0x4087ec,TEST,1,NonLeaf,eax(-1) eax(-1) ,rflags ,TEST,2,JNZ,2,CMP,3,ADD,3,ADD,4,LEA,8,MOV,8,MOV,8,IMUL,4,MOV,12,0,0,1,0,0,JE,0,0,1,0,0,0,JS,0,0,4229100,4231578,4229108,0,0,0,1,fortran,5.75991431932875e-05,0.2104940597982715,0,0,0
0x4087ea,JNZ,85134735,56756490,-18,2,0x4087e7,CMP,1,NonLeaf,rcx(ADD) r8(SUB) ,rflags ,CMP,3,ADD,3,ADD,4,CMOVZ,3,LEA,3,TEST,2,JZ,6,LEA,8,MOV,8,MOV,8,1,1,1,1,1,JNE,0,0,1,1,0,0,JE,0,0,4229080,4229080,4229100,1,0,0,0,fortran,0.0001727974295798,0.6666666666666666,1,1,1
0x4087a1,JNLE,28378245,0,2553,6,0x40879e,CMP,1,NonLeaf,r14(-1) rdi(MOV) ,rflags ,CMP,3,ADD,3,ADD,8,IMUL,6,MOV,5,MOV,5,MOV,3,LEA,4,IMUL,4,LEA,8,1,1,1,0,0,JE,0,0,1,0,0,0,NOP,0,0,4228968,4231578,4229031,0,0,0,0,fortran,5.75991431932875e-05,0.0,0,0,0
0x4086f6,JNLE,9459415,0,10028,6,0x4086ef,CMP,1,NonLeaf,rsp(-1) eax(MOV) ,rflags ,CMP,7,MOV,7,JLE,2,CMP,8,ADD,3,MOV,5,MOV,5,MOV,3,MOVD,6,MOV,8,0,1,0,0,0,JMP,0,0,1,0,0,0,NOP,0,0,4228840,4238882,4228860,0,0,1,1,fortran,1.9199714397762495e-05,0.0,0,0,0
0x4086e6,JLE,32625790,23166375,-90,2,0x4086de,CMP,1,NonLeaf,r9(ADD) rsp(-1) ,rflags ,CMP,8,ADD,3,ADD,4,JNL,2,CMP,3,MOV,7,CMP,7,JNLE,6,MOV,5,MOV,5,0,0,0,1,1,JG,0,0,0,0,0,0,JG,1,0,4228823,4228748,4228840,0,0,0,0,fortran,6.622035823582914e-05,0.7100632659009942,1,1,1
0x4086d5,JNL,102111390,69485600,-21,2,0x4086d2,CMP,1,NonLeaf,r11(-1) rax(-1) ,rflags ,CMP,3,JZ,6,CMP,3,ADD,3,ADD,4,ADD,4,ADD,3,CMP,8,JLE,2,MOV,7,1,1,0,0,0,JE,0,0,0,0,0,0,JLE,1,0,4228818,4228800,4228823,1,0,0,0,fortran,0.0002072548381436,0.6804882393629154,1,1,1
0x4086cc,JZ,69485600,2836539,2972,6,0x4086c9,CMP,1,NonLeaf,r10d(-1) ecx(MOV) ,rflags ,CMP,3,ADD,3,ADD,4,MOV,2,NOP,10,CMP,3,JNL,2,ADD,4,ADD,3,CMP,8,0,0,0,0,0,JE,1,0,0,0,1,1,JGE,0,0,4228800,4231784,4228818,0,0,1,0,fortran,0.0001410344799078,0.0408219688683698,0,0,0
0x4086a2,JZ,37003200,1540871,3014,6,0x40869e,CMP,1,NonLeaf,r10d(-1) rax(MOV) rdx(LEA) ,rflags ,CMP,4,MOV,4,LEA,4,MOV,5,JNLE,2,LEA,4,MOV,8,JMP,2,NOP,10,MOV,2,0,0,0,0,0,JE,1,0,1,0,0,0,JMP,0,0,4228753,4231784,4228776,0,1,1,0,fortran,7.510515944202525e-05,0.0416415607298828,0,0,0
0x40868f,JNLE,37003200,0,72,2,0x40868c,CMP,1,NonLeaf,r14(-1) r11(MOV) ,rflags ,CMP,3,MOV,8,IMUL,4,LEA,4,SUB,8,MOV,5,LEA,4,MOV,4,CMP,4,JZ,6,1,1,0,0,0,JLE,0,0,1,0,0,0,JE,0,0,4228748,4228823,4228753,0,0,0,0,fortran,7.510515944202525e-05,0.0,0,0,0
0x40863d,JNLE,13836825,0,171,6,0x408630,CMP,1,NonLeaf,r13(MOV) rsp(-1) ,rflags ,MOV,5,CMP,8,NOP,9,MOV,8,MOV,8,MOV,5,LEA,8,MOV,3,MOV,4,MOV,3,1,1,0,0,0,JG,0,0,1,0,0,0,MOV,0,0,4228656,4228840,4228675,0,0,0,0,fortran,2.8084515603958604e-05,0.0,0,0,0
0x4084dd,JNZ,1684770,1123180,-165,6,0x4084da,CMP,1,NonLeaf,r9d(ADD) r14d(-1) ,rflags ,CMP,3,ADD,4,ADD,4,JNZ,2,CMP,3,JMP,5,MOV,3,MOV,12,MOV,6,MOV,12,0,0,0,1,1,JE,0,0,1,1,0,0,JMP,1,0,4228306,4228152,4228323,0,0,0,0,fortran,3.4195669421331366e-06,0.6666666666666666,1,1,1
0x4084d0,JNZ,61964,40254,-20,2,0x4084cd,CMP,1,NonLeaf,rsi(-1) rdx(ADD) ,rflags ,CMP,3,ADD,3,MOV,6,ADD,4,JNZ,2,ADD,4,ADD,4,CMP,3,JNZ,6,JMP,5,0,0,0,1,1,JNE,0,0,0,1,0,0,JNE,1,0,4228288,4228284,4228306,0,0,0,0,fortran,1.2576793627755578e-07,0.6496352720934736,1,1,1
0x4084be,JNZ,3369540,3307576,-14,2,0x4084bc,CMP,1,NonLeaf,ebx(-1) rax(-1) ,rflags ,CMP,2,JZ,2,CMP,3,ADD,3,ADD,4,ADD,4,MOV,6,ADD,3,CMP,3,JNZ,2,1,1,0,0,0,JE,0,0,1,0,0,0,JNE,0,0,4228284,4228272,4228288,1,1,0,1,fortran,6.839133884266273e-06,0.9816105462466688,1,0,1
0x4084ba,JZ,3307576,1101470,24,2,0x4084b7,CMP,1,NonLeaf,rsi(-1) rdx(ADD) ,rflags ,CMP,3,ADD,3,ADD,4,JMP,2,XOR,2,CMP,2,JNZ,2,ADD,4,MOV,6,ADD,3,0,0,1,0,0,JNE,1,0,0,0,1,1,JNE,0,0,4228272,4228306,4228284,0,0,0,0,fortran,6.713365947988717e-06,0.3330142678505347,0,0,0
0x4084a4,JNZ,3369540,2246360,-20,2,0x4084a1,CMP,1,NonLeaf,rcx(ADD) rsi(-1) ,rflags ,CMP,3,ADD,3,ADD,4,CMOVZ,4,LEA,4,ADD,6,XOR,2,JMP,2,ADD,4,ADD,3,1,1,1,1,1,JNE,0,0,1,1,0,0,JMP,0,0,4228240,4228240,4228262,1,0,0,1,fortran,6.839133884266273e-06,0.6666666666666666,1,1,1
0x40846b,JNLE,1123180,0,103,2,0x408468,CMP,1,NonLeaf,r10(-1) rbp(-1) ,rflags ,CMP,3,ADD,3,ADD,5,IMUL,6,IMUL,6,LEA,8,XOR,2,IMUL,4,ADD,3,MOV,5,0,0,1,0,0,JNE,0,0,1,0,0,0,NOP,0,0,4228166,4228306,4228205,0,0,0,0,fortran,2.2797112947554243e-06,0.0,0,0,0
0x408440,JZ,1684770,561590,146,6,0x408438,CMP,1,NonLeaf,r9d(-1) rsp(-1) ,rflags ,CMP,8,LEA,4,SUB,3,MOV,3,MOV,3,LEA,4,MOV,5,MOV,5,IMUL,6,IMUL,6,1,1,1,0,0,JNE,0,0,1,0,0,0,JG,0,0,4228152,4228306,4228166,1,0,0,0,fortran,3.4195669421331366e-06,0.3333333333333333,0,0,0
0x408400,JNLE,561590,0,-396,6,0x4083f9,CMP,1,NonLeaf,rsp(-1) eax(MOV) ,rflags ,CMP,7,MOV,7,JMP,5,MOVDQA,6,MOV,8,LEA,4,LEA,4,MOV,7,LEA,5,MOV,5,0,0,1,0,0,MOV,0,0,1,0,0,0,LEA,0,0,4228082,4227700,4228102,0,1,0,0,fortran,1.139855647377712e-06,0.0,0,0,0
0x40839a,JZ,1537425,170825,334,6,0x40838e,CMP,1,NonLeaf,rsp(-1) ,rflags ,MOV,3,CMP,9,JMP,5,MOVDQA,6,MOV,8,MOV,5,MOV,4,MOV,8,MOV,8,JMP,5,0,1,1,0,0,MOV,1,0,1,0,0,0,JMP,0,0,4227982,4228328,4228000,0,0,1,1,fortran,3.1205017337731783e-06,0.1111111111111111,0,0,0
0x40828d,JZ,13836825,1537425,257,6,0x408287,CMP,1,NonLeaf,rsp(-1) ,rflags ,CMP,6,ADD,6,MOV,4,MOV,4,MOV,5,MOV,5,MOV,4,JMP,5,NOP,7,TEST,3,0,1,1,0,0,JE,1,0,1,0,0,0,JMP,0,0,4227713,4227982,4227731,0,0,0,0,fortran,2.8084515603958604e-05,0.1111111111111111,0,0,0
0x40826e,JZ,9429518,561590,388,6,0x40826c,CMP,1,NonLeaf,ecx(SUB) edx(SUB) ,rflags ,CMP,2,SUB,2,IMUL,2,SAR,3,MOV,2,MOV,5,MOV,4,MOV,4,ADD,6,CMP,6,0,1,0,0,0,JG,0,0,0,1,0,0,MOV,0,0,4227656,4228082,4227700,0,0,0,0,fortran,1.913903264721557e-05,0.0595565966362225,0,0,0
0x408246,JZ,9431070,1552,46,2,0x40823d,CMP,1,NonLeaf,eax(SUB) esi(MOV) ,rflags ,MOV,7,CMP,2,SUB,3,MOV,5,MOV,7,SUB,3,MOV,5,MOV,2,SAR,3,IMUL,2,0,1,1,0,0,MOV,0,0,1,0,0,0,JE,0,0,4227622,4227700,4227656,0,1,0,0,fortran,1.914218273173404e-05,0.0001645624515563,0,0,0
0x408213,JZ,9431070,0,19,2,0x408210,TEST,1,NonLeaf,rdi(MOV) rdi(MOV) ,rflags ,TEST,3,MOVDQA,6,MOV,5,CALL_NEAR,5,MOVDQA,6,MOVDQA,6,CALL_NEAR,5,MOVDQA,6,MOV,8,MOV,7,0,1,1,0,0,JE,0,0,1,0,0,0,CALL,0,1,4227589,4227622,4227605,0,0,1,1,fortran,1.914218273173404e-05,0.0,0,0,0
0x4081e3,JNZ,84879630,75448560,-75,2,0x4081e0,CMP,1,NonLeaf,rax(ADD) r12(-1) ,rflags ,CMP,3,ADD,3,ADD,4,SETZ,4,CMP,3,MOV,5,LEA,8,LEA,8,MOVDQA,6,CALL_NEAR,5,1,1,1,1,1,JNE,0,0,0,1,0,0,CALL,0,1,4227480,4227480,4227557,1,0,1,1,fortran,0.0001722796445856,0.8888888888888888,1,1,1
0x4080d1,JS,9431070,0,749,6,0x4080c6,TEST,1,NonLeaf,rcx(LEA) rcx(LEA) ,rflags ,MOV,8,TEST,3,LEA,4,MOV,8,MOV,12,TEST,3,MOV,5,MOV,8,CMOVNZ,4,MOV,5,0,1,0,0,0,CALL,0,1,1,0,0,0,CALL,0,1,4226950,4228030,4227287,0,0,1,1,fortran,1.914218273173404e-05,0.0,0,0,0
0x407f79,JZ,9431070,0,13,2,0x407f76,TEST,1,NonLeaf,rdi(MOV) rdi(MOV) ,rflags ,TEST,3,MOVDQA,6,MOV,5,CALL_NEAR,5,MOV,5,CALL_NEAR,5,MOVDQA,6,MOV,5,MOV,8,LEA,8,0,1,1,0,0,JS,0,0,1,0,0,0,CALL,0,1,4226923,4226950,4226939,0,0,1,1,fortran,1.914218273173404e-05,0.0,0,0,0
0x407f3a,JNZ,84879630,75448560,-1546,6,0x407f35,CMP,1,NonLeaf,rsp(-1) rsi(MOV) ,rflags ,CMP,5,MOV,5,ADD,5,SUB,5,ADD,3,LEA,8,LEA,8,LEA,8,MOVDQA,6,MOV,3,0,0,0,1,1,JA,0,0,0,1,0,0,CALL,1,1,4226842,4225328,4226880,0,1,0,1,fortran,0.0001722796445856,0.8888888888888888,1,1,1
0x407afb,JZ,84879630,84879630,1055,6,0x407af8,CMP,1,NonLeaf,rcx(-1) rbp(-1) ,rflags ,CMP,3,SETZ,4,MOV,5,CMP,3,MOV,8,MOV,3,SUB,3,MOV,5,SHR,4,MOV,3,0,0,1,0,0,JNE,0,0,0,0,0,0,JE,0,0,4225784,4226842,4225793,0,0,1,1,fortran,0.0001722796445856,1.0,1,0,1
0x407a2f,JZ,84879630,84879630,2257,6,0x407a2b,CMP,1,NonLeaf,rcx(-1) ,rflags ,CMP,4,SETZ,4,CMP,3,MOV,8,JZ,6,MOV,8,CMP,3,SETZ,4,CMP,4,JZ,6,0,1,0,0,0,JMP,0,0,1,0,0,0,JE,0,0,4225564,4227840,4225589,0,0,0,1,fortran,0.0001722796445856,1.0,1,0,1
0x407a16,JZ,84879630,0,2292,6,0x407a12,CMP,1,NonLeaf,rcx(-1) ,rflags ,CMP,4,SETZ,4,CMP,3,MOV,8,JZ,6,MOV,8,CMP,3,SETZ,4,CMP,4,JZ,6,0,1,0,0,0,JMP,0,0,1,0,0,0,JE,0,0,4225539,4227850,4225564,0,0,0,1,fortran,0.0001722796445856,0.0,0,0,0
0x4079fd,JZ,84879630,0,2327,6,0x4079f9,CMP,1,NonLeaf,rcx(-1) ,rflags ,CMP,4,SETZ,4,CMP,3,MOV,8,JZ,6,MOV,8,CMP,3,SETZ,4,CMP,4,JZ,6,0,1,0,0,0,JMP,0,0,1,0,0,0,JE,0,0,4225514,4227860,4225539,0,0,0,1,fortran,0.0001722796445856,0.0,0,0,0
0x4079e4,JZ,84879630,0,2362,6,0x4079e0,CMP,1,NonLeaf,rcx(-1) ,rflags ,CMP,4,SETZ,4,CMP,3,MOV,8,JZ,6,MOV,8,CMP,3,SETZ,4,CMP,4,JZ,6,0,1,0,0,0,JMP,0,0,1,0,0,0,JE,0,0,4225489,4227870,4225514,0,0,0,1,fortran,0.0001722796445856,0.0,0,0,0
0x4079cb,JZ,84879630,0,2397,6,0x4079c7,CMP,1,NonLeaf,rcx(-1) ,rflags ,CMP,4,SETZ,4,CMP,3,MOV,8,JZ,6,MOV,8,CMP,3,SETZ,4,CMP,4,JZ,6,0,1,0,0,0,JMP,0,0,1,0,0,0,JE,0,0,4225464,4227880,4225489,0,0,0,1,fortran,0.0001722796445856,0.0,0,0,0
0x4079b2,JZ,84879630,0,2432,6,0x4079ae,CMP,1,NonLeaf,rcx(-1) ,rflags ,CMP,4,SETZ,4,CMP,3,MOV,8,JZ,6,MOV,8,CMP,3,SETZ,4,CMP,4,JZ,6,0,1,0,0,0,JMP,0,0,1,0,0,0,JE,0,0,4225439,4227890,4225464,0,0,0,1,fortran,0.0001722796445856,0.0,0,0,0
0x407999,JZ,84879630,0,2467,6,0x407995,CMP,1,NonLeaf,rcx(-1) ,rflags ,CMP,4,SETZ,4,CMP,3,MOV,8,JZ,6,MOV,8,CMP,3,SETZ,4,CMP,4,JZ,6,0,1,0,0,0,JMP,0,0,1,0,0,0,JE,0,0,4225414,4227900,4225439,0,0,0,1,fortran,0.0001722796445856,0.0,0,0,0
0x407980,JZ,84879630,0,2502,6,0x40797c,CMP,1,NonLeaf,rcx(-1) ,rflags ,CMP,4,SETZ,4,CMP,3,MOV,8,JZ,6,MOV,8,CMP,3,SETZ,4,CMP,4,JZ,6,0,1,0,0,0,JMP,0,0,1,0,0,0,JE,0,0,4225389,4227910,4225414,0,0,0,1,fortran,0.0001722796445856,0.0,0,0,0
0x407967,JZ,84879630,0,2537,6,0x407963,CMP,1,NonLeaf,rcx(-1) ,rflags ,CMP,4,SETZ,3,CMP,3,MOV,8,JNBE,6,MOV,8,CMP,3,SETZ,4,CMP,4,JZ,6,0,1,0,0,0,JMP,0,0,1,0,0,0,JE,0,0,4225365,4227920,4225389,0,0,0,1,fortran,0.0001722796445856,0.0,0,0,0
0x40794f,JNBE,84879630,0,2393,6,0x40794b,CMP,1,NonLeaf,rbp(-1) ,rflags ,CMP,4,CMOVNBE,4,CMP,3,AND,3,MOV,5,MOV,8,CMP,3,SETZ,3,CMP,4,JZ,6,1,1,0,0,0,JNE,0,0,1,0,0,0,JE,0,0,4225328,4227752,4225365,0,0,0,1,fortran,0.0001722796445856,0.0,0,0,0
0x407656,JS,9431070,0,3332,6,0x40764b,TEST,1,NonLeaf,rax(SUB) rax(SUB) ,rflags ,MOV,8,TEST,3,SUB,4,MOV,3,MOV,8,MOV,3,MOV,5,MOV,5,IMUL,4,MOV,8,0,1,0,0,0,CALL,0,1,1,0,0,0,CALL,0,1,4224316,4227930,4224604,0,0,1,1,fortran,1.914218273173404e-05,0.0,0,0,0
0x407536,JZ,9459415,28345,3403,6,0x407534,TEST,1,NonLeaf,eax(-1) eax(-1) ,rflags ,TEST,2,JNZ,2,CMP,3,ADD,3,ADD,4,LEA,8,LEA,4,MOV,12,IMUL,9,MOV,8,0,0,1,0,0,JE,0,0,1,0,0,0,JS,0,0,4224308,4227713,4224316,0,0,1,1,fortran,1.9199714397762495e-05,0.0029964855120533,0,0,0
0x407532,JNZ,85134735,75675320,-18,2,0x40752f,CMP,1,NonLeaf,rdx(ADD) rbp(-1) ,rflags ,CMP,3,ADD,3,ADD,4,CMOVZ,3,LEA,3,TEST,2,JZ,6,LEA,8,LEA,4,MOV,12,1,1,1,1,1,JNE,0,0,1,1,0,0,JE,0,0,4224288,4224288,4224308,1,0,0,0,fortran,0.0001727974295798,0.8888888888888888,1,1,1
0x4074fe,JLE,9459415,0,3459,6,0x4074fb,TEST,1,NonLeaf,rbp(MOV) rbp(MOV) ,rflags ,TEST,3,ADD,3,MOV,3,LEA,4,IMUL,4,MOV,4,ADD,3,LEA,8,XOR,2,LEA,5,0,0,1,0,0,JE,0,0,1,0,0,0,NOP,0,0,4224190,4227713,4224260,0,0,1,0,fortran,1.9199714397762495e-05,0.0,0,0,0
0x4074bc,JLE,101784003,92324588,-20,2,0x4074b9,CMP,1,NonLeaf,rax(-1) rsi(-1) ,rflags ,CMP,3,JZ,6,CMP,2,ADD,3,ADD,4,MOV,5,MOV,8,MOV,5,MOV,4,MOV,4,1,1,0,0,0,JE,0,0,0,0,0,0,JLE,1,0,4224185,4224168,4224190,1,0,0,1,fortran,0.0002065903428342,0.9070638339897086,1,1,1
0x4074b3,JZ,92324588,3758628,3534,6,0x4074b1,CMP,1,NonLeaf,ebx(-1) ecx(MOV) ,rflags ,CMP,2,ADD,3,ADD,4,MOV,2,NOP,3,CMP,3,JLE,2,MOV,5,MOV,8,MOV,5,0,0,1,0,0,JE,1,0,0,0,1,1,JLE,0,0,4224168,4227713,4224185,0,0,1,0,fortran,0.0001873906284364,0.0407110183908971,0,0,0
0x407489,JZ,13836825,618782,3576,6,0x407486,CMP,1,NonLeaf,edi(-1) rax(MOV) rdx(ADD) ,rflags ,CMP,3,ADD,3,MOV,4,JLE,2,TEST,3,ADD,3,LEA,8,LEA,4,MOV,5,JMP,2,0,0,1,0,0,JE,0,0,1,0,0,0,JMP,0,0,4224127,4227713,4224143,0,1,1,0,fortran,2.8084515603958604e-05,0.0447199411714753,0,0,0
0x40747d,JLE,13836825,0,65,2,0x40747a,TEST,1,NonLeaf,rsi(MOV) rsi(MOV) ,rflags ,TEST,3,ADD,3,MOV,2,IMUL,9,MOV,5,MOV,4,ADD,3,CMP,3,JZ,6,ADD,3,1,1,0,0,0,JLE,0,0,1,0,0,0,JE,0,0,4224096,4224190,4224127,0,0,1,0,fortran,2.8084515603958604e-05,0.0,0,0,0
0x4073dd,JNZ,1181994,787996,-162,6,0x4073da,CMP,1,NonLeaf,r9d(ADD) r14d(-1) ,rflags ,CMP,3,ADD,4,ADD,4,JNZ,2,CMP,3,JMP,5,MOV,12,MOV,8,MOV,3,MOVDQA,8,0,0,0,1,1,JE,0,0,1,1,0,0,JMP,1,0,4223954,4223803,4223971,0,0,0,0,fortran,2.399085696088911e-06,0.6666666666666666,1,1,1
0x4073d0,JNZ,54636,35166,-20,2,0x4073cd,CMP,1,NonLeaf,rdx(ADD) rsi(-1) ,rflags ,CMP,3,ADD,3,MOV,6,ADD,4,JNZ,2,ADD,4,ADD,4,CMP,3,JNZ,6,JMP,5,0,0,0,1,1,JNE,0,0,0,1,0,0,JNE,1,0,4223936,4223932,4223954,0,0,0,0,fortran,1.1089434133465461e-07,0.643641555018669,1,1,1
0x4073be,JNZ,2363988,2309352,-14,2,0x4073bc,CMP,1,NonLeaf,ebx(-1) rax(-1) ,rflags ,CMP,2,JZ,2,CMP,3,ADD,3,ADD,4,ADD,4,MOV,6,ADD,3,CMP,3,JNZ,2,1,1,0,0,0,JE,0,0,1,0,0,0,JNE,0,0,4223932,4223920,4223936,1,1,0,1,fortran,4.798171392177822e-06,0.976888207554353,1,0,1
0x4073ba,JZ,2309352,768526,24,2,0x4073b7,CMP,1,NonLeaf,rdx(ADD) rsi(-1) ,rflags ,CMP,3,ADD,3,ADD,4,JMP,2,XOR,2,CMP,2,JNZ,2,ADD,4,MOV,6,ADD,3,0,0,1,0,0,JNE,1,0,0,0,1,1,JNE,0,0,4223920,4223954,4223932,0,0,0,0,fortran,4.687277050843168e-06,0.3327885917781265,0,0,0
0x4073a4,JNZ,2363988,1575992,-20,2,0x4073a1,CMP,1,NonLeaf,rcx(ADD) rsi(-1) ,rflags ,CMP,3,ADD,3,ADD,4,CMOVZ,4,LEA,4,ADD,6,XOR,2,JMP,2,ADD,4,ADD,3,1,1,1,1,1,JNE,0,0,1,1,0,0,JMP,0,0,4223888,4223888,4223910,1,0,0,1,fortran,4.798171392177822e-06,0.6666666666666666,1,1,1
0x40736a,JNLE,787996,0,104,2,0x407367,CMP,1,NonLeaf,r10(-1) rbp(-1) ,rflags ,CMP,3,ADD,3,ADD,4,IMUL,5,IMUL,5,LEA,8,XOR,2,IMUL,4,ADD,3,MOV,4,0,0,1,0,0,JNE,0,0,1,0,0,0,NOP,0,0,4223817,4223954,4223852,0,0,0,0,fortran,1.599390464059274e-06,0.0,0,0,0
0x407343,JZ,1181994,393998,143,6,0x40733b,CMP,1,NonLeaf,r9d(-1) rsp(-1) ,rflags ,CMP,8,LEA,4,SUB,3,MOV,3,MOV,3,LEA,4,MOV,5,MOV,4,IMUL,5,IMUL,5,1,1,1,0,0,JNE,0,0,1,0,0,0,JG,0,0,4223803,4223954,4223817,1,0,0,0,fortran,2.399085696088911e-06,0.3333333333333333,0,0,0
0x407308,JNLE,393998,0,-380,6,0x407301,CMP,1,NonLeaf,rsp(-1) eax(MOV) ,rflags ,CMP,7,MOV,7,JMP,5,MOVDQA,6,MOV,8,LEA,4,LEA,4,MOV,7,LEA,5,XOR,3,0,0,1,0,0,MOV,0,0,1,0,0,0,LEA,0,0,4223738,4223372,4223758,0,1,1,0,fortran,7.99695232029637e-07,0.0,0,0,0
0x4071c3,JZ,1537425,170825,549,6,0x4071bf,CMP,1,NonLeaf,rax(MOV) ,rflags ,CMP,4,MOV,5,MOV,3,MOV,8,JNZ,6,MOV,8,JMP,5,NOP,10,TEST,3,JNZ,6,0,1,1,0,0,MOVDQA,1,0,1,0,0,0,JMP,0,0,4223407,4223976,4223433,0,0,1,1,fortran,3.1205017337731783e-06,0.1111111111111111,0,0,0
0x4071a9,JNZ,13836825,12299400,-3657,6,0x4071a3,CMP,1,NonLeaf,rsp(-1) ,rflags ,CMP,6,ADD,6,MOV,5,MOV,4,MOV,4,MOV,8,MOV,3,MOV,5,CMP,4,JZ,6,0,0,0,1,1,JLE,0,0,1,1,0,0,JE,1,0,4223389,4219744,4223407,0,0,0,0,fortran,2.8084515603958604e-05,0.8888888888888888,1,1,1
0x407186,JZ,9430642,393998,372,6,0x407184,CMP,1,NonLeaf,ecx(SUB) edx(SUB) ,rflags ,CMP,2,SUB,2,IMUL,2,SAR,3,MOV,2,MOV,4,MOV,4,MOV,4,MOV,5,ADD,6,0,1,0,0,0,JG,0,0,0,1,0,0,MOV,0,0,4223328,4223738,4223372,0,0,0,1,fortran,1.91413140228591e-05,0.0417784918566519,0,0,0
0x40715e,JZ,9430820,178,46,2,0x407155,CMP,1,NonLeaf,eax(SUB) esi(MOV) ,rflags ,MOV,7,CMP,2,SUB,3,MOV,5,MOV,7,SUB,3,MOV,5,MOV,2,SAR,3,IMUL,2,0,1,1,0,0,MOV,0,0,1,0,0,0,JE,0,0,4223294,4223372,4223328,0,1,1,0,fortran,1.914167530832578e-05,1.887428664739652e-05,0,0,0
0x40712b,JZ,9430820,0,19,2,0x407128,TEST,1,NonLeaf,rdi(MOV) rdi(MOV) ,rflags ,TEST,3,MOVDQA,6,MOV,5,CALL_NEAR,5,MOVDQA,6,MOVDQA,6,CALL_NEAR,5,MOVDQA,6,MOV,8,MOV,7,0,1,1,0,0,JE,0,0,1,0,0,0,CALL,0,1,4223261,4223294,4223277,0,0,1,1,fortran,1.914167530832578e-05,0.0,0,0,0
0x4070fb,JNZ,84877380,75446560,-75,2,0x4070f8,CMP,1,NonLeaf,rax(ADD) r12(-1) ,rflags ,CMP,3,ADD,3,ADD,4,SETZ,4,CMP,3,MOV,5,LEA,8,LEA,8,MOVDQA,6,CALL_NEAR,5,1,1,1,1,1,JNE,0,0,0,1,0,0,CALL,0,1,4223152,4223152,4223229,1,0,1,1,fortran,0.0001722750777749,0.8888888888888888,1,1,1
0x406fe7,JS,9430820,0,735,6,0x406fdc,TEST,1,NonLeaf,rcx(LEA) rcx(LEA) ,rflags ,MOV,8,TEST,3,MOV,12,MOV,12,LEA,4,TEST,3,MOV,5,MOV,5,CMOVNZ,4,MOV,8,0,1,0,0,0,CALL,0,1,1,0,0,0,CALL,0,1,4222614,4223686,4222957,0,0,1,1,fortran,1.914167530832578e-05,0.0,0,0,0
0x406e89,JZ,9430820,0,13,2,0x406e86,TEST,1,NonLeaf,rdi(MOV) rdi(MOV) ,rflags ,TEST,3,MOVDQA,6,MOV,5,CALL_NEAR,5,MOV,5,CALL_NEAR,5,MOVDQA,6,MOV,4,MOV,4,LEA,8,0,1,1,0,0,JS,0,0,1,0,0,0,CALL,0,1,4222587,4222614,4222603,0,0,1,1,fortran,1.914167530832578e-05,0.0,0,0,0
0x406e42,JNZ,84877380,75446560,-1546,6,0x406e3d,CMP,1,NonLeaf,rsp(-1) rsi(MOV) ,rflags ,CMP,5,MOV,5,ADD,5,SUB,5,ADD,3,MOV,8,LEA,8,LEA,8,LEA,8,MOVDQA,6,0,0,0,1,1,JA,0,0,1,1,0,0,MOV,1,0,4222498,4220984,4222536,0,0,0,0,fortran,0.0001722750777749,0.8888888888888888,1,1,1
0x406a03,JZ,84877380,84877380,1055,6,0x406a00,CMP,1,NonLeaf,rcx(-1) rbp(-1) ,rflags ,CMP,3,SETZ,4,MOV,5,CMP,3,MOV,8,MOV,3,SUB,3,MOV,5,SHR,4,MOV,3,0,0,1,0,0,JNE,0,0,0,0,0,0,JE,0,0,4221440,4222498,4221449,0,0,1,1,fortran,0.0001722750777749,1.0,1,0,1
0x406937,JZ,84877380,84877380,2305,6,0x406933,CMP,1,NonLeaf,rcx(-1) ,rflags ,CMP,4,SETZ,4,CMP,3,MOV,8,JZ,6,MOV,8,CMP,3,SETZ,4,CMP,4,JZ,6,0,1,0,0,0,JMP,0,0,1,0,0,0,JE,0,0,4221220,4223544,4221245,0,0,0,1,fortran,0.0001722750777749,1.0,1,0,1
0x40691e,JZ,84877380,0,2340,6,0x40691a,CMP,1,NonLeaf,rcx(-1) ,rflags ,CMP,4,SETZ,4,CMP,3,MOV,8,JZ,6,MOV,8,CMP,3,SETZ,4,CMP,4,JZ,6,0,1,0,0,0,JMP,0,0,1,0,0,0,JE,0,0,4221195,4223554,4221220,0,0,0,1,fortran,0.0001722750777749,0.0,0,0,0
0x406905,JZ,84877380,0,2375,6,0x406901,CMP,1,NonLeaf,rcx(-1) ,rflags ,CMP,4,SETZ,4,CMP,3,MOV,8,JZ,6,MOV,8,CMP,3,SETZ,4,CMP,4,JZ,6,0,1,0,0,0,JMP,0,0,1,0,0,0,JE,0,0,4221170,4223564,4221195,0,0,0,1,fortran,0.0001722750777749,0.0,0,0,0
0x4068ec,JZ,84877380,0,2410,6,0x4068e8,CMP,1,NonLeaf,rcx(-1) ,rflags ,CMP,4,SETZ,4,CMP,3,MOV,8,JZ,6,MOV,8,CMP,3,SETZ,4,CMP,4,JZ,6,0,1,0,0,0,JMP,0,0,1,0,0,0,JE,0,0,4221145,4223574,4221170,0,0,0,1,fortran,0.0001722750777749,0.0,0,0,0
0x4068d3,JZ,84877380,0,2445,6,0x4068cf,CMP,1,NonLeaf,rcx(-1) ,rflags ,CMP,4,SETZ,4,CMP,3,MOV,8,JZ,6,MOV,8,CMP,3,SETZ,4,CMP,4,JZ,6,0,1,0,0,0,JMP,0,0,1,0,0,0,JE,0,0,4221120,4223584,4221145,0,0,0,1,fortran,0.0001722750777749,0.0,0,0,0
0x4068ba,JZ,84877380,0,2480,6,0x4068b6,CMP,1,NonLeaf,rcx(-1) ,rflags ,CMP,4,SETZ,4,CMP,3,MOV,8,JZ,6,MOV,8,CMP,3,SETZ,4,CMP,4,JZ,6,0,1,0,0,0,JMP,0,0,1,0,0,0,JE,0,0,4221095,4223594,4221120,0,0,0,1,fortran,0.0001722750777749,0.0,0,0,0
0x4068a1,JZ,84877380,0,2515,6,0x40689d,CMP,1,NonLeaf,rcx(-1) ,rflags ,CMP,4,SETZ,4,CMP,3,MOV,8,JZ,6,MOV,8,CMP,3,SETZ,4,CMP,4,JZ,6,0,1,0,0,0,JMP,0,0,1,0,0,0,JE,0,0,4221070,4223604,4221095,0,0,0,1,fortran,0.0001722750777749,0.0,0,0,0
0x406888,JZ,84877380,0,2550,6,0x406884,CMP,1,NonLeaf,rcx(-1) ,rflags ,CMP,4,SETZ,4,CMP,3,MOV,8,JZ,6,MOV,8,CMP,3,SETZ,4,CMP,4,JZ,6,0,1,0,0,0,JMP,0,0,1,0,0,0,JE,0,0,4221045,4223614,4221070,0,0,0,1,fortran,0.0001722750777749,0.0,0,0,0
0x40686f,JZ,84877380,0,2585,6,0x40686b,CMP,1,NonLeaf,rcx(-1) ,rflags ,CMP,4,SETZ,3,CMP,3,MOV,8,JNBE,6,MOV,8,CMP,3,SETZ,4,CMP,4,JZ,6,0,1,0,0,0,JMP,0,0,1,0,0,0,JE,0,0,4221021,4223624,4221045,0,0,0,1,fortran,0.0001722750777749,0.0,0,0,0
0x406857,JNBE,84877380,0,2441,6,0x406853,CMP,1,NonLeaf,rbp(-1) ,rflags ,CMP,4,CMOVNBE,4,CMP,3,AND,3,MOV,5,MOV,8,CMP,3,SETZ,3,CMP,4,JZ,6,1,1,0,0,0,JNE,0,0,1,0,0,0,JE,0,0,4220984,4223456,4221021,0,0,0,1,fortran,0.0001722750777749,0.0,0,0,0
0x406559,JS,9430820,0,3385,6,0x406542,TEST,1,NonLeaf,rax(SUB) rax(SUB) ,rflags ,MOV,8,MOV,12,TEST,3,MOV,8,MOV,8,MOV,3,MOV,5,MOV,5,IMUL,4,MOV,5,0,1,0,0,0,CALL,0,1,1,0,0,0,CALL,0,1,4219972,4223634,4220255,0,0,1,1,fortran,1.914167530832578e-05,0.0,0,0,0
0x40643e,JZ,9459415,28595,3423,6,0x40643c,TEST,1,NonLeaf,eax(-1) eax(-1) ,rflags ,TEST,2,JNZ,2,CMP,3,ADD,3,ADD,4,LEA,8,LEA,4,MOV,12,IMUL,9,MOV,8,0,0,1,0,0,JNE,0,0,1,0,0,0,JS,0,0,4219964,4223389,4219972,0,0,1,1,fortran,1.9199714397762495e-05,0.0030229142076967,0,0,0
0x40643a,JNZ,85134735,75675320,-18,2,0x406437,CMP,1,NonLeaf,rdx(ADD) rbp(-1) ,rflags ,CMP,3,ADD,3,ADD,4,CMOVZ,3,LEA,3,TEST,2,JZ,6,LEA,8,LEA,4,MOV,12,1,1,1,1,1,JNE,0,0,1,1,0,0,JE,0,0,4219944,4219944,4219964,1,0,0,0,fortran,0.0001727974295798,0.8888888888888888,1,1,1
0x406406,JLE,9459415,0,3479,6,0x406403,TEST,1,NonLeaf,rbp(MOV) rbp(MOV) ,rflags ,TEST,3,ADD,3,MOV,3,MOV,5,IMUL,4,MOV,4,ADD,3,LEA,8,XOR,2,LEA,5,0,0,1,0,0,JNE,0,0,1,0,0,0,NOP,0,0,4219846,4223389,4219916,0,0,1,0,fortran,1.9199714397762495e-05,0.0,0,0,0
0x4063c4,JNL,102110542,92651127,-20,2,0x4063c1,CMP,1,NonLeaf,rsi(-1) rax(-1) ,rflags ,CMP,3,JZ,6,CMP,2,ADD,3,ADD,4,MOV,4,MOV,8,MOV,4,MOV,5,MOV,4,1,1,0,0,0,JE,0,0,0,0,0,0,JLE,1,0,4219841,4219824,4219846,1,0,0,1,fortran,0.0002072531169634,0.9073610342798886,1,1,1
0x4063bb,JZ,92651127,3761251,3554,6,0x4063b9,CMP,1,NonLeaf,ebx(-1) ecx(MOV) ,rflags ,CMP,2,ADD,3,ADD,4,MOV,2,NOP,9,CMP,3,JNL,2,MOV,4,MOV,8,MOV,4,0,0,1,0,0,JNE,1,0,0,0,1,1,JGE,0,0,4219824,4223389,4219841,0,0,1,0,fortran,0.0001880534025656,0.0405958472582853,0,0,0
0x40638b,JZ,13836825,616159,3602,6,0x406388,CMP,1,NonLeaf,edi(-1) rax(MOV) rdx(ADD) ,rflags ,CMP,3,ADD,3,MOV,4,JLE,2,TEST,3,ADD,3,LEA,8,LEA,4,MOV,5,JMP,2,0,0,1,0,0,JNE,0,0,1,0,0,0,JMP,0,0,4219777,4223389,4219793,0,1,1,0,fortran,2.8084515603958604e-05,0.0445303745620834,0,0,0
0x40637f,JLE,13836825,0,71,2,0x40637c,TEST,1,NonLeaf,rsi(MOV) rsi(MOV) ,rflags ,TEST,3,ADD,3,MOV,2,MOV,5,IMUL,6,MOV,4,ADD,3,CMP,3,JZ,6,ADD,3,1,1,0,0,0,JLE,0,0,1,0,0,0,JE,0,0,4219744,4219846,4219777,0,0,1,0,fortran,2.8084515603958604e-05,0.0,0,0,0
0x4062ac,JNZ,2098851,1399234,-60,2,0x4062a9,CMP,1,Leaf,r8(ADD) r12(-1) ,rflags ,CMP,3,ADD,3,ADD,4,JNZ,2,CMP,3,POP,1,POP,1,POP,2,POP,2,POP,2,0,0,0,1,1,JMP,0,0,0,1,0,0,RET,1,0,4219554,4219504,4219566,0,0,0,0,fortran,4.260024511395072e-06,0.6666666666666666,1,1,1
0x4062a0,JNZ,148166,96095,-20,2,0x40629d,CMP,1,Leaf,rdx(ADD) rsi(-1) ,rflags ,CMP,3,ADD,3,MOV,6,ADD,4,JNZ,2,ADD,4,ADD,3,CMP,3,JNZ,2,POP,1,0,0,0,1,1,JNE,0,0,0,1,0,0,JNE,1,0,4219536,4219532,4219554,0,0,0,0,fortran,3.007315868326824e-07,0.6485630981466733,1,1,1
0x40628e,JNZ,6296553,6148387,-14,2,0x40628c,CMP,1,Leaf,rax(-1) ecx(-1) ,rflags ,CMP,2,JZ,2,CMP,3,ADD,3,ADD,4,ADD,4,MOV,6,ADD,3,CMP,3,JNZ,2,1,1,0,0,0,JE,0,0,1,0,0,0,JNE,0,0,4219532,4219520,4219536,1,1,0,1,fortran,1.2780073534185215e-05,0.9764687123256168,1,0,1
0x40628a,JZ,6148387,2046780,24,2,0x406287,CMP,1,Leaf,rdx(ADD) rsi(-1) ,rflags ,CMP,3,ADD,3,ADD,4,NOP,8,JMP,2,CMP,2,JNZ,2,ADD,4,MOV,6,ADD,3,0,0,1,0,0,JNE,1,0,0,0,1,1,JNE,0,0,4219520,4219554,4219532,0,0,0,0,fortran,1.2479341947352534e-05,0.3328970671494816,0,0,0
0x406235,JNLE,699617,0,121,2,0x406232,CMP,1,Leaf,rax(CDQE) r12(MOVSXD) ,rflags ,CMP,3,CDQE,2,MOVSXD,3,ADD,3,LEA,3,MOV,3,MOVSXD,3,MOV,4,IMUL,4,ADD,4,0,1,1,0,0,RET,0,0,1,0,0,0,NOP,0,0,4219373,4219566,4219447,0,1,0,0,fortran,1.420008170465024e-06,0.0,0,0,0
0x4061e0,JNZ,810120,697637,-20,2,0x4061dd,CMP,1,Leaf,rdx(ADD) rsi(-1) ,rflags ,CMP,3,ADD,3,MOV,6,ADD,4,JNZ,2,MOV,4,MOVSXD,3,IMUL,4,SUB,4,MOV,6,0,0,0,1,1,JNE,0,0,0,1,0,0,IMUL,1,0,4219344,4219340,4219362,0,0,0,0,fortran,1.644295405996603e-06,0.8611526687404335,1,1,1
0x4061ce,JNZ,6296553,5486433,-14,2,0x4061cc,CMP,1,Leaf,rax(-1) ecx(-1) ,rflags ,CMP,2,JZ,2,CMP,3,ADD,3,ADD,4,ADD,4,MOV,6,ADD,3,CMP,3,JNZ,2,1,1,0,0,0,JE,0,0,1,0,0,0,JNE,0,0,4219340,4219328,4219344,1,1,0,1,fortran,1.2780073534185215e-05,0.8713391279323782,1,0,1
0x4061ca,JZ,5486433,587134,24,2,0x4061c7,CMP,1,Leaf,rdx(ADD) rsi(-1) ,rflags ,CMP,3,ADD,3,ADD,4,NOP,4,JMP,2,CMP,2,JNZ,2,ADD,4,MOV,6,ADD,3,0,0,1,0,0,IMUL,1,0,0,0,1,1,JNE,0,0,4219328,4219362,4219340,0,0,0,0,fortran,1.1135778128188614e-05,0.1070156146990221,0,0,0
0x4061a3,JLE,699617,0,74,2,0x4061a0,TEST,1,Leaf,rsi(MOV) rsi(MOV) ,rflags ,TEST,3,ADD,3,LEA,4,MOV,4,IMUL,4,MOV,4,ADD,3,LEA,8,XOR,2,LEA,4,0,1,1,0,0,JG,0,0,1,0,0,0,JMP,0,0,4219285,4219373,4219301,0,0,0,0,fortran,1.420008170465024e-06,0.0,0,0,0
0x406188,JNZ,571676,508257,-20,2,0x406185,CMP,1,Leaf,rdx(ADD) rsi(-1) ,rflags ,CMP,3,ADD,3,MOV,6,ADD,4,JNZ,2,MOV,4,MOVSXD,3,IMUL,4,MOV,4,LEA,4,0,0,0,1,1,JNE,0,0,0,1,0,0,IMUL,1,0,4219256,4219252,4219274,0,0,0,0,fortran,1.1603271373605315e-06,0.8890647849481175,1,1,1
0x406176,JNZ,6296553,5724877,-14,2,0x406174,CMP,1,Leaf,ecx(-1) rax(-1) ,rflags ,CMP,2,JZ,2,CMP,3,ADD,3,ADD,4,ADD,4,MOV,6,ADD,3,CMP,3,JNZ,2,1,1,0,0,0,JE,0,0,1,0,0,0,JNE,0,0,4219252,4219240,4219256,1,1,0,1,fortran,1.2780073534185215e-05,0.9092081016391032,1,0,1
0x406172,JZ,5724877,636198,24,2,0x40616f,CMP,1,Leaf,rdx(ADD) rsi(-1) ,rflags ,CMP,3,ADD,3,ADD,4,NOP,5,JMP,2,CMP,2,JNZ,2,ADD,4,MOV,6,ADD,3,0,0,1,0,0,IMUL,1,0,0,0,1,1,JNE,0,0,4219240,4219274,4219252,0,0,0,0,fortran,1.1619746396824684e-05,0.111128675777663,0,0,0
0x40614a,JLE,699617,0,75,2,0x406143,TEST,1,Leaf,rsi(MOV) rsi(MOV) ,rflags ,LEA,4,TEST,3,IMUL,4,MOVSXD,3,MOV,4,MOV,4,ADD,3,LEA,8,XOR,2,LEA,4,0,1,1,0,0,JLE,0,0,1,0,0,0,JMP,0,0,4219154,4219285,4219212,0,0,0,0,fortran,1.420008170465024e-06,0.0,0,0,0
0x406110,JNZ,6296553,5596936,-16,2,0x40610d,CMP,1,Leaf,rax(ADD) rdx(-1) ,rflags ,CMP,3,ADD,3,MOV,6,ADD,4,NOP,5,IMUL,5,IMUL,5,MOV,3,MOV,4,ADD,4,1,1,1,1,1,JNE,0,0,0,1,0,0,JLE,1,0,4219136,4219136,4219154,1,0,1,1,fortran,1.2780073534185215e-05,0.8888888888888888,1,1,1
0x4060e4,JLE,699617,0,46,2,0x4060dd,TEST,1,Leaf,rdx(MOV) rdx(MOV) ,rflags ,LEA,4,TEST,3,ADD,3,IMUL,4,MOV,3,MOV,4,ADD,3,LEA,8,LEA,4,XOR,2,0,1,1,0,0,JLE,1,0,1,0,0,0,NOP,0,0,4219040,4219154,4219110,0,0,1,0,fortran,1.420008170465024e-06,0.0,0,0,0
0x405ffc,JNZ,22905,20360,-28,2,0x405ff7,CMP,1,Leaf,rsp(-1) rsi(-1) ,rflags ,CMP,5,ADD,3,ADD,6,MOV,8,JNZ,2,MOV,4,MOV,8,ADD,5,ADD,5,MOV,5,0,0,0,1,1,JNE,0,0,1,1,0,0,MOV,1,0,4218862,4218848,4218878,0,0,0,1,fortran,4.649013266473138e-08,0.8888888888888888,1,1,1
0x405fe4,JNZ,22905,14362,10,2,0x405fe0,CMP,1,Leaf,r13(-1) ebx(-1) ,rflags ,CMP,4,MOV,8,MOV,7,MOV,9,MOV,4,MOV,8,ADD,6,ADD,3,CMP,5,JNZ,2,1,1,1,0,0,JNE,0,0,1,0,0,0,MOV,0,0,4218848,4218862,4218854,1,0,1,1,fortran,4.649013266473138e-08,0.6270246671032526,1,0,1
0x405fae,JNZ,22905,20360,-31,2,0x405fa9,CMP,1,Leaf,rsp(-1) rsi(-1) ,rflags ,CMP,5,ADD,5,ADD,6,CMOVZ,4,CMP,2,ADD,5,MOV,8,MOV,7,MOV,4,MOV,9,1,1,1,1,1,JNE,0,0,1,1,0,0,MOV,0,0,4218767,4218767,4218800,0,0,1,1,fortran,4.649013266473138e-08,0.8888888888888888,1,1,1
0x405f56,JLE,2545,0,172,6,0x405f48,TEST,1,Leaf,rsi(-1) rsi(-1) ,rflags ,MOV,3,MOV,8,TEST,3,ADD,3,IMUL,6,ADD,3,MOV,9,MOV,8,LEA,4,MOV,7,0,1,1,0,0,JMP,0,0,1,0,0,0,MOV,0,0,4218675,4218882,4218716,0,0,1,1,fortran,5.165570296081265e-09,0.0,0,0,0
0x405f31,JNZ,22905,20360,-23,2,0x405f2c,CMP,1,Leaf,r15(-1) rsp(-1) ,rflags ,CMP,5,ADD,3,ADD,6,CMOVL,5,CMP,4,MOVSXD,3,MOV,4,MOV,5,IMUL,6,ADD,3,1,1,1,1,1,JNE,0,0,1,1,0,0,JLE,0,0,4218650,4218650,4218675,0,0,1,1,fortran,4.649013266473138e-08,0.8888888888888888,1,1,1
0x405efb,JNZ,22905,20360,-21,2,0x405ef8,CMP,1,Leaf,r13(ADD) rsi(-1) ,rflags ,CMP,3,ADD,3,ADD,4,MOV,6,JNZ,2,MOV,6,MOV,5,MOV,9,MOV,4,MOV,5,0,0,0,1,1,JNE,0,0,0,1,0,0,MOV,1,0,4218609,4218598,4218621,0,0,0,1,fortran,4.649013266473138e-08,0.8888888888888888,1,1,1
0x405ee9,JNZ,22905,14420,8,2,0x405ee6,CMP,1,Leaf,rbx(-1) r9d(-1) ,rflags ,CMP,3,XOR,3,ADD,7,MOV,5,MOV,5,MOV,6,ADD,4,ADD,3,CMP,3,JNZ,2,1,1,1,0,0,JNE,0,0,1,0,0,0,MOV,0,0,4218598,4218609,4218603,1,0,0,1,fortran,4.649013266473138e-08,0.6295568653132504,1,0,1
0x405ed0,JNZ,22905,20360,-25,2,0x405ecb,CMP,1,Leaf,rsp(-1) rsi(-1) ,rflags ,CMP,5,ADD,3,ADD,6,CMOVZ,4,LEA,4,MOV,5,MOV,5,ADD,7,XOR,3,CMP,3,1,1,1,1,1,JNE,0,0,1,1,0,0,XOR,0,0,4218551,4218551,4218578,0,0,1,1,fortran,4.649013266473138e-08,0.8888888888888888,1,1,1
0x405e98,JLE,2545,0,101,2,0x405e8a,TEST,1,Leaf,rsi(-1) rsi(-1) ,rflags ,MOV,3,MOV,8,TEST,3,ADD,3,IMUL,6,ADD,3,MOV,9,XOR,3,LEA,4,MOV,5,0,1,1,0,0,MOV,0,0,1,0,0,0,MOV,0,0,4218489,4218621,4218522,0,0,1,1,fortran,5.165570296081265e-09,0.0,0,0,0
0x405e77,JNZ,22905,20360,-19,2,0x405e74,CMP,1,Leaf,r15(-1) rbx(ADD) ,rflags ,CMP,3,ADD,3,ADD,4,CMOVL,5,CMP,4,MOVSXD,3,MOV,5,IMUL,6,ADD,3,TEST,3,1,1,1,1,1,JNE,0,0,1,1,0,0,JLE,0,0,4218468,4218468,4218489,1,0,0,1,fortran,4.649013266473138e-08,0.8888888888888888,1,1,1
0x405e55,JNZ,22905,20360,-22,2,0x405e52,CMP,1,Leaf,rbx(ADD) rsi(-1) ,rflags ,CMP,3,ADD,3,ADD,4,MOV,7,JNZ,2,MOV,5,XOR,2,MOV,6,CMP,4,CMOVL,5,0,0,0,1,1,JNE,0,0,0,1,0,0,MOV,1,0,4218443,4218431,4218455,0,0,0,0,fortran,4.649013266473138e-08,0.8888888888888888,1,1,1
0x405e42,JNZ,22905,14307,9,2,0x405e3f,CMP,1,Leaf,r9(-1) ecx(-1) ,rflags ,CMP,3,XOR,2,LEA,4,MOV,5,ADD,7,MOV,7,ADD,4,ADD,3,CMP,3,JNZ,2,1,1,1,0,0,JNE,0,0,1,0,0,0,MOV,0,0,4218431,4218443,4218436,1,0,0,1,fortran,4.649013266473138e-08,0.6246234446627374,1,0,1
0x405e26,JNZ,22905,20360,-21,2,0x405e23,CMP,1,Leaf,rbx(ADD) rsi(-1) ,rflags ,CMP,3,ADD,3,ADD,4,CMOVZ,4,LEA,4,MOV,5,ADD,7,MOV,5,LEA,4,XOR,2,1,1,1,1,1,JNE,0,0,1,1,0,0,XOR,0,0,4218385,4218385,4218408,1,0,0,1,fortran,4.649013266473138e-08,0.8888888888888888,1,1,1
0x405df8,JLE,2545,0,95,2,0x405df5,TEST,1,Leaf,rsi(MOV) rsi(MOV) ,rflags ,TEST,3,ADD,5,MOV,8,MOV,4,IMUL,6,LEA,4,XOR,3,MOV,5,MOV,5,LEA,4,0,1,1,0,0,MOV,0,0,1,0,0,0,XOR,0,0,4218326,4218455,4218362,0,0,0,1,fortran,5.165570296081265e-09,0.0,0,0,0
0x405dd4,JNZ,22905,20360,-18,2,0x405dd1,CMP,1,Leaf,r15(-1) rbx(ADD) ,rflags ,CMP,3,ADD,3,ADD,4,CMOVL,3,CMP,2,MOVSXD,3,MOV,5,IMUL,6,MOV,4,MOV,8,1,1,1,1,1,JNE,0,0,1,1,0,0,JLE,0,0,4218306,4218306,4218326,1,0,0,1,fortran,4.649013266473138e-08,0.8888888888888888,1,1,1
0x405d1e,JNZ,12060,10720,-26,2,0x405d19,CMP,1,Leaf,rsp(-1) rsi(-1) ,rflags ,CMP,5,ADD,3,ADD,6,MOV,7,JNZ,2,MOV,4,MOV,5,ADD,5,MOV,5,MOV,8,0,0,0,1,1,JNE,0,0,1,1,0,0,MOV,1,0,4218128,4218116,4218144,0,0,0,1,fortran,2.447810521443617e-08,0.8888888888888888,1,1,1
0x405d07,JNZ,12060,7544,9,2,0x405d04,CMP,1,Leaf,r14(-1) ebx(-1) ,rflags ,CMP,3,MOV,8,MOV,7,MOV,9,MOV,4,MOV,7,ADD,6,ADD,3,CMP,5,JNZ,2,1,1,1,0,0,JNE,0,0,1,0,0,0,MOV,0,0,4218116,4218128,4218121,1,0,1,1,fortran,2.447810521443617e-08,0.6255389718076285,1,0,1
0x405cd2,JNZ,12060,10720,-31,2,0x405ccd,CMP,1,Leaf,rsp(-1) rsi(-1) ,rflags ,CMP,5,ADD,5,ADD,6,CMOVZ,4,CMP,2,ADD,5,MOV,7,MOV,8,MOV,4,MOV,9,1,1,1,1,1,JNE,0,0,1,1,0,0,MOV,0,0,4218035,4218035,4218068,0,0,1,1,fortran,2.447810521443617e-08,0.8888888888888888,1,1,1
0x405c7a,JLE,1340,0,170,6,0x405c6c,TEST,1,Leaf,rsi(-1) rsi(-1) ,rflags ,MOV,3,MOV,8,TEST,3,ADD,3,IMUL,6,ADD,3,MOV,9,MOV,7,LEA,4,MOV,8,0,1,1,0,0,JMP,0,0,1,0,0,0,MOV,0,0,4217943,4218148,4217984,0,0,1,1,fortran,2.7197894682706856e-09,0.0,0,0,0
0x405c55,JNZ,12060,10720,-21,2,0x405c50,CMP,1,Leaf,rsp(-1) r10(-1) ,rflags ,CMP,5,ADD,3,ADD,6,CMOVL,4,CMP,3,MOVSXD,3,MOV,4,MOV,5,IMUL,6,ADD,3,1,1,1,1,1,JNE,0,0,1,1,0,0,JLE,0,0,4217920,4217920,4217943,0,0,1,1,fortran,2.447810521443617e-08,0.8888888888888888,1,1,1
0x405c21,JNZ,12060,10720,-21,2,0x405c1e,CMP,1,Leaf,r14(ADD) rsi(-1) ,rflags ,CMP,3,ADD,3,ADD,4,MOV,6,JNZ,2,MOV,6,MOV,5,MOV,9,MOV,4,MOV,5,0,0,0,1,1,JNE,0,0,0,1,0,0,MOV,1,0,4217879,4217868,4217891,0,0,0,1,fortran,2.447810521443617e-08,0.8888888888888888,1,1,1
0x405c0f,JNZ,12060,7544,8,2,0x405c0c,CMP,1,Leaf,rbx(-1) r8d(-1) ,rflags ,CMP,3,XOR,3,ADD,7,MOV,5,MOV,5,MOV,6,ADD,4,ADD,3,CMP,3,JNZ,2,1,1,1,0,0,JNE,0,0,1,0,0,0,MOV,0,0,4217868,4217879,4217873,1,0,0,1,fortran,2.447810521443617e-08,0.6255389718076285,1,0,1
0x405bf6,JNZ,12060,10720,-25,2,0x405bf1,CMP,1,Leaf,rsp(-1) rsi(-1) ,rflags ,CMP,5,ADD,3,ADD,6,CMOVZ,4,LEA,4,MOV,5,MOV,5,ADD,7,XOR,3,CMP,3,1,1,1,1,1,JNE,0,0,1,1,0,0,XOR,0,0,4217821,4217821,4217848,0,0,1,1,fortran,2.447810521443617e-08,0.8888888888888888,1,1,1
0x405bbe,JLE,1340,0,101,2,0x405bb0,TEST,1,Leaf,rsi(-1) rsi(-1) ,rflags ,MOV,3,MOV,8,TEST,3,ADD,3,IMUL,6,ADD,3,MOV,9,XOR,3,LEA,4,MOV,5,0,1,1,0,0,MOV,0,0,1,0,0,0,MOV,0,0,4217759,4217891,4217792,0,0,1,1,fortran,2.7197894682706856e-09,0.0,0,0,0
0x405b9d,JNZ,12060,10720,-17,2,0x405b9a,CMP,1,Leaf,rbx(ADD) r10(-1) ,rflags ,CMP,3,ADD,3,ADD,4,CMOVL,4,CMP,3,MOVSXD,3,MOV,5,IMUL,6,ADD,3,TEST,3,1,1,1,1,1,JNE,0,0,1,1,0,0,JLE,0,0,4217740,4217740,4217759,1,0,0,1,fortran,2.447810521443617e-08,0.8888888888888888,1,1,1
0x405b7d,JNZ,12060,10720,-22,2,0x405b7a,CMP,1,Leaf,rbx(ADD) rsi(-1) ,rflags ,CMP,3,ADD,3,ADD,4,MOV,7,JNZ,2,MOV,5,XOR,2,MOV,6,CMP,3,CMOVL,4,0,0,0,1,1,JNE,0,0,0,1,0,0,MOV,1,0,4217715,4217703,4217727,0,0,0,0,fortran,2.447810521443617e-08,0.8888888888888888,1,1,1
0x405b6a,JNZ,12060,7515,9,2,0x405b67,CMP,1,Leaf,r8(-1) ecx(-1) ,rflags ,CMP,3,XOR,2,LEA,4,MOV,5,ADD,7,MOV,7,ADD,4,ADD,3,CMP,3,JNZ,2,1,1,1,0,0,JNE,0,0,1,0,0,0,MOV,0,0,4217703,4217715,4217708,1,0,0,1,fortran,2.447810521443617e-08,0.6231343283582089,1,0,1
0x405b4e,JNZ,12060,10720,-21,2,0x405b4b,CMP,1,Leaf,rbx(ADD) rsi(-1) ,rflags ,CMP,3,ADD,3,ADD,4,CMOVZ,4,LEA,4,MOV,5,ADD,7,MOV,5,LEA,4,XOR,2,1,1,1,1,1,JNE,0,0,1,1,0,0,XOR,0,0,4217657,4217657,4217680,1,0,0,1,fortran,2.447810521443617e-08,0.8888888888888888,1,1,1
0x405b20,JLE,1340,0,95,2,0x405b1d,TEST,1,Leaf,rsi(MOV) rsi(MOV) ,rflags ,TEST,3,ADD,3,MOV,5,MOV,3,MOV,5,LEA,4,XOR,3,MOV,5,MOV,5,LEA,4,0,1,1,0,0,MOV,0,0,1,0,0,0,XOR,0,0,4217595,4217727,4217634,0,0,0,1,fortran,2.7197894682706856e-09,0.0,0,0,0
0x405af9,JNZ,12060,10720,-20,2,0x405af6,CMP,1,Leaf,rbx(ADD) r10(-1) ,rflags ,CMP,3,ADD,3,ADD,4,CMOVL,4,CMP,3,MOVSXD,3,MOV,5,IMUL,6,MOV,4,MOV,5,1,1,1,1,1,JNE,0,0,1,1,0,0,JLE,0,0,4217573,4217573,4217595,1,0,0,1,fortran,2.447810521443617e-08,0.8888888888888888,1,1,1
0x405a1f,JNZ,8886,5924,-84,2,0x405a1a,CMP,1,Leaf,rsp(-1) rax(MOV) ,rflags ,CMP,5,MOV,8,ADD,8,ADD,9,JNZ,2,MOV,5,ADD,5,MOV,5,LEA,4,MOV,4,0,0,0,1,1,JG,0,0,0,1,0,0,JMP,1,0,4217345,4217291,4217377,0,0,1,1,fortran,1.8035857623174118e-08,0.6666666666666666,1,1,1
0x4059ff,JNZ,26658,17772,-24,2,0x4059fa,CMP,1,Leaf,rdx(ADD) rsp(-1) ,rflags ,CMP,5,ADD,5,ADD,4,MOV,6,JNZ,2,ADD,9,ADD,8,MOV,8,CMP,5,JNZ,2,0,0,0,1,1,JNE,0,0,0,1,0,0,JNE,1,0,4217329,4217319,4217345,0,0,0,1,fortran,5.410757286952235e-08,0.6666666666666666,1,1,1
0x4059e9,JNZ,26658,16828,8,2,0x4059e7,CMP,1,Leaf,rax(MOV) esi(-1) ,rflags ,CMP,2,MOV,3,JNLE,2,MOV,8,CMP,5,MOV,6,ADD,4,ADD,5,CMP,5,JNZ,2,1,1,1,0,0,JNE,0,0,1,0,0,0,MOV,0,0,4217319,4217329,4217323,1,0,0,1,fortran,5.410757286952235e-08,0.631255157926326,1,0,1
0x4059e2,JNLE,8886,0,31,2,0x4059d5,CMP,1,Leaf,rsp(-1) rax(MOV) ,rflags ,MOV,8,CMP,5,MOV,8,XOR,2,MOV,6,MOV,3,CMP,2,JNZ,2,MOV,6,ADD,4,1,1,1,0,0,JNE,0,0,1,0,0,0,MOV,0,0,4217291,4217345,4217316,0,0,1,0,fortran,1.8035857623174118e-08,0.0,0,0,0
0x4059a6,JNZ,8886,5924,-101,2,0x40599e,CMP,1,Leaf,rsp(-1) rax(MOV) ,rflags ,CMP,8,MOV,5,ADD,8,MOV,8,ADD,9,MOV,7,MOV,12,ADD,2,MOV,8,MOV,6,0,0,0,1,1,JG,0,0,1,1,0,0,MOV,1,0,4217216,4217153,4217256,0,0,0,1,fortran,1.8035857623174118e-08,0.6666666666666666,1,1,1
0x405977,JNZ,26658,17772,-22,2,0x405972,CMP,1,Leaf,rdx(ADD) rsp(-1) ,rflags ,CMP,5,ADD,5,ADD,4,CMOVZ,3,LEA,3,MOV,7,ADD,9,MOV,8,ADD,8,MOV,5,1,1,1,1,1,JNE,0,0,1,1,0,0,MOV,0,0,4217185,4217185,4217209,1,0,0,0,fortran,5.410757286952235e-08,0.6666666666666666,1,1,1
0x40594e,JNLE,8886,0,50,2,0x405949,CMP,1,Leaf,rsp(-1) rax(MOV) ,rflags ,CMP,5,MOV,8,MOV,8,MOV,8,LEA,4,MOV,8,XOR,2,MOV,7,CMP,2,LEA,3,1,1,1,0,0,JNE,0,0,1,0,0,0,MOV,0,0,4217153,4217216,4217168,0,0,1,1,fortran,1.8035857623174118e-08,0.0,0,0,0
0x405904,JNLE,2962,0,285,6,0x4058f7,CMP,1,Leaf,rsp(-1) rdx(MOV) ,rflags ,MOV,8,CMP,5,ADD,4,IMUL,6,MOV,5,ADD,8,MOV,5,XOR,2,ADD,8,MOV,12,0,1,1,0,0,JMP,0,0,1,0,0,0,MOV,0,0,4217061,4217377,4217098,0,0,1,1,fortran,6.011952541058038e-09,0.0,0,0,0
0x4058e3,JNZ,26658,23696,-17,2,0x4058e0,CMP,1,Leaf,r14(-1) rcx(ADD) ,rflags ,CMP,3,ADD,3,ADD,4,CMOVL,3,CMP,2,MOVSXD,3,MOV,5,IMUL,6,ADD,4,CMP,5,1,1,1,1,1,JNE,0,0,1,1,0,0,JG,0,0,4217042,4217042,4217061,1,0,0,1,fortran,5.410757286952235e-08,0.8888888888888888,1,1,1
0x4058b4,JNZ,8886,5924,-71,2,0x4058af,CMP,1,Leaf,rsi(ADD) rsp(-1) ,rflags ,CMP,5,ADD,8,ADD,4,JNZ,2,CMP,5,MOV,6,MOV,8,XOR,2,MOV,5,MOV,7,0,0,0,1,1,JG,0,0,0,1,0,0,MOV,1,0,4216995,4216941,4217014,0,0,1,1,fortran,1.8035857623174118e-08,0.6666666666666666,1,1,1
0x4058a1,JNZ,26658,17772,-24,2,0x40589c,CMP,1,Leaf,rdx(ADD) rsp(-1) ,rflags ,CMP,5,ADD,5,ADD,4,MOV,6,JNZ,2,ADD,4,ADD,8,CMP,5,JNZ,2,MOV,6,0,0,0,1,1,JNE,0,0,0,1,0,0,JNE,1,0,4216979,4216969,4216995,0,0,0,0,fortran,5.410757286952235e-08,0.6666666666666666,1,1,1
0x40588b,JNZ,26658,16916,8,2,0x405889,CMP,1,Leaf,rax(MOV) edi(-1) ,rflags ,CMP,2,MOV,3,JNLE,2,MOV,8,CMP,5,MOV,6,ADD,4,ADD,5,CMP,5,JNZ,2,1,1,1,0,0,JNE,0,0,1,0,0,0,MOV,0,0,4216969,4216979,4216973,1,0,0,1,fortran,5.410757286952235e-08,0.6345562307750019,1,0,1
0x405884,JNLE,8886,0,31,2,0x405877,CMP,1,Leaf,rsp(-1) rax(MOV) ,rflags ,MOV,8,CMP,5,MOV,8,XOR,2,XOR,2,MOV,3,CMP,2,JNZ,2,MOV,6,ADD,4,1,1,1,0,0,JNE,0,0,1,0,0,0,MOV,0,0,4216941,4216995,4216966,0,0,0,0,fortran,1.8035857623174118e-08,0.0,0,0,0
0x40585b,JNZ,8886,5924,-90,2,0x405856,CMP,1,Leaf,rcx(ADD) rsp(-1) ,rflags ,CMP,5,ADD,8,MOV,8,ADD,4,MOV,8,MOV,8,ADD,6,XOR,2,XOR,2,MOV,8,0,0,0,1,1,JG,0,0,1,1,0,0,XOR,1,0,4216898,4216833,4216925,0,0,0,1,fortran,1.8035857623174118e-08,0.6666666666666666,1,1,1
0x405838,JNZ,26658,17772,-22,2,0x405833,CMP,1,Leaf,rdx(ADD) rsp(-1) ,rflags ,CMP,5,ADD,5,ADD,4,CMOVZ,3,LEA,3,MOV,8,ADD,4,MOV,8,ADD,8,CMP,5,1,1,1,1,1,JNE,0,0,1,1,0,0,MOV,0,0,4216866,4216866,4216890,1,0,0,0,fortran,5.410757286952235e-08,0.6666666666666666,1,1,1
0x40580e,JNLE,8886,0,52,2,0x405809,CMP,1,Leaf,rsp(-1) rax(MOV) ,rflags ,CMP,5,MOV,8,MOV,8,MOV,8,XOR,2,MOV,8,XOR,2,MOV,8,CMP,2,LEA,3,1,1,1,0,0,JNE,0,0,1,0,0,0,MOV,0,0,4216833,4216898,4216848,0,0,1,1,fortran,1.8035857623174118e-08,0.0,0,0,0
0x4057ce,JNLE,2962,0,232,6,0x4057c1,CMP,1,Leaf,rsp(-1) rsi(MOV) ,rflags ,MOV,8,CMP,5,ADD,4,IMUL,6,MOV,5,ADD,8,MOV,5,XOR,2,ADD,8,LEA,4,0,1,1,0,0,MOV,0,0,1,0,0,0,MOV,0,0,4216751,4217014,4216788,0,0,1,1,fortran,6.011952541058038e-09,0.0,0,0,0
0x4057ad,JNZ,26658,23696,-17,2,0x4057aa,CMP,1,Leaf,r14(-1) rcx(ADD) ,rflags ,CMP,3,ADD,3,ADD,4,CMOVL,3,CMP,2,MOVSXD,3,MOV,5,IMUL,6,ADD,4,CMP,5,1,1,1,1,1,JNE,0,0,1,1,0,0,JG,0,0,4216732,4216732,4216751,1,0,0,1,fortran,5.410757286952235e-08,0.8888888888888888,1,1,1
0x40578b,JNZ,8886,5924,-67,2,0x405786,CMP,1,Leaf,rsi(ADD) rsp(-1) ,rflags ,CMP,5,ADD,5,ADD,4,JNZ,2,CMP,5,MOV,8,XOR,2,MOV,5,MOV,2,CMP,2,0,0,0,1,1,JG,0,0,0,1,0,0,MOV,1,0,4216701,4216648,4216717,0,0,0,0,fortran,1.8035857623174118e-08,0.6666666666666666,1,1,1
0x40577b,JNZ,26658,17772,-25,2,0x405776,CMP,1,Leaf,rdx(ADD) rsp(-1) ,rflags ,CMP,5,ADD,5,ADD,4,MOV,6,JNZ,2,ADD,4,ADD,5,CMP,5,JNZ,2,MOV,8,0,0,0,1,1,JNE,0,0,0,1,0,0,JNE,1,0,4216685,4216674,4216701,0,0,0,0,fortran,5.410757286952235e-08,0.6666666666666666,1,1,1
0x405765,JNZ,26658,16841,8,2,0x405762,CMP,1,Leaf,rax(-1) r8d(-1) ,rflags ,CMP,3,JNLE,2,LEA,4,MOV,5,CMP,5,MOV,6,ADD,4,ADD,5,CMP,5,JNZ,2,1,1,1,0,0,JNE,0,0,1,0,0,0,MOV,0,0,4216674,4216685,4216679,1,0,0,1,fortran,5.410757286952235e-08,0.631742816415335,1,0,1
0x405760,JNLE,8886,0,29,2,0x405752,CMP,1,Leaf,rsp(-1) rdi(MOV) ,rflags ,LEA,4,MOV,5,CMP,5,MOV,8,XOR,2,CMP,3,JNZ,2,MOV,6,ADD,4,ADD,5,1,1,1,0,0,JNE,0,0,1,0,1,0,JNE,0,0,4216648,4216701,4216674,0,0,0,0,fortran,1.8035857623174118e-08,0.0,0,0,0
0x405736,JNZ,8886,5924,-78,2,0x405731,CMP,1,Leaf,rcx(ADD) rsp(-1) ,rflags ,CMP,5,ADD,8,ADD,4,MOV,8,JNZ,2,MOV,8,ADD,6,XOR,2,XOR,2,MOV,8,0,0,0,1,1,JG,0,0,1,1,0,0,XOR,1,0,4216613,4216552,4216632,0,0,0,1,fortran,1.8035857623174118e-08,0.6666666666666666,1,1,1
0x40571b,JNZ,26658,17772,-23,2,0x405716,CMP,1,Leaf,rdx(ADD) rsp(-1) ,rflags ,CMP,5,ADD,5,ADD,4,CMOVZ,3,LEA,3,MOV,8,ADD,4,ADD,8,CMP,5,JNZ,2,1,1,1,1,1,JNE,0,0,1,1,0,0,MOV,0,0,4216580,4216580,4216605,1,0,0,0,fortran,5.410757286952235e-08,0.6666666666666666,1,1,1
0x4056f5,JNLE,8886,0,48,2,0x4056f0,CMP,1,Leaf,rsp(-1) rax(MOV) ,rflags ,CMP,5,MOV,8,MOV,8,LEA,4,ADD,8,MOV,3,XOR,2,MOV,8,CMP,3,LEA,3,1,1,1,0,0,JNE,0,0,1,0,0,0,MOV,0,0,4216552,4216613,4216567,0,0,0,1,fortran,1.8035857623174118e-08,0.0,0,0,0
0x4056ba,JNLE,2962,0,211,6,0x4056b5,CMP,1,Leaf,rsp(-1) rax(MOV) ,rflags ,CMP,5,ADD,4,IMUL,6,MOV,5,MOVSXD,3,MOV,8,MOV,5,XOR,2,XOR,2,ADD,3,0,1,1,0,0,MOV,0,0,1,0,0,0,MOV,0,0,4216483,4216717,4216512,0,0,0,1,fortran,6.011952541058038e-09,0.0,0,0,0
0x4056a1,JNZ,26658,23696,-19,2,0x40569e,CMP,1,Leaf,r14(-1) rcx(ADD) ,rflags ,CMP,3,ADD,3,ADD,4,CMOVL,4,CMP,3,MOVSXD,3,MOV,5,IMUL,6,ADD,4,CMP,5,1,1,1,1,1,JNE,0,0,1,1,0,0,JG,0,0,4216462,4216462,4216483,1,0,0,0,fortran,5.410757286952235e-08,0.8888888888888888,1,1,1
0x405642,JZ,43638,32147,-26,2,0x40563f,CMP,1,Leaf,r8(MOV) ebx(MOV) ,rflags ,CMP,3,MOV,4,ADD,3,ADD,4,MOV,3,MOV,5,JMP,5,MOV,8,MOV,8,XOR,2,0,0,0,1,1,JG,0,0,1,0,0,0,JMP,1,0,4216369,4216360,4216388,0,0,0,0,fortran,8.85717707585046e-08,0.7366744580411568,1,1,1
0x40562b,JNLE,44978,1340,1198,6,0x405628,CMP,1,Leaf,rcx(-1) r10(-1) ,rflags ,CMP,3,MOV,5,MOV,5,MOV,5,JNZ,6,MOV,3,ADD,4,ADD,3,MOV,4,CMP,3,1,1,0,0,0,MOV,1,0,1,0,0,0,JE,0,0,4216360,4217561,4216369,0,1,0,0,fortran,9.12915602267753e-08,0.0297923429232069,0,0,0
0x405613,JNZ,17945,5114,-160,6,0x405611,CMP,1,Leaf,esi(MOV) rbx(-1) ,rflags ,CMP,2,MOV,4,JMP,5,MOV,5,JZ,2,MOV,5,MOV,5,MOV,5,CMP,3,JNLE,6,0,0,0,0,0,JNE,0,0,1,0,0,0,MOV,0,0,4216333,4216179,4216345,1,0,1,1,fortran,3.642285224486377e-08,0.2849818891056004,0,0,0
0x405601,JZ,58931,44564,-26,2,0x4055fe,CMP,1,Leaf,r9(MOV) r13d(MOV) ,rflags ,CMP,3,MOV,4,ADD,3,ADD,4,MOV,3,MOV,5,JMP,5,MOV,4,CMP,2,JNZ,6,0,0,0,1,1,JL,0,0,1,0,0,0,JMP,1,0,4216304,4216295,4216323,0,0,0,0,fortran,1.1961187548855208e-07,0.7562064108873089,1,1,1
0x4055ea,JL,61476,2545,1996,6,0x4055e7,CMP,1,Leaf,r15(-1) rcx(-1) ,rflags ,CMP,3,MOV,5,MOV,5,MOV,5,ADD,5,MOV,3,ADD,4,ADD,3,MOV,4,CMP,3,1,1,0,0,0,MOV,1,0,1,0,0,0,JE,0,0,4216295,4218294,4216304,0,1,0,0,fortran,1.2477744578463333e-07,0.0413982692432819,0,0,0
0x4055c5,JNZ,25492,8580,-307,6,0x4055c1,CMP,1,Leaf,r13(-1) ebx(MOV) ,rflags ,CMP,4,MOV,4,JMP,5,MOV,8,MOV,8,MOV,8,ADD,5,MOV,5,MOV,5,MOV,5,0,0,0,0,0,JNE,0,0,1,0,0,0,MOV,0,0,4216253,4215954,4216267,1,0,1,1,fortran,5.174095009340024e-08,0.3365761807625921,0,0,0
0x40558d,JNZ,160623,111532,-104,2,0x405588,CMP,1,Leaf,rsp(-1) ,rflags ,CMP,5,ADD,3,ADD,5,ADD,3,MOV,5,JMP,5,NOP,4,MOV,8,MOV,8,MOV,8,0,0,0,1,1,JNE,0,0,1,0,0,0,JMP,1,0,4216179,4216101,4216207,0,0,0,0,fortran,3.260154804194346e-07,0.6943712917826215,1,1,1
0x40556d,JZ,69613,17945,160,6,0x405565,CMP,1,Leaf,ecx(-1) ,rflags ,MOV,5,CMP,3,JNZ,2,CMP,3,ADD,3,ADD,5,MOV,5,ADD,3,ADD,5,ADD,3,0,1,0,0,0,JNE,0,0,0,0,0,0,JNE,0,0,4216165,4216333,4216179,0,0,0,1,fortran,1.4129306287666214e-07,0.2577823107752862,0,0,0
0x405563,JNZ,626517,556904,-19,2,0x405560,CMP,1,Leaf,r8(ADD) r10(-1) ,rflags ,CMP,3,ADD,3,ADD,4,CMOVNZ,3,LEA,3,CMP,3,MOV,5,JZ,6,ADD,5,MOV,5,1,1,1,1,1,JNE,0,0,1,1,0,0,JE,0,0,4216144,4216144,4216165,1,0,0,0,fortran,1.2716375658899591e-06,0.8888888888888888,1,1,1
0x40552e,JNZ,161963,92350,69,2,0x40552c,TEST,1,Leaf,ecx(MOV) ecx(MOV) ,rflags ,TEST,2,MOV,2,MOV,5,LEA,4,MOV,5,MOV,8,XOR,3,XOR,2,MOV,5,ADD,3,1,1,0,0,0,JNE,0,0,1,0,0,0,MOV,0,0,4216101,4216179,4216112,0,0,1,1,fortran,3.2873526988770525e-07,0.5701919574223743,1,0,1
0x40550d,JNLE,50431,0,-676,6,0x405504,CMP,1,Leaf,r13d(-1) ,rflags ,MOV,5,CMP,4,JNL,2,CMP,3,JNZ,6,MOV,5,LEA,4,MOV,5,LEA,4,MOV,5,0,0,1,0,0,JNE,0,0,1,0,0,0,LEA,0,0,4216068,4215401,4216083,1,0,0,1,fortran,1.0235947960773056e-07,0.0,0,1,0
0x405502,JNL,1327206,1276775,-26,2,0x4054ff,CMP,1,Leaf,r10(-1) rcx(-1) ,rflags ,CMP,3,JNZ,6,CMP,3,MOV,4,ADD,3,CMP,4,MOV,5,JNLE,6,MOV,5,LEA,4,1,1,0,0,0,JNE,0,0,1,0,0,0,JG,1,0,4216063,4216040,4216068,1,0,0,1,fortran,2.6938215679295995e-06,0.9620021307920548,1,1,1
0x4054f9,JNZ,1276775,308088,-656,6,0x4054f6,CMP,1,Leaf,r8(MOV) r14d(MOV) ,rflags ,CMP,3,MOV,4,ADD,3,ADD,4,MOV,3,CMP,3,JNL,2,CMP,4,MOV,5,JNLE,6,0,0,1,0,0,JNE,1,0,0,0,1,1,JGE,0,0,4216040,4215401,4216063,0,0,0,0,fortran,2.591462088321869e-06,0.2413017172172074,0,0,0
0x4054c8,JNZ,514334,155815,-607,6,0x4054c0,CMP,1,Leaf,esi(MOV) r9(-1) rdi(-1) ,rflags ,MOV,4,CMP,4,MOV,4,MOV,4,NOP,3,MOV,3,MOV,5,MOV,5,SUB,3,MOV,3,0,0,1,0,0,JNE,0,0,1,0,0,0,JMP,0,0,4215992,4215401,4216014,1,0,0,0,fortran,1.0439404450548769e-06,0.3029451679259003,0,0,0
0x4054ae,JNZ,227010,165659,-77,2,0x4054a9,CMP,1,Leaf,rsp(-1) ,rflags ,CMP,5,ADD,5,ADD,5,ADD,3,MOV,5,JMP,5,NOP,3,MOV,4,MOV,4,CMP,4,0,0,0,1,1,JNE,0,0,1,0,0,0,JMP,1,0,4215954,4215905,4215984,0,0,0,0,fortran,4.607607516359167e-07,0.7297431831196863,1,1,1
0x40548c,JZ,108711,25492,305,6,0x405489,CMP,1,Leaf,ecx(-1) ,rflags ,CMP,3,JNZ,2,CMP,3,ADD,3,ADD,4,ADD,5,MOV,5,ADD,3,ADD,5,ADD,5,0,1,0,0,0,JNE,0,0,0,0,0,0,JNE,0,0,4215945,4216253,4215954,0,0,0,1,fortran,2.20650024541175e-07,0.2344932895475159,0,0,0
0x405487,JNZ,978399,869688,-20,2,0x405484,CMP,1,Leaf,r15(-1) rsi(ADD) ,rflags ,CMP,3,ADD,3,ADD,4,CMOVNZ,3,LEA,3,CMP,3,JZ,6,ADD,5,MOV,5,ADD,3,1,1,1,1,1,JNE,0,0,1,1,0,0,JE,0,0,4215923,4215923,4215945,1,0,0,0,fortran,1.985850220870575e-06,0.8888888888888888,1,1,1
0x40546a,JNZ,229555,120844,40,2,0x405468,TEST,1,Leaf,ecx(MOV) ecx(MOV) ,rflags ,TEST,2,MOV,2,MOV,5,MOV,5,ADD,3,MOV,3,XOR,2,XOR,2,CMP,4,LEA,3,1,1,0,0,0,JNE,0,0,1,0,0,0,XOR,0,0,4215905,4215954,4215916,0,0,1,0,fortran,4.659263219319979e-07,0.5264272178780685,1,0,1
0x405449,JNLE,63896,0,-124,2,0x405440,CMP,1,Leaf,r11d(-1) ,rflags ,MOV,5,CMP,4,JLE,2,CMP,3,JNZ,2,MOV,5,LEA,4,MOV,5,ADD,3,MOV,5,0,0,1,0,0,JNE,0,0,1,0,0,0,MOV,0,0,4215872,4215757,4215883,1,0,0,1,fortran,1.296893043765849e-07,0.0,0,1,0
0x40543e,JLE,1441477,1377581,-22,2,0x40543b,CMP,1,Leaf,rcx(-1) r15(-1) ,rflags ,CMP,3,JNZ,2,CMP,3,MOV,4,ADD,3,CMP,4,MOV,5,JNLE,2,MOV,5,LEA,4,1,1,0,0,0,JNE,0,0,1,0,0,0,JG,1,0,4215867,4215848,4215872,1,0,0,1,fortran,2.925756689070465e-06,0.9556732434856748,1,1,1
0x405439,JNZ,1377581,313002,-108,2,0x405436,CMP,1,Leaf,r9(MOV) r13d(MOV) ,rflags ,CMP,3,MOV,4,ADD,3,ADD,4,MOV,3,CMP,3,JLE,2,CMP,4,MOV,5,JNLE,2,0,0,1,0,0,JNE,1,0,0,0,1,1,JLE,0,0,4215848,4215757,4215867,0,0,0,0,fortran,2.79606738469388e-06,0.2272113218750839,0,0,0
0x40540d,JNZ,545243,168345,-64,2,0x405405,CMP,1,Leaf,esi(MOV) r14(-1) rdi(-1) ,rflags ,MOV,4,CMP,4,MOV,4,MOV,5,JMP,5,MOV,3,MOV,5,MOV,5,SUB,3,MOV,3,0,0,1,0,0,JNE,0,0,1,0,0,0,JMP,0,0,4215804,4215757,4215823,1,0,0,0,fortran,1.106676245558443e-06,0.3087522444121245,0,0,0
0x4053e0,JNZ,4852953,3742424,-80,2,0x4053dc,CMP,1,Leaf,r11d(ADD) ,rflags ,CMP,4,ADD,3,ADD,5,ADD,3,ADD,4,MOV,8,MOV,8,MOV,5,JMP,5,MOV,5,0,0,0,1,1,JNE,0,0,1,1,0,0,JMP,1,0,4215757,4215696,4215778,0,0,0,0,fortran,9.850007805531812e-06,0.7711642787391512,1,1,1
0x4053cb,JZ,3099080,545243,49,2,0x4053c8,CMP,1,Leaf,ecx(-1) ,rflags ,CMP,3,JNZ,2,CMP,3,ADD,3,ADD,4,ADD,4,ADD,3,ADD,5,ADD,3,CMP,4,0,1,0,0,0,JNE,0,0,0,1,0,0,JNE,0,0,4215752,4215804,4215757,0,0,1,0,fortran,6.290182944274863e-06,0.175937052286485,0,0,0
0x4053c6,JNZ,27891720,24792640,-22,2,0x4053c3,CMP,1,Leaf,r15(-1) rsi(ADD) ,rflags ,CMP,3,ADD,3,ADD,4,CMOVNZ,3,TEST,3,CMP,3,JZ,2,ADD,4,ADD,3,ADD,5,1,1,1,1,1,JNE,0,0,1,1,0,0,JE,0,0,4215728,4215728,4215752,1,0,0,0,fortran,5.661164649847376e-05,0.8888888888888888,1,1,1
0x405396,JNZ,4852953,1753873,55,2,0x405394,TEST,1,Leaf,ecx(MOV) ecx(MOV) ,rflags ,TEST,2,MOV,4,NOP,8,MOV,5,LEA,4,MOV,3,SUB,5,LEA,4,XOR,2,XOR,2,1,1,1,0,0,JNE,0,0,1,0,0,0,NOP,0,0,4215696,4215757,4215704,0,0,0,1,fortran,9.850007805531812e-06,0.3614032528235901,0,0,0
0x40527c,JNZ,5066536,3921901,-84,2,0x405278,CMP,1,Leaf,r13d(ADD) ,rflags ,CMP,4,ADD,3,ADD,5,ADD,3,ADD,4,MOV,8,MOV,8,MOV,5,JMP,5,MOV,3,0,0,0,1,1,JNE,0,0,1,1,0,0,JMP,1,0,4215401,4215336,4215422,0,0,0,0,fortran,1.0283515860756933e-05,0.7740793709943046,1,1,1
0x405263,JZ,3285940,514334,597,6,0x405260,CMP,1,Leaf,ecx(-1) ,rflags ,CMP,3,JNZ,2,CMP,3,ADD,3,ADD,4,ADD,4,ADD,3,ADD,5,ADD,3,CMP,4,0,1,0,0,0,JNE,0,0,0,1,0,0,JNE,0,0,4215392,4215992,4215401,0,0,1,0,fortran,6.669451496544311e-06,0.1565256821487915,0,0,0
0x40525e,JNZ,29573460,26287520,-22,2,0x40525b,CMP,1,Leaf,rsi(ADD) r10(-1) ,rflags ,CMP,3,ADD,3,ADD,4,CMOVNZ,3,TEST,3,CMP,3,JZ,6,ADD,4,ADD,3,ADD,5,1,1,1,1,1,JNE,0,0,1,1,0,0,JE,0,0,4215368,4215368,4215392,1,0,0,0,fortran,6.00250634688988e-05,0.8888888888888888,1,1,1
0x405233,JNZ,5066536,1780596,54,2,0x405231,TEST,1,Leaf,ecx(MOV) ecx(MOV) ,rflags ,TEST,2,MOV,4,MOV,5,NOP,7,MOV,5,MOV,3,SUB,5,LEA,4,XOR,2,XOR,2,1,1,1,0,0,JNE,0,0,1,0,0,0,NOP,0,0,4215336,4215401,4215349,0,0,0,0,fortran,1.0283515860756933e-05,0.3514424845693389,0,0,0
0x40511f,JZ,67594,51613,-39,2,0x40511c,CMP,1,Leaf,rbp(MOV) ecx(MOV) ,rflags ,CMP,3,MOV,4,ADD,8,ADD,4,MOV,3,MOV,8,JMP,5,NOP,2,MOV,5,JMP,5,0,0,0,1,1,JL,0,0,1,0,0,0,JMP,1,0,4215041,4215032,4215073,0,0,0,0,fortran,1.3719511143155874e-07,0.7635736899724828,1,1,1
0x4050fb,JL,70556,2962,1363,6,0x4050f8,CMP,1,Leaf,r14(-1) rax(-1) ,rflags ,CMP,3,MOV,8,ADD,3,MOV,8,MOV,5,MOV,8,MOV,3,ADD,4,ADD,8,MOV,4,1,1,0,0,0,MOV,1,0,1,0,0,0,JE,0,0,4215032,4216398,4215041,0,1,1,0,fortran,1.432070639726168e-07,0.0419808379159816,0,0,0
0x4050ce,JNZ,25732,6789,-121,2,0x4050cc,CMP,1,Leaf,rdi(-1) eax(MOV) ,rflags ,CMP,2,MOV,7,JNZ,2,MOV,8,CMP,3,MOV,8,MOV,8,MOV,5,MOV,8,ADD,3,0,0,0,0,0,JE,0,0,1,0,0,0,MOV,0,0,4214981,4214869,4214992,1,0,0,1,fortran,5.2228076565329324e-08,0.2638349137260998,0,0,0
0x4050c3,JNZ,123437,97705,-110,2,0x4050b8,CMP,1,Leaf,eax(-1) ,rflags ,MOV,8,CMP,3,JNZ,2,CMP,3,ADD,8,MOV,7,CMP,2,JNZ,2,MOV,8,MOV,8,0,0,0,0,0,JE,0,0,1,0,0,0,JNE,0,0,4214968,4214869,4214981,0,0,0,0,fortran,2.5053929298129e-07,0.7915373834425659,1,0,1
0x4050b6,JNZ,1110933,987496,-24,2,0x4050b3,CMP,1,Leaf,r14(-1) rbp(ADD) ,rflags ,CMP,3,ADD,8,ADD,4,CMOVNZ,3,LEA,3,CMP,3,MOV,8,JNZ,2,MOV,7,CMP,2,1,1,1,1,1,JNE,0,0,1,1,0,0,JNE,0,0,4214942,4214942,4214968,1,0,0,0,fortran,2.25485363683161e-06,0.8888888888888888,1,1,1
0x40508d,JNZ,755753,632316,-56,2,0x405089,CMP,1,Leaf,edx(SUB) rsp(-1) ,rflags ,CMP,4,SUB,2,IMUL,2,SAR,3,MOV,5,MOV,3,XOR,2,XOR,2,MOV,8,CMP,3,0,0,0,0,0,JE,0,0,1,0,0,0,MOV,0,0,4214909,4214869,4214927,0,0,0,1,fortran,1.5339470522492357e-06,0.8366701819245177,1,0,1
0x40507b,JNZ,1245898,490145,-38,2,0x405079,TEST,1,Leaf,eax(MOV) eax(MOV) ,rflags ,TEST,2,MOV,3,JNL,2,MOV,2,CMP,3,MOV,5,SAR,3,IMUL,2,SUB,2,CMP,4,0,0,0,0,0,JE,0,0,1,0,0,0,JNE,0,0,4214902,4214869,4214909,0,0,0,0,fortran,2.52879123801456e-06,0.3934070044257234,0,0,0
0x405074,JNL,2648863,1402965,-31,2,0x40506f,CMP,1,Leaf,r12d(-1) esi(-1) ,rflags ,MOV,2,CMP,3,JZ,6,CMP,4,ADD,3,MOV,3,TEST,2,JNZ,2,MOV,5,SAR,3,1,1,0,0,0,JE,0,0,1,0,0,0,JNE,0,0,4214895,4214869,4214902,1,0,0,0,fortran,5.376380365889472e-06,0.5296480036906401,1,0,1
0x405069,JZ,2645901,292619,-146,6,0x405065,CMP,1,Leaf,rcx(ADD) ,rflags ,CMP,4,ADD,3,ADD,3,ADD,3,ADD,3,CMP,3,MOV,2,JNL,2,MOV,3,TEST,2,0,0,0,0,0,JE,1,0,0,0,1,1,JGE,0,0,4214869,4214743,4214895,0,0,1,0,fortran,5.370368413348414e-06,0.1105933290776941,0,0,0
0x405008,JNZ,883440,587859,-49,2,0x405004,CMP,1,Leaf,edx(SUB) rsp(-1) ,rflags ,CMP,4,SUB,2,SAR,3,IMUL,2,MOV,5,MOV,5,ADD,8,MOV,3,MOV,5,MOV,2,1,1,0,0,0,JE,0,0,1,0,0,0,JMP,0,0,4214773,4214743,4214794,0,0,1,1,fortran,1.7931125431709362e-06,0.6654204020646564,1,0,1
0x404fef,JZ,880478,96603,1449,6,0x404fec,CMP,1,Leaf,ebx(ADD) ,rflags ,CMP,3,ADD,8,MOV,5,ADD,5,ADD,3,LEA,3,MOV,5,IMUL,2,SAR,3,SUB,2,0,1,0,0,0,JMP,1,0,0,0,1,1,JNE,0,0,4214743,4216216,4214773,0,0,0,0,fortran,1.787100590629878e-06,0.1097165403337732,0,0,0
0x404f91,JNL,2110560,2010995,-24,2,0x404f8e,CMP,1,Leaf,r14(-1) rax(-1) ,rflags ,CMP,3,JNZ,6,CMP,2,MOV,3,ADD,3,MOV,8,MOV,8,MOV,5,MOV,8,MOV,5,1,1,0,0,0,JNE,0,0,1,0,0,0,JMP,1,0,4214670,4214649,4214675,1,0,0,1,fortran,4.283790194144312e-06,0.9528253165036767,1,1,1
0x404f88,JNZ,2010995,421712,-152,6,0x404f86,CMP,1,Leaf,rcx(MOV) ebx(MOV) ,rflags ,CMP,2,MOV,3,ADD,3,ADD,4,MOV,3,CMP,3,JNL,2,MOV,8,MOV,8,MOV,5,0,0,1,0,0,JNE,1,0,0,0,1,1,JGE,0,0,4214649,4214512,4214670,0,0,0,0,fortran,4.081703747570901e-06,0.2097031568949699,0,0,0
0x404f62,JNZ,705123,183846,-114,2,0x404f58,CMP,1,Leaf,edi(MOV) rax(MOV) rbp(-1) ,rflags ,MOV,7,CMP,3,MOV,3,MOV,5,MOV,5,MOV,3,MOV,8,MOV,5,SUB,3,JMP,2,0,0,1,0,0,JNE,0,0,1,0,0,0,JMP,0,0,4214603,4214512,4214628,1,0,0,0,fortran,1.4311836636085304e-06,0.2607289791993737,0,0,0
0x404f49,JNZ,3744132,3039009,-89,2,0x404f46,CMP,1,Leaf,eax(-1) ,rflags ,CMP,3,JNZ,2,CMP,3,ADD,3,ADD,4,MOV,5,MOV,5,MOV,3,CMP,3,MOV,7,0,0,1,0,0,JNE,0,0,1,0,0,0,JNE,0,0,4214598,4214512,4214603,0,0,0,1,fortran,7.599440881653178e-06,0.8116725051360368,1,0,1
0x404f44,JNZ,33697188,29953056,-20,2,0x404f41,CMP,1,Leaf,r14(-1) rdx(ADD) ,rflags ,CMP,3,ADD,3,ADD,4,CMOVNZ,3,TEST,2,CMP,3,JNZ,2,MOV,5,MOV,5,MOV,3,1,1,1,1,1,JNE,0,0,1,1,0,0,JNE,0,0,4214576,4214576,4214598,1,0,0,0,fortran,6.839496793487861e-05,0.8888888888888888,1,1,1
0x404f02,JNZ,37040139,32924568,-66,2,0x404efe,CMP,1,Leaf,r10d(ADD) ,rflags ,CMP,4,ADD,3,ADD,3,ADD,4,ADD,4,MOV,5,JMP,5,MOV,5,XOR,2,ADD,3,0,0,0,1,1,JLE,0,0,1,1,0,0,JMP,1,0,4214512,4214464,4214532,0,0,0,0,fortran,7.518013429513603e-05,0.8888888888888888,1,1,1
0x404ee4,JZ,13120119,3744132,42,2,0x404ee0,CMP,1,Leaf,edx(SUB) rsp(-1) ,rflags ,CMP,4,SUB,2,SAR,3,MOV,3,IMUL,3,NOP,10,ADD,4,ADD,4,ADD,3,ADD,3,0,1,0,0,0,NOP,0,0,1,0,0,0,NOP,0,0,4214480,4214542,4214502,0,0,1,0,fortran,2.66298219989986e-05,0.2853733262632755,0,0,0
0x404ece,JNZ,19617471,6497352,34,2,0x404ecb,TEST,1,Leaf,r8d(MOV) r8d(MOV) ,rflags ,TEST,3,MOV,4,JLE,2,CMP,5,NOP,6,MOV,5,IMUL,3,MOV,3,SAR,3,SUB,2,0,0,1,0,0,JNE,0,0,1,0,0,0,JE,0,0,4214471,4214512,4214480,0,0,0,0,fortran,3.981745598500417e-05,0.3312023247033218,0,0,0
0x404ec5,JLE,37040139,17422668,43,2,0x404ec0,CMP,1,Leaf,r12d(MOV) rsp(-1) ,rflags ,CMP,5,NOP,6,MOV,8,SUB,5,MOV,4,MOV,4,TEST,3,JNZ,2,MOV,5,IMUL,3,1,1,1,0,0,JNE,0,0,1,0,0,0,JNE,0,0,4214464,4214512,4214471,1,0,0,0,fortran,7.518013429513603e-05,0.4703726408802083,0,0,0
0x404e6b,JNZ,12346713,8231142,-59,2,0x404e67,CMP,1,Leaf,edx(SUB) rsp(-1) ,rflags ,CMP,4,SUB,2,SAR,3,IMUL,2,MOV,5,MOV,5,ADD,5,MOV,3,MOV,5,MOV,8,1,1,1,0,0,JE,0,0,1,0,0,0,NOP,0,0,4214359,4214320,4214381,0,0,1,1,fortran,2.5060044765045343e-05,0.6666666666666666,1,0,1
0x404e51,JZ,12346713,1371857,735,6,0x404e4d,CMP,1,Leaf,r8d(ADD) ,rflags ,CMP,4,ADD,5,MOV,5,SUB,5,ADD,5,LEA,4,MOV,5,IMUL,2,SAR,3,SUB,2,0,1,1,0,0,JMP,1,0,0,0,1,1,JNE,0,0,4214320,4215088,4214359,0,0,0,0,fortran,2.5060044765045343e-05,0.1111111111111111,0,0,0
0x404d23,JNZ,1564488,1390656,-547,6,0x404d1d,CMP,1,Leaf,rsp(-1) ,rflags ,CMP,6,ADD,6,ADD,8,MOV,3,MOV,5,ADD,7,POP,1,POP,1,POP,2,POP,2,0,0,0,1,1,NOP,0,0,1,1,0,0,RET,1,0,4214017,4213504,4214057,0,1,1,0,fortran,3.175431332564081e-06,0.8888888888888888,1,1,1
0x404cf5,JZ,14080392,1564488,12,2,0x404cef,CMP,1,Leaf,rsp(-1) ,rflags ,CMP,6,ADD,5,MOV,5,JZ,2,CMP,3,MOV,5,JMP,5,ADD,6,MOV,5,MOV,3,0,1,1,0,0,JNE,1,0,1,0,0,0,JMP,0,0,4213989,4214017,4214007,0,0,1,0,fortran,2.8578881993076728e-05,0.1111111111111111,0,0,0
0x404ce3,JZ,9510601,1371857,88,2,0x404ce0,CMP,1,Leaf,edx(-1) ,rflags ,CMP,3,JNZ,2,CMP,3,ADD,3,ADD,4,MOV,5,ADD,5,CMP,6,JZ,2,MOV,5,0,1,0,0,0,JMP,0,0,0,1,0,0,JE,0,0,4213984,4214075,4213989,0,0,1,1,fortran,1.930360629606317e-05,0.1442450377215909,0,0,0
0x404cde,JNZ,85595409,76084808,-22,2,0x404cdb,CMP,1,Leaf,rcx(ADD) r13(-1) ,rflags ,CMP,3,ADD,3,ADD,4,CMOVNZ,3,TEST,3,CMP,3,JZ,2,MOV,5,ADD,5,CMP,6,1,1,1,1,1,JNE,0,0,1,1,0,0,JE,0,0,4213960,4213960,4213984,1,0,0,0,fortran,0.0001737324566645,0.8888888888888888,1,1,1
0x404c98,JLE,9510601,0,77,2,0x404c8d,TEST,1,Leaf,r13(MOV) r13(MOV) ,rflags ,MOV,5,MOV,3,TEST,3,ADD,3,ADD,3,MOV,3,LEA,8,XOR,2,ADD,3,XOR,2,0,0,1,0,0,JE,0,0,1,0,0,0,NOP,0,0,4213813,4213989,4213914,0,0,1,1,fortran,1.930360629606317e-05,0.0,0,0,0
0x404c2f,JZ,9594328,83727,182,6,0x404c2c,CMP,1,Leaf,ecx(-1) ,rflags ,CMP,3,JNZ,2,CMP,3,ADD,3,ADD,4,MOV,5,MOV,4,MOV,4,MOV,3,MOV,4,0,0,1,0,0,JE,0,0,0,0,0,0,JLE,0,0,4213804,4213989,4213813,0,0,1,1,fortran,1.947354645487653e-05,0.0087267185362018,0,0,0
0x404c2a,JNZ,28782984,19188656,-50,2,0x404c27,CMP,1,Leaf,r8(ADD) rbp(-1) ,rflags ,CMP,3,ADD,3,ADD,4,JNZ,2,CMP,3,CMP,3,JZ,6,MOV,5,MOV,4,MOV,4,0,0,0,1,1,JG,0,0,1,1,0,0,JE,1,0,4213792,4213752,4213804,0,0,0,0,fortran,5.842063936462959e-05,0.6666666666666666,1,1,1
0x404c1e,JNZ,86348952,57565968,-22,2,0x404c1b,CMP,1,Leaf,rax(ADD) rdi(-1) ,rflags ,CMP,3,ADD,3,ADD,4,CMOVZ,3,TEST,3,ADD,4,ADD,3,CMP,3,JNZ,2,CMP,3,1,1,1,1,1,JNE,0,0,0,1,0,0,JNE,0,0,4213768,4213768,4213792,1,0,0,0,fortran,0.0001752619180938,0.6666666666666666,1,1,1
0x404bfb,JNLE,28782984,0,37,2,0x404bf8,CMP,1,Leaf,r11(-1) r14(-1) ,rflags ,CMP,3,NOP,6,SUB,3,LEA,4,LEA,4,MOV,3,XOR,2,NOP,6,MOV,3,LEA,3,1,1,1,0,0,JNE,0,0,1,0,0,0,NOP,0,0,4213752,4213792,4213757,0,0,0,0,fortran,5.842063936462959e-05,0.0,0,0,0
0x404bc4,JNLE,9594328,0,113,2,0x404bbf,CMP,1,Leaf,rsp(-1) rax(MOV) ,rflags ,CMP,5,MOV,5,MOVSXD,3,LEA,4,MOVSXD,3,MOVSXD,3,MOV,5,MOV,5,ADD,4,XOR,3,0,1,0,0,0,JLE,0,0,1,0,0,0,NOP,0,0,4213648,4213813,4213702,0,0,1,0,fortran,1.947354645487653e-05,0.0,0,0,0
0x404b8a,JNZ,14080392,4486064,347,6,0x404b87,TEST,1,Leaf,r14d(MOV) r14d(MOV) ,rflags ,TEST,3,MOV,4,MOV,5,MOV,5,MOV,5,MOV,5,IMUL,2,MOV,2,SAR,3,MOV,4,1,1,1,0,0,JE,0,0,1,0,0,0,JG,0,0,4213616,4213989,4213648,0,0,1,1,fortran,2.8578881993076728e-05,0.3186036297853071,0,0,0
0x404ad5,JNZ,1564488,1390656,-385,6,0x404acf,CMP,1,Leaf,rsp(-1) ,rflags ,CMP,6,ADD,5,MOV,5,MOV,4,ADD,3,MOV,8,MOV,9,MOV,3,MOV,9,MOV,8,0,0,0,1,1,JLE,0,0,1,1,0,0,MOV,1,0,4213428,4213076,4213467,0,0,0,1,fortran,3.175431332564081e-06,0.8888888888888888,1,1,1
0x404aa6,JNZ,10735165,9201570,-198,6,0x404aa2,CMP,1,Leaf,r12(ADD) ,rflags ,CMP,4,ADD,5,MOV,5,ADD,6,ADD,5,MOV,3,MOV,5,MOV,4,ADD,6,ADD,3,0,0,0,1,1,JNE,0,0,1,1,0,0,MOV,1,0,4213375,4213216,4213420,0,0,0,0,fortran,2.1789096050110503e-05,0.8571428571428571,1,1,1
0x404a79,JZ,7345608,1110529,2079,6,0x404a76,CMP,1,Leaf,eax(-1) ,rflags ,CMP,3,JNZ,2,CMP,3,ADD,3,ADD,4,ADD,4,MOV,5,ADD,5,ADD,5,ADD,6,0,1,0,0,0,NOP,0,0,0,1,0,0,JNE,0,0,4213366,4215448,4213375,0,0,1,1,fortran,1.4909333788391713e-05,0.1511827203411889,0,0,0
0x404a74,JNZ,66110472,58764864,-20,2,0x404a71,CMP,1,Leaf,rdx(ADD) r15(-1) ,rflags ,CMP,3,ADD,3,ADD,4,CMOVNZ,3,TEST,2,CMP,3,JZ,6,ADD,4,MOV,5,ADD,5,1,1,1,1,1,JNE,0,0,1,1,0,0,JE,0,0,4213344,4213344,4213366,1,0,0,0,fortran,0.0001341840040955,0.8888888888888888,1,1,1
0x404a40,JLE,7345608,0,63,2,0x404a39,TEST,1,Leaf,r15(MOV) r15(MOV) ,rflags ,LEA,4,TEST,3,ADD,3,MOV,3,MOV,5,MOV,4,LEA,4,LEA,8,XOR,2,MOV,5,0,0,1,0,0,JNE,0,0,1,0,0,0,NOP,0,0,4213240,4213375,4213314,0,0,1,1,fortran,1.4909333788391713e-05,0.0,0,0,0
0x4049f2,JNZ,10735165,3389557,141,6,0x4049ef,TEST,1,Leaf,r8d(MOV) r8d(MOV) ,rflags ,TEST,3,MOV,5,LEA,5,MOV,5,NOP,7,MOV,4,MOV,4,MOV,4,MOV,3,MOV,5,1,1,1,0,0,JNE,0,0,1,0,0,0,JLE,0,0,4213216,4213375,4213240,0,0,1,1,fortran,2.1789096050110503e-05,0.3157433537351312,0,0,0
0x40498b,JZ,1564488,30893,297,6,0x404988,CMP,1,Leaf,eax(-1) ,rflags ,CMP,3,JNZ,2,CMP,3,ADD,3,ADD,4,MOV,8,MOV,8,MOV,6,MOV,5,MOV,9,0,0,1,0,0,JNE,0,0,0,0,0,0,NOP,0,0,4213128,4213428,4213137,0,0,1,1,fortran,3.175431332564081e-06,0.0197463962651039,0,0,0
0x404986,JNZ,14080392,12515904,-22,2,0x404983,CMP,1,Leaf,rdx(ADD) rdi(-1) ,rflags ,CMP,3,ADD,3,ADD,4,CMOVZ,3,TEST,3,CMP,3,JZ,6,MOV,8,MOV,8,MOV,6,1,1,1,1,1,JNE,0,0,1,1,0,0,JE,0,0,4213104,4213104,4213128,1,0,0,0,fortran,2.8578881993076728e-05,0.8888888888888888,1,1,1
0x40495c,JLE,1564488,0,53,2,0x404959,TEST,1,Leaf,rdi(MOV) rdi(MOV) ,rflags ,TEST,3,MOV,5,MOV,5,MOV,8,LEA,8,MOV,5,XOR,2,XOR,2,NOP,9,MOV,3,1,1,0,0,0,NOP,0,0,1,0,0,0,NOP,0,0,4213076,4213137,4213086,0,0,1,0,fortran,3.175431332564081e-06,0.0,0,0,0
0x4048b9,JNZ,1564488,1390656,-384,6,0x4048b3,CMP,1,Leaf,rsp(-1) ,rflags ,CMP,6,ADD,5,MOV,5,ADD,5,MOV,5,MOV,5,MOV,5,MOV,5,MOV,5,MOV,9,0,0,0,1,1,JLE,0,0,1,1,0,0,MOV,1,0,4212878,4212537,4212927,0,0,0,1,fortran,3.175431332564081e-06,0.8888888888888888,1,1,1
0x40487c,JZ,10773399,1539057,10,2,0x404878,CMP,1,Leaf,rbx(-1) ,rflags ,CMP,4,ADD,5,MOV,5,ADD,5,ADD,5,MOV,3,JMP,5,MOV,3,MOV,5,MOV,4,0,1,1,0,0,MOV,1,0,1,0,0,0,JMP,0,0,4212831,4212870,4212862,0,0,0,0,fortran,2.186669935647607e-05,0.1428571428571428,0,0,0
0x404859,JZ,7371749,1144635,2273,6,0x404856,CMP,1,Leaf,eax(-1) ,rflags ,CMP,3,JNZ,2,CMP,3,ADD,3,ADD,4,MOV,5,ADD,5,ADD,5,MOV,5,ADD,5,0,1,0,0,0,NOP,0,0,0,1,0,0,JE,0,0,4212822,4215098,4212831,0,0,1,1,fortran,1.4962392009652954e-05,0.155273192291273,0,0,0
0x404854,JNZ,66345741,58973992,-20,2,0x404851,CMP,1,Leaf,rdx(ADD) r10(-1) ,rflags ,CMP,3,ADD,3,ADD,4,CMOVNZ,3,TEST,2,CMP,3,JZ,6,MOV,5,ADD,5,ADD,5,1,1,1,1,1,JNE,0,0,1,1,0,0,JE,0,0,4212800,4212800,4212822,1,0,0,0,fortran,0.0001346615280868,0.8888888888888888,1,1,1
0x40481a,JLE,7371749,0,69,2,0x40480f,TEST,1,Leaf,r10(MOV) r10(MOV) ,rflags ,MOV,5,MOV,3,TEST,3,ADD,3,MOV,5,MOV,4,MOV,3,LEA,8,ADD,3,XOR,2,0,0,1,0,0,JE,0,0,1,0,0,0,NOP,0,0,4212686,4212831,4212764,0,0,1,1,fortran,1.4962392009652954e-05,0.0,0,0,0
0x4047c8,JNZ,10773399,3401650,151,6,0x4047c5,TEST,1,Leaf,r8d(MOV) r8d(MOV) ,rflags ,TEST,3,MOV,4,ADD,3,LEA,4,MOV,5,MOV,4,MOV,4,MOV,4,MOV,3,MOV,5,1,1,1,0,0,JE,0,0,1,0,0,0,JLE,0,0,4212656,4212831,4212686,0,0,1,1,fortran,2.186669935647607e-05,0.3157452907852016,0,0,0
0x40477b,JZ,1564488,25431,275,6,0x404778,CMP,1,Leaf,eax(-1) ,rflags ,CMP,3,JNZ,2,CMP,3,ADD,3,ADD,4,MOV,5,MOV,5,XOR,3,XOR,3,MOV,3,0,0,1,0,0,JNE,0,0,0,0,0,0,NOP,0,0,4212600,4212878,4212609,0,0,1,1,fortran,3.175431332564081e-06,0.0162551582370718,0,0,0
0x404776,JNZ,14080392,12515904,-22,2,0x404773,CMP,1,Leaf,rdx(ADD) rdi(-1) ,rflags ,CMP,3,ADD,3,ADD,4,CMOVZ,3,TEST,3,CMP,3,JZ,6,MOV,5,MOV,5,XOR,3,1,1,1,1,1,JNE,0,0,1,1,0,0,JE,0,0,4212576,4212576,4212600,1,0,0,0,fortran,2.8578881993076728e-05,0.8888888888888888,1,1,1
0x404741,JLE,1564488,0,64,6,0x40473e,TEST,1,Leaf,rdi(MOV) rdi(MOV) ,rflags ,TEST,3,MOV,5,MOV,5,MOV,8,MOV,5,MOV,5,MOV,5,XOR,2,LEA,4,XOR,2,1,1,0,0,0,NOP,0,0,1,0,0,0,NOP,0,0,4212537,4212609,4212551,0,0,1,0,fortran,3.175431332564081e-06,0.0,0,0,0
0x40427d,JNZ,18027,16024,-28,2,0x40427a,CMP,1,Leaf,r8(ADD) r9(-1) ,rflags ,CMP,3,ADD,5,ADD,4,MOV,6,JNZ,2,MOV,5,MOV,5,MOV,3,MOV,5,MOV,8,0,0,0,1,1,JNE,0,0,0,1,0,0,MOV,1,0,4211313,4211297,4211327,0,0,0,1,fortran,3.658928712277287e-08,0.8888888888888888,1,1,1
0x404269,JNZ,18027,13144,8,2,0x404266,CMP,1,Leaf,r15d(MOV) rdi(-1) ,rflags ,CMP,3,MOV,5,MOV,8,MOV,6,XOR,3,MOV,6,ADD,4,ADD,5,CMP,3,JNZ,2,1,1,1,0,0,JNE,0,0,1,0,0,0,MOV,0,0,4211297,4211313,4211307,1,0,0,1,fortran,3.658928712277287e-08,0.7291285294280802,1,0,1
0x40423d,JNZ,18027,16024,-24,2,0x40423a,CMP,1,Leaf,r15(ADD) r9(-1) ,rflags ,CMP,3,ADD,5,ADD,4,CMOVZ,4,LEA,4,MOV,7,MOV,7,ADD,3,XOR,3,MOV,6,1,1,1,1,1,JNE,0,0,1,1,0,0,MOV,0,0,4211237,4211237,4211263,1,0,0,1,fortran,3.658928712277287e-08,0.8888888888888888,1,1,1
0x404207,JLE,2003,0,120,2,0x404204,TEST,1,Leaf,r9(-1) r9(-1) ,rflags ,TEST,3,ADD,5,IMUL,6,MOV,5,MOV,7,ADD,3,MOV,4,XOR,3,LEA,4,XOR,3,0,1,1,0,0,MOV,0,0,1,0,0,0,MOV,0,0,4211178,4211327,4211209,0,0,1,1,fortran,4.065476346974764e-09,0.0,0,0,0
0x4041e8,JNL,18027,16024,-41,2,0x4041e3,CMP,1,Leaf,rbx(-1) rsp(-1) ,rflags ,CMP,5,ADD,3,ADD,6,CMOVL,4,CMP,3,MOVSXD,3,MOV,7,MOV,5,IMUL,6,ADD,5,1,1,1,1,1,JGE,0,0,1,1,0,0,JLE,0,0,4211135,4211135,4211178,0,0,1,1,fortran,3.658928712277287e-08,0.8888888888888888,1,1,1
0x40417d,JNZ,18027,16024,-28,2,0x40417a,CMP,1,Leaf,r8(ADD) r9(-1) ,rflags ,CMP,3,ADD,5,ADD,4,MOV,6,JNZ,2,MOV,6,MOV,7,JMP,2,MOV,8,MOV,7,0,0,0,1,1,JNE,0,0,1,1,0,0,JMP,1,0,4211057,4211041,4211071,0,0,0,1,fortran,3.658928712277287e-08,0.8888888888888888,1,1,1
0x404169,JNZ,18027,13200,8,2,0x404166,CMP,1,Leaf,r15d(MOV) rdi(-1) ,rflags ,CMP,3,MOV,5,LEA,4,XOR,3,LEA,4,MOV,6,ADD,4,ADD,5,CMP,3,JNZ,2,1,1,1,0,0,JNE,0,0,1,0,0,0,MOV,0,0,4211041,4211057,4211051,1,0,0,1,fortran,3.658928712277287e-08,0.7322349808620403,1,0,1
0x404154,JLE,2003,0,58,2,0x40414a,TEST,1,Leaf,r9(-1) r9(-1) ,rflags ,MOV,7,TEST,3,SUB,3,ADD,7,SBB,3,LEA,4,XOR,3,LEA,4,MOV,5,CMP,3,0,1,0,0,0,MOV,0,0,1,0,0,0,LEA,0,0,4210711,4211086,4211030,0,0,1,0,fortran,4.065476346974764e-09,0.0,0,0,0
0x404006,JNZ,18027,16024,-22,2,0x404003,CMP,1,Leaf,r15(ADD) r9(-1) ,rflags ,CMP,3,ADD,5,ADD,4,CMOVZ,4,LEA,4,MOV,7,MOV,8,MOV,5,XOR,2,TEST,3,1,1,1,1,1,JNE,0,0,1,1,0,0,MOV,0,0,4210672,4210672,4210696,1,0,0,0,fortran,3.658928712277287e-08,0.8888888888888888,1,1,1
0x403fc9,JLE,2003,0,1195,6,0x403fbd,TEST,1,Leaf,r9(-1) r9(-1) ,rflags ,LEA,4,MOV,5,TEST,3,IMUL,6,MOV,7,LEA,4,MOV,8,MOV,4,XOR,3,XOR,3,0,1,0,0,0,JMP,0,0,1,0,0,0,LEA,0,0,4210600,4211828,4210639,0,0,0,1,fortran,4.065476346974764e-09,0.0,0,0,0
0x403fa6,JNL,18027,16024,-41,2,0x403fa1,CMP,1,Leaf,rbx(-1) rsp(-1) ,rflags ,CMP,5,ADD,3,ADD,6,CMOVL,4,CMP,3,MOVSXD,3,MOV,5,MOV,7,IMUL,6,TEST,3,1,1,1,1,1,JGE,0,0,1,1,0,0,JLE,0,0,4210557,4210557,4210600,0,0,1,1,fortran,3.658928712277287e-08,0.8888888888888888,1,1,1
0x403f52,JNZ,18027,16024,-28,2,0x403f4f,CMP,1,Leaf,r8(ADD) r9(-1) ,rflags ,CMP,3,ADD,5,ADD,4,MOV,6,JNZ,2,MOV,7,MOV,5,MOV,6,MOV,8,MOV,9,0,0,0,1,1,JNE,0,0,0,1,0,0,MOV,1,0,4210502,4210486,4210516,0,0,0,1,fortran,3.658928712277287e-08,0.8888888888888888,1,1,1
0x403f3e,JNZ,18027,12667,8,2,0x403f3b,CMP,1,Leaf,r15d(MOV) rdi(-1) ,rflags ,CMP,3,MOV,5,XOR,3,ADD,7,MOV,8,MOV,6,ADD,4,ADD,5,CMP,3,JNZ,2,1,1,1,0,0,JNE,0,0,1,0,0,0,MOV,0,0,4210486,4210502,4210496,1,0,0,1,fortran,3.658928712277287e-08,0.7026682198923836,1,0,1
0x403f1b,JNZ,18027,16024,-24,2,0x403f18,CMP,1,Leaf,r15(ADD) r9(-1) ,rflags ,CMP,3,ADD,5,ADD,4,CMOVZ,4,LEA,4,MOV,7,MOV,8,ADD,7,XOR,3,MOV,5,1,1,1,1,1,JNE,0,0,1,1,0,0,XOR,0,0,4210435,4210435,4210461,1,0,0,1,fortran,3.658928712277287e-08,0.8888888888888888,1,1,1
0x403ee5,JLE,2003,0,111,2,0x403ee2,TEST,1,Leaf,r9(MOV) r9(MOV) ,rflags ,TEST,3,ADD,5,IMUL,6,MOVSXD,3,MOV,4,ADD,3,MOV,8,MOV,4,LEA,4,XOR,3,0,1,1,0,0,MOV,0,0,1,0,0,0,MOV,0,0,4210364,4210516,4210407,0,0,1,1,fortran,4.065476346974764e-09,0.0,0,0,0
0x403eba,JNL,18027,16024,-35,2,0x403eb7,CMP,1,Leaf,rbx(-1) r15(ADD) ,rflags ,CMP,3,ADD,3,ADD,4,CMOVL,4,CMP,3,MOV,8,MOV,7,MOV,5,MOV,4,MOVSXD,3,1,1,1,1,1,JGE,0,0,1,1,0,0,JLE,0,0,4210327,4210327,4210364,1,0,0,1,fortran,3.658928712277287e-08,0.8888888888888888,1,1,1
0x403bb3,JNZ,360775,358772,-2735,6,0x403baf,CMP,1,Leaf,r9d(-1) ,rflags ,CMP,4,JNL,2,CMP,3,ADD,3,ADD,4,MOV,5,MOV,8,MOV,8,MOV,8,MOV,7,0,0,0,0,0,JNE,0,0,1,0,0,0,MOV,1,0,4209583,4206852,4209593,0,0,1,1,fortran,7.322627204592214e-07,0.9944480631972836,1,1,1
0x403bad,JNL,3246975,2886200,-45,2,0x403baa,CMP,1,Leaf,rbx(-1) r13(ADD) ,rflags ,CMP,3,ADD,3,ADD,4,CMOVNZ,9,TEST,3,CMP,4,JNZ,6,MOV,5,MOV,8,MOV,8,1,1,1,1,1,JGE,0,0,1,1,0,0,JNE,0,0,4209536,4209536,4209583,1,0,1,0,fortran,6.590364484132992e-06,0.8888888888888888,1,1,1
0x403b6c,JNLE,1412632,1051857,-2664,6,0x403b69,CMP,1,Leaf,edi(-1) ,rflags ,CMP,3,JNZ,2,CMP,3,ADD,3,ADD,4,MOV,5,MOV,6,XOR,3,LEA,4,MOV,8,0,0,0,0,0,JNE,0,0,1,0,0,0,XOR,0,0,4209513,4206852,4209522,0,0,1,0,fortran,2.867210176225489e-06,0.7446079375237146,1,0,1
0x403b67,JNZ,12713688,11301056,-22,2,0x403b64,CMP,1,Leaf,r8(ADD) rbx(-1) ,rflags ,CMP,3,ADD,3,ADD,4,CMOVNZ,4,LEA,4,CMP,3,JNLE,6,MOV,5,MOV,6,XOR,3,1,1,1,1,1,JNE,0,0,1,1,0,0,JG,0,0,4209489,4209489,4209513,1,0,0,0,fortran,2.58048915860294e-05,0.8888888888888888,1,1,1
0x403b3d,JZ,2904357,2000620,-26,2,0x403b3a,CMP,1,Leaf,r9(MOV) r15d(MOV) ,rflags ,CMP,3,MOV,4,ADD,3,ADD,4,MOV,3,MOV,8,MOV,5,XOR,3,XOR,2,CMP,4,0,0,0,1,1,JL,0,0,1,0,0,0,MOV,1,0,4209452,4209443,4209471,0,0,0,0,fortran,5.894954910968838e-06,0.6888340517367527,1,1,1
0x403b26,JL,2941787,37430,-2594,6,0x403b23,CMP,1,Leaf,rbx(-1) rdi(MOV) ,rflags ,CMP,3,MOV,8,MOV,5,LEA,4,MOV,8,MOV,3,ADD,4,ADD,3,MOV,4,CMP,3,1,0,0,0,0,JNE,1,0,1,0,0,0,JE,0,0,4209443,4206852,4209452,0,1,1,0,fortran,5.970926343653445e-06,0.0127235588436552,0,0,0
0x403b08,JNZ,1450062,508895,63,2,0x403b04,CMP,1,Leaf,rsp(-1) edi(-1) ,rflags ,CMP,4,MOV,7,JMP,5,MOV,2,MOV,7,MOV,8,LEA,4,MOV,5,MOV,8,CMP,3,0,1,0,0,0,XOR,0,0,1,0,0,0,MOV,0,0,4209412,4209479,4209418,0,0,0,1,fortran,2.943181608910095e-06,0.3509470629531703,0,0,0
0x403938,JNZ,23760,21120,-28,2,0x403935,CMP,1,Leaf,r8(ADD) rdi(-1) ,rflags ,CMP,3,ADD,5,ADD,4,MOV,6,JNZ,2,MOV,5,MOV,4,MOV,2,MOV,5,MOV,7,0,0,0,1,1,JNE,0,0,0,1,0,0,MOV,1,0,4208940,4208924,4208954,0,0,0,1,fortran,4.822552072097873e-08,0.8888888888888888,1,1,1
0x403924,JNZ,23760,17540,8,2,0x403921,CMP,1,Leaf,r9d(MOV) rsi(-1) ,rflags ,CMP,3,MOV,5,LEA,4,ADD,3,XOR,3,MOV,6,ADD,4,ADD,5,CMP,3,JNZ,2,1,1,1,0,0,JNE,0,0,1,0,0,0,MOV,0,0,4208924,4208940,4208934,1,0,0,1,fortran,4.822552072097873e-08,0.7382154882154882,1,0,1
0x403908,JLE,2640,0,50,2,0x4038fe,TEST,1,Leaf,rdi(-1) rdi(-1) ,rflags ,MOV,7,TEST,3,SUB,3,ADD,3,SBB,3,MOV,8,XOR,3,ADD,3,LEA,4,MOV,5,0,1,1,0,0,MOV,0,0,1,0,0,0,LEA,0,0,4208583,4208954,4208906,0,0,1,0,fortran,5.358391191219858e-09,0.0,0,0,0
0x4037be,JNZ,23760,21120,-22,2,0x4037bb,CMP,1,Leaf,r12(ADD) rdi(-1) ,rflags ,CMP,3,ADD,5,ADD,4,CMOVZ,4,LEA,4,MOV,7,MOV,5,XOR,2,MOV,8,TEST,3,1,1,1,1,1,JNE,0,0,1,1,0,0,MOV,0,0,4208552,4208552,4208576,1,0,0,0,fortran,4.822552072097873e-08,0.8888888888888888,1,1,1
0x40378a,JLE,2640,0,3314,6,0x40377f,TEST,1,Leaf,rdi(-1) rdi(-1) ,rflags ,MOV,8,TEST,3,ADD,8,IMUL,6,MOV,5,ADD,3,MOV,7,MOV,4,LEA,4,XOR,3,0,1,0,0,0,JMP,0,0,1,0,0,0,XOR,0,0,4208482,4211836,4208528,0,0,0,1,fortran,5.358391191219858e-09,0.0,0,0,0
0x403760,JLE,23760,21120,-41,2,0x40375b,CMP,1,Leaf,rsp(-1) r15(-1) ,rflags ,CMP,5,ADD,3,ADD,6,CMOVL,4,CMP,3,MOVSXD,3,MOV,7,MOV,5,IMUL,6,ADD,8,1,1,1,1,1,JLE,0,0,1,1,0,0,JLE,0,0,4208439,4208439,4208482,0,0,1,1,fortran,4.822552072097873e-08,0.8888888888888888,1,1,1
0x4036ff,JNZ,23760,21120,-28,2,0x4036fc,CMP,1,Leaf,rdi(-1) r8(ADD) ,rflags ,CMP,3,ADD,5,ADD,4,MOV,6,JNZ,2,MOV,6,MOV,7,MOV,6,MOV,5,MOV,8,0,0,0,1,1,JNE,0,0,0,1,0,0,MOV,1,0,4208371,4208355,4208385,0,0,0,1,fortran,4.822552072097873e-08,0.8888888888888888,1,1,1
0x4036eb,JNZ,23760,17591,8,2,0x4036e8,CMP,1,Leaf,r9d(MOV) rsi(-1) ,rflags ,CMP,3,MOV,5,XOR,3,ADD,7,MOV,8,MOV,6,ADD,4,ADD,5,CMP,3,JNZ,2,1,1,1,0,0,JNE,0,0,1,0,0,0,MOV,0,0,4208355,4208371,4208365,1,0,0,1,fortran,4.822552072097873e-08,0.7403619528619528,1,0,1
0x4036c8,JNZ,23760,21120,-23,2,0x4036c5,CMP,1,Leaf,r12(ADD) rdi(-1) ,rflags ,CMP,3,ADD,5,ADD,4,CMOVZ,4,LEA,4,MOV,7,MOV,8,ADD,7,XOR,3,MOV,5,1,1,1,1,1,JNE,0,0,1,1,0,0,XOR,0,0,4208305,4208305,4208330,1,0,0,1,fortran,4.822552072097873e-08,0.8888888888888888,1,1,1
0x403693,JLE,2640,0,110,2,0x403690,TEST,1,Leaf,rdi(-1) rdi(-1) ,rflags ,TEST,3,ADD,8,IMUL,6,MOV,5,MOV,7,ADD,3,MOV,8,MOV,4,LEA,4,XOR,3,0,1,1,0,0,MOV,0,0,1,0,0,0,MOV,0,0,4208243,4208385,4208277,0,0,1,1,fortran,5.358391191219858e-09,0.0,0,0,0
0x403671,JLE,23760,21120,-41,2,0x40366c,CMP,1,Leaf,rsp(-1) r15(-1) ,rflags ,CMP,5,ADD,3,ADD,6,CMOVL,4,CMP,3,MOVSXD,3,MOV,7,MOV,5,IMUL,6,ADD,8,1,1,1,1,1,JLE,0,0,1,1,0,0,JLE,0,0,4208200,4208200,4208243,0,0,1,1,fortran,4.822552072097873e-08,0.8888888888888888,1,1,1
0x40361d,JNZ,23760,21120,-28,2,0x40361a,CMP,1,Leaf,r8(ADD) rdi(-1) ,rflags ,CMP,3,ADD,5,ADD,4,MOV,6,JNZ,2,MOV,7,MOV,5,MOV,6,MOV,8,MOV,9,0,0,0,1,1,JNE,0,0,0,1,0,0,MOV,1,0,4208145,4208129,4208159,0,0,0,1,fortran,4.822552072097873e-08,0.8888888888888888,1,1,1
0x403609,JNZ,23760,16613,8,2,0x403606,CMP,1,Leaf,r9d(MOV) rsi(-1) ,rflags ,CMP,3,MOV,5,XOR,3,ADD,7,MOV,8,MOV,6,ADD,4,ADD,5,CMP,3,JNZ,2,1,1,1,0,0,JNE,0,0,1,0,0,0,MOV,0,0,4208129,4208145,4208139,1,0,0,1,fortran,4.822552072097873e-08,0.6992003367003367,1,0,1
0x4035e6,JNZ,23760,21120,-23,2,0x4035e3,CMP,1,Leaf,r12(ADD) rdi(-1) ,rflags ,CMP,3,ADD,5,ADD,4,CMOVZ,4,LEA,4,MOV,7,MOV,8,ADD,7,XOR,3,MOV,5,1,1,1,1,1,JNE,0,0,1,1,0,0,XOR,0,0,4208079,4208079,4208104,1,0,0,1,fortran,4.822552072097873e-08,0.8888888888888888,1,1,1
0x4035aa,JLE,2640,0,117,2,0x4035a7,TEST,1,Leaf,rdi(MOV) rdi(MOV) ,rflags ,TEST,3,ADD,3,IMUL,6,MOVSXD,3,MOV,8,ADD,3,MOV,8,MOV,4,LEA,4,XOR,3,0,1,1,0,0,MOV,0,0,1,0,0,0,MOV,0,0,4207985,4208159,4208044,0,0,1,1,fortran,5.358391191219858e-09,0.0,0,0,0
0x40356f,JNL,23760,21120,-33,2,0x40356c,CMP,1,Leaf,r15(-1) r12(ADD) ,rflags ,CMP,3,ADD,3,ADD,4,CMOVL,4,CMP,3,MOV,5,MOV,7,MOV,5,MOV,4,MOV,5,1,1,1,1,1,JGE,0,0,1,1,0,0,JLE,0,0,4207950,4207950,4207985,1,0,0,1,fortran,4.822552072097873e-08,0.8888888888888888,1,1,1
0x403272,JNZ,365428,362788,-697,6,0x403266,CMP,1,Leaf,r8d(-1) ,rflags ,MOV,8,CMP,4,JNZ,2,CMP,3,ADD,3,MOV,5,MOV,8,MOV,8,MOV,8,MOV,7,0,0,0,0,0,JNE,0,0,1,0,0,0,MOV,1,0,4207206,4206521,4207224,0,0,1,1,fortran,7.417068849337464e-07,0.9927755946451832,1,1,1
0x403264,JNZ,3288852,2923424,-41,2,0x403261,CMP,1,Leaf,r9(ADD) r15(-1) ,rflags ,CMP,3,ADD,3,ADD,4,CMOVNZ,9,TEST,2,CMP,4,MOV,8,JNZ,6,MOV,5,MOV,8,1,1,1,1,1,JNE,0,0,1,1,0,0,JNE,0,0,4207163,4207163,4207206,1,0,1,0,fortran,6.675361964403717e-06,0.8888888888888888,1,1,1
0x403210,JNLE,1462002,1096574,-599,6,0x40320d,CMP,1,Leaf,esi(-1) ,rflags ,CMP,3,JNZ,2,CMP,3,ADD,3,ADD,4,MOV,3,SUB,4,MOV,5,MOV,8,XOR,3,0,0,0,0,0,JNE,0,0,1,0,0,0,MOV,0,0,4207117,4206521,4207126,0,0,1,1,fortran,2.9674161508885665e-06,0.7500495895354452,1,0,1
0x40320b,JNZ,13158018,11696016,-22,2,0x403208,CMP,1,Leaf,rdi(ADD) r15(-1) ,rflags ,CMP,3,ADD,3,ADD,4,CMOVNZ,4,LEA,4,CMP,3,JNLE,6,MOV,3,SUB,4,MOV,5,1,1,1,1,1,JNE,0,0,1,1,0,0,JG,0,0,4207093,4207093,4207117,1,0,0,0,fortran,2.6706745357997096e-05,0.8888888888888888,1,1,1
0x4031ec,JZ,3102372,2138505,-23,2,0x4031e8,CMP,1,Leaf,r9d(MOV) rsi(ADD) r8(-1) ,rflags ,CMP,4,ADD,3,MOV,3,JL,6,CMP,3,MOV,3,XOR,2,XOR,2,CMP,4,LEA,4,0,0,0,1,1,JL,0,0,0,0,0,0,XOR,1,0,4207074,4207061,4207086,0,0,0,0,fortran,6.296864695714823e-06,0.6893128870425597,1,1,1
0x4031dc,JL,3158281,55909,-547,6,0x4031d9,CMP,1,Leaf,r15(-1) rdi(ADD) ,rflags ,CMP,3,ADD,4,MOV,5,LEA,4,ADD,8,MOV,3,ADD,3,CMP,4,JZ,2,MOV,3,1,0,0,0,0,JNE,1,0,1,0,0,0,JE,0,0,4207061,4206521,4207074,0,0,1,0,fortran,6.410342837044335e-06,0.0177023513740544,0,0,0
0x4031bd,JNZ,1517911,498135,49,2,0x4031b9,CMP,1,Leaf,rsp(-1) esi(MOV) ,rflags ,CMP,4,MOV,7,JMP,5,MOV,8,MOV,8,MOV,5,ADD,8,LEA,4,MOV,5,ADD,4,0,1,0,0,0,XOR,0,0,1,0,0,0,MOV,0,0,4207033,4207086,4207039,0,0,0,0,fortran,3.080894292218078e-06,0.3281714145295739,0,0,0
0x403165,JNZ,1550736,1378432,-6216,6,0x40315c,CMP,1,Leaf,rsp(-1) ,rflags ,CMP,9,ADD,8,ADD,6,MOV,5,ADD,9,ADD,7,POP,1,POP,1,POP,2,POP,2,0,0,0,1,1,NOP,0,0,1,1,0,0,RET,1,0,4206912,4200733,4206955,0,1,1,0,fortran,3.1475189857225446e-06,0.8888888888888888,1,1,1
0x40312e,JNZ,2755816,1911634,-190,6,0x403126,CMP,1,Leaf,rsp(-1) ,rflags ,CMP,8,ADD,5,MOV,5,ADD,8,ADD,3,MOV,7,JMP,5,ADD,9,MOV,5,ADD,6,0,0,0,1,1,JNE,0,0,1,0,0,0,JMP,1,0,4206852,4206704,4206900,0,0,0,0,fortran,5.593462189023767e-06,0.693672581914032,1,1,1
0x403102,JLE,2665385,2642465,-26,2,0x4030ff,CMP,1,Leaf,rdi(-1) rbx(-1) ,rflags ,CMP,3,JNZ,6,CMP,3,MOV,4,ADD,3,ADD,8,MOV,5,ADD,3,ADD,8,MOV,5,1,1,0,0,0,JNE,0,0,0,0,0,0,JNE,1,0,4206847,4206824,4206852,1,0,0,1,fortran,5.409914964094523e-06,0.991400867041722,1,1,1
0x4030f9,JNZ,2642465,915545,2564,6,0x4030f6,CMP,1,Leaf,r9(MOV) r13d(MOV) ,rflags ,CMP,3,MOV,4,ADD,3,ADD,4,MOV,3,CMP,3,JLE,2,ADD,8,MOV,5,ADD,3,0,1,0,0,0,MOV,1,0,0,0,1,1,JLE,0,0,4206824,4209405,4206847,0,0,0,0,fortran,5.3633943860252966e-06,0.3464738416592083,0,0,0
0x4030d3,JNZ,1472982,534517,2609,6,0x4030c8,CMP,1,Leaf,rsp(-1) edi(MOV) ,rflags ,MOV,7,CMP,4,MOV,2,MOV,5,MOV,8,MOV,5,MOV,5,JMP,2,NOP,3,MOV,3,0,1,0,0,0,JNE,0,0,1,0,0,0,JMP,0,0,4206769,4209412,4206809,0,0,0,0,fortran,2.9897021869793217e-06,0.362880877023616,0,0,0
0x4030af,JLE,1475271,2289,85,2,0x4030ac,CMP,1,Leaf,edi(-1) ,rflags ,CMP,3,JNZ,2,CMP,3,ADD,3,ADD,4,MOV,5,ADD,3,MOV,8,MOV,5,MOV,2,0,0,0,0,0,JNE,0,0,1,0,0,0,JNE,0,0,4206764,4206852,4206769,0,0,1,1,fortran,2.994348155705345e-06,0.0015515793369489,0,0,0
0x4030aa,JNZ,13277439,11802168,-22,2,0x4030a7,CMP,1,Leaf,r8(ADD) rbx(-1) ,rflags ,CMP,3,ADD,3,ADD,4,CMOVNZ,4,LEA,4,CMP,3,JLE,2,MOV,5,ADD,3,MOV,8,1,1,1,1,1,JNE,0,0,1,1,0,0,JLE,0,0,4206740,4206740,4206764,1,0,0,0,fortran,2.6949133401348103e-05,0.8888888888888888,1,1,1
0x40307c,JNZ,2757819,1282548,136,6,0x40307a,TEST,1,Leaf,edi(MOV) edi(MOV) ,rflags ,TEST,2,MOV,2,MOV,8,MOV,8,LEA,4,MOV,4,MOV,5,XOR,3,LEA,4,XOR,2,1,1,0,0,0,JNE,0,0,1,0,0,0,XOR,0,0,4206704,4206852,4206722,0,0,1,0,fortran,5.597527665370741e-06,0.4650588019010674,0,0,0
0x40302d,JNLE,846185,0,-445,6,0x403023,CMP,1,Leaf,eax(-1) ,rflags ,MOV,7,CMP,3,JNLE,6,CMP,3,JNZ,2,LEA,4,MOV,7,MOV,8,MOV,5,MOV,8,0,0,1,0,0,JNE,0,0,1,0,0,0,MOV,0,0,4206627,4206192,4206643,1,1,0,1,fortran,1.717496306872112e-06,0.0,0,1,0
0x40301d,JNLE,4013813,3167628,-429,6,0x40301a,CMP,1,Leaf,edi(-1) ,rflags ,CMP,3,JNZ,2,CMP,3,ADD,3,ADD,4,CMP,3,MOV,7,JNLE,6,LEA,4,MOV,7,0,0,1,0,0,JNE,0,0,1,0,0,0,JG,0,0,4206618,4206192,4206627,0,0,0,1,fortran,8.146810690304453e-06,0.7891817580938624,1,0,1
0x403018,JNZ,36124317,32110504,-24,2,0x403015,CMP,1,Leaf,r8(ADD) rbx(-1) ,rflags ,CMP,3,ADD,3,ADD,4,CMOVNZ,4,TEST,3,CMP,3,JNLE,6,CMP,3,MOV,7,JNLE,6,1,1,1,1,1,JNE,0,0,1,1,0,0,JG,0,0,4206592,4206592,4206618,1,0,0,0,fortran,7.332129621274007e-05,0.8888888888888888,1,1,1
0x402fe3,JNZ,2850926,1976378,-176,6,0x402fdb,CMP,1,Leaf,rsp(-1) ,rflags ,CMP,8,SUB,5,ADD,5,ADD,8,ADD,3,MOV,7,JMP,5,NOP,3,MOV,3,XOR,3,0,0,0,1,1,JNE,0,0,1,0,0,0,JMP,1,0,4206521,4206387,4206569,0,0,0,0,fortran,5.786506350461995e-06,0.6932407224880618,1,1,1
0x402fb7,JNL,2712695,2688017,-31,2,0x402fb4,CMP,1,Leaf,r15(-1) rsi(-1) ,rflags ,CMP,3,JNZ,6,CMP,3,MOV,4,ADD,3,ADD,8,MOV,5,ADD,3,ADD,8,ADD,5,1,1,0,0,0,JNE,0,0,0,0,0,0,JNE,1,0,4206516,4206488,4206521,1,0,0,1,fortran,5.505939769873543e-06,0.9909027738098092,1,1,1
0x402fae,JNZ,2688017,954861,516,6,0x402fab,CMP,1,Leaf,r8(MOV) r9d(MOV) ,rflags ,CMP,3,MOV,4,ADD,3,ADD,4,MOV,3,CMP,3,JNL,2,ADD,8,MOV,5,ADD,3,0,1,0,0,0,MOV,1,0,0,0,1,1,JGE,0,0,4206488,4207026,4206516,0,0,0,0,fortran,5.455850990397436e-06,0.3552287801751254,0,0,0
0x402f82,JNZ,1542589,563050,567,6,0x402f77,CMP,1,Leaf,rsp(-1) esi(MOV) ,rflags ,MOV,7,CMP,4,MOV,2,MOV,8,ADD,3,LEA,4,MOV,5,JMP,2,NOP,5,MOV,5,0,1,0,0,0,JNE,0,0,1,0,0,0,JMP,0,0,4206437,4207033,4206472,0,0,0,0,fortran,3.1309830716941857e-06,0.3650032510279796,0,0,0
0x402f63,JLE,1544952,2363,86,2,0x402f60,CMP,1,Leaf,esi(-1) ,rflags ,CMP,3,JNZ,2,CMP,3,ADD,3,ADD,4,MOV,5,ADD,3,MOV,8,MOV,2,CMP,4,0,0,0,0,0,JNE,0,0,1,0,0,0,JNE,0,0,4206432,4206521,4206437,0,0,1,1,fortran,3.1357792377490538e-06,0.0015294973565521,0,0,0
0x402f5e,JNZ,13904568,12359616,-22,2,0x402f5b,CMP,1,Leaf,rdi(ADD) r15(-1) ,rflags ,CMP,3,ADD,3,ADD,4,CMOVNZ,4,LEA,4,CMP,3,JLE,2,MOV,5,ADD,3,MOV,8,1,1,1,1,1,JNE,0,0,1,1,0,0,JLE,0,0,4206408,4206408,4206432,1,0,0,0,fortran,2.8222013139741484e-05,0.8888888888888888,1,1,1
0x402f3f,JNZ,2853566,1308614,122,2,0x402f3d,TEST,1,Leaf,esi(MOV) esi(MOV) ,rflags ,TEST,2,MOV,2,MOV,8,MOV,8,SUB,5,MOV,3,XOR,2,XOR,2,CMP,4,LEA,4,1,1,0,0,0,JNE,0,0,1,0,0,0,XOR,0,0,4206387,4206521,4206401,0,0,1,0,fortran,5.791864741653214e-06,0.4585890075785876,0,0,0
0x402ef6,JNLE,877188,0,-758,6,0x402eec,CMP,1,Leaf,eax(-1) ,rflags ,MOV,7,CMP,3,JZ,2,CMP,3,MOV,4,MOV,8,LEA,4,MOV,7,MOV,5,MOV,8,0,0,1,0,0,JNE,0,0,1,0,0,0,MOV,0,0,4206316,4205568,4206332,1,1,0,1,fortran,1.7804228985771837e-06,0.0,0,1,0
0x402eea,JZ,2165602,1614000,-26,2,0x402ee7,CMP,1,Leaf,r8(MOV) r9d(MOV) ,rflags ,CMP,3,MOV,4,ADD,3,ADD,4,MOV,3,CMP,3,MOV,7,JNLE,6,MOV,8,LEA,4,0,0,0,1,1,JL,0,0,0,0,0,0,JG,1,0,4206297,4206288,4206316,0,0,0,1,fortran,4.39550859109398e-06,0.745289300619412,1,1,1
0x402ed3,JL,2247779,82177,-723,6,0x402ed0,CMP,1,Leaf,r15(-1) rsi(-1) ,rflags ,CMP,3,NOP,9,MOV,5,MOV,5,JNZ,2,MOV,3,ADD,4,ADD,3,MOV,4,CMP,3,1,0,1,0,0,JNE,1,0,1,0,0,0,JE,0,0,4206288,4205568,4206297,0,1,0,0,fortran,4.562302724776129e-06,0.0365591991027587,0,0,0
0x402ebb,JNZ,959365,325586,49,2,0x402eb5,CMP,1,Leaf,edi(MOV) esi(MOV) ,rflags ,MOV,4,CMP,2,MOV,4,MOV,2,MOV,2,MOV,5,MOV,5,NOP,9,CMP,3,JL,6,0,1,0,0,0,JG,0,0,1,0,0,0,NOP,0,0,4206236,4206316,4206269,0,0,1,0,fortran,1.947217032259333e-06,0.3393765667915757,0,0,0
0x402e89,JNZ,6367563,4928067,-169,6,0x402e86,CMP,1,Leaf,eax(ADD) ,rflags ,CMP,3,ADD,5,ADD,3,SUB,3,ADD,5,MOV,8,JMP,5,MOV,5,LEA,4,MOV,8,0,0,0,1,1,JNE,0,0,1,1,0,0,JMP,1,0,4206192,4206048,4206223,0,0,0,0,fortran,1.2924202079067232e-05,0.7739329787549805,1,1,1
0x402e6a,JNL,7474805,7411111,-26,2,0x402e67,CMP,1,Leaf,rbx(-1) rdi(-1) ,rflags ,CMP,3,JNZ,6,CMP,3,MOV,4,ADD,3,NOP,4,ADD,3,ADD,3,ADD,5,SUB,3,1,1,0,0,0,JNE,0,0,1,0,0,0,NOP,1,0,4206183,4206160,4206188,1,0,0,0,fortran,1.51715641166993e-05,0.9914788412540528,1,1,1
0x402e61,JNZ,7411111,2519231,407,6,0x402e5e,CMP,1,Leaf,r9(MOV) r15d(MOV) ,rflags ,CMP,3,MOV,4,ADD,3,ADD,4,MOV,3,CMP,3,JNL,2,NOP,4,ADD,3,ADD,3,0,0,0,0,0,XOR,1,0,0,0,1,1,JGE,0,0,4206160,4206584,4206183,0,0,0,0,fortran,1.5042284810436588e-05,0.3399262269854007,0,0,0
0x402e3c,JNZ,4077507,1494582,444,6,0x402e35,CMP,1,Leaf,edi(MOV) r9d(MOV) ,rflags ,MOV,4,CMP,3,MOV,5,MOV,2,MOV,3,MOV,5,MOV,5,JMP,2,NOP,2,MOV,3,0,1,0,0,0,XOR,0,0,1,0,0,0,JMP,0,0,4206109,4206584,4206146,0,0,0,0,fortran,8.276089996567163e-06,0.3665430862534387,0,0,0
0x402e1b,JLE,4081332,3825,85,2,0x402e18,CMP,1,Leaf,edi(-1) ,rflags ,CMP,3,JNZ,2,CMP,3,ADD,3,ADD,4,MOV,5,LEA,4,MOV,5,MOV,3,MOV,2,0,0,1,0,0,JNE,0,0,1,0,0,0,JNE,0,0,4206104,4206192,4206109,0,0,0,1,fortran,8.283853574713532e-06,0.0009371940337125,0,0,0
0x402e16,JNZ,36731988,32650656,-22,2,0x402e13,CMP,1,Leaf,r8(ADD) rbx(-1) ,rflags ,CMP,3,ADD,3,ADD,4,CMOVNZ,4,LEA,4,CMP,3,JLE,2,MOV,5,LEA,4,MOV,5,1,1,1,1,1,JNE,0,0,1,1,0,0,JLE,0,0,4206080,4206080,4206104,1,0,0,0,fortran,7.45546821724218e-05,0.8888888888888888,1,1,1
0x402deb,JNZ,6367563,2286231,133,6,0x402de9,TEST,1,Leaf,edi(MOV) edi(MOV) ,rflags ,TEST,2,MOV,4,MOV,5,NOP,8,MOV,3,LEA,4,XOR,3,XOR,2,MOV,3,NOP,3,1,1,1,0,0,JNE,0,0,1,0,0,0,NOP,0,0,4206048,4206192,4206065,0,0,0,0,fortran,1.2924202079067232e-05,0.3590433263086678,0,0,0
0x402c19,JNZ,6046618,4662577,-137,6,0x402c16,CMP,1,Leaf,eax(ADD) ,rflags ,CMP,3,ADD,5,ADD,3,SUB,3,ADD,5,MOV,8,JMP,5,MOV,4,LEA,5,LEA,5,0,0,0,1,1,JNE,0,0,1,1,0,0,JMP,1,0,4205568,4205456,4205599,0,0,0,0,fortran,1.2272782056011908e-05,0.7711049383308157,1,1,1
0x402bf6,JLE,3829460,959365,678,6,0x402bf3,CMP,1,Leaf,esi(-1) ,rflags ,CMP,3,JNZ,2,CMP,3,ADD,3,ADD,4,NOP,4,ADD,3,ADD,3,ADD,5,SUB,3,0,1,0,0,0,JNE,0,0,1,0,0,0,NOP,0,0,4205555,4206236,4205564,0,0,1,0,fortran,7.77263057997303e-06,0.2505222668470228,0,0,0
0x402bf1,JNZ,34465140,30635680,-25,2,0x402bee,CMP,1,Leaf,rdi(ADD) r15(-1) ,rflags ,CMP,3,ADD,3,ADD,4,CMOVNZ,4,TEST,3,CMP,3,JLE,6,NOP,4,ADD,3,ADD,3,1,1,1,1,1,JNE,0,0,1,1,0,0,JLE,0,0,4205528,4205528,4205555,1,0,0,0,fortran,6.995367521975726e-05,0.8888888888888888,1,1,1
0x402bcb,JLE,3833390,3930,53,2,0x402bc8,CMP,1,Leaf,esi(-1) ,rflags ,CMP,3,JNZ,2,CMP,3,ADD,3,ADD,4,XOR,2,XOR,2,NOP,7,MOV,4,LEA,4,0,0,1,0,0,JNE,0,0,1,0,0,0,NOP,0,0,4205512,4205568,4205517,0,0,0,0,fortran,7.780607275950868e-06,0.0010252022361408,0,0,0
0x402bc6,JNZ,34500510,30667120,-22,2,0x402bc3,CMP,1,Leaf,rdi(ADD) r15(-1) ,rflags ,CMP,3,ADD,3,ADD,4,CMOVNZ,4,LEA,4,CMP,3,JLE,2,XOR,2,XOR,2,NOP,7,1,1,1,1,1,JNE,0,0,1,1,0,0,JLE,0,0,4205488,4205488,4205512,1,0,0,0,fortran,7.002546548355781e-05,0.8888888888888888,1,1,1
0x402b9b,JNZ,6046618,2213228,101,2,0x402b99,TEST,1,Leaf,esi(MOV) esi(MOV) ,rflags ,TEST,2,MOV,4,MOV,5,NOP,1,MOV,8,LEA,4,XOR,2,XOR,2,MOV,3,NOP,8,1,1,1,0,0,JNE,0,0,1,0,0,0,NOP,0,0,4205456,4205568,4205469,0,0,0,0,fortran,1.2272782056011908e-05,0.3660274222714251,0,0,0
0x4029b4,JNZ,19269,12846,-61,2,0x4029af,CMP,1,Leaf,rsi(ADD) rsp(-1) ,rflags ,CMP,5,ADD,5,ADD,4,JNZ,2,CMP,3,JMP,5,NOP,5,MOV,3,JMP,5,MOV,4,0,0,0,1,1,JG,0,0,1,1,0,0,JMP,1,0,4204966,4204919,4204982,0,0,1,0,fortran,3.911016661500585e-08,0.6666666666666666,1,1,1
0x4029a4,JNZ,57807,38538,-23,2,0x4029a1,CMP,1,Leaf,rdx(ADD) rdi(-1) ,rflags ,CMP,3,ADD,5,ADD,4,MOV,6,JNZ,2,ADD,4,ADD,5,CMP,5,JNZ,2,JMP,5,0,0,0,1,1,JNE,0,0,0,1,0,0,JNE,1,0,4204952,4204941,4204966,0,0,0,0,fortran,1.1733049984501757e-07,0.6666666666666666,1,1,1
0x402990,JNZ,57807,41869,8,2,0x40298d,CMP,1,Leaf,r11d(-1) rax(MOV) ,rflags ,CMP,3,MOV,3,JNLE,2,MOV,5,CMP,5,MOV,6,ADD,4,ADD,5,CMP,3,JNZ,2,1,1,1,0,0,JNE,0,0,1,0,0,0,MOV,0,0,4204941,4204952,4204946,1,0,0,1,fortran,1.1733049984501757e-07,0.7242894459148546,1,0,1
0x402988,JNLE,19269,0,30,2,0x40297e,CMP,1,Leaf,rsp(-1) rax(MOV) ,rflags ,MOV,5,CMP,5,MOV,5,XOR,2,SUB,5,MOV,3,CMP,3,JNZ,2,MOV,6,ADD,4,1,1,1,0,0,JNE,0,0,1,0,0,0,MOV,0,0,4204919,4204966,4204938,0,0,0,0,fortran,3.911016661500585e-08,0.0,0,0,0
0x40294d,JNZ,19269,12846,-94,2,0x402945,CMP,1,Leaf,rsp(-1) rdx(MOV) ,rflags ,CMP,8,ADD,8,MOV,5,MOV,5,ADD,9,MOV,4,MOV,8,XOR,2,SUB,2,MOV,2,0,0,0,1,1,JG,0,0,1,1,0,0,SUB,1,0,4204842,4204783,4204879,0,0,0,1,fortran,3.911016661500585e-08,0.6666666666666666,1,1,1
0x402921,JNZ,57807,38538,-21,2,0x40291e,CMP,1,Leaf,rcx(ADD) rsi(-1) ,rflags ,CMP,3,ADD,5,ADD,4,CMOVZ,3,LEA,3,MOV,7,ADD,9,MOV,5,MOV,5,ADD,8,1,1,1,1,1,JNE,0,0,1,1,0,0,MOV,0,0,4204812,4204812,4204835,1,0,0,0,fortran,1.1733049984501757e-07,0.6666666666666666,1,1,1
0x4028f9,JNLE,19269,0,49,2,0x4028f4,CMP,1,Leaf,rsp(-1) rdx(MOV) ,rflags ,CMP,5,MOV,5,SUB,5,LEA,4,MOV,8,MOV,8,XOR,2,MOV,7,CMP,3,LEA,3,1,1,1,0,0,JNE,0,0,1,0,0,0,MOV,0,0,4204783,4204842,4204795,0,0,1,1,fortran,3.911016661500585e-08,0.0,0,0,0
0x4028a4,JNLE,6423,0,7136,6,0x40289f,CMP,1,Leaf,rsp(-1) rcx(-1) ,rflags ,CMP,5,ADD,4,IMUL,6,SBB,3,CMP,8,ADD,8,MOV,5,XOR,2,ADD,8,MOV,12,0,1,0,0,0,MOV,0,0,1,0,0,0,SUB,0,0,4204382,4211844,4204714,0,0,1,1,fortran,1.3036722205001952e-08,0.0,0,0,0
0x40275c,JNL,57807,51384,-31,2,0x402759,CMP,1,Leaf,rbp(-1) rsi(ADD) ,rflags ,CMP,3,ADD,3,ADD,4,CMOVL,3,CMP,2,MOV,7,XOR,2,MOV,5,MOV,3,TEST,2,1,1,1,1,1,JGE,0,0,1,1,0,0,JG,0,0,4204349,4204349,4204382,1,0,0,0,fortran,1.1733049984501757e-07,0.8888888888888888,1,1,1
0x402715,JNZ,19269,12846,-61,2,0x402710,CMP,1,Leaf,rsi(ADD) rsp(-1) ,rflags ,CMP,5,ADD,5,ADD,4,JNZ,2,CMP,3,MOV,6,MOV,5,MOV,5,MOV,8,MOV,5,0,0,0,1,1,JG,0,0,0,1,0,0,MOV,1,0,4204295,4204248,4204311,0,0,0,1,fortran,3.911016661500585e-08,0.6666666666666666,1,1,1
0x402705,JNZ,57807,38538,-28,2,0x402702,CMP,1,Leaf,rdx(ADD) rdi(-1) ,rflags ,CMP,3,ADD,5,ADD,4,MOV,6,JNZ,2,ADD,4,ADD,5,CMP,5,JNZ,2,MOV,6,0,0,0,1,1,JNE,0,0,0,1,0,0,JNE,1,0,4204281,4204265,4204295,0,0,0,0,fortran,1.1733049984501757e-07,0.6666666666666666,1,1,1
0x4026f1,JNZ,57807,41886,8,2,0x4026ee,CMP,1,Leaf,r11d(MOV) rax(-1) ,rflags ,CMP,3,MOV,5,JNLE,2,CMP,5,MOV,3,MOV,6,ADD,4,ADD,5,CMP,3,JNZ,2,1,1,1,0,0,JNE,0,0,1,0,0,0,MOV,0,0,4204265,4204281,4204275,1,0,0,1,fortran,1.1733049984501757e-07,0.7245835279464424,1,0,1
0x4026e7,JNLE,19269,0,32,2,0x4026e2,CMP,1,Leaf,rsp(-1) r11(MOV) ,rflags ,CMP,5,MOV,3,MOV,5,XOR,2,SUB,5,MOV,5,CMP,3,JNZ,2,MOV,6,ADD,4,1,1,1,0,0,JNE,0,0,1,0,1,0,JNE,0,0,4204248,4204295,4204265,0,0,0,0,fortran,3.911016661500585e-08,0.0,0,0,0
0x4026b8,JNZ,19269,12846,-91,2,0x4026b3,CMP,1,Leaf,r11(ADD) rsp(-1) ,rflags ,CMP,5,ADD,5,ADD,4,MOV,8,MOV,8,MOV,5,MOV,8,ADD,6,XOR,2,LEA,4,0,0,0,1,1,JG,0,0,1,1,0,0,SUB,1,0,4204202,4204125,4204218,0,0,0,1,fortran,3.911016661500585e-08,0.6666666666666666,1,1,1
0x402698,JNZ,57807,38538,-21,2,0x402695,CMP,1,Leaf,rdx(ADD) rcx(-1) ,rflags ,CMP,3,ADD,5,ADD,4,CMOVZ,3,LEA,3,MOV,8,MOV,8,ADD,4,ADD,5,CMP,5,1,1,1,1,1,JNE,0,0,1,1,0,0,MOV,0,0,4204163,4204163,4204186,1,0,0,0,fortran,1.1733049984501757e-07,0.6666666666666666,1,1,1
0x402667,JNLE,19269,0,67,2,0x402662,CMP,1,Leaf,rsp(-1) rax(MOV) ,rflags ,CMP,5,MOV,5,SUB,5,LEA,4,MOV,5,MOV,8,MOV,5,MOV,3,XOR,2,MOV,8,1,1,1,0,0,JNE,0,0,1,0,0,0,MOV,0,0,4204125,4204202,4204137,0,0,0,1,fortran,3.911016661500585e-08,0.0,0,0,0
0x402620,JNLE,6423,0,247,6,0x40261b,CMP,1,Leaf,rsp(-1) rcx(MOV) ,rflags ,CMP,5,ADD,4,IMUL,6,MOV,5,MOV,4,ADD,8,MOV,5,XOR,3,ADD,8,XOR,2,0,1,1,0,0,MOV,0,0,1,0,0,0,SUB,0,0,4204037,4204311,4204070,0,0,1,1,fortran,1.3036722205001952e-08,0.0,0,0,0
0x402603,JNL,57807,51384,-31,2,0x402600,CMP,1,Leaf,rbp(-1) rdi(ADD) ,rflags ,CMP,3,ADD,3,ADD,4,CMOVL,3,CMP,2,MOVSXD,3,MOV,4,MOV,5,IMUL,6,ADD,4,1,1,1,1,1,JGE,0,0,1,1,0,0,JG,0,0,4204004,4204004,4204037,1,0,0,1,fortran,1.1733049984501757e-07,0.8888888888888888,1,1,1
0x4025c6,JNZ,19269,12846,-61,2,0x4025c1,CMP,1,Leaf,rsi(ADD) rsp(-1) ,rflags ,CMP,5,ADD,5,ADD,4,JNZ,2,CMP,3,MOV,5,MOV,8,MOV,5,MOV,5,MOV,5,0,0,0,1,1,JG,0,0,0,1,0,0,MOV,1,0,4203960,4203913,4203976,0,0,0,0,fortran,3.911016661500585e-08,0.6666666666666666,1,1,1
0x4025b6,JNZ,57807,38538,-28,2,0x4025b3,CMP,1,Leaf,rdx(ADD) rdi(-1) ,rflags ,CMP,3,ADD,5,ADD,4,MOV,6,JNZ,2,ADD,4,ADD,5,CMP,5,JNZ,2,MOV,5,0,0,0,1,1,JNE,0,0,0,1,0,0,JNE,1,0,4203946,4203930,4203960,0,0,0,0,fortran,1.1733049984501757e-07,0.6666666666666666,1,1,1
0x4025a2,JNZ,57807,39420,8,2,0x40259f,CMP,1,Leaf,r11d(MOV) rax(-1) ,rflags ,CMP,3,MOV,5,JNLE,2,CMP,5,MOV,3,MOV,6,ADD,4,ADD,5,CMP,3,JNZ,2,1,1,1,0,0,JNE,0,0,1,0,0,0,MOV,0,0,4203930,4203946,4203940,1,0,0,1,fortran,1.1733049984501757e-07,0.6819243344231667,1,0,1
0x402598,JNLE,19269,0,32,2,0x402593,CMP,1,Leaf,rsp(-1) r11(MOV) ,rflags ,CMP,5,MOV,3,MOV,5,XOR,2,SUB,5,MOV,5,CMP,3,JNZ,2,MOV,6,ADD,4,1,1,1,0,0,JNE,0,0,1,0,1,0,JNE,0,0,4203913,4203960,4203930,0,0,0,0,fortran,3.911016661500585e-08,0.0,0,0,0
0x402569,JNZ,19269,12846,-91,2,0x402564,CMP,1,Leaf,r11(ADD) rsp(-1) ,rflags ,CMP,5,ADD,5,ADD,4,MOV,8,MOV,8,MOV,5,MOV,8,ADD,6,XOR,2,LEA,4,0,0,0,1,1,JG,0,0,1,1,0,0,SUB,1,0,4203867,4203790,4203883,0,0,0,1,fortran,3.911016661500585e-08,0.6666666666666666,1,1,1
0x402549,JNZ,57807,38538,-21,2,0x402546,CMP,1,Leaf,rdx(ADD) rcx(-1) ,rflags ,CMP,3,ADD,5,ADD,4,CMOVZ,3,LEA,3,MOV,8,MOV,8,ADD,4,ADD,5,CMP,5,1,1,1,1,1,JNE,0,0,1,1,0,0,MOV,0,0,4203828,4203828,4203851,1,0,0,0,fortran,1.1733049984501757e-07,0.6666666666666666,1,1,1
0x402518,JNLE,19269,0,67,2,0x402513,CMP,1,Leaf,rsp(-1) rax(MOV) ,rflags ,CMP,5,MOV,5,SUB,5,LEA,4,MOV,5,MOV,8,MOV,5,MOV,3,XOR,2,MOV,8,1,1,1,0,0,JNE,0,0,1,0,0,0,MOV,0,0,4203790,4203867,4203802,0,0,0,1,fortran,3.911016661500585e-08,0.0,0,0,0
0x4024d1,JNLE,6423,0,247,6,0x4024cc,CMP,1,Leaf,rsp(-1) rcx(MOV) ,rflags ,CMP,5,ADD,4,IMUL,6,MOV,4,MOV,5,ADD,8,MOV,5,XOR,3,ADD,8,XOR,2,0,1,1,0,0,MOV,0,0,1,0,0,0,SUB,0,0,4203702,4203976,4203735,0,0,0,1,fortran,1.3036722205001952e-08,0.0,0,0,0
0x4024b4,JNL,57807,51384,-31,2,0x4024b1,CMP,1,Leaf,rbp(-1) rdi(ADD) ,rflags ,CMP,3,ADD,3,ADD,4,CMOVL,3,CMP,2,MOVSXD,3,MOV,5,MOV,4,IMUL,6,ADD,4,1,1,1,1,1,JGE,0,0,1,1,0,0,JG,0,0,4203669,4203669,4203702,1,0,0,1,fortran,1.1733049984501757e-07,0.8888888888888888,1,1,1
0x402197,JNZ,487528,481105,-511,6,0x40218c,CMP,1,Leaf,r12d(-1) ,rflags ,MOV,7,CMP,4,JNL,2,CMP,8,MOV,8,MOV,8,MOV,5,MOV,8,MOV,8,MOV,8,0,0,0,0,0,JE,0,0,1,0,0,0,MOV,1,0,4202892,4202392,4202909,0,0,0,1,fortran,9.895324775276649e-07,0.9868253720811933,1,1,1
0x40218a,JNL,4387752,3900224,-64,2,0x402182,CMP,1,Leaf,rsp(-1) rdx(MOV) ,rflags ,CMP,8,MOV,8,ADD,8,ADD,9,CMOVNZ,9,CMP,4,MOV,7,JNZ,6,MOV,8,MOV,5,1,1,1,1,1,JGE,0,0,1,1,0,0,JNE,0,0,4202826,4202826,4202892,0,0,1,0,fortran,8.905792297748983e-06,0.8888888888888888,1,1,1
0x402121,JNLE,1451148,963620,-393,6,0x402117,CMP,1,Leaf,eax(-1) ,rflags ,MOV,7,CMP,3,JNZ,2,CMP,8,ADD,8,MOV,7,MOV,5,XOR,3,MOV,8,MOV,12,0,0,0,0,0,JE,0,0,1,0,0,0,MOV,0,0,4202775,4202392,4202791,0,0,0,1,fortran,2.9453858561955737e-06,0.6640397809182799,1,0,1
0x402115,JNZ,13060332,11609184,-29,2,0x40210d,CMP,1,Leaf,rsp(-1) r12(ADD) ,rflags ,CMP,8,ADD,8,ADD,4,CMOVNZ,3,LEA,3,CMP,3,MOV,7,JNLE,6,MOV,7,MOV,5,1,1,1,1,1,JNE,0,0,1,1,0,0,JG,0,0,4202744,4202744,4202775,1,0,0,0,fortran,2.6508472705760163e-05,0.8888888888888888,1,1,1
0x4020e3,JNZ,9648888,8197740,-331,6,0x4020df,CMP,1,Leaf,edx(SUB) rsp(-1) ,rflags ,CMP,4,SUB,2,SAR,3,MOV,2,IMUL,2,MOV,3,XOR,3,XOR,2,MOV,7,CMP,3,0,0,0,0,0,JE,0,0,1,0,0,0,MOV,0,0,4202705,4202392,4202729,0,0,0,1,fortran,1.9584286539495077e-05,0.8496046383790546,1,0,1
0x4020cf,JZ,15156129,9836598,-50,2,0x4020cb,CMP,1,Leaf,r12(MOV) eax(MOV) ,rflags ,CMP,4,MOV,4,ADD,8,ADD,9,MOV,3,MOV,5,IMUL,2,MOV,2,SAR,3,SUB,2,0,0,0,1,1,JL,0,0,0,0,0,0,JNE,1,0,4202675,4202653,4202705,0,0,0,0,fortran,3.0762298532799936e-05,0.6490178329836068,1,1,1
0x4020ad,JL,15362026,205897,-277,6,0x4020a5,CMP,1,Leaf,rsp(-1) rax(MOV) ,rflags ,CMP,8,MOV,8,MOV,8,MOV,5,LEA,4,MOV,3,ADD,9,ADD,8,MOV,4,CMP,4,1,0,0,0,0,JE,1,0,1,0,0,0,JE,0,0,4202653,4202392,4202675,0,0,0,1,fortran,3.118020636276153e-05,0.0134029847365184,0,0,0
0x402082,JNZ,9854785,4329357,79,2,0x40207b,CMP,1,Leaf,rsp(-1) eax(-1) ,rflags ,CMP,7,MOV,7,JZ,2,CMP,4,MOV,4,MOV,8,LEA,4,MOV,5,MOV,8,MOV,8,0,1,0,0,0,JNE,0,0,1,0,0,0,MOV,0,0,4202619,4202705,4202628,0,0,0,1,fortran,2.0002194369456662e-05,0.4393152159078052,0,0,0
0x402072,JZ,15974215,10134383,-50,2,0x40206e,CMP,1,Leaf,r12(MOV) eax(MOV) ,rflags ,CMP,4,MOV,4,ADD,8,ADD,9,MOV,3,MOV,7,CMP,7,JNZ,2,MOV,8,LEA,4,0,0,0,1,1,JL,0,0,1,0,0,0,MOV,1,0,4202582,4202560,4202612,0,0,0,0,fortran,3.242276247827732e-05,0.63442134715227,1,1,1
0x402050,JL,16148562,174347,-184,6,0x402048,CMP,1,Leaf,rsp(-1) rax(MOV) ,rflags ,CMP,8,MOV,8,MOV,8,MOV,5,MOV,8,MOV,3,ADD,9,ADD,8,MOV,4,CMP,4,1,0,0,0,0,JE,1,0,1,0,0,0,JE,0,0,4202560,4202392,4202582,0,0,0,1,fortran,3.2776633474116566e-05,0.0107964411939589,0,0,0
0x402029,JNZ,10029132,4014953,82,2,0x40201b,CMP,1,Leaf,rsp(-1) eax(MOV) ,rflags ,MOV,7,CMP,7,MOV,3,MOV,8,ADD,3,MOV,8,MOV,5,MOV,8,MOV,8,CMP,8,0,1,0,0,0,JNE,0,0,1,0,0,0,MOV,0,0,4202504,4202619,4202539,0,0,0,1,fortran,2.035606536529591e-05,0.4003290613783924,0,0,0
0x402006,JLE,10042830,13698,-110,2,0x401ffc,CMP,1,Leaf,eax(-1) ,rflags ,MOV,7,CMP,3,JNZ,2,CMP,8,ADD,8,MOV,5,ADD,3,MOV,8,MOV,3,CMP,7,0,0,0,0,0,JE,0,0,1,0,0,0,JNE,0,0,4202492,4202392,4202504,0,0,0,1,fortran,2.038386810868126e-05,0.00136395816717,0,0,0
0x401ffa,JNZ,90385470,80342640,-29,2,0x401ff2,CMP,1,Leaf,rsp(-1) r12(ADD) ,rflags ,CMP,8,ADD,8,ADD,4,CMOVNZ,3,LEA,3,CMP,3,MOV,7,JLE,2,MOV,5,ADD,3,1,1,1,1,1,JNE,0,0,1,1,0,0,JLE,0,0,4202461,4202461,4202492,1,0,0,0,fortran,0.0001834548129781,0.8888888888888888,1,1,1
0x401fbc,JNZ,15624632,5581802,-36,2,0x401fba,TEST,1,Leaf,eax(MOV) eax(MOV) ,rflags ,TEST,2,MOV,2,JLE,2,CMP,3,JZ,6,MOV,5,MOV,3,XOR,3,MOV,7,ADD,3,0,0,0,0,0,JE,0,0,1,0,0,0,XOR,0,0,4202424,4202392,4202430,0,0,0,1,fortran,3.1713216088959056e-05,0.357243741804607,0,0,0
0x401fb6,JLE,31621626,15996994,-30,2,0x401fb3,CMP,1,Leaf,esi(-1) r10d(-1) ,rflags ,CMP,3,JZ,6,CMP,3,SUB,3,ADD,3,MOV,2,TEST,2,JNZ,2,MOV,5,MOV,3,1,1,0,0,0,JE,0,0,1,0,0,0,JNE,0,0,4202419,4202392,4202424,1,0,0,0,fortran,6.418221295850335e-05,0.5058877743984449,1,0,1
0x401fad,JZ,31615203,3509491,-146,6,0x401faa,CMP,1,Leaf,ecx(ADD) ,rflags ,CMP,3,SUB,3,ADD,3,ADD,3,ADD,3,CMP,3,JLE,2,MOV,2,TEST,2,JNZ,2,0,0,0,0,0,JE,1,0,0,0,1,1,JLE,0,0,4202392,4202267,4202419,0,0,1,0,fortran,6.416917623629834e-05,0.1110064357328339,0,0,0
0x401f49,JNZ,10537114,7021200,-46,2,0x401f45,CMP,1,Leaf,edx(SUB) rsp(-1) ,rflags ,CMP,4,SUB,2,SAR,3,IMUL,2,MOV,5,MOV,5,MOV,5,MOV,2,MOV,5,MOV,8,1,1,0,0,0,JE,0,0,1,0,0,0,JMP,0,0,4202294,4202267,4202315,0,0,1,0,fortran,2.138711319639373e-05,0.666330458226038,1,0,1
0x401f30,JZ,10530691,1167676,4685,6,0x401f2d,CMP,1,Leaf,ebp(ADD) ,rflags ,CMP,3,ADD,5,MOV,5,ADD,5,ADD,3,LEA,3,MOV,5,IMUL,2,SAR,3,SUB,2,0,1,0,0,0,JMP,1,0,0,0,1,1,JNE,0,0,4202267,4206973,4202294,0,0,0,0,fortran,2.137407647418873e-05,0.1108831319806079,0,0,0
0x401eb5,JZ,3619492,2854410,-21,2,0x401eb3,CMP,1,Leaf,rcx(MOV) edi(MOV) ,rflags ,CMP,2,MOV,4,ADD,3,ADD,4,MOV,3,MOV,5,MOV,5,MOV,5,MOV,8,MOV,8,0,0,0,1,1,JL,0,0,0,0,0,0,JMP,1,0,4202149,4202144,4202167,0,0,0,1,fortran,7.346459867231343e-06,0.788621718185867,1,1,1
0x401ea3,JL,3808136,188644,-123,2,0x401ea0,CMP,1,Leaf,rbp(-1) rax(-1) ,rflags ,CMP,3,NOP,2,MOV,5,MOV,8,JNZ,2,MOV,3,ADD,4,ADD,3,MOV,4,CMP,2,1,0,1,0,0,JNE,1,0,1,0,0,0,JE,0,0,4202144,4202024,4202149,0,1,0,0,fortran,7.729349392942131e-06,0.0495370963642054,0,0,0
0x401e8f,JNZ,1362743,409017,40,2,0x401e86,CMP,1,Leaf,eax(MOV) edx(MOV) ,rflags ,MOV,7,CMP,2,MOV,7,MOV,8,MOV,2,MOV,8,MOV,5,NOP,2,CMP,3,JL,2,0,1,0,0,0,JMP,0,0,1,0,0,0,NOP,0,0,4202085,4202167,4202129,0,0,1,0,fortran,2.765950790566865e-06,0.300142433312811,0,0,0
0x401e63,JNZ,3878791,2516048,-59,2,0x401e5f,CMP,1,Leaf,edx(SUB) rsp(-1) ,rflags ,CMP,4,SUB,2,SAR,3,MOV,3,IMUL,3,MOV,5,MOV,5,LEA,4,MOV,2,MOV,2,0,0,1,0,0,JNE,0,0,1,0,0,0,JNE,0,0,4202063,4202024,4202085,0,0,0,1,fortran,7.872757396584418e-06,0.6486681030248859,1,0,1
0x401e3d,JNZ,46784466,41586192,-125,2,0x401e39,CMP,1,Leaf,r9d(ADD) ,rflags ,CMP,4,ADD,3,ADD,3,ADD,3,ADD,4,MOV,5,MOV,3,MOV,3,JMP,5,MOV,5,0,0,0,1,1,JGE,0,0,1,1,0,0,JMP,1,0,4202024,4201920,4202047,0,0,0,0,fortran,9.49581327652746e-05,0.8888888888888888,1,1,1
0x401e21,JLE,16220942,3878791,46,2,0x401e1e,CMP,1,Leaf,eax(-1) ,rflags ,CMP,3,JNZ,2,CMP,3,ADD,3,ADD,4,NOP,5,ADD,4,ADD,4,ADD,3,ADD,3,0,1,0,0,0,JNE,0,0,1,0,0,0,NOP,0,0,4202014,4202063,4202019,0,0,0,0,fortran,3.292354269927584e-05,0.2391224258122617,0,0,0
0x401e1c,JNZ,145988478,129767536,-20,2,0x401e19,CMP,1,Leaf,rbp(-1) rdx(ADD) ,rflags ,CMP,3,ADD,3,ADD,4,CMOVNZ,3,TEST,2,CMP,3,JLE,2,NOP,5,ADD,4,ADD,4,1,1,1,1,1,JNE,0,0,1,1,0,0,JLE,0,0,4201992,4201992,4202014,1,0,0,0,fortran,0.0002963118842934,0.8888888888888888,1,1,1
0x401dfb,JLE,16240131,19189,45,2,0x401df8,CMP,1,Leaf,eax(-1) ,rflags ,CMP,3,JNZ,2,CMP,3,ADD,3,ADD,4,XOR,2,XOR,2,NOP,7,MOV,2,LEA,3,0,0,1,0,0,JNE,0,0,1,0,0,0,NOP,0,0,4201976,4202024,4201981,0,0,0,0,fortran,3.296249049040021e-05,0.0011815791387397,0,0,0
0x401df6,JNZ,146161179,129921048,-22,2,0x401df3,CMP,1,Leaf,rbp(-1) rdx(ADD) ,rflags ,CMP,3,ADD,3,ADD,4,CMOVNZ,3,TEST,3,CMP,3,JLE,2,XOR,2,XOR,2,NOP,7,1,1,1,1,1,JNE,0,0,1,1,0,0,JLE,0,0,4201952,4201952,4201976,1,0,0,0,fortran,0.0002966624144136,0.8888888888888888,1,1,1
0x401dcd,JNZ,24533348,8293217,91,2,0x401dcb,TEST,1,Leaf,eax(MOV) eax(MOV) ,rflags ,TEST,2,MOV,4,JNL,2,CMP,5,MOV,3,MOV,5,XOR,2,LEA,4,XOR,2,MOV,3,0,0,1,0,0,JNE,0,0,1,0,0,0,NOP,0,0,4201927,4202024,4201935,0,0,0,0,fortran,4.979518023270126e-05,0.3380385343247892,0,0,0
0x401dc5,JNL,46784466,22251118,99,2,0x401dc0,CMP,1,Leaf,rsp(-1) r10d(MOV) ,rflags ,CMP,5,MOV,3,MOV,3,MOV,3,MOV,3,MOV,4,TEST,2,JNZ,2,MOV,5,XOR,2,1,1,1,0,0,JNE,0,0,1,0,0,0,JNE,0,0,4201920,4202024,4201927,1,0,0,0,fortran,9.49581327652746e-05,0.4756091049537682,0,0,0
0x401d66,JNZ,15594822,10396548,-54,2,0x401d62,CMP,1,Leaf,edx(SUB) rsp(-1) ,rflags ,CMP,4,SUB,2,SAR,3,IMUL,2,MOV,5,MOV,5,ADD,5,MOV,3,MOV,5,MOV,5,1,1,1,0,0,JE,0,0,1,0,0,0,MOV,0,0,4201810,4201776,4201832,0,0,1,1,fortran,3.1652710921758204e-05,0.6666666666666666,1,0,1
0x401d4c,JZ,15594822,1732758,3188,6,0x401d48,CMP,1,Leaf,r13d(ADD) ,rflags ,CMP,4,ADD,5,MOV,5,ADD,5,MOV,5,LEA,4,MOV,5,IMUL,2,SAR,3,SUB,2,0,1,1,0,0,JMP,1,0,0,0,1,1,JNE,0,0,4201776,4204992,4201810,0,0,0,0,fortran,3.1652710921758204e-05,0.1111111111111111,0,0,0
0x401b70,JZ,13956624,1550736,5584,6,0x401b6a,CMP,1,Leaf,rsp(-1) ,rflags ,CMP,6,ADD,5,MOV,5,NOP,5,JLE,2,MOV,5,JMP,5,LEA,4,ADD,4,MOV,5,0,1,1,0,0,JNE,1,0,1,0,0,0,JMP,0,0,4201312,4206912,4201334,0,0,1,0,fortran,2.8327670871502904e-05,0.1111111111111111,0,0,0
0x401b59,JLE,9435558,1732758,39,2,0x401b56,CMP,1,Leaf,eax(-1) ,rflags ,CMP,3,JNZ,2,CMP,3,ADD,3,ADD,4,NOP,5,MOV,5,ADD,5,CMP,6,JZ,6,0,1,0,0,0,LEA,0,0,1,0,0,0,NOP,0,0,4201302,4201344,4201307,0,0,1,0,fortran,1.9151291996759115e-05,0.1836412854438497,0,0,0
0x401b54,JNZ,84920022,75484464,-20,2,0x401b51,CMP,1,Leaf,r14(-1) rdx(ADD) ,rflags ,CMP,3,ADD,3,ADD,4,CMOVNZ,3,TEST,2,CMP,3,JLE,2,NOP,5,MOV,5,ADD,5,1,1,1,1,1,JNE,0,0,1,1,0,0,JLE,0,0,4201280,4201280,4201302,1,0,0,0,fortran,0.0001723616279708,0.8888888888888888,1,1,1
0x401b33,JZ,9513362,77804,45,2,0x401b21,CMP,1,Leaf,esi(-1) ,rflags ,MOV,5,MOV,5,MOV,5,CMP,3,JNZ,2,MOV,3,XOR,2,XOR,2,NOP,4,MOV,2,0,0,1,0,0,JE,0,0,0,0,0,0,NOP,0,0,4201249,4201312,4201269,0,0,1,0,fortran,1.930921028018399e-05,0.0081783916138164,0,0,0
0x401b1f,JNZ,28540086,19026724,-47,2,0x401b1c,CMP,1,Leaf,rax(ADD) r15(-1) ,rflags ,CMP,3,ADD,3,ADD,4,JNZ,2,CMP,3,CMP,3,MOV,5,MOV,5,MOV,5,JZ,2,0,0,0,1,1,JG,0,0,1,1,0,0,JE,1,0,4201237,4201200,4201249,0,0,0,0,fortran,5.7927630840551966e-05,0.6666666666666666,1,1,1
0x401b13,JNZ,85620258,57080172,-19,2,0x401b10,CMP,1,Leaf,rdx(ADD) r8(-1) ,rflags ,CMP,3,ADD,3,ADD,4,CMOVZ,3,LEA,3,ADD,4,ADD,3,CMP,3,JNZ,2,CMP,3,1,1,1,1,1,JNE,0,0,0,1,0,0,JNE,0,0,4201216,4201216,4201237,1,0,0,0,fortran,0.0001737828925216,0.6666666666666666,1,1,1
0x401af3,JNLE,28540086,0,34,2,0x401af0,CMP,1,Leaf,rbx(-1) rbp(-1) ,rflags ,CMP,3,NOP,5,XOR,2,XOR,2,LEA,4,MOV,3,XOR,2,NOP,6,CMP,3,LEA,3,1,1,1,0,0,JNE,0,0,1,0,0,0,NOP,0,0,4201200,4201237,4201205,0,0,0,0,fortran,5.7927630840551966e-05,0.0,0,0,0
0x401aa3,JNLE,9513362,0,146,6,0x401a9e,CMP,1,Leaf,rsp(-1) rax(MOV) ,rflags ,CMP,5,MOV,5,MOV,5,MOV,3,CDQE,2,MOVSXD,3,MOV,5,LEA,4,ADD,4,MOV,5,0,1,0,0,0,NOP,0,0,1,0,0,0,NOP,0,0,4201055,4201269,4201129,0,0,0,1,fortran,1.930921028018399e-05,0.0,0,0,0
0x401a59,JLE,9528449,15087,263,6,0x401a56,CMP,1,Leaf,eax(-1) ,rflags ,CMP,3,JNZ,2,CMP,3,ADD,3,ADD,4,MOV,5,IMUL,3,MOV,3,SAR,3,MOV,4,0,0,1,0,0,JE,0,0,1,0,0,0,JG,0,0,4201046,4201312,4201055,0,0,1,1,fortran,1.933983226802563e-05,0.0015833636723038,0,0,0
0x401a54,JNZ,85756041,76227592,-20,2,0x401a51,CMP,1,Leaf,rdx(ADD) r14(-1) ,rflags ,CMP,3,ADD,3,ADD,4,CMOVNZ,3,TEST,2,CMP,3,JLE,6,MOV,5,IMUL,3,MOV,3,1,1,1,1,1,JNE,0,0,1,1,0,0,JLE,0,0,4201024,4201024,4201046,1,0,0,0,fortran,0.0001740584904122,0.8888888888888888,1,1,1
0x401a03,JLE,9528449,0,349,6,0x4019f8,TEST,1,Leaf,r14(MOV) r14(MOV) ,rflags ,MOV,5,MOV,3,TEST,3,ADD,3,ADD,3,MOV,3,LEA,8,XOR,2,ADD,3,MOV,3,0,0,1,0,0,JE,0,0,1,0,0,0,NOP,0,0,4200880,4201312,4200969,0,0,1,1,fortran,1.933983226802563e-05,0.0,0,0,0
0x4019aa,JNZ,13956624,4428175,438,6,0x4019a7,TEST,1,Leaf,r8d(MOV) r8d(MOV) ,rflags ,TEST,3,MOV,4,MOV,5,MOV,5,MOV,5,MOV,5,MOV,4,MOV,4,MOV,4,MOV,3,1,1,1,0,0,JE,0,0,1,0,0,0,JLE,0,0,4200848,4201312,4200880,0,0,1,1,fortran,2.8327670871502904e-05,0.3172812422259136,0,0,0
0x4018f2,JNZ,1550736,1378432,-430,6,0x4018ec,CMP,1,Leaf,rsp(-1) ,rflags ,CMP,6,SUB,5,ADD,5,ADD,5,MOV,5,MOV,8,MOV,9,MOV,12,MOV,8,MOV,8,0,0,0,1,1,JLE,0,0,1,1,0,0,MOV,1,0,4200638,4200260,4200696,0,0,0,1,fortran,3.1475189857225446e-06,0.8888888888888888,1,1,1
0x4018b5,JNZ,10648463,9127254,-245,6,0x4018b1,CMP,1,Leaf,r13(ADD) ,rflags ,CMP,4,ADD,5,MOV,5,ADD,5,MOV,5,MOV,3,MOV,4,MOV,5,ADD,6,ADD,3,0,0,0,1,1,JNE,0,0,1,1,0,0,MOV,1,0,4200585,4200384,4200635,0,0,0,0,fortran,2.161311755273886e-05,0.8571428571428571,1,1,1
0x401883,JLE,7288076,1384041,4421,6,0x401880,CMP,1,Leaf,eax(-1) ,rflags ,CMP,3,JNZ,2,CMP,3,ADD,3,ADD,4,ADD,4,MOV,5,ADD,6,ADD,5,MOV,5,0,1,0,0,0,MOV,0,0,0,1,0,0,JNE,0,0,4200576,4205000,4200585,0,0,1,1,fortran,1.479256145429578e-05,0.189904852803401,0,0,0
0x40187e,JNZ,65592684,58304608,-22,2,0x40187b,CMP,1,Leaf,rdx(ADD) r15(-1) ,rflags ,CMP,3,ADD,3,ADD,4,CMOVNZ,3,TEST,3,CMP,3,JLE,6,ADD,4,MOV,5,ADD,6,1,1,1,1,1,JNE,0,0,1,1,0,0,JLE,0,0,4200552,4200552,4200576,1,0,0,0,fortran,0.0001331330530886,0.8888888888888888,1,1,1
0x40185b,JLE,7297430,9354,46,2,0x401858,CMP,1,Leaf,eax(-1) ,rflags ,CMP,3,JNZ,2,CMP,3,ADD,3,ADD,4,XOR,2,XOR,2,NOP,7,MOV,3,LEA,3,0,0,1,0,0,JNE,0,0,1,0,0,0,NOP,0,0,4200536,4200585,4200541,0,0,1,0,fortran,1.4811547208539216e-05,0.0012818211342897,0,0,0
0x401856,JNZ,65676870,58379440,-22,2,0x401853,CMP,1,Leaf,rdx(ADD) r15(-1) ,rflags ,CMP,3,ADD,3,ADD,4,CMOVNZ,3,TEST,3,CMP,3,JLE,2,XOR,2,XOR,2,NOP,7,1,1,1,1,1,JNE,0,0,1,1,0,0,JLE,0,0,4200512,4200512,4200536,1,0,0,0,fortran,0.0001333039248768,0.8888888888888888,1,1,1
0x40181b,JLE,7297430,0,110,2,0x40180f,TEST,1,Leaf,r15(MOV) r15(MOV) ,rflags ,MOV,4,MOV,5,TEST,3,ADD,3,ADD,3,MOV,4,LEA,4,LEA,8,XOR,2,XOR,2,0,0,1,0,0,JNE,0,0,1,0,0,0,NOP,0,0,4200411,4200585,4200477,0,0,1,0,fortran,1.4811547208539216e-05,0.0,0,0,0
0x4017d5,JNZ,10648463,3351033,180,6,0x4017d2,TEST,1,Leaf,r11d(MOV) r11d(MOV) ,rflags ,TEST,3,MOV,4,LEA,4,MOV,5,MOV,5,MOV,5,MOV,5,MOV,4,MOV,4,IMUL,5,1,1,1,0,0,JNE,0,0,1,0,0,0,JLE,0,0,4200384,4200585,4200411,0,0,1,1,fortran,2.161311755273886e-05,0.3146964026639337,0,0,0
0x401781,JZ,1550736,29527,317,6,0x40177e,CMP,1,Leaf,eax(-1) ,rflags ,CMP,3,JNZ,2,CMP,3,ADD,3,ADD,4,MOV,5,MOV,6,MOV,5,MOV,9,MOV,3,0,0,1,0,0,JNE,0,0,0,0,0,0,NOP,0,0,4200318,4200638,4200327,0,0,1,1,fortran,3.1475189857225446e-06,0.0190406361882357,0,0,0
0x40177c,JNZ,13956624,12405888,-20,2,0x401779,CMP,1,Leaf,rdx(ADD) rdi(-1) ,rflags ,CMP,3,ADD,3,ADD,4,CMOVZ,3,TEST,2,CMP,3,JZ,6,MOV,5,MOV,6,MOV,5,1,1,1,1,1,JNE,0,0,1,1,0,0,JE,0,0,4200296,4200296,4200318,1,0,0,0,fortran,2.8327670871502904e-05,0.8888888888888888,1,1,1
0x40174f,JLE,1550736,0,56,2,0x40174c,TEST,1,Leaf,rdi(MOV) rdi(MOV) ,rflags ,TEST,3,MOV,8,MOV,8,MOV,5,LEA,4,MOV,5,MOV,5,XOR,2,LEA,4,XOR,2,1,1,0,0,0,NOP,0,0,1,0,0,0,NOP,0,0,4200260,4200327,4200273,0,0,1,0,fortran,3.1475189857225446e-06,0.0,0,0,0
0x4016b3,JNZ,1550736,1378432,-417,6,0x4016ad,CMP,1,Leaf,rsp(-1) ,rflags ,CMP,6,ADD,5,MOV,5,ADD,5,MOV,8,MOV,5,MOV,8,MOV,5,MOV,9,MOV,7,0,0,0,1,1,JLE,0,0,1,1,0,0,MOV,1,0,4200068,4199698,4200121,0,0,0,1,fortran,3.1475189857225446e-06,0.8888888888888888,1,1,1
0x401678,JNZ,10686179,9159582,-240,6,0x401674,CMP,1,Leaf,r8(MOV) ,rflags ,CMP,4,ADD,5,MOV,5,ADD,5,MOV,5,MOV,3,MOV,3,MOV,4,ADD,6,ADD,3,0,0,0,1,1,JNE,0,0,1,1,0,0,MOV,1,0,4200017,4199816,4200062,0,0,1,0,fortran,2.1689669477802512e-05,0.8571428571428571,1,1,1
0x40164b,JLE,7314736,1439496,5601,6,0x401648,CMP,1,Leaf,eax(-1) ,rflags ,CMP,3,JNZ,2,CMP,3,ADD,3,ADD,4,MOV,5,MOV,5,ADD,5,MOV,5,ADD,5,0,1,0,0,0,MOV,0,0,0,1,0,0,JNE,0,0,4200008,4205612,4200017,0,0,1,1,fortran,1.4846673086552568e-05,0.1967939786206911,0,0,0
0x401646,JNZ,65832624,58517888,-22,2,0x401643,CMP,1,Leaf,rdx(ADD) rbx(-1) ,rflags ,CMP,3,ADD,3,ADD,4,CMOVNZ,3,TEST,3,CMP,3,JLE,6,MOV,5,MOV,5,ADD,5,1,1,1,1,1,JNE,0,0,1,1,0,0,JLE,0,0,4199984,4199984,4200008,1,0,0,0,fortran,0.0001336200577789,0.8888888888888888,1,1,1
0x401629,JLE,7323553,8817,40,2,0x401626,CMP,1,Leaf,eax(-1) ,rflags ,CMP,3,JNZ,2,CMP,3,ADD,3,ADD,4,XOR,2,XOR,2,NOP,1,MOV,3,LEA,3,0,0,1,0,0,JNE,0,0,1,0,0,0,NOP,0,0,4199974,4200017,4199979,0,0,1,0,fortran,1.4864568895315064e-05,0.0012039238331449,0,0,0
0x401624,JNZ,65911977,58588424,-20,2,0x401621,CMP,1,Leaf,rdx(ADD) rbx(-1) ,rflags ,CMP,3,ADD,3,ADD,4,CMOVNZ,3,TEST,2,CMP,3,JLE,2,XOR,2,XOR,2,NOP,1,1,1,1,1,1,JNE,0,0,1,1,0,0,JLE,0,0,4199952,4199952,4199974,1,0,0,0,fortran,0.0001337811200578,0.8888888888888888,1,1,1
0x4015e6,JLE,7323553,0,107,2,0x4015df,TEST,1,Leaf,rbx(MOV) rbx(MOV) ,rflags ,MOV,4,TEST,3,ADD,5,IMUL,4,MOV,5,MOV,4,ADD,3,LEA,8,MOV,5,XOR,2,0,0,1,0,0,JNE,0,0,1,0,0,0,NOP,0,0,4199853,4200017,4199912,0,0,1,1,fortran,1.4864568895315064e-05,0.0,0,0,0
0x4015a7,JNZ,10686179,3362626,170,6,0x4015a4,TEST,1,Leaf,r12d(MOV) r12d(MOV) ,rflags ,TEST,3,MOV,4,ADD,5,MOV,5,MOV,5,MOV,5,MOV,4,IMUL,5,MOV,4,MOV,4,1,1,1,0,0,JNE,0,0,1,0,0,0,JLE,0,0,4199816,4200017,4199853,0,0,1,1,fortran,2.1689669477802512e-05,0.3146705665327148,0,0,0
0x401553,JZ,1550736,24139,305,6,0x401550,CMP,1,Leaf,eax(-1) ,rflags ,CMP,3,JNZ,2,CMP,3,ADD,3,ADD,4,MOV,5,MOV,9,XOR,3,MOV,5,MOV,3,0,0,1,0,0,JNE,0,0,0,0,0,0,NOP,0,0,4199760,4200068,4199769,0,0,1,1,fortran,3.1475189857225446e-06,0.0155661569732049,0,0,0
0x40154e,JNZ,13956624,12405888,-22,2,0x40154b,CMP,1,Leaf,rdx(ADD) rdi(-1) ,rflags ,CMP,3,ADD,3,ADD,4,CMOVZ,3,TEST,3,CMP,3,JZ,6,MOV,5,MOV,9,XOR,3,1,1,1,1,1,JNE,0,0,1,1,0,0,JE,0,0,4199736,4199736,4199760,1,0,0,0,fortran,2.8327670871502904e-05,0.8888888888888888,1,1,1
0x40151d,JLE,1550736,0,60,2,0x40151a,TEST,1,Leaf,rdi(MOV) rdi(MOV) ,rflags ,TEST,3,MOV,8,MOV,5,MOV,4,MOV,8,MOV,5,MOV,5,XOR,2,LEA,4,XOR,2,1,1,0,0,0,NOP,0,0,1,0,0,0,NOP,0,0,4199698,4199769,4199711,0,0,1,0,fortran,3.1475189857225446e-06,0.0,0,0,0
0x401425,JZ,1,1,19,2,0x40141d,CMP,1,NonLeaf,rip(JZ) ,rflags ,CMP,8,CALL_NEAR,5,MOV,5,MOV,5,JZ,2,MOV,5,TEST,3,JZ,2,MOV,5,CALL_NEAR,2,0,1,1,0,0,JMP,0,0,1,0,0,0,JE,0,0,4199453,4199480,4199463,0,0,0,0,fortran,2.029693633037825e-12,1.0,1,0,1
0x40140c,JZ,1,0,17,2,0x401406,TEST,1,NonLeaf,rax(MOV) rax(MOV) ,rflags ,MOV,3,TEST,3,MOV,5,PUSH,1,INVALID,0,MOV,5,MOV,5,CALL_NEAR,5,CMP,8,JZ,2,0,1,1,0,0,JE,0,0,1,0,0,0,CALL,0,1,4199424,4199453,4199438,0,0,0,1,fortran,2.029693633037825e-12,0.0,0,0,0
0x4013ea,JZ,1,0,9,2,0x4013e7,TEST,1,NonLeaf,rax(MOV) rax(MOV) ,rflags ,TEST,3,MOV,5,CALL_NEAR,5,MOV,3,PUSH,1,MOV,5,CALL_NEAR,2,POP,1,MOV,7,RET_NEAR,2,0,1,1,0,0,MOV,0,0,1,0,0,0,CALL,0,1,4199394,4199411,4199404,0,0,1,1,fortran,2.029693633037825e-12,0.0,0,0,0
0x4013d7,JNZ,1,0,36,2,0x4013d0,CMP,1,NonLeaf,rip(JNZ) ,rflags ,CMP,7,INVALID,0,INVALID,0,INVALID,0,INVALID,0,PUSH,1,MOV,3,CALL_NEAR,5,MOV,5,TEST,3,0,1,1,0,0,REPZ RET,0,0,1,0,0,0,CALL,0,1,4199376,4199419,4199385,0,0,0,1,fortran,2.029693633037825e-12,0.0,0,1,0
0x4013b0,JNZ,1,0,4,2,0x4013ad,SAR,1,Leaf,rax(SAR) ,rax rflags ,SAR,3,ADD,3,SHR,4,MOV,3,MOV,3,POP,1,RET_NEAR,1,MOV,5,TEST,3,JZ,2,0,1,0,0,0,JE,0,0,1,0,0,0,RET,0,0,4199312,4199348,4199346,0,0,0,0,fortran,2.029693633037825e-12,0.0,0,0,0
0x401373,JNBE,1,0,4,2,0x40136c,CMP,1,Leaf,rax(SUB) ,rflags ,MOV,3,CMP,4,SUB,6,PUSH,1,MOV,5,POP,1,RET_NEAR,1,MOV,5,TEST,3,JZ,2,0,1,0,0,0,JE,0,0,1,0,0,0,RET,0,0,4199264,4199287,4199285,0,0,0,0,fortran,2.029693633037825e-12,0.0,0,0,0
0x4012c2,JNZ,1,1,-160,6,0x4012be,CMP,1,NonLeaf,r8d(-1) ,rflags ,CMP,4,JBE,6,CMP,3,LEA,3,JNZ,2,CMP,4,JNZ,6,LEA,4,CMP,3,JNBE,6,0,0,1,0,0,JE,0,0,1,0,0,0,JNE,0,0,4199102,4198946,4199112,0,0,0,0,fortran,2.029693633037825e-12,1.0,1,0,1
0x4012b8,JBE,1,0,-150,6,0x4012b5,CMP,1,NonLeaf,eax(LEA) ,rflags ,CMP,3,LEA,3,JNZ,2,MOVZX,3,AND,6,CMP,4,JNZ,6,CMP,4,JNZ,6,LEA,4,0,0,1,0,0,JE,0,0,1,0,0,0,JNE,0,0,4199090,4198946,4199102,0,0,0,0,fortran,2.029693633037825e-12,0.0,0,0,0
0x4012b0,JNZ,2,2,-31,2,0x4012a7,AND,1,NonLeaf,ecx(AND) ,ecx rflags ,MOVZX,3,AND,6,CPUID,2,MOV,3,LEA,3,LEA,3,CMP,3,JBE,6,CMP,4,JNZ,6,1,1,0,0,0,JE,0,0,0,1,0,0,JBE,1,0,4199071,4199057,4199090,0,0,0,0,fortran,4.0593872660756495e-12,1.0,1,1,1
0x40129b,JZ,2,1,126,2,0x401295,CMP,1,NonLeaf,ecx(-1) ,rflags ,CMP,6,JZ,2,TEST,2,JMP,2,MOV,6,MOV,2,LEA,3,MOV,3,CPUID,2,AND,6,0,1,0,0,0,JMP,1,0,1,0,0,0,MOV,0,0,4199061,4199193,4199069,1,0,0,0,fortran,4.0593872660756495e-12,0.5,0,0,0
0x401293,JZ,2,0,31,2,0x401291,TEST,1,NonLeaf,ebx(-1) ebx(-1) ,rflags ,TEST,2,JMP,2,MOV,6,XOR,2,JLE,2,CMP,6,JZ,2,MOV,2,LEA,3,MOV,3,0,0,1,0,0,JBE,1,0,1,0,0,0,JE,0,0,4199057,4199090,4199061,0,0,0,0,fortran,4.0593872660756495e-12,0.0,0,0,0
0x401285,JLE,1,0,45,2,0x401281,CMP,1,NonLeaf,r10d(-1) ,rflags ,CMP,4,JZ,2,AND,6,MOV,5,MOV,2,XOR,2,MOV,6,JMP,2,TEST,2,JZ,2,0,1,1,0,0,JBE,0,0,1,0,0,0,JMP,0,0,4199041,4199090,4199047,0,0,0,0,fortran,2.029693633037825e-12,0.0,0,0,0
0x40127f,JZ,1,0,-93,2,0x401279,AND,1,NonLeaf,esi(AND) ,esi rflags ,AND,6,MOV,5,MOV,2,SHR,3,JMP,5,CMP,4,JLE,2,XOR,2,MOV,6,JMP,2,0,0,1,0,0,JE,0,0,1,0,0,0,JLE,0,0,4199023,4198946,4199041,0,0,0,0,fortran,2.029693633037825e-12,0.0,0,0,0
0x40122d,JLE,1,0,-276,6,0x40122a,TEST,1,NonLeaf,rbp(-1) rbp(-1) ,rflags ,TEST,3,JZ,6,TEST,2,MOVZX,7,JNZ,2,MOV,2,MOV,3,CQO,2,IDIV,3,MOV,3,0,0,1,0,0,JLE,0,0,1,0,0,0,JMP,0,0,4198954,4198681,4198963,0,1,0,0,fortran,2.029693633037825e-12,0.0,0,0,0
0x401224,JZ,1,0,-267,6,0x401222,TEST,1,NonLeaf,eax(-1) eax(-1) ,rflags ,TEST,2,MOVZX,7,JNZ,2,TEST,2,CPUID,2,TEST,3,JLE,6,MOV,2,MOV,3,CQO,2,0,0,1,0,0,JLE,0,0,1,0,0,0,JLE,0,0,4198946,4198681,4198954,0,0,0,0,fortran,2.029693633037825e-12,0.0,0,0,0
0x401219,JNZ,4,4,-25,2,0x401217,TEST,1,NonLeaf,al(-1) ,rflags ,TEST,2,CPUID,2,MOV,3,LEA,3,MOV,2,MOVZX,7,TEST,2,JZ,6,TEST,3,JLE,6,1,1,0,0,0,JE,0,0,0,0,0,0,MOVZX,1,0,4198927,4198912,4198939,0,0,0,0,fortran,8.118774532151299e-12,1.0,1,1,1
0x40120b,JZ,4,1,100,2,0x401208,CMP,1,NonLeaf,edx(AND) r8d(-1) ,rflags ,CMP,3,AND,3,SHR,3,MOV,2,NOP,5,MOV,2,LEA,3,MOV,3,CPUID,2,TEST,2,0,1,0,0,0,JE,1,0,1,0,0,0,MOV,0,0,4198912,4199023,4198925,0,0,0,0,fortran,8.118774532151299e-12,0.25,0,0,0
0x4011e1,JLE,1,0,58,2,0x4011dd,CMP,1,NonLeaf,r10d(MOV) ,rflags ,CMP,4,MOV,7,JLE,6,MOV,6,MOV,3,MOV,7,MOV,7,XOR,2,MOV,6,JMP,2,0,1,0,0,0,MOVZX,0,0,1,0,0,0,JMP,0,0,4198870,4198939,4198883,0,0,0,0,fortran,2.029693633037825e-12,0.0,0,0,0
0x4011d0,JLE,1,0,305,6,0x4011c4,TEST,1,NonLeaf,rax(-1) rax(-1) ,rflags ,MOV,6,MOV,3,TEST,3,CALL_NEAR,5,MOV,3,MOV,7,CMP,4,JLE,2,MOV,7,MOV,7,0,1,0,0,0,CALL,0,1,1,1,0,0,JLE,0,0,4198852,4199169,4198870,0,0,1,0,fortran,2.029693633037825e-12,0.0,0,0,0
0x40114d,JLE,1,0,-175,6,0x40114a,TEST,1,NonLeaf,rbp(-1) rbp(-1) ,rflags ,TEST,3,MOV,7,SAR,3,MOV,3,MOV,7,MOV,3,MOV,7,AND,4,SAR,3,MOV,7,0,0,0,0,0,RET,0,0,1,0,0,0,RET,0,0,4198730,4198558,4198739,0,1,0,1,fortran,2.029693633037825e-12,0.0,0,0,0
0x40111c,JLE,1,0,46,2,0x401119,TEST,1,NonLeaf,r12(-1) r12(-1) ,rflags ,TEST,3,JNBE,2,CMP,6,ADD,3,MOV,3,MOV,3,MOV,7,AND,4,SAR,3,MOV,7,0,1,1,0,0,JLE,0,0,1,0,0,0,MOV,0,0,4198681,4198730,4198686,0,1,0,1,fortran,2.029693633037825e-12,0.0,0,0,0
0x401093,JZ,1,1,282,6,0x401090,CMP,1,NonLeaf,eax(MOV) ,rflags ,CMP,3,MOV,6,SUB,4,PUSH,1,PUSH,1,CMP,3,JZ,2,ADD,4,POP,1,POP,1,0,1,0,0,0,CALL,0,1,1,0,0,0,JE,0,0,4198528,4198829,4198553,0,0,1,0,fortran,2.029693633037825e-12,1.0,1,0,1
0x40105c,JZ,1,0,17,2,0x401055,CMP,1,NonLeaf,rip(JZ) ,rflags ,CMP,7,CALL_NEAR,5,NOP,3,CALL_NEAR,5,CALL_NEAR,5,XOR,2,XOR,2,XOR,2,ADD,4,JMP,5,0,1,0,0,0,CALL,0,1,1,1,0,0,JMP,0,0,4198485,4198509,4198494,0,0,1,0,fortran,2.029693633037825e-12,0.0,0,0,0
0x400fea,JZ,1,1,19,2,0x400fe7,TEST,1,Leaf,rax(MOV) rax(MOV) ,rflags ,TEST,3,MOV,7,INVALID,0,INVALID,0,INVALID,0,MOV,5,MOV,5,MOV,3,CMPSB,2,JNZ,2,0,1,0,0,0,RET,1,0,1,0,0,0,MOV,0,0,4198368,4198397,4198380,0,0,0,0,fortran,2.029693633037825e-12,1.0,1,0,1
0x400fc1,JZ,1,0,14,2,0x400fbf,TEST,1,NonLeaf,eax(MOV) eax(MOV) ,rflags ,TEST,2,MOV,6,CALL_NEAR,5,SUB,4,INVALID,0,MOV,7,CALL_NEAR,5,MOV,7,ADD,4,JMP,5,0,1,1,0,0,JMP,0,0,1,0,0,0,CALL,0,1,4198329,4198351,4198339,0,0,0,1,fortran,2.029693633037825e-12,0.0,0,0,0
0x40031e,JZ,1,1,7,2,0x40031b,TEST,1,NonLeaf,rax(MOV) rax(MOV) ,rflags ,TEST,3,MOV,7,SUB,4,INVALID,0,INVALID,0,CALL_NEAR,5,ADD,4,RET_NEAR,1,INVALID,0,INVALID,0,0,1,1,0,0,RET,0,0,1,0,0,0,CALL,0,1,4195088,4195109,4195104,0,0,0,1,fortran,2.029693633037825e-12,1.0,1,0,1
