Address,Opcode,Executed,Taken,Offset,Size,Flag_Write_PC,Flag_Instr_Opcode,Same_BBL,Routine_Type,Regs_Read,Regs_Write,Prev_Op_1,Prev_Size_1,Prev_Op_2,Prev_Size_2,Prev_Op_3,Prev_Size_3,Prev_Op_4,Prev_Size_4,Prev_Op_5,Prev_Size_5,Next_Op_1,Next_Size_1,Next_Op_2,Next_Size_2,Next_Op_3,Next_Size_3,Next_Op_4,Next_Size_4,Next_Op_5,Next_Size_5,br_is_loop_header,t_dominates,t_post_dominates,t_is_loop_head,t_is_backedge,t_successor_ends,t_is_loop_exit,t_has_call,f_dominates,f_post_dominates,f_is_loop_head,f_is_backedge,f_successor_ends,f_is_loop_exit,f_has_call,branch_bb_addr,taken_bb_addr,fall_bb_addr,taken_ubd,fall_ubd,taken_store,fall_store,Language,weight,rate,y,predicted,actual
0x4fd36d,JZ,1,0,81,2,0x4fd36a,TEST,1,NonLeaf,rbx(-1) rbx(-1) ,rflags ,TEST,3,CALL_NEAR,5,LEA,7,JZ,2,TEST,3,MOV,3,POP,1,POP,1,POP,2,RET_NEAR,1,0,1,0,0,0,CALL,0,1,1,0,0,0,RET,0,0,5231466,5231550,5231471,0,1,1,0,c,5.433129891095032e-12,0.0,0,0,0
0x4fd35c,JZ,1,1,14,2,0x4fd359,TEST,1,NonLeaf,r12(-1) r12(-1) ,rflags ,TEST,3,MOV,3,MOV,4,JNZ,2,CMP,4,LEA,7,CALL_NEAR,5,TEST,3,JZ,2,MOV,3,0,1,1,0,0,JE,0,0,1,0,0,0,CALL,0,1,5231449,5231466,5231454,0,0,0,1,c,5.433129891095032e-12,1.0,1,0,1
0x4fd2f2,JNZ,1,0,23,2,0x4fd2ee,CMP,1,NonLeaf,rax(-1) rbp(-1) ,rflags ,CMP,4,JZ,2,TEST,3,MOV,7,CALL_NEAR,5,JMP,5,NOP,7,CMP,4,JZ,2,MOV,3,0,1,0,1,0,JNE,0,0,1,0,0,0,JMP,0,0,5231342,5231369,5231348,0,0,0,0,c,5.433129891095032e-12,0.0,0,0,0
0x4fd2ec,JZ,1,0,38,2,0x4fd2e9,TEST,1,NonLeaf,rax(MOV) rax(MOV) ,rflags ,TEST,3,MOV,7,CALL_NEAR,5,LEA,7,JZ,2,CMP,4,JNZ,2,JMP,5,NOP,7,CMP,4,0,1,0,0,0,JE,0,0,1,0,0,0,JNE,0,0,5231330,5231378,5231342,0,0,0,0,c,5.433129891095032e-12,0.0,0,0,0
0x4fd2d4,JZ,1,1,14,2,0x4fd2d1,TEST,1,NonLeaf,r12(MOV) r12(MOV) ,rflags ,TEST,3,MOV,7,JZ,6,TEST,2,MOV,2,LEA,7,CALL_NEAR,5,MOV,7,TEST,3,JZ,2,0,1,1,0,0,JE,0,0,1,0,0,0,CALL,0,1,5231306,5231330,5231318,0,0,0,1,c,5.433129891095032e-12,1.0,1,0,1
0x4fd2ba,JZ,1,0,214,6,0x4fd2b2,TEST,1,NonLeaf,rdi(-1) rdi(-1) ,rflags ,PUSH,1,MOV,3,PUSH,1,TEST,3,PUSH,2,MOV,2,TEST,2,JZ,6,MOV,7,TEST,3,0,1,0,0,0,RET,0,0,1,0,0,0,JE,0,0,5231280,5231504,5231296,0,0,0,0,c,5.433129891095032e-12,0.0,0,0,0
0x4fd17d,JZ,1,1,45,2,0x4fd14d,CMP,1,NonLeaf,rip(JZ) ,rflags ,MOV,4,MOV,4,MOV,4,MOV,4,MOV,3,LEA,7,CALL_NEAR,5,MOV,7,MOV,7,LEA,7,0,1,0,0,0,POP,0,0,1,0,0,0,CALL,0,1,5230925,5231018,5230975,0,0,1,1,c,5.433129891095032e-12,1.0,1,0,1
0x4fd14b,JZ,1,0,114,2,0x4fd148,TEST,1,NonLeaf,r8d(MOV) r8d(MOV) ,rflags ,TEST,3,MOV,3,JZ,2,TEST,3,INVALID,0,CMP,8,MOV,5,PUSH,1,MOV,7,MOV,8,0,0,0,0,0,RET,0,0,1,0,0,0,JE,0,0,5230917,5231037,5230925,0,0,0,1,c,5.433129891095032e-12,0.0,0,0,0
0x4fd143,JZ,1,0,122,2,0x4fd140,TEST,1,NonLeaf,rdi(-1) rdi(-1) ,rflags ,TEST,3,INVALID,0,INVALID,0,INVALID,0,INVALID,0,MOV,3,TEST,3,JZ,2,CMP,8,MOV,5,0,1,0,0,0,RET,0,0,1,0,0,0,JE,0,0,5230912,5231037,5230917,0,0,0,0,c,5.433129891095032e-12,0.0,0,0,0
0x4f5c71,JNZ,7,6,-33,2,0x4f5c6e,CMP,1,Leaf,rsp(-1) rcx(MOV) cl(MOV) ,rflags ,CMP,3,MOV,3,JZ,2,CMP,3,MOV,3,INC,3,INC,3,INC,3,ADD,7,XOR,2,0,0,0,1,1,JE,0,0,1,0,0,0,INC,1,0,5201003,5200976,5201011,0,0,0,0,c,3.803190923766522e-11,0.8571428571428571,1,1,1
0x4f5c69,JZ,7,0,13,2,0x4f5c66,CMP,1,Leaf,rsp(-1) rcx(MOV) cl(MOV) ,rflags ,CMP,3,MOV,3,JZ,2,CMP,3,MOV,3,MOV,3,CMP,3,JNZ,2,INC,3,INC,3,0,1,0,0,0,INC,1,0,1,0,0,0,JNE,0,0,5200995,5201014,5201003,0,0,0,0,c,3.803190923766522e-11,0.0,0,0,0
0x4f5c61,JZ,7,0,24,2,0x4f5c5e,CMP,1,Leaf,rsp(-1) rcx(MOV) cl(MOV) ,rflags ,CMP,3,MOV,3,JZ,2,CMP,3,MOV,2,MOV,3,CMP,3,JZ,2,MOV,3,CMP,3,0,1,0,0,0,INC,1,0,1,0,0,0,JE,0,0,5200987,5201017,5200995,0,0,0,0,c,3.803190923766522e-11,0.0,0,0,0
0x4f5c59,JZ,7,0,35,2,0x4f5c56,CMP,1,Leaf,rsp(-1) rcx(MOV) cl(MOV) ,rflags ,CMP,3,MOV,2,ADD,4,NOP,10,NOP,4,MOV,3,CMP,3,JZ,2,MOV,3,CMP,3,1,1,1,0,0,RET,1,0,1,0,0,0,JE,0,0,5200976,5201020,5200987,1,0,0,0,c,3.803190923766522e-11,0.0,0,0,0
0x4f5c2a,JZ,1,1,20,2,0x4f5c27,TEST,1,Leaf,cl(MOV) ,rflags ,TEST,3,MOV,3,MOV,3,JZ,2,TEST,3,MOV,3,MOV,3,ADD,4,MOV,3,TEST,3,0,0,1,0,0,NOP,1,0,1,0,0,0,JNE,0,0,5200929,5200958,5200940,0,1,0,1,c,5.433129891095032e-12,1.0,1,0,1
0x4f5c1f,JZ,1,0,31,2,0x4f5c1c,TEST,1,Leaf,cl(MOV) ,rflags ,TEST,3,MOV,3,MOV,3,JZ,2,TEST,2,MOV,3,MOV,3,TEST,3,JZ,2,MOV,3,0,0,1,0,0,NOP,1,0,1,0,0,0,JE,0,0,5200918,5200958,5200929,0,1,0,1,c,5.433129891095032e-12,0.0,0,0,0
0x4f5c14,JZ,1,0,42,2,0x4f5c12,TEST,1,Leaf,cl(MOV) cl(MOV) ,rflags ,TEST,2,MOV,2,NOP,2,MOV,3,STOSQ,3,MOV,3,MOV,3,TEST,3,JZ,2,MOV,3,1,1,1,0,0,NOP,1,0,1,0,0,0,JE,0,0,5200912,5200958,5200918,0,1,0,1,c,5.433129891095032e-12,0.0,0,0,0
0x4f17e9,JZ,1,1,34,2,0x4f17e6,TEST,1,NonLeaf,rax(-1) rax(-1) ,rflags ,TEST,3,CALL_NEAR,5,MOV,3,JZ,2,CMP,4,MOV,3,ADD,4,MOV,4,MOV,3,ADD,4,0,0,0,0,0,RET,0,0,0,0,0,0,MOV,0,0,5183462,5183499,5183467,0,1,1,1,c,5.433129891095032e-12,1.0,1,0,1
0x4f17dc,JZ,1,0,36,2,0x4f17d8,CMP,1,NonLeaf,rsi(-1) ,rflags ,CMP,4,JZ,2,TEST,2,MOVZX,3,JZ,2,MOV,3,CALL_NEAR,5,TEST,3,JZ,2,MOV,3,0,1,0,0,0,JE,0,0,1,0,0,0,CALL,0,1,5183448,5183488,5183454,0,0,0,1,c,5.433129891095032e-12,0.0,0,0,0
0x4f17d6,JZ,1,0,53,2,0x4f17d4,TEST,1,NonLeaf,al(MOVZX) al(MOVZX) ,rflags ,TEST,2,MOVZX,3,JZ,2,TEST,3,MOV,3,CMP,4,JZ,2,MOV,3,CALL_NEAR,5,TEST,3,0,1,0,0,0,RET,0,0,1,0,0,0,JE,0,0,5183441,5183499,5183448,0,0,1,0,c,5.433129891095032e-12,0.0,0,0,0
0x4f17cf,JZ,2,1,105,2,0x4f17cc,TEST,1,NonLeaf,rbx(MOV) rbx(MOV) ,rflags ,TEST,3,MOV,3,SUB,4,PUSH,1,MOV,3,MOVZX,3,TEST,2,JZ,2,CMP,4,JZ,2,0,1,0,0,0,JMP,0,0,1,0,0,0,JE,0,0,5183424,5183544,5183441,0,0,0,0,c,1.0866259782190064e-11,0.5,0,0,0
0x4f0c82,JNZ,8,8,46,2,0x4f0c78,TEST,1,Leaf,eax(SHR) ,rflags ,MOV,3,MOV,2,TEST,5,SUB,6,AND,6,TEST,3,JZ,2,BSR,4,XOR,4,LEA,3,0,1,0,0,0,RET,0,0,1,0,0,0,JE,0,0,5180480,5180592,5180548,0,0,1,0,c,4.346503912876026e-11,1.0,1,0,1
0x4f0b84,JLE,75,75,39,2,0x4f0b81,TEST,1,NonLeaf,r10(MOV) r10(MOV) ,rflags ,TEST,3,SUB,3,MOV,5,JNZ,2,CMP,4,NEG,3,ADD,3,XOR,2,SHL,4,XOR,3,0,1,1,0,0,RET,1,0,1,0,0,0,NOP,0,0,5180281,5180331,5180294,0,1,1,0,c,4.0748474183212735e-10,1.0,1,0,1
0x4f0b77,JNZ,67,0,-23,2,0x4f0b73,CMP,1,NonLeaf,rbx(SUB) ,rflags ,CMP,4,MOV,4,DIV,3,SUB,4,SUB,4,MOV,5,SUB,3,TEST,3,JLE,2,NEG,3,1,1,1,1,1,JNE,0,0,0,1,0,0,JLE,1,0,5180256,5180256,5180281,1,0,1,0,c,3.640197027033672e-10,0.0,0,1,0
0x4f0b5a,JS,75,8,31,2,0x4f0b56,SUB,1,NonLeaf,rbx(SUB) ,rbx rflags ,SUB,4,ADD,3,LEA,8,MOV,5,MOV,5,LEA,4,MOV,4,SUB,4,SUB,4,DIV,3,0,1,1,0,0,JLE,1,0,1,0,0,0,LEA,0,0,5180225,5180281,5180252,0,0,0,0,c,4.0748474183212735e-10,0.1066666666666666,0,1,0
0x4f0b3b,JBE,75,8,133,6,0x4f0b38,CMP,1,NonLeaf,rcx(MOV) rdx(MOV) ,rflags ,CMP,3,XOR,3,MOV,5,MOV,3,JMP,5,MOV,5,MOV,5,LEA,8,ADD,3,SUB,4,0,1,0,0,0,JMP,0,0,1,1,0,0,JS,0,0,5180205,5180352,5180225,1,0,0,0,c,4.0748474183212735e-10,0.1066666666666666,0,0,0
0x4f07ef,JZ,75,75,830,6,0x4f07d4,CMP,1,NonLeaf,r9(-1) ,rflags ,MOV,5,MOV,5,MOV,3,MOV,5,MOV,5,CMP,4,JZ,6,TEST,3,JZ,6,MOV,5,0,1,0,0,0,JBE,0,0,1,0,0,0,JE,1,0,5179328,5180205,5179381,0,0,0,0,c,4.0748474183212735e-10,1.0,1,0,1
0x4ea3b5,JNZ,44,43,-53,2,0x4ea3b2,TEST,1,NonLeaf,rdi(MOV) rdi(MOV) ,rflags ,TEST,3,MOV,3,ADD,4,JZ,2,TEST,2,POP,1,RET_NEAR,1,CMP,3,JNZ,2,MOV,5,0,0,0,1,1,JNE,0,0,0,1,0,0,RET,1,0,5153707,5153664,5153719,0,0,0,0,c,2.3905771520818136e-10,0.9772727272727272,1,1,1
0x4ea383,JNZ,44,44,40,2,0x4ea380,CMP,1,NonLeaf,rdi(-1) ,rflags ,CMP,3,JZ,2,TEST,3,MOV,3,MOV,7,XOR,2,JMP,2,NOP,7,TEST,2,JZ,2,1,1,1,0,0,JNE,0,0,1,0,0,0,JMP,0,0,5153664,5153707,5153669,0,0,0,0,c,2.3905771520818136e-10,1.0,1,0,1
0x4ea37e,JZ,1,0,57,2,0x4ea37b,TEST,1,NonLeaf,rdi(MOV) rdi(MOV) ,rflags ,TEST,3,MOV,3,MOV,7,PUSH,1,INVALID,0,CMP,3,JNZ,2,XOR,2,JMP,2,NOP,7,0,1,1,0,0,RET,0,0,1,0,1,0,JNE,0,0,5153648,5153719,5153664,0,0,0,0,c,5.433129891095032e-12,0.0,0,0,0
0x4e68d8,JZ,1,1,840,6,0x4e68c1,CMP,1,NonLeaf,rbx(-1) ,rflags ,MOV,4,MOV,8,MOV,7,CMP,4,ADD,4,MOV,3,MOV,4,SHL,4,CMP,4,LEA,5,0,1,0,0,0,CALL,1,1,1,0,0,0,JA,0,0,5138621,5139488,5138654,0,0,1,1,c,5.433129891095032e-12,1.0,1,0,1
0x4e68a0,JZ,1,1,29,2,0x4e689c,CMP,1,NonLeaf,rbp(-1) ,rflags ,CMP,4,SHL,4,MOV,3,JNZ,2,TEST,3,ADD,4,MOV,4,MOV,3,MOV,4,MOV,4,0,1,1,0,0,JE,0,0,1,0,0,0,SHL,0,0,5138588,5138621,5138594,0,0,1,1,c,5.433129891095032e-12,1.0,1,1,1
0x4e6853,JZ,1,1,73,2,0x4e6850,TEST,1,NonLeaf,r15(-1) r15(-1) ,rflags ,TEST,3,NOP,8,XOR,2,AND,5,MOV,4,MOV,4,XOR,2,MOV,5,BT,4,JNB,2,0,1,1,0,0,JE,0,0,1,0,0,0,MOV,0,0,5138512,5138588,5138517,0,0,0,0,c,5.433129891095032e-12,1.0,1,0,1
0x4e67b3,JNZ,3,3,-51,2,0x4e67ab,CMP,1,NonLeaf,r14(-1) ,rflags ,MOV,3,CMP,5,JBE,2,CMP,3,SUB,3,CMP,3,JNZ,2,MOV,5,MOV,5,CALL_NEAR,5,1,1,0,0,0,MOV,0,0,1,0,0,0,JNE,0,0,5138347,5138304,5138357,0,0,0,0,c,1.6299389673285098e-11,1.0,1,0,1
0x4e6772,JNBE,1,1,57,2,0x4e6767,CMP,1,NonLeaf,r12(MOV) ,rflags ,LEA,4,MOV,3,CMP,4,ADD,3,MOV,4,JMP,2,NOP,10,MOV,4,ADD,4,ADD,4,0,1,0,1,0,JNE,0,0,1,0,0,0,JMP,0,0,5138264,5138347,5138292,0,0,0,0,c,5.433129891095032e-12,1.0,1,0,1
0x4e6756,JNZ,4,3,-22,2,0x4e6752,CMP,1,NonLeaf,r15(-1) ,rflags ,CMP,4,JBE,6,CMP,4,ADD,4,ADD,4,MOV,4,MOV,4,MOV,4,ADD,3,CMP,4,1,1,0,0,0,JBE,0,0,1,0,0,0,JA,0,0,5138258,5138240,5138264,1,0,0,0,c,2.173251956438013e-11,0.75,1,1,1
0x4e674c,JBE,4,1,149,6,0x4e6748,CMP,1,NonLeaf,rbp(-1) r13(ADD) ,rflags ,CMP,4,ADD,4,ADD,4,NOP,2,JMP,2,CMP,4,JNZ,2,MOV,4,MOV,4,MOV,4,0,1,0,0,0,MOV,1,0,0,0,1,1,JNE,0,0,5138240,5138401,5138258,0,0,0,0,c,2.173251956438013e-11,0.25,0,0,0
0x4e670a,JZ,1,0,223,6,0x4e6703,TEST,1,NonLeaf,rax(MOV) rax(MOV) ,rflags ,MOV,4,TEST,3,MOV,7,JNZ,2,TEST,3,MOV,7,MOVZX,7,TEST,3,MOV,4,JZ,6,0,1,0,0,0,JMP,0,0,1,0,0,0,JE,0,0,5138172,5138409,5138192,0,1,0,1,c,5.433129891095032e-12,0.0,0,0,0
0x4e66c0,JZ,1,1,60,2,0x4e66bd,AND,1,NonLeaf,r15(AND) rsi(MOV) ,r15 rflags ,AND,3,MOV,7,MOV,3,MOVZX,4,MOV,3,XOR,2,XOR,2,MOV,5,NOP,5,MOV,2,0,1,1,0,0,JE,1,0,1,0,0,0,NOP,0,0,5138032,5138172,5138114,0,0,1,0,c,5.433129891095032e-12,1.0,1,1,1
0x4e4ef4,JZ,1,1,-269,6,0x4e4eef,TEST,1,NonLeaf,eax(-1) eax(-1) ,rflags ,MOV,3,TEST,2,JMP,5,MOV,10,JMP,5,JMP,2,NOP,4,XOR,2,JMP,5,NOP,9,0,0,0,0,0,ADD,0,0,1,0,0,0,JMP,0,0,5132015,5131751,5132026,0,0,0,0,c,5.433129891095032e-12,1.0,1,0,1
0x4e4e13,JZ,1,1,139,6,0x4e4e10,TEST,1,NonLeaf,bpl(MOVZX) bpl(MOVZX) ,rflags ,TEST,3,MOV,3,MOVZX,3,MOV,4,MOV,7,MOV,4,XOR,3,CALL_NEAR,5,MOV,3,LEA,4,0,0,1,0,0,RET,0,0,1,0,0,0,CALL,0,1,5131768,5131934,5131801,0,0,0,1,c,5.433129891095032e-12,1.0,1,0,1
0x4e4dc9,JNZ,1,0,10,2,0x4e4dc6,TEST,1,NonLeaf,rbp(-1) rbp(-1) ,rflags ,TEST,3,MOV,5,MOV,7,ADD,6,JZ,6,JMP,5,MOV,3,MOV,7,TEST,3,JNZ,2,0,1,0,1,0,JNE,0,0,1,0,0,0,JMP,0,0,5131718,5131731,5131723,0,0,0,0,c,5.433129891095032e-12,0.0,0,1,0
0x4e4dae,JZ,1,1,338,6,0x4e4dab,TEST,1,NonLeaf,rax(MOV) rax(MOV) ,rflags ,TEST,3,MOV,7,SHL,4,LEA,4,MOV,7,ADD,6,MOV,7,MOV,5,TEST,3,JNZ,2,0,1,0,0,0,JMP,0,0,1,0,0,0,MOV,0,0,5131640,5132032,5131700,0,1,0,1,c,5.433129891095032e-12,1.0,1,0,1
0x4e4d72,JZ,1,1,366,6,0x4e4d65,TEST,1,NonLeaf,rip(JZ) ,rflags ,MOV,6,TEST,7,OR,3,AND,3,MOVZX,7,LEA,7,MOV,7,MOV,4,MOV,11,MOV,7,0,1,0,0,0,JMP,0,0,1,1,0,0,JE,0,0,5131583,5132000,5131640,0,0,1,1,c,5.433129891095032e-12,1.0,1,0,1
0x4e4d06,JZ,1,0,619,6,0x4e4d00,TEST,1,NonLeaf,rax(-1) rax(-1) ,rflags ,MOV,3,TEST,3,CALL_NEAR,5,LEA,4,MOV,5,MOV,4,LEA,7,LEA,7,MOV,3,MOV,3,0,1,0,0,0,JMP,0,0,1,0,0,0,CALL,0,1,5131520,5132145,5131532,0,1,0,1,c,5.433129891095032e-12,0.0,0,0,0
0x4e4c9c,JZ,1,1,24,2,0x4e4c99,TEST,1,NonLeaf,rax(MOV) rax(MOV) ,rflags ,TEST,3,MOV,5,MOV,7,ADD,4,MOV,7,ADD,4,MOV,5,POP,1,POP,1,JMP,2,0,1,0,0,0,RET,0,0,1,0,0,0,JMP,0,0,5131372,5131444,5131422,0,0,0,0,c,5.433129891095032e-12,1.0,1,0,1
0x4e4c4f,JNZ,1,0,12,2,0x4e4c4c,TEST,1,NonLeaf,rdx(MOV) rdx(MOV) ,rflags ,TEST,3,MOV,7,SHL,4,LEA,4,CALL_NEAR,2,JMP,2,NOP,5,MOV,3,MOV,4,TEST,3,0,1,0,1,0,JNE,0,0,1,0,0,0,JMP,0,0,5131325,5131355,5131345,0,0,0,0,c,5.433129891095032e-12,0.0,0,1,0
0x4e4c34,JZ,1,1,9,2,0x4e4c31,TEST,1,NonLeaf,rax(MOV) rax(MOV) ,rflags ,TEST,3,SUB,4,MOV,3,PUSH,1,MOV,3,MOV,5,CALL_NEAR,2,LEA,4,SHL,4,MOV,7,0,1,1,0,0,JNE,0,0,1,0,0,0,CALL,0,1,5131296,5131325,5131318,0,0,0,1,c,5.433129891095032e-12,1.0,1,0,1
0x4e4b9a,JZ,1,0,85,2,0x4e4b97,TEST,1,Leaf,rax(MOV) rax(MOV) ,rflags ,TEST,3,MOV,7,INVALID,0,INVALID,0,INVALID,0,MOV,4,MOV,2,MOV,6,MOV,3,MOV,4,0,1,0,0,0,JE,0,0,1,0,0,0,RET,0,0,5131152,5131247,5131164,0,1,0,1,c,5.433129891095032e-12,0.0,0,0,0
0x4e25f2,JZ,1,0,246,6,0x4e25ee,CMP,1,NonLeaf,rdi(MOV) ,rflags ,CMP,4,MOV,7,CALL_NEAR,5,MOV,3,MOV,5,MOV,10,LEA,4,POP,1,POP,2,POP,2,0,1,0,0,0,CALL,0,1,1,1,0,0,RET,0,0,5121511,5121768,5121528,0,0,1,1,c,5.433129891095032e-12,0.0,0,0,0
0x4e25c2,JZ,1,0,325,6,0x4e25b8,TEST,1,NonLeaf,rax(-1) rax(-1) ,rflags ,MOV,7,TEST,3,CALL_NEAR,5,LEA,8,JNZ,2,MOV,6,XOR,3,MOV,3,MOV,6,MOV,5,0,0,0,0,0,MOV,0,0,1,0,0,0,CALL,0,1,5121464,5121799,5121480,0,0,0,1,c,5.433129891095032e-12,0.0,0,0,0
0x4e25a9,JNZ,27,26,-25,2,0x4e25a7,TEST,1,NonLeaf,cl(MOVZX) cl(MOVZX) ,rflags ,TEST,2,MOVZX,5,ADD,4,CMOVBE,4,CMP,3,LEA,8,CALL_NEAR,5,TEST,3,MOV,7,JZ,6,1,1,1,1,1,JNE,0,0,1,1,0,0,LEA,1,0,5121424,5121424,5121451,1,0,0,0,c,1.4669450705956588e-10,0.9629629629629628,1,1,1
0x4e2583,JZ,1,0,378,6,0x4e2581,TEST,1,NonLeaf,cl(MOVZX) cl(MOVZX) ,rflags ,TEST,2,MOV,3,MOVZX,5,CALL_NEAR,5,AND,4,MOV,5,NOP,2,SUB,3,LEA,4,CMP,3,0,1,0,0,0,JMP,1,0,1,0,0,0,NOP,0,0,5121401,5121789,5121417,0,0,0,0,c,5.433129891095032e-12,0.0,0,0,0
0x4e255a,JZ,1,0,14,2,0x4e2555,AND,1,NonLeaf,eax(AND) ,eax rflags ,AND,5,JNZ,2,CMP,3,OR,9,SUB,7,LEA,4,SUB,3,OR,5,LEA,5,MOV,3,0,1,1,0,0,CALL,0,1,1,0,0,0,OR,0,0,5121365,5121384,5121372,0,0,1,1,c,5.433129891095032e-12,0.0,0,1,0
0x4e2553,JNZ,1,0,-19,2,0x4e2550,CMP,1,NonLeaf,rsp(-1) rcx(-1) ,rflags ,CMP,3,OR,9,SUB,7,NOP,7,JMP,2,AND,5,JZ,2,LEA,4,SUB,3,OR,5,1,1,0,0,0,OR,0,0,1,1,0,0,JE,1,0,5121360,5121344,5121365,1,0,1,0,c,5.433129891095032e-12,0.0,0,1,0
0x4e24c2,JNZ,1,1,78,2,0x4e24bd,CMP,1,NonLeaf,r12(-1) ,rflags ,CMP,5,JZ,2,MOV,8,MOV,11,MOV,7,MOV,11,LEA,4,POP,1,POP,2,POP,2,0,1,0,0,0,CALL,0,1,0,0,0,0,RET,1,0,5121213,5121296,5121220,0,0,1,1,c,5.433129891095032e-12,1.0,1,0,1
0x4e24bb,JZ,1,0,9,2,0x4e249e,TEST,1,NonLeaf,r12(-1) r12(-1) ,rflags ,MOV,8,MOV,11,MOV,7,TEST,3,MOV,8,CMP,5,JNZ,2,MOV,11,LEA,4,POP,1,0,1,0,0,0,RET,1,0,1,0,0,0,JNE,0,0,5121182,5121220,5121213,0,0,1,0,c,5.433129891095032e-12,0.0,0,0,0
0x4e2433,JZ,1,1,107,2,0x4e2430,CMP,1,NonLeaf,rbx(-1) rax(-1) ,rflags ,CMP,3,MOV,5,MOV,7,JBE,6,MOV,7,MOV,3,SUB,3,MOV,3,SHR,4,LEA,8,0,0,1,0,0,JE,1,0,0,0,0,0,JE,0,0,5121072,5121182,5121077,0,0,1,0,c,5.433129891095032e-12,1.0,1,1,1
0x4e23eb,JBE,1,1,637,6,0x4e23e0,CMP,1,NonLeaf,rax(-1) ,rflags ,MOV,7,CMP,4,JBE,6,MOV,7,CMP,4,CMP,4,MOV,7,JBE,6,CMP,4,MOV,7,0,1,0,0,0,JMP,0,0,1,0,0,0,JBE,0,0,5120992,5121640,5121009,0,0,0,1,c,5.433129891095032e-12,1.0,1,0,1
0x4e23da,JBE,1,0,702,6,0x4e23cf,CMP,1,NonLeaf,rax(-1) ,rflags ,MOV,7,CMP,4,JNBE,6,CMP,4,CMOVNBE,4,CMP,4,MOV,7,JBE,6,CMP,4,MOV,7,0,1,0,0,0,JMP,0,0,1,0,0,0,JBE,0,0,5120975,5121688,5120992,0,0,0,1,c,5.433129891095032e-12,0.0,0,0,0
0x4e23c9,JNBE,1,0,279,6,0x4e23c5,CMP,1,NonLeaf,rbx(-1) ,rflags ,CMP,4,CMOVNBE,4,CMP,3,AND,3,NEG,3,CMP,4,MOV,7,JBE,6,CMP,4,MOV,7,0,1,0,0,0,JNE,0,0,1,0,0,0,JBE,0,0,5120890,5121248,5120975,0,0,0,1,c,5.433129891095032e-12,0.0,0,0,0
0x4e230f,JZ,1,1,107,2,0x4e230c,CMP,1,NonLeaf,rbx(-1) rax(-1) ,rflags ,CMP,3,MOV,5,MOV,7,JBE,6,MOV,7,MOV,3,SUB,3,MOV,3,SHR,4,LEA,8,0,0,1,0,0,JA,1,0,0,0,0,0,JE,0,0,5120780,5120890,5120785,0,0,1,0,c,5.433129891095032e-12,1.0,1,0,1
0x4e22c7,JBE,1,1,849,6,0x4e22bc,CMP,1,NonLeaf,rax(-1) ,rflags ,MOV,7,CMP,4,JBE,6,MOV,7,CMP,4,CMP,4,MOV,7,JBE,6,CMP,4,MOV,7,0,1,0,0,0,JMP,0,0,1,0,0,0,JBE,0,0,5120700,5121560,5120717,0,0,0,1,c,5.433129891095032e-12,1.0,1,0,1
0x4e22b6,JBE,1,0,1010,6,0x4e22ab,CMP,1,NonLeaf,rax(-1) ,rflags ,MOV,7,CMP,4,JNBE,6,CMP,4,CMOVNBE,4,CMP,4,MOV,7,JBE,6,CMP,4,MOV,7,0,1,0,0,0,JMP,0,0,1,0,0,0,JBE,0,0,5120683,5121704,5120700,0,0,0,1,c,5.433129891095032e-12,0.0,0,0,0
0x4e22a5,JNBE,1,0,595,6,0x4e22a1,CMP,1,NonLeaf,rbx(-1) ,rflags ,CMP,4,CMOVNBE,4,CMP,3,AND,3,NEG,3,CMP,4,MOV,7,JBE,6,CMP,4,MOV,7,0,1,0,0,0,JNE,0,0,1,0,0,0,JBE,0,0,5120646,5121272,5120683,0,0,0,1,c,5.433129891095032e-12,0.0,0,0,0
0x4e2280,JZ,1,0,1080,6,0x4e224c,TEST,1,NonLeaf,rbx(-1) rbx(-1) ,rflags ,MOV,8,MOV,8,MOV,8,MOV,8,MOV,7,LEA,4,MOV,3,AND,3,SHR,4,NEG,3,0,1,0,0,0,JMP,1,0,1,0,0,0,JA,0,0,5120588,5121720,5120646,0,0,1,0,c,5.433129891095032e-12,0.0,0,0,0
0x4e2246,JZ,1,0,1217,6,0x4e223d,TEST,1,NonLeaf,rax(-1) rax(-1) ,rflags ,MOV,3,MOV,3,TEST,3,CALL_NEAR,5,SHL,4,TEST,3,MOV,10,MOV,7,MOV,8,MOV,8,0,1,0,0,0,MOV,1,0,1,0,0,0,JE,0,0,5120573,5121799,5120588,0,0,0,1,c,5.433129891095032e-12,0.0,0,0,0
0x4e21ff,JZ,1,0,1315,6,0x4e21f2,TEST,1,NonLeaf,rax(-1) rax(-1) ,rflags ,MOV,7,MOV,3,TEST,3,CALL_NEAR,5,MOV,7,MOV,7,MOV,10,LEA,8,MOV,3,MUL,3,0,1,0,0,0,JMP,1,0,1,0,0,0,CALL,0,1,5120498,5121826,5120517,0,0,0,1,c,5.433129891095032e-12,0.0,0,0,0
0x4df8cf,JZ,1,1,-637,6,0x4df8cd,TEST,1,NonLeaf,ecx(MOV) ecx(MOV) ,rflags ,TEST,2,MOV,5,LEA,4,MOV,4,NOP,10,CMP,4,JZ,6,CMP,4,JNZ,6,MOV,5,0,0,0,0,0,JE,0,0,1,0,0,0,JE,0,0,5109952,5109330,5109973,0,0,0,0,c,5.433129891095032e-12,1.0,1,0,1
0x4df878,JZ,1,1,303,6,0x4df869,CMP,1,NonLeaf,rsp(-1) ,rflags ,MOV,4,MOV,5,CMP,6,MOV,5,JBE,2,MOV,5,MOV,5,MOV,5,ADD,3,ADD,3,0,1,0,0,0,JMP,0,0,1,0,0,0,CALL,0,1,5109865,5110183,5109886,0,1,1,1,c,5.433129891095032e-12,1.0,1,0,1
0x4df7fc,JZ,1,1,109,2,0x4df7f9,CMP,1,NonLeaf,r8(-1) rsi(-1) ,rflags ,CMP,3,MOV,5,MOV,4,JNZ,6,MOV,4,MOV,3,SUB,3,MOV,3,SHR,4,LEA,8,0,0,1,0,0,JE,0,0,0,0,0,0,JE,0,0,5109753,5109865,5109758,0,0,1,0,c,5.433129891095032e-12,1.0,1,1,1
0x4df7c0,JZ,1,1,434,6,0x4df7b8,CMP,1,NonLeaf,rsi(-1) ,rflags ,MOV,4,CMP,4,JZ,6,MOV,4,CMP,4,CMP,4,MOV,4,JZ,6,CMP,4,MOV,4,0,1,0,0,0,JMP,0,0,1,0,0,0,JE,0,0,5109688,5110130,5109702,0,0,0,1,c,5.433129891095032e-12,1.0,1,0,1
0x4df7b2,JZ,1,0,408,6,0x4df7aa,CMP,1,NonLeaf,rsi(-1) ,rflags ,MOV,4,CMP,4,JNBE,6,CMP,4,CMOVNBE,4,CMP,4,MOV,4,JZ,6,CMP,4,MOV,4,0,1,0,0,0,JMP,0,0,1,0,0,0,JE,0,0,5109674,5110090,5109688,0,0,0,1,c,5.433129891095032e-12,0.0,0,0,0
0x4df7a4,JNBE,1,0,404,6,0x4df7a0,CMP,1,NonLeaf,r8(-1) ,rflags ,CMP,4,CMOVNBE,4,CMP,3,AND,3,NEG,3,CMP,4,MOV,4,JZ,6,CMP,4,MOV,4,0,1,0,0,0,JNE,0,0,1,0,0,0,JE,0,0,5109637,5110072,5109674,0,0,0,1,c,5.433129891095032e-12,0.0,0,0,0
0x4df77f,JZ,1,0,234,6,0x4df77c,TEST,1,NonLeaf,r8(-1) r8(-1) ,rflags ,TEST,3,ADD,2,SETNZ,3,CMP,4,XOR,2,LEA,4,MOV,3,AND,3,SHR,4,NEG,3,0,1,1,0,0,JE,0,0,1,0,0,0,JA,0,0,5109617,5109865,5109637,0,0,1,0,c,5.433129891095032e-12,0.0,0,0,0
0x4df768,JNB,1,0,9,2,0x4df755,CMP,1,NonLeaf,rip(JNB) rbx(-1) ,rflags ,MOV,4,MOV,5,MOV,3,CMP,7,CALL_NEAR,5,MOV,7,XOR,2,CMP,4,SETNZ,3,ADD,2,0,1,1,0,0,JE,0,0,1,0,0,0,MOV,0,0,5109589,5109617,5109610,0,0,0,1,c,5.433129891095032e-12,0.0,0,0,0
0x4df737,JZ,1,0,637,6,0x4df727,TEST,1,NonLeaf,rax(-1) rax(-1) ,rflags ,MOV,5,MOV,5,MOV,3,TEST,3,CALL_NEAR,5,LEA,4,MOV,3,MOV,3,MOV,5,MOV,4,0,1,0,0,0,CALL,1,1,1,0,0,0,CALL,0,1,5109543,5110196,5109565,0,0,1,1,c,5.433129891095032e-12,0.0,0,0,0
0x4df6de,JZ,1,1,562,6,0x4df6d8,CMP,1,NonLeaf,rsp(-1) ,rflags ,CMP,6,NOP,3,JMP,5,MOV,4,LEA,4,MOV,5,CALL_NEAR,5,ADD,4,MOV,5,MOV,7,0,1,0,0,0,JMP,0,0,1,0,0,0,CALL,0,1,5109464,5110032,5109476,0,1,1,1,c,5.433129891095032e-12,1.0,1,0,1
0x4df674,JNZ,2,2,-12,2,0x4df670,CMP,1,NonLeaf,r14(-1) rbx(-1) ,rflags ,CMP,4,JZ,2,TEST,3,MOV,3,NOP,5,MOV,4,MOV,3,MOV,3,CALL_NEAR,5,TEST,2,1,1,0,0,0,JE,0,0,1,0,0,0,CALL,0,1,5109360,5109352,5109366,1,0,0,1,c,1.0866259782190064e-11,1.0,1,1,1
0x4df66e,JZ,2,1,106,2,0x4df66b,TEST,1,NonLeaf,r14(MOV) r14(MOV) ,rflags ,TEST,3,MOV,3,NOP,5,JMP,2,MOV,3,CMP,4,JNZ,2,MOV,4,MOV,3,MOV,3,0,0,0,0,0,JE,1,0,0,0,1,1,JNE,0,0,5109352,5109464,5109360,0,0,0,0,c,1.0866259782190064e-11,0.5,0,0,0
0x4df65c,JZ,1,0,124,2,0x4df659,TEST,1,NonLeaf,r13(MOV) r13(MOV) ,rflags ,TEST,3,MOV,7,MOV,6,JNZ,6,TEST,2,MOV,3,JMP,2,NOP,5,MOV,3,TEST,3,0,1,0,0,0,JE,0,0,1,0,0,0,JMP,0,0,5109330,5109464,5109342,0,0,0,0,c,5.433129891095032e-12,0.0,0,0,0
0x4df61f,JNZ,1,1,-23,2,0x4df61b,CMP,1,NonLeaf,rax(MOV) ,rflags ,CMP,4,MOV,3,JNZ,6,LEA,4,CMP,6,CMP,4,JNZ,6,MOV,4,TEST,2,JNZ,2,1,1,0,0,0,JNE,0,0,0,0,0,0,JNE,1,0,5109275,5109256,5109281,0,0,0,0,c,5.433129891095032e-12,1.0,1,1,1
0x4df612,JNZ,1,1,686,6,0x4df608,CMP,1,NonLeaf,r15(-1) rax(-1) ,rflags ,LEA,4,CMP,6,NOP,6,JMP,5,JZ,2,MOV,3,CMP,4,JNZ,2,CMP,4,JNZ,6,0,0,0,0,0,JE,1,0,1,0,0,0,MOV,0,0,5109256,5109952,5109272,0,0,1,0,c,5.433129891095032e-12,1.0,1,0,1
0x4df5fb,JZ,1,1,32,2,0x4df5f1,CMP,1,NonLeaf,r15(-1) rbx(-1) ,rflags ,LEA,4,CMP,6,JBE,2,CMP,4,JZ,2,JMP,5,NOP,6,CMP,6,LEA,4,JNZ,6,0,1,0,1,0,JNE,0,0,1,0,0,0,JMP,0,0,5109233,5109275,5109245,0,0,0,0,c,5.433129891095032e-12,1.0,1,1,1
0x4df5ef,JBE,1,0,50,2,0x4df5eb,CMP,1,NonLeaf,rax(-1) ,rflags ,CMP,4,JZ,2,MOV,3,TEST,3,CALL_NEAR,5,CMP,6,LEA,4,JZ,2,JMP,5,NOP,6,0,1,0,0,0,JNE,0,0,1,0,0,0,JE,0,0,5109227,5109281,5109233,0,1,0,0,c,5.433129891095032e-12,0.0,0,0,0
0x4df5e9,JZ,1,0,87,2,0x4df5e3,TEST,1,NonLeaf,rax(-1) rax(-1) ,rflags ,MOV,3,TEST,3,CALL_NEAR,5,MOV,3,JZ,6,CMP,4,JBE,2,CMP,6,LEA,4,JZ,2,0,1,0,0,0,JNE,0,0,1,0,0,0,JBE,0,0,5109219,5109312,5109227,0,0,0,0,c,5.433129891095032e-12,0.0,0,0,0
0x4df5d5,JZ,2,1,841,6,0x4df5cf,TEST,1,NonLeaf,rax(-1) rax(-1) ,rflags ,MOV,3,TEST,3,CALL_NEAR,5,LEA,5,MOV,5,MOV,3,CALL_NEAR,5,TEST,3,MOV,3,JZ,2,0,1,0,0,0,RET,1,0,1,0,0,0,CALL,0,1,5109199,5110046,5109211,0,0,1,1,c,1.0866259782190064e-11,0.5,0,0,0
0x4dd303,JNBE,1091,0,13,2,0x4dd300,CMP,1,Leaf,rsi(-1) rdx(-1) ,rflags ,CMP,3,XOR,2,MOV,7,JNBE,2,MOV,3,RET_NEAR,2,NOP,9,MOV,7,MOV,7,MOV,5,0,1,0,0,0,RET,0,0,1,0,0,0,REPZ RET,0,0,5100279,5100304,5100293,0,0,1,0,c,5.92754471118468e-09,0.0,0,0,0
0x4dd2f5,JNBE,1091,0,47,2,0x4dd2ec,CMP,1,Leaf,rax(-1) ,rflags ,MOV,3,CMP,6,SYSCALL,2,MOV,2,MOV,3,MOV,7,XOR,2,CMP,3,JNBE,2,RET_NEAR,2,0,1,0,0,0,RET,0,0,1,0,0,0,JA,0,0,5100268,5100324,5100279,0,1,1,1,c,5.92754471118468e-09,0.0,0,0,0
0x4dc9dd,JNB,1,0,-252061,6,0x4dc9d7,CMP,1,Leaf,rax(-1) ,rflags ,CMP,6,SYSCALL,2,MOV,5,INVALID,0,INVALID,0,RET_NEAR,1,INVALID,0,INVALID,0,INVALID,0,INVALID,0,0,-1,-1,-1,-1,RET,-1,0,1,1,0,0,RET,0,0,5097943,4845888,5097955,1,0,1,0,c,5.433129891095032e-12,0.0,0,0,0
0x4cba87,JZ,1,1,7,2,0x4cba84,BSR,1,Leaf,edx(BSR) ,edx rflags ,BSR,3,AND,3,SHR,3,SUB,3,JMP,2,LEA,5,RET_NEAR,1,INVALID,0,INVALID,0,INVALID,0,0,1,1,0,0,RET,0,0,1,0,0,0,LEA,0,0,5028475,5028494,5028489,0,0,0,0,c,5.433129891095032e-12,1.0,1,1,1
0x4cba72,JZ,1,0,-54,2,0x4cba6f,BSR,1,Leaf,edx(BSR) ,edx rflags ,BSR,3,JNZ,2,MOV,5,MOV,6,BSF,4,LEA,5,JMP,2,SUB,3,SHR,3,AND,3,0,0,1,1,0,JE,0,0,1,0,0,0,JMP,0,0,5028463,5028412,5028468,0,0,0,0,c,5.433129891095032e-12,0.0,0,1,0
0x4cba6d,JNZ,2,1,14,2,0x4cba5e,BSF,1,Leaf,ecx(MOV) ,r9d rflags ,MOV,5,MOV,6,BSF,4,JZ,2,OR,2,BSR,3,JZ,2,LEA,5,JMP,2,SUB,3,0,1,1,0,0,JE,1,0,1,0,0,0,JE,0,0,5028446,5028475,5028463,1,0,0,0,c,1.0866259782190064e-11,0.5,0,1,0
0x4cba5c,JZ,4,3,-32,2,0x4cba5a,OR,1,Leaf,esi(OR) ecx(PMOVMSKB) ,esi rflags ,OR,2,MOV,2,PMOVMSKB,4,PMOVMSKB,4,PCMPEQB,4,BSF,4,MOV,6,MOV,5,JNZ,2,BSR,3,1,1,1,1,1,JE,0,0,0,1,0,0,JNE,0,0,5028412,5028412,5028446,0,1,0,0,c,2.173251956438013e-11,0.75,1,1,1
0x4cba3a,JNZ,1,1,36,2,0x4cba38,OR,1,Leaf,esi(OR) ecx(AND) ,esi rflags ,OR,2,MOV,2,XOR,2,AND,2,AND,2,MOVDQA,4,LEA,4,MOVDQA,4,PCMPEQB,4,PCMPEQB,4,0,1,1,0,0,JNE,0,0,1,0,1,0,JE,0,0,5028336,5028446,5028412,1,0,0,0,c,5.433129891095032e-12,1.0,1,1,1
0x4cb303,JBE,6,0,31,2,0x4cb300,CMP,1,NonLeaf,rax(SUB) rdx(SUB) ,rflags ,CMP,3,SUB,7,MOV,3,SUB,6,MOV,5,MOVSXD,3,MOV,3,MOV,3,CALL_NEAR,3,ADD,3,0,1,0,0,0,CALL,0,1,1,1,0,0,CALL,0,1,5026532,5026594,5026565,0,0,1,1,c,3.2598779346570196e-11,0.0,0,0,0
0x4cb2e2,JLE,6,0,-30,2,0x4cb2e0,TEST,1,NonLeaf,ebx(-1) ebx(-1) ,rflags ,TEST,2,NOP,7,XOR,3,RET_NEAR,1,POP,2,MOV,7,MOV,5,SUB,6,MOV,3,SUB,7,0,0,1,0,0,RET,0,0,1,0,0,0,JBE,0,0,5026528,5026500,5026532,0,0,0,0,c,3.2598779346570196e-11,0.0,0,0,0
0x4cb27a,JLE,6,6,92,2,0x4cb275,CMP,1,NonLeaf,edx(-1) ,rflags ,MOV,2,CMP,3,MOV,5,MOV,4,IMUL,4,MOV,6,XOR,3,SUB,7,JMP,2,NOP,2,0,1,0,0,0,NOP,0,0,1,0,0,0,JMP,0,0,5026421,5026518,5026428,0,0,0,0,c,3.2598779346570196e-11,1.0,1,0,1
0x4cb24a,JZ,6,6,43,2,0x4cb247,CMP,1,NonLeaf,esi(-1) ,rflags ,CMP,3,SUB,4,PUSH,1,PUSH,1,PUSH,2,CMP,3,MOV,6,JZ,2,MOVZX,4,MOV,10,0,1,1,0,0,JLE,0,0,1,0,0,0,JE,0,0,5026352,5026421,5026380,0,0,0,0,c,3.2598779346570196e-11,1.0,1,0,1
0x4cadb3,JZ,3,0,27,2,0x4cadaf,CMP,1,NonLeaf,rax(-1) ,rflags ,CMP,4,CALL_NEAR,5,MOV,5,MOV,5,MOV,6,LEA,4,MOV,3,MOV,5,MOV,3,CALL_NEAR,5,0,1,1,0,0,RET,0,0,1,0,0,0,CALL,0,1,5025199,5025230,5025205,0,0,0,1,c,1.6299389673285098e-11,0.0,0,0,0
0x4cad89,JBE,3,0,87,2,0x4cad83,CMP,1,NonLeaf,rax(LEA) ,rflags ,CMP,6,LEA,4,MOV,5,JZ,2,CMP,5,MOV,5,MOV,5,XOR,3,XOR,2,MOV,6,0,1,0,0,0,JMP,0,0,0,0,0,0,MOV,0,0,5025146,5025248,5025163,0,0,0,0,c,1.6299389673285098e-11,0.0,0,0,0
0x4cad78,JZ,3,0,120,2,0x4cad73,CMP,1,NonLeaf,eax(AND) ,rflags ,CMP,5,AND,5,MOV,4,JS,2,TEST,2,MOV,5,LEA,4,CMP,6,JBE,2,MOV,5,0,1,0,0,0,JA,0,0,1,1,0,0,JBE,0,0,5025130,5025264,5025146,0,0,0,0,c,1.6299389673285098e-11,0.0,0,0,0
0x4cad68,JS,3,0,35,2,0x4cad66,TEST,1,NonLeaf,eax(-1) eax(-1) ,rflags ,TEST,2,CALL_NEAR,6,MOV,3,MOV,3,JBE,6,MOV,4,AND,5,CMP,5,JZ,2,MOV,5,0,0,0,0,0,MOV,0,0,1,0,0,0,JE,0,0,5025126,5025163,5025130,0,0,0,0,c,1.6299389673285098e-11,0.0,0,0,0
0x4cad54,JBE,3,0,246,6,0x4cad51,CMP,1,NonLeaf,rax(SUB) rdx(SUB) ,rflags ,CMP,3,SUB,7,MOV,3,SUB,6,MOV,5,MOV,3,MOV,3,CALL_NEAR,6,TEST,2,JS,2,0,1,0,0,0,CALL,0,1,1,1,0,0,CALL,0,1,5025077,5025354,5025114,0,0,1,1,c,1.6299389673285098e-11,0.0,0,0,0
0x4cad33,JS,3,0,88,2,0x4cad31,TEST,1,NonLeaf,eax(MOV) eax(MOV) ,rflags ,TEST,2,MOV,3,SUB,7,MOV,3,PUSH,1,MOV,7,MOV,5,SUB,6,MOV,3,SUB,7,0,1,0,0,0,MOV,0,0,1,0,0,0,JBE,0,0,5025056,5025163,5025077,0,0,0,0,c,1.6299389673285098e-11,0.0,0,0,0
0x4c9c4f,JZ,68,68,76,2,0x4c9c4c,CMP,1,NonLeaf,rsp(-1) rax(MOV) ,rflags ,CMP,3,MOV,3,JMP,5,MOV,7,MOV,7,SUB,7,OR,9,JMP,2,MOV,11,XOR,2,1,1,1,0,0,JMP,1,0,1,0,0,0,JMP,0,0,5020748,5020827,5020753,1,1,1,1,c,3.694528325944621e-10,1.0,1,0,1
0x4c7c28,JNZ,131,131,-25087,6,0x4c7c1c,CMP,1,NonLeaf,eax(-1) ,rflags ,MOV,7,MOV,2,CMP,3,CALL_NEAR,5,MOV,7,MOV,7,MOV,3,MOV,7,MOV,7,MOV,7,0,0,0,0,0,JBE,0,0,1,0,0,0,JMP,0,0,5012508,4987433,5012526,0,0,1,1,c,7.117400157334491e-10,1.0,1,0,1
0x4c7b91,JZ,76646,76646,-6557,6,0x4c7b8e,CMP,1,NonLeaf,rsp(-1) rsi(MOV) ,rflags ,CMP,3,MOV,3,SUB,3,AND,7,MOV,3,SUB,7,OR,9,JMP,2,LEA,5,MOV,5,1,0,1,0,0,JE,1,0,1,0,0,0,JMP,0,0,5012366,5005812,5012375,0,1,0,1,c,4.164276736328698e-07,1.0,1,1,1
0x4c7b69,JNBE,76646,0,808,6,0x4c7b5f,CMP,1,NonLeaf,r13(-1) ,rflags ,MOV,3,CMP,7,JS,6,TEST,3,CMOVNB,4,LEA,4,MOV,3,AND,4,LEA,4,MOV,3,0,0,0,0,0,CALL,0,1,0,0,0,0,MOV,0,0,5012319,5013137,5012335,0,0,1,0,c,4.164276736328698e-07,0.0,0,0,0
0x4c7b59,JS,76646,0,817,6,0x4c7b56,TEST,1,NonLeaf,rdx(-1) rdx(-1) ,rflags ,TEST,3,CMOVNB,4,CMP,6,MOV,6,LEA,4,CMP,7,MOV,3,JNBE,6,LEA,4,MOV,3,0,1,0,0,0,MOV,0,0,1,0,0,0,JA,0,0,5012290,5013130,5012319,0,0,0,0,c,4.164276736328698e-07,0.0,0,0,0
0x4c741e,JNZ,1,1,-23263,6,0x4c7419,CMP,1,NonLeaf,eax(-1) ,rflags ,MOV,2,CMP,3,CALL_NEAR,5,MOV,3,JMP,2,MOV,5,JMP,5,MOV,11,XOR,2,MOV,10,0,0,0,0,0,SUB,0,0,1,0,0,0,JMP,1,0,5010457,4987199,5010468,0,0,1,0,c,5.433129891095032e-12,1.0,1,0,1
0x4c6e55,JZ,39055,39055,126,2,0x4c6e52,TEST,1,NonLeaf,rsi(MOV) rsi(MOV) ,rflags ,TEST,3,CMOVZ,4,CMP,3,ADD,6,LEA,7,MOV,3,MOV,3,MOV,7,MOV,7,MOV,7,0,1,0,0,0,JMP,0,0,1,0,0,0,CALL,0,1,5008910,5009107,5008983,0,0,1,1,c,2.121908878967165e-07,1.0,1,0,1
0x4c6ddc,JZ,39055,39055,50,2,0x4c6dd9,CMP,1,NonLeaf,rsp(-1) rax(MOV) ,rflags ,CMP,3,MOV,3,JMP,5,MOV,6,MOV,5,SUB,7,OR,9,JMP,2,MOV,3,CMP,3,1,1,1,0,0,JE,1,0,1,0,0,0,JMP,0,0,5008857,5008910,5008862,1,1,1,1,c,2.121908878967165e-07,1.0,1,0,1
0x4c6db4,JNZ,3,3,-23151,6,0x4c6da1,CMP,1,NonLeaf,eax(-1) ,rflags ,MOV,7,MOV,7,MOV,2,CMP,3,CALL_NEAR,5,MOV,7,MOV,5,MOV,5,MOV,6,JMP,5,0,0,0,0,0,JNE,0,0,1,0,0,0,JMP,0,0,5008801,4985669,5008826,0,0,0,1,c,1.6299389673285098e-11,1.0,1,0,1
0x4c6d6e,JNZ,5,5,-22979,6,0x4c6d5b,CMP,1,NonLeaf,eax(-1) ,rflags ,MOV,7,MOV,7,MOV,2,CMP,3,CALL_NEAR,5,MOV,7,MOV,5,MOV,6,JMP,5,MOV,3,0,0,0,0,0,ADD,0,0,1,0,0,0,JMP,0,0,5008731,4985771,5008756,0,0,0,1,c,2.7165649455475163e-11,1.0,1,0,1
0x4c6223,JZ,76646,76646,16,2,0x4c6220,TEST,1,NonLeaf,r14(-1) r14(-1) ,rflags ,TEST,3,CMOVZ,4,CMP,3,LEA,4,AND,4,MOV,3,MOV,3,CALL_NEAR,5,MOV,3,MOV,3,0,1,1,0,0,JMP,0,0,1,0,0,0,CALL,0,1,5005831,5005875,5005861,0,0,0,1,c,4.164276736328698e-07,1.0,1,0,1
0x4c61f9,JZ,76646,0,14,2,0x4c61f4,AND,1,NonLeaf,eax(AND) ,eax rflags ,AND,5,JMP,2,OR,9,SUB,7,JZ,2,LEA,4,SUB,3,OR,5,LEA,5,LEA,5,0,1,1,0,0,JE,0,0,1,0,0,0,OR,0,0,5005812,5005831,5005819,0,0,0,1,c,4.164276736328698e-07,0.0,0,1,0
0x4c5fe7,JZ,278667,278667,314,6,0x4c5fe4,TEST,1,NonLeaf,r11(-1) r11(-1) ,rflags ,TEST,3,CMOVZ,4,CMP,3,LEA,4,AND,4,MOV,3,MOV,3,MOV,3,MOV,7,MOV,7,0,1,0,0,0,JMP,0,0,1,0,0,0,CALL,0,1,5005259,5005601,5005293,0,0,0,1,c,1.5140340073617792e-06,1.0,1,0,1
0x4c5fbd,JZ,278667,0,14,2,0x4c5fb8,AND,1,NonLeaf,eax(AND) ,eax rflags ,AND,5,JMP,5,MOV,6,MOV,5,MOV,7,LEA,4,SUB,3,OR,5,LEA,5,LEA,5,0,1,1,0,0,JE,0,0,1,0,0,0,OR,0,0,5005240,5005259,5005247,0,0,0,1,c,1.5140340073617792e-06,0.0,0,1,0
0x4c5f36,JNBE,278667,0,243,6,0x4c5f2c,CMP,1,NonLeaf,r13(-1) ,rflags ,MOV,3,CMP,7,JS,6,TEST,3,CMOVNB,4,LEA,4,MOV,3,AND,4,LEA,4,MOV,3,0,0,0,0,0,CALL,0,1,0,0,0,0,MOV,0,0,5005100,5005353,5005116,0,0,1,0,c,1.5140340073617792e-06,0.0,0,0,0
0x4c5f26,JS,278667,0,252,6,0x4c5f23,TEST,1,NonLeaf,r8(-1) r8(-1) ,rflags ,TEST,3,CMOVNB,4,CMP,6,MOV,6,LEA,4,CMP,7,MOV,3,JNBE,6,LEA,4,MOV,3,0,1,0,0,0,MOV,0,0,1,0,0,0,JA,0,0,5005071,5005346,5005100,0,0,0,0,c,1.5140340073617792e-06,0.0,0,0,0
0x4c5e60,JNZ,313,313,-16877,6,0x4c5e38,CMP,1,NonLeaf,eax(-1) ,rflags ,MOV,7,MOV,7,MOV,7,MOV,7,MOV,7,MOV,7,MOV,3,MOV,6,JMP,5,MOV,11,0,0,0,0,0,JMP,0,0,1,0,0,0,JMP,0,0,5004856,4988019,5004902,0,0,0,1,c,1.700569655912745e-09,1.0,1,0,1
0x4c4c74,JNZ,381,381,-15898,6,0x4c4c56,CMP,1,NonLeaf,eax(-1) ,rflags ,MOV,6,MOV,7,MOV,7,MOV,7,CMP,3,MOV,5,MOV,2,CMP,3,JZ,2,MOV,5,0,0,0,0,0,ADD,0,0,1,0,0,0,MOV,0,0,5000278,4984410,5000314,0,0,0,0,c,2.0700224885072074e-09,1.0,1,0,1
0x4c46c4,JZ,76714,0,-786,6,0x4c46a9,CMP,1,NonLeaf,ebx(-1) ,rflags ,MOV,7,MOV,7,MOV,7,MOV,3,CMP,3,MOVZX,3,MOV,3,MOV,7,SUB,4,CALL_NEAR,5,0,0,1,0,0,JNE,0,0,1,0,0,0,CALL,0,1,4998825,4998066,4998858,0,0,0,1,c,4.167971264654643e-07,0.0,0,0,0
0x4c43d5,JZ,76714,76714,-2206,6,0x4c43d2,TEST,1,NonLeaf,r14d(MOV) r14d(MOV) ,rflags ,TEST,3,MOV,7,JZ,6,TEST,3,JNZ,6,CMP,4,JNZ,6,MOV,5,JMP,5,NOP,1,0,0,0,0,0,JE,0,0,1,0,0,0,JNE,0,0,4998091,4995895,4998107,0,0,0,0,c,4.167971264654643e-07,1.0,1,0,1
0x4c43c5,JZ,76714,0,14921,6,0x4c43c2,TEST,1,NonLeaf,r11(-1) r11(-1) ,rflags ,TEST,3,JNZ,6,TEST,10,MOV,5,MOV,7,MOV,7,TEST,3,JZ,6,CMP,4,JNZ,6,0,1,0,0,0,JMP,1,0,1,0,0,0,JE,0,0,4998082,5013006,4998091,0,0,0,0,c,4.167971264654643e-07,0.0,0,0,0
0x4c43bc,JNZ,76714,0,15228,6,0x4c43b2,TEST,1,NonLeaf,rbp(-1) ,rflags ,TEST,10,MOV,5,MOV,7,MOV,7,MOV,7,TEST,3,JZ,6,MOV,7,TEST,3,JZ,6,0,1,0,0,0,JNE,0,0,1,0,0,0,JE,0,0,4998066,5013304,4998082,0,0,0,0,c,4.167971264654643e-07,0.0,0,0,0
0x4c3d65,JNZ,76714,76714,-7121,6,0x4c3d5e,CMP,1,NonLeaf,rbp(-1) rdx(-1) ,rflags ,CMP,7,MOVSS,4,XORPS,7,JZ,2,CMP,7,MOV,5,JMP,5,NOP,3,MOV,7,TEST,3,0,0,0,0,0,JMP,0,0,0,0,0,0,JMP,1,0,4996446,4989332,4996459,0,0,1,0,c,4.167971264654643e-07,1.0,1,1,1
0x4c3be6,JZ,76714,69328,10,2,0x4c3bdf,CMP,1,NonLeaf,rbp(-1) ,rflags ,CMP,7,MOV,3,MOV,6,ADD,3,ADD,7,XORPD,8,MOVSD_XMM,4,JMP,5,LEA,4,MOV,7,0,1,1,0,0,JMP,0,0,1,0,0,0,XORPD,0,0,4996063,4996080,4996072,0,0,1,0,c,4.167971264654643e-07,0.9037203118074928,1,0,1
0x4c3bc4,JNB,76714,0,3018,6,0x4c3bc1,CMP,1,NonLeaf,ecx(MOV) ,rflags ,CMP,3,MOV,6,JNZ,6,TEST,3,MOV,7,MOV,2,ADD,7,ADD,3,MOV,6,MOV,3,0,1,0,0,0,JMP,0,0,1,0,0,0,MOV,0,0,4996027,4999054,4996042,0,1,1,1,c,4.167971264654643e-07,0.0,0,0,0
0x4c3bb5,JNZ,76714,0,22534,6,0x4c3bb2,TEST,1,NonLeaf,r11d(MOV) r11d(MOV) ,rflags ,TEST,3,MOV,7,JZ,6,CMP,7,MOV,7,MOV,6,CMP,3,JNB,6,MOV,2,ADD,7,0,1,0,0,0,MOV,0,0,1,0,0,0,JAE,0,0,4996011,5018555,4996027,0,0,1,0,c,4.167971264654643e-07,0.0,0,0,0
0x4c3b91,JNZ,76714,0,147,6,0x4c3b8d,AND,1,NonLeaf,r14d(AND) ,r14d rflags ,AND,4,CALL_NEAR,5,JZ,6,MOV,7,TEST,7,MOV,7,CMP,7,JZ,6,MOV,7,TEST,3,0,0,0,0,0,JNE,0,0,1,0,0,0,JE,0,0,4995981,4996132,4995991,0,0,0,0,c,4.167971264654643e-07,0.0,0,0,0
0x4c3b82,JZ,76714,0,142,6,0x4c3b74,TEST,1,NonLeaf,rbp(-1) ,rflags ,MOV,7,TEST,7,JNZ,6,TEST,7,AND,6,CALL_NEAR,5,AND,4,JNZ,6,MOV,7,CMP,7,0,1,0,0,0,CALL,0,1,1,0,0,0,CALL,0,1,4995956,4996112,4995976,0,0,1,1,c,4.167971264654643e-07,0.0,0,0,0
0x4c3b6e,JNZ,76714,0,210,6,0x4c3b67,TEST,1,NonLeaf,rbp(-1) ,rflags ,TEST,7,AND,6,MOV,5,MOV,3,LEA,7,TEST,7,MOV,7,JZ,6,CALL_NEAR,5,AND,4,0,1,0,0,0,CALL,0,1,1,0,0,0,JE,0,0,4995908,4996160,4995956,0,0,1,0,c,4.167971264654643e-07,0.0,0,0,0
0x4c3b3e,JZ,76714,0,22792,6,0x4c3b37,CMP,1,NonLeaf,rbp(-1) r11(-1) ,rflags ,CMP,7,MOV,3,MOV,6,MOV,7,JZ,6,MOV,7,MOV,7,LEA,7,MOV,3,MOV,5,0,1,0,0,0,JS,0,0,1,0,0,0,JNE,0,0,4995895,5018694,4995908,0,0,0,1,c,4.167971264654643e-07,0.0,0,0,0
0x4c37fa,JZ,709249,709249,283,6,0x4c37f7,TEST,1,NonLeaf,r8d(MOV) r8d(MOV) ,rflags ,TEST,3,MOV,7,JNZ,6,TEST,10,NOP,5,MOV,7,MOV,3,MOV,7,MOV,4,MOV,7,0,0,0,0,0,JAE,0,0,1,0,0,0,MOV,0,0,4995056,4995349,4995072,0,0,0,1,c,3.853441942129261e-06,1.0,1,0,1
0x4c37ea,JNZ,709249,0,1504,6,0x4c37e0,TEST,1,NonLeaf,rbp(-1) ,rflags ,TEST,10,NOP,5,JMP,5,MOV,5,JNZ,6,MOV,7,TEST,3,JZ,6,MOV,7,MOV,3,0,1,0,0,0,JE,0,0,1,0,0,0,JE,0,0,4995040,4996554,4995056,0,0,0,0,c,3.853441942129261e-06,0.0,0,0,0
0x4c35f3,JZ,76714,0,16656,6,0x4c35f0,CMP,1,NonLeaf,rdx(-1) r12(-1) ,rflags ,CMP,3,JMP,5,MOV,3,MOV,4,MOV,7,MOVZX,7,MOV,7,MOV,7,MOV,4,ADD,4,0,1,0,0,0,JS,0,0,1,0,0,0,JMP,0,0,4994544,5011203,4994553,0,1,0,1,c,4.167971264654643e-07,0.0,0,0,0
0x4c35b4,JZ,76714,0,16815,6,0x4c35b1,CMP,1,NonLeaf,rdx(-1) r12(-1) ,rflags ,CMP,3,JNZ,6,CMP,3,JZ,2,CMP,3,MOV,4,MOV,7,ADD,4,JMP,5,MOV,7,0,1,0,0,0,JS,0,0,1,0,0,0,JMP,0,0,4994481,5011299,4994490,0,1,0,1,c,4.167971264654643e-07,0.0,0,1,0
0x4c35ab,JNZ,24343,0,-6974,6,0x4c35a8,CMP,1,NonLeaf,ebx(-1) ,rflags ,CMP,3,JZ,2,CMP,3,JMP,5,MOV,6,CMP,3,JZ,6,MOV,4,MOV,7,ADD,4,0,0,0,0,0,JNE,0,0,0,0,0,0,JE,0,0,4994472,4987501,4994481,0,0,0,0,c,1.3225868093892638e-07,0.0,0,0,0
0x4c35a6,JZ,76714,52371,11,2,0x4c35a3,CMP,1,NonLeaf,ebx(-1) ,rflags ,CMP,3,JMP,5,MOV,6,MOV,5,MOV,2,CMP,3,JNZ,6,CMP,3,JZ,6,MOV,4,0,1,0,0,0,JE,0,0,1,0,0,0,JNE,0,0,4994467,4994481,4994472,0,0,0,0,c,4.167971264654643e-07,0.6826785202179524,1,0,1
0x4c2f7d,JNZ,150493,150493,-6915,6,0x4c2f7b,CMP,1,NonLeaf,al(-1) ,rflags ,CMP,2,JZ,2,CMP,2,MOVZX,3,MOV,7,CMP,3,MOV,3,JZ,6,MOVZX,4,MOV,3,0,0,0,0,0,JE,0,0,0,0,0,0,JE,1,0,4992891,4985978,4992899,0,0,0,0,c,8.176480167005647e-07,1.0,1,1,1
0x4c2f79,JZ,150493,0,10,2,0x4c2f77,CMP,1,NonLeaf,al(MOVZX) ,rflags ,CMP,2,MOVZX,3,MOV,7,JMP,5,MOV,5,CMP,2,JNZ,6,CMP,3,MOV,3,JZ,6,0,0,0,0,0,JE,1,0,1,0,0,0,JNE,0,0,4992877,4992899,4992891,0,0,0,0,c,8.176480167005647e-07,0.0,0,0,0
0x4c2e4a,JZ,76714,76714,-334,6,0x4c2e47,TEST,1,NonLeaf,r10d(MOV) r10d(MOV) ,rflags ,TEST,3,MOV,7,JMP,2,OR,9,SUB,7,CMP,7,JNZ,6,MOV,7,SUB,3,TEST,3,0,0,0,0,0,MOV,0,0,1,0,0,0,JNE,0,0,4992576,4992252,4992592,0,0,0,0,c,4.167971264654643e-07,1.0,1,0,1
0x4c2db1,JZ,153428,153428,-4932,6,0x4c2dae,TEST,1,NonLeaf,r13d(MOV) r13d(MOV) ,rflags ,TEST,3,MOV,7,JMP,5,MOV,7,CMOVLE,4,MOV,7,MOVSXD,3,MOV,4,TEST,5,JZ,6,0,0,0,0,0,JNE,0,0,1,0,0,0,JE,0,0,4992423,4987501,4992439,0,0,0,0,c,8.335942529309286e-07,1.0,1,0,1
0x4c2d06,JZ,76714,76714,6563,6,0x4c2d03,TEST,1,NonLeaf,rax(MOV) rax(MOV) ,rflags ,TEST,3,MOV,7,JNZ,6,TEST,2,MOV,7,MOVZX,3,TEST,2,JNZ,6,MOV,7,CMP,3,0,0,0,0,0,JE,0,0,1,0,0,0,MOVZX,0,0,4992259,4998825,4992268,0,1,1,0,c,4.167971264654643e-07,1.0,1,0,1
0x4c2c80,JNZ,76714,0,6801,6,0x4c2c7e,CMP,1,NonLeaf,ebx(-1) esi(MOVZX) ,rflags ,CMP,2,MOVZX,3,MOVZX,3,MOV,7,JMP,5,MOV,7,CMP,4,LEA,4,JZ,6,MOV,7,0,1,0,0,0,JMP,0,0,1,0,0,0,JE,0,0,4992113,4998929,4992134,0,0,0,0,c,4.167971264654643e-07,0.0,0,0,0
0x4c2ab9,JNZ,68,68,-4385,6,0x4c2ab5,CMP,1,NonLeaf,rax(MOV) rdx(MOVZX) ,rflags ,CMP,4,MOV,4,MOV,7,MOV,6,MOVZX,3,CMP,8,JZ,6,MOV,7,AND,10,OR,10,0,0,1,0,0,JA,0,0,1,0,0,0,JE,0,0,4991642,4987288,4991679,0,0,1,0,c,3.694528325944621e-10,1.0,1,0,1
0x4c2a94,JZ,68,0,5864,6,0x4c2a8e,SUB,1,NonLeaf,rbp(-1) eax(SETNLE) ,rflags ,SUB,6,SETNLE,3,TEST,2,XOR,2,MOV,6,MOV,7,MOVZX,3,MOV,6,MOV,7,MOV,4,0,1,0,0,0,JMP,0,0,1,0,0,0,JNE,0,0,4991617,4997500,4991642,0,0,1,1,c,3.694528325944621e-10,0.0,0,0,0
0x4c2a6c,JNB,68,0,28973,6,0x4c2a68,CMP,1,NonLeaf,rax(MOV) r15(-1) ,rflags ,CMP,4,MOV,4,MOV,3,MOV,7,JZ,6,LEA,4,MOV,4,MOVZX,3,ADD,4,MOV,6,0,1,0,0,0,CALL,0,1,1,0,0,0,MOVZX,0,0,4991578,5020569,4991602,0,0,1,1,c,3.694528325944621e-10,0.0,0,0,0
0x4c2a54,JZ,68,68,29173,6,0x4c2a4c,CMP,1,NonLeaf,rbp(-1) ,rflags ,CMP,8,JMP,5,MOV,5,MOV,6,MOV,7,MOV,7,MOV,3,MOV,4,CMP,4,JNB,6,0,1,0,0,0,MOV,0,0,1,1,0,0,JAE,0,0,4991564,5020745,4991578,0,0,0,1,c,3.694528325944621e-10,1.0,1,0,1
0x4c240d,JZ,709249,709249,5075,6,0x4c2406,TEST,1,NonLeaf,rbp(-1) ,rflags ,TEST,7,JMP,2,MOV,6,ADD,4,MOVZX,3,MOV,7,TEST,3,JZ,6,MOV,7,MOV,3,0,1,0,0,0,JNE,0,0,1,0,0,0,JE,0,0,4989958,4995040,4989971,0,0,0,0,c,3.853441942129261e-06,1.0,1,0,1
0x4c1c97,JZ,709249,709249,-2117,6,0x4c1c94,TEST,1,NonLeaf,r12d(MOV) r12d(MOV) ,rflags ,TEST,3,MOV,7,JNZ,6,CMP,7,NOP,4,MOV,7,TEST,3,MOV,6,CMOVNLE,4,MOVZX,5,0,0,0,0,0,MOV,1,0,1,0,0,0,JNE,0,0,4988045,4985938,4988061,0,0,1,0,c,3.853441942129261e-06,1.0,1,0,1
0x4c1c87,JNZ,709249,0,-2101,6,0x4c1c80,CMP,1,NonLeaf,rbp(-1) ,rflags ,CMP,7,NOP,4,JMP,5,ADD,4,MOVZX,3,MOV,7,TEST,3,JZ,6,MOV,7,TEST,3,0,0,0,0,0,MOV,1,0,1,0,0,0,JE,0,0,4988032,4985938,4988045,0,0,1,0,c,3.853441942129261e-06,0.0,0,0,0
0x4c1c62,JNB,2602663,313,16811,6,0x4c1c5e,CMP,1,NonLeaf,rax(MOV) r15(-1) ,rflags ,CMP,4,MOV,4,JZ,6,CMP,3,SUB,3,LEA,4,MOV,4,MOVZX,3,ADD,4,JMP,5,0,1,0,0,0,CALL,0,1,1,0,0,0,MOVZX,0,0,4987994,5004813,4988008,0,0,1,1,c,1.414060614174707e-05,0.0001202614399174,0,0,0
0x4c1c54,JZ,2602663,0,588,6,0x4c1c51,CMP,1,NonLeaf,ebx(-1) ,rflags ,CMP,3,SUB,3,MOV,4,SETNLE,3,LEA,5,MOV,4,CMP,4,JNB,6,LEA,4,MOV,4,0,1,0,0,0,JMP,0,0,1,0,0,0,JAE,0,0,4987965,4988576,4987994,0,0,1,0,c,1.414060614174707e-05,0.0,0,0,0
0x4c1c37,JZ,2602663,278667,17112,6,0x4c1c34,CMP,1,NonLeaf,r8(-1) r12(MOV) ,rflags ,CMP,3,MOV,3,JZ,6,TEST,5,MOV,4,XOR,2,TEST,3,LEA,5,SETNLE,3,MOV,4,0,1,0,0,0,JS,0,0,1,0,0,0,JE,0,0,4987956,5005071,4987965,0,0,0,1,c,1.414060614174707e-05,0.1070699510462937,0,0,0
0x4c1b49,JLE,76714,76714,9,2,0x4c1b46,TEST,1,NonLeaf,r11d(MOV) r11d(MOV) ,rflags ,TEST,3,MOV,7,MOV,3,MOV,7,MOV,7,MOV,7,MOV,7,JMP,5,CMP,3,JZ,6,0,1,1,0,0,JMP,0,0,1,0,0,0,MOV,0,0,4987711,4987730,4987723,0,0,1,1,c,4.167971264654643e-07,1.0,1,0,1
0x4c1b20,JNZ,76714,0,-32,2,0x4c1b1c,CMP,1,NonLeaf,r14(ADD) ,rflags ,CMP,4,MOV,4,ADD,4,ADD,4,MOVZX,4,MOV,3,MOV,6,MOV,3,MOV,7,MOV,7,0,1,0,0,0,MOV,0,0,1,0,0,0,MOV,1,0,4987660,4987648,4987682,0,0,0,0,c,4.167971264654643e-07,0.0,0,1,0
0x4c1b06,JZ,76714,0,24739,6,0x4c1b03,CMP,1,NonLeaf,r13(-1) r15(-1) ,rflags ,CMP,3,MOV,3,NOP,2,JMP,2,MOV,3,MOVZX,4,ADD,4,ADD,4,MOV,4,CMP,4,1,1,0,0,0,JS,0,0,1,0,0,0,JNE,0,0,4987651,5012393,4987660,0,1,0,1,c,4.167971264654643e-07,0.0,0,0,0
0x4c1ac7,JNZ,76714,76714,4985,6,0x4c1ac5,TEST,1,NonLeaf,al(MOVZX) al(MOVZX) ,rflags ,TEST,2,MOVZX,5,MOV,7,JZ,6,CMP,7,MOV,7,CMP,3,JZ,2,MOV,3,MOV,7,0,1,0,0,0,JE,0,0,0,0,0,0,JE,0,0,4987589,4992576,4987597,0,0,0,0,c,4.167971264654643e-07,1.0,1,0,1
0x4c1ab3,JZ,153428,76714,4542,6,0x4c1aac,CMP,1,NonLeaf,rbp(-1) ,rflags ,CMP,7,CMOVNLE,4,TEST,2,MOV,6,MOV,6,MOV,7,MOVZX,5,TEST,2,JNZ,6,MOV,7,0,1,0,0,0,JNE,0,0,1,0,0,0,MOVZX,0,0,4987546,4992113,4987577,0,0,0,0,c,8.335942529309286e-07,0.5,0,0,0
0x4c1a94,JZ,153428,76714,7004,6,0x4c1a90,CMP,1,NonLeaf,dil(MOVZX) rax(MOV) rsi(MOVZX) ,rflags ,CMP,4,MOV,4,MOVZX,7,MOVZX,3,MOV,7,MOV,6,MOV,6,TEST,2,CMOVNLE,4,CMP,7,0,1,0,0,0,JE,0,0,0,0,0,0,JE,0,0,4987515,4994544,4987546,0,0,0,0,c,8.335942529309286e-07,0.5,0,1,0
0x4c1a79,JZ,153428,0,33,2,0x4c1a76,TEST,1,NonLeaf,r12(-1) r12(-1) ,rflags ,TEST,3,JNZ,2,CMP,7,JZ,6,CMP,5,MOV,7,MOVZX,3,MOVZX,7,MOV,4,CMP,4,0,0,0,0,0,JE,0,0,1,0,0,0,JE,0,0,4987510,4987546,4987515,0,0,0,0,c,8.335942529309286e-07,0.0,0,0,0
0x4c1a74,JNZ,230142,76714,38,2,0x4c1a6d,CMP,1,NonLeaf,rbp(-1) ,rflags ,CMP,7,JZ,6,CMP,5,MOVZX,7,JZ,6,TEST,3,JZ,2,MOV,7,MOVZX,3,MOVZX,7,0,1,0,0,0,JE,0,0,1,0,0,0,JE,0,0,4987501,4987546,4987510,0,0,0,0,c,1.2503913793963929e-06,0.3333333333333333,0,0,0
0x4c1a67,JZ,153428,76714,6972,6,0x4c1a62,CMP,1,NonLeaf,r14(-1) r12(-1) al(MOVZX) ,rflags ,CMP,5,MOVZX,7,JZ,6,CMP,7,JBE,2,CMP,7,JNZ,2,TEST,3,JZ,2,MOV,7,0,1,0,0,0,JE,0,0,0,0,0,0,JNE,0,0,4987483,4994467,4987501,0,0,0,0,c,8.335942529309286e-07,0.5,0,0,0
0x4c1a55,JZ,306856,153428,4946,6,0x4c1a4e,CMP,1,NonLeaf,rbp(-1) ,rflags ,CMP,7,JBE,2,CMP,3,LEA,3,SUB,6,MOVZX,7,CMP,5,JZ,6,CMP,7,JNZ,2,0,1,0,0,0,JE,0,0,1,0,0,0,JE,0,0,4987470,4992423,4987483,0,0,0,0,c,1.667188505861857e-06,0.5,0,0,0
0x4c1a4c,JBE,1073928,767140,-102,2,0x4c1a49,CMP,1,NonLeaf,eax(LEA) ,rflags ,CMP,3,LEA,3,SUB,6,SETNLE,3,TEST,3,CMP,7,JZ,6,MOVZX,7,CMP,5,JZ,6,0,0,0,0,0,JE,0,0,0,0,0,0,JE,0,0,4987433,4987366,4987470,0,0,0,0,c,5.834790317683905e-06,0.7143309421115754,1,0,1
0x4c1a18,JNB,1073928,131,25077,6,0x4c1a14,CMP,1,NonLeaf,rax(MOV) r15(-1) ,rflags ,CMP,4,MOV,4,JZ,6,CMP,3,JZ,6,LEA,4,MOV,4,MOVZX,3,MOV,7,XOR,2,0,1,0,0,0,CALL,0,1,1,0,0,0,MOVZX,0,0,4987408,5012493,4987422,0,0,1,1,c,5.834790317683905e-06,0.0001219821068079,0,0,0
0x4c1a01,JZ,1073928,0,10735,6,0x4c19fe,TEST,1,NonLeaf,r9d(MOV) r9d(MOV) ,rflags ,TEST,3,MOV,7,ADD,4,MOV,4,JZ,6,CMP,3,JZ,6,MOV,4,CMP,4,JNB,6,0,1,0,0,0,JMP,0,0,1,0,0,0,JE,0,0,4987383,4998128,4987399,0,0,1,0,c,5.834790317683905e-06,0.0,0,0,0
0x4c19e9,JZ,843786,76646,24921,6,0x4c19e6,CMP,1,NonLeaf,rdx(-1) r12(-1) ,rflags ,CMP,3,JNBE,2,CMP,3,LEA,3,MOV,6,MOV,4,ADD,4,MOV,7,TEST,3,JZ,6,0,1,0,0,0,JS,0,0,0,0,0,0,ADD,0,0,4987366,5012290,4987375,0,1,0,1,c,4.5843989382875125e-06,0.0908358280417072,0,0,0
0x4c19e4,JNBE,76714,68,106,2,0x4c19e1,CMP,1,NonLeaf,eax(LEA) ,rflags ,CMP,3,LEA,3,MOV,6,AND,5,MOV,2,CMP,3,JZ,6,MOV,4,ADD,4,MOV,7,0,1,0,0,0,JE,0,0,1,0,0,0,JE,0,0,4987288,4987470,4987366,0,0,0,0,c,4.167971264654643e-07,0.0008864092603696,0,0,0
0x4c1988,JNZ,68,68,4292,6,0x4c1986,TEST,1,NonLeaf,ecx(MOV) ecx(MOV) ,rflags ,TEST,2,MOV,6,JNZ,2,CMP,3,JZ,6,XOR,3,MOV,7,MOV,6,MOV,7,MOV,3,0,1,0,0,0,JE,0,0,0,0,0,0,MOV,0,0,4987264,4991564,4987278,0,0,0,1,c,3.694528325944621e-10,1.0,1,1,1
0x4c197e,JNZ,76714,76646,16,2,0x4c197b,CMP,1,NonLeaf,ebx(-1) ,rflags ,CMP,3,JZ,6,CMP,3,JZ,6,CMP,3,MOV,6,TEST,2,JNZ,6,XOR,3,MOV,7,0,1,0,0,0,MOV,0,0,1,0,0,0,JNE,0,0,4987259,4987278,4987264,0,0,1,0,c,4.167971264654643e-07,0.9991135907396304,1,0,1
0x4c1975,JZ,76714,0,10311,6,0x4c1972,CMP,1,NonLeaf,eax(-1) ,rflags ,CMP,3,JZ,6,CMP,3,MOV,3,MOV,4,CMP,3,JNZ,2,MOV,6,TEST,2,JNZ,6,0,1,0,0,0,JE,0,0,1,0,0,0,JNE,0,0,4987250,4997564,4987259,0,0,0,0,c,4.167971264654643e-07,0.0,0,0,0
0x4c196c,JZ,76714,0,8412,6,0x4c1969,CMP,1,NonLeaf,eax(MOV) ,rflags ,CMP,3,MOV,3,MOV,4,MOVZX,3,MOV,7,CMP,3,JZ,6,CMP,3,JNZ,2,MOV,6,0,1,0,0,0,JE,0,0,1,0,0,0,JE,0,0,4987224,4995656,4987250,0,0,0,0,c,4.167971264654643e-07,0.0,0,0,0
0x4c192e,JNB,7386,1,23267,6,0x4c192a,CMP,1,NonLeaf,rax(MOV) r15(-1) ,rflags ,CMP,4,MOV,4,JZ,6,TEST,3,MOV,6,LEA,4,MOV,4,MOVZX,3,MOV,7,XOR,2,0,1,0,0,0,CALL,0,1,1,0,0,0,MOVZX,0,0,4987174,5010449,4987188,0,0,1,1,c,4.0129097375627914e-08,0.0001353912808015,0,0,0
0x4c1920,JZ,7386,0,32748,6,0x4c191d,TEST,1,NonLeaf,r11d(MOV) r11d(MOV) ,rflags ,TEST,3,MOV,6,MOV,7,JZ,6,TEST,2,MOV,4,CMP,4,JNB,6,LEA,4,MOV,4,0,1,0,0,0,JMP,1,0,1,0,0,0,JAE,0,0,4987152,5019916,4987174,0,0,0,0,c,4.0129097375627914e-08,0.0,0,0,0
0x4c1906,JZ,76714,0,10,2,0x4c1903,CMP,1,NonLeaf,ebx(-1) ,rflags ,CMP,3,SETZ,3,CMP,3,JZ,6,CMP,3,TEST,2,JZ,6,MOV,7,MOV,6,TEST,3,0,1,0,0,0,JE,0,0,1,0,0,0,JE,0,0,4987133,4987152,4987144,0,0,1,0,c,4.167971264654643e-07,0.0,0,0,0
0x4c18f7,JZ,76714,0,32799,6,0x4c18f4,CMP,1,NonLeaf,ebx(MOVZX) ,rflags ,CMP,3,SUB,6,SETNLE,3,TEST,3,XOR,2,CMP,3,SETZ,3,CMP,3,JZ,2,TEST,2,0,1,0,0,0,JNE,1,0,1,0,0,0,JE,0,0,4987103,5019926,4987133,1,0,0,0,c,4.167971264654643e-07,0.0,0,0,0
0x4c18ca,JNB,76714,0,32792,6,0x4c18c6,CMP,1,NonLeaf,rax(MOV) r15(-1) ,rflags ,CMP,4,MOV,4,JZ,6,CMP,3,JMP,2,LEA,4,MOV,4,MOVZX,3,ADD,4,MOV,7,0,1,0,0,0,CALL,0,1,1,0,0,0,MOVZX,0,0,4987074,5019874,4987088,0,0,1,1,c,4.167971264654643e-07,0.0,0,0,0
0x4c18bc,JZ,76714,0,4473,6,0x4c18b9,CMP,1,NonLeaf,ebx(-1) ,rflags ,CMP,3,JMP,2,MOV,6,ADD,4,MOVZX,3,MOV,4,CMP,4,JNB,6,LEA,4,MOV,4,0,1,0,0,0,JMP,0,0,1,0,0,0,JAE,0,0,4987065,4991541,4987074,0,0,1,0,c,4.167971264654643e-07,0.0,0,0,0
0x4c162c,JNZ,709249,0,15068,6,0x4c1622,TEST,1,NonLeaf,rbp(-1) ,rflags ,TEST,10,JNZ,6,TEST,3,JZ,6,MOV,6,MOV,6,JMP,5,TEST,7,JZ,6,MOV,7,0,1,0,0,0,CALL,0,1,1,0,0,0,JMP,0,0,4986402,5001480,4986418,0,0,1,0,c,3.853441942129261e-06,0.0,0,0,0
0x4c161c,JNZ,670167,670167,-572,6,0x4c1619,TEST,1,NonLeaf,r8d(-1) r8d(-1) ,rflags ,TEST,3,JZ,6,MOV,6,CMP,3,XOR,2,TEST,10,JNZ,6,MOV,6,JMP,5,TEST,7,0,0,0,0,0,JE,0,0,0,0,0,0,JNE,0,0,4986393,4985824,4986402,0,0,0,0,c,3.641104359725485e-06,1.0,1,0,1
0x4c1613,JZ,693093,39082,-693,6,0x4c160a,CMP,1,NonLeaf,ebx(-1) ,rflags ,MOV,6,CMP,3,XOR,2,JMP,5,MOV,10,TEST,3,JNZ,6,TEST,10,JNZ,6,MOV,6,0,0,0,0,0,JE,0,0,0,0,0,0,JNE,0,0,4986376,4985694,4986393,0,0,0,0,c,3.765664295608729e-06,0.0563878151994032,0,0,0
0x4c15ce,JNZ,709249,709249,-760,6,0x4c15c5,CMP,1,NonLeaf,ebx(-1) ,rflags ,MOV,6,CMP,3,OR,7,JMP,5,MOV,3,MOV,7,MOV,6,MOV,3,MOV,7,MOV,5,0,0,0,0,0,JAE,0,0,0,0,0,0,MOV,1,0,4986309,4985558,4986324,0,0,0,1,c,3.853441942129261e-06,1.0,1,1,1
0x4c1528,JZ,709249,709249,3806,6,0x4c1521,TEST,1,NonLeaf,rbp(-1) ,rflags ,TEST,7,JZ,6,TEST,3,JNZ,6,TEST,7,MOV,7,TEST,3,JZ,6,MOV,7,MOV,6,0,1,0,0,0,JE,0,0,1,0,0,0,JE,0,0,4986145,4989958,4986158,0,0,0,0,c,3.853441942129261e-06,1.0,1,0,1
0x4c151b,JZ,709249,0,3114,6,0x4c1518,TEST,1,NonLeaf,r14d(-1) r14d(-1) ,rflags ,TEST,3,JNZ,6,TEST,7,XOR,3,JZ,6,TEST,7,JZ,6,MOV,7,TEST,3,JZ,6,0,1,0,0,0,JNE,0,0,1,0,0,0,JE,0,0,4986136,4989253,4986145,0,0,0,0,c,3.853441942129261e-06,0.0,0,0,0
0x4c1512,JNZ,709249,0,-2421,6,0x4c150b,TEST,1,NonLeaf,rbp(-1) ,rflags ,TEST,7,XOR,3,JZ,6,CMP,7,MOV,7,TEST,3,JZ,6,TEST,7,JZ,6,MOV,7,0,0,1,0,0,JNE,0,0,1,0,0,0,JE,0,0,4986120,4983709,4986136,0,0,0,0,c,3.853441942129261e-06,0.0,0,0,0
0x4c1502,JZ,709249,0,21139,6,0x4c14fb,CMP,1,NonLeaf,rdi(MOV) rbp(-1) ,rflags ,CMP,7,MOV,7,CALL_NEAR,5,AND,6,MOV,3,XOR,3,TEST,7,JNZ,6,TEST,3,JZ,6,0,1,0,0,0,JMP,1,0,1,0,0,0,JNE,0,0,4986100,5007253,4986120,0,0,0,0,c,3.853441942129261e-06,0.0,0,0,0
0x4c14d0,JZ,709249,0,3138,6,0x4c14c8,AND,1,NonLeaf,r14d(AND) ,r14d rflags ,MOV,4,AND,4,MOV,7,MOV,7,JZ,6,MOV,6,LEA,7,MOV,3,MOV,3,AND,6,0,1,0,0,0,CALL,0,1,1,0,0,0,CALL,0,1,4986042,4989202,4986070,0,0,1,1,c,3.853441942129261e-06,0.0,0,0,0
0x4c14b4,JZ,709249,0,23114,6,0x4c14ad,CMP,1,NonLeaf,rbp(-1) rcx(MOV) ,rflags ,CMP,7,MOV,7,MOV,7,CALL_NEAR,5,SUB,4,MOV,7,MOV,7,AND,4,MOV,4,JZ,6,0,1,0,0,0,JS,0,0,1,0,0,0,JE,0,0,4986029,5009150,4986042,0,0,0,1,c,3.853441942129261e-06,0.0,0,0,0
0x4c1480,JZ,709249,0,45,2,0x4c147a,CMP,1,NonLeaf,ebx(-1) ,rflags ,MOV,3,CMP,3,JZ,6,CMP,4,JZ,6,MOVZX,3,MOV,3,MOV,7,MOV,7,SUB,4,0,0,1,0,0,JE,0,0,1,0,0,0,CALL,0,1,4985978,4986029,4985986,0,0,0,1,c,3.853441942129261e-06,0.0,0,1,0
0x4c1474,JZ,709249,150493,6905,6,0x4c1470,CMP,1,NonLeaf,rcx(-1) ,rflags ,CMP,4,JZ,6,TEST,3,MOV,7,MOV,7,CMP,3,MOV,3,JZ,2,MOVZX,3,MOV,3,0,1,0,0,0,JE,0,0,1,0,0,0,JE,0,0,4985968,4992877,4985978,0,0,0,0,c,3.853441942129261e-06,0.2121864112603613,0,0,0
0x4c144c,JNL,2602663,2602663,2021,6,0x4c1446,CMP,1,NonLeaf,rbp(-1) eax(LEA) ,rflags ,CMP,6,LEA,3,JNBE,6,CMP,3,LEA,3,MOV,7,MOV,7,MOV,7,TEST,3,JZ,6,0,0,0,0,0,MOV,0,0,0,0,0,0,MOV,1,0,4985923,4987953,4985938,0,0,0,1,c,1.414060614174707e-05,1.0,1,1,1
0x4c143d,JNBE,3311912,709249,2115,6,0x4c143a,CMP,1,NonLeaf,eax(LEA) ,rflags ,CMP,3,LEA,3,JZ,6,CMP,7,JZ,2,LEA,3,CMP,6,JNL,6,MOV,7,MOV,7,0,1,0,0,0,JNE,0,0,1,0,0,0,JGE,0,0,4985911,4988032,4985923,0,0,0,0,c,1.7994048083876332e-05,0.2141509194688747,0,0,0
0x4c1431,JZ,3311912,0,2023,6,0x4c142a,CMP,1,NonLeaf,rbp(-1) ,rflags ,CMP,7,JZ,2,CMP,3,JZ,2,TEST,3,LEA,3,CMP,3,JNBE,6,LEA,3,CMP,6,0,1,0,0,0,JE,0,0,1,0,0,0,JA,0,0,4985898,4987928,4985911,0,0,0,0,c,1.7994048083876332e-05,0.0,0,0,0
0x4c1428,JZ,3311912,0,42,2,0x4c1425,CMP,1,NonLeaf,ebx(-1) ,rflags ,CMP,3,JZ,2,TEST,3,NOP,5,MOV,7,CMP,7,JZ,6,LEA,3,CMP,3,JNBE,6,0,0,0,0,0,MOV,1,0,1,0,0,0,JE,0,0,4985893,4985938,4985898,0,0,1,0,c,1.7994048083876332e-05,0.0,0,0,0
0x4c1423,JZ,3311912,0,47,2,0x4c1420,TEST,1,NonLeaf,r10d(MOV) r10d(MOV) ,rflags ,TEST,3,NOP,5,MOV,7,MOV,7,AND,7,CMP,3,JZ,2,CMP,7,JZ,6,LEA,3,1,1,0,0,0,MOV,1,0,1,0,0,0,JE,0,0,4985888,4985938,4985893,0,0,1,0,c,1.7994048083876332e-05,0.0,0,0,0
0x4c13e4,JZ,709249,709249,574,6,0x4c13e0,CMP,1,NonLeaf,r8d(CMOVZ) ,rflags ,CMP,4,MOV,3,CMOVZ,4,MOV,5,TEST,3,MOV,7,MOV,7,MOV,7,MOV,7,AND,7,0,0,0,0,0,JNE,0,0,0,0,0,0,NOP,0,0,4985824,4986402,4985834,0,1,0,1,c,3.853441942129261e-06,1.0,1,0,1
0x4c13cb,JZ,39082,0,8853,6,0x4c13c7,CMP,1,NonLeaf,rax(MOV) rdx(MOVZX) ,rflags ,CMP,4,MOV,4,MOVZX,3,MOV,7,JZ,2,TEST,3,MOV,5,CMOVZ,4,MOV,3,CMP,4,0,1,0,0,0,JNE,0,0,0,0,0,0,CMOVE,0,0,4985785,4994656,4985809,0,0,0,0,c,2.1233758240377605e-07,0.0,0,0,0
0x4c13b7,JZ,39082,0,26,2,0x4c13b5,TEST,1,NonLeaf,ecx(MOV) ecx(MOV) ,rflags ,TEST,2,MOV,6,ADD,4,MOVZX,3,MOV,4,MOV,7,MOVZX,3,MOV,4,CMP,4,JZ,6,0,1,0,0,0,CMOVE,0,0,1,0,0,0,JE,0,0,4985775,4985809,4985785,0,0,0,0,c,2.1233758240377605e-07,0.0,0,0,0
0x4c139a,JNB,39082,5,22955,6,0x4c1396,CMP,1,NonLeaf,rax(MOV) r15(-1) ,rflags ,CMP,4,MOV,4,MOV,4,MOV,7,JZ,6,LEA,4,MOV,4,MOVZX,3,ADD,4,MOV,6,0,1,0,0,0,CALL,0,1,1,0,0,0,MOVZX,0,0,4985735,5008709,4985760,0,0,1,1,c,2.1233758240377605e-07,0.0001279361342817,0,0,0
0x4c1381,JZ,39082,39055,23125,6,0x4c137a,CMP,1,NonLeaf,rbp(-1) rcx(-1) ,rflags ,CMP,7,SUB,6,MOVZX,3,SETNLE,3,TEST,2,MOV,7,MOV,4,MOV,4,CMP,4,JNB,6,0,1,0,0,0,MOV,0,0,1,1,0,0,JAE,0,0,4985708,5008854,4985735,0,0,0,1,c,2.1233758240377605e-07,0.9993091448748784,1,0,1
0x4c1366,JZ,39082,0,691,6,0x4c1364,TEST,1,NonLeaf,eax(MOV) eax(MOV) ,rflags ,TEST,2,MOV,6,JNZ,6,MOV,5,MOV,6,TEST,2,SETNLE,3,MOVZX,3,SUB,6,CMP,7,0,0,0,0,0,JNE,0,0,1,0,0,0,JE,0,0,4985694,4986393,4985708,0,1,0,1,c,2.1233758240377605e-07,0.0,0,0,0
0x4c1358,JNZ,16156,16156,705,6,0x4c1345,CMP,1,NonLeaf,ebx(-1) ,rflags ,MOV,5,MOV,6,LEA,5,CMP,3,MOVZX,3,MOV,6,TEST,2,JZ,6,TEST,2,SETNLE,3,0,0,0,0,0,JNE,0,0,0,0,0,0,JE,0,0,4985669,4986393,4985694,0,0,0,0,c,8.777764652053136e-08,1.0,1,0,1
0x4c1334,JNB,16156,3,23127,6,0x4c1330,CMP,1,NonLeaf,rax(MOV) r15(-1) ,rflags ,CMP,4,MOV,4,SUB,6,SETNLE,3,TEST,2,LEA,4,MOV,4,MOVZX,3,CMP,3,LEA,5,0,1,0,0,0,CALL,0,1,1,0,0,0,MOVZX,0,0,4985616,5008779,4985658,0,0,1,1,c,8.777764652053136e-08,0.0001856895271106,0,0,0
0x4c130a,JZ,16156,0,23270,6,0x4c1302,CMP,1,NonLeaf,rbp(-1) ,rflags ,CMP,8,JNZ,6,CMP,3,JZ,2,LEA,5,MOV,7,MOV,6,MOV,2,XOR,2,TEST,2,0,1,0,0,0,MOV,0,0,1,1,0,0,JAE,0,0,4985602,5008880,4985616,0,0,0,1,c,8.777764652053136e-08,0.0,0,1,0
0x4c12fc,JNZ,709249,693093,780,6,0x4c12f9,CMP,1,NonLeaf,ebx(-1) ,rflags ,CMP,3,JZ,2,LEA,5,CMP,3,MOVZX,3,CMP,8,JZ,6,MOV,7,MOV,6,MOV,2,0,1,0,0,0,JE,0,0,0,0,0,0,JE,0,0,4985593,4986376,4985602,0,0,0,0,c,3.853441942129261e-06,0.9772209759900966,1,0,1
0x4c12f7,JZ,709249,0,11,2,0x4c12ef,CMP,1,NonLeaf,ebx(MOVZX) ,rflags ,LEA,5,CMP,3,MOVZX,3,MOV,4,LEA,4,CMP,3,JNZ,6,CMP,8,JZ,6,MOV,7,0,1,0,0,0,JE,0,0,1,0,0,0,JNE,0,0,4985583,4985602,4985593,0,0,0,0,c,3.853441942129261e-06,0.0,0,0,0
0x4c12de,JNB,709249,0,15876,6,0x4c12da,CMP,1,NonLeaf,rax(MOV) r15(-1) ,rflags ,CMP,4,MOV,4,JZ,6,CMP,3,MOV,6,LEA,4,MOV,4,MOVZX,3,CMP,3,LEA,5,0,1,0,0,0,CALL,0,1,1,0,0,0,MOVZX,0,0,4985558,5001442,4985572,0,0,1,1,c,3.853441942129261e-06,0.0,0,0,0
0x4c125e,JZ,76714,0,9173,6,0x4c125a,CMP,1,NonLeaf,r14b(MOVZX) ,rflags ,CMP,4,MOVZX,5,JMP,5,OR,10,JZ,6,OR,7,JMP,5,MOVZX,5,CMP,4,JZ,6,0,1,0,0,0,JMP,0,0,1,0,0,0,JMP,0,0,4985429,4994611,4985444,0,0,1,1,c,4.167971264654643e-07,0.0,0,0,0
0x4c1225,JNZ,19061,19061,-1045,6,0x4c1221,CMP,1,NonLeaf,r14b(-1) ,rflags ,CMP,4,JMP,5,ADD,4,MOV,4,MOV,7,MOV,7,JMP,5,MOVZX,5,CMP,4,JZ,6,0,0,0,0,0,NOP,0,0,1,0,0,0,JMP,0,0,4985377,4984336,4985387,0,0,1,1,c,1.0356088885416241e-07,1.0,1,0,1
0x4c11e1,JZ,375406,375406,55,2,0x4c11dd,CMP,1,NonLeaf,r8(MOV) rdx(MOV) ,rflags ,CMP,4,MOV,9,MOV,7,RET_NEAR,1,POP,1,MOV,5,CMP,7,JZ,2,CMPXCHG_LOCK,4,JNZ,6,0,1,1,0,0,JMP,0,0,1,0,0,0,JE,0,0,4985293,4985368,4985315,0,0,1,0,c,2.039629559896422e-06,1.0,1,0,1
0x4c11b3,JZ,394436,394436,-2037,6,0x4c11b0,CMP,1,NonLeaf,eax(-1) ,rflags ,CMP,3,JMP,2,OR,9,SUB,7,JZ,6,LEA,4,MOV,5,POP,1,POP,2,POP,2,0,0,0,0,0,JNE,0,0,0,0,0,0,RET,1,0,4985264,4983230,4985273,0,0,0,0,c,2.14302202172396e-06,1.0,1,0,1
0x4c1096,JNZ,375406,375406,-182,6,0x4c1092,SUB,1,NonLeaf,rdx(MOV) ,rflags ,SUB,4,MOV,7,JNZ,6,MOV,10,TEST,7,MOV,8,CMP,7,JZ,2,DEC_LOCK,3,JNZ,6,0,0,1,0,0,JE,0,0,1,0,0,0,JE,0,0,4984971,4984800,4984988,0,0,0,1,c,2.039629559896422e-06,1.0,1,0,1
0x4c1028,JNZ,394436,0,23215,6,0x4c1020,CMP,1,NonLeaf,rbp(-1) ,rflags ,CMP,8,JZ,6,CMP,7,OR,2,JZ,2,MOV,6,LEA,4,POP,1,POP,2,POP,2,0,1,0,0,0,CALL,0,1,1,0,0,0,MOV,0,0,4984864,5008087,4984878,0,0,1,0,c,2.14302202172396e-06,0.0,0,0,0
0x4c101a,JZ,394436,0,23262,6,0x4c1013,CMP,1,NonLeaf,rbp(-1) ,rflags ,CMP,7,OR,2,JZ,2,TEST,3,MOV,7,CMP,8,JNZ,6,MOV,6,LEA,4,POP,1,0,1,0,0,0,JE,0,0,1,0,0,0,JNE,0,0,4984851,5008120,4984864,0,0,0,0,c,2.14302202172396e-06,0.0,0,0,0
0x4c100f,JZ,394436,394436,4,2,0x4c100c,TEST,1,NonLeaf,rax(MOV) rax(MOV) ,rflags ,TEST,3,MOV,7,JNZ,6,CMP,7,CALL_NEAR,5,OR,2,CMP,7,JZ,6,CMP,8,JNZ,6,0,1,1,0,0,JE,0,0,1,0,0,0,OR,0,0,4984837,4984851,4984849,0,0,0,1,c,2.14302202172396e-06,1.0,1,0,1
0x4c0fff,JNZ,394436,0,4516,6,0x4c0ff8,CMP,1,NonLeaf,rbp(-1) ,rflags ,CMP,7,CALL_NEAR,5,XOR,2,LEA,7,JZ,2,MOV,7,TEST,3,JZ,2,OR,2,CMP,7,0,1,0,0,0,CALL,0,1,1,1,0,0,JE,0,0,4984824,4989347,4984837,0,0,1,0,c,2.14302202172396e-06,0.0,0,0,0
0x4c0fe8,JZ,394436,394436,16,2,0x4c0fe6,TEST,1,NonLeaf,eax(MOV) eax(MOV) ,rflags ,TEST,2,MOV,6,NOP,3,JZ,6,TEST,7,LEA,7,XOR,2,CALL_NEAR,5,CMP,7,JNZ,6,0,1,1,0,0,JNE,0,0,1,0,0,0,CALL,0,1,4984800,4984824,4984810,0,0,0,1,c,2.14302202172396e-06,1.0,1,1,1
0x4c0fd7,JZ,394436,375406,180,6,0x4c0fd0,TEST,1,NonLeaf,r15(-1) ,rflags ,TEST,7,NOP,7,MOV,10,JNZ,2,TEST,2,NOP,3,MOV,6,TEST,2,JZ,2,LEA,7,0,0,0,0,0,JNE,0,0,1,0,0,0,NOP,0,0,4984784,4984971,4984797,0,0,1,0,c,2.14302202172396e-06,0.9517538967031408,1,0,1
0x4c0f67,JNBE,785963,785963,8154,6,0x4c0f64,CMP,1,NonLeaf,esi(LEA) ,rflags ,CMP,3,LEA,3,MOV,6,MOVZX,3,NOP,3,XOR,2,NOP,1,ADD,4,MOVZX,4,LEA,3,0,1,0,0,0,JMP,0,0,1,0,0,0,NOP,0,0,4984664,4992833,4984685,0,0,1,0,c,4.270239068594725e-06,1.0,1,0,1
0x4c0f3c,JNZ,785963,785963,-28,2,0x4c0f3a,CMP,1,NonLeaf,al(MOVZX) ,rflags ,CMP,2,LEA,4,MOVZX,4,ADD,4,OR,6,CMP,2,JZ,2,CMP,2,JNZ,2,JMP,2,1,1,1,0,0,JE,0,0,1,0,0,0,JE,0,0,4984626,4984608,4984638,0,0,0,0,c,4.270239068594725e-06,1.0,1,0,1
0x4c0f26,JNZ,785963,785963,50,2,0x4c0f24,CMP,1,NonLeaf,al(-1) ,rflags ,CMP,2,JZ,2,CMP,2,NOP,4,JMP,2,OR,6,ADD,4,MOVZX,4,LEA,4,CMP,2,0,0,1,0,0,JA,1,0,0,0,0,0,OR,0,0,4984612,4984664,4984616,0,0,1,0,c,4.270239068594725e-06,1.0,1,1,1
0x4c0f22,JZ,785963,0,28,2,0x4c0f20,CMP,1,NonLeaf,al(-1) ,rflags ,CMP,2,NOP,4,JMP,2,CMOVZ,3,CMP,2,CMP,2,JNZ,2,OR,6,ADD,4,MOVZX,4,0,0,0,0,0,JE,0,0,1,1,0,0,JNE,0,0,4984608,4984638,4984612,0,0,0,0,c,4.270239068594725e-06,0.0,0,0,0
0x4c0edf,JNZ,785963,0,29,2,0x4c0ed7,CMP,1,NonLeaf,rbp(-1) ,rflags ,CMP,8,ADD,4,XOR,2,MOV,7,MOV,10,JMP,2,NOP,5,CMP,2,JZ,2,CMP,2,0,1,0,1,0,JNE,0,0,1,0,0,0,JMP,0,0,4984522,4984572,4984545,0,0,0,0,c,4.270239068594725e-06,0.0,0,0,0
0x4c0eab,JNBE,785963,0,6990,6,0x4c0ea7,CMP,1,NonLeaf,r14b(SUB) ,rflags ,CMP,4,SUB,4,SUB,4,MOV,7,CALL_NEAR,5,MOVZX,4,JMP,8,NOP,3,MOV,10,MOV,7,0,1,0,0,0,JMP,1,0,1,0,0,0,JMP,0,0,4984483,4991481,4984497,0,1,0,0,c,4.270239068594725e-06,0.0,0,0,0
0x4c0e84,JZ,785963,0,31,2,0x4c0e6d,CMP,1,NonLeaf,eax(-1) ,rflags ,MOV,7,MOV,2,MOV,5,MOV,6,CMP,3,MOVZX,3,MOV,3,MOV,7,CALL_NEAR,5,MOV,7,0,0,1,0,0,JA,0,0,1,0,0,0,CALL,0,1,4984429,4984483,4984454,0,0,0,1,c,4.270239068594725e-06,0.0,0,0,0
0x4c0e49,JNB,3956321,381,15850,6,0x4c0e45,CMP,1,NonLeaf,rax(MOV) r15(-1) ,rflags ,CMP,4,MOV,4,JZ,6,CMP,3,NOP,4,LEA,4,MOV,4,MOVZX,3,ADD,4,MOV,4,0,1,0,0,0,CALL,0,1,1,0,0,0,MOVZX,0,0,4984385,5000243,4984399,0,1,1,1,c,2.149520588386699e-05,9.63015892795352e-05,0,0,0
0x4c0e3b,JZ,3956321,0,15957,6,0x4c0e38,CMP,1,NonLeaf,eax(-1) ,rflags ,CMP,3,NOP,4,MOV,9,MOV,5,MOV,6,MOV,4,CMP,4,JNB,6,LEA,4,MOV,4,1,1,0,0,0,JMP,0,0,1,0,0,0,JAE,0,0,4984376,5000336,4984385,0,0,0,0,c,2.149520588386699e-05,0.0,0,0,0
0x4c0dc8,JNZ,19061,19061,1113,6,0x4c0dc6,CMP,1,NonLeaf,al(AND) ,rflags ,CMP,2,AND,3,MOV,3,JZ,6,CMP,4,MOV,7,JMP,5,MOVZX,5,MOV,3,AND,3,0,1,0,0,0,JNE,0,0,1,0,0,0,JMP,0,0,4984259,4985377,4984270,0,0,0,1,c,1.0356088885416241e-07,1.0,1,0,1
0x4c0dba,JZ,19061,0,779,6,0x4c0db6,CMP,1,NonLeaf,r14b(-1) ,rflags ,CMP,4,JNZ,2,LEA,4,TEST,3,JZ,6,MOV,3,AND,3,CMP,2,JNZ,6,MOV,7,0,1,0,0,0,MOV,0,0,1,0,0,0,MOV,0,0,4984246,4985029,4984256,0,0,1,0,c,1.0356088885416241e-07,0.0,0,0,0
0x4c0db4,JNZ,785963,766902,92,2,0x4c0dad,TEST,1,NonLeaf,r13d(-1) r13d(-1) ,rflags ,LEA,4,TEST,3,JZ,6,TEST,3,MOVZX,5,CMP,4,JZ,6,MOV,3,AND,3,CMP,2,0,0,0,0,0,NOP,0,0,1,0,0,0,JE,0,0,4984237,4984336,4984246,0,0,1,0,c,4.270239068594725e-06,0.9757482222445586,1,0,1
0x4c0da7,JZ,785963,0,24127,6,0x4c0da4,TEST,1,NonLeaf,r14b(-1) r14b(-1) ,rflags ,TEST,3,MOVZX,5,OR,7,NOP,7,JMP,7,TEST,3,LEA,4,JNZ,2,CMP,4,JZ,6,0,1,0,0,0,JMP,1,0,1,0,0,0,JNE,0,0,4984228,5008358,4984237,0,0,0,0,c,4.270239068594725e-06,0.0,0,0,0
0x4c0d81,JNBE,785963,0,5220,6,0x4c0d7f,CMP,1,NonLeaf,al(LEA) ,rflags ,CMP,2,LEA,4,LEA,4,MOV,6,CMOVNZ,3,MOVZX,3,JMP,7,NOP,7,OR,7,MOVZX,5,0,1,0,0,0,JMP,0,0,1,0,0,0,JMP,0,0,4984183,4989413,4984199,0,1,0,0,c,4.270239068594725e-06,0.0,0,0,0
0x4c0cf3,JNBE,785963,785963,461,6,0x4c0cf0,CMP,1,NonLeaf,eax(SUB) ,rflags ,CMP,3,SUB,3,MOVZX,5,NOP,5,JMP,5,MOVZX,5,MOV,2,MOV,6,LEA,4,MOVZX,4,0,1,0,0,0,MOV,0,0,1,0,0,0,JA,0,0,4984040,4984512,4984057,0,1,1,1,c,4.270239068594725e-06,1.0,1,0,1
0x4c0bab,JNZ,1552865,1158429,-195,6,0x4c0ba8,TEST,1,NonLeaf,r14b(MOVZX) r14b(MOVZX) ,rflags ,TEST,3,MOVZX,4,MOV,7,XOR,3,JNZ,6,MOV,3,XOR,2,TEST,3,JZ,6,MOV,3,0,0,0,1,1,JNE,0,0,0,0,0,0,JE,1,0,4983709,4983528,4983729,0,0,0,0,c,8.436917248335287e-06,0.7459946614805537,1,1,1
0x4c0b1b,JNZ,766902,766902,445,6,0x4c0b16,TEST,1,NonLeaf,rcx(MOV) rax(MOVZX) ,rflags ,TEST,5,MOV,4,MOVZX,4,MOV,7,JZ,6,CMP,3,JZ,6,MOV,4,CMP,4,JNB,6,0,1,0,0,0,JMP,0,0,1,0,0,0,JE,0,0,4983559,4984024,4983585,0,0,0,0,c,4.166678179740563e-06,1.0,1,0,1
0x4c0b01,JZ,1552865,785963,487,6,0x4c0af6,CMP,1,NonLeaf,r14b(-1) ,rflags ,MOV,7,CMP,4,LEA,4,JNZ,6,TEST,4,MOV,7,MOVZX,4,MOV,4,TEST,5,JNZ,6,0,1,0,0,0,JA,0,0,1,0,0,0,JNE,0,0,4983538,4984040,4983559,0,0,0,0,c,8.436917248335287e-06,0.5061373654503128,1,0,1
0x4c0aec,JNZ,1552865,0,348,6,0x4c0ae8,TEST,1,NonLeaf,r14b(-1) ,rflags ,TEST,4,NOP,7,JZ,6,MOV,7,MOV,10,LEA,4,CMP,4,MOV,7,JZ,6,MOV,7,1,1,0,0,0,CALL,0,1,1,0,0,0,JE,0,0,4983528,4983880,4983538,0,0,1,1,c,8.436917248335287e-06,0.0,0,0,0
0x4c0adb,JZ,394436,0,214,6,0x4c0a9c,TEST,1,NonLeaf,r14b(MOVZX) r14b(MOVZX) ,rflags ,MOV,7,MOV,10,MOV,10,MOV,11,MOV,11,NOP,7,TEST,4,JNZ,6,LEA,4,CMP,4,0,1,0,0,0,JE,1,0,1,0,0,0,NOP,0,0,4983355,4983729,4983521,0,0,0,0,c,2.14302202172396e-06,0.0,0,0,0
0x4c0a35,JZ,394436,375406,1944,6,0x4c0a30,AND,1,NonLeaf,eax(AND) ,eax rflags ,AND,5,MOV,3,CALL_NEAR,5,MOV,5,MOV,3,XOR,3,MOV,3,MOV,11,MOV,3,MOVZX,4,0,1,0,0,0,JE,0,0,1,1,0,0,JE,0,0,4983344,4985293,4983355,0,0,0,1,c,2.14302202172396e-06,0.9517538967031408,1,1,1
0x4c0a13,JZ,394436,394436,25020,6,0x4c0a06,TEST,1,NonLeaf,rdx(MOV) rdx(MOV) ,rflags ,MOV,6,SETNZ,4,TEST,3,MOV,5,MOV,7,LEA,7,MOV,3,MOV,5,CALL_NEAR,5,MOV,3,0,1,0,0,0,JMP,0,0,1,0,0,0,CALL,0,1,4983250,5008335,4983321,0,0,1,1,c,2.14302202172396e-06,1.0,1,0,1
0x4c09cc,JZ,394436,0,25124,6,0x4c09c9,TEST,1,NonLeaf,rbx(-1) rbx(-1) ,rflags ,TEST,3,JNZ,6,TEST,2,MOV,3,MOV,11,MOV,7,MOV,4,MOV,4,MOV,7,MOV,4,0,1,0,0,0,JMP,1,0,1,0,0,0,JE,0,0,4983241,5008368,4983250,0,0,1,1,c,2.14302202172396e-06,0.0,0,0,0
0x4c09c3,JNZ,394436,0,14919,6,0x4c09c1,TEST,1,NonLeaf,al(MOV) ,rflags ,TEST,2,MOV,3,MOV,11,JNZ,6,TEST,2,TEST,3,JZ,6,MOV,7,MOV,4,MOV,4,0,1,0,0,0,JMP,1,0,1,0,0,0,JE,0,0,4983230,4998154,4983241,0,0,1,0,c,2.14302202172396e-06,0.0,0,0,0
0x4b8439,JZ,3,3,-3010,6,0x4b8437,TEST,1,NonLeaf,al(-1) ,rflags ,TEST,2,JMP,5,MOV,3,MOV,4,LEA,4,MOV,6,TEST,2,JZ,6,MOV,7,TEST,3,0,0,0,0,0,JNE,0,0,1,0,0,0,JE,0,0,4949047,4946039,4949055,0,0,0,0,c,1.6299389673285098e-11,1.0,1,0,1
0x4b8421,JNB,5,0,1890,6,0x4b841d,CMP,1,NonLeaf,rax(MOV) rbx(-1) ,rflags ,CMP,4,MOV,4,JMP,5,MOV,4,SHL,3,LEA,4,MOV,4,MOV,3,JMP,5,TEST,2,0,1,0,0,0,CALL,0,1,1,0,0,0,JMP,0,0,4949017,4950915,4949031,0,0,1,1,c,2.7165649455475163e-11,0.0,0,0,0
0x4b81ac,JNZ,75,67,-44,2,0x4b81a8,SUB,1,NonLeaf,r15(SUB) ,r15 rflags ,SUB,4,SUB,2,LEA,5,MOV,2,MOV,4,MOV,3,JMP,5,MOV,3,MOV,3,MOV,3,0,0,0,1,1,JAE,0,0,1,0,0,0,JMP,1,0,4948385,4948352,4948398,0,0,0,0,c,4.0748474183212735e-10,0.8933333333333333,1,1,1
0x4b8191,JNB,75,0,2955,6,0x4b8188,CMP,1,NonLeaf,rax(MOV) rbx(-1) ,rflags ,MOVZX,5,CMP,4,MOV,4,ADD,4,NOP,5,LEA,4,MOV,4,MOV,2,LEA,5,SUB,2,1,1,0,0,0,CALL,0,1,1,0,0,0,MOV,0,0,4948352,4951324,4948375,0,0,1,1,c,4.0748474183212735e-10,0.0,0,0,0
0x4b8175,JZ,8,0,-1453,6,0x4b816c,TEST,1,NonLeaf,rdi(-1) rdi(-1) ,rflags ,MOV,3,MOV,3,TEST,3,JNLE,2,MOV,3,NOP,5,ADD,4,MOV,4,CMP,4,MOVZX,5,0,0,0,0,0,JNE,0,0,1,0,0,0,NOP,0,0,4948332,4946888,4948347,0,0,0,0,c,4.346503912876026e-11,0.0,0,0,0
0x4b816a,JNLE,8,0,-91,2,0x4b8163,CMP,1,NonLeaf,rdi(SUB) ,rflags ,MOV,3,CMP,4,SUB,3,JMP,5,ADD,3,TEST,3,MOV,3,MOV,3,JZ,6,NOP,5,0,0,0,0,0,JBE,0,0,1,0,0,0,JE,0,0,4948320,4948239,4948332,0,0,0,0,c,4.346503912876026e-11,0.0,0,0,0
0x4b8084,JZ,8,0,18,2,0x4b807d,TEST,1,NonLeaf,rax(-1) rax(-1) ,rflags ,MOV,4,TEST,3,ADD,4,MOV,3,MOVSXD,3,LEA,4,MOV,4,MOV,4,MOV,4,MOV,4,0,1,1,0,0,JMP,0,0,1,0,0,0,MOV,0,0,4948065,4948118,4948102,0,0,0,1,c,4.346503912876026e-11,0.0,0,0,0
0x4b7fa0,JNZ,8,8,1416,6,0x4b7f9b,TEST,1,NonLeaf,eax(XOR) eax(XOR) ,rflags ,MOV,3,TEST,2,XOR,4,BSR,6,MOV,3,MOV,3,TEST,3,JZ,6,SUB,3,TEST,3,0,1,0,0,0,JMP,1,0,1,0,0,0,MOV,0,0,4947857,4949288,4947878,0,0,0,0,c,4.346503912876026e-11,1.0,1,0,1
0x4b7f09,JS,8,2,1936,6,0x4b7f01,TEST,1,NonLeaf,eax(MOVSXD) eax(MOVSXD) ,rflags ,MOV,6,TEST,2,MOV,7,MOVSXD,4,JMP,2,MOV,3,TEST,2,JNZ,6,MOVSXD,4,MOV,6,0,1,0,0,0,JMP,0,0,1,1,0,0,JNE,0,0,4947702,4949657,4947727,0,0,1,0,c,4.346503912876026e-11,0.25,0,0,0
0x4b7cfd,JZ,3,3,1850,6,0x4b7cfb,TEST,1,NonLeaf,al(MOVZX) ,rflags ,TEST,2,MOVZX,6,JMP,5,MOV,10,MOV,6,MOV,6,TEST,2,JZ,6,MOV,7,TEST,3,0,1,0,0,0,JE,0,0,1,0,0,0,JE,0,0,4947189,4949047,4947203,0,0,0,0,c,1.6299389673285098e-11,1.0,1,0,1
0x4b7bdf,JZ,8,8,-3603,6,0x4b7bd6,TEST,1,NonLeaf,r12(-1) ,rflags ,MOV,3,TEST,6,JNZ,6,CMP,8,JNZ,2,MOV,7,TEST,3,JLE,6,MOVSXD,7,MOV,7,0,0,0,0,0,RET,0,0,1,0,0,0,JLE,0,0,4946902,4943308,4946917,0,0,0,0,c,4.346503912876026e-11,1.0,1,0,1
0x4b7bd0,JNZ,8,0,3796,6,0x4b7bc8,CMP,1,NonLeaf,rbp(-1) ,rflags ,CMP,8,JNZ,2,SUB,4,ADD,4,JNZ,6,TEST,6,MOV,3,JZ,6,MOV,7,TEST,3,0,1,0,0,0,CALL,0,1,1,1,0,0,JE,0,0,4946888,4950692,4946902,0,0,1,0,c,4.346503912876026e-11,0.0,0,0,0
0x4b7b52,JZ,8,8,1550,6,0x4b7b4f,TEST,1,NonLeaf,r11d(MOV) r11d(MOV) ,rflags ,TEST,3,MOV,7,MOV,7,JNZ,6,TEST,6,MOV,7,MOV,3,ADD,4,SAR,4,CMP,4,0,1,0,0,0,JG,0,0,1,0,0,0,JA,0,0,4946760,4948320,4946776,0,0,0,0,c,4.346503912876026e-11,1.0,1,0,1
0x4b7aac,JZ,5,0,3281,6,0x4b7aa0,CMP,1,NonLeaf,rbp(-1) esi(MOV) ,rflags ,MOV,6,CMP,6,MOV,2,ADD,3,JZ,6,ADD,6,JMP,5,NOP,3,MOV,4,JMP,5,0,1,0,0,0,JMP,0,0,1,0,0,0,JMP,0,0,4946592,4949885,4946610,1,1,0,0,c,2.7165649455475163e-11,0.0,0,0,0
0x4b7a95,JZ,5,0,3026,6,0x4b7a8f,CMP,1,NonLeaf,rbp(-1) esi(-1) ,rflags ,CMP,6,ADC,7,CMP,4,SETNLE,4,TEST,2,ADD,3,MOV,2,CMP,6,MOV,6,JZ,6,0,1,0,0,0,JE,0,0,1,0,0,0,MOV,0,0,4946575,4949607,4946587,0,1,0,1,c,2.7165649455475163e-11,0.0,0,0,0
0x4b7a76,JNZ,5,5,25,2,0x4b7a70,CMP,1,NonLeaf,edi(-1) rbp(-1) ,rflags ,CMP,6,JZ,2,CMP,3,JZ,2,CMP,2,MOV,6,TEST,2,SETNLE,4,CMP,4,ADC,7,0,1,1,0,0,JE,0,0,1,0,0,0,ADC,0,0,4946544,4946575,4946552,0,0,0,1,c,2.7165649455475163e-11,1.0,1,0,1
0x4b7a6e,JZ,5,0,-22,2,0x4b7a6b,CMP,1,NonLeaf,esi(-1) ,rflags ,CMP,3,JZ,2,CMP,2,ADD,3,MOV,2,CMP,6,JNZ,2,MOV,6,TEST,2,SETNLE,4,1,1,0,0,0,JE,0,0,0,1,0,0,JNE,1,0,4946539,4946520,4946544,0,0,1,0,c,2.7165649455475163e-11,0.0,0,1,0
0x4b7a4e,JNZ,5,5,29,2,0x4b7a4c,CMP,1,NonLeaf,esi(MOV) edx(MOV) ,rflags ,CMP,2,LEA,4,XOR,2,MOV,6,MOV,4,JMP,2,NOP,6,MOV,6,SUB,4,MOV,2,0,1,0,1,0,JE,0,0,1,0,0,0,JMP,0,0,4946492,4946539,4946512,0,0,0,0,c,2.7165649455475163e-11,1.0,1,1,1
0x4b7a36,JLE,5,0,3191,6,0x4b7a32,CMP,1,NonLeaf,r13d(-1) ,rflags ,CMP,4,JZ,6,TEST,2,OR,3,AND,3,MOV,4,MOV,6,XOR,2,LEA,4,CMP,2,0,1,0,0,0,JNE,0,0,1,0,0,0,JNE,0,0,4946482,4949677,4946492,0,0,0,0,c,2.7165649455475163e-11,0.0,0,0,0
0x4b7a2c,JZ,5,0,-1041,6,0x4b7a2a,TEST,1,NonLeaf,al(OR) al(OR) ,rflags ,TEST,2,OR,3,AND,3,MOV,2,JLE,6,CMP,4,JLE,6,MOV,4,MOV,6,XOR,2,0,0,1,0,0,JG,0,0,1,0,0,0,JLE,0,0,4946474,4945435,4946482,0,0,0,0,c,2.7165649455475163e-11,0.0,0,0,0
0x4b7a1c,JLE,8,3,-1025,6,0x4b7a19,CMP,1,NonLeaf,eax(-1) ,rflags ,CMP,3,JNZ,6,TEST,3,NOP,5,JMP,2,MOV,2,AND,3,OR,3,TEST,2,JZ,6,0,0,1,0,0,JG,0,0,1,0,0,0,OR,0,0,4946457,4945435,4946466,0,0,0,0,c,4.346503912876026e-11,0.375,0,0,0
0x4b7a13,JNZ,8,0,1355,6,0x4b7a10,TEST,1,NonLeaf,di(-1) di(-1) ,rflags ,TEST,3,NOP,5,JMP,2,MOV,3,CALL_NEAR,5,CMP,3,JLE,6,MOV,2,AND,3,OR,3,0,0,0,0,0,CALL,0,1,1,0,0,0,JLE,0,0,4946448,4947806,4946457,0,0,1,0,c,4.346503912876026e-11,0.0,0,0,0
0x4b79f1,JNZ,75,67,-33,2,0x4b79ee,CMP,1,NonLeaf,edx(MOV) r13d(-1) ,rflags ,CMP,3,MOV,3,JBE,6,CMP,3,ADD,4,MOV,7,MOV,7,CALL_NEAR,5,MOV,3,JMP,2,1,1,0,0,0,JE,0,0,1,0,0,0,CALL,0,1,4946411,4946384,4946419,0,0,0,1,c,4.0748474183212735e-10,0.8933333333333333,1,1,1
0x4b79e5,JBE,75,8,315,6,0x4b79e2,CMP,1,NonLeaf,r12(-1) r15(ADD) ,rflags ,CMP,3,ADD,4,ADD,4,MOV,2,JZ,6,MOV,3,CMP,3,JNZ,2,MOV,7,MOV,7,0,1,1,0,0,MOV,1,0,0,0,1,1,JNE,0,0,4946398,4946720,4946411,0,0,0,0,c,4.0748474183212735e-10,0.1066666666666666,0,0,0
0x4b79d2,JZ,67,0,1592,6,0x4b79d0,CMP,1,NonLeaf,ebx(-1) edx(-1) ,rflags ,CMP,2,NOP,7,JMP,2,MOV,3,MOV,3,MOV,2,ADD,4,ADD,4,CMP,3,JBE,6,0,1,0,0,0,CALL,0,1,1,0,0,0,ADD,0,0,4946384,4947978,4946392,0,0,1,1,c,3.640197027033672e-10,0.0,0,0,0
0x4b7963,JZ,8,0,14,2,0x4b795e,AND,1,NonLeaf,eax(AND) ,eax rflags ,AND,5,JNZ,2,CMP,3,OR,9,SUB,7,LEA,4,SUB,3,OR,5,LEA,5,MOV,7,0,1,1,0,0,AND,0,0,1,0,0,0,OR,0,0,4946270,4946289,4946277,0,0,1,1,c,4.346503912876026e-11,0.0,0,1,0
0x4b795c,JNZ,8,0,-19,2,0x4b7959,CMP,1,NonLeaf,rsp(-1) rsi(-1) ,rflags ,CMP,3,OR,9,SUB,7,JMP,2,MOV,3,AND,5,JZ,2,LEA,4,SUB,3,OR,5,1,1,0,0,0,OR,0,0,1,1,0,0,JE,1,0,4946265,4946249,4946270,1,0,1,0,c,4.346503912876026e-11,0.0,0,1,0
0x4b7926,JNZ,8,0,5008,6,0x4b791e,CMP,1,NonLeaf,rbp(-1) ,rflags ,CMP,8,ADD,3,LEA,5,IMUL,8,MOV,7,LEA,4,MOV,3,AND,4,MOV,3,AND,7,0,1,0,0,0,CALL,0,1,1,0,0,0,JMP,0,0,4946176,4951222,4946220,0,0,1,0,c,4.346503912876026e-11,0.0,0,0,0
0x4b78e0,JZ,8,8,4180,6,0x4b78dd,TEST,1,NonLeaf,rdi(MOV) rdi(MOV) ,rflags ,TEST,3,MOV,7,MOV,7,CALL_NEAR,5,MOV,7,CALL_NEAR,5,MOV,3,MOV,7,MOVSXD,7,IMUL,4,0,1,0,0,0,JMP,0,0,1,0,0,0,CALL,0,1,4946127,4950324,4946150,0,0,1,1,c,4.346503912876026e-11,1.0,1,0,1
0x4b78a6,JZ,8,8,29,2,0x4b7895,TEST,1,NonLeaf,r12(-1) ,rflags ,MOV,11,TEST,6,JNZ,6,TEST,2,MOV,6,MOV,7,MOV,4,MOV,3,MOV,6,MOV,7,0,1,1,0,0,CALL,0,1,1,0,0,0,MOV,0,0,4946069,4946115,4946088,0,0,1,1,c,4.346503912876026e-11,1.0,1,0,1
0x4b788f,JNZ,8,0,2147,6,0x4b788d,TEST,1,NonLeaf,eax(MOV) eax(MOV) ,rflags ,TEST,2,MOV,6,JZ,6,CMP,6,JNZ,2,TEST,6,MOV,11,JZ,2,MOV,7,MOV,4,0,1,0,0,0,JMP,0,0,1,0,0,0,JE,0,0,4946055,4948210,4946069,0,0,1,1,c,4.346503912876026e-11,0.0,0,0,0
0x4b7881,JZ,8,0,3951,6,0x4b787b,CMP,1,NonLeaf,r12(-1) ,rflags ,CMP,6,JNZ,2,TEST,2,ADD,4,MOVZX,6,MOV,6,TEST,2,JNZ,6,TEST,6,MOV,11,0,1,0,0,0,JLE,0,0,0,0,0,0,JNE,0,0,4946043,4950000,4946055,0,0,0,0,c,4.346503912876026e-11,0.0,0,0,0
0x4b7879,JNZ,8,0,14,2,0x4b7877,TEST,1,NonLeaf,al(MOVZX) ,rflags ,TEST,2,ADD,4,MOVZX,6,MOV,6,MOV,4,CMP,6,JZ,6,MOV,6,TEST,2,JNZ,6,0,1,0,0,0,JNE,0,0,1,0,0,0,JE,0,0,4946039,4946055,4946043,0,0,0,0,c,4.346503912876026e-11,0.0,0,0,0
0x4b783b,JZ,5,5,3038,6,0x4b7839,TEST,1,NonLeaf,eax(MOV) eax(MOV) ,rflags ,TEST,2,MOV,6,JZ,6,TEST,2,XOR,3,MOV,7,TEST,3,JZ,6,MOV,4,CMP,4,0,1,0,0,0,JAE,0,0,1,0,0,0,JE,0,0,4945971,4949017,4945985,0,0,0,0,c,2.7165649455475163e-11,1.0,1,0,1
0x4b782d,JZ,8,3,1224,6,0x4b782b,TEST,1,NonLeaf,eax(-1) eax(-1) ,rflags ,TEST,2,XOR,3,NOP,3,JMP,5,MOV,7,MOV,6,TEST,2,JZ,6,MOV,7,TEST,3,0,1,0,0,0,JE,0,0,1,0,0,0,JE,0,0,4945963,4947189,4945971,0,0,0,0,c,4.346503912876026e-11,0.375,0,0,0
0x4b779e,JLE,8,8,138,6,0x4b779c,TEST,1,NonLeaf,edi(-1) edi(-1) ,rflags ,TEST,2,JZ,6,CMP,3,MOV,5,JNZ,6,MOV,6,TEST,2,JZ,6,MOVSXD,3,MOV,3,0,0,0,0,0,XOR,0,0,1,0,0,0,JE,0,0,4945820,4945960,4945828,0,0,0,0,c,4.346503912876026e-11,1.0,1,0,1
0x4b7796,JZ,8,0,146,6,0x4b7793,CMP,1,NonLeaf,esi(MOV) ,rflags ,CMP,3,MOV,5,JNZ,6,MOV,6,AND,3,TEST,2,JLE,6,MOV,6,TEST,2,JZ,6,0,0,0,0,0,XOR,0,0,1,0,0,0,JLE,0,0,4945806,4945960,4945820,0,0,0,0,c,4.346503912876026e-11,0.0,0,0,0
0x4b7788,JNZ,8,0,160,6,0x4b777f,AND,1,NonLeaf,edx(AND) ,edx rflags ,MOV,6,AND,3,SUB,2,SAR,4,MOV,6,MOV,5,CMP,3,JZ,6,TEST,2,JLE,6,0,1,0,0,0,XOR,0,0,1,0,0,0,JE,0,0,4945763,4945960,4945806,0,0,0,0,c,4.346503912876026e-11,0.0,0,0,0
0x4b775a,JZ,3,3,9,2,0x4b7757,TEST,1,NonLeaf,dl(-1) ,rflags ,TEST,3,JNZ,2,TEST,2,MOVZX,6,MOV,6,SUB,7,MOV,3,SUB,3,MOV,3,MOV,7,0,0,1,0,0,JNE,0,0,0,0,0,0,SUB,0,0,4945751,4945763,4945756,1,0,1,1,c,1.6299389673285098e-11,1.0,1,1,1
0x4b7755,JNZ,8,5,7,2,0x4b7753,TEST,1,NonLeaf,eax(MOV) eax(MOV) ,rflags ,TEST,2,MOVZX,6,MOV,6,MOV,2,LEA,4,TEST,3,JZ,2,SUB,7,MOV,3,SUB,3,0,1,0,0,0,SUB,0,0,1,0,0,0,JE,0,0,4945735,4945756,4945751,0,0,1,0,c,4.346503912876026e-11,0.625,1,0,1
0x4b76ba,JZ,8,8,141,6,0x4b76b7,CMP,1,NonLeaf,eax(MOV) ,rflags ,CMP,3,MOV,3,JNZ,6,TEST,2,MOV,6,MOV,3,TEST,2,JNZ,6,MOV,3,CMP,4,0,1,1,0,0,JNE,1,0,1,0,0,0,JNE,0,0,4945588,4945735,4945600,0,0,0,0,c,4.346503912876026e-11,1.0,1,0,1
0x4b7663,JZ,8,8,81,2,0x4b765b,CMP,1,NonLeaf,rbp(-1) ,rflags ,CMP,8,CMOVZ,4,LEA,4,CMP,4,MOV,6,MOV,6,CMP,6,MOV,7,JZ,2,MOV,7,0,1,1,0,0,JE,1,0,1,0,0,0,JE,0,0,4945499,4945588,4945509,0,0,0,0,c,4.346503912876026e-11,1.0,1,0,1
0x4b763f,JNZ,8,8,28,2,0x4b763c,TEST,1,NonLeaf,r13d(-1) r13d(-1) ,rflags ,TEST,3,JZ,2,CMP,5,JZ,2,CMP,3,TEST,6,JNZ,2,MOV,6,CMP,4,LEA,4,0,1,1,0,0,JE,0,0,1,0,0,0,JNE,0,0,4945468,4945499,4945473,0,0,0,0,c,4.346503912876026e-11,1.0,1,0,1
0x4b761e,JNLE,8,0,23,2,0x4b761b,CMP,1,NonLeaf,r13d(-1) esi(-1) ,rflags ,CMP,3,JNZ,6,CMP,5,JZ,6,CMP,5,JMP,2,NOP,6,SUB,4,SUB,4,CMP,3,0,1,0,1,0,JE,0,0,1,0,0,0,JMP,0,0,4945435,4945461,4945440,0,0,0,0,c,4.346503912876026e-11,0.0,0,1,0
0x4b75ff,JBE,8,8,1041,6,0x4b75f4,CMP,0,NonLeaf,di(-1) ,rflags ,JZ,6,CMP,5,AND,5,MOVZX,4,FNSTCW,3,CMP,5,JZ,6,CMP,5,JNZ,6,CMP,3,0,1,0,0,0,JNE,0,0,1,0,0,0,JE,0,0,4945407,4946448,4945413,0,0,0,0,c,4.346503912876026e-11,1.0,1,0,1
0x4b75f9,JZ,8,0,2438,6,0x4b75f4,CMP,1,NonLeaf,di(AND) ,rflags ,CMP,5,AND,5,MOVZX,4,FNSTCW,3,NOP,3,JBE,6,CMP,5,JZ,6,CMP,5,JNZ,6,0,1,0,0,0,JNE,0,0,1,0,0,0,JBE,0,0,4945384,4947839,4945407,0,0,0,0,c,4.346503912876026e-11,0.0,0,0,0
0x4b75ae,JNZ,5,5,58,2,0x4b75a3,CMP,1,NonLeaf,rbp(-1) ,rflags ,MOV,6,CMP,5,JZ,6,CMP,4,MOV,4,TEST,3,MOV,3,JZ,2,MOV,4,CMP,6,0,0,1,0,0,JE,0,0,1,0,0,0,JE,0,0,4945315,4945384,4945328,0,0,1,0,c,2.7165649455475163e-11,1.0,1,0,1
0x4b759d,JZ,5,0,2818,6,0x4b7599,CMP,1,NonLeaf,r10(MOV) ,rflags ,CMP,4,MOV,4,JNZ,2,MOV,6,CMP,3,CMP,5,MOV,6,JNZ,2,TEST,3,MOV,3,0,1,0,0,0,JE,0,0,1,0,0,0,JNE,0,0,4945301,4948127,4945315,0,0,0,0,c,2.7165649455475163e-11,0.0,0,0,0
0x4b7588,JZ,8,5,13,2,0x4b7579,CMP,1,NonLeaf,eax(-1) ,rflags ,MOV,6,MOV,6,CMP,3,CALL_NEAR,5,MOV,6,CMP,3,MOV,6,JNZ,2,MOV,4,CMP,4,0,1,0,0,0,JE,0,0,1,0,0,0,JNE,0,0,4945273,4945301,4945290,0,0,0,0,c,4.346503912876026e-11,0.625,1,0,1
0x4b755b,JZ,8,0,1381,6,0x4b7555,CMP,1,NonLeaf,edx(MOV) rbp(-1) ,rflags ,CMP,6,MOV,4,MOV,3,MOV,3,MOV,3,MOV,7,MOV,6,MOV,6,CALL_NEAR,5,CMP,3,0,1,0,0,0,JMP,0,0,1,1,0,0,CALL,0,1,4945233,4946624,4945249,0,0,0,1,c,4.346503912876026e-11,0.0,0,0,0
0x4b7501,JNZ,24,24,-65,2,0x4b74fe,CMP,1,NonLeaf,eax(-1) ,rflags ,CMP,3,MOV,3,CALL_NEAR,5,ADD,4,ADD,4,MOV,7,TEST,3,JNZ,2,ADD,7,MOV,6,0,1,0,0,0,MOV,0,0,1,0,0,0,JNE,0,0,4945147,4945088,4945155,0,0,1,0,c,1.3039511738628079e-10,1.0,1,0,1
0x4b74de,JLE,8,8,100,2,0x4b74d7,CMP,1,NonLeaf,rbp(-1) r15d(-1) ,rflags ,CMP,7,JL,2,MOV,2,CMP,3,MOV,10,CMP,5,JLE,2,MOV,7,ADD,4,ADD,4,0,1,1,0,0,MOV,1,0,1,0,0,0,JLE,0,0,4945111,4945218,4945120,1,0,0,0,c,4.346503912876026e-11,1.0,1,0,1
0x4b74d5,JL,32,24,18,2,0x4b74d0,CMP,1,NonLeaf,r15d(-1) eax(MOV) ,rflags ,MOV,2,CMP,3,MOV,10,MOV,6,JMP,2,CMP,7,JLE,2,CMP,5,JLE,2,MOV,7,1,1,0,0,0,CALL,0,1,1,1,0,0,JLE,0,0,4945104,4945127,4945111,1,0,1,0,c,1.7386015651504103e-10,0.75,1,0,1
0x4b7490,JLE,8,0,2018,6,0x4b748e,TEST,1,NonLeaf,eax(MOV) eax(MOV) ,rflags ,TEST,2,MOV,6,MOV,2,MOV,10,LEA,4,XOR,3,MOV,6,MOV,3,MOV,10,MOV,3,0,0,0,0,0,JMP,0,0,1,0,0,0,JMP,0,0,4945032,4947058,4945046,0,1,0,1,c,4.346503912876026e-11,0.0,0,0,0
0x4b746c,JLE,8,0,2004,6,0x4b7469,TEST,1,NonLeaf,r11d(MOV) r11d(MOV) ,rflags ,TEST,3,MOV,7,JNZ,2,TEST,6,LEA,5,MOV,6,LEA,4,MOV,10,MOV,2,MOV,6,0,1,0,0,0,JLE,0,0,0,0,0,0,MOV,0,0,4944994,4947008,4945010,0,0,0,1,c,4.346503912876026e-11,0.0,0,0,0
0x4b7460,JNZ,8,0,18,2,0x4b745a,TEST,1,NonLeaf,r12(-1) ,rflags ,TEST,6,LEA,5,SUB,3,MOV,6,MOV,2,MOV,7,TEST,3,JLE,6,MOV,6,LEA,4,0,1,0,0,0,MOV,0,0,1,0,0,0,JLE,0,0,4944986,4945010,4944994,0,0,1,0,c,4.346503912876026e-11,0.0,0,0,0
0x4b7434,JNLE,43,35,-20,2,0x4b7431,CMP,1,NonLeaf,r15d(-1) ebx(ADD) ,rflags ,CMP,3,ADD,4,MOV,5,CALL_NEAR,5,MOV,3,MOV,6,MOV,7,MOV,7,MOV,2,MOV,6,0,0,0,1,1,CALL,0,1,1,1,0,0,LEA,1,0,4944936,4944928,4944950,0,0,1,1,c,2.3362458531708637e-10,0.813953488372093,1,1,1
0x4b73ea,JLE,8,0,4689,6,0x4b73e7,TEST,1,NonLeaf,r15d(MOV) r15d(MOV) ,rflags ,TEST,3,XOR,3,MOV,7,JZ,6,CMP,4,MOV,7,MOV,7,MOV,3,MOV,7,MOV,7,0,1,0,0,0,JMP,0,0,1,0,0,0,NOP,0,0,4944861,4949563,4944880,0,0,1,1,c,4.346503912876026e-11,0.0,0,0,0
0x4b73d1,JZ,8,8,12,2,0x4b73cf,TEST,1,NonLeaf,eax(MOV) eax(MOV) ,rflags ,TEST,2,MOV,3,LEA,4,MOV,7,AND,8,CMP,4,JZ,6,MOV,7,XOR,3,TEST,3,0,1,0,0,0,JLE,0,0,1,0,0,0,JE,0,0,4944833,4944861,4944851,0,0,0,0,c,4.346503912876026e-11,1.0,1,0,1
0x4b738a,JZ,8,0,14,2,0x4b7385,AND,1,NonLeaf,eax(AND) ,eax rflags ,AND,5,JNZ,2,CMP,3,OR,9,SUB,7,LEA,4,SUB,3,OR,5,LEA,5,MOV,11,0,1,1,0,0,AND,0,0,1,0,0,0,OR,0,0,4944773,4944792,4944780,0,0,1,1,c,4.346503912876026e-11,0.0,0,1,0
0x4b7383,JNZ,8,0,-19,2,0x4b7380,CMP,1,NonLeaf,rsp(-1) rdx(-1) ,rflags ,CMP,3,OR,9,SUB,7,NOP,9,JMP,2,AND,5,JZ,2,LEA,4,SUB,3,OR,5,1,1,0,0,0,OR,0,0,1,1,0,0,JE,1,0,4944768,4944752,4944773,1,0,1,0,c,4.346503912876026e-11,0.0,0,1,0
0x4b7344,JNBE,8,0,6239,6,0x4b733d,CMP,1,NonLeaf,r14(LEA) ,rflags ,CMP,7,LEA,8,MOV,7,JB,6,CMP,3,LEA,4,MOV,3,AND,4,MOV,3,AND,7,0,1,0,0,0,CALL,0,1,1,0,0,0,JMP,0,0,4944686,4950947,4944714,0,0,1,0,c,4.346503912876026e-11,0.0,0,0,0
0x4b7318,JNBE,8,0,6126,6,0x4b7315,CMP,1,NonLeaf,rdi(MOV) rax(MOV) ,rflags ,CMP,3,MOV,10,MOV,7,ADD,7,JBE,6,MOVSXD,7,CMP,3,JB,6,MOV,7,LEA,8,0,1,0,0,0,JMP,1,0,1,0,0,0,JB,0,0,4944644,4950790,4944670,0,0,1,0,c,4.346503912876026e-11,0.0,0,0,0
0x4b72d3,JZ,8,8,3410,6,0x4b72d0,TEST,1,NonLeaf,rax(MOV) rax(MOV) ,rflags ,TEST,3,MOV,7,MOV,6,CMOVNZ,7,MOV,6,MOVZX,3,MOV,10,LEA,3,MOV,6,MOV,5,0,1,0,0,0,JMP,0,0,1,0,0,0,JBE,0,0,4944585,4948005,4944601,0,1,1,1,c,4.346503912876026e-11,1.0,1,0,1
0x4b723e,JZ,8,8,3256,6,0x4b7237,CMP,1,NonLeaf,rbp(-1) ,rflags ,CMP,7,JZ,6,MOV,6,CMP,2,MOV,3,MOV,4,TEST,2,MOV,2,JS,6,MOV,5,0,1,0,0,0,JS,0,0,1,0,0,0,JS,0,0,4944439,4947702,4944452,0,0,1,0,c,4.346503912876026e-11,1.0,1,0,1
0x4b7231,JZ,8,0,2207,6,0x4b7229,CMP,1,NonLeaf,al(MOV) ,rflags ,MOV,6,CMP,2,MOV,3,MOV,4,MOVSXD,3,CMP,7,JZ,6,MOV,4,TEST,2,MOV,2,0,1,0,0,0,JS,0,0,1,0,0,0,JE,0,0,4944392,4946640,4944439,0,0,1,0,c,4.346503912876026e-11,0.0,0,0,0
0x4b719c,JL,8,0,5973,6,0x4b7199,CMP,1,NonLeaf,eax(-1) r8d(-1) ,rflags ,CMP,3,JNZ,6,TEST,3,SUB,3,MOV,6,MOVSXD,3,MOV,3,ADD,4,SUB,3,MOV,3,0,1,0,0,0,CALL,0,1,0,0,0,0,CALL,0,1,4944281,4950257,4944290,0,0,1,1,c,4.346503912876026e-11,0.0,0,0,0
0x4b7193,JNZ,8,0,5024,6,0x4b7190,TEST,1,NonLeaf,r14d(-1) r14d(-1) ,rflags ,TEST,3,SUB,3,MOV,6,CMOVLE,3,CMP,2,CMP,3,JL,6,MOVSXD,3,MOV,3,ADD,4,0,1,0,0,0,JGE,0,0,1,0,0,0,JL,0,0,4944263,4949299,4944281,0,0,0,0,c,4.346503912876026e-11,0.0,0,0,0
0x4b7114,JNZ,8,8,6224,6,0x4b7110,CMP,1,NonLeaf,rcx(MOV) ,rflags ,CMP,4,MOV,4,JNZ,6,TEST,3,MOV,3,LEA,4,MOV,5,JMP,2,NOP,3,ADD,4,0,1,0,0,0,JMP,0,0,1,0,0,0,JMP,0,0,4944140,4950372,4944154,0,0,0,0,c,4.346503912876026e-11,1.0,1,0,1
0x4b7106,JNZ,8,0,6252,6,0x4b7103,TEST,1,NonLeaf,rdx(MOV) rdx(MOV) ,rflags ,TEST,3,MOV,3,MOV,4,JLE,6,MOV,3,MOV,4,CMP,4,JNZ,6,LEA,4,MOV,5,0,1,0,0,0,JMP,0,0,1,0,0,0,JNE,0,0,4944124,4950386,4944140,0,0,0,0,c,4.346503912876026e-11,0.0,0,0,0
0x4b70f6,JLE,8,0,274,6,0x4b70e6,TEST,1,NonLeaf,rdx(-1) rdx(-1) ,rflags ,MOV,3,MOV,7,MOV,3,TEST,3,MOV,6,MOV,4,MOV,3,TEST,3,JNZ,6,MOV,4,0,0,1,0,0,JE,1,0,1,0,0,0,JNE,0,0,4944096,4944392,4944124,0,0,1,0,c,4.346503912876026e-11,0.0,0,0,0
0x4b7082,JS,24,13,-1145,6,0x4b7080,TEST,1,NonLeaf,eax(-1) eax(-1) ,rflags ,TEST,2,CALL_NEAR,5,MOV,3,MOV,4,MOV,4,NOP,8,MOV,4,MOV,4,LEA,8,MOV,4,0,0,0,0,0,MOV,0,0,1,0,0,0,NOP,0,0,4944000,4942857,4944008,0,0,0,0,c,1.3039511738628079e-10,0.5416666666666666,1,0,1
0x4b6c36,JZ,24,8,-94,2,0x4b6c33,TEST,1,NonLeaf,rdx(-1) rdx(-1) ,rflags ,TEST,3,JNLE,2,CMP,2,SUB,3,ADD,3,MOV,4,MOV,4,MOV,4,MOV,4,LEA,8,0,1,0,0,0,CALL,0,1,1,0,0,0,CALL,0,1,4942899,4942808,4942904,0,0,1,1,c,1.3039511738628079e-10,0.3333333333333333,0,0,0
0x4b6c31,JNLE,104,80,-36,2,0x4b6c2f,CMP,1,NonLeaf,eax(SUB) ecx(MOV) ,rflags ,CMP,2,SUB,3,ADD,3,MOV,4,SUB,4,TEST,3,JZ,2,MOV,4,MOV,4,MOV,4,1,1,1,0,0,JBE,0,0,1,0,0,0,JE,0,0,4942881,4942861,4942899,0,0,0,0,c,5.650455086738834e-10,0.7692307692307693,1,0,1
0x4b6c18,JBE,104,8,1224,6,0x4b6c11,CMP,1,NonLeaf,r13(-1) ,rflags ,CMP,7,SUB,4,MOV,4,JZ,6,JL,6,MOV,3,SUB,4,MOV,4,ADD,3,SUB,3,0,1,1,0,0,JLE,1,0,1,0,0,0,MOV,0,0,4942861,4944096,4942878,0,0,1,0,c,5.650455086738834e-10,0.0769230769230769,0,0,0
0x4b6c03,JZ,24,24,1133,6,0x4b6bf9,CMP,0,NonLeaf,rbx(-1) rbp(-1) ,rflags ,JL,6,CMP,4,CALL_NEAR,5,LEA,8,LEA,8,MOV,4,SUB,4,CMP,7,JBE,6,MOV,3,0,1,0,0,0,CALL,0,1,1,0,0,0,MOV,0,0,4942851,4943984,4942857,0,0,1,0,c,1.3039511738628079e-10,1.0,1,0,1
0x4b6bfd,JL,24,0,1171,6,0x4b6bf9,CMP,1,NonLeaf,rbx(-1) rbp(-1) ,rflags ,CMP,4,CALL_NEAR,5,LEA,8,LEA,8,MOV,4,JZ,6,MOV,4,SUB,4,CMP,7,JBE,6,0,1,0,0,0,CALL,0,1,1,0,0,0,JE,0,0,4942841,4944016,4942851,0,0,1,0,c,1.3039511738628079e-10,0.0,0,0,0
0x4b6b75,JLE,8,8,55,2,0x4b6b72,CMP,1,NonLeaf,edx(-1) ,rflags ,CMP,3,MOV,4,ADD,3,XOR,3,MOV,3,TEST,3,MOV,5,MOV,4,CMOVNLE,4,XOR,2,0,1,1,0,0,JMP,0,0,1,0,0,0,CALL,0,1,4942706,4942764,4942711,0,0,1,1,c,4.346503912876026e-11,1.0,1,0,1
0x4b6b36,JNZ,8,8,5374,6,0x4b6b33,TEST,1,NonLeaf,dl(LEA) ,rflags ,TEST,3,LEA,4,JLE,6,MOV,4,CMP,4,LEA,3,TEST,2,MOV,3,CMOVNS,3,SAR,3,0,1,0,0,0,CALL,0,1,1,0,0,0,JS,0,0,4942639,4948020,4942652,1,0,1,0,c,4.346503912876026e-11,1.0,1,0,1
0x4b6b29,JLE,8,0,3268,6,0x4b6b21,CMP,1,NonLeaf,r8d(-1) ,rflags ,MOV,4,CMP,4,AND,4,MOV,8,LEA,5,LEA,4,TEST,3,JNZ,6,LEA,3,TEST,2,0,1,0,0,0,JS,1,0,1,0,0,0,JNE,1,0,4942608,4945901,4942639,0,0,0,0,c,4.346503912876026e-11,0.0,0,0,0
0x4b6b02,JZ,8,0,14,2,0x4b6afc,AND,1,NonLeaf,ecx(AND) ,ecx rflags ,AND,6,JNZ,2,CMP,3,OR,9,SUB,7,LEA,4,SUB,3,OR,5,LEA,5,MOV,8,0,1,1,0,0,JLE,0,0,1,0,0,0,OR,0,0,4942588,4942608,4942596,0,0,1,1,c,4.346503912876026e-11,0.0,0,1,0
0x4b6afa,JNZ,8,0,-19,2,0x4b6af7,CMP,1,NonLeaf,rsp(-1) rdx(-1) ,rflags ,CMP,3,OR,9,SUB,7,JMP,2,MOV,3,AND,6,JZ,2,LEA,4,SUB,3,OR,5,1,1,0,0,0,OR,0,0,1,1,0,0,JE,1,0,4942583,4942567,4942588,1,0,1,0,c,4.346503912876026e-11,0.0,0,1,0
0x4b6ab3,JZ,8,0,14,2,0x4b6aad,AND,1,NonLeaf,edx(AND) ,edx rflags ,AND,6,JNZ,2,CMP,3,OR,9,SUB,7,LEA,4,SUB,3,OR,5,LEA,5,AND,4,0,1,1,0,0,JMP,0,0,1,0,0,0,OR,0,0,4942509,4942529,4942517,0,0,1,1,c,4.346503912876026e-11,0.0,0,0,0
0x4b6aab,JNZ,8,0,-19,2,0x4b6aa8,CMP,1,NonLeaf,rsp(-1) rsi(-1) ,rflags ,CMP,3,OR,9,SUB,7,NOP,6,JMP,2,AND,6,JZ,2,LEA,4,SUB,3,OR,5,1,1,0,0,0,OR,0,0,1,1,0,0,JE,1,0,4942504,4942488,4942509,1,0,1,0,c,4.346503912876026e-11,0.0,0,1,0
0x4b6a5b,JZ,8,0,14,2,0x4b6a55,AND,1,NonLeaf,edx(AND) ,edx rflags ,AND,6,JNZ,2,CMP,3,OR,9,SUB,7,LEA,4,SUB,3,OR,5,MOV,3,LEA,5,0,1,1,0,0,JMP,0,0,1,0,0,0,OR,0,0,4942421,4942441,4942429,0,0,1,1,c,4.346503912876026e-11,0.0,0,1,0
0x4b6a53,JNZ,8,0,-19,2,0x4b6a50,CMP,1,NonLeaf,rsp(-1) rsi(-1) ,rflags ,CMP,3,OR,9,SUB,7,NOP,9,JMP,2,AND,6,JZ,2,LEA,4,SUB,3,OR,5,1,1,0,0,0,OR,0,0,1,1,0,0,JE,1,0,4942416,4942400,4942421,1,0,1,0,c,4.346503912876026e-11,0.0,0,1,0
0x4b693f,JNZ,8,0,19,2,0x4b693d,TEST,1,NonLeaf,eax(-1) eax(-1) ,rflags ,TEST,2,CALL_NEAR,5,MOVSD_XMM,8,NOP,4,JMP,5,JMP,5,NOP,10,FSTP,2,MOV,7,MOVSXD,5,0,0,0,0,0,JMP,1,0,1,0,0,0,JMP,0,0,4942141,4942162,4942145,1,0,1,0,c,4.346503912876026e-11,0.0,0,0,0
0x4b681f,JZ,8,8,273,6,0x4b681d,TEST,1,NonLeaf,eax(-1) eax(-1) ,rflags ,TEST,2,CALL_NEAR,5,MOVSD_XMM,8,MOVAPD,4,MOVSD_XMM,4,MOV,7,MOVSXD,5,MOV,6,MOV,7,MOV,6,0,1,0,0,0,CALL,0,1,1,0,0,0,CMOVE,1,0,4941853,4942128,4941861,0,0,1,1,c,4.346503912876026e-11,1.0,1,0,1
0x4b6797,JZ,8,8,113,2,0x4b6790,TEST,1,NonLeaf,r13b(-1) ,rflags ,MOV,3,TEST,4,MOV,11,MOV,10,MOV,11,FLD,2,FLD,2,FSTP,3,FSTP,6,CALL_NEAR,5,0,1,0,0,0,CALL,0,1,1,0,0,0,CALL,0,1,4941712,4941832,4941721,0,0,1,1,c,4.346503912876026e-11,1.0,1,0,1
0x4b6684,JNS,8,8,236,6,0x4b666a,TEST,1,NonLeaf,r13b(MOVZX) r13b(MOVZX) ,rflags ,MOV,6,MOV,3,MOV,7,MOV,4,MOV,3,MOV,4,MOV,7,MOV,3,MOVZX,3,LEA,3,0,0,0,0,0,MOV,0,0,1,0,0,0,MOV,0,0,4941401,4941680,4941450,0,0,1,1,c,4.346503912876026e-11,1.0,1,0,1
0x4b6653,JNZ,8,0,173,6,0x4b6647,AND,1,NonLeaf,ecx(AND) ,ecx rflags ,MOV,6,MOVZX,3,AND,3,AND,3,SHR,3,MOV,7,MOVZX,6,MOV,4,TEST,3,MOV,3,0,1,0,0,0,JNE,0,0,1,0,0,0,JNS,0,0,4941328,4941568,4941401,0,0,1,1,c,4.346503912876026e-11,0.0,0,1,0
0x4b6562,JZ,75,0,25,2,0x4b655c,CMP,1,NonLeaf,rdi(MOV) rdx(-1) ,rflags ,CMP,6,LEA,4,MOV,4,JZ,2,MOV,4,JMP,5,NOP,7,LEA,4,CMP,5,JNZ,2,0,1,0,1,0,JNE,0,0,1,0,0,0,JMP,0,0,4941140,4941179,4941156,0,0,0,0,c,4.0748474183212735e-10,0.0,0,1,0
0x4b6552,JZ,75,0,49,2,0x4b6544,TEST,1,NonLeaf,rdx(MOV) rdx(MOV) ,rflags ,MOV,4,MOV,3,MOV,4,TEST,3,SUB,3,MOV,4,LEA,4,CMP,6,JZ,2,JMP,5,0,1,0,0,0,RET,0,0,1,0,0,0,JE,0,0,4941109,4941187,4941140,0,0,1,0,c,4.0748474183212735e-10,0.0,0,0,0
0x4b64fb,JZ,75,5,22,2,0x4b64f8,TEST,1,NonLeaf,rax(-1) rax(-1) ,rflags ,TEST,3,CALL_NEAR,5,MOV,3,MOV,5,MOV,5,MOV,4,LEA,4,MOV,4,MOV,4,MOV,4,0,1,1,0,0,RET,0,0,1,0,0,0,MOV,0,0,4941048,4941073,4941053,0,0,0,1,c,4.0748474183212735e-10,0.0666666666666666,0,0,0
0x4b64e0,JLE,75,75,64,2,0x4b64dd,CMP,1,NonLeaf,r9(-1) rdx(MOV) ,rflags ,CMP,3,MOV,4,JZ,6,TEST,3,MOV,4,MOV,4,MOV,5,MOV,5,MOV,3,CALL_NEAR,5,0,1,0,0,0,CALL,0,1,1,0,0,0,MOV,0,0,4941017,4941088,4941026,1,0,1,0,c,4.0748474183212735e-10,1.0,1,0,1
0x4b64d3,JZ,75,0,205,6,0x4b64d0,TEST,1,NonLeaf,r9(MOV) r9(MOV) ,rflags ,TEST,3,MOV,4,JZ,6,CMP,5,JZ,2,MOV,4,CMP,3,JLE,2,MOV,4,MOV,5,0,1,0,0,0,CALL,0,1,1,0,0,0,JLE,0,0,4941004,4941216,4941017,0,0,1,0,c,4.0748474183212735e-10,0.0,0,0,0
0x4b64bf,JZ,75,75,13,2,0x4b64bd,TEST,1,NonLeaf,eax(MOV) eax(MOV) ,rflags ,TEST,2,MOV,4,SUB,4,MOV,3,PUSH,1,CMP,5,JZ,6,MOV,4,TEST,3,JZ,6,0,1,0,0,0,JE,0,0,1,0,0,0,JE,0,0,4940976,4941004,4940993,0,0,0,0,c,4.0748474183212735e-10,1.0,1,0,1
0x4b50e7,JNB,11,0,2778,6,0x4b50e4,CMP,1,NonLeaf,edx(-1) ,rflags ,CMP,3,JNZ,6,CMP,7,JMP,2,MOV,4,MOV,2,ADD,4,ADD,3,MOV,3,MOVSXD,3,0,1,0,0,0,JMP,0,0,1,0,0,0,MOV,0,0,4935908,4938689,4935917,0,1,1,1,c,5.976442880204535e-11,0.0,0,0,0
0x4b50de,JNZ,11,0,4039,6,0x4b50d7,CMP,1,NonLeaf,rbp(-1) ,rflags ,CMP,7,JMP,2,MOV,4,LEA,4,MOV,4,CMP,3,JNB,6,MOV,2,ADD,4,ADD,3,0,1,0,0,0,JAE,0,0,1,0,0,0,JAE,0,0,4935895,4939941,4935908,0,0,0,0,c,5.976442880204535e-11,0.0,0,0,0
0x4b508f,JZ,11,11,72,2,0x4b5088,CMP,1,NonLeaf,rbp(-1) ,rflags ,CMP,7,JMP,2,MOV,4,LEA,4,MOV,4,CMP,3,JNB,2,MOV,2,ADD,4,ADD,3,0,1,0,0,0,JNE,0,0,1,0,0,0,JAE,0,0,4935816,4935895,4935825,0,0,0,0,c,5.976442880204535e-11,1.0,1,0,1
0x4b5029,JNS,11,11,56,2,0x4b5026,TEST,1,NonLeaf,rax(MOV) rax(MOV) ,rflags ,TEST,3,MOV,3,MOV,3,ADD,3,ADD,4,NEG,3,MOV,10,MOV,6,MOV,7,JMP,5,0,1,0,0,0,JMP,0,0,1,0,0,0,JMP,0,0,4935718,4935777,4935723,0,1,1,1,c,5.976442880204535e-11,1.0,1,0,1
0x4b5010,JZ,11,11,120,2,0x4b5006,CMP,1,NonLeaf,rbp(-1) ,rflags ,MOV,3,CMP,7,JMP,5,ADD,3,JZ,6,CMP,3,JNB,2,MOV,2,ADD,4,ADD,3,0,1,0,0,0,JE,0,0,1,0,0,0,JAE,0,0,4935686,4935816,4935698,0,0,0,0,c,5.976442880204535e-11,1.0,1,0,1
0x4b4e95,JZ,11,11,-12311,6,0x4b4e8e,CMP,1,NonLeaf,rbp(-1) ,rflags ,CMP,7,JMP,5,MOV,4,LEA,4,MOV,4,MOV,4,CMP,4,JNB,2,LEA,4,MOV,4,0,0,0,0,0,JE,0,0,1,0,0,0,JAE,0,0,4935310,4923006,4935323,0,0,0,0,c,5.976442880204535e-11,1.0,1,0,1
0x4b4ce6,JNB,8,0,184,6,0x4b4ce0,CMP,1,NonLeaf,edx(MOV) ,rflags ,CMP,6,MOV,4,JMP,5,MOV,4,LEA,4,MOV,2,ADD,4,ADD,3,MOV,4,MOVSD_XMM,4,0,1,0,0,0,JMP,0,0,1,0,0,0,MOV,0,0,4934876,4935070,4934892,0,1,1,1,c,4.346503912876026e-11,0.0,0,0,0
0x4b4cc0,JNS,8,8,-497,6,0x4b4cbe,TEST,1,NonLeaf,eax(-1) eax(-1) ,rflags ,TEST,2,CALL_NEAR,5,MOV,7,MOV,3,MOV,3,JMP,5,MOV,4,LEA,4,MOV,4,JMP,5,0,0,0,0,0,JBE,0,0,1,0,0,0,JMP,1,0,4934846,4934351,4934854,0,0,0,0,c,4.346503912876026e-11,1.0,1,0,1
0x4b4ae0,JBE,8,8,-13300,6,0x4b4ade,CMP,1,NonLeaf,eax(-1) edx(SUB) ,rflags ,CMP,2,ADD,2,SUB,2,MOV,5,MOV,6,JMP,5,MOV,3,CMP,3,JNB,6,MOV,2,0,0,0,0,0,JNE,0,0,1,0,0,0,JMP,1,0,4934351,4921068,4934374,0,0,0,0,c,4.346503912876026e-11,1.0,1,1,1
0x4b3a76,JNB,4,0,2617,6,0x4b3a73,CMP,1,NonLeaf,edx(MOV) ,rflags ,CMP,3,MOV,3,JMP,5,JNZ,6,MOV,6,MOV,2,ADD,4,ADD,3,MOV,3,MOV,3,0,1,0,0,0,JMP,0,0,1,0,0,0,MOV,0,0,4930160,4932783,4930172,0,1,1,1,c,2.173251956438013e-11,0.0,0,0,0
0x4b3993,JNBE,6,0,-6639,6,0x4b3991,CMP,1,NonLeaf,ecx(MOV) eax(SUB) ,rflags ,CMP,2,MOV,7,MOV,6,SUB,6,MOV,5,ADD,6,XOR,2,JMP,5,MOV,7,CALL_NEAR,5,0,0,0,0,0,JMP,1,0,1,0,0,0,JMP,0,0,4929913,4923300,4929945,0,1,1,1,c,3.2598779346570196e-11,0.0,0,0,0
0x4b3973,JNZ,6,0,-8701,6,0x4b3970,CMP,1,NonLeaf,r11(MOV) rax(-1) ,rflags ,CMP,3,MOV,7,CALL_NEAR,5,MOV,6,MOV,7,MOV,5,SUB,6,MOV,6,MOV,7,CMP,2,0,0,0,0,0,MOV,1,0,1,0,0,0,JA,0,0,4929897,4921206,4929913,0,0,1,0,c,3.2598779346570196e-11,0.0,0,0,0
0x4b3940,JLE,11,5,126,2,0x4b393e,TEST,1,NonLeaf,ecx(-1) ecx(-1) ,rflags ,TEST,2,JMP,5,MOV,7,MOV,10,XOR,3,MOVSXD,3,MOV,5,MOV,3,MOV,3,MOV,7,0,1,0,0,0,JMP,0,0,1,0,0,0,CALL,0,1,4929854,4929982,4929858,0,0,0,1,c,5.976442880204535e-11,0.4545454545454545,0,0,0
0x4b3617,JZ,11,11,-177,6,0x4b3610,CMP,1,NonLeaf,rbp(-1) ,rflags ,CMP,7,JMP,5,MOV,7,MOV,7,CALL_NEAR,5,MOV,7,MOV,7,MOV,3,MOV,3,MOV,7,0,0,1,0,0,JE,0,0,1,0,0,0,CALL,0,1,4929040,4928870,4929053,0,0,0,1,c,5.976442880204535e-11,1.0,1,0,1
0x4b35e2,JZ,11,11,-115,2,0x4b35db,CMP,1,NonLeaf,rbp(-1) ,rflags ,CMP,7,JMP,5,MOV,10,JMP,5,MOV,7,MOV,7,MOV,3,MOV,3,MOV,7,CALL_NEAR,5,0,0,1,0,0,JG,0,0,1,0,0,0,CALL,0,1,4928987,4928879,4928996,0,0,0,1,c,5.976442880204535e-11,1.0,1,0,1
0x4b359e,JZ,5,5,-6124,6,0x4b3597,CMP,1,NonLeaf,rbp(-1) ,rflags ,CMP,7,JZ,6,CMP,8,JNLE,6,CMP,3,CMP,7,JNZ,6,MOV,7,MOV,4,SUB,4,0,0,1,0,0,JNE,0,0,1,0,0,0,JNE,0,0,4928919,4922802,4928932,0,0,1,0,c,2.7165649455475163e-11,1.0,1,0,1
0x4b3591,JZ,11,6,-6111,6,0x4b3589,CMP,1,NonLeaf,rbp(-1) ,rflags ,CMP,8,JNLE,6,CMP,3,SUB,7,MOV,3,CMP,7,JZ,6,CMP,7,JNZ,6,MOV,7,0,0,1,0,0,JNE,0,0,1,0,0,0,JE,0,0,4928905,4922802,4928919,0,0,1,0,c,5.976442880204535e-11,0.5454545454545454,1,0,1
0x4b3583,JNLE,11,0,-6097,6,0x4b3580,CMP,1,NonLeaf,rax(MOVSXD) rdx(SUB) ,rflags ,CMP,3,SUB,7,MOV,3,MOVSXD,7,JZ,2,CMP,8,JZ,6,CMP,7,JZ,6,CMP,7,0,0,1,0,0,JNE,0,0,1,0,0,0,JE,0,0,4928879,4922802,4928905,1,0,1,0,c,5.976442880204535e-11,0.0,0,0,0
0x4b356d,JZ,11,11,110,2,0x4b3566,CMP,1,NonLeaf,rbp(-1) ,rflags ,CMP,7,JNZ,6,MOV,7,MOV,7,CMP,8,MOVSXD,7,MOV,3,SUB,7,CMP,3,JNLE,6,0,1,0,0,0,JE,0,0,1,1,0,0,JG,0,0,4928870,4928987,4928879,0,0,0,0,c,5.976442880204535e-11,1.0,1,0,1
0x4b3560,JNZ,11,11,176,6,0x4b354a,CMP,1,NonLeaf,rbp(-1) ,rflags ,MOV,7,MOV,7,CMP,8,CALL_NEAR,5,SETZ,3,CMP,7,JZ,2,MOVSXD,7,MOV,3,SUB,7,0,1,0,0,0,JE,0,0,1,1,0,0,JE,0,0,4928842,4929040,4928870,0,0,0,0,c,5.976442880204535e-11,1.0,1,0,1
0x4b34f7,JZ,11,11,6551,6,0x4b34f0,CMP,1,NonLeaf,rbp(-1) ,rflags ,CMP,7,JMP,5,MOV,3,MOV,6,MOV,3,MOV,4,CMP,4,JNB,6,LEA,4,MOV,4,0,1,0,0,0,JE,0,0,1,0,0,0,JAE,0,0,4928752,4935310,4928765,0,0,0,0,c,5.976442880204535e-11,1.0,1,0,1
0x4b338c,JBE,4,4,-7328,6,0x4b3385,CMP,1,NonLeaf,rbp(-1) rax(CDQE) ,rflags ,CMP,7,CDQE,2,ADD,2,SUB,2,MOV,5,JMP,5,XOR,2,OR,4,MOV,3,SCASB,2,0,0,0,0,0,JNE,0,0,1,0,0,0,JMP,1,0,4928366,4921068,4928402,0,0,0,0,c,2.173251956438013e-11,1.0,1,1,1
0x4b3368,JNZ,4,0,-7154,6,0x4b3361,CMP,1,NonLeaf,rbp(-1) rax(-1) ,rflags ,CMP,7,CALL_NEAR,4,MOV,3,MOV,3,MOV,7,MOV,6,MOV,6,MOV,5,SUB,2,ADD,2,0,0,0,0,0,MOV,1,0,1,0,0,0,JBE,0,0,4928353,4921206,4928366,0,0,1,0,c,2.173251956438013e-11,0.0,0,0,0
0x4b333b,JNBE,4,4,21,2,0x4b3334,CMP,1,NonLeaf,rbp(-1) rax(SUB) ,rflags ,CMP,7,SUB,6,MOV,3,MOV,7,JMP,5,MOV,7,CALL_NEAR,5,MOV,7,MOV,7,MOV,3,0,1,1,0,0,CALL,0,1,1,0,0,0,CALL,0,1,4928292,4928336,4928317,0,0,1,1,c,2.173251956438013e-11,1.0,1,0,1
0x4b3187,JS,4,4,413,6,0x4b317e,SUB,1,NonLeaf,r13d(SUB) eax(MOV) ,r13d rflags ,MOV,6,SUB,3,MOV,7,MOV,7,MOV,10,CMP,7,JNZ,2,TEST,3,JZ,2,MOVSXD,3,0,1,0,0,0,JA,0,0,1,0,0,0,JNE,0,0,4927856,4928292,4927885,0,0,0,0,c,2.173251956438013e-11,1.0,1,0,1
0x4b3140,JZ,4,4,599,6,0x4b313d,CMP,1,NonLeaf,eax(MOV) ,rflags ,CMP,3,MOV,6,JNZ,6,CMP,7,JZ,6,MOV,3,MOVSXD,3,MOV,7,CALL_NEAR,5,MOV,7,0,1,0,0,0,MOV,0,0,1,0,0,0,CALL,0,1,4927799,4928407,4927814,0,0,0,1,c,2.173251956438013e-11,1.0,1,0,1
0x4b3131,JNZ,4,0,657,6,0x4b312a,CMP,1,NonLeaf,rbp(-1) ,rflags ,CMP,7,JZ,6,CMP,7,JZ,6,TEST,3,MOV,6,CMP,3,JZ,6,MOV,3,MOVSXD,3,0,0,0,0,0,JS,0,0,1,0,0,0,JE,0,0,4927786,4928450,4927799,0,0,1,0,c,2.173251956438013e-11,0.0,0,0,0
0x4b3124,JZ,4,0,670,6,0x4b311d,CMP,1,NonLeaf,rbp(-1) ,rflags ,CMP,7,JZ,6,TEST,3,MOV,3,MOV,10,CMP,7,JNZ,6,MOV,6,CMP,3,JZ,6,0,1,0,0,0,JS,0,0,1,0,0,0,JNE,0,0,4927773,4928450,4927786,0,0,1,0,c,2.173251956438013e-11,0.0,0,0,0
0x4b3117,JZ,4,0,792,6,0x4b3114,TEST,1,NonLeaf,r10(-1) r10(-1) ,rflags ,TEST,3,MOV,3,MOV,10,CALL_NEAR,5,MOV,5,CMP,7,JZ,6,CMP,7,JNZ,6,MOV,6,0,1,0,0,0,JG,0,0,0,0,0,0,JE,0,0,4927764,4928559,4927773,0,0,0,0,c,2.173251956438013e-11,0.0,0,0,0
0x4b2f8d,JNBE,12,0,-3837,6,0x4b2f8b,CMP,1,NonLeaf,al(SUB) ,rflags ,CMP,2,SUB,3,MOV,6,JZ,6,CMP,2,JMP,5,MOV,3,CALL_NEAR,5,TEST,2,JNZ,6,0,0,0,0,0,JNE,0,0,1,0,0,0,JMP,1,0,4927362,4923536,4927379,0,0,0,0,c,6.519755869314039e-11,0.0,0,1,0
0x4b2f7c,JZ,12,0,-3729,6,0x4b2f7a,CMP,1,NonLeaf,al(MOVZX) ,rflags ,CMP,2,MOVZX,3,MOV,7,ADD,3,AND,4,MOV,6,SUB,3,CMP,2,JNBE,6,JMP,5,0,0,0,0,0,JMP,0,0,1,0,0,0,JA,0,0,4927344,4923627,4927362,0,1,0,1,c,6.519755869314039e-11,0.0,0,0,0
0x4b2ecc,JBE,12,12,164,6,0x4b2ec2,CMP,1,NonLeaf,rbp(-1) ,rflags ,CMP,10,JNBE,6,MOV,6,CMP,5,CALL_NEAR,5,MOVSXD,7,ADD,4,CMP,7,JNBE,6,LEA,4,0,1,0,0,0,JE,0,0,1,0,0,0,JA,0,0,4927170,4927344,4927186,0,0,0,0,c,6.519755869314039e-11,1.0,1,0,1
0x4b2ebc,JNBE,12,0,-3864,6,0x4b2eb1,CMP,1,NonLeaf,eax(-1) ,rflags ,MOV,6,CMP,5,CALL_NEAR,5,LEA,7,JMP,5,CMP,10,JBE,6,MOVSXD,7,ADD,4,CMP,7,0,0,0,0,0,JMP,1,0,1,0,0,0,JBE,0,0,4927153,4923300,4927170,0,0,1,0,c,6.519755869314039e-11,0.0,0,0,0
0x4b2ac6,JBE,6,6,1314,6,0x4b2abc,CMP,1,NonLeaf,rbp(-1) ,rflags ,CMP,10,JZ,6,ADD,3,MOV,6,CALL_NEAR,5,MOV,6,CMP,6,JLE,6,CMP,10,JNBE,6,0,1,0,0,0,JMP,0,0,1,0,0,0,JLE,0,0,4926140,4927464,4926156,0,0,0,0,c,3.2598779346570196e-11,1.0,1,0,1
0x4b2ab6,JZ,6,0,-2834,6,0x4b2ab3,ADD,1,NonLeaf,eax(ADD) ,eax rflags ,ADD,3,MOV,6,CALL_NEAR,5,LEA,7,JMP,2,CMP,10,JBE,6,MOV,6,CMP,6,JLE,6,0,0,0,0,0,JMP,1,0,0,0,0,0,JBE,0,0,4926125,4923300,4926140,0,0,1,0,c,3.2598779346570196e-11,0.0,0,0,0
0x4b2a30,JNBE,6,0,-2464,6,0x4b2a2e,CMP,1,NonLeaf,al(SUB) ,rflags ,CMP,2,SUB,3,MOV,6,MOVZX,3,JBE,2,MOVSX,7,SUB,3,CDQE,2,MOVZX,7,MOV,8,0,0,0,0,0,JNE,0,0,1,0,0,0,JMP,0,0,4925986,4923536,4926006,0,0,0,0,c,3.2598779346570196e-11,0.0,0,0,0
0x4b2a20,JBE,6,6,129,2,0x4b2a1d,CMP,1,NonLeaf,edx(SUB) ,rflags ,CMP,3,SUB,3,MOV,10,MOVZX,3,JZ,6,MOVZX,3,MOV,6,SUB,3,CMP,2,JNBE,6,0,1,0,0,0,CALL,0,1,0,0,0,0,JA,0,0,4925965,4926113,4925986,0,0,1,1,c,3.2598779346570196e-11,1.0,1,0,1
0x4b2a07,JZ,6,0,1038,6,0x4b2a04,CMP,1,NonLeaf,cl(MOVZX) ,rflags ,CMP,3,MOVZX,4,MOV,7,LEA,4,MOV,3,MOVZX,3,MOV,10,SUB,3,CMP,3,JBE,2,0,1,0,0,0,JBE,0,0,1,0,0,0,JBE,0,0,4925931,4926997,4925965,0,0,1,1,c,3.2598779346570196e-11,0.0,0,0,0
0x4b1f9e,JLE,11,11,-2226,6,0x4b1f9b,CMP,1,NonLeaf,r13(-1) rax(CDQE) ,rflags ,CMP,3,CDQE,2,ADD,3,SUB,2,MOV,5,MOV,7,MOV,7,JMP,5,CALL_NEAR,5,MOV,7,0,0,0,0,0,JNE,0,0,0,0,0,0,JMP,1,0,4923273,4921068,4923300,0,0,0,1,c,5.976442880204535e-11,1.0,1,1,1
0x4b1f83,JNZ,11,0,-2061,6,0x4b1f80,CMP,1,NonLeaf,r13(-1) rax(-1) ,rflags ,CMP,3,CALL_NEAR,3,MOV,3,SUB,3,MOV,3,MOV,6,MOV,5,SUB,2,ADD,3,CDQE,2,0,0,0,0,0,MOV,1,0,1,0,0,0,JLE,0,0,4923264,4921206,4923273,0,0,1,0,c,5.976442880204535e-11,0.0,0,0,0
0x4b1f67,JBE,11,0,6719,6,0x4b1f60,CMP,1,NonLeaf,rbp(-1) rdx(SUB) ,rflags ,CMP,7,SUB,7,MOV,3,MOV,7,JNBE,2,MOV,7,MOV,3,SUB,3,MOV,3,CALL_NEAR,3,0,1,0,0,0,CALL,0,1,1,1,0,0,CALL,0,1,4923215,4929958,4923245,0,0,1,1,c,5.976442880204535e-11,0.0,0,0,0
0x4b1f02,JLE,11,11,77,2,0x4b1f00,TEST,1,NonLeaf,ecx(ADD) ecx(ADD) ,rflags ,TEST,2,ADD,6,ADD,7,JZ,6,CMP,10,MOVSXD,3,MOV,5,MOV,3,MOV,3,MOV,7,0,1,0,0,0,JBE,0,0,1,0,0,0,CALL,0,1,4923130,4923215,4923140,0,0,0,1,c,5.976442880204535e-11,1.0,1,1,1
0x4b1e8f,JZ,5,5,107,2,0x4b1e88,CMP,1,NonLeaf,rbp(-1) ,rflags ,CMP,7,JZ,2,CMP,8,ADD,7,JZ,6,CMP,7,JNZ,2,MOV,4,CMP,4,JNB,6,0,0,0,0,0,JLE,0,0,1,0,0,0,JNE,0,0,4923016,4923130,4923025,0,0,0,0,c,2.7165649455475163e-11,1.0,1,0,1
0x4b1e86,JZ,11,6,116,2,0x4b1e7e,CMP,1,NonLeaf,rbp(-1) ,rflags ,CMP,8,ADD,7,JZ,6,CMP,10,MOV,3,CMP,7,JZ,2,CMP,7,JNZ,2,MOV,4,0,1,0,0,0,JLE,0,0,1,0,0,0,JE,0,0,4923006,4923130,4923016,0,0,0,0,c,5.976442880204535e-11,0.5454545454545454,1,0,1
0x4b1e48,JZ,11,11,5800,6,0x4b1e45,TEST,1,NonLeaf,r10d(-1) r10d(-1) ,rflags ,TEST,3,JZ,6,CMP,7,ADC,3,CMP,3,MOV,4,CMP,4,JNB,6,LEA,4,MOV,4,0,1,0,0,0,JE,0,0,1,0,0,0,JAE,0,0,4922949,4928752,4922958,0,0,0,0,c,5.976442880204535e-11,1.0,1,0,1
0x4b1e3f,JZ,11,11,6911,6,0x4b1e38,CMP,1,NonLeaf,rbp(-1) ,rflags ,CMP,7,ADC,3,CMP,3,OR,6,OR,3,TEST,3,JZ,6,MOV,4,CMP,4,JNB,6,0,1,0,0,0,JLE,0,0,1,0,0,0,JE,0,0,4922915,4929854,4922949,0,0,0,0,c,5.976442880204535e-11,1.0,1,0,1
0x4b1e0f,JZ,5,5,20,2,0x4b1e08,CMP,1,NonLeaf,rbp(-1) ,rflags ,CMP,7,JZ,2,CMP,8,SUB,6,ADD,6,CMP,7,LEA,3,SETZ,3,TEST,2,CMOVNZ,3,0,0,1,0,0,JE,0,0,1,0,0,0,CMOVNE,0,0,4922888,4922915,4922897,0,0,0,0,c,2.7165649455475163e-11,1.0,1,0,1
0x4b1e06,JZ,11,6,29,2,0x4b1dfe,CMP,1,NonLeaf,rbp(-1) ,rflags ,CMP,8,SUB,6,ADD,6,MOV,6,JNZ,6,CMP,7,JZ,2,CMP,7,LEA,3,SETZ,3,0,1,1,0,0,JE,0,0,1,0,0,0,JE,0,0,4922860,4922915,4922888,0,0,0,0,c,5.976442880204535e-11,0.5454545454545454,1,0,1
0x4b1d65,JS,11,11,6247,6,0x4b1d5e,CMP,1,NonLeaf,rbp(-1) ,rflags ,CMP,7,MOV,7,MOV,10,XOR,3,MOV,10,JNZ,6,CMP,8,JNZ,6,CMP,7,JZ,6,0,1,0,0,0,JMP,0,0,1,0,0,0,JNE,0,0,4922718,4928972,4922731,0,0,1,0,c,5.976442880204535e-11,1.0,1,0,1
0x4b17bc,JZ,23,16,-60,2,0x4b17b3,CMP,1,NonLeaf,rdx(-1) ,rflags ,MOV,6,CMP,3,ADD,2,JNLE,6,CMP,3,ADD,7,MOV,3,JMP,5,MOV,4,LEA,4,0,0,0,0,0,JE,1,0,1,0,0,0,JMP,0,0,4921265,4921216,4921278,0,0,0,1,c,1.2496198749518575e-10,0.6956521739130435,1,0,1
0x4b1787,JZ,16,16,-1787,6,0x4b1780,CMP,1,NonLeaf,rbp(-1) ,rflags ,CMP,7,MOV,10,JZ,2,CMP,3,XOR,3,MOV,7,CALL_NEAR,5,JMP,5,MOV,5,SUB,2,0,0,1,0,0,CALL,0,1,1,0,0,0,CALL,0,1,4921216,4919436,4921229,0,0,1,1,c,8.69300782575205e-11,1.0,1,0,1
0x4b1774,JZ,23,23,42,2,0x4b1771,CMP,1,NonLeaf,rax(-1) rsi(SUB) ,rflags ,CMP,3,XOR,3,SUB,3,MOV,3,MOV,6,MOV,10,CMP,7,JZ,6,MOV,7,CALL_NEAR,5,0,1,0,0,0,JG,0,0,0,0,0,0,MOV,1,0,4921179,4921246,4921206,0,0,0,1,c,1.2496198749518575e-10,1.0,1,0,1
0x4b173f,JBE,23,0,2168,6,0x4b1738,CMP,1,NonLeaf,rbp(-1) rdx(SUB) ,rflags ,CMP,7,SUB,7,MOV,3,MOV,6,MOV,7,SUB,3,MOV,3,MOV,6,MOV,3,MOV,3,0,1,0,0,0,CALL,0,1,1,1,0,0,CALL,0,1,4921114,4923319,4921157,0,0,1,1,c,1.2496198749518575e-10,0.0,0,0,0
0x4b16ef,JNZ,23,0,2271,6,0x4b16ec,TEST,1,NonLeaf,r12(-1) r12(-1) ,rflags ,TEST,3,JNBE,6,CMP,3,ADD,3,MOV,6,MOV,7,MOV,5,MOV,6,LEA,4,MOV,3,0,1,0,0,0,CALL,0,1,1,1,0,0,CALL,0,1,4921068,4923342,4921077,0,0,1,1,c,1.2496198749518575e-10,0.0,0,0,0
0x4b11a0,JNZ,16,0,3852,6,0x4b1198,CMP,1,NonLeaf,rip(JNZ) ,rflags ,CMP,8,JNZ,6,CMP,8,JNZ,6,CMP,8,MOV,7,MOV,11,MOV,10,MOV,10,MOV,11,0,0,0,0,0,MOV,0,0,1,0,0,0,MOV,0,0,4919704,4923564,4919718,0,0,1,1,c,8.69300782575205e-11,0.0,0,1,0
0x4b1184,JNZ,16,0,3880,6,0x4b117c,CMP,1,NonLeaf,rip(JNZ) ,rflags ,CMP,8,JZ,6,CMP,3,MOV,7,MOV,7,CMP,8,JNZ,6,CMP,8,JNZ,6,MOV,7,0,1,0,0,0,MOV,0,0,1,0,0,0,JNE,0,0,4919676,4923564,4919690,0,0,1,0,c,8.69300782575205e-11,0.0,0,0,0
0x4b1176,JZ,16,0,-248,6,0x4b1173,CMP,1,NonLeaf,rax(MOV) ,rflags ,CMP,3,MOV,7,MOV,7,JNLE,6,CMP,7,CMP,8,JNZ,6,CMP,8,JNZ,6,CMP,8,0,0,0,0,0,XOR,1,0,1,0,0,0,JNE,0,0,4919653,4919422,4919676,0,0,1,0,c,8.69300782575205e-11,0.0,0,0,0
0x4b115f,JNLE,16,0,402,6,0x4b1158,CMP,1,NonLeaf,r12(-1) ,rflags ,CMP,7,NOP,3,JMP,5,CALL_NEAR,5,XOR,2,MOV,7,MOV,7,CMP,3,JZ,6,CMP,8,0,1,0,0,0,JMP,1,0,1,0,0,0,JE,0,0,4919640,4920049,4919653,0,0,1,1,c,8.69300782575205e-11,0.0,0,0,0
0x4b113c,JZ,14,14,-120,6,0x4b113a,TEST,1,NonLeaf,eax(MOV) eax(MOV) ,rflags ,TEST,2,MOV,6,JNZ,6,DEC,2,JMP,2,LEA,7,XOR,2,CALL_NEAR,5,JMP,5,NOP,3,0,0,1,0,0,MOV,0,0,0,0,0,0,CALL,0,1,4919604,4919492,4919618,0,0,0,1,c,7.606381847533045e-11,1.0,1,0,1
0x4b112e,JNZ,14,0,21282,6,0x4b112c,DEC,1,NonLeaf,rdx(-1) ,rflags ,DEC,2,JMP,2,JNZ,6,DEC_LOCK,3,JZ,2,MOV,6,TEST,2,JZ,6,LEA,7,XOR,2,0,-1,-1,-1,-1,CALL,-1,1,0,1,0,0,JE,0,0,4919596,4940880,4919604,0,0,1,0,c,7.606381847533045e-11,0.0,0,0,0
0x4b111f,JZ,14,14,13,2,0x4b1118,CMP,1,NonLeaf,rip(JZ) ,rflags ,CMP,7,MOV,8,NOP,3,RET_NEAR,1,POP,1,DEC_LOCK,3,JNZ,6,JMP,2,DEC,2,JNZ,6,0,1,0,0,0,JNE,0,0,1,0,0,0,JNE,0,0,4919568,4919596,4919585,0,0,1,0,c,7.606381847533045e-11,1.0,1,0,1
0x4b10e3,JZ,15,15,-446,6,0x4b10e0,CMP,1,NonLeaf,eax(-1) ,rflags ,CMP,3,NOP,7,RET_NEAR,1,POP,1,POP,2,MOV,5,JMP,2,MOV,3,MOV,3,MOV,3,0,0,0,0,0,JNE,0,0,1,0,0,0,JMP,1,0,4919520,4919077,4919529,0,0,0,0,c,8.149694836642549e-11,1.0,1,0,1
0x4b10be,JNZ,2,0,132,6,0x4b10bc,TEST,1,NonLeaf,eax(MOV) eax(MOV) ,rflags ,TEST,2,MOV,6,JZ,2,SUB,4,MOV,7,MOV,6,LEA,4,POP,1,POP,2,POP,2,0,0,0,0,0,CALL,0,1,0,1,0,0,MOV,0,0,4919478,4919618,4919492,0,0,1,0,c,1.0866259782190064e-11,0.0,0,0,0
0x4b10b4,JZ,14,14,92,2,0x4b10b0,SUB,1,NonLeaf,rdx(MOV) ,rflags ,SUB,4,MOV,7,JNZ,2,TEST,7,CALL_NEAR,5,MOV,6,TEST,2,JNZ,6,MOV,6,LEA,4,0,1,0,0,0,JE,0,0,0,0,0,0,JNE,0,0,4919465,4919568,4919478,0,0,1,0,c,7.606381847533045e-11,1.0,1,0,1
0x4b10a7,JNZ,16,2,15,2,0x4b10a0,TEST,1,NonLeaf,r14(-1) ,rflags ,TEST,7,CALL_NEAR,5,MOV,3,CALL_NEAR,5,MOV,7,MOV,7,SUB,4,JZ,2,MOV,6,TEST,2,0,1,0,0,0,JNE,0,0,1,0,0,0,JE,0,0,4919456,4919478,4919465,0,0,0,1,c,8.69300782575205e-11,0.125,0,0,0
0x4b1078,JZ,16,16,224,6,0x4b106b,CMP,1,NonLeaf,r12(-1) rax(-1) ,rflags ,MOV,10,CMP,3,CALL_NEAR,4,MOV,3,SUB,3,MOV,11,XOR,3,MOV,7,CALL_NEAR,5,MOV,3,0,1,0,0,0,JG,0,0,1,0,0,0,XOR,1,0,4919403,4919640,4919422,0,0,0,1,c,8.69300782575205e-11,1.0,1,0,1
0x4b1005,JNZ,14,0,21552,6,0x4b1002,CMPXCHG,1,NonLeaf,rdx(-1) esi(-1) eax(CMPXCHG) ,eax rflags ,CMPXCHG,3,JMP,2,JNZ,6,CMPXCHG_LOCK,4,JZ,2,MOV,7,MOV,7,MOV,4,ADD,4,MOV,7,0,-1,-1,-1,-1,CALL,-1,1,0,1,0,0,MOV,0,0,4919298,4940853,4919307,0,0,1,1,c,7.606381847533045e-11,0.0,0,0,0
0x4b0ff4,JZ,14,14,14,2,0x4b0fed,CMP,1,NonLeaf,rip(JZ) ,rflags ,CMP,7,MOV,3,MOV,5,JZ,2,CMP,4,CMPXCHG_LOCK,4,JNZ,6,JMP,2,CMPXCHG,3,JNZ,6,0,1,0,0,0,JNE,0,0,1,0,0,0,JNE,0,0,4919269,4919298,4919286,0,0,1,0,c,7.606381847533045e-11,1.0,1,0,1
0x4b0fe3,JZ,14,0,58,2,0x4b0fdf,CMP,1,NonLeaf,r10(MOV) rdx(MOV) ,rflags ,CMP,4,MOV,9,MOV,7,JNZ,2,AND,7,MOV,5,MOV,3,CMP,7,JZ,2,CMPXCHG_LOCK,4,0,1,1,0,0,ADD,0,0,1,0,0,0,JE,0,0,4919247,4919325,4919269,0,0,1,0,c,7.606381847533045e-11,0.0,0,0,0
0x4b0fcd,JNZ,14,0,84,2,0x4b0fc6,AND,1,NonLeaf,r12d(AND) ,r12d rflags ,AND,7,MOV,10,MOV,3,CALL_NEAR,5,MOV,5,MOV,7,MOV,9,CMP,4,JZ,2,MOV,5,0,0,1,0,0,JBE,0,0,1,0,0,0,JE,0,0,4919238,4919329,4919247,0,0,1,0,c,7.606381847533045e-11,0.0,0,1,0
0x4b0f9f,JZ,14,14,869,6,0x4b0f9c,TEST,1,NonLeaf,rax(MOV) rax(MOV) ,rflags ,TEST,3,MOV,5,JNZ,6,MOV,10,MOV,7,LEA,7,MOV,3,MOV,5,CALL_NEAR,5,MOV,3,0,1,0,0,0,JMP,0,0,1,0,0,0,CALL,0,1,4919191,4920068,4919205,0,0,1,1,c,7.606381847533045e-11,1.0,1,0,1
0x4b0f91,JNZ,16,2,144,6,0x4b0f72,TEST,1,NonLeaf,r12d(-1) ,rflags ,MOV,10,MOV,7,MOV,7,TEST,7,CALL_NEAR,5,MOV,5,TEST,3,JZ,6,LEA,7,MOV,3,0,1,1,0,0,JBE,0,0,1,0,0,0,JE,0,0,4919154,4919329,4919191,0,0,1,0,c,8.69300782575205e-11,0.125,0,0,0
0x4b0f3f,JNZ,16,0,433,6,0x4b0f3b,TEST,1,NonLeaf,r12b(-1) ,rflags ,TEST,4,JZ,6,TEST,3,JNZ,6,TEST,4,MOV,3,MOV,5,MOV,3,MOV,7,MOV,4,0,1,0,0,0,CALL,1,1,1,0,0,0,CALL,0,1,4919099,4919536,4919109,0,0,1,1,c,8.69300782575205e-11,0.0,0,0,0
0x4b0f35,JZ,16,0,922,6,0x4b0f32,TEST,1,NonLeaf,rbx(-1) rbx(-1) ,rflags ,TEST,3,JNZ,6,TEST,4,MOV,3,MOV,10,TEST,4,JNZ,6,MOV,3,MOV,5,MOV,3,0,1,0,0,0,JMP,1,0,1,0,0,0,JNE,0,0,4919090,4920015,4919099,0,0,1,0,c,8.69300782575205e-11,0.0,0,0,0
0x4b0f2c,JNZ,16,0,900,6,0x4b0f28,TEST,1,NonLeaf,r12b(MOV) ,rflags ,TEST,4,MOV,3,MOV,10,JNZ,6,TEST,2,TEST,3,JZ,6,TEST,4,JNZ,6,MOV,3,0,1,0,0,0,JMP,1,0,1,0,0,0,JE,0,0,4919077,4919984,4919090,1,0,1,0,c,8.69300782575205e-11,0.0,0,0,0
0x4b0f15,JNZ,16,15,459,6,0x4b0f13,TEST,1,NonLeaf,eax(MOV) eax(MOV) ,rflags ,TEST,2,MOV,6,MOV,6,MOV,3,MOV,7,MOV,10,MOV,3,TEST,4,JNZ,6,TEST,3,0,1,0,0,0,JE,0,0,1,0,0,0,MOV,0,0,4919008,4919520,4919067,0,0,0,1,c,8.69300782575205e-11,0.9375,1,0,1
0x4b0cd5,JNZ,24,13,-37,2,0x4b0cc8,TEST,1,Leaf,rdx(SHR) rdx(SHR) ,rflags ,MOV,2,MOV,3,MOVZX,5,TEST,3,SUB,3,MOV,3,RET_NEAR,1,INVALID,0,INVALID,0,INVALID,0,1,1,1,1,1,JNE,0,0,1,1,0,0,RET,1,0,4918448,4918448,4918487,0,0,1,0,c,1.3039511738628079e-10,0.5416666666666666,1,1,1
0x4b0c24,JZ,11,11,124,2,0x4b0c21,CMP,1,Leaf,edx(-1) ,rflags ,CMP,3,CMOVZ,4,MOV,5,MOV,6,TEST,2,CMP,3,JZ,2,CMP,3,MOV,2,JZ,2,0,1,0,0,0,NOP,1,0,1,0,0,0,JE,1,0,4918288,4918432,4918310,0,0,0,0,c,5.976442880204535e-11,1.0,1,0,1
0x4afe8b,JNZ,1,0,-43,2,0x4afe86,CMP,1,NonLeaf,rbx(-1) r14(-1) ,rflags ,CMP,5,JNZ,2,TEST,2,CALL_NEAR,5,MOV,3,LEA,5,JMP,2,NOP,4,XOR,2,JMP,2,0,0,0,0,0,JE,0,0,1,0,0,0,JMP,1,0,4914822,4914784,4914829,0,1,0,0,c,5.433129891095032e-12,0.0,0,1,0
0x4afe84,JNZ,7,6,-36,2,0x4afe82,TEST,1,NonLeaf,eax(-1) eax(-1) ,rflags ,TEST,2,CALL_NEAR,5,MOV,3,MOV,3,LEA,4,CMP,5,JNZ,2,LEA,5,JMP,2,NOP,4,0,0,0,0,0,JE,0,0,1,0,0,0,JNE,0,0,4914818,4914784,4914822,0,0,0,0,c,3.803190923766522e-11,0.8571428571428571,1,0,1
0x4afe71,JNZ,290,283,-17,2,0x4afe6d,CMP,1,NonLeaf,r12w(-1) rbx(-1) ,rflags ,CMP,4,JZ,2,TEST,3,MOV,4,ADD,4,LEA,4,MOV,3,MOV,3,CALL_NEAR,5,TEST,2,1,1,0,0,0,JE,0,0,1,0,0,0,CALL,0,1,4914797,4914784,4914803,0,0,0,1,c,1.575607668417559e-09,0.9758620689655172,1,1,1
0x4afe6b,JZ,289,6,-69,2,0x4afe68,TEST,1,NonLeaf,rbx(MOV) rbx(MOV) ,rflags ,TEST,3,MOV,4,ADD,4,NOP,9,JMP,2,CMP,4,JNZ,2,LEA,4,MOV,3,MOV,3,0,0,1,0,0,RET,1,0,0,0,1,1,JNE,0,0,4914784,4914726,4914797,1,0,0,0,c,1.5701745385264643e-09,0.0207612456747404,0,0,0
0x4afe53,JNZ,7,7,26,2,0x4afe50,TEST,1,NonLeaf,rbx(MOV) rbx(MOV) ,rflags ,TEST,3,LEA,4,MOV,4,LEA,4,MOVZX,4,JMP,2,NOP,9,ADD,4,MOV,4,TEST,3,0,1,0,1,0,JNE,0,0,1,0,0,0,JMP,0,0,4914752,4914797,4914773,0,0,0,0,c,3.803190923766522e-11,1.0,1,1,1
0x4afdf8,JNZ,7,7,72,2,0x4afdf4,CMP,1,NonLeaf,rbx(-1) ,rflags ,CMP,4,JZ,6,TEST,2,MOVZX,3,MOV,3,MOV,4,OR,3,TEST,3,JNZ,2,JMP,2,0,1,0,0,0,JNE,0,0,1,0,0,0,JNE,0,0,4914676,4914752,4914682,1,0,0,0,c,3.803190923766522e-11,1.0,1,0,1
0x4afdee,JZ,7,0,170,6,0x4afdec,TEST,1,NonLeaf,al(MOVZX) al(MOVZX) ,rflags ,TEST,2,MOVZX,3,MOV,3,JZ,6,TEST,3,CMP,4,JNZ,2,MOV,4,OR,3,TEST,3,0,0,0,0,0,JMP,0,0,1,0,0,0,JNE,0,0,4914662,4914840,4914676,0,0,0,0,c,3.803190923766522e-11,0.0,0,0,0
0x4afde0,JZ,7,0,184,6,0x4afddd,TEST,1,NonLeaf,rbp(MOV) rbp(MOV) ,rflags ,TEST,3,MOV,7,CALL_NEAR,5,SUB,4,MOV,3,MOV,3,MOVZX,3,TEST,2,JZ,6,CMP,4,0,1,0,0,0,JMP,0,0,1,0,0,0,JE,0,0,4914646,4914840,4914662,0,0,0,0,c,3.803190923766522e-11,0.0,0,0,0
0x4aef02,JB,14,12,-39,2,0x4aeeff,CMP,1,NonLeaf,r15(-1) r14(MOV) ,rflags ,CMP,3,MOV,3,JNS,2,TEST,2,CALL_NEAR,3,ADD,4,XOR,2,POP,1,POP,1,POP,2,0,0,0,1,1,CALL,0,1,0,0,0,0,RET,1,0,4910844,4910811,4910852,0,0,1,0,c,7.606381847533045e-11,0.8571428571428571,1,1,1
0x4aeefa,JNS,14,0,-42,2,0x4aeef8,TEST,1,NonLeaf,eax(-1) eax(-1) ,rflags ,TEST,2,CALL_NEAR,3,MOV,3,ADD,5,IMUL,4,MOV,3,CMP,3,JB,2,ADD,4,XOR,2,0,1,0,0,0,JE,0,0,1,0,0,0,JB,0,0,4910840,4910800,4910844,0,0,0,0,c,7.606381847533045e-11,0.0,0,0,0
0x4aeec6,JNZ,2,2,21,2,0x4aeeba,TEST,1,NonLeaf,rdx(-1) rdx(-1) ,rflags ,MOV,5,MOV,4,TEST,3,SUB,4,PUSH,1,JMP,2,NOP,6,JZ,2,LEA,4,CMP,3,0,1,0,1,0,CALL,0,1,1,0,0,0,JMP,0,0,4910752,4910811,4910792,0,0,1,0,c,1.0866259782190064e-11,1.0,1,0,1
0x4aeb38,JZ,1,1,23,2,0x4aeb32,TEST,1,NonLeaf,esi(-1) esi(-1) ,rflags ,MOV,3,PUSH,1,TEST,2,XOR,2,INVALID,0,LEA,4,XOR,2,XOR,2,CALL_NEAR,5,TEST,2,0,1,1,0,0,RET,0,0,1,0,0,0,CALL,0,1,4909872,4909903,4909882,0,0,1,1,c,5.433129891095032e-12,1.0,1,0,1
0x4e6c42,JZ,1,0,457,6,0x4e6c3c,TEST,1,NonLeaf,rax(-1) rax(-1) ,rflags ,MOV,3,TEST,3,CALL_NEAR,5,LEA,4,MOV,7,MOV,4,MOV,4,LEA,4,MOV,3,MOV,4,0,0,0,0,0,CALL,0,1,1,0,0,0,CALL,0,1,5139516,5139979,5139528,0,1,1,1,c,5.433129891095032e-12,0.0,0,0,0
0x4e6827,JZ,1,0,14,2,0x4e6822,AND,1,NonLeaf,eax(AND) ,eax rflags ,AND,5,JNZ,2,CMP,3,OR,9,SUB,7,LEA,4,SUB,3,OR,5,LEA,5,XOR,3,0,1,1,0,0,NOP,0,0,1,0,0,0,OR,0,0,5138466,5138485,5138473,0,0,1,1,c,5.433129891095032e-12,0.0,0,0,0
0x49f0ce,JZ,1,0,82,2,0x49f0cc,TEST,1,NonLeaf,eax(MOV) eax(MOV) ,rflags ,TEST,2,MOV,6,JZ,2,MOV,2,PUSH,1,MOVZX,7,MOV,10,CALL_NEAR,5,MOV,6,MOV,7,0,1,0,0,0,JMP,0,0,0,0,0,0,CALL,0,1,4845766,4845856,4845776,0,0,1,1,c,5.433129891095032e-12,0.0,0,0,0
0x49f0c4,JZ,1,0,12,2,0x49f0ba,TEST,1,NonLeaf,rax(MOV) rax(MOV) ,rflags ,MOV,2,PUSH,1,MOV,3,PUSH,1,TEST,3,MOV,6,TEST,2,JZ,2,MOVZX,7,MOV,10,0,1,0,0,0,CALL,0,1,1,0,0,0,JE,0,0,4845744,4845776,4845766,0,0,1,0,c,5.433129891095032e-12,0.0,0,0,0
0x49f02d,JZ,1,1,-14,2,0x49f029,CMP,1,NonLeaf,r8d(-1) ,rflags ,CMP,4,RET_NEAR,1,POP,1,POP,1,ADD,7,MOV,5,ADD,7,SUB,3,SHL,3,POP,1,0,0,0,0,0,RET,0,0,0,0,0,0,RET,0,0,4845609,4845599,4845615,0,0,0,0,c,5.433129891095032e-12,1.0,1,0,1
0x49f01d,JNZ,2,2,-85,2,0x49f019,CMP,1,NonLeaf,r8d(-1) ,rflags ,CMP,4,JNZ,2,CMP,3,OR,2,LEA,4,ADD,7,POP,1,POP,1,RET_NEAR,1,CMP,4,0,0,0,1,1,JA,0,0,0,0,0,0,RET,1,0,4845593,4845512,4845599,0,0,0,0,c,1.0866259782190064e-11,1.0,1,1,1
0x49f017,JNZ,3,1,18,2,0x49f014,CMP,1,NonLeaf,dl(-1) ,rflags ,CMP,3,OR,2,LEA,4,ADD,4,SHL,3,CMP,4,JNZ,2,ADD,7,POP,1,POP,1,0,1,0,0,0,JE,1,0,1,0,0,0,JNE,0,0,4845575,4845609,4845593,0,0,0,0,c,1.6299389673285098e-11,0.3333333333333333,0,0,0
0x49f005,JBE,1,0,-21,2,0x49f001,CMP,1,NonLeaf,dil(LEA) ,rflags ,CMP,4,LEA,3,MOVSX,3,LEA,4,ADD,4,SHL,3,ADD,4,LEA,4,OR,2,CMP,3,1,1,1,1,1,JBE,0,0,0,1,0,0,JNE,0,0,4845552,4845552,4845575,0,0,0,0,c,5.433129891095032e-12,0.0,0,1,0
0x49efe5,JNBE,3,2,34,2,0x49efe1,CMP,1,NonLeaf,dil(LEA) ,rflags ,CMP,4,LEA,3,SUB,3,LEA,4,MOVSX,4,NOP,9,LEA,3,ADD,4,LEA,4,MOVSX,3,0,1,1,0,0,JNE,0,0,1,0,0,0,NOP,0,0,4845523,4845575,4845543,0,0,0,0,c,1.6299389673285098e-11,0.6666666666666666,1,0,1
0x49efd1,JNBE,3,0,94,2,0x49efce,CMP,1,NonLeaf,dl(LEA) ,rflags ,CMP,3,LEA,3,MOVSX,3,XOR,2,XOR,3,MOVSX,4,LEA,4,SUB,3,LEA,3,CMP,4,1,1,0,0,0,RET,1,0,1,0,0,0,JA,0,0,4845512,4845615,4845523,0,0,0,0,c,1.6299389673285098e-11,0.0,0,0,0
0x49efbd,JNZ,1,0,147,6,0x49efb3,TEST,1,NonLeaf,eax(-1) eax(-1) ,rflags ,LEA,8,TEST,2,CALL_NEAR,5,LEA,5,SUB,7,XOR,3,XOR,2,MOVSX,3,LEA,3,CMP,3,0,1,0,0,0,CALL,0,1,1,0,0,0,XOR,0,0,4845491,4845648,4845507,0,0,1,0,c,5.433129891095032e-12,0.0,0,0,0
0x49ef18,JZ,1,0,8,2,0x49ef16,TEST,1,NonLeaf,eax(MOV) eax(MOV) ,rflags ,TEST,2,MOV,6,INVALID,0,INVALID,0,INVALID,0,RET_NEAR,1,NOP,5,PUSH,1,CALL_NEAR,5,MOV,2,0,1,0,0,0,CALL,0,1,1,0,0,0,RET,0,0,4845328,4845344,4845338,0,0,1,0,c,5.433129891095032e-12,0.0,0,0,0
0x49e9de,JNBE,1,0,-1449,6,0x49e9da,CMP,1,NonLeaf,rcx(SUB) ,rflags ,CMP,4,SUB,3,MOV,3,JBE,2,CMP,4,NEG,3,LEA,4,MOV,4,JMP,5,NOP,4,0,0,1,0,0,JE,0,0,1,0,0,0,JMP,0,0,4843988,4842549,4844004,0,0,0,1,c,5.433129891095032e-12,0.0,0,1,0
0x49e9d2,JBE,1,0,38,2,0x49e9ce,CMP,1,NonLeaf,rcx(SUB) ,rflags ,CMP,4,SUB,3,MOV,3,NOP,4,JMP,5,MOV,3,SUB,3,CMP,4,JNBE,6,NEG,3,0,1,0,0,0,JMP,0,0,1,0,0,0,JA,0,0,4843976,4844024,4843988,0,0,1,0,c,5.433129891095032e-12,0.0,0,0,0
0x49e94d,JB,1,0,-1500,6,0x49e94a,CMP,1,NonLeaf,rcx(-1) r9(-1) ,rflags ,CMP,3,JZ,6,TEST,4,MOV,3,MOV,7,MOV,7,MOV,7,MOV,3,JMP,5,NOP,7,0,0,1,0,0,JE,0,0,1,0,0,0,JMP,0,0,4843850,4842353,4843859,0,0,0,1,c,5.433129891095032e-12,0.0,0,0,0
0x49e944,JZ,1,0,-1491,6,0x49e940,TEST,1,NonLeaf,rax(-1) ,rflags ,TEST,4,MOV,3,MOV,7,JB,2,CMP,3,CMP,3,JB,6,MOV,7,MOV,7,MOV,3,0,0,1,0,0,JE,0,0,1,0,0,0,JB,0,0,4843840,4842353,4843850,1,0,0,0,c,5.433129891095032e-12,0.0,0,0,0
0x49e934,JB,1,0,12,2,0x49e931,CMP,1,NonLeaf,rcx(ADD) r8(-1) ,rflags ,CMP,3,ADD,4,MOV,3,JNZ,2,MOV,4,MOV,7,MOV,3,TEST,4,JZ,6,CMP,3,0,1,1,0,0,JE,0,0,1,0,0,0,MOV,0,0,4843821,4843840,4843830,0,0,0,1,c,5.433129891095032e-12,0.0,0,1,0
0x49e928,JNZ,1,0,5,2,0x49e920,CMP,1,NonLeaf,rbx(-1) ,rflags ,MOV,4,CMP,4,RET_NEAR,1,POP,2,POP,2,MOV,3,ADD,4,CMP,3,JB,2,MOV,7,0,1,1,0,0,JB,0,0,1,0,0,0,MOV,0,0,4843808,4843821,4843818,0,0,0,1,c,5.433129891095032e-12,0.0,0,1,0
0x49e913,JNZ,4,4,-27,2,0x49e910,CMP,1,NonLeaf,rdx(ADD) rcx(-1) ,rflags ,CMP,3,ADD,4,JZ,6,CMP,7,ADD,4,ADD,4,POP,1,POP,1,POP,2,POP,2,1,1,0,0,0,JE,0,0,0,0,0,0,RET,1,0,4843788,4843768,4843797,0,0,0,0,c,2.173251956438013e-11,1.0,1,1,1
0x49e906,JZ,4,1,346,6,0x49e8ff,CMP,1,NonLeaf,rax(ADD) ,rflags ,CMP,7,ADD,4,MOV,3,NOP,5,JMP,2,ADD,4,CMP,3,JNZ,2,ADD,4,POP,1,0,0,0,0,0,RET,1,0,0,0,1,1,JNE,0,0,4843768,4844128,4843788,0,0,1,0,c,2.173251956438013e-11,0.25,0,0,0
0x49e8e5,JZ,1,0,367,6,0x49e8df,CMP,1,NonLeaf,rax(-1) ,rflags ,CMP,6,JZ,2,TEST,3,MOV,7,JZ,2,ADD,4,XOR,2,JMP,2,NOP,5,MOV,3,0,1,0,0,0,NOP,0,0,1,0,0,0,JMP,0,0,4843743,4844116,4843755,0,1,0,0,c,5.433129891095032e-12,0.0,0,0,0
0x49e8dd,JZ,1,0,56,2,0x49e8da,TEST,1,NonLeaf,rcx(MOV) rcx(MOV) ,rflags ,TEST,3,MOV,7,JZ,2,TEST,3,MOV,7,CMP,6,JZ,6,ADD,4,XOR,2,JMP,2,0,0,0,0,0,RET,0,0,1,0,0,0,JE,0,0,4843731,4843797,4843743,0,0,0,0,c,5.433129891095032e-12,0.0,0,0,0
0x49e8d1,JZ,1,0,68,2,0x49e8ce,TEST,1,NonLeaf,rax(MOV) rax(MOV) ,rflags ,TEST,3,MOV,7,MOV,7,CALL_NEAR,5,JZ,2,MOV,7,TEST,3,JZ,2,CMP,6,JZ,6,0,1,0,0,0,RET,0,0,1,0,0,0,JE,0,0,4843719,4843797,4843731,0,0,0,0,c,5.433129891095032e-12,0.0,0,0,0
0x49e8b9,JZ,1,1,14,2,0x49e8b6,TEST,1,NonLeaf,rdi(MOV) rdi(MOV) ,rflags ,TEST,3,MOV,7,MOV,6,JZ,2,TEST,3,CALL_NEAR,5,MOV,7,MOV,7,TEST,3,JZ,2,0,1,1,0,0,JE,0,0,1,0,0,0,CALL,0,1,4843695,4843719,4843707,0,0,0,1,c,5.433129891095032e-12,1.0,1,1,1
0x49e864,JZ,1,1,75,2,0x49e85e,TEST,1,NonLeaf,rax(-1) rax(-1) ,rflags ,MOV,3,TEST,3,CALL_NEAR,5,MOV,5,CALL_NEAR,5,MOV,6,XOR,2,XOR,3,XOR,2,XOR,2,0,1,1,0,0,JE,0,0,1,0,0,0,XOR,0,0,4843614,4843695,4843622,0,0,0,0,c,5.433129891095032e-12,1.0,1,0,1
0x49e83d,JZ,1,1,18,2,0x49e83a,TEST,1,NonLeaf,rax(MOV) rax(MOV) ,rflags ,TEST,3,MOV,7,JNZ,6,TEST,2,CALL_NEAR,5,CMP,3,JNZ,2,MOV,11,CALL_NEAR,5,MOV,5,0,1,1,0,0,CALL,0,1,1,0,0,0,JNE,0,0,4843571,4843599,4843583,0,0,1,0,c,5.433129891095032e-12,1.0,1,0,1
0x49e7f6,JZ,1,1,61,2,0x49e7f4,TEST,1,NonLeaf,eax(MOV) eax(MOV) ,rflags ,TEST,2,MOV,6,CALL_NEAR,5,JZ,6,CMP,3,MOV,5,NOP,3,MOV,3,CALL_NEAR,5,XOR,2,0,1,1,0,0,JE,0,0,1,0,0,0,NOP,0,0,4843502,4843571,4843512,0,0,0,0,c,5.433129891095032e-12,1.0,1,1,1
0x49e7da,JZ,1,1,406,6,0x49e7d0,TEST,1,NonLeaf,rax(-1) rax(-1) ,rflags ,MOV,7,TEST,3,CALL_NEAR,5,MOV,6,SETZ,3,CMP,3,JZ,6,CALL_NEAR,5,MOV,6,TEST,2,0,1,0,0,0,JMP,0,0,1,0,0,0,JE,0,0,4843472,4843888,4843488,0,0,1,0,c,5.433129891095032e-12,1.0,1,0,1
0x49e720,JZ,1,1,6,2,0x49e71e,TEST,1,NonLeaf,edx(MOV) edx(MOV) ,rflags ,TEST,2,MOV,4,MOV,6,CALL_NEAR,5,MOV,4,MOV,4,XOR,2,MOV,3,CALL_NEAR,5,MOV,11,0,0,1,0,0,CALL,0,1,1,0,0,0,MOV,0,0,4843284,4843302,4843298,0,0,1,1,c,5.433129891095032e-12,1.0,1,0,1
0x49e6fc,JZ,1,0,1078,6,0x49e6f9,TEST,1,NonLeaf,rax(-1) rax(-1) ,rflags ,TEST,3,CALL_NEAR,5,MOV,3,MOV,3,CALL_NEAR,5,MOV,3,MOV,3,MOV,3,MOV,4,CALL_NEAR,5,0,1,0,0,0,CALL,0,1,1,0,0,0,CALL,0,1,4843257,4844338,4843266,0,0,1,1,c,5.433129891095032e-12,0.0,0,0,0
0x49e6d8,JZ,1,0,78,2,0x49e6d5,TEST,1,NonLeaf,rax(MOV) rax(MOV) ,rflags ,TEST,3,MOV,7,MOV,3,MOV,7,MOV,10,MOV,4,MOV,4,ADD,4,MOV,3,CALL_NEAR,5,0,1,0,0,0,CALL,0,1,1,0,0,0,CALL,0,1,4843176,4843302,4843226,0,0,1,1,c,5.433129891095032e-12,0.0,0,0,0
0x49e693,JZ,1,1,13,2,0x49e68b,CMP,1,NonLeaf,rbx(-1) ,rflags ,CMP,8,JNZ,6,AND,3,JNZ,6,MOV,2,MOV,11,MOV,3,CALL_NEAR,5,MOV,7,LEA,4,0,0,1,0,0,CALL,0,1,1,0,0,0,MOV,0,0,4843147,4843168,4843157,0,0,1,1,c,5.433129891095032e-12,1.0,1,0,1
0x49e667,JZ,1,1,36,2,0x49e664,TEST,1,NonLeaf,rax(MOV) rax(MOV) ,rflags ,TEST,3,MOV,7,JNZ,6,TEST,2,MOV,7,TEST,7,MOV,4,MOV,6,MOV,2,JNZ,6,0,1,1,0,0,JE,0,0,1,0,0,0,JNE,0,0,4843101,4843147,4843113,0,1,0,1,c,5.433129891095032e-12,1.0,1,0,1
0x49e633,JZ,1,1,42,2,0x49e630,TEST,1,NonLeaf,rdx(MOV) rdx(MOV) ,rflags ,TEST,3,MOV,7,MOV,7,MOV,7,MOV,7,MOV,4,TEST,2,MOV,6,JZ,2,MOV,7,0,1,1,0,0,JE,0,0,1,0,0,0,JE,0,0,4843049,4843101,4843061,0,0,0,1,c,5.433129891095032e-12,1.0,1,0,1
0x49e604,JZ,1,0,37,2,0x49e601,TEST,1,NonLeaf,rax(MOV) rax(MOV) ,rflags ,TEST,3,MOV,7,MOV,7,MOV,4,ADD,4,ADD,4,MOV,3,LEA,7,MOV,7,MOV,7,0,0,1,0,0,JE,0,0,1,0,0,0,MOV,0,0,4843002,4843049,4843014,0,0,0,1,c,5.433129891095032e-12,0.0,0,0,0
0x49e5d1,JZ,1,0,1206,6,0x49e5ce,TEST,1,NonLeaf,rdx(MOV) rdx(MOV) ,rflags ,TEST,3,MOV,7,MOV,7,MOV,4,ADD,4,MOV,3,LEA,7,MOV,7,MOV,3,ADD,4,0,1,0,0,0,JMP,0,0,1,0,0,0,MOV,0,0,4842951,4844167,4842967,0,0,0,1,c,5.433129891095032e-12,0.0,0,0,0
0x49e59e,JZ,1,1,1265,6,0x49e59b,TEST,1,NonLeaf,rcx(MOV) rcx(MOV) ,rflags ,TEST,3,MOV,7,MOV,4,MOV,4,ADD,4,MOV,3,LEA,7,MOV,7,MOV,3,ADD,4,0,1,0,0,0,JMP,0,0,1,0,0,0,MOV,0,0,4842900,4844175,4842916,0,0,0,1,c,5.433129891095032e-12,1.0,1,0,1
0x49e56e,JZ,1,1,1324,6,0x49e56b,TEST,1,NonLeaf,rsi(MOV) rsi(MOV) ,rflags ,TEST,3,MOV,4,MOV,4,MOV,7,ADD,4,MOV,3,LEA,7,MOV,7,MOV,3,ADD,4,0,1,0,0,0,JMP,0,0,1,0,0,0,MOV,0,0,4842855,4844186,4842868,0,0,0,1,c,5.433129891095032e-12,1.0,1,0,1
0x49e53e,JZ,1,0,1386,6,0x49e53b,TEST,1,NonLeaf,rsi(MOV) rsi(MOV) ,rflags ,TEST,3,MOV,4,MOV,4,MOV,4,ADD,4,MOV,3,LEA,7,MOV,7,MOV,3,ADD,4,0,1,0,0,0,JMP,0,0,1,0,0,0,MOV,0,0,4842807,4844200,4842820,0,0,0,1,c,5.433129891095032e-12,0.0,0,0,0
0x49e511,JZ,1,0,1448,6,0x49e50e,TEST,1,NonLeaf,rsi(MOV) rsi(MOV) ,rflags ,TEST,3,MOV,4,MOV,4,MOV,4,ADD,4,MOV,3,LEA,7,MOV,7,MOV,3,ADD,4,0,1,0,0,0,JMP,0,0,1,0,0,0,MOV,0,0,4842762,4844217,4842775,0,0,0,1,c,5.433129891095032e-12,0.0,0,0,0
0x49e4e4,JZ,1,1,1513,6,0x49e4e1,TEST,1,NonLeaf,rsi(MOV) rsi(MOV) ,rflags ,TEST,3,MOV,4,MOV,7,MOV,5,MOV,6,MOV,3,LEA,7,MOV,7,MOV,3,ADD,4,0,1,0,0,0,JMP,0,0,1,0,0,0,MOV,0,0,4842717,4844237,4842730,0,0,0,1,c,5.433129891095032e-12,1.0,1,0,1
0x49e490,JZ,1,0,1620,6,0x49e48d,TEST,1,NonLeaf,rax(MOV) rax(MOV) ,rflags ,TEST,3,MOV,4,JZ,6,TEST,3,NOP,10,MOV,3,ADD,4,MOV,3,MOV,6,MOV,8,0,1,0,0,0,JMP,0,0,1,0,0,0,MOV,0,0,4842633,4844260,4842646,0,1,0,1,c,5.433129891095032e-12,0.0,0,0,0
0x49e451,JBE,4,3,-41,2,0x49e44d,CMP,1,NonLeaf,rcx(SUB) ,rflags ,CMP,4,SUB,3,MOV,3,JBE,2,CMP,4,LEA,3,SAR,2,CMP,3,JBE,6,MOV,3,0,1,0,0,0,MOV,0,0,1,0,0,0,JBE,0,0,4842567,4842536,4842579,0,0,0,0,c,2.173251956438013e-11,0.75,1,0,1
0x49e445,JBE,11,7,-20,2,0x49e441,CMP,1,NonLeaf,rax(-1) ,rflags ,CMP,4,JZ,2,TEST,3,MOV,3,ADD,4,MOV,3,SUB,3,CMP,4,JBE,2,LEA,3,1,1,0,0,0,MOV,0,0,1,0,0,0,JBE,0,0,4842561,4842545,4842567,0,0,1,0,c,5.976442880204535e-11,0.6363636363636364,1,0,1
0x49e43f,JZ,11,1,65,2,0x49e43c,TEST,1,NonLeaf,rax(MOV) rax(MOV) ,rflags ,TEST,3,MOV,3,ADD,4,MOV,4,MOV,3,CMP,4,JBE,2,MOV,3,SUB,3,CMP,4,0,0,1,0,0,JE,1,0,0,0,1,1,JBE,0,0,4842549,4842624,4842561,0,0,0,0,c,5.976442880204535e-11,0.0909090909090909,0,0,0
0x49e3e8,JZ,1,0,152,6,0x49e3e5,TEST,1,NonLeaf,rax(MOV) rax(MOV) ,rflags ,TEST,3,LEA,4,MOV,3,JZ,6,MOV,4,MOV,6,MOV,6,MOV,6,MOV,10,MOV,10,0,1,1,0,0,JE,0,0,1,0,0,0,JMP,0,0,4842462,4842624,4842478,0,0,0,0,c,5.433129891095032e-12,0.0,0,1,0
0x49e3d8,JZ,1,0,712,6,0x49e3d1,TEST,1,NonLeaf,rdx(ADD) rdx(ADD) ,rflags ,MOV,4,TEST,3,MOV,7,MOV,7,MOV,3,MOV,3,LEA,4,TEST,3,JZ,6,MOV,6,0,1,1,0,0,CALL,0,1,1,0,0,0,JE,0,0,4842409,4843168,4842462,0,0,1,0,c,5.433129891095032e-12,0.0,0,0,0
0x49e3a7,JNZ,1,1,-41,2,0x49e39d,CMP,1,NonLeaf,rdx(ADD) rsi(-1) ,rflags ,MOV,7,CMP,3,SHR,4,MOV,4,MOV,4,MOV,7,SUB,3,MOV,3,ADD,4,ADD,3,0,0,0,1,1,JNE,0,0,0,1,0,0,JE,1,0,4842373,4842366,4842409,0,0,0,1,c,5.433129891095032e-12,1.0,1,1,1
0x49e383,JNZ,4,3,-27,2,0x49e380,CMP,1,NonLeaf,ecx(MOV) ,rflags ,CMP,3,MOV,2,JZ,2,CMP,3,ADD,4,MOV,4,ADD,4,ADD,4,MOV,4,MOV,4,1,1,0,0,0,JE,0,0,1,0,0,0,JNE,0,0,4842366,4842344,4842373,0,0,0,1,c,2.173251956438013e-11,0.75,1,1,1
0x49e37c,JZ,3,1,45,2,0x49e379,CMP,1,NonLeaf,rdx(ADD) rsi(-1) ,rflags ,CMP,3,ADD,4,ADD,4,JZ,6,CMP,3,MOV,2,CMP,3,JNZ,2,MOV,4,ADD,4,0,0,1,0,0,JE,1,0,0,0,1,1,JNE,0,0,4842353,4842409,4842366,0,0,1,0,c,1.6299389673285098e-11,0.3333333333333333,0,0,0
0x49e36b,JZ,3,1,1461,6,0x49e368,CMP,1,NonLeaf,ecx(-1) ,rflags ,CMP,3,NOP,6,JMP,2,XOR,2,SUB,3,ADD,4,ADD,4,CMP,3,JZ,2,MOV,2,0,1,0,0,0,JNE,0,0,1,1,0,0,JE,0,0,4842344,4843808,4842353,0,0,0,0,c,1.6299389673285098e-11,0.3333333333333333,0,0,0
0x49e34d,JZ,1,0,92,2,0x49e33c,TEST,1,NonLeaf,rsi(MOVZX) rsi(MOVZX) ,rflags ,MOV,7,MOV,7,TEST,3,ADD,4,MOV,3,LEA,8,SHL,4,SUB,3,XOR,2,JMP,2,0,1,1,0,0,JE,0,0,1,0,0,0,JMP,0,0,4842268,4842409,4842319,0,1,1,0,c,5.433129891095032e-12,0.0,0,0,0
0x49e316,JZ,1,0,1068,6,0x49e310,TEST,1,NonLeaf,rax(-1) rax(-1) ,rflags ,MOV,3,TEST,3,CALL_NEAR,5,MOV,3,MOV,5,MOV,7,MOV,7,MOV,7,MOVZX,4,MOV,3,0,0,0,0,0,CALL,0,1,1,0,0,0,JE,0,0,4842256,4843330,4842268,0,0,1,1,c,5.433129891095032e-12,0.0,0,0,0
0x49e2f0,JZ,1,0,1106,6,0x49e2e2,CMP,1,NonLeaf,rip(JZ) ,rflags ,MOV,6,CMP,8,SETNZ,3,CMP,3,XOR,2,MOV,5,XOR,3,XOR,3,XOR,2,MOV,5,0,1,0,0,0,CALL,0,1,1,0,0,0,CALL,0,1,4842190,4843330,4842230,0,0,1,1,c,5.433129891095032e-12,0.0,0,0,0
0x49e2b4,JNZ,1,1,16,2,0x49e2a5,CMP,1,NonLeaf,rip(JNZ) ,rflags ,MOV,7,CMP,8,OR,3,MOV,2,SHL,4,CALL_NEAR,5,CDQE,2,MOV,7,MOV,5,CALL_NEAR,5,0,1,1,0,0,CALL,0,1,1,0,0,0,CALL,0,1,4842128,4842180,4842166,0,0,1,1,c,5.433129891095032e-12,1.0,1,0,1
0x49e195,JNZ,1,1,33,2,0x49e14c,CMP,1,Leaf,edx(-1) ,rflags ,MOV,7,MOV,7,MOV,7,MOV,7,MOV,7,TEST,2,MOV,10,SETNZ,3,TEST,2,SETNZ,3,0,1,1,0,0,POP,0,0,1,0,0,0,MOV,0,0,4841804,4841910,4841879,0,0,0,1,c,5.433129891095032e-12,1.0,1,0,1
0x49e14a,JNZ,20,19,-42,2,0x49e147,TEST,1,Leaf,rax(MOV) rax(MOV) ,rflags ,TEST,3,MOV,3,ADD,4,NOP,4,MOV,4,CMP,3,MOV,7,MOV,7,MOV,7,MOV,7,0,0,0,1,1,JA,0,0,1,1,0,0,JNE,1,0,4841792,4841760,4841804,1,0,0,1,c,1.0866259782190064e-10,0.95,1,1,1
0x49e128,JNBE,20,1,24,2,0x49e124,CMP,1,Leaf,rax(SUB) ,rflags ,CMP,4,SUB,4,NOP,7,MOV,7,PUSH,1,JMP,7,NOP,7,MOV,4,NOP,4,ADD,4,1,1,1,0,0,JNE,0,0,1,0,0,0,JMP,0,0,4841760,4841792,4841770,0,0,0,0,c,1.0866259782190064e-10,0.05,0,0,0
0x49e0bd,JZ,1,0,259,6,0x49e0ba,TEST,1,Leaf,rax(MOV) rax(MOV) ,rflags ,TEST,3,MOV,7,MOV,3,INVALID,0,INVALID,0,PUSH,2,MOV,7,XOR,2,MOV,7,MOV,7,0,1,1,0,0,REPZ RET,0,0,1,0,0,0,NOP,0,0,4841648,4841920,4841667,0,0,0,1,c,5.433129891095032e-12,0.0,0,0,0
0x49e009,JZ,1,0,-810,6,0x49dffd,AND,1,Leaf,ecx(AND) ,ecx rflags ,MOV,6,AND,6,JMP,5,MOV,6,MOV,6,OR,3,MOV,6,MOV,6,JMP,5,AND,3,0,0,1,0,0,JLE,0,0,1,0,0,0,JMP,0,0,4841469,4840671,4841487,0,0,0,1,c,5.433129891095032e-12,0.0,0,1,0
0x49dfd5,JNBE,1,1,40,2,0x49dfd2,CMP,1,Leaf,edx(LEA) ,rflags ,CMP,3,LEA,4,ADD,3,JNZ,6,MOV,6,JMP,7,MOV,2,OR,6,OR,6,MOV,6,0,1,0,0,0,JE,0,0,1,0,0,0,JMP,0,0,4841419,4841469,4841431,0,0,0,0,c,5.433129891095032e-12,1.0,1,0,1
0x49dfc5,JNZ,1,0,-742,6,0x49dfbb,CMP,1,Leaf,r13d(-1) ,rflags ,MOV,6,CMP,4,JZ,6,MOV,6,MOV,6,ADD,3,LEA,4,CMP,3,JNBE,2,JMP,7,0,0,0,0,0,JLE,0,0,1,0,0,0,JA,0,0,4841403,4840671,4841419,0,0,0,0,c,5.433129891095032e-12,0.0,0,0,0
0x49dfb5,JZ,1,0,211,6,0x49df99,CMP,1,Leaf,r13d(AND) ,rflags ,MOV,6,MOV,6,MOV,6,MOV,6,CMP,4,CMP,4,MOV,6,JNZ,6,ADD,3,LEA,4,0,1,0,0,0,JMP,0,0,1,0,0,0,JNE,0,0,4841312,4841608,4841403,0,0,0,0,c,5.433129891095032e-12,0.0,0,0,0
0x49df45,JZ,1,1,-535,6,0x49df3e,TEST,1,Leaf,rip(JZ) ,rflags ,TEST,7,OR,10,JZ,2,AND,6,JZ,6,OR,10,JMP,5,NOP,6,MOV,6,MOV,5,0,0,1,0,0,JLE,0,0,1,0,0,0,JMP,0,0,4841278,4840750,4841291,0,0,0,1,c,5.433129891095032e-12,1.0,1,1,1
0x49df32,JZ,1,0,12,2,0x49df2c,AND,1,Leaf,esi(AND) ,esi rflags ,AND,6,JZ,6,CMP,5,AND,5,OR,10,OR,10,TEST,7,JZ,6,OR,10,JMP,5,0,1,1,0,0,JE,0,0,1,0,0,0,OR,0,0,4841260,4841278,4841268,0,0,0,1,c,5.433129891095032e-12,0.0,0,1,0
0x49df26,JZ,1,0,314,6,0x49df21,CMP,1,Leaf,eax(AND) ,rflags ,CMP,5,AND,5,OR,10,JZ,2,TEST,3,AND,6,JZ,2,OR,10,TEST,7,JZ,6,0,1,0,0,0,JE,0,0,1,1,0,0,JE,0,0,4841244,4841568,4841260,0,0,0,0,c,5.433129891095032e-12,0.0,0,0,0
0x49df10,JZ,1,0,12,2,0x49df0d,TEST,1,Leaf,dl(MOV) ,rflags ,TEST,3,MOV,6,OR,7,JZ,2,TEST,6,OR,10,AND,5,CMP,5,JZ,6,AND,6,0,1,1,0,0,JE,0,0,1,0,0,0,OR,0,0,4841223,4841244,4841234,0,0,0,1,c,5.433129891095032e-12,0.0,0,0,0
0x49defe,JZ,1,0,9,2,0x49def8,TEST,1,Leaf,esi(-1) ,rflags ,TEST,6,NOP,4,JMP,5,MOV,6,MOV,6,OR,7,MOV,6,TEST,3,JZ,2,OR,10,0,1,1,0,0,JE,0,0,1,0,0,0,OR,0,0,4841208,4841223,4841216,0,0,0,1,c,5.433129891095032e-12,0.0,0,0,0
0x49de1b,JZ,1,0,29,2,0x49de17,ADD,1,Leaf,eax(ADD) rsp(-1) ,eax rflags ,ADD,4,MOV,7,NOP,2,JMP,2,XOR,2,OR,10,ADD,3,AND,3,MOV,7,NOP,4,0,0,1,0,0,RET,0,0,1,0,0,0,NOP,0,0,4840976,4841016,4840989,1,1,1,1,c,5.433129891095032e-12,0.0,0,1,0
0x49de06,JB,30,5,-62,2,0x49de02,BT,1,Leaf,r10d(-1) edi(ADD) ,rflags ,BT,4,ADD,3,ADD,4,ADD,4,JZ,2,XOR,2,XOR,2,JMP,2,NOP,2,MOV,7,1,1,0,0,0,CPUID,0,0,1,0,0,0,JMP,0,0,4840962,4840904,4840968,0,0,0,0,c,1.6299389673285098e-10,0.1666666666666666,0,1,0
0x49ddf5,JZ,29,1,27,2,0x49dded,CMP,1,Leaf,r8d(-1) ,rflags ,MOV,4,CMP,4,AND,3,ADD,3,JZ,2,ADD,4,ADD,4,ADD,3,BT,4,JB,2,0,1,1,0,0,JE,1,0,0,0,0,0,ADD,0,0,4840941,4840976,4840951,0,1,0,0,c,1.5756076684175594e-10,0.0344827586206896,0,1,0
0x49dde5,JZ,29,29,8,2,0x49dde2,AND,1,Leaf,ecx(AND) ,ecx rflags ,AND,3,ADD,4,MOV,4,JZ,2,MOV,4,ADD,3,AND,3,CMP,4,MOV,4,JZ,2,0,1,1,0,0,JE,0,0,1,0,0,0,AND,0,0,4840922,4840941,4840935,0,0,1,0,c,1.5756076684175594e-10,1.0,1,1,1
0x49dd68,JZ,1,0,208,6,0x49dd66,TEST,1,Leaf,al(-1) ,rflags ,TEST,2,CPUID,2,MOV,2,MOV,7,MOV,2,LEA,5,MOV,8,MOV,8,MOV,8,MOV,8,0,0,1,0,0,RET,0,0,1,0,0,0,JMP,0,0,4840782,4841016,4840814,0,0,1,1,c,5.433129891095032e-12,0.0,0,0,0
0x49dd48,JZ,1,0,240,6,0x49dd46,TEST,1,Leaf,ebx(-1) ebx(-1) ,rflags ,TEST,2,CPUID,2,MOV,2,XOR,2,MOV,5,ADD,3,MOV,5,AND,3,MOV,2,MOV,7,0,0,1,0,0,RET,0,0,1,0,0,0,JE,0,0,4840763,4841016,4840782,0,1,1,1,c,5.433129891095032e-12,0.0,0,0,0
0x49dd35,JLE,1,0,259,6,0x49dd2e,CMP,1,Leaf,rip(JLE) ,rflags ,CMP,7,JZ,6,CMP,3,AND,3,MOV,2,MOV,5,XOR,2,MOV,2,CPUID,2,TEST,2,0,0,1,0,0,RET,0,0,1,0,0,0,JE,0,0,4840750,4841016,4840763,0,0,1,0,c,5.433129891095032e-12,0.0,0,0,0
0x49dd28,JZ,1,1,464,6,0x49dd25,CMP,1,Leaf,edx(AND) ,rflags ,CMP,3,AND,3,MOV,2,XGETBV,3,XOR,2,CMP,7,JLE,6,MOV,5,XOR,2,MOV,2,0,1,0,0,0,JE,0,0,1,1,0,0,JLE,0,0,4840731,4841208,4840750,0,0,0,0,c,5.433129891095032e-12,1.0,1,0,1
0x49dd15,JZ,1,0,291,6,0x49dd0f,TEST,1,Leaf,esi(MOV) ,rflags ,TEST,6,MOV,6,MOV,6,MOV,6,MOV,6,XOR,2,XGETBV,3,MOV,2,AND,3,CMP,3,0,1,1,0,0,RET,0,0,1,0,0,0,JE,0,0,4840713,4841016,4840731,0,0,1,0,c,5.433129891095032e-12,0.0,0,0,0
0x49dcc1,JZ,1,1,671,6,0x49dcbb,CMP,1,Leaf,edx(-1) ,rflags ,CMP,6,JNZ,2,CMP,6,JNZ,2,MOV,6,CMP,6,JZ,6,XOR,3,XOR,3,MOV,6,0,1,0,0,0,JE,0,0,0,0,0,0,JE,0,0,4840635,4841312,4840647,1,0,1,0,c,5.433129891095032e-12,1.0,1,0,1
0x49dcb1,JNZ,1,0,22,2,0x49dca5,CMP,1,Leaf,ebx(-1) ,rflags ,MOV,6,CMP,6,SUB,7,CPUID,2,PUSH,1,CMP,6,JNZ,2,CMP,6,JZ,6,CMP,6,0,1,0,0,0,JE,0,0,1,0,0,0,JNE,0,0,4840592,4840647,4840627,0,0,0,0,c,5.433129891095032e-12,0.0,0,0,0
0x49d3e4,JZ,1,0,43,2,0x49d3e1,TEST,1,NonLeaf,rbp(MOV) rbp(MOV) ,rflags ,TEST,3,MOV,3,JZ,2,TEST,3,SUB,4,MOV,5,MOV,3,CALL_NEAR,5,LEA,4,TEST,3,0,0,1,0,0,RET,0,0,1,0,0,0,CALL,0,1,4838366,4838415,4838374,0,0,0,1,c,5.433129891095032e-12,0.0,0,0,0
0x49d3dc,JZ,1,0,51,2,0x49d3d9,TEST,1,NonLeaf,rsi(-1) rsi(-1) ,rflags ,TEST,3,SUB,4,MOV,3,PUSH,1,PUSH,1,MOV,3,TEST,3,JZ,2,MOV,5,MOV,3,0,1,1,0,0,RET,0,0,1,0,0,0,JE,0,0,4838352,4838415,4838366,0,0,0,0,c,5.433129891095032e-12,0.0,0,0,0
0x49cd7d,JNB,3,0,9155,6,0x49cd77,CMP,1,Leaf,rax(-1) ,rflags ,CMP,6,SYSCALL,2,MOV,5,INVALID,0,INVALID,0,RET_NEAR,1,INVALID,0,INVALID,0,INVALID,0,INVALID,0,0,-1,-1,-1,-1,RET,-1,0,1,1,0,0,RET,0,0,4836727,4845888,4836739,1,0,1,0,c,1.6299389673285098e-11,0.0,0,0,0
0x49cd13,JZ,18,18,-56,2,0x49cd10,TEST,1,Leaf,dl(-1) ,rflags ,TEST,3,NOP,3,RET_NEAR,1,POP,2,POP,2,TEST,7,MOVSXD,3,MOVSXD,3,JZ,2,MOV,3,0,0,0,0,0,MOVSXD,0,0,1,0,0,0,JE,0,0,4836624,4836571,4836629,0,0,0,0,c,9.779633803971057e-11,1.0,1,0,1
0x49cd00,JNBE,18,0,77,2,0x49ccfa,CMP,1,Leaf,rax(-1) ,rflags ,CMP,6,SYSCALL,2,MOV,5,MOV,3,MOV,3,POP,1,POP,1,POP,2,POP,2,POP,2,0,1,0,0,0,JMP,0,0,0,1,0,0,RET,0,0,4836602,4836685,4836610,1,0,1,0,c,9.779633803971057e-11,0.0,0,0,0
0x49ccd9,JZ,18,18,55,2,0x49ccc2,TEST,1,Leaf,rdi(-1) rdi(-1) ,rflags ,MOV,3,PUSH,1,MOV,3,PUSH,1,MOV,3,MOVSXD,3,MOVSXD,3,MOV,3,MOV,3,MOVSXD,3,0,1,0,0,0,JE,0,0,1,0,0,0,MOVSXD,0,0,4836544,4836624,4836571,0,0,0,0,c,9.779633803971057e-11,1.0,1,0,1
0x49c249,JB,1,0,-31,2,0x49c246,CMP,1,NonLeaf,rbx(-1) rax(NEG) ,rflags ,CMP,3,NEG,3,MOV,3,NOP,5,RET_NEAR,1,LEA,4,JMP,2,INVALID,0,INVALID,0,INVALID,0,0,0,0,0,0,RET,0,0,1,0,0,0,JMP,0,0,4833856,4833834,4833867,0,0,0,0,c,5.433129891095032e-12,0.0,0,0,0
0x49c228,JNS,1,1,-57,2,0x49c21f,TEST,1,NonLeaf,eax(-1) eax(-1) ,rflags ,MOV,7,TEST,2,CALL_NEAR,5,XOR,2,NOP,5,MOV,7,ADD,4,MOV,3,POP,1,POP,1,0,0,0,0,0,JE,0,0,0,0,0,0,RET,0,0,4833823,4833775,4833834,0,0,0,0,c,5.433129891095032e-12,1.0,1,0,1
0x49c207,JS,1090,0,35,2,0x49c205,TEST,1,NonLeaf,eax(-1) eax(-1) ,rflags ,TEST,2,CALL_NEAR,5,NOP,1,JB,2,ADD,3,ADD,4,MOV,3,POP,1,POP,1,RET_NEAR,1,0,0,0,0,0,RET,0,0,0,0,0,0,RET,0,0,4833797,4833834,4833801,0,0,0,0,c,5.922111581293585e-09,0.0,0,0,0
0x49c1fd,JB,1089,0,45,2,0x49c1fa,ADD,1,NonLeaf,rdi(ADD) rbx(-1) ,rdi rflags ,ADD,3,MOV,3,JLE,2,JZ,2,CMP,4,NOP,1,CALL_NEAR,5,TEST,2,JS,2,ADD,4,0,0,0,0,0,RET,0,0,0,0,0,0,CALL,0,1,4833783,4833834,4833791,0,0,0,1,c,5.916678451402491e-09,0.0,0,1,0
0x49c1f5,JLE,1090,1,75,2,0x49c1ef,CMP,0,NonLeaf,rbp(-1) ,rflags ,JZ,2,CMP,4,JNZ,2,TEST,2,MOV,6,MOV,3,ADD,3,JB,2,NOP,1,CALL_NEAR,5,0,1,0,0,0,JB,0,0,1,0,0,0,JB,0,0,4833781,4833856,4833783,0,0,0,0,c,5.922111581293585e-09,0.0009174311926605,0,0,0
0x49c1f3,JZ,1092,2,22,2,0x49c1ef,CMP,1,NonLeaf,rbp(-1) ,rflags ,CMP,4,JNZ,2,TEST,2,MOV,6,JZ,2,JLE,2,MOV,3,ADD,3,JB,2,NOP,1,0,1,0,0,0,RET,0,0,1,0,0,0,JLE,0,0,4833775,4833801,4833781,0,0,0,0,c,5.9329778410757755e-09,0.0018315018315018,0,0,0
0x49c1ed,JNZ,1091,0,43,2,0x49c1eb,TEST,1,NonLeaf,eax(MOV) eax(MOV) ,rflags ,TEST,2,MOV,6,JZ,2,TEST,3,MOV,7,CMP,4,JZ,2,JLE,2,MOV,3,ADD,3,0,0,0,0,0,CALL,0,1,0,0,0,0,JE,0,0,4833765,4833816,4833775,0,0,1,0,c,5.92754471118468e-09,0.0,0,0,0
0x49c126,JNB,2,0,12314,6,0x49c120,CMP,1,Leaf,rax(-1) ,rflags ,CMP,6,SYSCALL,2,MOV,5,INVALID,0,INVALID,0,RET_NEAR,1,INVALID,0,INVALID,0,INVALID,0,INVALID,0,0,-1,-1,-1,-1,RET,-1,0,1,1,0,0,RET,0,0,4833568,4845888,4833580,1,0,1,0,c,1.0866259782190064e-11,0.0,0,0,0
0x49bf06,JNB,11,0,12858,6,0x49bf00,CMP,1,Leaf,rax(-1) ,rflags ,CMP,6,SYSCALL,2,MOV,5,INVALID,0,INVALID,0,RET_NEAR,1,INVALID,0,INVALID,0,INVALID,0,INVALID,0,0,-1,-1,-1,-1,RET,-1,0,1,1,0,0,RET,0,0,4833024,4845888,4833036,1,0,1,0,c,5.976442880204535e-11,0.0,0,0,0
0x49bef7,JNZ,11,0,22,2,0x49bef0,CMP,1,Leaf,rip(JNZ) ,rflags ,CMP,7,INVALID,0,INVALID,0,INVALID,0,INVALID,0,INVALID,0,INVALID,0,INVALID,0,INVALID,0,INVALID,0,0,1,1,0,0,CALL,0,1,-1,-1,-1,-1,SYSCALL,-1,1,4833008,4833037,4833017,0,0,1,0,c,5.976442880204535e-11,0.0,0,1,0
0x49bea6,JNB,1047,0,12954,6,0x49bea0,CMP,1,Leaf,rax(-1) ,rflags ,CMP,6,SYSCALL,2,MOV,5,INVALID,0,INVALID,0,RET_NEAR,1,INVALID,0,INVALID,0,INVALID,0,INVALID,0,0,-1,-1,-1,-1,RET,-1,0,1,1,0,0,RET,0,0,4832928,4845888,4832940,1,0,1,0,c,5.688486995976498e-09,0.0,0,0,0
0x49be97,JNZ,1047,0,22,2,0x49be90,CMP,1,Leaf,rip(JNZ) ,rflags ,CMP,7,INVALID,0,INVALID,0,INVALID,0,INVALID,0,INVALID,0,INVALID,0,INVALID,0,INVALID,0,INVALID,0,0,1,1,0,0,CALL,0,1,-1,-1,-1,-1,SYSCALL,-1,1,4832912,4832941,4832921,0,0,1,0,c,5.688486995976498e-09,0.0,0,1,0
0x49be46,JNB,2,0,13050,6,0x49be40,CMP,1,Leaf,rax(-1) ,rflags ,CMP,6,SYSCALL,2,MOV,5,INVALID,0,INVALID,0,RET_NEAR,1,INVALID,0,INVALID,0,INVALID,0,INVALID,0,0,-1,-1,-1,-1,RET,-1,0,1,1,0,0,RET,0,0,4832832,4845888,4832844,1,0,1,0,c,1.0866259782190064e-11,0.0,0,0,0
0x49be37,JNZ,2,0,22,2,0x49be30,CMP,1,Leaf,rip(JNZ) ,rflags ,CMP,7,INVALID,0,INVALID,0,INVALID,0,INVALID,0,INVALID,0,INVALID,0,INVALID,0,INVALID,0,INVALID,0,0,1,1,0,0,CALL,0,1,-1,-1,-1,-1,SYSCALL,-1,1,4832816,4832845,4832825,0,0,1,0,c,1.0866259782190064e-11,0.0,0,1,0
0x49bdfa,JNBE,3,0,26,2,0x49bdf4,CMP,1,Leaf,rax(-1) ,rflags ,CMP,6,SYSCALL,2,MOV,5,MOV,3,MOVSXD,3,RET_NEAR,2,NOP,2,MOV,7,MOV,7,MOV,5,0,1,0,0,0,RET,0,0,1,0,0,0,REPZ RET,0,0,4832756,4832788,4832764,1,0,1,0,c,1.6299389673285098e-11,0.0,0,0,0
0x49bde5,JNBE,3,0,27,2,0x49bde0,CMP,1,Leaf,edi(-1) ,rflags ,MOV,2,CMP,3,INVALID,0,INVALID,0,INVALID,0,MOVSXD,3,MOV,3,MOV,5,SYSCALL,2,CMP,6,0,1,0,0,0,RET,0,0,1,0,0,0,SYSCALL,0,1,4832736,4832768,4832743,0,0,1,0,c,1.6299389673285098e-11,0.0,0,0,0
0x49aeec,JNZ,2,0,-124,2,0x49aee2,CMP,1,NonLeaf,r12d(-1) ,rflags ,MOV,3,MOV,3,CMP,4,CPUID,2,MOV,5,MOVZX,4,XOR,2,JMP,5,NOP,7,SUB,6,1,1,1,0,0,CALL,0,1,1,0,0,0,JMP,0,0,4828891,4828784,4828910,0,0,1,0,c,1.0866259782190064e-11,0.0,0,0,0
0x49ae84,JNZ,2,2,148,6,0x49ae81,TEST,1,NonLeaf,rax(-1) rax(-1) ,rflags ,TEST,3,CALL_NEAR,5,MOV,2,MOV,2,MOV,3,LEA,5,MOV,3,MOV,2,MOV,2,CALL_NEAR,5,0,1,1,0,0,RET,1,0,1,0,0,0,CALL,0,1,4828801,4828952,4828810,0,0,0,1,c,1.0866259782190064e-11,1.0,1,0,1
0x49adc8,JNZ,4,3,-32,2,0x49adc5,CMP,1,NonLeaf,eax(AND) ,rflags ,CMP,3,AND,3,SHR,3,JZ,6,TEST,2,JMP,5,NOP,1,ADD,3,MOV,2,MOV,2,1,1,0,0,0,JE,0,0,1,0,0,0,JMP,1,0,4828607,4828584,4828618,0,0,0,0,c,2.173251956438013e-11,0.75,1,1,1
0x49adb9,JZ,3,0,-401,6,0x49adb7,TEST,1,NonLeaf,al(-1) ,rflags ,TEST,2,XCHG,3,CPUID,2,XCHG,3,MOV,2,SHR,3,AND,3,CMP,3,JNZ,2,JMP,5,0,0,0,0,0,XOR,1,0,0,0,1,1,JNE,0,0,4828584,4828200,4828607,0,1,0,0,c,1.6299389673285098e-11,0.0,0,0,0
0x49ad2b,JZ,2,2,213,6,0x49ad28,SUB,1,NonLeaf,ebp(SUB) r14d(-1) ,ebp rflags ,SUB,3,MOV,3,SUB,6,JNZ,2,CMP,3,AND,5,ADD,4,CMP,3,JNZ,6,SHR,4,0,1,0,0,0,JMP,0,0,1,0,0,0,JNE,0,0,4828447,4828672,4828465,0,0,0,0,c,1.0866259782190064e-11,1.0,1,0,1
0x49ad1d,JNZ,1,0,-40,2,0x49ad1a,CMP,1,NonLeaf,edx(-1) ,rflags ,CMP,3,JNZ,2,CMP,3,AND,3,SHR,3,SUB,6,MOV,3,SUB,3,JZ,6,AND,5,0,0,0,0,0,JE,0,0,0,0,0,0,JE,1,0,4828442,4828405,4828447,0,0,0,0,c,5.433129891095032e-12,0.0,0,1,0
0x49ad18,JNZ,1,0,-35,2,0x49ad15,CMP,1,NonLeaf,eax(AND) ,rflags ,CMP,3,AND,3,SHR,3,JZ,6,AND,3,CMP,3,JNZ,2,SUB,6,MOV,3,SUB,3,1,1,0,0,0,JE,0,0,1,0,0,0,JNE,0,0,4828431,4828405,4828442,0,0,0,0,c,5.433129891095032e-12,0.0,0,1,0
0x49aca5,JZ,1,1,282,6,0x49aca1,CMP,1,NonLeaf,r14d(-1) ,rflags ,CMP,4,JZ,6,CMP,4,JZ,6,CMP,4,NOP,5,ADD,3,MOV,2,MOV,2,XCHG,3,0,1,0,1,0,JNE,1,0,1,0,0,0,NOP,0,0,4828321,4828607,4828331,0,0,0,0,c,5.433129891095032e-12,1.0,1,1,1
0x49ac9b,JZ,1,0,332,6,0x49ac97,CMP,1,NonLeaf,r14d(-1) ,rflags ,CMP,4,JZ,6,CMP,4,JZ,6,CMP,4,CMP,4,JZ,6,NOP,5,ADD,3,MOV,2,0,1,0,1,0,JNE,1,0,1,0,0,0,JE,0,0,4828311,4828647,4828321,0,0,0,0,c,5.433129891095032e-12,0.0,0,0,0
0x49ac91,JZ,1,0,258,6,0x49ac8d,CMP,1,NonLeaf,r14d(-1) ,rflags ,CMP,4,JZ,6,CMP,4,JZ,6,MOV,5,CMP,4,JZ,6,CMP,4,JZ,6,NOP,5,0,1,0,1,0,JNE,1,0,1,0,0,0,JE,0,0,4828301,4828563,4828311,0,0,0,0,c,5.433129891095032e-12,0.0,0,0,0
0x49ac87,JZ,2,1,136,6,0x49ac83,CMP,1,NonLeaf,r14d(-1) ,rflags ,CMP,4,JZ,6,MOV,5,TEST,3,XOR,2,CMP,4,JZ,6,CMP,4,JZ,6,CMP,4,0,1,0,1,0,JNE,1,0,1,0,0,0,JE,0,0,4828291,4828431,4828301,0,0,0,0,c,1.0866259782190064e-11,0.5,0,0,0
0x49ac7d,JZ,2,0,237,6,0x49ac75,TEST,1,NonLeaf,r14d(-1) r14d(-1) ,rflags ,MOV,5,TEST,3,XOR,2,JZ,2,AND,3,CMP,4,JZ,6,CMP,4,JZ,6,CMP,4,0,1,0,1,0,JNE,1,0,1,0,0,0,JE,0,0,4828275,4828522,4828291,0,0,0,0,c,1.0866259782190064e-11,0.0,0,0,0
0x49ac71,JZ,2,0,-73,2,0x49ac6e,AND,1,NonLeaf,edx(AND) ,edx rflags ,AND,3,MOV,2,XCHG,3,CPUID,2,XCHG,3,XOR,2,TEST,3,MOV,5,JZ,6,CMP,4,0,0,0,0,0,XOR,1,0,1,0,0,0,JE,0,0,4828256,4828200,4828275,0,0,0,0,c,1.0866259782190064e-11,0.0,0,1,0
0x49ac17,JNZ,4,4,-119,2,0x49ac14,CMP,1,NonLeaf,eax(MOVZX) ,rflags ,CMP,3,MOVZX,3,JZ,2,TEST,2,SHR,3,CMP,4,MOV,5,JNZ,2,NOP,4,XOR,2,1,1,0,0,0,JE,0,0,1,0,0,0,JNE,0,0,4828177,4828064,4828185,0,0,0,1,c,2.173251956438013e-11,1.0,1,0,1
0x49ac0f,JZ,2,0,25,2,0x49ac0d,TEST,1,NonLeaf,ebx(SHR) ebx(SHR) ,rflags ,TEST,2,SHR,3,JZ,2,CMP,3,JZ,6,MOVZX,3,CMP,3,JNZ,2,CMP,4,MOV,5,0,0,0,0,0,XOR,1,0,0,0,1,1,JNE,0,0,4828170,4828200,4828177,0,0,0,0,c,1.0866259782190064e-11,0.0,0,0,0
0x49abf3,JZ,2,2,23,2,0x49abf0,TEST,1,NonLeaf,rax(-1) rax(-1) ,rflags ,TEST,3,CALL_NEAR,5,MOV,3,MOV,3,MOV,5,MOVZX,4,MOVZX,3,CMP,3,JZ,6,CMP,3,0,0,0,0,0,JE,0,0,1,0,0,0,JE,0,0,4828144,4828170,4828149,0,0,0,0,c,1.0866259782190064e-11,1.0,1,0,1
0x49abb0,JNZ,2,2,32,2,0x49abab,CMP,1,NonLeaf,eax(-1) ,rflags ,NOP,2,CMP,3,JZ,6,CMP,5,NOP,1,CMP,4,JNZ,2,CMP,7,JNZ,2,CMP,7,0,1,1,0,0,CALL,0,1,1,0,0,0,JNE,0,0,4828075,4828112,4828082,0,0,1,0,c,1.0866259782190064e-11,1.0,1,0,1
0x49aba5,JZ,4,2,187,6,0x49aba0,CMP,1,NonLeaf,eax(-1) ,rflags ,CMP,5,NOP,1,JMP,5,JNZ,2,LEA,4,CMP,3,NOP,2,JNZ,2,CMP,4,JNZ,2,0,1,0,0,0,JE,1,0,1,0,0,0,JNE,0,0,4828064,4828256,4828075,0,0,0,0,c,2.173251956438013e-11,0.5,0,0,0
0x49ab98,JNZ,2,2,121,2,0x49ab92,TEST,1,NonLeaf,esi(-1) esi(-1) ,rflags ,LEA,4,TEST,2,SUB,2,IMUL,2,SAR,3,JMP,5,NOP,1,CMP,5,JZ,6,CMP,3,0,1,0,1,0,JNE,0,0,1,0,0,0,JMP,1,0,4828022,4828177,4828058,0,0,0,0,c,1.0866259782190064e-11,1.0,1,1,1
0x49ab70,JS,2,0,184,6,0x49ab6e,TEST,1,NonLeaf,esi(-1) esi(-1) ,rflags ,TEST,2,SUB,4,MOV,2,PUSH,1,PUSH,1,MOV,3,LEA,6,MOV,3,MOV,5,MOV,2,0,1,0,0,0,XOR,1,0,1,0,0,0,JNE,0,0,4828000,4828200,4828022,0,0,0,0,c,1.0866259782190064e-11,0.0,0,0,0
0x49a9d5,JZ,14,0,11,2,0x49a9d3,CMP,1,Leaf,rdi(-1) al(MOVZX) ,rflags ,CMP,2,MOVZX,3,INVALID,0,INVALID,0,INVALID,0,SBB,2,OR,3,RET_NEAR,1,NOP,3,XOR,2,0,1,0,0,0,RET,0,0,1,0,0,0,RET,0,0,4827600,4827616,4827607,0,0,0,0,c,7.606381847533045e-11,0.0,0,0,0
0x49a46e,JNZ,19032,19032,106,2,0x49a469,CMP,1,NonLeaf,r12(-1) ,rflags ,CMP,5,JNZ,2,TEST,2,AND,3,SETZ,3,TEST,3,JNZ,2,MOV,3,LEA,4,SUB,3,0,0,0,0,0,XOR,0,0,0,0,0,0,JNE,0,0,4826217,4826328,4826224,0,0,0,0,c,1.0340332808732065e-07,1.0,1,0,1
0x49a426,JZ,19032,19032,1392,6,0x49a424,TEST,1,NonLeaf,dl(MOVZX) dl(MOVZX) ,rflags ,TEST,2,MOVZX,3,SUB,4,PUSH,1,MOV,3,MOVZX,3,TEST,2,JZ,6,MOV,3,MOV,3,0,1,0,0,0,JMP,0,0,1,0,0,0,JE,0,0,4826128,4827542,4826156,0,0,0,0,c,1.0340332808732065e-07,1.0,1,0,1
0x4958b4,JNZ,1,1,588,6,0x4958b1,TEST,1,Leaf,rdx(SHR) rdx(SHR) ,rflags ,TEST,3,SHR,3,PMOVMSKB,4,PCMPEQB,4,PXOR,4,PCMPEQB,5,PMOVMSKB,4,TEST,3,JNZ,6,MOVDQU,5,0,1,0,0,0,JMP,1,0,1,0,0,0,JNE,0,0,4806806,4807424,4806842,1,0,0,0,c,5.433129891095032e-12,1.0,1,0,1
0x495890,JBE,1,0,531,6,0x49588c,CMP,1,Leaf,rcx(AND) ,rflags ,CMP,4,AND,4,MOV,3,MOV,3,LEA,4,AND,4,AND,4,PXOR,4,PXOR,4,PCMPEQB,4,0,1,0,0,0,JNE,0,0,1,0,0,0,JNE,0,0,4806782,4807331,4806806,0,1,0,0,c,5.433129891095032e-12,0.0,0,0,0
0x4955e2,JNZ,1,1,593,6,0x4955e0,TEST,1,Leaf,edx(PMOVMSKB) edx(PMOVMSKB) ,rflags ,TEST,2,PMOVMSKB,4,PCMPEQB,4,MOVDQU,4,JNBE,2,MOV,3,AND,4,JMP,2,MOV,3,AND,4,0,0,0,0,0,JMP,1,0,1,0,0,0,JMP,0,0,4806100,4806707,4806120,1,0,0,0,c,5.433129891095032e-12,1.0,1,0,1
0x4955d2,JNBE,1,0,31,2,0x4955cf,CMP,1,Leaf,ecx(AND) ,rflags ,CMP,3,PXOR,4,AND,3,MOV,2,XOR,3,MOVDQU,4,PCMPEQB,4,PMOVMSKB,4,TEST,2,JNZ,6,0,1,0,0,0,JNE,0,0,1,0,0,0,JNE,0,0,4806080,4806129,4806100,1,0,0,0,c,5.433129891095032e-12,0.0,0,0,0
0x494b2f,JNZ,76120,0,-158,6,0x494b2c,TEST,1,Leaf,rdx(-1) rdx(-1) ,rflags ,TEST,3,SUB,4,ADD,4,ADD,4,NOP,3,LEA,7,MOVSXD,4,LEA,4,JMP,2,NOP,10,0,1,0,0,0,JB,0,0,1,0,0,0,JMP,0,0,4803372,4803217,4803381,1,0,0,0,c,4.1356984731015386e-07,0.0,0,0,0
0x494b03,JNZ,38062,2,-143,6,0x494b00,TEST,1,Leaf,rdx(-1) rdx(-1) ,rflags ,TEST,3,NOP,3,JMP,2,LEA,4,MOVSXD,4,ADD,3,LEA,7,MOVSXD,4,LEA,4,JMP,2,0,1,0,0,0,JB,0,0,1,0,0,0,JMP,0,0,4803328,4803188,4803337,1,0,0,0,c,2.067957899148591e-07,5.254584625085387e-05,0,0,0
0x494ae3,JNZ,38060,0,-147,6,0x494ae0,TEST,1,Leaf,rdx(-1) rdx(-1) ,rflags ,TEST,3,NOP,10,NOP,2,JMP,2,LEA,4,ADD,3,LEA,7,MOVSXD,4,LEA,4,JMP,2,0,1,0,0,0,JB,0,0,1,0,0,0,JMP,0,0,4803296,4803152,4803305,1,0,0,0,c,2.0678492365507693e-07,0.0,0,0,0
0x494a7e,JB,2,0,-126,2,0x494a7b,CMP,1,Leaf,rdx(BSF) r8(-1) ,rflags ,CMP,3,BSF,4,ADD,3,JMP,2,LEA,4,LEA,7,MOVSXD,4,LEA,4,JMP,2,BSF,4,0,0,0,0,0,JMP,0,0,1,0,0,0,JMP,0,0,4803188,4803072,4803200,0,0,0,0,c,1.0866259782190064e-11,0.0,0,0,0
0x494894,JBE,76120,76120,664,6,0x494890,CMP,1,Leaf,r8(-1) ,rflags ,CMP,4,PMOVMSKB,4,PCMPEQB,4,MOVDQU,5,MOVDQU,4,TEST,3,JNZ,2,PCMPEQB,4,MOVDQU,4,PMOVMSKB,4,0,1,0,0,0,JNE,1,0,1,0,0,0,JNE,0,0,4802683,4803372,4802714,0,0,0,0,c,4.1356984731015386e-07,1.0,1,0,1
0x494647,JBE,38060,38060,1177,6,0x494644,CMP,1,Leaf,r8(-1) r10(ADD) ,rflags ,CMP,3,ADD,4,PMOVMSKB,4,PCMPEQB,5,JNZ,6,TEST,3,JNZ,6,MOVDQU,5,MOVDQU,4,NOP,1,0,1,0,0,0,JNE,1,0,1,0,0,0,JNE,0,0,4802103,4803296,4802125,0,0,0,0,c,2.0678492365507693e-07,1.0,1,0,1
0x494631,JNZ,38060,0,671,6,0x49462e,TEST,1,Leaf,rdx(-1) rdx(-1) ,rflags ,TEST,3,JBE,6,CMP,3,SUB,3,MOV,7,PCMPEQB,5,PMOVMSKB,4,ADD,4,CMP,3,JBE,6,0,1,0,0,0,JMP,1,0,1,0,0,0,JBE,0,0,4802094,4802768,4802103,1,0,0,0,c,2.0678492365507693e-07,0.0,0,0,0
0x494628,JBE,76122,38062,1240,6,0x494625,CMP,1,Leaf,r8(-1) r10(SUB) ,rflags ,CMP,3,SUB,3,MOV,7,SHR,3,PMOVMSKB,4,TEST,3,JNZ,6,PCMPEQB,5,PMOVMSKB,4,ADD,4,0,1,0,0,0,JNE,1,0,1,0,0,0,JNE,0,0,4802048,4803328,4802094,0,0,0,0,c,4.1358071356993604e-07,0.500013136806705,1,0,1
0x4945fa,JBE,152242,76120,641,6,0x4945f6,CMP,1,Leaf,rcx(AND) ,rflags ,CMP,4,AND,4,MOV,3,MOV,3,JZ,6,AND,4,AND,4,PXOR,4,PXOR,4,PCMPEQB,4,0,1,0,0,0,JBE,0,0,1,0,0,0,JBE,0,0,4802028,4802683,4802048,0,1,0,0,c,8.271505608800899e-07,0.4999934315103585,0,0,0
0x4945e6,JZ,152242,0,4042,6,0x4945e3,TEST,1,Leaf,r8(MOV) r8(MOV) ,rflags ,TEST,3,MOV,3,INVALID,0,INVALID,0,INVALID,0,MOV,3,MOV,3,AND,4,CMP,4,JBE,6,0,1,0,0,0,RET,1,0,1,0,0,0,JBE,0,0,4802016,4806064,4802028,0,0,0,0,c,8.271505608800899e-07,0.0,0,0,0
0x4941eb,JNZ,31857,31857,109,2,0x4941e8,TEST,1,Leaf,rdx(PMOVMSKB) rdx(PMOVMSKB) ,rflags ,TEST,3,PMOVMSKB,4,PCMPEQB,4,MOVDQU,5,MOVDQU,4,PCMPEQB,4,MOVDQU,4,PMOVMSKB,4,TEST,3,JNZ,2,0,1,0,0,0,JMP,1,0,1,0,0,0,JNE,0,0,4800979,4801112,4801005,1,0,0,1,c,1.7308321894061446e-07,1.0,1,0,1
0x493fe2,JNZ,11017,11017,590,6,0x493fdf,TEST,1,Leaf,rdx(SHR) rdx(SHR) ,rflags ,TEST,3,SHR,3,PMOVMSKB,4,PCMPEQB,4,PXOR,4,PCMPEQB,5,PMOVMSKB,4,TEST,3,JNZ,6,MOVDQU,5,0,1,0,0,0,JMP,1,0,1,0,0,0,JNE,0,0,4800452,4801072,4800488,1,0,0,0,c,5.985679201019398e-08,1.0,1,0,1
0x493fbe,JBE,42874,31857,533,6,0x493fba,CMP,1,Leaf,rcx(AND) ,rflags ,CMP,4,AND,4,MOV,3,MOV,3,INVALID,0,AND,4,AND,4,PXOR,4,PXOR,4,PCMPEQB,4,0,1,0,0,0,JNE,0,0,1,0,0,0,JNE,0,0,4800432,4800979,4800452,0,1,0,0,c,2.329400109508084e-07,0.7430377384895275,1,0,1
0x48ab45,JNB,359540,0,27,2,0x48ab3e,CMP,1,Leaf,rdx(-1) ,rflags ,CMP,7,UD2,2,JMP,2,LEA,4,MOVSXD,4,ADD,3,ADD,3,LEA,7,MOVSXD,4,LEA,4,0,1,0,0,0,JE,0,0,1,0,0,0,JMP,1,0,4762430,4762464,4762439,1,1,0,0,c,1.953427521044308e-06,0.0,0,1,0
0x48ab16,JB,359540,359540,40,2,0x48ab13,CMP,1,Leaf,rdi(-1) rsi(-1) ,rflags ,CMP,3,MOV,3,INVALID,0,INVALID,0,INVALID,0,JZ,6,CMP,7,JNB,6,LEA,7,MOVSXD,4,0,1,0,0,0,JAE,1,0,1,0,0,0,JE,1,0,4762384,4762430,4762392,0,0,0,0,c,1.953427521044308e-06,1.0,1,0,1
0x4c3ba5,JZ,76714,0,22051,6,0x4c3b9e,CMP,1,NonLeaf,rdx(MOV) rbp(-1) ,rflags ,CMP,7,MOV,7,JNZ,6,AND,4,CALL_NEAR,5,MOV,7,TEST,3,JNZ,6,MOV,6,CMP,3,0,0,0,0,0,JMP,1,0,1,0,0,0,JNE,0,0,4995991,5018056,4996011,0,0,0,0,c,4.167971264654643e-07,0.0,0,0,0
0x4c2c95,JZ,76714,76714,-4552,6,0x4c2c8d,CMP,1,NonLeaf,rax(MOV) ,rflags ,LEA,4,CMP,4,MOV,7,JNZ,6,CMP,2,MOV,7,MOV,4,CMP,4,JNB,6,LEA,4,0,0,0,0,0,JE,0,0,1,0,0,0,MOV,0,0,4992134,4987597,4992155,0,0,0,0,c,4.167971264654643e-07,1.0,1,0,1
0x485444,JZ,8,0,-30,2,0x485442,OR,1,Leaf,ecx(OR) edx(PMOVMSKB) ,ecx rflags ,OR,2,PMOVMSKB,4,PMOVMSKB,4,PCMPEQB,4,PCMPEQB,4,BSF,3,LEA,5,RET_NEAR,1,INVALID,0,INVALID,0,1,1,1,1,1,JE,0,0,0,1,0,0,RET,1,0,4740134,4740134,4740166,0,1,0,0,c,4.346503912876026e-11,0.0,0,1,0
0x485424,JNZ,39,31,34,2,0x485422,AND,1,Leaf,ecx(AND) esi(SHL) ,ecx rflags ,AND,2,OR,2,PMOVMSKB,4,PMOVMSKB,4,SHL,2,MOVDQA,4,LEA,4,MOVDQA,4,PCMPEQB,4,PCMPEQB,4,0,1,1,0,0,RET,1,0,1,0,1,0,JE,0,0,4740064,4740166,4740134,0,0,0,0,c,2.1189206575270623e-10,0.7948717948717948,1,0,1
0x485251,JNZ,19030,19030,239,6,0x48524f,TEST,1,Leaf,eax(PMOVMSKB) eax(PMOVMSKB) ,rflags ,TEST,2,PMOVMSKB,4,ADD,4,PCMPEQB,4,MOVDQA,5,TEST,7,JZ,2,MOVDQA,4,PCMPEQB,4,PMOVMSKB,4,0,1,0,0,0,RET,1,0,1,0,0,0,JE,0,0,4739646,4739904,4739671,1,0,0,0,c,1.0339246182753849e-07,1.0,1,0,1
0x485238,JNZ,19030,0,312,6,0x485236,TEST,1,Leaf,eax(PMOVMSKB) eax(PMOVMSKB) ,rflags ,TEST,2,PMOVMSKB,4,PCMPEQB,4,MOVDQA,5,JNZ,6,MOVDQA,5,PCMPEQB,4,ADD,4,PMOVMSKB,4,TEST,2,0,1,0,0,0,RET,1,0,1,0,0,0,JNE,0,0,4739625,4739952,4739646,1,0,0,0,c,1.0339246182753849e-07,0.0,0,1,0
0x485223,JNZ,19030,0,317,6,0x485221,TEST,1,Leaf,eax(PMOVMSKB) eax(PMOVMSKB) ,rflags ,TEST,2,PMOVMSKB,4,PCMPEQB,4,MOVDQA,5,JNZ,6,MOVDQA,5,PCMPEQB,4,PMOVMSKB,4,TEST,2,JNZ,6,0,1,0,0,0,RET,1,0,1,0,0,0,JNE,0,0,4739604,4739936,4739625,1,0,0,0,c,1.0339246182753849e-07,0.0,0,0,0
0x48520e,JNZ,19030,0,322,6,0x48520c,TEST,1,Leaf,eax(PMOVMSKB) eax(PMOVMSKB) ,rflags ,TEST,2,PMOVMSKB,4,PCMPEQB,4,MOVDQA,4,NOP,10,MOVDQA,5,PCMPEQB,4,PMOVMSKB,4,TEST,2,JNZ,6,0,0,0,0,0,RET,1,0,1,0,0,0,JNE,0,0,4739584,4739920,4739604,1,0,0,0,c,1.0339246182753849e-07,0.0,0,1,0
0x4851ad,JNZ,19030,0,419,6,0x4851ab,TEST,1,Leaf,eax(PMOVMSKB) eax(PMOVMSKB) ,rflags ,TEST,2,PMOVMSKB,4,PCMPEQB,4,MOVDQU,4,JNBE,2,ADD,4,AND,4,JMP,2,NOP,3,AND,4,0,0,0,0,0,RET,1,0,1,0,0,0,JMP,0,0,4739487,4739920,4739507,1,0,0,0,c,1.0339246182753849e-07,0.0,0,0,0
0x48519d,JNBE,19030,0,35,2,0x485199,CMP,1,Leaf,rcx(AND) ,rflags ,CMP,4,PSHUFD,5,AND,4,PUNPCKLBW,4,PUNPCKLBW,4,MOVDQU,4,PCMPEQB,4,PMOVMSKB,4,TEST,2,JNZ,6,0,1,0,0,0,JE,0,0,1,0,0,0,JNE,0,0,4739456,4739520,4739487,1,0,0,0,c,1.0339246182753849e-07,0.0,0,1,0
0x4848d8,JNZ,19066,19019,-303,6,0x4848d0,AND,1,Leaf,edx(AND) ,edx rflags ,MOV,5,AND,3,NOP,10,NOP,2,JNZ,2,RET_NEAR,2,MOV,7,CMP,3,CMOVNBE,4,MOV,3,0,0,0,0,0,JE,0,0,1,0,0,0,REPZ RET,1,0,4737232,4736937,4737246,0,0,0,0,c,1.0358805450361789e-07,0.9975348788419176,1,1,1
0x4848c2,JNZ,18896,0,-82,2,0x48489a,DEC,1,Leaf,ecx(DEC) ,ecx rflags ,LEA,4,LEA,4,MOV,4,MOV,4,MOV,4,NOP,2,NOP,10,AND,3,MOV,5,JNZ,6,0,0,0,1,1,JE,0,0,1,0,0,0,NOP,1,0,4737178,4737136,4737220,1,0,1,0,c,1.0266442242213173e-07,0.0,0,1,0
0x484898,JZ,19051,155,56,2,0x484870,DEC,1,Leaf,ecx(DEC) ,ecx rflags ,LEA,4,LEA,4,MOV,4,MOV,4,MOV,4,DEC,2,MOV,3,MOV,4,MOV,4,MOV,4,1,0,1,0,0,JNE,1,0,1,0,0,0,JNE,0,0,4737136,4737232,4737178,0,1,0,1,c,1.0350655755525145e-07,0.0081360558500866,0,0,0
0x48486e,JZ,19066,15,98,2,0x48486b,SHR,1,Leaf,ecx(SHR) ,ecx rflags ,SHR,3,MOV,2,JNBE,2,CMP,7,NOP,10,DEC,2,MOV,3,MOV,4,MOV,4,MOV,4,0,1,1,0,0,JNE,0,0,1,0,1,0,JE,0,0,4737129,4737232,4737136,0,1,0,1,c,1.0358805450361789e-07,0.0007867407951326,0,0,0
0x484867,JNBE,19066,0,121,2,0x484860,CMP,1,Leaf,rdx(-1) ,rflags ,CMP,7,NOP,10,NOP,5,JNZ,2,LEA,4,MOV,2,SHR,3,JZ,2,DEC,2,MOV,3,0,1,0,0,0,JE,0,0,1,0,0,0,JE,1,0,4737120,4737248,4737129,0,0,0,0,c,1.0358805450361789e-07,0.0,0,0,0
0x48482a,JZ,19066,4737,54,2,0x484827,AND,1,Leaf,ecx(AND) ,ecx rflags ,AND,3,MOV,2,MOV,5,NOP,3,RET_NEAR,2,LEA,5,SUB,3,NOP,2,NOP,10,MOVZX,3,0,1,1,0,0,JA,1,0,1,0,0,0,NOP,0,0,4737056,4737120,4737068,0,1,0,0,c,1.0358805450361789e-07,0.2484527431029057,0,1,0
0x484819,JNZ,183,0,-25,2,0x48480e,SUB,1,Leaf,edx(SUB) ,edx rflags ,LEA,4,LEA,4,SUB,3,MOV,4,MOV,3,RET_NEAR,2,NOP,3,MOV,5,MOV,2,AND,3,1,1,1,1,1,JNE,0,0,0,1,0,0,REPZ RET,1,0,4737024,4737024,4737051,1,0,1,0,c,9.94262770070391e-10,0.0,0,1,0
0x4847fa,JZ,321756,321573,33,2,0x4847f4,AND,1,Leaf,edx(AND) ,edx rflags ,AND,6,ADD,4,ADD,4,MOV,3,MOV,3,NOP,4,MOV,3,MOV,4,MOV,3,MOV,4,0,1,1,0,0,REPZ RET,1,0,1,0,0,0,NOP,0,0,4737012,4737051,4737020,0,0,0,0,c,1.7481421412391732e-06,0.99943124603737,1,1,1
0x4847e4,JZ,321756,2561,16,2,0x4847e1,TEST,1,Leaf,dl(-1) ,rflags ,TEST,3,ADD,4,ADD,4,MOV,2,MOV,2,MOV,3,MOV,3,ADD,4,ADD,4,AND,6,0,1,1,0,0,JE,0,0,1,0,0,0,ADD,0,0,4736993,4737012,4736998,1,0,0,1,c,1.7481421412391732e-06,0.0079594475316699,0,0,0
0x4847d3,JZ,321756,309791,14,2,0x4847d0,TEST,1,Leaf,dl(-1) ,rflags ,TEST,3,NOP,4,ADD,4,ADD,4,MOV,3,MOV,2,MOV,2,ADD,4,ADD,4,TEST,3,0,1,1,0,0,JE,0,0,1,0,0,0,ADD,0,0,4736976,4736993,4736981,0,0,0,1,c,1.7481421412391732e-06,0.9628134362684768,1,0,1
0x4847bc,JZ,321756,310996,20,2,0x4847b9,TEST,1,Leaf,dl(-1) ,rflags ,TEST,3,INC,3,INC,3,MOV,2,MOVZX,3,MOVZX,3,MOV,3,ADD,4,ADD,4,NOP,4,0,1,1,0,0,JE,0,0,1,0,0,0,NOP,0,0,4736953,4736976,4736958,0,0,0,1,c,1.7481421412391732e-06,0.9665585101754124,1,0,1
0x4847ac,JZ,321756,320487,13,2,0x4847a9,TEST,1,Leaf,dl(-1) ,rflags ,TEST,3,JNB,2,MOV,3,CMP,4,INVALID,0,MOVZX,3,MOV,2,INC,3,INC,3,TEST,3,0,1,1,0,0,JE,0,0,1,0,0,0,INC,0,0,4736937,4736953,4736942,0,0,0,1,c,1.7481421412391732e-06,0.9960560176034012,1,1,1
0x4847a7,JNB,321803,19066,121,2,0x4847a0,CMP,1,Leaf,rdx(-1) ,rflags ,MOV,3,CMP,4,INVALID,0,INVALID,0,INVALID,0,TEST,3,JZ,2,MOVZX,3,MOV,2,INC,3,0,1,0,0,0,JE,0,0,1,0,0,0,JE,1,0,4736928,4737056,4736937,0,0,1,0,c,1.7483974983440547e-06,0.0592474277741351,0,0,0
0x4c0e6b,JNZ,3956321,3170358,-51,2,0x4c0e65,TEST,1,NonLeaf,r9(MOV) rdi(MOVSXD) ,rflags ,TEST,6,MOVSXD,3,MOV,4,ADD,4,MOVZX,3,CMP,3,MOV,6,MOV,5,MOV,2,MOV,7,0,0,0,1,1,JE,0,0,1,0,0,0,JE,1,0,4984414,4984376,4984429,0,0,0,1,c,2.149520588386699e-05,0.8013399317193929,1,1,1
0x4c0bb9,JZ,394436,394436,1047,6,0x4c0bb6,TEST,1,NonLeaf,r13d(-1) r13d(-1) ,rflags ,TEST,3,XOR,2,MOV,3,JNZ,6,TEST,3,MOV,3,MOV,7,MOV,7,JMP,2,NOP,6,0,0,1,0,0,JE,0,0,1,0,0,0,JMP,0,0,4983729,4984784,4983743,0,0,0,0,c,2.14302202172396e-06,1.0,1,0,1
0x4fd2c4,JZ,1,0,204,6,0x4fd2c2,TEST,1,NonLeaf,eax(MOV) eax(MOV) ,rflags ,TEST,2,MOV,2,JZ,6,PUSH,1,MOV,3,MOV,7,TEST,3,JZ,2,LEA,7,CALL_NEAR,5,0,0,0,0,0,RET,0,0,1,0,0,0,JE,0,0,5231296,5231504,5231306,0,0,0,0,c,5.433129891095032e-12,0.0,0,0,0
0x47e413,JNZ,3,2,-285,6,0x47e410,AND,1,Leaf,edx(AND) ,edx rflags ,AND,3,NOP,10,NOP,2,JNZ,2,LEA,4,MOV,3,RET_NEAR,1,NOP,3,MOV,7,CMP,3,0,0,0,0,0,JE,0,0,1,0,0,0,RET,1,0,4711440,4711158,4711449,0,0,0,0,c,1.6299389673285098e-11,0.6666666666666666,1,1,1
0x47e402,JNZ,2,0,-82,2,0x47e3da,DEC,1,Leaf,ecx(DEC) ,ecx rflags ,LEA,4,LEA,4,MOV,4,MOV,4,MOV,4,NOP,2,NOP,10,AND,3,JNZ,6,MOV,3,0,0,0,1,1,JE,0,0,1,0,0,0,NOP,1,0,4711386,4711344,4711428,1,0,1,0,c,1.0866259782190064e-11,0.0,0,1,0
0x47e3d8,JZ,3,1,56,2,0x47e3b0,DEC,1,Leaf,ecx(DEC) ,ecx rflags ,LEA,4,LEA,4,MOV,4,MOV,4,MOV,4,DEC,2,MOV,3,MOV,4,MOV,4,MOV,4,1,0,1,0,0,JNE,1,0,1,0,0,0,JNE,0,0,4711344,4711440,4711386,0,1,0,1,c,1.6299389673285098e-11,0.3333333333333333,0,0,0
0x47e3ae,JZ,3,0,98,2,0x47e3ab,SHR,1,Leaf,ecx(SHR) ,ecx rflags ,SHR,3,MOV,2,JNBE,2,CMP,7,NOP,10,DEC,2,MOV,3,MOV,4,MOV,4,MOV,4,0,1,1,0,0,JNE,0,0,1,0,1,0,JE,0,0,4711337,4711440,4711344,0,1,0,1,c,1.6299389673285098e-11,0.0,0,0,0
0x47e3a7,JNBE,3,0,121,2,0x47e3a0,CMP,1,Leaf,rdx(-1) ,rflags ,CMP,7,NOP,10,NOP,5,JNZ,2,LEA,4,MOV,2,SHR,3,JZ,2,DEC,2,MOV,3,0,1,0,0,0,JE,0,0,1,0,0,0,JE,1,0,4711328,4711456,4711337,0,0,0,0,c,1.6299389673285098e-11,0.0,0,0,0
0x47e375,JZ,3,3,43,2,0x47e372,AND,1,Leaf,ecx(AND) ,ecx rflags ,AND,3,MOV,2,NOP,1,RET_NEAR,1,MOV,3,LEA,5,SUB,3,NOP,1,MOVZX,3,MOV,2,0,1,1,0,0,JA,1,0,1,0,0,0,NOP,0,0,4711280,4711328,4711287,0,1,0,0,c,1.6299389673285098e-11,1.0,1,1,1
0x47e369,JNZ,13,0,-25,2,0x47e35e,SUB,1,Leaf,edx(SUB) ,edx rflags ,LEA,4,LEA,4,SUB,3,MOV,4,MOV,3,MOV,3,RET_NEAR,1,NOP,1,MOV,2,AND,3,1,1,1,1,1,JNE,0,0,0,1,0,0,RET,1,0,4711248,4711248,4711275,1,0,1,0,c,7.063068858423542e-11,0.0,0,1,0
0x47e346,JZ,68,55,37,2,0x47e340,AND,1,Leaf,edx(AND) ,edx rflags ,AND,6,NOP,3,ADD,4,ADD,4,MOV,3,NOP,8,MOV,3,MOV,4,MOV,3,MOV,4,0,1,1,0,0,RET,1,0,1,0,0,0,NOP,0,0,4711232,4711275,4711240,0,0,0,0,c,3.694528325944621e-10,0.8088235294117647,1,1,1
0x47e32d,JZ,68,63,19,2,0x47e32a,TEST,1,Leaf,dl(-1) ,rflags ,TEST,3,ADD,4,ADD,4,MOV,2,MOV,2,MOV,3,MOV,3,ADD,4,ADD,4,NOP,3,0,1,1,0,0,JE,0,0,1,0,0,0,NOP,0,0,4711210,4711232,4711215,1,0,0,1,c,3.694528325944621e-10,0.9264705882352942,1,0,1
0x47e31c,JZ,68,54,14,2,0x47e319,TEST,1,Leaf,dl(-1) ,rflags ,TEST,3,ADD,4,ADD,4,MOV,3,MOVZX,3,MOV,2,MOV,2,ADD,4,ADD,4,TEST,3,0,1,1,0,0,JE,0,0,1,0,0,0,ADD,0,0,4711193,4711210,4711198,0,0,0,1,c,3.694528325944621e-10,0.7941176470588235,1,0,1
0x47e309,JZ,68,44,16,2,0x47e306,TEST,1,Leaf,dl(-1) ,rflags ,TEST,3,INC,3,INC,3,MOV,2,MOVZX,3,MOVZX,3,MOV,3,ADD,4,ADD,4,TEST,3,0,1,1,0,0,JE,0,0,1,0,0,0,ADD,0,0,4711174,4711193,4711179,0,0,0,1,c,3.694528325944621e-10,0.6470588235294118,1,0,1
0x47e2f9,JZ,68,15,13,2,0x47e2f6,TEST,1,Leaf,dl(-1) ,rflags ,TEST,3,JNB,2,CMP,4,INVALID,0,INVALID,0,MOVZX,3,MOV,2,INC,3,INC,3,TEST,3,0,1,1,0,0,JE,0,0,1,0,0,0,INC,0,0,4711158,4711174,4711163,0,0,0,1,c,3.694528325944621e-10,0.2205882352941176,0,1,0
0x47e2f4,JNB,69,3,124,2,0x47e2f0,CMP,1,Leaf,rdx(-1) ,rflags ,CMP,4,INVALID,0,INVALID,0,INVALID,0,INVALID,0,TEST,3,JZ,2,MOVZX,3,MOV,2,INC,3,0,1,0,0,0,JE,0,0,1,0,0,0,JE,1,0,4711152,4711280,4711158,0,0,0,0,c,3.7488596248555716e-10,0.0434782608695652,0,0,0
0x47e2cb,JZ,19030,0,-161,6,0x47e2c8,TEST,1,Leaf,dl(-1) ,rflags ,TEST,3,MOV,2,JZ,2,TEST,3,JNZ,2,MOV,5,RET_NEAR,1,MOV,2,MOV,4,RET_NEAR,1,0,0,0,0,0,REPZ RET,0,0,1,0,0,0,RET,0,0,4711112,4710954,4711121,0,0,0,1,c,1.0339246182753849e-07,0.0,0,0,0
0x47e2c4,JZ,19030,19030,4,2,0x47e2c1,TEST,1,Leaf,dl(-1) ,rflags ,TEST,3,JNZ,2,TEST,3,JNZ,2,TEST,3,MOV,2,TEST,3,JZ,6,MOV,5,RET_NEAR,1,0,1,1,0,0,JE,0,0,1,0,0,0,MOV,0,0,4711105,4711112,4711110,0,0,0,1,c,1.0339246182753849e-07,1.0,1,0,1
0x47e2bf,JNZ,19030,0,24,2,0x47e2bc,TEST,1,Leaf,dl(-1) ,rflags ,TEST,3,JNZ,2,TEST,3,MOVQ,5,RET_NEAR,2,TEST,3,JZ,2,MOV,2,TEST,3,JZ,6,0,1,0,0,0,RET,0,0,1,0,0,0,JE,0,0,4711100,4711127,4711105,0,0,1,0,c,1.0339246182753849e-07,0.0,0,0,0
0x47e2ba,JNZ,277162,258132,36,2,0x47e2b7,TEST,1,Leaf,dl(-1) ,rflags ,TEST,3,MOVQ,5,RET_NEAR,2,JNZ,2,CMP,3,TEST,3,JNZ,2,TEST,3,JZ,2,MOV,2,0,1,0,0,0,RET,0,0,1,0,0,0,JNE,0,0,4711090,4711134,4711100,0,0,1,0,c,1.5058571468756811e-06,0.9313397940554622,1,0,1
0x47e2ae,JNZ,2069611,2069235,-30,2,0x47e2ab,CMP,1,Leaf,rdx(-1) rcx(ADD) ,rflags ,CMP,3,ADD,4,MOVDQA,6,MOVDQA,6,MOVDQA,6,RET_NEAR,2,MOVQ,5,TEST,3,JNZ,2,TEST,3,1,1,1,1,1,JNE,0,0,1,1,0,0,REPZ RET,1,0,4711056,4711056,4711088,1,0,1,0,c,1.124446538703908e-05,0.9998183233467546,1,1,1
0x47e285,JZ,378,2,-91,2,0x47e282,CMP,1,Leaf,rcx(AND) rdx(AND) ,rflags ,CMP,3,AND,4,ADD,3,MOVDQU,7,MOVDQU,6,NOP,9,MOVDQA,5,MOVDQA,6,MOVDQA,6,MOVDQA,6,0,0,0,0,0,REPZ RET,1,0,1,0,0,0,NOP,0,0,4710976,4710954,4711047,0,0,0,0,c,2.0537230988339222e-09,0.0052910052910052,0,0,0
0x47e228,JNBE,313418,227910,8,2,0x47e218,CMP,1,Leaf,rdx(-1) ,rflags ,MOVDQU,7,MOVDQU,5,CMP,4,JBE,6,CMP,4,RET_NEAR,2,NOP,4,MOVDQU,6,MOVDQU,7,RET_NEAR,1,0,1,0,0,0,RET,0,0,0,0,0,0,REPZ RET,0,0,4710936,4710960,4710954,0,0,1,0,c,1.7028407042072229e-06,0.7271758482282447,1,1,1
0x47e212,JBE,590580,277162,160,6,0x47e20e,CMP,1,Leaf,rdx(-1) ,rflags ,CMP,4,JNBE,2,CMP,4,PSHUFD,6,PUNPCKLWD,5,CMP,4,MOVDQU,5,MOVDQU,7,JNBE,2,RET_NEAR,2,0,1,0,0,0,JNE,0,0,1,0,0,0,JA,0,0,4710926,4711090,4710936,0,0,0,1,c,3.208697851082904e-06,0.4693047512614717,0,0,0
0x47e20c,JNBE,590958,378,52,2,0x47e208,CMP,1,Leaf,rdx(-1) ,rflags ,CMP,4,PSHUFD,6,PUNPCKLWD,5,PUNPCKLBW,5,MOV,3,CMP,4,JBE,6,CMP,4,MOVDQU,5,MOVDQU,7,0,1,0,0,0,JE,0,0,1,0,0,0,JBE,1,0,4710896,4710976,4710926,1,0,1,0,c,3.2107515741817382e-06,0.000639639365234,0,0,0
0x47db96,JBE,39,0,10,2,0x47db93,SUB,1,Leaf,rdx(SUB) rax(BSF) ,rdx rflags ,SUB,3,BSF,3,NOP,2,RET_NEAR,1,LEA,5,LEA,5,RET_NEAR,1,NOP,2,XOR,3,RET_NEAR,1,0,0,0,0,0,RET,0,0,1,0,0,0,RET,0,0,4709264,4709280,4709272,0,1,0,0,c,2.1189206575270623e-10,0.0,0,1,0
0x47db86,JBE,42,0,26,2,0x47db83,SUB,1,Leaf,rdx(SUB) rax(BSF) ,rdx rflags ,SUB,3,BSF,3,NOP,2,RET_NEAR,1,LEA,5,LEA,5,RET_NEAR,1,NOP,2,BSF,3,SUB,3,0,0,0,0,0,RET,0,0,1,0,0,0,RET,0,0,4709248,4709280,4709256,0,1,0,0,c,2.2819145542599136e-10,0.0,0,1,0
0x47db76,JBE,30,0,42,2,0x47db73,SUB,1,Leaf,rdx(SUB) rax(BSF) ,rdx rflags ,SUB,3,BSF,3,NOP,4,RET_NEAR,1,ADD,3,LEA,5,RET_NEAR,1,NOP,2,BSF,3,SUB,3,0,0,0,0,0,RET,0,0,1,0,0,0,RET,0,0,4709232,4709280,4709240,0,1,0,0,c,1.6299389673285098e-10,0.0,0,1,0
0x47db66,JBE,14199,0,58,2,0x47db63,SUB,1,Leaf,rdx(SUB) rax(BSF) ,rdx rflags ,SUB,3,BSF,3,NOP,7,RET_NEAR,1,LEA,5,ADD,3,RET_NEAR,1,NOP,4,BSF,3,SUB,3,0,0,0,0,0,RET,0,0,1,0,0,0,RET,0,0,4709216,4709280,4709224,0,1,0,0,c,7.714501132365836e-08,0.0,0,1,0
0x47db19,JNZ,69,30,87,2,0x47db17,TEST,1,Leaf,eax(PMOVMSKB) eax(PMOVMSKB) ,rflags ,TEST,2,PMOVMSKB,4,PCMPEQB,5,JBE,6,SUB,4,XOR,3,RET_NEAR,1,NOP,1,BSF,3,LEA,5,0,1,0,0,0,JBE,0,0,1,0,0,0,RET,0,0,4709134,4709232,4709147,1,0,0,0,c,3.7488596248555716e-10,0.4347826086956521,0,1,0
0x47db08,JBE,111,42,152,6,0x47db04,SUB,1,Leaf,rdx(SUB) ,rdx rflags ,SUB,4,JNZ,2,TEST,2,PMOVMSKB,4,PCMPEQB,4,PCMPEQB,5,PMOVMSKB,4,TEST,2,JNZ,2,XOR,3,0,0,0,0,0,RET,0,0,1,0,0,0,JNE,0,0,4709124,4709280,4709134,0,0,0,0,c,6.030774179115486e-10,0.3783783783783784,0,0,0
0x47db02,JNZ,14277,14166,94,2,0x47db00,TEST,1,Leaf,eax(PMOVMSKB) eax(PMOVMSKB) ,rflags ,TEST,2,PMOVMSKB,4,PCMPEQB,4,MOVDQA,4,ADD,4,SUB,4,JBE,6,PCMPEQB,5,PMOVMSKB,4,TEST,2,0,0,0,0,0,JBE,0,0,1,0,0,0,JBE,0,0,4709104,4709216,4709124,1,0,0,0,c,7.756879545516379e-08,0.9922252574070184,1,1,1
0x47dac8,JLE,95,32,216,6,0x47dac4,SUB,1,Leaf,rdx(SUB) ,rdx rflags ,SUB,4,JNZ,6,TEST,2,PMOVMSKB,4,PCMPEQB,4,PCMPEQB,5,PMOVMSKB,4,TEST,2,JNZ,6,XOR,3,0,0,0,0,0,RET,0,0,1,0,0,0,JNE,0,0,4709060,4709280,4709070,0,0,0,0,c,5.16147339654028e-10,0.3368421052631579,0,0,0
0x47dabe,JNZ,137,42,194,6,0x47dabc,TEST,1,Leaf,eax(PMOVMSKB) eax(PMOVMSKB) ,rflags ,TEST,2,PMOVMSKB,4,PCMPEQB,4,MOVDQA,5,JNZ,6,SUB,4,JLE,6,PCMPEQB,5,PMOVMSKB,4,TEST,2,0,1,0,0,0,JBE,0,0,1,0,0,0,JLE,0,0,4709039,4709248,4709060,1,0,0,0,c,7.443387950800193e-10,0.3065693430656934,0,1,0
0x47daa9,JNZ,147,10,151,6,0x47daa7,TEST,1,Leaf,eax(PMOVMSKB) eax(PMOVMSKB) ,rflags ,TEST,2,PMOVMSKB,4,PCMPEQB,4,MOVDQA,5,JNZ,6,MOVDQA,5,PCMPEQB,4,PMOVMSKB,4,TEST,2,JNZ,6,0,0,0,0,0,RET,0,0,1,0,0,0,JNE,0,0,4709018,4709184,4709039,1,0,0,0,c,7.986700939909696e-10,0.0680272108843537,0,1,0
0x47da94,JNZ,147,0,156,6,0x47da92,TEST,1,Leaf,eax(PMOVMSKB) eax(PMOVMSKB) ,rflags ,TEST,2,PMOVMSKB,4,PCMPEQB,4,MOVDQA,4,JLE,2,MOVDQA,5,PCMPEQB,4,PMOVMSKB,4,TEST,2,JNZ,6,0,0,0,0,0,RET,0,0,1,0,0,0,JNE,0,0,4708998,4709168,4709018,1,0,0,0,c,7.986700939909696e-10,0.0,0,1,0
0x47da84,JLE,14424,14277,108,2,0x47da80,ADD,1,Leaf,rdx(ADD) ,rdx rflags ,ADD,4,NOP,8,RET_NEAR,1,LEA,5,BSF,3,MOVDQA,4,PCMPEQB,4,PMOVMSKB,4,TEST,2,JNZ,6,0,1,0,0,0,JNE,0,0,1,0,0,0,JNE,0,0,4708992,4709104,4708998,1,0,0,0,c,7.836746554915476e-08,0.9898086522462562,1,0,1
0x47d9f4,JBE,3513,3513,140,6,0x47d9f0,SUB,1,Leaf,rdx(SUB) ,rdx rflags ,SUB,4,NOP,1,ADD,3,AND,4,AND,4,MOVDQA,4,MOVDQA,5,MOVDQA,5,MOVDQA,5,PCMPEQB,4,1,0,0,0,0,JLE,1,0,1,0,0,0,JE,0,0,4708848,4708992,4708858,1,0,0,0,c,1.9086585307416848e-08,1.0,1,1,1
0x47d984,JBE,10620,10620,252,6,0x47d980,SUB,1,Leaf,rdx(SUB) ,rdx rflags ,SUB,4,JZ,2,TEST,7,JNZ,6,TEST,2,MOVDQA,4,PCMPEQB,4,PMOVMSKB,4,TEST,2,JNZ,6,0,0,0,0,0,JLE,0,0,1,0,0,0,JNE,0,0,4708736,4708992,4708746,1,0,0,0,c,5.769983944342925e-08,1.0,1,1,1
0x47d97e,JZ,14133,3513,114,2,0x47d977,TEST,1,Leaf,rdi(-1) ,rflags ,TEST,7,JNZ,6,TEST,2,PMOVMSKB,4,ADD,4,SUB,4,JBE,6,MOVDQA,4,PCMPEQB,4,PMOVMSKB,4,0,1,0,1,0,JBE,0,0,1,0,0,0,JBE,0,0,4708727,4708848,4708736,0,0,0,0,c,7.67864247508461e-08,0.2485671831882827,0,0,0
0x47d971,JNZ,18844,4711,431,6,0x47d96f,TEST,1,Leaf,eax(PMOVMSKB) eax(PMOVMSKB) ,rflags ,TEST,2,PMOVMSKB,4,ADD,4,PCMPEQB,4,MOVDQA,5,TEST,7,JZ,2,SUB,4,JBE,6,MOVDQA,4,0,1,0,0,0,RET,0,0,1,0,0,0,JE,0,0,4708702,4709152,4708727,1,0,0,0,c,1.023818996677948e-07,0.25,0,0,0
0x47d958,JNZ,18844,0,504,6,0x47d956,TEST,1,Leaf,eax(PMOVMSKB) eax(PMOVMSKB) ,rflags ,TEST,2,PMOVMSKB,4,PCMPEQB,4,MOVDQA,5,JNZ,6,MOVDQA,5,PCMPEQB,4,ADD,4,PMOVMSKB,4,TEST,2,0,1,0,0,0,RET,0,0,1,0,0,0,JNE,0,0,4708681,4709200,4708702,1,0,0,0,c,1.023818996677948e-07,0.0,0,1,0
0x47d943,JNZ,18844,0,509,6,0x47d941,TEST,1,Leaf,eax(PMOVMSKB) eax(PMOVMSKB) ,rflags ,TEST,2,PMOVMSKB,4,PCMPEQB,4,MOVDQA,5,JNZ,6,MOVDQA,5,PCMPEQB,4,PMOVMSKB,4,TEST,2,JNZ,6,0,0,0,0,0,RET,0,0,1,0,0,0,JNE,0,0,4708660,4709184,4708681,1,0,0,0,c,1.023818996677948e-07,0.0,0,1,0
0x47d92e,JNZ,18844,0,514,6,0x47d92c,TEST,1,Leaf,eax(PMOVMSKB) eax(PMOVMSKB) ,rflags ,TEST,2,PMOVMSKB,4,PCMPEQB,4,MOVDQA,4,NOP,5,MOVDQA,5,PCMPEQB,4,PMOVMSKB,4,TEST,2,JNZ,6,0,0,0,0,0,RET,0,0,1,0,0,0,JNE,0,0,4708640,4709168,4708660,1,0,0,0,c,1.023818996677948e-07,0.0,0,1,0
0x47d915,JBE,4127,28,363,6,0x47d911,SUB,1,Leaf,rdx(SUB) ,rdx rflags ,SUB,4,ADD,4,JBE,6,SUB,4,ADD,3,NOP,5,MOVDQA,4,PCMPEQB,4,PMOVMSKB,4,TEST,2,0,0,0,0,0,JLE,0,0,1,0,0,0,NOP,0,0,4708621,4708992,4708635,1,0,0,0,c,2.24225270605492e-08,0.0067845892900411,0,1,0
0x47d907,JBE,4162,35,665,6,0x47d903,SUB,1,Leaf,rdx(SUB) ,rdx rflags ,SUB,4,ADD,3,NOP,3,RET_NEAR,1,ADD,3,ADD,4,SUB,4,JBE,6,NOP,5,MOVDQA,4,0,0,0,0,0,RET,0,0,1,0,0,0,JBE,0,0,4708608,4709280,4708621,0,1,0,0,c,2.2612686606737523e-08,0.0084094185487746,0,1,0
0x47d8f0,JBE,1,0,688,6,0x47d8ed,SUB,1,Leaf,rdx(SUB) rax(BSF) ,rdx rflags ,SUB,3,BSF,3,JZ,2,TEST,2,SAR,2,ADD,3,ADD,3,RET_NEAR,1,NOP,3,ADD,3,0,0,0,0,0,RET,0,0,1,0,0,0,RET,0,0,4708586,4709280,4708598,0,1,0,0,c,5.433129891095032e-12,0.0,0,1,0
0x47d8e8,JZ,4163,4162,24,2,0x47d8e6,TEST,1,Leaf,eax(SAR) eax(SAR) ,rflags ,TEST,2,SAR,2,PMOVMSKB,4,PCMPEQB,4,MOVDQA,4,BSF,3,SUB,3,JBE,6,ADD,3,ADD,3,0,1,0,0,0,JBE,0,0,1,0,0,0,JBE,0,0,4708560,4708608,4708586,0,1,0,0,c,2.2618119736628618e-08,0.9997597886139804,1,0,1
0x47d8b9,JBE,15008,263,455,6,0x47d8b5,SUB,1,Leaf,rdx(SUB) ,rdx rflags ,SUB,4,ADD,3,AND,4,AND,4,ADD,4,JMP,2,NOP,5,NOP,10,AND,4,AND,4,0,0,0,0,0,JLE,0,0,1,0,0,0,JMP,0,0,4708518,4708992,4708543,1,0,0,0,c,8.154041340555424e-08,0.017523987206823,0,1,0
0x47d8a0,JBE,15013,5,768,6,0x47d89c,SUB,1,Leaf,rdx(SUB) ,rdx rflags ,SUB,4,JNZ,6,TEST,2,PMOVMSKB,4,PCMPEQB,4,ADD,4,AND,4,AND,4,ADD,3,SUB,4,0,0,0,0,0,RET,0,0,1,0,0,0,JBE,0,0,4708508,4709280,4708518,0,1,0,0,c,8.156757905500972e-08,0.000333044694598,0,0,0
0x47d896,JNZ,15046,33,714,6,0x47d894,TEST,1,Leaf,eax(PMOVMSKB) eax(PMOVMSKB) ,rflags ,TEST,2,PMOVMSKB,4,PCMPEQB,4,MOVDQU,4,JNBE,2,SUB,4,JBE,6,ADD,4,AND,4,AND,4,0,0,0,0,0,JBE,0,0,1,0,0,0,JBE,0,0,4708488,4709216,4708508,1,0,0,0,c,8.174687234141587e-08,0.0021932739598564,0,1,0
0x47d886,JNBE,19209,4163,74,2,0x47d882,CMP,1,Leaf,rcx(AND) ,rflags ,CMP,4,PSHUFD,5,AND,4,PUNPCKLBW,4,JZ,6,MOVDQU,4,PCMPEQB,4,PMOVMSKB,4,TEST,2,JNZ,6,0,1,0,0,0,JE,0,0,1,0,0,0,JNE,0,0,4708469,4708560,4708488,1,0,0,0,c,1.0436499207804448e-07,0.2167213285439117,0,1,0
0x47d86f,JZ,19209,0,817,6,0x47d86c,TEST,1,Leaf,rdx(-1) rdx(-1) ,rflags ,TEST,3,PUNPCKLBW,4,MOV,3,MOVQ,5,INVALID,0,PUNPCKLBW,4,AND,4,PSHUFD,5,CMP,4,JNBE,2,0,1,0,0,0,RET,0,0,1,0,0,0,JA,0,0,4708448,4709280,4708469,0,0,0,0,c,1.0436499207804448e-07,0.0,0,0,0
0x47d828,JZ,6,2,32,2,0x47d825,CMP,1,Leaf,rdx(-1) rax(-1) ,rflags ,CMP,3,INC,3,INC,3,INC,3,JNZ,2,MOV,3,CMP,3,LEA,4,CMOVNZ,4,MOV,8,0,0,0,0,0,JMP,0,0,1,0,0,0,MOV,0,0,4708389,4708424,4708394,0,1,1,1,c,3.2598779346570196e-11,0.3333333333333333,0,0,0
0x47d81a,JNZ,4,4,-33,2,0x47d817,CMP,1,Leaf,rsp(-1) rcx(MOV) cl(MOV) ,rflags ,CMP,3,MOV,3,JZ,2,CMP,3,MOV,3,INC,3,INC,3,INC,3,CMP,3,JZ,2,0,0,0,1,1,JE,0,0,1,0,0,0,INC,1,0,4708372,4708345,4708380,0,0,0,0,c,2.173251956438013e-11,1.0,1,1,1
0x47d812,JZ,4,0,13,2,0x47d80f,CMP,1,Leaf,rsp(-1) rcx(MOV) cl(MOV) ,rflags ,CMP,3,MOV,3,JZ,2,CMP,3,MOV,3,MOV,3,CMP,3,JNZ,2,INC,3,INC,3,0,1,0,0,0,INC,1,0,1,0,0,0,JNE,0,0,4708364,4708383,4708372,0,0,0,0,c,2.173251956438013e-11,0.0,0,0,0
0x47d80a,JZ,4,0,24,2,0x47d807,CMP,1,Leaf,rsp(-1) rcx(MOV) cl(MOV) ,rflags ,CMP,3,MOV,3,JZ,2,CMP,3,MOV,2,MOV,3,CMP,3,JZ,2,MOV,3,CMP,3,0,1,0,0,0,INC,1,0,1,0,0,0,JE,0,0,4708356,4708386,4708364,0,0,0,0,c,2.173251956438013e-11,0.0,0,0,0
0x47d802,JZ,10,6,35,2,0x47d7ff,CMP,1,Leaf,rsp(-1) rcx(MOV) cl(MOV) ,rflags ,CMP,3,MOV,2,ADD,4,LEA,4,INC,3,MOV,3,CMP,3,JZ,2,MOV,3,CMP,3,1,1,1,0,0,JE,1,0,1,0,0,0,JE,0,0,4708345,4708389,4708356,0,0,0,0,c,5.4331298910950325e-11,0.6,1,0,1
0x47d7d2,JZ,6,6,35,2,0x47d7cf,TEST,1,Leaf,rsp(-1) rcx(MOV) cl(MOV) ,rflags ,TEST,3,MOV,2,ADD,4,LEA,4,JNZ,2,MOV,3,TEST,3,JZ,2,MOV,3,TEST,3,1,1,1,0,0,LEA,1,0,1,0,0,0,JE,0,0,4708297,4708341,4708308,0,0,0,0,c,3.2598779346570196e-11,1.0,1,0,1
0x47d7a6,JZ,6,6,31,2,0x47d7a3,TEST,1,Leaf,cl(MOV) ,rflags ,TEST,3,MOV,3,MOV,3,JZ,2,TEST,2,MOV,3,MOV,3,TEST,3,JZ,2,MOV,3,0,0,1,0,0,LEA,1,0,1,0,0,0,JE,0,0,4708253,4708293,4708264,0,1,0,1,c,3.2598779346570196e-11,1.0,1,0,1
0x47d79b,JZ,6,0,42,2,0x47d799,TEST,1,Leaf,cl(MOV) cl(MOV) ,rflags ,TEST,2,MOV,2,MOV,3,JZ,6,TEST,3,MOV,3,MOV,3,TEST,3,JZ,2,MOV,3,1,1,1,0,0,LEA,1,0,1,0,0,0,JE,0,0,4708247,4708293,4708253,0,1,0,1,c,3.2598779346570196e-11,0.0,0,0,0
0x47d78e,JZ,6,0,186,6,0x47d78b,TEST,1,Leaf,rdx(CMOVZ) rdx(CMOVZ) ,rflags ,TEST,3,CMOVZ,4,CMP,4,MOV,3,MOV,8,MOV,3,MOV,2,TEST,2,JZ,2,MOV,3,0,1,0,0,0,JMP,0,0,1,0,0,0,MOV,0,0,4708216,4708424,4708244,0,0,1,0,c,3.2598779346570196e-11,0.0,0,0,0
0x47d707,JBE,42,36,13,2,0x47d704,SUB,1,Leaf,r11(SUB) rdx(BSF) ,r11 rflags ,SUB,3,BSF,4,NOP,10,NOP,1,XCHG,3,MOVZX,4,MOVZX,4,SUB,2,RET_NEAR,1,XOR,2,0,0,0,0,0,RET,0,0,1,0,0,0,RET,0,0,4708096,4708116,4708105,0,0,0,0,c,2.2819145542599136e-10,0.8571428571428571,1,0,1
0x47d6f0,JZ,20,15,16,2,0x47d6ed,TEST,1,Leaf,r8d(-1) r8d(-1) ,rflags ,TEST,3,LEA,4,LEA,4,LEA,5,NOP,2,XCHG,3,NOP,1,NOP,10,BSF,4,SUB,3,0,0,1,0,0,JBE,0,0,1,0,0,0,NOP,0,0,4708069,4708096,4708082,0,0,0,0,c,1.0866259782190064e-10,0.75,1,0,1
0x47d61c,JNZ,1,1,196,6,0x47d616,SUB,1,Leaf,edx(SUB) ,edx rflags ,SUB,6,PMOVMSKB,4,PSUBB,4,PCMPEQB,4,PCMPEQB,4,SUB,4,JBE,6,ADD,4,MOVDQA,4,ADD,4,0,0,0,0,0,LEA,0,0,0,0,0,0,JBE,0,0,4707818,4708064,4707874,0,0,0,0,c,5.433129891095032e-12,1.0,1,1,1
0x47d5e4,JNLE,1,0,172,6,0x47d5e0,ADD,1,Leaf,r10(ADD) ,r10 rflags ,ADD,4,NOP,10,NOP,5,SUB,7,AND,7,MOVDQA,5,MOVDQA,5,MOVDQA,4,PSRLDQ,5,PSLLDQ,5,0,0,0,0,0,JNE,0,0,0,0,0,0,JNE,0,0,4707808,4707984,4707818,0,0,0,0,c,5.433129891095032e-12,0.0,0,0,0
0x47d5a5,JZ,1,0,367,6,0x47d5a2,TEST,1,Leaf,r9(-1) r9(-1) ,rflags ,TEST,3,JB,6,CMP,3,LEA,5,MOVDQA,4,MOV,3,PXOR,4,MOV,7,MOV,6,LEA,4,0,0,0,0,0,RET,0,0,0,0,0,0,NOP,0,0,4707746,4708116,4707755,0,1,0,0,c,5.433129891095032e-12,0.0,0,0,0
0x47d59c,JB,1,0,376,6,0x47d599,CMP,1,Leaf,r11(-1) r9(LEA) ,rflags ,CMP,3,LEA,5,MOVDQA,4,JNZ,6,SUB,3,TEST,3,JZ,6,MOV,3,PXOR,4,MOV,7,0,0,0,0,0,RET,0,0,0,0,0,0,JE,0,0,4707728,4708116,4707746,0,0,0,0,c,5.433129891095032e-12,0.0,0,0,0
0x47d58a,JNZ,2,1,347,6,0x47d587,SUB,1,Leaf,edx(SUB) r9d(SHR) ,edx rflags ,SUB,3,SHR,3,SHR,2,PMOVMSKB,5,PSUBB,4,MOVDQA,4,LEA,5,CMP,3,JB,6,TEST,3,0,0,0,0,0,JE,0,0,0,0,0,0,JB,0,0,4707680,4708069,4707728,0,0,0,0,c,1.0866259782190064e-11,0.5,0,1,0
0x47d49c,JNZ,2,2,580,6,0x47d496,SUB,1,Leaf,edx(SUB) ,edx rflags ,SUB,6,PMOVMSKB,4,PSUBB,4,PCMPEQB,4,PCMPEQB,4,SUB,4,JBE,6,ADD,4,MOVDQA,4,ADD,4,0,0,0,0,0,LEA,0,0,0,0,0,0,JBE,0,0,4707434,4708064,4707490,0,0,0,0,c,1.0866259782190064e-11,1.0,1,1,1
0x47d464,JNLE,2,0,172,6,0x47d460,ADD,1,Leaf,r10(ADD) ,r10 rflags ,ADD,4,NOP,10,NOP,5,SUB,7,AND,7,MOVDQA,5,MOVDQA,5,MOVDQA,4,PSRLDQ,5,PSLLDQ,5,0,0,0,0,0,JNE,0,0,0,0,0,0,JNE,0,0,4707424,4707600,4707434,0,0,0,0,c,1.0866259782190064e-11,0.0,0,0,0
0x47d425,JZ,2,0,751,6,0x47d422,TEST,1,Leaf,r9(-1) r9(-1) ,rflags ,TEST,3,JB,6,CMP,3,LEA,5,MOVDQA,4,MOV,3,PXOR,4,MOV,7,MOV,6,LEA,4,0,0,0,0,0,RET,0,0,0,0,0,0,NOP,0,0,4707362,4708116,4707371,0,1,0,0,c,1.0866259782190064e-11,0.0,0,0,0
0x47d41c,JB,2,0,760,6,0x47d419,CMP,1,Leaf,r11(-1) r9(LEA) ,rflags ,CMP,3,LEA,5,MOVDQA,4,JNZ,6,SUB,3,TEST,3,JZ,6,MOV,3,PXOR,4,MOV,7,0,0,0,0,0,RET,0,0,0,0,0,0,JE,0,0,4707344,4708116,4707362,0,0,0,0,c,1.0866259782190064e-11,0.0,0,0,0
0x47d40a,JNZ,4,2,731,6,0x47d407,SUB,1,Leaf,edx(SUB) r9d(SHR) ,edx rflags ,SUB,3,SHR,3,SHR,2,PMOVMSKB,5,PSUBB,4,MOVDQA,4,LEA,5,CMP,3,JB,6,TEST,3,0,0,0,0,0,JE,0,0,0,0,0,0,JB,0,0,4707296,4708069,4707344,0,0,0,0,c,2.173251956438013e-11,0.5,0,1,0
0x47d28a,JNZ,2,2,1115,6,0x47d287,SUB,1,Leaf,edx(SUB) r9d(SHR) ,edx rflags ,SUB,3,SHR,3,SHR,2,PMOVMSKB,5,PSUBB,4,MOVDQA,4,LEA,5,CMP,3,JB,6,TEST,3,0,0,0,0,0,JE,0,0,0,0,0,0,JB,0,0,4706912,4708069,4706960,0,0,0,0,c,1.0866259782190064e-11,1.0,1,1,1
0x47d10a,JNZ,1,1,1499,6,0x47d107,SUB,1,Leaf,edx(SUB) r9d(SHR) ,edx rflags ,SUB,3,SHR,3,SHR,2,PMOVMSKB,5,PSUBB,4,MOVDQA,4,LEA,5,CMP,3,JB,6,TEST,3,0,0,0,0,0,JE,0,0,0,0,0,0,JB,0,0,4706528,4708069,4706576,0,0,0,0,c,5.433129891095032e-12,1.0,1,1,1
0x47d01c,JNZ,1,1,1732,6,0x47d016,SUB,1,Leaf,edx(SUB) ,edx rflags ,SUB,6,PMOVMSKB,4,PSUBB,4,PCMPEQB,4,PCMPEQB,4,SUB,4,JBE,6,ADD,4,MOVDQA,4,ADD,4,0,0,0,0,0,LEA,0,0,0,0,0,0,JBE,0,0,4706282,4708064,4706338,0,0,0,0,c,5.433129891095032e-12,1.0,1,1,1
0x47cfe4,JNLE,1,0,172,6,0x47cfe0,ADD,1,Leaf,r10(ADD) ,r10 rflags ,ADD,4,NOP,10,NOP,5,SUB,7,AND,7,MOVDQA,5,MOVDQA,5,MOVDQA,4,PSRLDQ,5,PSLLDQ,5,0,0,0,0,0,JNE,0,0,0,0,0,0,JNE,0,0,4706272,4706448,4706282,0,0,0,0,c,5.433129891095032e-12,0.0,0,0,0
0x47cfa5,JZ,1,0,1903,6,0x47cfa2,TEST,1,Leaf,r9(-1) r9(-1) ,rflags ,TEST,3,JB,6,CMP,3,LEA,5,MOVDQA,4,MOV,3,PXOR,4,MOV,7,MOV,6,LEA,4,0,0,0,0,0,RET,0,0,0,0,0,0,NOP,0,0,4706210,4708116,4706219,0,1,0,0,c,5.433129891095032e-12,0.0,0,0,0
0x47cf9c,JB,1,0,1912,6,0x47cf99,CMP,1,Leaf,r11(-1) r9(LEA) ,rflags ,CMP,3,LEA,5,MOVDQA,4,JNZ,6,SUB,3,TEST,3,JZ,6,MOV,3,PXOR,4,MOV,7,0,0,0,0,0,RET,0,0,0,0,0,0,JE,0,0,4706192,4708116,4706210,0,0,0,0,c,5.433129891095032e-12,0.0,0,0,0
0x47cf8a,JNZ,6,5,1883,6,0x47cf87,SUB,1,Leaf,edx(SUB) r9d(SHR) ,edx rflags ,SUB,3,SHR,3,SHR,2,PMOVMSKB,5,PSUBB,4,MOVDQA,4,LEA,5,CMP,3,JB,6,TEST,3,0,0,0,0,0,JE,0,0,0,0,0,0,JB,0,0,4706144,4708069,4706192,0,0,0,0,c,3.2598779346570196e-11,0.8333333333333334,1,1,1
0x47ce9c,JNZ,1,1,2116,6,0x47ce96,SUB,1,Leaf,edx(SUB) ,edx rflags ,SUB,6,PMOVMSKB,4,PSUBB,4,PCMPEQB,4,PCMPEQB,4,SUB,4,JBE,6,ADD,4,MOVDQA,4,ADD,4,0,0,0,0,0,LEA,0,0,0,0,0,0,JBE,0,0,4705898,4708064,4705954,0,0,0,0,c,5.433129891095032e-12,1.0,1,1,1
0x47ce64,JNLE,1,0,172,6,0x47ce60,ADD,1,Leaf,r10(ADD) ,r10 rflags ,ADD,4,NOP,10,NOP,5,SUB,7,AND,7,MOVDQA,5,MOVDQA,5,MOVDQA,4,PSRLDQ,5,PSLLDQ,5,0,0,0,0,0,JNE,0,0,0,0,0,0,JNE,0,0,4705888,4706064,4705898,0,0,0,0,c,5.433129891095032e-12,0.0,0,0,0
0x47ce25,JZ,1,0,2287,6,0x47ce22,TEST,1,Leaf,r9(-1) r9(-1) ,rflags ,TEST,3,JB,6,CMP,3,LEA,5,MOVDQA,4,MOV,3,PXOR,4,MOV,7,MOV,6,LEA,4,0,0,0,0,0,RET,0,0,0,0,0,0,NOP,0,0,4705826,4708116,4705835,0,1,0,0,c,5.433129891095032e-12,0.0,0,0,0
0x47ce1c,JB,1,0,2296,6,0x47ce19,CMP,1,Leaf,r11(-1) r9(LEA) ,rflags ,CMP,3,LEA,5,MOVDQA,4,JNZ,6,SUB,3,TEST,3,JZ,6,MOV,3,PXOR,4,MOV,7,0,0,0,0,0,RET,0,0,0,0,0,0,JE,0,0,4705808,4708116,4705826,0,0,0,0,c,5.433129891095032e-12,0.0,0,0,0
0x47ce0a,JNZ,1,0,2267,6,0x47ce07,SUB,1,Leaf,edx(SUB) r9d(SHR) ,edx rflags ,SUB,3,SHR,3,SHR,2,PMOVMSKB,5,PSUBB,4,MOVDQA,4,LEA,5,CMP,3,JB,6,TEST,3,0,0,0,0,0,JE,0,0,0,0,0,0,JB,0,0,4705760,4708069,4705808,0,0,0,0,c,5.433129891095032e-12,0.0,0,1,0
0x47cd1c,JNZ,2,2,2500,6,0x47cd16,SUB,1,Leaf,edx(SUB) ,edx rflags ,SUB,6,PMOVMSKB,4,PSUBB,4,PCMPEQB,4,PCMPEQB,4,SUB,4,JBE,6,ADD,4,MOVDQA,4,ADD,4,0,0,0,0,0,LEA,0,0,0,0,0,0,JBE,0,0,4705514,4708064,4705570,0,0,0,0,c,1.0866259782190064e-11,1.0,1,1,1
0x47cce4,JNLE,2,0,172,6,0x47cce0,ADD,1,Leaf,r10(ADD) ,r10 rflags ,ADD,4,NOP,10,NOP,5,SUB,7,AND,7,MOVDQA,5,MOVDQA,5,MOVDQA,4,PSRLDQ,5,PSLLDQ,5,0,0,0,0,0,JNE,0,0,0,0,0,0,JNE,0,0,4705504,4705680,4705514,0,0,0,0,c,1.0866259782190064e-11,0.0,0,0,0
0x47cca5,JZ,2,0,2671,6,0x47cca2,TEST,1,Leaf,r9(-1) r9(-1) ,rflags ,TEST,3,JB,6,CMP,3,LEA,5,MOVDQA,4,MOV,3,PXOR,4,MOV,7,MOV,6,LEA,4,0,0,0,0,0,RET,0,0,0,0,0,0,NOP,0,0,4705442,4708116,4705451,0,1,0,0,c,1.0866259782190064e-11,0.0,0,0,0
0x47cc9c,JB,2,0,2680,6,0x47cc99,CMP,1,Leaf,r11(-1) r9(LEA) ,rflags ,CMP,3,LEA,5,MOVDQA,4,JNZ,6,SUB,3,TEST,3,JZ,6,MOV,3,PXOR,4,MOV,7,0,0,0,0,0,RET,0,0,0,0,0,0,JE,0,0,4705424,4708116,4705442,0,0,0,0,c,1.0866259782190064e-11,0.0,0,0,0
0x47cc8a,JNZ,2,0,2651,6,0x47cc87,SUB,1,Leaf,edx(SUB) r9d(SHR) ,edx rflags ,SUB,3,SHR,3,SHR,2,PMOVMSKB,5,PSUBB,4,MOVDQA,4,LEA,5,CMP,3,JB,6,TEST,3,0,0,0,0,0,JE,0,0,0,0,0,0,JB,0,0,4705376,4708069,4705424,0,0,0,0,c,1.0866259782190064e-11,0.0,0,1,0
0x47ca1c,JNZ,1,1,3268,6,0x47ca16,SUB,1,Leaf,edx(SUB) ,edx rflags ,SUB,6,PMOVMSKB,4,PSUBB,4,PCMPEQB,4,PCMPEQB,4,SUB,4,JBE,6,ADD,4,MOVDQA,4,ADD,4,0,0,0,0,0,LEA,0,0,0,0,0,0,JBE,0,0,4704746,4708064,4704802,0,0,0,0,c,5.433129891095032e-12,1.0,1,1,1
0x47c9e4,JNLE,1,0,172,6,0x47c9e0,ADD,1,Leaf,r10(ADD) ,r10 rflags ,ADD,4,NOP,10,NOP,5,SUB,7,AND,7,MOVDQA,5,MOVDQA,5,MOVDQA,4,PSRLDQ,5,PSLLDQ,5,0,0,0,0,0,JNE,0,0,0,0,0,0,JNE,0,0,4704736,4704912,4704746,0,0,0,0,c,5.433129891095032e-12,0.0,0,0,0
0x47c9a5,JZ,1,0,3439,6,0x47c9a2,TEST,1,Leaf,r9(-1) r9(-1) ,rflags ,TEST,3,JB,6,CMP,3,LEA,5,MOVDQA,4,MOV,3,PXOR,4,MOV,7,MOV,6,LEA,4,0,0,0,0,0,RET,0,0,0,0,0,0,NOP,0,0,4704674,4708116,4704683,0,1,0,0,c,5.433129891095032e-12,0.0,0,0,0
0x47c99c,JB,1,0,3448,6,0x47c999,CMP,1,Leaf,r11(-1) r9(LEA) ,rflags ,CMP,3,LEA,5,MOVDQA,4,JNZ,6,SUB,3,TEST,3,JZ,6,MOV,3,PXOR,4,MOV,7,0,0,0,0,0,RET,0,0,0,0,0,0,JE,0,0,4704656,4708116,4704674,0,0,0,0,c,5.433129891095032e-12,0.0,0,0,0
0x47c98a,JNZ,1,0,3419,6,0x47c987,SUB,1,Leaf,edx(SUB) r9d(SHR) ,edx rflags ,SUB,3,SHR,3,SHR,2,PMOVMSKB,5,PSUBB,4,MOVDQA,4,LEA,5,CMP,3,JB,6,TEST,3,0,0,0,0,0,JE,0,0,0,0,0,0,JB,0,0,4704608,4708069,4704656,0,0,0,0,c,5.433129891095032e-12,0.0,0,1,0
0x47bfb1,JNZ,1,1,5940,6,0x47bfae,SUB,1,Leaf,edx(SUB) r9d(SHR) ,edx rflags ,SUB,3,SHR,3,SHR,2,PMOVMSKB,5,PSUBB,4,LEA,5,CMP,3,JB,6,TEST,3,JZ,6,0,1,0,0,0,JE,0,0,1,0,0,0,JB,0,0,4702096,4708069,4702135,0,0,0,0,c,5.433129891095032e-12,1.0,1,1,1
0x47bf6a,JNBE,19,14,9,2,0x47bf66,CMP,0,Leaf,ecx(-1) eax(-1) ,rflags ,JZ,2,CMP,2,AND,3,AND,3,XOR,3,MOV,3,XCHG,1,XCHG,3,LEA,4,SUB,3,0,1,1,0,0,JMP,0,0,1,0,0,0,XCHG,0,0,4702058,4702067,4702060,0,1,0,0,c,1.032294679308056e-10,0.7368421052631579,1,0,1
0x47bf68,JZ,20,1,40,2,0x47bf66,CMP,1,Leaf,ecx(AND) eax(AND) ,rflags ,CMP,2,AND,3,AND,3,XOR,3,MOV,5,JNBE,2,MOV,3,XCHG,1,XCHG,3,LEA,4,0,1,0,0,0,JNE,0,0,1,0,0,0,JA,0,0,4702032,4702096,4702058,0,0,0,0,c,1.0866259782190064e-10,0.05,0,0,0
0x47bf42,JBE,16,1,6098,6,0x47bf3e,SUB,1,Leaf,r11(SUB) ,r11 rflags ,SUB,4,JNZ,6,SUB,6,PMOVMSKB,4,PSUBB,4,ADD,4,ADD,4,AND,4,AND,4,MOV,5,0,0,0,0,0,RET,0,0,1,0,0,0,ADD,0,0,4702014,4708116,4702024,0,0,0,0,c,8.69300782575205e-11,0.0625,0,1,0
0x47bf38,JNZ,38,22,6088,6,0x47bf32,SUB,1,Leaf,edx(SUB) ,edx rflags ,SUB,6,PMOVMSKB,4,PSUBB,4,PCMPEQB,4,PCMPEQB,4,SUB,4,JBE,6,ADD,4,ADD,4,AND,4,0,0,0,0,0,JBE,0,0,1,0,0,0,JBE,0,0,4701964,4708096,4702014,1,0,0,0,c,2.064589358616112e-10,0.5789473684210527,1,1,1
0x47bf0a,JNBE,38,0,70,2,0x47bf07,CMP,1,Leaf,eax(-1) ,rflags ,CMP,3,JNBE,2,CMP,3,AND,4,AND,4,MOVLPD,4,MOVLPD,4,MOVHPD,5,MOVHPD,5,PXOR,4,0,0,0,0,0,JE,0,0,1,0,0,0,JNE,0,0,4701959,4702032,4701964,1,0,0,0,c,2.064589358616112e-10,0.0,0,0,0
0x47bf05,JNBE,43,5,75,2,0x47bf02,CMP,1,Leaf,ecx(AND) ,rflags ,CMP,3,AND,4,AND,4,MOV,2,MOV,2,CMP,3,JNBE,2,MOVLPD,4,MOVLPD,4,MOVHPD,5,0,1,0,0,0,JE,0,0,1,0,0,0,JA,0,0,4701939,4702032,4701959,1,0,0,0,c,2.3362458531708637e-10,0.1162790697674418,0,0,0
0x47beed,JZ,43,0,6195,6,0x47bee9,CMP,1,Leaf,rdx(-1) ,rflags ,CMP,4,JZ,6,TEST,3,INVALID,0,INVALID,0,MOV,3,MOV,2,MOV,2,AND,4,AND,4,0,1,0,0,0,RET,0,0,1,0,0,0,JA,0,0,4701929,4708128,4701939,0,0,0,0,c,2.3362458531708637e-10,0.0,0,0,0
0x47bee3,JZ,43,0,6193,6,0x47bee0,TEST,1,Leaf,rdx(-1) rdx(-1) ,rflags ,TEST,3,INVALID,0,INVALID,0,INVALID,0,INVALID,0,CMP,4,JZ,6,MOV,3,MOV,2,MOV,2,0,1,0,0,0,RET,0,0,1,0,0,0,JE,0,0,4701920,4708116,4701929,0,0,0,0,c,2.3362458531708637e-10,0.0,0,0,0
0x47be96,JZ,2,0,-54,2,0x47be94,TEST,1,Leaf,edx(PMOVMSKB) edx(PMOVMSKB) ,rflags ,TEST,2,LEA,4,PMOVMSKB,4,PCMPEQB,5,JNZ,2,SUB,3,BSF,4,ADD,3,RET_NEAR,1,NOP,3,0,0,0,1,1,JNE,0,0,0,0,0,0,SUB,1,0,4701831,4701792,4701848,0,0,0,0,c,1.0866259782190064e-11,0.0,0,1,0
0x47be85,JNZ,2,0,75,2,0x47be83,TEST,1,Leaf,edx(PMOVMSKB) edx(PMOVMSKB) ,rflags ,TEST,2,PMOVMSKB,4,PCMPEQB,5,JNZ,2,TEST,2,PCMPEQB,5,PMOVMSKB,4,LEA,4,TEST,2,JZ,2,0,1,0,0,0,RET,1,0,1,0,0,0,JE,0,0,4701818,4701904,4701831,1,0,0,0,c,1.0866259782190064e-11,0.0,0,0,0
0x47be78,JNZ,7,5,72,2,0x47be76,TEST,1,Leaf,edx(PMOVMSKB) edx(PMOVMSKB) ,rflags ,TEST,2,PMOVMSKB,4,PCMPEQB,5,JNZ,2,TEST,2,PCMPEQB,5,PMOVMSKB,4,TEST,2,JNZ,2,PCMPEQB,5,0,1,0,0,0,RET,1,0,1,0,0,0,JNE,0,0,4701805,4701888,4701818,1,0,0,0,c,3.803190923766522e-11,0.7142857142857143,1,0,1
0x47be6b,JNZ,27,20,69,2,0x47be69,TEST,1,Leaf,edx(PMOVMSKB) edx(PMOVMSKB) ,rflags ,TEST,2,PMOVMSKB,4,PCMPEQB,5,NOP,9,PXOR,4,PCMPEQB,5,PMOVMSKB,4,TEST,2,JNZ,2,PCMPEQB,5,1,1,0,0,0,RET,1,0,1,0,0,0,JNE,0,0,4701792,4701872,4701805,1,0,0,0,c,1.4669450705956588e-10,0.7407407407407407,1,1,1
0x47be45,JNZ,7,0,83,2,0x47be43,AND,1,Leaf,edx(AND) esi(SHL) ,edx rflags ,AND,2,PMOVMSKB,4,SHL,2,SUB,3,MOV,5,PXOR,4,PXOR,4,PXOR,4,PXOR,4,NOP,9,0,0,0,0,0,SUB,0,0,0,0,0,0,NOP,0,0,4701738,4701848,4701767,0,0,0,0,c,3.803190923766522e-11,0.0,0,1,0
0x47be1f,JNZ,231414,231394,124,2,0x47be1d,TEST,1,Leaf,edx(PMOVMSKB) edx(PMOVMSKB) ,rflags ,TEST,2,PMOVMSKB,4,PCMPEQB,4,MOVDQU,4,JNBE,2,MOV,3,AND,4,JMP,2,MOV,3,AND,4,0,0,0,0,0,RET,0,0,1,0,0,0,JMP,0,0,4701713,4701851,4701729,1,0,0,0,c,1.2573023206178658e-06,0.9999135748053272,1,0,1
0x47be0f,JNBE,231421,7,27,2,0x47be0c,CMP,1,Leaf,ecx(AND) ,rflags ,CMP,3,PXOR,4,AND,3,MOV,2,XOR,3,MOVDQU,4,PCMPEQB,4,PMOVMSKB,4,TEST,2,JNZ,2,0,1,0,0,0,JNE,0,0,1,0,0,0,JNE,0,0,4701696,4701738,4701713,1,0,0,0,c,1.2573403525271034e-06,3.0247903172140816e-05,0,0,0
0x4b7f14,JNZ,8,0,1481,6,0x4b7f12,TEST,1,NonLeaf,edx(MOV) edx(MOV) ,rflags ,TEST,2,MOV,3,JS,6,MOV,6,TEST,2,MOVSXD,4,MOV,6,MOV,10,MOV,10,LEA,5,0,1,0,0,0,JMP,0,0,1,0,0,0,JMP,0,0,4947727,4949213,4947738,0,0,1,1,c,4.346503912876026e-11,0.0,0,0,0
0x47adf8,JNZ,20835,20835,3400,6,0x47adf2,SUB,1,Leaf,edx(SUB) ,edx rflags ,SUB,6,PMOVMSKB,4,PSUBB,4,PCMPEQB,4,PCMPEQB,4,ADD,4,ADD,4,NOP,10,AND,4,AND,4,0,0,0,0,0,RET,0,0,1,0,0,0,NOP,0,0,4697558,4700992,4697598,1,0,0,0,c,1.13199261280965e-07,1.0,1,1,1
0x47add4,JNBE,20835,0,60,2,0x47add1,CMP,1,Leaf,eax(-1) ,rflags ,CMP,3,JNBE,2,CMP,3,AND,4,AND,4,MOVDQU,4,MOVDQU,4,PXOR,4,PCMPEQB,4,PCMPEQB,4,0,0,0,0,0,JE,0,0,1,0,0,0,JNE,0,0,4697553,4697616,4697558,1,0,0,0,c,1.13199261280965e-07,0.0,0,1,0
0x47adcf,JNBE,20835,0,65,2,0x47adcc,CMP,1,Leaf,ecx(AND) ,rflags ,CMP,3,AND,4,AND,4,MOV,2,MOV,2,CMP,3,JNBE,2,MOVDQU,4,MOVDQU,4,PXOR,4,0,1,0,0,0,JE,0,0,1,0,0,0,JA,0,0,4697536,4697616,4697553,1,0,0,0,c,1.13199261280965e-07,0.0,0,0,0
0x479902,JNZ,2,2,58,2,0x479900,TEST,1,Leaf,edx(-1) edx(-1) ,rflags ,TEST,2,NOP,10,NOP,3,RET_NEAR,1,ADD,3,ADD,4,PCMPISTRI,7,JBE,2,ADD,4,PCMPISTRI,7,0,0,0,0,0,RET,0,0,0,0,0,0,ADD,0,0,4692224,4692284,4692228,0,0,0,0,c,1.0866259782190064e-11,1.0,1,0,1
0x4798df,JZ,2,2,33,2,0x4798dd,TEST,1,Leaf,esi(SAR) esi(SAR) ,rflags ,TEST,2,SAR,2,SAR,2,PMOVMSKB,4,PMOVMSKB,4,BSF,3,TEST,2,JZ,2,BSF,3,CMP,2,0,1,0,0,0,JNE,0,0,1,0,0,0,JE,0,0,4692160,4692224,4692193,0,0,0,0,c,1.0866259782190064e-11,1.0,1,0,1
0x4798be,JZ,2,0,74,2,0x4798b8,AND,1,Leaf,ecx(AND) ,ecx rflags ,MOV,3,AND,3,PSHUFB,5,MOV,2,MOVD,4,AND,4,MOVDQA,5,PCMPEQB,4,PCMPEQB,4,PMOVMSKB,4,0,1,0,0,0,JBE,0,0,1,0,0,0,JE,0,0,4692137,4692232,4692160,0,0,0,0,c,1.0866259782190064e-11,0.0,0,0,0
0x4798a3,JZ,2,0,53341,6,0x4798a0,TEST,1,Leaf,sil(-1) sil(-1) ,rflags ,TEST,3,INVALID,0,INVALID,0,INVALID,0,INVALID,0,PXOR,4,MOVD,4,MOV,2,PSHUFB,5,AND,3,0,-1,-1,-1,-1,JNE,-1,0,1,1,0,0,JE,0,0,4692128,4745472,4692137,0,0,0,0,c,1.0866259782190064e-11,0.0,0,0,0
0x4779d3,JNZ,1,1,-759,6,0x4779d0,TEST,1,NonLeaf,r15(-1) r15(-1) ,rflags ,TEST,3,NOP,10,JMP,5,MOV,7,XOR,3,MOV,3,XOR,3,CALL_NEAR,5,JMP,5,NOP,7,0,0,0,0,0,JE,0,0,1,0,0,0,CALL,0,1,4684240,4683484,4684249,0,0,0,1,c,5.433129891095032e-12,1.0,1,0,1
0x47787e,JNZ,1,1,-150,6,0x477872,TEST,1,NonLeaf,r13(-1) r13(-1) ,rflags ,MOV,5,MOV,4,TEST,3,JNZ,6,DEC,3,MOV,4,MOV,5,NOP,1,MOV,3,CALL_NEAR,5,0,0,1,0,0,RET,0,0,1,0,0,0,CALL,0,1,4683890,4683752,4683908,1,0,0,1,c,5.433129891095032e-12,1.0,1,0,1
0x47786c,JNZ,1,0,7171,6,0x477869,DEC,1,NonLeaf,rbp(-1) ,rflags ,DEC,3,JMP,2,JNZ,6,DEC_LOCK,4,JZ,2,TEST,3,MOV,4,MOV,5,JNZ,6,MOV,4,0,-1,-1,-1,-1,CALL,-1,1,0,1,0,0,JNE,0,0,4683881,4691055,4683890,0,0,1,0,c,5.433129891095032e-12,0.0,0,0,0
0x47785b,JZ,1,1,14,2,0x477854,CMP,1,NonLeaf,rip(JZ) ,rflags ,CMP,7,MOV,3,CALL_NEAR,5,MOV,4,MOV,3,DEC_LOCK,4,JNZ,6,JMP,2,DEC,3,JNZ,6,0,1,0,0,0,JNE,0,0,1,0,0,0,JNE,0,0,4683857,4683881,4683869,0,0,1,0,c,5.433129891095032e-12,1.0,1,0,1
0x477836,JNZ,1,0,7197,6,0x477832,CMPXCHG,1,NonLeaf,rbp(-1) esi(-1) eax(CMPXCHG) ,eax rflags ,CMPXCHG,4,JMP,2,JNZ,6,CMPXCHG_LOCK,5,JZ,2,MOV,3,MOV,3,MOV,3,MOV,3,MOV,4,0,-1,-1,-1,-1,CALL,-1,1,0,1,0,0,CALL,0,1,4683826,4691027,4683836,0,0,1,1,c,5.433129891095032e-12,0.0,0,0,0
0x477823,JZ,1,1,15,2,0x47781c,CMP,1,NonLeaf,rip(JZ) ,rflags ,CMP,7,XOR,2,MOV,5,MOV,5,NOP,9,CMPXCHG_LOCK,5,JNZ,6,JMP,2,CMPXCHG,4,JNZ,6,0,1,0,0,0,JNE,0,0,1,0,0,0,JNE,0,0,4683792,4683826,4683813,0,0,1,0,c,5.433129891095032e-12,1.0,1,0,1
0x47774e,JZ,1,1,194,6,0x47774b,TEST,1,NonLeaf,r9(-1) r9(-1) ,rflags ,TEST,3,CMOVNB,4,CMP,4,AND,4,MOV,3,MOV,7,MOV,4,SUB,4,LEA,4,LEA,5,0,1,0,0,0,JE,0,0,1,0,0,0,JE,0,0,4683570,4683792,4683604,0,0,1,0,c,5.433129891095032e-12,1.0,1,0,1
0x47772c,JNBE,1,0,644,6,0x477728,CMP,1,NonLeaf,r15(-1) ,rflags ,CMP,4,JNZ,6,TEST,4,JB,6,CMP,3,LEA,4,MOV,6,MOV,3,AND,4,CMP,4,0,1,0,0,0,JMP,0,0,1,0,0,0,JE,0,0,4683560,4684208,4683570,0,0,1,0,c,5.433129891095032e-12,0.0,0,0,0
0x477722,JNZ,1,0,748,6,0x47771e,TEST,1,NonLeaf,r12b(-1) ,rflags ,TEST,4,JB,6,CMP,3,NEG,3,MOV,3,CMP,4,JNBE,6,LEA,4,MOV,6,MOV,3,0,0,0,0,0,CALL,0,1,1,0,0,0,JA,0,0,4683550,4684302,4683560,0,0,1,0,c,5.433129891095032e-12,0.0,0,0,0
0x477718,JB,1,0,758,6,0x477715,CMP,1,NonLeaf,rax(NEG) r12(-1) ,rflags ,CMP,3,NEG,3,MOV,3,MOV,5,JNZ,6,TEST,4,JNZ,6,CMP,4,JNBE,6,LEA,4,0,1,0,0,0,CALL,0,1,1,0,0,0,JNE,0,0,4683535,4684302,4683550,0,0,1,0,c,5.433129891095032e-12,0.0,0,0,0
0x477704,JNZ,1,0,468,6,0x477701,AND,1,NonLeaf,ecx(AND) ,ecx rflags ,AND,3,JNZ,6,AND,4,AND,4,MOV,3,MOV,5,MOV,3,NEG,3,CMP,3,JB,6,0,1,0,0,0,JMP,0,0,1,0,0,0,MOV,0,0,4683521,4683992,4683530,0,0,0,0,c,5.433129891095032e-12,0.0,0,1,0
0x4776fb,JNZ,1,0,261,6,0x4776f7,AND,1,NonLeaf,r9d(AND) ,r9d rflags ,AND,4,AND,4,MOV,3,MOV,3,LEA,4,AND,3,JNZ,6,MOV,5,MOV,3,NEG,3,0,1,0,0,0,JMP,0,0,1,0,0,0,JNE,0,0,4683493,4683776,4683521,0,0,0,0,c,5.433129891095032e-12,0.0,0,0,0
0x4776df,JZ,1,0,785,6,0x4776dc,TEST,1,NonLeaf,rbx(-1) rbx(-1) ,rflags ,TEST,3,JNZ,6,TEST,3,JNZ,6,TEST,3,MOV,4,LEA,4,MOV,3,MOV,3,AND,4,0,1,0,0,0,JMP,0,0,1,0,0,0,JNE,0,0,4683484,4684272,4683493,0,0,0,0,c,5.433129891095032e-12,0.0,0,0,0
0x4776d6,JNZ,1,1,762,6,0x4776d3,TEST,1,NonLeaf,rbx(-1) rbx(-1) ,rflags ,TEST,3,JNZ,6,TEST,3,JS,6,TEST,2,TEST,3,JZ,6,MOV,4,LEA,4,MOV,3,0,1,0,0,0,JNE,0,0,1,0,0,0,JE,0,0,4683475,4684240,4683484,0,0,0,0,c,5.433129891095032e-12,1.0,1,0,1
0x4776cd,JNZ,1,0,863,6,0x4776ca,TEST,1,NonLeaf,rax(-1) rax(-1) ,rflags ,TEST,3,JS,6,TEST,2,MOV,11,MOV,11,TEST,3,JNZ,6,TEST,3,JZ,6,MOV,4,0,1,0,0,0,JMP,0,0,1,0,0,0,JNE,0,0,4683466,4684332,4683475,0,0,0,0,c,5.433129891095032e-12,0.0,0,0,0
0x4776c4,JS,1,0,572,6,0x4776c2,TEST,1,NonLeaf,edx(MOV) edx(MOV) ,rflags ,TEST,2,MOV,11,MOV,11,MOV,6,SUB,4,TEST,3,JNZ,6,TEST,3,JNZ,6,TEST,3,0,1,0,0,0,CALL,0,1,1,1,0,0,JNE,0,0,4683408,4684032,4683466,0,0,1,0,c,5.433129891095032e-12,0.0,0,0,0
0x477663,JS,1,1,13,2,0x477661,TEST,1,NonLeaf,eax(MOV) eax(MOV) ,rflags ,TEST,2,MOV,11,MOV,6,INVALID,0,INVALID,0,JMP,5,NOP,6,SUB,4,MOV,5,CALL_NEAR,5,0,1,0,0,0,CALL,0,1,1,0,0,0,JMP,0,0,4683344,4683376,4683365,0,0,1,0,c,5.433129891095032e-12,1.0,1,0,1
0x4773d6,JNZ,1,1,-180,6,0x4773d2,CMP,1,NonLeaf,rbp(-1) ,rflags ,CMP,4,JNZ,6,CMP,4,JMP,5,MOV,11,CMP,4,JNZ,6,CMP,4,JNZ,6,CMP,4,0,0,0,0,0,ADD,0,0,1,0,0,0,JNE,0,0,4682706,4682530,4682716,0,0,0,0,c,5.433129891095032e-12,1.0,1,0,1
0x4773cc,JNZ,2,1,-170,6,0x4773c8,CMP,1,NonLeaf,rbp(-1) ,rflags ,CMP,4,JMP,5,MOV,11,MOV,11,MOV,11,CMP,4,JNZ,6,CMP,4,JNZ,6,CMP,4,0,0,0,0,0,ADD,0,0,1,0,0,0,JNE,0,0,4682696,4682530,4682706,0,0,0,0,c,1.0866259782190064e-11,0.5,0,0,0
0x477346,JZ,1,1,4,2,0x477343,TEST,1,NonLeaf,rax(MOV) rax(MOV) ,rflags ,TEST,3,MOV,7,JNZ,2,TEST,2,MOVSX,5,CALL_NEAR,2,MOV,10,ADD,4,POP,1,POP,1,0,1,1,0,0,RET,0,0,1,0,0,0,CALL,0,1,4682556,4682570,4682568,0,0,1,1,c,5.433129891095032e-12,1.0,1,0,1
0x477331,JZ,1,1,11,2,0x47732e,TEST,1,NonLeaf,r12(-1) r12(-1) ,rflags ,TEST,3,JNZ,2,TEST,3,MOV,3,ADD,4,MOVSX,5,TEST,2,JNZ,2,MOV,7,TEST,3,0,0,1,0,0,JE,0,0,1,0,0,0,JNE,0,0,4682542,4682556,4682547,0,0,0,0,c,5.433129891095032e-12,1.0,1,0,1
0x47732c,JNZ,45,44,-20,2,0x477329,TEST,1,NonLeaf,rbp(MOV) rbp(MOV) ,rflags ,TEST,3,MOV,3,ADD,4,JZ,6,CMP,4,TEST,3,JZ,2,MOVSX,5,TEST,2,JNZ,2,1,1,0,0,0,JE,0,0,1,1,0,0,JE,1,0,4682534,4682520,4682542,0,0,0,0,c,2.4449084509927645e-10,0.9777777777777776,1,1,1
0x47731c,JZ,44,2,172,6,0x477318,CMP,1,NonLeaf,rbp(-1) ,rflags ,CMP,4,NOP,4,JMP,2,XOR,3,JZ,2,ADD,4,MOV,3,TEST,3,JNZ,2,TEST,3,0,1,0,0,0,JNE,0,0,1,0,0,0,ADD,0,0,4682520,4682696,4682530,0,0,0,0,c,2.3905771520818136e-10,0.0454545454545454,0,1,0
0x47730d,JZ,1,0,47,2,0x477302,TEST,1,NonLeaf,rbx(MOV) rbx(MOV) ,rflags ,MOV,8,TEST,3,MOV,10,MOV,7,MOV,7,XOR,3,JMP,2,NOP,4,CMP,4,JZ,6,0,1,1,0,0,JE,0,0,1,0,0,0,JMP,0,0,4682464,4682556,4682511,0,0,0,0,c,5.433129891095032e-12,0.0,0,0,0
0x476fc4,JZ,1,0,-20,2,0x476fc1,TEST,1,NonLeaf,rax(-1) rax(-1) ,rflags ,TEST,3,CALL_NEAR,2,MOV,3,MOV,5,JMP,5,POP,1,POP,1,POP,2,MOV,3,XOR,2,0,0,0,0,0,JMP,0,0,1,0,0,0,JMP,0,0,4681665,4681648,4681670,0,0,0,0,c,5.433129891095032e-12,0.0,0,0,0
0x476ed2,JNBE,3,3,190,6,0x476ece,CMP,1,NonLeaf,rcx(SHR) ,rflags ,CMP,4,SHR,4,MOV,3,SUB,4,JZ,6,CMP,4,MOV,8,MOV,8,MOV,8,MOV,3,0,1,0,0,0,CALL,0,1,1,0,0,0,JBE,0,0,4681411,4681616,4681432,0,0,1,1,c,1.6299389673285098e-11,1.0,1,0,1
0x476ebd,JZ,3,3,195,6,0x476eba,CMP,1,NonLeaf,r14(-1) rax(LEA) ,rflags ,CMP,3,LEA,4,JNZ,2,TEST,2,AND,4,SUB,4,MOV,3,SHR,4,CMP,4,JNBE,6,0,1,0,0,0,JMP,0,0,0,1,0,0,JA,0,0,4681398,4681600,4681411,0,0,0,0,c,1.6299389673285098e-11,1.0,1,1,1
0x476eb4,JNZ,3,0,15,2,0x476eb2,TEST,1,NonLeaf,eax(MOV) eax(MOV) ,rflags ,TEST,2,AND,4,MOV,6,NOP,5,JMP,2,LEA,4,CMP,3,JZ,6,SUB,4,MOV,3,0,1,1,0,0,JA,0,0,1,0,0,0,JE,0,0,4681384,4681411,4681398,0,0,0,0,c,1.6299389673285098e-11,0.0,0,0,0
0x476e56,JZ,3,3,82,2,0x476e53,TEST,1,NonLeaf,dl(MOV) ,rflags ,TEST,3,MOV,4,JZ,6,TEST,3,JNZ,6,MOV,6,TEST,2,JNZ,6,MOV,3,POP,1,0,1,0,0,0,JNE,0,0,1,0,0,0,JNE,0,0,4681295,4681384,4681304,1,0,0,0,c,1.6299389673285098e-11,1.0,1,0,1
0x476e49,JZ,3,0,359,6,0x476e46,TEST,1,NonLeaf,rbp(-1) rbp(-1) ,rflags ,TEST,3,JNZ,6,DEC,2,JMP,2,JNZ,6,MOV,4,TEST,3,JZ,2,MOV,6,TEST,2,0,0,0,0,0,JMP,0,0,1,0,0,0,JE,0,0,4681286,4681648,4681295,0,0,0,0,c,1.6299389673285098e-11,0.0,0,0,0
0x476e40,JNZ,3,0,9658,6,0x476e3e,DEC,1,NonLeaf,rbx(-1) ,rflags ,DEC,2,JMP,2,JNZ,6,DEC_LOCK,3,JZ,2,TEST,3,JZ,6,MOV,4,TEST,3,JZ,2,0,-1,-1,-1,-1,CALL,-1,1,0,1,0,0,JE,0,0,4681278,4690938,4681286,0,0,1,0,c,1.6299389673285098e-11,0.0,0,0,0
0x476e31,JZ,3,3,13,2,0x476e2a,CMP,1,NonLeaf,rip(JZ) ,rflags ,CMP,7,JZ,6,MOV,3,TEST,3,CALL_NEAR,5,DEC_LOCK,3,JNZ,6,JMP,2,DEC,2,JNZ,6,0,1,0,0,0,JNE,0,0,1,0,0,0,JNE,0,0,4681258,4681278,4681267,0,0,1,0,c,1.6299389673285098e-11,1.0,1,0,1
0x476e24,JZ,3,0,300,6,0x476e1e,TEST,1,NonLeaf,rax(-1) rax(-1) ,rflags ,MOV,3,TEST,3,CALL_NEAR,5,MOV,3,MOV,3,CMP,7,JZ,2,DEC_LOCK,3,JNZ,6,JMP,2,0,1,0,0,0,CALL,0,1,1,0,0,0,JE,0,0,4681246,4681552,4681258,0,0,1,0,c,1.6299389673285098e-11,0.0,0,0,0
0x476df9,JZ,3,3,26,2,0x476df2,CMP,1,NonLeaf,rbx(-1) ,rflags ,CMP,7,AND,4,MOV,4,MOV,4,JNZ,6,MOV,3,AND,7,ADD,4,SUB,3,CMP,3,0,1,1,0,0,CALL,0,1,1,0,0,0,CMOVB,0,0,4681190,4681235,4681211,0,0,1,0,c,1.6299389673285098e-11,1.0,1,0,1
0x476de0,JNZ,3,0,9727,6,0x476ddd,CMPXCHG,1,NonLeaf,rbx(-1) esi(-1) eax(CMPXCHG) ,eax rflags ,CMPXCHG,3,JMP,2,JNZ,6,CMPXCHG_LOCK,4,JZ,2,MOV,4,MOV,4,AND,4,CMP,7,JZ,2,0,-1,-1,-1,-1,CALL,-1,1,0,1,0,0,JE,0,0,4681181,4690911,4681190,0,0,1,0,c,1.6299389673285098e-11,0.0,0,0,0
0x476dcf,JZ,3,3,14,2,0x476dc8,CMP,1,NonLeaf,rip(JZ) ,rflags ,CMP,7,MOV,5,JNZ,6,AND,3,MOV,3,CMPXCHG_LOCK,4,JNZ,6,JMP,2,CMPXCHG,3,JNZ,6,0,1,0,0,0,JNE,0,0,1,0,0,0,JNE,0,0,4681155,4681181,4681169,0,0,1,0,c,1.6299389673285098e-11,1.0,1,0,1
0x476dbd,JNZ,3,0,187,6,0x476dba,AND,1,NonLeaf,eax(AND) ,eax rflags ,AND,3,MOV,3,JZ,6,TEST,3,MOV,4,MOV,5,CMP,7,JZ,2,CMPXCHG_LOCK,4,JNZ,6,0,0,0,0,0,CALL,0,1,1,0,0,0,JE,0,0,4681143,4681336,4681155,0,0,1,0,c,1.6299389673285098e-11,0.0,0,0,0
0x476db1,JZ,3,0,199,6,0x476dae,TEST,1,NonLeaf,rbx(MOV) rbx(MOV) ,rflags ,TEST,3,MOV,4,MOV,7,JNZ,6,TEST,3,MOV,3,AND,3,JNZ,6,MOV,5,CMP,7,0,1,0,0,0,CALL,0,1,1,0,0,0,JNE,0,0,4681123,4681336,4681143,0,0,1,0,c,1.6299389673285098e-11,0.0,0,0,0
0x476d9d,JNZ,4,1,538,6,0x476d9a,TEST,1,NonLeaf,rcx(MOV) rcx(MOV) ,rflags ,TEST,3,MOV,7,JNBE,6,PUSH,1,PUSH,1,MOV,7,MOV,4,TEST,3,JZ,6,MOV,3,0,1,0,0,0,CALL,0,1,1,0,0,0,JE,0,0,4681107,4681655,4681123,0,0,1,0,c,2.173251956438013e-11,0.25,0,0,0
0x476d8d,JNBE,4,0,590,6,0x476d86,CMP,1,NonLeaf,rdx(OR) rax(MOV) ,rflags ,PUSH,1,PUSH,1,PUSH,2,CMP,3,IMUL,4,MOV,7,TEST,3,JNZ,6,MOV,7,MOV,4,0,1,0,0,0,JE,0,0,1,0,0,0,JNE,0,0,4681072,4681691,4681107,0,0,0,0,c,2.173251956438013e-11,0.0,0,0,0
0x476b83,JNZ,1,1,-726,6,0x476b80,TEST,1,NonLeaf,rsi(-1) rsi(-1) ,rflags ,TEST,3,NOP,10,JMP,5,MOV,7,XOR,3,CALL_NEAR,5,XOR,3,JMP,5,NOP,10,ADD,4,0,0,0,0,0,JE,0,0,1,0,0,0,CALL,0,1,4680576,4679853,4680585,0,0,0,1,c,5.433129891095032e-12,1.0,1,0,1
0x476a4e,JNZ,1,1,-149,6,0x476a42,TEST,1,NonLeaf,r13(-1) r13(-1) ,rflags ,MOV,5,MOV,4,TEST,3,JNZ,6,DEC,3,MOV,4,MOV,5,NOP,1,MOV,3,CALL_NEAR,5,0,0,1,0,0,RET,0,0,1,0,0,0,CALL,0,1,4680258,4680121,4680276,1,0,0,1,c,5.433129891095032e-12,1.0,1,0,1
0x476a3c,JNZ,1,0,10577,6,0x476a39,DEC,1,NonLeaf,rbp(-1) ,rflags ,DEC,3,JMP,2,JNZ,6,DEC_LOCK,4,JZ,2,TEST,3,MOV,4,MOV,5,JNZ,6,MOV,4,0,-1,-1,-1,-1,CALL,-1,1,0,1,0,0,JNE,0,0,4680249,4690829,4680258,0,0,1,0,c,5.433129891095032e-12,0.0,0,0,0
0x476a2b,JZ,1,1,14,2,0x476a24,CMP,1,NonLeaf,rip(JZ) ,rflags ,CMP,7,MOV,3,CALL_NEAR,5,MOV,4,MOV,3,DEC_LOCK,4,JNZ,6,JMP,2,DEC,3,JNZ,6,0,1,0,0,0,JNE,0,0,1,0,0,0,JNE,0,0,4680225,4680249,4680237,0,0,1,0,c,5.433129891095032e-12,1.0,1,0,1
0x476a06,JNZ,1,0,10603,6,0x476a02,CMPXCHG,1,NonLeaf,rbp(-1) esi(-1) eax(CMPXCHG) ,eax rflags ,CMPXCHG,4,JMP,2,JNZ,6,CMPXCHG_LOCK,5,JZ,2,MOV,3,MOV,3,MOV,3,MOV,3,MOV,4,0,-1,-1,-1,-1,CALL,-1,1,0,1,0,0,CALL,0,1,4680194,4690801,4680204,0,0,1,1,c,5.433129891095032e-12,0.0,0,0,0
0x4769f3,JZ,1,1,15,2,0x4769ec,CMP,1,NonLeaf,rip(JZ) ,rflags ,CMP,7,XOR,2,MOV,5,MOV,5,NOP,9,CMPXCHG_LOCK,5,JNZ,6,JMP,2,CMPXCHG,4,JNZ,6,0,1,0,0,0,JNE,0,0,1,0,0,0,JNE,0,0,4680160,4680194,4680181,0,0,1,0,c,5.433129891095032e-12,1.0,1,0,1
0x47691f,JZ,1,1,193,6,0x47691c,TEST,1,NonLeaf,r9(-1) r9(-1) ,rflags ,TEST,3,CMOVNB,4,CMP,4,AND,4,MOV,3,MOV,7,MOV,4,SUB,4,LEA,4,LEA,5,0,1,0,0,0,JE,0,0,1,0,0,0,JE,0,0,4679939,4680160,4679973,0,0,1,0,c,5.433129891095032e-12,1.0,1,0,1
0x4768fd,JNBE,1,0,611,6,0x4768f9,CMP,1,NonLeaf,r15(-1) ,rflags ,CMP,4,JNZ,6,TEST,4,JB,6,CMP,3,LEA,4,MOV,6,MOV,3,AND,4,CMP,4,0,1,0,0,0,JMP,0,0,1,0,0,0,JE,0,0,4679929,4680544,4679939,0,0,1,0,c,5.433129891095032e-12,0.0,0,0,0
0x4768f3,JNZ,1,0,715,6,0x4768ef,TEST,1,NonLeaf,r12b(-1) ,rflags ,TEST,4,JB,6,CMP,3,NEG,3,MOV,3,CMP,4,JNBE,6,LEA,4,MOV,6,MOV,3,0,0,0,0,0,CALL,0,1,1,0,0,0,JA,0,0,4679919,4680638,4679929,0,0,1,0,c,5.433129891095032e-12,0.0,0,0,0
0x4768e9,JB,1,0,725,6,0x4768e6,CMP,1,NonLeaf,rax(NEG) r12(-1) ,rflags ,CMP,3,NEG,3,MOV,3,MOV,5,JNZ,6,TEST,4,JNZ,6,CMP,4,JNBE,6,LEA,4,0,1,0,0,0,CALL,0,1,1,0,0,0,JNE,0,0,4679904,4680638,4679919,0,0,1,0,c,5.433129891095032e-12,0.0,0,0,0
0x4768d5,JNZ,1,0,467,6,0x4768d2,AND,1,NonLeaf,ecx(AND) ,ecx rflags ,AND,3,JNZ,6,AND,4,AND,4,MOV,3,MOV,5,MOV,3,NEG,3,CMP,3,JB,6,0,1,0,0,0,JMP,0,0,1,0,0,0,MOV,0,0,4679890,4680360,4679899,0,0,0,0,c,5.433129891095032e-12,0.0,0,1,0
0x4768cc,JNZ,1,0,260,6,0x4768c8,AND,1,NonLeaf,r9d(AND) ,r9d rflags ,AND,4,AND,4,MOV,3,MOV,3,LEA,4,AND,3,JNZ,6,MOV,5,MOV,3,NEG,3,0,1,0,0,0,JMP,0,0,1,0,0,0,JNE,0,0,4679862,4680144,4679890,0,0,0,0,c,5.433129891095032e-12,0.0,0,0,0
0x4768b0,JZ,1,0,752,6,0x4768ad,TEST,1,NonLeaf,rbx(-1) rbx(-1) ,rflags ,TEST,3,JNZ,6,TEST,3,JNZ,6,TEST,3,MOV,4,LEA,4,MOV,3,MOV,3,AND,4,0,1,0,0,0,JMP,0,0,1,0,0,0,JNE,0,0,4679853,4680608,4679862,0,0,0,0,c,5.433129891095032e-12,0.0,0,0,0
0x4768a7,JNZ,1,1,729,6,0x4768a4,TEST,1,NonLeaf,rdi(-1) rdi(-1) ,rflags ,TEST,3,JNZ,6,TEST,3,MOV,7,SUB,4,TEST,3,JZ,6,MOV,4,LEA,4,MOV,3,0,1,0,0,0,JNE,0,0,1,0,0,0,JE,0,0,4679844,4680576,4679853,0,0,0,0,c,5.433129891095032e-12,1.0,1,0,1
0x47689e,JNZ,2,1,830,6,0x47689b,TEST,1,NonLeaf,rax(MOV) rax(MOV) ,rflags ,TEST,3,MOV,7,SUB,4,MOV,3,PUSH,1,TEST,3,JNZ,6,TEST,3,JZ,6,MOV,4,0,1,0,0,0,JMP,0,0,1,0,0,0,JNE,0,0,4679808,4680668,4679844,0,0,0,0,c,1.0866259782190064e-11,0.5,0,0,0
0x476856,JNZ,1,0,34,2,0x476853,TEST,1,Leaf,rdx(OR) rax(SUB) ,rflags ,TEST,3,SUB,4,OR,3,MOV,3,SUB,3,SUB,7,SUB,7,JMP,5,NOP,5,RET_NEAR,2,0,1,0,0,0,JMP,0,0,1,0,0,0,JMP,0,0,4679732,4679800,4679768,0,0,0,1,c,5.433129891095032e-12,0.0,0,0,0
0x476811,JNBE,1,0,31,2,0x47680b,CMP,1,Leaf,rax(-1) ,rflags ,CMP,6,JBE,2,CMP,7,JNZ,2,TEST,2,AND,4,LEA,4,MOV,7,MOV,7,NOP,1,0,0,0,0,0,AND,0,0,1,0,0,0,JMP,0,0,4679691,4679728,4679699,1,1,0,1,c,5.433129891095032e-12,0.0,0,0,0
0x476809,JBE,1,0,39,2,0x476802,CMP,1,Leaf,rax(-1) rip(JBE) ,rflags ,CMP,7,JNZ,2,TEST,2,MOV,6,NOP,4,CMP,6,JNBE,2,AND,4,LEA,4,MOV,7,0,0,0,0,0,AND,0,0,1,0,0,0,JA,0,0,4679682,4679728,4679691,1,0,0,0,c,5.433129891095032e-12,0.0,0,0,0
0x476800,JNZ,1,0,48,2,0x4767fe,TEST,1,Leaf,edx(MOV) edx(MOV) ,rflags ,TEST,2,MOV,6,NOP,4,JMP,5,MOV,3,CMP,7,JBE,2,CMP,6,JNBE,2,AND,4,0,1,0,0,0,AND,0,0,1,0,0,0,JBE,0,0,4679672,4679728,4679682,0,0,0,0,c,5.433129891095032e-12,0.0,0,0,0
0x4767dc,JZ,256276,256276,14,2,0x4767d5,TEST,1,Leaf,al(-1) ,rflags ,MOV,5,TEST,2,JNZ,2,TEST,2,LEA,4,MOV,3,AND,6,MOV,3,XOR,2,MOV,3,0,1,1,0,0,JMP,0,0,1,0,0,0,MOV,0,0,4679637,4679658,4679646,0,0,0,0,c,1.3923807959702704e-06,1.0,1,0,1
0x4767d3,JNZ,256277,1,37,2,0x4767d1,TEST,1,Leaf,al(MOV) ,rflags ,TEST,2,LEA,4,MOV,4,JZ,6,TEST,3,TEST,2,MOV,5,JZ,2,MOV,3,AND,6,0,1,0,0,0,JNE,0,0,1,0,0,0,JE,0,0,4679625,4679672,4679637,0,0,0,0,c,1.3923862291001616e-06,3.902027883891258e-06,0,0,0
0x4767c3,JZ,297458,41181,173,6,0x4767c0,TEST,1,Leaf,rdi(-1) rdi(-1) ,rflags ,TEST,3,JNZ,6,TEST,3,MOV,7,INVALID,0,MOV,4,LEA,4,TEST,2,JNZ,2,TEST,2,0,1,0,0,0,REPZ RET,0,0,1,0,0,0,JNE,0,0,4679616,4679792,4679625,0,0,0,0,c,1.616127951145346e-06,0.138443074316374,0,0,0
0x4767ba,JNZ,297458,0,184,6,0x4767b7,TEST,1,Leaf,rax(MOV) rax(MOV) ,rflags ,TEST,3,MOV,7,INVALID,0,INVALID,0,INVALID,0,TEST,3,JZ,6,MOV,4,LEA,4,TEST,2,0,1,0,0,0,JMP,0,0,1,0,0,0,JE,0,0,4679600,4679794,4679616,0,0,0,0,c,1.616127951145346e-06,0.0,0,0,0
0x47644b,JNZ,336418,336418,-90,2,0x476448,TEST,1,NonLeaf,rax(-1) rax(-1) ,rflags ,TEST,3,NOP,3,JMP,2,JNZ,6,CMPXCHG,3,NOP,1,MOV,3,MOV,3,CALL_NEAR,5,MOV,3,0,0,1,0,0,JE,0,0,1,0,0,0,CALL,0,1,4678728,4678641,4678733,0,0,0,1,c,1.8278026917024084e-06,1.0,1,1,1
0x47643d,JNZ,336418,0,11933,6,0x47643a,CMPXCHG,1,NonLeaf,rbx(-1) esi(-1) eax(CMPXCHG) ,eax rflags ,CMPXCHG,3,JMP,2,JNZ,6,CMPXCHG_LOCK,4,JZ,2,JMP,2,NOP,3,TEST,3,JNZ,2,NOP,1,0,-1,-1,-1,-1,CALL,-1,1,0,1,0,0,JMP,0,0,4678714,4690650,4678723,0,0,1,0,c,1.8278026917024084e-06,0.0,0,0,0
0x47642c,JZ,336418,336418,14,2,0x476425,CMP,1,NonLeaf,rip(JZ) ,rflags ,CMP,7,MOV,5,NOP,4,RET_NEAR,1,POP,1,CMPXCHG_LOCK,4,JNZ,6,JMP,2,CMPXCHG,3,JNZ,6,0,1,0,0,0,JNE,0,0,1,0,0,0,JNE,0,0,4678688,4678714,4678702,0,0,1,0,c,1.8278026917024084e-06,1.0,1,0,1
0x47640c,JNZ,336418,0,11955,6,0x47640a,DEC,1,NonLeaf,rbx(-1) ,rflags ,DEC,2,JMP,2,JNZ,6,DEC_LOCK,3,JZ,2,ADD,4,MOV,3,POP,1,POP,1,RET_NEAR,1,0,-1,-1,-1,-1,CALL,-1,1,0,1,0,0,RET,0,0,4678666,4690623,4678674,0,0,1,0,c,1.8278026917024084e-06,0.0,0,0,0
0x4763fd,JZ,336418,336418,13,2,0x4763f6,CMP,1,NonLeaf,rip(JZ) ,rflags ,CMP,7,JZ,2,TEST,3,JNZ,2,MOV,3,DEC_LOCK,3,JNZ,6,JMP,2,DEC,2,JNZ,6,0,1,0,0,0,JNE,0,0,1,0,0,0,JNE,0,0,4678646,4678666,4678655,0,0,1,0,c,1.8278026917024084e-06,1.0,1,0,1
0x4763f4,JZ,336418,0,30,2,0x4763f1,TEST,1,NonLeaf,rbx(-1) rbx(-1) ,rflags ,TEST,3,JNZ,2,MOV,3,TEST,3,CALL_NEAR,5,CMP,7,JZ,2,DEC_LOCK,3,JNZ,6,JMP,2,0,1,1,0,0,RET,0,0,1,0,0,0,JE,0,0,4678641,4678674,4678646,0,0,0,0,c,1.8278026917024084e-06,0.0,0,0,0
0x4763ef,JNZ,336418,336418,89,2,0x4763e9,TEST,1,NonLeaf,rbx(-1) rbx(-1) ,rflags ,MOV,3,TEST,3,CALL_NEAR,5,MOV,3,MOV,3,TEST,3,JZ,2,CMP,7,JZ,2,DEC_LOCK,3,0,1,0,0,0,JNE,0,0,1,1,0,0,JE,0,0,4678633,4678728,4678641,0,0,0,0,c,1.8278026917024084e-06,1.0,1,0,1
0x4763cf,JZ,336418,336418,81,2,0x4763cc,AND,1,NonLeaf,eax(AND) ,eax rflags ,AND,3,MOV,3,JZ,2,TEST,3,MOV,4,XOR,2,MOV,3,CALL_NEAR,5,MOV,3,MOV,3,0,1,0,0,0,JE,0,0,0,0,0,0,CALL,0,1,4678601,4678688,4678609,0,0,0,1,c,1.8278026917024084e-06,1.0,1,1,1
0x4763c7,JZ,336418,0,10,2,0x4763c4,TEST,1,NonLeaf,rbx(MOV) rbx(MOV) ,rflags ,TEST,3,MOV,4,MOV,7,JNZ,6,TEST,3,MOV,3,AND,3,JZ,2,XOR,2,MOV,3,0,1,0,0,0,CALL,0,1,1,0,0,0,JE,0,0,4678585,4678609,4678601,0,0,1,0,c,1.8278026917024084e-06,0.0,0,0,0
0x4763b3,JNZ,336418,0,185,6,0x4763b0,TEST,1,NonLeaf,rax(MOV) rax(MOV) ,rflags ,TEST,3,MOV,7,SUB,4,PUSH,1,MOV,3,MOV,7,MOV,4,TEST,3,JZ,2,MOV,3,0,1,0,0,0,JMP,0,0,1,0,0,0,JE,0,0,4678560,4678764,4678585,0,0,0,0,c,1.8278026917024084e-06,0.0,0,0,0
0x4748ea,JBE,2,2,102,2,0x4748e6,CMP,1,NonLeaf,rax(SUB) ,rflags ,CMP,4,SUB,3,MOV,3,MOV,3,MOV,4,AND,3,CMP,7,LEA,4,JZ,6,OR,4,0,1,0,0,0,JMP,0,0,1,0,0,0,JE,0,0,4671712,4671824,4671724,0,0,1,0,c,1.0866259782190064e-11,1.0,1,0,1
0x47486d,JNB,2,2,115,2,0x47486a,CMP,1,NonLeaf,rbp(-1) r13(-1) ,rflags ,CMP,3,JBE,6,CMP,3,JBE,6,CMP,4,CMP,4,JZ,6,LEA,4,TEST,4,JNZ,6,0,1,0,0,0,JBE,0,0,1,0,0,0,JE,0,0,4671594,4671712,4671599,0,0,0,0,c,1.0866259782190064e-11,1.0,1,0,1
0x474864,JBE,2,0,1721,6,0x474861,CMP,1,NonLeaf,rdx(-1) rcx(-1) ,rflags ,CMP,3,JBE,6,CMP,4,AND,4,MOV,3,CMP,3,JNB,2,CMP,4,JZ,6,LEA,4,0,0,0,0,0,JMP,0,0,1,0,0,0,JAE,0,0,4671585,4673309,4671594,0,0,0,0,c,1.0866259782190064e-11,0.0,0,0,0
0x47485b,JBE,2,0,1730,6,0x474857,CMP,1,NonLeaf,rax(MOV) ,rflags ,CMP,4,AND,4,MOV,3,MOV,4,MOV,3,CMP,3,JBE,6,CMP,3,JNB,2,CMP,4,0,1,0,0,0,JMP,0,0,1,0,0,0,JBE,0,0,4671557,4673309,4671585,0,0,0,0,c,1.0866259782190064e-11,0.0,0,0,0
0x47483f,JBE,2,0,1655,6,0x47483c,CMP,1,NonLeaf,rdx(MOV) rbp(MOV) ,rflags ,CMP,3,MOV,7,MOV,3,JBE,6,CMP,4,LEA,4,MOV,3,MOV,4,MOV,3,AND,4,0,0,0,0,0,MOV,0,0,1,0,0,0,JBE,0,0,4671538,4673206,4671557,0,0,0,0,c,1.0866259782190064e-11,0.0,0,0,0
0x47482c,JBE,2,0,1674,6,0x474828,CMP,1,NonLeaf,rsi(MOV) ,rflags ,CMP,4,MOV,4,SUB,4,MOV,3,PUSH,1,MOV,3,MOV,7,CMP,3,JBE,6,LEA,4,0,1,0,0,0,MOV,0,0,1,0,0,0,JBE,0,0,4671504,4673206,4671538,0,0,0,0,c,1.0866259782190064e-11,0.0,0,0,0
0x4b17ab,JNLE,23,0,2041,6,0x4b17a8,CMP,1,NonLeaf,rax(-1) rsi(MOVSXD) ,rflags ,CMP,3,MOVSXD,3,SUB,2,MOV,5,JMP,5,ADD,2,CMP,3,MOV,6,JZ,2,ADD,7,0,0,0,0,0,JMP,1,0,1,0,0,0,JE,0,0,4921246,4923300,4921265,0,1,1,1,c,1.2496198749518575e-10,0.0,0,0,0
0x4b1287,JNBE,23,0,29,2,0x4b1260,CMP,1,NonLeaf,al(SUB) ,rflags ,MOV,7,MOV,10,MOV,10,MOV,10,CMP,2,MOVSX,7,SUB,3,CDQE,2,MOVZX,7,MOV,8,0,0,1,0,0,JMP,0,0,0,0,0,0,MOV,0,0,4919778,4919972,4919945,0,0,0,0,c,1.2496198749518575e-10,0.0,0,0,0
0x4b1192,JNZ,16,0,3866,6,0x4b118a,CMP,1,NonLeaf,rip(JNZ) ,rflags ,CMP,8,JNZ,6,CMP,8,JZ,6,CMP,3,CMP,8,JNZ,6,MOV,7,MOV,11,MOV,10,0,0,0,0,0,MOV,0,0,1,0,0,0,JNE,0,0,4919690,4923564,4919704,0,0,1,0,c,8.69300782575205e-11,0.0,0,0,0
0x4b104e,JBE,16,0,665,6,0x4b1047,CMP,1,NonLeaf,rbp(-1) rax(SUB) ,rflags ,CMP,7,SUB,6,MOV,3,SUB,11,MOV,11,MOV,7,MOV,3,MOV,3,SUB,3,MOV,3,0,1,0,0,0,CALL,0,1,1,1,0,0,CALL,0,1,4919329,4920039,4919380,0,0,1,1,c,8.69300782575205e-11,0.0,0,0,0
0x473c0a,JZ,80555,0,31,2,0x473c04,CMP,1,NonLeaf,r12(-1) ,rflags ,CMP,6,JNZ,2,CMP,4,MOV,4,JNZ,2,MOV,4,MOV,4,MOV,4,MOV,4,JMP,5,0,1,0,0,0,JE,0,0,1,0,0,0,JMP,0,0,4668420,4668457,4668428,0,0,0,1,c,4.3766577837716033e-07,0.0,0,0,0
0x473c02,JNZ,80555,0,79,2,0x473bfe,CMP,1,NonLeaf,r13(-1) rdx(MOV) ,rflags ,CMP,4,MOV,4,JNZ,2,CMP,4,JMP,5,CMP,6,JZ,2,MOV,4,MOV,4,MOV,4,0,0,0,0,0,CALL,0,1,0,1,0,0,JE,0,0,4668410,4668497,4668420,0,0,1,0,c,4.3766577837716033e-07,0.0,0,0,0
0x473bf8,JNZ,80555,0,89,2,0x473bf4,CMP,1,NonLeaf,r13(-1) rax(-1) ,rflags ,CMP,4,JMP,5,AND,4,MOV,3,MOV,3,MOV,4,CMP,4,JNZ,2,CMP,6,JZ,2,0,1,0,0,0,CALL,0,1,1,0,0,0,JNE,0,0,4668404,4668497,4668410,0,0,1,0,c,4.3766577837716033e-07,0.0,0,0,0
0x473a8e,JZ,109442,0,170,6,0x473a89,CMP,1,NonLeaf,rax(-1) ,rflags ,CMP,5,JNZ,6,CMP,4,MOV,4,JNZ,6,MOV,4,MOV,4,MOV,4,MOV,4,JMP,5,0,1,0,0,0,JE,0,0,1,0,0,0,JMP,0,0,4668041,4668216,4668052,0,0,0,1,c,5.946126015412225e-07,0.0,0,0,0
0x473a83,JNZ,109442,0,219,6,0x473a7f,CMP,1,NonLeaf,r13(-1) rcx(MOV) ,rflags ,CMP,4,MOV,4,JNZ,6,CMP,4,JMP,5,CMP,5,JZ,6,MOV,4,MOV,4,MOV,4,0,0,0,0,0,CALL,0,1,0,1,0,0,JE,0,0,4668027,4668254,4668041,0,0,1,0,c,5.946126015412225e-07,0.0,0,0,0
0x473a75,JNZ,109442,0,233,6,0x473a71,CMP,1,NonLeaf,r13(-1) rdx(-1) ,rflags ,CMP,4,JMP,5,MOV,4,CALL_NEAR,5,MOV,4,MOV,4,CMP,4,JNZ,6,CMP,5,JZ,6,0,1,0,0,0,CALL,0,1,1,0,0,0,JNE,0,0,4668017,4668254,4668027,0,0,1,0,c,5.946126015412225e-07,0.0,0,0,0
0x473803,JBE,63889,63854,18,2,0x4737eb,CMP,1,NonLeaf,rsp(-1) ,rflags ,MOV,4,MOV,4,MOV,4,MOV,4,CMP,8,MOV,8,MOV,8,MOV,4,XOR,2,CMP,7,0,1,1,0,0,JMP,0,0,1,0,0,0,MOV,0,0,4667371,4667413,4667397,0,0,1,1,c,3.471172356121705e-07,0.9994521748657827,1,0,1
0x4737e5,JNZ,63889,0,384,6,0x4737e1,CMP,1,NonLeaf,rdx(MOV) r15(-1) ,rflags ,CMP,4,LEA,5,MOV,4,NOP,3,JMP,2,CMP,8,MOV,4,MOV,4,MOV,4,MOV,4,0,1,0,0,0,MOV,0,0,1,0,0,0,JBE,0,0,4667352,4667749,4667371,0,0,0,1,c,3.471172356121705e-07,0.0,0,1,0
0x4737cd,JZ,79808,79808,-1435,6,0x4737cb,TEST,1,NonLeaf,eax(MOV) eax(MOV) ,rflags ,TEST,2,MOV,6,MOV,4,MOV,4,MOV,4,JMP,2,NOP,3,MOV,4,LEA,5,CMP,4,0,0,0,0,0,JMP,0,0,1,0,0,0,JMP,0,0,4667333,4665906,4667347,0,0,0,0,c,4.336072303485124e-07,1.0,1,0,1
0x473774,JZ,1102,1102,-1346,6,0x473772,TEST,1,NonLeaf,eax(MOV) eax(MOV) ,rflags ,TEST,2,MOV,4,MOV,6,JZ,6,MOV,3,XOR,2,MOV,3,MOV,3,MOV,2,CALL_NEAR,5,0,0,0,0,0,JMP,0,0,0,0,0,0,CALL,0,1,4667240,4665906,4667258,0,1,0,1,c,5.987309139986726e-09,1.0,1,0,1
0x473762,JZ,1102,0,607,6,0x47375c,TEST,1,NonLeaf,rax(-1) rax(-1) ,rflags ,MOV,3,TEST,3,CALL_NEAR,5,MOV,4,MOV,3,MOV,6,MOV,4,TEST,2,JZ,6,XOR,2,0,0,0,0,0,JMP,0,0,1,0,0,0,JE,0,0,4667228,4667841,4667240,0,0,0,0,c,5.987309139986726e-09,0.0,0,0,0
0x473654,JBE,110097,55254,18,2,0x47364d,CMP,1,NonLeaf,rbx(-1) ,rflags ,CMP,7,MOV,4,JNBE,2,MOV,4,MOV,4,MOV,8,MOV,8,XOR,2,CMP,7,SETNZ,3,0,1,1,0,0,JMP,0,0,1,0,0,0,MOV,0,0,4666957,4666982,4666966,0,0,1,1,c,5.981713016198898e-07,0.5018665358729121,1,0,1
0x473647,JNBE,110097,110090,6,2,0x473630,CMP,1,NonLeaf,r14(-1) ,rflags ,MOV,4,MOV,4,MOV,4,MOV,4,CMP,7,MOV,4,CMP,7,JBE,2,MOV,8,MOV,8,0,1,1,0,0,JBE,0,0,1,0,0,0,MOV,0,0,4666928,4666957,4666953,0,0,0,1,c,5.981713016198898e-07,0.9999364197026258,1,0,1
0x47362a,JNZ,110097,0,949,6,0x473626,CMP,1,NonLeaf,rdx(MOV) r15(-1) ,rflags ,CMP,4,LEA,5,MOV,4,JMP,5,MOV,5,CMP,7,MOV,4,MOV,4,MOV,4,MOV,4,0,1,0,0,0,JMP,0,0,1,0,0,0,JA,0,0,4666909,4667871,4666928,0,0,0,1,c,5.981713016198898e-07,0.0,0,0,0
0x473603,JNZ,647,0,-1838,6,0x4735fc,CMP,1,NonLeaf,rbp(-1) ,rflags ,CMP,7,OR,6,JNBE,2,CMP,4,JNZ,6,JMP,5,MOV,5,MOV,5,JMP,5,MOV,4,0,0,0,0,0,OR,0,0,1,0,0,0,JMP,0,0,4666870,4665045,4666889,0,0,1,0,c,3.515235039538486e-09,0.0,0,0,0
0x4735f4,JNBE,110744,110097,41,2,0x4735f0,CMP,1,NonLeaf,rbx(-1) ,rflags ,CMP,4,JNZ,6,TEST,3,MOV,4,JBE,2,OR,6,CMP,7,JNZ,6,JMP,5,MOV,5,0,1,0,0,0,JNE,0,0,1,0,0,0,JNE,0,0,4666864,4666909,4666870,0,0,0,1,c,6.016865366594282e-07,0.9941576970309904,1,0,1
0x4735ea,JNZ,110740,109442,1159,6,0x4735e7,TEST,1,NonLeaf,rdx(MOV) rdx(MOV) ,rflags ,TEST,3,MOV,4,JBE,2,MOV,4,MOV,4,CMP,4,JNBE,2,OR,6,CMP,7,JNZ,6,0,1,0,0,0,JNE,0,0,0,1,0,0,JA,0,0,4666851,4668017,4666864,0,0,0,0,c,6.016648041398639e-07,0.9882788513635544,1,0,1
0x4735e1,JBE,110744,4,15,2,0x4735d1,CMP,1,NonLeaf,r13(-1) ,rflags ,MOV,4,MOV,4,CMP,8,JNZ,6,CMP,4,MOV,4,TEST,3,JNZ,6,CMP,4,JNBE,2,0,0,1,0,0,JA,0,0,1,0,0,0,JNE,0,0,4666833,4666864,4666851,0,0,0,0,c,6.016865366594282e-07,3.611933829372246e-05,0,0,0
0x4735cb,JNZ,110744,0,1051,6,0x4735c7,CMP,1,NonLeaf,r13(-1) rdx(-1) ,rflags ,CMP,4,JNZ,6,CMP,4,MOV,4,MOV,4,CMP,8,MOV,4,MOV,4,JBE,2,MOV,4,0,0,0,0,0,JE,0,0,1,0,0,0,JBE,0,0,4666823,4667878,4666833,0,0,1,1,c,6.016865366594282e-07,0.0,0,0,0
0x4735c1,JNZ,110744,0,1061,6,0x4735bd,CMP,1,NonLeaf,r13(-1) rax(MOV) ,rflags ,CMP,4,MOV,4,MOV,4,JNZ,6,CMP,4,CMP,4,JNZ,6,CMP,8,MOV,4,MOV,4,0,1,0,0,0,JE,0,0,1,0,0,0,JNE,0,0,4666805,4667878,4666823,0,0,1,0,c,6.016865366594282e-07,0.0,0,0,0
0x4735af,JNZ,110744,0,1183,6,0x4735ab,CMP,1,NonLeaf,rax(AND) r12(LEA) ,rflags ,CMP,4,SUB,3,MOV,3,LEA,5,AND,4,MOV,4,MOV,4,CMP,4,JNZ,6,CMP,4,0,1,0,0,0,CALL,0,1,1,1,0,0,JNE,0,0,4666773,4667982,4666805,0,0,1,0,c,6.016865366594282e-07,0.0,0,0,0
0x473560,JNBE,655,41,340,6,0x47355c,CMP,1,NonLeaf,r10(SHR) ,rflags ,CMP,4,SHR,4,MOV,3,JBE,2,CMP,4,ADD,4,JMP,5,MOV,2,MOV,2,SHL,3,0,1,0,0,0,JMP,0,0,1,0,0,0,JMP,0,0,4666709,4667060,4666726,0,1,0,0,c,3.5587000786672463e-09,0.0625954198473282,0,0,0
0x473553,JBE,1754,1099,57,2,0x47354f,CMP,1,NonLeaf,r10(SHR) ,rflags ,CMP,4,SHR,4,MOV,3,RET_NEAR,1,XOR,2,MOV,3,SHR,4,CMP,4,JNBE,6,ADD,4,0,1,0,0,0,JMP,0,0,1,0,0,0,JA,0,0,4666696,4666764,4666709,1,0,0,0,c,9.529709828980686e-09,0.6265678449258837,1,0,1
0x473509,JNZ,20519,0,-1588,6,0x473502,CMP,1,NonLeaf,rbp(-1) ,rflags ,CMP,7,OR,6,JNBE,6,CMP,5,JNZ,6,JMP,5,NOP,4,MOV,6,MOV,6,MOV,5,0,0,0,0,0,OR,0,0,1,0,0,0,JMP,0,0,4666620,4665045,4666639,0,0,1,0,c,1.1148239223537897e-07,0.0,0,0,0
0x4734f6,JNBE,84408,63889,738,6,0x4734f1,CMP,1,NonLeaf,rsp(-1) ,rflags ,CMP,5,JNZ,6,TEST,3,MOV,4,JBE,2,OR,6,CMP,7,JNZ,6,JMP,5,NOP,4,0,1,0,0,0,JNE,0,0,1,0,0,0,JNE,0,0,4666609,4667352,4666620,0,0,0,1,c,4.585996278475495e-07,0.7569069282532461,1,0,1
0x4734eb,JNZ,84408,80555,1801,6,0x4734e8,TEST,1,NonLeaf,rax(MOV) rax(MOV) ,rflags ,TEST,3,MOV,4,JBE,2,MOV,4,MOV,5,CMP,5,JNBE,6,OR,6,CMP,7,JNZ,6,0,1,0,0,0,JNE,0,0,0,1,0,0,JA,0,0,4666596,4668404,4666609,0,0,0,0,c,4.585996278475495e-07,0.9543526679935552,1,0,1
0x4734e2,JBE,84408,0,15,2,0x4734d1,CMP,1,NonLeaf,r13(-1) ,rflags ,MOV,4,MOV,5,CMP,8,JNZ,6,CMP,4,MOV,4,TEST,3,JNZ,6,CMP,5,JNBE,6,0,0,1,0,0,JA,0,0,1,0,0,0,JNE,0,0,4666577,4666609,4666596,0,0,0,0,c,4.585996278475495e-07,0.0,0,0,0
0x4734cb,JNZ,84408,0,1502,6,0x4734c7,CMP,1,NonLeaf,r13(-1) rax(-1) ,rflags ,CMP,4,JNZ,6,CMP,5,MOV,4,MOV,4,CMP,8,MOV,5,MOV,4,JBE,2,MOV,4,0,0,0,0,0,JE,0,0,1,0,0,0,JBE,0,0,4666567,4668073,4666577,0,0,1,1,c,4.585996278475495e-07,0.0,0,0,0
0x4734c1,JNZ,84408,0,1512,6,0x4734bc,CMP,1,NonLeaf,r13(-1) r12(MOV) ,rflags ,CMP,5,MOV,4,MOV,4,JNZ,6,MOV,4,CMP,4,JNZ,6,CMP,8,MOV,5,MOV,4,0,1,0,0,0,JE,0,0,1,0,0,0,JNE,0,0,4666548,4668073,4666567,0,0,1,0,c,4.585996278475495e-07,0.0,0,0,0
0x4734ae,JNZ,84408,0,1637,6,0x4734a5,CMP,1,NonLeaf,r13(-1) rax(-1) rax(-1) ,rflags ,MOV,4,CMP,5,SUB,3,MOV,3,JZ,6,MOV,4,MOV,4,CMP,5,JNZ,6,CMP,4,0,1,0,0,0,CALL,0,1,1,1,0,0,JNE,0,0,4666527,4668179,4666548,0,0,1,0,c,4.585996278475495e-07,0.0,0,0,0
0x473499,JZ,30972,3853,1868,6,0x473495,CMP,1,NonLeaf,rdx(-1) rcx(MOV) ,rflags ,CMP,4,MOV,3,MOV,4,JZ,6,CMP,4,MOV,3,SUB,3,CMP,5,MOV,4,JNZ,6,0,1,0,0,0,JMP,0,0,0,1,0,0,JNE,0,0,4666510,4668389,4666527,0,0,0,1,c,1.6827489898699536e-07,0.1244026862973008,0,0,0
0x473488,JZ,84408,53436,1945,6,0x473484,CMP,1,NonLeaf,rax(-1) r13(-1) ,rflags ,CMP,4,JNBE,2,CMP,3,AND,4,MOV,3,MOV,4,MOV,3,CMP,4,JZ,6,MOV,3,0,1,0,0,0,JMP,0,0,1,0,0,0,JE,0,0,4666500,4668449,4666510,0,0,0,0,c,4.585996278475495e-07,0.6330679556440147,1,0,1
0x473482,JNBE,139767,55359,-18,2,0x47347f,CMP,1,NonLeaf,r14(-1) rbx(AND) ,rflags ,CMP,3,AND,4,MOV,3,MOV,4,MOV,4,CMP,4,JZ,6,MOV,4,MOV,3,CMP,4,1,1,0,0,0,MOV,0,0,1,1,0,0,JE,1,0,4666484,4666480,4666500,0,0,0,0,c,7.593722654886793e-07,0.3960806198888149,0,0,0
0x47345b,JNBE,130514,46106,-478,6,0x473457,CMP,1,NonLeaf,r14(-1) rdx(-1) ,rflags ,CMP,4,JZ,6,CMP,3,MOV,4,LEA,5,MOV,3,MOV,4,JMP,2,NOP,6,MOV,4,0,0,0,0,0,SHL,0,0,1,0,0,0,JMP,1,0,4666455,4665981,4666465,0,0,0,0,c,7.090995146063771e-07,0.3532647838546056,0,0,0
0x473451,JZ,216210,85696,-468,6,0x47344e,CMP,1,NonLeaf,rdx(MOV) rax(LEA) ,rflags ,CMP,3,MOV,4,LEA,5,LEA,5,NOP,10,CMP,4,JNBE,6,MOV,3,MOV,4,JMP,2,0,0,0,0,0,SHL,0,0,1,0,0,0,JA,0,0,4666432,4665981,4666455,0,0,0,0,c,1.174697013753657e-06,0.3963553952176125,0,0,0
0x47340b,JNZ,25376,0,1469,6,0x473409,TEST,1,NonLeaf,eax(MOV) eax(MOV) ,rflags ,TEST,2,ADD,4,MOV,6,OR,5,JZ,2,MOV,3,JMP,5,MOV,4,SHR,3,SUB,3,0,1,0,0,0,CALL,0,1,1,0,0,0,JMP,0,0,4666367,4667848,4666385,1,0,1,0,c,1.3787110411642757e-07,0.0,0,0,0
0x4733f8,JZ,25376,25376,7,2,0x4733ee,CMP,1,NonLeaf,rbp(-1) ,rflags ,MOV,3,CMP,7,OR,6,JMP,5,LEA,7,OR,5,MOV,6,ADD,4,TEST,2,JNZ,6,0,1,1,0,0,JNE,0,0,1,0,0,0,OR,0,0,4666344,4666367,4666362,0,0,0,1,c,1.3787110411642757e-07,1.0,1,0,1
0x4733d3,JNBE,19067,18652,325,6,0x4733cf,CMP,1,NonLeaf,rax(SHR) ,rflags ,CMP,4,SHR,4,MOV,3,NOP,7,JMP,5,LEA,3,LEA,7,JMP,5,OR,6,CMP,7,0,1,0,0,0,JMP,0,0,1,0,0,0,JMP,0,0,4666312,4666648,4666329,0,1,0,0,c,1.0359348763350899e-07,0.9782346462474432,1,0,1
0x4733a1,JNZ,163528,110744,500,6,0x47339e,CMP,1,NonLeaf,r13(MOV) rdx(-1) ,rflags ,CMP,3,MOV,4,JZ,2,TEST,2,ADD,2,MOV,2,ADD,4,ADD,2,NOT,2,AND,2,0,1,0,0,0,JNE,1,0,1,0,0,0,JMP,0,0,4666266,4666773,4666279,0,1,0,1,c,8.884688648309884e-07,0.6772173572721492,1,0,1
0x473398,JZ,686973,523445,-8,2,0x473396,TEST,1,NonLeaf,esi(-1) eax(ADD) ,rflags ,TEST,2,ADD,2,ADD,4,NOP,8,JMP,5,MOV,4,CMP,3,JNZ,6,MOV,2,ADD,4,1,1,0,0,0,ADD,0,0,1,1,0,0,JNE,1,0,4666262,4666256,4666266,1,0,0,0,c,3.732413540675228e-06,0.7619586213723101,1,1,1
0x47330d,JNZ,1102,1102,1088,6,0x473309,TEST,1,NonLeaf,rbp(-1) ,rflags ,TEST,4,JNB,6,CMP,3,AND,4,MOV,4,MOV,3,CALL_NEAR,5,CMP,7,MOV,5,JBE,6,0,1,0,0,0,CALL,1,1,1,0,0,0,CALL,0,1,4666121,4667213,4666131,0,0,1,1,c,5.987309139986726e-09,1.0,1,0,1
0x473303,JNB,80910,79808,1165,6,0x473300,CMP,1,NonLeaf,rax(AND) rcx(LEA) ,rflags ,CMP,3,AND,4,MOV,4,LEA,4,MOV,4,TEST,4,JNZ,6,MOV,3,CALL_NEAR,5,CMP,7,0,1,0,0,0,MOV,1,0,1,0,0,0,JNE,0,0,4666096,4667280,4666121,1,0,1,0,c,4.395945394884991e-07,0.9863799283154122,1,0,1
0x4732ea,JNZ,59839,2,804,6,0x4732e8,TEST,1,NonLeaf,esi(MOV) esi(MOV) ,rflags ,TEST,2,MOV,6,JZ,2,CMP,3,JNZ,6,MOV,4,LEA,4,MOV,4,AND,4,CMP,3,0,1,0,0,0,JMP,0,0,0,0,0,0,JAE,1,0,4666082,4666894,4666096,0,0,0,0,c,3.251130595532356e-07,3.342301843279467e-05,0,0,0
0x4732e0,JZ,59847,8,16,2,0x4732dd,CMP,1,NonLeaf,edi(-1) ,rflags ,CMP,3,JNZ,6,TEST,2,MOV,7,MOV,2,MOV,6,TEST,2,JNZ,6,MOV,4,LEA,4,0,0,0,0,0,JAE,1,0,1,0,0,0,JNE,0,0,4666077,4666096,4666082,0,0,0,0,c,3.251565245923644e-07,0.0001336742025498,0,0,0
0x4732d7,JNZ,59847,0,664,6,0x4732d5,TEST,1,NonLeaf,esi(MOV) esi(MOV) ,rflags ,TEST,2,MOV,7,MOV,2,JZ,2,CMP,3,CMP,3,JZ,2,MOV,6,TEST,2,JNZ,6,0,0,0,0,0,SUB,0,0,1,0,0,0,JE,0,0,4666060,4666735,4666077,0,0,0,0,c,3.251565245923644e-07,0.0,0,0,0
0x4732ca,JZ,60775,928,38,2,0x4732c7,CMP,1,NonLeaf,eax(LEA) ,rflags ,CMP,3,LEA,3,JNZ,6,TEST,2,MOV,7,MOV,2,MOV,7,TEST,2,JNZ,6,CMP,3,0,0,0,0,0,JAE,1,0,1,0,0,0,JNE,0,0,4666052,4666096,4666060,0,0,0,0,c,3.3019846913130057e-07,0.015269436445907,0,0,0
0x4732be,JNZ,61082,307,689,6,0x4732bc,TEST,1,NonLeaf,esi(MOV) esi(MOV) ,rflags ,TEST,2,MOV,7,MOV,2,JNBE,2,CMP,3,LEA,3,CMP,3,JZ,2,MOV,2,MOV,7,0,1,0,0,0,SUB,0,0,1,0,0,0,JE,0,0,4666035,4666735,4666052,0,0,0,0,c,3.318664400078668e-07,0.0050260305818408,0,0,0
0x4732b1,JNBE,81219,20137,63,2,0x4732ae,CMP,1,NonLeaf,eax(LEA) ,rflags ,CMP,3,LEA,3,JBE,6,CMP,2,JZ,2,MOV,2,MOV,7,TEST,2,JNZ,6,LEA,3,0,1,0,0,0,JAE,1,0,1,0,0,0,JNE,0,0,4666027,4666096,4666035,0,0,0,0,c,4.412733766248474e-07,0.247934596584543,0,0,0
0x4732a5,JBE,244409,163219,241,6,0x4732a3,CMP,1,NonLeaf,eax(-1) esi(-1) ,rflags ,CMP,2,JZ,2,TEST,2,SHL,2,MOV,5,LEA,3,CMP,3,JNBE,2,MOV,2,MOV,7,0,0,0,1,0,JE,0,0,0,0,0,0,JA,0,0,4666019,4666262,4666027,0,0,0,0,c,1.3279058435526455e-06,0.6678109234929974,1,0,1
0x4732a1,JZ,244438,29,10,2,0x47329f,TEST,1,NonLeaf,eax(-1) eax(-1) ,rflags ,TEST,2,SHL,2,MOV,5,MOV,7,MOV,2,CMP,2,JBE,6,LEA,3,CMP,3,JNBE,2,1,1,0,0,0,JA,0,0,1,0,0,0,JBE,0,0,4666015,4666027,4666019,0,0,0,0,c,1.3280634043194875e-06,0.0001186394914047,0,0,0
0x473277,JNBE,276062,216210,457,6,0x473270,CMP,1,NonLeaf,r14(-1) ,rflags ,CMP,7,NOP,7,JMP,5,MOV,4,JMP,5,LEA,4,LEA,4,MOV,2,LEA,5,SHR,3,0,1,0,0,0,JE,0,0,1,0,0,0,SHL,0,0,4665968,4666432,4665981,0,0,0,0,c,1.4998807039954768e-06,0.7831936304163557,1,0,1
0x47324b,JNBE,19670,19067,381,6,0x473247,CMP,1,NonLeaf,rax(SHR) ,rflags ,CMP,4,SHR,4,MOV,3,NOP,6,JMP,5,LEA,3,LEA,7,JMP,5,MOV,4,JMP,5,0,1,0,0,0,JA,0,0,1,0,0,0,JMP,0,0,4665920,4666312,4665937,0,1,0,0,c,1.0686966495783928e-07,0.9693441789527198,1,0,1
0x47322c,JNZ,34978,0,1358,6,0x47322a,TEST,1,NonLeaf,eax(MOV) eax(MOV) ,rflags ,TEST,2,MOV,4,MOV,6,LEA,4,MOV,4,MOV,3,JMP,5,NOP,6,MOV,3,SHR,4,0,0,0,0,0,CALL,0,1,0,0,0,0,JMP,0,0,4665846,4667258,4665906,1,0,1,0,c,1.9004001733072206e-07,0.0,0,0,0
0x4731e4,JBE,34978,31,18,2,0x4731c3,CMP,1,NonLeaf,rdx(SUB) ,rflags ,MOV,4,MOV,4,MOV,3,MOV,4,MOV,4,MOV,8,MOV,8,XOR,2,CMP,7,SETNZ,3,0,1,1,0,0,JNE,0,0,1,0,0,0,MOV,0,0,4665786,4665846,4665830,0,0,1,1,c,1.9004001733072206e-07,0.0008862713705757,0,0,0
0x4731b4,JBE,34981,3,-329,6,0x4731b1,CMP,1,NonLeaf,rdx(-1) rcx(LEA) ,rflags ,CMP,3,LEA,4,JNZ,6,CMP,3,MOV,4,SUB,3,ADD,3,MOV,3,CMP,7,MOV,3,0,0,0,0,0,JE,0,0,1,0,0,0,JBE,1,0,4665773,4665451,4665786,0,1,1,1,c,1.9005631672039533e-07,8.576084159972557e-05,0,1,0
0x4731a7,JNZ,34986,5,-316,6,0x4731a4,CMP,1,NonLeaf,rax(MOV) rbx(-1) ,rflags ,CMP,3,MOV,4,NOP,3,JMP,2,LEA,7,LEA,4,CMP,3,JBE,6,SUB,3,ADD,3,0,0,0,0,0,JE,0,0,1,0,0,0,JBE,0,0,4665760,4665451,4665773,0,0,1,0,c,1.900834823698508e-07,0.0001429143085805,0,0,0
0x47318b,JNBE,45614,19670,181,6,0x473187,CMP,1,NonLeaf,rax(SHR) ,rflags ,CMP,4,SHR,4,MOV,3,NOP,2,JMP,5,LEA,3,LEA,7,JMP,2,NOP,3,MOV,4,0,1,0,0,0,JA,0,0,1,0,0,0,JMP,0,0,4665728,4665920,4665745,0,1,0,0,c,2.478267868524088e-07,0.4312272547901959,0,0,0
0x473168,JNZ,192958,75031,-159,6,0x473165,CMP,1,NonLeaf,rax(MOV) rsi(LEA) ,rflags ,CMP,3,MOV,4,LEA,5,SHL,3,SUB,4,MOV,4,MOV,4,MOV,3,JMP,5,NOP,2,0,0,0,0,0,JAE,0,0,0,0,0,0,JMP,0,0,4665671,4665545,4665710,0,0,0,1,c,1.0483658775259151e-06,0.3888462774282486,0,1,0
0x47313b,JNBE,211610,45614,69,2,0x473137,CMP,1,NonLeaf,rax(SHR) ,rflags ,CMP,4,SHR,4,MOV,3,NOP,6,JMP,5,LEA,3,LEA,7,CDQE,2,MOV,6,MOV,6,0,1,0,0,0,JA,0,0,1,0,0,0,LEA,0,0,4665648,4665728,4665661,0,1,0,0,c,1.1497046162546198e-06,0.2155569207504371,0,0,0
0x473100,JZ,63684,19861,352,6,0x4730fd,CMP,1,NonLeaf,rdx(-1) rcx(-1) ,rflags ,CMP,3,JB,2,CMP,3,MOV,4,MOV,4,MOV,4,MOV,4,MOV,3,MOV,4,MOV,4,0,1,0,0,0,JMP,0,0,1,0,0,0,MOV,0,0,4665597,4665952,4665606,0,0,0,1,c,3.46003443984496e-07,0.3118679731172665,0,0,0
0x4730fb,JB,111753,48069,-11,2,0x4730f8,CMP,1,NonLeaf,rdx(-1) rcx(MOV) ,rflags ,CMP,3,MOV,4,MOV,4,JMP,5,MOV,4,CMP,3,JZ,6,MOV,4,MOV,4,MOV,3,1,1,0,0,0,MOV,0,0,1,1,0,0,JE,1,0,4665588,4665584,4665597,0,0,0,0,c,6.071685647195431e-07,0.4301361037287589,0,0,0
0x4730d5,JNB,101116,63684,31,2,0x4730d1,CMP,1,NonLeaf,rdx(OR) rdi(MOV) ,rflags ,CMP,4,OR,4,MOV,4,JZ,6,CMP,3,MOV,4,MOV,4,MOV,4,MOV,4,MOV,4,0,1,0,1,0,JB,0,0,1,0,0,0,JMP,0,0,4665545,4665588,4665559,0,0,0,1,c,5.493763620679653e-07,0.629811305826971,1,1,1
0x4730c3,JZ,35856,9771,171,6,0x4730c0,CMP,1,NonLeaf,rax(MOV) rsi(LEA) ,rflags ,CMP,3,MOV,4,LEA,5,SAR,4,SUB,4,MOV,4,OR,4,CMP,4,JNB,2,MOV,4,0,0,0,0,0,JMP,0,0,0,0,0,0,JAE,0,0,4665527,4665710,4665545,0,0,1,0,c,1.9481030537510346e-07,0.2725066934404284,0,0,0
0x473094,JNBE,228814,211610,156,6,0x473090,CMP,1,NonLeaf,rax(SHR) ,rflags ,CMP,4,SHR,4,MOV,3,JBE,6,CMP,7,LEA,3,LEA,4,MOV,6,CDQE,2,MOV,3,0,1,0,0,0,JA,0,0,1,0,0,0,SAR,0,0,4665481,4665648,4665498,0,1,0,0,c,1.2431761829010186e-06,0.9248122929541024,1,1,1
0x473083,JBE,340810,111996,-163,6,0x47307c,CMP,1,NonLeaf,rdx(-1) ,rflags ,CMP,7,JZ,6,MOV,4,MOV,4,CMP,3,MOV,3,SHR,4,CMP,4,JNBE,6,LEA,3,0,1,0,0,0,MOV,0,0,1,0,0,0,JA,0,0,4665468,4665312,4665481,0,0,0,0,c,1.851664998184098e-06,0.328617118042311,0,0,0
0x473076,JZ,366186,25376,882,6,0x47306b,CMP,1,NonLeaf,r14(-1) rdx(-1) ,rflags ,MOV,4,MOV,4,CMP,3,JZ,6,CMP,3,CMP,7,JBE,6,MOV,3,SHR,4,CMP,4,0,1,0,0,0,JE,1,0,1,0,0,0,JBE,0,0,4665451,4666344,4665468,0,0,1,0,c,1.9895361023005257e-06,0.069298116257858,0,0,0
0x473065,JZ,34986,34986,315,6,0x473062,CMP,1,NonLeaf,r9(-1) r15(-1) ,rflags ,CMP,3,JNBE,2,CMP,7,AND,4,JNBE,6,CMP,3,MOV,4,MOV,4,JZ,6,CMP,7,0,1,0,0,0,JNE,0,0,0,0,0,0,JE,0,0,4665442,4665760,4665451,0,0,0,1,c,1.900834823698508e-07,1.0,1,0,1
0x473060,JNBE,401164,366178,11,2,0x473059,CMP,1,NonLeaf,r14(-1) ,rflags ,CMP,7,AND,4,JNBE,6,CMP,7,JBE,6,CMP,3,JZ,6,CMP,3,MOV,4,MOV,4,0,1,0,0,0,JE,0,0,1,0,0,0,JE,0,0,4665429,4665451,4665442,0,0,1,0,c,2.179576119631248e-06,0.9127887846367072,1,0,1
0x47304f,JNBE,401164,0,1666,6,0x473048,CMP,1,NonLeaf,rdx(-1) rbp(-1) ,rflags ,CMP,7,JBE,6,CMP,4,MOV,4,MOV,4,AND,4,CMP,7,JNBE,2,CMP,3,JZ,6,0,0,0,0,0,JE,0,0,0,0,0,0,JA,0,0,4665416,4667089,4665429,0,1,0,0,c,2.179576119631248e-06,0.0,0,0,0
0x473042,JBE,401164,0,1679,6,0x47303e,CMP,1,NonLeaf,rdx(MOV) ,rflags ,CMP,4,MOV,4,MOV,4,JZ,6,CMP,3,CMP,7,JNBE,6,AND,4,CMP,7,JNBE,2,0,1,0,0,0,JE,0,0,1,0,0,0,JA,0,0,4665398,4667089,4665416,0,0,0,0,c,2.179576119631248e-06,0.0,0,0,0
0x473030,JZ,677226,276062,576,6,0x47302d,CMP,1,NonLeaf,rbx(MOV) r15(-1) ,rflags ,CMP,3,MOV,4,JZ,6,MOV,4,MOV,4,MOV,4,MOV,4,CMP,4,JBE,6,CMP,7,1,1,0,0,0,JA,1,0,1,0,0,0,JBE,0,0,4665385,4665968,4665398,0,0,0,0,c,3.679456823626724e-06,0.4076364463266325,0,0,0
0x473023,JZ,340810,0,589,6,0x47300f,SUB,1,NonLeaf,r13d(SUB) ,r13d rflags ,MOV,4,MOV,4,MOV,4,MOV,4,SUB,4,MOV,4,CMP,3,JZ,6,MOV,4,MOV,4,0,0,0,0,0,JA,1,0,0,0,1,1,JE,0,0,4665348,4665968,4665385,0,0,0,0,c,1.851664998184098e-06,0.0,0,0,0
0x472f32,JNZ,241584,241582,28,2,0x472f2e,TEST,1,NonLeaf,rbp(-1) ,rflags ,TEST,4,ADD,4,JNBE,6,CMP,4,SHR,4,MOV,3,MOV,5,MOV,4,CALL_NEAR,5,MOV,5,0,0,1,0,0,SUB,0,0,1,0,0,0,CALL,0,1,4665134,4665166,4665140,0,0,1,1,c,1.3125572516103022e-06,0.9999917213060469,1,0,1
0x472f24,JNBE,236786,1754,1572,6,0x472f20,CMP,1,NonLeaf,r10(SHR) ,rflags ,CMP,4,SHR,4,MOV,3,JBE,6,CMP,4,ADD,4,TEST,4,JNZ,2,MOV,3,MOV,5,0,1,0,0,0,JBE,0,0,1,0,0,0,ADD,0,0,4665113,4666696,4665130,0,1,0,0,c,1.2864890943928284e-06,0.0074075325399305,0,1,0
0x472f13,JBE,241584,4798,1563,6,0x472f0f,CMP,1,NonLeaf,r10(SHR) ,rflags ,CMP,4,SHR,4,MOV,3,NOP,7,RET_NEAR,1,MOV,3,SHR,4,CMP,4,JNBE,6,ADD,4,0,1,0,0,0,JMP,0,0,1,0,0,0,JA,0,0,4665096,4666670,4665113,1,0,0,0,c,1.3125572516103022e-06,0.0198605867938274,0,0,0
0x472ee6,JNZ,195157,0,3304,6,0x472ee4,TEST,1,NonLeaf,eax(MOV) eax(MOV) ,rflags ,TEST,2,ADD,4,MOV,6,OR,5,JZ,2,MOV,3,ADD,7,POP,1,POP,1,POP,2,0,1,0,0,0,CALL,0,1,1,0,0,0,MOV,0,0,4665050,4668366,4665068,1,0,1,0,c,1.0603133301564331e-06,0.0,0,0,0
0x472ed3,JZ,5,5,7,2,0x472ec4,CMP,1,NonLeaf,rbp(-1) ,rflags ,MOV,4,MOV,4,CMP,7,OR,6,JNZ,6,OR,5,MOV,6,ADD,4,TEST,2,JNZ,6,0,0,1,0,0,JNE,0,0,0,0,0,0,OR,0,0,4665022,4665050,4665045,0,0,0,1,c,2.7165649455475163e-11,1.0,1,1,1
0x472eb8,JNZ,5,0,3340,6,0x472eb4,CMP,1,NonLeaf,r13(-1) rdx(MOV) ,rflags ,CMP,4,MOV,4,JZ,6,TEST,3,JZ,6,OR,6,CMP,7,MOV,4,MOV,4,JZ,2,0,1,0,0,0,JMP,0,0,1,0,0,0,JE,0,0,4665008,4668356,4665022,0,0,0,1,c,2.7165649455475163e-11,0.0,0,0,0
0x472eaa,JZ,5,0,2027,6,0x472ea7,TEST,1,NonLeaf,r13(-1) r13(-1) ,rflags ,TEST,3,JZ,6,CMP,3,MOV,4,LEA,5,MOV,4,CMP,4,JNZ,6,OR,6,CMP,7,0,1,0,0,0,CALL,0,1,1,0,0,0,JNE,0,0,4664999,4667029,4665008,0,0,1,0,c,2.7165649455475163e-11,0.0,0,0,0
0x472ea1,JZ,94837,94832,173,6,0x472e9e,CMP,1,NonLeaf,r13(MOV) rax(LEA) ,rflags ,CMP,3,MOV,4,LEA,5,LEA,5,SHR,4,TEST,3,JZ,6,MOV,4,CMP,4,JNZ,6,0,0,0,0,0,SUB,0,0,1,0,0,0,JE,0,0,4664969,4665166,4664999,0,0,1,0,c,5.152617394817796e-07,0.9999472779611334,1,0,1
0x472e87,JNBE,336421,241584,129,2,0x472e80,CMP,1,NonLeaf,r14(-1) ,rflags ,CMP,7,JNZ,2,TEST,3,MOV,3,JZ,6,MOV,3,SHR,4,LEA,5,LEA,5,MOV,4,0,1,0,0,0,JBE,0,0,1,0,0,0,JE,0,0,4664960,4665096,4664969,0,0,0,0,c,1.8278189910920817e-06,0.7181002375000372,1,0,1
0x472e2a,JZ,93618,93618,86,2,0x472e27,TEST,1,NonLeaf,rcx(MOV) rcx(MOV) ,rflags ,TEST,3,LEA,4,LEA,4,MOV,5,MOV,3,MOV,4,MOV,3,CMP,9,JZ,2,CMPXCHG_LOCK,6,0,0,0,0,0,JA,0,0,1,0,0,0,JE,0,0,4664844,4664960,4664876,0,0,0,0,c,5.086387541445347e-07,1.0,1,0,1
0x472e0a,JNBE,336421,242803,118,2,0x472e03,CMP,1,NonLeaf,r14(-1) rip(JNBE) ,rflags ,CMP,7,JZ,6,TEST,3,CMOVNB,4,CMP,4,MOV,3,SHR,4,SUB,4,MOV,3,MOV,5,0,1,0,0,0,JA,0,0,1,0,0,0,JE,0,0,4664835,4664960,4664844,0,0,0,0,c,1.8278189910920817e-06,0.7217236736113382,1,0,1
0x472dfd,JZ,336421,0,3492,6,0x472dfa,TEST,1,NonLeaf,rdi(-1) rdi(-1) ,rflags ,TEST,3,CMOVNB,4,CMP,4,SUB,7,PUSH,1,CMP,7,JNBE,2,MOV,3,SHR,4,SUB,4,0,1,0,0,0,CALL,0,1,1,0,0,0,JA,0,0,4664781,4668321,4664835,0,0,1,0,c,1.8278189910920817e-06,0.0,0,0,0
0x472dc7,JNBE,336421,0,1904,6,0x472dc0,CMP,1,NonLeaf,rsi(-1) ,rflags ,MOV,3,CMP,4,INVALID,0,INVALID,0,INVALID,0,PUSH,2,LEA,4,PUSH,2,MOV,3,MOV,6,0,1,0,0,0,RET,0,0,1,0,0,0,JE,0,0,4664768,4666679,4664781,0,0,1,1,c,1.8278189910920817e-06,0.0,0,0,0
0x472b9e,JZ,1,1,-1156,6,0x472b8d,TEST,1,NonLeaf,r15(-1) r15(-1) ,rflags ,MOV,3,MOV,7,MOV,4,TEST,3,OR,4,SUB,4,AND,4,MOV,3,OR,4,CMP,4,0,0,1,0,0,JB,0,0,1,0,0,0,JA,0,0,4664185,4663066,4664228,0,1,0,1,c,5.433129891095032e-12,1.0,1,0,1
0x472b68,JNZ,1,0,521,6,0x472b65,TEST,1,NonLeaf,rdx(MOV) rdx(MOV) ,rflags ,TEST,3,MOV,7,JZ,6,TEST,3,CALL_NEAR,6,MOV,7,MOV,4,SUB,3,ADD,3,MOV,7,0,1,0,0,0,CALL,0,1,1,0,0,0,MOV,0,0,4664158,4664689,4664174,0,0,1,0,c,5.433129891095032e-12,0.0,0,0,0
0x472b58,JZ,1,0,187,6,0x472b55,TEST,1,NonLeaf,rax(-1) rax(-1) ,rflags ,TEST,3,CALL_NEAR,6,MOV,3,MOV,3,ADD,3,MOV,7,TEST,3,JNZ,6,MOV,7,MOV,4,0,0,0,0,0,CALL,0,1,1,0,0,0,JNE,0,0,4664149,4664339,4664158,0,0,1,0,c,5.433129891095032e-12,0.0,0,0,0
0x472b1e,JZ,1,1,324,6,0x472b1b,AND,1,NonLeaf,edx(AND) ,edx rflags ,AND,3,MOV,3,MOV,7,ADD,3,SUB,3,MOV,5,SUB,3,LEA,4,MOV,4,ADD,3,0,1,0,0,0,JMP,0,0,1,0,0,0,MOV,0,0,4664088,4664418,4664100,0,0,1,1,c,5.433129891095032e-12,1.0,1,0,1
0x472b06,JZ,1,1,18,2,0x472b04,TEST,1,NonLeaf,al(-1) al(-1) ,rflags ,TEST,2,JB,6,CMP,3,SETNZ,3,TEST,3,MOV,3,SUB,3,ADD,3,MOV,7,MOV,3,0,0,1,0,0,JE,0,0,1,0,0,0,MOV,0,0,4664068,4664088,4664072,0,0,0,1,c,5.433129891095032e-12,1.0,1,0,1
0x472afe,JB,1,0,367,6,0x472afb,CMP,1,NonLeaf,r8(-1) rcx(-1) ,rflags ,CMP,3,SETNZ,3,TEST,3,JNZ,6,TEST,7,TEST,2,JZ,2,MOV,3,SUB,3,ADD,3,0,1,0,0,0,JE,0,0,1,0,0,0,JE,0,0,4664053,4664429,4664068,0,0,0,0,c,5.433129891095032e-12,0.0,0,0,0
0x472aef,JNZ,1,0,273,6,0x472ae8,TEST,1,NonLeaf,rip(JNZ) ,rflags ,TEST,7,NOP,4,JMP,5,MOV,5,OR,4,TEST,3,SETNZ,3,CMP,3,JB,6,TEST,2,0,1,0,0,0,JE,0,0,1,0,0,0,JB,0,0,4664040,4664320,4664053,0,0,0,0,c,5.433129891095032e-12,0.0,0,0,0
0x472aca,JZ,1086,0,30,2,0x472ac7,TEST,1,NonLeaf,sil(-1) sil(-1) ,rflags ,TEST,3,JNZ,2,MOV,7,CMP,3,LEA,4,ADD,3,MOV,7,OR,4,MOV,5,JMP,5,0,0,0,0,0,JNE,0,0,1,0,0,0,JMP,0,0,4664007,4664040,4664012,0,0,0,1,c,5.900379061729205e-09,0.0,0,0,0
0x472ac5,JNZ,1087,1,35,2,0x472abb,CMP,1,NonLeaf,r8(-1) rcx(LEA) ,rflags ,MOV,7,CMP,3,LEA,4,ADD,7,MOV,3,TEST,3,JZ,2,ADD,3,MOV,7,OR,4,0,1,0,0,0,JNE,0,0,1,0,0,0,JE,0,0,4663981,4664040,4664007,0,0,0,0,c,5.9058121916203e-09,0.0009199632014719,0,0,0
0x472aa7,JZ,1087,1,431,6,0x472a9f,CMP,1,NonLeaf,rip(JZ) ,rflags ,CMP,8,XOR,2,MOV,5,JNZ,6,TEST,3,MOV,3,ADD,7,LEA,4,CMP,3,MOV,7,0,1,0,0,0,JMP,0,0,1,1,0,0,JNE,0,0,4663967,4664406,4663981,0,0,1,1,c,5.9058121916203e-09,0.0009199632014719,0,0,0
0x472a92,JNZ,1087,0,763,6,0x472a8f,TEST,1,NonLeaf,rax(MOV) rax(MOV) ,rflags ,TEST,3,MOV,7,JZ,6,MOV,5,MOV,4,MOV,5,XOR,2,CMP,8,JZ,6,MOV,3,0,1,0,0,0,CALL,0,1,1,1,0,0,XOR,0,0,4663944,4664717,4663960,0,0,1,0,c,5.9058121916203e-09,0.0,0,0,0
0x472a82,JZ,1087,0,814,6,0x472a76,TEST,1,NonLeaf,rax(-1) rax(-1) ,rflags ,MOV,5,MOV,4,TEST,3,NOP,1,MOV,3,MOV,7,TEST,3,JNZ,6,MOV,5,XOR,2,0,1,0,0,0,JMP,0,0,1,0,0,0,JNE,0,0,4663922,4664752,4663944,0,0,0,0,c,5.9058121916203e-09,0.0,0,0,0
0x472a12,JBE,15,0,-684,6,0x472a04,CMP,1,NonLeaf,r12(ADD) rip(JBE) ,rflags ,MOV,7,CMP,7,ADD,7,JNLE,6,MOV,6,MOV,7,JMP,5,NOP,4,MOV,7,MOV,7,0,0,1,0,0,ADD,0,0,1,0,0,0,JMP,0,0,4663805,4663142,4663832,0,0,0,1,c,8.149694836642549e-11,0.0,0,0,0
0x4729f7,JNLE,15,15,505,6,0x4729eb,CMP,1,NonLeaf,edx(LEA) rip(JNLE) ,rflags ,MOV,6,CMP,6,LEA,3,MOV,4,OR,4,ADD,7,CMP,7,MOV,7,JBE,6,MOV,7,0,1,0,0,0,JMP,0,0,1,1,0,0,JBE,0,0,4663767,4664304,4663805,0,0,1,1,c,8.149694836642549e-11,1.0,1,0,1
0x4729d1,JZ,15,0,-536,6,0x4729cd,CMP,1,NonLeaf,rax(-1) ,rflags ,CMP,4,CALL_NEAR,5,MOV,3,MOV,5,MOV,5,MOV,6,MOV,3,OR,4,MOV,4,LEA,3,0,0,0,0,0,JE,0,0,1,0,0,0,JG,0,0,4663757,4663225,4663767,0,0,0,1,c,8.149694836642549e-11,0.0,0,0,0
0x4728e1,JNLE,1087,1087,383,6,0x4728db,TEST,1,NonLeaf,r14(AND) r14(AND) ,rflags ,MOV,3,TEST,3,AND,3,ADD,3,CMOVNZ,4,TEST,2,JZ,6,CMP,7,MOV,3,JNBE,2,0,1,0,0,0,CALL,0,1,1,0,0,0,JE,0,0,4663472,4663904,4663527,0,0,1,0,c,5.9058121916203e-09,1.0,1,0,1
0x4727b3,JB,15,15,509,6,0x4727b0,CMP,1,NonLeaf,rbp(-1) r12(AND) ,rflags ,CMP,3,AND,3,NOT,3,MOV,3,LEA,5,TEST,3,JZ,6,MOV,4,JMP,5,NOP,5,0,1,0,0,0,CALL,0,1,1,0,0,0,JE,0,0,4663202,4663728,4663225,0,0,1,0,c,8.149694836642549e-11,1.0,1,0,1
0x47279c,JNL,15,0,-295,6,0x472796,CMP,1,NonLeaf,rip(JNL) eax(MOV) ,rflags ,CMP,6,MOV,6,NOP,7,JMP,2,MOV,7,LEA,5,MOV,3,NOT,3,AND,3,CMP,3,0,0,0,0,0,MOV,0,0,0,0,0,0,JB,0,0,4663184,4662901,4663202,0,0,1,0,c,8.149694836642549e-11,0.0,0,0,0
0x472732,JB,1087,0,758,6,0x47272f,CMP,1,NonLeaf,rdx(AND) rcx(LEA) ,rflags ,CMP,3,AND,4,LEA,4,MOV,4,JB,2,SUB,3,XOR,2,CMP,7,SETNZ,3,LEA,4,0,1,0,0,0,JMP,0,0,1,0,0,0,MOV,0,0,4663075,4663848,4663096,0,1,1,1,c,5.9058121916203e-09,0.0,0,0,0
0x472721,JB,1087,1060,95,2,0x47271a,CMP,1,NonLeaf,rbx(-1) rdx(-1) ,rflags ,CMP,7,MOV,5,MOV,7,OR,4,ADD,7,MOV,4,LEA,4,AND,4,CMP,3,JB,6,0,1,0,0,0,JMP,0,0,1,1,0,0,JB,0,0,4663066,4663168,4663075,0,0,1,0,c,5.9058121916203e-09,0.9751609935602576,1,0,1
0x47268d,JZ,1087,1087,547,6,0x472686,CMP,1,NonLeaf,rbx(-1) ,rflags ,CMP,7,AND,4,MOV,5,MOV,4,MOV,4,MOV,3,MOV,3,SUB,3,AND,7,ADD,4,0,1,0,0,0,JG,0,0,1,0,0,0,JLE,0,0,4662905,4663472,4662931,0,0,0,0,c,5.9058121916203e-09,1.0,1,0,1
0x472662,JZ,1102,0,320,6,0x47265b,TEST,1,NonLeaf,rsi(-1) rsi(-1) ,rflags ,LEA,4,TEST,3,MOV,7,SUB,4,MOV,3,CMP,7,JBE,6,MOV,4,MOV,4,MOV,5,0,1,0,0,0,JB,0,0,1,0,0,0,JBE,0,0,4662848,4663202,4662888,0,0,0,0,c,5.987309139986726e-09,0.0,0,0,0
0x47257a,JB,221292,221292,-1835,6,0x472577,CMP,1,NonLeaf,r14(-1) rax(ADD) ,rflags ,CMP,3,ADD,3,AND,4,MOV,4,JMP,5,ADD,4,MOV,6,JMP,5,ADD,4,MOV,6,0,0,0,0,0,JE,0,0,1,0,0,0,JMP,0,0,4662636,4660815,4662656,0,0,0,0,c,1.2023081798602018e-06,1.0,1,1,1
0x4724e8,JZ,1160,25,84,2,0x4724e5,CMP,1,NonLeaf,rbx(-1) rdx(-1) ,rflags ,CMP,3,JMP,5,MOV,4,JNZ,6,CMPXCHG,4,MOV,4,MOV,4,MOV,4,MOV,4,MOV,4,0,1,0,0,0,JMP,0,0,1,0,0,0,JMP,0,0,4662501,4662588,4662506,0,1,1,1,c,6.302430673670237e-09,0.021551724137931,0,0,0
0x472466,JZ,17266,1160,127,2,0x472461,CMP,1,NonLeaf,rax(-1) ,rflags ,CMP,5,JNZ,6,CMP,4,MOV,4,JNZ,6,MOV,4,MOV,4,MOV,4,MOV,4,JMP,5,0,1,0,0,0,JE,0,0,1,0,0,0,JMP,0,0,4662369,4662501,4662376,0,0,0,1,c,9.380842069964682e-08,0.0671840611606625,0,0,0
0x47245b,JNZ,17266,0,176,6,0x472457,CMP,1,NonLeaf,rbx(-1) rcx(MOV) ,rflags ,CMP,4,MOV,4,JNZ,6,CMP,4,JMP,5,CMP,5,JZ,2,MOV,4,MOV,4,MOV,4,0,0,0,0,0,CALL,0,1,0,1,0,0,JE,0,0,4662355,4662539,4662369,0,0,1,0,c,9.380842069964682e-08,0.0,0,0,0
0x47244d,JNZ,17266,0,190,6,0x472449,CMP,1,NonLeaf,rbx(-1) rdx(-1) ,rflags ,CMP,4,JMP,5,MOV,6,ADD,4,JMP,5,MOV,4,CMP,4,JNZ,6,CMP,5,JZ,2,0,1,0,0,0,CALL,0,1,1,0,0,0,JNE,0,0,4662345,4662539,4662355,0,0,1,0,c,9.380842069964682e-08,0.0,0,0,0
0x4722bf,JZ,916,8,84,2,0x4722bc,CMP,1,NonLeaf,r14(-1) rdx(-1) ,rflags ,CMP,3,JMP,5,MOV,4,JNZ,6,CMPXCHG,4,MOV,4,MOV,4,MOV,4,MOV,4,MOV,4,0,1,0,0,0,JMP,0,0,1,0,0,0,JMP,0,0,4661948,4662035,4661953,0,1,1,1,c,4.976746980243049e-09,0.0087336244541484,0,0,0
0x47223d,JZ,3616,916,127,2,0x472238,CMP,1,NonLeaf,rax(-1) ,rflags ,CMP,5,JNZ,6,CMP,4,MOV,4,JNZ,6,MOV,4,MOV,4,MOV,4,MOV,4,JMP,5,0,1,0,0,0,JE,0,0,1,0,0,0,JMP,0,0,4661816,4661948,4661823,0,0,0,1,c,1.964619768619964e-08,0.2533185840707964,0,0,0
0x472232,JNZ,3616,0,176,6,0x47222e,CMP,1,NonLeaf,r14(-1) rcx(MOV) ,rflags ,CMP,4,MOV,4,JNZ,6,CMP,4,CALL_NEAR,5,CMP,5,JZ,2,MOV,4,MOV,4,MOV,4,0,0,0,0,0,CALL,0,1,0,1,0,0,JE,0,0,4661802,4661986,4661816,0,0,1,0,c,1.964619768619964e-08,0.0,0,0,0
0x472224,JNZ,3616,0,190,6,0x472220,CMP,1,NonLeaf,r14(-1) rdx(-1) ,rflags ,CMP,4,CALL_NEAR,5,JMP,5,CALL_NEAR,5,XOR,2,MOV,4,CMP,4,JNZ,6,CMP,5,JZ,2,0,1,0,0,0,CALL,0,1,1,0,0,0,JNE,0,0,4661792,4661986,4661802,0,0,1,0,c,1.964619768619964e-08,0.0,0,0,0
0x4720a6,JB,4824,4823,-295,6,0x47209f,CMP,1,NonLeaf,rax(AND) rip(JB) ,rflags ,CMP,7,AND,4,MOV,4,MOV,7,RET_NEAR,1,MOV,7,MOV,5,MOV,5,CALL_NEAR,5,JMP,5,0,0,1,0,0,JNE,0,0,1,0,0,0,CALL,0,1,4661392,4661119,4661420,0,0,0,1,c,2.6209418594642435e-08,0.999792703150912,1,0,1
0x472037,JNZ,15548,3616,489,6,0x472034,TEST,1,NonLeaf,rdx(MOV) rdx(MOV) ,rflags ,TEST,3,MOV,4,JBE,2,MOV,4,MOV,4,ADD,3,JMP,5,NOP,3,MOV,3,MOV,3,0,0,0,0,0,JNE,0,0,0,1,0,0,JMP,0,0,4661296,4661792,4661309,0,0,0,0,c,8.447430354674557e-08,0.2325701054798044,0,0,0
0x47202e,JBE,54738,39190,15,2,0x47201e,CMP,1,NonLeaf,r14(-1) ,rflags ,MOV,4,MOV,4,CMP,8,JNZ,6,CMP,4,MOV,4,TEST,3,JNZ,6,ADD,3,JMP,5,0,0,1,0,0,JMP,0,0,1,0,0,0,JNE,0,0,4661278,4661309,4661296,0,0,0,0,c,2.973986639787599e-07,0.7159560086228945,1,0,1
0x472018,JNZ,54738,0,572,6,0x472014,CMP,1,NonLeaf,r14(-1) rdx(-1) ,rflags ,CMP,4,JNZ,6,CMP,4,MOV,4,MOV,4,CMP,8,MOV,4,MOV,4,JBE,2,MOV,4,0,0,0,0,0,JE,0,0,1,0,0,0,JBE,0,0,4661268,4661844,4661278,0,0,1,1,c,2.973986639787599e-07,0.0,0,0,0
0x47200e,JNZ,54738,0,582,6,0x47200a,CMP,1,NonLeaf,r14(-1) rax(MOV) ,rflags ,CMP,4,MOV,4,MOV,4,JNZ,6,CMP,4,CMP,4,JNZ,6,CMP,8,MOV,4,MOV,4,0,1,0,0,0,JE,0,0,1,0,0,0,JNE,0,0,4661250,4661844,4661268,0,0,1,0,c,2.973986639787599e-07,0.0,0,0,0
0x471ffc,JNZ,54738,0,1051,6,0x471ff8,CMP,1,NonLeaf,rax(AND) r14(-1) rax(AND) ,rflags ,CMP,4,AND,4,MOV,4,NOP,8,JMP,5,MOV,4,MOV,4,CMP,4,JNZ,6,CMP,4,0,1,0,0,0,CALL,0,1,1,1,0,0,JNE,0,0,4661232,4662295,4661250,0,0,1,0,c,2.973986639787599e-07,0.0,0,0,0
0x471fda,JNZ,221292,0,27753,6,0x471fd6,CMPXCHG,1,NonLeaf,rbp(-1) esi(-1) eax(CMPXCHG) ,eax rflags ,CMPXCHG,4,JMP,2,JNZ,6,CMPXCHG_LOCK,5,JZ,2,MOV,3,JMP,5,NOP,8,MOV,4,AND,4,0,-1,-1,-1,-1,CALL,-1,1,0,1,0,0,JMP,0,0,4661206,4688963,4661216,0,0,1,0,c,1.2023081798602018e-06,0.0,0,0,0
0x471fc7,JZ,221292,221292,15,2,0x471fc0,CMP,1,NonLeaf,rip(JZ) ,rflags ,CMP,7,MOV,3,MOV,5,NOP,3,RET_NEAR,1,CMPXCHG_LOCK,5,JNZ,6,JMP,2,CMPXCHG,4,JNZ,6,0,1,0,0,0,JNE,0,0,1,0,0,0,JNE,0,0,4661176,4661206,4661193,0,0,1,0,c,1.2023081798602018e-06,1.0,1,0,1
0x471fa0,JNZ,221292,0,27783,6,0x471f9d,DEC,1,NonLeaf,rbp(-1) ,rflags ,DEC,3,JMP,2,JNZ,6,DEC_LOCK,4,JZ,2,ADD,4,POP,1,POP,1,POP,2,POP,2,0,-1,-1,-1,-1,CALL,-1,1,0,1,0,0,RET,0,0,4661149,4688935,4661158,0,0,1,0,c,1.2023081798602018e-06,0.0,0,0,0
0x471f8f,JZ,221292,221292,14,2,0x471f88,CMP,1,NonLeaf,rip(JZ) ,rflags ,CMP,7,JNZ,6,TEST,3,CALL_NEAR,5,AND,7,DEC_LOCK,4,JNZ,6,JMP,2,DEC,3,JNZ,6,0,1,0,0,0,JNE,0,0,1,0,0,0,JNE,0,0,4661128,4661149,4661137,0,0,1,0,c,1.2023081798602018e-06,1.0,1,0,1
0x471f82,JNZ,221292,0,-373,6,0x471f7f,TEST,1,NonLeaf,r13d(-1) r13d(-1) ,rflags ,TEST,3,CALL_NEAR,5,AND,7,MOV,7,MOV,4,CMP,7,JZ,2,DEC_LOCK,4,JNZ,6,JMP,2,0,0,0,0,0,RET,0,0,1,0,0,0,JE,0,0,4661119,4660749,4661128,0,0,0,0,c,1.2023081798602018e-06,0.0,0,0,0
0x471f62,JZ,4824,4824,302,6,0x471f5b,CMP,1,NonLeaf,rbp(-1) ,rflags ,CMP,7,JZ,6,TEST,4,JBE,2,CMP,7,MOV,4,MOV,7,AND,7,CALL_NEAR,5,TEST,3,0,1,0,0,0,JB,0,0,1,0,0,0,CALL,0,1,4661083,4661392,4661096,0,0,0,1,c,2.6209418594642435e-08,1.0,1,0,1
0x471f55,JZ,4824,3,393,6,0x471f51,TEST,1,NonLeaf,rbp(-1) ,rflags ,TEST,4,JBE,2,CMP,7,MOV,4,MOV,4,CMP,7,JZ,6,MOV,4,MOV,7,AND,7,0,1,0,0,0,CALL,0,1,1,1,0,0,JE,0,0,4661073,4661470,4661083,0,0,1,0,c,2.6209418594642435e-08,0.0006218905472636,0,0,0
0x471f4f,JBE,221292,216468,48,2,0x471f48,CMP,1,NonLeaf,r12(-1) ,rflags ,CMP,7,MOV,4,MOV,4,OR,4,MOV,3,TEST,4,JZ,6,CMP,7,JZ,6,MOV,4,0,1,1,0,0,JNE,0,0,1,0,0,0,JE,0,0,4661064,4661119,4661073,0,0,0,0,c,1.2023081798602018e-06,0.97820074833252,1,0,1
0x471f1f,JBE,221283,2,18,2,0x471f10,CMP,1,NonLeaf,r12(-1) ,rflags ,MOV,4,MOV,4,CMP,7,JNZ,6,CMP,4,MOV,8,MOV,8,MOV,4,MOV,4,MOV,3,0,1,1,0,0,MOV,0,0,1,0,0,0,MOV,0,0,4661008,4661041,4661025,0,0,1,1,c,1.202259281691182e-06,9.03819995209754e-06,0,0,0
0x471f0a,JNZ,221283,0,1328,6,0x471f06,CMP,1,NonLeaf,rdx(LEA) rax(MOV) ,rflags ,CMP,4,LEA,4,MOV,4,AND,5,JZ,6,CMP,7,MOV,4,MOV,4,JBE,2,MOV,8,0,1,0,0,0,JMP,0,0,1,0,0,0,JBE,0,0,4660990,4662330,4661008,0,0,0,1,c,1.202259281691182e-06,0.0,0,0,0
0x471ef3,JZ,221283,54738,253,6,0x471eed,TEST,1,NonLeaf,r14(-1) r15(-1) ,rflags ,TEST,6,JZ,6,CMP,4,JNZ,6,TEST,3,AND,5,MOV,4,LEA,4,CMP,4,JNZ,6,0,1,0,0,0,JNE,0,0,1,0,0,0,AND,0,0,4660973,4661232,4660985,0,0,0,1,c,1.202259281691182e-06,0.2473664944889576,0,0,0
0x471ee7,JZ,221292,9,480,6,0x471ee3,CMP,1,NonLeaf,rbp(-1) r14(-1) ,rflags ,CMP,4,JNZ,6,TEST,3,MOV,4,JBE,2,TEST,6,JZ,6,AND,5,MOV,4,LEA,4,0,1,0,0,0,JMP,0,0,1,0,0,0,JE,0,0,4660963,4661447,4660973,0,0,1,0,c,1.2023081798602018e-06,4.067024564828372e-05,0,0,0
0x471edd,JNZ,39327,17266,1388,6,0x471eda,TEST,1,NonLeaf,rdx(MOV) rdx(MOV) ,rflags ,TEST,3,MOV,4,JBE,2,MOV,4,MOV,4,CMP,4,JZ,6,TEST,6,JZ,6,AND,5,0,1,0,0,0,JNE,0,0,0,1,0,0,JE,0,0,4660950,4662345,4660963,0,0,0,0,c,2.1366869922709435e-07,0.4390367940600605,0,0,0
0x471ed4,JBE,113478,74151,15,2,0x471ec4,CMP,1,NonLeaf,rbx(-1) ,rflags ,MOV,4,MOV,4,CMP,8,JNZ,6,CMP,4,MOV,4,TEST,3,JNZ,6,CMP,4,JZ,6,0,0,1,0,0,JE,0,0,1,0,0,0,JNE,0,0,4660932,4660963,4660950,0,0,0,0,c,6.165407137816821e-07,0.6534394331940993,1,0,1
0x471ebe,JNZ,113478,0,1471,6,0x471eba,CMP,1,NonLeaf,rbx(-1) rdx(-1) ,rflags ,CMP,4,JNZ,6,CMP,4,MOV,4,MOV,4,CMP,8,MOV,4,MOV,4,JBE,2,MOV,4,0,0,0,0,0,JE,0,0,1,0,0,0,JBE,0,0,4660922,4662397,4660932,0,0,1,1,c,6.165407137816821e-07,0.0,0,0,0
0x471eb4,JNZ,113478,0,1481,6,0x471eb0,CMP,1,NonLeaf,rbx(-1) rax(MOV) ,rflags ,CMP,4,MOV,4,MOV,4,JNZ,6,CMP,4,CMP,4,JNZ,6,CMP,8,MOV,4,MOV,4,0,1,0,0,0,JE,0,0,1,0,0,0,JNE,0,0,4660904,4662397,4660922,0,0,1,0,c,6.165407137816821e-07,0.0,0,0,0
0x471ea2,JNZ,113478,0,1703,6,0x471e9e,CMP,1,NonLeaf,rax(AND) rbx(SUB) rax(AND) ,rflags ,CMP,4,AND,4,MOV,4,ADD,3,SUB,3,MOV,4,MOV,4,CMP,4,JNZ,6,CMP,4,0,1,0,0,0,CALL,0,1,1,1,0,0,JNE,0,0,4660877,4662601,4660904,0,0,1,0,c,6.165407137816821e-07,0.0,0,0,0
0x471e8b,JNZ,221292,107814,88,2,0x471e87,TEST,1,NonLeaf,rbx(-1) ,rflags ,TEST,4,JNZ,6,TEST,2,MOV,6,JNB,6,MOV,3,SUB,3,ADD,3,MOV,4,AND,4,0,1,1,0,0,JE,0,0,1,0,0,0,JNE,0,0,4660871,4660963,4660877,0,1,0,0,c,1.2023081798602018e-06,0.48720242936934,0,0,0
0x471e81,JNZ,221292,0,1350,6,0x471e7f,TEST,1,NonLeaf,esi(MOV) esi(MOV) ,rflags ,TEST,2,MOV,6,JNB,6,CMP,7,JBE,6,TEST,4,JNZ,2,MOV,3,SUB,3,ADD,3,0,1,0,0,0,CALL,0,1,1,1,0,0,JNE,0,0,4660857,4662215,4660871,0,0,1,0,c,1.2023081798602018e-06,0.0,0,0,0
0x471e73,JNB,221292,0,1835,6,0x471e6c,CMP,1,NonLeaf,r15(-1) rbp(-1) ,rflags ,CMP,7,JBE,6,CMP,4,AND,4,MOV,3,MOV,6,TEST,2,JNZ,6,TEST,4,JNZ,2,0,0,0,0,0,JMP,0,0,1,0,0,0,JNE,0,0,4660844,4662686,4660857,0,0,0,0,c,1.2023081798602018e-06,0.0,0,0,0
0x471e55,JZ,221292,0,1850,6,0x471e53,TEST,1,NonLeaf,al(MOV) ,rflags ,TEST,2,MOV,4,JZ,6,TEST,4,JZ,6,MOV,3,AND,4,CMP,4,JBE,6,CMP,7,0,1,0,0,0,JMP,0,0,1,0,0,0,JBE,0,0,4660815,4662671,4660827,0,0,0,0,c,1.2023081798602018e-06,0.0,0,0,0
0x471e49,JZ,221292,221292,1827,6,0x471e45,TEST,1,NonLeaf,rbp(-1) ,rflags ,TEST,4,JZ,6,CMP,3,LEA,4,MOV,4,MOV,4,TEST,2,JZ,6,MOV,3,AND,4,0,1,0,0,0,JB,0,0,1,0,0,0,JE,0,0,4660805,4662636,4660815,0,0,0,0,c,1.2023081798602018e-06,1.0,1,0,1
0x471e3f,JZ,221292,0,1460,6,0x471e3c,CMP,1,NonLeaf,rbx(-1) rax(MOV) ,rflags ,CMP,3,LEA,4,MOV,4,JZ,6,TEST,3,TEST,4,JZ,6,MOV,4,TEST,2,JZ,6,0,1,0,0,0,JMP,0,0,1,0,0,0,JE,0,0,4660788,4662259,4660805,1,0,0,0,c,1.2023081798602018e-06,0.0,0,0,0
0x471e2e,JZ,221292,221292,394,6,0x471e2b,TEST,1,NonLeaf,r13d(-1) r13d(-1) ,rflags ,TEST,3,XOR,3,JNZ,6,TEST,2,NOP,4,MOV,4,LEA,4,CMP,3,JZ,6,TEST,4,0,1,0,0,0,JE,0,0,1,1,0,0,JE,0,0,4660776,4661176,4660788,0,0,0,0,c,1.2023081798602018e-06,1.0,1,0,1
0x471e22,JNZ,221292,0,550,6,0x471e20,TEST,1,NonLeaf,al(-1) ,rflags ,TEST,2,NOP,4,RET_NEAR,1,POP,2,POP,2,XOR,3,TEST,3,JZ,6,MOV,4,LEA,4,0,1,0,0,0,JNE,0,0,1,0,0,0,JE,0,0,4660768,4661320,4660776,0,0,0,0,c,1.2023081798602018e-06,0.0,0,0,0
0x471dfe,JZ,34984,8,15,2,0x471dfb,TEST,1,NonLeaf,r8(-1) r8(-1) ,rflags ,TEST,3,JNZ,2,CMP,3,CMPXCHG_LOCK,5,JZ,2,TEST,2,JZ,2,CMP,3,JNZ,6,ADD,4,0,0,0,0,0,RET,0,0,1,0,0,0,JE,0,0,4660731,4660749,4660736,0,0,0,0,c,1.9007261611006864e-07,0.0002286759661559,0,0,0
0x471def,JZ,34984,34984,3,2,0x471de6,CMP,1,NonLeaf,fs(-1) ,rflags ,CMP,9,MOV,3,MOV,4,LEA,3,SHR,3,CMPXCHG_LOCK,5,CMP,3,JNZ,2,TEST,3,JZ,2,0,1,1,0,0,JNE,0,0,1,0,0,0,-1,0,-1,4660703,4660722,4660721,0,0,1,0,c,1.9007261611006864e-07,1.0,1,0,1
0x471dd3,JZ,34976,34976,12,2,0x471dd1,TEST,1,NonLeaf,cl(-1) cl(-1) ,rflags ,TEST,2,JZ,2,TEST,3,MOV,3,JZ,6,MOV,4,SHR,3,LEA,3,MOV,4,MOV,3,0,0,1,0,0,JE,0,0,1,0,0,0,LEA,0,0,4660689,4660703,4660693,0,0,1,0,c,1.9002915107093986e-07,1.0,1,0,1
0x471dcf,JZ,34984,8,16,2,0x471dcc,TEST,1,NonLeaf,r8(-1) r8(-1) ,rflags ,TEST,3,MOV,3,JZ,6,CMP,3,NOP,6,TEST,2,JZ,2,MOV,4,SHR,3,LEA,3,1,1,1,0,0,JE,0,0,1,0,0,0,JE,0,0,4660684,4660703,4660689,0,0,1,0,c,1.9007261611006864e-07,0.0002286759661559,0,0,0
0x471da7,JZ,34984,0,836,6,0x471da4,CMP,1,NonLeaf,rbx(-1) r8(MOV) ,rflags ,CMP,3,LEA,5,MOV,5,MOV,3,SUB,4,TEST,3,MOV,5,SETNZ,3,JMP,2,NOP,6,0,1,0,0,0,MOV,0,0,1,0,0,0,JMP,0,0,4660619,4661483,4660653,0,0,0,0,c,1.9007261611006864e-07,0.0,0,0,0
0x471d88,JZ,34984,34984,3,2,0x471d7f,CMP,1,NonLeaf,fs(-1) ,rflags ,CMP,9,JNZ,6,TEST,2,LEA,4,MOV,6,AND_LOCK,5,SHR,4,SUB,4,MOV,3,MOV,5,0,1,1,0,0,JE,0,0,1,0,0,0,-1,0,-1,4660607,4660619,4660618,0,0,1,0,c,1.9007261611006864e-07,1.0,1,0,1
0x471d79,JNZ,34984,0,1673,6,0x471d77,TEST,1,NonLeaf,esi(MOV) esi(MOV) ,rflags ,TEST,2,LEA,4,MOV,6,JNB,6,CMP,7,CMP,9,JZ,2,AND_LOCK,5,SHR,4,SUB,4,0,1,0,0,0,CALL,0,1,1,1,0,0,JE,0,0,4660589,4662274,4660607,0,0,1,0,c,1.9007261611006864e-07,0.0,0,0,0
0x471d67,JNB,34984,0,1478,6,0x471d60,CMP,1,NonLeaf,rax(AND) rdi(-1) ,rflags ,CMP,7,AND,4,JBE,6,CMP,4,MOV,4,MOV,6,LEA,4,TEST,2,JNZ,6,CMP,9,0,0,0,0,0,JE,0,0,0,0,0,0,JNE,0,0,4660572,4662061,4660589,0,0,0,0,c,1.9007261611006864e-07,0.0,0,0,0
0x471d56,JBE,34984,0,1495,6,0x471d52,CMP,1,NonLeaf,rax(MOV) ,rflags ,CMP,4,MOV,4,LEA,4,JNBE,6,CMP,7,AND,4,CMP,7,JNB,6,MOV,6,LEA,4,0,1,0,0,0,JE,0,0,1,0,0,0,JAE,0,0,4660554,4662061,4660572,0,1,0,0,c,1.9007261611006864e-07,0.0,0,0,0
0x471d44,JNBE,256276,221292,220,6,0x471d3d,CMP,1,NonLeaf,r12(-1) rip(JNBE) ,rflags ,CMP,7,JNZ,6,TEST,2,JBE,6,CMP,4,LEA,4,MOV,4,CMP,4,JBE,6,AND,4,0,1,0,0,0,JNE,0,0,1,0,0,0,JBE,0,0,4660541,4660768,4660554,0,0,0,0,c,1.3923807959702704e-06,0.8634909238477266,1,0,1
0x471d37,JNZ,256276,0,1564,6,0x471d35,TEST,1,NonLeaf,al(-1) ,rflags ,TEST,2,JBE,6,CMP,4,JNZ,6,TEST,4,CMP,7,JNBE,6,LEA,4,MOV,4,CMP,4,0,0,0,0,0,JMP,0,0,1,0,0,0,JA,0,0,4660533,4662099,4660541,0,0,0,0,c,1.3923807959702704e-06,0.0,0,0,0
0x471d2f,JBE,256276,0,1572,6,0x471d2b,CMP,1,NonLeaf,r12(-1) ,rflags ,CMP,4,JNZ,6,TEST,4,JNBE,6,CMP,3,TEST,2,JNZ,6,CMP,7,JNBE,6,LEA,4,0,1,0,0,0,JMP,0,0,1,0,0,0,JNE,0,0,4660523,4662099,4660533,0,0,0,0,c,1.3923807959702704e-06,0.0,0,0,0
0x471d1b,JNBE,256276,0,1574,6,0x471d18,CMP,1,NonLeaf,rsi(-1) rdx(NEG) ,rflags ,CMP,3,NEG,3,MOV,3,AND,4,MOV,3,TEST,4,JNZ,6,CMP,4,JBE,6,TEST,2,0,1,0,0,0,JMP,0,0,1,0,0,0,JNE,0,0,4660464,4662081,4660513,0,0,0,0,c,1.3923807959702704e-06,0.0,0,0,0
0x471759,JZ,1,0,656,6,0x471754,CMP,1,NonLeaf,r13(-1) ,rflags ,CMP,5,JNZ,6,CMP,4,MOV,4,JNZ,6,MOV,4,MOV,4,MOV,4,MOV,4,JMP,5,0,1,0,0,0,JE,0,0,1,0,0,0,JMP,0,0,4659028,4659689,4659039,0,0,0,1,c,5.433129891095032e-12,0.0,0,0,0
0x47174e,JNZ,1,0,705,6,0x47174a,CMP,1,NonLeaf,rbp(-1) rdx(MOV) ,rflags ,CMP,4,MOV,4,JNZ,6,CMP,4,JMP,5,CMP,5,JZ,6,MOV,4,MOV,4,MOV,4,0,0,0,0,0,CALL,0,1,0,1,0,0,JE,0,0,4659014,4659727,4659028,0,0,1,0,c,5.433129891095032e-12,0.0,0,0,0
0x471740,JNZ,1,0,719,6,0x47173c,CMP,1,NonLeaf,rbp(-1) rax(-1) ,rflags ,CMP,4,JMP,5,MOV,5,MOV,5,CALL_NEAR,5,MOV,4,CMP,4,JNZ,6,CMP,5,JZ,6,0,1,0,0,0,CALL,0,1,1,0,0,0,JNE,0,0,4659004,4659727,4659014,0,0,1,0,c,5.433129891095032e-12,0.0,0,0,0
0x4714be,JZ,1,1,35,2,0x4714b7,CMP,1,NonLeaf,r14(-1) ,rflags ,CMP,7,JNZ,2,CMP,6,ADD,4,MOV,4,MOV,4,OR,3,OR,3,MOV,4,MOV,4,0,1,0,0,0,JMP,0,0,1,0,0,0,OR,0,0,4658359,4658401,4658368,0,0,1,0,c,5.433129891095032e-12,1.0,1,0,1
0x4714b5,JNZ,127,126,-21,2,0x4714af,CMP,1,NonLeaf,edx(ADD) ,rflags ,CMP,6,ADD,4,MOV,4,MOV,4,ADD,3,CMP,7,JZ,2,MOV,4,OR,3,OR,3,1,1,1,1,1,JNE,0,0,1,1,0,0,JE,1,0,4658336,4658336,4658359,1,0,1,0,c,6.90007496169069e-10,0.9921259842519684,1,1,1
0x47147d,JNZ,40,36,-373,6,0x471478,CMP,1,NonLeaf,rsp(-1) rax(LEA) ,rflags ,CMP,5,LEA,4,ADD,4,NOP,8,JNZ,6,ADD,4,POP,1,POP,1,POP,2,POP,2,0,0,0,1,1,JNE,0,0,1,1,0,0,RET,1,0,4658288,4657928,4658307,0,1,0,0,c,2.1732519564380127e-10,0.9,1,1,1
0x47143a,JZ,34984,28491,-282,6,0x471434,TEST,1,NonLeaf,rbp(-1) r13(-1) ,rflags ,TEST,6,JZ,2,CMP,4,JNZ,6,TEST,3,AND,5,JMP,5,NOP,6,ADD,3,OR,4,0,1,0,0,0,JNE,0,0,1,0,0,0,JMP,0,0,4658228,4657952,4658240,0,0,0,1,c,1.9007261611006864e-07,0.8144008689686714,1,0,1
0x471432,JZ,34984,0,30,2,0x47142e,CMP,1,NonLeaf,r14(-1) rbp(-1) ,rflags ,CMP,4,JNZ,6,TEST,3,MOV,4,JBE,2,TEST,6,JZ,6,AND,5,JMP,5,NOP,6,0,1,0,0,0,JNE,0,0,1,0,0,0,JE,0,0,4658222,4658256,4658228,0,0,1,0,c,1.9007261611006864e-07,0.0,0,0,0
0x471428,JNZ,420,0,844,6,0x471425,TEST,1,NonLeaf,rdx(MOV) rdx(MOV) ,rflags ,TEST,3,MOV,4,JBE,2,MOV,4,MOV,4,CMP,4,JZ,2,TEST,6,JZ,6,AND,5,0,1,0,0,0,JNE,0,0,0,1,0,0,JE,0,0,4658209,4659060,4658222,0,0,0,0,c,2.281914554259913e-09,0.0,0,0,0
0x47141f,JBE,6494,6074,15,2,0x47140f,CMP,1,NonLeaf,rbx(-1) ,rflags ,MOV,4,MOV,4,CMP,8,JNZ,6,CMP,4,MOV,4,TEST,3,JNZ,6,CMP,4,JZ,2,0,0,1,0,0,JE,0,0,1,0,0,0,JNE,0,0,4658191,4658222,4658209,0,0,0,0,c,3.528274551277114e-08,0.9353249153064368,1,0,1
0x471409,JNZ,6494,0,235,6,0x471405,CMP,1,NonLeaf,rbx(-1) rdx(-1) ,rflags ,CMP,4,JNZ,6,CMP,4,MOV,4,MOV,4,CMP,8,MOV,4,MOV,4,JBE,2,MOV,4,0,0,0,0,0,JE,0,0,1,0,0,0,JBE,0,0,4658181,4658420,4658191,0,0,0,1,c,3.528274551277114e-08,0.0,0,0,0
0x4713ff,JNZ,6494,0,245,6,0x4713fb,CMP,1,NonLeaf,rbx(-1) rax(MOV) ,rflags ,CMP,4,MOV,4,MOV,4,JNZ,6,CMP,4,CMP,4,JNZ,6,CMP,8,MOV,4,MOV,4,0,1,0,0,0,JE,0,0,1,0,0,0,JNE,0,0,4658163,4658420,4658181,0,0,0,0,c,3.528274551277114e-08,0.0,0,0,0
0x4713ed,JNZ,6494,0,506,6,0x4713e9,CMP,1,NonLeaf,rax(AND) rbx(SUB) rax(AND) ,rflags ,CMP,4,AND,4,MOV,4,ADD,3,SUB,3,MOV,4,MOV,4,CMP,4,JNZ,6,CMP,4,0,1,0,0,0,JE,0,0,1,0,0,0,JNE,0,0,4658136,4658663,4658163,0,0,0,0,c,3.528274551277114e-08,0.0,0,0,0
0x4713d6,JNZ,34984,28490,88,2,0x4713d4,TEST,1,NonLeaf,al(MOV) ,rflags ,TEST,2,AND,4,MOV,4,LEA,4,AND,4,MOV,3,SUB,3,ADD,3,MOV,4,AND,4,1,1,0,0,0,JE,0,0,1,0,0,0,JNE,0,0,4658105,4658222,4658136,0,0,0,0,c,1.9007261611006864e-07,0.8143722844729019,1,0,1
0x4713b0,JZ,34984,8,192,6,0x4713a5,TEST,1,NonLeaf,r15(-1) r15(-1) ,rflags ,MOV,4,MOV,4,TEST,3,OR,4,MOV,4,MOV,3,MOV,4,MOV,4,MOV,3,AND,4,0,0,1,0,0,JNE,1,0,0,0,0,0,MOV,0,0,4658070,4658288,4658102,0,0,0,0,c,1.9007261611006864e-07,0.0002286759661559,0,0,0
0x47136b,JNZ,7083,1,977,6,0x471368,TEST,1,NonLeaf,rax(MOV) rax(MOV) ,rflags ,TEST,3,MOV,4,JBE,2,MOV,4,MOV,4,MOV,4,CMP,7,MOV,4,MOV,4,JBE,2,0,1,0,0,0,JNE,0,0,0,1,0,0,JBE,0,0,4658020,4659004,4658033,0,0,0,1,c,3.848285901862612e-08,0.0001411831144995,0,0,0
0x471362,JBE,28491,21408,15,2,0x471352,CMP,1,NonLeaf,rbp(-1) ,rflags ,MOV,4,MOV,4,CMP,8,JNZ,6,CMP,4,MOV,4,TEST,3,JNZ,6,MOV,4,CMP,7,0,0,1,0,0,JBE,0,0,1,0,0,0,JNE,0,0,4658002,4658033,4658020,0,0,1,0,c,1.5479530372718858e-07,0.7513951774244498,1,0,1
0x47134c,JNZ,28491,0,550,6,0x471348,CMP,1,NonLeaf,rbp(-1) rax(-1) ,rflags ,CMP,4,JNZ,6,CMP,4,MOV,4,MOV,4,CMP,8,MOV,4,MOV,4,JBE,2,MOV,4,0,0,0,0,0,JE,0,0,1,0,0,0,JBE,0,0,4657992,4658546,4658002,0,0,0,1,c,1.5479530372718858e-07,0.0,0,0,0
0x471342,JNZ,28491,0,560,6,0x47133e,CMP,1,NonLeaf,rbp(-1) r13(MOV) ,rflags ,CMP,4,MOV,4,MOV,4,JNZ,6,CMP,5,CMP,4,JNZ,6,CMP,8,MOV,4,MOV,4,0,1,0,0,0,JE,0,0,1,0,0,0,JNE,0,0,4657974,4658546,4657992,0,0,0,0,c,1.5479530372718858e-07,0.0,0,0,0
0x471330,JNZ,28491,0,752,6,0x47132b,CMP,1,NonLeaf,rax(AND) rbp(-1) rax(AND) ,rflags ,CMP,5,AND,4,ADD,3,MOV,4,NOP,5,MOV,4,MOV,4,CMP,4,JNZ,6,CMP,4,0,0,0,0,0,JE,0,0,0,1,0,0,JNE,0,0,4657952,4658720,4657974,0,0,1,0,c,1.5479530372718858e-07,0.0,0,0,0
0x471310,JNZ,40,8,169,6,0x47130d,TEST,1,NonLeaf,rbx(XCHG) rbx(XCHG) ,rflags ,TEST,3,XCHG,3,XOR,2,NOP,5,SUB,5,JMP,5,NOP,5,MOV,4,ADD,3,AND,4,1,1,0,1,0,JNE,0,0,1,0,0,0,JMP,0,0,4657928,4658105,4657942,0,0,0,0,c,2.1732519564380127e-10,0.2,0,1,0
0x4712d8,JZ,4,4,3,2,0x4712cf,CMP,1,NonLeaf,fs(-1) ,rflags ,CMP,9,JZ,6,CMP,8,SUB,4,PUSH,1,OR_LOCK,5,LEA,4,MOV,9,LEA,4,LEA,4,0,1,1,0,0,NOP,0,0,1,0,0,0,-1,0,-1,4657871,4657883,4657882,0,0,1,0,c,2.173251956438013e-11,1.0,1,0,1
0x4712c9,JZ,5,1,457,6,0x4712c1,CMP,1,NonLeaf,rip(JZ) ,rflags ,CMP,8,SUB,4,PUSH,1,PUSH,1,PUSH,2,CMP,9,JZ,2,OR_LOCK,5,LEA,4,MOV,9,0,1,0,0,0,NOP,0,0,1,0,0,0,JE,1,0,4657840,4658322,4657871,0,0,0,0,c,2.7165649455475163e-11,0.2,0,0,0
0x470491,JZ,1,0,-56,2,0x47048e,SUB,1,NonLeaf,r13(SUB) rax(-1) ,r13 rflags ,SUB,3,JZ,2,TEST,3,NOP,1,CALL_NEAR,6,MOV,4,SUB,3,SUB,4,OR,4,MOV,4,0,0,0,0,0,XOR,0,0,1,0,0,0,JMP,0,0,4654222,4654169,4654227,0,0,0,1,c,5.433129891095032e-12,0.0,0,1,0
0x47048c,JZ,1,0,-51,2,0x470489,TEST,1,NonLeaf,rax(-1) rax(-1) ,rflags ,TEST,3,NOP,1,CALL_NEAR,6,XOR,2,JNZ,2,SUB,3,JZ,2,MOV,4,SUB,3,SUB,4,0,0,0,0,0,XOR,0,0,1,0,0,0,JE,0,0,4654216,4654169,4654222,0,0,0,0,c,5.433129891095032e-12,0.0,0,0,0
0x47047e,JNZ,1,0,47,2,0x47047b,TEST,1,NonLeaf,rax(MOV) rax(MOV) ,rflags ,TEST,3,MOV,7,CALL_NEAR,6,NEG,3,MOV,3,XOR,2,CALL_NEAR,6,NOP,1,TEST,3,JZ,2,0,1,0,0,0,CALL,0,1,1,1,0,0,CALL,0,1,4654196,4654253,4654208,0,0,1,1,c,5.433129891095032e-12,0.0,0,0,0
0x470457,JZ,1,1,17,2,0x470454,CMP,1,NonLeaf,rax(-1) rdx(ADD) ,rflags ,CMP,3,MOV,3,ADD,4,MOV,3,CALL_NEAR,6,XOR,2,POP,1,POP,1,POP,2,POP,2,0,1,0,0,0,CALL,0,1,0,0,0,0,XOR,0,0,4654154,4654184,4654169,0,0,1,0,c,5.433129891095032e-12,1.0,1,0,1
0x47043a,JLE,1,0,31,2,0x470437,AND,1,NonLeaf,rcx(AND) rax(NEG) ,rcx rflags ,AND,3,SUB,3,NEG,3,LEA,4,AND,4,MOV,3,XOR,2,MOV,3,CALL_NEAR,6,MOV,3,0,1,0,0,0,XOR,0,0,1,0,0,0,CALL,0,1,4654096,4654169,4654140,0,0,0,1,c,5.433129891095032e-12,0.0,0,1,0
0x46f954,JZ,19032,19030,68,2,0x46f945,TEST,1,NonLeaf,r13(-1) r13(-1) ,rflags ,MOV,4,MOV,4,MOV,4,TEST,3,CALL_NEAR,5,MOV,4,MOV,4,MOV,4,MOV,11,ADD,4,0,1,0,0,0,JMP,0,0,1,0,0,0,MOV,0,0,4651333,4651416,4651350,0,0,1,1,c,1.0340332808732065e-07,0.99989491382934,1,0,1
0x46f926,JNZ,19032,2,90,2,0x46f923,TEST,1,NonLeaf,rdx(-1) rdx(-1) ,rflags ,TEST,3,SUB,4,MOV,3,PUSH,1,MOV,3,XOR,2,MOV,3,CALL_NEAR,5,MOV,3,XOR,2,0,1,0,0,0,JMP,0,0,1,0,0,0,CALL,0,1,4651280,4651392,4651304,1,0,0,1,c,1.0340332808732065e-07,0.0001050861706599,0,0,0
0x46ee4a,JZ,2,2,78,2,0x46ee47,TEST,1,NonLeaf,rdi(MOV) rdi(MOV) ,rflags ,TEST,3,MOV,4,MOV,8,JZ,2,MOV,3,MOV,2,TEST,3,JZ,2,AND,3,MOV,4,0,1,1,0,0,RET,0,0,1,0,0,0,JE,0,0,4648515,4648600,4648524,0,0,0,0,c,1.0866259782190064e-11,1.0,1,0,1
0x46ee39,JZ,2,2,10,2,0x46ee31,CMP,1,NonLeaf,rdi(-1) ,rflags ,MOV,3,CMP,5,PUSH,1,INVALID,0,INVALID,0,MOV,8,MOV,4,TEST,3,JZ,2,MOV,2,0,1,1,0,0,JE,0,0,1,0,0,0,MOV,0,0,4648496,4648515,4648507,0,0,0,1,c,1.0866259782190064e-11,1.0,1,0,1
0x46e607,JZ,1571926,1571926,57,2,0x46e603,CMP,1,NonLeaf,rdx(-1) sil(-1) ,rflags ,CMP,4,JBE,2,CMP,4,MOV,4,SUB,4,MOV,7,MOV,5,SUB,7,MOV,3,SUB,6,0,1,0,0,0,JMP,0,0,0,0,0,0,JBE,0,0,4646403,4646464,4646409,1,0,1,0,c,8.54047813718945e-06,1.0,1,0,1
0x46e601,JBE,1571926,0,8,2,0x46e5fd,CMP,1,NonLeaf,rdx(MOV) rdi(-1) ,rflags ,CMP,4,MOV,4,SUB,4,MOV,3,PUSH,1,CMP,4,JZ,2,MOV,7,MOV,5,SUB,7,0,1,0,0,0,JBE,0,0,1,0,0,0,JE,0,0,4646384,4646409,4646403,0,0,0,0,c,8.54047813718945e-06,0.0,0,0,0
0x46e597,JZ,2,2,15,2,0x46e594,TEST,1,NonLeaf,rdi(MOV) rdi(MOV) ,rflags ,TEST,3,MOV,4,JNZ,2,TEST,3,MOV,3,CALL_NEAR,5,MOV,8,MOV,3,POP,1,JMP,5,0,1,1,0,0,JMP,0,0,1,0,0,0,CALL,0,1,4646288,4646310,4646297,0,0,0,1,c,1.0866259782190064e-11,1.0,1,0,1
0x46e579,JZ,2,2,23,2,0x46e576,TEST,1,NonLeaf,rax(MOV) rax(MOV) ,rflags ,TEST,3,MOV,4,JZ,2,TEST,3,JZ,2,NOP,5,MOV,8,MOV,3,TEST,3,JNZ,2,0,1,1,0,0,JE,1,0,1,0,0,0,NOP,0,0,4646258,4646288,4646267,0,0,0,0,c,1.0866259782190064e-11,1.0,1,1,1
0x46e56b,JZ,2,2,7,2,0x46e568,TEST,1,NonLeaf,rdi(MOV) rdi(MOV) ,rflags ,TEST,3,MOV,4,MOV,3,PUSH,1,INVALID,0,TEST,3,JZ,2,MOV,4,TEST,3,JZ,2,0,1,1,0,0,JE,0,0,1,0,0,0,JE,0,0,4646240,4646258,4646253,0,0,0,0,c,1.0866259782190064e-11,1.0,1,0,1
0x46e4d9,JS,19034,19032,103,2,0x46e4d1,TEST,1,Leaf,edx(-1) edx(-1) ,rflags ,MOV,6,TEST,2,MOV,8,MOV,7,MOV,6,MOV,7,MOV,8,MOV,8,MOV,8,MOV,7,0,1,1,0,0,RET,0,0,1,0,0,0,MOV,0,0,4646097,4646208,4646107,0,0,1,1,c,1.0341419434710284e-07,0.999894924871283,1,0,1
0x46e4ba,JZ,19034,19032,23,2,0x46e467,TEST,1,Leaf,rax(MOV) rax(MOV) ,rflags ,MOV,8,MOV,8,MOV,8,MOV,8,MOV,8,MOV,6,MOV,7,MOV,8,TEST,2,MOV,6,0,1,1,0,0,JS,0,0,1,0,0,0,MOV,0,0,4645936,4646097,4646076,0,0,1,1,c,1.0341419434710284e-07,0.999894924871283,1,0,1
0x46e034,JZ,1,0,124,2,0x46e031,AND,1,NonLeaf,edx(AND) ,edx rflags ,AND,3,JZ,2,TEST,3,LEA,7,MOV,2,OR,3,MOV,4,MOV,4,MOV,2,MOV,8,0,1,0,0,0,CALL,0,1,0,1,0,0,MOV,0,0,4644913,4645040,4644918,0,0,1,1,c,5.433129891095032e-12,0.0,0,1,0
0x46e02f,JZ,1,0,7,2,0x46e02c,TEST,1,NonLeaf,rdi(MOV) rdi(MOV) ,rflags ,TEST,3,LEA,7,MOV,2,LEA,7,OR,3,AND,3,JZ,2,OR,3,MOV,4,MOV,4,0,1,1,0,0,MOV,0,0,1,0,0,0,JE,0,0,4644885,4644918,4644913,0,0,1,0,c,5.433129891095032e-12,0.0,0,0,0
0x46e00e,JZ,1,1,7,2,0x46e009,TEST,1,NonLeaf,r12(-1) r12(-1) ,rflags ,MOV,2,TEST,3,MOV,2,JZ,6,CMP,3,TEST,3,JNZ,2,MOV,4,OR,3,LEA,7,0,1,0,0,0,JE,0,0,1,0,0,0,JNE,0,0,4644871,4644885,4644880,0,0,1,0,c,5.433129891095032e-12,1.0,1,0,1
0x46e001,JZ,1,0,255,6,0x46dffe,CMP,1,NonLeaf,eax(-1) ,rflags ,CMP,3,CALL_NEAR,3,MOV,3,JBE,6,CMP,3,MOV,2,TEST,3,MOV,2,JZ,2,TEST,3,0,1,0,0,0,JMP,0,0,1,0,0,0,JE,0,0,4644862,4645120,4644871,0,0,0,0,c,5.433129891095032e-12,0.0,0,0,0
0x46dff2,JBE,1,0,277,6,0x46dfef,CMP,1,NonLeaf,rax(SUB) rcx(SUB) ,rflags ,CMP,3,SUB,7,MOV,3,MOV,7,SUB,4,MOV,3,CALL_NEAR,3,CMP,3,JZ,6,MOV,2,0,1,0,0,0,CALL,0,1,1,1,0,0,CALL,0,1,4644800,4645127,4644856,0,0,1,1,c,5.433129891095032e-12,0.0,0,0,0
0x46dc0f,JNZ,8,5,-15,2,0x46dc0c,CMP,1,NonLeaf,rax(ADD) r15(-1) ,rflags ,CMP,3,ADD,4,MOV,3,MOVZX,5,NOP,6,JMP,5,MOV,5,CALL_NEAR,5,MOV,5,JMP,5,1,1,1,1,1,JNE,0,0,1,1,0,0,JMP,0,0,4643840,4643840,4643857,1,0,1,0,c,4.346503912876026e-11,0.625,1,1,1
0x46dbc0,JBE,3,3,-208,6,0x46dbbc,CMP,1,NonLeaf,r15(CMOVBE) ,rflags ,CMP,4,CMOVBE,4,CMP,3,SUB,3,JNB,2,MOV,3,MOV,3,ADD,3,CALL_NEAR,5,MOV,5,0,1,0,0,0,JE,0,0,1,0,0,0,CALL,0,1,4643762,4643568,4643782,0,0,0,1,c,1.6299389673285098e-11,1.0,1,0,1
0x46dbb0,JNB,3,0,-71,2,0x46dbad,CMP,1,NonLeaf,rdi(MOV) r15(MOV) ,rflags ,CMP,3,MOV,5,MOV,5,MOV,3,SUB,4,SUB,3,CMP,3,CMOVBE,4,CMP,4,JBE,6,1,1,1,0,0,JE,0,0,1,0,0,0,JBE,0,0,4643747,4643689,4643762,0,1,0,0,c,1.6299389673285098e-11,0.0,0,0,0
0x46db6c,JZ,3,3,116,2,0x46db69,TEST,1,NonLeaf,rbx(SUB) rbx(SUB) ,rflags ,TEST,3,SUB,3,MOV,5,ADD,3,ADD,3,MOV,8,MOV,3,SUB,7,CMP,3,JBE,6,0,1,1,0,0,SUB,1,0,1,0,0,0,JBE,0,0,4643689,4643808,4643694,0,0,0,0,c,1.6299389673285098e-11,1.0,1,0,1
0x46db15,JBE,3,3,227,6,0x46db11,CMP,1,NonLeaf,r15(-1) ,rflags ,CMP,4,JZ,6,OR,2,SETNB,3,CMP,3,MOVDQU,5,CMP,4,MOVDQU,4,JZ,2,MOVZX,4,0,0,0,0,0,NOP,0,0,1,0,0,0,JE,0,0,4643601,4643832,4643611,0,0,0,1,c,1.6299389673285098e-11,1.0,1,0,1
0x46db0b,JZ,3,0,237,6,0x46db09,OR,1,NonLeaf,dl(OR) al(SETNB) ,dl rflags ,OR,2,SETNB,3,CMP,3,SETNB,3,LEA,4,CMP,4,JBE,6,MOVDQU,5,CMP,4,MOVDQU,4,0,1,0,0,0,NOP,0,0,1,0,0,0,JBE,0,0,4643573,4643832,4643601,0,0,0,0,c,1.6299389673285098e-11,0.0,0,0,0
0x46daf3,JZ,3,0,115,2,0x46daf0,TEST,1,NonLeaf,r15(-1) r15(-1) ,rflags ,TEST,3,NOP,9,JMP,5,SUB,7,MOV,3,LEA,4,CMP,3,LEA,4,SETNB,3,CMP,3,0,0,1,0,0,SUB,0,0,1,0,0,0,JE,0,0,4643568,4643686,4643573,0,0,0,0,c,1.6299389673285098e-11,0.0,0,0,0
0x46dac6,JZ,7,4,288,6,0x46dac3,TEST,1,NonLeaf,rdx(-1) rdx(-1) ,rflags ,TEST,3,SUB,4,PUSH,1,PUSH,1,PUSH,2,MOV,6,MOV,3,MOV,3,MOV,3,SUB,7,0,1,1,0,0,RET,1,0,1,0,0,0,JMP,0,0,4643504,4643814,4643532,0,0,0,0,c,3.803190923766522e-11,0.5714285714285714,1,0,1
0x46da83,JZ,1047,1,17,2,0x46da80,CMP,1,NonLeaf,eax(-1) ,rflags ,CMP,3,CALL_NEAR,3,MOV,3,JBE,2,CMP,3,MOV,4,LEA,4,MOV,4,MOVZX,3,ADD,4,0,1,1,0,0,RET,0,0,1,0,0,0,MOVZX,0,0,4643456,4643476,4643461,0,0,0,1,c,5.688486995976498e-09,0.0009551098376313,0,0,0
0x46da78,JBE,1047,0,35,2,0x46da75,CMP,1,NonLeaf,rax(SUB) rdx(SUB) ,rflags ,CMP,3,SUB,7,MOV,3,MOV,7,SUB,4,MOV,3,CALL_NEAR,3,CMP,3,JZ,2,MOV,4,0,1,0,0,0,CALL,0,1,1,1,0,0,CALL,0,1,4643408,4643483,4643450,0,0,1,1,c,5.688486995976498e-09,0.0,0,0,0
0x46d9b8,JNZ,3,3,-58,2,0x46d9b5,CMP,1,NonLeaf,eax(-1) ,rflags ,CMP,3,CALL_NEAR,3,MOV,3,JBE,2,CMP,3,MOV,4,LEA,7,LEA,7,MOV,2,TEST,3,0,0,0,0,0,RET,0,0,1,0,0,0,JE,0,0,4643253,4643198,4643258,0,0,0,0,c,1.6299389673285098e-11,1.0,1,0,1
0x46d9ad,JBE,3,0,129,2,0x46d9aa,CMP,1,NonLeaf,rax(SUB) rdx(SUB) ,rflags ,CMP,3,SUB,7,MOV,3,SUB,6,MOV,5,MOV,3,CALL_NEAR,3,CMP,3,JNZ,2,MOV,4,0,1,0,0,0,CALL,0,1,1,1,0,0,CALL,0,1,4643214,4643374,4643247,0,0,1,1,c,1.6299389673285098e-11,0.0,0,0,0
0x46d98c,JNZ,3,0,100,2,0x46d98a,TEST,1,NonLeaf,al(MOV) ,rflags ,TEST,2,MOV,2,NOP,5,RET_NEAR,1,POP,2,MOV,7,MOV,5,SUB,6,MOV,3,SUB,7,0,1,0,0,0,JG,0,0,1,0,0,0,JBE,0,0,4643208,4643312,4643214,0,0,0,0,c,1.6299389673285098e-11,0.0,0,0,0
0x46d97c,JZ,3,3,12,2,0x46d974,CMP,1,NonLeaf,rdi(-1) ,rflags ,MOV,3,CMP,5,PUSH,1,PUSH,1,PUSH,2,POP,1,POP,1,POP,2,RET_NEAR,1,NOP,5,0,1,0,0,0,JNE,0,0,1,0,0,0,RET,0,0,4643184,4643208,4643198,0,0,0,0,c,1.6299389673285098e-11,1.0,1,0,1
0x46d919,JZ,2,2,39,2,0x46d917,TEST,1,NonLeaf,al(-1) ,rflags ,TEST,2,JZ,2,TEST,3,MOV,2,MOV,4,MOV,4,MOV,2,OR,3,AND,3,TEST,2,0,1,0,0,0,CALL,0,1,0,1,0,0,RET,0,0,4643095,4643136,4643099,0,1,1,1,c,1.0866259782190064e-11,1.0,1,0,1
0x46d915,JZ,19037,19035,6,2,0x46d912,TEST,1,NonLeaf,rdi(MOV) rdi(MOV) ,rflags ,TEST,3,MOV,2,MOV,4,SUB,4,MOV,3,TEST,2,JZ,2,MOV,4,MOV,2,OR,3,0,1,1,0,0,RET,0,0,1,0,0,0,JE,0,0,4643072,4643099,4643095,0,0,1,0,c,1.0343049373677613e-07,0.9998949414298473,1,0,1
0x46d7e7,JZ,1047,1047,-146,6,0x46d7e4,TEST,1,NonLeaf,rdi(MOV) rdi(MOV) ,rflags ,TEST,3,MOV,4,JNZ,6,MOV,3,MOV,4,TEST,3,JZ,2,AND,3,MOV,4,MOV,2,0,0,1,0,0,JBE,0,0,1,0,0,0,JE,0,0,4642784,4642645,4642797,0,0,0,0,c,5.688486995976498e-09,1.0,1,0,1
0x46d793,JZ,1046,1046,-118,2,0x46d790,CMP,1,NonLeaf,eax(-1) ,rflags ,CMP,3,NOP,7,JMP,2,POP,1,POP,1,ADD,4,MOV,5,POP,1,POP,1,RET_NEAR,1,0,0,0,0,0,JNE,0,0,0,0,0,0,RET,0,0,4642704,4642589,4642709,0,0,0,0,c,5.683053866085404e-09,1.0,1,0,1
0x46d774,JBE,1047,0,362,6,0x46d771,CMP,1,NonLeaf,rax(SUB) rdx(SUB) ,rflags ,CMP,3,SUB,7,MOV,3,SUB,6,MOV,5,MOV,4,ADD,4,MOV,3,POP,1,POP,1,0,1,0,0,0,CALL,0,1,1,1,0,0,JMP,0,0,4642645,4643038,4642682,0,0,1,0,c,5.688486995976498e-09,0.0,0,0,0
0x46d743,JZ,1047,1047,157,6,0x46d73e,CMP,1,NonLeaf,rbx(-1) ,rflags ,CMP,5,JNZ,2,TEST,3,JB,6,CMP,3,MOV,3,CALL_NEAR,5,TEST,2,JNZ,2,MOV,7,0,0,0,0,0,JE,0,0,0,0,0,0,CALL,0,1,4642622,4642784,4642633,0,0,0,1,c,5.688486995976498e-09,1.0,1,1,1
0x46d73c,JNZ,1047,0,108,2,0x46d739,TEST,1,NonLeaf,ah(-1) ,rflags ,TEST,3,JB,6,CMP,3,MOV,4,MOV,4,CMP,5,JZ,6,MOV,3,CALL_NEAR,5,TEST,2,0,1,0,0,0,JA,0,0,1,0,0,0,JE,0,0,4642617,4642728,4642622,1,0,1,0,c,5.688486995976498e-09,0.0,0,0,0
0x46d733,JB,1047,0,269,6,0x46d730,CMP,1,NonLeaf,rdx(MOV) rsi(MOV) ,rflags ,CMP,3,MOV,4,MOV,4,JNZ,6,TEST,3,TEST,3,JNZ,2,CMP,5,JZ,6,MOV,3,0,1,0,0,0,RET,0,0,1,0,0,0,JNE,0,0,4642608,4642880,4642617,0,0,1,0,c,5.688486995976498e-09,0.0,0,0,0
0x46d722,JNZ,1047,0,310,6,0x46d71f,TEST,1,NonLeaf,ah(MOV) ,rflags ,TEST,3,MOV,2,MOV,10,JNZ,2,TEST,2,MOV,4,MOV,4,CMP,3,JB,6,TEST,3,0,1,0,0,0,JBE,0,0,1,0,0,0,MOV,0,0,4642589,4642904,4642600,0,0,0,0,c,5.688486995976498e-09,0.0,0,0,0
0x46d711,JNZ,1047,1046,127,2,0x46d70f,TEST,1,NonLeaf,eax(MOV) eax(MOV) ,rflags ,TEST,2,MOV,6,SUB,4,MOV,3,PUSH,1,MOV,10,MOV,2,TEST,3,JNZ,6,MOV,4,0,1,0,0,0,JE,0,0,1,0,0,0,MOV,0,0,4642560,4642704,4642579,0,0,0,1,c,5.688486995976498e-09,0.9990448901623686,1,0,1
0x46d40b,JNB,1047,1047,6,2,0x46d3ff,CMP,1,NonLeaf,rbx(-1) rax(-1) ,rflags ,MOV,4,MOV,4,CMP,4,JNZ,2,TEST,3,MOV,4,AND,3,MOV,4,MOV,4,MOV,4,0,0,1,0,0,XOR,0,0,1,0,0,0,MOV,0,0,4641791,4641809,4641805,1,0,1,1,c,5.688486995976498e-09,1.0,1,0,1
0x46d3fd,JNZ,1047,0,51,2,0x46d3fa,TEST,1,NonLeaf,dh(MOV) ,rflags ,TEST,3,MOV,2,MOV,4,JZ,2,CMP,3,CMP,4,MOV,4,MOV,4,JNB,2,MOV,4,0,1,0,0,0,JMP,0,0,1,0,0,0,JAE,0,0,4641784,4641840,4641791,0,0,1,1,c,5.688486995976498e-09,0.0,0,0,0
0x46d3c1,JBE,1047,1047,55,2,0x46d3bd,CMP,1,NonLeaf,rax(MOV) rdi(-1) ,rflags ,CMP,4,MOV,4,SUB,4,MOV,3,PUSH,1,MOV,7,MOV,5,SUB,6,MOV,3,SUB,7,0,1,0,0,0,JNE,0,0,1,0,0,0,JBE,0,0,4641712,4641784,4641731,0,0,0,0,c,5.688486995976498e-09,1.0,1,0,1
0x46d2f7,JNZ,2,0,8043,6,0x46d2f5,DEC,1,NonLeaf,rdx(-1) ,rflags ,DEC,2,JMP,2,JNZ,6,DEC_LOCK,3,JZ,2,MOV,6,JMP,5,MOV,8,MOV,9,JMP,5,0,-1,-1,-1,-1,CALL,-1,1,0,1,0,0,JMP,0,0,4641525,4649570,4641533,0,0,1,0,c,1.0866259782190064e-11,0.0,0,0,0
0x46d2e8,JZ,2,2,13,2,0x46d2e1,CMP,1,NonLeaf,rip(JZ) ,rflags ,CMP,7,MOV,8,JNZ,6,MOV,6,MOV,3,DEC_LOCK,3,JNZ,6,JMP,2,DEC,2,JNZ,6,0,1,0,0,0,JNE,0,0,1,0,0,0,JNE,0,0,4641497,4641525,4641514,0,0,1,0,c,1.0866259782190064e-11,1.0,1,0,1
0x46d2d3,JNZ,2,0,-233,6,0x46d2c8,TEST,1,NonLeaf,eax(SUB) eax(SUB) ,rflags ,MOV,6,MOV,3,TEST,2,SUB,3,MOV,3,MOV,8,CMP,7,JZ,2,DEC_LOCK,3,JNZ,6,0,0,1,0,0,JNE,0,0,1,0,0,0,JE,0,0,4641474,4641258,4641497,0,0,1,1,c,1.0866259782190064e-11,0.0,0,0,0
0x46d2c0,JNZ,2,0,61,2,0x46d2af,AND,1,NonLeaf,esi(AND) ,esi rflags ,MOV,4,MOV,7,AND,6,ADD,7,ADD,4,MOV,3,SUB,3,TEST,2,MOV,3,MOV,6,0,1,0,0,0,JMP,0,0,1,0,0,0,JNE,0,0,4641437,4641533,4641474,0,0,0,1,c,1.0866259782190064e-11,0.0,0,0,0
0x46d283,JNZ,2,0,8132,6,0x46d280,CMPXCHG,1,NonLeaf,rdx(-1) esi(-1) eax(CMPXCHG) ,eax rflags ,CMPXCHG,3,JMP,2,JNZ,6,CMPXCHG_LOCK,4,JZ,2,MOV,7,MOV,7,MOV,2,MOV,4,MOV,7,0,-1,-1,-1,-1,CALL,-1,1,0,1,0,0,MOV,0,0,4641408,4649543,4641417,0,0,1,1,c,1.0866259782190064e-11,0.0,0,0,0
0x46d264,JZ,2,0,57,2,0x46d260,CMP,1,NonLeaf,r8(MOV) rdx(MOV) ,rflags ,CMP,4,MOV,9,MOV,7,NOP,10,RET_NEAR,1,MOV,5,CMP,7,JZ,2,CMPXCHG_LOCK,4,JNZ,6,0,1,1,0,0,JNE,0,0,1,0,0,0,JE,0,0,4641360,4641437,4641382,0,0,1,0,c,1.0866259782190064e-11,0.0,0,0,0
0x46d233,JZ,2,2,12,2,0x46d231,TEST,1,NonLeaf,ebp(-1) ebp(-1) ,rflags ,TEST,2,JNZ,6,DEC,6,JMP,2,JNZ,6,XOR,2,MOV,3,CALL_NEAR,5,ADD,4,POP,1,0,0,1,0,0,RET,0,0,1,0,0,0,CALL,0,1,4641329,4641343,4641333,0,0,0,1,c,1.0866259782190064e-11,1.0,1,0,1
0x46d22b,JNZ,2,0,8189,6,0x46d225,DEC,1,NonLeaf,rip(JNZ) ,rflags ,DEC,6,JMP,2,JNZ,6,DEC_LOCK,7,JZ,2,TEST,2,JZ,2,XOR,2,MOV,3,CALL_NEAR,5,0,-1,-1,-1,-1,CALL,-1,1,0,1,0,0,JE,0,0,4641317,4649512,4641329,0,0,1,0,c,1.0866259782190064e-11,0.0,0,0,0
0x46d214,JZ,2,2,17,2,0x46d20d,CMP,1,NonLeaf,rip(JZ) ,rflags ,CMP,7,MOV,11,JNZ,2,MOV,6,TEST,2,DEC_LOCK,7,JNZ,6,JMP,2,DEC,6,JNZ,6,0,1,0,0,0,JNE,0,0,1,0,0,0,JNE,0,0,4641282,4641317,4641302,0,0,1,0,c,1.0866259782190064e-11,1.0,1,0,1
0x46d200,JNZ,2,0,49,2,0x46d1f8,TEST,1,NonLeaf,ecx(SUB) ecx(SUB) ,rflags ,MOV,6,TEST,2,MOV,11,SUB,3,MOV,4,MOV,11,CMP,7,JZ,2,DEC_LOCK,7,JNZ,6,0,1,1,0,0,JE,0,0,1,0,0,0,JE,0,0,4641258,4641329,4641282,0,0,0,1,c,1.0866259782190064e-11,0.0,0,0,0
0x46d1cf,JZ,2,2,129,2,0x46d1c4,AND,1,NonLeaf,eax(AND) ,eax rflags ,MOV,6,AND,5,ADD,3,MOV,2,MOV,7,MOV,7,ADD,7,MOV,7,MOV,4,SUB,3,0,1,0,0,0,JE,0,0,1,0,0,0,MOV,0,0,4641200,4641360,4641233,0,0,0,1,c,1.0866259782190064e-11,1.0,1,1,1
0x46d1a3,JNZ,2,0,8294,6,0x46d19c,CMPXCHG,1,NonLeaf,rip(JNZ) esi(-1) eax(CMPXCHG) ,eax rflags ,CMPXCHG,7,JMP,2,JNZ,6,CMPXCHG_LOCK,8,JZ,2,MOV,7,MOV,2,MOV,6,MOV,7,MOV,2,0,-1,-1,-1,-1,CALL,-1,1,0,1,0,0,MOV,0,0,4641180,4649481,4641193,0,0,1,1,c,1.0866259782190064e-11,0.0,0,1,0
0x46d18a,JZ,2,2,18,2,0x46d183,CMP,1,NonLeaf,rip(JZ) ,rflags ,CMP,7,XOR,2,MOV,5,JZ,2,CMP,7,CMPXCHG_LOCK,8,JNZ,6,JMP,2,CMPXCHG,7,JNZ,6,0,1,0,0,0,JNE,0,0,1,0,0,0,JNE,0,0,4641148,4641180,4641164,0,0,1,0,c,1.0866259782190064e-11,1.0,1,0,1
0x46d17a,JZ,2,0,54,2,0x46d173,CMP,1,NonLeaf,rdx(MOV) rip(JZ) ,rflags ,CMP,7,MOV,9,CALL_NEAR,5,MOV,3,MOV,5,MOV,5,XOR,2,CMP,7,JZ,2,CMPXCHG_LOCK,8,0,1,1,0,0,JE,0,0,1,0,0,0,JE,0,0,4641130,4641200,4641148,0,0,1,0,c,1.0866259782190064e-11,0.0,0,0,0
0x46d155,JZ,2,2,435,6,0x46d14e,TEST,1,NonLeaf,rax(MOV) rax(MOV) ,rflags ,SETNZ,4,TEST,3,MOV,5,MOV,2,XOR,2,XOR,2,MOV,5,MOV,3,CALL_NEAR,5,MOV,9,0,1,0,0,0,JMP,0,0,1,0,0,0,CALL,0,1,4641091,4641544,4641115,0,0,1,1,c,1.0866259782190064e-11,1.0,1,0,1
0x46d13d,JNZ,4,2,258,6,0x46d13b,TEST,1,NonLeaf,al(MOV) ,rflags ,TEST,2,MOV,2,SUB,4,MOV,3,PUSH,1,OR,2,XOR,2,MOV,2,MOV,5,TEST,3,0,1,1,0,0,RET,0,0,1,0,0,0,JE,0,0,4641072,4641343,4641091,0,1,0,1,c,2.173251956438013e-11,0.5,0,1,0
0x46d0b1,JNZ,2,0,8505,6,0x46d0ab,DEC,1,NonLeaf,rip(JNZ) ,rflags ,DEC,6,JMP,2,JNZ,6,DEC_LOCK,7,JZ,2,JMP,2,NOP,7,MOV,4,ADD,7,MOV,7,0,-1,-1,-1,-1,CALL,-1,1,0,1,0,0,JMP,0,0,4640939,4649450,4640951,0,0,1,0,c,1.0866259782190064e-11,0.0,0,0,0
0x46d09a,JZ,2,2,17,2,0x46d093,CMP,1,NonLeaf,rip(JZ) ,rflags ,CMP,7,MOV,11,NOP,7,RET_NEAR,1,POP,1,DEC_LOCK,7,JNZ,6,JMP,2,DEC,6,JNZ,6,0,1,0,0,0,JNE,0,0,1,0,0,0,JNE,0,0,4640904,4640939,4640924,0,0,1,0,c,1.0866259782190064e-11,1.0,1,0,1
0x46d06e,JZ,2,2,12,2,0x46d06c,TEST,1,NonLeaf,ebp(-1) ebp(-1) ,rflags ,TEST,2,JZ,2,MOV,11,SUB,7,JNZ,6,XOR,2,MOV,3,CALL_NEAR,5,ADD,4,POP,1,0,0,1,0,0,RET,0,0,1,0,0,0,CALL,0,1,4640876,4640890,4640880,0,0,0,1,c,1.0866259782190064e-11,1.0,1,0,1
0x46d06a,JZ,2,2,30,2,0x46d058,SUB,1,NonLeaf,rip(JZ) ,rflags ,MOV,11,SUB,7,JNZ,6,DEC,2,JMP,2,TEST,2,JZ,2,XOR,2,MOV,3,CALL_NEAR,5,0,1,0,0,0,JE,0,0,1,1,0,0,JE,0,0,4640856,4640904,4640876,0,0,1,0,c,1.0866259782190064e-11,1.0,1,0,1
0x46d052,JNZ,2,0,8573,6,0x46d050,DEC,1,NonLeaf,rdx(-1) ,rflags ,DEC,2,JMP,2,JNZ,6,DEC_LOCK,3,JZ,2,SUB,7,MOV,11,JZ,2,TEST,2,JZ,2,0,-1,-1,-1,-1,CALL,-1,1,0,1,0,0,JE,0,0,4640848,4649423,4640856,0,0,1,1,c,1.0866259782190064e-11,0.0,0,0,0
0x46d032,JNZ,2,0,38,2,0x46d02e,SUB,1,NonLeaf,rdx(MOV) ,rflags ,SUB,4,MOV,7,JNZ,2,MOV,2,TEST,2,MOV,8,CMP,7,JZ,2,DEC_LOCK,3,JNZ,6,0,0,1,0,0,JE,0,0,1,0,0,0,JE,0,0,4640807,4640856,4640820,0,0,1,1,c,1.0866259782190064e-11,0.0,0,0,0
0x46d025,JNZ,2,0,51,2,0x46d021,TEST,1,NonLeaf,eax(-1) eax(-1) ,rflags ,MOV,2,TEST,2,AND,4,JNZ,2,TEST,3,MOV,7,SUB,4,JNZ,2,MOV,8,CMP,7,0,0,1,0,0,JE,0,0,0,0,0,0,JNE,0,0,4640797,4640856,4640807,0,0,1,1,c,1.0866259782190064e-11,0.0,0,0,0
0x46cfeb,JZ,2,2,213,6,0x46cfe8,CMP,1,NonLeaf,rbx(-1) rdx(-1) ,rflags ,CMP,3,JZ,2,TEST,3,MOV,7,AND,5,MOV,4,TEST,3,JZ,2,CMP,3,JNZ,2,0,1,0,0,0,JMP,0,0,1,0,0,0,JE,0,0,4640744,4640960,4640753,0,0,1,0,c,1.0866259782190064e-11,1.0,1,0,1
0x46cfe6,JZ,2,0,55,2,0x46cfe3,TEST,1,NonLeaf,rdx(MOV) rdx(MOV) ,rflags ,TEST,3,MOV,7,AND,5,MOV,2,ADD,4,CMP,3,JZ,6,MOV,4,TEST,3,JZ,2,0,1,0,0,0,JNE,0,0,1,0,0,0,JE,0,0,4640732,4640797,4640744,0,0,1,0,c,1.0866259782190064e-11,0.0,0,0,0
0x46cfb7,JNZ,2,0,8701,6,0x46cfb4,CMPXCHG,1,NonLeaf,rdx(-1) esi(-1) eax(CMPXCHG) ,eax rflags ,CMPXCHG,3,JMP,2,JNZ,6,CMPXCHG_LOCK,4,JZ,2,MOV,7,MOV,7,MOV,4,MOV,2,ADD,4,0,-1,-1,-1,-1,CALL,-1,1,0,1,0,0,MOV,0,0,4640692,4649396,4640701,0,0,1,1,c,1.0866259782190064e-11,0.0,0,0,0
0x46cfa6,JZ,2,2,14,2,0x46cf9f,CMP,1,NonLeaf,rip(JZ) ,rflags ,CMP,7,MOV,5,JZ,2,CMP,4,MOV,9,CMPXCHG_LOCK,4,JNZ,6,JMP,2,CMPXCHG,3,JNZ,6,0,1,0,0,0,JNE,0,0,1,0,0,0,JNE,0,0,4640666,4640692,4640680,0,0,1,0,c,1.0866259782190064e-11,1.0,1,0,1
0x46cf98,JZ,2,0,55,2,0x46cf94,CMP,1,NonLeaf,r8(MOV) rdx(MOV) ,rflags ,CMP,4,MOV,9,MOV,7,JNZ,2,AND,5,MOV,5,CMP,7,JZ,2,CMPXCHG_LOCK,4,JNZ,6,0,1,1,0,0,AND,0,0,1,0,0,0,JE,0,0,4640644,4640719,4640666,0,0,1,0,c,1.0866259782190064e-11,0.0,0,0,0
0x46cf82,JNZ,2,0,90,2,0x46cf7d,AND,1,NonLeaf,eax(AND) ,eax rflags ,AND,5,MOV,2,MOV,7,ADD,7,MOV,2,MOV,7,MOV,9,CMP,4,JZ,2,MOV,5,0,1,1,0,0,JE,0,0,1,0,0,0,JE,0,0,4640619,4640732,4640644,0,0,0,0,c,1.0866259782190064e-11,0.0,0,1,0
0x46cf5e,JNZ,2,0,8759,6,0x46cf57,CMPXCHG,1,NonLeaf,rip(JNZ) esi(-1) eax(CMPXCHG) ,eax rflags ,CMPXCHG,7,JMP,2,JNZ,6,CMPXCHG_LOCK,8,JZ,2,MOV,7,MOV,2,ADD,7,MOV,7,MOV,2,0,-1,-1,-1,-1,CALL,-1,1,0,1,0,0,MOV,0,0,4640599,4649365,4640612,0,0,1,1,c,1.0866259782190064e-11,0.0,0,1,0
0x46cf35,JZ,2,0,54,2,0x46cf2e,CMP,1,NonLeaf,rdx(MOV) rip(JZ) ,rflags ,CMP,7,MOV,9,CALL_NEAR,5,MOV,3,MOV,5,MOV,5,XOR,2,CMP,7,JZ,2,CMPXCHG_LOCK,8,0,1,1,0,0,JNE,0,0,1,0,0,0,JE,0,0,4640549,4640619,4640567,0,0,1,0,c,1.0866259782190064e-11,0.0,0,0,0
0x46cf10,JZ,2,2,507,6,0x46cf09,TEST,1,NonLeaf,rax(MOV) rax(MOV) ,rflags ,SETNZ,4,TEST,3,XOR,2,MOV,5,JZ,6,XOR,2,MOV,5,MOV,3,CALL_NEAR,5,MOV,9,0,1,0,0,0,JMP,0,0,1,0,0,0,CALL,0,1,4640514,4641035,4640534,0,0,1,1,c,1.0866259782190064e-11,1.0,1,0,1
0x46cefc,JZ,6,4,382,6,0x46cef9,TEST,1,NonLeaf,rdi(-1) ,rflags ,TEST,3,SUB,4,MOV,3,PUSH,1,PUSH,1,MOV,5,XOR,2,TEST,3,SETNZ,4,JZ,6,0,1,1,0,0,RET,0,0,1,0,0,0,JE,0,0,4640496,4640890,4640514,0,0,0,0,c,3.2598779346570196e-11,0.6666666666666666,1,0,1
0x46ceb8,JNZ,1,0,8898,6,0x46ceb6,DEC,1,NonLeaf,rdx(-1) ,rflags ,DEC,2,JMP,2,JNZ,6,DEC_LOCK,3,JZ,2,JMP,5,NOP,5,ADD,4,JMP,5,CALL_NEAR,5,0,-1,-1,-1,-1,CALL,-1,1,0,1,0,0,JMP,0,0,4640438,4649338,4640446,0,0,1,0,c,5.433129891095032e-12,0.0,0,0,0
0x46cea9,JZ,1,1,13,2,0x46cea2,CMP,1,NonLeaf,rip(JZ) ,rflags ,CMP,7,MOV,8,JNZ,6,SUB,4,JZ,6,DEC_LOCK,3,JNZ,6,JMP,2,DEC,2,JNZ,6,0,1,0,0,0,JNE,0,0,1,0,0,0,JNE,0,0,4640410,4640438,4640427,0,0,1,0,c,5.433129891095032e-12,1.0,1,0,1
0x46ce94,JNZ,1,0,-204,6,0x46ce90,SUB,1,NonLeaf,rdx(-1) ,rflags ,SUB,4,JZ,6,TEST,3,MOV,7,NOP,8,MOV,8,CMP,7,JZ,2,DEC_LOCK,3,JNZ,6,0,0,1,0,0,JNE,0,0,1,0,0,0,JE,0,0,4640400,4640200,4640410,0,0,1,1,c,5.433129891095032e-12,0.0,0,0,0
0x46ce8a,JZ,1,0,-194,6,0x46ce87,TEST,1,NonLeaf,rdx(MOV) rdx(MOV) ,rflags ,TEST,3,MOV,7,NOP,8,JMP,5,MOV,7,SUB,4,JNZ,6,MOV,8,CMP,7,JZ,2,0,0,1,0,0,JNE,0,0,1,0,0,0,JNE,0,0,4640384,4640200,4640400,0,0,1,1,c,5.433129891095032e-12,0.0,0,0,0
0x46ce00,JNBE,3,1,-432,6,0x46cdfc,CMP,1,NonLeaf,rbx(-1) rax(MOV) ,rflags ,CMP,4,MOV,4,NOP,7,RET_NEAR,1,POP,2,JMP,5,NOP,5,MOV,3,JMP,5,NOP,8,0,0,0,0,0,JBE,0,0,1,0,0,0,JMP,0,0,4640248,4639824,4640262,0,0,0,0,c,1.6299389673285098e-11,0.3333333333333333,0,0,0
0x46cdd9,JNZ,3,2,-209,6,0x46cdd6,TEST,1,NonLeaf,rbx(MOV) rbx(MOV) ,rflags ,TEST,3,MOV,4,MOV,10,NOP,4,JNZ,6,ADD,4,MOV,3,POP,1,POP,1,POP,2,0,0,0,1,1,JNE,0,0,0,1,0,0,RET,1,0,4640200,4640008,4640223,0,0,0,0,c,1.6299389673285098e-11,0.6666666666666666,1,1,1
0x46cdbe,JNZ,1,1,194,6,0x46cdba,CMP,1,NonLeaf,r14d(-1) ,rflags ,CMP,4,CALL_NEAR,4,MOV,3,XOR,2,XOR,2,NOP,4,MOV,10,MOV,4,TEST,3,JNZ,6,0,1,0,0,0,JE,0,0,1,0,0,0,NOP,0,0,4640186,4640384,4640196,0,0,0,0,c,5.433129891095032e-12,1.0,1,1,1
0x46cda9,JBE,1,0,306,6,0x46cda6,CMP,1,NonLeaf,r13(-1) rax(SUB) ,rflags ,CMP,3,SUB,6,MOV,3,MOV,7,JZ,6,XOR,2,XOR,2,MOV,3,CALL_NEAR,4,CMP,4,0,1,0,0,0,CALL,0,1,1,1,0,0,CALL,0,1,4640150,4640475,4640175,0,0,1,1,c,5.433129891095032e-12,0.0,0,0,0
0x46cd90,JZ,1,1,176,6,0x46cd8e,TEST,1,NonLeaf,al(MOV) ,rflags ,TEST,2,MOV,2,JNZ,2,CMP,7,MOV,7,MOV,7,MOV,3,SUB,6,CMP,3,JBE,6,0,1,0,0,0,JMP,0,0,0,1,0,0,JBE,0,0,4640140,4640320,4640150,1,0,1,0,c,5.433129891095032e-12,1.0,1,0,1
0x46cd8a,JNZ,1,0,12,2,0x46cd83,CMP,1,NonLeaf,rip(JNZ) ,rflags ,CMP,7,MOV,7,MOV,7,MOV,4,MOV,7,MOV,2,TEST,2,JZ,6,MOV,7,MOV,3,0,1,1,0,0,JBE,0,0,1,0,0,0,JE,0,0,4640131,4640150,4640140,0,0,0,0,c,5.433129891095032e-12,0.0,0,0,0
0x46cd64,JNZ,1,0,188,6,0x46cd62,TEST,1,NonLeaf,eax(CMPXCHG) eax(CMPXCHG) ,rflags ,TEST,2,CMPXCHG,3,JMP,2,CMPXCHG_LOCK,4,JZ,2,MOV,7,MOV,4,MOV,7,MOV,7,CMP,7,0,1,0,0,0,CALL,0,1,1,0,0,0,MOV,1,0,4640098,4640288,4640106,0,0,1,1,c,5.433129891095032e-12,0.0,0,1,0
0x46cd57,JZ,1,1,8,2,0x46cd50,CMP,1,NonLeaf,rip(JZ) ,rflags ,CMP,7,MOV,5,XOR,2,JZ,6,CMP,4,CMPXCHG_LOCK,4,JMP,2,CMPXCHG,3,TEST,2,JNZ,6,0,1,0,0,0,CMPXCHG,0,0,1,0,0,0,JMP,0,0,4640073,4640095,4640089,0,0,1,0,c,5.433129891095032e-12,1.0,1,0,1
0x46cd3d,JZ,1,0,70,2,0x46cd3a,TEST,1,NonLeaf,rdx(MOV) rdx(MOV) ,rflags ,TEST,3,MOV,7,XOR,3,JZ,6,TEST,2,CMP,4,JZ,6,XOR,2,MOV,5,CMP,7,1,1,1,0,0,JNE,1,0,1,0,0,0,JE,0,0,4640051,4640131,4640063,0,0,0,0,c,5.433129891095032e-12,0.0,0,0,0
0x46cd2a,JZ,1,0,158,6,0x46cd28,TEST,1,NonLeaf,eax(MOV) eax(MOV) ,rflags ,TEST,2,MOV,6,JZ,6,CMP,3,AND,6,XOR,3,MOV,7,TEST,3,JZ,2,CMP,4,0,0,1,0,0,JNE,0,0,1,0,0,0,XOR,0,0,4640034,4640200,4640048,0,0,1,0,c,5.433129891095032e-12,0.0,0,0,0
0x46cd1c,JZ,2,1,172,6,0x46cd19,CMP,1,NonLeaf,edx(AND) ,rflags ,CMP,3,AND,6,JNZ,6,TEST,3,MOV,2,MOV,6,TEST,2,JZ,6,XOR,3,MOV,7,0,0,1,0,0,JNE,0,0,1,0,0,0,JE,0,0,4640019,4640200,4640034,0,0,1,0,c,1.0866259782190064e-11,0.5,0,0,0
0x46cd0d,JNZ,3,1,187,6,0x46cd0a,TEST,1,NonLeaf,dl(MOV) ,rflags ,TEST,3,MOV,2,NOP,3,MOV,9,SUB,7,AND,6,CMP,3,JZ,6,MOV,6,TEST,2,1,1,1,0,0,JNE,0,0,1,0,0,0,JE,0,0,4640008,4640200,4640019,0,1,1,0,c,1.6299389673285098e-11,0.3333333333333333,0,0,0
0x46cce9,JZ,1,0,246,6,0x46cce6,TEST,1,NonLeaf,rbx(MOV) rbx(MOV) ,rflags ,TEST,3,MOV,7,JNZ,2,TEST,3,MOV,2,MOV,6,SUB,7,MOV,9,NOP,3,MOV,2,0,0,1,0,0,RET,0,0,1,0,0,0,NOP,0,0,4639967,4640223,4639983,0,0,0,0,c,5.433129891095032e-12,0.0,0,0,0
0x46ccdd,JNZ,3,2,-60,2,0x46ccda,TEST,1,NonLeaf,rbx(MOV) rbx(MOV) ,rflags ,TEST,3,MOV,2,MOV,4,MOV,2,MOV,11,MOV,7,TEST,3,JZ,6,MOV,6,SUB,7,0,0,0,1,1,JLE,0,0,0,1,0,0,JE,1,0,4639956,4639905,4639967,0,0,1,0,c,1.6299389673285098e-11,0.6666666666666666,1,1,1
0x46ccb0,JLE,3,3,328,6,0x46ccae,TEST,1,NonLeaf,edx(MOV) edx(MOV) ,rflags ,TEST,2,MOV,7,MOV,6,JZ,2,TEST,3,MOV,7,MOV,4,CMP,4,JNBE,2,MOV,11,1,1,0,0,0,JA,0,0,1,0,0,0,JA,0,0,4639905,4640248,4639926,0,0,0,0,c,1.6299389673285098e-11,1.0,1,0,1
0x46cc91,JZ,1,1,67,2,0x46cc84,CMP,1,NonLeaf,ebp(-1) edx(-1) ,rflags ,MOV,11,CMP,2,JZ,6,MOV,6,CMP,3,MOV,7,MOV,2,TEST,3,JZ,2,MOV,6,0,0,0,0,0,JNE,0,0,1,0,0,0,JE,0,0,4639876,4639956,4639891,0,0,0,0,c,5.433129891095032e-12,1.0,1,0,1
0x46cc7e,JZ,1,0,402,6,0x46cc75,CMP,1,NonLeaf,eax(-1) ,rflags ,MOV,6,CMP,3,CALL_NEAR,4,MOV,3,MOV,5,CMP,2,MOV,11,JZ,2,MOV,7,MOV,2,0,1,0,0,0,JMP,0,0,1,1,0,0,JE,0,0,4639861,4640272,4639876,0,0,0,1,c,5.433129891095032e-12,0.0,0,0,0
0x46cc63,JBE,1,0,622,6,0x46cc60,CMP,1,NonLeaf,r13(-1) rax(SUB) ,rflags ,CMP,3,SUB,6,MOV,3,MOV,7,NOP,10,MOV,5,MOV,3,CALL_NEAR,4,CMP,3,MOV,6,0,1,0,0,0,CALL,0,1,1,1,0,0,CALL,0,1,4639824,4640465,4639849,0,0,1,1,c,5.433129891095032e-12,0.0,0,0,0
0x46cc31,JZ,1,0,430,6,0x46cc2e,TEST,1,NonLeaf,rbx(MOV) rbx(MOV) ,rflags ,TEST,3,MOV,6,MOV,7,SUB,4,PUSH,1,MOV,6,SUB,7,JMP,2,NOP,10,MOV,7,0,1,1,0,0,RET,0,0,1,0,0,0,JMP,0,0,4639760,4640223,4639799,0,0,0,0,c,5.433129891095032e-12,0.0,0,0,0
0x46c8b4,JZ,11,11,63,2,0x46c8b0,SUB,1,NonLeaf,rsi(SUB) rbx(-1) ,rsi rflags ,SUB,4,MOV,4,JNZ,6,TEST,2,SETNZ,3,MOV,7,MOV,5,SUB,6,MOV,3,SUB,7,0,1,0,0,0,RET,0,0,1,0,0,0,JBE,0,0,4638892,4638963,4638902,1,0,1,0,c,5.976442880204535e-11,1.0,1,1,1
0x46c8a6,JNZ,10,0,135,6,0x46c8a4,TEST,1,NonLeaf,al(-1) al(-1) ,rflags ,TEST,2,SETNZ,3,TEST,2,CALL_NEAR,5,SAR,4,MOV,4,SUB,4,JZ,2,MOV,7,MOV,5,0,0,0,0,0,RET,0,0,0,0,0,0,JE,0,0,4638884,4639021,4638892,0,0,0,0,c,5.4331298910950325e-11,0.0,0,0,0
0x46c87e,JLE,10,10,146,6,0x46c87c,TEST,1,NonLeaf,eax(MOV) eax(MOV) ,rflags ,TEST,2,MOV,6,JBE,2,CMP,3,MOV,4,MOV,7,MOV,4,MOV,4,SUB,3,SAR,4,0,1,0,0,0,CALL,0,1,1,0,0,0,CALL,0,1,4638838,4638992,4638852,0,0,1,1,c,5.4331298910950325e-11,1.0,1,0,1
0x46c874,JBE,11,1,56,2,0x46c871,CMP,1,NonLeaf,rdx(MOV) rsi(MOV) ,rflags ,CMP,3,MOV,4,MOV,4,SUB,4,MOV,3,MOV,6,TEST,2,JLE,6,MOV,7,MOV,4,0,1,0,0,0,JE,0,0,1,0,0,0,JLE,0,0,4638816,4638892,4638838,0,0,0,0,c,5.976442880204535e-11,0.0909090909090909,0,0,0
0x46c72e,JZ,1,1,-160,6,0x46c728,AND,1,NonLeaf,edi(AND) ,edi rflags ,AND,6,JNLE,6,MOV,2,TEST,2,MOV,3,MOV,4,JMP,5,NOP,3,MOV,4,MOV,4,0,0,1,0,0,JE,0,0,1,0,0,0,JMP,0,0,4638504,4638350,4638516,0,0,0,1,c,5.433129891095032e-12,1.0,1,1,1
0x46c722,JNLE,1,0,-148,6,0x46c71e,TEST,1,NonLeaf,ecx(MOV) ecx(MOV) ,rflags ,MOV,2,TEST,2,MOV,3,MOV,4,MOV,4,AND,6,JZ,6,MOV,4,JMP,5,NOP,3,0,0,1,0,0,JE,0,0,1,0,0,0,JE,0,0,4638460,4638350,4638504,0,0,0,0,c,5.433129891095032e-12,0.0,0,0,0
0x4e6820,JNZ,1,0,-19,2,0x4e681d,CMP,1,NonLeaf,rsp(-1) rdx(-1) ,rflags ,CMP,3,OR,9,SUB,7,JMP,2,MOV,3,AND,5,JZ,2,LEA,4,SUB,3,OR,5,1,1,0,0,0,OR,0,0,1,1,0,0,JE,1,0,5138461,5138445,5138466,1,0,1,0,c,5.433129891095032e-12,0.0,0,1,0
0x46c6f2,JZ,1,0,206,6,0x46c6ef,CMP,1,NonLeaf,rax(MOV) rsi(-1) ,rflags ,CMP,3,MOV,4,JNZ,6,TEST,6,MOV,4,MOV,4,MOV,6,MOV,4,MOV,2,OR,3,0,1,0,0,0,JMP,0,0,1,0,0,0,MOV,0,0,4638443,4638656,4638456,0,0,1,0,c,5.433129891095032e-12,0.0,0,0,0
0x46c6e5,JNZ,1,0,321,6,0x46c6df,TEST,1,NonLeaf,edi(-1) ,rflags ,TEST,6,MOV,4,JZ,6,CMP,5,NOP,3,MOV,4,CMP,3,JZ,6,MOV,4,MOV,6,0,1,0,0,0,CALL,0,1,1,1,0,0,JE,0,0,4638431,4638758,4638443,0,0,1,0,c,5.433129891095032e-12,0.0,0,0,0
0x46c6d5,JZ,1,1,283,6,0x46c6d0,CMP,1,NonLeaf,rbx(-1) ,rflags ,CMP,5,NOP,3,RET_NEAR,1,POP,2,POP,1,MOV,4,TEST,6,JNZ,6,MOV,4,CMP,3,0,0,0,0,0,CALL,0,1,1,0,0,0,MOV,0,0,4638416,4638704,4638427,0,0,1,0,c,5.433129891095032e-12,1.0,1,0,1
0x46c691,JZ,2,2,287,6,0x46c68e,CMP,1,NonLeaf,ebp(-1) ,rflags ,CMP,3,MOV,4,JZ,6,TEST,3,MOV,4,CMP,4,JZ,6,LEA,4,MOV,4,MOV,3,0,1,0,0,0,JMP,0,0,1,0,0,0,JE,0,0,4638350,4638640,4638359,0,0,0,0,c,1.0866259782190064e-11,1.0,1,0,1
0x46c684,JZ,1,0,364,6,0x46c681,TEST,1,NonLeaf,rsi(MOV) rsi(MOV) ,rflags ,TEST,3,MOV,4,JZ,2,MOV,2,TEST,6,MOV,4,CMP,3,JZ,6,CMP,4,JZ,6,0,0,0,0,0,CALL,0,1,1,0,0,0,MOV,0,0,4638333,4638704,4638346,0,0,1,0,c,5.433129891095032e-12,0.0,0,0,0
0x4e67a9,JBE,3,1,-105,2,0x4e67a6,CMP,1,NonLeaf,r12(-1) rax(SUB) ,rflags ,CMP,3,SUB,3,MOV,3,LEA,4,ADD,3,CMP,5,MOV,3,JNZ,2,CMP,3,JNZ,2,0,0,0,0,0,JBE,1,0,0,0,1,1,JNE,0,0,5138308,5138240,5138347,0,0,0,0,c,1.6299389673285098e-11,0.3333333333333333,0,0,0
0x46c67b,JZ,2,1,85,2,0x46c673,TEST,1,NonLeaf,edi(-1) ,rflags ,MOV,2,TEST,6,JNZ,6,TEST,4,MOV,2,MOV,4,TEST,3,JZ,6,MOV,4,CMP,3,0,1,0,0,0,JE,0,0,1,0,0,0,JE,0,0,4638323,4638416,4638333,0,0,0,0,c,1.0866259782190064e-11,0.5,0,0,0
0x46c66d,JNZ,2,0,355,6,0x46c669,TEST,1,NonLeaf,dil(MOV) ,rflags ,TEST,4,MOV,2,MOV,3,PUSH,1,PUSH,1,TEST,6,MOV,2,JZ,2,MOV,4,TEST,3,0,1,0,0,0,JMP,0,0,1,0,0,0,JE,0,0,4638304,4638672,4638323,1,0,1,0,c,1.0866259782190064e-11,0.0,0,0,0
0x4e6725,JZ,1,0,196,6,0x4e671e,TEST,1,NonLeaf,rax(MOVZX) rax(MOVZX) ,rflags ,MOV,4,TEST,3,MOVZX,7,MOV,7,JZ,6,XOR,3,MOV,4,MOV,4,MOV,3,MOV,3,0,0,0,0,0,JMP,0,0,1,0,0,0,JMP,0,0,5138192,5138409,5138219,0,0,0,1,c,5.433129891095032e-12,0.0,0,0,0
0x46c5cd,JZ,2,2,86,2,0x46c5c9,CMP,1,NonLeaf,rdi(-1) ,rflags ,CMP,4,SUB,4,MOV,3,PUSH,1,PUSH,1,MOV,6,TEST,2,JLE,2,MOV,7,MOV,4,0,1,1,0,0,JMP,0,0,1,0,0,0,JLE,0,0,4638144,4638243,4638159,0,0,0,0,c,1.0866259782190064e-11,1.0,1,0,1
0x46c1e2,JZ,2,2,-280,6,0x46c1df,TEST,1,NonLeaf,r13(MOV) r13(MOV) ,rflags ,TEST,3,MOV,3,MOV,3,CALL_NEAR,5,MOV,5,LEA,4,MOV,5,MOV,3,MOV,3,CALL_NEAR,5,0,0,0,0,0,RET,1,0,1,0,0,0,CALL,0,1,4637145,4636874,4637160,0,0,0,1,c,1.0866259782190064e-11,1.0,1,0,1
0x46c180,JNZ,2,2,67,2,0x46c175,CMP,1,NonLeaf,r13d(AND) ,rflags ,MOV,4,CMP,7,AND,7,OR,3,AND,6,MOV,8,MOV,5,SUB,6,MOV,3,SUB,7,0,1,0,0,0,CALL,0,1,1,0,0,0,JBE,0,0,4637020,4637123,4637058,0,0,1,0,c,1.0866259782190064e-11,1.0,1,0,1
0x46c156,JS,2,0,1027,6,0x46c153,TEST,1,NonLeaf,r14d(MOV) r14d(MOV) ,rflags ,TEST,3,MOV,3,CALL_NEAR,5,JNZ,6,MOV,5,MOV,4,MOV,5,AND,6,OR,3,AND,7,0,1,0,0,0,JMP,1,0,1,0,0,0,JNE,0,0,4637011,4638041,4637020,0,0,0,1,c,1.0866259782190064e-11,0.0,0,0,0
0x46c145,JNZ,2,0,1113,6,0x46c138,AND,1,NonLeaf,edx(MOV) ,edx rflags ,MOV,5,MOV,5,AND,3,OR,3,JNZ,2,CALL_NEAR,5,MOV,3,TEST,3,JS,6,MOV,4,0,1,0,0,0,CALL,0,1,1,0,0,0,CALL,0,1,4636981,4638110,4637003,0,0,1,1,c,1.0866259782190064e-11,0.0,0,0,0
0x46c128,JZ,2,2,13,2,0x46c126,TEST,1,NonLeaf,cl(-1) cl(-1) ,rflags ,TEST,2,JZ,6,NOP,1,CMP,3,JZ,6,NOP,6,CMP,3,JNZ,2,OR,3,AND,3,0,0,1,0,0,JNE,1,0,1,0,0,0,NOP,0,0,4636966,4636981,4636970,0,0,0,0,c,1.0866259782190064e-11,1.0,1,0,1
0x46c120,JZ,2,0,912,6,0x46c11c,CMP,1,NonLeaf,cl(-1) ,rflags ,NOP,1,CMP,3,JZ,6,CMP,3,JNLE,6,TEST,2,JZ,2,NOP,6,CMP,3,JNZ,2,0,1,0,0,0,JMP,0,0,1,0,0,0,JE,0,0,4636956,4637872,4636966,0,0,0,0,c,1.0866259782190064e-11,0.0,0,0,0
0x46c116,JZ,2,0,938,6,0x46c113,CMP,1,NonLeaf,cl(-1) ,rflags ,CMP,3,JNLE,6,JZ,6,CMP,3,MOVZX,3,CMP,3,NOP,1,JZ,6,TEST,2,JZ,2,0,1,0,0,0,JMP,0,0,1,0,0,0,JE,0,0,4636947,4637888,4636956,0,0,0,0,c,1.0866259782190064e-11,0.0,0,0,0
0x46c10d,JNLE,2,0,867,6,0x46c104,CMP,0,NonLeaf,cl(-1) ,rflags ,JZ,6,CMP,3,MOVZX,3,ADD,4,MOV,3,CMP,3,JZ,6,CMP,3,NOP,1,JZ,6,0,1,0,0,0,JE,0,0,1,0,0,0,JE,0,0,4636941,4637808,4636947,0,0,0,0,c,1.0866259782190064e-11,0.0,0,0,0
0x46c107,JZ,2,0,921,6,0x46c104,CMP,1,NonLeaf,cl(MOVZX) ,rflags ,CMP,3,MOVZX,3,ADD,4,MOV,3,LEA,4,JNLE,6,CMP,3,JZ,6,CMP,3,NOP,1,1,1,0,0,0,JMP,0,0,1,0,0,0,JG,0,0,4636925,4637856,4636941,0,0,1,0,c,1.0866259782190064e-11,0.0,0,0,0
0x46c0a8,JZ,2,2,1160,6,0x46c0a5,CMP,1,NonLeaf,dl(MOVZX) ,rflags ,CMP,3,MOV,3,MOVZX,3,MOV,3,JNZ,2,CMP,3,JZ,2,CMP,3,JZ,6,MOV,7,0,1,0,0,0,JMP,0,0,1,0,0,0,JE,0,0,4636828,4638000,4636846,0,0,0,0,c,1.0866259782190064e-11,1.0,1,0,1
0x46c09a,JNZ,2,0,48,2,0x46c096,CMP,1,NonLeaf,rdi(-1) ,rflags ,CMP,4,SUB,4,PUSH,1,MOV,3,PUSH,2,MOV,3,MOVZX,3,MOV,3,CMP,3,JZ,6,0,1,0,0,0,RET,1,0,1,0,0,0,JE,0,0,4636800,4636874,4636828,0,0,0,0,c,1.0866259782190064e-11,0.0,0,0,0
0x46c00f,JBE,2,0,97,2,0x46c00c,CMP,1,NonLeaf,rax(SUB) rdx(SUB) ,rflags ,CMP,3,SUB,7,MOV,3,SUB,6,MOV,5,MOV,3,CALL_NEAR,6,MOV,2,JMP,5,NOP,7,0,1,0,0,0,CALL,0,1,1,1,0,0,CALL,0,1,4636656,4636784,4636689,0,0,1,1,c,1.0866259782190064e-11,0.0,0,0,0
0x46bf26,JLE,2,2,92,2,0x46bf24,TEST,1,NonLeaf,eax(MOV) eax(MOV) ,rflags ,TEST,2,MOV,6,JZ,6,TEST,4,CALL_NEAR,5,MOV,7,CMP,5,JZ,2,MOV,3,CALL_NEAR,5,0,1,1,0,0,CALL,0,1,1,0,0,0,JE,0,0,4636446,4636546,4636456,0,0,1,0,c,1.0866259782190064e-11,1.0,1,0,1
0x46bf18,JZ,2,2,216,6,0x46bf14,TEST,1,NonLeaf,rbx(-1) ,rflags ,TEST,4,CALL_NEAR,5,XOR,2,MOV,3,JZ,6,MOV,6,TEST,2,JLE,2,MOV,7,CMP,5,0,1,0,0,0,JBE,0,0,1,1,0,0,JLE,0,0,4636436,4636656,4636446,0,0,0,0,c,1.0866259782190064e-11,1.0,1,0,1
0x46bf04,JZ,2,0,292,6,0x46befe,CMP,1,NonLeaf,edx(AND) ,rflags ,CMP,6,AND,6,XOR,3,MOV,2,JZ,6,MOV,3,XOR,2,CALL_NEAR,5,TEST,4,JZ,6,0,1,0,0,0,JLE,0,0,1,1,0,0,CALL,0,1,4636403,4636712,4636426,0,0,0,1,c,1.0866259782190064e-11,0.0,0,0,0
0x46beed,JZ,2,0,251,6,0x46beea,CMP,1,NonLeaf,eax(MOV) ,rflags ,CMP,3,MOV,3,MOV,3,PUSH,1,PUSH,1,MOV,2,XOR,3,AND,6,CMP,6,JZ,6,0,1,1,0,0,RET,0,0,1,0,0,0,JE,0,0,4636384,4636648,4636403,0,0,0,0,c,1.0866259782190064e-11,0.0,0,0,0
0x46be76,JNZ,11,0,-65,2,0x46be70,TEST,1,NonLeaf,rbx(-1) ,rflags ,TEST,6,NOP,5,JMP,5,SUB,6,MOV,11,JMP,2,NOP,6,LEA,3,MOV,3,MOV,3,0,0,1,0,0,RET,0,0,1,0,0,0,JMP,0,0,4636272,4636213,4636280,1,0,1,0,c,5.976442880204535e-11,0.0,0,0,0
0x46be2f,JLE,11,11,65,2,0x46be19,TEST,1,NonLeaf,eax(MOV) eax(MOV) ,rflags ,MOV,4,MOV,4,MOV,4,MOV,4,MOV,4,MOV,4,MOV,4,XOR,2,CMP,3,POP,1,0,1,0,0,0,JNE,0,0,1,0,0,0,MOV,0,0,4636175,4636272,4636209,0,0,0,0,c,5.976442880204535e-11,1.0,1,0,1
0x46be08,JZ,11,11,7,2,0x46be05,TEST,1,NonLeaf,ax(MOVZX) ax(MOVZX) ,rflags ,TEST,3,MOVZX,7,MOV,3,CALL_NEAR,4,MOV,3,TEST,3,JNZ,2,MOV,6,MOV,4,TEST,2,0,1,1,0,0,JLE,0,0,1,0,0,0,JNE,0,0,4636155,4636175,4636170,0,0,1,0,c,5.976442880204535e-11,1.0,1,0,1
0x46bde8,JNB,11,0,200,6,0x46bde5,CMP,1,NonLeaf,rdx(SUB) rax(-1) ,rflags ,CMP,3,SUB,7,MOV,3,MOV,7,MOV,3,MOV,3,MOV,3,MOV,3,CALL_NEAR,4,MOV,3,0,1,0,0,0,CALL,0,1,1,1,0,0,CALL,0,1,4636116,4636336,4636142,0,0,1,1,c,5.976442880204535e-11,0.0,0,0,0
0x46bd7d,JZ,11,11,291,6,0x46bd7a,CMP,1,NonLeaf,rax(MOV) rsi(MOV) ,rflags ,CMP,3,MOV,4,MOV,4,JNZ,6,MOV,3,MOV,7,MOV,6,SUB,7,MOV,3,SUB,7,0,1,0,0,0,JMP,0,0,1,0,0,0,JBE,0,0,4636018,4636320,4636035,0,0,0,0,c,5.976442880204535e-11,1.0,1,0,1
0x46bd6c,JNZ,11,0,228,6,0x46bd60,TEST,1,NonLeaf,rdi(-1) ,rflags ,MOV,3,MOV,3,TEST,6,NOP,5,RET_NEAR,1,MOV,4,MOV,4,CMP,3,JZ,6,MOV,7,0,1,0,0,0,JMP,0,0,1,0,0,0,JE,0,0,4636000,4636240,4636018,0,0,1,0,c,5.976442880204535e-11,0.0,0,0,0
0x46bd50,JNZ,12,11,16,2,0x46bd44,TEST,1,NonLeaf,rdx(-1) rdx(-1) ,rflags ,PUSH,1,MOV,3,PUSH,1,PUSH,2,PUSH,2,POP,1,POP,1,POP,2,POP,2,POP,2,0,1,0,0,0,JNE,0,0,1,0,0,0,RET,0,0,4635968,4636000,4635986,0,0,0,0,c,6.519755869314039e-11,0.9166666666666666,1,0,1
0x46b4c0,JZ,1,0,24,2,0x46b4bd,TEST,1,NonLeaf,r12(-1) r12(-1) ,rflags ,TEST,3,JNZ,6,SUB,3,MOV,3,DIV,3,LEA,5,MOV,3,MOV,3,CALL_NEAR,5,SUB,3,0,0,1,0,0,SUB,0,0,1,0,0,0,CALL,0,1,4633789,4633816,4633794,0,0,0,1,c,5.433129891095032e-12,0.0,0,0,0
0x46b4b7,JNZ,1,0,153,6,0x46b4b4,SUB,1,NonLeaf,r15(SUB) rdx(DIV) ,r15 rflags ,SUB,3,MOV,3,DIV,3,XOR,2,MOV,3,TEST,3,JZ,2,LEA,5,MOV,3,MOV,3,0,1,0,0,0,JNE,0,0,1,0,0,0,JE,0,0,4633777,4633936,4633789,0,0,0,0,c,5.433129891095032e-12,0.0,0,0,0
0x46b4a7,JBE,1,0,10,2,0x46b4a3,CMP,1,NonLeaf,rcx(SUB) ,rflags ,CMP,4,XOR,2,SUB,4,MOV,4,JZ,6,MOV,3,XOR,2,DIV,3,MOV,3,SUB,3,0,1,1,0,0,JNE,0,0,1,0,0,0,DIV,0,0,4633753,4633777,4633769,0,0,0,0,c,5.433129891095032e-12,0.0,0,0,0
0x46b493,JZ,1,0,413,6,0x46b490,CMP,1,NonLeaf,eax(-1) ,rflags ,CMP,3,CALL_NEAR,4,MOV,3,MOV,5,JBE,6,MOV,4,SUB,4,XOR,2,CMP,4,JBE,2,0,1,0,0,0,JMP,0,0,1,0,0,0,JBE,0,0,4633744,4634160,4633753,0,0,0,0,c,5.433129891095032e-12,0.0,0,0,0
0x46b47e,JBE,1,0,548,6,0x46b47b,CMP,1,NonLeaf,r14(SUB) rax(SUB) ,rflags ,CMP,3,SUB,6,MOV,3,SUB,7,MOV,6,MOV,5,MOV,3,CALL_NEAR,4,CMP,3,JZ,6,0,1,0,0,0,CALL,0,1,1,1,0,0,CALL,0,1,4633694,4634274,4633732,0,0,1,1,c,5.433129891095032e-12,0.0,0,0,0
0x46b45c,JZ,60,59,124,2,0x46b459,TEST,1,NonLeaf,rax(LEA) rax(LEA) ,rflags ,TEST,3,LEA,4,MOV,3,SUB,3,ADD,3,MOV,7,MOV,6,SUB,7,MOV,3,SUB,6,0,1,0,0,0,SUB,0,0,1,0,0,0,JBE,0,0,4633685,4633816,4633694,0,0,0,0,c,3.2598779346570195e-10,0.9833333333333332,1,0,1
0x46b431,JZ,59,0,36,2,0x46b42b,TEST,1,NonLeaf,rdx(SUB) rdx(SUB) ,rflags ,MOV,3,TEST,3,XOR,3,SUB,3,JBE,6,CMP,3,MOV,3,CMOVNBE,4,MOV,3,CALL_NEAR,5,0,0,1,0,0,JE,0,0,0,0,0,0,CALL,0,1,4633643,4633685,4633651,0,1,0,1,c,3.2055466357460686e-10,0.0,0,0,0
0x46b41f,JBE,60,1,209,6,0x46b41c,CMP,1,NonLeaf,rdx(MOV) rdi(MOV) ,rflags ,CMP,3,MOV,4,MOV,4,JZ,6,CMP,5,SUB,3,XOR,3,TEST,3,MOV,3,JZ,2,0,1,0,0,0,JMP,0,0,1,0,0,0,XOR,0,0,4633620,4633840,4633637,0,1,0,0,c,3.2598779346570195e-10,0.0166666666666666,0,0,0
0x46b40e,JZ,60,0,242,6,0x46b409,CMP,1,NonLeaf,eax(AND) ,rflags ,CMP,5,AND,5,MOV,3,MOV,3,MOV,2,MOV,4,MOV,4,CMP,3,JBE,6,SUB,3,0,1,0,0,0,JA,0,0,1,0,0,0,JBE,0,0,4633596,4633856,4633620,0,0,0,0,c,3.2598779346570195e-10,0.0,0,0,0
0x46b3f6,JZ,60,0,232,6,0x46b3f3,TEST,1,NonLeaf,rdx(-1) rdx(-1) ,rflags ,TEST,3,SUB,4,PUSH,1,MOV,3,PUSH,1,MOV,2,MOV,3,MOV,3,AND,5,CMP,5,0,1,1,0,0,RET,0,0,1,0,0,0,JE,0,0,4633568,4633822,4633596,0,0,0,0,c,3.2598779346570195e-10,0.0,0,0,0
0x46ad7e,JS,11,11,13,2,0x46ad7b,TEST,1,NonLeaf,rdx(MOV) rdx(MOV) ,rflags ,TEST,3,MOV,8,SUB,3,MOV,3,OR,5,ADD,3,MOV,8,ADD,4,POP,1,POP,1,0,1,1,0,0,RET,0,0,1,0,0,0,MOV,0,0,4631923,4631947,4631936,0,1,0,1,c,5.976442880204535e-11,1.0,1,0,1
0x46ad66,JNS,11,11,-38,2,0x46ad63,TEST,1,NonLeaf,rax(-1) rax(-1) ,rflags ,TEST,3,CALL_NEAR,5,JNZ,2,MOV,3,MOV,3,OR,5,MOV,3,SUB,3,MOV,8,TEST,3,0,1,0,0,0,JLE,0,0,1,0,0,0,SUB,1,0,4631907,4631872,4631912,0,0,0,1,c,5.976442880204535e-11,1.0,1,0,1
0x46ad5c,JNZ,11,0,80,2,0x46ad4b,TEST,1,NonLeaf,r12(-1) ,rflags ,MOV,3,MOV,3,MOV,5,TEST,6,JLE,2,CALL_NEAR,5,TEST,3,JNS,2,OR,5,MOV,3,1,1,0,0,0,CALL,0,1,1,0,0,0,CALL,0,1,4631883,4631980,4631902,0,0,1,1,c,5.976442880204535e-11,0.0,0,0,0
0x46ad49,JLE,11,11,87,2,0x46ad46,TEST,1,NonLeaf,rbx(SUB) rbx(SUB) ,rflags ,TEST,3,ADD,3,SUB,3,NOP,3,JMP,2,TEST,6,MOV,5,MOV,3,MOV,3,JNZ,2,0,1,0,0,0,JMP,1,0,0,0,1,1,JNE,0,0,4631872,4631968,4631883,0,0,0,0,c,5.976442880204535e-11,1.0,1,0,1
0x46ad33,JLE,11,0,117,2,0x46ad30,TEST,1,NonLeaf,rdx(-1) rdx(-1) ,rflags ,TEST,3,SUB,4,PUSH,1,PUSH,1,MOV,3,MOV,3,MOV,3,JMP,2,NOP,3,SUB,3,0,1,0,0,0,JMP,0,0,1,0,0,0,JMP,0,0,4631840,4631976,4631861,0,0,0,0,c,5.976442880204535e-11,0.0,0,0,0
0x46a42a,JNZ,1,0,86,2,0x46a414,DEC,0,NonLeaf,rdx(-1) ,rflags ,MOV,2,NOP,7,JMP,5,JNZ,6,DEC,2,OR,3,MOV,2,ADD,4,MOV,5,POP,1,0,1,0,0,0,JMP,0,0,1,0,0,0,OR,0,0,4629544,4629632,4629548,0,0,0,0,c,5.433129891095032e-12,0.0,0,0,0
0x46a3d7,JZ,2,2,13,2,0x46a3d4,TEST,1,NonLeaf,rdi(MOV) rdi(MOV) ,rflags ,TEST,3,MOV,4,NOP,5,JMP,5,MOV,6,CALL_NEAR,5,AND,6,MOV,3,CALL_NEAR,5,MOV,2,0,1,1,0,0,CALL,0,1,1,0,0,0,CALL,0,1,4629456,4629476,4629465,0,0,1,1,c,1.0866259782190064e-11,1.0,1,0,1
0x46a38d,JZ,1046,1046,12,2,0x46a389,CMP,1,NonLeaf,rdx(MOV) ,rflags ,CMP,4,ADD,4,MOV,7,JLE,6,CMP,4,ADD,3,MOV,7,MOV,4,MOVZX,3,ADD,4,0,1,1,0,0,MOVZX,0,0,1,0,0,0,MOV,0,0,4629374,4629401,4629391,0,0,0,1,c,5.683053866085404e-09,1.0,1,1,1
0x46a378,JLE,1047,1,176,6,0x46a374,CMP,1,NonLeaf,rax(-1) ,rflags ,CMP,4,CALL_NEAR,3,SUB,3,MOV,3,MOV,4,MOV,7,ADD,4,CMP,4,JZ,2,ADD,3,0,1,0,0,0,JNE,0,0,1,0,0,0,JE,0,0,4629364,4629544,4629374,0,0,0,1,c,5.688486995976498e-09,0.0009551098376313,0,0,0
0x46a361,JNB,1047,0,332,6,0x46a356,CMP,1,NonLeaf,rax(SUB) r13(-1) ,rflags ,MOV,4,MOV,4,CMP,3,MOV,4,MOV,4,MOV,4,MOV,3,SUB,3,CALL_NEAR,3,CMP,4,0,1,0,0,0,CALL,0,1,1,1,0,0,CALL,0,1,4629298,4629677,4629351,0,0,1,1,c,5.688486995976498e-09,0.0,0,0,0
0x46a265,JZ,1047,1047,347,6,0x46a260,TEST,1,NonLeaf,eax(-1) ,rflags ,TEST,5,JZ,6,CMP,5,JB,6,CMP,4,MOV,7,MOV,3,MOV,3,MOV,2,AND,5,0,1,0,0,0,JMP,0,0,1,0,0,0,JNE,0,0,4629088,4629440,4629099,0,0,0,0,c,5.688486995976498e-09,1.0,1,0,1
0x46a25a,JZ,1047,2,374,6,0x46a255,CMP,1,NonLeaf,rdi(-1) ,rflags ,CMP,5,JB,6,CMP,4,MOV,4,JNZ,6,TEST,5,JZ,6,MOV,7,MOV,3,MOV,3,0,1,0,0,0,JE,0,0,1,1,0,0,JE,0,0,4629077,4629456,4629088,1,0,0,0,c,5.688486995976498e-09,0.0019102196752626,0,0,0
0x46a24f,JB,1047,0,353,6,0x46a24b,CMP,1,NonLeaf,rdx(MOV) rdi(-1) ,rflags ,CMP,4,MOV,4,JNZ,6,TEST,2,MOV,2,CMP,5,JZ,6,TEST,5,JZ,6,MOV,7,0,1,0,0,0,RET,0,0,1,0,0,0,JE,0,0,4629063,4629424,4629077,0,0,0,0,c,5.688486995976498e-09,0.0,0,0,0
0x46a241,JNZ,1047,0,591,6,0x46a23f,TEST,1,NonLeaf,al(MOV) ,rflags ,TEST,2,MOV,2,SUB,4,MOV,3,PUSH,1,MOV,4,CMP,4,JB,6,CMP,5,JZ,6,0,1,0,0,0,JMP,0,0,1,0,0,0,JB,0,0,4629040,4629648,4629063,1,0,1,0,c,5.688486995976498e-09,0.0,0,0,0
0x46a20c,JZ,1,0,33,2,0x46a209,TEST,1,NonLeaf,rax(-1) rax(-1) ,rflags ,TEST,3,CALL_NEAR,5,MOV,3,PUSH,1,INVALID,0,MOV,4,MOV,4,MOV,4,MOV,4,MOV,4,0,1,1,0,0,RET,0,0,1,0,0,0,MOV,0,0,4629001,4629037,4629006,0,0,0,1,c,5.433129891095032e-12,0.0,0,0,0
0x469870,JNZ,242110,0,112,2,0x46986e,DEC,1,NonLeaf,rsi(-1) ,rflags ,DEC,2,JMP,2,JNZ,2,DEC_LOCK,3,JZ,2,MOV,2,POP,1,RET_NEAR,1,MOV,3,CALL_NEAR,5,0,-1,-1,-1,-1,CALL,-1,1,0,1,0,0,RET,0,0,4626542,4626656,4626546,0,0,1,0,c,1.3154150779330183e-06,0.0,0,0,0
0x469865,JZ,242110,242110,9,2,0x46985e,CMP,1,NonLeaf,rip(JZ) ,rflags ,CMP,7,MOV,8,JNZ,2,SUB,4,MOV,7,DEC_LOCK,3,JNZ,2,JMP,2,DEC,2,JNZ,2,0,1,0,0,0,JNE,0,0,1,0,0,0,JNE,0,0,4626518,4626542,4626535,0,0,1,0,c,1.3154150779330183e-06,1.0,1,0,1
0x469854,JNZ,242110,0,30,2,0x469850,SUB,1,NonLeaf,rsi(MOV) ,rflags ,SUB,4,MOV,7,JNZ,2,TEST,6,MOVZX,3,MOV,8,CMP,7,JZ,2,DEC_LOCK,3,JNZ,2,0,0,1,0,0,RET,0,0,1,0,0,0,JE,0,0,4626505,4626546,4626518,0,0,0,1,c,1.3154150779330183e-06,0.0,0,0,0
0x469847,JNZ,242110,0,43,2,0x469841,TEST,1,NonLeaf,rbx(-1) ,rflags ,TEST,6,MOVZX,3,MOV,4,LEA,4,JNB,2,MOV,7,SUB,4,JNZ,2,MOV,8,CMP,7,0,1,1,0,0,RET,0,0,1,0,0,0,JNE,0,0,4626497,4626546,4626505,0,0,0,1,c,1.3154150779330183e-06,0.0,0,0,0
0x469834,JNB,242110,30,66,2,0x469830,CMP,1,NonLeaf,rax(MOV) rbx(-1) ,rflags ,CMP,4,MOV,4,ADD,4,MOV,4,MOV,7,LEA,4,MOV,4,MOVZX,3,TEST,6,JNZ,2,0,1,0,0,0,CALL,0,1,1,0,0,0,MOVZX,0,0,4626476,4626550,4626486,0,0,1,1,c,1.3154150779330183e-06,0.00012391061914,0,0,0
0x469810,JNZ,242110,0,181,6,0x46980d,CMPXCHG,1,NonLeaf,rdx(-1) esi(-1) eax(CMPXCHG) ,eax rflags ,CMPXCHG,3,JMP,2,JNZ,6,CMPXCHG_LOCK,4,JZ,2,MOV,7,MOV,7,MOV,4,ADD,4,MOV,4,0,-1,-1,-1,-1,CALL,-1,1,0,1,0,0,MOV,0,0,4626445,4626629,4626454,0,0,1,1,c,1.3154150779330183e-06,0.0,0,0,0
0x4697f1,JZ,242110,0,55,2,0x4697ed,CMP,1,NonLeaf,r8(MOV) rdx(MOV) ,rflags ,CMP,4,MOV,9,MOV,7,JNZ,2,AND,5,MOV,5,CMP,7,JZ,2,CMPXCHG_LOCK,4,JNZ,6,0,1,1,0,0,ADD,0,0,1,0,0,0,JE,0,0,4626397,4626472,4626419,0,0,1,0,c,1.3154150779330183e-06,0.0,0,0,0
0x4697db,JNZ,242110,0,81,2,0x4697d6,AND,1,NonLeaf,eax(AND) ,eax rflags ,AND,5,MOV,3,MOV,2,PUSH,1,INVALID,0,MOV,7,MOV,9,CMP,4,JZ,2,MOV,5,0,1,1,0,0,JAE,0,0,1,0,0,0,JE,0,0,4626384,4626476,4626397,0,0,0,0,c,1.3154150779330183e-06,0.0,0,1,0
0x465e32,JNB,2,0,19,2,0x465e2b,CMP,1,NonLeaf,rdx(MOV) rsp(-1) ,rflags ,MOV,2,CMP,5,MOV,5,CALL_NEAR,5,MOV,3,MOV,3,ADD,7,MOV,2,POP,1,POP,1,0,1,0,0,0,CALL,0,1,1,0,0,0,MOV,0,0,4611622,4611653,4611636,1,0,1,1,c,1.0866259782190064e-11,0.0,0,0,0
0x465993,JZ,2,2,-182,6,0x465990,CMP,1,NonLeaf,eax(-1) ,rflags ,CMP,3,RET_NEAR,1,POP,2,POP,2,POP,1,MOV,5,JMP,2,MOV,3,JMP,5,CALL_NEAR,5,0,0,0,0,0,JBE,0,0,0,0,0,0,JMP,0,0,4610448,4610269,4610457,0,0,0,0,c,1.0866259782190064e-11,1.0,1,1,1
0x46596e,JZ,2,2,13,2,0x465967,CMP,1,NonLeaf,rip(JZ) ,rflags ,CMP,7,MOV,8,JNZ,2,SUB,4,MOV,7,DEC_LOCK,3,JNZ,6,JMP,2,DEC,2,JNZ,6,0,1,0,0,0,JNE,0,0,1,0,0,0,JNE,0,0,4610399,4610427,4610416,0,0,1,0,c,1.0866259782190064e-11,1.0,1,0,1
0x46595d,JNZ,2,0,38,2,0x465959,SUB,1,NonLeaf,rdx(MOV) ,rflags ,SUB,4,MOV,7,JNZ,2,TEST,6,CMOVNBE,4,MOV,8,CMP,7,JZ,2,DEC_LOCK,3,JNZ,6,0,0,1,0,0,RET,0,0,1,0,0,0,JE,0,0,4610386,4610435,4610399,0,0,0,1,c,1.0866259782190064e-11,0.0,0,0,0
0x465950,JNZ,2,0,51,2,0x46594a,TEST,1,NonLeaf,rbx(-1) ,rflags ,TEST,6,CMOVNBE,4,CMP,7,MOV,5,ADD,4,MOV,7,SUB,4,JNZ,2,MOV,8,CMP,7,0,1,1,0,0,RET,0,0,1,0,0,0,JNE,0,0,4610378,4610435,4610386,0,0,0,1,c,1.0866259782190064e-11,0.0,0,0,0
0x465925,JNB,2,0,148,6,0x465921,CMP,1,NonLeaf,rax(MOV) rdi(MOV) ,rflags ,CMP,4,MOV,4,MOV,7,JNZ,6,CMP,3,LEA,4,MOV,4,MOV,3,ADD,4,MOV,5,0,1,0,0,0,CALL,0,1,1,0,0,0,MOV,0,0,4610326,4610489,4610347,0,0,1,1,c,1.0866259782190064e-11,0.0,0,0,0
0x465910,JNZ,2,0,137,6,0x46590d,CMP,1,NonLeaf,rbp(-1) rax(-1) ,rflags ,CMP,3,CALL_NEAR,4,MOV,3,MOV,3,JBE,6,MOV,7,MOV,4,CMP,4,JNB,6,LEA,4,0,0,0,0,0,JMP,0,0,1,0,0,0,JAE,0,0,4610317,4610457,4610326,0,0,0,0,c,1.0866259782190064e-11,0.0,0,0,0
0x4658fd,JBE,2,0,171,6,0x4658fa,CMP,1,NonLeaf,r8(SUB) rax(SUB) ,rflags ,CMP,3,SUB,6,MOV,3,SUB,7,MOV,6,MOV,3,MOV,3,CALL_NEAR,4,CMP,3,JNZ,6,0,1,0,0,0,CALL,0,1,1,1,0,0,CALL,0,1,4610269,4610472,4610307,0,0,1,1,c,1.0866259782190064e-11,0.0,0,0,0
0x4658cd,JNZ,2,2,195,6,0x4658cb,TEST,1,NonLeaf,eax(MOV) eax(MOV) ,rflags ,TEST,2,MOV,6,ADD,5,MOV,4,MOV,7,MOV,10,MOV,7,MOV,6,SUB,7,MOV,3,0,1,0,0,0,JE,0,0,1,0,0,0,MOV,0,0,4610245,4610448,4610259,0,0,0,1,c,1.0866259782190064e-11,1.0,1,0,1
0x4658a1,JNZ,2,0,367,6,0x46589d,CMPXCHG,1,NonLeaf,r8(-1) esi(-1) eax(CMPXCHG) ,eax rflags ,CMPXCHG,4,JMP,2,JNZ,6,CMPXCHG_LOCK,5,JZ,2,MOV,7,MOV,7,MOV,7,MOV,4,ADD,5,0,-1,-1,-1,-1,CALL,-1,1,0,1,0,0,MOV,0,0,4610205,4610576,4610215,0,0,1,1,c,1.0866259782190064e-11,0.0,0,0,0
0x46588e,JZ,2,2,15,2,0x465887,CMP,1,NonLeaf,rip(JZ) ,rflags ,CMP,7,MOV,5,JZ,6,CMP,4,MOV,9,CMPXCHG_LOCK,5,JNZ,6,JMP,2,CMPXCHG,4,JNZ,6,0,1,0,0,0,JNE,0,0,1,0,0,0,JNE,0,0,4610178,4610205,4610192,0,0,1,0,c,1.0866259782190064e-11,1.0,1,0,1
0x46587c,JZ,2,0,292,6,0x465878,CMP,1,NonLeaf,rdx(MOV) r8(MOV) ,rflags ,CMP,4,MOV,9,MOV,7,JNZ,2,AND,5,MOV,5,CMP,7,JZ,2,CMPXCHG_LOCK,5,JNZ,6,0,1,0,0,0,JMP,0,0,1,0,0,0,JE,0,0,4610152,4610464,4610178,0,0,0,0,c,1.0866259782190064e-11,0.0,0,0,0
0x465866,JNZ,2,0,95,2,0x465861,AND,1,NonLeaf,eax(AND) ,eax rflags ,AND,5,MOV,3,MOV,2,MOV,3,MOV,7,MOV,7,MOV,9,CMP,4,JZ,6,MOV,5,0,1,1,0,0,JNE,0,0,1,0,0,0,JE,0,0,4610130,4610245,4610152,0,0,0,0,c,1.0866259782190064e-11,0.0,0,0,0
0x4657d6,JZ,1,1,-110,2,0x4657d0,CMP,1,NonLeaf,rsp(-1) ,rflags ,CMP,6,RET_NEAR,1,POP,2,POP,2,POP,2,MOV,5,MOV,2,JMP,2,CMP,5,MOV,3,0,0,1,0,0,SUB,0,0,1,0,0,0,JMP,0,0,4610000,4609896,4610008,0,0,0,1,c,5.433129891095032e-12,1.0,1,1,1
0x465794,JS,19032,0,13,2,0x465792,TEST,1,NonLeaf,eax(MOV) eax(MOV) ,rflags ,TEST,2,SUB,5,SUB,3,MOV,3,MOV,4,ADD,4,CMP,3,SBB,4,MOV,3,MOV,3,0,1,1,0,0,CALL,0,1,1,0,0,0,SBB,0,0,4609920,4609953,4609942,0,0,1,0,c,1.0340332808732065e-07,0.0,0,0,0
0x465762,JNZ,182,182,-54,2,0x46575f,TEST,1,NonLeaf,r15(SUB) r15(SUB) ,rflags ,TEST,3,ADD,4,MOV,2,SUB,4,JZ,6,NOP,4,MOV,3,SUB,5,ADD,4,POP,1,0,0,0,1,1,JG,0,0,1,0,0,0,NOP,1,0,4609877,4609836,4609892,0,0,0,0,c,9.888296401792958e-10,1.0,1,1,1
0x46574f,JZ,182,0,146,6,0x46574d,CMP,1,NonLeaf,eax(-1) ebp(-1) ,rflags ,CMP,2,JZ,6,CMP,3,CALL_NEAR,5,MOV,3,SUB,4,MOV,2,ADD,4,TEST,3,JNZ,2,0,1,0,0,0,JLE,1,0,1,0,0,0,JNE,0,0,4609869,4610017,4609877,0,0,0,1,c,9.888296401792958e-10,0.0,0,0,0
0x465747,JZ,183,1,137,6,0x465744,CMP,1,NonLeaf,eax(-1) ,rflags ,CMP,3,CALL_NEAR,5,MOV,3,JNLE,2,TEST,3,CMP,2,JZ,6,SUB,4,MOV,2,ADD,4,0,1,0,0,0,JE,1,0,1,0,0,0,JE,0,0,4609860,4610000,4609869,0,0,0,0,c,9.94262770070391e-10,0.0054644808743169,0,0,0
0x46572a,JZ,177,0,62,2,0x465727,TEST,1,NonLeaf,r15(-1) r15(-1) ,rflags ,TEST,3,ADD,4,CALL_NEAR,5,ADD,3,SUB,3,MOV,4,MOV,4,SUB,3,TEST,3,JNLE,2,0,0,0,0,0,SUB,1,0,0,0,1,1,JG,0,0,4609827,4609896,4609836,0,0,0,0,c,9.616639907238204e-10,0.0,0,0,0
0x46570d,JNZ,19209,19032,115,2,0x465707,TEST,1,NonLeaf,rax(-1) rax(-1) ,rflags ,MOV,3,TEST,3,CALL_NEAR,5,MOV,3,MOV,3,MOV,3,MOV,3,MOV,3,SUB,3,ADD,3,0,1,0,0,0,JS,1,0,1,0,0,0,CALL,0,1,4609799,4609920,4609807,1,0,0,1,c,1.0436499207804448e-07,0.9907855692644072,1,0,1
0x4656e3,JZ,19033,0,301,6,0x4656e0,TEST,1,NonLeaf,r15(-1) r15(-1) ,rflags ,TEST,3,JZ,6,TEST,2,MOV,7,MOV,7,MOV,5,JMP,2,CMP,3,MOV,2,MOV,3,0,1,0,0,0,JMP,0,0,1,0,0,0,JMP,0,0,4609760,4610064,4609769,0,0,0,0,c,1.0340876121721174e-07,0.0,0,0,0
0x4656da,JZ,19033,1,317,6,0x4656d8,TEST,1,NonLeaf,eax(MOV) eax(MOV) ,rflags ,TEST,2,MOV,7,MOV,7,JZ,2,MOV,5,TEST,3,JZ,6,MOV,5,JMP,2,CMP,3,0,1,0,0,0,JMP,0,0,1,1,0,0,JE,0,0,4609745,4610071,4609760,0,0,1,0,c,1.0340876121721174e-07,5.254032469920664e-05,0,0,0
0x4656c8,JZ,19033,19033,9,2,0x4656b6,TEST,1,NonLeaf,r9(-1) r9(-1) ,rflags ,MOV,5,MOV,5,MOV,5,TEST,3,SUB,4,MOV,7,MOV,7,TEST,2,JZ,6,TEST,3,0,1,1,0,0,JE,0,0,1,0,0,0,MOV,0,0,4609696,4609745,4609738,0,0,0,1,c,1.0340876121721174e-07,1.0,1,0,1
0x4655fc,JNZ,4,0,108,2,0x4655f9,DEC,1,NonLeaf,r8(-1) ,rflags ,DEC,3,JMP,2,JNZ,2,DEC_LOCK,4,JZ,2,JMP,5,CALL_NEAR,5,JMP,2,TEST,6,MOV,3,0,-1,-1,-1,-1,CALL,-1,1,0,1,0,0,JMP,0,0,4609529,4609640,4609534,0,0,1,0,c,2.173251956438013e-11,0.0,0,0,0
0x4655ef,JZ,4,4,10,2,0x4655e8,CMP,1,NonLeaf,rip(JZ) ,rflags ,CMP,7,MOV,8,NOP,6,RET_NEAR,1,POP,2,DEC_LOCK,4,JNZ,2,JMP,2,DEC,3,JNZ,2,0,1,0,0,0,JNE,0,0,1,0,0,0,JNE,0,0,4609504,4609529,4609521,0,0,1,0,c,2.173251956438013e-11,1.0,1,0,1
0x465591,JBE,4,0,114,2,0x46558e,CMP,1,NonLeaf,rax(SUB) rdx(SUB) ,rflags ,CMP,3,SUB,7,MOV,3,SUB,6,MOV,5,MOV,3,MOV,3,MOV,3,CALL_NEAR,4,CMP,4,0,1,0,0,0,CALL,0,1,1,1,0,0,CALL,0,1,4609394,4609539,4609427,0,0,1,1,c,2.173251956438013e-11,0.0,0,0,0
0x46553b,JZ,4,4,141,6,0x465538,CMP,1,NonLeaf,rdx(-1) rbp(-1) ,rflags ,CMP,3,NOP,6,JZ,6,SUB,5,MOV,7,TEST,3,JNZ,6,ADD,4,MOV,3,XOR,2,0,1,0,0,0,RET,0,0,1,0,0,0,JNE,0,0,4609336,4609480,4609345,0,0,0,0,c,2.173251956438013e-11,1.0,1,0,1
0x46552c,JZ,4,4,180,6,0x465527,SUB,1,NonLeaf,r8(MOV) ,rflags ,SUB,5,MOV,7,JNZ,2,TEST,6,XOR,2,NOP,6,CMP,3,JZ,6,TEST,3,JNZ,6,0,1,0,0,0,JE,0,0,1,0,0,0,NOP,0,0,4609312,4609504,4609330,0,0,1,0,c,2.173251956438013e-11,1.0,1,1,1
0x46551e,JNZ,4,0,26,2,0x465518,TEST,1,NonLeaf,rbx(-1) ,rflags ,TEST,6,XOR,2,XOR,2,JZ,2,CMP,3,MOV,7,SUB,5,JZ,6,NOP,6,CMP,3,0,1,1,0,0,JE,0,0,1,0,0,0,JE,0,0,4609304,4609336,4609312,0,0,0,1,c,2.173251956438013e-11,0.0,0,0,0
0x465512,JZ,4,4,96,2,0x46550f,CMP,1,NonLeaf,eax(-1) ,rflags ,CMP,3,JZ,2,TEST,2,MOV,6,ADD,5,XOR,2,XOR,2,TEST,6,JNZ,2,MOV,7,0,0,0,0,0,JBE,0,0,1,0,0,0,XOR,0,0,4609295,4609394,4609300,0,0,0,0,c,2.173251956438013e-11,1.0,1,0,1
0x46550d,JZ,4,0,91,2,0x46550b,TEST,1,NonLeaf,eax(MOV) eax(MOV) ,rflags ,TEST,2,MOV,6,ADD,5,MOV,4,MOV,7,CMP,3,JZ,2,XOR,2,XOR,2,TEST,6,0,1,0,0,0,MOV,0,0,1,0,0,0,JE,0,0,4609285,4609384,4609295,0,0,1,0,c,2.173251956438013e-11,0.0,0,0,0
0x4654e8,JNZ,4,0,357,6,0x4654e4,CMPXCHG,1,NonLeaf,r8(-1) esi(-1) eax(CMPXCHG) ,eax rflags ,CMPXCHG,4,JMP,2,JNZ,6,CMPXCHG_LOCK,5,JZ,2,MOV,7,MOV,7,MOV,4,ADD,5,MOV,6,0,-1,-1,-1,-1,CALL,-1,1,0,1,0,0,MOV,0,0,4609252,4609613,4609262,0,0,1,1,c,2.173251956438013e-11,0.0,0,0,0
0x4654d5,JZ,4,4,15,2,0x4654ce,CMP,1,NonLeaf,rip(JZ) ,rflags ,CMP,7,MOV,5,JZ,2,CMP,4,MOV,9,CMPXCHG_LOCK,5,JNZ,6,JMP,2,CMPXCHG,4,JNZ,6,0,1,0,0,0,JNE,0,0,1,0,0,0,JNE,0,0,4609225,4609252,4609239,0,0,1,0,c,2.173251956438013e-11,1.0,1,0,1
0x4654c7,JZ,4,0,57,2,0x4654c3,CMP,1,NonLeaf,rdx(MOV) r8(MOV) ,rflags ,CMP,4,MOV,9,MOV,7,JNZ,2,AND,5,MOV,5,CMP,7,JZ,2,CMPXCHG_LOCK,5,JNZ,6,0,1,1,0,0,ADD,0,0,1,0,0,0,JE,0,0,4609203,4609280,4609225,0,0,1,0,c,2.173251956438013e-11,0.0,0,0,0
0x4654b1,JNZ,4,0,84,2,0x4654ac,AND,1,NonLeaf,eax(AND) ,eax rflags ,AND,5,MOV,3,MOV,3,MOV,2,JZ,6,MOV,7,MOV,9,CMP,4,JZ,2,MOV,5,0,1,1,0,0,JE,0,0,1,0,0,0,JE,0,0,4609188,4609285,4609203,0,0,0,0,c,2.173251956438013e-11,0.0,0,1,0
0x46549e,JZ,4,0,274,6,0x46549b,TEST,1,NonLeaf,rbp(IMUL) rbp(IMUL) ,rflags ,TEST,3,SUB,4,PUSH,1,IMUL,4,MOV,3,MOV,2,MOV,3,MOV,3,AND,5,JNZ,2,0,1,0,0,0,RET,0,0,1,0,0,0,JNE,0,0,4609152,4609456,4609188,0,0,0,0,c,2.173251956438013e-11,0.0,0,0,0
0x464f46,JZ,2,2,50,2,0x464f42,TEST,1,NonLeaf,rbx(-1) ,rflags ,TEST,4,JZ,2,TEST,3,CALL_NEAR,5,MOV,3,TEST,3,JZ,2,MOV,6,MOV,5,TEST,2,0,0,1,0,0,RET,0,0,1,0,0,0,JE,0,0,4607810,4607864,4607816,1,0,0,0,c,1.0866259782190064e-11,1.0,1,0,1
0x464f40,JZ,2,0,68,2,0x464f3d,TEST,1,NonLeaf,rax(-1) rax(-1) ,rflags ,TEST,3,CALL_NEAR,5,MOV,3,MOV,3,MOV,3,TEST,4,JZ,2,TEST,3,JZ,2,MOV,6,0,1,0,0,0,CALL,0,1,1,0,0,0,JE,0,0,4607805,4607876,4607810,0,0,1,0,c,1.0866259782190064e-11,0.0,0,0,0
0x464ee7,JZ,2,0,153,6,0x464ee4,TEST,1,NonLeaf,rax(-1) rax(-1) ,rflags ,TEST,3,CALL_NEAR,5,PUSH,1,MOV,5,MOV,3,LEA,7,LEA,7,MOV,3,XOR,2,MOV,3,0,1,0,0,0,JMP,0,0,1,0,0,0,CALL,0,1,4607716,4607872,4607725,0,0,0,1,c,1.0866259782190064e-11,0.0,0,0,0
0x464cf3,JZ,19032,19032,15,2,0x464cf0,TEST,1,NonLeaf,dl(-1) ,rflags ,TEST,3,NOP,8,RET_NEAR,1,POP,2,POP,1,MOV,7,CMP,4,JNZ,2,MOV,5,MOV,2,0,1,0,0,0,JMP,0,0,1,0,0,0,JNE,0,0,4607216,4607234,4607221,0,0,1,0,c,1.0340332808732065e-07,1.0,1,0,1
0x464cd6,JNZ,19033,0,161,6,0x464cd4,DEC,1,NonLeaf,rdx(-1) ,rflags ,DEC,2,JMP,2,JNZ,6,DEC_LOCK,3,JZ,2,NOP,4,POP,1,MOV,3,POP,1,POP,2,0,-1,-1,-1,-1,CALL,-1,1,0,1,0,0,NOP,0,0,4607188,4607351,4607196,0,0,1,0,c,1.0340876121721174e-07,0.0,0,0,0
0x464cc7,JZ,19033,19033,13,2,0x464cc0,CMP,1,NonLeaf,rip(JZ) ,rflags ,CMP,7,MOV,8,JNZ,2,SUB,4,MOV,7,DEC_LOCK,3,JNZ,6,JMP,2,DEC,2,JNZ,6,0,1,0,0,0,JNE,0,0,1,0,0,0,JNE,0,0,4607160,4607188,4607177,0,0,1,0,c,1.0340876121721174e-07,1.0,1,0,1
0x464cb6,JNZ,19033,0,42,2,0x464cb2,SUB,1,NonLeaf,rdx(MOV) ,rflags ,SUB,4,MOV,7,JNZ,2,MOV,2,TEST,3,MOV,8,CMP,7,JZ,2,DEC_LOCK,3,JNZ,6,0,0,1,0,0,RET,0,0,1,0,0,0,JE,0,0,4607147,4607200,4607160,0,0,0,1,c,1.0340876121721174e-07,0.0,0,0,0
0x464ca9,JNZ,19033,0,55,2,0x464ca4,TEST,1,NonLeaf,ah(OR) ,rflags ,MOV,2,TEST,3,OR,3,MOV,2,XOR,2,MOV,7,SUB,4,JNZ,2,MOV,8,CMP,7,0,0,1,0,0,RET,0,0,1,0,0,0,JNE,0,0,4607135,4607200,4607147,0,0,0,1,c,1.0340876121721174e-07,0.0,0,0,0
0x464c9b,JNZ,19033,19032,85,2,0x464c96,TEST,1,NonLeaf,rax(-1) rax(-1) ,rflags ,MOV,2,TEST,3,CALL_NEAR,5,AND,4,MOV,3,XOR,2,MOV,2,OR,3,TEST,3,MOV,2,0,1,0,0,0,JE,0,0,1,0,0,0,XOR,0,0,4607126,4607216,4607133,0,0,0,0,c,1.0340876121721174e-07,0.9999474596753009,1,0,1
0x464c4e,JNZ,19033,0,270,6,0x464c4a,CMPXCHG,1,NonLeaf,r8(-1) esi(-1) eax(CMPXCHG) ,eax rflags ,CMPXCHG,4,JMP,2,JNZ,6,CMPXCHG_LOCK,5,JZ,2,MOV,7,MOV,7,MOV,2,MOV,4,ADD,5,0,-1,-1,-1,-1,CALL,-1,1,0,1,0,0,MOV,0,0,4607050,4607324,4607060,0,0,1,1,c,1.0340876121721174e-07,0.0,0,0,0
0x464c3b,JZ,19033,19033,15,2,0x464c34,CMP,1,NonLeaf,rip(JZ) ,rflags ,CMP,7,MOV,5,JZ,2,CMP,4,MOV,9,CMPXCHG_LOCK,5,JNZ,6,JMP,2,CMPXCHG,4,JNZ,6,0,1,0,0,0,JNE,0,0,1,0,0,0,JNE,0,0,4607023,4607050,4607037,0,0,1,0,c,1.0340876121721174e-07,1.0,1,0,1
0x464c2d,JZ,19033,0,59,2,0x464c29,CMP,1,NonLeaf,rdx(MOV) r8(MOV) ,rflags ,CMP,4,MOV,9,MOV,7,JNZ,2,AND,5,MOV,5,CMP,7,JZ,2,CMPXCHG_LOCK,5,JNZ,6,0,1,1,0,0,ADD,0,0,1,0,0,0,JE,0,0,4607001,4607080,4607023,0,0,1,0,c,1.0340876121721174e-07,0.0,0,0,0
0x464c17,JNZ,19033,0,86,2,0x464c12,AND,1,NonLeaf,eax(AND) ,eax rflags ,AND,5,MOV,2,MOV,3,MOV,2,JZ,6,MOV,7,MOV,9,CMP,4,JZ,2,MOV,5,0,1,1,0,0,CALL,0,1,1,0,0,0,JE,0,0,4606987,4607085,4607001,0,0,1,0,c,1.0340876121721174e-07,0.0,0,0,0
0x464c05,JZ,19033,0,271,6,0x464bff,CMP,1,NonLeaf,esi(-1) ,rflags ,MOV,3,CMP,3,JLE,6,PUSH,1,PUSH,1,MOV,2,MOV,3,MOV,2,AND,5,JNZ,2,0,1,0,0,0,JMP,0,0,1,0,0,0,JNE,0,0,4606975,4607252,4606987,0,0,1,0,c,1.0340876121721174e-07,0.0,0,0,0
0x464bf9,JLE,19033,0,279,6,0x464bf2,TEST,1,NonLeaf,esi(-1) esi(-1) ,rflags ,PUSH,1,PUSH,1,MOV,3,TEST,2,PUSH,2,CMP,3,MOV,3,JZ,6,MOV,2,MOV,3,0,1,0,0,0,JMP,0,0,1,0,0,0,JE,0,0,4606960,4607248,4606975,0,0,0,0,c,1.0340876121721174e-07,0.0,0,0,0
0x464b2d,JNZ,10,0,139,6,0x464b2b,DEC,1,NonLeaf,rsi(-1) ,rflags ,DEC,2,JMP,2,JNZ,6,DEC_LOCK,3,JZ,2,NOP,5,ADD,4,MOV,2,POP,1,POP,1,0,-1,-1,-1,-1,CALL,-1,1,0,1,0,0,NOP,0,0,4606763,4606904,4606771,0,0,1,0,c,5.4331298910950325e-11,0.0,0,0,0
0x464b1e,JZ,10,10,13,2,0x464b17,CMP,1,NonLeaf,rip(JZ) ,rflags ,CMP,7,MOV,8,JNZ,2,SUB,4,MOV,7,DEC_LOCK,3,JNZ,6,JMP,2,DEC,2,JNZ,6,0,1,0,0,0,JNE,0,0,1,0,0,0,JNE,0,0,4606735,4606763,4606752,0,0,1,0,c,5.4331298910950325e-11,1.0,1,0,1
0x464b0d,JNZ,10,0,43,2,0x464b09,SUB,1,NonLeaf,rsi(MOV) ,rflags ,SUB,4,MOV,7,JNZ,2,TEST,6,NEG,2,MOV,8,CMP,7,JZ,2,DEC_LOCK,3,JNZ,6,0,0,1,0,0,RET,0,0,1,0,0,0,JE,0,0,4606722,4606776,4606735,0,0,0,1,c,5.4331298910950325e-11,0.0,0,0,0
0x464b00,JNZ,10,0,56,2,0x464afa,TEST,1,NonLeaf,rbx(-1) ,rflags ,TEST,6,NEG,2,SETNZ,3,TEST,2,XOR,2,MOV,7,SUB,4,JNZ,2,MOV,8,CMP,7,0,1,1,0,0,RET,0,0,1,0,0,0,JNE,0,0,4606705,4606776,4606722,0,0,0,1,c,5.4331298910950325e-11,0.0,0,0,0
0x464ae9,JBE,10,0,106,2,0x464ae6,CMP,1,NonLeaf,rax(SUB) rdx(SUB) ,rflags ,CMP,3,SUB,7,MOV,3,SUB,6,MOV,5,MOV,3,CALL_NEAR,3,XOR,2,TEST,2,SETNZ,3,0,1,0,0,0,CALL,0,1,1,1,0,0,CALL,0,1,4606666,4606803,4606699,0,0,1,1,c,5.4331298910950325e-11,0.0,0,0,0
0x464aae,JNZ,10,0,239,6,0x464aab,CMPXCHG,1,NonLeaf,rdx(-1) esi(-1) eax(CMPXCHG) ,eax rflags ,CMPXCHG,3,JMP,2,JNZ,6,CMPXCHG_LOCK,4,JZ,2,MOV,7,MOV,7,MOV,4,ADD,4,MOV,7,0,-1,-1,-1,-1,CALL,-1,1,0,1,0,0,MOV,0,0,4606635,4606877,4606644,0,0,1,1,c,5.4331298910950325e-11,0.0,0,0,0
0x464a9d,JZ,10,10,14,2,0x464a96,CMP,1,NonLeaf,rip(JZ) ,rflags ,CMP,7,MOV,5,JZ,2,CMP,4,MOV,9,CMPXCHG_LOCK,4,JNZ,6,JMP,2,CMPXCHG,3,JNZ,6,0,1,0,0,0,JNE,0,0,1,0,0,0,JNE,0,0,4606609,4606635,4606623,0,0,1,0,c,5.4331298910950325e-11,1.0,1,0,1
0x464a8f,JZ,10,0,55,2,0x464a8b,CMP,1,NonLeaf,r8(MOV) rdx(MOV) ,rflags ,CMP,4,MOV,9,MOV,7,JNZ,2,AND,5,MOV,5,CMP,7,JZ,2,CMPXCHG_LOCK,4,JNZ,6,0,1,1,0,0,ADD,0,0,1,0,0,0,JE,0,0,4606587,4606662,4606609,0,0,1,0,c,5.4331298910950325e-11,0.0,0,0,0
0x464a79,JNZ,10,0,81,2,0x464a74,AND,1,NonLeaf,eax(AND) ,eax rflags ,AND,5,MOV,2,JZ,6,TEST,3,SUB,4,MOV,7,MOV,9,CMP,4,JZ,2,MOV,5,0,1,1,0,0,JBE,0,0,1,0,0,0,JE,0,0,4606578,4606666,4606587,0,0,0,0,c,5.4331298910950325e-11,0.0,0,1,0
0x464a6c,JZ,10,0,220,6,0x464a69,TEST,1,NonLeaf,rdi(-1) rdi(-1) ,rflags ,TEST,3,SUB,4,MOV,3,PUSH,1,PUSH,1,MOV,2,AND,5,JNZ,2,MOV,7,MOV,9,0,1,0,0,0,JMP,0,0,1,0,0,0,JNE,0,0,4606560,4606792,4606578,0,0,0,0,c,5.4331298910950325e-11,0.0,0,0,0
0x464666,JNZ,2,0,181,6,0x464664,DEC,1,NonLeaf,rdx(-1) ,rflags ,DEC,2,JMP,2,JNZ,6,DEC_LOCK,3,JZ,2,JMP,5,CALL_NEAR,5,JMP,5,TEST,6,MOV,3,0,-1,-1,-1,-1,CALL,-1,1,0,1,0,0,JMP,0,0,4605540,4605723,4605548,0,0,1,0,c,1.0866259782190064e-11,0.0,0,0,0
0x464657,JZ,2,2,13,2,0x464650,CMP,1,NonLeaf,rip(JZ) ,rflags ,CMP,7,MOV,8,NOP,7,JMP,5,MOV,2,DEC_LOCK,3,JNZ,6,JMP,2,DEC,2,JNZ,6,0,1,0,0,0,JNE,0,0,1,0,0,0,JNE,0,0,4605512,4605540,4605529,0,0,1,0,c,1.0866259782190064e-11,1.0,1,0,1
0x464605,JZ,2,2,-57,2,0x464600,CMP,1,NonLeaf,rbx(-1) ,rflags ,CMP,5,NOP,4,RET_NEAR,1,POP,2,POP,1,MOV,3,CALL_NEAR,5,JMP,2,NOP,7,CALL_NEAR,5,0,0,1,0,0,JE,0,0,1,0,0,0,CALL,0,1,4605440,4605388,4605447,0,0,0,1,c,1.0866259782190064e-11,1.0,1,0,1
0x4645e5,JZ,2,0,16,2,0x4645de,CMP,1,NonLeaf,rbx(-1) rip(JZ) ,rflags ,CMP,7,JZ,2,CMP,7,JZ,2,CMP,7,MOV,6,MOV,3,CALL_NEAR,5,POP,1,MOV,2,0,0,1,0,0,RET,0,0,1,0,0,0,CALL,0,1,4605406,4605429,4605415,0,0,0,1,c,1.0866259782190064e-11,0.0,0,0,0
0x4645dc,JZ,2,0,25,2,0x4645d5,CMP,1,NonLeaf,rbx(-1) rip(JZ) ,rflags ,CMP,7,JZ,2,CMP,7,JNZ,6,DEC,6,CMP,7,JZ,2,MOV,6,MOV,3,CALL_NEAR,5,0,0,1,0,0,RET,0,0,1,0,0,0,JE,0,0,4605397,4605429,4605406,0,0,0,0,c,1.0866259782190064e-11,0.0,0,0,0
0x4645d3,JZ,2,0,34,2,0x4645cc,CMP,1,NonLeaf,rbx(-1) rip(JZ) ,rflags ,CMP,7,JNZ,6,DEC,6,JMP,2,JNZ,6,CMP,7,JZ,2,CMP,7,JZ,2,MOV,6,0,1,1,0,0,RET,0,0,1,0,0,0,JE,0,0,4605388,4605429,4605397,0,0,0,0,c,1.0866259782190064e-11,0.0,0,0,0
0x464557,JLE,2,2,169,6,0x464555,TEST,1,NonLeaf,eax(MOV) eax(MOV) ,rflags ,TEST,2,MOV,6,CALL_NEAR,5,MOV,3,XOR,2,MOV,7,MOV,5,XOR,2,CMP,7,JZ,2,0,1,0,0,0,JE,0,0,1,0,0,0,JE,0,0,4605263,4605440,4605277,0,0,0,0,c,1.0866259782190064e-11,1.0,1,0,1
0x46453f,JBE,2,0,306,6,0x46453c,CMP,1,NonLeaf,rdx(SUB) rax(SUB) ,rflags ,CMP,3,SUB,6,MOV,3,SUB,7,MOV,5,XOR,2,MOV,3,CALL_NEAR,5,MOV,6,TEST,2,0,1,0,0,0,CALL,0,1,1,1,0,0,CALL,0,1,4605216,4605553,4605253,0,0,1,1,c,1.0866259782190064e-11,0.0,0,0,0
0x464514,JZ,2,2,308,6,0x464510,SUB,1,NonLeaf,rdx(MOV) ,rflags ,SUB,4,MOV,7,JNZ,2,AND,3,JNZ,6,NOP,6,MOV,7,MOV,5,SUB,7,MOV,3,0,1,0,0,0,JE,0,0,1,0,0,0,NOP,0,0,4605193,4605512,4605210,0,0,1,0,c,1.0866259782190064e-11,1.0,1,1,1
0x464507,JNZ,2,0,25,2,0x464504,AND,1,NonLeaf,ch(AND) ,ch rflags ,AND,3,JNZ,6,AND,3,SAR,3,SHL,3,MOV,7,SUB,4,JZ,6,NOP,6,MOV,7,0,1,1,0,0,JBE,0,0,1,0,0,0,JE,0,0,4605188,4605216,4605193,0,0,0,1,c,1.0866259782190064e-11,0.0,0,1,0
0x4644fe,JNZ,2,2,306,6,0x4644fb,AND,1,NonLeaf,dh(AND) ,dh rflags ,AND,3,SAR,3,SHL,3,MOV,2,MOV,2,AND,3,JNZ,2,MOV,7,SUB,4,JZ,6,0,1,0,0,0,CALL,0,1,1,1,0,0,JNE,0,0,4605171,4605488,4605188,0,0,1,0,c,1.0866259782190064e-11,1.0,1,0,1
0x4644d2,JNZ,2,0,496,6,0x4644ce,CMPXCHG,1,NonLeaf,r8(-1) esi(-1) eax(CMPXCHG) ,eax rflags ,CMPXCHG,4,JMP,2,JNZ,6,CMPXCHG_LOCK,5,JZ,2,MOV,7,MOV,7,MOV,2,MOV,4,ADD,5,0,-1,-1,-1,-1,CALL,-1,1,0,1,0,0,MOV,0,0,4605134,4605634,4605144,0,0,1,1,c,1.0866259782190064e-11,0.0,0,0,0
0x4644bf,JZ,2,2,15,2,0x4644b8,CMP,1,NonLeaf,rip(JZ) ,rflags ,CMP,7,MOV,5,JZ,2,CMP,4,MOV,9,CMPXCHG_LOCK,5,JNZ,6,JMP,2,CMPXCHG,4,JNZ,6,0,1,0,0,0,JNE,0,0,1,0,0,0,JNE,0,0,4605107,4605134,4605121,0,0,1,0,c,1.0866259782190064e-11,1.0,1,0,1
0x4644b1,JZ,2,0,59,2,0x4644ad,CMP,1,NonLeaf,r9(MOV) r8(MOV) ,rflags ,CMP,4,MOV,9,MOV,7,JNZ,2,AND,5,MOV,5,CMP,7,JZ,2,CMPXCHG_LOCK,5,JNZ,6,0,1,1,0,0,MOV,0,0,1,0,0,0,JE,0,0,4605085,4605164,4605107,0,0,1,0,c,1.0866259782190064e-11,0.0,0,0,0
0x46449b,JNZ,2,0,88,2,0x464496,AND,1,NonLeaf,eax(AND) ,eax rflags ,AND,5,MOV,2,JNZ,6,MOV,2,TEST,3,MOV,7,MOV,9,CMP,4,JZ,2,MOV,5,0,1,1,0,0,JNE,0,0,1,0,0,0,JE,0,0,4605076,4605171,4605085,0,0,0,0,c,1.0866259782190064e-11,0.0,0,1,0
0x46448e,JNZ,2,2,394,6,0x464489,TEST,1,NonLeaf,dh(MOV) ,rflags ,MOV,2,TEST,3,MOV,3,MOV,2,PUSH,1,MOV,2,AND,5,JNZ,2,MOV,7,MOV,9,0,1,0,0,0,CALL,0,1,1,1,0,0,JNE,0,0,4605056,4605464,4605076,0,0,1,0,c,1.0866259782190064e-11,1.0,1,0,1
0x46404d,JZ,19030,19030,57,2,0x464037,TEST,1,NonLeaf,al(-1) al(-1) ,rflags ,MOV,5,MOV,5,MOV,5,MOV,5,TEST,2,MOVAPS,5,MOVAPS,5,MOVAPS,5,MOVAPS,8,MOVAPS,8,0,1,1,0,0,CALL,0,1,1,0,0,0,MOVAPS,0,0,4603952,4604038,4603983,0,0,1,1,c,1.0339246182753849e-07,1.0,1,0,1
0x463f87,JNZ,375406,0,111,2,0x463f85,DEC,1,NonLeaf,rsi(-1) ,rflags ,DEC,2,JMP,2,JNZ,2,DEC_LOCK,3,JZ,2,ADD,7,MOV,2,POP,1,RET_NEAR,1,AND,4,0,-1,-1,-1,-1,CALL,-1,1,0,1,0,0,RET,0,0,4603781,4603894,4603785,0,0,1,0,c,2.039629559896422e-06,0.0,0,0,0
0x463f7c,JZ,375406,375406,9,2,0x463f75,CMP,1,NonLeaf,rip(JZ) ,rflags ,CMP,7,MOV,8,JNZ,2,SUB,4,MOV,7,DEC_LOCK,3,JNZ,2,JMP,2,DEC,2,JNZ,2,0,1,0,0,0,JNE,0,0,1,0,0,0,JNE,0,0,4603757,4603781,4603774,0,0,1,0,c,2.039629559896422e-06,1.0,1,0,1
0x463f6b,JNZ,375406,0,30,2,0x463f67,SUB,1,NonLeaf,rsi(MOV) ,rflags ,SUB,4,MOV,7,JNZ,2,MOV,2,TEST,6,MOV,8,CMP,7,JZ,2,DEC_LOCK,3,JNZ,2,0,0,1,0,0,RET,0,0,1,0,0,0,JE,0,0,4603744,4603785,4603757,0,0,0,1,c,2.039629559896422e-06,0.0,0,0,0
0x463f5e,JNZ,375406,0,43,2,0x463f56,TEST,1,NonLeaf,rbx(-1) ,rflags ,MOV,2,TEST,6,AND,4,CALL_NEAR,5,MOV,5,MOV,7,SUB,4,JNZ,2,MOV,8,CMP,7,0,1,1,0,0,RET,0,0,1,0,0,0,JNE,0,0,4603730,4603785,4603744,0,0,0,1,c,2.039629559896422e-06,0.0,0,0,0
0x463ef9,JNZ,375406,0,226,6,0x463ef6,CMPXCHG,1,NonLeaf,rdx(-1) esi(-1) eax(CMPXCHG) ,eax rflags ,CMPXCHG,3,JMP,2,JNZ,6,CMPXCHG_LOCK,4,JZ,2,MOV,7,MOV,7,MOV,4,ADD,4,LEA,8,0,-1,-1,-1,-1,CALL,-1,1,0,1,0,0,MOV,0,0,4603638,4603867,4603647,0,0,1,1,c,2.039629559896422e-06,0.0,0,0,0
0x463ee8,JZ,375406,375406,14,2,0x463ee1,CMP,1,NonLeaf,rip(JZ) ,rflags ,CMP,7,MOV,5,JZ,2,CMP,4,MOV,9,CMPXCHG_LOCK,4,JNZ,6,JMP,2,CMPXCHG,3,JNZ,6,0,1,0,0,0,JNE,0,0,1,0,0,0,JNE,0,0,4603612,4603638,4603626,0,0,1,0,c,2.039629559896422e-06,1.0,1,0,1
0x463eda,JZ,375406,0,55,2,0x463ed6,CMP,1,NonLeaf,r10(MOV) rdx(MOV) ,rflags ,CMP,4,MOV,9,MOV,7,JNZ,2,AND,5,MOV,5,CMP,7,JZ,2,CMPXCHG_LOCK,4,JNZ,6,0,1,1,0,0,ADD,0,0,1,0,0,0,JE,0,0,4603590,4603665,4603612,0,0,1,0,c,2.039629559896422e-06,0.0,0,0,0
0x463ec4,JNZ,375406,0,81,2,0x463ebf,AND,1,NonLeaf,eax(AND) ,eax rflags ,AND,5,MOV,2,MOV,3,MOVAPS,8,MOVAPS,8,MOV,7,MOV,9,CMP,4,JZ,2,MOV,5,0,1,1,0,0,CALL,0,1,1,0,0,0,JE,0,0,4603578,4603669,4603590,0,0,1,0,c,2.039629559896422e-06,0.0,0,0,0
0x463e81,JZ,375406,375406,57,2,0x463e6b,TEST,1,NonLeaf,al(-1) al(-1) ,rflags ,MOV,5,MOV,5,MOV,5,MOV,5,TEST,2,MOVAPS,5,MOVAPS,5,MOVAPS,5,MOVAPS,8,MOVAPS,8,0,1,1,0,0,JNE,0,0,1,0,0,0,MOVAPS,0,0,4603488,4603578,4603523,0,0,0,1,c,2.039629559896422e-06,1.0,1,0,1
0x463c8d,JZ,2,2,57,2,0x463c77,TEST,1,NonLeaf,al(-1) al(-1) ,rflags ,MOV,5,MOV,5,MOV,5,MOV,5,TEST,2,MOVAPS,5,MOVAPS,5,MOVAPS,5,MOVAPS,8,MOVAPS,8,0,1,1,0,0,CALL,0,1,1,0,0,0,MOVAPS,0,0,4602992,4603078,4603023,0,0,1,1,c,1.0866259782190064e-11,1.0,1,0,1
0x463bf2,JZ,6,4,57,2,0x463bd7,TEST,1,NonLeaf,al(-1) al(-1) ,rflags ,MOV,5,MOV,5,MOV,5,MOV,5,MOV,5,MOVAPS,5,MOVAPS,5,MOVAPS,5,MOVAPS,8,MOVAPS,8,0,1,1,0,0,CALL,0,1,1,0,0,0,MOVAPS,0,0,4602832,4602923,4602868,0,0,1,1,c,3.2598779346570196e-11,0.6666666666666666,1,0,1
0x463b5d,JZ,8,2,57,2,0x463b47,TEST,1,NonLeaf,al(-1) al(-1) ,rflags ,MOV,5,MOV,5,MOV,5,MOV,5,TEST,2,MOVAPS,5,MOVAPS,5,MOVAPS,5,MOVAPS,8,MOVAPS,8,0,1,1,0,0,CALL,0,1,1,0,0,0,MOVAPS,0,0,4602688,4602774,4602719,0,0,1,1,c,4.346503912876026e-11,0.25,0,0,0
0x462cb0,JS,16,0,-96,2,0x462cac,ADD,1,Leaf,r11(ADD) ,r11 rflags ,ADD,4,MUL,3,ADC,3,MOV,3,MOV,5,MOV,4,ADD,3,ADC,3,MOV,5,ADD,3,0,1,0,0,0,MOV,0,0,1,1,0,0,ADD,0,0,4598953,4598864,4598962,0,0,1,1,c,8.69300782575205e-11,0.0,0,0,0
0x462bd6,JNZ,70535,0,10,2,0x462bd3,DEC,1,Leaf,r11(DEC) ,r11 rflags ,DEC,3,JNLE,2,JZ,2,CMP,3,JZ,2,MOV,3,JMP,5,LEA,5,LEA,5,NEG,3,0,1,0,0,0,JMP,0,0,1,0,0,0,JMP,0,0,4598739,4598752,4598744,1,0,0,1,c,3.832258168683881e-07,0.0,0,0,0
0x462bd1,JNLE,70535,0,68,2,0x462bcc,CMP,0,Leaf,ebx(-1) ,rflags ,JZ,2,CMP,3,JZ,2,AND,3,ADC,4,DEC,3,JNZ,2,MOV,3,JMP,5,LEA,5,0,1,0,0,0,JMP,0,0,1,0,0,0,JNE,0,0,4598737,4598805,4598739,0,0,0,0,c,3.832258168683881e-07,0.0,0,0,0
0x462bcf,JZ,70551,16,91,2,0x462bcc,CMP,1,Leaf,ebx(-1) ,rflags ,CMP,3,JZ,2,AND,3,ADC,4,ADD,3,JNLE,2,DEC,3,JNZ,2,MOV,3,JMP,5,0,1,0,0,0,JMP,0,0,1,0,0,0,JG,0,0,4598732,4598826,4598737,0,0,0,0,c,3.8331274694664563e-07,0.000226786296438,0,0,0
0x462bca,JZ,70551,0,52,2,0x462bc7,AND,1,Leaf,ebx(AND) ,ebx rflags ,AND,3,ADC,4,ADD,3,MOV,3,MUL,3,CMP,3,JZ,2,JNLE,2,DEC,3,JNZ,2,0,1,0,0,0,JMP,0,0,1,0,0,0,JE,0,0,4598704,4598782,4598732,0,0,0,0,c,3.8331274694664563e-07,0.0,0,0,0
0x4627e8,JLE,70476,70476,292,6,0x4627d4,CMP,1,Recursive,rbx(-1) ,rflags ,LEA,4,MOV,4,LEA,8,CMP,4,MOV,4,ADD,4,MOV,3,LEA,4,MOV,3,MOV,3,0,0,1,0,0,RET,0,0,1,0,0,0,JMP,0,0,4597716,4598028,4597742,0,1,0,0,c,3.8290526220481357e-07,1.0,1,0,1
0x4627bd,JBE,70476,0,355,6,0x4627b9,CMP,1,Recursive,rcx(MOV) ,rflags ,CMP,4,MOV,3,JZ,6,TEST,3,XOR,2,MOV,4,MOV,4,CALL_NEAR,5,MOV,4,CMP,4,0,1,0,0,0,JE,0,0,1,0,0,0,CALL,1,1,4597686,4598048,4597699,0,0,0,1,c,3.8290526220481357e-07,0.0,0,1,0
0x4627b0,JZ,70476,0,348,6,0x4627ad,TEST,1,Recursive,r8(-1) r8(-1) ,rflags ,TEST,3,XOR,2,JNLE,6,MOV,4,CMP,4,MOV,3,CMP,4,JBE,6,MOV,4,MOV,4,0,0,1,0,0,RET,1,0,1,0,0,0,JBE,0,0,4597675,4598028,4597686,0,0,0,0,c,3.8290526220481357e-07,0.0,0,0,0
0x4627a5,JNLE,70476,0,179,6,0x46279d,CMP,1,Recursive,r8(-1) ,rflags ,MOV,4,CMP,4,SUB,4,MOV,3,PUSH,1,XOR,2,TEST,3,JZ,6,MOV,3,CMP,4,0,1,0,0,0,JMP,1,0,1,0,0,0,JE,1,0,4597632,4597848,4597675,0,0,0,0,c,3.8290526220481357e-07,0.0,0,0,0
0x4626d9,JB,16,16,16,2,0x4626d5,SUB,1,Leaf,rdx(SUB) ,rdx rflags ,SUB,4,SHRD,4,XOR,2,MOV,4,MOV,3,MOV,4,LEA,4,LEA,4,JMP,2,SHRD,4,0,1,0,0,0,RET,0,0,1,0,0,0,JMP,0,0,4597448,4597481,4597467,0,0,1,0,c,8.69300782575205e-11,1.0,1,0,1
0x4626c6,JNZ,16,0,58,2,0x4626bf,SHR,0,Leaf,r9(-1) cl(-1) ,r9 rflags ,RET_NEAR,1,MOV,3,SHR,3,JMP,2,LEA,4,MOV,3,MOV,4,XOR,2,SHRD,4,SUB,4,0,1,0,0,0,JB,0,0,1,0,0,0,JB,0,0,4597446,4597504,4597448,0,0,0,0,c,8.69300782575205e-11,0.0,0,0,0
0x46269c,JNB,16,16,42,2,0x462699,CMP,1,Leaf,eax(-1) ,rflags ,CMP,3,JMP,5,SUB,4,LEA,4,LEA,4,MOV,3,XOR,2,SHRD,4,SUB,4,JB,2,0,1,0,0,0,JNE,0,0,1,0,0,0,JB,0,0,4597401,4597446,4597406,0,0,0,0,c,8.69300782575205e-11,1.0,1,0,1
0x462675,JNZ,16,16,36,2,0x462672,AND,1,Leaf,eax(AND) ,eax rflags ,AND,3,MOV,2,INVALID,0,INVALID,0,INVALID,0,MOV,3,MOV,4,XOR,2,SHRD,4,MOV,4,0,1,0,0,0,JAE,0,0,1,0,0,0,JMP,0,0,4597360,4597401,4597367,0,0,0,0,c,8.69300782575205e-11,1.0,1,1,1
0x4625a1,JB,390923,390923,20,2,0x46259d,SUB,1,Leaf,rdx(SUB) ,rdx rflags ,SUB,4,SHLD,4,XOR,2,MOV,3,JNB,2,MOV,4,MOV,4,LEA,4,LEA,4,JMP,2,0,1,0,0,0,RET,0,0,1,0,0,0,JMP,0,0,4597140,4597173,4597155,0,0,1,0,c,2.123935436416543e-06,1.0,1,0,1
0x462592,JNB,390923,0,42,2,0x46258f,CMP,1,Leaf,eax(-1) ,rflags ,CMP,3,JMP,5,SUB,4,LEA,4,MOV,4,MOV,3,XOR,2,SHLD,4,SUB,4,JB,2,0,1,0,0,0,JNE,0,0,1,0,0,0,JB,0,0,4597135,4597180,4597140,0,0,0,0,c,2.123935436416543e-06,0.0,0,0,0
0x46256f,JNZ,390923,390923,32,2,0x46256c,AND,1,Leaf,eax(AND) ,eax rflags ,AND,3,MOV,2,LEA,5,LEA,5,INVALID,0,MOV,3,MOV,4,XOR,2,SHLD,4,MOV,4,0,1,0,0,0,JAE,0,0,1,0,0,0,JMP,0,0,4597088,4597135,4597105,0,0,0,0,c,2.123935436416543e-06,1.0,1,1,1
0x462545,JZ,24,0,-21,2,0x462542,CMP,1,Leaf,rax(MOV) rcx(MOV) ,rflags ,CMP,3,MOV,4,MOV,4,JZ,2,CMP,4,CMP,3,SBB,2,AND,3,SUB,3,RET_NEAR,1,1,1,0,0,0,JE,0,0,1,0,0,0,RET,1,0,4597050,4597040,4597063,0,1,0,0,c,1.3039511738628079e-10,0.0,0,0,0
0x462524,JNS,24,24,22,2,0x462520,SUB,1,Leaf,rdx(SUB) ,rdx rflags ,SUB,4,INVALID,0,INVALID,0,INVALID,0,INVALID,0,JMP,2,NOP,8,SUB,4,CMP,4,JZ,2,0,1,0,1,0,JE,0,0,1,0,0,0,JMP,0,0,4597024,4597050,4597030,0,0,0,0,c,1.3039511738628079e-10,1.0,1,1,1
0x461e5b,JLE,106483,0,1259,6,0x461e58,TEST,1,NonLeaf,r8d(MOV) r8d(MOV) ,rflags ,TEST,3,MOV,5,CALL_NEAR,5,MOV,5,MOV,3,MOVSXD,5,MOV,5,MOV,7,SUB,2,MOV,5,0,1,0,0,0,JMP,0,0,1,0,0,0,JMP,0,0,4595283,4596550,4595297,0,0,1,1,c,5.785359701934724e-07,0.0,0,0,0
0x461e12,JZ,861102,508977,21,2,0x461e10,CMP,1,NonLeaf,al(-1) ,rflags ,CMP,2,NOP,6,JMP,5,MOV,5,MOVZX,4,CMP,4,MOV,3,SETZ,3,SUB,3,TEST,2,0,1,1,0,0,JMP,0,0,1,0,0,0,CMOVNE,0,0,4595216,4595239,4595220,0,0,0,0,c,4.678479015481714e-06,0.5910763184849182,1,0,1
0x461dfa,JBE,1032966,861102,22,2,0x461df7,CMP,1,NonLeaf,cl(LEA) ,rflags ,CMP,3,LEA,4,LEA,3,NOP,5,SUB,3,MOVZX,4,MOV,5,JMP,5,NOP,6,CMP,2,1,1,0,0,0,JE,0,0,1,1,0,0,JMP,1,0,4595184,4595216,4595196,0,0,0,1,c,5.612238451084871e-06,0.8336208548974506,1,1,1
0x461cfd,JLE,21100,21100,14,2,0x461cfa,TEST,1,NonLeaf,rbp(SUB) rbp(SUB) ,rflags ,TEST,3,SUB,5,CALL_NEAR,5,LEA,4,SUB,3,MOV,12,MOV,4,MOV,5,MOVSXD,3,XOR,3,0,0,1,0,0,CALL,0,1,0,0,0,0,MOV,0,0,4594933,4594955,4594943,0,0,1,1,c,1.1463904070210518e-07,1.0,1,0,1
0x461cbc,JNLE,21100,0,775,6,0x461cb8,CMP,1,NonLeaf,rdx(-1) ,rflags ,CMP,4,JZ,6,CMP,4,MOVSXD,3,SUB,2,MOV,5,MOV,5,MOV,5,SUB,2,LEA,8,0,1,0,0,0,CALL,0,1,1,0,0,0,CALL,0,1,4594872,4595651,4594882,0,0,1,1,c,1.1463904070210518e-07,0.0,0,0,0
0x461cb2,JZ,21100,0,1064,6,0x461cae,CMP,1,NonLeaf,rdx(MOVSXD) ,rflags ,CMP,4,MOVSXD,3,SUB,2,AND,3,LEA,3,CMP,4,JNLE,6,MOV,5,MOV,5,MOV,5,0,1,0,0,0,CALL,0,1,1,0,0,0,JG,0,0,4594840,4595930,4594872,0,0,1,0,c,1.1463904070210518e-07,0.0,0,0,0
0x461c92,JNZ,127583,106483,415,6,0x461c8f,CMP,1,NonLeaf,r13(-1) r14(-1) ,rflags ,CMP,3,JMP,5,MOV,7,XOR,3,MOV,8,LEA,3,MOV,2,SAR,3,SHR,3,LEA,3,0,1,0,0,0,CALL,0,1,1,0,0,0,JE,1,0,4594831,4595249,4594840,0,0,1,0,c,6.931750108955775e-07,0.8346174647092481,1,1,1
0x461bba,JLE,106483,0,-32,2,0x461bb7,TEST,1,NonLeaf,r13d(SUB) r13d(SUB) ,rflags ,TEST,3,SUB,3,MOV,3,MOV,3,MOV,6,MOV,5,MOV,3,MOV,5,MOV,3,CALL_NEAR,5,0,0,1,0,0,JMP,0,0,1,0,0,0,CALL,0,1,4594600,4594586,4594620,0,0,0,1,c,5.785359701934724e-07,0.0,0,0,0
0x461b17,JLE,25183,0,2118,6,0x461b14,CMP,1,NonLeaf,ebx(SUB) ,rflags ,CMP,3,MOV,8,SUB,3,MOV,3,SUB,3,MOV,5,MOV,3,LEA,4,SUB,3,MOV,3,0,1,0,0,0,JMP,0,0,1,0,0,0,MOV,1,0,4594413,4596573,4594461,0,0,0,1,c,1.3682251004744618e-07,0.0,0,0,0
0x461ae7,JZ,25183,0,142,6,0x461ae4,TEST,1,NonLeaf,rax(-1) rax(-1) ,rflags ,TEST,3,JNZ,6,MOV,3,TEST,2,DIV,3,BSR,4,MOV,8,XOR,4,MOVSXD,3,MOV,3,0,1,0,0,0,XOR,0,0,1,0,0,0,JLE,0,0,4594404,4594549,4594413,0,0,1,1,c,1.3682251004744618e-07,0.0,0,0,0
0x461ade,JNZ,131666,106483,130,6,0x461ad9,TEST,1,NonLeaf,esi(MOV) esi(MOV) ,rflags ,MOV,3,TEST,2,DIV,3,MOV,3,MOV,3,TEST,3,JZ,6,BSR,4,MOV,8,XOR,4,1,1,0,0,0,JGE,0,0,1,0,0,0,JE,0,0,4594384,4594528,4594404,0,0,0,0,c,7.153584802409185e-07,0.8087357404341288,1,0,1
0x4619f9,JLE,127583,127583,662,6,0x4619f6,CMP,1,NonLeaf,esi(-1) ,rflags ,CMP,3,JNLE,6,MOV,4,CMP,6,SUB,2,LEA,3,MOV,2,AND,3,MOVSXD,3,SAR,3,0,1,0,0,0,JNE,1,0,1,0,0,0,JNE,1,0,4594166,4594831,4594175,0,0,0,0,c,6.931750108955775e-07,1.0,1,0,1
0x4619f0,JNLE,127583,0,2304,6,0x4619e6,CMP,1,NonLeaf,esi(SUB) ,rflags ,MOV,4,CMP,6,SUB,2,XOR,4,BSR,9,CMP,3,JLE,6,LEA,3,MOV,2,AND,3,0,0,0,0,0,JE,1,0,1,0,0,0,JLE,0,0,4594125,4596464,4594166,0,0,1,0,c,6.931750108955775e-07,0.0,0,0,0
0x4618c9,JLE,127583,127583,260,6,0x4618c6,TEST,1,NonLeaf,rax(MOV) rax(MOV) ,rflags ,TEST,3,MOV,5,MOV,8,MOV,3,CALL_NEAR,5,MOV,5,LEA,8,MOV,5,MOV,5,MOV,6,0,1,1,0,0,JG,0,0,1,0,0,0,JMP,0,0,4593846,4594125,4593871,1,0,1,1,c,6.931750108955775e-07,1.0,1,0,1
0x46184c,JZ,19938,0,-12,2,0x461848,CMP,1,NonLeaf,r13b(MOVSX) ,rflags ,CMP,4,MOVSX,4,ADD,4,NOP,10,MOV,3,MOV,3,JMP,5,MOV,3,MOV,3,XOR,2,1,1,1,1,1,JE,0,0,1,1,0,0,JMP,1,0,4593728,4593728,4593742,0,0,0,0,c,1.0832574376865277e-07,0.0,0,1,0
0x49e483,JZ,1,0,422,6,0x49e480,TEST,1,NonLeaf,rdi(-1) rdi(-1) ,rflags ,TEST,3,NOP,10,JNZ,2,TEST,3,MOV,3,MOV,4,TEST,3,JZ,6,MOV,3,ADD,4,0,1,1,0,0,JE,0,0,1,0,0,0,JE,0,0,4842624,4843049,4842633,0,0,0,0,c,5.433129891095032e-12,0.0,0,0,0
0x49e45b,JBE,1,1,1389,6,0x49e458,CMP,1,NonLeaf,ecx(SAR) ,rflags ,CMP,3,SAR,2,LEA,3,JBE,2,CMP,4,MOV,3,SUB,2,MOV,4,ADD,4,MOV,3,0,1,0,0,0,JBE,0,0,1,0,0,0,JNE,0,0,4842579,4843976,4842593,0,0,0,1,c,5.433129891095032e-12,1.0,1,1,1
0x461167,JZ,76714,0,-1652,6,0x461163,CMP,1,NonLeaf,r9d(-1) ,rflags ,CMP,4,JNZ,6,MOV,3,CMP,3,MOV,3,JMP,5,LEA,4,MOVSX,4,MOV,8,JMP,5,0,0,0,0,0,JBE,1,0,1,0,0,0,JMP,0,0,4591971,4590323,4591981,0,0,0,0,c,4.167971264654643e-07,0.0,0,0,0
0x46115d,JNZ,171864,95150,-1642,6,0x461157,CMP,1,NonLeaf,dl(-1) ,rflags ,MOV,3,CMP,3,MOV,3,MOV,4,NOP,2,CMP,4,JZ,6,JMP,5,LEA,4,MOVSX,4,0,0,0,0,0,JBE,1,0,1,0,0,0,JE,0,0,4591959,4590323,4591971,0,0,0,0,c,9.337594356031566e-07,0.5536354326676908,1,0,1
0x4610d3,JZ,206,0,-67,2,0x4610d0,CMP,1,NonLeaf,dl(-1) ,rflags ,CMP,3,JNBE,2,CMP,3,SUB,3,MOVSX,3,JMP,5,MOV,4,LEA,8,TEST,2,JNZ,6,0,1,0,0,0,JE,0,0,1,0,0,0,JMP,1,0,4591824,4591760,4591829,0,0,1,0,c,1.1192247575655763e-09,0.0,0,1,0
0x4610ce,JNBE,412,206,-16,2,0x4610cb,CMP,1,NonLeaf,ecx(SUB) ,rflags ,CMP,3,SUB,3,MOVSX,3,MOVZX,3,SUB,4,CMP,3,JZ,2,JMP,5,MOV,4,LEA,8,1,1,0,0,0,SUB,0,0,1,1,0,0,JE,0,0,4591810,4591806,4591824,0,0,0,0,c,2.238449515131153e-09,0.5,0,0,0
0x461033,JZ,95,95,33,2,0x461030,TEST,1,NonLeaf,sil(-1) sil(-1) ,rflags ,TEST,3,JNZ,2,CMP,2,ADD,4,NOP,5,CMP,4,JNZ,2,XOR,2,JMP,2,NOP,1,0,1,1,0,0,JMP,1,0,1,0,0,0,JNE,0,0,4591664,4591700,4591669,0,0,1,0,c,5.16147339654028e-10,1.0,1,0,1
0x46102e,JNZ,95,0,-6,2,0x46102c,CMP,1,NonLeaf,rbx(-1) cl(-1) ,rflags ,CMP,2,ADD,4,NOP,5,JMP,2,MOVZX,6,TEST,3,JZ,2,CMP,4,JNZ,2,XOR,2,1,1,0,0,0,ADD,0,0,1,1,0,0,JE,0,0,4591660,4591656,4591664,1,0,0,0,c,5.16147339654028e-10,0.0,0,0,0
0x460fef,JNZ,19938,0,4981,6,0x460fe1,CMP,1,NonLeaf,rsp(-1) ,rflags ,MOV,5,SETZ,3,CMP,6,XOR,2,JZ,6,MOV,3,MOV,6,JMP,5,NOP,5,TEST,3,0,1,0,0,0,JMP,1,0,1,0,0,0,JMP,0,0,4591583,4596580,4591605,0,0,0,0,c,1.0832574376865277e-07,0.0,0,0,0
0x460fd9,JZ,19938,0,2093,6,0x460fd5,CMP,1,NonLeaf,rdx(-1) rax(MOVSX) ,rflags ,CMP,4,MOVSX,5,NOP,2,JMP,5,MOVSX,5,XOR,2,CMP,6,SETZ,3,MOV,5,JNZ,6,0,1,0,0,0,JNE,0,0,1,0,0,0,JNE,0,0,4591568,4593670,4591583,0,0,1,1,c,1.0832574376865277e-07,0.0,0,0,0
0x460f61,JZ,206,206,353,6,0x460f58,CMP,1,NonLeaf,rsp(-1) ,rflags ,LEA,4,CMP,5,JNS,6,CMP,9,JMP,5,MOV,4,JMP,2,NOP,3,MOV,8,SUB,4,0,1,0,1,0,JA,0,0,1,0,0,0,JMP,0,0,4591448,4591810,4591463,0,0,0,0,c,1.1192247575655763e-09,1.0,1,0,1
0x460f52,JNS,19395,19189,-1058,6,0x460f49,CMP,1,NonLeaf,rsp(-1) ,rflags ,CMP,9,JMP,5,CALL_NEAR,5,MOV,3,MOVSXD,3,CMP,5,LEA,4,JZ,6,MOV,4,JMP,2,0,0,1,0,0,JE,0,0,1,0,0,0,JE,0,0,4591433,4590384,4591448,0,0,0,0,c,1.0537555423778817e-07,0.9893787058520236,1,0,1
0x460db2,JZ,131666,131666,3322,6,0x460da6,CMP,1,NonLeaf,r12(-1) ,rflags ,MOV,8,CMP,4,MOV,5,JNZ,6,TEST,3,CMP,4,JNZ,6,CMP,6,MOV,8,MOV,8,0,1,0,0,0,NOP,1,0,1,0,0,0,JNE,0,0,4591009,4594348,4591032,0,0,0,0,c,7.153584802409185e-07,1.0,1,0,1
0x460d9b,JNZ,131666,0,2283,6,0x460d98,TEST,1,NonLeaf,rax(-1) rax(-1) ,rflags ,TEST,3,CALL_NEAR,5,MOV,3,MOV,3,MOV,2,MOV,5,CMP,4,MOV,8,JZ,6,CMP,4,0,1,0,0,0,JMP,0,0,0,1,0,0,JE,0,0,4591000,4593286,4591009,0,0,1,1,c,7.153584802409185e-07,0.0,0,0,0
0x460d72,JLE,131666,0,47,2,0x460d70,TEST,1,NonLeaf,ebp(XOR) ebp(XOR) ,rflags ,TEST,2,XOR,4,BSR,9,CALL_NEAR,5,MOV,3,MOV,5,MOV,2,MOV,3,MOV,3,CALL_NEAR,5,0,1,1,0,0,JE,0,0,1,0,0,0,CALL,0,1,4590947,4591009,4590964,0,0,1,1,c,7.153584802409185e-07,0.0,0,0,0
0x460d2c,JZ,131666,62018,4497,6,0x460d22,CMP,1,NonLeaf,r13(-1) rsp(-1) ,rflags ,MOV,5,CMP,5,JNZ,2,MOV,3,MOV,3,MOV,5,MOV,5,MOV,3,MOV,5,MOV,5,0,1,0,0,0,CALL,0,1,1,1,0,0,CALL,0,1,4590882,4595389,4590898,1,1,1,1,c,7.153584802409185e-07,0.4710251697476949,0,0,0
0x460d20,JNZ,70460,4221,-86,2,0x460d17,TEST,1,NonLeaf,r14d(-1) r14d(-1) ,rflags ,MOV,3,MOV,3,TEST,3,ADD,4,ADD,2,CMP,5,MOV,5,JZ,6,MOV,5,MOV,5,0,0,0,1,1,JE,0,0,0,1,0,0,JE,1,0,4590858,4590794,4590882,0,0,0,0,c,3.82818332126556e-07,0.059906329832529,0,1,0
0x460d04,JNZ,70460,0,1084,6,0x460cfc,TEST,1,NonLeaf,rax(-1) rax(-1) ,rflags ,LEA,5,TEST,3,MOV,4,CALL_NEAR,5,LEA,8,MOV,3,SUB,4,ADD,2,ADD,4,TEST,3,0,1,0,0,0,JMP,0,0,1,0,0,0,JNE,0,0,4590840,4591936,4590858,0,0,0,0,c,3.82818332126556e-07,0.0,0,0,0
0x460ccd,JZ,278581,76455,-14,2,0x460cca,TEST,1,NonLeaf,r14d(-1) ebp(-1) ,rflags ,TEST,3,JZ,2,TEST,3,ADD,4,ADD,2,XOR,3,TEST,3,MOV,4,JZ,2,LEA,4,1,1,0,0,0,JE,0,0,1,0,0,0,JE,0,0,4590794,4590783,4590799,1,1,0,0,c,1.5135667581911452e-06,0.2744444165251758,0,0,0
0x460cc8,JZ,208121,65427,90,2,0x460cc5,TEST,1,NonLeaf,r14d(-1) r14d(-1) ,rflags ,TEST,3,ADD,4,ADD,2,CALL_NEAR,5,LEA,8,TEST,3,JZ,2,XOR,3,TEST,3,MOV,4,0,0,1,0,0,JE,1,0,0,0,1,1,JE,0,0,4590783,4590882,4590794,0,0,0,0,c,1.1307484260645892e-06,0.3143700059100235,0,0,0
0x49dce6,JLE,1,0,35,2,0x49dcdf,CMP,1,Leaf,rip(JLE) ,rflags ,CMP,7,MOV,6,XOR,3,XOR,3,JZ,6,MOV,5,XOR,2,CPUID,2,MOV,6,MOV,6,0,1,1,0,0,JE,0,0,1,0,0,0,MOV,0,0,4840671,4840713,4840680,0,0,0,1,c,5.433129891095032e-12,0.0,0,1,0
0x460c4f,JLE,131666,131666,10,2,0x460c4c,CMP,1,NonLeaf,r13(-1) rax(ADD) ,rflags ,CMP,3,MOV,5,ADD,3,CDQE,2,SUB,3,MOV,3,MOV,5,MOV,3,MOV,5,MOV,6,0,1,1,0,0,JMP,0,0,1,0,0,0,MOV,0,0,4590660,4590681,4590673,1,0,1,1,c,7.153584802409185e-07,1.0,1,1,1
0x460c3a,JLE,131666,0,10,2,0x460c34,CMP,1,NonLeaf,rax(CDQE) rdx(MOV) ,rflags ,MOV,3,CMP,3,SUB,3,CDQE,2,MOV,3,MOV,3,SUB,3,CDQE,2,ADD,3,MOV,5,0,1,1,0,0,JLE,0,0,1,0,0,0,CDQE,0,0,4590636,4590660,4590652,1,0,1,0,c,7.153584802409185e-07,0.0,0,0,0
0x460ba6,JNZ,152766,127583,3274,6,0x460ba3,TEST,1,NonLeaf,r14(-1) r14(-1) ,rflags ,TEST,3,JL,6,CMP,6,JNLE,6,CMP,3,MOV,3,LEA,8,MOV,9,MOV,8,MOV,5,0,1,0,0,0,CALL,0,1,1,0,0,0,MOV,1,0,4590499,4593776,4590508,0,0,1,1,c,8.299975209430237e-07,0.8351531099852061,1,0,1
0x460b9d,JL,152766,0,5926,6,0x460b97,CMP,1,NonLeaf,rax(-1) ,rflags ,CMP,6,JNLE,6,CMP,3,MOV,8,SUB,3,TEST,3,JNZ,6,MOV,3,LEA,8,MOV,9,0,1,0,0,0,JE,1,0,1,0,0,0,JNE,0,0,4590487,4596419,4590499,0,0,1,0,c,8.299975209430237e-07,0.0,0,0,0
0x460b91,JNLE,152766,0,5983,6,0x460b8e,CMP,1,NonLeaf,rax(SUB) rdx(SUB) ,rflags ,CMP,3,MOV,8,SUB,3,MOV,5,SUB,3,CMP,6,JL,6,TEST,3,JNZ,6,MOV,3,0,1,0,0,0,JE,1,0,1,0,0,0,JL,0,0,4590456,4596464,4590487,0,0,1,0,c,8.299975209430237e-07,0.0,0,0,0
0x460b65,JS,152766,24438,3893,6,0x460b62,TEST,1,NonLeaf,rax(-1) rax(-1) ,rflags ,TEST,3,JZ,6,CMP,4,NOP,5,MOV,8,MOV,3,SUB,3,CMP,3,CMOVNLE,4,ADD,3,0,1,0,0,0,JMP,0,0,1,0,0,0,CMOVG,0,0,4590434,4594330,4590443,0,0,0,0,c,8.299975209430237e-07,0.1599701504261419,0,0,0
0x460b5c,JZ,152766,0,1600,6,0x460b58,CMP,1,NonLeaf,r9d(-1) ,rflags ,CMP,4,NOP,5,MOV,8,JNZ,6,TEST,3,TEST,3,JS,6,MOV,3,SUB,3,CMP,3,0,1,0,0,0,JNE,1,0,1,0,0,0,JS,1,0,4590424,4592028,4590434,0,0,0,0,c,8.299975209430237e-07,0.0,0,0,0
0x460b45,JNZ,152766,95,1233,6,0x460b42,TEST,1,NonLeaf,rdi(-1) rdi(-1) ,rflags ,TEST,3,JZ,2,TEST,3,MOV,3,JZ,2,MOV,8,NOP,5,CMP,4,JZ,6,TEST,3,0,1,0,0,0,JMP,0,0,1,0,0,0,NOP,0,0,4590402,4591638,4590411,0,0,0,0,c,8.299975209430237e-07,0.0006218661220428,0,0,0
0x460b40,JZ,171864,19098,-112,2,0x460b3d,TEST,1,NonLeaf,r13(-1) r13(-1) ,rflags ,TEST,3,MOV,3,JZ,2,TEST,3,MOV,5,TEST,3,JNZ,6,MOV,8,NOP,5,CMP,4,0,0,0,0,0,JNE,1,0,1,0,0,0,JNE,0,0,4590397,4590288,4590402,0,0,0,0,c,9.337594356031566e-07,0.1111227482195224,0,0,0
0x460b38,JZ,171864,95150,5,2,0x460b35,TEST,1,NonLeaf,rax(MOV) rax(MOV) ,rflags ,TEST,3,MOV,5,NOP,3,JNZ,6,TEST,3,MOV,3,TEST,3,JZ,2,TEST,3,JNZ,6,0,1,1,0,0,JE,0,0,1,0,0,0,MOV,0,0,4590384,4590397,4590394,0,0,0,1,c,9.337594356031566e-07,0.5536354326676908,1,0,1
0x460b27,JNZ,38493,19395,1058,6,0x460b24,TEST,1,NonLeaf,r13(-1) r13(-1) ,rflags ,TEST,3,JNZ,2,CMP,3,MOV,3,MOV,3,NOP,3,MOV,5,TEST,3,JZ,2,MOV,3,0,1,0,0,0,JNS,0,0,1,0,0,0,NOP,0,0,4590372,4591433,4590381,0,0,0,0,c,2.091374688979211e-07,0.5038578442833762,1,0,1
0x460b22,JNZ,171864,133371,14,2,0x460b1f,CMP,1,NonLeaf,r14(-1) r13(MOV) ,rflags ,CMP,3,MOV,3,MOV,3,JZ,2,CMP,4,TEST,3,JNZ,6,NOP,3,MOV,5,TEST,3,0,0,1,0,0,JE,0,0,1,0,0,0,JNE,0,0,4590367,4590384,4590372,0,0,0,0,c,9.337594356031566e-07,0.7760263929618768,1,0,1
0x460b17,JZ,457584,349604,-15,2,0x460b13,CMP,1,NonLeaf,rax(SUB) ,rflags ,CMP,4,SUB,3,LEA,4,SUB,4,NOP,7,MOV,3,MOV,3,CMP,3,JNZ,2,TEST,3,1,1,1,1,1,JE,0,0,1,1,0,0,MOV,1,0,4590344,4590344,4590361,1,0,0,0,c,2.486113308086829e-06,0.7640214692821428,1,1,1
0x460afc,JNZ,171864,63884,35,2,0x460af8,CMP,1,NonLeaf,rbp(-1) ,rflags ,CMP,4,JBE,2,CMP,3,MOV,3,NOP,3,MOV,3,NOP,7,SUB,4,LEA,4,SUB,3,0,0,1,0,0,JNE,1,0,1,0,0,0,NOP,0,0,4590328,4590367,4590334,0,0,0,0,c,9.337594356031566e-07,0.3717125168738072,0,0,0
0x460af6,JBE,171864,0,41,2,0x460af3,CMP,1,NonLeaf,r13(-1) r14(-1) ,rflags ,CMP,3,MOV,3,NOP,3,JMP,5,XORPD,4,CMP,4,JNZ,2,MOV,3,NOP,7,SUB,4,0,1,1,0,0,JNE,1,0,1,0,0,0,JNE,0,0,4590323,4590367,4590328,0,0,0,0,c,9.337594356031566e-07,0.0,0,0,0
0x460ade,JNZ,19098,0,-213,6,0x460adc,TEST,1,NonLeaf,eax(MOV) eax(MOV) ,rflags ,TEST,2,MOVSD_XMM,8,MOV,4,NOP,1,MOV,3,XORPD,4,JMP,5,NOP,3,MOV,3,CMP,3,0,0,1,0,0,RET,0,0,0,0,0,0,JMP,0,0,4590288,4590089,4590308,0,0,0,0,c,1.0376191466013292e-07,0.0,0,0,0
0x4609ce,JBE,171864,171864,-680,6,0x4609cc,CMP,1,NonLeaf,al(LEA) ,rflags ,CMP,2,LEA,4,NOP,7,JMP,5,MOV,8,MOV,7,MOV,4,CMP,2,JZ,6,CMP,2,0,0,0,0,0,JE,0,0,1,0,0,0,JE,1,0,4590024,4589350,4590036,0,0,0,0,c,9.337594356031566e-07,1.0,1,1,1
0x4609ab,JZ,76714,52371,328,6,0x4609a8,TEST,1,NonLeaf,r11d(MOV) r11d(MOV) ,rflags ,TEST,3,MOV,5,JBE,2,CMP,2,LEA,3,NEG,3,MOV,8,JMP,5,NOP,7,LEA,4,0,0,1,0,0,JBE,0,0,1,0,0,0,JMP,0,0,4589987,4590323,4590001,0,0,0,1,c,4.167971264654643e-07,0.6826785202179524,1,0,1
0x4609a1,JBE,153428,76714,-49,2,0x46099f,CMP,1,NonLeaf,al(LEA) ,rflags ,CMP,2,LEA,3,MOVSX,3,MOV,8,LEA,4,MOV,5,TEST,3,JZ,6,NEG,3,MOV,8,0,0,0,1,1,JL,0,0,1,0,0,0,JE,1,0,4589957,4589936,4589987,0,0,0,0,c,8.335942529309286e-07,0.5,0,0,0
0x460979,JZ,153428,0,5798,6,0x460970,CMP,0,NonLeaf,r10(-1) r8(-1) ,rflags ,JL,6,CMP,3,NOP,3,SUB,3,ADD,3,SUB,3,MOVSXD,3,LEA,4,ADD,4,LEA,4,0,1,0,0,0,JLE,0,0,1,0,0,0,MOVSXD,0,0,4589945,4595743,4589951,0,0,0,0,c,8.335942529309286e-07,0.0,0,0,0
0x460973,JL,153428,0,5819,6,0x460970,CMP,1,NonLeaf,r10(-1) r8(MOV) ,rflags ,CMP,3,NOP,3,SUB,3,ADD,3,MOV,3,JZ,6,SUB,3,MOVSXD,3,LEA,4,ADD,4,1,1,0,0,0,JE,1,0,1,0,0,0,JE,0,0,4589936,4595758,4589945,0,0,0,0,c,8.335942529309286e-07,0.0,0,0,0
0x4608ff,JZ,68,68,5549,6,0x4608fb,CMP,1,NonLeaf,rdi(-1) ,rflags ,CMP,4,JNZ,6,TEST,3,JNZ,2,TEST,2,LEA,7,NOP,4,TEST,3,JS,6,MOV,10,0,1,0,0,0,JMP,0,0,1,0,0,0,NOP,0,0,4589819,4595372,4589829,0,0,0,0,c,3.694528325944621e-10,1.0,1,0,1
0x4608f5,JNZ,52371,52303,3459,6,0x4608f2,TEST,1,NonLeaf,r14(-1) r14(-1) ,rflags ,TEST,3,JNZ,2,TEST,2,LEA,7,MOV,4,CMP,4,JZ,6,LEA,7,NOP,4,TEST,3,0,1,0,0,0,JMP,0,0,1,0,0,0,JE,0,0,4589810,4593272,4589819,0,0,0,0,c,2.845384455265379e-07,0.9987015714803996,1,0,1
0x4608f0,JNZ,76714,24343,32,2,0x4608ee,TEST,1,NonLeaf,eax(MOV) eax(MOV) ,rflags ,TEST,2,LEA,7,MOV,4,JNZ,6,CMP,5,TEST,3,JNZ,6,CMP,4,JZ,6,LEA,7,0,0,0,0,0,JS,0,0,1,0,0,0,JNE,0,0,4589795,4589840,4589810,0,0,0,0,c,4.167971264654643e-07,0.3173214797820476,0,0,0
0x4608dd,JNZ,76714,0,2045,6,0x4608d8,CMP,1,NonLeaf,rsp(-1) ,rflags ,CMP,5,JNBE,6,CMP,2,LEA,3,MOV,8,MOV,4,LEA,7,TEST,2,JNZ,2,TEST,3,0,1,0,0,0,JNE,0,0,1,0,0,0,JNE,0,0,4589784,4591834,4589795,0,0,0,0,c,4.167971264654643e-07,0.0,0,0,0
0x4608d2,JNBE,76714,0,542,6,0x4608d0,CMP,1,NonLeaf,al(LEA) ,rflags ,CMP,2,LEA,3,MOV,8,LEA,4,JZ,6,CMP,5,JNZ,6,MOV,4,LEA,7,TEST,2,0,1,0,0,0,MOV,1,0,1,0,0,0,JNE,0,0,4589773,4590320,4589784,0,0,0,0,c,4.167971264654643e-07,0.0,0,0,0
0x4608bb,JZ,52371,52371,2252,6,0x4608b8,CMP,1,NonLeaf,cl(-1) ,rflags ,CMP,3,JZ,6,CMP,3,MOVSX,4,JZ,6,LEA,4,MOV,8,LEA,3,CMP,2,JNBE,6,0,1,0,0,0,JMP,0,0,1,0,0,0,MOV,0,0,4589752,4592007,4589761,0,0,1,1,c,2.845384455265379e-07,1.0,1,0,1
0x4608b2,JZ,76714,24343,2240,6,0x4608af,CMP,1,NonLeaf,cl(MOVSX) ,rflags ,CMP,3,MOVSX,4,JZ,6,MOV,4,AND,2,CMP,3,JZ,6,LEA,4,MOV,8,LEA,3,0,1,0,0,0,JMP,0,0,1,0,0,0,JE,0,0,4589739,4591986,4589752,0,0,1,0,c,4.167971264654643e-07,0.3173214797820476,0,0,0
0x46083a,JNZ,171864,171864,5544,6,0x46082d,CMP,1,NonLeaf,r9d(-1) ,rflags ,MOVSX,4,LEA,5,CMP,4,MOV,5,JNZ,2,MOV,3,MOV,3,SUB,3,JMP,2,NOP,5,0,1,0,0,0,NOP,0,0,1,0,0,0,JMP,0,0,4589608,4595170,4589632,0,0,0,0,c,9.337594356031566e-07,1.0,1,0,1
0x460826,JNZ,171864,0,-22,2,0x460824,TEST,1,NonLeaf,cl(MOVZX) cl(MOVZX) ,rflags ,TEST,2,MOVZX,6,JNZ,6,CMP,4,ADD,4,MOV,5,CMP,4,LEA,5,MOVSX,4,JNZ,6,1,1,0,0,0,JNE,0,0,0,0,0,0,JNE,1,0,4589598,4589584,4589608,0,0,0,0,c,9.337594356031566e-07,0.0,0,1,0
0x460806,JNZ,171864,0,618,6,0x460802,CMP,1,NonLeaf,rbp(-1) sil(-1) ,rflags ,CMP,4,JZ,2,TEST,3,NEG,3,SETZ,4,XOR,2,JMP,2,ADD,4,CMP,4,JNZ,6,0,1,0,0,0,JMP,0,0,1,0,0,0,JMP,0,0,4589570,4590192,4589580,0,0,0,0,c,9.337594356031566e-07,0.0,0,0,0
0x460800,JZ,171864,0,40,2,0x4607fd,TEST,1,NonLeaf,sil(-1) sil(-1) ,rflags ,TEST,3,NEG,3,SETZ,4,TEST,3,XOR,2,CMP,4,JNZ,6,XOR,2,JMP,2,ADD,4,0,1,0,0,0,JNE,0,0,1,0,0,0,JNE,0,0,4589553,4589608,4589570,0,0,0,0,c,9.337594356031566e-07,0.0,0,0,0
0x4607eb,JNZ,171864,0,6734,6,0x4607e8,TEST,1,NonLeaf,rcx(-1) rcx(-1) ,rflags ,TEST,3,JZ,6,CMP,6,JZ,6,CMP,4,XOR,2,TEST,3,SETZ,4,NEG,3,TEST,3,0,1,0,0,0,JAE,0,0,1,0,0,0,JE,1,0,4589544,4596281,4589553,0,0,0,0,c,9.337594356031566e-07,0.0,0,1,0
0x4607e2,JZ,171864,0,6670,6,0x4607dc,CMP,1,NonLeaf,rsp(-1) ,rflags ,CMP,6,JZ,6,CMP,4,JBE,6,CMP,2,TEST,3,JNZ,6,XOR,2,TEST,3,SETZ,4,0,1,0,0,0,JE,0,0,1,1,0,0,JNE,1,0,4589532,4596208,4589544,0,0,0,0,c,9.337594356031566e-07,0.0,0,0,0
0x4607d6,JZ,171864,0,586,6,0x4607d2,CMP,1,NonLeaf,r9d(-1) ,rflags ,CMP,4,JBE,6,CMP,2,LEA,4,XOR,3,CMP,6,JZ,6,TEST,3,JNZ,6,XOR,2,0,1,0,0,0,JA,0,0,1,1,0,0,JE,0,0,4589522,4590112,4589532,0,0,0,0,c,9.337594356031566e-07,0.0,0,0,0
0x4607cc,JBE,371035,199171,620,6,0x4607ca,CMP,1,NonLeaf,al(LEA) ,rflags ,CMP,2,LEA,4,XOR,3,MOV,3,NOP,8,CMP,4,JZ,6,CMP,6,JZ,6,TEST,3,1,1,0,0,0,ADD,0,0,1,1,0,0,JE,0,0,4589510,4590136,4589522,0,0,0,0,c,2.015881349142445e-06,0.536798415243845,1,0,1
0x4607ac,JNZ,19938,19938,20,2,0x4607a9,CMP,1,NonLeaf,r8(-1) rbx(-1) ,rflags ,CMP,3,JNZ,2,TEST,3,MOVZX,6,JNZ,6,CMP,4,JZ,6,NOP,8,MOV,3,XOR,3,0,0,0,0,0,XOR,0,0,1,0,0,0,JE,0,0,4589481,4589504,4589486,0,0,0,0,c,1.0832574376865277e-07,1.0,1,0,1
0x4607a7,JNZ,19938,0,-23,2,0x4607a4,TEST,1,NonLeaf,r10b(MOVZX) r10b(MOVZX) ,rflags ,TEST,3,MOVZX,6,JNZ,6,CMP,4,ADD,4,CMP,3,JNZ,2,CMP,4,JZ,6,NOP,8,1,1,0,0,0,JNE,0,0,0,0,0,0,JNE,1,0,4589470,4589456,4589481,0,0,0,0,c,1.0832574376865277e-07,0.0,0,1,0
0x460782,JNZ,19938,0,762,6,0x46077f,CMP,1,NonLeaf,sil(-1) dil(-1) ,rflags ,CMP,3,JZ,2,TEST,3,JBE,6,CMP,2,XOR,2,JMP,2,NOP,4,ADD,4,CMP,4,0,1,0,0,0,JE,0,0,1,0,0,0,JMP,0,0,4589439,4590204,4589448,0,0,0,0,c,1.0832574376865277e-07,0.0,0,0,0
0x46077d,JZ,19938,0,44,2,0x46077a,TEST,1,NonLeaf,sil(-1) sil(-1) ,rflags ,TEST,3,JBE,6,CMP,2,SETNZ,4,CMP,4,CMP,3,JNZ,6,XOR,2,JMP,2,NOP,4,0,1,0,0,0,JNE,0,0,1,0,0,0,JNE,0,0,4589434,4589481,4589439,0,0,0,0,c,1.0832574376865277e-07,0.0,0,0,0
0x460774,JBE,19938,0,2196,6,0x460772,CMP,1,NonLeaf,al(LEA) ,rflags ,CMP,2,SETNZ,4,CMP,4,LEA,4,JBE,2,TEST,3,JZ,2,CMP,3,JNZ,6,XOR,2,0,1,0,0,0,JNE,0,0,1,0,0,0,JE,0,0,4589414,4591624,4589434,0,0,0,0,c,1.0832574376865277e-07,0.0,0,0,0
0x460764,JBE,171864,151926,92,2,0x460762,CMP,1,NonLeaf,al(LEA) ,rflags ,CMP,2,LEA,4,MOV,4,MOVSX,4,MOV,6,LEA,4,CMP,4,SETNZ,4,CMP,2,JBE,6,0,1,0,0,0,XOR,0,0,1,0,0,0,JBE,0,0,4589398,4589504,4589414,0,0,0,0,c,9.337594356031566e-07,0.8839896662477308,1,0,1
0x460744,JNZ,151926,0,6742,6,0x460736,CMP,1,NonLeaf,rsp(-1) ,rflags ,MOV,5,SETZ,3,CMP,6,XOR,2,JZ,6,MOV,3,MOV,3,MOV,6,MOVSX,4,MOV,4,0,1,0,0,0,JMP,0,0,1,0,0,0,MOV,0,0,4589364,4596122,4589386,0,0,0,0,c,8.254336918345038e-07,0.0,0,0,0
0x46072e,JZ,171864,19938,2210,6,0x460726,CMP,1,NonLeaf,r13b(-1) ,rflags ,MOV,4,CMP,4,JNBE,6,CMP,2,SUB,3,XOR,2,CMP,6,SETZ,3,MOV,5,JNZ,6,0,1,0,0,0,JE,0,0,1,0,0,0,JNE,1,0,4589350,4591568,4589364,0,0,0,1,c,9.337594356031566e-07,0.1160103337522692,0,0,0
0x4606f3,JNZ,171864,171864,725,6,0x4606f0,CMP,1,NonLeaf,r13b(-1) sil(-1) ,rflags ,CMP,3,JZ,6,TEST,3,MOVZX,5,JZ,6,MOV,5,JMP,2,ADD,4,CMP,4,JNZ,6,0,0,0,0,0,JBE,0,0,1,0,0,0,JMP,0,0,4589296,4590024,4589305,0,0,0,0,c,9.337594356031566e-07,1.0,1,1,1
0x4606ea,JZ,171864,0,4479,6,0x4606e7,TEST,1,NonLeaf,sil(MOVZX) sil(MOVZX) ,rflags ,TEST,3,MOVZX,5,JZ,6,MOV,8,CMP,4,CMP,3,JNZ,6,MOV,5,JMP,2,ADD,4,0,1,0,0,0,JMP,0,0,1,0,0,0,JNE,0,0,4589282,4593769,4589296,0,0,0,0,c,9.337594356031566e-07,0.0,0,0,0
0x4606dc,JZ,163253,0,2276,6,0x4606d0,CMP,1,NonLeaf,r13b(-1) ,rflags ,MOV,8,CMP,4,JZ,6,MOV,3,CMP,4,MOVZX,5,TEST,3,JZ,6,CMP,3,JNZ,6,0,1,0,0,0,JMP,0,0,0,1,0,0,JE,0,0,4589264,4591552,4589282,0,0,0,0,c,8.869747541109373e-07,0.0,0,0,0
0x4606ca,JZ,171864,8611,902,6,0x4606c3,CMP,1,NonLeaf,r13b(-1) ,rflags ,MOV,3,CMP,4,JNZ,2,TEST,5,MOVSX,4,CMP,4,MOV,8,JZ,6,MOVZX,5,TEST,3,0,1,0,0,0,JMP,0,0,1,0,0,0,JE,0,0,4589251,4590160,4589264,0,0,1,1,c,9.337594356031566e-07,0.0501035702648605,0,0,0
0x4606c1,JNZ,363398,191534,-17,2,0x4606bc,TEST,1,NonLeaf,rdx(-1) rax(MOVSX) ,rflags ,TEST,5,MOVSX,4,MOVSX,4,ADD,4,NOP,7,CMP,4,MOV,3,JZ,6,CMP,4,MOV,8,1,1,1,1,1,JNE,0,0,1,1,0,0,JE,1,0,4589232,4589232,4589251,0,0,0,0,c,1.9743885361641525e-06,0.5270639904457372,1,1,1
0x460664,JNZ,171864,0,6977,6,0x460654,TEST,1,NonLeaf,edx(-1) edx(-1) ,rflags ,MOV,5,MOV,5,MOV,4,TEST,2,SUB,7,XOR,2,MOV,9,MOV,4,MOV,5,MOV,3,0,1,0,0,0,JA,0,0,1,0,0,0,MOV,0,0,4589120,4596133,4589162,0,0,0,1,c,9.337594356031566e-07,0.0,0,0,0
0x46044b,JZ,61693,0,37,2,0x460444,CMP,1,NonLeaf,rbx(-1) ,rflags ,CMP,7,JNZ,6,MOV,4,TEST,3,MOV,10,MOV,2,JMP,2,NOP,7,TEST,3,JZ,2,0,1,0,0,0,JMP,0,0,0,0,0,0,JMP,0,0,4588612,4588656,4588621,0,0,0,0,c,3.351860823713258e-07,0.0,0,0,0
0x46043e,JNZ,61693,0,274,6,0x460437,TEST,1,NonLeaf,rsi(ADD) rax(MOV) ,rflags ,MOV,4,TEST,3,MOV,10,ADD,4,JZ,2,CMP,7,JZ,2,MOV,2,JMP,2,NOP,7,0,1,0,0,0,CALL,0,1,1,0,0,0,JE,0,0,4588585,4588880,4588612,0,0,1,0,c,3.351860823713258e-07,0.0,0,0,0
0x460427,JZ,152766,91073,38,2,0x460424,TEST,1,NonLeaf,r15b(MOV) r15b(MOV) ,rflags ,TEST,3,MOV,3,CMOVNZ,3,TEST,2,OR,3,ADD,4,MOV,10,TEST,3,MOV,4,JNZ,6,0,0,0,0,0,JMP,0,0,1,0,0,0,JNE,0,0,4588580,4588621,4588585,0,0,0,1,c,8.299975209430237e-07,0.5961601403453648,1,0,1
0x460413,JNZ,152766,0,-391,6,0x460410,TEST,1,NonLeaf,r14d(-1) r14d(-1) ,rflags ,TEST,3,NOP,5,JMP,5,CALL_NEAR,5,MOV,3,OR,3,TEST,2,CMOVNZ,3,MOV,3,TEST,3,0,0,0,0,0,CALL,0,1,1,0,0,0,MOV,0,0,4588560,4588172,4588569,0,0,1,0,c,8.299975209430237e-07,0.0,0,0,0
0x4603e2,JLE,152766,152766,46,2,0x4603d9,CMP,0,NonLeaf,r14d(-1) ,rflags ,JZ,2,CMP,7,AND,3,SETNZ,3,TEST,3,CMP,7,JZ,2,CMP,7,MOV,2,JNZ,6,0,1,0,0,0,JNE,0,0,1,0,0,0,JE,0,0,4588514,4588560,4588516,0,0,0,0,c,8.299975209430237e-07,1.0,1,0,1
0x4603e0,JZ,152766,0,120,2,0x4603d9,CMP,1,NonLeaf,r14d(-1) ,rflags ,CMP,7,AND,3,SETNZ,3,TEST,3,SUB,4,JLE,2,CMP,7,JZ,2,CMP,7,MOV,2,0,1,0,0,0,JE,0,0,1,0,0,0,JLE,0,0,4588502,4588632,4588514,0,0,0,0,c,8.299975209430237e-07,0.0,0,0,0
0x4603c0,JNZ,152766,129423,22,2,0x4603b8,TEST,1,NonLeaf,r9d(-1) r9d(-1) ,rflags ,MOV,5,TEST,3,AND,4,AND,3,MOV,3,MOV,5,MOV,2,SHL,3,SUB,4,TEST,3,0,1,1,0,0,JE,0,0,1,0,0,0,SETNE,0,0,4588472,4588502,4588482,0,0,0,0,c,8.299975209430237e-07,0.8471976748752995,1,0,1
0x460286,JZ,152766,152766,-202,6,0x460283,TEST,1,NonLeaf,ax(-1) ax(-1) ,rflags ,TEST,3,XOR,3,NOP,1,RET_NEAR,1,POP,2,CALL_NEAR,5,NOP,7,MOV,6,JMP,5,NOP,5,0,0,1,0,0,JGE,0,0,0,0,0,0,CALL,0,1,4588160,4587964,4588172,0,0,0,1,c,8.299975209430237e-07,1.0,1,0,1
0x460226,JLE,152766,152766,370,6,0x46021f,CMP,1,NonLeaf,rbx(-1) ,rflags ,CMP,7,JL,2,MOV,6,CMP,7,NOP,9,MOV,7,TEST,2,MOV,7,JNZ,2,MOVSD_XMM,8,0,1,0,0,0,AND,0,0,0,0,0,0,JNE,0,0,4588063,4588440,4588076,0,0,0,1,c,8.299975209430237e-07,1.0,1,0,1
0x4601c3,JNL,152766,152766,92,2,0x4601bc,CMP,1,NonLeaf,rbx(-1) ,rflags ,CMP,7,JNZ,6,MOV,6,CMP,4,JZ,2,CMP,7,JNL,6,MOV,7,TEST,2,MOV,7,0,0,0,0,0,JLE,0,0,0,0,0,0,JGE,0,0,4587964,4588063,4587973,0,0,0,0,c,8.299975209430237e-07,1.0,1,1,1
0x4601a0,JBE,152766,152766,224,6,0x460196,CMP,0,NonLeaf,ax(-1) ,rflags ,JZ,6,CMP,4,AND,4,MOVZX,5,FNSTCW,4,CMP,4,JZ,2,CMP,4,MOV,6,JNZ,6,0,1,0,0,0,JE,0,0,1,0,0,0,JE,0,0,4587936,4588160,4587942,0,0,0,0,c,8.299975209430237e-07,1.0,1,0,1
0x46019a,JZ,152766,0,254,6,0x460196,CMP,1,NonLeaf,ax(AND) ,rflags ,CMP,4,AND,4,MOVZX,5,FNSTCW,4,SUB,4,JBE,6,CMP,4,JZ,2,CMP,4,MOV,6,0,1,0,0,0,JMP,0,0,1,0,0,0,JBE,0,0,4587888,4588184,4587936,0,0,0,0,c,8.299975209430237e-07,0.0,0,0,0
0x4600eb,JZ,62,62,-226,6,0x4600e8,TEST,1,NonLeaf,rdx(MOV) rdx(MOV) ,rflags ,TEST,3,MOV,3,MOV,8,ADD,3,IMUL,9,MOV,3,MOV,3,CALL_NEAR,5,MOV,3,MOV,3,0,0,0,0,0,MOV,0,0,0,0,0,0,CALL,0,1,4587720,4587529,4587761,0,0,1,1,c,3.3685405324789203e-10,1.0,1,0,1
0x460003,JNZ,259187,0,238,6,0x460000,TEST,1,NonLeaf,rdx(MOV) rdx(MOV) ,rflags ,TEST,3,MOV,8,CDQE,2,MOV,3,JLE,6,MOV,3,MOV,7,ADD,4,MOV,3,POP,1,0,0,0,0,0,CALL,0,1,0,0,0,0,MOV,0,0,4587507,4587761,4587529,0,0,1,1,c,1.4081966370832482e-06,0.0,0,0,0
0x45ffed,JLE,62,62,219,6,0x45ffea,CMP,1,NonLeaf,rdx(-1) rsi(MOVSXD) ,rflags ,CMP,3,MOVSXD,3,SUB,2,MOV,5,JLE,2,MOV,3,CDQE,2,MOV,8,TEST,3,JNZ,6,0,1,0,0,0,JE,0,0,0,0,0,0,JNE,0,0,4587488,4587720,4587507,1,0,1,0,c,3.3685405324789203e-10,1.0,1,0,1
0x45ffde,JLE,259249,259187,21,2,0x45ffdb,TEST,1,NonLeaf,rdx(MOV) rdx(MOV) ,rflags ,TEST,3,MOV,3,NOP,6,JMP,5,MOVSX,4,MOV,5,SUB,2,MOVSXD,3,CMP,3,JLE,6,0,1,0,0,0,JNE,0,0,1,0,0,0,JLE,0,0,4587480,4587507,4587488,0,0,0,0,c,1.408533491136496e-06,0.9997608476792582,1,0,1
0x45ff5f,JZ,343337,0,9,2,0x45ff5c,CMP,1,NonLeaf,eax(-1) ,rflags ,CMP,3,JLE,2,LEA,3,LEA,5,TEST,3,MOV,2,JMP,2,NOP,3,MOV,3,TEST,3,0,1,0,0,0,JNE,0,0,1,0,0,0,JMP,0,0,4587356,4587368,4587361,0,0,0,0,c,1.8653945174188951e-06,0.0,0,0,0
0x45ff5a,JLE,602586,259249,126,2,0x45ff4f,TEST,1,NonLeaf,r12d(SUB) r12d(SUB) ,rflags ,LEA,3,LEA,5,TEST,3,ADD,4,SUB,4,CMP,3,JZ,2,MOV,2,JMP,2,NOP,3,0,1,1,0,0,JLE,1,0,1,0,0,0,JE,0,0,4587330,4587480,4587356,0,0,0,0,c,3.273928008555391e-06,0.4302273866302901,0,0,0
0x45ff33,JZ,133276,133276,8,2,0x45ff30,TEST,1,NonLeaf,r13(-1) r13(-1) ,rflags ,TEST,3,JBE,2,CMP,4,MOVSX,4,LEA,3,CMP,4,JZ,2,ADD,3,MOVSX,4,LEA,5,0,1,0,0,0,MOVSX,0,0,1,0,0,0,JE,0,0,4587312,4587323,4587317,0,0,0,0,c,7.241058193655816e-07,1.0,1,0,1
0x45ff2e,JBE,602586,469310,20,2,0x45ff2a,CMP,1,NonLeaf,sil(LEA) ,rflags ,CMP,4,MOVSX,4,LEA,3,MOVZX,3,NOP,6,TEST,3,JZ,2,CMP,4,JZ,2,ADD,3,1,1,1,0,0,JLE,0,0,1,0,0,0,JE,0,0,4587296,4587330,4587312,0,0,0,0,c,3.273928008555391e-06,0.7788265907272987,1,0,1
0x45fd90,JBE,693095,693095,24,2,0x45fd8d,CMP,1,NonLeaf,r10(-1) rax(MOV) ,rflags ,CMP,3,MOV,10,JMP,5,XOR,2,JMP,5,MOV,7,MOV,7,JMP,5,NOP,3,ADD,4,0,1,0,0,0,RET,0,0,1,0,0,0,JMP,0,0,4586883,4586920,4586898,0,0,0,1,c,3.765675161868512e-06,1.0,1,0,1
0x45fcd1,JNZ,39082,39082,-565,6,0x45fccb,TEST,1,NonLeaf,edx(-1) ,rflags ,TEST,6,JMP,5,MOV,3,JMP,5,MOV,10,MOVSX,6,MOV,4,CMP,4,JZ,2,TEST,2,0,0,0,0,0,JE,0,0,1,0,0,0,JE,0,0,4586699,4586140,4586711,0,0,0,0,c,2.1233758240377605e-07,1.0,1,0,1
0x45fc12,JNZ,709251,0,424,6,0x45fc0f,TEST,1,NonLeaf,rcx(-1) rcx(-1) ,rflags ,TEST,3,RET_NEAR,1,POP,2,POP,2,POP,2,MOV,5,MOV,5,JMP,5,MOVZX,6,ADD,4,0,1,0,0,0,CALL,0,1,1,0,0,0,JMP,0,0,4586511,4586938,4586520,0,0,1,0,c,3.853452808389043e-06,0.0,0,0,0
0x45fbd8,JBE,16156,16156,40,2,0x45fbd5,CMP,1,NonLeaf,r10(-1) rdx(MOV) ,rflags ,CMP,3,NEG,3,MOV,10,MOV,3,JZ,6,MOV,7,MOV,7,JMP,5,NOP,3,MOV,7,0,0,1,0,0,RET,0,0,1,0,0,0,JMP,0,0,4586437,4586496,4586458,0,0,0,1,c,8.777764652053136e-08,1.0,1,0,1
0x45fbbf,JZ,709251,693095,452,6,0x45fbbd,TEST,1,NonLeaf,ecx(MOV) ecx(MOV) ,rflags ,TEST,2,MOV,4,JNZ,6,TEST,3,MOV,3,MOV,3,MOV,10,NEG,3,CMP,3,JBE,2,0,1,0,0,0,JBE,0,0,1,0,0,0,JBE,0,0,4586425,4586883,4586437,0,0,0,0,c,3.853452808389043e-06,0.9772210402241236,1,0,1
0x45fbb3,JNZ,709251,0,221,6,0x45fbb0,TEST,1,NonLeaf,r11d(-1) r11d(-1) ,rflags ,TEST,3,MOV,3,JZ,2,TEST,3,MOV,4,MOV,4,TEST,2,JZ,6,MOV,3,MOV,10,0,1,0,0,0,JE,0,0,1,0,0,0,JE,0,0,4586416,4586640,4586425,0,0,1,0,c,3.853452808389043e-06,0.0,0,0,0
0x45fbab,JZ,709251,2,5,2,0x45fba8,TEST,1,NonLeaf,rax(MOV) rax(MOV) ,rflags ,TEST,3,MOV,4,JZ,6,CMP,3,MOV,3,MOV,3,TEST,3,JNZ,6,MOV,4,TEST,2,0,1,1,0,0,JNE,0,0,1,0,0,0,MOV,0,0,4586404,4586416,4586413,0,0,0,1,c,3.853452808389043e-06,2.8198761792369697e-06,0,0,0
0x45fb9e,JZ,709251,0,378,6,0x45fb9b,CMP,1,NonLeaf,rcx(MOV) r12(-1) ,rflags ,CMP,3,MOV,3,JNZ,2,LEA,4,TEST,3,MOV,4,TEST,3,JZ,2,MOV,3,TEST,3,0,0,0,0,0,JE,0,0,0,0,0,0,JE,0,0,4586395,4586776,4586404,0,0,0,0,c,3.853452808389043e-06,0.0,0,0,0
0x45fb96,JNZ,2641758,1932507,-73,2,0x45fb8f,TEST,1,NonLeaf,sil(MOVZX) sil(MOVZX) ,rflags ,LEA,4,TEST,3,ADD,3,MOVZX,4,MOVZX,4,MOV,3,CMP,3,JZ,6,MOV,4,TEST,3,0,0,0,0,0,JE,0,0,0,0,0,0,MOV,0,0,4586368,4586317,4586392,0,0,0,0,c,1.435301435483943e-05,0.7315230993906331,1,1,1
0x45fb7a,JZ,2641758,0,198,6,0x45fb77,CMP,1,NonLeaf,r10(-1) rdi(-1) ,rflags ,CMP,3,JB,6,CMP,3,JNL,2,CMP,2,IMUL,4,MOVZX,4,MOVZX,4,ADD,3,TEST,3,0,1,0,0,0,JBE,0,0,1,0,0,0,JNE,0,0,4586359,4586560,4586368,0,1,0,0,c,1.435301435483943e-05,0.0,0,0,0
0x45fb71,JB,2641758,0,223,6,0x45fb6e,CMP,1,NonLeaf,rdi(-1) r10(-1) ,rflags ,CMP,3,JNL,2,CMP,2,MOVZX,4,JNBE,2,CMP,3,JZ,6,IMUL,4,MOVZX,4,MOVZX,4,0,1,0,0,0,JMP,0,0,1,0,0,0,JE,0,0,4586350,4586576,4586359,0,0,0,0,c,1.435301435483943e-05,0.0,0,0,0
0x45fb6c,JNL,2641758,0,47,2,0x45fb6a,CMP,1,NonLeaf,esi(MOVZX) edx(-1) ,rflags ,CMP,2,MOVZX,4,JNBE,2,CMP,4,MOV,3,CMP,3,JB,6,CMP,3,JZ,6,IMUL,4,0,0,0,0,0,JE,0,0,1,0,0,0,JB,0,0,4586342,4586395,4586350,0,0,0,0,c,1.435301435483943e-05,0.0,0,0,0
0x45fb64,JNBE,1932507,0,-100,2,0x45fb60,CMP,1,NonLeaf,r9b(LEA) ,rflags ,CMP,4,MOV,3,LEA,4,MOV,3,JZ,6,MOVZX,4,CMP,2,JNL,2,CMP,3,JB,6,0,0,0,0,0,JE,0,0,0,0,0,0,JGE,0,0,4586326,4586240,4586342,0,0,0,0,c,1.0499561546450387e-05,0.0,0,0,0
0x45fb50,JZ,1932507,0,371,6,0x45fb4d,CMP,1,NonLeaf,rax(-1) r9(-1) ,rflags ,CMP,3,JZ,2,TEST,3,LEA,4,MOVZX,4,MOV,3,LEA,4,MOV,3,CMP,4,JNBE,2,0,1,0,0,0,JMP,0,0,1,0,0,0,JA,0,0,4586317,4586691,4586326,0,1,0,0,c,1.0499561546450387e-05,0.0,0,0,0
0x45faf6,JBE,709251,709251,112,2,0x45faf2,CMP,1,NonLeaf,r9b(LEA) ,rflags ,CMP,4,LEA,4,MOV,5,MOVSXD,3,MOV,3,NOP,8,TEST,3,JZ,6,CMP,4,JNZ,6,0,1,0,0,0,JGE,0,0,1,0,0,0,NOP,0,0,4586201,4586342,4586232,0,0,0,0,c,3.853452808389043e-06,1.0,1,0,1
0x45fad3,JZ,709251,0,581,6,0x45fad0,CMP,1,NonLeaf,rax(-1) r12(-1) ,rflags ,CMP,3,JZ,6,MOV,4,MOVZX,7,MOV,8,LEA,4,XOR,3,XOR,3,MOV,3,MOVSXD,3,0,0,0,0,0,JE,0,0,1,0,0,0,JBE,0,0,4586192,4586776,4586201,0,0,0,1,c,3.853452808389043e-06,0.0,0,0,0
0x45faca,JZ,709251,0,590,6,0x45fab0,TEST,1,NonLeaf,r14b(-1) r14b(-1) ,rflags ,MOV,4,MOVZX,7,MOV,8,MOVZX,4,TEST,3,CMP,3,JZ,6,LEA,4,XOR,3,XOR,3,0,0,0,0,0,JE,0,0,1,0,0,0,JE,0,0,4586157,4586776,4586192,0,0,0,0,c,3.853452808389043e-06,0.0,0,0,0
0x45faa0,JZ,709251,709251,367,6,0x45fa9c,CMP,1,NonLeaf,edx(-1) ,rflags ,NOP,1,CMP,3,JZ,6,TEST,2,JZ,6,LEA,3,XOR,2,XOR,2,MOVSXD,3,TEST,3,0,0,0,0,0,JNE,0,0,1,0,0,0,LEA,0,0,4586140,4586511,4586150,0,0,0,0,c,3.853452808389043e-06,1.0,1,1,1
0x45fa96,JZ,670169,0,377,6,0x45fa94,TEST,1,NonLeaf,edx(-1) edx(-1) ,rflags ,TEST,2,JZ,6,CMP,4,JZ,6,MOV,8,CMP,3,NOP,1,JZ,6,LEA,3,XOR,2,0,0,0,0,0,JNE,0,0,0,0,0,0,JE,0,0,4586132,4586511,4586140,0,0,0,0,c,3.641115225985267e-06,0.0,0,0,0
0x45fa8e,JZ,709251,39082,573,6,0x45fa8a,CMP,1,NonLeaf,r14b(-1) ,rflags ,CMP,4,JZ,6,MOV,8,CMP,4,JZ,6,TEST,2,JZ,6,CMP,3,NOP,1,JZ,6,0,1,0,0,0,JNE,0,0,1,0,0,0,JE,0,0,4586122,4586699,4586132,0,0,0,0,c,3.853452808389043e-06,0.0551032004184696,0,0,0
0x45fa84,JZ,693095,0,419,6,0x45fa78,CMP,1,NonLeaf,r14b(-1) ,rflags ,MOV,8,CMP,4,JZ,6,CMP,4,JZ,6,CMP,4,JZ,6,TEST,2,JZ,6,CMP,3,0,1,0,0,0,JMP,0,0,0,1,0,0,JE,0,0,4586104,4586535,4586122,0,0,0,0,c,3.765675161868512e-06,0.0,0,0,0
0x45fa72,JZ,709251,16156,652,6,0x45fa6e,CMP,1,NonLeaf,r14b(-1) ,rflags ,CMP,4,JZ,6,TEST,3,JNZ,2,TEST,6,CMP,4,MOV,8,JZ,6,CMP,4,JZ,6,0,1,0,0,0,JMP,0,0,1,0,0,0,JE,0,0,4586094,4586750,4586104,0,0,1,1,c,3.853452808389043e-06,0.0227789597758762,0,0,0
0x45fa68,JZ,709251,0,685,6,0x45fa65,TEST,1,NonLeaf,r14b(-1) r14b(-1) ,rflags ,TEST,3,JNZ,2,TEST,6,MOVSX,4,MOVZX,5,CMP,4,JZ,6,CMP,4,MOV,8,JZ,6,0,1,0,0,0,MOV,0,0,1,0,0,0,JE,0,0,4586085,4586773,4586094,0,0,0,0,c,3.853452808389043e-06,0.0,0,0,0
0x45fa4d,JZ,709251,709251,24,2,0x45fa47,TEST,1,NonLeaf,r15(MOV) rax(MOVSX) ,rflags ,TEST,6,MOVSX,4,MOV,3,MOV,4,MOVZX,5,NOP,1,ADD,4,MOVZX,5,MOVSX,4,TEST,6,0,1,1,0,0,JE,1,0,1,0,0,0,NOP,0,0,4586039,4586085,4586063,0,0,0,0,c,3.853452808389043e-06,1.0,1,1,1
0x45fa31,JNBE,709251,0,447,6,0x45fa2e,CMP,1,NonLeaf,edx(-1) ,rflags ,CMP,3,JZ,6,CMP,3,XOR,2,XOR,2,MOVZX,5,MOV,4,MOV,3,MOVSX,4,TEST,6,0,0,0,0,0,XOR,1,0,1,0,0,0,JE,0,0,4586030,4586480,4586039,0,0,1,0,c,3.853452808389043e-06,0.0,0,0,0
0x45fa28,JZ,709251,0,456,6,0x45fa25,CMP,1,NonLeaf,edx(-1) ,rflags ,CMP,3,XOR,2,XOR,2,JNZ,6,MOV,4,CMP,3,JNBE,6,MOVZX,5,MOV,4,MOV,3,0,1,0,0,0,XOR,1,0,1,0,0,0,JA,0,0,4586021,4586480,4586030,0,0,1,0,c,3.853452808389043e-06,0.0,0,0,0
0x45fa1b,JNZ,709251,0,1007,6,0x45fa11,TEST,1,NonLeaf,ecx(-1) ecx(-1) ,rflags ,MOV,4,MOV,4,TEST,2,SUB,4,PUSH,1,XOR,2,XOR,2,CMP,3,JZ,6,CMP,3,0,1,0,0,0,JA,0,0,1,0,0,0,XOR,0,0,4585984,4587018,4586017,0,0,0,0,c,3.853452808389043e-06,0.0,0,0,0
0x45f95a,JZ,1,0,44,2,0x45f957,TEST,1,NonLeaf,rax(-1) rax(-1) ,rflags ,TEST,3,CALL_NEAR,5,MOV,5,MOV,3,PUSH,1,MOV,3,MOV,4,MOV,4,XOR,9,ROL,4,0,1,0,0,0,JMP,0,0,1,0,0,0,XOR,0,0,4585815,4585862,4585820,0,1,0,1,c,5.433129891095032e-12,0.0,0,0,0
0x45f8b5,JZ,1,0,16,2,0x45f8b2,TEST,1,NonLeaf,r8(-1) r8(-1) ,rflags ,TEST,3,MOV,3,RET_NEAR,1,POP,1,POP,1,LEA,4,MOV,8,JMP,2,MOV,5,MOV,5,0,0,0,0,0,CALL,0,1,0,0,0,0,JMP,0,0,4585650,4585669,4585655,0,0,1,1,c,5.433129891095032e-12,0.0,0,0,0
0x45f89f,JNZ,1,0,269,6,0x45f899,DEC,1,NonLeaf,rip(JNZ) ,rflags ,DEC,6,JMP,2,JNZ,6,DEC_LOCK,7,JZ,2,ADD,4,MOV,3,POP,1,POP,1,RET_NEAR,1,0,-1,-1,-1,-1,CALL,-1,1,0,1,0,0,RET,0,0,4585625,4585900,4585637,0,0,1,0,c,5.433129891095032e-12,0.0,0,0,0
0x45f845,JZ,1,1,109,2,0x45f842,TEST,1,NonLeaf,rax(MOV) rax(MOV) ,rflags ,TEST,3,MOV,8,MOV,3,JNZ,2,TEST,3,MOV,3,MOV,3,JMP,2,MOV,3,NOP,6,0,0,0,0,0,JE,1,0,1,0,0,0,JMP,0,0,4585527,4585650,4585543,0,0,0,0,c,5.433129891095032e-12,1.0,1,0,1
0x45f7f7,JZ,1,1,64,2,0x45f7f4,TEST,1,NonLeaf,rax(MOV) rax(MOV) ,rflags ,TEST,3,MOV,4,NOP,8,XOR,3,MOV,3,LEA,4,MOV,3,SHL,4,CMP,6,JNZ,2,1,1,0,0,0,JE,0,0,1,0,0,0,JNE,0,0,4585456,4585527,4585465,0,0,1,0,c,5.433129891095032e-12,1.0,1,0,1
0x45f7dc,JZ,1,0,233,6,0x45f7d9,TEST,1,NonLeaf,rbp(MOV) rbp(MOV) ,rflags ,TEST,3,MOV,3,JNZ,6,CMPXCHG,7,JMP,2,MOV,3,XOR,3,NOP,8,MOV,4,TEST,3,0,1,0,0,0,CALL,0,1,1,0,0,0,NOP,0,0,4585430,4585669,4585442,0,0,1,0,c,5.433129891095032e-12,0.0,0,0,0
0x45f7d0,JNZ,1,0,445,6,0x45f7c9,CMPXCHG,1,NonLeaf,rip(JNZ) esi(-1) eax(CMPXCHG) ,eax rflags ,CMPXCHG,7,JMP,2,JNZ,6,CMPXCHG_LOCK,8,JZ,2,MOV,3,TEST,3,JZ,6,MOV,3,XOR,3,0,-1,-1,-1,-1,CALL,-1,1,0,1,0,0,JE,0,0,4585417,4585869,4585430,0,0,1,0,c,5.433129891095032e-12,0.0,0,0,0
0x45f7b7,JZ,1,1,18,2,0x45f7b0,CMP,1,NonLeaf,rip(JZ) ,rflags ,CMP,7,SUB,4,MOV,3,PUSH,1,XOR,2,CMPXCHG_LOCK,8,JNZ,6,JMP,2,CMPXCHG,7,JNZ,6,0,1,0,0,0,JNE,0,0,1,0,0,0,JNE,0,0,4585376,4585417,4585401,0,0,1,0,c,5.433129891095032e-12,1.0,1,0,1
0x45f703,JB,1,0,-14,2,0x45f6fc,CMP,1,NonLeaf,rbp(ADD) ,rflags ,CMP,7,ADD,4,CALL_NEAR,3,MOV,3,JNB,2,MOV,2,CALL_NEAR,5,NOP,4,MOV,4,MOV,4,0,0,0,1,1,CALL,0,1,0,1,0,0,CALL,1,1,4585208,4585205,4585221,0,0,1,1,c,5.433129891095032e-12,0.0,0,1,0
0x45f6f0,JNB,1,0,21,2,0x45f6ea,CMP,1,NonLeaf,rax(MOV) ,rflags ,CMP,6,MOV,5,JZ,2,TEST,3,JNZ,6,MOV,3,CALL_NEAR,3,ADD,4,CMP,7,JB,2,0,0,1,0,0,CALL,0,1,1,0,0,0,MOV,0,0,4585189,4585221,4585202,0,0,1,0,c,5.433129891095032e-12,0.0,0,0,0
0x45f6e3,JZ,1,0,34,2,0x45f6e0,TEST,1,NonLeaf,r12b(-1) r12b(-1) ,rflags ,TEST,3,JNZ,6,MOV,4,TEST,3,MOV,4,MOV,5,CMP,6,JNB,2,MOV,3,CALL_NEAR,3,0,1,1,0,0,CALL,0,1,1,0,0,0,JAE,0,0,4585184,4585221,4585189,0,0,1,0,c,5.433129891095032e-12,0.0,0,0,0
0x45f6da,JNZ,1,0,142,6,0x45f6d3,TEST,1,NonLeaf,rax(MOV) rax(MOV) ,rflags ,MOV,4,TEST,3,MOV,4,JNZ,2,TEST,3,TEST,3,JZ,2,MOV,5,CMP,6,JNB,2,0,1,0,0,0,CALL,0,1,0,1,0,0,JE,1,0,4585167,4585320,4585184,0,0,1,0,c,5.433129891095032e-12,0.0,0,0,0
0x45f6be,JZ,1,1,114,2,0x45f6ba,CMP,1,NonLeaf,r8(-1) ,rflags ,CMP,4,JZ,6,CMP,4,MOV,3,MOV,4,CMP,4,JZ,2,SUB,4,TEST,3,JNZ,2,0,1,0,0,0,CALL,1,1,1,0,0,0,JE,0,0,4585146,4585264,4585152,0,0,1,0,c,5.433129891095032e-12,1.0,1,0,1
0x45f6b4,JZ,1,0,156,6,0x45f6b0,CMP,1,NonLeaf,r8(MOV) ,rflags ,CMP,4,MOV,3,MOV,4,SUB,4,JZ,2,CMP,4,JZ,2,CMP,4,JZ,2,SUB,4,1,1,0,0,0,CALL,1,1,1,0,0,0,JE,0,0,4585125,4585296,4585146,0,0,1,0,c,5.433129891095032e-12,0.0,0,0,0
0x45f6a3,JZ,2,1,44,2,0x45f69b,TEST,1,NonLeaf,rax(MOV) rax(MOV) ,rflags ,LEA,5,TEST,3,SHL,4,MOV,3,MOV,4,SUB,4,MOV,4,MOV,3,CMP,4,JZ,6,1,1,1,0,0,JNE,1,0,1,0,1,0,JE,0,0,4585104,4585167,4585125,0,1,1,1,c,1.0866259782190064e-11,0.5,0,0,0
0x45f689,JZ,1,0,87,2,0x45f686,TEST,1,NonLeaf,r13(MOV) r13(MOV) ,rflags ,TEST,3,MOV,4,SUB,4,MOV,2,PUSH,1,NOP,5,MOV,4,MOV,3,SHL,4,TEST,3,1,1,1,0,0,JE,1,0,1,0,0,0,NOP,0,0,4585090,4585184,4585099,0,0,0,0,c,5.433129891095032e-12,0.0,0,1,0
0x49c1e3,JZ,1092,1,53,2,0x49c1e0,TEST,1,NonLeaf,rbx(MOV) rbx(MOV) ,rflags ,TEST,3,MOV,7,SUB,4,PUSH,1,MOV,3,MOV,6,TEST,2,JNZ,2,CMP,4,JZ,2,0,1,0,0,0,CALL,0,1,1,0,0,0,JNE,0,0,4833744,4833816,4833765,0,0,1,0,c,5.9329778410757755e-09,0.0009157509157509,0,0,0
0x45eefb,JNZ,2,1,-11,2,0x45eef7,SUB,1,NonLeaf,rbx(SUB) ,rbx rflags ,SUB,4,CALL_NEAR,7,NOP,10,JZ,2,TEST,3,POP,1,JMP,5,INVALID,0,INVALID,0,INVALID,0,0,0,0,1,1,CALL,0,1,0,1,0,0,JMP,1,0,4583159,4583152,4583165,0,0,1,0,c,1.0866259782190064e-11,0.5,0,1,0
0x45eee4,JZ,1,0,25,2,0x45eee1,TEST,1,NonLeaf,rbx(SAR) rbx(SAR) ,rflags ,TEST,3,SAR,4,SUB,7,MOV,5,PUSH,1,NOP,10,CALL_NEAR,7,SUB,4,JNZ,2,POP,1,0,1,1,0,0,JMP,0,0,1,0,0,0,NOP,0,0,4583120,4583165,4583142,0,0,0,0,c,5.433129891095032e-12,0.0,0,0,0
0x45eebe,JNZ,2,1,-22,2,0x45eebb,CMP,1,NonLeaf,rbx(ADD) r14(-1) ,rflags ,CMP,3,ADD,4,CALL_NEAR,7,MOV,2,MOV,3,POP,1,POP,1,POP,2,POP,2,POP,2,0,0,0,1,1,CALL,0,1,0,1,0,0,RET,1,0,4583095,4583080,4583104,0,0,1,0,c,1.0866259782190064e-11,0.5,0,1,0
0x45eea3,JZ,1,0,29,2,0x45eea0,TEST,1,NonLeaf,r14(-1) r14(-1) ,rflags ,TEST,3,CALL_NEAR,5,SAR,4,SUB,7,XOR,2,NOP,3,MOV,3,MOV,3,MOV,2,CALL_NEAR,7,0,1,1,0,0,RET,0,0,1,0,0,0,NOP,0,0,4583072,4583104,4583077,0,0,0,0,c,5.433129891095032e-12,0.0,0,0,0
0x45ee66,JZ,1,1,34,2,0x45ee63,TEST,1,NonLeaf,r14(SAR) r14(SAR) ,rflags ,TEST,3,XOR,2,PUSH,1,MOV,2,PUSH,1,NOP,8,MOV,3,MOV,3,MOV,2,CALL_NEAR,7,0,1,1,0,0,CALL,0,1,1,0,0,0,NOP,0,0,4582976,4583048,4583016,0,0,1,0,c,5.433129891095032e-12,1.0,1,0,1
0x45ed4d,JZ,1,0,99,2,0x45ecf7,TEST,1,NonLeaf,rbx(-1) rbx(-1) ,rflags ,MOV,11,MOV,11,MOV,11,MOV,11,MOV,11,LEA,5,XOR,2,DIV,3,MOV,7,MOV,11,0,1,0,0,0,JMP,0,0,1,0,0,0,DIV,0,0,4582640,4582832,4582735,0,0,0,0,c,5.433129891095032e-12,0.0,0,0,0
0x45ecd4,JZ,1,1,28,2,0x45ecd2,TEST,1,NonLeaf,eax(-1) eax(-1) ,rflags ,TEST,2,SYSCALL,2,MOV,4,MOV,3,MOV,8,MOV,5,CALL_NEAR,5,MOV,3,MOV,3,SUB,3,0,1,0,0,0,JE,0,0,1,0,0,0,CALL,0,1,4582610,4582640,4582614,0,0,1,1,c,5.433129891095032e-12,1.0,1,0,1
0x45ec70,JZ,1,0,112,2,0x45ec6d,TEST,1,NonLeaf,rbx(-1) rbx(-1) ,rflags ,TEST,3,AND,3,NEG,3,MOV,11,MOV,3,LEA,5,XOR,2,MOV,3,DIV,3,IMUL,4,0,1,0,0,0,JMP,0,0,1,0,0,0,ADD,0,0,4582484,4582624,4582514,0,0,0,0,c,5.433129891095032e-12,0.0,0,0,0
0x45ebfc,JNZ,4,3,-12,2,0x45ebf9,CMP,1,NonLeaf,rcx(-1) ,rflags ,CMP,3,JNB,2,CMP,3,ADD,4,NOP,6,MOV,4,MOV,4,MOV,4,MOV,4,CMP,3,1,1,0,0,0,JAE,0,0,1,0,0,0,JMP,1,0,4582393,4582384,4582398,1,0,0,0,c,2.173251956438013e-11,0.75,1,1,1
0x45ebf7,JNB,3,0,41,2,0x45ebf4,CMP,1,NonLeaf,rcx(ADD) rax(-1) ,rflags ,CMP,3,ADD,4,NOP,6,JMP,2,JB,2,CMP,3,JNZ,2,MOV,4,MOV,4,MOV,4,0,0,0,0,0,XOR,1,0,0,0,1,1,JNE,0,0,4582384,4582432,4582393,0,0,0,0,c,1.6299389673285098e-11,0.0,0,0,0
0x45ebe6,JB,1,1,19,2,0x45ebe3,CMP,1,NonLeaf,rcx(-1) rax(ADD) ,rflags ,CMP,3,ADD,3,SUB,3,SHL,4,LEA,8,JMP,2,NOP,6,ADD,4,CMP,3,JNB,2,0,1,0,1,0,JNE,0,0,1,0,0,0,JMP,0,0,4582346,4582393,4582376,0,0,0,0,c,5.433129891095032e-12,1.0,1,1,1
0x45ebc8,JZ,1,0,88,2,0x45ebc5,TEST,1,NonLeaf,rcx(MOV) rcx(MOV) ,rflags ,TEST,3,MOV,7,SUB,4,PUSH,1,PUSH,1,MOV,7,LEA,8,SHL,4,SUB,3,ADD,3,0,1,0,0,0,XOR,0,0,1,0,0,0,JB,0,0,4582320,4582432,4582346,0,0,0,0,c,5.433129891095032e-12,0.0,0,0,0
0x45eab6,JZ,1,0,-1133,6,0x45eaa8,AND,1,NonLeaf,ecx(AND) ,ecx rflags ,MOV,8,AND,6,JZ,2,CMP,4,JZ,2,JMP,5,LEA,4,CMP,3,JBE,6,NOP,2,0,0,1,0,0,JLE,0,0,1,0,0,0,JMP,0,0,4582056,4580937,4582076,0,0,0,0,c,5.433129891095032e-12,0.0,0,0,0
0x45eaa6,JZ,1,0,-98,2,0x45eaa2,CMP,1,NonLeaf,r15d(-1) ,rflags ,CMP,4,JZ,2,CMP,4,JBE,2,JMP,5,AND,6,MOV,8,JZ,6,JMP,5,LEA,4,0,0,0,0,0,JMP,0,0,0,0,0,0,JE,0,0,4582050,4581956,4582056,0,0,1,1,c,5.433129891095032e-12,0.0,0,0,0
0x45eaa0,JZ,1,0,-92,2,0x45ea9c,CMP,1,NonLeaf,r15d(-1) ,rflags ,CMP,4,JBE,2,JMP,5,JNBE,6,CMP,3,CMP,4,JZ,2,AND,6,MOV,8,JZ,6,0,0,0,0,0,JMP,0,0,1,0,0,0,JE,0,0,4582044,4581956,4582050,0,0,1,0,c,5.433129891095032e-12,0.0,0,0,0
0x45ea9a,JBE,1,0,88,2,0x45ea8c,CMP,0,NonLeaf,eax(-1) ,rflags ,JMP,5,JNBE,6,CMP,3,MOV,8,AND,3,CMP,4,JZ,2,CMP,4,JZ,2,AND,6,0,1,0,0,0,JE,0,0,1,0,0,0,JE,0,0,4582042,4582130,4582044,0,0,0,0,c,5.433129891095032e-12,0.0,0,0,0
0x45ea3a,JNZ,1,1,96,2,0x45ea36,CMP,1,NonLeaf,r15d(-1) ,rflags ,CMP,4,JMP,5,MOV,6,MOV,8,OR,3,MOV,2,OR,6,OR,6,MOV,8,MOV,6,0,1,0,0,0,JBE,0,0,1,0,0,0,OR,0,0,4581942,4582042,4581948,0,0,0,0,c,5.433129891095032e-12,1.0,1,0,1
0x45e973,JNBE,1,1,195,6,0x45e969,CMP,0,NonLeaf,r15d(-1) ,rflags ,JZ,6,CMP,4,JBE,6,JZ,6,CMP,4,CMP,4,NOP,3,JZ,6,JNBE,6,CMP,4,0,1,0,0,0,JNE,0,0,1,0,0,0,JE,0,0,4581747,4581942,4581753,0,0,0,0,c,5.433129891095032e-12,1.0,1,0,1
0x45e96d,JZ,1,0,215,6,0x45e969,CMP,1,NonLeaf,r15d(-1) ,rflags ,CMP,4,JBE,6,JZ,6,CMP,4,ADD,3,JNBE,6,CMP,4,NOP,3,JZ,6,JNBE,6,0,0,0,0,0,JMP,0,0,1,0,0,0,JA,0,0,4581737,4581956,4581747,0,0,1,0,c,5.433129891095032e-12,0.0,0,0,0
0x45e963,JBE,1,0,154,6,0x45e959,CMP,0,NonLeaf,r15d(-1) ,rflags ,JZ,6,CMP,4,ADD,3,JNZ,6,MOV,8,CMP,4,JZ,6,JNBE,6,CMP,4,NOP,3,0,1,0,0,0,JE,0,0,1,0,0,0,JE,0,0,4581731,4581885,4581737,0,0,0,0,c,5.433129891095032e-12,0.0,0,0,0
0x45e95d,JZ,1,0,231,6,0x45e959,CMP,1,NonLeaf,r15d(ADD) ,rflags ,CMP,4,ADD,3,JNZ,6,MOV,8,CMP,4,JBE,6,CMP,4,JZ,6,JNBE,6,CMP,4,0,1,0,0,0,JMP,0,0,1,0,0,0,JBE,0,0,4581718,4581956,4581731,0,0,1,0,c,5.433129891095032e-12,0.0,0,0,0
0x45e950,JNZ,1,0,-775,6,0x45e944,CMP,1,NonLeaf,r14d(-1) ,rflags ,MOV,8,CMP,4,JZ,6,MOV,6,MOV,6,ADD,3,CMP,4,JZ,6,JBE,6,CMP,4,0,0,1,0,0,JLE,0,0,1,0,0,0,JE,0,0,4581700,4580937,4581718,0,0,0,0,c,5.433129891095032e-12,0.0,0,0,0
0x45e93e,JZ,1,0,151,6,0x45e922,CMP,1,NonLeaf,r14d(AND) ,rflags ,MOV,6,MOV,6,MOV,6,MOV,6,CMP,4,CMP,4,MOV,8,JNZ,6,ADD,3,CMP,4,0,1,0,0,0,JMP,0,0,1,0,0,0,JNE,0,0,4581609,4581845,4581700,0,0,1,1,c,5.433129891095032e-12,0.0,0,0,0
0x45e8d4,JZ,1,1,-572,6,0x45e8cd,TEST,1,NonLeaf,rip(JZ) ,rflags ,TEST,7,OR,10,JZ,2,AND,6,JZ,6,OR,10,JMP,5,MOV,6,MOV,5,CPUID,2,0,0,1,0,0,JLE,0,0,1,0,0,0,JMP,0,0,4581581,4581016,4581594,0,0,0,1,c,5.433129891095032e-12,1.0,1,1,1
0x45e8c1,JZ,1,0,12,2,0x45e8bb,AND,1,NonLeaf,esi(AND) ,esi rflags ,AND,6,JZ,6,CMP,5,AND,5,OR,10,OR,10,TEST,7,JZ,6,OR,10,JMP,5,0,1,1,0,0,JE,0,0,1,0,0,0,OR,0,0,4581563,4581581,4581571,0,0,0,1,c,5.433129891095032e-12,0.0,0,1,0
0x45e8b5,JZ,1,0,248,6,0x45e8b0,CMP,1,NonLeaf,eax(AND) ,rflags ,CMP,5,AND,5,OR,10,JZ,2,TEST,3,AND,6,JZ,2,OR,10,TEST,7,JZ,6,0,1,0,0,0,JE,0,0,1,1,0,0,JE,0,0,4581547,4581805,4581563,0,0,0,0,c,5.433129891095032e-12,0.0,0,0,0
0x45e89f,JZ,1,0,12,2,0x45e89c,TEST,1,NonLeaf,dl(MOV) ,rflags ,TEST,3,MOV,6,OR,7,JZ,2,TEST,6,OR,10,AND,5,CMP,5,JZ,6,AND,6,0,1,1,0,0,JE,0,0,1,0,0,0,OR,0,0,4581526,4581547,4581537,0,0,0,1,c,5.433129891095032e-12,0.0,0,0,0
0x45e88d,JZ,1,0,9,2,0x45e887,TEST,1,NonLeaf,esi(-1) ,rflags ,TEST,6,JMP,5,MOV,6,MOV,6,MOV,6,OR,7,MOV,6,TEST,3,JZ,2,OR,10,0,1,1,0,0,JE,0,0,1,0,0,0,OR,0,0,4581511,4581526,4581519,0,0,0,1,c,5.433129891095032e-12,0.0,0,0,0
0x45e78d,JZ,1,0,35,2,0x45e786,ADD,1,NonLeaf,eax(ADD) rsp(-1) ,eax rflags ,ADD,7,MOV,7,JMP,2,XOR,2,XOR,2,OR,10,ADD,3,AND,3,MOV,7,NOP,10,0,0,1,0,0,CALL,0,1,1,0,0,0,NOP,0,0,4581247,4581296,4581263,1,1,1,1,c,5.433129891095032e-12,0.0,0,1,0
0x45e777,JB,30,5,-63,2,0x45e773,BT,1,NonLeaf,r11d(-1) edi(ADD) ,rflags ,BT,4,ADD,3,ADD,4,ADD,4,JZ,2,XOR,2,XOR,2,JMP,2,MOV,7,ADD,7,1,1,0,0,0,CPUID,0,0,1,0,0,0,JMP,0,0,4581235,4581176,4581241,0,0,0,0,c,1.6299389673285098e-10,0.1666666666666666,0,1,0
0x45e766,JZ,29,1,25,2,0x45e75d,CMP,1,NonLeaf,r8d(-1) ,rflags ,MOV,5,CMP,4,AND,3,ADD,3,JZ,2,ADD,4,ADD,4,ADD,3,BT,4,JB,2,0,1,1,0,0,JE,1,0,0,0,0,0,ADD,0,0,4581213,4581247,4581224,0,1,0,0,c,1.5756076684175594e-10,0.0344827586206896,0,1,0
0x45e755,JZ,29,29,8,2,0x45e752,AND,1,NonLeaf,ecx(AND) ,ecx rflags ,AND,3,ADD,4,MOV,4,JZ,2,MOV,4,ADD,3,AND,3,CMP,4,MOV,5,JZ,2,0,1,1,0,0,JE,0,0,1,0,0,0,AND,0,0,4581194,4581213,4581207,0,0,1,0,c,1.5756076684175594e-10,1.0,1,1,1
0x45e6d2,JZ,1,0,222,6,0x45e6d0,TEST,1,NonLeaf,al(-1) ,rflags ,TEST,2,CPUID,2,MOV,2,MOV,7,MOV,2,MOV,8,MOV,8,XOR,2,MOV,8,MOV,11,0,0,1,0,0,CALL,0,1,1,0,0,0,JMP,0,0,4581048,4581296,4581080,0,0,1,1,c,5.433129891095032e-12,0.0,0,0,0
0x45e6b2,JZ,1,0,254,6,0x45e6b0,TEST,1,NonLeaf,ebx(-1) ebx(-1) ,rflags ,TEST,2,CPUID,2,MOV,2,XOR,2,MOV,5,ADD,3,MOV,5,AND,3,MOV,2,MOV,7,0,0,1,0,0,CALL,0,1,1,0,0,0,JE,0,0,4581029,4581296,4581048,0,1,1,1,c,5.433129891095032e-12,0.0,0,0,0
0x45e69f,JLE,1,0,273,6,0x45e698,CMP,1,NonLeaf,rip(JLE) ,rflags ,CMP,7,JZ,6,CMP,3,AND,3,MOV,2,MOV,5,XOR,2,MOV,2,CPUID,2,TEST,2,0,0,1,0,0,CALL,0,1,1,0,0,0,JE,0,0,4581016,4581296,4581029,0,0,1,0,c,5.433129891095032e-12,0.0,0,0,0
0x45e692,JZ,1,1,501,6,0x45e68f,CMP,1,NonLeaf,edx(AND) ,rflags ,CMP,3,AND,3,MOV,2,XGETBV,3,XOR,2,CMP,7,JLE,6,MOV,5,XOR,2,MOV,2,0,1,0,0,0,JE,0,0,1,1,0,0,JLE,0,0,4580997,4581511,4581016,0,0,0,0,c,5.433129891095032e-12,1.0,1,0,1
0x45e67f,JZ,1,0,305,6,0x45e679,TEST,1,NonLeaf,esi(MOV) ,rflags ,TEST,6,MOV,6,MOV,6,MOV,6,MOV,6,XOR,2,XGETBV,3,MOV,2,AND,3,CMP,3,0,1,1,0,0,CALL,0,1,1,0,0,0,JE,0,0,4580979,4581296,4580997,0,0,1,0,c,5.433129891095032e-12,0.0,0,0,0
0x45e650,JLE,1,0,35,2,0x45e649,CMP,1,NonLeaf,rip(JLE) ,rflags ,CMP,7,MOV,8,XOR,3,XOR,3,JZ,6,MOV,5,XOR,2,CPUID,2,MOV,6,MOV,6,0,1,1,0,0,JE,0,0,1,0,0,0,MOV,0,0,4580937,4580979,4580946,0,0,0,1,c,5.433129891095032e-12,0.0,0,1,0
0x45e629,JZ,1,1,704,6,0x45e623,CMP,1,NonLeaf,edx(-1) ,rflags ,CMP,6,JNZ,2,CMP,6,JNZ,2,MOV,6,CMP,6,JZ,6,XOR,3,XOR,3,MOV,8,0,1,0,0,0,JE,0,0,0,0,0,0,JE,0,0,4580899,4581609,4580911,1,0,1,0,c,5.433129891095032e-12,1.0,1,0,1
0x45e621,JNZ,1,0,14,2,0x45e61b,CMP,1,NonLeaf,ecx(-1) ,rflags ,CMP,6,JNZ,2,MOV,6,MOV,5,MOV,4,CMP,6,JZ,6,CMP,6,JZ,6,XOR,3,0,0,0,0,0,JE,0,0,1,0,0,0,JE,0,0,4580891,4580911,4580899,0,0,0,0,c,5.433129891095032e-12,0.0,0,0,0
0x45e619,JNZ,1,0,22,2,0x45e5ff,CMP,1,NonLeaf,ebx(-1) ,rflags ,MOV,6,MOV,5,MOV,4,MOV,5,CMP,6,CMP,6,JNZ,2,CMP,6,JZ,6,CMP,6,0,1,0,0,0,JE,0,0,1,0,0,0,JNE,0,0,4580832,4580911,4580891,0,0,0,0,c,5.433129891095032e-12,0.0,0,0,0
0x45e531,JNZ,1,0,124,2,0x45e52f,TEST,1,NonLeaf,eax(-1) eax(-1) ,rflags ,TEST,2,CALL_NEAR,5,LEA,5,CALL_NEAR,3,MOV,4,MOV,9,MOV,5,MOV,9,MOV,5,LEA,5,0,1,0,0,0,CALL,0,1,1,0,0,0,CALL,0,1,4580655,4580781,4580659,0,0,1,1,c,5.433129891095032e-12,0.0,0,0,0
0x45e510,JZ,1,0,21,2,0x45e50d,TEST,1,NonLeaf,r13(-1) r13(-1) ,rflags ,TEST,3,JNZ,6,TEST,2,MOV,6,CALL_NEAR,5,MOV,7,MOV,5,MOV,4,CALL_NEAR,3,LEA,5,0,1,1,0,0,CALL,0,1,1,0,0,0,CALL,0,1,4580621,4580645,4580626,0,0,1,1,c,5.433129891095032e-12,0.0,0,0,0
0x45e507,JNZ,1,0,194,6,0x45e505,TEST,1,NonLeaf,eax(MOV) eax(MOV) ,rflags ,TEST,2,MOV,6,CALL_NEAR,5,MOV,3,XOR,2,TEST,3,JZ,2,MOV,7,MOV,5,MOV,4,0,1,0,0,0,CALL,0,1,1,1,0,0,JE,0,0,4580607,4580809,4580621,0,0,1,0,c,5.433129891095032e-12,0.0,0,0,0
0x45e4f1,JZ,1,0,14,2,0x45e4ee,TEST,1,NonLeaf,r14(-1) r14(-1) ,rflags ,TEST,3,CALL_NEAR,5,MOV,4,MOV,5,MOV,7,XOR,2,XOR,2,MOV,3,CALL_NEAR,5,MOV,6,0,1,1,0,0,JNE,0,0,1,0,0,0,CALL,0,1,4580590,4580607,4580595,0,0,0,1,c,5.433129891095032e-12,0.0,0,0,0
0x45e4cb,JZ,1,1,14,2,0x45e4c8,TEST,1,NonLeaf,r12(-1) r12(-1) ,rflags ,TEST,3,MOV,9,MOV,4,MOV,9,XOR,2,XOR,2,XOR,2,MOV,3,CALL_NEAR,5,MOV,7,0,1,1,0,0,CALL,0,1,1,0,0,0,CALL,0,1,4580518,4580569,4580557,0,0,1,1,c,5.433129891095032e-12,1.0,1,0,1
0x45e48f,JB,20,19,-31,2,0x45e488,CMP,1,NonLeaf,rbx(ADD) ,rflags ,CMP,7,MOV,4,ADD,4,CALL_NEAR,3,JNZ,6,MOV,7,MOV,5,MOV,4,CALL_NEAR,5,MOV,7,0,1,0,0,0,JNE,0,0,0,0,0,0,CALL,1,1,4580480,4580464,4580497,0,0,0,1,c,1.0866259782190064e-10,0.95,1,1,1
0x45e477,JNZ,19,0,270,6,0x45e470,CMP,1,NonLeaf,rbx(-1) ,rflags ,MOV,3,CMP,4,NOP,2,JMP,2,MOV,5,CALL_NEAR,3,ADD,4,MOV,4,CMP,7,JB,2,0,0,0,0,0,CALL,1,1,0,0,1,1,CALL,0,1,4580464,4580741,4580477,0,0,1,1,c,1.032294679308056e-10,0.0,0,0,0
0x45e461,JNZ,1,0,292,6,0x45e453,CMP,1,NonLeaf,rip(JNZ) ,rflags ,MOV,7,CMP,7,JNB,2,CMP,6,MOV,5,MOV,5,JMP,2,NOP,2,CMP,4,MOV,3,0,1,0,0,0,CALL,0,1,1,0,0,0,JMP,0,0,4580435,4580741,4580455,0,0,1,0,c,5.433129891095032e-12,0.0,0,0,0
0x45e451,JNB,1,0,64,2,0x45e44b,CMP,1,NonLeaf,rax(MOV) ,rflags ,CMP,6,MOV,5,JLE,6,CMP,5,MOV,6,CMP,7,MOV,7,JNZ,6,MOV,5,JMP,2,0,1,0,0,0,CALL,0,1,1,0,0,0,JNE,0,0,4580422,4580497,4580435,0,0,1,0,c,5.433129891095032e-12,0.0,0,0,0
0x45e440,JLE,1,0,315,6,0x45e43b,CMP,1,NonLeaf,eax(-1) ,rflags ,CMP,5,MOV,6,JNZ,6,TEST,2,MOV,6,MOV,5,CMP,6,JNB,2,CMP,7,MOV,7,0,0,0,0,0,CALL,0,1,0,0,0,0,JAE,0,0,4580411,4580731,4580422,0,0,1,0,c,5.433129891095032e-12,0.0,0,0,0
0x45e42f,JNZ,1,0,352,6,0x45e42d,TEST,1,NonLeaf,edx(MOV) edx(MOV) ,rflags ,TEST,2,MOV,6,JS,6,TEST,2,CALL_NEAR,5,MOV,6,CMP,5,JLE,6,MOV,5,CMP,6,0,1,0,0,0,JBE,0,0,1,0,0,0,MOV,0,0,4580391,4580751,4580405,0,0,0,1,c,5.433129891095032e-12,0.0,0,0,0
0x45e421,JS,1,0,379,6,0x45e41f,TEST,1,NonLeaf,eax(-1) eax(-1) ,rflags ,TEST,2,CALL_NEAR,5,JNZ,2,TEST,2,MOV,6,MOV,6,TEST,2,JNZ,6,MOV,6,CMP,5,0,1,0,0,0,CALL,0,1,1,0,0,0,JNE,0,0,4580383,4580764,4580391,0,0,1,0,c,5.433129891095032e-12,0.0,0,0,0
0x45e418,JNZ,1,0,46,2,0x45e416,TEST,1,NonLeaf,edx(MOV) edx(MOV) ,rflags ,TEST,2,MOV,6,CALL_NEAR,5,JNZ,2,CMP,5,CALL_NEAR,5,TEST,2,JS,6,MOV,6,TEST,2,0,1,0,0,0,JAE,0,0,1,0,0,0,CALL,0,1,4580368,4580422,4580378,0,0,0,1,c,5.433129891095032e-12,0.0,0,1,0
0x45e409,JNZ,45,44,-9,2,0x45e404,CMP,1,NonLeaf,rdi(ADD) ,rflags ,CMP,5,ADD,4,NOP,4,MOV,7,MOV,7,CALL_NEAR,5,MOV,6,TEST,2,JNZ,2,CALL_NEAR,5,1,1,1,1,1,JNE,0,0,1,1,0,0,CALL,1,1,4580352,4580352,4580363,1,0,0,1,c,2.4449084509927645e-10,0.9777777777777776,1,1,1
0x45e3be,JZ,1,0,488,6,0x45e3ad,TEST,1,NonLeaf,rax(MOV) rax(MOV) ,rflags ,MOV,5,MOV,4,MOV,5,TEST,3,SUB,7,MOV,6,XOR,2,TEST,2,SETZ,3,MOV,6,0,1,0,0,0,JMP,0,0,1,0,0,0,SETE,0,0,4580240,4580774,4580292,0,0,0,0,c,5.433129891095032e-12,0.0,0,0,0
0x45ddf5,JNL,852,852,30,2,0x45dde3,ADD,0,NonLeaf,rsp(-1) ,rsp rflags ,RET_NEAR,1,POP,2,POP,2,POP,2,POP,2,VMOVSD,8,XOR,2,NOP,7,SUB,3,VMULSD,4,0,1,1,0,0,JMP,1,0,1,0,0,0,NOP,0,0,4578805,4578835,4578807,0,0,0,0,c,4.6290266672129675e-09,1.0,1,0,1
0x45dc3f,JZ,7400,0,20,2,0x45dc3a,CMP,1,NonLeaf,r8(-1) ,rflags ,CMP,5,JLE,2,MOV,5,CMP,3,JMP,5,JMP,2,NOP,5,MOVSXD,3,CMP,6,JNZ,2,0,1,0,1,0,JGE,0,0,1,0,0,0,JMP,0,0,4578362,4578387,4578369,0,0,0,0,c,4.020516119410324e-08,0.0,0,1,0
0x45dc38,JLE,7400,0,34,2,0x45dc30,CMP,1,NonLeaf,ebx(-1) ,rflags ,MOV,5,CMP,3,JMP,5,CALL_NEAR,5,LEA,8,CMP,5,JZ,2,JMP,2,NOP,5,MOVSXD,3,0,1,1,0,0,JNE,0,0,1,0,0,0,JE,0,0,4578352,4578394,4578362,0,0,0,0,c,4.020516119410324e-08,0.0,0,0,0
0x45dc18,JNZ,383085,367041,-64,2,0x45dc15,CMP,1,NonLeaf,eax(LEA) r12d(-1) ,rflags ,CMP,3,MOV,2,LEA,3,CALL_NEAR,5,MOV,2,MOV,4,LEA,8,CALL_NEAR,5,JMP,5,CMP,3,0,1,0,0,0,CALL,0,1,1,0,0,0,CALL,1,1,4578320,4578264,4578330,0,0,1,1,c,2.0813505643301403e-06,0.9581189553232312,1,0,1
0x45dbf3,JLE,367041,12439,477,6,0x45dbf0,CMP,1,NonLeaf,r12d(-1) ebp(-1) ,rflags ,CMP,3,CALL_NEAR,5,ADD,3,LEA,8,LEA,8,LEA,8,LEA,8,MOV,2,CALL_NEAR,5,LEA,3,0,0,0,0,0,CALL,1,1,0,0,1,1,CALL,0,1,4578288,4578768,4578297,0,0,1,1,c,1.994181428357412e-06,0.0338899468996651,0,0,0
0x45dbca,JNZ,28483,28483,47,2,0x45dbc7,TEST,1,NonLeaf,r12d(-1) r12d(-1) ,rflags ,TEST,3,CALL_NEAR,5,MOV,3,MOV,2,LEA,8,JMP,5,NOP,7,LEA,8,LEA,8,ADD,3,0,1,0,1,0,CALL,0,1,1,0,0,0,JMP,0,0,4578247,4578297,4578252,0,0,1,0,c,1.547518386880598e-07,1.0,1,0,1
0x45db8a,JNZ,56976,28493,-114,2,0x45db87,CMP,1,NonLeaf,ebp(-1) ,rflags ,CMP,3,CALL_NEAR,5,MOV,3,MOV,2,LEA,8,LEA,8,LEA,8,LEA,8,MOV,2,XOR,2,0,0,0,1,1,CALL,0,1,0,1,0,0,CALL,1,1,4578183,4578072,4578188,0,0,1,1,c,3.0955800867503057e-07,0.5000877562482449,1,1,1
0x45db11,JLE,28483,0,123,2,0x45db0e,CMP,1,NonLeaf,ebp(-1) ,rflags ,CMP,3,CALL_NEAR,5,MOV,3,MOV,2,LEA,8,NOP,5,LEA,8,LEA,8,LEA,8,MOV,2,0,1,1,0,0,CALL,0,1,1,0,0,0,NOP,0,0,4578062,4578188,4578067,0,0,1,0,c,1.547518386880598e-07,0.0,0,0,0
0x45da56,JLE,28483,0,554,6,0x45da53,TEST,1,NonLeaf,r12d(ADD) r12d(ADD) ,rflags ,TEST,3,LEA,3,ADD,3,JZ,6,JP,2,MOVSXD,3,LEA,8,MOV,2,MOV,5,CALL_NEAR,5,0,0,0,0,0,JLE,0,0,0,0,0,0,MOVSXD,0,0,4577869,4578432,4577884,0,0,0,0,c,1.547518386880598e-07,0.0,0,1,0
0x45da47,JZ,28483,7400,489,6,0x45da41,VUCOMISD,0,NonLeaf,xmm1(-1) xmm2(-1) ,rflags ,JP,2,VUCOMISD,4,JNBE,2,VUCOMISD,4,VADDSD,4,ADD,3,LEA,3,TEST,3,JLE,6,MOVSXD,3,0,1,0,0,0,JLE,0,0,0,0,0,0,JLE,0,0,4577863,4578352,4577869,0,0,0,0,c,1.547518386880598e-07,0.2598040936699083,0,0,0
0x45da45,JP,28483,0,8,2,0x45da41,VUCOMISD,1,NonLeaf,xmm1(-1) xmm2(-1) ,rflags ,VUCOMISD,4,JNBE,2,VUCOMISD,4,VADDSD,4,SUB,3,JZ,6,ADD,3,LEA,3,TEST,3,JLE,6,0,1,0,0,0,JLE,0,0,1,0,0,0,JE,0,0,4577857,4577869,4577863,0,0,0,0,c,1.547518386880598e-07,0.0,0,0,0
0x45da3f,JNBE,568167,540209,-15,2,0x45da3b,VUCOMISD,1,NonLeaf,xmm2(-1) xmm1(VADDSD) ,rflags ,VUCOMISD,4,VADDSD,4,SUB,3,VADDSD,4,NOP,7,VUCOMISD,4,JP,2,JZ,6,ADD,3,LEA,3,1,1,1,1,1,JA,0,0,0,1,0,0,JP,1,0,4577840,4577840,4577857,1,0,0,0,c,3.086925110833791e-06,0.9507926366719645,1,1,1
0x45da27,JBE,28483,525,26,2,0x45da23,VUCOMISD,1,NonLeaf,xmm2(VMOVSD) xmm1(VMULSD) ,rflags ,VUCOMISD,4,SHL,3,VMOVSD,8,LEA,3,VMULSD,4,NOP,7,VADDSD,4,SUB,3,VADDSD,4,VUCOMISD,4,0,1,1,0,0,JP,1,0,1,0,0,0,NOP,0,0,4577803,4577857,4577833,0,0,0,0,c,1.547518386880598e-07,0.0184320471860407,0,0,0
0x45da09,JNZ,27631,0,-9,2,0x45da07,CMP,1,NonLeaf,eax(ADD) edx(-1) ,rflags ,CMP,2,VMULSD,4,ADD,3,NOP,5,VMOVSD,8,VCVTSI2SD,6,VMULSD,4,LEA,3,VMOVSD,8,SHL,3,1,1,1,1,1,JNE,0,0,0,1,0,0,JBE,1,0,4577792,4577792,4577803,1,0,0,0,c,1.5012281202084686e-07,0.0,0,1,0
0x45d9ed,JLE,28483,852,1032,6,0x45d9ea,CMP,1,NonLeaf,edx(MOV) ,rflags ,CMP,3,VMOVSD,9,MOV,8,MOV,7,MOV,3,VMOVSD,8,NOP,5,ADD,3,VMULSD,4,CMP,2,0,1,0,0,0,JGE,1,0,1,0,0,0,NOP,1,0,4577740,4578805,4577779,0,0,0,0,c,1.547518386880598e-07,0.0299125794333462,0,0,0
0x45d913,JNZ,28473,0,21,2,0x45d90b,VUCOMISD,0,NonLeaf,xmm0(-1) rsp(-1) ,rflags ,JP,2,VUCOMISD,6,VMOVSD,6,CALL_NEAR,5,MOV,5,LEA,5,NOP,1,ADD,7,POP,1,RET_NEAR,1,0,0,0,0,0,CALL,0,1,1,0,0,0,RET,0,0,4577555,4577576,4577557,1,1,1,0,c,1.5469750738914886e-07,0.0,0,0,0
0x45d911,JP,28473,0,23,2,0x45d90b,VUCOMISD,1,NonLeaf,xmm0(VMOVSD) rsp(-1) ,rflags ,VUCOMISD,6,VMOVSD,6,CALL_NEAR,5,MOV,5,LEA,8,JNZ,2,LEA,5,NOP,1,ADD,7,POP,1,0,1,0,0,0,CALL,0,1,1,0,0,0,JNE,0,0,4577541,4577576,4577555,1,0,1,0,c,1.5469750738914886e-07,0.0,0,0,0
0x45d782,JNZ,85459,85459,-1111,6,0x45d752,ADD,0,NonLeaf,edi(-1) ,edi rflags ,JMP,5,VXORPD,4,MOV,7,VMOVSD,8,JMP,2,MOV,9,MOV,4,LEA,5,JMP,5,LEA,8,0,0,0,0,0,JBE,0,0,1,0,0,0,JMP,1,0,4577154,4576043,4577160,0,0,0,1,c,4.6430984736309045e-07,1.0,1,1,1
0x45d5f8,JZ,170918,170918,423,6,0x45d5f5,CMP,1,NonLeaf,eax(-1) ,rflags ,CMP,3,CALL_NEAR,5,NOP,7,JMP,5,CALL_NEAR,5,CMP,3,JZ,6,MOV,12,JMP,2,NOP,3,0,1,0,0,0,CALL,0,1,1,0,0,0,JE,0,0,4576757,4577183,4576766,0,0,1,0,c,9.286196947261808e-07,1.0,1,0,1
0x45d5ca,JL,170918,85459,-378,6,0x45d5c7,CMP,1,NonLeaf,rbp(-1) rax(MOVSXD) ,rflags ,CMP,3,MOVSXD,8,CALL_NEAR,5,ADD,4,MOV,3,MOV,5,MOV,5,MOV,2,MOV,3,CALL_NEAR,5,0,0,0,1,1,CALL,0,1,0,1,0,0,CALL,1,1,4576703,4576336,4576720,0,0,1,1,c,9.286196947261808e-07,0.5,0,1,0
0x45d493,JZ,170918,170918,349,6,0x45d487,CMP,1,NonLeaf,rax(-1) ,rflags ,MOV,5,MOV,3,CMP,4,JZ,6,TEST,3,CALL_NEAR,5,TEST,2,JLE,6,MOVSXD,5,MOV,11,0,1,0,0,0,CALL,0,1,1,0,0,0,CALL,0,1,4576391,4576752,4576409,0,0,1,1,c,9.286196947261808e-07,1.0,1,0,1
0x45d481,JZ,170918,0,439,6,0x45d47e,TEST,1,NonLeaf,rax(MOV) rax(MOV) ,rflags ,TEST,3,MOV,2,MOV,5,CALL_NEAR,5,MOV,3,CMP,4,MOV,3,MOV,5,JZ,6,CALL_NEAR,5,0,1,0,0,0,CALL,0,1,1,0,0,0,JE,0,0,4576375,4576824,4576391,0,0,1,0,c,9.286196947261808e-07,0.0,0,0,0
0x45d40c,JLE,85459,0,452,6,0x45d406,TEST,1,NonLeaf,eax(MOV) eax(MOV) ,rflags ,MOV,4,TEST,2,MOV,8,SUB,4,CALL_NEAR,5,LEA,5,LEA,8,XOR,2,MOV,5,LEA,5,0,1,1,0,0,CALL,1,1,1,0,0,0,NOP,0,0,4576250,4576720,4576274,0,0,1,1,c,4.6430984736309045e-07,0.0,0,0,0
0x45d3de,JL,85459,0,28,2,0x45d3db,CMP,1,NonLeaf,r12(-1) rsi(ADD) ,rflags ,CMP,3,ADD,4,JNZ,2,VMULSD,4,VSUBSD,4,MOV,3,LEA,5,SUB,3,XOR,2,LEA,8,0,0,1,0,0,JLE,0,0,1,0,0,0,CALL,0,1,4576219,4576250,4576224,0,1,1,1,c,4.6430984736309045e-07,0.0,0,0,0
0x45d3d5,JNZ,341836,256377,-29,2,0x45d3ca,CMP,1,NonLeaf,rax(ADD) rcx(-1) ,rflags ,VMULSD,4,VSUBSD,4,CMP,3,MOV,4,VCVTSI2SD,5,ADD,4,CMP,3,JL,2,MOV,3,LEA,5,1,1,1,1,1,JNE,0,0,1,1,0,0,ADD,1,0,4576184,4576184,4576215,1,0,1,0,c,1.8572393894523612e-06,0.75,1,1,1
0x45d39f,JLE,85459,0,1090,6,0x45d39c,TEST,1,NonLeaf,rsi(CMOVLE) rsi(CMOVLE) ,rflags ,TEST,3,CMOVLE,4,MOV,5,CMP,4,JNBE,2,LEA,5,LEA,4,LEA,4,NOP,6,VCVTTSD2SI,5,0,1,0,0,0,JMP,1,0,1,0,0,0,NOP,0,0,4576143,4577249,4576165,0,0,0,0,c,4.6430984736309045e-07,0.0,0,0,0
0x45d38d,JNBE,85459,0,-13,2,0x45d386,VUCOMISD,1,NonLeaf,xmm1(-1) xmm0(-1) ,rflags ,LEA,3,VUCOMISD,4,MOV,2,VMULSD,4,NOP,8,CMP,4,MOV,5,CMOVLE,4,TEST,3,JLE,6,0,0,0,0,0,MOV,0,0,0,1,0,0,JLE,0,0,4576134,4576128,4576143,1,0,0,0,c,4.6430984736309045e-07,0.0,0,0,0
0x45d358,JB,85459,85459,1151,6,0x45d354,VUCOMISD,1,NonLeaf,xmm0(-1) xmm2(VMOVSD) ,rflags ,VUCOMISD,4,VMOVSD,8,MOV,5,MOV,5,VMOVSD,8,NOP,2,VMULSD,4,MOV,2,LEA,3,VUCOMISD,4,0,1,0,0,0,JMP,1,0,1,0,0,0,NOP,0,0,4576058,4577239,4576094,0,0,0,0,c,4.6430984736309045e-07,1.0,1,0,1
0x45d334,JBE,85459,0,1078,6,0x45d32b,VUCOMISD,1,NonLeaf,xmm0(-1) xmm2(-1) ,rflags ,MOV,5,VUCOMISD,4,JNP,6,VMOVSD,6,VUCOMISD,4,VMOVSD,8,MOV,5,MOV,5,VMOVSD,8,VUCOMISD,4,0,1,0,0,0,JMP,0,0,1,1,0,0,JB,0,0,4576043,4577130,4576058,1,0,0,1,c,4.6430984736309045e-07,0.0,0,0,0
0x45d325,JNP,85459,85459,1117,6,0x45d31b,VUCOMISD,1,NonLeaf,xmm0(VDIVSD) xmm2(VXORPD) ,rflags ,VMOVSD,6,VUCOMISD,4,VDIVSD,6,VMOVAPD,4,VXORPD,4,VUCOMISD,4,MOV,5,JBE,6,VMOVSD,8,MOV,5,0,1,0,0,0,JNE,0,0,1,0,0,0,JBE,0,0,4576005,4577154,4576043,0,0,0,0,c,4.6430984736309045e-07,1.0,1,1,1
0x45d2b0,JNZ,85459,85459,28,2,0x45d2a1,CMP,1,NonLeaf,rdi(-1) ,rflags ,MOV,5,MOV,5,CMP,5,SUB,7,PUSH,1,MOV,8,ADD,7,POP,1,POP,1,POP,2,0,1,0,0,0,CALL,0,1,1,0,0,0,MOV,1,0,4575888,4575948,4575922,0,0,1,1,c,4.6430984736309045e-07,1.0,1,0,1
0x45d04e,JLE,328089,0,23,2,0x45d04b,TEST,1,NonLeaf,r14(-1) r14(-1) ,rflags ,TEST,3,JMP,5,MOV,3,RET_NEAR,1,POP,1,LEA,8,LEA,4,LEA,4,CALL_NEAR,5,SUB,4,0,1,1,0,0,JMP,0,0,1,0,0,0,CALL,0,1,4575307,4575333,4575312,0,0,0,1,c,1.782550152839478e-06,0.0,0,0,0
0x45cff5,JZ,569720,328089,86,2,0x45cff0,CMP,1,NonLeaf,r13(-1) ,rflags ,CMP,5,ADD,4,MOV,3,MOV,5,MOV,4,MOV,4,MOV,4,IMUL,6,MOV,4,LEA,4,0,1,0,0,0,JLE,0,0,1,1,0,0,RET,0,0,4575204,4575307,4575223,0,1,0,1,c,3.0953627615546617e-06,0.5758776240960471,1,0,1
0x45cfb8,JNZ,731561,731561,-16,2,0x45cfb4,SUB,1,NonLeaf,r15(SUB) ,r15 rflags ,SUB,4,JNZ,6,CMP,6,NOP,5,JMP,5,CMP,4,JNLE,6,LEA,4,JMP,5,NOP,3,1,1,0,0,0,JNE,0,0,1,0,0,0,JG,1,0,4575156,4575144,4575162,0,0,0,0,c,3.974665936259373e-06,1.0,1,1,1
0x45cfae,JNZ,731561,257802,-753,6,0x45cfa8,CMP,1,NonLeaf,rdx(-1) r15(-1) ,rflags ,CMP,6,NOP,5,JMP,5,JZ,2,MOV,3,SUB,4,JNZ,2,CMP,4,JNLE,6,LEA,4,0,0,0,0,0,JLE,1,0,0,0,1,1,JNE,0,0,4575144,4574397,4575156,0,1,0,0,c,3.974665936259373e-06,0.3523998682269831,0,0,0
0x45cf9c,JZ,569720,257802,24,2,0x45cf93,CMP,1,NonLeaf,rdx(MOV) rax(-1) ,rflags ,MOV,3,CMP,6,MOV,3,JLE,6,TEST,3,JMP,5,NOP,5,CMP,6,JNZ,6,SUB,4,0,1,0,1,0,JNE,0,0,1,0,0,0,JMP,0,0,4575123,4575156,4575134,0,0,0,0,c,3.0953627615546617e-06,0.4525064944183107,0,1,0
0x45cf8a,JLE,172353,0,185,6,0x45cf87,TEST,1,NonLeaf,rax(-1) rax(-1) ,rflags ,TEST,3,JMP,2,MOV,5,AND,5,SAR,4,MOV,3,CMP,6,MOV,3,JZ,2,JMP,5,0,1,0,0,0,JMP,0,0,1,0,0,0,MOV,0,0,4575111,4575299,4575120,0,0,0,0,c,9.36416236119902e-07,0.0,0,0,0
0x45cf6e,JL,2194154,641429,-38,2,0x45cf6b,CMP,1,NonLeaf,rcx(ADD) r8(SUB) ,rflags ,CMP,3,ADD,3,IMUL,4,SUB,4,ADD,5,SUB,4,MOV,3,SAR,4,AND,5,MOV,5,1,1,1,1,1,JL,0,0,1,1,0,0,JMP,0,0,4575048,4575048,4575088,1,0,0,1,c,1.1921123683065729e-05,0.2923354513858188,0,1,0
0x45cf35,JZ,2122445,569720,155,6,0x45cf31,CMP,1,NonLeaf,rdi(SUB) ,rflags ,CMP,4,SUB,4,ADD,3,IMUL,6,ADD,3,MOV,3,MOV,5,NOP,5,MOV,5,MOV,5,0,1,1,0,0,MOV,1,0,1,0,0,0,NOP,0,0,4575021,4575184,4575035,0,0,1,0,c,1.1531519371705196e-05,0.2684262725300302,0,0,0
0x45cf14,JNZ,2122445,911710,25,2,0x45cf10,TEST,1,NonLeaf,dil(-1) ,rflags ,TEST,4,NOP,4,JLE,6,CMP,4,MOV,3,MOV,3,SAR,3,MOV,5,ADD,3,IMUL,6,1,1,1,0,0,JE,0,0,1,0,0,0,ADD,0,0,4574992,4575021,4574998,1,0,0,0,c,1.1531519371705196e-05,0.4295564784953202,0,0,0
0x45cf06,JLE,569720,0,222,6,0x45cf02,CMP,1,NonLeaf,rdi(MOV) ,rflags ,CMP,4,MOV,3,JNZ,6,CMP,3,SUB,4,NOP,4,TEST,4,JNZ,2,MOV,3,SAR,3,0,1,1,0,0,JE,1,0,1,0,0,0,NOP,0,0,4574978,4575204,4574988,0,0,1,0,c,3.0953627615546617e-06,0.0,0,0,0
0x45cef9,JNZ,681392,425020,-129,6,0x45cef6,CMP,1,NonLeaf,r14(-1) rdi(SUB) ,rflags ,CMP,3,SUB,4,MOV,5,AND,5,SAR,4,MOV,3,CMP,4,JLE,6,NOP,4,TEST,4,0,0,0,1,1,JNE,0,0,1,1,0,0,MOV,1,0,4574936,4574840,4574975,0,0,0,0,c,3.702091242753026e-06,0.6237525535961679,1,1,1
0x45ced6,JL,1619476,938084,-38,2,0x45ced3,CMP,1,NonLeaf,rcx(ADD) r8(SUB) ,rflags ,CMP,3,ADD,3,IMUL,4,SUB,4,ADD,5,SUB,5,SUB,4,MOV,3,SAR,4,AND,5,1,1,1,1,1,JL,0,0,0,1,0,0,JNE,0,0,4574896,4574896,4574936,1,0,0,1,c,8.798823463511019e-06,0.5792515603812591,1,1,1
0x45cea3,JLE,681392,0,53,2,0x45ce9d,CMP,1,NonLeaf,r14(-1) r10(-1) ,rflags ,MOV,3,CMP,3,ADD,3,IMUL,6,LEA,4,MOV,3,NOP,8,MOV,5,MOV,5,ADD,4,0,1,1,0,0,JNE,0,0,1,0,0,0,NOP,0,0,4574877,4574936,4574885,1,0,1,0,c,3.702091242753026e-06,0.0,0,0,0
0x45ce7c,JNZ,681392,425455,33,2,0x45ce78,TEST,1,NonLeaf,dil(-1) ,rflags ,TEST,4,NOP,6,JNL,6,CMP,3,SUB,3,MOV,3,SHR,4,ADD,3,SAR,3,MOV,5,1,1,1,0,0,JLE,0,0,1,0,0,0,ADD,0,0,4574840,4574877,4574846,0,0,0,0,c,3.702091242753026e-06,0.624390952638129,1,0,1
0x45ce6c,JNL,569720,313348,150,6,0x45ce69,CMP,1,NonLeaf,r14(-1) rdi(-1) ,rflags ,CMP,3,SUB,3,XOR,2,MOV,3,MOV,4,NOP,6,TEST,4,JNZ,2,MOV,3,SHR,4,0,1,1,0,0,JLE,1,0,1,0,0,0,NOP,0,0,4574817,4574978,4574834,0,0,0,0,c,3.0953627615546617e-06,0.5500035104963842,1,0,1
0x45ce5b,JZ,58,25,6,2,0x45ce58,CMP,1,NonLeaf,r11(-1) rdx(-1) ,rflags ,CMP,3,ADD,3,JB,2,CMP,3,VMOVDQA,6,MOV,4,MOV,3,XOR,2,SUB,3,CMP,3,0,0,1,0,0,JGE,0,0,0,0,0,0,MOV,0,0,4574805,4574817,4574813,0,0,0,1,c,3.1512153368351187e-10,0.4310344827586206,0,0,0
0x45ce53,JB,199,141,-17,2,0x45ce50,CMP,1,NonLeaf,rax(ADD) r10(-1) ,rflags ,CMP,3,VMOVDQA,6,ADD,4,ADD,4,VPUNPCKLQDQ,4,ADD,3,CMP,3,JZ,2,MOV,4,MOV,3,1,1,1,1,1,JB,0,0,1,1,0,0,JE,1,0,4574786,4574786,4574805,1,0,1,0,c,1.0811928483279112e-09,0.7085427135678392,1,1,1
0x45ce2d,JZ,58,0,48,2,0x45ce2a,ADD,1,NonLeaf,r11(ADD) r11(ADD) ,r11 rflags ,ADD,3,MOV,3,SHR,3,MOV,3,SUB,3,MOV,4,LEA,4,XOR,2,VMOVQ,5,VPUNPCKLQDQ,4,0,1,0,0,0,MOV,1,0,1,0,0,0,VPUNPCKLQDQ,0,0,4574750,4574813,4574767,0,0,1,1,c,3.1512153368351187e-10,0.0,0,0,0
0x45ce1c,JZ,569662,569662,69,2,0x45ce19,CMP,1,NonLeaf,rax(-1) rdx(-1) ,rflags ,CMP,3,MOV,4,ADD,4,JBE,6,MOV,4,SUB,3,MOV,3,SHR,3,MOV,3,ADD,3,0,0,1,0,0,JGE,1,0,0,0,0,0,JE,0,0,4574745,4574817,4574750,0,1,0,0,c,3.095047640020978e-06,1.0,1,0,1
0x45ce0b,JBE,89151,32203,616,6,0x45cdff,CMP,1,NonLeaf,rax(-1) ,rflags ,MOV,4,LEA,4,CMP,4,JBE,6,MOV,4,ADD,4,MOV,4,CMP,3,JZ,2,SUB,3,0,0,0,0,0,JMP,0,0,1,0,0,0,MOV,0,0,4574719,4575347,4574737,0,0,0,1,c,4.843689629210133e-07,0.3612186066336889,0,0,0
0x45cdf9,JBE,241550,152399,626,6,0x45cded,CMP,1,NonLeaf,rax(-1) ,rflags ,MOV,4,LEA,4,CMP,4,JBE,6,MOV,4,CMP,4,LEA,4,MOV,4,JBE,6,ADD,4,0,0,0,0,0,JMP,0,0,1,0,0,0,JBE,0,0,4574701,4575339,4574719,0,0,0,1,c,1.312372525194005e-06,0.6309211343407162,1,0,1
0x45cde7,JBE,284796,43246,652,6,0x45cddb,CMP,1,NonLeaf,rax(-1) ,rflags ,MOV,4,LEA,4,CMP,4,JBE,6,MOV,4,CMP,4,LEA,4,MOV,4,JBE,6,CMP,4,0,0,0,0,0,JMP,0,0,1,0,0,0,JBE,0,0,4574683,4575347,4574701,0,0,0,1,c,1.5473336604643008e-06,0.1518490428236351,0,0,0
0x45cdd5,JBE,341798,57002,662,6,0x45cdc9,CMP,1,NonLeaf,rax(-1) ,rflags ,MOV,4,LEA,4,CMP,4,JBE,6,MOV,3,CMP,4,LEA,4,MOV,4,JBE,6,CMP,4,0,1,0,0,0,JMP,0,0,1,0,0,0,JBE,0,0,4574665,4575339,4574683,0,0,0,1,c,1.8570329305165e-06,0.1667710167993961,0,0,0
0x45cdc3,JBE,569662,227864,688,6,0x45cdb8,CMP,1,NonLeaf,rax(-1) ,rflags ,MOV,3,LEA,4,CMP,4,JZ,2,TEST,3,CMP,4,LEA,4,MOV,4,JBE,6,CMP,4,0,1,0,0,0,JMP,0,0,1,0,0,0,JBE,0,0,4574648,4575347,4574665,0,0,0,1,c,3.095047640020978e-06,0.3999985956584782,0,0,0
0x45cdb6,JZ,569720,58,104,2,0x45cdb3,TEST,1,NonLeaf,rax(CMOVBE) rax(CMOVBE) ,rflags ,TEST,3,CMOVBE,4,CMP,4,CMOVNBE,4,CMP,3,CMP,4,LEA,4,MOV,3,JBE,6,CMP,4,0,1,0,0,0,JE,0,0,1,0,0,0,JBE,0,0,4574612,4574750,4574648,0,0,0,1,c,3.0953627615546617e-06,0.0001018043951414,0,0,0
0x45cd8e,JNL,569720,0,211,6,0x45cd8b,CMP,1,NonLeaf,rsi(-1) rdi(-1) ,rflags ,CMP,3,JNZ,2,CMP,3,ADD,4,MOV,4,MOV,3,MOV,3,LEA,4,SUB,3,AND,3,0,1,1,0,0,JGE,1,0,1,0,0,0,JE,0,0,4574603,4574817,4574612,0,0,0,0,c,3.0953627615546617e-06,0.0,0,0,0
0x45cd89,JNZ,1219501,649781,-25,2,0x45cd86,CMP,1,NonLeaf,rax(ADD) rsi(-1) ,rflags ,CMP,3,ADD,4,MOV,4,ADD,3,IMUL,6,CMP,3,JNL,6,MOV,3,MOV,3,LEA,4,1,1,1,1,1,JNE,0,0,0,1,0,0,JGE,1,0,4574576,4574576,4574603,1,0,1,0,c,6.625707335320283e-06,0.532825311336358,1,1,1
0x45cd5c,JLE,569720,0,708,6,0x45cd59,TEST,1,NonLeaf,r15(-1) r15(-1) ,rflags ,TEST,3,AND,4,LEA,5,OR,5,SUB,3,LEA,4,XOR,2,MOV,5,NOP,3,MOV,5,0,1,0,0,0,JMP,1,0,1,0,0,0,NOP,0,0,4574544,4575264,4574562,0,0,0,0,c,3.0953627615546617e-06,0.0,0,0,0
0x45cd42,JZ,569720,0,14,2,0x45cd3d,AND,1,NonLeaf,eax(AND) ,eax rflags ,AND,5,JNZ,2,CMP,3,OR,9,SUB,7,LEA,4,SUB,3,OR,5,LEA,5,AND,4,0,1,1,0,0,JLE,0,0,1,0,0,0,OR,0,0,4574525,4574544,4574532,0,0,0,1,c,3.0953627615546617e-06,0.0,0,1,0
0x45cd3b,JNZ,569720,0,-19,2,0x45cd38,CMP,1,NonLeaf,rsp(-1) rdx(-1) ,rflags ,CMP,3,OR,9,SUB,7,JMP,2,MOV,3,AND,5,JZ,2,LEA,4,SUB,3,OR,5,1,1,0,0,0,OR,0,0,1,1,0,0,JE,1,0,4574520,4574504,4574525,1,0,1,0,c,3.0953627615546617e-06,0.0,0,1,0
0x45ccd5,JLE,569720,169083,50,2,0x45ccd2,CMP,1,NonLeaf,rdi(LEA) rcx(LEA) ,rflags ,CMP,3,LEA,4,ADD,3,LEA,4,JLE,6,MOV,3,XOR,2,MOV,4,SUB,3,LEA,8,0,1,1,0,0,JMP,0,0,1,0,0,0,CALL,0,1,4574411,4574471,4574423,0,1,0,1,c,3.0953627615546617e-06,0.296782630063891,0,0,0
0x45ccc1,JLE,569720,0,771,6,0x45ccbd,CMP,1,NonLeaf,r14(-1) ,rflags ,CMP,4,JZ,6,MOV,3,CMP,6,JNZ,2,LEA,4,ADD,3,LEA,4,CMP,3,JLE,2,0,0,0,0,0,JMP,0,0,0,0,0,0,LEA,0,0,4574397,4575172,4574407,0,0,0,0,c,3.0953627615546617e-06,0.0,0,0,0
0x45ccac,JNZ,1467778,1467778,-28,2,0x45cca8,SUB,1,NonLeaf,rax(SUB) ,rax rflags ,SUB,4,JNZ,6,CMP,6,JNZ,6,CMP,6,CMP,6,MOV,3,JZ,6,CMP,4,JLE,6,1,1,0,0,0,JNE,0,0,0,0,0,0,JE,1,0,4574376,4574352,4574382,0,0,0,0,c,7.974628525291685e-06,1.0,1,1,1
0x45cca2,JNZ,1155890,58426,741,6,0x45cc9c,CMP,1,NonLeaf,r12(-1) rax(-1) ,rflags ,CMP,6,JNZ,6,CMP,6,JMP,5,JZ,2,SUB,4,JNZ,2,CMP,6,MOV,3,JZ,6,0,0,0,0,0,JLE,1,0,0,0,1,1,JNE,0,0,4574364,4575111,4574376,0,1,0,0,c,6.280100509817837e-06,0.0505463322634506,0,0,0
0x45cc96,JNZ,1467778,311888,898,6,0x45cc90,CMP,1,NonLeaf,rbx(-1) rax(-1) ,rflags ,CMP,6,JMP,5,JZ,2,CMP,6,JNZ,6,CMP,6,JNZ,6,SUB,4,JNZ,2,CMP,6,0,0,0,0,0,JMP,1,0,1,0,0,0,JNE,0,0,4574352,4575256,4574364,0,0,0,0,c,7.974628525291685e-06,0.2124898996987282,0,0,0
0x45cc89,JZ,484241,370314,31,2,0x45cc83,CMP,1,NonLeaf,rsi(-1) r14(-1) ,rflags ,CMP,6,JNZ,6,CMP,6,JLE,2,MOV,3,JMP,5,CMP,6,JNZ,6,CMP,6,JNZ,6,0,1,0,1,0,JNE,0,0,1,0,0,0,JMP,0,0,4574339,4574376,4574347,0,0,0,0,c,2.630944251593749e-06,0.7647307848777778,1,1,1
0x45cc7d,JNZ,569720,85479,923,6,0x45cc77,CMP,1,NonLeaf,rdi(-1) r14(-1) ,rflags ,CMP,6,JLE,2,MOV,3,TEST,3,JZ,6,CMP,6,JZ,2,JMP,5,CMP,6,JNZ,6,0,1,0,0,0,JMP,0,0,1,0,0,0,JE,0,0,4574327,4575256,4574339,0,0,0,0,c,3.0953627615546617e-06,0.1500368602120339,0,0,0
0x45cc75,JLE,569720,0,57,2,0x45cc6f,TEST,1,NonLeaf,r14(-1) r14(-1) ,rflags ,MOV,3,TEST,3,JZ,6,TEST,3,IMUL,5,CMP,6,JNZ,6,CMP,6,JZ,2,JMP,5,0,1,0,0,0,JE,0,0,1,0,0,0,JNE,0,0,4574319,4574382,4574327,0,0,0,0,c,3.0953627615546617e-06,0.0,0,0,0
0x45cc69,JZ,569720,0,963,6,0x45cc66,TEST,1,NonLeaf,rax(IMUL) rax(IMUL) ,rflags ,TEST,3,IMUL,5,MOV,4,SUB,4,MOV,3,TEST,3,MOV,3,JLE,2,CMP,6,JNZ,6,0,1,0,0,0,RET,1,0,1,0,0,0,JLE,0,0,4574272,4575276,4574319,0,0,1,0,c,3.0953627615546617e-06,0.0,0,0,0
0x45ca81,JZ,10,10,381,6,0x45ca7e,CMP,1,NonLeaf,eax(-1) ,rflags ,CMP,3,JZ,6,CMP,3,CALL_NEAR,5,NOP,6,MOV,8,POP,1,POP,1,POP,2,POP,2,0,1,0,0,0,CALL,0,1,1,0,0,0,RET,0,0,4573822,4574206,4573831,0,0,1,1,c,5.4331298910950325e-11,1.0,1,0,1
0x45ca78,JZ,28484,28474,368,6,0x45ca75,CMP,1,NonLeaf,eax(-1) ,rflags ,CMP,3,CALL_NEAR,5,NOP,6,RET_NEAR,1,POP,2,CMP,3,JZ,6,MOV,8,POP,1,POP,1,0,1,0,0,0,CALL,0,1,1,0,0,0,JE,0,0,4573813,4574184,4573822,0,0,1,0,c,1.547572718179509e-07,0.9996489257126808,1,0,1
0x45ca3b,JLE,4,0,117,2,0x45ca38,TEST,1,NonLeaf,rdi(-1) rdi(-1) ,rflags ,TEST,3,JNZ,2,TEST,3,JNZ,2,SUB,4,LEA,4,LEA,4,CALL_NEAR,5,JMP,2,NOP,4,0,0,1,0,0,RET,0,0,1,0,0,0,CALL,0,1,4573752,4573872,4573757,0,0,1,1,c,2.173251956438013e-11,0.0,0,0,0
0x45ca36,JNZ,4,0,106,2,0x45ca33,TEST,1,NonLeaf,r8(-1) r8(-1) ,rflags ,TEST,3,JNZ,2,SUB,4,MOV,5,CMOVNLE,4,TEST,3,JLE,2,LEA,4,LEA,4,CALL_NEAR,5,0,1,0,0,0,MOV,0,0,1,0,0,0,JLE,0,0,4573747,4573856,4573752,0,0,1,0,c,2.173251956438013e-11,0.0,0,0,0
0x45ca31,JNZ,20,16,-49,2,0x45ca2d,SUB,1,NonLeaf,rax(SUB) ,rax rflags ,SUB,4,MOV,5,CMOVNLE,4,CMP,7,SETNLE,4,TEST,3,JNZ,2,TEST,3,JLE,2,LEA,4,1,1,1,1,1,JNE,0,0,0,1,0,0,JNE,1,0,4573696,4573696,4573747,1,0,1,0,c,1.0866259782190064e-10,0.8,1,1,1
0x45c9f1,JLE,4,0,66,2,0x45c9ee,TEST,1,NonLeaf,rax(LEA) rax(LEA) ,rflags ,TEST,3,ADD,3,LEA,5,SUB,3,MOV,5,SUB,3,LEA,5,NOP,5,MOV,3,ADD,5,0,1,1,0,0,JNE,1,0,1,0,0,0,NOP,0,0,4573662,4573747,4573683,0,0,0,0,c,2.173251956438013e-11,0.0,0,0,0
0x45c9dc,JNZ,12,8,-52,2,0x45c9d8,SUB,1,NonLeaf,rcx(SUB) ,rcx rflags ,SUB,4,MOV,5,CMOVNLE,4,CMP,6,SETNLE,4,MOV,5,SUB,3,LEA,5,ADD,3,TEST,3,1,1,1,1,1,JNE,0,0,1,1,0,0,JLE,1,0,4573608,4573608,4573662,1,0,1,0,c,6.519755869314039e-11,0.6666666666666666,1,1,1
0x45c980,JLE,4,0,657,6,0x45c97d,TEST,1,NonLeaf,r14(SUB) r14(SUB) ,rflags ,TEST,3,SUB,3,ADD,3,MOVSXD,3,MOVSXD,4,LEA,8,MOV,3,MOV,3,NEG,3,XOR,3,0,1,0,0,0,CALL,1,1,1,0,0,0,NOP,0,0,4573542,4574225,4573574,0,0,1,0,c,2.173251956438013e-11,0.0,0,0,0
0x45c960,JLE,4,0,378,6,0x45c95e,TEST,1,NonLeaf,eax(-1) eax(-1) ,rflags ,TEST,2,CALL_NEAR,5,JZ,6,MOV,2,CMP,3,MOV,3,MOVSXD,3,MOV,4,MOVSXD,4,MOVSXD,3,0,1,0,0,0,JLE,1,0,1,0,0,0,JLE,1,0,4573534,4573914,4573542,0,0,1,1,c,2.173251956438013e-11,0.0,0,0,0
0x45c953,JZ,28488,28484,285,6,0x45c94e,CMP,1,NonLeaf,rax(-1) rdx(MOV) ,rflags ,MOV,2,CMP,3,JZ,6,TEST,3,MOV,4,CALL_NEAR,5,TEST,2,JLE,6,MOV,3,MOVSXD,3,0,1,0,0,0,CALL,1,1,1,0,0,0,CALL,0,1,4573518,4573808,4573529,0,0,1,1,c,1.5477900433751529e-07,0.9998595900028082,1,0,1
0x45c948,JZ,28488,0,384,6,0x45c945,TEST,1,NonLeaf,rdx(MOV) rdx(MOV) ,rflags ,TEST,3,MOV,4,JZ,6,TEST,3,MOV,3,CMP,3,MOV,2,JZ,6,CALL_NEAR,5,TEST,2,0,1,0,0,0,JMP,1,0,1,0,0,0,JE,0,0,4573505,4573896,4573518,0,1,0,0,c,1.5477900433751529e-07,0.0,0,0,0
0x45c93b,JZ,28488,0,277,6,0x45c938,TEST,1,NonLeaf,rax(MOV) rax(MOV) ,rflags ,TEST,3,MOV,3,MOV,4,PUSH,1,MOV,3,MOV,4,TEST,3,JZ,6,CMP,3,MOV,2,0,1,0,0,0,CALL,1,1,1,0,0,0,JE,0,0,4573472,4573776,4573505,0,0,1,0,c,1.5477900433751529e-07,0.0,0,0,0
0x45c77b,JLE,28522,0,15,2,0x45c778,TEST,1,NonLeaf,rdi(-1) rdi(-1) ,rflags ,TEST,3,JNZ,2,TEST,3,JNZ,2,SUB,4,LEA,4,LEA,4,CALL_NEAR,5,MOV,4,MOV,4,0,0,1,0,0,RET,0,0,1,0,0,0,CALL,0,1,4573048,4573066,4573053,0,0,1,1,c,1.549637307538125e-07,0.0,0,0,0
0x45c776,JNZ,28522,0,66,2,0x45c773,TEST,1,NonLeaf,r8(-1) r8(-1) ,rflags ,TEST,3,JNZ,2,SUB,4,MOV,5,CMOVNLE,4,TEST,3,JLE,2,LEA,4,LEA,4,CALL_NEAR,5,0,1,0,0,0,JMP,0,0,1,0,0,0,JLE,0,0,4573043,4573112,4573048,0,0,1,0,c,1.549637307538125e-07,0.0,0,0,0
0x45c771,JNZ,98881,70359,-49,2,0x45c76d,SUB,1,NonLeaf,rax(SUB) ,rax rflags ,SUB,4,MOV,5,CMOVNLE,4,CMP,7,SETNLE,4,TEST,3,JNZ,2,TEST,3,JLE,2,LEA,4,1,1,1,1,1,JNE,0,0,0,1,0,0,JNE,1,0,4572992,4572992,4573043,1,0,1,0,c,5.372333167613679e-07,0.711552269900183,1,1,1
0x45c731,JLE,28522,0,66,2,0x45c72e,TEST,1,NonLeaf,rax(LEA) rax(LEA) ,rflags ,TEST,3,ADD,3,LEA,5,SUB,3,MOV,5,SUB,3,LEA,5,NOP,5,MOV,3,ADD,5,0,1,1,0,0,JNE,1,0,1,0,0,0,NOP,0,0,4572958,4573043,4572979,0,0,0,0,c,1.549637307538125e-07,0.0,0,0,0
0x45c71c,JNZ,72349,43827,-52,2,0x45c718,SUB,1,NonLeaf,rcx(SUB) ,rcx rflags ,SUB,4,MOV,5,CMOVNLE,4,CMP,6,SETNLE,4,MOV,5,SUB,3,LEA,5,ADD,3,TEST,3,1,1,1,1,1,JNE,0,0,1,1,0,0,JLE,1,0,4572904,4572904,4572958,1,0,1,0,c,3.930815144908345e-07,0.6057720217280128,1,1,1
0x45c6bf,JLE,28522,0,587,6,0x45c6bc,TEST,1,NonLeaf,r14(SUB) r14(SUB) ,rflags ,TEST,3,SUB,3,ADD,3,MOVSXD,3,MOVSXD,4,LEA,8,MOV,3,MOV,3,NEG,3,XOR,3,0,1,0,0,0,CALL,1,1,1,0,0,0,NOP,0,0,4572837,4573450,4572869,0,0,1,0,c,1.549637307538125e-07,0.0,0,0,0
0x45c69f,JLE,28522,0,299,6,0x45c69d,TEST,1,NonLeaf,eax(-1) eax(-1) ,rflags ,TEST,2,CALL_NEAR,5,NOP,3,JMP,5,POP,2,MOV,3,MOVSXD,3,MOV,4,MOVSXD,4,MOVSXD,3,0,1,0,0,0,JLE,1,0,1,0,0,0,JLE,1,0,4572829,4573130,4572837,0,0,1,1,c,1.549637307538125e-07,0.0,0,0,0
0x45c659,JZ,113908,113908,614,6,0x45c656,CMP,1,NonLeaf,eax(-1) ,rflags ,CMP,3,CALL_NEAR,5,JZ,2,MOV,2,CMP,3,CMP,3,JZ,6,MOV,8,POP,1,POP,1,0,1,0,0,0,CALL,0,1,1,0,0,0,JE,0,0,4572758,4573375,4572767,0,0,1,0,c,6.18876959634853e-07,1.0,1,0,1
0x45c64f,JZ,142430,28522,73,2,0x45c64a,CMP,1,NonLeaf,rax(-1) rdx(MOV) ,rflags ,MOV,2,CMP,3,JZ,6,TEST,3,MOV,4,CALL_NEAR,5,CMP,3,JZ,6,CMP,3,JZ,6,0,1,0,0,0,CALL,0,1,1,0,0,0,CALL,1,1,4572746,4572824,4572753,0,0,1,1,c,7.738406903886654e-07,0.2002527557396616,0,0,0
0x45c644,JZ,142430,0,348,6,0x45c641,TEST,1,NonLeaf,rdx(MOV) rdx(MOV) ,rflags ,TEST,3,MOV,4,JZ,2,TEST,3,MOV,3,CMP,3,MOV,2,JZ,2,CALL_NEAR,5,CMP,3,0,1,0,0,0,JMP,1,0,1,0,0,0,JE,0,0,4572733,4573088,4572746,0,1,0,0,c,7.738406903886654e-07,0.0,0,0,0
0x45c63b,JZ,142430,0,69,2,0x45c638,TEST,1,NonLeaf,rax(MOV) rax(MOV) ,rflags ,TEST,3,MOV,3,MOV,4,PUSH,1,MOV,3,MOV,4,TEST,3,JZ,6,CMP,3,MOV,2,0,1,0,0,0,JMP,1,0,1,0,0,0,JE,0,0,4572704,4572800,4572733,0,0,0,0,c,7.738406903886654e-07,0.0,0,0,0
0x45c5e0,JNZ,85444,85444,-226,6,0x45c5d5,XOR,0,Leaf,esi(-1) esi(-1) ,esi rflags ,NOP,2,RET_NEAR,2,JMP,5,XOR,2,LEA,8,MOV,8,NOP,2,RET_NEAR,1,VMOVSD,8,MOV,7,0,0,0,0,0,JBE,0,0,1,0,0,0,RET,1,0,4572640,4572414,4572646,0,0,0,1,c,4.642283504147239e-07,1.0,1,1,1
0x45c5c3,JL,85444,0,25,2,0x45c5c0,CMP,1,Leaf,rsi(-1) rcx(-1) ,rflags ,CMP,3,JNZ,2,VMULSD,4,VSUBSD,4,CMP,3,SUB,3,LEA,5,LEA,8,XOR,2,JMP,5,0,1,0,0,0,REPZ RET,0,0,1,0,0,0,JMP,0,0,4572608,4572636,4572613,0,1,0,0,c,4.642283504147239e-07,0.0,0,0,0
0x45c5be,JNZ,341776,256332,-30,2,0x45c5b3,CMP,1,Leaf,rax(ADD) rcx(ADD) ,rflags ,VMULSD,4,VSUBSD,4,CMP,3,ADD,4,MOV,5,CMP,3,JL,2,SUB,3,LEA,5,LEA,8,1,1,1,1,1,JNE,0,0,0,1,0,0,JL,1,0,4572576,4572576,4572608,1,0,1,0,c,1.856913401658896e-06,0.75,1,1,1
0x45c58c,JLE,85444,0,135,6,0x45c589,TEST,1,Leaf,rcx(CMOVLE) rcx(CMOVLE) ,rflags ,TEST,3,CMOVLE,4,CMP,4,MOV,5,MOVSXD,3,ADD,4,MOV,5,NOP,5,VCVTTSD2SI,5,VCVTSI2SD,5,0,1,0,0,0,JMP,1,0,1,0,0,0,NOP,0,0,4572537,4572691,4572562,0,1,0,0,c,4.642283504147239e-07,0.0,0,0,0
0x45c575,JNBE,169506,111694,-13,2,0x45c571,VUCOMISD,1,Leaf,xmm1(-1) xmm0(VMULSD) ,rflags ,VUCOMISD,4,SUB,3,MOV,2,VMULSD,4,NOP,6,MOV,2,MOVSXD,3,MOV,5,CMP,4,CMOVLE,4,1,1,1,1,1,JA,0,0,1,1,0,0,MOV,1,0,4572520,4572520,4572535,1,0,0,1,c,9.209481153199544e-07,0.6589383266669027,1,1,1
0x45c560,JBE,85444,27632,25,2,0x45c55c,VUCOMISD,1,Leaf,xmm1(VMOVSD) xmm0(-1) ,rflags ,VUCOMISD,4,SUB,3,VMOVSD,8,MOV,2,JNB,2,NOP,6,VMULSD,4,MOV,2,SUB,3,VUCOMISD,4,0,1,1,0,0,JLE,1,0,1,0,0,0,NOP,0,0,4572497,4572537,4572514,0,0,0,0,c,4.642283504147239e-07,0.32339309957399,0,0,0
0x45c530,JB,85444,85444,217,6,0x45c52c,VUCOMISD,1,Leaf,xmm0(-1) xmm2(VMOVSD) ,rflags ,VUCOMISD,4,VMOVSD,8,MOV,6,MOV,5,MOV,4,NOP,10,VMULSD,4,MOV,2,LEA,3,VUCOMISD,4,0,1,0,0,0,JMP,1,0,1,0,0,0,NOP,0,0,4572429,4572681,4572470,0,0,0,0,c,4.642283504147239e-07,1.0,1,0,1
0x45c507,JBE,85444,28477,234,6,0x45c4fe,VUCOMISD,1,Leaf,xmm0(-1) xmm1(-1) ,rflags ,MOV,5,VUCOMISD,4,JNP,6,VUCOMISD,4,VXORPD,4,VMOVSD,8,MOV,4,MOV,5,MOV,6,VMOVSD,8,0,1,0,0,0,JMP,0,0,1,1,0,0,JB,0,0,4572414,4572657,4572429,1,0,0,1,c,4.642283504147239e-07,0.3332826178549693,0,0,0
0x45c4f8,JNP,85444,85444,232,6,0x45c4f4,VUCOMISD,1,Leaf,xmm0(-1) xmm1(VXORPD) ,rflags ,VUCOMISD,4,VXORPD,4,INVALID,0,INVALID,0,INVALID,0,VUCOMISD,4,MOV,5,JBE,6,VMOVSD,8,MOV,4,0,1,0,0,0,JNE,0,0,1,0,0,0,JBE,0,0,4572400,4572640,4572414,0,0,0,0,c,4.642283504147239e-07,1.0,1,1,1
0x45c4ac,JL,313310,313300,31,2,0x45c4a9,CMP,1,Leaf,r10(-1) r11(ADD) ,rflags ,CMP,3,ADD,4,SUB,3,JNZ,2,MOV,5,POP,1,POP,1,POP,2,POP,2,SUB,3,0,1,0,0,0,RET,0,0,1,0,0,0,JMP,0,0,4572329,4572363,4572334,0,1,0,0,c,1.7022539261789846e-06,0.9999680827295648,1,1,1
0x45c4a0,JNZ,2079432,1766122,-16,2,0x45c498,CMP,1,Leaf,rax(ADD) rsi(LEA) ,rflags ,MOV,5,CMP,3,MOV,4,ADD,4,NOP,4,SUB,3,ADD,4,CMP,3,JL,2,POP,1,1,1,1,1,1,JNE,0,0,1,1,0,0,ADD,1,0,4572304,4572304,4572322,1,0,1,0,c,1.1297824155699526e-05,0.8493290475475995,1,1,1
0x45c479,JNLE,313310,0,89,2,0x45c473,CMP,1,Leaf,rax(-1) r11(-1) ,rflags ,MOV,3,CMP,3,SUB,2,ADD,3,MOV,2,MOV,3,LEA,4,MOV,3,NEG,3,LEA,4,0,1,0,0,0,JMP,1,0,1,0,0,0,NOP,0,0,4572270,4572370,4572283,0,0,0,0,c,1.7022539261789846e-06,0.0,0,0,0
0x45c46a,JZ,113952,30,-10,2,0x45c464,CMP,1,Leaf,r9(-1) rax(ADD) ,rflags ,CMP,6,ADD,4,NOP,7,JNZ,2,MOV,5,MOV,2,ADD,3,SUB,2,CMP,3,MOV,3,1,1,1,1,1,JE,0,0,1,1,0,0,MOV,1,0,4572256,4572256,4572268,1,0,0,0,c,6.191160173500611e-07,0.0002632687447346,0,1,0
0x45c457,JNZ,313310,199388,23,2,0x45c448,CMP,1,Leaf,r9(-1) ,rflags ,MOV,5,MOV,5,CMP,5,JNZ,2,SUB,4,NOP,7,ADD,4,CMP,6,JZ,2,MOV,2,0,1,1,0,0,JG,1,0,1,0,0,0,NOP,0,0,4572232,4572270,4572249,0,0,1,0,c,1.7022539261789846e-06,0.636392071750024,1,0,1
0x45c446,JNZ,355120,155752,-38,2,0x45c442,SUB,1,Leaf,rax(SUB) ,rax rflags ,SUB,4,MOV,5,CMOVS,4,TEST,3,SAR,4,CMP,5,MOV,5,MOV,5,JNZ,2,NOP,7,1,1,1,1,1,JNE,0,0,0,1,0,0,JNE,1,0,4572192,4572192,4572232,1,0,1,0,c,1.929413086925668e-06,0.4385897724712773,0,1,0
0x45c419,JLE,313310,113942,47,2,0x45c416,TEST,1,Leaf,rax(SUB) rax(SUB) ,rflags ,TEST,3,SUB,3,MOV,3,MOV,3,JNZ,2,NOP,5,MOV,3,ADD,5,MOV,3,LEA,7,0,1,1,0,0,JNE,1,0,1,0,0,0,NOP,0,0,4572173,4572232,4572187,0,0,0,0,c,1.7022539261789846e-06,0.3636717627908461,0,0,0
0x45c40b,JNZ,1524954,1211644,-43,2,0x45c407,SUB,1,Leaf,rcx(SUB) ,rcx rflags ,SUB,4,MOV,5,CMOVS,4,TEST,3,SAR,4,MOV,3,MOV,3,SUB,3,TEST,3,JLE,2,1,1,1,1,1,JNE,0,0,1,1,0,0,JLE,1,0,4572128,4572128,4572173,1,0,1,0,c,8.285273159944935e-06,0.7945446223295916,1,1,1
0x45c3a6,JLE,199368,56983,26,2,0x45c3a3,TEST,1,Leaf,rdx(MOV) rdx(MOV) ,rflags ,TEST,3,MOV,5,JLE,2,LEA,4,CMP,3,MOV,5,MOV,7,SUB,3,MOV,5,JMP,2,0,0,0,0,0,XOR,0,0,1,0,0,0,JMP,0,0,4572062,4572096,4572072,0,0,1,1,c,1.0831922401278345e-06,0.2858181854660728,0,0,0
0x45c39c,JLE,313310,113942,36,2,0x45c395,CMP,1,Leaf,r10(-1) r13(-1) ,rflags ,LEA,4,CMP,3,JLE,6,TEST,3,SUB,3,MOV,5,TEST,3,JLE,2,MOV,5,MOV,7,0,1,0,0,0,XOR,0,0,1,0,0,0,JLE,0,0,4572053,4572096,4572062,0,0,1,0,c,1.7022539261789846e-06,0.3636717627908461,0,0,0
0x45c38f,JLE,313310,0,331,6,0x45c38c,TEST,1,Leaf,r13(SUB) r13(SUB) ,rflags ,TEST,3,SUB,3,ADD,3,MOVSXD,3,MOVSXD,3,CMP,3,LEA,4,JLE,2,MOV,5,TEST,3,0,1,0,0,0,JMP,1,0,1,0,0,0,JLE,0,0,4572016,4572378,4572053,0,0,0,0,c,1.7022539261789846e-06,0.0,0,0,0
0x45c355,JNZ,10,5,-133,6,0x45c352,CMP,1,NonLeaf,ebp(-1) r14d(-1) ,rflags ,CMP,3,CALL_NEAR,5,MOV,3,MOV,2,LEA,8,ADD,7,POP,1,POP,1,POP,2,POP,2,0,0,0,1,1,CALL,0,1,0,1,0,0,RET,1,0,4571986,4571856,4571995,1,0,1,0,c,5.4331298910950325e-11,0.5,0,1,0
0x45c2c7,JLE,5,0,148,6,0x45c2c4,TEST,1,NonLeaf,r14d(-1) r14d(-1) ,rflags ,TEST,3,CALL_NEAR,5,MOV,5,MOV,5,MOV,3,NOP,3,LEA,8,LEA,8,MOV,2,NEG,8,0,1,1,0,0,RET,0,0,1,0,0,0,NOP,0,0,4571844,4571995,4571853,0,0,0,0,c,2.7165649455475163e-11,0.0,0,0,0
0x45c0c2,JNZ,537674,1722,-2662,6,0x45bf7b,VUCOMISD,0,NonLeaf,xmm5(-1) xmm2(-1) ,rflags ,JMP,5,VADDSD,4,VADDSD,8,VADDSD,4,VSUBSD,5,JMP,5,VSUBSD,4,VMOVAPD,4,VADDSD,4,JMP,5,0,0,0,0,0,JA,0,0,1,0,0,0,JMP,0,0,4571330,4568668,4571336,0,0,0,0,c,2.9212526810646304e-06,0.0032026841543388,0,1,0
0x45bf89,JNZ,1722,0,-3616,6,0x45bf7b,VUCOMISD,0,NonLeaf,xmm5(-1) xmm2(-1) ,rflags ,VMOVAPD,4,JP,6,VUCOMISD,4,VMOVSD,6,VADDSD,4,JMP,5,VADDSD,5,JMP,5,VSUBSD,4,VMOVAPD,4,0,0,0,0,0,XOR,0,0,1,0,0,0,JMP,0,0,4571013,4567401,4571023,0,0,0,0,c,9.355849672465644e-09,0.0,0,1,0
0x45bf7f,JP,1722,0,-3606,6,0x45bf7b,VUCOMISD,1,NonLeaf,xmm5(VADDSD) xmm2(VADDSD) ,rflags ,VUCOMISD,4,VMOVSD,6,VADDSD,4,VADDSD,4,VSUBSD,4,VMOVAPD,4,JNZ,6,JMP,5,VADDSD,5,JMP,5,0,0,0,0,0,XOR,0,0,1,0,0,0,JNE,0,0,4570945,4567401,4571013,0,0,0,0,c,9.355849672465644e-09,0.0,0,0,0
0x45bf2b,JBE,1722,0,115,2,0x45bf27,VUCOMISD,1,NonLeaf,xmm6(-1) xmm0(-1) ,rflags ,VUCOMISD,4,JNBE,6,VMOVAPD,4,VUCOMISD,4,JNBE,6,VMOVAPD,4,VSUBSD,4,VADDSD,4,VADDSD,4,VADDSD,4,0,1,0,0,0,JMP,0,0,1,0,0,0,VADDSD,0,0,4570919,4571038,4570925,0,0,0,0,c,9.355849672465644e-09,0.0,0,0,0
0x45bf21,JNBE,1722,1722,756,6,0x45bf19,VUCOMISD,1,NonLeaf,xmm1(-1) xmm3(-1) ,rflags ,VMOVAPD,4,VUCOMISD,4,JNBE,6,VADDSD,4,VADDSD,4,VUCOMISD,4,JBE,2,VMOVAPD,4,VSUBSD,4,VADDSD,4,0,1,0,0,0,JMP,0,0,1,1,0,0,JBE,0,0,4570905,4571669,4570919,0,0,0,0,c,9.355849672465644e-09,1.0,1,0,1
0x45bf13,JNBE,1722,978,787,6,0x45be14,VUCOMISD,0,NonLeaf,xmm1(-1) xmm2(-1) ,rflags ,VADDSD,4,VADDSD,4,VSUBSD,4,VADDSD,4,VMOVAPD,4,VUCOMISD,4,VMOVAPD,4,JNBE,6,VUCOMISD,4,JBE,2,0,1,0,0,0,JMP,0,0,1,1,0,0,JA,0,0,4570636,4571686,4570905,0,0,0,0,c,9.355849672465644e-09,0.5679442508710801,1,0,1
0x45bded,JBE,1722,0,455,6,0x45bde9,VUCOMISD,1,NonLeaf,xmm10(-1) xmm0(-1) ,rflags ,VUCOMISD,4,JNBE,6,VMOVAPD,4,VUCOMISD,4,JNBE,6,VSUBSD,4,VMOVAPD,4,VADDSD,4,VADDSD,5,VADDSD,8,0,1,0,0,0,JMP,0,0,1,0,0,0,VADDSD,0,0,4570601,4571060,4570611,0,0,0,0,c,9.355849672465644e-09,0.0,0,0,0
0x45bde3,JNBE,1722,978,1108,6,0x45bddb,VUCOMISD,1,NonLeaf,xmm1(-1) xmm6(-1) ,rflags ,VMOVAPD,4,VUCOMISD,4,JNBE,6,VADDSD,4,VMOVAPD,4,VUCOMISD,4,JBE,6,VSUBSD,4,VMOVAPD,4,VADDSD,4,0,1,0,0,0,JMP,0,0,1,1,0,0,JBE,0,0,4570587,4571703,4570601,0,0,0,0,c,9.355849672465644e-09,0.5679442508710801,1,0,1
0x45bdd5,JNBE,1722,1722,1139,6,0x45bd94,VUCOMISD,1,NonLeaf,xmm1(-1) xmm7(VMOVSD) ,rflags ,VADDSD,4,VMOVAPD,4,VADDSD,4,VSUBSD,4,VADDSD,4,VUCOMISD,4,VMOVAPD,4,JNBE,6,VUCOMISD,4,JBE,6,0,1,0,0,0,JMP,0,0,1,1,0,0,JA,0,0,4570424,4571720,4570587,0,0,0,0,c,9.355849672465644e-09,1.0,1,0,1
0x45bd19,JBE,1722,0,697,6,0x45bd15,VUCOMISD,1,NonLeaf,xmm10(-1) xmm0(-1) ,rflags ,VUCOMISD,4,JNBE,6,VMOVAPD,4,VUCOMISD,4,JNBE,6,VSUBSD,4,VMOVAPD,4,VADDSD,4,VADDSD,5,VADDSD,8,0,1,0,0,0,JMP,0,0,1,0,0,0,VADDSD,0,0,4570389,4571090,4570399,0,0,0,0,c,9.355849672465644e-09,0.0,0,0,0
0x45bd0f,JNBE,1722,744,1150,6,0x45bd07,VUCOMISD,1,NonLeaf,xmm1(-1) xmm6(-1) ,rflags ,VMOVAPD,4,VUCOMISD,4,JNBE,6,VADDSD,4,VMOVAPD,4,VUCOMISD,4,JBE,6,VSUBSD,4,VMOVAPD,4,VADDSD,4,0,1,0,0,0,JMP,0,0,1,1,0,0,JBE,0,0,4570375,4571533,4570389,0,0,0,0,c,9.355849672465644e-09,0.4320557491289198,0,0,0
0x45bd01,JNBE,1722,0,1181,6,0x45bcc0,VUCOMISD,1,NonLeaf,xmm1(-1) xmm7(VMOVSD) ,rflags ,VADDSD,4,VMOVAPD,4,VADDSD,4,VSUBSD,4,VADDSD,4,VUCOMISD,4,VMOVAPD,4,JNBE,6,VUCOMISD,4,JBE,6,0,1,0,0,0,JMP,0,0,1,1,0,0,JA,0,0,4570212,4571550,4570375,0,0,0,0,c,9.355849672465644e-09,0.0,0,0,0
0x45bc45,JBE,1722,0,939,6,0x45bc41,VUCOMISD,1,NonLeaf,xmm10(-1) xmm0(-1) ,rflags ,VUCOMISD,4,JNBE,6,VMOVAPD,4,VUCOMISD,4,JNBE,6,VSUBSD,4,VMOVAPD,4,VADDSD,4,VADDSD,5,VADDSD,8,0,1,0,0,0,JMP,0,0,1,0,0,0,VADDSD,0,0,4570177,4571120,4570187,0,0,0,0,c,9.355849672465644e-09,0.0,0,0,0
0x45bc3b,JNBE,1722,978,1396,6,0x45bc33,VUCOMISD,1,NonLeaf,xmm1(-1) xmm6(-1) ,rflags ,VMOVAPD,4,VUCOMISD,4,JNBE,6,VADDSD,4,VMOVAPD,4,VUCOMISD,4,JBE,6,VSUBSD,4,VMOVAPD,4,VADDSD,4,0,1,0,0,0,JMP,0,0,1,1,0,0,JBE,0,0,4570163,4571567,4570177,0,0,0,0,c,9.355849672465644e-09,0.5679442508710801,1,0,1
0x45bc2d,JNBE,1722,1722,1427,6,0x45bbec,VUCOMISD,1,NonLeaf,xmm1(-1) xmm7(VMOVSD) ,rflags ,VADDSD,4,VMOVAPD,4,VADDSD,4,VSUBSD,4,VADDSD,4,VUCOMISD,4,VMOVAPD,4,JNBE,6,VUCOMISD,4,JBE,6,0,1,0,0,0,JMP,0,0,1,1,0,0,JA,0,0,4570000,4571584,4570163,0,0,0,0,c,9.355849672465644e-09,1.0,1,0,1
0x45bb71,JBE,1722,0,1181,6,0x45bb6d,VUCOMISD,1,NonLeaf,xmm10(-1) xmm0(-1) ,rflags ,VUCOMISD,4,JNBE,6,VMOVAPD,4,VUCOMISD,4,JNBE,6,VSUBSD,4,VMOVAPD,4,VADDSD,4,VADDSD,5,VADDSD,8,0,1,0,0,0,JMP,0,0,1,0,0,0,VADDSD,0,0,4569965,4571150,4569975,0,0,0,0,c,9.355849672465644e-09,0.0,0,0,0
0x45bb67,JNBE,1722,744,1506,6,0x45bb5f,VUCOMISD,1,NonLeaf,xmm1(-1) xmm6(-1) ,rflags ,VMOVAPD,4,VUCOMISD,4,JNBE,6,VADDSD,4,VMOVAPD,4,VUCOMISD,4,JBE,6,VSUBSD,4,VMOVAPD,4,VADDSD,4,0,1,0,0,0,JMP,0,0,1,1,0,0,JBE,0,0,4569951,4571465,4569965,0,0,0,0,c,9.355849672465644e-09,0.4320557491289198,0,0,0
0x45bb59,JNBE,1722,0,1537,6,0x45bb18,VUCOMISD,1,NonLeaf,xmm1(-1) xmm7(VMOVSD) ,rflags ,VADDSD,4,VMOVAPD,4,VADDSD,4,VSUBSD,4,VADDSD,4,VUCOMISD,4,VMOVAPD,4,JNBE,6,VUCOMISD,4,JBE,6,0,1,0,0,0,JMP,0,0,1,1,0,0,JA,0,0,4569788,4571482,4569951,0,0,0,0,c,9.355849672465644e-09,0.0,0,0,0
0x45ba9d,JBE,1722,0,1423,6,0x45ba99,VUCOMISD,1,NonLeaf,xmm10(-1) xmm0(-1) ,rflags ,VUCOMISD,4,JNBE,6,VMOVAPD,4,VUCOMISD,4,JNBE,6,VSUBSD,4,VMOVAPD,4,VADDSD,4,VADDSD,5,VADDSD,8,0,1,0,0,0,JMP,0,0,1,0,0,0,VADDSD,0,0,4569753,4571180,4569763,0,0,0,0,c,9.355849672465644e-09,0.0,0,0,0
0x45ba93,JNBE,1722,978,1752,6,0x45ba8b,VUCOMISD,1,NonLeaf,xmm1(-1) xmm6(-1) ,rflags ,VMOVAPD,4,VUCOMISD,4,JNBE,6,VADDSD,4,VMOVAPD,4,VUCOMISD,4,JBE,6,VSUBSD,4,VMOVAPD,4,VADDSD,4,0,1,0,0,0,JMP,0,0,1,1,0,0,JBE,0,0,4569739,4571499,4569753,0,0,0,0,c,9.355849672465644e-09,0.5679442508710801,1,0,1
0x45ba85,JNBE,1722,1722,1783,6,0x45ba44,VUCOMISD,1,NonLeaf,xmm1(-1) xmm7(VMOVSD) ,rflags ,VADDSD,4,VMOVAPD,4,VADDSD,4,VSUBSD,4,VADDSD,4,VUCOMISD,4,VMOVAPD,4,JNBE,6,VUCOMISD,4,JBE,6,0,1,0,0,0,JMP,0,0,1,1,0,0,JA,0,0,4569576,4571516,4569739,0,0,0,0,c,9.355849672465644e-09,1.0,1,0,1
0x45b9c9,JBE,1722,0,1665,6,0x45b9c5,VUCOMISD,1,NonLeaf,xmm10(-1) xmm0(-1) ,rflags ,VUCOMISD,4,JNBE,6,VMOVAPD,4,VUCOMISD,4,JNBE,6,VSUBSD,4,VMOVAPD,4,VADDSD,4,VADDSD,5,VADDSD,8,0,1,0,0,0,JMP,0,0,1,0,0,0,VADDSD,0,0,4569541,4571210,4569551,0,0,0,0,c,9.355849672465644e-09,0.0,0,0,0
0x45b9bf,JNBE,1722,744,2066,6,0x45b9b7,VUCOMISD,1,NonLeaf,xmm1(-1) xmm6(-1) ,rflags ,VMOVAPD,4,VUCOMISD,4,JNBE,6,VADDSD,4,VMOVAPD,4,VUCOMISD,4,JBE,6,VSUBSD,4,VMOVAPD,4,VADDSD,4,0,1,0,0,0,JMP,0,0,1,1,0,0,JBE,0,0,4569527,4571601,4569541,0,0,0,0,c,9.355849672465644e-09,0.4320557491289198,0,0,0
0x45b9b1,JNBE,1722,0,2097,6,0x45b970,VUCOMISD,1,NonLeaf,xmm1(-1) xmm7(VMOVSD) ,rflags ,VADDSD,4,VMOVAPD,4,VADDSD,4,VSUBSD,4,VADDSD,4,VUCOMISD,4,VMOVAPD,4,JNBE,6,VUCOMISD,4,JBE,6,0,1,0,0,0,JMP,0,0,1,1,0,0,JA,0,0,4569364,4571618,4569527,0,0,0,0,c,9.355849672465644e-09,0.0,0,0,0
0x45b8f5,JBE,1722,0,1907,6,0x45b8f1,VUCOMISD,1,NonLeaf,xmm10(-1) xmm0(-1) ,rflags ,VUCOMISD,4,JNBE,6,VMOVAPD,4,VUCOMISD,4,JNBE,6,VSUBSD,4,VMOVAPD,4,VADDSD,4,VADDSD,5,VADDSD,8,0,1,0,0,0,JMP,0,0,1,0,0,0,VADDSD,0,0,4569329,4571240,4569339,0,0,0,0,c,9.355849672465644e-09,0.0,0,0,0
0x45b8eb,JNBE,1722,978,2312,6,0x45b8e3,VUCOMISD,1,NonLeaf,xmm1(-1) xmm6(-1) ,rflags ,VMOVAPD,4,VUCOMISD,4,JNBE,6,VADDSD,4,VMOVAPD,4,VUCOMISD,4,JBE,6,VSUBSD,4,VMOVAPD,4,VADDSD,4,0,1,0,0,0,JMP,0,0,1,1,0,0,JBE,0,0,4569315,4571635,4569329,0,0,0,0,c,9.355849672465644e-09,0.5679442508710801,1,0,1
0x45b8dd,JNBE,1722,1722,2343,6,0x45b89c,VUCOMISD,1,NonLeaf,xmm1(-1) xmm7(VMOVSD) ,rflags ,VADDSD,4,VMOVAPD,4,VADDSD,4,VSUBSD,4,VADDSD,4,VUCOMISD,4,VMOVAPD,4,JNBE,6,VUCOMISD,4,JBE,6,0,1,0,0,0,JMP,0,0,1,1,0,0,JA,0,0,4569152,4571652,4569315,0,0,0,0,c,9.355849672465644e-09,1.0,1,0,1
0x45b821,JBE,1722,0,2149,6,0x45b81d,VUCOMISD,1,NonLeaf,xmm10(-1) xmm0(-1) ,rflags ,VUCOMISD,4,JNBE,6,VMOVAPD,4,VUCOMISD,4,JNBE,6,VSUBSD,4,VMOVAPD,4,VADDSD,4,VADDSD,5,VADDSD,8,0,1,0,0,0,JMP,0,0,1,0,0,0,VADDSD,0,0,4569117,4571270,4569127,0,0,0,0,c,9.355849672465644e-09,0.0,0,0,0
0x45b817,JNBE,1722,744,2286,6,0x45b80f,VUCOMISD,1,NonLeaf,xmm1(-1) xmm6(-1) ,rflags ,VMOVAPD,4,VUCOMISD,4,JNBE,6,VADDSD,4,VADDSD,4,VUCOMISD,4,JBE,6,VSUBSD,4,VMOVAPD,4,VADDSD,4,0,1,0,0,0,JMP,0,0,1,1,0,0,JBE,0,0,4569103,4571397,4569117,0,0,0,0,c,9.355849672465644e-09,0.4320557491289198,0,0,0
0x45b809,JNBE,1722,0,2317,6,0x45b7e5,VUCOMISD,1,NonLeaf,xmm1(-1) xmm7(VMOVSD) ,rflags ,VADDSD,4,VADDSD,4,VSUBSD,4,VADDSD,4,VMOVAPD,4,VUCOMISD,4,VMOVAPD,4,JNBE,6,VUCOMISD,4,JBE,6,0,1,0,0,0,JMP,0,0,1,1,0,0,JA,0,0,4568937,4571414,4569103,0,0,0,0,c,9.355849672465644e-09,0.0,0,0,0
0x45b74a,JBE,1722,0,2394,6,0x45b746,VUCOMISD,1,NonLeaf,xmm9(-1) xmm5(-1) ,rflags ,VUCOMISD,4,JNBE,6,VMOVAPD,4,VUCOMISD,4,JNBE,6,VMOVAPD,4,VSUBSD,5,VADDSD,4,VADDSD,4,VADDSD,8,0,1,0,0,0,JMP,0,0,1,0,0,0,VADDSD,0,0,4568902,4571300,4568912,0,0,0,0,c,9.355849672465644e-09,0.0,0,0,0
0x45b740,JNBE,1722,978,2535,6,0x45b738,VUCOMISD,1,NonLeaf,xmm1(-1) xmm0(-1) ,rflags ,VMOVAPD,4,VUCOMISD,4,JNBE,6,VADDSD,4,VMOVAPD,4,VUCOMISD,4,JBE,6,VMOVAPD,4,VSUBSD,5,VADDSD,4,0,1,0,0,0,JMP,0,0,1,1,0,0,JBE,0,0,4568888,4571431,4568902,0,0,0,0,c,9.355849672465644e-09,0.5679442508710801,1,0,1
0x45b732,JNBE,1722,1722,2566,6,0x45b722,VUCOMISD,1,NonLeaf,xmm1(-1) xmm7(VMOVSD) ,rflags ,VADDSD,4,VMOVAPD,4,VMOVAPD,4,VUCOMISD,4,VMOVSD,8,VUCOMISD,4,VMOVAPD,4,JNBE,6,VUCOMISD,4,JBE,6,0,1,0,0,0,JMP,0,0,1,1,0,0,JA,0,0,4568668,4571448,4568888,0,0,0,0,c,9.355849672465644e-09,1.0,1,0,1
0x45b656,JNP,537674,537674,2668,6,0x45b652,VUCOMISD,1,NonLeaf,xmm0(VADDSD) xmm5(VADDSD) ,rflags ,VUCOMISD,4,VADDSD,4,VADDSD,4,VSUBSD,4,VADDSD,4,VMOVSD,8,VMOVAPD,4,VMULSD,4,VADDSD,8,VMULSD,4,0,1,0,0,0,JNE,0,0,1,0,0,0,JA,0,0,4568498,4571330,4568668,0,0,0,0,c,2.9212526810646304e-06,1.0,1,1,1
0x45b5a0,JBE,537674,0,2861,6,0x45b59c,VUCOMISD,1,NonLeaf,xmm9(-1) xmm6(VXORPD) ,rflags ,VUCOMISD,4,VXORPD,4,VMOVSD,8,JBE,2,VMOVAPD,4,VMOVAPD,4,VSUBSD,4,VADDSD,4,VMOVAPD,4,VMOVSD,8,0,1,0,0,0,JMP,0,0,1,0,0,0,VADDSD,0,0,4568476,4571341,4568486,0,0,0,0,c,2.9212526810646304e-06,0.0,0,0,0
0x45b58e,JBE,537674,0,14,2,0x45b586,VUCOMISD,1,NonLeaf,xmm1(-1) xmm5(-1) ,rflags ,VMOVAPD,4,VUCOMISD,4,VXORPD,4,VMOVSD,8,JBE,2,VMOVSD,8,VXORPD,4,VUCOMISD,4,JBE,6,VMOVAPD,4,0,1,1,0,0,JBE,0,0,1,0,0,0,VXORPD,0,0,4568454,4568476,4568464,0,0,0,0,c,2.9212526810646304e-06,0.0,0,0,0
0x45b578,JBE,537674,245332,14,2,0x45b50a,VUCOMISD,1,NonLeaf,xmm1(-1) xmm2(-1) ,rflags ,VADDSD,4,VMOVAPD,4,VADDSD,4,VADDSD,4,VMULSD,4,VMOVSD,8,VXORPD,4,VUCOMISD,4,VMOVAPD,4,JBE,2,0,1,1,0,0,JBE,0,0,1,0,0,0,VXORPD,0,0,4568302,4568454,4568442,0,0,0,0,c,2.9212526810646304e-06,0.4562839192521862,0,1,0
0x45b4b0,JNZ,5,0,-620,6,0x45b3c0,VUCOMISD,0,NonLeaf,xmm1(-1) xmm4(-1) ,rflags ,NOP,7,JMP,5,VXORPD,4,VMOVSD,8,NOP,7,JMP,5,MOV,2,AND,6,OR,2,JZ,6,0,0,0,0,0,JNE,0,0,1,0,0,0,JMP,1,0,4568240,4567620,4568246,0,0,0,0,c,2.7165649455475163e-11,0.0,0,1,0
0x45b2b8,JNZ,1171585376,999956,-1316,6,0x45b280,ADD,0,NonLeaf,ecx(-1) ,ecx rflags ,NOP,7,JMP,5,VADDSD,4,VMOVAPD,4,VSUBSD,4,JMP,2,VMOVAPD,4,VSUBSD,4,VADDSD,4,VADDSD,4,0,0,0,0,0,JA,0,0,1,0,0,0,JMP,0,0,4567736,4566420,4567742,0,0,0,0,c,0.0063653755263154,0.0008535067272809,0,1,0
0x45b294,JNZ,999956,5,-299,6,0x45b280,ADD,0,NonLeaf,ecx(-1) ,ecx rflags ,VMOVAPD,4,NOP,8,JMP,5,ADD,3,VMULSD,8,JMP,2,NOP,4,VSUBSD,4,VMOVAPD,4,VADDSD,4,0,0,0,0,0,XOR,0,0,1,0,0,0,JMP,0,0,4567696,4567401,4567706,0,0,0,0,c,5.432890833379824e-06,5.000220009680426e-06,0,1,0
0x45b23e,JNP,5,5,626,6,0x45b238,VUCOMISD,1,NonLeaf,xmm0(VMOVSD) rsp(-1) ,rflags ,VUCOMISD,6,VMOVSD,5,VMOVSD,6,CALL_NEAR,5,MOV,2,ADD,4,CMP,4,JNZ,6,ADD,7,POP,1,0,1,0,0,0,JNE,0,0,1,0,0,0,JNE,0,0,4567597,4568240,4567620,0,0,0,0,c,2.7165649455475163e-11,1.0,1,0,1
0x45b163,JNP,999956,999956,301,6,0x45b15f,VUCOMISD,1,NonLeaf,xmm7(VADDSD) xmm0(VADDSD) ,rflags ,VUCOMISD,4,VMOVSD,6,VADDSD,4,VADDSD,4,VSUBSD,4,XOR,2,MOV,6,VMOVAPD,4,LEA,5,VMOVSD,5,0,1,0,0,0,JNE,0,0,0,0,0,0,XOR,0,0,4567341,4567696,4567401,0,0,0,0,c,5.432890833379824e-06,1.0,1,1,1
0x45b113,JBE,999956,999956,429,6,0x45b10f,VUCOMISD,1,NonLeaf,xmm5(-1) xmm1(VMOVAPD) ,rflags ,VUCOMISD,4,VMOVAPD,4,JNBE,6,VUCOMISD,4,JNBE,6,VMOVAPD,4,VSUBSD,4,VADDSD,4,VADDSD,4,VADDSD,4,0,1,0,0,0,JMP,0,0,1,0,0,0,VADDSD,0,0,4567311,4567744,4567321,0,0,0,0,c,5.432890833379824e-06,1.0,1,0,1
0x45b105,JNBE,999956,508667,747,6,0x45b101,VUCOMISD,1,NonLeaf,xmm1(-1) xmm4(-1) ,rflags ,VUCOMISD,4,JNBE,6,VADDSD,4,VMOVAPD,4,VADDSD,4,VMOVAPD,4,VUCOMISD,4,JBE,6,VMOVAPD,4,VSUBSD,4,0,1,0,0,0,JMP,0,0,1,0,0,0,VMOVAPD,0,0,4567297,4568048,4567307,0,0,0,0,c,5.432890833379824e-06,0.5086893823328227,1,0,1
0x45b0fb,JNBE,999956,499676,781,6,0x45b0eb,VUCOMISD,1,NonLeaf,xmm1(-1) xmm2(VADDSD) ,rflags ,VADDSD,4,VMOVAPD,4,VADDSD,4,VUCOMISD,4,VMOVAPD,4,VUCOMISD,4,JNBE,6,VMOVAPD,4,VUCOMISD,4,JBE,6,0,1,0,0,0,JMP,0,0,1,1,0,0,JA,0,0,4567255,4568072,4567297,0,0,0,0,c,5.432890833379824e-06,0.4996979867114153,0,0,0
0x45b0bc,JBE,999956,999956,548,6,0x45b0b8,VUCOMISD,1,NonLeaf,xmm10(-1) xmm0(-1) ,rflags ,VUCOMISD,4,JNBE,6,VMOVAPD,4,VUCOMISD,4,JNBE,6,VSUBSD,4,VMOVAPD,4,VADDSD,4,VADDSD,4,VADDSD,5,0,1,0,0,0,JMP,0,0,1,0,0,0,VADDSD,0,0,4567224,4567776,4567234,0,0,0,0,c,5.432890833379824e-06,1.0,1,0,1
0x45b0b2,JNBE,999956,499676,878,6,0x45b0aa,VUCOMISD,1,NonLeaf,xmm1(-1) xmm3(-1) ,rflags ,VMOVAPD,4,VUCOMISD,4,JNBE,6,VADDSD,4,VMOVAPD,5,VUCOMISD,4,JBE,6,VSUBSD,4,VMOVAPD,4,VADDSD,4,0,1,0,0,0,JMP,0,0,1,1,0,0,JBE,0,0,4567210,4568096,4567224,0,0,0,0,c,5.432890833379824e-06,0.4996979867114153,0,0,0
0x45b0a4,JNBE,999956,999956,916,6,0x45b08f,VUCOMISD,0,NonLeaf,xmm1(-1) xmm2(-1) ,rflags ,VADDSD,4,VMOVAPD,5,VMOVAPD,4,VADDSD,4,VUCOMISD,4,VUCOMISD,4,VMOVAPD,4,JNBE,6,VUCOMISD,4,JBE,6,0,1,0,0,0,JMP,0,0,1,1,0,0,JA,0,0,4566912,4568120,4567210,0,0,0,0,c,5.432890833379824e-06,1.0,1,0,1
0x45af6d,JBE,999956,0,915,6,0x45af69,VUCOMISD,1,NonLeaf,xmm9(-1) xmm6(-1) ,rflags ,VUCOMISD,4,JNBE,6,VMOVAPD,4,VUCOMISD,4,JNBE,6,VSUBSD,5,VMOVAPD,4,VADDSD,4,VMOVAPD,4,VMOVAPD,4,0,1,0,0,0,JMP,0,0,1,0,0,0,VADDSD,0,0,4566889,4567808,4566899,0,0,0,0,c,5.432890833379824e-06,0.0,0,0,0
0x45af63,JNBE,999956,499676,1261,6,0x45af5b,VUCOMISD,1,NonLeaf,xmm1(-1) xmm2(-1) ,rflags ,VMOVAPD,4,VUCOMISD,4,JNBE,6,VADDSD,4,VMULSD,4,VUCOMISD,4,JBE,6,VSUBSD,5,VMOVAPD,4,VADDSD,4,0,1,0,0,0,JMP,0,0,1,1,0,0,JBE,0,0,4566875,4568144,4566889,0,0,0,0,c,5.432890833379824e-06,0.4996979867114153,0,0,0
0x45af55,JNBE,999956,999956,1299,6,0x45af2d,VUCOMISD,1,NonLeaf,xmm1(-1) xmm0(VMOVSD) ,rflags ,VADDSD,4,VMULSD,4,VADDSD,8,VMULSD,4,VADDSD,8,VUCOMISD,4,VMOVAPD,4,JNBE,6,VUCOMISD,4,JBE,6,0,1,0,0,0,JMP,0,0,1,1,0,0,JA,0,0,4566809,4568168,4566875,0,0,0,0,c,5.432890833379824e-06,1.0,1,0,1
0x45af07,JBE,999956,0,1041,6,0x45af03,VUCOMISD,1,NonLeaf,xmm7(-1) xmm0(-1) ,rflags ,VUCOMISD,4,JNBE,6,VMOVAPD,4,VUCOMISD,4,JNBE,6,VMOVAPD,4,VSUBSD,4,VADDSD,4,VMOVSD,8,VMOVSD,8,0,1,0,0,0,JMP,0,0,1,0,0,0,VADDSD,0,0,4566787,4567832,4566797,0,0,0,0,c,5.432890833379824e-06,0.0,0,0,0
0x45aefd,JNBE,999956,440830,1411,6,0x45aef5,VUCOMISD,1,NonLeaf,xmm1(-1) xmm2(-1) ,rflags ,VMOVAPD,4,VUCOMISD,4,JNBE,6,VADDSD,5,VSUBSD,4,VUCOMISD,4,JBE,6,VMOVAPD,4,VSUBSD,4,VADDSD,4,0,1,0,0,0,JMP,0,0,1,1,0,0,JBE,0,0,4566773,4568192,4566787,0,0,0,0,c,5.432890833379824e-06,0.4408493973734844,0,0,0
0x45aeef,JNBE,999956,508667,1449,6,0x45ae6c,VUCOMISD,1,NonLeaf,xmm1(-1) xmm6(-1) ,rflags ,VADDSD,5,VSUBSD,4,VADDSD,5,VADDSD,4,VADDSD,5,VUCOMISD,4,VMOVAPD,4,JNBE,6,VUCOMISD,4,JBE,6,0,1,0,0,0,JMP,0,0,1,1,0,0,JA,0,0,4566606,4568216,4566773,0,0,0,0,c,5.432890833379824e-06,0.5086893823328227,1,0,1
0x45ae3c,JBE,999956,0,1268,6,0x45ae38,VUCOMISD,1,NonLeaf,xmm7(-1) xmm0(-1) ,rflags ,VUCOMISD,4,JNBE,6,VMOVAPD,4,VUCOMISD,4,JNBE,6,VSUBSD,4,VMOVAPD,4,VADDSD,4,VMOVAPD,4,VMOVAPD,4,0,1,0,0,0,JMP,0,0,1,0,0,0,VADDSD,0,0,4566584,4567856,4566594,0,0,0,0,c,5.432890833379824e-06,0.0,0,0,0
0x45ae32,JNBE,999956,452713,1448,6,0x45ae2a,VUCOMISD,1,NonLeaf,xmm1(-1) xmm4(-1) ,rflags ,VMOVAPD,4,VUCOMISD,4,JNBE,6,VADDSD,4,VMULSD,4,VUCOMISD,4,JBE,6,VSUBSD,4,VMOVAPD,4,VADDSD,4,0,0,0,0,0,JMP,0,0,0,1,0,0,JBE,0,0,4566570,4568026,4566584,0,0,0,0,c,5.432890833379824e-06,0.4527329202484909,0,0,0
0x45ae24,JNBE,999956,0,1436,6,0x45adc2,VUCOMISD,1,NonLeaf,xmm1(-1) xmm5(-1) ,rflags ,VADDSD,4,VMULSD,4,VMOVAPD,4,VSUBSD,4,VADDSD,5,VUCOMISD,4,VMOVAPD,4,JNBE,6,VUCOMISD,4,JBE,6,0,1,0,0,0,JBE,0,0,1,0,0,0,JA,0,0,4566420,4568000,4566570,0,0,0,0,c,5.432890833379824e-06,0.0,0,0,0
0x45ad8e,JNP,1171585376,1171585376,1322,6,0x45ad8a,VUCOMISD,1,NonLeaf,xmm0(VADDSD) xmm4(VADDSD) ,rflags ,VUCOMISD,4,VADDSD,4,VADDSD,4,VSUBSD,4,VADDSD,4,VMOVSD,8,VMOVAPD,4,VMOVAPD,4,VMULSD,5,VMOVAPD,4,0,1,0,0,0,JNE,0,0,1,0,0,0,JA,0,0,4566350,4567736,4566420,0,0,0,0,c,0.0063653755263154,1.0,1,1,1
0x45ad3c,JBE,1171585376,1029405568,1380,6,0x45ad37,VUCOMISD,1,NonLeaf,xmm15(-1) xmm12(-1) ,rflags ,VUCOMISD,5,JNBE,6,VMOVAPD,4,VUCOMISD,4,JNBE,6,VSUBSD,4,VMOVAPD,4,VADDSD,4,VADDSD,5,VMULSD,8,0,1,0,0,0,JMP,0,0,1,0,0,0,VADDSD,0,0,4566327,4567712,4566338,0,0,0,0,c,0.0063653755263154,0.8786432376909423,1,0,1
0x45ad31,JNBE,1171585376,569817093,1631,6,0x45ad29,VUCOMISD,1,NonLeaf,xmm1(-1) xmm7(-1) ,rflags ,VMOVAPD,4,VUCOMISD,4,JNBE,6,VADDSD,4,VMOVAPD,4,VUCOMISD,5,JBE,6,VSUBSD,4,VMOVAPD,4,VADDSD,4,0,1,0,0,0,JMP,0,0,1,1,0,0,JBE,0,0,4566313,4567952,4566327,0,0,0,0,c,0.0063653755263154,0.4863641222165614,0,0,0
0x45ad23,JNBE,1171585376,142179808,1669,6,0x45ad13,VUCOMISD,1,NonLeaf,xmm1(-1) xmm0(-1) ,rflags ,VADDSD,4,VMOVAPD,4,VMOVAPD,4,VUCOMISD,4,VADDSD,4,VUCOMISD,4,VMOVAPD,4,JNBE,6,VUCOMISD,5,JBE,6,0,1,0,0,0,JMP,0,0,1,1,0,0,JA,0,0,4566291,4567976,4566313,0,0,0,0,c,0.0063653755263154,0.1213567623090577,0,0,0
0x45ad00,JNBE,1171585376,1170451453,1376,6,0x45acfb,VUCOMISD,1,NonLeaf,xmm15(-1) xmm13(-1) ,rflags ,VUCOMISD,5,JNBE,6,VMOVAPD,5,VUCOMISD,5,JNBE,6,VMOVAPD,5,VSUBSD,4,VADDSD,4,VUCOMISD,4,VMOVAPD,4,0,1,0,0,0,JMP,0,0,1,0,0,0,VADDSD,0,0,4566267,4567648,4566278,0,0,0,0,c,0.0063653755263154,0.9990321465057276,1,0,1
0x45acf5,JNBE,1171585376,583829367,1643,6,0x45aceb,VUCOMISD,1,NonLeaf,xmm1(-1) xmm12(-1) ,rflags ,VMOVAPD,5,VUCOMISD,5,JNBE,6,VMULSD,5,VMOVSD,8,VUCOMISD,5,JNBE,6,VMOVAPD,5,VSUBSD,4,VADDSD,4,0,1,0,0,0,JMP,0,0,1,1,0,0,JA,0,0,4566251,4567904,4566267,0,0,0,0,c,0.0063653755263154,0.4983242185843057,0,0,0
0x45ace5,JNBE,1171585376,569259145,1683,6,0x45ac97,VUCOMISD,1,NonLeaf,xmm1(-1) xmm6(VMOVSD) ,rflags ,VMULSD,5,VMOVSD,8,VADDSD,4,VMULSD,4,VMULSD,4,VUCOMISD,5,VMOVAPD,5,JNBE,6,VUCOMISD,5,JNBE,6,0,1,0,0,0,JMP,0,0,1,1,0,0,JA,0,0,4565992,4567928,4566251,0,0,0,0,c,0.0063653755263154,0.4858878888908221,0,0,0
0x45abe2,JNBE,1171585376,569819411,1686,6,0x45abda,VUCOMISD,1,NonLeaf,xmm2(VMOVSD) rip(JNBE) ,rflags ,VUCOMISD,8,VMOVSD,5,MOV,4,OR,3,LEA,7,VMOVSD,8,VCVTSI2SD,4,VADDSD,4,VMOVSD,8,VMOVSD,5,0,1,0,0,0,JMP,0,0,1,1,0,0,JA,0,0,4565928,4567672,4565992,1,1,0,1,c,0.0063653755263154,0.4863661007322098,0,0,0
0x45aba2,JBE,1172123050,537674,2380,6,0x45ab9a,VUCOMISD,1,NonLeaf,xmm0(-1) rip(JBE) ,rflags ,VUCOMISD,8,JNBE,6,VMOVAPD,4,VUCOMISD,4,VSUBSD,5,MOV,3,MOV,2,SAR,4,MOV,2,AND,6,0,1,0,0,0,JBE,0,0,1,0,0,0,JA,0,0,4565914,4568302,4565928,0,0,0,1,c,0.0063682967789964,0.0004587180501228,0,0,0
0x45ab94,JNBE,1172123050,658325360,1972,6,0x45ab8c,VUCOMISD,1,NonLeaf,xmm1(VXORPD) xmm2(VSUBSD) ,rflags ,VMOVAPD,4,VUCOMISD,4,VSUBSD,5,VXORPD,4,VMOVAPD,4,VUCOMISD,8,JBE,6,MOV,3,MOV,2,SAR,4,0,1,0,0,0,JMP,0,0,1,1,0,0,JBE,0,0,4565879,4567880,4565914,0,0,0,0,c,0.0063682967789964,0.5616520893433501,1,0,1
0x45ab6f,JNLE,1172123050,0,5157,6,0x45ab69,CMP,1,NonLeaf,edx(-1) ,rflags ,CMP,6,JLE,6,CMP,6,SAR,4,MOV,3,XOR,2,VMOVSD,8,VMOVAPD,4,VXORPD,4,VSUBSD,5,0,1,0,0,0,JMP,0,0,1,0,0,0,XOR,0,0,4565865,4571028,4565877,0,0,0,0,c,0.0063682967789964,0.0,0,0,0
0x45ab63,JLE,1172123050,0,2392,6,0x45ab5d,CMP,1,NonLeaf,edx(SAR) ,rflags ,CMP,6,SAR,4,MOV,3,MOV,4,VMOVSD,5,CMP,6,JNLE,6,XOR,2,VMOVSD,8,VMOVAPD,4,0,1,0,0,0,JE,0,0,1,0,0,0,JG,0,0,4565824,4568251,4565865,0,0,0,0,c,0.0063682967789964,0.0,0,0,0
0x45a35e,JLE,2045856168,2045856168,-33,2,0x45a350,CMP,1,NonLeaf,edx(-1) ,rflags ,VMOVSD,8,CMP,6,NOP,3,RET_NEAR,1,POP,1,CMP,6,JNLE,6,VMOVSD,8,VMOVSD,8,VMULSD,4,0,0,1,0,0,JNE,0,0,1,0,0,0,JG,0,0,4563792,4563773,4563808,0,0,0,0,c,0.0111154022992419,1.0,1,0,1
0x45a340,JNZ,4089352616,0,786,6,0x45a33d,TEST,1,NonLeaf,bpl(-1) bpl(-1) ,rflags ,TEST,3,VMULSD,6,JNZ,6,JP,6,VUCOMISD,4,ADD,4,POP,1,POP,1,RET_NEAR,1,NOP,3,0,1,0,0,0,JMP,0,0,1,1,0,0,RET,0,0,4563773,4564562,4563782,0,0,1,0,c,0.0222179839332172,0.0,0,0,0
0x45a331,JNZ,2043496448,28473,423,6,0x45a327,VUCOMISD,0,NonLeaf,xmm1(-1) xmm0(-1) ,rflags ,JP,6,VUCOMISD,4,VADDSD,4,VMULSD,8,VADDSD,4,VMULSD,6,TEST,3,JNZ,6,ADD,4,POP,1,0,0,0,0,0,CALL,0,1,1,0,0,0,VMULSD,0,0,4563761,4564184,4563767,0,1,1,0,c,0.0111025816339753,1.3933471735596576e-05,0,0,0
0x45a1dd,JNBE,4089352616,2045856168,371,6,0x45a1d7,CMP,1,NonLeaf,esi(LEA) ,rflags ,CMP,6,LEA,6,AND,6,MOV,2,SAR,4,VMOVSD,8,VMOVSD,8,VMULSD,4,VMOVSD,8,VADDSD,4,0,1,0,0,0,JLE,0,0,1,0,0,0,JP,0,0,4563383,4563792,4563427,0,0,0,1,c,0.0222179839332172,0.5002885199958995,1,0,1
0x45a1af,JNZ,4089352616,0,1223,6,0x45a1a9,CMP,1,NonLeaf,ebx(MOV) eax(AND) ,rflags ,MOV,4,CMP,2,AND,3,MOV,2,MOV,4,XOR,2,VMOVSD,6,MOV,5,MOV,3,SAR,4,0,1,0,0,0,JMP,0,0,1,0,0,0,XOR,0,0,4563344,4564598,4563381,0,0,0,0,c,0.0222179839332172,0.0,0,0,0
0x453a5b,JLE,2925,0,25,2,0x453a58,TEST,1,NonLeaf,rbp(-1) rbp(-1) ,rflags ,TEST,3,JMP,5,XOR,3,JMP,5,MOVSXD,3,LEA,8,LEA,5,LEA,5,CALL_NEAR,5,SUB,3,0,1,1,0,0,JMP,0,0,1,0,0,0,CALL,0,1,4536920,4536948,4536925,0,0,0,1,c,1.5891904931452972e-08,0.0,0,0,0
0x453a1b,JZ,750126,2925,61,2,0x453a15,CMP,1,NonLeaf,r12(-1) ,rflags ,CMP,6,ADD,2,MOV,9,MOV,5,MOV,2,MOV,4,ADD,4,POP,1,POP,1,POP,2,0,1,0,0,0,JLE,0,0,1,1,0,0,RET,0,0,4536835,4536920,4536861,0,1,0,1,c,4.075531992687552e-06,0.0038993449100551,0,0,0
0x4539d9,JL,4502196,1501212,-25,2,0x4539d6,CMP,1,NonLeaf,rax(ADD) rdx(SUB) ,rflags ,CMP,3,ADD,3,SUB,4,IMUL,6,ADD,4,LEA,4,MOV,3,SAR,4,AND,5,MOV,5,1,1,1,1,1,JL,0,0,1,1,0,0,JMP,0,0,4536768,4536768,4536795,1,0,0,1,c,2.446101566316849e-05,0.3334399479720563,0,1,0
0x4539b0,JZ,3751110,750126,66,2,0x4539ac,CMP,1,NonLeaf,rsi(SUB) ,rflags ,CMP,4,SUB,4,ADD,3,IMUL,4,MOV,5,MOV,3,XOR,3,MOV,5,NOP,3,MOV,5,0,1,1,0,0,MOV,1,0,1,0,0,0,NOP,0,0,4536744,4536818,4536754,0,0,1,0,c,2.038026786578549e-05,0.1999744075753577,0,0,0
0x453994,JNZ,3751110,1500492,20,2,0x453990,TEST,1,NonLeaf,sil(-1) ,rflags ,TEST,4,NOP,8,JLE,2,CMP,4,MOV,3,MOV,3,SAR,3,MOV,5,IMUL,4,ADD,3,1,1,1,0,0,JE,0,0,1,0,0,0,ADD,0,0,4536720,4536744,4536726,1,0,0,0,c,2.038026786578549e-05,0.4000127962123211,0,1,0
0x453986,JLE,750126,0,125,2,0x453982,CMP,1,NonLeaf,rsi(MOV) ,rflags ,CMP,4,MOV,3,JNZ,2,CMP,3,SUB,4,NOP,8,TEST,4,JNZ,2,MOV,3,SAR,3,0,1,1,0,0,JE,1,0,1,0,0,0,NOP,0,0,4536706,4536835,4536712,0,0,1,0,c,4.075531992687552e-06,0.0,0,0,0
0x45397d,JNZ,2250378,1500252,-117,2,0x45397a,CMP,1,NonLeaf,rbp(-1) rsi(SUB) ,rflags ,CMP,3,SUB,4,MOV,5,AND,5,SAR,4,MOV,3,CMP,4,JLE,2,NOP,8,TEST,4,0,0,0,1,1,JNE,0,0,1,1,0,0,MOV,1,0,4536670,4536584,4536703,0,0,0,0,c,1.2226595978062656e-05,0.6666666666666666,1,1,1
0x453959,JL,5251602,3001224,-25,2,0x453956,CMP,1,NonLeaf,rax(ADD) rdx(SUB) ,rflags ,CMP,3,ADD,3,SUB,4,IMUL,6,ADD,4,ADD,3,ADD,3,SUB,4,MOV,3,SAR,4,1,1,1,1,1,JL,0,0,1,1,0,0,ADD,0,0,4536640,4536640,4536667,1,0,0,0,c,2.853263580233445e-05,0.5714873290093194,1,1,1
0x45392d,JLE,2250378,0,255,6,0x453927,CMP,1,NonLeaf,rbp(-1) r8(-1) ,rflags ,MOV,3,CMP,3,ADD,3,IMUL,4,MOV,5,MOV,3,XOR,2,NOP,8,MOV,5,ADD,4,0,1,0,0,0,JMP,0,0,1,0,0,0,NOP,0,0,4536615,4536876,4536627,0,0,0,0,c,1.2226595978062656e-05,0.0,0,0,0
0x45390c,JNZ,2250378,1500252,27,2,0x453908,TEST,1,NonLeaf,sil(-1) ,rflags ,TEST,4,NOP,6,SUB,3,XOR,3,MOV,3,MOV,3,SHR,4,ADD,3,SAR,3,MOV,5,1,1,1,0,0,JLE,0,0,1,0,0,0,ADD,0,0,4536584,4536615,4536590,0,0,0,0,c,1.2226595978062656e-05,0.6666666666666666,1,1,1
0x4538f3,JNL,750126,0,349,6,0x4538f0,CMP,1,NonLeaf,rbp(-1) rsi(-1) ,rflags ,CMP,3,MOV,3,CALL_NEAR,5,LEA,4,SUB,3,MOV,3,XOR,3,SUB,3,NOP,6,TEST,4,0,1,0,0,0,JMP,1,0,1,0,0,0,NOP,0,0,4536560,4536912,4536569,0,0,0,0,c,4.075531992687552e-06,0.0,0,0,0
0x4538c7,JLE,750126,750126,41,2,0x4538c4,CMP,1,NonLeaf,rsi(MOVSXD) r13(LEA) ,rflags ,CMP,3,LEA,4,ADD,3,MOVSXD,3,ADD,3,MOV,3,SUB,3,LEA,8,XOR,2,LEA,8,0,1,1,0,0,JGE,0,0,1,0,0,0,CALL,0,1,4536509,4536560,4536521,0,1,0,1,c,4.075531992687552e-06,1.0,1,0,1
0x4538b1,JLE,750126,0,405,6,0x4538ae,CMP,1,NonLeaf,edx(-1) ,rflags ,CMP,3,JNZ,2,SUB,4,JNZ,2,CMP,6,ADD,3,MOVSXD,3,ADD,3,LEA,4,CMP,3,0,1,0,0,0,JMP,0,0,1,0,0,0,MOVSXD,0,0,4536494,4536902,4536503,1,1,0,0,c,4.075531992687552e-06,0.0,0,0,0
0x45389c,JZ,750126,0,12,2,0x453896,CMP,1,NonLeaf,rdi(-1) rbp(-1) ,rflags ,CMP,6,JLE,2,MOV,3,TEST,3,MOVSXD,3,JMP,2,CMP,6,JNZ,2,SUB,4,JNZ,2,0,1,0,1,0,JNE,0,0,1,0,0,0,JMP,0,0,4536470,4536488,4536478,0,0,0,0,c,4.075531992687552e-06,0.0,0,0,0
0x453894,JLE,750126,0,26,2,0x45388e,TEST,1,NonLeaf,rbp(MOVSXD) rbp(MOVSXD) ,rflags ,MOV,3,TEST,3,MOVSXD,3,JZ,6,CMP,5,CMP,6,JZ,2,JMP,2,CMP,6,JNZ,2,0,1,1,0,0,JLE,0,0,1,0,0,0,JE,0,0,4536459,4536494,4536470,0,0,0,0,c,4.075531992687552e-06,0.0,0,0,0
0x452a9b,JNLE,147993,5578,-11,2,0x452a98,CMP,1,Leaf,rax(SUB) rdx(-1) ,rflags ,CMP,3,MULSD,4,SUB,4,NOP,1,MOV,5,MOVSD_XMM,4,RET_NEAR,1,MOVSD_XMM,8,CVTSI2SD,6,MULSD,4,1,1,1,1,1,JG,0,0,1,1,0,0,RET,1,0,4532880,4532880,4532893,1,0,0,1,c,8.040651919728271e-07,0.0376909718702911,0,1,0
0x452a7c,JNLE,142415,0,-191,6,0x452a79,TEST,1,Leaf,rdx(-1) rdx(-1) ,rflags ,TEST,3,JMP,5,LEA,4,JZ,2,CMP,6,MOVSD_XMM,8,MOV,5,NOP,1,SUB,4,MULSD,4,0,0,0,0,0,RET,1,0,1,0,0,0,NOP,0,0,4532857,4532669,4532866,0,0,1,0,c,7.737591934402991e-07,0.0,0,0,0
0x452a58,JNZ,196,196,24,2,0x452a50,CMP,1,Leaf,rdi(-1) ,rflags ,MOVSXD,3,CMP,5,JNZ,6,CMP,6,ADD,4,MOV,5,ADD,4,CMP,3,JNLE,2,CMP,6,0,1,0,0,0,JMP,0,0,1,0,0,0,MOV,0,0,4532816,4532848,4532826,0,0,0,0,c,1.064893458654626e-09,1.0,1,0,1
0x452a4a,JNZ,7723,7527,-237,6,0x452a44,CMP,1,Leaf,rsp(-1) ,rflags ,CMP,6,ADD,4,NOP,7,JMP,5,ADDSD,4,CMP,5,MOVSXD,3,JNZ,2,MOV,5,ADD,4,0,0,1,0,0,DIVSD,0,0,1,0,0,0,JNE,0,0,4532800,4532573,4532816,0,0,0,0,c,4.196006214892693e-08,0.97462126116794,1,0,1
0x45299c,JLE,142415,142415,221,6,0x452994,CMP,1,Leaf,rdx(MOVSXD) ,rflags ,MULSD,4,CMP,4,MOVSXD,3,CVTSI2SD,5,DIVSD,4,MOVSD_XMM,8,MOV,5,NOP,1,ADD,4,MULSD,4,0,1,0,0,0,JG,1,0,1,0,0,0,NOP,1,0,4532620,4532857,4532642,0,0,0,0,c,7.737591934402991e-07,1.0,1,1,1
0x452957,JZ,142415,7723,233,6,0x452950,CMP,1,Leaf,r10(AND) ,rflags ,CMP,7,AND,7,MOV,3,MOV,5,MOV,3,CVTSI2SD,5,CVTSI2SD,7,CVTSI2SD,7,MOVSD_XMM,8,MULSD,4,0,1,0,0,0,JNE,0,0,1,1,0,0,DIVSD,0,0,4532456,4532800,4532573,0,0,0,0,c,7.737591934402991e-07,0.0542288382543973,0,0,0
0x4528dc,JLE,2443245,2302730,-12,2,0x4528d6,CMP,1,Leaf,rax(ADD) ,rflags ,CMP,6,ADD,3,ADD,3,NOP,3,MOV,5,CVTSI2SD,5,MOV,5,MOV,3,IMUL,5,MOV,3,1,1,1,1,1,JLE,0,0,1,1,0,0,MOV,1,0,4532432,4532432,4532446,1,0,0,1,c,1.3274467440768484e-05,0.9424883709984058,1,1,1
0x4528c2,JNLE,142415,1900,515,6,0x4528b7,CMP,1,Leaf,rax(MOV) ,rflags ,MOV,5,CMP,6,MOV,4,JLE,6,CMP,3,MOV,5,NOP,3,ADD,3,ADD,3,CMP,6,0,1,0,0,0,JMP,1,0,1,0,0,0,NOP,0,0,4532403,4532933,4532424,0,0,0,0,c,7.737591934402991e-07,0.0133412912965628,0,0,0
0x4528ad,JLE,142415,0,283,6,0x4528aa,CMP,1,Leaf,edx(-1) ,rflags ,CMP,3,JL,6,CMP,4,MOV,3,JZ,6,MOV,4,CMP,6,MOV,5,JNLE,6,MOV,5,0,1,0,0,0,JE,1,0,1,0,0,0,JG,0,0,4532394,4532680,4532403,0,0,0,1,c,7.737591934402991e-07,0.0,0,0,0
0x4528a4,JL,142415,0,571,6,0x4528a0,CMP,1,Leaf,r9d(MOV) ,rflags ,CMP,4,MOV,3,JZ,6,TEST,3,MOV,4,CMP,3,JLE,6,MOV,4,CMP,6,MOV,5,0,1,0,0,0,JNE,0,0,1,0,0,0,JLE,0,0,4532381,4532959,4532394,0,0,0,0,c,7.737591934402991e-07,0.0,0,0,0
0x452897,JZ,142415,0,393,6,0x452894,TEST,1,Leaf,r8(MOV) r8(MOV) ,rflags ,TEST,3,MOV,4,INVALID,0,INVALID,0,INVALID,0,MOV,3,CMP,4,JL,6,CMP,3,JLE,6,0,1,0,0,0,RET,1,0,1,0,0,0,JL,0,0,4532368,4532768,4532381,0,0,1,0,c,7.737591934402991e-07,0.0,0,0,0
0x452889,JNZ,1994415,1709540,-17,2,0x452886,CMP,1,Leaf,rax(ADD) rcx(-1) ,rflags ,CMP,3,ADD,4,MOV,5,MOV,5,NOP,7,RET_NEAR,2,INVALID,0,INVALID,0,INVALID,0,INVALID,0,1,1,1,1,1,JNE,0,0,0,1,0,0,REPZ RET,1,0,4532344,4532344,4532363,1,0,1,0,c,1.0835915751748298e-05,0.8571636294351977,1,1,1
0x45286f,JS,284875,0,28,2,0x45286d,TEST,1,Leaf,edx(-1) edx(-1) ,rflags ,TEST,2,XOR,2,MOV,2,ADD,4,MOVSXD,3,NOP,7,MOV,5,MOV,5,ADD,4,CMP,3,0,1,1,0,0,REPZ RET,1,0,1,0,0,0,NOP,0,0,4532320,4532363,4532337,0,0,0,0,c,1.5477628777256971e-06,0.0,0,0,0
0x45281a,JZ,113942,0,30,2,0x452817,CMP,1,Leaf,rcx(MOV) rax(MOV) ,rflags ,CMP,3,MOV,6,MOV,4,MOV,4,JLE,2,CMP,3,SETNLE,3,MOVZX,3,LEA,4,RET_NEAR,1,0,1,0,1,0,JL,0,0,1,0,0,0,RET,0,0,4532233,4532280,4532252,0,1,0,0,c,6.190616860511502e-07,0.0,0,0,0
0x452807,JLE,113942,0,75,2,0x452804,TEST,1,Leaf,rdx(MOVSXD) rdx(MOVSXD) ,rflags ,TEST,3,MOVSXD,3,JL,2,MOV,5,JNLE,2,MOV,4,MOV,4,MOV,6,CMP,3,JZ,2,0,1,0,0,0,RET,0,0,1,0,0,0,JE,0,0,4532225,4532306,4532233,0,0,0,0,c,6.190616860511502e-07,0.0,0,0,0
0x4527f8,JNLE,341836,227884,56,2,0x4527f6,CMP,1,Leaf,rdi(-1) ecx(MOV) ,rflags ,CMP,2,MOV,2,JZ,2,MOV,5,CMP,5,MOV,5,JL,2,MOVSXD,3,TEST,3,JLE,2,0,0,0,0,0,REPZ RET,0,0,1,0,0,0,JL,0,0,4532212,4532272,4532218,0,0,0,0,c,1.8572393894523612e-06,0.6666471641371886,1,0,1
0x4527f2,JZ,341836,0,62,2,0x4527e8,CMP,1,Leaf,rsi(-1) ,rflags ,MOV,5,CMP,5,NOP,4,RET_NEAR,1,NEG,2,MOV,2,CMP,2,JNLE,2,MOV,5,JL,2,0,1,0,0,0,REPZ RET,0,0,1,0,0,0,JG,0,0,4532200,4532272,4532212,0,0,0,0,c,1.8572393894523612e-06,0.0,0,0,0
0x452455,JNBE,5,0,211,6,0x452451,UCOMISD,1,Leaf,xmm6(-1) xmm5(-1) ,rflags ,UCOMISD,4,JBE,6,MOVAPD,4,UCOMISD,4,JBE,6,SUBSD,4,MOVAPD,4,ADDSD,4,ADDSD,4,ADDSD,6,0,1,0,0,0,JMP,0,0,1,0,0,0,ADDSD,0,0,4531281,4531496,4531291,0,0,0,0,c,2.7165649455475163e-11,0.0,0,0,0
0x45244b,JBE,5,2,253,6,0x452443,UCOMISD,1,Leaf,xmm0(-1) xmm1(-1) ,rflags ,MOVAPD,4,UCOMISD,4,JBE,6,ADDSD,4,MOVAPD,4,UCOMISD,4,JNBE,6,SUBSD,4,MOVAPD,4,ADDSD,4,0,1,0,0,0,JMP,0,0,1,1,0,0,JA,0,0,4531267,4531528,4531281,0,0,0,0,c,2.7165649455475163e-11,0.4,0,0,0
0x45243d,JBE,5,2,291,6,0x452429,UCOMISD,1,Leaf,xmm2(ADDSD) xmm1(-1) ,rflags ,ADDSD,4,MOVAPD,4,ADDSD,4,MOVAPD,4,UCOMISD,4,UCOMISD,4,MOVAPD,4,JBE,6,UCOMISD,4,JNBE,6,0,1,0,0,0,JMP,0,0,1,1,0,0,JBE,0,0,4530981,4531552,4531267,0,0,0,0,c,2.7165649455475163e-11,0.4,0,0,0
0x452303,JBE,5,5,429,6,0x4522fe,UCOMISD,1,Leaf,xmm14(-1) xmm6(-1) ,rflags ,UCOMISD,5,JBE,6,MOVAPD,5,UCOMISD,5,JBE,6,MOVAPD,5,SUBSD,5,ADDSD,5,ADDSD,8,ADDSD,5,0,1,0,0,0,JMP,0,0,1,0,0,0,ADDSD,0,0,4530942,4531376,4530953,0,0,0,0,c,2.7165649455475163e-11,1.0,1,0,1
0x4522f8,JBE,5,0,640,6,0x4522ee,UCOMISD,1,Leaf,xmm11(-1) xmm1(-1) ,rflags ,MOVAPD,5,UCOMISD,5,JBE,6,ADDSD,5,MOVAPD,5,UCOMISD,5,JBE,6,MOVAPD,5,SUBSD,5,ADDSD,5,0,1,0,0,0,JMP,0,0,1,1,0,0,JBE,0,0,4530926,4531576,4530942,0,0,0,0,c,2.7165649455475163e-11,0.0,0,0,0
0x452209,JBE,5,5,719,6,0x452204,UCOMISD,1,Leaf,xmm12(-1) xmm6(-1) ,rflags ,UCOMISD,5,JBE,6,MOVAPD,5,UCOMISD,5,JBE,6,MOVAPD,5,SUBSD,5,ADDSD,5,ADDSD,8,ADDSD,5,0,1,0,0,0,JMP,0,0,1,0,0,0,ADDSD,0,0,4530692,4531416,4530703,0,0,0,0,c,2.7165649455475163e-11,1.0,1,0,1
0x4521fe,JBE,5,0,938,6,0x4521f4,UCOMISD,1,Leaf,xmm11(-1) xmm1(-1) ,rflags ,MOVAPD,5,UCOMISD,5,JBE,6,MOVAPD,5,ADDSD,5,UCOMISD,5,JBE,6,MOVAPD,5,SUBSD,5,ADDSD,5,0,1,0,0,0,JMP,0,0,1,1,0,0,JBE,0,0,4530676,4531624,4530692,0,0,0,0,c,2.7165649455475163e-11,0.0,0,0,0
0x4521ee,JBE,5,0,978,6,0x4521da,UCOMISD,1,Leaf,xmm10(ADDSD) xmm1(-1) ,rflags ,MOVAPD,5,ADDSD,5,ADDSD,5,UCOMISD,5,SUBSD,5,UCOMISD,5,MOVAPD,5,JBE,6,UCOMISD,5,JBE,6,0,1,0,0,0,JMP,0,0,1,1,0,0,JBE,0,0,4530481,4531648,4530676,0,0,0,0,c,2.7165649455475163e-11,0.0,0,0,0
0x45210f,JBE,5,5,1009,6,0x45210a,UCOMISD,1,Leaf,xmm12(-1) xmm6(-1) ,rflags ,UCOMISD,5,JBE,6,MOVAPD,5,UCOMISD,5,JBE,6,MOVAPD,5,SUBSD,5,ADDSD,5,ADDSD,8,ADDSD,5,0,1,0,0,0,JMP,0,0,1,0,0,0,ADDSD,0,0,4530442,4531456,4530453,0,0,0,0,c,2.7165649455475163e-11,1.0,1,0,1
0x452104,JBE,5,0,1236,6,0x4520fa,UCOMISD,1,Leaf,xmm11(-1) xmm1(-1) ,rflags ,MOVAPD,5,UCOMISD,5,JBE,6,MOVAPD,5,ADDSD,5,UCOMISD,5,JBE,6,MOVAPD,5,SUBSD,5,ADDSD,5,0,1,0,0,0,JMP,0,0,1,1,0,0,JBE,0,0,4530426,4531672,4530442,0,0,0,0,c,2.7165649455475163e-11,0.0,0,0,0
0x4520f4,JBE,5,0,1276,6,0x4520e0,UCOMISD,1,Leaf,xmm10(ADDSD) xmm1(-1) ,rflags ,MOVAPD,5,ADDSD,5,ADDSD,5,UCOMISD,5,SUBSD,5,UCOMISD,5,MOVAPD,5,JBE,6,UCOMISD,5,JBE,6,0,1,0,0,0,JMP,0,0,1,1,0,0,JBE,0,0,4530204,4531696,4530426,0,0,0,0,c,2.7165649455475163e-11,0.0,0,0,0
0x451ffd,JBE,5,5,1171,6,0x451ff8,UCOMISD,1,Leaf,xmm10(-1) xmm6(-1) ,rflags ,UCOMISD,5,JBE,6,MOVAPD,4,UCOMISD,4,JBE,6,MOVAPD,4,SUBSD,5,ADDSD,4,ADDSD,8,ADDSD,4,0,1,0,0,0,JMP,0,0,1,0,0,0,ADDSD,0,0,4530168,4531344,4530179,0,0,0,0,c,2.7165649455475163e-11,1.0,1,0,1
0x451ff2,JBE,5,0,1558,6,0x451fea,UCOMISD,1,Leaf,xmm5(-1) xmm1(-1) ,rflags ,MOVAPD,4,UCOMISD,4,JBE,6,UCOMISD,4,XORPD,4,UCOMISD,5,JBE,6,MOVAPD,4,SUBSD,5,ADDSD,4,0,1,0,0,0,JMP,0,0,1,1,0,0,JBE,0,0,4530154,4531720,4530168,0,0,0,0,c,2.7165649455475163e-11,0.0,0,0,0
0x451fe4,JBE,5,0,1596,6,0x451fe0,UCOMISD,1,Leaf,xmm2(MULSD) xmm1(XORPD) ,rflags ,UCOMISD,4,XORPD,4,ADDSD,5,SUBSD,5,ADDSD,4,UCOMISD,4,MOVAPD,4,JBE,6,UCOMISD,5,JBE,6,0,1,0,0,0,JMP,0,0,1,1,0,0,JBE,0,0,4529872,4531744,4530154,0,0,0,0,c,2.7165649455475163e-11,0.0,0,0,0
0x44f4f9,JNP,2,2,-326,6,0x44f4f5,UCOMISD,1,NonLeaf,xmm1(ADDSD) xmm0(ADDSD) ,rflags ,UCOMISD,4,ADDSD,4,MULSD,4,MOVSD_XMM,8,ADDSD,4,JMP,5,INVALID,0,INVALID,0,INVALID,0,INVALID,0,0,0,0,0,0,JE,0,0,1,0,0,0,JMP,0,0,4519069,4518835,4519167,0,0,0,0,c,1.0866259782190064e-11,1.0,1,1,1
0x44f442,JNZ,733,2,61,2,0x44f43c,UCOMISD,0,NonLeaf,xmm2(-1) xmm4(-1) ,rflags ,JP,2,UCOMISD,4,ADDSD,4,MULSD,8,ADDSD,4,MOVAPD,4,ADDSD,4,JMP,5,TEST,2,JNZ,6,0,0,0,0,0,CALL,0,1,1,0,0,0,JMP,0,0,4518978,4519039,4518980,0,0,1,0,c,3.982484210172658e-09,0.0027285129604365,0,0,0
0x44f440,JP,733,0,63,2,0x44f43c,UCOMISD,1,NonLeaf,xmm2(ADDSD) xmm4(ADDSD) ,rflags ,UCOMISD,4,ADDSD,4,MULSD,8,ADDSD,4,SUBSD,4,JNZ,2,MOVAPD,4,ADDSD,4,JMP,5,TEST,2,0,1,0,0,0,CALL,0,1,1,0,0,0,JNE,0,0,4518900,4519039,4518978,0,0,1,0,c,3.982484210172658e-09,0.0,0,0,0
0x44f3b3,JZ,2,2,-436,6,0x44f3ad,UCOMISD,0,NonLeaf,xmm1(-1) xmm0(-1) ,rflags ,JP,2,UCOMISD,4,ADDSD,4,MOVSD_XMM,6,MULSD,4,MOVAPD,4,MULSD,8,ADDSD,4,MOVAPD,4,ADDSD,4,0,0,0,0,0,JMP,0,0,0,0,0,0,CALL,0,1,4518835,4518399,4518841,1,1,0,1,c,1.0866259782190064e-11,1.0,1,0,1
0x44f2c7,JNZ,490,4,-856,6,0x44f2a1,CMP,0,NonLeaf,eax(-1) ,rflags ,JMP,5,DIVSD,4,MOVQ,8,JZ,6,JNLE,6,JMP,5,MOVAPD,4,ADDSD,5,ADDSD,4,SUBSD,4,0,0,0,0,0,JLE,0,0,1,0,0,0,JMP,0,0,4518599,4517743,4518605,1,0,0,0,c,2.662233646636566e-09,0.0081632653061224,0,1,0
0x44f208,JNZ,1054,5,-1962,6,0x44f1ef,UCOMISD,0,NonLeaf,xmm4(-1) xmm0(-1) ,rflags ,JMP,5,ADDSD,4,JNZ,6,JP,6,UCOMISD,4,NOP,2,JMP,5,MOVAPD,4,MOVAPD,4,CALL_NEAR,5,0,0,0,0,0,JLE,0,0,1,0,0,0,JMP,0,0,4518408,4516446,4518414,0,0,0,0,c,5.726518905214164e-09,0.0047438330170777,0,0,0
0x44f1f9,JNZ,10,0,374,6,0x44f1ef,UCOMISD,0,NonLeaf,xmm4(-1) xmm0(-1) ,rflags ,JP,6,UCOMISD,4,ADDSD,4,MULSD,8,ADDSD,4,ADDSD,4,JMP,5,JNZ,6,NOP,2,JMP,5,0,0,0,0,0,CALL,0,1,0,0,0,0,JMP,0,0,4518393,4518767,4518399,0,1,1,0,c,5.4331298910950325e-11,0.0,0,0,0
0x44f1f3,JP,10,0,380,6,0x44f1ef,UCOMISD,1,NonLeaf,xmm4(ADDSD) xmm0(ADDSD) ,rflags ,UCOMISD,4,ADDSD,4,MULSD,8,ADDSD,4,SUBSD,4,JNZ,6,ADDSD,4,JMP,5,JNZ,6,NOP,2,0,1,0,0,0,CALL,0,1,1,0,0,0,JNE,0,0,4518335,4518767,4518393,0,0,1,0,c,5.4331298910950325e-11,0.0,0,0,0
0x44f1b9,JS,743,733,571,6,0x44f0d6,TEST,1,NonLeaf,edx(-1) edx(-1) ,rflags ,MULSD,4,ADDSD,8,MULSD,4,ADDSD,8,MULSD,4,MOVAPD,4,MOVAPD,4,MOVAPD,4,ADDSD,4,MULSD,4,0,1,0,0,0,JP,0,0,1,0,0,0,JP,0,0,4518053,4518900,4518335,0,0,0,0,c,4.0368155090836086e-09,0.9865410497981156,1,0,1
0x44f08b,JLE,743,733,848,6,0x44f081,TEST,1,NonLeaf,edx(-1) edx(-1) ,rflags ,MOVSD_XMM,8,TEST,2,JNLE,6,CMP,5,JMP,5,MOVAPD,4,MOVSD_XMM,8,SUBSD,4,MULSD,4,MOVSD_XMM,6,0,1,0,0,0,JMP,0,0,1,0,0,0,MULSD,0,0,4518017,4518875,4518033,0,0,0,0,c,4.0368155090836086e-09,0.9865410497981156,1,0,1
0x44f07b,JNLE,743,0,539,6,0x44f076,CMP,1,NonLeaf,eax(-1) ,rflags ,CMP,5,JMP,5,SUBSD,9,XORPD,4,MOVSD_XMM,9,TEST,2,MOVSD_XMM,8,JLE,6,MOVAPD,4,MOVSD_XMM,8,0,1,0,0,0,JE,0,0,1,0,0,0,JLE,0,0,4518006,4518550,4518017,0,0,0,0,c,4.0368155090836086e-09,0.0,0,0,0
0x44efe8,JNZ,11199,119,-888,6,0x44ef7a,TEST,0,NonLeaf,edx(-1) edx(-1) ,rflags ,NOP,4,JMP,5,ADDSD,4,MOVSD_XMM,8,SUBSD,4,JMP,5,NOP,5,MOVAPD,4,ADDSD,5,ADDSD,4,0,0,0,0,0,JLE,0,0,1,0,0,0,JMP,0,0,4517864,4516976,4517870,0,0,0,0,c,6.084562165037326e-08,0.0106259487454236,0,0,0
0x44efb5,JLE,4,3,913,6,0x44ef7a,TEST,1,NonLeaf,edx(-1) edx(-1) ,rflags ,ADDSD,4,ADDSD,4,SUBSD,4,ADDSD,4,ADDSD,5,MOVAPD,4,SUBSD,4,SUBSD,4,MOVAPD,4,SUBSD,4,0,1,0,0,0,JMP,0,0,1,0,0,0,JMP,0,0,4517743,4518726,4517819,0,0,0,0,c,2.173251956438013e-11,0.75,1,0,1
0x44ef69,JNP,490,490,862,6,0x44ef65,UCOMISD,1,NonLeaf,xmm2(ADDSD) xmm0(ADDSD) ,rflags ,UCOMISD,4,ADDSD,4,MULSD,5,ADDSD,4,SUBSD,4,LEA,6,ADD,5,TEST,2,CDQE,2,MOVAPD,5,0,1,0,0,0,JNE,0,0,1,0,0,0,JLE,0,0,4517708,4518599,4517743,0,0,0,0,c,2.662233646636566e-09,1.0,1,0,1
0x44ef19,JLE,490,488,995,6,0x44ee6a,TEST,1,NonLeaf,edx(-1) edx(-1) ,rflags ,ADDSD,4,MOVSXD,3,LEA,6,ADDSD,9,MULSD,4,MOVSD_XMM,8,MOVAPD,4,MOVSD_XMM,9,MOVAPD,5,SUBSD,4,0,1,0,0,0,JMP,0,0,1,0,0,0,MOVAPD,0,0,4517380,4518652,4517663,0,0,0,0,c,2.662233646636566e-09,0.9959183673469388,1,0,1
0x44ede5,JLE,490,488,1339,6,0x44eddd,TEST,1,NonLeaf,edx(-1) edx(-1) ,rflags ,LEA,6,TEST,2,SUB,2,SHL,3,MOV,2,MOVAPD,4,MOVSXD,3,MOVSD_XMM,9,SUBSD,9,LEA,6,0,1,0,0,0,JMP,0,0,1,0,0,0,SUBSD,0,0,4517323,4518688,4517355,0,0,0,0,c,2.662233646636566e-09,0.9959183673469388,1,0,1
0x44edc5,JNLE,1233,743,689,6,0x44edc0,CMP,1,NonLeaf,eax(-1) ,rflags ,CMP,5,NOP,10,JMP,5,SUBSD,9,XORPD,4,MOV,2,AND,6,SAR,3,MOV,2,SHL,3,0,1,0,0,0,JG,0,0,1,0,0,0,JLE,0,0,4517312,4518006,4517323,0,0,0,0,c,6.699049155720175e-09,0.602595296025953,1,0,1
0x44ecf0,JNZ,1469077,29045,-1408,6,0x44ec7b,TEST,0,NonLeaf,edx(-1) edx(-1) ,rflags ,NOP,3,JMP,5,MOVAPD,4,MAXSD,4,JMP,5,JMP,5,NOP,5,MOVAPD,4,MOVSD_XMM,9,ADDSD,4,0,0,0,0,0,JLE,0,0,1,0,0,0,JMP,0,0,4517104,4515696,4517110,0,0,0,0,c,7.981686161020216e-06,0.019770917385542,0,1,0
0x44ecb0,JLE,119,106,1399,6,0x44ec7b,TEST,1,NonLeaf,edx(-1) edx(-1) ,rflags ,ADDSD,4,ADDSD,4,SUBSD,4,ADDSD,4,ADDSD,4,MOVAPD,4,SUBSD,4,SUBSD,4,MOVAPD,4,SUBSD,4,0,1,0,0,0,JMP,0,0,1,0,0,0,JMP,0,0,4516976,4518439,4517046,0,0,0,0,c,6.465424570403087e-10,0.8907563025210085,1,0,1
0x44ec6a,JNP,11199,11199,894,6,0x44ec66,UCOMISD,1,NonLeaf,xmm2(ADDSD) xmm0(ADDSD) ,rflags ,UCOMISD,4,ADDSD,4,MULSD,5,ADDSD,4,SUBSD,4,LEA,6,ADD,5,TEST,2,CDQE,2,MOVSXD,3,0,1,0,0,0,JNE,0,0,1,0,0,0,JLE,0,0,4516941,4517864,4516976,0,0,0,0,c,6.084562165037326e-08,1.0,1,1,1
0x44ec2d,JLE,11199,10909,1019,6,0x44eba7,TEST,1,NonLeaf,edx(-1) edx(-1) ,rflags ,ADDSD,4,MOVSD_XMM,9,MOVSXD,3,LEA,6,ADDSD,9,MOVSD_XMM,9,SUBSD,4,MOVAPD,5,SUBSD,4,MOVAPD,4,0,1,0,0,0,JMP,0,0,1,0,0,0,MOVAPD,0,0,4516663,4517928,4516915,0,0,0,0,c,6.084562165037326e-08,0.9741048307884632,1,0,1
0x44eb18,JLE,11199,10909,1336,6,0x44eb0a,TEST,1,NonLeaf,edx(-1) edx(-1) ,rflags ,LEA,6,LEA,3,LEA,3,TEST,2,SAR,3,MOVAPD,4,MOVSXD,3,MOVSD_XMM,9,SUBSD,9,LEA,7,0,1,0,0,0,JMP,0,0,1,0,0,0,SUBSD,0,0,4516608,4517968,4516638,0,0,0,0,c,6.084562165037326e-08,0.9741048307884632,1,0,1
0x44eaf0,JNZ,7094984,142976,-1534,6,0x44ead5,SAR,0,NonLeaf,eax(-1) ,eax rflags ,NOP,9,JMP,5,LEA,7,LEA,3,SAR,3,JMP,5,NOP,5,MOV,2,AND,5,SAR,3,0,0,0,0,0,JLE,0,0,1,0,0,0,JMP,0,0,4516592,4515058,4516598,1,0,0,0,c,3.8547969647241e-05,0.0201517015401303,0,1,0
0x44ea9e,JLE,5,5,2100,6,0x44ea69,TEST,0,NonLeaf,edx(-1) edx(-1) ,rflags ,ADDSD,4,ADDSD,4,SUBSD,4,ADDSD,4,ADDSD,4,MOVAPD,4,SUBSD,4,SUBSD,4,MOVAPD,4,SUBSD,4,0,1,0,0,0,JMP,0,0,1,0,0,0,JMP,0,0,4516446,4518610,4516516,0,0,0,0,c,2.7165649455475163e-11,1.0,1,0,1
0x44ea58,JNP,1054,1054,1968,6,0x44ea54,UCOMISD,1,NonLeaf,xmm2(ADDSD) xmm0(ADDSD) ,rflags ,UCOMISD,4,ADDSD,4,MULSD,5,ADDSD,4,SUBSD,4,LEA,6,ADD,5,TEST,2,CDQE,2,MOVSXD,3,0,1,0,0,0,JNE,0,0,1,0,0,0,JLE,0,0,4516411,4518408,4516446,0,0,0,0,c,5.726518905214164e-09,1.0,1,1,1
0x44ea1b,JLE,1054,1041,2102,6,0x44e962,TEST,1,NonLeaf,edx(-1) edx(-1) ,rflags ,ADDSD,4,MOVSD_XMM,9,MOVSXD,3,LEA,6,ADDSD,9,MOVSD_XMM,9,SUBSD,4,MOVAPD,5,SUBSD,4,MOVAPD,4,0,1,0,0,0,JMP,0,0,1,0,0,0,MOVAPD,0,0,4516111,4518481,4516385,0,0,0,0,c,5.726518905214164e-09,0.9876660341555976,1,0,1
0x44e8f0,JLE,1054,1041,2432,6,0x44e8e8,TEST,1,NonLeaf,edx(-1) edx(-1) ,rflags ,LEA,6,TEST,2,IMUL,3,SAR,3,AND,5,MOVAPD,4,MOVSXD,3,MOVSD_XMM,9,SUBSD,9,LEA,6,0,1,0,0,0,JMP,0,0,1,0,0,0,SUBSD,0,0,4516054,4518512,4516086,0,0,0,0,c,5.726518905214164e-09,0.9876660341555976,1,0,1
0x44e8d0,JNLE,2287,1233,1264,6,0x44e8cb,CMP,1,NonLeaf,eax(-1) ,rflags ,CMP,5,JLE,6,CMP,5,NOP,8,JMP,5,MOV,2,MOV,5,AND,5,SAR,3,IMUL,3,0,1,0,0,0,JG,0,0,1,0,0,0,JLE,0,0,4516043,4517312,4516054,0,0,0,0,c,1.242556806093434e-08,0.5391342369916922,1,0,1
0x44e8c5,JLE,13486,11199,571,6,0x44e8c0,CMP,1,NonLeaf,eax(-1) ,rflags ,CMP,5,NOP,8,JMP,5,CALL_NEAR,5,ADDSD,4,CMP,5,JNLE,6,MOV,2,MOV,5,AND,5,0,1,0,0,0,JLE,0,0,1,0,0,0,JG,0,0,4516032,4516608,4516043,0,0,0,0,c,7.327118971130762e-08,0.8304167284591428,1,0,1
0x44e898,JZ,3,3,-1256,6,0x44e88e,UCOMISD,0,NonLeaf,xmm0(MOVAPD) xmm1(-1) ,rflags ,MOVAPD,4,JP,2,UCOMISD,4,ADDSD,4,MULSD,4,MULSD,8,MOVAPD,4,ADDSD,4,CALL_NEAR,5,JMP,5,0,0,1,0,0,RET,0,0,0,0,0,0,CALL,0,1,4515988,4514736,4515998,0,0,0,1,c,1.6299389673285098e-11,1.0,1,1,1
0x44e892,JP,3,0,12,2,0x44e88e,UCOMISD,1,NonLeaf,xmm0(ADDSD) xmm1(ADDSD) ,rflags ,UCOMISD,4,ADDSD,4,MULSD,4,ADDSD,4,SUBSD,4,MOVAPD,4,JZ,6,MULSD,8,MOVAPD,4,ADDSD,4,0,1,0,0,0,CALL,0,1,1,0,0,0,JE,0,0,4515900,4515998,4515988,0,0,1,0,c,1.6299389673285098e-11,0.0,0,0,0
0x44e808,JNZ,32517,127,-1417,6,0x44e7f3,UCOMISD,0,NonLeaf,xmm0(-1) xmm4(-1) ,rflags ,NOP,6,JMP,5,JNP,6,UCOMISD,4,ADDSD,4,NOP,2,JMP,5,NOP,3,XORPD,4,LEA,5,0,0,0,0,0,JP,0,0,1,0,0,0,JMP,0,0,4515848,4514431,4515854,0,0,0,0,c,1.7666908466873716e-07,0.0039056493526463,0,1,0
0x44e7f7,JNP,29173,29173,-641,6,0x44e7f3,UCOMISD,1,NonLeaf,xmm0(ADDSD) xmm4(ADDSD) ,rflags ,UCOMISD,4,ADDSD,4,MULSD,4,ADDSD,4,SUBSD,4,JMP,5,NOP,6,JNZ,6,NOP,2,JMP,5,0,0,0,0,0,JE,0,0,1,0,0,0,JMP,0,0,4515803,4515190,4515837,0,0,0,0,c,1.5850069831291537e-07,1.0,1,1,1
0x44e7b0,JLE,29045,28989,2120,6,0x44e77b,TEST,1,NonLeaf,edx(-1) edx(-1) ,rflags ,ADDSD,4,ADDSD,4,SUBSD,4,ADDSD,4,ADDSD,4,MOVAPD,4,SUBSD,4,SUBSD,4,MOVAPD,4,SUBSD,4,0,1,0,0,0,JMP,0,0,1,0,0,0,ADDSD,0,0,4515696,4517880,4515766,0,0,0,0,c,1.5780525768685521e-07,0.998071957307626,1,0,1
0x44e76a,JNP,1469077,1469077,1414,6,0x44e766,UCOMISD,1,NonLeaf,xmm2(ADDSD) xmm0(ADDSD) ,rflags ,UCOMISD,4,ADDSD,4,MULSD,5,ADDSD,4,SUBSD,4,LEA,6,ADD,5,TEST,2,CDQE,2,MOVSXD,3,0,1,0,0,0,JNE,0,0,1,0,0,0,JLE,0,0,4515661,4517104,4515696,0,0,0,0,c,7.981686161020216e-06,1.0,1,1,1
0x44e72d,JLE,1469077,1467362,1595,6,0x44e692,TEST,1,NonLeaf,edx(-1) edx(-1) ,rflags ,ADDSD,4,MOVSD_XMM,9,MOVSXD,3,LEA,6,ADDSD,9,MOVSD_XMM,9,SUBSD,4,MOVAPD,5,SUBSD,4,MOVAPD,4,0,1,0,0,0,JMP,0,0,1,0,0,0,MOVAPD,0,0,4515407,4517224,4515635,0,0,0,0,c,7.981686161020216e-06,0.9988326003334066,1,0,1
0x44e630,JLE,1469077,1467362,1888,6,0x44e625,TEST,1,NonLeaf,edx(-1) edx(-1) ,rflags ,LEA,6,LEA,3,TEST,2,SAR,3,AND,5,MOVAPD,4,MOVSXD,3,MOVSD_XMM,9,SUBSD,9,LEA,7,0,1,0,0,0,JMP,0,0,1,0,0,0,SUBSD,0,0,4515355,4517264,4515382,0,0,0,0,c,7.981686161020216e-06,0.9988326003334066,1,0,1
0x44e615,JNLE,1482563,13486,683,6,0x44e610,CMP,1,NonLeaf,eax(-1) ,rflags ,CMP,5,NOP,1,JMP,5,MOVAPD,4,MINSD,4,MOV,2,AND,5,SAR,3,TEST,2,LEA,3,0,1,0,0,0,JLE,0,0,1,0,0,0,JLE,0,0,4515344,4516032,4515355,0,0,0,0,c,8.054957350731524e-06,0.0090964093937323,0,0,0
0x44e5fc,JBE,864,0,3097,6,0x44e5f8,UCOMISD,1,NonLeaf,xmm0(MOVSD_XMM) xmm5(-1) ,rflags ,UCOMISD,4,MOVSD_XMM,8,JNBE,6,UCOMISD,8,ADDSD,6,MINSD,4,MOVAPD,4,JMP,5,NOP,1,CMP,5,0,1,0,0,0,CALL,0,1,1,0,0,0,JMP,0,0,4515312,4518421,4515330,0,0,1,0,c,4.694224225906108e-09,0.0,0,0,0
0x44e5ea,JNBE,1726,862,1782,6,0x44e5e2,UCOMISD,1,NonLeaf,xmm5(ADDSD) rip(JNBE) ,rflags ,UCOMISD,8,ADDSD,6,MOVSD_XMM,6,SUBSD,4,MOVSD_XMM,6,MOVSD_XMM,8,UCOMISD,4,JBE,6,MINSD,4,MOVAPD,4,0,1,0,0,0,JMP,0,0,1,0,0,0,JBE,0,0,4515264,4517088,4515312,0,0,0,0,c,9.377582192030026e-09,0.4994206257242178,0,0,0
0x44e57a,JZ,172149,170423,-458,6,0x44e570,UCOMISD,0,NonLeaf,xmm0(MOVAPD) xmm4(-1) ,rflags ,MOVAPD,4,JP,2,UCOMISD,4,ADDSD,4,MULSD,4,MOVSD_XMM,8,MOVAPD,4,LEA,5,MOVSD_XMM,6,MULSD,4,0,0,1,0,0,RET,0,0,0,0,0,0,CALL,0,1,4515190,4514736,4515200,0,0,0,1,c,9.353078776221188e-07,0.9899738017647502,1,1,1
0x44e574,JP,142976,0,12,2,0x44e570,UCOMISD,1,NonLeaf,xmm0(ADDSD) xmm4(ADDSD) ,rflags ,UCOMISD,4,ADDSD,4,MULSD,4,ADDSD,4,SUBSD,4,MOVAPD,4,JZ,6,MOVSD_XMM,8,MOVAPD,4,LEA,5,0,0,0,0,0,CALL,0,1,0,0,0,0,JE,0,0,4515152,4515200,4515190,0,0,1,0,c,7.768071793092034e-07,0.0,0,0,0
0x44e52d,JLE,142976,142795,2067,6,0x44e4f8,TEST,1,NonLeaf,edx(-1) edx(-1) ,rflags ,ADDSD,4,ADDSD,4,SUBSD,4,ADDSD,4,ADDSD,4,MOVAPD,4,SUBSD,4,SUBSD,4,MOVAPD,4,SUBSD,4,0,1,0,0,0,JMP,0,0,1,0,0,0,ADDSD,0,0,4515058,4517184,4515123,0,0,0,0,c,7.768071793092034e-07,0.9987340532676812,1,0,1
0x44e4ec,JNP,7094984,7094984,1540,6,0x44e4e8,UCOMISD,1,NonLeaf,xmm2(ADDSD) xmm0(ADDSD) ,rflags ,UCOMISD,4,ADDSD,4,MULSD,8,ADDSD,4,SUBSD,4,LEA,3,ADD,3,TEST,2,CDQE,2,MOVSXD,3,0,1,0,0,0,JNE,0,0,1,0,0,0,JLE,0,0,4515020,4516592,4515058,0,0,0,0,c,3.8547969647241e-05,1.0,1,1,1
0x44e4ac,JLE,7094984,7084745,2132,6,0x44e40f,TEST,1,NonLeaf,edx(-1) edx(-1) ,rflags ,ADDSD,4,MOVSD_XMM,9,MOVSXD,3,LEA,3,ADDSD,9,MOVSD_XMM,9,SUBSD,4,MOVAPD,5,SUBSD,4,MOVAPD,4,0,1,0,0,0,JMP,0,0,1,0,0,0,MOVAPD,0,0,4514814,4517120,4514994,0,0,0,0,c,3.8547969647241e-05,0.99855686778152,1,0,1
0x44e3e8,JLE,7094984,7084745,2360,6,0x44e3e6,TEST,1,NonLeaf,edx(-1) edx(-1) ,rflags ,TEST,2,LEA,3,LEA,3,SAR,3,AND,5,MOVAPD,4,MOVSXD,3,SUBSD,9,LEA,4,LEA,4,0,1,0,0,0,JMP,0,0,1,0,0,0,SUBSD,0,0,4514790,4517152,4514798,0,0,0,0,c,3.8547969647241e-05,0.99855686778152,1,0,1
0x44e3d2,JNLE,7094984,6873117,1790,6,0x44e3cb,CMP,1,NonLeaf,eax(MOV) ,rflags ,MOV,2,CMP,5,JNLE,6,CMP,5,NOP,9,AND,5,SAR,3,LEA,3,LEA,3,TEST,2,0,1,0,0,0,JMP,0,0,1,0,0,0,LEA,0,0,4514763,4516560,4514776,1,1,0,0,c,3.8547969647241e-05,0.9687290344840804,1,0,1
0x44e3c5,JNLE,8577547,1482563,587,6,0x44e3c0,CMP,1,NonLeaf,eax(-1) ,rflags ,CMP,5,NOP,9,RET_NEAR,1,POP,1,POP,1,CMP,5,MOV,2,JNLE,6,AND,5,SAR,3,0,1,0,0,0,JG,0,0,1,0,0,0,JG,0,0,4514752,4515344,4514763,0,1,0,0,c,4.660292699797252e-05,0.1728423056148803,0,0,0
0x44e3a9,JNZ,127,3,1135,6,0x44e39f,UCOMISD,0,NonLeaf,xmm1(-1) xmm0(-1) ,rflags ,JP,6,UCOMISD,4,ADDSD,4,MULSD,8,ADDSD,4,NOP,1,ADD,4,POP,1,POP,1,RET_NEAR,1,0,0,0,0,0,CALL,0,1,1,0,0,0,NOP,0,0,4514729,4515864,4514735,0,0,1,0,c,6.90007496169069e-10,0.0236220472440944,0,0,0
0x44e3a3,JP,127,0,1141,6,0x44e39f,UCOMISD,1,NonLeaf,xmm1(ADDSD) xmm0(ADDSD) ,rflags ,UCOMISD,4,ADDSD,4,MULSD,8,ADDSD,4,MOVAPD,4,JNZ,6,NOP,1,ADD,4,POP,1,POP,1,0,1,0,0,0,CALL,0,1,1,0,0,0,JNE,0,0,4514431,4515864,4514729,0,0,1,0,c,6.90007496169069e-10,0.0,0,0,0
0x44e279,JNP,32517,32517,1423,6,0x44e275,UCOMISD,1,NonLeaf,xmm1(ADDSD) xmm0(ADDSD) ,rflags ,UCOMISD,4,ADDSD,4,MULSD,8,ADDSD,4,MOVAPD,4,MOVSD_XMM,8,MOVAPD,4,MOVSD_XMM,8,MULSD,4,MOVAPD,5,0,1,0,0,0,JNE,0,0,1,0,0,0,JP,0,0,4514257,4515848,4514431,0,0,0,0,c,1.7666908466873716e-07,1.0,1,1,1
0x44e1cb,JNLE,8610064,8577547,501,6,0x44e1c6,CMP,1,NonLeaf,eax(-1) ,rflags ,CMP,5,JLE,6,CMP,5,AND,5,MOV,2,MOVAPD,4,MOVSD_XMM,8,MOVSD_XMM,8,MULSD,4,MOVAPD,4,0,1,0,0,0,JG,0,0,1,0,0,0,JNP,0,0,4514246,4514752,4514257,0,0,0,0,c,4.6779596082641255e-05,0.9962233730202238,1,0,1
0x44e1c0,JLE,8610064,0,496,6,0x44e1bb,CMP,1,NonLeaf,eax(AND) ,rflags ,CMP,5,AND,5,MOV,2,SAR,4,MOV,3,CMP,5,JNLE,6,MOVAPD,4,MOVSD_XMM,8,MOVSD_XMM,8,0,1,1,0,0,RET,0,0,1,0,0,0,JG,0,0,4514192,4514736,4514246,0,0,0,0,c,4.6779596082641255e-05,0.0,0,0,0
0x4c5f5e,JZ,278667,278667,90,2,0x4c5f5b,CMP,1,NonLeaf,rsp(-1) rdx(MOV) ,rflags ,CMP,3,MOV,3,SUB,3,AND,7,MOV,3,SUB,7,OR,9,JMP,2,MOV,3,MOV,7,1,1,1,0,0,JE,1,0,1,0,0,0,JMP,0,0,5005147,5005240,5005152,0,1,0,1,c,1.5140340073617792e-06,1.0,1,1,1
0x4c391e,JNB,709249,62230,2183,6,0x4c391b,CMP,1,NonLeaf,ecx(MOV) ,rflags ,CMP,3,MOV,6,JNZ,6,TEST,2,MOV,6,MOV,2,ADD,7,ADD,3,MOV,6,MOV,3,0,1,0,0,0,JMP,0,0,1,0,0,0,MOV,0,0,4995349,4997541,4995364,0,1,1,1,c,3.853441942129261e-06,0.0877406947348533,0,0,0
0x4c1ad7,JZ,76714,0,104,2,0x4c1ad4,CMP,1,NonLeaf,rax(MOV) ,rflags ,CMP,3,MOV,7,JNZ,6,TEST,2,MOVZX,5,MOV,3,MOV,7,MOV,6,MOV,3,MOV,7,0,1,0,0,0,JLE,0,0,1,0,0,0,JMP,0,0,4987597,4987711,4987609,0,0,0,1,c,4.167971264654643e-07,0.0,0,0,0
0x4c190a,JZ,76714,69328,5906,6,0x4c1908,TEST,1,NonLeaf,al(-1) al(-1) ,rflags ,TEST,2,JZ,2,CMP,3,SETZ,3,CMP,3,MOV,7,MOV,6,TEST,3,JZ,6,MOV,4,0,1,0,0,0,JMP,0,0,0,0,0,0,JE,0,0,4987144,4993052,4987152,0,0,1,1,c,4.167971264654643e-07,0.9037203118074928,1,0,1
0x48484f,JNZ,57663,43334,-15,2,0x484845,INC,1,Leaf,ecx(INC) ,ecx rflags ,LEA,4,LEA,4,INC,2,MOV,2,MOVZX,3,NOP,5,NOP,10,CMP,7,JNBE,2,MOV,2,1,1,1,1,1,JNE,0,0,1,1,0,0,NOP,1,0,4737088,4737088,4737105,1,0,1,0,c,3.132905689102129e-07,0.7515044309175728,1,1,1
0x446c92,JBE,4,0,194,6,0x446c8e,VUCOMISD,1,NonLeaf,xmm2(-1) xmm3(-1) ,rflags ,VUCOMISD,4,JMP,5,VSUBSD,4,VMULSD,4,VMOVSD,8,VMOVSD,8,VMULSD,4,VSUBSD,4,VMOVAPD,4,JMP,5,0,1,0,0,0,JMP,0,0,1,0,0,0,VMULSD,0,0,4484238,4484436,4484248,0,0,0,0,c,2.173251956438013e-11,0.0,0,0,0
0x446b7b,JBE,196,0,548,6,0x446b77,VUCOMISD,1,NonLeaf,xmm2(-1) xmm3(-1) ,rflags ,VUCOMISD,4,JMP,5,VXORPD,4,VMOVSD,8,JMP,5,VMOVSD,8,VMULSD,4,VSUBSD,4,VMOVAPD,4,JMP,5,0,1,0,0,0,JMP,0,0,1,0,0,0,VMULSD,0,0,4483959,4484511,4483969,0,0,0,0,c,1.064893458654626e-09,0.0,0,0,0
0x446b00,JBE,1,0,546,6,0x446afc,VUCOMISD,1,NonLeaf,xmm2(-1) xmm3(-1) ,rflags ,VUCOMISD,4,JMP,5,VMULSD,8,VXORPD,4,VMOVSD,8,VMOVSD,8,VMULSD,4,VSUBSD,4,VMOVAPD,4,JMP,5,0,1,0,0,0,JMP,0,0,1,0,0,0,VMULSD,0,0,4483836,4484386,4483846,0,0,0,0,c,5.433129891095032e-12,0.0,0,0,0
0x446ad8,JNZ,1,0,-945,6,0x446ac4,XOR,0,NonLeaf,ecx(-1) ecx(-1) ,ecx rflags ,JMP,5,VXORPD,4,VXORPD,5,VMOVAPD,4,XOR,2,JMP,5,VMOVSD,8,VXORPD,4,VMULSD,8,JMP,5,0,0,0,0,0,JBE,0,0,1,0,0,0,JMP,0,0,4483800,4482855,4483806,0,0,1,0,c,5.433129891095032e-12,0.0,0,1,0
0x446a8a,JZ,8,8,-275,6,0x446a84,VUCOMISD,0,NonLeaf,xmm1(-1) xmm0(-1) ,rflags ,JP,2,VUCOMISD,4,VADDSD,4,VMOVSD,6,VADDSD,4,VMOVAPD,4,CALL_NEAR,5,VMOVAPD,4,JMP,5,VSUBSD,8,0,0,0,0,0,JA,0,0,0,0,0,0,CALL,0,1,4483722,4483447,4483728,0,0,0,1,c,4.346503912876026e-11,1.0,1,0,1
0x446a88,JP,8,0,8,2,0x446a84,VUCOMISD,1,NonLeaf,xmm1(VMOVSD) xmm0(VADDSD) ,rflags ,VUCOMISD,4,VADDSD,4,VMOVSD,6,VADDSD,4,VMULSD,4,JZ,6,VMOVAPD,4,CALL_NEAR,5,VMOVAPD,4,JMP,5,0,0,0,0,0,CALL,0,1,1,0,0,0,JE,0,0,4483706,4483728,4483722,0,0,1,0,c,4.346503912876026e-11,0.0,0,0,0
0x446a64,JBE,4,0,802,6,0x446a60,VUCOMISD,1,NonLeaf,xmm2(-1) xmm3(-1) ,rflags ,VUCOMISD,4,JBE,6,VMULSD,8,VMOVSD,6,VUCOMISD,4,VMOVSD,8,VMULSD,4,VADDSD,4,VMOVSD,6,VADDSD,4,0,1,0,0,0,JMP,0,0,1,0,0,0,VMULSD,0,0,4483680,4484486,4483690,0,0,0,0,c,2.173251956438013e-11,0.0,0,0,0
0x446a5a,JBE,8,4,564,6,0x446a48,VUCOMISD,1,NonLeaf,xmm0(VMOVSD) xmm3(VMOVSD) ,rflags ,VMULSD,8,VMOVSD,6,VUCOMISD,4,VMOVSD,5,VMOVAPD,4,VUCOMISD,4,JBE,6,VMOVSD,8,VMULSD,4,VADDSD,4,0,1,0,0,0,JBE,0,0,1,0,0,0,JBE,0,0,4483635,4484238,4483680,0,0,0,0,c,4.346503912876026e-11,0.5,0,0,0
0x446a12,JBE,8,0,671,6,0x446a0a,VUCOMISD,1,NonLeaf,xmm15(-1) xmm3(-1) ,rflags ,VMOVAPD,4,VUCOMISD,4,JMP,5,VORPD,5,VANDNPD,5,LEA,5,VMOVSD,6,VMOVSD,6,VMOVSD,5,CALL_NEAR,5,0,1,0,0,0,JMP,0,0,1,1,0,0,CALL,0,1,4483594,4484273,4483608,0,0,0,1,c,4.346503912876026e-11,0.0,0,0,0
0x44697f,JNBE,8,8,-6911,6,0x446977,VUCOMISD,1,NonLeaf,xmm15(-1) xmm3(-1) ,rflags ,VMOVAPD,4,VUCOMISD,4,JMP,5,VXORPD,4,JMP,5,JMP,5,VUCOMISD,4,JBE,6,VMOVSD,8,VMULSD,4,0,0,1,0,0,JNE,0,0,1,0,0,0,JMP,0,0,4483447,4476544,4483461,0,0,0,0,c,4.346503912876026e-11,1.0,1,0,1
0x4c09ad,JNZ,394436,394436,2051,6,0x4c09ab,TEST,1,NonLeaf,eax(MOV) eax(MOV) ,rflags ,TEST,2,MOV,7,MOV,7,MOV,4,MOV,7,MOV,11,MOV,3,TEST,2,JNZ,6,TEST,3,0,1,0,0,0,JE,0,0,1,0,0,0,MOV,0,0,4983104,4985264,4983219,0,0,0,1,c,2.14302202172396e-06,1.0,1,0,1
0x446721,JNP,1,1,951,6,0x44671d,VUCOMISD,1,NonLeaf,xmm0(-1) xmm7(VADDSD) ,rflags ,VUCOMISD,4,VADDSD,4,VADDSD,5,VMULSD,4,VMOVSD,8,VUCOMISD,4,VMOVSD,6,LEA,5,VMOVSD,6,VMOVSD,6,0,1,0,0,0,JNE,0,0,1,0,0,0,JBE,0,0,4482841,4483800,4482855,0,0,0,1,c,5.433129891095032e-12,1.0,1,1,1
0x4466f8,JBE,1,1,1028,6,0x4466ec,VUCOMISD,1,NonLeaf,xmm14(VMULSD) xmm3(-1) ,rflags ,VMULSD,8,VUCOMISD,4,VADDSD,5,VSUBSD,4,VADDSD,5,VUCOMISD,4,JBE,6,VMOVSD,8,VMULSD,4,VADDSD,5,0,1,0,0,0,JBE,0,0,1,0,0,0,JBE,0,0,4482568,4483836,4482814,0,0,0,0,c,5.433129891095032e-12,1.0,1,0,1
0x446558,JNBE,413,413,-5848,6,0x446550,VUCOMISD,1,NonLeaf,xmm15(-1) xmm3(-1) ,rflags ,VMOVAPD,4,VUCOMISD,4,JNZ,6,JP,6,VUCOMISD,4,NOP,2,JMP,5,VUCOMISD,4,VMOVAPD,4,JBE,6,0,0,1,0,0,JNE,0,0,1,0,0,0,JMP,0,0,4482384,4476544,4482398,0,0,0,0,c,2.2438826450222483e-09,1.0,1,0,1
0x44654a,JNZ,421,8,1216,6,0x446540,VUCOMISD,0,NonLeaf,xmm5(-1) xmm0(-1) ,rflags ,JP,6,VUCOMISD,4,VADDSD,4,VADDSD,4,VMULSD,4,VUCOMISD,4,VMOVAPD,4,JNBE,6,NOP,2,JMP,5,0,0,0,0,0,JBE,0,0,1,0,0,0,JA,0,0,4482378,4483594,4482384,0,0,0,0,c,2.2873476841510086e-09,0.0190023752969121,0,0,0
0x446544,JP,421,0,1222,6,0x446540,VUCOMISD,1,NonLeaf,xmm5(-1) xmm0(VADDSD) ,rflags ,VUCOMISD,4,VADDSD,4,VADDSD,4,VMULSD,4,VMOVSD,8,JNZ,6,VUCOMISD,4,VMOVAPD,4,JNBE,6,NOP,2,0,1,0,0,0,JBE,0,0,1,0,0,0,JNE,0,0,4482364,4483594,4482378,0,0,0,0,c,2.2873476841510086e-09,0.0,0,0,0
0x446526,JBE,225,0,1765,6,0x446522,VUCOMISD,1,NonLeaf,xmm2(-1) xmm3(-1) ,rflags ,VUCOMISD,4,JBE,6,VMULSD,8,VUCOMISD,4,VADDSD,4,VMOVSD,8,VMULSD,4,VADDSD,4,VADDSD,4,VUCOMISD,4,0,1,0,0,0,JMP,0,0,1,0,0,0,VMULSD,0,0,4482338,4484107,4482348,0,0,0,0,c,1.222454225496382e-09,0.0,0,0,0
0x44651c,JBE,421,196,1627,6,0x446510,VUCOMISD,0,NonLeaf,xmm4(-1) xmm3(-1) ,rflags ,VMULSD,8,VUCOMISD,4,VADDSD,4,VSUBSD,4,VADDSD,4,VUCOMISD,4,JBE,6,VMOVSD,8,VMULSD,4,VADDSD,4,0,1,0,0,0,JBE,0,0,1,0,0,0,JBE,0,0,4482045,4483959,4482338,0,0,0,0,c,2.2873476841510086e-09,0.4655581947743468,0,0,0
0x4463d0,JBE,421,0,1994,6,0x4463cc,VUCOMISD,1,NonLeaf,xmm15(-1) xmm3(-1) ,rflags ,VUCOMISD,4,JMP,5,VMOVAPD,4,CALL_NEAR,5,JNBE,6,VMOVSD,8,VMOVAPD,5,VADDSD,5,VMOVSD,5,VSUBSD,8,0,1,0,0,0,JMP,0,0,1,0,0,0,VSUBSD,0,0,4481996,4483994,4482006,0,0,1,1,c,2.2873476841510086e-09,0.0,0,0,0
0x445ddf,JNZ,12149,12149,-3935,6,0x445dd9,TEST,1,NonLeaf,ecx(-1) ecx(-1) ,rflags ,VMOVAPD,4,TEST,2,JNZ,6,JP,6,VUCOMISD,4,JMP,5,VXORPD,4,VUCOMISD,4,JNBE,6,VMOVSD,8,0,0,1,0,0,JNE,0,0,1,0,0,0,JMP,0,0,4480473,4476544,4480485,0,0,0,0,c,6.600709504691356e-08,1.0,1,0,1
0x445dd3,JNZ,12570,421,1529,6,0x445dc9,VUCOMISD,0,NonLeaf,xmm14(-1) xmm0(-1) ,rflags ,JP,6,VUCOMISD,4,VADDSD,4,VADDSD,5,JBE,6,TEST,2,VMOVAPD,4,JNZ,6,JMP,5,VXORPD,4,0,0,0,0,0,JBE,0,0,1,0,0,0,JNE,0,0,4480467,4481996,4480473,0,0,0,0,c,6.829444273106456e-08,0.0334924423229912,0,0,0
0x445dcd,JP,12570,0,1535,6,0x445dc9,VUCOMISD,1,NonLeaf,xmm14(VADDSD) xmm0(-1) ,rflags ,VUCOMISD,4,VADDSD,4,VADDSD,5,JBE,6,VMULSD,8,JNZ,6,TEST,2,VMOVAPD,4,JNZ,6,JMP,5,0,1,0,0,0,JBE,0,0,1,0,0,0,JNE,0,0,4480453,4481996,4480467,0,0,0,0,c,6.829444273106456e-08,0.0,0,0,0
0x445dba,JBE,12570,6328,2848,6,0x445dae,VUCOMISD,1,NonLeaf,xmm14(VMULSD) xmm3(-1) ,rflags ,VMULSD,8,VUCOMISD,4,VADDSD,5,VSUBSD,4,VADDSD,5,VADDSD,5,VADDSD,4,VUCOMISD,4,JP,6,JNZ,6,0,1,0,0,0,JMP,0,0,1,0,0,0,VADDSD,0,0,4480185,4483290,4480448,1,1,0,0,c,6.829444273106456e-08,0.5034208432776451,1,1,1
0x445ca6,JBE,12570,0,3134,6,0x445ca2,VUCOMISD,1,NonLeaf,xmm15(-1) xmm3(-1) ,rflags ,VUCOMISD,4,JMP,5,VXORPD,4,VMOVSD,8,JMP,5,VMOVAPD,4,VMOVAPD,4,MOV,5,VMOVSD,8,VMOVSD,8,0,1,0,0,0,JMP,0,0,1,0,0,0,MOV,0,0,4480162,4483300,4480172,0,0,0,0,c,6.829444273106456e-08,0.0,0,0,0
0x445c40,JBE,4214,0,1708,6,0x445c3c,VUCOMISD,1,NonLeaf,xmm2(-1) xmm3(-1) ,rflags ,VUCOMISD,4,JMP,5,VXORPD,4,VMOVSD,8,JMP,5,VMOVAPD,4,LEA,5,VMOVSD,5,VSUBSD,5,VMOVAPD,4,0,1,0,0,0,CALL,0,1,1,0,0,0,CALL,0,1,4480060,4481772,4480070,0,0,1,1,c,2.289520936107447e-08,0.0,0,0,0
0x44598b,JNBE,172759,172759,-1865,6,0x445987,VUCOMISD,1,NonLeaf,xmm2(-1) xmm3(-1) ,rflags ,VUCOMISD,4,JNZ,6,JP,6,VUCOMISD,4,VADDSD,4,VMOVSD,8,VXORPD,4,JMP,5,NOP,6,VUCOMISD,4,0,0,0,0,0,JMP,0,0,1,0,0,0,JMP,0,0,4479367,4477506,4479377,0,0,0,0,c,9.386220868556866e-07,1.0,1,0,1
0x445981,JNZ,176973,4214,699,6,0x445977,VUCOMISD,0,NonLeaf,xmm1(-1) xmm0(-1) ,rflags ,JP,6,VUCOMISD,4,VADDSD,4,VMULSD,8,VADDSD,4,VUCOMISD,4,JNBE,6,VMOVSD,8,VXORPD,4,JMP,5,0,0,0,0,0,JBE,0,0,1,0,0,0,JA,0,0,4479361,4480060,4479367,0,0,0,0,c,9.615172962167611e-07,0.0238115418736191,0,0,0
0x44597b,JP,176973,0,705,6,0x445977,VUCOMISD,1,NonLeaf,xmm1(-1) xmm0(VADDSD) ,rflags ,VUCOMISD,4,VADDSD,4,VMULSD,8,VADDSD,4,VSUBSD,4,JNZ,6,VUCOMISD,4,JNBE,6,VMOVSD,8,VXORPD,4,0,1,0,0,0,JBE,0,0,1,0,0,0,JNE,0,0,4479071,4480060,4479361,0,0,0,0,c,9.615172962167611e-07,0.0,0,0,0
0x44583a,JB,176973,176556,1839,6,0x445836,VUCOMISD,1,NonLeaf,xmm1(VSUBSD) xmm3(-1) ,rflags ,VUCOMISD,4,VSUBSD,4,VMOVAPD,4,JBE,6,VMOVAPD,4,VMOVAPD,4,VMOVSD,5,VADDSD,5,VMOVAPD,4,VSUBSD,5,0,1,0,0,0,JMP,0,0,1,0,0,0,VMOVAPD,0,0,4479022,4480873,4479040,1,1,1,1,c,9.615172962167611e-07,0.9976437083622924,1,0,1
0x445828,JBE,176973,0,1906,6,0x445820,VUCOMISD,1,NonLeaf,xmm2(-1) xmm3(-1) ,rflags ,VMOVAPD,4,VUCOMISD,4,NOP,10,JMP,5,VMOVAPD,4,VMOVAPD,4,VSUBSD,4,VUCOMISD,4,JB,6,VMOVAPD,4,0,1,0,0,0,JMP,0,0,1,1,0,0,JB,0,0,4479008,4480922,4479022,0,0,0,0,c,9.615172962167611e-07,0.0,0,0,0
0x44573e,JBE,72,0,1363,6,0x44573a,VUCOMISD,1,NonLeaf,xmm2(-1) xmm3(-1) ,rflags ,VUCOMISD,4,JNZ,6,JP,6,VUCOMISD,4,VADDSD,4,VMOVAPD,4,JMP,5,NOP,3,VSUBSD,4,VMOVSD,8,0,1,0,0,0,JMP,0,0,0,0,0,0,JMP,0,0,4478778,4480145,4478788,0,0,0,0,c,3.911853521588423e-10,0.0,0,0,0
0x445734,JNZ,72,0,628,6,0x44572a,VUCOMISD,0,NonLeaf,xmm4(-1) xmm1(-1) ,rflags ,JP,6,VUCOMISD,4,VADDSD,4,VMULSD,8,VADDSD,4,VUCOMISD,4,JBE,6,VMOVAPD,4,JMP,5,NOP,3,0,0,0,0,0,JBE,0,0,1,0,0,0,JBE,0,0,4478772,4479400,4478778,0,0,0,0,c,3.911853521588423e-10,0.0,0,0,0
0x44572e,JP,72,0,634,6,0x44572a,VUCOMISD,1,NonLeaf,xmm4(VADDSD) xmm1(VADDSD) ,rflags ,VUCOMISD,4,VADDSD,4,VMULSD,8,VADDSD,4,VSUBSD,4,JNZ,6,VUCOMISD,4,JBE,6,VMOVAPD,4,JMP,5,0,1,0,0,0,JBE,0,0,1,0,0,0,JNE,0,0,4478474,4479400,4478772,0,0,0,0,c,3.911853521588423e-10,0.0,0,0,0
0x445604,JBE,72,0,1575,6,0x445600,VUCOMISD,1,NonLeaf,xmm2(-1) xmm3(VXORPD) ,rflags ,VUCOMISD,4,VMOVAPD,4,VXORPD,4,NOP,3,JMP,5,VMOVAPD,4,VADDSD,5,VMOVSD,5,VSUBSD,5,MOV,4,0,1,0,0,0,JMP,0,0,1,1,0,0,JP,0,0,4478456,4480043,4478474,0,0,0,1,c,3.911853521588423e-10,0.0,0,1,0
0x4455e0,JNZ,3,0,-1008,6,0x4455c5,VUCOMISD,0,NonLeaf,xmm4(-1) xmm5(-1) ,rflags ,NOP,1,JMP,5,VMOVAPD,4,CALL_NEAR,5,JZ,6,JMP,5,VADDSD,4,NOP,1,JMP,5,NOP,3,0,0,0,0,0,JBE,0,0,1,0,0,0,JMP,0,0,4478432,4477424,4478438,0,0,0,0,c,1.6299389673285098e-11,0.0,0,1,0
0x4453f1,JNZ,126,1,4631,6,0x4453e6,VUCOMISD,0,NonLeaf,xmm12(-1) xmm13(-1) ,rflags ,JP,6,VUCOMISD,5,VADDSD,5,VADDSD,5,JBE,6,VMOVAPD,4,JMP,5,CMP,5,JNLE,6,VMOVSD,8,0,0,0,0,0,JBE,0,0,1,0,0,0,JMP,0,0,4477937,4482568,4477943,0,0,0,0,c,6.84574366277974e-10,0.0079365079365079,0,0,0
0x4453eb,JP,126,0,4637,6,0x4453e6,VUCOMISD,1,NonLeaf,xmm12(VADDSD) xmm13(-1) ,rflags ,VUCOMISD,5,VADDSD,5,VADDSD,5,JBE,6,VMULSD,8,JNZ,6,VMOVAPD,4,JMP,5,CMP,5,JNLE,6,0,1,0,0,0,JBE,0,0,1,0,0,0,JNE,0,0,4477921,4482568,4477937,0,0,0,0,c,6.84574366277974e-10,0.0,0,0,0
0x4453d6,JBE,126,71,5370,6,0x4453ca,VUCOMISD,1,NonLeaf,xmm12(VMULSD) xmm3(-1) ,rflags ,VMULSD,8,VUCOMISD,4,VADDSD,5,VSUBSD,5,VADDSD,5,VADDSD,5,VADDSD,5,VUCOMISD,5,JP,6,JNZ,6,0,1,0,0,0,JMP,0,0,1,0,0,0,VADDSD,0,0,4477764,4483280,4477916,1,1,0,0,c,6.84574366277974e-10,0.5634920634920635,1,1,1
0x44533e,JBE,12696,12570,2404,6,0x445339,VUCOMISD,1,NonLeaf,xmm0(VMOVSD) xmm12(-1) ,rflags ,VUCOMISD,5,VMOVSD,8,VMOVSD,6,VMOVSD,6,VXORPD,4,VMOVSD,8,VMOVSD,8,VMOVAPD,5,VMOVSD,8,VMOVSD,8,0,1,0,0,0,JBE,0,0,1,0,0,0,JBE,0,0,4477745,4480162,4477764,0,1,0,0,c,6.897901709734254e-08,0.9900756143667296,1,0,1
0x445313,JZ,12696,0,30,2,0x44530c,TEST,1,NonLeaf,eax(-1) eax(-1) ,rflags ,VMULSD,5,TEST,2,VMOVAPD,5,JZ,6,CMP,3,VMOVSD,8,VXORPD,4,VXORPD,4,VMOVSD,6,VMOVSD,6,0,1,1,0,0,JBE,0,0,1,0,0,0,VMOVSD,0,0,4477703,4477745,4477717,0,0,0,1,c,6.897901709734254e-08,0.0,0,0,0
0x445301,JZ,12696,0,2013,6,0x4452fe,CMP,1,NonLeaf,eax(-1) ,rflags ,CMP,3,JZ,6,CMP,3,VMULSD,4,VMOVSD,8,VMOVAPD,5,TEST,2,VMULSD,5,JZ,2,VMOVSD,8,0,0,0,0,0,JA,0,0,1,0,0,0,JE,0,0,4477694,4479710,4477703,0,0,0,0,c,6.897901709734254e-08,0.0,0,0,0
0x4452f8,JZ,12696,0,2022,6,0x4452f5,CMP,1,NonLeaf,eax(-1) ,rflags ,CMP,3,VMULSD,4,VMOVSD,8,JBE,6,VMOVSD,6,CMP,3,JZ,6,VMOVAPD,5,TEST,2,VMULSD,5,0,1,0,0,0,JA,0,0,1,0,0,0,JE,0,0,4477685,4479710,4477694,0,0,0,0,c,6.897901709734254e-08,0.0,0,0,0
0x4452e3,JBE,12696,0,2453,6,0x44529a,VUCOMISD,1,NonLeaf,xmm2(-1) xmm3(VXORPD) ,rflags ,VMOVSD,6,VSUBSD,4,VMOVSD,6,VSUBSD,5,VSUBSD,4,VMOVSD,8,VMULSD,4,CMP,3,JZ,6,CMP,3,0,1,0,0,0,JMP,0,0,1,0,0,0,VMULSD,0,0,4477531,4480120,4477673,0,0,0,0,c,6.897901709734254e-08,0.0,0,0,0
0x445255,JNLE,12696,0,427,6,0x445250,CMP,1,NonLeaf,eax(-1) ,rflags ,CMP,5,NOP,5,JMP,5,VMOVAPD,4,JNZ,6,VMOVSD,8,VMOVAPD,4,VMOVSD,8,VMULSD,4,VXORPD,4,0,1,0,0,0,JG,0,0,1,0,0,0,JBE,0,0,4477520,4477952,4477531,0,0,0,1,c,6.897901709734254e-08,0.0,0,0,0
0x44523c,JNZ,4214,0,1476,6,0x445232,VUCOMISD,0,NonLeaf,xmm1(-1) xmm0(-1) ,rflags ,JP,6,VUCOMISD,4,VADDSD,4,VMOVSD,5,VMULSD,6,VMOVAPD,4,JMP,5,NOP,5,CMP,5,JNLE,6,0,0,0,0,0,CALL,0,1,0,0,0,0,JMP,0,0,4477500,4478976,4477506,0,0,1,0,c,2.289520936107447e-08,0.0,0,0,0
0x445236,JP,4214,0,1482,6,0x445232,VUCOMISD,1,NonLeaf,xmm1(-1) xmm0(VADDSD) ,rflags ,VUCOMISD,4,VADDSD,4,VMOVSD,5,VMULSD,6,VMOVSD,8,JNZ,6,VMOVAPD,4,JMP,5,NOP,5,CMP,5,0,0,0,0,0,CALL,0,1,1,0,0,0,JNE,0,0,4477475,4478976,4477500,0,0,1,0,c,2.289520936107447e-08,0.0,0,0,0
0x4451ea,JNP,3,3,1014,6,0x4451e6,VUCOMISD,1,NonLeaf,xmm3(VADDSD) xmm1(VADDSD) ,rflags ,VUCOMISD,4,VADDSD,4,VMULSD,8,VADDSD,4,VSUBSD,4,VXORPD,4,VUCOMISD,4,JBE,6,VMOVAPD,4,VMOVAPD,4,0,1,0,0,0,JNE,0,0,1,0,0,0,JBE,0,0,4477248,4478432,4477424,0,0,0,0,c,1.6299389673285098e-11,1.0,1,1,1
0x445128,JNLE,8419633,8419633,-680,6,0x445122,TEST,1,NonLeaf,ecx(-1) ecx(-1) ,rflags ,VMOVAPD,4,TEST,2,JNZ,6,JP,6,VUCOMISD,5,VMOVSD,8,VXORPD,4,JMP,5,NOP,1,VMOVSD,8,0,0,1,0,0,JNE,0,0,0,0,0,0,JMP,0,0,4477218,4476544,4477230,0,0,0,0,c,4.5744959724350136e-05,1.0,1,0,1
0x44511c,JNZ,8596606,176973,1796,6,0x445111,VUCOMISD,0,NonLeaf,xmm0(-1) xmm9(-1) ,rflags ,JP,6,VUCOMISD,5,VADDSD,5,VMULSD,8,VADDSD,4,TEST,2,VMOVAPD,4,JNLE,6,VMOVSD,8,VXORPD,4,0,0,0,0,0,JBE,0,0,1,0,0,0,JG,0,0,4477212,4479008,4477218,0,0,0,0,c,4.67064770205669e-05,0.0205863802528579,0,1,0
0x445116,JP,8596606,0,1802,6,0x445111,VUCOMISD,1,NonLeaf,xmm0(VADDSD) xmm9(VADDSD) ,rflags ,VUCOMISD,5,VADDSD,5,VMULSD,8,VADDSD,4,VSUBSD,5,JNZ,6,TEST,2,VMOVAPD,4,JNLE,6,VMOVSD,8,0,1,0,0,0,JBE,0,0,1,0,0,0,JNE,0,0,4476972,4479008,4477212,0,0,0,0,c,4.67064770205669e-05,0.0,0,0,0
0x445003,JB,8596606,8575770,2525,6,0x444fff,VUCOMISD,1,NonLeaf,xmm0(VSUBSD) xmm3(VXORPD) ,rflags ,VUCOMISD,4,VMOVSD,8,VXORPD,4,VSUBSD,4,JLE,6,VMOVAPD,4,VMOVSD,8,VADDSD,5,VMOVAPD,4,VSUBSD,5,0,1,0,0,0,JMP,0,0,1,0,0,0,VADDSD,0,0,4476915,4479456,4476937,1,1,0,0,c,4.67064770205669e-05,0.997576252767662,1,0,1
0x444fe9,JLE,8596606,0,1538,6,0x444fe3,TEST,1,NonLeaf,ecx(-1) ecx(-1) ,rflags ,VMOVAPD,4,TEST,2,VMOVSD,8,JNLE,6,CMP,5,VSUBSD,4,VXORPD,4,VMOVSD,8,VUCOMISD,4,JB,6,0,1,0,0,0,JMP,0,0,1,0,0,0,VSUBSD,0,0,4476891,4478443,4476911,0,0,0,0,c,4.67064770205669e-05,0.0,0,0,0
0x444fd5,JNLE,8609302,12696,635,6,0x444fd0,CMP,1,NonLeaf,eax(-1) ,rflags ,CMP,5,NOP,9,JMP,5,VMOVAPD,4,JNZ,6,VMOVSD,8,TEST,2,VMOVAPD,4,JLE,6,VSUBSD,4,0,1,0,0,0,JG,0,0,1,0,0,0,JLE,0,0,4476880,4477520,4476891,0,0,0,0,c,4.677545603766424e-05,0.0014746840103878,0,0,0
0x444fb8,JNZ,752,72,1600,6,0x444fae,VUCOMISD,0,NonLeaf,xmm0(-1) xmm3(-1) ,rflags ,JP,6,VUCOMISD,4,VADDSD,4,VMULSD,8,VADDSD,4,VMOVAPD,4,JMP,5,NOP,9,CMP,5,JNLE,6,0,0,0,0,0,JBE,0,0,0,0,0,0,JMP,0,0,4476856,4478456,4476862,0,0,0,0,c,4.0857136781034645e-09,0.0957446808510638,0,1,0
0x444fb2,JP,752,0,1606,6,0x444fae,VUCOMISD,1,NonLeaf,xmm0(VADDSD) xmm3(VADDSD) ,rflags ,VUCOMISD,4,VADDSD,4,VMULSD,8,VADDSD,4,VSUBSD,4,JNZ,6,VMOVAPD,4,JMP,5,NOP,9,CMP,5,0,1,0,0,0,JBE,0,0,1,0,0,0,JNE,0,0,4476763,4478456,4476856,0,0,0,0,c,4.0857136781034645e-09,0.0,0,0,0
0x444eb9,JLE,752,0,2199,6,0x444eb3,TEST,1,NonLeaf,ecx(-1) ecx(-1) ,rflags ,VMOVAPD,4,TEST,2,VMOVSD,8,JNLE,6,CMP,5,VADDSD,4,VMOVAPD,4,VMOVSD,8,VMOVSD,8,VMOVSD,8,0,1,0,0,0,JMP,0,0,1,0,0,0,VMULSD,0,0,4476587,4478800,4476607,0,0,1,1,c,4.0857136781034645e-09,0.0,0,0,0
0x444ea5,JNLE,8610054,8609302,299,6,0x444ea0,CMP,1,NonLeaf,eax(-1) ,rflags ,CMP,5,NOP,10,RET_NEAR,1,POP,2,POP,1,VMOVSD,8,TEST,2,VMOVAPD,4,JLE,6,VADDSD,4,0,1,0,0,0,JG,0,0,1,0,0,0,JLE,0,0,4476576,4476880,4476587,0,0,0,0,c,4.677954175134235e-05,0.999912660245801,1,0,1
0x444e83,JNZ,8610064,0,7324,6,0x444e80,TEST,1,NonLeaf,bpl(-1) bpl(-1) ,rflags ,TEST,3,NOP,6,VMOVAPD,4,JNZ,6,JP,6,ADD,4,VMOVAPD,4,POP,1,POP,1,POP,2,0,1,0,0,0,JMP,0,0,1,1,0,0,RET,0,0,4476544,4483871,4476553,0,0,1,0,c,4.6779596082641255e-05,0.0,0,0,0
0x444e70,JNZ,10,3,720,6,0x444e66,VUCOMISD,0,NonLeaf,xmm1(-1) xmm5(-1) ,rflags ,JP,6,VUCOMISD,4,VADDSD,4,VMULSD,8,VADDSD,4,VMOVAPD,4,NOP,6,TEST,3,JNZ,6,ADD,4,0,0,0,0,0,JNP,0,0,0,0,0,0,NOP,0,0,4476528,4477248,4476534,0,0,0,0,c,5.4331298910950325e-11,0.3,0,1,0
0x444e6a,JP,10,0,726,6,0x444e66,VUCOMISD,1,NonLeaf,xmm1(VADDSD) xmm5(VADDSD) ,rflags ,VUCOMISD,4,VADDSD,4,VMULSD,8,VADDSD,4,VSUBSD,4,JNZ,6,VMOVAPD,4,NOP,6,TEST,3,JNZ,6,0,1,0,0,0,JNP,0,0,1,0,0,0,JNE,0,0,4476406,4477248,4476528,0,0,0,0,c,5.4331298910950325e-11,0.0,0,0,0
0x444df0,JNLE,8610064,8610054,176,6,0x444deb,CMP,1,NonLeaf,eax(-1) ,rflags ,CMP,5,JLE,6,CMP,5,AND,5,MOV,2,VMOVAPD,4,VMOVSD,8,VMOVSD,8,VMULSD,4,VMOVAPD,4,0,1,0,0,0,JG,0,0,1,0,0,0,JP,0,0,4476395,4476576,4476406,0,0,0,0,c,4.6779596082641255e-05,0.9999988385684472,1,0,1
0x444de5,JLE,8610064,0,155,6,0x444de0,CMP,1,NonLeaf,eax(AND) ,rflags ,CMP,5,AND,5,MOV,2,SAR,4,MOV,3,CMP,5,JNLE,6,VMOVAPD,4,VMOVSD,8,VMOVSD,8,0,1,1,0,0,JNE,0,0,1,0,0,0,JG,0,0,4476361,4476544,4476395,0,0,0,0,c,4.6779596082641255e-05,0.0,0,0,0
0x444dc1,JNZ,8610064,0,7738,6,0x444dbb,CMP,1,NonLeaf,ebx(MOV) eax(AND) ,rflags ,MOV,4,CMP,2,AND,3,MOV,2,MOV,4,XOR,2,VMOVSD,5,MOV,4,MOV,3,SAR,4,0,1,0,0,0,JMP,0,0,1,0,0,0,XOR,0,0,4476320,4484091,4476359,0,0,0,0,c,4.6779596082641255e-05,0.0,0,0,0
0x4b7593,JNZ,3,3,85,2,0x4b758a,CMP,1,NonLeaf,eax(-1) ,rflags ,MOV,6,CMP,3,JZ,2,MOV,6,MOV,6,MOV,4,CMP,4,JZ,6,CMP,5,MOV,6,0,0,1,0,0,JE,0,0,0,0,0,0,JE,0,0,4945290,4945384,4945301,0,0,1,0,c,1.6299389673285098e-11,1.0,1,0,1
0x4b7328,JB,8,0,6110,6,0x4b7325,CMP,1,NonLeaf,rdi(-1) rax(MOVSXD) ,rflags ,CMP,3,MOVSXD,7,JNBE,6,CMP,3,MOV,10,MOV,7,LEA,8,CMP,7,JNBE,6,LEA,4,0,0,0,0,0,JMP,1,0,1,0,0,0,JA,0,0,4944670,4950790,4944686,0,0,1,0,c,4.346503912876026e-11,0.0,0,0,0
0x43c00e,JBE,1725,1717,218,6,0x43c002,UCOMISD,1,NonLeaf,xmm0(ADDSD) xmm4(-1) ,rflags ,ADDSD,4,MOVAPD,4,UCOMISD,4,SUBSD,4,ADDSD,4,LEA,5,CALL_NEAR,5,MOVSD_XMM,6,MOVSD_XMM,4,MOVSD_XMM,6,0,1,0,0,0,CALL,0,1,1,0,0,0,CALL,0,1,4440038,4440296,4440084,1,0,1,1,c,9.372149062138932e-09,0.9953623188405796,1,1,1
0x43bfe4,JBE,1732,7,116,2,0x43bfe0,UCOMISD,1,NonLeaf,xmm3(MULSD) xmm0(-1) ,rflags ,UCOMISD,4,MULSD,4,MOVSD_XMM,8,JNBE,6,UCOMISD,4,SUBSD,4,MOVSD_XMM,8,SUBSD,4,MOVAPD,4,ADDSD,4,0,1,0,0,0,CALL,0,1,1,0,0,0,JBE,0,0,4440020,4440152,4440038,1,1,1,0,c,9.410180971376595e-09,0.004041570438799,0,0,0
0x43bfce,JNBE,5940,4208,242,6,0x43bfca,UCOMISD,1,NonLeaf,xmm3(MULSD) xmm0(-1) ,rflags ,UCOMISD,4,MULSD,4,MOVSD_XMM,8,MOVSD_XMM,8,JBE,6,MOVSD_XMM,8,MULSD,4,UCOMISD,4,JBE,2,SUBSD,4,0,1,0,0,0,CALL,0,1,1,0,0,0,JBE,0,0,4439990,4440256,4440020,0,0,1,0,c,3.227279155310449e-08,0.7084175084175084,1,0,1
0x43bfb0,JBE,5940,14,144,6,0x43bfac,UCOMISD,1,NonLeaf,xmm0(-1) xmm4(XORPD) ,rflags ,UCOMISD,4,SUB,4,MOV,3,PUSH,1,XORPD,4,MOVSD_XMM,8,MOVSD_XMM,8,MULSD,4,UCOMISD,4,JNBE,6,0,1,0,0,0,JMP,0,0,1,1,0,0,JA,0,0,4439968,4440128,4439990,1,0,0,0,c,3.227279155310449e-08,0.0023569023569023,0,1,0
0x43bca5,JNBE,4215,4215,339,6,0x43bca1,UCOMISD,1,Leaf,xmm4(-1) xmm0(-1) ,rflags ,UCOMISD,4,JBE,6,MOVAPD,4,UCOMISD,4,JBE,6,ADDSD,4,MOVSD_XMM,6,SUBSD,4,ADDSD,6,SUBSD,4,0,1,0,0,0,JMP,0,0,1,0,0,0,SUBSD,0,0,4439201,4439544,4439211,0,0,0,0,c,2.290064249096556e-08,1.0,1,0,1
0x43bc9b,JBE,4215,2076,381,6,0x43bc93,UCOMISD,1,Leaf,xmm1(-1) xmm7(-1) ,rflags ,MOVAPD,4,UCOMISD,4,JBE,6,ADDSD,4,SUBSD,4,UCOMISD,4,JNBE,6,ADDSD,4,MOVSD_XMM,6,SUBSD,4,0,1,0,0,0,JMP,0,0,1,1,0,0,JA,0,0,4439187,4439576,4439201,0,0,0,0,c,2.290064249096556e-08,0.4925266903914591,0,0,0
0x43bc8d,JBE,4215,0,419,6,0x43bc79,UCOMISD,1,Leaf,xmm5(MOVSD_XMM) xmm7(-1) ,rflags ,ADDSD,4,SUBSD,4,SUBSD,4,MOVAPD,4,UCOMISD,4,UCOMISD,4,MOVAPD,4,JBE,6,UCOMISD,4,JNBE,6,0,1,0,0,0,JMP,0,0,1,1,0,0,JBE,0,0,4439143,4439600,4439187,0,0,0,0,c,2.290064249096556e-08,0.0,0,0,0
0x43bc4d,JBE,4215,0,195,6,0x43bc49,UCOMISD,1,Leaf,xmm6(-1) xmm0(-1) ,rflags ,UCOMISD,4,JBE,6,MOVAPD,4,UCOMISD,4,JBE,6,SUBSD,4,MOVAPD,4,ADDSD,4,ADDSD,4,ADDSD,4,0,1,0,0,0,JMP,0,0,1,0,0,0,ADDSD,0,0,4439113,4439312,4439123,0,0,0,0,c,2.290064249096556e-08,0.0,0,0,0
0x43bc43,JBE,4215,0,517,6,0x43bc3b,UCOMISD,1,Leaf,xmm1(-1) xmm7(-1) ,rflags ,MOVAPD,4,UCOMISD,4,JBE,6,ADDSD,4,ADDSD,4,UCOMISD,4,JBE,6,SUBSD,4,MOVAPD,4,ADDSD,4,0,1,0,0,0,JMP,0,0,1,1,0,0,JBE,0,0,4439099,4439624,4439113,0,0,0,0,c,2.290064249096556e-08,0.0,0,0,0
0x43bc35,JBE,4215,2076,555,6,0x43bbaf,UCOMISD,1,Leaf,xmm2(-1) xmm7(-1) ,rflags ,ADDSD,4,ADDSD,4,SUBSD,4,ADDSD,4,MOVAPD,4,UCOMISD,4,MOVAPD,4,JBE,6,UCOMISD,4,JBE,6,0,1,0,0,0,JMP,0,0,1,1,0,0,JBE,0,0,4439016,4439648,4439099,0,0,0,0,c,2.290064249096556e-08,0.4925266903914591,0,0,0
0x43ba33,JBE,4215,4215,765,6,0x43ba2e,UCOMISD,1,Leaf,xmm9(-1) xmm4(-1) ,rflags ,UCOMISD,5,JBE,6,MOVAPD,5,UCOMISD,4,MOVSD_XMM,8,MOVAPD,5,SUBSD,5,ADDSD,8,ADDSD,8,ADDSD,5,0,1,0,0,0,JMP,0,0,1,0,0,0,ADDSD,0,0,4438574,4439344,4438585,0,0,0,0,c,2.290064249096556e-08,1.0,1,0,1
0x43ba28,JBE,4215,0,1104,6,0x43ba1f,UCOMISD,1,Leaf,xmm4(MOVSD_XMM) xmm7(-1) ,rflags ,MOVAPD,5,UCOMISD,4,MOVSD_XMM,8,JBE,6,ADDSD,5,UCOMISD,5,JBE,6,MOVAPD,5,SUBSD,5,ADDSD,8,0,1,0,0,0,JMP,0,0,1,1,0,0,JBE,0,0,4438551,4439672,4438574,0,0,0,0,c,2.290064249096556e-08,0.0,0,0,0
0x43ba11,JBE,4215,4215,1151,6,0x43ba02,UCOMISD,1,Leaf,xmm8(ADDSD) xmm7(-1) ,rflags ,ADDSD,5,ADDSD,5,UCOMISD,5,MOVAPD,5,SUBSD,5,MOVSD_XMM,8,UCOMISD,4,MOVAPD,5,JBE,6,UCOMISD,5,0,1,0,0,0,JMP,0,0,1,1,0,0,JBE,0,0,4438364,4439696,4438551,0,0,0,0,c,2.290064249096556e-08,1.0,1,0,1
0x43b937,JBE,4215,4215,1057,6,0x43b932,UCOMISD,1,Leaf,xmm9(-1) xmm4(-1) ,rflags ,UCOMISD,5,JBE,6,MOVAPD,5,UCOMISD,4,MOVSD_XMM,8,MOVAPD,5,SUBSD,5,ADDSD,8,ADDSD,8,ADDSD,5,0,1,0,0,0,JMP,0,0,1,0,0,0,ADDSD,0,0,4438322,4439384,4438333,0,0,0,0,c,2.290064249096556e-08,1.0,1,0,1
0x43b92c,JBE,4215,4215,1404,6,0x43b923,UCOMISD,1,Leaf,xmm4(MOVSD_XMM) xmm7(-1) ,rflags ,MOVAPD,5,UCOMISD,4,MOVSD_XMM,8,JBE,6,ADDSD,5,UCOMISD,5,JBE,6,MOVAPD,5,SUBSD,5,ADDSD,8,0,1,0,0,0,JMP,0,0,1,1,0,0,JBE,0,0,4438299,4439720,4438322,0,0,0,0,c,2.290064249096556e-08,1.0,1,0,1
0x43b915,JBE,4215,0,1451,6,0x43b906,UCOMISD,1,Leaf,xmm8(ADDSD) xmm7(-1) ,rflags ,ADDSD,5,ADDSD,5,UCOMISD,5,MOVAPD,5,SUBSD,5,MOVSD_XMM,8,UCOMISD,4,MOVAPD,5,JBE,6,UCOMISD,5,0,1,0,0,0,JMP,0,0,1,1,0,0,JBE,0,0,4438100,4439744,4438299,0,0,0,0,c,2.290064249096556e-08,0.0,0,0,0
0x43b82d,JBE,4215,4215,1363,6,0x43b828,UCOMISD,1,Leaf,xmm8(-1) xmm4(-1) ,rflags ,UCOMISD,5,JBE,6,MOVAPD,5,UCOMISD,4,MOVSD_XMM,8,MOVAPD,5,SUBSD,6,ADDSD,8,ADDSD,8,ADDSD,6,0,1,0,0,0,JMP,0,0,1,0,0,0,ADDSD,0,0,4438056,4439424,4438067,0,0,0,0,c,2.290064249096556e-08,1.0,1,0,1
0x43b822,JBE,4215,0,1718,6,0x43b819,UCOMISD,1,Leaf,xmm4(MOVSD_XMM) xmm7(-1) ,rflags ,MOVAPD,5,UCOMISD,4,MOVSD_XMM,8,JBE,6,ADDSD,5,UCOMISD,5,JBE,6,MOVAPD,5,SUBSD,6,ADDSD,8,0,1,0,0,0,JMP,0,0,1,1,0,0,JBE,0,0,4438033,4439768,4438056,0,0,0,0,c,2.290064249096556e-08,0.0,0,0,0
0x43b80b,JBE,4215,4215,1765,6,0x43b7f9,UCOMISD,1,Leaf,xmm15(-1) xmm7(-1) ,rflags ,ADDSD,5,SUBSD,4,ADDSD,4,UCOMISD,5,MOVAPD,5,MOVSD_XMM,8,UCOMISD,4,MOVAPD,5,JBE,6,UCOMISD,5,0,1,0,0,0,JMP,0,0,1,1,0,0,JBE,0,0,4437999,4439792,4438033,0,0,0,0,c,2.290064249096556e-08,1.0,1,0,1
0x43b7cf,JBE,4215,4215,1505,6,0x43b7ca,UCOMISD,1,Leaf,xmm10(-1) xmm9(-1) ,rflags ,UCOMISD,5,JBE,6,MOVAPD,5,UCOMISD,4,JBE,6,SUBSD,4,MOVAPD,5,ADDSD,5,ADDSD,7,ADDSD,5,0,1,0,0,0,JMP,0,0,1,0,0,0,ADDSD,0,0,4437962,4439472,4437973,0,0,0,0,c,2.290064249096556e-08,1.0,1,0,1
0x43b7c4,JBE,4215,2076,1860,6,0x43b7bb,UCOMISD,1,Leaf,xmm4(-1) xmm7(-1) ,rflags ,MOVAPD,5,UCOMISD,4,JBE,6,ADDSD,5,MOVAPD,5,UCOMISD,5,JBE,6,SUBSD,4,MOVAPD,5,ADDSD,5,0,1,0,0,0,JMP,0,0,1,1,0,0,JBE,0,0,4437947,4439816,4437962,0,0,0,0,c,2.290064249096556e-08,0.4925266903914591,0,0,0
0x43b7b5,JBE,4215,2139,1899,6,0x43b7a3,UCOMISD,1,Leaf,xmm5(ADDSD) xmm7(-1) ,rflags ,ADDSD,5,MOVAPD,5,ADDSD,4,UCOMISD,4,MOVAPD,4,UCOMISD,4,MOVAPD,5,JBE,6,UCOMISD,5,JBE,6,0,1,0,0,0,JMP,0,0,1,1,0,0,JBE,0,0,4437629,4439840,4437947,0,0,0,0,c,2.290064249096556e-08,0.507473309608541,1,0,1
0x43b65b,JBE,4215,4215,1909,6,0x43b656,UCOMISD,1,Leaf,xmm10(-1) xmm6(-1) ,rflags ,UCOMISD,5,JBE,6,MOVAPD,5,UCOMISD,5,JBE,6,MOVAPD,5,SUBSD,5,ADDSD,5,ADDSD,8,ADDSD,5,0,1,0,0,0,JMP,0,0,1,0,0,0,ADDSD,0,0,4437590,4439504,4437601,0,0,0,0,c,2.290064249096556e-08,1.0,1,0,1
0x43b650,JBE,4215,4215,2280,6,0x43b646,UCOMISD,1,Leaf,xmm8(-1) xmm7(-1) ,rflags ,MOVAPD,5,UCOMISD,5,JBE,6,ADDSD,5,MOVAPD,5,UCOMISD,5,JBE,6,MOVAPD,5,SUBSD,5,ADDSD,5,0,1,0,0,0,JMP,0,0,1,1,0,0,JBE,0,0,4437574,4439864,4437590,0,0,0,0,c,2.290064249096556e-08,1.0,1,0,1
0x43b640,JBE,4215,0,2320,6,0x43b62c,UCOMISD,1,Leaf,xmm9(ADDSD) xmm7(-1) ,rflags ,ADDSD,5,MOVAPD,5,ADDSD,5,UCOMISD,5,MOVAPD,5,UCOMISD,5,MOVAPD,5,JBE,6,UCOMISD,5,JBE,6,0,1,0,0,0,JMP,0,0,1,1,0,0,JBE,0,0,4437393,4439888,4437574,0,0,0,0,c,2.290064249096556e-08,0.0,0,0,0
0x43b56e,JBE,4215,4215,1914,6,0x43b569,UCOMISD,1,Leaf,xmm11(-1) xmm10(-1) ,rflags ,UCOMISD,5,JBE,6,MOVAPD,5,UCOMISD,5,JBE,6,SUBSD,5,MOVAPD,5,ADDSD,5,ADDSD,9,ADDSD,5,0,1,0,0,0,JMP,0,0,1,0,0,0,ADDSD,0,0,4437353,4439272,4437364,0,0,0,0,c,2.290064249096556e-08,1.0,1,0,1
0x43b563,JBE,4215,0,2565,6,0x43b559,UCOMISD,1,Leaf,xmm9(-1) xmm7(-1) ,rflags ,MOVAPD,5,UCOMISD,5,JBE,6,MOVAPD,5,MOVSD_XMM,7,UCOMISD,5,JBE,6,SUBSD,5,MOVAPD,5,ADDSD,5,0,1,0,0,0,JMP,0,0,1,1,0,0,JBE,0,0,4437337,4439912,4437353,0,0,0,0,c,2.290064249096556e-08,0.0,0,0,0
0x43b553,JBE,4215,4215,2605,6,0x43b543,UCOMISD,1,Leaf,xmm6(ADDSD) xmm7(XORPD) ,rflags ,MOVAPD,5,MOVSD_XMM,7,UCOMISD,4,ADDSD,5,XORPD,4,UCOMISD,5,MOVAPD,5,JBE,6,UCOMISD,5,JBE,6,0,1,0,0,0,JMP,0,0,1,1,0,0,JBE,0,0,4437052,4439936,4437337,0,0,0,0,c,2.290064249096556e-08,1.0,1,0,1
0x43afbc,JNBE,1733,0,332,6,0x43afb8,UCOMISD,1,Leaf,xmm5(-1) xmm0(-1) ,rflags ,UCOMISD,4,JBE,6,MOVAPD,4,UCOMISD,4,MOVSD_XMM,6,MOVSD_XMM,6,SUBSD,4,ADDSD,4,ADDSD,4,ADDSD,6,0,1,0,0,0,JMP,0,0,1,0,0,0,ADDSD,0,0,4435896,4436232,4435906,0,0,0,0,c,9.415614101267691e-09,0.0,0,0,0
0x43afb2,JBE,1733,0,374,6,0x43afaa,UCOMISD,1,Leaf,xmm6(MOVSD_XMM) xmm1(-1) ,rflags ,MOVAPD,4,UCOMISD,4,MOVSD_XMM,6,JBE,6,ADDSD,4,UCOMISD,4,JNBE,6,MOVSD_XMM,6,SUBSD,4,ADDSD,4,0,1,0,0,0,JMP,0,0,1,1,0,0,JA,0,0,4435876,4436264,4435896,0,0,0,0,c,9.415614101267691e-09,0.0,0,0,0
0x43af9e,JBE,1733,856,418,6,0x43af92,UCOMISD,1,Leaf,xmm2(ADDSD) xmm1(-1) ,rflags ,ADDSD,4,ADDSD,4,UCOMISD,4,MOVAPD,4,SUBSD,4,MOVSD_XMM,6,UCOMISD,4,MOVAPD,4,JBE,6,UCOMISD,4,0,1,0,0,0,JMP,0,0,1,1,0,0,JBE,0,0,4435836,4436288,4435876,0,0,0,0,c,9.415614101267691e-09,0.4939411425274091,0,0,0
0x43af66,JBE,1733,0,194,6,0x43af62,UCOMISD,1,Leaf,xmm7(-1) xmm2(-1) ,rflags ,UCOMISD,4,JBE,6,MOVAPD,4,UCOMISD,4,JBE,6,SUBSD,4,SUBSD,4,SUBSD,4,ADDSD,4,MOVAPD,4,0,1,0,0,0,JMP,0,0,1,0,0,0,ADDSD,0,0,4435810,4436008,4435820,0,0,0,0,c,9.415614101267691e-09,0.0,0,0,0
0x43af5c,JBE,1733,0,508,6,0x43af54,UCOMISD,1,Leaf,xmm3(-1) xmm1(-1) ,rflags ,MOVAPD,4,UCOMISD,4,JBE,6,ADDSD,4,SUBSD,4,UCOMISD,4,JBE,6,SUBSD,4,SUBSD,4,SUBSD,4,0,1,0,0,0,JMP,0,0,1,1,0,0,JBE,0,0,4435796,4436312,4435810,0,0,0,0,c,9.415614101267691e-09,0.0,0,0,0
0x43af4e,JBE,1733,856,546,6,0x43aeef,UCOMISD,1,Leaf,xmm0(ADDSD) xmm1(-1) ,rflags ,ADDSD,4,SUBSD,4,SUBSD,4,ADDSD,4,MOVAPD,4,UCOMISD,4,MOVAPD,4,JBE,6,UCOMISD,4,JBE,6,0,1,0,0,0,JMP,0,0,1,1,0,0,JBE,0,0,4435718,4436336,4435796,0,0,0,0,c,9.415614101267691e-09,0.4939411425274091,0,0,0
0x43ad57,JBE,1733,1733,745,6,0x43ad52,UCOMISD,1,Leaf,xmm13(-1) xmm5(-1) ,rflags ,UCOMISD,5,JBE,6,MOVAPD,5,UCOMISD,5,JBE,6,MOVAPD,5,SUBSD,5,ADDSD,5,ADDSD,8,ADDSD,5,0,1,0,0,0,JMP,0,0,1,0,0,0,ADDSD,0,0,4435282,4436032,4435293,0,0,0,0,c,9.415614101267691e-09,1.0,1,0,1
0x43ad4c,JBE,1733,0,1084,6,0x43ad42,UCOMISD,1,Leaf,xmm9(-1) xmm1(-1) ,rflags ,MOVAPD,5,UCOMISD,5,JBE,6,MOVAPD,5,ADDSD,5,UCOMISD,5,JBE,6,MOVAPD,5,SUBSD,5,ADDSD,5,0,1,0,0,0,JMP,0,0,1,1,0,0,JBE,0,0,4435266,4436360,4435282,0,0,0,0,c,9.415614101267691e-09,0.0,0,0,0
0x43ad3c,JBE,1733,1733,1124,6,0x43ad28,UCOMISD,1,Leaf,xmm8(ADDSD) xmm1(-1) ,rflags ,MOVAPD,5,ADDSD,5,ADDSD,5,UCOMISD,5,SUBSD,5,UCOMISD,5,MOVAPD,5,JBE,6,UCOMISD,5,JBE,6,0,1,0,0,0,JMP,0,0,1,1,0,0,JBE,0,0,4435076,4436384,4435266,0,0,0,0,c,9.415614101267691e-09,1.0,1,0,1
0x43ac62,JBE,1733,1733,1030,6,0x43ac5d,UCOMISD,1,Leaf,xmm10(-1) xmm5(-1) ,rflags ,UCOMISD,5,JBE,6,MOVAPD,5,UCOMISD,5,JBE,6,MOVAPD,5,SUBSD,5,ADDSD,5,ADDSD,8,ADDSD,5,0,1,0,0,0,JMP,0,0,1,0,0,0,ADDSD,0,0,4435037,4436072,4435048,0,0,0,0,c,9.415614101267691e-09,1.0,1,0,1
0x43ac57,JBE,1733,1733,1377,6,0x43ac4d,UCOMISD,1,Leaf,xmm9(-1) xmm1(-1) ,rflags ,MOVAPD,5,UCOMISD,5,JBE,6,ADDSD,5,MOVAPD,5,UCOMISD,5,JBE,6,MOVAPD,5,SUBSD,5,ADDSD,5,0,1,0,0,0,JMP,0,0,1,1,0,0,JBE,0,0,4435021,4436408,4435037,0,0,0,0,c,9.415614101267691e-09,1.0,1,0,1
0x43ac47,JBE,1733,0,1417,6,0x43ac33,UCOMISD,1,Leaf,xmm8(ADDSD) xmm1(-1) ,rflags ,ADDSD,5,MOVAPD,5,ADDSD,5,UCOMISD,5,MOVAPD,5,UCOMISD,5,MOVAPD,5,JBE,6,UCOMISD,5,JBE,6,0,1,0,0,0,JMP,0,0,1,1,0,0,JBE,0,0,4434831,4436432,4435021,0,0,0,0,c,9.415614101267691e-09,0.0,0,0,0
0x43ab6d,JBE,1733,1733,1315,6,0x43ab68,UCOMISD,1,Leaf,xmm12(-1) xmm5(-1) ,rflags ,UCOMISD,5,JBE,6,MOVAPD,5,UCOMISD,5,JBE,6,MOVAPD,5,SUBSD,5,ADDSD,5,ADDSD,8,ADDSD,5,0,1,0,0,0,JMP,0,0,1,0,0,0,ADDSD,0,0,4434792,4436112,4434803,0,0,0,0,c,9.415614101267691e-09,1.0,1,0,1
0x43ab62,JBE,1733,0,1670,6,0x43ab58,UCOMISD,1,Leaf,xmm9(-1) xmm1(-1) ,rflags ,MOVAPD,5,UCOMISD,5,JBE,6,ADDSD,5,ADDSD,5,UCOMISD,5,JBE,6,MOVAPD,5,SUBSD,5,ADDSD,5,0,1,0,0,0,JMP,0,0,1,1,0,0,JBE,0,0,4434776,4436456,4434792,0,0,0,0,c,9.415614101267691e-09,0.0,0,0,0
0x4b4c80,JZ,8,8,92,2,0x4b4c6b,TEST,1,NonLeaf,esi(-1) esi(-1) ,rflags ,MOV,6,MOVZX,7,MOV,6,TEST,2,SHL,3,MOV,4,ADD,4,AND,4,LEA,4,MOV,4,0,1,0,0,0,JAE,0,0,1,0,0,0,FSTP,0,0,4934608,4934876,4934786,0,0,0,1,c,4.346503912876026e-11,1.0,1,0,1
0x43ab52,JBE,1733,1733,1710,6,0x43ab43,UCOMISD,1,Leaf,xmm8(ADDSD) xmm1(-1) ,rflags ,ADDSD,5,ADDSD,5,UCOMISD,5,MOVAPD,5,SUBSD,5,UCOMISD,5,MOVAPD,5,JBE,6,UCOMISD,5,JBE,6,0,1,0,0,0,JMP,0,0,1,1,0,0,JBE,0,0,4434572,4436480,4434776,0,0,0,0,c,9.415614101267691e-09,1.0,1,0,1
0x43aa6b,JBE,1733,1733,1613,6,0x43aa66,UCOMISD,1,Leaf,xmm9(-1) xmm8(-1) ,rflags ,UCOMISD,5,JBE,6,MOVAPD,5,UCOMISD,4,JBE,6,SUBSD,5,MOVAPD,5,ADDSD,5,ADDSD,7,ADDSD,5,0,1,0,0,0,JMP,0,0,1,0,0,0,ADDSD,0,0,4434534,4436152,4434545,0,0,0,0,c,9.415614101267691e-09,1.0,1,0,1
0x43aa60,JBE,1733,856,1976,6,0x43aa57,UCOMISD,1,Leaf,xmm5(-1) xmm1(-1) ,rflags ,MOVAPD,5,UCOMISD,4,JBE,6,ADDSD,5,MOVAPD,5,UCOMISD,5,JBE,6,SUBSD,5,MOVAPD,5,ADDSD,5,0,1,0,0,0,JMP,0,0,1,1,0,0,JBE,0,0,4434519,4436504,4434534,0,0,0,0,c,9.415614101267691e-09,0.4939411425274091,0,0,0
0x43aa51,JBE,1733,877,2015,6,0x43aa3e,UCOMISD,1,Leaf,xmm7(ADDSD) xmm1(-1) ,rflags ,ADDSD,5,MOVAPD,5,ADDSD,5,UCOMISD,4,MOVAPD,5,UCOMISD,4,MOVAPD,5,JBE,6,UCOMISD,5,JBE,6,0,1,0,0,0,JMP,0,0,1,1,0,0,JBE,0,0,4434207,4436528,4434519,0,0,0,0,c,9.415614101267691e-09,0.5060588574725908,1,0,1
0x43a8fc,JBE,1733,1733,2020,6,0x43a8f7,UCOMISD,1,Leaf,xmm12(-1) xmm8(-1) ,rflags ,UCOMISD,5,JBE,6,MOVAPD,5,UCOMISD,5,JBE,6,SUBSD,5,MOVAPD,5,ADDSD,5,ADDSD,9,ADDSD,5,0,1,0,0,0,JMP,0,0,1,0,0,0,ADDSD,0,0,4434167,4436192,4434178,0,0,0,0,c,9.415614101267691e-09,1.0,1,0,1
0x43a8f1,JBE,1733,1733,2391,6,0x43a8e7,UCOMISD,1,Leaf,xmm11(-1) xmm1(-1) ,rflags ,MOVAPD,5,UCOMISD,5,JBE,6,ADDSD,5,MOVAPD,5,UCOMISD,5,JBE,6,SUBSD,5,MOVAPD,5,ADDSD,5,0,1,0,0,0,JMP,0,0,1,1,0,0,JBE,0,0,4434151,4436552,4434167,0,0,0,0,c,9.415614101267691e-09,1.0,1,0,1
0x43a8e1,JBE,1733,0,2431,6,0x43a8cd,UCOMISD,1,Leaf,xmm10(ADDSD) xmm1(-1) ,rflags ,ADDSD,5,MOVAPD,5,ADDSD,5,UCOMISD,5,MOVAPD,5,UCOMISD,5,MOVAPD,5,JBE,6,UCOMISD,5,JBE,6,0,1,0,0,0,JMP,0,0,1,1,0,0,JBE,0,0,4433961,4436576,4434151,0,0,0,0,c,9.415614101267691e-09,0.0,0,0,0
0x43a806,JBE,1733,1733,2042,6,0x43a801,UCOMISD,1,Leaf,xmm13(-1) xmm8(-1) ,rflags ,UCOMISD,5,JBE,6,MOVAPD,5,UCOMISD,5,JBE,6,SUBSD,5,MOVAPD,5,ADDSD,5,ADDSD,9,ADDSD,5,0,1,0,0,0,JMP,0,0,1,0,0,0,ADDSD,0,0,4433921,4435968,4433932,0,0,0,0,c,9.415614101267691e-09,1.0,1,0,1
0x43a7fb,JBE,1733,0,2685,6,0x43a7f1,UCOMISD,1,Leaf,xmm11(-1) xmm1(-1) ,rflags ,MOVAPD,5,UCOMISD,5,JBE,6,UCOMISD,5,XORPD,4,UCOMISD,5,JBE,6,SUBSD,5,MOVAPD,5,ADDSD,5,0,1,0,0,0,JMP,0,0,1,1,0,0,JBE,0,0,4433905,4436600,4433921,0,0,0,0,c,9.415614101267691e-09,0.0,0,0,0
0x43a7eb,JBE,1733,1733,2725,6,0x43a7e6,UCOMISD,1,Leaf,xmm10(ADDSD) xmm1(XORPD) ,rflags ,UCOMISD,5,XORPD,4,ADDSD,5,ADDSD,5,MOVAPD,5,UCOMISD,5,MOVAPD,5,JBE,6,UCOMISD,5,JBE,6,0,1,0,0,0,JMP,0,0,1,1,0,0,JBE,0,0,4433819,4436624,4433905,0,0,0,0,c,9.415614101267691e-09,1.0,1,0,1
0x439fc8,JNB,1172123050,0,7,2,0x439fc4,UCOMISD,1,Leaf,xmm1(XORPD) xmm0(-1) ,rflags ,UCOMISD,4,XORPD,4,INVALID,0,INVALID,0,INVALID,0,JMP,5,CMP,7,JZ,2,UCOMISD,4,JNP,2,0,1,0,0,0,JE,0,0,1,0,0,0,JMP,0,0,4431808,4431823,4431818,0,0,0,0,c,0.0063682967789964,0.0,0,0,0
0x439ed9,JNZ,4089352616,4089352616,-5,2,0x439ed4,ADD,0,NonLeaf,rsp(-1) ,rsp rflags ,RET_NEAR,1,ADD,4,JNP,2,UCOMISD,8,JNBE,2,MOV,10,MOVQ,5,AND,3,MOV,10,CMP,3,0,0,0,0,0,RET,0,0,0,0,0,0,JA,0,0,4431577,4431572,4431579,1,0,0,0,c,0.0222179839332172,1.0,1,1,1
0x439ed2,JNP,4089352616,4089352616,7,2,0x439eca,UCOMISD,1,NonLeaf,xmm0(-1) rip(JNP) ,rflags ,UCOMISD,8,JNBE,2,CMP,3,MOV,10,AND,3,ADD,4,RET_NEAR,1,JNZ,2,MOV,10,MOVQ,5,0,1,0,0,0,JNE,0,0,0,0,0,0,RET,0,0,4431562,4431577,4431572,0,0,0,0,c,0.0222179839332172,1.0,1,1,1
0x439ec8,JNBE,4089352616,0,19,2,0x439ec5,CMP,1,NonLeaf,rax(AND) rdx(MOV) ,rflags ,CMP,3,MOV,10,AND,3,MOVQ,5,MOVSD_XMM,6,UCOMISD,8,JNP,2,ADD,4,RET_NEAR,1,JNZ,2,0,1,0,0,0,JA,0,0,1,0,0,0,JNP,0,0,4431523,4431579,4431562,0,0,0,0,c,0.0222179839332172,0.0,0,0,0
0x439e64,JNBE,8610064,0,7,2,0x439e5c,UCOMISD,1,Leaf,xmm1(ANDPD) rip(JNBE) ,rflags ,UCOMISD,8,ANDPD,4,MOVSD_XMM,8,INVALID,0,INVALID,0,JMP,5,CMP,7,JZ,2,XORPS,3,DIVSS,4,0,1,0,0,0,JE,0,0,1,0,0,0,JMP,0,0,4431440,4431467,4431462,0,0,0,0,c,4.6779596082641255e-05,0.0,0,0,0
0x4b1de6,JNZ,11,0,6250,6,0x4b1dd2,CMP,1,NonLeaf,rbp(-1) ,rflags ,MOV,6,MOV,7,CMP,7,CMOVNS,4,MOV,5,MOV,6,ADD,6,SUB,6,CMP,8,JZ,2,0,1,0,0,0,JE,0,0,1,0,0,0,JE,0,0,4922802,4929104,4922860,0,0,0,0,c,5.976442880204535e-11,0.0,0,0,0
0x47266f,JBE,1102,15,289,6,0x472668,CMP,1,NonLeaf,rip(JBE) rdi(-1) ,rflags ,CMP,7,JZ,6,LEA,4,TEST,3,MOV,7,MOV,4,MOV,4,MOV,5,AND,4,CMP,7,0,1,0,0,0,JGE,0,0,1,0,0,0,MOV,0,0,4662888,4663184,4662901,0,0,0,1,c,5.987309139986726e-09,0.013611615245009,0,0,0
0x471e66,JBE,221292,0,1848,6,0x471e62,CMP,1,NonLeaf,rax(-1) ,rflags ,CMP,4,AND,4,MOV,3,JZ,6,TEST,2,CMP,7,JNB,6,MOV,6,TEST,2,JNZ,6,0,1,0,0,0,JMP,0,0,1,0,0,0,JAE,0,0,4660827,4662686,4660844,0,0,0,0,c,1.2023081798602018e-06,0.0,0,0,0
0x471e02,JZ,34976,34976,11,2,0x471e00,TEST,1,NonLeaf,cl(-1) cl(-1) ,rflags ,TEST,2,JZ,2,TEST,3,JNZ,2,CMP,3,CMP,3,JNZ,6,ADD,4,POP,1,POP,1,0,0,0,0,0,RET,0,0,1,0,0,0,JNE,0,0,4660736,4660749,4660740,0,0,0,0,c,1.9002915107093986e-07,1.0,1,0,1
0x471df9,JNZ,34984,0,-57,2,0x471df6,CMP,1,NonLeaf,r8(-1) rax(-1) ,rflags ,CMP,3,CMPXCHG_LOCK,5,JZ,2,CMP,9,MOV,3,TEST,3,JZ,2,TEST,2,JZ,2,CMP,3,0,1,0,0,0,JE,0,0,1,0,0,0,JE,1,0,4660722,4660672,4660731,0,0,0,0,c,1.9007261611006864e-07,0.0,0,0,0
0x471d25,JNZ,256276,0,1564,6,0x471d21,TEST,1,NonLeaf,sil(-1) ,rflags ,TEST,4,JNBE,6,CMP,3,NEG,3,MOV,3,CMP,4,JBE,6,TEST,2,JNZ,6,CMP,7,0,0,0,0,0,JMP,0,0,1,0,0,0,JBE,0,0,4660513,4662081,4660523,0,0,0,0,c,1.3923807959702704e-06,0.0,0,0,0
0x434b03,JL,1132,1132,-2106,6,0x434b00,CMP,1,NonLeaf,rax(SUB) rdx(MOVSXD) ,rflags ,CMP,3,SUB,3,MOVSXD,4,MOV,5,MOV,5,MOV,3,MOV,3,MOV,5,CALL_NEAR,5,TEST,2,0,0,0,0,0,JNE,0,0,1,0,0,0,CALL,0,1,4410095,4408009,4410121,0,0,0,1,c,6.1503030367195775e-09,1.0,1,0,1
0x471384,JBE,34984,27483,18,2,0x471375,CMP,1,NonLeaf,r12(-1) ,rflags ,MOV,4,MOV,4,CMP,7,MOV,4,JNZ,6,MOV,8,MOV,8,MOV,3,MOV,4,MOV,4,0,1,1,0,0,JE,0,0,1,0,0,0,MOV,0,0,4658033,4658070,4658054,0,0,1,1,c,1.9007261611006864e-07,0.7855876972330208,1,0,1
0x4342d2,JNZ,88036,49976,-19,2,0x4342cd,CMP,1,NonLeaf,r12(ADD) rsp(-1) ,rflags ,CMP,5,ADD,4,JZ,6,CMP,4,MOV,3,MOV,8,JMP,5,MOV,5,MOV,4,TEST,3,0,0,0,1,1,JE,0,0,0,0,0,0,JMP,1,0,4408009,4407999,4408020,0,0,0,1,c,4.783110230924422e-07,0.5676768594665819,1,1,1
0x4342c3,JZ,88036,1132,2092,6,0x4342bf,CMP,1,NonLeaf,r12(-1) r15b(-1) ,rflags ,CMP,4,MOV,3,MOVZX,4,JBE,6,CMP,5,ADD,4,CMP,5,JNZ,2,MOV,8,JMP,5,1,1,0,0,0,JL,0,0,1,0,0,0,JNE,0,0,4407999,4410095,4408009,0,1,0,0,c,4.783110230924422e-07,0.0128583761188604,0,0,0
0x4342b2,JBE,38060,0,2166,6,0x4342ad,CMP,1,NonLeaf,rsp(-1) rax(MOV) ,rflags ,CMP,5,MOV,5,JZ,6,TEST,3,MOV,4,MOVZX,4,MOV,3,CMP,4,JZ,6,ADD,4,0,1,0,0,0,MOV,0,0,1,0,0,0,MOV,0,0,4407976,4410152,4407992,0,0,0,0,c,2.0678492365507693e-07,0.0,0,0,0
0x4342a2,JZ,38060,0,2196,6,0x43429f,TEST,1,NonLeaf,rcx(MOV) rcx(MOV) ,rflags ,TEST,3,MOV,4,MOV,5,JB,2,CMP,5,MOV,5,CMP,5,JBE,6,MOVZX,4,MOV,3,0,1,0,0,0,MOV,0,0,1,0,0,0,JBE,0,0,4407958,4410166,4407976,0,0,1,0,c,2.0678492365507693e-07,0.0,0,0,0
0x434294,JB,38060,0,-103,2,0x43428f,CMP,1,NonLeaf,rsp(-1) rax(-1) ,rflags ,CMP,5,MOV,5,MOV,5,ADD,4,MOV,3,MOV,5,MOV,4,TEST,3,JZ,6,MOV,5,0,0,0,0,0,JMP,1,0,1,0,0,0,JE,0,0,4407951,4407853,4407958,0,0,1,0,c,2.0678492365507693e-07,0.0,0,0,0
0x434265,JZ,38060,38060,2157,6,0x434250,AND,1,NonLeaf,r8d(AND) ,r8d rflags ,MOV,8,LEA,4,MOV,5,AND,4,CMOVZ,9,MOV,8,MOV,3,ADD,3,MOV,5,MOV,3,0,1,0,0,0,CALL,0,1,1,0,0,0,MOV,0,0,4407866,4410066,4407915,0,0,1,1,c,2.0678492365507693e-07,1.0,1,0,1
0x4341dc,JBE,38060,38060,94,2,0x4341d8,CMP,1,NonLeaf,rcx(MOV) ,rflags ,CMP,4,MOV,4,MOV,4,AND,3,MOV,3,TEST,4,LEA,4,MOV,4,MOV,5,CMOVZ,9,0,1,0,0,0,JE,1,0,1,0,0,0,JE,1,0,4407746,4407866,4407774,0,0,1,1,c,2.0678492365507693e-07,1.0,1,0,1
0x4341b6,JZ,38060,38060,12,2,0x4341af,AND,1,NonLeaf,eax(AND) ,eax rflags ,MOV,4,AND,3,MOV,4,MOV,3,JNZ,2,MOV,8,JMP,2,MOV,5,MOV,3,MOV,3,0,1,0,0,0,JBE,0,0,1,0,0,0,JMP,1,0,4407720,4407746,4407736,0,0,0,1,c,2.0678492365507693e-07,1.0,1,1,1
0x4341a6,JNZ,38060,0,-28,2,0x4341a0,CMP,1,NonLeaf,rax(-1) ,rflags ,CMP,6,RET_NEAR,1,POP,2,POP,2,POP,2,MOV,3,MOV,4,AND,3,MOV,4,JZ,2,0,0,1,0,0,RET,1,0,1,0,0,0,JE,0,0,4407712,4407690,4407720,0,1,0,1,c,2.0678492365507693e-07,0.0,0,0,0
0x434188,JZ,38060,38060,24,2,0x434161,CMP,1,NonLeaf,rdi(-1) ,rflags ,MOV,5,MOV,8,MOV,8,MOV,8,MOV,4,MOV,4,ADD,7,POP,1,POP,1,POP,2,0,1,0,0,0,JNE,0,0,1,1,0,0,RET,1,0,4407632,4407712,4407690,0,0,0,0,c,2.0678492365507693e-07,1.0,1,0,1
0x431726,JNZ,8,6,-37,2,0x431723,CMP,1,NonLeaf,rax(ADD) r14(-1) ,rflags ,CMP,3,MOV,3,ADD,4,JNZ,2,CMP,7,MOV,3,MOV,3,JMP,5,LEA,4,MOV,3,0,0,0,1,1,JNE,0,0,0,1,0,0,JMP,1,0,4396828,4396801,4396840,0,0,0,1,c,4.346503912876026e-11,0.75,1,1,1
0x43171a,JNZ,8,0,-25,2,0x431713,CMP,1,NonLeaf,rcx(AND) ,rflags ,CMP,7,AND,6,MOV,3,MOV,5,ADD,4,ADD,4,MOV,3,CMP,3,JNZ,2,MOV,3,1,1,1,1,1,JNE,0,0,1,1,0,0,JNE,0,0,4396801,4396801,4396828,0,0,0,1,c,4.346503912876026e-11,0.0,0,1,0
0x4316fc,JLE,2,0,44,2,0x4316f9,TEST,1,NonLeaf,r13d(-1) r13d(-1) ,rflags ,TEST,3,JZ,6,MOV,4,TEST,3,CALL_NEAR,5,ADD,3,ADD,4,MOV,5,MOV,3,AND,6,0,1,1,0,0,JMP,1,0,1,0,0,0,ADD,0,0,4396793,4396840,4396798,0,0,1,0,c,1.0866259782190064e-11,0.0,0,0,0
0x4316f3,JZ,2,0,137,6,0x4316ec,TEST,1,NonLeaf,rax(-1) rax(-1) ,rflags ,MOV,4,TEST,3,CALL_NEAR,5,LEA,4,MOVSXD,3,TEST,3,JLE,2,ADD,3,ADD,4,MOV,5,0,1,0,0,0,JMP,1,0,1,0,0,0,JLE,0,0,4396780,4396924,4396793,0,0,1,0,c,1.0866259782190064e-11,0.0,0,0,0
0x43166f,JNZ,2,2,113,2,0x43166c,TEST,1,NonLeaf,r13d(MOV) r13d(MOV) ,rflags ,TEST,3,MOV,4,JMP,5,CALL_NEAR,5,MOV,3,MOV,3,JMP,5,TEST,2,JNZ,2,MOV,8,0,1,0,0,0,CALL,0,1,1,0,0,0,JMP,1,0,4396648,4396768,4396657,0,0,1,0,c,1.0866259782190064e-11,1.0,1,0,1
0x431597,JZ,512,2,186,6,0x431590,CMP,1,NonLeaf,r12d(-1) ,rflags ,CMP,7,JNZ,2,CMP,2,ADD,3,JNZ,2,ADD,4,ADD,4,JMP,2,NOP,9,MOV,3,0,0,1,0,0,JMP,1,0,0,0,0,0,JMP,0,0,4396432,4396625,4396445,0,1,0,0,c,2.781762504240656e-09,0.00390625,0,0,0
0x431560,JLE,508,508,48,2,0x43155e,TEST,1,NonLeaf,ecx(SAR) ecx(SAR) ,rflags ,TEST,2,SAR,3,CMOVNS,3,ADD,3,LEA,3,CMP,4,JNZ,2,LEA,4,MOV,3,NEG,3,0,0,0,0,0,JE,0,0,1,0,0,0,JNE,0,0,4396356,4396432,4396386,0,0,0,0,c,2.760029984676276e-09,1.0,1,0,1
0x431542,JNZ,512,4,78,2,0x431538,CMP,1,NonLeaf,r14(-1) ,rflags ,LEA,5,CMP,5,NOP,4,MOV,6,SUB,4,MOV,3,MOVSXD,4,MOVZX,3,MOV,4,LEA,3,1,1,0,0,0,JE,0,0,1,0,0,0,JLE,0,0,4396344,4396432,4396356,0,0,0,0,c,2.781762504240656e-09,0.0078125,0,0,0
0x431524,JNZ,2,0,-635,6,0x431522,TEST,1,NonLeaf,eax(MOV) eax(MOV) ,rflags ,TEST,2,MOV,4,MOV,4,LEA,4,MOV,5,SUB,4,MOV,6,NOP,4,CMP,5,LEA,5,0,0,1,0,0,CALL,0,1,1,0,0,0,NOP,0,0,4396284,4395689,4396330,0,0,1,0,c,1.0866259782190064e-11,0.0,0,0,0
0x4314f1,JLE,2,0,578,6,0x4314ee,CMP,1,NonLeaf,rcx(MOV) rdx(-1) ,rflags ,CMP,3,MOV,5,JMP,5,MOV,4,MOV,5,MOV,5,LEA,4,MOV,4,MOV,5,MOV,8,0,1,0,0,0,JGE,0,0,1,0,0,0,MOV,0,0,4396265,4396851,4396279,0,0,0,0,c,1.0866259782190064e-11,0.0,0,0,0
0x4314a3,JNZ,6,6,-386,6,0x43149d,CMP,1,NonLeaf,rax(-1) ,rflags ,CMP,6,JMP,5,ADD,4,JMP,5,MOV,4,JMP,2,MOV,8,MOV,5,MOV,9,MOV,9,0,0,0,0,0,NOP,0,0,1,0,0,0,JMP,0,0,4396189,4395809,4396201,0,0,0,0,c,3.2598779346570196e-11,1.0,1,0,1
0x43147c,JZ,2,2,-828,6,0x43147a,TEST,1,NonLeaf,ebx(MOV) ebx(MOV) ,rflags ,TEST,2,MOV,4,JNZ,2,MOV,6,MOV,4,MOV,4,CALL_NEAR,5,MOV,4,JMP,5,ADD,4,0,0,1,0,0,RET,0,0,0,0,0,0,CALL,0,1,4396154,4395328,4396162,1,0,0,1,c,1.0866259782190064e-11,1.0,1,0,1
0x431474,JNZ,2,0,55,2,0x431455,AND,1,NonLeaf,ecx(AND) ,ecx rflags ,MOV,6,MOV,4,MOV,4,MOV,7,MOV,7,MOV,4,TEST,2,JZ,6,MOV,4,CALL_NEAR,5,0,1,0,0,0,MOV,0,0,1,0,0,0,MOV,0,0,4396109,4396203,4396150,0,0,1,0,c,1.0866259782190064e-11,0.0,0,0,0
0x431445,JZ,2,2,8,2,0x431442,TEST,1,NonLeaf,rdx(-1) rdx(-1) ,rflags ,TEST,3,JNZ,6,CMP,6,JMP,5,MOV,3,OR,3,MOV,3,MOV,4,MOV,4,AND,3,0,1,1,0,0,JNE,0,0,1,0,0,0,MOV,0,0,4396098,4396109,4396103,0,0,1,1,c,1.0866259782190064e-11,1.0,1,0,1
0x43143c,JNZ,14,12,-178,6,0x431436,CMP,1,NonLeaf,rax(-1) ,rflags ,CMP,6,JMP,5,MOV,3,MOV,5,ADD,4,TEST,3,JZ,2,OR,3,MOV,3,MOV,4,0,0,0,1,1,JE,0,0,1,1,0,0,JE,1,0,4396086,4395914,4396098,0,0,0,0,c,7.606381847533045e-11,0.8571428571428571,1,1,1
0x431416,JNZ,14,6,135,6,0x431410,CMP,1,NonLeaf,rax(-1) ,rflags ,CMP,6,JMP,5,JB,2,CMP,5,MOV,5,TEST,3,CMOVNZ,6,ADD,4,MOV,5,MOV,3,0,1,0,0,0,JNE,0,0,1,0,0,0,MOV,0,0,4396048,4396189,4396060,0,0,0,1,c,7.606381847533045e-11,0.4285714285714285,0,0,0
0x4313a9,JNZ,14,14,141,6,0x4313a3,CMP,1,NonLeaf,rax(-1) ,rflags ,CMP,6,JZ,6,CMP,6,AND,5,MOV,4,CMP,3,CMOVL,4,SUB,4,JMP,2,CMP,3,0,1,1,0,0,JNE,0,0,1,0,0,0,JMP,0,0,4395939,4396086,4395951,0,0,0,0,c,7.606381847533045e-11,1.0,1,0,1
0x43139d,JZ,14,0,247,6,0x431397,CMP,1,NonLeaf,rax(AND) ,rflags ,CMP,6,AND,5,MOV,4,ADD,4,XOR,2,CMP,6,JNZ,6,CMP,3,CMOVL,4,SUB,4,1,1,0,0,0,JMP,0,0,1,1,0,0,JNE,0,0,4395914,4396180,4395939,0,0,0,0,c,7.606381847533045e-11,0.0,0,0,0
0x43133f,JZ,6,2,809,6,0x431339,CMP,1,NonLeaf,rax(-1) ,rflags ,CMP,6,MOV,3,MOV,5,JLE,2,CMP,3,XOR,2,JMP,2,NOP,7,AND,6,LEA,4,0,1,0,0,0,JNE,1,0,1,0,0,0,JMP,0,0,4395833,4396648,4395845,0,0,0,0,c,3.2598779346570196e-11,0.3333333333333333,0,0,0
0x43132f,JLE,6,4,10,2,0x43132c,CMP,1,NonLeaf,rsi(-1) rcx(MOVSXD) ,rflags ,CMP,3,MOVSXD,4,NOP,4,MOV,3,JZ,6,MOV,5,MOV,3,CMP,6,JZ,6,XOR,2,0,1,1,0,0,JE,0,0,1,0,0,0,MOV,0,0,4395816,4395833,4395825,0,0,0,1,c,3.2598779346570196e-11,0.6666666666666666,1,0,1
0x4312fb,JLE,14,14,277,6,0x4312f3,CMP,0,NonLeaf,rax(-1) ,rflags ,JZ,2,CMP,6,AND,5,MOV,3,LEA,4,CMP,6,JZ,6,CMP,6,JZ,2,CMP,6,0,1,0,0,0,JNE,0,0,1,0,0,0,JE,0,0,4395771,4396048,4395777,0,0,0,0,c,7.606381847533045e-11,1.0,1,0,1
0x4312f9,JZ,14,0,87,2,0x4312f3,CMP,1,NonLeaf,rax(AND) ,rflags ,CMP,6,AND,5,MOV,3,LEA,4,MOV,3,JLE,6,CMP,6,JZ,6,CMP,6,JZ,2,1,1,0,1,0,JE,0,0,1,0,0,0,JLE,0,0,4395748,4395856,4395771,0,0,0,0,c,7.606381847533045e-11,0.0,0,0,0
0x4312d2,JNZ,2,0,976,6,0x4312d0,TEST,1,NonLeaf,ebx(-1) ebx(-1) ,rflags ,TEST,2,JZ,6,MOV,4,MOV,4,TEST,3,LEA,4,XOR,2,XOR,3,MOV,3,MOV,3,0,0,0,0,0,JNE,1,0,1,0,0,0,MOV,0,0,4395728,4396706,4395736,0,0,1,0,c,1.0866259782190064e-11,0.0,0,0,0
0x4312ca,JZ,2,0,943,6,0x4312bf,TEST,1,NonLeaf,rax(-1) rax(-1) ,rflags ,MOV,4,MOV,4,TEST,3,CALL_NEAR,5,MOV,4,TEST,2,JNZ,6,LEA,4,XOR,2,XOR,3,0,1,0,0,0,JNE,1,0,1,0,0,0,JNE,0,0,4395711,4396665,4395728,0,0,0,0,c,1.0866259782190064e-11,0.0,0,0,0
0x43129b,JZ,2,2,590,6,0x431299,TEST,1,NonLeaf,eax(MOV) eax(MOV) ,rflags ,TEST,2,MOV,4,MOV,5,CALL_NEAR,5,MOV,5,LEA,4,MOV,4,MOV,5,LEA,8,MOV,4,0,1,0,0,0,JLE,0,0,0,0,0,0,MOV,0,0,4395673,4396265,4395681,0,0,0,1,c,1.0866259782190064e-11,1.0,1,1,1
0x431276,JNZ,2,0,326,6,0x431272,AND,1,NonLeaf,r14d(AND) ,r14d rflags ,AND,4,JNZ,6,MOV,8,MOV,7,STOSQ,3,LEA,5,MOV,5,MOV,5,CALL_NEAR,5,MOV,5,0,1,0,0,0,JB,0,0,1,0,0,0,CALL,0,1,4395634,4395964,4395644,0,0,0,1,c,1.0866259782190064e-11,0.0,0,1,0
0x43126c,JNZ,2,0,608,6,0x4311a2,TEST,0,NonLeaf,r14b(-1) ,rflags ,MOV,8,MOV,7,STOSQ,3,MOV,7,MOV,9,AND,4,JNZ,6,LEA,5,MOV,5,MOV,5,0,1,0,0,0,CALL,0,1,1,0,0,0,JNE,0,0,4395613,4396236,4395634,0,1,1,0,c,1.0866259782190064e-11,0.0,0,0,0
0x43118d,JZ,2,0,1230,6,0x431179,TEST,1,NonLeaf,rax(-1) rax(-1) ,rflags ,MOV,9,MOV,5,MOV,3,TEST,3,CALL_NEAR,5,LEA,5,XOR,2,MOV,5,ADD,3,TEST,4,0,1,0,0,0,CALL,1,1,1,0,0,0,MOV,0,0,4395385,4396635,4395411,0,0,1,1,c,1.0866259782190064e-11,0.0,0,0,0
0x431165,JB,2,0,-51,2,0x431162,CMP,1,NonLeaf,rax(-1) r13(-1) ,rflags ,CMP,3,JMP,2,SUB,3,JB,2,CMP,3,LEA,8,MOV,5,CALL_NEAR,5,TEST,3,MOV,3,0,0,0,0,0,CALL,1,1,1,0,0,0,CALL,0,1,4395362,4395314,4395367,0,0,1,1,c,1.0866259782190064e-11,0.0,0,0,0
0x431130,JBE,2,2,50,2,0x43112d,CMP,1,NonLeaf,rax(LEA) rdx(MOV) ,rflags ,CMP,3,LEA,5,SHR,3,MOV,10,MOV,3,MOV,3,MOV,5,CALL_NEAR,5,NOP,1,ADD,7,0,1,0,0,0,JB,0,0,1,0,0,0,CALL,1,1,4395288,4395362,4395314,0,0,0,1,c,1.0866259782190064e-11,1.0,1,0,1
0x431116,JZ,2,0,42,2,0x431110,TEST,1,NonLeaf,rax(-1) rax(-1) ,rflags ,MOV,3,TEST,3,CALL_NEAR,5,MOV,5,MOV,5,MOV,3,MOV,10,SHR,3,LEA,5,CMP,3,0,0,1,0,0,RET,1,0,1,0,0,0,JBE,0,0,4395280,4395328,4395288,0,0,0,0,c,1.0866259782190064e-11,0.0,0,0,0
0x4310f4,JNZ,2,0,96,2,0x4310ee,TEST,1,NonLeaf,dl(-1) ,rflags ,MOV,3,TEST,3,JZ,2,MOV,4,CMP,3,MOV,3,CALL_NEAR,5,MOV,3,MOV,5,MOV,5,0,1,0,0,0,JB,0,0,1,0,0,0,CALL,0,1,4395246,4395348,4395254,0,0,0,1,c,1.0866259782190064e-11,0.0,0,0,0
0x4310ec,JZ,2,0,84,2,0x4310e5,CMP,1,NonLeaf,eax(AND) ,rflags ,MOV,4,CMP,3,SUB,7,MOV,5,PUSH,1,TEST,3,MOV,3,JNZ,2,MOV,3,CALL_NEAR,5,0,1,1,0,0,RET,1,0,1,0,0,0,JNE,0,0,4395200,4395328,4395246,0,0,0,0,c,1.0866259782190064e-11,0.0,0,0,0
0x46d272,JZ,2,2,14,2,0x46d26b,CMP,1,NonLeaf,rip(JZ) ,rflags ,CMP,7,MOV,5,JZ,2,CMP,4,MOV,9,CMPXCHG_LOCK,4,JNZ,6,JMP,2,CMPXCHG,3,JNZ,6,0,1,0,0,0,JNE,0,0,1,0,0,0,JNE,0,0,4641382,4641408,4641396,0,0,1,0,c,1.0866259782190064e-11,1.0,1,0,1
0x46d043,JZ,2,2,13,2,0x46d03c,CMP,1,NonLeaf,rip(JZ) ,rflags ,CMP,7,MOV,8,JNZ,2,SUB,4,MOV,7,DEC_LOCK,3,JNZ,6,JMP,2,DEC,2,JNZ,6,0,1,0,0,0,JNE,0,0,1,0,0,0,JNE,0,0,4640820,4640848,4640837,0,0,1,0,c,1.0866259782190064e-11,1.0,1,0,1
0x46cf45,JZ,2,2,18,2,0x46cf3e,CMP,1,NonLeaf,rip(JZ) ,rflags ,CMP,7,XOR,2,MOV,5,JZ,2,CMP,7,CMPXCHG_LOCK,8,JNZ,6,JMP,2,CMPXCHG,7,JNZ,6,0,1,0,0,0,JNE,0,0,1,0,0,0,JNE,0,0,4640567,4640599,4640583,0,0,1,0,c,1.0866259782190064e-11,1.0,1,0,1
0x46cd43,JZ,1,0,389,6,0x46cd3f,CMP,1,NonLeaf,rbp(-1) rdx(-1) ,rflags ,CMP,4,JZ,2,TEST,3,MOV,7,XOR,3,XOR,2,MOV,5,CMP,7,JZ,2,CMPXCHG_LOCK,4,0,1,0,0,0,JMP,1,0,1,0,0,0,JE,0,0,4640063,4640456,4640073,0,0,1,0,c,5.433129891095032e-12,0.0,0,0,0
0x42fa65,JNL,2,0,325,6,0x42fa62,CMP,1,Recursive,r15(-1) rax(MOV) ,rflags ,CMP,3,MOV,4,JMP,5,MOV,8,MOV,7,MOV,4,LEA,4,MOV,4,MOV,8,MOV,4,0,1,0,0,0,JL,0,0,1,0,0,0,MOV,0,0,4389470,4389802,4389483,0,0,0,0,c,1.0866259782190064e-11,0.0,0,0,0
0x42f9ec,JZ,2,2,114,2,0x42f9ea,TEST,1,Recursive,ecx(MOV) ecx(MOV) ,rflags ,TEST,2,MOV,3,ADD,4,MOV,3,JMP,5,MOV,4,OR,4,ADD,4,JMP,5,MOV,4,0,1,0,0,0,JGE,0,0,1,1,0,0,JMP,0,0,4389344,4389470,4389358,0,0,0,1,c,1.0866259782190064e-11,1.0,1,0,1
0x42f9bd,JNL,2,0,537,6,0x42f9ba,CMP,1,Recursive,r9(-1) rax(MOV) ,rflags ,CMP,3,MOV,4,JMP,5,MOV,3,ADD,4,MOV,4,LEA,4,MOV,4,MOV,8,MOV,4,0,1,0,0,0,JL,0,0,1,0,0,0,MOV,0,0,4389302,4389846,4389315,0,0,0,0,c,1.0866259782190064e-11,0.0,0,0,0
0x42ede4,JNZ,2,2,35,2,0x42ede0,CMP,1,Recursive,r13d(-1) ,rflags ,CMP,4,NOP,9,JMP,5,MOV,4,JZ,6,TEST,2,JNZ,2,MOV,3,TEST,2,JNZ,2,0,0,1,0,0,CALL,0,1,1,0,0,0,JNE,0,0,4386272,4386311,4386278,0,0,1,0,c,1.0866259782190064e-11,1.0,1,0,1
0x42edc8,JZ,6,0,1480,6,0x42edc6,CMP,1,Recursive,al(-1) ,rflags ,CMP,2,JBE,2,CMP,3,LEA,4,JZ,2,MOV,4,JMP,5,NOP,9,CMP,4,JNZ,2,0,1,0,0,0,JNE,0,0,0,0,0,0,JMP,0,0,4386246,4387728,4386254,0,0,0,0,c,3.2598779346570196e-11,0.0,0,0,0
0x42edc4,JBE,8,2,10,2,0x42edc1,CMP,1,Recursive,r8(-1) rdx(LEA) ,rflags ,CMP,3,LEA,4,JZ,2,CMP,2,MOVZX,4,CMP,2,JZ,6,MOV,4,JMP,5,NOP,9,0,0,0,0,0,JMP,0,0,1,0,0,0,JE,0,0,4386237,4386254,4386246,0,0,0,0,c,4.346503912876026e-11,0.25,0,0,0
0x42edbb,JZ,8,0,125,2,0x42edb9,CMP,1,Recursive,al(MOVZX) ,rflags ,CMP,2,MOVZX,4,JBE,2,CMP,3,NOP,4,LEA,4,CMP,3,JBE,2,CMP,2,JZ,6,0,1,0,0,0,JNE,0,0,1,0,0,0,JBE,0,0,4386229,4386360,4386237,0,0,1,0,c,4.346503912876026e-11,0.0,0,0,0
0x42edb3,JBE,10,2,27,2,0x42edb0,CMP,1,Recursive,r8(-1) rbp(-1) ,rflags ,CMP,3,NOP,4,MOV,7,MOV,4,MOV,4,MOVZX,4,CMP,2,JZ,2,LEA,4,CMP,3,0,1,0,0,0,JMP,0,0,1,0,0,0,JE,0,0,4386224,4386254,4386229,0,0,0,0,c,5.4331298910950325e-11,0.2,0,0,0
0x42ed0e,JZ,2,0,2809,6,0x42ed09,CMP,1,Recursive,rsp(-1) r15(-1) ,rflags ,CMP,5,ADD,4,OR,4,MOV,4,JZ,6,ADD,4,POP,1,POP,1,POP,2,POP,2,0,1,0,0,0,JNE,0,0,1,0,0,0,RET,0,0,4386057,4388871,4386068,0,1,0,0,c,1.0866259782190064e-11,0.0,0,0,0
0x42ecf7,JZ,2,2,3263,6,0x42ecf5,TEST,1,Recursive,ecx(MOV) ecx(MOV) ,rflags ,TEST,2,MOV,3,MOV,4,LEA,4,MOV,3,MOV,4,OR,4,ADD,4,CMP,5,JZ,6,0,1,0,0,0,JGE,0,0,1,1,0,0,ADD,0,0,4386023,4389302,4386045,0,0,0,1,c,1.0866259782190064e-11,1.0,1,0,1
0x42ece5,JZ,2,0,36,2,0x42ece3,TEST,1,Recursive,esi(-1) esi(-1) ,rflags ,TEST,2,JNBE,6,CMP,3,XOR,2,SETZ,4,MOV,3,LEA,4,MOV,4,MOV,3,TEST,2,0,1,1,0,0,JE,0,0,1,0,0,0,JE,0,0,4386019,4386057,4386023,0,0,0,1,c,1.0866259782190064e-11,0.0,0,1,0
0x42ecdd,JNBE,10,8,-381,6,0x42ecda,CMP,1,Recursive,r8(-1) rbp(-1) ,rflags ,CMP,3,XOR,2,SETZ,4,MOV,3,CMP,4,TEST,2,JZ,2,MOV,3,LEA,4,MOV,4,0,0,0,1,1,JAE,0,0,0,1,0,0,JE,1,0,4386010,4385632,4386019,0,0,0,0,c,5.4331298910950325e-11,0.8,1,1,1
0x42ebff,JNZ,8,8,520,6,0x42ebf8,CMP,1,Recursive,r13d(-1) ,rflags ,CMP,7,JZ,6,CMP,4,JLE,6,JZ,6,MOV,4,MOV,4,LEA,4,CMP,4,MOV,4,0,0,0,0,0,CALL,0,1,1,0,0,0,JG,0,0,4385784,4386311,4385797,0,0,1,1,c,4.346503912876026e-11,1.0,1,0,1
0x42ebf2,JZ,8,0,1230,6,0x42ebee,CMP,1,Recursive,r13d(-1) ,rflags ,CMP,4,JLE,6,JZ,6,CMP,4,JNLE,6,CMP,7,JNZ,6,MOV,4,MOV,4,LEA,4,0,1,0,0,0,CALL,0,1,1,0,0,0,JNE,0,0,4385774,4387008,4385784,0,0,1,0,c,4.346503912876026e-11,0.0,0,0,0
0x42ebe8,JLE,10,2,504,6,0x42ebde,CMP,0,Recursive,r13d(-1) ,rflags ,JZ,6,CMP,4,JNLE,6,JZ,6,CMP,7,CMP,4,JZ,6,CMP,7,JNZ,6,MOV,4,0,1,0,0,0,JNE,0,0,1,0,0,0,JE,0,0,4385768,4386272,4385774,0,0,0,0,c,5.4331298910950325e-11,0.2,0,0,0
0x42ebe2,JZ,10,0,1142,6,0x42ebde,CMP,1,Recursive,r13d(-1) ,rflags ,CMP,4,JNLE,6,JZ,6,CMP,7,OR,7,JLE,6,CMP,4,JZ,6,CMP,7,JNZ,6,0,1,0,0,0,JNE,0,0,1,0,0,0,JLE,0,0,4385758,4386904,4385768,0,0,0,0,c,5.4331298910950325e-11,0.0,0,0,0
0x42ebd8,JNLE,10,0,336,6,0x42ebcb,CMP,0,Recursive,r13d(-1) ,rflags ,JZ,6,CMP,7,OR,7,MOVZX,4,MOV,3,CMP,4,JZ,6,JLE,6,CMP,4,JZ,6,0,1,0,0,0,JE,0,0,1,0,0,0,JE,0,0,4385752,4386088,4385758,0,0,0,0,c,5.4331298910950325e-11,0.0,0,0,0
0x42ebd2,JZ,10,0,1299,6,0x42ebcb,CMP,1,Recursive,r13d(OR) ,rflags ,CMP,7,OR,7,MOVZX,4,MOV,3,LEA,4,JNLE,6,CMP,4,JZ,6,JLE,6,CMP,4,0,1,0,0,0,JE,0,0,1,0,0,0,JG,0,0,4385739,4387045,4385752,0,0,0,0,c,5.4331298910950325e-11,0.0,0,0,0
0x42eb9c,JNZ,2,2,-24,2,0x42eb98,CMP,1,Recursive,r13d(MOVSX) ,rflags ,CMP,4,MOVSX,5,MOV,3,NOP,7,JMP,2,MOV,3,TEST,2,JNZ,2,MOV,7,MOV,8,0,0,0,0,0,JMP,0,0,1,0,0,0,JNE,0,0,4385680,4385668,4385694,0,0,0,0,c,1.0866259782190064e-11,1.0,1,0,1
0x42eb82,JZ,8,0,55,2,0x42eb7e,CMP,1,Recursive,r13d(MOVSX) ,rflags ,CMP,4,MOVSX,5,MOV,3,JZ,6,CMP,3,MOV,3,JMP,2,NOP,7,MOV,3,MOVSX,5,0,0,0,0,0,OR,0,0,0,0,0,0,JMP,0,0,4385654,4385721,4385668,0,0,1,0,c,4.346503912876026e-11,0.0,0,0,0
0x42eb70,JZ,8,0,688,6,0x42eb6d,CMP,1,Recursive,ecx(MOVSX) r12d(-1) ,rflags ,CMP,3,MOVSX,4,JNB,2,CMP,3,LEA,4,MOV,3,MOVSX,5,CMP,4,JZ,2,MOV,3,0,1,0,0,0,JNE,0,0,1,0,0,0,JE,0,0,4385641,4386336,4385654,0,0,0,1,c,4.346503912876026e-11,0.0,0,0,0
0x42eb67,JNB,10,2,41,2,0x42eb64,CMP,1,Recursive,rax(LEA) r8(-1) ,rflags ,CMP,3,LEA,4,NOP,9,JBE,6,MOV,5,MOVSX,4,CMP,3,JZ,6,MOV,3,MOVSX,5,1,1,0,0,0,JNE,0,0,1,0,0,0,JE,0,0,4385632,4385680,4385641,0,0,1,0,c,5.4331298910950325e-11,0.2,0,0,0
0x42eb51,JBE,2,0,402,6,0x42eb44,CMP,1,Recursive,r8(-1) rbp(-1) ,rflags ,MOV,5,MOV,5,CMP,3,XOR,2,LEA,5,NOP,9,LEA,4,CMP,3,JNB,2,MOVSX,4,0,1,1,0,0,JE,0,0,1,0,0,0,NOP,0,0,4385597,4386019,4385623,0,0,0,0,c,1.0866259782190064e-11,0.0,0,1,0
0x42eb37,JZ,2,2,3753,6,0x42eb33,CMP,1,Recursive,rbp(-1) ,rflags ,CMP,4,JNB,2,MOV,3,MOV,5,MOV,3,LEA,5,XOR,2,CMP,3,MOV,5,MOV,5,0,1,0,0,0,JE,0,0,0,1,0,0,JBE,0,0,4385587,4389344,4385597,1,0,1,1,c,1.0866259782190064e-11,1.0,1,0,1
0x42eb31,JNB,2,0,12,2,0x42eb23,CMP,1,Recursive,rbp(MOV) r8(MOV) ,rflags ,MOV,3,MOV,5,MOV,3,CMP,3,MOV,4,CMP,4,JZ,6,LEA,5,XOR,2,CMP,3,0,1,1,0,0,JBE,0,0,1,0,0,0,JE,0,0,4385536,4385597,4385587,0,0,1,0,c,1.0866259782190064e-11,0.0,0,0,0
0x42ea83,JNL,10,0,37,2,0x42ea80,CMP,1,NonLeaf,rdx(MOV) rax(MOV) ,rflags ,CMP,3,MOV,4,MOV,4,NOP,5,RET_NEAR,1,MOV,4,LEA,4,MOVZX,4,OR,7,MOV,4,0,1,0,0,0,JGE,0,0,1,0,0,0,MOV,0,0,4385400,4385448,4385413,0,0,0,0,c,5.4331298910950325e-11,0.0,0,0,0
0x42ea04,JNZ,10,6,19,2,0x42e9ff,CMP,1,NonLeaf,r12(ADD) ,rflags ,CMP,5,ADD,3,JZ,2,TEST,2,MOV,3,MOV,4,MOV,3,LEA,3,MOV,3,MOV,4,0,1,1,0,0,RET,0,0,1,0,0,0,MOV,0,0,4385276,4385303,4385286,0,0,0,1,c,5.4331298910950325e-11,0.6,1,0,1
0x42e9fa,JZ,10,10,126,2,0x42e9f8,TEST,1,NonLeaf,eax(MOV) eax(MOV) ,rflags ,TEST,2,MOV,3,JNZ,2,TEST,6,MOVSXD,3,ADD,3,CMP,5,JNZ,2,MOV,4,MOV,3,0,1,0,0,0,JGE,0,0,1,1,0,0,JNE,0,0,4385269,4385400,4385276,0,0,0,0,c,5.4331298910950325e-11,1.0,1,0,1
0x42e9e0,JZ,10,10,21,2,0x42e9d8,TEST,1,NonLeaf,rax(MOV) ,rflags ,MOV,4,TEST,4,MOV,4,SUB,4,MOV,3,CALL_NEAR,5,MOV,3,MOVSXD,3,TEST,6,JNZ,2,0,1,0,0,0,JE,0,0,1,0,0,0,CALL,0,1,4385216,4385269,4385250,0,0,0,1,c,5.4331298910950325e-11,1.0,1,0,1
0x46b3c4,JNZ,1047,0,10,2,0x46b3c0,TEST,1,NonLeaf,rdi(-1) ,rflags ,TEST,4,INVALID,0,INVALID,0,INVALID,0,INVALID,0,MOV,3,JMP,5,PUSH,1,MOV,3,CALL_NEAR,5,0,1,0,0,0,CALL,0,1,1,0,0,0,JMP,0,0,4633536,4633550,4633542,1,1,1,0,c,5.688486995976498e-09,0.0,0,0,0
0x4697ff,JZ,242110,242110,14,2,0x4697f8,CMP,1,NonLeaf,rip(JZ) ,rflags ,CMP,7,MOV,5,JZ,2,CMP,4,MOV,9,CMPXCHG_LOCK,4,JNZ,6,JMP,2,CMPXCHG,3,JNZ,6,0,1,0,0,0,JNE,0,0,1,0,0,0,JNE,0,0,4626419,4626445,4626433,0,0,1,0,c,1.3154150779330183e-06,1.0,1,0,1
0x42c768,JS,290502,0,24,2,0x42c765,TEST,1,NonLeaf,rax(-1) rax(-1) ,rflags ,TEST,3,CALL_NEAR,5,INVALID,0,INVALID,0,INVALID,0,CVTSI2SD,5,MULSD,8,RET_NEAR,1,NOP,8,MOV,3,0,1,0,0,0,RET,0,0,1,0,0,0,RET,0,0,4376421,4376448,4376426,1,0,0,0,c,1.5783350996228891e-06,0.0,0,0,0
0x42c68e,JNZ,184536,184070,-62,2,0x42c688,CMP,1,Leaf,rax(ADD) ,rflags ,CMP,6,MOV,4,XOR,8,XOR,7,SHR,3,MOV,7,MOV,7,MOV,3,AND,5,AND,6,1,1,0,0,0,MOV,0,0,1,1,0,0,MOV,1,0,4376147,4376144,4376208,0,0,0,1,c,1.0026080575831128e-06,0.9974747474747476,1,1,1
0x42c63e,JNZ,105782,105316,-62,2,0x42c638,CMP,1,Leaf,rax(ADD) ,rflags ,CMP,6,MOV,4,XOR,8,XOR,7,SHR,3,MOV,5,MOV,7,JMP,2,NOP,2,MOV,3,1,1,0,0,0,MOV,0,0,1,1,0,0,JMP,1,0,4376067,4376064,4376128,0,0,0,0,c,5.747273461398147e-07,0.9955947136563876,1,1,1
0x42c5e7,JZ,466,0,307,6,0x42c5e2,CMP,1,Leaf,eax(-1) ,rflags ,CMP,5,JLE,6,CMP,5,MOVSXD,7,INVALID,0,MOV,5,MOV,7,JMP,2,NOP,5,MOV,3,0,1,0,0,0,NOP,0,0,1,1,0,0,JMP,1,0,4376034,4376346,4376045,0,0,1,0,c,2.531838529250285e-09,0.0,0,0,0
0x42c5dc,JLE,290502,290036,305,6,0x42c5d7,CMP,1,Leaf,eax(MOVSXD) ,rflags ,CMP,5,MOVSXD,7,INVALID,0,INVALID,0,INVALID,0,CMP,5,JZ,6,MOV,5,MOV,7,JMP,2,0,1,0,0,0,JMP,1,0,1,0,0,0,JE,0,0,4376016,4376333,4376034,0,0,0,0,c,1.5783350996228891e-06,0.9983958802349036,1,0,1
0x42c426,JNZ,623,622,-38,2,0x42c420,CMP,1,Leaf,rax(ADD) ,rflags ,CMP,6,ADD,4,MOV,8,LEA,3,IMUL,7,MOV,10,RET_NEAR,1,INVALID,0,INVALID,0,INVALID,0,1,1,1,1,1,JNE,0,0,1,1,0,0,RET,1,0,4375552,4375552,4375592,1,0,1,1,c,3.384839922152205e-09,0.9983948635634028,1,1,1
0x46597d,JNZ,2,0,174,6,0x46597b,DEC,1,NonLeaf,rdx(-1) ,rflags ,DEC,2,JMP,2,JNZ,6,DEC_LOCK,3,JZ,2,ADD,4,MOV,2,POP,1,POP,1,POP,2,0,-1,-1,-1,-1,CALL,-1,1,0,1,0,0,RET,0,0,4610427,4610603,4610435,0,0,1,0,c,1.0866259782190064e-11,0.0,0,0,0
0x46573a,JNLE,19392,19209,-74,2,0x465737,TEST,1,NonLeaf,r10(SUB) r10(SUB) ,rflags ,TEST,3,SUB,3,MOV,4,MOV,4,JZ,2,MOV,3,CALL_NEAR,5,CMP,3,JZ,6,CMP,2,1,1,0,0,0,CALL,0,1,1,0,0,0,CALL,0,1,4609836,4609776,4609852,1,0,1,1,c,1.0535925484811489e-07,0.9905631188118812,1,0,1
0x4250c9,JNLE,19030,17828,-17,2,0x4250c7,CMP,1,NonLeaf,edx(MOV) eax(ADD) ,rflags ,CMP,2,ADD,4,ADD,3,MOV,5,MOV,3,MOV,2,JMP,5,MOV,4,JMP,2,MOV,5,1,1,1,1,1,JG,0,0,1,1,0,0,JMP,1,0,4346040,4346040,4346059,1,0,1,0,c,1.0339246182753849e-07,0.9368365738307934,1,1,1
0x4250b0,JLE,1202,0,34,2,0x4250ae,TEST,1,NonLeaf,edx(MOV) edx(MOV) ,rflags ,TEST,2,XOR,2,MOV,5,JMP,5,XOR,2,NOP,6,MOV,3,MOV,5,ADD,3,ADD,4,0,0,0,0,0,JMP,1,0,1,0,0,0,NOP,0,0,4346023,4346066,4346034,0,0,1,0,c,6.530622129096229e-09,0.0,0,0,0
0x42509a,JNLE,1202,0,-865,6,0x425098,TEST,1,NonLeaf,eax(MOVSXD) eax(MOVSXD) ,rflags ,TEST,2,XOR,3,MOVSXD,5,NOP,10,RET_NEAR,1,XOR,2,JMP,5,MOV,5,XOR,2,TEST,2,0,0,0,0,0,CALL,0,1,0,0,0,0,JMP,0,0,4346000,4345145,4346016,0,0,1,0,c,6.530622129096229e-09,0.0,0,0,0
0x42506e,JNLE,19030,17828,-334,6,0x425069,CMP,1,NonLeaf,r12(-1) r13d(-1) ,rflags ,CMP,5,MOVSD_XMM,5,MOVSD_XMM,8,MOVSD_XMM,5,MOVSD_XMM,8,MOV,3,ADD,4,POP,1,POP,1,POP,2,0,0,0,1,1,CALL,0,1,0,0,0,0,MOV,1,0,4345687,4345632,4345972,0,0,1,0,c,1.0339246182753849e-07,0.9368365738307934,1,1,1
0x424f3b,JZ,19030,0,498,6,0x424f35,TEST,1,NonLeaf,rax(-1) rax(-1) ,rflags ,MOV,3,TEST,3,CALL_NEAR,5,LEA,4,CALL_NEAR,5,MOV,3,MOV,3,ADD,4,ADD,7,CALL_NEAR,5,0,1,0,0,0,CALL,1,1,1,0,0,0,CALL,0,1,4345653,4346157,4345665,0,0,1,1,c,1.0339246182753849e-07,0.0,0,0,0
0x424f0d,JLE,1202,0,359,6,0x424f07,TEST,1,NonLeaf,eax(-1) eax(-1) ,rflags ,MOV,4,TEST,2,JL,2,CMP,2,ADD,4,MOV,5,XOR,2,XOR,3,NOP,3,LEA,4,0,0,0,0,0,MOV,0,0,1,0,0,0,NOP,0,0,4345607,4345972,4345619,0,0,0,0,c,6.530622129096229e-09,0.0,0,0,0
0x424ed5,JZ,1202,1202,466,6,0x424ed2,TEST,1,NonLeaf,rsi(MOV) rsi(MOV) ,rflags ,TEST,3,MOV,4,MOV,5,MOV,4,MOV,5,MOV,5,TEST,2,JLE,6,XOR,2,NOP,6,0,1,0,0,0,JLE,1,0,1,0,0,0,JLE,1,0,4345518,4346023,4345563,0,0,0,0,c,6.530622129096229e-09,1.0,1,0,1
0x424e63,JLE,1202,1202,75,2,0x424e61,TEST,1,NonLeaf,eax(MOV) eax(MOV) ,rflags ,TEST,2,MOV,5,MOV,4,MOV,4,MOV,5,SUB,3,MOV,5,LEA,5,LEA,5,NOP,9,0,1,1,0,0,JE,1,0,1,0,0,0,NOP,0,0,4345423,4345518,4345445,0,1,1,0,c,6.530622129096229e-09,1.0,1,0,1
0x424e25,JLE,1202,1202,42,2,0x424e23,TEST,1,NonLeaf,ecx(MOV) ecx(MOV) ,rflags ,TEST,2,MOV,5,MOV,4,MOV,4,MOV,5,MOV,5,XOR,2,NOP,2,MOV,3,MOV,5,0,1,1,0,0,JLE,1,0,1,0,0,0,NOP,0,0,4345357,4345423,4345383,0,0,1,0,c,6.530622129096229e-09,1.0,1,0,1
0x424dc7,JZ,1202,0,953,6,0x424dbb,TEST,1,NonLeaf,rax(-1) rax(-1) ,rflags ,MOV,5,MOV,4,TEST,3,CALL_NEAR,5,MOV,4,MOV,3,CALL_NEAR,5,MOV,4,MOV,5,MOV,3,0,0,0,0,0,CALL,1,1,1,0,0,0,CALL,0,1,4345275,4346240,4345293,0,0,1,1,c,6.530622129096229e-09,0.0,0,0,0
0x424d87,JZ,1202,0,980,6,0x424d7b,TEST,1,NonLeaf,rax(-1) rax(-1) ,rflags ,MOV,5,MOV,4,TEST,3,CALL_NEAR,5,MOV,4,MOV,3,CALL_NEAR,5,MOV,5,MOV,4,MOV,3,0,1,0,0,0,CALL,1,1,1,0,0,0,CALL,0,1,4345211,4346203,4345229,0,0,1,1,c,6.530622129096229e-09,0.0,0,0,0
0x424d0d,JLE,1202,1202,899,6,0x424d0b,TEST,1,NonLeaf,eax(MOVSXD) eax(MOVSXD) ,rflags ,TEST,2,MOVSXD,5,JZ,6,MOV,3,TEST,3,LEA,8,CALL_NEAR,5,TEST,3,MOV,3,JZ,6,0,1,0,0,0,JG,0,0,1,0,0,0,CALL,0,1,4345094,4346000,4345107,0,0,0,1,c,6.530622129096229e-09,1.0,1,0,1
0x424d00,JZ,1202,0,1045,6,0x424cfa,TEST,1,NonLeaf,rax(-1) rax(-1) ,rflags ,MOV,3,TEST,3,CALL_NEAR,5,MOV,3,JZ,6,MOVSXD,5,TEST,2,JLE,6,LEA,8,CALL_NEAR,5,0,1,0,0,0,JMP,1,0,1,0,0,0,JLE,0,0,4345082,4346133,4345094,0,0,0,0,c,6.530622129096229e-09,0.0,0,0,0
0x424cec,JZ,1202,0,1004,6,0x424ce6,TEST,1,NonLeaf,rax(-1) rax(-1) ,rflags ,MOV,3,TEST,3,CALL_NEAR,5,SHL,4,LEA,4,MOV,3,CALL_NEAR,5,TEST,3,MOV,3,JZ,6,0,1,0,0,0,MOV,1,0,1,0,0,0,CALL,0,1,4345062,4346072,4345074,0,0,0,1,c,6.530622129096229e-09,0.0,0,0,0
0x424cc1,JZ,1202,0,1096,6,0x424cbb,TEST,1,NonLeaf,rax(-1) rax(-1) ,rflags ,MOV,3,TEST,3,CALL_NEAR,5,SUB,4,PUSH,1,MOVSXD,5,LEA,8,LEA,5,LEA,4,SHL,4,0,1,0,0,0,JMP,1,0,1,0,0,0,CALL,0,1,4345019,4346121,4345031,0,0,0,1,c,6.530622129096229e-09,0.0,0,0,0
0x461b63,JNL,106483,106483,69,2,0x461b60,CMP,1,NonLeaf,esi(-1) ,rflags ,CMP,3,NOP,4,JMP,5,AND,4,SUB,4,MOV,8,ADD,3,JMP,5,SUB,9,XOR,2,0,1,0,0,0,JLE,1,0,1,0,0,0,JMP,0,0,4594528,4594600,4594533,0,1,0,1,c,5.785359701934724e-07,1.0,1,0,1
0x49ddd8,JZ,30,1,31,2,0x49ddd1,CMP,1,Leaf,edi(-1) ,rflags ,MOV,4,CMP,3,CPUID,2,MOV,2,MOV,5,MOV,4,ADD,4,AND,3,JZ,2,ADD,3,0,1,0,0,0,ADD,0,0,1,1,0,0,JE,0,0,4840913,4840951,4840922,1,0,0,0,c,1.6299389673285098e-10,0.0333333333333333,0,0,0
0x460cd9,JZ,202126,131666,-57,2,0x460cd2,TEST,1,NonLeaf,r12(-1) r12(-1) ,rflags ,MOV,4,TEST,3,XOR,3,JZ,2,TEST,3,LEA,4,MOV,3,MOV,3,MOV,3,MOV,3,0,1,0,0,0,CALL,0,1,1,0,0,0,CALL,0,1,4590799,4590752,4590811,0,0,1,1,c,1.0981768123674743e-06,0.6514055589087995,1,0,1
0x49dcb9,JNZ,1,0,14,2,0x49dcb3,CMP,1,Leaf,ecx(-1) ,rflags ,CMP,6,JNZ,2,MOV,6,CMP,6,SUB,7,CMP,6,JZ,6,CMP,6,JZ,6,XOR,3,0,0,0,0,0,JE,0,0,1,0,0,0,JE,0,0,4840627,4840647,4840635,0,0,0,0,c,5.433129891095032e-12,0.0,0,0,0
0x460913,JS,76646,0,2637,6,0x460910,TEST,1,NonLeaf,r11(-1) r11(-1) ,rflags ,TEST,3,NOP,4,LEA,7,JZ,6,CMP,4,MOV,10,MOV,3,IMUL,3,MOV,3,SAR,4,0,1,0,0,0,JMP,0,0,1,0,0,0,SUB,0,0,4589840,4592480,4589849,0,0,0,0,c,4.164276736328698e-07,0.0,0,0,0
0x45f888,JZ,1,1,17,2,0x45f881,CMP,1,NonLeaf,rip(JZ) ,rflags ,CMP,7,ADD,8,MOV,7,LEA,5,MOV,4,DEC_LOCK,7,JNZ,6,JMP,2,DEC,6,JNZ,6,0,1,0,0,0,JNE,0,0,1,0,0,0,JNE,0,0,4585601,4585625,4585610,0,0,1,0,c,5.433129891095032e-12,1.0,1,0,1
0x4219cf,JNZ,6,3,-99,2,0x4219cc,TEST,1,NonLeaf,rsi(MOV) rsi(MOV) ,rflags ,TEST,3,MOV,4,JNLE,2,CMP,3,ADD,4,ADD,4,XOR,2,POP,1,POP,1,POP,2,0,0,0,1,1,JLE,0,0,0,1,0,0,RET,1,0,4331976,4331884,4331985,0,0,1,0,c,3.2598779346570196e-11,0.5,0,1,0
0x4219c6,JNLE,3606,3600,-71,2,0x4219c3,CMP,1,NonLeaf,r8d(-1) edi(ADD) ,rflags ,CMP,3,ADD,4,JNZ,2,MOV,3,CMP,3,MOV,4,TEST,3,JNZ,2,ADD,4,XOR,2,0,0,0,1,1,JLE,0,0,0,1,0,0,JNE,1,0,4331967,4331903,4331976,0,0,1,0,c,1.9591866387288687e-08,0.9983361064891848,1,1,1
0x4219bd,JNZ,57090,53484,-16,2,0x4219b7,CMP,1,NonLeaf,rax(ADD) rcx(-1) ,rflags ,MOV,3,CMP,3,OR,4,ADD,6,JMP,2,ADD,4,CMP,3,JNLE,2,MOV,4,TEST,3,1,1,0,0,0,ADD,0,0,0,1,0,0,JG,1,0,4331955,4331949,4331967,1,0,0,0,c,3.1017738548261537e-07,0.9368365738307934,1,1,1
0x42198c,JLE,3606,0,51,2,0x42198a,TEST,1,NonLeaf,ecx(MOV) ecx(MOV) ,rflags ,TEST,2,OR,4,MOV,3,MOV,4,XOR,2,SUB,3,MOV,4,LEA,4,LEA,4,LEA,7,1,1,1,0,0,JG,0,0,1,0,0,0,JMP,0,0,4331903,4331967,4331918,0,1,0,0,c,1.9591866387288687e-08,0.0,0,0,0
0x421977,JLE,6,0,81,2,0x421974,TEST,1,NonLeaf,r8d(MOV) r8d(MOV) ,rflags ,TEST,3,OR,4,MOV,4,JZ,2,TEST,3,MOV,4,XOR,2,MOV,4,MOV,3,OR,4,1,1,1,0,0,JNE,0,0,1,0,0,0,XOR,0,0,4331884,4331976,4331897,0,0,0,0,c,3.2598779346570196e-11,0.0,0,0,0
0x42196a,JZ,3,0,103,2,0x421967,TEST,1,NonLeaf,rsi(MOV) rsi(MOV) ,rflags ,TEST,3,MOV,4,JMP,5,ADD,4,MOV,3,MOV,4,OR,4,TEST,3,JLE,2,MOV,4,0,0,1,0,0,RET,0,0,1,0,1,0,JLE,0,0,4331875,4331985,4331884,0,0,0,1,c,1.6299389673285098e-11,0.0,0,0,0
0x42189c,JNZ,4,2,-17,2,0x42189a,CMP,1,NonLeaf,eax(ADD) esi(-1) ,rflags ,CMP,2,MOV,4,ADD,3,OR,4,JL,2,JMP,5,MOV,7,MOVZX,5,MOV,5,TEST,2,0,0,0,1,1,JL,0,0,1,1,0,0,JMP,1,0,4331667,4331659,4331678,0,0,0,0,c,2.173251956438013e-11,0.5,0,1,0
0x42188d,JL,4,0,6,2,0x42188b,CMP,1,NonLeaf,ecx(-1) eax(-1) ,rflags ,CMP,2,MOV,5,LEA,3,JLE,6,TEST,2,OR,4,ADD,3,MOV,4,CMP,2,JNZ,2,1,1,1,0,0,JNE,0,0,1,0,0,0,OR,0,0,4331659,4331667,4331663,1,0,0,1,c,2.173251956438013e-11,0.0,0,1,0
0x42187d,JLE,2,0,-1180,6,0x42187b,TEST,1,NonLeaf,ecx(MOV) ecx(MOV) ,rflags ,TEST,2,MOV,4,MOV,3,JMP,5,LEA,7,LEA,3,MOV,5,CMP,2,JL,2,OR,4,0,0,1,0,0,JE,0,0,1,0,0,0,MOV,0,0,4331636,4330465,4331651,0,0,0,0,c,1.0866259782190064e-11,0.0,0,0,0
0x42180e,JNLE,2404,2400,-102,2,0x42180b,CMP,1,NonLeaf,r9d(-1) r8d(ADD) ,rflags ,CMP,3,ADD,4,JNZ,2,MOV,3,MOV,3,JMP,5,MOV,4,MOV,3,JMP,5,MOV,5,0,0,0,1,1,JLE,0,0,1,0,0,0,JMP,1,0,4331527,4331432,4331536,0,0,1,0,c,1.3061244258192458e-08,0.9983361064891848,1,1,1
0x421805,JNZ,38060,35656,-29,2,0x4217fc,CMP,1,NonLeaf,rdx(ADD) rdi(-1) ,rflags ,MOV,3,MOV,3,CMP,3,OR,2,AND,3,ADD,4,CMP,3,JNLE,2,JMP,5,MOV,4,1,1,0,0,0,ADD,0,0,1,1,0,0,JG,1,0,4331503,4331496,4331527,1,0,0,0,c,2.0678492365507693e-07,0.9368365738307934,1,1,1
0x4217c1,JLE,2404,0,-81,2,0x4217bf,TEST,1,NonLeaf,eax(MOV) eax(MOV) ,rflags ,TEST,2,MOV,3,MOV,3,OR,2,AND,3,SUB,3,MOV,4,LEA,4,LEA,4,LEA,7,1,1,0,0,0,JG,0,0,1,0,0,0,JMP,0,0,4331432,4331376,4331459,0,1,0,0,c,1.3061244258192458e-08,0.0,0,1,0
0x42179f,JLE,4,0,-38,2,0x421798,TEST,1,NonLeaf,r9d(MOV) r9d(MOV) ,rflags ,MOV,4,TEST,3,OR,2,AND,3,SHR,3,MOV,4,XOR,3,MOV,4,MOV,3,MOV,2,0,1,1,0,0,MOV,0,0,1,0,0,0,XOR,0,0,4331398,4331385,4331425,0,0,0,0,c,2.173251956438013e-11,0.0,0,0,0
0x421780,JZ,6,2,593,6,0x42177d,TEST,1,NonLeaf,r13(MOV) r13(MOV) ,rflags ,TEST,3,MOV,4,JNLE,2,CMP,3,ADD,4,MOV,4,MOV,4,MOV,2,SHR,3,AND,3,1,0,1,0,0,RET,1,0,1,0,0,0,JLE,0,0,4331389,4331985,4331398,0,0,0,1,c,3.2598779346570196e-11,0.3333333333333333,0,0,0
0x421739,JLE,2,2,-1382,6,0x421733,CMP,1,NonLeaf,edx(MOV) ,rflags ,CMP,6,MOV,2,CALL_NEAR,5,XOR,3,MOV,3,MOV,7,MOV,5,MOV,5,MOV,5,CALL_NEAR,5,0,0,0,0,0,CALL,0,1,0,0,0,0,CALL,0,1,4331313,4329939,4331327,1,0,1,1,c,1.0866259782190064e-11,1.0,1,0,1
0x421718,JZ,2,2,101,2,0x421715,TEST,1,NonLeaf,r12(-1) r12(-1) ,rflags ,TEST,3,JNZ,2,TEST,3,MOV,4,JNLE,2,TEST,3,MOV,3,JNZ,6,MOV,3,XOR,3,0,1,0,1,0,JE,0,0,1,0,0,0,JNE,0,0,4331285,4331389,4331290,0,0,0,0,c,1.0866259782190064e-11,1.0,1,0,1
0x421713,JNZ,4,2,-110,2,0x421710,TEST,1,NonLeaf,r10(MOV) r10(MOV) ,rflags ,TEST,3,MOV,4,JNLE,2,CMP,3,ADD,4,TEST,3,JZ,2,TEST,3,MOV,3,JNZ,6,0,0,0,1,1,JLE,0,0,0,1,0,0,JE,1,0,4331276,4331173,4331285,0,0,1,0,c,2.173251956438013e-11,0.5,0,1,0
0x42170a,JNLE,2404,2400,-74,2,0x421707,CMP,1,NonLeaf,r8d(-1) edi(ADD) ,rflags ,CMP,3,ADD,4,JNZ,2,MOV,3,CMP,3,MOV,4,TEST,3,JNZ,2,TEST,3,JZ,2,0,0,0,1,1,JLE,0,0,0,1,0,0,JNE,1,0,4331267,4331200,4331276,0,0,1,0,c,1.3061244258192458e-08,0.9983361064891848,1,1,1
0x421701,JNZ,38060,35656,-17,2,0x4216fb,CMP,1,NonLeaf,rdx(ADD) rsi(-1) ,rflags ,MOV,3,CMP,3,AND,4,ADD,7,NOP,2,ADD,4,CMP,3,JNLE,2,MOV,4,TEST,3,1,1,0,0,0,ADD,0,0,0,1,0,0,JG,1,0,4331255,4331248,4331267,1,0,0,0,c,2.0678492365507693e-07,0.9368365738307934,1,1,1
0x4216cd,JLE,2404,0,54,2,0x4216cb,TEST,1,NonLeaf,esi(MOV) esi(MOV) ,rflags ,TEST,2,AND,4,MOV,3,MOV,4,NOP,7,SUB,3,MOV,4,LEA,4,LEA,4,LEA,7,1,1,1,0,0,JG,0,0,1,0,0,0,JMP,0,0,4331200,4331267,4331215,0,1,0,0,c,1.3061244258192458e-08,0.0,0,0,0
0x45e748,JZ,30,1,32,2,0x45e741,CMP,1,NonLeaf,edi(-1) ,rflags ,MOV,4,CMP,3,CPUID,2,MOV,2,MOV,5,MOV,4,ADD,4,AND,3,JZ,2,ADD,3,0,1,0,0,0,ADD,0,0,1,1,0,0,JE,0,0,4581185,4581224,4581194,1,0,0,0,c,1.6299389673285098e-10,0.0333333333333333,0,0,0
0x4216b1,JLE,4,0,91,2,0x4216ae,TEST,1,NonLeaf,r8d(MOV) r8d(MOV) ,rflags ,TEST,3,AND,5,MOV,4,JZ,2,MOV,3,MOV,4,XOR,2,NOP,7,MOV,4,MOV,3,1,1,1,0,0,JNE,0,0,1,0,0,0,NOP,0,0,4331173,4331276,4331187,0,0,0,0,c,2.173251956438013e-11,0.0,0,0,0
0x4216a3,JZ,2,0,114,2,0x42169d,TEST,1,NonLeaf,r13(-1) r13(-1) ,rflags ,MOV,3,TEST,3,CALL_NEAR,5,MOV,3,MOV,5,MOV,4,AND,5,TEST,3,JLE,2,MOV,4,0,1,1,0,0,JE,0,0,1,0,1,0,JLE,0,0,4331165,4331285,4331173,0,0,0,1,c,1.0866259782190064e-11,0.0,0,0,0
0x42168e,JZ,2,2,15,2,0x42168b,TEST,1,NonLeaf,r12(-1) r12(-1) ,rflags ,TEST,3,XOR,2,JNZ,6,TEST,3,MOV,4,MOV,5,MOV,3,CALL_NEAR,5,TEST,3,MOV,3,0,1,1,0,0,JE,0,0,1,0,0,0,CALL,0,1,4331145,4331165,4331152,0,0,0,1,c,1.0866259782190064e-11,1.0,1,0,1
0x421683,JNZ,4,2,-167,6,0x421680,TEST,1,NonLeaf,r11(MOV) r11(MOV) ,rflags ,TEST,3,MOV,4,JNLE,2,CMP,3,ADD,4,XOR,2,TEST,3,JZ,2,MOV,5,MOV,3,0,0,0,1,1,JLE,0,0,0,1,0,0,JE,1,0,4331132,4330972,4331145,0,0,1,0,c,2.173251956438013e-11,0.5,0,1,0
0x42167a,JNLE,2404,2400,-106,2,0x421677,CMP,1,NonLeaf,r9d(-1) r8d(ADD) ,rflags ,CMP,3,ADD,4,JNZ,2,MOV,3,MOV,3,MOV,4,TEST,3,JNZ,6,XOR,2,TEST,3,0,0,0,1,1,JLE,0,0,0,1,0,0,JNE,1,0,4331123,4331024,4331132,0,0,1,0,c,1.3061244258192458e-08,0.9983361064891848,1,1,1
0x421671,JNZ,38060,35656,-33,2,0x421668,CMP,1,NonLeaf,rdx(ADD) rdi(-1) ,rflags ,MOV,3,MOV,3,CMP,3,OR,2,AND,5,ADD,4,CMP,3,JNLE,2,MOV,4,TEST,3,1,1,0,0,0,ADD,0,0,0,1,0,0,JG,1,0,4331095,4331088,4331123,1,0,0,0,c,2.0678492365507693e-07,0.9368365738307934,1,1,1
0x42162d,JLE,2404,0,70,2,0x42162b,TEST,1,NonLeaf,eax(MOV) eax(MOV) ,rflags ,TEST,2,MOV,3,MOV,3,OR,2,AND,5,SUB,3,MOV,4,LEA,4,LEA,4,LEA,7,1,1,1,0,0,JG,0,0,1,0,0,0,JMP,0,0,4331024,4331123,4331055,0,1,0,0,c,1.3061244258192458e-08,0.0,0,1,0
0x4215f9,JLE,4,0,131,6,0x4215f2,TEST,1,NonLeaf,r9d(MOV) r9d(MOV) ,rflags ,MOV,4,TEST,3,OR,2,AND,5,NEG,2,MOV,4,XOR,3,NOP,10,MOV,4,MOV,3,1,1,1,0,0,JNE,0,0,1,0,0,0,NOP,0,0,4330972,4331132,4331007,0,0,0,0,c,2.173251956438013e-11,0.0,0,0,0
0x4215d6,JZ,2,0,179,6,0x4215d0,TEST,1,NonLeaf,r13(MOV) r13(MOV) ,rflags ,MOV,3,TEST,3,MOV,4,CALL_NEAR,5,MOV,3,MOV,4,MOV,4,MOV,2,AND,3,NEG,2,0,1,1,0,0,JE,0,0,1,0,1,0,JLE,0,0,4330956,4331145,4330972,0,0,0,1,c,1.0866259782190064e-11,0.0,0,0,0
0x4215a0,JNZ,2,2,-49,2,0x42159e,TEST,1,NonLeaf,eax(-1) eax(-1) ,rflags ,TEST,2,CALL_NEAR,5,MOV,3,MOV,3,LEA,5,MOV,7,MOV,5,MOV,5,MOV,5,CALL_NEAR,5,0,1,0,0,0,CALL,0,1,1,0,0,0,CALL,0,1,4330910,4330863,4330914,0,0,1,1,c,1.0866259782190064e-11,1.0,1,0,1
0x42158c,JZ,2,2,64,2,0x421586,TEST,1,NonLeaf,rax(-1) rax(-1) ,rflags ,MOV,3,TEST,3,CALL_NEAR,5,MOV,5,XOR,2,LEA,5,MOV,3,MOV,3,CALL_NEAR,5,TEST,2,0,0,1,0,0,JE,1,0,0,0,1,1,CALL,0,1,4330886,4330956,4330894,0,0,0,1,c,1.0866259782190064e-11,1.0,1,0,1
0x42155e,JZ,2,0,97,2,0x42155b,TEST,1,NonLeaf,rdi(MOV) rdi(MOV) ,rflags ,TEST,3,MOV,7,JNZ,2,TEST,3,MOV,4,MOV,5,CALL_NEAR,5,MOV,3,JMP,2,MOV,3,0,1,0,0,0,CALL,0,1,1,0,0,0,CALL,0,1,4330836,4330943,4330848,0,0,1,1,c,1.0866259782190064e-11,0.0,0,0,0
0x421552,JNZ,4,2,-46,2,0x42154f,TEST,1,NonLeaf,rcx(MOV) rcx(MOV) ,rflags ,TEST,3,MOV,4,JNLE,2,CMP,2,ADD,4,MOV,7,TEST,3,JZ,2,MOV,5,CALL_NEAR,5,0,0,0,1,1,JE,0,0,0,1,0,0,JE,1,0,4330827,4330788,4330836,0,0,0,0,c,2.173251956438013e-11,0.5,0,1,0
0x421549,JNLE,2404,2400,-18,2,0x421547,CMP,1,NonLeaf,edx(-1) eax(ADD) ,rflags ,CMP,2,ADD,4,OR,4,JLE,2,MOV,4,MOV,4,TEST,3,JNZ,2,MOV,7,TEST,3,0,0,0,1,1,JLE,0,0,0,1,0,0,JNE,1,0,4330819,4330807,4330827,0,0,0,0,c,1.3061244258192458e-08,0.9983361064891848,1,1,1
0x42153d,JLE,2404,0,6,2,0x421537,CMP,1,NonLeaf,edx(-1) eax(XOR) ,rflags ,MOV,4,CMP,2,XOR,2,MOV,4,JLE,2,OR,4,ADD,4,CMP,2,JNLE,2,MOV,4,1,1,1,0,0,JG,0,0,1,0,0,0,OR,0,0,4330807,4330819,4330815,1,0,0,1,c,1.3061244258192458e-08,0.0,0,0,0
0x42152f,JLE,4,0,28,2,0x42152d,TEST,1,NonLeaf,edx(MOV) edx(MOV) ,rflags ,TEST,2,MOV,3,JZ,2,TEST,4,JZ,2,MOV,4,XOR,2,CMP,2,MOV,4,JLE,2,0,0,1,0,0,JNE,0,0,1,0,0,0,XOR,0,0,4330794,4330827,4330801,0,0,0,0,c,2.173251956438013e-11,0.0,0,0,0
0x421528,JZ,4,0,35,2,0x421524,TEST,1,NonLeaf,rcx(-1) ,rflags ,TEST,4,JZ,2,TEST,3,MOV,4,JMP,2,MOV,3,TEST,2,JLE,2,MOV,4,XOR,2,1,1,1,0,0,JNE,0,0,1,0,0,0,JLE,0,0,4330788,4330827,4330794,1,0,0,0,c,2.173251956438013e-11,0.0,0,0,0
0x421522,JZ,2,0,50,2,0x42151f,TEST,1,NonLeaf,rcx(MOV) rcx(MOV) ,rflags ,TEST,3,MOV,4,JMP,2,MOV,3,MOV,4,TEST,4,JZ,2,MOV,3,TEST,2,JLE,2,0,0,1,0,0,JE,0,0,1,0,1,0,JE,0,0,4330779,4330836,4330788,0,0,0,0,c,1.0866259782190064e-11,0.0,0,0,0
0x4213e4,JZ,2,2,311,6,0x4213e1,TEST,1,NonLeaf,r14(-1) r14(-1) ,rflags ,TEST,3,MOV,7,JMP,5,ADD,4,MOV,3,MOV,5,MOV,3,CALL_NEAR,5,LEA,5,MOV,3,0,1,0,0,0,JE,0,0,1,0,0,0,CALL,0,1,4330465,4330779,4330474,0,0,0,1,c,1.0866259782190064e-11,1.0,1,0,1
0x421244,JZ,2,2,1584,6,0x421241,TEST,1,NonLeaf,rdi(MOV) rdi(MOV) ,rflags ,TEST,3,MOV,7,MOV,7,CALL_NEAR,5,MOV,5,MOV,5,CALL_NEAR,5,LEA,5,MOV,3,MOV,3,0,1,0,0,0,JLE,0,0,1,0,0,0,CALL,0,1,4330035,4331636,4330058,0,0,0,1,c,1.0866259782190064e-11,1.0,1,0,1
0x421211,JNZ,2,0,1552,6,0x42120c,CMP,1,NonLeaf,r13(MOV) ,rflags ,CMP,5,MOV,6,MOV,11,JNZ,6,CMP,7,LEA,4,MOV,11,XOR,3,MOV,5,CALL_NEAR,5,0,1,0,0,0,CALL,0,1,1,0,0,0,XOR,0,0,4329996,4331553,4330007,0,0,1,1,c,1.0866259782190064e-11,0.0,0,0,0
0x4211f5,JNZ,2,0,1621,6,0x4211ee,CMP,1,NonLeaf,rip(JNZ) ,rflags ,CMP,7,MOV,8,CALL_NEAR,5,MOV,3,MOV,5,MOV,11,MOV,6,CMP,5,JNZ,6,LEA,4,0,1,0,0,0,CALL,0,1,1,0,0,0,MOV,0,0,4329958,4331594,4329979,0,0,1,1,c,1.0866259782190064e-11,0.0,0,0,0
0x4211b8,JZ,2,2,1390,6,0x4211b5,TEST,1,NonLeaf,rax(-1) rax(-1) ,rflags ,TEST,3,CALL_NEAR,5,LEA,4,MOV,3,MOV,5,MOV,2,LEA,4,SUB,3,CMP,6,JNLE,6,0,1,0,0,0,CALL,0,1,1,0,0,0,JG,0,0,4329909,4331302,4329918,0,0,1,0,c,1.0866259782190064e-11,1.0,1,0,1
0x4211a2,JNZ,4,2,-99,2,0x42119f,TEST,1,NonLeaf,rdi(MOV) rdi(MOV) ,rflags ,TEST,3,MOV,4,JNLE,2,CMP,3,ADD,4,MOV,5,MOV,3,LEA,4,CALL_NEAR,5,TEST,3,0,0,0,1,1,JLE,0,0,0,1,0,0,CALL,1,1,4329883,4329791,4329892,0,0,1,1,c,2.173251956438013e-11,0.5,0,1,0
0x421199,JNLE,2404,2400,-71,2,0x421196,CMP,1,NonLeaf,r9d(-1) esi(ADD) ,rflags ,CMP,3,ADD,4,JNZ,2,MOV,3,CMP,3,MOV,4,TEST,3,JNZ,2,MOV,5,MOV,3,0,0,0,1,1,JLE,0,0,0,1,0,0,JNE,1,0,4329874,4329810,4329883,0,0,1,0,c,1.3061244258192458e-08,0.9983361064891848,1,1,1
0x421190,JNZ,38060,35656,-16,2,0x42118a,CMP,1,NonLeaf,rax(ADD) rcx(-1) ,rflags ,MOV,3,CMP,3,AND,4,ADD,6,JMP,2,ADD,4,CMP,3,JNLE,2,MOV,4,TEST,3,1,1,0,0,0,ADD,0,0,0,1,0,0,JG,1,0,4329862,4329856,4329874,1,0,0,0,c,2.0678492365507693e-07,0.9368365738307934,1,1,1
0x42115f,JLE,2404,0,51,2,0x42115d,TEST,1,NonLeaf,ecx(MOV) ecx(MOV) ,rflags ,TEST,2,AND,4,MOV,3,MOV,4,XOR,2,SUB,3,MOV,4,LEA,4,LEA,4,LEA,7,1,1,1,0,0,JG,0,0,1,0,0,0,JMP,0,0,4329810,4329874,4329825,0,1,0,0,c,1.3061244258192458e-08,0.0,0,0,0
0x42114a,JLE,4,0,81,2,0x421147,TEST,1,NonLeaf,r9d(MOV) r9d(MOV) ,rflags ,TEST,3,AND,4,MOV,4,JNZ,2,TEST,3,MOV,4,XOR,2,MOV,4,MOV,3,AND,4,1,1,1,0,0,JNE,0,0,1,0,0,0,XOR,0,0,4329791,4329883,4329804,0,0,0,0,c,2.173251956438013e-11,0.0,0,0,0
0x42113d,JNZ,4,2,-114,2,0x42113a,TEST,1,NonLeaf,r11(MOV) r11(MOV) ,rflags ,TEST,3,MOV,4,JNLE,2,CMP,3,ADD,4,MOV,4,AND,4,TEST,3,JLE,2,MOV,4,0,0,0,1,1,JLE,0,0,1,1,1,0,JLE,1,0,4329782,4329675,4329791,0,0,1,1,c,2.173251956438013e-11,0.5,0,1,0
0x421134,JNLE,2404,2400,-82,2,0x421131,CMP,1,NonLeaf,r9d(-1) esi(ADD) ,rflags ,CMP,3,ADD,4,JNZ,2,MOV,3,CMP,3,MOV,4,TEST,3,JNZ,2,MOV,4,AND,4,0,0,0,1,1,JLE,0,0,0,1,0,0,JNE,1,0,4329773,4329698,4329782,0,0,1,0,c,1.3061244258192458e-08,0.9983361064891848,1,1,1
0x42112b,JNZ,38060,35656,-19,2,0x421125,CMP,1,NonLeaf,rax(ADD) rcx(-1) ,rflags ,MOV,3,CMP,3,AND,7,ADD,6,NOP,5,ADD,4,CMP,3,JNLE,2,MOV,4,TEST,3,1,1,0,0,0,ADD,0,0,0,1,0,0,JG,1,0,4329758,4329752,4329773,1,0,0,0,c,2.0678492365507693e-07,0.9368365738307934,1,1,1
0x4210f2,JLE,2404,0,59,2,0x4210f0,TEST,1,NonLeaf,ecx(MOV) ecx(MOV) ,rflags ,TEST,2,AND,7,MOV,3,MOV,4,XOR,2,SUB,3,MOV,4,LEA,4,LEA,4,LEA,7,1,1,1,0,0,JG,0,0,1,0,0,0,JMP,0,0,4329698,4329773,4329716,0,1,0,0,c,1.3061244258192458e-08,0.0,0,0,0
0x4210da,JLE,4,0,92,2,0x4210d7,TEST,1,NonLeaf,r9d(MOV) r9d(MOV) ,rflags ,TEST,3,AND,8,MOV,4,JZ,6,MOV,3,MOV,4,XOR,2,MOV,4,MOV,3,AND,7,1,1,1,0,0,JNE,0,0,1,0,0,0,XOR,0,0,4329675,4329782,4329692,0,0,0,0,c,2.173251956438013e-11,0.0,0,0,0
0x4210c5,JZ,2,0,223,6,0x4210bf,TEST,1,NonLeaf,rdi(MOV) rdi(MOV) ,rflags ,MOV,3,TEST,3,MOV,4,JZ,6,TEST,3,MOV,4,AND,8,TEST,3,JLE,2,MOV,4,0,1,1,0,0,CALL,0,1,1,0,1,0,JLE,0,0,4329659,4329892,4329675,0,0,1,1,c,1.0866259782190064e-11,0.0,0,0,0
0x4210b5,JZ,5,3,2222,6,0x4210b2,TEST,1,NonLeaf,rsi(-1) rsi(-1) ,rflags ,TEST,3,SUB,4,MOV,3,PUSH,1,PUSH,1,MOV,4,TEST,3,MOV,3,JZ,6,MOV,4,0,1,0,0,0,JE,0,0,1,0,0,0,JE,0,0,4329632,4331875,4329659,0,0,0,0,c,2.7165649455475163e-11,0.6,1,0,1
0x420f7f,JNZ,4,2,-175,6,0x420f7c,TEST,1,NonLeaf,r14(MOV) r14(MOV) ,rflags ,TEST,3,MOV,4,JL,2,CMP,4,ADD,5,ADD,4,POP,1,POP,1,POP,2,POP,2,0,0,0,1,1,JE,0,0,0,1,0,0,RET,1,0,4329336,4329168,4329349,0,0,0,0,c,2.173251956438013e-11,0.5,0,1,0
0x420f76,JL,2404,2400,-118,2,0x420f72,CMP,1,NonLeaf,rsp(-1) edx(MOV) ,rflags ,CMP,4,ADD,5,ADD,5,MOV,4,JL,2,MOV,4,TEST,3,JNZ,6,ADD,4,POP,1,0,0,0,1,1,JE,0,0,0,1,0,0,JNE,1,0,4329320,4329216,4329336,0,0,0,0,c,1.3061244258192458e-08,0.9983361064891848,1,1,1
0x420f62,JL,38060,35656,-58,2,0x420f5b,CMP,1,NonLeaf,r15d(ADD) r13(-1) ,rflags ,MOV,3,CMP,4,OR,2,MOVZX,3,ADD,7,MOV,4,ADD,5,ADD,5,CMP,4,JL,2,0,0,0,1,1,CALL,0,1,1,1,0,0,MOV,1,0,4329286,4329256,4329316,0,0,1,0,c,2.0678492365507693e-07,0.9368365738307934,1,1,1
0x420f19,JLE,2404,0,79,2,0x420f17,TEST,1,NonLeaf,eax(MOV) eax(MOV) ,rflags ,TEST,2,MOV,4,JZ,2,TEST,5,MOV,4,XOR,3,XOR,3,NOP,7,MOV,3,ADD,4,0,0,1,0,0,JL,0,0,1,0,0,0,NOP,0,0,4329235,4329320,4329243,0,0,1,0,c,1.3061244258192458e-08,0.0,0,0,0
0x420f11,JZ,2404,0,87,2,0x420f0c,TEST,1,NonLeaf,r13(MOV) ,rflags ,TEST,5,MOV,4,MOV,4,MOV,4,NOP,9,MOV,4,TEST,2,JLE,2,XOR,3,XOR,3,1,1,1,0,0,JL,0,0,1,0,0,0,JLE,0,0,4329216,4329320,4329235,0,0,1,0,c,1.3061244258192458e-08,0.0,0,0,0
0x420ee1,JLE,4,0,151,6,0x420edf,TEST,1,NonLeaf,edx(MOV) edx(MOV) ,rflags ,TEST,2,MOV,4,JZ,6,TEST,5,NOP,6,MOV,8,MOV,8,NOP,9,MOV,4,MOV,4,0,0,1,0,0,JNE,0,0,1,0,0,0,NOP,0,0,4329179,4329336,4329191,0,0,0,1,c,2.173251956438013e-11,0.0,0,0,0
0x420ed5,JZ,4,0,163,6,0x420ed0,TEST,1,NonLeaf,r14(-1) ,rflags ,TEST,5,NOP,6,JZ,6,TEST,3,MOV,3,MOV,4,TEST,2,JLE,6,MOV,8,MOV,8,1,1,1,0,0,JNE,0,0,1,0,0,0,JLE,0,0,4329168,4329336,4329179,1,0,0,0,c,2.173251956438013e-11,0.0,0,0,0
0x420ec4,JZ,2,0,193,6,0x420ec1,TEST,1,NonLeaf,r14(MOV) r14(MOV) ,rflags ,TEST,3,MOV,3,CALL_NEAR,5,MOV,5,MOV,5,NOP,6,TEST,5,JZ,6,MOV,4,TEST,2,0,1,1,0,0,RET,0,0,1,0,0,0,NOP,0,0,4329150,4329349,4329162,0,0,0,0,c,1.0866259782190064e-11,0.0,0,0,0
0x420e8b,JNZ,8,8,-27,2,0x420e89,CMP,1,NonLeaf,al(-1) ,rflags ,CMP,2,JZ,2,TEST,2,MOVZX,3,ADD,4,ADD,4,MOV,3,MOV,4,MOVZX,3,ADD,4,1,1,0,0,0,JE,0,0,1,0,0,0,JNE,0,0,4329097,4329072,4329101,0,0,0,1,c,4.346503912876026e-11,1.0,1,1,1
0x420e87,JZ,8,2,28,2,0x420e85,TEST,1,NonLeaf,al(MOVZX) al(MOVZX) ,rflags ,TEST,2,MOVZX,3,ADD,4,ADD,4,MOV,2,CMP,2,JNZ,2,ADD,4,MOV,3,MOV,4,0,0,1,0,0,CALL,1,1,0,0,1,1,JNE,0,0,4329086,4329123,4329097,0,0,1,0,c,4.346503912876026e-11,0.25,0,0,0
0x420e72,JZ,8,0,290,6,0x420e70,CMP,1,NonLeaf,al(-1) ,rflags ,CMP,2,NOP,10,JMP,2,JNZ,2,TEST,2,MOV,2,ADD,4,ADD,4,MOVZX,3,TEST,2,0,1,0,0,0,JMP,0,0,1,0,0,0,ADD,0,0,4329072,4329364,4329080,0,0,1,1,c,4.346503912876026e-11,0.0,0,0,0
0x420e62,JNZ,2,2,39,2,0x420e60,TEST,1,NonLeaf,al(MOVZX) al(MOVZX) ,rflags ,TEST,2,MOVZX,3,MOV,7,SUB,4,MOV,3,JMP,2,NOP,10,CMP,2,JZ,6,MOV,2,0,1,0,1,0,JNE,0,0,1,0,0,0,JMP,0,0,4329024,4329097,4329060,0,0,0,0,c,1.0866259782190064e-11,1.0,1,1,1
0x420d35,JZ,2,0,131,6,0x420d33,CMP,1,NonLeaf,al(-1) ,rflags ,CMP,2,JNZ,2,TEST,5,MOVSX,4,MOVSX,3,MOV,5,POP,1,POP,1,POP,2,RET_NEAR,1,0,1,0,0,0,JE,0,0,0,0,0,0,MOV,1,0,4328755,4328888,4328763,0,0,1,0,c,1.0866259782190064e-11,0.0,0,1,0
0x420d31,JNZ,2,0,23,2,0x420d2c,TEST,1,NonLeaf,rdi(MOV) rdx(MOVSX) ,rflags ,TEST,5,MOVSX,4,MOVSX,3,MOV,3,CALL_NEAR,5,CMP,2,JZ,6,MOV,5,POP,1,POP,1,0,1,0,0,0,NOP,1,0,1,0,0,0,JE,1,0,4328738,4328776,4328755,0,0,0,0,c,1.0866259782190064e-11,0.0,0,0,0
0x420cc9,JP,114180,0,26,2,0x420cc5,UCOMISD,1,NonLeaf,xmm2(SQRTSD) xmm2(SQRTSD) ,rflags ,UCOMISD,4,SQRTSD,4,DIVSD,4,MOVSD_XMM,6,MOVSD_XMM,5,MOVAPD,4,MULSD,4,MULSD,5,ADDSD,4,ADD,4,0,1,0,0,0,CALL,0,1,1,1,0,0,RET,0,0,4328618,4328675,4328651,0,0,1,0,c,6.203547709652307e-07,0.0,0,0,0
0x420c94,JZ,114180,0,-84,2,0x420c8e,UCOMISD,0,NonLeaf,xmm2(-1) xmm3(-1) ,rflags ,JP,2,UCOMISD,4,XORPD,4,JNB,2,UCOMISD,8,MOVAPD,4,MOVSD_XMM,6,MOVSD_XMM,5,CALL_NEAR,5,MULSD,8,0,0,0,1,1,CALL,0,1,0,1,0,0,CALL,1,1,4328596,4328512,4328598,0,0,1,1,c,6.203547709652307e-07,0.0,0,1,0
0x420c92,JP,114180,0,4,2,0x420c8e,UCOMISD,1,NonLeaf,xmm2(-1) xmm3(XORPD) ,rflags ,UCOMISD,4,XORPD,4,JNB,2,UCOMISD,8,ADDSD,4,JZ,2,MOVAPD,4,MOVSD_XMM,6,MOVSD_XMM,5,CALL_NEAR,5,0,1,1,0,0,CALL,1,1,1,0,0,0,JE,0,0,4328586,4328598,4328596,0,0,1,0,c,6.203547709652307e-07,0.0,0,0,0
0x420c88,JNB,145251,31071,-72,2,0x420c80,UCOMISD,1,NonLeaf,xmm2(ADDSD) rip(JNB) ,rflags ,UCOMISD,8,ADDSD,4,MULSD,4,MULSD,4,SUBSD,8,XORPD,4,UCOMISD,4,JP,2,JZ,2,MOVAPD,4,0,0,0,1,1,CALL,0,1,1,1,0,0,JP,0,0,4328543,4328512,4328586,0,0,1,0,c,7.891675498114446e-07,0.2139124687609724,0,1,0
0x420bca,JZ,1,0,22,2,0x420bc6,TEST,0,NonLeaf,edi(-1) edi(-1) ,rflags ,JS,2,TEST,2,MOV,2,SUB,4,INVALID,0,MOV,6,CALL_NEAR,5,XOR,2,ADD,4,RET_NEAR,1,0,1,0,0,0,CALL,0,1,1,0,0,0,CALL,0,1,4328394,4328416,4328396,0,0,1,1,c,5.433129891095032e-12,0.0,0,0,0
0x45dc5f,JNZ,7400,7400,-530,6,0x45dc5d,CMP,1,NonLeaf,ecx(LEA) edx(-1) ,rflags ,CMP,2,LEA,3,JNL,2,CMP,2,ADD,3,SUB,3,VADDSD,4,LEA,3,ADD,3,TEST,3,0,0,0,0,0,JLE,0,0,1,0,0,0,JG,0,0,4578394,4577869,4578405,0,0,0,0,c,4.020516119410324e-08,1.0,1,1,1
0x420bc8,JS,1,0,56,2,0x420bc6,TEST,1,NonLeaf,edi(MOV) edi(MOV) ,rflags ,TEST,2,MOV,2,SUB,4,INVALID,0,INVALID,0,JZ,2,MOV,6,CALL_NEAR,5,XOR,2,ADD,4,0,1,0,0,0,CALL,0,1,1,0,0,0,JE,0,0,4328384,4328448,4328394,1,0,1,0,c,5.433129891095032e-12,0.0,0,0,0
0x4203aa,JNZ,4,2,-135,6,0x4203a7,TEST,1,NonLeaf,rbp(MOV) rbp(MOV) ,rflags ,TEST,3,MOV,4,JL,2,CMP,3,ADD,4,ADD,4,POP,1,POP,1,RET_NEAR,1,INVALID,0,0,0,0,1,1,JLE,0,0,0,1,0,0,RET,1,0,4326307,4326179,4326320,0,0,0,0,c,2.173251956438013e-11,0.5,0,1,0
0x4203a1,JL,2404,2400,-105,2,0x42039e,CMP,1,NonLeaf,r11d(ADD) esi(MOV) ,rflags ,CMP,3,ADD,4,ADD,4,MOV,3,MOV,3,MOV,4,TEST,3,JNZ,6,ADD,4,POP,1,0,0,0,1,1,JLE,0,0,0,1,0,0,JNE,1,0,4326294,4326200,4326307,0,0,0,0,c,1.3061244258192458e-08,0.9983361064891848,1,1,1
0x42037f,JNZ,38060,0,-39,2,0x42037b,TEST,1,NonLeaf,rdi(-1) ,rflags ,TEST,4,JLE,2,CMP,4,SUB,3,MOV,3,MOV,6,JMP,2,NOP,7,MOV,3,MOV,3,1,1,0,0,0,ADD,0,0,1,0,0,0,JMP,0,0,4326267,4326232,4326273,0,0,1,1,c,2.0678492365507693e-07,0.0,0,0,0
0x420379,JLE,38060,2404,23,2,0x420375,CMP,1,NonLeaf,r9(-1) r8d(SUB) ,rflags ,CMP,4,SUB,3,MOV,3,ADD,4,ADD,7,TEST,4,JNZ,2,MOV,6,JMP,2,NOP,7,0,1,1,0,0,MOV,1,0,0,0,1,1,JNE,0,0,4326241,4326288,4326267,0,0,0,0,c,2.0678492365507693e-07,0.0631634261692065,0,0,0
0x420341,JLE,2404,0,85,2,0x42033f,TEST,1,NonLeaf,ecx(MOV) ecx(MOV) ,rflags ,TEST,2,MOV,4,MOV,3,NOP,7,XOR,3,MOVSXD,3,MOV,4,LEA,4,MOV,3,JMP,2,1,1,1,0,0,JL,0,0,1,0,0,0,JMP,0,0,4326200,4326294,4326211,0,0,0,0,c,1.3061244258192458e-08,0.0,0,0,0
0x420328,JLE,4,0,123,2,0x420326,TEST,1,NonLeaf,esi(MOV) esi(MOV) ,rflags ,TEST,2,MOV,3,XOR,3,JZ,6,TEST,3,MOV,4,XOR,3,NOP,7,MOV,3,MOV,4,1,1,1,0,0,JNE,0,0,1,0,0,0,NOP,0,0,4326179,4326307,4326186,0,0,0,0,c,2.173251956438013e-11,0.0,0,0,0
0x42031a,JZ,2,0,150,6,0x420317,TEST,1,NonLeaf,rbp(MOV) rbp(MOV) ,rflags ,TEST,3,XOR,2,MOV,4,CALL_NEAR,5,SUB,4,XOR,3,MOV,3,TEST,2,JLE,2,MOV,4,0,1,1,0,0,RET,0,0,1,0,0,0,XOR,0,0,4326161,4326320,4326176,0,0,0,0,c,1.0866259782190064e-11,0.0,0,0,0
0x420256,JNLE,38058,38056,-75,2,0x420253,CMP,1,NonLeaf,edx(LEA) r10d(ADD) ,rflags ,CMP,3,ADD,4,ADD,4,ADD,4,LEA,3,MOV,5,CALL_NEAR,5,ADD,4,MOV,2,POP,1,0,0,0,1,1,JLE,0,0,0,1,0,0,CALL,1,1,4325956,4325899,4325976,0,0,0,1,c,2.0677405739529478e-07,0.9999474486310368,1,1,1
0x42023d,JNLE,100044,68140,-21,2,0x42023b,CMP,1,NonLeaf,rsi(-1) ecx(SUB) ,rflags ,CMP,2,SUB,2,ADD,4,MOV,2,MOV,4,MOV,3,MOV,2,LEA,3,ADD,4,ADD,4,1,1,1,1,1,JG,0,0,1,1,0,0,MOV,0,0,4325928,4325928,4325951,0,0,1,0,c,5.435520468247114e-07,0.6811003158610212,1,0,1
0x42020f,JLE,38058,6154,53,2,0x42020d,TEST,1,NonLeaf,edx(MOV) edx(MOV) ,rflags ,TEST,2,MOV,2,XOR,2,XOR,3,MOV,5,MOV,7,MOVSXD,3,LEA,4,MOV,2,XOR,2,1,1,1,0,0,JG,0,0,1,0,0,0,NOP,0,0,4325899,4325956,4325905,0,0,0,0,c,2.0677405739529478e-07,0.1617005622996479,0,0,0
0x4201f8,JLE,2,0,96,2,0x4201f5,CMP,1,NonLeaf,eax(MOV) ,rflags ,CMP,3,MOV,4,MOV,7,MOV,3,MOV,4,MOV,7,MOV,5,XOR,3,XOR,2,MOV,2,0,1,1,0,0,CALL,1,1,1,0,0,0,XOR,0,0,4325863,4325976,4325882,0,0,1,0,c,1.0866259782190064e-11,0.0,0,0,0
0x4201dd,JL,47092,47090,-292,6,0x4201d9,CMP,1,NonLeaf,rsp(-1) eax(MOV) ,rflags ,CMP,4,MOV,4,ADD,4,ADD,5,MOV,4,MOV,4,MOV,3,MOV,7,MOV,4,CMP,3,0,0,0,1,1,JE,0,0,1,1,0,0,MOV,1,0,4325836,4325561,4325859,0,0,0,0,c,2.5585695283144725e-07,0.9999575299413912,1,1,1
0x42018c,JS,43456,13760,54,2,0x420189,TEST,1,NonLeaf,r8d(-1) r8d(-1) ,rflags ,TEST,3,JS,2,MOV,4,MOV,4,MOV,7,CMP,2,MOV,7,MOV,2,CMOVLE,3,CMP,2,0,0,1,0,0,MOV,0,0,1,0,0,0,MOV,0,0,4325769,4325826,4325774,0,0,1,1,c,2.361020925474257e-07,0.3166421207658321,0,0,0
0x420187,JS,47092,3636,59,2,0x420158,TEST,1,NonLeaf,esi(-1) esi(-1) ,rflags ,MOV,4,MOV,4,MOV,7,MOV,4,MOV,4,TEST,3,JS,2,CMP,2,MOV,7,MOV,2,0,1,1,0,0,MOV,0,0,1,0,0,0,JS,0,0,4325708,4325826,4325769,0,0,1,0,c,2.5585695283144725e-07,0.0772105665505818,0,0,0
0x420103,JZ,47092,47092,73,2,0x420101,TEST,1,NonLeaf,eax(MOV) eax(MOV) ,rflags ,TEST,2,MOV,3,MOVSXD,3,SUB,2,MOV,2,MOV,3,SAR,4,IMUL,3,SUB,3,MOVSXD,3,1,1,0,0,0,JS,0,0,1,0,0,0,JE,0,0,4325561,4325708,4325637,0,0,1,0,c,2.5585695283144725e-07,1.0,1,0,1
0x420074,JLE,2,0,577,6,0x420072,TEST,1,NonLeaf,eax(MOV) eax(MOV) ,rflags ,TEST,2,MOV,6,MOV,3,MOV,4,MOV,4,MOV,7,MOV,7,XOR,2,MOV,7,MOV,7,0,1,0,0,0,JMP,0,0,1,0,0,0,MOV,0,0,4325477,4326069,4325498,0,0,0,1,c,1.0866259782190064e-11,0.0,0,0,0
0x420058,JL,77316,77314,-286,6,0x420053,CMP,1,NonLeaf,r10d(ADD) rsp(-1) ,rflags ,CMP,5,ADD,4,ADD,4,MOV,4,MOV,3,MOV,3,MOV,4,MOV,4,MOV,3,MOV,6,0,0,0,1,1,JE,0,0,1,1,0,0,MOV,1,0,4325451,4325178,4325470,0,0,0,0,c,4.200678706599035e-07,0.9999741321330644,1,1,1
0x42000e,JS,73004,2656,54,2,0x42000b,TEST,1,NonLeaf,r8d(-1) r8d(-1) ,rflags ,TEST,3,JS,2,MOV,4,MOV,4,MOV,7,CMP,2,MOV,7,MOV,2,CMOVLE,3,CMP,2,0,0,1,0,0,MOV,0,0,1,0,0,0,MOV,0,0,4325387,4325444,4325392,0,0,1,1,c,3.966402145695017e-07,0.0363815681332529,0,0,0
0x420009,JS,77316,4312,59,2,0x41ffda,TEST,1,NonLeaf,esi(-1) esi(-1) ,rflags ,MOV,4,MOV,4,MOV,7,MOV,4,MOV,4,TEST,3,JS,2,CMP,2,MOV,7,MOV,2,0,1,1,0,0,MOV,0,0,1,0,0,0,JS,0,0,4325323,4325444,4325387,0,0,1,0,c,4.200678706599035e-07,0.0557711211133529,0,0,0
0x41ff84,JZ,77316,77316,71,2,0x41ff82,TEST,1,NonLeaf,edx(MOV) edx(MOV) ,rflags ,TEST,2,MOV,3,MOVSXD,3,SUB,2,MOV,2,MOV,3,SAR,4,IMUL,3,SUB,3,MOVSXD,3,1,1,0,0,0,JS,0,0,1,0,0,0,JE,0,0,4325178,4325323,4325254,0,0,1,0,c,4.200678706599035e-07,1.0,1,0,1
0x41fef5,JLE,2,0,914,6,0x41fef3,TEST,1,NonLeaf,eax(MOV) eax(MOV) ,rflags ,TEST,2,MOV,3,MOV,5,JZ,6,TEST,3,MOV,7,MOV,7,XOR,2,MOV,7,MOV,7,0,0,0,0,0,JMP,0,0,0,0,0,0,MOV,0,0,4325099,4326023,4325115,0,0,1,1,c,1.0866259782190064e-11,0.0,0,0,0
0x41fee5,JZ,2,0,984,6,0x41fee2,TEST,1,NonLeaf,rax(-1) rax(-1) ,rflags ,TEST,3,CALL_NEAR,5,MOV,3,JZ,6,TEST,3,MOV,5,MOV,3,TEST,2,JLE,6,MOV,7,0,1,0,0,0,CALL,1,1,1,0,0,0,JLE,0,0,4325090,4326077,4325099,0,1,1,1,c,1.0866259782190064e-11,0.0,0,0,0
0x41fed4,JZ,2,0,927,6,0x41fed1,TEST,1,NonLeaf,r12(SHL) r12(SHL) ,rflags ,TEST,3,SHL,4,LEA,4,JNLE,2,CMP,2,MOV,3,CALL_NEAR,5,TEST,3,JZ,6,MOV,5,0,1,0,0,0,JG,0,0,1,0,0,0,CALL,0,1,4325065,4326003,4325082,0,0,1,1,c,1.0866259782190064e-11,0.0,0,0,0
0x41fec7,JNLE,38060,38058,-19,2,0x41fec5,CMP,1,NonLeaf,ecx(MOVSXD) eax(ADD) ,rflags ,CMP,2,ADD,4,ADD,3,MOVSXD,4,MOV,6,LEA,4,SHL,4,TEST,3,JZ,6,MOV,3,1,1,1,1,1,JG,0,0,0,1,0,0,JE,1,0,4325044,4325044,4325065,1,0,1,0,c,2.0678492365507693e-07,0.999947451392538,1,1,1
0x41fea9,JLE,2,0,32,2,0x41fea7,TEST,1,NonLeaf,ecx(MOVSXD) ecx(MOVSXD) ,rflags ,TEST,2,MOV,7,MOVSXD,4,JL,6,CMP,3,MOV,7,XOR,2,MOV,6,MOVSXD,4,ADD,3,0,1,1,0,0,JE,1,0,1,0,0,0,XOR,0,0,4325020,4325065,4325035,0,0,0,0,c,1.0866259782190064e-11,0.0,0,0,0
0x41fe96,JL,26796,26794,-147,6,0x41fe93,CMP,1,NonLeaf,edi(ADD) r11d(MOV) ,rflags ,CMP,3,ADD,4,ADD,3,MOV,7,MOV,3,MOVSXD,4,MOV,7,TEST,2,JLE,2,MOV,7,0,0,0,1,1,JE,0,0,0,1,0,0,JLE,1,0,4325004,4324867,4325020,0,0,0,1,c,1.455861485617825e-07,0.9999253619943276,1,1,1
0x41fe26,JZ,26796,26796,55,2,0x41fe24,TEST,1,NonLeaf,eax(MOV) eax(MOV) ,rflags ,TEST,2,MOV,4,MOVSXD,3,SUB,2,SAR,3,MOV,5,IMUL,3,SAR,4,SUB,3,MOVSXD,3,1,1,0,0,0,MOV,0,0,1,0,0,0,JE,0,0,4324867,4324957,4324904,0,0,1,0,c,1.455861485617825e-07,1.0,1,0,1
0x41fde1,JLE,2,0,1203,6,0x41fdde,TEST,1,NonLeaf,r11d(MOV) r11d(MOV) ,rflags ,TEST,3,MOV,4,MOV,7,JL,6,CMP,3,MOV,7,MOV,7,XOR,2,MOV,7,XOR,3,0,1,0,0,0,JMP,0,0,1,0,0,0,XOR,0,0,4324819,4326036,4324839,0,0,0,0,c,1.0866259782190064e-11,0.0,0,0,0
0x41fdcd,JL,42640,42638,-143,6,0x41fdca,CMP,1,NonLeaf,edi(ADD) r11d(MOV) ,rflags ,CMP,3,ADD,4,ADD,3,MOV,4,MOV,3,MOV,7,MOV,4,TEST,3,JLE,6,MOV,7,0,0,0,1,1,JE,0,0,0,1,0,0,JLE,1,0,4324803,4324670,4324819,0,0,0,1,c,2.3166865855629218e-07,0.999953095684803,1,1,1
0x41fd61,JZ,42640,42640,54,2,0x41fd5f,TEST,1,NonLeaf,eax(MOV) eax(MOV) ,rflags ,TEST,2,MOV,4,MOVSXD,3,SUB,2,SAR,3,MOV,5,IMUL,3,SAR,4,SUB,3,MOVSXD,3,1,1,0,0,0,MOV,0,0,1,0,0,0,JE,0,0,4324670,4324759,4324707,0,0,1,0,c,2.3166865855629218e-07,1.0,1,0,1
0x41fd1c,JLE,2,0,1408,6,0x41fd19,TEST,1,NonLeaf,r11d(MOV) r11d(MOV) ,rflags ,TEST,3,MOV,4,MOV,7,MOV,4,JL,2,MOV,7,MOV,7,XOR,2,MOV,7,XOR,3,0,1,0,0,0,JMP,0,0,1,0,0,0,XOR,0,0,4324618,4326044,4324642,0,0,0,0,c,1.0866259782190064e-11,0.0,0,0,0
0x41fd08,JL,19792,19790,-104,2,0x41fd05,CMP,1,NonLeaf,edi(ADD) r13d(MOV) ,rflags ,CMP,3,ADD,4,ADD,3,MOV,7,MOV,3,MOV,4,MOV,7,MOV,4,TEST,3,JLE,6,0,0,0,1,1,JE,0,0,0,1,0,0,JLE,1,0,4324606,4324512,4324618,0,0,0,1,c,1.0753250680455289e-07,0.9998989490703316,1,1,1
0x41fcbd,JZ,19792,19792,26,2,0x41fcbb,TEST,1,NonLeaf,edx(MOV) edx(MOV) ,rflags ,TEST,2,MOV,4,MOVSXD,3,SUB,2,SAR,3,MOV,3,SAR,4,IMUL,3,SUB,3,MOVSXD,3,1,1,0,0,0,MOV,0,0,1,0,0,0,JNE,0,0,4324512,4324567,4324543,0,0,1,0,c,1.0753250680455289e-07,1.0,1,0,1
0x41fc7f,JLE,2,0,1573,6,0x41fc7c,TEST,1,NonLeaf,r13d(MOV) r13d(MOV) ,rflags ,TEST,3,MOV,4,MOV,7,JL,2,CMP,3,MOV,7,MOV,7,XOR,2,XOR,3,XOR,2,0,1,0,0,0,JMP,0,0,1,0,0,0,MOV,0,0,4324465,4326052,4324485,0,0,0,0,c,1.0866259782190064e-11,0.0,0,0,0
0x41fc6f,JL,18736,18734,-103,2,0x41fc6c,CMP,1,NonLeaf,edi(ADD) r13d(MOV) ,rflags ,CMP,3,ADD,4,ADD,3,MOV,4,MOV,3,MOV,7,MOV,4,TEST,3,JLE,6,MOV,7,0,0,0,1,1,JE,0,0,0,1,0,0,JLE,1,0,4324453,4324360,4324465,0,0,0,1,c,1.0179512163955652e-07,0.9998932536293766,1,1,1
0x41fc26,JZ,18736,18736,27,2,0x41fc23,TEST,1,NonLeaf,r15d(MOV) r15d(MOV) ,rflags ,TEST,3,MOV,4,MOVSXD,3,SUB,2,SAR,3,MOV,3,SAR,4,IMUL,3,SUB,3,MOVSXD,3,1,1,0,0,0,MOV,0,0,1,0,0,0,JNE,0,0,4324360,4324417,4324392,0,0,1,0,c,1.0179512163955652e-07,1.0,1,0,1
0x41fbe7,JLE,2,0,1733,6,0x41fbe4,TEST,1,NonLeaf,r13d(MOV) r13d(MOV) ,rflags ,TEST,3,MOV,4,JZ,6,TEST,3,MOV,7,MOV,7,MOV,7,XOR,2,XOR,3,XOR,2,0,1,0,0,0,JMP,0,0,1,0,0,0,MOV,0,0,4324320,4326060,4324333,0,0,0,0,c,1.0866259782190064e-11,0.0,0,0,0
0x41fbda,JZ,2,0,1672,6,0x41fbd7,TEST,1,NonLeaf,rbp(MOV) rbp(MOV) ,rflags ,TEST,3,MOV,7,JNZ,6,TEST,3,MOV,4,MOV,4,TEST,3,JLE,6,MOV,7,MOV,7,0,1,0,0,0,RET,1,0,1,0,0,0,JLE,0,0,4324304,4325986,4324320,0,0,0,0,c,1.0866259782190064e-11,0.0,0,0,0
0x41fbca,JNZ,4,2,-127,6,0x41fbc7,TEST,1,NonLeaf,rdi(MOV) rdi(MOV) ,rflags ,TEST,3,MOV,4,JL,2,CMP,3,ADD,4,MOV,7,TEST,3,JZ,6,MOV,4,TEST,3,0,0,0,1,1,JLE,0,0,0,1,0,0,JE,1,0,4324291,4324171,4324304,0,0,0,0,c,2.173251956438013e-11,0.5,0,1,0
0x41fbc1,JL,2404,2400,-97,2,0x41fbbe,CMP,1,NonLeaf,r10d(ADD) edx(MOV) ,rflags ,CMP,3,ADD,4,ADD,4,MOV,3,MOV,3,MOV,4,TEST,3,JNZ,6,MOV,7,TEST,3,0,0,0,1,1,JLE,0,0,0,1,0,0,JNE,1,0,4324278,4324192,4324291,0,0,0,0,c,1.3061244258192458e-08,0.9983361064891848,1,1,1
0x41fba3,JNZ,38060,38060,-35,2,0x41fb9f,TEST,1,NonLeaf,rcx(-1) ,rflags ,TEST,4,JLE,2,CMP,4,SUB,3,MOV,2,MOV,6,ADD,3,JMP,2,MOV,3,MOV,3,1,1,0,0,0,MOV,0,0,1,0,0,0,JMP,0,0,4324255,4324224,4324261,0,0,1,1,c,2.0678492365507693e-07,1.0,1,0,1
0x41fb9d,JLE,38060,2404,19,2,0x41fb99,CMP,1,NonLeaf,r8(-1) esi(SUB) ,rflags ,CMP,4,SUB,3,MOV,2,ADD,4,ADD,7,TEST,4,JNZ,2,MOV,6,ADD,3,JMP,2,0,1,1,0,0,MOV,1,0,0,0,1,1,JNE,0,0,4324230,4324272,4324255,0,0,0,0,c,2.0678492365507693e-07,0.0631634261692065,0,0,0
0x41fb69,JLE,2404,0,77,2,0x41fb67,TEST,1,NonLeaf,eax(MOV) eax(MOV) ,rflags ,TEST,2,MOV,4,MOV,3,NOP,7,XOR,3,MOVSXD,3,MOV,4,LEA,4,MOV,3,JMP,2,1,1,1,0,0,JL,0,0,1,0,0,0,JMP,0,0,4324192,4324278,4324203,0,0,0,0,c,1.3061244258192458e-08,0.0,0,0,0
0x41fb50,JLE,4,0,115,2,0x41fb4e,TEST,1,NonLeaf,edx(MOV) edx(MOV) ,rflags ,TEST,2,MOV,3,XOR,3,JZ,6,TEST,3,MOV,4,XOR,3,NOP,7,MOV,3,MOV,4,1,1,1,0,0,JNE,0,0,1,0,0,0,NOP,0,0,4324171,4324291,4324178,0,0,0,0,c,2.173251956438013e-11,0.0,0,0,0
0x41fb42,JZ,2,0,142,6,0x41fb3f,TEST,1,NonLeaf,rdi(MOV) rdi(MOV) ,rflags ,TEST,3,MOV,4,CALL_NEAR,5,SUB,4,XOR,2,XOR,3,MOV,3,TEST,2,JLE,2,MOV,4,0,1,1,0,0,JE,0,0,1,0,0,0,XOR,0,0,4324155,4324304,4324168,0,0,0,0,c,1.0866259782190064e-11,0.0,0,0,0
0x45a32b,JP,2043496448,0,429,6,0x45a327,VUCOMISD,1,NonLeaf,xmm1(VADDSD) xmm0(VADDSD) ,rflags ,VUCOMISD,4,VADDSD,4,VMULSD,8,VADDSD,4,VSUBSD,4,JNZ,6,VMULSD,6,TEST,3,JNZ,6,ADD,4,0,0,0,0,0,CALL,0,1,1,0,0,0,JNE,0,0,4563427,4564184,4563761,0,0,1,0,c,0.0111025816339753,0.0,0,0,0
0x41c3be,JZ,1,0,-14,2,0x41c3bc,TEST,1,Leaf,ecx(MOV) ecx(MOV) ,rflags ,TEST,2,MOV,3,JZ,2,TEST,3,MOV,4,JMP,2,MOV,5,JMP,2,INVALID,0,INVALID,0,1,1,0,0,0,JE,0,0,1,0,0,0,JMP,1,0,4309945,4309936,4309952,0,0,0,0,c,5.433129891095032e-12,0.0,0,1,0
0x41c3a7,JNZ,1,1,18,2,0x41c3a4,TEST,1,Leaf,rax(MOV) rax(MOV) ,rflags ,TEST,3,MOV,4,NOP,6,RET_NEAR,1,MOV,4,JMP,2,NOP,5,MOV,4,TEST,3,JZ,2,0,1,0,1,0,JE,0,0,1,0,0,0,JMP,0,0,4309920,4309945,4309929,0,0,0,0,c,5.433129891095032e-12,1.0,1,1,1
0x41c38d,JLE,1202,2,-84,2,0x41c38b,CMP,1,Leaf,esi(-1) eax(ADD) ,rflags ,CMP,2,ADD,3,NOP,5,RET_NEAR,1,XOR,2,CDQE,2,MOV,4,MOV,4,RET_NEAR,1,NOP,6,0,0,0,0,0,JNE,0,0,1,0,0,0,RET,0,0,4309899,4309817,4309903,0,1,0,0,c,6.530622129096229e-09,0.0016638935108153,0,0,0
0x41c356,JZ,1,0,-14,2,0x41c354,TEST,1,Leaf,edx(MOV) edx(MOV) ,rflags ,TEST,2,MOV,3,JZ,2,TEST,3,MOV,4,MOV,4,MOV,3,MOV,4,RET_NEAR,1,NOP,4,1,1,0,0,0,JE,0,0,0,0,0,0,RET,1,0,4309841,4309832,4309848,0,0,0,0,c,5.433129891095032e-12,0.0,0,1,0
0x41c340,JNZ,2,1,17,2,0x41c33d,TEST,1,Leaf,rax(MOV) rax(MOV) ,rflags ,TEST,3,MOV,4,JNZ,2,CMP,2,ADD,3,JMP,2,NOP,4,MOV,4,TEST,3,JZ,2,0,1,0,1,0,JE,0,0,1,0,0,0,JMP,0,0,4309817,4309841,4309826,0,0,0,0,c,1.0866259782190064e-11,0.5,0,1,0
0x41c337,JNZ,360600,360600,-15,2,0x41c335,CMP,1,Leaf,eax(ADD) esi(-1) ,rflags ,CMP,2,ADD,3,JZ,2,CMP,4,ADD,4,MOV,4,TEST,3,JNZ,2,JMP,2,NOP,4,1,1,0,0,0,JE,0,0,0,0,0,0,JNE,1,0,4309810,4309800,4309817,0,0,0,0,c,1.9591866387288687e-06,1.0,1,1,1
0x41c330,JZ,360600,1200,88,2,0x41c32c,CMP,1,Leaf,rdx(ADD) rcx(-1) ,rflags ,CMP,4,ADD,4,NOP,3,JMP,5,JNZ,2,ADD,3,CMP,2,JNZ,2,MOV,4,TEST,3,0,1,0,0,0,ADD,1,0,0,0,1,1,JNE,0,0,4309800,4309896,4309810,0,0,0,0,c,1.9591866387288687e-06,0.0033277870216306,0,0,0
0x41c31e,JNZ,1202,1200,20,2,0x41c317,CMP,1,Leaf,r8(MOV) rcx(-1) ,rflags ,LEA,4,CMP,3,XOR,2,MOV,4,JLE,2,JMP,5,NOP,3,ADD,4,CMP,4,JZ,2,0,1,0,1,0,JNE,0,0,1,0,0,0,JMP,0,0,4309777,4309810,4309792,0,0,0,0,c,6.530622129096229e-09,0.9983361064891848,1,1,1
0x41c30f,JLE,1202,0,42,2,0x41c30d,TEST,1,Leaf,esi(MOV) esi(MOV) ,rflags ,TEST,2,MOV,3,MOV,4,JL,2,CMP,3,MOV,4,XOR,2,CMP,3,LEA,4,JNZ,2,0,1,0,0,0,JNE,0,0,1,0,0,0,JNE,0,0,4309766,4309817,4309777,0,0,0,0,c,6.530622129096229e-09,0.0,0,0,0
0x41c304,JL,19030,17828,100,2,0x41c301,CMP,1,Leaf,edx(LEA) rcx(MOV) ,rflags ,CMP,3,LEA,3,IMUL,6,SAR,4,SUB,3,MOV,4,MOV,3,TEST,2,JLE,2,MOV,4,0,1,0,0,0,RET,0,0,1,0,0,0,JLE,0,0,4309737,4309864,4309766,1,0,0,0,c,1.0339246182753849e-07,0.9368365738307934,1,0,1
0x41c2e3,JZ,19031,1,189,6,0x41c2e0,TEST,1,Leaf,rsi(-1) rsi(-1) ,rflags ,TEST,3,INVALID,0,INVALID,0,INVALID,0,INVALID,0,MOV,4,MOV,4,SUB,3,SAR,4,IMUL,6,0,1,0,0,0,JNE,0,0,1,0,0,0,JL,0,0,4309728,4309920,4309737,0,1,0,0,c,1.0339789495742957e-07,5.254584625085387e-05,0,0,0
0x41c172,JZ,19030,19030,222,6,0x41c170,TEST,1,Leaf,esi(-1) esi(-1) ,rflags ,TEST,2,INVALID,0,INVALID,0,INVALID,0,INVALID,0,MOVSD_XMM,8,MOV,7,MOV,8,MOV,7,MOVSD_XMM,5,0,1,0,0,0,JMP,0,0,1,0,0,0,MOV,0,0,4309360,4309584,4309368,0,0,1,1,c,1.0339246182753849e-07,1.0,1,0,1
0x41c0fe,JZ,1203,1203,18,2,0x41c0e0,TEST,1,Leaf,esi(-1) esi(-1) ,rflags ,MOV,7,MOV,7,MOV,7,MOV,7,TEST,2,MOV,8,MOV,8,MOV,7,MOV,7,MOV,7,0,1,1,0,0,RET,0,0,1,0,0,0,MOV,0,0,4309216,4309264,4309248,0,0,1,1,c,6.536055258987324e-09,1.0,1,0,1
0x41bd6e,JNZ,2,1,-172,6,0x41bd6b,TEST,1,NonLeaf,rbx(MOV) rbx(MOV) ,rflags ,TEST,3,MOV,4,JNLE,6,CMP,3,ADD,4,ADD,4,POP,1,POP,1,RET_NEAR,1,XOR,2,0,0,0,1,1,JLE,0,0,0,1,0,0,RET,1,0,4308327,4308162,4308340,0,0,0,0,c,1.0866259782190064e-11,0.5,0,1,0
0x41bd61,JNLE,1202,1200,-129,6,0x41bd5e,CMP,1,NonLeaf,r10d(-1) r9d(ADD) ,rflags ,CMP,3,ADD,4,JNZ,2,MOV,3,CMP,3,MOV,4,TEST,3,JNZ,6,ADD,4,POP,1,0,0,0,1,1,JLE,0,0,0,1,0,0,JNE,1,0,4308314,4308192,4308327,0,0,0,0,c,6.530622129096229e-09,0.9983361064891848,1,1,1
0x41bd58,JNZ,19030,17828,-72,2,0x41bd52,CMP,1,NonLeaf,rcx(-1) r8(-1) ,rflags ,MOV,3,CMP,3,MOVSD_XMM,5,MOVSD_XMM,8,MOVSD_XMM,5,ADD,4,CMP,3,JNLE,6,MOV,4,TEST,3,0,1,0,0,0,ADD,0,0,0,1,0,0,JG,1,0,4308306,4308240,4308314,1,0,0,0,c,1.0339246182753849e-07,0.9368365738307934,1,1,1
0x41bd1b,JZ,19030,0,55,2,0x41bd17,TEST,1,NonLeaf,rsi(-1) ,rflags ,TEST,4,ADD,7,NOP,6,JMP,2,ADD,3,MOVSXD,3,MOVSD_XMM,8,LEA,4,ADD,3,LEA,5,1,1,1,0,0,JNE,0,0,1,0,0,0,MOVSD,0,0,4308247,4308306,4308253,0,0,0,1,c,1.0339246182753849e-07,0.0,0,0,0
0x41bce9,JLE,1202,0,113,2,0x41bce7,TEST,1,NonLeaf,edi(MOV) edi(MOV) ,rflags ,TEST,2,MOV,3,MOV,4,NOP,10,XOR,3,SUB,3,MOV,4,LEA,4,LEA,4,LEA,7,1,1,1,0,0,JG,0,0,1,0,0,0,JMP,0,0,4308192,4308314,4308203,0,1,0,0,c,6.530622129096229e-09,0.0,0,1,0
0x41bcc9,JLE,2,0,158,6,0x41bcc6,TEST,1,NonLeaf,r10d(MOV) r10d(MOV) ,rflags ,TEST,3,MOV,4,JZ,6,TEST,3,XOR,2,MOV,4,XOR,3,NOP,10,MOV,4,MOV,3,1,1,1,0,0,JNE,0,0,1,0,0,0,NOP,0,0,4308162,4308327,4308175,0,0,0,0,c,1.0866259782190064e-11,0.0,0,0,0
0x41bcbc,JZ,1,0,184,6,0x41bcb9,TEST,1,NonLeaf,rbx(MOV) rbx(MOV) ,rflags ,TEST,3,XOR,2,MOV,4,MOV,3,CALL_NEAR,5,MOV,4,TEST,3,JLE,6,MOV,4,XOR,3,0,1,1,0,0,RET,0,0,1,0,1,0,JLE,0,0,4308144,4308340,4308162,0,0,0,0,c,5.433129891095032e-12,0.0,0,0,0
0x41bc9f,JZ,1,1,220,6,0x41bc9c,TEST,1,NonLeaf,rsi(-1) rsi(-1) ,rflags ,TEST,3,SUB,4,MOV,3,PUSH,1,MOV,3,MOV,3,MOV,3,CALL_NEAR,5,MOV,3,MOV,4,0,1,0,0,0,JMP,0,0,1,0,0,0,MOV,0,0,4308112,4308347,4308133,0,1,0,0,c,5.433129891095032e-12,1.0,1,0,1
0x41ba4b,JZ,1202,1202,189,6,0x41ba48,TEST,1,NonLeaf,rbx(MOV) rbx(MOV) ,rflags ,TEST,3,MOV,4,PUSH,1,PUSH,1,PUSH,2,XOR,2,XOR,3,JMP,2,NOP,8,MOV,3,0,1,0,0,0,JMP,0,0,1,0,0,0,JMP,0,0,4307520,4307720,4307537,0,0,0,0,c,6.530622129096229e-09,1.0,1,0,1
0x41953c,JZ,1202,0,84,2,0x419539,CMP,1,NonLeaf,edx(MOVSXD) rbx(-1) ,rflags ,CMP,3,MOVSXD,4,JNZ,2,MOV,2,TEST,2,MOV,4,LEA,4,MOV,3,CALL_NEAR,5,MOV,4,0,1,0,0,0,CALL,0,1,1,0,0,0,MOV,1,0,4298037,4298128,4298046,0,0,1,0,c,6.530622129096229e-09,0.0,0,0,0
0x419533,JNZ,1803,601,-27,2,0x41952f,TEST,1,NonLeaf,eax(-1) eax(-1) ,rflags ,MOV,2,TEST,2,CALL_NEAR,5,MOV,3,MOV,3,MOVSXD,4,CMP,3,JZ,2,MOV,4,LEA,4,0,1,0,0,0,JE,0,0,1,0,0,0,JE,1,0,4298031,4298008,4298037,0,0,0,0,c,9.795933193644344e-09,0.3333333333333333,0,0,0
0x41951f,JZ,601,0,73,2,0x41951c,TEST,1,NonLeaf,rbx(MOV) rbx(MOV) ,rflags ,TEST,3,MOV,4,NOP,6,JMP,2,JNZ,2,MOV,3,MOV,3,MOV,3,CALL_NEAR,5,TEST,2,0,0,0,0,0,CALL,1,1,0,0,1,1,CALL,0,1,4298008,4298088,4298017,0,0,1,1,c,3.265311064548114e-09,0.0,0,0,0
0x41950e,JNZ,1202,1202,19,2,0x41950b,TEST,1,NonLeaf,rbx(MOV) rbx(MOV) ,rflags ,TEST,3,MOV,4,SUB,4,PUSH,1,PUSH,1,JMP,2,NOP,6,MOV,4,TEST,3,JZ,2,0,1,0,1,0,CALL,0,1,1,0,0,0,JMP,1,0,4297968,4298017,4298000,0,0,1,0,c,6.530622129096229e-09,1.0,1,1,1
0x41949a,JNZ,1,0,-10,2,0x419497,TEST,1,NonLeaf,rdx(MOV) rdx(MOV) ,rflags ,TEST,3,MOV,4,MOV,3,NOP,9,JMP,2,MOV,4,JMP,2,MOV,3,MOV,5,MOV,5,1,1,0,0,0,MOV,0,0,1,1,0,0,JMP,1,0,4297875,4297872,4297884,0,0,0,1,c,5.433129891095032e-12,0.0,0,1,0
0x419457,JNZ,2,1,41,2,0x419446,TEST,1,NonLeaf,eax(MOV) eax(MOV) ,rflags ,MOV,8,MOV,7,TEST,2,MOV,7,MOV,8,MOV,5,ADD,3,MOV,9,MOV,5,XOR,2,0,1,0,0,0,JMP,0,0,1,0,0,0,MOV,0,0,4297760,4297856,4297817,0,0,0,1,c,1.0866259782190064e-11,0.5,0,0,0
0x41940c,JZ,2,0,200,6,0x419409,TEST,1,NonLeaf,rax(-1) rax(-1) ,rflags ,TEST,3,CALL_NEAR,5,MOVSXD,3,LEA,3,CALL_NEAR,5,MOV,3,MOV,3,MOV,3,CALL_NEAR,5,MOV,5,0,1,0,0,0,JMP,0,0,1,0,0,0,CALL,0,1,4297737,4297940,4297746,0,0,0,1,c,1.0866259782190064e-11,0.0,0,0,0
0x4193f0,JZ,2,0,178,6,0x4193ea,TEST,1,NonLeaf,rax(-1) rax(-1) ,rflags ,MOV,3,TEST,3,CALL_NEAR,5,MOV,5,NOP,2,MOV,3,CALL_NEAR,5,LEA,3,MOVSXD,3,CALL_NEAR,5,0,1,0,0,0,XOR,0,0,1,0,0,0,CALL,0,1,4297706,4297890,4297718,0,0,0,1,c,1.0866259782190064e-11,0.0,0,0,0
0x4193be,JNZ,1,1,-22,2,0x4193bc,TEST,1,NonLeaf,eax(-1) eax(-1) ,rflags ,TEST,2,CALL_NEAR,5,MOV,3,MOV,3,JZ,2,MOV,7,MOV,3,MOV,5,CALL_NEAR,5,MOV,5,0,1,0,0,0,JE,0,0,1,0,0,0,CALL,1,1,4297660,4297640,4297664,0,0,0,1,c,5.433129891095032e-12,1.0,1,1,1
0x4193af,JZ,1,1,49,2,0x4193ac,TEST,1,NonLeaf,rbx(MOV) rbx(MOV) ,rflags ,TEST,3,MOV,4,NOP,3,JMP,2,JNZ,2,MOV,3,MOV,3,CALL_NEAR,5,TEST,2,JNZ,2,0,0,0,0,0,CALL,1,1,0,0,1,1,CALL,0,1,4297640,4297696,4297649,0,0,1,1,c,5.433129891095032e-12,1.0,1,0,1
0x4193a1,JNZ,2,1,16,2,0x41939e,TEST,1,NonLeaf,rbx(MOV) rbx(MOV) ,rflags ,TEST,3,MOV,4,PUSH,1,MOV,3,PUSH,1,JMP,2,NOP,3,MOV,4,TEST,3,JZ,2,0,1,0,1,0,CALL,0,1,1,0,0,0,JMP,0,0,4297616,4297649,4297635,0,0,1,0,c,1.0866259782190064e-11,0.5,0,0,0
0x4190f1,JZ,1,0,145,6,0x4190ee,TEST,1,NonLeaf,rax(-1) rax(-1) ,rflags ,TEST,3,CALL_NEAR,5,MOV,5,SUB,4,INVALID,0,MOVSD_XMM,8,MOV,7,MOV,8,MOV,8,MOVSD_XMM,5,0,1,0,0,0,CALL,0,1,1,0,0,0,MOV,0,0,4296942,4297090,4296951,0,0,1,1,c,5.433129891095032e-12,0.0,0,0,0
0x417a63,JNZ,1,1,-89,2,0x417a5d,TEST,1,NonLeaf,rax(-1) rax(-1) ,rflags ,MOV,3,TEST,3,CALL_NEAR,5,MOV,3,MOV,5,MOV,7,MOV,3,MOV,5,XOR,2,MOV,6,0,0,1,0,0,CALL,0,1,1,0,0,0,CALL,0,1,4291165,4291082,4291173,0,0,1,1,c,5.433129891095032e-12,1.0,1,0,1
0x417a08,JZ,1,1,72,2,0x417a06,TEST,1,NonLeaf,eax(-1) eax(-1) ,rflags ,TEST,2,XOR,2,XOR,3,CALL_NEAR,5,JZ,2,MOV,3,CALL_NEAR,5,CALL_NEAR,5,TEST,2,MOV,5,0,1,0,0,0,CALL,0,1,1,1,0,0,CALL,0,1,4291073,4291152,4291082,0,0,1,1,c,5.433129891095032e-12,1.0,1,0,1
0x4179fa,JZ,1,0,70,2,0x4179f8,CMP,1,NonLeaf,al(-1) ,rflags ,CMP,2,NOP,7,RET_NEAR,1,POP,2,POP,2,CALL_NEAR,5,XOR,3,XOR,2,TEST,2,JZ,2,0,1,0,0,0,JE,0,0,1,0,0,0,CALL,0,1,4291064,4291136,4291068,0,0,0,1,c,5.433129891095032e-12,0.0,0,0,0
0x4179e1,JZ,1,1,71,2,0x4179df,TEST,1,NonLeaf,eax(-1) eax(-1) ,rflags ,TEST,2,CALL_NEAR,5,JZ,2,MOV,3,CMP,7,ADD,4,MOV,3,POP,1,POP,1,POP,2,0,1,0,0,0,CALL,0,1,0,0,0,0,RET,0,0,4291039,4291112,4291043,0,0,1,0,c,5.433129891095032e-12,1.0,1,0,1
0x4179d8,JZ,1,0,11,2,0x4179ce,CMP,1,NonLeaf,rbx(-1) rip(JZ) ,rflags ,MOV,3,CMP,7,CALL_NEAR,5,MOV,3,MOV,3,CALL_NEAR,5,TEST,2,JZ,2,ADD,4,MOV,3,0,1,0,0,0,RET,0,0,1,0,0,0,CALL,0,1,4291022,4291043,4291034,0,0,0,1,c,5.433129891095032e-12,0.0,0,0,0
0x4179ba,JNZ,1,1,62,2,0x4179b8,TEST,1,NonLeaf,al(MOVZX) al(MOVZX) ,rflags ,TEST,2,MOVZX,3,JZ,2,TEST,3,SUB,4,MOV,7,MOV,3,MOV,3,CALL_NEAR,5,CMP,7,0,1,0,0,0,JE,0,0,0,0,0,0,MOV,0,0,4290997,4291064,4291004,0,0,0,0,c,5.433129891095032e-12,1.0,1,1,1
0x4179b3,JZ,1,0,9,2,0x4179b0,TEST,1,NonLeaf,rdi(-1) rdi(-1) ,rflags ,TEST,3,SUB,4,PUSH,1,MOV,3,PUSH,1,MOVZX,3,TEST,2,JNZ,2,MOV,7,MOV,3,0,1,0,0,0,MOV,0,0,1,0,0,0,JNE,0,0,4290976,4291004,4290997,0,0,0,0,c,5.433129891095032e-12,0.0,0,0,0
0x417970,JNZ,1,1,-3946,6,0x417966,TEST,1,NonLeaf,rax(-1) rax(-1) ,rflags ,MOV,7,TEST,3,CALL_NEAR,5,MOV,5,JMP,5,JMP,5,MOV,7,MOV,5,MOV,5,MOV,5,0,0,0,0,0,JE,0,0,1,0,0,0,JMP,1,0,4290918,4286982,4290934,0,0,0,0,c,5.433129891095032e-12,1.0,1,1,1
0x4178f4,JNZ,1,1,-3808,6,0x4178ea,TEST,1,NonLeaf,rax(-1) rax(-1) ,rflags ,MOV,7,TEST,3,CALL_NEAR,5,MOV,5,NOP,1,JMP,5,MOV,5,CALL_NEAR,5,TEST,3,MOV,7,0,0,0,0,0,JE,0,0,1,0,0,0,JMP,0,0,4290794,4286996,4290810,0,0,1,0,c,5.433129891095032e-12,1.0,1,0,1
0x41768d,JLE,1,1,153,6,0x41768b,TEST,1,NonLeaf,ebx(MOV) ebx(MOV) ,rflags ,TEST,2,MOV,6,JNZ,6,CMPSB,2,MOV,3,MOV,7,LEA,8,CALL_NEAR,5,MOV,7,LEA,8,0,1,0,0,0,RET,1,0,1,0,0,0,CALL,0,1,4290181,4290342,4290195,0,0,1,1,c,5.433129891095032e-12,1.0,1,0,1
0x417601,JZ,1200,0,655,6,0x4175f9,CMP,1,NonLeaf,rip(JZ) ,rflags ,CMP,8,JZ,6,CMP,8,CALL_NEAR,5,MOV,5,MOV,6,LEA,8,MOV,3,MOV,11,MOV,6,0,1,0,0,0,CALL,0,1,1,0,0,0,CALL,0,1,4290041,4290704,4290055,0,0,1,1,c,6.519755869314038e-09,0.0,0,0,0
0x4175f3,JZ,1200,0,811,6,0x4175eb,CMP,1,NonLeaf,rip(JZ) ,rflags ,CMP,8,CALL_NEAR,5,MOV,5,XOR,2,CALL_NEAR,5,CMP,8,JZ,6,MOV,6,LEA,8,MOV,3,0,1,0,0,0,CALL,0,1,1,0,0,0,JE,0,0,4290027,4290846,4290041,0,0,1,0,c,6.519755869314038e-09,0.0,0,0,0
0x417579,JZ,17902,17828,-634,6,0x41756d,CMP,1,NonLeaf,rsp(-1) r12d(-1) ,rflags ,MOVSXD,7,CMP,5,JNZ,2,TEST,2,CALL_NEAR,5,MOV,7,MOV,3,LEA,8,CALL_NEAR,5,LEA,8,0,0,0,0,0,CALL,0,1,0,0,0,0,CALL,0,1,4289901,4289279,4289919,1,1,1,1,c,9.726389131038326e-08,0.9958663836442856,1,0,1
0x41756b,JNZ,19028,1126,20,2,0x417569,TEST,1,NonLeaf,eax(-1) eax(-1) ,rflags ,TEST,2,CALL_NEAR,5,MOV,3,MOV,5,LEA,8,CMP,5,MOVSXD,7,JZ,6,MOV,7,MOV,3,0,1,0,0,0,CALL,0,1,1,0,0,0,JE,0,0,4289897,4289919,4289901,0,0,1,0,c,1.0338159556775629e-07,0.0591759512297666,0,0,0
0x417546,JNZ,19030,2,-790,6,0x41753d,CMP,1,NonLeaf,r13d(-1) r12d(-1) ,rflags ,MOVSD_XMM,6,CMP,3,CALL_NEAR,5,MOV,8,XOR,2,LEA,8,LEA,8,MOV,5,MOV,3,CALL_NEAR,5,0,0,0,0,0,JG,0,0,0,0,0,0,CALL,0,1,4289853,4289072,4289868,0,0,0,1,c,1.0339246182753849e-07,0.0001050972149238,0,0,0
0x4174b8,JZ,46,46,872,6,0x4174b6,CMP,1,NonLeaf,al(-1) ,rflags ,CMP,2,JZ,6,NOP,2,CMP,2,JZ,6,CMP,2,JZ,6,MOVSD_XMM,8,MOVSD_XMM,6,LEA,4,0,1,0,0,0,JMP,0,0,1,0,0,0,JE,0,0,4289718,4290592,4289726,0,0,1,0,c,2.499239749903715e-10,1.0,1,0,1
0x4174b0,JZ,1878,1832,899,6,0x4174ac,CMP,1,NonLeaf,al(-1) ,rflags ,NOP,2,CMP,2,JZ,6,CMP,2,JZ,2,CMP,2,JZ,6,CMP,2,JZ,6,MOVSD_XMM,8,0,1,0,0,0,JMP,0,0,1,0,0,0,JE,0,0,4289708,4290611,4289718,0,0,1,0,c,1.0203417935476472e-08,0.9755058572949948,1,0,1
0x4174a6,JZ,3538,1660,858,6,0x4174a4,CMP,1,NonLeaf,al(-1) ,rflags ,CMP,2,JZ,2,CMP,2,JZ,6,CMP,2,CMP,2,NOP,2,JZ,6,CMP,2,JZ,6,0,0,0,0,0,JMP,0,0,1,0,0,0,JE,0,0,4289700,4290560,4289708,0,0,1,0,c,1.9222413554694224e-08,0.469191633691351,0,0,0
0x4174a2,JZ,9662,6124,36,2,0x4174a0,CMP,1,NonLeaf,al(-1) ,rflags ,CMP,2,JZ,6,CMP,2,MOVZX,8,NOP,5,CMP,2,JZ,6,CMP,2,NOP,2,JZ,6,0,1,0,0,0,MOVSD,0,0,1,0,0,0,JE,0,0,4289696,4289734,4289700,0,0,1,0,c,5.249490100776021e-08,0.633823225005175,1,0,1
0x41749a,JZ,19030,9368,682,6,0x417498,CMP,1,NonLeaf,al(MOVZX) ,rflags ,CMP,2,MOVZX,8,NOP,5,JMP,5,CALL_NEAR,5,CMP,2,JZ,2,CMP,2,JZ,6,CMP,2,0,1,0,0,0,JMP,0,0,1,0,0,0,JE,0,0,4289680,4290372,4289696,0,0,1,0,c,1.0339246182753849e-07,0.4922753547031003,0,0,0
0x4172b6,JNZ,3,1,-22,2,0x4172b4,TEST,1,NonLeaf,eax(-1) eax(-1) ,rflags ,TEST,2,CALL_NEAR,5,MOV,3,MOV,3,JZ,2,MOV,5,MOV,8,CALL_NEAR,5,LEA,8,MOV,3,0,1,0,0,0,JE,0,0,0,1,0,0,CALL,1,1,4289204,4289184,4289208,0,0,0,1,c,1.6299389673285098e-11,0.3333333333333333,0,1,0
0x4172a7,JZ,1,0,17,2,0x4172a4,TEST,1,NonLeaf,r15(MOV) r15(MOV) ,rflags ,TEST,3,MOV,4,NOP,9,JMP,2,JNZ,2,MOV,3,MOV,3,CALL_NEAR,5,TEST,2,JNZ,2,0,0,1,0,0,CALL,1,1,0,0,1,1,CALL,0,1,4289184,4289208,4289193,0,0,1,1,c,5.433129891095032e-12,0.0,0,0,0
0x417293,JNZ,2,2,22,2,0x417290,TEST,1,NonLeaf,r15(MOV) r15(MOV) ,rflags ,TEST,3,MOV,4,CALL_NEAR,5,MOV,3,MOV,3,JMP,2,NOP,9,MOV,4,TEST,3,JZ,2,0,1,0,1,0,CALL,0,1,1,0,0,0,JMP,0,0,4289164,4289193,4289173,0,0,1,0,c,1.0866259782190064e-11,1.0,1,0,1
0x417266,JZ,2,2,525,6,0x417255,CMP,1,NonLeaf,r13d(-1) ,rflags ,MOV,5,LEA,8,CMP,4,ADD,5,LEA,8,MOV,8,MOV,8,MOV,5,MOV,3,MOV,3,0,0,0,0,0,CALL,0,1,0,0,0,0,MOV,0,0,4289096,4289651,4289132,0,0,1,1,c,1.0866259782190064e-11,1.0,1,0,1
0x417242,JNLE,2,0,382,6,0x41723f,TEST,1,NonLeaf,r12d(MOV) r12d(MOV) ,rflags ,TEST,3,LEA,8,MOV,7,JZ,6,MOVSD_XMM,6,LEA,8,ADD,5,CMP,4,LEA,8,MOV,5,0,1,0,0,0,CALL,0,1,1,0,0,0,JE,0,0,4289072,4289472,4289096,0,0,1,1,c,1.0866259782190064e-11,0.0,0,0,0
0x4171ef,JZ,19030,19030,673,6,0x4171ec,TEST,1,NonLeaf,rax(-1) rax(-1) ,rflags ,TEST,3,CALL_NEAR,5,MOVSD_XMM,6,MOV,5,LEA,8,LEA,4,LEA,5,LEA,5,XOR,2,MOV,5,0,1,0,0,0,JE,0,0,1,0,0,0,CALL,0,1,4289004,4289680,4289013,0,0,0,1,c,1.0339246182753849e-07,1.0,1,0,1
0x4170ea,JNZ,9526,9526,23,2,0x4170e8,CMP,1,NonLeaf,al(-1) ,rflags ,CMP,2,MOV,11,JNZ,2,CMP,8,JNZ,2,CMP,8,JNZ,2,MOV,11,LEA,4,LEA,8,0,0,1,0,0,CALL,0,1,1,0,0,0,JNE,0,0,4288744,4288769,4288748,0,0,1,0,c,5.1755995342571284e-08,1.0,1,0,1
0x4170db,JNZ,2442,2442,38,2,0x4170d3,CMP,1,NonLeaf,rsp(-1) ,rflags ,CMP,8,JNZ,2,CMP,2,MOV,11,JNZ,2,MOV,11,CMP,2,JNZ,2,CMP,8,JNZ,2,0,0,1,0,0,CALL,0,1,1,0,0,0,MOV,0,0,4288723,4288769,4288733,1,0,1,1,c,1.3267703194054068e-08,1.0,1,0,1
0x4170d1,JNZ,11968,9526,23,2,0x4170cf,CMP,1,NonLeaf,al(-1) ,rflags ,CMP,2,MOV,11,JNZ,2,CMP,8,JNZ,2,CMP,8,JNZ,2,MOV,11,CMP,2,JNZ,2,0,1,0,0,0,JNE,0,0,1,0,0,0,JNE,0,0,4288719,4288744,4288723,0,0,0,0,c,6.502369853662534e-08,0.7959558823529411,1,0,1
0x4170c2,JNZ,2828,2828,63,2,0x4170ba,CMP,1,NonLeaf,rsp(-1) ,rflags ,CMP,8,JNZ,2,CMP,2,MOV,11,JNZ,2,MOV,11,CMP,2,JNZ,2,CMP,8,JNZ,2,0,0,1,0,0,CALL,0,1,1,0,0,0,MOV,0,0,4288698,4288769,4288708,1,0,1,1,c,1.5364891332016753e-08,1.0,1,0,1
0x4170b8,JNZ,14796,11968,23,2,0x4170b6,CMP,1,NonLeaf,al(-1) ,rflags ,CMP,2,MOV,11,JNZ,2,CMP,8,JNZ,2,CMP,8,JNZ,2,MOV,11,CMP,2,JNZ,2,0,1,0,0,0,JNE,0,0,1,0,0,0,JNE,0,0,4288694,4288719,4288698,0,0,0,0,c,8.038858986864209e-08,0.8088672614220059,1,0,1
0x4170a9,JNZ,154,154,88,2,0x4170a1,CMP,1,NonLeaf,rsp(-1) ,rflags ,CMP,8,JNZ,2,CMP,2,MOV,11,JNZ,2,MOV,11,CMP,2,JNZ,2,CMP,8,JNZ,2,0,0,1,0,0,CALL,0,1,1,0,0,0,MOV,0,0,4288673,4288769,4288683,1,0,1,1,c,8.367020032286351e-10,1.0,1,0,1
0x41709f,JNZ,14950,14796,23,2,0x41709d,CMP,1,NonLeaf,al(-1) ,rflags ,CMP,2,MOV,11,JNZ,2,CMP,8,JNZ,2,CMP,8,JNZ,2,MOV,11,CMP,2,JNZ,2,0,1,0,0,0,JNE,0,0,1,0,0,0,JNE,0,0,4288669,4288694,4288673,0,0,0,0,c,8.122529187187073e-08,0.9896989966555184,1,0,1
0x417090,JNZ,4080,4080,113,2,0x417088,CMP,1,NonLeaf,rsp(-1) ,rflags ,CMP,8,JNZ,2,CMP,2,MOVZX,8,JZ,6,MOV,11,CMP,2,JNZ,2,CMP,8,JNZ,2,0,0,1,0,0,CALL,0,1,1,0,0,0,MOV,0,0,4288648,4288769,4288658,1,0,1,1,c,2.216716995566773e-08,1.0,1,1,1
0x417086,JNZ,19030,14950,23,2,0x417084,CMP,1,NonLeaf,al(MOVZX) ,rflags ,CMP,2,MOVZX,8,JZ,6,CMP,7,JNZ,2,CMP,8,JNZ,2,MOV,11,CMP,2,JNZ,2,0,1,0,0,0,JNE,0,0,1,0,0,0,JNE,0,0,4288636,4288669,4288648,0,0,0,0,c,1.0339246182753849e-07,0.7856016815554387,1,0,1
0x41706d,JNZ,19030,19030,15,2,0x41706b,CMPSB,0,NonLeaf,rsi(-1) rdi(-1) rcx(-1) rflags(-1) ,rsi rdi rcx rflags ,CMPSB,2,MOV,3,MOV,5,MOV,5,MOV,10,CMP,7,JZ,6,MOVZX,8,CMP,2,JNZ,2,0,1,1,0,0,JNE,0,0,1,0,0,0,JE,0,0,4288621,4288636,4288623,0,0,0,0,c,1.0339246182753849e-07,1.0,1,0,1
0x41703e,JNZ,1832,1832,32,2,0x417036,CMP,1,NonLeaf,rsp(-1) ,rflags ,CMP,8,JNZ,2,MOV,3,CMP,4,JNZ,2,CMP,8,JNZ,2,CMP,8,JNZ,2,MOV,10,0,0,1,0,0,MOV,0,0,1,0,0,0,JNE,0,0,4288566,4288606,4288576,0,0,0,0,c,9.953493960486098e-09,1.0,1,0,1
0x417034,JNZ,19030,17198,42,2,0x41702d,CMP,1,NonLeaf,r13b(-1) ,rflags ,MOV,3,CMP,4,JNZ,2,TEST,2,MOVZX,3,CMP,8,JNZ,2,CMP,8,JNZ,2,CMP,8,0,1,1,0,0,MOV,0,0,1,0,0,0,JNE,0,0,4288557,4288606,4288566,0,0,0,0,c,1.0339246182753849e-07,0.9037309511297952,1,0,1
0x41702b,JNZ,57090,38060,-19,2,0x417029,TEST,1,NonLeaf,al(MOVZX) al(MOVZX) ,rflags ,TEST,2,MOVZX,3,ADD,4,ADD,4,MOV,2,CMP,4,MOV,3,JNZ,2,CMP,8,JNZ,2,0,0,0,1,1,JE,0,0,0,1,0,0,JNE,1,0,4288546,4288536,4288557,0,0,0,1,c,3.1017738548261537e-07,0.6666666666666666,1,1,1
0x41701a,JZ,57090,0,8,2,0x417018,CMP,1,NonLeaf,al(-1) ,rflags ,CMP,2,NOP,4,MOV,3,JZ,2,TEST,2,MOV,2,ADD,4,ADD,4,MOVZX,3,TEST,2,1,1,1,0,0,JNE,0,0,1,0,0,0,ADD,0,0,4288536,4288546,4288540,0,0,0,1,c,3.1017738548261537e-07,0.0,0,1,0
0x41700f,JZ,19030,0,30,2,0x41700d,TEST,1,NonLeaf,al(MOVZX) al(MOVZX) ,rflags ,TEST,2,LEA,8,MOV,8,MOVZX,8,CALL_NEAR,5,MOV,3,NOP,4,CMP,2,JZ,2,MOV,2,0,1,1,0,0,JNE,0,0,1,0,0,0,NOP,0,0,4288501,4288557,4288529,0,0,1,0,c,1.0339246182753849e-07,0.0,0,1,0
0x416fbc,JNZ,6124,6124,35,2,0x416fb4,CMP,1,NonLeaf,rsp(-1) ,rflags ,CMP,8,JNZ,2,CMP,4,MOVZX,9,JZ,6,CMP,8,JNZ,2,CMP,8,JNZ,2,MOV,5,0,0,1,0,0,CALL,0,1,1,0,0,0,JNE,0,0,4288436,4288479,4288446,1,0,1,0,c,3.327248745306598e-08,1.0,1,0,1
0x416fb2,JNZ,19030,12906,45,2,0x416fae,CMP,1,NonLeaf,r13b(MOVZX) ,rflags ,CMP,4,MOVZX,9,JZ,6,CMP,8,MOV,7,CMP,8,JNZ,2,CMP,8,JNZ,2,CMP,8,0,1,1,0,0,CALL,0,1,1,0,0,0,JNE,0,0,4288421,4288479,4288436,0,0,1,0,c,1.0339246182753849e-07,0.6781923279033105,1,0,1
0x416f9f,JZ,19030,0,1729,6,0x416f97,CMP,1,NonLeaf,rsp(-1) ,rflags ,CMP,8,MOV,7,MOV,5,MOV,7,MOVZX,8,MOVZX,9,CMP,4,JNZ,2,CMP,8,JNZ,2,0,1,0,0,0,JMP,0,0,1,1,0,0,JNE,0,0,4288407,4290144,4288421,0,0,1,0,c,1.0339246182753849e-07,0.0,0,0,0
0x416cb5,JNBE,19030,19030,738,6,0x416cb3,CMP,1,NonLeaf,al(LEA) ,rflags ,CMP,2,LEA,3,MOVZX,8,MOV,3,JNZ,2,MOV,3,MOV,2,ADD,4,LEA,6,NOT,2,0,1,1,0,0,JE,0,0,1,0,0,0,MOV,0,0,4287653,4288407,4287675,0,0,0,0,c,1.0339246182753849e-07,1.0,1,0,1
0x416ca3,JNZ,76120,57090,-19,2,0x416ca1,TEST,1,NonLeaf,al(MOVZX) al(MOVZX) ,rflags ,TEST,2,MOVZX,3,ADD,4,ADD,4,MOV,2,MOV,3,MOVZX,8,LEA,3,CMP,2,JNBE,6,0,0,0,1,1,JE,0,0,0,1,0,0,JA,1,0,4287642,4287632,4287653,0,0,0,1,c,4.1356984731015386e-07,0.75,1,1,1
0x416c92,JZ,76120,32102,8,2,0x416c90,CMP,1,NonLeaf,al(-1) ,rflags ,CMP,2,NOP,5,MOV,3,JZ,2,TEST,2,MOV,2,ADD,4,ADD,4,MOVZX,3,TEST,2,1,1,1,0,0,JNE,0,0,1,0,0,0,ADD,0,0,4287632,4287642,4287636,0,0,0,1,c,4.1356984731015386e-07,0.4217288491854966,0,1,0
0x416c86,JZ,19030,0,31,2,0x416c84,TEST,1,NonLeaf,al(MOVZX) al(MOVZX) ,rflags ,TEST,2,MOV,3,MOV,8,MOVZX,8,CALL_NEAR,5,MOV,3,NOP,5,CMP,2,JZ,2,MOV,2,0,1,1,0,0,JA,0,0,1,0,0,0,NOP,0,0,4287601,4287653,4287624,0,0,1,0,c,1.0339246182753849e-07,0.0,0,1,0
0x416c17,JZ,2,0,3153,6,0x416c0f,CMP,1,NonLeaf,rip(JZ) ,rflags ,CMP,8,JZ,6,CMP,8,CALL_NEAR,5,MOV,5,MOV,6,MOV,11,MOV,10,MOV,6,MOV,8,0,1,0,0,0,CALL,0,1,1,0,0,0,MOV,0,0,4287503,4290664,4287517,0,0,1,1,c,1.0866259782190064e-11,0.0,0,0,0
0x416c09,JZ,2,0,3258,6,0x416c01,CMP,1,NonLeaf,rip(JZ) ,rflags ,CMP,8,CALL_NEAR,5,MOV,5,XOR,2,CALL_NEAR,5,CMP,8,JZ,6,MOV,6,MOV,11,MOV,10,0,1,0,0,0,CALL,0,1,1,0,0,0,JE,0,0,4287489,4290755,4287503,0,0,1,0,c,1.0866259782190064e-11,0.0,0,0,0
0x416b91,JLE,2,0,173,6,0x416b8e,TEST,1,NonLeaf,r12d(MOV) r12d(MOV) ,rflags ,TEST,3,MOV,7,JNZ,6,CMPSB,2,MOV,3,MOV,7,LEA,8,MOV,3,CALL_NEAR,5,MOV,7,0,1,0,0,0,JMP,0,0,1,0,0,0,CALL,0,1,4287367,4287550,4287383,0,0,1,1,c,1.0866259782190064e-11,0.0,0,0,0
0x416b81,JNZ,2,0,2799,6,0x416b7f,CMPSB,0,NonLeaf,rsi(-1) rdi(-1) rcx(-1) rflags(-1) ,rsi rdi rcx rflags ,CMPSB,2,MOV,3,MOV,5,MOV,5,JZ,6,MOV,7,TEST,3,JLE,6,MOV,7,LEA,8,0,1,0,0,0,MOV,0,0,1,0,0,0,JLE,0,0,4287361,4290160,4287367,0,0,0,0,c,1.0866259782190064e-11,0.0,0,0,0
0x416b6c,JZ,2,0,244,6,0x416b6a,CMPSB,0,NonLeaf,rsi(-1) rdi(-1) rcx(-1) rflags(-1) ,rsi rdi rcx rflags ,CMPSB,2,MOV,3,MOV,5,MOV,5,JZ,6,MOV,5,MOV,5,MOV,3,CMPSB,2,JNZ,6,0,0,0,0,0,CALL,1,1,1,0,0,0,MOV,0,0,4287340,4287584,4287346,0,0,1,0,c,1.0866259782190064e-11,0.0,0,0,0
0x416b57,JZ,19032,19030,265,6,0x416b55,CMPSB,0,NonLeaf,rsi(-1) rdi(-1) rcx(-1) rflags(-1) ,rsi rdi rcx rflags ,CMPSB,2,MOV,3,MOV,5,MOV,5,MOV,8,MOV,5,MOV,5,MOV,3,CMPSB,2,JZ,6,0,1,0,0,0,CALL,1,1,1,0,0,0,MOV,0,0,4287319,4287584,4287325,0,0,1,0,c,1.0340332808732065e-07,0.99989491382934,1,0,1
0x416b26,JNLE,19032,0,26,2,0x416b23,CMP,1,NonLeaf,ecx(SUB) ,rflags ,CMP,3,SUB,3,SBB,4,ADD,2,CMOVZ,4,MOV,5,MOV,5,SUB,2,MOVSXD,3,LEA,4,0,1,1,0,0,MOV,0,0,1,0,0,0,CALL,0,1,4287237,4287296,4287272,0,1,1,1,c,1.0340332808732065e-07,0.0,0,0,0
0x416b03,JZ,380604,361572,-21,2,0x416afe,AND,1,NonLeaf,eax(AND) ,eax rflags ,AND,5,AND,2,NOT,2,LEA,6,ADD,4,MOV,2,SHR,3,TEST,5,CMOVZ,3,LEA,4,1,1,1,1,1,JE,0,0,1,1,0,0,JG,0,0,4287214,4287214,4287237,0,1,0,0,c,2.0678709690703336e-06,0.9499952706750324,1,1,1
0x416ae5,JZ,19033,1,2976,6,0x416ae2,TEST,1,NonLeaf,rax(-1) rax(-1) ,rflags ,TEST,3,CALL_NEAR,5,MOV,3,MOV,5,MOV,5,MOV,3,MOV,2,ADD,4,LEA,6,NOT,2,0,1,0,0,0,JLE,1,0,1,0,0,0,MOV,0,0,4287202,4290181,4287211,0,0,0,0,c,1.0340876121721174e-07,5.254032469920664e-05,0,0,0
0x416a7f,JNZ,1000,999,-63,2,0x416a75,CMP,1,NonLeaf,rbx(ADD) ,rflags ,MOV,3,CMP,7,MOV,8,ADD,7,MOV,8,MOV,10,LEA,8,LEA,8,XOR,3,CALL_NEAR,5,0,0,0,1,1,CALL,0,1,1,0,0,0,MOV,1,0,4287062,4287040,4287105,0,0,1,1,c,5.433129891095032e-09,0.999,1,1,1
0x416a50,JZ,1000,0,3883,6,0x416a4a,TEST,1,NonLeaf,rax(-1) rax(-1) ,rflags ,MOV,3,TEST,3,CALL_NEAR,5,MOV,5,NOP,6,MOV,8,MOV,8,ADD,7,MOV,8,CMP,7,0,1,0,0,0,CALL,1,1,1,0,0,0,JNE,0,0,4287050,4290939,4287062,0,0,1,1,c,5.433129891095032e-09,0.0,0,0,0
0x416a33,JZ,1,0,88,2,0x416a2b,TEST,1,NonLeaf,edx(MOV) edx(MOV) ,rflags ,MOV,6,TEST,2,MOV,11,MOV,6,MOV,6,MOV,5,NOP,6,MOV,5,CALL_NEAR,5,TEST,3,0,1,0,0,0,CALL,0,1,1,0,0,0,NOP,0,0,4286996,4287115,4287029,0,0,1,0,c,5.433129891095032e-12,0.0,0,0,0
0x416a0e,JZ,1,1,3794,6,0x416a06,CMP,1,NonLeaf,rip(JZ) ,rflags ,CMP,8,JZ,6,CMP,8,CALL_NEAR,5,MOV,5,MOV,6,MOV,6,MOV,11,TEST,2,MOV,6,0,1,0,0,0,CALL,0,1,1,0,0,0,JE,0,0,4286982,4290784,4286996,0,0,1,1,c,5.433129891095032e-12,1.0,1,0,1
0x416a00,JZ,1,1,3932,6,0x4169f8,CMP,1,NonLeaf,rip(JZ) ,rflags ,CMP,8,CALL_NEAR,5,MOV,5,XOR,2,CALL_NEAR,5,CMP,8,JZ,6,MOV,6,MOV,6,MOV,11,0,1,0,0,0,CALL,0,1,1,0,0,0,JE,0,0,4286968,4290908,4286982,0,0,1,0,c,5.433129891095032e-12,1.0,1,0,1
0x4169d9,JZ,1,1,3642,6,0x4169d1,TEST,1,NonLeaf,rsi(-1) rsi(-1) ,rflags ,MOV,5,TEST,3,SUB,7,PUSH,1,PUSH,1,LEA,8,CALL_NEAR,5,XOR,2,MOV,5,CALL_NEAR,5,0,1,0,0,0,JMP,0,0,1,0,0,0,CALL,0,1,4286912,4290579,4286943,0,0,1,1,c,5.433129891095032e-12,1.0,1,0,1
0x453885,JZ,750126,0,430,6,0x453880,CMP,1,NonLeaf,rdi(-1) ,rflags ,CMP,5,SUB,4,MOV,3,PUSH,1,PUSH,1,MOVSXD,3,TEST,3,MOV,3,JLE,2,CMP,6,0,1,0,0,0,RET,1,0,1,0,0,0,JLE,0,0,4536432,4536883,4536459,0,0,1,0,c,4.075531992687552e-06,0.0,0,0,0
0x4527ff,JL,113952,10,49,2,0x4527f6,CMP,0,Leaf,rdi(-1) ecx(-1) ,rflags ,MOV,5,JNLE,2,CMP,2,MOV,2,JZ,2,MOVSXD,3,TEST,3,JLE,2,MOV,4,MOV,4,0,0,0,0,0,REPZ RET,0,0,1,0,0,0,JLE,0,0,4532218,4532272,4532225,0,0,0,0,c,6.191160173500611e-07,8.775624824487503e-05,0,0,0
0x4527d5,JNZ,341836,341836,19,2,0x4527d0,CMP,1,Leaf,rdi(-1) ,rflags ,CMP,5,INVALID,0,INVALID,0,INVALID,0,INVALID,0,XOR,2,CMP,5,SETNZ,3,NEG,2,RET_NEAR,1,0,1,0,0,0,JE,0,0,1,0,0,0,RET,0,0,4532176,4532200,4532183,0,0,0,0,c,1.8572393894523612e-06,1.0,1,0,1
0x4522e8,JBE,5,0,680,6,0x4522d4,UCOMISD,1,Leaf,xmm10(ADDSD) xmm1(-1) ,rflags ,ADDSD,5,MOVAPD,5,ADDSD,5,UCOMISD,5,MOVAPD,5,UCOMISD,5,MOVAPD,5,JBE,6,UCOMISD,5,JBE,6,0,1,0,0,0,JMP,0,0,1,1,0,0,JBE,0,0,4530731,4531600,4530926,0,0,0,0,c,2.7165649455475163e-11,0.0,0,0,0
0x415053,JL,17828,16626,-387,6,0x415050,CMP,1,NonLeaf,edi(MOV) r12d(LEA) ,rflags ,CMP,3,MOV,3,MOV,3,LEA,4,JL,2,ADD,4,POP,1,POP,1,POP,2,POP,2,0,0,0,1,1,CALL,0,1,0,1,0,0,RET,1,0,4280394,4280016,4280409,0,0,1,0,c,9.686183969844225e-08,0.9325779672425398,1,1,1
0x415044,JL,28106,20848,-76,2,0x415041,CMP,1,NonLeaf,r12d(ADD) r14d(-1) ,rflags ,CMP,3,ADD,7,ADD,4,JNB,2,UCOMISD,4,LEA,4,MOV,3,MOV,3,CMP,3,JL,6,0,0,0,0,0,MOV,0,0,0,1,0,0,LEA,1,0,4280374,4280312,4280390,0,0,0,0,c,1.52703548719117e-07,0.7417633245570341,1,1,1
0x415034,JNB,36802,8696,-119,2,0x415030,UCOMISD,1,NonLeaf,xmm4(-1) xmm0(-1) ,rflags ,UCOMISD,4,NOP,4,JMP,5,MOVZX,3,SETZ,3,ADD,4,ADD,7,CMP,3,JL,2,LEA,4,0,0,0,0,0,JG,0,0,1,0,0,0,JL,0,0,4280368,4280253,4280374,0,0,0,0,c,1.9995004625207938e-07,0.2362915058964186,0,0,0
0x415015,JNZ,153766,0,-197,6,0x41500f,TEST,1,NonLeaf,rsi(MOV) r10(MOVSX) ,rflags ,TEST,6,MOVSX,4,MOVZX,3,MOV,3,ADD,3,AND,3,CMP,3,SETZ,3,MOVZX,3,JMP,5,1,1,0,0,0,MOVZX,0,0,1,0,0,0,JMP,0,0,4280322,4280144,4280347,0,0,0,0,c,8.354306508341188e-07,0.0,0,0,0
0x414ff6,JNL,125660,10570,80,2,0x414ff3,CMP,1,NonLeaf,r12d(ADD) r14d(-1) ,rflags ,CMP,3,ADD,7,ADD,4,NOP,3,MOV,4,MOV,7,MOV,3,ADD,3,MOV,3,MOVZX,3,0,0,1,0,0,LEA,1,0,0,0,0,0,MOV,0,0,4280296,4280390,4280312,0,0,0,0,c,6.827271021150018e-07,0.0841158682158204,0,1,0
0x414fca,JNLE,18050,0,30,2,0x414fc6,CMP,1,NonLeaf,rbx(-1) ,rflags ,CMP,4,JNLE,2,CMP,3,MOVSXD,4,JB,2,LEA,3,MOV,3,MOV,5,MOVSXD,4,LEA,3,0,0,1,0,0,JGE,0,0,1,0,0,0,NOP,0,0,4280262,4280296,4280268,0,0,0,1,c,9.806799453426535e-08,0.0,0,0,0
0x414fc4,JNLE,18050,0,36,2,0x414fc1,CMP,1,NonLeaf,edx(MOVSXD) ,rflags ,CMP,3,MOVSXD,4,JB,2,UCOMISD,4,JZ,2,CMP,4,JNLE,2,LEA,3,MOV,3,MOV,5,0,0,1,0,0,JGE,0,0,1,0,0,0,JG,0,0,4280253,4280296,4280262,0,0,0,0,c,9.806799453426535e-08,0.0,0,0,0
0x414fbb,JB,116964,107610,45,2,0x414fb7,UCOMISD,1,NonLeaf,xmm3(-1) xmm0(-1) ,rflags ,UCOMISD,4,JZ,2,OR,3,JP,6,UCOMISD,4,MOVSXD,4,CMP,3,JNLE,2,CMP,4,JNLE,2,0,0,1,0,0,JGE,0,0,0,0,0,0,JG,0,0,4280247,4280296,4280253,0,0,0,0,c,6.354806045820394e-07,0.9200266748743204,1,0,1
0x414fb5,JZ,153766,36802,123,2,0x414fb2,OR,1,NonLeaf,edx(OR) r15d(-1) ,edx rflags ,OR,3,JP,6,UCOMISD,4,SQRTSD,4,ADDSD,4,UCOMISD,4,JB,2,MOVSXD,4,CMP,3,JNLE,2,0,1,0,0,0,JAE,0,0,1,0,0,0,JB,0,0,4280242,4280368,4280247,0,0,0,0,c,8.354306508341188e-07,0.2393376949390632,0,1,0
0x414fac,JP,153766,0,214,6,0x414fa8,UCOMISD,1,NonLeaf,xmm0(SQRTSD) xmm0(SQRTSD) ,rflags ,UCOMISD,4,SQRTSD,4,ADDSD,4,ADDSD,4,MULSD,4,OR,3,JZ,2,UCOMISD,4,JB,2,MOVSXD,4,0,1,0,0,0,CALL,0,1,1,1,0,0,JE,0,0,4280160,4280450,4280242,0,0,1,0,c,8.354306508341188e-07,0.0,0,0,0
0x414f37,JNL,17828,0,275,6,0x414f34,CMP,1,NonLeaf,r8d(LEA) r14d(-1) ,rflags ,CMP,3,LEA,7,LEA,4,SETZ,4,CMP,3,MOV,3,MOV,3,JMP,5,NOP,8,MOVZX,4,0,1,1,0,0,JL,0,0,1,0,0,0,JMP,0,0,4280105,4280394,4280125,0,0,0,0,c,9.686183969844225e-08,0.0,0,1,0
0x414f12,JZ,17828,17828,350,6,0x414f0c,TEST,1,NonLeaf,rsi(MOV) r8(MOVSX) ,rflags ,TEST,6,MOVSX,4,MOVZX,3,MOVSD_XMM,6,MOV,4,MOVZX,4,XOR,3,AND,3,CMP,3,SETZ,4,0,1,0,0,0,JMP,0,0,1,0,0,0,SETE,0,0,4280043,4280432,4280088,0,0,0,0,c,9.686183969844225e-08,1.0,1,0,1
0x414ec1,JNL,1202,0,408,6,0x414eb6,CMP,1,NonLeaf,edi(XOR) r12d(LEA) ,rflags ,MOVSD_XMM,8,CMP,3,MOVSD_XMM,8,XOR,3,XOR,2,NOP,9,MOV,7,MOVSD_XMM,6,MOV,4,MOVSD_XMM,5,0,1,1,0,0,RET,0,0,1,0,0,0,NOP,0,0,4279973,4280409,4280007,0,0,0,0,c,6.530622129096229e-09,0.0,0,1,0
0x414ea3,JNZ,19030,17828,-19,2,0x414e96,CMP,1,NonLeaf,rax(ADD) rcx(-1) ,rflags ,MOV,3,MOV,7,CMP,3,ADD,6,NOP,3,LEA,4,XOR,2,XOR,3,MOVSD_XMM,8,CMP,3,1,1,0,0,0,ADD,0,0,0,1,0,0,JGE,1,0,4279958,4279952,4279973,1,0,0,0,c,1.0339246182753849e-07,0.9368365738307934,1,1,1
0x414e68,JLE,1202,0,61,2,0x414e65,TEST,1,NonLeaf,r14d(MOV) r14d(MOV) ,rflags ,TEST,3,MOV,7,SUB,4,PUSH,1,PUSH,1,LEA,4,MOV,7,LEA,4,LEA,7,LEA,4,0,1,1,0,0,JGE,0,0,1,0,0,0,JMP,0,0,4279888,4279973,4279914,0,0,0,0,c,6.530622129096229e-09,0.0,0,0,0
0x414b48,JZ,310253,0,11,2,0x414b45,TEST,1,NonLeaf,rax(-1) rax(-1) ,rflags ,TEST,3,CALL_NEAR,5,SHL,4,MOVSXD,3,LEA,3,SHL,4,SUB,3,POP,1,RET_NEAR,1,MOV,5,0,1,0,0,0,CALL,0,1,1,0,0,0,RET,0,0,4279109,4279123,4279114,0,1,1,0,c,1.685644848101907e-06,0.0,0,0,0
0x414af2,JZ,7,0,16,2,0x414aef,TEST,1,NonLeaf,rax(-1) rax(-1) ,rflags ,TEST,3,CALL_NEAR,5,SUB,4,LEA,8,MOV,3,SHL,4,ADD,4,SUB,3,POP,1,POP,1,0,1,0,0,0,CALL,0,1,1,0,0,0,RET,0,0,4279023,4279042,4279028,0,1,1,0,c,3.803190923766522e-11,0.0,0,0,0
0x40f427,JNZ,1,1,-12144,6,0x40f421,TEST,1,NonLeaf,rax(-1) rax(-1) ,rflags ,MOV,3,TEST,3,CALL_NEAR,5,MOV,3,MOV,5,MOV,3,MOV,5,CALL_NEAR,5,JMP,5,NOP,1,0,0,1,0,0,CALL,0,1,1,0,0,0,CALL,0,1,4256801,4244663,4256813,0,0,1,1,c,5.433129891095032e-12,1.0,1,0,1
0x40ece5,JNZ,1,1,-1762,6,0x40ece2,CMP,1,NonLeaf,eax(-1) ,rflags ,CMP,3,CALL_NEAR,5,MOV,3,JMP,5,CALL_NEAR,5,MOV,5,CALL_NEAR,5,JMP,5,MOV,8,MOV,4,0,0,1,0,0,JE,0,0,1,0,0,0,CALL,0,1,4254946,4253187,4254955,0,0,0,1,c,5.433129891095032e-12,1.0,1,0,1
0x40ecbb,JNZ,1,0,-9720,6,0x40ecb9,TEST,1,NonLeaf,eax(-1) eax(-1) ,rflags ,TEST,2,CALL_NEAR,5,JZ,6,TEST,2,MOV,7,LEA,7,MOV,5,MOV,3,CALL_NEAR,5,JMP,5,0,0,1,0,0,CALL,0,1,1,0,0,0,CALL,0,1,4254905,4245187,4254913,0,0,1,1,c,5.433129891095032e-12,0.0,0,0,0
0x40ecae,JZ,1,0,-9707,6,0x40ecac,TEST,1,NonLeaf,eax(MOV) eax(MOV) ,rflags ,TEST,2,MOV,7,CALL_NEAR,5,XOR,2,MOV,4,CALL_NEAR,5,TEST,2,JNZ,6,LEA,7,MOV,5,0,0,1,0,0,CALL,0,1,0,0,0,0,CALL,0,1,4254885,4245187,4254900,0,0,1,1,c,5.433129891095032e-12,0.0,0,0,0
0x40eb61,JNZ,1,0,-9389,6,0x40eb5f,TEST,1,NonLeaf,eax(-1) eax(-1) ,rflags ,TEST,2,CALL_NEAR,5,CALL_NEAR,5,MOV,3,MOV,5,LEA,4,LEA,4,LEA,4,LEA,4,LEA,4,0,0,0,0,0,JNE,0,0,0,0,0,0,CALL,0,1,4254559,4245172,4254567,0,0,0,1,c,5.433129891095032e-12,0.0,0,0,0
0x40eb47,JZ,1,0,-9376,6,0x40eb45,TEST,1,NonLeaf,eax(MOV) eax(MOV) ,rflags ,TEST,2,MOV,7,CALL_NEAR,5,MOV,5,MOV,3,MOV,5,MOV,3,CALL_NEAR,5,CALL_NEAR,5,TEST,2,0,0,0,0,0,CALL,0,1,0,0,0,0,CALL,0,1,4254526,4245159,4254541,0,0,1,1,c,5.433129891095032e-12,0.0,0,0,0
0x40eb24,JNZ,1,0,-9356,6,0x40eb22,TEST,1,NonLeaf,eax(-1) eax(-1) ,rflags ,TEST,2,CALL_NEAR,5,MOV,11,CALL_NEAR,5,XOR,2,MOV,7,MOV,3,MOV,5,CALL_NEAR,5,MOV,7,0,0,0,0,0,JNE,0,0,0,0,0,0,CALL,0,1,4254498,4245144,4254506,0,0,0,1,c,5.433129891095032e-12,0.0,0,1,0
0x40eae8,JNZ,1,0,-24,2,0x40eae5,CMP,1,NonLeaf,eax(-1) ,rflags ,CMP,3,CALL_NEAR,5,NOP,4,MOV,3,JZ,6,JMP,5,MOV,11,MOV,7,CALL_NEAR,5,CALL_NEAR,5,0,1,0,0,0,JE,0,0,1,0,0,0,JMP,1,0,4254437,4254416,4254442,0,0,0,0,c,5.433129891095032e-12,0.0,0,1,0
0x40eac8,JNZ,1,0,-24,2,0x40eac5,CMP,1,NonLeaf,eax(-1) ,rflags ,CMP,3,CALL_NEAR,5,NOP,4,MOV,3,JZ,6,JMP,5,NOP,1,CMP,3,JZ,6,MOV,3,0,1,0,0,0,JE,0,0,1,0,0,0,JMP,1,0,4254405,4254384,4254410,0,0,0,0,c,5.433129891095032e-12,0.0,0,1,0
0x40eaa3,JNZ,19030,0,-25,2,0x40eaa1,TEST,1,NonLeaf,eax(-1) eax(-1) ,rflags ,TEST,2,CALL_NEAR,5,JLE,6,CMP,3,ADD,4,JMP,2,NOP,9,CMP,3,JZ,6,MOV,3,0,1,1,0,0,JLE,0,0,1,0,0,0,JMP,0,0,4254369,4254346,4254373,0,0,0,0,c,1.0339246182753849e-07,0.0,0,0,0
0x40ea96,JLE,19030,1,-1407,6,0x40ea93,CMP,1,NonLeaf,rbx(-1) eax(LEA) ,rflags ,CMP,3,ADD,4,LEA,5,CALL_NEAR,5,XOR,2,CALL_NEAR,5,TEST,2,JNZ,2,JMP,2,NOP,9,0,0,1,0,0,CALL,1,1,0,0,1,1,CALL,0,1,4254346,4252951,4254364,0,0,1,1,c,1.0339246182753849e-07,5.254860746190226e-05,0,0,0
0x40e9be,JNZ,19031,19030,-62,2,0x40e9bb,TEST,1,NonLeaf,rax(-1) rax(-1) ,rflags ,TEST,3,CALL_NEAR,5,XOR,2,MOV,3,MOV,3,ADD,7,XOR,2,POP,1,POP,1,POP,2,0,1,0,0,0,MOVSD,0,0,1,1,0,0,RET,1,0,4254139,4254080,4254144,0,0,1,0,c,1.0339789495742957e-07,0.9999474541537492,1,0,1
0x40e951,JNLE,19029,19028,-81,2,0x40e94e,CMP,1,NonLeaf,eax(LEA) r9d(ADD) ,rflags ,CMP,3,ADD,4,ADD,4,ADD,4,LEA,3,MOV,8,XOR,2,CALL_NEAR,5,MOV,8,XOR,2,0,0,0,1,1,JLE,0,0,0,1,0,0,CALL,1,1,4254015,4253952,4254035,0,0,0,1,c,1.0338702869764736e-07,0.9999474486310368,1,1,1
0x40e93a,JNLE,50022,34070,-34,2,0x40e938,CMP,1,NonLeaf,rdi(-1) eax(ADD) ,rflags ,CMP,2,MOV,4,MOV,3,MOV,7,LEA,3,MOV,3,LEA,3,ADD,4,ADD,4,ADD,4,1,1,1,1,1,JG,0,0,1,1,0,0,MOV,0,0,4253976,4253976,4254012,1,0,1,0,c,2.717760234123557e-07,0.6811003158610212,1,1,1
0x40e904,JLE,19029,3077,59,2,0x40e902,TEST,1,NonLeaf,eax(MOV) eax(MOV) ,rflags ,TEST,2,MOV,2,NOP,8,XOR,3,MOV,8,MOV,7,MOV,3,XOR,2,NOP,6,MOVSXD,8,1,1,1,0,0,JG,0,0,1,0,0,0,NOP,0,0,4253952,4254015,4253958,0,0,0,0,c,1.0338702869764736e-07,0.1617005622996479,0,0,0
0x40e8e4,JLE,1,0,111,2,0x40e8e1,CMP,1,NonLeaf,edx(MOV) ,rflags ,CMP,3,MOV,11,MOV,3,JL,2,CMP,3,MOV,7,MOV,8,XOR,3,NOP,8,MOV,2,0,1,1,0,0,CALL,1,1,1,0,0,0,NOP,0,0,4253907,4254035,4253926,0,0,1,0,c,5.433129891095032e-12,0.0,0,0,0
0x40e8d1,JL,23546,23545,-105,2,0x40e8ce,CMP,1,NonLeaf,eax(LEA) r12d(-1) ,rflags ,CMP,3,ADD,4,LEA,3,MOV,5,CDQE,2,MOV,3,MOV,11,CMP,3,JLE,2,MOV,7,0,0,0,1,1,JS,0,0,0,1,0,0,JLE,1,0,4253895,4253800,4253907,0,0,0,1,c,1.2792847641572362e-07,0.9999575299413912,1,1,1
0x40e883,JL,21728,6880,68,2,0x40e87e,CMP,1,NonLeaf,rbp(-1) rcx(-1) ,rflags ,CMP,5,JS,2,SUB,2,MOV,2,IMUL,3,MOV,3,SAR,4,MOV,7,IMUL,3,SUB,3,0,0,1,0,0,JL,0,0,1,0,0,0,MOV,0,0,4253822,4253895,4253829,1,0,0,1,c,1.1805104627371287e-07,0.3166421207658321,0,0,0
0x40e87c,JS,23546,1818,75,2,0x40e87a,SUB,1,NonLeaf,esi(SUB) edi(SAR) ,esi rflags ,SUB,2,MOV,2,IMUL,3,SAR,3,MOV,2,CMP,5,JL,2,MOV,3,SAR,4,MOV,7,1,1,1,0,0,JL,0,0,1,0,0,0,JL,0,0,4253800,4253895,4253822,0,0,0,0,c,1.2792847641572362e-07,0.0772105665505818,0,1,0
0x40e83a,JLE,1,0,153,6,0x40e837,TEST,1,NonLeaf,r12d(MOV) r12d(MOV) ,rflags ,TEST,3,MOV,4,JL,2,CMP,3,ADD,4,MOV,7,MOV,7,XOR,2,MOV,7,MOV,8,0,1,1,0,0,JLE,0,0,1,0,0,0,NOP,0,0,4253747,4253907,4253760,0,0,1,0,c,5.433129891095032e-12,0.0,0,0,0
0x40e831,JL,38658,38657,-105,2,0x40e82e,CMP,1,NonLeaf,eax(LEA) r12d(-1) ,rflags ,CMP,3,ADD,4,LEA,3,MOV,5,CDQE,2,MOV,4,TEST,3,JLE,6,MOV,7,MOV,7,0,0,0,1,1,JS,0,0,0,1,0,0,JLE,1,0,4253735,4253640,4253747,0,0,0,0,c,2.1003393532995175e-07,0.9999741321330644,1,1,1
0x40e7e3,JL,36502,1328,68,2,0x40e7de,CMP,1,NonLeaf,rbp(-1) rcx(-1) ,rflags ,CMP,5,JS,2,SUB,2,MOV,2,IMUL,3,MOV,3,SAR,4,MOV,7,IMUL,3,SUB,3,0,0,1,0,0,JL,0,0,1,0,0,0,MOV,0,0,4253662,4253735,4253669,1,0,0,1,c,1.983201072847509e-07,0.0363815681332529,0,0,0
0x40e7dc,JS,38658,2156,75,2,0x40e7da,SUB,1,NonLeaf,esi(SUB) edi(SAR) ,esi rflags ,SUB,2,MOV,2,IMUL,3,SAR,3,MOV,2,CMP,5,JL,2,MOV,3,SAR,4,MOV,7,1,1,1,0,0,JL,0,0,1,0,0,0,JL,0,0,4253640,4253735,4253662,0,0,0,0,c,2.1003393532995175e-07,0.0557711211133529,0,1,0
0x40e799,JLE,1,0,154,6,0x40e796,TEST,1,NonLeaf,r12d(MOV) r12d(MOV) ,rflags ,TEST,3,MOV,4,JNLE,2,CMP,3,ADD,4,MOV,7,MOV,7,XOR,2,MOV,7,MOV,8,0,1,1,0,0,JLE,0,0,1,0,0,0,NOP,0,0,4253586,4253747,4253599,0,0,0,0,c,5.433129891095032e-12,0.0,0,0,0
0x40e790,JNLE,19030,19029,-16,2,0x40e78d,CMP,1,NonLeaf,rbx(-1) eax(ADD) ,rflags ,CMP,3,ADD,4,ADD,3,MOV,6,NOP,7,MOV,4,TEST,3,JLE,6,MOV,7,MOV,7,1,1,1,1,1,JG,0,0,0,1,0,0,JLE,1,0,4253568,4253568,4253586,1,0,1,0,c,1.0339246182753849e-07,0.999947451392538,1,1,1
0x40e766,JNLE,19030,19029,-22,2,0x40e764,CMP,1,NonLeaf,eax(-1) edx(ADD) ,rflags ,CMP,2,ADD,4,MOVSD_XMM,5,MOVSD_XMM,7,MOVSXD,4,MOV,3,CALL_NEAR,5,MOV,7,XOR,2,NOP,7,1,1,1,1,1,JG,0,0,1,1,0,0,CALL,1,1,4253520,4253520,4253544,1,0,1,1,c,1.0339246182753849e-07,0.999947451392538,1,1,1
0x40e733,JLE,1,0,5037,6,0x40e731,TEST,1,NonLeaf,eax(MOV) eax(MOV) ,rflags ,TEST,2,MOV,3,JNLE,6,CMP,2,MOVSD_XMM,7,MOV,7,MOV,7,XOR,2,NOP,7,MOVSXD,4,0,1,0,0,0,CALL,1,1,1,0,0,0,NOP,0,0,4253486,4258528,4253497,0,0,1,0,c,5.433129891095032e-12,0.0,0,0,0
0x40e728,JNLE,13,12,-164,6,0x40e726,CMP,1,NonLeaf,eax(MOV) ebp(ADD) ,rflags ,CMP,2,MOVSD_XMM,7,DIVSD,8,MULSD,4,MULSD,4,MOV,3,TEST,2,JLE,6,MOV,7,MOV,7,0,0,0,1,1,JP,0,0,0,1,0,0,JLE,1,0,4253424,4253316,4253486,1,0,0,0,c,7.063068858423542e-11,0.9230769230769232,1,1,1
0x40e6ea,JP,13,0,9999,6,0x40e6e6,UCOMISD,1,NonLeaf,xmm2(SQRTSD) xmm2(SQRTSD) ,rflags ,UCOMISD,4,SQRTSD,4,DIVSD,6,MOVAPD,4,JP,6,MULSD,4,MOV,7,ADD,3,MULSD,4,ADD,4,0,1,0,0,0,CALL,0,1,1,1,0,0,JG,0,0,4253400,4263417,4253424,0,1,1,1,c,7.063068858423542e-11,0.0,0,0,0
0x40e6d2,JP,13,0,9912,6,0x40e6ce,UCOMISD,1,NonLeaf,xmm3(SQRTSD) xmm3(SQRTSD) ,rflags ,UCOMISD,4,SQRTSD,4,DIVSD,4,JNP,2,UCOMISD,4,MOVAPD,4,DIVSD,6,SQRTSD,4,UCOMISD,4,JP,6,0,1,0,0,0,CALL,0,1,1,1,0,0,JP,0,0,4253382,4263306,4253400,0,0,1,0,c,7.063068858423542e-11,0.0,0,0,0
0x40e6c4,JNP,13,13,-92,2,0x40e6c0,UCOMISD,1,NonLeaf,xmm2(MOVSD_XMM) xmm1(-1) ,rflags ,UCOMISD,4,MOVSD_XMM,6,MOV,7,JZ,2,JP,2,DIVSD,4,SQRTSD,4,UCOMISD,4,JP,6,MOVAPD,4,0,1,0,0,0,JNE,0,0,1,0,0,0,JP,0,0,4253363,4253288,4253382,0,0,0,0,c,7.063068858423542e-11,1.0,1,1,1
0x40e6b1,JZ,14,1,-71,2,0x40e6ab,UCOMISD,0,NonLeaf,xmm0(-1) xmm1(-1) ,rflags ,JP,2,UCOMISD,4,MOVSD_XMM,6,MOVSXD,3,SUB,4,MOV,7,MOVSD_XMM,6,UCOMISD,4,JNP,2,DIVSD,4,0,0,0,0,0,JLE,0,0,0,0,0,0,JNP,0,0,4253361,4253290,4253363,0,0,1,0,c,7.606381847533045e-11,0.0714285714285714,0,1,0
0x40e6af,JP,14,0,4,2,0x40e6ab,UCOMISD,1,NonLeaf,xmm0(MOVSD_XMM) xmm1(-1) ,rflags ,UCOMISD,4,MOVSD_XMM,6,MOVSXD,3,SUB,4,MOV,7,JZ,2,MOV,7,MOVSD_XMM,6,UCOMISD,4,JNP,2,1,1,0,0,0,JNP,0,0,1,0,0,0,JE,0,0,4253316,4253363,4253361,0,0,0,0,c,7.606381847533045e-11,0.0,0,0,0
0x40e67e,JLE,1,0,176,6,0x40e67c,CMP,1,NonLeaf,eax(MOV) ebp(ADD) ,rflags ,CMP,2,ADD,4,MOV,8,ADD,3,MOV,3,ADD,3,MOV,7,IMUL,3,CDQE,2,MOV,4,0,0,1,0,0,JLE,1,0,0,0,1,1,JP,0,0,4253290,4253486,4253316,0,1,0,0,c,5.433129891095032e-12,0.0,0,0,0
0x40e668,JNZ,13,13,94,2,0x40e637,XOR,0,NonLeaf,ebp(-1) ebp(-1) ,ebp rflags ,NOP,7,JMP,2,MOVSD_XMM,8,MOVSD_XMM,8,MOVSD_XMM,8,MOV,3,ADD,3,MOV,8,ADD,4,CMP,2,0,0,0,0,0,JP,0,0,0,0,0,0,JLE,0,0,4253288,4253382,4253290,0,1,0,1,c,7.063068858423542e-11,1.0,1,1,1
0x40e62e,JLE,1,0,256,6,0x40e62c,TEST,1,NonLeaf,ecx(-1) ecx(-1) ,rflags ,TEST,2,JZ,6,MOV,3,MOV,2,TEST,3,MOV,3,XOR,2,MOV,2,XORPD,4,MOVSD_XMM,8,0,1,1,0,0,JLE,0,0,1,0,0,0,JMP,0,0,4253228,4253486,4253236,0,0,0,0,c,5.433129891095032e-12,0.0,0,0,0
0x40e626,JZ,1,0,7560,6,0x40e61e,TEST,1,NonLeaf,rax(-1) rax(-1) ,rflags ,MOV,3,MOV,2,TEST,3,CALL_NEAR,5,MOV,3,TEST,2,JLE,6,MOV,3,XOR,2,MOV,2,0,1,0,0,0,CALL,0,1,0,1,0,0,JLE,0,0,4253214,4260782,4253228,0,0,1,0,c,5.433129891095032e-12,0.0,0,0,0
0x40e610,JZ,1,0,4705,6,0x40e60d,TEST,1,NonLeaf,r12(SHL) r12(SHL) ,rflags ,TEST,3,SHL,4,MOVSXD,3,MOV,3,JZ,6,MOV,3,CALL_NEAR,5,TEST,3,MOV,2,MOV,3,0,1,0,0,0,JMP,0,0,1,0,0,0,CALL,0,1,4253187,4257905,4253206,0,0,0,1,c,5.433129891095032e-12,0.0,0,0,0
0x40e5fd,JZ,1,1,1757,6,0x40e5fb,TEST,1,NonLeaf,eax(-1) eax(-1) ,rflags ,TEST,2,CALL_NEAR,5,JNLE,2,MOVSD_XMM,8,MAXSD,4,MOV,3,MOVSXD,3,SHL,4,TEST,3,JZ,6,0,1,0,0,0,CALL,0,1,1,1,0,0,JE,0,0,4253179,4254938,4253187,0,0,1,0,c,5.433129891095032e-12,1.0,1,0,1
0x40e5f4,JNLE,19030,19029,-36,2,0x40e5e6,CMP,1,NonLeaf,edx(-1) eax(ADD) ,rflags ,MOVSD_XMM,8,MAXSD,4,CMP,2,ADD,4,MULSD,5,CALL_NEAR,5,TEST,2,JZ,6,MOV,3,MOVSXD,3,1,1,0,0,0,MOVAPD,0,0,0,1,0,0,CALL,1,1,4253140,4253136,4253174,0,0,0,1,c,1.0339246182753849e-07,0.999947451392538,1,1,1
0x40e5ac,JLE,1,0,74,2,0x40e5a2,TEST,1,NonLeaf,edx(MOV) edx(MOV) ,rflags ,MOVSD_XMM,8,TEST,2,XORPD,4,MOV,3,CALL_NEAR,5,MOV,7,XOR,2,MOV,7,MOVSD_XMM,8,JMP,2,0,0,1,0,0,CALL,0,1,1,0,0,0,JMP,0,0,4253083,4253174,4253102,0,0,1,0,c,5.433129891095032e-12,0.0,0,0,0
0x40e58e,JZ,1,1,1355,6,0x40e58c,TEST,1,NonLeaf,eax(-1) eax(-1) ,rflags ,TEST,2,CALL_NEAR,5,JNLE,2,CMP,3,ADD,4,XOR,2,CALL_NEAR,5,MOV,3,XORPD,4,TEST,2,0,1,0,1,0,CALL,0,1,1,0,0,0,XOR,0,0,4253068,4254425,4253076,0,0,1,0,c,5.433129891095032e-12,1.0,1,0,1
0x40e585,JNLE,19030,19029,-47,2,0x40e582,CMP,1,NonLeaf,rbx(-1) eax(LEA) ,rflags ,CMP,3,ADD,4,LEA,5,CALL_NEAR,5,XOR,2,CALL_NEAR,5,TEST,2,JZ,6,XOR,2,CALL_NEAR,5,0,0,0,1,1,CALL,0,1,0,1,0,0,CALL,1,1,4253049,4253014,4253063,0,0,1,1,c,1.0339246182753849e-07,0.999947451392538,1,1,1
0x40e55d,JNZ,19030,0,-21,2,0x40e55b,TEST,1,NonLeaf,eax(-1) eax(-1) ,rflags ,TEST,2,CALL_NEAR,5,JLE,2,CMP,3,ADD,4,MOV,7,MOV,5,MOV,3,LEA,4,XOR,2,0,1,0,0,0,JLE,0,0,1,0,0,0,CALL,0,1,4253019,4253000,4253023,0,0,0,1,c,1.0339246182753849e-07,0.0,0,0,0
0x40e540,JNLE,1,1,22,2,0x40e53e,TEST,1,NonLeaf,ecx(MOV) ecx(MOV) ,rflags ,TEST,2,MOV,3,CALL_NEAR,5,XOR,3,MOV,3,JMP,2,NOP,4,LEA,5,ADD,4,CMP,3,0,1,0,1,0,CALL,0,1,1,0,0,0,JMP,0,0,4252987,4253014,4252994,0,0,1,0,c,5.433129891095032e-12,1.0,1,0,1
0x40e51e,JZ,1,1,1435,6,0x40e51c,TEST,1,NonLeaf,eax(-1) eax(-1) ,rflags ,TEST,2,CALL_NEAR,5,JNLE,6,TEST,2,MOV,3,XOR,2,CALL_NEAR,5,MOV,5,MOV,3,XOR,3,0,1,0,1,0,CALL,0,1,1,0,0,0,XOR,0,0,4252956,4254393,4252964,0,0,1,0,c,5.433129891095032e-12,1.0,1,0,1
0x40e511,JNLE,1,1,1419,6,0x40e50f,TEST,1,NonLeaf,esi(MOV) esi(MOV) ,rflags ,TEST,2,MOV,3,CALL_NEAR,5,XOR,3,MOV,3,CALL_NEAR,5,TEST,2,JZ,6,XOR,2,CALL_NEAR,5,0,1,0,1,0,CALL,0,1,1,1,0,0,CALL,0,1,4252940,4254364,4252951,0,0,1,1,c,5.433129891095032e-12,1.0,1,0,1
0x40e4f6,JZ,1,0,3939,6,0x40e4f4,TEST,1,NonLeaf,edi(MOV) edi(MOV) ,rflags ,TEST,2,MOV,7,JZ,6,TEST,2,CALL_NEAR,5,MOV,5,MOV,3,XOR,3,CALL_NEAR,5,MOV,3,0,1,0,0,0,CALL,0,1,1,0,0,0,CALL,0,1,4252909,4256857,4252924,0,0,1,1,c,5.433129891095032e-12,0.0,0,0,0
0x40e4af,JZ,1,1,62,2,0x40e4a8,TEST,1,NonLeaf,r10d(MOV) r10d(MOV) ,rflags ,MOV,4,TEST,3,MOV,7,MOV,3,MOV,4,MOV,8,TEST,3,JNZ,6,CALL_NEAR,5,TEST,2,0,1,1,0,0,JE,0,0,1,0,0,0,JNE,0,0,4252826,4252909,4252849,0,0,0,0,c,5.433129891095032e-12,1.0,1,0,1
0x40e494,JZ,1,0,5821,6,0x40e48e,TEST,1,NonLeaf,rax(-1) rax(-1) ,rflags ,MOV,3,TEST,3,CALL_NEAR,5,MOV,5,MOV,10,MOV,4,MOV,3,MOV,7,TEST,3,MOV,4,0,1,0,0,0,CALL,0,1,1,1,0,0,JE,0,0,4252814,4258641,4252826,0,0,1,1,c,5.433129891095032e-12,0.0,0,0,0
0x40e474,JNZ,1,0,10437,6,0x40e471,TEST,1,NonLeaf,r11d(MOV) r11d(MOV) ,rflags ,TEST,3,MOV,4,JNLE,2,CMP,3,MOV,3,MOV,10,MOV,5,CALL_NEAR,5,TEST,3,MOV,3,0,1,0,0,0,CALL,1,1,1,1,0,0,CALL,0,1,4252781,4263225,4252794,0,0,1,1,c,5.433129891095032e-12,0.0,0,0,0
0x40e46b,JNLE,19030,19029,-27,2,0x40e468,CMP,1,NonLeaf,rbx(-1) edx(ADD) ,rflags ,CMP,3,MOV,3,ADD,4,CMOVZ,3,CMP,5,MOV,4,TEST,3,JNZ,6,MOV,10,MOV,5,1,1,1,1,1,JG,0,0,0,1,0,0,JNE,1,0,4252752,4252752,4252781,1,0,1,0,c,1.0339246182753849e-07,0.999947451392538,1,1,1
0x40e43c,JLE,1,0,49,2,0x40e439,TEST,1,NonLeaf,r12d(MOV) r12d(MOV) ,rflags ,TEST,3,MOV,4,CALL_NEAR,5,XOR,2,JNZ,2,MOV,7,MOV,7,XOR,2,XOR,2,MOVSXD,3,0,1,1,0,0,JNE,1,0,1,0,0,0,XOR,0,0,4252725,4252781,4252734,0,0,0,0,c,5.433129891095032e-12,0.0,0,0,0
0x40e42c,JNZ,1,0,-20,2,0x40e429,CMP,1,NonLeaf,eax(-1) ,rflags ,CMP,3,CALL_NEAR,5,MOV,3,JZ,6,CMP,3,XOR,2,CALL_NEAR,5,MOV,4,TEST,3,JLE,2,0,1,0,0,0,JE,0,0,0,0,0,0,XOR,1,0,4252713,4252696,4252718,0,0,0,0,c,5.433129891095032e-12,0.0,0,1,0
0x40e40e,JZ,1,1,19,2,0x40e40c,TEST,1,NonLeaf,eax(-1) eax(-1) ,rflags ,TEST,2,CALL_NEAR,5,JNLE,2,CMP,3,ADD,4,JMP,2,NOP,6,CMP,3,JZ,6,MOV,3,0,1,0,1,0,CALL,0,1,1,0,0,0,JMP,0,0,4252684,4252705,4252688,0,0,1,0,c,5.433129891095032e-12,1.0,1,0,1
0x40e405,JNLE,19030,19029,-47,2,0x40e402,CMP,1,NonLeaf,rbx(-1) eax(LEA) ,rflags ,CMP,3,ADD,4,LEA,5,CALL_NEAR,5,XOR,2,CALL_NEAR,5,TEST,2,JZ,2,JMP,2,NOP,6,0,0,0,1,1,CALL,0,1,0,1,0,0,CALL,1,1,4252665,4252630,4252679,0,0,1,1,c,1.0339246182753849e-07,0.999947451392538,1,1,1
0x40e3dd,JNZ,19030,0,-21,2,0x40e3db,TEST,1,NonLeaf,eax(-1) eax(-1) ,rflags ,TEST,2,CALL_NEAR,5,JLE,2,CMP,3,ADD,4,MOV,7,MOV,5,MOV,3,LEA,4,XOR,2,0,1,0,0,0,JLE,0,0,1,0,0,0,CALL,0,1,4252635,4252616,4252639,0,0,0,1,c,1.0339246182753849e-07,0.0,0,0,0
0x40e3c0,JNLE,1,1,22,2,0x40e3bd,TEST,1,NonLeaf,r13d(MOV) r13d(MOV) ,rflags ,TEST,3,XOR,3,MOV,4,JNZ,6,TEST,3,JMP,2,NOP,4,LEA,5,ADD,4,CMP,3,0,1,0,1,0,CALL,0,1,1,0,0,0,JMP,0,0,4252598,4252630,4252610,0,0,1,0,c,5.433129891095032e-12,1.0,1,0,1
0x40e3b0,JNZ,1,1,4978,6,0x40e3ad,TEST,1,NonLeaf,r14d(MOV) r14d(MOV) ,rflags ,TEST,3,MOV,8,CALL_NEAR,5,XOR,2,JNZ,2,MOV,4,XOR,3,TEST,3,JNLE,2,JMP,2,0,1,0,0,0,CALL,0,1,1,1,0,0,JG,0,0,4252581,4257570,4252598,0,0,1,0,c,5.433129891095032e-12,1.0,1,0,1
0x40e39c,JNZ,1,0,-20,2,0x40e399,CMP,1,NonLeaf,eax(-1) ,rflags ,CMP,3,CALL_NEAR,5,MOV,3,JZ,6,CMP,3,XOR,2,CALL_NEAR,5,MOV,8,TEST,3,JNZ,6,0,1,0,0,0,JE,0,0,0,0,0,0,XOR,1,0,4252569,4252552,4252574,0,0,0,0,c,5.433129891095032e-12,0.0,0,1,0
0x40e37e,JZ,1,1,19,2,0x40e37c,TEST,1,NonLeaf,eax(-1) eax(-1) ,rflags ,TEST,2,CALL_NEAR,5,JNLE,2,CMP,3,ADD,4,JMP,2,NOP,6,CMP,3,JZ,6,MOV,3,0,1,0,1,0,CALL,0,1,1,0,0,0,JMP,0,0,4252540,4252561,4252544,0,0,1,0,c,5.433129891095032e-12,1.0,1,0,1
0x40e375,JNLE,19030,19029,-47,2,0x40e372,CMP,1,NonLeaf,rbx(-1) eax(LEA) ,rflags ,CMP,3,ADD,4,LEA,5,CALL_NEAR,5,XOR,2,CALL_NEAR,5,TEST,2,JZ,2,JMP,2,NOP,6,0,0,0,1,1,CALL,0,1,0,1,0,0,CALL,1,1,4252521,4252486,4252535,0,0,1,1,c,1.0339246182753849e-07,0.999947451392538,1,1,1
0x40e34d,JNZ,19030,0,-21,2,0x40e34b,TEST,1,NonLeaf,eax(-1) eax(-1) ,rflags ,TEST,2,CALL_NEAR,5,JLE,2,CMP,3,ADD,4,MOV,7,MOV,5,MOV,3,LEA,4,XOR,2,0,1,0,0,0,JLE,0,0,1,0,0,0,CALL,0,1,4252491,4252472,4252495,0,0,0,1,c,1.0339246182753849e-07,0.0,0,0,0
0x40e32e,JNLE,1,1,24,2,0x40e32c,TEST,1,NonLeaf,ecx(-1) ecx(-1) ,rflags ,TEST,2,XOR,3,JNZ,6,TEST,3,MOV,8,JMP,2,NOP,6,LEA,5,ADD,4,CMP,3,0,1,0,1,0,CALL,0,1,1,0,0,0,JMP,0,0,4252457,4252486,4252464,0,0,1,0,c,5.433129891095032e-12,1.0,1,0,1
0x40e323,JNZ,1,1,5137,6,0x40e320,TEST,1,NonLeaf,r15d(MOV) r15d(MOV) ,rflags ,TEST,3,MOV,8,JNLE,6,CMP,7,ADD,2,XOR,3,TEST,2,JNLE,2,JMP,2,NOP,6,0,1,0,0,0,CALL,0,1,1,1,0,0,JG,0,0,4252440,4257588,4252457,0,0,1,0,c,5.433129891095032e-12,1.0,1,0,1
0x40e312,JNLE,952,951,-242,6,0x40e30b,CMP,1,NonLeaf,edx(ADD) rsp(-1) ,rflags ,CMP,7,ADD,2,MOVZX,3,SETNZ,3,CMP,2,MOV,8,TEST,3,JNZ,6,XOR,3,TEST,2,0,0,0,1,1,CALL,0,1,0,1,0,0,JNE,1,0,4252374,4252192,4252440,1,0,1,0,c,5.1723396563224705e-09,0.9989495798319328,1,1,1
0x40e27b,JNZ,77072,77072,-35,2,0x40e275,CMP,1,NonLeaf,eax(-1) ,rflags ,MOV,3,CMP,3,CALL_NEAR,5,MOV,3,JZ,2,MOV,7,XOR,2,MOV,5,MOV,5,ADD,4,0,1,0,0,0,JE,0,0,1,0,0,0,CALL,0,1,4252277,4252248,4252285,0,0,1,1,c,4.1874218696647634e-07,1.0,1,0,1
0x40e26b,JZ,76120,0,61,2,0x40e267,SUB,1,NonLeaf,r12d(SUB) ,r12d rflags ,SUB,4,ADD,4,JZ,6,MOV,3,CMP,2,MOV,3,CALL_NEAR,5,CMP,3,MOV,3,JNZ,2,0,0,0,0,0,CALL,1,1,0,0,1,1,CALL,0,1,4252259,4252328,4252269,0,0,1,1,c,4.1356984731015386e-07,0.0,0,0,0
0x40e25d,JZ,77072,952,1987,6,0x40e258,CMP,1,NonLeaf,al(-1) ,rflags ,MOV,3,CMP,2,NOP,6,JMP,2,MOV,6,ADD,4,SUB,4,JZ,2,MOV,3,CALL_NEAR,5,0,1,0,0,0,JMP,1,0,1,0,0,0,JE,0,0,4252248,4254240,4252259,0,0,1,0,c,4.1874218696647634e-07,0.0123520863608054,0,0,0
0x40e22e,JNZ,952,0,1986,6,0x40e22c,TEST,1,NonLeaf,eax(-1) eax(-1) ,rflags ,TEST,2,CALL_NEAR,5,MOV,7,NOP,10,MOV,11,ADD,8,XOR,3,MOV,3,MOV,8,MOV,6,0,1,0,0,0,XOR,0,0,1,0,0,0,JMP,0,0,4252204,4254192,4252212,0,0,0,1,c,5.1723396563224705e-09,0.0,0,0,0
0x40e1f9,JLE,1,0,287,6,0x40e1f7,TEST,1,NonLeaf,edx(-1) edx(-1) ,rflags ,TEST,2,JNZ,6,TEST,2,MOV,7,JNLE,6,MOV,12,MOV,11,NOP,10,MOV,7,CALL_NEAR,5,0,1,1,0,0,JNE,0,0,1,0,0,0,NOP,0,0,4252151,4252440,4252159,0,0,0,1,c,5.433129891095032e-12,0.0,0,0,0
0x40e1f1,JNZ,1,1,5464,6,0x40e1ef,TEST,1,NonLeaf,eax(MOV) eax(MOV) ,rflags ,TEST,2,MOV,7,JNLE,6,CMP,7,ADD,2,TEST,2,JLE,6,MOV,12,MOV,11,NOP,10,0,1,0,0,0,CALL,0,1,1,1,0,0,JLE,0,0,4252136,4257609,4252151,0,0,1,0,c,5.433129891095032e-12,1.0,1,0,1
0x40e1e2,JNLE,952,951,-242,6,0x40e1db,CMP,1,NonLeaf,edx(ADD) rsp(-1) ,rflags ,CMP,7,ADD,2,MOVZX,3,ADD,9,SETNZ,3,MOV,7,TEST,2,JNZ,6,TEST,2,JLE,6,0,0,0,1,1,CALL,0,1,0,1,0,0,JNE,1,0,4252070,4251888,4252136,1,0,1,0,c,5.1723396563224705e-09,0.9989495798319328,1,1,1
0x40e14b,JNZ,77072,77072,-35,2,0x40e145,CMP,1,NonLeaf,eax(-1) ,rflags ,MOV,3,CMP,3,CALL_NEAR,5,MOV,3,JZ,2,MOV,7,XOR,2,MOV,5,MOV,5,ADD,4,0,1,0,0,0,JE,0,0,1,0,0,0,CALL,0,1,4251973,4251944,4251981,0,0,1,1,c,4.1874218696647634e-07,1.0,1,0,1
0x40e13b,JZ,76120,0,61,2,0x40e137,SUB,1,NonLeaf,r12d(SUB) ,r12d rflags ,SUB,4,ADD,4,JZ,6,MOV,3,CMP,2,MOV,3,CALL_NEAR,5,CMP,3,MOV,3,JNZ,2,0,0,0,0,0,CALL,1,1,0,0,1,1,CALL,0,1,4251955,4252024,4251965,0,0,1,1,c,4.1356984731015386e-07,0.0,0,0,0
0x40e12d,JZ,77072,952,2275,6,0x40e128,CMP,1,NonLeaf,al(-1) ,rflags ,MOV,3,CMP,2,NOP,6,JMP,2,MOV,6,ADD,4,SUB,4,JZ,2,MOV,3,CALL_NEAR,5,0,1,0,0,0,JMP,1,0,1,0,0,0,JE,0,0,4251944,4254224,4251955,0,0,1,0,c,4.1874218696647634e-07,0.0123520863608054,0,0,0
0x40e0fe,JNZ,952,0,2266,6,0x40e0fc,TEST,1,NonLeaf,eax(-1) eax(-1) ,rflags ,TEST,2,CALL_NEAR,5,MOV,7,NOP,7,MOV,11,ADD,8,XOR,3,MOV,3,MOV,8,MOV,6,0,1,0,0,0,XOR,0,0,1,0,0,0,JMP,0,0,4251900,4254168,4251908,0,0,0,1,c,5.1723396563224705e-09,0.0,0,0,0
0x40e0cc,JLE,1,0,284,6,0x40e0ca,TEST,1,NonLeaf,edx(ADD) edx(ADD) ,rflags ,TEST,2,ADD,2,MOVZX,3,SETNZ,3,CMP,2,MOV,12,MOV,11,NOP,7,MOV,7,CALL_NEAR,5,0,1,1,0,0,JNE,0,0,1,0,0,0,NOP,0,0,4251812,4252136,4251858,0,0,0,1,c,5.433129891095032e-12,0.0,0,0,0
0x40e09e,JNZ,1,1,3310,6,0x40e09c,TEST,1,NonLeaf,eax(MOV) eax(MOV) ,rflags ,TEST,2,MOV,7,CALL_NEAR,5,XOR,2,JNZ,2,MOV,3,MOV,5,MOV,2,IMUL,2,MOV,2,0,0,0,0,0,CALL,0,1,0,1,0,0,JLE,0,0,4251797,4255116,4251812,0,0,1,0,c,5.433129891095032e-12,1.0,1,0,1
0x40e08c,JNZ,1,0,-20,2,0x40e089,CMP,1,NonLeaf,eax(-1) ,rflags ,CMP,3,CALL_NEAR,5,MOV,3,JZ,6,CMP,3,XOR,2,CALL_NEAR,5,MOV,7,TEST,2,JNZ,6,0,1,0,0,0,JE,0,0,0,0,0,0,CALL,1,1,4251785,4251768,4251790,0,0,0,1,c,5.433129891095032e-12,0.0,0,1,0
0x40e070,JZ,1,1,17,2,0x40e06e,TEST,1,NonLeaf,eax(-1) eax(-1) ,rflags ,TEST,2,CALL_NEAR,5,CALL_NEAR,5,MOV,3,JZ,2,JMP,2,NOP,4,CMP,3,JZ,6,MOV,3,0,1,0,1,0,CALL,0,1,1,0,0,0,JMP,0,0,4251758,4251777,4251762,0,0,1,0,c,5.433129891095032e-12,1.0,1,0,1
0x40e05f,JZ,1,1,10,2,0x40e05c,TEST,1,NonLeaf,r13(-1) r13(-1) ,rflags ,TEST,3,JMP,2,CALL_NEAR,5,MOV,3,MOV,5,MOV,3,CALL_NEAR,5,CALL_NEAR,5,TEST,2,JZ,2,0,1,1,0,0,CALL,0,1,1,0,0,0,CALL,0,1,4251740,4251753,4251745,0,0,1,1,c,5.433129891095032e-12,1.0,1,0,1
0x40e02a,JNLE,1,0,23,2,0x40e025,TEST,1,NonLeaf,edx(-1) edx(-1) ,rflags ,MOV,3,TEST,2,XOR,3,JZ,6,MOV,3,JMP,2,NOP,2,ADD,4,ADD,4,CMP,7,0,1,0,1,0,CALL,0,1,1,0,0,0,JMP,0,0,4251682,4251713,4251692,0,0,1,0,c,5.433129891095032e-12,0.0,0,0,0
0x40e005,JZ,1,1,6432,6,0x40e002,TEST,1,NonLeaf,r14(SHL) r14(SHL) ,rflags ,TEST,3,SHL,4,MOVSXD,3,MOV,7,JNZ,6,MOV,3,CALL_NEAR,5,TEST,3,MOV,3,MOV,3,0,1,0,0,0,JMP,0,0,1,0,0,0,CALL,0,1,4251636,4258085,4251659,0,0,0,1,c,5.433129891095032e-12,1.0,1,0,1
0x40dfee,JNZ,1,1,3557,6,0x40dfec,TEST,1,NonLeaf,eax(MOV) eax(MOV) ,rflags ,TEST,2,MOV,7,CALL_NEAR,5,XOR,2,JNZ,2,MOV,7,MOVSXD,3,SHL,4,TEST,3,JZ,6,0,0,0,0,0,CALL,0,1,0,1,0,0,JE,0,0,4251621,4255187,4251636,0,0,1,0,c,5.433129891095032e-12,1.0,1,0,1
0x40dfdc,JNZ,1,0,-20,2,0x40dfd9,CMP,1,NonLeaf,eax(-1) ,rflags ,CMP,3,CALL_NEAR,5,MOV,3,JZ,6,CMP,3,XOR,2,CALL_NEAR,5,MOV,7,TEST,2,JNZ,6,0,1,0,0,0,JE,0,0,0,0,0,0,CALL,1,1,4251609,4251592,4251614,0,0,0,1,c,5.433129891095032e-12,0.0,0,1,0
0x40dfc0,JZ,1,1,17,2,0x40dfbb,TEST,1,NonLeaf,eax(-1) eax(-1) ,rflags ,NOP,3,TEST,2,CALL_NEAR,5,JMP,2,CALL_NEAR,5,JMP,2,NOP,4,CMP,3,JZ,6,MOV,3,0,1,0,1,0,CALL,0,1,1,0,0,0,JMP,0,0,4251579,4251601,4251586,0,0,1,0,c,5.433129891095032e-12,1.0,1,0,1
0x40df7b,JNLE,1,0,22,2,0x40df79,TEST,1,NonLeaf,eax(MOV) eax(MOV) ,rflags ,TEST,2,XOR,3,MOV,6,JNZ,6,TEST,2,JMP,2,NOP,1,LEA,5,ADD,4,CMP,6,0,1,0,1,0,CALL,0,1,1,0,0,0,JMP,0,0,4251504,4251537,4251517,0,0,1,0,c,5.433129891095032e-12,0.0,0,0,0
0x40df6a,JNZ,1,1,3760,6,0x40df68,TEST,1,NonLeaf,eax(MOV) eax(MOV) ,rflags ,TEST,2,MOV,7,CALL_NEAR,5,XOR,2,JNZ,2,MOV,6,XOR,3,TEST,2,JNLE,2,JMP,2,0,0,0,0,0,CALL,0,1,0,1,0,0,JG,0,0,4251489,4255258,4251504,0,0,1,0,c,5.433129891095032e-12,1.0,1,0,1
0x40df58,JNZ,1,0,-24,2,0x40df55,CMP,1,NonLeaf,eax(-1) ,rflags ,CMP,3,CALL_NEAR,5,NOP,4,MOV,3,JZ,6,XOR,2,CALL_NEAR,5,MOV,7,TEST,2,JNZ,6,0,1,0,0,0,JE,0,0,0,0,0,0,CALL,1,1,4251477,4251456,4251482,0,0,0,1,c,5.433129891095032e-12,0.0,0,1,0
0x40df35,JZ,1,1,20,2,0x40df33,TEST,1,NonLeaf,eax(-1) eax(-1) ,rflags ,TEST,2,CALL_NEAR,5,JMP,2,CALL_NEAR,5,XOR,2,JMP,2,NOP,7,CMP,3,JZ,6,MOV,3,0,1,0,1,0,CALL,0,1,1,0,0,0,JMP,0,0,4251443,4251465,4251447,0,0,1,0,c,5.433129891095032e-12,1.0,1,0,1
0x40deef,JNLE,1,0,26,2,0x40deed,TEST,1,NonLeaf,eax(MOV) eax(MOV) ,rflags ,TEST,2,XOR,3,MOV,6,JNZ,6,TEST,2,JMP,2,NOP,5,LEA,5,ADD,4,CMP,6,0,1,0,1,0,CALL,0,1,1,0,0,0,JMP,0,0,4251364,4251401,4251377,0,0,1,0,c,5.433129891095032e-12,0.0,0,0,0
0x40dede,JNZ,1,1,3971,6,0x40dedc,TEST,1,NonLeaf,edx(MOV) edx(MOV) ,rflags ,TEST,2,MOV,7,CALL_NEAR,5,XOR,2,JNZ,2,MOV,6,XOR,3,TEST,2,JNLE,2,JMP,2,0,0,0,0,0,CALL,0,1,0,1,0,0,JG,0,0,4251349,4255329,4251364,0,0,1,0,c,5.433129891095032e-12,1.0,1,0,1
0x40decc,JNZ,1,0,-20,2,0x40dec9,CMP,1,NonLeaf,eax(-1) ,rflags ,CMP,3,CALL_NEAR,5,MOV,3,JZ,6,CMP,3,XOR,2,CALL_NEAR,5,MOV,7,TEST,2,JNZ,6,0,1,0,0,0,JE,0,0,0,0,0,0,CALL,1,1,4251337,4251320,4251342,0,0,0,1,c,5.433129891095032e-12,0.0,0,1,0
0x40deb0,JZ,1,1,17,2,0x40deab,TEST,1,NonLeaf,eax(-1) eax(-1) ,rflags ,NOP,3,TEST,2,CALL_NEAR,5,JMP,2,CALL_NEAR,5,JMP,2,NOP,4,CMP,3,JZ,6,MOV,3,0,1,0,1,0,CALL,0,1,1,0,0,0,JMP,0,0,4251307,4251329,4251314,0,0,1,0,c,5.433129891095032e-12,1.0,1,0,1
0x40de88,JNZ,104986,0,-24,2,0x40de86,TEST,1,NonLeaf,eax(-1) eax(-1) ,rflags ,TEST,2,CALL_NEAR,5,JNL,2,CMP,6,ADD,4,MOV,7,MOV,5,MOV,3,LEA,4,XOR,2,0,1,1,0,0,JGE,0,0,1,0,0,0,CALL,0,1,4251270,4251248,4251274,0,0,0,1,c,5.70402574746503e-07,0.0,0,0,0
0x40de7f,JNL,104986,1,39,2,0x40de79,CMP,1,NonLeaf,eax(LEA) rbx(-1) ,rflags ,CMP,6,ADD,4,LEA,5,NOP,1,JMP,2,CALL_NEAR,5,TEST,2,JNZ,2,MOV,7,MOV,5,0,0,1,0,0,CALL,1,1,0,0,1,1,CALL,0,1,4251248,4251302,4251265,0,0,1,1,c,5.70402574746503e-07,9.525079534414112e-06,0,0,0
0x40de6b,JNLE,1,1,22,2,0x40de69,TEST,1,NonLeaf,ecx(MOV) ecx(MOV) ,rflags ,TEST,2,XOR,3,MOV,6,JNZ,6,TEST,2,JMP,2,NOP,1,LEA,5,ADD,4,CMP,6,0,1,0,1,0,CALL,0,1,1,0,0,0,JMP,0,0,4251232,4251265,4251245,0,0,1,0,c,5.433129891095032e-12,1.0,1,0,1
0x40de5a,JNZ,1,1,4174,6,0x40de58,TEST,1,NonLeaf,esi(MOV) esi(MOV) ,rflags ,TEST,2,MOV,7,CALL_NEAR,5,XOR,2,JNZ,2,MOV,6,XOR,3,TEST,2,JNLE,2,JMP,2,0,0,0,0,0,CALL,0,1,0,1,0,0,JG,0,0,4251217,4255400,4251232,0,0,1,0,c,5.433129891095032e-12,1.0,1,0,1
0x40de48,JNZ,1,0,-24,2,0x40de45,CMP,1,NonLeaf,eax(-1) ,rflags ,CMP,3,CALL_NEAR,5,NOP,4,MOV,3,JZ,6,XOR,2,CALL_NEAR,5,MOV,7,TEST,2,JNZ,6,0,1,0,0,0,JE,0,0,0,0,0,0,CALL,1,1,4251205,4251184,4251210,0,0,0,1,c,5.433129891095032e-12,0.0,0,1,0
0x40de25,JZ,1,1,20,2,0x40de23,TEST,1,NonLeaf,eax(-1) eax(-1) ,rflags ,TEST,2,CALL_NEAR,5,JMP,2,CALL_NEAR,5,XOR,2,JMP,2,NOP,7,CMP,3,JZ,6,MOV,3,0,1,0,1,0,CALL,0,1,1,0,0,0,JMP,0,0,4251171,4251193,4251175,0,0,1,0,c,5.433129891095032e-12,1.0,1,0,1
0x40ddd0,JNZ,23546,0,-24,2,0x40ddce,TEST,1,NonLeaf,eax(-1) eax(-1) ,rflags ,TEST,2,CALL_NEAR,5,JNL,2,CMP,6,ADD,4,LEA,8,MOV,5,MOV,3,MOV,3,MOV,3,0,1,1,0,0,JGE,0,0,1,0,0,0,CALL,0,1,4251086,4251064,4251090,0,0,0,1,c,1.2792847641572362e-07,0.0,0,0,0
0x40ddc7,JNL,23546,1,87,2,0x40ddc1,CMP,1,NonLeaf,eax(LEA) rbx(-1) ,rflags ,CMP,6,ADD,4,LEA,5,NOP,3,JMP,2,CALL_NEAR,5,TEST,2,JNZ,2,LEA,8,MOV,5,0,0,1,0,0,CALL,1,1,0,0,1,1,CALL,0,1,4251064,4251166,4251081,0,0,1,1,c,1.2792847641572362e-07,4.247005860868088e-05,0,0,0
0x40ddb1,JNLE,1,1,24,2,0x40ddaf,TEST,1,NonLeaf,edi(MOV) edi(MOV) ,rflags ,TEST,2,XOR,3,MOV,6,JNZ,6,TEST,3,JMP,2,NOP,3,LEA,5,ADD,4,CMP,6,0,1,0,1,0,CALL,0,1,1,0,0,0,JMP,0,0,4251046,4251081,4251059,0,0,1,0,c,5.433129891095032e-12,1.0,1,0,1
0x40dda0,JNZ,1,1,5712,6,0x40dd9d,TEST,1,NonLeaf,r8d(MOV) r8d(MOV) ,rflags ,TEST,3,MOV,8,CALL_NEAR,5,XOR,2,JNZ,2,MOV,6,XOR,3,TEST,2,JNLE,2,JMP,2,0,1,0,0,0,CALL,0,1,1,1,0,0,JG,0,0,4251029,4256752,4251046,0,0,1,0,c,5.433129891095032e-12,1.0,1,0,1
0x40dd8c,JNZ,1,0,-20,2,0x40dd89,CMP,1,NonLeaf,eax(-1) ,rflags ,CMP,3,CALL_NEAR,5,MOV,3,JZ,6,CMP,3,XOR,2,CALL_NEAR,5,MOV,8,TEST,3,JNZ,6,0,1,0,0,0,JE,0,0,0,0,0,0,XOR,1,0,4251017,4251000,4251022,0,0,0,0,c,5.433129891095032e-12,0.0,0,1,0
0x40dd6e,JZ,1,1,19,2,0x40dd6c,TEST,1,NonLeaf,eax(-1) eax(-1) ,rflags ,TEST,2,CALL_NEAR,5,JL,2,CMP,3,ADD,4,JMP,2,NOP,6,CMP,3,JZ,6,MOV,3,0,1,0,1,0,CALL,0,1,1,0,0,0,JMP,0,0,4250988,4251009,4250992,0,0,1,0,c,5.433129891095032e-12,1.0,1,0,1
0x40dd65,JL,38658,38657,-95,2,0x40dd62,CMP,1,NonLeaf,eax(LEA) rbx(-1) ,rflags ,CMP,3,ADD,4,LEA,5,CALL_NEAR,5,XOR,2,CALL_NEAR,5,TEST,2,JZ,2,JMP,2,NOP,6,0,0,0,1,1,CALL,0,1,0,1,0,0,CALL,1,1,4250969,4250886,4250983,0,0,1,1,c,2.1003393532995175e-07,0.9999741321330644,1,1,1
0x40dd0d,JNZ,38658,0,-21,2,0x40dd0b,TEST,1,NonLeaf,eax(-1) eax(-1) ,rflags ,TEST,2,CALL_NEAR,5,JNL,2,CMP,3,ADD,4,LEA,8,MOV,5,MOV,3,MOV,3,MOV,3,0,1,0,0,0,JGE,0,0,1,0,0,0,CALL,0,1,4250891,4250872,4250895,0,0,0,1,c,2.1003393532995175e-07,0.0,0,0,0
0x40dcf0,JNLE,1,1,22,2,0x40dced,TEST,1,NonLeaf,r9d(MOV) r9d(MOV) ,rflags ,TEST,3,XOR,3,MOV,4,JNZ,6,TEST,3,JMP,2,NOP,4,LEA,5,ADD,4,CMP,3,0,1,0,1,0,CALL,0,1,1,0,0,0,JMP,0,0,4250854,4250886,4250866,0,0,1,0,c,5.433129891095032e-12,1.0,1,0,1
0x40dce0,JNZ,1,1,5922,6,0x40dcdd,TEST,1,NonLeaf,r10d(MOV) r10d(MOV) ,rflags ,TEST,3,MOV,8,CALL_NEAR,5,XOR,2,JNZ,2,MOV,4,XOR,3,TEST,3,JNLE,2,JMP,2,0,1,0,0,0,CALL,0,1,1,1,0,0,JG,0,0,4250837,4256770,4250854,0,0,1,0,c,5.433129891095032e-12,1.0,1,0,1
0x40dccc,JNZ,1,0,-20,2,0x40dcc9,CMP,1,NonLeaf,eax(-1) ,rflags ,CMP,3,CALL_NEAR,5,MOV,3,JZ,6,CMP,3,XOR,2,CALL_NEAR,5,MOV,8,TEST,3,JNZ,6,0,1,0,0,0,JE,0,0,0,0,0,0,XOR,1,0,4250825,4250808,4250830,0,0,0,0,c,5.433129891095032e-12,0.0,0,1,0
0x40dcb0,JZ,1,1,17,2,0x40dcab,TEST,1,NonLeaf,eax(-1) eax(-1) ,rflags ,NOP,3,TEST,2,CALL_NEAR,5,JMP,2,CALL_NEAR,5,JMP,2,NOP,4,CMP,3,JZ,6,MOV,3,0,1,0,1,0,CALL,0,1,1,0,0,0,JMP,0,0,4250795,4250817,4250802,0,0,1,0,c,5.433129891095032e-12,1.0,1,0,1
0x40dc68,JNZ,13398,0,-24,2,0x40dc66,TEST,1,NonLeaf,eax(-1) eax(-1) ,rflags ,TEST,2,CALL_NEAR,5,JNL,2,CMP,6,ADD,4,LEA,8,MOV,5,MOV,3,MOV,3,MOV,3,0,1,1,0,0,JGE,0,0,1,0,0,0,CALL,0,1,4250726,4250704,4250730,0,0,0,1,c,7.279307428089125e-08,0.0,0,0,0
0x40dc5f,JNL,13398,1,71,2,0x40dc59,CMP,1,NonLeaf,eax(LEA) rbx(-1) ,rflags ,CMP,6,ADD,4,LEA,5,NOP,9,JMP,2,CALL_NEAR,5,TEST,2,JNZ,2,LEA,8,MOV,5,0,0,1,0,0,CALL,1,1,0,0,1,1,CALL,0,1,4250704,4250790,4250721,0,0,1,1,c,7.279307428089125e-08,7.463800567248842e-05,0,0,0
0x40dc43,JNLE,1,1,30,2,0x40dc40,TEST,1,NonLeaf,r11d(MOV) r11d(MOV) ,rflags ,TEST,3,XOR,3,MOV,7,JNZ,6,TEST,3,JMP,2,NOP,9,LEA,5,ADD,4,CMP,6,0,1,0,1,0,CALL,0,1,1,0,0,0,JMP,0,0,4250678,4250721,4250693,0,0,1,0,c,5.433129891095032e-12,1.0,1,0,1
0x40dc30,JNZ,1,1,6044,6,0x40dc2d,TEST,1,NonLeaf,r12d(MOV) r12d(MOV) ,rflags ,TEST,3,MOV,8,CALL_NEAR,5,XOR,2,JNZ,2,MOV,7,XOR,3,TEST,3,JNLE,2,JMP,2,0,1,0,0,0,CALL,0,1,1,1,0,0,JG,0,0,4250661,4256716,4250678,0,0,1,0,c,5.433129891095032e-12,1.0,1,0,1
0x40dc1c,JNZ,1,0,-20,2,0x40dc19,CMP,1,NonLeaf,eax(-1) ,rflags ,CMP,3,CALL_NEAR,5,MOV,3,JZ,6,CMP,3,XOR,2,CALL_NEAR,5,MOV,8,TEST,3,JNZ,6,0,1,0,0,0,JE,0,0,0,0,0,0,XOR,1,0,4250649,4250632,4250654,0,0,0,0,c,5.433129891095032e-12,0.0,0,1,0
0x40dbfe,JZ,1,1,19,2,0x40dbfc,TEST,1,NonLeaf,eax(-1) eax(-1) ,rflags ,TEST,2,CALL_NEAR,5,JL,2,CMP,3,ADD,4,JMP,2,NOP,6,CMP,3,JZ,6,MOV,3,0,1,0,1,0,CALL,0,1,1,0,0,0,JMP,0,0,4250620,4250641,4250624,0,0,1,0,c,5.433129891095032e-12,1.0,1,0,1
0x40dbf5,JL,21320,21319,-79,2,0x40dbf2,CMP,1,NonLeaf,eax(LEA) rbx(-1) ,rflags ,CMP,3,ADD,4,LEA,5,CALL_NEAR,5,ADD,7,CALL_NEAR,5,TEST,2,JZ,2,JMP,2,NOP,6,0,0,0,1,1,CALL,0,1,0,1,0,0,CALL,1,1,4250601,4250534,4250615,0,0,1,1,c,1.1583432927814609e-07,0.999953095684803,1,1,1
0x40dbad,JNZ,21320,0,-21,2,0x40dbab,TEST,1,NonLeaf,eax(-1) eax(-1) ,rflags ,TEST,2,CALL_NEAR,5,JNL,2,CMP,3,ADD,4,LEA,8,MOV,5,MOV,3,MOV,3,MOV,3,0,1,0,0,0,JGE,0,0,1,0,0,0,CALL,0,1,4250539,4250520,4250543,0,0,0,1,c,1.1583432927814609e-07,0.0,0,0,0
0x40db90,JNLE,1,1,22,2,0x40db8d,TEST,1,NonLeaf,r13d(MOV) r13d(MOV) ,rflags ,TEST,3,XOR,3,MOV,4,JNZ,6,TEST,3,JMP,2,NOP,4,LEA,5,ADD,4,CMP,3,0,1,0,1,0,CALL,0,1,1,0,0,0,JMP,0,0,4250502,4250534,4250514,0,0,1,0,c,5.433129891095032e-12,1.0,1,0,1
0x40db80,JNZ,1,1,6238,6,0x40db7d,TEST,1,NonLeaf,r14d(MOV) r14d(MOV) ,rflags ,TEST,3,MOV,8,CALL_NEAR,5,XOR,2,JNZ,2,MOV,4,XOR,3,TEST,3,JNLE,2,JMP,2,0,1,0,0,0,CALL,0,1,1,1,0,0,JG,0,0,4250485,4256734,4250502,0,0,1,0,c,5.433129891095032e-12,1.0,1,0,1
0x40db6c,JNZ,1,0,-20,2,0x40db69,CMP,1,NonLeaf,eax(-1) ,rflags ,CMP,3,CALL_NEAR,5,MOV,3,JZ,6,CMP,3,XOR,2,CALL_NEAR,5,MOV,8,TEST,3,JNZ,6,0,1,0,0,0,JE,0,0,0,0,0,0,XOR,1,0,4250473,4250456,4250478,0,0,0,0,c,5.433129891095032e-12,0.0,0,1,0
0x40db50,JZ,1,1,17,2,0x40db49,TEST,1,NonLeaf,eax(-1) eax(-1) ,rflags ,NOP,5,TEST,2,CALL_NEAR,5,JMP,2,CALL_NEAR,5,JMP,2,NOP,4,CMP,3,JZ,6,MOV,3,0,1,0,1,0,CALL,0,1,1,0,0,0,JMP,0,0,4250441,4250465,4250450,0,0,1,0,c,5.433129891095032e-12,1.0,1,0,1
0x40db10,JNZ,9896,0,-24,2,0x40db0e,TEST,1,NonLeaf,eax(-1) eax(-1) ,rflags ,TEST,2,CALL_NEAR,5,JNL,2,CMP,6,ADD,4,LEA,8,MOV,5,MOV,3,MOV,3,MOV,3,0,1,1,0,0,JGE,0,0,1,0,0,0,CALL,0,1,4250382,4250360,4250386,0,0,0,1,c,5.3766253402276445e-08,0.0,0,0,0
0x40db07,JNL,9896,1,61,2,0x40db01,CMP,1,NonLeaf,eax(LEA) rbx(-1) ,rflags ,CMP,6,ADD,4,LEA,5,NOP,3,JMP,2,CALL_NEAR,5,TEST,2,JNZ,2,LEA,8,MOV,5,0,0,1,0,0,CALL,1,1,0,0,1,1,CALL,0,1,4250360,4250436,4250377,0,0,1,1,c,5.3766253402276445e-08,0.0001010509296685,0,0,0
0x40daf1,JNLE,1,1,24,2,0x40daee,TEST,1,NonLeaf,r15d(MOV) r15d(MOV) ,rflags ,TEST,3,XOR,3,MOV,7,JNZ,6,TEST,2,JMP,2,NOP,3,LEA,5,ADD,4,CMP,6,0,1,0,1,0,CALL,0,1,1,0,0,0,JMP,0,0,4250340,4250377,4250355,0,0,1,0,c,5.433129891095032e-12,1.0,1,0,1
0x40dade,JNZ,1,1,5289,6,0x40dadc,TEST,1,NonLeaf,eax(MOV) eax(MOV) ,rflags ,TEST,2,MOV,7,CALL_NEAR,5,XOR,2,JNZ,2,MOV,7,XOR,3,TEST,3,JNLE,2,JMP,2,0,0,0,0,0,CALL,0,1,0,1,0,0,JG,0,0,4250325,4255623,4250340,0,0,1,0,c,5.433129891095032e-12,1.0,1,0,1
0x40dacc,JNZ,1,0,-20,2,0x40dac9,CMP,1,NonLeaf,eax(-1) ,rflags ,CMP,3,CALL_NEAR,5,MOV,3,JZ,6,CMP,3,XOR,2,CALL_NEAR,5,MOV,7,TEST,2,JNZ,6,0,1,0,0,0,JE,0,0,0,0,0,0,CALL,1,1,4250313,4250296,4250318,0,0,0,1,c,5.433129891095032e-12,0.0,0,1,0
0x40daac,JZ,1,1,21,2,0x40daaa,TEST,1,NonLeaf,eax(-1) eax(-1) ,rflags ,TEST,2,CALL_NEAR,5,JL,2,CMP,3,ADD,4,NOP,2,JMP,2,NOP,6,CMP,3,JZ,6,0,1,0,1,0,CALL,0,1,1,0,0,0,JMP,0,0,4250282,4250305,4250286,0,0,1,0,c,5.433129891095032e-12,1.0,1,0,1
0x40daa3,JL,9368,9367,-69,2,0x40daa0,CMP,1,NonLeaf,eax(LEA) rbx(-1) ,rflags ,CMP,3,ADD,4,LEA,5,CALL_NEAR,5,ADD,7,CALL_NEAR,5,TEST,2,JZ,2,NOP,2,JMP,2,0,0,0,1,1,CALL,0,1,0,1,0,0,CALL,1,1,4250263,4250206,4250277,0,0,1,1,c,5.089756081977826e-08,0.9998932536293766,1,1,1
0x40da65,JNZ,9368,0,-21,2,0x40da63,TEST,1,NonLeaf,eax(-1) eax(-1) ,rflags ,TEST,2,CALL_NEAR,5,JNL,2,CMP,3,ADD,4,LEA,8,MOV,5,MOV,3,MOV,3,MOV,3,0,1,0,0,0,JGE,0,0,1,0,0,0,CALL,0,1,4250211,4250192,4250215,0,0,0,1,c,5.089756081977826e-08,0.0,0,0,0
0x40da4c,JNLE,1,1,18,2,0x40da4a,TEST,1,NonLeaf,eax(MOV) eax(MOV) ,rflags ,TEST,2,XOR,3,MOV,3,JNZ,6,TEST,2,JMP,2,LEA,5,ADD,4,CMP,3,JNL,2,0,1,0,1,0,CALL,0,1,1,0,0,0,JMP,0,0,4250180,4250206,4250190,0,0,1,0,c,5.433129891095032e-12,1.0,1,0,1
0x40da3e,JNZ,1,1,5520,6,0x40da3c,TEST,1,NonLeaf,eax(MOV) eax(MOV) ,rflags ,TEST,2,MOV,7,CALL_NEAR,5,XOR,2,JNZ,2,MOV,3,XOR,3,TEST,2,JNLE,2,JMP,2,0,0,0,0,0,CALL,0,1,0,1,0,0,JG,0,0,4250165,4255694,4250180,0,0,1,0,c,5.433129891095032e-12,1.0,1,0,1
0x40da2c,JNZ,1,0,-20,2,0x40da29,CMP,1,NonLeaf,eax(-1) ,rflags ,CMP,3,CALL_NEAR,5,MOV,3,JZ,6,CMP,3,XOR,2,CALL_NEAR,5,MOV,7,TEST,2,JNZ,6,0,1,0,0,0,JE,0,0,0,0,0,0,CALL,1,1,4250153,4250136,4250158,0,0,0,1,c,5.433129891095032e-12,0.0,0,1,0
0x40da10,JZ,1,1,17,2,0x40da0b,TEST,1,NonLeaf,eax(-1) eax(-1) ,rflags ,NOP,3,TEST,2,CALL_NEAR,5,JMP,2,CALL_NEAR,5,JMP,2,NOP,4,CMP,3,JZ,6,MOV,3,0,1,0,1,0,CALL,0,1,1,0,0,0,JMP,0,0,4250123,4250145,4250130,0,0,1,0,c,5.433129891095032e-12,1.0,1,0,1
0x40d9e8,JNZ,105,0,-24,2,0x40d9e6,TEST,1,NonLeaf,eax(-1) eax(-1) ,rflags ,TEST,2,CALL_NEAR,5,JNL,2,CMP,6,ADD,4,MOV,7,MOV,5,MOV,3,LEA,4,XOR,2,0,1,1,0,0,JGE,0,0,1,0,0,0,CALL,0,1,4250086,4250064,4250090,0,0,0,1,c,5.704786385649782e-10,0.0,0,0,0
0x40d9df,JNL,105,1,39,2,0x40d9d9,CMP,1,NonLeaf,eax(LEA) rbx(-1) ,rflags ,CMP,6,ADD,4,LEA,5,NOP,1,JMP,2,CALL_NEAR,5,TEST,2,JNZ,2,MOV,7,MOV,5,0,0,1,0,0,CALL,1,1,0,0,1,1,CALL,0,1,4250064,4250118,4250081,0,0,1,1,c,5.704786385649782e-10,0.0095238095238095,0,0,0
0x40d9cb,JNLE,1,1,22,2,0x40d9c9,TEST,1,NonLeaf,eax(MOV) eax(MOV) ,rflags ,TEST,2,XOR,3,MOV,6,JNZ,6,TEST,2,JMP,2,NOP,1,LEA,5,ADD,4,CMP,6,0,1,0,1,0,CALL,0,1,1,0,0,0,JMP,0,0,4250048,4250081,4250061,0,0,1,0,c,5.433129891095032e-12,1.0,1,0,1
0x40d9ba,JNZ,1,1,5723,6,0x40d9b8,TEST,1,NonLeaf,eax(MOV) eax(MOV) ,rflags ,TEST,2,MOV,7,CALL_NEAR,5,XOR,2,JNZ,2,MOV,6,XOR,3,TEST,2,JNLE,2,JMP,2,0,0,0,0,0,CALL,0,1,0,1,0,0,JG,0,0,4250033,4255765,4250048,0,0,1,0,c,5.433129891095032e-12,1.0,1,0,1
0x40d9a8,JNZ,1,0,-24,2,0x40d9a5,CMP,1,NonLeaf,eax(-1) ,rflags ,CMP,3,CALL_NEAR,5,NOP,4,MOV,3,JZ,6,XOR,2,CALL_NEAR,5,MOV,7,TEST,2,JNZ,6,0,1,0,0,0,JE,0,0,0,0,0,0,CALL,1,1,4250021,4250000,4250026,0,0,0,1,c,5.433129891095032e-12,0.0,0,1,0
0x40d985,JZ,1,1,20,2,0x40d983,TEST,1,NonLeaf,eax(-1) eax(-1) ,rflags ,TEST,2,CALL_NEAR,5,JMP,2,CALL_NEAR,5,XOR,2,JMP,2,NOP,7,CMP,3,JZ,6,MOV,3,0,1,0,1,0,CALL,0,1,1,0,0,0,JMP,0,0,4249987,4250009,4249991,0,0,1,0,c,5.433129891095032e-12,1.0,1,0,1
0x40d960,JNZ,105,0,-24,2,0x40d95e,TEST,1,NonLeaf,eax(-1) eax(-1) ,rflags ,TEST,2,CALL_NEAR,5,JNL,2,CMP,6,ADD,4,MOV,7,MOV,5,MOV,3,LEA,4,XOR,2,0,1,1,0,0,JGE,0,0,1,0,0,0,CALL,0,1,4249950,4249928,4249954,0,0,0,1,c,5.704786385649782e-10,0.0,0,0,0
0x40d957,JNL,105,1,39,2,0x40d951,CMP,1,NonLeaf,eax(LEA) rbx(-1) ,rflags ,CMP,6,ADD,4,LEA,5,NOP,5,JMP,2,CALL_NEAR,5,TEST,2,JNZ,2,MOV,7,MOV,5,0,0,1,0,0,CALL,1,1,0,0,1,1,CALL,0,1,4249928,4249982,4249945,0,0,1,1,c,5.704786385649782e-10,0.0095238095238095,0,0,0
0x40d93f,JNLE,1,1,26,2,0x40d93d,TEST,1,NonLeaf,eax(MOV) eax(MOV) ,rflags ,TEST,2,XOR,3,MOV,6,JNZ,6,TEST,2,JMP,2,NOP,5,LEA,5,ADD,4,CMP,6,0,1,0,1,0,CALL,0,1,1,0,0,0,JMP,0,0,4249908,4249945,4249921,0,0,1,0,c,5.433129891095032e-12,1.0,1,0,1
0x40d92e,JNZ,1,1,5934,6,0x40d92c,TEST,1,NonLeaf,edx(MOV) edx(MOV) ,rflags ,TEST,2,MOV,7,CALL_NEAR,5,XOR,2,JNZ,2,MOV,6,XOR,3,TEST,2,JNLE,2,JMP,2,0,0,0,0,0,CALL,0,1,0,1,0,0,JG,0,0,4249893,4255836,4249908,0,0,1,0,c,5.433129891095032e-12,1.0,1,0,1
0x40d91c,JNZ,1,0,-20,2,0x40d919,CMP,1,NonLeaf,eax(-1) ,rflags ,CMP,3,CALL_NEAR,5,MOV,3,JZ,6,CMP,3,XOR,2,CALL_NEAR,5,MOV,7,TEST,2,JNZ,6,0,1,0,0,0,JE,0,0,0,0,0,0,CALL,1,1,4249881,4249864,4249886,0,0,0,1,c,5.433129891095032e-12,0.0,0,1,0
0x40d900,JZ,1,1,17,2,0x40d8fb,TEST,1,NonLeaf,eax(-1) eax(-1) ,rflags ,NOP,3,TEST,2,CALL_NEAR,5,JMP,2,CALL_NEAR,5,JMP,2,NOP,4,CMP,3,JZ,6,MOV,3,0,1,0,1,0,CALL,0,1,1,0,0,0,JMP,0,0,4249851,4249873,4249858,0,0,1,0,c,5.433129891095032e-12,1.0,1,0,1
0x40d8d8,JNZ,28,0,-24,2,0x40d8d6,TEST,1,NonLeaf,eax(-1) eax(-1) ,rflags ,TEST,2,CALL_NEAR,5,JNL,2,CMP,6,ADD,4,MOV,7,MOV,5,MOV,3,LEA,4,XOR,2,0,1,1,0,0,JGE,0,0,1,0,0,0,CALL,0,1,4249814,4249792,4249818,0,0,0,1,c,1.521276369506609e-10,0.0,0,0,0
0x40d8cf,JNL,28,1,39,2,0x40d8c9,CMP,1,NonLeaf,eax(LEA) rbx(-1) ,rflags ,CMP,6,ADD,4,LEA,5,NOP,1,JMP,2,CALL_NEAR,5,TEST,2,JNZ,2,MOV,7,MOV,5,0,0,1,0,0,CALL,1,1,0,0,1,1,CALL,0,1,4249792,4249846,4249809,0,0,1,1,c,1.521276369506609e-10,0.0357142857142857,0,0,0
0x40d8bb,JNLE,1,1,22,2,0x40d8b9,TEST,1,NonLeaf,ecx(MOV) ecx(MOV) ,rflags ,TEST,2,XOR,3,MOV,6,JNZ,6,TEST,2,JMP,2,NOP,1,LEA,5,ADD,4,CMP,6,0,1,0,1,0,CALL,0,1,1,0,0,0,JMP,0,0,4249776,4249809,4249789,0,0,1,0,c,5.433129891095032e-12,1.0,1,0,1
0x40d8aa,JNZ,1,1,6137,6,0x40d8a8,TEST,1,NonLeaf,esi(MOV) esi(MOV) ,rflags ,TEST,2,MOV,7,CALL_NEAR,5,XOR,2,JNZ,2,MOV,6,XOR,3,TEST,2,JNLE,2,JMP,2,0,0,0,0,0,CALL,0,1,0,1,0,0,JG,0,0,4249761,4255907,4249776,0,0,1,0,c,5.433129891095032e-12,1.0,1,0,1
0x40d898,JNZ,1,0,-24,2,0x40d895,CMP,1,NonLeaf,eax(-1) ,rflags ,CMP,3,CALL_NEAR,5,NOP,4,MOV,3,JZ,6,XOR,2,CALL_NEAR,5,MOV,7,TEST,2,JNZ,6,0,1,0,0,0,JE,0,0,0,0,0,0,CALL,1,1,4249749,4249728,4249754,0,0,0,1,c,5.433129891095032e-12,0.0,0,1,0
0x40d875,JZ,1,1,20,2,0x40d873,TEST,1,NonLeaf,eax(-1) eax(-1) ,rflags ,TEST,2,CALL_NEAR,5,JMP,2,CALL_NEAR,5,XOR,2,JMP,2,NOP,7,CMP,3,JZ,6,MOV,3,0,1,0,1,0,CALL,0,1,1,0,0,0,JMP,0,0,4249715,4249737,4249719,0,0,1,0,c,5.433129891095032e-12,1.0,1,0,1
0x40d850,JNZ,32,0,-24,2,0x40d84e,TEST,1,NonLeaf,eax(-1) eax(-1) ,rflags ,TEST,2,CALL_NEAR,5,JNL,2,CMP,6,ADD,4,MOV,7,MOV,5,MOV,3,LEA,4,XOR,2,0,1,1,0,0,JGE,0,0,1,0,0,0,CALL,0,1,4249678,4249656,4249682,0,0,0,1,c,1.7386015651504103e-10,0.0,0,0,0
0x40d847,JNL,32,1,39,2,0x40d841,CMP,1,NonLeaf,eax(LEA) rbx(-1) ,rflags ,CMP,6,ADD,4,LEA,5,NOP,3,JMP,2,CALL_NEAR,5,TEST,2,JNZ,2,MOV,7,MOV,5,0,0,1,0,0,CALL,1,1,0,0,1,1,CALL,0,1,4249656,4249710,4249673,0,0,1,1,c,1.7386015651504103e-10,0.03125,0,0,0
0x40d831,JNLE,1,1,24,2,0x40d82f,TEST,1,NonLeaf,edi(MOV) edi(MOV) ,rflags ,TEST,2,XOR,3,MOV,6,JNZ,6,TEST,3,JMP,2,NOP,3,LEA,5,ADD,4,CMP,6,0,1,0,1,0,CALL,0,1,1,0,0,0,JMP,0,0,4249638,4249673,4249651,0,0,1,0,c,5.433129891095032e-12,1.0,1,0,1
0x40d820,JNZ,1,1,7012,6,0x40d81d,TEST,1,NonLeaf,r8d(MOV) r8d(MOV) ,rflags ,TEST,3,MOV,8,CALL_NEAR,5,XOR,2,JNZ,2,MOV,6,XOR,3,TEST,2,JNLE,2,JMP,2,0,1,0,0,0,CALL,0,1,1,1,0,0,JG,0,0,4249621,4256644,4249638,0,0,1,0,c,5.433129891095032e-12,1.0,1,0,1
0x40d80c,JNZ,1,0,-20,2,0x40d809,CMP,1,NonLeaf,eax(-1) ,rflags ,CMP,3,CALL_NEAR,5,MOV,3,JZ,6,CMP,3,XOR,2,CALL_NEAR,5,MOV,8,TEST,3,JNZ,6,0,1,0,0,0,JE,0,0,0,0,0,0,XOR,1,0,4249609,4249592,4249614,0,0,0,0,c,5.433129891095032e-12,0.0,0,1,0
0x40d7ef,JZ,1,1,18,2,0x40d7ed,TEST,1,NonLeaf,eax(-1) eax(-1) ,rflags ,TEST,2,CALL_NEAR,5,NOP,7,CALL_NEAR,5,MOV,5,JMP,2,NOP,5,CMP,3,JZ,6,MOV,3,0,1,0,1,0,CALL,0,1,1,0,0,0,JMP,0,0,4249581,4249601,4249585,0,0,1,0,c,5.433129891095032e-12,1.0,1,0,1
0x40d7bf,JNZ,32,32,-71,2,0x40d7b7,UCOMISD,0,NonLeaf,xmm7(-1) rax(-1) r12(-1) ,rflags ,JP,2,UCOMISD,6,XORPD,4,MOV,7,CALL_NEAR,5,MOV,7,MOV,3,MOV,5,XOR,2,CALL_NEAR,5,0,0,0,0,0,JGE,0,0,1,0,0,0,CALL,1,1,4249535,4249464,4249537,1,0,0,1,c,1.7386015651504103e-10,1.0,1,1,1
0x40d7bd,JP,32,0,-69,2,0x40d7b7,UCOMISD,1,NonLeaf,xmm7(XORPD) rax(MOV) r12(-1) ,rflags ,UCOMISD,6,XORPD,4,MOV,7,CALL_NEAR,5,XOR,2,JNZ,2,MOV,7,MOV,3,MOV,5,XOR,2,0,0,0,0,0,JGE,0,0,1,0,0,0,JNE,0,0,4249516,4249464,4249535,1,0,0,0,c,1.7386015651504103e-10,0.0,0,0,0
0x40d790,JNZ,32,0,-24,2,0x40d78e,TEST,1,NonLeaf,eax(-1) eax(-1) ,rflags ,TEST,2,CALL_NEAR,5,JNL,2,CMP,6,ADD,4,MOV,7,MOV,5,MOV,3,LEA,4,XOR,2,0,1,0,0,0,JGE,0,0,1,0,0,0,CALL,0,1,4249486,4249464,4249490,0,0,0,1,c,1.7386015651504103e-10,0.0,0,0,0
0x40d787,JNL,32,1,97,2,0x40d781,CMP,1,NonLeaf,eax(LEA) rbx(-1) ,rflags ,CMP,6,ADD,4,LEA,5,NOP,5,JMP,2,CALL_NEAR,5,TEST,2,JNZ,2,MOV,7,MOV,5,0,0,1,0,0,CALL,1,1,0,0,1,1,CALL,0,1,4249464,4249576,4249481,0,0,1,1,c,1.7386015651504103e-10,0.03125,0,0,0
0x40d76f,JNLE,1,1,26,2,0x40d76c,TEST,1,NonLeaf,r9d(MOV) r9d(MOV) ,rflags ,TEST,3,XOR,3,MOV,7,JNZ,6,TEST,3,JMP,2,NOP,5,LEA,5,ADD,4,CMP,6,0,1,0,1,0,CALL,0,1,1,0,0,0,JMP,0,0,4249442,4249481,4249457,0,0,1,0,c,5.433129891095032e-12,1.0,1,0,1
0x40d75c,JNZ,1,1,7226,6,0x40d759,TEST,1,NonLeaf,r10d(MOV) r10d(MOV) ,rflags ,TEST,3,MOV,8,CALL_NEAR,5,XOR,2,JNZ,2,MOV,7,XOR,3,TEST,3,JNLE,2,JMP,2,0,1,0,0,0,CALL,0,1,1,1,0,0,JG,0,0,4249425,4256662,4249442,0,0,1,0,c,5.433129891095032e-12,1.0,1,0,1
0x40d748,JNZ,1,0,-24,2,0x40d745,CMP,1,NonLeaf,eax(-1) ,rflags ,CMP,3,CALL_NEAR,5,NOP,4,MOV,3,JZ,6,XOR,2,CALL_NEAR,5,MOV,8,TEST,3,JNZ,6,0,1,0,0,0,JE,0,0,0,0,0,0,XOR,1,0,4249413,4249392,4249418,0,0,0,0,c,5.433129891095032e-12,0.0,0,1,0
0x40d725,JZ,1,1,20,2,0x40d723,TEST,1,NonLeaf,eax(-1) eax(-1) ,rflags ,TEST,2,CALL_NEAR,5,JMP,2,CALL_NEAR,5,XOR,2,JMP,2,NOP,7,CMP,3,JZ,6,MOV,3,0,1,0,1,0,CALL,0,1,1,0,0,0,JMP,0,0,4249379,4249401,4249383,0,0,1,0,c,5.433129891095032e-12,1.0,1,0,1
0x40d700,JNZ,32,0,-24,2,0x40d6fe,TEST,1,NonLeaf,eax(-1) eax(-1) ,rflags ,TEST,2,CALL_NEAR,5,JNL,2,CMP,6,ADD,4,MOV,7,MOV,5,MOV,3,LEA,4,XOR,2,0,1,1,0,0,JGE,0,0,1,0,0,0,CALL,0,1,4249342,4249320,4249346,0,0,0,1,c,1.7386015651504103e-10,0.0,0,0,0
0x40d6f7,JNL,32,1,39,2,0x40d6f1,CMP,1,NonLeaf,eax(LEA) rbx(-1) ,rflags ,CMP,6,ADD,4,LEA,5,NOP,5,JMP,2,CALL_NEAR,5,TEST,2,JNZ,2,MOV,7,MOV,5,0,0,1,0,0,CALL,1,1,0,0,1,1,CALL,0,1,4249320,4249374,4249337,0,0,1,1,c,1.7386015651504103e-10,0.03125,0,0,0
0x40d6df,JNLE,1,1,26,2,0x40d6dc,TEST,1,NonLeaf,r11d(MOV) r11d(MOV) ,rflags ,TEST,3,XOR,3,MOV,7,JNZ,6,TEST,3,JMP,2,NOP,5,LEA,5,ADD,4,CMP,6,0,1,0,1,0,CALL,0,1,1,0,0,0,JMP,0,0,4249298,4249337,4249313,0,0,1,0,c,5.433129891095032e-12,1.0,1,0,1
0x40d6cc,JNZ,1,1,7388,6,0x40d6c9,TEST,1,NonLeaf,r12d(MOV) r12d(MOV) ,rflags ,TEST,3,MOV,8,CALL_NEAR,5,XOR,2,JNZ,2,MOV,7,XOR,3,TEST,3,JNLE,2,JMP,2,0,1,0,0,0,CALL,0,1,1,1,0,0,JG,0,0,4249281,4256680,4249298,0,0,1,0,c,5.433129891095032e-12,1.0,1,0,1
0x40d6b8,JNZ,1,0,-24,2,0x40d6b5,CMP,1,NonLeaf,eax(-1) ,rflags ,CMP,3,CALL_NEAR,5,NOP,4,MOV,3,JZ,6,XOR,2,CALL_NEAR,5,MOV,8,TEST,3,JNZ,6,0,1,0,0,0,JE,0,0,0,0,0,0,XOR,1,0,4249269,4249248,4249274,0,0,0,0,c,5.433129891095032e-12,0.0,0,1,0
0x40d695,JZ,1,1,20,2,0x40d693,TEST,1,NonLeaf,eax(-1) eax(-1) ,rflags ,TEST,2,CALL_NEAR,5,JMP,2,CALL_NEAR,5,XOR,2,JMP,2,NOP,7,CMP,3,JZ,6,MOV,3,0,1,0,1,0,CALL,0,1,1,0,0,0,JMP,0,0,4249235,4249257,4249239,0,0,1,0,c,5.433129891095032e-12,1.0,1,0,1
0x40d670,JNZ,89,0,-24,2,0x40d66e,TEST,1,NonLeaf,eax(-1) eax(-1) ,rflags ,TEST,2,CALL_NEAR,5,JNL,2,CMP,6,ADD,4,MOV,7,MOV,5,MOV,3,LEA,4,XOR,2,0,1,1,0,0,JGE,0,0,1,0,0,0,CALL,0,1,4249198,4249176,4249202,0,0,0,1,c,4.835485603074578e-10,0.0,0,0,0
0x40d667,JNL,89,1,39,2,0x40d661,CMP,1,NonLeaf,eax(LEA) rbx(-1) ,rflags ,CMP,6,ADD,4,LEA,5,NOP,5,JMP,2,CALL_NEAR,5,TEST,2,JNZ,2,MOV,7,MOV,5,0,0,1,0,0,CALL,1,1,0,0,1,1,CALL,0,1,4249176,4249230,4249193,0,0,1,1,c,4.835485603074578e-10,0.0112359550561797,0,0,0
0x40d64f,JNLE,1,1,26,2,0x40d64c,TEST,1,NonLeaf,r13d(MOV) r13d(MOV) ,rflags ,TEST,3,XOR,3,MOV,7,JNZ,6,TEST,3,JMP,2,NOP,5,LEA,5,ADD,4,CMP,6,0,1,0,1,0,CALL,0,1,1,0,0,0,JMP,0,0,4249154,4249193,4249169,0,0,1,0,c,5.433129891095032e-12,1.0,1,0,1
0x40d63c,JNZ,1,1,7550,6,0x40d639,TEST,1,NonLeaf,r14d(MOV) r14d(MOV) ,rflags ,TEST,3,MOV,8,CALL_NEAR,5,XOR,2,JNZ,2,MOV,7,XOR,3,TEST,3,JNLE,2,JMP,2,0,1,0,0,0,CALL,0,1,1,1,0,0,JG,0,0,4249137,4256698,4249154,0,0,1,0,c,5.433129891095032e-12,1.0,1,0,1
0x40d628,JNZ,1,0,-24,2,0x40d625,CMP,1,NonLeaf,eax(-1) ,rflags ,CMP,3,CALL_NEAR,5,NOP,4,MOV,3,JZ,6,XOR,2,CALL_NEAR,5,MOV,8,TEST,3,JNZ,6,0,1,0,0,0,JE,0,0,0,0,0,0,XOR,1,0,4249125,4249104,4249130,0,0,0,0,c,5.433129891095032e-12,0.0,0,1,0
0x40d605,JZ,1,1,20,2,0x40d603,TEST,1,NonLeaf,eax(-1) eax(-1) ,rflags ,TEST,2,CALL_NEAR,5,JMP,2,CALL_NEAR,5,XOR,2,JMP,2,NOP,7,CMP,3,JZ,6,MOV,3,0,1,0,1,0,CALL,0,1,1,0,0,0,JMP,0,0,4249091,4249113,4249095,0,0,1,0,c,5.433129891095032e-12,1.0,1,0,1
0x40d5e0,JNZ,89,0,-24,2,0x40d5de,TEST,1,NonLeaf,eax(-1) eax(-1) ,rflags ,TEST,2,CALL_NEAR,5,JNL,2,CMP,6,ADD,4,MOV,7,MOV,5,MOV,3,LEA,4,XOR,2,0,1,1,0,0,JGE,0,0,1,0,0,0,CALL,0,1,4249054,4249032,4249058,0,0,0,1,c,4.835485603074578e-10,0.0,0,0,0
0x40d5d7,JNL,89,1,39,2,0x40d5d1,CMP,1,NonLeaf,eax(LEA) rbx(-1) ,rflags ,CMP,6,ADD,4,LEA,5,NOP,7,JMP,2,CALL_NEAR,5,TEST,2,JNZ,2,MOV,7,MOV,5,0,0,1,0,0,CALL,1,1,0,0,1,1,CALL,0,1,4249032,4249086,4249049,0,0,1,1,c,4.835485603074578e-10,0.0112359550561797,0,0,0
0x40d5bd,JNLE,1,1,28,2,0x40d5ba,TEST,1,NonLeaf,r15d(MOV) r15d(MOV) ,rflags ,TEST,3,XOR,3,MOV,7,JNZ,6,TEST,2,JMP,2,NOP,7,LEA,5,ADD,4,CMP,6,0,1,0,1,0,CALL,0,1,1,0,0,0,JMP,0,0,4249008,4249049,4249023,0,0,1,0,c,5.433129891095032e-12,1.0,1,0,1
0x40d5aa,JNZ,1,1,7128,6,0x40d5a8,TEST,1,NonLeaf,eax(MOV) eax(MOV) ,rflags ,TEST,2,MOV,7,CALL_NEAR,5,XOR,2,JNZ,2,MOV,7,XOR,3,TEST,3,JNLE,2,JMP,2,0,0,0,0,0,CALL,0,1,0,1,0,0,JG,0,0,4248993,4256130,4249008,0,0,1,0,c,5.433129891095032e-12,1.0,1,0,1
0x40d598,JNZ,1,0,-24,2,0x40d595,CMP,1,NonLeaf,eax(-1) ,rflags ,CMP,3,CALL_NEAR,5,NOP,4,MOV,3,JZ,6,XOR,2,CALL_NEAR,5,MOV,7,TEST,2,JNZ,6,0,1,0,0,0,JE,0,0,0,0,0,0,CALL,1,1,4248981,4248960,4248986,0,0,0,1,c,5.433129891095032e-12,0.0,0,1,0
0x40d575,JZ,1,1,20,2,0x40d573,TEST,1,NonLeaf,eax(-1) eax(-1) ,rflags ,TEST,2,CALL_NEAR,5,JMP,2,CALL_NEAR,5,XOR,2,JMP,2,NOP,7,CMP,3,JZ,6,MOV,3,0,1,0,1,0,CALL,0,1,1,0,0,0,JMP,0,0,4248947,4248969,4248951,0,0,1,0,c,5.433129891095032e-12,1.0,1,0,1
0x40d550,JNZ,41,0,-24,2,0x40d54e,TEST,1,NonLeaf,eax(-1) eax(-1) ,rflags ,TEST,2,CALL_NEAR,5,JNL,2,CMP,6,ADD,4,MOV,7,MOV,5,MOV,3,LEA,4,XOR,2,0,1,1,0,0,JGE,0,0,1,0,0,0,CALL,0,1,4248910,4248888,4248914,0,0,0,1,c,2.2275832553489631e-10,0.0,0,0,0
0x40d547,JNL,41,1,39,2,0x40d541,CMP,1,NonLeaf,eax(LEA) rbx(-1) ,rflags ,CMP,6,ADD,4,LEA,5,NOP,5,JMP,2,CALL_NEAR,5,TEST,2,JNZ,2,MOV,7,MOV,5,0,0,1,0,0,CALL,1,1,0,0,1,1,CALL,0,1,4248888,4248942,4248905,0,0,1,1,c,2.2275832553489631e-10,0.024390243902439,0,0,0
0x40d52f,JNLE,1,1,26,2,0x40d52d,TEST,1,NonLeaf,eax(MOV) eax(MOV) ,rflags ,TEST,2,XOR,3,MOV,6,JNZ,6,TEST,2,JMP,2,NOP,5,LEA,5,ADD,4,CMP,6,0,1,0,1,0,CALL,0,1,1,0,0,0,JMP,0,0,4248868,4248905,4248881,0,0,1,0,c,5.433129891095032e-12,1.0,1,0,1
0x40d51e,JNZ,1,1,7339,6,0x40d51c,TEST,1,NonLeaf,eax(MOV) eax(MOV) ,rflags ,TEST,2,MOV,7,CALL_NEAR,5,XOR,2,JNZ,2,MOV,6,XOR,3,TEST,2,JNLE,2,JMP,2,0,0,0,0,0,CALL,0,1,0,1,0,0,JG,0,0,4248853,4256201,4248868,0,0,1,0,c,5.433129891095032e-12,1.0,1,0,1
0x40d50c,JNZ,1,0,-20,2,0x40d509,CMP,1,NonLeaf,eax(-1) ,rflags ,CMP,3,CALL_NEAR,5,MOV,3,JZ,6,CMP,3,XOR,2,CALL_NEAR,5,MOV,7,TEST,2,JNZ,6,0,1,0,0,0,JE,0,0,0,0,0,0,CALL,1,1,4248841,4248824,4248846,0,0,0,1,c,5.433129891095032e-12,0.0,0,1,0
0x40d4f0,JZ,1,1,17,2,0x40d4eb,TEST,1,NonLeaf,eax(-1) eax(-1) ,rflags ,NOP,3,TEST,2,CALL_NEAR,5,JMP,2,CALL_NEAR,5,JMP,2,NOP,4,CMP,3,JZ,6,MOV,3,0,1,0,1,0,CALL,0,1,1,0,0,0,JMP,0,0,4248811,4248833,4248818,0,0,1,0,c,5.433129891095032e-12,1.0,1,0,1
0x40d4c8,JNZ,41,0,-24,2,0x40d4c6,TEST,1,NonLeaf,eax(-1) eax(-1) ,rflags ,TEST,2,CALL_NEAR,5,JNL,2,CMP,6,ADD,4,MOV,7,MOV,5,MOV,3,LEA,4,XOR,2,0,1,1,0,0,JGE,0,0,1,0,0,0,CALL,0,1,4248774,4248752,4248778,0,0,0,1,c,2.2275832553489631e-10,0.0,0,0,0
0x40d4bf,JNL,41,1,39,2,0x40d4b9,CMP,1,NonLeaf,eax(LEA) rbx(-1) ,rflags ,CMP,6,ADD,4,LEA,5,NOP,1,JMP,2,CALL_NEAR,5,TEST,2,JNZ,2,MOV,7,MOV,5,0,0,1,0,0,CALL,1,1,0,0,1,1,CALL,0,1,4248752,4248806,4248769,0,0,1,1,c,2.2275832553489631e-10,0.024390243902439,0,0,0
0x40d4ab,JNLE,1,1,22,2,0x40d4a9,TEST,1,NonLeaf,eax(MOV) eax(MOV) ,rflags ,TEST,2,XOR,3,MOV,6,JNZ,6,TEST,2,JMP,2,NOP,1,LEA,5,ADD,4,CMP,6,0,1,0,1,0,CALL,0,1,1,0,0,0,JMP,0,0,4248736,4248769,4248749,0,0,1,0,c,5.433129891095032e-12,1.0,1,0,1
0x40d49a,JNZ,1,1,7542,6,0x40d498,TEST,1,NonLeaf,eax(MOV) eax(MOV) ,rflags ,TEST,2,MOV,7,CALL_NEAR,5,XOR,2,JNZ,2,MOV,6,XOR,3,TEST,2,JNLE,2,JMP,2,0,0,0,0,0,CALL,0,1,0,1,0,0,JG,0,0,4248721,4256272,4248736,0,0,1,0,c,5.433129891095032e-12,1.0,1,0,1
0x40d488,JNZ,1,0,-24,2,0x40d485,CMP,1,NonLeaf,eax(-1) ,rflags ,CMP,3,CALL_NEAR,5,NOP,4,MOV,3,JZ,6,XOR,2,CALL_NEAR,5,MOV,7,TEST,2,JNZ,6,0,1,0,0,0,JE,0,0,0,0,0,0,CALL,1,1,4248709,4248688,4248714,0,0,0,1,c,5.433129891095032e-12,0.0,0,1,0
0x40d465,JZ,1,1,20,2,0x40d463,TEST,1,NonLeaf,eax(-1) eax(-1) ,rflags ,TEST,2,CALL_NEAR,5,MOV,3,LEA,3,MOV,7,JMP,2,NOP,7,CMP,3,JZ,6,MOV,3,0,1,0,1,0,CALL,0,1,1,0,0,0,JMP,0,0,4248675,4248697,4248679,0,0,1,0,c,5.433129891095032e-12,1.0,1,0,1
0x40d3db,JNZ,1202,0,-27,2,0x40d3d9,TEST,1,NonLeaf,eax(-1) eax(-1) ,rflags ,TEST,2,CALL_NEAR,5,JNL,2,CMP,2,ADD,4,MOV,7,MOV,5,MOV,3,LEA,4,XOR,2,0,1,1,0,0,JGE,0,0,1,0,0,0,CALL,0,1,4248537,4248512,4248541,0,0,0,1,c,6.530622129096229e-09,0.0,0,0,0
0x40d3d2,JNL,1202,1,124,2,0x40d3d0,CMP,1,NonLeaf,edx(LEA) eax(MOVSXD) ,rflags ,CMP,2,ADD,4,LEA,5,MOVSXD,7,NOP,9,CALL_NEAR,5,TEST,2,JNZ,2,MOV,7,MOV,5,0,0,1,0,0,CALL,1,1,0,0,1,1,CALL,0,1,4248512,4248654,4248532,0,0,1,1,c,6.530622129096229e-09,0.0008319467554076,0,0,0
0x40d3ac,JLE,1,0,159,6,0x40d3aa,TEST,1,NonLeaf,ecx(-1) ecx(-1) ,rflags ,TEST,2,JNZ,6,TEST,2,MOV,7,JNLE,6,XOR,3,JMP,2,NOP,9,MOVSXD,7,LEA,5,0,1,0,0,0,MOVSXD,0,0,1,0,0,0,JMP,0,0,4248490,4248651,4248498,0,0,0,0,c,5.433129891095032e-12,0.0,0,0,0
0x40d3a4,JNZ,1,1,8136,6,0x40d3a2,TEST,1,NonLeaf,eax(MOV) eax(MOV) ,rflags ,TEST,2,MOV,7,JNLE,6,CMP,7,ADD,2,TEST,2,JLE,6,XOR,3,JMP,2,NOP,9,0,1,0,0,0,CALL,0,1,1,1,0,0,JLE,0,0,4248475,4256620,4248490,0,0,1,0,c,5.433129891095032e-12,1.0,1,0,1
0x40d395,JNLE,61,60,-245,6,0x40d38e,CMP,1,NonLeaf,edx(ADD) rsp(-1) ,rflags ,CMP,7,ADD,2,MOVZX,3,SETNZ,3,CMP,2,MOV,7,TEST,2,JNZ,6,TEST,2,JLE,6,0,0,0,1,1,CALL,0,1,0,1,0,0,JNE,1,0,4248406,4248224,4248475,1,0,1,0,c,3.314209233567969e-10,0.9836065573770492,1,1,1
0x40d2fb,JNZ,4869,4869,-35,2,0x40d2f5,CMP,1,NonLeaf,eax(-1) ,rflags ,MOV,3,CMP,3,CALL_NEAR,5,MOV,3,JZ,2,MOV,7,XOR,2,MOV,5,MOV,5,ADD,4,0,1,0,0,0,JE,0,0,1,0,0,0,CALL,0,1,4248309,4248280,4248317,0,0,1,1,c,2.645390943974171e-08,1.0,1,0,1
0x40d2eb,JZ,4808,0,61,2,0x40d2e7,SUB,1,NonLeaf,r12d(SUB) ,r12d rflags ,SUB,4,ADD,4,JZ,6,MOV,3,CMP,2,MOV,3,CALL_NEAR,5,CMP,3,MOV,3,JNZ,2,0,0,0,0,0,CALL,1,1,0,0,1,1,CALL,0,1,4248291,4248360,4248301,0,0,1,1,c,2.6122488516384915e-08,0.0,0,0,0
0x40d2dd,JZ,4869,61,323,6,0x40d2d8,CMP,1,NonLeaf,al(-1) ,rflags ,MOV,3,CMP,2,NOP,6,JMP,2,MOV,6,ADD,4,SUB,4,JZ,2,MOV,3,CALL_NEAR,5,0,1,0,0,0,JMP,1,0,1,0,0,0,JE,0,0,4248280,4248608,4248291,0,0,1,0,c,2.645390943974171e-08,0.0125282398849866,0,0,0
0x40d2ae,JNZ,61,0,338,6,0x40d2ac,TEST,1,NonLeaf,eax(-1) eax(-1) ,rflags ,TEST,2,CALL_NEAR,5,MOV,7,NOP,8,MOV,11,ADD,8,XOR,3,MOV,3,MOV,8,MOV,6,0,1,0,0,0,XOR,0,0,1,0,0,0,JMP,0,0,4248236,4248576,4248244,0,0,0,1,c,3.314209233567969e-10,0.0,0,0,0
0x40d27b,JLE,1,0,288,6,0x40d279,TEST,1,NonLeaf,edx(ADD) edx(ADD) ,rflags ,TEST,2,ADD,2,MOVZX,3,SETNZ,3,CMP,2,MOV,12,MOV,11,NOP,8,MOV,7,CALL_NEAR,5,0,1,1,0,0,JNE,0,0,1,0,0,0,NOP,0,0,4248144,4248475,4248193,0,0,0,1,c,5.433129891095032e-12,0.0,0,0,0
0x40d24a,JNZ,1,1,8205,6,0x40d248,TEST,1,NonLeaf,edx(MOV) edx(MOV) ,rflags ,TEST,2,MOV,7,CALL_NEAR,5,XOR,2,JNZ,2,MOV,6,MOV,5,MOV,2,IMUL,2,MOV,2,0,0,0,0,0,CALL,0,1,0,1,0,0,JLE,0,0,4248129,4256343,4248144,0,0,1,0,c,5.433129891095032e-12,1.0,1,0,1
0x40d238,JNZ,1,0,-24,2,0x40d235,CMP,1,NonLeaf,eax(-1) ,rflags ,CMP,3,CALL_NEAR,5,NOP,4,MOV,3,JZ,6,XOR,2,CALL_NEAR,5,MOV,7,TEST,2,JNZ,6,0,1,0,0,0,JE,0,0,0,0,0,0,CALL,1,1,4248117,4248096,4248122,0,0,0,1,c,5.433129891095032e-12,0.0,0,1,0
0x40d212,JZ,1,1,23,2,0x40d210,TEST,1,NonLeaf,eax(-1) eax(-1) ,rflags ,TEST,2,CALL_NEAR,5,JMP,5,MOV,5,CALL_NEAR,5,JMP,2,NOP,10,CMP,3,JZ,6,MOV,3,0,1,0,1,0,CALL,0,1,1,0,0,0,JMP,0,0,4248080,4248105,4248084,0,0,1,0,c,5.433129891095032e-12,1.0,1,0,1
0x40d1b2,JNS,196,196,-66,2,0x40d1b0,TEST,1,NonLeaf,ecx(MOV) ecx(MOV) ,rflags ,TEST,2,MOV,4,MOV,7,CALL_NEAR,5,MOV,3,TEST,3,JZ,6,MOV,6,JMP,2,NOP,3,0,0,1,0,0,JLE,0,0,1,0,0,0,JE,0,0,4247973,4247920,4247988,0,0,0,0,c,1.064893458654626e-09,1.0,1,0,1
0x40d18c,JNZ,196,0,-28,2,0x40d18a,TEST,1,NonLeaf,eax(-1) eax(-1) ,rflags ,TEST,2,CALL_NEAR,5,JLE,6,CMP,7,ADD,4,MOV,3,ADD,7,MOV,5,MOV,3,CALL_NEAR,5,0,1,1,0,0,JLE,0,0,1,0,0,0,CALL,0,1,4247946,4247920,4247950,0,0,0,1,c,1.064893458654626e-09,0.0,0,0,0
0x40d17f,JLE,196,1,140,6,0x40d178,CMP,1,NonLeaf,rbx(-1) r12d(ADD) ,rflags ,CMP,7,ADD,4,ADD,4,NOP,4,JMP,5,CALL_NEAR,5,TEST,2,JNZ,2,MOV,3,ADD,7,0,0,1,0,0,CALL,1,1,0,0,1,1,CALL,0,1,4247920,4248075,4247941,0,0,1,1,c,1.064893458654626e-09,0.0051020408163265,0,0,0
0x40d165,JNLE,1,1,32,2,0x40d163,TEST,1,NonLeaf,esi(MOV) esi(MOV) ,rflags ,TEST,2,XOR,3,XOR,3,XOR,3,MOV,6,JMP,5,NOP,4,ADD,4,ADD,4,CMP,7,0,1,0,1,0,CALL,0,1,1,0,0,0,JMP,0,0,4247892,4247941,4247911,0,0,1,0,c,5.433129891095032e-12,1.0,1,0,1
0x40d14e,JNZ,1,1,8528,6,0x40d14c,TEST,1,NonLeaf,edi(MOV) edi(MOV) ,rflags ,TEST,2,MOV,7,CALL_NEAR,5,XOR,2,JNZ,2,MOV,6,XOR,3,XOR,3,XOR,3,TEST,2,0,0,0,0,0,CALL,0,1,0,1,0,0,JG,0,0,4247877,4256414,4247892,0,0,1,0,c,5.433129891095032e-12,1.0,1,0,1
0x40d13c,JNZ,1,0,-20,2,0x40d139,CMP,1,NonLeaf,eax(-1) ,rflags ,CMP,3,CALL_NEAR,5,MOV,3,JZ,6,CMP,3,XOR,2,CALL_NEAR,5,MOV,7,TEST,2,JNZ,6,0,1,0,0,0,JE,0,0,0,0,0,0,CALL,1,1,4247865,4247848,4247870,0,0,0,1,c,5.433129891095032e-12,0.0,0,1,0
0x40d11e,JZ,1,1,19,2,0x40d11c,TEST,1,NonLeaf,eax(-1) eax(-1) ,rflags ,TEST,2,CALL_NEAR,5,JNLE,2,CMP,3,ADD,4,JMP,2,NOP,6,CMP,3,JZ,6,MOV,3,0,1,0,1,0,CALL,0,1,1,0,0,0,JMP,0,0,4247836,4247857,4247840,0,0,1,0,c,5.433129891095032e-12,1.0,1,0,1
0x40d115,JNLE,19030,19029,-47,2,0x40d112,CMP,1,NonLeaf,rbx(-1) eax(LEA) ,rflags ,CMP,3,ADD,4,LEA,5,CALL_NEAR,5,XOR,2,CALL_NEAR,5,TEST,2,JZ,2,JMP,2,NOP,6,0,0,0,1,1,CALL,0,1,0,1,0,0,CALL,1,1,4247817,4247782,4247831,0,0,1,1,c,1.0339246182753849e-07,0.999947451392538,1,1,1
0x40d0ed,JNZ,19030,0,-21,2,0x40d0eb,TEST,1,NonLeaf,eax(-1) eax(-1) ,rflags ,TEST,2,CALL_NEAR,5,JLE,2,CMP,3,ADD,4,MOV,7,MOV,5,MOV,3,LEA,4,XOR,2,0,1,0,0,0,JLE,0,0,1,0,0,0,CALL,0,1,4247787,4247768,4247791,0,0,0,1,c,1.0339246182753849e-07,0.0,0,0,0
0x40d0d0,JNLE,1,1,22,2,0x40d0cd,TEST,1,NonLeaf,r8d(MOV) r8d(MOV) ,rflags ,TEST,3,XOR,3,MOV,4,JNZ,6,TEST,3,JMP,2,NOP,4,LEA,5,ADD,4,CMP,3,0,1,0,1,0,CALL,0,1,1,0,0,0,JMP,0,0,4247750,4247782,4247762,0,0,1,0,c,5.433129891095032e-12,1.0,1,0,1
0x40d0c0,JNZ,1,1,8840,6,0x40d0bd,TEST,1,NonLeaf,r9d(MOV) r9d(MOV) ,rflags ,TEST,3,MOV,8,CALL_NEAR,5,XOR,2,JNZ,2,MOV,4,XOR,3,TEST,3,JNLE,2,JMP,2,0,1,0,0,0,CALL,0,1,1,1,0,0,JG,0,0,4247733,4256584,4247750,0,0,1,0,c,5.433129891095032e-12,1.0,1,0,1
0x40d0ac,JNZ,1,0,-20,2,0x40d0a9,CMP,1,NonLeaf,eax(-1) ,rflags ,CMP,3,CALL_NEAR,5,MOV,3,JZ,6,CMP,3,XOR,2,CALL_NEAR,5,MOV,8,TEST,3,JNZ,6,0,1,0,0,0,JE,0,0,0,0,0,0,XOR,1,0,4247721,4247704,4247726,0,0,0,0,c,5.433129891095032e-12,0.0,0,1,0
0x40d08e,JZ,1,1,19,2,0x40d08c,TEST,1,NonLeaf,eax(-1) eax(-1) ,rflags ,TEST,2,CALL_NEAR,5,JL,2,CMP,3,ADD,4,JMP,2,NOP,6,CMP,3,JZ,6,MOV,3,0,1,0,1,0,CALL,0,1,1,0,0,0,JMP,0,0,4247692,4247713,4247696,0,0,1,0,c,5.433129891095032e-12,1.0,1,0,1
0x40d085,JL,19030,19029,-47,2,0x40d082,CMP,1,NonLeaf,eax(LEA) rbx(-1) ,rflags ,CMP,3,ADD,4,LEA,5,CALL_NEAR,5,XOR,2,CALL_NEAR,5,TEST,2,JZ,2,JMP,2,NOP,6,0,0,0,1,1,CALL,0,1,0,1,0,0,CALL,1,1,4247673,4247638,4247687,0,0,1,1,c,1.0339246182753849e-07,0.999947451392538,1,1,1
0x40d05d,JNZ,19030,0,-21,2,0x40d05b,TEST,1,NonLeaf,eax(-1) eax(-1) ,rflags ,TEST,2,CALL_NEAR,5,JNL,2,CMP,3,ADD,4,MOV,7,MOV,5,MOV,3,LEA,4,XOR,2,0,1,0,0,0,JGE,0,0,1,0,0,0,CALL,0,1,4247643,4247624,4247647,0,0,0,1,c,1.0339246182753849e-07,0.0,0,0,0
0x40d040,JNLE,1,1,22,2,0x40d03d,TEST,1,NonLeaf,r10d(MOV) r10d(MOV) ,rflags ,TEST,3,XOR,3,MOV,4,JNZ,6,TEST,3,JMP,2,NOP,4,LEA,5,ADD,4,CMP,3,0,1,0,1,0,CALL,0,1,1,0,0,0,JMP,0,0,4247606,4247638,4247618,0,0,1,0,c,5.433129891095032e-12,1.0,1,0,1
0x40d030,JNZ,1,1,9002,6,0x40d02d,TEST,1,NonLeaf,r11d(MOV) r11d(MOV) ,rflags ,TEST,3,MOV,8,CALL_NEAR,5,XOR,2,JNZ,2,MOV,4,XOR,3,TEST,3,JNLE,2,JMP,2,0,1,0,0,0,CALL,0,1,1,1,0,0,JG,0,0,4247589,4256602,4247606,0,0,1,0,c,5.433129891095032e-12,1.0,1,0,1
0x40d01c,JNZ,1,0,-20,2,0x40d019,CMP,1,NonLeaf,eax(-1) ,rflags ,CMP,3,CALL_NEAR,5,MOV,3,JZ,6,CMP,3,XOR,2,CALL_NEAR,5,MOV,8,TEST,3,JNZ,6,0,1,0,0,0,JE,0,0,0,0,0,0,XOR,1,0,4247577,4247560,4247582,0,0,0,0,c,5.433129891095032e-12,0.0,0,1,0
0x40cffe,JZ,1,1,19,2,0x40cffc,TEST,1,NonLeaf,eax(-1) eax(-1) ,rflags ,TEST,2,CALL_NEAR,5,JNLE,2,CMP,3,ADD,4,JMP,2,NOP,6,CMP,3,JZ,6,MOV,3,0,1,0,1,0,CALL,0,1,1,0,0,0,JMP,0,0,4247548,4247569,4247552,0,0,1,0,c,5.433129891095032e-12,1.0,1,0,1
0x40cff5,JNLE,19030,19029,-47,2,0x40cff2,CMP,1,NonLeaf,rbx(-1) eax(LEA) ,rflags ,CMP,3,ADD,4,LEA,5,CALL_NEAR,5,XOR,2,CALL_NEAR,5,TEST,2,JZ,2,JMP,2,NOP,6,0,0,0,1,1,CALL,0,1,0,1,0,0,CALL,1,1,4247529,4247494,4247543,0,0,1,1,c,1.0339246182753849e-07,0.999947451392538,1,1,1
0x40cfcd,JNZ,19030,0,-21,2,0x40cfcb,TEST,1,NonLeaf,eax(-1) eax(-1) ,rflags ,TEST,2,CALL_NEAR,5,JLE,2,CMP,3,ADD,4,MOV,7,MOV,5,MOV,3,LEA,4,XOR,2,0,1,0,0,0,JLE,0,0,1,0,0,0,CALL,0,1,4247499,4247480,4247503,0,0,0,1,c,1.0339246182753849e-07,0.0,0,0,0
0x40cfb0,JNLE,1,1,22,2,0x40cfad,TEST,1,NonLeaf,r13d(MOV) r13d(MOV) ,rflags ,TEST,3,XOR,3,MOV,4,JNZ,6,TEST,3,JMP,2,NOP,4,LEA,5,ADD,4,CMP,3,0,1,0,1,0,CALL,0,1,1,0,0,0,JMP,0,0,4247462,4247494,4247474,0,0,1,0,c,5.433129891095032e-12,1.0,1,0,1
0x40cfa0,JNZ,1,1,10209,6,0x40cf9d,TEST,1,NonLeaf,r14d(MOV) r14d(MOV) ,rflags ,TEST,3,MOV,8,CALL_NEAR,5,XOR,2,JNZ,2,MOV,4,XOR,3,TEST,3,JNLE,2,JMP,2,0,1,0,0,0,CALL,0,1,1,1,0,0,JG,0,0,4247445,4257665,4247462,0,0,1,0,c,5.433129891095032e-12,1.0,1,0,1
0x40cf8c,JNZ,1,0,-20,2,0x40cf89,CMP,1,NonLeaf,eax(-1) ,rflags ,CMP,3,CALL_NEAR,5,MOV,3,JZ,6,CMP,3,XOR,2,CALL_NEAR,5,MOV,8,TEST,3,JNZ,6,0,1,0,0,0,JE,0,0,0,0,0,0,XOR,1,0,4247433,4247416,4247438,0,0,0,0,c,5.433129891095032e-12,0.0,0,1,0
0x40cf6e,JZ,1,1,19,2,0x40cf6c,TEST,1,NonLeaf,eax(-1) eax(-1) ,rflags ,TEST,2,CALL_NEAR,5,JNLE,2,CMP,3,ADD,4,JMP,2,NOP,6,CMP,3,JZ,6,MOV,3,0,1,0,1,0,CALL,0,1,1,0,0,0,JMP,0,0,4247404,4247425,4247408,0,0,1,0,c,5.433129891095032e-12,1.0,1,0,1
0x40cf65,JNLE,19030,19029,-47,2,0x40cf62,CMP,1,NonLeaf,rbx(-1) eax(LEA) ,rflags ,CMP,3,ADD,4,LEA,5,CALL_NEAR,5,XOR,2,CALL_NEAR,5,TEST,2,JZ,2,JMP,2,NOP,6,0,0,0,1,1,CALL,0,1,0,1,0,0,CALL,1,1,4247385,4247350,4247399,0,0,1,1,c,1.0339246182753849e-07,0.999947451392538,1,1,1
0x40cf3d,JNZ,19030,0,-21,2,0x40cf3b,TEST,1,NonLeaf,eax(-1) eax(-1) ,rflags ,TEST,2,CALL_NEAR,5,JLE,2,CMP,3,ADD,4,MOV,7,MOV,5,MOV,3,LEA,4,XOR,2,0,1,0,0,0,JLE,0,0,1,0,0,0,CALL,0,1,4247355,4247336,4247359,0,0,0,1,c,1.0339246182753849e-07,0.0,0,0,0
0x40cf1e,JNLE,1,1,24,2,0x40cf1c,TEST,1,NonLeaf,ecx(-1) ecx(-1) ,rflags ,TEST,2,XOR,3,JNZ,6,TEST,3,MOV,8,JMP,2,NOP,6,LEA,5,ADD,4,CMP,3,0,1,0,1,0,CALL,0,1,1,0,0,0,JMP,0,0,4247321,4247350,4247328,0,0,1,0,c,5.433129891095032e-12,1.0,1,0,1
0x40cf13,JNZ,1,1,10368,6,0x40cf10,TEST,1,NonLeaf,r15d(MOV) r15d(MOV) ,rflags ,TEST,3,MOV,8,JNLE,6,CMP,7,ADD,2,XOR,3,TEST,2,JNLE,2,JMP,2,NOP,6,0,1,0,0,0,CALL,0,1,1,1,0,0,JG,0,0,4247304,4257683,4247321,0,0,1,0,c,5.433129891095032e-12,1.0,1,0,1
0x40cf02,JNLE,952,951,-242,6,0x40cefb,CMP,1,NonLeaf,edx(ADD) rsp(-1) ,rflags ,CMP,7,ADD,2,MOVZX,3,SETNZ,3,CMP,2,MOV,8,TEST,3,JNZ,6,XOR,3,TEST,2,0,0,0,1,1,CALL,0,1,0,1,0,0,JNE,1,0,4247238,4247056,4247304,1,0,1,0,c,5.1723396563224705e-09,0.9989495798319328,1,1,1
0x40ce6b,JNZ,77072,77072,-35,2,0x40ce65,CMP,1,NonLeaf,eax(-1) ,rflags ,MOV,3,CMP,3,CALL_NEAR,5,MOV,3,JZ,2,MOV,7,XOR,2,MOV,5,MOV,5,ADD,4,0,1,0,0,0,JE,0,0,1,0,0,0,CALL,0,1,4247141,4247112,4247149,0,0,1,1,c,4.1874218696647634e-07,1.0,1,0,1
0x40ce5b,JZ,76120,0,61,2,0x40ce57,SUB,1,NonLeaf,r12d(SUB) ,r12d rflags ,SUB,4,ADD,4,JZ,6,MOV,3,CMP,2,MOV,3,CALL_NEAR,5,CMP,3,MOV,3,JNZ,2,0,0,0,0,0,CALL,1,1,0,0,1,1,CALL,0,1,4247123,4247192,4247133,0,0,1,1,c,4.1356984731015386e-07,0.0,0,0,0
0x40ce4d,JZ,77072,952,915,6,0x40ce48,CMP,1,NonLeaf,al(-1) ,rflags ,MOV,3,CMP,2,NOP,6,JMP,2,MOV,6,ADD,4,SUB,4,JZ,2,MOV,3,CALL_NEAR,5,0,1,0,0,0,JMP,1,0,1,0,0,0,JE,0,0,4247112,4248032,4247123,0,0,1,0,c,4.1874218696647634e-07,0.0123520863608054,0,0,0
0x40ce1e,JNZ,952,0,938,6,0x40ce1c,TEST,1,NonLeaf,eax(-1) eax(-1) ,rflags ,TEST,2,CALL_NEAR,5,MOV,7,NOP,5,MOV,11,ADD,8,XOR,3,MOV,3,MOV,8,MOV,6,0,1,0,0,0,XOR,0,0,1,0,0,0,JMP,0,0,4247068,4248008,4247076,0,0,0,1,c,5.1723396563224705e-09,0.0,0,0,0
0x40cdee,JLE,1,0,282,6,0x40cdec,TEST,1,NonLeaf,edx(ADD) edx(ADD) ,rflags ,TEST,2,ADD,2,MOVZX,3,SETNZ,3,CMP,2,MOV,12,MOV,11,NOP,5,MOV,7,CALL_NEAR,5,0,1,1,0,0,JNE,0,0,1,0,0,0,NOP,0,0,4246982,4247304,4247028,0,0,0,1,c,5.433129891095032e-12,0.0,0,0,0
0x40cdc0,JNZ,1,1,10728,6,0x40cdbe,TEST,1,NonLeaf,eax(MOV) eax(MOV) ,rflags ,TEST,2,MOV,7,MOV,7,JZ,6,TEST,3,MOV,3,MOV,5,MOV,2,IMUL,2,MOV,2,0,1,0,0,0,CALL,0,1,1,1,0,0,JLE,0,0,4246960,4257704,4246982,0,0,1,0,c,5.433129891095032e-12,1.0,1,0,1
0x40cdaa,JZ,1,0,13798,6,0x40cda7,TEST,1,NonLeaf,rax(-1) rax(-1) ,rflags ,TEST,3,CALL_NEAR,5,MOV,3,MOV,7,JZ,6,MOV,7,MOV,7,TEST,2,JNZ,6,MOV,3,0,1,0,0,0,CALL,0,1,0,1,0,0,JNE,0,0,4246951,4260752,4246960,0,1,1,1,c,5.433129891095032e-12,0.0,0,0,0
0x40cd92,JZ,1,0,13760,6,0x40cd8f,TEST,1,NonLeaf,rax(-1) rax(-1) ,rflags ,TEST,3,CALL_NEAR,5,MOV,3,MOV,7,JZ,6,MOV,7,MOV,3,CALL_NEAR,5,TEST,3,JZ,6,0,1,0,0,0,CALL,0,1,1,0,0,0,MOV,0,0,4246927,4260690,4246936,0,0,1,1,c,5.433129891095032e-12,0.0,0,0,0
0x40cd7a,JZ,1,0,12548,6,0x40cd77,TEST,1,NonLeaf,rax(-1) rax(-1) ,rflags ,TEST,3,CALL_NEAR,5,MOV,3,JZ,6,TEST,3,MOV,7,MOV,3,CALL_NEAR,5,TEST,3,JZ,6,0,1,0,0,0,CALL,0,1,1,0,0,0,MOV,0,0,4246903,4259454,4246912,0,0,1,1,c,5.433129891095032e-12,0.0,0,0,0
0x40cd69,JZ,1,0,11207,6,0x40cd66,TEST,1,NonLeaf,r12(SHL) r12(SHL) ,rflags ,TEST,3,SHL,4,JZ,6,MOV,8,TEST,3,MOV,3,CALL_NEAR,5,TEST,3,JZ,6,MOV,7,0,1,0,0,0,MOV,0,0,1,0,0,0,CALL,0,1,4246882,4258096,4246895,0,0,1,1,c,5.433129891095032e-12,0.0,0,0,0
0x40cd5c,JZ,1,0,12534,6,0x40cd51,TEST,1,NonLeaf,rax(-1) rax(-1) ,rflags ,MOV,8,TEST,3,CALL_NEAR,5,MOV,3,JZ,2,SHL,4,TEST,3,JZ,6,MOV,3,CALL_NEAR,5,0,1,0,0,0,CALL,0,1,0,1,0,0,JE,0,0,4246865,4259410,4246882,0,0,1,0,c,5.433129891095032e-12,0.0,0,0,0
0x40cd47,JZ,1,0,27,2,0x40cd44,TEST,1,NonLeaf,r13(SHL) r13(SHL) ,rflags ,TEST,3,SHL,4,MOV,12,MOV,7,LEA,4,MOV,3,CALL_NEAR,5,TEST,3,MOV,8,JZ,6,0,1,1,0,0,JE,0,0,1,0,0,0,CALL,0,1,4246825,4246882,4246857,0,0,0,1,c,5.433129891095032e-12,0.0,0,0,0
0x40cd23,JZ,1,0,12557,6,0x40cd20,TEST,1,NonLeaf,rax(-1) rax(-1) ,rflags ,TEST,3,CALL_NEAR,5,MOV,3,JZ,2,TEST,3,LEA,4,MOV,7,MOV,12,SHL,4,TEST,3,0,1,0,0,0,CALL,0,1,0,1,0,0,JE,0,0,4246816,4259376,4246825,0,0,1,1,c,5.433129891095032e-12,0.0,0,0,0
0x40cd16,JZ,1,0,19,2,0x40cd13,TEST,1,NonLeaf,r13(SHL) r13(SHL) ,rflags ,TEST,3,SHL,4,XOR,2,MOV,7,LEA,4,MOV,3,CALL_NEAR,5,TEST,3,JZ,6,LEA,4,0,1,1,0,0,JE,0,0,1,0,0,0,CALL,0,1,4246786,4246825,4246808,0,0,1,1,c,5.433129891095032e-12,0.0,0,0,0
0x40ccfc,JZ,1,0,13876,6,0x40ccf9,TEST,1,NonLeaf,rax(-1) rax(-1) ,rflags ,TEST,3,CALL_NEAR,5,MOV,3,MOV,7,JZ,6,LEA,4,MOV,7,XOR,2,SHL,4,TEST,3,0,1,0,0,0,CALL,0,1,0,1,0,0,JE,0,0,4246777,4260656,4246786,0,1,1,1,c,5.433129891095032e-12,0.0,0,0,0
0x40cce4,JZ,1,0,13838,6,0x40cce1,TEST,1,NonLeaf,rax(-1) rax(-1) ,rflags ,TEST,3,CALL_NEAR,5,MOV,3,MOV,7,JZ,6,MOV,7,MOV,3,CALL_NEAR,5,TEST,3,JZ,6,0,1,0,0,0,CALL,0,1,1,0,0,0,MOV,0,0,4246753,4260594,4246762,0,0,1,1,c,5.433129891095032e-12,0.0,0,0,0
0x40cccc,JZ,1,0,12578,6,0x40ccc9,TEST,1,NonLeaf,rax(-1) rax(-1) ,rflags ,TEST,3,CALL_NEAR,5,MOV,3,JZ,6,MOV,7,MOV,7,MOV,3,CALL_NEAR,5,TEST,3,JZ,6,0,1,0,0,0,CALL,0,1,1,0,0,0,MOV,0,0,4246729,4259310,4246738,0,0,1,1,c,5.433129891095032e-12,0.0,0,0,0
0x40ccbb,JZ,1,0,11410,6,0x40ccb1,TEST,1,NonLeaf,r13(-1) r13(-1) ,rflags ,MOV,7,TEST,3,JZ,6,MOV,3,TEST,3,MOV,3,CALL_NEAR,5,TEST,3,JZ,6,MOV,7,0,1,0,0,0,MOV,0,0,1,0,0,0,CALL,0,1,4246705,4258125,4246721,0,0,1,1,c,5.433129891095032e-12,0.0,0,0,0
0x40ccab,JZ,1,0,13855,6,0x40cca5,TEST,1,NonLeaf,rax(-1) rax(-1) ,rflags ,MOV,3,TEST,3,CALL_NEAR,5,MOV,3,MOV,7,TEST,3,MOV,7,JZ,6,MOV,3,CALL_NEAR,5,0,1,0,0,0,CALL,0,1,1,1,0,0,JE,0,0,4246693,4260554,4246705,0,0,1,1,c,5.433129891095032e-12,0.0,0,0,0
0x40cc90,JZ,1,0,13838,6,0x40cc8a,TEST,1,NonLeaf,rax(-1) rax(-1) ,rflags ,MOV,3,TEST,3,CALL_NEAR,5,MOV,3,LEA,4,MOV,7,MOV,3,CALL_NEAR,5,TEST,3,MOV,3,0,1,0,0,0,CALL,0,1,1,1,0,0,CALL,0,1,4246666,4260510,4246678,0,0,1,1,c,5.433129891095032e-12,0.0,0,0,0
0x40cc3c,JZ,1,1,11566,6,0x40cc39,TEST,1,NonLeaf,r12(SHL) r12(SHL) ,rflags ,TEST,3,SHL,4,MOV,7,MOVSXD,7,JZ,6,MOV,3,CALL_NEAR,5,TEST,3,JZ,6,MOV,7,0,1,0,0,0,JMP,0,0,1,0,0,0,CALL,0,1,4246567,4258154,4246594,0,0,1,1,c,5.433129891095032e-12,1.0,1,0,1
0x40cc21,JZ,1,0,12719,6,0x40cc1e,TEST,1,NonLeaf,rax(-1) rax(-1) ,rflags ,TEST,3,CALL_NEAR,5,MOV,3,JZ,2,TEST,3,MOVSXD,7,MOV,7,SHL,4,TEST,3,JZ,6,0,1,0,0,0,CALL,0,1,0,1,0,0,JE,0,0,4246558,4259280,4246567,0,0,1,1,c,5.433129891095032e-12,0.0,0,0,0
0x40cc14,JZ,1,0,19,2,0x40cc11,TEST,1,NonLeaf,r12(SHL) r12(SHL) ,rflags ,TEST,3,SHL,4,XOR,2,MOV,7,MOVSXD,7,MOV,3,CALL_NEAR,5,TEST,3,JZ,6,MOVSXD,7,0,1,1,0,0,JE,0,0,1,0,0,0,CALL,0,1,4246525,4246567,4246550,0,0,1,1,c,5.433129891095032e-12,0.0,0,0,0
0x40cbf7,JZ,1,0,14521,6,0x40cbf4,TEST,1,NonLeaf,rax(-1) rax(-1) ,rflags ,TEST,3,CALL_NEAR,5,MOV,3,MOV,7,JZ,6,MOVSXD,7,MOV,7,XOR,2,SHL,4,TEST,3,0,1,0,0,0,CALL,0,1,0,1,0,0,JE,0,0,4246516,4261040,4246525,0,1,1,1,c,5.433129891095032e-12,0.0,0,0,0
0x40cbdf,JZ,1,0,14479,6,0x40cbdc,TEST,1,NonLeaf,rax(-1) rax(-1) ,rflags ,TEST,3,CALL_NEAR,5,MOV,3,MOV,7,JZ,6,MOV,7,MOV,3,CALL_NEAR,5,TEST,3,JZ,6,0,1,0,0,0,CALL,0,1,1,0,0,0,MOV,0,0,4246492,4260974,4246501,0,0,1,1,c,5.433129891095032e-12,0.0,0,0,0
0x40cbc7,JZ,1,0,12521,6,0x40cbc4,TEST,1,NonLeaf,rax(-1) rax(-1) ,rflags ,TEST,3,CALL_NEAR,5,MOV,3,MOV,7,JZ,6,MOV,7,MOV,3,CALL_NEAR,5,TEST,3,JZ,6,0,1,0,0,0,CALL,0,1,1,0,0,0,MOV,0,0,4246468,4258992,4246477,0,0,1,1,c,5.433129891095032e-12,0.0,0,0,0
0x40cbaf,JZ,1,0,12476,6,0x40cbac,TEST,1,NonLeaf,rax(-1) rax(-1) ,rflags ,TEST,3,CALL_NEAR,5,MOV,3,MOV,7,JZ,6,MOV,7,MOV,3,CALL_NEAR,5,TEST,3,JZ,6,0,1,0,0,0,CALL,0,1,1,0,0,0,MOV,0,0,4246444,4258923,4246453,0,0,1,1,c,5.433129891095032e-12,0.0,0,0,0
0x40cb97,JZ,1,0,12663,6,0x40cb94,TEST,1,NonLeaf,rax(-1) rax(-1) ,rflags ,TEST,3,CALL_NEAR,5,MOV,3,JZ,6,TEST,3,MOV,7,MOV,3,CALL_NEAR,5,TEST,3,JZ,6,0,1,0,0,0,CALL,0,1,1,0,0,0,MOV,0,0,4246420,4259086,4246429,0,0,1,1,c,5.433129891095032e-12,0.0,0,0,0
0x40cb86,JZ,1,0,11766,6,0x40cb83,TEST,1,NonLeaf,r12(SHL) r12(SHL) ,rflags ,TEST,3,SHL,4,MOV,7,MOVSXD,7,JZ,6,MOV,3,CALL_NEAR,5,TEST,3,JZ,6,MOV,7,0,1,0,0,0,MOV,0,0,1,0,0,0,CALL,0,1,4246385,4258172,4246412,0,0,1,1,c,5.433129891095032e-12,0.0,0,0,0
0x40cb6b,JZ,1,0,13237,6,0x40cb68,TEST,1,NonLeaf,rax(-1) rax(-1) ,rflags ,TEST,3,CALL_NEAR,5,MOV,3,MOV,7,JZ,6,MOVSXD,7,MOV,7,SHL,4,TEST,3,JZ,6,0,1,0,0,0,CALL,0,1,0,1,0,0,JE,0,0,4246376,4259616,4246385,0,0,1,1,c,5.433129891095032e-12,0.0,0,0,0
0x40cb53,JZ,1,0,13202,6,0x40cb50,TEST,1,NonLeaf,rax(-1) rax(-1) ,rflags ,TEST,3,CALL_NEAR,5,MOV,3,JZ,6,TEST,3,MOV,7,MOV,3,CALL_NEAR,5,TEST,3,JZ,6,0,1,0,0,0,CALL,0,1,1,0,0,0,MOV,0,0,4246352,4259557,4246361,0,0,1,1,c,5.433129891095032e-12,0.0,0,0,0
0x40cb42,JZ,1,0,11885,6,0x40cb3f,TEST,1,NonLeaf,r12(SHL) r12(SHL) ,rflags ,TEST,3,SHL,4,MOV,7,MOVSXD,4,CALL_NEAR,5,MOV,3,CALL_NEAR,5,TEST,3,JZ,6,MOV,7,0,1,0,0,0,JMP,0,0,1,0,0,0,CALL,0,1,4246320,4258223,4246344,0,0,1,1,c,5.433129891095032e-12,0.0,0,0,0
0x40ca42,JZ,1,0,12974,6,0x40ca3f,TEST,1,NonLeaf,rax(-1) rax(-1) ,rflags ,TEST,3,CALL_NEAR,5,MOV,3,MOV,7,JZ,6,MOVSXD,4,MOV,7,SHL,4,CALL_NEAR,5,MOVSXD,4,0,1,0,0,0,CALL,0,1,0,1,0,0,CALL,0,1,4246079,4259056,4246088,0,0,1,1,c,5.433129891095032e-12,0.0,0,0,0
0x40ca2a,JZ,1,0,13158,6,0x40ca27,TEST,1,NonLeaf,rax(-1) rax(-1) ,rflags ,TEST,3,CALL_NEAR,5,MOV,3,MOV,7,JZ,6,MOV,7,MOV,3,CALL_NEAR,5,TEST,3,JZ,6,0,1,0,0,0,CALL,0,1,1,0,0,0,MOV,0,0,4246055,4259216,4246064,0,0,1,1,c,5.433129891095032e-12,0.0,0,0,0
0x40ca12,JZ,1,0,13118,6,0x40ca0f,TEST,1,NonLeaf,rax(-1) rax(-1) ,rflags ,TEST,3,CALL_NEAR,5,MOV,3,JZ,6,TEST,3,MOV,7,MOV,3,CALL_NEAR,5,TEST,3,JZ,6,0,1,0,0,0,CALL,0,1,1,0,0,0,MOV,0,0,4246031,4259152,4246040,0,0,1,1,c,5.433129891095032e-12,0.0,0,0,0
0x40ca01,JZ,1,0,12224,6,0x40c9fe,TEST,1,NonLeaf,r12(SHL) r12(SHL) ,rflags ,TEST,3,SHL,4,MOV,7,MOVSXD,7,JZ,6,MOV,3,CALL_NEAR,5,TEST,3,JZ,6,MOV,7,0,1,0,0,0,MOV,0,0,1,0,0,0,CALL,0,1,4245996,4258241,4246023,0,0,1,1,c,5.433129891095032e-12,0.0,0,0,0
0x40c9e6,JZ,1,0,14860,6,0x40c9e3,TEST,1,NonLeaf,rax(-1) rax(-1) ,rflags ,TEST,3,CALL_NEAR,5,MOV,3,MOV,7,JZ,6,MOVSXD,7,MOV,7,SHL,4,TEST,3,JZ,6,0,1,0,0,0,CALL,0,1,0,1,0,0,JE,0,0,4245987,4260850,4245996,0,0,1,1,c,5.433129891095032e-12,0.0,0,0,0
0x40c9ce,JZ,1,0,14194,6,0x40c9cb,TEST,1,NonLeaf,rax(-1) rax(-1) ,rflags ,TEST,3,CALL_NEAR,5,MOV,3,MOV,7,JZ,6,MOV,7,MOV,3,CALL_NEAR,5,TEST,3,JZ,6,0,1,0,0,0,CALL,0,1,1,0,0,0,MOV,0,0,4245963,4260160,4245972,0,0,1,1,c,5.433129891095032e-12,0.0,0,0,0
0x40c9b6,JZ,1,0,14154,6,0x40c9b3,TEST,1,NonLeaf,rax(-1) rax(-1) ,rflags ,TEST,3,CALL_NEAR,5,MOV,3,JZ,6,TEST,3,MOV,7,MOV,3,CALL_NEAR,5,TEST,3,JZ,6,0,1,0,0,0,CALL,0,1,1,0,0,0,MOV,0,0,4245939,4260096,4245948,0,0,1,1,c,5.433129891095032e-12,0.0,0,0,0
0x40c9a5,JZ,1,0,12066,6,0x40c9a2,TEST,1,NonLeaf,r12(SHL) r12(SHL) ,rflags ,TEST,3,SHL,4,MOV,7,MOVSXD,4,JZ,6,MOV,3,CALL_NEAR,5,TEST,3,JZ,6,MOV,7,0,1,0,0,0,MOV,0,0,1,0,0,0,CALL,0,1,4245907,4257991,4245931,0,0,1,1,c,5.433129891095032e-12,0.0,0,0,0
0x40c98d,JZ,1,0,14035,6,0x40c98a,TEST,1,NonLeaf,rax(-1) rax(-1) ,rflags ,TEST,3,CALL_NEAR,5,MOV,3,MOV,7,JZ,6,MOVSXD,4,MOV,7,SHL,4,TEST,3,JZ,6,0,1,0,0,0,CALL,0,1,0,1,0,0,JE,0,0,4245898,4259936,4245907,0,0,1,1,c,5.433129891095032e-12,0.0,0,0,0
0x40c975,JZ,1,0,13991,6,0x40c972,TEST,1,NonLeaf,rax(-1) rax(-1) ,rflags ,TEST,3,CALL_NEAR,5,MOV,3,JZ,6,TEST,3,MOV,7,MOV,3,CALL_NEAR,5,TEST,3,JZ,6,0,1,0,0,0,CALL,0,1,1,0,0,0,MOV,0,0,4245874,4259868,4245883,0,0,1,1,c,5.433129891095032e-12,0.0,0,0,0
0x40c964,JZ,1,0,12160,6,0x40c961,TEST,1,NonLeaf,r12(SHL) r12(SHL) ,rflags ,TEST,3,SHL,4,MOV,7,MOVSXD,7,JZ,6,MOV,3,CALL_NEAR,5,TEST,3,JZ,6,MOV,7,0,1,0,0,0,JMP,0,0,1,0,0,0,CALL,0,1,4245839,4258020,4245866,0,0,1,1,c,5.433129891095032e-12,0.0,0,0,0
0x40c949,JZ,1,0,14005,6,0x40c946,TEST,1,NonLeaf,rax(-1) rax(-1) ,rflags ,TEST,3,CALL_NEAR,5,MOV,3,JZ,2,TEST,3,MOVSXD,7,MOV,7,SHL,4,TEST,3,JZ,6,0,1,0,0,0,CALL,0,1,0,1,0,0,JE,0,0,4245830,4259838,4245839,0,0,1,1,c,5.433129891095032e-12,0.0,0,0,0
0x40c93c,JZ,1,0,19,2,0x40c939,TEST,1,NonLeaf,r12(SHL) r12(SHL) ,rflags ,TEST,3,SHL,4,XOR,2,MOV,7,MOVSXD,7,MOV,3,CALL_NEAR,5,TEST,3,JZ,6,MOVSXD,7,0,1,1,0,0,JE,0,0,1,0,0,0,CALL,0,1,4245797,4245839,4245822,0,0,1,1,c,5.433129891095032e-12,0.0,0,0,0
0x40c91f,JZ,1,0,14017,6,0x40c91c,TEST,1,NonLeaf,rax(-1) rax(-1) ,rflags ,TEST,3,CALL_NEAR,5,MOV,3,MOV,7,JZ,6,MOVSXD,7,MOV,7,XOR,2,SHL,4,TEST,3,0,1,0,0,0,CALL,0,1,0,1,0,0,JE,0,0,4245788,4259808,4245797,0,1,1,1,c,5.433129891095032e-12,0.0,0,0,0
0x40c907,JZ,1,0,14265,6,0x40c904,TEST,1,NonLeaf,rax(-1) rax(-1) ,rflags ,TEST,3,CALL_NEAR,5,MOV,3,MOV,7,JZ,6,MOV,7,MOV,3,CALL_NEAR,5,TEST,3,JZ,6,0,1,0,0,0,CALL,0,1,1,0,0,0,MOV,0,0,4245764,4260032,4245773,0,0,1,1,c,5.433129891095032e-12,0.0,0,0,0
0x40c8ef,JZ,1,0,14223,6,0x40c8ec,TEST,1,NonLeaf,rax(-1) rax(-1) ,rflags ,TEST,3,CALL_NEAR,5,MOV,3,JZ,6,TEST,3,MOV,7,MOV,3,CALL_NEAR,5,TEST,3,JZ,6,0,1,0,0,0,CALL,0,1,1,0,0,0,MOV,0,0,4245740,4259966,4245749,0,0,1,1,c,5.433129891095032e-12,0.0,0,0,0
0x40c8de,JZ,1,0,12312,6,0x40c8db,TEST,1,NonLeaf,r12(SHL) r12(SHL) ,rflags ,TEST,3,SHL,4,MOV,7,MOVSXD,7,JZ,6,MOV,3,CALL_NEAR,5,TEST,3,JZ,6,MOV,7,0,1,0,0,0,MOV,0,0,1,0,0,0,CALL,0,1,4245705,4258038,4245732,0,0,1,1,c,5.433129891095032e-12,0.0,0,0,0
0x40c8c3,JZ,1,0,14685,6,0x40c8c0,TEST,1,NonLeaf,rax(-1) rax(-1) ,rflags ,TEST,3,CALL_NEAR,5,MOV,3,MOV,7,JZ,6,MOVSXD,7,MOV,7,SHL,4,TEST,3,JZ,6,0,1,0,0,0,CALL,0,1,0,1,0,0,JE,0,0,4245696,4260384,4245705,0,0,1,1,c,5.433129891095032e-12,0.0,0,0,0
0x40c8ab,JZ,1,0,14643,6,0x40c8a8,TEST,1,NonLeaf,rax(-1) rax(-1) ,rflags ,TEST,3,CALL_NEAR,5,MOV,3,JZ,6,TEST,3,MOV,7,MOV,3,CALL_NEAR,5,TEST,3,JZ,6,0,1,0,0,0,CALL,0,1,1,0,0,0,MOV,0,0,4245672,4260318,4245681,0,0,1,1,c,5.433129891095032e-12,0.0,0,0,0
0x40c89a,JZ,1,0,12409,6,0x40c897,TEST,1,NonLeaf,r12(SHL) r12(SHL) ,rflags ,TEST,3,SHL,4,MOV,7,MOVSXD,7,JZ,6,MOV,3,CALL_NEAR,5,TEST,3,JZ,6,MOV,7,0,1,0,0,0,JMP,0,0,1,0,0,0,CALL,0,1,4245637,4258067,4245664,0,0,1,1,c,5.433129891095032e-12,0.0,0,0,0
0x40c87f,JZ,1,0,14657,6,0x40c87c,TEST,1,NonLeaf,rax(-1) rax(-1) ,rflags ,TEST,3,CALL_NEAR,5,MOV,3,MOV,7,JZ,6,MOVSXD,7,MOV,7,SHL,4,TEST,3,JZ,6,0,1,0,0,0,CALL,0,1,0,1,0,0,JE,0,0,4245628,4260288,4245637,0,0,1,1,c,5.433129891095032e-12,0.0,0,0,0
0x40c867,JZ,1,0,14617,6,0x40c864,TEST,1,NonLeaf,rax(-1) rax(-1) ,rflags ,TEST,3,CALL_NEAR,5,MOV,3,JZ,6,TEST,3,MOV,7,MOV,3,CALL_NEAR,5,TEST,3,JZ,6,0,1,0,0,0,CALL,0,1,1,0,0,0,MOV,0,0,4245604,4260224,4245613,0,0,1,1,c,5.433129891095032e-12,0.0,0,0,0
0x40c856,JZ,1,0,12297,6,0x40c853,TEST,1,NonLeaf,r12(SHL) r12(SHL) ,rflags ,TEST,3,SHL,4,MOV,7,MOVSXD,7,JZ,6,MOV,3,CALL_NEAR,5,TEST,3,JZ,6,MOV,7,0,1,0,0,0,JMP,0,0,1,0,0,0,CALL,0,1,4245569,4257887,4245596,0,0,1,1,c,5.433129891095032e-12,0.0,0,0,0
0x40c83b,JZ,1,0,14148,6,0x40c838,TEST,1,NonLeaf,rax(-1) rax(-1) ,rflags ,TEST,3,CALL_NEAR,5,MOV,3,JZ,2,TEST,3,MOVSXD,7,MOV,7,SHL,4,TEST,3,JZ,6,0,1,0,0,0,CALL,0,1,0,1,0,0,JE,0,0,4245560,4259711,4245569,0,0,1,1,c,5.433129891095032e-12,0.0,0,0,0
0x40c82e,JZ,1,0,19,2,0x40c82b,TEST,1,NonLeaf,r12(SHL) r12(SHL) ,rflags ,TEST,3,SHL,4,MOVSXD,3,XOR,2,LEA,4,MOV,3,CALL_NEAR,5,TEST,3,JZ,6,MOVSXD,7,0,1,1,0,0,JE,0,0,1,0,0,0,CALL,0,1,4245527,4245569,4245552,0,0,1,1,c,5.433129891095032e-12,0.0,0,0,0
0x40c811,JZ,1,0,14155,6,0x40c80b,TEST,1,NonLeaf,rax(-1) rax(-1) ,rflags ,MOV,3,TEST,3,CALL_NEAR,5,MOV,3,LEA,8,MOV,7,LEA,4,XOR,2,MOVSXD,3,SHL,4,0,1,0,0,0,CALL,0,1,1,1,0,0,JE,0,0,4245515,4259676,4245527,0,0,1,1,c,5.433129891095032e-12,0.0,0,0,0
0x40c7e4,JZ,1,0,14170,6,0x40c7e1,TEST,1,NonLeaf,rax(-1) rax(-1) ,rflags ,TEST,3,CALL_NEAR,5,MOV,3,JZ,2,TEST,3,MOV,7,MOV,7,MOVSXD,3,LEA,8,MOV,3,0,1,0,0,0,CALL,0,1,0,1,0,0,CALL,0,1,4245473,4259646,4245482,0,1,1,1,c,5.433129891095032e-12,0.0,0,0,0
0x40c7d7,JZ,1,0,19,2,0x40c7d4,TEST,1,NonLeaf,r12(SHL) r12(SHL) ,rflags ,TEST,3,SHL,4,XOR,2,MOV,7,MOVSXD,7,MOV,3,CALL_NEAR,5,TEST,3,JZ,6,MOV,7,0,1,1,0,0,CALL,0,1,1,0,0,0,CALL,0,1,4245440,4245482,4245465,0,0,1,1,c,5.433129891095032e-12,0.0,0,0,0
0x40c7ba,JZ,1,0,15510,6,0x40c7b7,TEST,1,NonLeaf,rax(-1) rax(-1) ,rflags ,TEST,3,CALL_NEAR,5,MOV,3,MOV,7,JZ,6,MOVSXD,7,MOV,7,XOR,2,SHL,4,TEST,3,0,1,0,0,0,CALL,0,1,0,1,0,0,JE,0,0,4245431,4260944,4245440,0,1,1,1,c,5.433129891095032e-12,0.0,0,0,0
0x40c7a2,JZ,1,0,15470,6,0x40c79f,TEST,1,NonLeaf,rax(-1) rax(-1) ,rflags ,TEST,3,CALL_NEAR,5,MOV,3,JZ,6,TEST,3,MOV,7,MOV,3,CALL_NEAR,5,TEST,3,JZ,6,0,1,0,0,0,CALL,0,1,1,0,0,0,MOV,0,0,4245407,4260880,4245416,0,0,1,1,c,5.433129891095032e-12,0.0,0,0,0
0x40c791,JZ,1,0,12476,6,0x40c78e,TEST,1,NonLeaf,r12(SHL) r12(SHL) ,rflags ,TEST,3,MOV,7,SHL,4,JZ,6,TEST,3,MOV,3,CALL_NEAR,5,TEST,3,JZ,6,MOV,7,0,0,0,0,0,JMP,0,0,0,0,0,0,CALL,0,1,4245379,4257869,4245399,0,0,1,1,c,5.433129891095032e-12,0.0,0,0,0
0x40c77d,JZ,1,0,15443,6,0x40c77a,TEST,1,NonLeaf,rax(-1) rax(-1) ,rflags ,TEST,3,CALL_NEAR,5,MOV,3,MOV,7,JZ,6,SHL,4,MOV,7,TEST,3,JZ,6,MOV,3,0,1,0,0,0,CALL,0,1,0,1,0,0,JE,0,0,4245370,4260816,4245379,0,0,1,1,c,5.433129891095032e-12,0.0,0,0,0
0x40c765,JZ,1,0,14392,6,0x40c762,TEST,1,NonLeaf,rax(-1) rax(-1) ,rflags ,TEST,3,CALL_NEAR,5,MOV,3,JZ,6,TEST,3,MOV,7,MOV,3,CALL_NEAR,5,TEST,3,JZ,6,0,1,0,0,0,CALL,0,1,1,0,0,0,MOV,0,0,4245346,4259741,4245355,0,0,1,1,c,5.433129891095032e-12,0.0,0,0,0
0x40c754,JZ,1,0,12504,6,0x40c751,TEST,1,NonLeaf,r13(LEA) r13(LEA) ,rflags ,TEST,3,MOV,7,LEA,8,JZ,6,MOV,3,MOV,3,CALL_NEAR,5,TEST,3,JZ,6,MOV,7,0,1,0,0,0,JNE,0,0,1,0,0,0,CALL,0,1,4245314,4257836,4245338,0,0,1,1,c,5.433129891095032e-12,0.0,0,0,0
0x40c73c,JZ,1,0,13448,6,0x40c736,TEST,1,NonLeaf,rax(-1) rax(-1) ,rflags ,MOV,3,TEST,3,CALL_NEAR,5,MOV,6,SAR,2,LEA,8,MOV,7,TEST,3,JZ,6,MOV,3,0,1,0,0,0,CALL,0,1,1,1,0,0,JE,0,0,4245302,4258756,4245314,0,0,1,1,c,5.433129891095032e-12,0.0,0,0,0
0x40c6ec,JNZ,1,0,-20,2,0x40c6e9,CMP,1,NonLeaf,eax(-1) ,rflags ,CMP,3,CALL_NEAR,5,MOV,3,JZ,6,CMP,3,XOR,2,CALL_NEAR,5,MOVSXD,4,LEA,4,LEA,8,0,1,0,0,0,JE,0,0,0,0,0,0,XOR,1,0,4245225,4245208,4245230,0,0,0,0,c,5.433129891095032e-12,0.0,0,1,0
0x40c6ca,JZ,1,1,23,2,0x40c6c8,TEST,1,NonLeaf,eax(-1) eax(-1) ,rflags ,TEST,2,CALL_NEAR,5,JNZ,6,TEST,2,MOV,7,NOP,4,JMP,2,NOP,6,CMP,3,JZ,6,0,1,0,1,0,CALL,0,1,1,0,0,0,JMP,0,0,4245192,4245217,4245196,0,0,1,0,c,5.433129891095032e-12,1.0,1,0,1
0x40c628,JNZ,81,81,-40,2,0x40c622,CMP,1,NonLeaf,eax(-1) ,rflags ,MOV,3,CMP,3,CALL_NEAR,5,MOV,3,JZ,6,MOV,7,MOV,3,MOV,5,XOR,2,CALL_NEAR,5,0,1,0,0,0,JE,0,0,1,0,0,0,CALL,0,1,4245026,4244992,4245034,0,0,1,1,c,4.4008352117869754e-10,1.0,1,0,1
0x40c614,JZ,80,0,13776,6,0x40c610,SUB,1,NonLeaf,r12d(SUB) ,r12d rflags ,SUB,4,ADD,4,JZ,6,MOV,4,CMP,2,MOV,3,CALL_NEAR,5,CMP,3,MOV,3,JNZ,2,0,1,0,0,0,CALL,1,1,0,0,1,1,CALL,0,1,4245004,4258788,4245018,0,0,1,1,c,4.3465039128760255e-10,0.0,0,0,0
0x40c606,JZ,81,1,13272,6,0x40c600,CMP,1,NonLeaf,al(-1) ,rflags ,MOV,4,CMP,2,NOP,2,JMP,2,MOV,11,ADD,4,SUB,4,JZ,6,MOV,3,CALL_NEAR,5,0,1,0,0,0,JMP,1,0,0,0,0,0,JE,0,0,4244992,4258270,4245004,0,0,1,0,c,4.4008352117869754e-10,0.0123456790123456,0,0,0
0x40c5e2,JNZ,1,0,9485,6,0x40c5e0,TEST,1,NonLeaf,eax(-1) eax(-1) ,rflags ,TEST,2,CALL_NEAR,5,CALL_NEAR,5,MOV,3,MOV,5,MOV,3,MOV,6,MOV,11,JMP,2,NOP,2,0,1,0,0,0,MOV,0,0,1,0,0,0,JMP,0,0,4244960,4254447,4244968,0,0,1,1,c,5.433129891095032e-12,0.0,0,0,0
0x40c5c8,JNZ,1,0,168,6,0x40c5c6,CMPSB,0,NonLeaf,rsi(-1) rdi(-1) rcx(-1) rflags(-1) ,rsi rdi rcx rflags ,CMPSB,2,MOV,3,MOV,5,MOV,5,CALL_NEAR,5,MOV,5,MOV,3,CALL_NEAR,5,CALL_NEAR,5,TEST,2,0,1,0,0,0,CALL,0,1,1,0,0,0,CALL,0,1,4244936,4245104,4244942,0,0,1,1,c,5.433129891095032e-12,0.0,0,0,0
0x40c541,JNZ,81,81,-33,2,0x40c53c,CMP,1,NonLeaf,eax(-1) ,rflags ,MOV,2,CMP,3,CALL_NEAR,5,MOV,3,JZ,2,MOV,7,XOR,2,MOV,3,MOV,5,ADD,4,0,1,0,0,0,JE,0,0,1,0,0,0,CALL,0,1,4244796,4244768,4244803,0,0,1,1,c,4.4008352117869754e-10,1.0,1,0,1
0x40c532,JZ,80,0,55,2,0x40c52f,CMP,1,NonLeaf,r15(ADD) r12(-1) ,rflags ,CMP,3,ADD,4,JZ,6,MOV,3,CMP,2,MOV,3,CALL_NEAR,5,CMP,3,MOV,2,JNZ,2,0,0,0,0,0,CALL,1,1,0,0,1,1,CALL,0,1,4244779,4244841,4244788,0,0,1,1,c,4.3465039128760255e-10,0.0,0,0,0
0x40c525,JZ,81,1,10197,6,0x40c520,CMP,1,NonLeaf,al(-1) ,rflags ,MOV,3,CMP,2,NOP,4,JMP,2,MOV,8,ADD,4,CMP,3,JZ,2,MOV,3,CALL_NEAR,5,0,1,0,0,0,JMP,1,0,1,0,0,0,JE,0,0,4244768,4254970,4244779,0,0,1,0,c,4.4008352117869754e-10,0.0123456790123456,0,0,0
0x40c4fa,JNZ,1,0,336,6,0x40c4f8,TEST,1,NonLeaf,eax(-1) eax(-1) ,rflags ,TEST,2,CALL_NEAR,5,JZ,6,MOV,3,TEST,3,MOV,3,LEA,4,MOV,11,MOV,8,JMP,2,0,1,0,0,0,MOV,0,0,1,0,0,0,JMP,0,0,4244728,4245066,4244736,0,0,1,1,c,5.433129891095032e-12,0.0,0,0,0
0x40c4ed,JZ,1,0,13856,6,0x40c4e7,TEST,1,NonLeaf,rax(-1) rax(-1) ,rflags ,MOV,3,TEST,3,CALL_NEAR,5,MOV,5,CALL_NEAR,5,CALL_NEAR,5,TEST,2,JNZ,6,MOV,3,LEA,4,0,1,0,0,0,CALL,0,1,1,1,0,0,CALL,0,1,4244711,4258573,4244723,0,0,1,1,c,5.433129891095032e-12,0.0,0,0,0
0x40c4d0,JZ,1,0,14021,6,0x40c4cb,TEST,1,NonLeaf,rbp(-1) rbp(-1) ,rflags ,NOP,2,TEST,3,JNZ,6,TEST,2,CALL_NEAR,5,XOR,2,CALL_NEAR,5,MOV,5,CALL_NEAR,5,TEST,3,0,0,0,0,0,CALL,0,1,1,0,0,0,XOR,0,0,4244683,4258709,4244694,0,0,1,0,c,5.433129891095032e-12,0.0,0,0,0
0x40c4c5,JNZ,1,0,14032,6,0x40c4c3,TEST,1,NonLeaf,eax(-1) eax(-1) ,rflags ,TEST,2,CALL_NEAR,5,CALL_NEAR,5,MOV,2,JZ,6,TEST,3,NOP,2,JZ,6,XOR,2,CALL_NEAR,5,0,1,0,0,0,CALL,0,1,1,0,0,0,JE,0,0,4244675,4258709,4244683,0,0,1,0,c,5.433129891095032e-12,0.0,0,0,0
0x40c4b1,JZ,1,1,12131,6,0x40c4af,TEST,1,NonLeaf,eax(-1) eax(-1) ,rflags ,TEST,2,CALL_NEAR,5,CALL_NEAR,5,MOV,3,XOR,2,MOV,2,CALL_NEAR,5,CALL_NEAR,5,TEST,2,JNZ,6,0,1,0,0,0,CALL,0,1,1,1,0,0,CALL,0,1,4244655,4256788,4244663,0,0,1,1,c,5.433129891095032e-12,1.0,1,0,1
0x40c483,JZ,1,1,12221,6,0x40c481,TEST,1,NonLeaf,eax(-1) eax(-1) ,rflags ,TEST,2,CALL_NEAR,5,MOV,8,SUB,7,PUSH,1,LEA,8,MOV,3,MOV,10,XOR,2,XOR,2,0,1,0,0,0,CALL,0,1,1,1,0,0,CALL,0,1,4244609,4256832,4244617,0,0,1,1,c,5.433129891095032e-12,1.0,1,0,1
0x40c450,JNZ,19033,19032,-27,2,0x40c44d,TEST,1,NonLeaf,rax(-1) rax(-1) ,rflags ,TEST,3,CALL_NEAR,5,MOV,3,MOV,2,MOV,3,JMP,2,INVALID,0,INVALID,0,INVALID,0,INVALID,0,0,0,0,0,0,MOV,0,0,1,0,0,0,JMP,0,0,4244557,4244533,4244562,0,0,0,0,c,1.0340876121721174e-07,0.9999474596753009,1,0,1
0x40c433,JZ,19033,19033,13,2,0x40c431,TEST,1,NonLeaf,eax(-1) eax(-1) ,rflags ,TEST,2,CALL_NEAR,5,MOV,3,PUSH,1,MOV,2,MOV,3,POP,1,POP,1,POP,2,RET_NEAR,1,0,1,0,0,0,CALL,0,1,1,0,0,0,MOV,0,0,4244529,4244544,4244533,0,0,1,0,c,1.0340876121721174e-07,1.0,1,0,1
0x40c39d,JNZ,2916,2916,-29,2,0x40c398,CMP,1,NonLeaf,eax(-1) ,rflags ,MOV,2,CMP,3,CALL_NEAR,5,MOV,3,JZ,2,MOV,7,MOV,3,MOV,5,XOR,2,MOV,3,0,1,0,0,0,JE,0,0,1,0,0,0,CALL,0,1,4244376,4244352,4244383,0,0,1,1,c,1.5843006762433113e-08,1.0,1,0,1
0x40c38e,JZ,2880,0,75,2,0x40c38b,CMP,1,NonLeaf,r15(ADD) r13(-1) ,rflags ,CMP,3,ADD,4,JZ,2,MOV,3,CMP,2,MOV,3,CALL_NEAR,5,CMP,3,MOV,2,JNZ,2,0,0,0,0,0,CALL,1,1,0,0,1,1,CALL,0,1,4244359,4244441,4244368,0,0,1,1,c,1.5647414086353693e-08,0.0,0,0,0
0x40c385,JZ,2916,36,53,2,0x40c380,CMP,1,NonLeaf,al(-1) ,rflags ,MOV,3,CMP,2,JMP,2,LEA,4,MOV,3,ADD,4,CMP,3,JZ,2,MOV,3,CALL_NEAR,5,0,0,0,0,0,JMP,1,0,0,0,0,0,JE,0,0,4244352,4244410,4244359,0,0,1,0,c,1.5843006762433113e-08,0.0123456790123456,0,0,0
0x40c36d,JNZ,36,0,-61,2,0x40c36b,TEST,1,NonLeaf,eax(-1) eax(-1) ,rflags ,TEST,2,CALL_NEAR,5,JMP,2,MOV,4,NOP,10,MOV,5,XOR,3,MOV,3,LEA,4,JMP,2,0,0,0,0,0,XOR,0,0,1,0,0,0,JMP,0,0,4244331,4244272,4244335,0,0,0,0,c,1.955926760794212e-10,0.0,0,0,0
0x40c196,JZ,36,36,464,6,0x40c194,TEST,1,NonLeaf,eax(-1) eax(-1) ,rflags ,TEST,2,CALL_NEAR,5,LEA,4,MOV,3,MOV,3,CALL_NEAR,5,TEST,2,JZ,6,MOV,5,LEA,4,0,1,0,0,0,CALL,0,1,1,0,0,0,CALL,0,1,4243860,4244326,4243868,0,0,1,1,c,1.955926760794212e-10,1.0,1,0,1
0x40c111,JNZ,2916,2916,-33,2,0x40c10c,CMP,1,NonLeaf,eax(-1) ,rflags ,MOV,2,CMP,3,CALL_NEAR,5,MOV,3,JZ,2,MOV,7,XOR,2,MOV,3,MOV,5,ADD,4,0,1,0,0,0,JE,0,0,1,0,0,0,CALL,0,1,4243724,4243696,4243731,0,0,1,1,c,1.5843006762433113e-08,1.0,1,0,1
0x40c102,JZ,2880,0,51,2,0x40c0ff,CMP,1,NonLeaf,r15(ADD) r13(-1) ,rflags ,CMP,3,ADD,4,JZ,6,MOV,3,CMP,2,MOV,3,CALL_NEAR,5,CMP,3,MOV,2,JNZ,2,0,0,0,0,0,CALL,1,1,0,0,1,1,CALL,0,1,4243707,4243765,4243716,0,0,1,1,c,1.5647414086353693e-08,0.0,0,0,0
0x40c0f5,JZ,2916,36,718,6,0x40c0f0,CMP,1,NonLeaf,al(-1) ,rflags ,MOV,3,CMP,2,NOP,8,JMP,2,MOV,3,ADD,4,CMP,3,JZ,2,MOV,3,CALL_NEAR,5,0,1,0,0,0,JMP,1,0,1,0,0,0,JE,0,0,4243696,4244419,4243707,0,0,1,0,c,1.5843006762433113e-08,0.0123456790123456,0,0,0
0x40c0cb,JNZ,36,0,551,6,0x40c0c9,TEST,1,NonLeaf,eax(-1) eax(-1) ,rflags ,TEST,2,CALL_NEAR,5,SUB,4,MOV,3,PUSH,1,LEA,5,LEA,5,XOR,3,MOV,5,MOV,3,0,1,0,0,0,MOV,0,0,1,0,0,0,JMP,0,0,4243657,4244210,4243665,0,0,1,1,c,1.955926760794212e-10,0.0,0,0,0
0x40c053,JZ,11,0,13,2,0x40c050,TEST,1,NonLeaf,rax(-1) rax(-1) ,rflags ,TEST,3,CALL_NEAR,5,JZ,2,MOV,3,PUSH,1,POP,1,RET_NEAR,1,NOP,9,CALL_NEAR,5,TEST,2,0,1,0,0,0,CALL,0,1,0,0,0,0,RET,0,0,4243536,4243552,4243541,0,0,1,0,c,5.976442880204535e-11,0.0,0,0,0
0x40c049,JZ,11,0,12,2,0x40c042,TEST,1,NonLeaf,rdi(-1) rdi(-1) ,rflags ,MOV,3,PUSH,1,TEST,3,XOR,2,INVALID,0,CALL_NEAR,5,TEST,3,JZ,2,POP,1,RET_NEAR,1,0,1,0,0,0,RET,0,0,1,0,0,0,CALL,0,1,4243520,4243541,4243531,0,0,0,1,c,5.976442880204535e-11,0.0,0,0,0
0x40baa3,JNLE,38060,38060,-370,6,0x40baa1,TEST,1,NonLeaf,esi(LEA) esi(LEA) ,rflags ,TEST,2,LEA,3,MOV,7,MOV,7,NOP,4,MOV,2,JMP,5,MOV,7,MOV,8,XOR,2,0,0,0,0,0,CALL,0,1,1,0,0,0,JMP,0,0,4242064,4241713,4242089,0,0,1,0,c,2.0678492365507693e-07,1.0,1,0,1
0x40ba58,JZ,26,0,88,2,0x40ba50,CMP,1,NonLeaf,rsp(-1) ,rflags ,CMP,8,CALL_NEAR,5,XOR,2,MOV,8,MOV,7,MOV,7,MOV,5,XOR,2,CALL_NEAR,5,MOV,4,0,1,0,0,0,CALL,0,1,1,1,0,0,CALL,0,1,4242000,4242096,4242010,1,1,1,1,c,1.4126137716847084e-10,0.0,0,0,0
0x40b9cf,JNZ,494780,494754,-367,6,0x40b9c8,CMP,1,NonLeaf,ebp(ADD) rsp(-1) ,rflags ,CMP,7,ADD,4,ADD,4,ADD,4,ADD,4,MOV,7,XOR,2,MOV,3,CALL_NEAR,5,MOV,7,0,0,0,1,1,CALL,0,1,0,1,0,0,CALL,1,1,4241843,4241504,4241877,1,1,1,1,c,2.688204007516e-06,0.999947451392538,1,1,1
0x40b9b1,JNLE,428320193,427825439,-33,2,0x40b9af,CMP,1,NonLeaf,edi(MOV) edx(ADD) ,rflags ,CMP,2,MOV,7,MOV,7,MOV,3,ADD,4,ADD,2,ADD,3,ADD,4,ADD,4,ADD,4,1,1,1,1,1,JG,0,0,0,1,0,0,JNE,0,0,4241808,4241808,4241843,1,0,1,1,c,0.0023271192435478,0.9988448968596724,1,1,1
0x40b981,JLE,494780,26,50,2,0x40b97f,TEST,1,NonLeaf,edi(MOV) edi(MOV) ,rflags ,TEST,2,MOV,7,JNLE,2,CMP,2,ADD,4,MOV,3,XOR,2,NOP,8,MOV,2,ADD,2,0,1,1,0,0,JNE,0,0,1,0,0,0,NOP,0,0,4241791,4241843,4241795,0,0,1,0,c,2.688204007516e-06,5.254860746190226e-05,0,0,0
0x40b976,JNLE,428320193,427825465,-22,2,0x40b974,CMP,1,NonLeaf,esi(MOV) ecx(LEA) ,rflags ,CMP,2,ADD,4,LEA,3,MOV,7,MOV,3,MOV,7,TEST,2,JLE,2,MOV,3,XOR,2,1,1,1,1,1,JG,0,0,1,1,0,0,MOV,0,0,4241760,4241760,4241784,0,0,1,0,c,0.0023271192435478,0.9988449575619238,1,1,1
0x40b953,JLE,494780,52,44,2,0x40b94a,TEST,1,NonLeaf,esi(-1) esi(-1) ,rflags ,MOV,4,MOV,3,TEST,2,MOV,4,MOV,7,XOR,2,NOP,9,MOV,3,MOV,3,MOV,7,0,1,1,0,0,JLE,0,0,1,0,0,0,NOP,0,0,4241738,4241791,4241749,0,0,0,0,c,2.688204007516e-06,0.0001050972149238,0,0,0
0x40b917,JNL,255063,255063,51,2,0x40b914,CMP,1,NonLeaf,ecx(SHL) r8d(LEA) ,rflags ,CMP,3,SHL,3,LEA,4,JNLE,2,CMP,2,XOR,2,MOV,3,CALL_NEAR,5,MOV,7,ADD,7,0,0,1,0,0,JLE,0,0,0,0,0,0,CALL,0,1,4241677,4241738,4241689,0,0,1,1,c,1.3857904094123722e-06,1.0,1,1,1
0x40b90b,JNLE,456720,201657,14,2,0x40b909,CMP,1,NonLeaf,ecx(LEA) edx(ADD) ,rflags ,CMP,2,LEA,3,ADD,4,MOV,3,MOV,7,LEA,4,SHL,3,CMP,3,JNL,2,XOR,2,0,1,0,0,0,CALL,0,1,1,0,0,0,JGE,0,0,4241649,4241689,4241677,0,1,1,0,c,2.481419083860923e-06,0.441533105622701,0,0,0
0x40b8eb,JZ,494780,38060,421,6,0x40b8e8,TEST,1,NonLeaf,rax(MOV) rax(MOV) ,rflags ,TEST,3,MOV,4,CALL_NEAR,5,MOV,3,MOV,7,MOV,7,MOV,7,MOV,3,ADD,4,LEA,3,0,1,0,0,0,JG,0,0,1,0,0,0,JG,0,0,4241636,4242064,4241649,0,0,0,0,c,2.688204007516e-06,0.0769230769230769,0,0,0
0x40b70d,JLE,26,26,37,2,0x40b6f6,CMP,1,NonLeaf,rsp(-1) edx(ADD) ,rflags ,MOV,4,MOV,3,MOV,3,MOV,3,MOVSXD,3,MOV,5,MOVSXD,3,MOV,3,MOV,5,MOV,3,0,0,1,0,0,CALL,0,1,1,0,0,0,MOV,0,0,4241139,4241202,4241167,1,0,1,1,c,1.4126137716847084e-10,1.0,1,0,1
0x40b6f1,JLE,26,0,65,2,0x40b6ea,CMP,1,NonLeaf,rsp(-1) eax(LEA) ,rflags ,CMP,7,LEA,3,MOV,4,MOV,3,MOV,3,ADD,3,CMP,7,MOVSXD,3,MOV,3,MOV,3,0,0,1,0,0,CALL,0,1,1,0,0,0,JLE,0,0,4241091,4241202,4241139,1,0,1,1,c,1.4126137716847084e-10,0.0,0,0,0
0x40b6c1,JZ,26,0,113,2,0x40b6ba,CMP,1,NonLeaf,rsp(-1) edx(-1) ,rflags ,CMP,7,JB,6,CMP,2,ADD,4,MOVDQU,5,MOV,5,MOV,5,MOVSXD,3,MOV,5,MOV,5,0,0,1,0,0,CALL,0,1,1,0,0,0,JLE,0,0,4241082,4241202,4241091,1,0,1,1,c,1.4126137716847084e-10,0.0,0,0,0
0x40b6b4,JB,123682,123656,975,6,0x40b6b2,CMP,1,NonLeaf,ecx(ADD) esi(-1) ,rflags ,CMP,2,ADD,4,MOVDQU,5,MOV,5,MOVDQU,5,CMP,7,JZ,2,MOV,5,MOV,5,MOVSXD,3,1,1,0,0,0,JMP,0,0,1,1,0,0,JE,1,0,4241019,4242051,4241082,0,0,0,0,c,6.719803711904158e-07,0.9997897834769812,1,1,1
0x40b650,JZ,26,0,1144,6,0x40b64e,OR,1,NonLeaf,dl(OR) al(SETBE) ,dl rflags ,OR,2,SETBE,3,CMP,3,SETNB,3,CMP,3,MOV,7,XOR,2,XOR,2,MOVDQA,8,SHR,3,0,0,0,0,0,NOP,0,0,1,0,0,0,LEA,1,0,4240962,4242120,4240982,0,0,0,0,c,1.4126137716847084e-10,0.0,0,1,0
0x40b63c,JZ,26,0,1164,6,0x40b63a,TEST,1,NonLeaf,al(AND) dl(OR) ,rflags ,TEST,2,OR,2,SETNB,3,CMP,3,SETNB,3,CMP,3,SETNB,3,CMP,3,SETBE,3,OR,2,0,1,0,0,0,NOP,0,0,1,0,0,0,JE,0,0,4240826,4242120,4240962,0,0,0,0,c,1.4126137716847084e-10,0.0,0,0,0
0x40b5b4,JLE,26,0,2265,6,0x40b5b2,TEST,1,NonLeaf,edx(MOV) edx(MOV) ,rflags ,TEST,2,MOV,5,MOV,7,CALL_NEAR,5,JZ,6,MOV,5,MOV,5,MOV,3,MOV,5,LEA,4,0,1,0,0,0,MOV,1,0,1,0,0,0,JE,0,0,4240806,4243085,4240826,0,0,1,0,c,1.4126137716847084e-10,0.0,0,0,0
0x40b59b,JZ,26,0,1391,6,0x40b584,CMP,1,NonLeaf,rsp(-1) ,rflags ,MOV,7,MOV,8,CMP,8,XOR,2,CALL_NEAR,5,CALL_NEAR,5,MOV,7,MOV,5,TEST,2,JLE,6,0,1,0,0,0,CALL,1,1,1,0,0,0,CALL,1,1,4240770,4242186,4240801,1,1,1,1,c,1.4126137716847084e-10,0.0,0,0,0
0x40b535,JZ,26,0,2782,6,0x40b52d,TEST,1,NonLeaf,rax(-1) rax(-1) ,rflags ,MOV,5,TEST,3,CALL_NEAR,5,SHL,4,LEA,4,MOV,7,XOR,2,CALL_NEAR,5,MOV,7,XOR,2,0,1,0,0,0,CALL,1,1,1,0,0,0,CALL,0,1,4240685,4243475,4240699,0,0,1,1,c,1.4126137716847084e-10,0.0,0,0,0
0x40b4cf,JNZ,989404,0,-111,2,0x40b4c9,CMP,1,Leaf,esi(-1) ,rflags ,MOV,3,CMP,3,SUB,4,JMP,2,SUB,4,POP,1,POP,1,RET_NEAR,1,INVALID,0,INVALID,0,0,0,0,1,1,JLE,0,0,0,1,0,0,RET,1,0,4240581,4240480,4240593,1,0,1,0,c,5.37556044676899e-06,0.0,0,1,0
0x40b4b5,JL,2142778999,1978980154,-53,2,0x40b4b2,CMP,1,Leaf,r10d(-1) edx(MOV) ,rflags ,CMP,3,MOV,3,LEA,5,MOVSXD,3,ADD,3,LEA,5,MOV,3,SUB,4,JMP,2,SUB,4,0,1,0,0,0,JG,0,0,1,0,0,0,LEA,1,0,4240562,4240512,4240567,0,0,1,0,c,0.0116419966294775,0.9235577513703268,1,1,1
0x40b4a2,JNL,2134295598,2134295598,16,2,0x40b49e,CMP,1,Leaf,edx(MOV) rdi(-1) r9(MOVSXD) ,rflags ,CMP,4,MOV,3,LEA,5,MOVSXD,3,JLE,2,ADD,3,MOVSXD,3,LEA,5,MOV,3,CMP,3,0,0,1,0,0,JL,0,0,1,0,0,0,ADD,0,0,4240531,4240562,4240548,0,0,0,0,c,0.0115959052099263,1.0,1,1,1
0x40b491,JLE,2142778999,8483401,22,2,0x40b48f,CMP,1,Leaf,esi(-1) eax(LEA) ,rflags ,CMP,2,LEA,3,MOVSXD,3,JNLE,2,MOV,4,MOVSXD,3,LEA,5,MOV,3,CMP,4,JNL,2,1,1,0,0,0,MOV,0,0,1,0,0,0,JGE,0,0,4240524,4240551,4240531,0,0,0,0,c,0.0116419966294775,0.0039590648424121,0,0,0
0x40b487,JNLE,1978980154,690862655,53,2,0x40b480,CMP,1,Leaf,eax(-1) r11d(-1) ,rflags ,MOV,4,CMP,3,JMP,2,MOV,5,JLE,2,MOVSXD,3,LEA,3,CMP,2,JLE,2,MOVSXD,3,0,0,1,0,0,JMP,1,0,1,0,0,0,MOVSXD,0,0,4240512,4240572,4240521,0,0,1,0,c,0.0107520562285812,0.349100345247828,0,0,0
0x40b477,JLE,855650904,989404,78,2,0x40b46d,TEST,1,Leaf,r11d(SAR) r11d(SAR) ,rflags ,MOV,3,MOV,2,MOV,2,TEST,3,SAR,3,MOV,5,JMP,2,CMP,3,MOV,4,JNLE,2,1,1,1,0,0,JNE,0,0,1,0,0,0,JMP,0,0,4240480,4240581,4240505,0,0,1,0,c,0.0046488625028648,0.0011563173665506,0,0,0
0x40b45b,JLE,989560,156,118,2,0x40b453,CMP,1,Leaf,esi(-1) ,rflags ,LEA,5,CMP,3,MOVSXD,3,JNZ,2,MOV,3,NOP,3,SUB,3,MOV,2,MOV,2,MOV,3,0,1,1,0,0,RET,0,0,1,0,0,0,NOP,0,0,4240464,4240593,4240477,0,0,0,0,c,5.376408015032e-06,0.0001576458223857,0,1,0
0x40b44e,JNZ,428072471,427083067,-94,2,0x40b448,SUB,1,Leaf,ebx(SUB) ,ebx rflags ,MOV,3,SUB,3,SUB,4,LEA,5,JL,2,MOVSXD,3,CMP,3,LEA,5,JLE,2,NOP,3,0,0,0,1,1,JL,0,0,0,1,0,0,JLE,1,0,4240452,4240368,4240464,0,0,0,0,c,0.002325773337745,0.997688699771586,1,1,1
0x40b43d,JL,711659819,441207169,-53,2,0x40b43a,CMP,1,Leaf,r10d(-1) edx(MOV) ,rflags ,CMP,3,MOV,3,LEA,5,MOVSXD,3,ADD,3,LEA,5,SUB,4,SUB,3,MOV,3,JNZ,2,0,1,0,0,0,JL,0,0,1,0,0,0,LEA,1,0,4240442,4240392,4240447,0,0,1,0,c,0.0038665402349001,0.6199692004811641,1,0,1
0x40b42a,JNL,710889645,420876713,16,2,0x40b426,CMP,1,Leaf,edx(MOV) rdi(-1) r9(MOVSXD) ,rflags ,CMP,4,MOV,3,LEA,5,MOVSXD,3,JLE,2,ADD,3,MOVSXD,3,LEA,5,MOV,3,CMP,3,0,0,1,0,0,JL,0,0,1,0,0,0,ADD,0,0,4240411,4240442,4240428,0,0,0,0,c,0.0038623557795194,0.5920422613554879,1,1,1
0x40b419,JLE,711659819,770174,22,2,0x40b417,CMP,1,Leaf,esi(-1) eax(LEA) ,rflags ,CMP,2,LEA,3,MOVSXD,3,JL,2,MOV,4,MOVSXD,3,LEA,5,MOV,3,CMP,4,JNL,2,1,1,0,0,0,MOV,0,0,1,0,0,0,JGE,0,0,4240404,4240431,4240411,0,0,0,0,c,0.0038665402349001,0.0010822221227583,0,0,0
0x40b40f,JL,441207169,157619821,53,2,0x40b408,CMP,1,Leaf,r11d(-1) eax(-1) ,rflags ,MOV,4,CMP,3,NOP,7,JMP,2,MOVSXD,3,MOVSXD,3,LEA,3,CMP,2,JLE,2,MOVSXD,3,0,0,1,0,0,JNE,1,0,1,0,0,0,MOVSXD,0,0,4240392,4240452,4240401,0,0,1,0,c,0.0023971358580593,0.3572467359432231,0,0,0
0x40b3fa,JL,428072471,0,74,2,0x40b3f0,CMP,1,Leaf,r11d(-1) ebx(-1) ,rflags ,MOV,4,MOV,3,CMP,3,NOP,1,LEA,5,MOVSXD,3,JMP,2,NOP,7,CMP,3,MOV,4,1,1,1,0,0,JNE,0,0,1,0,0,0,JMP,0,0,4240368,4240452,4240380,1,0,1,0,c,0.002325773337745,0.0,0,0,0
0x40b3e2,JLE,989560,156,110,2,0x40b3df,TEST,1,Leaf,r11d(SAR) r11d(SAR) ,rflags ,TEST,3,SAR,3,PUSH,1,ADD,3,SHR,4,MOVSXD,3,MOV,3,LEA,5,NOP,1,CMP,3,0,1,1,0,0,JLE,0,0,1,0,0,0,NOP,0,0,4240336,4240464,4240356,0,0,0,0,c,5.376408015032e-06,0.0001576458223857,0,1,0
0x40b3bd,JNZ,78,0,-197,6,0x40b3b7,CMP,1,Leaf,esi(-1) ,rflags ,MOV,3,CMP,3,SUB,4,JMP,5,SUB,4,POP,1,POP,1,POP,2,POP,2,POP,2,0,0,0,1,1,JLE,0,0,0,1,0,0,RET,1,0,4240307,4240120,4240323,1,0,1,0,c,4.2378413150541247e-10,0.0,0,1,0
0x40b3a0,JB,17404016,17117535,-112,2,0x40b39c,UCOMISD,1,Leaf,xmm1(-1) xmm0(MOVSD_XMM) ,rflags ,UCOMISD,4,MOVSD_XMM,5,MOVSXD,3,ADD,2,IMUL,4,LEA,5,MOV,3,SUB,4,JMP,5,SUB,4,0,1,0,0,0,JL,0,0,1,0,0,0,LEA,1,0,4240284,4240176,4240290,0,0,1,0,c,9.45582795546962e-05,0.9835393739008284,1,1,1
0x40b37b,JBE,17402960,9017641,33,2,0x40b377,UCOMISD,1,Leaf,xmm2(MOVSD_XMM) xmm0(MOVSD_XMM) ,rflags ,UCOMISD,4,MOVSD_XMM,5,MOVSXD,3,ADD,2,MOV,3,ADD,3,MOVSXD,3,MOV,3,LEA,5,MOV,3,0,0,1,0,0,JB,0,0,1,0,0,0,ADD,0,0,4240196,4240284,4240253,0,0,0,0,c,9.45525421695312e-05,0.518167081921696,1,1,1
0x40b342,JLE,17404016,1056,62,2,0x40b340,CMP,1,Leaf,esi(-1) eax(LEA) ,rflags ,CMP,2,LEA,4,MOVSXD,3,JL,2,MOV,5,MOVSXD,3,MOV,3,LEA,5,MOV,3,IMUL,4,1,1,0,0,0,MOVSD,0,0,1,0,0,0,JBE,0,0,4240188,4240256,4240196,0,0,0,0,c,9.45582795546962e-05,6.067565095320528e-05,0,0,0
0x40b337,JL,17117535,1197703,112,2,0x40b330,CMP,1,Leaf,ebp(-1) eax(-1) ,rflags ,MOV,5,CMP,2,NOP,1,JMP,2,MOVSD_XMM,5,MOVSXD,3,LEA,4,CMP,2,JLE,2,MOVSXD,3,0,0,1,0,0,JMP,1,0,1,0,0,0,MOVSXD,0,0,4240176,4240295,4240185,0,0,1,0,c,9.30017910703654e-05,0.0699693618269219,0,0,0
0x40b311,JLE,1484262,78,162,6,0x40b305,TEST,1,Leaf,ebp(SAR) ebp(SAR) ,rflags ,MOV,3,MOV,4,MOV,3,TEST,2,SAR,2,MOV,3,MOV,6,IMUL,4,ADD,2,CDQE,2,1,1,1,0,0,JNE,0,0,1,0,0,0,JMP,0,0,4240120,4240307,4240151,0,0,1,0,c,8.064188238416495e-06,5.255136896316149e-05,0,0,0
0x40b2eb,JLE,78,0,216,6,0x40b2e3,CMP,1,Leaf,esi(-1) ,rflags ,LEA,5,CMP,3,MOVSXD,3,JNZ,6,MOV,3,NOP,7,SUB,3,MOV,2,MOV,4,MOV,2,0,1,1,0,0,RET,0,0,1,0,0,0,NOP,0,0,4240096,4240323,4240113,0,0,0,0,c,4.2378413150541247e-10,0.0,0,1,0
0x40b2da,JNZ,742170,742092,-170,6,0x40b2d3,SUB,1,Leaf,r12d(SUB) ,r12d rflags ,MOV,3,SUB,4,SUB,4,LEA,5,JB,2,MOVSXD,3,CMP,3,LEA,5,JLE,6,NOP,7,0,0,0,1,1,JL,0,0,0,1,0,0,JLE,1,0,4240079,4239920,4240096,0,0,0,0,c,4.032306011274e-06,0.9998949027850762,1,1,1
0x40b2c8,JB,1365429,1208159,-112,2,0x40b2c4,UCOMISD,1,Leaf,xmm1(-1) xmm0(MOVSD_XMM) ,rflags ,UCOMISD,4,MOVSD_XMM,5,MOVSXD,3,ADD,2,IMUL,4,LEA,5,SUB,4,SUB,4,MOV,3,JNZ,6,0,1,0,0,0,JL,0,0,1,0,0,0,LEA,1,0,4240068,4239960,4240074,0,0,1,0,c,7.4185531140679985e-06,0.8848200821866241,1,1,1
0x40b2a3,JBE,1365343,677903,33,2,0x40b29f,UCOMISD,1,Leaf,xmm2(MOVSD_XMM) xmm0(MOVSD_XMM) ,rflags ,UCOMISD,4,MOVSD_XMM,5,MOVSXD,3,ADD,2,MOV,3,ADD,3,MOVSXD,3,MOV,3,LEA,5,MOV,3,0,0,1,0,0,JB,0,0,1,0,0,0,ADD,0,0,4239980,4240068,4240037,0,0,0,0,c,7.418085864897364e-06,0.4965074710164405,0,1,0
0x40b26a,JLE,1365429,86,62,2,0x40b268,CMP,1,Leaf,esi(-1) eax(LEA) ,rflags ,CMP,2,LEA,4,MOVSXD,3,JL,2,MOV,5,MOVSXD,3,MOV,3,LEA,5,MOV,3,IMUL,4,1,1,0,0,0,MOVSD,0,0,1,0,0,0,JBE,0,0,4239972,4240040,4239980,0,0,0,0,c,7.4185531140679985e-06,6.298386807369698e-05,0,0,0
0x40b25f,JL,1208159,584900,112,2,0x40b258,CMP,1,Leaf,ebp(-1) eax(-1) ,rflags ,MOV,5,CMP,2,NOP,3,JMP,2,MOVSD_XMM,5,MOVSXD,3,LEA,4,CMP,2,JLE,2,MOVSXD,3,0,0,1,0,0,JNE,1,0,1,0,0,0,MOVSXD,0,0,4239960,4240079,4239969,0,0,1,0,c,6.564084776095483e-06,0.4841250199683982,0,0,0
0x40b23a,JL,742170,0,149,6,0x40b230,CMP,1,Leaf,ebp(-1) r12d(-1) ,rflags ,MOV,4,MOV,3,CMP,3,NOP,10,LEA,5,MOV,3,MOVSXD,3,IMUL,4,ADD,2,CDQE,2,1,1,1,0,0,JNE,0,0,1,0,0,0,JMP,0,0,4239920,4240079,4239936,1,0,1,0,c,4.032306011274e-06,0.0,0,0,0
0x40b215,JLE,78,0,203,6,0x40b213,TEST,1,Leaf,ebp(SAR) ebp(SAR) ,rflags ,TEST,2,SAR,2,PUSH,1,ADD,2,SHR,3,MOVSXD,3,MOV,3,LEA,5,NOP,10,CMP,3,0,1,1,0,0,JLE,0,0,1,0,0,0,NOP,0,0,4239872,4240096,4239899,0,0,0,0,c,4.2378413150541247e-10,0.0,0,0,0
0x40b1a5,JBE,778157900,68755967,75,2,0x40b1a1,UCOMISD,1,Recursive,xmm0(MOVSD_XMM) xmm2(SUBSD) ,rflags ,UCOMISD,4,MOVSD_XMM,7,MOVSXD,3,ADD,2,IMUL,4,MOV,3,JMP,2,NOP,4,MOV,5,MOVSD_XMM,4,0,0,1,0,0,RET,1,0,1,0,0,0,JMP,0,0,4239737,4239856,4239783,0,0,0,0,c,0.0042278329464817,0.0883573462403967,0,0,0
0x40b177,JZ,1632565070,854407170,121,2,0x40b174,TEST,1,Recursive,rax(MOV) rax(MOV) ,rflags ,TEST,3,MOV,4,NOP,8,JMP,5,MOV,3,MOV,4,LEA,3,MOVSXD,3,MOVSD_XMM,7,MOV,3,0,0,1,0,0,RET,1,0,1,0,0,0,JBE,0,0,4239728,4239856,4239737,0,0,0,0,c,0.0088699380809746,0.5233525975169859,1,0,1
0x40b15a,JNZ,477845251,477841556,-309,6,0x40b157,TEST,1,Recursive,rdi(-1) rdi(-1) ,rflags ,TEST,3,JNZ,6,MOV,2,TEST,2,IDIV,4,MOV,3,JMP,5,NOP,8,MOV,4,TEST,3,0,0,0,0,0,CALL,0,1,1,0,0,0,JMP,0,0,4239703,4239397,4239712,0,0,1,0,c,0.0025961953165259,0.999992267371095,1,0,1
0x40b151,JNZ,2110410321,1632565070,-353,6,0x40b14d,TEST,1,Recursive,edx(IDIV) edx(IDIV) ,rflags ,MOV,2,TEST,2,IDIV,4,MOV,4,CDQ,1,TEST,3,JNZ,6,MOV,3,JMP,5,NOP,8,1,1,0,0,0,JE,0,0,1,0,0,0,JNE,0,0,4239684,4239344,4239703,0,0,0,0,c,0.0114661333975005,0.7735770877136456,1,0,1
0x40b13b,JZ,477845251,0,181,6,0x40b138,TEST,1,Recursive,rbp(MOV) rbp(MOV) ,rflags ,TEST,3,MOV,4,JNZ,2,TEST,2,NOP,7,LEA,3,CDQ,1,MOV,4,IDIV,4,TEST,2,0,0,1,0,0,RET,1,0,0,0,0,0,LEA,0,0,4239668,4239856,4239681,0,0,0,0,c,0.0025961953165259,0.0,0,1,0
0x40b132,JNZ,2110410321,1632565070,62,2,0x40b130,TEST,1,Recursive,ebx(-1) ebx(-1) ,rflags ,TEST,2,NOP,7,ADD,3,MOV,3,MOVSXD,3,MOV,4,TEST,3,JZ,6,LEA,3,CDQ,1,0,1,0,0,0,JE,0,0,1,0,0,0,JE,0,0,4239664,4239728,4239668,0,0,0,0,c,0.0114661333975005,0.7735770877136456,1,0,1
0x40b10d,JNL,856640386,428320193,195,6,0x40b10a,CMP,1,Recursive,eax(-1) r13d(-1) ,rflags ,CMP,3,JBE,2,UCOMISD,4,JZ,6,ADDSD,4,MOV,5,MOV,8,MOVSXD,3,MOV,3,ADD,3,0,1,0,0,0,JMP,0,0,1,0,0,0,NOP,0,0,4239626,4239824,4239635,0,0,1,1,c,0.0046542384870957,0.5,0,0,0
0x40b108,JBE,2109915541,1253275155,40,2,0x40b104,UCOMISD,1,Recursive,xmm6(-1) xmm2(-1) ,rflags ,UCOMISD,4,JZ,6,ADDSD,4,ADDSD,4,MULSD,4,CMP,3,JNL,6,MOV,5,MOV,8,MOVSXD,3,0,0,1,0,0,JNE,0,0,1,0,0,0,JGE,0,0,4239620,4239664,4239626,0,0,0,0,c,0.011463445193493,0.5939930441035601,1,0,1
0x40b0fe,JZ,2109915541,0,178,6,0x40b0b6,CMP,1,Recursive,r14d(-1) ,rflags ,ADDSD,4,ADDSD,4,MULSD,4,MULSD,4,MULSD,4,UCOMISD,4,JBE,2,CMP,3,JNL,6,MOV,5,0,1,0,0,0,JMP,0,0,1,1,0,0,JBE,0,0,4239526,4239792,4239620,0,0,0,0,c,0.011463445193493,0.0,0,0,0
0x40b095,JZ,2109915541,2109915541,17,2,0x40b093,TEST,1,Recursive,ecx(MOV) ecx(MOV) ,rflags ,TEST,2,MOV,2,MOV,5,JZ,6,CMP,3,MOVSXD,3,MOV,4,TEST,2,JNZ,6,MOV,3,0,1,0,0,0,JE,0,0,1,0,0,0,JNE,0,0,4239500,4239526,4239511,0,0,0,0,c,0.011463445193493,1.0,1,0,1
0x40b086,JZ,2110410321,494780,170,6,0x40b083,CMP,1,Recursive,eax(MOV) r13d(-1) ,rflags ,CMP,3,MOVSD_XMM,6,MOVSD_XMM,6,MOV,3,CALL_NEAR,5,MOV,5,MOV,2,TEST,2,JZ,2,MOVSXD,3,0,1,1,0,0,JNE,0,0,1,0,0,0,JE,0,0,4239491,4239664,4239500,0,0,0,0,c,0.0114661333975005,0.0002344472992178,0,0,0
0x40b023,JB,495528933,50702132,96,2,0x40b01c,UCOMISD,1,Recursive,xmm0(ADDSD) r12(-1) rdx(MOVSXD) ,rflags ,UCOMISD,7,MOVSXD,3,ADD,2,ADDSD,4,IMUL,4,MOV,8,MOV,5,LEA,3,MOV,5,MOVAPD,4,0,0,1,0,0,JE,0,0,0,0,0,0,CALL,0,1,4239356,4239491,4239397,0,0,0,1,c,0.0026922730577847,0.1023192161415123,0,1,0
0x40aff6,JZ,1632565070,1137036137,141,6,0x40aff0,TEST,1,Recursive,rdi(-1) rdi(-1) ,rflags ,MOV,3,TEST,3,NOP,4,JMP,5,MOV,5,MOV,4,LEA,3,MOVSXD,3,MOVSD_XMM,7,MOV,2,0,0,1,0,0,JE,0,0,1,0,0,0,JB,0,0,4239344,4239491,4239356,0,0,0,0,c,0.0088699380809746,0.6964721700189261,1,0,1
0x40ae9c,JBE,4,4,-130,6,0x40ae98,UCOMISD,1,Recursive,xmm1(-1) xmm0(-1) ,rflags ,UCOMISD,4,JNBE,2,UCOMISD,4,MOVSD_XMM,7,MOVSXD,3,MOV,8,MOV,2,MOV,8,MOV,2,MOV,3,0,0,0,0,0,JMP,0,0,0,0,0,0,JMP,0,0,4239000,4238874,4239010,0,0,1,1,c,2.173251956438013e-11,1.0,1,0,1
0x40ae96,JNBE,68823,68819,83,2,0x40ae92,UCOMISD,1,Recursive,xmm0(MOVSD_XMM) xmm1(MOVSD_XMM) ,rflags ,UCOMISD,4,MOVSD_XMM,7,MOVSXD,3,ADD,2,IMUL,3,UCOMISD,4,JBE,6,MOV,8,MOV,2,MOV,8,0,0,0,0,0,JMP,0,0,1,0,0,0,JBE,0,0,4238945,4239081,4239000,0,0,1,0,c,3.739242984948334e-07,0.9999418798948028,1,0,1
0x40ae0e,JL,1,1,219,6,0x40ae0c,CMP,1,Recursive,edx(-1) esi(MOV) ,rflags ,CMP,2,MOV,2,LEA,4,MOVSXD,8,JNZ,2,JNLE,6,MOV,8,MOV,2,MOV,8,MOV,2,0,0,0,0,0,JMP,0,0,1,0,0,0,JG,0,0,4238846,4239081,4238868,0,0,1,0,c,5.433129891095032e-12,1.0,1,0,1
0x40adfc,JNZ,68824,68823,101,2,0x40adf4,TEST,1,Recursive,ebp(-1) ebp(-1) ,rflags ,MOV,2,LEA,4,TEST,2,MOVSXD,3,MOV,5,MOVSXD,8,LEA,4,MOV,2,CMP,2,JL,6,0,1,0,0,0,JA,0,0,1,0,0,0,JL,0,0,4238825,4238945,4238846,0,0,0,0,c,3.739297316247245e-07,0.9999854701848192,1,0,1
0x40ac43,JNLE,1752035,840348,-35,2,0x40ac40,CMP,1,Recursive,r11d(-1) eax(-1) ,rflags ,CMP,3,JZ,2,CMP,2,MOV,3,MOV,2,ADD,4,MOVSXD,3,MOV,4,JMP,2,NOP,6,0,1,0,0,0,MOV,0,0,1,0,0,0,JMP,0,0,4238400,4238368,4238405,0,0,1,1,c,9.519033728744684e-06,0.4796411030601558,0,0,0
0x40ac3e,JZ,1865628,113593,-20,2,0x40ac3c,CMP,1,Recursive,eax(MOV) ecx(MOV) ,rflags ,CMP,2,MOV,3,MOV,2,JZ,6,CMP,3,CMP,3,JNLE,2,ADD,4,MOVSXD,3,MOV,4,1,1,1,0,0,JE,0,0,1,0,0,0,JG,0,0,4238393,4238378,4238400,0,0,0,0,c,1.0136199252463844e-05,0.060887272275073,0,1,0
0x40ac31,JZ,1865628,113593,-726,6,0x40ac2e,CMP,1,Recursive,r10(ADD) rdi(-1) ,rflags ,CMP,3,ADD,4,MOV,4,MOVSXD,3,ADD,3,MOV,2,MOV,3,CMP,2,JZ,2,CMP,3,0,0,1,0,0,JE,1,0,1,0,0,0,MOV,0,0,4238378,4237659,4238391,0,0,0,0,c,1.0136199252463844e-05,0.060887272275073,0,0,0
0x40abf4,JNZ,911687,858633,-31,2,0x40abec,CMP,1,Recursive,r9(ADD) r11(-1) ,rflags ,MOV,2,MOV,3,CMP,3,MOVSXD,3,ADD,4,MOV,5,MOV,8,MOV,5,MOV,4,MOV,5,0,0,0,1,1,JE,0,0,0,1,0,0,JMP,1,0,4238306,4238293,4238326,0,0,0,0,c,4.9533138910227566e-06,0.9418067823715814,1,1,1
0x40abe0,JNLE,1752035,840348,-32,2,0x40abdc,CMP,1,Recursive,rsp(-1) eax(-1) ,rflags ,CMP,4,JZ,2,CMP,2,MOV,3,JZ,2,ADD,3,ADD,4,MOVSXD,3,CMP,3,MOV,3,0,1,0,0,0,MOV,0,0,1,0,0,0,JNE,0,0,4238300,4238272,4238306,0,0,1,1,c,9.519033728744684e-06,0.4796411030601558,0,0,0
0x40abda,JZ,1865628,113593,-14,2,0x40abd8,CMP,1,Recursive,eax(MOV) ecx(-1) ,rflags ,CMP,2,MOV,3,JZ,2,CMP,3,ADD,4,CMP,4,JNLE,2,ADD,3,ADD,4,MOVSXD,3,1,1,0,0,0,JE,0,0,1,0,0,0,JG,0,0,4238293,4238284,4238300,0,0,0,0,c,1.0136199252463844e-05,0.060887272275073,0,0,0
0x40abd3,JZ,953941,60539,35,2,0x40abd0,CMP,1,Recursive,r9(ADD) r11(-1) ,rflags ,CMP,3,ADD,4,MOV,2,MOV,3,MOVSXD,3,MOV,3,CMP,2,JZ,2,CMP,4,JNLE,2,0,0,1,0,0,JMP,1,0,0,0,1,1,JE,0,0,4238284,4238326,4238293,0,0,0,0,c,5.182885361441086e-06,0.0634619960773255,0,0,0
0x40ab88,JNZ,911687,857605,-33,2,0x40ab7e,CMP,1,Recursive,rax(ADD) r11(-1) ,rflags ,MOV,2,MOV,5,CMP,3,MOVSXD,3,ADD,4,MOV,5,MOV,8,MOV,4,MOV,5,LEA,4,0,0,0,1,1,JE,0,0,0,1,0,0,JMP,1,0,4238195,4238183,4238218,0,0,0,1,c,4.9533138910227566e-06,0.9406792024017014,1,1,1
0x40ab71,JNLE,1752035,840348,-33,2,0x40ab6d,CMP,1,Recursive,rsp(-1) edx(-1) ,rflags ,CMP,4,JZ,2,CMP,2,MOV,2,JZ,2,ADD,4,ADD,4,MOVSXD,3,CMP,3,MOV,5,0,1,0,0,0,MOV,0,0,1,0,0,0,JNE,0,0,4238189,4238160,4238195,0,0,1,1,c,9.519033728744684e-06,0.4796411030601558,0,0,0
0x40ab6b,JZ,1865628,113593,-13,2,0x40ab69,CMP,1,Recursive,edx(MOV) ecx(-1) ,rflags ,CMP,2,MOV,2,JZ,2,CMP,3,ADD,4,CMP,4,JNLE,2,ADD,4,ADD,4,MOVSXD,3,1,1,0,0,0,JE,0,0,1,0,0,0,JG,0,0,4238183,4238174,4238189,0,0,0,0,c,1.0136199252463844e-05,0.060887272275073,0,0,0
0x40ab65,JZ,953941,59511,37,2,0x40ab62,CMP,1,Recursive,rax(ADD) r11(-1) ,rflags ,CMP,3,ADD,4,MOV,2,MOV,5,MOVSXD,3,MOV,2,CMP,2,JZ,2,CMP,4,JNLE,2,0,0,1,0,0,JMP,1,0,0,0,1,1,JE,0,0,4238174,4238218,4238183,0,0,1,0,c,5.182885361441086e-06,0.0623843612969774,0,0,0
0x40aaee,JLE,8,8,-38,2,0x40aaeb,CMP,1,Recursive,r8d(-1) esi(LEA) ,rflags ,CMP,3,LEA,3,MOV,2,MOV,2,JNBE,2,MOV,5,MOVSXD,3,MOV,8,MOV,4,LEA,4,1,1,0,0,0,JA,0,0,1,1,0,0,JMP,1,0,4238056,4238024,4238064,0,0,0,1,c,4.346503912876026e-11,1.0,1,1,1
0x40aae2,JNBE,8,8,14,2,0x40aadb,UCOMISD,1,Recursive,xmm0(-1) r12(-1) r9(MOVSXD) ,rflags ,UCOMISD,7,MOVSXD,3,ADD,3,IMUL,4,MOV,3,MOV,2,MOV,2,LEA,3,CMP,3,JLE,2,0,0,1,0,0,JMP,1,0,1,0,0,0,MOV,0,0,4238024,4238064,4238052,0,0,1,0,c,4.346503912876026e-11,1.0,1,0,1
0x40aab8,JNBE,99372,99364,775,6,0x40aab1,UCOMISD,1,Recursive,xmm0(-1) r12(-1) r9(MOVSXD) ,rflags ,UCOMISD,7,MOVSXD,3,ADD,3,IMUL,4,MOV,3,LEA,5,JMP,2,NOP,3,MOV,2,SUB,4,0,0,0,0,0,JMP,0,0,1,0,0,0,JMP,0,0,4237983,4238783,4238014,0,0,1,0,c,5.399009835378955e-07,0.999919494424989,1,0,1
0x40aa99,JNLE,99372,0,806,6,0x40aa8c,CMP,1,Recursive,r8d(-1) eax(SUB) ,rflags ,MOVSD_XMM,7,MOVSXD,3,CMP,3,ADD,2,IMUL,3,MOV,5,MOV,3,IMUL,4,ADD,3,MOVSXD,3,0,1,0,0,0,JMP,0,0,1,0,0,0,JA,0,0,4237936,4238783,4237983,0,0,1,0,c,5.399009835378955e-07,0.0,0,0,0
0x40aa3e,JZ,212965,0,538,6,0x40aa1a,CMP,1,Recursive,ebx(-1) ,rflags ,LEA,3,MOV,4,MOV,8,MOV,3,LEA,4,MOV,5,MOV,5,MOV,5,MOV,5,MOV,8,0,1,0,0,0,JMP,0,0,1,0,0,0,MOV,0,0,4237827,4238424,4237892,0,0,1,1,c,1.1570665072570536e-06,0.0,0,0,0
0x40a9fd,JNL,212965,0,867,6,0x40a9f8,CMP,1,Recursive,rsp(-1) r15d(-1) ,rflags ,CMP,5,CALL_NEAR,5,MOV,4,MOV,5,MOV,5,MOV,3,MOV,5,MOV,8,MOV,3,ADD,4,0,0,1,0,0,RET,1,0,0,0,0,0,JE,0,0,4237816,4238688,4237827,1,0,0,1,c,1.1570665072570536e-06,0.0,0,0,0
0x40a9ab,JZ,212965,0,853,6,0x40a987,CMP,1,Recursive,ebx(-1) ,rflags ,MOV,4,MOV,3,LEA,4,MOV,3,MOV,8,LEA,3,MOV,5,MOV,4,MOV,4,MOV,5,0,1,0,0,0,CALL,0,1,1,0,0,0,CALL,0,1,4237692,4238592,4237745,0,0,1,1,c,1.1570665072570536e-06,0.0,0,0,0
0x40a97a,JL,212965,0,126,2,0x40a975,CMP,1,Recursive,rsp(-1) r8d(-1) ,rflags ,CMP,5,MOV,5,NOP,6,JMP,2,MOV,4,MOV,3,MOV,8,CMP,3,MOV,8,MOV,3,0,1,0,0,0,JGE,0,0,1,0,0,0,JE,0,0,4237685,4237816,4237692,0,0,0,1,c,1.1570665072570536e-06,0.0,0,0,0
0x40a95e,JZ,212965,0,786,6,0x40a95b,CMP,1,Recursive,ebx(-1) ,rflags ,CMP,3,JNZ,2,MOV,4,CMP,3,MOVSXD,3,MOV,4,JMP,2,NOP,6,MOV,5,CMP,5,0,1,0,0,0,JE,0,0,1,0,0,0,JMP,0,0,4237659,4238448,4237668,0,0,0,1,c,1.1570665072570536e-06,0.0,0,0,0
0x40a959,JNZ,2161488,2114044,-46,2,0x40a952,CMP,1,Recursive,r11(ADD) rdi(-1) ,rflags ,MOV,4,CMP,3,MOVSXD,3,ADD,4,ADD,4,CMP,3,JZ,6,MOV,4,JMP,2,NOP,6,0,0,0,0,0,MOV,0,0,0,1,0,0,JE,1,0,4237639,4237611,4237659,0,0,0,0,c,1.174364506204322e-05,0.9780503060854374,1,1,1
0x40a945,JNBE,4254510,2093022,-45,2,0x40a93e,UCOMISD,1,Recursive,xmm0(-1) r12(-1) rcx(MOVSXD) ,rflags ,UCOMISD,7,MOVSXD,3,ADD,2,IMUL,3,MOV,2,ADD,4,ADD,4,MOVSXD,3,CMP,3,MOV,4,0,1,0,0,0,MOV,0,0,1,0,0,0,JNE,0,0,4237620,4237592,4237639,0,0,1,1,c,2.311530545296273e-05,0.491953714998907,0,0,0
0x40a932,JZ,4353882,99372,-16,2,0x40a930,CMP,1,Recursive,eax(MOV) ecx(MOV) ,rflags ,CMP,2,MOV,3,MOV,2,JZ,2,CMP,3,MOV,2,IMUL,3,ADD,2,MOVSXD,3,UCOMISD,7,1,1,0,0,0,JE,0,0,1,0,0,0,JA,0,0,4237613,4237602,4237620,0,0,0,0,c,2.365520643650062e-05,0.0228237696841577,0,1,0
0x40a929,JZ,2192394,51928,50,2,0x40a926,CMP,1,Recursive,r11(ADD) rdi(-1) ,rflags ,CMP,3,ADD,4,MOV,4,MOVSXD,3,ADD,3,MOV,2,MOV,3,CMP,2,JZ,2,MOV,2,0,0,1,0,0,JE,1,0,0,0,0,0,MOV,0,0,4237602,4237659,4237611,0,0,0,0,c,1.1911561374457402e-05,0.0236855236786818,0,1,0
0x40a8ea,JNZ,2161488,2113537,-44,2,0x40a8e1,CMP,1,Recursive,rax(ADD) r9(-1) ,rflags ,MOV,2,MOV,4,CMP,3,MOVSXD,3,ADD,4,MOV,5,MOV,8,MOV,4,MOV,5,LEA,5,0,0,0,1,1,JE,0,0,0,1,0,0,JMP,1,0,4237527,4237502,4237548,0,0,0,0,c,1.174364506204322e-05,0.9778157454494312,1,1,1
0x40a8d5,JNBE,4254510,2093022,-45,2,0x40a8ce,UCOMISD,1,Recursive,xmm0(-1) r12(-1) rcx(MOVSXD) ,rflags ,UCOMISD,7,MOVSXD,3,ADD,2,IMUL,3,MOV,2,ADD,3,ADD,4,MOVSXD,3,CMP,3,MOV,4,0,1,0,0,0,MOV,0,0,1,0,0,0,JNE,0,0,4237508,4237480,4237527,0,0,1,1,c,2.311530545296273e-05,0.491953714998907,0,0,0
0x40a8c2,JZ,4353882,99372,-13,2,0x40a8c0,CMP,1,Recursive,edx(MOV) ecx(-1) ,rflags ,CMP,2,MOV,2,JZ,2,CMP,3,ADD,4,MOV,2,IMUL,3,ADD,2,MOVSXD,3,UCOMISD,7,1,1,0,0,0,JE,0,0,1,0,0,0,JA,0,0,4237502,4237493,4237508,0,0,0,0,c,2.365520643650062e-05,0.0228237696841577,0,0,0
0x40a8bc,JZ,2192394,51421,48,2,0x40a8b9,CMP,1,Recursive,rax(ADD) r9(-1) ,rflags ,CMP,3,ADD,4,MOV,2,MOV,4,MOVSXD,3,MOV,2,CMP,2,JZ,2,MOV,2,IMUL,3,0,0,1,0,0,JMP,1,0,0,0,1,1,JE,0,0,4237493,4237548,4237502,0,0,0,0,c,1.1911561374457402e-05,0.023454269624894,0,0,0
0x40a874,JNZ,2161488,2112069,-45,2,0x40a86a,CMP,1,Recursive,rax(ADD) r9(-1) ,rflags ,MOV,2,MOV,5,CMP,3,MOVSXD,3,ADD,4,MOV,8,MOV,5,MOV,8,MOV,5,MOV,5,0,0,0,1,1,JE,0,0,0,1,0,0,JMP,1,0,4237408,4237383,4237430,0,0,0,1,c,1.174364506204322e-05,0.9771365836867936,1,1,1
0x40a85e,JNBE,4254510,2093022,-46,2,0x40a857,UCOMISD,1,Recursive,xmm0(-1) r12(-1) rcx(MOVSXD) ,rflags ,UCOMISD,7,MOVSXD,3,ADD,2,IMUL,3,MOV,2,ADD,3,ADD,4,MOVSXD,3,CMP,3,MOV,5,0,1,0,0,0,MOV,0,0,1,0,0,0,JNE,0,0,4237389,4237360,4237408,0,0,1,1,c,2.311530545296273e-05,0.491953714998907,0,0,0
0x40a84b,JZ,4353882,99372,-13,2,0x40a849,CMP,1,Recursive,edx(MOV) ecx(-1) ,rflags ,CMP,2,MOV,2,JZ,2,CMP,3,ADD,4,MOV,2,IMUL,3,ADD,2,MOVSXD,3,UCOMISD,7,1,1,0,0,0,JE,0,0,1,0,0,0,JA,0,0,4237383,4237374,4237389,0,0,0,0,c,2.365520643650062e-05,0.0228237696841577,0,0,0
0x4c1a0a,JZ,1073928,0,10622,6,0x4c1a07,CMP,1,NonLeaf,ebx(-1) ,rflags ,CMP,3,JZ,6,TEST,3,MOV,7,ADD,4,MOV,4,CMP,4,JNB,6,LEA,4,MOV,4,0,1,0,0,0,MOV,0,0,1,0,0,0,JAE,0,0,4987399,4998024,4987408,0,0,1,0,c,5.834790317683905e-06,0.0,0,0,0
0x40a845,JZ,2192394,49953,49,2,0x40a842,CMP,1,Recursive,rax(ADD) r9(-1) ,rflags ,CMP,3,ADD,4,MOV,2,MOV,5,MOVSXD,3,MOV,2,CMP,2,JZ,2,MOV,2,IMUL,3,0,0,1,0,0,JMP,1,0,0,0,1,1,JE,0,0,4237374,4237430,4237383,0,0,1,0,c,1.1911561374457402e-05,0.0227846819504158,0,0,0
0x40a7e3,JZ,212965,113593,813,6,0x40a7dc,TEST,1,Recursive,ebp(-1) ebp(-1) ,rflags ,MOVSXD,3,MOV,2,TEST,2,JNLE,6,MOV,4,MOV,8,MOV,3,LEA,8,MOV,5,MOV,5,0,1,0,0,0,JMP,0,0,1,0,0,0,JMP,0,0,4237276,4238096,4237289,0,0,1,1,c,1.1570665072570536e-06,0.5333881154180264,1,0,1
0x40a7d6,JNLE,212965,0,410,6,0x40a7c4,CMP,1,Recursive,r8d(-1) rsp(-1) ,rflags ,MOV,4,LEA,4,MOV,2,CMP,8,MOV,8,TEST,2,MOV,2,MOVSXD,3,JZ,6,MOV,8,0,1,0,0,0,MOV,0,0,1,0,0,0,JE,0,0,4237244,4237680,4237276,0,0,0,0,c,1.1570665072570536e-06,0.0,0,0,0
0x40a79f,JNZ,212965,99372,721,6,0x40a799,TEST,1,Recursive,ebp(-1) ebp(-1) ,rflags ,MOV,4,TEST,2,SAR,2,ADD,2,SHR,3,MOV,5,CDQE,2,XORPD,4,LEA,4,MOV,2,0,1,0,0,0,JG,0,0,1,0,0,0,MOV,0,0,4237190,4237936,4237221,0,0,0,1,c,1.1570665072570536e-06,0.4666118845819735,0,0,0
0x40a780,JZ,281789,68824,1641,6,0x40a779,CMP,1,Recursive,eax(LEA) rsp(-1) ,rflags ,CMP,7,LEA,4,JZ,6,MOV,2,CMP,8,MOV,7,ADD,3,MOV,2,SHR,3,ADD,2,0,1,0,0,0,JNE,1,0,1,0,0,0,JNE,0,0,4237173,4238825,4237190,0,0,0,1,c,1.530996238881778e-06,0.2442394841530364,0,0,0
0x40a76f,JZ,425956,144167,1631,6,0x40a765,CMP,1,Recursive,r8d(-1) rsp(-1) ,rflags ,MOV,2,CMP,8,IDIV,4,CDQ,1,NOP,6,LEA,4,CMP,7,JZ,6,MOV,7,ADD,3,1,1,0,0,0,JMP,1,0,1,0,0,0,JE,0,0,4237152,4238798,4237173,1,0,1,0,c,2.314274275891276e-06,0.3384551456018931,0,0,0
0x40a3c2,JNLE,244,244,-808,6,0x40a3bc,TEST,1,NonLeaf,ebx(-1) ebx(-1) ,rflags ,MOVAPD,4,TEST,2,JP,6,UCOMISD,4,SQRTSD,4,MOVSD_XMM,6,MOV,5,MOVSD_XMM,6,MOV,3,MOV,3,0,0,0,0,0,NOP,0,0,0,0,0,0,CALL,0,1,4236220,4235418,4236232,0,0,0,1,c,1.3256836934271878e-09,1.0,1,0,1
0x40a3b6,JP,244,0,760,6,0x40a3b2,UCOMISD,1,NonLeaf,xmm0(SQRTSD) xmm0(SQRTSD) ,rflags ,UCOMISD,4,SQRTSD,4,ADDSD,4,MULSD,8,SUBSD,4,TEST,2,MOVAPD,4,JNLE,6,MOVSD_XMM,6,MOV,5,0,1,0,0,0,CALL,0,1,1,1,0,0,JG,0,0,4236176,4236974,4236220,0,0,1,0,c,1.3256836934271878e-09,0.0,0,0,0
0x40a33f,JNL,244,242,-703,6,0x40a32d,CMP,1,NonLeaf,r14d(-1) eax(ADD) ,rflags ,MOVSD_XMM,8,MOV,7,CMP,3,ADD,3,ADDSD,8,MOV,5,MOV,11,MOV,3,MOV,5,MOV,3,0,0,0,1,1,JA,0,0,0,1,0,0,CALL,1,1,4236051,4235392,4236101,0,0,0,1,c,1.3256836934271878e-09,0.9918032786885246,1,1,1
0x40a309,JNLE,13929960,13929716,-25,2,0x40a303,CMP,1,NonLeaf,ebx(-1) edx(ADD) ,rflags ,ADDSD,4,CMP,2,ADD,4,DIVSD,5,MULSD,4,MULSD,8,MOVSD_XMM,8,MOV,7,ADDSD,8,ADD,3,1,1,1,1,1,JG,0,0,1,1,0,0,MULSD,0,0,4236016,4236016,4236043,1,0,0,0,c,7.568328205775816e-05,0.9999824837975126,1,1,1
0x4c146a,JZ,709249,0,2950,6,0x4c1467,TEST,1,NonLeaf,rcx(-1) rcx(-1) ,rflags ,TEST,3,MOV,7,MOV,7,MOV,7,JNL,6,CMP,4,JZ,6,CMP,3,MOV,3,JZ,2,0,0,0,0,0,JE,0,0,0,0,0,0,JE,0,0,4985959,4988912,4985968,0,0,0,0,c,3.853441942129261e-06,0.0,0,0,0
0x40a2a5,JZ,244,244,59,2,0x40a2a1,CMP,1,NonLeaf,rsp(-1) ebx(-1) ,rflags ,CMP,4,JNBE,2,CMP,3,ADD,4,MOVHPD,6,MOV,5,MOV,5,MOVSD_XMM,4,MOV,5,XORPD,8,0,0,1,0,0,NOP,0,0,0,0,0,0,MOVSD,0,0,4235937,4236000,4235943,0,0,0,1,c,1.3256836934271878e-09,1.0,1,0,1
0x40a29f,JNBE,6964980,6964736,-89,2,0x40a29c,CMP,1,NonLeaf,r13d(-1) esi(ADD) ,rflags ,CMP,3,ADD,4,MOVHPD,6,MOVLPD,6,MULPD,4,CMP,4,JZ,2,MOV,5,MOV,5,MOVSD_XMM,4,1,1,1,1,1,JA,0,0,1,1,0,0,JE,0,0,4235846,4235846,4235937,1,0,1,0,c,3.784164102887908e-05,0.9999649675950254,1,1,1
0x40a238,JZ,244,0,111,2,0x40a236,TEST,1,NonLeaf,ecx(MOV) ecx(MOV) ,rflags ,TEST,2,MOV,4,JZ,6,OR,3,SETNB,3,MOVAPD,4,XOR,2,XOR,2,UNPCKLPD,4,MOVSD_XMM,6,0,1,0,0,0,MOVSD,0,0,1,0,0,0,UNPCKLPD,0,0,4235826,4235943,4235834,0,0,1,0,c,1.3256836934271878e-09,0.0,0,0,0
0x40a22c,JZ,244,0,500,6,0x40a229,OR,1,NonLeaf,sil(OR) cl(SETNB) ,sil rflags ,OR,3,SETNB,3,CMP,3,SETNB,4,CMP,3,MOV,4,TEST,2,JZ,2,MOVAPD,4,XOR,2,0,0,0,0,0,NOP,0,0,1,0,0,0,JE,0,0,4235804,4236320,4235826,0,0,0,0,c,1.3256836934271878e-09,0.0,0,0,0
0x40a216,JZ,244,0,522,6,0x40a213,TEST,1,NonLeaf,cl(AND) sil(OR) ,rflags ,TEST,3,OR,2,SETNB,4,CMP,3,SETNB,4,CMP,3,SETNB,4,CMP,3,SETNB,3,OR,3,0,1,0,0,0,NOP,0,0,1,0,0,0,JE,0,0,4235664,4236320,4235804,0,0,0,0,c,1.3256836934271878e-09,0.0,0,0,0
0x40a130,JBE,13929960,13928927,-64,2,0x40a12c,UCOMISD,1,NonLeaf,xmm0(MULSD) xmm3(-1) ,rflags ,UCOMISD,4,MULSD,4,ADDSD,5,MOVSD_XMM,6,JLE,2,MOVAPD,5,MOVAPD,5,JMP,2,MOV,3,JMP,5,1,1,0,0,0,JBE,0,0,1,0,0,0,JMP,0,0,4235549,4235504,4235570,0,0,0,0,c,7.568328205775816e-05,0.9999258432902894,1,1,1
0x40a11b,JLE,13929960,244,53,2,0x40a119,CMP,1,NonLeaf,ebx(-1) eax(ADD) ,rflags ,CMP,2,ADD,4,MOVSD_XMM,6,ADDSD,6,MOVSD_XMM,6,MOVSD_XMM,6,ADDSD,5,MULSD,4,UCOMISD,4,JBE,2,0,1,1,0,0,CALL,1,1,0,0,1,1,JBE,0,0,4235523,4235600,4235549,0,0,1,0,c,7.568328205775816e-05,1.7516202487300754e-05,0,0,0
0x40a0f4,JBE,13928927,13927957,1449,6,0x40a0f0,UCOMISD,1,NonLeaf,xmm7(-1) xmm0(-1) ,rflags ,UCOMISD,4,NOP,3,JMP,2,MOVSD_XMM,9,MOVSD_XMM,8,MOVAPD,5,MOVAPD,4,MOVSD_XMM,6,ADDSD,6,MOVSD_XMM,6,0,1,0,0,0,JMP,0,0,1,0,0,0,MOVAPD,0,0,4235504,4236957,4235514,0,0,0,0,c,7.567766963458066e-05,0.999930360752124,1,0,1
0x40a0b9,JNLE,13929960,13929716,-17,2,0x40a0b7,CMP,1,NonLeaf,ebx(-1) eax(ADD) ,rflags ,CMP,2,ADD,4,MOVSD_XMM,5,MOVSD_XMM,6,NOP,5,MOVSD_XMM,8,MOV,7,XOR,2,MOVSD_XMM,9,MOVAPD,5,1,1,1,1,1,JG,0,0,1,1,0,0,JMP,0,0,4235432,4235432,4235451,1,0,1,0,c,7.568328205775816e-05,0.9999824837975126,1,1,1
0x40a08c,JNBE,244,244,772,6,0x40a080,UCOMISD,1,NonLeaf,xmm1(-1) rip(JNBE) ,rflags ,MOVAPD,4,UCOMISD,8,NOP,5,MOV,5,MOV,5,TEST,2,JLE,6,MOV,7,XOR,2,NOP,5,1,1,0,0,0,JP,0,0,1,0,0,0,JLE,0,0,4235392,4236176,4235410,1,0,0,0,c,1.3256836934271878e-09,1.0,1,0,1
0x40a02d,JLE,2,0,792,6,0x40a018,TEST,1,NonLeaf,r14d(-1) r14d(-1) ,rflags ,MOV,11,MOV,7,TEST,3,MOVSD_XMM,6,MULSD,8,MOV,3,XOR,2,SHR,3,MOVSD_XMM,8,MOV,3,0,1,1,0,0,CALL,1,1,1,0,0,0,NOP,0,0,4235288,4236101,4235315,0,0,1,1,c,1.0866259782190064e-11,0.0,0,0,0
0x409fed,JZ,2,2,43,2,0x409fea,CMP,1,NonLeaf,r9d(-1) r8d(-1) ,rflags ,CMP,3,JB,2,CMP,2,ADD,4,MOVHPD,6,MOVSXD,3,MOVSD_XMM,8,MOVSD_XMM,6,XORPD,4,MULSD,6,0,0,1,0,0,JLE,0,0,1,0,0,0,MOVSD,0,0,4235242,4235288,4235247,0,1,1,1,c,1.0866259782190064e-11,1.0,1,0,1
0x409fe8,JB,57090,57088,-56,2,0x409fe6,CMP,1,NonLeaf,esi(ADD) edi(-1) ,rflags ,CMP,2,ADD,4,MOVHPD,6,MOVLPD,5,MULPD,4,CMP,3,JZ,2,MOVSXD,3,MOVSD_XMM,8,MOVSD_XMM,6,1,1,1,1,1,JB,0,0,1,1,0,0,JE,1,0,4235184,4235184,4235242,1,0,1,0,c,3.1017738548261537e-07,0.9999649675950254,1,1,1
0x409f83,JBE,2,0,1631,6,0x409f7f,CMP,1,NonLeaf,r8d(-1) ,rflags ,CMP,4,JZ,6,TEST,3,OR,2,SETNB,4,MOV,3,MOVAPD,8,SHR,2,XOR,2,XOR,2,0,0,0,0,0,MOVSD,1,0,1,0,0,0,NOP,1,0,4235135,4236770,4235145,0,0,0,0,c,1.0866259782190064e-11,0.0,0,0,0
0x409f79,JZ,2,0,1641,6,0x409f76,TEST,1,NonLeaf,sil(OR) al(OR) ,rflags ,TEST,3,OR,2,SETNB,4,CMP,3,SETNB,3,CMP,4,JBE,6,MOV,3,MOVAPD,8,SHR,2,0,1,0,0,0,MOVSD,1,0,1,0,0,0,JBE,0,0,4235052,4236770,4235135,0,0,0,0,c,1.0866259782190064e-11,0.0,0,0,0
0x409ed5,JNLE,114180,114178,-144,6,0x409ec9,CMP,1,NonLeaf,ebx(-1) r13d(ADD) ,rflags ,ADDSD,4,DIVSD,5,CMP,3,ADD,4,MOVSD_XMM,6,MOVSD_XMM,6,MOV,3,MULSD,8,MOV,5,LEA,8,0,0,0,1,0,JNE,0,0,0,1,0,0,CALL,0,1,4234926,4234821,4234971,0,0,0,1,c,6.203547709652307e-07,0.9999824837975126,1,1,1
0x409e84,JP,114180,0,2047,6,0x409e80,UCOMISD,1,NonLeaf,xmm2(SQRTSD) xmm2(SQRTSD) ,rflags ,UCOMISD,4,SQRTSD,4,MULSD,6,LEA,8,MOVSD_XMM,8,LEA,8,LEA,8,MOVSD_XMM,6,MOVSD_XMM,9,CALL_NEAR,5,0,0,0,0,0,CALL,0,1,0,1,0,0,CALL,0,1,4234847,4236931,4234890,0,0,1,1,c,6.203547709652307e-07,0.0,0,0,0
0x409e5d,JNZ,114180,0,-45,2,0x409e5b,TEST,1,NonLeaf,esi(MOV) esi(MOV) ,rflags ,TEST,2,MOV,3,CDQE,2,MOV,7,IDIV,6,MOV,7,MOVSD_XMM,8,LEA,8,MULSD,6,SQRTSD,4,1,1,0,0,0,JLE,0,0,1,0,0,0,JP,1,0,4234821,4234800,4234847,0,0,1,0,c,6.203547709652307e-07,0.0,0,0,0
0x409e0c,JNZ,1,1,-319,6,0x409e02,TEST,1,NonLeaf,rax(-1) rax(-1) ,rflags ,MOV,7,TEST,3,CALL_NEAR,5,MOV,5,MOVSXD,3,MOV,7,MOV,5,MOV,5,MOV,5,JMP,5,0,0,0,0,0,JE,0,0,1,0,0,0,JMP,1,0,4234754,4234445,4234770,0,0,0,0,c,5.433129891095032e-12,1.0,1,0,1
0x409dcc,JNZ,1,1,-227,6,0x409dc2,TEST,1,NonLeaf,rax(-1) rax(-1) ,rflags ,MOV,7,TEST,3,CALL_NEAR,5,MOV,5,MOVSXD,3,MOV,7,MOV,5,MOV,5,MOV,5,JMP,5,0,0,0,0,0,JE,0,0,1,0,0,0,JMP,1,0,4234690,4234473,4234706,0,0,1,0,c,5.433129891095032e-12,1.0,1,0,1
0x409d8c,JLE,2,0,2045,6,0x409d8a,TEST,1,NonLeaf,ebx(-1) ebx(-1) ,rflags ,TEST,2,JNLE,2,CMP,2,ADD,3,MOVSD_XMM,5,XORPD,4,MOV,5,XOR,3,MOV,3,MOVSD_XMM,6,0,0,0,0,0,CALL,1,1,0,0,0,0,JMP,0,0,4234634,4236681,4234642,0,0,1,1,c,1.0866259782190064e-11,0.0,0,0,0
0x409d88,JNLE,38060,38058,-32,2,0x409d86,CMP,1,NonLeaf,ecx(-1) edx(ADD) ,rflags ,CMP,2,ADD,3,MOVSD_XMM,5,MOVSD_XMM,5,MOVSD_XMM,4,TEST,2,JLE,6,XORPD,4,MOV,5,XOR,3,1,1,1,1,1,JG,0,0,0,1,0,0,JLE,1,0,4234600,4234600,4234634,1,0,1,0,c,2.0678492365507693e-07,0.999947451392538,1,1,1
0x409d4a,JZ,2,0,2046,6,0x409d47,CMP,1,NonLeaf,eax(MOVSXD) ,rflags ,CMP,3,MOV,7,MOVSXD,7,JLE,2,TEST,2,MOVSD_XMM,8,LEA,8,XOR,2,MOV,3,NOP,3,0,1,0,0,0,NOP,1,0,1,0,0,0,NOP,1,0,4234553,4236616,4234576,0,1,0,0,c,1.0866259782190064e-11,0.0,0,0,0
0x409d37,JLE,2,0,83,2,0x409d35,TEST,1,NonLeaf,ecx(MOV) ecx(MOV) ,rflags ,TEST,2,MOV,3,JZ,6,MOVSD_XMM,6,MULSD,8,MOVSXD,7,MOV,7,CMP,3,JZ,6,MOVSD_XMM,8,0,1,0,0,0,JLE,1,0,1,0,0,0,JE,0,0,4234546,4234634,4234553,0,0,0,0,c,1.0866259782190064e-11,0.0,0,0,0
0x409d2c,JZ,2,0,1853,6,0x409d13,TEST,1,NonLeaf,rdx(MOV) rdx(MOV) ,rflags ,MOVSD_XMM,6,MULSD,8,MULSD,8,TEST,3,CVTSI2SD,4,MOV,3,TEST,2,JLE,2,MOVSXD,7,MOV,7,0,1,0,0,0,JLE,1,0,1,0,0,0,JLE,1,0,4234473,4236393,4234546,0,0,0,0,c,1.0866259782190064e-11,0.0,0,0,0
0x409ce3,JNLE,1,0,205,6,0x409cdd,CMP,1,NonLeaf,ebx(-1) rip(JNLE) ,rflags ,CMP,6,JZ,6,TEST,3,MOV,7,JNLE,6,MOV,6,MOV,2,MOV,6,MOV,12,LEA,3,0,0,0,0,0,CALL,0,1,0,0,0,0,JE,0,0,4234461,4234672,4234473,0,0,1,1,c,5.433129891095032e-12,0.0,0,0,0
0x409cd7,JZ,2,1,217,6,0x409cd4,TEST,1,NonLeaf,rdi(MOV) rdi(MOV) ,rflags ,TEST,3,MOV,7,JNLE,6,CMP,6,JZ,6,CMP,6,JNLE,6,MOV,6,MOV,2,MOV,6,0,1,0,0,0,CALL,0,1,1,0,0,0,JG,0,0,4234445,4234672,4234461,0,0,1,0,c,1.0866259782190064e-11,0.5,0,0,0
0x409cc7,JNLE,1,0,297,6,0x409cc1,CMP,1,NonLeaf,ebx(-1) rip(JNLE) ,rflags ,CMP,6,JZ,6,TEST,3,MOV,7,MOV,3,MOV,7,TEST,3,JZ,6,CMP,6,JNLE,6,0,0,0,0,0,CALL,0,1,0,0,0,0,JE,0,0,4234433,4234736,4234445,0,0,1,0,c,5.433129891095032e-12,0.0,0,0,0
0x409cbb,JZ,2,1,309,6,0x409cb8,TEST,1,NonLeaf,rdi(MOV) rdi(MOV) ,rflags ,TEST,3,MOV,7,MOV,3,JZ,6,MOV,7,CMP,6,JNLE,6,MOV,7,TEST,3,JZ,6,0,1,0,0,0,CALL,0,1,1,0,0,0,JG,0,0,4234417,4234736,4234433,0,0,1,0,c,1.0866259782190064e-11,0.5,0,0,0
0x409ca8,JZ,1,0,2474,6,0x409c9e,TEST,1,NonLeaf,rax(-1) rax(-1) ,rflags ,MOV,7,TEST,3,CALL_NEAR,5,MOV,5,MOVSXD,3,MOV,3,MOV,7,TEST,3,JZ,6,CMP,6,0,1,0,0,0,MOV,1,0,1,0,0,0,MOV,0,0,4234398,4236882,4234414,0,0,0,0,c,5.433129891095032e-12,0.0,0,0,0
0x409c86,JNL,1,1,1208,6,0x409c80,CMP,1,NonLeaf,rip(JNL) ebx(-1) ,rflags ,CMP,6,JZ,2,TEST,3,MOV,5,MOV,7,CALL_NEAR,5,MOVSXD,3,MOV,5,CALL_NEAR,5,TEST,3,0,1,0,0,0,JMP,0,0,0,0,0,0,CALL,0,1,4234368,4235582,4234380,0,0,0,1,c,5.433129891095032e-12,1.0,1,0,1
0x409c7e,JZ,2,1,14,2,0x409c7b,TEST,1,NonLeaf,rdi(MOV) rdi(MOV) ,rflags ,TEST,3,MOV,5,MOV,7,SUB,7,MOV,2,CMP,6,JNL,6,CALL_NEAR,5,MOVSXD,3,MOV,5,0,1,0,0,0,CALL,0,1,1,0,0,0,JGE,0,0,4234320,4234380,4234368,0,0,1,0,c,1.0866259782190064e-11,0.5,0,0,0
0x409a48,JLE,2,1,27,2,0x4098f0,CMP,1,NonLeaf,r12d(-1) rip(JLE) ,rflags ,MOV,7,MOV,11,MOV,11,MOV,11,MOV,11,MOV,3,MOV,3,MOV,3,CALL_NEAR,5,MOV,7,0,1,1,0,0,RET,0,0,1,0,0,0,CALL,0,1,4233456,4233827,4233802,1,0,1,1,c,1.0866259782190064e-11,0.5,0,0,0
0x4098df,JLE,38060,2,17,2,0x4098d9,CMP,1,NonLeaf,r12d(MOV) edi(ADD) ,rflags ,MOV,3,CMP,3,ADD,2,ADD,3,MOV,4,MOV,7,JMP,5,NOP,3,CMP,7,MOV,11,0,0,1,0,0,JLE,1,0,1,0,0,0,JMP,0,0,4233428,4233456,4233441,0,0,1,0,c,2.0678492365507693e-07,5.254860746190226e-05,0,0,0
0x4098ce,JNLE,209972,171912,-30,2,0x4098cc,CMP,1,NonLeaf,esi(MOV) ecx(ADD) ,rflags ,CMP,2,MOV,4,MOVSXD,3,ADD,4,MOV,3,MOV,4,ADD,3,ADD,2,CMP,3,MOV,3,1,1,1,1,1,JG,0,0,0,1,0,0,MOV,0,0,4233392,4233392,4233424,1,0,1,0,c,1.140805149493006e-06,0.8187377364600994,1,1,1
0x409890,JLE,38060,0,64,2,0x40988e,TEST,1,NonLeaf,esi(MOV) esi(MOV) ,rflags ,TEST,2,MOV,4,MOVSXD,3,MOV,7,MOV,4,MOV,7,MOV,7,MOVSXD,3,LEA,4,XOR,2,0,1,1,0,0,MOV,0,0,1,0,0,0,NOP,0,0,4233330,4233424,4233362,0,0,0,0,c,2.0678492365507693e-07,0.0,0,0,0
0x40985f,JLE,38060,0,117,2,0x40985d,TEST,1,NonLeaf,esi(MOV) esi(MOV) ,rflags ,TEST,2,MOV,3,LEA,8,MOV,7,MOV,8,ADD,7,XOR,2,MOV,3,CALL_NEAR,5,MOV,7,1,1,1,0,0,JLE,0,0,1,0,0,0,CALL,0,1,4233280,4233428,4233313,0,0,1,1,c,2.0678492365507693e-07,0.0,0,1,0
0x40982f,JLE,2,0,193,6,0x409825,TEST,1,NonLeaf,r12d(-1) r12d(-1) ,rflags ,MOV,7,TEST,3,JZ,6,MOV,7,TEST,3,XOR,2,XOR,2,NOP,7,MOVSXD,3,MOV,8,0,1,1,0,0,JLE,1,0,1,0,0,0,NOP,0,0,4233253,4233456,4233269,0,0,1,0,c,1.0866259782190064e-11,0.0,0,0,0
0x40981f,JZ,2,0,904,6,0x409815,TEST,1,NonLeaf,rax(-1) rax(-1) ,rflags ,MOV,7,TEST,3,CALL_NEAR,5,SHL,4,MOVSXD,3,TEST,3,MOV,7,JLE,6,XOR,2,XOR,2,0,1,0,0,0,JMP,1,0,1,1,0,0,JLE,0,0,4233237,4234151,4233253,0,0,0,1,c,1.0866259782190064e-11,0.0,0,0,0
0x4097f0,JNLE,19030,19029,-40,2,0x4097e7,CMP,1,NonLeaf,rip(JNLE) eax(ADD) ,rflags ,MOV,3,CMP,6,ADD,3,MOV,3,CALL_NEAR,5,MOV,7,CALL_NEAR,5,MOV,7,MOV,4,MOVSXD,3,0,1,0,0,0,MOV,0,0,1,1,0,0,MOV,1,0,4233185,4233160,4233202,0,0,0,0,c,1.0339246182753849e-07,0.999947451392538,1,0,1
0x4097bb,JLE,1,0,837,6,0x4097b9,TEST,1,NonLeaf,eax(MOV) eax(MOV) ,rflags ,TEST,2,MOV,7,MOV,6,JZ,2,TEST,3,XOR,2,JMP,2,NOP,3,MOV,7,CDQE,2,0,1,0,0,0,JMP,0,0,1,0,0,0,JMP,0,0,4233132,4233984,4233153,0,0,0,0,c,5.433129891095032e-12,0.0,0,0,0
0x4097aa,JZ,2,1,95,2,0x4097a7,TEST,1,NonLeaf,rdx(MOV) rdx(MOV) ,rflags ,TEST,3,MOV,7,NOP,2,JMP,5,MOV,7,MOV,6,MOV,7,TEST,2,JLE,6,XOR,2,0,1,1,0,0,CALL,0,1,1,0,0,0,JLE,0,0,4233120,4233225,4233132,0,0,1,1,c,1.0866259782190064e-11,0.5,0,0,0
0x409790,JLE,38060,2,16,2,0x40978a,CMP,1,NonLeaf,r12d(-1) esi(ADD) ,rflags ,MOV,3,CMP,3,ADD,3,ADD,2,MOV,4,MOV,7,JMP,5,NOP,2,MOV,7,TEST,3,0,0,1,0,0,JE,1,0,1,0,0,0,JMP,0,0,4233095,4233120,4233106,0,0,0,0,c,2.0678492365507693e-07,5.254860746190226e-05,0,0,0
0x40977f,JNLE,100044,68140,-31,2,0x40977c,CMP,1,NonLeaf,ecx(MOV) r8d(ADD) ,rflags ,CMP,3,MOV,3,MOVSXD,3,ADD,4,MOV,3,MOV,4,ADD,2,ADD,3,CMP,3,MOV,3,1,1,1,1,1,JG,0,0,0,1,0,0,ADD,0,0,4233056,4233056,4233089,1,0,1,0,c,5.435520468247114e-07,0.6811003158610212,1,1,1
0x409741,JLE,31904,0,64,2,0x40973f,TEST,1,NonLeaf,ecx(MOV) ecx(MOV) ,rflags ,TEST,2,MOV,3,MOVSXD,3,MOV,7,MOV,4,MOV,7,MOV,7,MOVSXD,3,XOR,3,LEA,4,0,1,1,0,0,ADD,0,0,1,0,0,0,NOP,0,0,4232996,4233089,4233027,0,0,0,0,c,1.733385760454959e-07,0.0,0,0,0
0x40970f,JLE,38060,6156,120,2,0x40970d,TEST,1,NonLeaf,eax(MOV) eax(MOV) ,rflags ,TEST,2,MOV,3,LEA,8,MOV,7,MOV,8,ADD,7,XOR,2,MOV,2,MOV,3,CALL_NEAR,5,1,1,1,0,0,JLE,0,0,1,0,0,0,CALL,0,1,4232944,4233095,4232977,0,0,1,1,c,2.0678492365507693e-07,0.1617446137677351,0,0,0
0x4096df,JLE,2,0,193,6,0x4096d5,TEST,1,NonLeaf,r12d(-1) r12d(-1) ,rflags ,MOV,7,TEST,3,JZ,6,MOV,7,TEST,3,XOR,2,XOR,2,NOP,7,MOVSXD,3,MOV,8,0,1,1,0,0,JE,1,0,1,0,0,0,NOP,0,0,4232917,4233120,4232933,0,0,0,0,c,1.0866259782190064e-11,0.0,0,0,0
0x4096cf,JZ,2,0,1123,6,0x4096c5,TEST,1,NonLeaf,rax(-1) rax(-1) ,rflags ,MOV,7,TEST,3,CALL_NEAR,5,SHL,4,MOVSXD,3,TEST,3,MOV,7,JLE,6,XOR,2,XOR,2,0,1,0,0,0,MOV,1,0,1,1,0,0,JLE,0,0,4232901,4234034,4232917,0,0,0,1,c,1.0866259782190064e-11,0.0,0,0,0
0x4096a0,JNLE,19030,19029,-40,2,0x409697,CMP,1,NonLeaf,rip(JNLE) eax(ADD) ,rflags ,MOV,3,CMP,6,ADD,3,MOV,3,CALL_NEAR,5,MOV,7,CALL_NEAR,5,MOV,7,MOV,4,MOVSXD,3,0,1,0,0,0,MOV,0,0,1,1,0,0,MOV,1,0,4232849,4232824,4232866,0,0,0,0,c,1.0339246182753849e-07,0.999947451392538,1,0,1
0x409669,JLE,1,0,1167,6,0x409667,TEST,1,NonLeaf,ecx(MOV) ecx(MOV) ,rflags ,TEST,2,MOV,7,MOV,6,JZ,2,TEST,3,XOR,2,JMP,2,NOP,5,MOV,7,CDQE,2,0,1,0,0,0,JMP,0,0,1,0,0,0,JMP,0,0,4232794,4233976,4232815,0,0,0,0,c,5.433129891095032e-12,0.0,0,0,0
0x409658,JZ,2,1,86,2,0x409655,TEST,1,NonLeaf,rdx(MOV) rdx(MOV) ,rflags ,TEST,3,MOV,7,CALL_NEAR,5,XOR,2,MOV,5,MOV,6,MOV,7,TEST,2,JLE,6,XOR,2,0,1,1,0,0,CALL,0,1,1,0,0,0,JLE,0,0,4232782,4232878,4232794,0,0,1,1,c,1.0866259782190064e-11,0.5,0,0,0
0x409634,JZ,2,2,26,2,0x40962c,TEST,1,NonLeaf,eax(-1) eax(-1) ,rflags ,MOV,6,TEST,2,CALL_NEAR,5,MOV,3,MOV,3,MOV,7,MOV,2,MOV,3,MOV,5,XOR,2,0,1,1,0,0,JE,0,0,1,0,0,0,CALL,0,1,4232748,4232782,4232758,0,1,0,1,c,1.0866259782190064e-11,1.0,1,0,1
0x409618,JNLE,38060,38058,-40,2,0x409611,CMP,1,NonLeaf,r14(-1) edx(LEA) ,rflags ,MOV,3,CMP,4,LEA,3,MOV,3,MOV,9,MOV,7,MOV,3,MOV,3,CALL_NEAR,5,TEST,2,1,1,1,1,1,JG,0,0,0,1,0,0,CALL,1,1,4232688,4232688,4232730,1,0,1,1,c,2.0678492365507693e-07,0.999947451392538,1,1,1
0x4095e9,JLE,2,0,49,2,0x4095d8,TEST,1,NonLeaf,r15d(-1) r15d(-1) ,rflags ,MOV,7,MOV,7,TEST,3,XOR,2,JZ,6,NOP,5,MOVSXD,3,MOV,8,MOV,7,MOV,9,0,1,1,0,0,CALL,1,1,1,0,0,0,NOP,0,0,4232662,4232730,4232683,0,0,1,0,c,1.0866259782190064e-11,0.0,0,0,0
0x4095d0,JZ,2,0,1471,6,0x4095c3,TEST,1,NonLeaf,rax(-1) rax(-1) ,rflags ,MOV,7,MOV,3,TEST,3,CALL_NEAR,5,SHL,4,XOR,2,TEST,3,MOV,7,MOV,7,JLE,2,0,1,0,0,0,JMP,1,0,1,1,0,0,JLE,0,0,4232643,4234127,4232662,0,0,0,1,c,1.0866259782190064e-11,0.0,0,0,0
0x409530,JNLE,19030,19029,-40,2,0x409527,CMP,1,NonLeaf,rip(JNLE) eax(ADD) ,rflags ,MOV,3,CMP,6,ADD,3,MOV,3,CALL_NEAR,5,MOV,7,MOV,7,CALL_NEAR,5,MOV,4,MOV,7,0,1,0,0,0,MOV,0,0,1,1,0,0,MOV,1,0,4232481,4232456,4232498,0,0,0,0,c,1.0339246182753849e-07,0.999947451392538,1,0,1
0x4094f8,JLE,1,0,1552,6,0x4094f6,TEST,1,NonLeaf,esi(MOV) esi(MOV) ,rflags ,TEST,2,MOV,7,MOV,6,JZ,2,TEST,3,MOV,3,XOR,2,JMP,2,NOP,3,MOV,7,0,1,0,0,0,JMP,0,0,1,0,0,0,JMP,0,0,4232425,4233992,4232446,0,0,0,0,c,5.433129891095032e-12,0.0,0,0,0
0x4094e7,JZ,2,1,98,2,0x4094e4,TEST,1,NonLeaf,rax(MOV) rax(MOV) ,rflags ,TEST,3,MOV,7,MOV,2,JNLE,2,MOV,3,MOV,6,MOV,7,TEST,2,JLE,6,MOV,3,0,1,1,0,0,CALL,0,1,1,0,0,0,JLE,0,0,4232413,4232521,4232425,0,0,1,1,c,1.0866259782190064e-11,0.5,0,0,0
0x4094d9,JNLE,38060,38058,-41,2,0x4094d4,CMP,1,NonLeaf,ecx(MOV) edx(LEA) ,rflags ,MOV,3,CMP,2,LEA,3,MOV,4,MOV,3,MOV,2,MOV,7,TEST,3,JZ,2,MOV,6,1,1,1,1,1,JG,0,0,1,1,0,0,MOV,1,0,4232368,4232368,4232411,1,0,1,0,c,2.0678492365507693e-07,0.999947451392538,1,1,1
0x4094a0,JLE,2,0,1608,6,0x409496,TEST,1,NonLeaf,r15d(-1) r15d(-1) ,rflags ,MOV,7,TEST,3,JZ,6,MOV,7,MOV,3,MOV,7,XOR,2,NOP,1,MOVSXD,3,MOV,8,0,1,0,0,0,JMP,1,0,1,0,0,0,NOP,0,0,4232342,4233960,4232358,0,0,0,0,c,1.0866259782190064e-11,0.0,0,0,0
0x409490,JZ,2,0,1769,6,0x409483,TEST,1,NonLeaf,rax(-1) rax(-1) ,rflags ,MOV,7,MOV,3,TEST,3,CALL_NEAR,5,SHL,4,TEST,3,MOV,7,JLE,6,MOV,7,XOR,2,0,1,0,0,0,JMP,1,0,1,1,0,0,JLE,0,0,4232323,4234105,4232342,0,0,0,1,c,1.0866259782190064e-11,0.0,0,0,0
0x4093f0,JNLE,19030,19029,-40,2,0x4093e7,CMP,1,NonLeaf,rip(JNLE) eax(ADD) ,rflags ,MOV,3,CMP,6,ADD,3,MOV,3,CALL_NEAR,5,MOV,7,MOV,7,CALL_NEAR,5,MOV,4,MOV,7,0,1,0,0,0,MOV,0,0,1,1,0,0,MOV,1,0,4232161,4232136,4232178,0,0,0,0,c,1.0339246182753849e-07,0.999947451392538,1,0,1
0x4093b8,JLE,1,0,1880,6,0x4093b6,TEST,1,NonLeaf,edi(MOV) edi(MOV) ,rflags ,TEST,2,MOV,7,MOV,6,JZ,2,TEST,3,MOV,3,XOR,2,JMP,2,NOP,3,MOV,7,0,1,0,0,0,JMP,0,0,1,0,0,0,JMP,0,0,4232105,4234000,4232126,0,0,0,0,c,5.433129891095032e-12,0.0,0,0,0
0x4093a7,JZ,2,1,98,2,0x4093a4,TEST,1,NonLeaf,rax(MOV) rax(MOV) ,rflags ,TEST,3,MOV,7,MOV,2,JNLE,2,CMP,2,MOV,6,MOV,7,TEST,2,JLE,6,MOV,3,0,1,1,0,0,CALL,0,1,1,0,0,0,JLE,0,0,4232093,4232201,4232105,0,0,1,1,c,1.0866259782190064e-11,0.5,0,0,0
0x409399,JNLE,38060,38058,-41,2,0x409397,CMP,1,NonLeaf,ecx(MOV) edx(LEA) ,rflags ,CMP,2,MOV,3,MOV,4,LEA,3,MOV,3,MOV,2,MOV,7,TEST,3,JZ,2,MOV,6,1,1,1,1,1,JG,0,0,1,1,0,0,MOV,1,0,4232048,4232048,4232091,1,0,1,0,c,2.0678492365507693e-07,0.999947451392538,1,1,1
0x409357,JLE,2,0,1929,6,0x40934d,TEST,1,NonLeaf,r15d(-1) r15d(-1) ,rflags ,MOV,7,TEST,3,JZ,6,MOV,7,MOV,3,MOV,7,XOR,2,NOP,10,MOVSXD,3,MOV,8,0,1,0,0,0,JMP,1,0,1,0,0,0,NOP,0,0,4232013,4233952,4232029,0,0,0,0,c,1.0866259782190064e-11,0.0,0,0,0
0x409347,JZ,2,0,2076,6,0x40933a,TEST,1,NonLeaf,rax(-1) rax(-1) ,rflags ,MOV,7,MOV,3,TEST,3,CALL_NEAR,5,SHL,4,TEST,3,MOV,7,JLE,6,MOV,7,XOR,2,0,1,0,0,0,JMP,1,0,1,1,0,0,JLE,0,0,4231994,4234083,4232013,0,0,0,1,c,1.0866259782190064e-11,0.0,0,0,0
0x4092a8,JNLE,19030,19029,-40,2,0x40929f,CMP,1,NonLeaf,rip(JNLE) eax(ADD) ,rflags ,MOV,3,CMP,6,ADD,3,MOV,3,CALL_NEAR,5,MOV,7,CALL_NEAR,5,MOV,7,MOV,7,XOR,2,0,1,0,0,0,MOV,0,0,1,1,0,0,MOV,1,0,4231833,4231808,4231850,0,0,0,0,c,1.0339246182753849e-07,0.999947451392538,1,0,1
0x409275,JLE,1,0,2171,6,0x409272,TEST,1,NonLeaf,r8d(MOV) r8d(MOV) ,rflags ,TEST,3,MOV,7,MOV,7,JZ,2,TEST,3,XOR,2,JMP,2,NOP,1,MOV,7,CDQE,2,0,1,0,0,0,JMP,0,0,1,0,0,0,JMP,0,0,4231780,4233968,4231803,0,0,0,0,c,5.433129891095032e-12,0.0,0,0,0
0x409262,JZ,2,1,84,2,0x40925f,TEST,1,NonLeaf,rdx(MOV) rdx(MOV) ,rflags ,TEST,3,MOV,7,JZ,6,CMP,3,JZ,6,MOV,7,MOV,7,TEST,3,JLE,6,XOR,2,0,1,1,0,0,CALL,0,1,1,0,0,0,JLE,0,0,4231768,4231862,4231780,0,0,1,1,c,1.0866259782190064e-11,0.5,0,0,0
0x409252,JZ,2,0,2137,6,0x40924f,CMP,1,NonLeaf,eax(-1) ,rflags ,CMP,3,JZ,6,CMP,3,MOV,6,NOP,6,MOV,7,TEST,3,JZ,2,MOV,7,MOV,7,0,1,0,0,0,JMP,0,0,0,1,0,0,JE,0,0,4231759,4233899,4231768,0,0,1,0,c,1.0866259782190064e-11,0.0,0,0,0
0x409249,JZ,2,0,2098,6,0x409246,CMP,1,NonLeaf,eax(MOV) ,rflags ,CMP,3,MOV,6,NOP,6,CALL_NEAR,5,XOR,2,CMP,3,JZ,6,MOV,7,TEST,3,JZ,2,0,1,0,0,0,JMP,0,0,1,0,0,0,JE,0,0,4231744,4233851,4231759,0,0,1,0,c,1.0866259782190064e-11,0.0,0,0,0
0x409217,JZ,2,2,41,2,0x40920f,TEST,1,NonLeaf,eax(-1) eax(-1) ,rflags ,MOV,6,TEST,2,CALL_NEAR,5,MOV,3,MOV,3,TEST,3,JZ,6,MOV,7,MOV,2,MOV,3,0,1,1,0,0,JE,0,0,1,0,0,0,JE,0,0,4231695,4231744,4231705,0,0,0,0,c,1.0866259782190064e-11,1.0,1,0,1
0x4091f6,JZ,2,2,14,2,0x4091f3,TEST,1,NonLeaf,rdi(MOV) rdi(MOV) ,rflags ,TEST,3,MOV,3,MOV,7,MOV,7,CALL_NEAR,5,CALL_NEAR,5,MOV,7,MOV,3,MOV,3,CALL_NEAR,5,0,1,1,0,0,CALL,0,1,1,0,0,0,CALL,0,1,4231650,4231684,4231672,0,0,1,1,c,1.0866259782190064e-11,1.0,1,0,1
0x4089a0,JNZ,124,124,-11953,6,0x40899d,CMP,1,NonLeaf,eax(-1) ,rflags ,CMP,3,JZ,2,CMP,3,MOV,6,JMP,5,MOV,3,XOR,2,CALL_NEAR,5,MOV,7,JMP,5,0,0,1,0,0,JE,0,0,0,0,0,0,CALL,0,1,4229533,4217583,4229542,0,0,0,1,c,6.737081064957841e-10,1.0,1,0,1
0x40899b,JZ,124,0,11,2,0x408998,CMP,1,NonLeaf,eax(MOV) ,rflags ,CMP,3,MOV,6,JMP,5,MOVSD_XMM,6,MOVAPD,5,CMP,3,JNZ,6,MOV,3,XOR,2,CALL_NEAR,5,0,1,0,0,0,CALL,0,1,1,0,0,0,JNE,0,0,4229522,4229542,4229533,0,0,1,0,c,6.737081064957841e-10,0.0,0,0,0
0x408828,JZ,3,3,-5407,6,0x408825,TEST,1,NonLeaf,rdi(MOV) rdi(MOV) ,rflags ,TEST,3,XORPD,4,MOV,7,MOV,11,CALL_NEAR,5,MOV,5,XOR,2,MOVSD_XMM,6,CALL_NEAR,5,MOV,11,0,0,1,0,0,RET,0,0,1,0,0,0,CALL,0,1,4229146,4223753,4229166,0,0,0,1,c,1.6299389673285098e-11,1.0,1,0,1
0x4087fb,JZ,3,1,31,2,0x4087f8,TEST,1,NonLeaf,rdi(MOV) rdi(MOV) ,rflags ,TEST,3,MOV,7,MOV,11,CALL_NEAR,5,XOR,2,MOVSXD,7,XOR,2,IMUL,4,CALL_NEAR,5,MOV,11,0,1,1,0,0,JE,0,0,1,0,0,0,CALL,0,1,4229105,4229146,4229117,0,0,0,1,c,1.6299389673285098e-11,0.3333333333333333,0,0,0
0x4087d8,JZ,3,2,25,2,0x4087d5,TEST,1,NonLeaf,rdi(MOV) rdi(MOV) ,rflags ,TEST,3,MOV,7,MOV,11,CALL_NEAR,5,XOR,2,MOV,5,XOR,2,CALL_NEAR,5,MOV,11,MOV,7,0,1,1,0,0,JE,0,0,1,0,0,0,CALL,0,1,4229070,4229105,4229082,0,0,0,1,c,1.6299389673285098e-11,0.6666666666666666,1,0,1
0x4087b7,JZ,3,3,23,2,0x4087b4,TEST,1,NonLeaf,rdi(MOV) rdi(MOV) ,rflags ,TEST,3,MOV,7,MOV,11,CALL_NEAR,5,XOR,2,MOV,3,XOR,2,CALL_NEAR,5,MOV,11,MOV,7,0,1,1,0,0,JE,0,0,1,0,0,0,CALL,0,1,4229037,4229070,4229049,0,0,0,1,c,1.6299389673285098e-11,1.0,1,0,1
0x408796,JZ,3,2,23,2,0x408793,TEST,1,NonLeaf,rdi(MOV) rdi(MOV) ,rflags ,TEST,3,MOV,7,MOV,11,CALL_NEAR,5,MOV,5,MOV,3,XOR,2,CALL_NEAR,5,MOV,11,MOV,7,0,1,1,0,0,JE,0,0,1,0,0,0,CALL,0,1,4229004,4229037,4229016,0,0,0,1,c,1.6299389673285098e-11,0.6666666666666666,1,0,1
0x408771,JZ,3,2,27,2,0x40876e,TEST,1,NonLeaf,rdi(MOV) rdi(MOV) ,rflags ,TEST,3,MOV,7,MOV,11,CALL_NEAR,5,XOR,2,LEA,4,MOV,5,CALL_NEAR,5,MOV,11,MOV,7,0,1,1,0,0,JE,0,0,1,0,0,0,CALL,0,1,4228967,4229004,4228979,0,0,0,1,c,1.6299389673285098e-11,0.6666666666666666,1,0,1
0x408750,JZ,3,2,23,2,0x40874d,TEST,1,NonLeaf,rdi(MOV) rdi(MOV) ,rflags ,TEST,3,MOV,7,JMP,5,MULSD,8,SUBSD,4,MOV,3,XOR,2,CALL_NEAR,5,MOV,11,MOV,7,0,1,1,0,0,JE,0,0,1,0,0,0,CALL,0,1,4228934,4228967,4228946,0,0,0,1,c,1.6299389673285098e-11,0.6666666666666666,1,0,1
0x40851a,JNZ,4,0,-13448,6,0x408518,TEST,1,NonLeaf,ecx(MOV) ecx(MOV) ,rflags ,TEST,2,MOV,2,MOVSD_XMM,7,MOV,8,CALL_NEAR,5,MOV,11,MOV,11,MOV,11,MOV,11,MOV,11,0,0,0,0,0,JE,0,0,1,0,0,0,JMP,0,0,4228359,4214930,4228384,0,0,0,1,c,2.173251956438013e-11,0.0,0,1,0
0x407b1a,JNZ,6,6,-2090,6,0x407b17,CMP,1,NonLeaf,edx(MOV) ,rflags ,CMP,3,MOVSD_XMM,6,MOV,2,MOVSD_XMM,6,MOVSD_XMM,7,MOV,7,MOVSD_XMM,9,MOV,5,MOV,5,MOVSD_XMM,6,0,0,1,0,0,MOVSD,0,0,1,0,0,0,CALL,0,1,4225815,4223728,4225824,0,0,1,1,c,3.2598779346570196e-11,1.0,1,0,1
0x407aa6,JNBE,5,0,3504,6,0x407aa0,UCOMISD,1,NonLeaf,xmm5(-1) rsp(-1) ,rflags ,UCOMISD,6,JNBE,6,UCOMISD,4,ANDPD,8,SUBSD,4,XORPD,4,JMP,5,MOV,7,MOVAPD,4,MOV,5,0,1,0,0,0,CALL,0,1,1,0,0,0,JMP,0,0,4225696,4229206,4225708,1,0,1,0,c,2.7165649455475163e-11,0.0,0,0,0
0x407a9a,JNBE,14698522,14698517,2857,6,0x407a96,UCOMISD,1,NonLeaf,xmm6(-1) xmm0(ANDPD) ,rflags ,UCOMISD,4,ANDPD,8,SUBSD,4,MOVSD_XMM,6,JNBE,6,UCOMISD,6,JNBE,6,XORPD,4,JMP,5,MOV,7,0,1,0,0,0,CALL,0,1,1,0,0,0,JA,0,0,4225668,4228547,4225696,0,0,1,0,c,7.985897923311794e-05,0.9999996598297436,1,0,1
0x407a7e,JNBE,72206750,57508228,2178,6,0x407a7a,UCOMISD,1,NonLeaf,xmm6(-1) xmm0(ADDSD) ,rflags ,UCOMISD,4,ADDSD,4,MOVSD_XMM,6,NOP,9,JMP,5,MOVSD_XMM,6,SUBSD,4,ANDPD,8,UCOMISD,4,JNBE,6,0,1,0,0,0,CALL,0,1,1,0,0,0,JA,0,0,4225648,4227840,4225668,1,0,1,0,c,0.0003923086517638,0.7964383939174662,1,0,1
0x407423,JBE,5,5,-6187,6,0x40741e,UCOMISD,1,NonLeaf,xmm2(-1) xmm10(-1) ,rflags ,UCOMISD,5,JNBE,6,UCOMISD,4,ANDPD,8,SUBSD,4,MOVAPD,4,MOVSD_XMM,10,MOV,7,MOVSD_XMM,10,MOV,5,0,0,1,0,0,JLE,0,0,1,0,0,0,CALL,0,1,4224030,4217848,4224041,0,0,0,1,c,2.7165649455475163e-11,1.0,1,1,1
0x407418,JNBE,14698522,14698517,2906,6,0x407414,UCOMISD,1,NonLeaf,xmm3(-1) xmm0(ANDPD) ,rflags ,UCOMISD,4,ANDPD,8,SUBSD,4,MOVAPD,5,JNBE,6,UCOMISD,5,JBE,6,MOVAPD,4,MOVSD_XMM,10,MOV,7,0,1,0,0,0,CALL,0,1,1,0,0,0,JBE,0,0,4224003,4226930,4224030,0,0,1,0,c,7.985897923311794e-05,0.9999996598297436,1,0,1
0x4073fd,JNBE,72206750,57508228,2627,6,0x4073f9,UCOMISD,1,NonLeaf,xmm3(-1) xmm0(ADDSD) ,rflags ,UCOMISD,4,ADDSD,4,MOVAPD,5,NOP,2,JMP,5,MOVAPD,5,SUBSD,4,ANDPD,8,UCOMISD,4,JNBE,6,0,1,0,0,0,CALL,0,1,1,0,0,0,JA,0,0,4223984,4226624,4224003,1,0,1,0,c,0.0003923086517638,0.7964383939174662,1,0,1
0x4072e7,JZ,244,2,1998,6,0x4072e1,CMP,1,NonLeaf,edx(-1) rip(JZ) ,rflags ,CMP,6,JZ,6,JS,6,ADDSD,9,ADDSD,9,NOP,3,MOVSD_XMM,9,ADDSD,8,MOVSD_XMM,8,ADD,7,0,0,0,0,0,CALL,0,1,1,0,0,0,NOP,0,0,4223713,4225717,4223725,0,0,1,0,c,1.3256836934271878e-09,0.0081967213114754,0,0,0
0x4072db,JZ,248,4,2010,6,0x407270,TEST,0,NonLeaf,edx(-1) edx(-1) ,rflags ,JS,6,ADDSD,9,ADDSD,9,ADDSD,9,ADDSD,9,CMP,6,JZ,6,NOP,3,MOVSD_XMM,9,ADDSD,8,0,1,0,0,0,CALL,0,1,1,0,0,0,JE,0,0,4223707,4225717,4223713,0,0,1,0,c,1.3474162129915681e-09,0.0161290322580645,0,0,0
0x4072d5,JS,248,0,2114,6,0x407270,TEST,1,NonLeaf,edx(MOV) edx(MOV) ,rflags ,ADDSD,9,ADDSD,9,ADDSD,9,ADDSD,9,ADDSD,9,JZ,6,CMP,6,JZ,6,NOP,3,MOVSD_XMM,9,0,1,0,0,0,JNE,0,0,1,0,0,0,JE,0,0,4223572,4225815,4223707,0,0,0,0,c,1.3474162129915681e-09,0.0,0,0,0
0x40724e,JNBE,248,0,2011,6,0x407246,UCOMISD,1,NonLeaf,xmm7(MOVSD_XMM) xmm2(DIVSD) ,rflags ,MOVAPD,4,UCOMISD,4,DIVSD,4,MOVSD_XMM,9,CVTSI2SD,4,MOVSD_XMM,9,MOV,8,ADDSD,9,MOV,2,TEST,2,0,1,0,0,0,JNP,0,0,1,1,0,0,JS,0,0,4223541,4225577,4223572,0,0,0,0,c,1.3474162129915681e-09,0.0,0,0,0
0x407233,JNLE,14158320,14158072,-19,2,0x407229,CMP,1,NonLeaf,edx(-1) eax(ADD) ,rflags ,ADDSD,4,MULSD,4,CMP,2,ADD,4,MOVSD_XMM,5,CVTSI2SD,4,MOVSD_XMM,9,DIVSD,4,UCOMISD,4,MOVAPD,4,1,1,1,1,1,JG,0,0,0,1,0,0,JA,1,0,4223520,4223520,4223541,1,0,0,0,c,7.692399159968861e-05,0.9999824837975126,1,1,1
0x407218,JLE,248,0,29,2,0x407205,TEST,1,NonLeaf,edx(-1) edx(-1) ,rflags ,MOVSD_XMM,9,MOV,8,TEST,2,XOR,2,JNLE,2,NOP,6,MOVSD_XMM,5,ADD,4,CMP,2,MULSD,4,0,1,1,0,0,JA,1,0,1,0,0,0,NOP,0,0,4223491,4223541,4223514,0,0,0,0,c,1.3474162129915681e-09,0.0,0,0,0
0x407201,JNLE,4719440,4719192,-41,2,0x4071ff,CMP,1,NonLeaf,esi(-1) eax(ADD) ,rflags ,CMP,2,ADD,3,ADD,4,MOV,8,MOV,8,XOR,2,TEST,2,MOV,8,MOVSD_XMM,9,JLE,2,0,0,0,1,1,JE,0,0,0,1,0,0,JLE,1,0,4223480,4223448,4223491,0,0,0,0,c,2.5641330533229538e-05,0.999947451392538,1,1,1
0x4071df,JZ,4719440,4719440,25,2,0x4071dc,TEST,1,NonLeaf,r9d(MOV) r9d(MOV) ,rflags ,TEST,3,MOV,4,NOP,5,XOR,2,LEA,4,MOV,7,MOV,8,MOV,8,ADD,4,ADD,3,1,1,1,0,0,JG,0,0,1,0,0,0,MOV,0,0,4223448,4223480,4223457,0,0,0,1,c,2.5641330533229538e-05,1.0,1,1,1
0x4071b8,JZ,248,0,4824,6,0x4071ae,CMP,1,NonLeaf,ebx(-1) ,rflags ,MOV,7,CMP,3,JLE,2,TEST,2,JNLE,2,MOV,8,MOVSXD,3,SHL,4,LEA,4,XOR,2,0,1,0,0,0,NOP,0,0,1,0,0,0,NOP,0,0,4223406,4228240,4223422,0,0,0,0,c,1.3474162129915681e-09,0.0,0,0,0
0x4071ac,JLE,248,0,87,2,0x4071aa,TEST,1,NonLeaf,esi(-1) esi(-1) ,rflags ,TEST,2,JNLE,2,CMP,2,ADD,4,MOVSD_XMM,5,CMP,3,MOV,7,JZ,6,MOV,8,MOVSXD,3,0,1,1,0,0,JLE,0,0,1,0,0,0,JE,0,0,4223402,4223491,4223406,0,0,0,0,c,1.3474162129915681e-09,0.0,0,0,0
0x4071a8,JNLE,14158320,14158072,-16,2,0x4071a6,CMP,1,NonLeaf,edx(-1) eax(ADD) ,rflags ,CMP,2,ADD,4,MOVSD_XMM,5,MOVSD_XMM,5,NOP,4,TEST,2,JLE,2,CMP,3,MOV,7,JZ,6,1,1,1,1,1,JG,0,0,0,1,0,0,JLE,1,0,4223384,4223384,4223402,1,0,1,0,c,7.692399159968861e-05,0.9999824837975126,1,1,1
0x407192,JLE,248,0,24,2,0x407190,TEST,1,NonLeaf,edx(IMUL) edx(IMUL) ,rflags ,TEST,2,MOV,8,IMUL,3,MOV,7,XOR,2,NOP,4,MOVSD_XMM,5,MOVSD_XMM,5,ADD,4,CMP,2,0,1,1,0,0,JLE,1,0,1,0,0,0,NOP,0,0,4223354,4223402,4223380,0,0,0,0,c,1.3474162129915681e-09,0.0,0,0,0
0x407101,JL,2359720,2359596,-1297,6,0x4070ff,CMP,1,NonLeaf,edx(LEA) esi(MOV) ,rflags ,CMP,2,ADD,4,LEA,4,MOV,3,MOV,7,MOVSD_XMM,9,MOV,2,MOVSD_XMM,9,MOVSD_XMM,6,ADDSD,8,0,0,0,1,1,JNE,0,0,1,1,0,0,MOVSD,1,0,4223223,4221936,4223239,0,0,0,0,c,1.2820665266614769e-05,0.999947451392538,1,1,1
0x4070e7,JZ,2359720,0,4079,6,0x4070d8,CMP,1,NonLeaf,eax(-1) ,rflags ,MOVSD_XMM,4,SUBSD,4,MOVSD_XMM,4,CMP,3,ADD,3,MOV,7,MOV,3,LEA,4,ADD,4,CMP,2,0,1,0,0,0,JMP,0,0,1,1,0,0,MOV,0,0,4223104,4227286,4223213,0,0,1,0,c,1.2820665266614769e-05,0.0,0,0,0
0x40705b,JNZ,4086963272,4086963272,-507,6,0x407034,CMP,1,NonLeaf,eax(-1) ,rflags ,MOVSD_XMM,4,ADDSD,4,MOVSD_XMM,4,ADDSD,4,MOVSD_XMM,4,MULSD,5,LEA,5,ADD,4,CMP,3,ADDSD,4,0,0,0,0,0,JE,0,0,1,0,0,0,JNE,0,0,4223013,4222560,4223073,0,0,0,1,c,0.0222050023169107,1.0,1,1,1
0x40701f,JZ,4086963272,0,3897,6,0x406fe4,CMP,1,NonLeaf,eax(-1) ,rflags ,MOVSD_XMM,6,ADDSD,6,MULSD,4,MOVAPD,4,MOVSD_XMM,6,MULSD,5,LEA,4,ADD,3,ADD,3,CMP,3,0,1,0,0,0,JMP,0,0,1,1,0,0,JNE,0,0,4222944,4226904,4223013,0,0,1,1,c,0.0222050023169107,0.0,0,0,0
0x406f86,JBE,3573165582,72206750,2794,6,0x406f82,UCOMISD,1,NonLeaf,xmm6(-1) xmm0(MULSD) ,rflags ,UCOMISD,4,MULSD,4,MOVSD_XMM,8,JNBE,6,UCOMISD,4,MULSD,5,MOVSD_XMM,8,MULSD,5,MULSD,5,ADDSD,8,0,1,0,0,0,JA,0,0,1,0,0,0,MULSD,0,0,4222838,4225648,4222860,0,0,0,0,c,0.0194134727293961,0.0202080615473699,0,0,0
0x406f70,JNBE,4086963272,513797690,3376,6,0x406f6c,UCOMISD,1,NonLeaf,xmm6(-1) xmm0(SUBSD) ,rflags ,UCOMISD,4,MULSD,5,MULSD,5,SUBSD,4,MOVAPD,5,MOVSD_XMM,8,MULSD,4,UCOMISD,4,JBE,6,MULSD,5,0,1,0,0,0,CALL,0,1,1,0,0,0,JBE,0,0,4222796,4226208,4222838,1,0,1,0,c,0.0222050023169107,0.1257162484233844,0,0,0
0x406f46,JNBE,4086990118,26846,-230,6,0x406f42,UCOMISD,1,NonLeaf,xmm6(MULSD) xmm0(ADDSD) ,rflags ,UCOMISD,4,ADDSD,4,MULSD,6,MULSD,5,SUBSD,8,MOVSD_XMM,8,MOVAPD,5,MOVAPD,5,SUBSD,4,MULSD,5,0,0,0,0,0,JE,0,0,1,0,0,0,JA,0,0,4222715,4222560,4222796,0,0,0,0,c,0.0222051481747158,6.568648130996044e-06,0,0,0
0x406ef5,JP,4086990118,0,8069,6,0x406ef1,UCOMISD,1,NonLeaf,xmm0(SQRTSD) xmm0(SQRTSD) ,rflags ,UCOMISD,4,SQRTSD,4,JNBE,6,UCOMISD,5,JZ,6,MOVSD_XMM,9,MOV,8,MOVAPD,4,DIVSD,5,MOVSD_XMM,6,0,1,0,0,0,CALL,0,1,1,1,0,0,JA,0,0,4222701,4230778,4222715,0,1,1,0,c,0.0222051481747158,0.0,0,0,0
0x406ee7,JNBE,4086992896,2778,-135,6,0x406ee2,UCOMISD,1,NonLeaf,xmm1(-1) xmm10(-1) ,rflags ,UCOMISD,5,JZ,6,ADDSD,4,MULSD,4,MOVAPD,4,SQRTSD,4,UCOMISD,4,JP,6,MOVSD_XMM,9,MOV,8,0,1,0,0,0,JE,0,0,1,0,0,0,JP,0,0,4222690,4222560,4222701,0,0,0,0,c,0.0222051632679506,6.797173547130139e-07,0,1,0
0x406edc,JZ,4086992896,0,1092,6,0x406e92,CMP,1,NonLeaf,eax(-1) ,rflags ,ADDSD,4,MULSD,4,MOVAPD,4,ADDSD,4,MULSD,4,UCOMISD,5,JNBE,6,SQRTSD,4,UCOMISD,4,JP,6,0,1,0,0,0,JMP,0,0,1,1,0,0,JA,0,0,4222587,4223776,4222690,0,0,0,0,c,0.0222051632679506,0.0,0,0,0
0x406e75,JZ,4086992896,0,2731,6,0x406e72,TEST,1,NonLeaf,rdx(MOV) rdx(MOV) ,rflags ,TEST,3,MOV,5,JZ,6,CMP,3,ADD,4,MOVSXD,4,MOVAPD,4,MOVAPD,5,MOVAPD,5,MOV,2,1,1,0,0,0,CALL,0,1,1,1,0,0,JE,0,0,4222573,4225312,4222587,0,1,1,0,c,0.0222051632679506,0.0,0,0,0
0x406e67,JZ,4086992896,2359720,537,6,0x406e64,CMP,1,NonLeaf,r12(ADD) rbx(-1) ,rflags ,CMP,3,ADD,4,NOP,7,JMP,2,MOVSD_XMM,6,MOV,5,TEST,3,JZ,6,MOVSXD,4,MOVAPD,4,0,0,1,0,0,JE,1,0,0,0,1,1,JE,0,0,4222560,4223104,4222573,0,0,1,0,c,0.0222051632679506,0.000577373159202,0,0,0
0x406cb7,JLE,2359720,2359720,355,6,0x406c78,CMP,1,NonLeaf,rip(JLE) ,rflags ,MOVSD_XMM,9,MOVSD_XMM,6,DIVSD,4,SUBSD,8,MOVSD_XMM,6,MOV,7,MOVSD_XMM,8,MOVSD_XMM,8,MOVSD_XMM,9,MOV,7,0,1,1,0,0,JMP,0,0,1,0,0,0,CALL,0,1,4222056,4222490,4222141,0,0,1,1,c,1.2820665266614769e-05,1.0,1,0,1
0x406c62,JZ,2359720,0,5215,6,0x406c2e,CMP,1,NonLeaf,eax(-1) ,rflags ,MOV,5,LEA,4,MOV,5,MOVSD_XMM,7,MOVSD_XMM,7,MOV,8,MOVSD_XMM,8,CMP,7,MOV,7,MOVSD_XMM,6,0,1,0,0,0,JMP,0,0,1,1,0,0,JLE,0,0,4221992,4227265,4222056,0,0,1,1,c,1.2820665266614769e-05,0.0,0,0,0
0x406c22,JLE,2359720,0,1237,6,0x406c20,TEST,1,NonLeaf,ebp(LEA) ebp(LEA) ,rflags ,TEST,2,LEA,4,JNZ,6,MOV,4,TEST,3,MOV,3,IMUL,3,CMP,3,MOVSXD,3,LEA,8,0,0,1,0,0,JL,0,0,1,0,0,0,JE,0,0,4221980,4223223,4221992,0,0,0,1,c,1.2820665266614769e-05,0.0,0,0,0
0x406c16,JNZ,2359720,0,1249,6,0x406c0f,TEST,1,NonLeaf,r12d(MOV) r12d(MOV) ,rflags ,MOV,4,TEST,3,MOV,8,MOV,4,MOV,4,LEA,4,TEST,2,JLE,6,MOV,3,IMUL,3,1,1,1,0,0,JL,0,0,1,0,0,0,JLE,0,0,4221936,4223223,4221980,0,0,0,0,c,1.2820665266614769e-05,0.0,0,0,0
0x406bb6,JLE,124,0,8871,6,0x406bb0,TEST,1,NonLeaf,esi(-1) esi(-1) ,rflags ,MOV,4,TEST,2,JL,6,CMP,2,MOV,4,XOR,3,MOV,2,MOV,8,MOV,3,MOV,8,0,1,0,0,0,JMP,0,0,1,0,0,0,NOP,0,0,4221872,4230749,4221884,0,0,0,0,c,6.737081064957841e-10,0.0,0,0,0
0x406baa,JL,2359720,2359596,-1914,6,0x406ba8,CMP,1,NonLeaf,eax(LEA) esi(MOV) ,rflags ,CMP,2,MOV,4,ADD,4,LEA,3,MOV,7,TEST,2,MOV,4,JLE,6,XOR,3,MOV,2,0,0,0,1,1,JE,0,0,1,1,0,0,JLE,1,0,4221846,4219952,4221872,0,0,1,0,c,1.2820665266614769e-05,0.999947451392538,1,1,1
0x406b73,JNZ,2359596,2359596,35,2,0x406b66,CMP,1,NonLeaf,rsp(-1) ,rflags ,MOVSD_XMM,4,ADDSD,4,CMP,5,ADD,3,MOVSD_XMM,6,MOV,3,MOV,8,MOVSD_XMM,9,LEA,5,ADDSD,4,0,0,1,0,0,JL,0,0,1,0,0,0,MOVSD,0,0,4221729,4221846,4221813,0,0,0,1,c,1.2819991558508272e-05,1.0,1,0,1
0x406a6f,JNZ,2043496448,2043496448,-1127,6,0x4069fa,CMP,1,NonLeaf,eax(MOV) ,rflags ,ADDSD,4,MULSD,4,MOVAPD,4,ADDSD,4,MULSD,4,MOVSD_XMM,9,SUBSD,7,MOVAPD,4,MOVSD_XMM,9,MULSD,4,0,1,1,0,0,CALL,0,1,1,0,0,0,JMP,0,0,4221394,4220424,4221557,0,0,1,1,c,0.0111025816339753,1.0,1,0,1
0x4069cc,JZ,2043496448,0,2948,6,0x4069c9,TEST,1,NonLeaf,rax(MOV) rax(MOV) ,rflags ,TEST,3,MOV,4,MOV,5,MOV,8,JNL,6,MOV,4,MOV,4,MOVSD_XMM,9,MOVSD_XMM,9,MOV,2,1,1,0,0,0,CALL,0,1,1,1,0,0,JNE,0,0,4221368,4224336,4221394,0,1,1,1,c,0.0111025816339753,0.0,0,0,0
0x4069b2,JNL,2043496448,2359596,358,6,0x4069ab,CMP,1,NonLeaf,rsp(-1) eax(ADD) ,rflags ,CMP,7,ADD,3,MOV,7,ADD,8,ADD,4,MOV,8,MOV,5,MOV,4,TEST,3,JZ,6,0,1,1,0,0,MOV,1,0,0,0,1,1,JE,0,0,4221320,4221720,4221368,0,0,0,0,c,0.0111025816339753,0.0011546856380931,0,0,0
0x406944,JZ,2043496448,0,348,6,0x4068f1,CMP,1,NonLeaf,rsp(-1) ,rflags ,MOVSD_XMM,6,MOVSD_XMM,6,ADDSD,4,MOVSD_XMM,6,MOVSD_XMM,6,LEA,4,MOVSD_XMM,4,SUBSD,4,MOVSD_XMM,4,MOV,8,0,1,0,0,0,JMP,0,0,1,0,0,0,MOVSD,0,0,4221160,4221600,4221258,0,0,1,1,c,0.0111025816339753,0.0,0,0,0
0x40687d,JS,2030599974,0,107,2,0x406857,SUB,0,NonLeaf,edx(-1) ,edx rflags ,SUBSD,4,MOVSD_XMM,9,MULSD,4,ADDSD,4,MULSD,6,MOVAPD,4,MOV,7,MOV,7,MOVSXD,3,MULSD,4,0,0,1,0,0,JE,0,0,1,0,0,0,SUBSD,0,0,4220958,4221160,4221055,0,1,1,1,c,0.0110325134155961,0.0,0,1,0
0x406818,JP,2030599974,0,9590,6,0x406814,UCOMISD,1,NonLeaf,xmm0(SQRTSD) xmm0(SQRTSD) ,rflags ,UCOMISD,4,SQRTSD,4,JZ,6,MOVSD_XMM,5,ADDSD,5,MOVSD_XMM,6,MOV,7,MOV,7,MOVSD_XMM,9,DIVSD,4,0,1,0,0,0,CALL,0,1,1,1,0,0,JS,0,0,4220944,4230542,4220958,0,1,1,1,c,0.0110325134155961,0.0,0,0,0
0x40680a,JZ,2043496448,12896474,222,6,0x406739,CMP,1,NonLeaf,eax(MOV) rcx(MOV) rbx(-1) ,rflags ,MOVSD_XMM,5,ADDSD,5,MOVSD_XMM,4,ADDSD,4,MULSD,9,SQRTSD,4,UCOMISD,4,JP,6,MOVSD_XMM,6,MOV,7,0,1,1,0,0,JE,0,0,1,0,0,0,JP,0,0,4220671,4221160,4220944,0,0,1,0,c,0.0111025816339753,0.0063109842997877,0,1,0
0x4066a6,JP,2043496448,0,9571,6,0x4066a2,UCOMISD,1,NonLeaf,xmm0(SQRTSD) xmm0(SQRTSD) ,rflags ,UCOMISD,4,SQRTSD,4,ADDSD,4,MULSD,4,MOVAPD,4,MOVSD_XMM,6,MOVSD_XMM,8,DIVSD,4,MOVSD_XMM,9,MOVSD_XMM,9,0,1,0,0,0,CALL,0,1,1,1,0,0,CALL,0,1,4220547,4230153,4220588,0,1,1,1,c,0.0111025816339753,0.0,0,0,0
0x406591,JLE,2359596,0,7155,6,0x40658f,CMP,1,NonLeaf,eax(ADD) ebx(MOV) ,rflags ,CMP,2,ADD,2,MOV,7,MOV,3,MOV,8,MOVSD_XMM,9,MOVSXD,3,MOV,8,SHL,4,MOV,7,0,1,0,0,0,JMP,0,0,1,0,0,0,JMP,0,0,4220283,4227460,4220311,0,0,1,1,c,1.2819991558508272e-05,0.0,0,0,0
0x406579,JL,13018140,10658544,-17,2,0x406577,CMP,1,NonLeaf,eax(ADD) rsi(-1) ,rflags ,CMP,2,MOV,5,ADD,4,ADD,3,MOVSXD,3,MOV,8,MOV,3,MOV,7,ADD,2,CMP,2,1,1,1,1,1,JL,0,0,0,1,0,0,JLE,0,0,4220264,4220264,4220283,1,0,1,0,c,7.072924556045989e-05,0.8187455350764395,1,1,1
0x40653d,JLE,2359596,0,62,2,0x406533,TEST,1,NonLeaf,r13d(MOV) r13d(MOV) ,rflags ,MOV,7,TEST,3,MOV,3,MOV,3,IMUL,5,MOV,7,MOV,8,MOV,7,MOV,8,MOV,4,0,1,1,0,0,JLE,0,0,1,0,0,0,NOP,0,0,4220180,4220283,4220223,0,0,0,0,c,1.2819991558508272e-05,0.0,0,0,0
0x40650e,JZ,2359596,0,5346,6,0x4064b2,CMP,1,NonLeaf,ecx(MOV) ,rflags ,MOVSD_XMM,9,MOV,8,MOVSD_XMM,7,MOVSD_XMM,9,LEA,4,MOV,7,MOV,3,ADD,7,SUB,3,IMUL,5,0,1,0,0,0,JMP,0,0,1,1,0,0,JLE,0,0,4220068,4225520,4220180,0,0,1,1,c,1.2819991558508272e-05,0.0,0,0,0
0x40649e,JLE,2359720,124,1784,6,0x406495,TEST,1,NonLeaf,eax(MOV) eax(MOV) ,rflags ,MOV,7,TEST,2,MOV,3,MOV,8,JZ,6,MOV,4,MOV,7,IMUL,3,CMP,3,CDQE,2,0,1,1,0,0,JL,0,0,1,0,0,0,JE,0,0,4220042,4221846,4220068,0,0,0,1,c,1.2820665266614769e-05,5.254860746190226e-05,0,0,0
0x406484,JZ,2359720,2359720,4988,6,0x406482,TEST,1,NonLeaf,eax(MOV) eax(MOV) ,rflags ,TEST,2,MOV,3,MOVSD_XMM,9,MOV,7,MOVSD_XMM,5,MOV,8,MOV,3,TEST,2,MOV,7,JLE,6,1,1,0,0,0,CALL,0,1,1,1,0,0,JLE,0,0,4219952,4225024,4220042,0,0,1,1,c,1.2820665266614769e-05,1.0,1,0,1
0x4063f5,JLE,124,0,10091,6,0x4063ed,TEST,1,NonLeaf,esi(-1) esi(-1) ,rflags ,MOV,6,TEST,2,JL,2,CMP,2,ADD,4,MOVSD_XMM,9,XOR,3,MOV,3,MOV,4,MOV,3,0,1,0,0,0,JMP,1,0,1,0,0,0,NOP,0,0,4219885,4229984,4219899,0,0,1,1,c,6.737081064957841e-10,0.0,0,0,0
0x4063eb,JL,2359844,2359720,-19,2,0x4063e9,CMP,1,NonLeaf,edx(MOV) esi(MOV) ,rflags ,CMP,2,ADD,4,MOV,2,MOV,3,MOV,8,TEST,2,MOV,6,JLE,6,MOVSD_XMM,9,XOR,3,1,1,1,1,1,JL,0,0,0,1,0,0,JLE,1,0,4219864,4219864,4219885,0,0,1,0,c,1.2821338974721266e-05,0.9999474541537492,1,1,1
0x4063ae,JLE,124,0,10144,6,0x40639f,TEST,1,NonLeaf,esi(-1) esi(-1) ,rflags ,MOV,3,MOVSD_XMM,10,TEST,2,JL,6,CMP,2,MOV,7,MOVSXD,3,XOR,2,SHL,4,CALL_NEAR,5,0,0,0,0,0,JS,0,0,1,0,0,0,CALL,0,1,4219807,4229966,4219828,0,1,0,1,c,6.737081064957841e-10,0.0,0,0,0
0x406399,JL,2359720,2359596,-2097,6,0x406397,CMP,1,NonLeaf,eax(LEA) esi(MOV) ,rflags ,CMP,2,ADD,4,LEA,5,MOV,3,MOV,5,TEST,2,MOVSD_XMM,10,MOV,3,JLE,6,MOV,7,0,0,0,1,1,JE,0,0,1,1,0,0,JLE,1,0,4219787,4217704,4219807,0,0,0,1,c,1.2820665266614769e-05,0.999947451392538,1,1,1
0x4062cf,JZ,2359720,2359720,5633,6,0x4062c8,CMP,1,NonLeaf,rip(JZ) ,rflags ,CMP,7,MOV,3,MOV,3,MOV,3,MOV,7,XORPD,9,MOVSD_XMM,7,MOV,7,MOV,5,MOVSD_XMM,7,0,1,0,0,0,JMP,0,0,1,0,0,0,CALL,0,1,4219592,4225232,4219605,0,0,1,1,c,1.2820665266614769e-05,1.0,1,0,1
0x406278,JNL,2359596,124,7804,6,0x406276,CMP,1,NonLeaf,esi(LEA) eax(LEA) ,rflags ,CMP,2,ADD,4,LEA,3,LEA,4,MOV,3,MOV,3,JMP,5,NOP,10,MOVSD_XMM,6,SUBSD,7,0,1,1,0,0,MOV,1,0,1,0,0,0,JMP,0,0,4219499,4227316,4219518,0,0,0,0,c,1.2819991558508272e-05,5.255136896316149e-05,0,0,0
0x40625b,JZ,2359596,0,6005,6,0x406250,CMP,1,NonLeaf,edx(-1) ,rflags ,MOVSD_XMM,4,ADDSD,4,CMP,3,ADD,3,MOV,5,MOV,7,MOV,3,LEA,4,LEA,3,ADD,4,0,1,0,0,0,JMP,0,0,1,1,0,0,MOV,0,0,4219430,4225488,4219489,0,0,1,0,c,1.2819991558508272e-05,0.0,0,0,0
0x4060c1,JNLE,2029143249,2029143249,-449,6,0x4060be,TEST,1,NonLeaf,r11d(MOV) r11d(MOV) ,rflags ,TEST,3,ADDSD,5,MOV,5,MULSD,5,MOVSXD,3,MULSD,5,MOV,7,NOT,3,MOVSXD,3,MOV,7,0,1,0,0,0,MULSD,0,0,1,0,0,0,JMP,0,0,4218984,4218624,4219079,1,1,1,1,c,0.0110245988394555,1.0,1,0,1
0x406062,JP,2029143249,0,11229,6,0x406051,UCOMISD,1,NonLeaf,xmm0(SQRTSD) xmm0(SQRTSD) ,rflags ,DIVSD,5,MOVSD_XMM,8,UCOMISD,4,SQRTSD,5,JZ,6,MOV,7,MOVAPD,4,MOVAPD,5,MOV,7,MOVSD_XMM,6,0,1,0,0,0,CALL,0,1,1,1,0,0,JG,0,0,4218956,4230207,4218984,0,1,1,0,c,0.0110245988394555,0.0,0,0,0
0x406046,JZ,2029143249,0,586,6,0x405ff4,CMP,1,NonLeaf,edx(-1) ,rflags ,ADDSD,5,MULSD,4,MOVAPD,4,ADDSD,5,MULSD,4,SQRTSD,5,UCOMISD,4,MOVSD_XMM,8,DIVSD,5,JP,6,0,1,0,0,0,JMP,0,0,1,1,0,0,JP,0,0,4218855,4219536,4218956,0,0,1,0,c,0.0110245988394555,0.0,0,0,0
0x405fe5,JZ,2042039745,12896496,-42,2,0x405fe1,CMP,1,NonLeaf,edi(MOV) r8(-1) r12(MOVSXD) ,rflags ,CMP,4,MOVSXD,3,MOV,4,MOV,3,JZ,6,IMUL,3,MOVAPD,5,MOVAPD,5,CMP,3,MOVAPD,5,0,1,0,0,0,JE,0,0,1,0,0,0,JE,0,0,4218839,4218811,4218855,0,0,0,0,c,0.0110946671773635,0.0063154970570859,0,0,0
0x405fd1,JZ,2042039745,0,5583,6,0x405fce,TEST,1,NonLeaf,rax(MOV) rax(MOV) ,rflags ,TEST,3,MOV,4,JZ,6,CMP,5,ADD,4,MOV,3,MOV,4,MOVSXD,3,CMP,4,JZ,2,1,1,0,0,0,CALL,0,1,1,1,0,0,JE,0,0,4218826,4224416,4218839,0,1,1,0,c,0.0110946671773635,0.0,0,0,0
0x405fc4,JZ,2042039745,2359596,610,6,0x405fbf,CMP,1,NonLeaf,rbp(ADD) rsp(-1) ,rflags ,CMP,5,ADD,4,JZ,6,MOVSD_XMM,4,SUBSD,4,MOV,4,TEST,3,JZ,6,MOV,3,MOV,4,0,0,1,0,0,JE,1,0,0,0,1,1,JE,0,0,4218811,4219430,4218826,0,0,1,0,c,0.0110946671773635,0.00115550934098,0,0,0
0x405fb5,JZ,2029143249,0,571,6,0x405f75,CMP,1,NonLeaf,edx(-1) ,rflags ,MOVSD_XMM,4,SUBSD,4,MOVSD_XMM,4,MOVSD_XMM,4,SUBSD,4,ADD,4,CMP,5,JZ,6,MOV,4,TEST,3,0,1,0,0,0,JNE,0,0,0,0,0,0,JE,0,0,4218726,4219376,4218811,0,0,1,0,c,0.0110245988394555,0.0,0,0,0
0x405eb9,JL,13018140,10658544,-17,2,0x405eb7,CMP,1,NonLeaf,eax(ADD) rbx(-1) ,rflags ,CMP,2,MOV,5,ADD,4,ADD,3,MOVSXD,3,MOV,8,LEA,4,MOV,5,MOVSD_XMM,10,MOVSXD,4,1,1,1,1,1,JL,0,0,0,1,0,0,JMP,0,0,4218536,4218536,4218555,1,0,1,1,c,7.072924556045989e-05,0.8187455350764395,1,1,1
0x405e95,JLE,2359596,0,38,2,0x405e93,TEST,1,NonLeaf,ebp(MOV) ebp(MOV) ,rflags ,TEST,2,MOV,2,ADD,7,JZ,6,MOV,5,MOV,7,MOV,4,XOR,2,NOP,4,MOVSXD,3,0,1,1,0,0,JMP,0,0,1,0,0,0,NOP,0,0,4218506,4218555,4218519,0,0,1,0,c,1.2819991558508272e-05,0.0,0,0,0
0x405e84,JZ,2359596,0,7044,6,0x405e4b,CMP,1,NonLeaf,edx(MOV) ,rflags ,MOV,5,MOVSD_XMM,7,LEA,4,MOV,5,MOVSD_XMM,7,ADD,7,MOV,2,TEST,2,JLE,2,MOV,7,0,1,0,0,0,JMP,0,0,1,1,0,0,JLE,0,0,4218392,4225544,4218506,0,0,1,0,c,1.2819991558508272e-05,0.0,0,0,0
0x405e12,JLE,2359596,0,1113,6,0x405e0f,TEST,1,NonLeaf,r11d(MOV) r11d(MOV) ,rflags ,TEST,3,MOV,4,MOV,3,LEA,8,MOV,3,MOV,7,LEA,8,MOV,4,MOV,7,MOVSD_XMM,6,1,1,1,0,0,JGE,0,0,1,0,0,0,JE,0,0,4218360,4219499,4218392,0,0,0,1,c,1.2819991558508272e-05,0.0,0,0,0
0x405db9,JLE,124,0,11737,6,0x405db6,CMP,1,NonLeaf,edx(-1) ,rflags ,CMP,3,JL,2,CMP,2,ADD,4,MOV,2,MOVSD_XMM,9,MOV,8,XOR,3,MOV,3,MOV,2,0,0,0,0,0,JMP,1,0,1,0,0,0,NOP,0,0,4218294,4230034,4218303,0,0,1,1,c,6.737081064957841e-10,0.0,0,0,0
0x405db4,JL,2359844,2359720,-20,2,0x405db2,CMP,1,NonLeaf,esi(MOV) edx(MOV) ,rflags ,CMP,2,ADD,4,MOV,2,MOV,3,MOV,9,CMP,3,JLE,6,MOVSD_XMM,9,MOV,8,XOR,3,1,1,1,1,1,JL,0,0,1,1,0,0,JLE,1,0,4218272,4218272,4218294,0,0,1,0,c,1.2821338974721266e-05,0.9999474541537492,1,1,1
0x405d95,JS,124,0,11773,6,0x405d93,TEST,1,NonLeaf,edx(MOV) edx(MOV) ,rflags ,TEST,2,MOV,3,MOV,7,MOV,3,CALL_NEAR,5,XOR,2,NOP,3,MOV,9,MOV,3,MOV,2,0,1,0,0,0,JMP,1,0,1,0,0,0,NOP,0,0,4218246,4230034,4218267,0,0,1,0,c,6.737081064957841e-10,0.0,0,0,0
0x405cf6,JBE,3573165582,72206750,5882,6,0x405cf2,UCOMISD,1,NonLeaf,xmm3(-1) xmm0(MULSD) ,rflags ,UCOMISD,4,MULSD,4,MOVSD_XMM,8,JNBE,6,UCOMISD,4,MULSD,5,MOVAPD,5,MOVSD_XMM,8,MULSD,5,MULSD,4,0,1,0,0,0,JA,0,0,1,0,0,0,JMP,0,0,4218086,4223984,4218108,0,0,0,0,c,0.0194134727293961,0.0202080615473699,0,0,0
0x405ce0,JNBE,4086963272,513797690,6592,6,0x405cdc,UCOMISD,1,NonLeaf,xmm3(-1) xmm0(SUBSD) ,rflags ,UCOMISD,4,MULSD,5,SUBSD,4,MOVAPD,5,MOVSD_XMM,8,MOVSD_XMM,8,MULSD,4,UCOMISD,4,JBE,6,MULSD,5,0,1,0,0,0,CALL,0,1,1,0,0,0,JBE,0,0,4218054,4224672,4218086,0,0,1,0,c,0.0222050023169107,0.1257162484233844,0,0,0
0x405cc0,JNBE,4086990118,26846,-200,6,0x405cbc,UCOMISD,1,NonLeaf,xmm3(MULSD) xmm0(ADDSD) ,rflags ,UCOMISD,4,ADDSD,4,MULSD,5,MOVSD_XMM,8,MULSD,5,MOVSD_XMM,8,MOVAPD,5,SUBSD,4,MULSD,5,UCOMISD,4,0,0,1,0,0,JLE,0,0,1,0,0,0,JA,0,0,4217986,4217848,4218054,0,0,0,0,c,0.0222051481747158,6.568648130996044e-06,0,0,0
0x405c7c,JP,4086990118,0,12588,6,0x405c78,UCOMISD,1,NonLeaf,xmm0(SQRTSD) xmm0(SQRTSD) ,rflags ,UCOMISD,4,SQRTSD,4,JNBE,2,UCOMISD,4,JZ,6,MOVAPD,5,MOVSD_XMM,6,MOV,8,MOVAPD,4,DIVSD,5,0,1,0,0,0,CALL,0,1,1,1,0,0,JA,0,0,4217972,4230568,4217986,0,1,1,0,c,0.0222051481747158,0.0,0,0,0
0x405c72,JNBE,4086992896,2778,-122,2,0x405c6e,UCOMISD,1,NonLeaf,xmm1(-1) xmm7(-1) ,rflags ,UCOMISD,4,JZ,6,ADDSD,4,ADDSD,4,MULSD,4,SQRTSD,4,UCOMISD,4,JP,6,MOVAPD,5,MOVSD_XMM,6,0,1,1,0,0,JLE,0,0,1,0,0,0,JP,0,0,4217966,4217848,4217972,0,0,0,0,c,0.0222051632679506,6.797173547130139e-07,0,1,0
0x405c68,JZ,4086992896,0,1376,6,0x405c32,CMP,1,NonLeaf,edi(-1) ,rflags ,ADDSD,4,ADDSD,4,MULSD,4,MULSD,4,MULSD,4,UCOMISD,4,JNBE,2,SQRTSD,4,UCOMISD,4,JP,6,0,1,0,0,0,JMP,0,0,1,1,0,0,JA,0,0,4217885,4219336,4217966,0,0,0,0,c,0.0222051632679506,0.0,0,0,0
0x405c17,JZ,4086992896,0,5937,6,0x405c14,TEST,1,NonLeaf,rax(MOV) rax(MOV) ,rflags ,TEST,3,MOV,4,JLE,6,CMP,2,ADD,4,MOVSXD,4,MOVAPD,4,MOVAPD,4,MOVAPD,4,MOV,2,1,1,0,0,0,CALL,0,1,1,1,0,0,JE,0,0,4217872,4223816,4217885,0,1,1,0,c,0.0222051632679506,0.0,0,0,0
0x405c0a,JLE,4086992896,2359720,1710,6,0x405c08,CMP,1,NonLeaf,eax(ADD) edx(LEA) ,rflags ,CMP,2,ADD,4,LEA,3,ADD,5,MOV,4,MOV,4,TEST,3,JZ,6,MOVSXD,4,MOVAPD,4,0,1,1,0,0,MOV,1,0,0,0,1,1,JE,0,0,4217848,4219576,4217872,0,0,0,0,c,0.0222051632679506,0.000577373159202,0,0,0
0x405bd9,JLE,2359720,0,1775,6,0x405bd1,TEST,1,NonLeaf,eax(ADD) eax(ADD) ,rflags ,MOVSD_XMM,6,TEST,2,DIVSD,5,ADD,5,MOV,4,MOV,3,XOR,2,MOV,3,XORPD,5,MOV,3,0,1,1,0,0,JE,0,0,1,0,0,0,JMP,0,0,4217756,4219592,4217823,0,0,0,0,c,1.2820665266614769e-05,0.0,0,1,0
0x405b96,JZ,2359720,0,7458,6,0x405b74,CMP,1,NonLeaf,edi(MOV) ,rflags ,MOVSD_XMM,7,MOVSD_XMM,7,MOVSD_XMM,6,LEA,8,MOVSXD,3,MOVSD_XMM,7,MOVAPD,5,LEA,8,XORPD,5,SUBSD,9,1,1,0,0,0,JMP,0,0,1,1,0,0,JLE,0,0,4217704,4225208,4217756,0,0,1,1,c,1.2820665266614769e-05,0.0,0,0,0
0x405b09,JLE,124,0,12339,6,0x405b07,TEST,1,NonLeaf,esi(MOV) esi(MOV) ,rflags ,TEST,2,MOV,3,MOV,7,JZ,6,CMP,8,MOVSD_XMM,9,MOV,3,MOV,8,MOV,8,MOV,8,0,1,0,0,0,MOVSD,0,0,1,0,0,0,NOP,0,0,4217597,4229948,4217615,0,0,1,1,c,6.737081064957841e-10,0.0,0,0,0
0x405af7,JZ,124,1,12538,6,0x405aef,CMP,1,NonLeaf,rip(JZ) ,rflags ,CMP,8,JZ,6,CMP,8,JZ,6,CMP,8,MOV,7,MOV,3,TEST,2,JLE,6,MOVSD_XMM,9,0,1,0,0,0,CALL,0,1,1,1,0,0,JLE,0,0,4217583,4230129,4217597,0,0,1,0,c,6.737081064957841e-10,0.0080645161290322,0,0,0
0x405ae9,JZ,124,124,11945,6,0x405ae1,CMP,1,NonLeaf,rip(JZ) ,rflags ,CMP,8,JZ,6,CMP,8,JZ,6,CMP,8,CMP,8,JZ,6,MOV,7,MOV,3,TEST,2,0,1,0,0,0,JE,0,0,1,1,0,0,JE,0,0,4217569,4229522,4217583,0,0,0,0,c,6.737081064957841e-10,1.0,1,0,1
0x405adb,JZ,124,1,12544,6,0x405ad3,CMP,1,NonLeaf,rip(JZ) ,rflags ,CMP,8,JZ,6,CMP,8,JZ,6,MOV,8,CMP,8,JZ,6,CMP,8,JZ,6,MOV,7,0,1,0,0,0,CALL,0,1,1,1,0,0,JE,0,0,4217555,4230107,4217569,0,0,1,0,c,6.737081064957841e-10,0.0080645161290322,0,0,0
0x405acd,JZ,124,1,12532,6,0x405ac5,CMP,1,NonLeaf,rip(JZ) ,rflags ,CMP,8,JZ,6,MOV,8,MOV,7,MOV,8,CMP,8,JZ,6,CMP,8,JZ,6,CMP,8,0,1,0,0,0,CALL,0,1,1,1,0,0,JE,0,0,4217541,4230081,4217555,0,0,1,0,c,6.737081064957841e-10,0.0080645161290322,0,0,0
0x405abf,JZ,124,1,12524,6,0x405a48,CMP,1,NonLeaf,rip(JZ) ,rflags ,MOV,8,MOV,7,MOV,8,MOVSD_XMM,9,MOV,7,CMP,8,JZ,6,CMP,8,JZ,6,CMP,8,0,1,0,0,0,CALL,0,1,1,1,0,0,JE,0,0,4217401,4230059,4217541,0,0,1,0,c,6.737081064957841e-10,0.0080645161290322,0,0,0
0x405a33,JZ,248,124,807,6,0x405a31,TEST,1,NonLeaf,edx(MOV) edx(MOV) ,rflags ,TEST,2,MOVSD_XMM,9,MOV,6,MOV,3,MOV,7,MOV,7,MOVSD_XMM,8,CMP,8,MOVSXD,3,ADDSD,8,0,1,0,0,0,CALL,1,1,1,0,0,0,JE,1,0,4217378,4218202,4217401,0,0,1,1,c,1.3474162129915681e-09,0.5,0,0,0
0x405a03,JNZ,248,0,10158,6,0x4059e5,TEST,1,NonLeaf,r12d(MOV) r12d(MOV) ,rflags ,MOVSD_XMM,8,MOVSD_XMM,10,MOVSD_XMM,9,TEST,3,MOVSD_XMM,7,MOV,7,MOV,8,MOV,7,MOV,3,MOV,6,0,1,0,0,0,JLE,0,0,1,0,0,0,MOV,0,0,4217276,4227505,4217353,0,0,0,1,c,1.3474162129915681e-09,0.0,0,1,0
0x40580d,JLE,4719192,248,403,6,0x40580b,CMP,1,NonLeaf,ecx(LEA) eax(LEA) ,rflags ,CMP,2,ADD,4,LEA,3,LEA,4,MOV,5,MOV,3,JMP,5,NOP,5,MOV,7,XOR,2,0,1,1,0,0,MOV,1,0,1,0,0,0,JMP,0,0,4216832,4217248,4216851,0,0,0,0,c,2.5639983117016547e-05,5.255136896316149e-05,0,0,0
0x4057f5,JZ,3956096,0,395,6,0x4057e9,CMP,1,NonLeaf,r13d(-1) ,rflags ,MOVSD_XMM,4,ADDSD,4,CMP,4,ADD,3,MOVSD_XMM,6,MOV,5,LEA,4,LEA,3,ADD,4,CMP,2,0,1,0,0,0,JMP,0,0,1,1,0,0,MOV,0,0,4216752,4217216,4216827,0,0,1,0,c,2.149398342964149e-05,0.0,0,0,0
0x405787,JNZ,12405456,12405456,-503,6,0x40573c,CMP,1,NonLeaf,r13d(-1) ,rflags ,ADDSD,4,MULSD,4,MOVAPD,4,ADDSD,4,MULSD,4,MOVSD_XMM,7,SUBSD,7,MOVAPD,5,MULSD,5,ADDSD,4,0,1,1,0,0,JP,0,0,1,0,0,0,JMP,0,0,4216611,4216208,4216717,0,0,0,0,c,6.740045380626421e-05,1.0,1,0,1
0x40571d,JZ,12405456,0,259,6,0x40571a,TEST,1,NonLeaf,rax(MOV) rax(MOV) ,rflags ,TEST,3,MOV,4,JZ,6,CMP,5,ADD,4,MOVSXD,4,MOVAPD,5,MOVAPD,5,MOVAPD,5,MOV,2,1,1,0,0,0,CALL,0,1,1,1,0,0,JNE,0,0,4216598,4216864,4216611,0,1,1,0,c,6.740045380626421e-05,0.0,0,0,0
0x405710,JZ,12405456,3956096,160,6,0x40570b,CMP,1,NonLeaf,rbp(ADD) rsp(-1) ,rflags ,CMP,5,ADD,4,MOVSD_XMM,4,MOVSD_XMM,6,SUBSD,5,MOV,4,TEST,3,JZ,6,MOVSXD,4,MOVAPD,5,0,1,1,0,0,JE,1,0,0,0,1,1,JE,0,0,4216583,4216752,4216598,0,0,1,0,c,6.740045380626421e-05,0.3188996841389788,0,0,0
0x4056dd,JNZ,12405456,12405456,42,2,0x405606,CMP,1,NonLeaf,r13d(-1) ,rflags ,MOVSD_XMM,5,SUBSD,4,MOVSD_XMM,5,MOVSD_XMM,6,MOVSD_XMM,5,MULSD,5,LEA,5,MOVSD_XMM,6,MOVSD_XMM,4,ADDSD,5,0,1,1,0,0,JE,0,0,1,0,0,0,MOVSD,0,0,4216305,4216583,4216543,0,0,0,1,c,6.740045380626421e-05,1.0,1,0,1
0x4055e8,JLE,12405456,0,832,6,0x4055e6,TEST,1,NonLeaf,esi(MOV) esi(MOV) ,rflags ,TEST,2,ADDSD,5,MOV,4,MOVSXD,3,MULSD,4,SUB,3,MOVAPD,4,MOV,8,MOVSXD,3,ADD,3,0,1,0,0,0,JMP,0,0,1,0,0,0,SUB,0,0,4216231,4217128,4216302,0,1,0,0,c,6.740045380626421e-05,0.0,0,0,0
0x4055a1,JP,12405456,0,13386,6,0x405594,UCOMISD,1,NonLeaf,xmm0(SQRTSD) xmm0(SQRTSD) ,rflags ,DIVSD,4,MOVAPD,5,UCOMISD,4,SQRTSD,4,NOP,9,MOV,8,MOVAPD,4,MOV,8,MOVSD_XMM,5,MOV,8,0,1,0,0,0,CALL,0,1,1,1,0,0,JLE,0,0,4216208,4229611,4216231,0,1,1,0,c,6.740045380626421e-05,0.0,0,0,0
0x405550,JL,24680464,20724368,-16,2,0x40554e,CMP,1,NonLeaf,eax(ADD) rbx(-1) ,rflags ,CMP,2,MOV,4,ADD,4,ADD,3,MOVSXD,3,LEA,4,MOVSD_XMM,9,MOV,3,XOR,2,LEA,8,1,1,1,1,1,JL,0,0,0,1,0,0,JMP,0,0,4216128,4216128,4216146,1,0,1,1,c,0.0001340921666844,0.8397073896179585,1,1,1
0x405529,JLE,3956096,0,41,2,0x405527,TEST,1,NonLeaf,edx(MOV) edx(MOV) ,rflags ,TEST,2,MOV,2,ADD,7,MOV,5,JZ,6,MOV,7,MOV,8,MOV,4,XOR,2,MOVSXD,3,0,1,1,0,0,JMP,0,0,1,0,0,0,XOR,0,0,4216089,4216146,4216107,0,0,1,0,c,2.149398342964149e-05,0.0,0,0,0
0x405513,JZ,3956096,0,1093,6,0x4054eb,CMP,1,NonLeaf,r13d(MOV) ,rflags ,MOV,8,MOVSD_XMM,7,LEA,4,MOV,5,MOVSD_XMM,7,MOV,5,ADD,7,MOV,2,TEST,2,JLE,2,0,1,0,0,0,JMP,0,0,1,1,0,0,JLE,0,0,4215960,4217176,4216089,0,0,1,0,c,2.149398342964149e-05,0.0,0,0,0
0x405492,JLE,4719192,763096,878,6,0x40548f,TEST,1,NonLeaf,r11d(MOV) r11d(MOV) ,rflags ,TEST,3,MOV,4,MOV,8,MOV,5,MOV,3,MOV,7,MOV,7,MOVSD_XMM,8,MOV,7,MULSD,6,1,1,1,0,0,JLE,0,0,1,0,0,0,JE,0,0,4215920,4216832,4215960,0,0,0,1,c,2.5639983117016547e-05,0.1617005622996479,0,0,0
0x40542a,JLE,248,0,13647,6,0x405427,CMP,1,NonLeaf,edx(-1) ,rflags ,CMP,3,JL,2,CMP,2,ADD,4,MOV,2,MOVSD_XMM,9,XOR,3,MOV,8,MOVSD_XMM,9,MOV,3,0,0,0,0,0,JMP,1,0,1,0,0,0,NOP,0,0,4215847,4229497,4215856,0,0,1,1,c,1.3474162129915681e-09,0.0,0,0,0
0x405425,JL,4719688,4719440,-21,2,0x405423,CMP,1,NonLeaf,ecx(MOV) edx(MOV) ,rflags ,CMP,2,ADD,4,MOV,2,MOV,4,MOV,9,CMP,3,JLE,6,MOVSD_XMM,9,XOR,3,MOV,8,1,1,1,1,1,JL,0,0,1,1,0,0,JLE,1,0,4215824,4215824,4215847,0,0,1,0,c,2.564267794944253e-05,0.9999474541537492,1,1,1
0x405402,JS,248,0,13687,6,0x405400,TEST,1,NonLeaf,edx(MOV) edx(MOV) ,rflags ,TEST,2,MOV,4,MOVSD_XMM,7,XOR,2,MOV,3,NOP,8,MOV,9,MOV,4,MOV,2,ADD,4,0,1,0,0,0,JMP,1,0,1,0,0,0,NOP,0,0,4215785,4229497,4215816,0,0,1,0,c,1.3474162129915681e-09,0.0,0,0,0
0x40512f,JLE,248,0,36,2,0x40512d,TEST,1,NonLeaf,eax(IMUL) eax(IMUL) ,rflags ,TEST,2,IMUL,7,MOV,3,MOV,7,JZ,6,CDQE,2,XOR,2,MOV,3,LEA,8,MOVSD_XMM,7,0,1,1,0,0,CALL,0,1,1,0,0,0,CALL,0,1,4215068,4215123,4215089,0,1,1,1,c,1.3474162129915681e-09,0.0,0,0,0
0x405116,JZ,248,2,14502,6,0x405113,TEST,1,NonLeaf,rbp(MOV) rbp(MOV) ,rflags ,TEST,3,MOV,7,JZ,6,CMP,2,ADD,2,MOV,7,MOV,3,IMUL,7,TEST,2,JLE,2,0,1,0,0,0,CALL,0,1,1,1,0,0,JLE,0,0,4215052,4229564,4215068,0,0,1,0,c,1.3474162129915681e-09,0.0080645161290322,0,0,0
0x405106,JZ,244,24,4147,6,0x405104,CMP,1,NonLeaf,ecx(-1) eax(ADD) ,rflags ,CMP,2,ADD,2,LEA,3,SUB,2,SAR,3,MOV,7,TEST,3,JZ,6,MOV,7,MOV,3,0,0,0,0,0,CALL,0,1,0,1,0,0,JE,0,0,4215020,4219193,4215052,0,0,1,0,c,1.3256836934271878e-09,0.0983606557377049,0,0,0
0x4050ea,JLE,246,2,34,2,0x4050e8,TEST,1,NonLeaf,ecx(MOV) ecx(MOV) ,rflags ,TEST,2,MOVSD_XMM,9,MOV,2,XORPD,4,MOV,8,MOV,2,MOV,5,IMUL,2,MOV,2,SAR,3,0,0,1,0,0,JE,0,0,1,0,0,0,JE,0,0,4214993,4215052,4215020,0,0,0,0,c,1.336549953209378e-09,0.008130081300813,0,0,0
0x4050cb,JS,248,2,4206,6,0x4050c9,TEST,1,NonLeaf,ecx(MOV) ecx(MOV) ,rflags ,TEST,2,MOV,6,JZ,6,CMP,2,IMUL,6,MOV,8,XORPD,4,MOV,2,MOVSD_XMM,9,TEST,2,0,1,0,0,0,CALL,0,1,1,0,0,0,JLE,0,0,4214979,4219193,4214993,0,0,1,1,c,1.3474162129915681e-09,0.0080645161290322,0,0,0
0x40509c,JZ,244,244,39,2,0x405099,TEST,1,NonLeaf,rdi(MOV) rdi(MOV) ,rflags ,TEST,3,MOV,7,JZ,6,MOV,3,TEST,2,TEST,2,JLE,2,MOV,2,MOV,5,IMUL,2,0,0,1,0,0,JS,0,0,1,0,0,0,JLE,0,0,4214930,4214979,4214942,0,0,0,0,c,1.3256836934271878e-09,1.0,1,0,1
0x40508c,JZ,248,4,13389,6,0x405087,TEST,1,NonLeaf,ecx(-1) ecx(-1) ,rflags ,MOV,3,TEST,2,JZ,6,MOVSXD,4,CMP,3,MOV,7,TEST,3,JZ,2,TEST,2,JLE,2,0,1,0,0,0,CALL,0,1,1,0,0,0,JE,0,0,4214919,4228313,4214930,0,0,1,0,c,1.3474162129915681e-09,0.0161290322580645,0,0,0
0x405081,JZ,251,3,14021,6,0x40507a,CMP,1,NonLeaf,ecx(MOV) ,rflags ,MOVSXD,4,CMP,3,MOV,8,MOV,8,MOV,7,TEST,2,MOV,3,JZ,6,MOV,7,TEST,3,0,1,0,0,0,JE,1,0,1,0,0,0,JE,0,0,4214864,4228934,4214919,0,0,0,0,c,1.363715602664853e-09,0.0119521912350597,0,0,0
0x404422,JS,6016,0,5,2,0x404420,TEST,1,NonLeaf,edi(-1) edi(-1) ,rflags ,TEST,2,INVALID,0,INVALID,0,INVALID,0,INVALID,0,XOR,2,RET_NEAR,1,PUSH,1,MOV,5,CALL_NEAR,5,0,1,0,0,0,CALL,0,1,1,0,0,0,RET,0,0,4211744,4211751,4211748,0,0,1,0,c,3.268570942482772e-08,0.0,0,0,0
0x404402,JS,1,0,5,2,0x404400,TEST,1,NonLeaf,edi(-1) edi(-1) ,rflags ,TEST,2,INVALID,0,INVALID,0,INVALID,0,INVALID,0,XOR,2,RET_NEAR,1,PUSH,1,MOV,5,CALL_NEAR,5,0,1,0,0,0,CALL,0,1,1,0,0,0,RET,0,0,4211712,4211719,4211716,0,0,1,0,c,5.433129891095032e-12,0.0,0,0,0
0x4039cc,JNZ,15426592,15426096,-4396,6,0x4039c4,CMP,1,NonLeaf,rbp(ADD) rsp(-1) ,rflags ,CMP,8,ADD,4,JNBE,6,UCOMISD,5,XORPD,4,MOVSD_XMM,6,NOP,8,ADD,7,POP,1,POP,1,0,0,0,1,1,LEA,0,0,1,0,0,0,NOP,1,0,4209088,4204704,4209106,0,0,1,0,c,8.38146781129275e-05,0.9999678477268344,1,1,1
0x4039ba,JNBE,15426592,0,2006,6,0x4039b5,UCOMISD,1,NonLeaf,xmm4(XORPD) r10(-1) ,rflags ,UCOMISD,5,XORPD,4,JZ,6,MOVSD_XMM,5,ADDSD,5,ADD,4,CMP,8,JNZ,6,MOVSD_XMM,6,NOP,8,0,1,0,0,0,JMP,0,0,1,0,0,0,JNE,0,0,4209073,4211088,4209088,0,0,1,0,c,8.38146781129275e-05,0.0,0,0,0
0x47dad9,JNZ,63,39,183,6,0x47dad7,TEST,1,Leaf,eax(PMOVMSKB) eax(PMOVMSKB) ,rflags ,TEST,2,PMOVMSKB,4,PCMPEQB,5,JLE,6,SUB,4,XOR,3,RET_NEAR,1,NOP,3,NOP,10,ADD,4,0,1,0,0,0,JBE,0,0,1,0,0,0,RET,0,0,4709070,4709264,4709087,1,0,0,0,c,3.42287183138987e-10,0.6190476190476191,1,1,1
0x4039ab,JZ,15426592,0,1877,6,0x403985,CMP,1,NonLeaf,r12d(-1) ,rflags ,MOVSD_XMM,5,ADDSD,5,MULSD,4,MULSD,5,MOVAPD,5,XORPD,4,UCOMISD,5,JNBE,6,ADD,4,CMP,8,0,1,0,0,0,JMP,0,0,1,1,0,0,JA,0,0,4209038,4210944,4209073,0,0,1,0,c,8.38146781129275e-05,0.0,0,0,0
0x402d05,JNBE,15426592,0,4787,6,0x402d01,CMP,1,NonLeaf,r11d(CVTTSD2SI) ,rflags ,CMP,4,CVTTSD2SI,5,ANDPD,9,MOVAPD,5,MOVSD_XMM,5,MOV,3,JMP,8,NOP,10,MOVSD_XMM,10,MOVSD_XMM,6,0,1,0,0,0,CALL,0,1,1,0,0,0,JMP,1,0,4205697,4210616,4205835,0,1,1,0,c,8.38146781129275e-05,0.0,0,0,0
0x402c72,JZ,15426592,15426592,15,2,0x402c6f,TEST,1,NonLeaf,r11d(MOV) r11d(MOV) ,rflags ,TEST,3,MOV,7,MOV,7,JZ,6,MOVSD_XMM,9,MOV,4,TEST,3,JS,6,MOVSXD,5,MOV,8,0,1,0,0,0,JA,0,0,1,0,0,0,JS,0,0,4205665,4205697,4205684,0,0,0,0,c,8.38146781129275e-05,1.0,1,0,1
0x402c5b,JZ,15426592,0,197,6,0x402bb6,CMP,1,NonLeaf,r12d(-1) ,rflags ,MOVSD_XMM,9,ADDSD,5,MOVAPD,5,MOVSD_XMM,6,MULSD,5,MOV,7,MOV,7,TEST,3,JZ,2,MOV,4,0,1,0,0,0,SUBSD,0,0,1,1,0,0,JE,0,0,4205472,4205856,4205665,0,0,1,0,c,8.38146781129275e-05,0.0,0,0,0
0x402b9a,JP,15426592,0,5802,6,0x402b96,UCOMISD,1,NonLeaf,xmm5(SQRTSD) xmm5(SQRTSD) ,rflags ,UCOMISD,4,SQRTSD,4,MULSD,5,MOVAPD,4,SUBSD,5,MOVSD_XMM,8,MOVAPD,5,XORPD,9,CMP,4,DIVSD,4,0,1,0,0,0,CALL,0,1,1,1,0,0,JE,0,0,4205392,4211268,4205472,0,1,1,1,c,8.38146781129275e-05,0.0,0,0,0
0x402a51,JZ,15426592,0,1303,6,0x402926,CMP,0,NonLeaf,r12d(-1) ,rflags ,SUBSD,5,SUBSD,4,MOV,8,SUBSD,5,SUBSD,4,MOVSD_XMM,6,MOVAPD,5,MOVSD_XMM,6,MOVAPD,4,MOVSD_XMM,7,0,1,0,0,0,MULSD,0,0,1,0,0,0,ADDSD,0,0,4205104,4206440,4205143,0,0,1,1,c,8.38146781129275e-05,0.0,0,0,0
0x402835,JLE,496,0,6323,6,0x402821,TEST,1,NonLeaf,edi(-1) edi(-1) ,rflags ,MOV,8,MOV,5,MOV,5,TEST,2,SUB,7,LEA,3,MOV,7,MOV,3,XOR,3,MOV,9,0,1,0,0,0,JMP,0,0,1,0,0,0,MOV,0,0,4204560,4210920,4204603,0,0,1,1,c,2.6948324259831362e-09,0.0,0,0,0
0x402625,JBE,8610064,8610064,-1455,6,0x402620,UCOMISD,1,NonLeaf,xmm13(MOVSD_XMM) xmm0(-1) ,rflags ,UCOMISD,5,MOVSD_XMM,9,JBE,6,MOVSD_XMM,10,MOVSD_XMM,6,MOVAPD,5,JMP,5,NOP,3,MOVSD_XMM,9,MINSD,5,0,0,0,0,0,JA,0,0,1,0,0,0,JMP,0,0,4204055,4202614,4204075,0,0,0,0,c,4.6779596082641255e-05,1.0,1,0,1
0x402611,JBE,8610064,0,-1435,6,0x4025a1,UCOMISD,1,NonLeaf,xmm0(-1) xmm12(MOVSD_XMM) ,rflags ,MOVSD_XMM,10,MOVSD_XMM,6,MOVSD_XMM,6,MOVSD_XMM,6,MOVSD_XMM,6,MOVSD_XMM,9,UCOMISD,5,JBE,6,MOVAPD,5,JMP,5,0,0,0,0,0,JA,0,0,1,0,0,0,JBE,0,0,4203918,4202614,4204055,0,0,0,0,c,4.6779596082641255e-05,0.0,0,0,0
0x402467,JBE,8610064,8610064,78,2,0x402463,UCOMISD,1,NonLeaf,xmm0(MOVSD_XMM) xmm1(-1) ,rflags ,UCOMISD,4,MOVSD_XMM,8,JNBE,6,UCOMISD,5,ADDSD,4,MOV,8,MOVAPD,4,MOVSD_XMM,8,MOVSXD,3,SUBSD,6,0,1,0,0,0,CALL,0,1,1,0,0,0,JMP,0,0,4203611,4203701,4203625,0,1,1,0,c,4.6779596082641255e-05,1.0,1,0,1
0x402318,JNZ,8610064,8610064,-1112,6,0x4022a2,CMP,0,NonLeaf,r15d(-1) ,rflags ,ADDSD,4,MULSD,4,MOVAPD,4,ADDSD,4,MULSD,4,MOVSD_XMM,7,MOVSD_XMM,7,MOVSD_XMM,7,SUBSD,5,SUBSD,5,1,1,1,0,0,JP,0,0,1,0,0,0,JMP,0,0,4202968,4202176,4203294,0,0,0,1,c,4.6779596082641255e-05,1.0,1,1,1
0x4021d2,JZ,8610064,496,553,6,0x4021ca,CMP,1,NonLeaf,rdi(ADD) rsp(-1) ,rflags ,CMP,8,ADD,4,JZ,6,MOVSD_XMM,4,SUBSD,4,MOV,8,MOV,6,MOV,3,LEA,4,MOV,8,0,0,1,0,0,RET,1,0,0,0,1,1,JNE,0,0,4202950,4203515,4202968,1,0,0,1,c,4.6779596082641255e-05,5.760700501180944e-05,0,0,0
0x4021c0,JZ,8610064,0,440,6,0x402164,CMP,0,NonLeaf,r15d(-1) ,rflags ,MOVSD_XMM,4,SUBSD,4,MOVSD_XMM,4,MOVSD_XMM,5,ADDSD,4,ADD,4,CMP,8,JZ,6,MOV,8,MOV,6,0,1,0,0,0,JNE,0,0,1,0,0,0,JE,0,0,4202625,4203384,4202950,0,0,1,0,c,4.6779596082641255e-05,0.0,0,0,0
0x40207b,JNBE,8610064,0,1469,6,0x402076,UCOMISD,1,NonLeaf,xmm12(-1) xmm0(-1) ,rflags ,UCOMISD,5,MOVSD_XMM,6,MOVSD_XMM,6,MOVSD_XMM,6,MOVSD_XMM,6,XORPD,9,MOVAPD,5,MOVAPD,5,LEA,4,MULSD,4,0,1,0,0,0,JMP,0,0,0,1,0,0,JE,0,0,4202614,4204088,4202625,1,1,0,1,c,4.6779596082641255e-05,0.0,0,0,0
0x401f3f,JBE,8610064,8610064,1308,6,0x401f3a,UCOMISD,1,NonLeaf,xmm1(-1) xmm10(-1) ,rflags ,UCOMISD,5,JZ,6,ADDSD,4,MULSD,4,MOVAPD,4,MOV,5,MOV,8,MOVSXD,3,MOVAPD,5,MOV,8,0,0,0,0,0,JBE,0,0,0,0,0,0,CALL,0,1,4202298,4203611,4202309,0,0,0,1,c,4.6779596082641255e-05,1.0,1,1,1
0x401f34,JZ,8610064,0,1252,6,0x401ee6,CMP,1,NonLeaf,r15d(-1) ,rflags ,ADDSD,4,MULSD,4,MOVAPD,4,ADDSD,4,MULSD,4,UCOMISD,5,JBE,6,MOV,5,MOV,8,MOVSXD,3,0,1,0,0,0,JA,0,0,1,0,0,0,JBE,0,0,4202204,4203544,4202298,0,0,1,0,c,4.6779596082641255e-05,0.0,0,0,0
0x401ed6,JP,8610064,0,2138,6,0x401ed2,UCOMISD,1,NonLeaf,xmm0(SQRTSD) xmm0(SQRTSD) ,rflags ,UCOMISD,4,SQRTSD,4,JP,6,UCOMISD,4,SQRTSD,4,MOVAPD,5,MOVAPD,5,CMP,4,DIVSD,4,DIVSD,5,0,1,0,0,0,CALL,0,1,1,1,0,0,JE,0,0,4202190,4204336,4202204,0,1,1,0,c,4.6779596082641255e-05,0.0,0,0,0
0x401ec8,JP,8610064,0,1928,6,0x401ec4,UCOMISD,1,NonLeaf,xmm2(SQRTSD) xmm2(SQRTSD) ,rflags ,UCOMISD,4,SQRTSD,4,NOP,3,JMP,5,MOVAPD,5,SQRTSD,4,UCOMISD,4,JP,6,MOVAPD,5,MOVAPD,5,0,1,0,0,0,CALL,0,1,1,1,0,0,JP,0,0,4202176,4204112,4202190,0,0,1,0,c,4.6779596082641255e-05,0.0,0,0,0
0x401e80,JLE,496,0,1403,6,0x401e46,TEST,1,NonLeaf,edi(-1) edi(-1) ,rflags ,MOV,8,MOV,8,MOV,8,MOV,8,MOV,8,LEA,3,MOV,7,XOR,2,XORPD,5,LEA,8,0,1,1,0,0,RET,0,0,1,0,0,0,JMP,0,0,4202032,4203515,4202118,0,1,0,1,c,2.6948324259831362e-09,0.0,0,0,0
0x401ced,JNZ,4777472,4777472,-365,6,0x401c9e,CMP,1,NonLeaf,r15d(-1) ,rflags ,ADDSD,4,MULSD,4,MOVAPD,4,ADDSD,4,MULSD,4,MOVSD_XMM,7,SUBSD,7,MOVAPD,4,MULSD,4,ADDSD,4,1,1,1,0,0,JP,0,0,1,0,0,0,JMP,0,0,4201537,4201344,4201715,0,0,0,0,c,2.5956625927069565e-05,1.0,1,1,1
0x401c3b,JZ,4777472,496,274,6,0x401c36,CMP,1,NonLeaf,r14(ADD) rsp(-1) ,rflags ,CMP,5,ADD,4,JZ,6,MOVSD_XMM,4,SUBSD,4,MOV,4,LEA,3,MOV,5,MOV,4,IMUL,4,0,0,1,0,0,RET,1,0,0,0,1,1,JNE,0,0,4201522,4201805,4201537,1,0,0,0,c,2.5956625927069565e-05,0.0001038205980066,0,0,0
0x401c2c,JZ,4777472,0,236,6,0x401bb2,CMP,1,NonLeaf,r15d(-1) ,rflags ,MOVSD_XMM,4,SUBSD,4,MOVSD_XMM,4,MOVSD_XMM,4,SUBSD,4,ADD,4,CMP,5,JZ,6,MOV,4,LEA,3,0,1,0,0,0,JNE,0,0,1,0,0,0,JE,0,0,4201358,4201752,4201522,0,0,1,0,c,2.5956625927069565e-05,0.0,0,0,0
0x401b88,JP,4777472,0,475,6,0x401b84,UCOMISD,1,NonLeaf,xmm5(SQRTSD) xmm5(SQRTSD) ,rflags ,UCOMISD,4,SQRTSD,4,NOP,8,JMP,5,MOV,5,MOVAPD,4,MOVSXD,3,ADD,3,MOVSD_XMM,6,ADD,3,0,1,0,0,0,CALL,0,1,1,1,0,0,JE,0,0,4201344,4201827,4201358,0,1,1,1,c,2.5956625927069565e-05,0.0,0,0,0
0x401b41,JLE,496,0,524,6,0x401b25,TEST,1,NonLeaf,edi(-1) edi(-1) ,rflags ,MOV,8,MOV,8,MOV,5,MOV,5,TEST,2,LEA,3,MOV,7,XOR,3,XORPD,4,MOV,5,0,1,1,0,0,RET,0,0,1,0,0,0,JMP,0,0,4201232,4201805,4201287,0,0,0,1,c,2.6948324259831362e-09,0.0,0,0,0
0x401ae5,JZ,1,1,19,2,0x401add,CMP,1,NonLeaf,rip(JZ) ,rflags ,CMP,8,CALL_NEAR,5,MOV,5,MOV,5,JZ,2,MOV,5,TEST,3,JZ,2,MOV,5,CALL_NEAR,2,0,1,1,0,0,JMP,0,0,1,0,0,0,JE,0,0,4201181,4201208,4201191,0,0,0,0,c,5.433129891095032e-12,1.0,1,0,1
0x401acc,JZ,1,0,17,2,0x401ac6,TEST,1,NonLeaf,rax(MOV) rax(MOV) ,rflags ,MOV,3,TEST,3,MOV,5,PUSH,1,INVALID,0,MOV,5,MOV,5,CALL_NEAR,5,CMP,8,JZ,2,0,1,1,0,0,JE,0,0,1,0,0,0,CALL,0,1,4201152,4201181,4201166,0,0,0,1,c,5.433129891095032e-12,0.0,0,0,0
0x401aaa,JZ,1,0,9,2,0x401aa7,TEST,1,NonLeaf,rax(MOV) rax(MOV) ,rflags ,TEST,3,MOV,5,CALL_NEAR,5,MOV,3,PUSH,1,MOV,5,CALL_NEAR,2,POP,1,MOV,7,RET_NEAR,2,0,1,1,0,0,MOV,0,0,1,0,0,0,CALL,0,1,4201122,4201139,4201132,0,0,1,1,c,5.433129891095032e-12,0.0,0,0,0
0x401a97,JNZ,1,0,36,2,0x401a90,CMP,1,NonLeaf,rip(JNZ) ,rflags ,CMP,7,INVALID,0,INVALID,0,INVALID,0,INVALID,0,PUSH,1,MOV,3,CALL_NEAR,5,MOV,5,TEST,3,0,1,1,0,0,REPZ RET,0,0,1,0,0,0,CALL,0,1,4201104,4201147,4201113,0,0,0,1,c,5.433129891095032e-12,0.0,0,1,0
0x401a70,JNZ,1,0,4,2,0x401a6d,SAR,1,Leaf,rax(SAR) ,rax rflags ,SAR,3,ADD,3,SHR,4,MOV,3,MOV,3,POP,1,RET_NEAR,1,MOV,5,TEST,3,JZ,2,0,1,0,0,0,JE,0,0,1,0,0,0,RET,0,0,4201040,4201076,4201074,0,0,0,0,c,5.433129891095032e-12,0.0,0,1,0
0x401a33,JNBE,1,0,4,2,0x401a2c,CMP,1,Leaf,rax(SUB) ,rflags ,MOV,3,CMP,4,SUB,6,PUSH,1,MOV,5,POP,1,RET_NEAR,1,MOV,5,TEST,3,JZ,2,0,1,0,0,0,JE,0,0,1,0,0,0,RET,0,0,4200992,4201015,4201013,0,0,0,0,c,5.433129891095032e-12,0.0,0,0,0
0x401982,JNZ,1,1,-160,6,0x40197e,CMP,1,NonLeaf,r8d(-1) ,rflags ,CMP,4,JBE,6,CMP,3,LEA,3,JNZ,2,CMP,4,JNZ,6,LEA,4,CMP,3,JNBE,6,0,0,1,0,0,JE,0,0,1,0,0,0,JNE,0,0,4200830,4200674,4200840,0,0,0,0,c,5.433129891095032e-12,1.0,1,0,1
0x401978,JBE,1,0,-150,6,0x401975,CMP,1,NonLeaf,eax(LEA) ,rflags ,CMP,3,LEA,3,JNZ,2,MOVZX,3,AND,6,CMP,4,JNZ,6,CMP,4,JNZ,6,LEA,4,0,0,1,0,0,JE,0,0,1,0,0,0,JNE,0,0,4200818,4200674,4200830,0,0,0,0,c,5.433129891095032e-12,0.0,0,0,0
0x401970,JNZ,2,2,-31,2,0x401967,AND,1,NonLeaf,ecx(AND) ,ecx rflags ,MOVZX,3,AND,6,CPUID,2,MOV,3,LEA,3,LEA,3,CMP,3,JBE,6,CMP,4,JNZ,6,1,1,0,0,0,JE,0,0,0,1,0,0,JBE,1,0,4200799,4200785,4200818,0,0,0,0,c,1.0866259782190064e-11,1.0,1,1,1
0x40195b,JZ,2,1,126,2,0x401955,CMP,1,NonLeaf,ecx(-1) ,rflags ,CMP,6,JZ,2,TEST,2,JMP,2,MOV,6,MOV,2,LEA,3,MOV,3,CPUID,2,AND,6,0,1,0,0,0,JMP,1,0,1,0,0,0,MOV,0,0,4200789,4200921,4200797,1,0,0,0,c,1.0866259782190064e-11,0.5,0,0,0
0x401953,JZ,2,0,31,2,0x401951,TEST,1,NonLeaf,ebx(-1) ebx(-1) ,rflags ,TEST,2,JMP,2,MOV,6,XOR,2,JLE,2,CMP,6,JZ,2,MOV,2,LEA,3,MOV,3,0,0,1,0,0,JBE,1,0,1,0,0,0,JE,0,0,4200785,4200818,4200789,0,0,0,0,c,1.0866259782190064e-11,0.0,0,0,0
0x401945,JLE,1,0,45,2,0x401941,CMP,1,NonLeaf,r10d(-1) ,rflags ,CMP,4,JZ,2,AND,6,MOV,5,MOV,2,XOR,2,MOV,6,JMP,2,TEST,2,JZ,2,0,1,1,0,0,JBE,0,0,1,0,0,0,JMP,0,0,4200769,4200818,4200775,0,0,0,0,c,5.433129891095032e-12,0.0,0,0,0
0x40193f,JZ,1,0,-93,2,0x401939,AND,1,NonLeaf,esi(AND) ,esi rflags ,AND,6,MOV,5,MOV,2,SHR,3,JMP,5,CMP,4,JLE,2,XOR,2,MOV,6,JMP,2,0,0,1,0,0,JE,0,0,1,0,0,0,JLE,0,0,4200751,4200674,4200769,0,0,0,0,c,5.433129891095032e-12,0.0,0,1,0
0x4018ed,JLE,1,0,-276,6,0x4018ea,TEST,1,NonLeaf,rbp(-1) rbp(-1) ,rflags ,TEST,3,JZ,6,TEST,2,MOVZX,7,JNZ,2,MOV,2,MOV,3,CQO,2,IDIV,3,MOV,3,0,0,1,0,0,JLE,0,0,1,0,0,0,JMP,0,0,4200682,4200409,4200691,0,1,0,0,c,5.433129891095032e-12,0.0,0,0,0
0x4018e4,JZ,1,0,-267,6,0x4018e2,TEST,1,NonLeaf,eax(-1) eax(-1) ,rflags ,TEST,2,MOVZX,7,JNZ,2,TEST,2,CPUID,2,TEST,3,JLE,6,MOV,2,MOV,3,CQO,2,0,0,1,0,0,JLE,0,0,1,0,0,0,JLE,0,0,4200674,4200409,4200682,0,0,0,0,c,5.433129891095032e-12,0.0,0,0,0
0x4018d9,JNZ,4,4,-25,2,0x4018d7,TEST,1,NonLeaf,al(-1) ,rflags ,TEST,2,CPUID,2,MOV,3,LEA,3,MOV,2,MOVZX,7,TEST,2,JZ,6,TEST,3,JLE,6,1,1,0,0,0,JE,0,0,0,0,0,0,MOVZX,1,0,4200655,4200640,4200667,0,0,0,0,c,2.173251956438013e-11,1.0,1,0,1
0x4018cb,JZ,4,1,100,2,0x4018c8,CMP,1,NonLeaf,edx(AND) r8d(-1) ,rflags ,CMP,3,AND,3,SHR,3,MOV,2,NOP,5,MOV,2,LEA,3,MOV,3,CPUID,2,TEST,2,0,1,0,0,0,JE,1,0,1,0,0,0,MOV,0,0,4200640,4200751,4200653,0,0,0,0,c,2.173251956438013e-11,0.25,0,0,0
0x4018a1,JLE,1,0,58,2,0x40189d,CMP,1,NonLeaf,r10d(MOV) ,rflags ,CMP,4,MOV,7,JLE,6,MOV,6,MOV,3,MOV,7,MOV,7,XOR,2,MOV,6,JMP,2,0,1,0,0,0,MOVZX,0,0,1,0,0,0,JMP,0,0,4200598,4200667,4200611,0,0,0,0,c,5.433129891095032e-12,0.0,0,0,0
0x401890,JLE,1,0,305,6,0x401884,TEST,1,NonLeaf,rax(-1) rax(-1) ,rflags ,MOV,6,MOV,3,TEST,3,CALL_NEAR,5,MOV,3,MOV,7,CMP,4,JLE,2,MOV,7,MOV,7,0,1,0,0,0,CALL,0,1,1,1,0,0,JLE,0,0,4200580,4200897,4200598,0,0,1,0,c,5.433129891095032e-12,0.0,0,0,0
0x40180d,JLE,1,0,-175,6,0x40180a,TEST,1,NonLeaf,rbp(-1) rbp(-1) ,rflags ,TEST,3,MOV,7,SAR,3,MOV,3,MOV,7,MOV,3,MOV,7,AND,4,SAR,3,MOV,7,0,0,0,0,0,RET,0,0,1,0,0,0,RET,0,0,4200458,4200286,4200467,0,1,0,1,c,5.433129891095032e-12,0.0,0,0,0
0x4017dc,JLE,1,0,46,2,0x4017d9,TEST,1,NonLeaf,r12(-1) r12(-1) ,rflags ,TEST,3,JNBE,2,CMP,6,ADD,3,MOV,3,MOV,3,MOV,7,AND,4,SAR,3,MOV,7,0,1,1,0,0,JLE,0,0,1,0,0,0,MOV,0,0,4200409,4200458,4200414,0,1,0,1,c,5.433129891095032e-12,0.0,0,0,0
0x401753,JZ,1,1,282,6,0x401750,CMP,1,NonLeaf,eax(MOV) ,rflags ,CMP,3,MOV,6,SUB,4,PUSH,1,PUSH,1,CMP,3,JZ,2,ADD,4,POP,1,POP,1,0,1,0,0,0,CALL,0,1,1,0,0,0,JE,0,0,4200256,4200557,4200281,0,0,1,0,c,5.433129891095032e-12,1.0,1,0,1
0x4016db,JNLE,1,1,-1307,6,0x4016d7,TEST,1,NonLeaf,eax(-1) eax(-1) ,rflags ,MOV,2,TEST,2,CALL_NEAR,5,MOV,5,XOR,2,JMP,5,MOV,3,MOV,5,XOR,2,CALL_NEAR,5,0,0,1,0,0,JE,0,0,1,0,0,0,JMP,0,0,4200151,4198848,4200161,0,0,0,0,c,5.433129891095032e-12,1.0,1,0,1
0x40169f,JNZ,1,0,-280,6,0x401698,CMP,1,NonLeaf,rip(JNZ) ,rflags ,CMP,7,CALL_NEAR,5,MOV,5,MOV,5,JMP,5,MOV,5,CALL_NEAR,5,JMP,5,MOV,2,MOV,5,0,0,1,0,0,CALL,0,1,1,0,0,0,CALL,0,1,4200088,4199815,4200101,0,0,1,1,c,5.433129891095032e-12,0.0,0,0,0
0x401674,JNZ,1,0,-394,6,0x40166d,CMP,1,NonLeaf,rip(JNZ) ,rflags ,CMP,7,CALL_NEAR,5,MOV,5,MOV,5,RET_NEAR,1,MOV,5,CALL_NEAR,5,JMP,5,MOV,5,MOV,5,0,0,1,0,0,CALL,0,1,1,0,0,0,CALL,0,1,4200045,4199658,4200058,0,0,1,1,c,5.433129891095032e-12,0.0,0,0,0
0x4015cb,JNZ,1,0,16,2,0x4015c9,TEST,1,NonLeaf,edx(MOV) edx(MOV) ,rflags ,TEST,2,MOV,6,MOV,6,CALL_NEAR,5,LEA,3,MOV,2,MOV,5,XOR,2,CALL_NEAR,5,MOV,7,0,1,1,0,0,CALL,0,1,1,0,0,0,CALL,0,1,4199869,4199899,4199885,0,0,1,1,c,5.433129891095032e-12,0.0,0,0,0
0x401581,JZ,1,1,264,6,0x40157f,TEST,1,NonLeaf,ecx(MOV) ecx(MOV) ,rflags ,TEST,2,MOVSD_XMM,8,MOV,6,CALL_NEAR,5,MOV,5,MOV,7,MOV,7,MOV,6,MOV,7,MOV,7,0,1,0,0,0,CALL,0,1,1,1,0,0,CALL,0,1,4199793,4200073,4199815,0,0,1,1,c,5.433129891095032e-12,1.0,1,0,1
0x40152e,JZ,1,1,390,6,0x40152c,TEST,1,NonLeaf,esi(MOV) esi(MOV) ,rflags ,TEST,2,MOV,6,MOV,6,CALL_NEAR,5,LEA,3,MOV,7,XOR,3,MOV,5,XOR,2,MOV,5,0,1,0,0,0,CALL,0,1,1,1,0,0,CALL,0,1,4199712,4200116,4199732,0,0,1,1,c,5.433129891095032e-12,1.0,1,0,1
0x4014e4,JZ,1,1,378,6,0x4014d5,CMP,1,NonLeaf,rip(JZ) ,rflags ,MOVSD_XMM,8,CMP,7,CALL_NEAR,5,MOV,5,MOV,7,MOV,7,MOV,7,MOV,2,MOV,7,MOV,7,0,1,0,0,0,CALL,0,1,1,1,0,0,CALL,0,1,4199637,4200030,4199658,0,0,1,1,c,5.433129891095032e-12,1.0,1,0,1
0x4013d4,JZ,3,2,-22,2,0x4013ce,AND,1,NonLeaf,edx(AND) ,edx rflags ,AND,6,AND,2,NOT,2,LEA,6,ADD,4,MOV,2,MOV,5,MOV,3,SHR,3,TEST,6,1,1,1,1,1,JE,0,0,1,1,0,0,CALL,1,1,4199358,4199358,4199382,0,1,0,1,c,1.6299389673285098e-11,0.6666666666666666,1,1,1
0x40137b,JZ,2,1,-22,2,0x401375,AND,1,NonLeaf,edx(AND) ,edx rflags ,AND,6,AND,2,NOT,2,LEA,6,ADD,4,MOV,2,SHR,3,TEST,6,CMOVZ,3,LEA,4,1,1,1,1,1,JE,0,0,1,1,0,0,CALL,1,1,4199269,4199269,4199293,0,1,0,1,c,1.0866259782190064e-11,0.5,0,1,0
0x401324,JNZ,1,0,17,2,0x401310,TEST,1,NonLeaf,r14d(-1) r14d(-1) ,rflags ,MOV,7,MOV,10,TEST,3,ADD,3,NOT,3,MOV,5,MOV,5,CALL_NEAR,5,XOR,2,MOV,5,0,0,1,0,0,CALL,0,1,1,0,0,0,CALL,0,1,4199178,4199221,4199206,0,0,1,1,c,5.433129891095032e-12,0.0,0,0,0
0x4011c8,JZ,1,1,213,6,0x4011c6,TEST,1,NonLeaf,edi(MOV) edi(MOV) ,rflags ,TEST,2,MOV,6,MOV,5,JNLE,6,CMP,5,MOV,7,MOV,4,MOV,5,CALL_NEAR,5,MOV,5,0,1,0,0,0,CALL,1,1,1,0,0,0,CALL,1,1,4198848,4199069,4198862,0,0,1,1,c,5.433129891095032e-12,1.0,1,0,1
0x4011b5,JNLE,1,1,1298,6,0x4011b0,CMP,1,NonLeaf,rsp(-1) ,rflags ,CMP,5,CALL_NEAR,5,MOV,4,LEA,5,CALL_NEAR,5,MOV,5,MOV,6,TEST,2,JZ,6,MOV,7,0,1,0,0,0,CALL,0,1,1,0,0,0,MOV,0,0,4198832,4200135,4198843,1,0,1,0,c,5.433129891095032e-12,1.0,1,0,1
0x40118c,JNZ,1,0,1402,6,0x40118a,TEST,1,NonLeaf,eax(-1) eax(-1) ,rflags ,TEST,2,CALL_NEAR,5,MOV,6,MOV,10,JZ,6,MOV,4,XOR,2,MOV,5,CALL_NEAR,5,LEA,5,0,1,0,0,0,JE,1,0,1,1,0,0,CALL,0,1,4198794,4200198,4198802,0,0,0,1,c,5.433129891095032e-12,0.0,0,0,0
0x401162,JNLE,1,1,300,6,0x40115d,CMP,1,NonLeaf,rsp(-1) ,rflags ,CMP,5,CALL_NEAR,5,MOV,7,MOV,8,LEA,5,CMP,7,JZ,6,MOV,10,MOV,6,CALL_NEAR,5,0,1,0,0,0,JMP,0,0,1,0,0,0,JE,0,0,4198749,4199054,4198760,0,0,1,0,c,5.433129891095032e-12,1.0,1,0,1
0x4010fa,JZ,1,1,19,2,0x4010f7,TEST,1,Leaf,rax(MOV) rax(MOV) ,rflags ,TEST,3,MOV,7,INVALID,0,INVALID,0,INVALID,0,MOV,5,MOV,5,MOV,3,CMPSB,2,JNZ,2,0,1,0,0,0,RET,1,0,1,0,0,0,MOV,0,0,4198640,4198669,4198652,0,0,0,0,c,5.433129891095032e-12,1.0,1,0,1
0x4b7b3b,JNZ,8,0,4401,6,0x4b7b35,TEST,1,NonLeaf,r12(MOV) ,rflags ,TEST,6,MOV,7,MOV,7,MOV,7,JMP,5,MOV,7,MOV,7,TEST,3,JZ,6,MOV,7,0,1,0,0,0,CALL,0,1,1,0,0,0,MOV,0,0,4946741,4951148,4946753,0,0,1,0,c,4.346503912876026e-11,0.0,0,0,0
0x400846,JNBE,18,18,38,2,0x400843,CMP,1,Leaf,edx(SUB) ,rflags ,CMP,3,SUB,3,MOVZX,4,MOV,3,LEA,4,TEST,2,JS,2,CMP,5,JNLE,2,IMUL,3,1,1,1,0,0,RET,1,0,1,0,0,0,JS,0,0,4196402,4196460,4196424,0,0,0,0,c,9.779633803971057e-11,1.0,1,0,1
0x4b7999,JBE,8,0,412,6,0x4b798f,CMP,1,NonLeaf,r15(-1) r14(-1) ,rflags ,MOV,7,CMP,3,ADD,3,MOV,7,AND,8,MOV,7,MOV,7,MOV,7,MOV,6,MOV,7,0,0,1,0,0,JNE,0,0,1,0,0,0,JMP,0,0,4946309,4946741,4946335,0,1,0,1,c,4.346503912876026e-11,0.0,0,0,0
0x4003c6,JZ,1,1,7,2,0x4003c3,TEST,1,NonLeaf,rax(MOV) rax(MOV) ,rflags ,TEST,3,MOV,7,SUB,4,INVALID,0,INVALID,0,CALL_NEAR,5,ADD,4,RET_NEAR,1,INVALID,0,INVALID,0,0,1,1,0,0,RET,0,0,1,0,0,0,CALL,0,1,4195256,4195277,4195272,0,0,0,1,c,5.433129891095032e-12,1.0,1,1,1
