Address,Opcode,Executed,Taken,Offset,Size,Flag_Write_PC,Flag_Instr_Opcode,Same_BBL,Routine_Type,Regs_Read,Regs_Write,Prev_Op_1,Prev_Size_1,Prev_Op_2,Prev_Size_2,Prev_Op_3,Prev_Size_3,Prev_Op_4,Prev_Size_4,Prev_Op_5,Prev_Size_5,Next_Op_1,Next_Size_1,Next_Op_2,Next_Size_2,Next_Op_3,Next_Size_3,Next_Op_4,Next_Size_4,Next_Op_5,Next_Size_5,br_is_loop_header,t_dominates,t_post_dominates,t_is_loop_head,t_is_backedge,t_successor_ends,t_is_loop_exit,t_has_call,f_dominates,f_post_dominates,f_is_loop_head,f_is_backedge,f_successor_ends,f_is_loop_exit,f_has_call,branch_bb_addr,taken_bb_addr,fall_bb_addr,taken_ubd,fall_ubd,taken_store,fall_store,Language,weight,rate,y,predicted,actual
0x60f1d1,JNZ,7,6,-33,2,0x60f1ce,CMP,1,Leaf,rsp(-1) rcx(MOV) cl(MOV) ,rflags ,CMP,3,MOV,3,JZ,2,CMP,3,MOV,3,INC,3,INC,3,INC,3,ADD,7,XOR,2,0,0,0,1,1,JE,0,0,1,0,0,0,INC,1,0,6353355,6353328,6353363,0,0,0,0,cpp,1.8302300303210375e-10,0.8571428571428571,1,1,1
0x60f1c9,JZ,7,0,13,2,0x60f1c6,CMP,1,Leaf,rsp(-1) rcx(MOV) cl(MOV) ,rflags ,CMP,3,MOV,3,JZ,2,CMP,3,MOV,3,MOV,3,CMP,3,JNZ,2,INC,3,INC,3,0,1,0,0,0,INC,1,0,1,0,0,0,JNE,0,0,6353347,6353366,6353355,0,0,0,0,cpp,1.8302300303210375e-10,0.0,0,0,0
0x60f1b9,JZ,7,0,35,2,0x60f1b6,CMP,1,Leaf,rsp(-1) rcx(MOV) cl(MOV) ,rflags ,CMP,3,MOV,2,ADD,4,NOP,10,NOP,4,MOV,3,CMP,3,JZ,2,MOV,3,CMP,3,1,1,1,0,0,RET,1,0,1,0,0,0,JE,0,0,6353328,6353372,6353339,1,0,0,0,cpp,1.8302300303210375e-10,0.0,0,0,0
0x60f18a,JZ,1,1,20,2,0x60f187,TEST,1,Leaf,cl(MOV) ,rflags ,TEST,3,MOV,3,MOV,3,JZ,2,TEST,3,MOV,3,MOV,3,ADD,4,MOV,3,TEST,3,0,0,1,0,0,NOP,1,0,1,0,0,0,JNE,0,0,6353281,6353310,6353292,0,1,0,1,cpp,2.6146143290300536e-11,1.0,1,0,1
0x60f17f,JZ,1,0,31,2,0x60f17c,TEST,1,Leaf,cl(MOV) ,rflags ,TEST,3,MOV,3,MOV,3,JZ,2,TEST,2,MOV,3,MOV,3,TEST,3,JZ,2,MOV,3,0,0,1,0,0,NOP,1,0,1,0,0,0,JE,0,0,6353270,6353310,6353281,0,1,0,1,cpp,2.6146143290300536e-11,0.0,0,0,0
0x60f174,JZ,1,0,42,2,0x60f172,TEST,1,Leaf,cl(MOV) cl(MOV) ,rflags ,TEST,2,MOV,2,NOP,2,MOV,3,STOSQ,3,MOV,3,MOV,3,TEST,3,JZ,2,MOV,3,1,1,1,0,0,NOP,1,0,1,0,0,0,JE,0,0,6353264,6353310,6353270,0,1,0,1,cpp,2.6146143290300536e-11,0.0,0,0,0
0x60c4fc,JZ,1,0,36,2,0x60c4f8,CMP,1,NonLeaf,rsi(-1) ,rflags ,CMP,4,JZ,2,TEST,2,MOVZX,3,JZ,2,MOV,3,CALL_NEAR,5,TEST,3,JZ,2,MOV,3,0,1,0,0,0,JE,0,0,1,0,0,0,CALL,0,1,6341880,6341920,6341886,0,0,0,1,cpp,2.6146143290300536e-11,0.0,0,0,0
0x60c4f6,JZ,1,0,53,2,0x60c4f4,TEST,1,NonLeaf,al(MOVZX) al(MOVZX) ,rflags ,TEST,2,MOVZX,3,JZ,2,TEST,3,MOV,3,CMP,4,JZ,2,MOV,3,CALL_NEAR,5,TEST,3,0,1,0,0,0,RET,0,0,1,0,0,0,JE,0,0,6341873,6341931,6341880,0,0,1,0,cpp,2.6146143290300536e-11,0.0,0,0,0
0x60c4ef,JZ,2,1,105,2,0x60c4ec,TEST,1,NonLeaf,rbx(MOV) rbx(MOV) ,rflags ,TEST,3,MOV,3,SUB,4,PUSH,1,MOV,3,MOVZX,3,TEST,2,JZ,2,CMP,4,JZ,2,0,1,0,0,0,JMP,0,0,1,0,0,0,JE,0,0,6341856,6341976,6341873,0,0,0,0,cpp,5.2292286580601066e-11,0.5,0,0,0
0x60bad7,JZ,4095,4095,73,2,0x60bad4,TEST,1,Leaf,rsi(-1) rsi(-1) ,rflags ,TEST,3,JNZ,2,MOV,3,MOV,2,TEST,5,BSR,4,XOR,4,LEA,3,SHL,3,MOV,5,0,1,0,0,0,RET,0,0,1,0,0,0,RET,0,0,6339284,6339360,6339289,0,1,1,1,cpp,1.070684567737807e-07,1.0,1,0,1
0x60bad2,JNZ,12870,8775,46,2,0x60bac8,TEST,1,Leaf,eax(SHR) ,rflags ,MOV,3,MOV,2,TEST,5,SUB,6,AND,6,TEST,3,JZ,2,BSR,4,XOR,4,LEA,3,0,1,0,0,0,RET,0,0,1,0,0,0,JE,0,0,6339216,6339328,6339284,0,0,1,0,cpp,3.365008641461679e-07,0.6818181818181818,1,0,1
0x60b9d4,JLE,67670,67670,39,2,0x60b9d1,TEST,1,NonLeaf,r10(MOV) r10(MOV) ,rflags ,TEST,3,SUB,3,MOV,5,JNZ,2,CMP,4,NEG,3,ADD,3,XOR,2,SHL,4,XOR,3,0,1,1,0,0,RET,1,0,1,0,0,0,NOP,0,0,6339017,6339067,6339030,0,1,1,0,cpp,1.7693095164546373e-06,1.0,1,0,1
0x60b9c7,JNZ,58364,0,-23,2,0x60b9c3,CMP,1,NonLeaf,rbx(SUB) ,rflags ,CMP,4,MOV,4,DIV,3,SUB,4,SUB,4,MOV,5,SUB,3,TEST,3,JLE,2,NEG,3,1,1,1,1,1,JNE,0,0,0,1,0,0,JLE,1,0,6338992,6338992,6339017,1,0,1,0,cpp,1.5259935069951005e-06,0.0,0,1,0
0x60b98b,JBE,67670,3134,133,6,0x60b988,CMP,1,NonLeaf,rcx(MOV) rdx(MOV) ,rflags ,CMP,3,XOR,3,MOV,5,MOV,3,JMP,5,MOV,5,MOV,5,LEA,8,ADD,3,SUB,4,0,1,0,0,0,JMP,0,0,1,1,0,0,JS,0,0,6338941,6339088,6338961,1,0,0,0,cpp,1.7693095164546373e-06,0.046312989507906,0,0,0
0x60b63f,JZ,67670,67670,830,6,0x60b624,CMP,1,NonLeaf,r9(-1) ,rflags ,MOV,5,MOV,5,MOV,3,MOV,5,MOV,5,CMP,4,JZ,6,TEST,3,JZ,6,MOV,5,0,1,0,0,0,JBE,0,0,1,0,0,0,JE,1,0,6338064,6338941,6338117,0,0,0,0,cpp,1.7693095164546373e-06,1.0,1,0,1
0x60aed5,JNZ,44,43,-53,2,0x60aed2,TEST,1,NonLeaf,rdi(MOV) rdi(MOV) ,rflags ,TEST,3,MOV,3,ADD,4,JZ,2,TEST,2,POP,1,RET_NEAR,1,CMP,3,JNZ,2,MOV,5,0,0,0,1,1,JNE,0,0,0,1,0,0,RET,1,0,6336203,6336160,6336215,0,0,0,0,cpp,1.1504303047732234e-09,0.9772727272727272,1,1,1
0x60aea3,JNZ,44,44,40,2,0x60aea0,CMP,1,NonLeaf,rdi(-1) ,rflags ,CMP,3,JZ,2,TEST,3,MOV,3,MOV,7,XOR,2,JMP,2,NOP,7,TEST,2,JZ,2,1,1,1,0,0,JNE,0,0,1,0,0,0,JMP,0,0,6336160,6336203,6336165,0,0,0,0,cpp,1.1504303047732234e-09,1.0,1,0,1
0x60ae9e,JZ,1,0,57,2,0x60ae9b,TEST,1,NonLeaf,rdi(MOV) rdi(MOV) ,rflags ,TEST,3,MOV,3,MOV,7,PUSH,1,INVALID,0,CMP,3,JNZ,2,XOR,2,JMP,2,NOP,7,0,1,1,0,0,RET,0,0,1,0,1,0,JNE,0,0,6336144,6336215,6336160,0,0,0,0,cpp,2.6146143290300536e-11,0.0,0,0,0
0x6073f8,JZ,1,1,840,6,0x6073e1,CMP,1,NonLeaf,rbx(-1) ,rflags ,MOV,4,MOV,8,MOV,7,CMP,4,ADD,4,MOV,3,MOV,4,SHL,4,CMP,4,LEA,5,0,1,0,0,0,CALL,1,1,1,0,0,0,JA,0,0,6321117,6321984,6321150,0,0,1,1,cpp,2.6146143290300536e-11,1.0,1,0,1
0x6073c0,JZ,1,1,29,2,0x6073bc,CMP,1,NonLeaf,rbp(-1) ,rflags ,CMP,4,SHL,4,MOV,3,JNZ,2,TEST,3,ADD,4,MOV,4,MOV,3,MOV,4,MOV,4,0,1,1,0,0,JE,0,0,1,0,0,0,SHL,0,0,6321084,6321117,6321090,0,0,1,1,cpp,2.6146143290300536e-11,1.0,1,0,1
0x607373,JZ,1,1,73,2,0x607370,TEST,1,NonLeaf,r15(-1) r15(-1) ,rflags ,TEST,3,NOP,8,XOR,2,AND,5,MOV,4,MOV,4,XOR,2,MOV,5,BT,4,JNB,2,0,1,1,0,0,JE,0,0,1,0,0,0,MOV,0,0,6321008,6321084,6321013,0,0,0,0,cpp,2.6146143290300536e-11,1.0,1,0,1
0x607347,JZ,1,0,14,2,0x607342,AND,1,NonLeaf,eax(AND) ,eax rflags ,AND,5,JNZ,2,CMP,3,OR,9,SUB,7,LEA,4,SUB,3,OR,5,LEA,5,XOR,3,0,1,1,0,0,NOP,0,0,1,0,0,0,OR,0,0,6320962,6320981,6320969,0,0,1,1,cpp,2.6146143290300536e-11,0.0,0,1,0
0x607340,JNZ,1,0,-19,2,0x60733d,CMP,1,NonLeaf,rsp(-1) rdx(-1) ,rflags ,CMP,3,OR,9,SUB,7,JMP,2,MOV,3,AND,5,JZ,2,LEA,4,SUB,3,OR,5,1,1,0,0,0,OR,0,0,1,1,0,0,JE,1,0,6320957,6320941,6320962,1,0,1,0,cpp,2.6146143290300536e-11,0.0,0,1,0
0x6072d3,JNZ,3,3,-51,2,0x6072cb,CMP,1,NonLeaf,r14(-1) ,rflags ,MOV,3,CMP,5,JBE,2,CMP,3,SUB,3,CMP,3,JNZ,2,MOV,5,MOV,5,CALL_NEAR,5,1,1,0,0,0,MOV,0,0,1,0,0,0,JNE,0,0,6320843,6320800,6320853,0,0,0,0,cpp,7.843842987090161e-11,1.0,1,0,1
0x6072c9,JBE,3,1,-105,2,0x6072c6,CMP,1,NonLeaf,r12(-1) rax(SUB) ,rflags ,CMP,3,SUB,3,MOV,3,LEA,4,ADD,3,CMP,5,MOV,3,JNZ,2,CMP,3,JNZ,2,0,0,0,0,0,JBE,1,0,0,0,1,1,JNE,0,0,6320804,6320736,6320843,0,0,0,0,cpp,7.843842987090161e-11,0.3333333333333333,0,0,0
0x607292,JNBE,1,1,57,2,0x607287,CMP,1,NonLeaf,r12(MOV) ,rflags ,LEA,4,MOV,3,CMP,4,ADD,3,MOV,4,JMP,2,NOP,10,MOV,4,ADD,4,ADD,4,0,1,0,1,0,JNE,0,0,1,0,0,0,JMP,0,0,6320760,6320843,6320788,0,0,0,0,cpp,2.6146143290300536e-11,1.0,1,0,1
0x607276,JNZ,4,3,-22,2,0x607272,CMP,1,NonLeaf,r15(-1) ,rflags ,CMP,4,JBE,6,CMP,4,ADD,4,ADD,4,MOV,4,MOV,4,MOV,4,ADD,3,CMP,4,1,1,0,0,0,JBE,0,0,1,0,0,0,JA,0,0,6320754,6320736,6320760,1,0,0,0,cpp,1.0458457316120216e-10,0.75,1,1,1
0x60726c,JBE,4,1,149,6,0x607268,CMP,1,NonLeaf,rbp(-1) r13(ADD) ,rflags ,CMP,4,ADD,4,ADD,4,NOP,2,JMP,2,CMP,4,JNZ,2,MOV,4,MOV,4,MOV,4,0,1,0,0,0,MOV,1,0,0,0,1,1,JNE,0,0,6320736,6320897,6320754,0,0,0,0,cpp,1.0458457316120216e-10,0.25,0,0,0
0x607245,JZ,1,0,196,6,0x60723e,TEST,1,NonLeaf,rax(MOVZX) rax(MOVZX) ,rflags ,MOV,4,TEST,3,MOVZX,7,MOV,7,JZ,6,XOR,3,MOV,4,MOV,4,MOV,3,MOV,3,0,0,0,0,0,JMP,0,0,1,0,0,0,JMP,0,0,6320688,6320905,6320715,0,0,0,1,cpp,2.6146143290300536e-11,0.0,0,0,0
0x60722a,JZ,1,0,223,6,0x607223,TEST,1,NonLeaf,rax(MOV) rax(MOV) ,rflags ,MOV,4,TEST,3,MOV,7,JNZ,2,TEST,3,MOV,7,MOVZX,7,TEST,3,MOV,4,JZ,6,0,1,0,0,0,JMP,0,0,1,0,0,0,JE,0,0,6320668,6320905,6320688,0,1,0,1,cpp,2.6146143290300536e-11,0.0,0,0,0
0x605a14,JZ,1,1,-269,6,0x605a0f,TEST,1,NonLeaf,eax(-1) eax(-1) ,rflags ,MOV,3,TEST,2,JMP,5,MOV,10,JMP,5,JMP,2,NOP,4,XOR,2,JMP,5,NOP,9,0,0,0,0,0,ADD,0,0,1,0,0,0,JMP,0,0,6314511,6314247,6314522,0,0,0,0,cpp,2.6146143290300536e-11,1.0,1,0,1
0x605933,JZ,1,1,139,6,0x605930,TEST,1,NonLeaf,bpl(MOVZX) bpl(MOVZX) ,rflags ,TEST,3,MOV,3,MOVZX,3,MOV,4,MOV,7,MOV,4,XOR,3,CALL_NEAR,5,MOV,3,LEA,4,0,0,1,0,0,RET,0,0,1,0,0,0,CALL,0,1,6314264,6314430,6314297,0,0,0,1,cpp,2.6146143290300536e-11,1.0,1,0,1
0x6058e9,JNZ,1,0,10,2,0x6058e6,TEST,1,NonLeaf,rbp(-1) rbp(-1) ,rflags ,TEST,3,MOV,5,MOV,7,ADD,6,JZ,6,JMP,5,MOV,3,MOV,7,TEST,3,JNZ,2,0,1,0,1,0,JNE,0,0,1,0,0,0,JMP,0,0,6314214,6314227,6314219,0,0,0,0,cpp,2.6146143290300536e-11,0.0,0,0,0
0x605892,JZ,1,1,366,6,0x605885,TEST,1,NonLeaf,rip(JZ) ,rflags ,MOV,6,TEST,7,OR,3,AND,3,MOVZX,7,LEA,7,MOV,7,MOV,4,MOV,11,MOV,7,0,1,0,0,0,JMP,0,0,1,1,0,0,JE,0,0,6314079,6314496,6314136,0,0,1,1,cpp,2.6146143290300536e-11,1.0,1,0,1
0x605826,JZ,1,0,619,6,0x605820,TEST,1,NonLeaf,rax(-1) rax(-1) ,rflags ,MOV,3,TEST,3,CALL_NEAR,5,LEA,4,MOV,5,MOV,4,LEA,7,LEA,7,MOV,3,MOV,3,0,1,0,0,0,JMP,0,0,1,0,0,0,CALL,0,1,6314016,6314641,6314028,0,1,0,1,cpp,2.6146143290300536e-11,0.0,0,0,0
0x6057bc,JZ,1,1,24,2,0x6057b9,TEST,1,NonLeaf,rax(MOV) rax(MOV) ,rflags ,TEST,3,MOV,5,MOV,7,ADD,4,MOV,7,ADD,4,MOV,5,POP,1,POP,1,JMP,2,0,1,0,0,0,RET,0,0,1,0,0,0,JMP,0,0,6313868,6313940,6313918,0,0,0,0,cpp,2.6146143290300536e-11,1.0,1,0,1
0x60576f,JNZ,1,0,12,2,0x60576c,TEST,1,NonLeaf,rdx(MOV) rdx(MOV) ,rflags ,TEST,3,MOV,7,SHL,4,LEA,4,CALL_NEAR,2,JMP,2,NOP,5,MOV,3,MOV,4,TEST,3,0,1,0,1,0,JNE,0,0,1,0,0,0,JMP,0,0,6313821,6313851,6313841,0,0,0,0,cpp,2.6146143290300536e-11,0.0,0,0,0
0x6056ba,JZ,1,0,85,2,0x6056b7,TEST,1,Leaf,rax(MOV) rax(MOV) ,rflags ,TEST,3,MOV,7,INVALID,0,INVALID,0,INVALID,0,MOV,4,MOV,2,MOV,6,MOV,3,MOV,4,0,1,0,0,0,JE,0,0,1,0,0,0,RET,0,0,6313648,6313743,6313660,0,1,0,1,cpp,2.6146143290300536e-11,0.0,0,0,0
0x603112,JZ,1,0,246,6,0x60310e,CMP,1,NonLeaf,rdi(MOV) ,rflags ,CMP,4,MOV,7,CALL_NEAR,5,MOV,3,MOV,5,MOV,10,LEA,4,POP,1,POP,2,POP,2,0,1,0,0,0,CALL,0,1,1,1,0,0,RET,0,0,6304007,6304264,6304024,0,0,1,1,cpp,2.6146143290300536e-11,0.0,0,0,0
0x6030e2,JZ,1,0,325,6,0x6030d8,TEST,1,NonLeaf,rax(-1) rax(-1) ,rflags ,MOV,7,TEST,3,CALL_NEAR,5,LEA,8,JNZ,2,MOV,6,XOR,3,MOV,3,MOV,6,MOV,5,0,0,0,0,0,MOV,0,0,1,0,0,0,CALL,0,1,6303960,6304295,6303976,0,0,0,1,cpp,2.6146143290300536e-11,0.0,0,0,0
0x6030c9,JNZ,27,26,-25,2,0x6030c7,TEST,1,NonLeaf,cl(MOVZX) cl(MOVZX) ,rflags ,TEST,2,MOVZX,5,ADD,4,CMOVBE,4,CMP,3,LEA,8,CALL_NEAR,5,TEST,3,MOV,7,JZ,6,1,1,1,1,1,JNE,0,0,1,1,0,0,LEA,1,0,6303920,6303920,6303947,1,0,0,0,cpp,7.059458688381144e-10,0.9629629629629628,1,1,1
0x6030a3,JZ,1,0,378,6,0x6030a1,TEST,1,NonLeaf,cl(MOVZX) cl(MOVZX) ,rflags ,TEST,2,MOV,3,MOVZX,5,CALL_NEAR,5,AND,4,MOV,5,NOP,2,SUB,3,LEA,4,CMP,3,0,1,0,0,0,JMP,1,0,1,0,0,0,NOP,0,0,6303897,6304285,6303913,0,0,0,0,cpp,2.6146143290300536e-11,0.0,0,0,0
0x60307a,JZ,1,0,14,2,0x603075,AND,1,NonLeaf,eax(AND) ,eax rflags ,AND,5,JNZ,2,CMP,3,OR,9,SUB,7,LEA,4,SUB,3,OR,5,LEA,5,MOV,3,0,1,1,0,0,CALL,0,1,1,0,0,0,OR,0,0,6303861,6303880,6303868,0,0,1,1,cpp,2.6146143290300536e-11,0.0,0,0,0
0x603073,JNZ,1,0,-19,2,0x603070,CMP,1,NonLeaf,rsp(-1) rcx(-1) ,rflags ,CMP,3,OR,9,SUB,7,NOP,7,JMP,2,AND,5,JZ,2,LEA,4,SUB,3,OR,5,1,1,0,0,0,OR,0,0,1,1,0,0,JE,1,0,6303856,6303840,6303861,1,0,1,0,cpp,2.6146143290300536e-11,0.0,0,1,0
0x602fe2,JNZ,1,1,78,2,0x602fdd,CMP,1,NonLeaf,r12(-1) ,rflags ,CMP,5,JZ,2,MOV,8,MOV,11,MOV,7,MOV,11,LEA,4,POP,1,POP,2,POP,2,0,1,0,0,0,CALL,0,1,0,0,0,0,RET,1,0,6303709,6303792,6303716,0,0,1,1,cpp,2.6146143290300536e-11,1.0,1,0,1
0x602fdb,JZ,1,0,9,2,0x602fbe,TEST,1,NonLeaf,r12(-1) r12(-1) ,rflags ,MOV,8,MOV,11,MOV,7,TEST,3,MOV,8,CMP,5,JNZ,2,MOV,11,LEA,4,POP,1,0,1,0,0,0,RET,1,0,1,0,0,0,JNE,0,0,6303678,6303716,6303709,0,0,1,0,cpp,2.6146143290300536e-11,0.0,0,0,0
0x602f53,JZ,1,1,107,2,0x602f50,CMP,1,NonLeaf,rbx(-1) rax(-1) ,rflags ,CMP,3,MOV,5,MOV,7,JBE,6,MOV,7,MOV,3,SUB,3,MOV,3,SHR,4,LEA,8,0,0,1,0,0,JE,1,0,0,0,0,0,JE,0,0,6303568,6303678,6303573,0,0,1,0,cpp,2.6146143290300536e-11,1.0,1,0,1
0x602f0b,JBE,1,1,637,6,0x602f00,CMP,1,NonLeaf,rax(-1) ,rflags ,MOV,7,CMP,4,JBE,6,MOV,7,CMP,4,CMP,4,MOV,7,JBE,6,CMP,4,MOV,7,0,1,0,0,0,JMP,0,0,1,0,0,0,JBE,0,0,6303488,6304136,6303505,0,0,0,1,cpp,2.6146143290300536e-11,1.0,1,0,1
0x602efa,JBE,1,0,702,6,0x602eef,CMP,1,NonLeaf,rax(-1) ,rflags ,MOV,7,CMP,4,JNBE,6,CMP,4,CMOVNBE,4,CMP,4,MOV,7,JBE,6,CMP,4,MOV,7,0,1,0,0,0,JMP,0,0,1,0,0,0,JBE,0,0,6303471,6304184,6303488,0,0,0,1,cpp,2.6146143290300536e-11,0.0,0,0,0
0x602ee9,JNBE,1,0,279,6,0x602ee5,CMP,1,NonLeaf,rbx(-1) ,rflags ,CMP,4,CMOVNBE,4,CMP,3,AND,3,NEG,3,CMP,4,MOV,7,JBE,6,CMP,4,MOV,7,0,1,0,0,0,JNE,0,0,1,0,0,0,JBE,0,0,6303386,6303744,6303471,0,0,0,1,cpp,2.6146143290300536e-11,0.0,0,0,0
0x602e2f,JZ,1,1,107,2,0x602e2c,CMP,1,NonLeaf,rbx(-1) rax(-1) ,rflags ,CMP,3,MOV,5,MOV,7,JBE,6,MOV,7,MOV,3,SUB,3,MOV,3,SHR,4,LEA,8,0,0,1,0,0,JA,1,0,0,0,0,0,JE,0,0,6303276,6303386,6303281,0,0,1,0,cpp,2.6146143290300536e-11,1.0,1,0,1
0x602de7,JBE,1,1,849,6,0x602ddc,CMP,1,NonLeaf,rax(-1) ,rflags ,MOV,7,CMP,4,JBE,6,MOV,7,CMP,4,CMP,4,MOV,7,JBE,6,CMP,4,MOV,7,0,1,0,0,0,JMP,0,0,1,0,0,0,JBE,0,0,6303196,6304056,6303213,0,0,0,1,cpp,2.6146143290300536e-11,1.0,1,0,1
0x602da0,JZ,1,0,1080,6,0x602d6c,TEST,1,NonLeaf,rbx(-1) rbx(-1) ,rflags ,MOV,8,MOV,8,MOV,8,MOV,8,MOV,7,LEA,4,MOV,3,AND,3,SHR,4,NEG,3,0,1,0,0,0,JMP,1,0,1,0,0,0,JA,0,0,6303084,6304216,6303142,0,0,1,0,cpp,2.6146143290300536e-11,0.0,0,0,0
0x602d66,JZ,1,0,1217,6,0x602d5d,TEST,1,NonLeaf,rax(-1) rax(-1) ,rflags ,MOV,3,MOV,3,TEST,3,CALL_NEAR,5,SHL,4,TEST,3,MOV,10,MOV,7,MOV,8,MOV,8,0,1,0,0,0,MOV,1,0,1,0,0,0,JE,0,0,6303069,6304295,6303084,0,0,0,1,cpp,2.6146143290300536e-11,0.0,0,0,0
0x602d1f,JZ,1,0,1315,6,0x602d12,TEST,1,NonLeaf,rax(-1) rax(-1) ,rflags ,MOV,7,MOV,3,TEST,3,CALL_NEAR,5,MOV,7,MOV,7,MOV,10,LEA,8,MOV,3,MUL,3,0,1,0,0,0,JMP,1,0,1,0,0,0,CALL,0,1,6302994,6304322,6303013,0,0,0,1,cpp,2.6146143290300536e-11,0.0,0,0,0
0x6003ef,JZ,1,1,-637,6,0x6003ed,TEST,1,NonLeaf,ecx(MOV) ecx(MOV) ,rflags ,TEST,2,MOV,5,LEA,4,MOV,4,NOP,10,CMP,4,JZ,6,CMP,4,JNZ,6,MOV,5,0,0,0,0,0,JE,0,0,1,0,0,0,JE,0,0,6292448,6291826,6292469,0,0,0,0,cpp,2.6146143290300536e-11,1.0,1,0,1
0x600398,JZ,1,1,303,6,0x600389,CMP,1,NonLeaf,rsp(-1) ,rflags ,MOV,4,MOV,5,CMP,6,MOV,5,JBE,2,MOV,5,MOV,5,MOV,5,ADD,3,ADD,3,0,1,0,0,0,JMP,0,0,1,0,0,0,CALL,0,1,6292361,6292679,6292382,0,1,1,1,cpp,2.6146143290300536e-11,1.0,1,0,1
0x60031c,JZ,1,1,109,2,0x600319,CMP,1,NonLeaf,r8(-1) rsi(-1) ,rflags ,CMP,3,MOV,5,MOV,4,JNZ,6,MOV,4,MOV,3,SUB,3,MOV,3,SHR,4,LEA,8,0,0,1,0,0,JE,0,0,0,0,0,0,JE,0,0,6292249,6292361,6292254,0,0,1,0,cpp,2.6146143290300536e-11,1.0,1,0,1
0x6002e0,JZ,1,1,434,6,0x6002d8,CMP,1,NonLeaf,rsi(-1) ,rflags ,MOV,4,CMP,4,JZ,6,MOV,4,CMP,4,CMP,4,MOV,4,JZ,6,CMP,4,MOV,4,0,1,0,0,0,JMP,0,0,1,0,0,0,JE,0,0,6292184,6292626,6292198,0,0,0,1,cpp,2.6146143290300536e-11,1.0,1,0,1
0x6002d2,JZ,1,0,408,6,0x6002ca,CMP,1,NonLeaf,rsi(-1) ,rflags ,MOV,4,CMP,4,JNBE,6,CMP,4,CMOVNBE,4,CMP,4,MOV,4,JZ,6,CMP,4,MOV,4,0,1,0,0,0,JMP,0,0,1,0,0,0,JE,0,0,6292170,6292586,6292184,0,0,0,1,cpp,2.6146143290300536e-11,0.0,0,0,0
0x6002c4,JNBE,1,0,404,6,0x6002c0,CMP,1,NonLeaf,r8(-1) ,rflags ,CMP,4,CMOVNBE,4,CMP,3,AND,3,NEG,3,CMP,4,MOV,4,JZ,6,CMP,4,MOV,4,0,1,0,0,0,JNE,0,0,1,0,0,0,JE,0,0,6292133,6292568,6292170,0,0,0,1,cpp,2.6146143290300536e-11,0.0,0,0,0
0x60029f,JZ,1,0,234,6,0x60029c,TEST,1,NonLeaf,r8(-1) r8(-1) ,rflags ,TEST,3,ADD,2,SETNZ,3,CMP,4,XOR,2,LEA,4,MOV,3,AND,3,SHR,4,NEG,3,0,1,1,0,0,JE,0,0,1,0,0,0,JA,0,0,6292113,6292361,6292133,0,0,1,0,cpp,2.6146143290300536e-11,0.0,0,0,0
0x600288,JNB,1,0,9,2,0x600275,CMP,1,NonLeaf,rip(JNB) rbx(-1) ,rflags ,MOV,4,MOV,5,MOV,3,CMP,7,CALL_NEAR,5,MOV,7,XOR,2,CMP,4,SETNZ,3,ADD,2,0,1,1,0,0,JE,0,0,1,0,0,0,MOV,0,0,6292085,6292113,6292106,0,0,0,1,cpp,2.6146143290300536e-11,0.0,0,0,0
0x600257,JZ,1,0,637,6,0x600247,TEST,1,NonLeaf,rax(-1) rax(-1) ,rflags ,MOV,5,MOV,5,MOV,3,TEST,3,CALL_NEAR,5,LEA,4,MOV,3,MOV,3,MOV,5,MOV,4,0,1,0,0,0,CALL,1,1,1,0,0,0,CALL,0,1,6292039,6292692,6292061,0,0,1,1,cpp,2.6146143290300536e-11,0.0,0,0,0
0x6001fe,JZ,1,1,562,6,0x6001f8,CMP,1,NonLeaf,rsp(-1) ,rflags ,CMP,6,NOP,3,JMP,5,MOV,4,LEA,4,MOV,5,CALL_NEAR,5,ADD,4,MOV,5,MOV,7,0,1,0,0,0,JMP,0,0,1,0,0,0,CALL,0,1,6291960,6292528,6291972,0,1,1,1,cpp,2.6146143290300536e-11,1.0,1,0,1
0x600194,JNZ,2,2,-12,2,0x600190,CMP,1,NonLeaf,r14(-1) rbx(-1) ,rflags ,CMP,4,JZ,2,TEST,3,MOV,3,NOP,5,MOV,4,MOV,3,MOV,3,CALL_NEAR,5,TEST,2,1,1,0,0,0,JE,0,0,1,0,0,0,CALL,0,1,6291856,6291848,6291862,1,0,0,1,cpp,5.2292286580601066e-11,1.0,1,1,1
0x60018e,JZ,2,1,106,2,0x60018b,TEST,1,NonLeaf,r14(MOV) r14(MOV) ,rflags ,TEST,3,MOV,3,NOP,5,JMP,2,MOV,3,CMP,4,JNZ,2,MOV,4,MOV,3,MOV,3,0,0,0,0,0,JE,1,0,0,0,1,1,JNE,0,0,6291848,6291960,6291856,0,0,0,0,cpp,5.2292286580601066e-11,0.5,0,0,0
0x60017c,JZ,1,0,124,2,0x600179,TEST,1,NonLeaf,r13(MOV) r13(MOV) ,rflags ,TEST,3,MOV,7,MOV,6,JNZ,6,TEST,2,MOV,3,JMP,2,NOP,5,MOV,3,TEST,3,0,1,0,0,0,JE,0,0,1,0,0,0,JMP,0,0,6291826,6291960,6291838,0,0,0,0,cpp,2.6146143290300536e-11,0.0,0,0,0
0x60013f,JNZ,1,1,-23,2,0x60013b,CMP,1,NonLeaf,rax(MOV) ,rflags ,CMP,4,MOV,3,JNZ,6,LEA,4,CMP,6,CMP,4,JNZ,6,MOV,4,TEST,2,JNZ,2,1,1,0,0,0,JNE,0,0,0,0,0,0,JNE,1,0,6291771,6291752,6291777,0,0,0,0,cpp,2.6146143290300536e-11,1.0,1,1,1
0x600132,JNZ,1,1,686,6,0x600128,CMP,1,NonLeaf,r15(-1) rax(-1) ,rflags ,LEA,4,CMP,6,NOP,6,JMP,5,JZ,2,MOV,3,CMP,4,JNZ,2,CMP,4,JNZ,6,0,0,0,0,0,JE,1,0,1,0,0,0,MOV,0,0,6291752,6292448,6291768,0,0,1,0,cpp,2.6146143290300536e-11,1.0,1,0,1
0x60011b,JZ,1,1,32,2,0x600111,CMP,1,NonLeaf,r15(-1) rbx(-1) ,rflags ,LEA,4,CMP,6,JBE,2,CMP,4,JZ,2,JMP,5,NOP,6,CMP,6,LEA,4,JNZ,6,0,1,0,1,0,JNE,0,0,1,0,0,0,JMP,0,0,6291729,6291771,6291741,0,0,0,0,cpp,2.6146143290300536e-11,1.0,1,1,1
0x60010f,JBE,1,0,50,2,0x60010b,CMP,1,NonLeaf,rax(-1) ,rflags ,CMP,4,JZ,2,MOV,3,TEST,3,CALL_NEAR,5,CMP,6,LEA,4,JZ,2,JMP,5,NOP,6,0,1,0,0,0,JNE,0,0,1,0,0,0,JE,0,0,6291723,6291777,6291729,0,1,0,0,cpp,2.6146143290300536e-11,0.0,0,0,0
0x6000f5,JZ,2,1,841,6,0x6000ef,TEST,1,NonLeaf,rax(-1) rax(-1) ,rflags ,MOV,3,TEST,3,CALL_NEAR,5,LEA,5,MOV,5,MOV,3,CALL_NEAR,5,TEST,3,MOV,3,JZ,2,0,1,0,0,0,RET,1,0,1,0,0,0,CALL,0,1,6291695,6292542,6291707,0,0,1,1,cpp,5.2292286580601066e-11,0.5,0,0,0
0x5ffc03,JNBE,809,0,13,2,0x5ffc00,CMP,1,Leaf,rsi(-1) rdx(-1) ,rflags ,CMP,3,XOR,2,MOV,7,JNBE,2,MOV,3,RET_NEAR,2,NOP,9,MOV,7,MOV,7,MOV,5,0,1,0,0,0,RET,0,0,1,0,0,0,REPZ RET,0,0,6290423,6290448,6290437,0,0,1,0,cpp,2.115222992185313e-08,0.0,0,0,0
0x5ffbf5,JNBE,809,0,47,2,0x5ffbec,CMP,1,Leaf,rax(-1) ,rflags ,MOV,3,CMP,6,SYSCALL,2,MOV,2,MOV,3,MOV,7,XOR,2,CMP,3,JNBE,2,RET_NEAR,2,0,1,0,0,0,RET,0,0,1,0,0,0,JA,0,0,6290412,6290468,6290423,0,1,1,1,cpp,2.115222992185313e-08,0.0,0,0,0
0x5ffb52,JNBE,1,1,119,2,0x5ffb49,CMP,1,Leaf,rax(-1) ,rflags ,MOV,3,CMP,6,SYSCALL,2,MOV,2,MOVSXD,3,TEST,2,JNZ,2,MOV,4,MOV,4,MOV,8,0,1,0,0,0,RET,0,0,1,0,0,0,JNE,0,0,6290249,6290377,6290260,0,0,1,0,cpp,2.6146143290300536e-11,1.0,1,0,1
0x5ff89d,JNB,1,0,-167053,6,0x5ff897,CMP,1,Leaf,rax(-1) ,rflags ,CMP,6,SYSCALL,2,MOV,5,INVALID,0,INVALID,0,RET_NEAR,1,INVALID,0,INVALID,0,INVALID,0,INVALID,0,0,-1,-1,-1,-1,RET,-1,0,1,1,0,0,RET,0,0,6289559,6122512,6289571,1,0,1,0,cpp,2.6146143290300536e-11,0.0,0,0,0
0x5f6083,JNZ,1,0,-44,2,0x5f607c,TEST,1,NonLeaf,eax(-1) eax(-1) ,rflags ,MOV,5,TEST,2,CALL_NEAR,5,MOV,5,MOV,3,JMP,5,CALL_NEAR,5,NOP,1,JMP,5,INVALID,0,0,0,0,0,0,JMP,0,0,1,0,0,0,JMP,0,0,6250620,6250583,6250629,0,0,1,0,cpp,2.6146143290300536e-11,0.0,0,0,0
0x5f6055,JNBE,1,1,19,2,0x5f6052,CMP,1,NonLeaf,eax(SUB) ,rflags ,CMP,3,SUB,5,OR,2,AND,5,AND,6,OR,6,JMP,5,NOP,6,MOV,7,MOV,3,0,1,0,0,0,CALL,0,1,1,0,0,0,JMP,0,0,6250544,6250600,6250583,0,0,1,1,cpp,2.6146143290300536e-11,1.0,1,0,1
0x5f5ff3,JZ,3,0,27,2,0x5f5fef,CMP,1,NonLeaf,rax(-1) ,rflags ,CMP,4,CALL_NEAR,5,MOV,5,MOV,5,MOV,6,LEA,4,MOV,3,MOV,5,MOV,3,CALL_NEAR,5,0,1,1,0,0,RET,0,0,1,0,0,0,CALL,0,1,6250479,6250510,6250485,0,0,0,1,cpp,7.843842987090161e-11,0.0,0,0,0
0x5f5fb8,JZ,3,1,120,2,0x5f5fb3,CMP,1,NonLeaf,eax(AND) ,rflags ,CMP,5,AND,5,MOV,4,JS,2,TEST,2,MOV,5,LEA,4,CMP,6,JBE,2,MOV,5,0,1,0,0,0,JA,0,0,1,1,0,0,JBE,0,0,6250410,6250544,6250426,0,0,0,0,cpp,7.843842987090161e-11,0.3333333333333333,0,0,0
0x5f5f73,JS,3,0,88,2,0x5f5f71,TEST,1,NonLeaf,eax(MOV) eax(MOV) ,rflags ,TEST,2,MOV,3,SUB,7,MOV,3,PUSH,1,MOV,7,MOV,5,SUB,6,MOV,3,SUB,7,0,1,0,0,0,MOV,0,0,1,0,0,0,JBE,0,0,6250336,6250443,6250357,0,0,0,0,cpp,7.843842987090161e-11,0.0,0,0,0
0x5f565f,JZ,1749,1749,76,2,0x5f565c,CMP,1,NonLeaf,rsp(-1) rax(MOV) ,rflags ,CMP,3,MOV,3,JMP,5,MOV,7,MOV,7,SUB,7,OR,9,JMP,2,MOV,11,XOR,2,1,1,1,0,0,JMP,1,0,1,0,0,0,JMP,0,0,6248028,6248107,6248033,1,1,1,1,cpp,4.572960461473564e-08,1.0,1,0,1
0x5f3638,JNZ,396,396,-25087,6,0x5f362c,CMP,1,NonLeaf,eax(-1) ,rflags ,MOV,7,MOV,2,CMP,3,CALL_NEAR,5,MOV,7,MOV,7,MOV,3,MOV,7,MOV,7,MOV,7,0,0,0,0,0,JBE,0,0,1,0,0,0,JMP,0,0,6239788,6214713,6239806,0,0,1,1,cpp,1.0353872742959012e-08,1.0,1,0,1
0x5f35a1,JZ,93965,93965,-6557,6,0x5f359e,CMP,1,NonLeaf,rsp(-1) rsi(MOV) ,rflags ,CMP,3,MOV,3,SUB,3,AND,7,MOV,3,SUB,7,OR,9,JMP,2,LEA,5,MOV,5,1,0,1,0,0,JE,1,0,1,0,0,0,JMP,0,0,6239646,6233092,6239655,0,1,0,1,cpp,2.45682235427309e-06,1.0,1,0,1
0x5f3579,JNBE,93965,0,808,6,0x5f356f,CMP,1,NonLeaf,r13(-1) ,rflags ,MOV,3,CMP,7,JS,6,TEST,3,CMOVNB,4,LEA,4,MOV,3,AND,4,LEA,4,MOV,3,0,0,0,0,0,CALL,0,1,0,0,0,0,MOV,0,0,6239599,6240417,6239615,0,0,1,0,cpp,2.45682235427309e-06,0.0,0,0,0
0x5f3569,JS,93965,0,817,6,0x5f3566,TEST,1,NonLeaf,rdx(-1) rdx(-1) ,rflags ,TEST,3,CMOVNB,4,CMP,6,MOV,6,LEA,4,CMP,7,MOV,3,JNBE,6,LEA,4,MOV,3,0,1,0,0,0,MOV,0,0,1,0,0,0,JA,0,0,6239570,6240410,6239599,0,0,0,0,cpp,2.45682235427309e-06,0.0,0,0,0
0x5f2d14,JNZ,12,12,350,6,0x5f2d11,CMP,1,NonLeaf,eax(-1) ,rflags ,CMP,3,CALL_NEAR,5,MOV,3,JMP,2,OR,9,MOV,7,MOV,4,MOV,7,JMP,5,MOV,5,0,1,0,0,0,JMP,0,0,1,0,0,0,JMP,0,0,6237457,6237810,6237466,0,0,0,0,cpp,3.1375371948360645e-10,1.0,1,0,1
0x5f2865,JZ,250007,250007,126,2,0x5f2862,TEST,1,NonLeaf,rsi(MOV) rsi(MOV) ,rflags ,TEST,3,CMOVZ,4,CMP,3,ADD,6,LEA,7,MOV,3,MOV,3,MOV,7,MOV,7,MOV,7,0,1,0,0,0,JMP,0,0,1,0,0,0,CALL,0,1,6236190,6236387,6236263,0,0,1,1,cpp,6.536718845578166e-06,1.0,1,0,1
0x5f27ec,JZ,250007,250007,50,2,0x5f27e9,CMP,1,NonLeaf,rsp(-1) rax(MOV) ,rflags ,CMP,3,MOV,3,JMP,5,MOV,6,MOV,5,SUB,7,OR,9,JMP,2,MOV,3,CMP,3,1,1,1,0,0,JE,1,0,1,0,0,0,JMP,0,0,6236137,6236190,6236142,1,1,1,1,cpp,6.536718845578166e-06,1.0,1,0,1
0x5f277e,JNZ,68,68,-22979,6,0x5f276b,CMP,1,NonLeaf,eax(-1) ,rflags ,MOV,7,MOV,7,MOV,2,CMP,3,CALL_NEAR,5,MOV,7,MOV,5,MOV,6,JMP,5,MOV,3,0,0,0,0,0,ADD,0,0,1,0,0,0,JMP,0,0,6236011,6213051,6236036,0,0,0,1,cpp,1.7779377437404363e-09,1.0,1,0,1
0x5f1c33,JZ,93965,93965,16,2,0x5f1c30,TEST,1,NonLeaf,r14(-1) r14(-1) ,rflags ,TEST,3,CMOVZ,4,CMP,3,LEA,4,AND,4,MOV,3,MOV,3,CALL_NEAR,5,MOV,3,MOV,3,0,1,1,0,0,JMP,0,0,1,0,0,0,CALL,0,1,6233111,6233155,6233141,0,0,0,1,cpp,2.45682235427309e-06,1.0,1,0,1
0x5f1c09,JZ,93965,0,14,2,0x5f1c04,AND,1,NonLeaf,eax(AND) ,eax rflags ,AND,5,JMP,2,OR,9,SUB,7,JZ,2,LEA,4,SUB,3,OR,5,LEA,5,LEA,5,0,1,1,0,0,JE,0,0,1,0,0,0,OR,0,0,6233092,6233111,6233099,0,0,0,1,cpp,2.45682235427309e-06,0.0,0,1,0
0x5f19f7,JZ,552668,552668,314,6,0x5f19f4,TEST,1,NonLeaf,r11(-1) r11(-1) ,rflags ,TEST,3,CMOVZ,4,CMP,3,LEA,4,AND,4,MOV,3,MOV,3,MOV,3,MOV,7,MOV,7,0,1,0,0,0,JMP,0,0,1,0,0,0,CALL,0,1,6232539,6232881,6232573,0,0,0,1,cpp,1.4450136719963817e-05,1.0,1,0,1
0x5f19cd,JZ,552668,0,14,2,0x5f19c8,AND,1,NonLeaf,eax(AND) ,eax rflags ,AND,5,JMP,5,MOV,6,MOV,5,MOV,7,LEA,4,SUB,3,OR,5,LEA,5,LEA,5,0,1,1,0,0,JE,0,0,1,0,0,0,OR,0,0,6232520,6232539,6232527,0,0,0,1,cpp,1.4450136719963817e-05,0.0,0,1,0
0x5f196e,JZ,552668,552668,90,2,0x5f196b,CMP,1,NonLeaf,rsp(-1) rdx(MOV) ,rflags ,CMP,3,MOV,3,SUB,3,AND,7,MOV,3,SUB,7,OR,9,JMP,2,MOV,3,MOV,7,1,1,1,0,0,JE,1,0,1,0,0,0,JMP,0,0,6232427,6232520,6232432,0,1,0,1,cpp,1.4450136719963817e-05,1.0,1,0,1
0x5f1946,JNBE,552668,0,243,6,0x5f193c,CMP,1,NonLeaf,r13(-1) ,rflags ,MOV,3,CMP,7,JS,6,TEST,3,CMOVNB,4,LEA,4,MOV,3,AND,4,LEA,4,MOV,3,0,0,0,0,0,CALL,0,1,0,0,0,0,MOV,0,0,6232380,6232633,6232396,0,0,1,0,cpp,1.4450136719963817e-05,0.0,0,0,0
0x5f1936,JS,552668,0,252,6,0x5f1933,TEST,1,NonLeaf,r8(-1) r8(-1) ,rflags ,TEST,3,CMOVNB,4,CMP,6,MOV,6,LEA,4,CMP,7,MOV,3,JNBE,6,LEA,4,MOV,3,0,1,0,0,0,MOV,0,0,1,0,0,0,JA,0,0,6232351,6232626,6232380,0,0,0,0,cpp,1.4450136719963817e-05,0.0,0,0,0
0x5f1870,JNZ,254,253,-16877,6,0x5f1848,CMP,1,NonLeaf,eax(-1) ,rflags ,MOV,7,MOV,7,MOV,7,MOV,7,MOV,7,MOV,7,MOV,3,MOV,6,JMP,5,MOV,11,0,0,0,0,0,JMP,0,0,1,0,0,0,JMP,0,0,6232136,6215299,6232182,0,0,0,1,cpp,6.6411203957363365e-09,0.9960629921259844,1,0,1
0x5f0694,JZ,4,0,19,2,0x5f0691,CMP,1,NonLeaf,eax(MOV) ,rflags ,CMP,3,MOV,2,MOV,5,JNZ,6,MOV,6,MOV,5,JMP,5,MOV,5,JMP,2,MOV,6,0,1,0,0,0,JNE,1,0,1,0,0,0,JMP,0,0,6227601,6227623,6227606,0,0,0,0,cpp,1.0458457316120216e-10,0.0,0,0,0
0x5f0684,JNZ,229,225,-15898,6,0x5f0666,CMP,1,NonLeaf,eax(-1) ,rflags ,MOV,6,MOV,7,MOV,7,MOV,7,CMP,3,MOV,5,MOV,2,CMP,3,JZ,2,MOV,5,0,0,0,0,0,ADD,0,0,1,0,0,0,MOV,0,0,6227558,6211690,6227594,0,0,0,0,cpp,5.987466813478823e-09,0.982532751091703,1,0,1
0x5f00d4,JZ,382852,0,-786,6,0x5f00b9,CMP,1,NonLeaf,ebx(-1) ,rflags ,MOV,7,MOV,7,MOV,7,MOV,3,CMP,3,MOVZX,3,MOV,3,MOV,7,SUB,4,CALL_NEAR,5,0,0,1,0,0,JNE,0,0,1,0,0,0,CALL,0,1,6226105,6225346,6226138,0,0,0,1,cpp,1.0010103250978142e-05,0.0,0,0,0
0x5efde5,JZ,382852,382852,-2206,6,0x5efde2,TEST,1,NonLeaf,r14d(MOV) r14d(MOV) ,rflags ,TEST,3,MOV,7,JZ,6,TEST,3,JNZ,6,CMP,4,JNZ,6,MOV,5,JMP,5,NOP,1,0,0,0,0,0,JE,0,0,1,0,0,0,JNE,0,0,6225371,6223175,6225387,0,0,0,0,cpp,1.0010103250978142e-05,1.0,1,0,1
0x5efdd5,JZ,382852,0,14921,6,0x5efdd2,TEST,1,NonLeaf,r11(-1) r11(-1) ,rflags ,TEST,3,JNZ,6,TEST,10,MOV,5,MOV,7,MOV,7,TEST,3,JZ,6,CMP,4,JNZ,6,0,1,0,0,0,JMP,1,0,1,0,0,0,JE,0,0,6225362,6240286,6225371,0,0,0,0,cpp,1.0010103250978142e-05,0.0,0,0,0
0x5efdcc,JNZ,382852,0,15228,6,0x5efdc2,TEST,1,NonLeaf,rbp(-1) ,rflags ,TEST,10,MOV,5,MOV,7,MOV,7,MOV,7,TEST,3,JZ,6,MOV,7,TEST,3,JZ,6,0,1,0,0,0,JNE,0,0,1,0,0,0,JE,0,0,6225346,6240584,6225362,0,0,0,0,cpp,1.0010103250978142e-05,0.0,0,0,0
0x5efa22,JNZ,8,8,-73,2,0x5efa1a,CMP,1,NonLeaf,rbp(-1) ,rflags ,CMP,8,MOV,7,MOV,3,MOV,6,ADD,3,MOV,5,JMP,5,NOP,2,MOV,7,MOV,3,0,0,0,0,0,JMP,0,0,1,0,0,0,JMP,1,0,6224410,6224345,6224420,0,0,0,0,cpp,2.091691463224043e-10,1.0,1,1,1
0x5ef9f8,JNB,8,0,3438,6,0x5ef9f5,CMP,1,NonLeaf,ecx(MOV) ,rflags ,CMP,3,MOV,6,JNZ,6,TEST,2,MOV,6,MOV,2,ADD,7,ADD,3,MOV,6,MOV,3,0,1,0,0,0,JMP,0,0,1,0,0,0,MOV,0,0,6224367,6227814,6224382,0,1,1,1,cpp,2.091691463224043e-10,0.0,0,0,0
0x5ef9e9,JNZ,8,0,10621,6,0x5ef9e7,TEST,1,NonLeaf,esi(MOV) esi(MOV) ,rflags ,TEST,2,MOV,6,JMP,5,XOR,3,JZ,6,MOV,6,CMP,3,JNB,6,MOV,2,ADD,7,0,1,0,0,0,MOV,0,0,1,0,0,0,JAE,0,0,6224353,6234982,6224367,0,0,1,0,cpp,2.091691463224043e-10,0.0,0,0,0
0x5ef97f,JNZ,4,4,-6249,6,0x5ef977,CMP,1,NonLeaf,rbp(-1) ,rflags ,CMP,8,MOV,7,MOV,3,MOV,6,ADD,3,MOV,5,JMP,5,NOP,1,MOV,7,TEST,3,0,0,0,0,0,JE,0,0,1,0,0,0,JMP,1,0,6224247,6218006,6224261,0,0,0,0,cpp,1.0458457316120216e-10,1.0,1,1,1
0x5ef955,JNB,4,4,2297,6,0x5ef952,CMP,1,NonLeaf,edx(MOV) ,rflags ,CMP,3,MOV,6,JNZ,6,TEST,2,MOV,6,MOV,2,ADD,7,ADD,3,MOV,6,MOV,3,0,1,0,0,0,JMP,0,0,1,0,0,0,MOV,0,0,6224204,6226510,6224219,0,1,1,1,cpp,1.0458457316120216e-10,1.0,1,0,1
0x5ef946,JNZ,4,0,12841,6,0x5ef944,TEST,1,NonLeaf,esi(MOV) esi(MOV) ,rflags ,TEST,2,MOV,6,JMP,5,XOR,3,MOV,4,MOV,6,CMP,3,JNB,6,MOV,2,ADD,7,0,1,0,0,0,MOV,0,0,1,0,0,0,JAE,0,0,6224190,6237039,6224204,0,0,1,0,cpp,1.0458457316120216e-10,0.0,0,0,0
0x5ef5d4,JNB,382852,4,3018,6,0x5ef5d1,CMP,1,NonLeaf,ecx(MOV) ,rflags ,CMP,3,MOV,6,JNZ,6,TEST,3,MOV,7,MOV,2,ADD,7,ADD,3,MOV,6,MOV,3,0,1,0,0,0,JMP,0,0,1,0,0,0,MOV,0,0,6223307,6226334,6223322,0,1,1,1,cpp,1.0010103250978142e-05,1.0447901538975895e-05,0,0,0
0x5ef5c5,JNZ,382852,0,22534,6,0x5ef5c2,TEST,1,NonLeaf,r11d(MOV) r11d(MOV) ,rflags ,TEST,3,MOV,7,JZ,6,CMP,7,MOV,7,MOV,6,CMP,3,JNB,6,MOV,2,ADD,7,0,1,0,0,0,MOV,0,0,1,0,0,0,JAE,0,0,6223291,6245835,6223307,0,0,1,0,cpp,1.0010103250978142e-05,0.0,0,0,0
0x5ef5b5,JZ,382852,0,22051,6,0x5ef5ae,CMP,1,NonLeaf,rdx(MOV) rbp(-1) ,rflags ,CMP,7,MOV,7,JNZ,6,AND,4,CALL_NEAR,5,MOV,7,TEST,3,JNZ,6,MOV,6,CMP,3,0,0,0,0,0,JMP,1,0,1,0,0,0,JNE,0,0,6223271,6245336,6223291,0,0,0,0,cpp,1.0010103250978142e-05,0.0,0,0,0
0x5ef5a1,JNZ,382852,0,147,6,0x5ef59d,AND,1,NonLeaf,r14d(AND) ,r14d rflags ,AND,4,CALL_NEAR,5,JZ,6,MOV,7,TEST,7,MOV,7,CMP,7,JZ,6,MOV,7,TEST,3,0,0,0,0,0,JNE,0,0,1,0,0,0,JE,0,0,6223261,6223412,6223271,0,0,0,0,cpp,1.0010103250978142e-05,0.0,0,0,0
0x5ef592,JZ,382852,0,142,6,0x5ef584,TEST,1,NonLeaf,rbp(-1) ,rflags ,MOV,7,TEST,7,JNZ,6,TEST,7,AND,6,CALL_NEAR,5,AND,4,JNZ,6,MOV,7,CMP,7,0,1,0,0,0,CALL,0,1,1,0,0,0,CALL,0,1,6223236,6223392,6223256,0,0,1,1,cpp,1.0010103250978142e-05,0.0,0,0,0
0x5ef57e,JNZ,382852,0,210,6,0x5ef577,TEST,1,NonLeaf,rbp(-1) ,rflags ,TEST,7,AND,6,MOV,5,MOV,3,LEA,7,TEST,7,MOV,7,JZ,6,CALL_NEAR,5,AND,4,0,1,0,0,0,CALL,0,1,1,0,0,0,JE,0,0,6223188,6223440,6223236,0,0,1,0,cpp,1.0010103250978142e-05,0.0,0,0,0
0x5ef54e,JZ,382852,0,22792,6,0x5ef547,CMP,1,NonLeaf,rbp(-1) r11(-1) ,rflags ,CMP,7,MOV,3,MOV,6,MOV,7,JZ,6,MOV,7,MOV,7,LEA,7,MOV,3,MOV,5,0,1,0,0,0,JS,0,0,1,0,0,0,JNE,0,0,6223175,6245974,6223188,0,0,0,1,cpp,1.0010103250978142e-05,0.0,0,0,0
0x5ef32e,JNB,1546084,553344,2183,6,0x5ef32b,CMP,1,NonLeaf,ecx(MOV) ,rflags ,CMP,3,MOV,6,JNZ,6,TEST,2,MOV,6,MOV,2,ADD,7,ADD,3,MOV,6,MOV,3,0,1,0,0,0,JMP,0,0,1,0,0,0,MOV,0,0,6222629,6224821,6222644,0,1,1,1,cpp,4.042413380284102e-05,0.3579003469410459,0,0,0
0x5ef20a,JZ,1546084,1546084,283,6,0x5ef207,TEST,1,NonLeaf,r8d(MOV) r8d(MOV) ,rflags ,TEST,3,MOV,7,JNZ,6,TEST,10,NOP,5,MOV,7,MOV,3,MOV,7,MOV,4,MOV,7,0,0,0,0,0,JAE,0,0,1,0,0,0,MOV,0,0,6222336,6222629,6222352,0,0,0,1,cpp,4.042413380284102e-05,1.0,1,0,1
0x5ef1fa,JNZ,1546084,0,1504,6,0x5ef1f0,TEST,1,NonLeaf,rbp(-1) ,rflags ,TEST,10,NOP,5,JMP,5,MOV,5,JNZ,6,MOV,7,TEST,3,JZ,6,MOV,7,MOV,3,0,1,0,0,0,JE,0,0,1,0,0,0,JE,0,0,6222320,6223834,6222336,0,0,0,0,cpp,4.042413380284102e-05,0.0,0,0,0
0x5ef003,JZ,1827,0,16656,6,0x5ef000,CMP,1,NonLeaf,rdx(-1) r12(-1) ,rflags ,CMP,3,JMP,5,MOV,3,MOV,4,MOV,7,MOVZX,7,MOV,7,MOV,7,MOV,4,ADD,4,0,1,0,0,0,JS,0,0,1,0,0,0,JMP,0,0,6221824,6238483,6221833,0,1,0,1,cpp,4.776900379137909e-08,0.0,0,0,0
0x5eefc4,JZ,1827,0,16815,6,0x5eefc1,CMP,1,NonLeaf,rdx(-1) r12(-1) ,rflags ,CMP,3,JNZ,6,CMP,3,JZ,2,CMP,3,MOV,4,MOV,7,ADD,4,JMP,5,MOV,7,0,1,0,0,0,JS,0,0,1,0,0,0,JMP,0,0,6221761,6238579,6221770,0,1,0,1,cpp,4.776900379137909e-08,0.0,0,0,0
0x5eefbb,JNZ,30,0,-6974,6,0x5eefb8,CMP,1,NonLeaf,ebx(-1) ,rflags ,CMP,3,JZ,2,CMP,3,JMP,5,MOV,6,CMP,3,JZ,6,MOV,4,MOV,7,ADD,4,0,0,0,0,0,JNE,0,0,0,0,0,0,JE,0,0,6221752,6214781,6221761,0,0,0,0,cpp,7.843842987090161e-10,0.0,0,0,0
0x5eefb6,JZ,1827,1797,11,2,0x5eefb3,CMP,1,NonLeaf,ebx(-1) ,rflags ,CMP,3,JMP,5,MOV,6,MOV,5,MOV,2,CMP,3,JNZ,6,CMP,3,JZ,6,MOV,4,0,1,0,0,0,JE,0,0,1,0,0,0,JNE,0,0,6221747,6221761,6221752,0,0,0,0,cpp,4.776900379137909e-08,0.9835796387520526,1,0,1
0x5eee52,JZ,8,8,166,6,0x5eee48,TEST,1,NonLeaf,r12d(-1) r12d(-1) ,rflags ,MOV,3,LEA,4,TEST,3,NOP,4,JMP,5,MOV,7,MOV,7,MOV,3,LEA,4,MOV,3,0,1,0,0,0,JMP,0,0,1,0,0,0,JNE,0,0,6221384,6221560,6221400,0,0,0,0,cpp,2.091691463224043e-10,1.0,1,0,1
0x5eedea,JZ,8,8,54,2,0x5eedd2,TEST,1,NonLeaf,rbp(-1) ,rflags ,MOV,3,LEA,4,MOV,7,TEST,10,JNZ,6,MOV,7,MOV,3,MOV,3,SUB,3,CMP,7,0,1,1,0,0,JMP,0,0,1,0,0,0,JE,0,0,6221266,6221344,6221292,0,0,1,0,cpp,2.091691463224043e-10,1.0,1,0,1
0x5eedcc,JNZ,8,0,3313,6,0x5eedc9,TEST,1,NonLeaf,r14d(-1) r14d(-1) ,rflags ,TEST,3,JZ,6,CMP,3,MOV,7,CALL_NEAR,5,TEST,10,MOV,7,LEA,4,MOV,3,JZ,2,0,1,0,0,0,JMP,0,0,1,0,0,0,JE,0,0,6221257,6224573,6221266,0,0,0,1,cpp,2.091691463224043e-10,0.0,0,0,0
0x5eedc3,JZ,8,0,16238,6,0x5eedc0,CMP,1,NonLeaf,r12(-1) rdx(MOV) ,rflags ,CMP,3,MOV,7,CALL_NEAR,5,MOV,7,MOV,3,TEST,3,JNZ,6,TEST,10,MOV,7,LEA,4,0,1,0,0,0,JMP,1,0,1,0,0,0,JNE,0,0,6221248,6237489,6221257,0,0,0,0,cpp,2.091691463224043e-10,0.0,0,0,0
0x5eed8a,JNZ,8,0,-79,2,0x5eed87,CMP,1,NonLeaf,rdi(MOV) rax(MOVSXD) cl(MOVZX) ,rflags ,CMP,3,ADD,4,MOVZX,7,MOVSXD,3,MOV,7,MOV,7,MOV,3,MOV,7,MOV,3,MOV,3,0,0,0,1,1,JE,0,0,1,0,0,0,MOV,1,0,6221170,6221115,6221196,0,0,0,1,cpp,2.091691463224043e-10,0.0,0,1,0
0x5eed60,JNB,8,0,24207,6,0x5eed5c,CMP,1,NonLeaf,rax(MOV) r15(-1) ,rflags ,CMP,4,MOV,4,JLE,6,TEST,2,MOV,6,LEA,4,MOV,4,MOVZX,4,MOV,7,MOVSXD,3,0,1,0,0,0,CALL,0,1,1,0,0,0,MOVZX,0,0,6221144,6245359,6221158,0,0,1,1,cpp,2.091691463224043e-10,0.0,0,0,0
0x5eed52,JLE,8,0,24300,6,0x5eed50,TEST,1,NonLeaf,edx(MOV) edx(MOV) ,rflags ,TEST,2,MOV,6,SUB,7,JZ,6,TEST,2,MOV,4,CMP,4,JNB,6,LEA,4,MOV,4,0,1,0,0,0,JMP,1,0,1,0,0,0,JAE,0,0,6221123,6245438,6221144,0,0,1,0,cpp,2.091691463224043e-10,0.0,0,0,0
0x5eed3d,JZ,8,8,267,6,0x5eed3b,TEST,1,NonLeaf,ebx(MOV) ebx(MOV) ,rflags ,TEST,2,MOV,3,MOV,3,MOV,3,MOV,3,SUB,7,MOV,6,TEST,2,JLE,6,MOV,4,1,1,0,0,0,JE,0,0,1,0,0,0,JLE,0,0,6221115,6221384,6221123,0,0,1,1,cpp,2.091691463224043e-10,1.0,1,0,1
0x5eed0d,JZ,8,0,150,6,0x5eed09,CMP,1,NonLeaf,rdi(MOV) rax(MOVSXD) sil(MOVZX) ,rflags ,CMP,4,LEA,5,MOVZX,7,MOVSXD,3,MOV,7,MOV,7,MOV,7,MOV,7,AND,7,MOV,3,0,1,0,0,0,CALL,0,1,1,0,0,0,MOV,0,0,6221043,6221219,6221075,0,0,1,1,cpp,2.091691463224043e-10,0.0,0,0,0
0x5eece2,JNB,8,0,16760,6,0x5eecde,CMP,1,NonLeaf,rax(MOV) r15(-1) ,rflags ,CMP,4,MOV,4,JZ,6,CMP,3,JMP,5,LEA,4,MOV,4,MOVZX,3,MOV,7,MOVSXD,3,0,1,0,0,0,CALL,0,1,1,0,0,0,MOVZX,0,0,6221018,6237786,6221032,0,0,1,1,cpp,2.091691463224043e-10,0.0,0,0,0
0x5eecd4,JZ,8,0,4172,6,0x5eecd1,CMP,1,NonLeaf,ebx(-1) ,rflags ,CMP,3,JMP,5,MOV,5,JMP,5,ADD,8,MOV,4,CMP,4,JNB,6,LEA,4,MOV,4,0,1,0,0,0,MOV,1,0,1,0,0,0,JAE,0,0,6221009,6225184,6221018,0,0,1,0,cpp,2.091691463224043e-10,0.0,0,0,0
0x5eea4a,JZ,8,8,647,6,0x5eea40,TEST,1,NonLeaf,r13d(-1) r13d(-1) ,rflags ,MOV,7,TEST,3,JMP,5,MOV,3,JMP,5,CMP,3,JZ,6,MOV,4,CMP,4,JNB,6,0,1,0,0,0,JE,0,0,1,0,0,0,JE,0,0,6220352,6221009,6220368,0,0,0,0,cpp,2.091691463224043e-10,1.0,1,0,1
0x5ee98d,JNZ,1171160,1171160,-6915,6,0x5ee98b,CMP,1,NonLeaf,al(-1) ,rflags ,CMP,2,JZ,2,CMP,2,MOVZX,3,MOV,7,CMP,3,MOV,3,JZ,6,MOVZX,4,MOV,3,0,0,0,0,0,JE,0,0,0,0,0,0,JE,1,0,6220171,6213258,6220179,0,0,0,0,cpp,3.062131717586838e-05,1.0,1,1,1
0x5ee989,JZ,1171160,0,10,2,0x5ee987,CMP,1,NonLeaf,al(MOVZX) ,rflags ,CMP,2,MOVZX,3,MOV,7,JMP,5,MOV,5,CMP,2,JNZ,6,CMP,3,MOV,3,JZ,6,0,0,0,0,0,JE,1,0,1,0,0,0,JNE,0,0,6220157,6220179,6220171,0,0,0,0,cpp,3.062131717586838e-05,0.0,0,0,0
0x5ee85a,JZ,382852,382852,-334,6,0x5ee857,TEST,1,NonLeaf,r10d(MOV) r10d(MOV) ,rflags ,TEST,3,MOV,7,JMP,2,OR,9,SUB,7,CMP,7,JNZ,6,MOV,7,SUB,3,TEST,3,0,0,0,0,0,MOV,0,0,1,0,0,0,JNE,0,0,6219856,6219532,6219872,0,0,0,0,cpp,1.0010103250978142e-05,1.0,1,0,1
0x5ee716,JZ,382852,382852,6563,6,0x5ee713,TEST,1,NonLeaf,rax(MOV) rax(MOV) ,rflags ,TEST,3,MOV,7,JNZ,6,TEST,2,MOV,7,MOVZX,3,TEST,2,JNZ,6,MOV,7,CMP,3,0,0,0,0,0,JE,0,0,1,0,0,0,MOVZX,0,0,6219539,6226105,6219548,0,1,1,0,cpp,1.0010103250978142e-05,1.0,1,0,1
0x5ee6a5,JZ,380421,380421,-4552,6,0x5ee69d,CMP,1,NonLeaf,rax(MOV) ,rflags ,LEA,4,CMP,4,MOV,7,JNZ,6,CMP,2,MOV,7,MOV,4,CMP,4,JNB,6,LEA,4,0,0,0,0,0,JE,0,0,1,0,0,0,MOV,0,0,6219414,6214877,6219435,0,0,0,0,cpp,9.94654197663942e-06,1.0,1,0,1
0x5ee690,JNZ,382852,2431,6801,6,0x5ee68e,CMP,1,NonLeaf,ebx(-1) esi(MOVZX) ,rflags ,CMP,2,MOVZX,3,MOVZX,3,MOV,7,JMP,5,MOV,7,CMP,4,LEA,4,JZ,6,MOV,7,0,1,0,0,0,JMP,0,0,1,0,0,0,JE,0,0,6219393,6226209,6219414,0,0,0,0,cpp,1.0010103250978142e-05,0.0063497121603126,0,0,0
0x5ee4c9,JNZ,97979,97979,-4385,6,0x5ee4c5,CMP,1,NonLeaf,rax(MOV) rdx(MOVZX) ,rflags ,CMP,4,MOV,4,MOV,7,MOV,6,MOVZX,3,CMP,8,JZ,6,MOV,7,AND,10,OR,10,0,0,1,0,0,JA,0,0,1,0,0,0,JE,0,0,6218922,6214568,6218959,0,0,1,0,cpp,2.561772973440356e-06,1.0,1,0,1
0x5ee4a4,JZ,97979,0,5864,6,0x5ee49e,SUB,1,NonLeaf,rbp(-1) eax(SETNLE) ,rflags ,SUB,6,SETNLE,3,TEST,2,XOR,2,MOV,6,MOV,7,MOVZX,3,MOV,6,MOV,7,MOV,4,0,1,0,0,0,JMP,0,0,1,0,0,0,JNE,0,0,6218897,6224780,6218922,0,0,1,1,cpp,2.561772973440356e-06,0.0,0,0,0
0x5ee47c,JNB,97979,10,28973,6,0x5ee478,CMP,1,NonLeaf,rax(MOV) r15(-1) ,rflags ,CMP,4,MOV,4,MOV,3,MOV,7,JZ,6,LEA,4,MOV,4,MOVZX,3,ADD,4,MOV,6,0,1,0,0,0,CALL,0,1,1,0,0,0,MOVZX,0,0,6218858,6247849,6218882,0,0,1,1,cpp,2.561772973440356e-06,0.0001020626869022,0,0,0
0x5ee464,JZ,97979,1749,29173,6,0x5ee45c,CMP,1,NonLeaf,rbp(-1) ,rflags ,CMP,8,JMP,5,MOV,5,MOV,6,MOV,7,MOV,7,MOV,3,MOV,4,CMP,4,JNB,6,0,1,0,0,0,MOV,0,0,1,1,0,0,JAE,0,0,6218844,6248025,6218858,0,0,0,1,cpp,2.561772973440356e-06,0.0178507639392114,0,0,0
0x5ee119,JZ,4,4,7231,6,0x5ee116,CMP,1,NonLeaf,ebx(-1) ,rflags ,CMP,3,MOV,5,MOV,3,MOV,11,MOV,7,MOV,4,CMP,4,JNB,6,LEA,4,MOV,4,0,1,0,0,0,MOV,1,0,1,0,0,0,JAE,0,0,6218006,6225240,6218015,0,0,1,0,cpp,1.0458457316120216e-10,1.0,1,0,1
0x5ee05b,JNZ,4,0,187,6,0x5ee057,AND,1,NonLeaf,r14d(AND) ,r14d rflags ,AND,4,MOV,7,JMP,2,JNBE,2,CMP,2,TEST,10,JZ,6,MOV,6,TEST,2,JNZ,6,0,1,0,0,0,JE,0,0,1,0,0,0,JE,0,0,6217808,6218006,6217825,0,0,0,0,cpp,1.0458457316120216e-10,0.0,0,0,0
0x5ee01e,JNZ,24,24,-30,2,0x5ee01c,CMP,1,NonLeaf,al(-1) ,rflags ,CMP,2,JZ,6,CMP,2,JZ,6,TEST,2,MOVZX,3,TEST,3,JZ,2,CMP,4,JZ,2,0,1,0,0,0,MOV,0,0,1,0,0,0,JE,0,0,6217756,6217728,6217760,0,0,1,0,cpp,6.275074389672128e-10,1.0,1,0,1
0x5ee016,JZ,32,8,2602,6,0x5ee014,CMP,1,NonLeaf,al(-1) ,rflags ,CMP,2,JZ,6,TEST,2,MOVZX,4,ADD,4,CMP,2,JNZ,2,MOVZX,3,TEST,3,JZ,2,0,1,0,0,0,JE,1,0,1,0,0,0,JNE,0,0,6217748,6220352,6217756,0,0,1,0,cpp,8.366765852896172e-10,0.25,0,0,0
0x5ee00e,JZ,32,0,3257,6,0x5ee00c,TEST,1,NonLeaf,al(MOVZX) al(MOVZX) ,rflags ,TEST,2,MOVZX,4,ADD,4,MOV,4,NOP,3,CMP,2,JZ,6,CMP,2,JNZ,2,MOVZX,3,1,1,0,0,0,JMP,1,0,1,0,0,0,JE,0,0,6217732,6220999,6217748,0,0,0,0,cpp,8.366765852896172e-10,0.0,0,0,0
0x5edfe7,JZ,8,0,4087,6,0x5edfe5,CMP,1,NonLeaf,al(-1) ,rflags ,CMP,2,JZ,6,CMP,2,MOVZX,3,MOV,7,MOV,7,MOV,7,JMP,2,NOP,3,MOV,4,0,0,0,0,0,JMP,0,0,1,0,0,0,JMP,0,0,6217701,6221790,6217709,0,0,1,0,cpp,2.091691463224043e-10,0.0,0,0,0
0x5edfdf,JZ,8,0,4095,6,0x5edfdd,CMP,1,NonLeaf,al(MOVZX) ,rflags ,CMP,2,MOVZX,3,MOV,7,STOSQ,3,MOV,5,CMP,2,JZ,6,MOV,7,MOV,7,JMP,2,0,1,0,0,0,JMP,0,0,1,0,0,0,JE,0,0,6217683,6221790,6217701,0,0,1,0,cpp,2.091691463224043e-10,0.0,0,0,0
0x5edfbc,JBE,8,0,5195,6,0x5edfab,CMP,1,NonLeaf,rbp(-1) ,rflags ,MOV,6,CMP,11,CMOVNS,3,TEST,2,MOV,5,MOV,7,XOR,2,MOV,5,STOSQ,3,MOV,7,0,1,0,0,0,JMP,0,0,1,1,0,0,MOV,0,0,6217627,6222855,6217666,0,0,0,0,cpp,2.091691463224043e-10,0.0,0,0,0
0x5edf95,JZ,8,0,5748,6,0x5edf8a,CMP,1,NonLeaf,rdx(-1) ,rflags ,MOV,7,CMP,4,MOV,11,MOV,5,MOV,3,MOV,6,MOV,5,TEST,2,CMOVNS,3,CMP,11,0,1,0,0,0,JMP,0,0,1,1,0,0,JBE,0,0,6217610,6223369,6217627,0,0,1,1,cpp,2.091691463224043e-10,0.0,0,0,0
0x5edec9,JZ,8,8,6936,6,0x5edebf,TEST,1,NonLeaf,rbp(-1) ,rflags ,TEST,10,JNZ,6,AND,4,JMP,5,MOV,3,MOV,6,TEST,2,JNZ,6,MOV,6,CMP,3,0,1,0,0,0,JNE,0,0,1,0,0,0,JNE,0,0,6217407,6224353,6217423,0,0,0,0,cpp,2.091691463224043e-10,1.0,1,0,1
0x5edeb9,JNZ,8,0,209,6,0x5edeb5,AND,1,NonLeaf,r14d(AND) ,r14d rflags ,AND,4,JMP,5,MOV,3,MOV,6,ADD,3,TEST,10,JZ,6,MOV,6,TEST,2,JNZ,6,0,0,0,0,0,JE,0,0,1,0,0,0,JE,0,0,6217397,6217610,6217407,0,0,1,0,cpp,2.091691463224043e-10,0.0,0,0,0
0x5ede1d,JZ,1546084,1546084,5075,6,0x5ede16,TEST,1,NonLeaf,rbp(-1) ,rflags ,TEST,7,JMP,2,MOV,6,ADD,4,MOVZX,3,MOV,7,TEST,3,JZ,6,MOV,7,MOV,3,0,1,0,0,0,JNE,0,0,1,0,0,0,JE,0,0,6217238,6222320,6217251,0,0,0,0,cpp,4.042413380284102e-05,1.0,1,0,1
0x5ed6a7,JZ,1546083,1546083,-2117,6,0x5ed6a4,TEST,1,NonLeaf,r12d(MOV) r12d(MOV) ,rflags ,TEST,3,MOV,7,JNZ,6,CMP,7,NOP,4,MOV,7,TEST,3,MOV,6,CMOVNLE,4,MOVZX,5,0,0,0,0,0,MOV,1,0,1,0,0,0,JNE,0,0,6215325,6213218,6215341,0,0,1,0,cpp,4.042410765669772e-05,1.0,1,0,1
0x5ed697,JNZ,1546083,0,-2101,6,0x5ed690,CMP,1,NonLeaf,rbp(-1) ,rflags ,CMP,7,NOP,4,JMP,5,ADD,4,MOVZX,3,MOV,7,TEST,3,JZ,6,MOV,7,TEST,3,0,0,0,0,0,MOV,1,0,1,0,0,0,JE,0,0,6215312,6213218,6215325,0,0,1,0,cpp,4.042410765669772e-05,0.0,0,0,0
0x5ed672,JNB,2040865,254,16811,6,0x5ed66e,CMP,1,NonLeaf,rax(MOV) r15(-1) ,rflags ,CMP,4,MOV,4,JZ,6,CMP,3,SUB,3,LEA,4,MOV,4,MOVZX,3,ADD,4,JMP,5,0,1,0,0,0,CALL,0,1,1,0,0,0,MOVZX,0,0,6215274,6232093,6215288,0,0,1,1,cpp,5.336074872615921e-05,0.0001244570316997,0,0,0
0x5ed664,JZ,2040865,0,588,6,0x5ed661,CMP,1,NonLeaf,ebx(-1) ,rflags ,CMP,3,SUB,3,MOV,4,SETNLE,3,LEA,5,MOV,4,CMP,4,JNB,6,LEA,4,MOV,4,0,1,0,0,0,JMP,0,0,1,0,0,0,JAE,0,0,6215245,6215856,6215274,0,0,1,0,cpp,5.336074872615921e-05,0.0,0,0,0
0x5ed559,JLE,380421,380421,9,2,0x5ed556,TEST,1,NonLeaf,r11d(MOV) r11d(MOV) ,rflags ,TEST,3,MOV,7,MOV,3,MOV,7,MOV,7,MOV,7,MOV,7,JMP,5,CMP,3,JZ,6,0,1,1,0,0,JMP,0,0,1,0,0,0,MOV,0,0,6214991,6215010,6215003,0,0,1,1,cpp,9.94654197663942e-06,1.0,1,0,1
0x5ed530,JNZ,380421,0,-32,2,0x5ed52c,CMP,1,NonLeaf,r14(ADD) ,rflags ,CMP,4,MOV,4,ADD,4,ADD,4,MOVZX,4,MOV,3,MOV,6,MOV,3,MOV,7,MOV,7,0,1,0,0,0,MOV,0,0,1,0,0,0,MOV,1,0,6214940,6214928,6214962,0,0,0,0,cpp,9.94654197663942e-06,0.0,0,0,0
0x5ed516,JZ,380421,0,24739,6,0x5ed513,CMP,1,NonLeaf,r13(-1) r15(-1) ,rflags ,CMP,3,MOV,3,NOP,2,JMP,2,MOV,3,MOVZX,4,ADD,4,ADD,4,MOV,4,CMP,4,1,1,0,0,0,JS,0,0,1,0,0,0,JNE,0,0,6214931,6239673,6214940,0,1,0,1,cpp,9.94654197663942e-06,0.0,0,0,0
0x5ed4e7,JZ,380421,0,104,2,0x5ed4e4,CMP,1,NonLeaf,rax(MOV) ,rflags ,CMP,3,MOV,7,JNZ,6,TEST,2,MOVZX,5,MOV,3,MOV,7,MOV,6,MOV,3,MOV,7,0,1,0,0,0,JLE,0,0,1,0,0,0,JMP,0,0,6214877,6214991,6214889,0,0,0,1,cpp,9.94654197663942e-06,0.0,0,0,0
0x5ed4d7,JNZ,382852,382852,4985,6,0x5ed4d5,TEST,1,NonLeaf,al(-1) al(-1) ,rflags ,TEST,2,MOVZX,5,MOV,7,JZ,6,CMP,7,MOV,7,CMP,3,JZ,2,MOV,3,MOV,7,0,1,0,0,0,JE,0,0,0,0,0,0,JE,0,0,6214869,6219856,6214877,0,0,0,0,cpp,1.0010103250978142e-05,1.0,1,0,1
0x5ed4a4,JZ,763273,1827,7004,6,0x5ed4a0,CMP,1,NonLeaf,dil(MOVZX) rax(MOV) rsi(MOVZX) ,rflags ,CMP,4,MOV,4,MOVZX,7,MOVZX,3,MOV,7,MOV,6,MOV,6,TEST,2,CMOVNLE,4,CMP,7,0,1,0,0,0,JE,0,0,0,0,0,0,JE,0,0,6214795,6221824,6214826,0,0,0,0,cpp,1.995664522761756e-05,0.0023936389732114,0,0,0
0x5ed489,JZ,763273,0,33,2,0x5ed486,TEST,1,NonLeaf,r12(-1) r12(-1) ,rflags ,TEST,3,JNZ,2,CMP,7,JZ,6,CMP,5,MOV,7,MOVZX,3,MOVZX,7,MOV,4,CMP,4,0,0,0,0,0,JE,0,0,1,0,0,0,JE,0,0,6214790,6214826,6214795,0,0,0,0,cpp,1.995664522761756e-05,0.0,0,0,0
0x5ed484,JNZ,765100,1827,38,2,0x5ed47d,CMP,1,NonLeaf,rbp(-1) ,rflags ,CMP,7,JZ,6,CMP,5,MOVZX,7,JZ,6,TEST,3,JZ,2,MOV,7,MOVZX,3,MOVZX,7,0,1,0,0,0,JE,0,0,1,0,0,0,JE,0,0,6214781,6214826,6214790,0,0,0,0,cpp,2.000441423140894e-05,0.002387923147301,0,0,0
0x5ed477,JZ,3654,1827,6972,6,0x5ed472,CMP,1,NonLeaf,r14(-1) r12(-1) al(MOVZX) ,rflags ,CMP,5,MOVZX,7,JZ,6,CMP,7,JBE,2,CMP,7,JNZ,2,TEST,3,JZ,2,MOV,7,0,1,0,0,0,JE,0,0,0,0,0,0,JNE,0,0,6214763,6221747,6214781,0,0,0,0,cpp,9.553800758275817e-08,0.5,0,0,0
0x5ed465,JZ,766927,763273,4946,6,0x5ed45e,CMP,1,NonLeaf,rbp(-1) ,rflags ,CMP,7,JBE,2,CMP,3,LEA,3,SUB,6,MOVZX,7,CMP,5,JZ,6,CMP,7,JNZ,2,0,1,0,0,0,JE,0,0,1,0,0,0,JE,0,0,6214750,6219703,6214763,0,0,0,0,cpp,2.005218323520032e-05,0.9952355308914668,1,0,1
0x5ed45c,JBE,3173477,2504529,-102,2,0x5ed459,CMP,1,NonLeaf,eax(LEA) ,rflags ,CMP,3,LEA,3,SUB,6,SETNLE,3,TEST,3,CMP,7,JZ,6,MOVZX,7,CMP,5,JZ,6,0,0,0,0,0,JE,0,0,0,0,0,0,JE,0,0,6214713,6214646,6214750,0,0,0,0,cpp,8.297418437047308e-05,0.7892066020960605,1,1,1
0x5ed428,JNB,3173477,396,25077,6,0x5ed424,CMP,1,NonLeaf,rax(MOV) r15(-1) ,rflags ,CMP,4,MOV,4,JZ,6,CMP,3,JZ,6,LEA,4,MOV,4,MOVZX,3,MOV,7,XOR,2,0,1,0,0,0,CALL,0,1,1,0,0,0,MOVZX,0,0,6214688,6239773,6214702,0,0,1,1,cpp,8.297418437047308e-05,0.0001247842665946,0,0,0
0x5ed41a,JZ,3173477,0,10622,6,0x5ed417,CMP,1,NonLeaf,ebx(-1) ,rflags ,CMP,3,JZ,6,TEST,3,MOV,7,ADD,4,MOV,4,CMP,4,JNB,6,LEA,4,MOV,4,0,1,0,0,0,MOV,0,0,1,0,0,0,JAE,0,0,6214679,6225304,6214688,0,0,1,0,cpp,8.297418437047308e-05,0.0,0,0,0
0x5ed411,JZ,3173477,0,10735,6,0x5ed40e,TEST,1,NonLeaf,r9d(MOV) r9d(MOV) ,rflags ,TEST,3,MOV,7,ADD,4,MOV,4,JZ,6,CMP,3,JZ,6,MOV,4,CMP,4,JNB,6,0,1,0,0,0,JMP,0,0,1,0,0,0,JE,0,0,6214663,6225408,6214679,0,0,1,0,cpp,8.297418437047308e-05,0.0,0,0,0
0x5ed3f9,JZ,2789402,93965,24921,6,0x5ed3f6,CMP,1,NonLeaf,rdx(-1) r12(-1) ,rflags ,CMP,3,JNBE,2,CMP,3,LEA,3,MOV,6,MOV,4,ADD,4,MOV,7,TEST,3,JZ,6,0,1,0,0,0,JS,0,0,0,0,0,0,ADD,0,0,6214646,6239570,6214655,0,1,0,1,cpp,7.29321043862509e-05,0.0336864317154716,0,0,0
0x5ed3f4,JNBE,382852,97979,106,2,0x5ed3f1,CMP,1,NonLeaf,eax(LEA) ,rflags ,CMP,3,LEA,3,MOV,6,AND,5,MOV,2,CMP,3,JZ,6,MOV,4,ADD,4,MOV,7,0,1,0,0,0,JE,0,0,1,0,0,0,JE,0,0,6214568,6214750,6214646,0,0,0,0,cpp,1.0010103250978142e-05,0.2559187362218298,0,0,0
0x5ed398,JNZ,97979,97979,4292,6,0x5ed396,TEST,1,NonLeaf,ecx(MOV) ecx(MOV) ,rflags ,TEST,2,MOV,6,JNZ,2,CMP,3,JZ,6,XOR,3,MOV,7,MOV,6,MOV,7,MOV,3,0,1,0,0,0,JE,0,0,0,0,0,0,MOV,0,0,6214544,6218844,6214558,0,0,0,1,cpp,2.561772973440356e-06,1.0,1,0,1
0x5ed38e,JNZ,382852,284873,16,2,0x5ed38b,CMP,1,NonLeaf,ebx(-1) ,rflags ,CMP,3,JZ,6,CMP,3,JZ,6,CMP,3,MOV,6,TEST,2,JNZ,6,XOR,3,MOV,7,0,1,0,0,0,MOV,0,0,1,0,0,0,JNE,0,0,6214539,6214558,6214544,0,0,1,0,cpp,1.0010103250978142e-05,0.7440812637781702,1,0,1
0x5ed385,JZ,382852,0,10311,6,0x5ed382,CMP,1,NonLeaf,eax(-1) ,rflags ,CMP,3,JZ,6,CMP,3,MOV,3,MOV,4,CMP,3,JNZ,2,MOV,6,TEST,2,JNZ,6,0,1,0,0,0,JE,0,0,1,0,0,0,JNE,0,0,6214530,6224844,6214539,0,0,0,0,cpp,1.0010103250978142e-05,0.0,0,0,0
0x5ed37c,JZ,382852,0,8412,6,0x5ed379,CMP,1,NonLeaf,eax(MOV) ,rflags ,CMP,3,MOV,3,MOV,4,MOVZX,3,MOV,7,CMP,3,JZ,6,CMP,3,JNZ,2,MOV,6,0,1,0,0,0,JE,0,0,1,0,0,0,JE,0,0,6214504,6222936,6214530,0,0,0,0,cpp,1.0010103250978142e-05,0.0,0,0,0
0x5ed33e,JNB,169488,22,23267,6,0x5ed33a,CMP,1,NonLeaf,rax(MOV) r15(-1) ,rflags ,CMP,4,MOV,4,JZ,6,TEST,3,MOV,6,LEA,4,MOV,4,MOVZX,3,MOV,7,XOR,2,0,1,0,0,0,CALL,0,1,1,0,0,0,MOVZX,0,0,6214454,6237729,6214468,0,0,1,1,cpp,4.431457533986458e-06,0.0001298026998961,0,0,0
0x5ed31a,JZ,382852,213364,5906,6,0x5ed318,TEST,1,NonLeaf,al(-1) al(-1) ,rflags ,TEST,2,JZ,2,CMP,3,SETZ,3,CMP,3,MOV,7,MOV,6,TEST,3,JZ,6,MOV,4,0,1,0,0,0,JMP,0,0,0,0,0,0,JE,0,0,6214424,6220332,6214432,0,0,1,1,cpp,1.0010103250978142e-05,0.5573015159905133,1,0,1
0x5ed316,JZ,382852,0,10,2,0x5ed313,CMP,1,NonLeaf,ebx(-1) ,rflags ,CMP,3,SETZ,3,CMP,3,JZ,6,CMP,3,TEST,2,JZ,6,MOV,7,MOV,6,TEST,3,0,1,0,0,0,JE,0,0,1,0,0,0,JE,0,0,6214413,6214432,6214424,0,0,1,0,cpp,1.0010103250978142e-05,0.0,0,0,0
0x5ed2da,JNB,382852,0,32792,6,0x5ed2d6,CMP,1,NonLeaf,rax(MOV) r15(-1) ,rflags ,CMP,4,MOV,4,JZ,6,CMP,3,JMP,2,LEA,4,MOV,4,MOVZX,3,ADD,4,MOV,7,0,1,0,0,0,CALL,0,1,1,0,0,0,MOVZX,0,0,6214354,6247154,6214368,0,0,1,1,cpp,1.0010103250978142e-05,0.0,0,0,0
0x5ed03c,JNZ,1546084,0,15068,6,0x5ed032,TEST,1,NonLeaf,rbp(-1) ,rflags ,TEST,10,JNZ,6,TEST,3,JZ,6,MOV,6,MOV,6,JMP,5,TEST,7,JZ,6,MOV,7,0,1,0,0,0,CALL,0,1,1,0,0,0,JMP,0,0,6213682,6228760,6213698,0,0,1,0,cpp,4.042413380284102e-05,0.0,0,0,0
0x5ed02c,JNZ,867923,867923,-572,6,0x5ed029,TEST,1,NonLeaf,r8d(-1) r8d(-1) ,rflags ,TEST,3,JZ,6,MOV,6,CMP,3,XOR,2,TEST,10,JNZ,6,MOV,6,JMP,5,TEST,7,0,0,0,0,0,JE,0,0,0,0,0,0,JNE,0,0,6213673,6213104,6213682,0,0,0,0,cpp,2.2692839122947517e-05,1.0,1,0,1
0x5ecfde,JNZ,1546084,1546084,-760,6,0x5ecfd5,CMP,1,NonLeaf,ebx(-1) ,rflags ,MOV,6,CMP,3,OR,7,JMP,5,MOV,3,MOV,7,MOV,6,MOV,3,MOV,7,MOV,5,0,0,0,0,0,JAE,0,0,0,0,0,0,MOV,1,0,6213589,6212838,6213604,0,0,0,1,cpp,4.042413380284102e-05,1.0,1,1,1
0x5ecf38,JZ,1546084,1546084,3806,6,0x5ecf31,TEST,1,NonLeaf,rbp(-1) ,rflags ,TEST,7,JZ,6,TEST,3,JNZ,6,TEST,7,MOV,7,TEST,3,JZ,6,MOV,7,MOV,6,0,1,0,0,0,JE,0,0,1,0,0,0,JE,0,0,6213425,6217238,6213438,0,0,0,0,cpp,4.042413380284102e-05,1.0,1,0,1
0x5ecf2b,JZ,1546084,0,3114,6,0x5ecf28,TEST,1,NonLeaf,r14d(-1) r14d(-1) ,rflags ,TEST,3,JNZ,6,TEST,7,XOR,3,JZ,6,TEST,7,JZ,6,MOV,7,TEST,3,JZ,6,0,1,0,0,0,JNE,0,0,1,0,0,0,JE,0,0,6213416,6216533,6213425,0,0,0,0,cpp,4.042413380284102e-05,0.0,0,0,0
0x5ecf22,JNZ,1546084,0,-2421,6,0x5ecf1b,TEST,1,NonLeaf,rbp(-1) ,rflags ,TEST,7,XOR,3,JZ,6,CMP,7,MOV,7,TEST,3,JZ,6,TEST,7,JZ,6,MOV,7,0,0,1,0,0,JNE,0,0,1,0,0,0,JE,0,0,6213400,6210989,6213416,0,0,0,0,cpp,4.042413380284102e-05,0.0,0,0,0
0x5ecf12,JZ,1546084,0,21139,6,0x5ecf0b,CMP,1,NonLeaf,rdi(MOV) rbp(-1) ,rflags ,CMP,7,MOV,7,CALL_NEAR,5,AND,6,MOV,3,XOR,3,TEST,7,JNZ,6,TEST,3,JZ,6,0,1,0,0,0,JMP,1,0,1,0,0,0,JNE,0,0,6213380,6234533,6213400,0,0,0,0,cpp,4.042413380284102e-05,0.0,0,0,0
0x5ece90,JZ,1546084,1,45,2,0x5ece8a,CMP,1,NonLeaf,ebx(-1) ,rflags ,MOV,3,CMP,3,JZ,6,CMP,4,JZ,6,MOVZX,3,MOV,3,MOV,7,MOV,7,SUB,4,0,0,1,0,0,JE,0,0,1,0,0,0,CALL,0,1,6213258,6213309,6213266,0,0,0,1,cpp,4.042413380284102e-05,6.467953875727321e-07,0,0,0
0x5ece84,JZ,1546084,1171160,6905,6,0x5ece80,CMP,1,NonLeaf,rcx(-1) ,rflags ,CMP,4,JZ,6,TEST,3,MOV,7,MOV,7,CMP,3,MOV,3,JZ,2,MOVZX,3,MOV,3,0,1,0,0,0,JE,0,0,1,0,0,0,JE,0,0,6213248,6220157,6213258,0,0,0,0,cpp,4.042413380284102e-05,0.757500886109681,1,0,1
0x5ece7a,JZ,1546084,0,2950,6,0x5ece77,TEST,1,NonLeaf,rcx(-1) rcx(-1) ,rflags ,TEST,3,MOV,7,MOV,7,MOV,7,JNL,6,CMP,4,JZ,6,CMP,3,MOV,3,JZ,2,0,0,0,0,0,JE,0,0,0,0,0,0,JE,0,0,6213239,6216192,6213248,0,0,0,0,cpp,4.042413380284102e-05,0.0,0,0,0
0x5ece5c,JNL,2040865,2040865,2021,6,0x5ece56,CMP,1,NonLeaf,rbp(-1) eax(LEA) ,rflags ,CMP,6,LEA,3,JNBE,6,CMP,3,LEA,3,MOV,7,MOV,7,MOV,7,TEST,3,JZ,6,0,0,0,0,0,MOV,0,0,0,0,0,0,MOV,1,0,6213203,6215233,6213218,0,0,0,1,cpp,5.336074872615921e-05,1.0,1,1,1
0x5ece4d,JNBE,3586948,1546083,2115,6,0x5ece4a,CMP,1,NonLeaf,eax(LEA) ,rflags ,CMP,3,LEA,3,JZ,6,CMP,7,JZ,2,LEA,3,CMP,6,JNL,6,MOV,7,MOV,7,0,1,0,0,0,JNE,0,0,1,0,0,0,JGE,0,0,6213191,6215312,6213203,0,0,0,0,cpp,9.378485638285692e-05,0.4310302240233201,0,0,0
0x5ece41,JZ,3586948,0,2023,6,0x5ece3a,CMP,1,NonLeaf,rbp(-1) ,rflags ,CMP,7,JZ,2,CMP,3,JZ,2,TEST,3,LEA,3,CMP,3,JNBE,6,LEA,3,CMP,6,0,1,0,0,0,JE,0,0,1,0,0,0,JA,0,0,6213178,6215208,6213191,0,0,0,0,cpp,9.378485638285692e-05,0.0,0,0,0
0x5ece38,JZ,3586949,1,42,2,0x5ece35,CMP,1,NonLeaf,ebx(-1) ,rflags ,CMP,3,JZ,2,TEST,3,NOP,5,MOV,7,CMP,7,JZ,6,LEA,3,CMP,3,JNBE,6,0,0,0,0,0,MOV,1,0,1,0,0,0,JE,0,0,6213173,6213218,6213178,0,0,1,0,cpp,9.378488252900022e-05,2.787884633988384e-07,0,0,0
0x5ece33,JZ,3586949,0,47,2,0x5ece30,TEST,1,NonLeaf,r10d(MOV) r10d(MOV) ,rflags ,TEST,3,NOP,5,MOV,7,MOV,7,AND,7,CMP,3,JZ,2,CMP,7,JZ,6,LEA,3,1,1,0,0,0,MOV,1,0,1,0,0,0,JE,0,0,6213168,6213218,6213173,0,0,1,0,cpp,9.378488252900022e-05,0.0,0,0,0
0x5ecdf4,JZ,1546084,1546084,574,6,0x5ecdf0,CMP,1,NonLeaf,r8d(CMOVZ) ,rflags ,CMP,4,MOV,3,CMOVZ,4,MOV,5,TEST,3,MOV,7,MOV,7,MOV,7,MOV,7,AND,7,0,0,0,0,0,JNE,0,0,0,0,0,0,NOP,0,0,6213104,6213682,6213114,0,1,0,1,cpp,4.042413380284102e-05,1.0,1,1,1
0x5ecddb,JZ,678161,0,8853,6,0x5ecdd7,CMP,1,NonLeaf,rax(MOV) rdx(MOVZX) ,rflags ,CMP,4,MOV,4,MOVZX,3,MOV,7,JZ,2,TEST,3,MOV,5,CMOVZ,4,MOV,3,CMP,4,0,1,0,0,0,JNE,0,0,0,0,0,0,CMOVE,0,0,6213065,6221936,6213089,0,0,0,0,cpp,1.7731294679893504e-05,0.0,0,0,0
0x5ecdaa,JNB,678161,68,22955,6,0x5ecda6,CMP,1,NonLeaf,rax(MOV) r15(-1) ,rflags ,CMP,4,MOV,4,MOV,4,MOV,7,JZ,6,LEA,4,MOV,4,MOVZX,3,ADD,4,MOV,6,0,1,0,0,0,CALL,0,1,1,0,0,0,MOVZX,0,0,6213015,6235989,6213040,0,0,1,1,cpp,1.7731294679893504e-05,0.000100271174544,0,0,0
0x5ecd91,JZ,678161,250007,23125,6,0x5ecd8a,CMP,1,NonLeaf,rbp(-1) rcx(-1) ,rflags ,CMP,7,SUB,6,MOVZX,3,SETNLE,3,TEST,2,MOV,7,MOV,4,MOV,4,CMP,4,JNB,6,0,1,0,0,0,MOV,0,0,1,1,0,0,JAE,0,0,6212988,6236134,6213015,0,0,0,1,cpp,1.7731294679893504e-05,0.3686543460918572,0,0,0
0x5ecd76,JZ,678161,0,691,6,0x5ecd74,TEST,1,NonLeaf,eax(MOV) eax(MOV) ,rflags ,TEST,2,MOV,6,JNZ,6,MOV,5,MOV,6,TEST,2,SETNLE,3,MOVZX,3,SUB,6,CMP,7,0,0,0,0,0,JNE,0,0,1,0,0,0,JE,0,0,6212974,6213673,6212988,0,1,0,1,cpp,1.7731294679893504e-05,0.0,0,0,0
0x5ecd0c,JNZ,1546084,1546084,780,6,0x5ecd09,CMP,1,NonLeaf,ebx(-1) ,rflags ,CMP,3,JZ,2,LEA,5,CMP,3,MOVZX,3,CMP,8,JZ,6,MOV,7,MOV,6,MOV,2,0,1,0,0,0,JE,0,0,0,0,0,0,JE,0,0,6212873,6213656,6212882,0,0,0,0,cpp,4.042413380284102e-05,1.0,1,0,1
0x5ecc6e,JZ,382852,0,9173,6,0x5ecc6a,CMP,1,NonLeaf,r14b(MOVZX) ,rflags ,CMP,4,MOVZX,5,JMP,5,OR,10,JZ,6,OR,7,JMP,5,MOVZX,5,CMP,4,JZ,6,0,1,0,0,0,JMP,0,0,1,0,0,0,JMP,0,0,6212709,6221891,6212724,0,0,1,1,cpp,1.0010103250978142e-05,0.0,0,0,0
0x5ecc35,JNZ,189971,189971,-1045,6,0x5ecc31,CMP,1,NonLeaf,r14b(-1) ,rflags ,CMP,4,JMP,5,ADD,4,MOV,4,MOV,7,MOV,7,JMP,5,MOVZX,5,CMP,4,JZ,6,0,0,0,0,0,NOP,0,0,1,0,0,0,JMP,0,0,6212657,6211616,6212667,0,0,1,1,cpp,4.967008987001684e-06,1.0,1,0,1
0x5ecc10,JNZ,898384,0,35570,6,0x5ecc0d,CMPXCHG,1,NonLeaf,rdx(-1) esi(-1) eax(CMPXCHG) ,eax rflags ,CMPXCHG,3,JMP,2,JNZ,6,CMPXCHG_LOCK,4,JZ,2,MOV,7,MOV,7,MOV,4,ADD,4,JMP,5,0,-1,-1,-1,-1,CALL,-1,1,0,1,0,0,MOV,0,0,6212621,6248194,6212630,0,0,1,1,cpp,2.348927679371336e-05,0.0,0,0,0
0x5ecbff,JZ,898384,898384,14,2,0x5ecbf8,CMP,1,NonLeaf,rip(JZ) ,rflags ,CMP,7,MOV,5,JZ,2,CMP,4,MOV,9,CMPXCHG_LOCK,4,JNZ,6,JMP,2,CMPXCHG,3,JNZ,6,0,1,0,0,0,JNE,0,0,1,0,0,0,JNE,0,0,6212595,6212621,6212609,0,0,1,0,cpp,2.348927679371336e-05,1.0,1,0,1
0x5ecbf1,JZ,898384,0,55,2,0x5ecbed,CMP,1,NonLeaf,r8(MOV) rdx(MOV) ,rflags ,CMP,4,MOV,9,MOV,7,RET_NEAR,1,POP,1,MOV,5,CMP,7,JZ,2,CMPXCHG_LOCK,4,JNZ,6,0,1,1,0,0,JMP,0,0,1,0,0,0,JE,0,0,6212573,6212648,6212595,0,0,1,0,cpp,2.348927679371336e-05,0.0,0,0,0
0x5ecbc3,JZ,898389,898389,-2037,6,0x5ecbc0,CMP,1,NonLeaf,eax(-1) ,rflags ,CMP,3,JMP,2,OR,9,SUB,7,JZ,6,LEA,4,MOV,5,POP,1,POP,2,POP,2,0,0,0,0,0,JNE,0,0,0,0,0,0,RET,1,0,6212544,6210510,6212553,0,0,0,0,cpp,2.348940752442981e-05,1.0,1,1,1
0x5ecaee,JZ,8,8,5063,6,0x5ecaea,AND,1,NonLeaf,r13d(AND) ,r13d rflags ,AND,4,MOV,7,MOV,7,MOV,7,JMP,5,AND,4,JNZ,6,TEST,10,JZ,6,MOV,7,0,1,0,0,0,JNE,0,0,1,0,0,0,JNE,0,0,6212316,6217397,6212340,0,0,0,0,cpp,2.091691463224043e-10,1.0,1,0,1
0x5ecaca,JNZ,898384,0,35869,6,0x5ecac8,DEC,1,NonLeaf,rdx(-1) ,rflags ,DEC,2,JMP,2,JNZ,6,DEC_LOCK,3,JZ,2,JMP,5,MOV,7,MOV,7,MOV,7,AND,4,0,-1,-1,-1,-1,CALL,-1,1,0,1,0,0,JMP,0,0,6212296,6248167,6212304,0,0,1,0,cpp,2.348927679371336e-05,0.0,0,0,0
0x5ecabb,JZ,898384,898384,13,2,0x5ecab4,CMP,1,NonLeaf,rip(JZ) ,rflags ,CMP,7,MOV,8,JNZ,6,SUB,4,MOV,7,DEC_LOCK,3,JNZ,6,JMP,2,DEC,2,JNZ,6,0,1,0,0,0,JNE,0,0,1,0,0,0,JNE,0,0,6212268,6212296,6212285,0,0,1,0,cpp,2.348927679371336e-05,1.0,1,0,1
0x5ecaa6,JNZ,898384,0,-182,6,0x5ecaa2,SUB,1,NonLeaf,rdx(MOV) ,rflags ,SUB,4,MOV,7,JNZ,6,MOV,10,TEST,7,MOV,8,CMP,7,JZ,2,DEC_LOCK,3,JNZ,6,0,0,1,0,0,JE,0,0,1,0,0,0,JE,0,0,6212251,6212080,6212268,0,0,0,1,cpp,2.348927679371336e-05,0.0,0,0,0
0x5eca38,JNZ,898389,0,23215,6,0x5eca30,CMP,1,NonLeaf,rbp(-1) ,rflags ,CMP,8,JZ,6,CMP,7,OR,2,JZ,2,MOV,6,LEA,4,POP,1,POP,2,POP,2,0,1,0,0,0,CALL,0,1,1,0,0,0,MOV,0,0,6212144,6235367,6212158,0,0,1,0,cpp,2.348940752442981e-05,0.0,0,0,0
0x5eca2a,JZ,898389,0,23262,6,0x5eca23,CMP,1,NonLeaf,rbp(-1) ,rflags ,CMP,7,OR,2,JZ,2,TEST,3,MOV,7,CMP,8,JNZ,6,MOV,6,LEA,4,POP,1,0,1,0,0,0,JE,0,0,1,0,0,0,JNE,0,0,6212131,6235400,6212144,0,0,0,0,cpp,2.348940752442981e-05,0.0,0,0,0
0x5eca1f,JZ,898389,898389,4,2,0x5eca1c,TEST,1,NonLeaf,rax(MOV) rax(MOV) ,rflags ,TEST,3,MOV,7,JNZ,6,CMP,7,CALL_NEAR,5,OR,2,CMP,7,JZ,6,CMP,8,JNZ,6,0,1,1,0,0,JE,0,0,1,0,0,0,OR,0,0,6212117,6212131,6212129,0,0,0,1,cpp,2.348940752442981e-05,1.0,1,0,1
0x5ec9f8,JZ,898389,898389,16,2,0x5ec9f6,TEST,1,NonLeaf,eax(MOV) eax(MOV) ,rflags ,TEST,2,MOV,6,NOP,3,JZ,6,TEST,7,LEA,7,XOR,2,CALL_NEAR,5,CMP,7,JNZ,6,0,1,1,0,0,JNE,0,0,1,0,0,0,CALL,0,1,6212080,6212104,6212090,0,0,0,1,cpp,2.348940752442981e-05,1.0,1,0,1
0x5ec9e7,JZ,898389,898384,180,6,0x5ec9e0,TEST,1,NonLeaf,r15(-1) ,rflags ,TEST,7,NOP,7,MOV,10,JNZ,2,TEST,2,NOP,3,MOV,6,TEST,2,JZ,2,LEA,7,0,0,0,0,0,JNE,0,0,1,0,0,0,NOP,0,0,6212064,6212251,6212077,0,0,1,0,cpp,2.348940752442981e-05,0.9999944344821676,1,0,1
0x5ec977,JNBE,1928936,1928936,8154,6,0x5ec974,CMP,1,NonLeaf,esi(LEA) ,rflags ,CMP,3,LEA,3,MOV,6,MOVZX,3,NOP,3,XOR,2,NOP,1,ADD,4,MOVZX,4,LEA,3,0,1,0,0,0,JMP,0,0,1,0,0,0,NOP,0,0,6211944,6220113,6211965,0,0,1,0,cpp,5.043423705381916e-05,1.0,1,0,1
0x5ec94c,JNZ,1928936,1928936,-28,2,0x5ec94a,CMP,1,NonLeaf,al(MOVZX) ,rflags ,CMP,2,LEA,4,MOVZX,4,ADD,4,OR,6,CMP,2,JZ,2,CMP,2,JNZ,2,JMP,2,1,1,1,0,0,JE,0,0,1,0,0,0,JE,0,0,6211906,6211888,6211918,0,0,0,0,cpp,5.043423705381916e-05,1.0,1,1,1
0x5ec936,JNZ,1928936,1928936,50,2,0x5ec934,CMP,1,NonLeaf,al(-1) ,rflags ,CMP,2,JZ,2,CMP,2,NOP,4,JMP,2,OR,6,ADD,4,MOVZX,4,LEA,4,CMP,2,0,0,1,0,0,JA,1,0,0,0,0,0,OR,0,0,6211892,6211944,6211896,0,0,1,0,cpp,5.043423705381916e-05,1.0,1,0,1
0x5ec932,JZ,1928936,0,28,2,0x5ec930,CMP,1,NonLeaf,al(-1) ,rflags ,CMP,2,NOP,4,JMP,2,CMOVZ,3,CMP,2,CMP,2,JNZ,2,OR,6,ADD,4,MOVZX,4,0,0,0,0,0,JE,0,0,1,1,0,0,JNE,0,0,6211888,6211918,6211892,0,0,0,0,cpp,5.043423705381916e-05,0.0,0,0,0
0x5ec8ef,JNZ,1928936,0,29,2,0x5ec8e7,CMP,1,NonLeaf,rbp(-1) ,rflags ,CMP,8,ADD,4,XOR,2,MOV,7,MOV,10,JMP,2,NOP,5,CMP,2,JZ,2,CMP,2,0,1,0,1,0,JNE,0,0,1,0,0,0,JMP,0,0,6211802,6211852,6211825,0,0,0,0,cpp,5.043423705381916e-05,0.0,0,0,0
0x5ec8bb,JNBE,1928940,0,6990,6,0x5ec8b7,CMP,1,NonLeaf,r14b(SUB) ,rflags ,CMP,4,SUB,4,SUB,4,MOV,7,CALL_NEAR,5,MOVZX,4,JMP,8,NOP,3,MOV,10,MOV,7,0,1,0,0,0,JMP,1,0,1,0,0,0,JMP,0,0,6211763,6218761,6211777,0,1,0,0,cpp,5.043434163839232e-05,0.0,0,0,0
0x5ec894,JZ,1928940,4,31,2,0x5ec87d,CMP,1,NonLeaf,eax(-1) ,rflags ,MOV,7,MOV,2,MOV,5,MOV,6,CMP,3,MOVZX,3,MOV,3,MOV,7,CALL_NEAR,5,MOV,7,0,0,1,0,0,JA,0,0,1,0,0,0,CALL,0,1,6211709,6211763,6211734,0,0,0,1,cpp,5.043434163839232e-05,2.0736777712111315e-06,0,0,0
0x5ec859,JNB,3667913,229,15850,6,0x5ec855,CMP,1,NonLeaf,rax(MOV) r15(-1) ,rflags ,CMP,4,MOV,4,JZ,6,CMP,3,NOP,4,LEA,4,MOV,4,MOVZX,3,ADD,4,MOV,4,0,1,0,0,0,CALL,0,1,1,0,0,0,MOVZX,0,0,6211665,6227523,6211679,0,1,1,1,cpp,9.590177887435613e-05,6.243332380021009e-05,0,0,0
0x5ec7d8,JNZ,189971,189971,1113,6,0x5ec7d6,CMP,1,NonLeaf,al(AND) ,rflags ,CMP,2,AND,3,MOV,3,JZ,6,CMP,4,MOV,7,JMP,5,MOVZX,5,MOV,3,AND,3,0,1,0,0,0,JNE,0,0,1,0,0,0,JMP,0,0,6211539,6212657,6211550,0,0,0,1,cpp,4.967008987001684e-06,1.0,1,0,1
0x5ec7c4,JNZ,1928948,1738969,92,2,0x5ec7bd,TEST,1,NonLeaf,r13d(-1) r13d(-1) ,rflags ,LEA,4,TEST,3,JZ,6,TEST,3,MOVZX,5,CMP,4,JZ,6,MOV,3,AND,3,CMP,2,0,0,0,0,0,NOP,0,0,1,0,0,0,JE,0,0,6211517,6211616,6211526,0,0,1,0,cpp,5.043455080753864e-05,0.901511601142177,1,0,1
0x5ec7b7,JZ,1928948,0,24127,6,0x5ec7b4,TEST,1,NonLeaf,r14b(-1) r14b(-1) ,rflags ,TEST,3,MOVZX,5,OR,7,NOP,7,JMP,7,TEST,3,LEA,4,JNZ,2,CMP,4,JZ,6,0,1,0,0,0,JMP,1,0,1,0,0,0,JNE,0,0,6211508,6235638,6211517,0,0,0,0,cpp,5.043455080753864e-05,0.0,0,0,0
0x5ec791,JNBE,1928948,0,5220,6,0x5ec78f,CMP,1,NonLeaf,al(LEA) ,rflags ,CMP,2,LEA,4,LEA,4,MOV,6,CMOVNZ,3,MOVZX,3,JMP,7,NOP,7,OR,7,MOVZX,5,0,1,0,0,0,JMP,0,0,1,0,0,0,JMP,0,0,6211463,6216693,6211479,0,1,0,0,cpp,5.043455080753864e-05,0.0,0,0,0
0x5ec755,JZ,12,0,5104,6,0x5ec751,CMP,1,NonLeaf,r14b(-1) ,rflags ,CMP,4,MOV,6,JBE,2,CMP,3,LEA,3,MOV,6,MOV,10,MOV,10,MOV,2,TEST,2,0,1,0,0,0,JMP,0,0,1,0,0,0,MOV,0,0,6211409,6216517,6211419,0,0,1,1,cpp,3.1375371948360645e-10,0.0,0,0,0
0x5ec749,JBE,12,0,-25,2,0x5ec746,CMP,1,NonLeaf,esi(LEA) ,rflags ,CMP,3,LEA,3,MOVZX,4,LEA,4,LEA,3,MOV,6,CMP,4,JZ,6,MOV,6,MOV,10,1,1,1,1,1,JBE,0,0,1,1,0,0,MOV,0,0,6211376,6211376,6211403,0,0,0,1,cpp,3.1375371948360645e-10,0.0,0,1,0
0x5ec724,JNBE,12,0,45,2,0x5ec721,CMP,1,NonLeaf,eax(LEA) ,rflags ,CMP,3,LEA,3,MOVZX,4,LEA,4,MOV,6,MOV,2,NOP,8,ADD,4,MOVZX,4,LEA,3,0,1,1,0,0,JE,0,0,1,0,0,0,NOP,0,0,6211337,6211409,6211366,0,0,0,0,cpp,3.1375371948360645e-10,0.0,0,0,0
0x5ec703,JNBE,1928948,1928936,461,6,0x5ec700,CMP,1,NonLeaf,eax(SUB) ,rflags ,CMP,3,SUB,3,MOVZX,5,NOP,5,JMP,5,MOVZX,5,MOV,2,MOV,6,LEA,4,MOVZX,4,0,1,0,0,0,MOV,0,0,1,0,0,0,JA,0,0,6211320,6211792,6211337,0,1,1,1,cpp,5.043455080753864e-05,0.9999937789924872,1,0,1
0x5ec63d,JZ,97730,0,931,6,0x5ec63a,CMP,1,NonLeaf,eax(-1) ,rflags ,CMP,3,XOR,2,JNZ,2,AND,3,MOVZX,4,MOVZX,3,MOV,3,CALL_NEAR,5,JMP,5,NOP,5,0,0,1,0,0,JE,0,0,1,0,0,0,CALL,0,1,6211128,6212064,6211139,0,0,0,1,cpp,2.555262583761072e-06,0.0,0,0,0
0x5ec617,JNZ,195460,195460,-47,2,0x5ec614,CMP,1,NonLeaf,eax(-1) ,rflags ,CMP,3,JZ,2,AND,3,MOVZX,4,MOV,4,MOV,7,MOV,4,MOV,4,MOV,7,MOVZX,4,1,1,0,0,0,JAE,0,0,1,0,0,0,JNE,0,0,6211092,6211048,6211097,0,0,0,1,cpp,5.110525167522143e-06,1.0,1,0,1
0x5ec612,JZ,195460,97730,38,2,0x5ec60f,AND,1,NonLeaf,dh(AND) ,dh rflags ,AND,3,MOVZX,4,MOV,4,ADD,3,MOVZX,3,CMP,3,JNZ,2,MOV,7,MOV,4,MOV,4,0,0,1,0,0,JE,1,0,0,0,1,1,JNE,0,0,6211079,6211128,6211092,0,0,0,0,cpp,5.110525167522143e-06,0.5,0,0,0
0x5ec5f0,JNB,195460,12,26393,6,0x5ec5ec,CMP,1,NonLeaf,rax(MOV) r15(-1) ,rflags ,CMP,4,MOV,4,NOP,6,JMP,2,MOV,7,LEA,4,MOV,4,MOVZX,3,MOVZX,3,ADD,3,0,1,0,0,0,CALL,0,1,1,0,0,0,ADD,0,0,6211048,6237449,6211062,0,1,1,1,cpp,5.110525167522143e-06,6.139363552645042e-05,0,0,0
0x5ec5bb,JNZ,3765643,2867258,-195,6,0x5ec5b8,TEST,1,NonLeaf,r14b(MOVZX) r14b(MOVZX) ,rflags ,TEST,3,MOVZX,4,MOV,7,XOR,3,JNZ,6,MOV,3,XOR,2,TEST,3,JZ,6,MOV,3,0,0,0,1,1,JNE,0,0,0,0,0,0,JE,1,0,6210989,6210808,6211009,0,0,0,0,cpp,9.845704145811718e-05,0.7614258706945932,1,1,1
0x5ec52b,JNZ,1836699,1836699,445,6,0x5ec526,TEST,1,NonLeaf,rcx(MOV) rax(MOVZX) ,rflags ,TEST,5,MOV,4,MOVZX,4,MOV,7,JZ,6,CMP,3,JZ,6,MOV,4,CMP,4,JNB,6,0,1,0,0,0,JMP,0,0,1,0,0,0,JE,0,0,6210839,6211304,6210865,0,0,0,0,cpp,4.80225952351517e-05,1.0,1,0,1
0x5ec4fc,JNZ,3765647,0,348,6,0x5ec4f8,TEST,1,NonLeaf,r14b(-1) ,rflags ,TEST,4,NOP,7,JZ,6,MOV,7,MOV,10,LEA,4,CMP,4,MOV,7,JZ,6,MOV,7,1,1,0,0,0,CALL,0,1,1,0,0,0,JE,0,0,6210808,6211160,6210818,0,0,1,1,cpp,9.845714604269036e-05,0.0,0,0,0
0x5ec4eb,JZ,898389,0,214,6,0x5ec4ac,TEST,1,NonLeaf,r14b(MOVZX) r14b(MOVZX) ,rflags ,MOV,7,MOV,10,MOV,10,MOV,11,MOV,11,NOP,7,TEST,4,JNZ,6,LEA,4,CMP,4,0,1,0,0,0,JE,1,0,1,0,0,0,NOP,0,0,6210635,6211009,6210801,0,0,0,0,cpp,2.348940752442981e-05,0.0,0,0,0
0x5ec445,JZ,898389,898384,1944,6,0x5ec440,AND,1,NonLeaf,eax(AND) ,eax rflags ,AND,5,MOV,3,CALL_NEAR,5,MOV,5,MOV,3,XOR,3,MOV,3,MOV,11,MOV,3,MOVZX,4,0,1,0,0,0,JE,0,0,1,1,0,0,JE,0,0,6210624,6212573,6210635,0,0,0,1,cpp,2.348940752442981e-05,0.9999944344821676,1,0,1
0x5ec423,JZ,898389,898389,25020,6,0x5ec416,TEST,1,NonLeaf,rdx(MOV) rdx(MOV) ,rflags ,MOV,6,SETNZ,4,TEST,3,MOV,5,MOV,7,LEA,7,MOV,3,MOV,5,CALL_NEAR,5,MOV,3,0,1,0,0,0,JMP,0,0,1,0,0,0,CALL,0,1,6210530,6235615,6210601,0,0,1,1,cpp,2.348940752442981e-05,1.0,1,0,1
0x5ec3dc,JZ,898389,0,25124,6,0x5ec3d9,TEST,1,NonLeaf,rbx(-1) rbx(-1) ,rflags ,TEST,3,JNZ,6,TEST,2,MOV,3,MOV,11,MOV,7,MOV,4,MOV,4,MOV,7,MOV,4,0,1,0,0,0,JMP,1,0,1,0,0,0,JE,0,0,6210521,6235648,6210530,0,0,1,1,cpp,2.348940752442981e-05,0.0,0,0,0
0x5ec3d3,JNZ,898389,0,14919,6,0x5ec3d1,TEST,1,NonLeaf,al(MOV) ,rflags ,TEST,2,MOV,3,MOV,11,JNZ,6,TEST,2,TEST,3,JZ,6,MOV,7,MOV,4,MOV,4,0,1,0,0,0,JMP,1,0,1,0,0,0,JE,0,0,6210510,6225434,6210521,0,0,1,0,cpp,2.348940752442981e-05,0.0,0,0,0
0x5ec3bd,JNZ,898389,898389,2051,6,0x5ec3bb,TEST,1,NonLeaf,eax(MOV) eax(MOV) ,rflags ,TEST,2,MOV,7,MOV,7,MOV,4,MOV,7,MOV,11,MOV,3,TEST,2,JNZ,6,TEST,3,0,1,0,0,0,JE,0,0,1,0,0,0,MOV,0,0,6210384,6212544,6210499,0,0,0,1,cpp,2.348940752442981e-05,1.0,1,0,1
0x5ea138,JNZ,13,13,-2967,6,0x5ea12e,CMP,1,NonLeaf,eax(-1) ,rflags ,MOV,7,CMP,3,CALL_NEAR,5,MOV,7,MOV,3,CMP,7,JZ,6,MOV,7,MOV,6,CALL_NEAR,5,0,0,0,0,0,JNE,0,0,1,0,0,0,JE,1,0,6201646,6198689,6201662,0,0,0,0,cpp,3.39899862773907e-10,1.0,1,0,1
0x5e99dc,JNL,1218,1218,633,6,0x5e99da,CMP,1,NonLeaf,edx(TZCNT) eax(CMOVLE) ,rflags ,CMP,2,CMOVLE,4,CMP,4,TZCNT,5,MOV,4,MOV,4,MOV,5,MOV,3,SUB,2,CALL_NEAR,5,0,1,0,0,0,CALL,0,1,1,0,0,0,CALL,0,1,6199744,6200405,6199778,0,0,1,1,cpp,3.184600252758605e-08,1.0,1,0,1
0x5e98c4,JNL,70,0,-379,6,0x5e98c1,CMP,1,NonLeaf,r8d(-1) eax(-1) ,rflags ,CMP,3,JMP,5,MOV,7,JNBE,2,CMP,2,SUB,3,LEA,5,MOVSXD,3,SUB,3,JMP,5,0,0,0,0,0,SUB,0,0,1,0,0,0,JMP,0,0,6199489,6199113,6199498,0,0,0,0,cpp,1.8302300303210374e-09,0.0,0,0,0
0x5e9839,JZ,9690,9690,-3010,6,0x5e9837,TEST,1,NonLeaf,al(-1) ,rflags ,TEST,2,JMP,5,MOV,3,MOV,4,LEA,4,MOV,6,TEST,2,JZ,6,MOV,7,TEST,3,0,0,0,0,0,JNE,0,0,1,0,0,0,JE,0,0,6199351,6196343,6199359,0,0,0,0,cpp,2.533561284830122e-07,1.0,1,0,1
0x5e9821,JNB,3180,0,1890,6,0x5e981d,CMP,1,NonLeaf,rax(MOV) rbx(-1) ,rflags ,CMP,4,MOV,4,JMP,5,MOV,4,SHL,3,LEA,4,MOV,4,MOV,3,JMP,5,TEST,2,0,1,0,0,0,CALL,0,1,1,0,0,0,JMP,0,0,6199321,6201219,6199335,0,0,1,1,cpp,8.314473566315571e-08,0.0,0,0,0
0x5e97f3,JNLE,222,0,917,6,0x5e97f0,CMP,1,NonLeaf,eax(-1) ,rflags ,CMP,3,JMP,5,CALL_NEAR,5,MOV,3,MOV,3,MOV,5,MOV,8,SUB,2,MOV,5,SHL,3,0,1,0,0,0,CALL,0,1,1,0,0,0,JMP,0,0,6199280,6200200,6199289,0,1,1,1,cpp,5.804443810446719e-09,0.0,0,0,0
0x5e97bc,JNZ,132,132,-84,2,0x5e97b1,CMP,0,NonLeaf,r11(-1) r9(-1) rax(-1) ,rflags ,JB,6,CMP,5,MOV,4,MOV,4,JNZ,2,MOV,4,CMP,5,JNB,2,JMP,5,NOP,2,0,0,1,0,0,JE,0,0,1,0,0,0,JAE,0,0,6199228,6199144,6199230,0,0,0,0,cpp,3.451290914319671e-09,1.0,1,0,1
0x5e97b6,JB,222,90,-250,6,0x5e97b1,CMP,1,NonLeaf,r11(MOV) r9(-1) rax(MOV) ,rflags ,CMP,5,MOV,4,MOV,4,JNZ,2,CMP,3,JNZ,2,MOV,4,CMP,5,JNB,2,JMP,5,0,0,0,0,0,JNE,0,0,1,0,0,0,JNE,0,0,6199209,6198972,6199228,0,0,1,0,cpp,5.804443810446719e-09,0.4054054054054054,0,0,0
0x5e97a7,JNZ,250,28,-63,2,0x5e97a4,CMP,1,NonLeaf,eax(LEA) r8d(-1) ,rflags ,CMP,3,LEA,4,NOP,9,JMP,5,MOV,3,MOV,4,MOV,4,CMP,5,JB,6,JNZ,2,0,0,1,0,0,JE,0,0,1,0,0,0,JB,0,0,6199200,6199144,6199209,0,0,0,0,cpp,6.5365358225751355e-09,0.112,0,0,0
0x5e977c,JNLE,31460,31282,-364,6,0x5e9779,TEST,1,NonLeaf,r10d(-1) r10d(-1) ,rflags ,TEST,3,JZ,6,CMP,7,SUB,4,NOP,6,MOV,7,MOV,6,MOV,3,JMP,5,NOP,9,0,0,0,1,1,JG,0,0,1,0,0,0,MOV,1,0,6199161,6198800,6199170,0,0,0,0,cpp,8.225576679128549e-07,0.9943420216147488,1,1,1
0x5e9773,JZ,34142,2682,551,6,0x5e976c,CMP,1,NonLeaf,r14(-1) ,rflags ,CMP,7,SUB,4,NOP,6,MOV,4,MOV,4,TEST,3,JNLE,6,MOV,7,MOV,6,MOV,3,0,1,0,0,0,JLE,1,0,1,0,0,0,JG,0,0,6199144,6199706,6199161,0,0,0,0,cpp,8.92681624217441e-07,0.0785542733290375,0,0,0
0x5e973a,JNZ,5442,70,391,6,0x5e9738,TEST,1,NonLeaf,edx(-1) edx(-1) ,rflags ,TEST,2,SUB,3,TZCNT,5,MOV,5,JZ,6,CMP,3,JL,6,SUB,3,MOV,4,MOV,2,0,1,0,0,0,JGE,0,0,1,0,0,0,JL,0,0,6199083,6199489,6199104,0,0,0,0,cpp,1.4228731178581552e-07,0.0128629180448364,0,0,0
0x5e9725,JZ,5442,0,576,6,0x5e9721,CMP,1,NonLeaf,r15d(-1) ,rflags ,CMP,4,JZ,2,TEST,3,LEA,4,LEA,8,MOV,5,TZCNT,5,SUB,3,TEST,2,JNZ,6,0,1,0,0,0,JLE,0,0,1,0,0,0,JNE,0,0,6199073,6199653,6199083,0,0,0,0,cpp,1.4228731178581552e-07,0.0,0,0,0
0x5e96e6,JNZ,5442,5372,1533,6,0x5e96e3,TEST,1,NonLeaf,r8(MOV) r8(MOV) ,rflags ,TEST,3,CMOVS,4,TEST,3,SUB,3,MOV,4,LEA,4,MOV,5,JMP,2,NOP,9,MOV,3,0,1,0,0,0,JMP,0,0,1,0,0,0,JMP,0,0,6198972,6200547,6199020,0,0,0,0,cpp,1.4228731178581552e-07,0.9871370819551636,1,0,1
0x5e96b2,JNLE,5602,250,238,6,0x5e96af,CMP,1,NonLeaf,r8d(-1) eax(LEA) ,rflags ,CMP,3,LEA,4,JZ,6,CMP,3,LEA,4,MOV,4,SUB,3,MOV,5,MOV,3,MOV,3,0,1,0,0,0,JNE,0,0,1,0,0,0,MOV,0,0,6198955,6199200,6198968,0,0,0,0,cpp,1.4647069471226364e-07,0.0446269189575151,0,1,0
0x5e96a5,JZ,5602,222,331,6,0x5e96a2,CMP,1,NonLeaf,edx(LEA) r8d(ADD) ,rflags ,CMP,3,LEA,4,ADD,3,NOT,3,MOV,3,LEA,4,CMP,3,JNLE,6,MOV,4,SUB,3,0,1,0,0,0,JG,0,0,1,1,0,0,JG,0,0,6198862,6199280,6198955,0,0,0,0,cpp,1.4647069471226364e-07,0.0396287040342734,0,0,0
0x5e9630,JLE,5602,5602,416,6,0x5e962d,CMP,1,NonLeaf,rdx(LEA) rax(MOV) ,rflags ,CMP,3,MOV,4,LEA,4,MOV,3,MOV,4,LEA,8,MOV,4,MOV,4,MOV,3,CALL_NEAR,5,0,1,0,0,0,CALL,0,1,1,0,0,0,CALL,0,1,6198814,6199248,6198838,1,0,1,1,cpp,1.4647069471226364e-07,1.0,1,0,1
0x5e9618,JNLE,34142,28540,336,6,0x5e9614,CMP,1,NonLeaf,r14(SUB) r10d(-1) ,rflags ,CMP,4,SUB,4,NOP,9,MOV,4,MOV,7,MOV,4,MOV,3,LEA,4,MOV,4,CMP,3,1,1,1,0,0,JE,0,0,1,0,0,0,JLE,0,0,6198800,6199144,6198814,0,0,0,0,cpp,8.92681624217441e-07,0.8359205670435241,1,0,1
0x5e95ac,JNZ,123342,110472,-44,2,0x5e95a8,SUB,1,NonLeaf,r15(SUB) ,r15 rflags ,SUB,4,SUB,2,LEA,5,MOV,2,MOV,4,MOV,3,JMP,5,MOV,3,MOV,3,MOV,3,0,0,0,1,1,JAE,0,0,1,0,0,0,JMP,1,0,6198689,6198656,6198702,0,0,0,0,cpp,3.224917605712249e-06,0.8956559809310697,1,1,1
0x5e9591,JNB,123342,13,2955,6,0x5e9588,CMP,1,NonLeaf,rax(MOV) rbx(-1) ,rflags ,MOVZX,5,CMP,4,MOV,4,ADD,4,NOP,5,LEA,4,MOV,4,MOV,2,LEA,5,SUB,2,1,1,0,0,0,CALL,0,1,1,0,0,0,MOV,0,0,6198656,6201628,6198679,0,0,1,1,cpp,3.224917605712249e-06,0.0001053979990595,0,0,0
0x5e9575,JZ,12870,0,-1453,6,0x5e956c,TEST,1,NonLeaf,rdi(-1) rdi(-1) ,rflags ,MOV,3,MOV,3,TEST,3,JNLE,2,MOV,3,NOP,5,ADD,4,MOV,4,CMP,4,MOVZX,5,0,0,0,0,0,JNE,0,0,1,0,0,0,NOP,0,0,6198636,6197192,6198651,0,0,0,0,cpp,3.365008641461679e-07,0.0,0,0,0
0x5e956a,JNLE,12870,0,-91,2,0x5e9563,CMP,1,NonLeaf,rdi(SUB) ,rflags ,MOV,3,CMP,4,SUB,3,JMP,5,ADD,3,TEST,3,MOV,3,MOV,3,JZ,6,NOP,5,0,0,0,0,0,JBE,0,0,1,0,0,0,JE,0,0,6198624,6198543,6198636,0,0,0,0,cpp,3.365008641461679e-07,0.0,0,0,0
0x5e94aa,JZ,120,0,-2754,6,0x5e94a6,CMP,1,NonLeaf,rdi(MOV) ,rflags ,CMP,4,XOR,3,MOV,4,JMP,5,MOV,4,JMP,5,MOV,7,MOV,6,SUB,4,MOV,10,0,0,1,0,0,JE,0,0,1,0,0,0,JMP,0,0,6198431,6195688,6198448,0,0,1,0,cpp,3.1375371948360643e-09,0.0,0,0,0
0x5e9484,JZ,5911,0,18,2,0x5e947d,TEST,1,NonLeaf,rax(-1) rax(-1) ,rflags ,MOV,4,TEST,3,ADD,4,MOV,3,MOVSXD,3,LEA,4,MOV,4,MOV,4,MOV,4,MOV,4,0,1,1,0,0,JMP,0,0,1,0,0,0,MOV,0,0,6198369,6198422,6198406,0,0,0,1,cpp,1.5454985298896648e-07,0.0,0,0,0
0x5e93a0,JNZ,5911,5911,1416,6,0x5e939b,TEST,1,NonLeaf,eax(XOR) eax(XOR) ,rflags ,MOV,3,TEST,2,XOR,4,BSR,6,MOV,3,MOV,3,TEST,3,JZ,6,SUB,3,TEST,3,0,1,0,0,0,JMP,1,0,1,0,0,0,MOV,0,0,6198161,6199592,6198182,0,0,0,0,cpp,1.5454985298896648e-07,1.0,1,0,1
0x5e9314,JNZ,12870,2860,1481,6,0x5e9312,TEST,1,NonLeaf,edx(MOV) edx(MOV) ,rflags ,TEST,2,MOV,3,JS,6,MOV,6,TEST,2,MOVSXD,4,MOV,6,MOV,10,MOV,10,LEA,5,0,1,0,0,0,JMP,0,0,1,0,0,0,JMP,0,0,6198031,6199517,6198042,0,0,1,1,cpp,3.365008641461679e-07,0.2222222222222222,0,0,0
0x5e9309,JS,12870,12870,1936,6,0x5e9301,TEST,1,NonLeaf,eax(MOVSXD) eax(MOVSXD) ,rflags ,MOV,6,TEST,2,MOV,7,MOVSXD,4,JMP,2,MOV,3,TEST,2,JNZ,6,MOVSXD,4,MOV,6,0,1,0,0,0,JMP,0,0,1,1,0,0,JNE,0,0,6198006,6199961,6198031,0,0,1,0,cpp,3.365008641461679e-07,1.0,1,0,1
0x5e90fd,JZ,9690,9690,1850,6,0x5e90fb,TEST,1,NonLeaf,al(MOVZX) ,rflags ,TEST,2,MOVZX,6,JMP,5,MOV,10,MOV,6,MOV,6,TEST,2,JZ,6,MOV,7,TEST,3,0,1,0,0,0,JE,0,0,1,0,0,0,JE,0,0,6197493,6199351,6197507,0,0,0,0,cpp,2.533561284830122e-07,1.0,1,0,1
0x5e8f52,JZ,12870,12870,1550,6,0x5e8f4f,TEST,1,NonLeaf,r11d(MOV) r11d(MOV) ,rflags ,TEST,3,MOV,7,MOV,7,JNZ,6,TEST,6,MOV,7,MOV,3,ADD,4,SAR,4,CMP,4,0,1,0,0,0,JG,0,0,1,0,0,0,JA,0,0,6197064,6198624,6197080,0,0,0,0,cpp,3.365008641461679e-07,1.0,1,0,1
0x5e8f3b,JNZ,12870,0,4401,6,0x5e8f35,TEST,1,NonLeaf,r12(MOV) ,rflags ,TEST,6,MOV,7,MOV,7,MOV,7,JMP,5,MOV,7,MOV,7,TEST,3,JZ,6,MOV,7,0,1,0,0,0,CALL,0,1,1,0,0,0,MOV,0,0,6197045,6201452,6197057,0,0,1,0,cpp,3.365008641461679e-07,0.0,0,0,0
0x5e8eac,JZ,2936,0,3281,6,0x5e8ea0,CMP,1,NonLeaf,rbp(-1) esi(MOV) ,rflags ,MOV,6,CMP,6,MOV,2,ADD,3,JZ,6,ADD,6,JMP,5,NOP,3,MOV,4,JMP,5,0,1,0,0,0,JMP,0,0,1,0,0,0,JMP,0,0,6196896,6200189,6196914,1,1,0,0,cpp,7.676507670032239e-08,0.0,0,1,0
0x5e8e95,JZ,2936,0,3026,6,0x5e8e8f,CMP,1,NonLeaf,rbp(-1) esi(-1) ,rflags ,CMP,6,ADC,7,CMP,4,SETNLE,4,TEST,2,ADD,3,MOV,2,CMP,6,MOV,6,JZ,6,0,1,0,0,0,JE,0,0,1,0,0,0,MOV,0,0,6196879,6199911,6196891,0,1,0,1,cpp,7.676507670032239e-08,0.0,0,0,0
0x5e8e76,JNZ,2936,2936,25,2,0x5e8e70,CMP,1,NonLeaf,edi(-1) rbp(-1) ,rflags ,CMP,6,JZ,2,CMP,3,JZ,2,CMP,2,MOV,6,TEST,2,SETNLE,4,CMP,4,ADC,7,0,1,1,0,0,JE,0,0,1,0,0,0,ADC,0,0,6196848,6196879,6196856,0,0,0,1,cpp,7.676507670032239e-08,1.0,1,0,1
0x5e8e6e,JZ,3256,320,-22,2,0x5e8e6b,CMP,1,NonLeaf,esi(-1) ,rflags ,CMP,3,JZ,2,CMP,2,ADD,3,MOV,2,CMP,6,JNZ,2,MOV,6,TEST,2,SETNLE,4,1,1,0,0,0,JE,0,0,0,1,0,0,JNE,1,0,6196843,6196824,6196848,0,0,1,0,cpp,8.513184255321856e-08,0.0982800982800982,0,1,0
0x5e8e36,JLE,2936,0,3191,6,0x5e8e32,CMP,1,NonLeaf,r13d(-1) ,rflags ,CMP,4,JZ,6,TEST,2,OR,3,AND,3,MOV,4,MOV,6,XOR,2,LEA,4,CMP,2,0,1,0,0,0,JNE,0,0,1,0,0,0,JNE,0,0,6196786,6199981,6196796,0,0,0,0,cpp,7.676507670032239e-08,0.0,0,0,0
0x5e8e2c,JZ,2936,0,-1041,6,0x5e8e2a,TEST,1,NonLeaf,al(OR) al(OR) ,rflags ,TEST,2,OR,3,AND,3,MOV,2,JLE,6,CMP,4,JLE,6,MOV,4,MOV,6,XOR,2,0,0,1,0,0,JG,0,0,1,0,0,0,JLE,0,0,6196778,6195739,6196786,0,0,0,0,cpp,7.676507670032239e-08,0.0,0,0,0
0x5e8e13,JNZ,12870,0,1355,6,0x5e8e10,TEST,1,NonLeaf,di(-1) di(-1) ,rflags ,TEST,3,NOP,5,JMP,2,MOV,3,CALL_NEAR,5,CMP,3,JLE,6,MOV,2,AND,3,OR,3,0,0,0,0,0,CALL,0,1,1,0,0,0,JLE,0,0,6196752,6198110,6196761,0,0,1,0,cpp,3.365008641461679e-07,0.0,0,0,0
0x5e8df1,JNZ,123342,110472,-33,2,0x5e8dee,CMP,1,NonLeaf,edx(MOV) r13d(-1) ,rflags ,CMP,3,MOV,3,JBE,6,CMP,3,ADD,4,MOV,7,MOV,7,CALL_NEAR,5,MOV,3,JMP,2,1,1,0,0,0,JE,0,0,1,0,0,0,CALL,0,1,6196715,6196688,6196723,0,0,0,1,cpp,3.224917605712249e-06,0.8956559809310697,1,0,1
0x5e8de5,JBE,123342,12870,315,6,0x5e8de2,CMP,1,NonLeaf,r12(-1) r15(ADD) ,rflags ,CMP,3,ADD,4,ADD,4,MOV,2,JZ,6,MOV,3,CMP,3,JNZ,2,MOV,7,MOV,7,0,1,1,0,0,MOV,1,0,0,0,1,1,JNE,0,0,6196702,6197024,6196715,0,0,0,0,cpp,3.224917605712249e-06,0.1043440190689302,0,0,0
0x5e8dd2,JZ,110472,0,1592,6,0x5e8dd0,CMP,1,NonLeaf,ebx(-1) edx(-1) ,rflags ,CMP,2,NOP,7,JMP,2,MOV,3,MOV,3,MOV,2,ADD,4,ADD,4,CMP,3,JBE,6,0,1,0,0,0,CALL,0,1,1,0,0,0,ADD,0,0,6196688,6198282,6196696,0,0,1,1,cpp,2.888416741566081e-06,0.0,0,0,0
0x5e8d63,JZ,12870,0,14,2,0x5e8d5e,AND,1,NonLeaf,eax(AND) ,eax rflags ,AND,5,JNZ,2,CMP,3,OR,9,SUB,7,LEA,4,SUB,3,OR,5,LEA,5,MOV,7,0,1,1,0,0,AND,0,0,1,0,0,0,OR,0,0,6196574,6196593,6196581,0,0,1,1,cpp,3.365008641461679e-07,0.0,0,1,0
0x5e8d26,JNZ,12870,0,5008,6,0x5e8d1e,CMP,1,NonLeaf,rbp(-1) ,rflags ,CMP,8,ADD,3,LEA,5,IMUL,8,MOV,7,LEA,4,MOV,3,AND,4,MOV,3,AND,7,0,1,0,0,0,CALL,0,1,1,0,0,0,JMP,0,0,6196480,6201526,6196524,0,0,1,0,cpp,3.365008641461679e-07,0.0,0,0,0
0x5e8ce0,JZ,12870,12870,4180,6,0x5e8cdd,TEST,1,NonLeaf,rdi(MOV) rdi(MOV) ,rflags ,TEST,3,MOV,7,MOV,7,CALL_NEAR,5,MOV,7,CALL_NEAR,5,MOV,3,MOV,7,MOVSXD,7,IMUL,4,0,1,0,0,0,JMP,0,0,1,0,0,0,CALL,0,1,6196431,6200628,6196454,0,0,1,1,cpp,3.365008641461679e-07,1.0,1,0,1
0x5e8ca6,JZ,12870,12870,29,2,0x5e8c95,TEST,1,NonLeaf,r12(-1) ,rflags ,MOV,11,TEST,6,JNZ,6,TEST,2,MOV,6,MOV,7,MOV,4,MOV,3,MOV,6,MOV,7,0,1,1,0,0,CALL,0,1,1,0,0,0,MOV,0,0,6196373,6196419,6196392,0,0,1,1,cpp,3.365008641461679e-07,1.0,1,0,1
0x5e8c79,JNZ,12870,0,14,2,0x5e8c77,TEST,1,NonLeaf,al(-1) ,rflags ,TEST,2,ADD,4,MOVZX,6,MOV,6,MOV,4,CMP,6,JZ,6,MOV,6,TEST,2,JNZ,6,0,1,0,0,0,JNE,0,0,1,0,0,0,JE,0,0,6196343,6196359,6196347,0,0,0,0,cpp,3.365008641461679e-07,0.0,0,0,0
0x5e8c3b,JZ,3180,3180,3038,6,0x5e8c39,TEST,1,NonLeaf,eax(MOV) eax(MOV) ,rflags ,TEST,2,MOV,6,JZ,6,TEST,2,XOR,3,MOV,7,TEST,3,JZ,6,MOV,4,CMP,4,0,1,0,0,0,JAE,0,0,1,0,0,0,JE,0,0,6196275,6199321,6196289,0,0,0,0,cpp,8.314473566315571e-08,1.0,1,0,1
0x5e8c2d,JZ,12870,9690,1224,6,0x5e8c2b,TEST,1,NonLeaf,eax(-1) eax(-1) ,rflags ,TEST,2,XOR,3,NOP,3,JMP,5,MOV,7,MOV,6,TEST,2,JZ,6,MOV,7,TEST,3,0,1,0,0,0,JE,0,0,1,0,0,0,JE,0,0,6196267,6197493,6196275,0,0,0,0,cpp,3.365008641461679e-07,0.752913752913753,1,0,1
0x5e8bf0,JS,6959,2860,2502,6,0x5e8bed,TEST,1,NonLeaf,r8d(-1) r8d(-1) ,rflags ,TEST,3,JMP,5,MOV,5,CALL_NEAR,5,MOV,7,LEA,4,MOV,3,MOV,3,CALL_NEAR,5,MOV,4,0,1,0,0,0,CALL,0,1,1,0,0,0,CALL,1,1,6196205,6198710,6196214,0,0,1,1,cpp,1.8195101115720145e-07,0.4109785888777123,0,0,0
0x5e8b9e,JLE,12870,12870,138,6,0x5e8b9c,TEST,1,NonLeaf,edi(-1) edi(-1) ,rflags ,TEST,2,JZ,6,CMP,3,MOV,5,JNZ,6,MOV,6,TEST,2,JZ,6,MOVSXD,3,MOV,3,0,0,0,0,0,XOR,0,0,1,0,0,0,JE,0,0,6196124,6196264,6196132,0,0,0,0,cpp,3.365008641461679e-07,1.0,1,0,1
0x5e8b88,JNZ,12870,0,160,6,0x5e8b7f,AND,1,NonLeaf,edx(AND) ,edx rflags ,MOV,6,AND,3,SUB,2,SAR,4,MOV,6,MOV,5,CMP,3,JZ,6,TEST,2,JLE,6,0,1,0,0,0,XOR,0,0,1,0,0,0,JE,0,0,6196067,6196264,6196110,0,0,0,0,cpp,3.365008641461679e-07,0.0,0,0,0
0x5e8b5a,JZ,9690,9690,9,2,0x5e8b57,TEST,1,NonLeaf,dl(-1) ,rflags ,TEST,3,JNZ,2,TEST,2,MOVZX,6,MOV,6,SUB,7,MOV,3,SUB,3,MOV,3,MOV,7,0,0,1,0,0,JNE,0,0,0,0,0,0,SUB,0,0,6196055,6196067,6196060,1,0,1,1,cpp,2.533561284830122e-07,1.0,1,0,1
0x5e8b55,JNZ,12870,3180,7,2,0x5e8b53,TEST,1,NonLeaf,eax(MOV) eax(MOV) ,rflags ,TEST,2,MOVZX,6,MOV,6,MOV,2,LEA,4,TEST,3,JZ,2,SUB,7,MOV,3,SUB,3,0,1,0,0,0,SUB,0,0,1,0,0,0,JE,0,0,6196039,6196060,6196055,0,0,1,0,cpp,3.365008641461679e-07,0.247086247086247,0,0,0
0x5e8aba,JZ,12870,12870,141,6,0x5e8ab7,CMP,1,NonLeaf,eax(MOV) ,rflags ,CMP,3,MOV,3,JNZ,6,TEST,2,MOV,6,MOV,3,TEST,2,JNZ,6,MOV,3,CMP,4,0,1,1,0,0,JNE,1,0,1,0,0,0,JNE,0,0,6195892,6196039,6195904,0,0,0,0,cpp,3.365008641461679e-07,1.0,1,0,1
0x5e8a63,JZ,12870,12870,81,2,0x5e8a5b,CMP,1,NonLeaf,rbp(-1) ,rflags ,CMP,8,CMOVZ,4,LEA,4,CMP,4,MOV,6,MOV,6,CMP,6,MOV,7,JZ,2,MOV,7,0,1,1,0,0,JE,1,0,1,0,0,0,JE,0,0,6195803,6195892,6195813,0,0,0,0,cpp,3.365008641461679e-07,1.0,1,0,1
0x5e8a3f,JNZ,12870,12870,28,2,0x5e8a3c,TEST,1,NonLeaf,r13d(-1) r13d(-1) ,rflags ,TEST,3,JZ,2,CMP,5,JZ,2,CMP,3,TEST,6,JNZ,2,MOV,6,CMP,4,LEA,4,0,1,1,0,0,JE,0,0,1,0,0,0,JNE,0,0,6195772,6195803,6195777,0,0,0,0,cpp,3.365008641461679e-07,1.0,1,0,1
0x5e8a1e,JNLE,12870,0,23,2,0x5e8a1b,CMP,1,NonLeaf,r13d(-1) esi(-1) ,rflags ,CMP,3,JNZ,6,CMP,5,JZ,6,CMP,5,JMP,2,NOP,6,SUB,4,SUB,4,CMP,3,0,1,0,1,0,JE,0,0,1,0,0,0,JMP,0,0,6195739,6195765,6195744,0,0,0,0,cpp,3.365008641461679e-07,0.0,0,0,0
0x5e89ff,JBE,12870,12870,1041,6,0x5e89f4,CMP,0,NonLeaf,di(-1) ,rflags ,JZ,6,CMP,5,AND,5,MOVZX,4,FNSTCW,3,CMP,5,JZ,6,CMP,5,JNZ,6,CMP,3,0,1,0,0,0,JNE,0,0,1,0,0,0,JE,0,0,6195711,6196752,6195717,0,0,0,0,cpp,3.365008641461679e-07,1.0,1,0,1
0x5e89f9,JZ,12870,0,2438,6,0x5e89f4,CMP,1,NonLeaf,di(AND) ,rflags ,CMP,5,AND,5,MOVZX,4,FNSTCW,3,NOP,3,JBE,6,CMP,5,JZ,6,CMP,5,JNZ,6,0,1,0,0,0,JNE,0,0,1,0,0,0,JBE,0,0,6195688,6198143,6195711,0,0,0,0,cpp,3.365008641461679e-07,0.0,0,0,0
0x5e89e0,JNZ,8198,4103,-16,2,0x5e89dc,SUB,1,NonLeaf,rdi(SUB) ,rdi rflags ,SUB,4,JNZ,6,CMP,6,NOP,10,JMP,2,XOR,3,NOP,3,FNSTCW,3,MOVZX,4,AND,5,1,1,0,0,0,JNE,0,0,0,0,0,0,NOP,1,0,6195676,6195664,6195682,0,0,0,0,cpp,2.1434608269388387e-07,0.5004879238838741,1,1,1
0x5e89d6,JNZ,4103,8,3911,6,0x5e89d0,CMP,1,NonLeaf,r8(-1) rdi(-1) ,rflags ,CMP,6,NOP,10,JMP,2,JZ,2,CMP,6,SUB,4,JNZ,2,XOR,3,NOP,3,FNSTCW,3,0,1,0,0,0,JMP,1,0,0,0,1,1,JNE,0,0,6195664,6199581,6195676,0,1,0,0,cpp,1.0727762592010312e-07,0.0019497928345113,0,0,0
0x5e89b6,JZ,6851,0,44,2,0x5e89b0,TEST,1,NonLeaf,r10(-1) r10(-1) ,rflags ,MOV,3,TEST,3,JNZ,2,MOV,6,CMP,5,MOV,4,CMP,6,JZ,2,JMP,2,NOP,10,0,1,0,0,0,NOP,0,0,1,0,0,0,JE,0,0,6195632,6195682,6195640,0,0,0,0,cpp,1.79127227681849e-07,0.0,0,0,0
0x5e89ae,JNZ,7993,1142,58,2,0x5e89a3,CMP,1,NonLeaf,rbp(-1) ,rflags ,MOV,6,CMP,5,JZ,6,CMP,4,MOV,4,TEST,3,MOV,3,JZ,2,MOV,4,CMP,6,0,0,1,0,0,JE,0,0,1,0,0,0,JE,0,0,6195619,6195688,6195632,0,0,1,0,cpp,2.089861233193722e-07,0.1428750156386838,0,0,0
0x5e8993,JNZ,12261,4877,85,2,0x5e898a,CMP,1,NonLeaf,eax(-1) ,rflags ,MOV,6,CMP,3,JZ,2,MOV,6,MOV,6,MOV,4,CMP,4,JZ,6,CMP,5,MOV,6,0,0,1,0,0,JE,0,0,0,0,0,0,JE,0,0,6195594,6195688,6195605,0,0,1,0,cpp,3.205778628823749e-07,0.3977652720006525,0,0,0
0x5e8988,JZ,12870,609,13,2,0x5e8979,CMP,1,NonLeaf,eax(-1) ,rflags ,MOV,6,MOV,6,CMP,3,CALL_NEAR,5,MOV,6,CMP,3,MOV,6,JNZ,2,MOV,4,CMP,4,0,1,0,0,0,JE,0,0,1,0,0,0,JNE,0,0,6195577,6195605,6195594,0,0,0,0,cpp,3.365008641461679e-07,0.0473193473193473,0,0,0
0x5e895b,JZ,12870,0,1381,6,0x5e8955,CMP,1,NonLeaf,edx(MOV) rbp(-1) ,rflags ,CMP,6,MOV,4,MOV,3,MOV,3,MOV,3,MOV,7,MOV,6,MOV,6,CALL_NEAR,5,CMP,3,0,1,0,0,0,JMP,0,0,1,1,0,0,CALL,0,1,6195537,6196928,6195553,0,0,0,1,cpp,3.365008641461679e-07,0.0,0,0,0
0x5e890d,JNZ,44599,44599,-77,2,0x5e890a,TEST,1,NonLeaf,r8d(MOV) r8d(MOV) ,rflags ,TEST,3,MOV,7,JNZ,2,CMP,3,MOV,3,ADD,7,MOV,6,MOV,6,ADD,7,ADD,2,0,0,0,0,0,MOV,0,0,1,0,0,0,JMP,0,0,6195459,6195392,6195471,0,0,1,1,cpp,1.1660918446041136e-06,1.0,1,0,1
0x5e8901,JNZ,77220,32621,-65,2,0x5e88fe,CMP,1,NonLeaf,eax(-1) ,rflags ,CMP,3,MOV,3,CALL_NEAR,5,ADD,4,ADD,4,MOV,7,TEST,3,JNZ,2,ADD,7,MOV,6,0,1,0,0,0,MOV,0,0,1,0,0,0,JNE,0,0,6195451,6195392,6195459,0,0,1,0,cpp,2.019005184877008e-06,0.4224423724423724,0,0,0
0x5e88de,JLE,12870,12870,100,2,0x5e88d7,CMP,1,NonLeaf,rbp(-1) r15d(-1) ,rflags ,CMP,7,JL,2,MOV,2,CMP,3,MOV,10,CMP,5,JLE,2,MOV,7,ADD,4,ADD,4,0,1,1,0,0,MOV,1,0,1,0,0,0,JLE,0,0,6195415,6195522,6195424,1,0,0,0,cpp,3.365008641461679e-07,1.0,1,0,1
0x5e88d5,JL,90090,77220,18,2,0x5e88d0,CMP,1,NonLeaf,r15d(-1) eax(MOV) ,rflags ,MOV,2,CMP,3,MOV,10,MOV,6,JMP,2,CMP,7,JLE,2,CMP,5,JLE,2,MOV,7,1,1,0,0,0,CALL,0,1,1,1,0,0,JLE,0,0,6195408,6195431,6195415,1,0,1,0,cpp,2.355506049023175e-06,0.8571428571428571,1,0,1
0x5e8890,JLE,12870,0,2018,6,0x5e888e,TEST,1,NonLeaf,eax(MOV) eax(MOV) ,rflags ,TEST,2,MOV,6,MOV,2,MOV,10,LEA,4,XOR,3,MOV,6,MOV,3,MOV,10,MOV,3,0,0,0,0,0,JMP,0,0,1,0,0,0,JMP,0,0,6195336,6197362,6195350,0,1,0,1,cpp,3.365008641461679e-07,0.0,0,0,0
0x5e886c,JLE,10010,0,2004,6,0x5e8869,TEST,1,NonLeaf,r11d(MOV) r11d(MOV) ,rflags ,TEST,3,MOV,7,JNZ,2,TEST,6,LEA,5,MOV,6,LEA,4,MOV,10,MOV,2,MOV,6,0,1,0,0,0,JLE,0,0,0,0,0,0,MOV,0,0,6195298,6197312,6195314,0,0,0,1,cpp,2.617228943359084e-07,0.0,0,0,0
0x5e8860,JNZ,10010,0,18,2,0x5e885a,TEST,1,NonLeaf,r12(-1) ,rflags ,TEST,6,LEA,5,SUB,3,MOV,6,MOV,2,MOV,7,TEST,3,JLE,6,MOV,6,LEA,4,0,1,0,0,0,MOV,0,0,1,0,0,0,JLE,0,0,6195290,6195314,6195298,0,0,1,0,cpp,2.617228943359084e-07,0.0,0,0,0
0x5e8834,JNLE,30392,20382,-20,2,0x5e8831,CMP,1,NonLeaf,r15d(-1) ebx(ADD) ,rflags ,CMP,3,ADD,4,MOV,5,CALL_NEAR,5,MOV,3,MOV,6,MOV,7,MOV,7,MOV,2,MOV,6,0,0,0,1,1,CALL,0,1,1,1,0,0,LEA,1,0,6195240,6195232,6195254,0,0,1,1,cpp,7.946335868788139e-07,0.6706370097394051,1,1,1
0x5e87ea,JLE,10010,0,4689,6,0x5e87e7,TEST,1,NonLeaf,r15d(MOV) r15d(MOV) ,rflags ,TEST,3,XOR,3,MOV,7,JZ,6,CMP,4,MOV,7,MOV,7,MOV,3,MOV,7,MOV,7,0,1,0,0,0,JMP,0,0,1,0,0,0,NOP,0,0,6195165,6199867,6195184,0,0,1,1,cpp,2.617228943359084e-07,0.0,0,0,0
0x5e87d7,JZ,2860,2860,3294,6,0x5e87d3,CMP,1,NonLeaf,r13d(-1) ,rflags ,CMP,4,JZ,2,TEST,2,MOV,3,LEA,4,MOV,7,XOR,3,TEST,3,JLE,6,MOV,7,0,1,0,0,0,JMP,0,0,0,0,0,0,JLE,0,0,6195155,6198453,6195165,0,0,1,0,cpp,7.477796981025953e-08,1.0,1,0,1
0x5e87d1,JZ,12870,10010,12,2,0x5e87cf,TEST,1,NonLeaf,eax(MOV) eax(MOV) ,rflags ,TEST,2,MOV,3,LEA,4,MOV,7,AND,8,CMP,4,JZ,6,MOV,7,XOR,3,TEST,3,0,1,0,0,0,JLE,0,0,1,0,0,0,JE,0,0,6195137,6195165,6195155,0,0,0,0,cpp,3.365008641461679e-07,0.7777777777777778,1,0,1
0x5e878a,JZ,12870,0,14,2,0x5e8785,AND,1,NonLeaf,eax(AND) ,eax rflags ,AND,5,JNZ,2,CMP,3,OR,9,SUB,7,LEA,4,SUB,3,OR,5,LEA,5,MOV,11,0,1,1,0,0,AND,0,0,1,0,0,0,OR,0,0,6195077,6195096,6195084,0,0,1,1,cpp,3.365008641461679e-07,0.0,0,1,0
0x5e8783,JNZ,12870,0,-19,2,0x5e8780,CMP,1,NonLeaf,rsp(-1) rdx(-1) ,rflags ,CMP,3,OR,9,SUB,7,NOP,9,JMP,2,AND,5,JZ,2,LEA,4,SUB,3,OR,5,1,1,0,0,0,OR,0,0,1,1,0,0,JE,1,0,6195072,6195056,6195077,1,0,1,0,cpp,3.365008641461679e-07,0.0,0,1,0
0x5e8744,JNBE,12870,0,6239,6,0x5e873d,CMP,1,NonLeaf,r14(LEA) ,rflags ,CMP,7,LEA,8,MOV,7,JB,6,CMP,3,LEA,4,MOV,3,AND,4,MOV,3,AND,7,0,1,0,0,0,CALL,0,1,1,0,0,0,JMP,0,0,6194990,6201251,6195018,0,0,1,0,cpp,3.365008641461679e-07,0.0,0,0,0
0x5e8728,JB,12870,0,6110,6,0x5e8725,CMP,1,NonLeaf,rdi(-1) rax(MOVSXD) ,rflags ,CMP,3,MOVSXD,7,JNBE,6,CMP,3,MOV,10,MOV,7,LEA,8,CMP,7,JNBE,6,LEA,4,0,0,0,0,0,JMP,1,0,1,0,0,0,JA,0,0,6194974,6201094,6194990,0,0,1,0,cpp,3.365008641461679e-07,0.0,0,0,0
0x5e86d3,JZ,12870,12870,3410,6,0x5e86d0,TEST,1,NonLeaf,rax(MOV) rax(MOV) ,rflags ,TEST,3,MOV,7,MOV,6,CMOVNZ,7,MOV,6,MOVZX,3,MOV,10,LEA,3,MOV,6,MOV,5,0,1,0,0,0,JMP,0,0,1,0,0,0,JBE,0,0,6194889,6198309,6194905,0,1,1,1,cpp,3.365008641461679e-07,1.0,1,0,1
0x5e863e,JZ,12870,12870,3256,6,0x5e8637,CMP,1,NonLeaf,rbp(-1) ,rflags ,CMP,7,JZ,6,MOV,6,CMP,2,MOV,3,MOV,4,TEST,2,MOV,2,JS,6,MOV,5,0,1,0,0,0,JS,0,0,1,0,0,0,JS,0,0,6194743,6198006,6194756,0,0,1,0,cpp,3.365008641461679e-07,1.0,1,0,1
0x5e8631,JZ,12870,0,2207,6,0x5e8629,CMP,1,NonLeaf,al(MOV) ,rflags ,MOV,6,CMP,2,MOV,3,MOV,4,MOVSXD,3,CMP,7,JZ,6,MOV,4,TEST,2,MOV,2,0,1,0,0,0,JS,0,0,1,0,0,0,JE,0,0,6194696,6196944,6194743,0,0,1,0,cpp,3.365008641461679e-07,0.0,0,0,0
0x5e859c,JL,5911,0,5973,6,0x5e8599,CMP,1,NonLeaf,eax(-1) r8d(-1) ,rflags ,CMP,3,JNZ,6,TEST,3,SUB,3,MOV,6,MOVSXD,3,MOV,3,ADD,4,SUB,3,MOV,3,0,1,0,0,0,CALL,0,1,0,0,0,0,CALL,0,1,6194585,6200561,6194594,0,0,1,1,cpp,1.5454985298896648e-07,0.0,0,0,0
0x5e8593,JNZ,5911,0,5024,6,0x5e8590,TEST,1,NonLeaf,r14d(-1) r14d(-1) ,rflags ,TEST,3,SUB,3,MOV,6,CMOVLE,3,CMP,2,CMP,3,JL,6,MOVSXD,3,MOV,3,ADD,4,0,1,0,0,0,JGE,0,0,1,0,0,0,JL,0,0,6194567,6199603,6194585,0,0,0,0,cpp,1.5454985298896648e-07,0.0,0,0,0
0x5e8506,JNZ,5911,0,6252,6,0x5e8503,TEST,1,NonLeaf,rdx(MOV) rdx(MOV) ,rflags ,TEST,3,MOV,3,MOV,4,JLE,6,MOV,3,MOV,4,CMP,4,JNZ,6,LEA,4,MOV,5,0,1,0,0,0,JMP,0,0,1,0,0,0,JNE,0,0,6194428,6200690,6194444,0,0,0,0,cpp,1.5454985298896648e-07,0.0,0,0,0
0x5e84f6,JLE,5911,0,274,6,0x5e84e6,TEST,1,NonLeaf,rdx(-1) rdx(-1) ,rflags ,MOV,3,MOV,7,MOV,3,TEST,3,MOV,6,MOV,4,MOV,3,TEST,3,JNZ,6,MOV,4,0,0,1,0,0,JE,1,0,1,0,0,0,JNE,0,0,6194400,6194696,6194428,0,0,1,0,cpp,1.5454985298896648e-07,0.0,0,0,0
0x5e8482,JS,14879,6123,-1145,6,0x5e8480,TEST,1,NonLeaf,eax(-1) eax(-1) ,rflags ,TEST,2,CALL_NEAR,5,MOV,3,MOV,4,MOV,4,NOP,8,MOV,4,MOV,4,LEA,8,MOV,4,0,0,0,0,0,MOV,0,0,1,0,0,0,NOP,0,0,6194304,6193161,6194312,0,0,0,0,cpp,3.890284660163817e-07,0.4115195913703878,0,0,0
0x5e8036,JZ,14879,6327,-94,2,0x5e8033,TEST,1,NonLeaf,rdx(-1) rdx(-1) ,rflags ,TEST,3,JNLE,2,CMP,2,SUB,3,ADD,3,MOV,4,MOV,4,MOV,4,MOV,4,LEA,8,0,1,0,0,0,CALL,0,1,1,0,0,0,CALL,0,1,6193203,6193112,6193208,0,0,1,1,cpp,3.890284660163817e-07,0.4252301902009543,0,0,0
0x5e8031,JNLE,76843,61964,-36,2,0x5e802f,CMP,1,NonLeaf,eax(SUB) ecx(MOV) ,rflags ,CMP,2,SUB,3,ADD,3,MOV,4,SUB,4,TEST,3,JZ,2,MOV,4,MOV,4,MOV,4,1,1,1,0,0,JBE,0,0,1,0,0,0,JE,0,0,6193185,6193165,6193203,0,0,0,0,cpp,2.009148088856564e-06,0.8063714326614005,1,0,1
0x5e8018,JBE,76843,5911,1224,6,0x5e8011,CMP,1,NonLeaf,r13(-1) ,rflags ,CMP,7,SUB,4,MOV,4,JZ,6,JL,6,MOV,3,SUB,4,MOV,4,ADD,3,SUB,3,0,1,1,0,0,JLE,1,0,1,0,0,0,MOV,0,0,6193165,6194400,6193182,0,0,1,0,cpp,2.009148088856564e-06,0.0769230769230769,0,0,0
0x5e8003,JZ,14879,14879,1133,6,0x5e7ff9,CMP,0,NonLeaf,rbx(-1) rbp(-1) ,rflags ,JL,6,CMP,4,CALL_NEAR,5,LEA,8,LEA,8,MOV,4,SUB,4,CMP,7,JBE,6,MOV,3,0,1,0,0,0,CALL,0,1,1,0,0,0,MOV,0,0,6193155,6194288,6193161,0,0,1,0,cpp,3.890284660163817e-07,1.0,1,0,1
0x5e7ffd,JL,14879,0,1171,6,0x5e7ff9,CMP,1,NonLeaf,rbx(-1) rbp(-1) ,rflags ,CMP,4,CALL_NEAR,5,LEA,8,LEA,8,MOV,4,JZ,6,MOV,4,SUB,4,CMP,7,JBE,6,0,1,0,0,0,CALL,0,1,1,0,0,0,JE,0,0,6193145,6194320,6193155,0,0,1,0,cpp,3.890284660163817e-07,0.0,0,0,0
0x5e7f75,JLE,5911,5911,55,2,0x5e7f72,CMP,1,NonLeaf,edx(-1) ,rflags ,CMP,3,MOV,4,ADD,3,XOR,3,MOV,3,TEST,3,MOV,5,MOV,4,CMOVNLE,4,XOR,2,0,1,1,0,0,JMP,0,0,1,0,0,0,CALL,0,1,6193010,6193068,6193015,0,0,1,1,cpp,1.5454985298896648e-07,1.0,1,0,1
0x5e7f36,JNZ,5911,5911,5374,6,0x5e7f33,TEST,1,NonLeaf,dl(LEA) ,rflags ,TEST,3,LEA,4,JLE,6,MOV,4,CMP,4,LEA,3,TEST,2,MOV,3,CMOVNS,3,SAR,3,0,1,0,0,0,CALL,0,1,1,0,0,0,JS,0,0,6192943,6198324,6192956,1,0,1,0,cpp,1.5454985298896648e-07,1.0,1,0,1
0x5e7f29,JLE,12870,6959,3268,6,0x5e7f21,CMP,1,NonLeaf,r8d(-1) ,rflags ,MOV,4,CMP,4,AND,4,MOV,8,LEA,5,LEA,4,TEST,3,JNZ,6,LEA,3,TEST,2,0,1,0,0,0,JS,1,0,1,0,0,0,JNE,1,0,6192912,6196205,6192943,0,0,0,0,cpp,3.365008641461679e-07,0.5407148407148407,1,1,1
0x5e7f02,JZ,12870,0,14,2,0x5e7efc,AND,1,NonLeaf,ecx(AND) ,ecx rflags ,AND,6,JNZ,2,CMP,3,OR,9,SUB,7,LEA,4,SUB,3,OR,5,LEA,5,MOV,8,0,1,1,0,0,JLE,0,0,1,0,0,0,OR,0,0,6192892,6192912,6192900,0,0,1,1,cpp,3.365008641461679e-07,0.0,0,1,0
0x5e7efa,JNZ,12870,0,-19,2,0x5e7ef7,CMP,1,NonLeaf,rsp(-1) rdx(-1) ,rflags ,CMP,3,OR,9,SUB,7,JMP,2,MOV,3,AND,6,JZ,2,LEA,4,SUB,3,OR,5,1,1,0,0,0,OR,0,0,1,1,0,0,JE,1,0,6192887,6192871,6192892,1,0,1,0,cpp,3.365008641461679e-07,0.0,0,1,0
0x5e7eab,JNZ,12870,0,-19,2,0x5e7ea8,CMP,1,NonLeaf,rsp(-1) rsi(-1) ,rflags ,CMP,3,OR,9,SUB,7,NOP,6,JMP,2,AND,6,JZ,2,LEA,4,SUB,3,OR,5,1,1,0,0,0,OR,0,0,1,1,0,0,JE,1,0,6192808,6192792,6192813,1,0,1,0,cpp,3.365008641461679e-07,0.0,0,1,0
0x5e7e5b,JZ,12870,0,14,2,0x5e7e55,AND,1,NonLeaf,edx(AND) ,edx rflags ,AND,6,JNZ,2,CMP,3,OR,9,SUB,7,LEA,4,SUB,3,OR,5,MOV,3,LEA,5,0,1,1,0,0,JMP,0,0,1,0,0,0,OR,0,0,6192725,6192745,6192733,0,0,1,1,cpp,3.365008641461679e-07,0.0,0,1,0
0x5e7e53,JNZ,12870,0,-19,2,0x5e7e50,CMP,1,NonLeaf,rsp(-1) rsi(-1) ,rflags ,CMP,3,OR,9,SUB,7,NOP,9,JMP,2,AND,6,JZ,2,LEA,4,SUB,3,OR,5,1,1,0,0,0,OR,0,0,1,1,0,0,JE,1,0,6192720,6192704,6192725,1,0,1,0,cpp,3.365008641461679e-07,0.0,0,1,0
0x5e7d3f,JNZ,12870,0,19,2,0x5e7d3d,TEST,1,NonLeaf,eax(-1) eax(-1) ,rflags ,TEST,2,CALL_NEAR,5,MOVSD_XMM,8,NOP,4,JMP,5,JMP,5,NOP,10,FSTP,2,MOV,7,MOVSXD,5,0,0,0,0,0,JMP,1,0,1,0,0,0,JMP,0,0,6192445,6192466,6192449,1,0,1,0,cpp,3.365008641461679e-07,0.0,0,0,0
0x5e7c1f,JZ,12870,12870,273,6,0x5e7c1d,TEST,1,NonLeaf,eax(-1) eax(-1) ,rflags ,TEST,2,CALL_NEAR,5,MOVSD_XMM,8,MOVAPD,4,MOVSD_XMM,4,MOV,7,MOVSXD,5,MOV,6,MOV,7,MOV,6,0,1,0,0,0,CALL,0,1,1,0,0,0,CMOVE,1,0,6192157,6192432,6192165,0,0,1,1,cpp,3.365008641461679e-07,1.0,1,0,1
0x5e7b97,JZ,12870,12870,113,2,0x5e7b90,TEST,1,NonLeaf,r13b(-1) ,rflags ,MOV,3,TEST,4,MOV,11,MOV,10,MOV,11,FLD,2,FLD,2,FSTP,3,FSTP,6,CALL_NEAR,5,0,1,0,0,0,CALL,0,1,1,0,0,0,CALL,0,1,6192016,6192136,6192025,0,0,1,1,cpp,3.365008641461679e-07,1.0,1,0,1
0x5e7a84,JNS,12870,12870,236,6,0x5e7a6a,TEST,1,NonLeaf,r13b(MOVZX) r13b(MOVZX) ,rflags ,MOV,6,MOV,3,MOV,7,MOV,4,MOV,3,MOV,4,MOV,7,MOV,3,MOVZX,3,LEA,3,0,0,0,0,0,MOV,0,0,1,0,0,0,MOV,0,0,6191705,6191984,6191754,0,0,1,1,cpp,3.365008641461679e-07,1.0,1,0,1
0x5e7a53,JNZ,12870,0,173,6,0x5e7a47,AND,1,NonLeaf,ecx(AND) ,ecx rflags ,MOV,6,MOVZX,3,AND,3,AND,3,SHR,3,MOV,7,MOVZX,6,MOV,4,TEST,3,MOV,3,0,1,0,0,0,JNE,0,0,1,0,0,0,JNS,0,0,6191632,6191872,6191705,0,0,1,1,cpp,3.365008641461679e-07,0.0,0,0,0
0x5e79e2,JLE,20020,910,-278,6,0x5e79dc,TEST,1,NonLeaf,eax(MOV) eax(MOV) ,rflags ,MOV,4,TEST,2,LEA,3,MOV,5,MOV,4,ADD,4,MOV,2,POP,1,POP,1,RET_NEAR,1,0,0,0,0,0,JE,0,0,1,0,0,0,RET,0,0,6191568,6191308,6191592,0,0,0,0,cpp,5.234457886718168e-07,0.0454545454545454,0,0,0
0x5e7962,JZ,67670,0,25,2,0x5e795c,CMP,1,NonLeaf,rdi(MOV) rdx(-1) ,rflags ,CMP,6,LEA,4,MOV,4,JZ,2,MOV,4,JMP,5,NOP,7,LEA,4,CMP,5,JNZ,2,0,1,0,1,0,JNE,0,0,1,0,0,0,JMP,0,0,6191444,6191483,6191460,0,0,0,0,cpp,1.7693095164546373e-06,0.0,0,1,0
0x5e7952,JZ,67670,0,49,2,0x5e7944,TEST,1,NonLeaf,rdx(MOV) rdx(MOV) ,rflags ,MOV,4,MOV,3,MOV,4,TEST,3,SUB,3,MOV,4,LEA,4,CMP,6,JZ,2,JMP,5,0,1,0,0,0,RET,0,0,1,0,0,0,JE,0,0,6191413,6191491,6191444,0,0,1,0,cpp,1.7693095164546373e-06,0.0,0,0,0
0x5e78fb,JZ,67670,9364,22,2,0x5e78f8,TEST,1,NonLeaf,rax(-1) rax(-1) ,rflags ,TEST,3,CALL_NEAR,5,MOV,3,MOV,5,MOV,5,MOV,4,LEA,4,MOV,4,MOV,4,MOV,4,0,1,1,0,0,RET,0,0,1,0,0,0,MOV,0,0,6191352,6191377,6191357,0,0,0,1,cpp,1.7693095164546373e-06,0.1383774198315354,0,0,0
0x5e78d3,JZ,101372,33702,205,6,0x5e78d0,TEST,1,NonLeaf,r9(MOV) r9(MOV) ,rflags ,TEST,3,MOV,4,JZ,6,CMP,5,JZ,2,MOV,4,CMP,3,JLE,2,MOV,4,MOV,5,0,1,0,0,0,CALL,0,1,1,0,0,0,JLE,0,0,6191308,6191520,6191321,0,0,1,0,cpp,2.650486837624346e-06,0.3324586670875586,0,0,0
0x5e78c6,JZ,20020,20020,266,6,0x5e78c1,CMP,1,NonLeaf,r10(-1) ,rflags ,CMP,5,JZ,2,TEST,2,MOV,4,SUB,4,MOV,4,TEST,3,JZ,6,MOV,4,CMP,3,0,1,0,0,0,JLE,0,0,0,0,0,0,JE,0,0,6191297,6191568,6191308,0,0,1,0,cpp,5.234457886718168e-07,1.0,1,0,1
0x5e78bf,JZ,120482,100462,13,2,0x5e78bd,TEST,1,NonLeaf,eax(MOV) eax(MOV) ,rflags ,TEST,2,MOV,4,SUB,4,MOV,3,PUSH,1,CMP,5,JZ,6,MOV,4,TEST,3,JZ,6,0,1,0,0,0,JE,0,0,1,0,0,0,JE,0,0,6191280,6191308,6191297,0,0,0,0,cpp,3.1501396359019893e-06,0.8338340996995401,1,0,1
0x5e64e7,JNB,3512,0,2778,6,0x5e64e4,CMP,1,NonLeaf,edx(-1) ,rflags ,CMP,3,JNZ,6,CMP,7,JMP,2,MOV,4,MOV,2,ADD,4,ADD,3,MOV,3,MOVSXD,3,0,1,0,0,0,JMP,0,0,1,0,0,0,MOV,0,0,6186212,6188993,6186221,0,1,1,1,cpp,9.182525523553549e-08,0.0,0,0,0
0x5e64de,JNZ,3512,0,4039,6,0x5e64d7,CMP,1,NonLeaf,rbp(-1) ,rflags ,CMP,7,JMP,2,MOV,4,LEA,4,MOV,4,CMP,3,JNB,6,MOV,2,ADD,4,ADD,3,0,1,0,0,0,JAE,0,0,1,0,0,0,JAE,0,0,6186199,6190245,6186212,0,0,0,0,cpp,9.182525523553549e-08,0.0,0,0,0
0x5e648f,JZ,3512,3512,72,2,0x5e6488,CMP,1,NonLeaf,rbp(-1) ,rflags ,CMP,7,JMP,2,MOV,4,LEA,4,MOV,4,CMP,3,JNB,2,MOV,2,ADD,4,ADD,3,0,1,0,0,0,JNE,0,0,1,0,0,0,JAE,0,0,6186120,6186199,6186129,0,0,0,0,cpp,9.182525523553549e-08,1.0,1,0,1
0x5e6429,JNS,3512,3512,56,2,0x5e6426,TEST,1,NonLeaf,rax(-1) rax(-1) ,rflags ,TEST,3,MOV,3,MOV,3,ADD,3,ADD,4,NEG,3,MOV,10,MOV,6,MOV,7,JMP,5,0,1,0,0,0,JMP,0,0,1,0,0,0,JMP,0,0,6186022,6186081,6186027,0,1,1,1,cpp,9.182525523553549e-08,1.0,1,0,1
0x5e6295,JZ,3512,3512,-12311,6,0x5e628e,CMP,1,NonLeaf,rbp(-1) ,rflags ,CMP,7,JMP,5,MOV,4,LEA,4,MOV,4,MOV,4,CMP,4,JNB,2,LEA,4,MOV,4,0,0,0,0,0,JE,0,0,1,0,0,0,JAE,0,0,6185614,6173310,6185627,0,0,0,0,cpp,9.182525523553549e-08,1.0,1,0,1
0x5e60e6,JNB,12870,0,184,6,0x5e60e0,CMP,1,NonLeaf,edx(MOV) ,rflags ,CMP,6,MOV,4,JMP,5,MOV,4,LEA,4,MOV,2,ADD,4,ADD,3,MOV,4,MOVSD_XMM,4,0,1,0,0,0,JMP,0,0,1,0,0,0,MOV,0,0,6185180,6185374,6185196,0,1,1,1,cpp,3.365008641461679e-07,0.0,0,0,0
0x5e60c0,JNS,12870,12870,-497,6,0x5e60be,TEST,1,NonLeaf,eax(-1) eax(-1) ,rflags ,TEST,2,CALL_NEAR,5,MOV,7,MOV,3,MOV,3,JMP,5,MOV,4,LEA,4,MOV,4,JMP,5,0,0,0,0,0,JBE,0,0,1,0,0,0,JMP,1,0,6185150,6184655,6185158,0,0,0,0,cpp,3.365008641461679e-07,1.0,1,0,1
0x5e6080,JZ,12870,12870,92,2,0x5e606b,TEST,1,NonLeaf,esi(-1) esi(-1) ,rflags ,MOV,6,MOVZX,7,MOV,6,TEST,2,SHL,3,MOV,4,ADD,4,AND,4,LEA,4,MOV,4,0,1,0,0,0,JAE,0,0,1,0,0,0,FSTP,0,0,6184912,6185180,6185090,0,0,0,1,cpp,3.365008641461679e-07,1.0,1,0,1
0x5e5ee0,JBE,12870,12870,-13300,6,0x5e5ede,CMP,1,NonLeaf,eax(-1) edx(SUB) ,rflags ,CMP,2,ADD,2,SUB,2,MOV,5,MOV,6,JMP,5,MOV,3,CMP,3,JNB,6,MOV,2,0,0,0,0,0,JNE,0,0,1,0,0,0,JMP,1,0,6184655,6171372,6184678,0,0,0,0,cpp,3.365008641461679e-07,1.0,1,1,1
0x5e4e76,JNB,1,0,2617,6,0x5e4e73,CMP,1,NonLeaf,edx(MOV) ,rflags ,CMP,3,MOV,3,JMP,5,JNZ,6,MOV,6,MOV,2,ADD,4,ADD,3,MOV,3,MOV,3,0,1,0,0,0,JMP,0,0,1,0,0,0,MOV,0,0,6180464,6183087,6180476,0,1,1,1,cpp,2.6146143290300536e-11,0.0,0,0,0
0x5e4a17,JZ,3512,3512,-177,6,0x5e4a10,CMP,1,NonLeaf,rbp(-1) ,rflags ,CMP,7,JMP,5,MOV,7,MOV,7,CALL_NEAR,5,MOV,7,MOV,7,MOV,3,MOV,3,MOV,7,0,0,1,0,0,JE,0,0,1,0,0,0,CALL,0,1,6179344,6179174,6179357,0,0,0,1,cpp,9.182525523553549e-08,1.0,1,0,1
0x5e49e2,JZ,3512,3512,-115,2,0x5e49db,CMP,1,NonLeaf,rbp(-1) ,rflags ,CMP,7,JMP,5,MOV,10,JMP,5,MOV,7,MOV,7,MOV,3,MOV,3,MOV,7,CALL_NEAR,5,0,0,1,0,0,JG,0,0,1,0,0,0,CALL,0,1,6179291,6179183,6179300,0,0,0,1,cpp,9.182525523553549e-08,1.0,1,0,1
0x5e499e,JZ,2002,2002,-6124,6,0x5e4997,CMP,1,NonLeaf,rbp(-1) ,rflags ,CMP,7,JZ,6,CMP,8,JNLE,6,CMP,3,CMP,7,JNZ,6,MOV,7,MOV,4,SUB,4,0,0,1,0,0,JNE,0,0,1,0,0,0,JNE,0,0,6179223,6173106,6179236,0,0,1,0,cpp,5.2344578867181685e-08,1.0,1,0,1
0x5e4991,JZ,3512,1510,-6111,6,0x5e4989,CMP,1,NonLeaf,rbp(-1) ,rflags ,CMP,8,JNLE,6,CMP,3,SUB,7,MOV,3,CMP,7,JZ,6,CMP,7,JNZ,6,MOV,7,0,0,1,0,0,JNE,0,0,1,0,0,0,JE,0,0,6179209,6173106,6179223,0,0,1,0,cpp,9.182525523553549e-08,0.4299544419134396,0,0,0
0x5e4983,JNLE,3512,0,-6097,6,0x5e4980,CMP,1,NonLeaf,rax(MOVSXD) rdx(SUB) ,rflags ,CMP,3,SUB,7,MOV,3,MOVSXD,7,JZ,2,CMP,8,JZ,6,CMP,7,JZ,6,CMP,7,0,0,1,0,0,JNE,0,0,1,0,0,0,JE,0,0,6179183,6173106,6179209,1,0,1,0,cpp,9.182525523553549e-08,0.0,0,1,0
0x5e496d,JZ,3512,3512,110,2,0x5e4966,CMP,1,NonLeaf,rbp(-1) ,rflags ,CMP,7,JNZ,6,MOV,7,MOV,7,CMP,8,MOVSXD,7,MOV,3,SUB,7,CMP,3,JNLE,6,0,1,0,0,0,JE,0,0,1,1,0,0,JG,0,0,6179174,6179291,6179183,0,0,0,0,cpp,9.182525523553549e-08,1.0,1,0,1
0x5e4960,JNZ,3512,3512,176,6,0x5e494a,CMP,1,NonLeaf,rbp(-1) ,rflags ,MOV,7,MOV,7,CMP,8,CALL_NEAR,5,SETZ,3,CMP,7,JZ,2,MOVSXD,7,MOV,3,SUB,7,0,1,0,0,0,JE,0,0,1,1,0,0,JE,0,0,6179146,6179344,6179174,0,0,0,0,cpp,9.182525523553549e-08,1.0,1,0,1
0x5e478c,JBE,1,1,-7328,6,0x5e4785,CMP,1,NonLeaf,rbp(-1) rax(CDQE) ,rflags ,CMP,7,CDQE,2,ADD,2,SUB,2,MOV,5,JMP,5,XOR,2,OR,4,MOV,3,SCASB,2,0,0,0,0,0,JNE,0,0,1,0,0,0,JMP,1,0,6178670,6171372,6178706,0,0,0,0,cpp,2.6146143290300536e-11,1.0,1,1,1
0x5e4768,JNZ,1,0,-7154,6,0x5e4761,CMP,1,NonLeaf,rbp(-1) rax(-1) ,rflags ,CMP,7,CALL_NEAR,4,MOV,3,MOV,3,MOV,7,MOV,6,MOV,6,MOV,5,SUB,2,ADD,2,0,0,0,0,0,MOV,1,0,1,0,0,0,JBE,0,0,6178657,6171510,6178670,0,0,1,0,cpp,2.6146143290300536e-11,0.0,0,0,0
0x5e473b,JNBE,1,1,21,2,0x5e4734,CMP,1,NonLeaf,rbp(-1) rax(SUB) ,rflags ,CMP,7,SUB,6,MOV,3,MOV,7,JMP,5,MOV,7,CALL_NEAR,5,MOV,7,MOV,7,MOV,3,0,1,1,0,0,CALL,0,1,1,0,0,0,CALL,0,1,6178596,6178640,6178621,0,0,1,1,cpp,2.6146143290300536e-11,1.0,1,0,1
0x5e4587,JS,1,1,413,6,0x5e457e,SUB,1,NonLeaf,r13d(SUB) eax(MOV) ,r13d rflags ,MOV,6,SUB,3,MOV,7,MOV,7,MOV,10,CMP,7,JNZ,2,TEST,3,JZ,2,MOVSXD,3,0,1,0,0,0,JA,0,0,1,0,0,0,JNE,0,0,6178160,6178596,6178189,0,0,0,0,cpp,2.6146143290300536e-11,1.0,1,0,1
0x5e4531,JNZ,1,0,657,6,0x5e452a,CMP,1,NonLeaf,rbp(-1) ,rflags ,CMP,7,JZ,6,CMP,7,JZ,6,TEST,3,MOV,6,CMP,3,JZ,6,MOV,3,MOVSXD,3,0,0,0,0,0,JS,0,0,1,0,0,0,JE,0,0,6178090,6178754,6178103,0,0,1,0,cpp,2.6146143290300536e-11,0.0,0,0,0
0x5e4524,JZ,1,0,670,6,0x5e451d,CMP,1,NonLeaf,rbp(-1) ,rflags ,CMP,7,JZ,6,TEST,3,MOV,3,MOV,10,CMP,7,JNZ,6,MOV,6,CMP,3,JZ,6,0,1,0,0,0,JS,0,0,1,0,0,0,JNE,0,0,6178077,6178754,6178090,0,0,1,0,cpp,2.6146143290300536e-11,0.0,0,0,0
0x5e339e,JLE,3512,3512,-2226,6,0x5e339b,CMP,1,NonLeaf,r13(-1) rax(CDQE) ,rflags ,CMP,3,CDQE,2,ADD,3,SUB,2,MOV,5,MOV,7,MOV,7,JMP,5,CALL_NEAR,5,MOV,7,0,0,0,0,0,JNE,0,0,0,0,0,0,JMP,1,0,6173577,6171372,6173604,0,0,0,1,cpp,9.182525523553549e-08,1.0,1,1,1
0x5e3383,JNZ,3512,0,-2061,6,0x5e3380,CMP,1,NonLeaf,r13(-1) rax(-1) ,rflags ,CMP,3,CALL_NEAR,3,MOV,3,SUB,3,MOV,3,MOV,6,MOV,5,SUB,2,ADD,3,CDQE,2,0,0,0,0,0,MOV,1,0,1,0,0,0,JLE,0,0,6173568,6171510,6173577,0,0,1,0,cpp,9.182525523553549e-08,0.0,0,0,0
0x5e3367,JBE,3512,0,6719,6,0x5e3360,CMP,1,NonLeaf,rbp(-1) rdx(SUB) ,rflags ,CMP,7,SUB,7,MOV,3,MOV,7,JNBE,2,MOV,7,MOV,3,SUB,3,MOV,3,CALL_NEAR,3,0,1,0,0,0,CALL,0,1,1,1,0,0,CALL,0,1,6173519,6180262,6173549,0,0,1,1,cpp,9.182525523553549e-08,0.0,0,0,0
0x5e3302,JLE,3512,3512,77,2,0x5e3300,TEST,1,NonLeaf,ecx(ADD) ecx(ADD) ,rflags ,TEST,2,ADD,6,ADD,7,JZ,6,CMP,10,MOVSXD,3,MOV,5,MOV,3,MOV,3,MOV,7,0,1,0,0,0,JBE,0,0,1,0,0,0,CALL,0,1,6173434,6173519,6173444,0,0,0,1,cpp,9.182525523553549e-08,1.0,1,0,1
0x5e328f,JZ,2002,2002,107,2,0x5e3288,CMP,1,NonLeaf,rbp(-1) ,rflags ,CMP,7,JZ,2,CMP,8,ADD,7,JZ,6,CMP,7,JNZ,2,MOV,4,CMP,4,JNB,6,0,0,0,0,0,JLE,0,0,1,0,0,0,JNE,0,0,6173320,6173434,6173329,0,0,0,0,cpp,5.2344578867181685e-08,1.0,1,0,1
0x5e3286,JZ,3512,1510,116,2,0x5e327e,CMP,1,NonLeaf,rbp(-1) ,rflags ,CMP,8,ADD,7,JZ,6,CMP,10,MOV,3,CMP,7,JZ,2,CMP,7,JNZ,2,MOV,4,0,1,0,0,0,JLE,0,0,1,0,0,0,JE,0,0,6173310,6173434,6173320,0,0,0,0,cpp,9.182525523553549e-08,0.4299544419134396,0,0,0
0x5e3248,JZ,3512,3512,5800,6,0x5e3245,TEST,1,NonLeaf,r10d(-1) r10d(-1) ,rflags ,TEST,3,JZ,6,CMP,7,ADC,3,CMP,3,MOV,4,CMP,4,JNB,6,LEA,4,MOV,4,0,1,0,0,0,JE,0,0,1,0,0,0,JAE,0,0,6173253,6179056,6173262,0,0,0,0,cpp,9.182525523553549e-08,1.0,1,0,1
0x5e323f,JZ,3512,3512,6911,6,0x5e3238,CMP,1,NonLeaf,rbp(-1) ,rflags ,CMP,7,ADC,3,CMP,3,OR,6,OR,3,TEST,3,JZ,6,MOV,4,CMP,4,JNB,6,0,1,0,0,0,JLE,0,0,1,0,0,0,JE,0,0,6173219,6180158,6173253,0,0,0,0,cpp,9.182525523553549e-08,1.0,1,0,1
0x5e31e6,JNZ,3512,0,6250,6,0x5e31d2,CMP,1,NonLeaf,rbp(-1) ,rflags ,MOV,6,MOV,7,CMP,7,CMOVNS,4,MOV,5,MOV,6,ADD,6,SUB,6,CMP,8,JZ,2,0,1,0,0,0,JE,0,0,1,0,0,0,JE,0,0,6173106,6179408,6173164,0,0,0,0,cpp,9.182525523553549e-08,0.0,0,0,0
0x5e3165,JS,3512,3512,6247,6,0x5e315e,CMP,1,NonLeaf,rbp(-1) ,rflags ,CMP,7,MOV,7,MOV,10,XOR,3,MOV,10,JNZ,6,CMP,8,JNZ,6,CMP,7,JZ,6,0,1,0,0,0,JMP,0,0,1,0,0,0,JNE,0,0,6173022,6179276,6173035,0,0,1,0,cpp,9.182525523553549e-08,1.0,1,0,1
0x5e2bbc,JZ,16383,4683,-60,2,0x5e2bb3,CMP,1,NonLeaf,rdx(-1) ,rflags ,MOV,6,CMP,3,ADD,2,JNLE,6,CMP,3,ADD,7,MOV,3,JMP,5,MOV,4,LEA,4,0,0,0,0,0,JE,1,0,1,0,0,0,JMP,0,0,6171569,6171520,6171582,0,0,0,1,cpp,4.283522655249937e-07,0.2858450833180736,0,0,0
0x5e2bab,JNLE,16383,0,2041,6,0x5e2ba8,CMP,1,NonLeaf,rax(-1) rsi(MOVSXD) ,rflags ,CMP,3,MOVSXD,3,SUB,2,MOV,5,JMP,5,ADD,2,CMP,3,MOV,6,JZ,2,ADD,7,0,0,0,0,0,JMP,1,0,1,0,0,0,JE,0,0,6171550,6173604,6171569,0,1,1,1,cpp,4.283522655249937e-07,0.0,0,0,0
0x5e2b87,JZ,4683,4683,-1787,6,0x5e2b80,CMP,1,NonLeaf,rbp(-1) ,rflags ,CMP,7,MOV,10,JZ,2,CMP,3,XOR,3,MOV,7,CALL_NEAR,5,JMP,5,MOV,5,SUB,2,0,0,1,0,0,CALL,0,1,1,0,0,0,CALL,0,1,6171520,6169740,6171533,0,0,1,1,cpp,1.2244238902847742e-07,1.0,1,0,1
0x5e2b74,JZ,16383,16383,42,2,0x5e2b71,CMP,1,NonLeaf,rax(-1) rsi(SUB) ,rflags ,CMP,3,XOR,3,SUB,3,MOV,3,MOV,6,MOV,10,CMP,7,JZ,6,MOV,7,CALL_NEAR,5,0,1,0,0,0,JG,0,0,0,0,0,0,MOV,1,0,6171483,6171550,6171510,0,0,0,1,cpp,4.283522655249937e-07,1.0,1,1,1
0x5e2b3f,JBE,16383,0,2168,6,0x5e2b38,CMP,1,NonLeaf,rbp(-1) rdx(SUB) ,rflags ,CMP,7,SUB,7,MOV,3,MOV,6,MOV,7,SUB,3,MOV,3,MOV,6,MOV,3,MOV,3,0,1,0,0,0,CALL,0,1,1,1,0,0,CALL,0,1,6171418,6173623,6171461,0,0,1,1,cpp,4.283522655249937e-07,0.0,0,0,0
0x5e2aef,JNZ,16383,0,2271,6,0x5e2aec,TEST,1,NonLeaf,r12(-1) r12(-1) ,rflags ,TEST,3,JNBE,6,CMP,3,ADD,3,MOV,6,MOV,7,MOV,5,MOV,6,LEA,4,MOV,3,0,1,0,0,0,CALL,0,1,1,1,0,0,CALL,0,1,6171372,6173646,6171381,0,0,1,1,cpp,4.283522655249937e-07,0.0,0,0,0
0x5e2687,JNBE,16383,0,29,2,0x5e2660,CMP,1,NonLeaf,al(SUB) ,rflags ,MOV,7,MOV,10,MOV,10,MOV,10,CMP,2,MOVSX,7,SUB,3,CDQE,2,MOVZX,7,MOV,8,0,0,1,0,0,JMP,0,0,0,0,0,0,MOV,0,0,6170082,6170276,6170249,0,0,0,0,cpp,4.283522655249937e-07,0.0,0,0,0
0x5e25a0,JNZ,4683,0,3852,6,0x5e2598,CMP,1,NonLeaf,rip(JNZ) ,rflags ,CMP,8,JNZ,6,CMP,8,JNZ,6,CMP,8,MOV,7,MOV,11,MOV,10,MOV,10,MOV,11,0,0,0,0,0,MOV,0,0,1,0,0,0,MOV,0,0,6170008,6173868,6170022,0,0,1,1,cpp,1.2244238902847742e-07,0.0,0,0,0
0x5e2592,JNZ,4683,0,3866,6,0x5e258a,CMP,1,NonLeaf,rip(JNZ) ,rflags ,CMP,8,JNZ,6,CMP,8,JZ,6,CMP,3,CMP,8,JNZ,6,MOV,7,MOV,11,MOV,10,0,0,0,0,0,MOV,0,0,1,0,0,0,JNE,0,0,6169994,6173868,6170008,0,0,1,0,cpp,1.2244238902847742e-07,0.0,0,0,0
0x5e2584,JNZ,4683,0,3880,6,0x5e257c,CMP,1,NonLeaf,rip(JNZ) ,rflags ,CMP,8,JZ,6,CMP,3,MOV,7,MOV,7,CMP,8,JNZ,6,CMP,8,JNZ,6,MOV,7,0,1,0,0,0,MOV,0,0,1,0,0,0,JNE,0,0,6169980,6173868,6169994,0,0,1,0,cpp,1.2244238902847742e-07,0.0,0,0,0
0x5e255f,JNLE,4683,0,402,6,0x5e2558,CMP,1,NonLeaf,r12(-1) ,rflags ,CMP,7,NOP,3,JMP,5,CALL_NEAR,5,XOR,2,MOV,7,MOV,7,CMP,3,JZ,6,CMP,8,0,1,0,0,0,JMP,1,0,1,0,0,0,JE,0,0,6169944,6170353,6169957,0,0,1,1,cpp,1.2244238902847742e-07,0.0,0,0,0
0x5e253c,JZ,4683,4683,-120,6,0x5e253a,TEST,1,NonLeaf,eax(MOV) eax(MOV) ,rflags ,TEST,2,MOV,6,JNZ,6,DEC,2,JMP,2,LEA,7,XOR,2,CALL_NEAR,5,JMP,5,NOP,3,0,0,1,0,0,MOV,0,0,0,0,0,0,CALL,0,1,6169908,6169796,6169922,0,0,0,1,cpp,1.2244238902847742e-07,1.0,1,0,1
0x5e252e,JNZ,4683,0,21282,6,0x5e252c,DEC,1,NonLeaf,rdx(-1) ,rflags ,DEC,2,JMP,2,JNZ,6,DEC_LOCK,3,JZ,2,MOV,6,TEST,2,JZ,6,LEA,7,XOR,2,0,-1,-1,-1,-1,CALL,-1,1,0,1,0,0,JE,0,0,6169900,6191184,6169908,0,0,1,0,cpp,1.2244238902847742e-07,0.0,0,0,0
0x5e251f,JZ,4683,4683,13,2,0x5e2518,CMP,1,NonLeaf,rip(JZ) ,rflags ,CMP,7,MOV,8,NOP,3,RET_NEAR,1,POP,1,DEC_LOCK,3,JNZ,6,JMP,2,DEC,2,JNZ,6,0,1,0,0,0,JNE,0,0,1,0,0,0,JNE,0,0,6169872,6169900,6169889,0,0,1,0,cpp,1.2244238902847742e-07,1.0,1,0,1
0x5e24e3,JZ,4682,4682,-446,6,0x5e24e0,CMP,1,NonLeaf,eax(-1) ,rflags ,CMP,3,NOP,7,RET_NEAR,1,POP,1,POP,2,MOV,5,JMP,2,MOV,3,MOV,3,MOV,3,0,0,0,0,0,JNE,0,0,1,0,0,0,JMP,1,0,6169824,6169381,6169833,0,0,0,0,cpp,1.224162428851871e-07,1.0,1,1,1
0x5e24b4,JZ,4683,4683,92,2,0x5e24b0,SUB,1,NonLeaf,rdx(MOV) ,rflags ,SUB,4,MOV,7,JNZ,2,TEST,7,CALL_NEAR,5,MOV,6,TEST,2,JNZ,6,MOV,6,LEA,4,0,1,0,0,0,JE,0,0,0,0,0,0,JNE,0,0,6169769,6169872,6169782,0,0,1,0,cpp,1.2244238902847742e-07,1.0,1,0,1
0x5e24a7,JNZ,4683,0,15,2,0x5e24a0,TEST,1,NonLeaf,r14(-1) ,rflags ,TEST,7,CALL_NEAR,5,MOV,3,CALL_NEAR,5,MOV,7,MOV,7,SUB,4,JZ,2,MOV,6,TEST,2,0,1,0,0,0,JNE,0,0,1,0,0,0,JE,0,0,6169760,6169782,6169769,0,0,0,1,cpp,1.2244238902847742e-07,0.0,0,0,0
0x5e2478,JZ,4683,4683,224,6,0x5e246b,CMP,1,NonLeaf,r12(-1) rax(-1) ,rflags ,MOV,10,CMP,3,CALL_NEAR,4,MOV,3,SUB,3,MOV,11,XOR,3,MOV,7,CALL_NEAR,5,MOV,3,0,1,0,0,0,JG,0,0,1,0,0,0,XOR,1,0,6169707,6169944,6169726,0,0,0,1,cpp,1.2244238902847742e-07,1.0,1,0,1
0x5e244e,JBE,4683,0,665,6,0x5e2447,CMP,1,NonLeaf,rbp(-1) rax(SUB) ,rflags ,CMP,7,SUB,6,MOV,3,SUB,11,MOV,11,MOV,7,MOV,3,MOV,3,SUB,3,MOV,3,0,1,0,0,0,CALL,0,1,1,1,0,0,CALL,0,1,6169633,6170343,6169684,0,0,1,1,cpp,1.2244238902847742e-07,0.0,0,0,0
0x5e2405,JNZ,4683,0,21552,6,0x5e2402,CMPXCHG,1,NonLeaf,rdx(-1) esi(-1) eax(CMPXCHG) ,eax rflags ,CMPXCHG,3,JMP,2,JNZ,6,CMPXCHG_LOCK,4,JZ,2,MOV,7,MOV,7,MOV,4,ADD,4,MOV,7,0,-1,-1,-1,-1,CALL,-1,1,0,1,0,0,MOV,0,0,6169602,6191157,6169611,0,0,1,1,cpp,1.2244238902847742e-07,0.0,0,0,0
0x5e23f4,JZ,4683,4683,14,2,0x5e23ed,CMP,1,NonLeaf,rip(JZ) ,rflags ,CMP,7,MOV,3,MOV,5,JZ,2,CMP,4,CMPXCHG_LOCK,4,JNZ,6,JMP,2,CMPXCHG,3,JNZ,6,0,1,0,0,0,JNE,0,0,1,0,0,0,JNE,0,0,6169573,6169602,6169590,0,0,1,0,cpp,1.2244238902847742e-07,1.0,1,0,1
0x5e23e3,JZ,4683,0,58,2,0x5e23df,CMP,1,NonLeaf,r10(MOV) rdx(MOV) ,rflags ,CMP,4,MOV,9,MOV,7,JNZ,2,AND,7,MOV,5,MOV,3,CMP,7,JZ,2,CMPXCHG_LOCK,4,0,1,1,0,0,ADD,0,0,1,0,0,0,JE,0,0,6169551,6169629,6169573,0,0,1,0,cpp,1.2244238902847742e-07,0.0,0,0,0
0x5e23cd,JNZ,4683,0,84,2,0x5e23c6,AND,1,NonLeaf,r12d(AND) ,r12d rflags ,AND,7,MOV,10,MOV,3,CALL_NEAR,5,MOV,5,MOV,7,MOV,9,CMP,4,JZ,2,MOV,5,0,0,1,0,0,JBE,0,0,1,0,0,0,JE,0,0,6169542,6169633,6169551,0,0,1,0,cpp,1.2244238902847742e-07,0.0,0,0,0
0x5e239f,JZ,4683,4683,869,6,0x5e239c,TEST,1,NonLeaf,rax(MOV) rax(MOV) ,rflags ,TEST,3,MOV,5,JNZ,6,MOV,10,MOV,7,LEA,7,MOV,3,MOV,5,CALL_NEAR,5,MOV,3,0,1,0,0,0,JMP,0,0,1,0,0,0,CALL,0,1,6169495,6170372,6169509,0,0,1,1,cpp,1.2244238902847742e-07,1.0,1,0,1
0x5e2391,JNZ,4683,0,144,6,0x5e2372,TEST,1,NonLeaf,r12d(-1) ,rflags ,MOV,10,MOV,7,MOV,7,TEST,7,CALL_NEAR,5,MOV,5,TEST,3,JZ,6,LEA,7,MOV,3,0,1,1,0,0,JBE,0,0,1,0,0,0,JE,0,0,6169458,6169633,6169495,0,0,1,0,cpp,1.2244238902847742e-07,0.0,0,0,0
0x5e233f,JNZ,4683,0,433,6,0x5e233b,TEST,1,NonLeaf,r12b(-1) ,rflags ,TEST,4,JZ,6,TEST,3,JNZ,6,TEST,4,MOV,3,MOV,5,MOV,3,MOV,7,MOV,4,0,1,0,0,0,CALL,1,1,1,0,0,0,CALL,0,1,6169403,6169840,6169413,0,0,1,1,cpp,1.2244238902847742e-07,0.0,0,0,0
0x5e2335,JZ,4683,0,922,6,0x5e2332,TEST,1,NonLeaf,rbx(-1) rbx(-1) ,rflags ,TEST,3,JNZ,6,TEST,4,MOV,3,MOV,10,TEST,4,JNZ,6,MOV,3,MOV,5,MOV,3,0,1,0,0,0,JMP,1,0,1,0,0,0,JNE,0,0,6169394,6170319,6169403,0,0,1,0,cpp,1.2244238902847742e-07,0.0,0,0,0
0x5e232c,JNZ,4683,0,900,6,0x5e2328,TEST,1,NonLeaf,r12b(MOV) ,rflags ,TEST,4,MOV,3,MOV,10,JNZ,6,TEST,2,TEST,3,JZ,6,TEST,4,JNZ,6,MOV,3,0,1,0,0,0,JMP,1,0,1,0,0,0,JE,0,0,6169381,6170288,6169394,1,0,1,0,cpp,1.2244238902847742e-07,0.0,0,0,0
0x5e2315,JNZ,4683,4682,459,6,0x5e2313,TEST,1,NonLeaf,eax(MOV) eax(MOV) ,rflags ,TEST,2,MOV,6,MOV,6,MOV,3,MOV,7,MOV,10,MOV,3,TEST,4,JNZ,6,TEST,3,0,1,0,0,0,JE,0,0,1,0,0,0,MOV,0,0,6169312,6169824,6169371,0,0,0,1,cpp,1.2244238902847742e-07,0.9997864616698696,1,0,1
0x5e20d5,JNZ,5404,1892,-37,2,0x5e20c8,TEST,1,Leaf,rdx(SHR) rdx(SHR) ,rflags ,MOV,2,MOV,3,MOVZX,5,TEST,3,SUB,3,MOV,3,RET_NEAR,1,INVALID,0,INVALID,0,INVALID,0,1,1,1,1,1,JNE,0,0,1,1,0,0,RET,1,0,6168752,6168752,6168791,0,0,1,0,cpp,1.412937583407841e-07,0.3501110288675055,0,1,0
0x5e2024,JZ,3512,3512,124,2,0x5e2021,CMP,1,Leaf,edx(-1) ,rflags ,CMP,3,CMOVZ,4,MOV,5,MOV,6,TEST,2,CMP,3,JZ,2,CMP,3,MOV,2,JZ,2,0,1,0,0,0,NOP,1,0,1,0,0,0,JE,1,0,6168592,6168736,6168614,0,0,0,0,cpp,9.182525523553549e-08,1.0,1,0,1
0x5e05a8,JZ,1,1,23,2,0x5e05a2,TEST,1,NonLeaf,esi(-1) esi(-1) ,rflags ,MOV,3,PUSH,1,TEST,2,XOR,2,INVALID,0,LEA,4,XOR,2,XOR,2,CALL_NEAR,5,TEST,2,0,1,1,0,0,RET,0,0,1,0,0,0,CALL,0,1,6161824,6161855,6161834,0,0,1,1,cpp,2.6146143290300536e-11,1.0,1,1,1
0x5d6b9e,JZ,1,0,82,2,0x5d6b9c,TEST,1,NonLeaf,eax(MOV) eax(MOV) ,rflags ,TEST,2,MOV,6,JZ,2,MOV,2,PUSH,1,MOVZX,7,MOV,10,CALL_NEAR,5,MOV,6,MOV,7,0,1,0,0,0,JMP,0,0,0,0,0,0,CALL,0,1,6122390,6122480,6122400,0,0,1,1,cpp,2.6146143290300536e-11,0.0,0,0,0
0x5d6b94,JZ,1,0,12,2,0x5d6b8a,TEST,1,NonLeaf,rax(MOV) rax(MOV) ,rflags ,MOV,2,PUSH,1,MOV,3,PUSH,1,TEST,3,MOV,6,TEST,2,JZ,2,MOVZX,7,MOV,10,0,1,0,0,0,CALL,0,1,1,0,0,0,JE,0,0,6122368,6122400,6122390,0,0,1,0,cpp,2.6146143290300536e-11,0.0,0,0,0
0x5d6afd,JZ,1,1,-14,2,0x5d6af9,CMP,1,NonLeaf,r8d(-1) ,rflags ,CMP,4,RET_NEAR,1,POP,1,POP,1,ADD,7,MOV,5,ADD,7,SUB,3,SHL,3,POP,1,0,0,0,0,0,RET,0,0,0,0,0,0,RET,0,0,6122233,6122223,6122239,0,0,0,0,cpp,2.6146143290300536e-11,1.0,1,1,1
0x5d6aed,JNZ,2,2,-85,2,0x5d6ae9,CMP,1,NonLeaf,r8d(-1) ,rflags ,CMP,4,JNZ,2,CMP,3,OR,2,LEA,4,ADD,7,POP,1,POP,1,RET_NEAR,1,CMP,4,0,0,0,1,1,JA,0,0,0,0,0,0,RET,1,0,6122217,6122136,6122223,0,0,0,0,cpp,5.2292286580601066e-11,1.0,1,1,1
0x5d6ae7,JNZ,3,1,18,2,0x5d6ae4,CMP,1,NonLeaf,dl(-1) ,rflags ,CMP,3,OR,2,LEA,4,ADD,4,SHL,3,CMP,4,JNZ,2,ADD,7,POP,1,POP,1,0,1,0,0,0,JE,1,0,1,0,0,0,JNE,0,0,6122199,6122233,6122217,0,0,0,0,cpp,7.843842987090161e-11,0.3333333333333333,0,0,0
0x5d6ad5,JBE,1,0,-21,2,0x5d6ad1,CMP,1,NonLeaf,dil(LEA) ,rflags ,CMP,4,LEA,3,MOVSX,3,LEA,4,ADD,4,SHL,3,ADD,4,LEA,4,OR,2,CMP,3,1,1,1,1,1,JBE,0,0,0,1,0,0,JNE,0,0,6122176,6122176,6122199,0,0,0,0,cpp,2.6146143290300536e-11,0.0,0,1,0
0x5d6aa1,JNBE,3,0,94,2,0x5d6a9e,CMP,1,NonLeaf,dl(LEA) ,rflags ,CMP,3,LEA,3,MOVSX,3,XOR,2,XOR,3,MOVSX,4,LEA,4,SUB,3,LEA,3,CMP,4,1,1,0,0,0,RET,1,0,1,0,0,0,JA,0,0,6122136,6122239,6122147,0,0,0,0,cpp,7.843842987090161e-11,0.0,0,0,0
0x5d6a8d,JNZ,1,0,147,6,0x5d6a83,TEST,1,NonLeaf,eax(-1) eax(-1) ,rflags ,LEA,8,TEST,2,CALL_NEAR,5,LEA,5,SUB,7,XOR,3,XOR,2,MOVSX,3,LEA,3,CMP,3,0,1,0,0,0,CALL,0,1,1,0,0,0,XOR,0,0,6122115,6122272,6122131,0,0,1,0,cpp,2.6146143290300536e-11,0.0,0,0,0
0x5d6a48,JZ,128,128,24,2,0x5d6a40,CMP,1,Leaf,rip(JZ) ,rflags ,CMP,8,INVALID,0,INVALID,0,INVALID,0,INVALID,0,MOV,3,MOV,4,JMP,5,NOP,10,RET_NEAR,2,0,1,0,0,0,REPZ RET,0,0,1,0,0,0,JMP,0,0,6122048,6122080,6122058,0,0,0,0,cpp,3.3467063411584687e-09,1.0,1,0,1
0x5d69e8,JZ,1,0,8,2,0x5d69e6,TEST,1,NonLeaf,eax(MOV) eax(MOV) ,rflags ,TEST,2,MOV,6,INVALID,0,INVALID,0,INVALID,0,RET_NEAR,1,NOP,5,PUSH,1,CALL_NEAR,5,MOV,2,0,1,0,0,0,CALL,0,1,1,0,0,0,RET,0,0,6121952,6121968,6121962,0,0,1,0,cpp,2.6146143290300536e-11,0.0,0,0,0
0x5d624e,JNBE,1,0,-1449,6,0x5d624a,CMP,1,NonLeaf,rcx(SUB) ,rflags ,CMP,4,SUB,3,MOV,3,JBE,2,CMP,4,NEG,3,LEA,4,MOV,4,JMP,5,NOP,4,0,0,1,0,0,JE,0,0,1,0,0,0,JMP,0,0,6120004,6118565,6120020,0,0,0,1,cpp,2.6146143290300536e-11,0.0,0,0,0
0x5d6242,JBE,1,0,38,2,0x5d623e,CMP,1,NonLeaf,rcx(SUB) ,rflags ,CMP,4,SUB,3,MOV,3,NOP,4,JMP,5,MOV,3,SUB,3,CMP,4,JNBE,6,NEG,3,0,1,0,0,0,JMP,0,0,1,0,0,0,JA,0,0,6119992,6120040,6120004,0,0,1,0,cpp,2.6146143290300536e-11,0.0,0,0,0
0x5d61bd,JB,1,0,-1500,6,0x5d61ba,CMP,1,NonLeaf,rcx(-1) r9(-1) ,rflags ,CMP,3,JZ,6,TEST,4,MOV,3,MOV,7,MOV,7,MOV,7,MOV,3,JMP,5,NOP,7,0,0,1,0,0,JE,0,0,1,0,0,0,JMP,0,0,6119866,6118369,6119875,0,0,0,1,cpp,2.6146143290300536e-11,0.0,0,0,0
0x5d61b4,JZ,1,0,-1491,6,0x5d61b0,TEST,1,NonLeaf,rax(-1) ,rflags ,TEST,4,MOV,3,MOV,7,JB,2,CMP,3,CMP,3,JB,6,MOV,7,MOV,7,MOV,3,0,0,1,0,0,JE,0,0,1,0,0,0,JB,0,0,6119856,6118369,6119866,1,0,0,0,cpp,2.6146143290300536e-11,0.0,0,0,0
0x5d61a4,JB,1,0,12,2,0x5d61a1,CMP,1,NonLeaf,rcx(ADD) r8(-1) ,rflags ,CMP,3,ADD,4,MOV,3,JNZ,2,MOV,4,MOV,7,MOV,3,TEST,4,JZ,6,CMP,3,0,1,1,0,0,JE,0,0,1,0,0,0,MOV,0,0,6119837,6119856,6119846,0,0,0,1,cpp,2.6146143290300536e-11,0.0,0,0,0
0x5d6198,JNZ,1,0,5,2,0x5d6190,CMP,1,NonLeaf,rbx(-1) ,rflags ,MOV,4,CMP,4,RET_NEAR,1,POP,2,POP,2,MOV,3,ADD,4,CMP,3,JB,2,MOV,7,0,1,1,0,0,JB,0,0,1,0,0,0,MOV,0,0,6119824,6119837,6119834,0,0,0,1,cpp,2.6146143290300536e-11,0.0,0,0,0
0x5d6183,JNZ,4,4,-27,2,0x5d6180,CMP,1,NonLeaf,rdx(ADD) rcx(-1) ,rflags ,CMP,3,ADD,4,JZ,6,CMP,7,ADD,4,ADD,4,POP,1,POP,1,POP,2,POP,2,1,1,0,0,0,JE,0,0,0,0,0,0,RET,1,0,6119804,6119784,6119813,0,0,0,0,cpp,1.0458457316120216e-10,1.0,1,1,1
0x5d6176,JZ,4,1,346,6,0x5d616f,CMP,1,NonLeaf,rax(ADD) ,rflags ,CMP,7,ADD,4,MOV,3,NOP,5,JMP,2,ADD,4,CMP,3,JNZ,2,ADD,4,POP,1,0,0,0,0,0,RET,1,0,0,0,1,1,JNE,0,0,6119784,6120144,6119804,0,0,1,0,cpp,1.0458457316120216e-10,0.25,0,0,0
0x5d6155,JZ,1,0,367,6,0x5d614f,CMP,1,NonLeaf,rax(-1) ,rflags ,CMP,6,JZ,2,TEST,3,MOV,7,JZ,2,ADD,4,XOR,2,JMP,2,NOP,5,MOV,3,0,1,0,0,0,NOP,0,0,1,0,0,0,JMP,0,0,6119759,6120132,6119771,0,1,0,0,cpp,2.6146143290300536e-11,0.0,0,0,0
0x5d614d,JZ,1,0,56,2,0x5d614a,TEST,1,NonLeaf,rcx(MOV) rcx(MOV) ,rflags ,TEST,3,MOV,7,JZ,2,TEST,3,MOV,7,CMP,6,JZ,6,ADD,4,XOR,2,JMP,2,0,0,0,0,0,RET,0,0,1,0,0,0,JE,0,0,6119747,6119813,6119759,0,0,0,0,cpp,2.6146143290300536e-11,0.0,0,0,0
0x5d6141,JZ,1,0,68,2,0x5d613e,TEST,1,NonLeaf,rax(MOV) rax(MOV) ,rflags ,TEST,3,MOV,7,MOV,7,CALL_NEAR,5,JZ,2,MOV,7,TEST,3,JZ,2,CMP,6,JZ,6,0,1,0,0,0,RET,0,0,1,0,0,0,JE,0,0,6119735,6119813,6119747,0,0,0,0,cpp,2.6146143290300536e-11,0.0,0,0,0
0x5d6129,JZ,1,1,14,2,0x5d6126,TEST,1,NonLeaf,rdi(MOV) rdi(MOV) ,rflags ,TEST,3,MOV,7,MOV,6,JZ,2,TEST,3,CALL_NEAR,5,MOV,7,MOV,7,TEST,3,JZ,2,0,1,1,0,0,JE,0,0,1,0,0,0,CALL,0,1,6119711,6119735,6119723,0,0,0,1,cpp,2.6146143290300536e-11,1.0,1,0,1
0x5d60d4,JZ,1,1,75,2,0x5d60ce,TEST,1,NonLeaf,rax(-1) rax(-1) ,rflags ,MOV,3,TEST,3,CALL_NEAR,5,MOV,5,CALL_NEAR,5,MOV,6,XOR,2,XOR,3,XOR,2,XOR,2,0,1,1,0,0,JE,0,0,1,0,0,0,XOR,0,0,6119630,6119711,6119638,0,0,0,0,cpp,2.6146143290300536e-11,1.0,1,0,1
0x5d60ad,JZ,1,1,18,2,0x5d60aa,TEST,1,NonLeaf,rax(MOV) rax(MOV) ,rflags ,TEST,3,MOV,7,JNZ,6,TEST,2,CALL_NEAR,5,CMP,3,JNZ,2,MOV,11,CALL_NEAR,5,MOV,5,0,1,1,0,0,CALL,0,1,1,0,0,0,JNE,0,0,6119587,6119615,6119599,0,0,1,0,cpp,2.6146143290300536e-11,1.0,1,0,1
0x5d6066,JZ,1,1,61,2,0x5d6064,TEST,1,NonLeaf,eax(MOV) eax(MOV) ,rflags ,TEST,2,MOV,6,CALL_NEAR,5,JZ,6,CMP,3,MOV,5,NOP,3,MOV,3,CALL_NEAR,5,XOR,2,0,1,1,0,0,JE,0,0,1,0,0,0,NOP,0,0,6119518,6119587,6119528,0,0,0,0,cpp,2.6146143290300536e-11,1.0,1,0,1
0x5d604a,JZ,1,1,406,6,0x5d6040,TEST,1,NonLeaf,rax(-1) rax(-1) ,rflags ,MOV,7,TEST,3,CALL_NEAR,5,MOV,6,SETZ,3,CMP,3,JZ,6,CALL_NEAR,5,MOV,6,TEST,2,0,1,0,0,0,JMP,0,0,1,0,0,0,JE,0,0,6119488,6119904,6119504,0,0,1,0,cpp,2.6146143290300536e-11,1.0,1,0,1
0x5d5f90,JZ,1,1,6,2,0x5d5f8e,TEST,1,NonLeaf,edx(MOV) edx(MOV) ,rflags ,TEST,2,MOV,4,MOV,6,CALL_NEAR,5,MOV,4,MOV,4,XOR,2,MOV,3,CALL_NEAR,5,MOV,11,0,0,1,0,0,CALL,0,1,1,0,0,0,MOV,0,0,6119300,6119318,6119314,0,0,1,1,cpp,2.6146143290300536e-11,1.0,1,0,1
0x5d5f6c,JZ,1,0,1078,6,0x5d5f69,TEST,1,NonLeaf,rax(-1) rax(-1) ,rflags ,TEST,3,CALL_NEAR,5,MOV,3,MOV,3,CALL_NEAR,5,MOV,3,MOV,3,MOV,3,MOV,4,CALL_NEAR,5,0,1,0,0,0,CALL,0,1,1,0,0,0,CALL,0,1,6119273,6120354,6119282,0,0,1,1,cpp,2.6146143290300536e-11,0.0,0,0,0
0x5d5f48,JZ,1,0,78,2,0x5d5f45,TEST,1,NonLeaf,rax(MOV) rax(MOV) ,rflags ,TEST,3,MOV,7,MOV,3,MOV,7,MOV,10,MOV,4,MOV,4,ADD,4,MOV,3,CALL_NEAR,5,0,1,0,0,0,CALL,0,1,1,0,0,0,CALL,0,1,6119192,6119318,6119242,0,0,1,1,cpp,2.6146143290300536e-11,0.0,0,0,0
0x5d5f03,JZ,1,1,13,2,0x5d5efb,CMP,1,NonLeaf,rbx(-1) ,rflags ,CMP,8,JNZ,6,AND,3,JNZ,6,MOV,2,MOV,11,MOV,3,CALL_NEAR,5,MOV,7,LEA,4,0,0,1,0,0,CALL,0,1,1,0,0,0,MOV,0,0,6119163,6119184,6119173,0,0,1,1,cpp,2.6146143290300536e-11,1.0,1,0,1
0x5d5ed7,JZ,1,1,36,2,0x5d5ed4,TEST,1,NonLeaf,rax(MOV) rax(MOV) ,rflags ,TEST,3,MOV,7,JNZ,6,TEST,2,MOV,7,TEST,7,MOV,4,MOV,6,MOV,2,JNZ,6,0,1,1,0,0,JE,0,0,1,0,0,0,JNE,0,0,6119117,6119163,6119129,0,1,0,1,cpp,2.6146143290300536e-11,1.0,1,0,1
0x5d5ea3,JZ,1,1,42,2,0x5d5ea0,TEST,1,NonLeaf,rdx(MOV) rdx(MOV) ,rflags ,TEST,3,MOV,7,MOV,7,MOV,7,MOV,7,MOV,4,TEST,2,MOV,6,JZ,2,MOV,7,0,1,1,0,0,JE,0,0,1,0,0,0,JE,0,0,6119065,6119117,6119077,0,0,0,1,cpp,2.6146143290300536e-11,1.0,1,0,1
0x5d5e74,JZ,1,0,37,2,0x5d5e71,TEST,1,NonLeaf,rax(MOV) rax(MOV) ,rflags ,TEST,3,MOV,7,MOV,7,MOV,4,ADD,4,ADD,4,MOV,3,LEA,7,MOV,7,MOV,7,0,0,1,0,0,JE,0,0,1,0,0,0,MOV,0,0,6119018,6119065,6119030,0,0,0,1,cpp,2.6146143290300536e-11,0.0,0,0,0
0x5d5e41,JZ,1,0,1206,6,0x5d5e3e,TEST,1,NonLeaf,rdx(MOV) rdx(MOV) ,rflags ,TEST,3,MOV,7,MOV,7,MOV,4,ADD,4,MOV,3,LEA,7,MOV,7,MOV,3,ADD,4,0,1,0,0,0,JMP,0,0,1,0,0,0,MOV,0,0,6118967,6120183,6118983,0,0,0,1,cpp,2.6146143290300536e-11,0.0,0,0,0
0x5d5e0e,JZ,1,1,1265,6,0x5d5e0b,TEST,1,NonLeaf,rcx(MOV) rcx(MOV) ,rflags ,TEST,3,MOV,7,MOV,4,MOV,4,ADD,4,MOV,3,LEA,7,MOV,7,MOV,3,ADD,4,0,1,0,0,0,JMP,0,0,1,0,0,0,MOV,0,0,6118916,6120191,6118932,0,0,0,1,cpp,2.6146143290300536e-11,1.0,1,0,1
0x5d5dde,JZ,1,1,1324,6,0x5d5ddb,TEST,1,NonLeaf,rsi(MOV) rsi(MOV) ,rflags ,TEST,3,MOV,4,MOV,4,MOV,7,ADD,4,MOV,3,LEA,7,MOV,7,MOV,3,ADD,4,0,1,0,0,0,JMP,0,0,1,0,0,0,MOV,0,0,6118871,6120202,6118884,0,0,0,1,cpp,2.6146143290300536e-11,1.0,1,0,1
0x5d5dae,JZ,1,0,1386,6,0x5d5dab,TEST,1,NonLeaf,rsi(MOV) rsi(MOV) ,rflags ,TEST,3,MOV,4,MOV,4,MOV,4,ADD,4,MOV,3,LEA,7,MOV,7,MOV,3,ADD,4,0,1,0,0,0,JMP,0,0,1,0,0,0,MOV,0,0,6118823,6120216,6118836,0,0,0,1,cpp,2.6146143290300536e-11,0.0,0,0,0
0x5d5d81,JZ,1,0,1448,6,0x5d5d7e,TEST,1,NonLeaf,rsi(MOV) rsi(MOV) ,rflags ,TEST,3,MOV,4,MOV,4,MOV,4,ADD,4,MOV,3,LEA,7,MOV,7,MOV,3,ADD,4,0,1,0,0,0,JMP,0,0,1,0,0,0,MOV,0,0,6118778,6120233,6118791,0,0,0,1,cpp,2.6146143290300536e-11,0.0,0,0,0
0x5d5d00,JZ,1,0,1620,6,0x5d5cfd,TEST,1,NonLeaf,rax(MOV) rax(MOV) ,rflags ,TEST,3,MOV,4,JZ,6,TEST,3,NOP,10,MOV,3,ADD,4,MOV,3,MOV,6,MOV,8,0,1,0,0,0,JMP,0,0,1,0,0,0,MOV,0,0,6118649,6120276,6118662,0,1,0,1,cpp,2.6146143290300536e-11,0.0,0,0,0
0x5d5cf3,JZ,1,0,422,6,0x5d5cf0,TEST,1,NonLeaf,rdi(-1) rdi(-1) ,rflags ,TEST,3,NOP,10,JNZ,2,TEST,3,MOV,3,MOV,4,TEST,3,JZ,6,MOV,3,ADD,4,0,1,1,0,0,JE,0,0,1,0,0,0,JE,0,0,6118640,6119065,6118649,0,0,0,0,cpp,2.6146143290300536e-11,0.0,0,0,0
0x5d5ccb,JBE,1,1,1389,6,0x5d5cc8,CMP,1,NonLeaf,ecx(SAR) ,rflags ,CMP,3,SAR,2,LEA,3,JBE,2,CMP,4,MOV,3,SUB,2,MOV,4,ADD,4,MOV,3,0,1,0,0,0,JBE,0,0,1,0,0,0,JNE,0,0,6118595,6119992,6118609,0,0,0,1,cpp,2.6146143290300536e-11,1.0,1,0,1
0x5d5cc1,JBE,4,3,-41,2,0x5d5cbd,CMP,1,NonLeaf,rcx(SUB) ,rflags ,CMP,4,SUB,3,MOV,3,JBE,2,CMP,4,LEA,3,SAR,2,CMP,3,JBE,6,MOV,3,0,1,0,0,0,MOV,0,0,1,0,0,0,JBE,0,0,6118583,6118552,6118595,0,0,0,0,cpp,1.0458457316120216e-10,0.75,1,0,1
0x5d5cb5,JBE,11,7,-20,2,0x5d5cb1,CMP,1,NonLeaf,rax(-1) ,rflags ,CMP,4,JZ,2,TEST,3,MOV,3,ADD,4,MOV,3,SUB,3,CMP,4,JBE,2,LEA,3,1,1,0,0,0,MOV,0,0,1,0,0,0,JBE,0,0,6118577,6118561,6118583,0,0,1,0,cpp,2.8760757619330585e-10,0.6363636363636364,1,0,1
0x5d5caf,JZ,11,1,65,2,0x5d5cac,TEST,1,NonLeaf,rax(MOV) rax(MOV) ,rflags ,TEST,3,MOV,3,ADD,4,MOV,4,MOV,3,CMP,4,JBE,2,MOV,3,SUB,3,CMP,4,0,0,1,0,0,JE,1,0,0,0,1,1,JBE,0,0,6118565,6118640,6118577,0,0,0,0,cpp,2.8760757619330585e-10,0.0909090909090909,0,0,0
0x5d5c58,JZ,1,0,152,6,0x5d5c55,TEST,1,NonLeaf,rax(MOV) rax(MOV) ,rflags ,TEST,3,LEA,4,MOV,3,JZ,6,MOV,4,MOV,6,MOV,6,MOV,6,MOV,10,MOV,10,0,1,1,0,0,JE,0,0,1,0,0,0,JMP,0,0,6118478,6118640,6118494,0,0,0,0,cpp,2.6146143290300536e-11,0.0,0,0,0
0x5d5c48,JZ,1,0,712,6,0x5d5c41,TEST,1,NonLeaf,rdx(ADD) rdx(ADD) ,rflags ,MOV,4,TEST,3,MOV,7,MOV,7,MOV,3,MOV,3,LEA,4,TEST,3,JZ,6,MOV,6,0,1,1,0,0,CALL,0,1,1,0,0,0,JE,0,0,6118425,6119184,6118478,0,0,1,0,cpp,2.6146143290300536e-11,0.0,0,0,0
0x5d5c17,JNZ,1,1,-41,2,0x5d5c0d,CMP,1,NonLeaf,rdx(ADD) rsi(-1) ,rflags ,MOV,7,CMP,3,SHR,4,MOV,4,MOV,4,MOV,7,SUB,3,MOV,3,ADD,4,ADD,3,0,0,0,1,1,JNE,0,0,0,1,0,0,JE,1,0,6118389,6118382,6118425,0,0,0,1,cpp,2.6146143290300536e-11,1.0,1,1,1
0x5d5bf3,JNZ,4,3,-27,2,0x5d5bf0,CMP,1,NonLeaf,ecx(MOV) ,rflags ,CMP,3,MOV,2,JZ,2,CMP,3,ADD,4,MOV,4,ADD,4,ADD,4,MOV,4,MOV,4,1,1,0,0,0,JE,0,0,1,0,0,0,JNE,0,0,6118382,6118360,6118389,0,0,0,1,cpp,1.0458457316120216e-10,0.75,1,0,1
0x5d5bdb,JZ,3,1,1461,6,0x5d5bd8,CMP,1,NonLeaf,ecx(-1) ,rflags ,CMP,3,NOP,6,JMP,2,XOR,2,SUB,3,ADD,4,ADD,4,CMP,3,JZ,2,MOV,2,0,1,0,0,0,JNE,0,0,1,1,0,0,JE,0,0,6118360,6119824,6118369,0,0,0,0,cpp,7.843842987090161e-11,0.3333333333333333,0,0,0
0x5d5bbd,JZ,1,0,92,2,0x5d5bac,TEST,1,NonLeaf,rsi(MOVZX) rsi(MOVZX) ,rflags ,MOV,7,MOV,7,TEST,3,ADD,4,MOV,3,LEA,8,SHL,4,SUB,3,XOR,2,JMP,2,0,1,1,0,0,JE,0,0,1,0,0,0,JMP,0,0,6118284,6118425,6118335,0,1,1,0,cpp,2.6146143290300536e-11,0.0,0,0,0
0x5d5b86,JZ,1,0,1068,6,0x5d5b80,TEST,1,NonLeaf,rax(-1) rax(-1) ,rflags ,MOV,3,TEST,3,CALL_NEAR,5,MOV,3,MOV,5,MOV,7,MOV,7,MOV,7,MOVZX,4,MOV,3,0,0,0,0,0,CALL,0,1,1,0,0,0,JE,0,0,6118272,6119346,6118284,0,0,1,1,cpp,2.6146143290300536e-11,0.0,0,0,0
0x5d5b60,JZ,1,0,1106,6,0x5d5b52,CMP,1,NonLeaf,rip(JZ) ,rflags ,MOV,6,CMP,8,SETNZ,3,CMP,3,XOR,2,MOV,5,XOR,3,XOR,3,XOR,2,MOV,5,0,1,0,0,0,CALL,0,1,1,0,0,0,CALL,0,1,6118206,6119346,6118246,0,0,1,1,cpp,2.6146143290300536e-11,0.0,0,0,0
0x5d5a05,JNZ,1,1,33,2,0x5d59bc,CMP,1,Leaf,edx(-1) ,rflags ,MOV,7,MOV,7,MOV,7,MOV,7,MOV,7,TEST,2,MOV,10,SETNZ,3,TEST,2,SETNZ,3,0,1,1,0,0,POP,0,0,1,0,0,0,MOV,0,0,6117820,6117926,6117895,0,0,0,1,cpp,2.6146143290300536e-11,1.0,1,0,1
0x5d59ba,JNZ,20,19,-42,2,0x5d59b7,TEST,1,Leaf,rax(MOV) rax(MOV) ,rflags ,TEST,3,MOV,3,ADD,4,NOP,4,MOV,4,CMP,3,MOV,7,MOV,7,MOV,7,MOV,7,0,0,0,1,1,JA,0,0,1,1,0,0,JNE,1,0,6117808,6117776,6117820,1,0,0,1,cpp,5.229228658060106e-10,0.95,1,1,1
0x5d5998,JNBE,20,1,24,2,0x5d5994,CMP,1,Leaf,rax(SUB) ,rflags ,CMP,4,SUB,4,NOP,7,MOV,7,PUSH,1,JMP,7,NOP,7,MOV,4,NOP,4,ADD,4,1,1,1,0,0,JNE,0,0,1,0,0,0,JMP,0,0,6117776,6117808,6117786,0,0,0,0,cpp,5.229228658060106e-10,0.05,0,0,0
0x5d5879,JZ,1,0,-810,6,0x5d586d,AND,1,Leaf,ecx(AND) ,ecx rflags ,MOV,6,AND,6,JMP,5,MOV,6,MOV,6,OR,3,MOV,6,MOV,6,JMP,5,AND,3,0,0,1,0,0,JLE,0,0,1,0,0,0,JMP,0,0,6117485,6116687,6117503,0,0,0,1,cpp,2.6146143290300536e-11,0.0,0,0,0
0x5d5845,JNBE,1,1,40,2,0x5d5842,CMP,1,Leaf,edx(LEA) ,rflags ,CMP,3,LEA,4,ADD,3,JNZ,6,MOV,6,JMP,7,MOV,2,OR,6,OR,6,MOV,6,0,1,0,0,0,JE,0,0,1,0,0,0,JMP,0,0,6117435,6117485,6117447,0,0,0,0,cpp,2.6146143290300536e-11,1.0,1,0,1
0x5d5835,JNZ,1,0,-742,6,0x5d582b,CMP,1,Leaf,r13d(-1) ,rflags ,MOV,6,CMP,4,JZ,6,MOV,6,MOV,6,ADD,3,LEA,4,CMP,3,JNBE,2,JMP,7,0,0,0,0,0,JLE,0,0,1,0,0,0,JA,0,0,6117419,6116687,6117435,0,0,0,0,cpp,2.6146143290300536e-11,0.0,0,0,0
0x5d5825,JZ,1,0,211,6,0x5d5809,CMP,1,Leaf,r13d(AND) ,rflags ,MOV,6,MOV,6,MOV,6,MOV,6,CMP,4,CMP,4,MOV,6,JNZ,6,ADD,3,LEA,4,0,1,0,0,0,JMP,0,0,1,0,0,0,JNE,0,0,6117328,6117624,6117419,0,0,0,0,cpp,2.6146143290300536e-11,0.0,0,0,0
0x5d57b5,JZ,1,1,-535,6,0x5d57ae,TEST,1,Leaf,rip(JZ) ,rflags ,TEST,7,OR,10,JZ,2,AND,6,JZ,6,OR,10,JMP,5,NOP,6,MOV,6,MOV,5,0,0,1,0,0,JLE,0,0,1,0,0,0,JMP,0,0,6117294,6116766,6117307,0,0,0,1,cpp,2.6146143290300536e-11,1.0,1,0,1
0x5d5796,JZ,1,0,314,6,0x5d5791,CMP,1,Leaf,eax(AND) ,rflags ,CMP,5,AND,5,OR,10,JZ,2,TEST,3,AND,6,JZ,2,OR,10,TEST,7,JZ,6,0,1,0,0,0,JE,0,0,1,1,0,0,JE,0,0,6117260,6117584,6117276,0,0,0,0,cpp,2.6146143290300536e-11,0.0,0,0,0
0x5d5780,JZ,1,0,12,2,0x5d577d,TEST,1,Leaf,dl(MOV) ,rflags ,TEST,3,MOV,6,OR,7,JZ,2,TEST,6,OR,10,AND,5,CMP,5,JZ,6,AND,6,0,1,1,0,0,JE,0,0,1,0,0,0,OR,0,0,6117239,6117260,6117250,0,0,0,1,cpp,2.6146143290300536e-11,0.0,0,0,0
0x5d576e,JZ,1,0,9,2,0x5d5768,TEST,1,Leaf,esi(-1) ,rflags ,TEST,6,NOP,4,JMP,5,MOV,6,MOV,6,OR,7,MOV,6,TEST,3,JZ,2,OR,10,0,1,1,0,0,JE,0,0,1,0,0,0,OR,0,0,6117224,6117239,6117232,0,0,0,1,cpp,2.6146143290300536e-11,0.0,0,0,0
0x5d568b,JZ,1,0,29,2,0x5d5687,ADD,1,Leaf,eax(ADD) rsp(-1) ,eax rflags ,ADD,4,MOV,7,NOP,2,JMP,2,XOR,2,OR,10,ADD,3,AND,3,MOV,7,NOP,4,0,0,1,0,0,RET,0,0,1,0,0,0,NOP,0,0,6116992,6117032,6117005,1,1,1,1,cpp,2.6146143290300536e-11,0.0,0,0,0
0x5d5665,JZ,29,1,27,2,0x5d565d,CMP,1,Leaf,r8d(-1) ,rflags ,MOV,4,CMP,4,AND,3,ADD,3,JZ,2,ADD,4,ADD,4,ADD,3,BT,4,JB,2,0,1,1,0,0,JE,1,0,0,0,0,0,ADD,0,0,6116957,6116992,6116967,0,1,0,0,cpp,7.582381554187155e-10,0.0344827586206896,0,0,0
0x5d5655,JZ,29,29,8,2,0x5d5652,AND,1,Leaf,ecx(AND) ,ecx rflags ,AND,3,ADD,4,MOV,4,JZ,2,MOV,4,ADD,3,AND,3,CMP,4,MOV,4,JZ,2,0,1,1,0,0,JE,0,0,1,0,0,0,AND,0,0,6116938,6116957,6116951,0,0,1,0,cpp,7.582381554187155e-10,1.0,1,0,1
0x5d5648,JZ,30,1,31,2,0x5d5641,CMP,1,Leaf,edi(-1) ,rflags ,MOV,4,CMP,3,CPUID,2,MOV,2,MOV,5,MOV,4,ADD,4,AND,3,JZ,2,ADD,3,0,1,0,0,0,ADD,0,0,1,1,0,0,JE,0,0,6116929,6116967,6116938,1,0,0,0,cpp,7.843842987090161e-10,0.0333333333333333,0,0,0
0x5d55a5,JLE,1,0,259,6,0x5d559e,CMP,1,Leaf,rip(JLE) ,rflags ,CMP,7,JZ,6,CMP,3,AND,3,MOV,2,MOV,5,XOR,2,MOV,2,CPUID,2,TEST,2,0,0,1,0,0,RET,0,0,1,0,0,0,JE,0,0,6116766,6117032,6116779,0,0,1,0,cpp,2.6146143290300536e-11,0.0,0,0,0
0x5d5598,JZ,1,1,464,6,0x5d5595,CMP,1,Leaf,edx(AND) ,rflags ,CMP,3,AND,3,MOV,2,XGETBV,3,XOR,2,CMP,7,JLE,6,MOV,5,XOR,2,MOV,2,0,1,0,0,0,JE,0,0,1,1,0,0,JLE,0,0,6116747,6117224,6116766,0,0,0,0,cpp,2.6146143290300536e-11,1.0,1,1,1
0x5d5585,JZ,1,0,291,6,0x5d557f,TEST,1,Leaf,esi(MOV) ,rflags ,TEST,6,MOV,6,MOV,6,MOV,6,MOV,6,XOR,2,XGETBV,3,MOV,2,AND,3,CMP,3,0,1,1,0,0,RET,0,0,1,0,0,0,JE,0,0,6116729,6117032,6116747,0,0,1,0,cpp,2.6146143290300536e-11,0.0,0,0,0
0x5d5531,JZ,1,1,671,6,0x5d552b,CMP,1,Leaf,edx(-1) ,rflags ,CMP,6,JNZ,2,CMP,6,JNZ,2,MOV,6,CMP,6,JZ,6,XOR,3,XOR,3,MOV,6,0,1,0,0,0,JE,0,0,0,0,0,0,JE,0,0,6116651,6117328,6116663,1,0,1,0,cpp,2.6146143290300536e-11,1.0,1,1,1
0x5d5529,JNZ,1,0,14,2,0x5d5523,CMP,1,Leaf,ecx(-1) ,rflags ,CMP,6,JNZ,2,MOV,6,CMP,6,SUB,7,CMP,6,JZ,6,CMP,6,JZ,6,XOR,3,0,0,0,0,0,JE,0,0,1,0,0,0,JE,0,0,6116643,6116663,6116651,0,0,0,0,cpp,2.6146143290300536e-11,0.0,0,0,0
0x5d5521,JNZ,1,0,22,2,0x5d5515,CMP,1,Leaf,ebx(-1) ,rflags ,MOV,6,CMP,6,SUB,7,CPUID,2,PUSH,1,CMP,6,JNZ,2,CMP,6,JZ,6,CMP,6,0,1,0,0,0,JE,0,0,1,0,0,0,JNE,0,0,6116608,6116663,6116643,0,0,0,0,cpp,2.6146143290300536e-11,0.0,0,0,0
0x5d4d8e,JNZ,41,32,-46,2,0x5d4d8c,TEST,1,NonLeaf,eax(-1) eax(-1) ,rflags ,TEST,2,CALL_NEAR,5,MOV,3,MOV,3,MOV,3,ADD,7,MOV,5,ADD,4,POP,1,POP,1,0,0,0,0,0,JE,0,0,1,0,0,0,RET,1,0,6114700,6114656,6114704,0,0,0,0,cpp,1.071991874902322e-09,0.7804878048780488,1,1,1
0x5d4d7c,JNZ,49,8,-28,2,0x5d4d76,CMP,1,NonLeaf,r13(-1) rax(-1) ,rflags ,MOV,3,CMP,3,CALL_NEAR,5,MOV,3,ADD,4,MOV,3,MOV,3,MOV,3,CALL_NEAR,5,TEST,2,0,1,0,0,0,JE,0,0,1,0,0,0,CALL,0,1,6114678,6114656,6114686,0,0,0,1,cpp,1.281161021224726e-09,0.1632653061224489,0,0,0
0x5d4d68,JZ,40,0,72,2,0x5d4d65,CMP,1,NonLeaf,rbx(LEA) ,rflags ,CMP,3,LEA,5,NOP,5,JMP,2,MOV,7,ADD,4,MOV,3,CALL_NEAR,5,CMP,3,MOV,3,0,1,0,0,0,RET,1,0,1,0,0,0,ADD,0,0,6114656,6114736,6114666,0,0,0,0,cpp,1.0458457316120212e-09,0.0,0,0,0
0x5d4404,JZ,1,0,43,2,0x5d4401,TEST,1,NonLeaf,rbp(MOV) rbp(MOV) ,rflags ,TEST,3,MOV,3,JZ,2,TEST,3,SUB,4,MOV,5,MOV,3,CALL_NEAR,5,LEA,4,TEST,3,0,0,1,0,0,RET,0,0,1,0,0,0,CALL,0,1,6112254,6112303,6112262,0,0,0,1,cpp,2.6146143290300536e-11,0.0,0,0,0
0x5d43fc,JZ,1,0,51,2,0x5d43f9,TEST,1,NonLeaf,rsi(-1) rsi(-1) ,rflags ,TEST,3,SUB,4,MOV,3,PUSH,1,PUSH,1,MOV,3,TEST,3,JZ,2,MOV,5,MOV,3,0,1,1,0,0,RET,0,0,1,0,0,0,JE,0,0,6112240,6112303,6112254,0,0,0,0,cpp,2.6146143290300536e-11,0.0,0,0,0
0x60f1c1,JZ,7,0,24,2,0x60f1be,CMP,1,Leaf,rsp(-1) rcx(MOV) cl(MOV) ,rflags ,CMP,3,MOV,3,JZ,2,CMP,3,MOV,2,MOV,3,CMP,3,JZ,2,MOV,3,CMP,3,0,1,0,0,0,INC,1,0,1,0,0,0,JE,0,0,6353339,6353369,6353347,0,0,0,0,cpp,1.8302300303210375e-10,0.0,0,0,0
0x5d205d,JNB,75,0,19379,6,0x5d2057,CMP,1,Leaf,rax(-1) ,rflags ,CMP,6,SYSCALL,2,MOV,5,INVALID,0,INVALID,0,RET_NEAR,1,INVALID,0,INVALID,0,INVALID,0,INVALID,0,0,-1,-1,-1,-1,RET,-1,0,1,1,0,0,RET,0,0,6103127,6122512,6103139,1,0,1,0,cpp,1.96096074677254e-09,0.0,0,0,0
0x5d1ff3,JZ,78,78,-56,2,0x5d1ff0,TEST,1,Leaf,dl(-1) ,rflags ,TEST,3,NOP,3,RET_NEAR,1,POP,2,POP,2,TEST,7,MOVSXD,3,MOVSXD,3,JZ,2,MOV,3,0,0,0,0,0,MOVSXD,0,0,1,0,0,0,JE,0,0,6103024,6102971,6103029,0,0,0,0,cpp,2.039399176643442e-09,1.0,1,0,1
0x5d1fe0,JNBE,78,0,77,2,0x5d1fda,CMP,1,Leaf,rax(-1) ,rflags ,CMP,6,SYSCALL,2,MOV,5,MOV,3,MOV,3,POP,1,POP,1,POP,2,POP,2,POP,2,0,1,0,0,0,JMP,0,0,0,1,0,0,RET,0,0,6103002,6103085,6103010,1,0,1,0,cpp,2.039399176643442e-09,0.0,0,0,0
0x5d1fb9,JZ,78,78,55,2,0x5d1fa2,TEST,1,Leaf,rdi(-1) rdi(-1) ,rflags ,MOV,3,PUSH,1,MOV,3,PUSH,1,MOV,3,MOVSXD,3,MOVSXD,3,MOV,3,MOV,3,MOVSXD,3,0,1,0,0,0,JE,0,0,1,0,0,0,MOVSXD,0,0,6102944,6103024,6102971,0,0,0,0,cpp,2.039399176643442e-09,1.0,1,0,1
0x5d1439,JB,38,0,-31,2,0x5d1436,CMP,1,NonLeaf,rbx(-1) rax(NEG) ,rflags ,CMP,3,NEG,3,MOV,3,NOP,5,RET_NEAR,1,LEA,4,JMP,2,INVALID,0,INVALID,0,INVALID,0,0,0,0,0,0,RET,0,0,1,0,0,0,JMP,0,0,6100016,6099994,6100027,0,0,0,0,cpp,9.935534450314203e-10,0.0,0,1,0
0x5d1418,JNS,1,1,-57,2,0x5d140f,TEST,1,NonLeaf,eax(-1) eax(-1) ,rflags ,MOV,7,TEST,2,CALL_NEAR,5,XOR,2,NOP,5,MOV,7,ADD,4,MOV,3,POP,1,POP,1,0,0,0,0,0,JE,0,0,0,0,0,0,RET,0,0,6099983,6099935,6099994,0,0,0,0,cpp,2.6146143290300536e-11,1.0,1,1,1
0x5d13f7,JS,808,0,35,2,0x5d13f5,TEST,1,NonLeaf,eax(-1) eax(-1) ,rflags ,TEST,2,CALL_NEAR,5,NOP,1,JB,2,ADD,3,ADD,4,MOV,3,POP,1,POP,1,RET_NEAR,1,0,0,0,0,0,RET,0,0,0,0,0,0,RET,0,0,6099957,6099994,6099961,0,0,0,0,cpp,2.1126083778562837e-08,0.0,0,0,0
0x5d13ed,JB,770,0,45,2,0x5d13ea,ADD,1,NonLeaf,rdi(ADD) rbx(-1) ,rdi rflags ,ADD,3,MOV,3,JLE,2,JZ,2,CMP,4,NOP,1,CALL_NEAR,5,TEST,2,JS,2,ADD,4,0,0,0,0,0,RET,0,0,0,0,0,0,CALL,0,1,6099943,6099994,6099951,0,0,0,1,cpp,2.0132530333531414e-08,0.0,0,1,0
0x5d13e5,JLE,808,38,75,2,0x5d13df,CMP,0,NonLeaf,rbp(-1) ,rflags ,JZ,2,CMP,4,JNZ,2,TEST,2,MOV,6,MOV,3,ADD,3,JB,2,NOP,1,CALL_NEAR,5,0,1,0,0,0,JB,0,0,1,0,0,0,JB,0,0,6099941,6100016,6099943,0,0,0,0,cpp,2.1126083778562837e-08,0.047029702970297,0,0,0
0x5d13e3,JZ,884,76,22,2,0x5d13df,CMP,1,NonLeaf,rbp(-1) ,rflags ,CMP,4,JNZ,2,TEST,2,MOV,6,JZ,2,JLE,2,MOV,3,ADD,3,JB,2,NOP,1,0,1,0,0,0,RET,0,0,1,0,0,0,JLE,0,0,6099935,6099961,6099941,0,0,0,0,cpp,2.3113190668625677e-08,0.085972850678733,0,0,0
0x5d13dd,JNZ,883,0,43,2,0x5d13db,TEST,1,NonLeaf,eax(MOV) eax(MOV) ,rflags ,TEST,2,MOV,6,JZ,2,TEST,3,MOV,7,CMP,4,JZ,2,JLE,2,MOV,3,ADD,3,0,0,0,0,0,CALL,0,1,0,0,0,0,JE,0,0,6099925,6099976,6099935,0,0,1,0,cpp,2.3087044525335374e-08,0.0,0,0,0
0x5d13d3,JZ,884,1,53,2,0x5d13d0,TEST,1,NonLeaf,rbx(MOV) rbx(MOV) ,rflags ,TEST,3,MOV,7,SUB,4,PUSH,1,MOV,3,MOV,6,TEST,2,JNZ,2,CMP,4,JZ,2,0,1,0,0,0,CALL,0,1,1,0,0,0,JNE,0,0,6099904,6099976,6099925,0,0,1,0,cpp,2.3113190668625677e-08,0.001131221719457,0,0,0
0x5d0c96,JNB,1,0,24442,6,0x5d0c90,CMP,1,Leaf,rax(-1) ,rflags ,CMP,6,SYSCALL,2,MOV,5,INVALID,0,INVALID,0,RET_NEAR,1,INVALID,0,INVALID,0,INVALID,0,INVALID,0,0,-1,-1,-1,-1,RET,-1,0,1,1,0,0,RET,0,0,6098064,6122512,6098076,1,0,1,0,cpp,2.6146143290300536e-11,0.0,0,0,0
0x5d0a76,JNB,23,0,24986,6,0x5d0a70,CMP,1,Leaf,rax(-1) ,rflags ,CMP,6,SYSCALL,2,MOV,5,INVALID,0,INVALID,0,RET_NEAR,1,INVALID,0,INVALID,0,INVALID,0,INVALID,0,0,-1,-1,-1,-1,RET,-1,0,1,1,0,0,RET,0,0,6097520,6122512,6097532,1,0,1,0,cpp,6.013612956769124e-10,0.0,0,0,0
0x5d0a16,JNB,988,0,25082,6,0x5d0a10,CMP,1,Leaf,rax(-1) ,rflags ,CMP,6,SYSCALL,2,MOV,5,INVALID,0,INVALID,0,RET_NEAR,1,INVALID,0,INVALID,0,INVALID,0,INVALID,0,0,-1,-1,-1,-1,RET,-1,0,1,1,0,0,RET,0,0,6097424,6122512,6097436,1,0,1,0,cpp,2.5832389570816933e-08,0.0,0,0,0
0x5d09a7,JNZ,2,0,22,2,0x5d09a0,CMP,1,Leaf,rip(JNZ) ,rflags ,CMP,7,INVALID,0,INVALID,0,INVALID,0,INVALID,0,INVALID,0,INVALID,0,INVALID,0,INVALID,0,INVALID,0,0,1,1,0,0,CALL,0,1,-1,-1,-1,-1,SYSCALL,-1,1,6097312,6097341,6097321,0,0,1,0,cpp,5.2292286580601066e-11,0.0,0,1,0
0x5d0955,JNBE,3,0,27,2,0x5d0950,CMP,1,Leaf,edi(-1) ,rflags ,MOV,2,CMP,3,INVALID,0,INVALID,0,INVALID,0,MOVSXD,3,MOV,3,MOV,5,SYSCALL,2,CMP,6,0,1,0,0,0,RET,0,0,1,0,0,0,SYSCALL,0,1,6097232,6097264,6097239,0,0,1,0,cpp,7.843842987090161e-11,0.0,0,0,0
0x6071e0,JZ,1,1,60,2,0x6071dd,AND,1,NonLeaf,r15(AND) rsi(MOV) ,r15 rflags ,AND,3,MOV,7,MOV,3,MOVZX,4,MOV,3,XOR,2,XOR,2,MOV,5,NOP,5,MOV,2,0,1,1,0,0,JE,1,0,1,0,0,0,NOP,0,0,6320528,6320668,6320610,0,0,1,0,cpp,2.6146143290300536e-11,1.0,1,0,1
0x5c738e,JNBE,128,0,18,2,0x5c7389,CMP,1,NonLeaf,edi(-1) ,rflags ,MOV,2,CMP,3,JZ,6,CMP,3,SUB,7,ADD,7,POP,1,POP,1,POP,2,POP,2,0,1,0,0,0,JE,0,0,1,0,0,0,RET,0,0,6058889,6058912,6058896,0,0,1,0,cpp,3.3467063411584687e-09,0.0,0,0,0
0x5c7383,JZ,128,0,285,6,0x5c7380,CMP,1,NonLeaf,edi(-1) ,rflags ,CMP,3,SUB,7,PUSH,1,PUSH,1,PUSH,2,CMP,3,MOV,2,JNBE,2,ADD,7,POP,1,0,1,0,0,0,RET,0,0,1,0,0,0,JA,0,0,6058864,6059168,6058889,0,0,0,0,cpp,3.3467063411584687e-09,0.0,0,0,0
0x5c7351,JZ,128,128,19,2,0x5c734a,CMP,1,NonLeaf,rbp(-1) ,rflags ,CMP,7,JMP,5,MOV,4,MOV,8,JBE,2,MOV,3,CALL_NEAR,5,MOV,4,JMP,5,MOV,6,0,1,0,0,0,JMP,0,0,1,0,0,0,CALL,0,1,6058826,6058852,6058835,0,0,0,1,cpp,3.3467063411584687e-09,1.0,1,0,1
0x5c726f,JZ,128,0,21,2,0x5c726c,TEST,1,NonLeaf,rbp(-1) rbp(-1) ,rflags ,TEST,3,JNZ,2,CMP,6,XOR,9,ROR,4,MOV,3,CALL_NEAR,5,MOVZX,3,MOV,4,CALL_NEAR,2,0,0,0,0,0,JE,0,0,1,0,0,0,CALL,0,1,6058604,6058628,6058609,0,0,1,1,cpp,3.3467063411584687e-09,0.0,0,0,0
0x5c7255,JZ,128,128,15,2,0x5c724d,CMP,1,NonLeaf,rax(MOV) ,rflags ,MOV,4,CMP,4,MOV,4,JZ,6,TEST,3,ROR,4,XOR,9,CMP,6,JNZ,2,TEST,3,0,1,1,0,0,JNE,0,0,1,0,0,0,XOR,0,0,6058569,6058596,6058583,0,0,0,0,cpp,3.3467063411584687e-09,1.0,1,0,1
0x5c7243,JZ,128,128,263,6,0x5c7240,TEST,1,NonLeaf,r12(MOV) r12(MOV) ,rflags ,TEST,3,MOV,4,MOV,3,MOV,4,MOV,7,MOV,4,CMP,4,MOV,4,JZ,2,ROR,4,0,1,0,0,0,JE,0,0,1,1,0,0,JE,0,0,6058542,6058826,6058569,0,0,0,0,cpp,3.3467063411584687e-09,1.0,1,0,1
0x5c722c,JZ,256,128,-31,2,0x5c7224,TEST,1,NonLeaf,edi(-1) ,rflags ,MOV,2,TEST,6,JZ,2,CMP,2,NOP,10,MOV,7,MOV,4,MOV,3,MOV,4,TEST,3,0,0,1,0,0,RET,0,0,1,0,0,0,JE,0,0,6058532,6058509,6058542,0,0,0,0,cpp,6.693412682316937e-09,0.5,0,0,0
0x5c7222,JZ,256,0,-21,2,0x5c7220,CMP,1,NonLeaf,edi(-1) eax(-1) ,rflags ,CMP,2,NOP,10,RET_NEAR,1,POP,2,POP,1,TEST,6,MOV,2,JZ,2,MOV,7,MOV,4,0,0,1,0,0,RET,0,0,1,0,0,0,JE,0,0,6058528,6058509,6058532,0,0,0,0,cpp,6.693412682316937e-09,0.0,0,0,0
0x5c720b,JBE,256,256,21,2,0x5c7205,CMP,1,NonLeaf,edx(LEA) ,rflags ,CMP,6,ADD,4,MOV,2,PUSH,1,PUSH,1,SUB,4,POP,1,POP,1,POP,2,RET_NEAR,1,0,1,0,0,0,JE,0,0,1,1,0,0,RET,0,0,6058480,6058528,6058509,0,0,0,0,cpp,6.693412682316937e-09,1.0,1,0,1
0x5c601c,JNZ,2,0,-124,2,0x5c6012,CMP,1,NonLeaf,r12d(-1) ,rflags ,MOV,3,MOV,3,CMP,4,CPUID,2,MOV,5,MOVZX,4,XOR,2,JMP,5,NOP,7,SUB,6,1,1,1,0,0,CALL,0,1,1,0,0,0,JMP,0,0,6053899,6053792,6053918,0,0,1,0,cpp,5.2292286580601066e-11,0.0,0,0,0
0x5c5fb4,JNZ,2,2,148,6,0x5c5fb1,TEST,1,NonLeaf,rax(-1) rax(-1) ,rflags ,TEST,3,CALL_NEAR,5,MOV,2,MOV,2,MOV,3,LEA,5,MOV,3,MOV,2,MOV,2,CALL_NEAR,5,0,1,1,0,0,RET,1,0,1,0,0,0,CALL,0,1,6053809,6053960,6053818,0,0,0,1,cpp,5.2292286580601066e-11,1.0,1,0,1
0x5c5ef8,JNZ,4,3,-32,2,0x5c5ef5,CMP,1,NonLeaf,eax(AND) ,rflags ,CMP,3,AND,3,SHR,3,JZ,6,TEST,2,JMP,5,NOP,1,ADD,3,MOV,2,MOV,2,1,1,0,0,0,JE,0,0,1,0,0,0,JMP,1,0,6053615,6053592,6053626,0,0,0,0,cpp,1.0458457316120216e-10,0.75,1,1,1
0x5c5ee9,JZ,3,0,-401,6,0x5c5ee7,TEST,1,NonLeaf,al(-1) ,rflags ,TEST,2,XCHG,3,CPUID,2,XCHG,3,MOV,2,SHR,3,AND,3,CMP,3,JNZ,2,JMP,5,0,0,0,0,0,XOR,1,0,0,0,1,1,JNE,0,0,6053592,6053208,6053615,0,1,0,0,cpp,7.843842987090161e-11,0.0,0,0,0
0x5c5e5b,JZ,2,2,213,6,0x5c5e58,SUB,1,NonLeaf,ebp(SUB) r14d(-1) ,ebp rflags ,SUB,3,MOV,3,SUB,6,JNZ,2,CMP,3,AND,5,ADD,4,CMP,3,JNZ,6,SHR,4,0,1,0,0,0,JMP,0,0,1,0,0,0,JNE,0,0,6053455,6053680,6053473,0,0,0,0,cpp,5.2292286580601066e-11,1.0,1,0,1
0x5c5e4d,JNZ,1,0,-40,2,0x5c5e4a,CMP,1,NonLeaf,edx(-1) ,rflags ,CMP,3,JNZ,2,CMP,3,AND,3,SHR,3,SUB,6,MOV,3,SUB,3,JZ,6,AND,5,0,0,0,0,0,JE,0,0,0,0,0,0,JE,1,0,6053450,6053413,6053455,0,0,0,0,cpp,2.6146143290300536e-11,0.0,0,1,0
0x5c5e48,JNZ,1,0,-35,2,0x5c5e45,CMP,1,NonLeaf,eax(AND) ,rflags ,CMP,3,AND,3,SHR,3,JZ,6,AND,3,CMP,3,JNZ,2,SUB,6,MOV,3,SUB,3,1,1,0,0,0,JE,0,0,1,0,0,0,JNE,0,0,6053439,6053413,6053450,0,0,0,0,cpp,2.6146143290300536e-11,0.0,0,0,0
0x5c5dd5,JZ,1,1,282,6,0x5c5dd1,CMP,1,NonLeaf,r14d(-1) ,rflags ,CMP,4,JZ,6,CMP,4,JZ,6,CMP,4,NOP,5,ADD,3,MOV,2,MOV,2,XCHG,3,0,1,0,1,0,JNE,1,0,1,0,0,0,NOP,0,0,6053329,6053615,6053339,0,0,0,0,cpp,2.6146143290300536e-11,1.0,1,0,1
0x5c5dcb,JZ,1,0,332,6,0x5c5dc7,CMP,1,NonLeaf,r14d(-1) ,rflags ,CMP,4,JZ,6,CMP,4,JZ,6,CMP,4,CMP,4,JZ,6,NOP,5,ADD,3,MOV,2,0,1,0,1,0,JNE,1,0,1,0,0,0,JE,0,0,6053319,6053655,6053329,0,0,0,0,cpp,2.6146143290300536e-11,0.0,0,0,0
0x5c5dc1,JZ,1,0,258,6,0x5c5dbd,CMP,1,NonLeaf,r14d(-1) ,rflags ,CMP,4,JZ,6,CMP,4,JZ,6,MOV,5,CMP,4,JZ,6,CMP,4,JZ,6,NOP,5,0,1,0,1,0,JNE,1,0,1,0,0,0,JE,0,0,6053309,6053571,6053319,0,0,0,0,cpp,2.6146143290300536e-11,0.0,0,0,0
0x5c5db7,JZ,2,1,136,6,0x5c5db3,CMP,1,NonLeaf,r14d(-1) ,rflags ,CMP,4,JZ,6,MOV,5,TEST,3,XOR,2,CMP,4,JZ,6,CMP,4,JZ,6,CMP,4,0,1,0,1,0,JNE,1,0,1,0,0,0,JE,0,0,6053299,6053439,6053309,0,0,0,0,cpp,5.2292286580601066e-11,0.5,0,0,0
0x5c5dad,JZ,2,0,237,6,0x5c5da5,TEST,1,NonLeaf,r14d(-1) r14d(-1) ,rflags ,MOV,5,TEST,3,XOR,2,JZ,2,AND,3,CMP,4,JZ,6,CMP,4,JZ,6,CMP,4,0,1,0,1,0,JNE,1,0,1,0,0,0,JE,0,0,6053283,6053530,6053299,0,0,0,0,cpp,5.2292286580601066e-11,0.0,0,0,0
0x5c5da1,JZ,2,0,-73,2,0x5c5d9e,AND,1,NonLeaf,edx(AND) ,edx rflags ,AND,3,MOV,2,XCHG,3,CPUID,2,XCHG,3,XOR,2,TEST,3,MOV,5,JZ,6,CMP,4,0,0,0,0,0,XOR,1,0,1,0,0,0,JE,0,0,6053264,6053208,6053283,0,0,0,0,cpp,5.2292286580601066e-11,0.0,0,0,0
0x5c5d47,JNZ,4,4,-119,2,0x5c5d44,CMP,1,NonLeaf,eax(MOVZX) ,rflags ,CMP,3,MOVZX,3,JZ,2,TEST,2,SHR,3,CMP,4,MOV,5,JNZ,2,NOP,4,XOR,2,1,1,0,0,0,JE,0,0,1,0,0,0,JNE,0,0,6053185,6053072,6053193,0,0,0,1,cpp,1.0458457316120216e-10,1.0,1,0,1
0x602dd6,JBE,1,0,1010,6,0x602dcb,CMP,1,NonLeaf,rax(-1) ,rflags ,MOV,7,CMP,4,JNBE,6,CMP,4,CMOVNBE,4,CMP,4,MOV,7,JBE,6,CMP,4,MOV,7,0,1,0,0,0,JMP,0,0,1,0,0,0,JBE,0,0,6303179,6304200,6303196,0,0,0,1,cpp,2.6146143290300536e-11,0.0,0,0,0
0x5c5d3f,JZ,2,0,25,2,0x5c5d3d,TEST,1,NonLeaf,ebx(SHR) ebx(SHR) ,rflags ,TEST,2,SHR,3,JZ,2,CMP,3,JZ,6,MOVZX,3,CMP,3,JNZ,2,CMP,4,MOV,5,0,0,0,0,0,XOR,1,0,0,0,1,1,JNE,0,0,6053178,6053208,6053185,0,0,0,0,cpp,5.2292286580601066e-11,0.0,0,0,0
0x5c5d23,JZ,2,2,23,2,0x5c5d20,TEST,1,NonLeaf,rax(-1) rax(-1) ,rflags ,TEST,3,CALL_NEAR,5,MOV,3,MOV,3,MOV,5,MOVZX,4,MOVZX,3,CMP,3,JZ,6,CMP,3,0,0,0,0,0,JE,0,0,1,0,0,0,JE,0,0,6053152,6053178,6053157,0,0,0,0,cpp,5.2292286580601066e-11,1.0,1,0,1
0x5c5ce0,JNZ,2,2,32,2,0x5c5cdb,CMP,1,NonLeaf,eax(-1) ,rflags ,NOP,2,CMP,3,JZ,6,CMP,5,NOP,1,CMP,4,JNZ,2,CMP,7,JNZ,2,CMP,7,0,1,1,0,0,CALL,0,1,1,0,0,0,JNE,0,0,6053083,6053120,6053090,0,0,1,0,cpp,5.2292286580601066e-11,1.0,1,0,1
0x5c5cd5,JZ,4,2,187,6,0x5c5cd0,CMP,1,NonLeaf,eax(-1) ,rflags ,CMP,5,NOP,1,JMP,5,JNZ,2,LEA,4,CMP,3,NOP,2,JNZ,2,CMP,4,JNZ,2,0,1,0,0,0,JE,1,0,1,0,0,0,JNE,0,0,6053072,6053264,6053083,0,0,0,0,cpp,1.0458457316120216e-10,0.5,0,0,0
0x5c5ca0,JS,2,0,184,6,0x5c5c9e,TEST,1,NonLeaf,esi(-1) esi(-1) ,rflags ,TEST,2,SUB,4,MOV,2,PUSH,1,PUSH,1,MOV,3,LEA,6,MOV,3,MOV,5,MOV,2,0,1,0,0,0,XOR,1,0,1,0,0,0,JNE,0,0,6053008,6053208,6053030,0,0,0,0,cpp,5.2292286580601066e-11,0.0,0,0,0
0x5c5b05,JZ,14,0,11,2,0x5c5b03,CMP,1,Leaf,rdi(-1) al(MOVZX) ,rflags ,CMP,2,MOVZX,3,INVALID,0,INVALID,0,INVALID,0,SBB,2,OR,3,RET_NEAR,1,NOP,3,XOR,2,0,1,0,0,0,RET,0,0,1,0,0,0,RET,0,0,6052608,6052624,6052615,0,0,0,0,cpp,3.660460060642075e-10,0.0,0,0,0
0x5c559e,JNZ,2,2,106,2,0x5c5599,CMP,1,NonLeaf,r12(-1) ,rflags ,CMP,5,JNZ,2,TEST,2,AND,3,SETZ,3,TEST,3,JNZ,2,MOV,3,LEA,4,SUB,3,0,0,0,0,0,XOR,0,0,0,0,0,0,JNE,0,0,6051225,6051336,6051232,0,0,0,0,cpp,5.2292286580601066e-11,1.0,1,1,1
0x5c5556,JZ,2,2,1392,6,0x5c5554,TEST,1,NonLeaf,dl(MOVZX) dl(MOVZX) ,rflags ,TEST,2,MOVZX,3,SUB,4,PUSH,1,MOV,3,MOVZX,3,TEST,2,JZ,6,MOV,3,MOV,3,0,1,0,0,0,JMP,0,0,1,0,0,0,JE,0,0,6051136,6052550,6051164,0,0,0,0,cpp,5.2292286580601066e-11,1.0,1,0,1
0x5b491c,JNZ,32,31,20,2,0x5b491a,CMP,1,Leaf,al(-1) cl(-1) ,rflags ,CMP,2,SHR,3,SHR,3,JNZ,2,CMP,3,AND,5,AND,6,SUB,2,RET_NEAR,1,NOP,4,0,0,0,0,0,RET,0,0,1,0,0,0,RET,0,0,5982490,5982512,5982494,1,1,0,0,cpp,8.366765852896172e-10,0.96875,1,0,1
0x5b4912,JNZ,32,32,8,2,0x5b490f,CMP,1,Leaf,ax(-1) cx(-1) ,rflags ,CMP,3,SHR,4,SHR,4,JNZ,2,CMP,2,SHR,3,SHR,3,CMP,2,JNZ,2,AND,5,0,0,1,0,0,JNE,0,0,1,0,0,0,SHR,0,0,5982479,5982490,5982484,0,1,0,0,cpp,8.366765852896172e-10,1.0,1,0,1
0x5b40c8,JNZ,1,0,2152,6,0x5b40c6,CMP,1,Leaf,al(MOVZX) cl(MOVZX) ,rflags ,CMP,2,MOVZX,4,MOVZX,4,JNZ,6,CMP,2,AND,5,AND,6,SUB,2,RET_NEAR,1,NOP,4,0,0,0,0,0,RET,0,0,1,0,0,0,RET,0,0,5980350,5982512,5980366,1,1,0,0,cpp,2.6146143290300536e-11,0.0,0,0,0
0x5b40b8,JNZ,1,0,2135,6,0x5b40b6,CMP,1,Leaf,ecx(MOV) eax(MOV) ,rflags ,CMP,2,MOV,3,MOV,3,NOP,10,NOP,1,MOVZX,4,MOVZX,4,CMP,2,JNZ,6,AND,5,0,0,0,0,0,JNE,0,0,0,0,0,0,JNE,0,0,5980336,5982479,5980350,0,0,0,0,cpp,2.6146143290300536e-11,0.0,0,0,0
0x5b3fc8,JNZ,40,32,2375,6,0x5b3fc6,CMP,1,Leaf,ecx(MOV) eax(MOV) ,rflags ,CMP,2,MOV,3,MOV,3,NOP,10,NOP,1,MOVZX,4,MOVZX,4,SUB,2,RET_NEAR,1,NOP,7,0,0,0,0,0,JNE,0,0,1,0,0,0,RET,0,0,5980096,5982479,5980110,0,0,0,0,cpp,1.0458457316120212e-09,0.8,1,0,1
0x5b330e,JZ,41,0,34,2,0x5b330a,CMP,1,Leaf,rdx(-1) ,rflags ,CMP,4,JNBE,2,CMP,4,PXOR,4,INVALID,0,ADD,3,ADD,3,LEA,7,MOVSXD,4,ADD,3,0,1,0,0,0,RET,0,0,1,0,0,0,JMP,0,0,5976842,5976880,5976848,0,0,0,0,cpp,1.071991874902322e-09,0.0,0,0,0
0x5b3308,JNBE,41,0,56,2,0x5b3304,CMP,1,Leaf,rdx(-1) ,rflags ,CMP,4,PXOR,4,INVALID,0,INVALID,0,INVALID,0,CMP,4,JZ,2,ADD,3,ADD,3,LEA,7,0,1,0,0,0,JAE,0,0,1,0,0,0,JE,0,0,5976832,5976896,5976842,0,0,0,0,cpp,1.071991874902322e-09,0.0,0,0,0
0x5ef775,JNZ,382852,382852,-7121,6,0x5ef76e,CMP,1,NonLeaf,rbp(-1) rdx(-1) ,rflags ,CMP,7,MOVSS,4,XORPS,7,JZ,2,CMP,7,MOV,5,JMP,5,NOP,3,MOV,7,TEST,3,0,0,0,0,0,JMP,0,0,0,0,0,0,JMP,1,0,6223726,6216612,6223739,0,0,1,0,cpp,1.0010103250978142e-05,1.0,1,1,1
0x5ecd07,JZ,1546084,0,11,2,0x5eccff,CMP,1,NonLeaf,ebx(MOVZX) ,rflags ,LEA,5,CMP,3,MOVZX,3,MOV,4,LEA,4,CMP,3,JNZ,6,CMP,8,JZ,6,MOV,7,0,1,0,0,0,JE,0,0,1,0,0,0,JNE,0,0,6212863,6212882,6212873,0,0,0,0,cpp,4.042413380284102e-05,0.0,0,0,0
0x5afb84,JZ,4,0,-30,2,0x5afb82,OR,1,Leaf,ecx(OR) edx(PMOVMSKB) ,ecx rflags ,OR,2,PMOVMSKB,4,PMOVMSKB,4,PCMPEQB,4,PCMPEQB,4,BSF,3,LEA,5,RET_NEAR,1,INVALID,0,INVALID,0,1,1,1,1,1,JE,0,0,0,1,0,0,RET,1,0,5962598,5962598,5962630,0,1,0,0,cpp,1.0458457316120216e-10,0.0,0,1,0
0x5afb64,JNZ,21066,21062,34,2,0x5afb62,AND,1,Leaf,ecx(AND) esi(SHL) ,ecx rflags ,AND,2,OR,2,PMOVMSKB,4,PMOVMSKB,4,SHL,2,MOVDQA,4,LEA,4,MOVDQA,4,PCMPEQB,4,PCMPEQB,4,0,1,1,0,0,RET,1,0,1,0,1,0,JE,0,0,5962528,5962630,5962598,0,0,0,0,cpp,5.507946545534711e-07,0.999810120573436,1,0,1
0x5eca0f,JNZ,898389,0,4516,6,0x5eca08,CMP,1,NonLeaf,rbp(-1) ,rflags ,CMP,7,CALL_NEAR,5,XOR,2,LEA,7,JZ,2,MOV,7,TEST,3,JZ,2,OR,2,CMP,7,0,1,0,0,0,CALL,0,1,1,1,0,0,JE,0,0,6212104,6216627,6212117,0,0,1,0,cpp,2.348940752442981e-05,0.0,0,0,0
0x5af963,JNZ,1,1,317,6,0x5af961,TEST,1,Leaf,eax(PMOVMSKB) eax(PMOVMSKB) ,rflags ,TEST,2,PMOVMSKB,4,PCMPEQB,4,MOVDQA,5,JNZ,6,MOVDQA,5,PCMPEQB,4,PMOVMSKB,4,TEST,2,JNZ,6,0,1,0,0,0,RET,1,0,1,0,0,0,JNE,0,0,5962068,5962400,5962089,1,0,0,0,cpp,2.6146143290300536e-11,1.0,1,0,1
0x5af94e,JNZ,4,3,322,6,0x5af94c,TEST,1,Leaf,eax(PMOVMSKB) eax(PMOVMSKB) ,rflags ,TEST,2,PMOVMSKB,4,PCMPEQB,4,MOVDQA,4,NOP,10,MOVDQA,5,PCMPEQB,4,PMOVMSKB,4,TEST,2,JNZ,6,0,0,0,0,0,RET,1,0,1,0,0,0,JNE,0,0,5962048,5962384,5962068,1,0,0,0,cpp,1.0458457316120216e-10,0.75,1,0,1
0x5af918,JZ,3,3,24,2,0x5af916,TEST,1,Leaf,eax(SAR) eax(SAR) ,rflags ,TEST,2,SAR,2,PMOVMSKB,4,PCMPEQB,4,MOVDQA,4,BSF,3,ADD,3,ADD,3,RET_NEAR,1,NOP,2,0,1,0,0,0,NOP,0,0,1,0,0,0,RET,1,0,5961984,5962032,5962010,0,1,0,0,cpp,7.843842987090161e-11,1.0,1,1,1
0x5af8dd,JNBE,5,3,35,2,0x5af8d9,CMP,1,Leaf,rcx(AND) ,rflags ,CMP,4,PSHUFD,5,AND,4,PUNPCKLBW,4,PUNPCKLBW,4,MOVDQU,4,PCMPEQB,4,PMOVMSKB,4,TEST,2,JNZ,6,0,1,0,0,0,JE,0,0,1,0,0,0,JNE,0,0,5961920,5961984,5961951,1,0,0,0,cpp,1.3073071645150268e-10,0.6,1,0,1
0x5ae9ee,JNZ,2664,2593,-853,6,0x5ae9e6,AND,1,Leaf,edx(AND) ,edx rflags ,MOV,5,AND,3,JNZ,2,TEST,7,SUB,3,RET_NEAR,2,NOP,10,MOV,3,SHR,4,JZ,6,0,0,0,0,0,JE,0,0,1,0,0,0,REPZ RET,1,0,5958118,5957273,5958132,0,0,0,0,cpp,6.965332572536063e-08,0.9733483483483484,1,1,1
0x5ae9e4,JNZ,2664,0,28,2,0x5ae9dd,TEST,1,Leaf,rdx(SUB) ,rflags ,TEST,7,SUB,3,MOV,5,MOV,5,MOV,5,AND,3,MOV,5,JNZ,6,RET_NEAR,2,NOP,10,0,1,0,0,0,JE,0,0,1,0,0,0,JNE,1,0,5958106,5958144,5958118,0,1,0,0,cpp,6.965332572536063e-08,0.0,0,0,0
0x5ae9c0,JNZ,903924,902587,-176,6,0x5ae969,DEC,1,Leaf,rcx(DEC) ,rcx rflags ,LEA,4,LEA,4,MOV,4,MOV,4,MOV,4,MOV,5,MOV,5,MOV,5,MOV,5,SUB,3,0,0,0,1,1,JE,0,0,0,1,0,0,MOV,1,0,5957993,5957904,5958086,1,0,1,0,cpp,2.3634126427541624e-05,0.9985208933494408,1,1,1
0x5ae967,JZ,905251,1327,95,2,0x5ae910,DEC,1,Leaf,rcx(DEC) ,rcx rflags ,LEA,4,LEA,4,MOV,4,MOV,4,MOV,4,DEC,3,MOV,3,MOV,4,MOV,4,MOV,4,1,0,1,0,0,MOV,1,0,1,0,0,0,JNE,0,0,5957904,5958086,5957993,0,1,0,1,cpp,2.366882235968785e-05,0.0014658917802907,0,0,0
0x5ae84a,JZ,2664,2664,198,6,0x5ae843,CMP,1,Leaf,rip(JZ) ,rflags ,CMP,7,MOV,5,MOV,5,MOV,5,MOV,5,DEC,3,MOV,3,MOV,4,MOV,4,MOV,4,0,1,0,1,0,JE,0,0,1,0,1,0,JE,0,0,5957679,5957904,5957712,0,0,1,1,cpp,6.965332572536063e-08,1.0,1,0,1
0x5ae829,JZ,2664,0,433,6,0x5ae825,SHR,1,Leaf,rcx(SHR) ,rcx rflags ,SHR,4,AND,4,MOV,3,CMOVNBE,4,CMP,3,MOV,5,MOV,5,MOV,5,MOV,5,CMP,7,0,1,1,0,0,JNE,0,0,1,0,0,0,JE,0,0,5957648,5958106,5957679,0,0,0,1,cpp,6.965332572536063e-08,0.0,0,0,0
0x5ae804,JNZ,10036,7501,-363,6,0x5ae7fc,AND,1,Leaf,edx(AND) ,edx rflags ,MOV,5,AND,3,JNZ,2,TEST,7,SUB,3,RET_NEAR,2,NOP,4,MOV,7,CMP,3,CMOVNBE,4,0,0,0,0,0,JE,0,0,1,0,0,0,REPZ RET,1,0,5957628,5957273,5957642,0,0,0,0,cpp,2.624026940614562e-07,0.7474093264248705,1,1,1
0x5ae7fa,JNZ,12700,2664,22,2,0x5ae7f3,TEST,1,Leaf,rdx(SUB) ,rflags ,TEST,7,SUB,3,NOP,2,MOVSQ,3,JZ,2,AND,3,MOV,5,JNZ,6,RET_NEAR,2,NOP,4,0,1,0,0,0,JE,0,0,1,0,0,0,JNE,1,0,5957616,5957648,5957628,0,1,0,0,cpp,3.320560197868169e-07,0.209763779527559,0,0,0
0x5ae7c8,JNZ,2027,1906,-303,6,0x5ae7c0,AND,1,Leaf,edx(AND) ,edx rflags ,MOV,5,AND,3,NOP,10,NOP,2,JNZ,2,RET_NEAR,2,MOV,7,CMP,3,CMOVNBE,4,MOV,3,0,0,0,0,0,JE,0,0,1,0,0,0,REPZ RET,1,0,5957568,5957273,5957582,0,0,0,0,cpp,5.299823244943919e-08,0.9403058707449432,1,1,1
0x5ae7b2,JNZ,12432,11398,-82,2,0x5ae78a,DEC,1,Leaf,ecx(DEC) ,ecx rflags ,LEA,4,LEA,4,MOV,4,MOV,4,MOV,4,NOP,2,NOP,10,AND,3,MOV,5,JNZ,6,0,0,0,1,1,JE,0,0,1,0,0,0,NOP,1,0,5957514,5957472,5957556,1,0,1,0,cpp,3.250488533850163e-07,0.9168275418275418,1,1,1
0x5ae788,JZ,13425,993,56,2,0x5ae760,DEC,1,Leaf,ecx(DEC) ,ecx rflags ,LEA,4,LEA,4,MOV,4,MOV,4,MOV,4,DEC,2,MOV,3,MOV,4,MOV,4,MOV,4,1,0,1,0,0,JNE,1,0,1,0,0,0,JNE,0,0,5957472,5957568,5957514,0,1,0,1,cpp,3.510119736722848e-07,0.0739664804469273,0,1,0
0x5ae75e,JZ,2027,0,98,2,0x5ae75b,SHR,1,Leaf,ecx(SHR) ,ecx rflags ,SHR,3,MOV,2,JNBE,2,CMP,7,NOP,10,DEC,2,MOV,3,MOV,4,MOV,4,MOV,4,0,1,1,0,0,JNE,0,0,1,0,1,0,JE,0,0,5957465,5957568,5957472,0,1,0,1,cpp,5.299823244943919e-08,0.0,0,0,0
0x5ae71a,JZ,14727,14724,54,2,0x5ae717,AND,1,Leaf,ecx(AND) ,ecx rflags ,AND,3,MOV,2,MOV,5,NOP,3,RET_NEAR,2,LEA,5,SUB,3,NOP,2,NOP,10,MOVZX,3,0,1,1,0,0,JA,1,0,1,0,0,0,NOP,0,0,5957392,5957456,5957404,0,1,0,0,cpp,3.85054252236256e-07,0.9997962925239356,1,0,1
0x5ae709,JNZ,20193,2067,-25,2,0x5ae6fe,SUB,1,Leaf,edx(SUB) ,edx rflags ,LEA,4,LEA,4,SUB,3,MOV,4,MOV,3,RET_NEAR,2,NOP,3,MOV,5,MOV,2,AND,3,1,1,1,1,1,JNE,0,0,0,1,0,0,REPZ RET,1,0,5957360,5957360,5957387,1,0,1,0,cpp,5.279690714610388e-07,0.1023622047244094,0,1,0
0x5ae6ea,JZ,1097639,1079513,33,2,0x5ae6e4,AND,1,Leaf,edx(AND) ,edx rflags ,AND,6,ADD,4,ADD,4,MOV,3,MOV,3,NOP,4,MOV,3,MOV,4,MOV,3,MOV,4,0,1,1,0,0,REPZ RET,1,0,1,0,0,0,NOP,0,0,5957348,5957387,5957356,0,0,0,0,cpp,2.8699026575022196e-05,0.9834863739353285,1,0,1
0x5ae6d4,JZ,1097639,118919,16,2,0x5ae6d1,TEST,1,Leaf,dl(-1) ,rflags ,TEST,3,ADD,4,ADD,4,MOV,2,MOV,2,MOV,3,MOV,3,ADD,4,ADD,4,AND,6,0,1,1,0,0,JE,0,0,1,0,0,0,ADD,0,0,5957329,5957348,5957334,1,0,0,1,cpp,2.8699026575022196e-05,0.1083407204007875,0,0,0
0x5ae6c3,JZ,1097639,1088239,14,2,0x5ae6c0,TEST,1,Leaf,dl(-1) ,rflags ,TEST,3,NOP,4,ADD,4,ADD,4,MOV,3,MOV,2,MOV,2,ADD,4,ADD,4,TEST,3,0,1,1,0,0,JE,0,0,1,0,0,0,ADD,0,0,5957312,5957329,5957317,0,0,0,1,cpp,2.8699026575022196e-05,0.9914361643491166,1,0,1
0x5ae6ac,JZ,1097639,1090026,20,2,0x5ae6a9,TEST,1,Leaf,dl(-1) ,rflags ,TEST,3,INC,3,INC,3,MOV,2,MOVZX,3,MOVZX,3,MOV,3,ADD,4,ADD,4,NOP,4,0,1,1,0,0,JE,0,0,1,0,0,0,NOP,0,0,5957289,5957312,5957294,0,0,0,1,cpp,2.8699026575022196e-05,0.9930642041691304,1,0,1
0x5ae69c,JZ,1097639,1005391,13,2,0x5ae699,TEST,1,Leaf,dl(-1) ,rflags ,TEST,3,JNB,2,MOV,3,CMP,4,INVALID,0,MOVZX,3,MOV,2,INC,3,INC,3,TEST,3,0,1,1,0,0,JE,0,0,1,0,0,0,INC,0,0,5957273,5957289,5957278,0,0,0,1,cpp,2.8699026575022196e-05,0.9159577966890754,1,0,1
0x5ae697,JNB,1100366,14727,121,2,0x5ae690,CMP,1,Leaf,rdx(-1) ,rflags ,MOV,3,CMP,4,INVALID,0,INVALID,0,INVALID,0,TEST,3,JZ,2,MOVZX,3,MOV,2,INC,3,0,1,0,0,0,JE,0,0,1,0,0,0,JE,1,0,5957264,5957392,5957273,0,0,1,0,cpp,2.877032710777484e-05,0.0133837286866369,0,0,0
0x5e89c2,JZ,6851,4103,26,2,0x5e89bc,CMP,1,NonLeaf,r8(MOV) r10(-1) ,rflags ,CMP,6,MOV,4,JZ,2,MOV,3,TEST,3,JMP,2,NOP,10,CMP,6,JNZ,6,SUB,4,0,1,0,1,0,JNE,0,0,1,0,0,0,JMP,0,0,6195640,6195676,6195652,0,0,0,0,cpp,1.79127227681849e-07,0.598890672894468,1,0,1
0x5e7eb3,JZ,12870,0,14,2,0x5e7ead,AND,1,NonLeaf,edx(AND) ,edx rflags ,AND,6,JNZ,2,CMP,3,OR,9,SUB,7,LEA,4,SUB,3,OR,5,LEA,5,AND,4,0,1,1,0,0,JMP,0,0,1,0,0,0,OR,0,0,6192813,6192833,6192821,0,0,1,1,cpp,3.365008641461679e-07,0.0,0,1,0
0x5a2c69,JNZ,394,0,-25,2,0x5a2c5e,SUB,1,Leaf,edx(SUB) ,edx rflags ,LEA,4,LEA,4,SUB,3,MOV,4,MOV,3,MOV,3,RET_NEAR,1,NOP,1,MOV,2,AND,3,1,1,1,1,1,JNE,0,0,0,1,0,0,RET,1,0,5909584,5909584,5909611,1,0,1,0,cpp,1.0301580456378413e-08,0.0,0,1,0
0x5a2c46,JZ,33934,33540,37,2,0x5a2c40,AND,1,Leaf,edx(AND) ,edx rflags ,AND,6,NOP,3,ADD,4,ADD,4,MOV,3,NOP,8,MOV,3,MOV,4,MOV,3,MOV,4,0,1,1,0,0,RET,1,0,1,0,0,0,NOP,0,0,5909568,5909611,5909576,0,0,0,0,cpp,8.872432264130584e-07,0.9883892261448696,1,0,1
0x5a2c2d,JZ,33934,33152,19,2,0x5a2c2a,TEST,1,Leaf,dl(-1) ,rflags ,TEST,3,ADD,4,ADD,4,MOV,2,MOV,2,MOV,3,MOV,3,ADD,4,ADD,4,NOP,3,0,1,1,0,0,JE,0,0,1,0,0,0,NOP,0,0,5909546,5909568,5909551,1,0,0,1,cpp,8.872432264130584e-07,0.9769552661047916,1,0,1
0x5a2c1c,JZ,33934,33152,14,2,0x5a2c19,TEST,1,Leaf,dl(-1) ,rflags ,TEST,3,ADD,4,ADD,4,MOV,3,MOVZX,3,MOV,2,MOV,2,ADD,4,ADD,4,TEST,3,0,1,1,0,0,JE,0,0,1,0,0,0,ADD,0,0,5909529,5909546,5909534,0,0,0,1,cpp,8.872432264130584e-07,0.9769552661047916,1,0,1
0x5a2bf9,JZ,33934,1891,13,2,0x5a2bf6,TEST,1,Leaf,dl(-1) ,rflags ,TEST,3,JNB,2,CMP,4,INVALID,0,INVALID,0,MOVZX,3,MOV,2,INC,3,INC,3,TEST,3,0,1,1,0,0,JE,0,0,1,0,0,0,INC,0,0,5909494,5909510,5909499,0,0,0,1,cpp,8.872432264130584e-07,0.0557258207107915,0,0,0
0x5a2bf4,JNB,33934,0,124,2,0x5a2bf0,CMP,1,Leaf,rdx(-1) ,rflags ,CMP,4,INVALID,0,INVALID,0,INVALID,0,INVALID,0,TEST,3,JZ,2,MOVZX,3,MOV,2,INC,3,0,1,0,0,0,JE,0,0,1,0,0,0,JE,1,0,5909488,5909616,5909494,0,0,0,0,cpp,8.872432264130584e-07,0.0,0,0,0
0x5a2bae,JNZ,17911937,17837056,-30,2,0x5a2bab,CMP,1,Leaf,rdx(-1) rcx(ADD) ,rflags ,CMP,3,ADD,4,MOVDQA,6,MOVDQA,6,MOVDQA,6,RET_NEAR,2,MOVQ,5,TEST,3,JNZ,2,TEST,3,1,1,1,1,1,JNE,0,0,1,1,0,0,REPZ RET,1,0,5909392,5909392,5909424,1,0,1,0,cpp,0.0004683280714088,0.995819491772442,1,1,1
0x5a2b85,JZ,74881,0,-91,2,0x5a2b82,CMP,1,Leaf,rcx(AND) rdx(AND) ,rflags ,CMP,3,AND,4,ADD,3,MOVDQU,7,MOVDQU,6,NOP,9,MOVDQA,5,MOVDQA,6,MOVDQA,6,MOVDQA,6,0,0,0,0,0,REPZ RET,1,0,1,0,0,0,NOP,0,0,5909312,5909290,5909383,0,0,0,0,cpp,1.9578493557209946e-06,0.0,0,0,0
0x5a2b0c,JNBE,74881,74881,52,2,0x5a2b08,CMP,1,Leaf,rdx(-1) ,rflags ,CMP,4,PSHUFD,6,PUNPCKLWD,5,PUNPCKLBW,5,MOV,3,CMP,4,JBE,6,CMP,4,MOVDQU,5,MOVDQU,7,0,1,0,0,0,JE,0,0,1,0,0,0,JBE,1,0,5909232,5909312,5909262,1,0,1,0,cpp,1.9578493557209946e-06,1.0,1,1,1
0x5a2466,JBE,70779,0,58,2,0x5a2463,SUB,1,Leaf,rdx(SUB) rax(BSF) ,rdx rflags ,SUB,3,BSF,3,NOP,7,RET_NEAR,1,LEA,5,ADD,3,RET_NEAR,1,NOP,4,BSF,3,SUB,3,0,0,0,0,0,RET,0,0,1,0,0,0,RET,0,0,5907552,5907616,5907560,0,1,0,0,cpp,1.8505978759441816e-06,0.0,0,1,0
0x5a2402,JNZ,1,1,94,2,0x5a2400,TEST,1,Leaf,eax(PMOVMSKB) eax(PMOVMSKB) ,rflags ,TEST,2,PMOVMSKB,4,PCMPEQB,4,MOVDQA,4,ADD,4,SUB,4,JBE,6,PCMPEQB,5,PMOVMSKB,4,TEST,2,0,0,0,0,0,JBE,0,0,1,0,0,0,JBE,0,0,5907440,5907552,5907460,1,0,0,0,cpp,2.6146143290300536e-11,1.0,1,1,1
0x5a2384,JLE,1,1,108,2,0x5a2380,ADD,1,Leaf,rdx(ADD) ,rdx rflags ,ADD,4,NOP,8,RET_NEAR,1,LEA,5,BSF,3,MOVDQA,4,PCMPEQB,4,PMOVMSKB,4,TEST,2,JNZ,6,0,1,0,0,0,JNE,0,0,1,0,0,0,JNE,0,0,5907328,5907440,5907334,1,0,0,0,cpp,2.6146143290300536e-11,1.0,1,1,1
0x5a2258,JNZ,2,2,504,6,0x5a2256,TEST,1,Leaf,eax(PMOVMSKB) eax(PMOVMSKB) ,rflags ,TEST,2,PMOVMSKB,4,PCMPEQB,4,MOVDQA,5,JNZ,6,MOVDQA,5,PCMPEQB,4,ADD,4,PMOVMSKB,4,TEST,2,0,1,0,0,0,RET,0,0,1,0,0,0,JNE,0,0,5907017,5907536,5907038,1,0,0,0,cpp,5.2292286580601066e-11,1.0,1,1,1
0x5a2243,JNZ,10,8,509,6,0x5a2241,TEST,1,Leaf,eax(PMOVMSKB) eax(PMOVMSKB) ,rflags ,TEST,2,PMOVMSKB,4,PCMPEQB,4,MOVDQA,5,JNZ,6,MOVDQA,5,PCMPEQB,4,PMOVMSKB,4,TEST,2,JNZ,6,0,0,0,0,0,RET,0,0,1,0,0,0,JNE,0,0,5906996,5907520,5907017,1,0,0,0,cpp,2.6146143290300536e-10,0.8,1,1,1
0x5a222e,JNZ,77,67,514,6,0x5a222c,TEST,1,Leaf,eax(PMOVMSKB) eax(PMOVMSKB) ,rflags ,TEST,2,PMOVMSKB,4,PCMPEQB,4,MOVDQA,4,NOP,5,MOVDQA,5,PCMPEQB,4,PMOVMSKB,4,TEST,2,JNZ,6,0,0,0,0,0,RET,0,0,1,0,0,0,JNE,0,0,5906976,5907504,5906996,1,0,0,0,cpp,2.013253033353141e-09,0.8701298701298701,1,1,1
0x5a2215,JBE,58,1,363,6,0x5a2211,SUB,1,Leaf,rdx(SUB) ,rdx rflags ,SUB,4,ADD,4,JBE,6,SUB,4,ADD,3,NOP,5,MOVDQA,4,PCMPEQB,4,PMOVMSKB,4,TEST,2,0,0,0,0,0,JLE,0,0,1,0,0,0,NOP,0,0,5906957,5907328,5906971,1,0,0,0,cpp,1.516476310837431e-09,0.0172413793103448,0,1,0
0x5a2207,JBE,59,1,665,6,0x5a2203,SUB,1,Leaf,rdx(SUB) ,rdx rflags ,SUB,4,ADD,3,NOP,3,RET_NEAR,1,ADD,3,ADD,4,SUB,4,JBE,6,NOP,5,MOVDQA,4,0,0,0,0,0,RET,0,0,1,0,0,0,JBE,0,0,5906944,5907616,5906957,0,1,0,0,cpp,1.5426224541277315e-09,0.0169491525423728,0,1,0
0x5a21f0,JBE,21706,0,688,6,0x5a21ed,SUB,1,Leaf,rdx(SUB) rax(BSF) ,rdx rflags ,SUB,3,BSF,3,JZ,2,TEST,2,SAR,2,ADD,3,ADD,3,RET_NEAR,1,NOP,3,ADD,3,0,0,0,0,0,RET,0,0,1,0,0,0,RET,0,0,5906922,5907616,5906934,0,1,0,0,cpp,5.675281862592635e-07,0.0,0,1,0
0x5a21e8,JZ,21765,59,24,2,0x5a21e6,TEST,1,Leaf,eax(SAR) eax(SAR) ,rflags ,TEST,2,SAR,2,PMOVMSKB,4,PCMPEQB,4,MOVDQA,4,BSF,3,SUB,3,JBE,6,ADD,3,ADD,3,0,1,0,0,0,JBE,0,0,1,0,0,0,JBE,0,0,5906896,5906944,5906922,0,1,0,0,cpp,5.690708087133912e-07,0.0027107741787273,0,1,0
0x5a21b9,JBE,20,0,455,6,0x5a21b5,SUB,1,Leaf,rdx(SUB) ,rdx rflags ,SUB,4,ADD,3,AND,4,AND,4,ADD,4,JMP,2,NOP,5,NOP,10,AND,4,AND,4,0,0,0,0,0,JLE,0,0,1,0,0,0,JMP,0,0,5906854,5907328,5906879,1,0,0,0,cpp,5.229228658060106e-10,0.0,0,1,0
0x5a21a0,JBE,20,0,768,6,0x5a219c,SUB,1,Leaf,rdx(SUB) ,rdx rflags ,SUB,4,JNZ,6,TEST,2,PMOVMSKB,4,PCMPEQB,4,ADD,4,AND,4,AND,4,ADD,3,SUB,4,0,0,0,0,0,RET,0,0,1,0,0,0,JBE,0,0,5906844,5907616,5906854,0,1,0,0,cpp,5.229228658060106e-10,0.0,0,1,0
0x5a2196,JNZ,70798,70778,714,6,0x5a2194,TEST,1,Leaf,eax(PMOVMSKB) eax(PMOVMSKB) ,rflags ,TEST,2,PMOVMSKB,4,PCMPEQB,4,MOVDQU,4,JNBE,2,SUB,4,JBE,6,ADD,4,AND,4,AND,4,0,0,0,0,0,JBE,0,0,1,0,0,0,JBE,0,0,5906824,5907552,5906844,1,0,0,0,cpp,1.8510946526666971e-06,0.9997175061442414,1,0,1
0x5a2186,JNBE,92563,21765,74,2,0x5a2182,CMP,1,Leaf,rcx(AND) ,rflags ,CMP,4,PSHUFD,5,AND,4,PUNPCKLBW,4,JZ,6,MOVDQU,4,PCMPEQB,4,PMOVMSKB,4,TEST,2,JNZ,6,0,1,0,0,0,JE,0,0,1,0,0,0,JNE,0,0,5906805,5906896,5906824,1,0,0,0,cpp,2.4201654613800888e-06,0.2351371498330866,0,0,0
0x5a216f,JZ,92563,0,817,6,0x5a216c,TEST,1,Leaf,rdx(-1) rdx(-1) ,rflags ,TEST,3,PUNPCKLBW,4,MOV,3,MOVQ,5,INVALID,0,PUNPCKLBW,4,AND,4,PSHUFD,5,CMP,4,JNBE,2,0,1,0,0,0,RET,0,0,1,0,0,0,JA,0,0,5906784,5907616,5906805,0,0,0,0,cpp,2.4201654613800888e-06,0.0,0,0,0
0x5a2112,JZ,199,37,13,2,0x5a210f,CMP,1,Leaf,rsp(-1) rcx(MOV) cl(MOV) ,rflags ,CMP,3,MOV,3,JZ,2,CMP,3,MOV,3,MOV,3,CMP,3,JNZ,2,INC,3,INC,3,0,1,0,0,0,INC,1,0,1,0,0,0,JNE,0,0,5906700,5906719,5906708,0,0,0,0,cpp,5.203082514769807e-09,0.185929648241206,0,0,0
0x5a210a,JZ,214,15,24,2,0x5a2107,CMP,1,Leaf,rsp(-1) rcx(MOV) cl(MOV) ,rflags ,CMP,3,MOV,3,JZ,2,CMP,3,MOV,2,MOV,3,CMP,3,JZ,2,MOV,3,CMP,3,0,1,0,0,0,INC,1,0,1,0,0,0,JE,0,0,5906692,5906722,5906700,0,0,0,0,cpp,5.5952746641243154e-09,0.0700934579439252,0,0,0
0x5a2102,JZ,228,14,35,2,0x5a20ff,CMP,1,Leaf,rsp(-1) rcx(MOV) cl(MOV) ,rflags ,CMP,3,MOV,2,ADD,4,LEA,4,INC,3,MOV,3,CMP,3,JZ,2,MOV,3,CMP,3,1,1,1,0,0,JE,1,0,1,0,0,0,JE,0,0,5906681,5906725,5906692,0,0,0,0,cpp,5.961320670188522e-09,0.0614035087719298,0,0,0
0x5a20d2,JZ,80,80,35,2,0x5a20cf,TEST,1,Leaf,rsp(-1) rcx(MOV) cl(MOV) ,rflags ,TEST,3,MOV,2,ADD,4,LEA,4,JNZ,2,MOV,3,TEST,3,JZ,2,MOV,3,TEST,3,1,1,1,0,0,LEA,1,0,1,0,0,0,JE,0,0,5906633,5906677,5906644,0,0,0,0,cpp,2.091691463224043e-09,1.0,1,0,1
0x5a20a6,JZ,80,80,31,2,0x5a20a3,TEST,1,Leaf,cl(MOV) ,rflags ,TEST,3,MOV,3,MOV,3,JZ,2,TEST,2,MOV,3,MOV,3,TEST,3,JZ,2,MOV,3,0,0,1,0,0,LEA,1,0,1,0,0,0,JE,0,0,5906589,5906629,5906600,0,1,0,1,cpp,2.091691463224043e-09,1.0,1,0,1
0x5a208e,JZ,80,0,186,6,0x5a208b,TEST,1,Leaf,rdx(CMOVZ) rdx(CMOVZ) ,rflags ,TEST,3,CMOVZ,4,CMP,4,MOV,3,MOV,8,MOV,3,MOV,2,TEST,2,JZ,2,MOV,3,0,1,0,0,0,JMP,0,0,1,0,0,0,MOV,0,0,5906552,5906760,5906580,0,0,1,0,cpp,2.091691463224043e-09,0.0,0,0,0
0x5a2057,JZ,1,1,7,2,0x5a2054,BSR,1,Leaf,edx(BSR) ,edx rflags ,BSR,3,AND,3,SHR,3,SUB,3,JMP,2,LEA,5,RET_NEAR,1,INVALID,0,INVALID,0,INVALID,0,0,1,1,0,0,RET,0,0,1,0,0,0,LEA,0,0,5906507,5906526,5906521,0,0,0,0,cpp,2.6146143290300536e-11,1.0,1,1,1
0x5a2042,JZ,1,0,-54,2,0x5a203f,BSR,1,Leaf,edx(BSR) ,edx rflags ,BSR,3,JNZ,2,MOV,5,MOV,6,BSF,4,LEA,5,JMP,2,SUB,3,SHR,3,AND,3,0,0,1,1,0,JE,0,0,1,0,0,0,JMP,0,0,5906495,5906444,5906500,0,0,0,0,cpp,2.6146143290300536e-11,0.0,0,1,0
0x5a203d,JNZ,2,1,14,2,0x5a202e,BSF,1,Leaf,ecx(MOV) ,r9d rflags ,MOV,5,MOV,6,BSF,4,JZ,2,OR,2,BSR,3,JZ,2,LEA,5,JMP,2,SUB,3,0,1,1,0,0,JE,1,0,1,0,0,0,JE,0,0,5906478,5906507,5906495,1,0,0,0,cpp,5.2292286580601066e-11,0.5,0,0,0
0x5a202c,JZ,4,3,-32,2,0x5a202a,OR,1,Leaf,esi(OR) ecx(PMOVMSKB) ,esi rflags ,OR,2,MOV,2,PMOVMSKB,4,PMOVMSKB,4,PCMPEQB,4,BSF,4,MOV,6,MOV,5,JNZ,2,BSR,3,1,1,1,1,1,JE,0,0,0,1,0,0,JNE,0,0,5906444,5906444,5906478,0,1,0,0,cpp,1.0458457316120216e-10,0.75,1,1,1
0x5a200a,JNZ,1,1,36,2,0x5a2008,OR,1,Leaf,esi(OR) ecx(AND) ,esi rflags ,OR,2,MOV,2,XOR,2,AND,2,AND,2,MOVDQA,4,LEA,4,MOVDQA,4,PCMPEQB,4,PCMPEQB,4,0,1,1,0,0,JNE,0,0,1,0,1,0,JE,0,0,5906368,5906478,5906444,1,0,0,0,cpp,2.6146143290300536e-11,1.0,1,1,1
0x5a1f97,JBE,7,1,13,2,0x5a1f94,SUB,1,Leaf,r11(SUB) rdx(BSF) ,r11 rflags ,SUB,3,BSF,4,NOP,10,NOP,1,XCHG,3,MOVZX,4,MOVZX,4,SUB,2,RET_NEAR,1,XOR,2,0,0,0,0,0,RET,0,0,1,0,0,0,RET,0,0,5906320,5906340,5906329,0,0,0,0,cpp,1.8302300303210375e-10,0.1428571428571428,0,0,0
0x5a1f80,JZ,1,1,16,2,0x5a1f7d,TEST,1,Leaf,r8d(-1) r8d(-1) ,rflags ,TEST,3,LEA,4,LEA,4,LEA,5,NOP,2,XCHG,3,NOP,1,NOP,10,BSF,4,SUB,3,0,0,1,0,0,JBE,0,0,1,0,0,0,NOP,0,0,5906293,5906320,5906306,0,0,0,0,cpp,2.6146143290300536e-11,1.0,1,0,1
0x5a151a,JNZ,1,1,2651,6,0x5a1517,SUB,1,Leaf,edx(SUB) r9d(SHR) ,edx rflags ,SUB,3,SHR,3,SHR,2,PMOVMSKB,5,PSUBB,4,MOVDQA,4,LEA,5,CMP,3,JB,6,TEST,3,0,0,0,0,0,JE,0,0,0,0,0,0,JB,0,0,5903600,5906293,5903648,0,0,0,0,cpp,2.6146143290300536e-11,1.0,1,1,1
0x5a07fa,JNBE,1,1,9,2,0x5a07f6,CMP,0,Leaf,ecx(-1) eax(-1) ,rflags ,JZ,2,CMP,2,AND,3,AND,3,XOR,3,MOV,3,XCHG,1,XCHG,3,LEA,4,SUB,3,0,1,1,0,0,JMP,0,0,1,0,0,0,XCHG,0,0,5900282,5900291,5900284,0,1,0,0,cpp,2.6146143290300536e-11,1.0,1,0,1
0x5a07f8,JZ,1,0,40,2,0x5a07f6,CMP,1,Leaf,ecx(AND) eax(AND) ,rflags ,CMP,2,AND,3,AND,3,XOR,3,MOV,5,JNBE,2,MOV,3,XCHG,1,XCHG,3,LEA,4,0,1,0,0,0,JNE,0,0,1,0,0,0,JA,0,0,5900256,5900320,5900282,0,0,0,0,cpp,2.6146143290300536e-11,0.0,0,0,0
0x5a07c8,JNZ,6,6,6088,6,0x5a07c2,SUB,1,Leaf,edx(SUB) ,edx rflags ,SUB,6,PMOVMSKB,4,PSUBB,4,PCMPEQB,4,PCMPEQB,4,SUB,4,JBE,6,ADD,4,ADD,4,AND,4,0,0,0,0,0,JBE,0,0,1,0,0,0,JBE,0,0,5900188,5906320,5900238,1,0,0,0,cpp,1.5687685974180323e-10,1.0,1,1,1
0x5a079a,JNBE,6,0,70,2,0x5a0797,CMP,1,Leaf,eax(-1) ,rflags ,CMP,3,JNBE,2,CMP,3,AND,4,AND,4,MOVLPD,4,MOVLPD,4,MOVHPD,5,MOVHPD,5,PXOR,4,0,0,0,0,0,JE,0,0,1,0,0,0,JNE,0,0,5900183,5900256,5900188,1,0,0,0,cpp,1.5687685974180323e-10,0.0,0,0,0
0x5a0795,JNBE,7,1,75,2,0x5a0792,CMP,1,Leaf,ecx(AND) ,rflags ,CMP,3,AND,4,AND,4,MOV,2,MOV,2,CMP,3,JNBE,2,MOVLPD,4,MOVLPD,4,MOVHPD,5,0,1,0,0,0,JE,0,0,1,0,0,0,JA,0,0,5900163,5900256,5900183,1,0,0,0,cpp,1.8302300303210375e-10,0.1428571428571428,0,0,0
0x5a077d,JZ,7,0,6195,6,0x5a0779,CMP,1,Leaf,rdx(-1) ,rflags ,CMP,4,JZ,6,TEST,3,INVALID,0,INVALID,0,MOV,3,MOV,2,MOV,2,AND,4,AND,4,0,1,0,0,0,RET,0,0,1,0,0,0,JA,0,0,5900153,5906352,5900163,0,0,0,0,cpp,1.8302300303210375e-10,0.0,0,0,0
0x5a0773,JZ,7,0,6193,6,0x5a0770,TEST,1,Leaf,rdx(-1) rdx(-1) ,rflags ,TEST,3,INVALID,0,INVALID,0,INVALID,0,INVALID,0,CMP,4,JZ,6,MOV,3,MOV,2,MOV,2,0,1,0,0,0,RET,0,0,1,0,0,0,JE,0,0,5900144,5906340,5900153,0,0,0,0,cpp,1.8302300303210375e-10,0.0,0,0,0
0x5a0678,JNZ,1,1,72,2,0x5a0676,TEST,1,Leaf,edx(PMOVMSKB) edx(PMOVMSKB) ,rflags ,TEST,2,PMOVMSKB,4,PCMPEQB,5,JNZ,2,TEST,2,PCMPEQB,5,PMOVMSKB,4,TEST,2,JNZ,2,PCMPEQB,5,0,1,0,0,0,RET,1,0,1,0,0,0,JNE,0,0,5899885,5899968,5899898,1,0,0,0,cpp,2.6146143290300536e-11,1.0,1,0,1
0x5a066b,JNZ,10,9,69,2,0x5a0669,TEST,1,Leaf,edx(PMOVMSKB) edx(PMOVMSKB) ,rflags ,TEST,2,PMOVMSKB,4,PCMPEQB,5,NOP,9,PXOR,4,PCMPEQB,5,PMOVMSKB,4,TEST,2,JNZ,2,PCMPEQB,5,1,1,0,0,0,RET,1,0,1,0,0,0,JNE,0,0,5899872,5899952,5899885,1,0,0,0,cpp,2.6146143290300536e-10,0.9,1,0,1
0x5a0645,JNZ,20,13,83,2,0x5a0643,AND,1,Leaf,edx(AND) esi(SHL) ,edx rflags ,AND,2,PMOVMSKB,4,SHL,2,SUB,3,MOV,5,PXOR,4,PXOR,4,PXOR,4,PXOR,4,NOP,9,0,0,0,0,0,SUB,0,0,0,0,0,0,NOP,0,0,5899818,5899928,5899847,0,0,0,0,cpp,5.229228658060106e-10,0.65,1,1,1
0x5a061f,JNZ,395783,395780,124,2,0x5a061d,TEST,1,Leaf,edx(PMOVMSKB) edx(PMOVMSKB) ,rflags ,TEST,2,PMOVMSKB,4,PCMPEQB,4,MOVDQU,4,JNBE,2,MOV,3,AND,4,JMP,2,MOV,3,AND,4,0,0,0,0,0,RET,0,0,1,0,0,0,JMP,0,0,5899793,5899931,5899809,1,0,0,0,cpp,1.0348199029865016e-05,0.999992420088786,1,0,1
0x5a01f0,JNB,13,9,63,2,0x5a01dd,PCMPISTRI,0,Leaf,xmm0(-1) rsi(-1) rdx(-1) ,ecx rflags ,NOP,10,NOP,2,PCMPISTRI,7,JNBE,2,CMP,3,ADD,3,LEA,5,MOVZX,4,MOVZX,4,TEST,3,0,0,0,0,0,RET,0,0,0,0,0,0,JE,0,0,5898736,5898799,5898738,0,1,0,0,cpp,3.39899862773907e-10,0.6923076923076923,1,1,1
0x5a013a,JNZ,30,30,209,6,0x5a0137,SUB,1,Leaf,edx(SUB) r9d(SHR) ,edx rflags ,SUB,3,SHR,3,SHR,2,PMOVMSKB,5,PSUBB,4,MOVDQA,4,MOV,7,MOV,6,LEA,4,AND,7,0,0,0,0,0,JE,0,0,0,0,0,0,NOP,0,0,5898528,5898763,5898560,0,0,0,0,cpp,7.843842987090161e-10,1.0,1,1,1
0x59ff9a,JNZ,1,1,625,6,0x59ff97,SUB,1,Leaf,edx(SUB) r9d(SHR) ,edx rflags ,SUB,3,SHR,3,SHR,2,PMOVMSKB,5,PSUBB,4,MOVDQA,4,MOV,7,MOV,6,LEA,4,AND,7,0,0,0,0,0,JE,0,0,0,0,0,0,NOP,0,0,5898112,5898763,5898144,0,0,0,0,cpp,2.6146143290300536e-11,1.0,1,1,1
0x59fdfa,JNZ,1,1,1041,6,0x59fdf7,SUB,1,Leaf,edx(SUB) r9d(SHR) ,edx rflags ,SUB,3,SHR,3,SHR,2,PMOVMSKB,5,PSUBB,4,MOVDQA,4,MOV,7,MOV,6,LEA,4,AND,7,0,0,0,0,0,JE,0,0,0,0,0,0,NOP,0,0,5897696,5898763,5897728,0,0,0,0,cpp,2.6146143290300536e-11,1.0,1,1,1
0x59fd2a,JNZ,1,1,1249,6,0x59fd27,SUB,1,Leaf,edx(SUB) r9d(SHR) ,edx rflags ,SUB,3,SHR,3,SHR,2,PMOVMSKB,5,PSUBB,4,MOVDQA,4,MOV,7,MOV,6,LEA,4,AND,7,0,0,0,0,0,JE,0,0,0,0,0,0,NOP,0,0,5897488,5898763,5897520,0,0,0,0,cpp,2.6146143290300536e-11,1.0,1,1,1
0x59fc5a,JNZ,27,27,1457,6,0x59fc57,SUB,1,Leaf,edx(SUB) r9d(SHR) ,edx rflags ,SUB,3,SHR,3,SHR,2,PMOVMSKB,5,PSUBB,4,MOVDQA,4,MOV,7,MOV,6,LEA,4,AND,7,0,0,0,0,0,JE,0,0,0,0,0,0,NOP,0,0,5897280,5898763,5897312,0,0,0,0,cpp,7.059458688381144e-10,1.0,1,1,1
0x59fbda,JBE,2,2,1558,6,0x59fbd3,PCMPISTRI,1,Leaf,xmm0(PALIGNR) rsi(-1) rdx(-1) ,ecx rflags ,PCMPISTRI,7,PALIGNR,8,MOVDQA,5,JNLE,2,ADD,4,ADD,4,ADD,4,JNLE,2,MOVDQA,5,PALIGNR,8,0,0,1,0,0,JAE,0,0,0,0,0,0,JG,0,0,5897158,5898736,5897184,0,1,0,0,cpp,5.2292286580601066e-11,1.0,1,1,1
0x59fbc4,JNLE,2,0,76,2,0x59fbc0,ADD,1,Leaf,r10(ADD) ,r10 rflags ,ADD,4,NOP,10,MOV,3,SUB,7,AND,7,MOVDQA,5,PALIGNR,8,PCMPISTRI,7,JBE,6,ADD,4,0,0,0,0,0,JA,0,0,0,0,0,0,JBE,0,0,5897152,5897232,5897158,1,0,0,0,cpp,5.2292286580601066e-11,0.0,0,1,0
0x59fb8a,JNZ,25,23,1665,6,0x59fb87,SUB,1,Leaf,edx(SUB) r9d(SHR) ,edx rflags ,SUB,3,SHR,3,SHR,2,PMOVMSKB,5,PSUBB,4,MOVDQA,4,MOV,7,MOV,6,LEA,4,AND,7,0,0,0,0,0,JE,0,0,0,0,0,0,NOP,0,0,5897072,5898763,5897104,0,0,0,0,cpp,6.536535822575133e-10,0.92,1,1,1
0x59faba,JNZ,2,2,1873,6,0x59fab7,SUB,1,Leaf,edx(SUB) r9d(SHR) ,edx rflags ,SUB,3,SHR,3,SHR,2,PMOVMSKB,5,PSUBB,4,MOVDQA,4,MOV,7,MOV,6,LEA,4,AND,7,0,0,0,0,0,JE,0,0,0,0,0,0,NOP,0,0,5896864,5898763,5896896,0,0,0,0,cpp,5.2292286580601066e-11,1.0,1,1,1
0x59f9ea,JNZ,1,1,2081,6,0x59f9e7,SUB,1,Leaf,edx(SUB) r9d(SHR) ,edx rflags ,SUB,3,SHR,3,SHR,2,PMOVMSKB,5,PSUBB,4,MOVDQA,4,MOV,7,MOV,6,LEA,4,AND,7,0,0,0,0,0,JE,0,0,0,0,0,0,NOP,0,0,5896656,5898763,5896688,0,0,0,0,cpp,2.6146143290300536e-11,1.0,1,1,1
0x59f91a,JNZ,1,1,2289,6,0x59f917,SUB,1,Leaf,edx(SUB) r9d(SHR) ,edx rflags ,SUB,3,SHR,3,SHR,2,PMOVMSKB,5,PSUBB,4,MOVDQA,4,MOV,7,MOV,6,LEA,4,AND,7,0,0,0,0,0,JE,0,0,0,0,0,0,NOP,0,0,5896448,5898763,5896480,0,0,0,0,cpp,2.6146143290300536e-11,1.0,1,1,1
0x59f89a,JBE,3,3,2390,6,0x59f893,PCMPISTRI,1,Leaf,xmm0(PALIGNR) rsi(-1) rdx(-1) ,ecx rflags ,PCMPISTRI,7,PALIGNR,8,MOVDQA,5,JNLE,2,ADD,4,ADD,4,ADD,4,JNLE,2,MOVDQA,5,PALIGNR,8,0,0,1,0,0,JAE,0,0,0,0,0,0,JG,0,0,5896326,5898736,5896352,0,1,0,0,cpp,7.843842987090161e-11,1.0,1,1,1
0x59f884,JNLE,3,0,76,2,0x59f880,ADD,1,Leaf,r10(ADD) ,r10 rflags ,ADD,4,NOP,10,MOV,3,SUB,7,AND,7,MOVDQA,5,PALIGNR,8,PCMPISTRI,7,JBE,6,ADD,4,0,0,0,0,0,JA,0,0,0,0,0,0,JBE,0,0,5896320,5896400,5896326,1,0,0,0,cpp,7.843842987090161e-11,0.0,0,1,0
0x59f84a,JNZ,20,17,2497,6,0x59f847,SUB,1,Leaf,edx(SUB) r9d(SHR) ,edx rflags ,SUB,3,SHR,3,SHR,2,PMOVMSKB,5,PSUBB,4,MOVDQA,4,MOV,7,MOV,6,LEA,4,AND,7,0,0,0,0,0,JE,0,0,0,0,0,0,NOP,0,0,5896240,5898763,5896272,0,0,0,0,cpp,5.229228658060106e-10,0.85,1,1,1
0x59f7d0,JBE,3,3,2592,6,0x59f7c9,PCMPISTRI,1,Leaf,xmm0(PALIGNR) rsi(-1) rdx(-1) ,ecx rflags ,PCMPISTRI,7,PALIGNR,8,MOVDQA,5,JNLE,2,ADD,4,ADD,4,ADD,4,JNLE,2,MOVDQA,5,PALIGNR,8,0,0,1,0,0,JAE,0,0,0,0,0,0,JG,0,0,5896124,5898736,5896150,0,1,0,0,cpp,7.843842987090161e-11,1.0,1,1,1
0x59f7ba,JNLE,3,0,70,2,0x59f7b6,ADD,1,Leaf,r10(ADD) ,r10 rflags ,ADD,4,MOV,3,SUB,7,AND,7,LEA,4,MOVDQA,5,PALIGNR,8,PCMPISTRI,7,JBE,6,ADD,4,0,0,0,0,0,JA,0,0,0,0,0,0,JBE,0,0,5896118,5896192,5896124,1,0,0,0,cpp,7.843842987090161e-11,0.0,0,1,0
0x59f78a,JNZ,25,22,2689,6,0x59f787,SUB,1,Leaf,edx(SUB) r9d(SHR) ,edx rflags ,SUB,3,SHR,3,SHR,2,PMOVMSKB,5,PSUBB,4,MOVDQA,4,MOV,7,MOV,6,LEA,4,AND,7,0,0,0,0,0,JE,0,0,0,0,0,0,MOV,0,0,5896048,5898763,5896080,0,0,0,0,cpp,6.536535822575133e-10,0.88,1,1,1
0x59f70a,JBE,1,1,2790,6,0x59f703,PCMPISTRI,1,Leaf,xmm0(PALIGNR) rsi(-1) rdx(-1) ,ecx rflags ,PCMPISTRI,7,PALIGNR,8,MOVDQA,5,JNLE,2,ADD,4,ADD,4,ADD,4,JNLE,2,MOVDQA,5,PALIGNR,8,0,0,1,0,0,JAE,0,0,0,0,0,0,JG,0,0,5895926,5898736,5895952,0,1,0,0,cpp,2.6146143290300536e-11,1.0,1,1,1
0x59f6f4,JNLE,1,0,76,2,0x59f6f0,ADD,1,Leaf,r10(ADD) ,r10 rflags ,ADD,4,NOP,10,MOV,3,SUB,7,AND,7,MOVDQA,5,PALIGNR,8,PCMPISTRI,7,JBE,6,ADD,4,0,0,0,0,0,JA,0,0,0,0,0,0,JBE,0,0,5895920,5896000,5895926,1,0,0,0,cpp,2.6146143290300536e-11,0.0,0,1,0
0x59f6ba,JNZ,1,0,2897,6,0x59f6b7,SUB,1,Leaf,edx(SUB) r9d(SHR) ,edx rflags ,SUB,3,SHR,3,SHR,2,PMOVMSKB,5,PSUBB,4,MOVDQA,4,MOV,7,MOV,6,LEA,4,AND,7,0,0,0,0,0,JE,0,0,0,0,0,0,NOP,0,0,5895840,5898763,5895872,0,0,0,0,cpp,2.6146143290300536e-11,0.0,0,1,0
0x59f63a,JBE,4,4,2998,6,0x59f633,PCMPISTRI,1,Leaf,xmm0(PALIGNR) rsi(-1) rdx(-1) ,ecx rflags ,PCMPISTRI,7,PALIGNR,8,MOVDQA,5,JNLE,2,ADD,4,ADD,4,ADD,4,JNLE,2,MOVDQA,5,PALIGNR,8,0,0,1,0,0,JAE,0,0,0,0,0,0,JG,0,0,5895718,5898736,5895744,0,1,0,0,cpp,1.0458457316120216e-10,1.0,1,1,1
0x59f624,JNLE,4,0,76,2,0x59f620,ADD,1,Leaf,r10(ADD) ,r10 rflags ,ADD,4,NOP,10,MOV,3,SUB,7,AND,7,MOVDQA,5,PALIGNR,8,PCMPISTRI,7,JBE,6,ADD,4,0,0,0,0,0,JA,0,0,0,0,0,0,JBE,0,0,5895712,5895792,5895718,1,0,0,0,cpp,1.0458457316120216e-10,0.0,0,1,0
0x59f5ea,JNZ,34,30,3105,6,0x59f5e7,SUB,1,Leaf,edx(SUB) r9d(SHR) ,edx rflags ,SUB,3,SHR,3,SHR,2,PMOVMSKB,5,PSUBB,4,MOVDQA,4,MOV,7,MOV,6,LEA,4,AND,7,0,0,0,0,0,JE,0,0,0,0,0,0,NOP,0,0,5895632,5898763,5895664,0,0,0,0,cpp,8.889688718702183e-10,0.8823529411764706,1,1,1
0x59f50e,JNBE,169,169,9,2,0x59f50a,CMP,0,Leaf,ecx(-1) eax(-1) ,rflags ,JZ,2,CMP,2,PXOR,4,AND,3,AND,3,MOV,3,XCHG,1,XCHG,3,MOVDQA,4,MOVDQA,4,0,1,1,0,0,JMP,0,0,1,0,0,0,XCHG,0,0,5895438,5895447,5895440,0,1,0,0,cpp,4.4186982160607905e-09,1.0,1,0,1
0x59f50c,JZ,169,0,52,2,0x59f50a,CMP,1,Leaf,ecx(AND) eax(AND) ,rflags ,CMP,2,PXOR,4,AND,3,AND,3,XOR,3,JNBE,2,MOV,3,XCHG,1,XCHG,3,MOVDQA,4,0,1,0,0,0,JNE,0,0,1,0,0,0,JA,0,0,5895408,5895488,5895438,0,0,0,0,cpp,4.4186982160607905e-09,0.0,0,0,0
0x59f4d8,JNZ,346,335,3400,6,0x59f4d2,SUB,1,Leaf,edx(SUB) ,edx rflags ,SUB,6,PMOVMSKB,4,PSUBB,4,PCMPEQB,4,PCMPEQB,4,ADD,4,ADD,4,NOP,10,AND,4,AND,4,0,0,0,0,0,RET,0,0,1,0,0,0,NOP,0,0,5895350,5898784,5895390,1,0,0,0,cpp,9.046565578443986e-09,0.9682080924855492,1,1,1
0x59f4af,JNBE,504,158,65,2,0x59f4ac,CMP,1,Leaf,ecx(AND) ,rflags ,CMP,3,AND,4,AND,4,MOV,2,MOV,2,CMP,3,JNBE,2,MOVDQU,4,MOVDQU,4,PXOR,4,0,1,0,0,0,JE,0,0,1,0,0,0,JA,0,0,5895328,5895408,5895345,1,0,0,0,cpp,1.3177656218311473e-08,0.3134920634920635,0,0,0
0x59bf33,JS,1,1,13,2,0x59bf31,TEST,1,NonLeaf,eax(MOV) eax(MOV) ,rflags ,TEST,2,MOV,11,MOV,6,INVALID,0,INVALID,0,JMP,5,NOP,6,SUB,4,MOV,5,CALL_NEAR,5,0,1,0,0,0,CALL,0,1,1,0,0,0,JMP,0,0,5881632,5881664,5881653,0,0,1,0,cpp,2.6146143290300536e-11,1.0,1,0,1
0x59bca6,JNZ,1,1,-180,6,0x59bca2,CMP,1,NonLeaf,rbp(-1) ,rflags ,CMP,4,JNZ,6,CMP,4,JMP,5,MOV,11,CMP,4,JNZ,6,CMP,4,JNZ,6,CMP,4,0,0,0,0,0,ADD,0,0,1,0,0,0,JNE,0,0,5880994,5880818,5881004,0,0,0,0,cpp,2.6146143290300536e-11,1.0,1,0,1
0x59bc9c,JNZ,2,1,-170,6,0x59bc98,CMP,1,NonLeaf,rbp(-1) ,rflags ,CMP,4,JMP,5,MOV,11,MOV,11,MOV,11,CMP,4,JNZ,6,CMP,4,JNZ,6,CMP,4,0,0,0,0,0,ADD,0,0,1,0,0,0,JNE,0,0,5880984,5880818,5880994,0,0,0,0,cpp,5.2292286580601066e-11,0.5,0,0,0
0x59bc16,JZ,1,1,4,2,0x59bc13,TEST,1,NonLeaf,rax(MOV) rax(MOV) ,rflags ,TEST,3,MOV,7,JNZ,2,TEST,2,MOVSX,5,CALL_NEAR,2,MOV,10,ADD,4,POP,1,POP,1,0,1,1,0,0,RET,0,0,1,0,0,0,CALL,0,1,5880844,5880858,5880856,0,0,1,1,cpp,2.6146143290300536e-11,1.0,1,0,1
0x59bc01,JZ,1,1,11,2,0x59bbfe,TEST,1,NonLeaf,r12(-1) r12(-1) ,rflags ,TEST,3,JNZ,2,TEST,3,MOV,3,ADD,4,MOVSX,5,TEST,2,JNZ,2,MOV,7,TEST,3,0,0,1,0,0,JE,0,0,1,0,0,0,JNE,0,0,5880830,5880844,5880835,0,0,0,0,cpp,2.6146143290300536e-11,1.0,1,0,1
0x59bbfc,JNZ,45,44,-20,2,0x59bbf9,TEST,1,NonLeaf,rbp(MOV) rbp(MOV) ,rflags ,TEST,3,MOV,3,ADD,4,JZ,6,CMP,4,TEST,3,JZ,2,MOVSX,5,TEST,2,JNZ,2,1,1,0,0,0,JE,0,0,1,1,0,0,JE,1,0,5880822,5880808,5880830,0,0,0,0,cpp,1.1765764480635243e-09,0.9777777777777776,1,0,1
0x59bbdd,JZ,1,0,47,2,0x59bbd2,TEST,1,NonLeaf,rbx(MOV) rbx(MOV) ,rflags ,MOV,8,TEST,3,MOV,10,MOV,7,MOV,7,XOR,3,JMP,2,NOP,4,CMP,4,JZ,6,0,1,1,0,0,JE,0,0,1,0,0,0,JMP,0,0,5880752,5880844,5880799,0,0,0,0,cpp,2.6146143290300536e-11,0.0,0,0,0
0x59b894,JZ,1,0,-20,2,0x59b891,TEST,1,NonLeaf,rax(-1) rax(-1) ,rflags ,TEST,3,CALL_NEAR,2,MOV,3,MOV,5,JMP,5,POP,1,POP,1,POP,2,MOV,3,XOR,2,0,0,0,0,0,JMP,0,0,1,0,0,0,JMP,0,0,5879953,5879936,5879958,0,0,0,0,cpp,2.6146143290300536e-11,0.0,0,0,0
0x59b66d,JNZ,1,1,538,6,0x59b66a,TEST,1,NonLeaf,rcx(MOV) rcx(MOV) ,rflags ,TEST,3,MOV,7,JNBE,6,PUSH,1,PUSH,1,MOV,7,MOV,4,TEST,3,JZ,6,MOV,3,0,1,0,0,0,CALL,0,1,1,0,0,0,JE,0,0,5879395,5879943,5879411,0,0,1,0,cpp,2.6146143290300536e-11,1.0,1,0,1
0x59b65d,JNBE,1,0,590,6,0x59b656,CMP,1,NonLeaf,rdx(OR) rax(MOV) ,rflags ,PUSH,1,PUSH,1,PUSH,2,CMP,3,IMUL,4,MOV,7,TEST,3,JNZ,6,MOV,7,MOV,4,0,1,0,0,0,JE,0,0,1,0,0,0,JNE,0,0,5879360,5879979,5879395,0,0,0,0,cpp,2.6146143290300536e-11,0.0,0,0,0
0x59b126,JNZ,74,0,34,2,0x59b123,TEST,1,Leaf,rdx(OR) rax(SUB) ,rflags ,TEST,3,SUB,4,OR,3,MOV,3,SUB,3,SUB,7,SUB,7,JMP,5,NOP,5,RET_NEAR,2,0,1,0,0,0,JMP,0,0,1,0,0,0,JMP,0,0,5878020,5878088,5878056,0,0,0,1,cpp,1.9348146034822402e-09,0.0,0,1,0
0x59b0e1,JNBE,17,0,31,2,0x59b0db,CMP,1,Leaf,rax(-1) ,rflags ,CMP,6,JBE,2,CMP,7,JNZ,2,TEST,2,AND,4,LEA,4,MOV,7,MOV,7,NOP,1,0,0,0,0,0,AND,0,0,1,0,0,0,JMP,0,0,5877979,5878016,5877987,1,1,0,1,cpp,4.444844359351091e-10,0.0,0,0,0
0x59b0d9,JBE,74,57,39,2,0x59b0d2,CMP,1,Leaf,rax(-1) rip(JBE) ,rflags ,CMP,7,JNZ,2,TEST,2,MOV,6,NOP,4,CMP,6,JNBE,2,AND,4,LEA,4,MOV,7,0,0,0,0,0,AND,0,0,1,0,0,0,JA,0,0,5877970,5878016,5877979,1,0,0,0,cpp,1.9348146034822402e-09,0.7702702702702703,1,0,1
0x59b0d0,JNZ,74,0,48,2,0x59b0ce,TEST,1,Leaf,edx(MOV) edx(MOV) ,rflags ,TEST,2,MOV,6,NOP,4,JMP,5,MOV,3,CMP,7,JBE,2,CMP,6,JNBE,2,AND,4,0,1,0,0,0,AND,0,0,1,0,0,0,JBE,0,0,5877960,5878016,5877970,0,0,0,0,cpp,1.9348146034822402e-09,0.0,0,0,0
0x59b0a3,JNZ,20083,74,37,2,0x59b0a1,TEST,1,Leaf,al(MOV) ,rflags ,TEST,2,LEA,4,MOV,4,JZ,6,TEST,3,TEST,2,MOV,5,JZ,2,MOV,3,AND,6,0,1,0,0,0,JNE,0,0,1,0,0,0,JE,0,0,5877913,5877960,5877925,0,0,0,0,cpp,5.250929956991057e-07,0.0036847084598914,0,0,0
0x59b093,JZ,29449,9366,173,6,0x59b090,TEST,1,Leaf,rdi(-1) rdi(-1) ,rflags ,TEST,3,JNZ,6,TEST,3,MOV,7,INVALID,0,MOV,4,LEA,4,TEST,2,JNZ,2,TEST,2,0,1,0,0,0,REPZ RET,0,0,1,0,0,0,JNE,0,0,5877904,5878080,5877913,0,0,0,0,cpp,7.699777737560605e-07,0.3180413596386974,0,0,0
0x59b08a,JNZ,29449,0,184,6,0x59b087,TEST,1,Leaf,rax(MOV) rax(MOV) ,rflags ,TEST,3,MOV,7,INVALID,0,INVALID,0,INVALID,0,TEST,3,JZ,6,MOV,4,LEA,4,TEST,2,0,1,0,0,0,JMP,0,0,1,0,0,0,JE,0,0,5877888,5878082,5877904,0,0,0,0,cpp,7.699777737560605e-07,0.0,0,0,0
0x59ad1b,JNZ,20236,20236,-90,2,0x59ad18,TEST,1,NonLeaf,rax(-1) rax(-1) ,rflags ,TEST,3,NOP,3,JMP,2,JNZ,6,CMPXCHG,3,NOP,1,MOV,3,MOV,3,CALL_NEAR,5,MOV,3,0,0,1,0,0,JE,0,0,1,0,0,0,CALL,0,1,5877016,5876929,5877021,0,0,0,1,cpp,5.290933556225217e-07,1.0,1,0,1
0x59ad0d,JNZ,20236,0,11933,6,0x59ad0a,CMPXCHG,1,NonLeaf,rbx(-1) esi(-1) eax(CMPXCHG) ,eax rflags ,CMPXCHG,3,JMP,2,JNZ,6,CMPXCHG_LOCK,4,JZ,2,JMP,2,NOP,3,TEST,3,JNZ,2,NOP,1,0,-1,-1,-1,-1,CALL,-1,1,0,1,0,0,JMP,0,0,5877002,5888938,5877011,0,0,1,0,cpp,5.290933556225217e-07,0.0,0,0,0
0x59acfc,JZ,20236,20236,14,2,0x59acf5,CMP,1,NonLeaf,rip(JZ) ,rflags ,CMP,7,MOV,5,NOP,4,RET_NEAR,1,POP,1,CMPXCHG_LOCK,4,JNZ,6,JMP,2,CMPXCHG,3,JNZ,6,0,1,0,0,0,JNE,0,0,1,0,0,0,JNE,0,0,5876976,5877002,5876990,0,0,1,0,cpp,5.290933556225217e-07,1.0,1,0,1
0x59acdc,JNZ,20236,0,11955,6,0x59acda,DEC,1,NonLeaf,rbx(-1) ,rflags ,DEC,2,JMP,2,JNZ,6,DEC_LOCK,3,JZ,2,ADD,4,MOV,3,POP,1,POP,1,RET_NEAR,1,0,-1,-1,-1,-1,CALL,-1,1,0,1,0,0,RET,0,0,5876954,5888911,5876962,0,0,1,0,cpp,5.290933556225217e-07,0.0,0,0,0
0x59accd,JZ,20236,20236,13,2,0x59acc6,CMP,1,NonLeaf,rip(JZ) ,rflags ,CMP,7,JZ,2,TEST,3,JNZ,2,MOV,3,DEC_LOCK,3,JNZ,6,JMP,2,DEC,2,JNZ,6,0,1,0,0,0,JNE,0,0,1,0,0,0,JNE,0,0,5876934,5876954,5876943,0,0,1,0,cpp,5.290933556225217e-07,1.0,1,0,1
0x59acc4,JZ,20236,0,30,2,0x59acc1,TEST,1,NonLeaf,rbx(-1) rbx(-1) ,rflags ,TEST,3,JNZ,2,MOV,3,TEST,3,CALL_NEAR,5,CMP,7,JZ,2,DEC_LOCK,3,JNZ,6,JMP,2,0,1,1,0,0,RET,0,0,1,0,0,0,JE,0,0,5876929,5876962,5876934,0,0,0,0,cpp,5.290933556225217e-07,0.0,0,0,0
0x59acbf,JNZ,20236,20236,89,2,0x59acb9,TEST,1,NonLeaf,rbx(-1) rbx(-1) ,rflags ,MOV,3,TEST,3,CALL_NEAR,5,MOV,3,MOV,3,TEST,3,JZ,2,CMP,7,JZ,2,DEC_LOCK,3,0,1,0,0,0,JNE,0,0,1,1,0,0,JE,0,0,5876921,5877016,5876929,0,0,0,0,cpp,5.290933556225217e-07,1.0,1,0,1
0x59ac9f,JZ,20236,20236,81,2,0x59ac9c,AND,1,NonLeaf,eax(AND) ,eax rflags ,AND,3,MOV,3,JZ,2,TEST,3,MOV,4,XOR,2,MOV,3,CALL_NEAR,5,MOV,3,MOV,3,0,1,0,0,0,JE,0,0,0,0,0,0,CALL,0,1,5876889,5876976,5876897,0,0,0,1,cpp,5.290933556225217e-07,1.0,1,1,1
0x59ac97,JZ,20236,0,10,2,0x59ac94,TEST,1,NonLeaf,rbx(MOV) rbx(MOV) ,rflags ,TEST,3,MOV,4,MOV,7,JNZ,6,TEST,3,MOV,3,AND,3,JZ,2,XOR,2,MOV,3,0,1,0,0,0,CALL,0,1,1,0,0,0,JE,0,0,5876873,5876897,5876889,0,0,1,0,cpp,5.290933556225217e-07,0.0,0,0,0
0x59ac83,JNZ,20236,0,185,6,0x59ac80,TEST,1,NonLeaf,rax(MOV) rax(MOV) ,rflags ,TEST,3,MOV,7,SUB,4,PUSH,1,MOV,3,MOV,7,MOV,4,TEST,3,JZ,2,MOV,3,0,1,0,0,0,JMP,0,0,1,0,0,0,JE,0,0,5876848,5877052,5876873,0,0,0,0,cpp,5.290933556225217e-07,0.0,0,0,0
0x5d5bec,JZ,3,1,45,2,0x5d5be9,CMP,1,NonLeaf,rdx(ADD) rsi(-1) ,rflags ,CMP,3,ADD,4,ADD,4,JZ,6,CMP,3,MOV,2,CMP,3,JNZ,2,MOV,4,ADD,4,0,0,1,0,0,JE,1,0,0,0,1,1,JNE,0,0,6118369,6118425,6118382,0,0,1,0,cpp,7.843842987090161e-11,0.3333333333333333,0,0,0
0x5d5676,JB,30,5,-62,2,0x5d5672,BT,1,Leaf,r10d(-1) edi(ADD) ,rflags ,BT,4,ADD,3,ADD,4,ADD,4,JZ,2,XOR,2,XOR,2,JMP,2,NOP,2,MOV,7,1,1,0,0,0,CPUID,0,0,1,0,0,0,JMP,0,0,6116978,6116920,6116984,0,0,0,0,cpp,7.843842987090161e-10,0.1666666666666666,0,1,0
0x5984da,JZ,2477,0,31,2,0x5984d4,CMP,1,NonLeaf,r12(-1) ,rflags ,CMP,6,JNZ,2,CMP,4,MOV,4,JNZ,2,MOV,4,MOV,4,MOV,4,MOV,4,JMP,5,0,1,0,0,0,JE,0,0,1,0,0,0,JMP,0,0,5866708,5866745,5866716,0,0,0,1,cpp,6.476399693007444e-08,0.0,0,0,0
0x5984d2,JNZ,2477,0,79,2,0x5984ce,CMP,1,NonLeaf,r13(-1) rdx(MOV) ,rflags ,CMP,4,MOV,4,JNZ,2,CMP,4,JMP,5,CMP,6,JZ,2,MOV,4,MOV,4,MOV,4,0,0,0,0,0,CALL,0,1,0,1,0,0,JE,0,0,5866698,5866785,5866708,0,0,1,0,cpp,6.476399693007444e-08,0.0,0,0,0
0x5984c8,JNZ,2477,0,89,2,0x5984c4,CMP,1,NonLeaf,r13(-1) rax(-1) ,rflags ,CMP,4,JMP,5,AND,4,MOV,3,MOV,3,MOV,4,CMP,4,JNZ,2,CMP,6,JZ,2,0,1,0,0,0,CALL,0,1,1,0,0,0,JNE,0,0,5866692,5866785,5866698,0,0,1,0,cpp,6.476399693007444e-08,0.0,0,0,0
0x59835e,JZ,9223,0,170,6,0x598359,CMP,1,NonLeaf,rax(-1) ,rflags ,CMP,5,JNZ,6,CMP,4,MOV,4,JNZ,6,MOV,4,MOV,4,MOV,4,MOV,4,JMP,5,0,1,0,0,0,JE,0,0,1,0,0,0,JMP,0,0,5866329,5866504,5866340,0,0,0,1,cpp,2.4114587956644184e-07,0.0,0,0,0
0x598353,JNZ,9223,0,219,6,0x59834f,CMP,1,NonLeaf,r13(-1) rcx(MOV) ,rflags ,CMP,4,MOV,4,JNZ,6,CMP,4,JMP,5,CMP,5,JZ,6,MOV,4,MOV,4,MOV,4,0,0,0,0,0,CALL,0,1,0,1,0,0,JE,0,0,5866315,5866542,5866329,0,0,1,0,cpp,2.4114587956644184e-07,0.0,0,0,0
0x598345,JNZ,9223,0,233,6,0x598341,CMP,1,NonLeaf,r13(-1) rdx(-1) ,rflags ,CMP,4,JMP,5,MOV,4,CALL_NEAR,5,MOV,4,MOV,4,CMP,4,JNZ,6,CMP,5,JZ,6,0,1,0,0,0,CALL,0,1,1,0,0,0,JNE,0,0,5866305,5866542,5866315,0,0,1,0,cpp,2.4114587956644184e-07,0.0,0,0,0
0x5980d3,JBE,901,652,18,2,0x5980bb,CMP,1,NonLeaf,rsp(-1) ,rflags ,MOV,4,MOV,4,MOV,4,MOV,4,CMP,8,MOV,8,MOV,8,MOV,4,XOR,2,CMP,7,0,1,1,0,0,JMP,0,0,1,0,0,0,MOV,0,0,5865659,5865701,5865685,0,0,1,1,cpp,2.3557675104560785e-08,0.7236403995560489,1,0,1
0x5980b5,JNZ,901,0,384,6,0x5980b1,CMP,1,NonLeaf,rdx(MOV) r15(-1) ,rflags ,CMP,4,LEA,5,MOV,4,NOP,3,JMP,2,CMP,8,MOV,4,MOV,4,MOV,4,MOV,4,0,1,0,0,0,MOV,0,0,1,0,0,0,JBE,0,0,5865640,5866037,5865659,0,0,0,1,cpp,2.3557675104560785e-08,0.0,0,0,0
0x59809d,JZ,4255,4255,-1435,6,0x59809b,TEST,1,NonLeaf,eax(MOV) eax(MOV) ,rflags ,TEST,2,MOV,6,MOV,4,MOV,4,MOV,4,JMP,2,NOP,3,MOV,4,LEA,5,CMP,4,0,0,0,0,0,JMP,0,0,1,0,0,0,JMP,0,0,5865621,5864194,5865635,0,0,0,0,cpp,1.112518397002288e-07,1.0,1,0,1
0x598044,JZ,843,843,-1346,6,0x598042,TEST,1,NonLeaf,eax(MOV) eax(MOV) ,rflags ,TEST,2,MOV,4,MOV,6,JZ,6,MOV,3,XOR,2,MOV,3,MOV,3,MOV,2,CALL_NEAR,5,0,0,0,0,0,JMP,0,0,0,0,0,0,CALL,0,1,5865528,5864194,5865546,0,1,0,1,cpp,2.2041198793723356e-08,1.0,1,0,1
0x598032,JZ,843,0,607,6,0x59802c,TEST,1,NonLeaf,rax(-1) rax(-1) ,rflags ,MOV,3,TEST,3,CALL_NEAR,5,MOV,4,MOV,3,MOV,6,MOV,4,TEST,2,JZ,6,XOR,2,0,0,0,0,0,JMP,0,0,1,0,0,0,JE,0,0,5865516,5866129,5865528,0,0,0,0,cpp,2.2041198793723356e-08,0.0,0,0,0
0x597f24,JBE,11877,4066,18,2,0x597f1d,CMP,1,NonLeaf,rbx(-1) ,rflags ,CMP,7,MOV,4,JNBE,2,MOV,4,MOV,4,MOV,8,MOV,8,XOR,2,CMP,7,SETNZ,3,0,1,1,0,0,JMP,0,0,1,0,0,0,MOV,0,0,5865245,5865270,5865254,0,0,1,1,cpp,3.105377438588995e-07,0.3423423423423423,0,0,0
0x597f17,JNBE,11877,11862,6,2,0x597f00,CMP,1,NonLeaf,r14(-1) ,rflags ,MOV,4,MOV,4,MOV,4,MOV,4,CMP,7,MOV,4,CMP,7,JBE,2,MOV,8,MOV,8,0,1,1,0,0,JBE,0,0,1,0,0,0,MOV,0,0,5865216,5865245,5865241,0,0,0,1,cpp,3.105377438588995e-07,0.9987370548118212,1,0,1
0x597efa,JNZ,11877,0,949,6,0x597ef6,CMP,1,NonLeaf,rdx(MOV) r15(-1) ,rflags ,CMP,4,LEA,5,MOV,4,JMP,5,MOV,5,CMP,7,MOV,4,MOV,4,MOV,4,MOV,4,0,1,0,0,0,JMP,0,0,1,0,0,0,JA,0,0,5865197,5866159,5865216,0,0,0,1,cpp,3.105377438588995e-07,0.0,0,0,0
0x597ed3,JNZ,18,0,-1838,6,0x597ecc,CMP,1,NonLeaf,rbp(-1) ,rflags ,CMP,7,OR,6,JNBE,2,CMP,4,JNZ,6,JMP,5,MOV,5,MOV,5,JMP,5,MOV,4,0,0,0,0,0,OR,0,0,1,0,0,0,JMP,0,0,5865158,5863333,5865177,0,0,1,0,cpp,4.706305792254095e-10,0.0,0,0,0
0x597eba,JNZ,11873,9223,1159,6,0x597eb7,TEST,1,NonLeaf,rdx(MOV) rdx(MOV) ,rflags ,TEST,3,MOV,4,JBE,2,MOV,4,MOV,4,CMP,4,JNBE,2,OR,6,CMP,7,JNZ,6,0,1,0,0,0,JNE,0,0,0,1,0,0,JA,0,0,5865139,5866305,5865152,0,0,0,0,cpp,3.104331592857383e-07,0.776804514444538,1,0,1
0x597eb1,JBE,11895,22,15,2,0x597ea1,CMP,1,NonLeaf,r13(-1) ,rflags ,MOV,4,MOV,4,CMP,8,JNZ,6,CMP,4,MOV,4,TEST,3,JNZ,6,CMP,4,JNBE,2,0,0,1,0,0,JA,0,0,1,0,0,0,JNE,0,0,5865121,5865152,5865139,0,0,0,0,cpp,3.110083744381249e-07,0.0018495166036149,0,0,0
0x597e9b,JNZ,11895,0,1051,6,0x597e97,CMP,1,NonLeaf,r13(-1) rdx(-1) ,rflags ,CMP,4,JNZ,6,CMP,4,MOV,4,MOV,4,CMP,8,MOV,4,MOV,4,JBE,2,MOV,4,0,0,0,0,0,JE,0,0,1,0,0,0,JBE,0,0,5865111,5866166,5865121,0,0,1,1,cpp,3.110083744381249e-07,0.0,0,0,0
0x597e91,JNZ,11895,0,1061,6,0x597e8d,CMP,1,NonLeaf,r13(-1) rax(MOV) ,rflags ,CMP,4,MOV,4,MOV,4,JNZ,6,CMP,4,CMP,4,JNZ,6,CMP,8,MOV,4,MOV,4,0,1,0,0,0,JE,0,0,1,0,0,0,JNE,0,0,5865093,5866166,5865111,0,0,1,0,cpp,3.110083744381249e-07,0.0,0,0,0
0x597e7f,JNZ,11895,0,1183,6,0x597e7b,CMP,1,NonLeaf,rax(AND) r12(LEA) ,rflags ,CMP,4,SUB,3,MOV,3,LEA,5,AND,4,MOV,4,MOV,4,CMP,4,JNZ,6,CMP,4,0,1,0,0,0,CALL,0,1,1,1,0,0,JNE,0,0,5865061,5866270,5865093,0,0,1,0,cpp,3.110083744381249e-07,0.0,0,0,0
0x597e30,JNBE,2021,312,340,6,0x597e2c,CMP,1,NonLeaf,r10(SHR) ,rflags ,CMP,4,SHR,4,MOV,3,JBE,2,CMP,4,ADD,4,JMP,5,MOV,2,MOV,2,SHL,3,0,1,0,0,0,JMP,0,0,1,0,0,0,JMP,0,0,5864997,5865348,5865014,0,1,0,0,cpp,5.284135558969738e-08,0.1543790202869866,0,0,0
0x597e23,JBE,7537,5516,57,2,0x597e1f,CMP,1,NonLeaf,r10(SHR) ,rflags ,CMP,4,SHR,4,MOV,3,RET_NEAR,1,XOR,2,MOV,3,SHR,4,CMP,4,JNBE,6,ADD,4,0,1,0,0,0,JMP,0,0,1,0,0,0,JA,0,0,5864984,5865052,5864997,1,0,0,0,cpp,1.9706348197899517e-07,0.731856176197426,1,0,1
0x597dd9,JNZ,1617,0,-1588,6,0x597dd2,CMP,1,NonLeaf,rbp(-1) ,rflags ,CMP,7,OR,6,JNBE,6,CMP,5,JNZ,6,JMP,5,NOP,4,MOV,6,MOV,6,MOV,5,0,0,0,0,0,OR,0,0,1,0,0,0,JMP,0,0,5864908,5863333,5864927,0,0,1,0,cpp,4.227831370041597e-08,0.0,0,0,0
0x597dc6,JNBE,2518,901,738,6,0x597dc1,CMP,1,NonLeaf,rsp(-1) ,rflags ,CMP,5,JNZ,6,TEST,3,MOV,4,JBE,2,OR,6,CMP,7,JNZ,6,JMP,5,NOP,4,0,1,0,0,0,JNE,0,0,1,0,0,0,JNE,0,0,5864897,5865640,5864908,0,0,0,1,cpp,6.583598880497676e-08,0.357823669579031,0,0,0
0x597dbb,JNZ,2518,2477,1801,6,0x597db8,TEST,1,NonLeaf,rax(MOV) rax(MOV) ,rflags ,TEST,3,MOV,4,JBE,2,MOV,4,MOV,5,CMP,5,JNBE,6,OR,6,CMP,7,JNZ,6,0,1,0,0,0,JNE,0,0,0,1,0,0,JA,0,0,5864884,5866692,5864897,0,0,0,0,cpp,6.583598880497676e-08,0.9837172359015092,1,0,1
0x597db2,JBE,2518,0,15,2,0x597da1,CMP,1,NonLeaf,r13(-1) ,rflags ,MOV,4,MOV,5,CMP,8,JNZ,6,CMP,4,MOV,4,TEST,3,JNZ,6,CMP,5,JNBE,6,0,0,1,0,0,JA,0,0,1,0,0,0,JNE,0,0,5864865,5864897,5864884,0,0,0,0,cpp,6.583598880497676e-08,0.0,0,0,0
0x597d9b,JNZ,2518,0,1502,6,0x597d97,CMP,1,NonLeaf,r13(-1) rax(-1) ,rflags ,CMP,4,JNZ,6,CMP,5,MOV,4,MOV,4,CMP,8,MOV,5,MOV,4,JBE,2,MOV,4,0,0,0,0,0,JE,0,0,1,0,0,0,JBE,0,0,5864855,5866361,5864865,0,0,1,1,cpp,6.583598880497676e-08,0.0,0,0,0
0x597d91,JNZ,2518,0,1512,6,0x597d8c,CMP,1,NonLeaf,r13(-1) r12(MOV) ,rflags ,CMP,5,MOV,4,MOV,4,JNZ,6,MOV,4,CMP,4,JNZ,6,CMP,8,MOV,5,MOV,4,0,1,0,0,0,JE,0,0,1,0,0,0,JNE,0,0,5864836,5866361,5864855,0,0,1,0,cpp,6.583598880497676e-08,0.0,0,0,0
0x597d7e,JNZ,2518,0,1637,6,0x597d75,CMP,1,NonLeaf,r13(-1) rax(-1) rax(-1) ,rflags ,MOV,4,CMP,5,SUB,3,MOV,3,JZ,6,MOV,4,MOV,4,CMP,5,JNZ,6,CMP,4,0,1,0,0,0,CALL,0,1,1,1,0,0,JNE,0,0,5864815,5866467,5864836,0,0,1,0,cpp,6.583598880497676e-08,0.0,0,0,0
0x597d69,JZ,306,41,1868,6,0x597d65,CMP,1,NonLeaf,rdx(-1) rcx(MOV) ,rflags ,CMP,4,MOV,3,MOV,4,JZ,6,CMP,4,MOV,3,SUB,3,CMP,5,MOV,4,JNZ,6,0,1,0,0,0,JMP,0,0,0,1,0,0,JNE,0,0,5864798,5866677,5864815,0,0,0,1,cpp,8.000719846831964e-09,0.1339869281045751,0,1,0
0x597d58,JZ,2518,2212,1945,6,0x597d54,CMP,1,NonLeaf,rax(-1) r13(-1) ,rflags ,CMP,4,JNBE,2,CMP,3,AND,4,MOV,3,MOV,4,MOV,3,CMP,4,JZ,6,MOV,3,0,1,0,0,0,JMP,0,0,1,0,0,0,JE,0,0,5864788,5866737,5864798,0,0,0,0,cpp,6.583598880497676e-08,0.8784749801429707,1,0,1
0x597d52,JNBE,3215,697,-18,2,0x597d4f,CMP,1,NonLeaf,r14(-1) rbx(AND) ,rflags ,CMP,3,AND,4,MOV,3,MOV,4,MOV,4,CMP,4,JZ,6,MOV,4,MOV,3,CMP,4,1,1,0,0,0,MOV,0,0,1,1,0,0,JE,1,0,5864772,5864768,5864788,0,0,0,0,cpp,8.405985067831622e-08,0.2167962674961119,0,0,0
0x597d2b,JNBE,5904,3386,-478,6,0x597d27,CMP,1,NonLeaf,r14(-1) rdx(-1) ,rflags ,CMP,4,JZ,6,CMP,3,MOV,4,LEA,5,MOV,3,MOV,4,JMP,2,NOP,6,MOV,4,0,0,0,0,0,SHL,0,0,1,0,0,0,JMP,1,0,5864743,5864269,5864753,0,0,0,0,cpp,1.5436682998593437e-07,0.573509485094851,1,1,1
0x597d21,JZ,17569,11665,-468,6,0x597d1e,CMP,1,NonLeaf,rdx(MOV) rax(LEA) ,rflags ,CMP,3,MOV,4,LEA,5,LEA,5,NOP,10,CMP,4,JNBE,6,MOV,3,MOV,4,JMP,2,0,0,0,0,0,SHL,0,0,1,0,0,0,JA,0,0,5864720,5864269,5864743,0,0,0,0,cpp,4.5936159146729014e-07,0.6639535545563208,1,0,1
0x597cdb,JNZ,619,0,1469,6,0x597cd9,TEST,1,NonLeaf,eax(MOV) eax(MOV) ,rflags ,TEST,2,ADD,4,MOV,6,OR,5,JZ,2,MOV,3,JMP,5,MOV,4,SHR,3,SUB,3,0,1,0,0,0,CALL,0,1,1,0,0,0,JMP,0,0,5864655,5866136,5864673,1,0,1,0,cpp,1.6184462696696034e-08,0.0,0,0,0
0x597cc8,JZ,619,619,7,2,0x597cbe,CMP,1,NonLeaf,rbp(-1) ,rflags ,MOV,3,CMP,7,OR,6,JMP,5,LEA,7,OR,5,MOV,6,ADD,4,TEST,2,JNZ,6,0,1,1,0,0,JNE,0,0,1,0,0,0,OR,0,0,5864632,5864655,5864650,0,0,0,1,cpp,1.6184462696696034e-08,1.0,1,0,1
0x597ca3,JNBE,596,0,325,6,0x597c9f,CMP,1,NonLeaf,rax(SHR) ,rflags ,CMP,4,SHR,4,MOV,3,NOP,7,JMP,5,LEA,3,LEA,7,JMP,5,OR,6,CMP,7,0,1,0,0,0,JMP,0,0,1,0,0,0,JMP,0,0,5864600,5864936,5864617,0,1,0,0,cpp,1.558310140101912e-08,0.0,0,0,0
0x597c71,JNZ,19880,11895,500,6,0x597c6e,CMP,1,NonLeaf,r13(MOV) rdx(-1) ,rflags ,CMP,3,MOV,4,JZ,2,TEST,2,ADD,2,MOV,2,ADD,4,ADD,2,NOT,2,AND,2,0,1,0,0,0,JNE,1,0,1,0,0,0,JMP,0,0,5864554,5865061,5864567,0,1,0,1,cpp,5.197853286111746e-07,0.5983400402414487,1,0,1
0x597c68,JZ,61790,41910,-8,2,0x597c66,TEST,1,NonLeaf,esi(-1) eax(ADD) ,rflags ,TEST,2,ADD,2,ADD,4,NOP,8,JMP,5,MOV,4,CMP,3,JNZ,6,MOV,2,ADD,4,1,1,0,0,0,ADD,0,0,1,1,0,0,JNE,1,0,5864550,5864544,5864554,1,0,0,0,cpp,1.61557019390767e-06,0.6782650914387441,1,1,1
0x597bdd,JNZ,843,843,1088,6,0x597bd9,TEST,1,NonLeaf,rbp(-1) ,rflags ,TEST,4,JNB,6,CMP,3,AND,4,MOV,4,MOV,3,CALL_NEAR,5,CMP,7,MOV,5,JBE,6,0,1,0,0,0,CALL,1,1,1,0,0,0,CALL,0,1,5864409,5865501,5864419,0,0,1,1,cpp,2.2041198793723356e-08,1.0,1,0,1
0x597bd3,JNB,5098,4255,1165,6,0x597bd0,CMP,1,NonLeaf,rax(AND) rcx(LEA) ,rflags ,CMP,3,AND,4,MOV,4,LEA,4,MOV,4,TEST,4,JNZ,6,MOV,3,CALL_NEAR,5,CMP,7,0,1,0,0,0,MOV,1,0,1,0,0,0,JNE,0,0,5864384,5865568,5864409,1,0,1,0,cpp,1.3329303849395214e-07,0.8346410357002746,1,0,1
0x597bba,JNZ,1916,0,804,6,0x597bb8,TEST,1,NonLeaf,esi(MOV) esi(MOV) ,rflags ,TEST,2,MOV,6,JZ,2,CMP,3,JNZ,6,MOV,4,LEA,4,MOV,4,AND,4,CMP,3,0,1,0,0,0,JMP,0,0,0,0,0,0,JAE,1,0,5864370,5865182,5864384,0,0,0,0,cpp,5.0096010544215834e-08,0.0,0,1,0
0x597bb0,JZ,1919,3,16,2,0x597bad,CMP,1,NonLeaf,edi(-1) ,rflags ,CMP,3,JNZ,6,TEST,2,MOV,7,MOV,2,MOV,6,TEST,2,JNZ,6,MOV,4,LEA,4,0,0,0,0,0,JAE,1,0,1,0,0,0,JNE,0,0,5864365,5864384,5864370,0,0,0,0,cpp,5.017444897408673e-08,0.0015633142261594,0,0,0
0x597ba7,JNZ,1919,0,664,6,0x597ba5,TEST,1,NonLeaf,esi(MOV) esi(MOV) ,rflags ,TEST,2,MOV,7,MOV,2,JZ,2,CMP,3,CMP,3,JZ,2,MOV,6,TEST,2,JNZ,6,0,0,0,0,0,SUB,0,0,1,0,0,0,JE,0,0,5864348,5865023,5864365,0,0,0,0,cpp,5.017444897408673e-08,0.0,0,0,0
0x597b9a,JZ,2764,845,38,2,0x597b97,CMP,1,NonLeaf,eax(LEA) ,rflags ,CMP,3,LEA,3,JNZ,6,TEST,2,MOV,7,MOV,2,MOV,7,TEST,2,JNZ,6,CMP,3,0,0,0,0,0,JAE,1,0,1,0,0,0,JNE,0,0,5864340,5864384,5864348,0,0,0,0,cpp,7.22679400543907e-08,0.3057163531114327,0,0,0
0x597b8e,JNZ,3045,281,689,6,0x597b8c,TEST,1,NonLeaf,esi(MOV) esi(MOV) ,rflags ,TEST,2,MOV,7,MOV,2,JNBE,2,CMP,3,LEA,3,CMP,3,JZ,2,MOV,2,MOV,7,0,1,0,0,0,SUB,0,0,1,0,0,0,JE,0,0,5864323,5865023,5864340,0,0,0,0,cpp,7.961500631896514e-08,0.0922824302134647,0,0,0
0x597b81,JNBE,5379,2334,63,2,0x597b7e,CMP,1,NonLeaf,eax(LEA) ,rflags ,CMP,3,LEA,3,JBE,6,CMP,2,JZ,2,MOV,2,MOV,7,TEST,2,JNZ,6,LEA,3,0,1,0,0,0,JAE,1,0,1,0,0,0,JNE,0,0,5864315,5864384,5864323,0,0,0,0,cpp,1.4064010475852658e-07,0.433909648633575,0,0,0
0x597b75,JBE,24975,19599,241,6,0x597b73,CMP,1,NonLeaf,eax(-1) esi(-1) ,rflags ,CMP,2,JZ,2,TEST,2,SHL,2,MOV,5,LEA,3,CMP,3,JNBE,2,MOV,2,MOV,7,0,0,0,1,0,JE,0,0,0,0,0,0,JA,0,0,5864307,5864550,5864315,0,0,0,0,cpp,6.529999286752559e-07,0.7847447447447448,1,1,1
0x597b71,JZ,24978,3,10,2,0x597b6f,TEST,1,NonLeaf,eax(-1) eax(-1) ,rflags ,TEST,2,SHL,2,MOV,5,MOV,7,MOV,2,CMP,2,JBE,6,LEA,3,CMP,3,JNBE,2,1,1,0,0,0,JA,0,0,1,0,0,0,JBE,0,0,5864303,5864315,5864307,0,0,0,0,cpp,6.530783671051268e-07,0.0001201056930098,0,0,0
0x597b47,JNBE,19511,17569,457,6,0x597b40,CMP,1,NonLeaf,r14(-1) ,rflags ,CMP,7,NOP,7,JMP,5,MOV,4,JMP,5,LEA,4,LEA,4,MOV,2,LEA,5,SHR,3,0,1,0,0,0,JE,0,0,1,0,0,0,SHL,0,0,5864256,5864720,5864269,0,0,0,0,cpp,5.101374017370538e-07,0.9004664035672185,1,0,1
0x597b1b,JNBE,4320,596,381,6,0x597b17,CMP,1,NonLeaf,rax(SHR) ,rflags ,CMP,4,SHR,4,MOV,3,NOP,6,JMP,5,LEA,3,LEA,7,JMP,5,MOV,4,JMP,5,0,1,0,0,0,JA,0,0,1,0,0,0,JMP,0,0,5864208,5864600,5864225,0,1,0,0,cpp,1.1295133901409832e-07,0.1379629629629629,0,0,0
0x597afc,JNZ,105,0,1358,6,0x597afa,TEST,1,NonLeaf,eax(MOV) eax(MOV) ,rflags ,TEST,2,MOV,4,MOV,6,LEA,4,MOV,4,MOV,3,JMP,5,NOP,6,MOV,3,SHR,4,0,0,0,0,0,CALL,0,1,0,0,0,0,JMP,0,0,5864134,5865546,5864194,1,0,1,0,cpp,2.745345045481556e-09,0.0,0,0,0
0x597ab4,JBE,105,105,18,2,0x597a93,CMP,1,NonLeaf,rdx(SUB) ,rflags ,MOV,4,MOV,4,MOV,3,MOV,4,MOV,4,MOV,8,MOV,8,XOR,2,CMP,7,SETNZ,3,0,1,1,0,0,JNE,0,0,1,0,0,0,MOV,0,0,5864074,5864134,5864118,0,0,1,1,cpp,2.745345045481556e-09,1.0,1,0,1
0x597a84,JBE,119,14,-329,6,0x597a81,CMP,1,NonLeaf,rdx(-1) rcx(LEA) ,rflags ,CMP,3,LEA,4,JNZ,6,CMP,3,MOV,4,SUB,3,ADD,3,MOV,3,CMP,7,MOV,3,0,0,0,0,0,JE,0,0,1,0,0,0,JBE,1,0,5864061,5863739,5864074,0,1,1,1,cpp,3.111391051545764e-09,0.1176470588235294,0,1,0
0x597a77,JNZ,119,0,-316,6,0x597a74,CMP,1,NonLeaf,rax(MOV) rbx(-1) ,rflags ,CMP,3,MOV,4,NOP,3,JMP,2,LEA,7,LEA,4,CMP,3,JBE,6,SUB,3,ADD,3,0,0,0,0,0,JE,0,0,1,0,0,0,JBE,0,0,5864048,5863739,5864061,0,0,1,0,cpp,3.111391051545764e-09,0.0,0,0,0
0x597a5b,JNBE,10472,4320,181,6,0x597a57,CMP,1,NonLeaf,rax(SHR) ,rflags ,CMP,4,SHR,4,MOV,3,NOP,2,JMP,5,LEA,3,LEA,7,JMP,2,NOP,3,MOV,4,0,1,0,0,0,JA,0,0,1,0,0,0,JMP,0,0,5864016,5864208,5864033,0,1,0,0,cpp,2.738024125360272e-07,0.4125286478227655,0,0,0
0x597a38,JNZ,17548,4744,-159,6,0x597a35,CMP,1,NonLeaf,rax(MOV) rsi(LEA) ,rflags ,CMP,3,MOV,4,LEA,5,SHL,3,SUB,4,MOV,4,MOV,4,MOV,3,JMP,5,NOP,2,0,0,0,0,0,JAE,0,0,0,0,0,0,JMP,0,0,5863959,5863833,5863998,0,0,0,1,cpp,4.588125224581939e-07,0.2703441987690905,0,0,0
0x5979a5,JNB,8735,6041,31,2,0x5979a1,CMP,1,NonLeaf,rdx(OR) rdi(MOV) ,rflags ,CMP,4,OR,4,MOV,4,JZ,6,CMP,3,MOV,4,MOV,4,MOV,4,MOV,4,MOV,4,0,1,0,1,0,JB,0,0,1,0,0,0,JMP,0,0,5863833,5863876,5863847,0,0,0,1,cpp,2.283865616407752e-07,0.6915855752718947,1,1,1
0x597993,JZ,5596,1605,171,6,0x597990,CMP,1,NonLeaf,rax(MOV) rsi(LEA) ,rflags ,CMP,3,MOV,4,LEA,5,SAR,4,SUB,4,MOV,4,OR,4,CMP,4,JNB,2,MOV,4,0,0,0,0,0,JMP,0,0,0,0,0,0,JAE,0,0,5863815,5863998,5863833,0,0,1,0,cpp,1.463138178525218e-07,0.2868120085775554,0,0,0
0x597964,JNBE,23144,17548,156,6,0x597960,CMP,1,NonLeaf,rax(SHR) ,rflags ,CMP,4,SHR,4,MOV,3,JBE,6,CMP,7,LEA,3,LEA,4,MOV,6,CDQE,2,MOV,3,0,1,0,0,0,JA,0,0,1,0,0,0,SAR,0,0,5863769,5863936,5863786,0,1,0,0,cpp,6.051263403107156e-07,0.7582094711372278,1,0,1
0x597946,JZ,28960,619,882,6,0x59793b,CMP,1,NonLeaf,r14(-1) rdx(-1) ,rflags ,MOV,4,MOV,4,CMP,3,JZ,6,CMP,3,CMP,7,JBE,6,MOV,3,SHR,4,CMP,4,0,1,0,0,0,JE,1,0,1,0,0,0,JBE,0,0,5863739,5864632,5863756,0,0,1,0,cpp,7.571923096871036e-07,0.0213743093922651,0,0,0
0x597935,JZ,119,119,315,6,0x597932,CMP,1,NonLeaf,r9(-1) r15(-1) ,rflags ,CMP,3,JNBE,2,CMP,7,AND,4,JNBE,6,CMP,3,MOV,4,MOV,4,JZ,6,CMP,7,0,1,0,0,0,JNE,0,0,0,0,0,0,JE,0,0,5863730,5864048,5863739,0,0,0,1,cpp,3.111391051545764e-09,1.0,1,0,1
0x59791f,JNBE,29065,0,1666,6,0x597918,CMP,1,NonLeaf,rdx(-1) rbp(-1) ,rflags ,CMP,7,JBE,6,CMP,4,MOV,4,MOV,4,AND,4,CMP,7,JNBE,2,CMP,3,JZ,6,0,0,0,0,0,JE,0,0,0,0,0,0,JA,0,0,5863704,5865377,5863717,0,1,0,0,cpp,7.599376547325852e-07,0.0,0,0,0
0x597912,JBE,29065,0,1679,6,0x59790e,CMP,1,NonLeaf,rdx(MOV) ,rflags ,CMP,4,MOV,4,MOV,4,JZ,6,CMP,3,CMP,7,JNBE,6,AND,4,CMP,7,JNBE,2,0,1,0,0,0,JE,0,0,1,0,0,0,JA,0,0,5863686,5865377,5863704,0,0,0,0,cpp,7.599376547325852e-07,0.0,0,0,0
0x597900,JZ,48576,19511,576,6,0x5978fd,CMP,1,NonLeaf,rbx(MOV) r15(-1) ,rflags ,CMP,3,MOV,4,JZ,6,MOV,4,MOV,4,MOV,4,MOV,4,CMP,4,JBE,6,CMP,7,1,1,0,0,0,JA,1,0,1,0,0,0,JBE,0,0,5863673,5864256,5863686,0,0,0,0,cpp,1.270075056469639e-06,0.4016592555994729,0,0,0
0x597802,JNZ,18184,16166,28,2,0x5977fe,TEST,1,NonLeaf,rbp(-1) ,rflags ,TEST,4,ADD,4,JNBE,6,CMP,4,SHR,4,MOV,3,MOV,5,MOV,4,CALL_NEAR,5,MOV,5,0,0,1,0,0,SUB,0,0,1,0,0,0,CALL,0,1,5863422,5863454,5863428,0,0,1,1,cpp,4.75441469590825e-07,0.8890233172019357,1,0,1
0x5977f4,JNBE,13294,7537,1572,6,0x5977f0,CMP,1,NonLeaf,r10(SHR) ,rflags ,CMP,4,SHR,4,MOV,3,JBE,6,CMP,4,ADD,4,TEST,4,JNZ,2,MOV,3,MOV,5,0,1,0,0,0,JBE,0,0,1,0,0,0,ADD,0,0,5863401,5864984,5863418,0,1,0,0,cpp,3.475868289012553e-07,0.5669474951105762,1,0,1
0x5977e3,JBE,18184,4890,1563,6,0x5977df,CMP,1,NonLeaf,r10(SHR) ,rflags ,CMP,4,SHR,4,MOV,3,NOP,7,RET_NEAR,1,MOV,3,SHR,4,CMP,4,JNBE,6,ADD,4,0,1,0,0,0,JMP,0,0,1,0,0,0,JA,0,0,5863384,5864958,5863401,1,0,0,0,cpp,4.75441469590825e-07,0.2689177298724153,0,0,0
0x5977b6,JNZ,14414,0,3304,6,0x5977b4,TEST,1,NonLeaf,eax(MOV) eax(MOV) ,rflags ,TEST,2,ADD,4,MOV,6,OR,5,JZ,2,MOV,3,ADD,7,POP,1,POP,1,POP,2,0,1,0,0,0,CALL,0,1,1,0,0,0,MOV,0,0,5863338,5866654,5863356,1,0,1,0,cpp,3.768705093863919e-07,0.0,0,0,0
0x5977a3,JZ,1,1,7,2,0x597794,CMP,1,NonLeaf,rbp(-1) ,rflags ,MOV,4,MOV,4,CMP,7,OR,6,JNZ,6,OR,5,MOV,6,ADD,4,TEST,2,JNZ,6,0,0,1,0,0,JNE,0,0,0,0,0,0,OR,0,0,5863310,5863338,5863333,0,0,0,1,cpp,2.6146143290300536e-11,1.0,1,1,1
0x597788,JNZ,1,0,3340,6,0x597784,CMP,1,NonLeaf,r13(-1) rdx(MOV) ,rflags ,CMP,4,MOV,4,JZ,6,TEST,3,JZ,6,OR,6,CMP,7,MOV,4,MOV,4,JZ,2,0,1,0,0,0,JMP,0,0,1,0,0,0,JE,0,0,5863296,5866644,5863310,0,0,0,1,cpp,2.6146143290300536e-11,0.0,0,0,0
0x59777a,JZ,1,0,2027,6,0x597777,TEST,1,NonLeaf,r13(-1) r13(-1) ,rflags ,TEST,3,JZ,6,CMP,3,MOV,4,LEA,5,MOV,4,CMP,4,JNZ,6,OR,6,CMP,7,0,1,0,0,0,CALL,0,1,1,0,0,0,JNE,0,0,5863287,5865317,5863296,0,0,1,0,cpp,2.6146143290300536e-11,0.0,0,0,0
0x5976fa,JZ,2043,2043,86,2,0x5976f7,TEST,1,NonLeaf,rcx(MOV) rcx(MOV) ,rflags ,TEST,3,LEA,4,LEA,4,MOV,5,MOV,3,MOV,4,MOV,3,CMP,9,JZ,2,CMPXCHG_LOCK,6,0,0,0,0,0,JA,0,0,1,0,0,0,JE,0,0,5863132,5863248,5863164,0,0,0,0,cpp,5.3416570742084e-08,1.0,1,0,1
0x5976da,JNBE,20236,18193,118,2,0x5976d3,CMP,1,NonLeaf,r14(-1) rip(JNBE) ,rflags ,CMP,7,JZ,6,TEST,3,CMOVNB,4,CMP,4,MOV,3,SHR,4,SUB,4,MOV,3,MOV,5,0,1,0,0,0,JA,0,0,1,0,0,0,JE,0,0,5863123,5863248,5863132,0,0,0,0,cpp,5.290933556225217e-07,0.8990413125123542,1,0,1
0x5976cd,JZ,20236,0,3492,6,0x5976ca,TEST,1,NonLeaf,rdi(-1) rdi(-1) ,rflags ,TEST,3,CMOVNB,4,CMP,4,SUB,7,PUSH,1,CMP,7,JNBE,2,MOV,3,SHR,4,SUB,4,0,1,0,0,0,CALL,0,1,1,0,0,0,JA,0,0,5863069,5866609,5863123,0,0,1,0,cpp,5.290933556225217e-07,0.0,0,0,0
0x597697,JNBE,20236,0,1904,6,0x597690,CMP,1,NonLeaf,rsi(-1) ,rflags ,MOV,3,CMP,4,INVALID,0,INVALID,0,INVALID,0,PUSH,2,LEA,4,PUSH,2,MOV,3,MOV,6,0,1,0,0,0,RET,0,0,1,0,0,0,JE,0,0,5863056,5864967,5863069,0,0,1,1,cpp,5.290933556225217e-07,0.0,0,0,0
0x59746e,JZ,1,1,-1156,6,0x59745d,TEST,1,NonLeaf,r15(-1) r15(-1) ,rflags ,MOV,3,MOV,7,MOV,4,TEST,3,OR,4,SUB,4,AND,4,MOV,3,OR,4,CMP,4,0,0,1,0,0,JB,0,0,1,0,0,0,JA,0,0,5862473,5861354,5862516,0,1,0,1,cpp,2.6146143290300536e-11,1.0,1,0,1
0x597438,JNZ,1,0,521,6,0x597435,TEST,1,NonLeaf,rdx(MOV) rdx(MOV) ,rflags ,TEST,3,MOV,7,JZ,6,TEST,3,CALL_NEAR,6,MOV,7,MOV,4,SUB,3,ADD,3,MOV,7,0,1,0,0,0,CALL,0,1,1,0,0,0,MOV,0,0,5862446,5862977,5862462,0,0,1,0,cpp,2.6146143290300536e-11,0.0,0,0,0
0x597428,JZ,1,0,187,6,0x597425,TEST,1,NonLeaf,rax(-1) rax(-1) ,rflags ,TEST,3,CALL_NEAR,6,MOV,3,MOV,3,ADD,3,MOV,7,TEST,3,JNZ,6,MOV,7,MOV,4,0,0,0,0,0,CALL,0,1,1,0,0,0,JNE,0,0,5862437,5862627,5862446,0,0,1,0,cpp,2.6146143290300536e-11,0.0,0,0,0
0x5973ee,JZ,1,1,324,6,0x5973eb,AND,1,NonLeaf,edx(AND) ,edx rflags ,AND,3,MOV,3,MOV,7,ADD,3,SUB,3,MOV,5,SUB,3,LEA,4,MOV,4,ADD,3,0,1,0,0,0,JMP,0,0,1,0,0,0,MOV,0,0,5862376,5862706,5862388,0,0,1,1,cpp,2.6146143290300536e-11,1.0,1,0,1
0x5973d6,JZ,1,1,18,2,0x5973d4,TEST,1,NonLeaf,al(-1) al(-1) ,rflags ,TEST,2,JB,6,CMP,3,SETNZ,3,TEST,3,MOV,3,SUB,3,ADD,3,MOV,7,MOV,3,0,0,1,0,0,JE,0,0,1,0,0,0,MOV,0,0,5862356,5862376,5862360,0,0,0,1,cpp,2.6146143290300536e-11,1.0,1,0,1
0x5973ce,JB,1,0,367,6,0x5973cb,CMP,1,NonLeaf,r8(-1) rcx(-1) ,rflags ,CMP,3,SETNZ,3,TEST,3,JNZ,6,TEST,7,TEST,2,JZ,2,MOV,3,SUB,3,ADD,3,0,1,0,0,0,JE,0,0,1,0,0,0,JE,0,0,5862341,5862717,5862356,0,0,0,0,cpp,2.6146143290300536e-11,0.0,0,0,0
0x5973bf,JNZ,1,0,273,6,0x5973b8,TEST,1,NonLeaf,rip(JNZ) ,rflags ,TEST,7,NOP,4,JMP,5,MOV,5,OR,4,TEST,3,SETNZ,3,CMP,3,JB,6,TEST,2,0,1,0,0,0,JE,0,0,1,0,0,0,JB,0,0,5862328,5862608,5862341,0,0,0,0,cpp,2.6146143290300536e-11,0.0,0,0,0
0x597395,JNZ,768,1,35,2,0x59738b,CMP,1,NonLeaf,r8(-1) rcx(LEA) ,rflags ,MOV,7,CMP,3,LEA,4,ADD,7,MOV,3,TEST,3,JZ,2,ADD,3,MOV,7,OR,4,0,1,0,0,0,JNE,0,0,1,0,0,0,JE,0,0,5862269,5862328,5862295,0,0,0,0,cpp,2.0080238046950813e-08,0.0013020833333333,0,0,0
0x597377,JZ,768,1,431,6,0x59736f,CMP,1,NonLeaf,rip(JZ) ,rflags ,CMP,8,XOR,2,MOV,5,JNZ,6,TEST,3,MOV,3,ADD,7,LEA,4,CMP,3,MOV,7,0,1,0,0,0,JMP,0,0,1,1,0,0,JNE,0,0,5862255,5862694,5862269,0,0,1,1,cpp,2.0080238046950813e-08,0.0013020833333333,0,0,0
0x597362,JNZ,768,0,763,6,0x59735f,TEST,1,NonLeaf,rax(MOV) rax(MOV) ,rflags ,TEST,3,MOV,7,JZ,6,MOV,5,MOV,4,MOV,5,XOR,2,CMP,8,JZ,6,MOV,3,0,1,0,0,0,CALL,0,1,1,1,0,0,XOR,0,0,5862232,5863005,5862248,0,0,1,0,cpp,2.0080238046950813e-08,0.0,0,0,0
0x597352,JZ,768,0,814,6,0x597346,TEST,1,NonLeaf,rax(-1) rax(-1) ,rflags ,MOV,5,MOV,4,TEST,3,NOP,1,MOV,3,MOV,7,TEST,3,JNZ,6,MOV,5,XOR,2,0,1,0,0,0,JMP,0,0,1,0,0,0,JNE,0,0,5862210,5863040,5862232,0,0,0,0,cpp,2.0080238046950813e-08,0.0,0,0,0
0x5972e2,JBE,75,0,-684,6,0x5972d4,CMP,1,NonLeaf,r12(ADD) rip(JBE) ,rflags ,MOV,7,CMP,7,ADD,7,JNLE,6,MOV,6,MOV,7,JMP,5,NOP,4,MOV,7,MOV,7,0,0,1,0,0,ADD,0,0,1,0,0,0,JMP,0,0,5862093,5861430,5862120,0,0,0,1,cpp,1.96096074677254e-09,0.0,0,0,0
0x5972c7,JNLE,75,73,505,6,0x5972bb,CMP,1,NonLeaf,edx(LEA) rip(JNLE) ,rflags ,MOV,6,CMP,6,LEA,3,MOV,4,OR,4,ADD,7,CMP,7,MOV,7,JBE,6,MOV,7,0,1,0,0,0,JMP,0,0,1,1,0,0,JBE,0,0,5862055,5862592,5862093,0,0,1,1,cpp,1.96096074677254e-09,0.9733333333333334,1,0,1
0x5972a1,JZ,75,0,-536,6,0x59729d,CMP,1,NonLeaf,rax(-1) ,rflags ,CMP,4,CALL_NEAR,5,MOV,3,MOV,5,MOV,5,MOV,6,MOV,3,OR,4,MOV,4,LEA,3,0,0,0,0,0,JE,0,0,1,0,0,0,JG,0,0,5862045,5861513,5862055,0,0,0,1,cpp,1.96096074677254e-09,0.0,0,0,0
0x5971b1,JNLE,768,768,383,6,0x5971ab,TEST,1,NonLeaf,r14(AND) r14(AND) ,rflags ,MOV,3,TEST,3,AND,3,ADD,3,CMOVNZ,4,TEST,2,JZ,6,CMP,7,MOV,3,JNBE,2,0,1,0,0,0,CALL,0,1,1,0,0,0,JE,0,0,5861760,5862192,5861815,0,0,1,0,cpp,2.0080238046950813e-08,1.0,1,0,1
0x597083,JB,75,75,509,6,0x597080,CMP,1,NonLeaf,rbp(-1) r12(AND) ,rflags ,CMP,3,AND,3,NOT,3,MOV,3,LEA,5,TEST,3,JZ,6,MOV,4,JMP,5,NOP,5,0,1,0,0,0,CALL,0,1,1,0,0,0,JE,0,0,5861490,5862016,5861513,0,0,1,0,cpp,1.96096074677254e-09,1.0,1,0,1
0x59706c,JNL,75,0,-295,6,0x597066,CMP,1,NonLeaf,rip(JNL) eax(MOV) ,rflags ,CMP,6,MOV,6,NOP,7,JMP,2,MOV,7,LEA,5,MOV,3,NOT,3,AND,3,CMP,3,0,0,0,0,0,MOV,0,0,0,0,0,0,JB,0,0,5861472,5861189,5861490,0,0,1,0,cpp,1.96096074677254e-09,0.0,0,0,0
0x597002,JB,768,0,758,6,0x596fff,CMP,1,NonLeaf,rdx(AND) rcx(LEA) ,rflags ,CMP,3,AND,4,LEA,4,MOV,4,JB,2,SUB,3,XOR,2,CMP,7,SETNZ,3,LEA,4,0,1,0,0,0,JMP,0,0,1,0,0,0,MOV,0,0,5861363,5862136,5861384,0,1,1,1,cpp,2.0080238046950813e-08,0.0,0,0,0
0x596ff1,JB,768,698,95,2,0x596fea,CMP,1,NonLeaf,rbx(-1) rdx(-1) ,rflags ,CMP,7,MOV,5,MOV,7,OR,4,ADD,7,MOV,4,LEA,4,AND,4,CMP,3,JB,6,0,1,0,0,0,JMP,0,0,1,1,0,0,JB,0,0,5861354,5861456,5861363,0,0,1,0,cpp,2.0080238046950813e-08,0.9088541666666666,1,0,1
0x596f5d,JZ,768,768,547,6,0x596f56,CMP,1,NonLeaf,rbx(-1) ,rflags ,CMP,7,AND,4,MOV,5,MOV,4,MOV,4,MOV,3,MOV,3,SUB,3,AND,7,ADD,4,0,1,0,0,0,JG,0,0,1,0,0,0,JLE,0,0,5861193,5861760,5861219,0,0,0,0,cpp,2.0080238046950813e-08,1.0,1,0,1
0x596f3f,JBE,843,75,289,6,0x596f38,CMP,1,NonLeaf,rip(JBE) rdi(-1) ,rflags ,CMP,7,JZ,6,LEA,4,TEST,3,MOV,7,MOV,4,MOV,4,MOV,5,AND,4,CMP,7,0,1,0,0,0,JGE,0,0,1,0,0,0,MOV,0,0,5861176,5861472,5861189,0,0,0,1,cpp,2.2041198793723356e-08,0.0889679715302491,0,0,0
0x596f32,JZ,843,0,320,6,0x596f2b,TEST,1,NonLeaf,rsi(-1) rsi(-1) ,rflags ,LEA,4,TEST,3,MOV,7,SUB,4,MOV,3,CMP,7,JBE,6,MOV,4,MOV,4,MOV,5,0,1,0,0,0,JB,0,0,1,0,0,0,JBE,0,0,5861136,5861490,5861176,0,0,0,0,cpp,2.2041198793723356e-08,0.0,0,0,0
0x596db8,JZ,21,2,84,2,0x596db5,CMP,1,NonLeaf,rbx(-1) rdx(-1) ,rflags ,CMP,3,JMP,5,MOV,4,JNZ,6,CMPXCHG,4,MOV,4,MOV,4,MOV,4,MOV,4,MOV,4,0,1,0,0,0,JMP,0,0,1,0,0,0,JMP,0,0,5860789,5860876,5860794,0,1,1,1,cpp,5.490690090963113e-10,0.0952380952380952,0,0,0
0x596d36,JZ,2389,21,127,2,0x596d31,CMP,1,NonLeaf,rax(-1) ,rflags ,CMP,5,JNZ,6,CMP,4,MOV,4,JNZ,6,MOV,4,MOV,4,MOV,4,MOV,4,JMP,5,0,1,0,0,0,JE,0,0,1,0,0,0,JMP,0,0,5860657,5860789,5860664,0,0,0,1,cpp,6.2463136320528e-08,0.0087902888237756,0,0,0
0x596d2b,JNZ,2389,0,176,6,0x596d27,CMP,1,NonLeaf,rbx(-1) rcx(MOV) ,rflags ,CMP,4,MOV,4,JNZ,6,CMP,4,JMP,5,CMP,5,JZ,2,MOV,4,MOV,4,MOV,4,0,0,0,0,0,CALL,0,1,0,1,0,0,JE,0,0,5860643,5860827,5860657,0,0,1,0,cpp,6.2463136320528e-08,0.0,0,0,0
0x596d1d,JNZ,2389,0,190,6,0x596d19,CMP,1,NonLeaf,rbx(-1) rdx(-1) ,rflags ,CMP,4,JMP,5,MOV,6,ADD,4,JMP,5,MOV,4,CMP,4,JNZ,6,CMP,5,JZ,2,0,1,0,0,0,CALL,0,1,1,0,0,0,JNE,0,0,5860633,5860827,5860643,0,0,1,0,cpp,6.2463136320528e-08,0.0,0,0,0
0x596b8f,JZ,73,36,84,2,0x596b8c,CMP,1,NonLeaf,r14(-1) rdx(-1) ,rflags ,CMP,3,JMP,5,MOV,4,JNZ,6,CMPXCHG,4,MOV,4,MOV,4,MOV,4,MOV,4,MOV,4,0,1,0,0,0,JMP,0,0,1,0,0,0,JMP,0,0,5860236,5860323,5860241,0,1,1,1,cpp,1.9086684601919394e-09,0.4931506849315068,0,0,0
0x596b0d,JZ,3645,73,127,2,0x596b08,CMP,1,NonLeaf,rax(-1) ,rflags ,CMP,5,JNZ,6,CMP,4,MOV,4,JNZ,6,MOV,4,MOV,4,MOV,4,MOV,4,JMP,5,0,1,0,0,0,JE,0,0,1,0,0,0,JMP,0,0,5860104,5860236,5860111,0,0,0,1,cpp,9.530269229314547e-08,0.0200274348422496,0,0,0
0x596b02,JNZ,3645,0,176,6,0x596afe,CMP,1,NonLeaf,r14(-1) rcx(MOV) ,rflags ,CMP,4,MOV,4,JNZ,6,CMP,4,CALL_NEAR,5,CMP,5,JZ,2,MOV,4,MOV,4,MOV,4,0,0,0,0,0,CALL,0,1,0,1,0,0,JE,0,0,5860090,5860274,5860104,0,0,1,0,cpp,9.530269229314547e-08,0.0,0,0,0
0x596af4,JNZ,3645,0,190,6,0x596af0,CMP,1,NonLeaf,r14(-1) rdx(-1) ,rflags ,CMP,4,CALL_NEAR,5,JMP,5,CALL_NEAR,5,XOR,2,MOV,4,CMP,4,JNZ,6,CMP,5,JZ,2,0,1,0,0,0,CALL,0,1,1,0,0,0,JNE,0,0,5860080,5860274,5860090,0,0,1,0,cpp,9.530269229314547e-08,0.0,0,0,0
0x596976,JB,3784,3746,-295,6,0x59696f,CMP,1,NonLeaf,rax(AND) rip(JB) ,rflags ,CMP,7,AND,4,MOV,4,MOV,7,RET_NEAR,1,MOV,7,MOV,5,MOV,5,CALL_NEAR,5,JMP,5,0,0,1,0,0,JNE,0,0,1,0,0,0,CALL,0,1,5859680,5859407,5859708,0,0,0,1,cpp,9.893700621049725e-08,0.9899577167019028,1,1,1
0x596907,JNZ,6358,3645,489,6,0x596904,TEST,1,NonLeaf,rdx(MOV) rdx(MOV) ,rflags ,TEST,3,MOV,4,JBE,2,MOV,4,MOV,4,ADD,3,JMP,5,NOP,3,MOV,3,MOV,3,0,0,0,0,0,JNE,0,0,0,1,0,0,JMP,0,0,5859584,5860080,5859597,0,0,0,0,cpp,1.6623717903973084e-07,0.573293488518402,1,1,1
0x5968fe,JBE,11050,4692,15,2,0x5968ee,CMP,1,NonLeaf,r14(-1) ,rflags ,MOV,4,MOV,4,CMP,8,JNZ,6,CMP,4,MOV,4,TEST,3,JNZ,6,ADD,3,JMP,5,0,0,1,0,0,JMP,0,0,1,0,0,0,JNE,0,0,5859566,5859597,5859584,0,0,0,0,cpp,2.8891488335782096e-07,0.4246153846153846,0,0,0
0x5968e8,JNZ,11050,0,572,6,0x5968e4,CMP,1,NonLeaf,r14(-1) rdx(-1) ,rflags ,CMP,4,JNZ,6,CMP,4,MOV,4,MOV,4,CMP,8,MOV,4,MOV,4,JBE,2,MOV,4,0,0,0,0,0,JE,0,0,1,0,0,0,JBE,0,0,5859556,5860132,5859566,0,0,1,1,cpp,2.8891488335782096e-07,0.0,0,0,0
0x5968de,JNZ,11050,0,582,6,0x5968da,CMP,1,NonLeaf,r14(-1) rax(MOV) ,rflags ,CMP,4,MOV,4,MOV,4,JNZ,6,CMP,4,CMP,4,JNZ,6,CMP,8,MOV,4,MOV,4,0,1,0,0,0,JE,0,0,1,0,0,0,JNE,0,0,5859538,5860132,5859556,0,0,1,0,cpp,2.8891488335782096e-07,0.0,0,0,0
0x5968cc,JNZ,11050,0,1051,6,0x5968c8,CMP,1,NonLeaf,rax(AND) r14(-1) rax(AND) ,rflags ,CMP,4,AND,4,MOV,4,NOP,8,JMP,5,MOV,4,MOV,4,CMP,4,JNZ,6,CMP,4,0,1,0,0,0,CALL,0,1,1,1,0,0,JNE,0,0,5859520,5860583,5859538,0,0,1,0,cpp,2.8891488335782096e-07,0.0,0,0,0
0x5968aa,JNZ,17971,0,27753,6,0x5968a6,CMPXCHG,1,NonLeaf,rbp(-1) esi(-1) eax(CMPXCHG) ,eax rflags ,CMPXCHG,4,JMP,2,JNZ,6,CMPXCHG_LOCK,5,JZ,2,MOV,3,JMP,5,NOP,8,MOV,4,AND,4,0,-1,-1,-1,-1,CALL,-1,1,0,1,0,0,JMP,0,0,5859494,5887251,5859504,0,0,1,0,cpp,4.69872341069991e-07,0.0,0,0,0
0x596897,JZ,17971,17971,15,2,0x596890,CMP,1,NonLeaf,rip(JZ) ,rflags ,CMP,7,MOV,3,MOV,5,NOP,3,RET_NEAR,1,CMPXCHG_LOCK,5,JNZ,6,JMP,2,CMPXCHG,4,JNZ,6,0,1,0,0,0,JNE,0,0,1,0,0,0,JNE,0,0,5859464,5859494,5859481,0,0,1,0,cpp,4.69872341069991e-07,1.0,1,0,1
0x596870,JNZ,17971,0,27783,6,0x59686d,DEC,1,NonLeaf,rbp(-1) ,rflags ,DEC,3,JMP,2,JNZ,6,DEC_LOCK,4,JZ,2,ADD,4,POP,1,POP,1,POP,2,POP,2,0,-1,-1,-1,-1,CALL,-1,1,0,1,0,0,RET,0,0,5859437,5887223,5859446,0,0,1,0,cpp,4.69872341069991e-07,0.0,0,0,0
0x59685f,JZ,17971,17971,14,2,0x596858,CMP,1,NonLeaf,rip(JZ) ,rflags ,CMP,7,JNZ,6,TEST,3,CALL_NEAR,5,AND,7,DEC_LOCK,4,JNZ,6,JMP,2,DEC,3,JNZ,6,0,1,0,0,0,JNE,0,0,1,0,0,0,JNE,0,0,5859416,5859437,5859425,0,0,1,0,cpp,4.69872341069991e-07,1.0,1,0,1
0x596852,JNZ,17971,0,-373,6,0x59684f,TEST,1,NonLeaf,r13d(-1) r13d(-1) ,rflags ,TEST,3,CALL_NEAR,5,AND,7,MOV,7,MOV,4,CMP,7,JZ,2,DEC_LOCK,4,JNZ,6,JMP,2,0,0,0,0,0,RET,0,0,1,0,0,0,JE,0,0,5859407,5859037,5859416,0,0,0,0,cpp,4.69872341069991e-07,0.0,0,0,0
0x596832,JZ,3784,3784,302,6,0x59682b,CMP,1,NonLeaf,rbp(-1) ,rflags ,CMP,7,JZ,6,TEST,4,JBE,2,CMP,7,MOV,4,MOV,7,AND,7,CALL_NEAR,5,TEST,3,0,1,0,0,0,JB,0,0,1,0,0,0,CALL,0,1,5859371,5859680,5859384,0,0,0,1,cpp,9.893700621049725e-08,1.0,1,0,1
0x596825,JZ,3784,5,393,6,0x596821,TEST,1,NonLeaf,rbp(-1) ,rflags ,TEST,4,JBE,2,CMP,7,MOV,4,MOV,4,CMP,7,JZ,6,MOV,4,MOV,7,AND,7,0,1,0,0,0,CALL,0,1,1,1,0,0,JE,0,0,5859361,5859758,5859371,0,0,1,0,cpp,9.893700621049725e-08,0.0013213530655391,0,0,0
0x59681f,JBE,17971,14187,48,2,0x596818,CMP,1,NonLeaf,r12(-1) ,rflags ,CMP,7,MOV,4,MOV,4,OR,4,MOV,3,TEST,4,JZ,6,CMP,7,JZ,6,MOV,4,0,1,1,0,0,JNE,0,0,1,0,0,0,JE,0,0,5859352,5859407,5859361,0,0,0,0,cpp,4.69872341069991e-07,0.7894385398697902,1,0,1
0x5967ef,JBE,17616,8,18,2,0x5967e0,CMP,1,NonLeaf,r12(-1) ,rflags ,MOV,4,MOV,4,CMP,7,JNZ,6,CMP,4,MOV,8,MOV,8,MOV,4,MOV,4,MOV,3,0,1,1,0,0,MOV,0,0,1,0,0,0,MOV,0,0,5859296,5859329,5859313,0,0,1,1,cpp,4.605904602019343e-07,0.0004541326067211,0,0,0
0x5967da,JNZ,17616,0,1328,6,0x5967d6,CMP,1,NonLeaf,rdx(LEA) rax(MOV) ,rflags ,CMP,4,LEA,4,MOV,4,AND,5,JZ,6,CMP,7,MOV,4,MOV,4,JBE,2,MOV,8,0,1,0,0,0,JMP,0,0,1,0,0,0,JBE,0,0,5859278,5860618,5859296,0,0,0,1,cpp,4.605904602019343e-07,0.0,0,0,0
0x5967c3,JZ,17616,11050,253,6,0x5967bd,TEST,1,NonLeaf,r14(-1) r15(-1) ,rflags ,TEST,6,JZ,6,CMP,4,JNZ,6,TEST,3,AND,5,MOV,4,LEA,4,CMP,4,JNZ,6,0,1,0,0,0,JNE,0,0,1,0,0,0,AND,0,0,5859261,5859520,5859273,0,0,0,1,cpp,4.605904602019343e-07,0.6272706630336058,1,0,1
0x5967ad,JNZ,4173,2389,1388,6,0x5967aa,TEST,1,NonLeaf,rdx(MOV) rdx(MOV) ,rflags ,TEST,3,MOV,4,JBE,2,MOV,4,MOV,4,CMP,4,JZ,6,TEST,6,JZ,6,AND,5,0,1,0,0,0,JNE,0,0,0,1,0,0,JE,0,0,5859238,5860633,5859251,0,0,0,0,cpp,1.0910785595042417e-07,0.5724898154804697,1,0,1
0x596784,JNZ,4188,0,1481,6,0x596780,CMP,1,NonLeaf,rbx(-1) rax(MOV) ,rflags ,CMP,4,MOV,4,MOV,4,JNZ,6,CMP,4,CMP,4,JNZ,6,CMP,8,MOV,4,MOV,4,0,1,0,0,0,JE,0,0,1,0,0,0,JNE,0,0,5859192,5860685,5859210,0,0,1,0,cpp,1.0950004809977865e-07,0.0,0,0,0
0x596772,JNZ,4188,0,1703,6,0x59676e,CMP,1,NonLeaf,rax(AND) rbx(SUB) rax(AND) ,rflags ,CMP,4,AND,4,MOV,4,ADD,3,SUB,3,MOV,4,MOV,4,CMP,4,JNZ,6,CMP,4,0,1,0,0,0,CALL,0,1,1,1,0,0,JNE,0,0,5859165,5860889,5859192,0,0,1,0,cpp,1.0950004809977865e-07,0.0,0,0,0
0x59675b,JNZ,17971,13783,88,2,0x596757,TEST,1,NonLeaf,rbx(-1) ,rflags ,TEST,4,JNZ,6,TEST,2,MOV,6,JNB,6,MOV,3,SUB,3,ADD,3,MOV,4,AND,4,0,1,1,0,0,JE,0,0,1,0,0,0,JNE,0,0,5859159,5859251,5859165,0,1,0,0,cpp,4.69872341069991e-07,0.7669578765789328,1,0,1
0x596751,JNZ,17971,0,1350,6,0x59674f,TEST,1,NonLeaf,esi(MOV) esi(MOV) ,rflags ,TEST,2,MOV,6,JNB,6,CMP,7,JBE,6,TEST,4,JNZ,2,MOV,3,SUB,3,ADD,3,0,1,0,0,0,CALL,0,1,1,1,0,0,JNE,0,0,5859145,5860503,5859159,0,0,1,0,cpp,4.69872341069991e-07,0.0,0,0,0
0x596743,JNB,17971,0,1835,6,0x59673c,CMP,1,NonLeaf,r15(-1) rbp(-1) ,rflags ,CMP,7,JBE,6,CMP,4,AND,4,MOV,3,MOV,6,TEST,2,JNZ,6,TEST,4,JNZ,2,0,0,0,0,0,JMP,0,0,1,0,0,0,JNE,0,0,5859132,5860974,5859145,0,0,0,0,cpp,4.69872341069991e-07,0.0,0,0,0
0x596725,JZ,17971,0,1850,6,0x596723,TEST,1,NonLeaf,al(MOV) ,rflags ,TEST,2,MOV,4,JZ,6,TEST,4,JZ,6,MOV,3,AND,4,CMP,4,JBE,6,CMP,7,0,1,0,0,0,JMP,0,0,1,0,0,0,JBE,0,0,5859103,5860959,5859115,0,0,0,0,cpp,4.69872341069991e-07,0.0,0,0,0
0x596719,JZ,17971,17971,1827,6,0x596715,TEST,1,NonLeaf,rbp(-1) ,rflags ,TEST,4,JZ,6,CMP,3,LEA,4,MOV,4,MOV,4,TEST,2,JZ,6,MOV,3,AND,4,0,1,0,0,0,JB,0,0,1,0,0,0,JE,0,0,5859093,5860924,5859103,0,0,0,0,cpp,4.69872341069991e-07,1.0,1,0,1
0x5966fe,JZ,17971,17971,394,6,0x5966fb,TEST,1,NonLeaf,r13d(-1) r13d(-1) ,rflags ,TEST,3,XOR,3,JNZ,6,TEST,2,NOP,4,MOV,4,LEA,4,CMP,3,JZ,6,TEST,4,0,1,0,0,0,JE,0,0,1,1,0,0,JE,0,0,5859064,5859464,5859076,0,0,0,0,cpp,4.69872341069991e-07,1.0,1,0,1
0x5966f2,JNZ,17971,0,550,6,0x5966f0,TEST,1,NonLeaf,al(-1) ,rflags ,TEST,2,NOP,4,RET_NEAR,1,POP,2,POP,2,XOR,3,TEST,3,JZ,6,MOV,4,LEA,4,0,1,0,0,0,JNE,0,0,1,0,0,0,JE,0,0,5859056,5859608,5859064,0,0,0,0,cpp,4.69872341069991e-07,0.0,0,0,0
0x5966d2,JZ,15,15,11,2,0x5966d0,TEST,1,NonLeaf,cl(-1) cl(-1) ,rflags ,TEST,2,JZ,2,TEST,3,JNZ,2,CMP,3,CMP,3,JNZ,6,ADD,4,POP,1,POP,1,0,0,0,0,0,RET,0,0,1,0,0,0,JNE,0,0,5859024,5859037,5859028,0,0,0,0,cpp,3.92192149354508e-10,1.0,1,0,1
0x5966ce,JZ,2038,2023,15,2,0x5966cb,TEST,1,NonLeaf,r8(-1) r8(-1) ,rflags ,TEST,3,JNZ,2,CMP,3,CMPXCHG_LOCK,5,JZ,2,TEST,2,JZ,2,CMP,3,JNZ,6,ADD,4,0,0,0,0,0,RET,0,0,1,0,0,0,JE,0,0,5859019,5859037,5859024,0,0,0,0,cpp,5.3285840025632494e-08,0.992639842983317,1,0,1
0x5966c9,JNZ,2038,0,-57,2,0x5966c6,CMP,1,NonLeaf,r8(-1) rax(-1) ,rflags ,CMP,3,CMPXCHG_LOCK,5,JZ,2,CMP,9,MOV,3,TEST,3,JZ,2,TEST,2,JZ,2,CMP,3,0,1,0,0,0,JE,0,0,1,0,0,0,JE,1,0,5859010,5858960,5859019,0,0,0,0,cpp,5.3285840025632494e-08,0.0,0,1,0
0x5966bf,JZ,2038,2038,3,2,0x5966b6,CMP,1,NonLeaf,fs(-1) ,rflags ,CMP,9,MOV,3,MOV,4,LEA,3,SHR,3,CMPXCHG_LOCK,5,CMP,3,JNZ,2,TEST,3,JZ,2,0,1,1,0,0,JNE,0,0,1,0,0,0,-1,0,-1,5858991,5859010,5859009,0,0,1,0,cpp,5.3285840025632494e-08,1.0,1,0,1
0x59669f,JZ,2038,2023,16,2,0x59669c,TEST,1,NonLeaf,r8(-1) r8(-1) ,rflags ,TEST,3,MOV,3,JZ,6,CMP,3,NOP,6,TEST,2,JZ,2,MOV,4,SHR,3,LEA,3,1,1,1,0,0,JE,0,0,1,0,0,0,JE,0,0,5858972,5858991,5858977,0,0,1,0,cpp,5.3285840025632494e-08,0.992639842983317,1,0,1
0x596677,JZ,2038,0,836,6,0x596674,CMP,1,NonLeaf,rbx(-1) r8(MOV) ,rflags ,CMP,3,LEA,5,MOV,5,MOV,3,SUB,4,TEST,3,MOV,5,SETNZ,3,JMP,2,NOP,6,0,1,0,0,0,MOV,0,0,1,0,0,0,JMP,0,0,5858907,5859771,5858941,0,0,0,0,cpp,5.3285840025632494e-08,0.0,0,0,0
0x596649,JNZ,2038,0,1673,6,0x596647,TEST,1,NonLeaf,esi(MOV) esi(MOV) ,rflags ,TEST,2,LEA,4,MOV,6,JNB,6,CMP,7,CMP,9,JZ,2,AND_LOCK,5,SHR,4,SUB,4,0,1,0,0,0,CALL,0,1,1,1,0,0,JE,0,0,5858877,5860562,5858895,0,0,1,0,cpp,5.3285840025632494e-08,0.0,0,0,0
0x596637,JNB,2038,0,1478,6,0x596630,CMP,1,NonLeaf,rax(AND) rdi(-1) ,rflags ,CMP,7,AND,4,JBE,6,CMP,4,MOV,4,MOV,6,LEA,4,TEST,2,JNZ,6,CMP,9,0,0,0,0,0,JE,0,0,0,0,0,0,JNE,0,0,5858860,5860349,5858877,0,0,0,0,cpp,5.3285840025632494e-08,0.0,0,0,0
0x596626,JBE,2038,0,1495,6,0x596622,CMP,1,NonLeaf,rax(MOV) ,rflags ,CMP,4,MOV,4,LEA,4,JNBE,6,CMP,7,AND,4,CMP,7,JNB,6,MOV,6,LEA,4,0,1,0,0,0,JE,0,0,1,0,0,0,JAE,0,0,5858842,5860349,5858860,0,1,0,0,cpp,5.3285840025632494e-08,0.0,0,0,0
0x596614,JNBE,20009,17971,220,6,0x59660d,CMP,1,NonLeaf,r12(-1) rip(JNBE) ,rflags ,CMP,7,JNZ,6,TEST,2,JBE,6,CMP,4,LEA,4,MOV,4,CMP,4,JBE,6,AND,4,0,1,0,0,0,JNE,0,0,1,0,0,0,JBE,0,0,5858829,5859056,5858842,0,0,0,0,cpp,5.231581810956234e-07,0.8981458343745314,1,0,1
0x596607,JNZ,20009,0,1564,6,0x596605,TEST,1,NonLeaf,al(-1) ,rflags ,TEST,2,JBE,6,CMP,4,JNZ,6,TEST,4,CMP,7,JNBE,6,LEA,4,MOV,4,CMP,4,0,0,0,0,0,JMP,0,0,1,0,0,0,JA,0,0,5858821,5860387,5858829,0,0,0,0,cpp,5.231581810956234e-07,0.0,0,0,0
0x5965ff,JBE,20009,0,1572,6,0x5965fb,CMP,1,NonLeaf,r12(-1) ,rflags ,CMP,4,JNZ,6,TEST,4,JNBE,6,CMP,3,TEST,2,JNZ,6,CMP,7,JNBE,6,LEA,4,0,1,0,0,0,JMP,0,0,1,0,0,0,JNE,0,0,5858811,5860387,5858821,0,0,0,0,cpp,5.231581810956234e-07,0.0,0,0,0
0x5965f5,JNZ,20009,0,1564,6,0x5965f1,TEST,1,NonLeaf,sil(-1) ,rflags ,TEST,4,JNBE,6,CMP,3,NEG,3,MOV,3,CMP,4,JBE,6,TEST,2,JNZ,6,CMP,7,0,0,0,0,0,JMP,0,0,1,0,0,0,JBE,0,0,5858801,5860369,5858811,0,0,0,0,cpp,5.231581810956234e-07,0.0,0,0,0
0x5965eb,JNBE,20009,0,1574,6,0x5965e8,CMP,1,NonLeaf,rsi(-1) rdx(NEG) ,rflags ,CMP,3,NEG,3,MOV,3,AND,4,MOV,3,TEST,4,JNZ,6,CMP,4,JBE,6,TEST,2,0,1,0,0,0,JMP,0,0,1,0,0,0,JNE,0,0,5858752,5860369,5858801,0,0,0,0,cpp,5.231581810956234e-07,0.0,0,0,0
0x596061,JZ,1233,0,971,6,0x59605c,CMP,1,NonLeaf,rax(-1) ,rflags ,CMP,5,JNZ,6,CMP,4,MOV,4,JNZ,6,MOV,4,MOV,4,MOV,4,MOV,4,JMP,5,0,1,0,0,0,JE,0,0,1,0,0,0,JMP,0,0,5857372,5858348,5857383,0,0,0,1,cpp,3.223819467694056e-08,0.0,0,0,0
0x596056,JNZ,1233,0,1020,6,0x596052,CMP,1,NonLeaf,rbx(-1) rcx(MOV) ,rflags ,CMP,4,MOV,4,JNZ,6,CMP,4,JMP,5,CMP,5,JZ,6,MOV,4,MOV,4,MOV,4,0,0,0,0,0,CALL,0,1,0,1,0,0,JE,0,0,5857358,5858386,5857372,0,0,1,0,cpp,3.223819467694056e-08,0.0,0,0,0
0x596048,JNZ,1233,0,1034,6,0x596044,CMP,1,NonLeaf,rbx(-1) rdx(-1) ,rflags ,CMP,4,JMP,5,MOV,4,MOV,4,MOV,4,MOV,4,CMP,4,JNZ,6,CMP,5,JZ,6,0,1,0,0,0,CALL,0,1,1,0,0,0,JNE,0,0,5857348,5858386,5857358,0,0,1,0,cpp,3.223819467694056e-08,0.0,0,0,0
0x595d8e,JZ,1,1,35,2,0x595d87,CMP,1,NonLeaf,r14(-1) ,rflags ,CMP,7,JNZ,2,CMP,6,ADD,4,MOV,4,MOV,4,OR,3,OR,3,MOV,4,MOV,4,0,1,0,0,0,JMP,0,0,1,0,0,0,OR,0,0,5856647,5856689,5856656,0,0,1,0,cpp,2.6146143290300536e-11,1.0,1,0,1
0x595d85,JNZ,127,126,-21,2,0x595d7f,CMP,1,NonLeaf,edx(ADD) ,rflags ,CMP,6,ADD,4,MOV,4,MOV,4,ADD,3,CMP,7,JZ,2,MOV,4,OR,3,OR,3,1,1,1,1,1,JNE,0,0,1,1,0,0,JE,1,0,5856624,5856624,5856647,1,0,1,0,cpp,3.320560197868168e-09,0.9921259842519684,1,1,1
0x595d4d,JNZ,20220,18198,-373,6,0x595d48,CMP,1,NonLeaf,rsp(-1) rax(LEA) ,rflags ,CMP,5,LEA,4,ADD,4,NOP,8,JNZ,6,ADD,4,POP,1,POP,1,POP,2,POP,2,0,0,0,1,1,JNE,0,0,1,1,0,0,RET,1,0,5856576,5856216,5856595,0,1,0,0,cpp,5.286750173298769e-07,0.9,1,1,1
0x595d0a,JZ,2037,4,-282,6,0x595d04,TEST,1,NonLeaf,rbp(-1) r13(-1) ,rflags ,TEST,6,JZ,2,CMP,4,JNZ,6,TEST,3,AND,5,JMP,5,NOP,6,ADD,3,OR,4,0,1,0,0,0,JNE,0,0,1,0,0,0,JMP,0,0,5856516,5856240,5856528,0,0,0,1,cpp,5.32596938823422e-08,0.0019636720667648,0,0,0
0x595d02,JZ,2037,0,30,2,0x595cfe,CMP,1,NonLeaf,r14(-1) rbp(-1) ,rflags ,CMP,4,JNZ,6,TEST,3,MOV,4,JBE,2,TEST,6,JZ,6,AND,5,JMP,5,NOP,6,0,1,0,0,0,JNE,0,0,1,0,0,0,JE,0,0,5856510,5856544,5856516,0,0,1,0,cpp,5.32596938823422e-08,0.0,0,0,0
0x595cf8,JNZ,1487,1233,844,6,0x595cf5,TEST,1,NonLeaf,rdx(MOV) rdx(MOV) ,rflags ,TEST,3,MOV,4,JBE,2,MOV,4,MOV,4,CMP,4,JZ,2,TEST,6,JZ,6,AND,5,0,1,0,0,0,JNE,0,0,0,1,0,0,JE,0,0,5856497,5857348,5856510,0,0,0,0,cpp,3.88793150726769e-08,0.8291862811028917,1,0,1
0x595cef,JBE,2011,524,15,2,0x595cdf,CMP,1,NonLeaf,rbx(-1) ,rflags ,MOV,4,MOV,4,CMP,8,JNZ,6,CMP,4,MOV,4,TEST,3,JNZ,6,CMP,4,JZ,2,0,0,1,0,0,JE,0,0,1,0,0,0,JNE,0,0,5856479,5856510,5856497,0,0,0,0,cpp,5.2579894156794386e-08,0.2605668821481849,0,0,0
0x595cd9,JNZ,2011,0,235,6,0x595cd5,CMP,1,NonLeaf,rbx(-1) rdx(-1) ,rflags ,CMP,4,JNZ,6,CMP,4,MOV,4,MOV,4,CMP,8,MOV,4,MOV,4,JBE,2,MOV,4,0,0,0,0,0,JE,0,0,1,0,0,0,JBE,0,0,5856469,5856708,5856479,0,0,0,1,cpp,5.2579894156794386e-08,0.0,0,0,0
0x595ccf,JNZ,2011,0,245,6,0x595ccb,CMP,1,NonLeaf,rbx(-1) rax(MOV) ,rflags ,CMP,4,MOV,4,MOV,4,JNZ,6,CMP,4,CMP,4,JNZ,6,CMP,8,MOV,4,MOV,4,0,1,0,0,0,JE,0,0,1,0,0,0,JNE,0,0,5856451,5856708,5856469,0,0,0,0,cpp,5.2579894156794386e-08,0.0,0,0,0
0x595cbd,JNZ,2011,0,506,6,0x595cb9,CMP,1,NonLeaf,rax(AND) rbx(SUB) rax(AND) ,rflags ,CMP,4,AND,4,MOV,4,ADD,3,SUB,3,MOV,4,MOV,4,CMP,4,JNZ,6,CMP,4,0,1,0,0,0,JE,0,0,1,0,0,0,JNE,0,0,5856424,5856951,5856451,0,0,0,0,cpp,5.2579894156794386e-08,0.0,0,0,0
0x595ca6,JNZ,2037,26,88,2,0x595ca4,TEST,1,NonLeaf,al(MOV) ,rflags ,TEST,2,AND,4,MOV,4,LEA,4,AND,4,MOV,3,SUB,3,ADD,3,MOV,4,AND,4,1,1,0,0,0,JE,0,0,1,0,0,0,JNE,0,0,5856393,5856510,5856424,0,0,0,0,cpp,5.32596938823422e-08,0.0127638684339715,0,0,0
0x595c80,JZ,2037,2022,192,6,0x595c75,TEST,1,NonLeaf,r15(-1) r15(-1) ,rflags ,MOV,4,MOV,4,TEST,3,OR,4,MOV,4,MOV,3,MOV,4,MOV,4,MOV,3,AND,4,0,0,1,0,0,JNE,1,0,0,0,0,0,MOV,0,0,5856358,5856576,5856390,0,0,0,0,cpp,5.32596938823422e-08,0.9926362297496318,1,0,1
0x595c3b,JNZ,1,0,977,6,0x595c38,TEST,1,NonLeaf,rax(MOV) rax(MOV) ,rflags ,TEST,3,MOV,4,JBE,2,MOV,4,MOV,4,MOV,4,CMP,7,MOV,4,MOV,4,JBE,2,0,1,0,0,0,JNE,0,0,0,1,0,0,JBE,0,0,5856308,5857292,5856321,0,0,0,1,cpp,2.6146143290300536e-11,0.0,0,0,0
0x595c32,JBE,4,3,15,2,0x595c22,CMP,1,NonLeaf,rbp(-1) ,rflags ,MOV,4,MOV,4,CMP,8,JNZ,6,CMP,4,MOV,4,TEST,3,JNZ,6,MOV,4,CMP,7,0,0,1,0,0,JBE,0,0,1,0,0,0,JNE,0,0,5856290,5856321,5856308,0,0,1,0,cpp,1.0458457316120216e-10,0.75,1,0,1
0x595c1c,JNZ,4,0,550,6,0x595c18,CMP,1,NonLeaf,rbp(-1) rax(-1) ,rflags ,CMP,4,JNZ,6,CMP,4,MOV,4,MOV,4,CMP,8,MOV,4,MOV,4,JBE,2,MOV,4,0,0,0,0,0,JE,0,0,1,0,0,0,JBE,0,0,5856280,5856834,5856290,0,0,0,1,cpp,1.0458457316120216e-10,0.0,0,0,0
0x595c12,JNZ,4,0,560,6,0x595c0e,CMP,1,NonLeaf,rbp(-1) r13(MOV) ,rflags ,CMP,4,MOV,4,MOV,4,JNZ,6,CMP,5,CMP,4,JNZ,6,CMP,8,MOV,4,MOV,4,0,1,0,0,0,JE,0,0,1,0,0,0,JNE,0,0,5856262,5856834,5856280,0,0,0,0,cpp,1.0458457316120216e-10,0.0,0,0,0
0x595c00,JNZ,4,0,752,6,0x595bfb,CMP,1,NonLeaf,rax(AND) rbp(-1) rax(AND) ,rflags ,CMP,5,AND,4,ADD,3,MOV,4,NOP,5,MOV,4,MOV,4,CMP,4,JNZ,6,CMP,4,0,0,0,0,0,JE,0,0,0,1,0,0,JNE,0,0,5856240,5857008,5856262,0,0,1,0,cpp,1.0458457316120216e-10,0.0,0,0,0
0x595be0,JNZ,20220,2022,169,6,0x595bdd,TEST,1,NonLeaf,rbx(XCHG) rbx(XCHG) ,rflags ,TEST,3,XCHG,3,XOR,2,NOP,5,SUB,5,JMP,5,NOP,5,MOV,4,ADD,3,AND,4,1,1,0,1,0,JNE,0,0,1,0,0,0,JMP,0,0,5856216,5856393,5856230,0,0,0,0,cpp,5.286750173298769e-07,0.1,0,1,0
0x595ba8,JZ,2022,2022,3,2,0x595b9f,CMP,1,NonLeaf,fs(-1) ,rflags ,CMP,9,JZ,6,CMP,8,SUB,4,PUSH,1,OR_LOCK,5,LEA,4,MOV,9,LEA,4,LEA,4,0,1,1,0,0,NOP,0,0,1,0,0,0,-1,0,-1,5856159,5856171,5856170,0,0,1,0,cpp,5.2867501732987694e-08,1.0,1,0,1
0x595b99,JZ,2023,1,457,6,0x595b91,CMP,1,NonLeaf,rip(JZ) ,rflags ,CMP,8,SUB,4,PUSH,1,PUSH,1,PUSH,2,CMP,9,JZ,2,OR_LOCK,5,LEA,4,MOV,9,0,1,0,0,0,NOP,0,0,1,0,0,0,JE,1,0,5856128,5856610,5856159,0,0,0,0,cpp,5.2893647876277984e-08,0.0004943153732081,0,1,0
0x594d61,JZ,38,0,-56,2,0x594d5e,SUB,1,NonLeaf,r13(SUB) rax(-1) ,r13 rflags ,SUB,3,JZ,2,TEST,3,NOP,1,CALL_NEAR,6,MOV,4,SUB,3,SUB,4,OR,4,MOV,4,0,0,0,0,0,XOR,0,0,1,0,0,0,JMP,0,0,5852510,5852457,5852515,0,0,0,1,cpp,9.935534450314203e-10,0.0,0,1,0
0x594d5c,JZ,38,0,-51,2,0x594d59,TEST,1,NonLeaf,rax(-1) rax(-1) ,rflags ,TEST,3,NOP,1,CALL_NEAR,6,XOR,2,JNZ,2,SUB,3,JZ,2,MOV,4,SUB,3,SUB,4,0,0,0,0,0,XOR,0,0,1,0,0,0,JE,0,0,5852504,5852457,5852510,0,0,0,0,cpp,9.935534450314203e-10,0.0,0,0,0
0x594d27,JZ,38,38,17,2,0x594d24,CMP,1,NonLeaf,rax(-1) rdx(ADD) ,rflags ,CMP,3,MOV,3,ADD,4,MOV,3,CALL_NEAR,6,XOR,2,POP,1,POP,1,POP,2,POP,2,0,1,0,0,0,CALL,0,1,0,0,0,0,XOR,0,0,5852442,5852472,5852457,0,0,1,0,cpp,9.935534450314203e-10,1.0,1,0,1
0x594d0a,JLE,38,0,31,2,0x594d07,AND,1,NonLeaf,rcx(AND) rax(NEG) ,rcx rflags ,AND,3,SUB,3,NEG,3,LEA,4,AND,4,MOV,3,XOR,2,MOV,3,CALL_NEAR,6,MOV,3,0,1,0,0,0,XOR,0,0,1,0,0,0,CALL,0,1,5852384,5852457,5852428,0,0,0,1,cpp,9.935534450314203e-10,0.0,0,1,0
0x594224,JZ,5,5,68,2,0x594215,TEST,1,NonLeaf,r13(-1) r13(-1) ,rflags ,MOV,4,MOV,4,MOV,4,TEST,3,CALL_NEAR,5,MOV,4,MOV,4,MOV,4,MOV,11,ADD,4,0,1,0,0,0,JMP,0,0,1,0,0,0,MOV,0,0,5849621,5849704,5849638,0,0,1,1,cpp,1.3073071645150268e-10,1.0,1,0,1
0x5941f6,JNZ,5,0,90,2,0x5941f3,TEST,1,NonLeaf,rdx(-1) rdx(-1) ,rflags ,TEST,3,SUB,4,MOV,3,PUSH,1,MOV,3,XOR,2,MOV,3,CALL_NEAR,5,MOV,3,XOR,2,0,1,0,0,0,JMP,0,0,1,0,0,0,CALL,0,1,5849568,5849680,5849592,1,0,0,1,cpp,1.3073071645150268e-10,0.0,0,1,0
0x593cab,JNB,5,5,37,2,0x593ca8,CMP,1,Leaf,rax(MOV) rcx(-1) ,rflags ,CMP,3,MOV,4,JZ,2,CMP,6,AND,6,MOVZX,3,RET_NEAR,1,NOP,7,MOV,4,AND,6,0,1,0,0,0,RET,0,0,1,0,0,0,RET,0,0,5848232,5848272,5848237,0,1,0,0,cpp,1.3073071645150268e-10,1.0,1,0,1
0x593ca2,JZ,5,0,22,2,0x593c9c,CMP,1,Leaf,edx(AND) ,rflags ,CMP,6,AND,6,MOV,2,MOV,3,MOV,4,MOV,4,CMP,3,JNB,2,MOVZX,3,RET_NEAR,1,0,1,0,0,0,JMP,0,0,1,0,0,0,MOV,0,0,5848212,5848248,5848228,0,0,1,0,cpp,1.3073071645150268e-10,0.0,0,0,0
0x593c8b,JBE,5,5,9,2,0x593c88,CMP,1,Leaf,rax(MOV) rcx(MOV) ,rflags ,CMP,3,MOV,4,MOV,4,INVALID,0,INVALID,0,MOV,4,MOV,3,MOV,2,AND,6,CMP,6,0,1,1,0,0,JE,0,0,1,0,0,0,MOV,0,0,5848192,5848212,5848205,0,0,0,1,cpp,1.3073071645150268e-10,1.0,1,0,1
0x5d0a07,JNZ,988,0,22,2,0x5d0a00,CMP,1,Leaf,rip(JNZ) ,rflags ,CMP,7,INVALID,0,INVALID,0,INVALID,0,INVALID,0,INVALID,0,INVALID,0,INVALID,0,INVALID,0,INVALID,0,0,1,1,0,0,CALL,0,1,-1,-1,-1,-1,SYSCALL,-1,1,6097408,6097437,6097417,0,0,1,0,cpp,2.5832389570816933e-08,0.0,0,1,0
0x59371a,JZ,1,1,78,2,0x593717,TEST,1,NonLeaf,rdi(MOV) rdi(MOV) ,rflags ,TEST,3,MOV,4,MOV,8,JZ,2,MOV,3,MOV,2,TEST,3,JZ,2,AND,3,MOV,4,0,1,1,0,0,RET,0,0,1,0,0,0,JE,0,0,5846803,5846888,5846812,0,0,0,0,cpp,2.6146143290300536e-11,1.0,1,0,1
0x593709,JZ,1,1,10,2,0x593701,CMP,1,NonLeaf,rdi(-1) ,rflags ,MOV,3,CMP,5,PUSH,1,INVALID,0,INVALID,0,MOV,8,MOV,4,TEST,3,JZ,2,MOV,2,0,1,1,0,0,JE,0,0,1,0,0,0,MOV,0,0,5846784,5846803,5846795,0,0,0,1,cpp,2.6146143290300536e-11,1.0,1,0,1
0x592ed7,JZ,3955609,3955609,57,2,0x592ed3,CMP,1,NonLeaf,rdx(-1) sil(-1) ,rflags ,CMP,4,JBE,2,CMP,4,MOV,4,SUB,4,MOV,7,MOV,5,SUB,7,MOV,3,SUB,6,0,1,0,0,0,JMP,0,0,0,0,0,0,JBE,0,0,5844691,5844752,5844697,1,0,1,0,cpp,0.0001034239197144,1.0,1,0,1
0x592e67,JZ,1,1,15,2,0x592e64,TEST,1,NonLeaf,rdi(MOV) rdi(MOV) ,rflags ,TEST,3,MOV,4,JNZ,2,TEST,3,MOV,3,CALL_NEAR,5,MOV,8,MOV,3,POP,1,JMP,5,0,1,1,0,0,JMP,0,0,1,0,0,0,CALL,0,1,5844576,5844598,5844585,0,0,0,1,cpp,2.6146143290300536e-11,1.0,1,0,1
0x592e49,JZ,1,1,23,2,0x592e46,TEST,1,NonLeaf,rax(MOV) rax(MOV) ,rflags ,TEST,3,MOV,4,JZ,2,TEST,3,JZ,2,NOP,5,MOV,8,MOV,3,TEST,3,JNZ,2,0,1,1,0,0,JE,1,0,1,0,0,0,NOP,0,0,5844546,5844576,5844555,0,0,0,0,cpp,2.6146143290300536e-11,1.0,1,0,1
0x592e3b,JZ,1,1,7,2,0x592e38,TEST,1,NonLeaf,rdi(MOV) rdi(MOV) ,rflags ,TEST,3,MOV,4,MOV,3,PUSH,1,INVALID,0,TEST,3,JZ,2,MOV,4,TEST,3,JZ,2,0,1,1,0,0,JE,0,0,1,0,0,0,JE,0,0,5844528,5844546,5844541,0,0,0,0,cpp,2.6146143290300536e-11,1.0,1,0,1
0x592da9,JS,7,5,103,2,0x592da1,TEST,1,Leaf,edx(-1) edx(-1) ,rflags ,MOV,6,TEST,2,MOV,8,MOV,7,MOV,6,MOV,7,MOV,8,MOV,8,MOV,8,MOV,7,0,1,1,0,0,RET,0,0,1,0,0,0,MOV,0,0,5844385,5844496,5844395,0,0,1,1,cpp,1.8302300303210375e-10,0.7142857142857143,1,0,1
0x592d8a,JZ,7,5,23,2,0x592d37,TEST,1,Leaf,rax(MOV) rax(MOV) ,rflags ,MOV,8,MOV,8,MOV,8,MOV,8,MOV,8,MOV,6,MOV,7,MOV,8,TEST,2,MOV,6,0,1,1,0,0,JS,0,0,1,0,0,0,MOV,0,0,5844224,5844385,5844364,0,0,1,1,cpp,1.8302300303210375e-10,0.7142857142857143,1,0,1
0x592904,JZ,2,0,124,2,0x592901,AND,1,NonLeaf,edx(AND) ,edx rflags ,AND,3,JZ,2,TEST,3,LEA,7,MOV,2,OR,3,MOV,4,MOV,4,MOV,2,MOV,8,0,1,0,0,0,CALL,0,1,0,1,0,0,MOV,0,0,5843201,5843328,5843206,0,0,1,1,cpp,5.2292286580601066e-11,0.0,0,0,0
0x5928ff,JZ,2,0,7,2,0x5928fc,TEST,1,NonLeaf,rdi(MOV) rdi(MOV) ,rflags ,TEST,3,LEA,7,MOV,2,LEA,7,OR,3,AND,3,JZ,2,OR,3,MOV,4,MOV,4,0,1,1,0,0,MOV,0,0,1,0,0,0,JE,0,0,5843173,5843206,5843201,0,0,1,0,cpp,5.2292286580601066e-11,0.0,0,0,0
0x5928de,JZ,2,2,7,2,0x5928d9,TEST,1,NonLeaf,r12(-1) r12(-1) ,rflags ,MOV,2,TEST,3,MOV,2,JZ,6,CMP,3,TEST,3,JNZ,2,MOV,4,OR,3,LEA,7,0,1,0,0,0,JE,0,0,1,0,0,0,JNE,0,0,5843159,5843173,5843168,0,0,1,0,cpp,5.2292286580601066e-11,1.0,1,0,1
0x5928d1,JZ,2,0,255,6,0x5928ce,CMP,1,NonLeaf,eax(-1) ,rflags ,CMP,3,CALL_NEAR,3,MOV,3,JBE,6,CMP,3,MOV,2,TEST,3,MOV,2,JZ,2,TEST,3,0,1,0,0,0,JMP,0,0,1,0,0,0,JE,0,0,5843150,5843408,5843159,0,0,0,0,cpp,5.2292286580601066e-11,0.0,0,0,0
0x5928c2,JBE,2,0,277,6,0x5928bf,CMP,1,NonLeaf,rax(SUB) rcx(SUB) ,rflags ,CMP,3,SUB,7,MOV,3,MOV,7,SUB,4,MOV,3,CALL_NEAR,3,CMP,3,JZ,6,MOV,2,0,1,0,0,0,CALL,0,1,1,1,0,0,CALL,0,1,5843088,5843415,5843144,0,0,1,1,cpp,5.2292286580601066e-11,0.0,0,0,0
0x592490,JBE,10,10,-208,6,0x59248c,CMP,1,NonLeaf,r15(CMOVBE) ,rflags ,CMP,4,CMOVBE,4,CMP,3,SUB,3,JNB,2,MOV,3,MOV,3,ADD,3,CALL_NEAR,5,MOV,5,0,1,0,0,0,JE,0,0,1,0,0,0,CALL,0,1,5842050,5841856,5842070,0,0,0,1,cpp,2.6146143290300536e-10,1.0,1,0,1
0x592480,JNB,10,0,-71,2,0x59247d,CMP,1,NonLeaf,rdi(MOV) r15(MOV) ,rflags ,CMP,3,MOV,5,MOV,5,MOV,3,SUB,4,SUB,3,CMP,3,CMOVBE,4,CMP,4,JBE,6,1,1,1,0,0,JE,0,0,1,0,0,0,JBE,0,0,5842035,5841977,5842050,0,1,0,0,cpp,2.6146143290300536e-10,0.0,0,0,0
0x59243c,JZ,10,10,116,2,0x592439,TEST,1,NonLeaf,rbx(SUB) rbx(SUB) ,rflags ,TEST,3,SUB,3,MOV,5,ADD,3,ADD,3,MOV,8,MOV,3,SUB,7,CMP,3,JBE,6,0,1,1,0,0,SUB,1,0,1,0,0,0,JBE,0,0,5841977,5842096,5841982,0,0,0,0,cpp,2.6146143290300536e-10,1.0,1,0,1
0x5923f8,JZ,2,2,51,2,0x5923f0,CMP,1,NonLeaf,r15(-1) ,rflags ,MOVDQU,4,CMP,4,MOVDQU,5,JBE,6,CMP,4,MOVZX,4,MOV,3,MOV,3,SUB,4,JS,2,0,0,1,0,0,MOV,0,0,1,0,0,0,JS,0,0,5841899,5841963,5841914,0,0,1,1,cpp,5.2292286580601066e-11,1.0,1,0,1
0x5923e5,JBE,10,8,227,6,0x5923e1,CMP,1,NonLeaf,r15(-1) ,rflags ,CMP,4,JZ,6,OR,2,SETNB,3,CMP,3,MOVDQU,5,CMP,4,MOVDQU,4,JZ,2,MOVZX,4,0,0,0,0,0,NOP,0,0,1,0,0,0,JE,0,0,5841889,5842120,5841899,0,0,0,1,cpp,2.6146143290300536e-10,0.8,1,0,1
0x60c509,JZ,1,1,34,2,0x60c506,TEST,1,NonLeaf,rax(-1) rax(-1) ,rflags ,TEST,3,CALL_NEAR,5,MOV,3,JZ,2,CMP,4,MOV,3,ADD,4,MOV,4,MOV,3,ADD,4,0,0,0,0,0,RET,0,0,0,0,0,0,MOV,0,0,6341894,6341931,6341899,0,1,1,1,cpp,2.6146143290300536e-11,1.0,1,0,1
0x5923db,JZ,10,0,237,6,0x5923d9,OR,1,NonLeaf,dl(OR) al(SETNB) ,dl rflags ,OR,2,SETNB,3,CMP,3,SETNB,3,LEA,4,CMP,4,JBE,6,MOVDQU,5,CMP,4,MOVDQU,4,0,1,0,0,0,NOP,0,0,1,0,0,0,JBE,0,0,5841861,5842120,5841889,0,0,0,0,cpp,2.6146143290300536e-10,0.0,0,1,0
0x5923c3,JZ,10,0,115,2,0x5923c0,TEST,1,NonLeaf,r15(-1) r15(-1) ,rflags ,TEST,3,NOP,9,JMP,5,SUB,7,MOV,3,LEA,4,CMP,3,LEA,4,SETNB,3,CMP,3,0,0,1,0,0,SUB,0,0,1,0,0,0,JE,0,0,5841856,5841974,5841861,0,0,0,0,cpp,2.6146143290300536e-10,0.0,0,0,0
0x592396,JZ,10,0,288,6,0x592393,TEST,1,NonLeaf,rdx(-1) rdx(-1) ,rflags ,TEST,3,SUB,4,PUSH,1,PUSH,1,PUSH,2,MOV,6,MOV,3,MOV,3,MOV,3,SUB,7,0,1,1,0,0,RET,1,0,1,0,0,0,JMP,0,0,5841792,5842102,5841820,0,0,0,0,cpp,2.6146143290300536e-10,0.0,0,0,0
0x592353,JZ,993,5,17,2,0x592350,CMP,1,NonLeaf,eax(-1) ,rflags ,CMP,3,CALL_NEAR,3,MOV,3,JBE,2,CMP,3,MOV,4,LEA,4,MOV,4,MOVZX,3,ADD,4,0,1,1,0,0,RET,0,0,1,0,0,0,MOVZX,0,0,5841744,5841764,5841749,0,0,0,1,cpp,2.5963120287268432e-08,0.0050352467270896,0,0,0
0x592348,JBE,993,0,35,2,0x592345,CMP,1,NonLeaf,rax(SUB) rdx(SUB) ,rflags ,CMP,3,SUB,7,MOV,3,MOV,7,SUB,4,MOV,3,CALL_NEAR,3,CMP,3,JZ,2,MOV,4,0,1,0,0,0,CALL,0,1,1,1,0,0,CALL,0,1,5841696,5841771,5841738,0,0,1,1,cpp,2.5963120287268432e-08,0.0,0,0,0
0x592288,JNZ,3,3,-58,2,0x592285,CMP,1,NonLeaf,eax(-1) ,rflags ,CMP,3,CALL_NEAR,3,MOV,3,JBE,2,CMP,3,MOV,4,LEA,7,LEA,7,MOV,2,TEST,3,0,0,0,0,0,RET,0,0,1,0,0,0,JE,0,0,5841541,5841486,5841546,0,0,0,0,cpp,7.843842987090161e-11,1.0,1,0,1
0x59227d,JBE,3,0,129,2,0x59227a,CMP,1,NonLeaf,rax(SUB) rdx(SUB) ,rflags ,CMP,3,SUB,7,MOV,3,SUB,6,MOV,5,MOV,3,CALL_NEAR,3,CMP,3,JNZ,2,MOV,4,0,1,0,0,0,CALL,0,1,1,1,0,0,CALL,0,1,5841502,5841662,5841535,0,0,1,1,cpp,7.843842987090161e-11,0.0,0,0,0
0x59225c,JNZ,3,0,100,2,0x59225a,TEST,1,NonLeaf,al(MOV) ,rflags ,TEST,2,MOV,2,NOP,5,RET_NEAR,1,POP,2,MOV,7,MOV,5,SUB,6,MOV,3,SUB,7,0,1,0,0,0,JG,0,0,1,0,0,0,JBE,0,0,5841496,5841600,5841502,0,0,0,0,cpp,7.843842987090161e-11,0.0,0,0,0
0x59224c,JZ,3,3,12,2,0x592244,CMP,1,NonLeaf,rdi(-1) ,rflags ,MOV,3,CMP,5,PUSH,1,PUSH,1,PUSH,2,POP,1,POP,1,POP,2,RET_NEAR,1,NOP,5,0,1,0,0,0,JNE,0,0,1,0,0,0,RET,0,0,5841472,5841496,5841486,0,0,0,0,cpp,7.843842987090161e-11,1.0,1,0,1
0x5921e9,JZ,1,1,39,2,0x5921e7,TEST,1,NonLeaf,al(-1) ,rflags ,TEST,2,JZ,2,TEST,3,MOV,2,MOV,4,MOV,4,MOV,2,OR,3,AND,3,TEST,2,0,1,0,0,0,CALL,0,1,0,1,0,0,RET,0,0,5841383,5841424,5841387,0,1,1,1,cpp,2.6146143290300536e-11,1.0,1,0,1
0x5921e5,JZ,9,8,6,2,0x5921e2,TEST,1,NonLeaf,rdi(MOV) rdi(MOV) ,rflags ,TEST,3,MOV,2,MOV,4,SUB,4,MOV,3,TEST,2,JZ,2,MOV,4,MOV,2,OR,3,0,1,1,0,0,RET,0,0,1,0,0,0,JE,0,0,5841360,5841387,5841383,0,0,1,0,cpp,2.3531528961270476e-10,0.8888888888888888,1,0,1
0x5920b7,JZ,993,993,-146,6,0x5920b4,TEST,1,NonLeaf,rdi(MOV) rdi(MOV) ,rflags ,TEST,3,MOV,4,JNZ,6,MOV,3,MOV,4,TEST,3,JZ,2,AND,3,MOV,4,MOV,2,0,0,1,0,0,JBE,0,0,1,0,0,0,JE,0,0,5841072,5840933,5841085,0,0,0,0,cpp,2.5963120287268432e-08,1.0,1,0,1
0x592063,JZ,993,993,-118,2,0x592060,CMP,1,NonLeaf,eax(-1) ,rflags ,CMP,3,NOP,7,JMP,2,POP,1,POP,1,ADD,4,MOV,5,POP,1,POP,1,RET_NEAR,1,0,0,0,0,0,JNE,0,0,0,0,0,0,RET,0,0,5840992,5840877,5840997,0,0,0,0,cpp,2.5963120287268432e-08,1.0,1,1,1
0x592044,JBE,993,0,362,6,0x592041,CMP,1,NonLeaf,rax(SUB) rdx(SUB) ,rflags ,CMP,3,SUB,7,MOV,3,SUB,6,MOV,5,MOV,4,ADD,4,MOV,3,POP,1,POP,1,0,1,0,0,0,CALL,0,1,1,1,0,0,JMP,0,0,5840933,5841326,5840970,0,0,1,0,cpp,2.5963120287268432e-08,0.0,0,0,0
0x592013,JZ,993,993,157,6,0x59200e,CMP,1,NonLeaf,rbx(-1) ,rflags ,CMP,5,JNZ,2,TEST,3,JB,6,CMP,3,MOV,3,CALL_NEAR,5,TEST,2,JNZ,2,MOV,7,0,0,0,0,0,JE,0,0,0,0,0,0,CALL,0,1,5840910,5841072,5840921,0,0,0,1,cpp,2.5963120287268432e-08,1.0,1,1,1
0x59200c,JNZ,993,0,108,2,0x592009,TEST,1,NonLeaf,ah(-1) ,rflags ,TEST,3,JB,6,CMP,3,MOV,4,MOV,4,CMP,5,JZ,6,MOV,3,CALL_NEAR,5,TEST,2,0,1,0,0,0,JA,0,0,1,0,0,0,JE,0,0,5840905,5841016,5840910,1,0,1,0,cpp,2.5963120287268432e-08,0.0,0,0,0
0x592003,JB,993,0,269,6,0x592000,CMP,1,NonLeaf,rdx(MOV) rsi(MOV) ,rflags ,CMP,3,MOV,4,MOV,4,JNZ,6,TEST,3,TEST,3,JNZ,2,CMP,5,JZ,6,MOV,3,0,1,0,0,0,RET,0,0,1,0,0,0,JNE,0,0,5840896,5841168,5840905,0,0,1,0,cpp,2.5963120287268432e-08,0.0,0,0,0
0x591ff2,JNZ,993,0,310,6,0x591fef,TEST,1,NonLeaf,ah(MOV) ,rflags ,TEST,3,MOV,2,MOV,10,JNZ,2,TEST,2,MOV,4,MOV,4,CMP,3,JB,6,TEST,3,0,1,0,0,0,JBE,0,0,1,0,0,0,MOV,0,0,5840877,5841192,5840888,0,0,0,0,cpp,2.5963120287268432e-08,0.0,0,0,0
0x591fe1,JNZ,993,993,127,2,0x591fdf,TEST,1,NonLeaf,eax(MOV) eax(MOV) ,rflags ,TEST,2,MOV,6,SUB,4,MOV,3,PUSH,1,MOV,10,MOV,2,TEST,3,JNZ,6,MOV,4,0,1,0,0,0,JE,0,0,1,0,0,0,MOV,0,0,5840848,5840992,5840867,0,0,0,1,cpp,2.5963120287268432e-08,1.0,1,0,1
0x591db8,JBE,13,0,13,2,0x591db5,CMP,1,NonLeaf,rax(SUB) rdx(SUB) ,rflags ,CMP,3,SUB,7,MOV,3,SUB,6,MOV,5,MOV,4,ADD,4,POP,1,JMP,2,MOV,4,0,1,0,0,0,CALL,0,1,1,1,0,0,JMP,0,0,5840281,5840325,5840314,0,0,1,0,cpp,3.39899862773907e-10,0.0,0,0,0
0x591d8d,JNZ,13,13,12,2,0x591d8b,TEST,1,NonLeaf,eax(MOV) eax(MOV) ,rflags ,TEST,2,MOV,6,SUB,4,PUSH,1,INVALID,0,MOV,10,MOV,7,MOV,5,SUB,6,MOV,3,0,1,1,0,0,JBE,0,0,1,0,0,0,MOV,0,0,5840256,5840281,5840271,0,0,0,1,cpp,3.39899862773907e-10,1.0,1,0,1
0x591cdb,JNB,988,988,6,2,0x591ccf,CMP,1,NonLeaf,rbx(-1) rax(-1) ,rflags ,MOV,4,MOV,4,CMP,4,JNZ,2,TEST,3,MOV,4,AND,3,MOV,4,MOV,4,MOV,4,0,0,1,0,0,XOR,0,0,1,0,0,0,MOV,0,0,5840079,5840097,5840093,1,0,1,1,cpp,2.5832389570816933e-08,1.0,1,0,1
0x591ccd,JNZ,988,0,51,2,0x591cca,TEST,1,NonLeaf,dh(MOV) ,rflags ,TEST,3,MOV,2,MOV,4,JZ,2,CMP,3,CMP,4,MOV,4,MOV,4,JNB,2,MOV,4,0,1,0,0,0,JMP,0,0,1,0,0,0,JAE,0,0,5840072,5840128,5840079,0,0,1,1,cpp,2.5832389570816933e-08,0.0,0,0,0
0x591c91,JBE,988,988,55,2,0x591c8d,CMP,1,NonLeaf,rax(MOV) rdi(-1) ,rflags ,CMP,4,MOV,4,SUB,4,MOV,3,PUSH,1,MOV,7,MOV,5,SUB,6,MOV,3,SUB,7,0,1,0,0,0,JNE,0,0,1,0,0,0,JBE,0,0,5840000,5840072,5840019,0,0,0,0,cpp,2.5832389570816933e-08,1.0,1,0,1
0x591bc7,JNZ,2,0,8043,6,0x591bc5,DEC,1,NonLeaf,rdx(-1) ,rflags ,DEC,2,JMP,2,JNZ,6,DEC_LOCK,3,JZ,2,MOV,6,JMP,5,MOV,8,MOV,9,JMP,5,0,-1,-1,-1,-1,CALL,-1,1,0,1,0,0,JMP,0,0,5839813,5847858,5839821,0,0,1,0,cpp,5.2292286580601066e-11,0.0,0,0,0
0x591bb8,JZ,2,2,13,2,0x591bb1,CMP,1,NonLeaf,rip(JZ) ,rflags ,CMP,7,MOV,8,JNZ,6,MOV,6,MOV,3,DEC_LOCK,3,JNZ,6,JMP,2,DEC,2,JNZ,6,0,1,0,0,0,JNE,0,0,1,0,0,0,JNE,0,0,5839785,5839813,5839802,0,0,1,0,cpp,5.2292286580601066e-11,1.0,1,0,1
0x591ba3,JNZ,2,0,-233,6,0x591b98,TEST,1,NonLeaf,eax(SUB) eax(SUB) ,rflags ,MOV,6,MOV,3,TEST,2,SUB,3,MOV,3,MOV,8,CMP,7,JZ,2,DEC_LOCK,3,JNZ,6,0,0,1,0,0,JNE,0,0,1,0,0,0,JE,0,0,5839762,5839546,5839785,0,0,1,1,cpp,5.2292286580601066e-11,0.0,0,0,0
0x591b90,JNZ,2,0,61,2,0x591b7f,AND,1,NonLeaf,esi(AND) ,esi rflags ,MOV,4,MOV,7,AND,6,ADD,7,ADD,4,MOV,3,SUB,3,TEST,2,MOV,3,MOV,6,0,1,0,0,0,JMP,0,0,1,0,0,0,JNE,0,0,5839725,5839821,5839762,0,0,0,1,cpp,5.2292286580601066e-11,0.0,0,1,0
0x591b53,JNZ,2,0,8132,6,0x591b50,CMPXCHG,1,NonLeaf,rdx(-1) esi(-1) eax(CMPXCHG) ,eax rflags ,CMPXCHG,3,JMP,2,JNZ,6,CMPXCHG_LOCK,4,JZ,2,MOV,7,MOV,7,MOV,2,MOV,4,MOV,7,0,-1,-1,-1,-1,CALL,-1,1,0,1,0,0,MOV,0,0,5839696,5847831,5839705,0,0,1,1,cpp,5.2292286580601066e-11,0.0,0,0,0
0x591b42,JZ,2,2,14,2,0x591b3b,CMP,1,NonLeaf,rip(JZ) ,rflags ,CMP,7,MOV,5,JZ,2,CMP,4,MOV,9,CMPXCHG_LOCK,4,JNZ,6,JMP,2,CMPXCHG,3,JNZ,6,0,1,0,0,0,JNE,0,0,1,0,0,0,JNE,0,0,5839670,5839696,5839684,0,0,1,0,cpp,5.2292286580601066e-11,1.0,1,0,1
0x591b03,JZ,2,2,12,2,0x591b01,TEST,1,NonLeaf,ebp(-1) ebp(-1) ,rflags ,TEST,2,JNZ,6,DEC,6,JMP,2,JNZ,6,XOR,2,MOV,3,CALL_NEAR,5,ADD,4,POP,1,0,0,1,0,0,RET,0,0,1,0,0,0,CALL,0,1,5839617,5839631,5839621,0,0,0,1,cpp,5.2292286580601066e-11,1.0,1,0,1
0x591afb,JNZ,2,0,8189,6,0x591af5,DEC,1,NonLeaf,rip(JNZ) ,rflags ,DEC,6,JMP,2,JNZ,6,DEC_LOCK,7,JZ,2,TEST,2,JZ,2,XOR,2,MOV,3,CALL_NEAR,5,0,-1,-1,-1,-1,CALL,-1,1,0,1,0,0,JE,0,0,5839605,5847800,5839617,0,0,1,0,cpp,5.2292286580601066e-11,0.0,0,0,0
0x591a9f,JZ,2,2,129,2,0x591a94,AND,1,NonLeaf,eax(AND) ,eax rflags ,MOV,6,AND,5,ADD,3,MOV,2,MOV,7,MOV,7,ADD,7,MOV,7,MOV,4,SUB,3,0,1,0,0,0,JE,0,0,1,0,0,0,MOV,0,0,5839488,5839648,5839521,0,0,0,1,cpp,5.2292286580601066e-11,1.0,1,0,1
0x591a73,JNZ,2,0,8294,6,0x591a6c,CMPXCHG,1,NonLeaf,rip(JNZ) esi(-1) eax(CMPXCHG) ,eax rflags ,CMPXCHG,7,JMP,2,JNZ,6,CMPXCHG_LOCK,8,JZ,2,MOV,7,MOV,2,MOV,6,MOV,7,MOV,2,0,-1,-1,-1,-1,CALL,-1,1,0,1,0,0,MOV,0,0,5839468,5847769,5839481,0,0,1,1,cpp,5.2292286580601066e-11,0.0,0,0,0
0x591a5a,JZ,2,2,18,2,0x591a53,CMP,1,NonLeaf,rip(JZ) ,rflags ,CMP,7,XOR,2,MOV,5,JZ,2,CMP,7,CMPXCHG_LOCK,8,JNZ,6,JMP,2,CMPXCHG,7,JNZ,6,0,1,0,0,0,JNE,0,0,1,0,0,0,JNE,0,0,5839436,5839468,5839452,0,0,1,0,cpp,5.2292286580601066e-11,1.0,1,0,1
0x591a4a,JZ,2,0,54,2,0x591a43,CMP,1,NonLeaf,rdx(MOV) rip(JZ) ,rflags ,CMP,7,MOV,9,CALL_NEAR,5,MOV,3,MOV,5,MOV,5,XOR,2,CMP,7,JZ,2,CMPXCHG_LOCK,8,0,1,1,0,0,JE,0,0,1,0,0,0,JE,0,0,5839418,5839488,5839436,0,0,1,0,cpp,5.2292286580601066e-11,0.0,0,0,0
0x591a25,JZ,2,2,435,6,0x591a1e,TEST,1,NonLeaf,rax(MOV) rax(MOV) ,rflags ,SETNZ,4,TEST,3,MOV,5,MOV,2,XOR,2,XOR,2,MOV,5,MOV,3,CALL_NEAR,5,MOV,9,0,1,0,0,0,JMP,0,0,1,0,0,0,CALL,0,1,5839379,5839832,5839403,0,0,1,1,cpp,5.2292286580601066e-11,1.0,1,0,1
0x591a0d,JNZ,4,2,258,6,0x591a0b,TEST,1,NonLeaf,al(MOV) ,rflags ,TEST,2,MOV,2,SUB,4,MOV,3,PUSH,1,OR,2,XOR,2,MOV,2,MOV,5,TEST,3,0,1,1,0,0,RET,0,0,1,0,0,0,JE,0,0,5839360,5839631,5839379,0,1,0,1,cpp,1.0458457316120216e-10,0.5,0,0,0
0x591981,JNZ,1,0,8505,6,0x59197b,DEC,1,NonLeaf,rip(JNZ) ,rflags ,DEC,6,JMP,2,JNZ,6,DEC_LOCK,7,JZ,2,JMP,2,NOP,7,MOV,4,ADD,7,MOV,7,0,-1,-1,-1,-1,CALL,-1,1,0,1,0,0,JMP,0,0,5839227,5847738,5839239,0,0,1,0,cpp,2.6146143290300536e-11,0.0,0,0,0
0x59196a,JZ,1,1,17,2,0x591963,CMP,1,NonLeaf,rip(JZ) ,rflags ,CMP,7,MOV,11,NOP,7,RET_NEAR,1,POP,1,DEC_LOCK,7,JNZ,6,JMP,2,DEC,6,JNZ,6,0,1,0,0,0,JNE,0,0,1,0,0,0,JNE,0,0,5839192,5839227,5839212,0,0,1,0,cpp,2.6146143290300536e-11,1.0,1,0,1
0x59193a,JZ,1,1,30,2,0x591928,SUB,1,NonLeaf,rip(JZ) ,rflags ,MOV,11,SUB,7,JNZ,6,DEC,2,JMP,2,TEST,2,JZ,2,XOR,2,MOV,3,CALL_NEAR,5,0,1,0,0,0,JE,0,0,1,1,0,0,JE,0,0,5839144,5839192,5839164,0,0,1,0,cpp,2.6146143290300536e-11,1.0,1,0,1
0x591922,JNZ,1,0,8573,6,0x591920,DEC,1,NonLeaf,rdx(-1) ,rflags ,DEC,2,JMP,2,JNZ,6,DEC_LOCK,3,JZ,2,SUB,7,MOV,11,JZ,2,TEST,2,JZ,2,0,-1,-1,-1,-1,CALL,-1,1,0,1,0,0,JE,0,0,5839136,5847711,5839144,0,0,1,1,cpp,2.6146143290300536e-11,0.0,0,0,0
0x591913,JZ,1,1,13,2,0x59190c,CMP,1,NonLeaf,rip(JZ) ,rflags ,CMP,7,MOV,8,JNZ,2,SUB,4,MOV,7,DEC_LOCK,3,JNZ,6,JMP,2,DEC,2,JNZ,6,0,1,0,0,0,JNE,0,0,1,0,0,0,JNE,0,0,5839108,5839136,5839125,0,0,1,0,cpp,2.6146143290300536e-11,1.0,1,0,1
0x591902,JNZ,1,0,38,2,0x5918fe,SUB,1,NonLeaf,rdx(MOV) ,rflags ,SUB,4,MOV,7,JNZ,2,MOV,2,TEST,2,MOV,8,CMP,7,JZ,2,DEC_LOCK,3,JNZ,6,0,0,1,0,0,JE,0,0,1,0,0,0,JE,0,0,5839095,5839144,5839108,0,0,1,1,cpp,2.6146143290300536e-11,0.0,0,0,0
0x5918f5,JNZ,1,0,51,2,0x5918f1,TEST,1,NonLeaf,eax(-1) eax(-1) ,rflags ,MOV,2,TEST,2,AND,4,JNZ,2,TEST,3,MOV,7,SUB,4,JNZ,2,MOV,8,CMP,7,0,0,1,0,0,JE,0,0,0,0,0,0,JNE,0,0,5839085,5839144,5839095,0,0,1,1,cpp,2.6146143290300536e-11,0.0,0,1,0
0x5918bb,JZ,1,1,213,6,0x5918b8,CMP,1,NonLeaf,rbx(-1) rdx(-1) ,rflags ,CMP,3,JZ,2,TEST,3,MOV,7,AND,5,MOV,4,TEST,3,JZ,2,CMP,3,JNZ,2,0,1,0,0,0,JMP,0,0,1,0,0,0,JE,0,0,5839032,5839248,5839041,0,0,1,0,cpp,2.6146143290300536e-11,1.0,1,0,1
0x5918b6,JZ,1,0,55,2,0x5918b3,TEST,1,NonLeaf,rdx(MOV) rdx(MOV) ,rflags ,TEST,3,MOV,7,AND,5,MOV,2,ADD,4,CMP,3,JZ,6,MOV,4,TEST,3,JZ,2,0,1,0,0,0,JNE,0,0,1,0,0,0,JE,0,0,5839020,5839085,5839032,0,0,1,0,cpp,2.6146143290300536e-11,0.0,0,0,0
0x591887,JNZ,1,0,8701,6,0x591884,CMPXCHG,1,NonLeaf,rdx(-1) esi(-1) eax(CMPXCHG) ,eax rflags ,CMPXCHG,3,JMP,2,JNZ,6,CMPXCHG_LOCK,4,JZ,2,MOV,7,MOV,7,MOV,4,MOV,2,ADD,4,0,-1,-1,-1,-1,CALL,-1,1,0,1,0,0,MOV,0,0,5838980,5847684,5838989,0,0,1,1,cpp,2.6146143290300536e-11,0.0,0,0,0
0x60b9aa,JS,67670,9306,31,2,0x60b9a6,SUB,1,NonLeaf,rbx(SUB) ,rbx rflags ,SUB,4,ADD,3,LEA,8,MOV,5,MOV,5,LEA,4,MOV,4,SUB,4,SUB,4,DIV,3,0,1,1,0,0,JLE,1,0,1,0,0,0,LEA,0,0,6338961,6339017,6338988,0,0,0,0,cpp,1.7693095164546373e-06,0.1375203191960987,0,0,0
0x591876,JZ,1,1,14,2,0x59186f,CMP,1,NonLeaf,rip(JZ) ,rflags ,CMP,7,MOV,5,JZ,2,CMP,4,MOV,9,CMPXCHG_LOCK,4,JNZ,6,JMP,2,CMPXCHG,3,JNZ,6,0,1,0,0,0,JNE,0,0,1,0,0,0,JNE,0,0,5838954,5838980,5838968,0,0,1,0,cpp,2.6146143290300536e-11,1.0,1,0,1
0x591868,JZ,1,0,55,2,0x591864,CMP,1,NonLeaf,r8(MOV) rdx(MOV) ,rflags ,CMP,4,MOV,9,MOV,7,JNZ,2,AND,5,MOV,5,CMP,7,JZ,2,CMPXCHG_LOCK,4,JNZ,6,0,1,1,0,0,AND,0,0,1,0,0,0,JE,0,0,5838932,5839007,5838954,0,0,1,0,cpp,2.6146143290300536e-11,0.0,0,0,0
0x591852,JNZ,1,0,90,2,0x59184d,AND,1,NonLeaf,eax(AND) ,eax rflags ,AND,5,MOV,2,MOV,7,ADD,7,MOV,2,MOV,7,MOV,9,CMP,4,JZ,2,MOV,5,0,1,1,0,0,JE,0,0,1,0,0,0,JE,0,0,5838907,5839020,5838932,0,0,0,0,cpp,2.6146143290300536e-11,0.0,0,0,0
0x59182e,JNZ,1,0,8759,6,0x591827,CMPXCHG,1,NonLeaf,rip(JNZ) esi(-1) eax(CMPXCHG) ,eax rflags ,CMPXCHG,7,JMP,2,JNZ,6,CMPXCHG_LOCK,8,JZ,2,MOV,7,MOV,2,ADD,7,MOV,7,MOV,2,0,-1,-1,-1,-1,CALL,-1,1,0,1,0,0,MOV,0,0,5838887,5847653,5838900,0,0,1,1,cpp,2.6146143290300536e-11,0.0,0,0,0
0x591815,JZ,1,1,18,2,0x59180e,CMP,1,NonLeaf,rip(JZ) ,rflags ,CMP,7,XOR,2,MOV,5,JZ,2,CMP,7,CMPXCHG_LOCK,8,JNZ,6,JMP,2,CMPXCHG,7,JNZ,6,0,1,0,0,0,JNE,0,0,1,0,0,0,JNE,0,0,5838855,5838887,5838871,0,0,1,0,cpp,2.6146143290300536e-11,1.0,1,0,1
0x591805,JZ,1,0,54,2,0x5917fe,CMP,1,NonLeaf,rdx(MOV) rip(JZ) ,rflags ,CMP,7,MOV,9,CALL_NEAR,5,MOV,3,MOV,5,MOV,5,XOR,2,CMP,7,JZ,2,CMPXCHG_LOCK,8,0,1,1,0,0,JNE,0,0,1,0,0,0,JE,0,0,5838837,5838907,5838855,0,0,1,0,cpp,2.6146143290300536e-11,0.0,0,0,0
0x5917e0,JZ,1,1,507,6,0x5917d9,TEST,1,NonLeaf,rax(MOV) rax(MOV) ,rflags ,SETNZ,4,TEST,3,XOR,2,MOV,5,JZ,6,XOR,2,MOV,5,MOV,3,CALL_NEAR,5,MOV,9,0,1,0,0,0,JMP,0,0,1,0,0,0,CALL,0,1,5838802,5839323,5838822,0,0,1,1,cpp,2.6146143290300536e-11,1.0,1,0,1
0x5917cc,JZ,3,2,382,6,0x5917c9,TEST,1,NonLeaf,rdi(-1) ,rflags ,TEST,3,SUB,4,MOV,3,PUSH,1,PUSH,1,MOV,5,XOR,2,TEST,3,SETNZ,4,JZ,6,0,1,1,0,0,RET,0,0,1,0,0,0,JE,0,0,5838784,5839178,5838802,0,0,0,0,cpp,7.843842987090161e-11,0.6666666666666666,1,0,1
0x591788,JNZ,2,0,8898,6,0x591786,DEC,1,NonLeaf,rdx(-1) ,rflags ,DEC,2,JMP,2,JNZ,6,DEC_LOCK,3,JZ,2,JMP,5,NOP,5,ADD,4,JMP,5,CALL_NEAR,5,0,-1,-1,-1,-1,CALL,-1,1,0,1,0,0,JMP,0,0,5838726,5847626,5838734,0,0,1,0,cpp,5.2292286580601066e-11,0.0,0,0,0
0x591779,JZ,2,2,13,2,0x591772,CMP,1,NonLeaf,rip(JZ) ,rflags ,CMP,7,MOV,8,JNZ,6,SUB,4,JZ,6,DEC_LOCK,3,JNZ,6,JMP,2,DEC,2,JNZ,6,0,1,0,0,0,JNE,0,0,1,0,0,0,JNE,0,0,5838698,5838726,5838715,0,0,1,0,cpp,5.2292286580601066e-11,1.0,1,0,1
0x591764,JNZ,2,0,-204,6,0x591760,SUB,1,NonLeaf,rdx(-1) ,rflags ,SUB,4,JZ,6,TEST,3,MOV,7,NOP,8,MOV,8,CMP,7,JZ,2,DEC_LOCK,3,JNZ,6,0,0,1,0,0,JNE,0,0,1,0,0,0,JE,0,0,5838688,5838488,5838698,0,0,1,1,cpp,5.2292286580601066e-11,0.0,0,0,0
0x59175a,JZ,2,0,-194,6,0x591757,TEST,1,NonLeaf,rdx(MOV) rdx(MOV) ,rflags ,TEST,3,MOV,7,NOP,8,JMP,5,MOV,7,SUB,4,JNZ,6,MOV,8,CMP,7,JZ,2,0,0,1,0,0,JNE,0,0,1,0,0,0,JNE,0,0,5838672,5838488,5838688,0,0,1,1,cpp,5.2292286580601066e-11,0.0,0,0,0
0x5916d0,JNBE,4,1,-432,6,0x5916cc,CMP,1,NonLeaf,rbx(-1) rax(MOV) ,rflags ,CMP,4,MOV,4,NOP,7,RET_NEAR,1,POP,2,JMP,5,NOP,5,MOV,3,JMP,5,NOP,8,0,0,0,0,0,JBE,0,0,1,0,0,0,JMP,0,0,5838536,5838112,5838550,0,0,0,0,cpp,1.0458457316120216e-10,0.25,0,0,0
0x5916a9,JNZ,4,3,-209,6,0x5916a6,TEST,1,NonLeaf,rbx(MOV) rbx(MOV) ,rflags ,TEST,3,MOV,4,MOV,10,NOP,4,JNZ,6,ADD,4,MOV,3,POP,1,POP,1,POP,2,0,0,0,1,1,JNE,0,0,0,1,0,0,RET,1,0,5838488,5838296,5838511,0,0,0,0,cpp,1.0458457316120216e-10,0.75,1,1,1
0x59168e,JNZ,2,2,194,6,0x59168a,CMP,1,NonLeaf,r14d(-1) ,rflags ,CMP,4,CALL_NEAR,4,MOV,3,XOR,2,XOR,2,NOP,4,MOV,10,MOV,4,TEST,3,JNZ,6,0,1,0,0,0,JE,0,0,1,0,0,0,NOP,0,0,5838474,5838672,5838484,0,0,0,0,cpp,5.2292286580601066e-11,1.0,1,0,1
0x59165a,JNZ,2,0,12,2,0x591653,CMP,1,NonLeaf,rip(JNZ) ,rflags ,CMP,7,MOV,7,MOV,7,MOV,4,MOV,7,MOV,2,TEST,2,JZ,6,MOV,7,MOV,3,0,1,1,0,0,JBE,0,0,1,0,0,0,JE,0,0,5838419,5838438,5838428,0,0,0,0,cpp,5.2292286580601066e-11,0.0,0,0,0
0x591634,JNZ,2,0,188,6,0x591632,TEST,1,NonLeaf,eax(CMPXCHG) eax(CMPXCHG) ,rflags ,TEST,2,CMPXCHG,3,JMP,2,CMPXCHG_LOCK,4,JZ,2,MOV,7,MOV,4,MOV,7,MOV,7,CMP,7,0,1,0,0,0,CALL,0,1,1,0,0,0,MOV,1,0,5838386,5838576,5838394,0,0,1,1,cpp,5.2292286580601066e-11,0.0,0,0,0
0x591627,JZ,2,2,8,2,0x591620,CMP,1,NonLeaf,rip(JZ) ,rflags ,CMP,7,MOV,5,XOR,2,JZ,6,CMP,4,CMPXCHG_LOCK,4,JMP,2,CMPXCHG,3,TEST,2,JNZ,6,0,1,0,0,0,CMPXCHG,0,0,1,0,0,0,JMP,0,0,5838361,5838383,5838377,0,0,1,0,cpp,5.2292286580601066e-11,1.0,1,0,1
0x591613,JZ,2,0,389,6,0x59160f,CMP,1,NonLeaf,rbp(-1) rdx(-1) ,rflags ,CMP,4,JZ,2,TEST,3,MOV,7,XOR,3,XOR,2,MOV,5,CMP,7,JZ,2,CMPXCHG_LOCK,4,0,1,0,0,0,JMP,1,0,1,0,0,0,JE,0,0,5838351,5838744,5838361,0,0,1,0,cpp,5.2292286580601066e-11,0.0,0,0,0
0x59160d,JZ,2,0,70,2,0x59160a,TEST,1,NonLeaf,rdx(MOV) rdx(MOV) ,rflags ,TEST,3,MOV,7,XOR,3,JZ,6,TEST,2,CMP,4,JZ,6,XOR,2,MOV,5,CMP,7,1,1,1,0,0,JNE,1,0,1,0,0,0,JE,0,0,5838339,5838419,5838351,0,0,0,0,cpp,5.2292286580601066e-11,0.0,0,0,0
0x5915ec,JZ,3,1,172,6,0x5915e9,CMP,1,NonLeaf,edx(AND) ,rflags ,CMP,3,AND,6,JNZ,6,TEST,3,MOV,2,MOV,6,TEST,2,JZ,6,XOR,3,MOV,7,0,0,1,0,0,JNE,0,0,1,0,0,0,JE,0,0,5838307,5838488,5838322,0,0,1,0,cpp,7.843842987090161e-11,0.3333333333333333,0,0,0
0x5915dd,JNZ,4,1,187,6,0x5915da,TEST,1,NonLeaf,dl(MOV) ,rflags ,TEST,3,MOV,2,NOP,3,MOV,9,SUB,7,AND,6,CMP,3,JZ,6,MOV,6,TEST,2,1,1,1,0,0,JNE,0,0,1,0,0,0,JE,0,0,5838296,5838488,5838307,0,1,1,0,cpp,1.0458457316120216e-10,0.25,0,0,0
0x5915b9,JZ,1,0,246,6,0x5915b6,TEST,1,NonLeaf,rbx(MOV) rbx(MOV) ,rflags ,TEST,3,MOV,7,JNZ,2,TEST,3,MOV,2,MOV,6,SUB,7,MOV,9,NOP,3,MOV,2,0,0,1,0,0,RET,0,0,1,0,0,0,NOP,0,0,5838255,5838511,5838271,0,0,0,0,cpp,2.6146143290300536e-11,0.0,0,0,0
0x5915ad,JNZ,4,3,-60,2,0x5915aa,TEST,1,NonLeaf,rbx(MOV) rbx(MOV) ,rflags ,TEST,3,MOV,2,MOV,4,MOV,2,MOV,11,MOV,7,TEST,3,JZ,6,MOV,6,SUB,7,0,0,0,1,1,JLE,0,0,0,1,0,0,JE,1,0,5838244,5838193,5838255,0,0,1,0,cpp,1.0458457316120216e-10,0.75,1,1,1
0x591580,JLE,4,4,328,6,0x59157e,TEST,1,NonLeaf,edx(MOV) edx(MOV) ,rflags ,TEST,2,MOV,7,MOV,6,JZ,2,TEST,3,MOV,7,MOV,4,CMP,4,JNBE,2,MOV,11,1,1,0,0,0,JA,0,0,1,0,0,0,JA,0,0,5838193,5838536,5838214,0,0,0,0,cpp,1.0458457316120216e-10,1.0,1,0,1
0x591561,JZ,1,1,67,2,0x591554,CMP,1,NonLeaf,ebp(-1) edx(-1) ,rflags ,MOV,11,CMP,2,JZ,6,MOV,6,CMP,3,MOV,7,MOV,2,TEST,3,JZ,2,MOV,6,0,0,0,0,0,JNE,0,0,1,0,0,0,JE,0,0,5838164,5838244,5838179,0,0,0,0,cpp,2.6146143290300536e-11,1.0,1,0,1
0x59154e,JZ,1,0,402,6,0x591545,CMP,1,NonLeaf,eax(-1) ,rflags ,MOV,6,CMP,3,CALL_NEAR,4,MOV,3,MOV,5,CMP,2,MOV,11,JZ,2,MOV,7,MOV,2,0,1,0,0,0,JMP,0,0,1,1,0,0,JE,0,0,5838149,5838560,5838164,0,0,0,1,cpp,2.6146143290300536e-11,0.0,0,0,0
0x591533,JBE,1,0,622,6,0x591530,CMP,1,NonLeaf,r13(-1) rax(SUB) ,rflags ,CMP,3,SUB,6,MOV,3,MOV,7,NOP,10,MOV,5,MOV,3,CALL_NEAR,4,CMP,3,MOV,6,0,1,0,0,0,CALL,0,1,1,1,0,0,CALL,0,1,5838112,5838753,5838137,0,0,1,1,cpp,2.6146143290300536e-11,0.0,0,0,0
0x591501,JZ,1,0,430,6,0x5914fe,TEST,1,NonLeaf,rbx(MOV) rbx(MOV) ,rflags ,TEST,3,MOV,6,MOV,7,SUB,4,PUSH,1,MOV,6,SUB,7,JMP,2,NOP,10,MOV,7,0,1,1,0,0,RET,0,0,1,0,0,0,JMP,0,0,5838048,5838511,5838087,0,0,0,0,cpp,2.6146143290300536e-11,0.0,0,0,0
0x591184,JZ,8,8,63,2,0x591180,SUB,1,NonLeaf,rsi(SUB) rbx(-1) ,rsi rflags ,SUB,4,MOV,4,JNZ,6,TEST,2,SETNZ,3,MOV,7,MOV,5,SUB,6,MOV,3,SUB,7,0,1,0,0,0,RET,0,0,1,0,0,0,JBE,0,0,5837180,5837251,5837190,1,0,1,0,cpp,2.091691463224043e-10,1.0,1,1,1
0x591176,JNZ,1,0,135,6,0x591174,TEST,1,NonLeaf,al(-1) al(-1) ,rflags ,TEST,2,SETNZ,3,TEST,2,CALL_NEAR,5,SAR,4,MOV,4,SUB,4,JZ,2,MOV,7,MOV,5,0,0,0,0,0,RET,0,0,0,0,0,0,JE,0,0,5837172,5837309,5837180,0,0,0,0,cpp,2.6146143290300536e-11,0.0,0,1,0
0x59114e,JLE,1,1,146,6,0x59114c,TEST,1,NonLeaf,eax(MOV) eax(MOV) ,rflags ,TEST,2,MOV,6,JBE,2,CMP,3,MOV,4,MOV,7,MOV,4,MOV,4,SUB,3,SAR,4,0,1,0,0,0,CALL,0,1,1,0,0,0,CALL,0,1,5837126,5837280,5837140,0,0,1,1,cpp,2.6146143290300536e-11,1.0,1,0,1
0x591144,JBE,8,7,56,2,0x591141,CMP,1,NonLeaf,rdx(MOV) rsi(MOV) ,rflags ,CMP,3,MOV,4,MOV,4,SUB,4,MOV,3,MOV,6,TEST,2,JLE,6,MOV,7,MOV,4,0,1,0,0,0,JE,0,0,1,0,0,0,JLE,0,0,5837104,5837180,5837126,0,0,0,0,cpp,2.091691463224043e-10,0.875,1,0,1
0x591074,JNZ,13,0,-72,2,0x591072,TEST,1,NonLeaf,al(-1) al(-1) ,rflags ,TEST,2,SETZ,3,CMP,3,CALL_NEAR,5,SAR,4,MOV,4,JMP,5,NOP,1,MOV,3,SUB,3,0,0,0,0,0,JMP,0,0,1,0,0,0,JMP,0,0,5836914,5836844,5836918,0,0,0,0,cpp,3.39899862773907e-10,0.0,0,0,0
0x591048,JLE,13,13,152,6,0x591046,TEST,1,NonLeaf,eax(MOV) eax(MOV) ,rflags ,TEST,2,MOV,6,NOP,10,JMP,5,MOV,5,MOV,7,MOV,3,MOV,4,MOV,4,SUB,3,0,1,0,0,0,CALL,0,1,1,0,0,0,CALL,0,1,5836864,5837024,5836878,0,0,1,1,cpp,3.39899862773907e-10,1.0,1,0,1
0x590ffe,JZ,2,2,-160,6,0x590ff8,AND,1,NonLeaf,edi(AND) ,edi rflags ,AND,6,JNLE,6,MOV,2,TEST,2,MOV,3,MOV,4,JMP,5,NOP,3,MOV,4,MOV,4,0,0,1,0,0,JE,0,0,1,0,0,0,JMP,0,0,5836792,5836638,5836804,0,0,0,1,cpp,5.2292286580601066e-11,1.0,1,1,1
0x590ff2,JNLE,2,0,-148,6,0x590fee,TEST,1,NonLeaf,ecx(MOV) ecx(MOV) ,rflags ,MOV,2,TEST,2,MOV,3,MOV,4,MOV,4,AND,6,JZ,6,MOV,4,JMP,5,NOP,3,0,0,1,0,0,JE,0,0,1,0,0,0,JE,0,0,5836748,5836638,5836792,0,0,0,0,cpp,5.2292286580601066e-11,0.0,0,0,0
0x590fc2,JZ,2,0,206,6,0x590fbf,CMP,1,NonLeaf,rax(MOV) rsi(-1) ,rflags ,CMP,3,MOV,4,JNZ,6,TEST,6,MOV,4,MOV,4,MOV,6,MOV,4,MOV,2,OR,3,0,1,0,0,0,JMP,0,0,1,0,0,0,MOV,0,0,5836731,5836944,5836744,0,0,1,0,cpp,5.2292286580601066e-11,0.0,0,0,0
0x590fb5,JNZ,2,0,321,6,0x590faf,TEST,1,NonLeaf,edi(-1) ,rflags ,TEST,6,MOV,4,JZ,6,CMP,5,NOP,3,MOV,4,CMP,3,JZ,6,MOV,4,MOV,6,0,1,0,0,0,CALL,0,1,1,1,0,0,JE,0,0,5836719,5837046,5836731,0,0,1,0,cpp,5.2292286580601066e-11,0.0,0,0,0
0x590f89,JZ,13,13,11,2,0x590f86,TEST,1,NonLeaf,ah(-1) ,rflags ,TEST,3,JNZ,6,TEST,2,MOV,2,MOV,3,CMP,3,JZ,6,MOVZX,4,POP,1,POP,1,0,0,0,0,0,MOVZX,0,0,1,0,0,0,JE,0,0,5836678,5836692,5836683,0,0,0,0,cpp,3.39899862773907e-10,1.0,1,0,1
0x590f80,JNZ,13,0,144,6,0x590f7e,TEST,1,NonLeaf,al(MOV) ,rflags ,TEST,2,MOV,2,MOV,3,MOV,4,LEA,4,TEST,3,JZ,2,CMP,3,JZ,6,MOVZX,4,0,1,0,0,0,CALL,0,1,1,0,0,0,JE,0,0,5836657,5836816,5836678,0,0,1,0,cpp,3.39899862773907e-10,0.0,0,0,0
0x590f6b,JZ,13,13,213,6,0x590f67,CMP,1,NonLeaf,rbx(-1) rdx(-1) ,rflags ,CMP,4,JZ,6,CMP,3,MOV,4,JZ,6,LEA,4,MOV,4,MOV,3,MOV,2,TEST,2,0,1,0,0,0,JLE,0,0,1,0,0,0,JNE,0,0,5836647,5836864,5836657,0,0,0,1,cpp,3.39899862773907e-10,1.0,1,0,1
0x590f54,JZ,22,0,364,6,0x590f51,TEST,1,NonLeaf,rsi(MOV) rsi(MOV) ,rflags ,TEST,3,MOV,4,JZ,2,MOV,2,TEST,6,MOV,4,CMP,3,JZ,6,CMP,4,JZ,6,0,0,0,0,0,CALL,0,1,1,0,0,0,MOV,0,0,5836621,5836992,5836634,0,0,1,0,cpp,5.752151523866117e-10,0.0,0,0,0
0x590f3d,JNZ,24,0,355,6,0x590f39,TEST,1,NonLeaf,dil(MOV) ,rflags ,TEST,4,MOV,2,MOV,3,PUSH,1,PUSH,1,TEST,6,MOV,2,JZ,2,MOV,4,TEST,3,0,1,0,0,0,JMP,0,0,1,0,0,0,JE,0,0,5836592,5836960,5836611,1,0,1,0,cpp,6.275074389672128e-10,0.0,0,0,0
0x590e9d,JZ,1,1,86,2,0x590e99,CMP,1,NonLeaf,rdi(-1) ,rflags ,CMP,4,SUB,4,MOV,3,PUSH,1,PUSH,1,MOV,6,TEST,2,JLE,2,MOV,7,MOV,4,0,1,1,0,0,JMP,0,0,1,0,0,0,JLE,0,0,5836432,5836531,5836447,0,0,0,0,cpp,2.6146143290300536e-11,1.0,1,0,1
0x590ab2,JZ,2,2,-280,6,0x590aaf,TEST,1,NonLeaf,r13(MOV) r13(MOV) ,rflags ,TEST,3,MOV,3,MOV,3,CALL_NEAR,5,MOV,5,LEA,4,MOV,5,MOV,3,MOV,3,CALL_NEAR,5,0,0,0,0,0,RET,1,0,1,0,0,0,CALL,0,1,5835433,5835162,5835448,0,0,0,1,cpp,5.2292286580601066e-11,1.0,1,0,1
0x590a50,JNZ,2,2,67,2,0x590a45,CMP,1,NonLeaf,r13d(AND) ,rflags ,MOV,4,CMP,7,AND,7,OR,3,AND,6,MOV,8,MOV,5,SUB,6,MOV,3,SUB,7,0,1,0,0,0,CALL,0,1,1,0,0,0,JBE,0,0,5835308,5835411,5835346,0,0,1,0,cpp,5.2292286580601066e-11,1.0,1,0,1
0x590a26,JS,2,0,1027,6,0x590a23,TEST,1,NonLeaf,r14d(MOV) r14d(MOV) ,rflags ,TEST,3,MOV,3,CALL_NEAR,5,JNZ,6,MOV,5,MOV,4,MOV,5,AND,6,OR,3,AND,7,0,1,0,0,0,JMP,1,0,1,0,0,0,JNE,0,0,5835299,5836329,5835308,0,0,0,1,cpp,5.2292286580601066e-11,0.0,0,0,0
0x590a15,JNZ,2,0,1113,6,0x590a08,AND,1,NonLeaf,edx(MOV) ,edx rflags ,MOV,5,MOV,5,AND,3,OR,3,JNZ,2,CALL_NEAR,5,MOV,3,TEST,3,JS,6,MOV,4,0,1,0,0,0,CALL,0,1,1,0,0,0,CALL,0,1,5835269,5836398,5835291,0,0,1,1,cpp,5.2292286580601066e-11,0.0,0,0,0
0x5909f8,JZ,2,2,13,2,0x5909f6,TEST,1,NonLeaf,cl(-1) cl(-1) ,rflags ,TEST,2,JZ,6,NOP,1,CMP,3,JZ,6,NOP,6,CMP,3,JNZ,2,OR,3,AND,3,0,0,1,0,0,JNE,1,0,1,0,0,0,NOP,0,0,5835254,5835269,5835258,0,0,0,0,cpp,5.2292286580601066e-11,1.0,1,0,1
0x5909f0,JZ,2,0,912,6,0x5909ec,CMP,1,NonLeaf,cl(-1) ,rflags ,NOP,1,CMP,3,JZ,6,CMP,3,JNLE,6,TEST,2,JZ,2,NOP,6,CMP,3,JNZ,2,0,1,0,0,0,JMP,0,0,1,0,0,0,JE,0,0,5835244,5836160,5835254,0,0,0,0,cpp,5.2292286580601066e-11,0.0,0,0,0
0x5909e6,JZ,2,0,938,6,0x5909e3,CMP,1,NonLeaf,cl(-1) ,rflags ,CMP,3,JNLE,6,JZ,6,CMP,3,MOVZX,3,CMP,3,NOP,1,JZ,6,TEST,2,JZ,2,0,1,0,0,0,JMP,0,0,1,0,0,0,JE,0,0,5835235,5836176,5835244,0,0,0,0,cpp,5.2292286580601066e-11,0.0,0,0,0
0x5909dd,JNLE,2,0,867,6,0x5909d4,CMP,0,NonLeaf,cl(-1) ,rflags ,JZ,6,CMP,3,MOVZX,3,ADD,4,MOV,3,CMP,3,JZ,6,CMP,3,NOP,1,JZ,6,0,1,0,0,0,JE,0,0,1,0,0,0,JE,0,0,5835229,5836096,5835235,0,0,0,0,cpp,5.2292286580601066e-11,0.0,0,0,0
0x5909d7,JZ,2,0,921,6,0x5909d4,CMP,1,NonLeaf,cl(MOVZX) ,rflags ,CMP,3,MOVZX,3,ADD,4,MOV,3,LEA,4,JNLE,6,CMP,3,JZ,6,CMP,3,NOP,1,1,1,0,0,0,JMP,0,0,1,0,0,0,JG,0,0,5835213,5836144,5835229,0,0,1,0,cpp,5.2292286580601066e-11,0.0,0,0,0
0x590981,JZ,1,1,47,2,0x59097e,CMP,1,NonLeaf,dl(-1) ,rflags ,CMP,3,JZ,6,CMP,3,MOV,3,MOVZX,3,CMP,3,JZ,6,MOV,7,MOV,7,LEA,4,0,1,0,0,0,MOV,0,0,1,0,0,0,JE,0,0,5835134,5835184,5835139,0,0,0,0,cpp,2.6146143290300536e-11,1.0,1,0,1
0x590978,JZ,2,1,1160,6,0x590975,CMP,1,NonLeaf,dl(MOVZX) ,rflags ,CMP,3,MOV,3,MOVZX,3,MOV,3,JNZ,2,CMP,3,JZ,2,CMP,3,JZ,6,MOV,7,0,1,0,0,0,JMP,0,0,1,0,0,0,JE,0,0,5835116,5836288,5835134,0,0,0,0,cpp,5.2292286580601066e-11,0.5,0,0,0
0x5908df,JBE,1,0,97,2,0x5908dc,CMP,1,NonLeaf,rax(SUB) rdx(SUB) ,rflags ,CMP,3,SUB,7,MOV,3,SUB,6,MOV,5,MOV,3,CALL_NEAR,6,MOV,2,JMP,5,NOP,7,0,1,0,0,0,CALL,0,1,1,1,0,0,CALL,0,1,5834944,5835072,5834977,0,0,1,1,cpp,2.6146143290300536e-11,0.0,0,0,0
0x5907f6,JLE,1,1,92,2,0x5907f4,TEST,1,NonLeaf,eax(MOV) eax(MOV) ,rflags ,TEST,2,MOV,6,JZ,6,TEST,4,CALL_NEAR,5,MOV,7,CMP,5,JZ,2,MOV,3,CALL_NEAR,5,0,1,1,0,0,CALL,0,1,1,0,0,0,JE,0,0,5834734,5834834,5834744,0,0,1,0,cpp,2.6146143290300536e-11,1.0,1,0,1
0x5907e8,JZ,1,1,216,6,0x5907e4,TEST,1,NonLeaf,rbx(-1) ,rflags ,TEST,4,CALL_NEAR,5,XOR,2,MOV,3,JZ,6,MOV,6,TEST,2,JLE,2,MOV,7,CMP,5,0,1,0,0,0,JBE,0,0,1,1,0,0,JLE,0,0,5834724,5834944,5834734,0,0,0,0,cpp,2.6146143290300536e-11,1.0,1,0,1
0x590746,JNZ,23,0,-65,2,0x590740,TEST,1,NonLeaf,rbx(-1) ,rflags ,TEST,6,NOP,5,JMP,5,SUB,6,MOV,11,JMP,2,NOP,6,LEA,3,MOV,3,MOV,3,0,0,1,0,0,RET,0,0,1,0,0,0,JMP,0,0,5834560,5834501,5834568,1,0,1,0,cpp,6.013612956769124e-10,0.0,0,0,0
0x5906ff,JLE,23,23,65,2,0x5906e9,TEST,1,NonLeaf,eax(MOV) eax(MOV) ,rflags ,MOV,4,MOV,4,MOV,4,MOV,4,MOV,4,MOV,4,MOV,4,XOR,2,CMP,3,POP,1,0,1,0,0,0,JNE,0,0,1,0,0,0,MOV,0,0,5834463,5834560,5834497,0,0,0,0,cpp,6.013612956769124e-10,1.0,1,0,1
0x5906d8,JZ,23,23,7,2,0x5906d5,TEST,1,NonLeaf,ax(MOVZX) ax(MOVZX) ,rflags ,TEST,3,MOVZX,7,MOV,3,CALL_NEAR,4,MOV,3,TEST,3,JNZ,2,MOV,6,MOV,4,TEST,2,0,1,1,0,0,JLE,0,0,1,0,0,0,JNE,0,0,5834443,5834463,5834458,0,0,1,0,cpp,6.013612956769124e-10,1.0,1,0,1
0x5906b8,JNB,23,0,200,6,0x5906b5,CMP,1,NonLeaf,rdx(SUB) rax(-1) ,rflags ,CMP,3,SUB,7,MOV,3,MOV,7,MOV,3,MOV,3,MOV,3,MOV,3,CALL_NEAR,4,MOV,3,0,1,0,0,0,CALL,0,1,1,1,0,0,CALL,0,1,5834404,5834624,5834430,0,0,1,1,cpp,6.013612956769124e-10,0.0,0,0,0
0x59064d,JZ,23,23,291,6,0x59064a,CMP,1,NonLeaf,rax(MOV) rsi(MOV) ,rflags ,CMP,3,MOV,4,MOV,4,JNZ,6,MOV,3,MOV,7,MOV,6,SUB,7,MOV,3,SUB,7,0,1,0,0,0,JMP,0,0,1,0,0,0,JBE,0,0,5834306,5834608,5834323,0,0,0,0,cpp,6.013612956769124e-10,1.0,1,0,1
0x59063c,JNZ,23,0,228,6,0x590630,TEST,1,NonLeaf,rdi(-1) ,rflags ,MOV,3,MOV,3,TEST,6,NOP,5,RET_NEAR,1,MOV,4,MOV,4,CMP,3,JZ,6,MOV,7,0,1,0,0,0,JMP,0,0,1,0,0,0,JE,0,0,5834288,5834528,5834306,0,0,1,0,cpp,6.013612956769124e-10,0.0,0,0,0
0x590620,JNZ,25,23,16,2,0x590614,TEST,1,NonLeaf,rdx(-1) rdx(-1) ,rflags ,PUSH,1,MOV,3,PUSH,1,PUSH,2,PUSH,2,POP,1,POP,1,POP,2,POP,2,POP,2,0,1,0,0,0,JNE,0,0,1,0,0,0,RET,0,0,5834256,5834288,5834274,0,0,0,0,cpp,6.536535822575133e-10,0.92,1,1,1
0x58fd90,JZ,10,0,24,2,0x58fd8d,TEST,1,NonLeaf,r12(-1) r12(-1) ,rflags ,TEST,3,JNZ,6,SUB,3,MOV,3,DIV,3,LEA,5,MOV,3,MOV,3,CALL_NEAR,5,SUB,3,0,0,1,0,0,SUB,0,0,1,0,0,0,CALL,0,1,5832077,5832104,5832082,0,0,0,1,cpp,2.6146143290300536e-10,0.0,0,0,0
0x58fd87,JNZ,10,0,153,6,0x58fd84,SUB,1,NonLeaf,r15(SUB) rdx(DIV) ,r15 rflags ,SUB,3,MOV,3,DIV,3,XOR,2,MOV,3,TEST,3,JZ,2,LEA,5,MOV,3,MOV,3,0,1,0,0,0,JNE,0,0,1,0,0,0,JE,0,0,5832065,5832224,5832077,0,0,0,0,cpp,2.6146143290300536e-10,0.0,0,1,0
0x58fd77,JBE,10,0,10,2,0x58fd73,CMP,1,NonLeaf,rcx(SUB) ,rflags ,CMP,4,XOR,2,SUB,4,MOV,4,JZ,6,MOV,3,XOR,2,DIV,3,MOV,3,SUB,3,0,1,1,0,0,JNE,0,0,1,0,0,0,DIV,0,0,5832041,5832065,5832057,0,0,0,0,cpp,2.6146143290300536e-10,0.0,0,0,0
0x58fd63,JZ,10,0,413,6,0x58fd60,CMP,1,NonLeaf,eax(-1) ,rflags ,CMP,3,CALL_NEAR,4,MOV,3,MOV,5,JBE,6,MOV,4,SUB,4,XOR,2,CMP,4,JBE,2,0,1,0,0,0,JMP,0,0,1,0,0,0,JBE,0,0,5832032,5832448,5832041,0,0,0,0,cpp,2.6146143290300536e-10,0.0,0,0,0
0x58fd4e,JBE,10,0,548,6,0x58fd4b,CMP,1,NonLeaf,r14(SUB) rax(SUB) ,rflags ,CMP,3,SUB,6,MOV,3,SUB,7,MOV,6,MOV,5,MOV,3,CALL_NEAR,4,CMP,3,JZ,6,0,1,0,0,0,CALL,0,1,1,1,0,0,CALL,0,1,5831982,5832562,5832020,0,0,1,1,cpp,2.6146143290300536e-10,0.0,0,0,0
0x58fd2c,JZ,21070,21060,124,2,0x58fd29,TEST,1,NonLeaf,rax(LEA) rax(LEA) ,rflags ,TEST,3,LEA,4,MOV,3,SUB,3,ADD,3,MOV,7,MOV,6,SUB,7,MOV,3,SUB,6,0,1,0,0,0,SUB,0,0,1,0,0,0,JBE,0,0,5831973,5832104,5831982,0,0,0,0,cpp,5.508992391266324e-07,0.9995253915519696,1,0,1
0x58fcef,JBE,21070,8,209,6,0x58fcec,CMP,1,NonLeaf,rdx(MOV) rdi(MOV) ,rflags ,CMP,3,MOV,4,MOV,4,JZ,6,CMP,5,SUB,3,XOR,3,TEST,3,MOV,3,JZ,2,0,1,0,0,0,JMP,0,0,1,0,0,0,XOR,0,0,5831908,5832128,5831925,0,1,0,0,cpp,5.508992391266324e-07,0.0003796867584242,0,0,0
0x58fcde,JZ,21070,0,242,6,0x58fcd9,CMP,1,NonLeaf,eax(AND) ,rflags ,CMP,5,AND,5,MOV,3,MOV,3,MOV,2,MOV,4,MOV,4,CMP,3,JBE,6,SUB,3,0,1,0,0,0,JA,0,0,1,0,0,0,JBE,0,0,5831884,5832144,5831908,0,0,0,0,cpp,5.508992391266324e-07,0.0,0,0,0
0x58fcc6,JZ,25360,4290,232,6,0x58fcc3,TEST,1,NonLeaf,rdx(-1) rdx(-1) ,rflags ,TEST,3,SUB,4,PUSH,1,MOV,3,PUSH,1,MOV,2,MOV,3,MOV,3,AND,5,CMP,5,0,1,1,0,0,RET,0,0,1,0,0,0,JE,0,0,5831856,5832110,5831884,0,0,0,0,cpp,6.630661938420216e-07,0.1691640378548896,0,0,0
0x58fc94,JNZ,988,0,10,2,0x58fc90,TEST,1,NonLeaf,rdi(-1) ,rflags ,TEST,4,INVALID,0,INVALID,0,INVALID,0,INVALID,0,MOV,3,JMP,5,PUSH,1,MOV,3,CALL_NEAR,5,0,1,0,0,0,CALL,0,1,1,0,0,0,JMP,0,0,5831824,5831838,5831830,1,1,1,0,cpp,2.5832389570816933e-08,0.0,0,0,0
0x58f64e,JS,23,23,13,2,0x58f64b,TEST,1,NonLeaf,rdx(MOV) rdx(MOV) ,rflags ,TEST,3,MOV,8,SUB,3,MOV,3,OR,5,ADD,3,MOV,8,ADD,4,POP,1,POP,1,0,1,1,0,0,RET,0,0,1,0,0,0,MOV,0,0,5830211,5830235,5830224,0,1,0,1,cpp,6.013612956769124e-10,1.0,1,0,1
0x58f636,JNS,23,23,-38,2,0x58f633,TEST,1,NonLeaf,rax(-1) rax(-1) ,rflags ,TEST,3,CALL_NEAR,5,JNZ,2,MOV,3,MOV,3,OR,5,MOV,3,SUB,3,MOV,8,TEST,3,0,1,0,0,0,JLE,0,0,1,0,0,0,SUB,1,0,5830195,5830160,5830200,0,0,0,1,cpp,6.013612956769124e-10,1.0,1,0,1
0x58f62c,JNZ,23,0,80,2,0x58f61b,TEST,1,NonLeaf,r12(-1) ,rflags ,MOV,3,MOV,3,MOV,5,TEST,6,JLE,2,CALL_NEAR,5,TEST,3,JNS,2,OR,5,MOV,3,1,1,0,0,0,CALL,0,1,1,0,0,0,CALL,0,1,5830171,5830268,5830190,0,0,1,1,cpp,6.013612956769124e-10,0.0,0,0,0
0x58f619,JLE,23,23,87,2,0x58f616,TEST,1,NonLeaf,rbx(SUB) rbx(SUB) ,rflags ,TEST,3,ADD,3,SUB,3,NOP,3,JMP,2,TEST,6,MOV,5,MOV,3,MOV,3,JNZ,2,0,1,0,0,0,JMP,1,0,0,0,1,1,JNE,0,0,5830160,5830256,5830171,0,0,0,0,cpp,6.013612956769124e-10,1.0,1,0,1
0x58f603,JLE,23,0,117,2,0x58f600,TEST,1,NonLeaf,rdx(-1) rdx(-1) ,rflags ,TEST,3,SUB,4,PUSH,1,PUSH,1,MOV,3,MOV,3,MOV,3,JMP,2,NOP,3,SUB,3,0,1,0,0,0,JMP,0,0,1,0,0,0,JMP,0,0,5830128,5830264,5830149,0,0,0,0,cpp,6.013612956769124e-10,0.0,0,0,0
0x58eca7,JZ,1,1,13,2,0x58eca4,TEST,1,NonLeaf,rdi(MOV) rdi(MOV) ,rflags ,TEST,3,MOV,4,NOP,5,JMP,5,MOV,6,CALL_NEAR,5,AND,6,MOV,3,CALL_NEAR,5,MOV,2,0,1,1,0,0,CALL,0,1,1,0,0,0,CALL,0,1,5827744,5827764,5827753,0,0,1,1,cpp,2.6146143290300536e-11,1.0,1,0,1
0x58ec5d,JZ,988,988,12,2,0x58ec59,CMP,1,NonLeaf,rdx(MOV) ,rflags ,CMP,4,ADD,4,MOV,7,JLE,6,CMP,4,ADD,3,MOV,7,MOV,4,MOVZX,3,ADD,4,0,1,1,0,0,MOVZX,0,0,1,0,0,0,MOV,0,0,5827662,5827689,5827679,0,0,0,1,cpp,2.5832389570816933e-08,1.0,1,0,1
0x58ec48,JLE,988,0,176,6,0x58ec44,CMP,1,NonLeaf,rax(-1) ,rflags ,CMP,4,CALL_NEAR,3,SUB,3,MOV,3,MOV,4,MOV,7,ADD,4,CMP,4,JZ,2,ADD,3,0,1,0,0,0,JNE,0,0,1,0,0,0,JE,0,0,5827652,5827832,5827662,0,0,0,1,cpp,2.5832389570816933e-08,0.0,0,0,0
0x58ec31,JNB,988,0,332,6,0x58ec26,CMP,1,NonLeaf,rax(SUB) r13(-1) ,rflags ,MOV,4,MOV,4,CMP,3,MOV,4,MOV,4,MOV,4,MOV,3,SUB,3,CALL_NEAR,3,CMP,4,0,1,0,0,0,CALL,0,1,1,1,0,0,CALL,0,1,5827586,5827965,5827639,0,0,1,1,cpp,2.5832389570816933e-08,0.0,0,0,0
0x58eb35,JZ,988,988,347,6,0x58eb30,TEST,1,NonLeaf,eax(-1) ,rflags ,TEST,5,JZ,6,CMP,5,JB,6,CMP,4,MOV,7,MOV,3,MOV,3,MOV,2,AND,5,0,1,0,0,0,JMP,0,0,1,0,0,0,JNE,0,0,5827376,5827728,5827387,0,0,0,0,cpp,2.5832389570816933e-08,1.0,1,0,1
0x58eb2a,JZ,988,1,374,6,0x58eb25,CMP,1,NonLeaf,rdi(-1) ,rflags ,CMP,5,JB,6,CMP,4,MOV,4,JNZ,6,TEST,5,JZ,6,MOV,7,MOV,3,MOV,3,0,1,0,0,0,JE,0,0,1,1,0,0,JE,0,0,5827365,5827744,5827376,1,0,0,0,cpp,2.5832389570816933e-08,0.0010121457489878,0,0,0
0x58eb1f,JB,988,0,353,6,0x58eb1b,CMP,1,NonLeaf,rdx(MOV) rdi(-1) ,rflags ,CMP,4,MOV,4,JNZ,6,TEST,2,MOV,2,CMP,5,JZ,6,TEST,5,JZ,6,MOV,7,0,1,0,0,0,RET,0,0,1,0,0,0,JE,0,0,5827351,5827712,5827365,0,0,0,0,cpp,2.5832389570816933e-08,0.0,0,0,0
0x58eb11,JNZ,988,0,591,6,0x58eb0f,TEST,1,NonLeaf,al(MOV) ,rflags ,TEST,2,MOV,2,SUB,4,MOV,3,PUSH,1,MOV,4,CMP,4,JB,6,CMP,5,JZ,6,0,1,0,0,0,JMP,0,0,1,0,0,0,JB,0,0,5827328,5827936,5827351,1,0,1,0,cpp,2.5832389570816933e-08,0.0,0,0,0
0x5c726a,JNZ,128,0,26,2,0x5c7264,CMP,1,NonLeaf,r12(-1) ,rflags ,CMP,6,XOR,9,ROR,4,JZ,2,MOV,4,TEST,3,JZ,2,MOV,3,CALL_NEAR,5,MOVZX,3,0,1,0,0,0,JE,0,0,1,0,0,0,JE,0,0,6058596,6058628,6058604,0,0,1,0,cpp,3.3467063411584687e-09,0.0,0,0,0
0x589c03,JZ,1,1,-182,6,0x589c00,CMP,1,NonLeaf,eax(-1) ,rflags ,CMP,3,RET_NEAR,1,POP,2,POP,2,POP,1,MOV,5,JMP,2,MOV,3,JMP,5,CALL_NEAR,5,0,0,0,0,0,JBE,0,0,0,0,0,0,JMP,0,0,5807104,5806925,5807113,0,0,0,0,cpp,2.6146143290300536e-11,1.0,1,1,1
0x589bed,JNZ,1,0,174,6,0x589beb,DEC,1,NonLeaf,rdx(-1) ,rflags ,DEC,2,JMP,2,JNZ,6,DEC_LOCK,3,JZ,2,ADD,4,MOV,2,POP,1,POP,1,POP,2,0,-1,-1,-1,-1,CALL,-1,1,0,1,0,0,RET,0,0,5807083,5807259,5807091,0,0,1,0,cpp,2.6146143290300536e-11,0.0,0,0,0
0x589bde,JZ,1,1,13,2,0x589bd7,CMP,1,NonLeaf,rip(JZ) ,rflags ,CMP,7,MOV,8,JNZ,2,SUB,4,MOV,7,DEC_LOCK,3,JNZ,6,JMP,2,DEC,2,JNZ,6,0,1,0,0,0,JNE,0,0,1,0,0,0,JNE,0,0,5807055,5807083,5807072,0,0,1,0,cpp,2.6146143290300536e-11,1.0,1,0,1
0x589bcd,JNZ,1,0,38,2,0x589bc9,SUB,1,NonLeaf,rdx(MOV) ,rflags ,SUB,4,MOV,7,JNZ,2,TEST,6,CMOVNBE,4,MOV,8,CMP,7,JZ,2,DEC_LOCK,3,JNZ,6,0,0,1,0,0,RET,0,0,1,0,0,0,JE,0,0,5807042,5807091,5807055,0,0,0,1,cpp,2.6146143290300536e-11,0.0,0,0,0
0x589bc0,JNZ,1,0,51,2,0x589bba,TEST,1,NonLeaf,rbx(-1) ,rflags ,TEST,6,CMOVNBE,4,CMP,7,MOV,5,ADD,4,MOV,7,SUB,4,JNZ,2,MOV,8,CMP,7,0,1,1,0,0,RET,0,0,1,0,0,0,JNE,0,0,5807034,5807091,5807042,0,0,0,1,cpp,2.6146143290300536e-11,0.0,0,0,0
0x589b95,JNB,1,0,148,6,0x589b91,CMP,1,NonLeaf,rax(MOV) rdi(MOV) ,rflags ,CMP,4,MOV,4,MOV,7,JNZ,6,CMP,3,LEA,4,MOV,4,MOV,3,ADD,4,MOV,5,0,1,0,0,0,CALL,0,1,1,0,0,0,MOV,0,0,5806982,5807145,5807003,0,0,1,1,cpp,2.6146143290300536e-11,0.0,0,0,0
0x589b80,JNZ,1,0,137,6,0x589b7d,CMP,1,NonLeaf,rbp(-1) rax(-1) ,rflags ,CMP,3,CALL_NEAR,4,MOV,3,MOV,3,JBE,6,MOV,7,MOV,4,CMP,4,JNB,6,LEA,4,0,0,0,0,0,JMP,0,0,1,0,0,0,JAE,0,0,5806973,5807113,5806982,0,0,0,0,cpp,2.6146143290300536e-11,0.0,0,0,0
0x589b6d,JBE,1,0,171,6,0x589b6a,CMP,1,NonLeaf,r8(SUB) rax(SUB) ,rflags ,CMP,3,SUB,6,MOV,3,SUB,7,MOV,6,MOV,3,MOV,3,CALL_NEAR,4,CMP,3,JNZ,6,0,1,0,0,0,CALL,0,1,1,1,0,0,CALL,0,1,5806925,5807128,5806963,0,0,1,1,cpp,2.6146143290300536e-11,0.0,0,0,0
0x589b3d,JNZ,1,1,195,6,0x589b3b,TEST,1,NonLeaf,eax(MOV) eax(MOV) ,rflags ,TEST,2,MOV,6,ADD,5,MOV,4,MOV,7,MOV,10,MOV,7,MOV,6,SUB,7,MOV,3,0,1,0,0,0,JE,0,0,1,0,0,0,MOV,0,0,5806901,5807104,5806915,0,0,0,1,cpp,2.6146143290300536e-11,1.0,1,0,1
0x589b11,JNZ,1,0,367,6,0x589b0d,CMPXCHG,1,NonLeaf,r8(-1) esi(-1) eax(CMPXCHG) ,eax rflags ,CMPXCHG,4,JMP,2,JNZ,6,CMPXCHG_LOCK,5,JZ,2,MOV,7,MOV,7,MOV,7,MOV,4,ADD,5,0,-1,-1,-1,-1,CALL,-1,1,0,1,0,0,MOV,0,0,5806861,5807232,5806871,0,0,1,1,cpp,2.6146143290300536e-11,0.0,0,0,0
0x589afe,JZ,1,1,15,2,0x589af7,CMP,1,NonLeaf,rip(JZ) ,rflags ,CMP,7,MOV,5,JZ,6,CMP,4,MOV,9,CMPXCHG_LOCK,5,JNZ,6,JMP,2,CMPXCHG,4,JNZ,6,0,1,0,0,0,JNE,0,0,1,0,0,0,JNE,0,0,5806834,5806861,5806848,0,0,1,0,cpp,2.6146143290300536e-11,1.0,1,0,1
0x589aec,JZ,1,0,292,6,0x589ae8,CMP,1,NonLeaf,rdx(MOV) r8(MOV) ,rflags ,CMP,4,MOV,9,MOV,7,JNZ,2,AND,5,MOV,5,CMP,7,JZ,2,CMPXCHG_LOCK,5,JNZ,6,0,1,0,0,0,JMP,0,0,1,0,0,0,JE,0,0,5806808,5807120,5806834,0,0,0,0,cpp,2.6146143290300536e-11,0.0,0,0,0
0x589ad6,JNZ,1,0,95,2,0x589ad1,AND,1,NonLeaf,eax(AND) ,eax rflags ,AND,5,MOV,3,MOV,2,MOV,3,MOV,7,MOV,7,MOV,9,CMP,4,JZ,6,MOV,5,0,1,1,0,0,JNE,0,0,1,0,0,0,JE,0,0,5806786,5806901,5806808,0,0,0,0,cpp,2.6146143290300536e-11,0.0,0,0,0
0x589a04,JS,92562,0,13,2,0x589a02,TEST,1,NonLeaf,eax(MOV) eax(MOV) ,rflags ,TEST,2,SUB,5,SUB,3,MOV,3,MOV,4,ADD,4,CMP,3,SBB,4,MOV,3,MOV,3,0,1,1,0,0,CALL,0,1,1,0,0,0,SBB,0,0,5806576,5806609,5806598,0,0,1,0,cpp,2.420139315236798e-06,0.0,0,0,0
0x5899bf,JZ,2,0,146,6,0x5899bd,CMP,1,NonLeaf,eax(-1) ebp(-1) ,rflags ,CMP,2,JZ,6,CMP,3,CALL_NEAR,5,MOV,3,SUB,4,MOV,2,ADD,4,TEST,3,JNZ,2,0,1,0,0,0,JLE,1,0,1,0,0,0,JNE,0,0,5806525,5806673,5806533,0,0,0,1,cpp,5.2292286580601066e-11,0.0,0,0,0
0x5899b7,JZ,2,0,137,6,0x5899b4,CMP,1,NonLeaf,eax(-1) ,rflags ,CMP,3,CALL_NEAR,5,MOV,3,JNLE,2,TEST,3,CMP,2,JZ,6,SUB,4,MOV,2,ADD,4,0,1,0,0,0,JE,1,0,1,0,0,0,JE,0,0,5806516,5806656,5806525,0,0,0,0,cpp,5.2292286580601066e-11,0.0,0,0,0
0x5899aa,JNLE,92565,92563,-74,2,0x5899a7,TEST,1,NonLeaf,r10(SUB) r10(SUB) ,rflags ,TEST,3,SUB,3,MOV,4,MOV,4,JZ,2,MOV,3,CALL_NEAR,5,CMP,3,JZ,6,CMP,2,1,1,0,0,0,CALL,0,1,1,0,0,0,CALL,0,1,5806492,5806432,5806508,1,0,1,1,cpp,2.420217753666669e-06,0.9999783935612812,1,0,1
0x58999a,JZ,1,0,62,2,0x589997,TEST,1,NonLeaf,r15(-1) r15(-1) ,rflags ,TEST,3,ADD,4,CALL_NEAR,5,ADD,3,SUB,3,MOV,4,MOV,4,SUB,3,TEST,3,JNLE,2,0,0,0,0,0,SUB,1,0,0,0,1,1,JG,0,0,5806483,5806552,5806492,0,0,0,0,cpp,2.6146143290300536e-11,0.0,0,0,0
0x58997d,JNZ,92563,92562,115,2,0x589977,TEST,1,NonLeaf,rax(-1) rax(-1) ,rflags ,MOV,3,TEST,3,CALL_NEAR,5,MOV,3,MOV,3,MOV,3,MOV,3,MOV,3,SUB,3,ADD,3,0,1,0,0,0,JS,1,0,1,0,0,0,CALL,0,1,5806455,5806576,5806463,1,0,0,1,cpp,2.4201654613800888e-06,0.9999891965472164,1,0,1
0x589953,JZ,92562,0,301,6,0x589950,TEST,1,NonLeaf,r15(-1) r15(-1) ,rflags ,TEST,3,JZ,6,TEST,2,MOV,7,MOV,7,MOV,5,JMP,2,CMP,3,MOV,2,MOV,3,0,1,0,0,0,JMP,0,0,1,0,0,0,JMP,0,0,5806416,5806720,5806425,0,0,0,0,cpp,2.420139315236798e-06,0.0,0,0,0
0x589938,JZ,92562,92562,9,2,0x589926,TEST,1,NonLeaf,r9(-1) r9(-1) ,rflags ,MOV,5,MOV,5,MOV,5,TEST,3,SUB,4,MOV,7,MOV,7,TEST,2,JZ,6,TEST,3,0,1,1,0,0,JE,0,0,1,0,0,0,MOV,0,0,5806352,5806401,5806394,0,0,0,1,cpp,2.420139315236798e-06,1.0,1,0,1
0x58986c,JNZ,780,0,108,2,0x589869,DEC,1,NonLeaf,r8(-1) ,rflags ,DEC,3,JMP,2,JNZ,2,DEC_LOCK,4,JZ,2,JMP,5,CALL_NEAR,5,JMP,2,TEST,6,MOV,3,0,-1,-1,-1,-1,CALL,-1,1,0,1,0,0,JMP,0,0,5806185,5806296,5806190,0,0,1,0,cpp,2.0393991766434415e-08,0.0,0,0,0
0x58985f,JZ,780,780,10,2,0x589858,CMP,1,NonLeaf,rip(JZ) ,rflags ,CMP,7,MOV,8,NOP,6,RET_NEAR,1,POP,2,DEC_LOCK,4,JNZ,2,JMP,2,DEC,3,JNZ,2,0,1,0,0,0,JNE,0,0,1,0,0,0,JNE,0,0,5806160,5806185,5806177,0,0,1,0,cpp,2.0393991766434415e-08,1.0,1,0,1
0x589801,JBE,780,0,114,2,0x5897fe,CMP,1,NonLeaf,rax(SUB) rdx(SUB) ,rflags ,CMP,3,SUB,7,MOV,3,SUB,6,MOV,5,MOV,3,MOV,3,MOV,3,CALL_NEAR,4,CMP,4,0,1,0,0,0,CALL,0,1,1,1,0,0,CALL,0,1,5806050,5806195,5806083,0,0,1,1,cpp,2.0393991766434415e-08,0.0,0,0,0
0x5897ab,JZ,780,780,141,6,0x5897a8,CMP,1,NonLeaf,rdx(-1) rbp(-1) ,rflags ,CMP,3,NOP,6,JZ,6,SUB,5,MOV,7,TEST,3,JNZ,6,ADD,4,MOV,3,XOR,2,0,1,0,0,0,RET,0,0,1,0,0,0,JNE,0,0,5805992,5806136,5806001,0,0,0,0,cpp,2.0393991766434415e-08,1.0,1,0,1
0x58979c,JZ,780,780,180,6,0x589797,SUB,1,NonLeaf,r8(MOV) ,rflags ,SUB,5,MOV,7,JNZ,2,TEST,6,XOR,2,NOP,6,CMP,3,JZ,6,TEST,3,JNZ,6,0,1,0,0,0,JE,0,0,1,0,0,0,NOP,0,0,5805968,5806160,5805986,0,0,1,0,cpp,2.0393991766434415e-08,1.0,1,0,1
0x58978e,JNZ,780,0,26,2,0x589788,TEST,1,NonLeaf,rbx(-1) ,rflags ,TEST,6,XOR,2,XOR,2,JZ,2,CMP,3,MOV,7,SUB,5,JZ,6,NOP,6,CMP,3,0,1,1,0,0,JE,0,0,1,0,0,0,JE,0,0,5805960,5805992,5805968,0,0,0,1,cpp,2.0393991766434415e-08,0.0,0,0,0
0x589782,JZ,779,779,96,2,0x58977f,CMP,1,NonLeaf,eax(-1) ,rflags ,CMP,3,JZ,2,TEST,2,MOV,6,ADD,5,XOR,2,XOR,2,TEST,6,JNZ,2,MOV,7,0,0,0,0,0,JBE,0,0,1,0,0,0,XOR,0,0,5805951,5806050,5805956,0,0,0,0,cpp,2.036784562314412e-08,1.0,1,0,1
0x589758,JNZ,780,0,357,6,0x589754,CMPXCHG,1,NonLeaf,r8(-1) esi(-1) eax(CMPXCHG) ,eax rflags ,CMPXCHG,4,JMP,2,JNZ,6,CMPXCHG_LOCK,5,JZ,2,MOV,7,MOV,7,MOV,4,ADD,5,MOV,6,0,-1,-1,-1,-1,CALL,-1,1,0,1,0,0,MOV,0,0,5805908,5806269,5805918,0,0,1,1,cpp,2.0393991766434415e-08,0.0,0,0,0
0x589745,JZ,780,780,15,2,0x58973e,CMP,1,NonLeaf,rip(JZ) ,rflags ,CMP,7,MOV,5,JZ,2,CMP,4,MOV,9,CMPXCHG_LOCK,5,JNZ,6,JMP,2,CMPXCHG,4,JNZ,6,0,1,0,0,0,JNE,0,0,1,0,0,0,JNE,0,0,5805881,5805908,5805895,0,0,1,0,cpp,2.0393991766434415e-08,1.0,1,0,1
0x589737,JZ,780,0,57,2,0x589733,CMP,1,NonLeaf,rdx(MOV) r8(MOV) ,rflags ,CMP,4,MOV,9,MOV,7,JNZ,2,AND,5,MOV,5,CMP,7,JZ,2,CMPXCHG_LOCK,5,JNZ,6,0,1,1,0,0,ADD,0,0,1,0,0,0,JE,0,0,5805859,5805936,5805881,0,0,1,0,cpp,2.0393991766434415e-08,0.0,0,0,0
0x589721,JNZ,780,0,84,2,0x58971c,AND,1,NonLeaf,eax(AND) ,eax rflags ,AND,5,MOV,3,MOV,3,MOV,2,JZ,6,MOV,7,MOV,9,CMP,4,JZ,2,MOV,5,0,1,1,0,0,JE,0,0,1,0,0,0,JE,0,0,5805844,5805941,5805859,0,0,0,0,cpp,2.0393991766434415e-08,0.0,0,0,0
0x58970e,JZ,780,0,274,6,0x58970b,TEST,1,NonLeaf,rbp(IMUL) rbp(IMUL) ,rflags ,TEST,3,SUB,4,PUSH,1,IMUL,4,MOV,3,MOV,2,MOV,3,MOV,3,AND,5,JNZ,2,0,1,0,0,0,RET,0,0,1,0,0,0,JNE,0,0,5805808,5806112,5805844,0,0,0,0,cpp,2.0393991766434415e-08,0.0,0,0,0
0x589346,JZ,2,2,50,2,0x589342,TEST,1,NonLeaf,rbx(-1) ,rflags ,TEST,4,JZ,2,TEST,3,CALL_NEAR,5,MOV,3,TEST,3,JZ,2,MOV,6,MOV,5,TEST,2,0,0,1,0,0,RET,0,0,1,0,0,0,JE,0,0,5804866,5804920,5804872,1,0,0,0,cpp,5.2292286580601066e-11,1.0,1,0,1
0x5892e7,JZ,2,0,153,6,0x5892e4,TEST,1,NonLeaf,rax(-1) rax(-1) ,rflags ,TEST,3,CALL_NEAR,5,PUSH,1,MOV,5,MOV,3,LEA,7,LEA,7,MOV,3,XOR,2,MOV,3,0,1,0,0,0,JMP,0,0,1,0,0,0,CALL,0,1,5804772,5804928,5804781,0,0,0,1,cpp,5.2292286580601066e-11,0.0,0,0,0
0x5890f3,JZ,92562,92562,15,2,0x5890f0,TEST,1,NonLeaf,dl(-1) ,rflags ,TEST,3,NOP,8,RET_NEAR,1,POP,2,POP,1,MOV,7,CMP,4,JNZ,2,MOV,5,MOV,2,0,1,0,0,0,JMP,0,0,1,0,0,0,JNE,0,0,5804272,5804290,5804277,0,0,1,0,cpp,2.420139315236798e-06,1.0,1,0,1
0x5890d6,JNZ,92562,0,161,6,0x5890d4,DEC,1,NonLeaf,rdx(-1) ,rflags ,DEC,2,JMP,2,JNZ,6,DEC_LOCK,3,JZ,2,NOP,4,POP,1,MOV,3,POP,1,POP,2,0,-1,-1,-1,-1,CALL,-1,1,0,1,0,0,NOP,0,0,5804244,5804407,5804252,0,0,1,0,cpp,2.420139315236798e-06,0.0,0,0,0
0x5890c7,JZ,92562,92562,13,2,0x5890c0,CMP,1,NonLeaf,rip(JZ) ,rflags ,CMP,7,MOV,8,JNZ,2,SUB,4,MOV,7,DEC_LOCK,3,JNZ,6,JMP,2,DEC,2,JNZ,6,0,1,0,0,0,JNE,0,0,1,0,0,0,JNE,0,0,5804216,5804244,5804233,0,0,1,0,cpp,2.420139315236798e-06,1.0,1,0,1
0x5890b6,JNZ,92562,0,42,2,0x5890b2,SUB,1,NonLeaf,rdx(MOV) ,rflags ,SUB,4,MOV,7,JNZ,2,MOV,2,TEST,3,MOV,8,CMP,7,JZ,2,DEC_LOCK,3,JNZ,6,0,0,1,0,0,RET,0,0,1,0,0,0,JE,0,0,5804203,5804256,5804216,0,0,0,1,cpp,2.420139315236798e-06,0.0,0,0,0
0x58909b,JNZ,92562,92562,85,2,0x589096,TEST,1,NonLeaf,rax(-1) rax(-1) ,rflags ,MOV,2,TEST,3,CALL_NEAR,5,AND,4,MOV,3,XOR,2,MOV,2,OR,3,TEST,3,MOV,2,0,1,0,0,0,JE,0,0,1,0,0,0,XOR,0,0,5804182,5804272,5804189,0,0,0,0,cpp,2.420139315236798e-06,1.0,1,0,1
0x58903b,JZ,92562,92562,15,2,0x589034,CMP,1,NonLeaf,rip(JZ) ,rflags ,CMP,7,MOV,5,JZ,2,CMP,4,MOV,9,CMPXCHG_LOCK,5,JNZ,6,JMP,2,CMPXCHG,4,JNZ,6,0,1,0,0,0,JNE,0,0,1,0,0,0,JNE,0,0,5804079,5804106,5804093,0,0,1,0,cpp,2.420139315236798e-06,1.0,1,0,1
0x58902d,JZ,92562,0,59,2,0x589029,CMP,1,NonLeaf,rdx(MOV) r8(MOV) ,rflags ,CMP,4,MOV,9,MOV,7,JNZ,2,AND,5,MOV,5,CMP,7,JZ,2,CMPXCHG_LOCK,5,JNZ,6,0,1,1,0,0,ADD,0,0,1,0,0,0,JE,0,0,5804057,5804136,5804079,0,0,1,0,cpp,2.420139315236798e-06,0.0,0,0,0
0x589017,JNZ,92562,0,86,2,0x589012,AND,1,NonLeaf,eax(AND) ,eax rflags ,AND,5,MOV,2,MOV,3,MOV,2,JZ,6,MOV,7,MOV,9,CMP,4,JZ,2,MOV,5,0,1,1,0,0,CALL,0,1,1,0,0,0,JE,0,0,5804043,5804141,5804057,0,0,1,0,cpp,2.420139315236798e-06,0.0,0,0,0
0x589005,JZ,92562,0,271,6,0x588fff,CMP,1,NonLeaf,esi(-1) ,rflags ,MOV,3,CMP,3,JLE,6,PUSH,1,PUSH,1,MOV,2,MOV,3,MOV,2,AND,5,JNZ,2,0,1,0,0,0,JMP,0,0,1,0,0,0,JNE,0,0,5804031,5804308,5804043,0,0,1,0,cpp,2.420139315236798e-06,0.0,0,0,0
0x588ff9,JLE,92562,0,279,6,0x588ff2,TEST,1,NonLeaf,esi(-1) esi(-1) ,rflags ,PUSH,1,PUSH,1,MOV,3,TEST,2,PUSH,2,CMP,3,MOV,3,JZ,6,MOV,2,MOV,3,0,1,0,0,0,JMP,0,0,1,0,0,0,JE,0,0,5804016,5804304,5804031,0,0,0,0,cpp,2.420139315236798e-06,0.0,0,0,0
0x588f2d,JNZ,6,0,139,6,0x588f2b,DEC,1,NonLeaf,rsi(-1) ,rflags ,DEC,2,JMP,2,JNZ,6,DEC_LOCK,3,JZ,2,NOP,5,ADD,4,MOV,2,POP,1,POP,1,0,-1,-1,-1,-1,CALL,-1,1,0,1,0,0,NOP,0,0,5803819,5803960,5803827,0,0,1,0,cpp,1.5687685974180323e-10,0.0,0,0,0
0x588f1e,JZ,6,6,13,2,0x588f17,CMP,1,NonLeaf,rip(JZ) ,rflags ,CMP,7,MOV,8,JNZ,2,SUB,4,MOV,7,DEC_LOCK,3,JNZ,6,JMP,2,DEC,2,JNZ,6,0,1,0,0,0,JNE,0,0,1,0,0,0,JNE,0,0,5803791,5803819,5803808,0,0,1,0,cpp,1.5687685974180323e-10,1.0,1,0,1
0x588f0d,JNZ,6,0,43,2,0x588f09,SUB,1,NonLeaf,rsi(MOV) ,rflags ,SUB,4,MOV,7,JNZ,2,TEST,6,NEG,2,MOV,8,CMP,7,JZ,2,DEC_LOCK,3,JNZ,6,0,0,1,0,0,RET,0,0,1,0,0,0,JE,0,0,5803778,5803832,5803791,0,0,0,1,cpp,1.5687685974180323e-10,0.0,0,0,0
0x588f00,JNZ,6,0,56,2,0x588efa,TEST,1,NonLeaf,rbx(-1) ,rflags ,TEST,6,NEG,2,SETNZ,3,TEST,2,XOR,2,MOV,7,SUB,4,JNZ,2,MOV,8,CMP,7,0,1,1,0,0,RET,0,0,1,0,0,0,JNE,0,0,5803761,5803832,5803778,0,0,0,1,cpp,1.5687685974180323e-10,0.0,0,0,0
0x588ee9,JBE,6,0,106,2,0x588ee6,CMP,1,NonLeaf,rax(SUB) rdx(SUB) ,rflags ,CMP,3,SUB,7,MOV,3,SUB,6,MOV,5,MOV,3,CALL_NEAR,3,XOR,2,TEST,2,SETNZ,3,0,1,0,0,0,CALL,0,1,1,1,0,0,CALL,0,1,5803722,5803859,5803755,0,0,1,1,cpp,1.5687685974180323e-10,0.0,0,0,0
0x588eae,JNZ,6,0,239,6,0x588eab,CMPXCHG,1,NonLeaf,rdx(-1) esi(-1) eax(CMPXCHG) ,eax rflags ,CMPXCHG,3,JMP,2,JNZ,6,CMPXCHG_LOCK,4,JZ,2,MOV,7,MOV,7,MOV,4,ADD,4,MOV,7,0,-1,-1,-1,-1,CALL,-1,1,0,1,0,0,MOV,0,0,5803691,5803933,5803700,0,0,1,1,cpp,1.5687685974180323e-10,0.0,0,0,0
0x588e9d,JZ,6,6,14,2,0x588e96,CMP,1,NonLeaf,rip(JZ) ,rflags ,CMP,7,MOV,5,JZ,2,CMP,4,MOV,9,CMPXCHG_LOCK,4,JNZ,6,JMP,2,CMPXCHG,3,JNZ,6,0,1,0,0,0,JNE,0,0,1,0,0,0,JNE,0,0,5803665,5803691,5803679,0,0,1,0,cpp,1.5687685974180323e-10,1.0,1,0,1
0x588e8f,JZ,6,0,55,2,0x588e8b,CMP,1,NonLeaf,r8(MOV) rdx(MOV) ,rflags ,CMP,4,MOV,9,MOV,7,JNZ,2,AND,5,MOV,5,CMP,7,JZ,2,CMPXCHG_LOCK,4,JNZ,6,0,1,1,0,0,ADD,0,0,1,0,0,0,JE,0,0,5803643,5803718,5803665,0,0,1,0,cpp,1.5687685974180323e-10,0.0,0,0,0
0x588e79,JNZ,6,0,81,2,0x588e74,AND,1,NonLeaf,eax(AND) ,eax rflags ,AND,5,MOV,2,JZ,6,TEST,3,SUB,4,MOV,7,MOV,9,CMP,4,JZ,2,MOV,5,0,1,1,0,0,JBE,0,0,1,0,0,0,JE,0,0,5803634,5803722,5803643,0,0,0,0,cpp,1.5687685974180323e-10,0.0,0,0,0
0x588e6c,JZ,6,0,220,6,0x588e69,TEST,1,NonLeaf,rdi(-1) rdi(-1) ,rflags ,TEST,3,SUB,4,MOV,3,PUSH,1,PUSH,1,MOV,2,AND,5,JNZ,2,MOV,7,MOV,9,0,1,0,0,0,JMP,0,0,1,0,0,0,JNE,0,0,5803616,5803848,5803634,0,0,0,0,cpp,1.5687685974180323e-10,0.0,0,0,0
0x602dc5,JNBE,1,0,595,6,0x602dc1,CMP,1,NonLeaf,rbx(-1) ,rflags ,CMP,4,CMOVNBE,4,CMP,3,AND,3,NEG,3,CMP,4,MOV,7,JBE,6,CMP,4,MOV,7,0,1,0,0,0,JNE,0,0,1,0,0,0,JBE,0,0,6303142,6303768,6303179,0,0,0,1,cpp,2.6146143290300536e-11,0.0,0,0,0
0x588a66,JNZ,1,0,181,6,0x588a64,DEC,1,NonLeaf,rdx(-1) ,rflags ,DEC,2,JMP,2,JNZ,6,DEC_LOCK,3,JZ,2,JMP,5,CALL_NEAR,5,JMP,5,TEST,6,MOV,3,0,-1,-1,-1,-1,CALL,-1,1,0,1,0,0,JMP,0,0,5802596,5802779,5802604,0,0,1,0,cpp,2.6146143290300536e-11,0.0,0,0,0
0x588a57,JZ,1,1,13,2,0x588a50,CMP,1,NonLeaf,rip(JZ) ,rflags ,CMP,7,MOV,8,NOP,7,JMP,5,MOV,2,DEC_LOCK,3,JNZ,6,JMP,2,DEC,2,JNZ,6,0,1,0,0,0,JNE,0,0,1,0,0,0,JNE,0,0,5802568,5802596,5802585,0,0,1,0,cpp,2.6146143290300536e-11,1.0,1,0,1
0x588a05,JZ,1,1,-57,2,0x588a00,CMP,1,NonLeaf,rbx(-1) ,rflags ,CMP,5,NOP,4,RET_NEAR,1,POP,2,POP,1,MOV,3,CALL_NEAR,5,JMP,2,NOP,7,CALL_NEAR,5,0,0,1,0,0,JE,0,0,1,0,0,0,CALL,0,1,5802496,5802444,5802503,0,0,0,1,cpp,2.6146143290300536e-11,1.0,1,0,1
0x5889e5,JZ,1,0,16,2,0x5889de,CMP,1,NonLeaf,rbx(-1) rip(JZ) ,rflags ,CMP,7,JZ,2,CMP,7,JZ,2,CMP,7,MOV,6,MOV,3,CALL_NEAR,5,POP,1,MOV,2,0,0,1,0,0,RET,0,0,1,0,0,0,CALL,0,1,5802462,5802485,5802471,0,0,0,1,cpp,2.6146143290300536e-11,0.0,0,0,0
0x5889dc,JZ,1,0,25,2,0x5889d5,CMP,1,NonLeaf,rbx(-1) rip(JZ) ,rflags ,CMP,7,JZ,2,CMP,7,JNZ,6,DEC,6,CMP,7,JZ,2,MOV,6,MOV,3,CALL_NEAR,5,0,0,1,0,0,RET,0,0,1,0,0,0,JE,0,0,5802453,5802485,5802462,0,0,0,0,cpp,2.6146143290300536e-11,0.0,0,0,0
0x5889d3,JZ,1,0,34,2,0x5889cc,CMP,1,NonLeaf,rbx(-1) rip(JZ) ,rflags ,CMP,7,JNZ,6,DEC,6,JMP,2,JNZ,6,CMP,7,JZ,2,CMP,7,JZ,2,MOV,6,0,1,1,0,0,RET,0,0,1,0,0,0,JE,0,0,5802444,5802485,5802453,0,0,0,0,cpp,2.6146143290300536e-11,0.0,0,0,0
0x588957,JLE,1,1,169,6,0x588955,TEST,1,NonLeaf,eax(MOV) eax(MOV) ,rflags ,TEST,2,MOV,6,CALL_NEAR,5,MOV,3,XOR,2,MOV,7,MOV,5,XOR,2,CMP,7,JZ,2,0,1,0,0,0,JE,0,0,1,0,0,0,JE,0,0,5802319,5802496,5802333,0,0,0,0,cpp,2.6146143290300536e-11,1.0,1,0,1
0x58893f,JBE,1,0,306,6,0x58893c,CMP,1,NonLeaf,rdx(SUB) rax(SUB) ,rflags ,CMP,3,SUB,6,MOV,3,SUB,7,MOV,5,XOR,2,MOV,3,CALL_NEAR,5,MOV,6,TEST,2,0,1,0,0,0,CALL,0,1,1,1,0,0,CALL,0,1,5802272,5802609,5802309,0,0,1,1,cpp,2.6146143290300536e-11,0.0,0,0,0
0x588914,JZ,1,1,308,6,0x588910,SUB,1,NonLeaf,rdx(MOV) ,rflags ,SUB,4,MOV,7,JNZ,2,AND,3,JNZ,6,NOP,6,MOV,7,MOV,5,SUB,7,MOV,3,0,1,0,0,0,JE,0,0,1,0,0,0,NOP,0,0,5802249,5802568,5802266,0,0,1,0,cpp,2.6146143290300536e-11,1.0,1,0,1
0x5888fe,JNZ,1,1,306,6,0x5888fb,AND,1,NonLeaf,dh(AND) ,dh rflags ,AND,3,SAR,3,SHL,3,MOV,2,MOV,2,AND,3,JNZ,2,MOV,7,SUB,4,JZ,6,0,1,0,0,0,CALL,0,1,1,1,0,0,JNE,0,0,5802227,5802544,5802244,0,0,1,0,cpp,2.6146143290300536e-11,1.0,1,0,1
0x5888d2,JNZ,1,0,496,6,0x5888ce,CMPXCHG,1,NonLeaf,r8(-1) esi(-1) eax(CMPXCHG) ,eax rflags ,CMPXCHG,4,JMP,2,JNZ,6,CMPXCHG_LOCK,5,JZ,2,MOV,7,MOV,7,MOV,2,MOV,4,ADD,5,0,-1,-1,-1,-1,CALL,-1,1,0,1,0,0,MOV,0,0,5802190,5802690,5802200,0,0,1,1,cpp,2.6146143290300536e-11,0.0,0,0,0
0x5888bf,JZ,1,1,15,2,0x5888b8,CMP,1,NonLeaf,rip(JZ) ,rflags ,CMP,7,MOV,5,JZ,2,CMP,4,MOV,9,CMPXCHG_LOCK,5,JNZ,6,JMP,2,CMPXCHG,4,JNZ,6,0,1,0,0,0,JNE,0,0,1,0,0,0,JNE,0,0,5802163,5802190,5802177,0,0,1,0,cpp,2.6146143290300536e-11,1.0,1,0,1
0x5888b1,JZ,1,0,59,2,0x5888ad,CMP,1,NonLeaf,r9(MOV) r8(MOV) ,rflags ,CMP,4,MOV,9,MOV,7,JNZ,2,AND,5,MOV,5,CMP,7,JZ,2,CMPXCHG_LOCK,5,JNZ,6,0,1,1,0,0,MOV,0,0,1,0,0,0,JE,0,0,5802141,5802220,5802163,0,0,1,0,cpp,2.6146143290300536e-11,0.0,0,0,0
0x58889b,JNZ,1,0,88,2,0x588896,AND,1,NonLeaf,eax(AND) ,eax rflags ,AND,5,MOV,2,JNZ,6,MOV,2,TEST,3,MOV,7,MOV,9,CMP,4,JZ,2,MOV,5,0,1,1,0,0,JNE,0,0,1,0,0,0,JE,0,0,5802132,5802227,5802141,0,0,0,0,cpp,2.6146143290300536e-11,0.0,0,0,0
0x58888e,JNZ,1,1,394,6,0x588889,TEST,1,NonLeaf,dh(MOV) ,rflags ,MOV,2,TEST,3,MOV,3,MOV,2,PUSH,1,MOV,2,AND,5,JNZ,2,MOV,7,MOV,9,0,1,0,0,0,CALL,0,1,1,1,0,0,JNE,0,0,5802112,5802520,5802132,0,0,1,0,cpp,2.6146143290300536e-11,1.0,1,0,1
0x58880d,JZ,5,5,57,2,0x5887f7,TEST,1,NonLeaf,al(-1) al(-1) ,rflags ,MOV,5,MOV,5,MOV,5,MOV,5,TEST,2,MOVAPS,5,MOVAPS,5,MOVAPS,5,MOVAPS,8,MOVAPS,8,0,1,1,0,0,CALL,0,1,1,0,0,0,MOVAPS,0,0,5801968,5802054,5801999,0,0,1,1,cpp,1.3073071645150268e-10,1.0,1,0,1
0x58877d,JZ,898384,898384,57,2,0x588767,TEST,1,NonLeaf,al(-1) al(-1) ,rflags ,MOV,5,MOV,5,MOV,5,MOV,5,TEST,2,MOVAPS,5,MOVAPS,5,MOVAPS,5,MOVAPS,8,MOVAPS,8,0,1,1,0,0,CALL,0,1,1,0,0,0,MOVAPS,0,0,5801824,5801910,5801855,0,0,1,1,cpp,2.348927679371336e-05,1.0,1,0,1
0x588652,JZ,393,393,57,2,0x588637,TEST,1,NonLeaf,al(-1) al(-1) ,rflags ,MOV,5,MOV,5,MOV,5,MOV,5,MOV,5,MOVAPS,5,MOVAPS,5,MOVAPS,5,MOVAPS,8,MOVAPS,8,0,1,1,0,0,CALL,0,1,1,0,0,0,MOVAPS,0,0,5801520,5801611,5801556,0,0,1,1,cpp,1.027543431308811e-08,1.0,1,0,1
0x5885bd,JZ,4290,390,57,2,0x5885a7,TEST,1,NonLeaf,al(-1) al(-1) ,rflags ,MOV,5,MOV,5,MOV,5,MOV,5,TEST,2,MOVAPS,5,MOVAPS,5,MOVAPS,5,MOVAPS,8,MOVAPS,8,0,1,1,0,0,CALL,0,1,1,0,0,0,MOVAPS,0,0,5801376,5801462,5801407,0,0,1,1,cpp,1.121669547153893e-07,0.0909090909090909,0,0,0
0x588369,JZ,2,2,456,6,0x588361,TEST,1,NonLeaf,rcx(-1) rcx(-1) ,rflags ,MOV,5,TEST,3,SUB,4,PUSH,1,PUSH,1,MOV,3,MOV,3,MOV,3,CALL_NEAR,5,CMP,3,0,1,0,0,0,RET,0,0,1,0,0,0,CALL,0,1,5800784,5801265,5800815,0,0,0,1,cpp,5.2292286580601066e-11,1.0,1,0,1
0x5876a0,JS,15372,0,-96,2,0x58769c,ADD,1,Leaf,r11(ADD) ,r11 rflags ,ADD,4,MUL,3,ADC,3,MOV,3,MOV,5,MOV,4,ADD,3,ADC,3,MOV,5,ADD,3,0,1,0,0,0,MOV,0,0,1,1,0,0,ADD,0,0,5797529,5797440,5797538,0,0,1,1,cpp,4.019185146584999e-07,0.0,0,0,0
0x5875c6,JNZ,418878,0,10,2,0x5875c3,DEC,1,Leaf,r11(DEC) ,r11 rflags ,DEC,3,JNLE,2,JZ,2,CMP,3,JZ,2,MOV,3,JMP,5,LEA,5,LEA,5,NEG,3,0,1,0,0,0,JMP,0,0,1,0,0,0,JMP,0,0,5797315,5797328,5797320,1,0,0,1,cpp,1.0952044209154508e-05,0.0,0,1,0
0x5875c1,JNLE,418878,0,68,2,0x5875bc,CMP,0,Leaf,ebx(-1) ,rflags ,JZ,2,CMP,3,JZ,2,AND,3,ADC,4,DEC,3,JNZ,2,MOV,3,JMP,5,LEA,5,0,1,0,0,0,JMP,0,0,1,0,0,0,JNE,0,0,5797313,5797381,5797315,0,0,0,0,cpp,1.0952044209154508e-05,0.0,0,0,0
0x5875ba,JZ,434250,0,52,2,0x5875b7,AND,1,Leaf,ebx(AND) ,ebx rflags ,AND,3,ADC,4,ADD,3,MOV,3,MUL,3,CMP,3,JZ,2,JNLE,2,DEC,3,JNZ,2,0,1,0,0,0,JMP,0,0,1,0,0,0,JE,0,0,5797280,5797358,5797308,0,0,0,0,cpp,1.1353962723813007e-05,0.0,0,0,0
0x5871d8,JLE,331660,331660,292,6,0x5871c4,CMP,1,Recursive,rbx(-1) ,rflags ,LEA,4,MOV,4,LEA,8,CMP,4,MOV,4,ADD,4,MOV,3,LEA,4,MOV,3,MOV,3,0,0,1,0,0,RET,0,0,1,0,0,0,JMP,0,0,5796292,5796604,5796318,0,1,0,0,cpp,8.671629883661076e-06,1.0,1,0,1
0x5871ad,JBE,331660,0,355,6,0x5871a9,CMP,1,Recursive,rcx(MOV) ,rflags ,CMP,4,MOV,3,JZ,6,TEST,3,XOR,2,MOV,4,MOV,4,CALL_NEAR,5,MOV,4,CMP,4,0,1,0,0,0,JE,0,0,1,0,0,0,CALL,1,1,5796262,5796624,5796275,0,0,0,1,cpp,8.671629883661076e-06,0.0,0,1,0
0x5871a0,JZ,331660,0,348,6,0x58719d,TEST,1,Recursive,r8(-1) r8(-1) ,rflags ,TEST,3,XOR,2,JNLE,6,MOV,4,CMP,4,MOV,3,CMP,4,JBE,6,MOV,4,MOV,4,0,0,1,0,0,RET,1,0,1,0,0,0,JBE,0,0,5796251,5796604,5796262,0,0,0,0,cpp,8.671629883661076e-06,0.0,0,0,0
0x587195,JNLE,331660,0,179,6,0x58718d,CMP,1,Recursive,r8(-1) ,rflags ,MOV,4,CMP,4,SUB,4,MOV,3,PUSH,1,XOR,2,TEST,3,JZ,6,MOV,3,CMP,4,0,1,0,0,0,JMP,1,0,1,0,0,0,JE,1,0,5796208,5796424,5796251,0,0,0,0,cpp,8.671629883661076e-06,0.0,0,0,0
0x5870b6,JNZ,18482,0,58,2,0x5870af,SHR,0,Leaf,r9(-1) cl(-1) ,r9 rflags ,RET_NEAR,1,MOV,3,SHR,3,JMP,2,LEA,4,MOV,3,MOV,4,XOR,2,SHRD,4,SUB,4,0,1,0,0,0,JB,0,0,1,0,0,0,JB,0,0,5796022,5796080,5796024,0,0,0,0,cpp,4.832330202913346e-07,0.0,0,0,0
0x58708c,JNB,18482,18482,42,2,0x587089,CMP,1,Leaf,eax(-1) ,rflags ,CMP,3,JMP,5,SUB,4,LEA,4,LEA,4,MOV,3,XOR,2,SHRD,4,SUB,4,JB,2,0,1,0,0,0,JNE,0,0,1,0,0,0,JB,0,0,5795977,5796022,5795982,0,0,0,0,cpp,4.832330202913346e-07,1.0,1,0,1
0x587065,JNZ,18482,18482,36,2,0x587062,AND,1,Leaf,eax(AND) ,eax rflags ,AND,3,MOV,2,INVALID,0,INVALID,0,INVALID,0,MOV,3,MOV,4,XOR,2,SHRD,4,MOV,4,0,1,0,0,0,JAE,0,0,1,0,0,0,JMP,0,0,5795936,5795977,5795943,0,0,0,0,cpp,4.832330202913346e-07,1.0,1,0,1
0x586f91,JB,1054373,1054373,20,2,0x586f8d,SUB,1,Leaf,rdx(SUB) ,rdx rflags ,SUB,4,SHLD,4,XOR,2,MOV,3,JNB,2,MOV,4,MOV,4,LEA,4,LEA,4,JMP,2,0,1,0,0,0,RET,0,0,1,0,0,0,JMP,0,0,5795716,5795749,5795731,0,0,1,0,cpp,2.7567787539424047e-05,1.0,1,0,1
0x586f82,JNB,1054373,0,42,2,0x586f7f,CMP,1,Leaf,eax(-1) ,rflags ,CMP,3,JMP,5,SUB,4,LEA,4,MOV,4,MOV,3,XOR,2,SHLD,4,SUB,4,JB,2,0,1,0,0,0,JNE,0,0,1,0,0,0,JB,0,0,5795711,5795756,5795716,0,0,0,0,cpp,2.7567787539424047e-05,0.0,0,0,0
0x586f5f,JNZ,1054373,1054373,32,2,0x586f5c,AND,1,Leaf,eax(AND) ,eax rflags ,AND,3,MOV,2,LEA,5,LEA,5,INVALID,0,MOV,3,MOV,4,XOR,2,SHLD,4,MOV,4,0,1,0,0,0,JAE,0,0,1,0,0,0,JMP,0,0,5795664,5795711,5795681,0,0,0,0,cpp,2.7567787539424047e-05,1.0,1,0,1
0x586f14,JNS,14879,14879,22,2,0x586f10,SUB,1,Leaf,rdx(SUB) ,rdx rflags ,SUB,4,INVALID,0,INVALID,0,INVALID,0,INVALID,0,JMP,2,NOP,8,SUB,4,CMP,4,JZ,2,0,1,0,1,0,JE,0,0,1,0,0,0,JMP,0,0,5795600,5795626,5795606,0,0,0,0,cpp,3.890284660163817e-07,1.0,1,1,1
0x5842eb,JLE,280343,0,1259,6,0x5842e8,TEST,1,NonLeaf,r8d(MOV) r8d(MOV) ,rflags ,TEST,3,MOV,5,CALL_NEAR,5,MOV,5,MOV,3,MOVSXD,5,MOV,5,MOV,7,SUB,2,MOV,5,0,1,0,0,0,JMP,0,0,1,0,0,0,JMP,0,0,5784291,5785558,5784305,0,0,1,1,cpp,7.329888248432723e-06,0.0,0,0,0
0x5842a2,JZ,2250959,1234337,21,2,0x5842a0,CMP,1,NonLeaf,al(-1) ,rflags ,CMP,2,NOP,6,JMP,5,MOV,5,MOVZX,4,CMP,4,MOV,3,SETZ,3,SUB,3,TEST,2,0,1,1,0,0,JMP,0,0,1,0,0,0,CMOVNE,0,0,5784224,5784247,5784228,0,0,0,0,cpp,5.885389655459161e-05,0.5483604987918482,1,0,1
0x58418d,JLE,4507,4507,14,2,0x58418a,TEST,1,NonLeaf,rbp(SUB) rbp(SUB) ,rflags ,TEST,3,SUB,5,CALL_NEAR,5,LEA,4,SUB,3,MOV,12,MOV,4,MOV,5,MOVSXD,3,XOR,3,0,0,1,0,0,CALL,0,1,0,0,0,0,MOV,0,0,5783941,5783963,5783951,0,0,1,1,cpp,1.1784066780938453e-07,1.0,1,0,1
0x58414c,JNLE,4507,0,775,6,0x584148,CMP,1,NonLeaf,rdx(-1) ,rflags ,CMP,4,JZ,6,CMP,4,MOVSXD,3,SUB,2,MOV,5,MOV,5,MOV,5,SUB,2,LEA,8,0,1,0,0,0,CALL,0,1,1,0,0,0,CALL,0,1,5783880,5784659,5783890,0,0,1,1,cpp,1.1784066780938453e-07,0.0,0,0,0
0x584142,JZ,4507,0,1064,6,0x58413e,CMP,1,NonLeaf,rdx(MOVSXD) ,rflags ,CMP,4,MOVSXD,3,SUB,2,AND,3,LEA,3,CMP,4,JNLE,6,MOV,5,MOV,5,MOV,5,0,1,0,0,0,CALL,0,1,1,0,0,0,JG,0,0,5783848,5784938,5783880,0,0,1,0,cpp,1.1784066780938453e-07,0.0,0,0,0
0x584122,JNZ,284850,280343,415,6,0x58411f,CMP,1,NonLeaf,r13(-1) r14(-1) ,rflags ,CMP,3,JMP,5,MOV,7,XOR,3,MOV,8,LEA,3,MOV,2,SAR,3,SHR,3,LEA,3,0,1,0,0,0,CALL,0,1,1,0,0,0,JE,1,0,5783839,5784257,5783848,0,0,1,0,cpp,7.447728916242108e-06,0.9841776373529928,1,0,1
0x58404a,JLE,280384,10,-32,2,0x584047,TEST,1,NonLeaf,r13d(SUB) r13d(SUB) ,rflags ,TEST,3,SUB,3,MOV,3,MOV,3,MOV,6,MOV,5,MOV,3,MOV,5,MOV,3,CALL_NEAR,5,0,0,1,0,0,JMP,0,0,1,0,0,0,CALL,0,1,5783608,5783594,5783628,0,0,0,1,cpp,7.330960240307626e-06,3.566537320246519e-05,0,0,0
0x58401b,JLE,41,41,-187,6,0x584010,CMP,1,NonLeaf,esi(-1) ,rflags ,MOV,8,CMP,3,XOR,2,SUB,9,JMP,5,MOV,3,MOV,3,XOR,3,MOV,8,JMP,2,0,0,0,1,1,JNE,0,0,1,0,0,0,XOR,1,0,5783568,5783392,5783585,0,0,0,0,cpp,1.071991874902322e-09,1.0,1,1,1
0x583ff3,JNL,280384,280384,69,2,0x583ff0,CMP,1,NonLeaf,esi(-1) ,rflags ,CMP,3,NOP,4,JMP,5,AND,4,SUB,4,MOV,8,ADD,3,JMP,5,SUB,9,XOR,2,0,1,0,0,0,JLE,1,0,1,0,0,0,JMP,0,0,5783536,5783608,5783541,0,1,0,1,cpp,7.330960240307626e-06,1.0,1,0,1
0x583fa7,JLE,97968,41,2118,6,0x583fa4,CMP,1,NonLeaf,ebx(SUB) ,rflags ,CMP,3,MOV,8,SUB,3,MOV,3,SUB,3,MOV,5,MOV,3,LEA,4,SUB,3,MOV,3,0,1,0,0,0,JMP,0,0,1,0,0,0,MOV,1,0,5783421,5785581,5783469,0,0,0,1,cpp,2.561485365864163e-06,0.0004185040013065,0,0,0
0x583f77,JZ,97968,0,142,6,0x583f74,TEST,1,NonLeaf,rax(-1) rax(-1) ,rflags ,TEST,3,JNZ,6,MOV,3,TEST,2,DIV,3,BSR,4,MOV,8,XOR,4,MOVSXD,3,MOV,3,0,1,0,0,0,XOR,0,0,1,0,0,0,JLE,0,0,5783412,5783557,5783421,0,0,1,1,cpp,2.561485365864163e-06,0.0,0,0,0
0x583f6e,JNZ,378352,280384,130,6,0x583f69,TEST,1,NonLeaf,esi(-1) esi(-1) ,rflags ,MOV,3,TEST,2,DIV,3,MOV,3,MOV,3,TEST,3,JZ,6,BSR,4,MOV,8,XOR,4,1,1,0,0,0,JGE,0,0,1,0,0,0,JE,0,0,5783392,5783536,5783412,0,0,0,0,cpp,9.892445606171788e-06,0.7410665200659703,1,0,1
0x583e89,JLE,284850,284850,662,6,0x583e86,CMP,1,NonLeaf,esi(-1) ,rflags ,CMP,3,JNLE,6,MOV,4,CMP,6,SUB,2,LEA,3,MOV,2,AND,3,MOVSXD,3,SAR,3,0,1,0,0,0,JNE,1,0,1,0,0,0,JNE,1,0,5783174,5783839,5783183,0,0,0,0,cpp,7.447728916242108e-06,1.0,1,1,1
0x583d59,JLE,284850,284850,260,6,0x583d56,TEST,1,NonLeaf,rax(MOV) rax(MOV) ,rflags ,TEST,3,MOV,5,MOV,8,MOV,3,CALL_NEAR,5,MOV,5,LEA,8,MOV,5,MOV,5,MOV,6,0,1,1,0,0,JG,0,0,1,0,0,0,JMP,0,0,5782854,5783133,5782879,1,0,1,1,cpp,7.447728916242108e-06,1.0,1,0,1
0x583cdc,JZ,97982,0,-12,2,0x583cd8,CMP,1,NonLeaf,r13b(MOVSX) ,rflags ,CMP,4,MOVSX,4,ADD,4,NOP,10,MOV,3,MOV,3,JMP,5,MOV,3,MOV,3,XOR,2,1,1,1,1,1,JE,0,0,1,1,0,0,JMP,1,0,5782736,5782736,5782750,0,0,0,0,cpp,2.5618514118702277e-06,0.0,0,1,0
0x5835f7,JZ,1828,0,-1652,6,0x5835f3,CMP,1,NonLeaf,r9d(-1) ,rflags ,CMP,4,JNZ,6,MOV,3,CMP,3,MOV,3,JMP,5,LEA,4,MOVSX,4,MOV,8,JMP,5,0,0,0,0,0,JBE,1,0,1,0,0,0,JMP,0,0,5780979,5779331,5780989,0,0,0,0,cpp,4.779514993466938e-08,0.0,0,0,0
0x5835ed,JNZ,382861,381033,-1642,6,0x5835e7,CMP,1,NonLeaf,dl(-1) ,rflags ,MOV,3,CMP,3,MOV,3,MOV,4,NOP,2,CMP,4,JZ,6,JMP,5,LEA,4,MOVSX,4,0,0,0,0,0,JBE,1,0,1,0,0,0,JE,0,0,5780967,5779331,5780979,0,0,0,0,cpp,1.0010338566267756e-05,0.995225421236428,1,0,1
0x583563,JZ,1,0,-67,2,0x583560,CMP,1,NonLeaf,dl(-1) ,rflags ,CMP,3,JNBE,2,CMP,3,SUB,3,MOVSX,3,JMP,5,MOV,4,LEA,8,TEST,2,JNZ,6,0,1,0,0,0,JE,0,0,1,0,0,0,JMP,1,0,5780832,5780768,5780837,0,0,1,0,cpp,2.6146143290300536e-11,0.0,0,0,0
0x58355e,JNBE,1,0,-16,2,0x58355b,CMP,1,NonLeaf,ecx(SUB) ,rflags ,CMP,3,SUB,3,MOVSX,3,MOVZX,3,SUB,4,CMP,3,JZ,2,JMP,5,MOV,4,LEA,8,1,1,0,0,0,SUB,0,0,1,1,0,0,JE,0,0,5780818,5780814,5780832,0,0,0,0,cpp,2.6146143290300536e-11,0.0,0,0,0
0x5834c3,JZ,15508,15508,33,2,0x5834c0,TEST,1,NonLeaf,sil(-1) sil(-1) ,rflags ,TEST,3,JNZ,2,CMP,2,ADD,4,NOP,5,CMP,4,JNZ,2,XOR,2,JMP,2,NOP,1,0,1,1,0,0,JMP,1,0,1,0,0,0,JNE,0,0,5780672,5780708,5780677,0,0,1,0,cpp,4.054743901459807e-07,1.0,1,0,1
0x5834be,JNZ,15508,0,-6,2,0x5834bc,CMP,1,NonLeaf,rbx(-1) cl(-1) ,rflags ,CMP,2,ADD,4,NOP,5,JMP,2,MOVZX,6,TEST,3,JZ,2,CMP,4,JNZ,2,XOR,2,1,1,0,0,0,ADD,0,0,1,1,0,0,JE,0,0,5780668,5780664,5780672,1,0,0,0,cpp,4.054743901459807e-07,0.0,0,1,0
0x58347f,JNZ,97982,0,4981,6,0x583471,CMP,1,NonLeaf,rsp(-1) ,rflags ,MOV,5,SETZ,3,CMP,6,XOR,2,JZ,6,MOV,3,MOV,6,JMP,5,NOP,5,TEST,3,0,1,0,0,0,JMP,1,0,1,0,0,0,JMP,0,0,5780591,5785588,5780613,0,0,0,0,cpp,2.5618514118702277e-06,0.0,0,0,0
0x583469,JZ,97982,0,2093,6,0x583465,CMP,1,NonLeaf,rdx(-1) rax(MOVSX) ,rflags ,CMP,4,MOVSX,5,NOP,2,JMP,5,MOVSX,5,XOR,2,CMP,6,SETZ,3,MOV,5,JNZ,6,0,1,0,0,0,JNE,0,0,1,0,0,0,JNE,0,0,5780576,5782678,5780591,0,0,1,1,cpp,2.5618514118702277e-06,0.0,0,0,0
0x5833f1,JZ,1,1,353,6,0x5833e8,CMP,1,NonLeaf,rsp(-1) ,rflags ,LEA,4,CMP,5,JNS,6,CMP,9,JMP,5,MOV,4,JMP,2,NOP,3,MOV,8,SUB,4,0,1,0,1,0,JA,0,0,1,0,0,0,JMP,0,0,5780456,5780818,5780471,0,0,0,0,cpp,2.6146143290300536e-11,1.0,1,1,1
0x5833e2,JNS,2711,2710,-1058,6,0x5833d9,CMP,1,NonLeaf,rsp(-1) ,rflags ,CMP,9,JMP,5,CALL_NEAR,5,MOV,3,MOVSXD,3,CMP,5,LEA,4,JZ,6,MOV,4,JMP,2,0,0,1,0,0,JE,0,0,1,0,0,0,JE,0,0,5780441,5779392,5780456,0,0,0,0,cpp,7.088219446000476e-08,0.99963113242346,1,0,1
0x583242,JZ,378311,378311,3322,6,0x583236,CMP,1,NonLeaf,r12(-1) ,rflags ,MOV,8,CMP,4,MOV,5,JNZ,6,TEST,3,CMP,4,JNZ,6,CMP,6,MOV,8,MOV,8,0,1,0,0,0,NOP,1,0,1,0,0,0,JNE,0,0,5780017,5783356,5780040,0,0,0,0,cpp,9.891373614296889e-06,1.0,1,0,1
0x58322b,JNZ,378311,0,2283,6,0x583228,TEST,1,NonLeaf,rax(-1) rax(-1) ,rflags ,TEST,3,CALL_NEAR,5,MOV,3,MOV,3,MOV,2,MOV,5,CMP,4,MOV,8,JZ,6,CMP,4,0,1,0,0,0,JMP,0,0,0,1,0,0,JE,0,0,5780008,5782294,5780017,0,0,1,1,cpp,9.891373614296889e-06,0.0,0,0,0
0x583202,JLE,378311,0,47,2,0x583200,TEST,1,NonLeaf,ebp(XOR) ebp(XOR) ,rflags ,TEST,2,XOR,4,BSR,9,CALL_NEAR,5,MOV,3,MOV,5,MOV,2,MOV,3,MOV,3,CALL_NEAR,5,0,1,1,0,0,JE,0,0,1,0,0,0,CALL,0,1,5779955,5780017,5779972,0,0,1,1,cpp,9.891373614296889e-06,0.0,0,0,0
0x5831bc,JZ,378311,317312,4497,6,0x5831b2,CMP,1,NonLeaf,r13(-1) rsp(-1) ,rflags ,MOV,5,CMP,5,JNZ,2,MOV,3,MOV,3,MOV,5,MOV,5,MOV,3,MOV,5,MOV,5,0,1,0,0,0,CALL,0,1,1,1,0,0,CALL,0,1,5779890,5784397,5779906,1,1,1,1,cpp,9.891373614296889e-06,0.8387596448424709,1,0,1
0x5831b0,JNZ,317506,97,-86,2,0x5831a7,TEST,1,NonLeaf,r14d(-1) r14d(-1) ,rflags ,MOV,3,MOV,3,TEST,3,ADD,4,ADD,2,CMP,5,MOV,5,JZ,6,MOV,5,MOV,5,0,0,0,1,1,JE,0,0,0,1,0,0,JE,1,0,5779866,5779802,5779890,0,0,0,0,cpp,8.301557371530163e-06,0.0003055060376811,0,1,0
0x583194,JNZ,317506,0,1084,6,0x58318c,TEST,1,NonLeaf,rax(-1) rax(-1) ,rflags ,LEA,5,TEST,3,MOV,4,CALL_NEAR,5,LEA,8,MOV,3,SUB,4,ADD,2,ADD,4,TEST,3,0,1,0,0,0,JMP,0,0,1,0,0,0,JNE,0,0,5779848,5780944,5779866,0,0,0,0,cpp,8.301557371530163e-06,0.0,0,1,0
0x583169,JZ,695817,378311,-57,2,0x583162,TEST,1,NonLeaf,r12(-1) r12(-1) ,rflags ,MOV,4,TEST,3,XOR,3,JZ,2,TEST,3,LEA,4,MOV,3,MOV,3,MOV,3,MOV,3,0,1,0,0,0,CALL,0,1,1,0,0,0,CALL,0,1,5779807,5779760,5779819,0,0,1,1,cpp,1.819293098582705e-05,0.5436932411826673,1,0,1
0x58315d,JZ,755700,59883,-14,2,0x58315a,TEST,1,NonLeaf,r14d(-1) ebp(-1) ,rflags ,TEST,3,JZ,2,TEST,3,ADD,4,ADD,2,XOR,3,TEST,3,MOV,4,JZ,2,LEA,4,1,1,0,0,0,JE,0,0,1,0,0,0,JE,0,0,5779802,5779791,5779807,1,1,0,0,cpp,1.9758640484480115e-05,0.079241762604208,0,0,0
0x583158,JZ,438194,60902,90,2,0x583155,TEST,1,NonLeaf,r14d(-1) r14d(-1) ,rflags ,TEST,3,ADD,4,ADD,2,CALL_NEAR,5,LEA,8,TEST,3,JZ,2,XOR,3,TEST,3,MOV,4,0,0,1,0,0,JE,1,0,0,0,1,1,JE,0,0,5779791,5779890,5779802,0,0,0,0,cpp,1.1457083112949954e-05,0.1389841029315782,0,0,0
0x5830df,JLE,378311,378311,10,2,0x5830dc,CMP,1,NonLeaf,r13(-1) rax(ADD) ,rflags ,CMP,3,MOV,5,ADD,3,CDQE,2,SUB,3,MOV,3,MOV,5,MOV,3,MOV,5,MOV,6,0,1,1,0,0,JMP,0,0,1,0,0,0,MOV,0,0,5779668,5779689,5779681,1,0,1,1,cpp,9.891373614296889e-06,1.0,1,0,1
0x58302d,JL,382818,0,5926,6,0x583027,CMP,1,NonLeaf,rax(-1) ,rflags ,CMP,6,JNLE,6,CMP,3,MOV,8,SUB,3,TEST,3,JNZ,6,MOV,3,LEA,8,MOV,9,0,1,0,0,0,JE,1,0,1,0,0,0,JNE,0,0,5779495,5785427,5779507,0,0,1,0,cpp,1.0009214282106272e-05,0.0,0,0,0
0x583021,JNLE,382818,0,5983,6,0x58301e,CMP,1,NonLeaf,rax(SUB) rdx(SUB) ,rflags ,CMP,3,MOV,8,SUB,3,MOV,5,SUB,3,CMP,6,JL,6,TEST,3,JNZ,6,MOV,3,0,1,0,0,0,JE,1,0,1,0,0,0,JL,0,0,5779464,5785472,5779495,0,0,1,0,cpp,1.0009214282106272e-05,0.0,0,0,0
0x582ff5,JS,382818,15539,3893,6,0x582ff2,TEST,1,NonLeaf,rax(-1) rax(-1) ,rflags ,TEST,3,JZ,6,CMP,4,NOP,5,MOV,8,MOV,3,SUB,3,CMP,3,CMOVNLE,4,ADD,3,0,1,0,0,0,JMP,0,0,1,0,0,0,CMOVG,0,0,5779442,5783338,5779451,0,0,0,0,cpp,1.0009214282106272e-05,0.040591090283111,0,0,0
0x582fec,JZ,382818,0,1600,6,0x582fe8,CMP,1,NonLeaf,r9d(-1) ,rflags ,CMP,4,NOP,5,MOV,8,JNZ,6,TEST,3,TEST,3,JS,6,MOV,3,SUB,3,CMP,3,0,1,0,0,0,JNE,1,0,1,0,0,0,JS,1,0,5779432,5781036,5779442,0,0,0,0,cpp,1.0009214282106272e-05,0.0,0,0,0
0x582fd0,JZ,382861,43,-112,2,0x582fcd,TEST,1,NonLeaf,r13(-1) r13(-1) ,rflags ,TEST,3,MOV,3,JZ,2,TEST,3,MOV,5,TEST,3,JNZ,6,MOV,8,NOP,5,CMP,4,0,0,0,0,0,JNE,1,0,1,0,0,0,JNE,0,0,5779405,5779296,5779410,0,0,0,0,cpp,1.0010338566267756e-05,0.0001123123013312,0,0,0
0x582fc8,JZ,382861,9,5,2,0x582fc5,TEST,1,NonLeaf,rax(MOV) rax(MOV) ,rflags ,TEST,3,MOV,5,NOP,3,JNZ,6,TEST,3,MOV,3,TEST,3,JZ,2,TEST,3,JNZ,6,0,1,1,0,0,JE,0,0,1,0,0,0,MOV,0,0,5779392,5779405,5779402,0,0,0,1,cpp,1.0010338566267756e-05,2.350722586003798e-05,0,0,0
0x582fb7,JNZ,2754,2711,1058,6,0x582fb4,TEST,1,NonLeaf,r13(-1) r13(-1) ,rflags ,TEST,3,JNZ,2,CMP,3,MOV,3,MOV,3,NOP,3,MOV,5,TEST,3,JZ,2,MOV,3,0,1,0,0,0,JNS,0,0,1,0,0,0,NOP,0,0,5779380,5780441,5779389,0,0,0,0,cpp,7.200647862148769e-08,0.9843863471314452,1,0,1
0x582fb2,JNZ,382861,380107,14,2,0x582faf,CMP,1,NonLeaf,r14(-1) r13(-1) ,rflags ,CMP,3,MOV,3,MOV,3,JZ,2,CMP,4,TEST,3,JNZ,6,NOP,3,MOV,5,TEST,3,0,0,1,0,0,JE,0,0,1,0,0,0,JNE,0,0,5779375,5779392,5779380,0,0,0,0,cpp,1.0010338566267756e-05,0.9928067888868284,1,0,1
0x582fa7,JZ,1164863,795955,-15,2,0x582fa3,CMP,1,NonLeaf,rax(SUB) ,rflags ,CMP,4,SUB,3,LEA,4,SUB,4,NOP,7,MOV,3,MOV,3,CMP,3,JNZ,2,TEST,3,1,1,1,1,1,JE,0,0,1,1,0,0,MOV,1,0,5779352,5779352,5779369,1,0,0,0,cpp,3.0456674911569355e-05,0.6833035301147001,1,1,1
0x582f8c,JNZ,380424,11516,35,2,0x582f88,CMP,1,NonLeaf,rbp(-1) ,rflags ,CMP,4,JBE,2,CMP,3,MOV,3,NOP,3,MOV,3,NOP,7,SUB,4,LEA,4,SUB,3,0,0,1,0,0,JNE,1,0,1,0,0,0,NOP,0,0,5779336,5779375,5779342,0,0,0,0,cpp,9.946620415069292e-06,0.0302714865518474,0,0,0
0x582f86,JBE,382861,2437,41,2,0x582f83,CMP,1,NonLeaf,r13(-1) r14(-1) ,rflags ,CMP,3,MOV,3,NOP,3,JMP,5,XORPD,4,CMP,4,JNZ,2,MOV,3,NOP,7,SUB,4,0,1,1,0,0,JNE,1,0,1,0,0,0,JNE,0,0,5779331,5779375,5779336,0,0,0,0,cpp,1.0010338566267756e-05,0.0063652343801013,0,0,0
0x582f47,JZ,2,2,25,2,0x582f41,CMP,1,NonLeaf,rsp(-1) ,rflags ,CMP,6,CALL_NEAR,5,MOV,5,MOV,3,MOV,3,MOV,5,CMP,3,JZ,6,MOV,5,MOV,3,0,0,1,0,0,JNE,0,0,1,0,0,0,JE,0,0,5779265,5779296,5779273,0,0,0,0,cpp,5.2292286580601066e-11,1.0,1,0,1
0x582f21,JNZ,2,2,11,2,0x582f1d,CMP,1,NonLeaf,r11b(-1) ,rflags ,CMP,4,SETZ,4,CMP,4,JZ,6,TEST,3,TEST,3,JZ,6,MOV,5,MOV,3,MOV,3,0,1,0,0,0,CALL,1,1,1,0,0,0,JE,0,0,5779221,5779244,5779235,0,0,1,0,cpp,5.2292286580601066e-11,1.0,1,0,1
0x582f0f,JZ,2,0,4892,6,0x582f0c,TEST,1,NonLeaf,bpl(-1) bpl(-1) ,rflags ,TEST,3,JMP,5,MOV,3,MOV,4,NOP,10,CMP,4,SETZ,4,CMP,4,JNZ,2,TEST,3,0,1,0,0,0,JNE,0,0,0,0,0,0,JNE,0,0,5779212,5784107,5779221,0,0,0,0,cpp,5.2292286580601066e-11,0.0,0,0,0
0x582e5e,JBE,382863,382863,-680,6,0x582e5c,CMP,1,NonLeaf,al(LEA) ,rflags ,CMP,2,LEA,4,NOP,7,JMP,5,MOV,8,MOV,7,MOV,4,CMP,2,JZ,6,CMP,2,0,0,0,0,0,JE,0,0,1,0,0,0,JE,1,0,5779032,5778358,5779044,0,0,0,0,cpp,1.0010390858554334e-05,1.0,1,0,1
0x582e3b,JZ,1828,1797,328,6,0x582e38,TEST,1,NonLeaf,r11d(MOV) r11d(MOV) ,rflags ,TEST,3,MOV,5,JBE,2,CMP,2,LEA,3,NEG,3,MOV,8,JMP,5,NOP,7,LEA,4,0,0,1,0,0,JBE,0,0,1,0,0,0,JMP,0,0,5778995,5779331,5779009,0,0,0,1,cpp,4.779514993466938e-08,0.9830415754923414,1,0,1
0x582e31,JBE,3656,1828,-49,2,0x582e2f,CMP,1,NonLeaf,al(LEA) ,rflags ,CMP,2,LEA,3,MOVSX,3,MOV,8,LEA,4,MOV,5,TEST,3,JZ,6,NEG,3,MOV,8,0,0,0,1,1,JL,0,0,1,0,0,0,JE,1,0,5778965,5778944,5778995,0,0,0,0,cpp,9.559029986933876e-08,0.5,0,1,0
0x582e03,JL,3656,0,5819,6,0x582e00,CMP,1,NonLeaf,r10(-1) r8(-1) ,rflags ,CMP,3,NOP,3,SUB,3,ADD,3,MOV,3,JZ,6,SUB,3,MOVSXD,3,LEA,4,ADD,4,1,1,0,0,0,JE,1,0,1,0,0,0,JE,0,0,5778944,5784766,5778953,0,0,0,0,cpp,9.559029986933876e-08,0.0,0,0,0
0x582da3,JS,1828,0,2637,6,0x582da0,TEST,1,NonLeaf,r11(LEA) r11(LEA) ,rflags ,TEST,3,NOP,4,LEA,7,JZ,6,CMP,4,MOV,10,MOV,3,IMUL,3,MOV,3,SAR,4,0,1,0,0,0,JMP,0,0,1,0,0,0,SUB,0,0,5778848,5781488,5778857,0,0,0,0,cpp,4.779514993466938e-08,0.0,0,0,0
0x582d85,JNZ,1797,1797,3459,6,0x582d82,TEST,1,NonLeaf,r14(-1) r14(-1) ,rflags ,TEST,3,JNZ,2,TEST,2,LEA,7,MOV,4,CMP,4,JZ,6,LEA,7,NOP,4,TEST,3,0,1,0,0,0,JMP,0,0,1,0,0,0,JE,0,0,5778818,5782280,5778827,0,0,0,0,cpp,4.6984619492670064e-08,1.0,1,0,1
0x582d80,JNZ,1828,31,32,2,0x582d7e,TEST,1,NonLeaf,eax(MOV) eax(MOV) ,rflags ,TEST,2,LEA,7,MOV,4,JNZ,6,CMP,5,TEST,3,JNZ,6,CMP,4,JZ,6,LEA,7,0,0,0,0,0,JS,0,0,1,0,0,0,JNE,0,0,5778803,5778848,5778818,0,0,0,0,cpp,4.779514993466938e-08,0.0169584245076586,0,0,0
0x582d62,JNBE,1828,0,542,6,0x582d60,CMP,1,NonLeaf,al(LEA) ,rflags ,CMP,2,LEA,3,MOV,8,LEA,4,JZ,6,CMP,5,JNZ,6,MOV,4,LEA,7,TEST,2,0,1,0,0,0,MOV,1,0,1,0,0,0,JNE,0,0,5778781,5779328,5778792,0,0,0,0,cpp,4.779514993466938e-08,0.0,0,0,0
0x582d4b,JZ,1797,1797,2252,6,0x582d48,CMP,1,NonLeaf,cl(-1) ,rflags ,CMP,3,JZ,6,CMP,3,MOVSX,4,JZ,6,LEA,4,MOV,8,LEA,3,CMP,2,JNBE,6,0,1,0,0,0,JMP,0,0,1,0,0,0,MOV,0,0,5778760,5781015,5778769,0,0,1,1,cpp,4.6984619492670064e-08,1.0,1,0,1
0x582d42,JZ,1828,31,2240,6,0x582d3f,CMP,1,NonLeaf,cl(MOVSX) ,rflags ,CMP,3,MOVSX,4,JZ,6,MOV,4,AND,2,CMP,3,JZ,6,LEA,4,MOV,8,LEA,3,0,1,0,0,0,JMP,0,0,1,0,0,0,JE,0,0,5778747,5780994,5778760,0,0,1,0,cpp,4.779514993466938e-08,0.0169584245076586,0,0,0
0x582d35,JZ,2437,2437,2219,6,0x582d2f,AND,1,NonLeaf,cl(AND) al(SETZ) ,cl rflags ,MOV,4,AND,2,SETZ,3,CMP,4,SETZ,3,MOVSX,4,CMP,3,JZ,6,CMP,3,JZ,6,0,1,0,0,0,MOV,0,0,0,0,0,0,JE,0,0,5778719,5780960,5778747,0,0,1,0,cpp,6.371815119846242e-08,1.0,1,0,1
0x582cca,JNZ,380424,380424,5544,6,0x582cbd,CMP,1,NonLeaf,r9d(-1) ,rflags ,MOVSX,4,LEA,5,CMP,4,MOV,5,JNZ,2,MOV,3,MOV,3,SUB,3,JMP,2,NOP,5,0,1,0,0,0,NOP,0,0,1,0,0,0,JMP,0,0,5778616,5784178,5778640,0,0,0,0,cpp,9.946620415069292e-06,1.0,1,0,1
0x582cb6,JNZ,380424,0,-22,2,0x582cb4,TEST,1,NonLeaf,cl(MOVZX) cl(MOVZX) ,rflags ,TEST,2,MOVZX,6,JNZ,6,CMP,4,ADD,4,MOV,5,CMP,4,LEA,5,MOVSX,4,JNZ,6,1,1,0,0,0,JNE,0,0,0,0,0,0,JNE,1,0,5778606,5778592,5778616,0,0,0,0,cpp,9.946620415069292e-06,0.0,0,1,0
0x582c96,JNZ,382861,2437,618,6,0x582c92,CMP,1,NonLeaf,rbp(-1) sil(-1) ,rflags ,CMP,4,JZ,2,TEST,3,NEG,3,SETZ,4,XOR,2,JMP,2,ADD,4,CMP,4,JNZ,6,0,1,0,0,0,JMP,0,0,1,0,0,0,JMP,0,0,5778578,5779200,5778588,0,0,0,0,cpp,1.0010338566267756e-05,0.0063652343801013,0,1,0
0x582c90,JZ,382861,0,40,2,0x582c8d,TEST,1,NonLeaf,sil(-1) sil(-1) ,rflags ,TEST,3,NEG,3,SETZ,4,TEST,3,XOR,2,CMP,4,JNZ,6,XOR,2,JMP,2,ADD,4,0,1,0,0,0,JNE,0,0,1,0,0,0,JNE,0,0,5778561,5778616,5778578,0,0,0,0,cpp,1.0010338566267756e-05,0.0,0,0,0
0x582c7b,JNZ,382861,0,6734,6,0x582c78,TEST,1,NonLeaf,rcx(-1) rcx(-1) ,rflags ,TEST,3,JZ,6,CMP,6,JZ,6,CMP,4,XOR,2,TEST,3,SETZ,4,NEG,3,TEST,3,0,1,0,0,0,JAE,0,0,1,0,0,0,JE,1,0,5778552,5785289,5778561,0,0,0,0,cpp,1.0010338566267756e-05,0.0,0,1,0
0x582c72,JZ,382861,0,6670,6,0x582c6c,CMP,1,NonLeaf,rsp(-1) ,rflags ,CMP,6,JZ,6,CMP,4,JBE,6,CMP,2,TEST,3,JNZ,6,XOR,2,TEST,3,SETZ,4,0,1,0,0,0,JE,0,0,1,1,0,0,JNE,1,0,5778540,5785216,5778552,0,0,0,0,cpp,1.0010338566267756e-05,0.0,0,1,0
0x582c66,JZ,382861,0,586,6,0x582c62,CMP,1,NonLeaf,r9d(-1) ,rflags ,CMP,4,JBE,6,CMP,2,LEA,4,XOR,3,CMP,6,JZ,6,TEST,3,JNZ,6,XOR,2,0,1,0,0,0,JA,0,0,1,1,0,0,JE,0,0,5778530,5779120,5778540,0,0,0,0,cpp,1.0010338566267756e-05,0.0,0,0,0
0x582c5c,JBE,917669,534808,620,6,0x582c5a,CMP,1,NonLeaf,al(LEA) ,rflags ,CMP,2,LEA,4,XOR,3,MOV,3,NOP,8,CMP,4,JZ,6,CMP,6,JZ,6,TEST,3,1,1,0,0,0,ADD,0,0,1,1,0,0,JE,0,0,5778518,5779144,5778530,0,0,0,0,cpp,2.3993505167066803e-05,0.5827896550935032,1,0,1
0x582c3c,JNZ,97980,97980,20,2,0x582c39,CMP,1,NonLeaf,r8(-1) rbx(-1) ,rflags ,CMP,3,JNZ,2,TEST,3,MOVZX,6,JNZ,6,CMP,4,JZ,6,NOP,8,MOV,3,XOR,3,0,0,0,0,0,XOR,0,0,1,0,0,0,JE,0,0,5778489,5778512,5778494,0,0,0,0,cpp,2.561799119583647e-06,1.0,1,1,1
0x582c37,JNZ,97980,0,-23,2,0x582c34,TEST,1,NonLeaf,r10b(MOVZX) r10b(MOVZX) ,rflags ,TEST,3,MOVZX,6,JNZ,6,CMP,4,ADD,4,CMP,3,JNZ,2,CMP,4,JZ,6,NOP,8,1,1,0,0,0,JNE,0,0,0,0,0,0,JNE,1,0,5778478,5778464,5778489,0,0,0,0,cpp,2.561799119583647e-06,0.0,0,1,0
0x582c12,JNZ,97982,2,762,6,0x582c0f,CMP,1,NonLeaf,sil(-1) dil(-1) ,rflags ,CMP,3,JZ,2,TEST,3,JBE,6,CMP,2,XOR,2,JMP,2,NOP,4,ADD,4,CMP,4,0,1,0,0,0,JE,0,0,1,0,0,0,JMP,0,0,5778447,5779212,5778456,0,0,0,0,cpp,2.5618514118702277e-06,2.041191239207201e-05,0,1,0
0x582c0d,JZ,97982,0,44,2,0x582c0a,TEST,1,NonLeaf,sil(-1) sil(-1) ,rflags ,TEST,3,JBE,6,CMP,2,SETNZ,4,CMP,4,CMP,3,JNZ,6,XOR,2,JMP,2,NOP,4,0,1,0,0,0,JNE,0,0,1,0,0,0,JNE,0,0,5778442,5778489,5778447,0,0,0,0,cpp,2.5618514118702277e-06,0.0,0,0,0
0x582c04,JBE,97982,0,2196,6,0x582c02,CMP,1,NonLeaf,al(LEA) ,rflags ,CMP,2,SETNZ,4,CMP,4,LEA,4,JBE,2,TEST,3,JZ,2,CMP,3,JNZ,6,XOR,2,0,1,0,0,0,JNE,0,0,1,0,0,0,JE,0,0,5778422,5780632,5778442,0,0,0,0,cpp,2.5618514118702277e-06,0.0,0,0,0
0x582bf4,JBE,382863,284881,92,2,0x582bf2,CMP,1,NonLeaf,al(LEA) ,rflags ,CMP,2,LEA,4,MOV,4,MOVSX,4,MOV,6,LEA,4,CMP,4,SETNZ,4,CMP,2,JBE,6,0,1,0,0,0,XOR,0,0,1,0,0,0,JBE,0,0,5778406,5778512,5778422,0,0,0,0,cpp,1.0010390858554334e-05,0.7440807808537258,1,0,1
0x582b83,JNZ,382863,382863,725,6,0x582b80,CMP,1,NonLeaf,r13b(-1) sil(-1) ,rflags ,CMP,3,JZ,6,TEST,3,MOVZX,5,JZ,6,MOV,5,JMP,2,ADD,4,CMP,4,JNZ,6,0,0,0,0,0,JBE,0,0,1,0,0,0,JMP,0,0,5778304,5779032,5778313,0,0,0,0,cpp,1.0010390858554334e-05,1.0,1,0,1
0x582b7a,JZ,382863,0,4479,6,0x582b77,TEST,1,NonLeaf,sil(MOVZX) sil(MOVZX) ,rflags ,TEST,3,MOVZX,5,JZ,6,MOV,8,CMP,4,CMP,3,JNZ,6,MOV,5,JMP,2,ADD,4,0,1,0,0,0,JMP,0,0,1,0,0,0,JNE,0,0,5778290,5782777,5778304,0,0,0,0,cpp,1.0010390858554334e-05,0.0,0,0,0
0x582b6c,JZ,382863,0,2276,6,0x582b60,CMP,1,NonLeaf,r13b(-1) ,rflags ,MOV,8,CMP,4,JZ,6,MOV,3,CMP,4,MOVZX,5,TEST,3,JZ,6,CMP,3,JNZ,6,0,1,0,0,0,JMP,0,0,0,1,0,0,JE,0,0,5778272,5780560,5778290,0,0,0,0,cpp,1.0010390858554334e-05,0.0,0,0,0
0x582b5a,JZ,382863,0,902,6,0x582b53,CMP,1,NonLeaf,r13b(-1) ,rflags ,MOV,3,CMP,4,JNZ,2,TEST,5,MOVSX,4,CMP,4,MOV,8,JZ,6,MOVZX,5,TEST,3,0,1,0,0,0,JMP,0,0,1,0,0,0,JE,0,0,5778259,5779168,5778272,0,0,1,1,cpp,1.0010390858554334e-05,0.0,0,0,0
0x582b51,JNZ,382863,0,-17,2,0x582b4c,TEST,1,NonLeaf,rdx(MOV) rax(MOVSX) ,rflags ,TEST,5,MOVSX,4,MOVSX,4,ADD,4,NOP,7,CMP,4,MOV,3,JZ,6,CMP,4,MOV,8,1,1,1,1,1,JNE,0,0,1,1,0,0,JE,1,0,5778240,5778240,5778259,0,0,0,0,cpp,1.0010390858554334e-05,0.0,0,1,0
0x582af4,JNZ,382863,0,6977,6,0x582ae4,TEST,1,NonLeaf,edx(-1) edx(-1) ,rflags ,MOV,5,MOV,5,MOV,4,TEST,2,SUB,7,XOR,2,MOV,9,MOV,4,MOV,5,MOV,3,0,1,0,0,0,JA,0,0,1,0,0,0,MOV,0,0,5778128,5785141,5778170,0,0,0,1,cpp,1.0010390858554334e-05,0.0,0,0,0
0x5828db,JZ,146972,0,37,2,0x5828d4,CMP,1,NonLeaf,rbx(-1) ,rflags ,CMP,7,JNZ,6,MOV,4,TEST,3,MOV,10,MOV,2,JMP,2,NOP,7,TEST,3,JZ,2,0,1,0,0,0,JMP,0,0,0,0,0,0,JMP,0,0,5777620,5777664,5777629,0,0,0,0,cpp,3.84275097166205e-06,0.0,0,1,0
0x5828ce,JNZ,146972,0,274,6,0x5828c7,TEST,1,NonLeaf,rsi(ADD) rax(MOV) ,rflags ,MOV,4,TEST,3,MOV,10,ADD,4,JZ,2,CMP,7,JZ,2,MOV,2,JMP,2,NOP,7,0,1,0,0,0,CALL,0,1,1,0,0,0,JE,0,0,5777593,5777888,5777620,0,0,1,0,cpp,3.84275097166205e-06,0.0,0,0,0
0x5828b7,JZ,382818,235846,38,2,0x5828b4,TEST,1,NonLeaf,r15b(MOV) r15b(MOV) ,rflags ,TEST,3,MOV,3,CMOVNZ,3,TEST,2,OR,3,ADD,4,MOV,10,TEST,3,MOV,4,JNZ,6,0,0,0,0,0,JMP,0,0,1,0,0,0,JNE,0,0,5777588,5777629,5777593,0,0,0,1,cpp,1.0009214282106272e-05,0.6160786587882493,1,0,1
0x5828a3,JNZ,382818,0,-391,6,0x5828a0,TEST,1,NonLeaf,r14d(-1) r14d(-1) ,rflags ,TEST,3,NOP,5,JMP,5,CALL_NEAR,5,MOV,3,OR,3,TEST,2,CMOVNZ,3,MOV,3,TEST,3,0,0,0,0,0,CALL,0,1,1,0,0,0,MOV,0,0,5777568,5777180,5777577,0,0,1,0,cpp,1.0009214282106272e-05,0.0,0,0,0
0x582872,JLE,382818,382818,46,2,0x582869,CMP,0,NonLeaf,r14d(-1) ,rflags ,JZ,2,CMP,7,AND,3,SETNZ,3,TEST,3,CMP,7,JZ,2,CMP,7,MOV,2,JNZ,6,0,1,0,0,0,JNE,0,0,1,0,0,0,JE,0,0,5777522,5777568,5777524,0,0,0,0,cpp,1.0009214282106272e-05,1.0,1,0,1
0x582850,JNZ,382818,374161,22,2,0x582848,TEST,1,NonLeaf,r9d(-1) r9d(-1) ,rflags ,MOV,5,TEST,3,AND,4,AND,3,MOV,3,MOV,5,MOV,2,SHL,3,SUB,4,TEST,3,0,1,1,0,0,JE,0,0,1,0,0,0,SETNE,0,0,5777480,5777510,5777490,0,0,0,0,cpp,1.0009214282106272e-05,0.9773861208198152,1,0,1
0x582716,JZ,382818,382818,-202,6,0x582713,TEST,1,NonLeaf,ax(-1) ax(-1) ,rflags ,TEST,3,XOR,3,NOP,1,RET_NEAR,1,POP,2,CALL_NEAR,5,NOP,7,MOV,6,JMP,5,NOP,5,0,0,1,0,0,JGE,0,0,0,0,0,0,CALL,0,1,5777168,5776972,5777180,0,0,0,1,cpp,1.0009214282106272e-05,1.0,1,0,1
0x5826b6,JLE,382818,382818,370,6,0x5826af,CMP,1,NonLeaf,rbx(-1) ,rflags ,CMP,7,JL,2,MOV,6,CMP,7,NOP,9,MOV,7,TEST,2,MOV,7,JNZ,2,MOVSD_XMM,8,0,1,0,0,0,AND,0,0,0,0,0,0,JNE,0,0,5777071,5777448,5777084,0,0,0,1,cpp,1.0009214282106272e-05,1.0,1,0,1
0x582653,JNL,382818,382818,92,2,0x58264c,CMP,1,NonLeaf,rbx(-1) ,rflags ,CMP,7,JNZ,6,MOV,6,CMP,4,JZ,2,CMP,7,JNL,6,MOV,7,TEST,2,MOV,7,0,0,0,0,0,JLE,0,0,0,0,0,0,JGE,0,0,5776972,5777071,5776981,0,0,0,0,cpp,1.0009214282106272e-05,1.0,1,0,1
0x582630,JBE,382818,382818,224,6,0x582626,CMP,0,NonLeaf,ax(-1) ,rflags ,JZ,6,CMP,4,AND,4,MOVZX,5,FNSTCW,4,CMP,4,JZ,2,CMP,4,MOV,6,JNZ,6,0,1,0,0,0,JE,0,0,1,0,0,0,JE,0,0,5776944,5777168,5776950,0,0,0,0,cpp,1.0009214282106272e-05,1.0,1,0,1
0x58262a,JZ,382818,0,254,6,0x582626,CMP,1,NonLeaf,ax(AND) ,rflags ,CMP,4,AND,4,MOVZX,5,FNSTCW,4,SUB,4,JBE,6,CMP,4,JZ,2,CMP,4,MOV,6,0,1,0,0,0,JMP,0,0,1,0,0,0,JBE,0,0,5776896,5777192,5776944,0,0,0,0,cpp,1.0009214282106272e-05,0.0,0,0,0
0x58257b,JZ,1797,1797,-226,6,0x582578,TEST,1,NonLeaf,rdx(MOV) rdx(MOV) ,rflags ,TEST,3,MOV,3,MOV,8,ADD,3,IMUL,9,MOV,3,MOV,3,CALL_NEAR,5,MOV,3,MOV,3,0,0,0,0,0,MOV,0,0,0,0,0,0,CALL,0,1,5776728,5776537,5776769,0,0,1,1,cpp,4.6984619492670064e-08,1.0,1,0,1
0x58247d,JLE,1797,1797,219,6,0x58247a,CMP,1,NonLeaf,rdx(-1) rsi(MOVSXD) ,rflags ,CMP,3,MOVSXD,3,SUB,2,MOV,5,JLE,2,MOV,3,CDQE,2,MOV,8,TEST,3,JNZ,6,0,1,0,0,0,JE,0,0,0,0,0,0,JNE,0,0,5776496,5776728,5776515,1,0,1,0,cpp,4.6984619492670064e-08,1.0,1,1,1
0x58246e,JLE,663161,661364,21,2,0x58246b,TEST,1,NonLeaf,rdx(MOV) rdx(MOV) ,rflags ,TEST,3,MOV,3,NOP,6,JMP,5,MOVSX,4,MOV,5,SUB,2,MOVSXD,3,CMP,3,JLE,6,0,1,0,0,0,JNE,0,0,1,0,0,0,JLE,0,0,5776488,5776515,5776496,0,0,0,0,cpp,1.7339102530538995e-05,0.9972902507837464,1,0,1
0x5823ef,JZ,942067,0,9,2,0x5823ec,CMP,1,NonLeaf,eax(-1) ,rflags ,CMP,3,JLE,2,LEA,3,LEA,5,TEST,3,MOV,2,JMP,2,NOP,3,MOV,3,TEST,3,0,1,0,0,0,JNE,0,0,1,0,0,0,JMP,0,0,5776364,5776376,5776369,0,0,0,0,cpp,2.463141877106356e-05,0.0,0,1,0
0x5823ea,JLE,1605228,663161,126,2,0x5823df,TEST,1,NonLeaf,r12d(SUB) r12d(SUB) ,rflags ,LEA,3,LEA,5,TEST,3,ADD,4,SUB,4,CMP,3,JZ,2,MOV,2,JMP,2,NOP,3,0,1,1,0,0,JLE,1,0,1,0,0,0,JE,0,0,5776338,5776488,5776364,0,0,0,0,cpp,4.197052130160255e-05,0.4131257366554782,0,0,0
0x5823c3,JZ,364599,364599,8,2,0x5823c0,TEST,1,NonLeaf,r13(-1) r13(-1) ,rflags ,TEST,3,JBE,2,CMP,4,MOVSX,4,LEA,3,CMP,4,JZ,2,ADD,3,MOVSX,4,LEA,5,0,1,0,0,0,MOVSX,0,0,1,0,0,0,JE,0,0,5776320,5776331,5776325,0,0,0,0,cpp,9.532857697500286e-06,1.0,1,0,1
0x5823be,JBE,1605228,1240629,20,2,0x5823ba,CMP,1,NonLeaf,sil(LEA) ,rflags ,CMP,4,MOVSX,4,LEA,3,MOVZX,3,NOP,6,TEST,3,JZ,2,CMP,4,JZ,2,ADD,3,1,1,1,0,0,JLE,0,0,1,0,0,0,JE,0,0,5776304,5776338,5776320,0,0,0,0,cpp,4.197052130160255e-05,0.7728677795303844,1,0,1
0x57f421,JNZ,678175,678175,-565,6,0x57f41b,TEST,1,NonLeaf,edx(-1) ,rflags ,TEST,6,JMP,5,MOV,3,JMP,5,MOV,10,MOVSX,6,MOV,4,CMP,4,JZ,2,TEST,2,0,0,0,0,0,JE,0,0,1,0,0,0,JE,0,0,5764123,5763564,5764135,0,0,0,0,cpp,1.7731660725899567e-05,1.0,1,0,1
0x57f3c3,JZ,25,25,-216,6,0x57f3bd,TEST,1,NonLeaf,r9(MOV) rsi(-1) ,rflags ,TEST,6,MOV,4,JZ,6,CMP,3,NOP,5,MOV,4,MOV,4,SUB,4,JMP,5,NOP,6,0,0,0,0,0,JE,0,0,1,0,0,0,JMP,0,0,5764025,5763819,5764041,0,0,0,0,cpp,6.536535822575133e-10,1.0,1,0,1
0x57f328,JBE,1,1,40,2,0x57f325,CMP,1,NonLeaf,r10(-1) rdx(MOV) ,rflags ,CMP,3,NEG,3,MOV,10,MOV,3,JZ,6,MOV,7,MOV,7,JMP,5,NOP,3,MOV,7,0,0,1,0,0,RET,0,0,1,0,0,0,JMP,0,0,5763861,5763920,5763882,0,0,0,1,cpp,2.6146143290300536e-11,1.0,1,0,1
0x57f30f,JZ,1546109,1546108,452,6,0x57f30d,TEST,1,NonLeaf,ecx(MOV) ecx(MOV) ,rflags ,TEST,2,MOV,4,JNZ,6,TEST,3,MOV,3,MOV,3,MOV,10,NEG,3,CMP,3,JBE,2,0,1,0,0,0,JBE,0,0,1,0,0,0,JBE,0,0,5763849,5764307,5763861,0,0,0,0,cpp,4.042478745642328e-05,0.9999993532150708,1,0,1
0x57f303,JNZ,1546109,0,221,6,0x57f300,TEST,1,NonLeaf,r11d(-1) r11d(-1) ,rflags ,TEST,3,MOV,3,JZ,2,TEST,3,MOV,4,MOV,4,TEST,2,JZ,6,MOV,3,MOV,10,0,1,0,0,0,JE,0,0,1,0,0,0,JE,0,0,5763840,5764064,5763849,0,0,1,0,cpp,4.042478745642328e-05,0.0,0,0,0
0x57f2fb,JZ,1546109,25,5,2,0x57f2f8,TEST,1,NonLeaf,rax(MOV) rax(MOV) ,rflags ,TEST,3,MOV,4,JZ,6,CMP,3,MOV,3,MOV,3,TEST,3,JNZ,6,MOV,4,TEST,2,0,1,1,0,0,JNE,0,0,1,0,0,0,MOV,0,0,5763828,5763840,5763837,0,0,0,1,cpp,4.042478745642328e-05,1.6169623228375232e-05,0,0,0
0x57f2ee,JZ,1546109,0,378,6,0x57f2eb,CMP,1,NonLeaf,rcx(-1) r12(-1) ,rflags ,CMP,3,MOV,3,JNZ,2,LEA,4,TEST,3,MOV,4,TEST,3,JZ,2,MOV,3,TEST,3,0,0,0,0,0,JE,0,0,0,0,0,0,JE,0,0,5763819,5764200,5763828,0,0,0,0,cpp,4.042478745642328e-05,0.0,0,0,0
0x57f2e6,JNZ,2719052,1172968,-73,2,0x57f2df,TEST,1,NonLeaf,sil(MOVZX) sil(MOVZX) ,rflags ,LEA,4,TEST,3,ADD,3,MOVZX,4,MOVZX,4,MOV,3,CMP,3,JZ,6,MOV,4,TEST,3,0,0,0,0,0,JE,0,0,0,0,0,0,MOV,0,0,5763792,5763741,5763816,0,0,0,0,cpp,7.109272320577825e-05,0.4313885869045535,0,0,0
0x57f2ca,JZ,2719052,0,198,6,0x57f2c7,CMP,1,NonLeaf,r10(-1) rdi(-1) ,rflags ,CMP,3,JB,6,CMP,3,JNL,2,CMP,2,IMUL,4,MOVZX,4,MOVZX,4,ADD,3,TEST,3,0,1,0,0,0,JBE,0,0,1,0,0,0,JNE,0,0,5763783,5763984,5763792,0,1,0,0,cpp,7.109272320577825e-05,0.0,0,0,0
0x57f2c1,JB,2719052,0,223,6,0x57f2be,CMP,1,NonLeaf,rdi(-1) r10(-1) ,rflags ,CMP,3,JNL,2,CMP,2,MOVZX,4,JNBE,2,CMP,3,JZ,6,IMUL,4,MOVZX,4,MOVZX,4,0,1,0,0,0,JMP,0,0,1,0,0,0,JE,0,0,5763774,5764000,5763783,0,0,0,0,cpp,7.109272320577825e-05,0.0,0,0,0
0x57f2bc,JNL,2719052,0,47,2,0x57f2ba,CMP,1,NonLeaf,esi(MOVZX) edx(-1) ,rflags ,CMP,2,MOVZX,4,JNBE,2,CMP,4,MOV,3,CMP,3,JB,6,CMP,3,JZ,6,IMUL,4,0,0,0,0,0,JE,0,0,1,0,0,0,JB,0,0,5763766,5763819,5763774,0,0,0,0,cpp,7.109272320577825e-05,0.0,0,0,0
0x57f2b4,JNBE,1172968,25,-100,2,0x57f2b0,CMP,1,NonLeaf,r9b(LEA) ,rflags ,CMP,4,MOV,3,LEA,4,MOV,3,JZ,6,MOVZX,4,CMP,2,JNL,2,CMP,3,JB,6,0,0,0,0,0,JE,0,0,0,0,0,0,JGE,0,0,5763750,5763664,5763766,0,0,0,0,cpp,3.066858940293724e-05,2.131345441648877e-05,0,0,0
0x57f2a0,JZ,1172968,0,371,6,0x57f29d,CMP,1,NonLeaf,rax(-1) r9(-1) ,rflags ,CMP,3,JZ,2,TEST,3,LEA,4,MOVZX,4,MOV,3,LEA,4,MOV,3,CMP,4,JNBE,2,0,1,0,0,0,JMP,0,0,1,0,0,0,JA,0,0,5763741,5764115,5763750,0,1,0,0,cpp,3.066858940293724e-05,0.0,0,0,0
0x57f253,JZ,25,25,358,6,0x57f250,TEST,1,NonLeaf,rbx(-1) rbx(-1) ,rflags ,TEST,3,NOP,8,JBE,2,CMP,4,LEA,4,CMP,4,JNZ,6,XOR,3,JMP,2,NOP,8,0,1,0,0,0,JE,0,0,1,0,0,0,JNE,0,0,5763664,5764025,5763673,0,0,0,0,cpp,6.536535822575133e-10,1.0,1,0,1
0x57f246,JBE,1546109,1546109,112,2,0x57f242,CMP,1,NonLeaf,r9b(LEA) ,rflags ,CMP,4,LEA,4,MOV,5,MOVSXD,3,MOV,3,NOP,8,TEST,3,JZ,6,CMP,4,JNZ,6,0,1,0,0,0,JGE,0,0,1,0,0,0,NOP,0,0,5763625,5763766,5763656,0,0,0,0,cpp,4.042478745642328e-05,1.0,1,0,1
0x57f223,JZ,1546109,0,581,6,0x57f220,CMP,1,NonLeaf,rax(-1) r12(-1) ,rflags ,CMP,3,JZ,6,MOV,4,MOVZX,7,MOV,8,LEA,4,XOR,3,XOR,3,MOV,3,MOVSXD,3,0,0,0,0,0,JE,0,0,1,0,0,0,JBE,0,0,5763616,5764200,5763625,0,0,0,1,cpp,4.042478745642328e-05,0.0,0,0,0
0x57f21a,JZ,1546109,0,590,6,0x57f200,TEST,1,NonLeaf,r14b(-1) r14b(-1) ,rflags ,MOV,4,MOVZX,7,MOV,8,MOVZX,4,TEST,3,CMP,3,JZ,6,LEA,4,XOR,3,XOR,3,0,0,0,0,0,JE,0,0,1,0,0,0,JE,0,0,5763581,5764200,5763616,0,0,0,0,cpp,4.042478745642328e-05,0.0,0,0,0
0x57f1f0,JZ,1546109,1546109,367,6,0x57f1ec,CMP,1,NonLeaf,edx(-1) ,rflags ,NOP,1,CMP,3,JZ,6,TEST,2,JZ,6,LEA,3,XOR,2,XOR,2,MOVSXD,3,TEST,3,0,0,0,0,0,JNE,0,0,1,0,0,0,LEA,0,0,5763564,5763935,5763574,0,0,0,0,cpp,4.042478745642328e-05,1.0,1,0,1
0x57f1e6,JZ,867934,0,377,6,0x57f1e4,TEST,1,NonLeaf,edx(-1) edx(-1) ,rflags ,TEST,2,JZ,6,CMP,4,JZ,6,MOV,8,CMP,3,NOP,1,JZ,6,LEA,3,XOR,2,0,0,0,0,0,JNE,0,0,0,0,0,0,JE,0,0,5763556,5763935,5763564,0,0,0,0,cpp,2.2693126730523707e-05,0.0,0,0,0
0x57f1de,JZ,1546109,678175,573,6,0x57f1da,CMP,1,NonLeaf,r14b(-1) ,rflags ,CMP,4,JZ,6,MOV,8,CMP,4,JZ,6,TEST,2,JZ,6,CMP,3,NOP,1,JZ,6,0,1,0,0,0,JNE,0,0,1,0,0,0,JE,0,0,5763546,5764123,5763556,0,0,0,0,cpp,4.042478745642328e-05,0.4386333693161349,0,0,0
0x57f1c2,JZ,1546109,1,652,6,0x57f1be,CMP,1,NonLeaf,r14b(-1) ,rflags ,CMP,4,JZ,6,TEST,3,JNZ,2,TEST,6,CMP,4,MOV,8,JZ,6,CMP,4,JZ,6,0,1,0,0,0,JMP,0,0,1,0,0,0,JE,0,0,5763518,5764174,5763528,0,0,1,1,cpp,4.042478745642328e-05,6.467849291350093e-07,0,0,0
0x57f19d,JZ,1546109,1546109,24,2,0x57f197,TEST,1,NonLeaf,r15(MOV) rax(MOVSX) ,rflags ,TEST,6,MOVSX,4,MOV,3,MOV,4,MOVZX,5,NOP,1,ADD,4,MOVZX,5,MOVSX,4,TEST,6,0,1,1,0,0,JE,1,0,1,0,0,0,NOP,0,0,5763463,5763509,5763487,0,0,0,0,cpp,4.042478745642328e-05,1.0,1,0,1
0x57f181,JNBE,1546109,0,447,6,0x57f17e,CMP,1,NonLeaf,edx(-1) ,rflags ,CMP,3,JZ,6,CMP,3,XOR,2,XOR,2,MOVZX,5,MOV,4,MOV,3,MOVSX,4,TEST,6,0,0,0,0,0,XOR,1,0,1,0,0,0,JE,0,0,5763454,5763904,5763463,0,0,1,0,cpp,4.042478745642328e-05,0.0,0,0,0
0x57f178,JZ,1546109,0,456,6,0x57f175,CMP,1,NonLeaf,edx(-1) ,rflags ,CMP,3,XOR,2,XOR,2,JNZ,6,MOV,4,CMP,3,JNBE,6,MOVZX,5,MOV,4,MOV,3,0,1,0,0,0,XOR,1,0,1,0,0,0,JA,0,0,5763445,5763904,5763454,0,0,1,0,cpp,4.042478745642328e-05,0.0,0,0,0
0x57f16b,JNZ,1546109,0,1007,6,0x57f161,TEST,1,NonLeaf,ecx(-1) ecx(-1) ,rflags ,MOV,4,MOV,4,TEST,2,SUB,4,PUSH,1,XOR,2,XOR,2,CMP,3,JZ,6,CMP,3,0,1,0,0,0,JA,0,0,1,0,0,0,XOR,0,0,5763408,5764442,5763441,0,0,0,0,cpp,4.042478745642328e-05,0.0,0,0,0
0x57f07a,JZ,5,0,44,2,0x57f077,TEST,1,NonLeaf,rax(-1) rax(-1) ,rflags ,TEST,3,CALL_NEAR,5,MOV,5,MOV,3,PUSH,1,MOV,3,MOV,4,MOV,4,XOR,9,ROL,4,0,1,0,0,0,JMP,0,0,1,0,0,0,XOR,0,0,5763191,5763238,5763196,0,1,0,1,cpp,1.3073071645150268e-10,0.0,0,0,0
0x57efd5,JZ,1,0,16,2,0x57efd2,TEST,1,NonLeaf,r8(-1) r8(-1) ,rflags ,TEST,3,MOV,3,RET_NEAR,1,POP,1,POP,1,LEA,4,MOV,8,JMP,2,MOV,5,MOV,5,0,0,0,0,0,CALL,0,1,0,0,0,0,JMP,0,0,5763026,5763045,5763031,0,0,1,1,cpp,2.6146143290300536e-11,0.0,0,0,0
0x57efbf,JNZ,5,0,269,6,0x57efb9,DEC,1,NonLeaf,rip(JNZ) ,rflags ,DEC,6,JMP,2,JNZ,6,DEC_LOCK,7,JZ,2,ADD,4,MOV,3,POP,1,POP,1,RET_NEAR,1,0,-1,-1,-1,-1,CALL,-1,1,0,1,0,0,RET,0,0,5763001,5763276,5763013,0,0,1,0,cpp,1.3073071645150268e-10,0.0,0,0,0
0x57efa8,JZ,5,5,17,2,0x57efa1,CMP,1,NonLeaf,rip(JZ) ,rflags ,CMP,7,ADD,8,MOV,7,LEA,5,MOV,4,DEC_LOCK,7,JNZ,6,JMP,2,DEC,6,JNZ,6,0,1,0,0,0,JNE,0,0,1,0,0,0,JNE,0,0,5762977,5763001,5762986,0,0,1,0,cpp,1.3073071645150268e-10,1.0,1,0,1
0x57ef65,JZ,1,1,109,2,0x57ef62,TEST,1,NonLeaf,rax(MOV) rax(MOV) ,rflags ,TEST,3,MOV,8,MOV,3,JNZ,2,TEST,3,MOV,3,MOV,3,JMP,2,MOV,3,NOP,6,0,0,0,0,0,JE,1,0,1,0,0,0,JMP,0,0,5762903,5763026,5762919,0,0,0,0,cpp,2.6146143290300536e-11,1.0,1,0,1
0x57ef2a,JNZ,4,4,69,2,0x57ef24,CMP,1,NonLeaf,r8(-1) rcx(SHL) ,rflags ,CMP,6,SHL,4,MOV,3,LEA,4,JZ,2,SHL,4,LEA,5,JMP,2,NOP,9,SUB,4,0,1,0,0,0,NOP,1,0,1,0,0,0,JMP,0,0,5762841,5762927,5762860,0,0,0,0,cpp,1.0458457316120216e-10,1.0,1,0,1
0x57eefc,JZ,5,0,233,6,0x57eef9,TEST,1,NonLeaf,rbp(MOV) rbp(MOV) ,rflags ,TEST,3,MOV,3,JNZ,6,CMPXCHG,7,JMP,2,MOV,3,XOR,3,NOP,8,MOV,4,TEST,3,0,1,0,0,0,CALL,0,1,1,0,0,0,NOP,0,0,5762806,5763045,5762818,0,0,1,0,cpp,1.3073071645150268e-10,0.0,0,0,0
0x57eef0,JNZ,5,0,445,6,0x57eee9,CMPXCHG,1,NonLeaf,rip(JNZ) esi(-1) eax(CMPXCHG) ,eax rflags ,CMPXCHG,7,JMP,2,JNZ,6,CMPXCHG_LOCK,8,JZ,2,MOV,3,TEST,3,JZ,6,MOV,3,XOR,3,0,-1,-1,-1,-1,CALL,-1,1,0,1,0,0,JE,0,0,5762793,5763245,5762806,0,0,1,0,cpp,1.3073071645150268e-10,0.0,0,0,0
0x57eed7,JZ,5,5,18,2,0x57eed0,CMP,1,NonLeaf,rip(JZ) ,rflags ,CMP,7,SUB,4,MOV,3,PUSH,1,XOR,2,CMPXCHG_LOCK,8,JNZ,6,JMP,2,CMPXCHG,7,JNZ,6,0,1,0,0,0,JNE,0,0,1,0,0,0,JNE,0,0,5762752,5762793,5762777,0,0,1,0,cpp,1.3073071645150268e-10,1.0,1,0,1
0x57ee23,JB,1,0,-14,2,0x57ee1c,CMP,1,NonLeaf,rbp(ADD) ,rflags ,CMP,7,ADD,4,CALL_NEAR,3,MOV,3,JNB,2,MOV,2,CALL_NEAR,5,NOP,4,MOV,4,MOV,4,0,0,0,1,1,CALL,0,1,0,1,0,0,CALL,1,1,5762584,5762581,5762597,0,0,1,1,cpp,2.6146143290300536e-11,0.0,0,1,0
0x57ee10,JNB,1,0,21,2,0x57ee0a,CMP,1,NonLeaf,rax(MOV) ,rflags ,CMP,6,MOV,5,JZ,2,TEST,3,JNZ,6,MOV,3,CALL_NEAR,3,ADD,4,CMP,7,JB,2,0,0,1,0,0,CALL,0,1,1,0,0,0,MOV,0,0,5762565,5762597,5762578,0,0,1,0,cpp,2.6146143290300536e-11,0.0,0,0,0
0x57ee03,JZ,1,0,34,2,0x57ee00,TEST,1,NonLeaf,r12b(-1) r12b(-1) ,rflags ,TEST,3,JNZ,6,MOV,4,TEST,3,MOV,4,MOV,5,CMP,6,JNB,2,MOV,3,CALL_NEAR,3,0,1,1,0,0,CALL,0,1,1,0,0,0,JAE,0,0,5762560,5762597,5762565,0,0,1,0,cpp,2.6146143290300536e-11,0.0,0,0,0
0x57edfa,JNZ,1,0,142,6,0x57edf3,TEST,1,NonLeaf,rax(MOV) rax(MOV) ,rflags ,MOV,4,TEST,3,MOV,4,JNZ,2,TEST,3,TEST,3,JZ,2,MOV,5,CMP,6,JNB,2,0,1,0,0,0,CALL,0,1,0,1,0,0,JE,1,0,5762543,5762696,5762560,0,0,1,0,cpp,2.6146143290300536e-11,0.0,0,1,0
0x57edde,JZ,5,5,114,2,0x57edda,CMP,1,NonLeaf,r8(-1) ,rflags ,CMP,4,JZ,6,CMP,4,MOV,3,MOV,4,CMP,4,JZ,2,SUB,4,TEST,3,JNZ,2,0,1,0,0,0,CALL,1,1,1,0,0,0,JE,0,0,5762522,5762640,5762528,0,0,1,0,cpp,1.3073071645150268e-10,1.0,1,0,1
0x57edd4,JZ,5,0,156,6,0x57edd0,CMP,1,NonLeaf,r8(MOV) ,rflags ,CMP,4,MOV,3,MOV,4,SUB,4,JZ,2,CMP,4,JZ,2,CMP,4,JZ,2,SUB,4,1,1,0,0,0,CALL,1,1,1,0,0,0,JE,0,0,5762501,5762672,5762522,0,0,1,0,cpp,1.3073071645150268e-10,0.0,0,0,0
0x57edc3,JZ,6,1,44,2,0x57edbb,TEST,1,NonLeaf,rax(MOV) rax(MOV) ,rflags ,LEA,5,TEST,3,SHL,4,MOV,3,MOV,4,SUB,4,MOV,4,MOV,3,CMP,4,JZ,6,1,1,1,0,0,JNE,1,0,1,0,1,0,JE,0,0,5762480,5762543,5762501,0,1,1,1,cpp,1.5687685974180323e-10,0.1666666666666666,0,0,0
0x57eda9,JZ,1,0,87,2,0x57eda6,TEST,1,NonLeaf,r13(MOV) r13(MOV) ,rflags ,TEST,3,MOV,4,SUB,4,MOV,2,PUSH,1,NOP,5,MOV,4,MOV,3,SHL,4,TEST,3,1,1,1,0,0,JE,1,0,1,0,0,0,NOP,0,0,5762466,5762560,5762475,0,0,0,0,cpp,2.6146143290300536e-11,0.0,0,0,0
0x57ed7b,JNZ,1,0,-43,2,0x57ed76,CMP,1,NonLeaf,rbx(-1) r14(-1) ,rflags ,CMP,5,JNZ,2,TEST,2,CALL_NEAR,5,MOV,3,LEA,5,JMP,2,NOP,4,XOR,2,JMP,2,0,0,0,0,0,JE,0,0,1,0,0,0,JMP,1,0,5762422,5762384,5762429,0,1,0,0,cpp,2.6146143290300536e-11,0.0,0,1,0
0x57ed74,JNZ,7,6,-36,2,0x57ed72,TEST,1,NonLeaf,eax(-1) eax(-1) ,rflags ,TEST,2,CALL_NEAR,5,MOV,3,MOV,3,LEA,4,CMP,5,JNZ,2,LEA,5,JMP,2,NOP,4,0,0,0,0,0,JE,0,0,1,0,0,0,JNE,0,0,5762418,5762384,5762422,0,0,0,0,cpp,1.8302300303210375e-10,0.8571428571428571,1,0,1
0x57ed5b,JZ,289,6,-69,2,0x57ed58,TEST,1,NonLeaf,rbx(MOV) rbx(MOV) ,rflags ,TEST,3,MOV,4,ADD,4,NOP,9,JMP,2,CMP,4,JNZ,2,LEA,4,MOV,3,MOV,3,0,0,1,0,0,RET,1,0,0,0,1,1,JNE,0,0,5762384,5762326,5762397,1,0,0,0,cpp,7.556235410896856e-09,0.0207612456747404,0,0,0
0x57ed43,JNZ,7,7,26,2,0x57ed40,TEST,1,NonLeaf,rbx(MOV) rbx(MOV) ,rflags ,TEST,3,LEA,4,MOV,4,LEA,4,MOVZX,4,JMP,2,NOP,9,ADD,4,MOV,4,TEST,3,0,1,0,1,0,JNE,0,0,1,0,0,0,JMP,0,0,5762352,5762397,5762373,0,0,0,0,cpp,1.8302300303210375e-10,1.0,1,1,1
0x57ecde,JZ,7,0,170,6,0x57ecdc,TEST,1,NonLeaf,al(MOVZX) al(MOVZX) ,rflags ,TEST,2,MOVZX,3,MOV,3,JZ,6,TEST,3,CMP,4,JNZ,2,MOV,4,OR,3,TEST,3,0,0,0,0,0,JMP,0,0,1,0,0,0,JNE,0,0,5762262,5762440,5762276,0,0,0,0,cpp,1.8302300303210375e-10,0.0,0,0,0
0x57ecd0,JZ,7,0,184,6,0x57eccd,TEST,1,NonLeaf,rbp(MOV) rbp(MOV) ,rflags ,TEST,3,MOV,7,CALL_NEAR,5,SUB,4,MOV,3,MOV,3,MOVZX,3,TEST,2,JZ,6,CMP,4,0,1,0,0,0,JMP,0,0,1,0,0,0,JE,0,0,5762246,5762440,5762262,0,0,0,0,cpp,1.8302300303210375e-10,0.0,0,0,0
0x57e5f2,JB,14,12,-39,2,0x57e5ef,CMP,1,NonLeaf,r15(-1) r14(MOV) ,rflags ,CMP,3,MOV,3,JNS,2,TEST,2,CALL_NEAR,3,ADD,4,XOR,2,POP,1,POP,1,POP,2,0,0,0,1,1,CALL,0,1,0,0,0,0,RET,1,0,5760492,5760459,5760500,0,0,1,0,cpp,3.660460060642075e-10,0.8571428571428571,1,1,1
0x57e5ea,JNS,14,0,-42,2,0x57e5e8,TEST,1,NonLeaf,eax(-1) eax(-1) ,rflags ,TEST,2,CALL_NEAR,3,MOV,3,ADD,5,IMUL,4,MOV,3,CMP,3,JB,2,ADD,4,XOR,2,0,1,0,0,0,JE,0,0,1,0,0,0,JB,0,0,5760488,5760448,5760492,0,0,0,0,cpp,3.660460060642075e-10,0.0,0,0,0
0x57e5b6,JNZ,2,2,21,2,0x57e5aa,TEST,1,NonLeaf,rdx(-1) rdx(-1) ,rflags ,MOV,5,MOV,4,TEST,3,SUB,4,PUSH,1,JMP,2,NOP,6,JZ,2,LEA,4,CMP,3,0,1,0,1,0,CALL,0,1,1,0,0,0,JMP,0,0,5760400,5760459,5760440,0,0,1,0,cpp,5.2292286580601066e-11,1.0,1,0,1
0x578a2c,JZ,2,2,17,2,0x578a29,TEST,1,Leaf,rcx(MOV) rcx(MOV) ,rflags ,TEST,3,MOV,5,MOV,4,LEA,4,MOV,7,MOV,7,LEA,4,MOV,4,MOV,4,MOV,7,0,1,1,0,0,MOV,0,0,1,0,0,0,MOV,0,0,5736996,5737021,5737006,0,0,1,1,cpp,5.2292286580601066e-11,1.0,1,0,1
0x578a13,JZ,2,2,17,2,0x578a10,TEST,1,Leaf,rcx(MOV) rcx(MOV) ,rflags ,TEST,3,MOV,5,MOV,4,LEA,4,MOV,7,MOV,7,LEA,4,MOV,4,MOV,5,TEST,3,0,1,1,0,0,JE,0,0,1,0,0,0,MOV,0,0,5736971,5736996,5736981,0,0,0,1,cpp,5.2292286580601066e-11,1.0,1,0,1
0x5789e1,JZ,2,2,17,2,0x5789de,TEST,1,Leaf,rcx(MOV) rcx(MOV) ,rflags ,TEST,3,MOV,5,MOV,4,LEA,4,MOV,7,MOV,7,LEA,4,MOV,4,MOV,5,TEST,3,0,1,1,0,0,JE,0,0,1,0,0,0,MOV,0,0,5736921,5736946,5736931,0,0,0,1,cpp,5.2292286580601066e-11,1.0,1,0,1
0x5789c8,JZ,2,2,17,2,0x5789c5,TEST,1,Leaf,rcx(MOV) rcx(MOV) ,rflags ,TEST,3,MOV,5,MOV,4,LEA,4,MOV,7,MOV,7,LEA,4,MOV,4,MOV,5,TEST,3,0,1,1,0,0,JE,0,0,1,0,0,0,MOV,0,0,5736896,5736921,5736906,0,0,0,1,cpp,5.2292286580601066e-11,1.0,1,0,1
0x5789af,JZ,2,2,17,2,0x5789ac,TEST,1,Leaf,rcx(MOV) rcx(MOV) ,rflags ,TEST,3,MOV,5,MOV,4,LEA,4,MOV,7,MOV,7,LEA,4,MOV,4,MOV,5,TEST,3,0,1,1,0,0,JE,0,0,1,0,0,0,MOV,0,0,5736871,5736896,5736881,0,0,0,1,cpp,5.2292286580601066e-11,1.0,1,0,1
0x578996,JZ,2,2,17,2,0x578993,TEST,1,Leaf,rcx(MOV) rcx(MOV) ,rflags ,TEST,3,MOV,5,MOV,4,LEA,4,MOV,7,MOV,7,LEA,4,MOV,4,MOV,5,TEST,3,0,1,1,0,0,JE,0,0,1,0,0,0,MOV,0,0,5736846,5736871,5736856,0,0,0,1,cpp,5.2292286580601066e-11,1.0,1,0,1
0x57897d,JZ,2,2,17,2,0x57897a,TEST,1,Leaf,rcx(MOV) rcx(MOV) ,rflags ,TEST,3,MOV,5,MOV,4,LEA,4,MOV,7,MOV,7,LEA,4,MOV,4,MOV,5,TEST,3,0,1,1,0,0,JE,0,0,1,0,0,0,MOV,0,0,5736821,5736846,5736831,0,0,0,1,cpp,5.2292286580601066e-11,1.0,1,0,1
0x578964,JZ,2,0,17,2,0x578961,TEST,1,Leaf,rcx(MOV) rcx(MOV) ,rflags ,TEST,3,MOV,5,MOV,4,LEA,4,MOV,7,MOV,7,LEA,4,MOV,4,MOV,5,TEST,3,0,1,1,0,0,JE,0,0,1,0,0,0,MOV,0,0,5736796,5736821,5736806,0,0,0,1,cpp,5.2292286580601066e-11,0.0,0,0,0
0x57894b,JZ,2,0,17,2,0x578948,TEST,1,Leaf,rcx(MOV) rcx(MOV) ,rflags ,TEST,3,MOV,5,MOV,4,MOV,7,JZ,2,MOV,7,LEA,4,MOV,4,MOV,5,TEST,3,0,1,1,0,0,JE,0,0,1,0,0,0,MOV,0,0,5736771,5736796,5736781,0,0,0,1,cpp,5.2292286580601066e-11,0.0,0,0,0
0x57891d,JZ,2,2,17,2,0x57891a,TEST,1,Leaf,rcx(MOV) rcx(MOV) ,rflags ,TEST,3,MOV,5,MOV,4,CMOVNZ,4,MOV,5,MOV,7,LEA,4,MOV,4,MOV,5,TEST,3,0,1,1,0,0,JE,0,0,1,0,0,0,MOV,0,0,5736708,5736750,5736735,0,0,0,1,cpp,5.2292286580601066e-11,1.0,1,0,1
0x5788fe,JZ,2,0,364,6,0x5788f7,TEST,1,Leaf,rdi(-1) rdi(-1) ,rflags ,MOV,4,TEST,3,MOV,7,INVALID,0,INVALID,0,CMP,4,MOV,5,CMOVNZ,4,MOV,4,MOV,5,0,1,1,0,0,RET,0,0,1,0,0,0,JE,0,0,5736688,5737066,5736708,0,0,0,1,cpp,5.2292286580601066e-11,0.0,0,0,0
0x5784cc,JNZ,1,0,-728,6,0x5784c7,CMP,1,NonLeaf,r13(-1) ,rflags ,CMP,5,JMP,5,MOV,10,NOP,4,JMP,2,LEA,4,POP,1,POP,2,POP,2,POP,2,0,0,0,0,0,JNE,0,0,1,0,0,0,RET,1,0,5735623,5734900,5735634,0,0,0,0,cpp,2.6146143290300536e-11,0.0,0,1,0
0x5781e7,JZ,1,0,-39,2,0x5781e5,TEST,1,NonLeaf,edx(MOV) edx(MOV) ,rflags ,TEST,2,MOV,5,MOV,6,MOV,11,RET_NEAR,1,CMP,5,JZ,6,CMP,8,JNZ,6,LEA,7,0,0,0,0,0,RET,1,0,1,0,0,0,JE,0,0,5734874,5734848,5734889,0,0,0,0,cpp,2.6146143290300536e-11,0.0,0,0,0
0x5780f0,JZ,1,1,234,6,0x5780e6,CMP,1,NonLeaf,rbp(-1) ,rflags ,CMP,10,JZ,6,CMP,6,MOV,7,JZ,6,TEST,3,JZ,6,MOV,6,LEA,7,MOV,5,0,0,0,0,0,JE,1,0,1,0,0,0,JE,0,0,5734630,5734874,5734646,0,0,0,0,cpp,2.6146143290300536e-11,1.0,1,0,1
0x5780e0,JZ,1,0,239,6,0x5780da,CMP,1,NonLeaf,rax(MOV) ,rflags ,CMP,6,MOV,7,JZ,6,TEST,3,JNZ,6,CMP,10,JZ,6,TEST,3,JZ,6,MOV,6,0,1,0,0,0,MOV,1,0,1,0,0,0,JE,0,0,5734611,5734863,5734630,0,0,1,0,cpp,2.6146143290300536e-11,0.0,0,0,0
0x5780cd,JZ,1,0,227,6,0x5780ca,TEST,1,NonLeaf,r13(-1) r13(-1) ,rflags ,TEST,3,JNZ,6,TEST,5,JZ,6,MOV,7,MOV,7,CMP,6,JZ,6,CMP,10,JZ,6,0,0,0,0,0,XOR,1,0,1,0,0,0,JE,0,0,5734602,5734832,5734611,0,0,1,0,cpp,2.6146143290300536e-11,0.0,0,0,0
0x5780b9,JZ,1,1,1023,6,0x5780a9,CMP,1,NonLeaf,edi(-1) ,rflags ,MOV,7,MOV,6,CMP,3,SUB,7,PUSH,1,TEST,5,JNZ,6,TEST,3,JZ,6,MOV,7,0,1,0,0,0,JMP,0,0,1,0,0,0,JNE,0,0,5734544,5735608,5734591,0,0,1,0,cpp,2.6146143290300536e-11,1.0,1,0,1
0x57659b,JNZ,2,1,-11,2,0x576597,SUB,1,NonLeaf,rbx(SUB) ,rbx rflags ,SUB,4,CALL_NEAR,7,NOP,10,JZ,2,TEST,3,POP,1,JMP,5,INVALID,0,INVALID,0,INVALID,0,0,0,0,1,1,CALL,0,1,0,1,0,0,JMP,1,0,5727639,5727632,5727645,0,0,1,0,cpp,5.2292286580601066e-11,0.5,0,1,0
0x576584,JZ,1,0,25,2,0x576581,TEST,1,NonLeaf,rbx(SAR) rbx(SAR) ,rflags ,TEST,3,SAR,4,SUB,7,MOV,5,PUSH,1,NOP,10,CALL_NEAR,7,SUB,4,JNZ,2,POP,1,0,1,1,0,0,JMP,0,0,1,0,0,0,NOP,0,0,5727600,5727645,5727622,0,0,0,0,cpp,2.6146143290300536e-11,0.0,0,0,0
0x57655e,JNZ,8,7,-22,2,0x57655b,CMP,1,NonLeaf,rbx(ADD) r14(-1) ,rflags ,CMP,3,ADD,4,CALL_NEAR,7,MOV,2,MOV,3,POP,1,POP,1,POP,2,POP,2,POP,2,0,0,0,1,1,CALL,0,1,0,1,0,0,RET,1,0,5727575,5727560,5727584,0,0,1,0,cpp,2.091691463224043e-10,0.875,1,1,1
0x576543,JZ,1,0,29,2,0x576540,TEST,1,NonLeaf,r14(-1) r14(-1) ,rflags ,TEST,3,CALL_NEAR,5,SAR,4,SUB,7,XOR,2,NOP,3,MOV,3,MOV,3,MOV,2,CALL_NEAR,7,0,1,1,0,0,RET,0,0,1,0,0,0,NOP,0,0,5727552,5727584,5727557,0,0,0,0,cpp,2.6146143290300536e-11,0.0,0,0,0
0x576506,JZ,1,1,34,2,0x576503,TEST,1,NonLeaf,r14(SAR) r14(SAR) ,rflags ,TEST,3,XOR,2,PUSH,1,MOV,2,PUSH,1,NOP,8,MOV,3,MOV,3,MOV,2,CALL_NEAR,7,0,1,1,0,0,CALL,0,1,1,0,0,0,NOP,0,0,5727456,5727528,5727496,0,0,1,0,cpp,2.6146143290300536e-11,1.0,1,0,1
0x5763ed,JZ,1,0,99,2,0x576397,TEST,1,NonLeaf,rbx(-1) rbx(-1) ,rflags ,MOV,11,MOV,11,MOV,11,MOV,11,MOV,11,LEA,5,XOR,2,DIV,3,MOV,7,MOV,11,0,1,0,0,0,JMP,0,0,1,0,0,0,DIV,0,0,5727120,5727312,5727215,0,0,0,0,cpp,2.6146143290300536e-11,0.0,0,0,0
0x576374,JZ,1,1,28,2,0x576372,TEST,1,NonLeaf,eax(-1) eax(-1) ,rflags ,TEST,2,SYSCALL,2,MOV,4,MOV,3,MOV,8,MOV,5,CALL_NEAR,5,MOV,3,MOV,3,SUB,3,0,1,0,0,0,JE,0,0,1,0,0,0,CALL,0,1,5727090,5727120,5727094,0,0,1,1,cpp,2.6146143290300536e-11,1.0,1,0,1
0x576310,JZ,1,0,112,2,0x57630d,TEST,1,NonLeaf,rbx(-1) rbx(-1) ,rflags ,TEST,3,AND,3,NEG,3,MOV,11,MOV,3,LEA,5,XOR,2,MOV,3,DIV,3,IMUL,4,0,1,0,0,0,JMP,0,0,1,0,0,0,ADD,0,0,5726964,5727104,5726994,0,0,0,0,cpp,2.6146143290300536e-11,0.0,0,0,0
0x57629c,JNZ,4,3,-12,2,0x576299,CMP,1,NonLeaf,rcx(-1) ,rflags ,CMP,3,JNB,2,CMP,3,ADD,4,NOP,6,MOV,4,MOV,4,MOV,4,MOV,4,CMP,3,1,1,0,0,0,JAE,0,0,1,0,0,0,JMP,1,0,5726873,5726864,5726878,1,0,0,0,cpp,1.0458457316120216e-10,0.75,1,1,1
0x576297,JNB,3,0,41,2,0x576294,CMP,1,NonLeaf,rcx(ADD) rax(-1) ,rflags ,CMP,3,ADD,4,NOP,6,JMP,2,JB,2,CMP,3,JNZ,2,MOV,4,MOV,4,MOV,4,0,0,0,0,0,XOR,1,0,0,0,1,1,JNE,0,0,5726864,5726912,5726873,0,0,0,0,cpp,7.843842987090161e-11,0.0,0,0,0
0x576286,JB,1,1,19,2,0x576283,CMP,1,NonLeaf,rcx(-1) rax(ADD) ,rflags ,CMP,3,ADD,3,SUB,3,SHL,4,LEA,8,JMP,2,NOP,6,ADD,4,CMP,3,JNB,2,0,1,0,1,0,JNE,0,0,1,0,0,0,JMP,0,0,5726826,5726873,5726856,0,0,0,0,cpp,2.6146143290300536e-11,1.0,1,1,1
0x576268,JZ,1,0,88,2,0x576265,TEST,1,NonLeaf,rcx(MOV) rcx(MOV) ,rflags ,TEST,3,MOV,7,SUB,4,PUSH,1,PUSH,1,MOV,7,LEA,8,SHL,4,SUB,3,ADD,3,0,1,0,0,0,XOR,0,0,1,0,0,0,JB,0,0,5726800,5726912,5726826,0,0,0,0,cpp,2.6146143290300536e-11,0.0,0,0,0
0x576156,JZ,1,0,-1133,6,0x576148,AND,1,NonLeaf,ecx(AND) ,ecx rflags ,MOV,8,AND,6,JZ,2,CMP,4,JZ,2,JMP,5,LEA,4,CMP,3,JBE,6,NOP,2,0,0,1,0,0,JLE,0,0,1,0,0,0,JMP,0,0,5726536,5725417,5726556,0,0,0,0,cpp,2.6146143290300536e-11,0.0,0,0,0
0x576146,JZ,1,0,-98,2,0x576142,CMP,1,NonLeaf,r15d(-1) ,rflags ,CMP,4,JZ,2,CMP,4,JBE,2,JMP,5,AND,6,MOV,8,JZ,6,JMP,5,LEA,4,0,0,0,0,0,JMP,0,0,0,0,0,0,JE,0,0,5726530,5726436,5726536,0,0,1,1,cpp,2.6146143290300536e-11,0.0,0,0,0
0x576140,JZ,1,0,-92,2,0x57613c,CMP,1,NonLeaf,r15d(-1) ,rflags ,CMP,4,JBE,2,JMP,5,JNBE,6,CMP,3,CMP,4,JZ,2,AND,6,MOV,8,JZ,6,0,0,0,0,0,JMP,0,0,1,0,0,0,JE,0,0,5726524,5726436,5726530,0,0,1,0,cpp,2.6146143290300536e-11,0.0,0,0,0
0x57613a,JBE,1,0,88,2,0x57612c,CMP,0,NonLeaf,eax(-1) ,rflags ,JMP,5,JNBE,6,CMP,3,MOV,8,AND,3,CMP,4,JZ,2,CMP,4,JZ,2,AND,6,0,1,0,0,0,JE,0,0,1,0,0,0,JE,0,0,5726522,5726610,5726524,0,0,0,0,cpp,2.6146143290300536e-11,0.0,0,0,0
0x5760da,JNZ,1,1,96,2,0x5760d6,CMP,1,NonLeaf,r15d(-1) ,rflags ,CMP,4,JMP,5,MOV,6,MOV,8,OR,3,MOV,2,OR,6,OR,6,MOV,8,MOV,6,0,1,0,0,0,JBE,0,0,1,0,0,0,OR,0,0,5726422,5726522,5726428,0,0,0,0,cpp,2.6146143290300536e-11,1.0,1,0,1
0x576013,JNBE,1,1,195,6,0x576009,CMP,0,NonLeaf,r15d(-1) ,rflags ,JZ,6,CMP,4,JBE,6,JZ,6,CMP,4,CMP,4,NOP,3,JZ,6,JNBE,6,CMP,4,0,1,0,0,0,JNE,0,0,1,0,0,0,JE,0,0,5726227,5726422,5726233,0,0,0,0,cpp,2.6146143290300536e-11,1.0,1,0,1
0x57600d,JZ,1,0,215,6,0x576009,CMP,1,NonLeaf,r15d(-1) ,rflags ,CMP,4,JBE,6,JZ,6,CMP,4,ADD,3,JNBE,6,CMP,4,NOP,3,JZ,6,JNBE,6,0,0,0,0,0,JMP,0,0,1,0,0,0,JA,0,0,5726217,5726436,5726227,0,0,1,0,cpp,2.6146143290300536e-11,0.0,0,0,0
0x576003,JBE,1,0,154,6,0x575ff9,CMP,0,NonLeaf,r15d(-1) ,rflags ,JZ,6,CMP,4,ADD,3,JNZ,6,MOV,8,CMP,4,JZ,6,JNBE,6,CMP,4,NOP,3,0,1,0,0,0,JE,0,0,1,0,0,0,JE,0,0,5726211,5726365,5726217,0,0,0,0,cpp,2.6146143290300536e-11,0.0,0,0,0
0x575ffd,JZ,1,0,231,6,0x575ff9,CMP,1,NonLeaf,r15d(ADD) ,rflags ,CMP,4,ADD,3,JNZ,6,MOV,8,CMP,4,JBE,6,CMP,4,JZ,6,JNBE,6,CMP,4,0,1,0,0,0,JMP,0,0,1,0,0,0,JBE,0,0,5726198,5726436,5726211,0,0,1,0,cpp,2.6146143290300536e-11,0.0,0,0,0
0x575ff0,JNZ,1,0,-775,6,0x575fe4,CMP,1,NonLeaf,r14d(-1) ,rflags ,MOV,8,CMP,4,JZ,6,MOV,6,MOV,6,ADD,3,CMP,4,JZ,6,JBE,6,CMP,4,0,0,1,0,0,JLE,0,0,1,0,0,0,JE,0,0,5726180,5725417,5726198,0,0,0,0,cpp,2.6146143290300536e-11,0.0,0,0,0
0x575fde,JZ,1,0,151,6,0x575fc2,CMP,1,NonLeaf,r14d(AND) ,rflags ,MOV,6,MOV,6,MOV,6,MOV,6,CMP,4,CMP,4,MOV,8,JNZ,6,ADD,3,CMP,4,0,1,0,0,0,JMP,0,0,1,0,0,0,JNE,0,0,5726089,5726325,5726180,0,0,1,1,cpp,2.6146143290300536e-11,0.0,0,0,0
0x575f74,JZ,1,1,-572,6,0x575f6d,TEST,1,NonLeaf,rip(JZ) ,rflags ,TEST,7,OR,10,JZ,2,AND,6,JZ,6,OR,10,JMP,5,MOV,6,MOV,5,CPUID,2,0,0,1,0,0,JLE,0,0,1,0,0,0,JMP,0,0,5726061,5725496,5726074,0,0,0,1,cpp,2.6146143290300536e-11,1.0,1,0,1
0x575f61,JZ,1,0,12,2,0x575f5b,AND,1,NonLeaf,esi(AND) ,esi rflags ,AND,6,JZ,6,CMP,5,AND,5,OR,10,OR,10,TEST,7,JZ,6,OR,10,JMP,5,0,1,1,0,0,JE,0,0,1,0,0,0,OR,0,0,5726043,5726061,5726051,0,0,0,1,cpp,2.6146143290300536e-11,0.0,0,0,0
0x575f55,JZ,1,0,248,6,0x575f50,CMP,1,NonLeaf,eax(AND) ,rflags ,CMP,5,AND,5,OR,10,JZ,2,TEST,3,AND,6,JZ,2,OR,10,TEST,7,JZ,6,0,1,0,0,0,JE,0,0,1,1,0,0,JE,0,0,5726027,5726285,5726043,0,0,0,0,cpp,2.6146143290300536e-11,0.0,0,0,0
0x575f3f,JZ,1,0,12,2,0x575f3c,TEST,1,NonLeaf,dl(MOV) ,rflags ,TEST,3,MOV,6,OR,7,JZ,2,TEST,6,OR,10,AND,5,CMP,5,JZ,6,AND,6,0,1,1,0,0,JE,0,0,1,0,0,0,OR,0,0,5726006,5726027,5726017,0,0,0,1,cpp,2.6146143290300536e-11,0.0,0,0,0
0x575f2d,JZ,1,0,9,2,0x575f27,TEST,1,NonLeaf,esi(-1) ,rflags ,TEST,6,JMP,5,MOV,6,MOV,6,MOV,6,OR,7,MOV,6,TEST,3,JZ,2,OR,10,0,1,1,0,0,JE,0,0,1,0,0,0,OR,0,0,5725991,5726006,5725999,0,0,0,1,cpp,2.6146143290300536e-11,0.0,0,0,0
0x575e2d,JZ,1,0,35,2,0x575e26,ADD,1,NonLeaf,eax(ADD) rsp(-1) ,eax rflags ,ADD,7,MOV,7,JMP,2,XOR,2,XOR,2,OR,10,ADD,3,AND,3,MOV,7,NOP,10,0,0,1,0,0,CALL,0,1,1,0,0,0,NOP,0,0,5725727,5725776,5725743,1,1,1,1,cpp,2.6146143290300536e-11,0.0,0,0,0
0x575e17,JB,30,5,-63,2,0x575e13,BT,1,NonLeaf,r11d(-1) edi(ADD) ,rflags ,BT,4,ADD,3,ADD,4,ADD,4,JZ,2,XOR,2,XOR,2,JMP,2,MOV,7,ADD,7,1,1,0,0,0,CPUID,0,0,1,0,0,0,JMP,0,0,5725715,5725656,5725721,0,0,0,0,cpp,7.843842987090161e-10,0.1666666666666666,0,1,0
0x575e06,JZ,29,1,25,2,0x575dfd,CMP,1,NonLeaf,r8d(-1) ,rflags ,MOV,5,CMP,4,AND,3,ADD,3,JZ,2,ADD,4,ADD,4,ADD,3,BT,4,JB,2,0,1,1,0,0,JE,1,0,0,0,0,0,ADD,0,0,5725693,5725727,5725704,0,1,0,0,cpp,7.582381554187155e-10,0.0344827586206896,0,0,0
0x575df5,JZ,29,29,8,2,0x575df2,AND,1,NonLeaf,ecx(AND) ,ecx rflags ,AND,3,ADD,4,MOV,4,JZ,2,MOV,4,ADD,3,AND,3,CMP,4,MOV,5,JZ,2,0,1,1,0,0,JE,0,0,1,0,0,0,AND,0,0,5725674,5725693,5725687,0,0,1,0,cpp,7.582381554187155e-10,1.0,1,0,1
0x575de8,JZ,30,1,32,2,0x575de1,CMP,1,NonLeaf,edi(-1) ,rflags ,MOV,4,CMP,3,CPUID,2,MOV,2,MOV,5,MOV,4,ADD,4,AND,3,JZ,2,ADD,3,0,1,0,0,0,ADD,0,0,1,1,0,0,JE,0,0,5725665,5725704,5725674,1,0,0,0,cpp,7.843842987090161e-10,0.0333333333333333,0,0,0
0x575d3f,JLE,1,0,273,6,0x575d38,CMP,1,NonLeaf,rip(JLE) ,rflags ,CMP,7,JZ,6,CMP,3,AND,3,MOV,2,MOV,5,XOR,2,MOV,2,CPUID,2,TEST,2,0,0,1,0,0,CALL,0,1,1,0,0,0,JE,0,0,5725496,5725776,5725509,0,0,1,0,cpp,2.6146143290300536e-11,0.0,0,0,0
0x575d1f,JZ,1,0,305,6,0x575d19,TEST,1,NonLeaf,esi(MOV) ,rflags ,TEST,6,MOV,6,MOV,6,MOV,6,MOV,6,XOR,2,XGETBV,3,MOV,2,AND,3,CMP,3,0,1,1,0,0,CALL,0,1,1,0,0,0,JE,0,0,5725459,5725776,5725477,0,0,1,0,cpp,2.6146143290300536e-11,0.0,0,0,0
0x575cc9,JZ,1,1,704,6,0x575cc3,CMP,1,NonLeaf,edx(-1) ,rflags ,CMP,6,JNZ,2,CMP,6,JNZ,2,MOV,6,CMP,6,JZ,6,XOR,3,XOR,3,MOV,8,0,1,0,0,0,JE,0,0,0,0,0,0,JE,0,0,5725379,5726089,5725391,1,0,1,0,cpp,2.6146143290300536e-11,1.0,1,1,1
0x575cc1,JNZ,1,0,14,2,0x575cbb,CMP,1,NonLeaf,ecx(-1) ,rflags ,CMP,6,JNZ,2,MOV,6,MOV,5,MOV,4,CMP,6,JZ,6,CMP,6,JZ,6,XOR,3,0,0,0,0,0,JE,0,0,1,0,0,0,JE,0,0,5725371,5725391,5725379,0,0,0,0,cpp,2.6146143290300536e-11,0.0,0,0,0
0x575cb9,JNZ,1,0,22,2,0x575c9f,CMP,1,NonLeaf,ebx(-1) ,rflags ,MOV,6,MOV,5,MOV,4,MOV,5,CMP,6,CMP,6,JNZ,2,CMP,6,JZ,6,CMP,6,0,1,0,0,0,JE,0,0,1,0,0,0,JNE,0,0,5725312,5725391,5725371,0,0,0,0,cpp,2.6146143290300536e-11,0.0,0,0,0
0x575bd1,JNZ,1,0,124,2,0x575bcf,TEST,1,NonLeaf,eax(-1) eax(-1) ,rflags ,TEST,2,CALL_NEAR,5,LEA,5,CALL_NEAR,3,MOV,4,MOV,9,MOV,5,MOV,9,MOV,5,LEA,5,0,1,0,0,0,CALL,0,1,1,0,0,0,CALL,0,1,5725135,5725261,5725139,0,0,1,1,cpp,2.6146143290300536e-11,0.0,0,0,0
0x575bb0,JZ,1,0,21,2,0x575bad,TEST,1,NonLeaf,r13(-1) r13(-1) ,rflags ,TEST,3,JNZ,6,TEST,2,MOV,6,CALL_NEAR,5,MOV,7,MOV,5,MOV,4,CALL_NEAR,3,LEA,5,0,1,1,0,0,CALL,0,1,1,0,0,0,CALL,0,1,5725101,5725125,5725106,0,0,1,1,cpp,2.6146143290300536e-11,0.0,0,0,0
0x575ba7,JNZ,1,0,194,6,0x575ba5,TEST,1,NonLeaf,eax(MOV) eax(MOV) ,rflags ,TEST,2,MOV,6,CALL_NEAR,5,MOV,3,XOR,2,TEST,3,JZ,2,MOV,7,MOV,5,MOV,4,0,1,0,0,0,CALL,0,1,1,1,0,0,JE,0,0,5725087,5725289,5725101,0,0,1,0,cpp,2.6146143290300536e-11,0.0,0,0,0
0x575b91,JZ,1,0,14,2,0x575b8e,TEST,1,NonLeaf,r14(-1) r14(-1) ,rflags ,TEST,3,CALL_NEAR,5,MOV,4,MOV,5,MOV,7,XOR,2,XOR,2,MOV,3,CALL_NEAR,5,MOV,6,0,1,1,0,0,JNE,0,0,1,0,0,0,CALL,0,1,5725070,5725087,5725075,0,0,0,1,cpp,2.6146143290300536e-11,0.0,0,0,0
0x575b6b,JZ,1,1,14,2,0x575b68,TEST,1,NonLeaf,r12(-1) r12(-1) ,rflags ,TEST,3,MOV,9,MOV,4,MOV,9,XOR,2,XOR,2,XOR,2,MOV,3,CALL_NEAR,5,MOV,7,0,1,1,0,0,CALL,0,1,1,0,0,0,CALL,0,1,5724998,5725049,5725037,0,0,1,1,cpp,2.6146143290300536e-11,1.0,1,0,1
0x575b2f,JB,19,18,-31,2,0x575b28,CMP,1,NonLeaf,rbx(ADD) ,rflags ,CMP,7,MOV,4,ADD,4,CALL_NEAR,3,JNZ,6,MOV,7,MOV,5,MOV,4,CALL_NEAR,5,MOV,7,0,1,0,0,0,JNE,0,0,0,0,0,0,CALL,1,1,5724960,5724944,5724977,0,0,0,1,cpp,4.967767225157102e-10,0.9473684210526316,1,1,1
0x575b17,JNZ,18,0,270,6,0x575b10,CMP,1,NonLeaf,rbx(-1) ,rflags ,MOV,3,CMP,4,NOP,2,JMP,2,MOV,5,CALL_NEAR,3,ADD,4,MOV,4,CMP,7,JB,2,0,0,0,0,0,CALL,1,1,0,0,1,1,CALL,0,1,5724944,5725221,5724957,0,0,1,1,cpp,4.706305792254095e-10,0.0,0,0,0
0x575b01,JNZ,1,0,292,6,0x575af3,CMP,1,NonLeaf,rip(JNZ) ,rflags ,MOV,7,CMP,7,JNB,2,CMP,6,MOV,5,MOV,5,JMP,2,NOP,2,CMP,4,MOV,3,0,1,0,0,0,CALL,0,1,1,0,0,0,JMP,0,0,5724915,5725221,5724935,0,0,1,0,cpp,2.6146143290300536e-11,0.0,0,0,0
0x575af1,JNB,1,0,64,2,0x575aeb,CMP,1,NonLeaf,rax(MOV) ,rflags ,CMP,6,MOV,5,JLE,6,CMP,5,MOV,6,CMP,7,MOV,7,JNZ,6,MOV,5,JMP,2,0,1,0,0,0,CALL,0,1,1,0,0,0,JNE,0,0,5724902,5724977,5724915,0,0,1,0,cpp,2.6146143290300536e-11,0.0,0,0,0
0x575ae0,JLE,1,0,315,6,0x575adb,CMP,1,NonLeaf,eax(-1) ,rflags ,CMP,5,MOV,6,JNZ,6,TEST,2,MOV,6,MOV,5,CMP,6,JNB,2,CMP,7,MOV,7,0,0,0,0,0,CALL,0,1,0,0,0,0,JAE,0,0,5724891,5725211,5724902,0,0,1,0,cpp,2.6146143290300536e-11,0.0,0,0,0
0x575acf,JNZ,1,0,352,6,0x575acd,TEST,1,NonLeaf,edx(MOV) edx(MOV) ,rflags ,TEST,2,MOV,6,JS,6,TEST,2,CALL_NEAR,5,MOV,6,CMP,5,JLE,6,MOV,5,CMP,6,0,1,0,0,0,JBE,0,0,1,0,0,0,MOV,0,0,5724871,5725231,5724885,0,0,0,1,cpp,2.6146143290300536e-11,0.0,0,0,0
0x575ac1,JS,1,0,379,6,0x575abf,TEST,1,NonLeaf,eax(-1) eax(-1) ,rflags ,TEST,2,CALL_NEAR,5,JNZ,2,TEST,2,MOV,6,MOV,6,TEST,2,JNZ,6,MOV,6,CMP,5,0,1,0,0,0,CALL,0,1,1,0,0,0,JNE,0,0,5724863,5725244,5724871,0,0,1,0,cpp,2.6146143290300536e-11,0.0,0,0,0
0x575ab8,JNZ,1,0,46,2,0x575ab6,TEST,1,NonLeaf,edx(MOV) edx(MOV) ,rflags ,TEST,2,MOV,6,CALL_NEAR,5,JNZ,2,CMP,5,CALL_NEAR,5,TEST,2,JS,6,MOV,6,TEST,2,0,1,0,0,0,JAE,0,0,1,0,0,0,CALL,0,1,5724848,5724902,5724858,0,0,0,1,cpp,2.6146143290300536e-11,0.0,0,0,0
0x575aa9,JNZ,45,44,-9,2,0x575aa4,CMP,1,NonLeaf,rdi(ADD) ,rflags ,CMP,5,ADD,4,NOP,4,MOV,7,MOV,7,CALL_NEAR,5,MOV,6,TEST,2,JNZ,2,CALL_NEAR,5,1,1,1,1,1,JNE,0,0,1,1,0,0,CALL,1,1,5724832,5724832,5724843,1,0,0,1,cpp,1.1765764480635243e-09,0.9777777777777776,1,1,1
0x575a5e,JZ,1,0,488,6,0x575a4d,TEST,1,NonLeaf,rax(MOV) rax(MOV) ,rflags ,MOV,5,MOV,4,MOV,5,TEST,3,SUB,7,MOV,6,XOR,2,TEST,2,SETZ,3,MOV,6,0,1,0,0,0,JMP,0,0,1,0,0,0,SETE,0,0,5724720,5725254,5724772,0,0,0,0,cpp,2.6146143290300536e-11,0.0,0,0,0
0x57578d,JZ,1,0,81,2,0x57578a,TEST,1,NonLeaf,rbx(-1) rbx(-1) ,rflags ,TEST,3,CALL_NEAR,5,LEA,7,JZ,2,TEST,3,MOV,3,POP,1,POP,1,POP,2,RET_NEAR,1,0,1,0,0,0,CALL,0,1,1,0,0,0,RET,0,0,5724042,5724126,5724047,0,1,1,0,cpp,2.6146143290300536e-11,0.0,0,0,0
0x57577c,JZ,1,1,14,2,0x575779,TEST,1,NonLeaf,r12(-1) r12(-1) ,rflags ,TEST,3,MOV,3,MOV,4,JNZ,2,CMP,4,LEA,7,CALL_NEAR,5,TEST,3,JZ,2,MOV,3,0,1,1,0,0,JE,0,0,1,0,0,0,CALL,0,1,5724025,5724042,5724030,0,0,0,1,cpp,2.6146143290300536e-11,1.0,1,0,1
0x575712,JNZ,1,0,23,2,0x57570e,CMP,1,NonLeaf,rax(-1) rbp(-1) ,rflags ,CMP,4,JZ,2,TEST,3,MOV,7,CALL_NEAR,5,JMP,5,NOP,7,CMP,4,JZ,2,MOV,3,0,1,0,1,0,JNE,0,0,1,0,0,0,JMP,0,0,5723918,5723945,5723924,0,0,0,0,cpp,2.6146143290300536e-11,0.0,0,1,0
0x57570c,JZ,1,0,38,2,0x575709,TEST,1,NonLeaf,rax(MOV) rax(MOV) ,rflags ,TEST,3,MOV,7,CALL_NEAR,5,LEA,7,JZ,2,CMP,4,JNZ,2,JMP,5,NOP,7,CMP,4,0,1,0,0,0,JE,0,0,1,0,0,0,JNE,0,0,5723906,5723954,5723918,0,0,0,0,cpp,2.6146143290300536e-11,0.0,0,0,0
0x5756f4,JZ,1,1,14,2,0x5756f1,TEST,1,NonLeaf,r12(MOV) r12(MOV) ,rflags ,TEST,3,MOV,7,JZ,6,TEST,2,MOV,2,LEA,7,CALL_NEAR,5,MOV,7,TEST,3,JZ,2,0,1,1,0,0,JE,0,0,1,0,0,0,CALL,0,1,5723882,5723906,5723894,0,0,0,1,cpp,2.6146143290300536e-11,1.0,1,0,1
0x5756e4,JZ,1,0,204,6,0x5756e2,TEST,1,NonLeaf,eax(MOV) eax(MOV) ,rflags ,TEST,2,MOV,2,JZ,6,PUSH,1,MOV,3,MOV,7,TEST,3,JZ,2,LEA,7,CALL_NEAR,5,0,0,0,0,0,RET,0,0,1,0,0,0,JE,0,0,5723872,5724080,5723882,0,0,0,0,cpp,2.6146143290300536e-11,0.0,0,0,0
0x5756da,JZ,1,0,214,6,0x5756d2,TEST,1,NonLeaf,rdi(-1) rdi(-1) ,rflags ,PUSH,1,MOV,3,PUSH,1,TEST,3,PUSH,2,MOV,2,TEST,2,JZ,6,MOV,7,TEST,3,0,1,0,0,0,RET,0,0,1,0,0,0,JE,0,0,5723856,5724080,5723872,0,0,0,0,cpp,2.6146143290300536e-11,0.0,0,0,0
0x57559d,JZ,1,1,45,2,0x57556d,CMP,1,NonLeaf,rip(JZ) ,rflags ,MOV,4,MOV,4,MOV,4,MOV,4,MOV,3,LEA,7,CALL_NEAR,5,MOV,7,MOV,7,LEA,7,0,1,0,0,0,POP,0,0,1,0,0,0,CALL,0,1,5723501,5723594,5723551,0,0,1,1,cpp,2.6146143290300536e-11,1.0,1,0,1
0x575563,JZ,1,0,122,2,0x575560,TEST,1,NonLeaf,rdi(-1) rdi(-1) ,rflags ,TEST,3,INVALID,0,INVALID,0,INVALID,0,INVALID,0,MOV,3,TEST,3,JZ,2,CMP,8,MOV,5,0,1,0,0,0,RET,0,0,1,0,0,0,JE,0,0,5723488,5723613,5723493,0,0,0,0,cpp,2.6146143290300536e-11,0.0,0,0,0
0x5ee06b,JZ,4,4,6355,6,0x5ee061,TEST,1,NonLeaf,rbp(-1) ,rflags ,TEST,10,JNZ,6,AND,4,MOV,7,JMP,2,MOV,6,TEST,2,JNZ,6,MOV,6,CMP,3,0,1,0,0,0,JNE,0,0,1,0,0,0,JNE,0,0,6217825,6224190,6217841,0,0,0,0,cpp,1.0458457316120216e-10,1.0,1,0,1
0x5ed647,JZ,2040865,552668,17112,6,0x5ed644,CMP,1,NonLeaf,r8(-1) r12(MOV) ,rflags ,CMP,3,MOV,3,JZ,6,TEST,5,MOV,4,XOR,2,TEST,3,LEA,5,SETNLE,3,MOV,4,0,1,0,0,0,JS,0,0,1,0,0,0,JE,0,0,6215236,6232351,6215245,0,0,0,1,cpp,5.336074872615921e-05,0.2708008613994556,0,0,0
0x5ed330,JZ,169488,0,32748,6,0x5ed32d,TEST,1,NonLeaf,r11d(MOV) r11d(MOV) ,rflags ,TEST,3,MOV,6,MOV,7,JZ,6,TEST,2,MOV,4,CMP,4,JNB,6,LEA,4,MOV,4,0,1,0,0,0,JMP,1,0,1,0,0,0,JAE,0,0,6214432,6247196,6214454,0,0,0,0,cpp,4.431457533986458e-06,0.0,0,0,0
0x5ed023,JZ,1546084,678161,-693,6,0x5ed01a,CMP,1,NonLeaf,ebx(-1) ,rflags ,MOV,6,CMP,3,XOR,2,JMP,5,MOV,10,TEST,3,JNZ,6,TEST,10,JNZ,6,MOV,6,0,0,0,0,0,JE,0,0,0,0,0,0,JNE,0,0,6213656,6212974,6213673,0,0,0,0,cpp,4.042413380284102e-05,0.4386314068317116,0,0,0
0x5ecee0,JZ,1546084,0,3138,6,0x5eced8,AND,1,NonLeaf,r14d(AND) ,r14d rflags ,MOV,4,AND,4,MOV,7,MOV,7,JZ,6,MOV,6,LEA,7,MOV,3,MOV,3,AND,6,0,1,0,0,0,CALL,0,1,1,0,0,0,CALL,0,1,6213322,6216482,6213350,0,0,1,1,cpp,4.042413380284102e-05,0.0,0,0,0
0x5ecec4,JZ,1546084,0,23114,6,0x5ecebd,CMP,1,NonLeaf,rbp(-1) rcx(MOV) ,rflags ,CMP,7,MOV,7,MOV,7,CALL_NEAR,5,SUB,4,MOV,7,MOV,7,AND,4,MOV,4,JZ,6,0,1,0,0,0,JS,0,0,1,0,0,0,JE,0,0,6213309,6236430,6213322,0,0,0,1,cpp,4.042413380284102e-05,0.0,0,0,0
0x5af8ed,JNZ,2,1,419,6,0x5af8eb,TEST,1,Leaf,eax(PMOVMSKB) eax(PMOVMSKB) ,rflags ,TEST,2,PMOVMSKB,4,PCMPEQB,4,MOVDQU,4,JNBE,2,ADD,4,AND,4,JMP,2,NOP,3,AND,4,0,0,0,0,0,RET,1,0,1,0,0,0,JMP,0,0,5961951,5962384,5961971,1,0,0,0,cpp,5.2292286580601066e-11,0.5,0,0,0
0x5ec7ca,JZ,189979,8,779,6,0x5ec7c6,CMP,1,NonLeaf,r14b(-1) ,rflags ,CMP,4,JNZ,2,LEA,4,TEST,3,JZ,6,MOV,3,AND,3,CMP,2,JNZ,6,MOV,7,0,1,0,0,0,MOV,0,0,1,0,0,0,MOV,0,0,6211526,6212309,6211536,0,0,1,0,cpp,4.967218156148006e-06,4.210991741192448e-05,0,0,0
0x5ec5c9,JZ,898385,800655,1047,6,0x5ec5c6,TEST,1,NonLeaf,r13d(-1) r13d(-1) ,rflags ,TEST,3,XOR,2,MOV,3,JNZ,6,TEST,3,MOV,3,MOV,7,MOV,7,JMP,2,NOP,6,0,0,1,0,0,JE,0,0,1,0,0,0,JMP,0,0,6211009,6212064,6211023,0,0,0,0,cpp,2.348930293985665e-05,0.8912159040945697,1,0,1
0x5ec511,JZ,3765647,1928948,487,6,0x5ec506,CMP,1,NonLeaf,r14b(-1) ,rflags ,MOV,7,CMP,4,LEA,4,JNZ,6,TEST,4,MOV,7,MOVZX,4,MOV,4,TEST,5,JNZ,6,0,1,0,0,0,JA,0,0,1,0,0,0,JNE,0,0,6210818,6211320,6210839,0,0,0,0,cpp,9.845714604269036e-05,0.5122487583143083,1,0,1
0x5ae757,JNBE,14727,12700,121,2,0x5ae750,CMP,1,Leaf,rdx(-1) ,rflags ,CMP,7,NOP,10,NOP,5,JNZ,2,LEA,4,MOV,2,SHR,3,JZ,2,DEC,2,MOV,3,0,1,0,0,0,JE,0,0,1,0,0,0,JE,1,0,5957456,5957584,5957465,0,0,0,0,cpp,3.85054252236256e-07,0.8623616486725063,1,1,1
0x5e8fdf,JZ,12870,12870,-3603,6,0x5e8fd6,TEST,1,NonLeaf,r12(-1) ,rflags ,MOV,3,TEST,6,JNZ,6,CMP,8,JNZ,2,MOV,7,TEST,3,JLE,6,MOVSXD,7,MOV,7,0,0,0,0,0,RET,0,0,1,0,0,0,JLE,0,0,6197206,6193612,6197221,0,0,0,0,cpp,3.365008641461679e-07,1.0,1,0,1
0x5e8b96,JZ,12870,0,146,6,0x5e8b93,CMP,1,NonLeaf,esi(MOV) ,rflags ,CMP,3,MOV,5,JNZ,6,MOV,6,AND,3,TEST,2,JLE,6,MOV,6,TEST,2,JZ,6,0,0,0,0,0,XOR,0,0,1,0,0,0,JLE,0,0,6196110,6196264,6196124,0,0,0,0,cpp,3.365008641461679e-07,0.0,0,0,0
0x5e8514,JNZ,5911,5911,6224,6,0x5e8510,CMP,1,NonLeaf,rcx(MOV) ,rflags ,CMP,4,MOV,4,JNZ,6,TEST,3,MOV,3,LEA,4,MOV,5,JMP,2,NOP,3,ADD,4,0,1,0,0,0,JMP,0,0,1,0,0,0,JMP,0,0,6194444,6200676,6194458,0,0,0,0,cpp,1.5454985298896648e-07,1.0,1,0,1
0x56e3c0,JNZ,1220,0,786,6,0x56e3bd,TEST,1,NonLeaf,bpl(-1) bpl(-1) ,rflags ,TEST,3,VMULSD,6,JNZ,6,JP,6,VUCOMISD,4,ADD,4,POP,1,POP,1,RET_NEAR,1,NOP,3,0,1,0,0,0,JMP,0,0,1,1,0,0,RET,0,0,5694397,5695186,5694406,0,0,1,0,cpp,3.189829481416665e-08,0.0,0,0,0
0x56e3b1,JNZ,1220,0,423,6,0x56e3a7,VUCOMISD,0,NonLeaf,xmm1(-1) xmm0(-1) ,rflags ,JP,6,VUCOMISD,4,VADDSD,4,VMULSD,8,VADDSD,4,VMULSD,6,TEST,3,JNZ,6,ADD,4,POP,1,0,0,0,0,0,CALL,0,1,1,0,0,0,VMULSD,0,0,5694385,5694808,5694391,0,1,1,0,cpp,3.189829481416665e-08,0.0,0,0,0
0x56e3ab,JP,1220,0,429,6,0x56e3a7,VUCOMISD,1,NonLeaf,xmm1(VADDSD) xmm0(VADDSD) ,rflags ,VUCOMISD,4,VADDSD,4,VMULSD,8,VADDSD,4,VSUBSD,4,JNZ,6,VMULSD,6,TEST,3,JNZ,6,ADD,4,0,0,0,0,0,CALL,0,1,1,0,0,0,JNE,0,0,5694051,5694808,5694385,0,0,1,0,cpp,3.189829481416665e-08,0.0,0,0,0
0x56e25d,JNBE,1220,0,371,6,0x56e257,CMP,1,NonLeaf,esi(LEA) ,rflags ,CMP,6,LEA,6,AND,6,MOV,2,SAR,4,VMOVSD,8,VMOVSD,8,VMULSD,4,VMOVSD,8,VADDSD,4,0,1,0,0,0,JLE,0,0,1,0,0,0,JP,0,0,5694007,5694416,5694051,0,0,0,1,cpp,3.189829481416665e-08,0.0,0,0,0
0x56e22f,JNZ,1220,0,1223,6,0x56e229,CMP,1,NonLeaf,ebx(MOV) eax(AND) ,rflags ,MOV,4,CMP,2,AND,3,MOV,2,MOV,4,XOR,2,VMOVSD,6,MOV,5,MOV,3,SAR,4,0,1,0,0,0,JMP,0,0,1,0,0,0,XOR,0,0,5693968,5695222,5694005,0,0,0,0,cpp,3.189829481416665e-08,0.0,0,0,0
0x5e6410,JZ,3512,3512,120,2,0x5e6406,CMP,1,NonLeaf,rbp(-1) ,rflags ,MOV,3,CMP,7,JMP,5,ADD,3,JZ,6,CMP,3,JNB,2,MOV,2,ADD,4,ADD,3,0,1,0,0,0,JE,0,0,1,0,0,0,JAE,0,0,6185990,6186120,6186002,0,0,0,0,cpp,9.182525523553549e-08,1.0,1,0,1
0x5e4d40,JLE,3512,3512,126,2,0x5e4d3e,TEST,1,NonLeaf,ecx(-1) ecx(-1) ,rflags ,TEST,2,JMP,5,MOV,7,MOV,10,XOR,3,MOVSXD,3,MOV,5,MOV,3,MOV,3,MOV,7,0,1,0,0,0,JMP,0,0,1,0,0,0,CALL,0,1,6180158,6180286,6180162,0,0,0,1,cpp,9.182525523553549e-08,1.0,1,0,1
0x5e320f,JZ,2002,2002,20,2,0x5e3208,CMP,1,NonLeaf,rbp(-1) ,rflags ,CMP,7,JZ,2,CMP,8,SUB,6,ADD,6,CMP,7,LEA,3,SETZ,3,TEST,2,CMOVNZ,3,0,0,1,0,0,JE,0,0,1,0,0,0,CMOVNE,0,0,6173192,6173219,6173201,0,0,0,0,cpp,5.2344578867181685e-08,1.0,1,0,1
0x5e2576,JZ,4683,0,-248,6,0x5e2573,CMP,1,NonLeaf,rax(MOV) ,rflags ,CMP,3,MOV,7,MOV,7,JNLE,6,CMP,7,CMP,8,JNZ,6,CMP,8,JNZ,6,CMP,8,0,0,0,0,0,XOR,1,0,1,0,0,0,JNE,0,0,6169957,6169726,6169980,0,0,1,0,cpp,1.2244238902847742e-07,0.0,0,0,0
0x5a2128,JZ,80,0,32,2,0x5a2125,CMP,1,Leaf,rdx(INC) rax(-1) ,rflags ,CMP,3,INC,3,INC,3,INC,3,JNZ,2,MOV,3,CMP,3,LEA,4,CMOVNZ,4,MOV,8,0,0,0,0,0,JMP,0,0,1,0,0,0,MOV,0,0,5906725,5906760,5906730,0,1,1,1,cpp,2.091691463224043e-09,0.0,0,0,0
0x5a211a,JNZ,162,148,-33,2,0x5a2117,CMP,1,Leaf,rsp(-1) rcx(MOV) cl(MOV) ,rflags ,CMP,3,MOV,3,JZ,2,CMP,3,MOV,3,INC,3,INC,3,INC,3,CMP,3,JZ,2,0,0,0,1,1,JE,0,0,1,0,0,0,INC,1,0,5906708,5906681,5906716,0,0,0,0,cpp,4.2356752130286874e-09,0.9135802469135802,1,1,1
0x5a209b,JZ,80,0,42,2,0x5a2099,TEST,1,Leaf,cl(MOV) cl(MOV) ,rflags ,TEST,2,MOV,2,MOV,3,JZ,6,TEST,3,MOV,3,MOV,3,TEST,3,JZ,2,MOV,3,1,1,1,0,0,LEA,1,0,1,0,0,0,JE,0,0,5906583,5906629,5906589,0,1,0,1,cpp,2.091691463224043e-09,0.0,0,0,0
0x5a060f,JNBE,395803,20,27,2,0x5a060c,CMP,1,Leaf,ecx(AND) ,rflags ,CMP,3,PXOR,4,AND,3,MOV,2,XOR,3,MOVDQU,4,PCMPEQB,4,PMOVMSKB,4,TEST,2,JNZ,2,0,1,0,0,0,JNE,0,0,1,0,0,0,JNE,0,0,5899776,5899818,5899793,1,0,0,0,cpp,1.0348721952730825e-05,5.053018799756445e-05,0,0,0
0x561159,JBE,255635,0,268,6,0x561155,VUCOMISD,1,NonLeaf,xmm2(-1) xmm3(-1) ,rflags ,VUCOMISD,4,JMP,5,CALL_NEAR,5,JNBE,6,VXORPD,4,VMOVSD,8,VMULSD,4,VSUBSD,4,JMP,5,VMOVSD,8,0,1,0,0,0,JMP,0,0,1,0,0,0,VMULSD,0,0,5640533,5640805,5640543,0,0,0,0,cpp,6.683869340015978e-06,0.0,0,0,0
0x560e41,JZ,409753,409753,-2314,6,0x560e3b,VUCOMISD,0,NonLeaf,xmm0(-1) xmm1(-1) ,rflags ,JP,2,VUCOMISD,4,VADDSD,4,VADDSD,4,VMULSD,4,VUCOMISD,4,VMOVAPD,4,JBE,6,LEA,5,VMOVSD,6,0,0,0,0,0,JNE,0,0,0,0,0,0,JBE,0,0,5639745,5637431,5639751,0,0,0,0,cpp,1.0713460651630516e-05,1.0,1,1,1
0x560e3f,JP,409753,0,8,2,0x560e3b,VUCOMISD,1,NonLeaf,xmm0(-1) xmm1(VADDSD) ,rflags ,VUCOMISD,4,VADDSD,4,VADDSD,4,VMULSD,4,VMOVSD,8,JZ,6,VUCOMISD,4,VMOVAPD,4,JBE,6,LEA,5,0,1,0,0,0,JBE,0,0,1,0,0,0,JE,0,0,5639735,5639751,5639745,0,0,0,0,cpp,1.0713460651630516e-05,0.0,0,0,0
0x560e21,JBE,154118,0,990,6,0x560e1d,VUCOMISD,1,NonLeaf,xmm2(-1) xmm3(-1) ,rflags ,VUCOMISD,4,JBE,6,VMULSD,8,VUCOMISD,4,VADDSD,4,VMOVSD,8,VMULSD,4,VADDSD,4,VADDSD,4,VUCOMISD,4,0,1,0,0,0,JMP,0,0,1,0,0,0,VMULSD,0,0,5639709,5640703,5639719,0,0,0,0,cpp,4.029591311614538e-06,0.0,0,0,0
0x560e17,JBE,409753,255635,830,6,0x560e0b,VUCOMISD,1,NonLeaf,xmm1(VMULSD) xmm3(-1) ,rflags ,VMULSD,8,VUCOMISD,4,VADDSD,4,VSUBSD,4,VADDSD,4,VUCOMISD,4,JBE,6,VMOVSD,8,VMULSD,4,VADDSD,4,0,1,0,0,0,JBE,0,0,1,0,0,0,JBE,0,0,5639423,5640533,5639709,0,0,0,0,cpp,1.0713460651630516e-05,0.6238758471567017,1,0,1
0x560cf9,JBE,409753,0,1147,6,0x560cf0,VUCOMISD,1,NonLeaf,xmm15(-1) xmm3(-1) ,rflags ,MOV,5,VUCOMISD,4,JMP,5,MOV,7,MOV,7,VMOVAPD,5,SHL,3,MOVSXD,3,VMOVSD,8,VMULSD,5,0,1,0,0,0,JA,0,0,1,1,0,0,JBE,0,0,5639408,5640564,5639423,0,0,1,0,cpp,1.0713460651630516e-05,0.0,0,0,0
0x560c4a,JP,7479697,0,8,2,0x560c46,VUCOMISD,1,NonLeaf,xmm4(VADDSD) xmm0(-1) ,rflags ,VUCOMISD,4,VADDSD,4,VADDSD,5,JBE,6,VMULSD,8,JZ,6,VMOVAPD,4,CALL_NEAR,5,JMP,5,VMOVAPD,4,0,1,0,0,0,CALL,0,1,1,0,0,0,JE,0,0,5639234,5639250,5639244,0,0,1,0,cpp,0.00019556522953,0.0,0,0,0
0x560c37,JBE,7479697,5003478,1194,6,0x560c2b,VUCOMISD,1,NonLeaf,xmm4(VMULSD) xmm3(-1) ,rflags ,VMULSD,8,VUCOMISD,4,VADDSD,4,VSUBSD,4,VADDSD,4,VADDSD,5,VADDSD,4,VUCOMISD,4,JP,2,JZ,6,0,1,0,0,0,JMP,0,0,1,0,0,0,VADDSD,0,0,5638988,5640417,5639229,1,1,0,0,cpp,0.00019556522953,0.6689412686102124,1,0,1
0x560b39,JBE,7479697,3440587,1397,6,0x560b35,VUCOMISD,1,NonLeaf,xmm15(-1) xmm3(-1) ,rflags ,VUCOMISD,4,JMP,5,NOP,2,CALL_NEAR,5,VMOVAPD,4,VMOVAPD,4,VMOVAPD,4,MOV,5,VMOVSD,8,VMOVAPD,4,0,1,0,0,0,JMP,0,0,1,0,0,0,MOV,0,0,5638965,5640366,5638975,0,0,0,0,cpp,0.00019556522953,0.4599901573553046,0,0,0
0x560a18,JZ,1656439,1656439,-2040,6,0x560a12,VUCOMISD,0,NonLeaf,xmm5(-1) xmm0(-1) ,rflags ,JP,2,VUCOMISD,4,VADDSD,4,VADDSD,5,JBE,6,VMOVAPD,4,CALL_NEAR,5,JMP,5,VMOVSD,8,VXORPD,4,0,0,1,0,0,JNE,0,0,0,0,0,0,CALL,0,1,5638680,5636640,5638686,0,0,0,1,cpp,4.330949144564213e-05,1.0,1,1,1
0x560a16,JP,1656439,0,8,2,0x560a12,VUCOMISD,1,NonLeaf,xmm5(VADDSD) xmm0(-1) ,rflags ,VUCOMISD,4,VADDSD,4,VADDSD,5,JBE,6,VMULSD,8,JZ,6,VMOVAPD,4,CALL_NEAR,5,JMP,5,VMOVSD,8,0,1,0,0,0,CALL,0,1,1,0,0,0,JE,0,0,5638670,5638686,5638680,0,0,1,0,cpp,4.330949144564213e-05,0.0,0,0,0
0x560a03,JBE,1656439,832236,1735,6,0x5609f7,VUCOMISD,1,NonLeaf,xmm5(VMULSD) xmm3(-1) ,rflags ,VMULSD,8,VUCOMISD,4,VADDSD,4,VSUBSD,4,VADDSD,5,VADDSD,5,VADDSD,4,VUCOMISD,4,JP,2,JZ,6,0,1,0,0,0,JMP,0,0,1,0,0,0,VADDSD,0,0,5638541,5640394,5638665,1,1,0,0,cpp,4.330949144564213e-05,0.5024247799043611,1,0,1
0x560987,JBE,9136136,7479697,430,6,0x560983,VUCOMISD,1,NonLeaf,xmm0(VMOVSD) xmm5(-1) ,rflags ,VUCOMISD,4,VMOVSD,8,JZ,6,VMULSD,5,CMP,4,VMOVSD,8,VMOVSD,8,VMULSD,4,VMULSD,4,VADDSD,8,0,1,0,0,0,JBE,0,0,1,0,0,0,JBE,0,0,5638523,5638965,5638541,0,1,0,0,cpp,0.0002388747209756,0.8186937015823758,1,1,1
0x560975,JZ,9136136,4544376,1376,6,0x56096c,CMP,1,NonLeaf,r12d(-1) ,rflags ,VMULSD,5,CMP,4,VMOVAPD,4,NOP,7,JMP,5,VMOVSD,8,VUCOMISD,4,JBE,6,VMOVSD,8,VMOVSD,8,0,1,0,0,0,JMP,0,0,1,1,0,0,JBE,0,0,5638504,5639893,5638523,0,0,1,0,cpp,0.0002388747209756,0.4974067811600002,0,0,0
0x5608bc,JNZ,7429362,4007130,-1692,6,0x5608ba,TEST,1,NonLeaf,ecx(-1) ecx(-1) ,rflags ,TEST,2,JNZ,6,JP,6,VUCOMISD,4,VADDSD,4,VMOVSD,8,VXORPD,4,JMP,5,NOP,5,CMP,5,0,0,1,0,0,JNE,0,0,0,0,0,0,JMP,0,0,5638330,5636640,5638338,0,0,0,0,cpp,0.0001942491634075,0.5393639453831971,1,1,1
0x56053a,JNZ,8847544,4533807,904,6,0x560537,TEST,1,NonLeaf,r12d(-1) r12d(-1) ,rflags ,TEST,3,JNZ,6,JP,6,VUCOMISD,4,VADDSD,4,JMP,5,NOP,3,VMOVSD,8,VXORPD,4,JMP,5,0,0,0,0,0,JMP,0,0,1,0,0,0,JMP,0,0,5637431,5638338,5637440,0,0,0,0,cpp,0.0002313291531912,0.512436784716753,1,0,1
0x560531,JNZ,8847544,409753,1983,6,0x560527,VUCOMISD,0,NonLeaf,xmm14(-1) xmm0(-1) ,rflags ,JP,6,VUCOMISD,4,VADDSD,4,VADDSD,5,JBE,6,TEST,3,JNZ,6,JMP,5,NOP,3,VMOVSD,8,0,0,0,0,0,JBE,0,0,0,0,0,0,JNE,0,0,5637425,5639408,5637431,0,0,0,0,cpp,0.0002313291531912,0.0463126264192639,0,1,0
0x56052b,JP,8847544,0,1989,6,0x560527,VUCOMISD,1,NonLeaf,xmm14(VADDSD) xmm0(-1) ,rflags ,VUCOMISD,4,VADDSD,4,VADDSD,5,JBE,6,VMULSD,8,JNZ,6,TEST,3,JNZ,6,JMP,5,NOP,3,0,1,0,0,0,JBE,0,0,1,0,0,0,JNE,0,0,5637411,5639408,5637425,0,0,0,0,cpp,0.0002313291531912,0.0,0,0,0
0x560518,JBE,8847544,4389114,2565,6,0x56050c,VUCOMISD,1,NonLeaf,xmm14(VMULSD) xmm3(-1) ,rflags ,VMULSD,8,VUCOMISD,4,VADDSD,5,VSUBSD,4,VADDSD,5,VADDSD,5,VADDSD,4,VUCOMISD,4,JP,6,JNZ,6,0,1,0,0,0,JMP,0,0,1,0,0,0,VADDSD,0,0,5637122,5639965,5637406,1,1,0,0,cpp,0.0002313291531912,0.4960827547170152,0,1,0
0x5603f6,JNBE,8847544,4501276,2816,6,0x5603f1,VUCOMISD,1,NonLeaf,xmm3(-1) xmm15(-1) ,rflags ,VUCOMISD,5,JZ,6,CMP,4,JZ,6,CMP,4,VMOVSD,6,VMOVSD,8,VMOVAPD,5,VMOVSD,8,VADDSD,5,0,1,0,0,0,JMP,0,0,1,0,0,0,VMOVSD,0,0,5637105,5639926,5637116,1,0,1,1,cpp,0.0002313291531912,0.5087599451327962,1,0,1
0x5603e1,JZ,17983680,4544376,1415,6,0x5603dd,CMP,1,NonLeaf,r12d(-1) ,rflags ,CMP,4,VMULSD,4,VMOVSD,8,JBE,6,VMOVSD,6,CMP,4,JZ,6,VUCOMISD,5,JNBE,6,VMOVSD,6,0,1,0,0,0,JE,0,0,1,0,0,0,JE,0,0,5637085,5638504,5637095,0,0,0,0,cpp,0.0004702038741669,0.2526944429616185,0,0,0
0x5603cb,JBE,17983680,0,1344,6,0x5603c1,VUCOMISD,1,NonLeaf,xmm2(-1) xmm3(VXORPD) ,rflags ,VMOVSD,6,VUCOMISD,4,VXORPD,4,VSUBSD,4,VMOVSD,6,VMOVSD,8,VMULSD,4,CMP,4,JZ,6,CMP,4,0,1,0,0,0,JMP,0,0,1,0,0,0,VMULSD,0,0,5636939,5638411,5637073,0,0,0,0,cpp,0.0004702038741669,0.0,0,0,0
0x560345,JNLE,17983680,0,539,6,0x560340,CMP,1,NonLeaf,eax(-1) ,rflags ,CMP,5,NOP,1,JMP,5,CALL_NEAR,5,VMOVAPD,4,VMOVSD,8,VMOVSD,8,VMULSD,4,VADDSD,4,VMOVAPD,4,0,1,0,0,0,JG,0,0,1,0,0,0,JBE,0,0,5636928,5637472,5636939,0,0,0,1,cpp,0.0004702038741669,0.0,0,0,0
0x56023d,JNLE,17983680,17983680,259,6,0x560238,CMP,1,NonLeaf,eax(-1) ,rflags ,CMP,5,NOP,6,RET_NEAR,1,POP,2,POP,1,VXORPD,4,VMOVAPD,4,VUCOMISD,4,JBE,6,VMOVSD,8,0,1,0,0,0,JG,0,0,1,0,0,0,JBE,0,0,5636664,5636928,5636675,0,0,0,0,cpp,0.0004702038741669,1.0,1,0,1
0x560223,JNZ,17983680,0,4203,6,0x560220,TEST,1,NonLeaf,bpl(-1) bpl(-1) ,rflags ,TEST,3,CALL_NEAR,5,VMOVAPD,4,VXORPD,4,JZ,2,ADD,4,POP,1,POP,1,POP,2,RET_NEAR,1,0,1,0,0,0,JMP,0,0,1,1,0,0,RET,0,0,5636640,5640846,5636649,0,0,1,0,cpp,0.0004702038741669,0.0,0,0,0
0x55ff78,JNLE,17983680,17983680,704,6,0x55ff73,CMP,1,NonLeaf,eax(-1) ,rflags ,CMP,5,JLE,6,CMP,5,AND,5,SAR,4,VXORPD,4,VMOVAPD,4,VUCOMISD,4,JBE,6,VMOVSD,8,0,1,0,0,0,JG,0,0,1,0,0,0,JBE,0,0,5635955,5636664,5635966,0,0,0,0,cpp,0.0004702038741669,1.0,1,0,1
0x55ff6d,JLE,17983680,0,691,6,0x55ff68,CMP,1,NonLeaf,eax(AND) ,rflags ,CMP,5,AND,5,SAR,4,MOV,3,VMOVSD,8,CMP,5,JNLE,6,VXORPD,4,VMOVAPD,4,VUCOMISD,4,0,1,1,0,0,JNE,0,0,1,0,0,0,JG,0,0,5635913,5636640,5635955,0,0,0,0,cpp,0.0004702038741669,0.0,0,0,0
0x55ff41,JNZ,17983680,0,4925,6,0x55ff3b,CMP,1,NonLeaf,ebx(MOV) eax(AND) ,rflags ,MOV,4,CMP,2,AND,3,MOV,2,MOV,4,XOR,2,VMOVSD,6,MOV,5,VMOVSD,8,MOV,3,0,1,0,0,0,JMP,0,0,1,0,0,0,XOR,0,0,5635872,5640830,5635911,0,0,0,0,cpp,0.0004702038741669,0.0,0,0,0
0x55dd97,JNBE,18355,0,-634,6,0x55dd70,VUCOMISD,1,NonLeaf,xmm6(-1) xmm5(-1) ,rflags ,VSUBSD,4,MOV,5,VSUBSD,4,VMOVSD,6,VXORPD,4,VXORPD,4,JMP,5,NOP,10,VUCOMISD,4,VMOVSD,8,0,0,1,0,0,JBE,0,0,1,0,0,0,JMP,0,0,5627232,5626653,5627293,0,0,0,0,cpp,4.799124600934663e-07,0.0,0,1,0
0x55dd3c,JBE,18355,0,188,6,0x55dd38,VUCOMISD,1,NonLeaf,xmm2(-1) xmm5(-1) ,rflags ,VUCOMISD,4,NOP,6,RET_NEAR,1,ADD,4,CALL_NEAR,5,VMOVSD,8,VMULSD,4,VSUBSD,4,JMP,5,NOP,9,0,1,0,0,0,JMP,0,0,1,0,0,0,VMULSD,0,0,5627192,5627384,5627202,0,0,0,0,cpp,4.799124600934663e-07,0.0,0,0,0
0x55dc88,JNBE,50335,31980,14,2,0x55dc84,VUCOMISD,1,NonLeaf,xmm6(-1) xmm5(-1) ,rflags ,VUCOMISD,4,JNZ,2,JP,2,VUCOMISD,4,VADDSD,4,VMOVSD,8,VXORPD,4,ADD,4,RET_NEAR,1,NOP,5,0,1,1,0,0,RET,0,0,1,0,0,0,VXORPD,0,0,5627012,5627030,5627018,0,0,0,0,cpp,1.3160661225172776e-06,0.635343200556273,1,0,1
0x55dc82,JNZ,50335,0,30,2,0x55dc7c,VUCOMISD,0,NonLeaf,xmm3(-1) xmm0(-1) ,rflags ,JP,2,VUCOMISD,4,VADDSD,4,VADDSD,4,VMULSD,4,VUCOMISD,4,JNBE,2,VMOVSD,8,VXORPD,4,ADD,4,0,0,0,0,0,JBE,0,0,0,0,0,0,JA,0,0,5627010,5627040,5627012,0,0,0,0,cpp,1.3160661225172776e-06,0.0,0,1,0
0x55dc80,JP,50335,0,32,2,0x55dc7c,VUCOMISD,1,NonLeaf,xmm3(VADDSD) xmm0(-1) ,rflags ,VUCOMISD,4,VADDSD,4,VADDSD,4,VMULSD,4,VMOVSD,8,JNZ,2,VUCOMISD,4,JNBE,2,VMOVSD,8,VXORPD,4,0,1,0,0,0,JBE,0,0,1,0,0,0,JNE,0,0,5627000,5627040,5627010,0,0,0,0,cpp,1.3160661225172776e-06,0.0,0,0,0
0x55dc62,JBE,31980,0,438,6,0x55dc5e,VUCOMISD,1,NonLeaf,xmm2(-1) xmm5(-1) ,rflags ,VUCOMISD,4,JBE,6,VMULSD,8,VUCOMISD,4,VADDSD,4,VMOVSD,8,VMULSD,4,VADDSD,4,VADDSD,4,VUCOMISD,4,0,1,0,0,0,JMP,0,0,1,0,0,0,VMULSD,0,0,5626974,5627416,5626984,0,0,0,0,cpp,8.361536624238112e-07,0.0,0,0,0
0x55dc58,JBE,50335,18355,224,6,0x55dc4c,VUCOMISD,1,NonLeaf,xmm3(VMULSD) xmm5(-1) ,rflags ,VMULSD,8,VUCOMISD,4,VADDSD,4,VSUBSD,4,VADDSD,4,VUCOMISD,4,JBE,6,VMOVSD,8,VMULSD,4,VADDSD,4,0,1,0,0,0,JBE,0,0,1,0,0,0,JBE,0,0,5626653,5627192,5626974,0,0,0,0,cpp,1.3160661225172776e-06,0.364656799443727,0,1,0
0x55daf0,JBE,50335,18355,624,6,0x55daec,VUCOMISD,1,NonLeaf,xmm0(-1) xmm5(VXORPD) ,rflags ,VUCOMISD,4,VMOVAPD,4,SUB,4,VXORPD,4,INVALID,0,VMOVSD,8,VMOVAPD,4,VMOVAPD,4,VADDSD,4,VMOVSD,6,0,1,0,0,0,JA,0,0,1,0,0,0,VSUBSD,0,0,5626592,5627232,5626614,1,0,1,1,cpp,1.3160661225172776e-06,0.364656799443727,0,0,0
0x597a0b,JNBE,17548,10472,69,2,0x597a07,CMP,1,NonLeaf,rax(SHR) ,rflags ,CMP,4,SHR,4,MOV,3,NOP,6,JMP,5,LEA,3,LEA,7,CDQE,2,MOV,6,MOV,6,0,1,0,0,0,JA,0,0,1,0,0,0,LEA,0,0,5863936,5864016,5863949,0,1,0,0,cpp,4.588125224581939e-07,0.5967631638933212,1,0,1
0x597953,JBE,28341,5197,-163,6,0x59794c,CMP,1,NonLeaf,rdx(-1) ,rflags ,CMP,7,JZ,6,MOV,4,MOV,4,CMP,3,MOV,3,SHR,4,CMP,4,JNBE,6,LEA,3,0,1,0,0,0,MOV,0,0,1,0,0,0,JA,0,0,5863756,5863600,5863769,0,0,0,0,cpp,7.410078469904075e-07,0.1833739105888994,0,0,0
0x594d4e,JNZ,38,0,47,2,0x594d4b,TEST,1,NonLeaf,rax(MOV) rax(MOV) ,rflags ,TEST,3,MOV,7,CALL_NEAR,6,NEG,3,MOV,3,XOR,2,CALL_NEAR,6,NOP,1,TEST,3,JZ,2,0,1,0,0,0,CALL,0,1,1,1,0,0,CALL,0,1,5852484,5852541,5852496,0,0,1,1,cpp,9.935534450314203e-10,0.0,0,0,0
0x5d09b6,JNB,2,0,25178,6,0x5d09b0,CMP,1,Leaf,rax(-1) ,rflags ,CMP,6,SYSCALL,2,MOV,5,INVALID,0,INVALID,0,RET_NEAR,1,INVALID,0,INVALID,0,INVALID,0,INVALID,0,0,-1,-1,-1,-1,RET,-1,0,1,1,0,0,RET,0,0,6097328,6122512,6097340,1,0,1,0,cpp,5.2292286580601066e-11,0.0,0,0,0
0x5924df,JNZ,24,16,-15,2,0x5924dc,CMP,1,NonLeaf,rax(ADD) r15(-1) ,rflags ,CMP,3,ADD,4,MOV,3,MOVZX,5,NOP,6,JMP,5,MOV,5,CALL_NEAR,5,MOV,5,JMP,5,1,1,1,1,1,JNE,0,0,1,1,0,0,JMP,0,0,5842128,5842128,5842145,1,0,1,0,cpp,6.275074389672128e-10,0.6666666666666666,1,1,1
0x59193e,JZ,1,1,12,2,0x59193c,TEST,1,NonLeaf,ebp(-1) ebp(-1) ,rflags ,TEST,2,JZ,2,MOV,11,SUB,7,JNZ,6,XOR,2,MOV,3,CALL_NEAR,5,ADD,4,POP,1,0,0,1,0,0,RET,0,0,1,0,0,0,CALL,0,1,5839164,5839178,5839168,0,0,0,1,cpp,2.6146143290300536e-11,1.0,1,0,1
0x552c79,JNZ,768,768,-5,2,0x552c74,ADD,0,NonLeaf,rsp(-1) ,rsp rflags ,RET_NEAR,1,ADD,4,JNP,2,UCOMISD,8,JNBE,2,MOV,10,MOVQ,5,AND,3,MOV,10,CMP,3,0,0,0,0,0,RET,0,0,0,0,0,0,JA,0,0,5581945,5581940,5581947,1,0,0,0,cpp,2.0080238046950813e-08,1.0,1,1,1
0x552c72,JNP,768,768,7,2,0x552c6a,UCOMISD,1,NonLeaf,xmm0(-1) rip(JNP) ,rflags ,UCOMISD,8,JNBE,2,CMP,3,MOV,10,AND,3,ADD,4,RET_NEAR,1,JNZ,2,MOV,10,MOVQ,5,0,1,0,0,0,JNE,0,0,0,0,0,0,RET,0,0,5581930,5581945,5581940,0,0,0,0,cpp,2.0080238046950813e-08,1.0,1,1,1
0x552c68,JNBE,768,0,19,2,0x552c65,CMP,1,NonLeaf,rax(AND) rdx(MOV) ,rflags ,CMP,3,MOV,10,AND,3,MOVQ,5,MOVSD_XMM,6,UCOMISD,8,JNP,2,ADD,4,RET_NEAR,1,JNZ,2,0,1,0,0,0,JA,0,0,1,0,0,0,JNP,0,0,5581891,5581947,5581930,0,0,0,0,cpp,2.0080238046950813e-08,0.0,0,0,0
0x54e354,JLE,226,0,436,6,0x54e346,TEST,1,NonLeaf,ebx(-1) ebx(-1) ,rflags ,MOVSD_XMM,6,MULSD,6,TEST,2,CALL_NEAR,5,ADDSD,4,MOVAPD,4,DIVSD,4,JMP,5,NOP,9,MOVSD_XMM,8,0,1,0,0,0,JMP,0,0,1,0,0,0,JMP,0,0,5563206,5563656,5563226,0,0,0,0,cpp,5.909028383607921e-09,0.0,0,0,0
0x54e1cf,JNLE,70,0,761,6,0x54e1ca,CMP,1,NonLeaf,eax(-1) ,rflags ,CMP,5,JLE,6,DIVSD,4,MULSD,4,MOVAPD,4,MOVAPD,4,MOVSD_XMM,8,MOVSD_XMM,8,MULSD,4,MULSD,4,0,1,0,0,0,JE,0,0,1,0,0,0,ADDSD,0,0,5562826,5563592,5562837,0,0,0,0,cpp,1.8302300303210374e-09,0.0,0,0,0
0x54e1c4,JLE,226,156,524,6,0x54e1a3,CMP,1,NonLeaf,eax(-1) ,rflags ,DIVSD,4,MULSD,4,MOVAPD,4,MOVAPD,4,ANDPD,4,CMP,5,JNLE,6,MOVAPD,4,MOVSD_XMM,8,MOVSD_XMM,8,0,1,0,0,0,JMP,0,0,1,0,0,0,JG,0,0,5562779,5563344,5562826,0,0,0,0,cpp,5.909028383607921e-09,0.6902654867256637,1,0,1
0x54e195,JNLE,226,0,539,6,0x54e190,CMP,1,NonLeaf,eax(-1) ,rflags ,CMP,5,NOP,5,RET_NEAR,1,POP,1,MOVAPD,4,MOVSD_XMM,8,CMP,5,MOVSD_XMM,8,ANDPD,4,MOVAPD,4,0,1,0,0,0,JLE,0,0,1,0,0,0,JLE,0,0,5562768,5563312,5562779,0,0,0,0,cpp,5.909028383607921e-09,0.0,0,0,0
0x54e145,JS,72,0,939,6,0x54e06b,TEST,1,NonLeaf,ebx(-1) ebx(-1) ,rflags ,DIVSD,4,ADDSD,4,ADDSD,4,MULSD,4,ADDSD,4,MOVAPD,4,MOVSD_XMM,8,ADD,4,POP,1,SUBSD,4,0,1,0,0,0,JMP,0,0,1,0,0,0,RET,0,0,5562467,5563632,5562699,0,0,0,0,cpp,1.882522316901638e-09,0.0,0,0,0
0x54e05d,JNLE,298,226,307,6,0x54e058,CMP,1,NonLeaf,eax(-1) ,rflags ,CMP,5,NOP,7,JMP,5,SUBSD,4,ADDSD,4,MOVSD_XMM,8,TEST,2,MOVSD_XMM,8,ANDPD,4,MOVSD_XMM,8,0,1,0,0,0,JG,0,0,1,0,0,0,JS,0,0,5562456,5562768,5562467,0,0,0,0,cpp,7.79155070050956e-09,0.7583892617449665,1,0,1
0x54e03e,JNLE,470,214,850,6,0x54dfa0,CMP,1,NonLeaf,ebx(-1) ,rflags ,MULSD,4,DIVSD,4,ADDSD,4,ADDSD,4,MULSD,4,ADDSD,4,SUBSD,4,JMP,5,NOP,7,CMP,5,0,1,0,0,0,JMP,0,0,1,0,0,0,JMP,0,0,5562252,5563280,5562436,0,0,0,0,cpp,1.2288687346441253e-08,0.4553191489361702,0,0,0
0x54df86,JLE,470,0,1002,6,0x54df81,CMP,1,NonLeaf,eax(-1) ,rflags ,CMP,5,JNLE,6,CMP,5,JNLE,6,CMP,5,MOVAPD,4,MOVSD_XMM,8,MOVSD_XMM,8,CMP,6,MULSD,4,0,1,0,0,0,RET,0,0,1,0,0,0,JG,0,0,5562241,5563248,5562252,0,0,0,0,cpp,1.2288687346441253e-08,0.0,0,0,0
0x54df7b,JNLE,768,298,221,6,0x54df76,CMP,1,NonLeaf,eax(-1) ,rflags ,CMP,5,JNLE,6,CMP,5,AND,5,MOV,2,CMP,5,JLE,6,MOVAPD,4,MOVSD_XMM,8,MOVSD_XMM,8,0,1,0,0,0,JG,0,0,1,0,0,0,JLE,0,0,5562230,5562456,5562241,0,0,0,0,cpp,2.0080238046950813e-08,0.3880208333333333,0,0,0
0x54df70,JNLE,768,0,504,6,0x54df6b,CMP,1,NonLeaf,eax(AND) ,rflags ,CMP,5,AND,5,MOV,2,SHR,4,MOV,5,CMP,5,JNLE,6,CMP,5,JLE,6,MOVAPD,4,0,1,0,0,0,ADDSD,0,0,1,0,0,0,JG,0,0,5562192,5562728,5562230,0,0,0,0,cpp,2.0080238046950813e-08,0.0,0,0,0
0x58994a,JZ,92562,1,317,6,0x589948,TEST,1,NonLeaf,eax(MOV) eax(MOV) ,rflags ,TEST,2,MOV,7,MOV,7,JZ,2,MOV,5,TEST,3,JZ,6,MOV,5,JMP,2,CMP,3,0,1,0,0,0,JMP,0,0,1,1,0,0,JE,0,0,5806401,5806727,5806416,0,0,1,0,cpp,2.420139315236798e-06,1.080356949936259e-05,0,0,0
0x58977d,JZ,780,1,91,2,0x58977b,TEST,1,NonLeaf,eax(MOV) eax(MOV) ,rflags ,TEST,2,MOV,6,ADD,5,MOV,4,MOV,7,CMP,3,JZ,2,XOR,2,XOR,2,TEST,6,0,1,0,0,0,MOV,0,0,1,0,0,0,JE,0,0,5805941,5806040,5805951,0,0,1,0,cpp,2.0393991766434415e-08,0.0012820512820512,0,0,0
0x54bb9e,JZ,1,1,1210,6,0x54bb98,CMP,1,NonLeaf,rsp(-1) ,rflags ,CMP,6,JZ,6,MOV,5,CMP,5,SUB,4,LEA,5,CALL_NEAR,5,MOV,5,MOV,4,MOV,5,0,1,0,0,0,CALL,0,1,1,0,0,0,CALL,0,1,5553048,5554264,5553060,1,1,1,1,cpp,2.6146143290300536e-11,1.0,1,0,1
0x54b20f,JZ,1,1,1217,6,0x54b209,CMP,1,NonLeaf,rsp(-1) ,rflags ,CMP,6,JZ,6,MOV,5,CMP,5,SUB,4,LEA,5,CALL_NEAR,5,MOV,5,MOV,4,MOV,5,0,1,0,0,0,CALL,0,1,1,0,0,0,CALL,0,1,5550601,5551824,5550613,1,1,1,1,cpp,2.6146143290300536e-11,1.0,1,0,1
0x54b203,JZ,1,0,1853,6,0x54b1f9,CMP,1,NonLeaf,rdi(-1) ,rflags ,MOV,5,CMP,5,SUB,4,MOV,3,PUSH,1,CMP,6,JZ,6,LEA,5,CALL_NEAR,5,MOV,5,0,1,0,0,0,CALL,0,1,1,1,0,0,JE,0,0,5550576,5552448,5550601,0,0,1,0,cpp,2.6146143290300536e-11,0.0,0,0,0
0x54b0cb,JBE,12,8,-51,2,0x54b0c7,CMP,1,NonLeaf,rbx(-1) ,rflags ,CMP,4,SHL,2,MOV,2,MOV,3,JZ,2,SHR,3,JMP,2,NOP,6,ADD,4,MOV,3,1,1,0,0,0,SHL,0,0,1,0,0,0,JMP,0,0,5550272,5550232,5550285,0,0,0,0,cpp,3.1375371948360645e-10,0.6666666666666666,1,0,1
0x54b0be,JZ,12,1,26,2,0x54b0ba,CMP,1,NonLeaf,rbx(ADD) ,rflags ,CMP,4,ADD,4,MOV,8,CALL_NEAR,5,MOVZX,3,MOV,3,MOV,2,SHL,2,CMP,4,JBE,2,0,1,1,0,0,JMP,1,0,0,0,1,1,JBE,0,0,5550254,5550296,5550272,0,0,0,0,cpp,3.1375371948360645e-10,0.0833333333333333,0,0,0
0x54b089,JNZ,256,255,-25,2,0x54b082,CMP,1,NonLeaf,rbx(ADD) ,rflags ,CMP,7,ADD,4,MOV,7,CALL_NEAR,5,MOV,2,XOR,2,MOV,6,JMP,2,NOP,3,SHL,3,0,0,0,1,1,CALL,0,1,1,1,0,0,JMP,1,0,5550199,5550192,5550219,0,0,1,0,cpp,6.693412682316937e-09,0.99609375,1,1,1
0x54b05f,JNZ,128,128,-31,2,0x54b05c,CMP,1,NonLeaf,eax(-1) ,rflags ,CMP,3,CALL_NEAR,5,MOV,2,JZ,6,CMP,7,MOV,4,XOR,2,NOP,9,MOV,2,CALL_NEAR,5,0,1,0,0,0,JE,0,0,1,0,0,0,MOV,1,0,5550172,5550144,5550177,0,0,1,1,cpp,3.3467063411584687e-09,1.0,1,0,1
0x54b04f,JZ,128,1,155,6,0x54b048,CMP,1,NonLeaf,rbx(ADD) ,rflags ,CMP,7,ADD,4,MOV,4,NOP,3,JMP,2,MOV,2,CALL_NEAR,5,CMP,3,JNZ,2,MOV,4,0,1,0,0,0,JMP,1,0,0,0,1,1,CALL,0,1,5550144,5550314,5550165,0,0,1,1,cpp,3.3467063411584687e-09,0.0078125,0,0,0
0x54aaea,JNZ,3,2,102,2,0x54aae6,CMP,1,Leaf,si(-1) ,rflags ,CMP,4,JZ,2,CMP,4,NOP,1,JMP,5,MOV,4,LEA,7,JMP,5,NOP,4,CMP,5,0,0,0,0,0,RET,0,0,1,0,0,0,JMP,0,0,5548774,5548880,5548780,0,0,0,0,cpp,7.843842987090161e-11,0.6666666666666666,1,0,1
0x54aae4,JZ,4,1,116,2,0x54aae0,CMP,1,Leaf,si(-1) ,rflags ,CMP,4,NOP,1,JMP,5,LEA,7,MOV,4,CMP,4,JNZ,2,MOV,4,LEA,7,JMP,5,0,1,0,0,0,JMP,0,0,1,0,0,0,JNE,0,0,5548768,5548888,5548774,0,0,0,0,cpp,1.0458457316120216e-10,0.25,0,0,0
0x54aabb,JBE,3,0,69,2,0x54aab0,CMP,0,Leaf,si(-1) ,rflags ,JZ,6,CMP,5,JMP,5,LEA,7,MOV,4,CMP,5,JZ,2,CMP,5,JNZ,6,MOV,4,0,1,0,0,0,JE,0,0,1,0,0,0,JE,0,0,5548731,5548800,5548733,0,0,0,0,cpp,7.843842987090161e-11,0.0,0,0,0
0x54aab5,JZ,4,1,219,6,0x54aab0,CMP,1,Leaf,si(-1) ,rflags ,CMP,5,JMP,5,LEA,7,MOV,4,JNZ,6,JBE,2,CMP,5,JZ,2,CMP,5,JNZ,6,0,1,0,0,0,JMP,0,0,1,0,0,0,JBE,0,0,5548720,5548944,5548731,0,0,0,0,cpp,1.0458457316120216e-10,0.25,0,0,0
0x54aa9a,JNZ,1,0,182,6,0x54aa95,CMP,1,Leaf,si(-1) ,rflags ,CMP,5,JZ,6,CMP,5,JBE,2,JZ,6,MOV,4,LEA,7,JMP,5,CMP,5,JZ,6,0,0,0,0,0,RET,0,0,1,0,0,0,JMP,0,0,5548693,5548880,5548704,0,0,0,0,cpp,2.6146143290300536e-11,0.0,0,0,0
0x54aa8f,JZ,2,1,241,6,0x54aa8a,CMP,1,Leaf,si(-1) ,rflags ,CMP,5,JBE,2,JZ,6,CMP,5,JNBE,2,CMP,5,JNZ,6,MOV,4,LEA,7,JMP,5,0,1,0,0,0,JMP,0,0,1,0,0,0,JNE,0,0,5548682,5548928,5548693,0,0,0,0,cpp,5.2292286580601066e-11,0.5,0,0,0
0x54aa88,JBE,6,4,88,2,0x54aa7d,CMP,0,Leaf,si(-1) ,rflags ,JZ,6,CMP,5,JNBE,2,JZ,6,CMP,5,CMP,5,JZ,6,CMP,5,JNZ,6,MOV,4,0,1,0,0,0,JE,0,0,1,0,0,0,JE,0,0,5548680,5548768,5548682,0,0,0,0,cpp,1.5687685974180323e-10,0.6666666666666666,1,0,1
0x54aa82,JZ,7,1,166,6,0x54aa7d,CMP,1,Leaf,si(-1) ,rflags ,CMP,5,JNBE,2,JZ,6,CMP,5,INVALID,0,JBE,2,CMP,5,JZ,6,CMP,5,JNZ,6,0,1,0,0,0,JMP,0,0,1,0,0,0,JBE,0,0,5548669,5548840,5548680,0,0,0,0,cpp,1.8302300303210375e-10,0.1428571428571428,0,0,0
0x54aa7b,JNBE,11,4,53,2,0x54aa70,CMP,0,Leaf,si(-1) ,rflags ,JZ,6,CMP,5,INVALID,0,INVALID,0,INVALID,0,CMP,5,JZ,6,JBE,2,CMP,5,JZ,6,0,1,0,0,0,JE,0,0,1,0,0,0,JE,0,0,5548667,5548720,5548669,0,0,0,0,cpp,2.8760757619330585e-10,0.3636363636363636,0,0,0
0x54aa75,JZ,12,1,251,6,0x54aa70,CMP,1,Leaf,si(-1) ,rflags ,CMP,5,INVALID,0,INVALID,0,INVALID,0,INVALID,0,JNBE,2,CMP,5,JZ,6,JBE,2,CMP,5,0,1,0,0,0,JMP,0,0,1,0,0,0,JA,0,0,5548656,5548912,5548667,0,0,0,0,cpp,3.1375371948360645e-10,0.0833333333333333,0,0,0
0x5870c9,JB,18482,18482,16,2,0x5870c5,SUB,1,Leaf,rdx(SUB) ,rdx rflags ,SUB,4,SHRD,4,XOR,2,MOV,4,MOV,3,MOV,4,LEA,4,LEA,4,JMP,2,SHRD,4,0,1,0,0,0,RET,0,0,1,0,0,0,JMP,0,0,5796024,5796057,5796043,0,0,1,0,cpp,4.832330202913346e-07,1.0,1,0,1
0x600109,JZ,1,0,87,2,0x600103,TEST,1,NonLeaf,rax(-1) rax(-1) ,rflags ,MOV,3,TEST,3,CALL_NEAR,5,MOV,3,JZ,6,CMP,4,JBE,2,CMP,6,LEA,4,JZ,2,0,1,0,0,0,JNE,0,0,1,0,0,0,JBE,0,0,6291715,6291808,6291723,0,0,0,0,cpp,2.6146143290300536e-11,0.0,0,0,0
0x54800d,JNZ,8,0,9,2,0x548004,XOR,1,NonLeaf,rax(XOR) fs(-1) ,rax rflags ,XOR,9,MOV,5,CALL_NEAR,5,MOV,3,CALL_NEAR,5,ADD,4,POP,1,POP,1,RET_NEAR,1,CALL_NEAR,5,0,1,0,0,0,CALL,0,1,1,0,0,0,RET,0,0,5537791,5537814,5537807,0,0,1,0,cpp,2.091691463224043e-10,0.0,0,0,0
0x547b06,JNZ,64,56,-22,2,0x547b03,CMP,1,Leaf,rax(ADD) rdx(-1) ,rflags ,CMP,3,ADD,4,MOV,8,MOV,7,NOP,7,MOV,10,MOV,7,ADD,7,JMP,5,INVALID,0,1,1,1,1,1,JNE,0,0,1,1,0,0,JMP,1,0,5536496,5536496,5536520,1,0,1,1,cpp,1.6733531705792343e-09,0.875,1,1,1
0x58428a,JBE,2631383,2250959,22,2,0x584287,CMP,1,NonLeaf,cl(LEA) ,rflags ,CMP,3,LEA,4,LEA,3,NOP,5,SUB,3,MOVZX,4,MOV,5,JMP,5,NOP,6,CMP,2,1,1,0,0,0,JE,0,0,1,1,0,0,JMP,1,0,5784192,5784224,5784204,0,0,0,1,cpp,6.880051696966089e-05,0.8554281151774561,1,1,1
0x582bd4,JNZ,284881,0,6742,6,0x582bc6,CMP,1,NonLeaf,rsp(-1) ,rflags ,MOV,5,SETZ,3,CMP,6,XOR,2,JZ,6,MOV,3,MOV,3,MOV,6,MOVSX,4,MOV,4,0,1,0,0,0,JMP,0,0,1,0,0,0,MOV,0,0,5778372,5785130,5778394,0,0,0,0,cpp,7.448539446684107e-06,0.0,0,0,0
0x582493,JNZ,661364,0,238,6,0x582490,TEST,1,NonLeaf,rdx(MOV) rdx(MOV) ,rflags ,TEST,3,MOV,8,CDQE,2,MOV,3,JLE,6,MOV,3,MOV,7,ADD,4,MOV,3,POP,1,0,0,0,0,0,CALL,0,1,0,0,0,0,MOV,0,0,5776515,5776769,5776537,0,0,1,1,cpp,1.7292117911046324e-05,0.0,0,0,0
0x57f1b8,JZ,1546109,0,685,6,0x57f1b5,TEST,1,NonLeaf,r14b(-1) r14b(-1) ,rflags ,TEST,3,JNZ,2,TEST,6,MOVSX,4,MOVZX,5,CMP,4,JZ,6,CMP,4,MOV,8,JZ,6,0,1,0,0,0,MOV,0,0,1,0,0,0,JE,0,0,5763509,5764197,5763518,0,0,0,0,cpp,4.042478745642328e-05,0.0,0,0,0
0x57ece8,JNZ,7,7,72,2,0x57ece4,CMP,1,NonLeaf,rbx(-1) ,rflags ,CMP,4,JZ,6,TEST,2,MOVZX,3,MOV,3,MOV,4,OR,3,TEST,3,JNZ,2,JMP,2,0,1,0,0,0,JNE,0,0,1,0,0,0,JNE,0,0,5762276,5762352,5762282,1,0,0,0,cpp,1.8302300303210375e-10,1.0,1,0,1
0x5f5fa8,JS,3,0,35,2,0x5f5fa6,TEST,1,NonLeaf,eax(-1) eax(-1) ,rflags ,TEST,2,CALL_NEAR,6,MOV,3,MOV,3,JBE,6,MOV,4,AND,5,CMP,5,JZ,2,MOV,5,0,0,0,0,0,MOV,0,0,1,0,0,0,JE,0,0,6250406,6250443,6250410,0,0,0,0,cpp,7.843842987090161e-11,0.0,0,0,0
0x53e881,JNZ,8,8,-1136,6,0x53e87c,TEST,1,NonLeaf,eax(-1) eax(-1) ,rflags ,MOV,3,TEST,2,CALL_NEAR,5,JZ,6,MOV,3,MOV,4,MOV,3,XOR,2,JMP,5,NOP,3,0,0,0,0,0,JE,0,0,0,0,0,0,MOV,0,0,5499004,5497873,5499015,0,0,0,1,cpp,2.091691463224043e-10,1.0,1,0,1
0x53e871,JZ,8,0,-1120,6,0x53e86a,CMP,1,NonLeaf,rbp(-1) ,rflags ,MOV,3,CMP,4,JZ,2,CMP,3,MOV,4,CALL_NEAR,5,TEST,2,MOV,3,JNZ,6,MOV,4,0,0,0,0,0,JE,0,0,1,0,0,0,CALL,0,1,5498986,5497873,5498999,0,0,0,1,cpp,2.091691463224043e-10,0.0,0,0,0
0x53e868,JZ,8,0,31,2,0x53e865,CMP,1,NonLeaf,rbp(MOV) rsi(MOV) ,rflags ,CMP,3,MOV,4,MOV,5,MOV,4,NOP,4,CMP,4,MOV,3,JZ,6,CALL_NEAR,5,TEST,2,0,1,0,0,0,MOV,0,0,1,0,0,0,JE,0,0,5498968,5499015,5498986,0,0,1,0,cpp,2.091691463224043e-10,0.0,0,0,0
0x53e81b,JNZ,8,0,322,6,0x53e812,XOR,1,NonLeaf,rdi(XOR) fs(-1) ,rdi rflags ,XOR,9,MOV,5,XOR,2,MOV,3,LEA,4,ADD,7,POP,1,POP,1,POP,2,POP,2,0,1,0,0,0,CALL,0,1,1,0,0,0,RET,0,0,5498893,5499229,5498913,0,0,1,0,cpp,2.091691463224043e-10,0.0,0,0,0
0x53e7f0,JS,8,0,81,2,0x53e7e0,CMP,1,NonLeaf,rsp(-1) ,rflags ,MOV,3,MOV,3,MOV,4,CMP,6,NOP,3,MOV,5,XOR,2,ADD,3,CMP,5,SETZ,3,0,1,0,0,0,JNE,0,0,1,0,0,0,XOR,0,0,5498848,5498945,5498866,0,0,0,1,cpp,2.091691463224043e-10,0.0,0,0,0
0x53e41d,JZ,8,8,963,6,0x53e41a,CMP,1,NonLeaf,rsi(MOV) rdi(-1) ,rflags ,CMP,3,MOV,4,MOV,5,MOV,4,JZ,6,CMP,3,JZ,2,CALL_NEAR,5,TEST,2,NOP,1,0,1,0,0,0,JS,0,0,1,0,0,0,JE,0,0,5497873,5498848,5497891,0,0,1,0,cpp,2.091691463224043e-10,1.0,1,0,1
0x53e407,JZ,8,8,1105,6,0x53e3fd,CMP,1,NonLeaf,r15(-1) rsp(-1) ,rflags ,MOV,5,CMP,5,MOV,3,MOV,3,JZ,2,MOV,4,MOV,5,MOV,4,CMP,3,JZ,6,0,1,0,0,0,JE,0,0,1,0,0,0,MOV,0,0,5497853,5498968,5497869,0,0,0,0,cpp,2.091691463224043e-10,1.0,1,0,1
0x53e3f5,JZ,8,0,8,2,0x53e3f1,TEST,1,NonLeaf,rbx(MOV) ,rflags ,TEST,4,XOR,2,MOV,5,MOV,9,MOV,5,MOV,3,MOV,3,CMP,5,MOV,5,JZ,6,0,1,1,0,0,JE,0,0,1,0,0,0,MOV,0,0,5497760,5497853,5497847,0,0,0,1,cpp,2.091691463224043e-10,0.0,0,0,0
0x53d5e6,JZ,48,48,-97,2,0x53d5e3,CMP,1,NonLeaf,ecx(AND) ,rflags ,CMP,3,AND,3,MOV,2,MOV,4,JZ,2,MOV,4,MOV,4,AND,2,AND,3,CMP,3,0,0,1,0,0,JNE,0,0,1,0,0,0,JE,0,0,5494234,5494149,5494248,0,0,0,0,cpp,1.2550148779344256e-09,1.0,1,0,1
0x53d5d8,JZ,48,0,-85,2,0x53d5d5,TEST,1,NonLeaf,rax(MOV) rax(MOV) ,rflags ,TEST,3,MOV,5,CALL_NEAR,3,MOV,3,MOV,5,MOV,4,MOV,2,AND,3,CMP,3,JZ,2,0,0,0,0,0,XOR,0,0,1,0,0,0,JE,0,0,5494224,5494147,5494234,0,0,0,0,cpp,1.2550148779344256e-09,0.0,0,0,0
0x53d593,JNZ,48,0,200,6,0x53d58a,XOR,1,NonLeaf,rsi(XOR) fs(-1) ,rsi rflags ,XOR,9,MOV,5,XOR,2,JZ,2,CMP,3,ADD,4,POP,1,POP,1,POP,2,POP,2,0,1,0,0,0,CALL,0,1,1,0,0,0,RET,0,0,5494149,5494363,5494169,0,0,1,0,cpp,1.2550148779344256e-09,0.0,0,0,0
0x53d581,JZ,48,48,39,2,0x53d57e,CMP,1,NonLeaf,rdi(MOV) rax(MOV) ,rflags ,CMP,3,MOV,4,MOV,3,MOV,8,MOV,8,XOR,2,MOV,5,XOR,9,JNZ,6,ADD,4,0,1,0,0,0,CALL,0,1,1,0,0,0,XOR,0,0,5494048,5494184,5494147,0,0,1,0,cpp,1.2550148779344256e-09,1.0,1,0,1
0x578936,JZ,2,0,13,2,0x578933,TEST,1,Leaf,rcx(MOV) rcx(MOV) ,rflags ,TEST,3,MOV,5,MOV,4,LEA,4,MOV,7,MOV,7,MOV,4,MOV,5,TEST,3,JZ,2,0,1,1,0,0,JE,0,0,1,0,0,0,MOV,0,0,5736750,5736771,5736760,0,0,0,1,cpp,5.2292286580601066e-11,0.0,0,0,0
0x575d32,JZ,1,1,501,6,0x575d2f,CMP,1,NonLeaf,edx(AND) ,rflags ,CMP,3,AND,3,MOV,2,XGETBV,3,XOR,2,CMP,7,JLE,6,MOV,5,XOR,2,MOV,2,0,1,0,0,0,JE,0,0,1,1,0,0,JLE,0,0,5725477,5725991,5725496,0,0,0,0,cpp,2.6146143290300536e-11,1.0,1,1,1
0x5efd77,JNZ,4,4,-13207,6,0x5efd74,TEST,1,NonLeaf,r11d(MOV) r11d(MOV) ,rflags ,TEST,3,MOV,5,MOV,7,MOV,3,MOV,6,MOV,10,JMP,5,MOV,7,JMP,5,MOV,7,0,0,1,0,0,JE,0,0,1,0,0,0,JMP,0,0,6225256,6212064,6225277,0,0,0,1,cpp,1.0458457316120216e-10,1.0,1,0,1
0x5ed054,JZ,4,4,4092,6,0x5ed04d,TEST,1,NonLeaf,rbp(-1) ,rflags ,TEST,7,JMP,5,MOV,6,JNZ,6,TEST,10,MOV,7,AND,4,JZ,6,CMP,3,JZ,6,0,1,0,0,0,JNE,0,0,0,0,0,0,JE,0,0,6213709,6217808,6213722,0,0,0,0,cpp,1.0458457316120216e-10,1.0,1,0,1
0x5ecdc7,JZ,678161,0,26,2,0x5ecdc5,TEST,1,NonLeaf,ecx(MOV) ecx(MOV) ,rflags ,TEST,2,MOV,6,ADD,4,MOVZX,3,MOV,4,MOV,7,MOVZX,3,MOV,4,CMP,4,JZ,6,0,1,0,0,0,CMOVE,0,0,1,0,0,0,JE,0,0,6213055,6213089,6213065,0,0,0,0,cpp,1.7731294679893504e-05,0.0,0,0,0
0x5e8fd0,JNZ,12870,0,3796,6,0x5e8fc8,CMP,1,NonLeaf,rbp(-1) ,rflags ,CMP,8,JNZ,2,SUB,4,ADD,4,JNZ,6,TEST,6,MOV,3,JZ,6,MOV,7,TEST,3,0,1,0,0,0,CALL,0,1,1,1,0,0,JE,0,0,6197192,6200996,6197206,0,0,1,0,cpp,3.365008641461679e-07,0.0,0,0,0
0x5e8d5c,JNZ,12870,0,-19,2,0x5e8d59,CMP,1,NonLeaf,rsp(-1) rsi(-1) ,rflags ,CMP,3,OR,9,SUB,7,JMP,2,MOV,3,AND,5,JZ,2,LEA,4,SUB,3,OR,5,1,1,0,0,0,OR,0,0,1,1,0,0,JE,1,0,6196569,6196553,6196574,1,0,1,0,cpp,3.365008641461679e-07,0.0,0,1,0
0x5e899d,JZ,7993,120,2818,6,0x5e8999,CMP,1,NonLeaf,r10(MOV) ,rflags ,CMP,4,MOV,4,JNZ,2,MOV,6,CMP,3,CMP,5,MOV,6,JNZ,2,TEST,3,MOV,3,0,1,0,0,0,JE,0,0,1,0,0,0,JNE,0,0,6195605,6198431,6195619,0,0,0,0,cpp,2.089861233193722e-07,0.0150131364944326,0,0,0
0x5e8718,JNBE,12870,0,6126,6,0x5e8715,CMP,1,NonLeaf,rdi(MOV) rax(MOV) ,rflags ,CMP,3,MOV,10,MOV,7,ADD,7,JBE,6,MOVSXD,7,CMP,3,JB,6,MOV,7,LEA,8,0,1,0,0,0,JMP,1,0,1,0,0,0,JB,0,0,6194948,6201094,6194974,0,0,1,0,cpp,3.365008641461679e-07,0.0,0,0,0
0x5e3206,JZ,3512,1510,29,2,0x5e31fe,CMP,1,NonLeaf,rbp(-1) ,rflags ,CMP,8,SUB,6,ADD,6,MOV,6,JNZ,6,CMP,7,JZ,2,CMP,7,LEA,3,SETZ,3,0,1,1,0,0,JE,0,0,1,0,0,0,JE,0,0,6173164,6173219,6173192,0,0,0,0,cpp,9.182525523553549e-08,0.4299544419134396,0,0,0
0x5a2c09,JZ,33934,32429,16,2,0x5a2c06,TEST,1,Leaf,dl(-1) ,rflags ,TEST,3,INC,3,INC,3,MOV,2,MOVZX,3,MOVZX,3,MOV,3,ADD,4,ADD,4,TEST,3,0,1,1,0,0,JE,0,0,1,0,0,0,ADD,0,0,5909510,5909529,5909515,0,0,0,1,cpp,8.872432264130584e-07,0.9556492013909352,1,0,1
0x5a0216,JZ,156,156,10,2,0x5a0213,TEST,1,Leaf,r8d(-1) r8d(-1) ,rflags ,TEST,3,LEA,4,LEA,4,RET_NEAR,1,SUB,2,XCHG,3,NOP,5,BSF,4,MOVZX,4,MOVZX,4,0,0,1,0,0,RET,0,0,1,0,0,0,NOP,0,0,5898763,5898784,5898776,0,0,0,0,cpp,4.078798353286884e-09,1.0,1,0,1
0x5a0205,JZ,4,4,3,2,0x5a0202,TEST,1,Leaf,r8d(-1) r8d(-1) ,rflags ,TEST,3,MOVZX,4,MOVZX,4,LEA,5,ADD,3,XCHG,1,SUB,2,RET_NEAR,1,LEA,4,LEA,4,0,0,1,0,0,RET,0,0,0,0,0,0,XCHG,0,0,5898738,5898760,5898759,0,0,0,0,cpp,1.0458457316120216e-10,1.0,1,1,1
0x5603eb,JZ,13439304,4591760,1405,6,0x5603e7,CMP,1,NonLeaf,r12d(-1) ,rflags ,CMP,4,JZ,6,CMP,4,VMULSD,4,VMOVSD,8,VUCOMISD,5,JNBE,6,VMOVSD,6,VMOVSD,8,VMOVAPD,5,0,0,0,0,0,JE,0,0,1,0,0,0,JA,0,0,5637095,5638504,5637105,0,0,0,0,cpp,0.0003513859681059,0.3416665029677132,0,0,0
0x522cd9,JZ,4,0,29,2,0x522cd6,TEST,1,NonLeaf,rdi(MOV) rdi(MOV) ,rflags ,TEST,3,MOV,4,JNB,2,MOV,4,CMP,4,LEA,7,LEA,7,XOR,2,CALL_NEAR,5,TEST,3,0,0,1,0,0,RET,0,0,1,0,0,0,CALL,0,1,5385426,5385462,5385435,0,0,0,1,cpp,1.0458457316120216e-10,0.0,0,0,0
0x522cd0,JNB,4,0,38,2,0x522cc8,CMP,1,NonLeaf,rcx(MOV) rdx(MOV) ,rflags ,MOV,4,CMP,4,XOR,2,MOV,3,MOV,3,MOV,4,TEST,3,JZ,2,LEA,7,LEA,7,0,1,1,0,0,RET,0,0,1,0,0,0,JE,0,0,5385408,5385462,5385426,0,0,0,0,cpp,1.0458457316120216e-10,0.0,0,0,0
0x522c89,JZ,4,0,29,2,0x522c86,TEST,1,NonLeaf,rdi(MOV) rdi(MOV) ,rflags ,TEST,3,MOV,4,JNB,2,MOV,4,CMP,4,LEA,7,LEA,7,XOR,2,CALL_NEAR,5,TEST,3,0,0,1,0,0,RET,0,0,1,0,0,0,CALL,0,1,5385346,5385382,5385355,0,0,0,1,cpp,1.0458457316120216e-10,0.0,0,0,0
0x522b49,JZ,4,0,29,2,0x522b46,TEST,1,NonLeaf,rdi(MOV) rdi(MOV) ,rflags ,TEST,3,MOV,4,JNB,2,MOV,4,CMP,4,LEA,7,LEA,7,XOR,2,CALL_NEAR,5,TEST,3,0,0,1,0,0,RET,0,0,1,0,0,0,CALL,0,1,5385026,5385062,5385035,0,0,0,1,cpp,1.0458457316120216e-10,0.0,0,0,0
0x522b40,JNB,4,0,38,2,0x522b38,CMP,1,NonLeaf,rcx(MOV) rdx(MOV) ,rflags ,MOV,4,CMP,4,XOR,2,MOV,3,MOV,3,MOV,4,TEST,3,JZ,2,LEA,7,LEA,7,0,1,1,0,0,RET,0,0,1,0,0,0,JE,0,0,5385008,5385062,5385026,0,0,0,0,cpp,1.0458457316120216e-10,0.0,0,0,0
0x5219fe,JZ,4,0,9,2,0x5219fb,TEST,1,NonLeaf,rax(-1) rax(-1) ,rflags ,TEST,3,CALL_NEAR,5,XOR,2,LEA,7,LEA,7,POP,1,RET_NEAR,1,CALL_NEAR,5,CALL_NEAR,5,NOP,4,0,1,0,0,0,CALL,0,1,1,0,0,0,RET,0,0,5380603,5380615,5380608,0,0,1,0,cpp,1.0458457316120216e-10,0.0,0,0,0
0x5219e4,JZ,4,0,30,2,0x5219e1,TEST,1,NonLeaf,rdi(MOV) rdi(MOV) ,rflags ,TEST,3,MOV,4,JNB,2,MOV,4,CMP,4,LEA,7,LEA,7,XOR,2,CALL_NEAR,5,TEST,3,0,0,0,0,0,CALL,0,1,1,0,0,0,CALL,0,1,5380573,5380610,5380582,0,0,1,1,cpp,1.0458457316120216e-10,0.0,0,0,0
0x5219db,JNB,4,0,39,2,0x5219d3,CMP,1,NonLeaf,rax(-1) rdx(MOV) ,rflags ,MOV,4,CMP,4,MOV,3,CALL_NEAR,5,LEA,7,MOV,4,TEST,3,JZ,2,LEA,7,LEA,7,0,1,0,0,0,CALL,0,1,1,0,0,0,JE,0,0,5380560,5380610,5380573,0,0,1,0,cpp,1.0458457316120216e-10,0.0,0,0,0
0x5219ae,JZ,4,0,9,2,0x5219ab,TEST,1,NonLeaf,rax(-1) rax(-1) ,rflags ,TEST,3,CALL_NEAR,5,XOR,2,LEA,7,LEA,7,POP,1,RET_NEAR,1,CALL_NEAR,5,CALL_NEAR,5,NOP,4,0,1,0,0,0,CALL,0,1,1,0,0,0,RET,0,0,5380523,5380535,5380528,0,0,1,0,cpp,1.0458457316120216e-10,0.0,0,0,0
0x521994,JZ,4,0,30,2,0x521991,TEST,1,NonLeaf,rdi(MOV) rdi(MOV) ,rflags ,TEST,3,MOV,4,JNB,2,MOV,4,CMP,4,LEA,7,LEA,7,XOR,2,CALL_NEAR,5,TEST,3,0,0,0,0,0,CALL,0,1,1,0,0,0,CALL,0,1,5380493,5380530,5380502,0,0,1,1,cpp,1.0458457316120216e-10,0.0,0,0,0
0x52198b,JNB,4,0,39,2,0x521983,CMP,1,NonLeaf,rax(-1) rdx(MOV) ,rflags ,MOV,4,CMP,4,MOV,3,CALL_NEAR,5,LEA,7,MOV,4,TEST,3,JZ,2,LEA,7,LEA,7,0,1,0,0,0,CALL,0,1,1,0,0,0,JE,0,0,5380480,5380530,5380493,0,0,1,0,cpp,1.0458457316120216e-10,0.0,0,0,0
0x520d4e,JZ,4,0,9,2,0x520d4b,TEST,1,NonLeaf,rax(-1) rax(-1) ,rflags ,TEST,3,CALL_NEAR,5,XOR,2,LEA,7,LEA,7,POP,1,RET_NEAR,1,CALL_NEAR,5,CALL_NEAR,5,NOP,4,0,1,0,0,0,CALL,0,1,1,0,0,0,RET,0,0,5377355,5377367,5377360,0,0,1,0,cpp,1.0458457316120216e-10,0.0,0,0,0
0x520d34,JZ,4,0,30,2,0x520d31,TEST,1,NonLeaf,rdi(MOV) rdi(MOV) ,rflags ,TEST,3,MOV,4,JNB,2,MOV,4,CMP,4,LEA,7,LEA,7,XOR,2,CALL_NEAR,5,TEST,3,0,0,0,0,0,CALL,0,1,1,0,0,0,CALL,0,1,5377325,5377362,5377334,0,0,1,1,cpp,1.0458457316120216e-10,0.0,0,0,0
0x520d2b,JNB,4,0,39,2,0x520d23,CMP,1,NonLeaf,rax(-1) rdx(MOV) ,rflags ,MOV,4,CMP,4,MOV,3,CALL_NEAR,5,LEA,7,MOV,4,TEST,3,JZ,2,LEA,7,LEA,7,0,1,0,0,0,CALL,0,1,1,0,0,0,JE,0,0,5377312,5377362,5377325,0,0,1,0,cpp,1.0458457316120216e-10,0.0,0,0,0
0x5d592d,JZ,1,0,259,6,0x5d592a,TEST,1,Leaf,rax(MOV) rax(MOV) ,rflags ,TEST,3,MOV,7,MOV,3,INVALID,0,INVALID,0,PUSH,2,MOV,7,XOR,2,MOV,7,MOV,7,0,1,1,0,0,REPZ RET,0,0,1,0,0,0,NOP,0,0,6117664,6117936,6117683,0,0,0,1,cpp,2.6146143290300536e-11,0.0,0,0,0
0x5d5556,JLE,1,0,35,2,0x5d554f,CMP,1,Leaf,rip(JLE) ,rflags ,CMP,7,MOV,6,XOR,3,XOR,3,JZ,6,MOV,5,XOR,2,CPUID,2,MOV,6,MOV,6,0,1,1,0,0,JE,0,0,1,0,0,0,MOV,0,0,6116687,6116729,6116696,0,0,0,1,cpp,2.6146143290300536e-11,0.0,0,0,0
0x597930,JNBE,29065,28946,11,2,0x597929,CMP,1,NonLeaf,r14(-1) ,rflags ,CMP,7,AND,4,JNBE,6,CMP,7,JBE,6,CMP,3,JZ,6,CMP,3,MOV,4,MOV,4,0,1,0,0,0,JE,0,0,1,0,0,0,JE,0,0,5863717,5863739,5863730,0,0,1,0,cpp,7.599376547325852e-07,0.9959057285394805,1,0,1
0x597771,JZ,2052,2051,173,6,0x59776e,CMP,1,NonLeaf,r13(MOV) rax(LEA) ,rflags ,CMP,3,MOV,4,LEA,5,LEA,5,SHR,4,TEST,3,JZ,6,MOV,4,CMP,4,JNZ,6,0,0,0,0,0,SUB,0,0,1,0,0,0,JE,0,0,5863257,5863454,5863287,0,0,1,0,cpp,5.36518860316967e-08,0.999512670565302,1,0,1
0x597757,JNBE,20236,18184,129,2,0x597750,CMP,1,NonLeaf,r14(-1) ,rflags ,CMP,7,JNZ,2,TEST,3,MOV,3,JZ,6,MOV,3,SHR,4,LEA,5,LEA,5,MOV,4,0,1,0,0,0,JBE,0,0,1,0,0,0,JE,0,0,5863248,5863384,5863257,0,0,0,0,cpp,5.290933556225217e-07,0.8985965605850958,1,0,1
0x595c54,JBE,2037,536,18,2,0x595c45,CMP,1,NonLeaf,r12(-1) ,rflags ,MOV,4,MOV,4,CMP,7,MOV,4,JNZ,6,MOV,8,MOV,8,MOV,3,MOV,4,MOV,4,0,1,1,0,0,JE,0,0,1,0,0,0,MOV,0,0,5856321,5856358,5856342,0,0,1,1,cpp,5.32596938823422e-08,0.2631320569464899,0,0,0
0x51b181,JNZ,3,3,23,2,0x51b17e,CMP,1,NonLeaf,eax(-1) ,rflags ,CMP,3,CALL_NEAR,3,MOV,3,JZ,2,TEST,3,MOV,3,MOV,3,ADD,4,MOV,3,OR,3,0,0,1,0,0,RET,0,0,1,0,0,0,CALL,0,1,5353854,5353880,5353859,0,0,0,1,cpp,7.843842987090161e-11,1.0,1,0,1
0x51b176,JZ,3,0,34,2,0x51b173,TEST,1,NonLeaf,rdi(MOV) rdi(MOV) ,rflags ,TEST,3,MOV,8,MOV,4,MOV,3,MOV,3,MOV,3,CALL_NEAR,3,CMP,3,JNZ,2,MOV,3,0,1,1,0,0,RET,0,0,1,0,0,0,CALL,0,1,5353824,5353880,5353848,0,0,0,1,cpp,7.843842987090161e-11,0.0,0,0,0
0x518ce1,JNZ,3,3,23,2,0x518cde,CMP,1,NonLeaf,eax(-1) ,rflags ,CMP,3,CALL_NEAR,3,MOV,3,JZ,2,TEST,3,MOV,3,MOV,3,ADD,4,MOV,3,OR,3,0,0,1,0,0,RET,0,0,1,0,0,0,CALL,0,1,5344478,5344504,5344483,0,0,0,1,cpp,7.843842987090161e-11,1.0,1,0,1
0x518cd6,JZ,3,0,34,2,0x518cd3,TEST,1,NonLeaf,rdi(MOV) rdi(MOV) ,rflags ,TEST,3,MOV,8,MOV,4,MOV,3,MOV,3,MOV,3,CALL_NEAR,3,CMP,3,JNZ,2,MOV,3,0,1,1,0,0,RET,0,0,1,0,0,0,CALL,0,1,5344448,5344504,5344472,0,0,0,1,cpp,7.843842987090161e-11,0.0,0,0,0
0x591b34,JZ,2,0,57,2,0x591b30,CMP,1,NonLeaf,r8(MOV) rdx(MOV) ,rflags ,CMP,4,MOV,9,MOV,7,NOP,10,RET_NEAR,1,MOV,5,CMP,7,JZ,2,CMPXCHG_LOCK,4,JNZ,6,0,1,1,0,0,JNE,0,0,1,0,0,0,JE,0,0,5839648,5839725,5839670,0,0,1,0,cpp,5.2292286580601066e-11,0.0,0,0,0
0x591679,JBE,2,0,306,6,0x591676,CMP,1,NonLeaf,r13(-1) rax(SUB) ,rflags ,CMP,3,SUB,6,MOV,3,MOV,7,JZ,6,XOR,2,XOR,2,MOV,3,CALL_NEAR,4,CMP,4,0,1,0,0,0,CALL,0,1,1,1,0,0,CALL,0,1,5838438,5838763,5838463,0,0,1,1,cpp,5.2292286580601066e-11,0.0,0,0,0
0x591660,JZ,2,2,176,6,0x59165e,TEST,1,NonLeaf,al(MOV) ,rflags ,TEST,2,MOV,2,JNZ,2,CMP,7,MOV,7,MOV,7,MOV,3,SUB,6,CMP,3,JBE,6,0,1,0,0,0,JMP,0,0,0,1,0,0,JBE,0,0,5838428,5838608,5838438,1,0,1,0,cpp,5.2292286580601066e-11,1.0,1,0,1
0x5907d4,JZ,1,0,292,6,0x5907ce,CMP,1,NonLeaf,edx(AND) ,rflags ,CMP,6,AND,6,XOR,3,MOV,2,JZ,6,MOV,3,XOR,2,CALL_NEAR,5,TEST,4,JZ,6,0,1,0,0,0,JLE,0,0,1,1,0,0,CALL,0,1,5834691,5835000,5834714,0,0,0,1,cpp,2.6146143290300536e-11,0.0,0,0,0
0x5907bd,JZ,1,0,251,6,0x5907ba,CMP,1,NonLeaf,eax(MOV) ,rflags ,CMP,3,MOV,3,MOV,3,PUSH,1,PUSH,1,MOV,2,XOR,3,AND,6,CMP,6,JZ,6,0,1,1,0,0,RET,0,0,1,0,0,0,JE,0,0,5834672,5834936,5834691,0,0,0,0,cpp,2.6146143290300536e-11,0.0,0,0,0
0x58eadc,JZ,2,0,33,2,0x58ead9,TEST,1,NonLeaf,rax(-1) rax(-1) ,rflags ,TEST,3,CALL_NEAR,5,MOV,3,PUSH,1,INVALID,0,MOV,4,MOV,4,MOV,4,MOV,4,MOV,4,0,1,1,0,0,RET,0,0,1,0,0,0,MOV,0,0,5827289,5827325,5827294,0,0,0,1,cpp,5.2292286580601066e-11,0.0,0,0,0
0x5899d2,JNZ,2,2,-54,2,0x5899cf,TEST,1,NonLeaf,r15(SUB) r15(SUB) ,rflags ,TEST,3,ADD,4,MOV,2,SUB,4,JZ,6,NOP,4,MOV,3,SUB,5,ADD,4,POP,1,0,0,0,1,1,JG,0,0,1,0,0,0,NOP,1,0,5806533,5806492,5806548,0,0,0,0,cpp,5.2292286580601066e-11,1.0,1,1,1
0x589340,JZ,2,0,68,2,0x58933d,TEST,1,NonLeaf,rax(-1) rax(-1) ,rflags ,TEST,3,CALL_NEAR,5,MOV,3,MOV,3,MOV,3,TEST,4,JZ,2,TEST,3,JZ,2,MOV,6,0,1,0,0,0,CALL,0,1,1,0,0,0,JE,0,0,5804861,5804932,5804866,0,0,1,0,cpp,5.2292286580601066e-11,0.0,0,0,0
0x5890a9,JNZ,92562,0,55,2,0x5890a4,TEST,1,NonLeaf,ah(OR) ,rflags ,MOV,2,TEST,3,OR,3,MOV,2,XOR,2,MOV,7,SUB,4,JNZ,2,MOV,8,CMP,7,0,0,1,0,0,RET,0,0,1,0,0,0,JNE,0,0,5804191,5804256,5804203,0,0,0,1,cpp,2.420139315236798e-06,0.0,0,0,0
0x58904e,JNZ,92562,0,270,6,0x58904a,CMPXCHG,1,NonLeaf,r8(-1) esi(-1) eax(CMPXCHG) ,eax rflags ,CMPXCHG,4,JMP,2,JNZ,6,CMPXCHG_LOCK,5,JZ,2,MOV,7,MOV,7,MOV,2,MOV,4,ADD,5,0,-1,-1,-1,-1,CALL,-1,1,0,1,0,0,MOV,0,0,5804106,5804380,5804116,0,0,1,1,cpp,2.420139315236798e-06,0.0,0,0,0
0x5875bf,JZ,434250,15372,91,2,0x5875bc,CMP,1,Leaf,ebx(-1) ,rflags ,CMP,3,JZ,2,AND,3,ADC,4,ADD,3,JNLE,2,DEC,3,JNZ,2,MOV,3,JMP,5,0,1,0,0,0,JMP,0,0,1,0,0,0,JG,0,0,5797308,5797402,5797313,0,0,0,0,cpp,1.1353962723813007e-05,0.0353989637305699,0,0,0
0x50bcd9,JZ,4,0,29,2,0x50bcd6,TEST,1,NonLeaf,rdi(MOV) rdi(MOV) ,rflags ,TEST,3,MOV,4,JNB,2,MOV,4,CMP,4,LEA,7,LEA,7,XOR,2,CALL_NEAR,5,TEST,3,0,0,1,0,0,RET,0,0,1,0,0,0,CALL,0,1,5291218,5291254,5291227,0,0,0,1,cpp,1.0458457316120216e-10,0.0,0,0,0
0x50bcd0,JNB,4,0,38,2,0x50bcc8,CMP,1,NonLeaf,rcx(MOV) rdx(MOV) ,rflags ,MOV,4,CMP,4,XOR,2,MOV,3,MOV,3,MOV,4,TEST,3,JZ,2,LEA,7,LEA,7,0,1,1,0,0,RET,0,0,1,0,0,0,JE,0,0,5291200,5291254,5291218,0,0,0,0,cpp,1.0458457316120216e-10,0.0,0,0,0
0x50bc89,JZ,4,0,29,2,0x50bc86,TEST,1,NonLeaf,rdi(MOV) rdi(MOV) ,rflags ,TEST,3,MOV,4,JNB,2,MOV,4,CMP,4,LEA,7,LEA,7,XOR,2,CALL_NEAR,5,TEST,3,0,0,1,0,0,RET,0,0,1,0,0,0,CALL,0,1,5291138,5291174,5291147,0,0,0,1,cpp,1.0458457316120216e-10,0.0,0,0,0
0x50bc80,JNB,4,0,38,2,0x50bc78,CMP,1,NonLeaf,rcx(MOV) rdx(MOV) ,rflags ,MOV,4,CMP,4,XOR,2,MOV,3,MOV,3,MOV,4,TEST,3,JZ,2,LEA,7,LEA,7,0,1,1,0,0,RET,0,0,1,0,0,0,JE,0,0,5291120,5291174,5291138,0,0,0,0,cpp,1.0458457316120216e-10,0.0,0,0,0
0x50bb49,JZ,4,0,29,2,0x50bb46,TEST,1,NonLeaf,rdi(MOV) rdi(MOV) ,rflags ,TEST,3,MOV,4,JNB,2,MOV,4,CMP,4,LEA,7,LEA,7,XOR,2,CALL_NEAR,5,TEST,3,0,0,1,0,0,RET,0,0,1,0,0,0,CALL,0,1,5290818,5290854,5290827,0,0,0,1,cpp,1.0458457316120216e-10,0.0,0,0,0
0x50bb40,JNB,4,0,38,2,0x50bb38,CMP,1,NonLeaf,rcx(MOV) rdx(MOV) ,rflags ,MOV,4,CMP,4,XOR,2,MOV,3,MOV,3,MOV,4,TEST,3,JZ,2,LEA,7,LEA,7,0,1,1,0,0,RET,0,0,1,0,0,0,JE,0,0,5290800,5290854,5290818,0,0,0,0,cpp,1.0458457316120216e-10,0.0,0,0,0
0x50aeee,JZ,4,0,9,2,0x50aeeb,TEST,1,NonLeaf,rax(-1) rax(-1) ,rflags ,TEST,3,CALL_NEAR,5,XOR,2,LEA,7,LEA,7,POP,1,RET_NEAR,1,CALL_NEAR,5,CALL_NEAR,5,NOP,4,0,1,0,0,0,CALL,0,1,1,0,0,0,RET,0,0,5287659,5287671,5287664,0,0,1,0,cpp,1.0458457316120216e-10,0.0,0,0,0
0x50aed4,JZ,4,0,30,2,0x50aed1,TEST,1,NonLeaf,rdi(MOV) rdi(MOV) ,rflags ,TEST,3,MOV,4,JNB,2,MOV,4,CMP,4,LEA,7,LEA,7,XOR,2,CALL_NEAR,5,TEST,3,0,0,0,0,0,CALL,0,1,1,0,0,0,CALL,0,1,5287629,5287666,5287638,0,0,1,1,cpp,1.0458457316120216e-10,0.0,0,0,0
0x50aecb,JNB,4,0,39,2,0x50aec3,CMP,1,NonLeaf,rax(-1) rdx(MOV) ,rflags ,MOV,4,CMP,4,MOV,3,CALL_NEAR,5,LEA,7,MOV,4,TEST,3,JZ,2,LEA,7,LEA,7,0,1,0,0,0,CALL,0,1,1,0,0,0,JE,0,0,5287616,5287666,5287629,0,0,1,0,cpp,1.0458457316120216e-10,0.0,0,0,0
0x50ae9e,JZ,4,0,9,2,0x50ae9b,TEST,1,NonLeaf,rax(-1) rax(-1) ,rflags ,TEST,3,CALL_NEAR,5,XOR,2,LEA,7,LEA,7,POP,1,RET_NEAR,1,CALL_NEAR,5,CALL_NEAR,5,NOP,4,0,1,0,0,0,CALL,0,1,1,0,0,0,RET,0,0,5287579,5287591,5287584,0,0,1,0,cpp,1.0458457316120216e-10,0.0,0,0,0
0x50ae84,JZ,4,0,30,2,0x50ae81,TEST,1,NonLeaf,rdi(MOV) rdi(MOV) ,rflags ,TEST,3,MOV,4,JNB,2,MOV,4,CMP,4,LEA,7,LEA,7,XOR,2,CALL_NEAR,5,TEST,3,0,0,0,0,0,CALL,0,1,1,0,0,0,CALL,0,1,5287549,5287586,5287558,0,0,1,1,cpp,1.0458457316120216e-10,0.0,0,0,0
0x50ae7b,JNB,4,0,39,2,0x50ae73,CMP,1,NonLeaf,rax(-1) rdx(MOV) ,rflags ,MOV,4,CMP,4,MOV,3,CALL_NEAR,5,LEA,7,MOV,4,TEST,3,JZ,2,LEA,7,LEA,7,0,1,0,0,0,CALL,0,1,1,0,0,0,JE,0,0,5287536,5287586,5287549,0,0,1,0,cpp,1.0458457316120216e-10,0.0,0,0,0
0x509fbe,JZ,4,0,9,2,0x509fbb,TEST,1,NonLeaf,rax(-1) rax(-1) ,rflags ,TEST,3,CALL_NEAR,5,XOR,2,LEA,7,LEA,7,POP,1,RET_NEAR,1,CALL_NEAR,5,CALL_NEAR,5,NOP,4,0,1,0,0,0,CALL,0,1,1,0,0,0,RET,0,0,5283771,5283783,5283776,0,0,1,0,cpp,1.0458457316120216e-10,0.0,0,0,0
0x509fa4,JZ,4,0,30,2,0x509fa1,TEST,1,NonLeaf,rdi(MOV) rdi(MOV) ,rflags ,TEST,3,MOV,4,JNB,2,MOV,4,CMP,4,LEA,7,LEA,7,XOR,2,CALL_NEAR,5,TEST,3,0,0,0,0,0,CALL,0,1,1,0,0,0,CALL,0,1,5283741,5283778,5283750,0,0,1,1,cpp,1.0458457316120216e-10,0.0,0,0,0
0x509f9b,JNB,4,0,39,2,0x509f93,CMP,1,NonLeaf,rax(-1) rdx(MOV) ,rflags ,MOV,4,CMP,4,MOV,3,CALL_NEAR,5,LEA,7,MOV,4,TEST,3,JZ,2,LEA,7,LEA,7,0,1,0,0,0,CALL,0,1,1,0,0,0,JE,0,0,5283728,5283778,5283741,0,0,1,0,cpp,1.0458457316120216e-10,0.0,0,0,0
0x583036,JNZ,382818,284850,3274,6,0x583033,TEST,1,NonLeaf,r14(-1) r14(-1) ,rflags ,TEST,3,JL,6,CMP,6,JNLE,6,CMP,3,MOV,3,LEA,8,MOV,9,MOV,8,MOV,5,0,1,0,0,0,CALL,0,1,1,0,0,0,MOV,1,0,5779507,5782784,5779516,0,0,1,1,cpp,1.0009214282106272e-05,0.7440872686237324,1,0,1
0x57f4e0,JBE,1546108,1546108,24,2,0x57f4dd,CMP,1,NonLeaf,r10(-1) rax(MOV) ,rflags ,CMP,3,MOV,10,JMP,5,XOR,2,JMP,5,MOV,7,MOV,7,JMP,5,NOP,3,ADD,4,0,1,0,0,0,RET,0,0,1,0,0,0,JMP,0,0,5764307,5764344,5764322,0,0,0,1,cpp,4.042476131027999e-05,1.0,1,0,1
0x57ef17,JZ,5,1,64,2,0x57ef14,TEST,1,NonLeaf,rax(MOV) rax(MOV) ,rflags ,TEST,3,MOV,4,NOP,8,XOR,3,MOV,3,LEA,4,MOV,3,SHL,4,CMP,6,JNZ,2,1,1,0,0,0,JE,0,0,1,0,0,0,JNE,0,0,5762832,5762903,5762841,0,0,1,0,cpp,1.3073071645150268e-10,0.2,0,0,0
0x5f5f94,JBE,3,0,246,6,0x5f5f91,CMP,1,NonLeaf,rax(SUB) rdx(SUB) ,rflags ,CMP,3,SUB,7,MOV,3,SUB,6,MOV,5,MOV,3,MOV,3,CALL_NEAR,6,TEST,2,JS,2,0,1,0,0,0,CALL,0,1,1,1,0,0,CALL,0,1,6250357,6250634,6250394,0,0,1,1,cpp,7.843842987090161e-11,0.0,0,0,0
0x5f55b6,JNZ,10,10,-28969,6,0x5f55b1,CMP,1,NonLeaf,eax(-1) ,rflags ,MOV,2,CMP,3,CALL_NEAR,5,MOV,3,JMP,5,MOV,7,MOV,5,MOV,6,JMP,5,MOV,7,0,0,0,0,0,ADD,0,0,1,0,0,0,JMP,0,0,6247857,6218893,6247868,0,0,0,1,cpp,2.6146143290300536e-10,1.0,1,0,1
0x500f0c,JZ,4,0,37,2,0x500f0a,TEST,1,NonLeaf,al(-1) al(-1) ,rflags ,TEST,2,CALL_NEAR,5,MOV,3,MOV,7,CALL_NEAR,5,MOV,3,CALL_NEAR,5,MOV,7,ADD,4,POP,1,0,1,0,0,0,JMP,0,0,1,0,0,0,CALL,0,1,5246730,5246769,5246734,0,0,1,1,cpp,1.0458457316120216e-10,0.0,0,0,0
0x500ef1,JZ,4,0,77,2,0x500eef,TEST,1,NonLeaf,al(-1) al(-1) ,rflags ,TEST,2,CALL_NEAR,5,MOV,3,MOV,7,CALL_NEAR,5,MOV,3,CALL_NEAR,5,MOV,7,MOV,3,CALL_NEAR,5,0,1,0,0,0,JMP,0,0,1,0,0,0,CALL,0,1,5246703,5246782,5246707,0,0,1,1,cpp,1.0458457316120216e-10,0.0,0,0,0
0x500ed6,JZ,4,0,78,2,0x500ed4,TEST,1,NonLeaf,al(-1) al(-1) ,rflags ,TEST,2,CALL_NEAR,5,SUB,4,MOV,3,PUSH,1,MOV,3,CALL_NEAR,5,MOV,7,MOV,3,CALL_NEAR,5,0,1,0,0,0,JMP,0,0,1,0,0,0,CALL,0,1,5246676,5246756,5246680,0,0,1,1,cpp,1.0458457316120216e-10,0.0,0,0,0
0x50075c,JZ,4,0,37,2,0x50075a,TEST,1,NonLeaf,al(-1) al(-1) ,rflags ,TEST,2,CALL_NEAR,5,MOV,3,MOV,7,CALL_NEAR,5,MOV,3,CALL_NEAR,5,MOV,7,ADD,4,POP,1,0,1,0,0,0,JMP,0,0,1,0,0,0,CALL,0,1,5244762,5244801,5244766,0,0,1,1,cpp,1.0458457316120216e-10,0.0,0,0,0
0x500741,JZ,4,0,77,2,0x50073f,TEST,1,NonLeaf,al(-1) al(-1) ,rflags ,TEST,2,CALL_NEAR,5,MOV,3,MOV,7,CALL_NEAR,5,MOV,3,CALL_NEAR,5,MOV,7,MOV,3,CALL_NEAR,5,0,1,0,0,0,JMP,0,0,1,0,0,0,CALL,0,1,5244735,5244814,5244739,0,0,1,1,cpp,1.0458457316120216e-10,0.0,0,0,0
0x500726,JZ,4,0,78,2,0x500724,TEST,1,NonLeaf,al(-1) al(-1) ,rflags ,TEST,2,CALL_NEAR,5,SUB,4,MOV,3,PUSH,1,MOV,3,CALL_NEAR,5,MOV,7,MOV,3,CALL_NEAR,5,0,1,0,0,0,JMP,0,0,1,0,0,0,CALL,0,1,5244708,5244788,5244712,0,0,1,1,cpp,1.0458457316120216e-10,0.0,0,0,0
0x4ff9a3,JNZ,26,25,-19,2,0x4ff99f,CMP,1,NonLeaf,rax(ADD) ,rflags ,CMP,4,ADD,4,MOV,7,MOVSX,4,NOP,10,JMP,5,LEA,4,MOV,3,CALL_NEAR,5,MOV,3,1,1,1,1,1,JNE,0,0,1,1,0,0,JMP,1,0,5241232,5241232,5241253,1,0,1,0,cpp,6.79799725547814e-10,0.9615384615384616,1,1,1
0x4ff978,JNZ,36,35,-16,2,0x4ff974,CMP,1,NonLeaf,rax(ADD) ,rflags ,CMP,4,ADD,4,MOV,4,MOVSX,4,NOP,3,LEA,7,MOV,3,XOR,2,NOP,10,MOVSX,4,1,1,1,1,1,JNE,0,0,1,1,0,0,NOP,1,0,5241192,5241192,5241210,1,0,1,0,cpp,9.41261158450819e-10,0.9722222222222222,1,1,1
0x4ff86e,JZ,1,1,194,6,0x4ff86b,TEST,1,NonLeaf,rbp(-1) rbp(-1) ,rflags ,TEST,3,JZ,6,CMP,5,SUB,4,MOV,3,MOV,3,MOV,5,CALL_NEAR,5,MOV,4,MOV,3,0,1,0,0,0,NOP,0,0,1,0,0,0,CALL,1,1,5240939,5241136,5240948,0,0,1,1,cpp,2.6146143290300536e-11,1.0,1,0,1
0x4ff865,JZ,1,0,364,6,0x4ff860,CMP,1,NonLeaf,rdi(-1) ,rflags ,CMP,5,SUB,4,MOV,3,PUSH,1,MOV,3,TEST,3,JZ,6,MOV,3,MOV,5,CALL_NEAR,5,0,1,0,0,0,CALL,0,1,1,1,0,0,JE,0,0,5240912,5241297,5240939,0,0,1,0,cpp,2.6146143290300536e-11,0.0,0,0,0
0x4ff77c,JNZ,26,25,-20,2,0x4ff778,CMP,1,NonLeaf,rax(ADD) ,rflags ,CMP,4,ADD,4,MOV,4,MOV,4,MOVZX,4,JMP,5,LEA,4,MOV,3,CALL_NEAR,5,MOV,3,1,1,1,1,1,JNE,0,0,1,1,0,0,JMP,1,0,5240680,5240680,5240702,1,0,1,0,cpp,6.79799725547814e-10,0.9615384615384616,1,1,1
0x4ff754,JNZ,36,35,-20,2,0x4ff750,CMP,1,NonLeaf,rax(ADD) ,rflags ,CMP,4,ADD,4,MOV,4,MOV,4,MOVZX,4,LEA,7,MOV,3,XOR,2,NOP,6,MOVZX,4,1,1,1,1,1,JNE,0,0,1,1,0,0,NOP,1,0,5240640,5240640,5240662,1,0,1,0,cpp,9.41261158450819e-10,0.9722222222222222,1,1,1
0x4ff640,JZ,1,1,208,6,0x4ff63d,TEST,1,NonLeaf,r12(-1) r12(-1) ,rflags ,TEST,3,JZ,6,TEST,3,MOV,4,SUB,4,MOV,3,MOV,5,CALL_NEAR,5,MOVZX,3,MOV,3,0,1,0,0,0,NOP,0,0,1,0,0,0,CALL,1,1,5240381,5240592,5240390,0,0,1,1,cpp,2.6146143290300536e-11,1.0,1,0,1
0x4ff637,JZ,1,0,371,6,0x4ff634,TEST,1,NonLeaf,rbp(MOV) rbp(MOV) ,rflags ,TEST,3,MOV,4,SUB,4,MOV,3,PUSH,1,TEST,3,JZ,6,MOV,3,MOV,5,CALL_NEAR,5,0,1,0,0,0,CALL,0,1,1,1,0,0,JE,0,0,5240352,5240746,5240381,0,0,1,0,cpp,2.6146143290300536e-11,0.0,0,0,0
0x4ff2c0,JNZ,11,10,-16,2,0x4ff2bc,CMP,1,NonLeaf,rax(ADD) ,rflags ,CMP,4,ADD,4,MOV,4,MOVSX,4,NOP,2,JMP,5,NOP,9,LEA,4,MOV,10,MOV,7,1,1,1,1,1,JNE,0,0,1,1,0,0,JMP,1,0,5239472,5239472,5239490,1,0,1,0,cpp,2.8760757619330585e-10,0.9090909090909092,1,1,1
0x4fef32,JZ,1,1,766,6,0x4fef2f,TEST,1,NonLeaf,rbx(-1) rbx(-1) ,rflags ,TEST,3,JZ,6,CMP,5,XOR,2,MOV,5,MOV,3,CALL_NEAR,5,MOV,3,MOV,5,MOV,4,0,1,0,0,0,NOP,0,0,1,0,0,0,CALL,1,1,5238575,5239344,5238584,0,0,1,1,cpp,2.6146143290300536e-11,1.0,1,1,1
0x4fef29,JZ,1,0,1175,6,0x4fef24,CMP,1,NonLeaf,rdi(-1) ,rflags ,CMP,5,XOR,2,MOV,5,MOV,9,SUB,4,TEST,3,JZ,6,MOV,3,CALL_NEAR,5,MOV,3,0,1,0,0,0,CALL,0,1,1,1,0,0,JE,0,0,5238528,5239744,5238575,0,0,1,0,cpp,2.6146143290300536e-11,0.0,0,0,0
0x4fecc0,JNZ,11,10,-16,2,0x4fecbc,CMP,1,NonLeaf,rax(ADD) ,rflags ,CMP,4,ADD,4,MOV,4,MOVSX,4,NOP,2,JMP,5,NOP,9,LEA,4,MOV,10,MOV,7,1,1,1,1,1,JNE,0,0,1,1,0,0,JMP,1,0,5237936,5237936,5237954,1,0,1,0,cpp,2.8760757619330585e-10,0.9090909090909092,1,1,1
0x4feb34,JNZ,1,0,820,6,0x4feb2b,XOR,1,NonLeaf,rax(XOR) fs(-1) ,rax rflags ,XOR,9,MOV,5,CALL_NEAR,5,MOV,3,MOV,4,ADD,4,POP,1,POP,1,POP,2,POP,2,0,1,0,0,0,CALL,0,1,1,0,0,0,RET,0,0,5237542,5238376,5237562,0,0,1,0,cpp,2.6146143290300536e-11,0.0,0,0,0
0x4fe932,JZ,1,1,766,6,0x4fe92f,TEST,1,NonLeaf,rbx(-1) rbx(-1) ,rflags ,TEST,3,JZ,6,CMP,5,XOR,2,MOV,5,MOV,3,CALL_NEAR,5,MOV,3,MOV,5,MOV,4,0,1,0,0,0,NOP,0,0,1,0,0,0,CALL,1,1,5237039,5237808,5237048,0,0,1,1,cpp,2.6146143290300536e-11,1.0,1,1,1
0x4fe929,JZ,1,0,1175,6,0x4fe924,CMP,1,NonLeaf,rdi(-1) ,rflags ,CMP,5,XOR,2,MOV,5,MOV,9,SUB,4,TEST,3,JZ,6,MOV,3,CALL_NEAR,5,MOV,3,0,1,0,0,0,CALL,0,1,1,1,0,0,JE,0,0,5236992,5238208,5237039,0,0,1,0,cpp,2.6146143290300536e-11,0.0,0,0,0
0x4fe71c,JNZ,11,10,-20,2,0x4fe718,CMP,1,NonLeaf,rax(ADD) ,rflags ,CMP,4,ADD,4,MOV,4,MOV,4,MOVZX,4,ADD,4,POP,1,POP,1,POP,2,POP,2,1,1,1,1,1,JNE,0,0,1,1,0,0,RET,1,0,5236488,5236488,5236510,1,0,1,0,cpp,2.8760757619330585e-10,0.9090909090909092,1,1,1
0x4fe3db,JZ,1,0,1005,6,0x4fe3d8,TEST,1,NonLeaf,r12(MOV) r12(MOV) ,rflags ,TEST,3,MOV,4,SUB,4,MOV,3,PUSH,1,TEST,3,JZ,6,MOV,3,MOV,5,CALL_NEAR,5,0,1,0,0,0,CALL,0,1,1,1,0,0,JE,0,0,5235648,5236680,5235681,0,0,1,0,cpp,2.6146143290300536e-11,0.0,0,0,0
0x4fe1dc,JNZ,11,10,-20,2,0x4fe1d8,CMP,1,NonLeaf,rax(ADD) ,rflags ,CMP,4,ADD,4,MOV,4,MOV,4,MOVZX,4,ADD,4,POP,1,POP,1,POP,2,POP,2,1,1,1,1,1,JNE,0,0,1,1,0,0,RET,1,0,5235144,5235144,5235166,1,0,1,0,cpp,2.8760757619330585e-10,0.9090909090909092,1,1,1
0x4fdea4,JZ,1,1,684,6,0x4fdea1,TEST,1,NonLeaf,rbp(-1) rbp(-1) ,rflags ,TEST,3,JZ,6,TEST,3,MOV,4,SUB,4,MOV,3,MOV,5,CALL_NEAR,5,MOVZX,3,MOV,3,0,1,0,0,0,NOP,0,0,1,0,0,0,CALL,1,1,5234337,5235024,5234346,0,0,1,1,cpp,2.6146143290300536e-11,1.0,1,0,1
0x4fde9b,JZ,1,0,1005,6,0x4fde98,TEST,1,NonLeaf,r12(MOV) r12(MOV) ,rflags ,TEST,3,MOV,4,SUB,4,MOV,3,PUSH,1,TEST,3,JZ,6,MOV,3,MOV,5,CALL_NEAR,5,0,1,0,0,0,CALL,0,1,1,1,0,0,JE,0,0,5234304,5235336,5234337,0,0,1,0,cpp,2.6146143290300536e-11,0.0,0,0,0
0x4fd8ae,JZ,1,0,-209,6,0x4fd8aa,TEST,1,NonLeaf,dil(LEA) ,rflags ,TEST,4,MOV,4,MOV,7,LEA,7,NOP,6,NOP,4,XOR,2,ADD,4,SUB,3,MOV,4,0,0,1,0,0,JNE,0,0,1,0,0,0,NOP,0,0,5232792,5232605,5232820,0,0,0,0,cpp,2.6146143290300536e-11,0.0,0,0,0
0x4fd873,JZ,1,0,-230,6,0x4fd86f,TEST,1,NonLeaf,dil(ADD) ,rflags ,TEST,4,MOV,5,SUB,3,ADD,4,XOR,3,NOP,7,MOV,6,SUB,3,ADD,4,JMP,5,0,0,1,0,0,TEST,0,0,1,0,0,0,NOP,0,0,5232736,5232525,5232761,0,0,0,0,cpp,2.6146143290300536e-11,0.0,0,0,0
0x4fd850,JZ,1,0,-205,6,0x4fd84c,TEST,1,NonLeaf,dil(LEA) ,rflags ,TEST,4,MOV,4,MOV,4,LEA,4,NOP,1,NOP,10,XOR,3,ADD,4,SUB,3,MOV,5,0,0,0,0,0,JNE,0,0,1,0,0,0,NOP,0,0,5232704,5232515,5232726,0,0,0,0,cpp,2.6146143290300536e-11,0.0,0,0,0
0x4fd80e,JZ,1,0,5,2,0x4fd80b,AND,1,NonLeaf,edx(AND) ,edx rflags ,AND,3,MOV,4,ADD,4,XOR,2,JZ,2,MOV,3,POP,1,POP,1,POP,2,RET_NEAR,1,0,1,1,0,0,RET,0,0,1,0,0,0,MOV,0,0,5232651,5232659,5232656,0,0,0,1,cpp,2.6146143290300536e-11,0.0,0,0,0
0x4fd7ff,JZ,1,1,12,2,0x4fd7fc,TEST,1,NonLeaf,dl(-1) ,rflags ,TEST,3,ADD,4,MOV,6,JZ,2,STOSQ,3,XOR,2,ADD,4,MOV,4,AND,3,JZ,2,0,1,1,0,0,JE,0,0,1,0,0,0,MOV,0,0,5232636,5232651,5232641,1,0,0,1,cpp,2.6146143290300536e-11,1.0,1,0,1
0x4fd7f0,JZ,1,1,12,2,0x4fd7ea,TEST,0,NonLeaf,dl(-1) ,rflags ,STOSQ,3,TEST,3,SHR,3,XOR,2,MOV,2,MOV,6,ADD,4,TEST,3,JZ,2,XOR,2,0,1,1,0,0,JE,0,0,1,0,0,0,ADD,0,0,5232624,5232636,5232626,0,0,0,1,cpp,2.6146143290300536e-11,1.0,1,0,1
0x4fd7e1,JNZ,1,1,79,2,0x4fd7dd,TEST,1,NonLeaf,dil(-1) ,rflags ,TEST,4,JNZ,6,TEST,4,JNZ,6,TEST,4,MOV,2,XOR,2,SHR,3,TEST,3,STOSQ,3,0,1,0,0,0,JMP,0,0,1,1,0,0,TEST,0,0,5232605,5232688,5232611,1,0,1,0,cpp,2.6146143290300536e-11,1.0,1,0,1
0x4fd7cd,JNZ,1,1,203,6,0x4fd7c9,TEST,1,NonLeaf,dil(LEA) ,rflags ,TEST,4,MOV,5,LEA,7,MOV,3,JZ,2,TEST,4,JNZ,6,TEST,4,JNZ,2,MOV,2,0,1,0,0,0,JE,0,0,1,0,0,0,JNE,0,0,5232573,5232792,5232595,0,0,1,0,cpp,2.6146143290300536e-11,1.0,1,0,1
0x4fd7b8,JZ,1,0,5,2,0x4fd7b5,AND,1,NonLeaf,edx(AND) ,edx rflags ,AND,3,MOV,4,ADD,4,XOR,2,JZ,2,MOV,3,LEA,7,MOV,5,TEST,4,JNZ,6,0,1,1,0,0,JNE,0,0,1,0,0,0,MOV,0,0,5232565,5232573,5232570,0,0,0,1,cpp,2.6146143290300536e-11,0.0,0,0,0
0x4fd7a9,JZ,1,1,12,2,0x4fd7a6,TEST,1,NonLeaf,dl(-1) ,rflags ,TEST,3,ADD,4,MOV,6,JZ,2,STOSQ,3,XOR,2,ADD,4,MOV,4,AND,3,JZ,2,0,1,1,0,0,JE,0,0,1,0,0,0,MOV,0,0,5232550,5232565,5232555,1,0,0,1,cpp,2.6146143290300536e-11,1.0,1,0,1
0x4fd79a,JZ,1,1,12,2,0x4fd794,TEST,0,NonLeaf,dl(-1) ,rflags ,STOSQ,3,TEST,3,SHR,3,XOR,2,MOV,2,MOV,6,ADD,4,TEST,3,JZ,2,XOR,2,0,1,1,0,0,JE,0,0,1,0,0,0,ADD,0,0,5232538,5232550,5232540,0,0,0,1,cpp,2.6146143290300536e-11,1.0,1,0,1
0x4fd773,JNZ,1,1,205,6,0x4fd76f,TEST,1,NonLeaf,dil(LEA) ,rflags ,TEST,4,MOV,5,MOV,7,MOV,4,MOV,4,TEST,4,JNZ,6,TEST,4,JNZ,6,MOV,2,0,1,0,0,0,JE,0,0,1,0,0,0,JNE,0,0,5232471,5232704,5232505,0,0,1,0,cpp,2.6146143290300536e-11,1.0,1,0,1
0x4fd751,JZ,1,1,207,6,0x4fd73f,TEST,1,NonLeaf,rbp(-1) rbp(-1) ,rflags ,MOV,4,MOV,3,MOV,4,MOV,4,TEST,3,LEA,4,MOV,4,MOV,4,MOV,7,MOV,5,0,1,0,0,0,JMP,0,0,1,1,0,0,JNE,0,0,5232427,5232672,5232471,0,0,0,1,cpp,2.6146143290300536e-11,1.0,1,0,1
0x4fd268,JZ,22,22,49,2,0x4fd260,CMP,1,NonLeaf,rip(JZ) ,rflags ,CMP,8,NOP,5,RET_NEAR,1,POP,2,POP,1,ADD_LOCK,4,POP,1,POP,1,POP,2,RET_NEAR,1,0,1,0,0,0,JMP,0,0,1,0,0,0,RET,0,0,5231200,5231257,5231210,0,0,1,0,cpp,5.752151523866117e-10,1.0,1,0,1
0x4fd21b,JZ,22,22,69,2,0x4fd218,CMP,1,NonLeaf,rax(MOV) rdx(LEA) ,rflags ,CMP,3,MOV,3,MOV,4,LEA,7,LEA,7,CALL_NEAR,5,CMP,8,MOV,3,JZ,2,MOV,3,0,1,0,0,0,JE,0,0,1,0,0,0,CALL,0,1,5231107,5231200,5231133,0,0,0,1,cpp,5.752151523866117e-10,1.0,1,0,1
0x4fd1cc,JZ,22,1,12,2,0x4fd1c8,CMP,1,NonLeaf,rax(LEA) ,rflags ,CMP,4,LEA,7,CALL_NEAR,5,LEA,7,LEA,7,ADD,4,RET_NEAR,1,NOP,5,ADD,4,JMP,5,0,1,0,0,0,JMP,0,0,1,0,0,0,RET,0,0,5231041,5231064,5231054,0,0,0,0,cpp,5.752151523866117e-10,0.0454545454545454,0,0,0
0x4fd1ac,JZ,22,22,21,2,0x4fd1a4,CMP,1,NonLeaf,rip(JZ) ,rflags ,CMP,8,SUB,4,INVALID,0,INVALID,0,INVALID,0,LEA,7,LEA,7,CALL_NEAR,5,LEA,7,CMP,4,0,1,1,0,0,JE,0,0,1,0,0,0,CALL,0,1,5231008,5231041,5231022,0,0,0,1,cpp,5.752151523866117e-10,1.0,1,0,1
0x4fc0e4,JNZ,11,10,-20,2,0x4fc0e0,CMP,1,NonLeaf,rax(ADD) ,rflags ,CMP,4,ADD,4,MOV,8,MOV,4,NOP,6,LEA,7,MOV,5,XOR,2,XOR,2,CALL_NEAR,5,1,1,0,0,0,MOV,0,0,1,1,0,0,CALL,1,1,5226708,5226704,5226726,0,0,0,1,cpp,2.8760757619330585e-10,0.9090909090909092,1,1,1
0x4fc092,JNZ,28,27,-34,2,0x4fc08c,CMP,1,NonLeaf,rax(ADD) ,rflags ,CMP,6,ADD,4,MOV,8,MOV,8,MOV,4,LEA,7,MOV,4,LEA,7,MOV,7,CALL_NEAR,5,1,1,0,0,0,MOV,0,0,1,1,0,0,CALL,1,1,5226616,5226608,5226644,0,0,0,1,cpp,7.32092012128415e-10,0.9642857142857144,1,1,1
0x4fbe18,JNBE,784,756,-64,2,0x4fbe14,CMP,1,NonLeaf,rbx(-1) rbp(ADD) ,rflags ,CMP,4,ADD,4,MOV,8,MOV,4,JZ,2,ADD,4,POP,1,POP,1,POP,2,POP,2,0,0,0,1,1,JE,0,0,0,1,0,0,RET,1,0,5226000,5225944,5226010,0,0,0,0,cpp,2.0498576339595623e-08,0.9642857142857144,1,1,1
0x4fbdeb,JZ,784,784,37,2,0x4fbde8,TEST,1,NonLeaf,rdi(MOV) rdi(MOV) ,rflags ,TEST,3,MOV,4,LEA,8,MOV,4,NOP,3,TEST,3,LEA,4,JZ,2,MOV,5,XADD_LOCK,4,1,1,1,0,0,JA,0,0,1,0,0,0,JE,0,0,5225944,5226000,5225965,0,0,0,0,cpp,2.0498576339595623e-08,1.0,1,0,1
0x4fbdd1,JZ,28,0,73,2,0x4fbdc8,CMP,1,NonLeaf,rbx(-1) ,rflags ,MOV,4,CMP,5,NOP,3,JZ,2,SUB,3,XOR,2,NOP,3,MOV,4,LEA,8,MOV,4,0,0,1,0,0,RET,0,0,1,0,0,0,NOP,0,0,5225928,5226010,5225939,0,0,0,0,cpp,7.32092012128415e-10,0.0,0,0,0
0x4fbda8,JZ,28,28,32,2,0x4fbda5,TEST,1,NonLeaf,rdi(MOV) rdi(MOV) ,rflags ,TEST,3,MOV,4,LEA,4,MOV,4,ADD_LOCK,4,TEST,3,LEA,4,JZ,6,MOV,5,XADD_LOCK,4,0,1,1,0,0,JE,0,0,1,0,0,0,JE,0,0,5225881,5225928,5225898,0,0,1,0,cpp,7.32092012128415e-10,1.0,1,0,1
0x4fbd8f,JZ,28,28,225,6,0x4fbd8c,TEST,1,NonLeaf,r12(MOV) r12(MOV) ,rflags ,TEST,3,LEA,4,MOV,7,CALL_NEAR,5,JZ,2,ADD_LOCK,4,MOV,4,LEA,4,MOV,4,TEST,3,0,1,0,0,0,JMP,0,0,1,0,0,0,LOCK ADD,0,0,5225857,5226096,5225877,0,0,1,0,cpp,7.32092012128415e-10,1.0,1,0,1
0x4fbc63,JBE,28,28,286,6,0x4fbc60,CMP,1,NonLeaf,r14(MOV) rax(SUB) ,rflags ,CMP,3,SUB,4,MOV,4,MOV,3,CALL_NEAR,5,LEA,4,MOV,10,MOV,7,MOV,4,LEA,8,0,1,1,0,0,JE,1,0,1,0,0,0,CALL,0,1,5225557,5225857,5225577,0,0,0,1,cpp,7.32092012128415e-10,1.0,1,0,1
0x575d72,JZ,1,0,222,6,0x575d70,TEST,1,NonLeaf,al(-1) ,rflags ,TEST,2,CPUID,2,MOV,2,MOV,7,MOV,2,MOV,8,MOV,8,XOR,2,MOV,8,MOV,11,0,0,1,0,0,CALL,0,1,1,0,0,0,JMP,0,0,5725528,5725776,5725560,0,0,1,1,cpp,2.6146143290300536e-11,0.0,0,0,0
0x4fbc44,JZ,28,0,470,6,0x4fbc41,TEST,1,NonLeaf,rdx(-1) rdx(-1) ,rflags ,TEST,3,SUB,4,PUSH,1,PUSH,1,PUSH,2,MOV,3,MOV,3,CALL_NEAR,5,MOV,3,MOV,4,0,1,1,0,0,RET,1,0,1,0,0,0,CALL,0,1,5225520,5226010,5225546,0,0,0,1,cpp,7.32092012128415e-10,0.0,0,0,0
0x4fbc07,JZ,28,28,21,2,0x4fbbf8,CMP,1,Leaf,rip(JZ) ,rflags ,LEA,7,CMP,8,JNZ,2,TEST,3,MOV,3,MOV,2,XADD_LOCK,4,ADD,3,CDQE,2,MOV,3,0,1,0,0,0,JMP,0,0,1,0,0,0,LOCK XADD,0,0,5225464,5225500,5225481,0,0,1,0,cpp,7.32092012128415e-10,1.0,1,0,1
0x4fbbf6,JNZ,84,56,33,2,0x4fbbf3,TEST,1,Leaf,rax(MOV) rax(MOV) ,rflags ,TEST,3,MOV,3,INVALID,0,INVALID,0,INVALID,0,CMP,8,LEA,7,JZ,2,MOV,2,XADD_LOCK,4,0,1,1,0,0,RET,0,0,1,0,0,0,JE,0,0,5225456,5225495,5225464,1,0,0,0,cpp,2.196276036385245e-09,0.6666666666666666,1,0,1
0x4fb86a,JZ,8,0,6,2,0x4fb867,CMP,1,NonLeaf,eax(-1) ,rflags ,CMP,3,XADD_LOCK,4,MOV,5,JZ,2,MOV,3,POP,1,RET_NEAR,1,NOP,2,TEST,3,JZ,2,0,1,0,0,0,JE,0,0,1,0,0,0,RET,0,0,5224551,5224560,5224556,0,0,0,0,cpp,2.091691463224043e-10,0.0,0,0,0
0x4fb85c,JZ,8,8,42,2,0x4fb850,CMP,1,NonLeaf,rip(JZ) ,rflags ,MOV,3,PUSH,1,CMP,8,INVALID,0,INVALID,0,MOV,5,XADD_LOCK,4,CMP,3,JZ,2,POP,1,0,1,0,0,0,JMP,0,0,1,0,0,0,LOCK XADD,0,0,5224528,5224582,5224542,0,0,1,0,cpp,2.091691463224043e-10,1.0,1,0,1
0x4fb843,JNZ,8,8,-78,2,0x4fb83e,SUB,1,NonLeaf,ecx(SUB) ,ecx rflags ,MOV,2,SUB,3,LEA,3,MOV,2,ADD,3,JMP,2,INVALID,0,INVALID,0,INVALID,0,INVALID,0,0,0,0,0,0,RET,0,0,1,0,0,0,JMP,0,0,5224499,5224437,5224517,0,0,1,0,cpp,2.091691463224043e-10,1.0,1,0,1
0x4fb7e3,JZ,8,8,80,2,0x4fb7d8,CMP,1,NonLeaf,rip(JZ) ,rflags ,MOV,3,CMP,8,SUB,4,MOV,3,PUSH,1,ADD_LOCK,4,MOV,3,SUB_LOCK,4,JZ,2,MOV,3,0,1,0,0,0,JNE,0,0,1,0,0,0,JE,0,0,5224400,5224499,5224421,0,0,1,0,cpp,2.091691463224043e-10,1.0,1,0,1
0x4fb615,JNZ,10,9,-16,2,0x4fb611,CMP,1,NonLeaf,rbx(LEA) ,rflags ,CMP,4,LEA,7,RET_NEAR,1,POP,1,MOV,3,CALL_NEAR,5,JMP,2,INVALID,0,INVALID,0,INVALID,0,0,0,1,0,0,RET,0,0,1,0,0,0,CALL,0,1,5223946,5223941,5223959,1,0,0,1,cpp,2.6146143290300536e-10,0.9,1,1,1
0x4fb5e9,JZ,10,10,33,2,0x4fb5e0,CMP,1,NonLeaf,rip(JZ) ,rflags ,PUSH,1,CMP,8,INVALID,0,INVALID,0,INVALID,0,LEA,7,LEA,7,CALL_NEAR,5,LEA,7,MOV,3,0,1,0,0,0,JNE,0,0,1,0,0,0,CALL,0,1,5223904,5223946,5223915,0,0,0,1,cpp,2.6146143290300536e-10,1.0,1,1,1
0x5ef5f6,JZ,382852,213364,10,2,0x5ef5ef,CMP,1,NonLeaf,rbp(-1) ,rflags ,CMP,7,MOV,3,MOV,6,ADD,3,ADD,7,XORPD,8,MOVSD_XMM,4,JMP,5,LEA,4,MOV,7,0,1,1,0,0,JMP,0,0,1,0,0,0,XORPD,0,0,6223343,6223360,6223352,0,0,1,0,cpp,1.0010103250978142e-05,0.5573015159905133,1,0,1
0x4fac5f,JZ,1,1,9,2,0x4fac5c,CMP,1,NonLeaf,eax(-1) ,rflags ,CMP,3,MOV,2,XADD_LOCK,4,MOV,5,LEA,7,RET_NEAR,1,NOP,6,SUB,4,LEA,7,CALL_NEAR,5,0,1,0,0,0,CALL,0,1,1,0,0,0,RET,0,0,5221468,5221480,5221473,0,0,1,0,cpp,2.6146143290300536e-11,1.0,1,0,1
0x4fac48,JZ,1,1,113,2,0x4fac40,CMP,1,NonLeaf,rip(JZ) ,rflags ,CMP,8,INVALID,0,INVALID,0,INVALID,0,INVALID,0,LEA,7,MOV,5,XADD_LOCK,4,MOV,2,CMP,3,0,1,0,0,0,JMP,0,0,1,0,0,0,MOV,0,0,5221440,5221561,5221450,0,0,1,0,cpp,2.6146143290300536e-11,1.0,1,0,1
0x4faae6,JZ,1,1,39,2,0x4faacf,CMP,1,NonLeaf,rip(JZ) ,rflags ,MOV,7,MOV,8,CMP,8,OR,7,CALL_NEAR,5,ADD_LOCK,6,ADD,4,POP,1,POP,1,POP,2,0,1,0,0,0,JMP,0,0,1,0,0,0,RET,0,0,5221064,5221133,5221096,0,0,1,0,cpp,2.6146143290300536e-11,1.0,1,0,1
0x4fa3a0,JZ,1,1,24,2,0x4fa39e,TEST,1,NonLeaf,eax(-1) eax(-1) ,rflags ,TEST,2,XADD_LOCK,6,MOV,5,JZ,6,LEA,7,ADD,4,POP,1,POP,1,POP,2,POP,2,0,1,0,0,0,CALL,0,1,1,0,0,0,RET,0,0,5219230,5219256,5219234,0,0,1,0,cpp,2.6146143290300536e-11,1.0,1,0,1
0x4fa38d,JZ,1,1,1904,6,0x4fa37e,CMP,1,NonLeaf,rip(JZ) ,rflags ,LEA,7,CMP,8,SUB,4,PUSH,1,PUSH,1,MOV,5,XADD_LOCK,6,TEST,2,JZ,2,ADD,4,0,1,0,0,0,JMP,0,0,1,0,0,0,LOCK XADD,0,0,5219184,5221117,5219219,0,0,1,0,cpp,2.6146143290300536e-11,1.0,1,0,1
0x4fa17a,JS,40,0,38,2,0x4fa170,TEST,1,NonLeaf,r15(-1) r15(-1) ,rflags ,MOV,3,MOV,4,TEST,3,NOP,10,JMP,2,ADD,3,XOR,2,CMP,3,SETZ,3,LEA,4,0,1,0,0,0,JNE,0,0,1,0,0,0,MOV,0,0,5218672,5218720,5218684,0,0,0,1,cpp,1.0458457316120212e-09,0.0,0,0,0
0x4fa0fc,JZ,40,40,116,2,0x4fa0f9,CMP,1,NonLeaf,rbx(MOV) rsi(MOV) ,rflags ,CMP,3,MOV,5,MOV,5,MOV,4,MOV,4,MOVZX,3,CMP,3,JZ,2,MOV,3,MOV,5,0,1,0,0,0,JS,0,0,1,0,0,0,JE,0,0,5218512,5218672,5218558,0,0,1,0,cpp,1.0458457316120212e-09,1.0,1,0,1
0x4f9ff0,JNZ,20227,20227,40,2,0x4f9fed,TEST,1,NonLeaf,rax(-1) rax(-1) ,rflags ,TEST,3,CALL_NEAR,5,MOV,3,CMOVZ,4,TEST,3,LEA,7,NOP,7,MOV,4,TEST,3,JZ,2,0,1,0,0,0,RET,0,0,1,0,0,0,NOP,0,0,5218285,5218328,5218290,0,0,0,0,cpp,5.28858040332909e-07,1.0,1,0,1
0x4f9283,JZ,20082,0,13,2,0x4f9280,TEST,1,Leaf,rdi(-1) rdi(-1) ,rflags ,TEST,3,INVALID,0,INVALID,0,INVALID,0,INVALID,0,JMP,5,NOP,6,RET_NEAR,2,INVALID,0,INVALID,0,0,1,0,0,0,REPZ RET,0,0,1,0,0,0,JMP,0,0,5214848,5214864,5214853,0,0,0,0,cpp,5.250668495558154e-07,0.0,0,0,0
0x4f9009,JZ,7,0,15,2,0x4f9006,TEST,1,NonLeaf,rdi(MOV) rdi(MOV) ,rflags ,TEST,3,MOV,4,CALL_NEAR,5,JZ,2,TEST,3,POP,1,JMP,5,NOP,7,POP,1,RET_NEAR,1,0,1,0,0,0,RET,0,0,1,0,0,0,JMP,0,0,5214210,5214232,5214219,0,0,0,0,cpp,1.8302300303210375e-10,0.0,0,0,0
0x4f8ffb,JZ,7,0,7,2,0x4f8ff8,TEST,1,NonLeaf,rdi(MOV) rdi(MOV) ,rflags ,TEST,3,MOV,4,MOV,3,PUSH,1,INVALID,0,CALL_NEAR,5,MOV,4,TEST,3,JZ,2,POP,1,0,1,1,0,0,JE,0,0,1,0,0,0,CALL,0,1,5214192,5214210,5214205,0,0,0,1,cpp,1.8302300303210375e-10,0.0,0,0,0
0x4f8fdb,JNZ,645568,645561,-35,2,0x4f8fd7,CMP,1,NonLeaf,rcx(SUB) ,rflags ,CMP,4,MOVSD_XMM,5,MOVSD_XMM,5,MOVSD_XMM,5,ADD,4,MOV,4,ADD,4,POP,1,POP,1,RET_NEAR,1,1,1,1,1,1,JNE,0,0,0,1,0,0,RET,1,0,5214136,5214136,5214173,1,0,1,1,cpp,1.6879113431632738e-05,0.9999891568355308,1,1,1
0x4f8fb2,JZ,7,0,43,2,0x4f8fa8,TEST,1,NonLeaf,rbp(-1) rbp(-1) ,rflags ,MOV,3,LEA,4,TEST,3,CALL_NEAR,5,SHL,4,NOP,4,MOVSD_XMM,8,SUB,4,ADD,4,MOVSD_XMM,5,0,1,1,0,0,RET,1,0,1,0,0,0,NOP,0,0,5214120,5214173,5214132,0,0,1,0,cpp,1.8302300303210375e-10,0.0,0,0,0
0x4f8f98,JNBE,7,0,11,2,0x4f8f95,CMP,1,NonLeaf,rbp(MOVSXD) rax(MOV) ,rflags ,CMP,3,MOV,7,MOV,10,MOV,4,MOVSXD,3,LEA,5,SHL,4,CALL_NEAR,5,TEST,3,LEA,4,0,1,1,0,0,CALL,0,1,1,0,0,0,SHL,0,0,5214077,5214115,5214106,0,0,1,0,cpp,1.8302300303210375e-10,0.0,0,0,0
0x4f8f7b,JNZ,645568,645561,-35,2,0x4f8f77,CMP,1,NonLeaf,rcx(SUB) ,rflags ,CMP,4,MOVSD_XMM,5,MOVSD_XMM,5,MOVSD_XMM,5,ADD,4,MOVSXD,3,MOV,4,MOV,10,MOV,7,CMP,3,1,1,1,1,1,JNE,0,0,0,1,0,0,JA,1,0,5214040,5214040,5214077,1,0,1,1,cpp,1.6879113431632738e-05,0.9999891568355308,1,1,1
0x4f8f51,JZ,7,0,44,2,0x4f8f47,TEST,1,NonLeaf,rbp(-1) rbp(-1) ,rflags ,MOV,3,LEA,4,TEST,3,CALL_NEAR,5,SHL,4,NOP,5,MOVSD_XMM,8,SUB,4,ADD,4,MOVSD_XMM,5,0,1,1,0,0,JA,1,0,1,0,0,0,NOP,0,0,5214023,5214077,5214035,0,0,1,0,cpp,1.8302300303210375e-10,0.0,0,0,0
0x4f8f37,JNBE,7,0,11,2,0x4f8ec6,CMP,1,NonLeaf,rbp(MOVSXD) rax(MOV) ,rflags ,MOV,7,MOV,7,MOV,7,MOV,7,MOVSD_XMM,8,LEA,5,SHL,4,CALL_NEAR,5,TEST,3,LEA,4,0,1,1,0,0,CALL,0,1,1,0,0,0,SHL,0,0,5213872,5214018,5214009,0,0,1,0,cpp,1.8302300303210375e-10,0.0,0,0,0
0x4f8e15,JNZ,179,170,21,2,0x4f8e13,TEST,1,NonLeaf,eax(-1) eax(-1) ,rflags ,TEST,2,XOR,2,CALL_NEAR,5,SUB,4,MOV,3,XOR,2,MOV,3,CALL_NEAR,5,MOVSD_XMM,4,MOV,5,0,1,1,0,0,RET,0,0,1,0,0,0,CALL,0,1,5213713,5213738,5213719,0,0,0,1,cpp,4.680159648963796e-09,0.9497206703910616,1,0,1
0x4f8aa8,JZ,40,40,-1203,6,0x4f8aa6,TEST,1,NonLeaf,eax(-1) eax(-1) ,rflags ,TEST,2,CALL_NEAR,5,MOV,3,MOV,3,MOV,3,MOV,3,MOV,3,MOV,5,XOR,2,CALL_NEAR,5,0,0,0,1,1,CALL,0,1,1,0,0,0,CALL,1,1,5212838,5211637,5212846,0,0,1,1,cpp,1.0458457316120212e-09,1.0,1,1,1
0x5eccee,JNB,1546084,0,15876,6,0x5eccea,CMP,1,NonLeaf,rax(MOV) r15(-1) ,rflags ,CMP,4,MOV,4,JZ,6,CMP,3,MOV,6,LEA,4,MOV,4,MOVZX,3,CMP,3,LEA,5,0,1,0,0,0,CALL,0,1,1,0,0,0,MOVZX,0,0,6212838,6228722,6212852,0,0,1,1,cpp,4.042413380284102e-05,0.0,0,0,0
0x4f8a92,JZ,40,0,644,6,0x4f8a8c,TEST,1,NonLeaf,rax(-1) rax(-1) ,rflags ,MOV,3,TEST,3,CALL_NEAR,5,MOV,5,XOR,2,MOV,3,MOV,3,MOV,3,CALL_NEAR,5,TEST,2,0,1,0,0,0,CALL,1,1,1,0,0,0,CALL,0,1,5212812,5213462,5212824,0,0,1,1,cpp,1.0458457316120212e-09,0.0,0,0,0
0x4f8886,JBE,1,1,1193,6,0x4f8882,UCOMISD,1,NonLeaf,xmm1(-1) xmm0(ADDSD) ,rflags ,UCOMISD,4,ADDSD,5,MULSD,5,MOVAPD,5,ADDSD,5,MOVSD_XMM,8,XORPD,5,XORPD,5,XORPD,5,MOVSD_XMM,9,0,1,0,0,0,JMP,0,0,1,0,0,0,JMP,0,0,5212250,5213487,5212300,0,0,1,1,cpp,2.6146143290300536e-11,1.0,1,0,1
0x4f8854,JZ,1,0,172,6,0x4f882e,TEST,1,NonLeaf,edx(MOV) edx(MOV) ,rflags ,SUBSD,5,MULSD,4,MOVAPD,4,SUBSD,5,MULSD,4,MOVAPD,5,MOVAPD,5,MULSD,5,MULSD,5,ADDSD,5,0,0,0,0,0,ADDSD,0,0,1,0,0,0,JBE,0,0,5212172,5212416,5212250,0,0,1,0,cpp,2.6146143290300536e-11,0.0,0,0,0
0x4f8806,JZ,1,0,186,6,0x4f8804,TEST,1,NonLeaf,ecx(MOV) ecx(MOV) ,rflags ,TEST,2,MOV,6,JZ,6,TEST,2,MOVAPD,5,MOVAPD,4,MULSD,5,MOV,6,MOVAPD,5,MULSD,4,0,0,0,0,0,SUBSD,0,0,1,0,0,0,JE,0,0,5212158,5212352,5212172,0,0,0,0,cpp,2.6146143290300536e-11,0.0,0,0,0
0x4f87f8,JZ,1,0,200,6,0x4f87f6,TEST,1,NonLeaf,esi(MOV) esi(MOV) ,rflags ,TEST,2,MOVAPD,5,MOV,6,MOVSD_XMM,9,MOVSD_XMM,9,MOV,6,TEST,2,JZ,6,MOVAPD,4,MULSD,5,0,1,0,0,0,SUBSD,0,0,1,0,0,0,JE,0,0,5212139,5212352,5212158,0,0,0,0,cpp,2.6146143290300536e-11,0.0,0,0,0
0x4f87ca,JZ,1,0,774,6,0x4f87c8,TEST,1,NonLeaf,edx(-1) edx(-1) ,rflags ,TEST,2,JZ,6,TEST,2,MOVSD_XMM,8,MOVAPD,4,MOVSD_XMM,9,MOVSD_XMM,9,MOVSD_XMM,9,MOV,6,MOVAPD,5,0,1,0,0,0,JP,0,0,1,0,0,0,MOVSD,0,0,5212104,5212880,5212112,0,0,1,0,cpp,2.6146143290300536e-11,0.0,0,0,0
0x4f87c2,JZ,1,0,1009,6,0x4f87c0,TEST,1,NonLeaf,ecx(-1) ecx(-1) ,rflags ,TEST,2,MOVSD_XMM,8,MOVAPD,4,MOVSD_XMM,8,MOVAPD,4,TEST,2,JZ,6,MOVSD_XMM,9,MOVSD_XMM,9,MOVSD_XMM,9,0,1,0,0,0,JP,0,0,1,1,0,0,JE,0,0,5212096,5213107,5212104,0,0,0,0,cpp,2.6146143290300536e-11,0.0,0,0,0
0x4f8792,JNZ,1,1,46,2,0x4f878a,TEST,1,NonLeaf,esi(CMOVNZ) esi(CMOVNZ) ,rflags ,MOV,6,TEST,2,CMOVZ,3,SETP,4,MOV,6,MOVSD_XMM,8,MOVAPD,4,MOVSD_XMM,8,MOVAPD,4,MOVSD_XMM,8,0,1,1,0,0,JE,0,0,1,0,0,0,MOVSD,0,0,5211720,5212096,5212052,0,0,0,1,cpp,2.6146143290300536e-11,1.0,1,0,1
0x4f8608,JNZ,41,41,-72,2,0x4f8605,TEST,1,NonLeaf,rax(-1) rax(-1) ,rflags ,TEST,3,CALL_NEAR,5,MOV,3,MOV,5,MOV,3,MOV,5,CALL_NEAR,5,MOV,5,JMP,2,NOP,5,0,1,0,0,0,MOV,0,0,1,0,0,0,CALL,1,1,5211653,5211584,5211658,0,0,0,1,cpp,1.071991874902322e-09,1.0,1,0,1
0x5ec84b,JZ,3667913,0,15957,6,0x5ec848,CMP,1,NonLeaf,eax(-1) ,rflags ,CMP,3,NOP,4,MOV,9,MOV,5,MOV,6,MOV,4,CMP,4,JNB,6,LEA,4,MOV,4,1,1,0,0,0,JMP,0,0,1,0,0,0,JAE,0,0,6211656,6227616,6211665,0,0,0,0,cpp,9.590177887435613e-05,0.0,0,0,0
0x4f85ef,JNZ,40,40,1169,6,0x4f85e9,TEST,1,NonLeaf,rax(-1) rax(-1) ,rflags ,MOV,3,TEST,3,CALL_NEAR,5,MOV,3,MOV,5,MOV,3,MOV,5,MOV,3,CALL_NEAR,5,TEST,3,0,1,0,0,0,CALL,0,1,0,0,1,1,CALL,0,1,5211625,5212800,5211637,0,0,1,1,cpp,1.0458457316120212e-09,1.0,1,0,1
0x4f85da,JZ,41,1,110,2,0x4f85d8,TEST,1,NonLeaf,eax(MOVSX) eax(MOVSX) ,rflags ,TEST,2,MOVSX,3,SUB,2,SETB,3,SETNBE,3,MOV,5,MOV,3,CALL_NEAR,5,TEST,3,MOV,3,0,1,0,0,0,JNE,1,0,1,0,0,0,CALL,0,1,5211597,5211720,5211612,0,0,1,1,cpp,1.071991874902322e-09,0.024390243902439,0,0,0
0x4f85b0,JNZ,1,0,112,2,0x4f85ae,CMPSB,0,NonLeaf,rsi(-1) rdi(-1) rcx(-1) rflags(-1) ,rsi rdi rcx rflags ,CMPSB,2,MOV,3,MOV,5,MOV,5,JZ,2,MOV,6,JMP,2,NOP,6,MOV,5,MOV,3,0,0,0,0,0,CALL,1,1,1,0,0,0,JMP,0,0,5211568,5211680,5211570,0,0,1,0,cpp,2.6146143290300536e-11,0.0,0,0,0
0x4f859f,JZ,1,0,129,2,0x4f859c,TEST,1,NonLeaf,rax(-1) rax(-1) ,rflags ,TEST,3,CALL_NEAR,5,MOV,3,LEA,5,SUB,7,MOV,5,MOV,5,MOV,3,CMPSB,2,JNZ,2,0,1,0,0,0,CALL,1,1,1,0,0,0,MOV,0,0,5211548,5211680,5211553,0,0,1,0,cpp,2.6146143290300536e-11,0.0,0,0,0
0x4f84f5,JNZ,1,0,-1693,6,0x4f84f2,AND,1,NonLeaf,ecx(AND) ,ecx rflags ,AND,3,JMP,5,MOVSD_XMM,6,MOVSD_XMM,6,MOVSD_XMM,6,MOVSD_XMM,6,MOVSD_XMM,6,MOVSD_XMM,6,MOVSD_XMM,6,MOVSD_XMM,6,0,0,1,0,0,RET,0,0,0,0,0,0,JMP,0,0,5211378,5209688,5211387,0,0,0,1,cpp,2.6146143290300536e-11,0.0,0,1,0
0x4f84c3,JNZ,1,0,-1643,6,0x4f84c0,AND,1,NonLeaf,ecx(AND) ,ecx rflags ,AND,3,JMP,5,MOV,4,CALL_NEAR,5,MOV,3,MOVSD_XMM,6,MOVSD_XMM,6,MOVSD_XMM,6,MOVSD_XMM,6,MOVSD_XMM,6,0,0,1,0,0,RET,0,0,0,0,0,0,JMP,0,0,5211328,5209688,5211337,0,0,0,1,cpp,2.6146143290300536e-11,0.0,0,1,0
0x4f8473,JNZ,1,0,-1563,6,0x4f8470,AND,1,NonLeaf,ecx(AND) ,ecx rflags ,AND,3,NOP,7,JMP,5,NEG,2,SETZ,4,MOVSD_XMM,6,MOVSD_XMM,6,MOVSD_XMM,6,MOVSD_XMM,6,MOVSD_XMM,6,0,0,1,0,0,RET,0,0,0,0,0,0,JMP,0,0,5211248,5209688,5211257,0,0,0,1,cpp,2.6146143290300536e-11,0.0,0,1,0
0x4f843d,JNZ,2,1,-1514,6,0x4f843b,TEST,1,NonLeaf,eax(-1) eax(-1) ,rflags ,TEST,2,CALL_NEAR,5,MOV,3,MOV,5,MOV,3,LEA,7,MOV,3,MOV,5,MOV,3,XOR,2,0,0,0,0,0,NOP,0,0,1,0,0,0,CALL,0,1,5211195,5209683,5211203,0,0,0,1,cpp,5.2292286580601066e-11,0.5,0,0,0
0x4f841e,JNZ,3,1,-1483,6,0x4f841c,TEST,1,NonLeaf,eax(-1) eax(-1) ,rflags ,TEST,2,CALL_NEAR,5,MOV,3,MOV,5,MOV,3,LEA,7,MOV,3,MOV,5,MOV,3,CALL_NEAR,5,0,0,0,0,0,NOP,0,0,1,0,0,0,CALL,0,1,5211164,5209683,5211172,0,0,0,1,cpp,7.843842987090161e-11,0.3333333333333333,0,0,0
0x4f83ff,JNZ,4,1,-1452,6,0x4f83fd,TEST,1,NonLeaf,eax(-1) eax(-1) ,rflags ,TEST,2,CALL_NEAR,5,MOV,3,MOV,5,MOV,3,LEA,7,MOV,3,MOV,5,MOV,3,CALL_NEAR,5,0,0,0,0,0,NOP,0,0,1,0,0,0,CALL,0,1,5211133,5209683,5211141,0,0,0,1,cpp,1.0458457316120216e-10,0.25,0,0,0
0x4f83e0,JNZ,5,1,-1421,6,0x4f83de,TEST,1,NonLeaf,eax(-1) eax(-1) ,rflags ,TEST,2,CALL_NEAR,5,MOV,3,MOV,5,MOV,3,LEA,7,MOV,3,MOV,5,MOV,3,CALL_NEAR,5,0,0,0,0,0,NOP,0,0,1,0,0,0,CALL,0,1,5211102,5209683,5211110,0,0,0,1,cpp,1.3073071645150268e-10,0.2,0,0,0
0x4f83c1,JNZ,6,1,-1390,6,0x4f83bf,TEST,1,NonLeaf,eax(-1) eax(-1) ,rflags ,TEST,2,CALL_NEAR,5,MOV,3,MOV,5,MOV,3,LEA,7,MOV,3,MOV,5,MOV,3,CALL_NEAR,5,0,0,0,0,0,NOP,0,0,1,0,0,0,CALL,0,1,5211071,5209683,5211079,0,0,0,1,cpp,1.5687685974180323e-10,0.1666666666666666,0,0,0
0x4f83a2,JNZ,7,1,-1359,6,0x4f83a0,TEST,1,NonLeaf,eax(-1) eax(-1) ,rflags ,TEST,2,CALL_NEAR,5,MOV,3,MOV,5,MOV,3,LEA,7,MOV,3,MOV,5,MOV,3,CALL_NEAR,5,0,0,0,0,0,NOP,0,0,1,0,0,0,CALL,0,1,5211040,5209683,5211048,0,0,0,1,cpp,1.8302300303210375e-10,0.1428571428571428,0,0,0
0x4f8364,JNZ,9,1,-1297,6,0x4f8362,TEST,1,NonLeaf,eax(-1) eax(-1) ,rflags ,TEST,2,CALL_NEAR,5,MOV,3,MOV,5,MOV,3,LEA,7,MOV,3,MOV,5,MOV,3,CALL_NEAR,5,0,0,0,0,0,NOP,0,0,1,0,0,0,CALL,0,1,5210978,5209683,5210986,0,0,0,1,cpp,2.3531528961270476e-10,0.1111111111111111,0,0,0
0x4f8345,JNZ,10,1,-1266,6,0x4f8343,TEST,1,NonLeaf,eax(-1) eax(-1) ,rflags ,TEST,2,CALL_NEAR,5,MOV,3,MOV,5,MOV,3,LEA,7,MOV,3,MOV,5,MOV,3,CALL_NEAR,5,0,0,0,0,0,NOP,0,0,1,0,0,0,CALL,0,1,5210947,5209683,5210955,0,0,0,1,cpp,2.6146143290300536e-10,0.1,0,0,0
0x4f8326,JNZ,11,1,-1235,6,0x4f8324,TEST,1,NonLeaf,eax(-1) eax(-1) ,rflags ,TEST,2,CALL_NEAR,5,MOV,3,MOV,5,MOV,3,LEA,7,MOV,3,MOV,5,MOV,3,CALL_NEAR,5,0,0,0,0,0,NOP,0,0,1,0,0,0,CALL,0,1,5210916,5209683,5210924,0,0,0,1,cpp,2.8760757619330585e-10,0.0909090909090909,0,0,0
0x4f8307,JNZ,12,1,-1204,6,0x4f8305,TEST,1,NonLeaf,eax(-1) eax(-1) ,rflags ,TEST,2,CALL_NEAR,5,MOV,3,MOV,5,MOV,3,LEA,7,MOV,3,MOV,5,MOV,3,CALL_NEAR,5,0,0,0,0,0,NOP,0,0,1,0,0,0,CALL,0,1,5210885,5209683,5210893,0,0,0,1,cpp,3.1375371948360645e-10,0.0833333333333333,0,0,0
0x4f82e8,JNZ,13,1,-1173,6,0x4f82e6,TEST,1,NonLeaf,eax(-1) eax(-1) ,rflags ,TEST,2,CALL_NEAR,5,MOV,3,MOV,5,MOV,3,LEA,7,MOV,3,MOV,5,MOV,3,CALL_NEAR,5,0,0,0,0,0,NOP,0,0,1,0,0,0,CALL,0,1,5210854,5209683,5210862,0,0,0,1,cpp,3.39899862773907e-10,0.0769230769230769,0,0,0
0x4f82c9,JNZ,14,1,-1142,6,0x4f82c7,TEST,1,NonLeaf,eax(-1) eax(-1) ,rflags ,TEST,2,CALL_NEAR,5,MOV,3,MOV,5,MOV,3,LEA,7,MOV,3,MOV,5,MOV,3,CALL_NEAR,5,0,0,0,0,0,NOP,0,0,1,0,0,0,CALL,0,1,5210823,5209683,5210831,0,0,0,1,cpp,3.660460060642075e-10,0.0714285714285714,0,0,0
0x4f82aa,JNZ,15,1,-1111,6,0x4f82a8,TEST,1,NonLeaf,eax(-1) eax(-1) ,rflags ,TEST,2,CALL_NEAR,5,MOV,3,MOV,5,MOV,3,LEA,7,MOV,3,MOV,5,MOV,3,CALL_NEAR,5,0,0,0,0,0,NOP,0,0,1,0,0,0,CALL,0,1,5210792,5209683,5210800,0,0,0,1,cpp,3.92192149354508e-10,0.0666666666666666,0,0,0
0x4f828b,JNZ,16,1,-1080,6,0x4f8289,TEST,1,NonLeaf,eax(-1) eax(-1) ,rflags ,TEST,2,CALL_NEAR,5,MOV,3,MOV,5,MOV,3,LEA,7,MOV,3,MOV,5,MOV,3,CALL_NEAR,5,0,0,0,0,0,NOP,0,0,1,0,0,0,CALL,0,1,5210761,5209683,5210769,0,0,0,1,cpp,4.183382926448086e-10,0.0625,0,0,0
0x4f826c,JNZ,17,1,-1049,6,0x4f826a,TEST,1,NonLeaf,eax(-1) eax(-1) ,rflags ,TEST,2,CALL_NEAR,5,MOV,3,MOV,5,MOV,3,LEA,7,MOV,3,MOV,5,MOV,3,CALL_NEAR,5,0,0,0,0,0,NOP,0,0,1,0,0,0,CALL,0,1,5210730,5209683,5210738,0,0,0,1,cpp,4.444844359351091e-10,0.0588235294117647,0,0,0
0x4f822e,JNZ,19,1,-987,6,0x4f822c,TEST,1,NonLeaf,eax(-1) eax(-1) ,rflags ,TEST,2,CALL_NEAR,5,MOV,3,MOV,5,MOV,3,LEA,7,MOV,3,MOV,5,MOV,3,CALL_NEAR,5,0,0,0,0,0,NOP,0,0,1,0,0,0,CALL,0,1,5210668,5209683,5210676,0,0,0,1,cpp,4.967767225157102e-10,0.0526315789473684,0,0,0
0x4f820f,JNZ,20,1,-956,6,0x4f820d,TEST,1,NonLeaf,eax(-1) eax(-1) ,rflags ,TEST,2,CALL_NEAR,5,MOV,3,MOV,5,MOV,3,LEA,7,MOV,3,MOV,5,MOV,3,CALL_NEAR,5,0,0,0,0,0,NOP,0,0,1,0,0,0,CALL,0,1,5210637,5209683,5210645,0,0,0,1,cpp,5.229228658060106e-10,0.05,0,0,0
0x4f81f0,JNZ,21,1,-925,6,0x4f81ee,TEST,1,NonLeaf,eax(-1) eax(-1) ,rflags ,TEST,2,CALL_NEAR,5,MOV,3,MOV,5,MOV,3,LEA,7,MOV,3,MOV,5,MOV,3,CALL_NEAR,5,0,0,0,0,0,NOP,0,0,1,0,0,0,CALL,0,1,5210606,5209683,5210614,0,0,0,1,cpp,5.490690090963113e-10,0.0476190476190476,0,0,0
0x4f81d1,JNZ,22,1,-894,6,0x4f81cf,TEST,1,NonLeaf,eax(-1) eax(-1) ,rflags ,TEST,2,CALL_NEAR,5,MOV,3,MOV,5,MOV,3,LEA,7,MOV,3,MOV,5,MOV,3,CALL_NEAR,5,0,0,0,0,0,NOP,0,0,1,0,0,0,CALL,0,1,5210575,5209683,5210583,0,0,0,1,cpp,5.752151523866117e-10,0.0454545454545454,0,0,0
0x4f81b2,JNZ,23,1,-863,6,0x4f81b0,TEST,1,NonLeaf,eax(-1) eax(-1) ,rflags ,TEST,2,CALL_NEAR,5,MOV,3,MOV,5,MOV,3,LEA,7,MOV,3,MOV,5,MOV,3,CALL_NEAR,5,0,0,0,0,0,NOP,0,0,1,0,0,0,CALL,0,1,5210544,5209683,5210552,0,0,0,1,cpp,6.013612956769124e-10,0.0434782608695652,0,0,0
0x4f8193,JNZ,24,1,-832,6,0x4f8191,TEST,1,NonLeaf,eax(-1) eax(-1) ,rflags ,TEST,2,CALL_NEAR,5,MOV,3,MOV,5,MOV,3,LEA,7,MOV,3,MOV,5,MOV,3,CALL_NEAR,5,0,0,0,0,0,NOP,0,0,1,0,0,0,CALL,0,1,5210513,5209683,5210521,0,0,0,1,cpp,6.275074389672128e-10,0.0416666666666666,0,0,0
0x4f8174,JNZ,25,1,-801,6,0x4f8172,TEST,1,NonLeaf,eax(-1) eax(-1) ,rflags ,TEST,2,CALL_NEAR,5,MOV,3,MOV,5,MOV,3,LEA,7,MOV,3,MOV,5,MOV,3,CALL_NEAR,5,0,0,0,0,0,NOP,0,0,1,0,0,0,CALL,0,1,5210482,5209683,5210490,0,0,0,1,cpp,6.536535822575133e-10,0.04,0,0,0
0x4f8155,JNZ,26,1,-770,6,0x4f8153,TEST,1,NonLeaf,eax(-1) eax(-1) ,rflags ,TEST,2,CALL_NEAR,5,MOV,3,MOV,5,MOV,3,LEA,7,MOV,3,MOV,5,MOV,3,CALL_NEAR,5,0,0,0,0,0,NOP,0,0,1,0,0,0,CALL,0,1,5210451,5209683,5210459,0,0,0,1,cpp,6.79799725547814e-10,0.0384615384615384,0,0,0
0x4f8136,JNZ,27,1,-739,6,0x4f8134,TEST,1,NonLeaf,eax(-1) eax(-1) ,rflags ,TEST,2,CALL_NEAR,5,MOV,3,MOV,5,MOV,3,LEA,7,MOV,3,MOV,5,MOV,3,CALL_NEAR,5,0,0,0,0,0,NOP,0,0,1,0,0,0,CALL,0,1,5210420,5209683,5210428,0,0,0,1,cpp,7.059458688381144e-10,0.037037037037037,0,0,0
0x4f8117,JNZ,28,1,-708,6,0x4f8115,TEST,1,NonLeaf,eax(-1) eax(-1) ,rflags ,TEST,2,CALL_NEAR,5,MOV,3,MOV,5,MOV,3,LEA,7,MOV,3,MOV,5,MOV,3,CALL_NEAR,5,0,0,0,0,0,NOP,0,0,1,0,0,0,CALL,0,1,5210389,5209683,5210397,0,0,0,1,cpp,7.32092012128415e-10,0.0357142857142857,0,0,0
0x4f80f8,JNZ,29,1,-677,6,0x4f80f6,TEST,1,NonLeaf,eax(-1) eax(-1) ,rflags ,TEST,2,CALL_NEAR,5,MOV,3,MOV,5,MOV,3,LEA,7,MOV,3,MOV,5,MOV,3,CALL_NEAR,5,0,0,0,0,0,NOP,0,0,1,0,0,0,CALL,0,1,5210358,5209683,5210366,0,0,0,1,cpp,7.582381554187155e-10,0.0344827586206896,0,0,0
0x4f80d9,JNZ,30,1,-646,6,0x4f80d7,TEST,1,NonLeaf,eax(-1) eax(-1) ,rflags ,TEST,2,CALL_NEAR,5,MOV,3,MOV,5,MOV,3,LEA,7,MOV,3,MOV,5,MOV,3,CALL_NEAR,5,0,0,0,0,0,NOP,0,0,1,0,0,0,CALL,0,1,5210327,5209683,5210335,0,0,0,1,cpp,7.843842987090161e-10,0.0333333333333333,0,0,0
0x4f8073,JNZ,1,0,-539,6,0x4f8070,AND,1,NonLeaf,ecx(AND) ,ecx rflags ,AND,3,NOP,5,JMP,2,XOR,2,ADD,3,MOVSD_XMM,6,MOVSD_XMM,6,MOVSD_XMM,6,MOVSD_XMM,6,MOVSD_XMM,6,0,0,1,0,0,RET,0,0,0,0,0,0,JMP,0,0,5210224,5209688,5210233,0,0,0,1,cpp,2.6146143290300536e-11,0.0,0,1,0
0x4f805a,JNZ,29,29,-26,2,0x4f8058,CMP,1,NonLeaf,al(-1) ,rflags ,CMP,2,JZ,6,TEST,2,MOVZX,3,ADD,4,TEST,2,JZ,6,ADD,3,XOR,2,JMP,2,1,1,0,0,0,JE,0,0,1,0,0,0,JE,0,0,5210200,5210176,5210204,0,0,0,0,cpp,7.582381554187155e-10,1.0,1,0,1
0x4f8052,JZ,29,1,1054,6,0x4f8050,TEST,1,NonLeaf,al(MOVZX) al(MOVZX) ,rflags ,TEST,2,MOVZX,3,ADD,4,CMOVNZ,3,CMP,2,CMP,2,JNZ,2,TEST,2,JZ,6,ADD,3,0,1,0,0,0,JNE,1,0,0,0,1,1,JNE,0,0,5210185,5211248,5210200,0,0,0,0,cpp,7.582381554187155e-10,0.0344827586206896,0,0,0
0x4f8042,JZ,29,0,7,2,0x4f8040,CMP,1,NonLeaf,al(-1) ,rflags ,CMP,2,NOP,2,JMP,2,MOV,5,XOR,2,CMP,2,CMOVNZ,3,ADD,4,MOVZX,3,TEST,2,0,0,1,0,0,JE,0,0,1,0,0,0,CMOVNE,0,0,5210176,5210185,5210180,0,0,0,0,cpp,7.582381554187155e-10,0.0,0,0,0
0x4f802d,JZ,1,0,1100,6,0x4f802b,TEST,1,NonLeaf,al(MOVZX) al(MOVZX) ,rflags ,TEST,2,MOVZX,3,JNZ,6,CMP,3,CALL_NEAR,5,XOR,2,XOR,2,MOV,5,JMP,2,NOP,2,0,1,0,0,0,JMP,0,0,1,0,0,0,JMP,0,0,5210152,5211257,5210163,0,0,1,0,cpp,2.6146143290300536e-11,0.0,0,0,0
0x4f8022,JNZ,1,0,-458,6,0x4f801f,CMP,1,NonLeaf,eax(-1) ,rflags ,CMP,3,CALL_NEAR,5,MOV,3,XOR,2,MOV,5,MOVZX,3,TEST,2,JZ,6,XOR,2,XOR,2,0,0,1,0,0,RET,0,0,1,0,0,0,JE,0,0,5210143,5209688,5210152,0,0,0,0,cpp,2.6146143290300536e-11,0.0,0,1,0
0x4f7fda,JNZ,27,27,-26,2,0x4f7fd8,CMP,1,NonLeaf,al(-1) ,rflags ,CMP,2,JZ,6,TEST,2,MOVZX,3,ADD,4,TEST,2,JZ,6,ADD,3,XOR,2,JMP,2,1,1,0,0,0,JE,0,0,1,0,0,0,JE,0,0,5210072,5210048,5210076,0,0,0,0,cpp,7.059458688381144e-10,1.0,1,0,1
0x4f7fd2,JZ,27,1,1312,6,0x4f7fd0,TEST,1,NonLeaf,al(MOVZX) al(MOVZX) ,rflags ,TEST,2,MOVZX,3,ADD,4,CMOVNZ,3,CMP,2,CMP,2,JNZ,2,TEST,2,JZ,6,ADD,3,0,1,0,0,0,JNE,1,0,0,0,1,1,JNE,0,0,5210057,5211378,5210072,0,0,0,0,cpp,7.059458688381144e-10,0.037037037037037,0,0,0
0x4f7fc2,JZ,27,0,7,2,0x4f7fc0,CMP,1,NonLeaf,al(-1) ,rflags ,CMP,2,NOP,2,JMP,2,MOV,5,XOR,2,CMP,2,CMOVNZ,3,ADD,4,MOVZX,3,TEST,2,0,0,1,0,0,JE,0,0,1,0,0,0,CMOVNE,0,0,5210048,5210057,5210052,0,0,0,0,cpp,7.059458688381144e-10,0.0,0,0,0
0x4f7fad,JZ,1,0,1358,6,0x4f7fab,TEST,1,NonLeaf,al(MOVZX) al(MOVZX) ,rflags ,TEST,2,MOVZX,3,JNZ,6,CMP,3,CALL_NEAR,5,XOR,2,XOR,2,MOV,5,JMP,2,NOP,2,0,1,0,0,0,JMP,0,0,1,0,0,0,JMP,0,0,5210024,5211387,5210035,0,0,1,0,cpp,2.6146143290300536e-11,0.0,0,0,0
0x4f7fa2,JNZ,1,0,-330,6,0x4f7f9f,CMP,1,NonLeaf,eax(-1) ,rflags ,CMP,3,CALL_NEAR,5,MOV,3,XOR,2,MOV,5,MOVZX,3,TEST,2,JZ,6,XOR,2,XOR,2,0,0,1,0,0,RET,0,0,1,0,0,0,JE,0,0,5210015,5209688,5210024,0,0,0,0,cpp,2.6146143290300536e-11,0.0,0,1,0
0x4f7f5a,JNZ,28,28,-26,2,0x4f7f58,CMP,1,NonLeaf,al(-1) ,rflags ,CMP,2,JZ,6,TEST,2,MOVZX,3,ADD,4,TEST,2,JZ,6,ADD,3,XOR,2,JMP,2,1,1,0,0,0,JE,0,0,1,0,0,0,JE,0,0,5209944,5209920,5209948,0,0,0,0,cpp,7.32092012128415e-10,1.0,1,0,1
0x4f7f52,JZ,28,1,1390,6,0x4f7f50,TEST,1,NonLeaf,al(MOVZX) al(MOVZX) ,rflags ,TEST,2,MOVZX,3,ADD,4,CMOVNZ,3,CMP,2,CMP,2,JNZ,2,TEST,2,JZ,6,ADD,3,0,1,0,0,0,JNE,1,0,0,0,1,1,JNE,0,0,5209929,5211328,5209944,0,0,0,0,cpp,7.32092012128415e-10,0.0357142857142857,0,0,0
0x4f7f42,JZ,28,0,7,2,0x4f7f40,CMP,1,NonLeaf,al(-1) ,rflags ,CMP,2,NOP,2,JMP,2,MOV,5,XOR,2,CMP,2,CMOVNZ,3,ADD,4,MOVZX,3,TEST,2,0,0,1,0,0,JE,0,0,1,0,0,0,CMOVNE,0,0,5209920,5209929,5209924,0,0,0,0,cpp,7.32092012128415e-10,0.0,0,0,0
0x4f7f2d,JZ,1,0,1436,6,0x4f7f2b,TEST,1,NonLeaf,al(MOVZX) al(MOVZX) ,rflags ,TEST,2,MOVZX,3,JNZ,6,CMP,3,CALL_NEAR,5,XOR,2,XOR,2,MOV,5,JMP,2,NOP,2,0,1,0,0,0,JMP,0,0,1,0,0,0,JMP,0,0,5209896,5211337,5209907,0,0,1,0,cpp,2.6146143290300536e-11,0.0,0,0,0
0x4f7f22,JNZ,1,0,-202,6,0x4f7f1f,CMP,1,NonLeaf,eax(-1) ,rflags ,CMP,3,CALL_NEAR,5,MOV,3,XOR,2,MOV,5,MOVZX,3,TEST,2,JZ,6,XOR,2,XOR,2,0,0,1,0,0,RET,0,0,1,0,0,0,JE,0,0,5209887,5209688,5209896,0,0,0,0,cpp,2.6146143290300536e-11,0.0,0,1,0
0x4f7ed2,JZ,29,1,414,6,0x4f7ed0,TEST,1,NonLeaf,al(MOVZX) al(MOVZX) ,rflags ,TEST,2,MOVZX,3,ADD,4,CMOVNZ,3,CMP,2,CMP,2,JNZ,2,TEST,2,JZ,6,ADD,3,0,1,0,0,0,JNE,1,0,0,0,1,1,JNE,0,0,5209801,5210224,5209816,0,0,0,0,cpp,7.582381554187155e-10,0.0344827586206896,0,0,0
0x4f7ec2,JZ,29,0,7,2,0x4f7ec0,CMP,1,NonLeaf,al(-1) ,rflags ,CMP,2,NOP,6,JMP,2,MOV,5,XOR,2,CMP,2,CMOVNZ,3,ADD,4,MOVZX,3,TEST,2,0,0,1,0,0,JE,0,0,1,0,0,0,CMOVNE,0,0,5209792,5209801,5209796,0,0,0,0,cpp,7.582381554187155e-10,0.0,0,0,0
0x4f7ea9,JZ,1,0,464,6,0x4f7ea7,TEST,1,NonLeaf,al(MOVZX) al(MOVZX) ,rflags ,TEST,2,MOVZX,3,JNZ,2,CMP,3,CALL_NEAR,5,XOR,2,XOR,2,MOV,5,JMP,2,NOP,6,0,1,0,0,0,JMP,0,0,1,0,0,0,JMP,0,0,5209764,5210233,5209775,0,0,1,0,cpp,2.6146143290300536e-11,0.0,0,0,0
0x4f7ea2,JNZ,1,0,-74,2,0x4f7e9f,CMP,1,NonLeaf,eax(-1) ,rflags ,CMP,3,CALL_NEAR,5,MOV,3,XOR,2,MOV,5,MOVZX,3,TEST,2,JZ,6,XOR,2,XOR,2,0,0,1,0,0,RET,0,0,1,0,0,0,JE,0,0,5209759,5209688,5209764,0,0,0,0,cpp,2.6146143290300536e-11,0.0,0,1,0
0x4f7e4d,JZ,31,30,627,6,0x4f7e4b,TEST,1,NonLeaf,eax(-1) eax(-1) ,rflags ,TEST,2,CALL_NEAR,5,MOV,3,MOV,5,LEA,7,XOR,2,NOP,3,ADD,7,MOV,2,POP,1,0,1,0,0,0,CALL,0,1,1,0,0,0,NOP,0,0,5209675,5210304,5209683,0,0,1,0,cpp,8.105304419993165e-10,0.967741935483871,1,0,1
0x4f7e31,JZ,32,1,1824,6,0x4f7e2f,TEST,1,NonLeaf,ebp(MOVSX) ebp(MOVSX) ,rflags ,TEST,2,MOVSX,4,SUB,2,SETB,3,SETNBE,4,LEA,7,MOV,5,MOV,3,CALL_NEAR,5,TEST,2,0,1,0,0,0,CALL,0,1,1,0,0,0,CALL,0,1,5209634,5211473,5209655,0,0,1,1,cpp,8.366765852896172e-10,0.03125,0,0,0
0x4f7e0d,JZ,33,1,1836,6,0x4f7e0b,TEST,1,NonLeaf,ebp(MOVSX) ebp(MOVSX) ,rflags ,TEST,2,MOVSX,4,SUB,2,SETB,3,SETNBE,4,MOV,5,MOV,5,MOV,3,CMPSB,2,SETNBE,4,0,1,0,0,0,CALL,1,1,1,0,0,0,MOV,0,0,5209598,5211449,5209619,0,0,1,0,cpp,8.628227285799176e-10,0.0303030303030303,0,0,0
0x4f7de9,JZ,34,1,1851,6,0x4f7de7,TEST,1,NonLeaf,ebp(MOVSX) ebp(MOVSX) ,rflags ,TEST,2,MOVSX,4,SUB,2,SETB,3,SETNBE,4,MOV,5,MOV,5,MOV,3,CMPSB,2,SETNBE,4,0,1,0,0,0,CALL,1,1,1,0,0,0,MOV,0,0,5209562,5211428,5209583,0,0,1,0,cpp,8.889688718702183e-10,0.0294117647058823,0,0,0
0x4f7dc5,JZ,35,1,739,6,0x4f7dc3,TEST,1,NonLeaf,ebp(MOVSX) ebp(MOVSX) ,rflags ,TEST,2,MOVSX,4,SUB,2,SETB,3,SETNBE,4,MOV,5,MOV,5,MOV,3,CMPSB,2,SETNBE,4,0,1,0,0,0,CALL,1,1,1,0,0,0,MOV,0,0,5209526,5210280,5209547,0,0,1,0,cpp,9.151150151605187e-10,0.0285714285714285,0,0,0
0x4f7da1,JZ,36,1,1799,6,0x4f7d9f,TEST,1,NonLeaf,ebp(MOVSX) ebp(MOVSX) ,rflags ,TEST,2,MOVSX,4,SUB,2,SETB,3,SETNBE,4,MOV,5,MOV,5,MOV,3,CMPSB,2,SETNBE,4,0,1,0,0,0,CALL,1,1,1,0,0,0,MOV,0,0,5209490,5211304,5209511,0,0,1,0,cpp,9.41261158450819e-10,0.0277777777777777,0,0,0
0x4f7d7d,JZ,37,1,499,6,0x4f7d7b,TEST,1,NonLeaf,ebp(MOVSX) ebp(MOVSX) ,rflags ,TEST,2,MOVSX,4,SUB,2,SETB,3,SETNBE,4,MOV,5,MOV,5,MOV,3,CMPSB,2,SETNBE,4,0,1,0,0,0,CALL,1,1,1,0,0,0,MOV,0,0,5209454,5209968,5209475,0,0,1,0,cpp,9.674073017411201e-10,0.027027027027027,0,0,0
0x4f7d59,JZ,38,1,407,6,0x4f7d57,TEST,1,NonLeaf,ebp(MOVSX) ebp(MOVSX) ,rflags ,TEST,2,MOVSX,4,SUB,2,SETB,3,SETNBE,4,MOV,5,MOV,5,MOV,3,CMPSB,2,SETNBE,4,0,1,0,0,0,CALL,1,1,1,0,0,0,MOV,0,0,5209418,5209840,5209439,0,0,1,0,cpp,9.935534450314203e-10,0.0263157894736842,0,0,0
0x4f7d35,JZ,39,1,699,6,0x4f7d33,TEST,1,NonLeaf,ebp(MOVSX) ebp(MOVSX) ,rflags ,TEST,2,MOVSX,4,SUB,2,SETB,3,SETNBE,4,MOV,5,MOV,5,MOV,3,CMPSB,2,SETNBE,4,0,1,0,0,0,CALL,1,1,1,0,0,0,MOV,0,0,5209382,5210096,5209403,0,0,1,0,cpp,1.019699588321721e-09,0.0256410256410256,0,0,0
0x4f7d11,JZ,40,1,351,6,0x4f7d0f,TEST,1,NonLeaf,ebp(MOVSX) ebp(MOVSX) ,rflags ,TEST,2,MOVSX,4,SUB,2,SETB,3,SETNBE,4,MOV,5,MOV,5,MOV,3,CMPSB,2,SETNBE,4,0,1,0,0,0,CALL,1,1,1,0,0,0,MOV,0,0,5209346,5209712,5209367,0,0,1,0,cpp,1.0458457316120212e-09,0.025,0,0,0
0x4f794c,JBE,130,130,-2001,6,0x4f7948,UCOMISD,1,NonLeaf,xmm2(MOVSD_XMM) xmm0(-1) ,rflags ,UCOMISD,4,MOVSD_XMM,8,JNBE,2,UCOMISD,4,SUBSD,5,JMP,2,NOP,4,MOVSD_XMM,5,SUBSD,5,UCOMISD,4,0,0,0,0,0,JA,0,0,1,0,0,0,JMP,0,0,5208384,5206395,5208402,0,0,0,0,cpp,3.3989986277390704e-09,1.0,1,0,1
0x4f793e,JNBE,130,0,52,2,0x4f793a,UCOMISD,1,NonLeaf,xmm0(SUBSD) xmm1(-1) ,rflags ,UCOMISD,4,SUBSD,5,MOVSD_XMM,5,NOP,2,JMP,2,MOVSD_XMM,8,UCOMISD,4,JBE,6,JMP,2,NOP,4,0,0,0,0,0,CALL,0,1,1,0,0,0,JBE,0,0,5208368,5208434,5208384,0,0,1,0,cpp,3.3989986277390704e-09,0.0,0,0,0
0x4f7926,JBE,195,195,-1998,6,0x4f7922,UCOMISD,1,NonLeaf,xmm2(-1) xmm0(-1) ,rflags ,UCOMISD,4,JNBE,2,UCOMISD,4,SUBSD,6,MOVAPD,5,JMP,2,NOP,2,MOVSD_XMM,5,SUBSD,5,UCOMISD,4,0,0,1,0,0,JNE,0,0,1,0,0,0,JMP,0,0,5208354,5206360,5208364,0,0,0,0,cpp,5.0984979416086045e-09,1.0,1,0,1
0x4f7920,JNBE,195,0,82,2,0x4f791c,UCOMISD,1,NonLeaf,xmm0(SUBSD) xmm1(-1) ,rflags ,UCOMISD,4,SUBSD,6,MOVAPD,5,JNBE,2,UCOMISD,4,UCOMISD,4,JBE,6,JMP,2,NOP,2,MOVSD_XMM,5,0,0,0,0,0,CALL,0,1,1,1,0,0,JBE,0,0,5208337,5208434,5208354,0,0,1,0,cpp,5.0984979416086045e-09,0.0,0,0,0
0x4f790f,JNBE,195,0,99,2,0x4f790b,UCOMISD,1,NonLeaf,xmm2(-1) xmm0(-1) ,rflags ,UCOMISD,4,JNBE,2,UCOMISD,4,SUBSD,9,MOVSD_XMM,9,MOVAPD,5,SUBSD,6,UCOMISD,4,JNBE,2,UCOMISD,4,0,0,0,0,0,CALL,0,1,1,1,0,0,JA,0,0,5208331,5208434,5208337,0,0,1,0,cpp,5.0984979416086045e-09,0.0,0,0,0
0x4f7909,JNBE,195,0,105,2,0x4f7905,UCOMISD,1,NonLeaf,xmm0(SUBSD) xmm1(-1) ,rflags ,UCOMISD,4,SUBSD,9,MOVSD_XMM,9,JNBE,2,UCOMISD,4,UCOMISD,4,JNBE,2,MOVAPD,5,SUBSD,6,UCOMISD,4,0,0,0,0,0,CALL,0,1,1,1,0,0,JA,0,0,5208307,5208434,5208331,0,0,1,0,cpp,5.0984979416086045e-09,0.0,0,0,0
0x4f78f1,JNBE,195,0,129,2,0x4f78ed,UCOMISD,1,NonLeaf,xmm2(-1) xmm0(-1) ,rflags ,UCOMISD,4,JNBE,6,UCOMISD,4,SUBSD,6,MOVAPD,5,MOVSD_XMM,9,SUBSD,9,UCOMISD,4,JNBE,2,UCOMISD,4,0,0,0,0,0,CALL,0,1,1,1,0,0,JA,0,0,5208301,5208434,5208307,0,0,1,0,cpp,5.0984979416086045e-09,0.0,0,0,0
0x4f78e7,JNBE,195,0,139,6,0x4f78e3,UCOMISD,1,NonLeaf,xmm0(SUBSD) xmm1(-1) ,rflags ,UCOMISD,4,SUBSD,6,MOVAPD,5,JNBE,6,UCOMISD,4,UCOMISD,4,JNBE,2,MOVSD_XMM,9,SUBSD,9,UCOMISD,4,0,0,0,0,0,CALL,0,1,1,1,0,0,JA,0,0,5208280,5208434,5208301,0,0,1,0,cpp,5.0984979416086045e-09,0.0,0,0,0
0x4f78d2,JNBE,195,0,160,6,0x4f78ce,UCOMISD,1,NonLeaf,xmm2(-1) xmm7(-1) ,rflags ,UCOMISD,4,JNBE,6,MOVAPD,4,UCOMISD,4,SUBSD,6,MOVAPD,5,SUBSD,6,UCOMISD,4,JNBE,6,UCOMISD,4,0,0,0,0,0,CALL,0,1,1,1,0,0,JA,0,0,5208270,5208434,5208280,0,0,1,0,cpp,5.0984979416086045e-09,0.0,0,0,0
0x4f78c8,JNBE,195,0,170,6,0x4f78c0,UCOMISD,1,NonLeaf,xmm7(SUBSD) xmm1(-1) ,rflags ,MOVAPD,4,UCOMISD,4,SUBSD,6,JNBE,6,UCOMISD,4,UCOMISD,4,JNBE,6,MOVAPD,5,SUBSD,6,UCOMISD,4,0,0,0,0,0,CALL,0,1,1,1,0,0,JA,0,0,5208250,5208434,5208270,0,0,1,0,cpp,5.0984979416086045e-09,0.0,0,0,0
0x4f78b4,JNBE,195,0,190,6,0x4f78b0,UCOMISD,1,NonLeaf,xmm2(-1) xmm0(-1) ,rflags ,UCOMISD,4,JNBE,6,UCOMISD,4,SUBSD,6,MOVAPD,5,SUBSD,6,UCOMISD,4,MOVAPD,4,JNBE,6,UCOMISD,4,0,0,0,0,0,CALL,0,1,1,1,0,0,JA,0,0,5208240,5208434,5208250,0,0,1,0,cpp,5.0984979416086045e-09,0.0,0,0,0
0x4f78aa,JNBE,195,0,200,6,0x4f78a6,UCOMISD,1,NonLeaf,xmm0(SUBSD) xmm1(-1) ,rflags ,UCOMISD,4,SUBSD,6,MOVAPD,5,JNBE,6,UCOMISD,4,UCOMISD,4,JNBE,6,SUBSD,6,UCOMISD,4,MOVAPD,4,0,0,0,0,0,CALL,0,1,1,1,0,0,JA,0,0,5208219,5208434,5208240,0,0,1,0,cpp,5.0984979416086045e-09,0.0,0,0,0
0x4f7895,JNBE,195,0,221,6,0x4f7891,UCOMISD,1,NonLeaf,xmm2(-1) xmm0(-1) ,rflags ,UCOMISD,4,JNBE,6,UCOMISD,4,SUBSD,6,MOVAPD,5,MOVAPD,5,SUBSD,6,UCOMISD,4,JNBE,6,UCOMISD,4,0,0,0,0,0,CALL,0,1,1,1,0,0,JA,0,0,5208209,5208434,5208219,0,0,1,0,cpp,5.0984979416086045e-09,0.0,0,0,0
0x4f788b,JNBE,195,0,231,6,0x4f7887,UCOMISD,1,NonLeaf,xmm0(SUBSD) xmm1(-1) ,rflags ,UCOMISD,4,SUBSD,6,MOVAPD,5,JNBE,6,UCOMISD,4,UCOMISD,4,JNBE,6,MOVAPD,5,SUBSD,6,UCOMISD,4,0,0,0,0,0,CALL,0,1,1,1,0,0,JA,0,0,5208188,5208434,5208209,0,0,1,0,cpp,5.0984979416086045e-09,0.0,0,0,0
0x4f7876,JNBE,195,0,252,6,0x4f7872,UCOMISD,1,NonLeaf,xmm2(-1) xmm0(-1) ,rflags ,UCOMISD,4,JNBE,6,UCOMISD,4,SUBSD,6,MOVAPD,5,MOVAPD,5,SUBSD,6,UCOMISD,4,JNBE,6,UCOMISD,4,0,0,0,0,0,CALL,0,1,1,1,0,0,JA,0,0,5208178,5208434,5208188,0,0,1,0,cpp,5.0984979416086045e-09,0.0,0,0,0
0x4f786c,JNBE,195,0,262,6,0x4f7868,UCOMISD,1,NonLeaf,xmm0(SUBSD) xmm1(-1) ,rflags ,UCOMISD,4,SUBSD,6,MOVAPD,5,JNBE,6,UCOMISD,4,UCOMISD,4,JNBE,6,MOVAPD,5,SUBSD,6,UCOMISD,4,0,0,0,0,0,CALL,0,1,1,1,0,0,JA,0,0,5208157,5208434,5208178,0,0,1,0,cpp,5.0984979416086045e-09,0.0,0,0,0
0x4f7857,JNBE,195,0,283,6,0x4f7853,UCOMISD,1,NonLeaf,xmm2(-1) xmm0(-1) ,rflags ,UCOMISD,4,JNBE,6,UCOMISD,4,SUBSD,6,MOVAPD,5,MOVAPD,5,SUBSD,6,UCOMISD,4,JNBE,6,UCOMISD,4,0,0,0,0,0,CALL,0,1,1,1,0,0,JA,0,0,5208147,5208434,5208157,0,0,1,0,cpp,5.0984979416086045e-09,0.0,0,0,0
0x4f7838,JNBE,195,0,314,6,0x4f7834,UCOMISD,1,NonLeaf,xmm2(-1) xmm0(-1) ,rflags ,UCOMISD,4,JNBE,6,UCOMISD,4,SUBSD,6,MOVSD_XMM,6,MOVAPD,5,SUBSD,6,UCOMISD,4,JNBE,6,UCOMISD,4,0,0,0,0,0,CALL,0,1,1,1,0,0,JA,0,0,5208116,5208434,5208126,0,0,1,0,cpp,5.0984979416086045e-09,0.0,0,0,0
0x4f782e,JNBE,195,0,324,6,0x4f782a,UCOMISD,1,NonLeaf,xmm0(SUBSD) xmm1(-1) ,rflags ,UCOMISD,4,SUBSD,6,MOVSD_XMM,6,JNBE,6,UCOMISD,4,UCOMISD,4,JNBE,6,MOVAPD,5,SUBSD,6,UCOMISD,4,0,0,0,0,0,CALL,0,1,1,1,0,0,JA,0,0,5208094,5208434,5208116,0,0,1,0,cpp,5.0984979416086045e-09,0.0,0,0,0
0x4f7818,JNBE,195,0,346,6,0x4f7814,UCOMISD,1,NonLeaf,xmm2(-1) xmm0(-1) ,rflags ,UCOMISD,4,JNBE,6,UCOMISD,4,SUBSD,8,MOVSD_XMM,8,MOVSD_XMM,6,SUBSD,6,UCOMISD,4,JNBE,6,UCOMISD,4,0,0,0,0,0,CALL,0,1,1,1,0,0,JA,0,0,5208084,5208434,5208094,0,0,1,0,cpp,5.0984979416086045e-09,0.0,0,0,0
0x4f780e,JNBE,195,0,356,6,0x4f780a,UCOMISD,1,NonLeaf,xmm0(SUBSD) xmm1(-1) ,rflags ,UCOMISD,4,SUBSD,8,MOVSD_XMM,8,JNZ,6,TEST,2,UCOMISD,4,JNBE,6,MOVSD_XMM,6,SUBSD,6,UCOMISD,4,0,0,0,0,0,CALL,0,1,1,1,0,0,JA,0,0,5208058,5208434,5208084,0,0,1,0,cpp,5.0984979416086045e-09,0.0,0,0,0
0x4f77f4,JNZ,195,0,412,6,0x4f77f2,TEST,1,NonLeaf,edx(-1) edx(-1) ,rflags ,TEST,2,JNBE,6,UCOMISD,4,JNBE,6,UCOMISD,4,MOVSD_XMM,8,SUBSD,8,UCOMISD,4,JNBE,6,UCOMISD,4,0,0,0,0,0,JA,0,0,0,1,0,0,JA,0,0,5208050,5208464,5208058,0,0,0,0,cpp,5.0984979416086045e-09,0.0,0,0,0
0x4f77ec,JNBE,195,0,390,6,0x4f77e8,UCOMISD,1,NonLeaf,xmm2(-1) xmm0(-1) ,rflags ,UCOMISD,4,JNBE,6,UCOMISD,4,SUBSD,9,MOVSD_XMM,9,TEST,2,JNZ,6,MOVSD_XMM,8,SUBSD,8,UCOMISD,4,0,0,0,0,0,CALL,0,1,1,0,0,0,JNE,0,0,5208040,5208434,5208050,0,0,1,0,cpp,5.0984979416086045e-09,0.0,0,0,0
0x4f77e2,JNBE,195,0,400,6,0x4f77de,UCOMISD,1,NonLeaf,xmm0(SUBSD) xmm1(-1) ,rflags ,UCOMISD,4,SUBSD,9,MOVSD_XMM,9,JNBE,6,UCOMISD,4,UCOMISD,4,JNBE,6,TEST,2,JNZ,6,MOVSD_XMM,8,0,0,0,0,0,CALL,0,1,1,0,0,0,JA,0,0,5208012,5208434,5208040,0,0,1,0,cpp,5.0984979416086045e-09,0.0,0,0,0
0x4f77c6,JNBE,195,0,428,6,0x4f77c2,UCOMISD,1,NonLeaf,xmm2(-1) xmm0(-1) ,rflags ,UCOMISD,4,JNBE,6,UCOMISD,4,SUBSD,9,MOVSD_XMM,9,MOVSD_XMM,9,SUBSD,9,UCOMISD,4,JNBE,6,UCOMISD,4,0,0,0,0,0,CALL,0,1,1,0,0,0,JA,0,0,5208002,5208434,5208012,0,0,1,0,cpp,5.0984979416086045e-09,0.0,0,0,0
0x4f77bc,JNBE,195,0,438,6,0x4f77b8,UCOMISD,1,NonLeaf,xmm0(SUBSD) xmm1(-1) ,rflags ,UCOMISD,4,SUBSD,9,MOVSD_XMM,9,JNBE,6,UCOMISD,4,UCOMISD,4,JNBE,6,MOVSD_XMM,9,SUBSD,9,UCOMISD,4,0,0,0,0,0,CALL,0,1,1,0,0,0,JA,0,0,5207974,5208434,5208002,0,0,1,0,cpp,5.0984979416086045e-09,0.0,0,0,0
0x4f77a0,JNBE,195,0,466,6,0x4f779c,UCOMISD,1,NonLeaf,xmm2(-1) xmm0(-1) ,rflags ,UCOMISD,4,JNBE,6,UCOMISD,4,SUBSD,9,MOVSD_XMM,9,MOVSD_XMM,9,SUBSD,9,UCOMISD,4,JNBE,6,UCOMISD,4,0,0,0,0,0,CALL,0,1,1,0,0,0,JA,0,0,5207964,5208434,5207974,0,0,1,0,cpp,5.0984979416086045e-09,0.0,0,0,0
0x4f7796,JNBE,195,0,476,6,0x4f7792,UCOMISD,1,NonLeaf,xmm0(SUBSD) xmm1(-1) ,rflags ,UCOMISD,4,SUBSD,9,MOVSD_XMM,9,JNBE,6,UCOMISD,4,UCOMISD,4,JNBE,6,MOVSD_XMM,9,SUBSD,9,UCOMISD,4,0,0,0,0,0,CALL,0,1,1,0,0,0,JA,0,0,5207936,5208434,5207964,0,0,1,0,cpp,5.0984979416086045e-09,0.0,0,0,0
0x4f777a,JNBE,195,0,504,6,0x4f7776,UCOMISD,1,NonLeaf,xmm2(-1) xmm0(-1) ,rflags ,UCOMISD,4,JNBE,6,UCOMISD,4,SUBSD,9,MOVSD_XMM,9,MOVSD_XMM,9,SUBSD,9,UCOMISD,4,JNBE,6,UCOMISD,4,0,0,0,0,0,CALL,0,1,1,0,0,0,JA,0,0,5207926,5208434,5207936,0,0,1,0,cpp,5.0984979416086045e-09,0.0,0,0,0
0x4f7770,JNBE,195,0,514,6,0x4f776c,UCOMISD,1,NonLeaf,xmm0(SUBSD) xmm1(-1) ,rflags ,UCOMISD,4,SUBSD,9,MOVSD_XMM,9,JNBE,6,UCOMISD,4,UCOMISD,4,JNBE,6,MOVSD_XMM,9,SUBSD,9,UCOMISD,4,0,0,0,0,0,CALL,0,1,1,0,0,0,JA,0,0,5207898,5208434,5207926,0,0,1,0,cpp,5.0984979416086045e-09,0.0,0,0,0
0x4f7754,JNBE,195,0,542,6,0x4f7750,UCOMISD,1,NonLeaf,xmm2(-1) xmm3(-1) ,rflags ,UCOMISD,4,JNBE,6,MOVAPD,4,UCOMISD,4,SUBSD,6,MOVSD_XMM,9,SUBSD,9,UCOMISD,4,JNBE,6,UCOMISD,4,0,0,0,0,0,CALL,0,1,1,0,0,0,JA,0,0,5207888,5208434,5207898,0,0,1,0,cpp,5.0984979416086045e-09,0.0,0,0,0
0x4f774a,JNBE,195,0,552,6,0x4f7742,UCOMISD,1,NonLeaf,xmm3(SUBSD) xmm1(-1) ,rflags ,MOVAPD,4,UCOMISD,4,SUBSD,6,MOVSD_XMM,6,JNBE,6,UCOMISD,4,JNBE,6,MOVSD_XMM,9,SUBSD,9,UCOMISD,4,0,0,0,0,0,CALL,0,1,1,0,0,0,JA,0,0,5207862,5208434,5207888,0,0,1,0,cpp,5.0984979416086045e-09,0.0,0,0,0
0x4f7730,JNBE,195,0,578,6,0x4f772c,UCOMISD,1,NonLeaf,xmm2(-1) xmm4(-1) ,rflags ,UCOMISD,4,JNBE,6,MOVAPD,4,UCOMISD,4,SUBSD,6,MOVSD_XMM,6,SUBSD,6,UCOMISD,4,MOVAPD,4,JNBE,6,0,0,0,0,0,CALL,0,1,1,0,0,0,JA,0,0,5207852,5208434,5207862,0,0,1,0,cpp,5.0984979416086045e-09,0.0,0,0,0
0x4f7726,JNBE,195,0,588,6,0x4f771e,UCOMISD,1,NonLeaf,xmm4(SUBSD) xmm1(-1) ,rflags ,MOVAPD,4,UCOMISD,4,SUBSD,6,JNBE,6,UCOMISD,4,UCOMISD,4,JNBE,6,MOVSD_XMM,6,SUBSD,6,UCOMISD,4,0,0,0,0,0,CALL,0,1,1,0,0,0,JA,0,0,5207832,5208434,5207852,0,0,1,0,cpp,5.0984979416086045e-09,0.0,0,0,0
0x4f7712,JNBE,195,0,608,6,0x4f770e,UCOMISD,1,NonLeaf,xmm2(-1) xmm5(-1) ,rflags ,UCOMISD,4,JNBE,6,MOVAPD,4,UCOMISD,4,SUBSD,6,SUBSD,6,UCOMISD,4,MOVAPD,4,JNBE,6,UCOMISD,4,0,0,0,0,0,CALL,0,1,1,0,0,0,JA,0,0,5207822,5208434,5207832,0,0,1,0,cpp,5.0984979416086045e-09,0.0,0,0,0
0x4f7708,JNBE,195,0,618,6,0x4f7700,UCOMISD,1,NonLeaf,xmm5(SUBSD) xmm1(-1) ,rflags ,MOVAPD,4,UCOMISD,4,SUBSD,6,JNBE,6,UCOMISD,4,UCOMISD,4,JNBE,6,SUBSD,6,UCOMISD,4,MOVAPD,4,0,0,0,0,0,CALL,0,1,1,0,0,0,JA,0,0,5207802,5208434,5207822,0,0,1,0,cpp,5.0984979416086045e-09,0.0,0,0,0
0x4f76f4,JNBE,195,0,638,6,0x4f76f0,UCOMISD,1,NonLeaf,xmm2(-1) xmm6(-1) ,rflags ,UCOMISD,4,JNBE,6,MOVAPD,4,UCOMISD,4,SUBSD,6,SUBSD,6,UCOMISD,4,MOVAPD,4,JNBE,6,UCOMISD,4,0,0,0,0,0,CALL,0,1,1,0,0,0,JA,0,0,5207792,5208434,5207802,0,0,1,0,cpp,5.0984979416086045e-09,0.0,0,0,0
0x4f76ea,JNBE,195,0,648,6,0x4f76e2,UCOMISD,1,NonLeaf,xmm6(SUBSD) xmm1(-1) ,rflags ,MOVAPD,4,UCOMISD,4,SUBSD,6,JNBE,6,UCOMISD,4,UCOMISD,4,JNBE,6,SUBSD,6,UCOMISD,4,MOVAPD,4,0,0,0,0,0,CALL,0,1,1,0,0,0,JA,0,0,5207772,5208434,5207792,0,0,1,0,cpp,5.0984979416086045e-09,0.0,0,0,0
0x4f76d6,JNBE,195,0,668,6,0x4f76d2,UCOMISD,1,NonLeaf,xmm2(-1) xmm0(-1) ,rflags ,UCOMISD,4,JNBE,6,UCOMISD,4,SUBSD,6,MOVAPD,5,SUBSD,6,UCOMISD,4,MOVAPD,4,JNBE,6,UCOMISD,4,0,0,0,0,0,CALL,0,1,1,0,0,0,JA,0,0,5207762,5208434,5207772,0,0,1,0,cpp,5.0984979416086045e-09,0.0,0,0,0
0x4f76cc,JNBE,195,0,678,6,0x4f76c8,UCOMISD,1,NonLeaf,xmm0(SUBSD) xmm1(-1) ,rflags ,UCOMISD,4,SUBSD,6,MOVAPD,5,JNBE,6,UCOMISD,4,UCOMISD,4,JNBE,6,SUBSD,6,UCOMISD,4,MOVAPD,4,0,0,0,0,0,CALL,0,1,1,0,0,0,JA,0,0,5207741,5208434,5207762,0,0,1,0,cpp,5.0984979416086045e-09,0.0,0,0,0
0x4f76b7,JNBE,195,0,699,6,0x4f76b3,UCOMISD,1,NonLeaf,xmm2(-1) xmm0(-1) ,rflags ,UCOMISD,4,JNBE,6,UCOMISD,4,SUBSD,8,MOVSD_XMM,8,MOVAPD,5,SUBSD,6,UCOMISD,4,JNBE,6,UCOMISD,4,0,0,0,0,0,CALL,0,1,1,0,0,0,JA,0,0,5207731,5208434,5207741,0,0,1,0,cpp,5.0984979416086045e-09,0.0,0,0,0
0x4f76ad,JNBE,195,0,709,6,0x4f76a9,UCOMISD,1,NonLeaf,xmm0(SUBSD) xmm1(-1) ,rflags ,UCOMISD,4,SUBSD,8,MOVSD_XMM,8,JNZ,6,TEST,2,UCOMISD,4,JNBE,6,MOVAPD,5,SUBSD,6,UCOMISD,4,0,0,0,0,0,CALL,0,1,1,0,0,0,JA,0,0,5207705,5208434,5207731,0,0,1,0,cpp,5.0984979416086045e-09,0.0,0,0,0
0x4f7693,JNZ,195,0,709,6,0x4f7691,TEST,1,NonLeaf,edx(-1) edx(-1) ,rflags ,TEST,2,JNZ,6,CMP,3,MOV,3,JNBE,6,MOVSD_XMM,8,SUBSD,8,UCOMISD,4,JNBE,6,UCOMISD,4,0,1,0,0,0,JA,0,0,1,0,0,0,JA,0,0,5207697,5208408,5207705,0,0,0,0,cpp,5.0984979416086045e-09,0.0,0,0,0
0x4f768b,JNZ,455,260,-1331,6,0x4f7688,CMP,1,NonLeaf,eax(MOV) rbx(-1) ,rflags ,CMP,3,MOV,3,JNBE,6,UCOMISD,4,JNBE,6,TEST,2,JNZ,6,MOVSD_XMM,8,SUBSD,8,UCOMISD,4,0,0,1,0,0,JNE,0,0,1,0,0,0,JNE,0,0,5207685,5206360,5207697,0,0,0,0,cpp,1.1896495197086744e-08,0.5714285714285714,1,0,1
0x4f767f,JNBE,455,0,755,6,0x4f767b,UCOMISD,1,NonLeaf,xmm2(-1) xmm0(-1) ,rflags ,UCOMISD,4,JNBE,6,UCOMISD,4,SUBSD,5,ADDSD,5,MOV,3,CMP,3,JNZ,6,TEST,2,JNZ,6,0,0,0,0,0,CALL,0,1,1,0,0,0,JNE,0,0,5207675,5208434,5207685,0,0,1,0,cpp,1.1896495197086744e-08,0.0,0,0,0
0x4f7675,JNBE,455,0,765,6,0x4f7671,UCOMISD,1,NonLeaf,xmm0(SUBSD) xmm1(-1) ,rflags ,UCOMISD,4,SUBSD,5,ADDSD,5,MOVSD_XMM,9,MOVSD_XMM,6,UCOMISD,4,JNBE,6,MOV,3,CMP,3,JNZ,6,0,0,0,0,0,CALL,0,1,1,0,0,0,JA,0,0,5207594,5208434,5207675,0,0,1,0,cpp,1.1896495197086744e-08,0.0,0,0,0
0x5ae7e9,JZ,12700,0,7,2,0x5ae7e5,SHR,1,Leaf,rcx(SHR) ,rcx rflags ,SHR,4,AND,4,MOV,3,CMOVNBE,4,CMP,3,MOVSQ,3,NOP,2,SUB,3,TEST,7,JNZ,2,0,1,1,0,0,JNE,1,0,1,0,1,0,REP MOVSQ,0,0,5957584,5957616,5957611,0,1,0,1,cpp,3.320560197868169e-07,0.0,0,0,0
0x4f7624,JNBE,455,0,846,6,0x4f7620,UCOMISD,1,NonLeaf,xmm2(-1) xmm0(-1) ,rflags ,UCOMISD,4,JNBE,6,UCOMISD,4,SUBSD,5,ADDSD,4,MOVSD_XMM,5,MOVSD_XMM,8,MOVAPD,5,MOVSD_XMM,9,MOVSD_XMM,9,0,0,0,0,0,CALL,0,1,1,0,0,0,JA,0,0,5207584,5208434,5207594,0,0,1,1,cpp,1.1896495197086744e-08,0.0,0,0,0
0x4f761a,JNBE,455,0,856,6,0x4f7616,UCOMISD,1,NonLeaf,xmm0(SUBSD) xmm1(-1) ,rflags ,UCOMISD,4,SUBSD,5,ADDSD,4,MOVSD_XMM,9,ADDSD,5,UCOMISD,4,JNBE,6,MOVSD_XMM,5,MOVSD_XMM,8,MOVAPD,5,0,0,0,0,0,CALL,0,1,1,0,0,0,JA,0,0,5207488,5208434,5207584,0,0,1,0,cpp,1.1896495197086744e-08,0.0,0,0,0
0x4f75ba,JNBE,455,0,952,6,0x4f75b6,UCOMISD,1,NonLeaf,xmm2(-1) xmm0(-1) ,rflags ,UCOMISD,4,JNBE,6,UCOMISD,4,SUBSD,5,ADDSD,5,MOVSD_XMM,5,MOVSD_XMM,8,MOVAPD,5,MOVSD_XMM,9,MOVSD_XMM,8,0,0,0,0,0,CALL,0,1,1,0,0,0,JA,0,0,5207478,5208434,5207488,0,0,1,1,cpp,1.1896495197086744e-08,0.0,0,0,0
0x4f75b0,JNBE,455,0,962,6,0x4f75ac,UCOMISD,1,NonLeaf,xmm0(SUBSD) xmm1(-1) ,rflags ,UCOMISD,4,SUBSD,5,ADDSD,5,ADDSD,5,MOVSD_XMM,9,UCOMISD,4,JNBE,6,MOVSD_XMM,5,MOVSD_XMM,8,MOVAPD,5,0,0,0,0,0,CALL,0,1,1,0,0,0,JA,0,0,5207388,5208434,5207478,0,0,1,0,cpp,1.1896495197086744e-08,0.0,0,0,0
0x4f7556,JNBE,455,0,1052,6,0x4f7552,UCOMISD,1,NonLeaf,xmm2(-1) xmm0(-1) ,rflags ,UCOMISD,4,JNBE,6,UCOMISD,4,SUBSD,5,ADDSD,4,MOVSD_XMM,5,MOVSD_XMM,5,MOVAPD,5,MOVSD_XMM,9,MOVSD_XMM,8,0,0,0,0,0,CALL,0,1,1,0,0,0,JA,0,0,5207378,5208434,5207388,0,0,1,1,cpp,1.1896495197086744e-08,0.0,0,0,0
0x4f754c,JNBE,455,0,1062,6,0x4f7548,UCOMISD,1,NonLeaf,xmm0(SUBSD) xmm1(-1) ,rflags ,UCOMISD,4,SUBSD,5,ADDSD,4,MOVSD_XMM,8,MOVSD_XMM,9,UCOMISD,4,JNBE,6,MOVSD_XMM,5,MOVSD_XMM,5,MOVAPD,5,0,0,0,0,0,CALL,0,1,1,0,0,0,JA,0,0,5207290,5208434,5207378,0,0,1,0,cpp,1.1896495197086744e-08,0.0,0,0,0
0x4f74f4,JNBE,455,0,1150,6,0x4f74f0,UCOMISD,1,NonLeaf,xmm2(-1) xmm0(-1) ,rflags ,UCOMISD,4,JNBE,6,UCOMISD,4,SUBSD,5,ADDSD,5,MOVSD_XMM,5,MOVAPD,5,MOVSD_XMM,9,MOVSD_XMM,8,MOVAPD,5,0,0,0,0,0,CALL,0,1,1,0,0,0,JA,0,0,5207280,5208434,5207290,0,0,1,1,cpp,1.1896495197086744e-08,0.0,0,0,0
0x4f74ea,JNBE,455,0,1160,6,0x4f74e6,UCOMISD,1,NonLeaf,xmm0(SUBSD) xmm1(-1) ,rflags ,UCOMISD,4,SUBSD,5,ADDSD,5,MOVSD_XMM,6,ADDSD,5,UCOMISD,4,JNBE,6,MOVSD_XMM,5,MOVAPD,5,MOVSD_XMM,9,0,0,0,0,0,CALL,0,1,1,0,0,0,JA,0,0,5207196,5208434,5207280,0,0,1,0,cpp,1.1896495197086744e-08,0.0,0,0,0
0x4f7496,JNBE,455,0,1244,6,0x4f7492,UCOMISD,1,NonLeaf,xmm2(-1) xmm0(-1) ,rflags ,UCOMISD,4,JNBE,6,UCOMISD,4,SUBSD,4,ADDSD,5,MOVSD_XMM,8,MOVSD_XMM,5,MOVAPD,5,MOVSD_XMM,6,MOVSD_XMM,5,0,0,0,0,0,CALL,0,1,1,0,0,0,JA,0,0,5207186,5208434,5207196,0,0,1,1,cpp,1.1896495197086744e-08,0.0,0,0,0
0x4f748c,JNBE,455,0,1254,6,0x4f7488,UCOMISD,1,NonLeaf,xmm0(SUBSD) xmm1(-1) ,rflags ,UCOMISD,4,SUBSD,4,ADDSD,5,MOVAPD,4,ADDSD,4,UCOMISD,4,JNBE,6,MOVSD_XMM,8,MOVSD_XMM,5,MOVAPD,5,0,0,0,0,0,CALL,0,1,1,0,0,0,JA,0,0,5207112,5208434,5207186,0,0,1,0,cpp,1.1896495197086744e-08,0.0,0,0,0
0x4f7442,JNBE,455,0,1328,6,0x4f743e,UCOMISD,1,NonLeaf,xmm2(-1) xmm0(-1) ,rflags ,UCOMISD,4,JNBE,6,UCOMISD,4,SUBSD,4,ADDSD,5,MOVSD_XMM,5,MOVSD_XMM,9,MOVAPD,4,MOVSD_XMM,6,MOVSD_XMM,8,0,0,0,0,0,CALL,0,1,1,0,0,0,JA,0,0,5207102,5208434,5207112,0,0,1,1,cpp,1.1896495197086744e-08,0.0,0,0,0
0x4f7438,JNBE,455,0,1338,6,0x4f7434,UCOMISD,1,NonLeaf,xmm0(SUBSD) xmm1(-1) ,rflags ,UCOMISD,4,SUBSD,4,ADDSD,5,MOVSD_XMM,6,ADDSD,4,UCOMISD,4,JNBE,6,MOVSD_XMM,5,MOVSD_XMM,9,MOVAPD,4,0,0,0,0,0,CALL,0,1,1,0,0,0,JA,0,0,5207032,5208434,5207102,0,0,1,0,cpp,1.1896495197086744e-08,0.0,0,0,0
0x4f73f2,JNBE,455,0,1408,6,0x4f73ee,UCOMISD,1,NonLeaf,xmm2(-1) xmm0(-1) ,rflags ,UCOMISD,4,JNBE,6,UCOMISD,4,SUBSD,4,ADDSD,5,MOVSD_XMM,5,MOVSD_XMM,5,MOVSD_XMM,8,MOVAPD,4,MOVSD_XMM,9,0,0,0,0,0,CALL,0,1,1,0,0,0,JA,0,0,5207022,5208434,5207032,0,0,1,1,cpp,1.1896495197086744e-08,0.0,0,0,0
0x4f73e8,JNBE,455,0,1418,6,0x4f73e4,UCOMISD,1,NonLeaf,xmm0(SUBSD) xmm1(-1) ,rflags ,UCOMISD,4,SUBSD,4,ADDSD,5,MOVSD_XMM,6,MOVAPD,4,UCOMISD,4,JNBE,6,MOVSD_XMM,5,MOVSD_XMM,5,MOVSD_XMM,8,0,0,0,0,0,CALL,0,1,1,0,0,0,JA,0,0,5206952,5208434,5207022,0,0,1,0,cpp,1.1896495197086744e-08,0.0,0,0,0
0x4f73a2,JNBE,455,0,1488,6,0x4f739e,UCOMISD,1,NonLeaf,xmm2(-1) xmm0(-1) ,rflags ,UCOMISD,4,JNBE,6,UCOMISD,4,SUBSD,4,MOVSD_XMM,6,MOVSD_XMM,5,MOVSD_XMM,8,MOVAPD,4,MOVSD_XMM,6,MOVSD_XMM,5,0,0,0,0,0,CALL,0,1,1,0,0,0,JA,0,0,5206942,5208434,5206952,0,0,1,1,cpp,1.1896495197086744e-08,0.0,0,0,0
0x4f7398,JNBE,455,0,1498,6,0x4f7394,UCOMISD,1,NonLeaf,xmm0(SUBSD) xmm1(-1) ,rflags ,UCOMISD,4,SUBSD,4,MOVSD_XMM,6,ADDSD,5,MOVSD_XMM,6,UCOMISD,4,JNBE,6,MOVSD_XMM,5,MOVSD_XMM,8,MOVAPD,4,0,0,0,0,0,CALL,0,1,1,0,0,0,JA,0,0,5206866,5208434,5206942,0,0,1,0,cpp,1.1896495197086744e-08,0.0,0,0,0
0x4f734c,JNBE,455,0,1574,6,0x4f7348,UCOMISD,1,NonLeaf,xmm2(MOVSD_XMM) xmm0(-1) ,rflags ,UCOMISD,4,MOVSD_XMM,8,JNBE,6,UCOMISD,4,SUBSD,8,MOVSD_XMM,5,MOVSD_XMM,8,MOVSD_XMM,8,MOVAPD,4,MOVSD_XMM,6,0,0,0,0,0,CALL,0,1,1,0,0,0,JA,0,0,5206848,5208434,5206866,0,0,1,1,cpp,1.1896495197086744e-08,0.0,0,0,0
0x4f733a,JNBE,455,0,1592,6,0x4f7336,UCOMISD,1,NonLeaf,xmm0(SUBSD) xmm1(-1) ,rflags ,UCOMISD,4,SUBSD,8,MOVSD_XMM,8,JNBE,6,UCOMISD,4,MOVSD_XMM,8,UCOMISD,4,JNBE,6,MOVSD_XMM,5,MOVSD_XMM,8,0,0,0,0,0,CALL,0,1,1,0,0,0,JA,0,0,5206822,5208434,5206848,0,0,1,0,cpp,1.1896495197086744e-08,0.0,0,0,0
0x4f7320,JNBE,130,0,1618,6,0x4f731c,UCOMISD,1,NonLeaf,xmm2(-1) xmm0(-1) ,rflags ,UCOMISD,4,JNBE,6,UCOMISD,4,SUBSD,4,ADDSD,5,MOVSD_XMM,8,SUBSD,8,UCOMISD,4,JNBE,6,MOVSD_XMM,8,0,0,0,0,0,CALL,0,1,0,0,0,0,JA,0,0,5206812,5208434,5206822,0,0,1,0,cpp,3.3989986277390704e-09,0.0,0,0,0
0x4f7316,JNBE,130,0,1628,6,0x4f7312,UCOMISD,1,NonLeaf,xmm0(SUBSD) xmm1(-1) ,rflags ,UCOMISD,4,SUBSD,4,ADDSD,5,ADDSD,5,MOVSD_XMM,5,UCOMISD,4,JNBE,6,MOVSD_XMM,8,SUBSD,8,UCOMISD,4,0,0,0,0,0,CALL,0,1,1,0,0,0,JA,0,0,5206778,5208434,5206812,0,0,1,0,cpp,3.3989986277390704e-09,0.0,0,0,0
0x4f72f4,JNZ,390,260,-419,6,0x4f72f1,CMP,1,NonLeaf,rbp(-1) eax(MOV) ,rflags ,CMP,3,MOV,3,JNBE,6,UCOMISD,4,MOVSD_XMM,8,MOVSD_XMM,5,MOVSD_XMM,5,ADDSD,5,ADDSD,5,SUBSD,4,0,0,0,0,0,NOP,0,0,1,0,0,0,JA,0,0,5206766,5206353,5206778,0,0,0,0,cpp,1.0196995883217207e-08,0.6666666666666666,1,0,1
0x4f72e8,JNBE,390,0,1674,6,0x4f72e4,UCOMISD,1,NonLeaf,xmm2(MOVSD_XMM) xmm0(-1) ,rflags ,UCOMISD,4,MOVSD_XMM,8,JNBE,6,UCOMISD,4,SUBSD,5,MOV,3,CMP,3,JNZ,6,MOVSD_XMM,5,MOVSD_XMM,5,0,0,0,0,0,CALL,0,1,1,0,0,0,JNE,0,0,5206748,5208434,5206766,0,0,1,0,cpp,1.0196995883217207e-08,0.0,0,0,0
0x4f72d6,JNBE,390,0,1692,6,0x4f72d2,UCOMISD,1,NonLeaf,xmm0(SUBSD) xmm1(MOVSD_XMM) ,rflags ,UCOMISD,4,SUBSD,5,MOVSD_XMM,8,MOVSD_XMM,5,NOP,1,MOVSD_XMM,8,UCOMISD,4,JNBE,6,MOV,3,CMP,3,0,0,0,0,0,CALL,0,1,1,0,0,0,JA,0,0,5206720,5208434,5206748,0,0,1,0,cpp,1.0196995883217207e-08,0.0,0,0,0
0x4f72af,JNBE,390,0,1731,6,0x4f72ab,UCOMISD,1,NonLeaf,xmm2(-1) xmm0(-1) ,rflags ,UCOMISD,4,JNBE,6,UCOMISD,4,SUBSD,5,MOVSD_XMM,5,ADD,7,POP,1,POP,1,RET_NEAR,1,NOP,1,0,0,0,0,0,CALL,0,1,0,1,0,0,RET,0,0,5206699,5208434,5206709,0,0,1,0,cpp,1.0196995883217207e-08,0.0,0,0,0
0x4f72a5,JNBE,390,0,1741,6,0x4f72a1,UCOMISD,1,NonLeaf,xmm0(SUBSD) xmm1(-1) ,rflags ,UCOMISD,4,SUBSD,5,MOVSD_XMM,5,JNBE,6,UCOMISD,4,UCOMISD,4,JNBE,6,ADD,7,POP,1,POP,1,0,0,0,0,0,CALL,0,1,1,0,0,0,JA,0,0,5206679,5208434,5206699,0,0,1,0,cpp,1.0196995883217207e-08,0.0,0,0,0
0x4f7291,JNBE,390,0,1761,6,0x4f728d,UCOMISD,1,NonLeaf,xmm2(-1) xmm0(-1) ,rflags ,UCOMISD,4,JNBE,6,UCOMISD,4,SUBSD,5,MOVSD_XMM,5,MOVSD_XMM,5,SUBSD,5,UCOMISD,4,JNBE,6,UCOMISD,4,0,0,0,0,0,CALL,0,1,1,0,0,0,JA,0,0,5206669,5208434,5206679,0,0,1,0,cpp,1.0196995883217207e-08,0.0,0,0,0
0x4f7287,JNBE,390,0,1771,6,0x4f7283,UCOMISD,1,NonLeaf,xmm0(SUBSD) xmm1(-1) ,rflags ,UCOMISD,4,SUBSD,5,MOVSD_XMM,5,JNBE,6,UCOMISD,4,UCOMISD,4,JNBE,6,MOVSD_XMM,5,SUBSD,5,UCOMISD,4,0,0,0,0,0,CALL,0,1,1,0,0,0,JA,0,0,5206649,5208434,5206669,0,0,1,0,cpp,1.0196995883217207e-08,0.0,0,0,0
0x4f7273,JNBE,390,0,1791,6,0x4f726f,UCOMISD,1,NonLeaf,xmm2(-1) xmm0(-1) ,rflags ,UCOMISD,4,JNBE,6,UCOMISD,4,SUBSD,5,MOVSD_XMM,5,MOVSD_XMM,5,SUBSD,5,UCOMISD,4,JNBE,6,UCOMISD,4,0,0,0,0,0,CALL,0,1,1,0,0,0,JA,0,0,5206639,5208434,5206649,0,0,1,0,cpp,1.0196995883217207e-08,0.0,0,0,0
0x4f7269,JNBE,390,0,1801,6,0x4f7265,UCOMISD,1,NonLeaf,xmm0(SUBSD) xmm1(-1) ,rflags ,UCOMISD,4,SUBSD,5,MOVSD_XMM,5,JNBE,6,UCOMISD,4,UCOMISD,4,JNBE,6,MOVSD_XMM,5,SUBSD,5,UCOMISD,4,0,0,0,0,0,CALL,0,1,1,0,0,0,JA,0,0,5206619,5208434,5206639,0,0,1,0,cpp,1.0196995883217207e-08,0.0,0,0,0
0x4f7255,JNBE,390,0,1821,6,0x4f7251,UCOMISD,1,NonLeaf,xmm2(-1) xmm0(-1) ,rflags ,UCOMISD,4,JNBE,6,UCOMISD,4,SUBSD,5,MOVSD_XMM,5,MOVSD_XMM,5,SUBSD,5,UCOMISD,4,JNBE,6,UCOMISD,4,0,0,0,0,0,CALL,0,1,1,0,0,0,JA,0,0,5206609,5208434,5206619,0,0,1,0,cpp,1.0196995883217207e-08,0.0,0,0,0
0x4f724b,JNBE,390,0,1831,6,0x4f7247,UCOMISD,1,NonLeaf,xmm0(SUBSD) xmm1(-1) ,rflags ,UCOMISD,4,SUBSD,5,MOVSD_XMM,5,JNBE,6,UCOMISD,4,UCOMISD,4,JNBE,6,MOVSD_XMM,5,SUBSD,5,UCOMISD,4,0,0,0,0,0,CALL,0,1,1,0,0,0,JA,0,0,5206589,5208434,5206609,0,0,1,0,cpp,1.0196995883217207e-08,0.0,0,0,0
0x4f7237,JNBE,390,0,1851,6,0x4f7233,UCOMISD,1,NonLeaf,xmm2(-1) xmm0(-1) ,rflags ,UCOMISD,4,JNBE,6,UCOMISD,4,SUBSD,5,MOVSD_XMM,5,MOVSD_XMM,5,SUBSD,5,UCOMISD,4,JNBE,6,UCOMISD,4,0,0,0,0,0,CALL,0,1,1,0,0,0,JA,0,0,5206579,5208434,5206589,0,0,1,0,cpp,1.0196995883217207e-08,0.0,0,0,0
0x4f722d,JNBE,390,0,1861,6,0x4f7229,UCOMISD,1,NonLeaf,xmm0(SUBSD) xmm1(-1) ,rflags ,UCOMISD,4,SUBSD,5,MOVSD_XMM,5,JNBE,6,UCOMISD,4,UCOMISD,4,JNBE,6,MOVSD_XMM,5,SUBSD,5,UCOMISD,4,0,0,0,0,0,CALL,0,1,1,0,0,0,JA,0,0,5206559,5208434,5206579,0,0,1,0,cpp,1.0196995883217207e-08,0.0,0,0,0
0x4f7219,JNBE,390,0,1881,6,0x4f7215,UCOMISD,1,NonLeaf,xmm2(-1) xmm0(-1) ,rflags ,UCOMISD,4,JNBE,6,UCOMISD,4,SUBSD,5,MOVSD_XMM,5,MOVSD_XMM,5,SUBSD,5,UCOMISD,4,JNBE,6,UCOMISD,4,0,0,0,0,0,CALL,0,1,1,0,0,0,JA,0,0,5206549,5208434,5206559,0,0,1,0,cpp,1.0196995883217207e-08,0.0,0,0,0
0x4f720f,JNBE,390,0,1891,6,0x4f720b,UCOMISD,1,NonLeaf,xmm0(SUBSD) xmm1(-1) ,rflags ,UCOMISD,4,SUBSD,5,MOVSD_XMM,5,JNBE,6,UCOMISD,4,UCOMISD,4,JNBE,6,MOVSD_XMM,5,SUBSD,5,UCOMISD,4,0,0,0,0,0,CALL,0,1,1,0,0,0,JA,0,0,5206529,5208434,5206549,0,0,1,0,cpp,1.0196995883217207e-08,0.0,0,0,0
0x4f71fb,JNBE,390,0,1911,6,0x4f71f7,UCOMISD,1,NonLeaf,xmm2(-1) xmm0(-1) ,rflags ,UCOMISD,4,JNBE,6,UCOMISD,4,SUBSD,5,MOVSD_XMM,5,MOVSD_XMM,5,SUBSD,5,UCOMISD,4,JNBE,6,UCOMISD,4,0,0,0,0,0,CALL,0,1,1,0,0,0,JA,0,0,5206519,5208434,5206529,0,0,1,0,cpp,1.0196995883217207e-08,0.0,0,0,0
0x4f71f1,JNBE,390,0,1921,6,0x4f71ed,UCOMISD,1,NonLeaf,xmm0(SUBSD) xmm1(-1) ,rflags ,UCOMISD,4,SUBSD,5,MOVSD_XMM,5,JNBE,6,UCOMISD,4,UCOMISD,4,JNBE,6,MOVSD_XMM,5,SUBSD,5,UCOMISD,4,0,0,0,0,0,CALL,0,1,1,0,0,0,JA,0,0,5206499,5208434,5206519,0,0,1,0,cpp,1.0196995883217207e-08,0.0,0,0,0
0x4f71dd,JNBE,390,0,1941,6,0x4f71d9,UCOMISD,1,NonLeaf,xmm2(-1) xmm0(-1) ,rflags ,UCOMISD,4,JNBE,6,UCOMISD,4,SUBSD,5,MOVSD_XMM,5,MOVSD_XMM,5,SUBSD,5,UCOMISD,4,JNBE,6,UCOMISD,4,0,0,0,0,0,CALL,0,1,1,0,0,0,JA,0,0,5206489,5208434,5206499,0,0,1,0,cpp,1.0196995883217207e-08,0.0,0,0,0
0x4f71d3,JNBE,390,0,1951,6,0x4f71cf,UCOMISD,1,NonLeaf,xmm0(SUBSD) xmm1(-1) ,rflags ,UCOMISD,4,SUBSD,5,MOVSD_XMM,5,JNBE,6,UCOMISD,4,UCOMISD,4,JNBE,6,MOVSD_XMM,5,SUBSD,5,UCOMISD,4,0,0,0,0,0,CALL,0,1,1,0,0,0,JA,0,0,5206469,5208434,5206489,0,0,1,0,cpp,1.0196995883217207e-08,0.0,0,0,0
0x4f71b5,JNBE,390,0,1981,6,0x4f71b1,UCOMISD,1,NonLeaf,xmm0(SUBSD) xmm1(-1) ,rflags ,UCOMISD,4,SUBSD,5,MOVSD_XMM,5,JNBE,6,UCOMISD,4,UCOMISD,4,JNBE,6,MOVSD_XMM,5,SUBSD,5,UCOMISD,4,0,0,0,0,0,CALL,0,1,1,0,0,0,JA,0,0,5206439,5208434,5206459,0,0,1,0,cpp,1.0196995883217207e-08,0.0,0,0,0
0x4f71a1,JNBE,390,0,2001,6,0x4f719d,UCOMISD,1,NonLeaf,xmm2(MOVSD_XMM) xmm0(-1) ,rflags ,UCOMISD,4,MOVSD_XMM,8,JNBE,6,UCOMISD,4,SUBSD,8,MOVSD_XMM,5,SUBSD,5,UCOMISD,4,JNBE,6,UCOMISD,4,0,0,0,0,0,CALL,0,1,1,0,0,0,JA,0,0,5206421,5208434,5206439,0,0,1,0,cpp,1.0196995883217207e-08,0.0,0,0,0
0x4f718f,JNBE,390,0,2019,6,0x4f718b,UCOMISD,1,NonLeaf,xmm0(SUBSD) xmm1(-1) ,rflags ,UCOMISD,4,SUBSD,8,MOVSD_XMM,8,JNZ,6,MOVSD_XMM,8,MOVSD_XMM,8,UCOMISD,4,JNBE,6,MOVSD_XMM,5,SUBSD,5,0,0,0,0,0,CALL,0,1,1,0,0,0,JA,0,0,5206395,5208434,5206421,0,0,1,0,cpp,1.0196995883217207e-08,0.0,0,0,0
0x4f7175,JNZ,390,130,1979,6,0x4f716b,TEST,1,NonLeaf,edx(-1) edx(-1) ,rflags ,MOVSD_XMM,8,TEST,2,JNZ,6,TEST,2,MOV,3,MOVSD_XMM,8,SUBSD,8,UCOMISD,4,JNBE,6,MOVSD_XMM,8,0,1,0,0,0,JA,0,0,1,0,0,0,JA,0,0,5206379,5208368,5206395,0,0,0,0,cpp,1.0196995883217207e-08,0.3333333333333333,0,0,0
0x4f7165,JNZ,780,390,336,6,0x4f7163,TEST,1,NonLeaf,eax(MOV) eax(MOV) ,rflags ,TEST,2,MOV,3,JNZ,6,TEST,2,NOP,4,TEST,2,MOVSD_XMM,8,JNZ,6,MOVSD_XMM,8,SUBSD,8,0,0,1,0,0,RET,0,0,1,0,0,0,JNE,0,0,5206368,5206709,5206379,0,0,0,0,cpp,2.0393991766434415e-08,0.5,0,0,0
0x4f715a,JNZ,975,195,347,6,0x4f7158,TEST,1,NonLeaf,eax(-1) eax(-1) ,rflags ,TEST,2,NOP,4,MOV,3,JZ,6,MOVSD_XMM,8,MOV,3,TEST,2,JNZ,6,TEST,2,MOVSD_XMM,8,0,1,1,0,0,RET,0,0,1,0,0,0,JNE,0,0,5206360,5206709,5206368,0,0,0,0,cpp,2.5492489708043024e-08,0.2,0,0,0
0x4f714b,JZ,585,325,475,6,0x4f7140,CMP,1,NonLeaf,rbp(-1) eax(MOV) ,rflags ,MOVSD_XMM,8,CMP,3,MOV,3,JZ,6,SETZ,3,MOV,3,NOP,4,TEST,2,JNZ,6,MOV,3,0,0,0,0,0,JA,0,0,0,0,0,0,NOP,0,0,5206333,5206822,5206353,0,0,0,0,cpp,1.5295493824825815e-08,0.5555555555555556,1,0,1
0x4f7137,JZ,975,390,393,6,0x4f7131,CMP,1,NonLeaf,rbp(-1) eax(MOV) ,rflags ,SETZ,3,CMP,3,MOV,3,XOR,2,CALL_NEAR,5,MOV,3,CMP,3,MOVSD_XMM,8,JZ,6,MOV,3,0,1,0,0,0,JA,0,0,1,0,0,0,JE,0,0,5206316,5206720,5206333,0,0,0,0,cpp,2.5492489708043024e-08,0.4,0,0,0
0x4f7048,JNBE,1950,0,7,2,0x4f7044,UCOMISD,1,NonLeaf,xmm4(-1) xmm0(-1) ,rflags ,UCOMISD,4,JNBE,2,UCOMISD,4,JP,2,UCOMISD,4,ADD,4,RET_NEAR,1,MOV,5,MOV,5,CALL_NEAR,5,0,0,0,0,0,CALL,0,1,1,1,0,0,RET,0,0,5206084,5206095,5206090,0,0,1,0,cpp,5.0984979416086055e-08,0.0,0,0,0
0x4f7042,JNBE,1950,0,13,2,0x4f703e,UCOMISD,1,NonLeaf,xmm0(-1) xmm3(-1) ,rflags ,UCOMISD,4,JP,2,UCOMISD,4,SQRTSD,4,ADDSD,4,UCOMISD,4,JNBE,2,ADD,4,RET_NEAR,1,MOV,5,0,0,0,0,0,CALL,0,1,1,1,0,0,JA,0,0,5206078,5206095,5206084,0,0,1,0,cpp,5.0984979416086055e-08,0.0,0,0,0
0x4f703c,JP,1950,0,68,2,0x4f7038,UCOMISD,1,NonLeaf,xmm0(SQRTSD) xmm0(SQRTSD) ,rflags ,UCOMISD,4,SQRTSD,4,ADDSD,4,ADDSD,4,MULSD,4,UCOMISD,4,JNBE,2,UCOMISD,4,JNBE,2,ADD,4,0,1,0,0,0,CALL,0,1,1,1,0,0,JA,0,0,5206024,5206144,5206078,0,0,1,0,cpp,5.0984979416086055e-08,0.0,0,0,0
0x4f7006,JNBE,1950,0,73,2,0x4f7002,UCOMISD,1,NonLeaf,xmm4(-1) xmm0(-1) ,rflags ,UCOMISD,4,JNBE,2,UCOMISD,4,JP,6,UCOMISD,4,MOVSD_XMM,8,MOVSD_XMM,8,MULSD,4,MULSD,4,MOVSD_XMM,8,0,0,0,0,0,CALL,0,1,1,1,0,0,JP,0,0,5206018,5206095,5206024,0,0,1,0,cpp,5.0984979416086055e-08,0.0,0,0,0
0x4f7000,JNBE,1950,0,79,2,0x4f6ffc,UCOMISD,1,NonLeaf,xmm0(-1) xmm3(-1) ,rflags ,UCOMISD,4,JP,6,UCOMISD,4,SQRTSD,4,ADDSD,4,UCOMISD,4,JNBE,2,MOVSD_XMM,8,MOVSD_XMM,8,MULSD,4,0,0,0,0,0,CALL,0,1,1,1,0,0,JA,0,0,5206012,5206095,5206018,0,0,1,0,cpp,5.0984979416086055e-08,0.0,0,0,0
0x4f6ff6,JP,1950,0,173,6,0x4f6ff2,UCOMISD,1,NonLeaf,xmm0(SQRTSD) xmm0(SQRTSD) ,rflags ,UCOMISD,4,SQRTSD,4,ADDSD,4,ADDSD,4,MULSD,4,UCOMISD,4,JNBE,2,UCOMISD,4,JNBE,2,MOVSD_XMM,8,0,1,0,0,0,CALL,0,1,1,1,0,0,JA,0,0,5205954,5206179,5206012,0,0,1,0,cpp,5.0984979416086055e-08,0.0,0,0,0
0x4f6fbc,JNBE,1950,0,147,6,0x4f6fb8,UCOMISD,1,NonLeaf,xmm4(MOVSD_XMM) xmm0(-1) ,rflags ,UCOMISD,4,MOVSD_XMM,8,JNBE,6,UCOMISD,4,MOVSD_XMM,8,MOVSD_XMM,8,MOVSD_XMM,8,MULSD,4,MULSD,4,MOVSD_XMM,8,0,0,0,0,0,CALL,0,1,1,1,0,0,JP,0,0,5205936,5206095,5205954,0,0,1,0,cpp,5.0984979416086055e-08,0.0,0,0,0
0x4f6faa,JNBE,1950,0,165,6,0x4f6fa6,UCOMISD,1,NonLeaf,xmm0(-1) xmm3(MOVSD_XMM) ,rflags ,UCOMISD,4,MOVSD_XMM,8,JP,6,UCOMISD,4,SQRTSD,4,MOVSD_XMM,8,UCOMISD,4,JNBE,6,MOVSD_XMM,8,MOVSD_XMM,8,0,1,0,0,0,CALL,0,1,1,1,0,0,JA,0,0,5205918,5206095,5205936,0,0,1,0,cpp,5.0984979416086055e-08,0.0,0,0,0
0x4f6f98,JP,1950,0,208,6,0x4f6f94,UCOMISD,1,NonLeaf,xmm0(SQRTSD) xmm0(SQRTSD) ,rflags ,UCOMISD,4,SQRTSD,4,ADDSD,4,ADDSD,4,MULSD,4,MOVSD_XMM,8,UCOMISD,4,JNBE,6,MOVSD_XMM,8,UCOMISD,4,0,1,0,0,0,CALL,0,1,1,1,0,0,JA,0,0,5205856,5206120,5205918,0,0,1,0,cpp,5.0984979416086055e-08,0.0,0,0,0
0x4f6a4b,JNZ,2730,2340,-43,2,0x4f6a48,CMP,1,NonLeaf,ebp(-1) ,rflags ,CMP,3,CALL_NEAR,5,ADD,4,ADD,3,MOV,5,MOVSD_XMM,10,MOV,3,MOV,5,MOVSD_XMM,10,MOV,5,0,0,0,1,1,CALL,0,1,1,1,0,0,CALL,1,1,5204552,5204512,5204557,1,0,1,1,cpp,7.137897118252048e-08,0.8571428571428571,1,1,1
0x4f695d,JZ,1,1,-78,2,0x4f695b,TEST,1,NonLeaf,eax(MOVSX) eax(MOVSX) ,rflags ,TEST,2,MOVSX,3,SUB,2,SETB,3,SETNBE,3,MOV,5,CALL_NEAR,5,MOV,5,JMP,2,MOV,5,0,0,1,0,0,RET,0,0,0,0,0,0,CALL,0,1,5204304,5204239,5204319,0,0,0,1,cpp,2.6146143290300536e-11,1.0,1,1,1
0x4f693d,JZ,1,0,34,2,0x4f693a,TEST,1,NonLeaf,rax(-1) rax(-1) ,rflags ,TEST,3,CALL_NEAR,5,MOV,5,MOV,3,LEA,5,LEA,5,MOV,5,MOV,5,CMPSB,2,SETNBE,3,0,1,0,0,0,CALL,1,1,1,0,0,0,MOV,0,0,5204282,5204319,5204287,0,0,1,0,cpp,2.6146143290300536e-11,0.0,0,0,0
0x4f68e5,JZ,144,144,-53,2,0x4f68e3,TEST,1,NonLeaf,eax(-1) eax(-1) ,rflags ,TEST,2,CALL_NEAR,5,ADD,3,SUB,3,MOV,3,MOV,5,CALL_NEAR,5,MOV,5,JMP,2,NOP,8,0,1,0,0,0,JLE,0,0,1,0,0,0,CALL,1,1,5204195,5204144,5204199,0,0,0,1,cpp,3.765044633803277e-09,1.0,1,0,1
0x4f68bc,JLE,144,1,108,2,0x4f68b7,CMP,1,NonLeaf,r12(-1) eax(LEA) ,rflags ,CMP,5,ADD,4,LEA,3,JMP,2,JNLE,2,MOV,5,LEA,8,MOV,3,MOV,3,SHL,4,0,0,0,0,0,CALL,1,1,1,0,0,0,MOV,0,0,5204144,5204264,5204158,0,0,1,0,cpp,3.765044633803277e-09,0.0069444444444444,0,0,0
0x4f68ac,JNLE,1,1,23,2,0x4f68aa,TEST,1,NonLeaf,eax(MOV) eax(MOV) ,rflags ,TEST,2,MOV,5,XOR,2,MOV,5,JNZ,2,JMP,2,LEA,3,ADD,4,CMP,5,JLE,2,0,1,0,1,0,CALL,0,1,1,0,0,0,JMP,0,0,5204126,5204163,5204142,0,0,1,0,cpp,2.6146143290300536e-11,1.0,1,0,1
0x4f689c,JNZ,144,143,-20,2,0x4f6898,CMP,1,NonLeaf,rbx(SUB) ,rflags ,CMP,4,ADD,4,SUB,4,CALL_NEAR,5,MOV,3,MOV,5,XOR,2,MOV,5,TEST,2,JNLE,2,0,0,0,1,1,CALL,0,1,0,1,0,0,JG,1,0,5204112,5204104,5204126,0,0,1,1,cpp,3.765044633803277e-09,0.9930555555555556,1,1,1
0x4f6880,JZ,1,0,30,2,0x4f687c,CMP,1,NonLeaf,rbx(LEA) ,rflags ,CMP,4,MOV,3,LEA,4,MOV,3,MOV,5,NOP,6,MOV,3,CALL_NEAR,5,SUB,4,ADD,4,0,1,1,0,0,JG,0,0,1,0,0,0,NOP,0,0,5204069,5204126,5204098,0,0,1,0,cpp,2.6146143290300536e-11,0.0,0,0,0
0x4f6849,JNBE,1,0,23,2,0x4f6846,CMP,1,NonLeaf,rcx(MOV) rax(MOV) ,rflags ,CMP,3,MOV,10,MOV,4,MOV,3,MOV,7,MOV,3,MOV,3,SHL,4,SHL,4,SUB,3,0,1,1,0,0,CALL,0,1,1,0,0,0,ADD,0,0,5204009,5204064,5204043,0,0,1,0,cpp,2.6146143290300536e-11,0.0,0,0,0
0x4f6823,JNZ,1,0,333,6,0x4f6820,CMP,1,NonLeaf,eax(-1) ,rflags ,CMP,3,CALL_NEAR,5,MOV,3,MOV,5,XOR,2,MOVSXD,5,MOV,7,MOV,3,MOV,4,MOV,10,0,1,0,0,0,CALL,1,1,1,0,0,0,JA,0,0,5204000,5204336,5204009,0,0,1,1,cpp,2.6146143290300536e-11,0.0,0,0,0
0x4f6806,JNZ,1,0,250,6,0x4f6804,CMPSB,0,NonLeaf,rsi(-1) rdi(-1) rcx(-1) rflags(-1) ,rsi rdi rcx rflags ,CMPSB,2,MOV,5,MOV,5,LEA,5,JZ,6,LEA,5,XOR,2,MOV,5,MOV,3,CALL_NEAR,5,0,0,0,0,0,CALL,1,1,1,0,0,0,CALL,0,1,5203974,5204224,5203980,0,0,1,1,cpp,2.6146143290300536e-11,0.0,0,0,0
0x4f67ef,JZ,1,0,273,6,0x4f67ec,TEST,1,NonLeaf,rax(-1) rax(-1) ,rflags ,TEST,3,CALL_NEAR,5,LEA,5,SUB,7,PUSH,1,LEA,5,MOV,5,MOV,5,CMPSB,2,JNZ,6,0,1,0,0,0,CALL,1,1,1,0,0,0,MOV,0,0,5203948,5204224,5203957,0,0,1,0,cpp,2.6146143290300536e-11,0.0,0,0,0
0x4f676f,JP,390,0,40,2,0x4f676b,UCOMISD,1,NonLeaf,xmm1(SQRTSD) xmm1(SQRTSD) ,rflags ,UCOMISD,4,SQRTSD,4,DIVSD,4,MOVSD_XMM,8,MOVSD_XMM,8,MOVSD_XMM,8,ADD,4,POP,1,POP,1,POP,2,0,1,0,0,0,CALL,0,1,1,1,0,0,RET,0,0,5203795,5203863,5203825,0,0,1,1,cpp,1.0196995883217207e-08,0.0,0,0,0
0x4f6751,JP,390,0,81,2,0x4f674d,UCOMISD,0,NonLeaf,xmm1(-1) xmm1(-1) ,rflags ,UCOMISD,4,SQRTSD,4,DIVSD,4,MOVSD_XMM,8,CVTSI2SD,4,MOVSD_XMM,8,MOVSD_XMM,8,DIVSD,4,SQRTSD,4,UCOMISD,4,0,1,0,0,0,CALL,0,1,1,1,0,0,JP,0,0,5203761,5203874,5203795,0,1,1,1,cpp,1.0196995883217207e-08,0.0,0,0,0
0x4f672f,JP,390,0,92,2,0x4f672b,UCOMISD,1,NonLeaf,xmm0(SQRTSD) xmm0(SQRTSD) ,rflags ,UCOMISD,4,SQRTSD,5,DIVSD,5,CVTSI2SD,4,MOVSD_XMM,8,MOVSD_XMM,8,CVTSI2SD,4,MOVSD_XMM,8,DIVSD,4,SQRTSD,4,0,1,0,0,0,CALL,0,1,1,1,0,0,JP,0,0,5203741,5203851,5203761,0,1,1,1,cpp,1.0196995883217207e-08,0.0,0,0,0
0x4f66fe,JNZ,35967360,35966970,-294,6,0x4f66e4,CMP,1,NonLeaf,rcx(ADD) rsi(-1) ,rflags ,MOVSD_XMM,5,ADDSD,5,ADDSD,4,ADDSD,5,MULSD,4,MOVSD_XMM,9,MOVSD_XMM,8,MOVSD_XMM,8,CVTSI2SD,4,DIVSD,5,1,1,0,0,0,ADD,0,0,1,1,0,0,MOVSD,1,0,5203420,5203416,5203716,1,0,0,1,cpp,0.0009404077483338,0.9999891568355308,1,1,1
0x4f657c,JLE,390,0,520,6,0x4f650e,TEST,1,NonLeaf,edi(MOV) edi(MOV) ,rflags ,MOVSD_XMM,9,MOVSD_XMM,9,MOVSD_XMM,9,MOVSD_XMM,9,MOVSD_XMM,9,MOV,4,LEA,3,MOVSD_XMM,7,MOV,4,MOVAPD,5,0,1,0,0,0,JMP,0,0,1,0,0,0,JMP,0,0,5203207,5203844,5203330,0,0,0,1,cpp,1.0196995883217207e-08,0.0,0,0,0
0x4f6505,JNZ,8190,7800,-21,2,0x4f64ff,CMP,1,NonLeaf,rax(ADD) ,rflags ,CMP,6,ADD,4,MOVSD_XMM,6,MOVSD_XMM,5,NOP,9,MOV,2,XORPD,5,TEST,2,MOVSD_XMM,9,MOVSD_XMM,9,1,1,1,1,1,JNE,0,0,1,1,0,0,JLE,1,0,5203184,5203184,5203207,1,0,1,1,cpp,2.141369135475614e-07,0.9523809523809524,1,1,1
0x4f64df,JNLE,56160,55770,-31,2,0x4f64db,CMP,1,NonLeaf,r13(-1) ebp(-1) ,rflags ,CMP,4,CALL_NEAR,5,ADD,4,ADD,3,MOV,4,MOV,4,XOR,2,NOP,9,MOVSD_XMM,5,MOVSD_XMM,6,0,0,0,1,1,CALL,0,1,0,1,0,0,NOP,1,0,5203163,5203136,5203169,1,0,1,0,cpp,1.4683674071832785e-06,0.9930555555555556,1,1,1
0x4f64b6,JLE,390,0,43,2,0x4f64b4,TEST,1,NonLeaf,eax(MOV) eax(MOV) ,rflags ,TEST,2,MOV,3,MOV,3,MOV,3,MOV,3,XOR,3,XOR,2,NOP,3,MOV,3,ADD,4,0,1,1,0,0,NOP,0,0,1,0,0,0,NOP,0,0,5203088,5203169,5203128,0,0,0,0,cpp,1.0196995883217207e-08,0.0,0,0,0
0x4f644a,JZ,390,390,5,2,0x4f6447,AND,1,NonLeaf,edx(AND) ,edx rflags ,AND,3,MOV,4,ADD,4,XOR,2,JZ,2,MOV,3,POP,1,POP,1,POP,2,RET_NEAR,1,0,1,1,0,0,RET,0,0,1,0,0,0,MOV,0,0,5203015,5203023,5203020,0,0,0,1,cpp,1.0196995883217207e-08,1.0,1,0,1
0x4f643b,JZ,390,390,12,2,0x4f6438,TEST,1,NonLeaf,dl(-1) ,rflags ,TEST,3,ADD,4,MOV,6,JZ,2,STOSQ,3,XOR,2,ADD,4,MOV,4,AND,3,JZ,2,0,1,1,0,0,JE,0,0,1,0,0,0,MOV,0,0,5203000,5203015,5203005,1,0,0,1,cpp,1.0196995883217207e-08,1.0,1,0,1
0x4f642c,JZ,390,390,12,2,0x4f6426,TEST,0,NonLeaf,dl(-1) ,rflags ,STOSQ,3,TEST,3,SHR,3,XOR,2,MOV,2,MOV,6,ADD,4,TEST,3,JZ,2,XOR,2,0,1,1,0,0,JE,0,0,1,0,0,0,ADD,0,0,5202988,5203000,5202990,0,0,0,1,cpp,1.0196995883217207e-08,1.0,1,0,1
0x4f641d,JNZ,390,0,91,2,0x4f6419,TEST,1,NonLeaf,dil(-1) ,rflags ,TEST,4,JNZ,2,TEST,4,JNZ,2,TEST,4,MOV,2,XOR,2,SHR,3,TEST,3,STOSQ,3,0,0,0,0,0,JMP,0,0,0,1,0,0,TEST,0,0,5202969,5203064,5202975,1,0,1,0,cpp,1.0196995883217207e-08,0.0,0,0,0
0x4f6417,JNZ,390,0,78,2,0x4f6413,TEST,1,NonLeaf,dil(-1) ,rflags ,TEST,4,JNZ,2,TEST,4,MOV,5,MOV,5,TEST,4,JNZ,2,MOV,2,XOR,2,SHR,3,0,0,0,0,0,JE,0,0,0,0,0,0,JNE,0,0,5202963,5203045,5202969,1,0,1,0,cpp,1.0196995883217207e-08,0.0,0,0,0
0x4f6401,JNLE,56160,55770,-25,2,0x4f63fc,CMP,1,NonLeaf,r12(-1) ebx(-1) ,rflags ,CMP,5,CALL_NEAR,5,ADD,4,ADD,3,ADD,5,MOV,5,MOV,5,TEST,4,JNZ,2,TEST,4,0,0,0,1,1,CALL,0,1,0,1,0,0,JNE,1,0,5202940,5202920,5202947,1,0,1,0,cpp,1.4683674071832785e-06,0.9930555555555556,1,1,1
0x4f63dc,JLE,390,0,39,2,0x4f63da,TEST,1,NonLeaf,esi(MOV) esi(MOV) ,rflags ,TEST,2,MOV,3,PUSH,1,PUSH,1,MOV,3,XOR,2,XOR,2,NOP,6,MOV,3,ADD,5,0,1,1,0,0,JNE,0,0,1,0,0,0,NOP,0,0,5202896,5202947,5202910,0,0,0,0,cpp,1.0196995883217207e-08,0.0,0,0,0
0x4f63c1,JNLE,9360,9295,-25,2,0x4f63bc,CMP,1,NonLeaf,r12(-1) ebx(-1) ,rflags ,CMP,5,CALL_NEAR,5,ADD,4,ADD,3,ADD,5,POP,1,POP,1,POP,2,RET_NEAR,1,INVALID,0,0,0,0,1,1,CALL,0,1,0,1,0,0,RET,1,0,5202876,5202856,5202883,1,0,1,0,cpp,2.4472790119721304e-07,0.9930555555555556,1,1,1
0x4f63a0,JLE,65,0,35,2,0x4f639e,TEST,1,NonLeaf,eax(MOV) eax(MOV) ,rflags ,TEST,2,XOR,2,MOV,3,PUSH,1,XOR,2,NOP,6,MOV,3,ADD,5,ADD,3,ADD,4,0,1,1,0,0,RET,0,0,1,0,0,0,NOP,0,0,5202832,5202883,5202850,0,0,0,0,cpp,1.699499313869535e-09,0.0,0,0,0
0x4f637a,JZ,1,0,14,2,0x4f6377,TEST,1,NonLeaf,rdi(MOV) rdi(MOV) ,rflags ,TEST,3,MOV,5,CALL_NEAR,5,LEA,4,JNZ,2,POP,1,POP,1,POP,2,JMP,5,NOP,3,0,1,0,0,0,RET,0,0,1,0,0,0,JMP,0,0,5202802,5202824,5202812,0,0,0,0,cpp,2.6146143290300536e-11,0.0,0,0,0
0x4f6367,JNZ,144,143,-23,2,0x4f6364,CMP,1,NonLeaf,rax(MOV) rbp(-1) ,rflags ,CMP,3,MOV,5,CALL_NEAR,5,SUB,4,MOV,3,LEA,4,CALL_NEAR,5,MOV,5,TEST,3,JZ,2,0,0,0,1,1,CALL,0,1,0,1,0,0,CALL,1,1,5202783,5202768,5202793,0,0,1,1,cpp,3.765044633803277e-09,0.9930555555555556,1,1,1
0x4f6349,JZ,1,0,32,2,0x4f6346,CMP,1,NonLeaf,rax(-1) rbx(ADD) ,rflags ,CMP,3,ADD,3,SUB,3,SHL,4,LEA,8,SUB,4,NOP,1,MOV,3,MOV,3,SUB,4,0,1,1,0,0,CALL,0,1,1,0,0,0,NOP,0,0,5202736,5202793,5202763,0,1,1,0,cpp,2.6146143290300536e-11,0.0,0,0,0
0x4f62b5,JZ,144,144,-86,2,0x4f62b3,TEST,1,NonLeaf,eax(MOVSX) eax(MOVSX) ,rflags ,TEST,2,MOVSX,3,SUB,2,SETB,3,SETNBE,3,MOV,5,CALL_NEAR,5,MOV,5,JMP,2,MOV,5,0,0,1,0,0,RET,0,0,0,0,0,0,CALL,0,1,5202600,5202527,5202615,0,0,0,1,cpp,3.765044633803277e-09,1.0,1,1,1
0x4f6292,JZ,144,0,37,2,0x4f628f,TEST,1,NonLeaf,rax(-1) rax(-1) ,rflags ,TEST,3,CALL_NEAR,5,MOV,5,LEA,8,MOV,5,LEA,8,MOV,5,MOV,5,CMPSB,2,SETNBE,3,0,1,0,0,0,CALL,1,1,1,0,0,0,MOV,0,0,5202575,5202615,5202580,0,0,1,0,cpp,3.765044633803277e-09,0.0,0,0,0
0x4f6232,JZ,92224,92224,-458,6,0x4f622f,CMP,1,NonLeaf,eax(-1) ,rflags ,CMP,3,CALL_NEAR,5,XOR,2,MOV,4,MOV,12,MOV,5,CALL_NEAR,5,MOV,5,JMP,2,NOP,7,0,1,0,0,0,JLE,0,0,1,0,0,0,CALL,1,1,5202479,5202024,5202488,0,0,1,1,cpp,2.4113019188046767e-06,1.0,1,0,1
0x4f6159,JLE,92224,144,287,6,0x4f6156,CMP,1,NonLeaf,rbx(-1) r13d(ADD) ,rflags ,CMP,3,MOV,3,MOV,7,MOV,3,OR,2,LEA,8,MOV,5,LEA,8,LEA,8,LEA,8,0,0,0,0,0,CALL,1,1,0,0,1,1,CALL,0,1,5202024,5202552,5202271,0,0,1,1,cpp,2.4113019188046767e-06,0.001561415683553,0,0,0
0x4f6032,JNZ,92224,92080,-26,2,0x4f602e,CMP,1,NonLeaf,rcx(SUB) ,rflags ,CMP,4,MOVSD_XMM,5,MOVSD_XMM,5,ADD,4,MOVSD_XMM,4,MOV,3,MOV,4,TEST,3,JLE,6,XOR,3,1,1,1,1,1,JNE,0,0,0,1,0,0,JLE,1,0,5201944,5201944,5201972,1,0,1,1,cpp,2.4113019188046767e-06,0.9984385843164468,1,1,1
0x4f6011,JZ,144,0,35,2,0x4f5fff,TEST,1,NonLeaf,rbp(-1) rbp(-1) ,rflags ,MOVSD_XMM,8,MOV,3,LEA,4,TEST,3,CALL_NEAR,5,NOP,5,SUB,4,MOVSD_XMM,4,ADD,4,MOVSD_XMM,5,0,1,1,0,0,JLE,1,0,1,0,0,0,NOP,0,0,5201919,5201972,5201939,0,0,1,0,cpp,3.765044633803277e-09,0.0,0,0,0
0x4f5fef,JNBE,144,0,11,2,0x4f5fec,CMP,1,NonLeaf,rbp(MOVSXD) rax(MOV) ,rflags ,CMP,3,MOV,7,MOV,10,MOV,4,MOVSXD,3,LEA,5,SHL,4,CALL_NEAR,5,TEST,3,LEA,4,0,1,1,0,0,CALL,0,1,1,0,0,0,SHL,0,0,5201876,5201914,5201905,0,0,1,0,cpp,3.765044633803277e-09,0.0,0,0,0
0x4f5fd2,JNZ,92224,92080,-26,2,0x4f5fce,CMP,1,NonLeaf,rcx(SUB) ,rflags ,CMP,4,MOVSD_XMM,5,MOVSD_XMM,5,ADD,4,MOVSD_XMM,4,MOVSXD,3,MOV,4,MOV,10,MOV,7,CMP,3,1,1,1,1,1,JNE,0,0,0,1,0,0,JA,1,0,5201848,5201848,5201876,1,0,1,1,cpp,2.4113019188046767e-06,0.9984385843164468,1,1,1
0x4f5fb1,JZ,144,0,35,2,0x4f5f9f,TEST,1,NonLeaf,rbp(-1) rbp(-1) ,rflags ,MOVSD_XMM,8,MOV,3,LEA,4,TEST,3,CALL_NEAR,5,NOP,5,SUB,4,MOVSD_XMM,4,ADD,4,MOVSD_XMM,5,0,1,1,0,0,JA,1,0,1,0,0,0,NOP,0,0,5201823,5201876,5201843,0,0,1,0,cpp,3.765044633803277e-09,0.0,0,0,0
0x4f5f8f,JNBE,144,0,11,2,0x4f5f8c,CMP,1,NonLeaf,rbp(MOVSXD) rax(MOV) ,rflags ,CMP,3,MOV,7,MOV,10,MOV,4,MOVSXD,3,LEA,5,SHL,4,CALL_NEAR,5,TEST,3,LEA,4,0,1,1,0,0,CALL,0,1,1,0,0,0,SHL,0,0,5201780,5201818,5201809,0,0,1,0,cpp,3.765044633803277e-09,0.0,0,0,0
0x4f5f72,JNZ,92224,92080,-26,2,0x4f5f6e,CMP,1,NonLeaf,rcx(SUB) ,rflags ,CMP,4,MOVSD_XMM,5,MOVSD_XMM,5,ADD,4,MOVSD_XMM,4,MOVSXD,3,MOV,4,MOV,10,MOV,7,CMP,3,1,1,1,1,1,JNE,0,0,0,1,0,0,JA,1,0,5201752,5201752,5201780,1,0,1,1,cpp,2.4113019188046767e-06,0.9984385843164468,1,1,1
0x4f5f51,JZ,144,0,35,2,0x4f5f3f,TEST,1,NonLeaf,rbp(-1) rbp(-1) ,rflags ,MOVSD_XMM,8,MOV,3,LEA,4,TEST,3,CALL_NEAR,5,NOP,5,SUB,4,MOVSD_XMM,4,ADD,4,MOVSD_XMM,5,0,1,1,0,0,JA,1,0,1,0,0,0,NOP,0,0,5201727,5201780,5201747,0,0,1,0,cpp,3.765044633803277e-09,0.0,0,0,0
0x4f5f2f,JNBE,144,0,11,2,0x4f5f2c,CMP,1,NonLeaf,rbp(MOVSXD) rax(MOV) ,rflags ,CMP,3,MOV,3,MOV,10,MOV,4,MOVSXD,3,LEA,5,SHL,4,CALL_NEAR,5,TEST,3,LEA,4,0,1,1,0,0,CALL,0,1,1,0,0,0,SHL,0,0,5201688,5201722,5201713,0,0,1,0,cpp,3.765044633803277e-09,0.0,0,0,0
0x4f5eea,JNZ,92224,92080,-26,2,0x4f5ee6,CMP,1,NonLeaf,rcx(SUB) ,rflags ,CMP,4,MOVSD_XMM,5,MOVSD_XMM,5,ADD,4,MOVSD_XMM,4,MOV,4,MOVSXD,3,MOV,10,MOV,7,LEA,8,1,1,1,1,1,JNE,0,0,0,1,0,0,CALL,1,1,5201616,5201616,5201644,1,0,1,1,cpp,2.4113019188046767e-06,0.9984385843164468,1,1,1
0x4f5eca,JZ,144,0,34,2,0x4f5eb8,TEST,1,NonLeaf,rbp(-1) rbp(-1) ,rflags ,MOVSD_XMM,8,MOV,3,LEA,4,TEST,3,CALL_NEAR,5,NOP,4,SUB,4,MOVSD_XMM,4,ADD,4,MOVSD_XMM,5,0,1,1,0,0,CALL,1,1,1,0,0,0,NOP,0,0,5201592,5201644,5201612,0,0,1,0,cpp,3.765044633803277e-09,0.0,0,0,0
0x4f5e8b,JNZ,144,0,1085,6,0x4f5e88,CMP,1,NonLeaf,eax(-1) ,rflags ,CMP,3,CALL_NEAR,5,MOV,5,MOV,3,XOR,2,MOVSXD,3,MOV,10,MOV,7,MOV,3,SHL,4,0,1,0,0,0,CALL,1,1,1,0,0,0,CALL,0,1,5201544,5202632,5201553,0,0,1,1,cpp,3.765044633803277e-09,0.0,0,0,0
0x4f5e6e,JNZ,144,0,994,6,0x4f5e6c,CMPSB,0,NonLeaf,rsi(-1) rdi(-1) rcx(-1) rflags(-1) ,rsi rdi rcx rflags ,CMPSB,2,MOV,5,MOV,5,LEA,8,JZ,6,MOV,5,XOR,2,MOV,3,MOV,5,CALL_NEAR,5,0,0,0,0,0,CALL,1,1,1,0,0,0,CALL,0,1,5201518,5202512,5201524,0,0,1,1,cpp,3.765044633803277e-09,0.0,0,0,0
0x4f5e54,JZ,144,0,1020,6,0x4f5e51,TEST,1,NonLeaf,rax(-1) rax(-1) ,rflags ,TEST,3,CALL_NEAR,5,MOV,5,MOV,5,LEA,8,LEA,8,MOV,5,MOV,5,CMPSB,2,JNZ,6,0,1,0,0,0,CALL,1,1,1,0,0,0,MOV,0,0,5201489,5202512,5201498,0,0,1,0,cpp,3.765044633803277e-09,0.0,0,0,0
0x4f5d84,JLE,56160,0,140,6,0x4f5d82,TEST,1,Leaf,eax(MOV) eax(MOV) ,rflags ,TEST,2,MOV,2,INVALID,0,INVALID,0,INVALID,0,PUSH,1,MOV,4,SUB,3,MOV,4,MOV,4,0,1,1,0,0,REPZ RET,0,0,1,0,0,0,JMP,0,0,5201280,5201424,5201290,0,1,0,1,cpp,1.4683674071832785e-06,0.0,0,0,0
0x4f5d6d,JNZ,35967360,35911200,-61,2,0x4f5d6a,CMP,1,Leaf,rcx(ADD) rsi(-1) ,rflags ,CMP,3,MOV,8,MOV,8,MOV,3,MOV,8,RET_NEAR,2,INVALID,0,INVALID,0,INVALID,0,INVALID,0,1,1,0,0,0,ADD,0,0,0,1,0,0,REPZ RET,1,0,5201204,5201200,5201263,1,0,0,0,cpp,0.0009404077483338,0.9984385843164468,1,1,1
0x4f5d14,JLE,56160,0,91,2,0x4f5d12,TEST,1,Leaf,esi(MOV) esi(MOV) ,rflags ,TEST,2,MOV,2,INVALID,0,INVALID,0,INVALID,0,MOV,4,SUB,3,MOV,4,LEA,4,LEA,4,0,1,1,0,0,REPZ RET,0,0,1,0,0,0,JMP,0,0,5201168,5201263,5201174,0,1,0,0,cpp,1.4683674071832785e-06,0.0,0,0,0
0x4f5cf9,JNZ,5994560,5985200,-153,6,0x4f5cf6,CMP,1,NonLeaf,r14(-1) r13(-1) ,rflags ,CMP,3,MOVSD_XMM,5,ADDSD,5,MOV,3,MULSD,8,ADD,4,POP,1,POP,1,POP,2,POP,2,0,1,0,0,0,ADD,0,0,0,1,0,0,RET,1,0,5201121,5200992,5201151,1,0,0,0,cpp,0.0001567346247223,0.9984385843164468,1,1,1
0x4f5c3b,JLE,9360,0,196,6,0x4f5c35,TEST,1,NonLeaf,edx(MOV) edx(MOV) ,rflags ,MOV,4,TEST,2,LEA,4,MOV,2,MOV,3,MOV,4,SUB,3,MOV,4,MOV,4,LEA,4,0,1,1,0,0,RET,0,0,1,0,0,0,JMP,0,0,5200928,5201151,5200961,0,1,0,0,cpp,2.4472790119721304e-07,0.0,0,0,0
0x4f5c05,JZ,144,0,11,2,0x4f5c02,TEST,1,NonLeaf,rdi(MOV) rdi(MOV) ,rflags ,TEST,3,MOV,4,CALL_NEAR,5,JZ,2,TEST,3,POP,1,JMP,5,NOP,3,POP,1,RET_NEAR,1,0,1,0,0,0,RET,0,0,1,0,0,0,JMP,0,0,5200894,5200912,5200903,0,0,0,0,cpp,3.765044633803277e-09,0.0,0,0,0
0x4f5bf7,JZ,144,0,7,2,0x4f5bf4,TEST,1,NonLeaf,rdi(MOV) rdi(MOV) ,rflags ,TEST,3,MOV,4,CALL_NEAR,5,JZ,2,TEST,3,CALL_NEAR,5,MOV,4,TEST,3,JZ,2,POP,1,0,1,1,0,0,JE,0,0,1,0,0,0,CALL,0,1,5200880,5200894,5200889,0,0,0,1,cpp,3.765044633803277e-09,0.0,0,0,0
0x4f5be9,JZ,144,0,7,2,0x4f5be6,TEST,1,NonLeaf,rdi(MOV) rdi(MOV) ,rflags ,TEST,3,MOV,4,CALL_NEAR,5,JZ,2,TEST,3,CALL_NEAR,5,MOV,4,TEST,3,JZ,2,CALL_NEAR,5,0,1,1,0,0,JE,0,0,1,0,0,0,CALL,0,1,5200866,5200880,5200875,0,0,0,1,cpp,3.765044633803277e-09,0.0,0,0,0
0x4f5bdb,JZ,144,0,7,2,0x4f5bd8,TEST,1,NonLeaf,rdi(MOV) rdi(MOV) ,rflags ,TEST,3,MOV,4,MOV,3,PUSH,1,INVALID,0,CALL_NEAR,5,MOV,4,TEST,3,JZ,2,CALL_NEAR,5,0,1,1,0,0,JE,0,0,1,0,0,0,CALL,0,1,5200848,5200866,5200861,0,0,0,1,cpp,3.765044633803277e-09,0.0,0,0,0
0x4f5a9c,JZ,11,0,-200,6,0x4f5a99,TEST,1,NonLeaf,rdi(MOV) rdi(MOV) ,rflags ,TEST,3,MOV,4,JMP,5,MOV,5,MOV,5,MOV,5,MOV,5,MOV,5,MOV,5,MOV,5,0,0,1,0,0,CMOVLE,0,0,1,0,0,0,CALL,0,1,5200533,5200340,5200546,0,0,1,1,cpp,2.8760757619330585e-10,0.0,0,0,0
0x4f5a1e,JZ,698,698,11,2,0x4f5a1b,TEST,1,NonLeaf,rbx(MOV) rax(CDQE) ,rflags ,TEST,3,CDQE,2,SUB,3,MOV,3,MOV,4,ADD,4,TEST,3,JNZ,2,ADD,3,MOV,4,0,1,1,0,0,JMP,0,0,1,0,1,0,JNE,0,0,5200385,5200425,5200416,0,1,1,0,cpp,1.8250008016629772e-08,1.0,1,0,1
0x4f59ce,JNZ,12,11,199,6,0x4f59cc,TEST,1,NonLeaf,eax(MOV) eax(MOV) ,rflags ,TEST,2,MOV,5,MOV,5,MOV,5,MOV,5,MOV,5,MOV,5,MOVSXD,3,MOV,4,MOV,4,0,1,0,0,0,JE,0,0,1,1,0,0,CMOVLE,0,0,5200304,5200533,5200340,0,0,0,1,cpp,3.1375371948360645e-10,0.9166666666666666,1,0,1
0x4f592f,JLE,698,686,445,6,0x4f592c,CMP,1,NonLeaf,r9d(LEA) edx(MOV) ,rflags ,CMP,3,LEA,4,MOV,3,MOVSXD,4,MOV,4,CVTSI2SS,4,MOV,3,MOV,5,MOV,5,MOV,5,0,1,0,0,0,JMP,0,0,1,0,0,0,CALL,0,1,5200143,5200620,5200181,0,1,1,1,cpp,1.8250008016629772e-08,0.982808022922636,1,0,1
0x4f57b5,JZ,1,1,-158,6,0x4f57b3,TEST,1,NonLeaf,eax(MOVSX) eax(MOVSX) ,rflags ,TEST,2,MOVSX,3,SUB,2,SETB,3,SETNBE,3,MOV,5,CALL_NEAR,5,MOV,5,JMP,5,NOP,1,0,0,1,0,0,RET,0,0,0,0,0,0,CALL,0,1,5199784,5199639,5199803,0,0,0,1,cpp,2.6146143290300536e-11,1.0,1,1,1
0x4f5792,JZ,1,0,41,2,0x4f578f,TEST,1,NonLeaf,rax(-1) rax(-1) ,rflags ,TEST,3,CALL_NEAR,5,MOV,5,MOV,3,LEA,8,LEA,8,MOV,5,MOV,5,CMPSB,2,SETNBE,3,0,1,0,0,0,CALL,1,1,1,0,0,0,MOV,0,0,5199759,5199803,5199764,0,0,1,0,cpp,2.6146143290300536e-11,0.0,0,0,0
0x4f5774,JNLE,92224,92223,-404,6,0x4f5770,CMP,1,NonLeaf,r14(-1) eax(LEA) ,rflags ,CMP,4,ADD,4,LEA,4,JNZ,6,CMPSB,2,LEA,8,MOV,3,MOV,5,CALL_NEAR,5,TEST,3,0,0,0,1,1,CALL,0,1,0,0,0,0,CALL,1,1,5199720,5199328,5199738,0,0,1,1,cpp,2.4113019188046767e-06,0.9999891568355308,1,1,1
0x4f5762,JNZ,92224,0,726,6,0x4f5760,CMPSB,0,NonLeaf,rsi(-1) rdi(-1) rcx(-1) rflags(-1) ,rsi rdi rcx rflags ,CMPSB,2,MOV,5,MOV,5,LEA,8,JZ,6,LEA,4,ADD,4,CMP,4,JNLE,6,LEA,8,0,0,0,0,0,CALL,1,1,1,0,0,0,JG,0,0,5199714,5200440,5199720,0,0,1,0,cpp,2.4113019188046767e-06,0.0,0,0,0
0x4f56f0,JZ,708430,708430,-48,2,0x4f56ed,CMP,1,NonLeaf,eax(-1) ,rflags ,CMP,3,CALL_NEAR,5,MOV,8,MOV,3,MOV,5,MOV,5,CALL_NEAR,5,MOV,5,JMP,2,NOP,5,0,1,0,0,0,JLE,0,0,1,0,0,0,CALL,1,1,5199597,5199552,5199602,0,0,1,1,cpp,1.852271229114761e-05,1.0,1,0,1
0x4f56cf,JLE,708430,92224,97,2,0x4f56cc,CMP,1,NonLeaf,r12d(-1) r13d(ADD) ,rflags ,CMP,3,ADD,4,MOV,4,MOV,4,NOP,4,LEA,5,XOR,2,MOV,5,MOV,3,MOV,8,0,0,0,0,0,CALL,1,1,0,0,1,1,CALL,0,1,5199552,5199664,5199569,0,0,1,1,cpp,1.852271229114761e-05,0.1301808223818867,0,0,0
0x4f56b5,JLE,92224,0,123,2,0x4f56ae,TEST,1,NonLeaf,r12d(-1) r12d(-1) ,rflags ,MOV,4,TEST,3,JNBE,6,MOV,4,CMP,4,XOR,3,JMP,2,NOP,4,MOV,4,MOV,4,0,0,0,0,0,CALL,0,1,1,0,0,0,JMP,0,0,5199534,5199664,5199543,0,0,1,0,cpp,2.4113019188046767e-06,0.0,0,0,0
0x4f56a8,JNBE,92224,698,600,6,0x4f56a0,CMP,1,NonLeaf,rax(LEA) rcx(-1) ,rflags ,MOV,4,CMP,4,LEA,4,MOVSXD,3,JNZ,2,TEST,3,MOV,4,JLE,2,XOR,3,JMP,2,0,1,0,0,0,CALL,0,1,0,1,0,0,JLE,0,0,5199513,5200128,5199534,0,0,1,1,cpp,2.4113019188046767e-06,0.0075685287994448,0,0,0
0x4f5686,JZ,92224,92224,19,2,0x4f5683,TEST,1,NonLeaf,rbx(MOV) rax(CDQE) ,rflags ,TEST,3,CDQE,2,SUB,3,MOV,4,MOV,3,NOP,8,ADD,4,TEST,3,JNZ,2,MOVSXD,3,0,1,1,0,0,JA,0,0,1,0,0,0,NOP,0,0,5199479,5199513,5199496,0,0,1,0,cpp,2.4113019188046767e-06,1.0,1,0,1
0x4f5671,JNLE,92224,0,351,6,0x4f566e,CMP,1,NonLeaf,r12d(ADD) eax(SAR) ,rflags ,CMP,3,SAR,2,ADD,2,SHR,3,MOV,2,MOV,3,MOV,4,SUB,3,CDQE,2,TEST,3,0,1,0,0,0,CALL,0,1,1,0,0,0,JE,0,0,5199448,5199824,5199479,0,0,1,0,cpp,2.4113019188046767e-06,0.0,0,0,0
0x4f5652,JNLE,92224,0,222,6,0x4f564b,CMP,1,NonLeaf,eax(MOV) r12d(MOV) ,rflags ,MOV,4,CMP,3,MOV,4,MOV,8,MOV,5,MOV,3,SUB,3,ADD,4,MOVSXD,3,MOV,2,0,1,0,0,0,CALL,0,1,1,0,0,0,JG,0,0,5199391,5199664,5199448,0,1,1,0,cpp,2.4113019188046767e-06,0.0,0,0,0
0x4f5619,JNZ,92224,0,1247,6,0x4f5616,CMP,1,NonLeaf,eax(-1) ,rflags ,CMP,3,CALL_NEAR,5,MOV,8,MOV,8,MOV,8,MOV,4,MOV,4,MOV,3,SHL,4,ADD,4,0,1,0,0,0,CALL,1,1,1,0,0,0,JG,0,0,5199382,5200632,5199391,0,0,1,1,cpp,2.4113019188046767e-06,0.0,0,0,0
0x4f55d7,JLE,1,0,419,6,0x4f55d5,TEST,1,NonLeaf,ecx(MOV) ecx(MOV) ,rflags ,TEST,2,MOV,4,MOV,4,CALL_NEAR,5,CMOVNBE,4,XOR,3,LEA,5,LEA,5,LEA,5,XOR,2,0,1,0,0,0,CALL,1,1,1,0,0,0,XOR,0,0,5199309,5199738,5199325,0,0,1,0,cpp,2.6146143290300536e-11,0.0,0,0,0
0x4f5579,JNZ,1,0,1427,6,0x4f5576,CMP,1,NonLeaf,eax(-1) ,rflags ,CMP,3,CALL_NEAR,5,MOV,3,MOV,5,XOR,2,MOVSXD,4,MOV,10,MOV,7,LEA,8,CMP,3,0,1,0,0,0,CALL,1,1,1,0,0,0,CALL,0,1,5199222,5200652,5199231,0,0,1,1,cpp,2.6146143290300536e-11,0.0,0,0,0
0x4f5559,JNZ,1,0,431,6,0x4f5557,CMPSB,0,NonLeaf,rsi(-1) rdi(-1) rcx(-1) rflags(-1) ,rsi rdi rcx rflags ,CMPSB,2,MOV,5,MOV,5,LEA,8,JZ,6,LEA,4,LEA,4,XOR,2,MOV,5,MOV,3,0,0,0,0,0,CALL,1,1,1,0,0,0,CALL,0,1,5199193,5199624,5199199,0,0,1,1,cpp,2.6146143290300536e-11,0.0,0,0,0
0x4f553f,JZ,1,0,457,6,0x4f553c,TEST,1,NonLeaf,rax(-1) rax(-1) ,rflags ,TEST,3,CALL_NEAR,5,LEA,8,SUB,7,PUSH,1,LEA,8,MOV,5,MOV,5,CMPSB,2,JNZ,6,0,1,0,0,0,CALL,1,1,1,0,0,0,MOV,0,0,5199164,5199624,5199173,0,0,1,0,cpp,2.6146143290300536e-11,0.0,0,0,0
0x4f54ef,JZ,1,0,17,2,0x4f54ec,TEST,1,NonLeaf,rdi(MOV) rdi(MOV) ,rflags ,TEST,3,MOV,4,CALL_NEAR,5,JZ,2,TEST,3,ADD,4,POP,1,POP,1,POP,2,POP,2,0,1,0,0,0,RET,0,0,1,0,0,0,JMP,0,0,5199080,5199104,5199089,0,0,0,0,cpp,2.6146143290300536e-11,0.0,0,0,0
0x4f54e1,JZ,1,0,7,2,0x4f54de,TEST,1,NonLeaf,rdi(MOV) rdi(MOV) ,rflags ,TEST,3,MOV,4,CALL_NEAR,5,MOV,3,CALL_NEAR,5,CALL_NEAR,5,MOV,4,TEST,3,JZ,2,ADD,4,0,1,1,0,0,JE,0,0,1,0,0,0,CALL,0,1,5199066,5199080,5199075,0,0,0,1,cpp,2.6146143290300536e-11,0.0,0,0,0
0x5e971f,JZ,70,0,-31,2,0x5e971c,TEST,1,NonLeaf,r8(MOV) r8(MOV) ,rflags ,TEST,3,LEA,4,LEA,8,MOVSXD,3,ADD,4,CMP,4,JZ,6,MOV,5,TZCNT,5,SUB,3,1,1,0,0,0,MOV,0,0,0,1,0,0,JE,1,0,6199043,6199040,6199073,0,0,0,0,cpp,1.8302300303210374e-09,0.0,0,1,0
0x4f54c3,JZ,1,0,7,2,0x4f54c0,TEST,1,NonLeaf,rdi(MOV) rdi(MOV) ,rflags ,TEST,3,MOV,4,JNZ,2,SUB,4,MOV,9,CALL_NEAR,5,MOV,3,CALL_NEAR,5,MOV,3,CALL_NEAR,5,0,1,1,0,0,CALL,0,1,1,0,0,0,CALL,0,1,5199036,5199050,5199045,0,0,1,1,cpp,2.6146143290300536e-11,0.0,0,0,0
0x4f54ba,JNZ,1,0,24,2,0x4f54b6,SUB,1,NonLeaf,rbp(-1) ,rflags ,SUB,4,MOV,9,JL,2,CMP,2,ADD,4,MOV,4,TEST,3,JZ,2,CALL_NEAR,5,MOV,3,0,1,1,0,0,CALL,0,1,1,0,0,0,JE,0,0,5199021,5199058,5199036,0,0,1,0,cpp,2.6146143290300536e-11,0.0,0,0,0
0x4f54ab,JL,698,697,-35,2,0x4f54a9,CMP,1,NonLeaf,eax(LEA) edx(MOV) ,rflags ,CMP,2,ADD,4,LEA,3,MOV,3,MOV,5,MOV,9,SUB,4,JNZ,2,MOV,4,TEST,3,0,0,0,1,1,JE,0,0,0,1,0,0,JNE,1,0,5199010,5198984,5199021,0,0,0,1,cpp,1.8250008016629772e-08,0.998567335243553,1,1,1
0x4f5493,JZ,698,0,15,2,0x4f5490,TEST,1,NonLeaf,rdi(MOV) rdi(MOV) ,rflags ,TEST,3,MOV,4,MOV,4,NOP,5,XOR,2,CALL_NEAR,5,MOV,5,MOV,3,LEA,3,ADD,4,1,1,1,0,0,JL,0,0,1,0,0,0,CALL,0,1,5198984,5199010,5198997,0,0,0,1,cpp,1.8250008016629772e-08,0.0,0,0,0
0x4f547f,JLE,1,0,46,2,0x4f547d,TEST,1,NonLeaf,edx(MOV) edx(MOV) ,rflags ,TEST,2,MOV,3,MOV,5,JZ,2,TEST,3,XOR,2,NOP,5,MOV,4,MOV,4,TEST,3,0,1,1,0,0,JNE,0,0,1,0,0,0,NOP,0,0,5198965,5199021,5198977,0,0,1,0,cpp,2.6146143290300536e-11,0.0,0,0,0
0x4f5473,JZ,1,0,103,2,0x4f5470,TEST,1,NonLeaf,r12(MOV) r12(MOV) ,rflags ,TEST,3,MOV,3,SUB,4,PUSH,1,PUSH,1,MOV,5,MOV,3,TEST,2,JLE,2,XOR,2,0,1,1,0,0,JE,0,0,1,0,0,0,JLE,0,0,5198944,5199066,5198965,0,0,0,0,cpp,2.6146143290300536e-11,0.0,0,0,0
0x4f5376,JZ,1,0,10,2,0x4f5373,TEST,1,Leaf,rdi(MOV) rdi(MOV) ,rflags ,TEST,3,MOV,3,INVALID,0,INVALID,0,INVALID,0,JMP,5,NOP,3,RET_NEAR,2,INVALID,0,INVALID,0,0,1,0,0,0,REPZ RET,0,0,1,0,0,0,JMP,0,0,5198704,5198720,5198712,0,0,0,0,cpp,2.6146143290300536e-11,0.0,0,0,0
0x4f5348,JZ,1,1,-89,2,0x4f5346,TEST,1,NonLeaf,eax(MOVSX) eax(MOVSX) ,rflags ,TEST,2,MOVSX,3,SUB,2,SETB,3,SETNBE,3,MOV,5,CALL_NEAR,5,MOV,5,JMP,2,MOV,5,0,0,1,0,0,RET,0,0,0,0,0,0,CALL,0,1,5198651,5198575,5198666,0,0,0,1,cpp,2.6146143290300536e-11,1.0,1,1,1
0x4f5328,JZ,1,0,34,2,0x4f5325,TEST,1,NonLeaf,rax(-1) rax(-1) ,rflags ,TEST,3,CALL_NEAR,5,MOV,5,MOV,3,LEA,5,LEA,5,MOV,5,MOV,5,CMPSB,2,SETNBE,3,0,1,0,0,0,CALL,1,1,1,0,0,0,MOV,0,0,5198629,5198666,5198634,0,0,1,0,cpp,2.6146143290300536e-11,0.0,0,0,0
0x4f530d,JL,83,82,-267,6,0x4f530b,CMP,1,NonLeaf,ebp(ADD) eax(-1) ,rflags ,CMP,2,ADD,3,NOP,7,RET_NEAR,1,POP,2,LEA,5,MOV,3,MOV,5,CALL_NEAR,5,TEST,3,0,0,0,1,1,JGE,0,0,0,0,0,0,CALL,1,1,5198600,5198338,5198611,0,0,0,1,cpp,2.1701298930949446e-09,0.9879518072289156,1,1,1
0x4f52c3,JZ,3486,3486,-179,6,0x4f52c0,CMP,1,NonLeaf,eax(-1) ,rflags ,CMP,3,CALL_NEAR,5,MOV,3,ADD,3,SHL,4,MOV,5,CALL_NEAR,5,MOV,5,JMP,2,NOP,6,0,1,0,0,0,JLE,0,0,1,0,0,0,CALL,1,1,5198528,5198352,5198537,0,0,1,1,cpp,9.11454555099877e-08,1.0,1,1,1
0x4f5267,JLE,3486,83,161,6,0x4f5265,CMP,1,NonLeaf,eax(MOV) ebx(ADD) ,rflags ,CMP,2,MOV,4,MOV,4,MOV,4,MOV,4,MOV,3,MOV,4,LEA,5,IMUL,4,LEA,5,0,0,0,0,0,JL,1,0,0,0,1,1,CALL,0,1,5198352,5198600,5198445,0,1,0,1,cpp,9.11454555099877e-08,0.0238095238095238,0,0,0
0x4f5204,JNL,83,0,260,6,0x4f5202,CMP,1,NonLeaf,ebp(-1) eax(-1) ,rflags ,CMP,2,XOR,2,JLE,6,TEST,2,MOV,4,MOV,2,JMP,2,NOP,2,MOVSD_XMM,5,ADD,3,1,1,0,0,0,JL,0,0,1,0,0,0,JMP,0,0,5198338,5198600,5198346,1,0,0,0,cpp,2.1701298930949446e-09,0.0,0,1,0
0x4f51fa,JLE,1,0,281,6,0x4f51f8,TEST,1,NonLeaf,eax(MOV) eax(MOV) ,rflags ,TEST,2,MOV,4,MOV,4,JNZ,2,TEST,2,XOR,2,CMP,2,JNL,6,MOV,2,JMP,2,0,1,0,0,0,CALL,0,1,1,0,0,0,XOR,0,0,5198320,5198611,5198336,0,0,1,0,cpp,2.6146143290300536e-11,0.0,0,0,0
0x4f51ee,JNZ,16,15,-6,2,0x4f51ec,TEST,1,NonLeaf,al(ADD) ,rflags ,TEST,2,ADD,4,NOP,3,JZ,2,MOV,3,MOV,4,MOV,4,TEST,2,JLE,6,XOR,2,1,1,1,1,1,JNE,0,0,0,1,0,0,JLE,1,0,5198312,5198312,5198320,1,1,0,1,cpp,4.183382926448086e-10,0.9375,1,1,1
0x4f51e3,JZ,1,0,13,2,0x4f51de,TEST,1,NonLeaf,al(-1) ,rflags ,MOV,3,TEST,2,CALL_NEAR,5,ADD,4,SHL,4,NOP,3,ADD,4,TEST,2,JNZ,2,MOV,4,0,1,1,0,0,JLE,1,0,1,0,0,0,NOP,0,0,5198302,5198320,5198309,1,0,1,0,cpp,2.6146143290300536e-11,0.0,0,0,0
0x4f51bf,JNZ,1,0,412,6,0x4f51bc,CMP,1,NonLeaf,eax(-1) ,rflags ,CMP,3,CALL_NEAR,5,MOV,3,MOV,5,XOR,2,MOV,4,IMUL,3,ADD,2,MOVSXD,3,SHL,4,0,1,0,0,0,CALL,1,1,1,0,0,0,CALL,0,1,5198268,5198683,5198277,0,0,1,1,cpp,2.6146143290300536e-11,0.0,0,0,0
0x4f51a3,JNZ,1,0,317,6,0x4f51a1,CMPSB,0,NonLeaf,rsi(-1) rdi(-1) rcx(-1) rflags(-1) ,rsi rdi rcx rflags ,CMPSB,2,MOV,5,MOV,5,LEA,5,JZ,6,LEA,4,XOR,2,MOV,5,MOV,3,CALL_NEAR,5,0,0,0,0,0,CALL,1,1,1,0,0,0,CALL,0,1,5198243,5198560,5198249,0,0,1,1,cpp,2.6146143290300536e-11,0.0,0,0,0
0x4f518c,JZ,1,0,340,6,0x4f5189,TEST,1,NonLeaf,rax(-1) rax(-1) ,rflags ,TEST,3,CALL_NEAR,5,LEA,5,SUB,7,PUSH,1,LEA,5,MOV,5,MOV,5,CMPSB,2,JNZ,6,0,1,0,0,0,CALL,1,1,1,0,0,0,MOV,0,0,5198217,5198560,5198226,0,0,1,0,cpp,2.6146143290300536e-11,0.0,0,0,0
0x4f4f72,JNZ,1,0,205,6,0x4f4f70,TEST,1,NonLeaf,ebp(-1) ebp(-1) ,rflags ,TEST,2,JMP,5,MOV,7,CALL_NEAR,5,MOV,3,MOVSD_XMM,8,MOV,11,MOV,11,MOV,11,MOV,11,0,1,0,0,0,CALL,0,1,1,0,0,0,JMP,0,0,5197680,5197887,5197688,0,0,1,1,cpp,2.6146143290300536e-11,0.0,0,0,0
0x4f4ef4,JZ,1,1,124,2,0x4f4ef1,TEST,1,NonLeaf,r15d(MOV) r15d(MOV) ,rflags ,TEST,3,MOV,7,JMP,5,CALL_NEAR,5,MOV,5,MOVSD_XMM,8,MOV,11,MOV,11,MOV,11,MOV,11,0,1,0,0,0,JNE,0,0,1,0,0,0,JMP,0,0,5197546,5197680,5197558,0,0,0,1,cpp,2.6146143290300536e-11,1.0,1,0,1
0x4f4d1f,JZ,1,1,459,6,0x4f4d1d,TEST,1,NonLeaf,eax(MOV) eax(MOV) ,rflags ,TEST,2,MOV,6,JMP,5,MOVSD_XMM,7,MOVSD_XMM,7,MOV,7,MOVSD_XMM,8,MOV,11,MOV,11,MOV,11,0,1,0,0,0,JE,0,0,1,0,0,0,JMP,0,0,5197079,5197546,5197093,0,0,0,1,cpp,2.6146143290300536e-11,1.0,1,0,1
0x4f4a37,JNZ,769,768,-455,6,0x4f4a34,CMP,1,NonLeaf,rax(ADD) rbx(-1) ,rflags ,CMP,3,MOVSD_XMM,5,XORPD,8,ADD,4,MOVSD_XMM,5,ADD,7,POP,1,POP,1,POP,2,POP,2,0,0,0,1,1,MOVSD,0,0,1,1,0,0,RET,1,0,5196288,5195888,5196349,0,0,1,0,cpp,2.0106384190241117e-08,0.9986996098829648,1,1,1
0x4f481d,JZ,1,1,36,2,0x4f481a,CMP,1,NonLeaf,r10d(-1) eax(MOVSXD) ,rflags ,CMP,3,MOVSXD,3,JB,2,CMP,3,ADD,4,LEA,4,MOVSD_XMM,4,ADDSD,6,MOVSD_XMM,6,MOVSD_XMM,4,0,0,1,0,0,NOP,0,0,0,0,0,0,MOVSD,0,0,5195799,5195841,5195807,0,0,0,1,cpp,2.6146143290300536e-11,1.0,1,1,1
0x4f4815,JB,1538,1537,-88,2,0x4f4812,CMP,1,NonLeaf,ecx(ADD) r11d(-1) ,rflags ,CMP,3,ADD,4,MOVHPD,6,MOVLPD,5,ADDPD,4,MOVSXD,3,CMP,3,JZ,2,LEA,4,MOVSD_XMM,4,1,1,1,1,1,JB,0,0,1,1,0,0,JE,1,0,5195709,5195709,5195799,1,0,1,0,cpp,4.021276838048223e-08,0.9993498049414824,1,1,1
0x4f47b9,JZ,1,0,102,2,0x4f47b7,ADD,1,NonLeaf,ebp(ADD) ebp(ADD) ,ebp rflags ,ADD,2,MOV,3,SHR,3,XOR,2,MOV,3,XOR,2,MOVSD_XMM,5,ADD,3,MOVSD_XMM,6,MOVHPD,6,0,1,0,0,0,MOVSD,1,0,1,0,0,0,XOR,0,0,5195692,5195807,5195707,0,0,1,0,cpp,2.6146143290300536e-11,0.0,0,0,0
0x4f47a6,JBE,1,0,1702,6,0x4f47a2,CMP,1,NonLeaf,r10d(-1) ,rflags ,CMP,4,JZ,6,TEST,2,OR,3,SETBE,4,MOV,3,XOR,2,SHR,3,MOV,3,ADD,2,0,0,0,0,0,NOP,1,0,1,0,0,0,JE,1,0,5195682,5197388,5195692,0,0,0,0,cpp,2.6146143290300536e-11,0.0,0,0,0
0x4f479c,JZ,1,0,1712,6,0x4f479a,TEST,1,NonLeaf,al(AND) cl(OR) ,rflags ,TEST,2,OR,3,SETBE,4,CMP,3,SETBE,3,CMP,4,JBE,6,MOV,3,XOR,2,SHR,3,0,1,0,0,0,NOP,1,0,1,0,0,0,JBE,0,0,5195480,5197388,5195682,0,0,0,0,cpp,2.6146143290300536e-11,0.0,0,0,0
0x4f468c,JNZ,2,1,964,6,0x4f4680,CMP,1,NonLeaf,rsp(-1) ,rflags ,MOV,7,CMP,5,NOP,2,JMP,2,MOV,7,MULSD,5,MOV,8,MOV,8,MOVSD_XMM,6,XOR,3,0,0,0,0,0,JMP,0,0,0,0,0,0,JMP,0,0,5195392,5196368,5195410,0,0,0,1,cpp,5.2292286580601066e-11,0.5,0,0,0
0x4f466f,JNZ,4,3,-874,6,0x4f465b,CMP,1,NonLeaf,rsp(-1) ,rflags ,MOV,7,MOVSD_XMM,8,CMP,5,JZ,6,CMP,5,MOV,7,JMP,2,NOP,2,CMP,5,MOV,7,0,0,0,0,0,JLE,0,0,0,0,0,0,JMP,0,0,5195355,5194501,5195381,0,0,0,0,cpp,1.0458457316120216e-10,0.75,1,1,1
0x4f4655,JZ,5,1,131,6,0x4f4650,CMP,1,NonLeaf,rsp(-1) ,rflags ,CMP,5,MOVSXD,3,ADD,5,NOP,5,JMP,5,CMP,5,MOVSD_XMM,8,MOV,7,JNZ,6,MOV,7,0,1,1,0,0,JE,0,0,1,0,0,0,JNE,0,0,5195336,5195480,5195355,0,0,0,0,cpp,1.3073071645150268e-10,0.2,0,0,0
0x4f4595,JNLE,2304,189,107,2,0x4f458f,CMP,1,NonLeaf,rsp(-1) ebx(-1) ,rflags ,MOV,2,CMP,4,JZ,6,TEST,3,JNZ,2,MOVSD_XMM,6,MOVSD_XMM,6,JMP,5,NOP,8,MOV,5,0,1,0,0,0,JMP,0,0,1,0,0,0,JMP,0,0,5195151,5195264,5195159,0,0,1,0,cpp,6.024071414085243e-08,0.08203125,0,0,0
0x4f4589,JZ,3840,1536,-441,6,0x4f4586,TEST,1,NonLeaf,r15d(-1) r15d(-1) ,rflags ,TEST,3,JNZ,2,JP,2,UCOMISD,6,ADDSD,4,CMP,4,MOV,2,JNLE,2,MOVSD_XMM,6,MOVSD_XMM,6,0,1,0,0,0,MOVSD,0,0,1,0,0,0,JG,0,0,5195142,5194704,5195151,0,0,0,0,cpp,1.0040119023475407e-07,0.4,0,0,0
0x4f4584,JNZ,3840,0,44,2,0x4f457c,UCOMISD,0,NonLeaf,xmm1(-1) rdi(-1) rsi(-1) ,rflags ,JP,2,UCOMISD,6,ADDSD,4,MULSD,5,MULSD,8,TEST,3,JZ,6,CMP,4,MOV,2,JNLE,2,0,0,0,0,0,CALL,0,1,0,1,0,0,JE,0,0,5195140,5195184,5195142,0,0,1,0,cpp,1.0040119023475407e-07,0.0,0,0,0
0x4f4582,JP,3840,0,46,2,0x4f457c,UCOMISD,1,NonLeaf,xmm1(ADDSD) rdi(MOV) rsi(MOV) ,rflags ,UCOMISD,6,ADDSD,4,MULSD,5,MULSD,8,CVTSI2SD,4,JNZ,2,TEST,3,JZ,6,CMP,4,MOV,2,1,1,0,0,0,CALL,0,1,1,0,0,0,JNE,0,0,5195091,5195184,5195140,0,0,1,0,cpp,1.0040119023475407e-07,0.0,0,0,0
0x4f4543,JLE,3840,5,261,6,0x4f4540,CMP,1,NonLeaf,r12d(-1) ecx(-1) ,rflags ,CMP,3,MOVSD_XMM,6,SUBSD,4,MOVSD_XMM,6,SUBSD,4,MOV,7,MOV,3,LEA,3,MOV,3,LEA,4,0,1,1,0,0,JE,1,0,1,0,0,0,MOV,0,0,5194718,5195336,5195081,0,0,1,0,cpp,1.0040119023475407e-07,0.0013020833333333,0,0,0
0x4f4325,JNZ,1,0,1835,6,0x4f431b,CMP,1,NonLeaf,eax(-1) ,rflags ,MOV,7,CMP,3,JZ,2,CMP,3,MOV,7,MULSD,5,MOV,5,MOV,8,MOVSD_XMM,6,MOV,8,0,0,0,0,0,JMP,0,0,0,1,0,0,MOVSD,0,0,5194523,5196368,5194539,0,0,0,1,cpp,2.6146143290300536e-11,0.0,0,0,0
0x4f4319,JZ,2,1,18,2,0x4f4316,CMP,1,NonLeaf,eax(MOV) ,rflags ,CMP,3,MOV,7,MOV,4,JLE,6,JZ,6,CMP,3,MOV,7,JNZ,6,MULSD,5,MOV,5,0,0,1,0,0,MOVSD,0,0,1,0,0,0,JNE,0,0,5194507,5194539,5194523,0,0,1,0,cpp,5.2292286580601066e-11,0.5,0,0,0
0x4f4305,JLE,4,2,891,6,0x4f42f5,CMP,0,NonLeaf,rsp(-1) ,rflags ,JZ,6,MOV,5,CMP,5,ADD,4,MOV,5,MOV,4,MOV,7,CMP,3,JZ,2,CMP,3,0,1,0,0,0,JNE,0,0,1,0,0,0,JE,0,0,5194501,5195392,5194507,0,0,0,0,cpp,1.0458457316120216e-10,0.5,0,0,0
0x4f42ff,JZ,1,0,886,6,0x4f42f5,CMP,1,NonLeaf,rsp(-1) ,rflags ,MOV,5,CMP,5,ADD,4,MOV,5,SHL,4,JLE,6,MOV,4,MOV,7,CMP,3,JZ,2,0,1,0,0,0,JMP,0,0,1,0,0,0,JLE,0,0,5194443,5195381,5194501,0,0,0,0,cpp,2.6146143290300536e-11,0.0,0,0,0
0x4f42c5,JNBE,1,0,2488,6,0x4f42c1,UCOMISD,1,NonLeaf,xmm2(MOVSD_XMM) xmm0(ADDSD) ,rflags ,UCOMISD,4,MOVSD_XMM,5,ADDSD,4,MOVSD_XMM,6,MOV,7,LEA,7,MOV,8,MOV,4,MOVSD_XMM,8,CDQE,2,0,1,0,0,0,CALL,0,1,1,1,0,0,JE,0,0,5194403,5196925,5194443,0,0,1,1,cpp,2.6146143290300536e-11,0.0,0,0,0
0x4f428d,JZ,1,0,2627,6,0x4f4280,TEST,1,NonLeaf,r15d(-1) r15d(-1) ,rflags ,MOV,7,MOV,3,TEST,3,NOP,2,JMP,5,MOVSXD,3,LEA,8,MOV,5,MOVSD_XMM,8,MOV,7,0,1,0,0,0,CALL,0,1,1,0,0,0,MOV,0,0,5194368,5197008,5194387,0,1,1,1,cpp,2.6146143290300536e-11,0.0,0,0,0
0x4f39eb,JNZ,768,768,-889,6,0x4f396f,CMP,1,NonLeaf,ebp(-1) ,rflags ,MOVSD_XMM,10,MOVSD_XMM,9,MOVSD_XMM,10,ADDSD,4,MOVSD_XMM,9,MOVSD_XMM,8,MOVAPD,4,DIVSD,4,SUBSD,5,MOVAPD,4,0,0,0,0,0,JLE,0,0,0,0,0,0,JMP,0,0,5192039,5191282,5192177,0,0,0,1,cpp,2.0080238046950813e-08,1.0,1,0,1
0x4f37f6,JBE,768,676,874,6,0x4f37dc,UCOMISD,1,NonLeaf,xmm2(-1) rip(JBE) ,rflags ,MULSD,5,SUBSD,5,ADDSD,4,MOVAPD,4,UCOMISD,8,MOVAPD,5,MULSD,4,MOVSD_XMM,8,MULSD,5,SUBSD,5,0,1,0,0,0,JMP,0,0,1,0,0,0,MULSD,0,0,5191623,5192544,5191676,0,0,1,1,cpp,2.0080238046950813e-08,0.8802083333333334,1,0,1
0x4f37c1,JNZ,768,0,959,6,0x4f37bf,TEST,1,NonLeaf,eax(MOV) eax(MOV) ,rflags ,TEST,2,MOV,7,JNZ,6,MULSD,5,MULSD,4,MOVSD_XMM,8,MOVSD_XMM,9,SUBSD,4,UCOMISD,8,MOVAPD,4,0,1,0,0,0,CALL,0,1,1,0,0,0,JBE,0,0,5191608,5192576,5191623,0,0,1,0,cpp,2.0080238046950813e-08,0.0,0,0,0
0x4f37b2,JNZ,768,0,-866,6,0x4f3795,TEST,1,NonLeaf,edx(MOV) edx(MOV) ,rflags ,MULSD,5,MULSD,4,MULSD,5,MOVAPD,5,MULSD,4,MOV,7,TEST,2,JNZ,6,MOVSD_XMM,8,MOVSD_XMM,9,0,1,0,0,0,JBE,0,0,1,0,0,0,JNE,0,0,5191544,5190736,5191608,0,0,0,0,cpp,2.0080238046950813e-08,0.0,0,0,0
0x5e78e0,JLE,67670,67670,64,2,0x5e78dd,CMP,1,NonLeaf,r9(-1) rdx(MOV) ,rflags ,CMP,3,MOV,4,JZ,6,TEST,3,MOV,4,MOV,4,MOV,5,MOV,5,MOV,3,CALL_NEAR,5,0,1,0,0,0,CALL,0,1,1,0,0,0,MOV,0,0,6191321,6191392,6191330,1,0,1,0,cpp,1.7693095164546373e-06,1.0,1,0,1
0x4f367b,JZ,768,768,1061,6,0x4f3678,CMP,1,NonLeaf,ebp(-1) ,rflags ,CMP,3,JLE,6,JZ,6,CMP,3,ADDSD,5,CMP,3,JNZ,6,MOVSD_XMM,8,MOVAPD,4,MOVSD_XMM,8,0,1,0,0,0,JMP,0,0,1,0,0,0,JNE,0,0,5191288,5192352,5191297,0,0,1,0,cpp,2.0080238046950813e-08,1.0,1,0,1
0x4f3672,JLE,768,0,526,6,0x4f3669,CMP,0,NonLeaf,ebp(-1) ,rflags ,JZ,6,CMP,3,ADDSD,5,MULSD,4,MULSD,4,CMP,3,JZ,6,CMP,3,JNZ,6,MOVSD_XMM,8,0,1,0,0,0,JNE,0,0,1,0,0,0,JE,0,0,5191282,5191808,5191288,0,0,0,0,cpp,2.0080238046950813e-08,0.0,0,0,0
0x4f3628,JNZ,768,768,664,6,0x4f361c,TEST,1,NonLeaf,esi(MOV) esi(MOV) ,rflags ,MOVSD_XMM,6,DIVSD,4,TEST,2,DIVSD,4,MOVAPD,5,MOV,4,TEST,2,XORPD,4,MOVAPD,4,JZ,2,0,1,0,0,0,CALL,0,1,1,0,0,0,JE,0,0,5191178,5191872,5191214,0,0,1,0,cpp,2.0080238046950813e-08,1.0,1,0,1
0x4f3604,JP,768,0,6767,6,0x4f3600,UCOMISD,1,NonLeaf,xmm4(SQRTSD) xmm4(SQRTSD) ,rflags ,UCOMISD,4,CMOVNB,4,SQRTSD,4,UCOMISD,4,ADDSD,4,MOVAPD,5,MOV,4,MOVAPD,5,DIVSD,4,TEST,2,1,1,0,0,0,CALL,0,1,1,1,0,0,JNE,0,0,5191097,5197939,5191178,0,0,1,1,cpp,2.0080238046950813e-08,0.0,0,0,0
0x4f35ab,JZ,768,1,3285,6,0x4f35a6,CMP,1,NonLeaf,rdi(ADD) rsp(-1) ,rflags ,CMP,5,ADD,4,MOVSD_XMM,6,ADDSD,8,MOV,8,MOVSD_XMM,8,LEA,3,MOV,5,MOVSD_XMM,6,MOV,2,0,1,1,0,0,JE,1,0,1,0,0,0,MOVSD,0,0,5190872,5194368,5191089,0,0,0,0,cpp,2.0080238046950813e-08,0.0013020833333333,0,0,0
0x4f32b6,JNZ,14,13,-6,2,0x4f32b4,TEST,1,NonLeaf,al(ADD) ,rflags ,TEST,2,ADD,4,JZ,2,MOVSD_XMM,7,MOV,7,MOV,8,MOV,6,MOV,5,MOVSD_XMM,8,MOV,7,1,1,1,1,1,JNE,0,0,0,1,0,0,MOVSD,1,0,5190320,5190320,5190328,1,1,0,1,cpp,3.660460060642075e-10,0.9285714285714286,1,1,1
0x4f32ae,JZ,1,0,10,2,0x4f329e,TEST,1,NonLeaf,al(-1) ,rflags ,MOVSD_XMM,7,MOV,7,TEST,2,CALL_NEAR,5,CMOVBE,4,ADD,4,TEST,2,JNZ,2,MOV,8,MOV,6,0,1,1,0,0,MOVSD,1,0,1,0,1,0,JNE,0,0,5190302,5190328,5190320,1,1,1,0,cpp,2.6146143290300536e-11,0.0,0,0,0
0x4f3247,JZ,1,1,21,2,0x4f323d,TEST,1,NonLeaf,rdi(MOV) rdi(MOV) ,rflags ,MOV,7,TEST,3,LEA,3,SHL,3,MOV,7,MOVSD_XMM,7,CALL_NEAR,5,MOVSD_XMM,7,MOV,7,MOV,6,0,1,1,0,0,CALL,0,1,1,0,0,0,CALL,0,1,5190189,5190236,5190217,0,0,1,1,cpp,2.6146143290300536e-11,1.0,1,0,1
0x4f322b,JNBE,8,7,-11,2,0x4f3227,UCOMISD,1,NonLeaf,xmm1(-1) xmm0(ADDSD) ,rflags ,UCOMISD,4,ADD,3,ADDSD,4,NOP,8,JBE,2,ADD,3,MOV,7,SHL,3,LEA,3,TEST,3,1,1,1,1,1,JA,0,0,0,1,0,0,JE,1,0,5190176,5190176,5190189,1,0,0,1,cpp,2.091691463224043e-10,0.875,1,1,1
0x4f3216,JBE,1,0,23,2,0x4f320e,UCOMISD,1,NonLeaf,xmm1(ADDSD) xmm6(MOVSD_XMM) ,rflags ,MOVAPD,4,UCOMISD,4,MOVSD_XMM,6,MOVSD_XMM,8,MOVSD_XMM,8,NOP,8,ADDSD,4,ADD,3,UCOMISD,4,JNBE,2,0,1,1,0,0,JE,1,0,1,0,0,0,NOP,0,0,5190104,5190189,5190168,0,0,1,0,cpp,2.6146143290300536e-11,0.0,0,0,0
0x4f31bd,JZ,1,1,7428,6,0x4f31ba,CMP,1,NonLeaf,eax(-1) ,rflags ,CMP,3,JLE,6,JZ,6,CMP,3,MOV,7,CMP,3,JNZ,6,MOV,6,NOP,6,MOVSD_XMM,8,0,1,0,0,0,JMP,0,0,1,0,0,0,JNE,0,0,5190074,5197505,5190083,0,0,0,0,cpp,2.6146143290300536e-11,1.0,1,0,1
0x4f31b4,JLE,1,0,6812,6,0x4f31ab,CMP,0,NonLeaf,eax(-1) ,rflags ,JZ,6,CMP,3,MOV,7,JZ,2,OR,4,CMP,3,JZ,6,CMP,3,JNZ,6,MOV,6,0,1,0,0,0,JNE,0,0,1,0,0,0,JE,0,0,5190068,5196880,5190074,0,0,0,0,cpp,2.6146143290300536e-11,0.0,0,0,0
0x4f31ae,JZ,1,0,7406,6,0x4f31ab,CMP,1,NonLeaf,eax(MOV) ,rflags ,CMP,3,MOV,7,JZ,2,OR,4,MOV,4,JLE,6,CMP,3,JZ,6,CMP,3,JNZ,6,0,1,0,0,0,CALL,0,1,1,0,0,0,JLE,0,0,5190052,5197468,5190068,0,0,1,0,cpp,2.6146143290300536e-11,0.0,0,0,0
0x4f31a2,JZ,1,0,54,2,0x4f319e,OR,1,NonLeaf,eax(OR) rsp(-1) ,eax rflags ,OR,4,MOV,4,JNZ,2,CMP,8,ADD,4,MOV,7,CMP,3,JZ,6,JLE,6,CMP,3,0,0,1,0,0,JBE,0,0,0,0,0,0,JE,0,0,5190042,5190104,5190052,0,0,1,0,cpp,2.6146143290300536e-11,0.0,0,1,0
0x4f3198,JNZ,1,0,12,2,0x4f3190,CMP,1,NonLeaf,r14(-1) ,rflags ,CMP,8,ADD,4,SBB,3,CMP,3,MOVSD_XMM,8,MOV,4,OR,4,JZ,2,MOV,7,CMP,3,0,1,0,0,0,JE,0,0,1,0,0,0,JE,0,0,5190022,5190052,5190042,0,0,0,0,cpp,2.6146143290300536e-11,0.0,0,0,0
0x4f3163,JZ,1,0,35,2,0x4f3146,TEST,1,NonLeaf,ebx(MOV) ebx(MOV) ,rflags ,MOVSD_XMM,8,MOV,4,MOV,4,MOV,11,TEST,2,MOVSD_XMM,9,MOVSD_XMM,8,MULSD,8,MOVSD_XMM,8,CMP,3,0,1,1,0,0,JNE,0,0,1,0,0,0,MOVSD,0,0,5189889,5190022,5189989,0,0,0,1,cpp,2.6146143290300536e-11,0.0,0,0,0
0x4f30ef,JNZ,1,0,6818,6,0x4f30b0,TEST,1,NonLeaf,r13d(MOV) r13d(MOV) ,rflags ,MOVSD_XMM,8,DIVSD,4,SUBSD,4,MOVAPD,4,MOVSD_XMM,8,MOVAPD,4,MULSD,4,MULSD,4,MOVSD_XMM,9,MOV,7,0,1,0,0,0,JMP,0,0,1,1,0,0,MULSD,0,0,5189778,5196689,5189877,0,0,1,0,cpp,2.6146143290300536e-11,0.0,0,0,0
0x4f308c,JZ,1,0,6834,6,0x4f308a,TEST,1,NonLeaf,eax(MOV) eax(MOV) ,rflags ,TEST,2,MOVSD_XMM,8,MOV,7,JZ,6,MOVSD_XMM,6,MOVSD_XMM,6,MOV,7,MOVSD_XMM,9,MOVAPD,4,MOVAPD,4,0,1,0,0,0,JMP,0,0,1,0,0,0,JNE,0,0,5189755,5196606,5189778,0,0,1,1,cpp,2.6146143290300536e-11,0.0,0,0,0
0x4f3075,JZ,1,1,7248,6,0x4f3052,CMP,1,NonLeaf,r14(-1) ,rflags ,MOVSD_XMM,6,MOVSD_XMM,8,MOV,7,MOVSD_XMM,9,CMP,5,MOV,7,MOVSD_XMM,8,TEST,2,JZ,6,MOVSD_XMM,6,0,1,0,0,0,JMP,0,0,1,1,0,0,JE,0,0,5189714,5196997,5189755,0,0,0,1,cpp,2.6146143290300536e-11,1.0,1,0,1
0x4f2f4c,JZ,1,1,-455,6,0x4f2f40,TEST,1,NonLeaf,eax(-1) eax(-1) ,rflags ,MOV,10,TEST,2,NOP,4,JMP,5,MOVSD_XMM,6,MOVSD_XMM,9,MOV,11,MOVSD_XMM,8,MOV,11,MOVSD_XMM,8,0,0,0,0,0,JNE,0,0,0,0,0,0,MOV,0,0,5189440,5188997,5189458,0,0,0,1,cpp,2.6146143290300536e-11,1.0,1,0,1
0x4f2d9b,JZ,1,1,8060,6,0x4f2d99,TEST,1,NonLeaf,eax(MOV) eax(MOV) ,rflags ,TEST,2,MOV,6,JNZ,6,TEST,2,MOV,6,MOV,7,MOVSD_XMM,8,MOV,10,MOV,7,MOVSD_XMM,6,0,1,0,0,0,JE,0,0,1,0,0,0,CALL,0,1,5189011,5197079,5189025,0,0,0,1,cpp,2.6146143290300536e-11,1.0,1,0,1
0x4f2d8d,JNZ,1,0,8313,6,0x4f2d8b,TEST,1,NonLeaf,eax(MOV) eax(MOV) ,rflags ,TEST,2,MOV,6,JNZ,6,TEST,2,MOV,6,MOV,6,TEST,2,JZ,6,MOV,7,MOVSD_XMM,8,0,1,0,0,0,CALL,0,1,1,0,0,0,JE,0,0,5188997,5197318,5189011,0,0,1,0,cpp,2.6146143290300536e-11,0.0,0,0,0
0x4f2cb5,JZ,1,1,13,2,0x4f2cb2,TEST,1,NonLeaf,rdi(MOV) rdi(MOV) ,rflags ,TEST,3,MOV,7,MOV,6,MOVSD_XMM,8,MOVSD_XMM,9,CALL_NEAR,5,MOV,6,MOV,7,MOV,7,MOV,11,0,1,1,0,0,JE,0,0,1,0,0,0,CALL,0,1,5188497,5188802,5188791,0,0,1,1,cpp,2.6146143290300536e-11,1.0,1,0,1
0x4f2b82,JZ,1,1,15,2,0x4f2b28,TEST,1,NonLeaf,eax(MOV) eax(MOV) ,rflags ,MOV,11,MOV,11,MOV,11,MOV,11,MOV,11,MOV,6,XOR,2,TEST,2,SETZ,3,MOVSD_XMM,9,0,1,1,0,0,JE,0,0,1,0,0,0,SETE,0,0,5188256,5188497,5188484,1,0,1,0,cpp,2.6146143290300536e-11,1.0,1,0,1
0x59f4b4,JNBE,346,0,60,2,0x59f4b1,CMP,1,Leaf,eax(-1) ,rflags ,CMP,3,JNBE,2,CMP,3,AND,4,AND,4,MOVDQU,4,MOVDQU,4,PXOR,4,PCMPEQB,4,PCMPEQB,4,0,0,0,0,0,JE,0,0,1,0,0,0,JNE,0,0,5895345,5895408,5895350,1,0,0,0,cpp,9.046565578443986e-09,0.0,0,0,0
0x59bbec,JZ,44,2,172,6,0x59bbe8,CMP,1,NonLeaf,rbp(-1) ,rflags ,CMP,4,NOP,4,JMP,2,XOR,3,JZ,2,ADD,4,MOV,3,TEST,3,JNZ,2,TEST,3,0,1,0,0,0,JNE,0,0,1,0,0,0,ADD,0,0,5880808,5880984,5880818,0,0,0,0,cpp,1.1504303047732234e-09,0.0454545454545454,0,0,0
0x59b0ac,JZ,20009,20009,14,2,0x59b0a5,TEST,1,Leaf,al(-1) ,rflags ,MOV,5,TEST,2,JNZ,2,TEST,2,LEA,4,MOV,3,AND,6,MOV,3,XOR,2,MOV,3,0,1,1,0,0,JMP,0,0,1,0,0,0,MOV,0,0,5877925,5877946,5877934,0,0,0,0,cpp,5.231581810956234e-07,1.0,1,0,1
0x5d57a2,JZ,1,0,12,2,0x5d579c,AND,1,Leaf,esi(AND) ,esi rflags ,AND,6,JZ,6,CMP,5,AND,5,OR,10,OR,10,TEST,7,JZ,6,OR,10,JMP,5,0,1,1,0,0,JE,0,0,1,0,0,0,OR,0,0,6117276,6117294,6117284,0,0,0,1,cpp,2.6146143290300536e-11,0.0,0,0,0
0x4e1134,JNLE,130520,125775,-36,2,0x4e1132,CMP,1,NonLeaf,ecx(-1) edx(ADD) ,rflags ,CMP,2,ADD,4,ADD,3,MOVSD_XMM,5,MOVSD_XMM,5,MOV,3,JMP,5,XOR,2,JMP,5,MOV,5,0,0,0,1,1,JE,0,0,1,1,0,0,JMP,1,0,5116203,5116176,5116214,0,0,0,0,cpp,3.4125946222500263e-06,0.9636454183266931,1,1,1
0x4e1113,JZ,130520,0,24,2,0x4e1110,TEST,1,NonLeaf,rax(-1) rax(-1) ,rflags ,TEST,3,NOP,3,MOV,7,LEA,4,LEA,4,MOVSD_XMM,8,MOVSD_XMM,4,MOVSD_XMM,5,MOVSD_XMM,5,ADD,3,1,1,1,0,0,JG,0,0,1,0,0,0,MOVSD,0,0,5116176,5116203,5116181,1,0,0,1,cpp,3.4125946222500263e-06,0.0,0,0,0
0x4e1038,JLE,4745,4745,379,6,0x4e1036,CMP,1,NonLeaf,esi(MOV) eax(MOV) ,rflags ,CMP,2,MOV,5,MOV,7,MOV,3,JMP,5,CVTSI2SS,4,MOV,5,MULSS,5,CVTTSS2SI,4,CMP,2,0,1,0,0,0,JMP,0,0,1,0,0,0,CALL,0,1,5115943,5116339,5115966,0,1,0,1,cpp,1.2406344991247604e-07,1.0,1,0,1
0x4e0fec,JNLE,817433,817433,-2210,6,0x4e0fe5,CMP,1,NonLeaf,rsp(-1) esi(LEA) ,rflags ,CMP,7,LEA,3,LEA,4,MOV,8,MOV,8,MOV,3,SUB,8,SHR,3,JMP,5,MOV,3,0,0,0,0,0,JMP,0,0,1,0,0,0,JMP,0,0,5115874,5113674,5115890,0,0,1,0,cpp,2.137272034822024e-05,1.0,1,0,1
0x4e0f74,JLE,77306666,1252652,-292,6,0x4e0f68,CMP,1,NonLeaf,ecx(-1) rsp(-1) ,rflags ,MOVZX,8,CMP,4,JB,6,UCOMISD,5,MOVSD_XMM,6,MOV,3,ADD,4,JMP,5,NOP,10,MOV,4,0,1,0,0,0,JL,0,0,1,0,0,0,JMP,0,0,5115752,5115472,5115770,0,0,0,1,cpp,0.0020212711665314,0.0162036738203145,0,0,0
0x4e0f62,JB,101132688,23826022,-256,6,0x4e0f5d,UCOMISD,1,NonLeaf,xmm9(-1) xmm1(ADDSD) ,rflags ,UCOMISD,5,MOVSD_XMM,6,ADDSD,4,ADDSD,4,MULSD,4,CMP,4,MOVZX,8,JLE,6,MOV,3,ADD,4,1,1,1,0,0,JB,0,0,1,0,0,0,JLE,0,0,5115578,5115490,5115752,0,0,0,0,cpp,0.0026442297517812,0.2355917010729508,0,0,0
0x4e0ea9,JZ,101132688,817433,244,6,0x4e0ea1,CMP,1,NonLeaf,r9(ADD) rsp(-1) ,rflags ,CMP,8,SAR,3,SHL,3,ADD,4,ADD,4,MOV,3,MOV,8,MOVAPD,5,MOVAPD,5,MOVAPD,5,0,1,1,0,0,LEA,1,0,1,0,0,0,MOV,0,0,5115535,5115805,5115567,0,0,0,1,cpp,0.0026442297517812,0.0080827773508798,0,0,0
0x4e0e81,JL,923553,0,271,6,0x4e0e7d,CMP,1,NonLeaf,esi(-1) rsp(-1) ,rflags ,CMP,4,JNLE,6,CMP,4,JB,2,UCOMISD,5,MOV,4,ADD,4,MOV,4,ADD,4,ADD,4,0,0,0,0,0,JMP,0,0,1,0,0,0,ADD,0,0,5115517,5115792,5115527,0,0,1,1,cpp,2.4147349074186933e-05,0.0,0,0,0
0x4e0e77,JNLE,77172895,76249342,281,6,0x4e0e73,CMP,1,NonLeaf,esi(-1) rsp(-1) ,rflags ,CMP,4,JB,2,UCOMISD,5,SAR,3,SHL,3,CMP,4,JL,6,MOV,4,ADD,4,MOV,4,0,1,0,0,0,JMP,0,0,1,0,0,0,JL,0,0,5115507,5115792,5115517,0,0,1,0,cpp,0.0020177735707973,0.9880326764986592,1,0,1
0x4e0e71,JB,101132688,23959793,30,2,0x4e0e6c,UCOMISD,1,NonLeaf,xmm9(-1) xmm0(-1) ,rflags ,UCOMISD,5,SAR,3,SHL,3,MOV,4,ADD,4,CMP,4,JNLE,6,CMP,4,JL,6,MOV,4,0,1,1,0,0,JE,0,0,1,0,0,0,JG,0,0,5115490,5115535,5115507,0,0,0,0,cpp,0.0026442297517812,0.236914428695893,0,0,0
0x4e0e54,JL,1252652,0,294,6,0x4e0e50,CMP,1,NonLeaf,ecx(-1) rsp(-1) ,rflags ,CMP,4,NOP,2,JMP,2,MOV,3,MOV,8,MOV,4,ADD,4,MOV,4,SHL,3,SAR,3,0,0,0,0,0,JMP,0,0,1,0,0,0,ADD,0,0,5115472,5115770,5115482,0,0,1,1,cpp,3.275201868488155e-05,0.0,0,0,0
0x4e0d9d,JNL,817433,0,1179,6,0x4e0d9b,CMP,1,NonLeaf,edx(LEA) eax(SUB) ,rflags ,CMP,2,SUB,3,SAR,3,SAR,3,LEA,4,MOV,7,LEA,5,MOV,8,MOV,8,MOV,8,0,1,0,0,0,JMP,0,0,1,0,0,0,JMP,0,0,5115146,5116472,5115299,0,0,0,1,cpp,2.137272034822024e-05,0.0,0,0,0
0x597ec4,JNBE,11895,11877,41,2,0x597ec0,CMP,1,NonLeaf,rbx(-1) ,rflags ,CMP,4,JNZ,6,TEST,3,MOV,4,JBE,2,OR,6,CMP,7,JNZ,6,JMP,5,MOV,5,0,1,0,0,0,JNE,0,0,1,0,0,0,JNE,0,0,5865152,5865197,5865158,0,0,0,1,cpp,3.110083744381249e-07,0.9984867591424968,1,0,1
0x4e0cff,JNLE,287856,287856,-6936,6,0x4e0cfc,CMP,1,NonLeaf,r15d(MOV) ecx(LEA) ,rflags ,CMP,3,LEA,3,LEA,4,MOV,8,MOV,8,JMP,5,MOV,8,MOV,8,MOV,8,MOVSXD,3,0,0,0,0,0,NOP,0,0,1,0,0,0,JMP,0,0,5115129,5108199,5115141,0,0,0,0,cpp,7.526324222972751e-06,1.0,1,0,1
0x4e0cb8,JNZ,16555149,16267293,-216,6,0x4e0cb5,CMP,1,NonLeaf,r9(ADD) r15(-1) ,rflags ,CMP,3,ADD,2,ADD,2,ADD,4,ADD,4,MOV,7,MOV,8,MOV,8,MOV,8,MOV,8,1,1,0,0,0,MOV,0,0,1,1,0,0,LEA,1,0,5114854,5114848,5115070,0,0,0,0,cpp,0.0004328532979462,0.982612297841596,1,1,1
0x4e0b3f,JNL,287856,0,1806,6,0x4e0b3d,CMP,1,NonLeaf,esi(LEA) edx(LEA) ,rflags ,CMP,2,LEA,4,MOVSD_XMM,6,MOVSD_XMM,5,MOVSD_XMM,4,LEA,5,LEA,4,MOV,8,MOV,8,MOV,8,0,1,0,0,0,JMP,0,0,1,0,0,0,JMP,0,0,5114597,5116493,5114693,0,0,0,1,cpp,7.526324222972751e-06,0.0,0,1,0
0x4e0960,JNLE,1222848,608823,-16,2,0x4e095e,CMP,1,NonLeaf,edi(-1) edx(ADD) ,rflags ,CMP,2,ADD,4,MOV,5,MOVZX,5,NOP,8,MOV,5,JMP,5,MOVSD_XMM,10,MOVAPD,5,MOVAPD,5,1,1,1,1,1,JG,0,0,1,1,0,0,JMP,0,0,5114192,5114192,5114210,1,0,1,1,cpp,3.1972759030257434e-05,0.4978729981158737,0,1,0
0x4e091f,JNLE,560646,357840,-15,2,0x4e091d,CMP,1,NonLeaf,esi(-1) eax(ADD) ,rflags ,CMP,2,ADD,4,MOV,5,MOVZX,4,NOP,2,JMP,5,NOP,10,MOV,4,MOV,5,XOR,2,1,1,1,1,1,JG,0,0,1,1,0,0,JMP,0,0,5114128,5114128,5114145,1,0,1,0,cpp,1.4658730651133837e-05,0.6382637172119305,1,1,1
0x4e081f,JNLE,1852282,1325535,-100,2,0x4e081c,CMP,1,NonLeaf,r9d(-1) esi(ADD) ,rflags ,CMP,3,ADD,4,ADD,4,MOV,4,ADD,3,MOV,3,MOV,8,MOV,8,JMP,5,NOP,7,0,0,0,1,1,JB,0,0,0,1,0,0,JMP,1,0,5113869,5113787,5113889,0,0,0,0,cpp,4.843003058604446e-05,0.7156226751650127,1,1,1
0x5979d0,JZ,6041,4271,352,6,0x5979cd,CMP,1,NonLeaf,rdx(-1) rcx(-1) ,rflags ,CMP,3,JB,2,CMP,3,MOV,4,MOV,4,MOV,4,MOV,4,MOV,3,MOV,4,MOV,4,0,1,0,0,0,JMP,0,0,1,0,0,0,MOV,0,0,5863885,5864240,5863894,0,0,0,1,cpp,1.5794885161670557e-07,0.7070021519615958,1,0,1
0x4e080b,JLE,1864839,12557,-107,2,0x4e0808,CMP,1,NonLeaf,ecx(-1) r11d(-1) ,rflags ,CMP,3,JB,2,UCOMISD,4,ADDSD,4,MULSD,4,ADD,3,MOV,4,ADD,4,ADD,4,CMP,3,0,1,0,0,0,JL,0,0,1,0,0,0,JG,0,0,5113864,5113760,5113869,0,0,0,1,cpp,4.875834770734076e-05,0.0067335571596261,0,0,0
0x5979cb,JB,10887,4846,-11,2,0x5979c8,CMP,1,NonLeaf,rdx(-1) rcx(MOV) ,rflags ,CMP,3,MOV,4,MOV,4,JMP,5,MOV,4,CMP,3,JZ,6,MOV,4,MOV,4,MOV,3,1,1,0,0,0,MOV,0,0,1,1,0,0,JE,1,0,5863876,5863872,5863885,0,0,0,0,cpp,2.84653062001502e-07,0.4451180306787912,0,1,0
0x4e0806,JB,2897633,1032794,-87,2,0x4e0802,UCOMISD,1,NonLeaf,xmm2(-1) xmm0(ADDSD) ,rflags ,UCOMISD,4,ADDSD,4,MULSD,4,SUBSD,5,MOVAPD,4,CMP,3,JLE,2,ADD,3,MOV,4,ADD,4,1,1,0,0,0,JLE,0,0,1,0,0,0,JLE,0,0,5113787,5113775,5113864,0,0,0,0,cpp,7.576192762070342e-05,0.3564267800649702,0,0,0
0x4e07b9,JLE,1045351,301431,104,2,0x4e07b6,CMP,1,NonLeaf,r9d(-1) esi(ADD) ,rflags ,CMP,3,ADD,4,ADD,3,ADD,4,MOV,5,MOVZX,4,MOVAPD,4,MOVAPD,4,MOVZX,4,MOV,4,0,0,1,0,0,JMP,1,0,0,0,1,1,JB,0,0,5113775,5113889,5113787,0,0,0,0,cpp,2.733189703465896e-05,0.2883538639174784,0,0,0
0x4e07a4,JL,12557,0,105,2,0x4e07a0,CMP,1,NonLeaf,ecx(-1) rsp(-1) ,rflags ,CMP,4,NOP,2,JMP,2,MOVSD_XMM,6,MOVSD_XMM,6,MOV,5,ADD,4,ADD,3,ADD,4,CMP,3,0,0,0,0,0,JG,0,0,1,0,0,0,ADD,0,0,5113760,5113869,5113766,0,0,1,1,cpp,3.283171212963039e-07,0.0,0,0,0
0x4e072d,JNLE,828178,817433,1501,6,0x4e072a,CMP,1,NonLeaf,eax(SUB) ,rflags ,CMP,3,SUB,7,MOV,7,JLE,6,CMP,7,MOV,8,MOV,7,MOV,5,MOV,3,MOV,8,0,1,0,0,0,JGE,0,0,1,0,0,0,MOV,0,0,5113628,5115146,5113651,0,0,1,0,cpp,2.165366065787452e-05,0.9870257360132724,1,0,1
0x4e0716,JLE,828720,542,330,6,0x4e070f,CMP,1,NonLeaf,rsp(-1) eax(MOV) ,rflags ,CMP,7,MOV,7,NOP,3,JMP,5,MOVSD_XMM,6,MOV,7,SUB,7,CMP,3,JNLE,6,MOV,8,0,0,0,0,0,JMP,0,0,1,0,0,0,JG,0,0,5113608,5113952,5113628,0,0,1,0,cpp,2.166783186753786e-05,0.0006540206583647,0,0,0
0x4e066a,JZ,9360,9360,-6906,6,0x4e05c4,TEST,1,NonLeaf,rdi(MOV) rdi(MOV) ,rflags ,MOVSD_XMM,8,MOVSD_XMM,8,ADDSD,8,MOVSD_XMM,8,ADDSD,4,ADD,7,POP,1,POP,1,POP,2,POP,2,0,0,0,0,0,RET,0,0,1,0,0,0,JMP,0,0,5113248,5106544,5113456,0,0,0,0,cpp,2.4472790119721304e-07,1.0,1,0,1
0x4e059a,JNZ,5994560,5985200,-138,6,0x4e058b,CMP,1,NonLeaf,rax(ADD) rsi(-1) ,rflags ,ADDSD,4,ADDSD,4,ADDSD,4,CMP,3,MULSD,5,MOV,8,MOVSD_XMM,6,MOV,8,ADDSD,5,ADDSD,9,1,1,1,1,1,JNE,0,0,0,1,0,0,JE,1,0,5113104,5113104,5113248,1,0,1,1,cpp,0.0001567346247223,0.9984385843164468,1,1,1
0x4e049e,JNLE,5985200,5975840,-5966,6,0x4e0468,CMP,1,NonLeaf,rsp(-1) r15d(MOV) ,rflags ,MOVSD_XMM,5,ADDSD,5,MOVSD_XMM,5,MOVSD_XMM,5,MOVSD_XMM,4,MOVSD_XMM,7,MOV,3,CVTSI2SD,10,MOV,7,MOV,8,0,0,0,1,1,JNE,0,0,0,1,0,0,CVTSI2SD,1,0,5112923,5107024,5112996,0,0,1,0,cpp,0.0001564898968211,0.9984361424847958,1,1,1
0x4e044e,JNLE,8971690,4527900,-318,6,0x4e0379,CMP,0,NonLeaf,eax(-1) edx(-1) ,rflags ,MOVSD_XMM,5,SUBSD,5,MOVSD_XMM,5,MOVSD_XMM,5,MOVSD_XMM,4,MOVSD_XMM,7,MOV,5,MOV,8,CMP,8,LEA,4,1,1,1,1,1,JG,0,0,1,1,0,0,MOVSD,0,0,5112592,5112592,5112916,1,0,1,1,cpp,0.0002345750922961,0.5046875226406619,1,1,1
0x4e02ca,JLE,5985200,1541410,401,6,0x4e02ba,TEST,1,NonLeaf,eax(-1) eax(-1) ,rflags ,MOVSD_XMM,7,MOV,7,TEST,2,ADD,2,MOVSD_XMM,6,MOVSD_XMM,8,MOV,7,XOR,2,MOVSD_XMM,8,MOVSD_XMM,6,0,1,1,0,0,JG,0,0,1,0,0,0,NOP,0,0,5112480,5112923,5112528,0,0,1,1,cpp,0.0001564898968211,0.2575369244135534,0,0,0
0x4e0246,JNLE,4049110,2584400,-598,6,0x4e007c,CMP,0,NonLeaf,eax(-1) esi(-1) ,rflags ,MOVSD_XMM,5,SUBSD,5,MOVSD_XMM,5,MOVSD_XMM,5,MOVSD_XMM,4,MOVAPD,5,MOV,5,MOV,4,MOV,3,MOVSD_XMM,6,0,0,0,1,1,MOVSD,0,0,1,1,0,0,MOVAPD,1,0,5112192,5111792,5112396,1,0,0,0,cpp,0.0001058686102581,0.6382637172119305,1,1,1
0x4dffa5,JLE,5985200,4520490,684,6,0x4dff95,TEST,1,NonLeaf,eax(-1) eax(-1) ,rflags ,MOVSD_XMM,7,MOV,7,TEST,2,ADD,2,MOVSD_XMM,6,MOVSD_XMM,8,MOV,7,XOR,2,MOVSD_XMM,10,MOVSD_XMM,6,0,1,1,0,0,CALL,0,1,1,0,0,0,NOP,0,0,5111672,5112401,5111723,0,0,1,1,cpp,0.0001564898968211,0.7552780191138141,1,0,1
0x4dff1b,JNLE,894261817,888325932,-531,6,0x4dfd89,CMP,0,NonLeaf,eax(-1) esi(-1) ,rflags ,MOVSD_XMM,5,SUBSD,4,MOVSD_XMM,5,MOVSD_XMM,5,SUBSD,4,MOVSD_XMM,7,MOV,4,MOVSD_XMM,6,MOVSD_XMM,6,MOV,3,0,0,0,1,1,ADDSD,0,0,1,1,0,0,MOVSD,1,0,5111447,5111048,5111585,1,0,0,1,cpp,0.0233814976063265,0.9933622515384664,1,1,1
0x4dfcae,JLE,5985200,49315,3262,6,0x4dfc9f,TEST,1,NonLeaf,eax(-1) eax(-1) ,rflags ,MOV,8,MOV,5,TEST,2,CALL_NEAR,5,MOVSD_XMM,6,MOVSD_XMM,8,MOV,7,XOR,2,MOVSD_XMM,10,MOVSD_XMM,6,0,1,0,0,0,JMP,0,0,1,0,0,0,NOP,0,0,5110943,5114220,5110964,0,0,0,1,cpp,0.0001564898968211,0.0082394907438347,0,0,0
0x4df98a,JZ,828720,828720,640,6,0x4df974,CMP,1,NonLeaf,rsp(-1) ,rflags ,MOV,3,MOV,5,MOV,6,CMP,8,ADD,7,MOV,7,JMP,5,MOV,3,MOV,2,MOV,5,0,0,1,0,0,CALL,0,1,1,0,0,0,JMP,0,0,5110114,5110794,5110160,1,0,1,1,cpp,2.166783186753786e-05,1.0,1,0,1
0x4df874,JBE,202806,202806,4236,6,0x4df870,CMP,1,NonLeaf,r8d(-1) ,rflags ,CMP,4,JZ,6,OR,3,SETNB,4,CMP,3,SHR,4,XOR,2,XOR,2,LEA,8,MOV,4,0,0,0,0,0,NOP,0,0,1,0,0,0,MOV,0,0,5109872,5114112,5109882,0,1,0,1,cpp,5.3025947361326905e-06,1.0,1,0,1
0x4df86a,JZ,202806,0,4246,6,0x4df867,OR,1,NonLeaf,al(OR) sil(SETNB) ,al rflags ,OR,3,SETNB,4,CMP,3,ADD,4,SETNB,3,CMP,4,JBE,6,SHR,4,XOR,2,XOR,2,0,1,0,0,0,NOP,0,0,1,0,0,0,JBE,0,0,5109818,5114112,5109872,0,0,0,0,cpp,5.3025947361326905e-06,0.0,0,1,0
0x4df834,JLE,828720,625914,6097,6,0x4df822,TEST,1,NonLeaf,r8d(MOV) r8d(MOV) ,rflags ,LEA,4,LEA,5,MOV,3,MOVSXD,3,TEST,3,ADD,4,ADD,2,MOV,8,CDQE,2,LEA,4,0,1,0,0,0,JMP,0,0,1,0,0,0,JE,0,0,5109753,5115909,5109818,0,0,0,0,cpp,2.166783186753786e-05,0.7552780191138141,1,0,1
0x4df7c7,JLE,36,0,26,2,0x4df7bf,CMP,1,NonLeaf,r9d(-1) edx(ADD) ,rflags ,MOV,5,CMP,3,MOVZX,5,ADD,3,MOVSXD,3,MOV,8,MOVSXD,3,MOV,5,MOVZX,4,MOV,4,0,0,1,0,0,MOVZX,0,0,1,0,0,0,MOV,0,0,5109684,5109729,5109705,0,1,0,1,cpp,9.41261158450819e-10,0.0,0,0,0
0x4df7b2,JLE,36,0,47,2,0x4df7af,CMP,1,NonLeaf,r9d(-1) esi(LEA) ,rflags ,CMP,3,LEA,3,MOV,5,MOVZX,5,MOVSXD,3,MOVSXD,3,ADD,3,MOVZX,5,CMP,3,MOV,5,0,0,1,0,0,MOVZX,0,0,1,0,0,0,JLE,0,0,5109663,5109729,5109684,0,1,0,1,cpp,9.41261158450819e-10,0.0,0,1,0
0x4df79d,JLE,234,198,68,2,0x4df79a,CMP,1,NonLeaf,r9d(-1) esi(LEA) ,rflags ,CMP,3,LEA,3,MOV,5,MOVZX,5,MOVSXD,3,MOVSXD,3,MOVZX,5,MOV,5,LEA,3,CMP,3,0,0,1,0,0,MOVZX,0,0,1,0,0,0,JLE,0,0,5109642,5109729,5109663,0,1,0,1,cpp,6.118197529930326e-09,0.8461538461538461,1,0,1
0x4df788,JLE,252,18,89,2,0x4df785,CMP,1,NonLeaf,r9d(-1) esi(LEA) ,rflags ,CMP,3,LEA,3,MOV,5,MOVZX,5,MOVSXD,3,MOVSXD,3,MOVZX,5,MOV,5,LEA,3,CMP,3,0,0,1,0,0,MOVZX,0,0,1,0,0,0,JLE,0,0,5109621,5109729,5109642,0,1,0,1,cpp,6.5888281091557356e-09,0.0714285714285714,0,0,0
0x4df773,JLE,252,0,110,2,0x4df770,CMP,1,NonLeaf,r9d(-1) esi(LEA) ,rflags ,CMP,3,LEA,3,MOV,5,MOVZX,5,MOVSXD,3,MOVSXD,3,MOVZX,5,MOV,5,LEA,3,CMP,3,0,0,1,0,0,MOVZX,0,0,1,0,0,0,JLE,0,0,5109600,5109729,5109621,0,1,0,1,cpp,6.5888281091557356e-09,0.0,0,0,0
0x4df75a,JLE,252,0,135,6,0x4df757,CMP,1,NonLeaf,r9d(-1) esi(LEA) ,rflags ,CMP,3,LEA,3,MOV,5,MOVZX,5,MOV,5,MOVSXD,3,MOVZX,5,MOV,5,LEA,3,CMP,3,0,0,1,0,0,MOVZX,0,0,1,0,0,0,JLE,0,0,5109562,5109729,5109600,0,1,0,1,cpp,6.5888281091557356e-09,0.0,0,0,0
0x4df71d,JNBE,2286,1017,-22,2,0x4df71a,CMP,1,NonLeaf,r9d(SHR) r8d(ADD) ,rflags ,CMP,3,ADD,4,MOVDQU,6,ADD,4,MOVDQU,5,MOV,5,MOV,5,MOV,8,CMP,3,JZ,6,1,1,1,1,1,JA,0,0,1,1,0,0,JE,0,0,5109511,5109511,5109535,1,0,1,1,cpp,5.977008356162703e-08,0.4448818897637795,0,1,0
0x4df6e0,JBE,615294,614025,4688,6,0x4df6dc,CMP,1,NonLeaf,r9d(-1) ,rflags ,CMP,4,JZ,6,OR,3,SETBE,4,CMP,3,SHR,4,MOV,8,MOV,8,LEA,8,XOR,2,0,0,0,0,0,NOP,0,0,1,0,0,0,XOR,0,0,5109468,5114160,5109478,0,1,0,1,cpp,1.6087565089662177e-05,0.997937571307375,1,0,1
0x4df6d6,JZ,615294,0,4698,6,0x4df6d3,OR,1,NonLeaf,dl(OR) dil(SETBE) ,dl rflags ,OR,3,SETBE,4,CMP,3,SETNB,3,LEA,4,CMP,4,JBE,6,SHR,4,MOV,8,MOV,8,0,1,0,0,0,NOP,0,0,1,0,0,0,JBE,0,0,5109416,5114160,5109468,0,0,0,0,cpp,1.6087565089662177e-05,0.0,0,1,0
0x4df6a2,JLE,828720,213426,6512,6,0x4df69a,TEST,1,NonLeaf,r9d(MOV) r9d(MOV) ,rflags ,MOV,5,TEST,3,ADD,3,MOV,5,MOV,3,LEA,3,MOV,8,MOVSXD,3,LEA,4,LEA,4,0,1,0,0,0,JMP,0,0,1,0,0,0,JE,0,0,5109345,5115922,5109416,0,0,0,0,cpp,2.166783186753786e-05,0.2575369244135534,0,0,0
0x4df655,JZ,828720,5619,12,2,0x4df653,TEST,1,NonLeaf,eax(SAR) eax(SAR) ,rflags ,TEST,2,ADD,3,ADD,3,MOV,7,MOVSXD,3,MOV,5,MOVZX,5,MOV,3,MOV,5,LEA,3,0,1,1,0,0,JLE,0,0,1,0,0,0,MOVZX,0,0,5109304,5109345,5109335,0,0,1,0,cpp,2.166783186753786e-05,0.0067803359397625,0,0,0
0x4df5d9,JNLE,1242234,816525,-45,2,0x4df5d7,CMP,1,NonLeaf,edi(-1) edx(ADD) ,rflags ,CMP,2,ADD,4,MOV,4,ADD,4,JNZ,2,SUB,8,SUB,8,MOV,5,MOV,5,SAR,3,0,0,0,1,1,JNE,0,0,0,1,0,0,MOV,1,0,5109195,5109164,5109211,0,0,0,1,cpp,3.24796281640832e-05,0.6573036964050252,1,1,1
0x59678e,JNZ,4188,0,1471,6,0x59678a,CMP,1,NonLeaf,rbx(-1) rdx(-1) ,rflags ,CMP,4,JNZ,6,CMP,4,MOV,4,MOV,4,CMP,8,MOV,4,MOV,4,JBE,2,MOV,4,0,0,0,0,0,JE,0,0,1,0,0,0,JBE,0,0,5859210,5860685,5859220,0,0,1,1,cpp,1.0950004809977865e-07,0.0,0,0,0
0x4df5c9,JNZ,2188762,946528,-57,2,0x4df5c6,CMP,1,NonLeaf,cl(MOVZX) ,rflags ,CMP,3,MOVZX,5,MOVSXD,3,SAR,3,SHL,3,ADD,4,MOV,4,ADD,4,CMP,2,JNLE,2,1,1,0,0,0,JE,0,0,1,0,0,0,JG,0,0,5109164,5109136,5109195,0,0,0,1,cpp,5.722768488036478e-05,0.4324490282634658,0,0,0
0x4df5aa,JLE,946528,198567,49,2,0x4df5a8,CMP,1,NonLeaf,edi(-1) edx(ADD) ,rflags ,CMP,2,ADD,4,ADD,4,MOV,3,JNZ,2,MOVZX,5,MOVZX,3,MOV,4,SHL,3,SAR,3,0,0,1,0,0,MOV,1,0,0,0,1,1,JNE,0,0,5109156,5109211,5109164,0,0,1,0,cpp,2.4748056716281588e-05,0.2097846022515974,0,0,0
0x4df59b,JNZ,385882,0,9,2,0x4df599,TEST,1,NonLeaf,cl(-1) cl(-1) ,rflags ,TEST,2,JZ,6,CMP,3,NOP,2,JMP,2,MOV,3,ADD,4,ADD,4,CMP,2,JLE,2,0,0,1,0,0,JLE,0,0,1,0,0,0,ADD,0,0,5109145,5109156,5109149,0,0,0,1,cpp,1.0089326065147751e-05,0.0,0,0,0
0x4df555,JLE,828178,203902,7507,6,0x4df553,TEST,1,NonLeaf,edi(SHR) edi(SHR) ,rflags ,TEST,2,SHR,3,SUB,8,NOP,4,JNZ,6,MOV,5,MOV,5,XOR,2,MOV,8,MOV,8,0,1,0,0,0,JMP,0,0,1,0,0,0,JMP,0,0,5109075,5116584,5109083,0,0,1,1,cpp,2.165366065787452e-05,0.2462055258652125,0,0,0
0x4df41c,JZ,828720,828720,4844,6,0x4df414,TEST,1,NonLeaf,r8b(-1) r8b(-1) ,rflags ,MOV,5,TEST,3,ADD,3,MOV,5,LEA,5,MOV,7,MOV,7,CMP,2,JLE,6,MOV,8,0,1,0,0,0,JLE,0,0,1,0,0,0,JLE,0,0,5108738,5113608,5108770,0,0,0,0,cpp,2.166783186753786e-05,1.0,1,0,1
0x4df359,JL,828720,828720,7366,6,0x4df356,CMP,1,NonLeaf,edx(LEA) r15d(MOV) ,rflags ,CMP,3,MOV,4,LEA,4,MOV,4,MOV,3,NOP,1,MOV,3,SAR,2,ADD,3,CMP,3,0,1,0,0,0,JMP,0,0,1,0,0,0,NOP,0,0,5108539,5115935,5108575,0,0,0,0,cpp,2.166783186753786e-05,1.0,1,0,1
0x4df32c,JZ,828720,828720,15,2,0x4df32a,TEST,1,NonLeaf,eax(MOV) eax(MOV) ,rflags ,TEST,2,XOR,3,MOV,7,MOV,4,MOV,4,MOVZX,5,SHR,4,AND,4,MOV,5,MOV,7,0,1,1,0,0,JL,0,0,1,0,0,0,AND,0,0,5108519,5108539,5108526,0,0,1,0,cpp,2.166783186753786e-05,1.0,1,0,1
0x4df2f4,JZ,296928,0,5604,6,0x4df2eb,TEST,1,NonLeaf,eax(SAR) eax(SAR) ,rflags ,MOV,7,TEST,2,SAR,3,SUB,8,JNLE,2,MOV,8,CDQE,2,MOV,11,MOVZX,5,MOV,4,0,1,0,0,0,JMP,0,0,1,0,0,0,MOV,0,0,5108448,5114072,5108474,0,1,1,1,cpp,7.763522034902358e-06,0.0,0,0,0
0x4df2de,JNLE,26301510,26006420,-78,2,0x4df2d8,CMP,1,NonLeaf,edx(-1) esi(ADD) ,rflags ,LEA,4,CMP,2,MOVZX,4,ADD,4,MOV,4,SUB,8,SAR,3,TEST,2,MOV,7,JZ,6,0,0,0,1,1,JE,0,0,0,1,0,0,JE,1,0,5108432,5108368,5108448,0,0,1,1,cpp,0.0006876830492112,0.9887804920706074,1,1,1
0x4df2c0,JZ,26301510,25773578,16,2,0x4df2bd,AND,1,NonLeaf,edi(AND) ,edi rflags ,AND,3,AND,4,MOV,3,MOV,5,MOV,3,LEA,3,ADD,3,MOV,4,MOV,4,ADD,4,1,1,1,0,0,JG,0,0,1,0,0,0,MOV,0,0,5108368,5108432,5108418,0,0,0,1,cpp,0.0006876830492112,0.9799276923644308,1,0,1
0x4df27c,JZ,295632,542,100,2,0x4df27a,TEST,1,NonLeaf,edx(-1) edx(-1) ,rflags ,TEST,2,JNLE,2,CMP,3,ADD,4,ADD,3,MOV,8,XOR,2,NOP,8,MOVZX,5,MOVZX,3,0,0,1,0,0,JE,0,0,1,0,0,0,NOP,0,0,5108346,5108448,5108350,0,0,1,0,cpp,7.729636633198128e-06,0.0018333603940033,0,0,0
0x4df278,JNLE,1034379,738747,-88,2,0x4df275,CMP,1,NonLeaf,r15d(-1) ecx(ADD) ,rflags ,CMP,3,ADD,4,ADD,3,MOV,5,ADD,3,TEST,2,JZ,2,MOV,8,XOR,2,NOP,8,0,0,0,1,1,JB,0,0,0,1,0,0,JE,1,0,5108334,5108256,5108346,0,0,0,0,cpp,2.7045021550477775e-05,0.7141937336314832,1,1,1
0x4df1df,JNLE,295632,287856,6406,6,0x4df1dc,CMP,1,NonLeaf,edx(SUB) ,rflags ,CMP,3,SUB,2,MOV,3,JLE,6,CMP,3,XOR,2,MOV,5,MOVSXD,3,MOV,8,MOVSD_XMM,9,0,1,0,0,0,JGE,0,0,1,0,0,0,XOR,0,0,5108183,5114597,5108197,0,0,1,0,cpp,7.729636633198128e-06,0.9736970287384316,1,0,1
0x4df1d1,JLE,296928,1296,271,6,0x4df1ce,CMP,1,NonLeaf,r15d(MOV) ecx(MOV) ,rflags ,CMP,3,MOV,5,MOV,8,MOV,7,MOV,8,MOV,3,SUB,2,CMP,3,JNLE,6,XOR,2,0,1,1,0,0,JE,0,0,1,0,0,0,JG,0,0,5108174,5108448,5108183,0,0,1,0,cpp,7.763522034902358e-06,0.004364694471387,0,0,0
0x4df1ac,JZ,296928,296928,5892,6,0x4df1a7,CMP,1,NonLeaf,rsp(-1) ,rflags ,CMP,5,ADD,8,ADD,3,CDQE,2,ADD,3,MOV,8,MOV,7,MOV,8,MOV,5,CMP,3,0,1,0,0,0,JMP,0,0,1,0,0,0,MOV,0,0,5108127,5114032,5108146,0,0,1,1,cpp,7.763522034902358e-06,1.0,1,0,1
0x4df004,JZ,268866,268866,396,6,0x4df002,CMP,1,NonLeaf,ecx(-1) esi(-1) ,rflags ,CMP,2,MOV,5,LEA,4,MOV,4,JNZ,6,SUB,2,MOV,2,MOV,3,MOV,7,SHR,4,0,0,1,0,0,ADD,0,0,0,0,0,0,JE,0,0,5107714,5108112,5107722,0,1,0,1,cpp,7.029808961889944e-06,1.0,1,0,1
0x4def9a,JZ,9414,9414,8689,6,0x4def8f,CMP,1,NonLeaf,ecx(-1) ,rflags ,LEA,4,MOV,4,CMP,3,JZ,6,LEA,4,CMP,3,MOV,4,LEA,4,JZ,6,CMP,3,0,1,0,0,0,JMP,0,0,1,0,0,0,JE,0,0,5107599,5116299,5107616,0,0,0,1,cpp,2.461397929348893e-07,1.0,1,0,1
0x4def89,JZ,254808,245394,8656,6,0x4def7e,CMP,1,NonLeaf,ecx(-1) ,rflags ,LEA,4,MOV,4,CMP,3,JZ,6,MOV,4,CMP,3,MOV,4,LEA,4,JZ,6,CMP,3,0,1,0,0,0,JMP,0,0,1,0,0,0,JE,0,0,5107582,5116249,5107599,0,0,0,1,cpp,6.6622464795149e-06,0.9630545351794292,1,0,1
0x4def5f,JZ,268866,0,7035,6,0x4def5d,TEST,1,NonLeaf,ecx(CMOVBE) ecx(CMOVBE) ,rflags ,TEST,2,CMOVBE,3,CMP,3,SUB,3,SUB,3,MOV,8,CMP,3,LEA,4,MOV,4,JZ,6,0,1,0,0,0,JMP,0,0,1,0,0,0,JE,0,0,5107513,5114586,5107557,0,0,0,1,cpp,7.029808961889944e-06,0.0,0,0,0
0x4def33,JLE,296928,28062,8715,6,0x4def30,CMP,1,NonLeaf,eax(MOV) r9d(MOV) ,rflags ,CMP,3,MOV,7,MOV,4,MOV,3,LEA,4,MOV,3,MOV,7,MOV,2,NOT,3,LEA,4,0,1,0,0,0,JMP,0,0,1,0,0,0,JE,0,0,5107486,5116222,5107513,0,0,0,0,cpp,7.763522034902358e-06,0.094507759456838,0,0,0
0x4deebd,JLE,296928,296928,97,2,0x4deeb6,CMP,1,NonLeaf,rsp(-1) eax(MOVSXD) ,rflags ,CMP,7,MOVSXD,8,MOV,5,MOV,7,JNZ,2,MOV,8,MOVZX,4,LEA,5,CMP,7,JLE,2,0,0,1,0,0,JLE,0,0,1,0,0,0,JLE,0,0,5107374,5107486,5107391,0,1,1,0,cpp,7.763522034902358e-06,1.0,1,0,1
0x4deea0,JNZ,296928,295632,-16,2,0x4dee9e,CMP,1,NonLeaf,edx(ADD) esi(-1) ,rflags ,CMP,2,ADD,3,JLE,2,CMP,2,ADD,4,MOV,7,MOV,5,MOVSXD,8,CMP,7,JLE,2,1,1,0,0,0,JLE,0,0,1,1,0,0,MOV,1,0,5107355,5107344,5107362,0,0,0,1,cpp,7.763522034902358e-06,0.995635305528613,1,1,1
0x4dee99,JLE,295632,295632,9,2,0x4dee97,CMP,1,NonLeaf,edi(-1) ecx(MOVZX) ,rflags ,CMP,2,ADD,4,MOVZX,3,NOP,7,JMP,2,ADD,3,CMP,2,JNZ,2,MOV,7,MOV,5,0,0,1,0,0,MOV,1,0,0,0,1,1,JNE,0,0,5107344,5107362,5107355,0,0,1,0,cpp,7.729636633198128e-06,1.0,1,0,1
0x4dee75,JLE,296928,0,57,2,0x4dee72,CMP,1,NonLeaf,r8d(MOV) eax(MOVZX) ,rflags ,CMP,3,MOVZX,4,LEA,4,MOV,8,MOVSXD,3,LEA,5,MOVZX,6,MOV,3,MOV,2,JMP,2,0,0,1,0,0,JLE,0,0,1,0,0,0,JMP,0,0,5107287,5107374,5107319,0,0,0,0,cpp,7.763522034902358e-06,0.0,0,0,0
0x4dee55,JLE,296928,0,89,2,0x4dee53,CMP,1,NonLeaf,esi(MOV) ecx(MOV) ,rflags ,CMP,2,MOV,7,MOV,7,JZ,6,TEST,2,MOV,8,MOVSXD,3,MOV,8,LEA,4,MOVZX,4,0,1,1,0,0,JLE,0,0,1,0,0,0,JLE,0,0,5107269,5107374,5107287,0,0,0,0,cpp,7.763522034902358e-06,0.0,0,0,0
0x4dee3f,JZ,296928,0,223,6,0x4dee3d,TEST,1,NonLeaf,al(-1) ,rflags ,TEST,2,SHR,5,MOV,5,MOVZX,5,JZ,2,MOV,7,MOV,7,CMP,2,JLE,2,MOV,8,0,1,1,0,0,JLE,0,0,1,0,0,0,JLE,0,0,5107261,5107486,5107269,0,0,1,0,cpp,7.763522034902358e-06,0.0,0,0,0
0x4dee2c,JZ,296928,296928,17,2,0x4dee26,TEST,1,NonLeaf,esi(MOV) esi(MOV) ,rflags ,MOV,4,TEST,2,MOV,5,MOV,6,JZ,6,MOVZX,5,MOV,5,SHR,5,TEST,2,JZ,6,0,1,1,0,0,JE,0,0,1,0,0,0,SHR,0,0,5107227,5107261,5107246,0,0,0,1,cpp,7.763522034902358e-06,1.0,1,0,1
0x4dee15,JZ,828720,531792,6699,6,0x4dee13,TEST,1,NonLeaf,al(-1) ,rflags ,TEST,2,MOV,5,SUB,3,MOVSXD,3,JZ,6,MOV,6,MOV,5,TEST,2,MOV,4,JZ,2,0,1,0,0,0,JMP,0,0,1,0,0,0,JE,0,0,5107219,5113920,5107227,0,0,1,1,cpp,2.166783186753786e-05,0.6417028670721112,1,0,1
0x4dee02,JZ,828720,0,7043,6,0x4dedff,TEST,1,NonLeaf,rdx(MOV) rdx(MOV) ,rflags ,TEST,3,MOV,4,MOV,4,MOV,4,MOV,3,MOVSXD,3,SUB,3,MOV,5,TEST,2,JZ,6,0,1,0,0,0,JE,0,0,1,0,0,0,MOV,0,0,5107133,5114245,5107208,0,1,0,1,cpp,2.166783186753786e-05,0.0,0,0,0
0x4dedb7,JZ,5985200,5156480,3545,6,0x4dedaf,CMP,1,NonLeaf,rsp(-1) ,rflags ,CMP,8,MOVSD_XMM,6,ADDSD,5,MOVSD_XMM,9,MOVSD_XMM,6,MOV,8,MOV,5,LEA,4,MOV,3,LEA,7,0,1,0,0,0,MOV,0,0,1,0,0,0,JE,0,0,5107119,5110672,5107133,0,0,1,1,cpp,0.0001564898968211,0.8615384615384616,1,0,1
0x4ded6e,JNZ,5985200,2144480,-78,2,0x4ded6c,TEST,1,NonLeaf,al(MOVZX) ,rflags ,TEST,2,MOVZX,4,MOV,4,ADD,8,SHL,4,MOV,4,MOVSD_XMM,9,ADDSD,4,MOVSD_XMM,6,MOVSD_XMM,9,1,1,0,0,0,JE,0,0,1,0,0,0,MOVSD,0,0,5107024,5106976,5107056,0,0,0,1,cpp,0.0001564898968211,0.3582971329278888,0,0,0
0x4ded2b,JZ,2144480,2144480,6517,6,0x4ded28,TEST,1,NonLeaf,r9d(MOV) r9d(MOV) ,rflags ,TEST,3,MOV,8,NOP,1,JMP,2,MOV,3,SHR,3,SUB,8,AND,3,ADD,3,CMP,8,0,1,0,0,0,JMP,0,0,1,0,0,0,JLE,0,0,5106976,5113504,5106993,0,0,1,1,cpp,5.60698813631837e-05,1.0,1,0,1
0x4dec71,JLE,9360,0,9546,6,0x4dec61,TEST,1,NonLeaf,eax(LEA) eax(LEA) ,rflags ,MOV,7,MOV,7,TEST,2,SUB,3,MOV,3,MOV,8,XORPD,4,XOR,3,MOV,3,MOV,11,0,1,0,0,0,JMP,1,0,1,0,0,0,JMP,0,0,5106744,5116347,5106807,0,0,1,1,cpp,2.4472790119721304e-07,0.0,0,0,0
0x4dec0a,JNLE,9360,4745,9245,6,0x4debfd,CMP,1,NonLeaf,rsp(-1) edx(MOV) ,rflags ,MOV,3,MOV,3,CMP,7,MOV,3,MOV,7,MOV,7,MOV,3,XOR,2,MOVSXD,3,MOV,3,0,1,0,0,0,JLE,0,0,1,1,0,0,CALL,0,1,5106675,5115943,5106704,0,1,1,1,cpp,2.4472790119721304e-07,0.5069444444444444,1,0,1
0x4debc5,JZ,8064,8064,4006,6,0x4debbb,CMP,1,NonLeaf,rsp(-1) eax(MOVZX) ,rflags ,MOV,3,CMP,7,MOVZX,4,LEA,3,MOV,3,MOV,5,MOV,4,CALL_NEAR,5,MOV,4,MOV,11,0,1,0,0,0,JMP,0,0,1,0,0,0,CALL,0,1,5106600,5110635,5106635,0,1,1,1,cpp,2.1084249949298356e-07,1.0,1,0,1
0x4deb9d,JLE,9360,8694,-539,6,0x4deb96,CMP,1,NonLeaf,ebx(CMOVNZ) r9(MOV) ,rflags ,MOV,3,CMP,4,CMOVNZ,3,MOV,5,MOV,4,JMP,5,MOV,5,MOVSXD,4,MOV,3,LEA,3,0,0,1,0,0,JG,0,0,1,0,0,0,JMP,0,0,5106562,5106050,5106595,1,0,1,0,cpp,2.4472790119721304e-07,0.928846153846154,1,0,1
0x4deab8,JZ,1296,0,10033,6,0x4deaaf,TEST,1,NonLeaf,eax(MOVSXD) eax(MOVSXD) ,rflags ,MOV,7,TEST,2,MOVSXD,3,JNZ,2,CMP,2,MOV,8,MOV,7,MOV,11,MOVZX,5,TEST,3,0,0,0,0,0,JMP,0,0,1,0,0,0,JE,0,0,5106348,5116393,5106366,0,0,1,1,cpp,3.38854017042295e-08,0.0,0,0,0
0x4deaaa,JNZ,830016,828720,-26,2,0x4deaa8,CMP,1,NonLeaf,eax(ADD) esi(-1) ,rflags ,CMP,2,ADD,4,ADD,3,MOV,5,ADD,3,MOVSXD,3,TEST,2,MOV,7,JZ,6,MOV,8,0,0,0,1,1,JE,0,0,1,1,0,0,JE,1,0,5106337,5106320,5106348,0,0,0,1,cpp,2.170171726924209e-05,0.9984385843164468,1,1,1
0x4dea94,JZ,830016,533088,13,2,0x4dea90,TEST,1,NonLeaf,rdx(-1) ,rflags ,TEST,4,NOP,2,XOR,2,XOR,2,MOV,3,MOVSXD,3,ADD,3,MOV,5,ADD,3,ADD,4,1,1,1,0,0,JNE,0,0,1,0,0,0,MOV,0,0,5106320,5106337,5106326,1,0,0,1,cpp,2.170171726924209e-05,0.6422623178348369,1,1,1
0x4dea79,JLE,1296,0,10096,6,0x4dea77,TEST,1,NonLeaf,esi(MOV) esi(MOV) ,rflags ,TEST,2,MOV,7,JZ,6,MOV,7,OR,2,MOV,8,MOV,3,XOR,2,XOR,2,NOP,2,0,1,0,0,0,JMP,0,0,1,0,0,0,NOP,0,0,5106288,5116393,5106303,0,0,1,0,cpp,3.38854017042295e-08,0.0,0,0,0
0x4dea6a,JZ,9360,8064,318,6,0x4dea61,OR,1,NonLeaf,dl(OR) al(SETNZ) ,dl rflags ,MOV,7,OR,2,SETNZ,3,MOV,8,TEST,2,MOV,7,TEST,2,JLE,6,MOV,8,MOV,3,0,1,0,0,0,JE,0,0,1,0,0,0,JLE,0,0,5106248,5106600,5106288,0,0,1,0,cpp,2.4472790119721304e-07,0.8615384615384616,1,0,1
0x4dea42,JNLE,9360,666,3930,6,0x4dea33,CMP,1,NonLeaf,ebx(-1) r9(MOV) ,rflags ,MOV,3,MOV,8,CMP,4,MOV,3,MOV,7,MOV,3,TEST,2,MOV,4,SETZ,3,TEST,2,0,1,0,0,0,CALL,0,1,1,1,0,0,JE,0,0,5106213,5110172,5106248,0,0,1,1,cpp,2.4472790119721304e-07,0.0711538461538461,0,0,0
0x4dea1f,JNLE,9360,666,4286,6,0x4dea10,CMP,1,NonLeaf,ebx(-1) r9(MOV) ,rflags ,MOV,3,MOV,8,CMP,4,MOV,3,MOV,7,MOV,4,MOV,7,MOV,3,CMP,4,MOV,8,0,1,0,0,0,CALL,0,1,1,1,0,0,JG,0,0,5106178,5110493,5106213,0,1,1,1,cpp,2.4472790119721304e-07,0.0711538461538461,0,0,0
0x4de9fc,JNLE,9360,666,4268,6,0x4de9ed,CMP,1,NonLeaf,ebx(-1) r9(MOV) ,rflags ,MOV,3,MOV,8,CMP,4,MOV,3,MOV,4,MOV,4,MOV,7,MOV,3,CMP,4,MOV,8,0,1,0,0,0,CALL,0,1,1,1,0,0,JG,0,0,5106146,5110440,5106178,0,1,1,1,cpp,2.4472790119721304e-07,0.0711538461538461,0,0,0
0x4de9dc,JNLE,9360,666,4247,6,0x4de9cd,CMP,1,NonLeaf,ebx(-1) r9(MOV) ,rflags ,MOV,3,MOV,8,CMP,4,MOV,3,MOV,4,MOV,4,MOV,4,MOV,3,CMP,4,MOV,8,0,1,0,0,0,CALL,0,1,1,1,0,0,JG,0,0,5106114,5110387,5106146,0,1,1,1,cpp,2.4472790119721304e-07,0.0711538461538461,0,0,0
0x4de9bc,JNLE,9360,666,4226,6,0x4de9ad,CMP,1,NonLeaf,ebx(-1) r9(MOV) ,rflags ,MOV,3,MOV,8,CMP,4,MOV,3,MOV,4,MOV,4,MOV,4,MOV,3,CMP,4,MOV,8,0,1,0,0,0,CALL,0,1,1,1,0,0,JG,0,0,5106082,5110334,5106114,0,1,1,1,cpp,2.4472790119721304e-07,0.0711538461538461,0,0,0
0x4de99c,JNLE,9360,666,4205,6,0x4de98d,CMP,1,NonLeaf,ebx(-1) r9(MOV) ,rflags ,MOV,3,MOV,8,CMP,4,MOV,3,MOV,4,MOV,4,MOV,4,MOV,3,CMP,4,MOV,8,0,1,0,0,0,CALL,0,1,1,1,0,0,JG,0,0,5106050,5110281,5106082,0,1,1,1,cpp,2.4472790119721304e-07,0.0711538461538461,0,0,0
0x4de96b,JNZ,9360,9360,535,6,0x4de969,TEST,1,NonLeaf,edx(-1) edx(-1) ,rflags ,TEST,2,SETZ,8,MOV,3,MOV,4,TEST,2,MOV,4,CMP,4,MOV,3,JNLE,6,MOV,4,0,1,0,0,0,JLE,0,0,1,0,0,0,JG,0,0,5106008,5106562,5106033,0,0,0,0,cpp,2.4472790119721304e-07,1.0,1,0,1
0x4de952,JNLE,9360,4745,4590,6,0x4de94b,CMP,1,NonLeaf,ebx(-1) r14(MOV) ,rflags ,MOV,3,CMP,4,MOV,3,MOV,4,MOV,4,TEST,2,MOV,4,MOV,3,SETZ,8,TEST,2,0,1,0,0,0,CALL,0,1,1,1,0,0,JNE,0,0,5105984,5110592,5106008,0,1,1,1,cpp,2.4472790119721304e-07,0.5069444444444444,1,0,1
0x4de93a,JNLE,9360,4745,4571,6,0x4de91f,CMP,1,NonLeaf,ebx(ADD) r13(MOV) ,rflags ,MOV,8,MOV,4,MOV,8,MOV,3,CMP,4,MOV,4,MOV,4,MOV,3,CMP,4,MOV,3,0,1,0,0,0,CALL,0,1,1,1,0,0,JG,0,0,5105639,5110549,5105984,0,1,1,1,cpp,2.4472790119721304e-07,0.5069444444444444,1,0,1
0x4de7e1,JNZ,9360,0,911,6,0x4de7df,TEST,1,NonLeaf,ebx(MOV) ebx(MOV) ,rflags ,TEST,2,MOV,8,MOV,6,SUB,7,PUSH,1,MOVSD_XMM,5,MOV,4,MOV,6,MOV,6,MOVSD_XMM,9,0,1,0,0,0,RET,1,0,1,0,0,0,JG,0,0,5105600,5106544,5105639,0,0,0,1,cpp,2.4472790119721304e-07,0.0,0,0,0
0x4de5dc,JNLE,130520,125775,-36,2,0x4de5da,CMP,1,NonLeaf,ecx(-1) edx(ADD) ,rflags ,CMP,2,ADD,4,ADD,3,MOVSD_XMM,5,MOVSD_XMM,5,MOV,3,JMP,5,XOR,2,JMP,5,MOV,5,0,0,0,1,1,JE,0,0,1,1,0,0,JMP,1,0,5105107,5105080,5105118,0,0,0,0,cpp,3.4125946222500263e-06,0.9636454183266931,1,1,1
0x4de5bb,JZ,130520,0,24,2,0x4de5b8,TEST,1,NonLeaf,rax(-1) rax(-1) ,rflags ,TEST,3,NOP,5,MOV,7,LEA,4,LEA,4,MOVSD_XMM,8,MOVSD_XMM,4,MOVSD_XMM,5,MOVSD_XMM,5,ADD,3,1,1,1,0,0,JG,0,0,1,0,0,0,MOVSD,0,0,5105080,5105107,5105085,1,0,0,1,cpp,3.4125946222500263e-06,0.0,0,0,0
0x4de4cf,JLE,4745,4745,396,6,0x4de4cd,CMP,1,NonLeaf,esi(MOV) eax(MOV) ,rflags ,CMP,2,MOV,7,MOV,4,JMP,5,MOV,3,CVTSI2SS,4,MOV,5,MOV,5,MULSS,6,CVTTSS2SI,4,0,1,0,0,0,JMP,0,0,1,0,0,0,CALL,0,1,5104834,5105243,5104853,0,1,0,1,cpp,1.2406344991247604e-07,1.0,1,0,1
0x4de498,JNLE,817417,817417,-2121,6,0x4de491,CMP,1,NonLeaf,rsp(-1) esi(LEA) ,rflags ,CMP,7,LEA,3,LEA,4,MOV,8,MOV,8,JMP,5,MOV,5,JMP,5,MOV,3,MOV,5,0,0,0,0,0,JMP,0,0,1,0,0,0,JMP,0,0,5104782,5102671,5104798,0,0,1,0,cpp,2.1372302009927596e-05,1.0,1,0,1
0x4de427,JLE,77361575,1252657,-287,6,0x4de423,CMP,1,NonLeaf,ecx(-1) rsp(-1) ,rflags ,CMP,4,JB,6,UCOMISD,5,MOVSD_XMM,5,ADDSD,4,MOV,4,ADD,4,JMP,5,NOP,6,MOV,3,0,1,0,0,0,JL,0,0,1,0,0,0,JMP,0,0,5104675,5104392,5104685,0,0,0,1,cpp,0.0020227068251133,0.0161922375546257,0,0,0
0x4de41d,JB,101188834,23827259,-259,6,0x4de418,UCOMISD,1,NonLeaf,xmm12(-1) xmm1(ADDSD) ,rflags ,UCOMISD,5,MOVSD_XMM,5,ADDSD,4,ADDSD,4,MULSD,4,CMP,4,JLE,6,MOV,4,ADD,4,JMP,5,1,1,1,0,0,JB,0,0,1,0,0,0,JLE,0,0,5104501,5104410,5104675,0,0,0,0,cpp,0.0026456977531424,0.2354732044842022,0,0,0
0x4de367,JZ,101188834,817417,229,6,0x4de35f,CMP,1,NonLeaf,r9(ADD) rsp(-1) ,rflags ,CMP,8,SAR,3,SHL,3,ADD,4,ADD,4,MOV,5,MOV,3,MOVAPD,5,MOVAPD,5,MOVAPD,5,0,1,1,0,0,LEA,1,0,1,0,0,0,MOV,0,0,5104460,5104716,5104493,0,0,0,1,cpp,0.0026456977531424,0.0080781343917847,0,0,0
0x4de33e,JL,923565,0,258,6,0x4de33a,CMP,1,NonLeaf,esi(-1) rsp(-1) ,rflags ,CMP,4,JNLE,6,MOVZX,5,CMP,4,JB,2,MOV,4,ADD,4,MOV,5,ADD,4,ADD,4,0,0,0,0,0,JMP,0,0,1,0,0,0,ADD,0,0,5104442,5104704,5104452,0,0,1,1,cpp,2.4147662827906417e-05,0.0,0,0,0
0x4de334,JNLE,77229727,76306162,268,6,0x4de32b,CMP,1,NonLeaf,esi(-1) rsp(-1) ,rflags ,MOVZX,5,CMP,4,JB,2,UCOMISD,5,SAR,3,CMP,4,JL,6,MOV,4,ADD,4,MOV,5,0,1,0,0,0,JMP,0,0,1,0,0,0,JL,0,0,5104427,5104704,5104442,0,0,1,0,cpp,0.0020192595084127,0.9880413276613031,1,0,1
0x4de329,JB,101188834,23959107,35,2,0x4de324,UCOMISD,1,NonLeaf,xmm12(-1) xmm0(-1) ,rflags ,UCOMISD,5,SAR,3,SHL,3,MOV,4,ADD,4,CMP,4,MOVZX,5,JNLE,6,CMP,4,JL,6,0,1,1,0,0,JE,0,0,1,0,0,0,JG,0,0,5104410,5104460,5104427,0,0,0,0,cpp,0.0026456977531424,0.2367761941006257,0,0,0
0x4de30c,JL,1252657,0,289,6,0x4de308,CMP,1,NonLeaf,ecx(-1) rsp(-1) ,rflags ,CMP,4,NOP,6,JMP,2,MOV,5,MOV,8,MOV,4,ADD,4,MOV,4,SHL,3,SAR,3,0,0,0,0,0,JMP,0,0,1,0,0,0,ADD,0,0,5104392,5104685,5104402,0,0,1,1,cpp,3.2752149415598e-05,0.0,0,0,0
0x4de269,JNL,817417,0,1135,6,0x4de267,CMP,1,NonLeaf,edx(LEA) eax(SUB) ,rflags ,CMP,2,SAR,3,SUB,3,SAR,3,SHL,3,MOV,7,LEA,5,MOV,8,MOV,8,MOV,8,0,1,0,0,0,JMP,0,0,1,0,0,0,JMP,0,0,5104086,5105368,5104239,0,0,0,1,cpp,2.1372302009927596e-05,0.0,0,0,0
0x4de1cb,JNLE,287856,287856,-6431,6,0x4de1c8,CMP,1,NonLeaf,r15d(MOV) ecx(LEA) ,rflags ,CMP,3,LEA,3,LEA,4,MOV,8,MOV,8,JMP,5,MOV,8,MOV,8,MOV,8,MOVSXD,3,0,0,0,0,0,NOP,0,0,1,0,0,0,JMP,0,0,5104069,5097644,5104081,0,0,0,0,cpp,7.526324222972751e-06,1.0,1,0,1
0x4de187,JNZ,16555149,16267293,-215,6,0x4de184,CMP,1,NonLeaf,r9(ADD) r15(-1) ,rflags ,CMP,3,ADD,2,ADD,2,ADD,4,ADD,4,MOV,4,MOV,8,MOV,8,MOV,8,MOV,8,1,1,0,0,0,MOV,0,0,1,1,0,0,LEA,1,0,5103798,5103792,5104013,0,0,0,0,cpp,0.0004328532979462,0.982612297841596,1,1,1
0x4de030,JNL,287856,0,1722,6,0x4de02e,CMP,1,NonLeaf,esi(LEA) edx(LEA) ,rflags ,CMP,2,LEA,4,MOVSD_XMM,6,MOVSD_XMM,5,MOVSD_XMM,5,LEA,5,LEA,4,MOV,8,MOV,8,MOV,8,0,1,0,0,0,JMP,0,0,1,0,0,0,JMP,0,0,5103574,5105386,5103670,0,0,0,1,cpp,7.526324222972751e-06,0.0,0,1,0
0x4dde4f,JNLE,1222848,608823,-15,2,0x4dde4d,CMP,1,NonLeaf,esi(-1) edx(ADD) ,rflags ,CMP,2,ADD,4,MOV,4,MOVZX,5,NOP,3,MOV,5,MOV,8,JMP,5,MOVSD_XMM,9,MOVAPD,4,1,1,1,1,1,JG,0,0,1,1,0,0,JMP,0,0,5103168,5103168,5103185,1,0,1,1,cpp,3.1972759030257434e-05,0.4978729981158737,0,1,0
0x4dde10,JNLE,560646,357840,-16,2,0x4dde0d,CMP,1,NonLeaf,r11d(-1) eax(ADD) ,rflags ,CMP,3,ADD,4,MOV,4,MOVZX,5,NOP,4,JMP,5,NOP,9,MOV,4,MOV,5,XOR,2,1,1,1,1,1,JG,0,0,1,1,0,0,JMP,0,0,5103104,5103104,5103122,1,0,1,0,cpp,1.4658730651133837e-05,0.6382637172119305,1,1,1
0x4ddd11,JNLE,1858232,1329703,-103,2,0x4ddd0e,CMP,1,NonLeaf,r9d(-1) esi(ADD) ,rflags ,CMP,3,ADD,4,ADD,4,MOV,4,ADD,3,MOV,5,MOV,8,MOV,3,JMP,5,NOP,8,0,0,0,1,1,JB,0,0,0,1,0,0,MOV,1,0,5102847,5102762,5102867,0,0,0,0,cpp,4.858560013862175e-05,0.7155742662918301,1,1,1
0x4ddcfd,JLE,1870775,12543,-109,2,0x4ddcfa,CMP,1,NonLeaf,ecx(-1) r10d(-1) ,rflags ,CMP,3,JB,2,UCOMISD,4,ADDSD,4,MULSD,4,ADD,3,MOV,4,ADD,4,ADD,4,CMP,3,0,1,0,0,0,JL,0,0,1,0,0,0,JG,0,0,5102842,5102736,5102847,0,0,0,1,cpp,4.891355121391199e-05,0.0067047079418957,0,0,0
0x4ddcf8,JB,2897720,1026945,-90,2,0x4ddcf4,UCOMISD,1,NonLeaf,xmm2(-1) xmm0(ADDSD) ,rflags ,UCOMISD,4,ADDSD,4,MULSD,4,SUBSD,5,MOVAPD,5,CMP,3,JLE,2,ADD,3,MOV,4,ADD,4,1,1,0,0,0,JLE,0,0,1,0,0,0,JLE,0,0,5102762,5102750,5102842,0,0,0,0,cpp,7.576420233516967e-05,0.3543975953508275,0,0,0
0x4ddca8,JLE,1039488,299636,107,2,0x4ddca5,CMP,1,NonLeaf,r9d(-1) esi(ADD) ,rflags ,CMP,3,ADD,4,ADD,3,ADD,4,MOV,4,MOVZX,4,MOVAPD,5,MOVAPD,5,MOVZX,4,MOV,4,0,0,1,0,0,MOV,1,0,0,0,1,1,JB,0,0,5102750,5102867,5102762,0,0,0,0,cpp,2.7178602196547924e-05,0.2882534478512498,0,0,0
0x4ddc94,JL,12543,0,107,2,0x4ddc90,CMP,1,NonLeaf,ecx(-1) rsp(-1) ,rflags ,CMP,4,NOP,5,JMP,2,MOV,5,LEA,4,MOV,4,ADD,4,ADD,3,ADD,4,CMP,3,0,0,0,0,0,JG,0,0,1,0,0,0,ADD,0,0,5102736,5102847,5102742,0,0,1,1,cpp,3.2795107529023965e-07,0.0,0,0,0
0x4ddc35,JNLE,828165,817417,1441,6,0x4ddc32,CMP,1,NonLeaf,eax(SUB) ,rflags ,CMP,3,SUB,7,MOV,7,JLE,6,CMP,7,MOV,7,MOV,5,MOV,8,MOV,8,MOVSXD,3,0,1,0,0,0,JGE,0,0,1,0,0,0,MOV,0,0,5102628,5104086,5102651,0,0,1,0,cpp,2.1653320758011742e-05,0.9870219098851074,1,0,1
0x4ddc1e,JLE,828720,555,306,6,0x4ddc17,CMP,1,NonLeaf,rsp(-1) eax(MOV) ,rflags ,CMP,7,MOV,7,NOP,6,JMP,5,MOV,7,MOV,7,SUB,7,CMP,3,JNLE,6,MOV,7,0,0,0,0,0,JMP,0,0,1,0,0,0,JG,0,0,5102608,5102928,5102628,0,0,1,0,cpp,2.166783186753786e-05,0.000669707500724,0,0,0
0x4ddb83,JZ,9360,9360,-6451,6,0x4ddafc,TEST,1,NonLeaf,rdi(MOV) rdi(MOV) ,rflags ,MOVSD_XMM,8,MOVSD_XMM,8,ADDSD,8,MOVSD_XMM,8,ADDSD,4,ADD,7,POP,1,POP,1,POP,2,POP,2,0,0,0,0,0,RET,0,0,1,0,0,0,JMP,0,0,5102296,5096016,5102473,0,0,0,0,cpp,2.4472790119721304e-07,1.0,1,0,1
0x4ddad2,JNZ,5994560,5985200,-138,6,0x4ddac3,CMP,1,NonLeaf,rax(ADD) rsi(-1) ,rflags ,ADDSD,4,ADDSD,4,ADDSD,4,CMP,3,MULSD,5,MOV,8,MOV,8,MOVSD_XMM,5,ADDSD,9,ADDSD,6,1,1,1,1,1,JNE,0,0,0,1,0,0,JE,1,0,5102152,5102152,5102296,1,0,1,1,cpp,0.0001567346247223,0.9984385843164468,1,1,1
0x4dda09,JLE,9360,0,3124,6,0x4dda03,TEST,1,NonLeaf,edx(MOV) edx(MOV) ,rflags ,MOV,4,TEST,2,MOV,8,MOV,7,CVTSI2SD,7,MOV,7,XORPD,4,MOV,8,MOV,3,MOVAPD,4,0,1,0,0,0,JMP,1,0,1,0,0,0,NOP,0,0,5102068,5105213,5102095,0,0,0,0,cpp,2.4472790119721304e-07,0.0,0,0,0
0x4dd9e4,JNLE,5985200,5975840,-5556,6,0x4dd9b8,CMP,1,NonLeaf,rsp(-1) r15d(MOV) ,rflags ,MOVSD_XMM,5,MOVSD_XMM,5,MOVSD_XMM,4,ADDSD,5,ADDSD,5,MOV,3,CVTSI2SD,7,MOV,7,MOV,8,TEST,2,0,0,0,1,1,JNE,0,0,0,1,0,0,CVTSI2SD,1,0,5101995,5096496,5102058,0,0,1,0,cpp,0.0001564898968211,0.9984361424847958,1,1,1
0x4dd9a5,JNLE,8971690,4527900,-237,6,0x4dd929,CMP,0,NonLeaf,eax(-1) edx(-1) ,rflags ,MOVSD_XMM,5,MOVSD_XMM,4,MOVSD_XMM,5,SUBSD,5,MOVSD_XMM,5,MOV,5,MOV,8,CMP,8,LEA,4,LEA,4,1,1,1,1,1,JG,0,0,0,1,0,0,JG,0,0,5101752,5101752,5101995,1,0,1,1,cpp,0.0002345750922961,0.5046875226406619,1,1,1
0x4dd887,JLE,5985200,1541410,292,6,0x4dd87b,TEST,1,NonLeaf,eax(-1) eax(-1) ,rflags ,MOVSD_XMM,6,MOV,4,TEST,2,ADD,2,MOVSD_XMM,6,MOV,7,MOVSD_XMM,7,MOVSD_XMM,7,XOR,2,MOVSD_XMM,7,0,1,1,0,0,JG,0,0,1,0,0,0,NOP,0,0,5101668,5101995,5101709,0,0,1,0,cpp,0.0001564898968211,0.2575369244135534,0,0,0
0x4dd7ed,JNLE,4049110,2584400,-397,6,0x4dd705,CMP,0,NonLeaf,eax(-1) esi(-1) ,rflags ,MOVSD_XMM,5,MOVSD_XMM,4,MOVSD_XMM,5,SUBSD,5,MOVSD_XMM,5,MOVSD_XMM,7,MOVSD_XMM,7,MOV,5,MOV,4,MOV,3,0,0,0,1,1,ADDSD,0,0,1,1,0,0,MOVSD,1,0,5101549,5101152,5101555,1,0,0,0,cpp,0.0001058686102581,0.6382637172119305,1,1,1
0x4dd62a,JLE,5985200,4520490,471,6,0x4dd605,TEST,1,NonLeaf,eax(-1) eax(-1) ,rflags ,MOVSD_XMM,9,MOVSD_XMM,9,MOVSD_XMM,6,MOVSD_XMM,7,MOV,4,MOV,7,MOVSD_XMM,7,MOVSD_XMM,10,XOR,2,MOVSD_XMM,7,0,1,1,0,0,CALL,0,1,1,0,0,0,NOP,0,0,5101033,5101569,5101104,0,0,1,1,cpp,0.0001564898968211,0.7552780191138141,1,0,1
0x4dd574,JNLE,894261817,888325932,-340,6,0x4dd4aa,CMP,0,NonLeaf,eax(-1) esi(-1) ,rflags ,MOVSD_XMM,5,MOVSD_XMM,5,ADDSD,4,ADDSD,4,MOVSD_XMM,4,MOVSD_XMM,7,MOV,5,MOVAPD,5,MOVAPD,5,MOV,3,1,1,1,1,1,JG,0,0,1,1,0,0,MOVSD,0,0,5100576,5100576,5100922,1,0,1,0,cpp,0.0233814976063265,0.9933622515384664,1,1,1
0x4dd3f0,JLE,5985200,49315,2675,6,0x4dd3cc,TEST,1,NonLeaf,eax(-1) eax(-1) ,rflags ,MOV,8,MOVSD_XMM,7,MOV,5,MOVSD_XMM,7,MOVSD_XMM,7,MOVSD_XMM,9,MOV,7,XOR,2,MOVSD_XMM,7,MOVAPD,4,0,1,0,0,0,JMP,0,0,1,0,0,0,NOP,0,0,5100492,5103203,5100534,0,0,0,1,cpp,0.0001564898968211,0.0082394907438347,0,0,0
0x4dd094,JZ,828720,828720,663,6,0x4dd07e,CMP,1,NonLeaf,rsp(-1) ,rflags ,MOV,3,MOV,5,MOV,6,CMP,8,ADD,7,MOV,7,JMP,5,MOV,3,MOV,3,MOV,4,0,0,1,0,0,CALL,0,1,1,0,0,0,JMP,0,0,5099628,5100331,5099674,1,0,1,1,cpp,2.166783186753786e-05,1.0,1,0,1
0x4dcf74,JBE,202806,202806,3708,6,0x4dcf70,CMP,1,NonLeaf,r11d(-1) ,rflags ,CMP,4,JZ,6,OR,3,SETNB,4,CMP,3,MOV,3,XOR,2,XOR,3,SHR,4,LEA,8,0,0,0,0,0,NOP,0,0,1,0,0,0,MOV,0,0,5099376,5103088,5099386,0,0,0,1,cpp,5.3025947361326905e-06,1.0,1,0,1
0x4dcf6a,JZ,202806,0,3718,6,0x4dcf67,OR,1,NonLeaf,al(OR) sil(SETNB) ,al rflags ,OR,3,SETNB,4,CMP,3,ADD,4,SETNB,3,CMP,4,JBE,6,MOV,3,XOR,2,XOR,3,0,1,0,0,0,NOP,0,0,1,0,0,0,JBE,0,0,5099325,5103088,5099376,0,0,0,0,cpp,5.3025947361326905e-06,0.0,0,1,0
0x4dcf37,JLE,828720,625914,5484,6,0x4dcf06,TEST,1,NonLeaf,r11d(-1) r11d(-1) ,rflags ,MOV,5,LEA,4,LEA,5,MOV,3,MOVSXD,3,ADD,4,ADD,2,MOV,5,CDQE,2,LEA,4,0,1,0,0,0,JMP,0,0,1,0,0,0,JE,0,0,5099262,5104803,5099325,0,0,0,0,cpp,2.166783186753786e-05,0.7552780191138141,1,0,1
0x4dcecf,JLE,36,0,23,2,0x4dcec3,CMP,1,NonLeaf,r9d(-1) edx(ADD) ,rflags ,MOV,5,MOVZX,4,CMP,3,ADD,3,MOVSXD,3,MOV,5,MOVSXD,3,MOV,5,MOVZX,4,MOV,4,0,0,1,0,0,MOVZX,0,0,1,0,0,0,MOV,0,0,5099192,5099238,5099217,0,1,0,1,cpp,9.41261158450819e-10,0.0,0,0,0
0x4dceb6,JLE,36,0,48,2,0x4dceb3,CMP,1,NonLeaf,r9d(-1) esi(LEA) ,rflags ,CMP,3,LEA,3,MOV,5,MOVZX,4,MOVSXD,3,MOV,5,MOVSXD,3,ADD,3,CMP,3,MOVZX,4,0,0,1,0,0,MOVZX,0,0,1,0,0,0,JLE,0,0,5099167,5099238,5099192,0,1,0,1,cpp,9.41261158450819e-10,0.0,0,1,0
0x4dce9d,JLE,234,198,73,2,0x4dce9a,CMP,1,NonLeaf,r9d(-1) esi(LEA) ,rflags ,CMP,3,LEA,3,MOV,5,MOVZX,4,MOVSXD,3,MOV,5,MOVSXD,3,MOVZX,4,MOV,5,LEA,3,0,0,1,0,0,MOVZX,0,0,1,0,0,0,JLE,0,0,5099142,5099238,5099167,0,1,0,1,cpp,6.118197529930326e-09,0.8461538461538461,1,1,1
0x4dce84,JLE,252,18,98,2,0x4dce81,CMP,1,NonLeaf,r9d(-1) esi(LEA) ,rflags ,CMP,3,LEA,3,MOV,5,MOVZX,4,MOVSXD,3,MOV,5,MOVSXD,3,MOVZX,4,MOV,5,LEA,3,0,0,1,0,0,MOVZX,0,0,1,0,0,0,JLE,0,0,5099117,5099238,5099142,0,1,0,1,cpp,6.5888281091557356e-09,0.0714285714285714,0,1,0
0x4dce6b,JLE,252,0,123,2,0x4dce68,CMP,1,NonLeaf,r9d(-1) esi(LEA) ,rflags ,CMP,3,LEA,3,MOV,5,MOVZX,4,MOVSXD,3,MOV,5,MOVSXD,3,MOVZX,4,MOV,5,LEA,3,0,0,1,0,0,MOVZX,0,0,1,0,0,0,JLE,0,0,5099092,5099238,5099117,0,1,0,1,cpp,6.5888281091557356e-09,0.0,0,1,0
0x4dce4e,JLE,252,0,152,6,0x4dce4b,CMP,1,NonLeaf,r9d(-1) esi(LEA) ,rflags ,CMP,3,LEA,3,MOV,5,MOVZX,4,MOV,5,MOV,5,MOVSXD,3,MOVZX,4,MOV,5,LEA,3,0,0,1,0,0,MOVZX,0,0,1,0,0,0,JLE,0,0,5099058,5099238,5099092,0,1,0,1,cpp,6.5888281091557356e-09,0.0,0,0,0
0x4dce2c,JZ,1269,1017,186,6,0x4dce29,CMP,1,NonLeaf,edx(-1) r9d(MOV) ,rflags ,CMP,3,MOV,8,MOV,5,MOV,5,JNBE,2,MOV,5,MOVSXD,3,MOV,5,MOVZX,4,MOV,5,0,0,1,0,0,MOVZX,0,0,1,0,0,0,JLE,0,0,5099031,5099238,5099058,0,0,0,1,cpp,3.3179455835391384e-08,0.8014184397163121,1,0,1
0x4dce15,JNBE,2286,1017,-27,2,0x4dce0d,CMP,1,NonLeaf,rsp(-1) r9d(ADD) ,rflags ,CMP,8,ADD,4,MOVDQU,6,ADD,4,MOVDQU,5,MOV,5,MOV,5,MOV,8,CMP,3,JZ,6,1,1,1,1,1,JA,0,0,1,1,0,0,JE,0,0,5099002,5099002,5099031,1,0,1,1,cpp,5.977008356162703e-08,0.4448818897637795,0,1,0
0x4dcdc9,JBE,615294,614025,4183,6,0x4dcdc5,CMP,1,NonLeaf,r8d(-1) ,rflags ,CMP,4,JZ,6,OR,3,SETBE,4,CMP,3,MOV,3,MOV,8,MOV,5,MOV,5,SHR,3,0,0,0,0,0,NOP,0,0,1,0,0,0,XOR,0,0,5098949,5103136,5098959,0,1,1,1,cpp,1.6087565089662177e-05,0.997937571307375,1,0,1
0x4dcdbf,JZ,615294,0,4193,6,0x4dcdbc,OR,1,NonLeaf,dl(OR) dil(SETBE) ,dl rflags ,OR,3,SETBE,4,CMP,3,ADD,4,SETNB,3,CMP,4,JBE,6,MOV,3,MOV,8,MOV,5,0,1,0,0,0,NOP,0,0,1,0,0,0,JBE,0,0,5098900,5103136,5098949,0,0,1,0,cpp,1.6087565089662177e-05,0.0,0,1,0
0x4dcd8e,JLE,828720,213426,5919,6,0x4dcd86,TEST,1,NonLeaf,r8d(MOV) r8d(MOV) ,rflags ,MOV,5,TEST,3,ADD,3,MOV,5,LEA,5,LEA,3,MOV,5,MOVSXD,3,LEA,4,LEA,4,0,1,0,0,0,JMP,0,0,1,0,0,0,JE,0,0,5098832,5104813,5098900,0,0,0,0,cpp,2.166783186753786e-05,0.2575369244135534,0,0,0
0x4dcd44,JZ,828720,5595,12,2,0x4dcd42,TEST,1,NonLeaf,eax(SAR) eax(SAR) ,rflags ,TEST,2,ADD,3,ADD,3,MOV,4,MOVSXD,3,MOV,5,MOVZX,5,MOV,3,MOV,5,LEA,3,0,1,1,0,0,JLE,0,0,1,0,0,0,MOVZX,0,0,5098794,5098832,5098822,0,0,1,0,cpp,2.166783186753786e-05,0.0067513756154068,0,0,0
0x4dccd9,JNLE,1242234,816525,-45,2,0x4dccd7,CMP,1,NonLeaf,edi(-1) edx(ADD) ,rflags ,CMP,2,ADD,4,MOV,4,ADD,4,JNZ,2,SUB,5,SUB,5,MOV,5,MOV,5,SAR,3,0,0,0,1,1,JNE,0,0,0,1,0,0,MOV,1,0,5098699,5098668,5098715,0,0,0,1,cpp,3.24796281640832e-05,0.6573036964050252,1,1,1
0x4dccc9,JNZ,2188765,946531,-57,2,0x4dccc6,CMP,1,NonLeaf,cl(MOVZX) ,rflags ,CMP,3,MOVZX,5,MOVSXD,3,SAR,3,SHL,3,ADD,4,MOV,4,ADD,4,CMP,2,JNLE,2,1,1,0,0,0,JE,0,0,1,0,0,0,JG,0,0,5098668,5098640,5098699,0,0,0,1,cpp,5.722776331879465e-05,0.4324498061692324,0,0,0
0x4dccaa,JLE,946531,198567,49,2,0x4dcca8,CMP,1,NonLeaf,edi(-1) edx(ADD) ,rflags ,CMP,2,ADD,4,ADD,4,MOV,3,JNZ,2,MOVZX,5,MOVZX,3,MOV,4,SHL,3,SAR,3,0,0,1,0,0,MOV,1,0,0,0,1,1,JNE,0,0,5098660,5098715,5098668,0,0,1,0,cpp,2.474813515471146e-05,0.2097839373459506,0,0,0
0x4dcc9b,JNZ,385885,0,9,2,0x4dcc99,TEST,1,NonLeaf,cl(-1) cl(-1) ,rflags ,TEST,2,JZ,6,CMP,3,JMP,2,MOV,8,MOV,3,ADD,4,ADD,4,CMP,2,JLE,2,0,0,1,0,0,JLE,0,0,1,0,0,0,ADD,0,0,5098649,5098660,5098653,0,0,0,1,cpp,1.0089404503577624e-05,0.0,0,0,0
0x4dcc93,JZ,946531,560646,3853,6,0x4dcc90,CMP,1,NonLeaf,cl(-1) ,rflags ,CMP,3,JMP,2,MOV,8,MOV,8,MOV,5,TEST,2,JNZ,2,MOV,3,ADD,4,ADD,4,0,1,0,0,0,JMP,0,0,1,0,0,0,JNE,0,0,5098640,5102496,5098649,0,0,1,0,cpp,2.474813515471146e-05,0.5923165749457757,1,0,1
0x4dcc5d,JLE,828165,203889,6930,6,0x4dcc5b,TEST,1,NonLeaf,edi(SHR) edi(SHR) ,rflags ,TEST,2,SHR,3,SUB,8,NOP,9,JNZ,6,MOV,5,MOV,5,XOR,2,MOV,5,MOV,5,0,1,0,0,0,JMP,0,0,1,0,0,0,JMP,0,0,5098576,5105519,5098595,0,0,1,1,cpp,2.1653320758011742e-05,0.2461936932857582,0,0,0
0x4dcb32,JZ,828720,828720,4318,6,0x4dcb2a,TEST,1,NonLeaf,r8b(-1) r8b(-1) ,rflags ,MOV,5,TEST,3,ADD,3,MOV,5,LEA,5,MOV,7,MOV,7,CMP,2,JLE,6,MOV,8,0,1,0,0,0,JLE,0,0,1,0,0,0,JLE,0,0,5098264,5102608,5098296,0,0,0,0,cpp,2.166783186753786e-05,1.0,1,0,1
0x4dca08,JL,828720,828720,6834,6,0x4dca05,CMP,1,NonLeaf,edx(ADD) r15d(MOV) ,rflags ,CMP,3,MOV,4,ADD,2,MOV,4,MOV,3,NOP,2,MOV,3,SAR,2,ADD,3,CMP,3,0,1,0,0,0,JMP,0,0,1,0,0,0,NOP,0,0,5097964,5104826,5097998,0,0,0,0,cpp,2.166783186753786e-05,1.0,1,0,1
0x4dc9a5,JZ,296928,0,5155,6,0x4dc99c,TEST,1,NonLeaf,eax(SAR) eax(SAR) ,rflags ,MOV,7,TEST,2,SAR,3,SUB,8,JNLE,2,MOV,8,CDQE,2,MOV,11,MOVZX,5,MOV,4,0,1,0,0,0,JMP,0,0,1,0,0,0,MOV,0,0,5097873,5103048,5097899,0,1,1,1,cpp,7.763522034902358e-06,0.0,0,0,0
0x4dc98f,JNLE,26315624,26020547,-79,2,0x4dc989,CMP,1,NonLeaf,edx(-1) esi(ADD) ,rflags ,LEA,4,CMP,2,MOVZX,4,ADD,4,MOV,4,SUB,8,SAR,3,TEST,2,MOV,7,JZ,6,0,0,0,1,1,JE,0,0,0,1,0,0,JE,1,0,5097857,5097792,5097873,0,0,1,1,cpp,0.0006880520758776,0.988787003492678,1,1,1
0x4dc971,JZ,26315624,25787983,16,2,0x4dc96e,AND,1,NonLeaf,edi(AND) ,edi rflags ,AND,3,AND,4,MOV,3,MOV,5,MOV,3,LEA,3,ADD,3,MOV,4,MOV,4,ADD,4,1,1,1,0,0,JG,0,0,1,0,0,0,MOV,0,0,5097792,5097857,5097843,0,0,0,1,cpp,0.0006880520758776,0.979949515922556,1,0,1
0x4dc92f,JZ,295632,555,98,2,0x4dc92d,TEST,1,NonLeaf,edx(-1) edx(-1) ,rflags ,TEST,2,JNLE,2,CMP,3,ADD,4,ADD,3,MOV,8,XOR,2,NOP,5,MOVZX,5,MOVZX,3,0,0,1,0,0,JE,0,0,1,0,0,0,NOP,0,0,5097773,5097873,5097777,0,0,1,0,cpp,7.729636633198128e-06,0.0018773339827894,0,0,0
0x4dc92b,JNLE,1034379,738747,-91,2,0x4dc928,CMP,1,NonLeaf,r15d(-1) ecx(ADD) ,rflags ,CMP,3,ADD,4,ADD,3,MOV,5,ADD,3,TEST,2,JZ,2,MOV,8,XOR,2,NOP,5,0,0,0,1,1,JB,0,0,0,1,0,0,JE,1,0,5097761,5097680,5097773,0,0,0,0,cpp,2.7045021550477775e-05,0.7141937336314832,1,1,1
0x4dc914,JB,1034379,331900,13,2,0x4dc910,UCOMISD,1,NonLeaf,xmm2(-1) xmm0(ADDSD) ,rflags ,UCOMISD,4,ADDSD,4,MULSD,4,SUBSD,5,MOVAPD,5,MOVSXD,3,ADD,3,MOV,5,ADD,3,ADD,4,1,1,1,0,0,JG,0,0,1,0,0,0,MOV,0,0,5097680,5097761,5097750,0,0,0,1,cpp,2.7045021550477775e-05,0.3208688498123028,0,1,0
0x4dc8a4,JNLE,295632,287856,5938,6,0x4dc8a1,CMP,1,NonLeaf,edx(SUB) ,rflags ,CMP,3,SUB,2,MOV,3,JLE,6,CMP,3,XOR,2,MOV,5,MOVSXD,3,MOV,8,MOVSD_XMM,9,0,1,0,0,0,JGE,0,0,1,0,0,0,XOR,0,0,5097628,5103574,5097642,0,0,1,0,cpp,7.729636633198128e-06,0.9736970287384316,1,0,1
0x4dc896,JLE,296928,1296,251,6,0x4dc893,CMP,1,NonLeaf,r15d(MOV) ecx(MOV) ,rflags ,CMP,3,MOV,5,MOV,8,MOV,7,MOV,8,MOV,3,SUB,2,CMP,3,JNLE,6,XOR,2,0,1,1,0,0,JE,0,0,1,0,0,0,JG,0,0,5097619,5097873,5097628,0,0,1,0,cpp,7.763522034902358e-06,0.004364694471387,0,0,0
0x4dc871,JZ,296928,296928,5423,6,0x4dc86c,CMP,1,NonLeaf,rsp(-1) ,rflags ,CMP,5,ADD,8,ADD,3,CDQE,2,ADD,3,MOV,8,MOV,7,MOV,8,MOV,5,CMP,3,0,1,0,0,0,JMP,0,0,1,0,0,0,MOV,0,0,5097572,5103008,5097591,0,0,1,1,cpp,7.763522034902358e-06,1.0,1,0,1
0x5d0a67,JNZ,23,0,22,2,0x5d0a60,CMP,1,Leaf,rip(JNZ) ,rflags ,CMP,7,INVALID,0,INVALID,0,INVALID,0,INVALID,0,INVALID,0,INVALID,0,INVALID,0,INVALID,0,INVALID,0,0,1,1,0,0,CALL,0,1,-1,-1,-1,-1,SYSCALL,-1,1,6097504,6097533,6097513,0,0,1,0,cpp,6.013612956769124e-10,0.0,0,1,0
0x4dc6d4,JZ,268866,268866,385,6,0x4dc6d2,CMP,1,NonLeaf,ecx(-1) esi(-1) ,rflags ,CMP,2,MOV,5,LEA,4,MOV,4,JNZ,6,SUB,2,MOV,2,MOV,3,MOV,4,SHR,4,0,0,1,0,0,ADD,0,0,0,0,0,0,JE,0,0,5097170,5097557,5097178,0,1,0,1,cpp,7.029808961889944e-06,1.0,1,0,1
0x4dc66a,JZ,9414,9414,8137,6,0x4dc65f,CMP,1,NonLeaf,ecx(-1) ,rflags ,LEA,4,MOV,4,CMP,3,JZ,6,LEA,4,CMP,3,MOV,4,LEA,4,JZ,6,CMP,3,0,1,0,0,0,JMP,0,0,1,0,0,0,JE,0,0,5097055,5105203,5097072,0,0,0,1,cpp,2.461397929348893e-07,1.0,1,0,1
0x4dc659,JZ,254808,245394,8104,6,0x4dc64e,CMP,1,NonLeaf,ecx(-1) ,rflags ,LEA,4,MOV,4,CMP,3,JZ,6,MOV,4,CMP,3,MOV,4,LEA,4,JZ,6,CMP,3,0,1,0,0,0,JMP,0,0,1,0,0,0,JE,0,0,5097038,5105153,5097055,0,0,0,1,cpp,6.6622464795149e-06,0.9630545351794292,1,0,1
0x4dc648,JZ,268866,14058,8131,6,0x4dc63d,CMP,1,NonLeaf,ecx(-1) ,rflags ,MOV,4,LEA,4,CMP,3,MOV,8,JZ,6,CMP,3,MOV,4,LEA,4,JZ,6,CMP,3,0,1,0,0,0,JMP,0,0,1,0,0,0,JE,0,0,5097013,5105163,5097038,0,0,0,1,cpp,7.029808961889944e-06,0.0522862689964517,0,0,0
0x4dc62f,JZ,268866,0,6556,6,0x4dc62d,TEST,1,NonLeaf,ecx(CMOVBE) ecx(CMOVBE) ,rflags ,TEST,2,CMOVBE,3,CMP,3,SUB,3,SUB,3,MOV,8,CMP,3,LEA,4,MOV,4,JZ,6,0,1,0,0,0,JMP,0,0,1,0,0,0,JE,0,0,5096969,5103563,5097013,0,0,0,1,cpp,7.029808961889944e-06,0.0,0,0,0
0x4dc603,JLE,296928,28062,8163,6,0x4dc600,CMP,1,NonLeaf,eax(MOV) r9d(MOV) ,rflags ,CMP,3,MOV,7,MOV,4,MOV,3,LEA,4,MOV,3,MOV,7,MOV,2,NOT,3,LEA,4,0,1,0,0,0,JMP,0,0,1,0,0,0,JE,0,0,5096942,5105126,5096969,0,0,0,0,cpp,7.763522034902358e-06,0.094507759456838,0,0,0
0x4dc58d,JLE,296928,296928,97,2,0x4dc586,CMP,1,NonLeaf,rsp(-1) eax(MOVSXD) ,rflags ,CMP,7,MOVSXD,8,MOV,5,MOV,7,JNZ,2,MOV,8,MOVZX,4,LEA,5,CMP,7,JLE,2,0,0,1,0,0,JLE,0,0,1,0,0,0,JLE,0,0,5096830,5096942,5096847,0,1,1,0,cpp,7.763522034902358e-06,1.0,1,0,1
0x4dc570,JNZ,296928,295632,-16,2,0x4dc56e,CMP,1,NonLeaf,edx(ADD) esi(-1) ,rflags ,CMP,2,ADD,3,JLE,2,CMP,2,ADD,4,MOV,7,MOV,5,MOVSXD,8,CMP,7,JLE,2,1,1,0,0,0,JLE,0,0,1,1,0,0,MOV,1,0,5096811,5096800,5096818,0,0,0,1,cpp,7.763522034902358e-06,0.995635305528613,1,1,1
0x4dc569,JLE,295632,295632,9,2,0x4dc567,CMP,1,NonLeaf,edi(-1) ecx(MOVZX) ,rflags ,CMP,2,ADD,4,MOVZX,3,NOP,1,JMP,2,ADD,3,CMP,2,JNZ,2,MOV,7,MOV,5,0,0,1,0,0,MOV,1,0,0,0,1,1,JNE,0,0,5096800,5096818,5096811,0,0,1,0,cpp,7.729636633198128e-06,1.0,1,0,1
0x4dc54b,JLE,296928,0,51,2,0x4dc548,CMP,1,NonLeaf,r8d(MOV) eax(MOVZX) ,rflags ,CMP,3,MOVZX,4,LEA,4,MOV,8,MOVSXD,3,LEA,5,MOVZX,6,MOV,3,MOV,2,JMP,2,0,0,1,0,0,JLE,0,0,1,0,0,0,JMP,0,0,5096749,5096830,5096781,0,0,0,0,cpp,7.763522034902358e-06,0.0,0,0,0
0x4dc52b,JLE,296928,0,83,2,0x4dc529,CMP,1,NonLeaf,esi(MOV) ecx(MOV) ,rflags ,CMP,2,MOV,7,MOV,7,JZ,6,TEST,2,MOV,8,MOVSXD,3,MOV,8,LEA,4,MOVZX,4,0,1,1,0,0,JLE,0,0,1,0,0,0,JLE,0,0,5096731,5096830,5096749,0,0,0,0,cpp,7.763522034902358e-06,0.0,0,0,0
0x4dc515,JZ,296928,0,217,6,0x4dc513,TEST,1,NonLeaf,al(-1) ,rflags ,TEST,2,SHR,5,MOV,5,MOVZX,5,JZ,2,MOV,7,MOV,7,CMP,2,JLE,2,MOV,8,0,1,1,0,0,JLE,0,0,1,0,0,0,JLE,0,0,5096723,5096942,5096731,0,0,1,0,cpp,7.763522034902358e-06,0.0,0,0,0
0x4dc502,JZ,296928,296928,17,2,0x4dc4fc,TEST,1,NonLeaf,esi(MOV) esi(MOV) ,rflags ,MOV,4,TEST,2,MOV,5,MOV,6,JZ,6,MOVZX,5,MOV,5,SHR,5,TEST,2,JZ,6,0,1,1,0,0,JE,0,0,1,0,0,0,SHR,0,0,5096689,5096723,5096708,0,0,0,1,cpp,7.763522034902358e-06,1.0,1,0,1
0x4dc4eb,JZ,828720,531792,6213,6,0x4dc4e9,TEST,1,NonLeaf,al(-1) ,rflags ,TEST,2,MOV,5,SUB,3,MOVSXD,3,JZ,6,MOV,6,MOV,5,TEST,2,MOV,4,JZ,2,0,1,0,0,0,JMP,0,0,1,0,0,0,JE,0,0,5096681,5102896,5096689,0,0,1,1,cpp,2.166783186753786e-05,0.6417028670721112,1,0,1
0x4dc4d8,JZ,828720,0,6561,6,0x4dc4d5,TEST,1,NonLeaf,rdx(MOV) rdx(MOV) ,rflags ,TEST,3,MOV,4,MOV,4,MOV,4,MOV,3,MOVSXD,3,SUB,3,MOV,5,TEST,2,JZ,6,0,1,0,0,0,JE,0,0,1,0,0,0,MOV,0,0,5096595,5103225,5096670,0,1,0,1,cpp,2.166783186753786e-05,0.0,0,0,0
0x4dc48d,JZ,5985200,5156480,3619,6,0x4dc485,CMP,1,NonLeaf,rsp(-1) ,rflags ,CMP,8,ADDSD,6,ADDSD,6,ADDSD,5,MOVSD_XMM,10,MOV,8,MOV,5,LEA,4,MOV,3,LEA,7,0,1,0,0,0,MOV,0,0,1,0,0,0,JE,0,0,5096581,5100208,5096595,0,0,1,1,cpp,0.0001564898968211,0.8615384615384616,1,0,1
0x4dc44f,JNZ,5985200,2144480,-79,2,0x4dc44d,TEST,1,NonLeaf,al(MOVZX) ,rflags ,TEST,2,MOVZX,4,MOV,5,ADD,8,SHL,4,MOV,5,MOVSD_XMM,10,MOVSD_XMM,10,MOVSD_XMM,10,ADDSD,5,1,1,0,0,0,JE,0,0,1,0,0,0,ADDSD,0,0,5096496,5096448,5096529,0,0,0,0,cpp,0.0001564898968211,0.3582971329278888,0,0,0
0x4dc40b,JZ,2144480,2144480,6053,6,0x4dc408,TEST,1,NonLeaf,r9d(MOV) r9d(MOV) ,rflags ,TEST,3,MOV,8,NOP,7,JMP,2,MOV,7,SHR,3,SUB,8,AND,3,ADD,3,CMP,8,0,1,0,0,0,JMP,0,0,1,0,0,0,JLE,0,0,5096448,5102512,5096465,0,0,1,1,cpp,5.60698813631837e-05,1.0,1,0,1
0x4dc34c,JLE,9360,0,8983,6,0x4dc33c,TEST,1,NonLeaf,eax(LEA) eax(LEA) ,rflags ,MOV,7,MOV,7,TEST,2,SUB,3,MOV,4,MOV,8,XORPD,4,XOR,3,MOV,3,MOV,11,0,1,0,0,0,JMP,1,0,1,0,0,0,JMP,0,0,5096210,5105251,5096274,0,0,1,1,cpp,2.4472790119721304e-07,0.0,0,0,0
0x4dc2e4,JNLE,9360,4745,8670,6,0x4dc2d7,CMP,1,NonLeaf,rsp(-1) edx(MOV) ,rflags ,MOV,3,MOV,3,CMP,7,MOV,4,MOV,7,MOV,7,MOV,3,XOR,2,MOVSXD,3,MOV,3,0,1,0,0,0,JLE,0,0,1,1,0,0,CALL,0,1,5096140,5104834,5096170,0,1,0,1,cpp,2.4472790119721304e-07,0.5069444444444444,1,0,1
0x4dc2a6,JZ,8064,8064,4074,6,0x4dc29c,CMP,1,NonLeaf,rsp(-1) eax(MOVZX) ,rflags ,MOV,3,CMP,7,MOVZX,4,LEA,3,MOV,3,MOV,5,CALL_NEAR,5,MOV,11,MOV,11,MOV,7,0,1,0,0,0,JMP,0,0,1,0,0,0,CALL,0,1,5096073,5100176,5096108,0,1,1,1,cpp,2.1084249949298356e-07,1.0,1,0,1
0x4dc27e,JLE,9360,8694,-540,6,0x4dc277,CMP,1,NonLeaf,r9d(CMOVNZ) r8(MOV) ,rflags ,MOV,3,CMP,4,CMOVNZ,4,MOV,5,MOV,4,JMP,5,MOV,5,MOVSXD,4,MOV,3,LEA,3,0,0,1,0,0,JG,0,0,1,0,0,0,JMP,0,0,5096034,5095522,5096068,1,0,1,0,cpp,2.4472790119721304e-07,0.928846153846154,1,0,1
0x4dc1bc,JZ,1296,1296,102,2,0x4dc1b5,TEST,1,NonLeaf,r11d(MOV) r11d(MOV) ,rflags ,MOV,4,TEST,3,MOVZX,5,MOV,11,MOV,7,MOV,8,MOV,8,MOV,3,XOR,2,MOV,2,0,0,1,0,0,JMP,0,0,1,0,0,0,NOP,0,0,5095830,5095970,5095870,0,0,1,0,cpp,3.38854017042295e-08,1.0,1,0,1
0x4dc190,JZ,1296,0,9462,6,0x4dc187,TEST,1,NonLeaf,eax(MOVSXD) eax(MOVSXD) ,rflags ,MOV,7,TEST,2,MOVSXD,3,JNZ,2,CMP,2,MOV,8,MOV,7,MOV,11,MOVZX,5,TEST,3,0,0,0,0,0,JMP,0,0,1,0,0,0,JE,0,0,5095812,5105286,5095830,0,0,1,1,cpp,3.38854017042295e-08,0.0,0,0,0
0x4dc182,JNZ,830016,828720,-26,2,0x4dc180,CMP,1,NonLeaf,eax(ADD) esi(-1) ,rflags ,CMP,2,ADD,4,ADD,3,MOV,5,ADD,3,MOVSXD,3,TEST,2,MOV,7,JZ,6,MOV,8,0,0,0,1,1,JE,0,0,1,1,0,0,JE,1,0,5095801,5095784,5095812,0,0,0,1,cpp,2.170171726924209e-05,0.9984385843164468,1,1,1
0x4dc16c,JZ,830016,533088,13,2,0x4dc168,TEST,1,NonLeaf,rdx(-1) ,rflags ,TEST,4,NOP,3,XOR,2,XOR,2,MOV,3,MOVSXD,3,ADD,3,MOV,5,ADD,3,ADD,4,1,1,1,0,0,JNE,0,0,1,0,0,0,MOV,0,0,5095784,5095801,5095790,1,0,0,1,cpp,2.170171726924209e-05,0.6422623178348369,1,1,1
0x4dc150,JLE,1296,0,9526,6,0x4dc14e,TEST,1,NonLeaf,esi(MOV) esi(MOV) ,rflags ,TEST,2,MOV,4,JZ,6,MOV,7,OR,2,MOV,8,MOV,3,XOR,2,XOR,2,NOP,3,0,1,0,0,0,JMP,0,0,1,0,0,0,NOP,0,0,5095754,5105286,5095766,0,0,1,0,cpp,3.38854017042295e-08,0.0,0,0,0
0x4dc144,JZ,9360,8064,325,6,0x4dc13b,OR,1,NonLeaf,dl(OR) al(SETNZ) ,dl rflags ,MOV,7,OR,2,SETNZ,3,MOV,8,TEST,2,MOV,4,TEST,2,JLE,6,MOV,8,MOV,3,0,1,0,0,0,JE,0,0,1,0,0,0,JLE,0,0,5095714,5096073,5095754,0,0,1,0,cpp,2.4472790119721304e-07,0.8615384615384616,1,0,1
0x4dc11c,JNLE,9360,666,3978,6,0x4dc10d,CMP,1,NonLeaf,r9d(-1) r8(MOV) ,rflags ,MOV,3,MOV,8,CMP,4,MOV,3,MOV,7,MOV,3,TEST,2,MOV,4,SETZ,3,TEST,2,0,1,0,0,0,CALL,0,1,1,1,0,0,JE,0,0,5095679,5099686,5095714,0,0,1,1,cpp,2.4472790119721304e-07,0.0711538461538461,0,0,0
0x4dc0f9,JNLE,9360,666,4352,6,0x4dc0ed,CMP,1,NonLeaf,r9d(-1) r8(MOV) ,rflags ,MOV,3,MOV,5,CMP,4,MOV,3,MOV,7,MOV,4,MOV,7,MOV,3,CMP,4,MOV,8,0,1,0,0,0,CALL,0,1,1,1,0,0,JG,0,0,5095647,5100025,5095679,0,1,1,1,cpp,2.4472790119721304e-07,0.0711538461538461,0,0,0
0x4dc0d9,JNLE,9360,666,4328,6,0x4dc0cd,CMP,1,NonLeaf,r9d(-1) r8(MOV) ,rflags ,MOV,3,MOV,5,CMP,4,MOV,3,MOV,4,MOV,4,MOV,7,MOV,3,CMP,4,MOV,5,0,1,0,0,0,CALL,0,1,1,1,0,0,JG,0,0,5095618,5099969,5095647,0,1,1,1,cpp,2.4472790119721304e-07,0.0711538461538461,0,0,0
0x4dc0bc,JNLE,9360,666,4301,6,0x4dc0ad,CMP,1,NonLeaf,r9d(-1) r8(MOV) ,rflags ,MOV,3,MOV,8,CMP,4,MOV,3,MOV,4,MOV,4,MOV,4,MOV,3,CMP,4,MOV,5,0,1,0,0,0,CALL,0,1,1,1,0,0,JG,0,0,5095586,5099913,5095618,0,1,1,1,cpp,2.4472790119721304e-07,0.0711538461538461,0,0,0
0x4dc09c,JNLE,9360,666,4277,6,0x4dc08d,CMP,1,NonLeaf,r9d(-1) r8(MOV) ,rflags ,MOV,3,MOV,8,CMP,4,MOV,3,MOV,4,MOV,4,MOV,4,MOV,3,CMP,4,MOV,8,0,1,0,0,0,CALL,0,1,1,1,0,0,JG,0,0,5095554,5099857,5095586,0,1,1,1,cpp,2.4472790119721304e-07,0.0711538461538461,0,0,0
0x4dc07c,JNLE,9360,666,4253,6,0x4dc06d,CMP,1,NonLeaf,r9d(-1) r8(MOV) ,rflags ,MOV,3,MOV,8,CMP,4,MOV,3,MOV,4,MOV,4,MOV,4,MOV,3,CMP,4,MOV,8,0,1,0,0,0,CALL,0,1,1,1,0,0,JG,0,0,5095522,5099801,5095554,0,1,1,1,cpp,2.4472790119721304e-07,0.0711538461538461,0,0,0
0x4dc032,JNLE,9360,4745,4656,6,0x4dc02b,CMP,1,NonLeaf,r9d(-1) r13(MOV) ,rflags ,MOV,3,CMP,4,MOV,3,MOV,4,MOV,4,TEST,2,MOV,4,MOV,3,SETZ,8,TEST,2,0,1,0,0,0,CALL,0,1,1,1,0,0,JNE,0,0,5095456,5100130,5095480,0,1,1,1,cpp,2.4472790119721304e-07,0.5069444444444444,1,0,1
0x4dc01a,JNLE,9360,4745,4634,6,0x4dc013,CMP,1,NonLeaf,r9d(LEA) r13(MOV) ,rflags ,MOV,3,CMP,4,MOV,4,MOV,7,MOV,8,MOV,4,MOV,4,MOV,3,CMP,4,MOV,3,0,1,0,0,0,CALL,0,1,1,1,0,0,JG,0,0,5095111,5100084,5095456,0,1,1,1,cpp,2.4472790119721304e-07,0.5069444444444444,1,0,1
0x4dbec1,JNZ,9360,0,911,6,0x4dbebf,TEST,1,NonLeaf,ebx(MOV) ebx(MOV) ,rflags ,TEST,2,MOV,8,MOV,6,SUB,7,PUSH,1,MOVSD_XMM,5,MOV,4,MOVSD_XMM,8,MOV,6,MOVSD_XMM,9,0,1,0,0,0,RET,1,0,1,0,0,0,JG,0,0,5095072,5096016,5095111,0,0,0,1,cpp,2.4472790119721304e-07,0.0,0,0,0
0x4dbd87,JZ,1,0,-649,6,0x4dbd84,TEST,1,NonLeaf,rdi(MOV) rdi(MOV) ,rflags ,TEST,3,MOV,4,NOP,10,JMP,5,MOV,11,MOV,5,MOV,5,CALL_NEAR,5,MOV,5,MOV,5,0,0,1,0,0,JLE,0,0,1,0,0,0,CALL,0,1,5094784,5094142,5094797,0,0,1,1,cpp,2.6146143290300536e-11,0.0,0,0,0
0x4dbc74,JNLE,130520,125775,-36,2,0x4dbc72,CMP,1,NonLeaf,ecx(-1) edx(ADD) ,rflags ,CMP,2,ADD,4,ADD,3,MOVSD_XMM,5,MOVSD_XMM,5,MOV,3,JMP,5,XOR,2,JMP,5,MOV,5,0,0,0,1,1,JE,0,0,1,1,0,0,JMP,1,0,5094507,5094480,5094518,0,0,0,0,cpp,3.4125946222500263e-06,0.9636454183266931,1,1,1
0x4dbc53,JZ,130520,0,24,2,0x4dbc50,TEST,1,NonLeaf,rax(-1) rax(-1) ,rflags ,TEST,3,NOP,4,MOV,7,LEA,4,LEA,4,MOVSD_XMM,8,MOVSD_XMM,4,MOVSD_XMM,5,MOVSD_XMM,5,ADD,3,1,1,1,0,0,JG,0,0,1,0,0,0,MOVSD,0,0,5094480,5094507,5094485,1,0,0,1,cpp,3.4125946222500263e-06,0.0,0,0,0
0x4dbb7a,JLE,4745,4745,408,6,0x4dbb78,CMP,1,NonLeaf,edi(MOV) eax(MOV) ,rflags ,CMP,2,MOV,7,MOV,3,JMP,5,MOV,3,CVTSI2SS,4,MOV,5,MULSS,5,CVTTSS2SI,4,CMP,2,0,1,0,0,0,JMP,0,0,1,0,0,0,CALL,0,1,5094254,5094674,5094272,0,1,0,1,cpp,1.2406344991247604e-07,1.0,1,0,1
0x4dbb64,JNLE,131150,126404,-36,2,0x4dbb62,CMP,1,NonLeaf,ecx(-1) edx(ADD) ,rflags ,CMP,2,ADD,4,ADD,3,MOVSD_XMM,5,MOVSD_XMM,5,MOV,3,JMP,5,MOV,3,MOV,7,CMP,2,0,0,0,1,1,JE,0,0,1,1,0,0,JMP,1,0,5094235,5094208,5094246,0,0,0,0,cpp,3.429066692522916e-06,0.9638124285169654,1,1,1
0x4dbb43,JZ,131150,0,24,2,0x4dbb40,TEST,1,NonLeaf,rax(LEA) rax(LEA) ,rflags ,TEST,3,MOV,7,LEA,4,LEA,4,MOVSXD,3,MOVSD_XMM,8,MOVSD_XMM,4,MOVSD_XMM,5,MOVSD_XMM,5,ADD,3,1,1,1,0,0,JG,0,0,1,0,0,0,MOVSD,0,0,5094208,5094235,5094213,1,0,0,1,cpp,3.429066692522916e-06,0.0,0,0,0
0x4dbb1e,JLE,2,0,813,6,0x4dbb07,CMP,1,NonLeaf,rsp(-1) edx(MOV) ,rflags ,MOV,3,MOV,5,MOV,4,MOV,4,CMP,7,MOV,7,MOV,3,MOVSXD,3,LEA,4,LEA,4,0,1,0,0,0,JMP,0,0,1,0,0,0,MOV,0,0,5094142,5094987,5094180,0,0,0,0,cpp,5.2292286580601066e-11,0.0,0,0,0
0x4dbaf8,JNZ,2,1,648,6,0x4dbaf0,TEST,1,NonLeaf,r10d(MOV) r10d(MOV) ,rflags ,MOV,5,TEST,3,MOV,4,MOV,5,MOV,5,MOV,5,MOV,4,CMP,7,MOV,4,MOV,4,0,1,0,0,0,JE,0,0,1,1,0,0,JLE,0,0,5094114,5094784,5094142,0,0,0,1,cpp,5.2292286580601066e-11,0.5,0,0,0
0x4dba61,JLE,4746,4744,628,6,0x4dba5f,CMP,1,NonLeaf,edi(MOV) eax(MOV) ,rflags ,CMP,2,MOV,5,MOV,7,MOV,4,JMP,5,CVTSI2SS,4,MOV,5,MULSS,6,CVTTSS2SI,4,CMP,2,0,1,0,0,0,JMP,0,0,1,0,0,0,CALL,0,1,5093967,5094613,5093991,0,1,0,1,cpp,1.2408959605576636e-07,0.9995785924989464,1,0,1
0x4dba21,JNLE,908274,908274,-2159,6,0x4dba1a,CMP,1,NonLeaf,rsp(-1) esi(LEA) ,rflags ,CMP,7,LEA,3,LEA,4,MOV,8,MOV,8,MOV,3,SUB,8,SHR,3,JMP,5,MOV,3,0,0,0,0,0,JMP,0,0,1,0,0,0,JMP,0,0,5093911,5091762,5093927,0,0,1,0,cpp,2.374786215085443e-05,1.0,1,0,1
0x4db9c7,JNLE,319840,319840,-8589,6,0x4db9c5,CMP,1,NonLeaf,ebx(MOV) ecx(LEA) ,rflags ,CMP,2,LEA,3,LEA,4,MOV,8,MOV,8,JMP,5,MOV,7,MOV,7,MOV,3,MOV,8,0,0,0,0,0,NOP,0,0,1,0,0,0,JMP,0,0,5093826,5085242,5093837,0,0,0,0,cpp,8.362582469969723e-06,1.0,1,0,1
0x4db986,JNZ,18394610,18074770,-214,6,0x4db983,CMP,1,NonLeaf,r9(ADD) r12(-1) ,rflags ,CMP,3,ADD,2,ADD,2,ADD,4,ADD,4,MOV,7,MOV,4,MOV,8,MOV,7,MOV,8,1,1,0,0,0,MOV,0,0,1,1,0,0,LEA,1,0,5093558,5093552,5093772,0,0,0,0,cpp,0.0004809481088291,0.982612297841596,1,1,1
0x4db816,JNL,319840,0,1477,6,0x4db814,CMP,1,NonLeaf,esi(LEA) edx(LEA) ,rflags ,CMP,2,LEA,3,MOVSD_XMM,6,MOVSD_XMM,5,MOVSD_XMM,4,LEA,3,MOV,5,MOV,8,MOV,8,MOV,8,0,1,0,0,0,JMP,0,0,1,0,0,0,JMP,0,0,5093309,5094875,5093404,0,0,0,1,cpp,8.362582469969723e-06,0.0,0,0,0
0x4db79b,JLE,85869782,1391864,-283,6,0x4db792,CMP,1,NonLeaf,ecx(-1) rsp(-1) ,rflags ,MOVZX,5,CMP,4,JB,6,UCOMISD,5,MOVSD_XMM,5,MOV,3,ADD,4,JMP,5,NOP,3,MOV,4,0,1,0,0,0,JL,0,0,1,0,0,0,JMP,0,0,5093266,5092992,5093281,0,0,0,1,cpp,0.0022451636244788,0.0162090081933595,0,0,0
0x4db78c,JB,112349646,26479864,-250,6,0x4db787,UCOMISD,1,NonLeaf,xmm9(-1) xmm1(ADDSD) ,rflags ,UCOMISD,5,MOVSD_XMM,5,ADDSD,4,ADDSD,4,MULSD,4,CMP,4,MOVZX,5,JLE,6,MOV,3,ADD,4,1,1,1,0,0,JB,0,0,1,0,0,0,JLE,0,0,5093091,5093010,5093266,0,0,0,0,cpp,0.0029375099429305,0.2356915659529536,0,0,0
0x4db6d6,JZ,112349646,908274,764,6,0x4db6d1,CMP,1,NonLeaf,r9(ADD) rsp(-1) ,rflags ,CMP,5,SAR,3,SHL,3,ADD,4,ADD,4,MOV,3,MOV,4,MOVAPD,5,MOVAPD,5,MOVAPD,5,0,1,1,0,0,LEA,1,0,1,0,0,0,MOV,0,0,5093055,5093842,5093084,0,0,0,1,cpp,0.0029375099429305,0.0080843512404124,0,0,0
0x4db6b1,JL,1026191,0,255,6,0x4db6ad,CMP,1,NonLeaf,esi(-1) rsp(-1) ,rflags ,CMP,4,JNLE,6,CMP,4,JB,2,UCOMISD,5,MOV,4,ADD,4,MOV,4,ADD,4,ADD,4,0,0,0,0,0,JMP,0,0,1,0,0,0,ADD,0,0,5093037,5093296,5093047,0,0,1,1,cpp,2.68309369292168e-05,0.0,0,0,0
0x4db6a1,JB,112349646,26629724,30,2,0x4db69c,UCOMISD,1,NonLeaf,xmm9(-1) xmm0(-1) ,rflags ,UCOMISD,5,SAR,3,SHL,3,MOV,4,ADD,4,CMP,4,JNLE,6,CMP,4,JL,6,MOV,4,0,1,1,0,0,JE,0,0,1,0,0,0,JG,0,0,5093010,5093055,5093027,0,0,0,0,cpp,0.0029375099429305,0.2370254375345339,0,0,0
0x4db684,JL,1391864,0,285,6,0x4db680,CMP,1,NonLeaf,ecx(-1) rsp(-1) ,rflags ,CMP,4,JMP,2,MOV,3,MOV,8,MOV,5,MOV,4,ADD,4,MOV,4,SHL,3,SAR,3,0,0,0,0,0,JMP,0,0,1,0,0,0,ADD,0,0,5092992,5093281,5093002,0,0,1,1,cpp,3.639187558461087e-05,0.0,0,0,0
0x4db5d2,JNL,908274,0,2064,6,0x4db5d0,CMP,1,NonLeaf,edx(LEA) eax(SUB) ,rflags ,CMP,2,SUB,3,SAR,3,SAR,3,LEA,4,MOV,7,LEA,5,MOV,8,MOV,8,MOV,8,0,1,0,0,0,JMP,0,0,1,0,0,0,JMP,0,0,5092674,5094882,5092824,0,0,0,1,cpp,2.374786215085443e-05,0.0,0,0,0
0x4db3af,JNLE,622940,397600,-15,2,0x4db3ad,CMP,1,NonLeaf,esi(-1) eax(ADD) ,rflags ,CMP,2,ADD,4,MOV,5,MOVZX,4,NOP,2,JMP,5,MOVSD_XMM,9,MOVSD_XMM,6,MOVSD_XMM,6,MOVSD_XMM,6,1,1,1,1,1,JG,0,0,1,1,0,0,JMP,0,0,5092256,5092256,5092273,1,0,1,0,cpp,1.6287478501259817e-05,0.6382637172119305,1,1,1
0x4db380,JNLE,1358720,676470,-16,2,0x4db37e,CMP,1,NonLeaf,edi(-1) edx(ADD) ,rflags ,CMP,2,ADD,4,MOV,5,MOVZX,5,NOP,2,MOV,5,JMP,5,NOP,4,MOV,4,MOV,8,1,1,1,1,1,JG,0,0,1,1,0,0,JMP,0,0,5092208,5092208,5092226,1,0,1,1,cpp,3.552528781139715e-05,0.4978729981158737,0,1,0
0x4db27f,JNLE,2058567,1473171,-100,2,0x4db27c,CMP,1,NonLeaf,r9d(-1) esi(ADD) ,rflags ,CMP,3,ADD,4,ADD,4,MOV,4,ADD,3,MOV,3,MOV,5,MOV,5,JMP,5,NOP,5,0,0,0,1,1,JB,0,0,0,1,0,0,JMP,1,0,5091949,5091867,5091969,0,0,0,0,cpp,5.3823587754684105e-05,0.7156293674191805,1,1,1
0x4db26b,JLE,2072487,13920,-107,2,0x4db268,CMP,1,NonLeaf,ecx(-1) r11d(-1) ,rflags ,CMP,3,JB,2,UCOMISD,4,ADDSD,4,MULSD,4,ADD,3,MOV,4,ADD,4,ADD,4,CMP,3,0,1,0,0,0,JL,0,0,1,0,0,0,JG,0,0,5091944,5091840,5091949,0,0,0,1,cpp,5.418754206928509e-05,0.0067165680653244,0,0,0
0x4db266,JB,3219405,1146918,-87,2,0x4db262,UCOMISD,1,NonLeaf,xmm2(-1) xmm0(ADDSD) ,rflags ,UCOMISD,4,ADDSD,4,MULSD,4,SUBSD,5,MOVAPD,4,CMP,3,JLE,2,ADD,3,MOV,4,ADD,4,1,1,0,0,0,JLE,0,0,1,0,0,0,JLE,0,0,5091867,5091855,5091944,0,0,0,0,cpp,8.417502443951e-05,0.356251543375251,0,0,0
0x4db219,JLE,1160838,334801,104,2,0x4db216,CMP,1,NonLeaf,r9d(-1) esi(ADD) ,rflags ,CMP,3,ADD,4,ADD,3,ADD,4,MOV,5,MOVZX,4,MOVAPD,4,MOVAPD,4,MOVZX,4,MOV,4,0,0,1,0,0,JMP,1,0,0,0,1,1,JB,0,0,5091855,5091969,5091867,0,0,0,0,cpp,3.035143668482589e-05,0.2884131980517522,0,0,0
0x4db204,JL,13920,0,105,2,0x4db200,CMP,1,NonLeaf,ecx(-1) rsp(-1) ,rflags ,CMP,4,JMP,2,MOVSD_XMM,6,MOVSD_XMM,6,MOVSD_XMM,6,MOV,5,ADD,4,ADD,3,ADD,4,CMP,3,0,0,0,0,0,JG,0,0,1,0,0,0,ADD,0,0,5091840,5091949,5091846,0,0,1,1,cpp,3.639543146009835e-07,0.0,0,0,0
0x4db195,JNLE,920197,908274,941,6,0x4db192,CMP,1,NonLeaf,eax(SUB) ,rflags ,CMP,3,SUB,7,MOV,7,JLE,6,CMP,7,MOV,8,MOV,7,MOV,5,MOV,3,MOV,8,0,1,0,0,0,JGE,0,0,1,0,0,0,MOV,0,0,5091716,5092674,5091739,0,0,1,0,cpp,2.4059602617304684e-05,0.9870429918810864,1,0,1
0x4db17e,JLE,920800,603,314,6,0x4db177,CMP,1,NonLeaf,rsp(-1) eax(MOV) ,rflags ,CMP,7,MOV,7,NOP,5,JMP,5,MOVSD_XMM,6,MOV,7,SUB,7,CMP,3,JNLE,6,MOV,8,0,0,0,0,0,JMP,0,0,1,0,0,0,JG,0,0,5091696,5092024,5091716,0,0,1,0,cpp,2.4075368741708736e-05,0.0006548653344917,0,0,0
0x4db0d6,JZ,9360,9360,-7990,6,0x4db084,TEST,1,NonLeaf,rdi(MOV) rdi(MOV) ,rflags ,MOVSD_XMM,8,MOVSD_XMM,8,MOVSD_XMM,8,ADDSD,8,MOVSD_XMM,8,ADD,7,POP,1,POP,1,POP,2,POP,2,0,0,0,0,0,RET,0,0,1,0,0,0,JMP,0,0,5091203,5083552,5091548,0,0,0,0,cpp,2.4472790119721304e-07,1.0,1,0,1
0x4daf7d,JNZ,5994560,5985200,-141,6,0x4daf6d,CMP,1,NonLeaf,rsi(ADD) rdi(-1) ,rflags ,ADDSD,4,ADDSD,4,ADDSD,5,CMP,3,MULSD,5,MOV,8,MOVSD_XMM,6,ADDSD,8,ADDSD,6,ADDSD,6,1,1,0,0,0,ADD,0,0,0,1,0,0,JE,1,0,5091060,5091056,5091203,1,0,0,1,cpp,0.0001567346247223,0.9984385843164468,1,1,1
0x4daeae,JNZ,5994560,5985200,-142,6,0x4dae9c,CMP,1,NonLeaf,rax(ADD) rsi(-1) ,rflags ,ADDSD,5,ADDSD,5,ADDSD,5,CMP,3,MULSD,5,MOV,8,XORPD,4,MOV,8,MOV,4,MOVAPD,4,1,1,1,1,1,JNE,0,0,1,1,0,0,JMP,1,0,5090848,5090848,5090996,1,0,1,0,cpp,0.0001567346247223,0.9984385843164468,1,1,1
0x4dadca,JLE,9360,0,3920,6,0x4dadc4,TEST,1,NonLeaf,edx(MOV) edx(MOV) ,rflags ,MOV,4,TEST,2,MOV,8,MOV,7,MOVSD_XMM,6,MOV,7,MOVSD_XMM,10,MOV,8,MOVAPD,5,MOVAPD,5,0,1,0,0,0,JMP,1,0,1,0,0,0,NOP,0,0,5090741,5094682,5090768,0,0,0,0,cpp,2.4472790119721304e-07,0.0,0,0,0
0x4dad99,JNLE,5985200,5975840,-6603,6,0x4dad3c,CMP,1,NonLeaf,rsp(-1) ebx(MOV) ,rflags ,MOVSD_XMM,5,ADDSD,5,MOVSD_XMM,6,MOVSD_XMM,5,ADDSD,5,CVTSI2SD,9,MOVSD_XMM,7,MOVSD_XMM,6,MOV,7,MOV,8,0,0,0,1,1,JNE,0,0,0,1,0,0,MOVSD,1,0,5090576,5084110,5090719,0,0,1,1,cpp,0.0001564898968211,0.9984361424847958,1,1,1
0x4dacee,JNLE,8971690,4527900,-350,6,0x4dabf9,CMP,0,NonLeaf,eax(-1) ecx(-1) ,rflags ,MOVSD_XMM,5,SUBSD,4,MOVSD_XMM,5,MOVSD_XMM,5,MOVSD_XMM,4,MOVSD_XMM,7,MOVSD_XMM,7,MOVSD_XMM,7,MOVSD_XMM,7,MOV,8,0,0,0,1,1,SUBSD,0,0,1,1,0,0,MOVSD,1,0,5090486,5090192,5090548,1,0,0,1,cpp,0.0002345750922961,0.5046875226406619,1,1,1
0x4dab22,JLE,5985200,1541410,494,6,0x4dab19,TEST,1,NonLeaf,eax(-1) eax(-1) ,rflags ,MOV,7,TEST,2,ADD,2,MOV,7,CALL_NEAR,5,MOVSD_XMM,9,MOV,7,XOR,2,MOVSD_XMM,8,MOV,8,0,1,1,0,0,JG,0,0,1,0,0,0,NOP,0,0,5090064,5090576,5090088,0,0,1,1,cpp,0.0001564898968211,0.2575369244135534,0,0,0
0x4daaca,JNLE,4049110,2584400,-914,6,0x4da7fd,CMP,0,NonLeaf,eax(-1) edi(-1) ,rflags ,MOVSD_XMM,5,SUBSD,4,MOVSD_XMM,6,MOVSD_XMM,5,MOVSD_XMM,5,MOV,7,MOV,8,MOV,3,MOVSD_XMM,9,MOV,3,0,0,0,1,1,SUBSD,0,0,0,1,0,0,CALL,1,1,5089879,5089080,5090000,1,0,0,1,cpp,0.0001058686102581,0.6382637172119305,1,1,1
0x4da6ae,JLE,5985200,4520490,1058,6,0x4da6a5,TEST,1,NonLeaf,eax(-1) eax(-1) ,rflags ,MOV,7,TEST,2,ADD,2,MOV,7,CALL_NEAR,5,MOVSD_XMM,9,MOV,7,XOR,2,MOVSD_XMM,8,MOVSD_XMM,9,0,1,1,0,0,CALL,0,1,1,0,0,0,NOP,0,0,5088924,5090000,5088948,0,0,1,1,cpp,0.0001564898968211,0.7552780191138141,1,0,1
0x4da2be,JLE,5985200,49315,4344,6,0x4da2b7,TEST,1,NonLeaf,eax(-1) eax(-1) ,rflags ,MOV,5,TEST,2,CALL_NEAR,5,MOVSD_XMM,6,MOVSD_XMM,6,MOVSD_XMM,9,MOV,8,XOR,2,MOV,7,MOV,8,0,1,0,0,0,JMP,0,0,1,0,0,0,NOP,0,0,5087927,5092278,5087940,0,0,1,1,cpp,0.0001564898968211,0.0082394907438347,0,0,0
0x4d9fe4,JZ,920800,920800,587,6,0x4d9fcb,CMP,1,NonLeaf,rsp(-1) ,rflags ,MOV,3,MOV,8,MOV,6,CMP,8,ADD,7,MOV,7,JMP,5,MOV,3,MOV,2,MOV,5,0,0,1,0,0,CALL,0,1,1,0,0,0,JMP,0,0,5087164,5087791,5087210,1,0,1,1,cpp,2.4075368741708736e-05,1.0,1,0,1
0x4d9ece,JBE,225340,225340,5314,6,0x4d9eca,CMP,1,NonLeaf,r8d(-1) ,rflags ,CMP,4,JZ,6,OR,3,SETNB,4,CMP,3,SHR,4,XOR,2,XOR,2,LEA,8,MOV,4,0,0,0,0,0,NOP,0,0,1,0,0,0,MOV,0,0,5086922,5092240,5086932,0,1,0,1,cpp,5.891771929036323e-06,1.0,1,0,1
0x4d9ec4,JZ,225340,0,5324,6,0x4d9ec1,OR,1,NonLeaf,al(OR) sil(SETNB) ,al rflags ,OR,3,SETNB,4,CMP,3,ADD,4,SETNB,3,CMP,4,JBE,6,SHR,4,XOR,2,XOR,2,0,1,0,0,0,NOP,0,0,1,0,0,0,JBE,0,0,5086868,5092240,5086922,0,0,0,0,cpp,5.891771929036323e-06,0.0,0,1,0
0x4d9e8e,JLE,920800,695460,7084,6,0x4d9e7c,TEST,1,NonLeaf,r8d(MOV) r8d(MOV) ,rflags ,LEA,4,LEA,5,MOV,3,MOVSXD,3,TEST,3,ADD,4,MOV,8,ADD,2,CDQE,2,LEA,4,0,1,0,0,0,JMP,0,0,1,0,0,0,JE,0,0,5086807,5093946,5086868,0,0,0,0,cpp,2.4075368741708736e-05,0.7552780191138141,1,0,1
0x4d9e1e,JLE,40,0,29,2,0x4d9e16,CMP,1,NonLeaf,r9d(-1) edx(ADD) ,rflags ,MOV,5,CMP,3,MOVZX,5,ADD,3,MOVSXD,3,MOV,8,MOVSXD,3,MOVZX,4,MOV,8,MOV,4,0,0,1,0,0,MOVZX,0,0,1,0,0,0,MOV,0,0,5086731,5086779,5086752,0,1,0,1,cpp,1.0458457316120212e-09,0.0,0,0,0
0x4d9e09,JLE,40,0,50,2,0x4d9e06,CMP,1,NonLeaf,r9d(-1) esi(LEA) ,rflags ,CMP,3,LEA,3,MOV,5,MOVZX,5,MOVSXD,3,MOVSXD,3,ADD,3,MOVZX,5,CMP,3,MOV,5,0,0,1,0,0,MOVZX,0,0,1,0,0,0,JLE,0,0,5086710,5086779,5086731,0,1,0,1,cpp,1.0458457316120212e-09,0.0,0,1,0
0x4d9df4,JLE,260,220,71,2,0x4d9df1,CMP,1,NonLeaf,r9d(-1) esi(LEA) ,rflags ,CMP,3,LEA,3,MOV,5,MOVZX,5,MOVSXD,3,MOVSXD,3,MOVZX,5,MOV,5,LEA,3,CMP,3,0,0,1,0,0,MOVZX,0,0,1,0,0,0,JLE,0,0,5086689,5086779,5086710,0,1,0,1,cpp,6.797997255478141e-09,0.8461538461538461,1,0,1
0x4d9ddf,JLE,280,20,92,2,0x4d9ddc,CMP,1,NonLeaf,r9d(-1) esi(LEA) ,rflags ,CMP,3,LEA,3,MOV,5,MOVZX,5,MOVSXD,3,MOVSXD,3,MOVZX,5,MOV,5,LEA,3,CMP,3,0,0,1,0,0,MOVZX,0,0,1,0,0,0,JLE,0,0,5086668,5086779,5086689,0,1,0,1,cpp,7.32092012128415e-09,0.0714285714285714,0,0,0
0x4d9dca,JLE,280,0,113,2,0x4d9dc7,CMP,1,NonLeaf,r9d(-1) esi(LEA) ,rflags ,CMP,3,LEA,3,MOV,5,MOVZX,5,MOVSXD,3,MOVSXD,3,MOVZX,5,MOV,5,LEA,3,CMP,3,0,0,1,0,0,MOVZX,0,0,1,0,0,0,JLE,0,0,5086647,5086779,5086668,0,1,0,1,cpp,7.32092012128415e-09,0.0,0,0,0
0x4d9db1,JLE,280,0,138,6,0x4d9dae,CMP,1,NonLeaf,r9d(-1) esi(LEA) ,rflags ,CMP,3,LEA,3,MOV,5,MOVZX,5,MOV,8,MOVSXD,3,MOVZX,5,MOV,5,LEA,3,CMP,3,0,0,1,0,0,MOVZX,0,0,1,0,0,0,JLE,0,0,5086606,5086779,5086647,0,1,0,1,cpp,7.32092012128415e-09,0.0,0,0,0
0x4d9d88,JZ,1410,1130,179,6,0x4d9d85,CMP,1,NonLeaf,r9d(MOV) edx(-1) ,rflags ,CMP,3,MOV,8,MOV,5,MOV,8,JNBE,2,MOV,8,MOVSXD,3,MOV,8,MOVZX,5,MOV,5,0,0,1,0,0,MOVZX,0,0,1,0,0,0,JLE,0,0,5086576,5086779,5086606,0,0,0,1,cpp,3.686606203932376e-08,0.8014184397163121,1,0,1
0x4d9d6e,JNBE,2540,1130,-22,2,0x4d9d6b,CMP,1,NonLeaf,r9d(SHR) r8d(ADD) ,rflags ,CMP,3,ADD,4,MOVDQU,6,ADD,4,MOVDQU,5,MOV,8,MOV,5,MOV,8,CMP,3,JZ,6,1,1,1,1,1,JA,0,0,1,1,0,0,JE,0,0,5086552,5086552,5086576,1,0,1,1,cpp,6.641120395736336e-08,0.4448818897637795,0,1,0
0x4d9d31,JBE,683660,682250,5663,6,0x4d9d2d,CMP,1,NonLeaf,r9d(-1) ,rflags ,CMP,4,JZ,6,OR,3,SETBE,4,CMP,3,SHR,4,MOV,8,MOV,8,LEA,8,XOR,2,0,0,0,0,0,NOP,0,0,1,0,0,0,XOR,0,0,5086509,5092176,5086519,0,1,0,1,cpp,1.7875072321846866e-05,0.997937571307375,1,0,1
0x4d9d27,JZ,683660,0,5673,6,0x4d9d24,OR,1,NonLeaf,dl(OR) dil(SETBE) ,dl rflags ,OR,3,SETBE,4,CMP,3,SETNB,3,LEA,4,CMP,4,JBE,6,SHR,4,MOV,8,MOV,8,0,1,0,0,0,NOP,0,0,1,0,0,0,JBE,0,0,5086457,5092176,5086509,0,0,0,0,cpp,1.7875072321846866e-05,0.0,0,1,0
0x4d9cf3,JLE,920800,237140,356,6,0x4d9ce8,TEST,1,NonLeaf,r9d(MOV) r9d(MOV) ,rflags ,MOV,8,TEST,3,ADD,3,MOV,5,MOV,3,LEA,3,MOV,8,MOVSXD,3,LEA,4,LEA,4,0,1,1,0,0,JLE,0,0,1,0,0,0,JE,0,0,5086373,5086807,5086457,0,0,1,0,cpp,2.4075368741708736e-05,0.2575369244135534,0,0,0
0x4d9c9e,JZ,920800,6237,7,2,0x4d9c98,TEST,1,NonLeaf,eax(SAR) eax(SAR) ,rflags ,LEA,4,TEST,2,ADD,3,MOV,4,MOVSXD,3,MOVZX,5,MOV,5,MOV,3,LEA,3,MOV,8,0,1,1,0,0,JLE,0,0,1,0,0,0,MOVZX,0,0,5086339,5086373,5086368,0,0,1,0,cpp,2.4075368741708736e-05,0.006773457862728,0,0,0
0x4d9c2a,JNLE,1380260,907250,-46,2,0x4d9c28,CMP,1,NonLeaf,edi(-1) edx(ADD) ,rflags ,CMP,2,ADD,4,MOV,4,ADD,4,JNZ,2,SUB,8,SUB,8,MOV,5,MOV,5,SAR,3,0,0,0,1,1,JNE,0,0,0,1,0,0,MOV,1,0,5086236,5086204,5086252,0,0,0,1,cpp,3.608847573787022e-05,0.6573036964050252,1,1,1
0x4d9c1a,JNZ,2431975,1051715,-58,2,0x4d9c17,CMP,1,NonLeaf,cl(MOVZX) ,rflags ,CMP,3,MOVZX,5,MOVSXD,3,SAR,3,SHL,3,ADD,4,MOV,4,ADD,4,CMP,2,JNLE,2,1,1,0,0,0,JE,0,0,1,0,0,0,JG,0,0,5086204,5086176,5086236,0,0,0,1,cpp,6.358676682842865e-05,0.4324530474203065,0,0,0
0x4d9bfa,JLE,1051715,220630,50,2,0x4d9bf8,CMP,1,NonLeaf,edi(-1) edx(ADD) ,rflags ,CMP,2,ADD,4,ADD,4,MOV,3,JNZ,2,MOVZX,6,MOVZX,3,MOV,4,SHL,3,SAR,3,0,0,1,0,0,MOV,1,0,0,0,1,1,JNE,0,0,5086196,5086252,5086204,0,0,1,0,cpp,2.749829109055843e-05,0.2097811669511227,0,0,0
0x4d9beb,JNZ,428775,0,9,2,0x4d9be9,TEST,1,NonLeaf,cl(-1) cl(-1) ,rflags ,TEST,2,JZ,6,CMP,3,NOP,2,JMP,2,MOV,3,ADD,4,ADD,4,CMP,2,JLE,2,0,0,1,0,0,JLE,0,0,1,0,0,0,ADD,0,0,5086185,5086196,5086189,0,0,0,1,cpp,1.1210812589298611e-05,0.0,0,0,0
0x4d9be3,JZ,1051715,622940,5397,6,0x4d9be0,CMP,1,NonLeaf,cl(-1) ,rflags ,CMP,3,NOP,2,JMP,2,MOV,8,MOV,8,TEST,2,JNZ,2,MOV,3,ADD,4,ADD,4,0,1,0,0,0,JMP,0,0,1,0,0,0,JNE,0,0,5086176,5091576,5086185,0,0,1,0,cpp,2.749829109055843e-05,0.5923087528465412,1,0,1
0x4d9ba5,JLE,920197,226557,8882,6,0x4d9ba3,TEST,1,NonLeaf,edi(SHR) edi(SHR) ,rflags ,TEST,2,SHR,3,SUB,8,NOP,4,JNZ,6,MOV,5,MOV,5,XOR,2,MOV,8,MOV,8,0,1,0,0,0,JMP,0,0,1,0,0,0,JMP,0,0,5086115,5094999,5086123,0,0,1,1,cpp,2.4059602617304684e-05,0.2462048887357815,0,0,0
0x4d9a71,JZ,920800,920800,5887,6,0x4d9a69,TEST,1,NonLeaf,r8b(-1) r8b(-1) ,rflags ,MOV,5,TEST,3,ADD,3,MOV,5,LEA,5,MOV,7,MOV,7,CMP,2,JLE,6,MOV,8,0,1,0,0,0,JLE,0,0,1,0,0,0,JLE,0,0,5085783,5091696,5085815,0,0,0,0,cpp,2.4075368741708736e-05,1.0,1,0,1
0x4d99a7,JL,920800,920800,8352,6,0x4d99a5,CMP,1,NonLeaf,edx(LEA) ebx(MOV) ,rflags ,CMP,2,MOV,3,MOV,4,LEA,4,MOV,3,NOP,3,MOV,2,SAR,2,ADD,2,CMP,2,0,1,0,0,0,JMP,0,0,1,0,0,0,NOP,0,0,5085576,5093959,5085613,0,0,0,0,cpp,2.4075368741708736e-05,1.0,1,0,1
0x4d9941,JZ,329920,0,6599,6,0x4d9938,TEST,1,NonLeaf,eax(SAR) eax(SAR) ,rflags ,MOV,7,TEST,2,SAR,3,SUB,8,JNLE,2,MOV,8,CDQE,2,MOV,11,MOVZX,5,MOV,4,0,1,0,0,0,JMP,0,0,1,0,0,0,MOV,0,0,5085485,5092104,5085511,0,1,1,1,cpp,8.626135594335954e-06,0.0,0,0,0
0x4d992b,JNLE,29217438,28889561,-75,2,0x4d9925,CMP,1,NonLeaf,edx(-1) esi(ADD) ,rflags ,LEA,4,CMP,2,MOVZX,4,ADD,4,MOV,4,SUB,8,SAR,3,TEST,2,MOV,7,JZ,6,0,0,0,1,1,JE,0,0,0,1,0,0,JE,1,0,5085469,5085408,5085485,0,0,1,1,cpp,0.0007639233205234,0.9887780372803392,1,1,1
0x4d990d,JZ,29217438,28631055,16,2,0x4d990a,AND,1,NonLeaf,edi(AND) ,edi rflags ,AND,3,AND,4,MOV,3,MOV,4,MOV,3,LEA,3,ADD,3,MOV,4,MOV,4,ADD,4,1,1,1,0,0,JG,0,0,1,0,0,0,MOV,0,0,5085408,5085469,5085455,0,0,0,1,cpp,0.0007639233205234,0.97993037582556,1,0,1
0x4d98cb,JZ,328480,603,98,2,0x4d98c9,TEST,1,NonLeaf,edx(-1) edx(-1) ,rflags ,TEST,2,JNLE,2,CMP,2,ADD,4,ADD,3,MOV,8,XOR,2,NOP,9,MOVZX,5,MOVZX,3,0,0,1,0,0,JE,0,0,1,0,0,0,NOP,0,0,5085385,5085485,5085389,0,0,1,0,cpp,8.588485147997921e-06,0.0018357282026302,0,0,0
0x4d98c7,JNLE,1149310,820830,-87,2,0x4d98c5,CMP,1,NonLeaf,ebx(-1) ecx(ADD) ,rflags ,CMP,2,ADD,4,ADD,3,MOV,5,ADD,3,TEST,2,JZ,2,MOV,8,XOR,2,NOP,9,0,0,0,1,1,JB,0,0,0,1,0,0,JE,1,0,5085374,5085296,5085385,0,0,0,0,cpp,3.005002394497531e-05,0.7141937336314832,1,1,1
0x4d98b1,JB,1149310,369204,13,2,0x4d98ad,UCOMISD,1,NonLeaf,xmm2(MOVSD_XMM) xmm0(ADDSD) ,rflags ,UCOMISD,4,ADDSD,4,MULSD,4,SUBSD,5,MOVAPD,4,MOVSXD,3,ADD,3,MOV,5,ADD,3,ADD,4,1,1,1,0,0,JG,0,0,1,0,0,0,MOV,0,0,5085296,5085374,5085363,0,0,0,1,cpp,3.005002394497531e-05,0.3212397003419443,0,1,0
0x4d9832,JNLE,328480,319840,8075,6,0x4d982f,CMP,1,NonLeaf,edx(SUB) ,rflags ,CMP,3,SUB,2,MOV,2,JLE,6,CMP,2,XOR,2,MOV,5,MOVSXD,3,MOV,8,MOVSD_XMM,9,0,1,0,0,0,JGE,0,0,1,0,0,0,XOR,0,0,5085227,5093309,5085240,0,0,1,0,cpp,8.588485147997921e-06,0.9736970287384316,1,0,1
0x4d9825,JLE,329920,1440,264,6,0x4d9823,CMP,1,NonLeaf,ebx(MOV) ecx(MOV) ,rflags ,CMP,2,MOV,7,MOV,5,MOV,7,MOV,8,MOV,2,SUB,2,CMP,3,JNLE,6,XOR,2,0,1,1,0,0,JE,0,0,1,0,0,0,JG,0,0,5085219,5085485,5085227,0,0,1,0,cpp,8.626135594335954e-06,0.004364694471387,0,0,0
0x4d9802,JNZ,329920,0,6958,6,0x4d97fd,CMP,1,NonLeaf,rsp(-1) ,rflags ,CMP,5,ADD,8,ADD,3,CDQE,2,ADD,3,MOV,8,MOV,7,MOV,5,MOV,7,CMP,2,0,1,0,0,0,JMP,0,0,1,0,0,0,MOV,0,0,5085173,5092144,5085192,0,0,1,1,cpp,8.626135594335954e-06,0.0,0,0,0
0x4d9679,JZ,298740,298740,365,6,0x4d9677,CMP,1,NonLeaf,ecx(-1) esi(-1) ,rflags ,CMP,2,MOV,5,LEA,3,MOV,4,JNZ,6,SUB,2,MOV,2,MOV,2,MOV,4,SHR,3,0,0,1,0,0,ADD,0,0,0,0,0,0,JE,0,0,5084791,5085158,5084799,0,1,0,1,cpp,7.810898846544383e-06,1.0,1,0,1
0x4d9615,JZ,10460,10460,9910,6,0x4d960b,CMP,1,NonLeaf,ecx(-1) ,rflags ,LEA,3,MOV,4,CMP,3,JZ,6,LEA,3,CMP,3,MOV,4,LEA,3,JZ,6,CMP,3,0,1,0,0,0,JMP,0,0,1,0,0,0,JE,0,0,5084683,5094603,5084699,0,0,0,1,cpp,2.734886588165436e-07,1.0,1,0,1
0x4d9605,JZ,283120,272660,9876,6,0x4d95fb,CMP,1,NonLeaf,ecx(-1) ,rflags ,LEA,3,MOV,4,CMP,3,JZ,6,MOV,4,CMP,3,MOV,4,LEA,3,JZ,6,CMP,3,0,1,0,0,0,JMP,0,0,1,0,0,0,JE,0,0,5084667,5094553,5084683,0,0,0,1,cpp,7.402496088349888e-06,0.9630545351794292,1,0,1
0x4d95f5,JZ,298740,15620,9902,6,0x4d95eb,CMP,1,NonLeaf,ecx(-1) ,rflags ,MOV,4,LEA,3,CMP,3,MOV,8,JZ,6,CMP,3,MOV,4,LEA,3,JZ,6,CMP,3,0,1,0,0,0,JMP,0,0,1,0,0,0,JE,0,0,5084643,5094563,5084667,0,0,0,1,cpp,7.810898846544383e-06,0.0522862689964517,0,0,0
0x4d95dd,JZ,298740,0,8026,6,0x4d95db,TEST,1,NonLeaf,ecx(CMOVBE) ecx(CMOVBE) ,rflags ,TEST,2,CMOVBE,3,CMP,3,SUB,3,SUB,2,MOV,8,CMP,3,LEA,3,MOV,4,JZ,6,0,1,0,0,0,JMP,0,0,1,0,0,0,JE,0,0,5084600,5092663,5084643,0,0,0,1,cpp,7.810898846544383e-06,0.0,0,0,0
0x4d95b2,JLE,329920,31180,9932,6,0x4d95af,CMP,1,NonLeaf,eax(MOV) r9d(MOV) ,rflags ,CMP,3,MOV,7,MOV,4,MOV,3,LEA,3,MOV,3,MOV,7,MOV,2,NOT,3,LEA,4,0,1,0,0,0,JMP,0,0,1,0,0,0,JE,0,0,5084574,5094526,5084600,0,0,0,0,cpp,8.626135594335954e-06,0.094507759456838,0,0,0
0x4d953d,JLE,329920,329920,97,2,0x4d9536,CMP,1,NonLeaf,rsp(-1) eax(MOVSXD) ,rflags ,CMP,7,MOVSXD,8,MOV,5,MOV,7,JNZ,2,MOV,8,MOVZX,4,LEA,5,CMP,7,JLE,2,0,0,1,0,0,JLE,0,0,1,0,0,0,JLE,0,0,5084462,5084574,5084479,0,1,1,0,cpp,8.626135594335954e-06,1.0,1,0,1
0x4d9520,JNZ,329920,328480,-16,2,0x4d951e,CMP,1,NonLeaf,edx(ADD) esi(-1) ,rflags ,CMP,2,ADD,3,JLE,2,CMP,2,ADD,4,MOV,7,MOV,5,MOVSXD,8,CMP,7,JLE,2,1,1,0,0,0,JLE,0,0,1,1,0,0,MOV,1,0,5084443,5084432,5084450,0,0,0,1,cpp,8.626135594335954e-06,0.995635305528613,1,1,1
0x4d9519,JLE,328480,328480,9,2,0x4d9517,CMP,1,NonLeaf,edi(-1) ecx(MOVZX) ,rflags ,CMP,2,ADD,4,MOVZX,3,NOP,3,JMP,2,ADD,3,CMP,2,JNZ,2,MOV,7,MOV,5,0,0,1,0,0,MOV,1,0,0,0,1,1,JNE,0,0,5084432,5084450,5084443,0,0,1,0,cpp,8.588485147997921e-06,1.0,1,0,1
0x4d94f9,JLE,329920,0,53,2,0x4d94f6,CMP,1,NonLeaf,r8d(MOV) eax(MOVZX) ,rflags ,CMP,3,MOVZX,4,LEA,4,MOV,8,MOVSXD,3,LEA,5,MOVZX,6,MOV,3,MOV,2,JMP,2,0,0,1,0,0,JLE,0,0,1,0,0,0,JMP,0,0,5084379,5084462,5084411,0,0,0,0,cpp,8.626135594335954e-06,0.0,0,0,0
0x4d94d9,JLE,329920,0,85,2,0x4d94d7,CMP,1,NonLeaf,esi(MOV) ecx(MOV) ,rflags ,CMP,2,MOV,7,MOV,7,JZ,6,TEST,2,MOV,8,MOVSXD,3,MOV,8,LEA,4,MOVZX,4,0,1,1,0,0,JLE,0,0,1,0,0,0,JLE,0,0,5084361,5084462,5084379,0,0,0,0,cpp,8.626135594335954e-06,0.0,0,0,0
0x4d94c3,JZ,329920,0,219,6,0x4d94c1,TEST,1,NonLeaf,al(-1) ,rflags ,TEST,2,SHR,5,MOV,5,MOVZX,5,JZ,2,MOV,7,MOV,7,CMP,2,JLE,2,MOV,8,0,1,1,0,0,JLE,0,0,1,0,0,0,JLE,0,0,5084353,5084574,5084361,0,0,1,0,cpp,8.626135594335954e-06,0.0,0,0,0
0x4d94b0,JZ,329920,329920,17,2,0x4d94aa,TEST,1,NonLeaf,edi(MOV) edi(MOV) ,rflags ,MOV,4,TEST,2,MOV,5,MOV,6,JZ,6,MOVZX,5,MOV,5,SHR,5,TEST,2,JZ,6,0,1,1,0,0,JE,0,0,1,0,0,0,SHR,0,0,5084319,5084353,5084338,0,0,0,1,cpp,8.626135594335954e-06,1.0,1,0,1
0x4d9499,JZ,920800,590880,7679,6,0x4d9497,TEST,1,NonLeaf,al(-1) ,rflags ,TEST,2,MOV,5,SUB,3,MOVSXD,3,JZ,6,MOV,6,MOV,5,TEST,2,MOV,4,JZ,2,0,1,0,0,0,JMP,0,0,1,0,0,0,JE,0,0,5084311,5091992,5084319,0,0,1,1,cpp,2.4075368741708736e-05,0.6417028670721112,1,0,1
0x4d9486,JZ,920800,0,8034,6,0x4d9483,TEST,1,NonLeaf,rdx(MOV) rdx(MOV) ,rflags ,TEST,3,MOV,4,MOV,4,MOV,4,MOV,3,MOVSXD,3,SUB,3,MOV,5,TEST,2,JZ,6,0,1,0,0,0,JE,0,0,1,0,0,0,MOV,0,0,5084222,5092328,5084300,0,1,0,1,cpp,2.4075368741708736e-05,0.0,0,0,0
0x4d9438,JZ,5985200,5064400,3448,6,0x4d9430,CMP,1,NonLeaf,rsp(-1) ,rflags ,CMP,8,MOVSD_XMM,6,ADDSD,6,MOVSD_XMM,9,MOVSD_XMM,6,MOV,8,MOV,8,LEA,4,MOV,3,LEA,7,0,1,0,0,0,MOV,0,0,1,0,0,0,JE,0,0,5084208,5087664,5084222,0,0,1,1,cpp,0.0001564898968211,0.8461538461538461,1,0,1
0x4d93f0,JNZ,5985200,2144480,-80,2,0x4d93ee,TEST,1,NonLeaf,al(MOVZX) ,rflags ,TEST,2,MOVZX,5,LEA,4,SHL,4,MOV,8,MOVSD_XMM,9,ADDSD,5,MOVSD_XMM,6,MOVSD_XMM,9,ADDSD,6,1,1,0,0,0,JE,0,0,1,0,0,0,MOVSD,0,0,5084110,5084064,5084146,0,0,0,1,cpp,0.0001564898968211,0.3582971329278888,0,0,0
0x4d93ab,JZ,2144480,2144480,7517,6,0x4d93a8,TEST,1,NonLeaf,r9d(MOV) r9d(MOV) ,rflags ,TEST,3,MOV,8,NOP,3,JMP,2,MOVSD_XMM,6,SHR,3,SUB,8,AND,3,ADD,2,CMP,7,0,1,0,0,0,JMP,0,0,1,0,0,0,JLE,0,0,5084064,5091592,5084081,0,0,1,1,cpp,5.60698813631837e-05,1.0,1,0,1
0x4d92ef,JLE,9360,0,10734,6,0x4d92df,TEST,1,NonLeaf,eax(LEA) eax(LEA) ,rflags ,MOV,7,MOV,7,TEST,2,SUB,3,MOV,4,MOV,8,XORPD,4,XOR,3,MOV,11,MOV,11,0,1,0,0,0,JMP,1,0,1,0,0,0,JMP,0,0,5083827,5094621,5083893,0,0,1,1,cpp,2.4472790119721304e-07,0.0,0,0,0
0x4d9293,JNLE,9360,4746,10172,6,0x4d9286,CMP,1,NonLeaf,rsp(-1) edx(MOV) ,rflags ,MOV,3,MOV,3,CMP,7,MOV,4,MOV,7,MOV,7,MOV,3,XOR,2,MOV,3,MOV,3,0,1,0,0,0,JLE,0,0,1,1,0,0,CALL,0,1,5083766,5093967,5083801,0,1,1,1,cpp,2.4472790119721304e-07,0.507051282051282,1,0,1
0x4d923e,JNLE,9360,4745,10544,6,0x4d9231,CMP,1,NonLeaf,rsp(-1) edx(MOV) ,rflags ,MOV,3,MOV,3,CMP,7,MOV,3,MOV,7,MOV,7,MOV,3,XOR,2,MOV,5,MOV,3,0,1,0,0,0,JLE,0,0,1,1,0,0,CALL,0,1,5083687,5094254,5083716,0,1,0,1,cpp,2.4472790119721304e-07,0.5069444444444444,1,0,1
0x4d91f7,JZ,7920,7920,3992,6,0x4d91ed,CMP,1,NonLeaf,rsp(-1) eax(MOVZX) ,rflags ,MOV,3,CMP,7,MOVZX,4,LEA,3,MOV,3,MOV,5,MOV,5,CALL_NEAR,5,MOV,5,MOV,11,0,1,0,0,0,JMP,0,0,1,0,0,0,CALL,0,1,5083607,5087631,5083645,0,1,1,1,cpp,2.0707745485918025e-07,1.0,1,0,1
0x4d91cc,JLE,9360,8620,-535,6,0x4d91c6,CMP,1,NonLeaf,ebx(CMOVNZ) rcx(MOV) ,rflags ,MOV,3,CMP,3,CMOVNZ,3,MOV,5,MOV,4,JMP,5,MOV,8,MOVSXD,4,MOV,3,LEA,3,0,0,1,0,0,JG,0,0,1,0,0,0,JMP,0,0,5083570,5083061,5083602,1,0,1,0,cpp,2.4472790119721304e-07,0.9209401709401708,1,0,1
0x4d910a,JZ,1440,1440,96,2,0x4d9104,TEST,1,NonLeaf,ebp(MOV) ebp(MOV) ,rflags ,MOV,4,TEST,2,MOVZX,5,MOV,11,MOV,6,MOV,8,MOV,8,XOR,2,MOV,2,XOR,2,0,0,1,0,0,JMP,0,0,1,0,0,0,NOP,0,0,5083366,5083498,5083404,0,0,1,0,cpp,3.7650446338032777e-08,1.0,1,0,1
0x4d90e0,JZ,1440,0,11387,6,0x4d90d7,TEST,1,NonLeaf,eax(MOVSXD) eax(MOVSXD) ,rflags ,MOV,7,TEST,2,MOVSXD,3,JNZ,2,CMP,2,MOV,8,MOV,6,MOV,11,MOVZX,5,TEST,2,0,0,0,0,0,JMP,0,0,1,0,0,0,JE,0,0,5083348,5094747,5083366,0,0,1,1,cpp,3.7650446338032777e-08,0.0,0,0,0
0x4d90d2,JNZ,922240,920800,-26,2,0x4d90d0,CMP,1,NonLeaf,eax(ADD) esi(-1) ,rflags ,CMP,2,ADD,4,ADD,3,MOV,5,ADD,3,MOVSXD,3,TEST,2,MOV,7,JZ,6,MOV,8,0,0,0,1,1,JE,0,0,1,1,0,0,JE,1,0,5083337,5083320,5083348,0,0,0,1,cpp,2.411301918804677e-05,0.9984385843164468,1,1,1
0x4d90bc,JZ,922240,592320,13,2,0x4d90b8,TEST,1,NonLeaf,rdx(-1) ,rflags ,TEST,4,NOP,4,XOR,2,XOR,2,MOV,3,MOVSXD,3,ADD,3,MOV,5,ADD,3,ADD,4,1,1,1,0,0,JNE,0,0,1,0,0,0,MOV,0,0,5083320,5083337,5083326,1,0,0,1,cpp,2.411301918804677e-05,0.6422623178348369,1,1,1
0x4d909f,JLE,1440,0,11452,6,0x4d909d,TEST,1,NonLeaf,esi(MOV) esi(MOV) ,rflags ,TEST,2,MOV,7,JZ,6,MOV,7,OR,2,MOV,8,MOV,3,XOR,2,XOR,2,NOP,4,0,1,0,0,0,JMP,0,0,1,0,0,0,NOP,0,0,5083286,5094747,5083301,0,0,1,0,cpp,3.7650446338032777e-08,0.0,0,0,0
0x4d9090,JZ,9360,7920,327,6,0x4d9087,OR,1,NonLeaf,dl(OR) al(SETNZ) ,dl rflags ,MOV,7,OR,2,SETNZ,3,MOV,8,TEST,2,MOV,7,TEST,2,JLE,6,MOV,8,MOV,3,0,1,0,0,0,JE,0,0,1,0,0,0,JLE,0,0,5083247,5083607,5083286,0,0,1,0,cpp,2.4472790119721304e-07,0.8461538461538461,1,0,1
0x4d9069,JNLE,9360,740,3981,6,0x4d905b,CMP,1,NonLeaf,ebx(-1) rcx(MOV) ,rflags ,MOV,3,MOV,8,CMP,3,MOV,3,MOV,7,MOV,3,TEST,2,MOV,3,SETZ,3,TEST,2,0,1,0,0,0,CALL,0,1,1,1,0,0,JE,0,0,5083214,5087222,5083247,0,0,1,1,cpp,2.4472790119721304e-07,0.079059829059829,0,0,0
0x4d9048,JNLE,9360,740,4299,6,0x4d903a,CMP,1,NonLeaf,ebx(-1) rcx(MOV) ,rflags ,MOV,3,MOV,8,CMP,3,MOV,3,MOV,7,MOV,3,MOV,7,MOV,3,CMP,3,MOV,8,0,1,0,0,0,CALL,0,1,1,1,0,0,JG,0,0,5083181,5087507,5083214,0,1,1,1,cpp,2.4472790119721304e-07,0.079059829059829,0,0,0
0x4d9027,JNLE,9360,740,4285,6,0x4d9019,CMP,1,NonLeaf,ebx(-1) rcx(MOV) ,rflags ,MOV,3,MOV,8,CMP,3,MOV,3,MOV,4,MOV,3,MOV,7,MOV,3,CMP,3,MOV,8,0,1,0,0,0,CALL,0,1,1,1,0,0,JG,0,0,5083151,5087460,5083181,0,1,1,1,cpp,2.4472790119721304e-07,0.079059829059829,0,0,0
0x4d9009,JNLE,9360,740,4268,6,0x4d8ffb,CMP,1,NonLeaf,ebx(-1) rcx(MOV) ,rflags ,MOV,3,MOV,8,CMP,3,MOV,3,MOV,4,MOV,3,MOV,4,MOV,3,CMP,3,MOV,8,0,1,0,0,0,CALL,0,1,1,1,0,0,JG,0,0,5083121,5087413,5083151,0,1,1,1,cpp,2.4472790119721304e-07,0.079059829059829,0,0,0
0x4d8feb,JNLE,9360,740,4251,6,0x4d8fdd,CMP,1,NonLeaf,ebx(-1) rcx(MOV) ,rflags ,MOV,3,MOV,8,CMP,3,MOV,3,MOV,4,MOV,3,MOV,4,MOV,3,CMP,3,MOV,8,0,1,0,0,0,CALL,0,1,1,1,0,0,JG,0,0,5083091,5087366,5083121,0,1,1,1,cpp,2.4472790119721304e-07,0.079059829059829,0,0,0
0x4d8fcd,JNLE,9360,740,4234,6,0x4d8fbf,CMP,1,NonLeaf,ebx(-1) rcx(MOV) ,rflags ,MOV,3,MOV,8,CMP,3,MOV,3,MOV,4,MOV,3,MOV,4,MOV,3,CMP,3,MOV,8,0,1,0,0,0,CALL,0,1,1,1,0,0,JG,0,0,5083061,5087319,5083091,0,1,1,1,cpp,2.4472790119721304e-07,0.079059829059829,0,0,0
0x4d8f9f,JNZ,9360,9360,531,6,0x4d8f9d,TEST,1,NonLeaf,edx(-1) edx(-1) ,rflags ,TEST,2,SETZ,8,MOV,3,MOV,4,TEST,2,MOV,4,CMP,3,MOV,3,JNLE,6,MOV,3,0,1,0,0,0,JLE,0,0,1,0,0,0,JG,0,0,5083020,5083570,5083045,0,0,0,0,cpp,2.4472790119721304e-07,1.0,1,0,1
0x4d8f86,JNLE,9360,4745,4580,6,0x4d8f7f,CMP,1,NonLeaf,ebx(-1) r15(MOV) ,rflags ,MOV,3,CMP,4,MOV,3,MOV,4,MOV,4,TEST,2,MOV,4,MOV,3,SETZ,8,TEST,2,0,1,0,0,0,CALL,0,1,1,1,0,0,JNE,0,0,5082996,5087594,5083020,0,1,1,1,cpp,2.4472790119721304e-07,0.5069444444444444,1,0,1
0x4d8f6e,JNLE,9360,4745,4567,6,0x4d8f53,CMP,1,NonLeaf,ebx(ADD) r14(MOV) ,rflags ,MOV,8,MOV,3,MOV,4,MOV,8,CMP,4,MOV,4,MOV,4,MOV,3,CMP,4,MOV,3,0,1,0,0,0,CALL,0,1,1,1,0,0,JG,0,0,5082617,5087557,5082996,0,1,1,1,cpp,2.4472790119721304e-07,0.5069444444444444,1,0,1
0x4d8df3,JNZ,9360,0,941,6,0x4d8df0,TEST,1,NonLeaf,r12d(MOV) r12d(MOV) ,rflags ,TEST,3,MOV,8,MOV,7,SUB,7,PUSH,1,MOVSD_XMM,5,MOV,4,MOV,3,MOV,6,MOV,6,0,1,0,0,0,RET,1,0,1,0,0,0,JG,0,0,5082576,5083552,5082617,0,0,0,1,cpp,2.4472790119721304e-07,0.0,0,0,0
0x4d8bac,JNLE,130520,125775,-36,2,0x4d8baa,CMP,1,NonLeaf,ecx(-1) edx(ADD) ,rflags ,CMP,2,ADD,4,ADD,3,MOVSD_XMM,5,MOVSD_XMM,5,MOV,3,JMP,5,XOR,2,JMP,5,MOV,5,0,0,0,1,1,JE,0,0,1,1,0,0,JMP,1,0,5082019,5081992,5082030,0,0,0,0,cpp,3.4125946222500263e-06,0.9636454183266931,1,1,1
0x4d8b8b,JZ,130520,0,24,2,0x4d8b88,TEST,1,NonLeaf,rax(-1) rax(-1) ,rflags ,TEST,3,NOP,6,MOV,7,LEA,4,LEA,4,MOVSD_XMM,8,MOVSD_XMM,4,MOVSD_XMM,5,MOVSD_XMM,5,ADD,3,1,1,1,0,0,JG,0,0,1,0,0,0,MOVSD,0,0,5081992,5082019,5081997,1,0,0,1,cpp,3.4125946222500263e-06,0.0,0,0,0
0x58fd01,JZ,21062,0,36,2,0x58fcfb,TEST,1,NonLeaf,rdx(SUB) rdx(SUB) ,rflags ,MOV,3,TEST,3,XOR,3,SUB,3,JBE,6,CMP,3,MOV,3,CMOVNBE,4,MOV,3,CALL_NEAR,5,0,0,1,0,0,JE,0,0,0,0,0,0,CALL,0,1,5831931,5831973,5831939,0,1,0,1,cpp,5.506900699803099e-07,0.0,0,0,0
0x4d8ab2,JLE,4745,4745,390,6,0x4d8ab0,CMP,1,NonLeaf,edi(MOV) eax(MOV) ,rflags ,CMP,2,MOV,7,MOV,3,JMP,5,MOV,3,CVTSI2SS,4,MOV,5,MULSS,5,CVTTSS2SI,4,CMP,2,0,1,0,0,0,JMP,0,0,1,0,0,0,CALL,0,1,5081766,5082168,5081784,0,1,0,1,cpp,1.2406344991247604e-07,1.0,1,0,1
0x4d8a9c,JNLE,130520,125775,-36,2,0x4d8a9a,CMP,1,NonLeaf,ecx(-1) edx(ADD) ,rflags ,CMP,2,ADD,4,ADD,3,MOVSD_XMM,5,MOVSD_XMM,5,MOV,3,JMP,5,MOV,3,MOV,7,CMP,2,0,0,0,1,1,JE,0,0,1,1,0,0,JMP,1,0,5081747,5081720,5081758,0,0,0,0,cpp,3.4125946222500263e-06,0.9636454183266931,1,1,1
0x4d8a7b,JZ,130520,0,24,2,0x4d8a78,TEST,1,NonLeaf,rax(-1) rax(-1) ,rflags ,TEST,3,NOP,3,MOV,7,LEA,4,LEA,4,MOVSD_XMM,8,MOVSD_XMM,4,MOVSD_XMM,5,MOVSD_XMM,5,ADD,3,1,1,1,0,0,JG,0,0,1,0,0,0,MOVSD,0,0,5081720,5081747,5081725,1,0,0,1,cpp,3.4125946222500263e-06,0.0,0,0,0
0x4d8998,JLE,4745,4745,629,6,0x4d8996,CMP,1,NonLeaf,edi(MOV) eax(MOV) ,rflags ,CMP,2,MOV,5,MOV,7,MOV,4,JMP,5,CVTSI2SS,4,MOV,5,MULSS,6,CVTTSS2SI,4,CMP,2,0,1,0,0,0,JMP,0,0,1,0,0,0,CALL,0,1,5081478,5082125,5081502,0,1,0,1,cpp,1.2406344991247604e-07,1.0,1,0,1
0x4d8958,JNLE,817417,817417,-2103,6,0x4d8951,CMP,1,NonLeaf,rsp(-1) esi(LEA) ,rflags ,CMP,7,LEA,3,LEA,4,MOV,8,MOV,5,MOV,3,SUB,8,SHR,3,JMP,5,MOV,3,0,0,0,0,0,JMP,0,0,1,0,0,0,JMP,0,0,5081422,5079329,5081438,0,0,1,0,cpp,2.1372302009927596e-05,1.0,1,0,1
0x4d8904,JNLE,287856,287856,-7669,6,0x4d8902,CMP,1,NonLeaf,ebx(MOV) ecx(LEA) ,rflags ,CMP,2,LEA,3,LEA,4,MOV,8,MOV,8,JMP,5,MOV,7,MOV,4,MOV,3,MOV,8,0,0,0,0,0,NOP,0,0,1,0,0,0,JMP,0,0,5081343,5073679,5081354,0,0,0,0,cpp,7.526324222972751e-06,1.0,1,0,1
0x4d88c6,JNZ,16555149,16267293,-214,6,0x4d88c3,CMP,1,NonLeaf,r9(ADD) r12(-1) ,rflags ,CMP,3,ADD,2,ADD,2,ADD,4,ADD,4,MOV,7,MOV,4,MOV,5,MOV,7,MOV,8,1,1,0,0,0,MOV,0,0,1,1,0,0,LEA,1,0,5081078,5081072,5081292,0,0,0,0,cpp,0.0004328532979462,0.982612297841596,1,1,1
0x4d875d,JNL,287856,0,1438,6,0x4d875b,CMP,1,NonLeaf,esi(LEA) edx(LEA) ,rflags ,CMP,2,LEA,3,MOVSD_XMM,6,MOVSD_XMM,5,MOVSD_XMM,4,LEA,3,MOV,5,MOV,8,MOV,8,MOV,5,0,1,0,0,0,JMP,0,0,1,0,0,0,JMP,0,0,5080837,5082363,5080931,0,0,0,1,cpp,7.526324222972751e-06,0.0,0,0,0
0x4d86e3,JLE,77382194,1252666,-283,6,0x4d86da,CMP,1,NonLeaf,ecx(-1) rsp(-1) ,rflags ,MOVZX,5,CMP,4,JB,6,UCOMISD,5,MOVSD_XMM,5,MOV,3,ADD,4,JMP,5,NOP,3,MOV,4,0,1,0,0,0,JL,0,0,1,0,0,0,JMP,0,0,5080794,5080520,5080809,0,0,0,1,cpp,0.0020232459324418,0.0161880393311153,0,0,0
0x4d86d4,JB,101207749,23825555,-250,6,0x4d86cf,UCOMISD,1,NonLeaf,xmm9(-1) xmm1(ADDSD) ,rflags ,UCOMISD,5,MOVSD_XMM,5,ADDSD,4,ADDSD,4,MULSD,4,CMP,4,MOVZX,5,JLE,6,MOV,3,ADD,4,1,1,1,0,0,JB,0,0,1,0,0,0,JLE,0,0,5080619,5080538,5080794,0,0,0,0,cpp,0.0026461923074427,0.2354123595812806,0,0,0
0x4d861e,JZ,101207749,817417,753,6,0x4d8619,CMP,1,NonLeaf,r9(ADD) rsp(-1) ,rflags ,CMP,5,SAR,3,SHL,3,ADD,4,ADD,4,MOV,3,MOV,4,MOVAPD,5,MOVAPD,5,MOVAPD,5,0,1,1,0,0,LEA,1,0,1,0,0,0,MOV,0,0,5080583,5081359,5080612,0,0,0,1,cpp,0.0026461923074427,0.0080766246465969,0,0,0
0x4d85f9,JL,923553,0,255,6,0x4d85f5,CMP,1,NonLeaf,esi(-1) rsp(-1) ,rflags ,CMP,4,JNLE,6,CMP,4,JB,2,UCOMISD,5,MOV,4,ADD,4,MOV,4,ADD,4,ADD,4,0,0,0,0,0,JMP,0,0,1,0,0,0,ADD,0,0,5080565,5080824,5080575,0,0,1,1,cpp,2.4147349074186933e-05,0.0,0,0,0
0x4d85ef,JNLE,77246753,76323200,265,6,0x4d85eb,CMP,1,NonLeaf,esi(-1) rsp(-1) ,rflags ,CMP,4,JB,2,UCOMISD,5,SAR,3,SHL,3,CMP,4,JL,6,MOV,4,ADD,4,MOV,4,0,1,0,0,0,JMP,0,0,1,0,0,0,JL,0,0,5080555,5080824,5080565,0,0,1,0,cpp,0.0020197046726484,0.9880441188252922,1,0,1
0x4d85e9,JB,101207749,23960996,30,2,0x4d85e4,UCOMISD,1,NonLeaf,xmm9(-1) xmm0(-1) ,rflags ,UCOMISD,5,SAR,3,SHL,3,MOV,4,ADD,4,CMP,4,JNLE,6,CMP,4,JL,6,MOV,4,0,1,1,0,0,JE,0,0,1,0,0,0,JG,0,0,5080538,5080583,5080555,0,0,0,0,cpp,0.0026461923074427,0.2367506069125201,0,0,0
0x4d852f,JNL,817417,0,2003,6,0x4d852d,CMP,1,NonLeaf,edx(LEA) eax(SUB) ,rflags ,CMP,2,SUB,3,SAR,3,SAR,3,LEA,4,MOV,7,LEA,5,MOV,8,MOV,8,MOV,8,0,1,0,0,0,JMP,0,0,1,0,0,0,JMP,0,0,5080226,5082370,5080373,0,0,0,1,cpp,2.1372302009927596e-05,0.0,0,0,0
0x4d82e0,JNLE,1222848,608823,-16,2,0x4d82de,CMP,1,NonLeaf,edi(-1) edx(ADD) ,rflags ,CMP,2,ADD,4,MOV,5,MOVZX,5,NOP,5,MOV,5,JMP,5,NOP,4,MOV,4,MOV,8,1,1,1,1,1,JG,0,0,1,1,0,0,JMP,0,0,5079760,5079760,5079778,1,0,1,1,cpp,3.1972759030257434e-05,0.4978729981158737,0,1,0
0x4d81f0,JNLE,1857464,1329700,-101,2,0x4d81ed,CMP,1,NonLeaf,r9d(-1) esi(ADD) ,rflags ,CMP,3,ADD,4,ADD,4,MOV,4,ADD,3,MOV,3,MOV,5,MOV,5,JMP,5,NOP,4,0,0,0,1,1,JB,0,0,0,1,0,0,JMP,1,0,5079518,5079435,5079538,0,0,0,0,cpp,4.85655199005748e-05,0.7158685175055882,1,1,1
0x4d81dc,JLE,1870025,12561,-108,2,0x4d81d9,CMP,1,NonLeaf,ecx(-1) r11d(-1) ,rflags ,CMP,3,JB,2,UCOMISD,4,ADDSD,4,MULSD,4,ADD,3,MOV,4,ADD,4,ADD,4,CMP,3,0,1,0,0,0,JL,0,0,1,0,0,0,JG,0,0,5079513,5079408,5079518,0,0,0,1,cpp,4.8893941606444265e-05,0.0067170224996992,0,0,0
0x4d81d7,JB,2897628,1027603,-88,2,0x4d81d3,UCOMISD,1,NonLeaf,xmm2(-1) xmm0(ADDSD) ,rflags ,UCOMISD,4,ADDSD,4,MULSD,4,SUBSD,5,MOVAPD,5,CMP,3,JLE,2,ADD,3,MOV,4,ADD,4,1,1,0,0,0,JLE,0,0,1,0,0,0,JLE,0,0,5079435,5079423,5079513,0,0,0,0,cpp,7.576179688998696e-05,0.3546359298018931,0,0,0
0x4d8189,JLE,1040164,300410,105,2,0x4d8186,CMP,1,NonLeaf,r9d(-1) esi(ADD) ,rflags ,CMP,3,ADD,4,ADD,3,ADD,4,MOV,5,MOVZX,4,MOVAPD,4,MOVAPD,4,MOVZX,4,MOV,4,0,0,1,0,0,JMP,1,0,0,0,1,1,JB,0,0,5079423,5079538,5079435,0,0,0,0,cpp,2.719627698941217e-05,0.2888102260797335,0,0,0
0x4d8174,JL,12561,0,106,2,0x4d8170,CMP,1,NonLeaf,ecx(-1) rsp(-1) ,rflags ,CMP,4,NOP,7,JMP,2,MOVSD_XMM,6,MOVSD_XMM,6,MOV,5,ADD,4,ADD,3,ADD,4,CMP,3,0,0,0,0,0,JG,0,0,1,0,0,0,ADD,0,0,5079408,5079518,5079414,0,0,1,1,cpp,3.2842170586946504e-07,0.0,0,0,0
0x4d8105,JNLE,828174,817417,925,6,0x4d8102,CMP,1,NonLeaf,eax(SUB) ,rflags ,CMP,3,SUB,7,MOV,7,JLE,6,CMP,7,MOV,8,MOV,7,MOV,4,MOV,3,MOV,8,0,1,0,0,0,JGE,0,0,1,0,0,0,MOV,0,0,5079284,5080226,5079307,0,0,1,0,cpp,2.165355607330136e-05,0.987011183640153,1,0,1
0x4d80ee,JLE,828720,546,314,6,0x4d80e7,CMP,1,NonLeaf,rsp(-1) eax(MOV) ,rflags ,CMP,7,MOV,7,NOP,2,JMP,5,MOVSD_XMM,6,MOV,7,SUB,7,CMP,3,JNLE,6,MOV,8,0,0,0,0,0,JMP,0,0,1,0,0,0,JG,0,0,5079264,5079592,5079284,0,0,1,0,cpp,2.166783186753786e-05,0.0006588473790906,0,0,0
0x4d7f28,JNZ,5994560,5985200,-144,6,0x4d7f18,CMP,1,NonLeaf,rsi(ADD) rdi(-1) ,rflags ,ADDSD,4,ADDSD,4,ADDSD,5,CMP,3,MULSD,5,MOV,8,MOVSD_XMM,5,ADDSD,9,ADDSD,6,ADDSD,4,1,1,0,0,0,ADD,0,0,0,1,0,0,JE,1,0,5078684,5078680,5078830,1,0,0,1,cpp,0.0001567346247223,0.9984385843164468,1,1,1
0x4d7e55,JNZ,5994560,5985200,-141,6,0x4d7e43,CMP,1,NonLeaf,rax(ADD) rsi(-1) ,rflags ,ADDSD,5,ADDSD,5,ADDSD,5,CMP,3,MULSD,5,MOV,8,XORPD,4,MOV,8,MOV,4,MOVAPD,4,1,1,1,1,1,JNE,0,0,1,1,0,0,JMP,1,0,5078472,5078472,5078619,1,0,1,0,cpp,0.0001567346247223,0.9984385843164468,1,1,1
0x4d7d7a,JLE,9360,0,3782,6,0x4d7d74,TEST,1,NonLeaf,edx(MOV) edx(MOV) ,rflags ,MOV,4,TEST,2,MOV,8,MOV,7,CVTSI2SD,7,MOV,7,MOVSD_XMM,10,MOV,5,MOVAPD,5,MOVAPD,5,0,1,0,0,0,JMP,1,0,1,0,0,0,NOP,0,0,5078373,5082176,5078400,0,0,0,0,cpp,2.4472790119721304e-07,0.0,0,0,0
0x4d7cdf,JNLE,8971690,4527900,-271,6,0x4d7c55,CMP,0,NonLeaf,eax(-1) ecx(-1) ,rflags ,MOVSD_XMM,5,MOVSD_XMM,4,MOVSD_XMM,5,SUBSD,5,MOVSD_XMM,5,MOV,8,MOV,5,MOVSD_XMM,5,LEA,4,SHL,4,1,1,1,1,1,JG,0,0,0,1,0,0,JG,0,0,5077968,5077968,5078245,1,0,1,1,cpp,0.0002345750922961,0.5046875226406619,1,1,1
0x4d7b8f,JLE,5985200,1541410,342,6,0x4d7b83,TEST,1,NonLeaf,eax(-1) eax(-1) ,rflags ,MOVSD_XMM,6,MOV,4,TEST,2,ADD,2,MOVSD_XMM,6,MOV,7,MOV,5,XOR,2,MOV,5,MOVSD_XMM,9,0,1,1,0,0,JG,0,0,1,0,0,0,NOP,0,0,5077870,5078245,5077909,0,0,1,0,cpp,0.0001564898968211,0.2575369244135534,0,0,0
0x4d7b0c,JNLE,4049110,2584400,-588,6,0x4d797b,CMP,0,NonLeaf,eax(-1) edi(-1) ,rflags ,MOVSD_XMM,5,SUBSD,5,MOVSD_XMM,5,MOVSD_XMM,5,SUBSD,5,MOVSD_XMM,7,MOV,4,MOV,8,MOV,3,MOVSD_XMM,9,0,0,0,1,1,SUBSD,0,0,1,1,0,0,MOVSD,1,0,5077584,5077184,5077778,1,0,0,0,cpp,0.0001058686102581,0.6382637172119305,1,1,1
0x4d7854,JLE,5985200,4520490,709,6,0x4d783c,TEST,1,NonLeaf,eax(-1) eax(-1) ,rflags ,MOVSD_XMM,9,MOVSD_XMM,6,MOV,7,TEST,2,ADD,2,MOVSD_XMM,9,MOV,7,MOVSD_XMM,8,XOR,2,MOVSD_XMM,10,0,1,1,0,0,CALL,0,1,1,0,0,0,NOP,0,0,5077033,5077785,5077082,0,0,1,1,cpp,0.0001564898968211,0.7552780191138141,1,0,1
0x4d77c4,JNLE,894261817,888325932,-516,6,0x4d765e,CMP,0,NonLeaf,eax(-1) edi(-1) ,rflags ,MOVSD_XMM,5,SUBSD,5,MOVSD_XMM,5,MOVSD_XMM,5,SUBSD,5,MOV,5,MOVSD_XMM,7,MOV,4,MOVAPD,5,MOVSD_XMM,9,0,0,0,1,1,MOVSD,0,0,1,1,0,0,MOVSD,1,0,5076815,5076416,5076938,1,0,1,0,cpp,0.0233814976063265,0.9933622515384664,1,1,1
0x4d7568,JLE,5985200,49315,3502,6,0x4d755b,TEST,1,NonLeaf,eax(-1) eax(-1) ,rflags ,MOV,5,MOVSD_XMM,6,TEST,2,CALL_NEAR,5,MOVSD_XMM,6,MOVSD_XMM,9,MOV,5,XOR,2,MOV,7,MOV,5,0,1,0,0,0,JMP,0,0,1,0,0,0,NOP,0,0,5076315,5079830,5076334,0,0,1,1,cpp,0.0001564898968211,0.0082394907438347,0,0,0
0x4d72a1,JZ,828720,828720,559,6,0x4d728b,CMP,1,NonLeaf,rsp(-1) ,rflags ,MOV,3,MOV,5,MOV,6,CMP,8,ADD,7,MOV,7,JMP,5,MOV,3,MOV,2,MOV,5,0,0,1,0,0,CALL,0,1,1,0,0,0,JMP,0,0,5075580,5076176,5075623,1,0,1,1,cpp,2.166783186753786e-05,1.0,1,0,1
0x4d718e,JBE,202806,202806,4450,6,0x4d718a,CMP,1,NonLeaf,r8d(-1) ,rflags ,CMP,4,JZ,6,OR,3,SETNB,4,CMP,3,SHR,4,XOR,2,XOR,2,LEA,8,MOV,4,0,0,0,0,0,NOP,0,0,1,0,0,0,MOV,0,0,5075338,5079792,5075348,0,1,0,1,cpp,5.3025947361326905e-06,1.0,1,0,1
0x4d714e,JLE,828720,625914,6179,6,0x4d713c,TEST,1,NonLeaf,r8d(MOV) r8d(MOV) ,rflags ,LEA,4,LEA,5,MOV,3,MOVSXD,3,TEST,3,ADD,4,MOV,8,ADD,2,CDQE,2,LEA,4,0,1,0,0,0,JMP,0,0,1,0,0,0,JE,0,0,5075226,5081457,5075284,0,0,0,0,cpp,2.166783186753786e-05,0.7552780191138141,1,0,1
0x4d70e4,JLE,36,0,29,2,0x4d70dc,CMP,1,NonLeaf,r9d(-1) edx(ADD) ,rflags ,MOV,5,CMP,3,MOVZX,5,ADD,3,MOVSXD,3,MOV,8,MOVSXD,3,MOVZX,4,MOV,8,MOV,4,0,0,1,0,0,MOVZX,0,0,1,0,0,0,MOV,0,0,5075153,5075201,5075174,0,1,0,1,cpp,9.41261158450819e-10,0.0,0,0,0
0x4d70cf,JLE,36,0,50,2,0x4d70cc,CMP,1,NonLeaf,r9d(-1) esi(LEA) ,rflags ,CMP,3,LEA,3,MOV,5,MOVZX,5,MOVSXD,3,MOVSXD,3,ADD,3,MOVZX,5,CMP,3,MOV,5,0,0,1,0,0,MOVZX,0,0,1,0,0,0,JLE,0,0,5075132,5075201,5075153,0,1,0,1,cpp,9.41261158450819e-10,0.0,0,1,0
0x4d70ba,JLE,234,198,71,2,0x4d70b7,CMP,1,NonLeaf,r9d(-1) esi(LEA) ,rflags ,CMP,3,LEA,3,MOV,5,MOVZX,5,MOVSXD,3,MOVSXD,3,MOVZX,5,MOV,5,LEA,3,CMP,3,0,0,1,0,0,MOVZX,0,0,1,0,0,0,JLE,0,0,5075111,5075201,5075132,0,1,0,1,cpp,6.118197529930326e-09,0.8461538461538461,1,0,1
0x4d70a5,JLE,252,18,92,2,0x4d70a2,CMP,1,NonLeaf,r9d(-1) esi(LEA) ,rflags ,CMP,3,LEA,3,MOV,5,MOVZX,5,MOVSXD,3,MOVSXD,3,MOVZX,5,MOV,5,LEA,3,CMP,3,0,0,1,0,0,MOVZX,0,0,1,0,0,0,JLE,0,0,5075090,5075201,5075111,0,1,0,1,cpp,6.5888281091557356e-09,0.0714285714285714,0,0,0
0x4d7090,JLE,252,0,113,2,0x4d708d,CMP,1,NonLeaf,r9d(-1) esi(LEA) ,rflags ,CMP,3,LEA,3,MOV,5,MOVZX,5,MOVSXD,3,MOVSXD,3,MOVZX,5,MOV,5,LEA,3,CMP,3,0,0,1,0,0,MOVZX,0,0,1,0,0,0,JLE,0,0,5075069,5075201,5075090,0,1,0,1,cpp,6.5888281091557356e-09,0.0,0,0,0
0x4d7077,JLE,252,0,138,6,0x4d7074,CMP,1,NonLeaf,r9d(-1) esi(LEA) ,rflags ,CMP,3,LEA,3,MOV,5,MOVZX,5,MOV,8,MOVSXD,3,MOVZX,5,MOV,5,LEA,3,CMP,3,0,0,1,0,0,MOVZX,0,0,1,0,0,0,JLE,0,0,5075028,5075201,5075069,0,1,0,1,cpp,6.5888281091557356e-09,0.0,0,0,0
0x4d704e,JZ,1269,1017,179,6,0x4d704b,CMP,1,NonLeaf,r9d(MOV) edx(-1) ,rflags ,CMP,3,MOV,8,MOV,5,MOV,5,JNBE,2,MOV,8,MOVSXD,3,MOV,8,MOVZX,5,MOV,5,0,0,1,0,0,MOVZX,0,0,1,0,0,0,JLE,0,0,5075001,5075201,5075028,0,0,0,1,cpp,3.3179455835391384e-08,0.8014184397163121,1,0,1
0x4d7037,JNBE,2286,1017,-22,2,0x4d7034,CMP,1,NonLeaf,r9d(SHR) r8d(ADD) ,rflags ,CMP,3,ADD,4,MOVDQU,6,ADD,4,MOVDQU,5,MOV,5,MOV,5,MOV,8,CMP,3,JZ,6,1,1,1,1,1,JA,0,0,1,1,0,0,JE,0,0,5074977,5074977,5075001,1,0,1,1,cpp,5.977008356162703e-08,0.4448818897637795,0,1,0
0x4d6ffa,JBE,615294,614025,4790,6,0x4d6ff6,CMP,1,NonLeaf,r9d(-1) ,rflags ,CMP,4,JZ,6,OR,3,SETBE,4,CMP,3,SHR,4,MOV,8,MOV,8,LEA,8,XOR,2,0,0,0,0,0,NOP,0,0,1,0,0,0,XOR,0,0,5074934,5079728,5074944,0,1,0,1,cpp,1.6087565089662177e-05,0.997937571307375,1,0,1
0x4d6ff0,JZ,615294,0,4800,6,0x4d6fed,OR,1,NonLeaf,dl(OR) dil(SETBE) ,dl rflags ,OR,3,SETBE,4,CMP,3,SETNB,3,LEA,4,CMP,4,JBE,6,SHR,4,MOV,8,MOV,8,0,1,0,0,0,NOP,0,0,1,0,0,0,JBE,0,0,5074882,5079728,5074934,0,0,0,0,cpp,1.6087565089662177e-05,0.0,0,1,0
0x4d6fbc,JLE,828720,213426,350,6,0x4d6fb1,TEST,1,NonLeaf,r9d(MOV) r9d(MOV) ,rflags ,MOV,8,TEST,3,ADD,3,MOV,5,MOV,3,LEA,3,MOV,8,MOVSXD,3,LEA,4,LEA,4,0,1,1,0,0,JLE,0,0,1,0,0,0,JE,0,0,5074801,5075226,5074882,0,0,1,0,cpp,2.166783186753786e-05,0.2575369244135534,0,0,0
0x4d6f6a,JZ,828720,5604,7,2,0x4d6f64,TEST,1,NonLeaf,eax(SAR) eax(SAR) ,rflags ,LEA,4,TEST,2,ADD,3,MOV,4,MOVSXD,3,MOVZX,5,MOV,8,MOV,3,LEA,3,MOV,5,0,1,1,0,0,JLE,0,0,1,0,0,0,MOVZX,0,0,5074767,5074801,5074796,0,0,1,0,cpp,2.166783186753786e-05,0.0067622357370402,0,0,0
0x4d6efa,JNLE,1242234,816525,-46,2,0x4d6ef8,CMP,1,NonLeaf,edi(-1) edx(ADD) ,rflags ,CMP,2,ADD,4,MOV,4,ADD,4,JNZ,2,SUB,8,SUB,8,MOV,5,MOV,5,SAR,3,0,0,0,1,1,JNE,0,0,0,1,0,0,MOV,1,0,5074668,5074636,5074684,0,0,0,1,cpp,3.24796281640832e-05,0.6573036964050252,1,1,1
0x4d6eea,JNZ,2188780,946546,-58,2,0x4d6ee7,CMP,1,NonLeaf,cl(MOVZX) ,rflags ,CMP,3,MOVZX,5,MOVSXD,3,SAR,3,SHL,3,ADD,4,MOV,4,ADD,4,CMP,2,JNLE,2,1,1,0,0,0,JE,0,0,1,0,0,0,JG,0,0,5074636,5074608,5074668,0,0,0,1,cpp,5.722815551094401e-05,0.4324536956660788,0,0,0
0x4d6eca,JLE,946546,198567,50,2,0x4d6ec8,CMP,1,NonLeaf,edi(-1) edx(ADD) ,rflags ,CMP,2,ADD,4,ADD,4,MOV,3,JNZ,2,MOVZX,6,MOVZX,3,MOV,4,SHL,3,SAR,3,0,0,1,0,0,MOV,1,0,0,0,1,1,JNE,0,0,5074628,5074684,5074636,0,0,1,0,cpp,2.474852734686081e-05,0.2097806128809376,0,0,0
0x4d6ebb,JNZ,385900,0,9,2,0x4d6eb9,TEST,1,NonLeaf,cl(-1) cl(-1) ,rflags ,TEST,2,JZ,6,CMP,3,NOP,2,JMP,2,MOV,3,ADD,4,ADD,4,CMP,2,JLE,2,0,0,1,0,0,JLE,0,0,1,0,0,0,ADD,0,0,5074617,5074628,5074621,0,0,0,1,cpp,1.0089796695726978e-05,0.0,0,0,0
0x4d6eb3,JZ,946546,560646,4541,6,0x4d6eb0,CMP,1,NonLeaf,cl(-1) ,rflags ,CMP,3,NOP,2,JMP,2,MOV,8,MOV,8,TEST,2,JNZ,2,MOV,3,ADD,4,ADD,4,0,1,0,0,0,JMP,0,0,1,0,0,0,JNE,0,0,5074608,5079152,5074617,0,0,1,0,cpp,2.474852734686081e-05,0.5923071884514857,1,0,1
0x4d6e75,JLE,828174,203898,7949,6,0x4d6e73,TEST,1,NonLeaf,edi(SHR) edi(SHR) ,rflags ,TEST,2,SHR,3,SUB,8,NOP,3,JNZ,6,MOV,5,MOV,5,XOR,2,MOV,8,MOV,8,0,1,0,0,0,JMP,0,0,1,0,0,0,JMP,0,0,5074547,5082498,5074555,0,0,1,1,cpp,2.165355607330136e-05,0.2462018851110998,0,0,0
0x4d6d4d,JZ,828720,828720,5011,6,0x4d6d46,TEST,1,NonLeaf,r8b(MOV) r8b(MOV) ,rflags ,MOV,4,TEST,3,ADD,3,MOV,8,LEA,5,MOV,7,MOV,7,CMP,2,JLE,6,MOV,8,0,1,0,0,0,JLE,0,0,1,0,0,0,JLE,0,0,5074225,5079264,5074259,0,0,0,0,cpp,2.166783186753786e-05,1.0,1,0,1
0x4d6cf5,JZ,2,0,34,2,0x4d6cf2,TEST,1,NonLeaf,rdi(MOV) rdi(MOV) ,rflags ,TEST,3,MOV,3,MOV,5,MOV,5,MOVSD_XMM,6,MOVSD_XMM,7,MOV,4,CALL_NEAR,5,MOV,5,MOV,4,0,1,1,0,0,MOV,0,0,1,0,0,0,CALL,0,1,5074138,5074199,5074167,0,0,1,1,cpp,5.2292286580601066e-11,0.0,0,0,0
0x4d6c88,JNL,2,0,-8,2,0x4d6c86,CMP,1,NonLeaf,edx(-1) ebx(ADD) ,rflags ,CMP,2,ADD,2,SAR,2,MOV,2,NOP,6,MOVSXD,3,MOV,10,MOV,7,LEA,4,CMP,3,1,1,1,1,1,JGE,0,0,1,1,0,0,CALL,0,1,5074048,5074048,5074058,1,0,0,1,cpp,5.2292286580601066e-11,0.0,0,1,0
0x4d6c74,JL,828720,828718,7434,6,0x4d6c72,CMP,1,NonLeaf,edx(LEA) ebx(MOV) ,rflags ,CMP,2,MOV,3,MOV,4,LEA,4,MOV,3,NOP,6,MOV,2,SAR,2,ADD,2,CMP,2,0,1,0,0,0,JMP,0,0,1,0,0,0,NOP,0,0,5074008,5081470,5074042,0,0,0,0,cpp,2.166783186753786e-05,0.999997586639637,1,0,1
0x4d6c49,JZ,828720,828720,15,2,0x4d6c47,TEST,1,NonLeaf,eax(MOV) eax(MOV) ,rflags ,TEST,2,XOR,3,MOV,7,MOV,4,MOV,4,MOVZX,5,SHR,4,AND,4,MOV,5,MOV,7,0,1,1,0,0,JL,0,0,1,0,0,0,AND,0,0,5073988,5074008,5073995,0,0,1,0,cpp,2.166783186753786e-05,1.0,1,0,1
0x4d6c11,JZ,296928,0,5727,6,0x4d6c08,TEST,1,NonLeaf,eax(SAR) eax(SAR) ,rflags ,MOV,7,TEST,2,SAR,3,SUB,8,JNLE,2,MOV,8,CDQE,2,MOV,11,MOVZX,5,MOV,4,0,1,0,0,0,JMP,0,0,1,0,0,0,MOV,0,0,5073917,5079664,5073943,0,1,1,1,cpp,7.763522034902358e-06,0.0,0,0,0
0x4d6bfb,JNLE,26320274,26025188,-75,2,0x4d6bf5,CMP,1,NonLeaf,edx(-1) esi(ADD) ,rflags ,LEA,4,CMP,2,MOVZX,4,ADD,4,MOV,4,SUB,8,SAR,3,TEST,2,MOV,7,JZ,6,0,0,0,1,1,JE,0,0,0,1,0,0,JE,1,0,5073901,5073840,5073917,0,0,1,1,cpp,0.0006881736554439,0.9887886425498458,1,1,1
0x4d6bdd,JZ,26320274,25792347,16,2,0x4d6bda,AND,1,NonLeaf,edi(AND) ,edi rflags ,AND,3,AND,4,MOV,3,MOV,4,MOV,3,LEA,3,ADD,3,MOV,4,MOV,4,ADD,4,1,1,1,0,0,JG,0,0,1,0,0,0,MOV,0,0,5073840,5073901,5073887,0,0,0,1,cpp,0.0006881736554439,0.9799421920911614,1,0,1
0x4d6b9c,JZ,295632,546,97,2,0x4d6b9a,TEST,1,NonLeaf,edx(-1) edx(-1) ,rflags ,TEST,2,JNLE,2,CMP,2,ADD,4,ADD,3,MOV,8,XOR,2,NOP,8,MOVZX,5,MOVZX,3,0,0,1,0,0,JE,0,0,1,0,0,0,NOP,0,0,5073818,5073917,5073822,0,0,1,0,cpp,7.729636633198128e-06,0.0018468907290144,0,0,0
0x4d6b98,JNLE,1034379,738747,-88,2,0x4d6b96,CMP,1,NonLeaf,ebx(-1) ecx(ADD) ,rflags ,CMP,2,ADD,4,ADD,3,MOV,5,ADD,3,TEST,2,JZ,2,MOV,8,XOR,2,NOP,8,0,0,0,1,1,JB,0,0,0,1,0,0,JE,1,0,5073807,5073728,5073818,0,0,0,0,cpp,2.7045021550477775e-05,0.7141937336314832,1,1,1
0x4d6b82,JB,1034379,332431,13,2,0x4d6b7e,UCOMISD,1,NonLeaf,xmm2(MOVSD_XMM) xmm0(ADDSD) ,rflags ,UCOMISD,4,ADDSD,4,MULSD,4,SUBSD,5,MOVAPD,5,MOVSXD,3,ADD,3,MOV,5,ADD,3,ADD,4,1,1,1,0,0,JG,0,0,1,0,0,0,MOV,0,0,5073728,5073807,5073796,0,0,0,1,cpp,2.7045021550477775e-05,0.3213822013014572,0,1,0
0x4d6b07,JNLE,295632,287856,7166,6,0x4d6b04,CMP,1,NonLeaf,edx(SUB) ,rflags ,CMP,3,SUB,2,MOV,2,JLE,6,CMP,2,XOR,2,MOV,4,MOVSXD,3,MOV,8,MOVSD_XMM,9,0,1,0,0,0,JGE,0,0,1,0,0,0,XOR,0,0,5073664,5080837,5073677,0,0,1,0,cpp,7.729636633198128e-06,0.9736970287384316,1,0,1
0x4d6afa,JLE,296928,1296,259,6,0x4d6af8,CMP,1,NonLeaf,ebx(MOV) ecx(MOV) ,rflags ,CMP,2,MOV,7,MOV,4,MOV,7,MOV,8,MOV,2,SUB,2,CMP,3,JNLE,6,XOR,2,0,1,1,0,0,JE,0,0,1,0,0,0,JG,0,0,5073656,5073917,5073664,0,0,1,0,cpp,7.763522034902358e-06,0.004364694471387,0,0,0
0x4d6ad8,JNZ,296928,0,6072,6,0x4d6ad4,CMP,1,NonLeaf,rsp(-1) ,rflags ,CMP,4,ADD,8,ADD,3,CDQE,2,ADD,3,MOV,8,MOV,7,MOV,4,MOV,7,CMP,2,0,1,0,0,0,JMP,0,0,1,0,0,0,MOV,0,0,5073612,5079696,5073630,0,0,1,1,cpp,7.763522034902358e-06,0.0,0,0,0
0x4d6958,JZ,268866,268866,357,6,0x4d6956,CMP,1,NonLeaf,ecx(-1) esi(-1) ,rflags ,CMP,2,MOV,5,LEA,3,MOV,4,JNZ,6,SUB,2,MOV,2,MOV,2,MOV,4,SHR,3,0,0,1,0,0,ADD,0,0,0,0,0,0,JE,0,0,5073238,5073597,5073246,0,1,0,1,cpp,7.029808961889944e-06,1.0,1,0,1
0x4d68f4,JZ,9414,9414,8975,6,0x4d68ea,CMP,1,NonLeaf,ecx(-1) ,rflags ,LEA,3,MOV,4,CMP,3,JZ,6,LEA,3,CMP,3,MOV,4,LEA,3,JZ,6,CMP,3,0,1,0,0,0,JMP,0,0,1,0,0,0,JE,0,0,5073130,5082115,5073146,0,0,0,1,cpp,2.461397929348893e-07,1.0,1,0,1
0x4d68e4,JZ,254808,245394,8941,6,0x4d68da,CMP,1,NonLeaf,ecx(-1) ,rflags ,LEA,3,MOV,4,CMP,3,JZ,6,MOV,4,CMP,3,MOV,4,LEA,3,JZ,6,CMP,3,0,1,0,0,0,JMP,0,0,1,0,0,0,JE,0,0,5073114,5082065,5073130,0,0,0,1,cpp,6.6622464795149e-06,0.9630545351794292,1,0,1
0x4d68d4,JZ,268866,14058,8967,6,0x4d68ca,CMP,1,NonLeaf,ecx(-1) ,rflags ,MOV,4,LEA,3,CMP,3,MOV,8,JZ,6,CMP,3,MOV,4,LEA,3,JZ,6,CMP,3,0,1,0,0,0,JMP,0,0,1,0,0,0,JE,0,0,5073090,5082075,5073114,0,0,0,1,cpp,7.029808961889944e-06,0.0522862689964517,0,0,0
0x4d68bc,JZ,268866,0,7131,6,0x4d68ba,TEST,1,NonLeaf,ecx(CMOVBE) ecx(CMOVBE) ,rflags ,TEST,2,CMOVBE,3,CMP,3,SUB,3,SUB,2,MOV,8,CMP,3,LEA,3,MOV,4,JZ,6,0,1,0,0,0,JMP,0,0,1,0,0,0,JE,0,0,5073047,5080215,5073090,0,0,0,1,cpp,7.029808961889944e-06,0.0,0,0,0
0x4d6891,JLE,296928,28062,8997,6,0x4d688e,CMP,1,NonLeaf,eax(MOV) r9d(MOV) ,rflags ,CMP,3,MOV,7,MOV,4,MOV,3,LEA,3,MOV,3,MOV,7,MOV,2,NOT,3,LEA,4,0,1,0,0,0,JMP,0,0,1,0,0,0,JE,0,0,5073021,5082038,5073047,0,0,0,0,cpp,7.763522034902358e-06,0.094507759456838,0,0,0
0x4d6824,JLE,296928,296928,89,2,0x4d681d,CMP,1,NonLeaf,rsp(-1) eax(MOVSXD) ,rflags ,CMP,7,MOVSXD,8,MOV,4,MOV,7,JNZ,2,MOV,8,MOVZX,4,LEA,5,CMP,7,JLE,2,0,0,1,0,0,JLE,0,0,1,0,0,0,JLE,0,0,5072917,5073021,5072934,0,1,1,0,cpp,7.763522034902358e-06,1.0,1,0,1
0x4d6808,JNZ,296928,295632,-16,2,0x4d6806,CMP,1,NonLeaf,edx(ADD) esi(-1) ,rflags ,CMP,2,ADD,3,JLE,2,CMP,2,ADD,4,MOV,7,MOV,4,MOVSXD,8,CMP,7,JLE,2,1,1,0,0,0,JLE,0,0,1,1,0,0,MOV,1,0,5072899,5072888,5072906,0,0,0,1,cpp,7.763522034902358e-06,0.995635305528613,1,1,1
0x4d6801,JLE,295632,295632,9,2,0x4d67ff,CMP,1,NonLeaf,edi(-1) ecx(MOVZX) ,rflags ,CMP,2,ADD,4,MOVZX,3,NOP,4,JMP,2,ADD,3,CMP,2,JNZ,2,MOV,7,MOV,4,0,0,1,0,0,MOV,1,0,0,0,1,1,JNE,0,0,5072888,5072906,5072899,0,0,1,0,cpp,7.729636633198128e-06,1.0,1,0,1
0x4d67e1,JLE,296928,0,52,2,0x4d67de,CMP,1,NonLeaf,r8d(MOV) eax(MOVZX) ,rflags ,CMP,3,MOVZX,4,LEA,4,MOV,8,MOVSXD,3,LEA,5,MOVZX,5,MOV,3,MOV,2,JMP,2,0,0,1,0,0,JLE,0,0,1,0,0,0,JMP,0,0,5072835,5072917,5072867,0,0,0,0,cpp,7.763522034902358e-06,0.0,0,0,0
0x4d67c1,JLE,296928,0,84,2,0x4d67bf,CMP,1,NonLeaf,esi(MOV) ecx(MOV) ,rflags ,CMP,2,MOV,7,MOV,7,JZ,6,TEST,2,MOV,8,MOVSXD,3,MOV,8,LEA,4,MOVZX,4,0,1,1,0,0,JLE,0,0,1,0,0,0,JLE,0,0,5072817,5072917,5072835,0,0,0,0,cpp,7.763522034902358e-06,0.0,0,0,0
0x4d67ab,JZ,296928,0,210,6,0x4d67a9,TEST,1,NonLeaf,al(-1) ,rflags ,TEST,2,SHR,4,MOV,4,MOVZX,5,JZ,2,MOV,7,MOV,7,CMP,2,JLE,2,MOV,8,0,1,1,0,0,JLE,0,0,1,0,0,0,JLE,0,0,5072809,5073021,5072817,0,0,1,0,cpp,7.763522034902358e-06,0.0,0,0,0
0x4d679a,JZ,296928,296928,15,2,0x4d6794,TEST,1,NonLeaf,edi(MOV) edi(MOV) ,rflags ,MOV,4,TEST,2,MOV,4,MOV,6,JZ,6,MOVZX,5,MOV,4,SHR,4,TEST,2,JZ,6,0,1,1,0,0,JE,0,0,1,0,0,0,SHR,0,0,5072778,5072809,5072796,0,0,0,1,cpp,7.763522034902358e-06,1.0,1,0,1
0x4d6784,JZ,828720,531792,6788,6,0x4d6782,TEST,1,NonLeaf,al(-1) ,rflags ,TEST,2,MOV,5,SUB,3,MOVSXD,3,JZ,6,MOV,6,MOV,4,TEST,2,MOV,4,JZ,2,0,1,0,0,0,JMP,0,0,1,0,0,0,JE,0,0,5072770,5079560,5072778,0,0,1,1,cpp,2.166783186753786e-05,0.6417028670721112,1,0,1
0x4d6771,JZ,828720,0,7120,6,0x4d676e,TEST,1,NonLeaf,rdx(MOV) rdx(MOV) ,rflags ,TEST,3,MOV,4,MOV,4,MOV,4,MOV,3,MOVSXD,3,SUB,3,MOV,5,TEST,2,JZ,6,0,1,0,0,0,JE,0,0,1,0,0,0,MOV,0,0,5072681,5079873,5072759,0,1,0,1,cpp,2.166783186753786e-05,0.0,0,0,0
0x4d6723,JZ,5985200,5156480,3381,6,0x4d671b,CMP,1,NonLeaf,rsp(-1) ,rflags ,CMP,8,MOVSD_XMM,6,ADDSD,6,MOVSD_XMM,9,MOVSD_XMM,6,MOV,8,MOV,8,LEA,4,MOV,3,LEA,7,0,1,0,0,0,MOV,0,0,1,0,0,0,JE,0,0,5072667,5076056,5072681,0,0,1,1,cpp,0.0001564898968211,0.8615384615384616,1,0,1
0x4d66e0,JNZ,5985200,2144480,-80,2,0x4d66de,TEST,1,NonLeaf,al(MOVZX) ,rflags ,TEST,2,MOVZX,5,LEA,4,SHL,4,MOV,8,MOVSD_XMM,9,MOVSD_XMM,10,ADDSD,5,ADDSD,6,MOVSD_XMM,6,1,1,0,0,0,JE,0,0,1,0,0,0,MOVSD,0,0,5072574,5072528,5072610,0,0,0,1,cpp,0.0001564898968211,0.3582971329278888,0,0,0
0x4d669b,JZ,2144480,2144480,6629,6,0x4d6698,TEST,1,NonLeaf,r9d(MOV) r9d(MOV) ,rflags ,TEST,3,MOV,8,NOP,3,JMP,2,MOV,7,SHR,3,SUB,8,AND,3,ADD,2,CMP,7,0,1,0,0,0,JMP,0,0,1,0,0,0,JLE,0,0,5072528,5079168,5072545,0,0,1,1,cpp,5.60698813631837e-05,1.0,1,0,1
0x4d65f4,JLE,9360,0,9761,6,0x4d65e4,TEST,1,NonLeaf,eax(LEA) eax(LEA) ,rflags ,MOV,7,MOV,7,TEST,2,SUB,3,MOV,3,MOV,8,XORPD,4,XOR,3,MOV,11,MOV,11,0,1,0,0,0,JMP,1,0,1,0,0,0,JMP,0,0,5072313,5082133,5072378,0,0,1,1,cpp,2.4472790119721304e-07,0.0,0,0,0
0x4d6599,JNLE,9360,4745,9197,6,0x4d658c,CMP,1,NonLeaf,rsp(-1) edx(MOV) ,rflags ,MOV,3,MOV,3,CMP,7,MOV,4,MOV,7,MOV,7,MOV,3,XOR,2,MOV,3,MOV,3,0,1,0,0,0,JLE,0,0,1,1,0,0,CALL,0,1,5072253,5081478,5072287,0,1,1,1,cpp,2.4472790119721304e-07,0.5069444444444444,1,0,1
0x4d6549,JNLE,9360,4745,9565,6,0x4d653c,CMP,1,NonLeaf,rsp(-1) edx(MOV) ,rflags ,MOV,3,MOV,3,CMP,7,MOV,3,MOV,7,MOV,7,MOV,3,XOR,2,MOV,4,MOV,3,0,1,0,0,0,JLE,0,0,1,1,0,0,CALL,0,1,5072178,5081766,5072207,0,1,0,1,cpp,2.4472790119721304e-07,0.5069444444444444,1,0,1
0x4d6504,JZ,8064,8064,3894,6,0x4d64fa,CMP,1,NonLeaf,rsp(-1) eax(MOVZX) ,rflags ,MOV,3,CMP,7,MOVZX,4,LEA,3,MOV,3,MOV,5,MOV,4,CALL_NEAR,5,MOV,4,MOV,11,0,1,0,0,0,JMP,0,0,1,0,0,0,CALL,0,1,5072103,5076026,5072138,0,1,1,1,cpp,2.1084249949298356e-07,1.0,1,0,1
0x4d64dc,JLE,9360,8694,-528,6,0x4d64d6,CMP,1,NonLeaf,ebx(CMOVNZ) rcx(MOV) ,rflags ,MOV,3,CMP,3,CMOVNZ,3,MOV,5,MOV,4,JMP,5,MOV,5,MOVSXD,4,MOV,3,LEA,3,0,0,1,0,0,JG,0,0,1,0,0,0,JMP,0,0,5072066,5071564,5072098,1,0,1,0,cpp,2.4472790119721304e-07,0.928846153846154,1,0,1
0x607762,JZ,1,0,457,6,0x60775c,TEST,1,NonLeaf,rax(-1) rax(-1) ,rflags ,MOV,3,TEST,3,CALL_NEAR,5,LEA,4,MOV,7,MOV,4,MOV,4,LEA,4,MOV,3,MOV,4,0,0,0,0,0,CALL,0,1,1,0,0,0,CALL,0,1,6322012,6322475,6322024,0,1,1,1,cpp,2.6146143290300536e-11,0.0,0,0,0
0x4d6422,JZ,1296,1296,96,2,0x4d641c,TEST,1,NonLeaf,ebp(MOV) ebp(MOV) ,rflags ,MOV,4,TEST,2,MOVZX,5,MOV,11,MOV,6,MOV,8,MOV,8,XOR,2,MOV,2,XOR,2,0,0,1,0,0,JMP,0,0,1,0,0,0,NOP,0,0,5071870,5072002,5071908,0,0,1,0,cpp,3.38854017042295e-08,1.0,1,0,1
0x4d63f8,JZ,1296,0,10377,6,0x4d63ef,TEST,1,NonLeaf,eax(MOVSXD) eax(MOVSXD) ,rflags ,MOV,7,TEST,2,MOVSXD,3,JNZ,2,CMP,2,MOV,8,MOV,6,MOV,11,MOVZX,5,TEST,2,0,0,0,0,0,JMP,0,0,1,0,0,0,JE,0,0,5071852,5082241,5071870,0,0,1,1,cpp,3.38854017042295e-08,0.0,0,0,0
0x4d63ea,JNZ,830016,828720,-26,2,0x4d63e8,CMP,1,NonLeaf,eax(ADD) esi(-1) ,rflags ,CMP,2,ADD,4,ADD,3,MOV,5,ADD,3,MOVSXD,3,TEST,2,MOV,7,JZ,6,MOV,8,0,0,0,1,1,JE,0,0,1,1,0,0,JE,1,0,5071841,5071824,5071852,0,0,0,1,cpp,2.170171726924209e-05,0.9984385843164468,1,1,1
0x4d63d4,JZ,830016,533088,13,2,0x4d63d0,TEST,1,NonLeaf,rdx(-1) ,rflags ,TEST,4,NOP,5,XOR,2,XOR,2,MOV,3,MOVSXD,3,ADD,3,MOV,5,ADD,3,ADD,4,1,1,1,0,0,JNE,0,0,1,0,0,0,MOV,0,0,5071824,5071841,5071830,1,0,0,1,cpp,2.170171726924209e-05,0.6422623178348369,1,1,1
0x4d63b6,JLE,1296,0,10443,6,0x4d63b4,TEST,1,NonLeaf,esi(MOV) esi(MOV) ,rflags ,TEST,2,MOV,7,JZ,6,MOV,7,OR,2,MOV,8,MOV,3,XOR,2,XOR,2,NOP,5,0,1,0,0,0,JMP,0,0,1,0,0,0,NOP,0,0,5071789,5082241,5071804,0,0,1,0,cpp,3.38854017042295e-08,0.0,0,0,0
0x4d63a7,JZ,9360,8064,320,6,0x4d639e,OR,1,NonLeaf,dl(OR) al(SETNZ) ,dl rflags ,MOV,7,OR,2,SETNZ,3,MOV,8,TEST,2,MOV,7,TEST,2,JLE,6,MOV,8,MOV,3,0,1,0,0,0,JE,0,0,1,0,0,0,JLE,0,0,5071750,5072103,5071789,0,0,1,0,cpp,2.4472790119721304e-07,0.8615384615384616,1,0,1
0x4d6380,JNLE,9360,666,3891,6,0x4d6372,CMP,1,NonLeaf,ebx(-1) rcx(MOV) ,rflags ,MOV,3,MOV,8,CMP,3,MOV,3,MOV,7,MOV,3,TEST,2,MOV,3,SETZ,3,TEST,2,0,1,0,0,0,CALL,0,1,1,1,0,0,JE,0,0,5071717,5075635,5071750,0,0,1,1,cpp,2.4472790119721304e-07,0.0711538461538461,0,0,0
0x4d635f,JNLE,9360,666,4197,6,0x4d6351,CMP,1,NonLeaf,ebx(-1) rcx(MOV) ,rflags ,MOV,3,MOV,8,CMP,3,MOV,3,MOV,7,MOV,3,MOV,7,MOV,3,CMP,3,MOV,8,0,1,0,0,0,CALL,0,1,1,1,0,0,JG,0,0,5071684,5075908,5071717,0,1,1,1,cpp,2.4472790119721304e-07,0.0711538461538461,0,0,0
0x4d633e,JNLE,9360,666,4185,6,0x4d6330,CMP,1,NonLeaf,ebx(-1) rcx(MOV) ,rflags ,MOV,3,MOV,8,CMP,3,MOV,3,MOV,4,MOV,3,MOV,7,MOV,3,CMP,3,MOV,8,0,1,0,0,0,CALL,0,1,1,1,0,0,JG,0,0,5071654,5075863,5071684,0,1,1,1,cpp,2.4472790119721304e-07,0.0711538461538461,0,0,0
0x4d6320,JNLE,9360,666,4170,6,0x4d6312,CMP,1,NonLeaf,ebx(-1) rcx(MOV) ,rflags ,MOV,3,MOV,8,CMP,3,MOV,3,MOV,4,MOV,3,MOV,4,MOV,3,CMP,3,MOV,8,0,1,0,0,0,CALL,0,1,1,1,0,0,JG,0,0,5071624,5075818,5071654,0,1,1,1,cpp,2.4472790119721304e-07,0.0711538461538461,0,0,0
0x4d6302,JNLE,9360,666,4155,6,0x4d62f4,CMP,1,NonLeaf,ebx(-1) rcx(MOV) ,rflags ,MOV,3,MOV,8,CMP,3,MOV,3,MOV,4,MOV,3,MOV,4,MOV,3,CMP,3,MOV,8,0,1,0,0,0,CALL,0,1,1,1,0,0,JG,0,0,5071594,5075773,5071624,0,1,1,1,cpp,2.4472790119721304e-07,0.0711538461538461,0,0,0
0x4d62e4,JNLE,9360,666,4140,6,0x4d62d6,CMP,1,NonLeaf,ebx(-1) rcx(MOV) ,rflags ,MOV,3,MOV,8,CMP,3,MOV,3,MOV,4,MOV,3,MOV,4,MOV,3,CMP,3,MOV,8,0,1,0,0,0,CALL,0,1,1,1,0,0,JG,0,0,5071564,5075728,5071594,0,1,1,1,cpp,2.4472790119721304e-07,0.0711538461538461,0,0,0
0x4d62b6,JNZ,9360,9360,524,6,0x4d62b4,TEST,1,NonLeaf,edx(-1) edx(-1) ,rflags ,TEST,2,SETZ,8,MOV,3,MOV,4,TEST,2,MOV,4,CMP,3,MOV,3,JNLE,6,MOV,3,0,1,0,0,0,JLE,0,0,1,0,0,0,JG,0,0,5071523,5072066,5071548,0,0,0,0,cpp,2.4472790119721304e-07,1.0,1,0,1
0x4d629d,JNLE,9360,4745,4474,6,0x4d6296,CMP,1,NonLeaf,ebx(-1) r15(MOV) ,rflags ,MOV,3,CMP,4,MOV,3,MOV,4,MOV,4,TEST,2,MOV,4,MOV,3,SETZ,8,TEST,2,0,1,0,0,0,CALL,0,1,1,1,0,0,JNE,0,0,5071499,5075991,5071523,0,1,1,1,cpp,2.4472790119721304e-07,0.5069444444444444,1,0,1
0x4d6285,JNLE,9360,4745,4463,6,0x4d626a,CMP,1,NonLeaf,ebx(ADD) r14(MOV) ,rflags ,MOV,8,MOV,3,MOV,4,MOV,8,CMP,4,MOV,4,MOV,4,MOV,3,CMP,4,MOV,3,0,1,0,0,0,CALL,0,1,1,1,0,0,JG,0,0,5071129,5075956,5071499,0,1,1,1,cpp,2.4472790119721304e-07,0.5069444444444444,1,0,1
0x4d6113,JNZ,9360,0,925,6,0x4d6110,TEST,1,NonLeaf,r12d(MOV) r12d(MOV) ,rflags ,TEST,3,MOV,8,MOV,7,SUB,7,PUSH,1,MOV,4,MOVSD_XMM,5,MOVSD_XMM,5,MOV,6,MOVSD_XMM,9,0,1,0,0,0,RET,1,0,1,0,0,0,JG,0,0,5071088,5072048,5071129,0,0,0,1,cpp,2.4472790119721304e-07,0.0,0,0,0
0x4d5ff7,JZ,1,0,-317,6,0x4d5ff4,TEST,1,NonLeaf,rdi(MOV) rdi(MOV) ,rflags ,TEST,3,MOV,4,NOP,3,JMP,5,MOV,11,CALL_NEAR,5,MOV,5,MOV,5,JMP,5,XOR,2,0,0,1,0,0,JLE,0,0,1,0,0,0,CALL,0,1,5070832,5070522,5070845,0,0,1,1,cpp,2.6146143290300536e-11,0.0,0,0,0
0x4d5f1c,JNLE,131150,126404,-36,2,0x4d5f1a,CMP,1,NonLeaf,ecx(-1) edx(ADD) ,rflags ,CMP,2,ADD,4,ADD,3,MOVSD_XMM,5,MOVSD_XMM,5,MOV,3,JMP,5,XOR,2,JMP,5,MOV,5,0,0,0,1,1,JE,0,0,1,1,0,0,JMP,1,0,5070611,5070584,5070622,0,0,0,0,cpp,3.429066692522916e-06,0.9638124285169654,1,1,1
0x4d5efb,JZ,131150,0,24,2,0x4d5ef8,TEST,1,NonLeaf,rax(LEA) rax(LEA) ,rflags ,TEST,3,NOP,3,MOV,7,LEA,4,LEA,4,MOVSD_XMM,8,MOVSD_XMM,4,MOVSD_XMM,5,MOVSD_XMM,5,ADD,3,1,1,1,0,0,JG,0,0,1,0,0,0,MOVSD,0,0,5070584,5070611,5070589,1,0,0,1,cpp,3.429066692522916e-06,0.0,0,1,0
0x4d5ed3,JLE,2,0,422,6,0x4d5ebd,CMP,1,NonLeaf,rsp(-1) edx(MOV) ,rflags ,MOV,3,MOV,4,MOV,4,MOV,4,CMP,7,MOV,7,MOV,3,MOVSXD,3,LEA,4,LEA,4,0,1,0,0,0,JMP,0,0,1,0,0,0,MOV,0,0,5070522,5070969,5070553,0,0,0,0,cpp,5.2292286580601066e-11,0.0,0,0,0
0x4d5e36,JLE,4746,4744,357,6,0x4d5e34,CMP,1,NonLeaf,esi(MOV) eax(MOV) ,rflags ,CMP,2,MOV,5,MOV,7,MOV,3,JMP,5,CVTSI2SS,4,MOV,3,MOV,5,MULSS,5,CVTTSS2SI,5,0,1,0,0,0,JMP,0,0,1,0,0,0,CALL,0,1,5070373,5070747,5070396,0,1,0,1,cpp,1.2408959605576636e-07,0.9995785924989464,1,0,1
0x4d5dfb,JNLE,908240,908240,-2105,6,0x4d5df4,CMP,1,NonLeaf,rsp(-1) esi(LEA) ,rflags ,CMP,7,LEA,3,LEA,4,MOV,5,MOV,8,JMP,5,MOV,5,JMP,5,MOV,3,MOV,5,0,0,0,0,0,JMP,0,0,1,0,0,0,JMP,0,0,5070321,5068226,5070337,0,0,1,0,cpp,2.374697318198256e-05,1.0,1,0,1
0x4d5db0,JNLE,319840,319840,-7916,6,0x4d5dad,CMP,1,NonLeaf,r10d(MOV) ecx(LEA) ,rflags ,CMP,3,LEA,3,LEA,4,MOV,8,MOV,8,JMP,5,MOV,7,MOV,4,MOV,5,MOV,5,0,0,0,0,0,NOP,0,0,1,0,0,0,JMP,0,0,5070250,5062340,5070262,0,0,0,0,cpp,8.362582469969723e-06,1.0,1,0,1
0x4d5c17,JNL,319840,0,1018,6,0x4d5c15,CMP,1,NonLeaf,esi(LEA) edx(LEA) ,rflags ,CMP,2,LEA,4,MOVSD_XMM,6,MOVSD_XMM,5,MOVSD_XMM,4,LEA,4,MOV,5,MOV,5,MOV,8,MOV,3,0,1,0,0,0,JMP,0,0,1,0,0,0,JMP,0,0,5069754,5070865,5069853,0,0,0,1,cpp,8.362582469969723e-06,0.0,0,0,0
0x4d5b8f,JLE,85897063,1391835,-287,6,0x4d5b8b,CMP,1,NonLeaf,ecx(-1) rsp(-1) ,rflags ,CMP,4,JB,6,UCOMISD,5,MOVSD_XMM,5,ADDSD,4,MOV,4,ADD,4,JMP,5,NOP,6,MOVZX,5,0,1,0,0,0,JL,0,0,1,0,0,0,JMP,0,0,5069707,5069424,5069717,0,0,0,1,cpp,0.0022458769174139,0.0162035225814414,0,0,0
0x4d5b85,JB,112371390,26474327,-258,6,0x4d5b80,UCOMISD,1,NonLeaf,xmm9(-1) xmm1(ADDSD) ,rflags ,UCOMISD,5,MOVSD_XMM,5,ADDSD,4,ADDSD,4,MULSD,4,CMP,4,JLE,6,MOV,4,ADD,4,JMP,5,1,1,1,0,0,JB,0,0,1,0,0,0,JLE,0,0,5069532,5069443,5069707,0,0,0,0,cpp,0.0029380784646702,0.2355966852416794,0,0,0
0x4d5ace,JZ,112371390,908240,749,6,0x4d5ac9,CMP,1,NonLeaf,r9(ADD) rsp(-1) ,rflags ,CMP,5,SAR,3,SHL,3,ADD,4,ADD,4,MOV,5,MOV,3,MOVAPD,5,MOVAPD,5,MOVAPD,5,0,1,1,0,0,LEA,1,0,1,0,0,0,MOV,0,0,5069495,5070267,5069524,0,0,0,1,cpp,0.0029380784646702,0.0080824843405425,0,0,0
0x4d5aa2,JL,1026169,0,262,6,0x4d5a9e,CMP,1,NonLeaf,esi(-1) rsp(-1) ,rflags ,CMP,4,JNLE,6,CMP,4,JB,2,UCOMISD,5,MOVZX,5,ADD,4,MOV,6,MOV,4,ADD,4,0,0,0,0,0,JMP,0,0,1,0,0,0,MOV,0,0,5069470,5069736,5069480,0,0,1,1,cpp,2.683036171406441e-05,0.0,0,0,0
0x4d5a98,JNLE,85753190,84727021,272,6,0x4d5a94,CMP,1,NonLeaf,esi(-1) rsp(-1) ,rflags ,CMP,4,JB,2,UCOMISD,5,SAR,3,SHL,3,CMP,4,JL,6,MOVZX,5,ADD,4,MOV,6,0,1,0,0,0,JMP,0,0,1,0,0,0,JL,0,0,5069460,5069736,5069470,0,0,1,0,cpp,0.0022421151933403,0.988033459746512,1,0,1
0x4d5a92,JB,112371390,26618200,37,2,0x4d5a8d,UCOMISD,1,NonLeaf,xmm9(-1) xmm0(-1) ,rflags ,UCOMISD,5,SAR,3,SHL,3,MOV,4,ADD,4,CMP,4,JNLE,6,CMP,4,JL,6,MOVZX,5,0,1,1,0,0,JE,0,0,1,0,0,0,JG,0,0,5069443,5069495,5069460,0,0,0,0,cpp,0.0029380784646702,0.2368770200315222,0,0,0
0x4d5a74,JL,1391835,0,289,6,0x4d5a70,CMP,1,NonLeaf,ecx(-1) rsp(-1) ,rflags ,CMP,4,NOP,5,JMP,5,MOV,3,XOR,2,MOV,5,ADD,4,MOV,4,SHL,3,SAR,3,0,0,0,0,0,JMP,0,0,1,0,0,0,ADD,0,0,5069424,5069717,5069434,0,0,1,1,cpp,3.639111734645545e-05,0.0,0,0,0
0x4d59d7,JNL,908240,0,1601,6,0x4d59d5,CMP,1,NonLeaf,edx(LEA) eax(SUB) ,rflags ,CMP,2,SAR,3,SUB,3,LEA,5,MOVSD_XMM,5,MOV,7,LEA,5,MOV,5,MOV,8,MOVSD_XMM,10,0,1,0,0,0,JMP,0,0,1,0,0,0,JMP,0,0,5069129,5070872,5069277,0,0,0,1,cpp,2.374697318198256e-05,0.0,0,0,0
0x4d57e0,JNLE,1358720,676470,-16,2,0x4d57dd,CMP,1,NonLeaf,r8d(-1) ecx(ADD) ,rflags ,CMP,3,ADD,4,MOV,4,MOVZX,5,NOP,1,JMP,5,CMP,9,JZ,6,MOV,8,MOV,2,1,1,1,1,1,JG,0,0,1,1,0,0,JMP,0,0,5068752,5068752,5068770,1,0,1,0,cpp,3.552528781139715e-05,0.4978729981158737,0,1,0
0x4d57b0,JNLE,622940,397600,-16,2,0x4d57ae,CMP,1,NonLeaf,ecx(-1) eax(ADD) ,rflags ,CMP,2,ADD,4,MOV,5,MOVZX,5,NOP,7,JMP,5,NOP,9,MOV,5,MOV,8,XOR,2,1,1,1,1,1,JG,0,0,1,1,0,0,JMP,0,0,5068704,5068704,5068722,1,0,1,0,cpp,1.6287478501259817e-05,0.6382637172119305,1,1,1
0x4d568f,JNLE,2063558,1477092,-100,2,0x4d568c,CMP,1,NonLeaf,r10d(-1) esi(ADD) ,rflags ,CMP,3,ADD,4,ADD,4,MOV,4,ADD,3,MOV,5,MOV,5,JMP,5,MOV,3,ADD,8,0,0,0,1,1,JB,0,0,0,1,0,0,JMP,1,0,5068413,5068331,5068433,0,0,0,0,cpp,5.3954083155846e-05,0.7157986351728423,1,1,1
0x4d567b,JLE,2077530,13972,-107,2,0x4d5678,CMP,1,NonLeaf,ecx(-1) r9d(-1) ,rflags ,CMP,3,JB,2,UCOMISD,4,ADDSD,4,MULSD,4,ADD,3,MOV,4,ADD,4,ADD,4,CMP,3,0,1,0,0,0,JL,0,0,1,0,0,0,JG,0,0,5068408,5068304,5068413,0,0,0,1,cpp,5.431939706989807e-05,0.0067252939789076,0,0,0
0x4d5676,JB,3219490,1141960,-87,2,0x4d5672,UCOMISD,1,NonLeaf,xmm2(-1) xmm0(ADDSD) ,rflags ,UCOMISD,4,ADDSD,4,MULSD,4,SUBSD,5,MOVAPD,5,CMP,3,JLE,2,ADD,3,MOV,4,ADD,4,1,1,0,0,0,JLE,0,0,1,0,0,0,JLE,0,0,5068331,5068319,5068408,0,0,0,0,cpp,8.417724686168968e-05,0.3547021422647686,0,0,0
0x4d5629,JLE,1155932,333727,104,2,0x4d5626,CMP,1,NonLeaf,r10d(-1) esi(ADD) ,rflags ,CMP,3,ADD,4,ADD,3,ADD,4,MOV,5,MOVZX,4,MOVAPD,4,MOVAPD,4,MOVZX,4,MOV,3,0,0,1,0,0,JMP,1,0,0,0,1,1,JB,0,0,5068319,5068433,5068331,0,0,0,0,cpp,3.022316370584368e-05,0.2887081593034884,0,0,0
0x4d5614,JL,13972,0,105,2,0x4d5610,CMP,1,NonLeaf,ecx(-1) rsp(-1) ,rflags ,CMP,4,NOP,9,JMP,2,MOV,5,MOVSD_XMM,6,MOV,5,ADD,4,ADD,3,ADD,4,CMP,3,0,0,0,0,0,JG,0,0,1,0,0,0,ADD,0,0,5068304,5068413,5068310,0,0,1,1,cpp,3.653139140520791e-07,0.0,0,0,0
0x4d55a5,JNLE,920193,908240,932,6,0x4d55a2,CMP,1,NonLeaf,eax(SUB) ,rflags ,CMP,3,SUB,7,MOV,7,JLE,6,CMP,7,MOV,7,MOV,8,MOV,8,MOV,8,MOVSXD,3,0,1,0,0,0,JGE,0,0,1,0,0,0,MOV,0,0,5068180,5069129,5068203,0,0,1,0,cpp,2.405949803273152e-05,0.9870103337017344,1,0,1
0x4d558e,JLE,920800,607,338,6,0x4d5587,CMP,1,NonLeaf,rsp(-1) eax(MOV) ,rflags ,CMP,7,MOV,7,NOP,2,JMP,5,MOVSD_XMM,6,MOV,7,SUB,7,CMP,3,JNLE,6,MOV,7,0,0,0,0,0,JMP,0,0,1,0,0,0,JG,0,0,5068160,5068512,5068180,0,0,1,0,cpp,2.4075368741708736e-05,0.000659209383145,0,0,0
0x4d54db,JZ,9360,9360,-7307,6,0x4d5454,TEST,1,NonLeaf,rdi(MOV) rdi(MOV) ,rflags ,MOVSD_XMM,5,MOVSD_XMM,5,ADDSD,5,MOVSD_XMM,5,ADDSD,4,ADD,7,POP,1,POP,1,POP,2,POP,2,0,0,0,0,0,RET,0,0,1,0,0,0,JMP,0,0,5067824,5060688,5068001,0,0,0,0,cpp,2.4472790119721304e-07,1.0,1,0,1
0x4d542a,JNZ,5994560,5985200,-138,6,0x4d541b,CMP,1,NonLeaf,rax(ADD) rsi(LEA) ,rflags ,ADDSD,4,ADDSD,4,ADDSD,4,CMP,3,MULSD,5,MOV,8,MOVSD_XMM,6,MOV,8,ADDSD,5,ADDSD,9,1,1,1,1,1,JNE,0,0,0,1,0,0,JE,1,0,5067680,5067680,5067824,1,0,1,1,cpp,0.0001567346247223,0.9984385843164468,1,1,1
0x4d535e,JLE,9360,0,3103,6,0x4d5358,TEST,1,NonLeaf,edx(MOV) edx(MOV) ,rflags ,MOV,4,TEST,2,MOV,8,MOV,7,CVTSI2SD,10,MOV,7,XORPD,4,MOV,8,MOV,3,MOVAPD,4,0,1,0,0,0,JMP,1,0,1,0,0,0,NOP,0,0,5067593,5070717,5067620,0,0,0,0,cpp,2.4472790119721304e-07,0.0,0,0,0
0x4d5336,JNLE,5985200,5975840,-6396,6,0x4d532c,CMP,1,NonLeaf,rsp(-1) eax(MOV) ,rflags ,MOV,3,CMP,7,MOV,7,MOVSD_XMM,5,ADDSD,5,MOV,3,CVTSI2SD,10,MOV,7,MOV,8,TEST,2,0,0,0,1,1,JNE,0,0,0,1,0,0,CVTSI2SD,1,0,5067488,5061178,5067580,0,0,1,0,cpp,0.0001564898968211,0.9984361424847958,1,1,1
0x4d52da,JNLE,4049110,2584400,-538,6,0x4d514c,CMP,0,NonLeaf,eax(-1) esi(-1) ,rflags ,MOVSD_XMM,5,SUBSD,4,MOVSD_XMM,5,MOVSD_XMM,5,MOVSD_XMM,4,MOV,8,ADD,5,LEA,4,MOV,8,LEA,4,0,0,0,1,1,CVTPS2PD,0,0,0,1,0,0,JG,1,0,5067344,5066944,5067488,1,0,1,1,cpp,0.0001058686102581,0.6382637172119305,1,1,1
0x4d506d,JLE,5985200,4520490,627,6,0x4d5064,TEST,1,NonLeaf,eax(-1) eax(-1) ,rflags ,MOVSD_XMM,7,TEST,2,ADD,3,MOVSD_XMM,7,MOVSD_XMM,6,MOVSD_XMM,8,MOV,7,XOR,2,MOV,8,MOVSD_XMM,10,0,1,1,0,0,JG,0,0,1,0,0,0,MOVSD,0,0,5066828,5067488,5066867,0,0,1,1,cpp,0.0001564898968211,0.7552780191138141,1,0,1
0x4d4fe5,JNZ,894261817,888325932,-533,6,0x4d4e51,CMP,0,NonLeaf,rcx(-1) r8(-1) ,rflags ,MOVSD_XMM,5,SUBSD,4,MOVSD_XMM,5,MOVSD_XMM,5,MOVSD_XMM,4,MOVSD_XMM,7,MOVSD_XMM,8,MOV,7,MOV,8,MOV,3,0,0,0,1,1,ADDSD,0,0,1,1,0,0,MOVSD,1,0,5066591,5066192,5066731,1,0,0,0,cpp,0.0233814976063265,0.9933622515384664,1,1,1
0x4d4d67,JLE,5944704,8819,4962,6,0x4d4d65,TEST,1,NonLeaf,esi(SAR) esi(SAR) ,rflags ,TEST,2,SAR,3,SUB,3,JNZ,2,CMP,3,MOVSD_XMM,8,LEA,3,MOV,7,MOVSD_XMM,10,MOV,8,0,1,0,0,0,JMP,0,0,1,0,0,0,NOP,0,0,5066079,5071049,5066093,0,0,0,1,cpp,0.0001554310826024,0.0014835053183472,0,0,0
0x4d4d5d,JNZ,39083291,33138587,-109,2,0x4d4d5a,CMP,1,NonLeaf,rax(ADD) r9(-1) ,rflags ,CMP,3,ADD,4,ADD,4,MOVSD_XMM,6,ADD,4,SUB,3,SAR,3,TEST,2,JLE,6,MOVSD_XMM,8,0,1,0,0,0,MOV,0,0,0,1,0,0,JLE,1,0,5066070,5065968,5066079,0,0,0,0,cpp,0.0010218773267425,0.8478965346086131,1,1,1
0x4d4cba,JLE,5944704,0,165,6,0x4d4ca9,CMP,1,NonLeaf,r9d(MOV) edx(-1) ,rflags ,MOVSD_XMM,5,MOVSD_XMM,5,MOVSD_XMM,4,CMP,3,ADD,3,SUB,4,MOVSXD,3,SUB,3,LEA,5,ADD,3,0,1,1,0,0,JLE,0,0,1,0,0,0,JMP,0,0,5065860,5066079,5065920,0,1,0,0,cpp,0.0001554310826024,0.0,0,0,0
0x4d4c47,JNZ,269346745,263614347,-559,6,0x4d4c42,CMP,1,NonLeaf,r9(ADD) rsp(-1) ,rflags ,CMP,5,ADD,3,ADD,4,ADD,4,SETNBE,3,MOV,7,MOV,8,MOVSXD,3,MOV,8,MOV,8,0,1,0,0,0,MOV,0,0,1,1,0,0,ADD,1,0,5065653,5065240,5065805,0,0,0,0,cpp,0.007042378589546,0.9787174038431392,1,1,1
0x4d48ec,JLE,5944704,212306,3092,6,0x4d48e9,CMP,1,NonLeaf,eax(-1) ,rflags ,CMP,3,JLE,6,ADDSD,4,MOVSD_XMM,9,MOVSD_XMM,6,MOV,8,MOV,8,XOR,3,MOV,8,MOV,8,0,1,0,0,0,JMP,0,0,1,0,0,0,JMP,0,0,5064937,5068032,5064946,0,0,0,1,cpp,0.0001554310826024,0.0357134686605085,0,0,0
0x4d48e3,JLE,5985200,40496,3549,6,0x4d48c5,TEST,1,NonLeaf,eax(MOV) eax(MOV) ,rflags ,ADDSD,4,MOVSD_XMM,9,MOVSD_XMM,6,MULSD,9,TEST,2,CMP,3,JLE,6,MOV,8,MOV,8,XOR,3,0,1,0,0,0,JMP,0,0,1,0,0,0,JLE,0,0,5064822,5068480,5064937,0,0,0,0,cpp,0.0001564898968211,0.006766022856379,0,0,0
0x4d4689,JZ,920800,920800,493,6,0x4d4673,CMP,1,NonLeaf,rsp(-1) ,rflags ,MOV,3,MOV,5,MOV,6,CMP,8,ADD,4,MOV,7,JMP,5,MOV,3,MOV,2,MOV,5,0,0,1,0,0,JLE,0,0,1,0,0,0,JMP,0,0,5064295,5064822,5064335,0,0,1,1,cpp,2.4075368741708736e-05,1.0,1,0,1
0x6058ce,JZ,1,1,338,6,0x6058cb,TEST,1,NonLeaf,rax(MOV) rax(MOV) ,rflags ,TEST,3,MOV,7,SHL,4,LEA,4,MOV,7,ADD,6,MOV,7,MOV,5,TEST,3,JNZ,2,0,1,0,0,0,JMP,0,0,1,0,0,0,MOV,0,0,6314136,6314528,6314196,0,1,0,1,cpp,2.6146143290300536e-11,1.0,1,0,1
0x4d4556,JBE,225340,225340,4650,6,0x4d4552,CMP,1,NonLeaf,r10d(-1) ,rflags ,CMP,4,JZ,6,OR,2,SETNB,3,CMP,3,SHR,4,MOV,8,XOR,2,LEA,8,XOR,3,0,0,0,0,0,NOP,0,0,1,0,0,0,XOR,0,0,5064018,5068672,5064028,0,1,0,0,cpp,5.891771929036323e-06,1.0,1,0,1
0x4d454c,JZ,225340,0,4660,6,0x4d454a,OR,1,NonLeaf,al(OR) cl(SETNB) ,al rflags ,OR,2,SETNB,3,CMP,3,ADD,4,SETNB,3,CMP,4,JBE,6,SHR,4,MOV,8,XOR,2,0,1,0,0,0,NOP,0,0,1,0,0,0,JBE,0,0,5063967,5068672,5064018,0,0,0,0,cpp,5.891771929036323e-06,0.0,0,1,0
0x4d4519,JLE,920800,695460,6381,6,0x4d4502,TEST,1,NonLeaf,r10d(MOV) r10d(MOV) ,rflags ,MOV,8,LEA,4,LEA,5,MOV,3,TEST,3,ADD,3,ADD,2,MOV,8,CDQE,2,LEA,4,0,1,0,0,0,JMP,0,0,1,0,0,0,JE,0,0,5063902,5070342,5063967,0,0,0,0,cpp,2.4075368741708736e-05,0.7552780191138141,1,0,1
0x4d44b8,JLE,40,0,21,2,0x4d44ab,CMP,1,NonLeaf,r10d(-1) ecx(ADD) ,rflags ,MOV,5,MOVZX,5,CMP,3,ADD,3,MOVSXD,3,MOV,8,MOVSXD,3,MOVZX,4,MOV,4,MOVSXD,5,0,0,1,0,0,MOVZX,0,0,1,0,0,0,MOV,0,0,5063837,5063885,5063866,0,1,0,1,cpp,1.0458457316120212e-09,0.0,0,0,0
0x4d449b,JLE,40,0,50,2,0x4d4498,CMP,1,NonLeaf,r10d(-1) edi(LEA) ,rflags ,CMP,3,LEA,3,MOV,5,MOVZX,5,MOVSXD,3,MOV,8,MOVSXD,3,ADD,3,CMP,3,MOVZX,5,0,0,1,0,0,MOVZX,0,0,1,0,0,0,JLE,0,0,5063808,5063885,5063837,0,1,0,1,cpp,1.0458457316120212e-09,0.0,0,1,0
0x4d447e,JLE,260,220,79,2,0x4d447b,CMP,1,NonLeaf,r10d(-1) edi(LEA) ,rflags ,CMP,3,LEA,3,MOV,5,MOVZX,5,MOVSXD,3,MOV,8,MOVSXD,3,MOVZX,5,MOV,5,LEA,3,0,0,1,0,0,MOVZX,0,0,1,0,0,0,JLE,0,0,5063779,5063885,5063808,0,1,0,1,cpp,6.797997255478141e-09,0.8461538461538461,1,1,1
0x605754,JZ,1,1,9,2,0x605751,TEST,1,NonLeaf,rax(MOV) rax(MOV) ,rflags ,TEST,3,SUB,4,MOV,3,PUSH,1,MOV,3,MOV,5,CALL_NEAR,2,LEA,4,SHL,4,MOV,7,0,1,1,0,0,JNE,0,0,1,0,0,0,CALL,0,1,6313792,6313821,6313814,0,0,0,1,cpp,2.6146143290300536e-11,1.0,1,0,1
0x4d4461,JLE,280,20,108,2,0x4d445e,CMP,1,NonLeaf,r10d(-1) edi(LEA) ,rflags ,CMP,3,LEA,3,MOV,5,MOVZX,5,MOVSXD,3,MOV,8,MOVSXD,3,MOVZX,5,MOV,5,LEA,3,0,0,1,0,0,MOVZX,0,0,1,0,0,0,JLE,0,0,5063750,5063885,5063779,0,1,0,1,cpp,7.32092012128415e-09,0.0714285714285714,0,1,0
0x4d4440,JLE,280,0,141,6,0x4d443d,CMP,1,NonLeaf,r10d(-1) edi(LEA) ,rflags ,CMP,3,LEA,3,MOV,5,MOVZX,5,MOVSXD,3,MOV,8,MOVSXD,3,MOVZX,5,MOV,5,LEA,3,0,0,1,0,0,MOVZX,0,0,1,0,0,0,JLE,0,0,5063717,5063885,5063750,0,1,0,1,cpp,7.32092012128415e-09,0.0,0,1,0
0x4d441f,JLE,280,0,174,6,0x4d441c,CMP,1,NonLeaf,r10d(-1) edi(LEA) ,rflags ,CMP,3,LEA,3,MOV,5,MOVZX,5,MOVSXD,3,MOV,8,MOVSXD,3,MOVZX,5,MOV,5,LEA,3,0,0,1,0,0,MOVZX,0,0,1,0,0,0,JLE,0,0,5063684,5063885,5063717,0,1,0,1,cpp,7.32092012128415e-09,0.0,0,1,0
0x4d43fe,JZ,1410,1130,207,6,0x4d43fb,CMP,1,NonLeaf,r10d(MOV) ecx(-1) ,rflags ,CMP,3,MOV,5,MOV,5,JNBE,2,CMP,5,MOV,8,MOVSXD,3,MOVZX,5,MOV,5,LEA,3,0,0,1,0,0,MOVZX,0,0,1,0,0,0,JLE,0,0,5063665,5063885,5063684,0,0,0,1,cpp,3.686606203932376e-08,0.8014184397163121,1,0,1
0x4d43ef,JNBE,2540,1130,-26,2,0x4d43ea,CMP,1,NonLeaf,rsp(-1) r10d(ADD) ,rflags ,CMP,5,ADD,4,MOVDQU,7,ADD,4,MOVDQU,6,MOV,5,MOV,5,CMP,3,JZ,6,MOV,8,1,1,1,1,1,JA,0,0,1,1,0,0,JE,0,0,5063637,5063637,5063665,1,0,1,0,cpp,6.641120395736336e-08,0.4448818897637795,0,1,0
0x4d43b2,JBE,683660,682250,5134,6,0x4d43af,CMP,1,NonLeaf,ecx(MOV) ,rflags ,CMP,3,MOV,4,JZ,6,OR,3,SETNB,4,MOV,5,MOV,8,SHR,3,MOV,4,XOR,3,0,0,0,0,0,NOP,0,0,1,0,0,0,XOR,0,0,5063595,5068736,5063608,0,1,0,1,cpp,1.7875072321846866e-05,0.997937571307375,1,0,1
0x4d43a5,JZ,683660,0,5147,6,0x4d43a2,OR,1,NonLeaf,r10b(OR) r8b(SETNB) ,r10b rflags ,OR,3,SETNB,4,MOV,3,CMP,3,ADD,4,MOV,4,CMP,3,JBE,6,MOV,5,MOV,8,0,1,0,0,0,NOP,0,0,1,0,0,0,JBE,0,0,5063540,5068736,5063595,0,0,0,0,cpp,1.7875072321846866e-05,0.0,0,1,0
0x4d436e,JLE,920800,237140,6818,6,0x4d4368,TEST,1,NonLeaf,ecx(MOV) ecx(MOV) ,rflags ,LEA,4,TEST,2,LEA,5,MOVSXD,3,MOV,4,LEA,3,MOV,8,MOVSXD,3,LEA,4,LEA,4,0,1,0,0,0,JMP,0,0,1,0,0,0,JE,0,0,5063484,5070352,5063540,0,0,0,0,cpp,2.4075368741708736e-05,0.2575369244135534,0,0,0
0x4d432d,JZ,920800,6221,15,2,0x4d432b,TEST,1,NonLeaf,eax(SAR) eax(SAR) ,rflags ,TEST,2,ADD,3,ADD,3,MOV,7,MOVSXD,3,MOV,8,MOVZX,5,MOV,3,MOV,3,LEA,3,0,1,1,0,0,JLE,0,0,1,0,0,0,MOVZX,0,0,5063440,5063484,5063471,0,0,1,0,cpp,2.4075368741708736e-05,0.0067560816681146,0,0,0
0x4d42ba,JNLE,1380260,907250,-45,2,0x4d42b7,CMP,1,NonLeaf,r12d(-1) edx(ADD) ,rflags ,CMP,3,ADD,4,MOV,4,ADD,4,JNZ,2,SUB,8,SUB,8,MOV,5,MOV,5,SAR,3,0,0,0,1,1,JNE,0,0,0,1,0,0,MOV,1,0,5063339,5063309,5063356,0,0,0,1,cpp,3.608847573787022e-05,0.6573036964050252,1,1,1
0x4d42a9,JNZ,2431976,1051716,-57,2,0x4d42a6,CMP,1,NonLeaf,cl(MOVZX) ,rflags ,CMP,3,MOVZX,5,MOVSXD,3,SAR,3,SHL,3,ADD,4,MOV,4,ADD,4,CMP,3,JNLE,2,1,1,0,0,0,JE,0,0,1,0,0,0,JG,0,0,5063309,5063280,5063339,0,0,0,1,cpp,6.358679297457194e-05,0.4324532807889552,0,0,0
0x4d428b,JLE,1051716,220630,49,2,0x4d4288,CMP,1,NonLeaf,r12d(-1) edx(ADD) ,rflags ,CMP,3,ADD,4,ADD,4,MOV,3,JNZ,2,MOVZX,5,MOVZX,3,MOV,3,SHL,3,SAR,3,0,0,1,0,0,MOV,1,0,0,0,1,1,JNE,0,0,5063300,5063356,5063309,0,0,1,0,cpp,2.749831723670172e-05,0.2097809674855189,0,0,0
0x4d427b,JNZ,428776,0,9,2,0x4d4279,TEST,1,NonLeaf,cl(-1) cl(-1) ,rflags ,TEST,2,JZ,6,CMP,3,NOP,1,JMP,2,MOV,3,ADD,4,ADD,4,CMP,3,JLE,2,0,0,1,0,0,JLE,0,0,1,0,0,0,ADD,0,0,5063289,5063300,5063293,0,0,0,1,cpp,1.1210838735441905e-05,0.0,0,0,0
0x4d4273,JZ,1051716,622940,4765,6,0x4d4270,CMP,1,NonLeaf,cl(-1) ,rflags ,CMP,3,NOP,1,JMP,2,MOV,8,MOV,8,TEST,2,JNZ,2,MOV,3,ADD,4,ADD,4,0,1,0,0,0,JMP,0,0,1,0,0,0,JNE,0,0,5063280,5068048,5063289,0,0,1,0,cpp,2.749831723670172e-05,0.5923081896633692,1,0,1
0x4d4236,JLE,920193,226553,7759,6,0x4d4233,TEST,1,NonLeaf,r12d(SHR) r12d(SHR) ,rflags ,TEST,3,SHR,3,SUB,8,NOP,6,JNZ,6,MOV,5,MOV,5,XOR,2,MOV,8,MOV,8,0,1,0,0,0,JMP,0,0,1,0,0,0,JMP,0,0,5063208,5070981,5063228,0,0,1,1,cpp,2.405949803273152e-05,0.2462016120531236,0,0,0
0x4d4100,JZ,920800,920800,5248,6,0x4d40f5,TEST,1,NonLeaf,r8b(MOV) r8b(MOV) ,rflags ,MOV,8,TEST,3,ADD,3,MOV,5,LEA,5,MOV,7,MOV,7,CMP,2,JLE,6,MOV,8,0,1,0,0,0,JLE,0,0,1,0,0,0,JLE,0,0,5062884,5068160,5062918,0,0,0,0,cpp,2.4075368741708736e-05,1.0,1,0,1
0x4d40a8,JZ,2009,0,34,2,0x4d40a5,TEST,1,NonLeaf,rdi(MOV) rdi(MOV) ,rflags ,TEST,3,MOV,3,MOV,5,MOV,5,MOVSD_XMM,6,MOVSD_XMM,7,MOV,4,CALL_NEAR,5,MOV,5,MOV,4,0,1,1,0,0,MOV,0,0,1,0,0,0,CALL,0,1,5062797,5062858,5062826,0,0,1,1,cpp,5.2527601870213785e-08,0.0,0,0,0
0x4d403b,JNL,3453,1444,-11,2,0x4d4038,CMP,1,NonLeaf,edx(-1) r12d(ADD) ,rflags ,CMP,3,ADD,3,SAR,2,MOV,3,NOP,1,MOVSXD,3,MOV,10,MOV,7,LEA,4,CMP,3,1,1,1,1,1,JGE,0,0,1,1,0,0,CALL,0,1,5062704,5062704,5062717,1,0,0,1,cpp,9.028263278140776e-08,0.4181870836953374,0,1,0
0x4d4029,JL,920800,918791,7668,6,0x4d4026,CMP,1,NonLeaf,edx(LEA) r12d(MOV) ,rflags ,CMP,3,MOV,3,LEA,4,MOV,4,MOV,3,NOP,1,MOV,3,SAR,2,ADD,3,CMP,3,0,1,0,0,0,JMP,0,0,1,0,0,0,NOP,0,0,5062668,5070365,5062703,0,0,0,0,cpp,2.4075368741708736e-05,0.9978182015638576,1,0,1
0x4d3ffc,JZ,920800,920800,16,2,0x4d3ffa,TEST,1,NonLeaf,eax(MOV) eax(MOV) ,rflags ,TEST,2,XOR,3,MOV,7,MOV,4,MOV,3,MOVZX,6,SHR,4,AND,4,MOV,5,MOV,7,0,1,1,0,0,JL,0,0,1,0,0,0,AND,0,0,5062647,5062668,5062654,0,0,1,0,cpp,2.4075368741708736e-05,1.0,1,0,1
0x4d3fc5,JZ,329920,0,6035,6,0x4d3fbc,TEST,1,NonLeaf,eax(SAR) eax(SAR) ,rflags ,MOV,7,TEST,2,SAR,3,SUB,8,JNLE,2,MOV,8,CDQE,2,MOV,11,MOVZX,5,MOV,4,0,1,0,0,0,JMP,0,0,1,0,0,0,MOV,0,0,5062577,5068632,5062603,0,1,1,1,cpp,8.626135594335954e-06,0.0,0,0,0
0x4d3faf,JNLE,29223818,28895945,-79,2,0x4d3fa9,CMP,1,NonLeaf,edx(-1) esi(ADD) ,rflags ,LEA,4,CMP,2,MOVZX,4,ADD,4,MOV,4,SUB,8,SAR,3,TEST,2,MOV,7,JZ,6,0,0,0,1,1,JE,0,0,0,1,0,0,JE,1,0,5062561,5062496,5062577,0,0,1,1,cpp,0.0007640901329176,0.9887806240786196,1,1,1
0x4d3f91,JZ,29223818,28637440,16,2,0x4d3f8e,AND,1,NonLeaf,edi(AND) ,edi rflags ,AND,3,AND,4,MOV,3,MOV,5,MOV,3,LEA,3,ADD,3,MOV,4,MOV,4,ADD,4,1,1,1,0,0,JG,0,0,1,0,0,0,MOV,0,0,5062496,5062561,5062547,0,0,0,1,cpp,0.0007640901329176,0.9799349284203728,1,0,1
0x4d3f4d,JZ,328480,607,100,2,0x4d3f4b,TEST,1,NonLeaf,edx(-1) edx(-1) ,rflags ,TEST,2,JNLE,2,CMP,3,ADD,4,ADD,3,MOV,8,XOR,2,NOP,7,MOVZX,5,MOVZX,3,0,0,1,0,0,JE,0,0,1,0,0,0,NOP,0,0,5062475,5062577,5062479,0,0,1,0,cpp,8.588485147997921e-06,0.0018479055041402,0,0,0
0x4d3f49,JNLE,1149310,820830,-89,2,0x4d3f46,CMP,1,NonLeaf,r10d(-1) ecx(ADD) ,rflags ,CMP,3,ADD,4,ADD,3,MOV,5,ADD,3,TEST,2,JZ,2,MOV,8,XOR,2,NOP,7,0,0,0,1,1,JB,0,0,0,1,0,0,JE,1,0,5062463,5062384,5062475,0,0,0,0,cpp,3.005002394497531e-05,0.7141937336314832,1,1,1
0x4d3f32,JB,1149310,368059,13,2,0x4d3f2e,UCOMISD,1,NonLeaf,xmm2(MOVSD_XMM) xmm0(ADDSD) ,rflags ,UCOMISD,4,ADDSD,4,MULSD,4,SUBSD,5,MOVAPD,5,MOVSXD,3,ADD,3,MOV,5,ADD,3,ADD,4,1,1,1,0,0,JG,0,0,1,0,0,0,MOV,0,0,5062384,5062463,5062452,0,0,0,1,cpp,3.005002394497531e-05,0.3202434504180769,0,1,0
0x4d3ebc,JNLE,328480,319840,7422,6,0x4d3eb9,CMP,1,NonLeaf,edx(SUB) ,rflags ,CMP,3,SUB,2,MOV,3,JLE,6,CMP,3,XOR,2,MOV,5,MOVSXD,3,MOV,8,MOVSD_XMM,9,0,1,0,0,0,JGE,0,0,1,0,0,0,XOR,0,0,5062324,5069754,5062338,0,0,1,0,cpp,8.588485147997921e-06,0.9736970287384316,1,0,1
0x4d3eae,JLE,329920,1440,259,6,0x4d3eab,CMP,1,NonLeaf,r10d(MOV) ecx(MOV) ,rflags ,CMP,3,MOV,5,MOV,8,MOV,7,MOV,8,MOV,3,SUB,2,CMP,3,JNLE,6,XOR,2,0,1,1,0,0,JE,0,0,1,0,0,0,JG,0,0,5062315,5062577,5062324,0,0,1,0,cpp,8.626135594335954e-06,0.004364694471387,0,0,0
0x4d3e89,JNZ,329920,0,6311,6,0x4d3e84,CMP,1,NonLeaf,rsp(-1) ,rflags ,CMP,5,ADD,8,ADD,3,CDQE,2,ADD,3,MOV,8,MOV,7,MOV,8,MOV,5,CMP,3,0,1,0,0,0,JMP,0,0,1,0,0,0,MOV,0,0,5062268,5068592,5062287,0,0,1,1,cpp,8.626135594335954e-06,0.0,0,0,0
0x4d3d00,JZ,298740,298740,365,6,0x4d3cfe,CMP,1,NonLeaf,ecx(-1) esi(-1) ,rflags ,CMP,2,MOV,5,ADD,3,MOV,4,JNZ,6,SUB,3,MOV,2,MOV,5,SHR,4,LEA,8,0,0,1,0,0,ADD,0,0,0,0,0,0,JE,0,0,5061886,5062253,5061894,0,1,0,1,cpp,7.810898846544383e-06,1.0,1,0,1
0x4d3c92,JZ,10460,10460,8929,6,0x4d3c8f,CMP,1,NonLeaf,ecx(-1) ,rflags ,CMP,3,ADD,3,MOV,2,MOV,4,JZ,6,MOV,4,MOV,2,ADD,3,CMP,3,JZ,6,0,1,0,0,0,JMP,0,0,1,0,0,0,JE,0,0,5061766,5070707,5061784,0,0,0,1,cpp,2.734886588165436e-07,1.0,1,0,1
0x4d3c80,JZ,283120,272660,8897,6,0x4d3c7d,CMP,1,NonLeaf,ecx(-1) ,rflags ,CMP,3,ADD,3,MOV,2,MOV,4,JZ,6,MOV,4,MOV,2,ADD,3,CMP,3,JZ,6,0,1,0,0,0,JMP,0,0,1,0,0,0,JE,0,0,5061748,5070657,5061766,0,0,0,1,cpp,7.402496088349888e-06,0.9630545351794292,1,0,1
0x4d3c6e,JZ,298740,15620,8925,6,0x4d3c67,CMP,1,NonLeaf,ecx(-1) ,rflags ,MOV,4,CMP,3,ADD,3,MOV,2,MOV,8,MOV,4,MOV,2,ADD,3,CMP,3,JZ,6,0,1,0,0,0,JMP,0,0,1,0,0,0,JE,0,0,5061722,5070667,5061748,0,0,0,1,cpp,7.810898846544383e-06,0.0522862689964517,0,0,0
0x4d3c54,JZ,298740,0,7403,6,0x4d3c52,TEST,1,NonLeaf,ecx(CMOVBE) ecx(CMOVBE) ,rflags ,TEST,2,CMOVBE,4,CMP,4,SUB,4,SUB,3,MOV,8,MOV,2,ADD,3,CMP,3,MOV,4,0,1,0,0,0,JMP,0,0,1,0,0,0,JE,0,0,5061675,5069119,5061722,0,0,0,1,cpp,7.810898846544383e-06,0.0,0,0,0
0x4d3c25,JLE,329920,31180,8961,6,0x4d3c1c,CMP,1,NonLeaf,r9d(MOV) esi(LEA) ,rflags ,MOV,3,MOV,3,CMP,3,LEA,3,MOV,8,MOV,7,MOV,3,MOV,3,NOT,3,ADD,3,0,1,0,0,0,JMP,0,0,1,0,0,0,JE,0,0,5061646,5070630,5061675,0,1,0,0,cpp,8.626135594335954e-06,0.094507759456838,0,0,0
0x4d3bad,JLE,329920,329920,97,2,0x4d3ba6,CMP,1,NonLeaf,rsp(-1) eax(MOVSXD) ,rflags ,CMP,7,MOVSXD,8,MOV,5,MOV,7,JNZ,2,MOV,8,MOVZX,4,LEA,5,CMP,7,JLE,2,0,0,1,0,0,JLE,0,0,1,0,0,0,JLE,0,0,5061534,5061646,5061551,0,1,1,0,cpp,8.626135594335954e-06,1.0,1,0,1
0x4d3b43,JLE,329920,0,91,2,0x4d3b41,CMP,1,NonLeaf,esi(MOV) ecx(MOV) ,rflags ,CMP,2,MOV,7,MOV,7,JZ,6,TEST,2,MOV,8,MOVSXD,3,MOV,8,LEA,4,MOVZX,4,0,1,1,0,0,JLE,0,0,1,0,0,0,JLE,0,0,5061427,5061534,5061445,0,0,0,0,cpp,8.626135594335954e-06,0.0,0,0,0
0x4d3b2d,JZ,329920,0,225,6,0x4d3b2b,TEST,1,NonLeaf,al(-1) ,rflags ,TEST,2,SHR,5,MOV,5,MOVZX,6,JZ,2,MOV,7,MOV,7,CMP,2,JLE,2,MOV,8,0,1,1,0,0,JLE,0,0,1,0,0,0,JLE,0,0,5061419,5061646,5061427,0,0,1,0,cpp,8.626135594335954e-06,0.0,0,0,0
0x4d3b19,JZ,329920,329920,18,2,0x4d3b13,TEST,1,NonLeaf,esi(MOV) esi(MOV) ,rflags ,MOV,4,TEST,2,MOV,5,MOV,6,JZ,6,MOVZX,6,MOV,5,SHR,5,TEST,2,JZ,6,0,1,1,0,0,JE,0,0,1,0,0,0,SHR,0,0,5061384,5061419,5061403,0,0,0,1,cpp,8.626135594335954e-06,1.0,1,0,1
0x4d3b02,JZ,920800,590880,7070,6,0x4d3b00,TEST,1,NonLeaf,al(-1) ,rflags ,TEST,2,MOV,5,SUB,3,MOVSXD,3,JZ,6,MOV,6,MOV,5,TEST,2,MOV,4,JZ,2,0,1,0,0,0,JMP,0,0,1,0,0,0,JE,0,0,5061376,5068448,5061384,0,0,1,1,cpp,2.4075368741708736e-05,0.6417028670721112,1,0,1
0x4d3aef,JZ,920800,0,7416,6,0x4d3ae4,TEST,1,NonLeaf,rcx(MOV) rcx(MOV) ,rflags ,MOV,4,MOV,4,TEST,3,MOV,3,MOV,2,MOVSXD,3,SUB,3,MOV,5,TEST,2,JZ,6,0,1,0,0,0,JE,0,0,1,0,0,0,MOV,0,0,5061286,5068775,5061365,0,1,0,1,cpp,2.4075368741708736e-05,0.0,0,0,0
0x4d3aa0,JZ,5985200,5064400,3416,6,0x4d3a98,CMP,1,NonLeaf,rsp(-1) ,rflags ,CMP,8,MOVSD_XMM,6,ADDSD,6,MOVSD_XMM,9,MOVSD_XMM,6,MOV,8,MOV,8,LEA,4,MOV,4,LEA,7,0,1,0,0,0,MOV,0,0,1,0,0,0,JE,0,0,5061272,5064696,5061286,0,0,1,1,cpp,0.0001564898968211,0.8461538461538461,1,0,1
0x4d3a5d,JNZ,5985200,2144480,-85,2,0x4d3a5b,TEST,1,NonLeaf,al(MOVZX) ,rflags ,TEST,2,MOVZX,5,LEA,4,SHL,4,MOV,8,MOVSD_XMM,9,MOVSD_XMM,10,ADDSD,5,ADDSD,6,MOVSD_XMM,6,1,1,0,0,0,JE,0,0,1,0,0,0,MOVSD,0,0,5061178,5061128,5061215,0,0,0,1,cpp,0.0001564898968211,0.3582971329278888,0,0,0
0x4d3a13,JZ,2144480,2144480,6925,6,0x4d3a10,TEST,1,NonLeaf,r12d(MOV) r12d(MOV) ,rflags ,TEST,3,MOV,8,NOP,5,JMP,5,MOV,3,SHR,3,SUB,8,AND,3,ADD,3,MOV,3,0,1,0,0,0,JMP,0,0,1,0,0,0,JLE,0,0,5061128,5068064,5061145,0,0,1,1,cpp,5.60698813631837e-05,1.0,1,0,1
0x4d3946,JLE,9360,0,9821,6,0x4d3936,TEST,1,NonLeaf,eax(LEA) eax(LEA) ,rflags ,MOV,7,MOV,7,TEST,2,SUB,3,MOV,3,MOV,8,XORPD,4,XOR,3,MOV,11,MOV,11,0,1,0,0,0,JMP,1,0,1,0,0,0,JMP,0,0,5060882,5070755,5060940,0,0,1,1,cpp,2.4472790119721304e-07,0.0,0,0,0
0x4d38e9,JNLE,9360,4746,9532,6,0x4d38dc,CMP,1,NonLeaf,rsp(-1) edx(MOV) ,rflags ,MOV,3,MOV,3,CMP,7,MOV,3,MOV,7,MOV,7,MOV,3,XOR,2,MOVSXD,3,MOV,4,0,1,0,0,0,JLE,0,0,1,1,0,0,CALL,0,1,5060818,5070373,5060847,0,1,1,1,cpp,2.4472790119721304e-07,0.507051282051282,1,0,1
0x4d38a4,JZ,7920,7920,3894,6,0x4d389a,CMP,1,NonLeaf,rsp(-1) eax(MOVZX) ,rflags ,MOV,3,CMP,7,MOVZX,4,LEA,3,MOV,3,MOV,5,MOV,4,CALL_NEAR,5,MOV,4,MOV,11,0,1,0,0,0,JMP,0,0,1,0,0,0,CALL,0,1,5060743,5064666,5060778,0,1,1,1,cpp,2.0707745485918025e-07,1.0,1,0,1
0x4d387c,JLE,9360,8620,-534,6,0x4d3876,CMP,1,NonLeaf,ebx(CMOVNZ) rdx(MOV) ,rflags ,MOV,3,CMP,3,CMOVNZ,3,MOV,5,MOV,4,JMP,5,MOV,5,MOVSXD,4,MOV,3,LEA,3,0,0,1,0,0,JG,0,0,1,0,0,0,JMP,0,0,5060706,5060198,5060738,1,0,1,0,cpp,2.4472790119721304e-07,0.9209401709401708,1,0,1
0x4d37c2,JZ,1440,1440,96,2,0x4d37c0,TEST,1,NonLeaf,eax(MOV) eax(MOV) ,rflags ,TEST,2,MOV,6,MOV,4,MOVZX,5,MOV,11,MOV,8,MOV,8,XOR,2,MOV,2,XOR,2,0,0,1,0,0,JMP,0,0,1,0,0,0,NOP,0,0,5060510,5060642,5060548,0,0,1,0,cpp,3.7650446338032777e-08,1.0,1,0,1
0x4d3798,JZ,1440,0,10298,6,0x4d378f,TEST,1,NonLeaf,eax(MOVSXD) eax(MOVSXD) ,rflags ,MOV,7,TEST,2,MOVSXD,3,JNZ,2,CMP,2,MOV,8,MOV,11,MOVZX,5,MOV,4,MOV,6,0,0,0,0,0,JMP,0,0,1,0,0,0,JE,0,0,5060492,5070802,5060510,0,1,1,1,cpp,3.7650446338032777e-08,0.0,0,0,0
0x4d3774,JZ,922240,592320,13,2,0x4d3770,TEST,1,NonLeaf,rdx(-1) ,rflags ,TEST,4,NOP,9,XOR,2,XOR,2,MOV,3,MOVSXD,3,ADD,3,MOV,5,ADD,3,ADD,4,1,1,1,0,0,JNE,0,0,1,0,0,0,MOV,0,0,5060464,5060481,5060470,1,0,0,1,cpp,2.411301918804677e-05,0.6422623178348369,1,1,1
0x4d3752,JLE,1440,0,10368,6,0x4d3750,TEST,1,NonLeaf,esi(MOV) esi(MOV) ,rflags ,TEST,2,MOV,7,JZ,6,MOV,7,OR,2,MOV,8,MOV,3,XOR,2,XOR,2,NOP,9,0,1,0,0,0,JMP,0,0,1,0,0,0,NOP,0,0,5060425,5070802,5060440,0,0,1,0,cpp,3.7650446338032777e-08,0.0,0,0,0
0x4d3743,JZ,9360,7920,324,6,0x4d373a,OR,1,NonLeaf,dl(OR) al(SETNZ) ,dl rflags ,MOV,7,OR,2,SETNZ,3,MOV,8,TEST,3,MOV,7,TEST,2,JLE,6,MOV,8,MOV,3,0,1,0,0,0,JE,0,0,1,0,0,0,JLE,0,0,5060384,5060743,5060425,0,0,1,0,cpp,2.4472790119721304e-07,0.8461538461538461,1,0,1
0x4d371a,JNLE,9360,740,3969,6,0x4d370c,CMP,1,NonLeaf,ebx(-1) rdx(MOV) ,rflags ,MOV,3,MOV,8,CMP,3,MOV,3,MOV,7,MOV,3,TEST,3,MOV,3,SETZ,3,TEST,3,0,1,0,0,0,CALL,0,1,1,1,0,0,JE,0,0,5060351,5064347,5060384,0,1,1,1,cpp,2.4472790119721304e-07,0.079059829059829,0,0,0
0x4d36f9,JNLE,9360,740,4227,6,0x4d36eb,CMP,1,NonLeaf,ebx(-1) rdx(MOV) ,rflags ,MOV,3,MOV,8,CMP,3,MOV,3,MOV,7,MOV,3,MOV,7,MOV,3,CMP,3,MOV,8,0,1,0,0,0,CALL,0,1,1,1,0,0,JG,0,0,5060318,5064572,5060351,0,1,1,1,cpp,2.4472790119721304e-07,0.079059829059829,0,0,0
0x4d36d8,JNLE,9360,740,4223,6,0x4d36ca,CMP,1,NonLeaf,ebx(-1) rdx(MOV) ,rflags ,MOV,3,MOV,8,CMP,3,MOV,3,MOV,4,MOV,3,MOV,7,MOV,3,CMP,3,MOV,8,0,1,0,0,0,CALL,0,1,1,1,0,0,JG,0,0,5060288,5064535,5060318,0,1,1,1,cpp,2.4472790119721304e-07,0.079059829059829,0,0,0
0x4d36ba,JNLE,9360,740,4216,6,0x4d36ac,CMP,1,NonLeaf,ebx(-1) rdx(MOV) ,rflags ,MOV,3,MOV,8,CMP,3,MOV,3,MOV,4,MOV,3,MOV,4,MOV,3,CMP,3,MOV,8,0,1,0,0,0,CALL,0,1,1,1,0,0,JG,0,0,5060258,5064498,5060288,0,1,1,1,cpp,2.4472790119721304e-07,0.079059829059829,0,0,0
0x4d369c,JNLE,9360,740,4209,6,0x4d368e,CMP,1,NonLeaf,ebx(-1) rdx(MOV) ,rflags ,MOV,3,MOV,8,CMP,3,MOV,3,MOV,4,MOV,3,MOV,4,MOV,3,CMP,3,MOV,8,0,1,0,0,0,CALL,0,1,1,1,0,0,JG,0,0,5060228,5064461,5060258,0,1,1,1,cpp,2.4472790119721304e-07,0.079059829059829,0,0,0
0x4d367e,JNLE,9360,740,4202,6,0x4d3670,CMP,1,NonLeaf,ebx(-1) rdx(MOV) ,rflags ,MOV,3,MOV,8,CMP,3,MOV,3,MOV,4,MOV,3,MOV,4,MOV,3,CMP,3,MOV,8,0,1,0,0,0,CALL,0,1,1,1,0,0,JG,0,0,5060198,5064424,5060228,0,1,1,1,cpp,2.4472790119721304e-07,0.079059829059829,0,0,0
0x4d3650,JNZ,9360,9360,530,6,0x4d364d,TEST,1,NonLeaf,r13d(-1) r13d(-1) ,rflags ,TEST,3,SETZ,8,MOV,3,MOV,3,TEST,3,MOV,4,CMP,3,MOV,3,JNLE,6,MOV,3,0,1,0,0,0,JLE,0,0,1,0,0,0,JG,0,0,5060156,5060706,5060182,0,0,0,0,cpp,2.4472790119721304e-07,1.0,1,0,1
0x4d3636,JNLE,9360,4746,4489,6,0x4d3630,CMP,1,NonLeaf,ebx(-1) rbp(-1) ,rflags ,MOV,3,CMP,3,MOV,3,MOV,4,MOV,3,TEST,3,MOV,3,MOV,3,SETZ,8,TEST,3,0,1,0,0,0,CALL,0,1,1,1,0,0,JNE,0,0,5060134,5064639,5060156,0,1,1,1,cpp,2.4472790119721304e-07,0.507051282051282,1,0,1
0x4d3620,JNLE,9360,4746,4484,6,0x4d3602,CMP,1,NonLeaf,ebx(ADD) rbp(MOV) ,rflags ,MOV,8,MOV,4,MOV,8,MOV,3,MOV,4,MOV,3,MOV,4,MOV,3,CMP,3,MOV,3,0,1,0,0,0,CALL,0,1,1,1,0,0,JG,0,0,5059767,5064612,5060134,0,1,1,1,cpp,2.4472790119721304e-07,0.507051282051282,1,0,1
0x4d34b1,JNZ,9360,0,927,6,0x4d34af,TEST,1,NonLeaf,eax(MOV) eax(MOV) ,rflags ,TEST,2,MOV,8,MOV,6,SUB,7,PUSH,1,MOVSD_XMM,5,MOV,4,MOV,7,MOV,7,MOVSD_XMM,9,0,1,0,0,0,RET,1,0,1,0,0,0,JG,0,0,5059728,5060688,5059767,0,0,0,1,cpp,2.4472790119721304e-07,0.0,0,0,0
0x4d32ac,JNLE,130520,125775,-36,2,0x4d32aa,CMP,1,NonLeaf,ecx(-1) edx(ADD) ,rflags ,CMP,2,ADD,4,ADD,3,MOVSD_XMM,5,MOVSD_XMM,5,MOV,3,JMP,5,XOR,2,JMP,5,MOV,5,0,0,0,1,1,JE,0,0,1,1,0,0,JMP,1,0,5059235,5059208,5059246,0,0,0,0,cpp,3.4125946222500263e-06,0.9636454183266931,1,1,1
0x4d328b,JZ,130520,0,24,2,0x4d3288,TEST,1,NonLeaf,rax(-1) rax(-1) ,rflags ,TEST,3,NOP,3,MOV,7,LEA,4,LEA,4,MOVSD_XMM,8,MOVSD_XMM,4,MOVSD_XMM,5,MOVSD_XMM,5,ADD,3,1,1,1,0,0,JG,0,0,1,0,0,0,MOVSD,0,0,5059208,5059235,5059213,1,0,0,1,cpp,3.4125946222500263e-06,0.0,0,0,0
0x4d31b6,JLE,4745,4745,373,6,0x4d31b4,CMP,1,NonLeaf,ecx(MOV) eax(MOV) ,rflags ,CMP,2,MOV,5,MOV,7,MOV,3,JMP,5,CVTSI2SS,4,MOV,3,MOV,5,MULSS,5,CVTTSS2SI,5,0,1,0,0,0,JMP,0,0,1,0,0,0,CALL,0,1,5058981,5059371,5059004,0,1,0,1,cpp,1.2406344991247604e-07,1.0,1,0,1
0x4d3178,JNLE,817418,817418,-1905,6,0x4d3171,CMP,1,NonLeaf,rsp(-1) esi(LEA) ,rflags ,CMP,7,LEA,3,LEA,4,MOV,5,MOV,5,JMP,5,MOV,3,MOV,5,JMP,5,MOV,3,0,0,0,0,0,JMP,0,0,1,0,0,0,JMP,0,0,5058926,5057031,5058942,0,0,0,0,cpp,2.1372328156070884e-05,1.0,1,0,1
0x4d3140,JNLE,287856,287856,-8308,6,0x4d313d,CMP,1,NonLeaf,r13d(MOV) ecx(LEA) ,rflags ,CMP,3,LEA,3,LEA,4,MOV,5,MOV,5,JMP,5,MOV,7,MOV,4,MOV,5,MOV,5,0,0,0,0,0,NOP,0,0,1,0,0,0,JMP,0,0,5058874,5050572,5058886,0,0,0,0,cpp,7.526324222972751e-06,1.0,1,0,1
0x4d3118,JNZ,16555149,16267293,-216,6,0x4d3115,CMP,1,NonLeaf,r9(ADD) r14(-1) ,rflags ,CMP,3,ADD,2,ADD,2,ADD,4,ADD,4,MOV,4,MOV,5,MOV,5,MOV,5,MOV,5,1,1,0,0,0,MOV,0,0,1,1,0,0,LEA,1,0,5058630,5058624,5058846,0,0,0,0,cpp,0.0004328532979462,0.982612297841596,1,1,1
0x4d2f65,JLE,77356517,1252666,-285,6,0x4d2f61,CMP,1,NonLeaf,ecx(-1) rsp(-1) ,rflags ,CMP,4,JB,6,UCOMISD,5,MOVSD_XMM,5,ADDSD,4,MOV,4,ADD,4,JMP,5,NOP,8,MOV,3,0,1,0,0,0,JL,0,0,1,0,0,0,JMP,0,0,5058401,5058120,5058411,0,0,0,1,cpp,0.0020225745779205,0.0161934126377484,0,0,0
0x4d2f5b,JB,101181958,23825441,-256,6,0x4d2f56,UCOMISD,1,NonLeaf,xmm10(-1) xmm1(ADDSD) ,rflags ,UCOMISD,5,MOVSD_XMM,5,ADDSD,4,ADDSD,4,MULSD,4,CMP,4,JLE,6,MOV,4,ADD,4,JMP,5,1,1,1,0,0,JB,0,0,1,0,0,0,JLE,0,0,5058227,5058139,5058401,0,0,0,0,cpp,0.0026455179722611,0.2354712388546582,0,0,0
0x4d2ea5,JZ,101181958,817418,678,6,0x4d2ea0,CMP,1,NonLeaf,r9(ADD) rsp(-1) ,rflags ,CMP,5,SAR,3,SHL,3,ADD,4,ADD,4,MOV,5,MOV,3,MOVAPD,4,MOVAPD,5,MOVAPD,4,0,1,1,0,0,LEA,1,0,1,0,0,0,MOV,0,0,5058190,5058891,5058219,0,0,0,1,cpp,0.0026455179722611,0.0080786932389665,0,0,0
0x4d2e7f,JL,923572,0,257,6,0x4d2e7b,CMP,1,NonLeaf,esi(-1) rsp(-1) ,rflags ,CMP,4,JNLE,6,MOVZX,5,CMP,4,JB,2,MOV,5,ADD,4,MOV,4,ADD,4,ADD,4,0,0,0,0,0,JMP,0,0,1,0,0,0,ADD,0,0,5058171,5058432,5058181,0,0,1,1,cpp,2.4147845850909447e-05,0.0,0,0,0
0x4d2e75,JNLE,77221223,76297651,267,6,0x4d2e6c,CMP,1,NonLeaf,esi(-1) rsp(-1) ,rflags ,MOVZX,5,CMP,4,JB,2,UCOMISD,5,SAR,3,CMP,4,JL,6,MOV,5,ADD,4,MOV,4,0,1,0,0,0,JMP,0,0,1,0,0,0,JL,0,0,5058156,5058432,5058171,0,0,1,0,cpp,0.0020190371616102,0.988039920061872,1,0,1
0x4d2e6a,JB,101181958,23960735,36,2,0x4d2e65,UCOMISD,1,NonLeaf,xmm10(-1) xmm0(-1) ,rflags ,UCOMISD,5,SAR,3,SHL,3,MOV,4,ADD,4,CMP,4,MOVZX,5,JNLE,6,CMP,4,JL,6,0,1,1,0,0,JE,0,0,1,0,0,0,JG,0,0,5058139,5058190,5058156,0,0,0,0,cpp,0.0026455179722611,0.2368083744732435,0,0,0
0x4d2e4c,JL,1252666,0,287,6,0x4d2e48,CMP,1,NonLeaf,ecx(-1) rsp(-1) ,rflags ,CMP,4,NOP,7,JMP,2,MOV,5,MOV,5,MOV,5,ADD,4,MOV,4,SHL,3,SAR,3,0,0,0,0,0,JMP,0,0,1,0,0,0,ADD,0,0,5058120,5058411,5058130,0,0,1,1,cpp,3.275238473088761e-05,0.0,0,0,0
0x4d2ddc,JNL,817418,0,1486,6,0x4d2dda,CMP,1,NonLeaf,edx(LEA) eax(SUB) ,rflags ,CMP,2,SAR,3,SUB,3,MOV,3,MOVSD_XMM,6,LEA,5,LEA,4,MOV,5,MOV,8,MOV,5,0,1,0,0,0,JMP,0,0,1,0,0,0,JMP,0,0,5057866,5059498,5058018,0,0,0,1,cpp,2.1372328156070884e-05,0.0,0,0,0
0x4d2be0,JNLE,1222848,608823,-16,2,0x4d2bdd,CMP,1,NonLeaf,r8d(-1) ecx(ADD) ,rflags ,CMP,3,ADD,4,MOV,4,MOVZX,5,NOP,1,JMP,5,CMP,9,JZ,6,MOV,8,MOV,2,1,1,1,1,1,JG,0,0,1,1,0,0,JMP,0,0,5057488,5057488,5057506,1,0,1,0,cpp,3.1972759030257434e-05,0.4978729981158737,0,1,0
0x4d2bb0,JNLE,560646,357840,-16,2,0x4d2bae,CMP,1,NonLeaf,ecx(-1) eax(ADD) ,rflags ,CMP,2,ADD,4,MOV,5,MOVZX,5,NOP,2,JMP,5,NOP,9,MOV,5,MOV,8,XOR,2,1,1,1,1,1,JG,0,0,1,1,0,0,JMP,0,0,5057440,5057440,5057458,1,0,1,0,cpp,1.4658730651133837e-05,0.6382637172119305,1,1,1
0x4d2ab1,JLE,1866674,12551,-113,2,0x4d2aae,CMP,1,NonLeaf,ecx(-1) r11d(-1) ,rflags ,CMP,3,JB,2,UCOMISD,4,ADDSD,4,MULSD,4,MOV,4,ADD,4,JMP,2,NOP,3,LEA,4,0,1,0,0,0,JL,0,0,1,0,0,0,JMP,0,0,5057198,5057088,5057203,0,0,0,1,cpp,4.8806325880278464e-05,0.0067237235853716,0,0,0
0x4d2aac,JB,2897694,1031020,-93,2,0x4d2aa8,UCOMISD,1,NonLeaf,xmm2(-1) xmm0(ADDSD) ,rflags ,UCOMISD,4,ADDSD,4,MULSD,4,SUBSD,5,MOVAPD,5,CMP,3,JLE,2,MOV,4,ADD,4,JMP,2,1,1,1,0,0,JLE,0,0,1,0,0,0,JLE,0,0,5057119,5057103,5057198,0,0,0,0,cpp,7.576352253544413e-05,0.3558070658944664,0,1,0
0x4d2a59,JLE,2897694,828177,-5665,6,0x4d2a56,CMP,1,NonLeaf,r9d(-1) esi(ADD) ,rflags ,CMP,3,ADD,4,ADD,3,ADD,4,MOV,5,MOVZX,4,MOVAPD,4,MOVAPD,5,MOVZX,4,MOV,4,0,0,1,0,0,JLE,1,0,0,0,1,1,JB,0,0,5057103,5051448,5057119,0,0,0,0,cpp,7.576352253544413e-05,0.2858055405436184,0,0,0
0x4d2a44,JL,12551,0,111,2,0x4d2a40,CMP,1,NonLeaf,ecx(-1) rsp(-1) ,rflags ,CMP,4,NOP,10,JMP,2,LEA,4,MOV,5,MOV,5,ADD,4,ADD,3,ADD,4,CMP,3,0,0,0,0,0,JMP,0,0,1,0,0,0,ADD,0,0,5057088,5057203,5057094,0,0,1,1,cpp,3.281602444365621e-07,0.0,0,0,0
0x4d29ed,JNLE,828177,817418,861,6,0x4d29ea,CMP,1,NonLeaf,eax(SUB) ,rflags ,CMP,3,SUB,7,MOV,7,JLE,6,CMP,7,MOV,7,MOV,5,MOV,8,MOV,8,MOVSXD,3,0,1,0,0,0,JGE,0,0,1,0,0,0,MOV,0,0,5056988,5057866,5057011,0,0,1,0,cpp,2.1653634511731227e-05,0.9870088157483244,1,0,1
0x4d29d6,JLE,828720,543,298,6,0x4d29cf,CMP,1,NonLeaf,rsp(-1) eax(MOV) ,rflags ,CMP,7,MOV,7,NOP,4,JMP,5,MOV,7,MOV,7,SUB,7,CMP,3,JNLE,6,MOV,7,0,0,0,0,0,JMP,0,0,1,0,0,0,JG,0,0,5056968,5057280,5056988,0,0,1,0,cpp,2.166783186753786e-05,0.0006552273385461,0,0,0
0x4d291d,JZ,9360,9360,-7813,6,0x4d28b4,TEST,1,NonLeaf,rdi(MOV) rdi(MOV) ,rflags ,MOVSD_XMM,5,MOVSD_XMM,5,ADDSD,5,MOVSD_XMM,5,ADDSD,4,ADD,7,POP,1,POP,1,POP,2,POP,2,0,0,0,0,0,RET,0,0,1,0,0,0,JMP,0,0,5056656,5048984,5056803,0,0,0,0,cpp,2.4472790119721304e-07,1.0,1,0,1
0x4d288a,JNZ,5994560,5985200,-138,6,0x4d287b,CMP,1,NonLeaf,rax(ADD) rsi(-1) ,rflags ,ADDSD,4,ADDSD,4,ADDSD,4,CMP,3,MULSD,5,MOV,8,MOV,8,MOVSD_XMM,5,ADDSD,9,ADDSD,6,1,1,1,1,1,JNE,0,0,0,1,0,0,JE,1,0,5056512,5056512,5056656,1,0,1,1,cpp,0.0001567346247223,0.9984385843164468,1,1,1
0x4d27c0,JLE,9360,0,2893,6,0x4d27ba,TEST,1,NonLeaf,edx(MOV) edx(MOV) ,rflags ,MOV,4,TEST,2,MOV,8,MOV,7,CVTSI2SD,10,MOV,7,XORPD,4,MOV,8,MOV,8,MOVAPD,4,0,1,0,0,0,JMP,1,0,1,0,0,0,NOP,0,0,5056427,5059341,5056454,0,0,0,0,cpp,2.4472790119721304e-07,0.0,0,0,0
0x4d279b,JNLE,5985200,5975840,-6923,6,0x4d2773,CMP,1,NonLeaf,rsp(-1) r13d(MOV) ,rflags ,MOVSD_XMM,5,MOVSD_XMM,5,MOVSD_XMM,4,ADDSD,5,ADDSD,5,CVTSI2SD,10,MOV,7,MOV,8,TEST,2,MOV,4,0,0,0,1,1,JNE,0,0,0,1,0,0,CVTSI2SD,1,0,5056326,5049488,5056417,0,0,1,0,cpp,0.0001564898968211,0.9984361424847958,1,1,1
0x4d2739,JNZ,4049110,2584400,-345,6,0x4d266e,CMP,0,NonLeaf,rcx(-1) r8(-1) ,rflags ,MOVSD_XMM,5,MOVSD_XMM,5,ADDSD,4,MOVSD_XMM,4,SUBSD,4,MOVSD_XMM,7,MOV,4,ADD,7,MOV,8,MOV,8,0,0,0,1,1,ADDSD,0,0,1,1,0,0,MOVSD,1,0,5056274,5055968,5056319,1,0,0,1,cpp,0.0001058686102581,0.6382637172119305,1,1,1
0x4d257d,JLE,1464710,0,457,6,0x4d257b,TEST,1,NonLeaf,edx(SAR) edx(SAR) ,rflags ,TEST,2,ADD,7,SAR,3,SUB,3,JNZ,2,MOVSD_XMM,9,LEA,3,XOR,2,MOV,7,MOVSD_XMM,6,0,0,1,0,0,JG,0,0,1,0,0,0,NOP,0,0,5055854,5056326,5055875,0,0,1,1,cpp,3.82965175387361e-05,0.0,0,0,0
0x4d256c,JNZ,4049110,2584400,-124,2,0x4d2569,CMP,1,NonLeaf,rax(ADD) r9(-1) ,rflags ,CMP,3,ADD,4,ADD,4,MOVSD_XMM,6,ADD,4,SUB,3,SAR,3,ADD,7,TEST,2,JLE,6,0,1,0,0,0,MOV,0,0,0,1,0,0,JLE,1,0,5055845,5055728,5055854,0,0,0,1,cpp,0.0001058686102581,0.6382637172119305,1,1,1
0x4d2552,JB,4049110,0,19,2,0x4d254e,UCOMISD,1,NonLeaf,xmm7(-1) xmm0(ADDSD) ,rflags ,UCOMISD,4,MOVSD_XMM,5,ADDSD,4,MULSD,5,MOVSD_XMM,5,MOV,3,ADD,4,MOVSD_XMM,6,ADD,4,ADD,4,1,1,1,0,0,JNE,0,0,1,0,0,0,ADD,0,0,5055730,5055845,5055828,0,0,0,1,cpp,0.0001058686102581,0.0,0,0,0
0x4d24c1,JLE,1464710,0,173,6,0x4d24b0,CMP,1,NonLeaf,r9d(MOV) esi(-1) ,rflags ,MOVSD_XMM,5,MOVSD_XMM,5,MOVSD_XMM,4,CMP,3,ADD,3,SUB,4,MOVSXD,3,SUB,3,LEA,5,ADD,3,0,1,1,0,0,JLE,0,0,1,0,0,0,JMP,0,0,5055630,5055854,5055687,0,1,1,0,cpp,3.82965175387361e-05,0.0,0,0,0
0x4d211f,JLE,1464710,1464710,2081,6,0x4d211c,CMP,1,NonLeaf,eax(-1) ,rflags ,CMP,3,JLE,6,TEST,2,MOV,4,MOVSD_XMM,6,MOV,8,MOVSD_XMM,9,XOR,3,MOVSD_XMM,9,XOR,3,0,1,0,0,0,JMP,0,0,1,0,0,0,JMP,0,0,5054748,5056832,5054757,0,0,0,1,cpp,3.82965175387361e-05,1.0,1,0,1
0x4d2116,JLE,5985200,4520490,1584,6,0x4d2114,TEST,1,NonLeaf,eax(MOV) eax(MOV) ,rflags ,TEST,2,MOV,4,MOVSD_XMM,6,ADDSD,8,MOVSD_XMM,7,CMP,3,JLE,6,MOV,8,MOVSD_XMM,9,XOR,3,0,1,1,0,0,JG,0,0,1,0,0,0,JLE,0,0,5054736,5056326,5054748,0,0,1,0,cpp,0.0001564898968211,0.7552780191138141,1,0,1
0x4d20ef,JNZ,894261817,888325932,-335,6,0x4d2024,CMP,0,NonLeaf,rcx(-1) r8(-1) ,rflags ,MOVSD_XMM,5,MOVSD_XMM,5,ADDSD,4,MOVSD_XMM,4,SUBSD,4,MOVSD_XMM,6,MOVSD_XMM,7,ADDSD,8,MOVSD_XMM,6,MOV,4,0,0,0,1,1,ADDSD,0,0,1,1,0,0,MOVSD,1,0,5054693,5054368,5054709,1,0,1,1,cpp,0.0233814976063265,0.9933622515384664,1,1,1
0x4d1f4f,JLE,5944674,8789,5389,6,0x4d1f4d,TEST,1,NonLeaf,esi(SAR) esi(SAR) ,rflags ,TEST,2,SAR,3,SUB,3,JNZ,2,CMP,3,MOVSD_XMM,9,LEA,3,MOV,7,MOV,8,MOV,8,0,1,0,0,0,JMP,0,0,1,0,0,0,MOVSD,0,0,5054279,5059676,5054293,0,0,1,1,cpp,0.0001554302982181,0.0014784662708165,0,0,0
0x4d1f45,JNZ,39082891,33138217,-109,2,0x4d1f42,CMP,1,NonLeaf,rax(ADD) r9(-1) ,rflags ,CMP,3,ADD,4,ADD,4,MOVSD_XMM,6,ADD,4,SUB,3,SAR,3,TEST,2,JLE,6,MOVSD_XMM,9,0,1,0,0,0,MOV,0,0,0,1,0,0,JLE,1,0,5054270,5054168,5054279,0,0,0,0,cpp,0.0010218668682851,0.8478957454810597,1,1,1
0x4d1f2b,JB,39082891,11922155,19,2,0x4d1f27,UCOMISD,1,NonLeaf,xmm7(-1) xmm0(ADDSD) ,rflags ,UCOMISD,4,ADDSD,4,MULSD,4,MOVSD_XMM,5,SUBSD,4,MOV,3,ADD,4,MOVSD_XMM,6,ADD,4,ADD,4,1,1,1,0,0,JNE,0,0,1,0,0,0,ADD,0,0,5054170,5054270,5054253,0,0,0,1,cpp,0.0010218668682851,0.3050479300520527,0,1,0
0x4d1eac,JLE,5944674,0,155,6,0x4d1e9b,CMP,1,NonLeaf,r9d(MOV) edx(-1) ,rflags ,MOVSD_XMM,5,MOVSD_XMM,5,MOVSD_XMM,4,CMP,3,ADD,3,SUB,4,MOVSXD,3,SUB,3,LEA,5,ADD,3,0,1,1,0,0,JLE,0,0,1,0,0,0,JMP,0,0,5054073,5054279,5054130,0,1,0,0,cpp,0.0001554302982181,0.0,0,0,0
0x4d1e4c,JNZ,269370140,263637819,-556,6,0x4d1e47,CMP,1,NonLeaf,r9(ADD) rsp(-1) ,rflags ,CMP,5,ADD,3,ADD,4,ADD,4,SETNBE,3,MOV,7,MOV,8,MOVSXD,3,LEA,4,SHL,4,0,1,0,0,0,MOV,0,0,1,1,0,0,ADD,1,0,5053890,5053472,5054034,0,0,0,0,cpp,0.0070429902785683,0.978719538104706,1,1,1
0x4d1b27,JLE,5985200,40526,4025,6,0x4d1b16,TEST,1,NonLeaf,eax(MOV) eax(MOV) ,rflags ,MOVSD_XMM,6,MULSD,9,TEST,2,ADD,4,SHL,4,CMP,3,JLE,6,MOV,5,XOR,3,XOR,3,0,1,0,0,0,JMP,0,0,1,0,0,0,JLE,0,0,5053121,5057248,5053229,0,0,1,0,cpp,0.0001564898968211,0.0067710352202098,0,0,0
0x4d1868,JZ,828720,828720,601,6,0x4d184f,CMP,1,NonLeaf,rsp(-1) ,rflags ,MOV,3,MOV,6,MOV,5,MOV,3,CMP,8,MOV,7,JMP,5,MOV,2,MOV,3,MOV,5,0,0,1,0,0,JLE,0,0,1,0,0,0,JMP,0,0,5052491,5053121,5052526,0,0,1,1,cpp,2.166783186753786e-05,1.0,1,0,1
0x4d1740,JBE,202806,202806,5192,6,0x4d173c,CMP,1,NonLeaf,r9d(-1) ,rflags ,CMP,4,JZ,6,OR,2,SETNB,3,CMP,3,SHR,4,MOV,8,XOR,2,LEA,8,XOR,3,0,0,0,0,0,NOP,0,0,1,0,0,0,XOR,0,0,5052220,5057416,5052230,0,1,0,0,cpp,5.3025947361326905e-06,1.0,1,0,1
0x4d1736,JZ,202806,0,5202,6,0x4d1734,OR,1,NonLeaf,al(OR) cl(SETNB) ,al rflags ,OR,2,SETNB,3,CMP,3,ADD,4,SETNB,3,CMP,4,JBE,6,SHR,4,MOV,8,XOR,2,0,1,0,0,0,NOP,0,0,1,0,0,0,JBE,0,0,5052166,5057416,5052220,0,0,0,0,cpp,5.3025947361326905e-06,0.0,0,1,0
0x4d1700,JLE,828720,625914,6787,6,0x4d16f5,TEST,1,NonLeaf,r9d(MOV) r9d(MOV) ,rflags ,MOV,8,TEST,3,LEA,5,MOV,3,MOV,5,ADD,4,MOV,8,ADD,3,CDQE,2,LEA,5,0,1,0,0,0,JMP,0,0,1,0,0,0,JE,0,0,5052106,5058947,5052166,0,0,0,0,cpp,2.166783186753786e-05,0.7552780191138141,1,0,1
0x4d16a4,JLE,36,0,21,2,0x4d1697,CMP,1,NonLeaf,r10d(-1) ecx(ADD) ,rflags ,MOV,5,MOVZX,5,CMP,3,ADD,3,MOVSXD,3,MOV,8,MOVSXD,3,MOVZX,4,MOV,4,MOVSXD,5,0,0,1,0,0,MOVZX,0,0,1,0,0,0,MOV,0,0,5052041,5052089,5052070,0,1,0,1,cpp,9.41261158450819e-10,0.0,0,0,0
0x4d1687,JLE,36,0,50,2,0x4d1684,CMP,1,NonLeaf,r10d(-1) edi(LEA) ,rflags ,CMP,3,LEA,3,MOV,5,MOVZX,5,MOVSXD,3,MOV,8,MOVSXD,3,ADD,3,CMP,3,MOVZX,5,0,0,1,0,0,MOVZX,0,0,1,0,0,0,JLE,0,0,5052012,5052089,5052041,0,1,0,1,cpp,9.41261158450819e-10,0.0,0,1,0
0x4d164d,JLE,252,18,108,2,0x4d164a,CMP,1,NonLeaf,r10d(-1) edi(LEA) ,rflags ,CMP,3,LEA,3,MOV,5,MOVZX,5,MOVSXD,3,MOV,8,MOVSXD,3,MOVZX,5,MOV,5,LEA,3,0,0,1,0,0,MOVZX,0,0,1,0,0,0,JLE,0,0,5051954,5052089,5051983,0,1,0,1,cpp,6.5888281091557356e-09,0.0714285714285714,0,1,0
0x4d162c,JLE,252,0,141,6,0x4d1629,CMP,1,NonLeaf,r10d(-1) edi(LEA) ,rflags ,CMP,3,LEA,3,MOV,5,MOVZX,5,MOVSXD,3,MOV,8,MOVSXD,3,MOVZX,5,MOV,5,LEA,3,0,0,1,0,0,MOVZX,0,0,1,0,0,0,JLE,0,0,5051921,5052089,5051954,0,1,0,1,cpp,6.5888281091557356e-09,0.0,0,1,0
0x4d160b,JLE,252,0,174,6,0x4d1608,CMP,1,NonLeaf,r10d(-1) edi(LEA) ,rflags ,CMP,3,LEA,3,MOV,5,MOVZX,5,MOVSXD,3,MOV,8,MOVSXD,3,MOVZX,5,MOV,5,LEA,3,0,0,1,0,0,MOVZX,0,0,1,0,0,0,JLE,0,0,5051888,5052089,5051921,0,1,0,1,cpp,6.5888281091557356e-09,0.0,0,1,0
0x4d15ea,JZ,1269,1017,207,6,0x4d15e7,CMP,1,NonLeaf,r10d(MOV) ecx(-1) ,rflags ,CMP,3,MOV,5,MOV,5,JB,2,CMP,5,MOV,8,MOVSXD,3,MOVZX,5,MOV,5,LEA,3,0,0,1,0,0,MOVZX,0,0,1,0,0,0,JLE,0,0,5051869,5052089,5051888,0,0,0,1,cpp,3.3179455835391384e-08,0.8014184397163121,1,0,1
0x4d15db,JB,2286,1017,-26,2,0x4d15d6,CMP,1,NonLeaf,r10d(ADD) rsp(-1) ,rflags ,CMP,5,ADD,4,MOVDQU,7,ADD,4,MOVDQU,6,MOV,5,MOV,5,CMP,3,JZ,6,MOV,8,1,1,1,1,1,JB,0,0,1,1,0,0,JE,0,0,5051841,5051841,5051869,1,0,1,0,cpp,5.977008356162703e-08,0.4448818897637795,0,1,0
0x4d159e,JBE,615294,614025,5666,6,0x4d159b,CMP,1,NonLeaf,ecx(MOV) ,rflags ,CMP,3,MOV,4,JZ,6,OR,3,SETNB,4,MOV,5,MOV,8,SHR,3,MOV,4,XOR,3,0,0,0,0,0,NOP,0,0,1,0,0,0,XOR,0,0,5051799,5057472,5051812,0,1,0,1,cpp,1.6087565089662177e-05,0.997937571307375,1,0,1
0x4d1591,JZ,615294,0,5679,6,0x4d158e,OR,1,NonLeaf,r10b(OR) r8b(SETNB) ,r10b rflags ,OR,3,SETNB,4,MOV,3,CMP,3,ADD,4,MOV,4,CMP,3,JBE,6,MOV,5,MOV,8,0,1,0,0,0,NOP,0,0,1,0,0,0,JBE,0,0,5051743,5057472,5051799,0,0,0,0,cpp,1.6087565089662177e-05,0.0,0,1,0
0x4d1559,JLE,828720,213426,7223,6,0x4d1552,TEST,1,NonLeaf,ecx(MOV) ecx(MOV) ,rflags ,LEA,5,TEST,2,LEA,5,MOVSXD,3,MOV,4,LEA,3,MOV,8,MOVSXD,3,LEA,5,LEA,4,0,1,0,0,0,JMP,0,0,1,0,0,0,JE,0,0,5051685,5058960,5051743,0,0,0,0,cpp,2.166783186753786e-05,0.2575369244135534,0,0,0
0x4d14c2,JNLE,1242234,816525,-45,2,0x4d14bf,CMP,1,NonLeaf,r12d(-1) edx(ADD) ,rflags ,CMP,3,ADD,4,MOV,3,ADD,4,JNZ,2,SUB,8,SUB,8,SAR,3,SAR,3,LEA,3,0,0,0,1,1,JNE,0,0,0,1,0,0,MOV,1,0,5051572,5051541,5051588,0,0,0,1,cpp,3.24796281640832e-05,0.6573036964050252,1,1,1
0x4d14b2,JNZ,2188789,946555,-58,2,0x4d14af,CMP,1,NonLeaf,cl(MOVZX) ,rflags ,CMP,3,MOVZX,5,MOVSXD,3,SAR,3,SHL,3,ADD,4,MOV,3,ADD,4,CMP,3,JNLE,2,1,1,0,0,0,JE,0,0,1,0,0,0,JG,0,0,5051541,5051512,5051572,0,0,0,1,cpp,5.722839082623362e-05,0.4324560293385977,0,0,0
0x4d1493,JLE,946555,198567,49,2,0x4d1490,CMP,1,NonLeaf,r12d(-1) edx(ADD) ,rflags ,CMP,3,ADD,4,ADD,4,MOV,3,JNZ,2,MOVZX,5,MOVZX,3,MOV,4,SHL,3,SAR,3,0,0,1,0,0,MOV,1,0,0,0,1,1,JNE,0,0,5051532,5051588,5051541,0,0,1,0,cpp,2.4748762662150424e-05,0.2097786182525051,0,0,0
0x4d1483,JNZ,385909,0,9,2,0x4d1481,TEST,1,NonLeaf,cl(-1) cl(-1) ,rflags ,TEST,2,JZ,6,CMP,3,NOP,3,JMP,2,MOV,3,ADD,4,ADD,4,CMP,3,JLE,2,0,0,1,0,0,JLE,0,0,1,0,0,0,ADD,0,0,5051521,5051532,5051525,0,0,0,1,cpp,1.009003201101659e-05,0.0,0,0,0
0x4d147b,JZ,946555,560646,5349,6,0x4d1478,CMP,1,NonLeaf,cl(-1) ,rflags ,CMP,3,NOP,3,JMP,2,MOV,8,MOV,8,TEST,2,JNZ,2,MOV,3,ADD,4,ADD,4,0,1,0,0,0,JMP,0,0,1,0,0,0,JNE,0,0,5051512,5056864,5051521,0,0,1,0,cpp,2.4748762662150424e-05,0.592301556697709,1,0,1
0x4d1446,JLE,828177,203901,8158,6,0x4d1443,TEST,1,NonLeaf,r12d(SHR) r12d(SHR) ,rflags ,TEST,3,SHR,3,SUB,8,NOP,6,JNZ,6,MOV,8,MOV,8,XOR,2,MOV,5,MOV,8,0,1,0,0,0,JMP,0,0,1,0,0,0,JMP,0,0,5051448,5059620,5051468,0,0,1,0,cpp,2.1653634511731227e-05,0.2462046156799814,0,0,0
0x4d131e,JZ,828720,828720,5802,6,0x4d1316,TEST,1,NonLeaf,r8b(MOV) r8b(MOV) ,rflags ,MOV,5,TEST,3,ADD,3,MOV,5,LEA,5,MOV,7,MOV,7,CMP,2,JLE,6,MOV,8,0,1,0,0,0,JLE,0,0,1,0,0,0,JLE,0,0,5051140,5056968,5051172,0,0,0,0,cpp,2.166783186753786e-05,1.0,1,0,1
0x4d12b8,JZ,1,0,62,2,0x4d12b5,TEST,1,NonLeaf,rdi(MOV) rdi(MOV) ,rflags ,TEST,3,MOV,3,MOVSD_XMM,6,MOV,5,MOVSD_XMM,7,MOVSD_XMM,7,MOV,5,MOVSD_XMM,7,MOVSD_XMM,6,CALL_NEAR,5,0,1,1,0,0,MOV,0,0,1,0,0,0,CALL,0,1,5051028,5051126,5051066,0,0,1,1,cpp,2.6146143290300536e-11,0.0,0,0,0
0x4d123b,JNL,1,0,-11,2,0x4d1238,CMP,1,NonLeaf,edx(-1) r12d(ADD) ,rflags ,CMP,3,ADD,3,SAR,2,MOV,3,NOP,1,MOVSXD,3,MOV,10,MOV,7,LEA,4,CMP,3,1,1,1,1,1,JGE,0,0,1,1,0,0,CALL,0,1,5050928,5050928,5050941,1,0,0,1,cpp,2.6146143290300536e-11,0.0,0,1,0
0x4d1229,JL,828720,828719,8052,6,0x4d1226,CMP,1,NonLeaf,edx(ADD) r12d(MOV) ,rflags ,CMP,3,MOV,4,ADD,2,MOV,4,MOV,3,NOP,1,MOV,3,SAR,2,ADD,3,CMP,3,0,1,0,0,0,JMP,0,0,1,0,0,0,NOP,0,0,5050893,5058973,5050927,0,0,0,0,cpp,2.166783186753786e-05,0.9999987933198186,1,0,1
0x4d11fd,JZ,828720,828720,16,2,0x4d11fb,TEST,1,NonLeaf,eax(MOV) eax(MOV) ,rflags ,TEST,2,XOR,3,MOV,4,MOV,4,MOV,7,MOVZX,6,SHR,4,AND,4,MOV,5,MOV,7,0,1,1,0,0,JL,0,0,1,0,0,0,AND,0,0,5050872,5050893,5050879,0,0,1,0,cpp,2.166783186753786e-05,1.0,1,0,1
0x4d11c5,JZ,296928,0,6523,6,0x4d11bc,TEST,1,NonLeaf,eax(SAR) eax(SAR) ,rflags ,MOV,7,TEST,2,SAR,3,SUB,8,JNLE,2,MOV,8,CDQE,2,MOV,4,MOV,11,MOVZX,5,0,1,0,0,0,JMP,0,0,1,0,0,0,MOV,0,0,5050801,5057344,5050827,0,1,1,1,cpp,7.763522034902358e-06,0.0,0,0,0
0x4d11af,JNLE,26313648,26018559,-79,2,0x4d11a9,CMP,1,NonLeaf,edx(-1) esi(ADD) ,rflags ,LEA,4,CMP,2,MOVZX,4,ADD,4,MOV,4,SUB,8,SAR,3,TEST,2,MOV,7,JZ,6,0,0,0,1,1,JE,0,0,0,1,0,0,JE,1,0,5050785,5050720,5050801,0,0,1,1,cpp,0.0006880004110985,0.9887857054255648,1,1,1
0x4d1191,JZ,26313648,25785762,16,2,0x4d118e,AND,1,NonLeaf,edi(AND) ,edi rflags ,AND,3,AND,4,MOV,3,MOV,5,MOV,3,LEA,3,ADD,3,MOV,4,MOV,4,ADD,4,1,1,1,0,0,JG,0,0,1,0,0,0,MOV,0,0,5050720,5050785,5050771,0,0,0,1,cpp,0.0006880004110985,0.9799386994916098,1,0,1
0x4d114e,JZ,295632,543,99,2,0x4d114c,TEST,1,NonLeaf,edx(-1) edx(-1) ,rflags ,TEST,2,JNLE,2,CMP,3,ADD,4,ADD,3,MOV,8,XOR,2,NOP,6,MOVZX,5,MOVZX,3,0,0,1,0,0,JE,0,0,1,0,0,0,NOP,0,0,5050700,5050801,5050704,0,0,1,0,cpp,7.729636633198128e-06,0.0018367429777561,0,0,0
0x4d114a,JNLE,1034379,738747,-90,2,0x4d1147,CMP,1,NonLeaf,r13d(-1) ecx(ADD) ,rflags ,CMP,3,ADD,4,ADD,3,MOV,5,ADD,3,TEST,2,JZ,2,MOV,8,XOR,2,NOP,6,0,0,0,1,1,JB,0,0,0,1,0,0,JE,1,0,5050688,5050608,5050700,0,0,0,0,cpp,2.7045021550477775e-05,0.7141937336314832,1,1,1
0x4d1133,JB,1034379,332568,13,2,0x4d112f,UCOMISD,1,NonLeaf,xmm2(MOVSD_XMM) xmm0(ADDSD) ,rflags ,UCOMISD,4,ADDSD,4,MULSD,4,SUBSD,5,MOVAPD,5,MOVSXD,3,ADD,3,MOV,5,ADD,3,ADD,4,1,1,1,0,0,JG,0,0,1,0,0,0,MOV,0,0,5050608,5050688,5050677,0,0,0,1,cpp,2.7045021550477775e-05,0.3215146479191862,0,1,0
0x4d10c4,JNLE,295632,287856,7880,6,0x4d10c1,CMP,1,NonLeaf,edx(SUB) ,rflags ,CMP,3,SUB,2,MOV,3,JLE,6,CMP,3,XOR,2,MOV,5,MOVSXD,3,MOV,8,MOVSD_XMM,9,0,1,0,0,0,JGE,0,0,1,0,0,0,XOR,0,0,5050556,5058444,5050570,0,0,0,0,cpp,7.729636633198128e-06,0.9736970287384316,1,0,1
0x4d10b6,JLE,296928,1296,251,6,0x4d10b3,CMP,1,NonLeaf,r13d(MOV) ecx(MOV) ,rflags ,CMP,3,MOV,5,MOV,8,MOV,7,MOV,8,MOV,3,SUB,2,CMP,3,JNLE,6,XOR,2,0,1,1,0,0,JE,0,0,1,0,0,0,JG,0,0,5050547,5050801,5050556,0,0,1,0,cpp,7.763522034902358e-06,0.004364694471387,0,0,0
0x4d1091,JNZ,296928,0,6863,6,0x4d108e,TEST,1,NonLeaf,r10b(-1) r10b(-1) ,rflags ,TEST,3,ADD,8,ADD,3,CDQE,2,ADD,3,MOV,8,MOV,7,MOV,8,MOV,5,CMP,3,0,1,0,0,0,JMP,0,0,1,0,0,0,MOV,0,0,5050502,5057376,5050519,0,0,1,1,cpp,7.763522034902358e-06,0.0,0,0,0
0x4d0eae,JZ,9414,9414,9301,6,0x4d0ea3,CMP,1,NonLeaf,ecx(-1) ,rflags ,LEA,4,MOV,4,CMP,3,JZ,6,LEA,4,CMP,3,MOV,4,LEA,4,JZ,6,CMP,3,0,1,0,0,0,JMP,0,0,1,0,0,0,JE,0,0,5050019,5059331,5050036,0,0,0,1,cpp,2.461397929348893e-07,1.0,1,0,1
0x4d0e9d,JZ,254808,245394,9268,6,0x4d0e92,CMP,1,NonLeaf,ecx(-1) ,rflags ,LEA,4,MOV,4,CMP,3,JZ,6,MOV,3,CMP,3,MOV,4,LEA,4,JZ,6,CMP,3,0,1,0,0,0,JMP,0,0,1,0,0,0,JE,0,0,5050002,5059281,5050019,0,0,0,1,cpp,6.6622464795149e-06,0.9630545351794292,1,0,1
0x4d0e8c,JZ,268866,14058,9295,6,0x4d0e82,CMP,1,NonLeaf,ecx(-1) ,rflags ,MOV,3,LEA,4,CMP,3,MOV,8,JZ,6,CMP,3,MOV,4,LEA,4,JZ,6,CMP,3,0,1,0,0,0,JMP,0,0,1,0,0,0,JE,0,0,5049978,5059291,5050002,0,0,0,1,cpp,7.029808961889944e-06,0.0522862689964517,0,0,0
0x4d0e74,JZ,268866,0,7883,6,0x4d0e72,TEST,1,NonLeaf,ecx(CMOVBE) ecx(CMOVBE) ,rflags ,TEST,2,CMOVBE,4,CMP,4,SUB,4,SUB,3,MOV,8,CMP,3,LEA,4,MOV,3,JZ,6,0,1,0,0,0,JMP,0,0,1,0,0,0,JE,0,0,5049930,5057855,5049978,0,0,0,1,cpp,7.029808961889944e-06,0.0,0,0,0
0x4d0e44,JLE,296928,28062,9330,6,0x4d0e42,CMP,1,NonLeaf,eax(MOV) edx(MOV) ,rflags ,CMP,2,MOV,7,MOV,4,MOV,2,LEA,4,MOV,3,MOV,7,MOV,3,NOT,3,LEA,4,0,1,0,0,0,JMP,0,0,1,0,0,0,JE,0,0,5049905,5059254,5049930,0,0,0,0,cpp,7.763522034902358e-06,0.094507759456838,0,0,0
0x4d0de0,JLE,296928,296928,81,2,0x4d0dd9,CMP,1,NonLeaf,rsp(-1) eax(MOVSXD) ,rflags ,CMP,7,MOVSXD,8,MOV,7,JNZ,2,CMP,2,MOV,8,MOVZX,4,LEA,5,CMP,7,JLE,2,0,0,1,0,0,JLE,0,0,1,0,0,0,JLE,0,0,5049809,5049905,5049826,0,1,1,0,cpp,7.763522034902358e-06,1.0,1,0,1
0x4d0dc8,JNZ,296928,295632,-16,2,0x4d0dc6,CMP,1,NonLeaf,edx(ADD) esi(-1) ,rflags ,CMP,2,ADD,3,JLE,2,CMP,2,ADD,4,MOV,7,MOVSXD,8,CMP,7,JLE,2,MOV,8,1,1,0,0,0,JLE,0,0,1,1,0,0,MOV,1,0,5049795,5049784,5049802,0,0,0,1,cpp,7.763522034902358e-06,0.995635305528613,1,1,1
0x4d0dc1,JLE,295632,295632,9,2,0x4d0dbf,CMP,1,NonLeaf,edi(-1) ecx(MOVZX) ,rflags ,CMP,2,ADD,4,MOVZX,3,NOP,4,JMP,2,ADD,3,CMP,2,JNZ,2,MOV,7,MOVSXD,8,0,0,1,0,0,MOV,1,0,0,0,1,1,JNE,0,0,5049784,5049802,5049795,0,0,1,0,cpp,7.729636633198128e-06,1.0,1,0,1
0x4d0da6,JLE,296928,0,43,2,0x4d0da3,CMP,1,NonLeaf,r11d(MOV) eax(MOVZX) ,rflags ,CMP,3,MOVZX,4,LEA,4,MOV,8,MOVSXD,3,LEA,5,MOV,3,MOV,2,JMP,2,NOP,4,0,0,1,0,0,JLE,0,0,1,0,0,0,JMP,0,0,5049736,5049809,5049768,0,0,0,0,cpp,7.763522034902358e-06,0.0,0,0,0
0x4d0d86,JLE,296928,0,75,2,0x4d0d84,CMP,1,NonLeaf,esi(MOV) ecx(MOV) ,rflags ,CMP,2,MOV,7,MOV,7,JZ,6,TEST,2,MOV,8,MOVSXD,3,MOV,8,LEA,4,MOVZX,4,0,1,1,0,0,JLE,0,0,1,0,0,0,JLE,0,0,5049718,5049809,5049736,0,0,0,0,cpp,7.763522034902358e-06,0.0,0,0,0
0x4d0d62,JZ,296928,296928,12,2,0x4d0d5c,TEST,1,NonLeaf,ecx(MOV) ecx(MOV) ,rflags ,MOV,4,TEST,2,XOR,3,MOV,6,JZ,6,MOVZX,6,SHR,4,TEST,2,JZ,6,MOV,7,0,1,1,0,0,JE,0,0,1,0,0,0,SHR,0,0,5049683,5049710,5049700,0,0,0,0,cpp,7.763522034902358e-06,1.0,1,0,1
0x4d0d4d,JZ,828720,531792,7539,6,0x4d0d4b,TEST,1,NonLeaf,al(-1) ,rflags ,TEST,2,MOV,5,SUB,3,MOVSXD,3,JZ,6,MOV,6,XOR,3,TEST,2,MOV,4,JZ,2,0,1,0,0,0,JMP,0,0,1,0,0,0,JE,0,0,5049675,5057216,5049683,0,0,1,1,cpp,2.166783186753786e-05,0.6417028670721112,1,0,1
0x4d0d3a,JZ,828720,0,7853,6,0x4d0d37,TEST,1,NonLeaf,rcx(MOV) rcx(MOV) ,rflags ,TEST,3,MOV,4,MOV,4,MOV,3,MOV,4,MOVSXD,3,SUB,3,MOV,5,TEST,2,JZ,6,0,1,0,0,0,JE,0,0,1,0,0,0,MOV,0,0,5049583,5057511,5049664,0,1,0,1,cpp,2.166783186753786e-05,0.0,0,0,0
0x4d0ce9,JZ,5985200,5156480,3423,6,0x4d0ce1,CMP,1,NonLeaf,rsp(-1) ,rflags ,CMP,8,ADDSD,6,ADDSD,6,ADDSD,5,MOVSD_XMM,10,MOV,8,MOV,8,LEA,4,MOV,4,LEA,7,0,1,0,0,0,MOV,0,0,1,0,0,0,JE,0,0,5049569,5053000,5049583,0,0,1,1,cpp,0.0001564898968211,0.8615384615384616,1,0,1
0x4d0cb1,JNZ,5985200,2144480,-81,2,0x4d0caf,TEST,1,NonLeaf,al(MOVZX) ,rflags ,TEST,2,MOVZX,5,ADD,8,SHL,4,MOV,8,MOVSD_XMM,9,MOVSD_XMM,10,MOVSD_XMM,10,ADDSD,5,ADDSD,6,1,1,0,0,0,JE,0,0,1,0,0,0,ADDSD,0,0,5049488,5049440,5049523,0,0,0,0,cpp,0.0001564898968211,0.3582971329278888,0,0,0
0x4d0c6b,JZ,2144480,2144480,7429,6,0x4d0c68,TEST,1,NonLeaf,r8d(MOV) r8d(MOV) ,rflags ,TEST,3,MOV,8,JMP,2,MOV,3,MOV,3,SHR,3,SUB,8,AND,3,ADD,3,CMP,8,0,1,0,0,0,JMP,0,0,1,0,0,0,JLE,0,0,5049440,5056880,5049457,0,0,1,1,cpp,5.60698813631837e-05,1.0,1,0,1
0x4d0bab,JLE,9360,0,10121,6,0x4d0b9b,TEST,1,NonLeaf,eax(LEA) eax(LEA) ,rflags ,MOV,7,MOV,7,TEST,2,SUB,3,MOV,4,MOV,8,MOV,5,XOR,3,XORPD,4,MOV,11,0,1,0,0,0,JMP,1,0,1,0,0,0,JMP,0,0,5049205,5059380,5049265,0,0,1,1,cpp,2.4472790119721304e-07,0.0,0,0,0
0x4d0b3e,JNLE,9360,4745,9831,6,0x4d0b31,CMP,1,NonLeaf,rsp(-1) edx(MOV) ,rflags ,MOV,3,MOV,3,CMP,7,MOV,3,MOV,7,MOV,8,MOV,3,XOR,2,MOV,5,MOV,3,0,1,0,0,0,JLE,0,0,1,1,0,0,CALL,0,1,5049127,5058981,5049156,0,1,1,1,cpp,2.4472790119721304e-07,0.5069444444444444,1,0,1
0x4d0aed,JZ,8064,8064,3898,6,0x4d0ae3,CMP,1,NonLeaf,rsp(-1) eax(MOVZX) ,rflags ,MOV,3,CMP,7,MOVZX,4,LEA,3,MOV,3,MOV,5,MOV,5,MOV,5,CALL_NEAR,5,MOV,5,0,1,0,0,0,JMP,0,0,1,0,0,0,CALL,0,1,5049040,5052967,5049075,0,1,1,1,cpp,2.1084249949298356e-07,1.0,1,0,1
0x4d0ac5,JLE,9360,8694,-540,6,0x4d0abe,CMP,1,NonLeaf,ebp(CMOVNZ) r13(MOV) ,rflags ,MOV,3,CMP,4,CMOVNZ,3,MOV,5,MOV,4,JMP,5,MOV,5,MOVSXD,4,MOV,3,LEA,3,0,0,1,0,0,JG,0,0,1,0,0,0,JMP,0,0,5049002,5048489,5049035,1,0,1,0,cpp,2.4472790119721304e-07,0.928846153846154,1,0,1
0x4d0a04,JZ,1296,1296,102,2,0x4d09fd,TEST,1,NonLeaf,r10d(MOV) r10d(MOV) ,rflags ,MOV,4,TEST,3,MOVZX,5,MOV,11,MOV,7,MOV,7,MOV,8,XOR,2,MOV,8,XOR,2,0,0,1,0,0,JMP,0,0,1,0,0,0,NOP,0,0,5048798,5048938,5048838,0,0,1,0,cpp,3.38854017042295e-08,1.0,1,0,1
0x4d09d8,JZ,1296,0,10623,6,0x4d09cf,TEST,1,NonLeaf,eax(MOVSXD) eax(MOVSXD) ,rflags ,MOV,7,TEST,2,MOVSXD,3,JNZ,2,CMP,3,MOV,8,MOV,7,MOV,11,MOVZX,5,TEST,3,0,0,0,0,0,JMP,0,0,1,0,0,0,JE,0,0,5048780,5059415,5048798,0,0,1,1,cpp,3.38854017042295e-08,0.0,0,0,0
0x4d09ca,JNZ,830016,828720,-26,2,0x4d09c7,CMP,1,NonLeaf,eax(ADD) r9d(-1) ,rflags ,CMP,3,ADD,4,ADD,3,MOV,4,ADD,3,MOVSXD,3,TEST,2,MOV,7,JZ,6,MOV,8,0,0,0,1,1,JE,0,0,1,1,0,0,JE,1,0,5048768,5048752,5048780,0,0,0,1,cpp,2.170171726924209e-05,0.9984385843164468,1,1,1
0x4d09b4,JZ,830016,533088,12,2,0x4d09b0,TEST,1,NonLeaf,rdx(-1) ,rflags ,TEST,4,XOR,2,XOR,2,MOV,3,MOV,8,MOVSXD,3,ADD,3,MOV,4,ADD,3,ADD,4,1,1,1,0,0,JNE,0,0,1,0,0,0,MOV,0,0,5048752,5048768,5048758,1,0,0,1,cpp,2.170171726924209e-05,0.6422623178348369,1,0,1
0x54aac9,JNZ,2,1,135,6,0x54aac4,CMP,1,Leaf,si(-1) ,rflags ,CMP,5,JZ,2,CMP,5,JBE,2,JZ,6,MOV,4,LEA,7,JMP,5,NOP,1,CMP,4,0,0,0,0,0,RET,0,0,1,0,0,0,JMP,0,0,5548740,5548880,5548751,0,0,0,0,cpp,5.2292286580601066e-11,0.5,0,0,0
0x4d099b,JLE,1296,0,10684,6,0x4d0998,TEST,1,NonLeaf,r9d(-1) r9d(-1) ,rflags ,TEST,3,JZ,6,MOV,7,OR,2,SETNZ,3,MOV,8,MOV,3,XOR,2,XOR,2,TEST,4,0,1,0,0,0,JMP,0,0,1,0,0,0,XOR,0,0,5048728,5059415,5048737,0,0,1,0,cpp,3.38854017042295e-08,0.0,0,0,0
0x4d0992,JZ,9360,8064,318,6,0x4d0989,OR,1,NonLeaf,dl(OR) al(SETNZ) ,dl rflags ,MOV,7,OR,2,SETNZ,3,MOV,8,TEST,2,TEST,3,JLE,6,MOV,8,MOV,3,XOR,2,0,1,0,0,0,JE,0,0,1,0,0,0,JLE,0,0,5048687,5049040,5048728,0,0,1,0,cpp,2.4472790119721304e-07,0.8615384615384616,1,0,1
0x4d0969,JNLE,9360,666,3857,6,0x4d095a,CMP,1,NonLeaf,ebp(-1) r13(MOV) ,rflags ,MOV,3,MOV,8,CMP,4,MOV,3,MOV,7,MOV,3,TEST,3,MOV,4,SETZ,3,TEST,2,0,1,0,0,0,CALL,0,1,1,1,0,0,JE,0,0,5048652,5052538,5048687,0,0,1,1,cpp,2.4472790119721304e-07,0.0711538461538461,0,0,0
0x4d0946,JNLE,9360,666,4177,6,0x4d0937,CMP,1,NonLeaf,ebp(-1) r13(MOV) ,rflags ,MOV,3,MOV,8,CMP,4,MOV,3,MOV,7,MOV,4,MOV,7,MOV,3,CMP,4,MOV,8,0,1,0,0,0,CALL,0,1,1,1,0,0,JG,0,0,5048617,5052823,5048652,0,1,1,1,cpp,2.4472790119721304e-07,0.0711538461538461,0,0,0
0x4d0923,JNLE,9360,666,4165,6,0x4d0914,CMP,1,NonLeaf,ebp(-1) r13(MOV) ,rflags ,MOV,3,MOV,8,CMP,4,MOV,3,MOV,4,MOV,4,MOV,7,MOV,3,CMP,4,MOV,8,0,1,0,0,0,CALL,0,1,1,1,0,0,JG,0,0,5048585,5052776,5048617,0,1,1,1,cpp,2.4472790119721304e-07,0.0711538461538461,0,0,0
0x4d0903,JNLE,9360,666,4150,6,0x4d08f4,CMP,1,NonLeaf,ebp(-1) r13(MOV) ,rflags ,MOV,3,MOV,8,CMP,4,MOV,3,MOV,4,MOV,4,MOV,4,MOV,3,CMP,4,MOV,8,0,1,0,0,0,CALL,0,1,1,1,0,0,JG,0,0,5048553,5052729,5048585,0,1,1,1,cpp,2.4472790119721304e-07,0.0711538461538461,0,0,0
0x4d08e3,JNLE,9360,666,4135,6,0x4d08d4,CMP,1,NonLeaf,ebp(-1) r13(MOV) ,rflags ,MOV,3,MOV,8,CMP,4,MOV,3,MOV,4,MOV,4,MOV,4,MOV,3,CMP,4,MOV,8,0,1,0,0,0,CALL,0,1,1,1,0,0,JG,0,0,5048521,5052682,5048553,0,1,1,1,cpp,2.4472790119721304e-07,0.0711538461538461,0,0,0
0x4d08c3,JNLE,9360,666,4120,6,0x4d08b4,CMP,1,NonLeaf,ebp(-1) r13(MOV) ,rflags ,MOV,3,MOV,8,CMP,4,MOV,3,MOV,4,MOV,4,MOV,4,MOV,3,CMP,4,MOV,8,0,1,0,0,0,CALL,0,1,1,1,0,0,JG,0,0,5048489,5052635,5048521,0,1,1,1,cpp,2.4472790119721304e-07,0.0711538461538461,0,0,0
0x4d0878,JNLE,9360,4745,4480,6,0x4d0871,CMP,1,NonLeaf,ebp(-1) r13(MOV) ,rflags ,MOV,3,CMP,4,MOV,3,MOV,4,MOV,4,TEST,2,MOV,4,MOV,3,SETZ,8,TEST,3,0,1,0,0,0,CALL,0,1,1,1,0,0,JNE,0,0,5048422,5052920,5048446,0,0,1,1,cpp,2.4472790119721304e-07,0.5069444444444444,1,0,1
0x4d06f3,JNZ,9360,0,933,6,0x4d06f0,TEST,1,NonLeaf,r11d(MOV) r11d(MOV) ,rflags ,TEST,3,MOV,8,MOV,7,SUB,7,PUSH,1,MOVSD_XMM,5,MOV,4,MOV,3,MOV,6,MOV,7,0,1,0,0,0,RET,1,0,1,0,0,0,JG,0,0,5048016,5048984,5048057,0,0,0,1,cpp,2.4472790119721304e-07,0.0,0,0,0
0x586f35,JZ,14879,0,-21,2,0x586f32,CMP,1,Leaf,rax(MOV) rcx(MOV) ,rflags ,CMP,3,MOV,4,MOV,4,JZ,2,CMP,4,CMP,3,SBB,2,AND,3,SUB,3,RET_NEAR,1,1,1,0,0,0,JE,0,0,1,0,0,0,RET,1,0,5795626,5795616,5795639,0,1,0,0,cpp,3.890284660163817e-07,0.0,0,0,0
0x5830ca,JLE,378311,0,10,2,0x5830c4,CMP,1,NonLeaf,rax(CDQE) rdx(MOV) ,rflags ,MOV,3,CMP,3,SUB,3,CDQE,2,MOV,3,MOV,3,SUB,3,CDQE,2,ADD,3,MOV,5,0,1,1,0,0,JLE,0,0,1,0,0,0,CDQE,0,0,5779644,5779668,5779660,1,0,1,0,cpp,9.891373614296889e-06,0.0,0,0,0
0x582f6e,JNZ,45,0,-213,6,0x582f6c,TEST,1,NonLeaf,eax(MOV) eax(MOV) ,rflags ,TEST,2,MOVSD_XMM,8,MOV,4,NOP,1,MOV,3,XORPD,4,JMP,5,NOP,3,MOV,3,CMP,3,0,0,1,0,0,RET,0,0,0,0,0,0,JMP,0,0,5779296,5779097,5779316,0,0,0,0,cpp,1.1765764480635243e-09,0.0,0,0,0
0x582d6d,JNZ,1828,0,2045,6,0x582d68,CMP,1,NonLeaf,rsp(-1) ,rflags ,CMP,5,JNBE,6,CMP,2,LEA,3,MOV,8,MOV,4,LEA,7,TEST,2,JNZ,2,TEST,3,0,1,0,0,0,JNE,0,0,1,0,0,0,JNE,0,0,5778792,5780842,5778803,0,0,0,0,cpp,4.779514993466938e-08,0.0,0,0,0
0x57f362,JNZ,1546109,0,424,6,0x57f35f,TEST,1,NonLeaf,rcx(-1) rcx(-1) ,rflags ,TEST,3,RET_NEAR,1,POP,2,POP,2,POP,2,MOV,5,MOV,5,JMP,5,MOVZX,6,ADD,4,0,1,0,0,0,CALL,0,1,1,0,0,0,JMP,0,0,5763935,5764362,5763944,0,0,1,0,cpp,4.042478745642328e-05,0.0,0,0,0
0x57f1d4,JZ,1546108,0,419,6,0x57f1c8,CMP,1,NonLeaf,r14b(-1) ,rflags ,MOV,8,CMP,4,JZ,6,CMP,4,JZ,6,CMP,4,JZ,6,TEST,2,JZ,6,CMP,3,0,1,0,0,0,JMP,0,0,0,1,0,0,JE,0,0,5763528,5763959,5763546,0,0,0,0,cpp,4.042476131027999e-05,0.0,0,0,0
0x5f5fc9,JBE,3,1,87,2,0x5f5fc3,CMP,1,NonLeaf,rax(LEA) ,rflags ,CMP,6,LEA,4,MOV,5,JZ,2,CMP,5,MOV,5,MOV,5,XOR,3,XOR,2,MOV,6,0,1,0,0,0,JMP,0,0,0,0,0,0,MOV,0,0,6250426,6250528,6250443,0,0,0,0,cpp,7.843842987090161e-11,0.3333333333333333,0,0,0
0x4bf9df,JNLE,60930,28368,-15,2,0x4bf9dd,CMP,1,NonLeaf,esi(-1) edx(ADD) ,rflags ,CMP,2,ADD,4,MOV,4,MOVZX,5,NOP,5,MOV,5,JMP,5,MOV,3,JMP,5,ADD,7,1,1,1,1,1,JG,0,0,1,1,0,0,JMP,0,0,4979152,4979152,4979169,1,0,1,1,cpp,1.5930845106780115e-06,0.4655834564254062,0,1,0
0x4bf9a6,JNLE,104472,52596,-14,2,0x4bf9a4,CMP,1,NonLeaf,ecx(-1) eax(ADD) ,rflags ,CMP,2,ADD,4,MOV,4,MOVZX,4,NOP,3,JMP,5,MOV,7,MOV,8,XOR,2,MOV,8,1,1,1,1,1,JG,0,0,1,1,0,0,JMP,0,0,4979096,4979096,4979112,1,0,1,0,cpp,2.7315398818242776e-06,0.5034458993797382,1,1,1
0x4bf7cc,JNLE,4452176,4452176,-1218,6,0x4bf7c5,CMP,1,NonLeaf,rsp(-1) edi(LEA) ,rflags ,CMP,7,LEA,4,MOV,8,MOV,8,MOV,8,JMP,5,MOVZX,5,JMP,5,MOV,2,MOV,3,0,0,0,0,0,JMP,0,0,1,0,0,0,JMP,0,0,4978578,4977418,4978642,0,0,1,0,cpp,0.0001164072316496,1.0,1,0,1
0x4bf76d,JLE,133585315,70129519,-285,6,0x4bf769,CMP,1,NonLeaf,edi(-1) rsp(-1) ,rflags ,CMP,4,JB,6,UCOMISD,5,MOVSD_XMM,6,ADDSD,4,MOV,4,ADD,4,JMP,5,MOVZX,5,ADD,4,0,1,0,0,0,JL,0,0,1,0,0,0,JMP,0,0,4978537,4978256,4978547,0,0,0,1,cpp,0.0034927407874699,0.5249792538947863,1,0,1
0x4bf763,JB,244881338,111296023,-257,6,0x4bf75e,UCOMISD,1,NonLeaf,xmm9(-1) xmm1(ADDSD) ,rflags ,UCOMISD,5,MOVSD_XMM,6,ADDSD,4,ADDSD,4,MULSD,4,CMP,4,JLE,6,MOV,4,ADD,4,JMP,5,1,1,1,0,0,JB,0,0,1,0,0,0,JLE,0,0,4978357,4978274,4978537,0,0,0,0,cpp,0.0064027025524685,0.4544896067171929,0,0,0
0x4bf6a7,JZ,244881338,4452176,235,6,0x4bf6a2,CMP,1,NonLeaf,rcx(ADD) rsp(-1) ,rflags ,CMP,5,SAR,3,SHL,3,ADD,4,MOV,4,MOV,5,MOV,3,MOVAPD,5,MOVAPD,5,MOVAPD,5,0,1,1,0,0,JG,1,0,1,0,0,0,MOV,0,0,4978324,4978578,4978349,0,0,0,1,cpp,0.0064027025524685,0.0181809526048898,0,0,0
0x4bf681,JL,69781201,69555625,255,6,0x4bf67d,CMP,1,NonLeaf,esi(-1) rsp(-1) ,rflags ,CMP,4,JNLE,6,CMP,4,JB,2,UCOMISD,5,MOVZX,5,ADD,4,MOV,4,MOV,4,ADD,4,0,0,0,0,0,JMP,0,0,1,0,0,0,MOV,0,0,4978301,4978560,4978311,0,0,1,1,cpp,0.0018245092803152,0.9967673815186988,1,0,1
0x4bf677,JNLE,133605122,63823921,265,6,0x4bf673,CMP,1,NonLeaf,esi(-1) rsp(-1) ,rflags ,CMP,4,JB,2,UCOMISD,5,SAR,3,SHL,3,CMP,4,JL,6,MOVZX,5,ADD,4,MOV,4,0,1,0,0,0,JMP,0,0,1,0,0,0,JL,0,0,4978291,4978560,4978301,0,0,1,0,cpp,0.00349325866413,0.477705645147347,0,0,0
0x4bf671,JB,244881338,111276216,35,2,0x4bf66c,UCOMISD,1,NonLeaf,xmm9(-1) xmm0(-1) ,rflags ,UCOMISD,5,SAR,3,SHL,3,MOV,4,ADD,4,CMP,4,JNLE,6,CMP,4,JL,6,MOVZX,5,0,1,1,0,0,JE,0,0,1,0,0,0,JG,0,0,4978274,4978324,4978291,0,0,0,0,cpp,0.0064027025524685,0.454408722644271,0,0,0
0x4bf654,JL,70129519,69901663,287,6,0x4bf650,CMP,1,NonLeaf,edi(-1) rsp(-1) ,rflags ,CMP,4,NOP,9,JMP,2,MOV,8,MOV,5,MOV,4,ADD,4,MOV,4,SHL,3,SAR,3,0,0,0,0,0,JMP,0,0,1,0,0,0,ADD,0,0,4978256,4978547,4978266,0,0,1,1,cpp,0.0018336164526538,0.9967509259545898,1,0,1
0x4bf3c7,JNLE,4854076,3479717,-101,2,0x4bf3c4,CMP,1,NonLeaf,r11d(-1) edi(ADD) ,rflags ,CMP,3,ADD,4,ADD,4,MOV,4,ADD,3,MOV,5,JMP,5,NOP,5,MOV,9,MOV,9,0,0,0,1,1,JB,0,0,0,1,0,0,JMP,1,0,4977589,4977506,4977609,0,0,0,0,cpp,0.000126915366638,0.7168649604991764,1,1,1
0x4bf3b3,JLE,4855276,1024704,-107,2,0x4bf3b1,CMP,1,NonLeaf,esi(-1) ebx(-1) ,rflags ,CMP,2,JB,2,UCOMISD,4,ADDSD,4,MULSD,4,ADD,3,MOV,4,ADD,4,ADD,4,CMP,3,0,1,0,0,0,JL,0,0,1,0,0,0,JG,0,0,4977585,4977480,4977589,0,0,0,1,cpp,0.0001269467420099,0.2110495881181626,0,0,0
0x4bf3af,JB,18412781,13557505,-89,2,0x4bf3ab,UCOMISD,1,NonLeaf,xmm2(-1) xmm0(ADDSD) ,rflags ,UCOMISD,4,ADDSD,4,MULSD,4,SUBSD,5,MOVAPD,5,CMP,2,JLE,2,ADD,3,MOV,4,ADD,4,1,1,0,0,0,JLE,0,0,1,0,0,0,JLE,0,0,4977506,4977494,4977585,0,0,0,0,cpp,0.0004814232103989,0.736309468949856,1,0,1
0x4bf360,JLE,13558705,3795463,105,2,0x4bf35d,CMP,1,NonLeaf,r11d(-1) edi(ADD) ,rflags ,CMP,3,ADD,4,ADD,3,ADD,4,MOV,4,MOVZX,4,MOVAPD,4,MOVAPD,5,MOVZX,4,MOV,4,0,0,1,0,0,JMP,1,0,0,0,1,1,JB,0,0,4977494,4977609,4977506,0,0,0,0,cpp,0.0003545078437609,0.279928134729681,0,0,0
0x4bf34c,JL,1024704,1023504,105,2,0x4bf348,CMP,1,NonLeaf,esi(-1) rsp(-1) ,rflags ,CMP,4,NOP,5,JMP,2,MOVSD_XMM,6,LEA,4,MOV,4,ADD,4,ADD,3,ADD,4,CMP,3,0,0,0,0,0,JG,0,0,1,0,0,0,ADD,0,0,4977480,4977589,4977486,0,0,1,1,cpp,2.679205761414412e-05,0.998828930110549,1,0,1
0x4bf2f2,JNLE,5169822,4452176,616,6,0x4bf2ef,CMP,1,NonLeaf,eax(-1) ,rflags ,CMP,3,JLE,6,TEST,2,MOV,7,NOP,4,MOV,8,MOV,8,XOR,2,MOV,8,MOVSXD,3,0,1,0,0,0,JMP,0,0,1,0,0,0,XOR,0,0,4977391,4978010,4977400,0,0,1,0,cpp,0.0001351709067973,0.861185549521821,1,0,1
0x4bf2e9,JLE,5169822,0,-2809,6,0x4bf2e7,TEST,1,NonLeaf,eax(MOV) eax(MOV) ,rflags ,TEST,2,MOV,7,NOP,4,JMP,5,MOV,7,CMP,3,JNLE,6,MOV,8,MOV,8,XOR,2,0,0,0,0,0,JMP,0,0,1,0,0,0,JG,0,0,4977376,4974576,4977391,0,0,1,0,cpp,0.0001351709067973,0.0,0,0,0
0x4bf2b5,JNZ,3860064,3860064,-2508,6,0x4bf2af,TEST,1,NonLeaf,ecx(MOV) ecx(MOV) ,rflags ,MOV,4,TEST,2,MOV,8,MOV,7,NOP,5,AND,3,ADD,7,MOV,11,MOV,7,JMP,5,0,0,0,0,0,JLE,0,0,0,0,0,0,JMP,0,0,4977312,4974825,4977339,0,0,0,1,cpp,0.0001009257864537,1.0,1,0,1
0x4bf116,JBE,51876,51876,2150,6,0x4bf113,CMP,1,NonLeaf,edi(-1) ,rflags ,CMP,3,JZ,6,OR,2,SETBE,3,CMP,3,SHR,3,MOV,8,XOR,2,LEA,7,XOR,2,0,0,0,0,0,NOP,0,0,1,0,0,0,XOR,0,0,4976915,4979068,4976924,0,1,0,0,cpp,1.3563573293276306e-06,1.0,1,0,1
0x4bf10d,JZ,51876,0,2159,6,0x4bf10b,OR,1,NonLeaf,al(OR) cl(SETBE) ,al rflags ,OR,2,SETBE,3,CMP,3,SETNB,3,LEA,4,CMP,3,JBE,6,SHR,3,MOV,8,XOR,2,0,1,0,0,0,NOP,0,0,1,0,0,0,JBE,0,0,4976862,4979068,4976915,0,0,0,0,cpp,1.3563573293276306e-06,0.0,0,1,0
0x4bf0d8,JLE,3989987,3938111,2412,6,0x4bf0b2,TEST,1,NonLeaf,edi(MOV) edi(MOV) ,rflags ,MOV,8,LEA,5,MOV,4,LEA,5,MOV,8,ADD,4,MOV,8,ADD,2,LEA,4,CDQE,2,0,1,0,0,0,JMP,0,0,1,0,0,0,JE,0,0,4976793,4979268,4976862,0,0,0,0,cpp,0.0001043227718284,0.9869984538796744,1,0,1
0x4bef82,JBE,32562,32562,2603,6,0x4bef7e,CMP,1,NonLeaf,r8d(-1) ,rflags ,CMP,4,JZ,6,OR,3,SETNB,4,CMP,3,SHR,4,MOV,5,MOV,5,MOV,8,LEA,8,0,0,0,0,0,NOP,0,0,1,0,0,0,XOR,0,0,4976510,4979117,4976520,0,1,0,1,cpp,8.513707178187661e-07,1.0,1,0,1
0x4bef78,JZ,32562,0,2613,6,0x4bef75,OR,1,NonLeaf,dl(OR) sil(SETNB) ,dl rflags ,OR,3,SETNB,4,CMP,3,ADD,4,SETNB,3,CMP,4,JBE,6,SHR,4,MOV,5,MOV,5,0,1,0,0,0,NOP,0,0,1,0,0,0,JBE,0,0,4976457,4979117,4976510,0,0,0,0,cpp,8.513707178187661e-07,0.0,0,1,0
0x4bef43,JLE,3989987,3957425,2830,6,0x4bef22,TEST,1,NonLeaf,r8d(MOV) r8d(MOV) ,rflags ,MOV,8,LEA,5,LEA,5,MOV,4,MOVSXD,3,LEA,3,MOV,8,MOVSXD,3,LEA,5,LEA,4,0,1,0,0,0,JMP,0,0,1,0,0,0,JE,0,0,4976382,4979281,4976457,0,0,0,0,cpp,0.0001043227718284,0.9918390711548684,1,0,1
0x4beef7,JZ,3989987,0,7,2,0x4beef1,TEST,1,NonLeaf,eax(SAR) eax(SAR) ,rflags ,LEA,4,TEST,2,ADD,3,MOV,7,MOVSXD,3,MOVZX,5,MOV,5,MOV,3,LEA,3,MOV,8,0,1,1,0,0,JLE,0,0,1,0,0,0,MOVZX,0,0,4976337,4976382,4976377,0,0,1,0,cpp,0.0001043227718284,0.0,0,0,0
0x4bee82,JNLE,60930,55449,-46,2,0x4bee80,CMP,1,NonLeaf,edi(-1) edx(ADD) ,rflags ,CMP,2,ADD,4,MOV,4,ADD,4,JNZ,2,SUB,8,SUB,8,MOV,5,SAR,3,SAR,3,0,0,0,1,1,JNE,0,0,0,1,0,0,MOV,1,0,4976244,4976212,4976260,0,0,0,1,cpp,1.5930845106780115e-06,0.9100443131462334,1,1,1
0x4bee72,JNZ,454632,393702,-58,2,0x4bee6f,CMP,1,NonLeaf,cl(MOVZX) ,rflags ,CMP,3,MOVZX,5,MOVSXD,3,SAR,3,SHL,3,ADD,4,MOV,4,ADD,4,CMP,2,JNLE,2,1,1,0,0,0,JE,0,0,1,0,0,0,JG,0,0,4976212,4976184,4976244,0,0,0,1,cpp,1.1886873416355914e-05,0.865979517499868,1,0,1
0x4bee52,JLE,393702,66132,50,2,0x4bee50,CMP,1,NonLeaf,edi(-1) edx(ADD) ,rflags ,CMP,2,ADD,4,ADD,4,MOV,3,JNZ,2,MOVZX,6,MOVZX,3,MOV,4,SHL,3,SAR,3,0,0,1,0,0,MOV,1,0,0,0,1,1,JNE,0,0,4976204,4976260,4976212,0,0,1,0,cpp,1.0293788905677902e-05,0.167974762637731,0,0,0
0x4bee43,JNZ,289230,0,9,2,0x4bee41,TEST,1,NonLeaf,cl(-1) cl(-1) ,rflags ,TEST,2,JZ,6,CMP,3,NOP,4,JMP,2,MOV,3,ADD,4,ADD,4,CMP,2,JLE,2,0,0,1,0,0,JLE,0,0,1,0,0,0,ADD,0,0,4976193,4976204,4976197,0,0,0,1,cpp,7.562249023853624e-06,0.0,0,0,0
0x4bee3b,JZ,393702,104472,1045,6,0x4bee38,CMP,1,NonLeaf,cl(-1) ,rflags ,CMP,3,NOP,4,JMP,2,MOV,8,MOV,3,TEST,2,JNZ,2,MOV,3,ADD,4,ADD,4,0,1,0,0,0,JMP,0,0,1,0,0,0,JNE,0,0,4976184,4977232,4976193,0,0,1,0,cpp,1.0293788905677902e-05,0.2653580626971669,0,0,0
0x4bee02,JLE,3989987,3918374,3075,6,0x4bedfe,TEST,1,NonLeaf,edx(SAR) edx(SAR) ,rflags ,MOV,2,TEST,2,SAR,3,SUB,3,MOV,8,MOV,5,MOV,8,XOR,2,MOV,8,MOV,8,0,1,0,0,0,JMP,0,0,1,0,0,0,JMP,0,0,4976094,4979205,4976136,0,0,1,1,cpp,0.0001043227718284,0.9820518212214726,1,0,1
0x4bedd8,JZ,5169822,5098209,-1528,6,0x4bedd0,CMP,1,NonLeaf,rdx(-1) rsp(-1) ,rflags ,CMP,8,NOP,1,JNLE,6,CMP,3,ADD,4,MOVZX,8,MOV,5,MOV,5,MOV,8,SUB,3,0,1,0,0,0,JNE,0,0,1,0,0,0,JLE,0,0,4976080,4974560,4976094,0,1,0,1,cpp,0.0001351709067973,0.9861478789791988,1,0,1
0x4becc9,JZ,5169822,5169822,1559,6,0x4becbe,TEST,1,NonLeaf,r8b(MOV) r8b(MOV) ,rflags ,MOV,8,TEST,3,ADD,3,MOV,5,LEA,5,MOV,7,XOR,2,MOV,8,TEST,2,JLE,6,0,1,0,0,0,JLE,0,0,1,0,0,0,JLE,0,0,4975788,4977376,4975823,0,0,0,0,cpp,0.0001351709067973,1.0,1,0,1
0x4bec69,JZ,51,0,38,2,0x4bec66,TEST,1,NonLeaf,rdi(MOV) rdi(MOV) ,rflags ,TEST,3,MOV,3,MOV,5,MOVSD_XMM,7,MOVSD_XMM,7,MOVSD_XMM,7,MOV,5,CALL_NEAR,5,MOV,5,MOVSD_XMM,7,0,1,1,0,0,MOV,0,0,1,0,0,0,CALL,0,1,4975688,4975759,4975723,0,0,1,1,cpp,1.3334533078053271e-09,0.0,0,0,0
0x4bebf0,JNL,51,0,-8,2,0x4bebee,CMP,1,NonLeaf,edx(-1) ebp(ADD) ,rflags ,CMP,2,ADD,2,SAR,2,MOV,2,NOP,4,MOVSXD,3,MOV,10,MOV,7,LEA,4,CMP,3,1,1,1,1,1,JGE,0,0,1,1,0,0,CALL,0,1,4975592,4975592,4975602,1,0,0,1,cpp,1.3334533078053271e-09,0.0,0,1,0
0x4bebde,JL,5169822,5169771,3597,6,0x4bebdc,CMP,1,NonLeaf,edx(LEA) ebp(MOV) ,rflags ,CMP,2,MOV,4,LEA,4,MOV,3,MOV,3,NOP,4,MOV,2,SAR,2,ADD,2,CMP,2,0,1,0,0,0,JMP,0,0,1,0,0,0,NOP,0,0,4975551,4979179,4975588,0,0,0,0,cpp,0.0001351709067973,0.9999901350568744,1,0,1
0x4bebb0,JZ,5169822,5169822,15,2,0x4bebae,TEST,1,NonLeaf,eax(MOV) eax(MOV) ,rflags ,TEST,2,XOR,3,MOV,4,MOV,4,MOVZX,5,MOVZX,5,SHR,4,AND,4,MOV,8,MOV,7,0,1,1,0,0,JL,0,0,1,0,0,0,AND,0,0,4975531,4975551,4975538,0,0,1,0,cpp,0.0001351709067973,1.0,1,0,1
0x575d52,JZ,1,0,254,6,0x575d50,TEST,1,NonLeaf,ebx(-1) ebx(-1) ,rflags ,TEST,2,CPUID,2,MOV,2,XOR,2,MOV,5,ADD,3,MOV,5,AND,3,MOV,2,MOV,7,0,0,1,0,0,CALL,0,1,1,0,0,0,JE,0,0,5725509,5725776,5725528,0,1,1,1,cpp,2.6146143290300536e-11,0.0,0,0,0
0x4beb8d,JZ,1847544,0,3146,6,0x4beb84,TEST,1,NonLeaf,edx(SAR) edx(SAR) ,rflags ,MOV,7,TEST,2,SAR,3,SUB,8,JNLE,2,MOV,8,MOVSXD,3,MOVZX,5,MOV,4,MOV,4,0,0,0,0,0,JMP,0,0,1,0,0,0,MOV,0,0,4975481,4978647,4975507,0,1,0,1,cpp,4.830615015913502e-05,0.0,0,0,0
0x4beb77,JNLE,65784182,63936638,-79,2,0x4beb71,CMP,1,NonLeaf,eax(-1) esi(ADD) ,rflags ,LEA,4,CMP,2,MOVZX,4,ADD,4,MOV,4,SUB,8,SAR,3,TEST,2,MOV,7,JZ,6,0,0,0,1,1,JE,0,0,1,1,0,0,JE,1,0,4975465,4975400,4975481,0,0,1,1,cpp,0.0017200026488072,0.9719150722281537,1,1,1
0x4beb59,JZ,65784182,63534828,16,2,0x4beb56,AND,1,NonLeaf,edi(AND) ,edi rflags ,AND,3,AND,4,MOV,3,MOV,5,MOV,3,LEA,3,ADD,3,MOV,4,MOV,4,ADD,4,1,1,1,0,0,JG,0,0,1,0,0,0,MOV,0,0,4975400,4975465,4975451,0,0,0,1,cpp,0.0017200026488072,0.9658070689394602,1,0,1
0x4beb09,JZ,3860064,2012520,3278,6,0x4beb07,TEST,1,NonLeaf,eax(-1) eax(-1) ,rflags ,TEST,2,JNZ,2,CMP,3,ADD,4,MOV,5,MOV,8,MOV,8,XOR,2,NOP,7,MOVZX,5,0,1,0,0,0,JMP,0,0,1,0,0,0,NOP,0,0,4975367,4978647,4975375,0,0,0,0,cpp,0.0001009257864537,0.5213695938720188,1,0,1
0x4beb05,JNZ,13575789,9715725,-85,2,0x4beb02,CMP,1,NonLeaf,rdx(ADD) rdi(-1) ,rflags ,CMP,3,ADD,4,MOV,5,ADD,3,MOVSXD,3,TEST,2,JZ,6,MOV,8,MOV,8,XOR,2,0,0,0,1,1,JB,0,0,0,1,0,0,JE,1,0,4975358,4975280,4975367,0,0,0,0,cpp,0.0003549545244728,0.7156655867294343,1,1,1
0x4beaf1,JB,13575789,12736285,13,2,0x4beaed,UCOMISD,1,NonLeaf,xmm2(-1) xmm0(ADDSD) ,rflags ,UCOMISD,4,ADDSD,4,MULSD,4,SUBSD,5,MOVAPD,5,MOVSXD,3,ADD,3,MOV,5,ADD,4,CMP,3,1,1,1,0,0,JNE,0,0,1,0,0,0,MOV,0,0,4975280,4975358,4975347,0,0,0,1,cpp,0.0003549545244728,0.9381616788534354,1,1,1
0x4bea75,JLE,3860064,0,146,6,0x4bea71,CMP,1,NonLeaf,rsp(-1) ecx(LEA) ,rflags ,CMP,4,LEA,4,MOV,8,MOV,5,MOV,4,MOV,4,MOVSXD,3,MOV,8,LEA,4,MOVSD_XMM,9,0,0,1,0,0,JE,0,0,0,0,0,0,NOP,0,0,4975196,4975367,4975227,0,0,0,0,cpp,0.0001009257864537,0.0,0,1,0
0x4bea56,JNZ,436233492,432373428,-214,6,0x4bea53,CMP,1,NonLeaf,rdx(ADD) r15(-1) ,rflags ,CMP,3,ADD,2,ADD,2,ADD,4,SETNBE,4,MOV,4,MOV,5,MOV,8,LEA,4,CMP,4,1,1,0,0,0,MOV,0,0,1,1,0,0,JLE,1,0,4974982,4974976,4975196,0,0,0,0,cpp,0.0114058233898601,0.9911513809214814,1,1,1
0x4be8ec,JLE,3860064,0,2836,6,0x4be8e9,CMP,1,NonLeaf,ecx(-1) ,rflags ,CMP,3,JZ,6,MOV,4,TEST,2,MOV,8,MOVZX,4,MOVZX,3,MOV,5,MOV,8,MOVSD_XMM,10,0,1,0,0,0,JMP,0,0,1,0,0,0,JMP,0,0,4974825,4977664,4974834,0,1,0,1,cpp,0.0001009257864537,0.0,0,0,0
0x4be8bd,JZ,3860064,3860064,2531,6,0x4be8b7,TEST,1,NonLeaf,edi(MOV) edi(MOV) ,rflags ,MOV,4,TEST,2,MOV,6,JZ,6,TEST,2,CMP,5,JNS,6,MOV,7,MOV,8,TEST,2,0,1,0,0,0,JNE,0,0,1,0,0,0,JNS,0,0,4974769,4977312,4974787,0,0,1,0,cpp,0.0001009257864537,1.0,1,0,1
0x4be8ab,JZ,7182342,3322278,2533,6,0x4be8a9,TEST,1,NonLeaf,al(-1) ,rflags ,TEST,2,JZ,6,MOV,8,TEST,3,SUB,3,MOV,6,TEST,2,MOV,4,JZ,6,CMP,5,0,1,0,0,0,JMP,0,0,1,0,0,0,JE,0,0,4974761,4977296,4974769,0,0,0,1,cpp,0.0001877905430919,0.4625619331410284,0,0,0
0x4be8a3,JZ,7182342,0,2918,6,0x4be898,TEST,1,NonLeaf,rdx(MOV) rdx(MOV) ,rflags ,MOV,8,TEST,3,SUB,3,MOV,3,MOVSXD,3,TEST,2,JZ,6,MOV,6,TEST,2,MOV,4,0,1,0,0,0,JE,0,0,1,1,0,0,JE,0,0,4974614,4977673,4974761,0,0,0,0,cpp,0.0001877905430919,0.0,0,0,0
0x4be7e8,JNZ,5098209,3918374,1526,6,0x4be7e0,CMP,1,NonLeaf,rax(-1) rsp(-1) ,rflags ,CMP,8,NOP,8,JMP,5,JLE,6,MOV,3,NOP,2,ADD,8,MOV,7,JMP,5,NOP,4,0,0,0,0,0,JLE,0,0,1,0,0,0,NOP,0,0,4974560,4976094,4974574,0,0,1,0,cpp,0.0001332985030378,0.7685785341479724,1,0,1
0x4be7cd,JLE,121680,113373,-7588,6,0x4be7c6,CMP,1,NonLeaf,ebp(CMOVNZ) r13(MOV) ,rflags ,MOV,3,CMP,4,CMOVNZ,3,MOV,5,MOV,4,JMP,5,NOP,8,CMP,8,JNZ,6,NOP,2,0,0,1,0,0,JG,0,0,1,0,0,0,JMP,0,0,4974514,4966953,4974547,1,0,1,0,cpp,3.1814627155637694e-06,0.9317307692307693,1,0,1
0x4be796,JZ,121680,121680,4701,6,0x4be6c3,TEST,1,NonLeaf,rdi(MOV) rdi(MOV) ,rflags ,MOVSD_XMM,8,ADDSD,8,MOVSD_XMM,6,MOVSD_XMM,8,ADDSD,4,ADD,7,POP,1,POP,1,POP,2,POP,2,0,1,0,0,0,RET,0,0,1,0,0,0,JMP,0,0,4974239,4979187,4974492,0,0,0,0,cpp,3.1814627155637694e-06,1.0,1,0,1
0x4be681,JZ,121680,104832,30,2,0x4be679,CMP,1,NonLeaf,rsp(-1) ,rflags ,CMP,8,CVTSI2SD,9,JNLE,6,MOV,7,MOV,3,MOV,8,MOVZX,8,MOVSXD,4,MOV,3,MOV,5,0,1,1,0,0,JE,0,0,1,0,0,0,MOV,0,0,4974201,4974239,4974211,0,0,1,1,cpp,3.1814627155637694e-06,0.8615384615384616,1,0,1
0x4be63d,JNZ,28820027,3989987,435,6,0x4be605,CMP,1,NonLeaf,rsp(-1) ,rflags ,MOVSD_XMM,5,ADDSD,5,MOVSD_XMM,6,MOVSD_XMM,5,ADDSD,5,MOV,8,MOVSXD,4,MOV,3,LEA,3,MOVZX,4,0,0,0,0,0,JMP,0,0,1,0,0,0,JG,0,0,4974063,4974576,4974147,0,0,1,1,cpp,0.0007535325555723,0.1384449431640018,0,0,0
0x4be5c6,JNZ,440050,204880,-438,6,0x4be463,CMP,0,NonLeaf,rax(-1) r8(-1) ,rflags ,MOVSD_XMM,5,MOVSD_XMM,5,SUBSD,4,MOVSD_XMM,5,SUBSD,4,MOVSD_XMM,7,MOVSD_XMM,7,MOVSD_XMM,7,MOVSD_XMM,7,MOVSD_XMM,7,0,0,0,1,1,MULSD,0,0,1,1,0,0,MOVSD,1,0,4973981,4973584,4974028,1,0,1,1,cpp,1.1505610354896752e-05,0.4655834564254062,0,1,0
0x4be3b7,JLE,235170,0,568,6,0x4be3b5,TEST,1,NonLeaf,edx(SAR) edx(SAR) ,rflags ,TEST,2,ADD,7,SAR,3,SUB,3,JNZ,2,LEA,3,MOV,7,MOV,8,MOV,8,MOVSD_XMM,7,0,0,1,0,0,JNE,0,0,1,0,0,0,NOP,0,0,4973480,4974063,4973501,0,0,1,1,cpp,6.148788517579977e-06,0.0,0,0,0
0x57556b,JZ,1,0,114,2,0x575568,TEST,1,NonLeaf,r8d(MOV) r8d(MOV) ,rflags ,TEST,3,MOV,3,JZ,2,TEST,3,INVALID,0,CMP,8,MOV,5,PUSH,1,MOV,7,MOV,8,0,0,0,0,0,RET,0,0,1,0,0,0,JE,0,0,5723493,5723613,5723501,0,0,0,1,cpp,2.6146143290300536e-11,0.0,0,0,0
0x4be3a6,JNZ,440050,204880,-118,2,0x4be3a3,CMP,1,NonLeaf,rax(ADD) r9(-1) ,rflags ,CMP,3,ADD,4,ADD,4,MOVSD_XMM,5,ADD,4,SUB,3,SAR,3,ADD,7,TEST,2,JLE,6,0,1,0,0,0,MOV,0,0,0,1,0,0,JLE,1,0,4973471,4973360,4973480,0,0,0,1,cpp,1.1505610354896752e-05,0.4655834564254062,0,1,0
0x4be2f8,JLE,235170,0,176,6,0x4be2e7,CMP,1,NonLeaf,r8d(MOV) edi(-1) ,rflags ,MOVSD_XMM,5,MOVSD_XMM,5,MOVSD_XMM,4,CMP,3,ADD,3,SUB,4,MOVSXD,3,SUB,3,LEA,5,ADD,3,0,1,1,0,0,JLE,0,0,1,0,0,0,JMP,0,0,4973250,4973480,4973310,0,1,1,0,cpp,6.148788517579977e-06,0.0,0,0,0
0x4bdf3b,JLE,235170,235170,4933,6,0x4bdf38,CMP,1,NonLeaf,eax(-1) ,rflags ,CMP,3,JLE,6,TEST,2,MOV,7,ADDSD,8,MOV,8,XOR,3,XOR,3,MOV,8,MOVZX,3,0,1,0,0,0,JMP,0,0,1,0,0,0,JMP,0,0,4972344,4977280,4972353,0,0,0,1,cpp,6.148788517579977e-06,1.0,1,0,1
0x4bdf32,JLE,28820027,28584857,1725,6,0x4bdf30,TEST,1,NonLeaf,eax(MOV) eax(MOV) ,rflags ,TEST,2,MOV,7,ADDSD,8,MOVSD_XMM,9,MOVSD_XMM,10,CMP,3,JLE,6,MOV,8,XOR,3,XOR,3,0,1,1,0,0,JNE,0,0,1,0,0,0,JLE,0,0,4972329,4974063,4972344,0,0,1,0,cpp,0.0007535325555723,0.9918400492823966,1,0,1
0x4bdefe,JNZ,754520,379860,-742,6,0x4bdca1,CMP,0,NonLeaf,rcx(-1) r8(-1) ,rflags ,MOVSD_XMM,5,MOVSD_XMM,6,MOVSD_XMM,5,SUBSD,4,ADDSD,4,MOVSD_XMM,10,MOVSD_XMM,10,MOVSD_XMM,9,ADDSD,8,MOV,7,0,0,0,1,1,MULSD,0,0,1,1,0,0,MOVSD,1,0,4972236,4971544,4972292,1,0,0,0,cpp,1.9727788035397563e-05,0.5034458993797382,1,1,1
0x4bdba6,JLE,374660,0,882,6,0x4bdba4,TEST,1,NonLeaf,edx(SAR) edx(SAR) ,rflags ,TEST,2,ADD,7,SAR,3,SUB,3,JNZ,2,MOVSD_XMM,9,LEA,3,XOR,2,MOVSD_XMM,8,MOV,7,0,1,1,0,0,ADDSD,0,0,1,0,0,0,NOP,0,0,4971415,4972312,4971436,0,0,0,1,cpp,9.795914045144e-06,0.0,0,0,0
0x4bdb95,JNZ,754520,379860,-117,2,0x4bdb92,CMP,1,NonLeaf,rax(ADD) r9(-1) ,rflags ,CMP,3,ADD,4,ADD,4,MOVSD_XMM,6,ADD,4,SUB,3,SAR,3,ADD,7,TEST,2,JLE,6,0,1,0,0,0,MOV,0,0,0,1,0,0,JLE,1,0,4971406,4971296,4971415,0,0,0,1,cpp,1.9727788035397563e-05,0.5034458993797382,1,1,1
0x4bdb7b,JB,754520,0,19,2,0x4bdb77,UCOMISD,1,NonLeaf,xmm4(-1) xmm0(ADDSD) ,rflags ,UCOMISD,4,MOVSD_XMM,5,ADDSD,4,MULSD,4,MOVSD_XMM,5,MOV,3,ADD,4,MOVSD_XMM,6,ADD,4,ADD,4,1,1,1,0,0,JNE,0,0,1,0,0,0,ADD,0,0,4971298,4971406,4971389,0,0,0,1,cpp,1.9727788035397563e-05,0.0,0,0,0
0x4bdaf0,JLE,374660,0,167,6,0x4bdadf,CMP,1,NonLeaf,r9d(MOV) esi(-1) ,rflags ,MOVSD_XMM,5,MOVSD_XMM,5,MOVSD_XMM,4,CMP,3,ADD,3,SUB,4,MOVSXD,3,SUB,3,LEA,5,ADD,3,0,1,1,0,0,JLE,0,0,1,0,0,0,JMP,0,0,4971194,4971415,4971254,0,1,1,0,cpp,9.795914045144e-06,0.0,0,0,0
0x4bd70f,JLE,374660,374660,6993,6,0x4bd70c,CMP,1,NonLeaf,eax(-1) ,rflags ,CMP,3,JLE,6,TEST,2,MOV,7,MOVSD_XMM,10,MOV,8,MOV,8,XOR,3,XOR,3,MOV,8,0,1,0,0,0,JMP,0,0,1,0,0,0,JMP,0,0,4970252,4977248,4970261,0,0,0,1,cpp,9.795914045144e-06,1.0,1,0,1
0x4bd706,JLE,28820027,28445367,2083,6,0x4bd704,TEST,1,NonLeaf,eax(MOV) eax(MOV) ,rflags ,TEST,2,MOV,7,MOVSD_XMM,10,ADDSD,8,MOVSD_XMM,7,CMP,3,JLE,6,MOV,8,MOV,8,XOR,3,0,1,1,0,0,JLE,0,0,1,0,0,0,JLE,0,0,4970237,4972329,4970252,0,0,0,0,cpp,0.0007535325555723,0.9870000121790308,1,0,1
0x4bd6d5,JNZ,1264975759,1241671592,-677,6,0x4bd4bd,CMP,0,NonLeaf,rcx(-1) r8(-1) ,rflags ,MOVSD_XMM,5,MOVSD_XMM,5,MOVSD_XMM,6,SUBSD,4,MOVSD_XMM,5,MOVSD_XMM,9,MOVSD_XMM,7,ADDSD,8,MOVSD_XMM,10,MOV,7,0,0,0,1,1,MULSD,0,0,1,1,0,0,MOVSD,1,0,4970192,4969520,4970203,1,0,0,0,cpp,0.0330742374535706,0.9815773805670216,1,1,1
0x4bd3af,JLE,28820027,5515860,10088,6,0x4bd3ad,TEST,1,NonLeaf,esi(SAR) esi(SAR) ,rflags ,TEST,2,SAR,3,SUB,3,JNZ,2,CMP,3,LEA,3,MOVSD_XMM,8,MOV,7,MOV,8,MOVSD_XMM,10,0,1,0,0,0,JMP,0,0,1,0,0,0,NOP,0,0,4969383,4979479,4969397,0,0,1,1,cpp,0.0007535325555723,0.1913898276361781,0,0,0
0x4bd3a5,JNZ,185984603,157164576,-117,2,0x4bd3a2,CMP,1,NonLeaf,rax(ADD) r9(-1) ,rflags ,CMP,3,ADD,4,ADD,4,MOVSD_XMM,6,ADD,4,SUB,3,SAR,3,TEST,2,JLE,6,LEA,3,0,1,0,0,0,MOV,0,0,0,1,0,0,JLE,1,0,4969374,4969264,4969383,0,0,0,0,cpp,0.0048627800798276,0.8450407908228833,1,1,1
0x4bd38b,JB,185984603,111961844,19,2,0x4bd387,UCOMISD,1,NonLeaf,xmm4(-1) xmm0(ADDSD) ,rflags ,UCOMISD,4,MOVSD_XMM,5,ADDSD,4,MULSD,4,MOVSD_XMM,5,MOV,3,ADD,4,MOVSD_XMM,6,ADD,4,ADD,4,1,1,1,0,0,JNE,0,0,1,0,0,0,ADD,0,0,4969266,4969374,4969357,0,0,0,1,cpp,0.0048627800798276,0.6019952307557417,1,0,1
0x4bd2fd,JLE,28820027,0,170,6,0x4bd2ec,CMP,1,NonLeaf,r9d(MOV) edx(-1) ,rflags ,MOVSD_XMM,5,MOVSD_XMM,5,MOVSD_XMM,4,CMP,3,ADD,3,SUB,4,MOVSXD,3,SUB,3,LEA,5,ADD,3,0,1,1,0,0,JLE,0,0,1,0,0,0,JMP,0,0,4969159,4969383,4969219,0,1,0,0,cpp,0.0007535325555723,0.0,0,0,0
0x4bd292,JNZ,444297274,425172630,-578,6,0x4bd28a,CMP,1,NonLeaf,r9(ADD) rsp(-1) ,rflags ,CMP,8,ADD,3,ADD,4,ADD,4,SETNBE,3,MOV,7,MOV,8,MOVSXD,3,MOV,8,LEA,4,0,1,0,0,0,MOV,0,0,1,1,0,0,ADD,1,0,4968951,4968528,4969112,0,0,0,0,cpp,0.0116166601894939,0.9569552974569904,1,1,1
0x4bcf3b,JLE,28820027,9695383,9013,6,0x4bcf38,CMP,1,NonLeaf,eax(-1) ,rflags ,CMP,3,JLE,6,MOVSD_XMM,6,MULSD,9,TEST,2,MOV,8,MOV,8,XOR,3,XOR,3,MOV,8,0,1,0,0,0,JMP,0,0,1,0,0,0,JMP,0,0,4968248,4977264,4968257,0,0,0,1,cpp,0.0007535325555723,0.3364113087055748,0,0,0
0x4bcf32,JLE,28820027,0,9382,6,0x4bcf21,TEST,1,NonLeaf,eax(MOV) eax(MOV) ,rflags ,MOVSD_XMM,6,MULSD,9,TEST,2,ADD,4,SHL,4,CMP,3,JLE,6,MOV,8,MOV,8,XOR,3,0,1,0,0,0,JMP,0,0,1,0,0,0,JLE,0,0,4968137,4977624,4968248,0,0,1,0,cpp,0.0007535325555723,0.0,0,0,0
0x4bce04,JNZ,32012382,7182342,-116,2,0x4bcdfc,CMP,1,NonLeaf,rsp(-1) ,rflags ,CMP,8,ADD,8,SHL,4,MOV,8,MOV,3,MOV,8,MOVSD_XMM,9,MOVSD_XMM,10,ADDSD,5,MOVSD_XMM,10,1,1,0,0,0,JE,0,0,1,0,0,0,MOV,0,0,4967901,4967824,4967942,0,0,0,1,cpp,0.0008370003268358,0.2243613736709752,0,0,0
0x4bcdd7,JLE,7182342,16848,6297,6,0x4bcdd0,CMP,1,NonLeaf,rsp(-1) eax(-1) ,rflags ,CMP,7,NOP,8,MOV,7,ADD,7,AND,3,MOVSXD,8,MOV,3,MOV,8,SHL,4,ADD,8,0,0,1,0,0,CVTSI2SD,1,0,0,0,1,1,JNE,0,0,4967888,4974192,4967901,0,0,0,1,cpp,0.0001877905430919,0.0023457529591322,0,0,0
0x4bcda6,JZ,3860064,3860064,6754,6,0x4bcda4,TEST,1,NonLeaf,edi(MOV) edi(MOV) ,rflags ,TEST,2,MOV,7,JZ,6,TEST,2,MOVZX,5,SHR,3,SUB,8,AND,3,ADD,7,MOV,7,0,1,0,0,0,MOV,0,0,1,0,0,0,NOP,0,0,4967837,4974600,4967852,0,0,1,1,cpp,0.0001009257864537,1.0,1,0,1
0x4bcd97,JZ,7182342,3322278,6783,6,0x4bcd95,TEST,1,NonLeaf,al(MOVZX) ,rflags ,TEST,2,MOVZX,5,NOP,4,JMP,2,MOV,11,MOV,7,TEST,2,JZ,6,SHR,3,SUB,8,0,1,0,0,0,JE,0,0,1,0,0,0,JE,0,0,4967824,4974614,4967837,0,0,1,0,cpp,0.0001877905430919,0.4625619331410284,0,0,0
0x4bccf9,JLE,121680,0,11655,6,0x4bccf2,CMP,1,NonLeaf,rsp(-1) eax(-1) ,rflags ,CMP,7,MOV,3,MOV,7,MOV,8,MOV,7,MOV,3,MOV,11,MOV,12,MOV,12,MOV,12,0,1,0,0,0,JMP,1,0,1,0,0,0,JMP,0,0,4967666,4979328,4967679,0,0,1,1,cpp,3.1814627155637694e-06,0.0,0,0,0
0x4bcc81,JZ,104832,104832,19,2,0x4bcc77,CMP,1,NonLeaf,rsp(-1) ecx(MOVZX) ,rflags ,MOV,3,CMP,7,MOVZX,4,LEA,3,MOV,4,MOV,5,CALL_NEAR,5,MOV,4,MOV,3,MOV,4,0,1,1,0,0,MOV,0,0,1,0,0,0,CALL,0,1,4967520,4967572,4967555,0,1,1,1,cpp,2.7409524934087858e-06,1.0,1,0,1
0x4bcb94,JZ,16848,16848,94,2,0x4bcb8d,TEST,1,NonLeaf,r8d(MOV) r8d(MOV) ,rflags ,MOV,4,TEST,3,MOVZX,5,MOV,11,MOV,7,MOV,8,MOV,8,MOV,3,XOR,2,MOV,2,0,0,1,0,0,JMP,0,0,1,0,0,0,NOP,0,0,4967278,4967410,4967318,0,0,1,0,cpp,4.405102221549835e-07,1.0,1,0,1
0x4bcb68,JZ,16848,0,12022,6,0x4bcb5f,TEST,1,NonLeaf,eax(MOVSXD) eax(MOVSXD) ,rflags ,MOV,7,TEST,2,MOVSXD,3,JNZ,2,CMP,2,MOV,8,MOV,7,MOV,11,MOVZX,5,TEST,3,0,0,0,0,0,JMP,0,0,1,0,0,0,JE,0,0,4967260,4979294,4967278,0,0,1,1,cpp,4.405102221549835e-07,0.0,0,0,0
0x4bcb5a,JNZ,10790208,10773360,-26,2,0x4bcb58,CMP,1,NonLeaf,eax(ADD) esi(-1) ,rflags ,CMP,2,ADD,4,ADD,3,MOV,5,ADD,3,MOVSXD,3,TEST,2,MOV,7,JZ,6,MOV,8,0,0,0,1,1,JE,0,0,1,1,0,0,JE,1,0,4967249,4967232,4967260,0,0,0,1,cpp,0.0002821223245001,0.9984385843164468,1,1,1
0x4bcb44,JZ,10790208,6930144,13,2,0x4bcb40,TEST,1,NonLeaf,rdx(-1) ,rflags ,TEST,4,NOP,4,XOR,2,XOR,2,MOV,3,MOVSXD,3,ADD,3,MOV,5,ADD,3,ADD,4,1,1,1,0,0,JNE,0,0,1,0,0,0,MOV,0,0,4967232,4967249,4967238,1,0,0,1,cpp,0.0002821223245001,0.6422623178348369,1,1,1
0x4bcb27,JLE,16848,0,12087,6,0x4bcb25,TEST,1,NonLeaf,esi(MOV) esi(MOV) ,rflags ,TEST,2,MOV,7,JZ,6,MOV,7,OR,2,MOV,8,MOV,3,XOR,2,XOR,2,NOP,4,0,1,0,0,0,JMP,0,0,1,0,0,0,NOP,0,0,4967198,4979294,4967213,0,0,1,0,cpp,4.405102221549835e-07,0.0,0,0,0
0x4bcb18,JZ,121680,104832,328,6,0x4bcb0f,OR,1,NonLeaf,al(OR) cl(SETNZ) ,al rflags ,MOV,7,OR,2,SETZ,3,MOV,8,MOV,7,MOV,7,TEST,2,JLE,6,MOV,8,MOV,3,0,1,0,0,0,JE,0,0,1,0,0,0,JLE,0,0,4967151,4967520,4967198,0,0,1,0,cpp,3.1814627155637694e-06,0.8615384615384616,1,0,1
0x4bcae9,JNLE,121680,8307,11875,6,0x4bcada,CMP,1,NonLeaf,ebp(-1) r13(MOV) ,rflags ,MOV,3,MOV,8,CMP,4,MOV,3,MOV,7,MOV,3,TEST,2,MOV,4,SETNZ,3,TEST,2,0,1,0,0,0,CALL,0,1,1,1,0,0,JE,0,0,4967116,4979020,4967151,0,0,1,1,cpp,3.1814627155637694e-06,0.0682692307692307,0,0,0
0x4bcac6,JNLE,121680,8307,11682,6,0x4bcab7,CMP,1,NonLeaf,ebp(-1) r13(MOV) ,rflags ,MOV,3,MOV,8,CMP,4,MOV,3,MOV,7,MOV,4,MOV,7,MOV,3,CMP,4,MOV,8,0,1,0,0,0,CALL,0,1,1,1,0,0,JG,0,0,4967081,4978792,4967116,0,1,1,1,cpp,3.1814627155637694e-06,0.0682692307692307,0,0,0
0x4bcaa3,JNLE,121680,8307,11672,6,0x4bca94,CMP,1,NonLeaf,ebp(-1) r13(MOV) ,rflags ,MOV,3,MOV,8,CMP,4,MOV,3,MOV,4,MOV,4,MOV,7,MOV,3,CMP,4,MOV,8,0,1,0,0,0,CALL,0,1,1,1,0,0,JG,0,0,4967049,4978747,4967081,0,1,1,1,cpp,3.1814627155637694e-06,0.0682692307692307,0,0,0
0x4bca83,JNLE,121680,8307,11659,6,0x4bca74,CMP,1,NonLeaf,ebp(-1) r13(MOV) ,rflags ,MOV,3,MOV,8,CMP,4,MOV,3,MOV,4,MOV,4,MOV,4,MOV,3,CMP,4,MOV,8,0,1,0,0,0,CALL,0,1,1,1,0,0,JG,0,0,4967017,4978702,4967049,0,1,1,1,cpp,3.1814627155637694e-06,0.0682692307692307,0,0,0
0x4bca63,JNLE,121680,8307,11646,6,0x4bca54,CMP,1,NonLeaf,ebp(-1) r13(MOV) ,rflags ,MOV,3,MOV,8,CMP,4,MOV,3,MOV,4,MOV,4,MOV,4,MOV,3,CMP,4,MOV,8,0,1,0,0,0,CALL,0,1,1,1,0,0,JG,0,0,4966985,4978657,4967017,0,1,1,1,cpp,3.1814627155637694e-06,0.0682692307692307,0,0,0
0x4bca43,JNLE,121680,8307,11906,6,0x4bca34,CMP,1,NonLeaf,ebp(-1) r13(MOV) ,rflags ,MOV,3,MOV,8,CMP,4,MOV,3,MOV,4,MOV,4,MOV,4,MOV,3,CMP,4,MOV,8,0,1,0,0,0,CALL,0,1,1,1,0,0,JG,0,0,4966953,4978885,4966985,0,1,1,1,cpp,3.1814627155637694e-06,0.0682692307692307,0,0,0
0x4bca12,JNZ,121680,121680,7584,6,0x4bca10,TEST,1,NonLeaf,edx(-1) edx(-1) ,rflags ,TEST,2,SETZ,8,MOV,3,MOV,4,TEST,2,MOV,4,CMP,4,MOV,3,JNLE,6,MOV,4,0,1,0,0,0,JLE,0,0,1,0,0,0,JG,0,0,4966911,4974514,4966936,0,0,0,0,cpp,3.1814627155637694e-06,1.0,1,0,1
0x4bc9f9,JNLE,121680,59995,12025,6,0x4bc9f2,CMP,1,NonLeaf,ebp(-1) r13(MOV) ,rflags ,MOV,3,CMP,4,MOV,3,MOV,4,MOV,4,TEST,2,MOV,4,MOV,3,SETZ,8,TEST,2,0,1,0,0,0,CALL,0,1,1,1,0,0,JNE,0,0,4966887,4978930,4966911,0,0,1,1,cpp,3.1814627155637694e-06,0.4930555555555556,0,0,0
0x4bc9e1,JNLE,121680,59995,12094,6,0x4bc9a2,CMP,1,NonLeaf,ebp(LEA) r13(MOV) ,rflags ,MOV,8,MOV,4,MOV,8,MOVSD_XMM,9,MOVSD_XMM,8,MOV,4,MOV,4,MOV,3,CMP,4,MOV,3,0,1,0,0,0,CALL,0,1,1,1,0,0,JG,0,0,4966496,4978975,4966887,0,1,1,1,cpp,3.1814627155637694e-06,0.4930555555555556,0,0,0
0x4bc85a,JZ,121680,121680,6,2,0x4bc857,TEST,1,NonLeaf,r9d(MOV) r9d(MOV) ,rflags ,TEST,3,MOV,7,INVALID,0,INVALID,0,INVALID,0,RET_NEAR,2,NOP,2,PUSH,2,PUSH,2,PUSH,2,0,1,0,0,0,JG,0,0,1,0,0,0,REPZ RET,1,0,4966480,4966496,4966492,0,0,1,0,cpp,3.1814627155637694e-06,1.0,1,0,1
0x4bc6f6,JNLE,104472,52596,-14,2,0x4bc6f4,CMP,1,NonLeaf,ecx(-1) eax(ADD) ,rflags ,CMP,2,ADD,4,MOV,4,MOVZX,4,NOP,4,JMP,5,MOV,3,JMP,5,ADD,7,POP,1,1,1,1,1,1,JG,0,0,1,1,0,0,JMP,0,0,4966120,4966120,4966136,1,0,1,0,cpp,2.7315398818242776e-06,0.5034458993797382,1,1,1
0x4bc6bf,JNLE,60930,28368,-15,2,0x4bc6bd,CMP,1,NonLeaf,esi(-1) edx(ADD) ,rflags ,CMP,2,ADD,4,MOV,4,MOVZX,5,MOV,5,MOV,5,JMP,5,MOV,7,MOV,8,XOR,2,1,1,1,1,1,JG,0,0,1,1,0,0,JMP,0,0,4966064,4966064,4966081,1,0,1,1,cpp,1.5930845106780115e-06,0.4655834564254062,0,1,0
0x4bc496,JNLE,4453046,4453046,-1180,6,0x4bc48f,CMP,1,NonLeaf,rsp(-1) edi(LEA) ,rflags ,CMP,7,LEA,4,MOV,8,MOV,8,MOV,8,JMP,5,MOV,5,MOVZX,4,JMP,5,MOV,2,0,0,0,0,0,JMP,0,0,1,0,0,0,JMP,0,0,4965474,4964346,4965532,0,0,1,0,cpp,0.0001164299787942,1.0,1,0,1
0x4bc439,JLE,133516183,69941123,-289,6,0x4bc435,CMP,1,NonLeaf,edi(-1) rsp(-1) ,rflags ,CMP,4,JB,6,MOVSD_XMM,6,ADDSD,4,UCOMISD,5,MOV,4,ADD,4,JMP,5,NOP,4,MOVZX,5,0,1,0,0,0,JL,0,0,1,0,0,0,JMP,0,0,4965429,4965144,4965439,0,0,0,1,cpp,0.0034909332522919,0.5238400426710821,1,0,1
0x4bc42f,JB,244806354,111290171,-261,6,0x4bc420,UCOMISD,1,NonLeaf,xmm9(-1) xmm1(ADDSD) ,rflags ,MOVSD_XMM,6,ADDSD,4,UCOMISD,5,MULSD,4,ADDSD,4,CMP,4,JLE,6,MOV,4,ADD,4,JMP,5,1,1,1,0,0,JB,0,0,1,0,0,0,JLE,0,0,4965245,4965162,4965429,0,0,0,0,cpp,0.00640074201006,0.4546049119296961,0,0,0
0x4bc36f,JZ,244806354,4453046,243,6,0x4bc36a,CMP,1,NonLeaf,rcx(ADD) rsp(-1) ,rflags ,CMP,5,SAR,3,SHL,3,ADD,4,MOV,4,MOV,5,MOV,3,MOVAPD,5,MOVAPD,5,MOVAPD,5,0,1,1,0,0,JG,1,0,1,0,0,0,MOV,0,0,4965212,4965474,4965237,0,0,0,1,cpp,0.00640074201006,0.0181900752461678,0,0,0
0x4bc349,JL,69591636,69366216,263,6,0x4bc345,CMP,1,NonLeaf,esi(-1) rsp(-1) ,rflags ,CMP,4,JNLE,6,CMP,4,JB,2,UCOMISD,5,MOVZX,5,ADD,4,MOV,4,MOV,4,ADD,4,0,0,0,0,0,JMP,0,0,1,0,0,0,MOV,0,0,4965189,4965456,4965199,0,0,1,1,cpp,0.0018195528866624,0.9967608176361884,1,0,1
0x4bc33f,JNLE,133548360,63956724,273,6,0x4bc33b,CMP,1,NonLeaf,esi(-1) rsp(-1) ,rflags ,CMP,4,JB,2,UCOMISD,5,SAR,3,SHL,3,CMP,4,JL,6,MOVZX,5,ADD,4,MOV,4,0,1,0,0,0,JMP,0,0,1,0,0,0,JL,0,0,4965179,4965456,4965189,0,0,1,0,cpp,0.0034917745567446,0.478903102965847,0,0,0
0x4bc339,JB,244806354,111257994,35,2,0x4bc334,UCOMISD,1,NonLeaf,xmm9(-1) xmm0(-1) ,rflags ,UCOMISD,5,SAR,3,SHL,3,MOV,4,ADD,4,CMP,4,JNLE,6,CMP,4,JL,6,MOVZX,5,0,1,1,0,0,JE,0,0,1,0,0,0,JG,0,0,4965162,4965212,4965179,0,0,0,0,cpp,0.00640074201006,0.4544734733478364,0,0,0
0x4bc31c,JL,69941123,69713172,291,6,0x4bc318,CMP,1,NonLeaf,edi(-1) rsp(-1) ,rflags ,CMP,4,NOP,3,JMP,2,MOV,8,MOV,5,MOV,4,ADD,4,MOV,4,SHL,3,SAR,3,0,0,0,0,0,JMP,0,0,1,0,0,0,ADD,0,0,4965144,4965439,4965154,0,0,1,1,cpp,0.0018286906238425,0.9967408158430628,1,0,1
0x4bc0b0,JNLE,4846603,3473537,-102,2,0x4bc0ad,CMP,1,NonLeaf,r11d(-1) edi(ADD) ,rflags ,CMP,3,ADD,4,ADD,4,MOV,4,ADD,3,MOV,5,JMP,5,NOP,4,XORPD,5,MOVAPD,5,0,0,0,1,1,JB,0,0,0,1,0,0,JMP,1,0,4964510,4964426,4964530,0,0,0,0,cpp,0.0001267199765092,0.7166951780453237,1,1,1
0x4bc09c,JLE,4847847,1019464,-108,2,0x4bc09a,CMP,1,NonLeaf,esi(-1) ebx(-1) ,rflags ,CMP,2,JB,2,UCOMISD,4,ADDSD,4,MULSD,4,ADD,3,MOV,4,ADD,4,ADD,4,CMP,3,0,1,0,0,0,JL,0,0,1,0,0,0,JG,0,0,4964506,4964400,4964510,0,0,0,1,cpp,0.0001267525023114,0.2102921152420858,0,0,0
0x4bc098,JB,18417761,13569914,-90,2,0x4bc094,UCOMISD,1,NonLeaf,xmm2(-1) xmm0(ADDSD) ,rflags ,UCOMISD,4,ADDSD,4,MULSD,4,SUBSD,5,MOVAPD,5,CMP,2,JLE,2,ADD,3,MOV,4,ADD,4,1,1,0,0,0,JLE,0,0,1,0,0,0,JLE,0,0,4964426,4964414,4964506,0,0,0,0,cpp,0.0004815534181925,0.7367841291892103,1,0,1
0x4bc048,JLE,13571158,3799261,106,2,0x4bc045,CMP,1,NonLeaf,r11d(-1) edi(ADD) ,rflags ,CMP,3,ADD,4,ADD,3,ADD,4,MOV,4,MOVZX,4,MOVAPD,5,MOVAPD,5,MOVZX,4,MOV,4,0,0,1,0,0,JMP,1,0,0,0,1,1,JB,0,0,4964414,4964530,4964426,0,0,0,0,cpp,0.0003548334416833,0.2799511287098713,0,0,0
0x4bc034,JL,1019464,1018220,106,2,0x4bc030,CMP,1,NonLeaf,esi(-1) rsp(-1) ,rflags ,CMP,4,NOP,3,JMP,2,LEA,4,MOV,4,MOV,4,ADD,4,ADD,3,ADD,4,CMP,3,0,0,0,0,0,JG,0,0,1,0,0,0,ADD,0,0,4964400,4964510,4964406,0,0,1,1,cpp,2.6655051823302947e-05,0.9987797509279386,1,0,1
0x4bbfe2,JNLE,5172327,4453046,601,6,0x4bbfdf,CMP,1,NonLeaf,eax(-1) ,rflags ,CMP,3,JLE,6,TEST,2,MOV,7,NOP,4,MOV,8,MOV,8,XOR,2,MOV,8,MOVSXD,3,0,1,0,0,0,JMP,0,0,1,0,0,0,XOR,0,0,4964319,4964923,4964328,0,0,1,0,cpp,0.0001352364028862,0.8609366731840427,1,0,1
0x5ed2cc,JZ,382852,0,4473,6,0x5ed2c9,CMP,1,NonLeaf,ebx(-1) ,rflags ,CMP,3,JMP,2,MOV,6,ADD,4,MOVZX,3,MOV,4,CMP,4,JNB,6,LEA,4,MOV,4,0,1,0,0,0,JMP,0,0,1,0,0,0,JAE,0,0,6214345,6218821,6214354,0,0,1,0,cpp,1.0010103250978142e-05,0.0,0,0,0
0x4bbfd9,JLE,5172327,0,-2825,6,0x4bbfd7,TEST,1,NonLeaf,eax(MOV) eax(MOV) ,rflags ,TEST,2,MOV,7,NOP,4,JMP,5,MOV,7,CMP,3,JNLE,6,MOV,8,MOV,8,XOR,2,0,0,0,0,0,JMP,0,0,1,0,0,0,JG,0,0,4964304,4961488,4964319,0,0,1,0,cpp,0.0001352364028862,0.0,0,0,0
0x4bbfa5,JNZ,3860064,3860064,-2527,6,0x4bbf9f,TEST,1,NonLeaf,ecx(MOV) ecx(MOV) ,rflags ,MOV,4,TEST,2,MOV,8,MOV,7,NOP,5,AND,3,ADD,7,MOV,11,MOV,7,JMP,5,0,0,0,0,0,JLE,0,0,0,0,0,0,JMP,0,0,4964240,4961734,4964267,0,0,0,1,cpp,0.0001009257864537,1.0,1,0,1
0x4bbe06,JBE,51876,51876,2245,6,0x4bbe03,CMP,1,NonLeaf,edi(-1) ,rflags ,CMP,3,JZ,6,OR,2,SETBE,3,CMP,8,SHR,3,MOV,8,XOR,2,LEA,7,XOR,2,0,0,0,0,0,NOP,0,0,1,0,0,0,XOR,0,0,4963843,4966091,4963852,0,1,0,0,cpp,1.3563573293276306e-06,1.0,1,0,1
0x4bbdfd,JZ,51876,0,2254,6,0x4bbdfb,OR,1,NonLeaf,cl(OR) al(SETBE) ,cl rflags ,OR,2,SETBE,3,CMP,8,SETNB,3,LEA,4,CMP,3,JBE,6,SHR,3,MOV,8,XOR,2,0,1,0,0,0,NOP,0,0,1,0,0,0,JBE,0,0,4963792,4966091,4963843,0,0,0,0,cpp,1.3563573293276306e-06,0.0,0,1,0
0x4bbdca,JLE,3992448,3940572,2381,6,0x4bbdc8,TEST,1,NonLeaf,edi(MOV) edi(MOV) ,rflags ,TEST,2,MOV,7,MOV,8,LEA,5,MOV,4,ADD,4,ADD,2,CDQE,2,LEA,5,LEA,4,0,1,0,0,0,JMP,0,0,1,0,0,0,JE,0,0,4963723,4966167,4963792,0,0,0,0,cpp,0.000104387117487,0.9870064682119842,1,0,1
0x4f8dd5,JNZ,317,295,24,2,0x4f8dd3,TEST,1,NonLeaf,eax(-1) eax(-1) ,rflags ,TEST,2,XOR,2,CALL_NEAR,5,SUB,4,MOV,3,XOR,2,MOV,5,MOV,3,CALL_NEAR,5,MOV,5,0,1,1,0,0,RET,0,0,1,0,0,0,CALL,0,1,5213649,5213677,5213655,0,0,0,1,cpp,8.28832742302527e-09,0.9305993690851736,1,0,1
0x4bbc74,JBE,32562,32562,2590,6,0x4bbc70,CMP,1,NonLeaf,r8d(-1) ,rflags ,CMP,4,JZ,6,OR,3,SETNB,3,CMP,8,SHR,4,MOV,5,MOV,5,MOV,8,LEA,8,0,0,0,0,0,MOV,0,0,1,0,0,0,XOR,0,0,4963440,4966034,4963450,0,1,0,1,cpp,8.513707178187661e-07,1.0,1,0,1
0x4bbc6a,JZ,32562,0,2600,6,0x4bbc67,OR,1,NonLeaf,sil(OR) dl(SETNB) ,sil rflags ,OR,3,SETNB,3,CMP,8,SETNB,4,LEA,4,CMP,4,JBE,6,SHR,4,MOV,5,MOV,5,0,1,0,0,0,MOV,0,0,1,0,0,0,JBE,0,0,4963389,4966034,4963440,0,0,0,0,cpp,8.513707178187661e-07,0.0,0,1,0
0x4bbc37,JLE,3992448,3959886,340,6,0x4bbc11,TEST,1,NonLeaf,r8d(MOV) r8d(MOV) ,rflags ,MOV,8,LEA,5,MOV,5,LEA,5,MOV,4,LEA,3,MOVSXD,3,LEA,5,LEA,4,CMP,8,0,1,1,0,0,JLE,0,0,1,0,0,0,JE,0,0,4963309,4963723,4963389,0,0,1,0,cpp,0.000104387117487,0.9918441016639415,1,0,1
0x4bbbe6,JZ,3992448,0,7,2,0x4bbbe0,TEST,1,NonLeaf,eax(SAR) eax(SAR) ,rflags ,LEA,4,TEST,2,ADD,3,MOV,7,MOVSXD,3,MOVZX,5,MOV,5,MOV,3,LEA,3,MOV,8,0,1,1,0,0,JLE,0,0,1,0,0,0,MOVZX,0,0,4963264,4963309,4963304,0,0,1,0,cpp,0.000104387117487,0.0,0,0,0
0x4bbb71,JNLE,60930,55449,-45,2,0x4bbb6f,CMP,1,NonLeaf,edi(-1) edx(ADD) ,rflags ,CMP,2,ADD,4,MOV,4,ADD,4,JNZ,2,SUB,8,SUB,8,MOV,5,SAR,3,SAR,3,0,0,0,1,1,JNE,0,0,0,1,0,0,MOV,1,0,4963171,4963140,4963187,0,0,0,1,cpp,1.5930845106780115e-06,0.9100443131462334,1,1,1
0x4bbb61,JNZ,454615,393685,-57,2,0x4bbb5e,CMP,1,NonLeaf,cl(MOVZX) ,rflags ,CMP,3,MOVZX,5,MOVSXD,3,SAR,3,SHL,3,ADD,4,MOV,4,ADD,4,CMP,2,JNLE,2,1,1,0,0,0,JE,0,0,1,0,0,0,JG,0,0,4963140,4963112,4963171,0,0,0,1,cpp,1.188642893191998e-05,0.8659745059005972,1,0,1
0x4bbb42,JLE,393685,66133,49,2,0x4bbb40,CMP,1,NonLeaf,edi(-1) edx(ADD) ,rflags ,CMP,2,ADD,4,ADD,4,MOV,3,JNZ,2,MOVZX,5,MOVZX,3,MOV,4,SHL,3,SAR,3,0,0,1,0,0,MOV,1,0,0,0,1,1,JNE,0,0,4963132,4963187,4963140,0,0,1,0,cpp,1.0293344421241969e-05,0.1679845561807028,0,0,0
0x4bbb33,JNZ,289213,0,9,2,0x4bbb31,TEST,1,NonLeaf,cl(-1) cl(-1) ,rflags ,TEST,2,JZ,6,CMP,3,NOP,7,JMP,2,MOV,3,ADD,4,ADD,4,CMP,2,JLE,2,0,0,1,0,0,JLE,0,0,1,0,0,0,ADD,0,0,4963121,4963132,4963125,0,0,0,1,cpp,7.5618045394176895e-06,0.0,0,0,0
0x4bbb2b,JZ,393685,104472,1045,6,0x4bbb28,CMP,1,NonLeaf,cl(-1) ,rflags ,CMP,3,NOP,7,JMP,2,MOV,8,MOV,3,TEST,2,JNZ,2,MOV,3,ADD,4,ADD,4,0,1,0,0,0,JMP,0,0,1,0,0,0,JNE,0,0,4963112,4964160,4963121,0,0,1,0,cpp,1.0293344421241969e-05,0.2653695213178048,0,0,0
0x4bbaf2,JLE,3992448,3920834,3127,6,0x4bbaee,TEST,1,NonLeaf,edx(SAR) edx(SAR) ,rflags ,MOV,2,TEST,2,SAR,3,SUB,3,MOV,8,MOV,5,MOV,8,XOR,2,MOV,8,MOV,5,0,1,0,0,0,JMP,0,0,1,0,0,0,JMP,0,0,4963022,4966185,4963064,0,0,1,1,cpp,0.000104387117487,0.9820626342534704,1,0,1
0x4bbac8,JZ,5172327,5100713,-1544,6,0x4bbac0,CMP,1,NonLeaf,rdx(-1) rsp(-1) ,rflags ,CMP,8,NOP,8,JNLE,6,CMP,3,ADD,4,MOVZX,8,MOV,5,MOV,5,MOV,8,SUB,3,0,1,0,0,0,JNE,0,0,1,0,0,0,JLE,0,0,4963008,4961472,4963022,0,1,0,1,cpp,0.0001352364028862,0.9861543943374036,1,0,1
0x4bb9b4,JZ,5172327,5172327,1564,6,0x4bb9a9,TEST,1,NonLeaf,r8b(MOV) r8b(MOV) ,rflags ,MOV,8,TEST,3,ADD,3,MOV,5,LEA,5,MOV,7,XOR,2,MOV,8,TEST,2,JLE,6,0,1,0,0,0,JLE,0,0,1,0,0,0,JLE,0,0,4962711,4964304,4962746,0,0,0,0,cpp,0.0001352364028862,1.0,1,0,1
0x4bb93f,JZ,46,0,59,2,0x4bb93c,TEST,1,NonLeaf,rdi(MOV) rdi(MOV) ,rflags ,TEST,3,MOV,3,MOVSD_XMM,7,MOV,5,MOVSD_XMM,7,MOVSD_XMM,7,MOV,5,MOVSD_XMM,7,MOVSD_XMM,7,CALL_NEAR,5,0,1,1,0,0,MOV,0,0,1,0,0,0,CALL,0,1,4962583,4962682,4962625,0,0,1,1,cpp,1.2027225913538247e-09,0.0,0,0,0
0x4bb8b8,JNL,46,0,-8,2,0x4bb8b6,CMP,1,NonLeaf,edx(-1) ebp(ADD) ,rflags ,CMP,2,ADD,2,SAR,2,MOV,2,NOP,6,MOVSXD,3,MOV,10,MOV,7,LEA,4,CMP,3,1,1,1,1,1,JGE,0,0,1,1,0,0,CALL,0,1,4962480,4962480,4962490,1,0,0,1,cpp,1.2027225913538247e-09,0.0,0,1,0
0x4bb8a4,JL,5172327,5172281,3673,6,0x4bb8a2,CMP,1,NonLeaf,edx(ADD) ebp(MOV) ,rflags ,CMP,2,MOV,4,ADD,2,MOV,3,MOV,3,NOP,6,MOV,2,SAR,2,ADD,2,CMP,2,0,1,0,0,0,JMP,0,0,1,0,0,0,NOP,0,0,4962439,4966141,4962474,0,0,0,0,cpp,0.0001352364028862,0.999991106517434,1,0,1
0x4bb878,JZ,5172327,5172327,15,2,0x4bb876,TEST,1,NonLeaf,eax(MOV) eax(MOV) ,rflags ,TEST,2,XOR,3,MOV,4,MOV,4,MOVZX,5,MOVZX,5,SHR,4,AND,4,MOV,8,MOV,7,0,1,1,0,0,JL,0,0,1,0,0,0,AND,0,0,4962419,4962439,4962426,0,0,1,0,cpp,0.0001352364028862,1.0,1,0,1
0x4bb855,JZ,1848454,0,3148,6,0x4bb84c,TEST,1,NonLeaf,edx(SAR) edx(SAR) ,rflags ,MOV,7,TEST,2,SAR,3,SUB,8,JNLE,2,MOV,8,MOVSXD,3,MOVZX,5,MOV,4,MOV,4,0,0,0,0,0,JMP,0,0,1,0,0,0,MOV,0,0,4962369,4965537,4962395,0,1,0,1,cpp,4.832994314952919e-05,0.0,0,0,0
0x4bb83f,JNLE,65783361,63934907,-79,2,0x4bb839,CMP,1,NonLeaf,eax(-1) esi(ADD) ,rflags ,LEA,4,CMP,2,MOVZX,4,ADD,4,MOV,4,SUB,8,SAR,3,TEST,2,MOV,7,JZ,6,0,0,0,1,1,JE,0,0,1,1,0,0,JE,1,0,4962353,4962288,4962369,0,0,1,1,cpp,0.0017199811828235,0.9719008884328668,1,1,1
0x4bb821,JZ,65783361,63533120,16,2,0x4bb81e,AND,1,NonLeaf,edi(AND) ,edi rflags ,AND,3,AND,4,MOV,3,MOV,5,MOV,3,LEA,3,ADD,3,MOV,4,MOV,4,ADD,4,1,1,1,0,0,JG,0,0,1,0,0,0,MOV,0,0,4962288,4962353,4962339,0,0,0,1,cpp,0.0017199811828235,0.9657931585465814,1,0,1
0x4bb7d2,JZ,3860064,2011610,3279,6,0x4bb7d0,TEST,1,NonLeaf,eax(-1) eax(-1) ,rflags ,TEST,2,JNZ,2,CMP,3,ADD,4,MOV,5,MOV,8,MOV,8,XOR,2,NOP,6,MOVZX,5,0,1,0,0,0,JMP,0,0,1,0,0,0,NOP,0,0,4962256,4965537,4962264,0,0,0,0,cpp,0.0001009257864537,0.5211338464854469,1,0,1
0x4bb7ce,JNZ,13575789,9715725,-86,2,0x4bb7cb,CMP,1,NonLeaf,rdx(ADD) rdi(-1) ,rflags ,CMP,3,ADD,4,MOV,5,ADD,3,MOVSXD,3,TEST,2,JZ,6,MOV,8,MOV,8,XOR,2,0,0,0,1,1,JB,0,0,0,1,0,0,JE,1,0,4962247,4962168,4962256,0,0,0,0,cpp,0.0003549545244728,0.7156655867294343,1,1,1
0x4bb7ba,JB,13575789,12733913,13,2,0x4bb7b6,UCOMISD,1,NonLeaf,xmm2(-1) xmm0(ADDSD) ,rflags ,UCOMISD,4,ADDSD,4,MULSD,4,SUBSD,5,MOVAPD,5,MOVSXD,3,ADD,3,MOV,5,ADD,4,CMP,3,1,1,1,0,0,JNE,0,0,1,0,0,0,MOV,0,0,4962168,4962247,4962236,0,0,0,1,cpp,0.0003549545244728,0.9379869560435862,1,1,1
0x4bb742,JLE,3860064,0,142,6,0x4bb73e,CMP,1,NonLeaf,rsp(-1) ecx(LEA) ,rflags ,CMP,4,LEA,4,MOV,5,MOV,5,MOV,4,MOV,4,MOVSXD,3,MOV,8,LEA,4,MOVSD_XMM,9,0,0,1,0,0,JE,0,0,0,0,0,0,NOP,0,0,4962092,4962256,4962120,0,0,0,0,cpp,0.0001009257864537,0.0,0,1,0
0x4bb726,JNZ,436233492,432373428,-214,6,0x4bb723,CMP,1,NonLeaf,rdx(ADD) r14(-1) ,rflags ,CMP,3,ADD,2,ADD,2,ADD,4,SETNBE,4,MOV,4,MOV,5,MOV,5,LEA,4,CMP,4,1,1,0,0,0,MOV,0,0,1,1,0,0,JLE,1,0,4961878,4961872,4962092,0,0,0,0,cpp,0.0114058233898601,0.9911513809214814,1,1,1
0x4bb5c9,JLE,3860064,0,2839,6,0x4bb5c6,CMP,1,NonLeaf,ecx(-1) ,rflags ,CMP,3,JZ,6,MOV,4,TEST,2,MOV,8,MOVZX,4,MOVZX,3,MOV,5,MOV,5,MOVSD_XMM,10,0,1,0,0,0,JMP,0,0,1,0,0,0,JMP,0,0,4961734,4964576,4961743,0,1,0,1,cpp,0.0001009257864537,0.0,0,0,0
0x4bb59a,JZ,3860064,3860064,2550,6,0x4bb594,TEST,1,NonLeaf,edi(MOV) edi(MOV) ,rflags ,MOV,4,TEST,2,MOV,6,JZ,6,TEST,2,CMP,5,JNS,6,MOV,7,MOV,8,TEST,2,0,1,0,0,0,JNE,0,0,1,0,0,0,JNS,0,0,4961678,4964240,4961696,0,0,1,0,cpp,0.0001009257864537,1.0,1,0,1
0x5ec87b,JNZ,3667913,1738973,-51,2,0x5ec875,TEST,1,NonLeaf,r9(MOV) rdi(MOVSXD) ,rflags ,TEST,6,MOVSXD,3,MOV,4,ADD,4,MOVZX,3,CMP,3,MOV,6,MOV,5,MOV,2,MOV,7,0,0,0,1,1,JE,0,0,1,0,0,0,JE,1,0,6211694,6211656,6211709,0,0,0,1,cpp,9.590177887435613e-05,0.4741042113049028,0,1,0
0x4bb588,JZ,7183937,3323873,2552,6,0x4bb586,TEST,1,NonLeaf,al(-1) ,rflags ,TEST,2,JZ,6,MOV,5,TEST,3,SUB,3,MOV,6,TEST,2,MOV,4,JZ,6,CMP,5,0,1,0,0,0,JMP,0,0,1,0,0,0,JE,0,0,4961670,4964224,4961678,0,0,0,1,cpp,0.0001878322461904,0.4626812568094625,0,0,0
0x4bb580,JZ,7183937,0,2921,6,0x4bb578,TEST,1,NonLeaf,rdx(MOV) rdx(MOV) ,rflags ,MOV,5,TEST,3,SUB,3,MOV,3,MOVSXD,3,TEST,2,JZ,6,MOV,6,TEST,2,MOV,4,0,1,0,0,0,JE,0,0,1,1,0,0,JE,0,0,4961526,4964585,4961670,0,0,0,0,cpp,0.0001878322461904,0.0,0,0,0
0x4bb4c8,JNZ,5100713,3920834,1542,6,0x4bb4c0,CMP,1,NonLeaf,rax(-1) rsp(-1) ,rflags ,CMP,8,NOP,8,JMP,5,JLE,6,MOV,3,NOP,2,ADD,8,MOV,7,JMP,5,NOP,4,0,0,0,0,0,JLE,0,0,1,0,0,0,NOP,0,0,4961472,4963022,4961486,0,0,1,0,cpp,0.0001333639729806,0.7686835154222557,1,0,1
0x4bb4ad,JLE,121680,113373,-7032,6,0x4bb4a6,CMP,1,NonLeaf,ebp(CMOVNZ) r13(MOV) ,rflags ,MOV,3,CMP,4,CMOVNZ,3,MOV,5,MOV,4,JMP,5,NOP,8,CMP,8,JNZ,6,NOP,2,0,0,1,0,0,JG,0,0,1,0,0,0,JMP,0,0,4961426,4954421,4961459,1,0,1,0,cpp,3.1814627155637694e-06,0.9317307692307693,1,0,1
0x4bb476,JZ,121680,121680,4751,6,0x4bb3c4,TEST,1,NonLeaf,rdi(MOV) rdi(MOV) ,rflags ,MOVSD_XMM,8,ADDSD,8,MOVSD_XMM,6,MOVSD_XMM,8,ADDSD,4,ADD,7,POP,1,POP,1,POP,2,POP,2,0,1,0,0,0,RET,0,0,1,0,0,0,JMP,0,0,4961184,4966149,4961404,0,0,0,0,cpp,3.1814627155637694e-06,1.0,1,0,1
0x4bb382,JZ,121680,104832,30,2,0x4bb37a,CMP,1,NonLeaf,rsp(-1) ,rflags ,CMP,8,CVTSI2SD,9,JNLE,6,MOV,7,MOV,3,MOV,8,MOVZX,8,MOVSXD,4,MOV,3,MOV,5,0,1,1,0,0,JE,0,0,1,0,0,0,MOV,0,0,4961146,4961184,4961156,0,0,1,1,cpp,3.1814627155637694e-06,0.8615384615384616,1,0,1
0x4bb36b,JNLE,24830040,24725208,-5710,6,0x4bb35a,CMP,1,NonLeaf,rsp(-1) eax(MOVZX) ,rflags ,MOV,7,MOV,3,CMP,7,MOVZX,4,LEA,3,CVTSI2SD,9,CMP,8,JZ,2,MOV,8,MOVZX,8,0,0,0,1,1,JNE,0,0,0,1,0,0,CVTSI2SD,1,0,4961092,4955421,4961137,0,0,1,0,cpp,0.0006492097837438,0.9957780172726264,1,1,1
0x4bb33e,JNZ,28822488,3992448,402,6,0x4bb308,CMP,1,NonLeaf,rsp(-1) ,rflags ,MOVSD_XMM,5,ADDSD,5,MOVSD_XMM,5,MOVSD_XMM,5,ADDSD,5,MOV,8,MOVSXD,4,MOV,3,LEA,3,MOVZX,4,0,0,0,0,0,JMP,0,0,1,0,0,0,JG,0,0,4961007,4961488,4961092,0,0,1,1,cpp,0.0007535969012309,0.1385185067992742,0,0,0
0x4bb2bc,JNZ,440050,204880,-316,6,0x4bb1f7,CMP,0,NonLeaf,rax(-1) r8(-1) ,rflags ,MOVSD_XMM,5,MOVSD_XMM,5,SUBSD,4,MOVSD_XMM,5,SUBSD,4,MOVSD_XMM,7,MOVSD_XMM,7,MOVSD_XMM,10,MOVSD_XMM,7,MOVSD_XMM,7,0,0,0,1,1,MOVSD,0,0,1,1,0,0,MOVSD,1,0,4960942,4960640,4960962,1,0,1,1,cpp,1.1505610354896752e-05,0.4655834564254062,0,1,0
0x4bb118,JLE,235170,0,471,6,0x4bb116,TEST,1,NonLeaf,edx(SAR) edx(SAR) ,rflags ,TEST,2,ADD,7,SAR,3,SUB,3,JNZ,2,LEA,3,MOV,7,MOV,7,MOVSD_XMM,7,LEA,5,0,0,1,0,0,JNE,0,0,1,0,0,0,NOP,0,0,4960521,4961007,4960542,0,0,1,1,cpp,6.148788517579977e-06,0.0,0,0,0
0x4bb107,JNZ,440050,204880,-119,2,0x4bb104,CMP,1,NonLeaf,rax(ADD) r9(-1) ,rflags ,CMP,3,ADD,4,ADD,4,MOVSD_XMM,5,ADD,4,SUB,3,SAR,3,ADD,7,TEST,2,JLE,6,0,1,0,0,0,MOV,0,0,0,1,0,0,JLE,1,0,4960512,4960400,4960521,0,0,0,1,cpp,1.1505610354896752e-05,0.4655834564254062,0,1,0
0x4bb0ee,JB,440050,0,18,2,0x4bb0ea,UCOMISD,1,NonLeaf,xmm0(-1) xmm1(ADDSD) ,rflags ,UCOMISD,4,MOVSD_XMM,5,ADDSD,4,MOVSD_XMM,5,ADDSD,4,MOV,3,ADD,4,MOVSD_XMM,5,ADD,4,ADD,4,1,1,1,0,0,JNE,0,0,1,0,0,0,ADD,0,0,4960403,4960512,4960496,0,0,0,1,cpp,1.1505610354896752e-05,0.0,0,1,0
0x4bb05f,JLE,235170,0,170,6,0x4bb04e,CMP,1,NonLeaf,r8d(MOV) edi(-1) ,rflags ,MOVSD_XMM,5,MOVSD_XMM,5,MOVSD_XMM,4,CMP,3,ADD,3,SUB,4,MOVSXD,3,SUB,3,LEA,5,ADD,3,0,1,1,0,0,JLE,0,0,1,0,0,0,JMP,0,0,4960297,4960521,4960357,0,1,1,0,cpp,6.148788517579977e-06,0.0,0,0,0
0x4bac85,JLE,235170,235170,4843,6,0x4bac82,CMP,1,NonLeaf,eax(-1) ,rflags ,CMP,3,JLE,6,TEST,2,MOV,7,ADDSD,8,MOV,8,MOVSD_XMM,10,MOV,8,MOVSD_XMM,10,XOR,3,0,1,0,0,0,JMP,0,0,1,0,0,0,JMP,0,0,4959362,4964208,4959371,0,0,0,1,cpp,6.148788517579977e-06,1.0,1,0,1
0x4bac7c,JLE,28822488,28587318,1651,6,0x4bac7a,TEST,1,NonLeaf,eax(MOV) eax(MOV) ,rflags ,TEST,2,MOV,7,ADDSD,8,MOVSD_XMM,9,MOVSD_XMM,7,CMP,3,JLE,6,MOV,8,MOVSD_XMM,10,MOV,8,0,1,1,0,0,JNE,0,0,1,0,0,0,JLE,0,0,4959347,4961007,4959362,0,0,1,0,cpp,0.0007535969012309,0.9918407460174848,1,0,1
0x4bac3d,JNZ,754520,379860,-509,6,0x4baaec,CMP,0,NonLeaf,rcx(-1) r8(-1) ,rflags ,MOVSD_XMM,5,MOVSD_XMM,5,SUBSD,4,MOVSD_XMM,5,SUBSD,4,MOVSD_XMM,10,MOVSD_XMM,7,MOVSD_XMM,7,MOVSD_XMM,7,MOVSD_XMM,9,0,0,0,1,1,ADDSD,0,0,1,1,0,0,MOVSD,1,0,4959183,4958784,4959299,1,0,0,1,cpp,1.9727788035397563e-05,0.5034458993797382,1,1,1
0x4ba9e7,JLE,374660,0,635,6,0x4ba9e5,TEST,1,NonLeaf,edx(SAR) edx(SAR) ,rflags ,TEST,2,ADD,7,SAR,3,SUB,3,JNZ,2,LEA,3,MOV,7,MOVSD_XMM,7,MOV,8,MOVSD_XMM,7,0,1,1,0,0,ADDSD,0,0,1,0,0,0,NOP,0,0,4958680,4959330,4958701,0,0,0,1,cpp,9.795914045144e-06,0.0,0,0,0
0x4ba9d6,JNZ,754520,379860,-118,2,0x4ba9d3,CMP,1,NonLeaf,rax(ADD) r9(-1) ,rflags ,CMP,3,ADD,4,ADD,4,MOVSD_XMM,6,ADD,4,SUB,3,SAR,3,ADD,7,TEST,2,JLE,6,0,1,0,0,0,MOV,0,0,0,1,0,0,JLE,1,0,4958671,4958560,4958680,0,0,0,1,cpp,1.9727788035397563e-05,0.5034458993797382,1,1,1
0x4ba9bc,JB,754520,0,19,2,0x4ba9b8,UCOMISD,1,NonLeaf,xmm0(-1) xmm1(ADDSD) ,rflags ,UCOMISD,4,MOVSD_XMM,5,ADDSD,4,MULSD,4,MOVSD_XMM,5,MOV,3,ADD,4,MOVSD_XMM,6,ADD,4,ADD,4,1,1,1,0,0,JNE,0,0,1,0,0,0,ADD,0,0,4958562,4958671,4958654,0,0,0,1,cpp,1.9727788035397563e-05,0.0,0,1,0
0x4ba937,JLE,374660,0,161,6,0x4ba926,CMP,1,NonLeaf,r9d(MOV) esi(-1) ,rflags ,MOVSD_XMM,5,MOVSD_XMM,5,MOVSD_XMM,4,CMP,3,ADD,3,SUB,4,MOVSXD,3,SUB,3,LEA,5,ADD,3,0,1,1,0,0,JLE,0,0,1,0,0,0,JMP,0,0,4958465,4958680,4958525,0,1,1,0,cpp,9.795914045144e-06,0.0,0,0,0
0x4ba545,JLE,374660,374660,6667,6,0x4ba542,CMP,1,NonLeaf,eax(-1) ,rflags ,CMP,3,JLE,6,TEST,2,MOV,7,MOVSD_XMM,7,MOV,8,MOVSD_XMM,10,MOV,8,MOVSD_XMM,10,XOR,3,0,1,0,0,0,JMP,0,0,1,0,0,0,JMP,0,0,4957506,4964176,4957515,0,0,0,1,cpp,9.795914045144e-06,1.0,1,0,1
0x4ba53c,JLE,28822488,28447828,1847,6,0x4ba53a,TEST,1,NonLeaf,eax(MOV) eax(MOV) ,rflags ,TEST,2,MOV,7,MOVSD_XMM,7,MOVSD_XMM,7,MOVSD_XMM,7,CMP,3,JLE,6,MOV,8,MOVSD_XMM,10,MOV,8,0,1,1,0,0,JLE,0,0,1,0,0,0,JLE,0,0,4957491,4959347,4957506,0,0,0,0,cpp,0.0007535969012309,0.9870011221793206,1,0,1
0x4ba4f6,JNZ,1264975759,1241671592,-446,6,0x4ba3bf,CMP,0,NonLeaf,rcx(-1) r8(-1) ,rflags ,MOVSD_XMM,5,SUBSD,4,MOVSD_XMM,5,MOVSD_XMM,5,MOVSD_XMM,6,MOVSD_XMM,9,MOVSD_XMM,7,ADDSD,8,MOVSD_XMM,10,MOVSD_XMM,7,0,0,0,1,1,MULSD,0,0,1,1,0,0,MOVSD,1,0,4957384,4956984,4957436,1,0,0,1,cpp,0.0330742374535706,0.9815773805670216,1,1,1
0x4ba2e0,JLE,28822488,5518321,9536,6,0x4ba2de,TEST,1,NonLeaf,esi(SAR) esi(SAR) ,rflags ,TEST,2,SAR,3,SUB,3,JNZ,2,CMP,3,XORPD,5,LEA,3,MOV,7,MOV,8,MOVSD_XMM,7,0,1,0,0,0,JMP,0,0,1,0,0,0,NOP,0,0,4956888,4966432,4956902,0,0,1,1,cpp,0.0007535969012309,0.1914588705874385,0,0,0
0x4ba2d6,JNZ,185993056,157170568,-118,2,0x4ba2d3,CMP,1,NonLeaf,rax(ADD) r9(-1) ,rflags ,CMP,3,ADD,4,ADD,4,MOVSD_XMM,6,ADD,4,SUB,3,SAR,3,TEST,2,JLE,6,XORPD,5,0,1,0,0,0,MOV,0,0,0,1,0,0,JLE,1,0,4956879,4956768,4956888,0,0,0,0,cpp,0.0048630010931768,0.8450346017219051,1,1,1
0x4ba2bc,JB,185993056,112345122,19,2,0x4ba2b8,UCOMISD,1,NonLeaf,xmm0(-1) xmm1(ADDSD) ,rflags ,UCOMISD,4,MOVSD_XMM,5,ADDSD,4,MULSD,4,MOVSD_XMM,5,MOV,3,ADD,4,MOVSD_XMM,6,ADD,4,ADD,4,1,1,1,0,0,JNE,0,0,1,0,0,0,ADD,0,0,4956770,4956879,4956862,0,0,0,1,cpp,0.0048630010931768,0.6040285826584838,1,1,1
0x4ba238,JLE,28822488,0,160,6,0x4ba227,CMP,1,NonLeaf,r9d(MOV) edx(-1) ,rflags ,MOVSD_XMM,5,MOVSD_XMM,5,MOVSD_XMM,4,CMP,3,ADD,3,SUB,4,MOVSXD,3,SUB,3,LEA,5,ADD,3,0,1,1,0,0,JLE,0,0,1,0,0,0,JMP,0,0,4956674,4956888,4956734,0,1,0,0,cpp,0.0007535969012309,0.0,0,0,0
0x4ba1c5,JNZ,444261830,425136946,-557,6,0x4ba1c0,CMP,1,NonLeaf,r9(ADD) rsp(-1) ,rflags ,CMP,5,ADD,3,ADD,4,ADD,4,SETNBE,3,MOV,7,MOV,8,MOVSXD,3,MOV,8,MOV,8,0,1,0,0,0,MOV,0,0,1,1,0,0,ADD,1,0,4956469,4956056,4956619,0,0,0,0,cpp,0.0116157334655911,0.956951323051994,1,1,1
0x4b9e76,JLE,28822488,9697604,8426,6,0x4b9e73,CMP,1,NonLeaf,eax(-1) ,rflags ,CMP,3,JLE,6,MOVSD_XMM,6,TEST,2,MULSD,9,MOV,8,MOV,8,XOR,3,MOV,8,MOVZX,3,0,1,0,0,0,JMP,0,0,1,0,0,0,JMP,0,0,4955763,4964192,4955772,0,0,0,1,cpp,0.0007535969012309,0.3364596422071543,0,0,0
0x4b9e6d,JLE,28822488,0,8787,6,0x4b9e65,TEST,1,NonLeaf,eax(MOV) eax(MOV) ,rflags ,MOVSD_XMM,6,TEST,2,MULSD,9,ADD,4,SHL,4,CMP,3,JLE,6,MOV,8,MOV,8,XOR,3,0,1,0,0,0,JMP,0,0,1,0,0,0,JLE,0,0,4955654,4964544,4955763,0,0,1,0,cpp,0.0007535969012309,0.0,0,0,0
0x4b9d46,JNZ,32013977,7183937,-118,2,0x4b9d39,CMP,1,NonLeaf,rsp(-1) ,rflags ,MOV,5,CMP,8,ADD,8,SHL,4,MOV,8,MOV,8,MOVSD_XMM,10,MOVSD_XMM,10,MOVSD_XMM,10,ADDSD,5,1,1,0,0,0,JE,0,0,1,0,0,0,MOV,0,0,4955421,4955344,4955464,0,0,0,1,cpp,0.0008370420299343,0.2244000175298433,0,0,0
0x4b9ce5,JZ,3860064,3860064,6147,6,0x4b9ce3,TEST,1,NonLeaf,edi(MOV) edi(MOV) ,rflags ,TEST,2,MOV,7,JZ,6,TEST,2,MOVZX,4,SHR,3,SUB,8,AND,3,ADD,7,MOV,7,0,1,0,0,0,MOV,0,0,1,0,0,0,NOP,0,0,4955356,4961512,4955371,0,0,1,1,cpp,0.0001009257864537,1.0,1,0,1
0x4b9cd6,JZ,7183937,3323873,6176,6,0x4b9cd4,TEST,1,NonLeaf,al(MOVZX) ,rflags ,TEST,2,MOVZX,4,NOP,10,JMP,2,MOV,8,MOV,7,TEST,2,JZ,6,SHR,3,SUB,8,0,1,0,0,0,JE,0,0,1,0,0,0,JE,0,0,4955344,4961526,4955356,0,0,1,0,cpp,0.0001878322461904,0.4626812568094625,0,0,0
0x4b9c11,JLE,121680,0,11127,6,0x4b9c0a,CMP,1,NonLeaf,rsp(-1) eax(-1) ,rflags ,CMP,7,MOV,3,MOV,7,MOV,8,MOV,7,LEA,4,MOV,3,MOV,11,MOV,12,MOV,12,0,1,0,0,0,JMP,1,0,1,0,0,0,JMP,0,0,4955146,4966280,4955159,0,0,1,1,cpp,3.1814627155637694e-06,0.0,0,0,0
0x4b9b91,JZ,104832,104832,27,2,0x4b9b87,CMP,1,NonLeaf,rsp(-1) ecx(MOVZX) ,rflags ,MOV,3,CMP,7,MOVZX,4,LEA,3,MOV,4,MOV,5,MOV,4,CALL_NEAR,5,MOV,4,MOV,3,0,1,1,0,0,MOV,0,0,1,0,0,0,CALL,0,1,4954992,4955052,4955027,0,1,1,1,cpp,2.7409524934087858e-06,1.0,1,0,1
0x4b9a9c,JZ,16848,16848,102,2,0x4b9a95,TEST,1,NonLeaf,r9d(MOV) r9d(MOV) ,rflags ,MOV,4,TEST,3,MOVZX,5,MOV,11,MOV,7,MOV,8,MOV,8,MOV,3,XOR,2,MOV,2,0,0,1,0,0,JMP,0,0,1,0,0,0,NOP,0,0,4954742,4954882,4954782,0,0,1,0,cpp,4.405102221549835e-07,1.0,1,0,1
0x4b9a70,JZ,16848,0,11512,6,0x4b9a67,TEST,1,NonLeaf,eax(MOVSXD) eax(MOVSXD) ,rflags ,MOV,7,TEST,2,MOVSXD,3,JNZ,2,CMP,3,MOV,8,MOV,7,MOV,11,MOVZX,5,TEST,3,0,0,0,0,0,JMP,0,0,1,0,0,0,JE,0,0,4954724,4966248,4954742,0,0,1,1,cpp,4.405102221549835e-07,0.0,0,0,0
0x4b9a62,JNZ,10790208,10773360,-26,2,0x4b9a5f,CMP,1,NonLeaf,eax(ADD) r8d(-1) ,rflags ,CMP,3,ADD,4,ADD,3,MOV,4,ADD,3,MOVSXD,3,TEST,2,MOV,7,JZ,6,MOV,8,0,0,0,1,1,JE,0,0,1,1,0,0,JE,1,0,4954712,4954696,4954724,0,0,0,1,cpp,0.0002821223245001,0.9984385843164468,1,1,1
0x4b9a4c,JZ,10790208,6930144,12,2,0x4b9a48,TEST,1,NonLeaf,rdx(-1) ,rflags ,TEST,4,NOP,3,XOR,2,XOR,2,MOV,3,MOVSXD,3,ADD,3,MOV,4,ADD,3,ADD,4,1,1,1,0,0,JNE,0,0,1,0,0,0,MOV,0,0,4954696,4954712,4954702,1,0,0,1,cpp,0.0002821223245001,0.6422623178348369,1,1,1
0x4b9a30,JLE,16848,0,11576,6,0x4b9a2d,TEST,1,NonLeaf,r8d(-1) r8d(-1) ,rflags ,TEST,3,JZ,6,MOV,7,OR,3,MOV,8,MOV,8,MOV,3,XOR,2,XOR,2,NOP,3,0,1,0,0,0,JMP,0,0,1,0,0,0,NOP,0,0,4954669,4966248,4954678,0,0,1,0,cpp,4.405102221549835e-07,0.0,0,0,0
0x4b9a27,JZ,121680,104832,329,6,0x4b9a1d,OR,1,NonLeaf,al(OR) dil(SETNZ) ,al rflags ,MOV,7,OR,3,MOV,8,SETZ,3,TEST,2,TEST,3,JLE,6,MOV,8,MOV,3,XOR,2,0,1,0,0,0,JE,0,0,1,0,0,0,JLE,0,0,4954619,4954992,4954669,0,0,1,0,cpp,3.1814627155637694e-06,0.8615384615384616,1,1,1
0x4b99f5,JNLE,121680,8307,11365,6,0x4b99e6,CMP,1,NonLeaf,ebp(-1) r13(MOV) ,rflags ,MOV,8,MOV,3,CMP,4,MOV,3,MOV,7,MOV,3,TEST,2,MOV,4,MOV,8,SETNZ,4,0,1,0,0,0,CALL,0,1,1,1,0,0,JE,0,0,4954584,4965978,4954619,0,0,1,1,cpp,3.1814627155637694e-06,0.0682692307692307,0,0,0
0x4b99d2,JNLE,121680,8307,11132,6,0x4b99c3,CMP,1,NonLeaf,ebp(-1) r13(MOV) ,rflags ,MOV,8,MOV,3,CMP,4,MOV,3,MOV,7,MOV,4,MOV,7,MOV,3,CMP,4,MOV,3,0,1,0,0,0,CALL,0,1,1,1,0,0,JG,0,0,4954549,4965710,4954584,0,1,1,1,cpp,3.1814627155637694e-06,0.0682692307692307,0,0,0
0x4b99af,JNLE,121680,8307,11114,6,0x4b99a0,CMP,1,NonLeaf,ebp(-1) r13(MOV) ,rflags ,MOV,8,MOV,3,CMP,4,MOV,3,MOV,4,MOV,4,MOV,7,MOV,3,CMP,4,MOV,3,0,1,0,0,0,CALL,0,1,1,1,0,0,JG,0,0,4954517,4965657,4954549,0,1,1,1,cpp,3.1814627155637694e-06,0.0682692307692307,0,0,0
0x4b998f,JNLE,121680,8307,11093,6,0x4b9980,CMP,1,NonLeaf,ebp(-1) r13(MOV) ,rflags ,MOV,8,MOV,3,CMP,4,MOV,3,MOV,4,MOV,4,MOV,4,MOV,3,CMP,4,MOV,3,0,1,0,0,0,CALL,0,1,1,1,0,0,JG,0,0,4954485,4965604,4954517,0,1,1,1,cpp,3.1814627155637694e-06,0.0682692307692307,0,0,0
0x4b996f,JNLE,121680,8307,11072,6,0x4b9960,CMP,1,NonLeaf,ebp(-1) r13(MOV) ,rflags ,MOV,8,MOV,3,CMP,4,MOV,3,MOV,4,MOV,4,MOV,4,MOV,3,CMP,4,MOV,3,0,1,0,0,0,CALL,0,1,1,1,0,0,JG,0,0,4954453,4965551,4954485,0,1,1,1,cpp,3.1814627155637694e-06,0.0682692307692307,0,0,0
0x4b994f,JNLE,121680,8307,11372,6,0x4b9940,CMP,1,NonLeaf,ebp(-1) r13(MOV) ,rflags ,MOV,8,MOV,3,CMP,4,MOV,3,MOV,4,MOV,4,MOV,4,MOV,3,CMP,4,MOV,3,0,1,0,0,0,CALL,0,1,1,1,0,0,JG,0,0,4954421,4965819,4954453,0,1,1,1,cpp,3.1814627155637694e-06,0.0682692307692307,0,0,0
0x4b991e,JNZ,121680,121680,7028,6,0x4b991c,TEST,1,NonLeaf,eax(-1) eax(-1) ,rflags ,TEST,2,SETZ,8,MOV,3,MOV,4,TEST,2,MOV,4,CMP,4,MOV,3,JNLE,6,MOV,4,0,1,0,0,0,JLE,0,0,1,0,0,0,JG,0,0,4954379,4961426,4954404,0,0,0,0,cpp,3.1814627155637694e-06,1.0,1,0,1
0x4b9905,JNLE,121680,59995,11499,6,0x4b98fe,CMP,1,NonLeaf,ebp(-1) r13(MOV) ,rflags ,MOV,3,CMP,4,MOV,3,MOV,4,MOV,4,TEST,2,MOV,4,MOV,3,SETZ,8,TEST,2,0,1,0,0,0,CALL,0,1,1,1,0,0,JNE,0,0,4954355,4965872,4954379,0,0,1,1,cpp,3.1814627155637694e-06,0.4930555555555556,0,0,0
0x4b98ed,JNLE,121680,59995,11576,6,0x4b98a2,CMP,1,NonLeaf,ebp(LEA) r13(MOV) ,rflags ,MOV,8,MOV,4,MOV,8,MOV,4,MOV,8,MOV,4,MOV,4,MOV,3,CMP,4,MOV,3,0,1,0,0,0,CALL,0,1,1,1,0,0,JG,0,0,4953968,4965925,4954355,0,1,1,1,cpp,3.1814627155637694e-06,0.4930555555555556,0,0,0
0x4b976a,JZ,121680,121680,6,2,0x4b9767,TEST,1,NonLeaf,r10d(MOV) r10d(MOV) ,rflags ,TEST,3,MOV,7,INVALID,0,INVALID,0,INVALID,0,RET_NEAR,2,NOP,2,PUSH,2,PUSH,2,PUSH,2,0,1,0,0,0,JG,0,0,1,0,0,0,REPZ RET,1,0,4953952,4953968,4953964,0,0,1,0,cpp,3.1814627155637694e-06,1.0,1,0,1
0x4b95d7,JNLE,67700,31520,-15,2,0x4b95d5,CMP,1,NonLeaf,esi(-1) edx(ADD) ,rflags ,CMP,2,ADD,4,MOV,4,MOVZX,5,NOP,5,MOV,5,JMP,5,MOV,3,JMP,5,ADD,7,1,1,1,1,1,JG,0,0,1,1,0,0,JMP,0,0,4953544,4953544,4953561,1,0,1,1,cpp,1.7700939007533463e-06,0.4655834564254062,0,1,0
0x4b959e,JNLE,116080,58440,-14,2,0x4b959c,CMP,1,NonLeaf,ecx(-1) eax(ADD) ,rflags ,CMP,2,ADD,4,MOV,4,MOVZX,4,NOP,3,JMP,5,MOV,7,MOV,8,XOR,2,MOV,8,1,1,1,1,1,JG,0,0,1,1,0,0,JMP,0,0,4953488,4953488,4953504,1,0,1,0,cpp,3.0350443131380866e-06,0.5034458993797382,1,1,1
0x4b93c4,JNLE,4947700,4947700,-1274,6,0x4b93bd,CMP,1,NonLeaf,rsp(-1) edi(LEA) ,rflags ,CMP,7,LEA,4,MOV,8,MOV,8,MOV,8,JMP,5,MOVZX,5,JMP,5,MOV,2,MOV,3,0,0,0,0,0,JMP,0,0,1,0,0,0,JMP,0,0,4952970,4951754,4953034,0,0,1,0,cpp,0.0001293632731574,1.0,1,0,1
0x4b9361,JLE,148458304,77850991,-289,6,0x4b935d,CMP,1,NonLeaf,edi(-1) rsp(-1) ,rflags ,CMP,4,JB,6,MOVSD_XMM,6,ADDSD,4,UCOMISD,5,MOV,4,ADD,4,JMP,5,NOP,4,MOVZX,5,0,1,0,0,0,JL,0,0,1,0,0,0,JMP,0,0,4952925,4952640,4952935,0,0,0,1,cpp,0.0038816120890189,0.5243963382472697,1,0,1
0x4b9357,JB,272116968,123658664,-261,6,0x4b9348,UCOMISD,1,NonLeaf,xmm9(-1) xmm1(ADDSD) ,rflags ,MOVSD_XMM,6,ADDSD,4,UCOMISD,5,MULSD,4,ADDSD,4,CMP,4,JLE,6,MOV,4,ADD,4,JMP,5,1,1,1,0,0,JB,0,0,1,0,0,0,JLE,0,0,4952741,4952658,4952925,0,0,0,0,cpp,0.0071148092370501,0.4544320220413451,0,0,0
0x4f632e,JZ,1,0,68,2,0x4f632b,TEST,1,NonLeaf,rax(MOV) rax(MOV) ,rflags ,TEST,3,MOV,4,PUSH,1,PUSH,1,MOV,3,MOV,4,LEA,8,SHL,4,SUB,3,ADD,3,0,1,1,0,0,JE,0,0,1,0,0,0,JE,0,0,5202720,5202802,5202736,0,0,0,0,cpp,2.6146143290300536e-11,0.0,0,0,0
0x4b9297,JZ,272116968,4947700,243,6,0x4b9292,CMP,1,NonLeaf,rcx(ADD) rsp(-1) ,rflags ,CMP,5,SAR,3,SHL,3,ADD,4,MOV,4,MOV,5,MOV,3,MOVAPD,5,MOVAPD,5,MOVAPD,5,0,1,1,0,0,JG,1,0,1,0,0,0,MOV,0,0,4952708,4952970,4952733,0,0,0,1,cpp,0.0071148092370501,0.0181822546251507,0,0,0
0x4b9271,JL,77453999,77203316,263,6,0x4b926d,CMP,1,NonLeaf,esi(-1) rsp(-1) ,rflags ,CMP,4,JNLE,6,CMP,4,JB,2,UCOMISD,5,MOVZX,5,ADD,4,MOV,4,MOV,4,ADD,4,0,0,0,0,0,JMP,0,0,1,0,0,0,MOV,0,0,4952685,4952952,4952695,0,0,1,1,cpp,0.0020251233562607,0.9967634595600416,1,0,1
0x4b9267,JNLE,148472266,71018267,273,6,0x4b9263,CMP,1,NonLeaf,esi(-1) rsp(-1) ,rflags ,CMP,4,JB,2,UCOMISD,5,SAR,3,SHL,3,CMP,4,JL,6,MOVZX,5,ADD,4,MOV,4,0,1,0,0,0,JMP,0,0,1,0,0,0,JL,0,0,4952675,4952952,4952685,0,0,1,0,cpp,0.0038819771414716,0.4783268209835229,0,0,0
0x4b9261,JB,272116968,123644702,35,2,0x4b925c,UCOMISD,1,NonLeaf,xmm9(-1) xmm0(-1) ,rflags ,UCOMISD,5,SAR,3,SHL,3,MOV,4,ADD,4,CMP,4,JNLE,6,CMP,4,JL,6,MOVZX,5,0,1,1,0,0,JE,0,0,1,0,0,0,JG,0,0,4952658,4952708,4952675,0,0,0,0,cpp,0.0071148092370501,0.454380713223293,0,0,0
0x4b9244,JL,77850991,77597842,291,6,0x4b9240,CMP,1,NonLeaf,edi(-1) rsp(-1) ,rflags ,CMP,4,NOP,9,JMP,2,MOV,8,MOV,5,MOV,4,ADD,4,MOV,4,SHL,3,SAR,3,0,0,0,0,0,JMP,0,0,1,0,0,0,ADD,0,0,4952640,4952935,4952650,0,0,1,1,cpp,0.0020355031659778,0.9967482880211506,1,0,1
0x4b8f8f,JNLE,5386911,3860608,-101,2,0x4b8f8c,CMP,1,NonLeaf,r11d(-1) edi(ADD) ,rflags ,CMP,3,ADD,4,ADD,4,MOV,4,ADD,3,MOV,5,JMP,5,MOVSD_XMM,9,ADDSD,8,NOP,4,0,0,0,1,1,JB,0,0,0,1,0,0,JMP,1,0,4951933,4951850,4951953,0,0,0,0,cpp,0.000140846946898,0.7166645225807518,1,1,1
0x4b8f77,JB,20448417,15060177,-89,2,0x4b8f73,UCOMISD,1,NonLeaf,xmm2(-1) xmm0(ADDSD) ,rflags ,UCOMISD,4,ADDSD,4,MULSD,4,SUBSD,5,MOVAPD,5,CMP,2,JLE,2,ADD,3,MOV,4,ADD,4,1,1,0,0,0,JLE,0,0,1,0,0,0,JLE,0,0,4951850,4951838,4951929,0,0,0,0,cpp,0.0005346472409418,0.7364959840167579,1,0,1
0x4b8f28,JLE,15061506,4216877,105,2,0x4b8f25,CMP,1,NonLeaf,r11d(-1) edi(ADD) ,rflags ,CMP,3,ADD,4,ADD,3,ADD,4,MOV,4,MOVZX,4,MOVAPD,4,MOVAPD,5,MOVZX,4,MOV,4,0,0,1,0,0,JMP,1,0,0,0,1,1,JB,0,0,4951838,4951953,4951850,0,0,0,0,cpp,0.0003938002940437,0.279977115170289,0,0,0
0x4b8f14,JL,1137451,1136122,105,2,0x4b8f10,CMP,1,NonLeaf,esi(-1) rsp(-1) ,rflags ,CMP,4,NOP,10,JMP,2,MOVSD_XMM,9,LEA,4,MOV,4,ADD,4,ADD,3,ADD,4,CMP,3,0,0,0,0,0,JG,0,0,1,0,0,0,ADD,0,0,4951824,4951933,4951830,0,0,1,1,cpp,2.973995683169564e-05,0.9988315980204862,1,0,1
0x4b8eb2,JNLE,5743180,4947700,661,6,0x4b8eaf,CMP,1,NonLeaf,eax(-1) ,rflags ,CMP,3,JLE,6,TEST,2,MOV,7,NOP,4,MOV,8,MOV,8,XOR,2,MOV,8,MOVSXD,3,0,1,0,0,0,JMP,0,0,1,0,0,0,XOR,0,0,4951727,4952391,4951736,0,0,1,0,cpp,0.0001501620072219,0.8614913688931916,1,0,1
0x4b8ea9,JLE,5743180,0,-2809,6,0x4b8ea7,TEST,1,NonLeaf,eax(MOV) eax(MOV) ,rflags ,TEST,2,MOV,7,NOP,4,JMP,5,MOV,7,CMP,3,JNLE,6,MOV,8,MOV,8,XOR,2,0,0,0,0,0,JMP,0,0,1,0,0,0,JG,0,0,4951712,4948912,4951727,0,0,1,0,cpp,0.0001501620072219,0.0,0,0,0
0x4b8e75,JNZ,4288960,4288960,-2508,6,0x4b8e6f,TEST,1,NonLeaf,esi(MOV) esi(MOV) ,rflags ,MOV,4,TEST,2,MOV,8,MOV,7,NOP,5,AND,3,ADD,7,MOV,11,MOV,7,JMP,5,0,0,0,0,0,JLE,0,0,0,0,0,0,JMP,0,0,4951648,4949161,4951675,0,0,0,1,cpp,0.0001121397627263,1.0,1,0,1
0x4b8cd5,JBE,57640,57640,2207,6,0x4b8cd2,CMP,1,NonLeaf,edi(-1) ,rflags ,CMP,3,JZ,6,OR,2,SETBE,3,CMP,3,SHR,3,MOV,8,XOR,2,LEA,7,XOR,2,0,0,0,0,0,NOP,0,0,1,0,0,0,XOR,0,0,4951250,4953460,4951259,0,1,0,0,cpp,1.507063699252923e-06,1.0,1,0,1
0x4b8ccc,JZ,57640,0,2216,6,0x4b8cca,OR,1,NonLeaf,al(OR) cl(SETBE) ,al rflags ,OR,2,SETBE,3,CMP,3,ADD,4,SETNB,3,CMP,3,JBE,6,SHR,3,MOV,8,XOR,2,0,1,0,0,0,NOP,0,0,1,0,0,0,JBE,0,0,4951197,4953460,4951250,0,0,0,0,cpp,1.507063699252923e-06,0.0,0,1,0
0x4b8c97,JLE,4433894,4376254,2469,6,0x4b8c95,TEST,1,NonLeaf,edi(MOV) edi(MOV) ,rflags ,TEST,2,MOV,7,MOV,8,MOV,4,LEA,5,ADD,4,MOV,8,ADD,2,CDQE,2,LEA,5,0,1,0,0,0,JMP,0,0,1,0,0,0,JE,0,0,4951128,4953660,4951197,0,0,0,0,cpp,0.000115929227858,0.9870001402830108,1,0,1
0x4b8b41,JBE,36180,36180,2660,6,0x4b8b3d,CMP,1,NonLeaf,r8d(-1) ,rflags ,CMP,4,JZ,6,OR,3,SETNB,4,CMP,3,SHR,4,MOV,5,MOV,5,MOV,8,LEA,8,0,0,0,0,0,NOP,0,0,1,0,0,0,XOR,0,0,4950845,4953509,4950855,0,1,0,1,cpp,9.459674642430734e-07,1.0,1,0,1
0x4b8b37,JZ,36180,0,2670,6,0x4b8b34,OR,1,NonLeaf,dl(OR) sil(SETNB) ,dl rflags ,OR,3,SETNB,4,CMP,3,ADD,4,SETNB,3,CMP,4,JBE,6,SHR,4,MOV,5,MOV,5,0,1,0,0,0,NOP,0,0,1,0,0,0,JBE,0,0,4950792,4953509,4950845,0,0,0,0,cpp,9.459674642430734e-07,0.0,0,1,0
0x4b8b02,JLE,4433894,4397714,2892,6,0x4b8ae6,TEST,1,NonLeaf,r8d(MOV) r8d(MOV) ,rflags ,MOV,8,LEA,5,MOV,4,LEA,5,MOVSXD,3,LEA,3,MOV,8,MOVSXD,3,LEA,5,LEA,4,0,1,0,0,0,JMP,0,0,1,0,0,0,JE,0,0,4950717,4953678,4950792,0,0,0,0,cpp,0.000115929227858,0.9918401296918692,1,0,1
0x4b8ab6,JZ,4433894,0,7,2,0x4b8ab0,TEST,1,NonLeaf,eax(SAR) eax(SAR) ,rflags ,LEA,4,TEST,2,ADD,3,MOV,7,MOVSXD,3,MOVZX,5,MOV,3,MOV,4,LEA,3,MOV,5,0,1,1,0,0,JLE,0,0,1,0,0,0,MOVZX,0,0,4950672,4950717,4950712,0,0,1,0,cpp,0.000115929227858,0.0,0,0,0
0x4b8a41,JNLE,67700,61610,-45,2,0x4b8a3f,CMP,1,NonLeaf,edi(-1) edx(ADD) ,rflags ,CMP,2,ADD,4,MOV,4,ADD,4,JNZ,2,SUB,8,SUB,8,MOV,5,SAR,3,SAR,3,0,0,0,1,1,JNE,0,0,0,1,0,0,MOV,1,0,4950579,4950548,4950595,0,0,0,1,cpp,1.7700939007533463e-06,0.9100443131462334,1,1,1
0x4b8a31,JNZ,505161,437461,-57,2,0x4b8a2e,CMP,1,NonLeaf,cl(MOVZX) ,rflags ,CMP,3,MOVZX,5,MOVSXD,3,SAR,3,SHL,3,ADD,4,MOV,4,ADD,4,CMP,2,JNLE,2,1,1,0,0,0,JE,0,0,1,0,0,0,JG,0,0,4950548,4950520,4950579,0,0,0,1,cpp,1.320801189067151e-05,0.8659833201692134,1,0,1
0x4b8a12,JLE,437461,73478,49,2,0x4b8a10,CMP,1,NonLeaf,edi(-1) edx(ADD) ,rflags ,CMP,2,ADD,4,ADD,4,MOV,3,JNZ,2,MOVZX,5,MOVZX,3,MOV,4,SHL,3,SAR,3,0,0,1,0,0,MOV,1,0,0,0,1,1,JNE,0,0,4950540,4950595,4950548,0,0,1,0,cpp,1.1437917989918164e-05,0.1679646871378248,0,0,0
0x4b8a03,JNZ,321381,0,9,2,0x4b8a01,TEST,1,NonLeaf,cl(-1) cl(-1) ,rflags ,TEST,2,JZ,6,CMP,3,NOP,7,JMP,2,MOV,3,ADD,4,ADD,4,CMP,2,JLE,2,0,0,1,0,0,JLE,0,0,1,0,0,0,ADD,0,0,4950529,4950540,4950533,0,0,0,1,cpp,8.402873676780077e-06,0.0,0,0,0
0x4b89fb,JZ,437461,116080,1045,6,0x4b89f8,CMP,1,NonLeaf,cl(-1) ,rflags ,CMP,3,NOP,7,JMP,2,MOV,8,MOV,3,TEST,2,JNZ,2,MOV,3,ADD,4,ADD,4,0,1,0,0,0,JMP,0,0,1,0,0,0,JNE,0,0,4950520,4951568,4950529,0,0,1,0,cpp,1.1437917989918164e-05,0.2653493682865444,0,0,0
0x4b89c2,JLE,4433894,4354326,3131,6,0x4b89be,TEST,1,NonLeaf,edx(SAR) edx(SAR) ,rflags ,MOV,2,TEST,2,SAR,3,SUB,3,MOV,8,MOV,5,MOV,8,XOR,2,MOV,8,MOV,5,0,1,0,0,0,JMP,0,0,1,0,0,0,JMP,0,0,4950430,4953597,4950472,0,0,1,1,cpp,0.000115929227858,0.9820546003129528,1,0,1
0x4b8998,JZ,5743180,5663612,-1528,6,0x4b8990,CMP,1,NonLeaf,rdx(-1) rsp(-1) ,rflags ,CMP,8,NOP,1,JNLE,6,CMP,3,ADD,4,MOVZX,8,MOV,5,MOV,5,MOV,8,SUB,3,0,1,0,0,0,JNE,0,0,1,0,0,0,JLE,0,0,4950416,4948896,4950430,0,1,0,1,cpp,0.0001501620072219,0.9861456544980308,1,0,1
0x4b8889,JZ,5743180,5743180,1559,6,0x4b887e,TEST,1,NonLeaf,r8b(MOV) r8b(MOV) ,rflags ,MOV,8,TEST,3,ADD,3,MOV,5,LEA,5,MOV,7,XOR,2,MOV,8,TEST,2,JLE,6,0,1,0,0,0,JLE,0,0,1,0,0,0,JLE,0,0,4950124,4951712,4950159,0,0,0,0,cpp,0.0001501620072219,1.0,1,0,1
0x4b8829,JZ,68,0,38,2,0x4b8826,TEST,1,NonLeaf,rdi(MOV) rdi(MOV) ,rflags ,TEST,3,MOV,3,MOV,5,MOVSD_XMM,7,MOVSD_XMM,7,MOVSD_XMM,7,MOV,5,CALL_NEAR,5,MOV,5,MOVSD_XMM,7,0,1,1,0,0,MOV,0,0,1,0,0,0,CALL,0,1,4950024,4950095,4950059,0,0,1,1,cpp,1.7779377437404363e-09,0.0,0,0,0
0x4b87b0,JNL,68,0,-8,2,0x4b87ae,CMP,1,NonLeaf,edx(-1) ebp(ADD) ,rflags ,CMP,2,ADD,2,SAR,2,MOV,2,NOP,4,MOVSXD,3,MOV,10,MOV,7,LEA,4,CMP,3,1,1,1,1,1,JGE,0,0,1,1,0,0,CALL,0,1,4949928,4949928,4949938,1,0,0,1,cpp,1.7779377437404363e-09,0.0,0,1,0
0x4b879e,JL,5743180,5743112,3653,6,0x4b879c,CMP,1,NonLeaf,edx(LEA) ebp(MOV) ,rflags ,CMP,2,MOV,4,LEA,4,MOV,3,MOV,3,NOP,4,MOV,2,SAR,2,ADD,2,CMP,2,0,1,0,0,0,JMP,0,0,1,0,0,0,NOP,0,0,4949887,4953571,4949924,0,0,0,0,cpp,0.0001501620072219,0.9999881598696192,1,0,1
0x4b8770,JZ,5743180,5743180,15,2,0x4b876e,TEST,1,NonLeaf,eax(MOV) eax(MOV) ,rflags ,TEST,2,XOR,3,MOV,4,MOV,4,MOVZX,5,MOVZX,5,SHR,4,AND,4,MOV,8,MOV,7,0,1,1,0,0,JL,0,0,1,0,0,0,AND,0,0,4949867,4949887,4949874,0,0,1,0,cpp,0.0001501620072219,1.0,1,0,1
0x4b874d,JZ,2052504,0,3202,6,0x4b8744,TEST,1,NonLeaf,edx(SAR) edx(SAR) ,rflags ,MOV,7,TEST,2,SAR,3,SUB,8,JNLE,2,MOV,8,MOVSXD,3,MOVZX,5,MOV,4,MOV,4,0,0,0,0,0,JMP,0,0,1,0,0,0,MOV,0,0,4949817,4953039,4949843,0,1,0,1,cpp,5.366506368791502e-05,0.0,0,0,0
0x4b8737,JNLE,73099466,71046962,-79,2,0x4b8731,CMP,1,NonLeaf,eax(-1) esi(ADD) ,rflags ,LEA,4,CMP,2,MOVZX,4,ADD,4,MOV,4,SUB,8,SAR,3,TEST,2,MOV,7,JZ,6,0,0,0,1,1,JE,0,0,1,1,0,0,JE,1,0,4949801,4949736,4949817,0,0,1,1,cpp,0.0019112691124804,0.971921764791004,1,1,1
0x4b8719,JZ,73099466,70602330,16,2,0x4b8716,AND,1,NonLeaf,edi(AND) ,edi rflags ,AND,3,AND,4,MOV,3,MOV,5,MOV,3,LEA,3,ADD,3,MOV,4,MOV,4,ADD,4,1,1,1,0,0,JG,0,0,1,0,0,0,MOV,0,0,4949736,4949801,4949787,0,0,0,1,cpp,0.0019112691124804,0.9658392032576544,1,0,1
0x4b86c9,JZ,4288960,2236456,3334,6,0x4b86c7,TEST,1,NonLeaf,eax(-1) eax(-1) ,rflags ,TEST,2,JNZ,2,CMP,3,ADD,4,MOV,5,MOV,8,MOV,8,XOR,2,NOP,7,MOVZX,5,0,1,0,0,0,JMP,0,0,1,0,0,0,NOP,0,0,4949703,4953039,4949711,0,0,0,0,cpp,0.0001121397627263,0.521444825785272,1,0,1
0x4b86c5,JNZ,15084210,10795250,-85,2,0x4b86c2,CMP,1,NonLeaf,rdx(ADD) rdi(-1) ,rflags ,CMP,3,ADD,4,MOV,5,ADD,3,MOVSXD,3,TEST,2,JZ,6,MOV,8,MOV,8,XOR,2,0,0,0,1,1,JB,0,0,0,1,0,0,JE,1,0,4949694,4949616,4949703,0,0,0,0,cpp,0.0003943939160809,0.7156655867294343,1,1,1
0x5e99a4,JLE,2682,1464,-539,6,0x5e999a,TEST,1,NonLeaf,r10d(-1) r10d(-1) ,rflags ,MOV,7,TEST,3,JMP,5,MOV,4,JNZ,2,MOV,4,MOV,4,MOV,5,MOV,4,CALL_NEAR,5,0,0,1,0,0,JMP,0,0,1,0,0,0,CALL,0,1,6199706,6199177,6199722,0,0,1,1,cpp,7.012395630458606e-08,0.5458612975391499,1,0,1
0x4f5748,JZ,92224,0,752,6,0x4f5745,TEST,1,NonLeaf,rax(-1) rax(-1) ,rflags ,TEST,3,CALL_NEAR,5,MOV,5,MOV,3,LEA,8,LEA,8,MOV,5,MOV,5,CMPSB,2,JNZ,6,0,1,0,0,0,CALL,1,1,1,0,0,0,MOV,0,0,5199685,5200440,5199694,0,0,1,0,cpp,2.4113019188046767e-06,0.0,0,0,0
0x4b86b1,JB,15084210,14150718,13,2,0x4b86ad,UCOMISD,1,NonLeaf,xmm2(-1) xmm0(ADDSD) ,rflags ,UCOMISD,4,ADDSD,4,MULSD,4,SUBSD,5,MOVAPD,5,MOVSXD,3,ADD,3,MOV,5,ADD,4,CMP,3,1,1,1,0,0,JNE,0,0,1,0,0,0,MOV,0,0,4949616,4949694,4949683,0,0,0,1,cpp,0.0003943939160809,0.9381146244980678,1,1,1
0x4b8635,JLE,4288960,0,146,6,0x4b8631,CMP,1,NonLeaf,rsp(-1) ecx(LEA) ,rflags ,CMP,4,LEA,4,MOV,8,MOV,5,MOV,4,MOV,4,MOVSXD,3,MOV,8,LEA,4,MOVSD_XMM,9,0,0,1,0,0,JE,0,0,0,0,0,0,NOP,0,0,4949532,4949703,4949563,0,0,0,0,cpp,0.0001121397627263,0.0,0,1,0
0x4b8616,JNZ,484703880,480414920,-214,6,0x4b8613,CMP,1,NonLeaf,rdx(ADD) r15(-1) ,rflags ,CMP,3,ADD,2,ADD,2,ADD,4,SETNBE,4,MOV,4,MOV,5,MOV,8,LEA,4,CMP,4,1,1,0,0,0,MOV,0,0,1,1,0,0,JLE,1,0,4949318,4949312,4949532,0,0,0,0,cpp,0.0126731370998446,0.9911513809214814,1,1,1
0x4b847d,JZ,4288960,4288960,2531,6,0x4b8477,TEST,1,NonLeaf,edi(MOV) edi(MOV) ,rflags ,MOV,4,TEST,2,MOV,6,JZ,6,TEST,2,CMP,5,JNS,6,MOV,7,MOV,8,TEST,2,0,1,0,0,0,JNE,0,0,1,0,0,0,JNS,0,0,4949105,4951648,4949123,0,0,1,0,cpp,0.0001121397627263,1.0,1,0,1
0x4b846b,JZ,7979636,3690676,2533,6,0x4b8469,TEST,1,NonLeaf,al(-1) ,rflags ,TEST,2,JZ,6,MOV,5,TEST,3,SUB,3,MOV,6,TEST,2,MOV,4,JZ,6,CMP,5,0,1,0,0,0,JMP,0,0,1,0,0,0,JE,0,0,4949097,4951632,4949105,0,0,0,1,cpp,0.0002086367062604,0.4625118238476041,0,0,0
0x4b8463,JZ,7979636,0,2966,6,0x4b845b,TEST,1,NonLeaf,rdx(MOV) rdx(MOV) ,rflags ,MOV,5,TEST,3,SUB,3,MOV,3,MOV,4,TEST,2,JZ,6,MOV,6,TEST,2,MOV,4,0,1,0,0,0,JE,0,0,1,1,0,0,JE,0,0,4948950,4952057,4949097,0,0,0,0,cpp,0.0002086367062604,0.0,0,0,0
0x4b83a8,JNZ,5663612,4354326,1526,6,0x4b83a0,CMP,1,NonLeaf,rax(-1) rsp(-1) ,rflags ,CMP,8,NOP,1,JMP,5,JLE,6,MOV,3,NOP,2,ADD,8,MOV,7,JMP,5,NOP,4,0,0,0,0,0,JLE,0,0,1,0,0,0,NOP,0,0,4948896,4950430,4948910,0,0,1,0,cpp,0.0001480816108926,0.7688249124410359,1,0,1
0x4b8394,JLE,121680,112450,-9135,6,0x4b838d,CMP,1,NonLeaf,ebp(CMOVNZ) r13(MOV) ,rflags ,MOV,3,CMP,4,CMOVNZ,3,MOV,5,MOV,4,JMP,5,NOP,1,CMP,8,JNZ,6,NOP,2,0,0,1,0,0,JG,0,0,1,0,0,0,JMP,0,0,4948857,4939749,4948890,1,0,1,0,cpp,3.1814627155637694e-06,0.9241452991452992,1,0,1
0x4b835d,JZ,121680,121680,4750,6,0x4b82bd,TEST,0,NonLeaf,rdi(-1) rdi(-1) ,rflags ,MOVSD_XMM,8,ADDSD,8,MOVSD_XMM,6,MOVSD_XMM,8,ADDSD,4,ADD,7,POP,1,POP,1,POP,2,POP,2,0,1,0,0,0,RET,0,0,1,0,0,0,JMP,0,0,4948795,4953579,4948835,0,0,0,0,cpp,3.1814627155637694e-06,1.0,1,0,1
0x4b818f,JZ,121680,102960,30,2,0x4b8187,CMP,1,NonLeaf,rsp(-1) ,rflags ,CMP,8,CVTSI2SD,9,JNLE,6,MOV,7,MOV,3,MOV,8,MOVZX,8,MOVSXD,4,MOV,3,MOV,5,0,1,1,0,0,MOVSD,0,0,1,0,0,0,MOV,0,0,4948359,4948397,4948369,0,0,1,1,cpp,3.1814627155637694e-06,0.8461538461538461,1,0,1
0x4b814b,JNZ,28820317,4433894,613,6,0x4b80ed,CMP,0,NonLeaf,rsp(-1) ,rflags ,MOVSD_XMM,5,ADDSD,5,MOVSD_XMM,6,MOVSD_XMM,5,ADDSD,5,MOV,8,MOVSXD,4,MOV,3,LEA,3,MOVZX,4,0,0,0,0,0,JMP,0,0,1,0,0,0,JG,0,0,4948163,4948912,4948305,0,0,1,1,cpp,0.0007535401379538,0.1538461218174664,0,0,0
0x4b80a8,JNZ,440050,204880,-488,6,0x4b7f39,CMP,0,NonLeaf,rdx(-1) r8(-1) ,rflags ,MOVSD_XMM,5,MOVSD_XMM,5,SUBSD,4,MOVSD_XMM,5,SUBSD,4,MOVSD_XMM,7,MOVSD_XMM,7,MOVSD_XMM,7,MOV,8,MOV,8,0,0,0,1,1,MULSD,0,0,1,1,0,0,MOVSD,1,0,4948048,4947648,4948142,1,0,0,1,cpp,1.1505610354896752e-05,0.4655834564254062,0,1,0
0x4b7e56,JLE,235170,0,621,6,0x4b7e54,TEST,1,NonLeaf,esi(SAR) esi(SAR) ,rflags ,TEST,2,ADD,7,SAR,3,SUB,3,JNZ,2,LEA,3,MOV,7,MOVSD_XMM,7,MOV,8,XOR,2,0,0,1,0,0,JNE,0,0,1,0,0,0,NOP,0,0,4947527,4948163,4947548,0,0,1,1,cpp,6.148788517579977e-06,0.0,0,0,0
0x4b7e45,JNZ,440050,204880,-117,2,0x4b7e42,CMP,1,NonLeaf,rax(ADD) r9(-1) ,rflags ,CMP,3,ADD,4,ADD,4,MOVSD_XMM,6,ADD,4,SUB,3,SAR,3,ADD,7,TEST,2,JLE,6,0,1,0,0,0,MOV,0,0,0,1,0,0,JLE,1,0,4947518,4947408,4947527,0,0,0,1,cpp,1.1505610354896752e-05,0.4655834564254062,0,1,0
0x4b7e2b,JB,440050,0,19,2,0x4b7e27,UCOMISD,1,NonLeaf,xmm4(-1) xmm0(ADDSD) ,rflags ,UCOMISD,4,MOVSD_XMM,5,ADDSD,4,MULSD,4,MOVSD_XMM,5,MOV,3,ADD,4,MOVSD_XMM,6,ADD,4,ADD,4,1,1,1,0,0,JNE,0,0,1,0,0,0,ADD,0,0,4947410,4947518,4947501,0,0,0,1,cpp,1.1505610354896752e-05,0.0,0,0,0
0x4b7d9b,JLE,235170,0,172,6,0x4b7d8a,CMP,1,NonLeaf,r9d(MOV) edx(-1) ,rflags ,MOVSD_XMM,5,MOVSD_XMM,5,MOVSD_XMM,4,CMP,3,ADD,3,SUB,4,MOVSXD,3,SUB,3,LEA,5,ADD,3,0,1,1,0,0,JLE,0,0,1,0,0,0,JMP,0,0,4947301,4947527,4947361,0,1,1,0,cpp,6.148788517579977e-06,0.0,0,0,0
0x4b79cf,JLE,235170,235170,5233,6,0x4b79cc,CMP,1,NonLeaf,eax(-1) ,rflags ,CMP,3,JLE,6,TEST,2,MOV,7,ADDSD,8,MOV,8,XOR,3,XOR,3,MOV,8,MOVZX,3,0,1,0,0,0,JMP,0,0,1,0,0,0,JMP,0,0,4946380,4951616,4946389,0,0,0,1,cpp,6.148788517579977e-06,1.0,1,0,1
0x4b79c6,JLE,28820317,28585147,1789,6,0x4b79c4,TEST,1,NonLeaf,eax(MOV) eax(MOV) ,rflags ,TEST,2,MOV,7,ADDSD,8,MOVSD_XMM,9,MOVSD_XMM,10,CMP,3,JLE,6,MOV,8,XOR,3,XOR,3,0,1,1,0,0,JNE,0,0,1,0,0,0,JLE,0,0,4946365,4948163,4946380,0,0,1,0,cpp,0.0007535401379538,0.9918401313906436,1,0,1
0x4b7992,JNZ,754520,379860,-1282,6,0x4b754e,CMP,0,NonLeaf,rsi(-1) r10(-1) ,rflags ,MOVSD_XMM,5,MOVSD_XMM,5,MOVSD_XMM,6,SUBSD,5,MOVSD_XMM,5,MOVSD_XMM,10,MOVSD_XMM,10,MOVSD_XMM,9,ADDSD,8,MOV,7,0,0,0,1,1,SUBSD,0,0,1,1,0,0,MOVSD,1,0,4946235,4945040,4946328,1,0,0,0,cpp,1.9727788035397563e-05,0.5034458993797382,1,1,1
0x4b73e6,JLE,374660,0,1478,6,0x4b73e4,TEST,1,NonLeaf,esi(SAR) esi(SAR) ,rflags ,TEST,2,ADD,7,SAR,3,SUB,3,JNZ,2,MOVSD_XMM,9,LEA,3,XOR,2,MOVSD_XMM,8,MOV,7,0,1,1,0,0,ADDSD,0,0,1,0,0,0,MOVSD,0,0,4944855,4946348,4944876,0,1,0,1,cpp,9.795914045144e-06,0.0,0,0,0
0x4b73d5,JNZ,754520,379860,-117,2,0x4b73d2,CMP,1,NonLeaf,rax(ADD) r9(-1) ,rflags ,CMP,3,ADD,4,ADD,4,MOVSD_XMM,6,ADD,4,SUB,3,SAR,3,ADD,7,TEST,2,JLE,6,0,1,0,0,0,MOV,0,0,0,1,0,0,JLE,1,0,4944846,4944736,4944855,0,0,0,1,cpp,1.9727788035397563e-05,0.5034458993797382,1,1,1
0x4b73bb,JB,754520,0,19,2,0x4b73b7,UCOMISD,1,NonLeaf,xmm4(-1) xmm0(ADDSD) ,rflags ,UCOMISD,4,MOVSD_XMM,5,ADDSD,4,MULSD,4,MOVSD_XMM,5,MOV,3,ADD,4,MOVSD_XMM,6,ADD,4,ADD,4,1,1,1,0,0,JNE,0,0,1,0,0,0,ADD,0,0,4944738,4944846,4944829,0,0,0,1,cpp,1.9727788035397563e-05,0.0,0,0,0
0x4b732b,JLE,374660,0,172,6,0x4b731a,CMP,1,NonLeaf,r9d(MOV) edx(-1) ,rflags ,MOVSD_XMM,5,MOVSD_XMM,5,MOVSD_XMM,4,CMP,3,ADD,3,SUB,4,MOVSXD,3,SUB,3,LEA,5,ADD,3,0,1,1,0,0,JLE,0,0,1,0,0,0,JMP,0,0,4944629,4944855,4944689,0,1,1,0,cpp,9.795914045144e-06,0.0,0,0,0
0x4b6f3d,JLE,374660,374660,7907,6,0x4b6f3a,CMP,1,NonLeaf,eax(-1) ,rflags ,CMP,3,JLE,6,TEST,2,MOV,7,MOVSD_XMM,10,MOV,8,MOV,8,XOR,3,XOR,3,MOV,8,0,1,0,0,0,JMP,0,0,1,0,0,0,JMP,0,0,4943674,4951584,4943683,0,0,0,1,cpp,9.795914045144e-06,1.0,1,0,1
0x4b6f34,JLE,28820317,28445657,2697,6,0x4b6f32,TEST,1,NonLeaf,eax(MOV) eax(MOV) ,rflags ,TEST,2,MOV,7,MOVSD_XMM,10,ADDSD,8,MOVSD_XMM,7,CMP,3,JLE,6,MOV,8,MOV,8,XOR,3,0,1,1,0,0,JLE,0,0,1,0,0,0,JLE,0,0,4943659,4946365,4943674,0,0,0,0,cpp,0.0007535401379538,0.9870001429894056,1,0,1
0x4b6f03,JNZ,1264975759,1241671592,-1155,6,0x4b6b32,CMP,0,NonLeaf,rsi(-1) r9(-1) ,rflags ,MOVSD_XMM,5,MOVSD_XMM,5,MOVSD_XMM,6,SUBSD,5,MOVSD_XMM,5,MOVSD_XMM,9,MOVSD_XMM,7,ADDSD,8,MOVSD_XMM,10,MOV,7,0,0,0,1,1,MULSD,0,0,1,1,0,0,MOVSD,1,0,4943518,4942464,4943625,1,0,0,0,cpp,0.0330742374535706,0.9815773805670216,1,1,1
0x4b69ef,JLE,28820317,5516150,9644,6,0x4b69ed,TEST,1,NonLeaf,esi(SAR) esi(SAR) ,rflags ,TEST,2,SAR,3,SUB,3,JNZ,2,CMP,3,LEA,3,MOVSD_XMM,8,MOV,7,MOV,8,MOVSD_XMM,7,0,1,0,0,0,NOP,0,0,1,0,0,0,NOP,0,0,4942311,4951963,4942325,0,1,0,1,cpp,0.0007535401379538,0.1913979641514699,0,0,0
0x4b69e5,JNZ,185985125,157164808,-117,2,0x4b69e2,CMP,1,NonLeaf,rax(ADD) r9(-1) ,rflags ,CMP,3,ADD,4,ADD,4,MOVSD_XMM,6,ADD,4,SUB,3,SAR,3,TEST,2,JLE,6,LEA,3,0,1,0,0,0,MOV,0,0,0,1,0,0,JLE,1,0,4942302,4942192,4942311,0,0,0,0,cpp,0.0048627937281144,0.8450396664787037,1,1,1
0x4b69cb,JB,185985125,111875922,19,2,0x4b69c7,UCOMISD,1,NonLeaf,xmm4(-1) xmm0(ADDSD) ,rflags ,UCOMISD,4,MOVSD_XMM,5,ADDSD,4,MULSD,4,MOVSD_XMM,5,MOV,3,ADD,4,MOVSD_XMM,6,ADD,4,ADD,4,1,1,1,0,0,JNE,0,0,1,0,0,0,ADD,0,0,4942194,4942302,4942285,0,0,0,1,cpp,0.0048627937281144,0.6015315579673375,1,0,1
0x4b693f,JLE,28820317,0,168,6,0x4b692e,CMP,1,NonLeaf,r9d(MOV) edx(-1) ,rflags ,MOVSD_XMM,5,MOVSD_XMM,5,MOVSD_XMM,4,CMP,3,ADD,3,SUB,4,MOVSXD,3,SUB,3,LEA,5,ADD,3,0,1,1,0,0,JLE,0,0,1,0,0,0,JMP,0,0,4942089,4942311,4942149,0,1,0,0,cpp,0.0007535401379538,0.0,0,0,0
0x4b68d4,JNZ,444313020,425186940,-564,6,0x4b68cc,CMP,1,NonLeaf,r9(ADD) rsp(-1) ,rflags ,CMP,8,ADD,3,ADD,4,ADD,4,SETNBE,3,MOV,7,MOV,8,MOVSXD,3,MOV,8,LEA,4,0,1,0,0,0,MOV,0,0,1,1,0,0,ADD,1,0,4941892,4941472,4942042,0,0,0,0,cpp,0.0116170718866661,0.9569535909616153,1,1,1
0x4b658d,JLE,28820317,9694237,10403,6,0x4b658a,CMP,1,NonLeaf,eax(-1) ,rflags ,CMP,3,JLE,6,MOVSD_XMM,9,TEST,2,MULSD,9,MOV,8,MOV,8,XOR,3,XOR,3,MOV,8,0,1,0,0,0,JMP,0,0,1,0,0,0,JMP,0,0,4941194,4951600,4941203,0,0,0,1,cpp,0.0007535401379538,0.3363681600032366,0,0,0
0x4b6584,JLE,28820317,0,10796,6,0x4b6579,TEST,1,NonLeaf,eax(MOV) eax(MOV) ,rflags ,MOVSD_XMM,9,TEST,2,MULSD,9,ADD,4,SHL,4,CMP,3,JLE,6,MOV,8,MOV,8,XOR,3,0,1,0,0,0,JMP,0,0,1,0,0,0,JLE,0,0,4941084,4951984,4941194,0,0,1,0,cpp,0.0007535401379538,0.0,0,0,0
0x4b6454,JNZ,32366059,7979636,-108,2,0x4b644c,CMP,1,NonLeaf,rsp(-1) ,rflags ,CMP,8,ADD,8,SHL,4,MOV,8,MOV,3,MOV,8,MOVSD_XMM,9,MOVSD_XMM,10,ADDSD,5,MOVSD_XMM,10,1,1,0,0,0,JE,0,0,1,0,0,0,MOV,0,0,4940845,4940776,4940886,0,0,0,1,cpp,0.0008462476163563,0.2465433310864322,0,0,0
0x4b6427,JLE,7979636,18720,7511,6,0x4b6420,CMP,1,NonLeaf,rsp(-1) eax(-1) ,rflags ,CMP,7,MOV,7,ADD,7,AND,3,SUB,8,MOVSXD,8,MOV,3,MOV,8,SHL,4,ADD,8,0,0,1,0,0,CVTSI2SD,1,0,0,0,1,1,JNE,0,0,4940832,4948350,4940845,0,0,0,1,cpp,0.0002086367062604,0.0023459716708882,0,0,0
0x4b63fe,JZ,4288960,4288960,8138,6,0x4b63fc,TEST,1,NonLeaf,edi(MOV) edi(MOV) ,rflags ,TEST,2,MOV,7,JZ,6,TEST,2,MOVZX,5,SHR,3,SUB,8,AND,3,ADD,7,MOV,7,0,1,0,0,0,MOV,0,0,1,0,0,0,MOV,0,0,4940789,4948936,4940804,0,0,1,1,cpp,0.0001121397627263,1.0,1,0,1
0x4b63ef,JZ,7979636,3690676,8167,6,0x4b63ed,TEST,1,NonLeaf,al(MOVZX) ,rflags ,TEST,2,MOVZX,5,NOP,6,JMP,2,MOV,5,MOV,7,TEST,2,JZ,6,SHR,3,SUB,8,0,1,0,0,0,JE,0,0,1,0,0,0,JE,0,0,4940776,4948950,4940789,0,0,1,0,cpp,0.0002086367062604,0.4625118238476041,0,0,0
0x4b62f9,JLE,121680,0,13191,6,0x4b62f2,CMP,1,NonLeaf,rsp(-1) eax(-1) ,rflags ,CMP,7,MOV,3,MOV,7,MOV,8,MOV,7,MOV,3,MOV,11,MOV,12,MOV,12,MOV,12,0,1,0,0,0,JMP,1,0,1,0,0,0,JMP,0,0,4940530,4953728,4940543,0,0,1,1,cpp,3.1814627155637694e-06,0.0,0,0,0
0x4b6261,JZ,102960,102960,19,2,0x4b6257,CMP,1,NonLeaf,rsp(-1) ecx(MOVZX) ,rflags ,MOV,3,CMP,7,MOVZX,4,LEA,3,MOV,4,MOV,5,CALL_NEAR,5,MOV,4,MOV,3,MOV,4,0,1,1,0,0,MOV,0,0,1,0,0,0,CALL,0,1,4940352,4940404,4940387,0,1,1,1,cpp,2.6920069131693437e-06,1.0,1,0,1
0x4b6154,JZ,18720,18720,94,2,0x4b614d,TEST,1,NonLeaf,r8d(MOV) r8d(MOV) ,rflags ,MOV,4,TEST,3,MOVZX,5,MOV,11,MOV,7,MOV,8,MOV,8,MOV,3,XOR,2,MOV,2,0,0,1,0,0,JMP,0,0,1,0,0,0,NOP,0,0,4940078,4940210,4940118,0,0,1,0,cpp,4.894558023944261e-07,1.0,1,0,1
0x4b6128,JZ,18720,0,13619,6,0x4b611f,TEST,1,NonLeaf,eax(MOVSXD) eax(MOVSXD) ,rflags ,MOV,7,TEST,2,MOVSXD,3,JNZ,2,CMP,2,MOV,8,MOV,7,MOV,11,MOVZX,5,TEST,3,0,0,0,0,0,JMP,0,0,1,0,0,0,JE,0,0,4940060,4953691,4940078,0,0,1,1,cpp,4.894558023944261e-07,0.0,0,0,0
0x4b611a,JNZ,11989120,11970400,-26,2,0x4b6118,CMP,1,NonLeaf,eax(ADD) esi(-1) ,rflags ,CMP,2,ADD,4,ADD,3,MOV,5,ADD,3,MOVSXD,3,TEST,2,MOV,7,JZ,6,MOV,8,0,0,0,1,1,JE,0,0,1,1,0,0,JE,1,0,4940049,4940032,4940060,0,0,0,1,cpp,0.0003134692494446,0.9984385843164468,1,1,1
0x4b6104,JZ,11989120,7700160,13,2,0x4b6100,TEST,1,NonLeaf,rdx(-1) ,rflags ,TEST,4,NOP,5,XOR,2,XOR,2,MOV,3,MOVSXD,3,ADD,3,MOV,5,ADD,3,ADD,4,1,1,1,0,0,JNE,0,0,1,0,0,0,MOV,0,0,4940032,4940049,4940038,1,0,0,1,cpp,0.0003134692494446,0.6422623178348369,1,1,1
0x4b60e6,JLE,18720,0,13685,6,0x4b60e4,TEST,1,NonLeaf,esi(MOV) esi(MOV) ,rflags ,TEST,2,MOV,7,JZ,6,MOV,7,OR,3,MOV,8,MOV,3,XOR,2,XOR,2,NOP,5,0,1,0,0,0,JMP,0,0,1,0,0,0,NOP,0,0,4939997,4953691,4940012,0,0,1,0,cpp,4.894558023944261e-07,0.0,0,0,0
0x4b60d7,JZ,121680,102960,361,6,0x4b60cd,OR,1,NonLeaf,al(OR) dil(SETNZ) ,al rflags ,MOV,7,OR,3,SETZ,3,MOV,8,MOV,8,MOV,7,TEST,2,JLE,6,MOV,8,MOV,3,0,1,0,0,0,JE,0,0,1,0,0,0,JLE,0,0,4939947,4940352,4939997,0,0,1,0,cpp,3.1814627155637694e-06,0.8461538461538461,1,0,1
0x4b60a5,JNLE,121680,9230,13471,6,0x4b6096,CMP,1,NonLeaf,ebp(-1) r13(MOV) ,rflags ,MOV,3,MOV,8,CMP,4,MOV,3,MOV,7,MOV,3,TEST,2,MOV,4,SETNZ,4,TEST,2,0,1,0,0,0,CALL,0,1,1,1,0,0,JE,0,0,4939912,4953412,4939947,0,0,1,1,cpp,3.1814627155637694e-06,0.0758547008547008,0,0,0
0x4b6082,JNLE,121680,9230,13278,6,0x4b6073,CMP,1,NonLeaf,ebp(-1) r13(MOV) ,rflags ,MOV,3,MOV,8,CMP,4,MOV,3,MOV,7,MOV,4,MOV,7,MOV,3,CMP,4,MOV,8,0,1,0,0,0,CALL,0,1,1,1,0,0,JG,0,0,4939877,4953184,4939912,0,1,1,1,cpp,3.1814627155637694e-06,0.0758547008547008,0,0,0
0x4b605f,JNLE,121680,9230,13268,6,0x4b6050,CMP,1,NonLeaf,ebp(-1) r13(MOV) ,rflags ,MOV,3,MOV,8,CMP,4,MOV,3,MOV,4,MOV,4,MOV,7,MOV,3,CMP,4,MOV,8,0,1,0,0,0,CALL,0,1,1,1,0,0,JG,0,0,4939845,4953139,4939877,0,1,1,1,cpp,3.1814627155637694e-06,0.0758547008547008,0,0,0
0x4b603f,JNLE,121680,9230,13255,6,0x4b6030,CMP,1,NonLeaf,ebp(-1) r13(MOV) ,rflags ,MOV,3,MOV,8,CMP,4,MOV,3,MOV,4,MOV,4,MOV,4,MOV,3,CMP,4,MOV,8,0,1,0,0,0,CALL,0,1,1,1,0,0,JG,0,0,4939813,4953094,4939845,0,1,1,1,cpp,3.1814627155637694e-06,0.0758547008547008,0,0,0
0x4b601f,JNLE,121680,9230,13242,6,0x4b6010,CMP,1,NonLeaf,ebp(-1) r13(MOV) ,rflags ,MOV,3,MOV,8,CMP,4,MOV,3,MOV,4,MOV,4,MOV,4,MOV,3,CMP,4,MOV,8,0,1,0,0,0,CALL,0,1,1,1,0,0,JG,0,0,4939781,4953049,4939813,0,1,1,1,cpp,3.1814627155637694e-06,0.0758547008547008,0,0,0
0x4b5fff,JNLE,121680,9230,13502,6,0x4b5ff0,CMP,1,NonLeaf,ebp(-1) r13(MOV) ,rflags ,MOV,3,MOV,8,CMP,4,MOV,3,MOV,4,MOV,4,MOV,4,MOV,3,CMP,4,MOV,8,0,1,0,0,0,CALL,0,1,1,1,0,0,JG,0,0,4939749,4953277,4939781,0,1,1,1,cpp,3.1814627155637694e-06,0.0758547008547008,0,0,0
0x4b5fce,JNZ,121680,121680,9131,6,0x4b5fcc,TEST,1,NonLeaf,edx(-1) edx(-1) ,rflags ,TEST,2,SETZ,8,MOV,3,MOV,4,TEST,2,MOV,4,CMP,4,MOV,3,JNLE,6,MOV,4,0,1,0,0,0,JLE,0,0,1,0,0,0,JG,0,0,4939707,4948857,4939732,0,0,0,0,cpp,3.1814627155637694e-06,1.0,1,0,1
0x4f304c,JZ,1,0,7939,6,0x4f303c,CMP,1,NonLeaf,rip(JZ) ,rflags ,MOVSD_XMM,8,CMP,8,DIVSD,6,MOV,11,MOV,11,CMP,5,MOVSD_XMM,9,MOV,7,MOVSD_XMM,8,MOVSD_XMM,6,0,1,0,0,0,CALL,0,1,1,1,0,0,JE,0,0,5189686,5197647,5189714,0,0,1,1,cpp,2.6146143290300536e-11,0.0,0,0,0
0x4b5fb5,JNLE,121680,59995,13621,6,0x4b5fae,CMP,1,NonLeaf,ebp(-1) r13(MOV) ,rflags ,MOV,3,CMP,4,MOV,3,MOV,4,MOV,4,TEST,2,MOV,4,MOV,3,SETZ,8,TEST,2,0,1,0,0,0,CALL,0,1,1,1,0,0,JNE,0,0,4939683,4953322,4939707,0,0,1,1,cpp,3.1814627155637694e-06,0.4930555555555556,0,0,0
0x4b5f9d,JNLE,121680,59995,13690,6,0x4b5f5e,CMP,1,NonLeaf,ebp(LEA) r13(MOV) ,rflags ,MOV,8,MOV,4,MOV,8,MOVSD_XMM,9,MOVSD_XMM,8,MOV,4,MOV,4,MOV,3,CMP,4,MOV,3,0,1,0,0,0,CALL,0,1,1,1,0,0,JG,0,0,4939677,4953367,4939683,0,1,1,1,cpp,3.1814627155637694e-06,0.4930555555555556,0,0,0
0x4b5e0a,JZ,121680,121680,6,2,0x4b5e07,TEST,1,NonLeaf,r9d(MOV) r9d(MOV) ,rflags ,TEST,3,MOV,7,INVALID,0,INVALID,0,INVALID,0,RET_NEAR,2,NOP,2,PUSH,2,PUSH,2,PUSH,2,0,1,0,0,0,MOV,0,0,1,0,0,0,REPZ RET,1,0,4939264,4939280,4939276,0,0,1,0,cpp,3.1814627155637694e-06,1.0,1,0,1
0x4b5c87,JNLE,60930,28368,-15,2,0x4b5c85,CMP,1,NonLeaf,esi(-1) edx(ADD) ,rflags ,CMP,2,ADD,4,MOV,4,MOVZX,5,NOP,5,MOV,5,JMP,5,MOV,3,JMP,5,ADD,7,1,1,1,1,1,JG,0,0,1,1,0,0,JMP,0,0,4938872,4938872,4938889,1,0,1,1,cpp,1.5930845106780115e-06,0.4655834564254062,0,1,0
0x4b5c4e,JNLE,104472,52596,-14,2,0x4b5c4c,CMP,1,NonLeaf,ecx(-1) eax(ADD) ,rflags ,CMP,2,ADD,4,MOV,4,MOVZX,4,NOP,8,JMP,5,MOV,7,MOV,8,XOR,2,MOV,8,1,1,1,1,1,JG,0,0,1,1,0,0,JMP,0,0,4938816,4938816,4938832,1,0,1,0,cpp,2.7315398818242776e-06,0.5034458993797382,1,1,1
0x4b5a6f,JNLE,4451729,4451729,-1285,6,0x4b5a68,CMP,1,NonLeaf,rsp(-1) edi(LEA) ,rflags ,CMP,7,LEA,4,MOV,8,MOV,8,MOV,8,JMP,5,MOVZX,5,JMP,5,MOV,2,MOV,3,0,0,0,0,0,JMP,0,0,1,0,0,0,JMP,0,0,4938293,4937066,4938357,0,0,1,0,cpp,0.0001163955443235,1.0,1,0,1
0x4b5a0a,JLE,133500849,69946384,-298,6,0x4b5a06,CMP,1,NonLeaf,edi(-1) rsp(-1) ,rflags ,CMP,4,JB,6,MOVSD_XMM,6,ADDSD,4,UCOMISD,5,MOV,4,ADD,4,JMP,5,NOP,3,MOVZX,8,0,1,0,0,0,JL,0,0,1,0,0,0,JMP,0,0,4938246,4937952,4938256,0,0,0,1,cpp,0.0034905323273307,0.5239396192903613,1,0,1
0x4b5a00,JB,244785337,111284488,-270,6,0x4b59f1,UCOMISD,1,NonLeaf,xmm9(-1) xmm1(ADDSD) ,rflags ,MOVSD_XMM,6,ADDSD,4,UCOMISD,5,MULSD,4,ADDSD,4,CMP,4,JLE,6,MOV,4,ADD,4,JMP,5,1,1,1,0,0,JB,0,0,1,0,0,0,JLE,0,0,4938062,4937970,4938246,0,0,0,0,cpp,0.0064001924965665,0.4546207275479086,0,0,0
0x4b593d,JZ,244785337,4451729,248,6,0x4b5935,CMP,1,NonLeaf,rcx(ADD) rsp(-1) ,rflags ,CMP,8,SAR,3,SHL,3,ADD,4,MOV,4,MOV,8,MOV,3,MOVAPD,5,MOVAPD,5,MOVAPD,5,0,1,1,0,0,JG,1,0,1,0,0,0,MOV,0,0,4938023,4938293,4938051,0,0,0,1,cpp,0.0064001924965665,0.0181862568018116,0,0,0
0x4b5911,JL,69595544,69369968,271,6,0x4b590d,CMP,1,NonLeaf,esi(-1) rsp(-1) ,rflags ,CMP,4,JNLE,6,CMP,4,JB,2,UCOMISD,5,MOVZX,8,ADD,4,MOV,4,MOV,4,ADD,4,0,0,0,0,0,JMP,0,0,1,0,0,0,MOV,0,0,4937997,4938272,4938007,0,0,1,1,cpp,0.0018196550657904,0.9967587580032424,1,0,1
0x4b5907,JNLE,133518961,63923417,281,6,0x4b5903,CMP,1,NonLeaf,esi(-1) rsp(-1) ,rflags ,CMP,4,JB,2,UCOMISD,5,SAR,3,SHL,3,CMP,4,JL,6,MOVZX,8,ADD,4,MOV,4,0,1,0,0,0,JMP,0,0,1,0,0,0,JL,0,0,4937987,4938272,4937997,0,0,1,0,cpp,0.003491005886278,0.4787590954965565,0,0,0
0x4b5901,JB,244785337,111266376,38,2,0x4b58fc,UCOMISD,1,NonLeaf,xmm9(-1) xmm0(-1) ,rflags ,UCOMISD,5,SAR,3,SHL,3,MOV,4,ADD,4,CMP,4,JNLE,6,CMP,4,JL,6,MOVZX,8,0,1,1,0,0,JE,0,0,1,0,0,0,JG,0,0,4937970,4938023,4937987,0,0,0,0,cpp,0.0064001924965665,0.4545467361878788,0,0,0
0x4b58e4,JL,69946384,69718506,300,6,0x4b58e0,CMP,1,NonLeaf,edi(-1) rsp(-1) ,rflags ,CMP,4,NOP,10,JMP,2,MOV,8,MOV,8,MOV,4,ADD,4,MOV,4,SHL,3,SAR,3,0,0,0,0,0,JMP,0,0,1,0,0,0,ADD,0,0,4937952,4938256,4937962,0,0,1,1,cpp,0.0018288281787023,0.9967421046383184,1,0,1
0x4b5620,JNLE,4847678,3473659,-102,2,0x4b561d,CMP,1,NonLeaf,r11d(-1) edi(ADD) ,rflags ,CMP,3,ADD,4,ADD,4,MOV,4,ADD,3,MOV,8,JMP,5,MOVSD_XMM,9,ADDSD,8,MOV,12,0,0,0,1,1,JB,0,0,0,1,0,0,JMP,1,0,4937230,4937146,4937250,0,0,0,0,cpp,0.0001267480836132,0.7165614135262285,1,1,1
0x4b560c,JLE,4848867,1020150,-108,2,0x4b560a,CMP,1,NonLeaf,esi(-1) ebx(-1) ,rflags ,CMP,2,JB,2,UCOMISD,4,ADDSD,4,MULSD,4,ADD,3,MOV,4,ADD,4,ADD,4,CMP,3,0,1,0,0,0,JL,0,0,1,0,0,0,JG,0,0,4937226,4937120,4937230,0,0,0,1,cpp,0.0001267791713776,0.2103893548740355,0,0,0
0x4b5608,JB,18408453,13559586,-90,2,0x4b5604,UCOMISD,1,NonLeaf,xmm2(-1) xmm0(ADDSD) ,rflags ,UCOMISD,4,ADDSD,4,MULSD,4,SUBSD,5,MOVAPD,5,CMP,2,JLE,2,ADD,3,MOV,4,ADD,4,1,1,0,0,0,JLE,0,0,1,0,0,0,JLE,0,0,4937146,4937134,4937226,0,0,0,0,cpp,0.0004813100498907,0.7365956281062835,1,0,1
0x4b55a4,JL,1020150,1018961,106,2,0x4b55a0,CMP,1,NonLeaf,esi(-1) rsp(-1) ,rflags ,CMP,4,JMP,2,LEA,4,MOV,8,MOV,4,MOV,4,ADD,4,ADD,3,ADD,4,CMP,3,0,0,0,0,0,JG,0,0,1,0,0,0,ADD,0,0,4937120,4937230,4937126,0,0,1,1,cpp,2.667298807760009e-05,0.9988344851247366,1,0,1
0x4b5552,JNLE,5170010,4451729,664,6,0x4b554f,CMP,1,NonLeaf,eax(-1) ,rflags ,CMP,3,JLE,6,TEST,2,MOV,7,NOP,4,MOV,8,MOV,8,XOR,2,MOV,8,MOVSXD,3,0,1,0,0,0,JMP,0,0,1,0,0,0,XOR,0,0,4937039,4937706,4937048,0,0,1,0,cpp,0.0001351758222722,0.8610677735633007,1,0,1
0x4b5549,JLE,5170010,0,-2921,6,0x4b5547,TEST,1,NonLeaf,eax(MOV) eax(MOV) ,rflags ,TEST,2,MOV,7,NOP,4,JMP,5,MOV,7,CMP,3,JNLE,6,MOV,8,MOV,8,XOR,2,0,0,0,0,0,JMP,0,0,1,0,0,0,JG,0,0,4937024,4934112,4937039,0,0,1,0,cpp,0.0001351758222722,0.0,0,0,0
0x4b5515,JNZ,3860064,3860064,-2622,6,0x4b550f,TEST,1,NonLeaf,esi(MOV) esi(MOV) ,rflags ,MOV,4,TEST,2,MOV,8,MOV,7,NOP,5,AND,3,ADD,7,MOV,11,MOV,7,JMP,5,0,0,0,0,0,JLE,0,0,0,0,0,0,JMP,0,0,4936960,4934359,4936987,0,0,0,1,cpp,0.0001009257864537,1.0,1,0,1
0x4b536c,JBE,51876,51876,2227,6,0x4b5369,CMP,1,NonLeaf,edi(-1) ,rflags ,CMP,3,JZ,6,OR,2,SETBE,3,CMP,3,SHR,3,MOV,8,XOR,2,LEA,7,XOR,2,0,0,0,0,0,NOP,0,0,1,0,0,0,XOR,0,0,4936553,4938783,4936562,0,1,0,0,cpp,1.3563573293276306e-06,1.0,1,0,1
0x4b5363,JZ,51876,0,2236,6,0x4b5361,OR,1,NonLeaf,al(OR) cl(SETBE) ,al rflags ,OR,2,SETBE,3,CMP,3,ADD,4,SETNB,3,CMP,3,JBE,6,SHR,3,MOV,8,XOR,2,0,1,0,0,0,NOP,0,0,1,0,0,0,JBE,0,0,4936500,4938783,4936553,0,0,0,0,cpp,1.3563573293276306e-06,0.0,0,1,0
0x4b532e,JLE,3990495,3938619,2500,6,0x4b532c,TEST,1,NonLeaf,edi(MOV) edi(MOV) ,rflags ,TEST,2,MOV,7,MOV,8,LEA,5,MOV,4,ADD,4,ADD,2,MOV,8,CDQE,2,LEA,5,0,1,0,0,0,JMP,0,0,1,0,0,0,JE,0,0,4936431,4938994,4936500,0,0,0,0,cpp,0.0001043360540692,0.9870001090090328,1,0,1
0x4b51d2,JBE,32562,32562,2691,6,0x4b51ce,CMP,1,NonLeaf,r8d(-1) ,rflags ,CMP,4,JZ,6,OR,3,SETNB,4,CMP,3,SHR,4,MOV,8,MOV,5,MOV,8,LEA,8,0,0,0,0,0,NOP,0,0,1,0,0,0,XOR,0,0,4936142,4938837,4936152,0,1,0,1,cpp,8.513707178187661e-07,1.0,1,0,1
0x4b51c8,JZ,32562,0,2701,6,0x4b51c5,OR,1,NonLeaf,dl(OR) sil(SETNB) ,dl rflags ,OR,3,SETNB,4,CMP,3,ADD,4,SETNB,3,CMP,4,JBE,6,SHR,4,MOV,8,MOV,5,0,1,0,0,0,NOP,0,0,1,0,0,0,JBE,0,0,4936089,4938837,4936142,0,0,0,0,cpp,8.513707178187661e-07,0.0,0,1,0
0x4b5193,JLE,3990495,3957933,2929,6,0x4b5172,TEST,1,NonLeaf,r8d(MOV) r8d(MOV) ,rflags ,MOV,8,LEA,5,LEA,5,MOV,4,MOVSXD,3,LEA,3,MOV,8,MOVSXD,3,LEA,5,LEA,4,0,1,0,0,0,JMP,0,0,1,0,0,0,JE,0,0,4936011,4939012,4936089,0,0,0,0,cpp,0.0001043360540692,0.9918401100615336,1,0,1
0x4b5144,JZ,3990495,0,7,2,0x4b513e,TEST,1,NonLeaf,eax(SAR) eax(SAR) ,rflags ,LEA,4,TEST,2,ADD,3,MOV,7,MOVSXD,3,MOVZX,5,MOV,8,MOV,3,LEA,3,MOV,8,0,1,1,0,0,JLE,0,0,1,0,0,0,MOVZX,0,0,4935966,4936011,4936006,0,0,1,0,cpp,0.0001043360540692,0.0,0,0,0
0x4b50c9,JNLE,60930,55449,-45,2,0x4b50c7,CMP,1,NonLeaf,edi(-1) edx(ADD) ,rflags ,CMP,2,ADD,4,MOV,4,ADD,4,JNZ,2,SUB,8,SUB,8,MOV,5,SAR,3,SAR,3,0,0,0,1,1,JNE,0,0,0,1,0,0,MOV,1,0,4935867,4935836,4935883,0,0,0,1,cpp,1.5930845106780115e-06,0.9100443131462334,1,1,1
0x4b50b9,JNZ,454643,393713,-57,2,0x4b50b6,CMP,1,NonLeaf,cl(MOVZX) ,rflags ,CMP,3,MOVZX,5,MOVSXD,3,SAR,3,SHL,3,ADD,4,MOV,4,ADD,4,CMP,2,JNLE,2,1,1,0,0,0,JE,0,0,1,0,0,0,JG,0,0,4935836,4935808,4935867,0,0,0,1,cpp,1.1887161023932106e-05,0.8659827600996826,1,0,1
0x4b509a,JLE,393713,66132,49,2,0x4b5098,CMP,1,NonLeaf,edi(-1) edx(ADD) ,rflags ,CMP,2,ADD,4,ADD,4,MOV,3,JNZ,2,MOVZX,5,MOVZX,3,MOV,4,SHL,3,SAR,3,0,0,1,0,0,MOV,1,0,0,0,1,1,JNE,0,0,4935828,4935883,4935836,0,0,1,0,cpp,1.0294076513254096e-05,0.167970069568442,0,0,0
0x4b508b,JNZ,289241,0,9,2,0x4b5089,TEST,1,NonLeaf,cl(-1) cl(-1) ,rflags ,TEST,2,JZ,6,CMP,3,NOP,9,JMP,2,MOV,3,ADD,4,ADD,4,CMP,2,JLE,2,0,0,1,0,0,JLE,0,0,1,0,0,0,ADD,0,0,4935817,4935828,4935821,0,0,0,1,cpp,7.562536631429818e-06,0.0,0,0,0
0x4b5083,JZ,393713,104472,1061,6,0x4b5080,CMP,1,NonLeaf,cl(-1) ,rflags ,CMP,3,NOP,9,JMP,2,MOV,8,MOV,3,TEST,2,JNZ,2,MOV,3,ADD,4,ADD,4,0,1,0,0,0,JMP,0,0,1,0,0,0,JNE,0,0,4935808,4936872,4935817,0,0,1,0,cpp,1.0294076513254096e-05,0.2653506488228735,0,0,0
0x4b5045,JLE,3990495,3918882,3176,6,0x4b5041,TEST,1,NonLeaf,edx(SAR) edx(SAR) ,rflags ,MOV,2,TEST,2,SAR,3,SUB,3,MOV,8,MOV,5,MOV,8,XOR,2,MOV,8,MOV,8,0,1,0,0,0,JMP,0,0,1,0,0,0,JMP,0,0,4935710,4938925,4935755,0,0,1,1,cpp,0.0001043360540692,0.9820541060695478,1,0,1
0x4b5018,JZ,5170010,5098397,-1608,6,0x4b5010,CMP,1,NonLeaf,rdx(-1) rsp(-1) ,rflags ,CMP,8,JNLE,6,CMP,3,ADD,4,MOV,4,MOVZX,8,MOV,8,MOV,5,MOV,8,SUB,3,0,1,0,0,0,JNE,0,0,1,0,0,0,JLE,0,0,4935696,4934096,4935710,0,1,0,1,cpp,0.0001351758222722,0.9861483826917162,1,0,1
0x4b4f11,JZ,5170010,5170010,1583,6,0x4b4f06,TEST,1,NonLeaf,r8b(MOV) r8b(MOV) ,rflags ,MOV,8,TEST,3,ADD,3,MOV,8,LEA,5,MOV,7,XOR,2,MOV,8,TEST,2,JLE,6,0,1,0,0,0,JLE,0,0,1,0,0,0,JLE,0,0,4935409,4937024,4935447,0,0,0,0,cpp,0.0001351758222722,1.0,1,0,1
0x4b4e84,JZ,42,0,77,2,0x4b4e81,TEST,1,NonLeaf,rdi(MOV) rdi(MOV) ,rflags ,TEST,3,MOV,3,MOVSD_XMM,10,MOV,8,MOVSD_XMM,10,MOVSD_XMM,10,MOV,5,MOVSD_XMM,10,MOVSD_XMM,10,CALL_NEAR,5,0,1,1,0,0,MOV,0,0,1,0,0,0,CALL,0,1,4935251,4935377,4935302,0,0,1,1,cpp,1.0981380181926223e-09,0.0,0,0,0
0x4b4de8,JNL,42,0,-8,2,0x4b4de6,CMP,1,NonLeaf,edx(-1) ebp(ADD) ,rflags ,CMP,2,ADD,2,SAR,2,MOV,2,NOP,9,MOVSXD,3,MOV,10,MOV,7,LEA,4,CMP,3,1,1,1,1,1,JGE,0,0,1,1,0,0,CALL,0,1,4935136,4935136,4935146,1,0,0,1,cpp,1.0981380181926223e-09,0.0,0,1,0
0x4b4dd1,JL,5170010,5169968,3778,6,0x4b4dcf,CMP,1,NonLeaf,edx(LEA) ebp(MOV) ,rflags ,CMP,2,MOV,4,LEA,4,MOV,3,MOV,3,NOP,9,MOV,2,SAR,2,ADD,2,CMP,2,0,1,0,0,0,JMP,0,0,1,0,0,0,NOP,0,0,4935090,4938899,4935127,0,0,0,0,cpp,0.0001351758222722,0.9999918762246108,1,0,1
0x4b4da3,JZ,5170010,5170010,15,2,0x4b4da1,TEST,1,NonLeaf,eax(MOV) eax(MOV) ,rflags ,TEST,2,XOR,3,MOV,7,MOV,4,MOVZX,5,MOVZX,5,SHR,4,AND,4,MOV,8,MOV,7,0,1,1,0,0,JL,0,0,1,0,0,0,AND,0,0,4935070,4935090,4935077,0,0,1,0,cpp,0.0001351758222722,1.0,1,0,1
0x4b4d7d,JZ,1847582,0,3325,6,0x4b4d74,TEST,1,NonLeaf,edx(SAR) edx(SAR) ,rflags ,MOV,7,TEST,2,SAR,3,SUB,8,JNLE,2,MOV,8,MOVSXD,3,MOVZX,5,MOV,4,MOV,7,0,0,0,0,0,JMP,0,0,1,0,0,0,MOV,0,0,4935017,4938362,4935043,0,1,0,1,cpp,4.830714371258005e-05,0.0,0,0,0
0x4b4d67,JNLE,65772735,63925153,-79,2,0x4b4d61,CMP,1,NonLeaf,eax(-1) esi(ADD) ,rflags ,LEA,4,CMP,2,MOVZX,4,ADD,4,MOV,4,SUB,8,SAR,3,TEST,2,MOV,7,JZ,6,0,0,0,1,1,JE,0,0,1,1,0,0,JE,1,0,4935001,4934936,4935017,0,0,1,1,cpp,0.0017197033539049,0.9719096066173925,1,1,1
0x4b4d49,JZ,65772735,63522300,16,2,0x4b4d46,AND,1,NonLeaf,edi(AND) ,edi rflags ,AND,3,AND,4,MOV,3,MOV,5,MOV,3,LEA,3,ADD,3,MOV,4,MOV,4,ADD,4,1,1,1,0,0,JG,0,0,1,0,0,0,MOV,0,0,4934936,4935001,4934987,0,0,0,1,cpp,0.0017197033539049,0.9657846826652412,1,0,1
0x4b4cfa,JZ,3860064,2012482,3456,6,0x4b4cf8,TEST,1,NonLeaf,eax(-1) eax(-1) ,rflags ,TEST,2,JNZ,2,CMP,3,ADD,4,MOV,5,MOV,8,MOV,8,XOR,2,NOP,6,MOVZX,5,0,1,0,0,0,JMP,0,0,1,0,0,0,NOP,0,0,4934904,4938362,4934912,0,0,0,0,cpp,0.0001009257864537,0.5213597494756563,1,0,1
0x4b4cf6,JNZ,13575789,9715725,-86,2,0x4b4cf3,CMP,1,NonLeaf,rdx(ADD) rdi(-1) ,rflags ,CMP,3,ADD,4,MOV,5,ADD,3,MOVSXD,3,TEST,2,JZ,6,MOV,8,MOV,8,XOR,2,0,0,0,1,1,JB,0,0,0,1,0,0,JE,1,0,4934895,4934816,4934904,0,0,0,0,cpp,0.0003549545244728,0.7156655867294343,1,1,1
0x4b4ce2,JB,13575789,12733247,13,2,0x4b4cde,UCOMISD,1,NonLeaf,xmm2(-1) xmm0(ADDSD) ,rflags ,UCOMISD,4,ADDSD,4,MULSD,4,SUBSD,5,MOVAPD,5,MOVSXD,3,ADD,3,MOV,5,ADD,4,CMP,3,1,1,1,0,0,JNE,0,0,1,0,0,0,MOV,0,0,4934816,4934895,4934884,0,0,0,1,cpp,0.0003549545244728,0.9379378981214278,1,1,1
0x4b4c6b,JLE,3860064,0,141,6,0x4b4c67,CMP,1,NonLeaf,rsp(-1) ecx(LEA) ,rflags ,CMP,4,LEA,4,MOV,8,MOV,8,MOV,7,MOV,4,MOVSXD,3,MOV,8,LEA,4,MOVSD_XMM,9,0,0,1,0,0,JE,0,0,0,0,0,0,NOP,0,0,4934732,4934904,4934769,0,0,0,0,cpp,0.0001009257864537,0.0,0,1,0
0x4b4c46,JNZ,436233492,432373428,-214,6,0x4b4c43,CMP,1,NonLeaf,rdx(ADD) r15(-1) ,rflags ,CMP,3,ADD,2,ADD,2,ADD,4,SETNBE,4,MOV,7,MOV,8,MOV,8,LEA,4,CMP,4,1,1,0,0,0,MOV,0,0,1,1,0,0,JLE,1,0,4934518,4934512,4934732,0,0,0,0,cpp,0.0114058233898601,0.9911513809214814,1,1,1
0x4b4ada,JLE,3860064,0,2990,6,0x4b4ad7,CMP,1,NonLeaf,esi(-1) ,rflags ,CMP,3,JZ,6,MOV,4,TEST,2,MOV,8,MOVZX,4,MOVZX,3,MOV,8,MOVSD_XMM,10,MOV,8,0,1,0,0,0,JMP,0,0,1,0,0,0,JMP,0,0,4934359,4937352,4934368,0,1,0,1,cpp,0.0001009257864537,0.0,0,0,0
0x4b4aab,JZ,3860064,3860064,2645,6,0x4b4aa2,TEST,1,NonLeaf,edi(MOV) edi(MOV) ,rflags ,MOV,7,TEST,2,MOV,6,JZ,6,TEST,2,CMP,5,JNS,6,MOV,7,MOV,8,TEST,2,0,1,0,0,0,JNE,0,0,1,0,0,0,JNS,0,0,4934300,4936960,4934321,0,0,1,0,cpp,0.0001009257864537,1.0,1,0,1
0x4b4a96,JZ,7182492,3322428,2650,6,0x4b4a94,TEST,1,NonLeaf,al(-1) ,rflags ,TEST,2,JZ,6,MOV,8,TEST,3,SUB,3,MOV,6,TEST,2,MOV,7,JZ,6,CMP,5,0,1,0,0,0,JMP,0,0,1,0,0,0,JE,0,0,4934292,4936944,4934300,0,0,0,1,cpp,0.0001877944650134,0.4625731570602515,0,0,0
0x4b4a8e,JZ,7182492,0,3075,6,0x4b4a83,TEST,1,NonLeaf,rdx(MOV) rdx(MOV) ,rflags ,MOV,8,TEST,3,SUB,3,MOV,3,MOV,4,TEST,2,JZ,6,MOV,6,TEST,2,MOV,7,0,1,0,0,0,JE,0,0,1,1,0,0,JE,0,0,4934150,4937361,4934292,0,0,0,0,cpp,0.0001877944650134,0.0,0,0,0
0x4b49d8,JNZ,5098397,3918882,1606,6,0x4b49d0,CMP,1,NonLeaf,rax(-1) rsp(-1) ,rflags ,CMP,8,NOP,2,JMP,5,JLE,6,MOV,3,NOP,2,ADD,8,MOV,7,JMP,5,NOP,4,0,0,0,0,0,JLE,0,0,1,0,0,0,NOP,0,0,4934096,4935710,4934110,0,0,1,0,cpp,0.0001333034185128,0.7686498324865639,1,0,1
0x4b49c3,JLE,121680,113373,-8222,6,0x4b49bc,CMP,1,NonLeaf,ebp(CMOVNZ) r13(MOV) ,rflags ,MOV,3,CMP,4,CMOVNZ,3,MOV,5,MOV,4,JMP,5,NOP,2,CMP,8,JNZ,6,NOP,2,0,0,1,0,0,JG,0,0,1,0,0,0,JMP,0,0,4934056,4925861,4934089,1,0,1,0,cpp,3.1814627155637694e-06,0.9317307692307693,1,0,1
0x4b498c,JZ,121680,121680,4879,6,0x4b491c,TEST,0,NonLeaf,rdi(-1) rdi(-1) ,rflags ,MOVSD_XMM,8,ADDSD,8,MOVSD_XMM,6,MOVSD_XMM,8,ADDSD,4,ADD,7,POP,1,POP,1,POP,2,POP,2,0,1,0,0,0,RET,0,0,1,0,0,0,JMP,0,0,4933663,4938907,4934034,0,0,0,0,cpp,3.1814627155637694e-06,1.0,1,0,1
0x4b4801,JZ,121680,104832,30,2,0x4b47f9,CMP,1,NonLeaf,rsp(-1) ,rflags ,CMP,8,CVTSI2SD,9,JNLE,6,MOV,7,MOV,3,MOV,8,MOVZX,8,MOVSXD,4,MOV,3,MOV,5,0,1,1,0,0,JE,0,0,1,0,0,0,MOV,0,0,4933625,4933663,4933635,0,0,1,1,cpp,3.1814627155637694e-06,0.8615384615384616,1,0,1
0x4b47ea,JNLE,24830040,24725208,-6701,6,0x4b47d9,CMP,0,NonLeaf,rsp(-1) eax(-1) ,rflags ,MOV,7,MOV,3,CMP,7,MOVZX,4,LEA,3,CVTSI2SD,9,CMP,8,JZ,2,MOV,8,MOVZX,8,0,0,0,1,1,JNE,0,0,0,1,0,0,CVTSI2SD,1,0,4933571,4926909,4933616,0,0,1,0,cpp,0.0006492097837438,0.9957780172726264,1,1,1
0x4b47bd,JNZ,28820535,3990495,547,6,0x4b4759,CMP,1,NonLeaf,rsp(-1) ,rflags ,MOVSD_XMM,5,ADDSD,5,MOVSD_XMM,9,MOVSD_XMM,5,ADDSD,5,MOV,8,MOVSXD,4,MOV,3,LEA,3,MOVZX,4,0,0,0,0,0,JMP,0,0,1,0,0,0,JG,0,0,4933420,4934112,4933571,0,0,1,1,cpp,0.0007535458378131,0.1384601292099539,0,0,0
0x4b46e8,JNZ,440050,204880,-352,6,0x4b4619,CMP,0,NonLeaf,rdx(-1) r8(-1) ,rflags ,MOVSD_XMM,5,MOVSD_XMM,5,SUBSD,4,MOVSD_XMM,5,SUBSD,4,MOVSD_XMM,7,MOVSD_XMM,7,MOVSD_XMM,7,MOVSD_XMM,7,MOVSD_XMM,7,0,0,0,1,1,SUBSD,0,0,1,1,0,0,MOVSD,1,0,4933267,4933000,4933358,1,0,1,1,cpp,1.1505610354896752e-05,0.4655834564254062,0,1,0
0x4b44ff,JLE,235170,0,557,6,0x4b44fd,TEST,1,NonLeaf,esi(SAR) esi(SAR) ,rflags ,TEST,2,ADD,7,SAR,3,SUB,3,JNZ,2,LEA,3,MOV,7,XOR,2,MOV,8,MOV,8,0,0,1,0,0,JNE,0,0,1,0,0,0,NOP,0,0,4932848,4933420,4932869,0,0,1,1,cpp,6.148788517579977e-06,0.0,0,0,0
0x4b44ee,JNZ,440050,204880,-118,2,0x4b44eb,CMP,1,NonLeaf,rax(ADD) r9(-1) ,rflags ,CMP,3,ADD,4,ADD,4,MOVSD_XMM,6,ADD,4,SUB,3,SAR,3,ADD,7,TEST,2,JLE,6,0,1,0,0,0,MOV,0,0,0,1,0,0,JLE,1,0,4932839,4932728,4932848,0,0,0,1,cpp,1.1505610354896752e-05,0.4655834564254062,0,1,0
0x4b44d4,JB,440050,0,19,2,0x4b44d0,UCOMISD,1,NonLeaf,xmm4(-1) xmm0(ADDSD) ,rflags ,UCOMISD,4,MOVSD_XMM,5,ADDSD,4,MULSD,4,MOVSD_XMM,5,MOV,3,ADD,4,MOVSD_XMM,6,ADD,4,ADD,4,1,1,1,0,0,JNE,0,0,1,0,0,0,ADD,0,0,4932730,4932839,4932822,0,0,0,1,cpp,1.1505610354896752e-05,0.0,0,0,0
0x4b444c,JLE,235170,0,164,6,0x4b443b,CMP,1,NonLeaf,r9d(MOV) edx(-1) ,rflags ,MOVSD_XMM,5,MOVSD_XMM,5,MOVSD_XMM,4,CMP,3,ADD,3,SUB,4,MOVSXD,3,SUB,3,LEA,5,ADD,3,0,1,1,0,0,JLE,0,0,1,0,0,0,JMP,0,0,4932630,4932848,4932690,0,1,1,0,cpp,6.148788517579977e-06,0.0,0,0,0
0x4b407e,JLE,235170,235170,5218,6,0x4b407b,CMP,0,NonLeaf,eax(-1) ,rflags ,CMP,3,JLE,6,TEST,2,MOV,7,ADDSD,8,MOV,8,XOR,3,XOR,3,MOV,8,MOVZX,3,0,1,0,0,0,JMP,0,0,1,0,0,0,JMP,0,0,4931707,4936928,4931716,0,0,0,1,cpp,6.148788517579977e-06,1.0,1,0,1
0x4b4075,JLE,28820535,28585365,1719,6,0x4b4073,TEST,1,NonLeaf,eax(MOV) eax(MOV) ,rflags ,TEST,2,MOV,7,ADDSD,8,MOVSD_XMM,9,MOVSD_XMM,10,CMP,3,JLE,6,MOV,8,XOR,3,XOR,3,0,1,1,0,0,JNE,0,0,1,0,0,0,JLE,0,0,4931692,4933420,4931707,0,0,1,0,cpp,0.0007535458378131,0.9918401931123068,1,0,1
0x4b4019,JNZ,754520,379860,-841,6,0x4b3da0,CMP,0,NonLeaf,rsi(-1) r10(-1) ,rflags ,MOVSD_XMM,5,MOVSD_XMM,5,SUBSD,4,SUBSD,4,MOVSD_XMM,5,MOVSD_XMM,10,MOVSD_XMM,10,MOVSD_XMM,10,MOVSD_XMM,10,MOVSD_XMM,10,0,0,0,1,1,MULSD,0,0,1,1,0,0,MOVSD,1,0,4931563,4930768,4931615,1,0,0,1,cpp,1.9727788035397563e-05,0.5034458993797382,1,1,1
0x4b3c07,JLE,374660,0,1108,6,0x4b3c05,TEST,1,NonLeaf,edx(SAR) edx(SAR) ,rflags ,TEST,2,ADD,7,SAR,3,SUB,3,JNZ,2,MOVSD_XMM,9,LEA,3,XOR,2,MOVSD_XMM,8,MOVSD_XMM,9,0,1,1,0,0,ADDSD,0,0,1,0,0,0,NOP,0,0,4930552,4931675,4930573,0,0,0,1,cpp,9.795914045144e-06,0.0,0,0,0
0x4b3bf6,JNZ,754520,379860,-118,2,0x4b3bf3,CMP,1,NonLeaf,rax(ADD) r9(-1) ,rflags ,CMP,3,ADD,4,ADD,4,MOVSD_XMM,6,ADD,4,SUB,3,SAR,3,ADD,7,TEST,2,JLE,6,0,1,0,0,0,MOV,0,0,0,1,0,0,JLE,1,0,4930543,4930432,4930552,0,0,0,1,cpp,1.9727788035397563e-05,0.5034458993797382,1,1,1
0x4b3bdc,JB,754520,0,19,2,0x4b3bd8,UCOMISD,1,NonLeaf,xmm4(-1) xmm0(ADDSD) ,rflags ,UCOMISD,4,MOVSD_XMM,5,ADDSD,4,MULSD,4,MOVSD_XMM,5,MOV,3,ADD,4,MOVSD_XMM,6,ADD,4,ADD,4,1,1,1,0,0,JNE,0,0,1,0,0,0,ADD,0,0,4930434,4930543,4930526,0,0,0,1,cpp,1.9727788035397563e-05,0.0,0,0,0
0x4b3b54,JLE,374660,0,164,6,0x4b3b43,CMP,1,NonLeaf,r9d(MOV) esi(-1) ,rflags ,MOVSD_XMM,5,MOVSD_XMM,5,MOVSD_XMM,4,CMP,3,ADD,3,SUB,4,MOVSXD,3,SUB,3,LEA,5,ADD,3,0,1,1,0,0,JLE,0,0,1,0,0,0,JMP,0,0,4930334,4930552,4930394,0,1,1,0,cpp,9.795914045144e-06,0.0,0,0,0
0x4b3765,JLE,374660,374660,7507,6,0x4b3762,CMP,1,NonLeaf,eax(-1) ,rflags ,CMP,3,JLE,6,TEST,2,MOV,7,MOVSD_XMM,10,MOV,8,MOV,8,XOR,3,XOR,3,MOV,8,0,1,0,0,0,JMP,0,0,1,0,0,0,JMP,0,0,4929378,4936888,4929387,0,0,0,1,cpp,9.795914045144e-06,1.0,1,0,1
0x4b375c,JLE,28820535,28445875,2320,6,0x4b375a,TEST,1,NonLeaf,eax(MOV) eax(MOV) ,rflags ,TEST,2,MOV,7,MOVSD_XMM,10,MOVSD_XMM,10,MOVSD_XMM,10,CMP,3,JLE,6,MOV,8,MOV,8,XOR,3,0,1,1,0,0,JLE,0,0,1,0,0,0,JLE,0,0,4929363,4931692,4929378,0,0,0,0,cpp,0.0007535458378131,0.9870002413209886,1,0,1
0x4b3700,JNZ,1264975759,1241671592,-752,6,0x4b34b4,CMP,0,NonLeaf,rsi(-1) r9(-1) ,rflags ,MOVSD_XMM,5,MOVSD_XMM,5,SUBSD,4,SUBSD,4,MOVSD_XMM,5,MOVSD_XMM,9,MOVSD_XMM,10,ADDSD,8,MOVSD_XMM,10,MOVSD_XMM,10,0,0,0,1,1,ADDSD,0,0,1,1,0,0,MOVSD,1,0,4929210,4928528,4929286,1,0,0,1,cpp,0.0330742374535706,0.9815773805670216,1,1,1
0x4b3398,JLE,28820535,5516368,8855,6,0x4b3396,TEST,1,NonLeaf,esi(SAR) esi(SAR) ,rflags ,TEST,2,SAR,3,SUB,3,JNZ,2,CMP,3,XORPD,4,LEA,3,MOV,7,MOV,8,MOV,8,0,1,0,0,0,ADDSD,0,0,1,0,0,0,NOP,0,0,4928400,4937263,4928414,0,1,0,1,cpp,0.0007535458378131,0.1914040804586035,0,0,0
0x4b338e,JNZ,185986711,157166176,-118,2,0x4b338b,CMP,1,NonLeaf,rax(ADD) r9(-1) ,rflags ,CMP,3,ADD,4,ADD,4,MOVSD_XMM,6,ADD,4,SUB,3,SAR,3,TEST,2,JLE,6,XORPD,4,0,1,0,0,0,MOV,0,0,0,1,0,0,JLE,1,0,4928391,4928280,4928400,0,0,0,0,cpp,0.0048628351958977,0.8450398157747948,1,1,1
0x4b3374,JB,185986711,112208505,19,2,0x4b3370,UCOMISD,1,NonLeaf,xmm4(-1) xmm0(ADDSD) ,rflags ,UCOMISD,4,MOVSD_XMM,5,ADDSD,4,MULSD,4,MOVSD_XMM,5,MOV,3,ADD,4,MOVSD_XMM,6,ADD,4,ADD,4,1,1,1,0,0,JNE,0,0,1,0,0,0,ADD,0,0,4928282,4928391,4928374,0,0,0,1,cpp,0.0048628351958977,0.6033146368183262,1,0,1
0x4b32ea,JLE,28820535,0,166,6,0x4b32d9,CMP,1,NonLeaf,r9d(MOV) edx(-1) ,rflags ,MOVSD_XMM,5,MOVSD_XMM,5,MOVSD_XMM,4,CMP,3,ADD,3,SUB,4,MOVSXD,3,SUB,3,LEA,5,ADD,3,0,1,1,0,0,JLE,0,0,1,0,0,0,JMP,0,0,4928180,4928400,4928240,0,1,0,0,cpp,0.0007535458378131,0.0,0,0,0
0x4b327f,JNZ,444252488,425129687,-583,6,0x4b3277,CMP,1,NonLeaf,r9(ADD) rsp(-1) ,rflags ,CMP,8,ADD,3,ADD,4,ADD,4,SETNBE,3,MOV,7,MOV,8,MOVSXD,3,MOV,8,LEA,4,0,1,0,0,0,MOV,0,0,1,1,0,0,ADD,1,0,4927968,4927544,4928133,0,0,0,0,cpp,0.0116154892083205,0.9569551065744396,1,1,1
0x4b2f19,JLE,28820535,9697734,9655,6,0x4b2f16,CMP,1,NonLeaf,eax(-1) ,rflags ,CMP,3,JLE,6,MOVSD_XMM,9,MULSD,9,TEST,2,MOV,8,MOV,8,XOR,3,XOR,3,MOV,8,0,1,0,0,0,JMP,0,0,1,0,0,0,JMP,0,0,4927254,4936912,4927263,0,0,0,1,cpp,0.0007535458378131,0.336486952792514,0,0,0
0x4b2f10,JLE,28820535,0,10032,6,0x4b2efc,TEST,1,NonLeaf,eax(MOV) eax(MOV) ,rflags ,MOVSD_XMM,9,MULSD,9,TEST,2,ADD,4,SHL,4,CMP,3,JLE,6,MOV,8,MOV,8,XOR,3,0,1,0,0,0,JMP,0,0,1,0,0,0,JLE,0,0,4927140,4937280,4927254,0,0,1,0,cpp,0.0007535458378131,0.0,0,0,0
0x4b2de4,JNZ,32012532,7182492,-108,2,0x4b2ddc,CMP,1,NonLeaf,rsp(-1) ,rflags ,CMP,8,ADD,8,SHL,4,MOV,8,MOV,3,MOV,8,MOVSD_XMM,10,MOVSD_XMM,10,MOVSD_XMM,10,ADDSD,5,1,1,0,0,0,JE,0,0,1,0,0,0,MOV,0,0,4926909,4926840,4926950,0,0,0,1,cpp,0.0008370042487573,0.2243650080537209,0,0,0
0x4b2db7,JLE,7182492,16848,6713,6,0x4b2db0,CMP,1,NonLeaf,rsp(-1) eax(-1) ,rflags ,CMP,7,MOV,7,ADD,7,AND,3,SUB,8,MOVSXD,8,MOV,3,MOV,8,SHL,4,ADD,8,0,0,1,0,0,CVTSI2SD,1,0,0,0,1,1,JNE,0,0,4926896,4933616,4926909,0,0,0,1,cpp,0.0001877944650134,0.002345703970154,0,0,0
0x4b2d8e,JZ,3860064,3860064,7274,6,0x4b2d8c,TEST,1,NonLeaf,edi(MOV) edi(MOV) ,rflags ,TEST,2,MOV,7,JZ,6,TEST,2,MOVZX,5,SHR,3,SUB,8,AND,3,ADD,7,MOV,7,0,1,0,0,0,MOV,0,0,1,0,0,0,MOV,0,0,4926853,4934136,4926868,0,0,1,1,cpp,0.0001009257864537,1.0,1,0,1
0x4b2d7f,JZ,7182492,3322428,7303,6,0x4b2d7d,TEST,1,NonLeaf,al(MOVZX) ,rflags ,TEST,2,MOVZX,5,NOP,6,JMP,2,MOV,5,MOV,7,TEST,2,JZ,6,SHR,3,SUB,8,0,1,0,0,0,JE,0,0,1,0,0,0,JE,0,0,4926840,4934150,4926853,0,0,1,0,cpp,0.0001877944650134,0.4625731570602515,0,0,0
0x4b2cb9,JLE,121680,0,12407,6,0x4b2cb2,CMP,1,NonLeaf,rsp(-1) eax(-1) ,rflags ,CMP,7,MOV,3,MOV,7,MOV,8,MOV,7,MOV,3,MOV,11,MOV,12,MOV,12,MOV,12,0,1,0,0,0,JMP,1,0,1,0,0,0,JMP,0,0,4926642,4939056,4926655,0,0,1,1,cpp,3.1814627155637694e-06,0.0,0,0,0
0x4b2c21,JZ,104832,104832,19,2,0x4b2c17,CMP,1,NonLeaf,rsp(-1) ecx(MOVZX) ,rflags ,MOV,3,CMP,7,MOVZX,4,LEA,3,MOV,4,MOV,5,CALL_NEAR,5,MOV,4,MOV,3,MOV,4,0,1,1,0,0,MOV,0,0,1,0,0,0,CALL,0,1,4926464,4926516,4926499,0,1,1,1,cpp,2.7409524934087858e-06,1.0,1,0,1
0x4b2b14,JZ,16848,16848,94,2,0x4b2b0d,TEST,1,NonLeaf,r8d(MOV) r8d(MOV) ,rflags ,MOV,4,TEST,3,MOVZX,5,MOV,11,MOV,7,MOV,8,MOV,8,MOV,3,XOR,2,MOV,2,0,0,1,0,0,JMP,0,0,1,0,0,0,NOP,0,0,4926190,4926322,4926230,0,0,1,0,cpp,4.405102221549835e-07,1.0,1,0,1
0x4b2ae8,JZ,16848,0,12841,6,0x4b2adf,TEST,1,NonLeaf,eax(MOVSXD) eax(MOVSXD) ,rflags ,MOV,7,TEST,2,MOVSXD,3,JNZ,2,CMP,2,MOV,8,MOV,7,MOV,11,MOVZX,5,TEST,3,0,0,0,0,0,JMP,0,0,1,0,0,0,JE,0,0,4926172,4939025,4926190,0,0,1,1,cpp,4.405102221549835e-07,0.0,0,0,0
0x4b2ada,JNZ,10790208,10773360,-26,2,0x4b2ad8,CMP,1,NonLeaf,eax(ADD) esi(-1) ,rflags ,CMP,2,ADD,4,ADD,3,MOV,5,ADD,3,MOVSXD,3,TEST,2,MOV,7,JZ,6,MOV,8,0,0,0,1,1,JE,0,0,1,1,0,0,JE,1,0,4926161,4926144,4926172,0,0,0,1,cpp,0.0002821223245001,0.9984385843164468,1,1,1
0x4b2ac4,JZ,10790208,6930144,13,2,0x4b2ac0,TEST,1,NonLeaf,rdx(-1) ,rflags ,TEST,4,NOP,5,XOR,2,XOR,2,MOV,3,MOVSXD,3,ADD,3,MOV,5,ADD,3,ADD,4,1,1,1,0,0,JNE,0,0,1,0,0,0,MOV,0,0,4926144,4926161,4926150,1,0,0,1,cpp,0.0002821223245001,0.6422623178348369,1,1,1
0x4b2aa6,JLE,16848,0,12907,6,0x4b2aa4,TEST,1,NonLeaf,esi(MOV) esi(MOV) ,rflags ,TEST,2,MOV,7,JZ,6,MOV,7,OR,3,MOV,8,MOV,3,XOR,2,XOR,2,NOP,5,0,1,0,0,0,JMP,0,0,1,0,0,0,NOP,0,0,4926109,4939025,4926124,0,0,1,0,cpp,4.405102221549835e-07,0.0,0,0,0
0x4b2a97,JZ,121680,104832,361,6,0x4b2a8d,OR,1,NonLeaf,al(OR) dil(SETNZ) ,al rflags ,MOV,7,OR,3,SETZ,3,MOV,8,MOV,8,MOV,7,TEST,2,JLE,6,MOV,8,MOV,3,0,1,0,0,0,JE,0,0,1,0,0,0,JLE,0,0,4926059,4926464,4926109,0,0,1,0,cpp,3.1814627155637694e-06,0.8615384615384616,1,0,1
0x4b2a65,JNLE,121680,8307,12682,6,0x4b2a56,CMP,1,NonLeaf,ebp(-1) r13(MOV) ,rflags ,MOV,3,MOV,8,CMP,4,MOV,3,MOV,7,MOV,3,TEST,2,MOV,4,SETNZ,4,TEST,2,0,1,0,0,0,CALL,0,1,1,1,0,0,JE,0,0,4926024,4938735,4926059,0,0,1,1,cpp,3.1814627155637694e-06,0.0682692307692307,0,0,0
0x4b2a42,JNLE,121680,8307,12489,6,0x4b2a33,CMP,1,NonLeaf,ebp(-1) r13(MOV) ,rflags ,MOV,3,MOV,8,CMP,4,MOV,3,MOV,7,MOV,4,MOV,7,MOV,3,CMP,4,MOV,8,0,1,0,0,0,CALL,0,1,1,1,0,0,JG,0,0,4925989,4938507,4926024,0,1,1,1,cpp,3.1814627155637694e-06,0.0682692307692307,0,0,0
0x4b2a1f,JNLE,121680,8307,12479,6,0x4b2a10,CMP,1,NonLeaf,ebp(-1) r13(MOV) ,rflags ,MOV,3,MOV,8,CMP,4,MOV,3,MOV,4,MOV,4,MOV,7,MOV,3,CMP,4,MOV,8,0,1,0,0,0,CALL,0,1,1,1,0,0,JG,0,0,4925957,4938462,4925989,0,1,1,1,cpp,3.1814627155637694e-06,0.0682692307692307,0,0,0
0x4b29ff,JNLE,121680,8307,12466,6,0x4b29f0,CMP,1,NonLeaf,ebp(-1) r13(MOV) ,rflags ,MOV,3,MOV,8,CMP,4,MOV,3,MOV,4,MOV,4,MOV,4,MOV,3,CMP,4,MOV,8,0,1,0,0,0,CALL,0,1,1,1,0,0,JG,0,0,4925925,4938417,4925957,0,1,1,1,cpp,3.1814627155637694e-06,0.0682692307692307,0,0,0
0x4b29df,JNLE,121680,8307,12453,6,0x4b29d0,CMP,1,NonLeaf,ebp(-1) r13(MOV) ,rflags ,MOV,3,MOV,8,CMP,4,MOV,3,MOV,4,MOV,4,MOV,4,MOV,3,CMP,4,MOV,8,0,1,0,0,0,CALL,0,1,1,1,0,0,JG,0,0,4925893,4938372,4925925,0,1,1,1,cpp,3.1814627155637694e-06,0.0682692307692307,0,0,0
0x4b29bf,JNLE,121680,8307,12713,6,0x4b29b0,CMP,1,NonLeaf,ebp(-1) r13(MOV) ,rflags ,MOV,3,MOV,8,CMP,4,MOV,3,MOV,4,MOV,4,MOV,4,MOV,3,CMP,4,MOV,8,0,1,0,0,0,CALL,0,1,1,1,0,0,JG,0,0,4925861,4938600,4925893,0,1,1,1,cpp,3.1814627155637694e-06,0.0682692307692307,0,0,0
0x4b298e,JNZ,121680,121680,8218,6,0x4b298c,TEST,1,NonLeaf,edx(-1) edx(-1) ,rflags ,TEST,2,SETZ,8,MOV,3,MOV,4,TEST,2,MOV,4,CMP,4,MOV,3,JNLE,6,MOV,4,0,1,0,0,0,JLE,0,0,1,0,0,0,JG,0,0,4925819,4934056,4925844,0,0,0,0,cpp,3.1814627155637694e-06,1.0,1,0,1
0x4b2975,JNLE,121680,59995,12832,6,0x4b296e,CMP,1,NonLeaf,ebp(-1) r13(MOV) ,rflags ,MOV,3,CMP,4,MOV,3,MOV,4,MOV,4,TEST,2,MOV,4,MOV,3,SETZ,8,TEST,2,0,1,0,0,0,CALL,0,1,1,1,0,0,JNE,0,0,4925795,4938645,4925819,0,0,1,1,cpp,3.1814627155637694e-06,0.4930555555555556,0,0,0
0x4b295d,JNLE,121680,59995,12901,6,0x4b2915,CMP,1,NonLeaf,ebp(LEA) r13(MOV) ,rflags ,MOVSD_XMM,9,MOV,8,MOVSD_XMM,8,MOVSD_XMM,9,MOV,4,MOV,4,MOV,4,MOV,3,CMP,4,MOV,3,0,1,0,0,0,CALL,0,1,1,1,0,0,JG,0,0,4925789,4938690,4925795,0,1,1,1,cpp,3.1814627155637694e-06,0.4930555555555556,0,0,0
0x4b27ca,JZ,121680,121680,6,2,0x4b27c7,TEST,1,NonLeaf,r9d(MOV) r9d(MOV) ,rflags ,TEST,3,MOV,7,INVALID,0,INVALID,0,INVALID,0,RET_NEAR,2,NOP,2,PUSH,2,PUSH,2,PUSH,2,0,1,0,0,0,MOVSD,0,0,1,0,0,0,REPZ RET,1,0,4925376,4925392,4925388,0,0,1,0,cpp,3.1814627155637694e-06,1.0,1,0,1
0x4b264f,JNLE,67700,31520,-15,2,0x4b264d,CMP,1,NonLeaf,edi(-1) ecx(ADD) ,rflags ,CMP,2,ADD,4,MOV,4,MOVZX,5,NOP,2,JMP,5,MOV,3,JMP,5,ADD,7,POP,1,1,1,1,1,1,JG,0,0,1,1,0,0,JMP,0,0,4924992,4924992,4925009,1,0,1,0,cpp,1.7700939007533463e-06,0.4655834564254062,0,1,0
0x4b2626,JNLE,116080,58440,-14,2,0x4b2624,CMP,1,NonLeaf,ecx(-1) eax(ADD) ,rflags ,CMP,2,ADD,4,MOV,4,MOVZX,4,NOP,3,JMP,5,MOV,7,MOV,8,XOR,2,NOP,2,1,1,1,1,1,JG,0,0,1,1,0,0,JMP,0,0,4924952,4924952,4924968,1,0,1,0,cpp,3.0350443131380866e-06,0.5034458993797382,1,1,1
0x4b244c,JNLE,4948665,4948665,-1170,6,0x4b2445,CMP,1,NonLeaf,rsp(-1) edi(LEA) ,rflags ,CMP,7,LEA,4,MOV,8,MOV,8,MOV,8,JMP,5,MOVZX,5,JMP,5,MOV,2,MOV,3,0,0,0,0,0,JMP,0,0,1,0,0,0,JMP,0,0,4924442,4923322,4924498,0,0,0,0,cpp,0.0001293885041856,1.0,1,0,1
0x4b23f1,JLE,148410691,77764801,-289,6,0x4b23ed,CMP,1,NonLeaf,edi(-1) rsp(-1) ,rflags ,CMP,4,JB,6,MOVSD_XMM,6,ADDSD,4,UCOMISD,5,MOV,4,ADD,4,JMP,5,NOP,4,MOVZX,5,0,1,0,0,0,JL,0,0,1,0,0,0,JMP,0,0,4924397,4924112,4924407,0,0,0,1,cpp,0.0038803671926985,0.5239838213542176,1,0,1
0x4b23e7,JB,272071936,123661245,-261,6,0x4b23d8,UCOMISD,1,NonLeaf,xmm9(-1) xmm1(ADDSD) ,rflags ,MOVSD_XMM,6,ADDSD,4,UCOMISD,5,MULSD,4,ADDSD,4,CMP,4,JLE,6,MOV,4,ADD,4,JMP,5,1,1,1,0,0,JB,0,0,1,0,0,0,JLE,0,0,4924213,4924130,4924397,0,0,0,0,cpp,0.0071136318239254,0.4545167238417416,0,0,0
0x4b2327,JZ,272071936,4948665,243,6,0x4b2322,CMP,1,NonLeaf,rcx(ADD) rsp(-1) ,rflags ,CMP,5,SAR,3,SHL,3,ADD,4,MOV,4,MOV,5,MOV,3,MOVAPD,5,MOVAPD,5,MOVAPD,5,0,1,1,0,0,JG,1,0,1,0,0,0,MOV,0,0,4924180,4924442,4924205,0,0,0,1,cpp,0.0071136318239254,0.0181888109180066,0,0,0
0x4b2301,JL,77376877,77126196,263,6,0x4b22fd,CMP,1,NonLeaf,esi(-1) rsp(-1) ,rflags ,CMP,4,JNLE,6,CMP,4,JB,2,UCOMISD,5,MOVZX,5,ADD,4,MOV,4,MOV,4,ADD,4,0,0,0,0,0,JMP,0,0,1,0,0,0,MOV,0,0,4924157,4924424,4924167,0,0,1,1,cpp,0.0020231069133979,0.9967602595281791,1,0,1
0x4b22f7,JNLE,148430652,71053775,273,6,0x4b22f3,CMP,1,NonLeaf,esi(-1) rsp(-1) ,rflags ,CMP,4,JB,2,UCOMISD,5,SAR,3,SHL,3,CMP,4,JL,6,MOVZX,5,ADD,4,MOV,4,0,1,0,0,0,JMP,0,0,1,0,0,0,JL,0,0,4924147,4924424,4924157,0,0,1,0,cpp,0.0038808890958647,0.4787001474601082,0,0,0
0x4b22f1,JB,272071936,123641284,35,2,0x4b22ec,UCOMISD,1,NonLeaf,xmm9(-1) xmm0(-1) ,rflags ,UCOMISD,5,SAR,3,SHL,3,MOV,4,ADD,4,CMP,4,JNLE,6,CMP,4,JL,6,MOVZX,5,0,1,1,0,0,JE,0,0,1,0,0,0,JG,0,0,4924130,4924180,4924147,0,0,0,0,cpp,0.0071136318239254,0.4544433572156446,0,0,0
0x4b22d4,JL,77764801,77511700,291,6,0x4b22d0,CMP,1,NonLeaf,edi(-1) rsp(-1) ,rflags ,CMP,4,JMP,2,MOV,8,MOV,5,LEA,8,MOV,4,ADD,4,MOV,4,SHL,3,SAR,3,0,0,0,0,0,JMP,0,0,1,0,0,0,ADD,0,0,4924112,4924407,4924122,0,0,1,1,cpp,0.0020332496298877,0.9967453012578276,1,0,1
0x4b2060,JLE,5388111,1136057,-112,2,0x4b205e,CMP,1,NonLeaf,esi(-1) ebx(-1) ,rflags ,CMP,2,JB,2,UCOMISD,4,ADDSD,4,MULSD,4,MOV,4,ADD,4,JMP,2,NOP,4,MOV,12,0,1,0,0,0,JL,0,0,1,0,0,0,JMP,0,0,4923486,4923376,4923490,0,0,0,1,cpp,0.00014087832227,0.2108451366350841,0,0,0
0x4b205c,JB,20451012,15062901,-94,2,0x4b2058,UCOMISD,1,NonLeaf,xmm2(-1) xmm0(ADDSD) ,rflags ,UCOMISD,4,ADDSD,4,MULSD,4,SUBSD,5,MOVAPD,5,CMP,2,JLE,2,MOV,4,ADD,4,JMP,2,1,1,1,0,0,JLE,0,0,1,0,0,0,JLE,0,0,4923406,4923390,4923486,0,0,0,0,cpp,0.0005347150901836,0.736535727425127,1,1,1
0x4b2008,JLE,20451012,5744358,-1336,6,0x4b2005,CMP,1,NonLeaf,r11d(-1) edi(ADD) ,rflags ,CMP,3,ADD,4,ADD,3,ADD,4,MOV,4,MOVZX,4,MOVAPD,5,MOVAPD,5,MOVZX,4,MOV,4,0,0,1,0,0,JE,1,0,0,0,1,1,JB,0,0,4923390,4922064,4923406,0,0,0,0,cpp,0.0005347150901836,0.2808838017404713,0,0,0
0x4b1ff4,JL,1136057,1134716,110,2,0x4b1ff0,CMP,1,NonLeaf,esi(-1) rsp(-1) ,rflags ,CMP,4,NOP,8,JMP,2,MOV,4,LEA,4,MOV,4,ADD,4,ADD,3,ADD,4,CMP,3,0,0,0,0,0,JMP,0,0,1,0,0,0,ADD,0,0,4923376,4923490,4923382,0,0,1,1,cpp,2.970350910794896e-05,0.9988196014812636,1,0,1
0x4b1fa2,JNLE,5744358,4948665,597,6,0x4b1f9f,CMP,1,NonLeaf,eax(-1) ,rflags ,CMP,3,JLE,6,TEST,2,MOV,7,NOP,8,MOV,8,MOV,8,XOR,2,MOV,8,MOVSXD,3,0,1,0,0,0,JMP,0,0,1,0,0,0,XOR,0,0,4923295,4923895,4923304,0,0,1,0,cpp,0.0001501928073787,0.8614826931051303,1,0,1
0x4b1f99,JLE,5744358,0,-2713,6,0x4b1f97,TEST,1,NonLeaf,eax(MOV) eax(MOV) ,rflags ,TEST,2,MOV,7,NOP,8,JMP,5,MOV,7,CMP,3,JNLE,6,MOV,8,MOV,8,XOR,2,0,0,0,0,0,JMP,0,0,1,0,0,0,JG,0,0,4923280,4920576,4923295,0,0,1,0,cpp,0.0001501928073787,0.0,0,0,0
0x4b1f61,JNZ,4288960,4288960,-2424,6,0x4b1f5f,TEST,1,NonLeaf,ebp(MOV) ebp(MOV) ,rflags ,TEST,2,MOV,8,MOV,7,NOP,5,JMP,5,AND,3,ADD,7,MOV,11,MOV,7,JMP,5,0,0,0,0,0,JLE,0,0,0,0,0,0,JMP,0,0,4923216,4920809,4923239,0,0,0,1,cpp,0.0001121397627263,1.0,1,0,1
0x4b1dd8,JBE,57640,57640,2084,6,0x4b1dd5,CMP,1,NonLeaf,edi(-1) ,rflags ,CMP,3,JZ,6,OR,2,SETBE,3,CMP,3,SHR,3,MOV,8,XOR,2,LEA,7,XOR,2,0,0,0,0,0,NOP,0,0,1,0,0,0,XOR,0,0,4922837,4924924,4922846,0,1,0,0,cpp,1.507063699252923e-06,1.0,1,0,1
0x4b1dcf,JZ,57640,0,2093,6,0x4b1dcd,OR,1,NonLeaf,al(OR) cl(SETBE) ,al rflags ,OR,2,SETBE,3,CMP,3,SETNB,3,CMP,3,CMP,3,JBE,6,SHR,3,MOV,8,XOR,2,0,1,0,0,0,NOP,0,0,1,0,0,0,JBE,0,0,4922784,4924924,4922837,0,0,0,0,cpp,1.507063699252923e-06,0.0,0,1,0
0x4b1d9a,JLE,4434595,4376955,2322,6,0x4b1d87,TEST,1,NonLeaf,edi(MOV) edi(MOV) ,rflags ,MOV,8,LEA,5,MOV,4,TEST,2,MOV,8,ADD,4,ADD,2,MOV,8,CDQE,2,LEA,5,0,1,0,0,0,JMP,0,0,1,0,0,0,JE,0,0,4922719,4925100,4922784,0,0,0,0,cpp,0.0001159475563044,0.987002195239926,1,0,1
0x4b1c66,JBE,36180,36180,2503,6,0x4b1c62,CMP,1,NonLeaf,r9d(-1) ,rflags ,CMP,4,JZ,6,OR,3,SETNB,4,CMP,3,SHR,4,MOV,5,MOV,8,LEA,8,XOR,2,0,0,0,0,0,NOP,0,0,1,0,0,0,XOR,0,0,4922466,4924973,4922476,0,1,0,1,cpp,9.459674642430734e-07,1.0,1,0,1
0x4b1c5c,JZ,36180,0,2513,6,0x4b1c59,OR,1,NonLeaf,cl(OR) dil(SETNB) ,cl rflags ,OR,3,SETNB,4,CMP,3,ADD,4,SETNB,3,CMP,4,JBE,6,SHR,4,MOV,5,MOV,8,0,1,0,0,0,NOP,0,0,1,0,0,0,JBE,0,0,4922414,4924973,4922466,0,0,0,0,cpp,9.459674642430734e-07,0.0,0,1,0
0x4b1c28,JLE,4434595,4398415,2705,6,0x4b1c0f,TEST,1,NonLeaf,r9d(MOV) r9d(MOV) ,rflags ,LEA,5,LEA,5,MOV,4,MOVSXD,3,LEA,5,ADD,2,MOV,8,MOVSXD,3,LEA,5,LEA,4,0,1,0,0,0,JMP,0,0,1,0,0,0,JE,0,0,4922347,4925113,4922414,0,0,0,0,cpp,0.0001159475563044,0.9918414195659356,1,0,1
0x4b1be4,JZ,4434595,0,7,2,0x4b1bde,TEST,1,NonLeaf,eax(SAR) eax(SAR) ,rflags ,LEA,4,TEST,2,ADD,3,MOV,7,MOVSXD,3,MOVZX,5,MOV,5,MOV,3,LEA,3,MOV,8,0,1,1,0,0,JLE,0,0,1,0,0,0,MOVZX,0,0,4922302,4922347,4922342,0,0,1,0,cpp,0.0001159475563044,0.0,0,0,0
0x4b1b78,JNLE,67700,61610,-44,2,0x4b1b76,CMP,1,NonLeaf,edi(-1) edx(ADD) ,rflags ,CMP,2,ADD,4,MOV,4,ADD,4,JNZ,2,SUB,8,SUB,8,SAR,3,SAR,3,LEA,4,0,0,0,1,1,JNE,0,0,0,1,0,0,MOV,1,0,4922218,4922188,4922234,0,0,0,1,cpp,1.7700939007533463e-06,0.9100443131462334,1,1,1
0x4b1b68,JNZ,505123,437423,-56,2,0x4b1b65,CMP,1,NonLeaf,cl(MOVZX) ,rflags ,CMP,3,MOVZX,5,MOVSXD,3,SAR,3,SHL,3,ADD,4,MOV,4,ADD,4,CMP,2,JNLE,2,1,1,0,0,0,JE,0,0,1,0,0,0,JG,0,0,4922188,4922160,4922218,0,0,0,1,cpp,1.3207018337226478e-05,0.8659732382013886,1,0,1
0x4b1b4a,JLE,437423,73479,48,2,0x4b1b48,CMP,1,NonLeaf,edi(-1) edx(ADD) ,rflags ,CMP,2,ADD,4,ADD,4,MOV,3,JNZ,2,MOVZX,4,MOVZX,3,MOV,4,SHL,3,SAR,3,0,0,1,0,0,MOV,1,0,0,0,1,1,JNE,0,0,4922180,4922234,4922188,0,0,1,0,cpp,1.1436924436473131e-05,0.1679815647553969,0,0,0
0x4b1b3b,JNZ,321343,0,9,2,0x4b1b39,TEST,1,NonLeaf,cl(-1) cl(-1) ,rflags ,TEST,2,JZ,6,CMP,3,NOP,7,JMP,2,MOV,3,ADD,4,ADD,4,CMP,2,JLE,2,0,0,1,0,0,JLE,0,0,1,0,0,0,ADD,0,0,4922169,4922180,4922173,0,0,0,1,cpp,8.401880123335046e-06,0.0,0,0,0
0x4b1b33,JZ,437423,116080,981,6,0x4b1b30,CMP,1,NonLeaf,cl(-1) ,rflags ,CMP,3,NOP,7,JMP,2,MOV,8,MOV,5,TEST,2,JNZ,2,MOV,3,ADD,4,ADD,4,0,1,0,0,0,JMP,0,0,1,0,0,0,JNE,0,0,4922160,4923144,4922169,0,0,1,0,cpp,1.1436924436473131e-05,0.2653724198316046,0,0,0
0x4b1b02,JLE,4434595,4355026,2926,6,0x4b1afe,TEST,1,NonLeaf,edx(SAR) edx(SAR) ,rflags ,MOV,2,TEST,2,SAR,3,SUB,3,MOV,8,MOV,8,MOV,8,XOR,2,MOV,5,MOV,8,0,1,0,0,0,JMP,0,0,1,0,0,0,JMP,0,0,4922078,4925040,4922120,0,0,1,0,cpp,0.0001159475563044,0.9820572115379196,1,0,1
0x4b19c5,JZ,5744358,5744358,1483,6,0x4b19ba,TEST,1,NonLeaf,r8b(MOV) r8b(MOV) ,rflags ,MOV,8,TEST,3,ADD,3,MOV,5,LEA,5,MOV,7,XOR,2,MOV,8,TEST,2,JLE,6,0,1,0,0,0,JLE,0,0,1,0,0,0,JLE,0,0,4921768,4923280,4921803,0,0,0,0,cpp,0.0001501928073787,1.0,1,0,1
0x4b1955,JZ,14448,0,67,2,0x4b1952,TEST,1,NonLeaf,rdi(MOV) rdi(MOV) ,rflags ,TEST,3,MOV,3,MOVSD_XMM,7,MOV,5,MOVSD_XMM,7,MOVSD_XMM,7,MOV,5,MOVSD_XMM,7,MOVSD_XMM,7,CALL_NEAR,5,0,1,1,0,0,MOV,0,0,1,0,0,0,CALL,0,1,4921645,4921752,4921687,0,0,1,1,cpp,3.7775947825826217e-07,0.0,0,0,0
0x4b18d0,JNL,33168,18720,-8,2,0x4b18ce,CMP,1,NonLeaf,edx(-1) ebp(ADD) ,rflags ,CMP,2,ADD,2,SAR,2,MOV,2,NOP,4,MOVSXD,3,MOV,10,MOV,7,LEA,4,CMP,3,1,1,1,1,1,JGE,0,0,1,1,0,0,CALL,0,1,4921544,4921544,4921554,1,0,0,1,cpp,8.672152806526882e-07,0.5643994211287988,1,1,1
0x4b18be,JL,5744358,5729910,3480,6,0x4b18bc,CMP,1,NonLeaf,edx(LEA) ebp(MOV) ,rflags ,CMP,2,MOV,4,LEA,4,MOV,3,MOV,3,NOP,4,MOV,2,SAR,2,ADD,2,CMP,2,0,1,0,0,0,JMP,0,0,1,0,0,0,NOP,0,0,4921503,4925014,4921540,0,0,0,0,cpp,0.0001501928073787,0.9974848364255848,1,0,1
0x4b1890,JZ,5744358,5744358,15,2,0x4b188e,TEST,1,NonLeaf,eax(MOV) eax(MOV) ,rflags ,TEST,2,XOR,3,MOV,4,MOV,4,MOVZX,5,MOVZX,5,SHR,4,AND,4,MOV,8,MOV,7,0,1,1,0,0,JL,0,0,1,0,0,0,AND,0,0,4921483,4921503,4921490,0,0,1,0,cpp,0.0001501928073787,1.0,1,0,1
0x4b186d,JZ,2053019,0,3050,6,0x4b1864,TEST,1,NonLeaf,edx(SAR) edx(SAR) ,rflags ,MOV,7,TEST,2,SAR,3,SUB,8,JNLE,2,MOV,8,MOVSXD,3,MOVZX,5,MOV,4,MOV,4,0,0,0,0,0,JMP,0,0,1,0,0,0,MOV,0,0,4921433,4924503,4921459,0,1,0,1,cpp,5.367852895170952e-05,0.0,0,0,0
0x4b1857,JNLE,73096255,71043236,-79,2,0x4b1851,CMP,1,NonLeaf,eax(-1) esi(ADD) ,rflags ,LEA,4,CMP,2,MOVZX,4,ADD,4,MOV,4,SUB,8,SAR,3,TEST,2,MOV,7,JZ,6,0,0,0,1,1,JE,0,0,1,1,0,0,JE,1,0,4921417,4921352,4921433,0,0,1,1,cpp,0.0019111851572143,0.9719134858550552,1,1,1
0x4b1839,JZ,73096255,70599005,16,2,0x4b1836,AND,1,NonLeaf,edi(AND) ,edi rflags ,AND,3,AND,4,MOV,3,MOV,5,MOV,3,LEA,3,ADD,3,MOV,4,MOV,4,ADD,4,1,1,1,0,0,JG,0,0,1,0,0,0,MOV,0,0,4921352,4921417,4921403,0,0,0,1,cpp,0.0019111851572143,0.9658361430418017,1,0,1
0x4b17ea,JZ,4288960,2235941,3181,6,0x4b17e8,TEST,1,NonLeaf,eax(-1) eax(-1) ,rflags ,TEST,2,JNZ,2,CMP,3,ADD,4,MOV,5,MOV,8,MOV,8,XOR,2,NOP,6,MOVZX,5,0,1,0,0,0,JMP,0,0,1,0,0,0,NOP,0,0,4921320,4924503,4921328,0,0,0,0,cpp,0.0001121397627263,0.5213247500559576,1,0,1
0x4b17e6,JNZ,15084210,10795250,-86,2,0x4b17e3,CMP,1,NonLeaf,rdx(ADD) rdi(-1) ,rflags ,CMP,3,ADD,4,MOV,5,ADD,3,MOVSXD,3,TEST,2,JZ,6,MOV,8,MOV,8,XOR,2,0,0,0,1,1,JB,0,0,0,1,0,0,JE,1,0,4921311,4921232,4921320,0,0,0,0,cpp,0.0003943939160809,0.7156655867294343,1,1,1
0x4b17d2,JB,15084210,14149457,13,2,0x4b17ce,UCOMISD,1,NonLeaf,xmm2(-1) xmm0(ADDSD) ,rflags ,UCOMISD,4,ADDSD,4,MULSD,4,SUBSD,5,MOVAPD,5,MOVSXD,3,ADD,3,MOV,5,ADD,4,CMP,3,1,1,1,0,0,JNE,0,0,1,0,0,0,MOV,0,0,4921232,4921311,4921300,0,0,0,1,cpp,0.0003943939160809,0.9380310271469304,1,1,1
0x4b175f,JLE,4288960,0,137,6,0x4b175d,CMP,1,NonLeaf,ebp(MOV) ecx(LEA) ,rflags ,CMP,2,LEA,4,MOV,5,MOV,4,MOV,4,SUB,3,MOVSXD,3,MOV,8,SUB,2,LEA,4,0,0,1,0,0,JE,0,0,0,0,0,0,NOP,0,0,4921164,4921320,4921189,0,1,0,0,cpp,0.0001121397627263,0.0,0,0,0
0x4b1746,JNZ,484703880,480414920,-214,6,0x4b1743,CMP,1,NonLeaf,rdx(ADD) r15(-1) ,rflags ,CMP,3,ADD,2,ADD,2,ADD,4,SETNBE,4,MOV,4,MOV,4,MOV,5,LEA,4,CMP,2,1,1,0,0,0,MOV,0,0,1,1,0,0,JLE,1,0,4920950,4920944,4921164,0,0,0,0,cpp,0.0126731370998446,0.9911513809214814,1,1,1
0x4b15ec,JLE,4288960,0,2740,6,0x4b15e9,CMP,1,NonLeaf,ebp(-1) ,rflags ,CMP,3,JZ,6,TEST,2,MOV,8,MOV,7,MOVZX,4,MOVZX,3,MOV,5,MOV,4,MOVSD_XMM,10,0,1,0,0,0,JMP,0,0,1,0,0,0,JMP,0,0,4920809,4923552,4920818,0,0,0,1,cpp,0.0001121397627263,0.0,0,0,0
0x4b15c2,JZ,4288960,4288960,2446,6,0x4b15bc,TEST,1,NonLeaf,ecx(MOV) ecx(MOV) ,rflags ,MOV,4,TEST,2,MOV,6,JZ,6,TEST,2,CMP,4,JNS,6,MOV,7,MOV,8,TEST,2,0,1,0,0,0,JNE,0,0,1,0,0,0,JNS,0,0,4920758,4923216,4920776,0,0,0,0,cpp,0.0001121397627263,1.0,1,0,1
0x4b15b0,JZ,7980299,3691339,2448,6,0x4b15ae,TEST,1,NonLeaf,al(-1) ,rflags ,TEST,2,JZ,6,MOV,5,TEST,3,SUB,3,MOV,6,TEST,2,MOV,4,JZ,6,CMP,4,0,1,0,0,0,JMP,0,0,1,0,0,0,JE,0,0,4920750,4923200,4920758,0,0,0,1,cpp,0.0002086540411534,0.4625564781469967,0,0,0
0x4b15a8,JZ,7980299,0,2817,6,0x4b15a0,TEST,1,NonLeaf,rdx(MOV) rdx(MOV) ,rflags ,MOV,5,TEST,3,SUB,3,MOV,4,MOV,3,TEST,2,JZ,6,MOV,6,TEST,2,MOV,4,0,1,0,0,0,JE,0,0,1,1,0,0,JE,0,0,4920614,4923561,4920750,0,0,0,0,cpp,0.0002086540411534,0.0,0,0,0
0x4b14f8,JNZ,5664789,4355026,1510,6,0x4b14f0,CMP,1,NonLeaf,rax(-1) rsp(-1) ,rflags ,CMP,8,NOP,4,JMP,5,JLE,6,MOV,3,NOP,2,ADD,8,MOV,7,JMP,5,NOP,4,0,0,0,0,0,JLE,0,0,1,0,0,0,NOP,0,0,4920560,4922078,4920574,0,0,1,0,cpp,0.0001481123849033,0.7687887404102783,1,0,1
0x4b14e1,JLE,121680,112450,-5672,6,0x4b14da,CMP,1,NonLeaf,ebp(CMOVNZ) r13(MOV) ,rflags ,MOV,3,CMP,4,CMOVNZ,3,MOV,5,MOV,4,JMP,5,NOP,4,CMP,8,JNZ,6,NOP,2,0,0,1,0,0,JG,0,0,1,0,0,0,JMP,0,0,4920518,4914873,4920551,1,0,1,0,cpp,3.1814627155637694e-06,0.9241452991452992,1,0,1
0x4b14aa,JZ,121680,121680,4532,6,0x4b13f7,TEST,1,NonLeaf,rdi(MOV) rdi(MOV) ,rflags ,MOVSD_XMM,5,ADDSD,5,MOVSD_XMM,6,MOVSD_XMM,5,ADDSD,4,ADD,7,POP,1,POP,1,POP,2,POP,2,0,1,0,0,0,RET,0,0,1,0,0,0,JMP,0,0,4920275,4925022,4920496,0,0,0,0,cpp,3.1814627155637694e-06,1.0,1,0,1
0x4b13b5,JZ,121680,102960,30,2,0x4b13ad,CMP,1,NonLeaf,rsp(-1) ,rflags ,CMP,8,CVTSI2SD,9,JNLE,6,MOV,7,MOV,3,MOV,8,MOVZX,8,MOVSXD,4,MOV,3,MOV,5,0,1,1,0,0,JE,0,0,1,0,0,0,MOV,0,0,4920237,4920275,4920247,0,0,1,1,cpp,3.1814627155637694e-06,0.8461538461538461,1,0,1
0x4b139e,JNLE,24386423,24283463,-4369,6,0x4b138d,CMP,1,NonLeaf,rsp(-1) eax(MOVZX) ,rflags ,MOV,7,MOV,3,CMP,7,MOVZX,4,LEA,3,CVTSI2SD,9,CMP,8,JZ,2,MOV,8,MOVZX,8,0,0,0,1,1,JNE,0,0,0,1,0,0,CVTSI2SD,1,0,4920183,4915853,4920228,0,0,1,0,cpp,0.0006376109100958,0.995777978590792,1,1,1
0x4b1371,JNZ,28821018,4434595,399,6,0x4b1333,CMP,1,NonLeaf,rsp(-1) ,rflags ,MOVSD_XMM,5,ADDSD,5,MOVSD_XMM,9,MOVSD_XMM,5,ADDSD,5,MOV,8,MOVSXD,4,MOV,3,LEA,3,MOVZX,4,0,0,0,0,0,JMP,0,0,1,0,0,0,JG,0,0,4920079,4920576,4920183,0,0,1,1,cpp,0.0007535584664003,0.1538667024183531,0,0,0
0x4b12f5,JNZ,754520,379860,-677,6,0x4b10ff,CMP,0,NonLeaf,rcx(-1) r8(-1) ,rflags ,MOVSD_XMM,5,MOVSD_XMM,5,SUBSD,4,MOVSD_XMM,5,SUBSD,4,MOVSD_XMM,10,MOVSD_XMM,10,MOV,7,ADD,7,MOV,8,0,0,0,1,1,ADDSD,0,0,1,1,0,0,MOVSD,1,0,4920053,4919376,4920059,1,0,0,1,cpp,1.9727788035397563e-05,0.5034458993797382,1,1,1
0x4b0fd7,JLE,374660,0,824,6,0x4b0fd5,TEST,1,NonLeaf,edx(SAR) edx(SAR) ,rflags ,TEST,2,ADD,7,SAR,3,SUB,3,JNZ,2,MOVSD_XMM,8,LEA,3,XOR,2,MOV,7,MOVSD_XMM,7,0,0,1,0,0,JNE,0,0,1,0,0,0,MOVSD,0,0,4919240,4920079,4919261,0,0,1,1,cpp,9.795914045144e-06,0.0,0,0,0
0x4b0fc6,JNZ,754520,379860,-118,2,0x4b0fc3,CMP,1,NonLeaf,rax(ADD) r9(-1) ,rflags ,CMP,3,ADD,4,ADD,4,MOVSD_XMM,6,ADD,4,SUB,3,SAR,3,ADD,7,TEST,2,JLE,6,0,1,0,0,0,MOV,0,0,0,1,0,0,JLE,1,0,4919231,4919120,4919240,0,0,0,1,cpp,1.9727788035397563e-05,0.5034458993797382,1,1,1
0x4b0fac,JB,754520,0,19,2,0x4b0fa8,UCOMISD,1,NonLeaf,xmm4(-1) xmm0(ADDSD) ,rflags ,UCOMISD,4,MOVSD_XMM,5,ADDSD,4,MULSD,4,MOVSD_XMM,5,MOV,3,ADD,4,MOVSD_XMM,6,ADD,4,ADD,4,1,1,1,0,0,JNE,0,0,1,0,0,0,ADD,0,0,4919122,4919231,4919214,0,0,0,1,cpp,1.9727788035397563e-05,0.0,0,0,0
0x4b0f26,JLE,374660,0,162,6,0x4b0f15,CMP,1,NonLeaf,r9d(MOV) esi(-1) ,rflags ,MOVSD_XMM,5,MOVSD_XMM,5,MOVSD_XMM,4,CMP,3,ADD,3,SUB,4,MOVSXD,3,SUB,3,LEA,5,ADD,3,0,1,1,0,0,JLE,0,0,1,0,0,0,JMP,0,0,4919025,4919240,4919084,0,1,1,0,cpp,9.795914045144e-06,0.0,0,0,0
0x4b0b7d,JLE,374660,374660,5019,6,0x4b0b7a,CMP,1,NonLeaf,eax(-1) ,rflags ,CMP,3,JLE,6,TEST,2,MOV,7,MOVSD_XMM,7,MOV,8,XOR,3,XOR,3,MOV,8,MOVZX,3,0,1,0,0,0,JMP,0,0,1,0,0,0,JMP,0,0,4918138,4923160,4918147,0,0,0,1,cpp,9.795914045144e-06,1.0,1,0,1
0x4b0b74,JLE,28821018,28446358,1947,6,0x4b0b72,TEST,1,NonLeaf,eax(MOV) eax(MOV) ,rflags ,TEST,2,MOV,7,MOVSD_XMM,7,MOVSD_XMM,7,MOVSD_XMM,7,CMP,3,JLE,6,MOV,8,XOR,3,XOR,3,0,1,1,0,0,JNE,0,0,1,0,0,0,JLE,0,0,4918123,4920079,4918138,0,0,1,0,cpp,0.0007535584664003,0.987000459178784,1,0,1
0x4b0b2b,JNZ,1264975759,1241671592,-675,6,0x4b090e,CMP,0,NonLeaf,rcx(-1) r8(-1) ,rflags ,MOVSD_XMM,5,MOVSD_XMM,5,SUBSD,4,MOVSD_XMM,5,SUBSD,4,MOVSD_XMM,9,MOVSD_XMM,10,ADDSD,8,MOVSD_XMM,10,MOVSD_XMM,7,0,0,0,1,1,MOVSD,0,0,1,1,0,0,MOVSD,1,0,4917784,4917384,4918065,1,0,0,1,cpp,0.0330742374535706,0.9815773805670216,1,1,1
0x4b0820,JLE,28821018,5516851,8035,6,0x4b081e,TEST,1,NonLeaf,esi(SAR) esi(SAR) ,rflags ,TEST,2,SAR,3,SUB,3,JNZ,2,CMP,3,XORPD,4,LEA,3,MOV,7,MOV,8,MOV,8,0,1,0,0,0,JMP,0,0,1,0,0,0,NOP,0,0,4917272,4925315,4917286,0,0,1,1,cpp,0.0007535584664003,0.1914176313966425,0,0,0
0x4b0816,JNZ,185993301,157172283,-118,2,0x4b0813,CMP,1,NonLeaf,rax(ADD) r9(-1) ,rflags ,CMP,3,ADD,4,ADD,4,MOVSD_XMM,6,ADD,4,SUB,3,SAR,3,TEST,2,JLE,6,XORPD,4,0,1,0,0,0,MOV,0,0,0,1,0,0,JLE,1,0,4917263,4917152,4917272,0,0,0,0,cpp,0.0048630074989819,0.8450427093608065,1,1,1
0x4b07fc,JB,185993301,111777718,19,2,0x4b07f8,UCOMISD,1,NonLeaf,xmm4(-1) xmm0(ADDSD) ,rflags ,UCOMISD,4,MOVSD_XMM,5,ADDSD,4,MULSD,4,MOVSD_XMM,5,MOV,3,ADD,4,MOVSD_XMM,6,ADD,4,ADD,4,1,1,1,0,0,JNE,0,0,1,0,0,0,ADD,0,0,4917154,4917263,4917246,0,0,0,1,cpp,0.0048630074989819,0.6009771179877065,1,0,1
0x4b0770,JLE,28821018,0,168,6,0x4b075f,CMP,1,NonLeaf,r9d(MOV) edx(-1) ,rflags ,MOVSD_XMM,5,MOVSD_XMM,5,MOVSD_XMM,4,CMP,3,ADD,3,SUB,4,MOVSXD,3,SUB,3,LEA,5,ADD,3,0,1,1,0,0,JLE,0,0,1,0,0,0,JMP,0,0,4917051,4917272,4917110,0,1,0,0,cpp,0.0007535584664003,0.0,0,0,0
0x4b070e,JNZ,444288637,425162228,-574,6,0x4b0706,CMP,1,NonLeaf,r9(ADD) rsp(-1) ,rflags ,CMP,8,ADD,3,ADD,4,ADD,4,SETNBE,3,MOV,7,MOV,8,MOVSXD,3,LEA,4,SHL,4,0,1,0,0,0,MOV,0,0,1,1,0,0,ADD,1,0,4916849,4916432,4917012,0,0,0,0,cpp,0.0116164343652543,0.9569504880224968,1,1,1
0x4b03d4,JLE,28821018,9694609,7004,6,0x4b03d1,CMP,1,NonLeaf,eax(-1) ,rflags ,CMP,3,JLE,6,ADDSD,8,MOVSD_XMM,9,MOVSD_XMM,6,MOV,8,XOR,3,XOR,3,MOV,8,MOVZX,3,0,1,0,0,0,JMP,0,0,1,0,0,0,JMP,0,0,4916177,4923184,4916186,0,0,0,1,cpp,0.0007535584664003,0.3363728859265137,0,0,0
0x4b03cb,JLE,28821018,0,7333,6,0x4b03a9,TEST,1,NonLeaf,eax(MOV) eax(MOV) ,rflags ,ADDSD,8,MOVSD_XMM,9,MOVSD_XMM,6,MULSD,9,TEST,2,CMP,3,JLE,6,MOV,8,XOR,3,XOR,3,0,1,0,0,0,JMP,0,0,1,0,0,0,JLE,0,0,4916066,4923504,4916177,0,0,1,0,cpp,0.0007535584664003,0.0,0,0,0
0x4b02b4,JNZ,32366722,7980299,-116,2,0x4b02ac,CMP,1,NonLeaf,rsp(-1) ,rflags ,CMP,8,ADD,8,SHL,4,MOV,8,MOV,3,MOV,8,MOVSD_XMM,10,MOVSD_XMM,10,MOVSD_XMM,10,ADDSD,5,1,1,0,0,0,JE,0,0,1,0,0,0,MOV,0,0,4915853,4915776,4915894,0,0,0,1,cpp,0.0008462649512493,0.2465587648943875,0,0,0
0x4b0287,JLE,7980299,18720,4381,6,0x4b0280,CMP,1,NonLeaf,rsp(-1) eax(-1) ,rflags ,CMP,7,NOP,8,MOV,7,ADD,7,AND,3,MOVSXD,8,MOV,3,MOV,8,SHL,4,ADD,8,0,0,1,0,0,CVTSI2SD,1,0,0,0,1,1,JNE,0,0,4915840,4920228,4915853,0,0,0,1,cpp,0.0002086540411534,0.0023457767685145,0,0,0
0x4b0256,JZ,4288960,4288960,4802,6,0x4b0254,TEST,1,NonLeaf,edi(MOV) edi(MOV) ,rflags ,TEST,2,MOV,7,JZ,6,TEST,2,MOVZX,5,SHR,3,SUB,8,AND,3,ADD,7,MOV,7,0,1,0,0,0,MOV,0,0,1,0,0,0,NOP,0,0,4915789,4920600,4915804,0,0,1,1,cpp,0.0001121397627263,1.0,1,0,1
0x4b0247,JZ,7980299,3691339,4831,6,0x4b0245,TEST,1,NonLeaf,al(MOVZX) ,rflags ,TEST,2,MOVZX,5,NOP,9,JMP,2,MOV,11,MOV,7,TEST,2,JZ,6,SHR,3,SUB,8,0,1,0,0,0,JE,0,0,1,0,0,0,JE,0,0,4915776,4920614,4915789,0,0,1,0,cpp,0.0002086540411534,0.4625564781469967,0,0,0
0x4b01a1,JLE,121680,0,9543,6,0x4b019a,CMP,1,NonLeaf,rsp(-1) eax(MOVZX) ,rflags ,CMP,7,MOV,3,MOV,7,MOV,8,MOV,7,MOV,3,MOV,11,MOV,3,MOV,12,MOV,12,0,1,0,0,0,JMP,1,0,1,0,0,0,JMP,0,0,4915610,4925160,4915623,0,0,1,1,cpp,3.1814627155637694e-06,0.0,0,0,0
0x4b0121,JZ,102960,102960,19,2,0x4b0117,CMP,1,NonLeaf,rsp(-1) ecx(MOVZX) ,rflags ,MOV,3,CMP,7,MOVZX,4,LEA,3,MOV,4,MOV,5,CALL_NEAR,5,MOV,4,MOV,3,MOV,4,0,1,1,0,0,MOV,0,0,1,0,0,0,CALL,0,1,4915456,4915508,4915491,0,1,1,1,cpp,2.6920069131693437e-06,1.0,1,0,1
0x4b0024,JZ,18720,18720,102,2,0x4b001d,TEST,1,NonLeaf,r8d(MOV) r8d(MOV) ,rflags ,MOV,4,TEST,3,MOVZX,5,MOV,11,MOV,7,MOV,7,MOV,8,XOR,2,MOV,8,XOR,2,0,0,1,0,0,JMP,0,0,1,0,0,0,NOP,0,0,4915198,4915338,4915238,0,0,1,0,cpp,4.894558023944261e-07,1.0,1,0,1
0x4afff8,JZ,18720,0,9934,6,0x4affef,TEST,1,NonLeaf,eax(MOVSXD) eax(MOVSXD) ,rflags ,MOV,7,TEST,2,MOVSXD,3,JNZ,2,CMP,2,MOV,8,MOV,7,MOV,11,MOVZX,5,TEST,3,0,0,0,0,0,JMP,0,0,1,0,0,0,JE,0,0,4915180,4925126,4915198,0,0,1,1,cpp,4.894558023944261e-07,0.0,0,0,0
0x4affea,JNZ,11989120,11970400,-26,2,0x4affe8,CMP,1,NonLeaf,eax(ADD) esi(-1) ,rflags ,CMP,2,ADD,4,ADD,3,MOV,5,ADD,3,MOVSXD,3,TEST,2,MOV,7,JZ,6,MOV,8,0,0,0,1,1,JE,0,0,1,1,0,0,JE,1,0,4915169,4915152,4915180,0,0,0,1,cpp,0.0003134692494446,0.9984385843164468,1,1,1
0x4affd4,JZ,11989120,7700160,13,2,0x4affd0,TEST,1,NonLeaf,rdx(-1) ,rflags ,TEST,4,NOP,4,XOR,2,XOR,2,MOV,3,MOVSXD,3,ADD,3,MOV,5,ADD,3,ADD,4,1,1,1,0,0,JNE,0,0,1,0,0,0,MOV,0,0,4915152,4915169,4915158,1,0,0,1,cpp,0.0003134692494446,0.6422623178348369,1,1,1
0x4affb7,JLE,18720,0,9999,6,0x4affb5,TEST,1,NonLeaf,esi(MOV) esi(MOV) ,rflags ,TEST,2,MOV,7,JZ,6,MOV,7,OR,2,MOV,8,MOV,3,XOR,2,XOR,2,NOP,4,0,1,0,0,0,JMP,0,0,1,0,0,0,NOP,0,0,4915118,4925126,4915133,0,0,1,0,cpp,4.894558023944261e-07,0.0,0,0,0
0x4affa8,JZ,121680,102960,344,6,0x4aff9f,OR,1,NonLeaf,al(OR) cl(SETNZ) ,al rflags ,MOV,7,OR,2,SETZ,3,MOV,8,MOV,7,MOV,7,TEST,2,JLE,6,MOV,8,MOV,3,0,1,0,0,0,JE,0,0,1,0,0,0,JLE,0,0,4915071,4915456,4915118,0,0,1,0,cpp,3.1814627155637694e-06,0.8461538461538461,1,0,1
0x4aff79,JNLE,121680,9230,9811,6,0x4aff6a,CMP,1,NonLeaf,ebp(-1) r13(MOV) ,rflags ,MOV,3,MOV,8,CMP,4,MOV,3,MOV,7,MOV,3,TEST,2,MOV,4,SETNZ,3,TEST,2,0,1,0,0,0,CALL,0,1,1,1,0,0,JE,0,0,4915036,4924876,4915071,0,0,1,1,cpp,3.1814627155637694e-06,0.0758547008547008,0,0,0
0x4aff56,JNLE,121680,9230,9618,6,0x4aff47,CMP,1,NonLeaf,ebp(-1) r13(MOV) ,rflags ,MOV,3,MOV,8,CMP,4,MOV,3,MOV,7,MOV,4,MOV,7,MOV,3,CMP,4,MOV,8,0,1,0,0,0,CALL,0,1,1,1,0,0,JG,0,0,4915001,4924648,4915036,0,1,1,1,cpp,3.1814627155637694e-06,0.0758547008547008,0,0,0
0x4aff33,JNLE,121680,9230,9608,6,0x4aff24,CMP,1,NonLeaf,ebp(-1) r13(MOV) ,rflags ,MOV,3,MOV,8,CMP,4,MOV,3,MOV,4,MOV,4,MOV,7,MOV,3,CMP,4,MOV,8,0,1,0,0,0,CALL,0,1,1,1,0,0,JG,0,0,4914969,4924603,4915001,0,1,1,1,cpp,3.1814627155637694e-06,0.0758547008547008,0,0,0
0x4aff13,JNLE,121680,9230,9595,6,0x4aff04,CMP,1,NonLeaf,ebp(-1) r13(MOV) ,rflags ,MOV,3,MOV,8,CMP,4,MOV,3,MOV,4,MOV,4,MOV,4,MOV,3,CMP,4,MOV,8,0,1,0,0,0,CALL,0,1,1,1,0,0,JG,0,0,4914937,4924558,4914969,0,1,1,1,cpp,3.1814627155637694e-06,0.0758547008547008,0,0,0
0x4afef3,JNLE,121680,9230,9582,6,0x4afee4,CMP,1,NonLeaf,ebp(-1) r13(MOV) ,rflags ,MOV,3,MOV,8,CMP,4,MOV,3,MOV,4,MOV,4,MOV,4,MOV,3,CMP,4,MOV,8,0,1,0,0,0,CALL,0,1,1,1,0,0,JG,0,0,4914905,4924513,4914937,0,1,1,1,cpp,3.1814627155637694e-06,0.0758547008547008,0,0,0
0x4afed3,JNLE,121680,9230,9842,6,0x4afec4,CMP,1,NonLeaf,ebp(-1) r13(MOV) ,rflags ,MOV,3,MOV,8,CMP,4,MOV,3,MOV,4,MOV,4,MOV,4,MOV,3,CMP,4,MOV,8,0,1,0,0,0,CALL,0,1,1,1,0,0,JG,0,0,4914873,4924741,4914905,0,1,1,1,cpp,3.1814627155637694e-06,0.0758547008547008,0,0,0
0x4afea2,JNZ,121680,121680,5668,6,0x4afea0,TEST,1,NonLeaf,edx(-1) edx(-1) ,rflags ,TEST,2,SETZ,8,MOV,3,MOV,4,TEST,2,MOV,4,CMP,4,MOV,3,JNLE,6,MOV,4,0,1,0,0,0,JLE,0,0,1,0,0,0,JG,0,0,4914831,4920518,4914856,0,0,0,0,cpp,3.1814627155637694e-06,1.0,1,0,1
0x4afe89,JNLE,121680,59995,9961,6,0x4afe82,CMP,1,NonLeaf,ebp(-1) r13(MOV) ,rflags ,MOV,3,CMP,4,MOV,3,MOV,4,MOV,4,TEST,2,MOV,4,MOV,3,SETZ,8,TEST,2,0,1,0,0,0,CALL,0,1,1,1,0,0,JNE,0,0,4914807,4924786,4914831,0,0,1,1,cpp,3.1814627155637694e-06,0.4930555555555556,0,0,0
0x4afe71,JNLE,121680,59995,10030,6,0x4afe32,CMP,1,NonLeaf,ebp(LEA) r13(MOV) ,rflags ,MOV,8,MOV,4,MOV,8,MOVSD_XMM,9,MOVSD_XMM,8,MOV,4,MOV,4,MOV,3,CMP,4,MOV,3,0,1,0,0,0,CALL,0,1,1,1,0,0,JG,0,0,4914416,4924831,4914807,0,1,1,1,cpp,3.1814627155637694e-06,0.4930555555555556,0,0,0
0x4afcea,JZ,121680,121680,6,2,0x4afce7,TEST,1,NonLeaf,r9d(MOV) r9d(MOV) ,rflags ,TEST,3,MOV,7,INVALID,0,INVALID,0,INVALID,0,RET_NEAR,2,NOP,2,PUSH,2,PUSH,2,PUSH,2,0,1,0,0,0,JG,0,0,1,0,0,0,REPZ RET,1,0,4914400,4914416,4914412,0,0,1,0,cpp,3.1814627155637694e-06,1.0,1,0,1
0x4afb7f,JNLE,60930,28368,-15,2,0x4afb7d,CMP,1,NonLeaf,edi(-1) ecx(ADD) ,rflags ,CMP,2,ADD,4,MOV,4,MOVZX,5,NOP,2,JMP,5,MOV,3,JMP,5,ADD,7,POP,1,1,1,1,1,1,JG,0,0,1,1,0,0,JMP,0,0,4914032,4914032,4914049,1,0,1,0,cpp,1.5930845106780115e-06,0.4655834564254062,0,1,0
0x4afb56,JNLE,104472,52596,-14,2,0x4afb54,CMP,1,NonLeaf,ecx(-1) eax(ADD) ,rflags ,CMP,2,ADD,4,MOV,4,MOVZX,4,NOP,5,JMP,5,MOV,7,MOV,8,XOR,2,NOP,2,1,1,1,1,1,JG,0,0,1,1,0,0,JMP,0,0,4913992,4913992,4914008,1,0,1,0,cpp,2.7315398818242776e-06,0.5034458993797382,1,1,1
0x4afa19,JLE,59995,59995,-10661,6,0x4afa16,CMP,1,NonLeaf,r10d(-1) edx(MOV) ,rflags ,CMP,3,MOV,5,JMP,5,MOV,5,MOV,5,CVTSI2SS,4,MOV,5,MOV,5,MOV,4,MOV,5,0,0,1,0,0,JG,0,0,1,0,0,0,CALL,0,1,4913681,4903028,4913695,0,1,1,1,cpp,1.5686378667015807e-06,1.0,1,0,1
0x4af8d4,JLE,8307,8307,-10231,6,0x4af8d1,CMP,1,NonLeaf,r10d(-1) edx(MOV) ,rflags ,CMP,3,MOV,5,JMP,5,MOV,4,MOV,4,CVTSI2SS,4,MOV,5,MOV,5,MOV,5,MOV,5,0,0,1,0,0,JG,0,0,1,0,0,0,CALL,0,1,4913356,4903133,4913370,0,1,1,1,cpp,2.1719601231252657e-07,1.0,1,0,1
0x4af7c9,JLE,8307,8307,-9998,6,0x4af7c6,CMP,1,NonLeaf,r10d(-1) edx(MOV) ,rflags ,CMP,3,MOV,5,JMP,5,MOV,5,MOV,5,CVTSI2SS,4,MOV,5,MOV,5,MOV,5,MOV,5,0,0,1,0,0,JG,0,0,1,0,0,0,CALL,0,1,4913089,4903099,4913103,0,1,1,1,cpp,2.1719601231252657e-07,1.0,1,0,1
0x4af680,JLE,8307,8307,-9533,6,0x4af67d,CMP,1,NonLeaf,r10d(-1) edx(MOV) ,rflags ,CMP,3,MOV,5,JMP,5,MOV,4,MOV,4,CVTSI2SS,4,MOV,5,MOV,5,MOV,5,MOV,5,0,0,1,0,0,JG,0,0,1,0,0,0,CALL,0,1,4912760,4903235,4912774,0,1,1,1,cpp,2.1719601231252657e-07,1.0,1,0,1
0x4af574,JLE,8307,8307,-9299,6,0x4af571,CMP,1,NonLeaf,r10d(-1) edx(MOV) ,rflags ,CMP,3,MOV,5,JMP,5,MOV,4,MOV,4,CVTSI2SS,4,MOV,5,MOV,5,MOV,5,MOV,5,0,0,1,0,0,JG,0,0,1,0,0,0,CALL,0,1,4912492,4903201,4912506,0,1,1,1,cpp,2.1719601231252657e-07,1.0,1,0,1
0x4af468,JLE,8307,8307,-9065,6,0x4af465,CMP,1,NonLeaf,r10d(-1) edx(MOV) ,rflags ,CMP,3,MOV,5,JMP,5,MOVZX,5,JMP,5,CVTSI2SS,4,MOV,5,MOV,5,MOV,5,MOV,5,0,0,1,0,0,JG,0,0,1,0,0,0,CALL,0,1,4912224,4903167,4912238,0,1,1,1,cpp,2.1719601231252657e-07,1.0,1,0,1
0x4af44b,JNLE,4450919,4450919,-1129,6,0x4af444,CMP,1,NonLeaf,rsp(-1) edi(LEA) ,rflags ,CMP,7,LEA,4,MOV,8,MOV,8,MOV,5,JMP,5,MOVZX,5,JMP,5,MOV,5,CMP,3,0,0,0,0,0,JMP,0,0,1,0,0,0,JMP,0,0,4912162,4911074,4912209,0,0,0,0,cpp,0.0001163743659475,1.0,1,0,1
0x4af3f9,JLE,133534767,70066048,-289,6,0x4af3f5,CMP,1,NonLeaf,edi(-1) rsp(-1) ,rflags ,CMP,4,JB,6,MOVSD_XMM,6,ADDSD,4,UCOMISD,5,MOV,4,ADD,4,JMP,5,NOP,4,MOVZX,5,0,1,0,0,0,JL,0,0,1,0,0,0,JMP,0,0,4912117,4911832,4912127,0,0,0,1,cpp,0.0034914191522188,0.5247026641383963,1,0,1
0x4af3ef,JB,244842763,111307996,-261,6,0x4af3e0,UCOMISD,1,NonLeaf,xmm9(-1) xmm1(ADDSD) ,rflags ,MOVSD_XMM,6,ADDSD,4,UCOMISD,5,MULSD,4,ADDSD,4,CMP,4,JLE,6,MOV,4,ADD,4,JMP,5,1,1,1,0,0,JB,0,0,1,0,0,0,JLE,0,0,4911933,4911850,4912117,0,0,0,0,cpp,0.006401693964991,0.4546101123683202,0,0,0
0x4af32f,JZ,244842763,4450919,243,6,0x4af32a,CMP,1,NonLeaf,rcx(ADD) rsp(-1) ,rflags ,CMP,5,SAR,3,SHL,3,ADD,4,MOV,4,MOV,5,MOV,3,MOVAPD,5,MOVAPD,5,MOVAPD,5,0,1,1,0,0,JG,1,0,1,0,0,0,MOV,0,0,4911900,4912162,4911925,0,0,0,1,cpp,0.006401693964991,0.0181786831085548,0,0,0
0x4af309,JL,69706901,69481247,263,6,0x4af305,CMP,1,NonLeaf,esi(-1) rsp(-1) ,rflags ,CMP,4,JNLE,6,CMP,4,JB,2,UCOMISD,5,MOVZX,5,ADD,4,MOV,4,MOV,4,ADD,4,0,0,0,0,0,JMP,0,0,1,0,0,0,MOV,0,0,4911877,4912144,4911887,0,0,1,1,cpp,0.0018225666218687,0.9967628169268348,1,0,1
0x4af2ff,JNLE,133561984,63855083,273,6,0x4af2fb,CMP,1,NonLeaf,esi(-1) rsp(-1) ,rflags ,CMP,4,JB,2,UCOMISD,5,SAR,3,SHL,3,CMP,4,JL,6,MOVZX,5,ADD,4,MOV,4,0,1,0,0,0,JMP,0,0,1,0,0,0,JL,0,0,4911867,4912144,4911877,0,0,1,0,cpp,0.0034921307718008,0.47809324994753,0,0,0
0x4af2f9,JB,244842763,111280779,35,2,0x4af2f4,UCOMISD,1,NonLeaf,xmm9(-1) xmm0(-1) ,rflags ,UCOMISD,5,SAR,3,SHL,3,MOV,4,ADD,4,CMP,4,JNLE,6,CMP,4,JL,6,MOVZX,5,0,1,1,0,0,JE,0,0,1,0,0,0,JG,0,0,4911850,4911900,4911867,0,0,0,0,cpp,0.006401693964991,0.4544989512309988,0,0,0
0x4af2dc,JL,70066048,69838238,291,6,0x4af2d8,CMP,1,NonLeaf,edi(-1) rsp(-1) ,rflags ,CMP,4,NOP,4,JMP,5,MOV,8,MOV,5,MOV,4,ADD,4,MOV,4,SHL,3,SAR,3,0,0,0,0,0,JMP,0,0,1,0,0,0,ADD,0,0,4911832,4912127,4911842,0,0,1,1,cpp,0.001831956930793,0.996748639226805,1,0,1
0x4af080,JLE,4850761,1021368,-112,2,0x4af07e,CMP,1,NonLeaf,esi(-1) ebx(-1) ,rflags ,CMP,2,JB,2,UCOMISD,4,ADDSD,4,MULSD,4,MOV,4,ADD,4,JMP,2,NOP,4,XORPD,4,0,1,0,0,0,JL,0,0,1,0,0,0,JMP,0,0,4911230,4911120,4911234,0,0,0,1,cpp,0.000126828692173,0.2105583020890948,0,0,0
0x4af07c,JB,18400824,13550063,-94,2,0x4af078,UCOMISD,1,NonLeaf,xmm2(-1) xmm0(ADDSD) ,rflags ,UCOMISD,4,ADDSD,4,MULSD,4,SUBSD,5,MOVAPD,5,CMP,2,JLE,2,MOV,4,ADD,4,JMP,2,1,1,1,0,0,JLE,0,0,1,0,0,0,JLE,0,0,4911150,4911134,4911230,0,0,0,0,cpp,0.0004811105809636,0.736383490217612,1,1,1
0x4af028,JLE,18400824,5167800,-1304,6,0x4af025,CMP,1,NonLeaf,r11d(-1) edi(ADD) ,rflags ,CMP,3,ADD,4,ADD,3,ADD,4,MOV,4,MOVZX,4,MOVAPD,5,MOVAPD,5,MOVZX,4,MOV,4,0,0,1,0,0,JE,1,0,0,0,1,1,JB,0,0,4911134,4909840,4911150,0,0,0,0,cpp,0.0004811105809636,0.2808461186303396,0,0,0
0x4af014,JL,1021368,1020195,110,2,0x4af010,CMP,1,NonLeaf,esi(-1) rsp(-1) ,rflags ,CMP,4,JMP,2,MOV,4,LEA,4,MOV,8,MOV,4,ADD,4,ADD,3,ADD,4,CMP,3,0,0,0,0,0,JMP,0,0,1,0,0,0,ADD,0,0,4911120,4911234,4911126,0,0,1,1,cpp,2.670483408012768e-05,0.9988515402871444,1,0,1
0x4aefca,JNLE,5167800,4450919,573,6,0x4aefc7,CMP,1,NonLeaf,eax(-1) ,rflags ,CMP,3,JLE,6,TEST,2,MOV,7,NOP,6,MOV,8,MOV,8,XOR,2,MOV,8,MOVSXD,3,0,1,0,0,0,JMP,0,0,1,0,0,0,XOR,0,0,4911047,4911623,4911056,0,0,1,0,cpp,0.0001351180392956,0.8612792677735206,1,0,1
0x4aefc1,JLE,5167800,0,-2673,6,0x4aefbf,TEST,1,NonLeaf,eax(MOV) eax(MOV) ,rflags ,TEST,2,MOV,7,NOP,6,JMP,5,MOV,4,CMP,3,JNLE,6,MOV,8,MOV,8,XOR,2,0,0,0,0,0,JMP,0,0,1,0,0,0,JG,0,0,4911032,4908368,4911047,0,0,1,0,cpp,0.0001351180392956,0.0,0,0,0
0x4aef91,JNZ,3860064,3860064,-2400,6,0x4aef8f,TEST,1,NonLeaf,ebp(MOV) ebp(MOV) ,rflags ,TEST,2,MOV,8,MOV,7,NOP,5,JMP,5,AND,3,ADD,4,MOV,11,MOV,4,JMP,5,0,0,0,0,0,JLE,0,0,0,0,0,0,JMP,0,0,4910976,4908593,4910999,0,0,0,1,cpp,0.0001009257864537,1.0,1,0,1
0x4aee14,JBE,51876,51876,3350,6,0x4aee11,CMP,1,NonLeaf,edi(-1) ,rflags ,CMP,3,JZ,6,OR,2,SETBE,3,CMP,8,SHR,3,MOV,8,XOR,2,LEA,7,XOR,2,0,0,0,0,0,NOP,0,0,1,0,0,0,XOR,0,0,4910609,4913962,4910618,0,1,0,0,cpp,1.3563573293276306e-06,1.0,1,0,1
0x4aee0b,JZ,51876,0,3359,6,0x4aee09,OR,1,NonLeaf,cl(OR) al(SETBE) ,cl rflags ,OR,2,SETBE,3,CMP,8,SETNB,3,LEA,4,CMP,3,JBE,6,SHR,3,MOV,8,XOR,2,0,1,0,0,0,NOP,0,0,1,0,0,0,JBE,0,0,4910558,4913962,4910609,0,0,0,0,cpp,1.3563573293276306e-06,0.0,0,1,0
0x4aedd8,JLE,3988621,3936745,3588,6,0x4aedc5,TEST,1,NonLeaf,edi(MOV) edi(MOV) ,rflags ,MOV,8,LEA,5,MOV,4,TEST,2,MOV,8,ADD,4,ADD,2,CDQE,2,LEA,5,LEA,4,0,1,0,0,0,JMP,0,0,1,0,0,0,JE,0,0,4910493,4914140,4910558,0,0,0,0,cpp,0.0001042870561967,0.9869940011848708,1,0,1
0x4aeca4,JBE,32562,32562,3769,6,0x4aeca0,CMP,1,NonLeaf,r9d(-1) ,rflags ,CMP,4,JZ,6,OR,3,SETNB,3,CMP,8,SHR,4,MOV,5,MOV,8,LEA,8,XOR,2,0,0,0,0,0,NOP,0,0,1,0,0,0,XOR,0,0,4910240,4914013,4910250,0,1,0,1,cpp,8.513707178187661e-07,1.0,1,0,1
0x4aec9a,JZ,32562,0,3779,6,0x4aec97,OR,1,NonLeaf,dil(OR) cl(SETNB) ,dil rflags ,OR,3,SETNB,3,CMP,8,SETNB,4,LEA,4,CMP,4,JBE,6,SHR,4,MOV,5,MOV,8,0,1,0,0,0,NOP,0,0,1,0,0,0,JBE,0,0,4910190,4914013,4910240,0,0,0,0,cpp,8.513707178187661e-07,0.0,0,1,0
0x4aec68,JLE,3988621,3956059,3969,6,0x4aec4f,TEST,1,NonLeaf,r9d(MOV) r9d(MOV) ,rflags ,LEA,5,LEA,5,MOV,4,MOVSXD,3,LEA,5,ADD,2,MOVSXD,3,LEA,5,LEA,4,CMP,8,0,1,0,0,0,JMP,0,0,1,0,0,0,JE,0,0,4910123,4914153,4910190,0,0,0,0,cpp,0.0001042870561967,0.9918362762468532,1,0,1
0x4aec24,JZ,3988621,0,7,2,0x4aec1e,TEST,1,NonLeaf,eax(SAR) eax(SAR) ,rflags ,LEA,4,TEST,2,ADD,3,MOV,7,MOVSXD,3,MOVZX,5,MOV,5,MOV,3,LEA,3,MOV,8,0,1,1,0,0,JLE,0,0,1,0,0,0,MOVZX,0,0,4910078,4910123,4910118,0,0,1,0,cpp,0.0001042870561967,0.0,0,0,0
0x4aebb8,JNLE,60930,55449,-44,2,0x4aebb6,CMP,1,NonLeaf,edi(-1) edx(ADD) ,rflags ,CMP,2,ADD,4,MOV,4,ADD,4,JNZ,2,SUB,8,SUB,8,SAR,3,SAR,3,LEA,4,0,0,0,1,1,JNE,0,0,0,1,0,0,MOV,1,0,4909994,4909964,4910010,0,0,0,1,cpp,1.5930845106780115e-06,0.9100443131462334,1,1,1
0x4aeba8,JNZ,454637,393707,-56,2,0x4aeba5,CMP,1,NonLeaf,cl(MOVZX) ,rflags ,CMP,3,MOVZX,5,MOVSXD,3,SAR,3,SHL,3,ADD,4,MOV,4,ADD,4,CMP,2,JNLE,2,1,1,0,0,0,JE,0,0,1,0,0,0,JG,0,0,4909964,4909936,4909994,0,0,0,1,cpp,1.1887004147072366e-05,0.8659809914283263,1,0,1
0x4aeb8a,JLE,393707,66129,48,2,0x4aeb88,CMP,1,NonLeaf,edi(-1) edx(ADD) ,rflags ,CMP,2,ADD,4,ADD,4,MOV,3,JNZ,2,MOVZX,4,MOVZX,3,MOV,4,SHL,3,SAR,3,0,0,1,0,0,MOV,1,0,0,0,1,1,JNE,0,0,4909956,4910010,4909964,0,0,1,0,cpp,1.0293919636394354e-05,0.1679650095121499,0,0,0
0x4aeb73,JZ,393707,104472,973,6,0x4aeb70,CMP,1,NonLeaf,cl(-1) ,rflags ,CMP,3,NOP,10,JMP,2,MOV,8,MOV,5,TEST,2,JNZ,2,MOV,3,ADD,4,ADD,4,0,1,0,0,0,JMP,0,0,1,0,0,0,JNE,0,0,4909936,4910912,4909945,0,0,1,0,cpp,1.0293919636394354e-05,0.2653546927029491,0,0,0
0x4aeb3f,JLE,3988621,3917011,4193,6,0x4aeb3b,TEST,1,NonLeaf,edx(SAR) edx(SAR) ,rflags ,MOV,2,TEST,2,SAR,3,SUB,3,MOV,8,MOV,8,MOV,8,XOR,2,MOV,5,MOV,8,0,1,0,0,0,JMP,0,0,1,0,0,0,JMP,0,0,4909854,4914080,4909893,0,0,1,0,cpp,0.0001042870561967,0.9820464265719908,1,0,1
0x4aeb18,JZ,5167800,5096190,-1496,6,0x4aeb10,CMP,1,NonLeaf,rdx(-1) rsp(-1) ,rflags ,CMP,8,NOP,10,JNLE,6,CMP,3,ADD,4,MOVZX,5,MOV,5,MOV,5,MOV,8,SUB,3,0,1,0,0,0,JNE,0,0,1,0,0,0,JLE,0,0,4909840,4908352,4909854,0,1,0,1,cpp,0.0001351180392956,0.9861430395913154,1,0,1
0x4aea05,JZ,5167800,5167800,1459,6,0x4ae9fa,TEST,1,NonLeaf,r8b(MOV) r8b(MOV) ,rflags ,MOV,8,TEST,3,ADD,3,MOV,5,LEA,5,MOV,7,XOR,2,MOV,8,TEST,2,JLE,6,0,1,0,0,0,JLE,0,0,1,0,0,0,JLE,0,0,4909544,4911032,4909579,0,0,0,0,cpp,0.0001351180392956,1.0,1,0,1
0x4ae995,JZ,49,0,67,2,0x4ae992,TEST,1,NonLeaf,rdi(MOV) rdi(MOV) ,rflags ,TEST,3,MOV,3,MOVSD_XMM,7,MOV,5,MOVSD_XMM,7,MOVSD_XMM,7,MOV,5,MOVSD_XMM,7,MOVSD_XMM,7,CALL_NEAR,5,0,1,1,0,0,MOV,0,0,1,0,0,0,CALL,0,1,4909421,4909528,4909463,0,0,1,1,cpp,1.281161021224726e-09,0.0,0,0,0
0x4ae910,JNL,49,0,-8,2,0x4ae90e,CMP,1,NonLeaf,edx(-1) ebp(ADD) ,rflags ,CMP,2,ADD,2,SAR,2,MOV,2,NOP,6,MOVSXD,3,MOV,10,MOV,7,LEA,4,CMP,3,1,1,1,1,1,JGE,0,0,1,1,0,0,CALL,0,1,4909320,4909320,4909330,1,0,0,1,cpp,1.281161021224726e-09,0.0,0,1,0
0x4ae8fc,JL,5167800,5167751,4746,6,0x4ae8fa,CMP,1,NonLeaf,edx(ADD) ebp(MOV) ,rflags ,CMP,2,MOV,4,ADD,2,MOV,3,MOV,3,NOP,6,MOV,2,SAR,2,ADD,2,CMP,2,0,1,0,0,0,JMP,0,0,1,0,0,0,NOP,0,0,4909279,4914054,4909314,0,0,0,0,cpp,0.0001351180392956,0.999990518208909,1,0,1
0x4ae8d0,JZ,5167800,5167800,15,2,0x4ae8ce,TEST,1,NonLeaf,eax(MOV) eax(MOV) ,rflags ,TEST,2,XOR,3,MOV,4,MOV,4,MOVZX,5,MOVZX,5,SHR,4,AND,4,MOV,8,MOV,7,0,1,1,0,0,JL,0,0,1,0,0,0,AND,0,0,4909259,4909279,4909266,0,0,1,0,cpp,0.0001351180392956,1.0,1,0,1
0x4ae8ad,JZ,1846787,0,2985,6,0x4ae8a4,TEST,1,NonLeaf,edx(SAR) edx(SAR) ,rflags ,MOV,7,TEST,2,SAR,3,SUB,8,JNLE,2,MOV,8,MOVSXD,3,MOVZX,5,MOV,4,MOV,4,0,0,0,0,0,JMP,0,0,1,0,0,0,MOV,0,0,4909209,4912214,4909235,0,1,0,1,cpp,4.828635752866426e-05,0.0,0,0,0
0x4ae897,JNLE,65779226,63932439,-79,2,0x4ae891,CMP,1,NonLeaf,eax(-1) esi(ADD) ,rflags ,LEA,4,CMP,2,MOVZX,4,ADD,4,MOV,4,SUB,8,SAR,3,TEST,2,MOV,7,JZ,6,0,0,0,1,1,JE,0,0,1,1,0,0,JE,1,0,4909193,4909128,4909209,0,0,1,1,cpp,0.001719873068521,0.9719244644198156,1,1,1
0x4ae879,JZ,65779226,63529340,16,2,0x4ae876,AND,1,NonLeaf,edi(AND) ,edi rflags ,AND,3,AND,4,MOV,3,MOV,5,MOV,3,LEA,3,ADD,3,MOV,4,MOV,4,ADD,4,1,1,1,0,0,JG,0,0,1,0,0,0,MOV,0,0,4909128,4909193,4909179,0,0,0,1,cpp,0.001719873068521,0.9657964050838788,1,0,1
0x4ae82a,JZ,3860064,2013277,3116,6,0x4ae828,TEST,1,NonLeaf,eax(-1) eax(-1) ,rflags ,TEST,2,JNZ,2,CMP,3,ADD,4,MOV,5,MOV,8,MOV,8,XOR,2,NOP,6,MOVZX,5,0,1,0,0,0,JMP,0,0,1,0,0,0,NOP,0,0,4909096,4912214,4909104,0,0,0,0,cpp,0.0001009257864537,0.521565704610079,1,0,1
0x4ae812,JB,13575789,12733708,13,2,0x4ae80e,UCOMISD,1,NonLeaf,xmm2(-1) xmm0(ADDSD) ,rflags ,UCOMISD,4,ADDSD,4,MULSD,4,SUBSD,5,MOVAPD,5,MOVSXD,3,ADD,3,MOV,5,ADD,4,CMP,3,1,1,1,0,0,JNE,0,0,1,0,0,0,MOV,0,0,4909008,4909087,4909076,0,0,0,1,cpp,0.0003549545244728,0.9379718556321108,1,1,1
0x4ae7a7,JLE,3860064,0,129,2,0x4ae7a5,CMP,1,NonLeaf,ebp(MOV) ecx(LEA) ,rflags ,CMP,2,LEA,4,MOV,5,MOV,4,MOV,4,SUB,3,MOVSXD,3,MOV,8,SUB,2,LEA,4,0,0,1,0,0,JE,0,0,0,0,0,0,NOP,0,0,4908948,4909096,4908969,0,1,0,0,cpp,0.0001009257864537,0.0,0,0,0
0x4ae78e,JNZ,436233492,432373428,-214,6,0x4ae78b,CMP,1,NonLeaf,rdx(ADD) r15(-1) ,rflags ,CMP,3,ADD,2,ADD,2,ADD,4,SETNBE,4,MOV,4,MOV,4,MOV,5,LEA,4,CMP,2,1,1,0,0,0,MOV,0,0,1,1,0,0,JLE,1,0,4908734,4908728,4908948,0,0,0,0,cpp,0.0114058233898601,0.9911513809214814,1,1,1
0x4ae634,JLE,3860064,0,2684,6,0x4ae631,CMP,1,NonLeaf,ebp(-1) ,rflags ,CMP,3,JZ,6,TEST,2,MOV,8,MOV,7,MOVZX,4,MOVZX,3,MOV,5,MOV,4,MOVSD_XMM,10,0,1,0,0,0,JMP,0,0,1,0,0,0,JMP,0,0,4908593,4911280,4908602,0,0,0,1,cpp,0.0001009257864537,0.0,0,0,0
0x4ae60a,JZ,3860064,3860064,2422,6,0x4ae604,TEST,1,NonLeaf,ecx(MOV) ecx(MOV) ,rflags ,MOV,4,TEST,2,MOV,6,JZ,6,TEST,2,CMP,4,JNS,6,MOV,7,MOV,8,TEST,2,0,1,0,0,0,JNE,0,0,1,0,0,0,JNS,0,0,4908542,4910976,4908560,0,0,0,0,cpp,0.0001009257864537,1.0,1,0,1
0x4ae5f8,JZ,7181077,3321013,2424,6,0x4ae5f6,TEST,1,NonLeaf,al(-1) ,rflags ,TEST,2,JZ,6,MOV,5,TEST,3,SUB,3,MOV,6,TEST,2,MOV,4,JZ,6,CMP,4,0,1,0,0,0,JMP,0,0,1,0,0,0,JE,0,0,4908534,4910960,4908542,0,0,0,1,cpp,0.0001877574682206,0.4624672594375467,0,0,0
0x4ae5f0,JZ,7181077,0,2761,6,0x4ae5e8,TEST,1,NonLeaf,rdx(MOV) rdx(MOV) ,rflags ,MOV,5,TEST,3,SUB,3,MOV,4,MOV,3,TEST,2,JZ,6,MOV,6,TEST,2,MOV,4,0,1,0,0,0,JE,0,0,1,1,0,0,JE,0,0,4908398,4911289,4908534,0,0,0,0,cpp,0.0001877574682206,0.0,0,0,0
0x4ae548,JNZ,5096190,3917011,1494,6,0x4ae540,CMP,1,NonLeaf,rax(-1) rsp(-1) ,rflags ,CMP,8,NOP,7,JMP,5,JLE,6,MOV,3,NOP,2,ADD,5,MOV,4,JMP,5,NOP,2,0,0,0,0,0,JLE,0,0,1,0,0,0,NOP,0,0,4908352,4909854,4908366,0,0,1,0,cpp,0.0001332457139745,0.768615573595176,1,0,1
0x4ae52e,JLE,121680,113373,-5235,6,0x4ae526,CMP,1,NonLeaf,r10d(CMOVNZ) r12(MOV) ,rflags ,MOV,3,CMP,5,CMOVNZ,4,MOV,5,MOV,4,JMP,5,NOP,7,CMP,8,JNZ,6,NOP,2,0,0,1,0,0,JG,0,0,1,0,0,0,JMP,0,0,4908305,4903099,4908340,1,0,1,0,cpp,3.1814627155637694e-06,0.9317307692307693,1,0,1
0x4ae4f5,JZ,121680,121680,5785,6,0x4ae45d,TEST,1,NonLeaf,rdi(MOV) rdi(MOV) ,rflags ,MOVSD_XMM,5,ADDSD,5,MOVSD_XMM,9,MOVSD_XMM,5,ADDSD,4,ADD,7,POP,1,POP,1,POP,2,POP,2,0,1,0,0,0,RET,0,0,1,0,0,0,JMP,0,0,4908089,4914062,4908283,0,0,0,0,cpp,3.1814627155637694e-06,1.0,1,0,1
0x4ae41e,JZ,121680,104832,27,2,0x4ae416,CMP,1,NonLeaf,rsp(-1) ,rflags ,CMP,8,CVTSI2SD,9,JNLE,6,MOV,4,MOV,3,MOV,8,MOVZX,5,MOVSXD,4,MOV,3,MOV,5,0,1,1,0,0,JE,0,0,1,0,0,0,MOV,0,0,4908054,4908089,4908064,0,0,1,1,cpp,3.1814627155637694e-06,0.8615384615384616,1,0,1
0x4ae407,JNLE,24830040,24725208,-3930,6,0x4ae3f9,CMP,0,NonLeaf,rsp(-1) eax(-1) ,rflags ,MOV,4,MOV,3,CMP,7,MOVZX,4,LEA,3,CVTSI2SD,9,CMP,8,JZ,2,MOV,8,MOVZX,5,0,0,0,1,1,JNE,0,0,0,1,0,0,CVTSI2SD,1,0,4908003,4904109,4908045,0,0,1,0,cpp,0.0006492097837438,0.9957780172726264,1,1,1
0x4ae3dd,JNZ,28818661,3988621,371,6,0x4ae3b1,CMP,1,NonLeaf,rsp(-1) ,rflags ,MOVSD_XMM,5,MOVSD_XMM,5,MOVSD_XMM,4,ADDSD,5,ADDSD,5,MOV,8,MOVSXD,4,MOV,3,LEA,3,MOVZX,4,0,0,0,0,0,JMP,0,0,1,0,0,0,JG,0,0,4907914,4908368,4908003,0,0,1,1,cpp,0.0007534968399405,0.1384041055897774,0,0,0
0x4ae370,JNZ,754520,379860,-464,6,0x4ae23e,CMP,0,NonLeaf,rcx(-1) r8(-1) ,rflags ,MOVSD_XMM,5,SUBSD,4,MOVSD_XMM,5,MOVSD_XMM,5,MOVSD_XMM,6,MOVSD_XMM,10,MOVSD_XMM,10,MOV,7,ADD,7,MOV,8,0,0,0,1,1,ADDSD,0,0,1,1,0,0,MOVSD,1,0,4907819,4907424,4907894,1,0,0,1,cpp,1.9727788035397563e-05,0.5034458993797382,1,1,1
0x4ae11d,JLE,374660,0,621,6,0x4ae11b,TEST,1,NonLeaf,edx(SAR) edx(SAR) ,rflags ,TEST,2,ADD,7,SAR,3,SUB,3,JNZ,2,MOVSD_XMM,8,LEA,3,XOR,2,MOV,7,MOVSD_XMM,7,0,0,1,0,0,JNE,0,0,1,0,0,0,NOP,0,0,4907278,4907914,4907299,0,0,1,1,cpp,9.795914045144e-06,0.0,0,0,0
0x4ae10c,JNZ,754520,379860,-124,2,0x4ae109,CMP,1,NonLeaf,rax(ADD) r9(-1) ,rflags ,CMP,3,ADD,4,ADD,4,MOVSD_XMM,6,ADD,4,SUB,3,SAR,3,ADD,7,TEST,2,JLE,6,0,1,0,0,0,MOV,0,0,0,1,0,0,JLE,1,0,4907269,4907152,4907278,0,0,0,1,cpp,1.9727788035397563e-05,0.5034458993797382,1,1,1
0x4ae0f2,JB,754520,0,19,2,0x4ae0ee,UCOMISD,1,NonLeaf,xmm6(-1) xmm0(ADDSD) ,rflags ,UCOMISD,4,MOVSD_XMM,5,ADDSD,4,MULSD,5,MOVSD_XMM,5,MOV,3,ADD,4,MOVSD_XMM,6,ADD,4,ADD,4,1,1,1,0,0,JNE,0,0,1,0,0,0,ADD,0,0,4907154,4907269,4907252,0,0,0,1,cpp,1.9727788035397563e-05,0.0,0,1,0
0x4ae062,JLE,374660,0,172,6,0x4ae051,CMP,1,NonLeaf,r9d(MOV) esi(-1) ,rflags ,MOVSD_XMM,5,MOVSD_XMM,5,MOVSD_XMM,4,CMP,3,ADD,3,SUB,4,MOVSXD,3,SUB,3,LEA,5,ADD,3,0,1,1,0,0,JLE,0,0,1,0,0,0,JMP,0,0,4907053,4907278,4907112,0,1,1,0,cpp,9.795914045144e-06,0.0,0,0,0
0x4adcb0,JLE,374660,374660,4768,6,0x4adcad,CMP,1,NonLeaf,eax(-1) ,rflags ,CMP,3,JLE,6,TEST,2,MOV,7,MOVSD_XMM,7,MOV,8,MOVSD_XMM,9,XOR,3,XOR,3,MOVSD_XMM,9,0,1,0,0,0,JMP,0,0,1,0,0,0,JMP,0,0,4906157,4910928,4906166,0,0,0,1,cpp,9.795914045144e-06,1.0,1,0,1
0x4adca7,JLE,28818661,28444001,1763,6,0x4adca5,TEST,1,NonLeaf,eax(MOV) eax(MOV) ,rflags ,TEST,2,MOV,7,MOVSD_XMM,7,MOVSD_XMM,7,MOVSD_XMM,7,CMP,3,JLE,6,MOV,8,MOVSD_XMM,9,XOR,3,0,1,1,0,0,JNE,0,0,1,0,0,0,JLE,0,0,4906142,4907914,4906157,0,0,1,0,cpp,0.0007534968399405,0.9869993959816524,1,0,1
0x4adc5e,JNZ,1264975759,1241671592,-454,6,0x4adb2c,CMP,0,NonLeaf,rcx(-1) r8(-1) ,rflags ,MOVSD_XMM,5,SUBSD,4,MOVSD_XMM,5,MOVSD_XMM,5,MOVSD_XMM,6,MOVSD_XMM,9,MOVSD_XMM,10,ADDSD,8,MOVSD_XMM,10,MOVSD_XMM,7,0,0,0,1,1,ADDSD,0,0,1,1,0,0,MOVSD,1,0,4906021,4905624,4906084,1,0,0,1,cpp,0.0330742374535706,0.9815773805670216,1,1,1
0x4ada30,JLE,28818661,5514494,8826,6,0x4ada2e,TEST,1,NonLeaf,esi(SAR) esi(SAR) ,rflags ,TEST,2,SAR,3,SUB,3,JNZ,2,CMP,3,XORPD,4,LEA,3,MOV,7,MOV,8,MOV,8,0,1,0,0,0,JMP,0,0,1,0,0,0,NOP,0,0,4905512,4914346,4905526,0,0,1,1,cpp,0.0007534968399405,0.1913514996411526,0,0,0
0x4ada26,JNZ,185979174,157160513,-118,2,0x4ada23,CMP,1,NonLeaf,rax(ADD) r9(-1) ,rflags ,CMP,3,ADD,4,ADD,4,MOVSD_XMM,6,ADD,4,SUB,3,SAR,3,TEST,2,JLE,6,XORPD,4,0,1,0,0,0,MOV,0,0,0,1,0,0,JLE,1,0,4905503,4905392,4905512,0,0,0,0,cpp,0.0048626381324157,0.8450436122487565,1,1,1
0x4ada0c,JB,185979174,112065164,19,2,0x4ada08,UCOMISD,1,NonLeaf,xmm6(-1) xmm0(ADDSD) ,rflags ,UCOMISD,4,MOVSD_XMM,5,ADDSD,4,MULSD,4,MOVSD_XMM,5,MOV,3,ADD,4,MOVSD_XMM,6,ADD,4,ADD,4,1,1,1,0,0,JNE,0,0,1,0,0,0,ADD,0,0,4905394,4905503,4905486,0,0,0,1,cpp,0.0048626381324157,0.6025683499379344,1,1,1
0x4ad981,JLE,28818661,0,167,6,0x4ad970,CMP,1,NonLeaf,r9d(MOV) edx(-1) ,rflags ,MOVSD_XMM,5,MOVSD_XMM,5,MOVSD_XMM,4,CMP,3,ADD,3,SUB,4,MOVSXD,3,SUB,3,LEA,5,ADD,3,0,1,1,0,0,JLE,0,0,1,0,0,0,JMP,0,0,4905292,4905512,4905351,0,1,0,0,cpp,0.0007534968399405,0.0,0,0,0
0x4ad91f,JNZ,444274081,425151186,-559,6,0x4ad91a,CMP,1,NonLeaf,r9(ADD) rsp(-1) ,rflags ,CMP,5,ADD,3,ADD,4,ADD,4,SETNBE,3,MOV,7,MOV,8,MOVSXD,3,LEA,4,SHL,4,0,1,0,0,0,MOV,0,0,1,1,0,0,ADD,1,0,4905104,4904688,4905253,0,0,0,0,cpp,0.0116160537819925,0.9569569870991416,1,1,1
0x4ad5f1,JLE,28818661,9695766,6511,6,0x4ad5ee,CMP,1,NonLeaf,eax(-1) ,rflags ,CMP,3,JLE,6,MOVSD_XMM,6,MULSD,9,TEST,2,MOV,8,XOR,3,XOR,3,MOV,8,MOVZX,3,0,1,0,0,0,JMP,0,0,1,0,0,0,JMP,0,0,4904430,4910944,4904439,0,0,0,1,cpp,0.0007534968399405,0.3364405445485479,0,0,0
0x4ad5e8,JLE,28818661,0,6824,6,0x4ad5d7,TEST,1,NonLeaf,eax(MOV) eax(MOV) ,rflags ,MOVSD_XMM,6,MULSD,9,TEST,2,ADD,4,SHL,4,CMP,3,JLE,6,MOV,8,XOR,3,XOR,3,0,1,0,0,0,JMP,0,0,1,0,0,0,JLE,0,0,4904319,4911248,4904430,0,0,1,0,cpp,0.0007534968399405,0.0,0,0,0
0x4ad4d1,JNZ,32011117,7181077,-105,2,0x4ad4c9,CMP,1,NonLeaf,rsp(-1) ,rflags ,CMP,8,ADD,8,SHL,4,MOV,8,MOV,3,MOV,8,MOVSD_XMM,10,MOVSD_XMM,10,MOVSD_XMM,10,ADDSD,5,1,1,0,0,0,JE,0,0,1,0,0,0,MOV,0,0,4904109,4904040,4904147,0,0,0,1,cpp,0.0008369672519645,0.2243307223549868,0,0,0
0x4ad4a7,JLE,7181077,16848,3942,6,0x4ad4a0,CMP,1,NonLeaf,rsp(-1) eax(-1) ,rflags ,CMP,7,NOP,6,MOV,4,ADD,4,AND,3,MOVSXD,5,MOV,3,MOV,8,SHL,4,ADD,8,0,0,1,0,0,CVTSI2SD,1,0,0,0,1,1,JNE,0,0,4904096,4908045,4904109,0,0,0,1,cpp,0.0001877574682206,0.0023461661809224,0,0,0
0x4ad47e,JZ,3860064,3860064,4322,6,0x4ad47c,TEST,1,NonLeaf,edi(MOV) edi(MOV) ,rflags ,TEST,2,MOV,7,JZ,6,TEST,2,MOVZX,5,SHR,3,SUB,8,AND,3,ADD,4,MOV,4,0,1,0,0,0,MOV,0,0,1,0,0,0,NOP,0,0,4904053,4908384,4904068,0,0,1,1,cpp,0.0001009257864537,1.0,1,0,1
0x4ad46f,JZ,7181077,3321013,4351,6,0x4ad46d,TEST,1,NonLeaf,al(MOVZX) ,rflags ,TEST,2,MOVZX,5,NOP,5,JMP,2,MOV,8,MOV,7,TEST,2,JZ,6,SHR,3,SUB,8,0,1,0,0,0,JE,0,0,1,0,0,0,JE,0,0,4904040,4908398,4904053,0,0,1,0,cpp,0.0001877574682206,0.4624672594375467,0,0,0
0x4ad3a4,JLE,121680,0,10356,6,0x4ad39d,CMP,1,NonLeaf,rsp(-1) eax(-1) ,rflags ,CMP,7,MOV,3,MOV,4,MOV,8,MOV,7,LEA,4,MOV,8,MOV,11,MOV,3,MOV,12,0,1,0,0,0,JMP,1,0,1,0,0,0,JMP,0,0,4903837,4914200,4903850,0,0,1,1,cpp,3.1814627155637694e-06,0.0,0,0,0
0x4ad324,JZ,104832,104832,30,2,0x4ad319,CMP,1,NonLeaf,rsp(-1) ecx(MOVZX) ,rflags ,MOV,4,CMP,7,MOVZX,4,LEA,3,MOV,4,MOV,5,MOV,5,CALL_NEAR,5,MOV,4,MOV,4,0,1,1,0,0,MOV,0,0,1,0,0,0,CALL,0,1,4903682,4903746,4903718,0,1,1,1,cpp,2.7409524934087858e-06,1.0,1,0,1
0x4ad234,JZ,16848,16848,102,2,0x4ad22d,TEST,1,NonLeaf,r8d(MOV) r8d(MOV) ,rflags ,MOV,4,TEST,3,MOVZX,5,MOV,11,MOV,7,MOV,7,MOV,8,XOR,2,MOV,8,XOR,2,0,0,1,0,0,JMP,0,0,1,0,0,0,NOP,0,0,4903438,4903578,4903478,0,0,1,0,cpp,4.405102221549835e-07,1.0,1,0,1
0x4ad208,JZ,16848,0,10734,6,0x4ad1ff,TEST,1,NonLeaf,eax(MOVSXD) eax(MOVSXD) ,rflags ,MOV,7,TEST,2,MOVSXD,3,JNZ,2,CMP,3,MOV,8,MOV,7,MOV,11,MOVZX,5,TEST,3,0,0,0,0,0,JMP,0,0,1,0,0,0,JE,0,0,4903420,4914166,4903438,0,0,1,1,cpp,4.405102221549835e-07,0.0,0,0,0
0x4ad1fa,JNZ,10790208,10773360,-26,2,0x4ad1f7,CMP,1,NonLeaf,eax(ADD) r11d(-1) ,rflags ,CMP,3,ADD,4,ADD,3,MOV,4,ADD,3,MOVSXD,3,TEST,2,MOV,7,JZ,6,MOV,8,0,0,0,1,1,JE,0,0,1,1,0,0,JE,1,0,4903408,4903392,4903420,0,0,0,1,cpp,0.0002821223245001,0.9984385843164468,1,1,1
0x4ad1e4,JZ,10790208,6930144,12,2,0x4ad1e0,TEST,1,NonLeaf,rdx(-1) ,rflags ,TEST,4,NOP,7,XOR,2,XOR,2,MOV,3,MOVSXD,3,ADD,3,MOV,4,ADD,3,ADD,4,1,1,1,0,0,JNE,0,0,1,0,0,0,MOV,0,0,4903392,4903408,4903398,1,0,0,1,cpp,0.0002821223245001,0.6422623178348369,1,1,1
0x4ad1c4,JLE,16848,0,10802,6,0x4ad1c1,TEST,1,NonLeaf,r11d(-1) r11d(-1) ,rflags ,TEST,3,JZ,6,MOV,7,OR,3,SETZ,3,MOV,8,MOV,3,XOR,2,XOR,2,NOP,7,0,1,0,0,0,JMP,0,0,1,0,0,0,NOP,0,0,4903361,4914166,4903370,0,0,1,0,cpp,4.405102221549835e-07,0.0,0,0,0
0x4ad1bb,JZ,121680,104832,327,6,0x4ad1b1,OR,1,NonLeaf,al(OR) dil(SETNZ) ,al rflags ,MOV,7,OR,3,SETZ,3,MOV,8,MOV,8,TEST,3,JLE,6,MOV,8,MOV,3,XOR,2,0,1,0,0,0,JE,0,0,1,0,0,0,JLE,0,0,4903309,4903682,4903361,0,0,1,0,cpp,3.1814627155637694e-06,0.8615384615384616,1,0,1
0x4ad187,JNLE,121680,8307,10598,6,0x4ad177,CMP,1,NonLeaf,r10d(-1) r12(MOV) ,rflags ,MOV,3,MOV,8,CMP,5,MOV,3,MOV,7,MOV,3,TEST,3,MOV,5,SETNZ,4,TEST,2,0,1,0,0,0,CALL,0,1,1,1,0,0,JE,0,0,4903272,4913901,4903309,0,0,1,1,cpp,3.1814627155637694e-06,0.0682692307692307,0,0,0
0x4ad162,JNLE,121680,8307,9762,6,0x4ad152,CMP,1,NonLeaf,r10d(-1) r12(MOV) ,rflags ,MOV,3,MOV,8,CMP,5,MOV,3,MOV,7,MOV,5,MOV,7,MOV,3,CMP,5,MOV,8,0,1,0,0,0,CALL,0,1,1,1,0,0,JG,0,0,4903235,4913028,4903272,0,1,1,1,cpp,3.1814627155637694e-06,0.0682692307692307,0,0,0
0x4ad13d,JNLE,121680,8307,9531,6,0x4ad12d,CMP,1,NonLeaf,r10d(-1) r12(MOV) ,rflags ,MOV,3,MOV,8,CMP,5,MOV,3,MOV,4,MOV,5,MOV,7,MOV,3,CMP,5,MOV,8,0,1,0,0,0,JLE,0,0,1,1,0,0,JG,0,0,4903201,4912760,4903235,0,1,0,1,cpp,3.1814627155637694e-06,0.0682692307692307,0,0,0
0x4ad11b,JNLE,121680,8307,9297,6,0x4ad10b,CMP,1,NonLeaf,r10d(-1) r12(MOV) ,rflags ,MOV,3,MOV,8,CMP,5,MOV,3,MOV,4,MOV,5,MOV,4,MOV,3,CMP,5,MOV,8,0,1,0,0,0,JLE,0,0,1,1,0,0,JG,0,0,4903167,4912492,4903201,0,1,0,1,cpp,3.1814627155637694e-06,0.0682692307692307,0,0,0
0x4ad0f9,JNLE,121680,8307,9063,6,0x4ad0e9,CMP,1,NonLeaf,r10d(-1) r12(MOV) ,rflags ,MOV,3,MOV,8,CMP,5,MOV,3,MOV,4,MOV,5,MOV,4,MOV,3,CMP,5,MOV,8,0,1,0,0,0,JLE,0,0,1,1,0,0,JG,0,0,4903133,4912224,4903167,0,1,0,1,cpp,3.1814627155637694e-06,0.0682692307692307,0,0,0
0x4ad0d7,JNLE,121680,8307,10229,6,0x4ad0c7,CMP,1,NonLeaf,r10d(-1) r12(MOV) ,rflags ,MOV,3,MOV,8,CMP,5,MOV,3,MOV,4,MOV,5,MOV,4,MOV,3,CMP,5,MOV,8,0,1,0,0,0,JLE,0,0,1,1,0,0,JG,0,0,4903099,4913356,4903133,0,1,0,1,cpp,3.1814627155637694e-06,0.0682692307692307,0,0,0
0x4ad0a3,JNZ,121680,121680,5230,6,0x4ad0a1,TEST,1,NonLeaf,ecx(-1) ecx(-1) ,rflags ,TEST,2,SETZ,8,MOV,3,MOV,5,TEST,3,MOV,4,CMP,5,MOV,3,JNLE,6,MOV,5,0,1,0,0,0,JLE,0,0,1,0,0,0,JG,0,0,4903054,4908305,4903081,0,0,0,0,cpp,3.1814627155637694e-06,1.0,1,0,1
0x4ad088,JNLE,121680,59995,10575,6,0x4ad080,CMP,1,NonLeaf,r10d(-1) r12(MOV) ,rflags ,MOV,3,CMP,5,MOV,3,MOV,4,MOV,5,TEST,3,MOV,5,MOV,3,SETZ,8,TEST,2,0,1,0,0,0,CALL,0,1,1,1,0,0,JNE,0,0,4903028,4913623,4903054,0,0,1,1,cpp,3.1814627155637694e-06,0.4930555555555556,0,0,0
0x4ad06e,JNLE,121680,59995,10659,6,0x4ad022,CMP,1,NonLeaf,r10d(LEA) r12(MOV) ,rflags ,MOV,3,MOV,8,MOVSD_XMM,9,MOV,4,MOV,8,MOV,5,MOV,4,MOV,3,CMP,5,MOV,3,0,1,0,0,0,JLE,0,0,1,1,0,0,JG,0,0,4902640,4913681,4903028,0,1,0,1,cpp,3.1814627155637694e-06,0.4930555555555556,0,0,0
0x4acee8,JZ,121680,121680,8,2,0x4acee6,TEST,1,NonLeaf,eax(MOV) eax(MOV) ,rflags ,TEST,2,MOV,6,INVALID,0,INVALID,0,INVALID,0,RET_NEAR,2,NOP,4,PUSH,2,PUSH,2,PUSH,2,0,1,0,0,0,JG,0,0,1,0,0,0,REPZ RET,1,0,4902624,4902640,4902634,0,0,1,0,cpp,3.1814627155637694e-06,1.0,1,0,1
0x560c4c,JZ,7479697,7429362,-914,6,0x560c46,VUCOMISD,0,NonLeaf,xmm4(-1) xmm0(-1) ,rflags ,JP,2,VUCOMISD,4,VADDSD,4,VADDSD,5,JBE,6,VMOVAPD,4,CALL_NEAR,5,JMP,5,VMOVAPD,4,LEA,5,0,0,0,0,0,JNE,0,0,0,0,0,0,CALL,0,1,5639244,5638330,5639250,0,0,0,1,cpp,0.00019556522953,0.9932704493243508,1,1,1
0x5d6ab5,JNBE,3,2,34,2,0x5d6ab1,CMP,1,NonLeaf,dil(LEA) ,rflags ,CMP,4,LEA,3,SUB,3,LEA,4,MOVSX,4,NOP,9,LEA,3,ADD,4,LEA,4,MOVSX,3,0,1,1,0,0,JNE,0,0,1,0,0,0,NOP,0,0,6122147,6122199,6122167,0,0,0,0,cpp,7.843842987090161e-11,0.6666666666666666,1,1,1
0x5d5d54,JZ,1,1,1513,6,0x5d5d51,TEST,1,NonLeaf,rsi(MOV) rsi(MOV) ,rflags ,TEST,3,MOV,4,MOV,7,MOV,5,MOV,6,MOV,3,LEA,7,MOV,7,MOV,3,ADD,4,0,1,0,0,0,JMP,0,0,1,0,0,0,MOV,0,0,6118733,6120253,6118746,0,0,0,1,cpp,2.6146143290300536e-11,1.0,1,0,1
0x5967a4,JBE,4188,15,15,2,0x596794,CMP,1,NonLeaf,rbx(-1) ,rflags ,MOV,4,MOV,4,CMP,8,JNZ,6,CMP,4,MOV,4,TEST,3,JNZ,6,CMP,4,JZ,6,0,0,1,0,0,JE,0,0,1,0,0,0,JNE,0,0,5859220,5859251,5859238,0,0,0,0,cpp,1.0950004809977865e-07,0.0035816618911174,0,0,0
0x596736,JBE,17971,0,1848,6,0x596732,CMP,1,NonLeaf,rax(-1) ,rflags ,CMP,4,AND,4,MOV,3,JZ,6,TEST,2,CMP,7,JNB,6,MOV,6,TEST,2,JNZ,6,0,1,0,0,0,JMP,0,0,1,0,0,0,JAE,0,0,5859115,5860974,5859132,0,0,0,0,cpp,4.69872341069991e-07,0.0,0,0,0
0x59670f,JZ,17971,0,1460,6,0x59670c,CMP,1,NonLeaf,rbx(-1) rax(MOV) ,rflags ,CMP,3,LEA,4,MOV,4,JZ,6,TEST,3,TEST,4,JZ,6,MOV,4,TEST,2,JZ,6,0,1,0,0,0,JMP,0,0,1,0,0,0,JE,0,0,5859076,5860547,5859093,1,0,0,0,cpp,4.69872341069991e-07,0.0,0,0,0
0x596658,JZ,2038,2038,3,2,0x59664f,CMP,1,NonLeaf,fs(-1) ,rflags ,CMP,9,JNZ,6,TEST,2,LEA,4,MOV,6,AND_LOCK,5,SHR,4,SUB,4,MOV,3,MOV,5,0,1,1,0,0,JE,0,0,1,0,0,0,-1,0,-1,5858895,5858907,5858906,0,0,1,0,cpp,5.3285840025632494e-08,1.0,1,0,1
0x4def78,JZ,268866,14058,8683,6,0x4def6d,CMP,1,NonLeaf,ecx(-1) ,rflags ,MOV,4,LEA,4,CMP,3,MOV,8,JZ,6,CMP,3,MOV,4,LEA,4,JZ,6,CMP,3,0,1,0,0,0,JMP,0,0,1,0,0,0,JE,0,0,5107557,5116259,5107582,0,0,0,1,cpp,7.029808961889944e-06,0.0522862689964517,0,0,0
0x4deae4,JZ,1296,1296,94,2,0x4deadd,TEST,1,NonLeaf,r11d(MOV) r11d(MOV) ,rflags ,MOV,4,TEST,3,MOVZX,5,MOV,11,MOV,7,MOV,8,MOV,8,XOR,2,MOV,2,XOR,2,0,0,1,0,0,JMP,0,0,1,0,0,0,NOP,0,0,5106366,5106498,5106406,0,0,1,0,cpp,3.38854017042295e-08,1.0,1,0,1
0x5d096a,JNBE,3,0,26,2,0x5d0964,CMP,1,Leaf,rax(-1) ,rflags ,CMP,6,SYSCALL,2,MOV,5,MOV,3,MOVSXD,3,RET_NEAR,2,NOP,2,MOV,7,MOV,7,MOV,5,0,1,0,0,0,RET,0,0,1,0,0,0,REPZ RET,0,0,6097252,6097284,6097260,1,0,1,0,cpp,7.843842987090161e-11,0.0,0,0,0
0x4dc04b,JNZ,9360,9360,535,6,0x4dc049,TEST,1,NonLeaf,edx(-1) edx(-1) ,rflags ,TEST,2,SETZ,8,MOV,3,MOV,4,TEST,2,MOV,4,CMP,4,MOV,3,JNLE,6,MOV,4,0,1,0,0,0,JLE,0,0,1,0,0,0,JG,0,0,5095480,5096034,5095505,0,0,0,0,cpp,2.4472790119721304e-07,1.0,1,0,1
0x592ed1,JBE,3955609,0,8,2,0x592ecd,CMP,1,NonLeaf,rdx(MOV) rdi(-1) ,rflags ,CMP,4,MOV,4,SUB,4,MOV,3,PUSH,1,CMP,4,JZ,2,MOV,7,MOV,5,SUB,7,0,1,0,0,0,JBE,0,0,1,0,0,0,JE,0,0,5844672,5844697,5844691,0,0,0,0,cpp,0.0001034239197144,0.0,0,0,0
0x590f4b,JZ,24,2,85,2,0x590f43,TEST,1,NonLeaf,edi(-1) ,rflags ,MOV,2,TEST,6,JNZ,6,TEST,4,MOV,2,MOV,4,TEST,3,JZ,6,MOV,4,CMP,3,0,1,0,0,0,JE,0,0,1,0,0,0,JE,0,0,5836611,5836704,5836621,0,0,0,0,cpp,6.275074389672128e-10,0.0833333333333333,0,0,0
0x4d830f,JNLE,560646,357840,-15,2,0x4d830d,CMP,1,NonLeaf,esi(-1) eax(ADD) ,rflags ,CMP,2,ADD,4,MOV,5,MOVZX,4,NOP,2,JMP,5,MOVSD_XMM,9,MOVAPD,4,MOVSD_XMM,6,MOVAPD,4,1,1,1,1,1,JG,0,0,1,1,0,0,JMP,0,0,5079808,5079808,5079825,1,0,1,0,cpp,1.4658730651133837e-05,0.6382637172119305,1,1,1
0x4d5eb4,JNZ,2,1,316,6,0x4d5eb2,TEST,1,NonLeaf,eax(MOV) eax(MOV) ,rflags ,TEST,2,MOV,5,MOV,5,MOV,3,CALL_NEAR,5,MOV,3,CMP,7,MOV,4,MOV,4,MOV,4,0,1,0,0,0,JE,0,0,1,1,0,0,JLE,0,0,5070501,5070832,5070522,0,0,0,1,cpp,5.2292286580601066e-11,0.5,0,0,0
0x4d3b89,JLE,328480,328480,9,2,0x4d3b87,CMP,1,NonLeaf,edi(-1) ecx(MOVZX) ,rflags ,CMP,2,ADD,4,MOVZX,3,NOP,9,JMP,2,ADD,3,CMP,2,JNZ,2,MOV,7,MOV,5,0,0,1,0,0,MOV,1,0,0,0,1,1,JNE,0,0,5061504,5061522,5061515,0,0,1,0,cpp,8.588485147997921e-06,1.0,1,0,1
0x4d2fe1,JNL,287856,0,962,6,0x4d2fdf,CMP,1,NonLeaf,esi(LEA) edx(LEA) ,rflags ,CMP,2,LEA,4,MOVSD_XMM,6,LEA,3,MOVSD_XMM,6,LEA,5,LEA,4,MOV,5,XOR,3,MOV,5,0,1,0,0,0,JMP,0,0,1,0,0,0,JMP,0,0,5058444,5059491,5058535,0,0,0,1,cpp,7.526324222972751e-06,0.0,0,1,0
0x4d1b30,JLE,5944674,212353,3616,6,0x4d1b2d,CMP,1,NonLeaf,eax(-1) ,rflags ,CMP,3,JLE,6,MOVSD_XMM,6,MULSD,9,TEST,2,MOV,5,XOR,3,XOR,3,MOV,8,MOVZX,3,0,1,0,0,0,JMP,0,0,1,0,0,0,JMP,0,0,5053229,5056848,5053238,0,0,0,1,cpp,0.0001554302982181,0.035721555126488,0,0,0
0x588907,JNZ,1,0,25,2,0x588904,AND,1,NonLeaf,ch(AND) ,ch rflags ,AND,3,JNZ,6,AND,3,SAR,3,SHL,3,MOV,7,SUB,4,JZ,6,NOP,6,MOV,7,0,1,1,0,0,JBE,0,0,1,0,0,0,JE,0,0,5802244,5802272,5802249,0,0,0,1,cpp,2.6146143290300536e-11,0.0,0,1,0
0x4d166a,JLE,234,198,79,2,0x4d1667,CMP,1,NonLeaf,r10d(-1) edi(LEA) ,rflags ,CMP,3,LEA,3,MOV,5,MOVZX,5,MOVSXD,3,MOV,8,MOVSXD,3,MOVZX,5,MOV,5,LEA,3,0,0,1,0,0,MOVZX,0,0,1,0,0,0,JLE,0,0,5051983,5052089,5052012,0,1,0,1,cpp,6.118197529930326e-09,0.8461538461538461,1,1,1
0x4d151e,JZ,828720,5625,7,2,0x4d1518,TEST,1,NonLeaf,eax(SAR) eax(SAR) ,rflags ,LEA,4,TEST,2,ADD,3,MOV,7,MOVSXD,3,MOVZX,5,MOV,5,MOV,3,LEA,3,MOV,4,0,1,1,0,0,JLE,0,0,1,0,0,0,MOVZX,0,0,5051648,5051685,5051680,0,0,1,0,cpp,2.166783186753786e-05,0.0067875760208514,0,0,0
0x4d0f18,JZ,268866,268866,351,6,0x4d0f16,CMP,1,NonLeaf,ecx(-1) esi(-1) ,rflags ,CMP,2,MOV,5,LEA,4,MOV,4,JNZ,6,SUB,3,MOV,2,MOV,3,SHR,4,LEA,8,0,0,1,0,0,ADD,0,0,0,0,0,0,JE,0,0,5050134,5050487,5050142,0,1,0,0,cpp,7.029808961889944e-06,1.0,1,0,1
0x4d0d70,JZ,296928,0,193,6,0x4d0d6e,TEST,1,NonLeaf,al(-1) ,rflags ,TEST,2,SHR,4,MOVZX,6,JZ,2,MOV,4,MOV,7,MOV,7,CMP,2,JLE,2,MOV,8,0,1,1,0,0,JLE,0,0,1,0,0,0,JLE,0,0,5049710,5049905,5049718,0,0,1,0,cpp,7.763522034902358e-06,0.0,0,0,0
0x582fd5,JNZ,382818,15508,1233,6,0x582fd2,TEST,1,NonLeaf,rdi(-1) rdi(-1) ,rflags ,TEST,3,JZ,2,TEST,3,MOV,3,JZ,2,MOV,8,NOP,5,CMP,4,JZ,6,TEST,3,0,1,0,0,0,JMP,0,0,1,0,0,0,NOP,0,0,5779410,5780646,5779419,0,0,0,0,cpp,1.0009214282106272e-05,0.0405101118547194,0,0,0
0x57ef7c,JZ,4,0,83,2,0x57ef78,CMP,1,NonLeaf,rdx(MOV) ,rflags ,CMP,4,NOP,6,MOV,3,JMP,2,MOV,3,MOV,3,ADD,4,SHL,4,MOV,4,LEA,5,0,1,0,0,0,MOV,0,0,1,0,0,0,LEA,0,0,5762936,5763023,5762942,0,1,0,1,cpp,1.0458457316120216e-10,0.0,0,0,0
0x4ff134,JNZ,1,0,820,6,0x4ff12b,XOR,1,NonLeaf,rax(XOR) fs(-1) ,rax rflags ,XOR,9,MOV,5,CALL_NEAR,5,MOV,3,MOV,4,ADD,4,POP,1,POP,1,POP,2,POP,2,0,1,0,0,0,CALL,0,1,1,0,0,0,RET,0,0,5239078,5239912,5239098,0,0,1,0,cpp,2.6146143290300536e-11,0.0,0,0,0
0x575cf0,JLE,1,0,35,2,0x575ce9,CMP,1,NonLeaf,rip(JLE) ,rflags ,CMP,7,MOV,8,XOR,3,XOR,3,JZ,6,MOV,5,XOR,2,CPUID,2,MOV,6,MOV,6,0,1,1,0,0,JE,0,0,1,0,0,0,MOV,0,0,5725417,5725459,5725426,0,0,0,1,cpp,2.6146143290300536e-11,0.0,0,0,0
0x4be38d,JB,440050,0,18,2,0x4be389,UCOMISD,1,NonLeaf,xmm4(-1) xmm0(ADDSD) ,rflags ,UCOMISD,4,MOVSD_XMM,5,ADDSD,4,MULSD,4,MOVSD_XMM,5,MOV,3,ADD,4,MOVSD_XMM,5,ADD,4,ADD,4,1,1,1,0,0,JNE,0,0,1,0,0,0,ADD,0,0,4973363,4973471,4973455,0,0,0,1,cpp,1.1505610354896752e-05,0.0,0,0,0
0x5ee7c1,JZ,763273,763273,-4932,6,0x5ee7be,TEST,1,NonLeaf,r13d(MOV) r13d(MOV) ,rflags ,TEST,3,MOV,7,JMP,5,MOV,7,CMOVLE,4,MOV,7,MOVSXD,3,MOV,4,TEST,5,JZ,6,0,0,0,0,0,JNE,0,0,1,0,0,0,JE,0,0,6219703,6214781,6219719,0,0,0,0,cpp,1.995664522761756e-05,1.0,1,0,1
0x4f7eda,JNZ,29,29,-26,2,0x4f7ed8,CMP,1,NonLeaf,al(-1) ,rflags ,CMP,2,JZ,6,TEST,2,MOVZX,3,ADD,4,TEST,2,JZ,6,ADD,3,XOR,2,JMP,2,1,1,0,0,0,JE,0,0,1,0,0,0,JE,0,0,5209816,5209792,5209820,0,0,0,0,cpp,7.582381554187155e-10,1.0,1,0,1
0x5ae73f,JNZ,13,10,-15,2,0x5ae735,INC,1,Leaf,ecx(INC) ,ecx rflags ,LEA,4,LEA,4,INC,2,MOV,2,MOVZX,3,NOP,5,NOP,10,CMP,7,JNBE,2,MOV,2,1,1,1,1,1,JNE,0,0,1,1,0,0,NOP,1,0,5957424,5957424,5957441,1,0,1,0,cpp,3.39899862773907e-10,0.7692307692307693,1,1,1
0x4b84ac,JLE,4288960,0,2884,6,0x4b84a9,CMP,1,NonLeaf,esi(-1) ,rflags ,CMP,3,JZ,6,MOV,4,TEST,2,MOV,8,MOVZX,4,MOVZX,3,MOV,8,MOVSD_XMM,10,MOV,5,0,1,0,0,0,JMP,0,0,1,0,0,0,JMP,0,0,4949161,4952048,4949170,0,1,0,1,cpp,0.0001121397627263,0.0,0,0,0
0x5e8e69,JZ,320,0,7,2,0x5e8e67,CMP,1,NonLeaf,esi(MOV) edx(-1) ,rflags ,CMP,2,ADD,3,MOV,2,SUB,4,MOV,6,CMP,3,JZ,2,CMP,6,JNZ,2,MOV,6,0,0,1,0,0,JNE,1,0,0,0,1,1,JE,0,0,6196824,6196848,6196843,0,0,0,0,cpp,8.366765852896171e-09,0.0,0,0,0
0x5e8e4e,JNZ,2936,2936,29,2,0x5e8e4c,CMP,1,NonLeaf,esi(MOV) edx(MOV) ,rflags ,CMP,2,LEA,4,XOR,2,MOV,6,MOV,4,JMP,2,NOP,6,MOV,6,SUB,4,MOV,2,0,1,0,1,0,JE,0,0,1,0,0,0,JMP,0,0,6196796,6196843,6196816,0,0,0,0,cpp,7.676507670032239e-08,1.0,1,0,1
0x4b1ad8,JZ,5744358,5664789,-1512,6,0x4b1ad0,CMP,1,NonLeaf,rdx(-1) rsp(-1) ,rflags ,CMP,8,NOP,10,JNLE,6,CMP,3,ADD,4,MOVZX,8,MOV,5,MOV,5,MOV,8,SUB,3,0,1,0,0,0,JNE,0,0,1,0,0,0,JLE,0,0,4922064,4920560,4922078,0,1,0,1,cpp,0.0001501928073787,0.9861483215356704,1,0,1
0x4aeb7b,JNZ,289235,0,9,2,0x4aeb79,TEST,1,NonLeaf,cl(-1) cl(-1) ,rflags ,TEST,2,JZ,6,CMP,3,NOP,10,JMP,2,MOV,3,ADD,4,ADD,4,CMP,2,JLE,2,0,0,1,0,0,JLE,0,0,1,0,0,0,ADD,0,0,4909945,4909956,4909949,0,0,0,1,cpp,7.562379754570076e-06,0.0,0,0,0
0x4ae826,JNZ,13575789,9715725,-86,2,0x4ae823,CMP,1,NonLeaf,rdx(ADD) rdi(-1) ,rflags ,CMP,3,ADD,4,MOV,5,ADD,3,MOVSXD,3,TEST,2,JZ,6,MOV,8,MOV,8,XOR,2,0,0,0,1,1,JB,0,0,0,1,0,0,JE,1,0,4909087,4909008,4909096,0,0,0,0,cpp,0.0003549545244728,0.7156655867294343,1,1,1
0x522c80,JNB,4,0,38,2,0x522c78,CMP,1,NonLeaf,rcx(MOV) rdx(MOV) ,rflags ,MOV,4,CMP,4,XOR,2,MOV,3,MOV,3,MOV,4,TEST,3,JZ,2,LEA,7,LEA,7,0,1,1,0,0,RET,0,0,1,0,0,0,JE,0,0,5385328,5385382,5385346,0,0,0,0,cpp,1.0458457316120216e-10,0.0,0,0,0
0x5d55b8,JZ,1,0,240,6,0x5d55b6,TEST,1,Leaf,ebx(-1) ebx(-1) ,rflags ,TEST,2,CPUID,2,MOV,2,XOR,2,MOV,5,ADD,3,MOV,5,AND,3,MOV,2,MOV,7,0,0,1,0,0,RET,0,0,1,0,0,0,JE,0,0,6116779,6117032,6116798,0,1,1,1,cpp,2.6146143290300536e-11,0.0,0,0,0
0x5978f3,JZ,28341,0,589,6,0x5978df,SUB,1,NonLeaf,r13d(SUB) ,r13d rflags ,MOV,4,MOV,4,MOV,4,MOV,4,SUB,4,MOV,4,CMP,3,JZ,6,MOV,4,MOV,4,0,0,0,0,0,JA,1,0,0,0,1,1,JE,0,0,5863636,5864256,5863673,0,0,0,0,cpp,7.410078469904075e-07,0.0,0,0,0
0x4e04cd,JLE,9360,0,3272,6,0x4e04c7,TEST,1,NonLeaf,edx(MOV) edx(MOV) ,rflags ,MOV,4,TEST,2,MOV,8,MOV,7,CVTSI2SD,10,MOV,7,XORPD,4,MOV,8,MOV,3,MOVAPD,4,0,1,0,0,0,JMP,1,0,1,0,0,0,NOP,0,0,5113016,5116309,5113043,0,0,0,0,cpp,2.4472790119721304e-07,0.0,0,0,0
0x4dc9dd,JZ,828720,828720,15,2,0x4dc9db,TEST,1,NonLeaf,eax(MOV) eax(MOV) ,rflags ,TEST,2,XOR,3,MOV,7,MOV,4,MOV,4,MOVZX,5,SHR,4,AND,4,MOV,5,MOV,7,0,1,1,0,0,JL,0,0,1,0,0,0,AND,0,0,5097944,5097964,5097951,0,0,1,0,cpp,2.166783186753786e-05,1.0,1,0,1
0x4db6a7,JNLE,85719922,84693731,265,6,0x4db6a3,CMP,1,NonLeaf,esi(-1) rsp(-1) ,rflags ,CMP,4,JB,2,UCOMISD,5,SAR,3,SHL,3,CMP,4,JL,6,MOV,4,ADD,4,MOV,4,0,1,0,0,0,JMP,0,0,1,0,0,0,JL,0,0,5093027,5093296,5093037,0,0,1,0,cpp,0.0022412453634453,0.9880285588687306,1,0,1
0x591ae4,JZ,2,2,17,2,0x591add,CMP,1,NonLeaf,rip(JZ) ,rflags ,CMP,7,MOV,11,JNZ,2,MOV,6,TEST,2,DEC_LOCK,7,JNZ,6,JMP,2,DEC,6,JNZ,6,0,1,0,0,0,JNE,0,0,1,0,0,0,JNE,0,0,5839570,5839605,5839590,0,0,1,0,cpp,5.2292286580601066e-11,1.0,1,0,1
0x4da656,JNLE,894261817,888325932,-814,6,0x4da3d1,CMP,0,NonLeaf,eax(-1) edi(-1) ,rflags ,MOVSD_XMM,6,ADDSD,4,MOVSD_XMM,6,MOVSD_XMM,6,ADDSD,5,MOV,8,MOV,4,MOVSD_XMM,9,MOVSD_XMM,6,MOV,3,0,0,0,1,1,MULSD,0,0,1,1,0,0,MOV,1,0,5088838,5088040,5088860,1,0,0,0,cpp,0.0233814976063265,0.9933622515384664,1,1,1
0x5915fa,JZ,2,0,158,6,0x5915f8,TEST,1,NonLeaf,eax(MOV) eax(MOV) ,rflags ,TEST,2,MOV,6,JZ,6,CMP,3,AND,6,XOR,3,MOV,7,TEST,3,JZ,2,CMP,4,0,0,1,0,0,JNE,0,0,1,0,0,0,XOR,0,0,5838322,5838488,5838336,0,0,1,0,cpp,5.2292286580601066e-11,0.0,0,0,0
0x59096a,JNZ,2,0,48,2,0x590966,CMP,1,NonLeaf,rdi(-1) ,rflags ,CMP,4,SUB,4,PUSH,1,MOV,3,PUSH,2,MOV,3,MOVZX,3,MOV,3,CMP,3,JZ,6,0,1,0,0,0,RET,1,0,1,0,0,0,JE,0,0,5835088,5835162,5835116,0,0,0,0,cpp,5.2292286580601066e-11,0.0,0,0,0
0x4d7d58,JNLE,5985200,5975840,-5786,6,0x4d7d0d,CMP,1,NonLeaf,rsp(-1) ebx(MOV) ,rflags ,MOVSD_XMM,5,MOVSD_XMM,5,ADDSD,5,MOVSD_XMM,4,MOVSD_XMM,5,CVTSI2SD,7,MOV,7,MOV,8,TEST,2,MOV,4,0,0,0,1,1,JNE,0,0,0,1,0,0,CVTSI2SD,1,0,5078245,5072574,5078366,0,0,1,0,cpp,0.0001564898968211,0.9984361424847958,1,1,1
0x4d5d76,JNZ,18394610,18074770,-214,6,0x4d5d73,CMP,1,NonLeaf,r9(ADD) r12(-1) ,rflags ,CMP,3,ADD,2,ADD,2,ADD,4,ADD,4,MOV,7,MOV,4,MOV,5,MOV,5,MOV,5,1,1,0,0,0,MOV,0,0,1,1,0,0,LEA,1,0,5069990,5069984,5070204,0,0,0,0,cpp,0.0004809481088291,0.982612297841596,1,1,1
0x4d3b63,JLE,329920,0,59,2,0x4d3b60,CMP,1,NonLeaf,r9d(MOV) eax(MOVZX) ,rflags ,CMP,3,MOVZX,4,LEA,4,MOV,8,MOVSXD,3,LEA,5,MOVZX,6,MOV,3,MOV,2,JMP,2,0,0,1,0,0,JLE,0,0,1,0,0,0,JMP,0,0,5061445,5061534,5061477,0,0,0,0,cpp,8.626135594335954e-06,0.0,0,0,0
0x5c5cc8,JNZ,2,2,121,2,0x5c5cc2,TEST,1,NonLeaf,esi(-1) esi(-1) ,rflags ,LEA,4,TEST,2,SUB,2,IMUL,2,SAR,3,JMP,5,NOP,1,CMP,5,JZ,6,CMP,3,0,1,0,1,0,JNE,0,0,1,0,0,0,JMP,1,0,6053030,6053185,6053066,0,0,0,0,cpp,5.2292286580601066e-11,1.0,1,1,1
0x4d0892,JNZ,9360,9360,536,6,0x4d088f,TEST,1,NonLeaf,r14d(-1) r14d(-1) ,rflags ,TEST,3,SETZ,8,MOV,3,MOV,4,TEST,2,MOV,4,CMP,4,MOV,3,JNLE,6,MOV,4,0,1,0,0,0,JLE,0,0,1,0,0,0,JG,0,0,5048446,5049002,5048472,0,0,0,0,cpp,2.4472790119721304e-07,1.0,1,0,1
0x4d0860,JNLE,9360,4745,4457,6,0x4d0845,CMP,1,NonLeaf,ebp(LEA) r13(MOV) ,rflags ,MOV,8,MOV,3,MOV,4,MOV,8,CMP,4,MOV,4,MOV,4,MOV,3,CMP,4,MOV,3,0,1,0,0,0,CALL,0,1,1,1,0,0,JG,0,0,5048057,5052873,5048422,0,1,1,1,cpp,2.4472790119721304e-07,0.5069444444444444,1,0,1
0x57ed61,JNZ,290,283,-17,2,0x57ed5d,CMP,1,NonLeaf,r12w(-1) rbx(-1) ,rflags ,CMP,4,JZ,2,TEST,3,MOV,4,ADD,4,LEA,4,MOV,3,MOV,3,CALL_NEAR,5,TEST,2,1,1,0,0,0,JE,0,0,1,0,0,0,CALL,0,1,5762397,5762384,5762403,0,0,0,1,cpp,7.582381554187157e-09,0.9758620689655172,1,1,1
0x4fe3e4,JZ,1,1,684,6,0x4fe3e1,TEST,1,NonLeaf,rbp(-1) rbp(-1) ,rflags ,TEST,3,JZ,6,TEST,3,MOV,4,SUB,4,MOV,3,MOV,5,CALL_NEAR,5,MOVZX,3,MOV,3,0,1,0,0,0,NOP,0,0,1,0,0,0,CALL,1,1,5235681,5236368,5235690,0,0,1,1,cpp,2.6146143290300536e-11,1.0,1,0,1
0x5ed4c3,JZ,763273,382852,4542,6,0x5ed4bc,CMP,1,NonLeaf,rbp(-1) ,rflags ,CMP,7,CMOVNLE,4,TEST,2,MOV,6,MOV,6,MOV,7,MOVZX,5,TEST,2,JNZ,6,MOV,7,0,1,0,0,0,JNE,0,0,1,0,0,0,MOVZX,0,0,6214826,6219393,6214857,0,0,0,0,cpp,1.995664522761756e-05,0.5015924839474212,1,0,1
0x4f824d,JNZ,18,1,-1018,6,0x4f824b,TEST,1,NonLeaf,eax(-1) eax(-1) ,rflags ,TEST,2,CALL_NEAR,5,MOV,3,MOV,5,MOV,3,LEA,7,MOV,3,MOV,5,MOV,3,CALL_NEAR,5,0,0,0,0,0,NOP,0,0,1,0,0,0,CALL,0,1,5210699,5209683,5210707,0,0,0,1,cpp,4.706305792254095e-10,0.0555555555555555,0,0,0
0x440e26,JZ,1,0,7,2,0x440e23,TEST,1,NonLeaf,rdi(MOV) rdi(MOV) ,rflags ,TEST,3,MOV,4,JZ,2,TEST,2,MOV,3,CALL_NEAR,5,MOV,4,MOV,3,MOV,3,ADD,4,0,0,1,0,0,MOV,0,0,1,0,0,0,CALL,0,1,4460063,4460077,4460072,0,0,1,1,cpp,2.6146143290300536e-11,0.0,0,0,0
0x440e1d,JZ,2,1,16,2,0x440e1b,TEST,1,NonLeaf,eax(MOV) eax(MOV) ,rflags ,TEST,2,MOV,3,CALL_NEAR,5,MOV,3,SHL,4,MOV,4,TEST,3,JZ,2,CALL_NEAR,5,MOV,4,0,1,1,0,0,MOV,0,0,1,0,0,0,JE,0,0,4460056,4460077,4460063,0,0,1,0,cpp,5.2292286580601066e-11,0.5,0,0,0
0x440dc2,JNL,388441,388439,117,2,0x440dc0,CMP,1,NonLeaf,eax(MOV) esi(-1) ,rflags ,CMP,2,MOV,3,SUB,4,MOV,3,PUSH,1,CVTSI2SS,4,MOV,3,MULSS,5,CVTTSS2SI,4,CMP,2,0,1,1,0,0,RET,0,0,1,0,0,0,CALL,0,1,4459952,4460087,4459972,0,1,0,1,cpp,1.015623404582763e-05,0.9999948512129256,1,0,1
0x440d92,JZ,8,0,7,2,0x440d8f,TEST,1,NonLeaf,rdi(MOV) rdi(MOV) ,rflags ,TEST,3,MOV,4,JZ,2,TEST,2,MOV,3,CALL_NEAR,5,MOV,4,MOV,3,MOV,3,ADD,4,0,0,1,0,0,MOV,0,0,1,0,0,0,CALL,0,1,4459915,4459929,4459924,0,0,1,1,cpp,2.091691463224043e-10,0.0,0,0,0
0x440d89,JZ,16,8,16,2,0x440d87,TEST,1,NonLeaf,eax(MOV) eax(MOV) ,rflags ,TEST,2,MOV,3,CALL_NEAR,5,MOV,3,ADD,3,MOV,4,TEST,3,JZ,2,CALL_NEAR,5,MOV,4,0,1,1,0,0,MOV,0,0,1,0,0,0,JE,0,0,4459908,4459929,4459915,0,0,1,0,cpp,4.183382926448086e-10,0.5,0,0,0
0x440d32,JNL,677735,677719,113,2,0x440d30,CMP,1,NonLeaf,eax(MOV) esi(-1) ,rflags ,CMP,2,MOV,3,SUB,4,MOV,3,PUSH,1,CVTSI2SS,4,MOV,3,MULSS,5,CVTTSS2SI,4,CMP,2,0,1,1,0,0,RET,0,0,1,0,0,0,CALL,0,1,4459808,4459939,4459828,0,1,0,1,cpp,1.7720156422851834e-05,0.9999763919526068,1,0,1
0x440cde,JNZ,1077432933,1054503466,-550,6,0x440cd9,CMP,1,Leaf,rax(ADD) rsp(-1) ,rflags ,CMP,5,ADD,2,ADD,4,SETNBE,3,UCOMISD,4,MOV,4,MOVSXD,3,LEA,8,LEA,4,SHL,4,0,1,0,0,0,MOV,0,0,1,1,0,0,JMP,1,0,4459607,4459192,4459748,0,0,0,0,cpp,0.0281707158519067,0.9787184275719554,1,1,1
0x4409d2,JNZ,212467817,163590340,-114,2,0x4409cf,CMP,1,Leaf,rdx(ADD) r11(-1) ,rflags ,CMP,3,ADD,4,ADD,4,MOVSD_XMM,6,ADD,4,POP,1,POP,1,POP,2,POP,2,SUB,3,0,1,0,0,0,MOV,0,0,0,1,0,0,RET,1,0,4458955,4458848,4458964,0,0,0,0,cpp,0.0055552139878593,0.7699535031227812,1,1,1
0x4409b7,JB,212467817,47689519,20,2,0x4409b3,UCOMISD,1,Leaf,xmm0(-1) xmm5(ADDSD) ,rflags ,UCOMISD,4,ADDSD,4,MULSD,4,MOVSD_XMM,6,SUBSD,5,MOV,4,ADD,4,MOVSD_XMM,6,ADD,4,ADD,4,1,1,1,0,0,JNE,0,0,1,0,0,0,ADD,0,0,4458851,4458955,4458937,0,0,0,1,cpp,0.0055552139878593,0.2244552594993716,0,1,0
0x440938,JNL,48877477,0,156,6,0x440925,CMP,1,Leaf,r9d(-1) ebx(MOV) ,rflags ,MOVSD_XMM,6,MOVSD_XMM,6,MOVSD_XMM,4,CMP,3,ADD,3,SUB,3,MOVSXD,3,MOV,3,LEA,5,SUB,3,0,1,1,0,0,RET,0,0,1,0,0,0,JMP,0,0,4458764,4458964,4458814,0,1,0,0,cpp,0.0012779575173103,0.0,0,0,0
0x4408fd,JNLE,48877477,22929467,235,6,0x4408fa,CMP,1,Leaf,edx(-1) ,rflags ,CMP,3,JLE,6,MOV,4,PUSH,1,PUSH,1,XOR,2,XOR,2,XOR,2,XOR,3,MOVZX,4,0,1,0,0,0,JMP,0,0,1,0,0,0,XOR,0,0,4458746,4458984,4458755,0,0,1,0,cpp,0.0012779575173103,0.4691213296463727,0,0,0
0x4408f4,JLE,77807600,28930123,1052,6,0x4408e2,TEST,1,Leaf,edx(-1) edx(-1) ,rflags ,MOV,4,PUSH,1,PUSH,1,PUSH,2,PUSH,2,CMP,3,JNLE,6,XOR,2,XOR,2,XOR,2,0,1,0,0,0,RET,0,0,1,0,0,0,JG,0,0,4458720,4459792,4458746,0,0,0,0,cpp,0.0020343686586743,0.3718161593469018,0,1,0
0x4f71bf,JNBE,390,0,1971,6,0x4f71bb,UCOMISD,1,NonLeaf,xmm2(-1) xmm0(-1) ,rflags ,UCOMISD,4,JNBE,6,UCOMISD,4,SUBSD,5,MOVSD_XMM,5,MOVSD_XMM,5,SUBSD,5,UCOMISD,4,JNBE,6,UCOMISD,4,0,0,0,0,0,CALL,0,1,1,0,0,0,JA,0,0,5206459,5208434,5206469,0,0,1,0,cpp,1.0196995883217207e-08,0.0,0,0,0
0x4f603e,JLE,144,0,570,6,0x4f603b,TEST,1,NonLeaf,r9d(MOV) r9d(MOV) ,rflags ,TEST,3,MOV,4,MOV,3,JNZ,2,CMP,4,XOR,3,XOR,3,XOR,2,MOV,3,LEA,8,0,1,0,0,0,CALL,0,1,1,0,0,0,JMP,0,0,5201972,5202552,5201988,0,0,1,0,cpp,3.765044633803277e-09,0.0,0,0,0
0x4f5e0d,JNZ,35967360,35911200,-93,2,0x4f5e02,CMP,1,Leaf,r8(ADD) rbx(-1) ,rflags ,MOV,3,MOV,5,CMP,3,ADD,4,MOV,5,POP,1,RET_NEAR,2,INVALID,0,INVALID,0,INVALID,0,1,1,0,0,0,ADD,0,0,1,1,0,0,POP,1,0,5201332,5201328,5201423,1,0,0,0,cpp,0.0009404077483338,0.9984385843164468,1,1,1
0x4b8178,JNLE,24386423,24283463,-7499,6,0x4b8167,CMP,1,NonLeaf,rsp(-1) eax(MOVZX) ,rflags ,MOV,7,MOV,3,CMP,7,MOVZX,4,LEA,3,CVTSI2SD,9,CMP,8,JZ,2,MOV,8,MOVZX,8,0,0,0,1,1,JNE,0,0,0,1,0,0,CVTSI2SD,1,0,4948305,4940845,4948350,0,0,1,0,cpp,0.0006376109100958,0.995777978590792,1,1,1
0x4f2d0a,JZ,1,1,566,6,0x4f2ce8,TEST,1,NonLeaf,ecx(MOV) ecx(MOV) ,rflags ,MOV,6,MOV,7,MOV,6,MOV,7,MOV,6,MOVSD_XMM,9,UCOMISD,8,JBE,6,TEST,2,MOV,10,0,1,0,0,0,JE,0,0,1,0,0,0,JBE,0,0,5188802,5189440,5188880,0,0,1,0,cpp,2.6146143290300536e-11,1.0,1,0,1
0x4b55b8,JLE,13560775,3795991,106,2,0x4b55b5,CMP,1,NonLeaf,r11d(-1) edi(ADD) ,rflags ,CMP,3,ADD,4,ADD,3,ADD,4,MOV,4,MOVZX,4,MOVAPD,5,MOVAPD,5,MOVZX,4,MOV,4,0,0,1,0,0,JMP,1,0,0,0,1,1,JB,0,0,4937134,4937250,4937146,0,0,0,0,cpp,0.0003545619662775,0.2799243406073768,0,0,0
0x5e48f7,JZ,3512,3512,6551,6,0x5e48f0,CMP,1,NonLeaf,rbp(-1) ,rflags ,CMP,7,JMP,5,MOV,3,MOV,6,MOV,3,MOV,4,CMP,4,JNB,6,LEA,4,MOV,4,0,1,0,0,0,JE,0,0,1,0,0,0,JAE,0,0,6179056,6185614,6179069,0,0,0,0,cpp,9.182525523553549e-08,1.0,1,0,1
0x5e4540,JZ,1,1,599,6,0x5e453d,CMP,1,NonLeaf,eax(MOV) ,rflags ,CMP,3,MOV,6,JNZ,6,CMP,7,JZ,6,MOV,3,MOVSXD,3,MOV,7,CALL_NEAR,5,MOV,7,0,1,0,0,0,MOV,0,0,1,0,0,0,CALL,0,1,6178103,6178711,6178118,0,0,0,1,cpp,2.6146143290300536e-11,1.0,1,0,1
0x5e4517,JZ,1,0,792,6,0x5e4514,TEST,1,NonLeaf,r10(-1) r10(-1) ,rflags ,TEST,3,MOV,3,MOV,10,CALL_NEAR,5,MOV,5,CMP,7,JZ,6,CMP,7,JNZ,6,MOV,6,0,1,0,0,0,JG,0,0,0,0,0,0,JE,0,0,6178068,6178863,6178077,0,0,0,0,cpp,2.6146143290300536e-11,0.0,0,0,0
0x5d5b24,JNZ,1,1,16,2,0x5d5b15,CMP,1,NonLeaf,rip(JNZ) ,rflags ,MOV,7,CMP,8,OR,3,MOV,2,SHL,4,CALL_NEAR,5,CDQE,2,MOV,7,MOV,5,CALL_NEAR,5,0,1,1,0,0,CALL,0,1,1,0,0,0,CALL,0,1,6118144,6118196,6118182,0,0,1,1,cpp,2.6146143290300536e-11,1.0,1,0,1
0x5d55d8,JZ,1,0,208,6,0x5d55d6,TEST,1,Leaf,al(-1) ,rflags ,TEST,2,CPUID,2,MOV,2,MOV,7,MOV,2,LEA,5,MOV,8,MOV,8,MOV,8,MOV,8,0,0,1,0,0,RET,0,0,1,0,0,0,JMP,0,0,6116798,6117032,6116830,0,0,1,1,cpp,2.6146143290300536e-11,0.0,0,0,0
0x59739a,JZ,767,0,30,2,0x597397,TEST,1,NonLeaf,sil(-1) sil(-1) ,rflags ,TEST,3,JNZ,2,MOV,7,CMP,3,LEA,4,ADD,3,MOV,7,OR,4,MOV,5,JMP,5,0,0,0,0,0,JNE,0,0,1,0,0,0,JMP,0,0,5862295,5862328,5862300,0,0,0,1,cpp,2.0054091903660512e-08,0.0,0,0,0
0x596e4a,JB,17971,17971,-1835,6,0x596e47,CMP,1,NonLeaf,r14(-1) rax(ADD) ,rflags ,CMP,3,ADD,3,AND,4,MOV,4,JMP,5,ADD,4,MOV,6,JMP,5,ADD,4,MOV,6,0,0,0,0,0,JE,0,0,1,0,0,0,JMP,0,0,5860924,5859103,5860944,0,0,0,0,cpp,4.69872341069991e-07,1.0,1,0,1
0x4df734,JZ,1269,1017,173,6,0x4df731,CMP,1,NonLeaf,edx(-1) r9d(MOV) ,rflags ,CMP,3,MOV,8,MOV,5,MOV,5,JNBE,2,MOV,8,MOVSXD,3,MOV,5,MOVZX,5,MOV,5,0,0,1,0,0,MOVZX,0,0,1,0,0,0,JLE,0,0,5109535,5109729,5109562,0,0,0,1,cpp,3.3179455835391384e-08,0.8014184397163121,1,0,1
0x5967b7,JZ,17971,355,480,6,0x5967b3,CMP,1,NonLeaf,rbp(-1) r14(-1) ,rflags ,CMP,4,JNZ,6,TEST,3,MOV,4,JBE,2,TEST,6,JZ,6,AND,5,MOV,4,LEA,4,0,1,0,0,0,JMP,0,0,1,0,0,0,JE,0,0,5859251,5859735,5859261,0,0,1,0,cpp,4.69872341069991e-07,0.0197540481887485,0,0,0
0x4df593,JZ,946528,560646,4349,6,0x4df590,CMP,1,NonLeaf,cl(-1) ,rflags ,CMP,3,NOP,2,JMP,2,MOV,8,MOV,8,TEST,2,JNZ,2,MOV,3,ADD,4,ADD,4,0,1,0,0,0,JMP,0,0,1,0,0,0,JNE,0,0,5109136,5113488,5109145,0,0,1,0,cpp,2.4748056716281588e-05,0.592318452280334,1,0,1
0x5966a3,JZ,15,15,12,2,0x5966a1,TEST,1,NonLeaf,cl(-1) cl(-1) ,rflags ,TEST,2,JZ,2,TEST,3,MOV,3,JZ,6,MOV,4,SHR,3,LEA,3,MOV,4,MOV,3,0,0,1,0,0,JE,0,0,1,0,0,0,LEA,0,0,5858977,5858991,5858981,0,0,1,0,cpp,3.92192149354508e-10,1.0,1,0,1
0x4df261,JB,1034379,333271,13,2,0x4df25d,UCOMISD,1,NonLeaf,xmm2(-1) xmm0(ADDSD) ,rflags ,UCOMISD,4,ADDSD,4,MULSD,4,SUBSD,5,MOVAPD,4,MOVSXD,3,ADD,3,MOV,5,ADD,3,ADD,4,1,1,1,0,0,JG,0,0,1,0,0,0,MOV,0,0,5108256,5108334,5108323,0,0,0,1,cpp,2.7045021550477775e-05,0.3221942827532268,0,1,0
0x591ad0,JNZ,2,0,49,2,0x591ac8,TEST,1,NonLeaf,ecx(SUB) ecx(SUB) ,rflags ,MOV,6,TEST,2,MOV,11,SUB,3,MOV,4,MOV,11,CMP,7,JZ,2,DEC_LOCK,7,JNZ,6,0,1,1,0,0,JE,0,0,1,0,0,0,JE,0,0,5839546,5839617,5839570,0,0,0,1,cpp,5.2292286580601066e-11,0.0,0,0,0
0x590fa5,JZ,2,2,283,6,0x590fa0,CMP,1,NonLeaf,rbx(-1) ,rflags ,CMP,5,NOP,3,RET_NEAR,1,POP,2,POP,1,MOV,4,TEST,6,JNZ,6,MOV,4,CMP,3,0,0,0,0,0,CALL,0,1,1,0,0,0,MOV,0,0,5836704,5836992,5836715,0,0,1,0,cpp,5.2292286580601066e-11,1.0,1,0,1
0x590f61,JZ,24,11,287,6,0x590f5e,CMP,1,NonLeaf,ebp(-1) ,rflags ,CMP,3,MOV,4,JZ,6,TEST,3,MOV,4,CMP,4,JZ,6,LEA,4,MOV,4,MOV,3,0,1,0,0,0,JMP,0,0,1,0,0,0,JE,0,0,5836638,5836928,5836647,0,0,0,0,cpp,6.275074389672128e-10,0.4583333333333333,0,0,0
0x4d9979,JZ,920800,920800,15,2,0x4d9977,TEST,1,NonLeaf,eax(MOV) eax(MOV) ,rflags ,TEST,2,XOR,3,MOV,7,MOV,4,MOV,4,MOVZX,5,SHR,4,AND,4,MOV,8,MOV,7,0,1,1,0,0,JL,0,0,1,0,0,0,AND,0,0,5085556,5085576,5085563,0,0,1,0,cpp,2.4075368741708736e-05,1.0,1,0,1
0x4d85cc,JL,1252666,0,285,6,0x4d85c8,CMP,1,NonLeaf,ecx(-1) rsp(-1) ,rflags ,CMP,4,NOP,5,JMP,2,MOV,3,MOV,8,MOV,4,ADD,4,MOV,4,SHL,3,SAR,3,0,0,0,0,0,JMP,0,0,1,0,0,0,ADD,0,0,5080520,5080809,5080530,0,0,1,1,cpp,3.275238473088761e-05,0.0,0,0,0
0x4d804a,JZ,9360,9360,-7066,6,0x4d8037,TEST,1,NonLeaf,rdi(MOV) rdi(MOV) ,rflags ,MOVSD_XMM,8,MOVSD_XMM,8,TEST,3,ADDSD,8,MOV,8,ADD,7,POP,1,POP,1,POP,2,POP,2,0,0,0,0,0,RET,0,0,1,0,0,0,JMP,0,0,5078830,5072048,5079120,0,0,0,0,cpp,2.4472790119721304e-07,1.0,1,0,1
0x4d7184,JZ,202806,0,4460,6,0x4d7181,OR,1,NonLeaf,al(OR) sil(SETNB) ,al rflags ,OR,3,SETNB,4,CMP,3,ADD,4,SETNB,3,CMP,4,JBE,6,SHR,4,XOR,2,XOR,2,0,1,0,0,0,NOP,0,0,1,0,0,0,JBE,0,0,5075284,5079792,5075338,0,0,0,0,cpp,5.3025947361326905e-06,0.0,0,1,0
0x4d4d43,JB,39083291,11903030,19,2,0x4d4d3f,UCOMISD,1,NonLeaf,xmm4(-1) xmm0(ADDSD) ,rflags ,UCOMISD,4,ADDSD,4,MULSD,4,MOVSD_XMM,5,SUBSD,4,MOV,3,ADD,4,MOVSD_XMM,6,ADD,4,ADD,4,1,1,1,0,0,JNE,0,0,1,0,0,0,ADD,0,0,5065970,5066070,5066053,0,0,0,1,cpp,0.0010218773267425,0.304555468473727,0,0,0
0x4d3b90,JNZ,329920,328480,-16,2,0x4d3b8e,CMP,1,NonLeaf,edx(ADD) esi(-1) ,rflags ,CMP,2,ADD,3,JLE,2,CMP,2,ADD,4,MOV,7,MOV,5,MOVSXD,8,CMP,7,JLE,2,1,1,0,0,0,JLE,0,0,1,1,0,0,MOV,1,0,5061515,5061504,5061522,0,0,0,1,cpp,8.626135594335954e-06,0.995635305528613,1,1,1
0x4d378a,JNZ,922240,920800,-26,2,0x4d3788,CMP,1,NonLeaf,eax(ADD) esi(-1) ,rflags ,CMP,2,ADD,4,ADD,3,MOV,5,ADD,3,MOVSXD,3,TEST,2,MOV,7,JZ,6,MOV,8,0,0,0,1,1,JE,0,0,1,1,0,0,JE,1,0,5060481,5060464,5060492,0,0,0,1,cpp,2.411301918804677e-05,0.9984385843164468,1,1,1
0x54bb92,JZ,1,0,1838,6,0x54bb88,CMP,1,NonLeaf,rdi(-1) ,rflags ,MOV,5,CMP,5,SUB,4,MOV,3,PUSH,1,CMP,6,JZ,6,LEA,5,CALL_NEAR,5,MOV,5,0,1,0,0,0,CALL,0,1,1,1,0,0,JE,0,0,5553024,5554880,5553048,0,0,1,0,cpp,2.6146143290300536e-11,0.0,0,0,0
0x54aac2,JZ,3,1,126,2,0x54aabd,CMP,1,Leaf,si(-1) ,rflags ,CMP,5,JBE,2,JZ,6,CMP,5,JMP,5,CMP,5,JNZ,6,MOV,4,LEA,7,JMP,5,0,1,0,0,0,JMP,0,0,1,0,0,0,JNE,0,0,5548733,5548864,5548740,0,0,0,0,cpp,7.843842987090161e-11,0.3333333333333333,0,0,0
0x583e80,JNLE,284850,0,2304,6,0x583e76,CMP,1,NonLeaf,esi(SUB) ,rflags ,MOV,4,CMP,6,SUB,2,XOR,4,BSR,9,CMP,3,JLE,6,LEA,3,MOV,2,AND,3,0,0,0,0,0,JE,1,0,1,0,0,0,JLE,0,0,5783133,5785472,5783174,0,0,1,0,cpp,7.447728916242108e-06,0.0,0,0,0
0x582e09,JZ,3656,0,5798,6,0x582e00,CMP,0,NonLeaf,r10(-1) r8(-1) ,rflags ,JL,6,CMP,3,NOP,3,SUB,3,ADD,3,SUB,3,MOVSXD,3,LEA,4,ADD,4,LEA,4,0,1,0,0,0,JLE,0,0,1,0,0,0,MOVSXD,0,0,5778953,5784751,5778959,0,0,0,0,cpp,9.559029986933876e-08,0.0,0,0,0
0x582bbe,JZ,382863,97982,2210,6,0x582bb6,CMP,1,NonLeaf,r13b(-1) ,rflags ,MOV,4,CMP,4,JNBE,6,CMP,2,SUB,3,XOR,2,CMP,6,SETZ,3,MOV,5,JNZ,6,0,1,0,0,0,JE,0,0,1,0,0,0,JNE,1,0,5778358,5780576,5778372,0,0,0,1,cpp,1.0010390858554334e-05,0.2559192191462742,0,0,0
0x582870,JZ,382818,0,120,2,0x582869,CMP,1,NonLeaf,r14d(-1) ,rflags ,CMP,7,AND,3,SETNZ,3,TEST,3,SUB,4,JLE,2,CMP,7,JZ,2,CMP,7,MOV,2,0,1,0,0,0,JE,0,0,1,0,0,0,JLE,0,0,5777510,5777640,5777522,0,0,0,0,cpp,1.0009214282106272e-05,0.0,0,0,0
0x4ffca4,JZ,1,0,4,2,0x4ffc9e,TEST,1,NonLeaf,rax(-1) rax(-1) ,rflags ,MOV,3,TEST,3,CALL_NEAR,5,MOV,5,MOV,3,POP,1,RET_NEAR,1,LEA,7,CALL_NEAR,5,NOP,10,0,1,0,0,0,CALL,0,1,1,0,0,0,RET,0,0,5242014,5242024,5242022,0,0,1,0,cpp,2.6146143290300536e-11,0.0,0,0,0
0x5f2e2e,JNZ,22,22,-23263,6,0x5f2e29,CMP,1,NonLeaf,eax(-1) ,rflags ,MOV,2,CMP,3,CALL_NEAR,5,MOV,3,JMP,2,MOV,5,JMP,5,MOV,11,XOR,2,MOV,10,0,0,0,0,0,SUB,0,0,1,0,0,0,JMP,1,0,6237737,6214479,6237748,0,0,1,0,cpp,5.752151523866117e-10,1.0,1,1,1
0x5789fa,JZ,2,2,17,2,0x5789f7,TEST,1,Leaf,rcx(MOV) rcx(MOV) ,rflags ,TEST,3,MOV,5,MOV,4,LEA,4,MOV,7,MOV,7,LEA,4,MOV,4,MOV,5,TEST,3,0,1,1,0,0,JE,0,0,1,0,0,0,MOV,0,0,5736946,5736971,5736956,0,0,0,1,cpp,5.2292286580601066e-11,1.0,1,0,1
0x5781ee,JZ,1,1,729,6,0x5781e9,CMP,1,NonLeaf,r13(-1) ,rflags ,CMP,5,JZ,2,TEST,2,MOV,5,MOV,6,CMP,8,JNZ,6,LEA,7,MOV,5,MOV,5,0,1,0,0,0,JNE,0,0,1,0,0,0,JNE,0,0,5734889,5735623,5734900,0,0,0,0,cpp,2.6146143290300536e-11,1.0,1,0,1
0x4be66a,JNLE,24830040,24725208,-6285,6,0x4be659,CMP,1,NonLeaf,rsp(-1) eax(MOVZX) ,rflags ,MOV,7,MOV,3,CMP,7,MOVZX,4,LEA,3,CVTSI2SD,9,CMP,8,JZ,2,MOV,8,MOVZX,8,0,0,0,1,1,JNE,0,0,0,1,0,0,CVTSI2SD,1,0,4974147,4967901,4974192,0,0,1,0,cpp,0.0006492097837438,0.9957780172726264,1,1,1
0x5ed307,JZ,382852,0,32799,6,0x5ed304,CMP,1,NonLeaf,ebx(MOVZX) ,rflags ,CMP,3,SUB,6,SETNLE,3,TEST,3,XOR,2,CMP,3,SETZ,3,CMP,3,JZ,2,TEST,2,0,1,0,0,0,JNE,1,0,1,0,0,0,JE,0,0,6214383,6247206,6214413,1,0,0,0,cpp,1.0010103250978142e-05,0.0,0,1,0
0x4f8383,JNZ,8,1,-1328,6,0x4f8381,TEST,1,NonLeaf,eax(-1) eax(-1) ,rflags ,TEST,2,CALL_NEAR,5,MOV,3,MOV,5,MOV,3,LEA,7,MOV,3,MOV,5,MOV,3,CALL_NEAR,5,0,0,0,0,0,NOP,0,0,1,0,0,0,CALL,0,1,5211009,5209683,5211017,0,0,0,1,cpp,2.091691463224043e-10,0.125,0,0,0
0x4039f9,JNLE,730080,729690,-25,2,0x4039f6,CMP,1,NonLeaf,rbx(-1) ebp(-1) ,rflags ,CMP,3,CALL_NEAR,5,ADD,4,ADD,3,MOV,3,ADD,4,POP,1,POP,1,POP,2,POP,2,0,0,0,1,1,CALL,0,1,0,1,0,0,RET,1,0,4209142,4209120,4209147,1,0,1,0,cpp,1.9088776293382614e-05,0.999465811965812,1,1,1
0x4039d4,JLE,390,0,39,2,0x4039d2,TEST,1,NonLeaf,eax(MOV) eax(MOV) ,rflags ,TEST,2,XOR,2,XOR,3,MOV,3,JNLE,2,NOP,10,MOV,3,ADD,4,MOV,3,ADD,3,0,1,1,0,0,RET,0,0,1,0,0,0,NOP,0,0,4209098,4209147,4209110,0,0,0,0,cpp,1.0196995883217207e-08,0.0,0,0,0
0x4039c8,JNLE,56160,55770,-24,2,0x4039c6,CMP,1,NonLeaf,rbx(-1) ebp(-1) ,rflags ,CMP,2,CALL_NEAR,5,ADD,4,ADD,3,MOV,3,MOV,3,XOR,3,XOR,2,TEST,2,JLE,2,0,0,0,1,1,CALL,0,1,0,1,0,0,JLE,1,0,4209094,4209072,4209098,1,0,1,0,cpp,1.4683674071832785e-06,0.9930555555555556,1,1,1
0x4039a9,JLE,390,0,33,2,0x4039a7,TEST,1,NonLeaf,edx(MOV) edx(MOV) ,rflags ,TEST,2,MOV,2,SUB,4,MOV,3,PUSH,1,NOP,5,MOV,3,ADD,4,MOV,3,ADD,3,0,1,1,0,0,JLE,0,0,1,0,0,0,NOP,0,0,4209040,4209098,4209067,0,0,0,0,cpp,1.0196995883217207e-08,0.0,0,0,0
0x40389d,JNZ,144,143,-13,2,0x40389b,CMP,1,NonLeaf,eax(ADD) edx(-1) ,rflags ,CMP,2,ADD,4,ADD,3,MOV,4,NOP,7,JMP,5,LEA,4,LEA,8,JMP,5,NOP,3,1,1,1,1,1,JNE,0,0,1,1,0,0,JMP,1,0,4208784,4208784,4208799,1,0,1,0,cpp,3.765044633803277e-09,0.9930555555555556,1,1,1
0x403883,JLE,1,0,-259,6,0x403881,TEST,1,NonLeaf,edx(MOV) edx(MOV) ,rflags ,TEST,2,XOR,2,MOV,5,MOV,4,MOV,5,NOP,7,MOV,4,ADD,3,ADD,4,CMP,2,0,0,1,0,0,RET,1,0,1,0,0,0,NOP,0,0,4208753,4208512,4208777,0,0,0,0,cpp,2.6146143290300536e-11,0.0,0,0,0
0x40386f,JNZ,144,143,-47,2,0x403862,CMP,1,NonLeaf,rbp(SUB) ,rflags ,MOV,9,CMP,4,ADD,4,SUB,3,MOV,3,MOV,5,MOV,4,MOV,5,XOR,2,TEST,2,0,0,0,1,1,CALL,0,1,0,1,0,0,JLE,1,0,4208720,4208704,4208753,0,0,1,1,cpp,3.765044633803277e-09,0.9930555555555556,1,1,1
0x403834,JZ,1,0,61,2,0x403830,CMP,1,NonLeaf,rbp(LEA) ,rflags ,CMP,4,MOV,5,MOV,4,LEA,4,LEA,4,NOP,10,MOV,6,MOV,5,CALL_NEAR,5,MOV,4,0,1,1,0,0,JLE,0,0,1,0,0,0,NOP,0,0,4208655,4208753,4208694,0,0,1,0,cpp,2.6146143290300536e-11,0.0,0,0,0
0x403804,JBE,1,1,160,6,0x403801,CMP,1,NonLeaf,rsi(MOV) rax(MOV) ,rflags ,CMP,3,MOV,10,MOV,5,MOV,4,MOV,3,CALL_NEAR,5,MOV,3,MOV,5,LEA,4,LEA,4,0,1,0,0,0,JMP,0,0,1,1,0,0,CALL,0,1,4208603,4208804,4208650,0,0,0,1,cpp,2.6146143290300536e-11,1.0,1,0,1
0x4037d5,JNZ,1,0,227,6,0x4037d2,TEST,1,NonLeaf,r15d(MOVSX) r15d(MOVSX) ,rflags ,TEST,3,MOVSX,4,SUB,3,SETB,3,SETNBE,4,MOV,5,MOV,7,MOVSXD,4,MOV,3,MOV,4,0,0,0,0,0,CALL,1,1,1,0,0,0,JBE,0,0,4208580,4208824,4208603,0,0,1,1,cpp,2.6146143290300536e-11,0.0,0,0,0
0x4037ad,JZ,1,0,267,6,0x4037aa,TEST,1,NonLeaf,rax(-1) rax(-1) ,rflags ,TEST,3,CALL_NEAR,5,MOV,5,MOV,3,LEA,5,LEA,5,MOV,5,MOV,5,CMPSB,2,SETNBE,4,0,1,0,0,0,CALL,1,1,1,0,0,0,MOV,0,0,4208554,4208824,4208563,0,0,1,0,cpp,2.6146143290300536e-11,0.0,0,0,0
0x40375b,JZ,1872,1872,-123,2,0x403758,CMP,1,NonLeaf,eax(-1) ,rflags ,CMP,3,CALL_NEAR,5,MOV,8,MOV,8,MOV,8,MOV,5,MOV,6,CALL_NEAR,5,JMP,2,NOP,1,0,1,0,0,0,JLE,0,0,1,0,0,0,CALL,1,1,4208472,4208352,4208477,0,0,1,1,cpp,4.8945580239442614e-08,1.0,1,0,1
0x40370f,JLE,1872,1,137,6,0x4036f3,CMP,1,NonLeaf,r12(-1) ebx(ADD) ,rflags ,MOV,3,MOV,4,MOV,3,MOV,4,MOV,3,LEA,5,LEA,5,LEA,5,LEA,5,XOR,2,0,0,0,0,0,CALL,1,1,0,0,1,1,CALL,0,1,4208352,4208536,4208405,0,0,1,1,cpp,4.8945580239442614e-08,0.000534188034188,0,0,0
0x4036d6,JNLE,1,1,63,2,0x4036d4,TEST,1,NonLeaf,eax(MOV) eax(MOV) ,rflags ,TEST,2,MOV,5,MOV,5,XOR,2,XOR,2,JMP,5,NOP,3,MOV,3,ADD,5,MOV,4,0,1,0,1,0,CALL,0,1,1,0,0,0,JMP,0,0,4208321,4208405,4208344,0,0,1,0,cpp,2.6146143290300536e-11,1.0,1,0,1
0x4036bf,JNZ,1872,1871,-47,2,0x4036b2,CMP,1,NonLeaf,rbp(SUB) ,rflags ,MOV,9,CMP,4,ADD,4,SUB,3,MOV,3,MOV,5,XOR,2,XOR,2,MOV,5,MOV,5,0,0,0,1,1,CALL,0,1,0,1,0,0,JG,1,0,4208288,4208272,4208321,0,0,1,1,cpp,4.8945580239442614e-08,0.999465811965812,1,1,1
0x403684,JZ,1,0,61,2,0x403680,CMP,1,NonLeaf,rbp(LEA) ,rflags ,CMP,4,MOV,5,MOV,4,LEA,4,LEA,4,NOP,10,MOV,6,MOV,5,CALL_NEAR,5,MOV,4,0,1,1,0,0,JG,0,0,1,0,0,0,NOP,0,0,4208223,4208321,4208262,0,0,1,0,cpp,2.6146143290300536e-11,0.0,0,0,0
0x40364c,JNBE,1,0,14,2,0x403649,CMP,1,NonLeaf,rsi(MOV) rax(MOV) ,rflags ,CMP,3,MOV,10,MOV,5,MOV,3,MOV,7,LEA,4,SHL,4,ADD,4,CALL_NEAR,5,MOV,3,0,1,1,0,0,CALL,0,1,1,0,0,0,ADD,0,0,4208171,4208218,4208206,0,0,1,0,cpp,2.6146143290300536e-11,0.0,0,0,0
0x403625,JNZ,1,0,680,6,0x403622,CMP,1,NonLeaf,eax(-1) ,rflags ,CMP,3,CALL_NEAR,5,MOV,3,MOV,5,XOR,2,MOVSXD,5,MOV,7,MOV,3,MOV,5,MOV,10,0,1,0,0,0,CALL,1,1,1,0,0,0,JA,0,0,4208162,4208845,4208171,0,0,1,1,cpp,2.6146143290300536e-11,0.0,0,0,0
0x403608,JNZ,1,0,360,6,0x403606,CMPSB,0,NonLeaf,rsi(-1) rdi(-1) rcx(-1) rflags(-1) ,rsi rdi rcx rflags ,CMPSB,2,MOV,5,MOV,5,LEA,5,JZ,6,LEA,5,XOR,2,MOV,5,MOV,3,CALL_NEAR,5,0,0,0,0,0,CALL,1,1,1,0,0,0,CALL,0,1,4208136,4208496,4208142,0,0,1,1,cpp,2.6146143290300536e-11,0.0,0,0,0
0x4f784d,JNBE,195,0,293,6,0x4f7849,UCOMISD,1,NonLeaf,xmm0(SUBSD) xmm1(-1) ,rflags ,UCOMISD,4,SUBSD,6,MOVAPD,5,JNBE,6,UCOMISD,4,UCOMISD,4,JNBE,6,MOVAPD,5,SUBSD,6,UCOMISD,4,0,0,0,0,0,CALL,0,1,1,1,0,0,JA,0,0,5208126,5208434,5208147,0,0,1,0,cpp,5.0984979416086045e-09,0.0,0,0,0
0x4035f1,JZ,1,0,383,6,0x4035ee,TEST,1,NonLeaf,rax(-1) rax(-1) ,rflags ,TEST,3,CALL_NEAR,5,MOV,5,MOV,3,MOV,5,LEA,5,MOV,5,MOV,5,CMPSB,2,JNZ,6,0,1,0,0,0,CALL,1,1,1,0,0,0,MOV,0,0,4208110,4208496,4208119,0,0,1,0,cpp,2.6146143290300536e-11,0.0,0,0,0
0x4035a1,JNZ,1873,1872,-25,2,0x40359e,CMP,1,NonLeaf,rdx(MOV) rbx(SUB) ,rflags ,CMP,3,SUB,4,MOV,4,CALL_NEAR,5,JZ,2,ADD,4,LEA,4,POP,1,POP,1,JMP,5,1,1,0,0,0,JE,0,0,1,1,0,0,JMP,1,0,4208030,4208008,4208035,0,0,0,0,cpp,4.8971726382732905e-08,0.999466097170315,1,1,1
0x40358f,JZ,1872,0,11,2,0x40358c,TEST,1,NonLeaf,rdi(MOV) rdi(MOV) ,rflags ,TEST,3,MOV,4,NOP,7,JMP,2,ADD,3,CALL_NEAR,5,MOV,4,SUB,4,CMP,3,JNZ,2,0,1,1,0,0,SUB,0,0,1,0,0,0,CALL,0,1,4208008,4208026,4208017,0,0,0,1,cpp,4.8945580239442614e-08,0.0,0,0,0
0x40356e,JZ,1,0,74,2,0x40356b,TEST,1,NonLeaf,rdx(MOV) rdx(MOV) ,rflags ,TEST,3,MOV,4,CALL_NEAR,5,SUB,4,JNZ,2,MOV,4,LEA,4,SHL,4,ADD,3,JMP,2,0,1,0,0,0,RET,0,0,1,0,0,0,JMP,0,0,4207975,4208056,4207984,0,0,0,0,cpp,2.6146143290300536e-11,0.0,0,0,0
0x40355c,JNZ,145,144,-28,2,0x403559,CMP,1,NonLeaf,rdi(MOV) rbx(SUB) ,rflags ,CMP,3,SUB,4,MOV,4,CALL_NEAR,5,MOV,3,SUB,4,CALL_NEAR,5,MOV,4,TEST,3,JZ,2,1,1,0,0,0,JE,0,0,1,1,0,0,CALL,1,1,4207961,4207936,4207966,0,1,0,1,cpp,3.791190777093578e-09,0.993103448275862,1,1,1
0x403547,JZ,144,0,14,2,0x403544,TEST,1,NonLeaf,rax(MOV) rax(MOV) ,rflags ,TEST,3,MOV,4,JMP,2,LEA,4,LEA,4,MOV,3,CALL_NEAR,5,MOV,4,SUB,4,CMP,3,0,1,1,0,0,SUB,0,0,1,0,0,0,CALL,0,1,4207936,4207957,4207945,0,0,0,1,cpp,3.765044633803277e-09,0.0,0,0,0
0x403530,JZ,1,0,55,2,0x40352d,TEST,1,NonLeaf,rdi(MOV) rdi(MOV) ,rflags ,TEST,3,MOV,4,SUB,4,PUSH,1,MOV,3,MOV,4,LEA,4,LEA,4,JMP,2,MOV,4,0,1,1,0,0,JE,0,0,1,0,0,0,JMP,0,0,4207904,4207975,4207922,0,0,0,0,cpp,2.6146143290300536e-11,0.0,0,0,0
0x402dd3,JZ,1,0,7,2,0x402dd0,TEST,1,NonLeaf,rdi(MOV) rdi(MOV) ,rflags ,TEST,3,MOV,4,JNZ,2,SUB,4,MOV,4,CALL_NEAR,5,ADD,4,MOV,3,POP,1,POP,1,0,1,1,0,0,JMP,0,0,1,0,0,0,CALL,0,1,4206028,4206042,4206037,0,0,0,1,cpp,2.6146143290300536e-11,0.0,0,0,0
0x402dca,JNZ,1,0,38,2,0x402dc6,SUB,1,NonLeaf,rbx(MOV) ,rflags ,SUB,4,MOV,4,MOV,7,CALL_NEAR,5,MOV,3,MOV,4,TEST,3,JZ,2,CALL_NEAR,5,ADD,4,0,1,0,0,0,RET,0,0,1,0,0,0,JE,0,0,4206011,4206064,4206028,0,0,0,0,cpp,2.6146143290300536e-11,0.0,0,0,0
0x402dac,JZ,1,0,7,2,0x402da9,TEST,1,NonLeaf,rdi(MOV) rdi(MOV) ,rflags ,TEST,3,MOV,4,JNZ,2,SUB,4,MOV,8,CALL_NEAR,5,MOV,3,CALL_NEAR,5,MOV,7,MOV,4,0,1,1,0,0,CALL,0,1,1,0,0,0,CALL,0,1,4205989,4206003,4205998,0,0,1,1,cpp,2.6146143290300536e-11,0.0,0,0,0
0x402da3,JNZ,1,0,24,2,0x402d9f,SUB,1,NonLeaf,rbp(MOV) ,rflags ,SUB,4,MOV,8,MOV,4,CALL_NEAR,5,MOV,3,MOV,4,TEST,3,JZ,2,CALL_NEAR,5,MOV,3,0,1,1,0,0,JNE,0,0,1,0,0,0,JE,0,0,4205971,4206011,4205989,0,0,1,0,cpp,2.6146143290300536e-11,0.0,0,0,0
0x402d84,JZ,1,0,7,2,0x402d81,TEST,1,NonLeaf,rdi(MOV) rdi(MOV) ,rflags ,TEST,3,MOV,4,JNZ,2,SUB,4,MOV,8,CALL_NEAR,5,MOV,3,CALL_NEAR,5,MOV,4,MOV,8,0,1,1,0,0,CALL,0,1,1,0,0,0,CALL,0,1,4205949,4205963,4205958,0,0,1,1,cpp,2.6146143290300536e-11,0.0,0,0,0
0x402d7b,JNZ,1,0,24,2,0x402d77,SUB,1,NonLeaf,rbp(MOV) ,rflags ,SUB,4,MOV,8,MOV,4,CALL_NEAR,5,MOV,3,MOV,4,TEST,3,JZ,2,CALL_NEAR,5,MOV,3,0,1,1,0,0,JNE,0,0,1,0,0,0,JE,0,0,4205931,4205971,4205949,0,0,1,0,cpp,2.6146143290300536e-11,0.0,0,0,0
0x402d5c,JZ,1,0,7,2,0x402d59,TEST,1,NonLeaf,rdi(MOV) rdi(MOV) ,rflags ,TEST,3,MOV,4,JNZ,2,SUB,4,MOV,8,CALL_NEAR,5,MOV,3,CALL_NEAR,5,MOV,4,MOV,8,0,1,1,0,0,CALL,0,1,1,0,0,0,CALL,0,1,4205909,4205923,4205918,0,0,1,1,cpp,2.6146143290300536e-11,0.0,0,0,0
0x402d53,JNZ,1,0,24,2,0x402d4f,SUB,1,NonLeaf,rbp(MOV) ,rflags ,SUB,4,MOV,8,MOV,4,CALL_NEAR,5,MOV,3,MOV,4,TEST,3,JZ,2,CALL_NEAR,5,MOV,3,0,1,1,0,0,JNE,0,0,1,0,0,0,JE,0,0,4205891,4205931,4205909,0,0,1,0,cpp,2.6146143290300536e-11,0.0,0,0,0
0x402d34,JZ,1,0,7,2,0x402d31,TEST,1,NonLeaf,rdi(MOV) rdi(MOV) ,rflags ,TEST,3,MOV,4,JNZ,2,SUB,4,MOV,8,CALL_NEAR,5,MOV,3,CALL_NEAR,5,MOV,4,MOV,8,0,1,1,0,0,CALL,0,1,1,0,0,0,CALL,0,1,4205869,4205883,4205878,0,0,1,1,cpp,2.6146143290300536e-11,0.0,0,0,0
0x402d2b,JNZ,1,0,24,2,0x402d27,SUB,1,NonLeaf,rbp(MOV) ,rflags ,SUB,4,MOV,8,MOV,4,CALL_NEAR,5,MOV,3,MOV,4,TEST,3,JZ,2,CALL_NEAR,5,MOV,3,0,1,1,0,0,JNE,0,0,1,0,0,0,JE,0,0,4205851,4205891,4205869,0,0,1,0,cpp,2.6146143290300536e-11,0.0,0,0,0
0x402d0c,JZ,1,0,7,2,0x402d09,TEST,1,NonLeaf,rdi(MOV) rdi(MOV) ,rflags ,TEST,3,MOV,4,JNZ,2,SUB,4,MOV,8,CALL_NEAR,5,MOV,3,CALL_NEAR,5,MOV,4,MOV,8,0,1,1,0,0,CALL,0,1,1,0,0,0,CALL,0,1,4205829,4205843,4205838,0,0,1,1,cpp,2.6146143290300536e-11,0.0,0,0,0
0x402d03,JNZ,1,0,24,2,0x402cff,SUB,1,NonLeaf,rbp(MOV) ,rflags ,SUB,4,MOV,8,MOV,4,CALL_NEAR,5,MOV,3,MOV,4,TEST,3,JZ,2,CALL_NEAR,5,MOV,3,0,1,1,0,0,JNE,0,0,1,0,0,0,JE,0,0,4205811,4205851,4205829,0,0,1,0,cpp,2.6146143290300536e-11,0.0,0,0,0
0x402ce4,JZ,1,0,7,2,0x402ce1,TEST,1,NonLeaf,rdi(MOV) rdi(MOV) ,rflags ,TEST,3,MOV,4,JNZ,2,SUB,4,MOV,8,CALL_NEAR,5,MOV,3,CALL_NEAR,5,MOV,4,MOV,8,0,1,1,0,0,CALL,0,1,1,0,0,0,CALL,0,1,4205789,4205803,4205798,0,0,1,1,cpp,2.6146143290300536e-11,0.0,0,0,0
0x402cdb,JNZ,1,0,24,2,0x402cd7,SUB,1,NonLeaf,rbp(MOV) ,rflags ,SUB,4,MOV,8,MOV,4,CALL_NEAR,5,MOV,3,MOV,4,TEST,3,JZ,2,CALL_NEAR,5,MOV,3,0,1,1,0,0,JNE,0,0,1,0,0,0,JE,0,0,4205771,4205811,4205789,0,0,1,0,cpp,2.6146143290300536e-11,0.0,0,0,0
0x402cbc,JZ,1,1,7,2,0x402cb9,TEST,1,NonLeaf,rdi(MOV) rdi(MOV) ,rflags ,TEST,3,MOV,4,JNZ,2,SUB,4,MOV,8,CALL_NEAR,5,MOV,3,CALL_NEAR,5,MOV,4,MOV,8,0,1,1,0,0,CALL,0,1,1,0,0,0,CALL,0,1,4205749,4205763,4205758,0,0,1,1,cpp,2.6146143290300536e-11,1.0,1,0,1
0x402cb3,JNZ,1,0,24,2,0x402caf,SUB,1,NonLeaf,rbp(MOV) ,rflags ,SUB,4,MOV,8,MOV,4,CALL_NEAR,5,MOV,3,MOV,4,TEST,3,JZ,2,CALL_NEAR,5,MOV,3,0,1,1,0,0,JNE,0,0,1,0,0,0,JE,0,0,4205731,4205771,4205749,0,0,1,0,cpp,2.6146143290300536e-11,0.0,0,0,0
0x402c94,JZ,1,1,7,2,0x402c91,TEST,1,NonLeaf,rdi(MOV) rdi(MOV) ,rflags ,TEST,3,MOV,4,JNZ,2,SUB,4,MOV,11,CALL_NEAR,5,MOV,3,CALL_NEAR,5,MOV,4,MOV,8,0,1,1,0,0,CALL,0,1,1,0,0,0,CALL,0,1,4205709,4205723,4205718,0,0,1,1,cpp,2.6146143290300536e-11,1.0,1,0,1
0x402c8b,JNZ,1,0,24,2,0x402c87,SUB,1,NonLeaf,rbp(MOV) ,rflags ,SUB,4,MOV,11,MOV,7,CALL_NEAR,5,MOV,3,MOV,4,TEST,3,JZ,2,CALL_NEAR,5,MOV,3,0,1,1,0,0,JNE,0,0,1,0,0,0,JE,0,0,4205685,4205731,4205709,0,0,1,0,cpp,2.6146143290300536e-11,0.0,0,0,0
0x402c66,JZ,1,1,7,2,0x402c63,TEST,1,NonLeaf,rdi(MOV) rdi(MOV) ,rflags ,TEST,3,MOV,4,JNZ,2,SUB,4,MOV,11,CALL_NEAR,5,MOV,3,CALL_NEAR,5,MOV,7,MOV,11,0,1,1,0,0,CALL,0,1,1,0,0,0,CALL,0,1,4205663,4205677,4205672,0,0,1,1,cpp,2.6146143290300536e-11,1.0,1,0,1
0x402c5d,JNZ,1,0,24,2,0x402c59,SUB,1,NonLeaf,rbp(MOV) ,rflags ,SUB,4,MOV,11,MOV,7,CALL_NEAR,5,MOV,3,MOV,4,TEST,3,JZ,2,CALL_NEAR,5,MOV,3,0,1,1,0,0,JNE,0,0,1,0,0,0,JE,0,0,4205639,4205685,4205663,0,0,1,0,cpp,2.6146143290300536e-11,0.0,0,0,0
0x402c38,JZ,1,1,7,2,0x402c35,TEST,1,NonLeaf,rdi(MOV) rdi(MOV) ,rflags ,TEST,3,MOV,4,JNZ,2,SUB,4,MOV,11,CALL_NEAR,5,MOV,3,CALL_NEAR,5,MOV,7,MOV,11,0,1,1,0,0,CALL,0,1,1,0,0,0,CALL,0,1,4205617,4205631,4205626,0,0,1,1,cpp,2.6146143290300536e-11,1.0,1,0,1
0x402c2f,JNZ,1,0,24,2,0x402c2b,SUB,1,NonLeaf,rbp(MOV) ,rflags ,SUB,4,MOV,11,MOV,7,CALL_NEAR,5,MOV,3,MOV,4,TEST,3,JZ,2,CALL_NEAR,5,MOV,3,0,1,1,0,0,JNE,0,0,1,0,0,0,JE,0,0,4205593,4205639,4205617,0,0,1,0,cpp,2.6146143290300536e-11,0.0,0,0,0
0x402c0a,JZ,1,1,7,2,0x402c07,TEST,1,NonLeaf,rdi(MOV) rdi(MOV) ,rflags ,TEST,3,MOV,4,JNZ,2,SUB,4,MOV,11,CALL_NEAR,5,MOV,3,CALL_NEAR,5,MOV,7,MOV,11,0,1,1,0,0,CALL,0,1,1,0,0,0,CALL,0,1,4205571,4205585,4205580,0,0,1,1,cpp,2.6146143290300536e-11,1.0,1,0,1
0x402c01,JNZ,1,0,24,2,0x402bfd,SUB,1,NonLeaf,rbp(MOV) ,rflags ,SUB,4,MOV,11,MOV,7,CALL_NEAR,5,MOV,3,MOV,4,TEST,3,JZ,2,CALL_NEAR,5,MOV,3,0,1,1,0,0,JNE,0,0,1,0,0,0,JE,0,0,4205547,4205593,4205571,0,0,1,0,cpp,2.6146143290300536e-11,0.0,0,0,0
0x402bdc,JZ,1,1,7,2,0x402bd9,TEST,1,NonLeaf,rdi(MOV) rdi(MOV) ,rflags ,TEST,3,MOV,4,JNZ,2,SUB,4,MOV,11,CALL_NEAR,5,MOV,3,CALL_NEAR,5,MOV,7,MOV,11,0,1,1,0,0,CALL,0,1,1,0,0,0,CALL,0,1,4205525,4205539,4205534,0,0,1,1,cpp,2.6146143290300536e-11,1.0,1,0,1
0x402bd3,JNZ,1,0,24,2,0x402bcf,SUB,1,NonLeaf,rbp(MOV) ,rflags ,SUB,4,MOV,11,MOV,7,CALL_NEAR,5,MOV,3,MOV,4,TEST,3,JZ,2,CALL_NEAR,5,MOV,3,0,1,1,0,0,JNE,0,0,1,0,0,0,JE,0,0,4205501,4205547,4205525,0,0,1,0,cpp,2.6146143290300536e-11,0.0,0,0,0
0x402bae,JZ,1,1,7,2,0x402bab,TEST,1,NonLeaf,rdi(MOV) rdi(MOV) ,rflags ,TEST,3,MOV,4,JNZ,2,SUB,4,MOV,11,CALL_NEAR,5,MOV,3,CALL_NEAR,5,MOV,7,MOV,11,0,1,1,0,0,CALL,0,1,1,0,0,0,CALL,0,1,4205479,4205493,4205488,0,0,1,1,cpp,2.6146143290300536e-11,1.0,1,0,1
0x402ba5,JNZ,1,0,24,2,0x402ba1,SUB,1,NonLeaf,rbp(MOV) ,rflags ,SUB,4,MOV,11,MOV,7,CALL_NEAR,5,MOV,3,MOV,4,TEST,3,JZ,2,CALL_NEAR,5,MOV,3,0,1,1,0,0,JNE,0,0,1,0,0,0,JE,0,0,4205455,4205501,4205479,0,0,1,0,cpp,2.6146143290300536e-11,0.0,0,0,0
0x402b80,JZ,1,1,7,2,0x402b7d,TEST,1,NonLeaf,rdi(MOV) rdi(MOV) ,rflags ,TEST,3,MOV,4,JNZ,2,SUB,4,MOV,11,CALL_NEAR,5,MOV,3,CALL_NEAR,5,MOV,7,MOV,11,0,1,1,0,0,CALL,0,1,1,0,0,0,CALL,0,1,4205433,4205447,4205442,0,0,1,1,cpp,2.6146143290300536e-11,1.0,1,0,1
0x402b77,JNZ,1,0,24,2,0x402b73,SUB,1,NonLeaf,rbp(MOV) ,rflags ,SUB,4,MOV,11,MOV,7,CALL_NEAR,5,MOV,3,MOV,4,TEST,3,JZ,2,CALL_NEAR,5,MOV,3,0,1,1,0,0,JNE,0,0,1,0,0,0,JE,0,0,4205409,4205455,4205433,0,0,1,0,cpp,2.6146143290300536e-11,0.0,0,0,0
0x4b9d17,JLE,7183937,16848,5722,6,0x4b9d10,CMP,1,NonLeaf,rsp(-1) eax(-1) ,rflags ,CMP,7,NOP,9,MOV,7,ADD,7,AND,3,MOVSXD,8,MOV,8,SHL,4,ADD,8,CMP,8,0,0,1,0,0,CVTSI2SD,1,0,0,0,1,1,JNE,0,0,4955408,4961137,4955421,0,0,0,1,cpp,0.0001878322461904,0.0023452321477763,0,0,0
0x402b52,JZ,1,0,7,2,0x402b4f,TEST,1,NonLeaf,rdi(MOV) rdi(MOV) ,rflags ,TEST,3,MOV,4,JNZ,2,SUB,4,MOV,11,CALL_NEAR,5,MOV,3,CALL_NEAR,5,MOV,7,MOV,11,0,1,1,0,0,CALL,0,1,1,0,0,0,CALL,0,1,4205387,4205401,4205396,0,0,1,1,cpp,2.6146143290300536e-11,0.0,0,0,0
0x402b49,JNZ,1,0,24,2,0x402b45,SUB,1,NonLeaf,rbp(MOV) ,rflags ,SUB,4,MOV,11,MOV,7,CALL_NEAR,5,MOV,3,MOV,4,TEST,3,JZ,2,CALL_NEAR,5,MOV,3,0,1,1,0,0,JNE,0,0,1,0,0,0,JE,0,0,4205363,4205409,4205387,0,0,1,0,cpp,2.6146143290300536e-11,0.0,0,0,0
0x402b24,JZ,1,0,7,2,0x402b21,TEST,1,NonLeaf,rdi(MOV) rdi(MOV) ,rflags ,TEST,3,MOV,4,JNZ,2,SUB,4,MOV,11,CALL_NEAR,5,MOV,3,CALL_NEAR,5,MOV,7,MOV,11,0,1,1,0,0,CALL,0,1,1,0,0,0,CALL,0,1,4205341,4205355,4205350,0,0,1,1,cpp,2.6146143290300536e-11,0.0,0,0,0
0x402b1b,JNZ,1,0,24,2,0x402b17,SUB,1,NonLeaf,rbp(MOV) ,rflags ,SUB,4,MOV,11,MOV,7,CALL_NEAR,5,MOV,3,MOV,4,TEST,3,JZ,2,CALL_NEAR,5,MOV,3,0,1,1,0,0,JNE,0,0,1,0,0,0,JE,0,0,4205317,4205363,4205341,0,0,1,0,cpp,2.6146143290300536e-11,0.0,0,0,0
0x402af6,JZ,1,0,7,2,0x402af3,TEST,1,NonLeaf,rdi(MOV) rdi(MOV) ,rflags ,TEST,3,MOV,4,JNZ,2,SUB,4,MOV,11,CALL_NEAR,5,MOV,3,CALL_NEAR,5,MOV,7,MOV,11,0,1,1,0,0,CALL,0,1,1,0,0,0,CALL,0,1,4205295,4205309,4205304,0,0,1,1,cpp,2.6146143290300536e-11,0.0,0,0,0
0x402aed,JNZ,1,0,24,2,0x402ae9,SUB,1,NonLeaf,rbp(MOV) ,rflags ,SUB,4,MOV,11,MOV,7,CALL_NEAR,5,MOV,3,MOV,4,TEST,3,JZ,2,CALL_NEAR,5,MOV,3,0,1,1,0,0,JNE,0,0,1,0,0,0,JE,0,0,4205271,4205317,4205295,0,0,1,0,cpp,2.6146143290300536e-11,0.0,0,0,0
0x402ac8,JZ,1,0,7,2,0x402ac5,TEST,1,NonLeaf,rdi(MOV) rdi(MOV) ,rflags ,TEST,3,MOV,4,JNZ,2,SUB,4,MOV,11,CALL_NEAR,5,MOV,3,CALL_NEAR,5,MOV,7,MOV,11,0,1,1,0,0,CALL,0,1,1,0,0,0,CALL,0,1,4205249,4205263,4205258,0,0,1,1,cpp,2.6146143290300536e-11,0.0,0,0,0
0x402abf,JNZ,1,0,24,2,0x402abb,SUB,1,NonLeaf,rbp(MOV) ,rflags ,SUB,4,MOV,11,MOV,7,SUB,4,MOV,3,MOV,4,TEST,3,JZ,2,CALL_NEAR,5,MOV,3,0,1,1,0,0,JNE,0,0,1,0,0,0,JE,0,0,4205216,4205271,4205249,0,0,1,0,cpp,2.6146143290300536e-11,0.0,0,0,0
0x4028b2,JZ,243360,121680,78,2,0x4028b0,TEST,1,NonLeaf,ebp(-1) ebp(-1) ,rflags ,TEST,2,NOP,3,RET_NEAR,1,POP,2,POP,2,CALL_NEAR,6,ADD,7,POP,1,POP,1,POP,2,0,1,0,0,0,CALL,0,1,1,0,0,0,CALL,0,1,4204720,4204800,4204724,0,0,1,1,cpp,6.362925431127539e-06,0.5,0,0,0
0x402897,JNZ,243360,121680,57,2,0x402890,TEST,1,NonLeaf,ebp(-1) ebp(-1) ,rflags ,LEA,5,TEST,2,NOP,3,JMP,5,MOVSD_XMM,9,CALL_NEAR,6,ADD,7,POP,1,POP,1,POP,2,0,1,0,0,0,CALL,0,1,1,0,0,0,CALL,0,1,4204688,4204752,4204697,0,0,1,1,cpp,6.362925431127539e-06,0.5,0,0,0
0x402843,JZ,243360,121680,165,6,0x402841,TEST,1,NonLeaf,ebp(-1) ebp(-1) ,rflags ,TEST,2,JZ,2,TEST,2,MOV,3,MOV,5,CALL_NEAR,6,ADD,7,POP,1,POP,1,POP,2,0,1,0,0,0,CALL,0,1,1,0,0,0,CALL,0,1,4204609,4204776,4204617,0,0,1,1,cpp,6.362925431127539e-06,0.5,0,0,0
0x40283f,JZ,486720,243360,113,2,0x40283d,TEST,1,NonLeaf,eax(MOV) eax(MOV) ,rflags ,TEST,2,MOV,3,MOV,5,MOV,4,MOV,5,TEST,2,JZ,6,CALL_NEAR,6,ADD,7,POP,1,0,1,0,0,0,JE,0,0,1,0,0,0,JE,0,0,4204579,4204720,4204609,0,0,0,0,cpp,1.2725850862255076e-05,0.5,0,0,0
0x402821,JZ,730080,243360,111,2,0x402816,TEST,1,NonLeaf,edx(MOV) edx(MOV) ,rflags ,MOVSD_XMM,9,TEST,2,MOV,7,MOV,3,ADDSD,8,MOV,4,LEA,5,MOV,5,MOV,4,MOV,5,0,1,0,0,0,JNE,0,0,1,0,0,0,JE,0,0,4204548,4204688,4204579,0,0,0,1,cpp,1.9088776293382614e-05,0.3333333333333333,0,0,0
0x4027ff,JNZ,730080,104832,97,2,0x40276a,TEST,1,NonLeaf,ecx(-1) ecx(-1) ,rflags ,MOV,8,LEA,4,MOV,8,MOV,11,MOV,12,MOV,3,ADDSD,8,MOV,3,MOV,7,TEST,2,0,1,0,0,0,JMP,0,0,1,0,0,0,MOV,0,0,4204196,4204640,4204545,0,0,1,0,cpp,1.9088776293382614e-05,0.1435897435897435,0,0,0
0x4024ea,JZ,18720,9360,54,2,0x4024e8,TEST,1,NonLeaf,ecx(-1) ecx(-1) ,rflags ,TEST,2,NOP,3,RET_NEAR,1,ADD,7,CALL_NEAR,6,CALL_NEAR,6,ADD,7,RET_NEAR,1,NOP,6,CALL_NEAR,6,0,1,0,0,0,CALL,0,1,1,0,0,0,CALL,0,1,4203752,4203808,4203756,0,0,1,1,cpp,4.894558023944261e-07,0.5,0,0,0
0x4024d5,JNZ,18720,9360,43,2,0x4024d0,TEST,1,NonLeaf,ecx(-1) ecx(-1) ,rflags ,MOV,3,TEST,2,NOP,6,JMP,2,MOVSD_XMM,9,CALL_NEAR,6,ADD,7,RET_NEAR,1,NOP,3,TEST,2,0,1,0,0,0,CALL,0,1,1,0,0,0,CALL,0,1,4203728,4203776,4203735,0,0,1,1,cpp,4.894558023944261e-07,0.5,0,0,0
0x402489,JZ,18720,9360,135,6,0x402487,TEST,1,NonLeaf,ecx(-1) ecx(-1) ,rflags ,TEST,2,JZ,2,TEST,2,MOV,3,MOV,5,CALL_NEAR,6,ADD,7,RET_NEAR,1,NOP,3,MOVSD_XMM,8,0,1,0,0,0,CALL,0,1,1,0,0,0,CALL,0,1,4203655,4203792,4203663,0,0,1,1,cpp,4.894558023944261e-07,0.5,0,0,0
0x402485,JZ,37440,18720,99,2,0x402483,TEST,1,NonLeaf,eax(MOV) eax(MOV) ,rflags ,TEST,2,MOV,3,MOV,5,MOV,5,MOV,3,TEST,2,JZ,6,CALL_NEAR,6,ADD,7,RET_NEAR,1,0,1,0,0,0,JE,0,0,1,0,0,0,JE,0,0,4203631,4203752,4203655,0,0,0,0,cpp,9.789116047888522e-07,0.5,0,0,0
0x40246d,JZ,56160,18720,99,2,0x402462,TEST,1,NonLeaf,edx(MOV) edx(MOV) ,rflags ,MOVSD_XMM,9,TEST,2,MOV,3,MOV,7,ADDSD,8,MOV,4,MOV,3,MOV,5,MOV,5,MOV,3,0,1,0,0,0,JNE,0,0,1,0,0,0,JE,0,0,4203600,4203728,4203631,0,0,0,1,cpp,1.4683674071832785e-06,0.3333333333333333,0,0,0
0x40244b,JNZ,56160,8064,85,2,0x4023b6,TEST,1,NonLeaf,r8d(MOV) r8d(MOV) ,rflags ,MOV,8,LEA,4,MOV,5,MOV,11,MOV,12,MOV,3,ADDSD,8,MOV,7,MOV,3,TEST,2,0,1,0,0,0,JMP,0,0,1,0,0,0,MOV,0,0,4203376,4203680,4203597,0,0,1,0,cpp,1.4683674071832785e-06,0.1435897435897435,0,0,0
0x402355,JZ,1,1,19,2,0x40234d,CMP,1,NonLeaf,rip(JZ) ,rflags ,CMP,8,CALL_NEAR,5,MOV,5,MOV,5,JZ,2,MOV,5,TEST,3,JZ,2,MOV,5,CALL_NEAR,2,0,1,1,0,0,JMP,0,0,1,0,0,0,JE,0,0,4203341,4203368,4203351,0,0,0,0,cpp,2.6146143290300536e-11,1.0,1,0,1
0x40233c,JZ,1,0,17,2,0x402336,TEST,1,NonLeaf,rax(MOV) rax(MOV) ,rflags ,MOV,3,TEST,3,MOV,5,PUSH,1,INVALID,0,MOV,5,MOV,5,CALL_NEAR,5,CMP,8,JZ,2,0,1,1,0,0,JE,0,0,1,0,0,0,CALL,0,1,4203312,4203341,4203326,0,0,0,1,cpp,2.6146143290300536e-11,0.0,0,0,0
0x40231a,JZ,1,0,9,2,0x402317,TEST,1,NonLeaf,rax(MOV) rax(MOV) ,rflags ,TEST,3,MOV,5,CALL_NEAR,5,MOV,3,PUSH,1,MOV,5,CALL_NEAR,2,POP,1,MOV,7,RET_NEAR,2,0,1,1,0,0,MOV,0,0,1,0,0,0,CALL,0,1,4203282,4203299,4203292,0,0,1,1,cpp,2.6146143290300536e-11,0.0,0,0,0
0x402307,JNZ,1,0,36,2,0x402300,CMP,1,NonLeaf,rip(JNZ) ,rflags ,CMP,7,INVALID,0,INVALID,0,INVALID,0,INVALID,0,PUSH,1,MOV,3,CALL_NEAR,5,MOV,5,TEST,3,0,1,1,0,0,REPZ RET,0,0,1,0,0,0,CALL,0,1,4203264,4203307,4203273,0,0,0,1,cpp,2.6146143290300536e-11,0.0,0,0,0
0x4022e0,JNZ,1,0,4,2,0x4022dd,SAR,1,Leaf,rax(SAR) ,rax rflags ,SAR,3,ADD,3,SHR,4,MOV,3,MOV,3,POP,1,RET_NEAR,1,MOV,5,TEST,3,JZ,2,0,1,0,0,0,JE,0,0,1,0,0,0,RET,0,0,4203200,4203236,4203234,0,0,0,0,cpp,2.6146143290300536e-11,0.0,0,0,0
0x4022a3,JNBE,1,0,4,2,0x40229c,CMP,1,Leaf,rax(SUB) ,rflags ,MOV,3,CMP,4,SUB,6,PUSH,1,MOV,5,POP,1,RET_NEAR,1,MOV,5,TEST,3,JZ,2,0,1,0,0,0,JE,0,0,1,0,0,0,RET,0,0,4203152,4203175,4203173,0,0,0,0,cpp,2.6146143290300536e-11,0.0,0,0,0
0x4021f2,JNZ,1,1,-160,6,0x4021ee,CMP,1,NonLeaf,r8d(-1) ,rflags ,CMP,4,JBE,6,CMP,3,LEA,3,JNZ,2,CMP,4,JNZ,6,LEA,4,CMP,3,JNBE,6,0,0,1,0,0,JE,0,0,1,0,0,0,JNE,0,0,4202990,4202834,4203000,0,0,0,0,cpp,2.6146143290300536e-11,1.0,1,0,1
0x4021e8,JBE,1,0,-150,6,0x4021e5,CMP,1,NonLeaf,eax(LEA) ,rflags ,CMP,3,LEA,3,JNZ,2,MOVZX,3,AND,6,CMP,4,JNZ,6,CMP,4,JNZ,6,LEA,4,0,0,1,0,0,JE,0,0,1,0,0,0,JNE,0,0,4202978,4202834,4202990,0,0,0,0,cpp,2.6146143290300536e-11,0.0,0,0,0
0x4021e0,JNZ,2,2,-31,2,0x4021d7,AND,1,NonLeaf,ecx(AND) ,ecx rflags ,MOVZX,3,AND,6,CPUID,2,MOV,3,LEA,3,LEA,3,CMP,3,JBE,6,CMP,4,JNZ,6,1,1,0,0,0,JE,0,0,0,1,0,0,JBE,1,0,4202959,4202945,4202978,0,0,0,0,cpp,5.2292286580601066e-11,1.0,1,1,1
0x4021cb,JZ,2,1,126,2,0x4021c5,CMP,1,NonLeaf,ecx(-1) ,rflags ,CMP,6,JZ,2,TEST,2,JMP,2,MOV,6,MOV,2,LEA,3,MOV,3,CPUID,2,AND,6,0,1,0,0,0,JMP,1,0,1,0,0,0,MOV,0,0,4202949,4203081,4202957,1,0,0,0,cpp,5.2292286580601066e-11,0.5,0,0,0
0x4021c3,JZ,2,0,31,2,0x4021c1,TEST,1,NonLeaf,ebx(-1) ebx(-1) ,rflags ,TEST,2,JMP,2,MOV,6,XOR,2,JLE,2,CMP,6,JZ,2,MOV,2,LEA,3,MOV,3,0,0,1,0,0,JBE,1,0,1,0,0,0,JE,0,0,4202945,4202978,4202949,0,0,0,0,cpp,5.2292286580601066e-11,0.0,0,0,0
0x4f6411,JNZ,390,0,67,2,0x4f640d,TEST,1,NonLeaf,dil(MOV) ,rflags ,TEST,4,MOV,5,MOV,5,JNLE,2,CMP,5,TEST,4,JNZ,2,TEST,4,JNZ,2,MOV,2,0,1,0,0,0,JE,0,0,1,0,0,0,JNE,0,0,5202947,5203028,5202963,1,0,1,0,cpp,1.0196995883217207e-08,0.0,0,0,0
0x4021b5,JLE,1,0,45,2,0x4021b1,CMP,1,NonLeaf,r10d(-1) ,rflags ,CMP,4,JZ,2,AND,6,MOV,5,MOV,2,XOR,2,MOV,6,JMP,2,TEST,2,JZ,2,0,1,1,0,0,JBE,0,0,1,0,0,0,JMP,0,0,4202929,4202978,4202935,0,0,0,0,cpp,2.6146143290300536e-11,0.0,0,0,0
0x4021af,JZ,1,0,-93,2,0x4021a9,AND,1,NonLeaf,esi(AND) ,esi rflags ,AND,6,MOV,5,MOV,2,SHR,3,JMP,5,CMP,4,JLE,2,XOR,2,MOV,6,JMP,2,0,0,1,0,0,JE,0,0,1,0,0,0,JLE,0,0,4202911,4202834,4202929,0,0,0,0,cpp,2.6146143290300536e-11,0.0,0,0,0
0x40215d,JLE,1,0,-276,6,0x40215a,TEST,1,NonLeaf,rbp(-1) rbp(-1) ,rflags ,TEST,3,JZ,6,TEST,2,MOVZX,7,JNZ,2,MOV,2,MOV,3,CQO,2,IDIV,3,MOV,3,0,0,1,0,0,JLE,0,0,1,0,0,0,JMP,0,0,4202842,4202569,4202851,0,1,0,0,cpp,2.6146143290300536e-11,0.0,0,0,0
0x402154,JZ,1,0,-267,6,0x402152,TEST,1,NonLeaf,eax(-1) eax(-1) ,rflags ,TEST,2,MOVZX,7,JNZ,2,TEST,2,CPUID,2,TEST,3,JLE,6,MOV,2,MOV,3,CQO,2,0,0,1,0,0,JLE,0,0,1,0,0,0,JLE,0,0,4202834,4202569,4202842,0,0,0,0,cpp,2.6146143290300536e-11,0.0,0,0,0
0x402149,JNZ,4,4,-25,2,0x402147,TEST,1,NonLeaf,al(-1) ,rflags ,TEST,2,CPUID,2,MOV,3,LEA,3,MOV,2,MOVZX,7,TEST,2,JZ,6,TEST,3,JLE,6,1,1,0,0,0,JE,0,0,0,0,0,0,MOVZX,1,0,4202815,4202800,4202827,0,0,0,0,cpp,1.0458457316120216e-10,1.0,1,1,1
0x40213b,JZ,4,1,100,2,0x402138,CMP,1,NonLeaf,edx(AND) r8d(-1) ,rflags ,CMP,3,AND,3,SHR,3,MOV,2,NOP,5,MOV,2,LEA,3,MOV,3,CPUID,2,TEST,2,0,1,0,0,0,JE,1,0,1,0,0,0,MOV,0,0,4202800,4202911,4202813,0,0,0,0,cpp,1.0458457316120216e-10,0.25,0,0,0
0x402111,JLE,1,0,58,2,0x40210d,CMP,1,NonLeaf,r10d(MOV) ,rflags ,CMP,4,MOV,7,JLE,6,MOV,6,MOV,3,MOV,7,MOV,7,XOR,2,MOV,6,JMP,2,0,1,0,0,0,MOVZX,0,0,1,0,0,0,JMP,0,0,4202758,4202827,4202771,0,0,0,0,cpp,2.6146143290300536e-11,0.0,0,0,0
0x402100,JLE,1,0,305,6,0x4020f4,TEST,1,NonLeaf,rax(-1) rax(-1) ,rflags ,MOV,6,MOV,3,TEST,3,CALL_NEAR,5,MOV,3,MOV,7,CMP,4,JLE,2,MOV,7,MOV,7,0,1,0,0,0,CALL,0,1,1,1,0,0,JLE,0,0,4202740,4203057,4202758,0,0,1,0,cpp,2.6146143290300536e-11,0.0,0,0,0
0x40207d,JLE,1,0,-175,6,0x40207a,TEST,1,NonLeaf,rbp(-1) rbp(-1) ,rflags ,TEST,3,MOV,7,SAR,3,MOV,3,MOV,7,MOV,3,MOV,7,AND,4,SAR,3,MOV,7,0,0,0,0,0,RET,0,0,1,0,0,0,RET,0,0,4202618,4202446,4202627,0,1,0,1,cpp,2.6146143290300536e-11,0.0,0,0,0
0x40204c,JLE,1,0,46,2,0x402049,TEST,1,NonLeaf,r12(-1) r12(-1) ,rflags ,TEST,3,JNBE,2,CMP,6,ADD,3,MOV,3,MOV,3,MOV,7,AND,4,SAR,3,MOV,7,0,1,1,0,0,JLE,0,0,1,0,0,0,MOV,0,0,4202569,4202618,4202574,0,1,0,1,cpp,2.6146143290300536e-11,0.0,0,0,0
0x401fc3,JZ,1,1,282,6,0x401fc0,CMP,1,NonLeaf,eax(MOV) ,rflags ,CMP,3,MOV,6,SUB,4,PUSH,1,PUSH,1,CMP,3,JZ,2,ADD,4,POP,1,POP,1,0,1,0,0,0,CALL,0,1,1,0,0,0,JE,0,0,4202416,4202717,4202441,0,0,1,0,cpp,2.6146143290300536e-11,1.0,1,0,1
0x401edf,JNZ,1,0,5,2,0x401edc,CMP,1,Leaf,rax(LEA) ,rflags ,CMP,3,LEA,7,MOV,3,JNZ,2,CMP,3,MOV,3,RET_NEAR,2,INVALID,0,INVALID,0,INVALID,0,0,1,1,0,0,REPZ RET,0,0,1,0,0,0,MOV,0,0,4202197,4202212,4202209,0,0,0,1,cpp,2.6146143290300536e-11,0.0,0,0,0
0x401ed0,JNZ,1,0,5,2,0x401ecd,CMP,1,Leaf,rax(LEA) ,rflags ,CMP,3,LEA,7,MOV,3,JNZ,2,CMP,3,MOV,3,LEA,7,CMP,3,JNZ,2,MOV,3,0,1,1,0,0,JNE,0,0,1,0,0,0,MOV,0,0,4202182,4202197,4202194,0,0,0,1,cpp,2.6146143290300536e-11,0.0,0,0,0
0x401ec1,JNZ,1,0,5,2,0x401ebe,CMP,1,Leaf,rax(LEA) ,rflags ,CMP,3,LEA,7,MOV,3,JNZ,2,CMP,3,MOV,3,LEA,7,CMP,3,JNZ,2,MOV,3,0,1,1,0,0,JNE,0,0,1,0,0,0,MOV,0,0,4202167,4202182,4202179,0,0,0,1,cpp,2.6146143290300536e-11,0.0,0,0,0
0x401eb2,JNZ,1,0,5,2,0x401eaf,CMP,1,Leaf,rax(LEA) ,rflags ,CMP,3,LEA,7,MOV,3,JNZ,2,CMP,3,MOV,3,LEA,7,CMP,3,JNZ,2,MOV,3,0,1,1,0,0,JNE,0,0,1,0,0,0,MOV,0,0,4202152,4202167,4202164,0,0,0,1,cpp,2.6146143290300536e-11,0.0,0,0,0
0x401ea3,JNZ,1,0,5,2,0x401ea0,CMP,1,Leaf,rax(LEA) ,rflags ,CMP,3,LEA,7,MOV,3,JNZ,2,CMP,3,MOV,3,LEA,7,CMP,3,JNZ,2,MOV,3,0,1,1,0,0,JNE,0,0,1,0,0,0,MOV,0,0,4202137,4202152,4202149,0,0,0,1,cpp,2.6146143290300536e-11,0.0,0,0,0
0x401e94,JNZ,1,0,5,2,0x401e91,CMP,1,Leaf,rax(LEA) ,rflags ,CMP,3,LEA,7,MOV,3,JNZ,2,CMP,3,MOV,3,LEA,7,CMP,3,JNZ,2,MOV,3,0,1,1,0,0,JNE,0,0,1,0,0,0,MOV,0,0,4202122,4202137,4202134,0,0,0,1,cpp,2.6146143290300536e-11,0.0,0,0,0
0x401e85,JNZ,1,0,5,2,0x401e82,CMP,1,Leaf,rax(LEA) ,rflags ,CMP,3,LEA,7,MOV,3,JNZ,2,CMP,3,MOV,3,LEA,7,CMP,3,JNZ,2,MOV,3,0,1,1,0,0,JNE,0,0,1,0,0,0,MOV,0,0,4202107,4202122,4202119,0,0,0,1,cpp,2.6146143290300536e-11,0.0,0,0,0
0x401e76,JNZ,1,0,5,2,0x401e73,CMP,1,Leaf,rax(LEA) ,rflags ,CMP,3,LEA,7,MOV,3,JNZ,2,CMP,3,MOV,3,LEA,7,CMP,3,JNZ,2,MOV,3,0,1,1,0,0,JNE,0,0,1,0,0,0,MOV,0,0,4202092,4202107,4202104,0,0,0,1,cpp,2.6146143290300536e-11,0.0,0,0,0
0x401e67,JNZ,1,0,5,2,0x401e64,CMP,1,Leaf,rax(LEA) ,rflags ,CMP,3,LEA,7,MOV,3,JNZ,2,CMP,3,MOV,3,LEA,7,CMP,3,JNZ,2,MOV,3,0,1,1,0,0,JNE,0,0,1,0,0,0,MOV,0,0,4202077,4202092,4202089,0,0,0,1,cpp,2.6146143290300536e-11,0.0,0,0,0
0x401e58,JNZ,1,0,5,2,0x401e55,CMP,1,Leaf,rax(LEA) ,rflags ,CMP,3,LEA,7,MOV,3,JNZ,2,CMP,3,MOV,3,LEA,7,CMP,3,JNZ,2,MOV,3,0,1,1,0,0,JNE,0,0,1,0,0,0,MOV,0,0,4202062,4202077,4202074,0,0,0,1,cpp,2.6146143290300536e-11,0.0,0,0,0
0x401e49,JNZ,1,0,5,2,0x401e46,CMP,1,Leaf,rax(LEA) ,rflags ,CMP,3,LEA,7,MOV,3,JNZ,2,CMP,3,MOV,3,LEA,7,CMP,3,JNZ,2,MOV,3,0,1,1,0,0,JNE,0,0,1,0,0,0,MOV,0,0,4202047,4202062,4202059,0,0,0,1,cpp,2.6146143290300536e-11,0.0,0,0,0
0x401e3a,JNZ,1,0,5,2,0x401e37,CMP,1,Leaf,rax(LEA) ,rflags ,CMP,3,LEA,7,INVALID,0,INVALID,0,INVALID,0,MOV,3,LEA,7,CMP,3,JNZ,2,MOV,3,0,1,1,0,0,JNE,0,0,1,0,0,0,MOV,0,0,4202032,4202047,4202044,0,0,0,1,cpp,2.6146143290300536e-11,0.0,0,0,0
0x401e1f,JNZ,1,0,5,2,0x401e1c,CMP,1,Leaf,rax(LEA) ,rflags ,CMP,3,LEA,7,MOV,3,JNZ,2,CMP,3,MOV,3,RET_NEAR,2,INVALID,0,INVALID,0,INVALID,0,0,1,1,0,0,REPZ RET,0,0,1,0,0,0,MOV,0,0,4202005,4202020,4202017,0,0,0,1,cpp,2.6146143290300536e-11,0.0,0,0,0
0x401e10,JNZ,1,0,5,2,0x401e0d,CMP,1,Leaf,rax(LEA) ,rflags ,CMP,3,LEA,7,MOV,3,JNZ,2,CMP,3,MOV,3,LEA,7,CMP,3,JNZ,2,MOV,3,0,1,1,0,0,JNE,0,0,1,0,0,0,MOV,0,0,4201990,4202005,4202002,0,0,0,1,cpp,2.6146143290300536e-11,0.0,0,0,0
0x401e01,JNZ,1,0,5,2,0x401dfe,CMP,1,Leaf,rax(LEA) ,rflags ,CMP,3,LEA,7,MOV,3,JNZ,2,CMP,3,MOV,3,LEA,7,CMP,3,JNZ,2,MOV,3,0,1,1,0,0,JNE,0,0,1,0,0,0,MOV,0,0,4201975,4201990,4201987,0,0,0,1,cpp,2.6146143290300536e-11,0.0,0,0,0
0x401df2,JNZ,1,0,5,2,0x401def,CMP,1,Leaf,rax(LEA) ,rflags ,CMP,3,LEA,7,MOV,3,JNZ,2,CMP,3,MOV,3,LEA,7,CMP,3,JNZ,2,MOV,3,0,1,1,0,0,JNE,0,0,1,0,0,0,MOV,0,0,4201960,4201975,4201972,0,0,0,1,cpp,2.6146143290300536e-11,0.0,0,0,0
0x401de3,JNZ,1,0,5,2,0x401de0,CMP,1,Leaf,rax(LEA) ,rflags ,CMP,3,LEA,7,MOV,3,JNZ,2,CMP,3,MOV,3,LEA,7,CMP,3,JNZ,2,MOV,3,0,1,1,0,0,JNE,0,0,1,0,0,0,MOV,0,0,4201945,4201960,4201957,0,0,0,1,cpp,2.6146143290300536e-11,0.0,0,0,0
0x401dd4,JNZ,1,0,5,2,0x401dd1,CMP,1,Leaf,rax(LEA) ,rflags ,CMP,3,LEA,7,MOV,3,JNZ,2,CMP,3,MOV,3,LEA,7,CMP,3,JNZ,2,MOV,3,0,1,1,0,0,JNE,0,0,1,0,0,0,MOV,0,0,4201930,4201945,4201942,0,0,0,1,cpp,2.6146143290300536e-11,0.0,0,0,0
0x401dc5,JNZ,1,0,5,2,0x401dc2,CMP,1,Leaf,rax(LEA) ,rflags ,CMP,3,LEA,7,MOV,3,JNZ,2,CMP,3,MOV,3,LEA,7,CMP,3,JNZ,2,MOV,3,0,1,1,0,0,JNE,0,0,1,0,0,0,MOV,0,0,4201915,4201930,4201927,0,0,0,1,cpp,2.6146143290300536e-11,0.0,0,0,0
0x4b8f7b,JLE,5388240,1137451,-107,2,0x4b8f79,CMP,1,NonLeaf,esi(-1) ebx(-1) ,rflags ,CMP,2,JB,2,UCOMISD,4,ADDSD,4,MULSD,4,ADD,3,MOV,4,ADD,4,ADD,4,CMP,3,0,1,0,0,0,JL,0,0,1,0,0,0,JG,0,0,4951929,4951824,4951933,0,0,0,1,cpp,0.0001408816951225,0.2110988003503927,0,0,0
0x401db6,JNZ,1,0,5,2,0x401db3,CMP,1,Leaf,rax(LEA) ,rflags ,CMP,3,LEA,7,MOV,3,JNZ,2,CMP,3,MOV,3,LEA,7,CMP,3,JNZ,2,MOV,3,0,1,1,0,0,JNE,0,0,1,0,0,0,MOV,0,0,4201900,4201915,4201912,0,0,0,1,cpp,2.6146143290300536e-11,0.0,0,0,0
0x401da7,JNZ,1,0,5,2,0x401da4,CMP,1,Leaf,rax(LEA) ,rflags ,CMP,3,LEA,7,MOV,3,JNZ,2,CMP,3,MOV,3,LEA,7,CMP,3,JNZ,2,MOV,3,0,1,1,0,0,JNE,0,0,1,0,0,0,MOV,0,0,4201885,4201900,4201897,0,0,0,1,cpp,2.6146143290300536e-11,0.0,0,0,0
0x401d98,JNZ,1,0,5,2,0x401d95,CMP,1,Leaf,rax(LEA) ,rflags ,CMP,3,LEA,7,MOV,3,JNZ,2,CMP,3,MOV,3,LEA,7,CMP,3,JNZ,2,MOV,3,0,1,1,0,0,JNE,0,0,1,0,0,0,MOV,0,0,4201870,4201885,4201882,0,0,0,1,cpp,2.6146143290300536e-11,0.0,0,0,0
0x401d89,JNZ,1,0,5,2,0x401d86,CMP,1,Leaf,rax(LEA) ,rflags ,CMP,3,LEA,7,MOV,3,JNZ,2,CMP,3,MOV,3,LEA,7,CMP,3,JNZ,2,MOV,3,0,1,1,0,0,JNE,0,0,1,0,0,0,MOV,0,0,4201855,4201870,4201867,0,0,0,1,cpp,2.6146143290300536e-11,0.0,0,0,0
0x401d7a,JNZ,1,0,5,2,0x401d77,CMP,1,Leaf,rax(LEA) ,rflags ,CMP,3,LEA,7,INVALID,0,INVALID,0,INVALID,0,MOV,3,LEA,7,CMP,3,JNZ,2,MOV,3,0,1,1,0,0,JNE,0,0,1,0,0,0,MOV,0,0,4201840,4201855,4201852,0,0,0,1,cpp,2.6146143290300536e-11,0.0,0,0,0
0x401af4,JNS,1,1,-3009,6,0x401af2,TEST,1,NonLeaf,edx(MOV) edx(MOV) ,rflags ,TEST,2,MOV,4,JNZ,2,CMP,3,CALL_NEAR,5,MOV,5,CALL_NEAR,5,MOV,5,MOV,3,CALL_NEAR,5,0,0,0,0,0,JE,0,0,0,0,0,0,CALL,1,1,4201198,4198195,4201210,0,0,0,1,cpp,2.6146143290300536e-11,1.0,1,1,1
0x401aec,JNZ,1,0,14,2,0x401ae9,CMP,1,NonLeaf,eax(-1) ,rflags ,CMP,3,CALL_NEAR,5,MOV,5,XOR,2,LEA,5,MOV,4,TEST,2,JNS,6,MOV,5,CALL_NEAR,5,0,1,0,0,0,CALL,1,1,1,0,0,0,JNS,0,0,4201193,4201210,4201198,0,0,1,0,cpp,2.6146143290300536e-11,0.0,0,0,0
0x401acf,JNZ,1,0,434,6,0x401acd,CMPSB,0,NonLeaf,rsi(-1) rdi(-1) rcx(-1) rflags(-1) ,rsi rdi rcx rflags ,CMPSB,2,MOV,3,MOV,5,MOV,5,NOP,7,MOV,3,LEA,5,XOR,2,MOV,5,CALL_NEAR,5,0,0,0,0,0,CALL,1,1,1,1,0,0,CALL,0,1,4201167,4201601,4201173,0,0,1,1,cpp,2.6146143290300536e-11,0.0,0,0,0
0x401aaf,JNZ,1,1,17,2,0x401aad,CMPSB,0,NonLeaf,rsi(-1) rdi(-1) rcx(-1) rflags(-1) ,rsi rdi rcx rflags ,CMPSB,2,MOV,3,MOV,5,MOV,5,NOP,3,MOV,3,JMP,5,NOP,7,MOV,5,MOV,5,0,1,0,0,0,MOV,0,0,1,0,0,0,JMP,0,0,4201135,4201152,4201137,0,0,0,0,cpp,2.6146143290300536e-11,1.0,1,0,1
0x4019e7,JNZ,1,0,298,6,0x4019e5,TEST,1,NonLeaf,eax(MOV) eax(MOV) ,rflags ,TEST,2,MOV,4,JNLE,6,CMP,2,ADD,3,MOV,5,XOR,2,CALL_NEAR,5,MOV,5,CALL_NEAR,5,0,0,0,0,0,CALL,0,1,1,0,0,0,CALL,0,1,4200929,4201233,4200941,0,0,1,1,cpp,2.6146143290300536e-11,0.0,0,0,0
0x4019db,JNLE,65,64,-2099,6,0x4019d9,CMP,1,NonLeaf,esi(MOV) ebp(ADD) ,rflags ,CMP,2,ADD,3,MOV,4,CALL_NEAR,5,LEA,8,MOV,4,TEST,2,JNZ,6,MOV,5,XOR,2,0,0,0,1,1,CALL,0,1,0,1,0,0,JNE,1,0,4200914,4198824,4200929,0,0,1,0,cpp,1.699499313869535e-09,0.9846153846153848,1,1,1
0x40184c,JZ,65,65,62,2,0x401849,TEST,1,NonLeaf,r13(-1) r13(-1) ,rflags ,TEST,3,CALL_NEAR,5,LEA,8,MOV,5,JZ,2,MOV,5,LEA,8,CALL_NEAR,5,LEA,8,LEA,8,0,1,1,0,0,CALL,0,1,1,0,0,0,CALL,0,1,4200521,4200586,4200526,0,0,1,1,cpp,1.699499313869535e-09,1.0,1,0,1
0x401835,JZ,65,0,20,2,0x401832,TEST,1,NonLeaf,r12(-1) r12(-1) ,rflags ,TEST,3,CALL_NEAR,5,LEA,8,LEA,8,JNZ,6,MOV,5,LEA,8,CALL_NEAR,5,TEST,3,JZ,2,0,1,1,0,0,JE,0,0,1,0,0,0,CALL,0,1,4200498,4200521,4200503,0,0,0,1,cpp,1.699499313869535e-09,0.0,0,0,0
0x401817,JNZ,65,0,917,6,0x40180d,UCOMISD,0,NonLeaf,xmm0(-1) xmm1(-1) ,rflags ,JP,6,UCOMISD,4,MOVSD_XMM,8,CVTSI2SD,4,MOV,8,LEA,8,LEA,8,CALL_NEAR,5,TEST,3,JZ,2,0,0,0,0,0,CALL,1,1,1,1,0,0,CALL,0,1,4200471,4201388,4200477,0,0,1,1,cpp,1.699499313869535e-09,0.0,0,0,0
0x401811,JP,65,0,923,6,0x40180d,UCOMISD,1,NonLeaf,xmm0(MOVSD_XMM) xmm1(CVTSI2SD) ,rflags ,UCOMISD,4,MOVSD_XMM,8,CVTSI2SD,4,MOV,8,MOV,7,JNZ,6,LEA,8,LEA,8,CALL_NEAR,5,TEST,3,0,0,0,0,0,CALL,1,1,1,1,0,0,JNE,0,0,4200434,4201388,4200471,0,0,1,0,cpp,1.699499313869535e-09,0.0,0,0,0
0x401725,JZ,65,65,62,2,0x401722,TEST,1,NonLeaf,r13(-1) r13(-1) ,rflags ,TEST,3,CALL_NEAR,5,LEA,8,MOV,5,JZ,2,MOV,5,LEA,8,CALL_NEAR,5,LEA,8,LEA,8,0,1,1,0,0,CALL,0,1,1,0,0,0,CALL,0,1,4200226,4200291,4200231,0,0,1,1,cpp,1.699499313869535e-09,1.0,1,0,1
0x40170e,JZ,65,0,20,2,0x40170b,TEST,1,NonLeaf,r12(-1) r12(-1) ,rflags ,TEST,3,CALL_NEAR,5,LEA,8,LEA,8,JNZ,6,MOV,5,LEA,8,CALL_NEAR,5,TEST,3,JZ,2,0,1,1,0,0,JE,0,0,1,0,0,0,CALL,0,1,4200203,4200226,4200208,0,0,0,1,cpp,1.699499313869535e-09,0.0,0,0,0
0x4016f0,JNZ,65,0,1212,6,0x4016e6,UCOMISD,0,NonLeaf,xmm0(-1) xmm1(-1) ,rflags ,JP,6,UCOMISD,4,MOVSD_XMM,8,CVTSI2SD,4,MOV,8,LEA,8,LEA,8,CALL_NEAR,5,TEST,3,JZ,2,0,0,0,0,0,CALL,1,1,1,1,0,0,CALL,0,1,4200176,4201388,4200182,0,0,1,1,cpp,1.699499313869535e-09,0.0,0,0,0
0x4016ea,JP,65,0,1218,6,0x4016e6,UCOMISD,1,NonLeaf,xmm0(MOVSD_XMM) xmm1(CVTSI2SD) ,rflags ,UCOMISD,4,MOVSD_XMM,8,CVTSI2SD,4,MOV,8,MOV,7,JNZ,6,LEA,8,LEA,8,CALL_NEAR,5,TEST,3,0,0,0,0,0,CALL,1,1,1,1,0,0,JNE,0,0,4200139,4201388,4200176,0,0,1,0,cpp,1.699499313869535e-09,0.0,0,0,0
0x401600,JZ,65,65,62,2,0x4015fd,TEST,1,NonLeaf,r13(-1) r13(-1) ,rflags ,TEST,3,CALL_NEAR,5,LEA,8,MOV,5,JZ,2,MOV,5,LEA,8,CALL_NEAR,5,LEA,8,LEA,8,0,1,1,0,0,CALL,0,1,1,0,0,0,CALL,0,1,4199933,4199998,4199938,0,0,1,1,cpp,1.699499313869535e-09,1.0,1,0,1
0x4015e9,JZ,65,0,20,2,0x4015e6,TEST,1,NonLeaf,r12(-1) r12(-1) ,rflags ,TEST,3,CALL_NEAR,5,LEA,8,LEA,8,JNZ,6,MOV,5,LEA,8,CALL_NEAR,5,TEST,3,JZ,2,0,1,1,0,0,JE,0,0,1,0,0,0,CALL,0,1,4199910,4199933,4199915,0,0,0,1,cpp,1.699499313869535e-09,0.0,0,0,0
0x4015cb,JNZ,65,0,1505,6,0x4015c1,UCOMISD,0,NonLeaf,xmm0(-1) xmm1(-1) ,rflags ,JP,6,UCOMISD,4,MOVSD_XMM,8,CVTSI2SD,4,MOV,8,LEA,8,LEA,8,CALL_NEAR,5,TEST,3,JZ,2,0,0,0,0,0,CALL,1,1,1,1,0,0,CALL,0,1,4199883,4201388,4199889,0,0,1,1,cpp,1.699499313869535e-09,0.0,0,0,0
0x4015c5,JP,65,0,1511,6,0x4015c1,UCOMISD,1,NonLeaf,xmm0(MOVSD_XMM) xmm1(CVTSI2SD) ,rflags ,UCOMISD,4,MOVSD_XMM,8,CVTSI2SD,4,MOV,8,MOV,7,JNZ,6,LEA,8,LEA,8,CALL_NEAR,5,TEST,3,0,0,0,0,0,CALL,1,1,1,1,0,0,JNE,0,0,4199846,4201388,4199883,0,0,1,0,cpp,1.699499313869535e-09,0.0,0,0,0
0x4014de,JZ,65,65,62,2,0x4014db,TEST,1,NonLeaf,r13(-1) r13(-1) ,rflags ,TEST,3,CALL_NEAR,5,LEA,8,MOV,5,JZ,2,MOV,5,LEA,8,CALL_NEAR,5,LEA,8,LEA,8,0,1,1,0,0,CALL,0,1,1,0,0,0,CALL,0,1,4199643,4199708,4199648,0,0,1,1,cpp,1.699499313869535e-09,1.0,1,0,1
0x4014c7,JZ,65,0,20,2,0x4014c4,TEST,1,NonLeaf,r12(-1) r12(-1) ,rflags ,TEST,3,CALL_NEAR,5,LEA,8,LEA,8,JNZ,6,MOV,5,LEA,8,CALL_NEAR,5,TEST,3,JZ,2,0,1,1,0,0,JE,0,0,1,0,0,0,CALL,0,1,4199620,4199643,4199625,0,0,0,1,cpp,1.699499313869535e-09,0.0,0,0,0
0x4014a9,JNZ,65,0,1795,6,0x40149f,UCOMISD,0,NonLeaf,xmm0(-1) xmm1(-1) ,rflags ,JP,6,UCOMISD,4,MOVSD_XMM,8,CVTSI2SD,4,MOV,8,LEA,8,LEA,8,CALL_NEAR,5,TEST,3,JZ,2,0,0,0,0,0,CALL,1,1,1,1,0,0,CALL,0,1,4199593,4201388,4199599,0,0,1,1,cpp,1.699499313869535e-09,0.0,0,0,0
0x4014a3,JP,65,0,1801,6,0x40149f,UCOMISD,1,NonLeaf,xmm0(MOVSD_XMM) xmm1(CVTSI2SD) ,rflags ,UCOMISD,4,MOVSD_XMM,8,CVTSI2SD,4,MOV,8,MOV,7,JNZ,6,LEA,8,LEA,8,CALL_NEAR,5,TEST,3,0,0,0,0,0,CALL,1,1,1,1,0,0,JNE,0,0,4199556,4201388,4199593,0,0,1,0,cpp,1.699499313869535e-09,0.0,0,0,0
0x4013b3,JZ,65,65,62,2,0x4013b0,TEST,1,NonLeaf,r13(-1) r13(-1) ,rflags ,TEST,3,CALL_NEAR,5,LEA,8,MOV,5,JZ,2,MOV,5,LEA,8,CALL_NEAR,5,LEA,8,LEA,8,0,1,1,0,0,CALL,0,1,1,0,0,0,CALL,0,1,4199344,4199409,4199349,0,0,1,1,cpp,1.699499313869535e-09,1.0,1,0,1
0x40139c,JZ,65,0,20,2,0x401399,TEST,1,NonLeaf,r12(-1) r12(-1) ,rflags ,TEST,3,CALL_NEAR,5,LEA,8,LEA,8,JNZ,6,MOV,5,LEA,8,CALL_NEAR,5,TEST,3,JZ,2,0,1,1,0,0,JE,0,0,1,0,0,0,CALL,0,1,4199321,4199344,4199326,0,0,0,1,cpp,1.699499313869535e-09,0.0,0,0,0
0x40137e,JNZ,65,0,2094,6,0x401374,UCOMISD,0,NonLeaf,xmm0(-1) xmm1(-1) ,rflags ,JP,6,UCOMISD,4,MOVSD_XMM,8,CVTSI2SD,4,MOV,8,LEA,8,LEA,8,CALL_NEAR,5,TEST,3,JZ,2,0,0,0,0,0,CALL,1,1,1,1,0,0,CALL,0,1,4199294,4201388,4199300,0,0,1,1,cpp,1.699499313869535e-09,0.0,0,0,0
0x401378,JP,65,0,2100,6,0x401374,UCOMISD,1,NonLeaf,xmm0(MOVSD_XMM) xmm1(CVTSI2SD) ,rflags ,UCOMISD,4,MOVSD_XMM,8,CVTSI2SD,4,MOV,8,MOV,7,JNZ,6,LEA,8,LEA,8,CALL_NEAR,5,TEST,3,0,0,0,0,0,CALL,1,1,1,1,0,0,JNE,0,0,4199257,4201388,4199294,0,0,1,0,cpp,1.699499313869535e-09,0.0,0,0,0
0x5e9743,JL,5372,0,1347,6,0x5e9740,CMP,1,NonLeaf,r8d(-1) eax(-1) ,rflags ,CMP,3,JNZ,6,TEST,2,SUB,3,TZCNT,5,SUB,3,MOV,4,MOV,2,MOV,3,CALL_NEAR,5,0,1,0,0,0,CALL,0,1,0,0,0,0,SUB,0,0,6199104,6200454,6199113,0,0,1,0,cpp,1.404570817554945e-07,0.0,0,0,0
0x40128b,JZ,65,65,62,2,0x401288,TEST,1,NonLeaf,r13(-1) r13(-1) ,rflags ,TEST,3,CALL_NEAR,5,LEA,8,MOV,5,JZ,2,MOV,5,LEA,8,CALL_NEAR,5,LEA,8,LEA,8,0,1,1,0,0,CALL,0,1,1,0,0,0,CALL,0,1,4199048,4199113,4199053,0,0,1,1,cpp,1.699499313869535e-09,1.0,1,0,1
0x401274,JZ,65,0,20,2,0x401271,TEST,1,NonLeaf,r12(-1) r12(-1) ,rflags ,TEST,3,CALL_NEAR,5,LEA,8,LEA,8,JNZ,6,MOV,5,LEA,8,CALL_NEAR,5,TEST,3,JZ,2,0,1,1,0,0,JE,0,0,1,0,0,0,CALL,0,1,4199025,4199048,4199030,0,0,0,1,cpp,1.699499313869535e-09,0.0,0,0,0
0x401256,JNZ,65,0,2390,6,0x40124c,UCOMISD,0,NonLeaf,xmm0(-1) xmm1(-1) ,rflags ,JP,6,UCOMISD,4,MOVSD_XMM,8,CVTSI2SD,4,MOV,8,LEA,8,LEA,8,CALL_NEAR,5,TEST,3,JZ,2,0,0,0,0,0,CALL,1,1,1,1,0,0,CALL,0,1,4198998,4201388,4199004,0,0,1,1,cpp,1.699499313869535e-09,0.0,0,0,0
0x401250,JP,65,0,2396,6,0x40124c,UCOMISD,1,NonLeaf,xmm0(MOVSD_XMM) xmm1(CVTSI2SD) ,rflags ,UCOMISD,4,MOVSD_XMM,8,CVTSI2SD,4,MOV,8,MOV,7,JNZ,6,LEA,8,LEA,8,CALL_NEAR,5,TEST,3,0,1,0,0,0,CALL,1,1,1,1,0,0,JNE,0,0,4198961,4201388,4198998,0,0,1,0,cpp,1.699499313869535e-09,0.0,0,0,0
0x401197,JLE,1,0,2122,6,0x401195,TEST,1,NonLeaf,esi(MOV) esi(MOV) ,rflags ,TEST,2,MOV,4,CALL_NEAR,5,XOR,2,MOV,5,XOR,2,XOR,2,NOP,7,MOV,5,XOR,3,0,1,1,0,0,JNE,0,0,1,0,0,0,NOP,0,0,4198801,4200929,4198813,0,0,0,0,cpp,2.6146143290300536e-11,0.0,0,0,0
0x40117c,JZ,1,0,2999,6,0x401174,TEST,1,NonLeaf,rax(-1) rax(-1) ,rflags ,MOV,5,TEST,3,CALL_NEAR,5,MOV,3,MOV,5,MOV,3,MOV,5,XOR,2,CALL_NEAR,5,MOV,4,0,1,0,0,0,CALL,0,1,1,1,0,0,CALL,0,1,4198772,4201779,4198786,0,0,1,1,cpp,2.6146143290300536e-11,0.0,0,0,0
0x401161,JZ,1,0,2594,6,0x40115c,CMP,1,NonLeaf,r12(-1) ,rflags ,CMP,5,JZ,6,TEST,3,CALL_NEAR,5,XOR,2,MOV,5,MOV,3,CALL_NEAR,5,TEST,3,MOV,5,0,1,0,0,0,CALL,0,1,1,0,0,0,CALL,0,1,4198748,4201347,4198759,0,0,1,1,cpp,2.6146143290300536e-11,0.0,0,0,0
0x401156,JZ,1,0,2632,6,0x401153,TEST,1,NonLeaf,r12(-1) r12(-1) ,rflags ,TEST,3,CALL_NEAR,5,XOR,2,MOV,5,MOV,3,CMP,5,JZ,6,MOV,5,MOV,3,CALL_NEAR,5,0,1,0,0,0,JMP,0,0,1,0,0,0,JE,0,0,4198739,4201374,4198748,0,0,1,0,cpp,2.6146143290300536e-11,0.0,0,0,0
0x401123,JZ,1,1,2559,6,0x401120,TEST,1,NonLeaf,r13(-1) r13(-1) ,rflags ,TEST,3,CALL_NEAR,5,LEA,8,MOV,7,CALL_NEAR,5,MOV,5,MOV,3,CALL_NEAR,5,TEST,3,MOV,5,0,1,0,0,0,JMP,0,0,1,0,0,0,CALL,0,1,4198688,4201250,4198697,0,0,1,1,cpp,2.6146143290300536e-11,1.0,1,0,1
0x40107a,JS,1,0,2742,6,0x401078,TEST,1,NonLeaf,esi(MOV) esi(MOV) ,rflags ,TEST,2,MOV,4,CALL_NEAR,5,MOV,3,JNZ,6,MOV,5,XOR,2,CALL_NEAR,5,MOV,8,MOV,7,0,1,0,0,0,CALL,0,1,1,0,0,0,CALL,0,1,4198516,4201264,4198528,0,0,1,1,cpp,2.6146143290300536e-11,0.0,0,0,0
0x401066,JNZ,1,0,3177,6,0x401064,TEST,1,NonLeaf,eax(-1) eax(-1) ,rflags ,TEST,2,CALL_NEAR,5,MOV,3,LEA,5,LEA,8,MOV,3,CALL_NEAR,5,MOV,4,TEST,2,JS,6,0,0,0,0,0,CALL,0,1,1,1,0,0,CALL,0,1,4198500,4201679,4198508,0,0,1,1,cpp,2.6146143290300536e-11,0.0,0,0,0
0x40103f,JNZ,1,0,3288,6,0x40103d,TEST,1,NonLeaf,eax(-1) eax(-1) ,rflags ,TEST,2,CALL_NEAR,5,MOV,3,LEA,8,LEA,5,LEA,5,CALL_NEAR,5,LEA,8,LEA,5,MOV,3,0,1,0,0,0,CALL,0,1,1,1,0,0,CALL,0,1,4198461,4201751,4198469,0,0,1,1,cpp,2.6146143290300536e-11,0.0,0,0,0
0x400fef,JNZ,1,0,3432,6,0x400fed,TEST,1,NonLeaf,eax(-1) eax(-1) ,rflags ,TEST,2,CALL_NEAR,5,MOV,3,LEA,5,CALL_NEAR,5,LEA,5,LEA,5,LEA,8,CALL_NEAR,5,LEA,8,0,1,0,0,0,CALL,0,1,1,0,0,0,CALL,0,1,4198381,4201815,4198389,0,0,1,1,cpp,2.6146143290300536e-11,0.0,0,0,0
0x400fd0,JNZ,1,0,3282,6,0x400fce,TEST,1,NonLeaf,eax(-1) eax(-1) ,rflags ,TEST,2,CALL_NEAR,5,MOV,3,LEA,5,CALL_NEAR,5,LEA,5,CALL_NEAR,5,LEA,5,MOV,3,CALL_NEAR,5,0,1,0,0,0,CALL,0,1,1,1,0,0,CALL,0,1,4198350,4201634,4198358,0,0,1,1,cpp,2.6146143290300536e-11,0.0,0,0,0
0x400fb1,JNZ,1,0,3338,6,0x400faf,TEST,1,NonLeaf,eax(-1) eax(-1) ,rflags ,TEST,2,CALL_NEAR,5,MOV,3,LEA,8,CALL_NEAR,5,LEA,5,CALL_NEAR,5,LEA,5,MOV,3,CALL_NEAR,5,0,1,0,0,0,CALL,0,1,1,1,0,0,CALL,0,1,4198319,4201659,4198327,0,0,1,1,cpp,2.6146143290300536e-11,0.0,0,0,0
0x400f8c,JZ,1,0,3297,6,0x400f86,TEST,1,NonLeaf,rax(-1) rax(-1) ,rflags ,MOV,3,TEST,3,CALL_NEAR,5,MOV,3,MOV,5,LEA,8,CALL_NEAR,5,LEA,8,MOV,3,CALL_NEAR,5,0,0,0,0,0,CALL,0,1,1,1,0,0,CALL,0,1,4198278,4201581,4198290,0,0,1,1,cpp,2.6146143290300536e-11,0.0,0,0,0
0x400f73,JZ,1,0,3154,6,0x400f70,TEST,1,NonLeaf,rbp(-1) rbp(-1) ,rflags ,TEST,3,JNZ,2,CMP,3,ADD,4,MOV,3,MOV,5,MOV,3,CALL_NEAR,5,TEST,3,MOV,3,0,0,0,0,0,CALL,0,1,1,1,0,0,CALL,0,1,4198256,4201413,4198265,0,0,1,1,cpp,2.6146143290300536e-11,0.0,0,0,0
0x400f6e,JNZ,1,1,-50,2,0x400f6b,CMP,1,NonLeaf,rbx(ADD) r15(-1) ,rflags ,CMP,3,ADD,4,MOV,3,JNZ,6,CMPSB,2,TEST,3,JZ,6,MOV,5,MOV,3,CALL_NEAR,5,0,0,0,1,1,MOV,0,0,0,0,0,0,JE,1,0,4198244,4198204,4198256,0,0,0,0,cpp,2.6146143290300536e-11,1.0,1,1,1
0x400f5e,JNZ,2,1,2882,6,0x400f5c,CMPSB,0,NonLeaf,rsi(-1) rdi(-1) rcx(-1) rflags(-1) ,rsi rdi rcx rflags ,CMPSB,2,MOV,3,MOV,5,MOV,5,JZ,2,MOV,3,ADD,4,CMP,3,JNZ,2,TEST,3,0,1,0,0,0,MOV,0,0,1,0,0,0,JNE,0,0,4198238,4201120,4198244,0,0,0,0,cpp,5.2292286580601066e-11,0.5,0,0,0
0x400f4d,JZ,3,1,-29,2,0x400f4b,CMPSB,0,NonLeaf,rsi(-1) rdi(-1) rcx(-1) rflags(-1) ,rsi rdi rcx rflags ,CMPSB,2,MOV,3,MOV,3,MOV,5,MOV,4,MOV,5,MOV,5,MOV,3,CMPSB,2,JNZ,6,0,1,0,0,0,MOV,0,0,1,0,0,0,MOV,0,0,4198221,4198192,4198223,0,0,0,0,cpp,7.843842987090161e-11,0.3333333333333333,0,0,0
0x400f3a,JZ,2,1,54,2,0x400f37,CMP,1,NonLeaf,rbx(ADD) r15(-1) ,rflags ,CMP,3,ADD,4,MOV,3,NOP,8,JMP,2,MOV,4,MOV,5,MOV,3,MOV,3,CMPSB,2,0,0,0,0,0,JE,1,0,0,0,1,1,MOV,0,0,4198195,4198256,4198204,0,0,0,0,cpp,5.2292286580601066e-11,0.5,0,0,0
0x400efb,JLE,1,0,3274,6,0x400ef8,CMP,1,NonLeaf,edi(-1) ,rflags ,CMP,3,JZ,6,MOV,8,MOV,5,TEST,4,MOV,5,SUB,3,XOR,3,SHR,2,XOR,3,0,1,0,0,0,CALL,1,1,1,1,0,0,JMP,0,0,4198136,4201413,4198145,0,1,1,0,cpp,2.6146143290300536e-11,0.0,0,0,0
0x400ef2,JZ,1,0,3486,6,0x400ee1,TEST,1,NonLeaf,dil(-1) ,rflags ,MOV,8,MOV,5,TEST,4,SUB,7,PUSH,1,CMP,3,JLE,6,MOV,5,SUB,3,XOR,3,0,1,0,0,0,CALL,1,1,1,1,0,0,JLE,0,0,4198096,4201616,4198136,0,0,1,0,cpp,2.6146143290300536e-11,0.0,0,0,0
0x400e4a,JZ,1,1,19,2,0x400e47,TEST,1,Leaf,rax(MOV) rax(MOV) ,rflags ,TEST,3,MOV,7,INVALID,0,INVALID,0,INVALID,0,MOV,5,MOV,5,MOV,3,CMPSB,2,JNZ,2,0,1,0,0,0,RET,1,0,1,0,0,0,MOV,0,0,4197952,4197981,4197964,0,0,0,0,cpp,2.6146143290300536e-11,1.0,1,0,1
0x5e8e1c,JLE,12870,9934,-1025,6,0x5e8e19,CMP,1,NonLeaf,eax(-1) ,rflags ,CMP,3,JNZ,6,TEST,3,NOP,5,JMP,2,MOV,2,AND,3,OR,3,TEST,2,JZ,6,0,0,1,0,0,JG,0,0,1,0,0,0,OR,0,0,6196761,6195739,6196770,0,0,0,0,cpp,3.365008641461679e-07,0.7718725718725719,1,0,1
0x5e8d99,JBE,12870,0,412,6,0x5e8d8f,CMP,1,NonLeaf,r15(-1) r14(-1) ,rflags ,MOV,7,CMP,3,ADD,3,MOV,7,AND,8,MOV,7,MOV,7,MOV,7,MOV,6,MOV,7,0,0,1,0,0,JNE,0,0,1,0,0,0,JMP,0,0,6196613,6197045,6196639,0,1,0,1,cpp,3.365008641461679e-07,0.0,0,0,0
0x5e8c8f,JNZ,12870,0,2147,6,0x5e8c8d,TEST,1,NonLeaf,eax(MOV) eax(MOV) ,rflags ,TEST,2,MOV,6,JZ,6,CMP,6,JNZ,2,TEST,6,MOV,11,JZ,2,MOV,7,MOV,4,0,1,0,0,0,JMP,0,0,1,0,0,0,JE,0,0,6196359,6198514,6196373,0,0,1,1,cpp,3.365008641461679e-07,0.0,0,0,0
0x5e8c81,JZ,12870,0,3951,6,0x5e8c7b,CMP,1,NonLeaf,r12(-1) ,rflags ,CMP,6,JNZ,2,TEST,2,ADD,4,MOVZX,6,MOV,6,TEST,2,JNZ,6,TEST,6,MOV,11,0,1,0,0,0,JLE,0,0,0,0,0,0,JNE,0,0,6196347,6200304,6196359,0,0,0,0,cpp,3.365008641461679e-07,0.0,0,0,0
0x4003ae,JZ,1,1,7,2,0x4003ab,TEST,1,NonLeaf,rax(MOV) rax(MOV) ,rflags ,TEST,3,MOV,7,SUB,4,INVALID,0,INVALID,0,CALL_NEAR,5,ADD,4,RET_NEAR,1,INVALID,0,INVALID,0,0,1,1,0,0,RET,0,0,1,0,0,0,CALL,0,1,4195232,4195253,4195248,0,0,0,1,cpp,2.6146143290300536e-11,1.0,1,0,1
